UniqueCount	AmbigCount
0	0
0	0
0	0
0	0
0	0
0	0
0	0
0	0
0	0
0	0
0	0
0	0
0	0
0	0
0	0
0	0
0	0
0	0
0	0
0	0
0	3
0	3
0	0
0	0
1	7
0	0
1	6
1	0
0	6
0	6
0	0
0	6
0	6
0	5
0	0
0	0
10	2
9	2
0	7
4	9
1	8
6	10
0	32
16	0
4	22
0	22
2	12
1	3
0	3
13	1
0	0
0	10
0	10
9	0
0	3
0	3
3	11
0	9
5	10
0	10
11	20
0	20
25	0
2	17
0	9
0	35
0	12
18	1
10	0
70	6
0	3
0	24
0	12
0	12
5	8
1	18
0	18
8	5
19	2
0	27
2	8
0	14
0	14
0	1
0	0
0	9
3	42
0	3
12	10
1	0
2	8
0	8
2	1
0	1
5	5
0	5
0	0
2	1
0	6
0	6
4	5
0	2
0	2
0	2
2	2
0	7
0	25
0	25
19	4
0	32
0	0
0	6
0	6
1	1
6	0
0	8
0	7
0	27
0	1
0	3
0	6
16	6
2	16
0	16
0	0
1	8
0	0
0	12
1	1
10	0
1	4
0	0
0	0
4	0
0	8
0	6
0	2
1	7
7	0
0	0
0	0
0	3
0	3
6	0
0	0
0	15
0	15
1	4
0	4
0	4
4	0
10	0
1	1
0	3
0	3
3	0
3	0
0	0
0	0
0	0
0	0
5	0
1	0
22	0
109	0
10	0
7	0
0	0
1	0
0	3
0	3
9	0
13	0
3	0
0	0
2	0
12	0
10	0
3	0
3	0
0	2
0	2
0	4
0	4
0	0
0	0
1	0
0	3
0	3
33	15
0	15
34	1
3	0
6	0
4	0
16	1
23	0
13	7
21	0
19	16
0	23
0	9
9	9
0	23
0	63
5	63
13	0
0	4
25	4
0	4
26	20
6	5
0	2
9	5
13	25
10	13
0	0
17	4
67	6
92	18
0	38
0	38
3	39
0	42
0	58
0	16
0	13
0	1
0	12
0	2
0	9
0	13
7	59
0	16
77	17
0	39
2	0
5	0
0	39
2	16
0	16
0	8
0	8
0	8
0	3
0	8
0	8
25	0
0	10
0	10
0	10
8	9
12	14
0	10
35	16
0	16
19	48
0	18
3	14
0	14
14	37
0	37
1	33
77	33
0	33
8	0
0	28
14	121
43	37
2	58
0	36
0	63
0	30
3	5
0	61
9	61
1	0
5	193
0	78
6	34
0	28
0	34
0	3
0	3
0	21
12	17
0	0
0	0
1	0
1	5
20	0
28	2
20	0
24	0
6	29
0	29
22	13
8	0
48	0
1	0
9	3
13	0
8	1
39	6
1	16
0	16
0	22
0	19
9	0
15	247
0	37
0	28
0	37
0	28
0	29
0	28
0	27
0	9
0	9
0	36
60	30
0	30
1	13
0	70
0	70
40	91
2	70
0	31
8	0
4	0
0	0
16	0
1	0
0	11
0	11
3	128
0	0
0	0
12	74
0	44
33	11
19	0
1	16
0	16
8	20
0	3
0	54
0	54
2	54
0	34
14	52
0	36
0	88
0	88
0	91
0	2
6	3
23	20
0	23
0	1
3	2
0	0
19	2
0	91
0	8
0	8
10	0
19	7
82	137
7	0
0	0
1	2
1	3
0	2
33	1
16	0
0	18
1	18
17	17
0	0
0	0
0	0
0	0
0	0
0	0
0	0
0	0
0	0
0	0
0	0
0	0
0	0
0	0
0	0
0	0
0	0
0	0
3	17
0	17
0	11
2	11
11	12
5	12
0	11
20	11
17	13
8	13
16	13
0	13
4	36
10	36
47	45
22	45
11	8
16	0
6	0
0	35
16	35
45	0
0	8
0	8
17	0
0	3
0	3
0	1
0	1
1	0
0	6
0	6
0	0
1	6
0	7
0	7
0	11
0	11
3	11
0	3
0	3
0	2
0	2
0	3
0	3
0	1
13	6
1	0
0	0
0	6
6	0
10	9
14	7
0	11
0	11
0	0
0	0
0	5
0	5
3	1
3	0
15	0
0	8
0	8
9	0
0	0
0	20
0	20
0	0
0	0
10	7
0	7
1	6
0	6
0	0
6	60
0	67
0	67
3	36
0	26
0	26
48	4
11	39
0	0
0	7
0	7
2	5
3	32
0	32
0	7
0	7
12	4
11	0
7	8
0	17
0	17
0	11
0	4
11	4
0	4
0	56
0	56
4	0
1	58
14	24
0	0
20	20
1	0
3	0
5	0
6	0
0	10
0	10
0	22
0	22
0	8
0	8
8	0
0	0
0	0
0	24
0	24
0	0
0	0
0	2
0	2
4	9
0	10
0	10
5	35
0	5
0	5
13	3
1	3
1	14
0	11
0	11
5	0
10	0
14	3
25	8
8	0
4	0
7	0
7	1
0	7
0	7
0	3
0	3
0	0
0	0
0	6
0	6
0	58
0	58
0	1
0	1
5	0
1	18
0	18
0	10
0	20
0	6
0	6
7	0
0	25
0	25
9	0
0	72
0	72
0	3
7	3
0	0
0	5
0	5
0	22
0	22
0	9
0	9
2	8
9	0
0	6
0	6
12	0
0	13
0	6
1	0
6	12
5	13
5	5
0	5
0	0
0	0
0	0
0	6
7	5
0	0
0	0
13	0
5	0
3	4
3	13
9	4
8	13
8	0
0	6
0	5
0	5
0	5
0	5
1	5
0	2
0	2
0	5
0	5
2	0
0	18
0	17
0	18
3	6
4	1
0	18
0	12
0	1
0	1
0	2
0	2
7	2
10	7
1	2
0	2
0	9
0	0
0	0
0	0
5	9
0	0
3	8
4	9
0	9
0	4
0	4
0	2
17	4
0	0
1	9
0	9
0	0
0	0
0	8
0	8
1	0
0	9
0	9
0	7
0	7
0	10
0	10
0	32
0	32
6	23
4	26
0	26
0	7
0	7
19	23
12	6
0	12
0	12
2	0
1	0
0	0
1	0
6	0
5	13
0	7
0	7
0	16
0	16
40	7
0	0
0	10
0	10
1	0
0	0
0	10
0	10
0	5
0	0
0	0
0	0
0	0
0	3
1	0
0	0
0	0
0	0
0	0
2	0
0	3
0	0
0	0
0	0
0	18
3	7
0	0
8	15
0	0
0	0
0	20
0	13
0	13
0	0
1	6
0	11
0	11
6	1
0	23
0	2
0	2
0	4
0	0
0	0
0	0
0	0
3	10
4	0
0	0
0	0
13	20
0	1
0	0
0	0
0	0
0	0
0	0
0	0
0	0
0	0
0	0
0	0
0	0
0	0
0	0
0	0
0	0
0	0
0	0
0	0
0	0
0	0
0	0
0	0
0	0
0	0
0	0
0	0
0	0
0	0
0	0
0	0
0	0
0	0
0	0
0	0
0	0
0	0
0	0
0	0
0	0
0	0
0	0
0	0
0	0
0	0
0	0
0	0
0	0
0	0
0	0
0	0
0	0
0	0
0	0
0	0
0	0
0	0
0	0
0	0
0	0
0	0
0	0
0	0
0	0
0	0
0	0
0	0
0	0
0	0
0	0
0	0
0	0
0	0
0	0
0	0
0	0
0	0
179258	205
54561	66
272159	9055
90221	109713
28	37830
585	35814
44	123293
789	89761
11156	11
71	104311
172677	104519
143658	4468
151322	7
13	0
0	6
0	6
0	0
4	6
0	0
0	0
0	0
0	0
0	1
0	1
0	0
1	0
40	80
0	10
7	13
1	11
0	57
505	113
0	84
0	68
0	38
48	61
0	36
0	15
0	61
0	75
0	17
0	3
0	9
0	6
0	0
55	21
0	0
0	4
0	70
12	0
0	5
0	0
0	5
74	32
12	38
10	1
3	18
15	0
0	0
0	51
0	102
1	102
192	0
53	37
0	37
66	46
13	81
0	4
2	9
0	8
6	8
0	32
16	0
0	86
0	29
0	1
46	86
0	25
77	25
0	15
0	15
0	11
4	7
10	7
0	7
1	1
9	5
12	4
6	4
0	4
2	11
20939	9330
113	16
0	16
0	16
22	91
0	49
6	0
0	58
0	81
0	4
0	4
207	106
0	8
0	8
20	0
12	84
0	145
60	145
40	42
6	0
13	1
0	31
7	0
0	2
0	0
0	2
0	21
22	0
67	20
0	122
0	53
0	115
3	13
7	30
0	30
0	30
0	30
4	6
0	0
8	4
0	24
0	24
0	5
13	26
10	26
3	19
0	32
0	0
0	0
0	102
31	81
0	2
0	0
0	6
7	22
9	0
16	149
0	149
19	78
55	0
0	4
0	113
3	3
0	0
0	19
0	23
0	26
5	38
4	38
6	0
0	20
0	22
15	22
0	7
0	14
0	4
0	9
13	11
0	9
0	6
0	7
1	14
0	4
93	74
8	26
0	38
0	64
148	6
6	4
0	1
2	0
0	2
0	6
0	6
8	19
0	19
0	1
0	1
0	1
0	0
1	0
0	0
0	0
2	0
0	0
3	0
0	0
0	0
0	0
0	0
9	3
0	3
42	0
0	51
0	34
0	51
0	0
0	33
2	33
0	11
0	0
6	5
0	27
105	48
0	0
0	8
0	20
344	39
0	17
0	38
0	0
91	39
54	40
8	3
74	225
0	54
0	2
0	33
3	16
0	16
0	33
0	14
5	19
36	40
0	8
6	32
1	3
226	3
146	22
17	34
11	34
70	0
8	22
0	0
0	1
24	22
7	0
26	63
7	7
16	195
45	11
0	193
0	1
116	0
8	0
2	13
0	9
0	5
0	18
12	19
0	5
1	5
0	9
0	4
0	4
3	4
28	10
0	54
0	54
0	41
194	193
0	479
0	479
14	0
4	1
99	62
0	36
0	62
1	0
0	172
0	172
0	37
14	50
40	53
0	8
28	2
54	82
186	113
0	14
211	5
0	13
0	3
3	20
0	3
1	6
4	0
0	0
0	1
111	0
7	0
0	6
0	6
1	6
13	6
0	6
0	6
0	6
0	0
0	0
69	42
0	42
0	27
3	4
0	11
0	1
0	11
15	11
0	11
0	10
0	9
0	58
4	58
8	9
0	52
0	13
15	11
0	11
182	27
10	2
0	2
0	8
0	25
0	1
16	11
6	8
32	42
0	1
169	29
0	1
0	31
0	31
0	31
0	6
0	4
0	4
0	8
0	23
0	17
0	29
0	29
0	45
0	45
0	3
18	17
0	4
0	17
0	6
84	50
0	2
0	1
0	0
0	1
0	49
22	0
11	138
0	138
20	97
144	102
0	10
0	191
11	0
0	7
7	4
42	84
0	191
7	0
7	8
0	61
0	8
18	53
0	53
12	53
177	18
25	14
253	0
19	17
4	13
0	8
133	0
0	40
3	4
4	6
0	3
0	33
0	6
16	40
279	0
40	1
74	9
5	0
13	0
67	71
90	4
0	0
0	4
17	4
46	84
0	83
3	0
16	6
30	53
15	0
0	1
7	23
0	11
0	16
0	2
0	2
0	34
0	7
111	50
3	16
0	46
0	12
0	7
13	4
0	4
1	30
0	10
0	1
1	0
2	4
0	0
0	0
0	1
0	1
1	4
0	4
3	27
0	27
0	27
0	27
236	0
141	105
68	111
4	88
0	8
12	39
0	38
0	38
0	37
0	40
0	26
0	38
0	41
63	27
4	27
407	598
0	598
16	147
0	5
0	0
12	8
29	5
10	13
0	8
86	8
85	85
26	137
38	137
0	116
0	146
0	93
1	48
0	39
0	41
1	39
4	53
0	48
6	0
42	20
4	18
98	88
0	7
0	91
0	91
0	91
23	96
0	77
3	42
0	27
0	19
6	0
14	0
13	0
0	0
9	17
12	11
9	44
0	10
28	42
12	11
52	20
0	158
56	295
0	7
0	7
0	0
0	28
0	158
12	4
0	4
0	131
0	132
10	14
0	14
0	14
0	14
0	10
21	11
0	0
20	1
73	24
0	15
5	12
1	2
0	33
0	23
0	26
0	17
0	7
0	7
7	7
0	17
0	22
29	7
0	16
0	22
4	17
0	12
25	0
0	1
0	1
6	15
0	0
0	1
0	1
0	33
1	99
0	110
4	46
29	0
49	7
1	11
0	35
0	49
17	13
10	47
0	0
11	0
1	1
0	1
46	30
0	30
0	30
0	1
0	0
0	0
0	0
66	95
0	98
0	8
0	75
0	75
33	0
1	111
0	59
0	23
0	31
0	9
19	2
0	5
0	62
0	2
0	9
1	5
0	23
0	23
0	88
0	33
0	33
0	19
0	1
0	24
0	16
65	36
12	15
0	0
11	3
0	3
2	26
20	33
0	1
180	18
0	20
0	1
12	88
0	27
0	3
0	3
0	0
2	15
40	18
27	15
0	15
0	8
37	8
19	8
15	0
1	75
27	25
0	23
0	3
1	15
31	0
0	0
0	31
0	3
19	0
0	5
0	0
24	0
78	70
7	70
0	0
0	39
63	25
8	10
1	10
0	0
30	96
0	92
0	96
0	61
0	15
49	5
14	0
0	97
38	55
27	59
0	29
0	26
0	26
0	9
0	0
0	26
31	19
3	20
0	13
0	20
11	0
0	8
5	0
0	8
0	8
0	0
1	10
0	10
130	0
0	10
12	393
0	427
0	228
0	229
69	309
16	262
0	4
0	0
1	24
70	5
0	0
6	0
54	7
34	0
0	0
0	0
2	34
0	0
275	0
1	0
0	36
0	2
0	2
0	1
17	7
0	1
0	5
0	34
5	14
0	9
0	0
0	39
0	39
10	9
0	9
0	4
12	4
0	4
0	0
10	169
0	233
3	185
7	124
0	3
13	217
69	3
90	19
0	0
7	0
4	0
86	252
0	80
0	47
4	153
0	1
0	184
0	75
0	75
0	0
20	60
23	397
0	25
30	89
38	89
1	0
181	14
5	0
9	0
10	7
0	14
198	29
1	14
0	15
0	43
1	43
0	8
28	18
3	18
113	36
1	31
0	11
0	6
0	6
9	0
2	36
0	42
0	18
0	18
0	20
0	42
20	0
9	45
0	42
0	45
16	27
345	492
0	7
0	2
11	30
0	0
0	16
0	6
3	7
0	15
20	34
0	34
11	33
0	95
0	7
0	26
0	8
112	22
1	18
38	44
39	29
0	0
0	0
0	61
0	61
0	95
0	85
0	95
0	51
184	20
0	3
0	3
0	0
3	0
0	13
0	35
0	42
47	24
0	24
59	103
5	9
30	0
1	48
21	12
5	12
5	38
0	38
0	16
7	0
13	28
0	4
0	4
1	5
0	15
0	12
0	25
0	0
0	0
0	8
46	31
0	13
18	81
0	81
0	142
142	192
0	196
9	191
0	133
0	33
0	3
0	2
3	6
1	0
6	0
0	191
304	16
0	3
9	6
0	4
0	4
0	8
0	1
0	1
2	0
0	1
58	127
0	109
0	28
28	53
3	82
0	36
1	22
0	14
0	25
0	8
0	6
15	68
0	1
0	11
0	11
0	43
0	0
0	0
0	39
148	135
90	27
0	18
0	18
13	45
5	15
30	10
0	0
0	9
0	2
97	15
19	13
3	3
0	3
0	229
0	212
0	200
0	1
0	1
0	200
8	0
0	32
6	75
0	44
10	61
7	61
62	23
70	23
17	24
0	0
40	0
11	21
0	18
1	16
0	21
0	16
28	54
35	71
50	34
13	14
154	20
120	9
0	17
45	4
0	4
16	32
6	13
0	4
0	4
0	13
0	0
0	17
5	9
0	3
3	9
0	3
22	5
0	6
0	1
1	26
0	26
128	31
56	4
10	0
0	4
45	1
0	1
0	0
0	4
0	32
0	39
27	89
0	32
0	96
0	96
1	95
0	73
5	108
0	6
4	1
13	12
13	13
0	11
0	13
0	13
0	3
0	13
0	12
0	12
0	10
1	12
1	12
4	2
30	44
0	40
12	8
17	84
37	0
6	3
0	1
0	67
0	67
368	88
0	71
0	74
1	39
0	28
0	24
6	76
0	76
67	21
0	46
53	33
1	18
0	27
3	32
0	23
0	8
262	44
155	77
19	43
0	0
11	2
39	140
40	323
0	314
0	24
10	0
0	26
0	26
139	4
0	4
2	33
27	39
25	41
5	18
15	7
8	0
0	44
0	38
0	23
0	17
0	38
343	108
19	26
2	38
4	70
0	10
0	0
7	0
0	0
1	0
15	0
0	0
0	0
185	47
4	20
0	1
0	24
0	202
0	0
0	0
151	191
0	0
1	4
0	4
15	4
0	36
0	202
0	7
36	29
0	10
4	14
0	10
0	5
0	5
0	5
17	5
0	4
0	10
0	17
0	12
0	16
0	14
0	3
3	36
0	34
0	4
0	45
0	0
13	0
0	30
0	11
0	0
0	0
5	6
2	4
0	44
2	26
0	26
0	1
2	26
27	16
36	16
748	58
0	13
1	3
8	20
14	16
2	18
18	18
16	19
70	42
0	42
16	48
0	22
23	15
0	110
0	110
0	5
2	5
3	16
0	9
0	9
0	15
0	0
0	0
17	40
0	9
6	12
0	33
0	27
0	16
0	33
179	48
7	44
2	41
7	18
0	24
0	13
3	10
0	0
0	1
3	93
0	93
0	0
35	0
6	0
2	0
0	26
16	26
0	26
0	1
8	5
188	0
0	24
0	24
0	22
5	6
0	0
0	14
0	0
0	0
0	10
7	4
11	6
8	6
0	0
0	2
70	39
0	35
0	35
0	22
123	24
0	0
8	7
33	4
0	4
0	7
0	18
0	18
118	0
0	8
0	85
0	85
0	0
0	19
0	0
2	0
6	0
13	0
43	2
0	1
8	2
0	1
1	0
0	16
12	13
26	16
3	0
7	0
6	16
42	0
47	103
3	76
0	39
2	0
0	0
7	0
9	49
48	22
6	0
0	0
7	0
0	0
19	16
7	40
0	33
11	28
0	9
0	4
7	0
0	11
0	3
1	11
0	4
0	3
3	3
49	7
0	19
20	35
0	12
0	11
20	35
82	15
3	14
0	12
0	58
13	67
44	50
0	26
0	27
0	65
0	15
13	177
47	26
5	0
0	27
0	3
0	0
0	22
16	22
7	22
36	22
2	22
0	1
0	14
15	0
8	1
11	20
1	1
5	22
94	22
6	77
8	76
0	8
0	12
20	6
0	11
0	0
40	128
6	4
18	31
0	4
0	4
0	1
0	0
0	0
4	9
0	26
11	24
0	29
0	84
0	43
0	34
0	14
0	31
357	95
87	18
16	18
27	18
66	4
0	8
5	86
6	0
0	86
0	34
1	119
0	115
0	34
0	0
4	0
0	115
0	101
0	7
0	11
0	2
0	2
0	0
0	8
0	0
6	6
0	11
2	47
0	47
196	7
0	119
0	119
280	86
31	48
0	6
43	34
0	58
0	58
67	102
0	0
0	52
12	9
0	9
5	71
0	71
28	34
8	21
0	13
0	5
0	8
0	92
0	92
42	0
80	30
1	7
0	0
15	12
1	93
16	47
0	63
0	36
7	93
62	0
4	5
2	92
0	92
72	14
96	37
2	32
0	38
0	9
18	29
0	38
0	8
16	8
0	66
0	6
76	40
1	66
0	17
10	38
10	19
0	20
0	43
25	1
0	1
13	42
5	19
0	8
0	8
8	0
4	0
0	1
3	88
0	66
0	51
0	8
0	1
5	1
18	68
0	0
0	2
0	21
0	31
0	4
0	9
0	18
0	18
84	0
0	21
1	13
0	33
2	22
16	15
0	5
0	33
0	37
0	38
0	0
0	6
0	10
1	11
0	16
0	10
2	1
11	7
0	6
0	6
0	2
0	8
0	4
5	25
15	56
0	56
5	2
30	0
0	24
0	13
20	55
78	16
6	62
10	31
253	58
3	0
0	0
0	0
0	12
49	13
0	4
0	0
2	5
0	85
35	88
5	8
76	4
0	9
1	9
0	14
23	24
0	18
0	19
0	6
0	13
1	26
480	328
0	4
0	0
21	18
4	10
5	3
40	3
0	0
171	0
0	20
66	9
0	44
16	36
6	24
0	17
5	17
0	4
0	4
16	30
0	1
109	63
0	260
0	7
17	0
0	51
0	106
0	93
2	249
0	260
0	3
0	3
0	16
0	3
0	9
0	0
1	23
0	0
8	10
0	10
16	1
0	0
0	0
0	1
8	0
10	0
0	1
23	1
0	1
3	0
0	11
0	18
0	47
0	99
69	149
14	18
8	16
1	18
5	47
0	27
38	34
0	43
10	22
4	68
0	0
6	11
210	68
0	3
0	23
15	11
26	65
13	7
37	0
0	7
3	64
0	14
17	64
17	32
3	3
4	0
9	0
0	8
0	1
0	1
171	12
24	13
0	49
0	22
111	0
0	9
0	9
0	7
9	20
0	74
32	86
10	45
44	58
39	27
21	0
0	0
30	20
48	15
0	19
0	15
94	19
3	0
1	0
0	4
12	7
0	7
0	4
0	7
36	47
0	0
91	7
98	0
0	10
0	10
3	0
0	3
0	36
33	36
0	0
0	23
14	9
0	16
0	16
0	16
11	23
27	0
38	0
10	3
25	0
0	1
1	0
0	0
0	18
0	19
0	34
4	35
0	18
1	12
19	1
3	0
33	1
15	12
0	0
0	0
1	0
0	16
0	12
35	12
0	12
143	13
10	22
0	18
0	0
3	14
25	0
0	19
3	19
0	52
6	28
0	0
0	48
0	53
0	0
0	47
0	47
14	33
0	0
249	14
8	7
0	1
6	8
0	2
0	1
0	1
0	4
0	0
0	6
0	4
0	18
8	4
0	18
0	6
4	16
0	24
0	11
14	32
1	21
6	15
0	11
0	15
0	11
0	11
0	11
20	4
0	5
17	5
0	5
1	3
0	3
0	0
12	31
65	37
4	3
0	35
0	37
0	4
112	4
219	0
9	0
34	76
21	55
40	2
0	179
0	189
0	189
17	94
9	68
3	178
7	65
1	10
13	8
0	0
0	179
108	86
0	24
4	0
96	182
7	47
30	47
0	47
0	14
8	14
4	67
0	4
0	4
0	24
3	24
149	0
45	16
171	16
245	35
0	24
3	15
59	1
45	12
0	13
32	111
0	21
0	127
11	116
0	1
33	31
0	46
0	46
0	22
7	22
0	22
0	22
3	0
0	22
0	6
9	11
21	4
0	8
89	0
399	0
1	86
0	101
0	101
0	34
0	84
0	97
24	47
0	8
0	0
1	13
0	0
1	29
0	18
0	39
0	23
0	14
0	23
0	23
0	23
0	20
0	1
0	0
3	11
0	1
3	1
70	119
0	119
0	17
0	3
8	17
0	16
0	96
61	1
0	1
0	60
0	60
0	53
0	59
0	46
0	46
0	31
0	53
0	53
0	31
0	25
8	1
5	5
8	0
34	0
0	96
0	35
0	35
0	34
0	34
0	34
18	40
0	73
23	41
18	63
5	5
0	48
18	3
7	0
28	43
1	11
0	41
9	27
0	11
0	14
11	171
8	7
7	56
29	0
0	126
0	0
0	171
0	221
0	52
0	21
0	21
0	0
0	1
11	38
0	7
24	167
47	5
15	3
17	167
0	17
5	12
1	11
0	11
0	9
0	5
8	42
12	48
0	42
145	68
0	41
0	0
1	7
0	1
1	7
0	19
17	3
2	89
23	50
10	46
0	24
29	0
76	0
32	118
20	115
0	113
0	54
0	0
3	8
0	12
4	15
0	0
0	0
0	0
0	0
0	0
17	21
10	25
0	2
119	14
2	9
1	9
47	105
32	5
0	160
0	160
0	102
4	79
0	95
0	95
0	10
0	4
12	11
0	2
25	27
0	5
0	1
49	10
57	8
1	70
0	47
0	47
0	56
0	56
0	47
1	20
0	41
0	41
1	3
1	0
7	0
2	0
21	0
2	0
0	4
0	4
15	0
17	13
0	62
0	62
16	31
0	25
0	22
15	0
6	35
0	20
0	5
1	30
12	27
0	26
0	22
272	703
3	10
10	109
13	30
0	35
0	35
0	35
196	25
0	19
0	15
50	5
0	8
48	61
0	0
0	8
0	19
11	0
13	0
0	30
0	33
0	6
2	6
27	32
0	32
23	89
0	27
0	19
0	41
8	38
0	0
0	26
36	17
0	0
49	41
6	16
0	118
0	43
0	17
3	6
43	0
0	4
0	43
0	118
0	3
43	1
0	3
0	6
0	0
3	1
0	1
0	0
0	6
7	0
0	0
5	0
0	4
0	2
0	0
10	60
125	133
202	86
0	86
58	0
25	6
11	0
0	0
0	84
0	11
2	19
0	74
0	39
8	39
0	0
0	0
13	8
25	11
60	11
1	11
92	36
0	32
5	8
23	26
17	24
0	10
0	10
72	4
0	80
0	26
0	20
11	0
29	4
28	46
1	25
0	5
0	6
15	21
11	2
25	16
20	0
17	25
0	12
0	14
0	12
0	10
1	4
12	4
0	58
30	58
3	29
0	18
0	1
61	52
0	1
0	47
1	51
0	5
0	36
0	14
0	92
2	94
35	71
0	85
6	18
0	3
6	0
10	0
8	23
1	9
0	2
0	108
9	106
0	4
9	46
1	5
0	50
0	49
34	26
0	14
0	39
0	19
0	30
0	2
13	13
0	54
0	5
0	5
5	4
10	54
49	19
0	14
0	5
14	0
0	0
48	50
0	22
32	329
17	11
0	23
3	0
4	6
109	35
0	17
0	23
0	23
6	35
0	29
0	11
0	17
0	35
0	29
7	12
0	15
17	0
0	0
0	6
0	6
8	53
0	51
0	53
106	13
0	35
0	20
76	57
5	41
0	41
20	20
80	23
37	26
6	163
0	124
40	0
34	18
14	37
0	95
0	55
0	119
0	71
0	82
0	56
0	98
46	54
0	21
5	48
0	147
0	75
15	27
0	68
0	53
373	0
0	7
0	7
0	43
0	16
18	82
0	13
0	12
0	16
0	20
0	4
5	4
0	0
0	20
0	20
0	0
0	0
5	0
5	4
0	9
0	7
20	9
3	30
1	44
0	44
34	27
11	7
0	17
0	0
31	22
0	37
0	32
4	22
5	47
0	47
38	94
0	93
0	16
0	93
21	168
0	54
0	168
43	15
0	0
0	162
0	153
18	32
0	24
0	30
8	0
32	7
0	43
0	68
0	43
41	67
0	43
0	44
0	16
58	11
0	7
0	92
5	92
37	0
2	3
0	3
0	3
0	3
0	3
0	3
117	3
3	0
0	282
0	31
7	325
7	20
0	45
0	30
127	25
2	8
0	30
38	60
59	120
0	16
0	77
0	0
0	3
74	2
0	32
32	87
0	111
0	87
11	0
18	23
1	7
1	7
7	5
0	5
0	90
0	111
25	107
0	18
0	15
26	107
4	15
5	10
14	74
0	0
0	63
0	63
23	1
0	27
11	0
0	51
0	51
0	0
0	0
0	1
0	50
19	0
0	1
5	0
241	13
2	13
128	17
0	8
0	41
0	6
0	50
5	15
1	1
9	13
0	6
0	7
0	11
0	183
0	183
11	35
0	14
52	61
0	16
4	31
0	50
0	31
0	26
0	3
0	26
0	29
0	6
0	0
14	2
1	3
16	12
6	19
4	13
26	16
0	9
15	19
0	8
0	7
81	23
0	2
6	9
51	13
0	4
0	0
0	0
0	3
0	3
0	250
23	0
9	18
0	18
0	13
0	250
0	52
0	25
0	46
86	62
0	12
4	0
0	6
54	87
0	87
2	7
0	77
0	68
0	13
10	11
25	0
5	21
0	0
3	0
1	3
2	5
0	24
66	0
32	15
0	83
0	48
58	364
0	364
0	4
6	102
24	1
0	85
68	51
0	14
0	13
249	2
0	47
0	32
10	74
8	15
0	140
0	1
0	0
3	124
0	0
0	5
0	10
7	10
1	0
30	7
3	0
0	5
0	5
51	0
83	48
0	32
6	6
10	22
56	45
10	1
19	23
0	25
0	0
10	25
15	93
16	0
129	0
34	16
0	97
7	68
0	2
6	2
57	52
1	8
1	29
0	21
10	143
0	5
7	0
52	96
0	3
0	0
1	3
0	3
0	3
0	0
7	2
0	0
0	2
13	102
6	102
4	5
0	0
0	18
0	15
0	7
0	18
0	18
0	14
38	198
0	11
0	7
0	58
0	51
0	9
0	15
0	7
0	1
0	17
9	19
0	4
20	6
10	10
1	134
3	148
25	161
0	49
0	39
0	77
0	16
0	72
103	9
9	0
0	9
53	0
0	0
2	32
0	43
69	51
13	26
3	13
6	17
0	10
0	10
0	10
0	18
0	155
38	155
0	36
0	5
79	57
0	54
72	44
35	0
0	81
0	60
146	94
0	38
0	28
0	11
0	80
101	107
10	14
0	14
0	7
3	4
0	11
0	88
0	89
2	47
7	136
0	105
0	50
80	50
0	3
0	33
0	33
5	0
34	33
0	21
0	5
23	0
8	49
0	49
0	56
1	56
88	93
2	1
18	38
2	63
1	73
24	44
6	52
0	0
51	117
0	7
0	4
0	40
2	41
0	21
0	0
57	28
0	6
0	1
0	1
0	1
14	4
0	87
0	13
9	55
0	0
0	0
0	26
0	71
0	26
14	6
0	6
38	43
57	41
0	29
2	30
45	14
57	146
5	4
0	115
0	142
17	0
0	82
0	113
0	3
0	3
0	4
0	8
0	1
0	7
9	7
0	19
49	7
0	7
24	17
0	1
0	7
0	41
122	101
0	100
0	7
60	51
0	7
0	7
21	0
176	77
0	23
25	23
0	23
0	15
6	15
0	0
0	0
256	20
47	29
28	17
1	38
13	38
36	37
268	12
0	85
0	87
6	15
11	90
0	2
0	14
0	21
26	38
0	0
0	0
3	4
0	4
0	97
0	97
0	53
0	27
0	20
3	6
0	4
28	0
55	18
22	45
0	56
0	17
0	19
7	30
0	12
11	76
1	56
21	0
41	71
0	9
12	9
87	0
15	0
27	19
15	80
5	80
0	80
0	6
0	6
0	299
109	457
0	392
0	8
1	8
2	8
0	8
0	8
0	0
2	74
0	16
0	85
0	22
0	66
0	22
0	128
0	80
0	124
0	96
0	37
0	1
0	48
0	22
0	1
0	26
9	72
0	30
18	62
0	29
0	16
0	16
45	48
0	40
0	40
0	40
0	65
0	40
84	65
0	35
0	23
0	10
5	6
12	11
0	4
0	4
0	4
0	4
0	4
0	4
0	4
8	7
0	48
5	2
0	2
0	2
0	0
51	11
0	4
0	0
3	11
0	623
36	621
54	7
5	71
0	99
28	0
19	1
5	74
0	74
43	16
0	0
0	8
8	14
0	14
32	465
0	77
0	27
0	81
5	88
65	20
0	50
0	16
0	66
7	8
0	8
0	16
0	159
24	16
0	16
0	14
0	78
0	75
0	40
22	15
17	0
0	0
0	0
20	130
0	115
7	31
114	115
0	15
0	0
0	58
0	58
0	8
32	33
0	2
10	0
0	33
0	0
0	0
244	0
95	25
0	7
0	7
1	6
0	7
0	7
0	7
0	7
12	24
0	1
4	1
0	2
76	35
0	2
0	10
0	0
2	0
1	0
0	90
0	90
0	2
0	7
0	0
0	7
0	2
0	37
0	37
0	37
0	5
34	23
0	49
0	49
0	6
0	32
0	35
0	88
3	94
0	11
32	68
0	15
0	56
0	56
1	7
3	0
0	0
0	25
24	0
0	7
0	0
0	7
0	0
27	1
41	100
0	55
0	95
28	86
17	13
0	13
0	0
0	15
0	37
0	56
21	56
0	37
0	37
422	76
0	168
0	148
0	111
22	34
0	34
0	20
1	0
0	97
7	5
0	97
246	0
0	5
0	97
90	121
2	103
0	100
0	100
0	44
0	11
0	10
2	58
14	69
0	58
0	58
0	50
0	9
0	8
0	9
4	0
0	16
0	1
0	11
0	25
6	203
22	203
25	203
0	203
0	212
0	205
0	227
0	203
0	67
0	33
0	16
0	11
10	7
0	7
0	2
0	0
61	0
0	203
0	212
0	227
0	203
0	207
0	195
28	1
0	5
2	16
0	1
0	1
0	1
0	199
9	3
223	109
24	20
0	18
0	2
0	0
0	2
0	3
5	4
15	2
0	83
77	67
0	125
261	43
0	74
0	64
4	8
0	14
0	61
33	132
83	0
24	21
0	21
0	0
31	4
0	4
22	14
25	29
0	13
7	35
0	23
19	24
0	3
8	28
25	39
0	7
14	45
0	14
45	39
12	0
14	0
9	75
0	63
6	81
0	9
0	7
16	21
0	23
0	25
15	24
15	0
1	24
0	28
0	3
0	40
19	67
0	84
0	78
0	77
0	77
0	71
0	84
6	5
37	9
2	7
19	5
0	7
57	16
0	12
1	12
0	4
0	10
0	20
0	20
0	20
0	0
7	97
0	99
0	99
0	93
0	18
0	18
0	17
18	2
0	20
0	18
0	5
8	23
13	24
1	252
0	252
0	50
0	50
0	50
0	50
0	24
20	21
43	9
0	21
76	0
109	0
0	0
4	109
115	109
5	8
10	4
3	4
0	0
0	19
0	19
13	19
53	19
2	26
7	0
1	10
0	4
0	1
56	69
58	68
1	33
0	7
0	1
0	69
33	0
90	0
3	158
0	158
0	34
0	0
27	0
20	34
8	7
0	4
22	35
0	35
3	35
0	10
0	3
0	13
4	13
0	0
10	0
0	41
0	41
0	41
0	1
1	23
22	23
8	32
0	0
0	18
90	88
20	13
0	13
0	75
0	84
0	2
0	2
0	2
0	41
26	68
0	1
2	0
0	1
6	7
8	0
92	64
0	32
9	11
1	7
0	22
0	4
1	0
0	2
0	2
0	52
0	46
10	20
55	66
1	52
0	52
94	2
0	2
28	1
63	0
17	185
0	185
0	50
0	30
19	14
0	39
0	39
0	7
0	88
89	88
0	19
0	17
2	9
109	71
0	49
3	34
0	65
6	0
20	0
133	0
3	126
0	116
0	116
0	0
9	5
0	5
0	47
0	47
7	21
6	14
0	14
3	0
10	28
0	18
0	14
5	0
0	4
0	4
4	0
0	0
6	0
39	0
52	1
0	6
0	10
0	16
84	23
306	56
0	0
0	30
0	8
8	7
0	5
2273	3722
56	0
39	64
0	64
1	61
0	61
5	0
8	6
59	22
17	30
53	4
0	13
0	13
0	0
0	12
0	12
0	6
96	4
11	0
282	181
4	3
196	60
0	2
3	2
0	2
23	5
0	5
8	2
5	0
11	54
0	72
0	71
0	0
4	56
0	25
0	10
0	0
0	17
0	35
0	32
0	39
0	39
0	25
0	24
0	35
4	9
10	26
0	24
0	19
0	25
101	0
49	0
6	18
18	18
26	0
40	33
48	33
166	1
57	3
0	3
0	0
0	0
24	0
3	11
64	85
44	63
0	6
16	13
0	52
0	20
9	40
30	128
0	109
0	3
0	0
81	104
15	33
0	33
49	3
1	3
25	0
30	38
0	1
51	8
0	0
0	4
13	4
41	75
10	51
0	51
24	51
0	15
8	0
0	0
0	1
0	0
0	1
0	41
0	41
18	4
0	39
0	37
0	37
0	2
0	2
1	0
0	19
2	11
0	2
0	0
0	0
0	20
0	20
0	33
2	31
0	18
0	4
0	0
16	0
28	1
0	33
5	64
0	53
0	33
1	0
1	0
0	6
18	103
26	46
2	0
4	44
0	44
1	39
0	39
5	7
0	0
34	2
15	0
0	83
0	87
0	87
0	87
0	87
0	87
0	87
0	87
0	87
0	84
0	0
0	5
6	0
3	0
4	56
3	87
0	91
24	91
46	4
42	59
0	0
1	0
11	11
21	8
0	3
4	0
0	0
24	213
26	215
5	14
10	7
0	7
0	0
0	91
0	93
0	93
0	93
0	100
19	102
0	93
7	87
0	3
61	0
44	130
2	129
8	90
0	4
0	1
0	129
0	57
0	25
0	19
2	0
0	0
1	0
2	29
0	0
23	9
0	14
0	1
0	6
0	1
25	339
24	19
3	15
19	27
0	26
11	16
0	7
14	15
0	10
0	8
18	0
0	138
14	5
0	19
0	19
0	4
3	9
2	9
302	66
2	59
65	59
0	55
5	54
42	54
0	7
4	11
0	10
0	5
0	1
0	0
0	1
21	49
0	29
0	1
8	25
21	11
4	15
0	28
0	21
2	35
0	23
0	11
9	38
0	19
0	0
0	38
33	71
0	9
0	4
0	24
0	24
0	4
0	1
70	0
0	0
0	0
11	0
33	42
65	8
3	41
7	82
0	57
2	6
0	10
0	0
0	0
13	106
0	8
110	74
113	46
50	25
0	18
75	9
0	16
1	11
0	196
0	56
1	211
37	149
0	226
0	9
0	9
0	4
7	54
9	54
0	4
0	4
41	33
0	0
0	2
0	31
3	0
7	13
0	48
3	12
0	6
0	5
0	0
2	45
0	93
0	40
36	82
0	14
0	173
0	169
0	16
0	16
0	7
0	7
0	47
0	0
0	152
0	118
0	118
3	0
2	6
0	6
0	89
22	2
0	2
0	2
0	33
8	7
6	4
0	8
0	144
0	144
0	40
0	44
0	14
0	0
9	42
0	42
7	3
0	1
0	6
0	19
0	1
0	1
0	19
0	0
0	18
0	18
34	18
0	59
7	56
0	31
0	57
0	28
0	36
1	0
12	35
65	7
10	6
5	0
1	3
0	29
0	35
0	57
30	40
0	9
51	81
0	66
0	67
16	31
0	46
1	9
0	13
0	19
0	1
3	0
19	17
0	17
68	75
9	38
0	22
318	76
10	60
0	224
504	268
0	127
0	0
0	0
0	0
4	0
0	0
2	0
16	41
0	41
0	31
6	24
0	31
0	8
0	8
1	1
7	1
0	19
0	41
8	73
0	63
16	57
2	4
0	105
9	43
0	46
0	35
4	9
0	8
0	2
0	5
0	7
0	0
0	22
10	0
0	305
0	312
0	312
1	6
5	5
5	9
7	0
61	31
0	30
0	8
0	14
0	20
0	21
0	6
0	8
0	7
0	30
0	33
19	76
0	75
0	9
6	16
8	0
0	3
32	32
0	32
0	21
1	408
52	154
8	180
0	255
0	114
0	71
0	60
0	55
0	17
0	35
0	0
0	1
6	0
0	35
0	14
0	19
3	4
0	113
0	58
7	37
0	11
0	5
40	58
18	28
0	36
0	16
19	0
159	36
0	8
99	59
31	3
0	11
7	11
0	10
0	1
0	19
0	24
0	26
114	0
0	100
0	100
0	10
0	22
0	36
0	49
7	12
4	7
0	49
38	143
3	100
0	16
0	21
10	0
0	8
0	6
0	1
0	1
0	143
0	205
0	205
0	22
0	10
0	41
0	4
21	0
17	0
0	0
19	58
0	35
35	255
27	261
25	37
0	6
2	139
0	11
18	6
6	0
49	2
0	1
0	140
89	77
0	1
0	3
15	2
0	11
5	11
0	16
0	63
0	35
61	13
9	188
0	35
0	189
0	0
0	4
0	4
12	0
0	132
14	139
0	21
3	21
0	8
3	13
1	7
0	4
3	13
1	13
105	13
29	26
0	0
4	0
0	18
1	0
16	8
0	27
0	24
0	5
103	308
20	85
0	108
0	151
2	41
38	28
0	28
0	0
6	1
0	11
6	4
4	4
0	3
0	14
51	0
5	0
5	81
0	95
0	3
56	33
12	97
0	3
20	88
0	88
0	18
3	9
9	0
0	6
0	7
32	36
1	48
0	13
14	26
0	26
0	1
0	7
9	96
0	96
4	0
18	12
0	4
0	11
0	16
10	0
0	0
0	0
3	10
1	10
4	7
0	1
120	2
0	40
9	40
14	14
36	9
0	7
118	1
7	0
0	0
59	14
0	13
0	13
0	1
11	0
1	0
3	130
20	130
0	64
0	13
0	6
0	8
11	0
0	8
0	6
0	0
0	0
12	25
7	25
18	24
11	0
40	7
0	7
0	0
40	48
260	262
25	234
0	8
1	32
21	3
0	14
0	1
8	0
2	0
13	7
0	7
5	19
0	69
85	69
0	29
5	10
0	19
0	1
4	106
0	106
0	8
0	0
10	19
0	56
0	0
12	4
0	13
0	39
0	7
95	5
0	0
74	4
32	53
0	7
0	4
25	39
0	0
0	13
19	11
0	11
0	11
168	0
3	0
0	11
2	22
0	22
0	7
21	6
0	6
6	0
135	63
0	63
4	28
0	87
0	78
0	14
0	43
4	68
0	13
0	3
24	0
147	124
0	8
59	9
0	0
0	0
0	78
135	69
0	30
0	13
0	3
8	0
1	55
0	53
0	27
0	55
0	27
0	3
12	0
0	3
0	3
0	22
0	21
0	9
7	50
0	50
0	40
0	0
0	0
0	0
0	0
0	50
61	0
20	2
3	5
6	89
0	20
193	228
0	80
3	0
0	0
10	255
0	262
32	133
14	177
94	78
0	97
0	21
18	10
4	19
0	58
0	58
0	0
21	91
0	91
67	9
4	22
0	84
0	84
8	83
0	9
8	10
0	13
0	11
0	11
0	2
15	117
5	109
0	21
0	24
0	16
0	16
13	3
0	1
0	69
0	96
0	0
448	114
40	0
129	79
53	68
3	0
2	0
311	20
0	8
0	20
0	20
0	22
1	16
38	10
0	10
0	10
1	1
50	0
0	9
6	0
8	79
0	79
0	79
0	20
110	29
35	0
45	29
0	29
25	20
41	51
0	51
0	37
0	3
16	0
8	0
8	0
7	0
32	58
0	58
109	17
8	3
4	0
0	14
1	0
0	13
0	13
0	13
0	10
281	401
0	111
162	109
11	0
0	0
0	90
0	26
15	79
12	82
0	14
1	59
9	4
42	58
29	18
0	38
0	6
28	6
4	26
20	6
58	65
16	5
0	7
0	6
10	6
0	5
0	24
0	24
0	5
1	0
1	0
0	0
8	8
5	8
14	0
1	8
2	8
15	63
0	11
32	63
7	63
0	11
13	63
28	0
9	0
8	25
5	25
9	65
19	14
0	65
6	0
58	141
26	196
0	10
8	10
3	10
40	32
0	10
0	1
0	7
4	22
6	4
14	1
9	15
0	15
0	14
0	9
0	7
16	24
1	5
0	2
0	29
0	31
25	13
2	9
0	6
7	6
0	32
0	37
0	27
17	4
260	0
14	18
13	18
15	33
116	81
6	48
0	0
39	20
0	0
2	0
10	27
4	0
33	16
5	14
0	14
11	7
0	7
0	38
0	6
0	22
1	0
5	36
0	34
0	4
16	2
0	4
0	0
0	0
92	19
0	19
18	255
0	16
0	23
0	20
0	23
0	17
0	0
0	7
0	8
0	17
0	22
5	24
0	21
30	52
0	6
41	0
0	0
0	255
50	35
10	1
22	34
22	10
0	13
0	13
0	0
0	3
0	0
0	0
115	10
0	10
2	66
0	4
8	62
0	1
3	23
0	23
0	10
0	2
0	26
0	26
0	2
0	1
15	0
0	0
0	0
0	0
0	0
4	21
0	19
4	19
0	6
0	10
6	0
55	133
0	7
6	126
0	124
0	6
0	0
3	0
0	20
0	27
0	72
0	24
0	3
3	42
0	14
0	72
44	20
0	16
310	20
0	5
11	10
13	10
0	4
0	0
0	0
0	0
2	0
27	5
22	5
100	10
12	1
0	5
24	15
3	23
0	7
13	14
5	22
7	67
8	70
3	0
6	3
9	11
1	7
0	0
81	15
1	15
4	6
2	24
0	18
0	9
0	7
0	15
0	76
0	99
0	29
0	48
0	16
6	8
0	1
0	7
0	1
1	1
0	16
0	16
0	16
0	143
0	30
4	283
0	283
5	262
0	13
20	0
0	283
16	56
0	17
5	17
3	0
0	50
11	143
0	124
19	0
17	23
0	50
0	45
44	27
1	15
9	8
0	15
0	39
0	39
0	39
0	7
26	7
80	34
0	28
10	6
0	0
0	49
0	6
0	6
0	1
0	1
5	0
0	1
49	4
0	4
0	4
0	4
0	45
7	45
0	2
0	2
0	9
4	0
0	16
0	21
0	16
0	33
18	37
0	12
77	8
123	8
62	89
29	79
5	70
11	0
0	14
0	94
0	109
0	52
0	37
0	11
0	13
22	13
0	8
47	69
80	62
40	62
11	66
1	2
0	33
1	45
15	12
0	12
1	8
1	0
6	0
0	156
0	156
0	1075
2	1075
0	1075
6	1075
0	41
0	34
0	41
74	74
0	33
0	57
34	80
0	33
104	15
0	17
0	17
28	0
29	0
0	0
3	0
0	10
0	10
0	0
0	0
0	5
0	5
0	5
0	5
0	5
6	8
4	8
16	23
0	22
0	5
0	5
0	5
5	5
0	5
38	11
3	1
31	1
0	2
36	30
27	31
8	50
25	49
1	50
0	0
3	11
5	10
0	7
0	20
0	14
0	20
1	209
10	197
13	22
0	51
0	27
0	11
0	7
0	17
5	10
14	9
8	45
0	45
5	4
0	0
24	57
37	46
0	44
0	44
0	10
7	20
84	11
31	10
2	20
63	66
0	0
76	0
0	6
8	6
0	6
0	20
0	0
0	2
0	45
0	0
0	0
15	24
0	24
44	0
8	22
13	2
0	2
0	22
0	2
0	22
0	2
0	2
42	61
0	29
8	35
3	22
0	0
4	13
0	8
0	8
0	8
175	78
0	65
0	65
0	37
0	60
0	65
0	65
0	0
0	3
0	0
0	0
0	3
0	228
6	228
6	11
8	0
3	9
0	37
30	9
0	36
10	0
0	1
6	1
0	4
0	16
7	16
129	0
0	0
51	49
0	4
4	2
0	2
0	1
0	1
0	1
0	0
64	25
2	25
0	14
0	37
0	32
0	37
7	1
1	0
0	1
2	12
0	1
4	0
10	0
53	7
69	67
3	67
0	67
0	62
0	0
0	0
0	5
3	0
0	50
0	5
0	18
7	29
0	14
0	25
9	8
74	2
3	2
10	2
29	3
1	17
0	15
0	0
0	0
0	10
0	12
0	5
2	14
5	24
8	13
1	9
37	9
20	1
0	1
5	0
1	117
0	79
0	20
4	0
0	171
64	0
16	13
0	1
0	13
0	13
0	13
0	44
11	86
58	44
0	36
0	8
0	10
0	10
50	0
0	57
0	63
0	53
2	1
0	2
0	8
0	13
0	0
0	0
21	89
79	349
13	34
1	25
71	34
22	24
0	19
4	24
0	27
1	0
45	3
21	0
0	0
5	0
10	0
0	1
0	0
32	1
85	0
0	4
0	0
0	0
0	4
0	17
13	46
46	22
0	57
0	57
0	24
0	24
0	37
1	0
44	71
0	71
0	55
70	55
5	0
2	0
0	10
506	59
0	17
14	24
0	7
0	5
3	18
3	111
0	59
1	0
0	1
28	11
0	0
0	8
2	2
1	4
0	59
2	428
6	440
51	465
0	446
0	446
5	4
1	71
0	71
0	71
0	2
64	233
0	3
0	90
0	22
11	0
0	1
9	30
17	29
89	0
134	59
0	20
7	0
0	4
4	0
43	35
0	5
14	306
0	306
0	133
0	57
118	149
33	107
89	6
0	0
0	24
37	26
80	7
0	1
0	1
2	6
0	9
92	9
9	37
1	22
6	9
0	24
0	2
0	7
0	3
0	8
0	0
0	5
22	46
6	23
0	5
0	2
0	5
0	5
0	6
0	6
74	25
0	5
4	14
0	2
0	4
0	8
0	325
0	9
0	277
0	6
0	6
41	344
0	1
0	1
134	83
4	3
5	22
0	61
11	0
60	62
12	62
1	23
29	2
3	1
28	0
0	141
0	75
4	2
31	1
2	1
0	1
0	6
68	6
0	6
0	6
0	141
1	108
0	108
0	0
0	0
51	4
2	4
7	14
34	30
0	0
3	17
4	12
12	51
15	40
4	6
0	80
20	32
0	10
0	16
51	52
15	13
0	34
4	0
0	61
0	31
69	69
6	48
0	81
0	70
0	25
7	25
0	11
2	23
0	0
7	23
0	8
0	76
16	1
0	75
112	956
0	951
0	5
8	17
0	17
0	9
0	17
0	7
0	26
4	8
0	66
0	83
75	52
0	13
7	66
4	11
27	11
15	49
0	49
6	22
0	7
54	19
0	8
0	34
3	1
0	5
0	1
15	1
0	31
8	29
0	36
0	17
0	20
15	26
2	4
0	47
0	31
0	220
0	21
0	0
0	4
9	3
0	87
12	79
76	25
38	11
0	0
0	11
1	0
13	5
0	5
3	0
0	15
0	5
0	0
95	5
62	77
0	30
233	151
8	151
2	24
16	6
29	52
0	38
33	34
0	15
0	10
0	0
26	30
0	18
0	17
33	22
3	3
1	5
52	61
0	44
36	42
0	15
123	30
0	1
0	6
0	6
0	17
0	22
0	22
23	0
6	41
0	41
0	14
0	5
0	14
138	40
6	42
52	53
4	1
0	12
0	3
0	42
43	28
0	28
5	6
0	0
75	47
0	30
12	14
0	24
0	7
0	7
0	1
0	12
0	4
0	4
0	4
0	0
0	8
0	0
0	17
0	5
0	2
0	69
0	17
7	57
0	2
6	59
0	31
52	41
0	29
1	87
0	24
0	82
0	15
0	15
0	17
0	55
33	8
0	24
0	9
0	0
42	0
0	69
0	32
150	19
26	15
46	6
0	4
7	15
0	22
1	2
4	20
0	10
21	49
6	46
0	0
0	0
2	0
36	57
0	57
1	49
7	57
6	0
0	0
7	0
0	1
0	8
0	0
3	14
0	5
88	22
4	0
8	12
70	9
0	17
0	17
0	1
0	8
0	18
0	25
0	25
2	25
0	20
0	10
0	49
0	49
0	5
0	8
2	2
0	2
11	19
6	16
0	3
0	8
7	9
140	5
5	65
0	36
12	60
0	0
6	0
8	94
0	71
1	94
35	67
0	24
0	62
3	45
8	12
0	16
2	5
0	0
0	3
0	0
0	4
46	0
74	101
5	45
1	0
0	4
6	0
3	1
1	22
0	39
0	31
1	0
11	25
0	45
0	87
0	108
0	87
0	87
10	70
0	33
0	6
0	42
9	73
0	25
0	34
0	7
0	0
6	47
0	0
0	7
5	0
0	20
0	20
0	28
14	56
0	56
2	32
0	12
0	9
0	11
0	13
0	13
0	80
0	80
84	30
0	2
5	0
68	0
5	0
0	87
0	108
0	19
0	19
0	11
5	0
32	5
0	5
2	0
15	57
4	57
0	57
0	57
5	32
48	26
231	51
4	29
30	41
0	9
34	14
0	9
0	6
0	0
1	0
6	2
0	5
0	5
6	7
297	58
0	58
0	0
0	3
0	0
0	4
0	7
14	5
37	5
0	5
0	1
0	0
0	1
1	1
0	1
7	1
95	151
0	20
0	3
0	16
0	213
0	48
11	193
0	210
25	213
0	170
0	162
40	188
0	64
0	37
1	36
2	19
3	0
82	21
0	11
0	10
0	0
2	18
9	0
17	2
11	0
8	16
15	35
28	130
0	50
0	98
8	3
0	128
16	23
0	23
5	13
6	85
0	78
0	0
5	97
0	51
0	6
0	66
0	116
0	53
37	4
0	155
16	33
0	33
0	18
0	18
15	10
0	29
0	38
0	22
4	0
4	10
0	22
0	4
0	6
0	0
0	22
59	34
0	22
0	24
0	34
0	14
0	8
0	8
0	8
0	3
3	0
41	95
0	95
0	15
0	3
2	22
0	19
1	8
8	5
6	114
0	13
0	114
0	7
0	13
0	5
0	20
0	20
14	18
45	22
0	1
0	2
70	3
43	18
28	30
0	17
0	427
1	18
0	0
0	1
0	427
0	33
20	33
3	33
0	1
0	3
0	18
2	18
58	22
0	12
0	0
154	35
0	19
4	0
23	3
5	3
7	6
0	6
0	6
0	6
0	6
0	37
0	37
2	56
0	45
0	56
0	38
0	39
0	39
0	18
0	18
0	18
3	0
6	1
0	39
88	0
0	0
24	9
28	0
64	36
4	14
4	8
0	0
0	0
21	0
46	0
11	3
9	135
0	111
0	0
26	0
0	0
7	30
0	0
46	0
378	163
0	39
228	0
0	19
33	4
0	3
0	19
0	182
9	62
0	18
0	27
6	16
16	67
2	182
18	50
34	46
0	46
0	47
0	47
7	12
0	11
9	11
8	1
35	0
22	4
0	4
15	0
0	110
29	110
0	18
0	40
0	23
30	79
0	68
15	56
0	17
6	0
44	33
106	4
76	10
28	17
19	17
45	0
0	0
0	4
2	15
0	9
0	13
0	14
0	15
1	11
66	108
0	2
0	1
8	0
0	124
0	124
0	95
2	5
1	8
0	0
44	0
0	68
6	7
0	9
0	5
0	4
0	33
0	1
0	2
25	2
0	1
0	36
0	9
0	14
0	9
0	11
0	9
0	0
0	0
0	0
0	3
15	0
7	3
32	0
107	14
0	14
1	11
55	62
0	10
5	53
2	0
36	0
4	15
6	8
14	14
17	15
0	15
0	0
0	7
0	0
0	40
0	15
42	38
0	4
5	0
27	34
0	88
0	75
4	1
8	61
88	71
0	56
0	0
0	0
5	28
13	43
0	13
0	7
18	1
0	1
10	0
0	0
135	0
0	0
23	32
1	7
46	513
0	7
4	500
14	0
0	451
1	3
20	3
0	3
0	3
48	3
1	3
29	3
1	8
0	4
0	3
0	0
0	42
0	61
19	8
0	14
0	27
0	27
0	48
0	61
27	24
0	24
0	0
0	0
6	0
294	96
0	1
1	22
0	9
31	11
0	7
6	0
9	0
4	0
0	0
0	4
0	0
9	11
16	61
10	61
71	16
24	20
0	7
0	0
0	0
0	1
1	19
0	0
0	19
0	0
0	6
3	73
0	73
0	72
0	10
15	1
96	0
30	0
0	5
0	5
0	5
0	5
3	1
0	1
74	18
43	16
0	0
13	0
130	129
0	114
14	0
2	67
4	16
2	6
0	31
0	15
0	15
0	42
4	62
8	0
55	66
0	44
0	4
15	0
0	113
1	113
21	113
0	0
0	0
0	4
0	9
0	4
2	0
18	273
39	86
0	54
5	0
0	148
60	101
183	163
10	11
8	7
0	51
0	51
40	7
0	0
41	9
0	9
16	44
0	10
0	0
0	16
0	0
0	25
10	0
39	4
1	1749
0	50
0	8
0	1699
2	11
15	67
0	30
0	30
2	25
0	37
14	27
0	3
4	3
28	7
1	7
7	53
4	15
0	19
0	18
0	22
2	16
0	12
15	4
0	14
8	20
0	20
9	15
3	15
508	36
1	9
0	27
112	179
0	101
49	2
27	21
20	0
2	43
9	43
9	67
0	65
91	66
0	0
0	173
0	130
0	31
6	41
10	0
0	2
4	11
0	0
13	173
0	38
0	62
0	62
10	40
2	66
101	43
0	18
0	43
7	14
8	0
36	57
0	45
0	19
91	26
0	49
16	26
0	10
0	49
15	9
0	1
75	20
0	4
7	8
1	8
0	8
0	11
0	6
13	8
0	8
0	12
0	0
0	8
0	0
2	11
3	4
0	12
10	12
10	0
60	3
0	3
41	167
75	129
589	0
0	6
0	11
0	6
2	3
0	3
0	0
10	3
21	5
6	43
0	41
0	43
0	20
0	13
0	17
0	5
1	5
0	3
0	45
1	0
0	7
0	17
0	24
0	17
0	24
0	0
0	45
1	5
4	0
95	31
0	0
0	31
26	15
0	22
0	22
0	7
0	16
0	16
0	9
0	2
6	2
0	6
8	0
49	4
4	0
0	17
0	29
0	21
12	0
0	29
127	0
7	32
0	32
1	7
0	23
0	31
17	95
0	13
0	37
0	24
0	94
6	40
0	0
0	0
6	59
0	0
27	0
4	10
0	144
0	140
0	4
0	6
0	6
127	71
12	133
0	22
89	19
0	19
16	18
0	7
180	180
96	176
0	180
0	165
3	4
0	10
0	118
119	112
4	0
0	116
0	109
0	29
16	8
0	4
0	1
0	9
0	3
9	0
0	3
0	42
0	42
0	42
0	14
0	13
0	0
10	0
0	37
0	22
0	26
1	0
0	34
0	37
24	2
0	1
0	2
13	2
1	15
158	25
0	0
0	10
0	0
0	0
13	0
0	11
117	70
32	2
0	0
0	2
0	53
0	59
27	16
29	64
45	17
0	22
53	0
0	12
0	47
0	21
0	21
0	2
1	2
93	96
0	8
9	23
0	11
47	144
6	9
0	0
4	67
5	33
0	72
0	65
0	3
0	45
0	45
0	30
24	30
13	1
0	9
0	0
0	8
0	11
3	18
0	18
7	11
0	30
0	91
0	91
0	77
0	18
0	2
59	0
83	0
0	0
56	0
58	115
0	0
0	21
17	21
30	10
0	10
55	6
3	5
83	0
51	1
37	15
0	15
5	33
0	33
1	0
25	0
7	0
24	32
0	32
1	24
54	39
4	45
34	16
0	9
0	1
0	3
0	3
0	0
5	0
0	2
0	7
250	44
0	32
7	5
7	11
13	11
53	5
0	0
53	28
0	0
0	0
0	9
3	9
6	2
1	1
2	10
0	24
20	7
1	24
7	11
5	94
0	97
0	79
2	87
0	3
25	0
0	0
0	0
9	25
0	7
0	7
15	2
0	8
0	15
0	15
0	15
0	86
27	51
0	82
0	134
0	147
0	138
0	23
1	28
5	28
0	1
0	1
0	4
76	1
27	30
63	30
12	1
144	40
5	26
168	47
0	19
15	8
0	15
0	15
25	3
9	2
105	3
77	75
0	3
0	3
0	13
0	4
0	3
0	0
0	142
0	142
0	142
0	49
0	142
0	26
7	11
0	11
71	51
33	24
0	20
0	26
0	1
0	41
11	27
11	1
9	26
16	0
8	0
0	0
33	29
0	29
43	18
2	18
0	25
0	10
20	20
0	46
0	17
158	80
0	74
0	25
0	63
0	63
0	18
122	102
0	102
0	2
0	2
0	1
0	1
67	31
0	5
22	5
21	0
11	0
3	0
10	16
13	0
0	7
44	19
0	12
17	0
0	4
0	7
0	7
0	3
0	3
0	3
0	3
0	11
0	264
0	280
0	157
0	2
12	10
0	10
0	276
0	122
12	126
0	102
0	12
0	9
0	0
0	0
0	103
0	89
0	131
0	121
4	72
0	72
0	87
0	85
0	87
0	0
0	121
0	37
0	37
0	68
2	12
1	82
0	4
0	5
0	4
0	43
0	4
0	0
0	0
0	0
72	97
0	0
0	0
0	0
2	0
0	4
0	84
0	68
18	125
0	2
0	7
5	123
13	6
79	1
0	1
93	193
0	30
2	10
0	10
5	5
3	10
74	144
108	95
0	92
0	36
0	10
2	0
8	8
189	3
1	8
0	9
0	6
5	1
0	0
0	0
0	0
0	0
5	1
6	52
1	52
0	14
6	0
26	0
6	0
23	13
0	1
0	4
0	0
0	3
0	12
19	12
72	18
0	17
19	0
0	30
3	10
0	30
0	5
11	6
6	8
6	8
24	12
0	1
0	4
12	4
0	4
0	0
22	0
55	0
0	5
39	26
26	86
11	89
0	35
0	25
0	11
1	35
5	0
0	0
0	2
0	8
0	6
0	2
0	33
0	21
0	4
0	8
5	4
104	87
0	63
0	7
0	13
33	0
0	15
0	21
0	17
0	9
0	2
0	21
467	84
55	0
6	3
97	2
22	40
8	40
4	2
0	13
0	13
7	0
0	1
36	11
24	16
0	34
10	34
30	5
0	29
10	5
13	0
0	0
37	98
0	14
8	39
10	8
0	25
0	25
0	0
7	0
0	60
0	56
0	1
0	21
9	8
12	60
0	36
0	60
14	9
0	20
0	7
0	12
16	29
165	0
7	86
1	41
0	44
0	23
0	7
0	23
0	10
0	10
0	7
0	9
5	10
4	0
60	11
0	11
0	2
0	17
0	17
0	0
6	0
67	178
0	7
1	0
31	171
0	33
6	2
0	0
7	38
0	99
37	7
72	27
0	7
105	7
0	6
132	14
0	9
7	7
0	11
0	9
0	4
0	0
8	0
0	5
0	1
14	1
0	5
14	1
0	5
0	42
7	49
0	68
0	173
21	17
0	36
0	14
5	10
57	159
0	6
0	14
4	14
42	14
0	190
9	29
0	22
75	14
50	39
8	2
0	12
0	15
0	18
0	6
1	7
0	81
0	75
0	81
0	74
0	81
0	18
0	19
0	34
0	44
0	6
2	1
0	81
1	81
0	30
0	57
0	3
3	3
0	19
14	34
0	24
0	27
3	13
3	0
0	13
5	16
0	16
0	20
2	20
79	0
25	38
0	38
0	0
23	96
0	9
0	6
178	16
1	67
0	10
0	6
0	6
0	55
0	0
0	55
0	0
2	19
0	19
0	19
5	0
16	5
266	209
3	11
17	0
0	31
5	33
0	21
7	1
0	1
0	0
48	0
0	0
0	31
0	39
0	0
73	15
0	5
242	35
0	35
0	10
0	2
0	0
7	10
19	0
85	11
0	19
9	33
18	93
10	30
19	90
0	22
15	4
13	0
28	1
73	22
42	84
0	10
88	0
65	24
14	14
0	45
12	45
0	22
0	12
30	14
16	15
0	0
0	0
0	17
0	20
0	12
0	0
18	150
0	15
48	5
0	35
0	18
99	33
0	24
9	33
13	2
0	2
0	0
3	0
0	2
8	0
0	88
7	96
0	10
37	12
0	6
0	99
10	31
3	52
23	0
0	99
24	43
0	5
6	3
0	70
0	58
0	58
0	67
2	41
47	85
6	1
6	44
110	198
0	122
0	76
0	13
28	123
10	37
79	59
0	81
0	82
0	11
3	12
0	10
0	2
0	39
0	82
71	36
2	11
0	8
13	19
0	32
149	25
3	390
0	0
0	2
0	62
0	62
0	38
0	26
0	0
0	0
3	67
0	32
0	25
0	14
0	14
0	1
4	13
88	28
0	0
0	1
16	27
10	0
35	23
0	3
7	19
0	19
2	19
0	14
2	2
35	9
0	16
0	33
0	36
14	0
31	13
0	49
0	3
0	105
0	98
15	105
0	75
0	72
0	72
0	7
0	0
0	43
0	43
14	5
0	10
0	46
0	10
89	7
13	7
0	7
0	6
0	0
14	0
14	3
20	31
0	56
15	9
5	8
1	0
0	56
45	39
0	39
2	17
0	17
0	26
0	48
0	8
0	0
18	21
15	3
0	88
0	88
0	37
33	51
5	51
0	37
0	0
0	1
3	135
0	96
0	99
0	20
0	0
0	6
0	6
0	33
0	19
0	3
16	43
47	124
0	106
0	24
0	0
1	1
0	135
0	130
109	55
0	4
23	53
5	55
2	33
0	46
0	17
0	9
26	37
23	0
2	63
111	4
0	0
8	46
0	59
7	0
34	24
16	54
0	76
0	96
174	119
79	32
0	71
0	71
0	3
0	3
0	57
4	3
5	3
0	8
0	3
0	1
0	1
0	7
2	0
5	1
0	28
0	28
0	4
17	26
1	0
0	1
0	0
0	0
0	20
0	11
0	20
0	6
40	0
7	4
0	4
0	46
10	24
0	8
0	46
150	84
0	77
65	91
0	11
19	18
0	207
0	35
0	5
16	16
29	45
9	11
0	11
1	11
0	11
16	3
0	31
25	43
21	15
5	8
2	6
9	0
0	7
138	101
0	18
0	0
0	4
39	25
8	74
0	15
0	13
0	10
0	14
0	3
2	0
0	0
1	45
12	45
0	36
9	6
0	75
0	75
0	61
0	59
10	62
0	41
0	65
0	21
11	1
31	2
12	4
9	3
0	0
11	0
2	2
0	0
43	0
4	17
0	17
54	1
0	0
42	11
0	5
16	62
0	48
44	78
10	31
0	21
2	3
85	107
123	0
4	39
1	7
0	46
9	1
0	82
76	95
0	7
0	7
0	5
0	8
0	7
0	0
0	9
18	5
0	1
42	15
0	37
8	58
0	23
1	23
0	55
0	1
0	15
0	14
4	11
10	43
0	43
2	20
0	17
0	1
13	20
6	14
22	24
42	29
0	29
1	0
0	5
0	5
0	5
0	2
0	2
12	0
8	0
32	0
7	33
0	33
0	33
141	338
0	336
0	280
184	4
8	258
0	256
0	258
98	27
0	73
321	249
0	121
0	300
0	1
0	0
0	14
0	4
0	0
8	1
0	11
0	131
5	61
0	19
0	45
0	54
0	1
0	1
0	0
16	4
3	51
0	42
1	10
43	17
0	17
0	17
146	4
0	4
3	61
7	55
0	17
17	0
31	134
0	0
0	18
0	0
0	103
1	0
86	0
105	96
89	0
0	0
0	0
22	31
0	31
0	44
0	44
5	3
37	44
214	119
17	242
0	90
0	210
0	159
53	253
0	150
0	108
0	38
15	0
57	160
7	0
4	5
49	50
77	0
0	5
60	11
0	6
4	47
11	47
0	7
0	8
9	34
0	34
0	34
0	69
0	69
20	23
30	8
27	14
57	14
23	22
0	7
3	0
0	22
4	29
0	11
7	29
0	29
0	29
0	29
0	29
1	11
0	18
0	0
0	0
0	0
4	8
2	6
12	0
0	0
0	0
0	2
0	2
0	2
0	2
24	0
0	45
26	49
7	38
0	0
0	0
0	0
0	0
137	118
0	14
0	10
0	6
0	0
0	8
0	93
0	6
2	3
0	7
0	7
0	9
0	3
0	5
0	12
0	6
54	0
0	62
0	62
0	13
0	29
91	29
8	6
45	46
0	0
0	13
2	3
11	23
537	0
0	4
3	4
6	0
0	4
4	88
0	88
0	9
13	64
5	8
4	32
0	5
0	3
11	2
0	5
9	38
57	9
9	9
7	4
22	327
15	94
0	312
0	1
52	14
0	6
57	28
0	3
3	28
7	51
17	51
10	17
0	1
0	7
0	7
0	4
21	23
0	23
0	5
6	5
0	3
0	3
0	0
0	0
5	46
0	30
0	13
0	22
4	66
0	18
0	1
0	5
0	5
0	5
0	1
0	24
0	24
0	11
0	16
0	11
0	10
0	4
0	4
31	35
4	16
0	15
21	0
3	26
0	26
0	26
0	25
0	44
1	44
0	16
0	29
0	5
11	18
31	17
0	0
0	86
0	86
2	44
0	0
61	22
0	6
0	86
94	130
0	14
3	14
0	7
0	5
51	91
16	33
0	8
0	37
0	37
0	41
0	54
186	8
0	8
0	33
0	33
3	0
0	0
0	0
3	0
0	0
5	1
0	1
0	0
0	41
10	11
0	11
20	7
73	32
0	7
3	0
4	12
155	12
0	56
14	12
5	22
0	0
0	147
0	74
72	75
0	317
0	0
0	435
0	185
0	0
2	0
31	85
0	185
12	68
0	51
6	51
44	7
0	8
114	7
97	8
6	3
97	24
0	9
7	10
0	4
0	3
7	18
0	17
0	9
1	2
0	0
0	0
0	0
0	0
7	2
0	2
29	27
0	21
0	22
0	6
0	6
0	5
1	15
129	31
14	31
87	0
8	0
8	0
0	0
78	57
24	11
100	0
59	12
0	9
0	8
38	0
0	15
0	15
14	20
0	20
133	15
0	15
2	8
0	0
26	38
0	48
0	46
1	11
57	224
11	249
33	32
0	23
0	23
1	4
1	0
0	22
36	22
0	18
6	9
0	18
2	20
0	20
0	10
0	0
27	0
0	0
0	0
16	12
0	222
0	12
0	0
0	10
0	3
0	27
19	160
40	85
0	222
5	77
3	66
4	25
0	9
16	3
7	0
96	7
0	7
0	7
0	0
38	43
7	20
0	29
0	29
4	8
4	0
0	50
156	338
0	255
0	230
15	14
16	22
7	13
8	0
0	21
7	163
0	163
0	1
14	25
45	15
4	15
0	15
44	8
13	0
20	38
0	38
0	42
0	42
0	38
0	21
6	9
0	12
0	12
0	12
1	16
0	38
104	0
0	5
0	14
0	14
0	6
0	6
49	3
0	136
0	143
0	143
0	136
0	132
0	132
0	132
0	2
5	0
0	120
8	0
5	0
0	156
0	156
217	89
0	83
0	83
0	83
1	83
19	83
0	94
0	15
0	11
16	11
1	35
6	29
0	0
2	0
26	12
37	28
0	0
0	1
0	5
0	0
0	1
0	200
0	22
17	187
9	188
0	105
9	7
41	17
77	3
28	20
23	114
0	21
36	7
23	6
25	61
0	20
0	24
0	24
0	0
0	0
0	0
0	2
42	60
45	732
81	62
19	51
41	4
10	19
9	11
0	343
0	343
0	176
0	69
153	179
0	178
8	107
3	1
0	70
3	7
14	70
0	33
0	33
0	28
119	170
3	10
43	160
0	15
0	6
0	66
20	435
0	75
0	7
0	0
0	0
0	11
0	0
6	353
0	17
0	0
0	21
0	17
0	11
5	0
0	10
5	10
1	0
0	38
0	38
2	38
0	12
0	15
8	15
0	227
35	227
20	28
0	28
0	26
93	6
76	33
0	29
0	5
0	9
1	9
0	3
1	4
14	0
42	23
0	7
0	18
114	4
13	30
0	30
0	8
0	8
0	1
0	1
0	1
0	1
5	5
0	5
0	4
0	4
8	0
5	0
0	119
0	80
0	78
0	13
9	17
0	29
76	26
0	22
0	12
0	18
0	16
1	60
0	4
0	117
0	32
0	32
8	35
0	8
0	0
4	0
62	4
0	4
85	2
8	56
0	0
1	2
94	122
69	54
0	0
78	13
0	13
8	1
3	23
29	23
0	0
0	16
34	29
0	23
0	25
14	5
0	7
41	13
0	3
10	2
18	0
80	5
1	5
0	77
0	77
0	55
0	44
0	3
0	23
0	23
8	1
3	1
0	17
0	50
4	63
88	64
3	91
56	91
49	0
14	15
5	7
14	0
3	14
7	2
0	0
0	0
0	0
1	0
17	27
8	0
0	27
6	16
0	16
0	42
5	5
0	5
0	5
0	5
0	42
9	42
156	19
7	19
12	13
8	7
5	13
0	13
0	13
0	13
0	13
0	13
0	13
0	13
0	13
0	13
0	13
0	13
0	1
0	7
15	13
0	13
0	0
0	13
3	13
0	13
0	1
0	13
0	13
0	6
0	0
0	0
0	0
10	0
92	24
0	8
0	11
0	27
5	8
0	0
44	76
39	75
0	75
0	75
110	31
0	9
0	9
0	16
4	16
0	21
22	21
0	21
52	11
0	8
19	15
1	3
24	37
0	9
0	9
22	1
0	1
0	1
0	1
242	113
10	102
0	113
0	113
12	102
0	12
21	68
0	1
0	10
2	54
0	8
0	0
0	0
0	0
3	20
0	15
0	0
3	7
0	11
6	0
30	27
0	25
7	9
0	16
64	20
0	20
14	28
0	5
22	3
11	3
5	0
25	0
0	20
38	38
318	6
18	32
59	17
31	16
49	28
0	32
0	26
0	32
32	8
0	9
17	60
10	5
1	55
27	20
0	20
38	2
0	12
63	2
13	2
3	89
4	87
0	0
0	7
0	13
5	21
99	22
54	34
0	7
2	4
0	12
0	0
5	18
0	18
12	34
1	5
5	29
12	4
0	4
8	36
125	34
0	24
0	5
12	0
9	9
0	6
12	0
3	9
0	6
1	6
0	6
0	6
0	9
0	24
0	23
0	44
0	16
18	32
218	104
0	104
69	31
14	22
0	22
4	4
0	4
90	36
0	30
0	20
0	116
2	116
0	0
25	12
23	0
0	1
0	1
36	0
4	0
19	20
0	20
5	27
1	40
0	0
0	29
39	0
0	86
0	79
0	72
0	80
39	79
19	16
0	14
0	14
4	39
0	17
0	3
0	7
0	10
0	8
0	9
96	14
0	12
0	36
0	10
0	36
0	11
0	11
0	9
0	11
0	11
0	11
2	8
0	11
0	35
244	66
0	1
0	33
88	41
0	19
0	22
0	11
3	11
0	15
5	2
0	19
0	11
3	157
5	68
0	14
0	74
25	1
9	155
10	108
0	115
0	115
21	38
9	29
110	190
0	190
4	1
0	1
0	0
0	0
0	65
42	0
0	0
15	0
5	0
4	0
2	15
0	0
0	0
7	0
17	15
0	0
0	5
202	121
0	55
0	115
0	193
264	104
44	71
0	198
0	104
2	3
8	2
20	0
0	193
4	0
57	188
1	41
3	2
5	2
3	0
184	19
0	73
0	110
1994	2086
19	595
12	9
7	18
5	9
19	27
0	27
5	0
4	21
0	21
0	98
108	141
137	0
0	0
0	34
3	51
29	66
0	22
0	14
0	9
0	13
10	26
0	9
3	9
0	9
21	3
0	51
1	82
3	68
0	58
0	13
42	29
18	27
0	14
53	94
0	48
0	36
46	0
0	1
3	7
2	7
10	7
26	0
23	119
1	17
143	2
1	2
73	19
0	39
32	31
0	3
19	88
16	58
0	100
0	15
4	36
0	0
1	16
0	16
10	51
0	51
0	51
14	48
0	20
0	16
0	9
0	9
0	7
0	7
0	15
9	6
0	2
0	2
1	0
19	25
0	25
0	0
0	7
0	5
0	48
0	48
0	22
0	48
0	48
0	22
0	0
0	22
0	14
38	14
0	0
1	0
1	0
10	3
12	3
0	0
0	0
0	17
13	17
0	0
9	0
0	0
0	5
1	0
77	71
0	16
0	18
0	17
0	17
6	42
0	63
71	49
0	41
0	22
0	21
0	18
0	38
0	35
11	35
0	8
0	9
0	18
10	18
42	0
22	8
78	71
0	69
27	0
60	5
16	0
24	25
0	2
18	0
0	25
23	4
0	3
34	6
1	4
0	62
0	65
30	73
0	73
0	2
0	47
0	47
3	10
5	19
0	19
6	10
0	6
0	9
8	14
11	8
0	8
10	4
0	4
2	68
0	268
1	38
0	0
0	200
3	5
13	14
10	45
71	45
0	21
12	13
0	37
0	3
0	0
4	22
0	22
52	6
6	6
57	1
23	107
0	100
0	4
0	0
1	20
60	26
20	25
220	136
2	7
0	1
106	91
4	13
6	3
0	5
0	49
0	84
6	84
0	4
0	2
0	9
8	9
8	38
14	29
0	29
0	8
0	17
1	29
7	19
10	13
14	1
0	1
16	16
67	52
0	43
0	16
0	9
8	5
1	5
6	2
0	44
0	44
0	0
29	21
0	21
0	21
0	17
0	6
0	1
122	107
0	35
1	1
0	73
0	0
5	69
0	69
0	0
0	0
1	0
33	7
6	0
6	7
12	0
13	2
4	0
49	0
50	0
49	8
0	8
37	0
26	30
5	20
0	20
0	20
15	25
0	5
0	5
0	0
0	0
0	10
5	7
0	7
0	14
0	14
4	14
0	1
19	3
0	3
4	3
9	2
0	2
0	0
10	0
8	0
111	6
0	0
0	0
9	44
15	9
3	29
0	25
2	12
0	5
4	32
0	37
0	46
0	100
144	100
0	8
0	8
7	13
0	13
107	91
0	19
0	17
0	79
14	60
8	78
2	1
0	52
0	45
5	86
0	10
0	13
0	11
0	37
0	37
0	37
0	12
0	12
4	18
3	14
0	8
0	19
0	23
18	23
0	14
0	22
0	14
10	22
0	0
0	6
37	15
85	0
62	0
0	0
0	5
50	19
0	19
0	3
1	11
10	0
0	10
5	10
0	20
0	17
0	17
0	9
8	17
28	8
1	7
0	30
0	57
126	45
0	7
3	0
0	2
0	29
0	1
0	1
0	0
0	0
0	9
31	8
0	9
0	9
0	8
58	38
0	25
25	15
13	9
10	9
8	9
10	25
0	11
0	18
3	18
83	0
488	66
0	33
6	33
0	3
2	3
11	0
58	68
0	53
0	65
0	65
0	26
0	11
32	11
0	0
15	0
0	0
30	3
163	0
8	65
2	43
8	31
3	15
160	32
0	2
37	73
0	13
0	0
0	1
6	7
1	9
7	14
19	7
1	7
0	7
8	0
21	37
1	37
0	5
0	5
0	7
5	2
13	8
0	6
0	8
4	0
21	0
19	72
4	72
0	6
0	10
27	18
0	10
0	8
22	0
5	19
0	19
0	12
0	12
0	6
75	47
0	45
221	29
0	17
14	0
0	67
284	3
0	3
0	3
21	54
0	7
0	20
0	13
0	20
5	21
15	22
0	22
0	8
24	16
0	8
67	0
0	0
16	3
6	38
0	48
0	48
27	50
17	36
0	33
0	36
0	4
0	0
25	1
0	107
68	107
0	74
30	23
0	0
0	14
12	27
1	0
0	10
3	0
33	38
0	25
0	4
37	10
0	12
0	47
0	6
0	6
0	0
26	47
0	47
5	29
2	27
58	10
0	10
14	2
0	11
0	0
11	11
2	10
12	10
8	10
57	10
1	44
6	0
0	0
0	0
0	0
1	0
2	46
10	7
10	55
0	79
0	1
0	10
0	0
20	0
29	0
0	5
10	0
62	21
15	0
0	52
0	52
0	23
7	12
12	68
10	44
0	26
10	24
3	0
0	24
0	68
26	17
6	16
0	16
57	14
0	14
16	4
31	27
10	8
0	19
3	12
22	54
0	42
0	71
10	0
4	0
0	2
0	81
51	89
0	20
0	20
0	9
0	8
79	8
0	8
0	19
0	19
0	19
115	15
0	3
165	141
20	24
12	10
0	7
63	9
0	9
4	0
58	0
9	30
0	15
5	20
0	13
4	7
0	15
4	54
0	54
0	54
0	47
0	40
20	17
0	2
0	8
0	17
0	0
12	1
0	1
0	1
15	5
0	5
7	0
0	5
0	5
0	5
0	9
0	42
0	0
0	20
0	37
12	60
0	0
0	60
0	2
19	0
4	0
0	1
2	0
23	0
0	0
79	0
22	18
0	3
0	18
0	3
4	2
0	16
17	15
23	15
1	8
3	7
0	8
0	1
0	0
0	5
4	7
0	17
0	17
0	17
0	17
3	17
0	7
0	7
9	29
0	42
0	18
0	31
0	31
8	29
0	31
10	329
0	91
0	27
0	18
0	2
0	8
0	8
0	0
0	0
3	0
0	329
0	329
0	329
18	41
0	8
0	5
0	41
0	1
9	0
0	16
167	16
0	0
32	3
3	49
10	71
5	65
30	40
0	7
5	22
0	11
0	16
0	16
8	0
0	0
0	23
0	24
0	11
0	0
0	1
7	0
0	14
0	14
0	0
0	6
2	7
16	3
29	3
1	0
0	0
0	3
21	61
0	46
3	10
0	10
1	5
5	16
0	16
0	9
0	10
0	1
0	10
0	10
0	16
11	14
12	81
0	14
61	67
0	146
121	30
16	15
0	133
0	4
49	31
0	4
5	0
55	16
4	94
0	146
0	30
6	30
6	0
0	0
0	0
1	95
0	95
7	88
0	3
0	8
2	8
0	22
0	8
1	14
5	13
14	0
0	22
0	93
21	58
0	70
11	21
12	17
7	0
62	14
0	11
0	5
0	18
24	3
0	8
0	5
1	9
0	2
0	7
7	16
0	3
6	16
0	0
58	46
10	4
12	3
0	3
0	7
0	7
0	4
0	4
0	4
145	18
0	247
0	12
7	0
0	0
8	0
4	0
0	235
0	3
0	34
3	34
27	12
15	12
6	7
7	7
0	12
0	8
0	18
0	30
0	11
0	11
0	11
0	8
0	8
654	112
89	134
284	519
12	0
0	32
0	23
0	23
0	22
0	7
70	22
29	30
3	0
10	0
0	0
0	108
33	116
1	8
0	32
0	53
0	65
37	53
31	0
10	14
15	46
0	53
0	8
0	8
0	8
18	8
843	518
0	25
17	25
0	25
0	22
80	33
2	5
1	0
0	5
173	57
0	57
72	69
0	18
0	53
49	19
0	7
0	3
0	10
174	76
0	79
0	79
18	81
6	138
1	125
1	34
32	49
0	49
0	38
46	38
55	50
0	22
30	3
0	5
0	83
0	18
0	0
0	3
0	16
0	0
0	8
0	3
0	3
1	0
0	3
0	85
126	61
0	20
7	19
0	11
1	51
1	4
0	10
0	66
0	54
1	0
10	33
20	26
0	37
1	22
33	51
45	51
0	0
9	63
0	63
16	42
0	29
0	2
0	7
0	19
0	2
0	8
0	12
0	4
8	1
0	1
1	12
0	28
0	36
900	287
0	28
0	36
0	28
0	11
3	5
39	19
6	10
0	0
0	0
0	9
0	9
5	19
4	19
0	78
23	77
50	189
3	2
7	5
0	4
0	42
0	6
5	8
33	15
0	105
0	38
0	5
0	34
0	8
0	8
0	7
25	6
18	0
25	6
108	6
134	3
0	3
4	5
1	0
1	1
72	8
0	0
31	7
13	23
0	9
0	23
4	23
54	53
3	114
0	0
75	462
23	38
0	37
0	8
14	3
20	32
3	8
58	36
39	36
0	10
48	4
0	0
0	0
0	0
190	26
0	6
72	51
16	20
111	104
0	104
23	0
0	0
22	0
16	61
0	61
2	55
4	7
9	7
0	9
7	0
4	1
63	0
1	0
0	12
1	4
0	4
94	12
0	12
5	7
10	3
1	2
0	0
68	49
0	50
11	29
0	34
0	44
0	44
0	27
2	0
1	9
0	8
0	3
6	3
0	8
0	6
11	1
0	22
0	10
0	22
0	22
0	10
0	99
0	143
0	8
0	26
0	12
0	15
6	9
0	9
73	36
29	36
0	18
0	24
0	17
49	135
0	106
0	77
7	0
6	4
18	18
0	26
3	23
18	19
42	33
0	33
0	3
0	24
0	70
0	70
0	8
0	28
0	28
0	7
0	0
1	0
0	44
0	44
15	242
50	242
130	0
0	4
0	4
309	59
0	33
5	0
0	26
8	46
0	45
45	27
0	0
9	0
4	0
0	0
0	3
0	1
0	10
9	0
71	43
0	43
0	7
0	5
0	5
1	5
12	0
0	0
139	27
0	9
5	1
53	37
11	127
0	17
0	123
73	1
0	1
0	51
0	51
2	0
0	0
30	0
0	9
5	21
0	9
0	21
1	51
0	65
0	69
0	65
0	65
0	69
0	13
6	60
72	60
0	5
17	1
0	208
0	189
0	23
0	49
0	2
13	0
0	3
0	7
0	0
0	18
0	208
0	44
20	41
0	19
61	73
0	23
0	23
2	14
6	4
0	51
0	12
39	4
0	3
0	23
0	20
2	20
0	20
8	22
0	5
0	4
9	0
28	0
56	47
0	27
1	0
2	11
3	9
10	69
0	54
0	27
3	39
0	40
0	22
12	39
0	3
0	10
4	0
0	13
0	9
75	60
0	11
4	1
0	8
0	14
6	8
4	8
0	14
0	9
0	60
0	60
0	60
0	13
0	0
0	51
0	4
20	9
29	11
0	11
0	4
0	11
0	14
0	3
9	3
0	0
1	0
0	6
0	1
0	6
0	6
3	6
28	95
0	46
23	34
14	6
0	26
10	45
61	12
0	51
31	1
13	0
0	0
4	1
57	0
0	38
0	38
0	8
0	3
77	91
0	15
4	29
0	7
27	3
0	19
62	3
75	64
31	84
2	2
0	1
6	0
0	4
0	4
7	6
108	6
6	70
0	57
0	15
33	47
98	31
0	24
0	0
0	6
0	106
0	0
0	5
0	17
7	11
0	7
0	23
0	105
0	4
0	2
0	3
75	0
35	43
0	22
0	6
0	22
0	16
0	7
17	86
0	1
0	71
0	4
0	0
20	37
21	4
6	4
30	5
0	3
0	5
6	0
0	1
27	14
0	1
11	2
35	34
0	52
41	52
4	6
0	31
0	45
5	21
0	0
0	0
25	0
54	81
2	73
16	73
90	77
50	63
25	0
5	0
5	0
0	8
44	22
0	22
23	0
0	0
10	0
1	2
108	0
16	0
0	0
47	0
0	38
214	161
0	25
16	0
0	10
11	9
3	9
21	54
139	88
1	7
93	27
20	0
39	0
9	6
3	0
7	34
0	34
0	28
0	52
9	52
4	9
14	15
0	5
0	0
117	42
0	36
31	25
0	25
60	13
0	13
32	12
0	1
0	31
21	30
7	1
9	1
0	25
0	26
8	33
0	27
22	11
0	30
13	74
7	43
1	20
0	20
79	63
0	51
3	6
0	11
1	13
4	41
5	20
0	18
0	8
0	48
0	48
0	47
10	48
0	48
0	14
125	19
0	0
0	0
1	0
0	19
88	0
0	19
7	30
0	30
120	27
0	16
0	1
49	1
16	0
94	110
0	11
78	28
1	37
0	93
0	93
0	33
0	32
0	21
0	23
2	38
0	31
0	13
0	1
0	4
0	6
0	1
3	22
0	27
0	8
0	6
0	6
10	0
0	38
0	32
0	38
0	19
0	9
6	9
0	9
0	4
78	4
27	84
0	13
0	83
0	63
0	13
0	15
0	33
0	6
3	2
1	2
30	25
2	1
0	0
0	23
8	13
46	65
0	65
4	0
75	124
0	123
0	123
0	8
23	28
31	15
0	24
0	15
0	10
0	17
0	17
13	8
0	9
0	17
0	17
4	54
0	8
11	0
0	54
0	55
22	36
0	19
5	19
10	20
0	23
0	9
0	23
42	4
0	2
22	0
48	81
173	51
2	22
0	75
0	46
0	46
0	24
10	4
0	4
0	6
0	7
0	7
7	7
9	0
0	0
20	30
0	19
0	19
0	10
0	1
0	1
0	139
6	91
1	91
36	25
0	25
36	7
0	7
0	7
0	7
0	1
0	27
50	37
0	22
0	11
0	11
11	0
4	4
0	5
0	6
1	22
60	0
49	16
43	16
0	4
0	0
2	0
13	12
3	3
0	4
0	4
4	4
0	0
0	3
0	3
0	35
7	35
29	6
7	99
0	128
32	6
0	116
0	17
0	93
0	10
0	10
35	15
20	27
0	145
0	5
1	8
0	4
108	1
0	0
207	71
0	78
0	17
43	35
0	35
9	1
0	0
110	28
0	82
0	64
1	66
0	10
0	22
0	16
0	1
0	0
0	5
6	0
0	0
26	0
0	5
46	0
2	0
0	12
24	0
0	12
0	80
0	73
54	103
0	80
0	88
0	8
196	1
16	1
49	16
0	0
0	2
0	7
4	2
23	0
10	0
28	53
3	53
22	51
10	11
5	12
0	19
0	19
19	90
0	90
0	68
8	8
0	1
19	19
8	0
4	1
0	102
3	102
17	17
4	6
0	11
0	11
0	0
20	71
0	23
0	46
105	117
0	85
90	140
0	35
0	4
0	43
8	63
0	117
0	33
0	21
0	9
0	5
1	5
0	5
17	7
0	6
0	3
0	6
0	7
0	0
13	2
12	8
0	7
0	6
0	7
4	6
0	24
0	53
23	61
2	7
1	19
0	9
149	98
0	10
0	4
17	4
271	84
72	0
4	3
0	1
98	2
3	27
0	27
0	27
4	24
4	35
0	20
0	27
0	3
0	15
2	0
0	0
0	3
77	43
99	31
13	10
38	105
1	36
0	110
13	3
5	0
11	5
5	2
0	2
73	5
27	41
42	52
0	63
0	0
26	0
0	22
8	4
0	24
78	47
58	12
12	5
63	11
27	15
3	14
0	4
0	0
22	0
6	11
0	11
0	11
2	11
0	11
0	11
0	0
1	0
5	0
0	69
0	69
163	134
0	11
52	21
0	21
2	10
0	1
39	13
1	1
15	0
0	0
6	0
13	0
1	0
0	6
0	1
3	118
0	21
0	12
0	32
1	109
0	11
0	85
0	11
0	0
0	2
0	144
24	464
0	61
0	90
0	14
0	21
0	21
0	73
6	73
0	22
0	28
0	0
22	0
0	342
0	348
5	62
0	2
4	0
0	0
4	20
0	0
24	18
0	12
0	1
0	0
0	20
151	6
5	0
0	0
21	110
0	25
11	101
16	4
134	147
40	109
10	28
31	1
2	27
0	27
0	0
0	1
0	12
35	12
0	1
26	14
0	7
17	17
0	21
0	20
4	0
20	0
0	8
12	0
4	12
1	6
0	5
8	1
0	32
0	27
0	32
0	20
0	88
21	20
13	88
0	26
46	6
0	6
2	6
508	11
0	6
18	31
0	11
0	11
38	26
4	18
1	34
0	7
5	7
12	32
1	32
10	23
12	32
1	9
0	5
0	0
0	0
0	52
0	68
1	55
63	12
0	0
0	87
5	16
0	20
0	16
10	4
0	19
0	19
21	4
0	0
67	53
35	23
0	0
0	2
0	6
114	15
0	23
270	61
36	85
0	76
27	0
49	2
2	2
58	0
0	8
0	13
5	2
0	1
11	2
0	1
0	2
0	2
15	5
23	16
30	16
0	2
86	14
63	0
0	0
7	5
4	0
1	4
1	1
0	74
0	74
0	73
0	73
7	4
153	7
18	0
0	7
0	0
0	224
0	224
4	224
4	324
0	54
9	1
0	372
10	80
0	38
4	61
13	13
0	0
21	52
0	45
0	7
0	14
0	13
37	9
4	0
23	0
25	50
0	50
0	19
0	5
0	1
7	1
0	3
4	10
26	63
13	51
0	58
19	46
24	16
0	0
55	0
11	7
0	102
7	81
0	60
5	27
2	1
0	0
23	21
1	50
52	55
28	52
5	4
11	87
0	113
0	4
12	26
0	0
77	0
38	7
9	7
0	7
0	20
0	20
0	20
0	20
0	20
0	19
0	79
105	69
0	50
0	9
0	20
32	12
9	0
0	13
3	0
3	0
22	1
0	6
0	8
0	5
74	5
2	78
2	26
0	26
88	60
8	6
0	1
7	0
38	9
0	7
0	8
13	15
0	1
0	1
0	1
4	0
10	16
0	5
0	1
12	16
0	1
0	6
0	1
0	5
0	16
0	6
7	2
0	4
6	1
1	0
0	126
27	126
9	5
0	4
0	25
0	25
0	49
0	49
0	48
0	48
0	7
0	0
2	13
0	5
0	0
0	0
0	0
0	48
0	48
0	12
0	22
0	24
19	25
0	13
3	25
0	5
0	38
0	37
0	38
0	37
0	0
0	0
0	0
0	0
0	0
0	0
15	0
0	0
0	0
0	0
0	1
2	0
3	38
40	10
1	10
12	27
7	44
0	19
0	18
0	13
0	18
0	25
0	17
0	24
0	21
0	29
0	12
0	26
0	23
0	16
0	12
0	23
9	17
0	11
0	5
31	6
5	6
0	3
2	71
0	71
0	1
0	1
4	0
0	89
77	89
0	34
0	34
32	38
0	2
0	2
0	2
12	9
0	9
23	32
91	8
54	548
0	30
0	25
0	88
0	49
0	100
0	80
67	18
28	10
3	6
0	96
58	108
0	86
0	86
1	8
0	13
3	0
12	0
5	79
0	9
36	44
83	113
74	63
0	59
0	10
0	22
32	27
91	93
0	110
0	8
0	20
0	18
0	2
55	0
0	2
3	22
0	2
5	2
0	0
0	0
6	0
0	20
0	26
0	32
0	26
0	0
0	32
0	63
0	63
1	3
0	4
2	0
0	4
33	32
2	12
0	6
0	18
29	104
4	67
5	12
0	0
0	13
17	7
0	33
0	1
3	8
0	58
1	89
0	80
0	6
12	11
3	10
0	11
0	0
0	0
1	0
1	7
3	7
87	17
0	17
1	14
0	17
7	0
5	2
39	0
81	51
0	20
0	49
0	27
5	0
0	24
2	27
0	27
0	5
11	10
2	10
41	8
27	4
0	21
0	21
0	15
50	0
101	0
48	0
1	0
0	37
0	14
7	290
0	14
0	6
4	2
0	0
0	0
0	0
0	0
3	18
0	14
0	2
0	8
0	2
34	16
0	16
0	0
0	0
1	0
33	3
0	35
0	14
2	21
5	21
138	0
0	60
7	34
41	58
99	0
256	234
76	2
0	60
0	40
29	52
0	18
51	1
390	25
0	3
1	3
0	22
35	300
615	331
70	18
1	3
37	0
0	22
0	25
0	9
4	52
0	56
0	56
0	14
0	9
0	0
30	73
50	2
3	5
5	0
0	0
14	32
0	0
5	0
0	0
2	11
0	11
11	13
6	0
0	13
0	50
0	38
7	28
0	50
21	0
0	36
7	201
0	186
0	124
0	114
0	97
31	129
0	7
11	5
17	0
21	0
9	0
36	1
5	1
0	0
5	283
5	0
7	45
9	14
1	11
0	13
2	0
0	35
16	38
0	16
29	94
0	16
13	19
131	19
18	3
0	37
0	37
4	58
0	74
0	1
15	12
0	10
12	0
0	0
0	1
0	1
0	0
13	117
0	0
0	72
0	25
5	84
0	17
7	0
36	0
0	92
0	47
0	3
0	21
0	10
0	1
0	3
0	10
0	3
0	2
0	1
3	3
0	21
19	0
0	10
0	10
1	10
65	25
0	25
56	6
0	45
0	32
2	43
0	36
0	16
0	22
1	18
0	38
0	33
0	29
0	30
0	30
0	102
0	108
0	108
38	31
0	4
0	10
74	19
1	22
3	13
0	4
8	0
13	30
33	35
0	9
46	17
0	2
13	2
0	2
21	15
1	27
0	0
0	27
0	0
0	0
4	0
0	1
0	0
0	1
0	24
16	26
0	3
0	2
62	0
24	57
4	0
0	19
68	28
0	0
0	0
9	200
0	13
0	12
50	66
0	18
0	17
26	174
83	0
7	29
0	20
0	9
4	2
44	37
67	0
0	0
24	58
0	65
143	7
72	0
28	6
16	65
1	16
0	2
0	32
1	5
0	5
0	2
0	2
0	0
0	0
65	163
2	20
38	0
32	20
33	39
0	39
0	0
0	72
179	72
38	1
11	0
31	2
0	2
0	419
0	419
4	115
0	139
0	0
45	13
0	9
0	8
0	0
2	32
1	32
0	36
112	16
0	1
0	1
0	1
19	0
18	0
0	0
1	0
8	0
139	2
6	2
8	1
41	21
0	8
10	8
0	8
11	40
0	40
3	95
0	95
0	0
0	5
0	17
0	17
273	24
0	3
52	4
0	0
0	0
0	4
0	0
20	0
0	124
0	48
9	19
27	17
69	9
0	51
32	36
0	15
0	9
0	3
40	117
6	27
0	77
0	77
0	84
0	0
1	0
65	53
0	194
10	175
9	3
1	11
0	3
0	22
0	22
0	21
0	22
41	41
46	13
0	1
0	6
67	10
0	14
0	36
8	140
5	104
0	58
16	50
0	14
0	0
0	17
0	0
0	0
0	17
4	19
23	24
2	22
17	22
6	9
15	0
14	6
0	6
0	56
0	51
0	0
0	21
5	0
0	21
0	0
41	24
0	8
0	20
25	0
0	0
0	0
0	0
0	0
2	5
138	0
27	48
55	117
49	7
8	85
0	23
0	31
0	26
74	55
10	79
13	11
19	0
1	93
0	108
0	34
0	0
18	0
0	0
0	0
0	15
5	60
0	7
17	20
0	5
0	5
0	13
0	0
0	0
16	4
5	4
0	0
0	0
6	4
0	4
27	32
0	32
23	32
13	12
0	2
171	9
0	0
14	28
43	15
0	0
0	3
3	48
35	60
7	60
0	38
0	40
0	16
84	0
0	22
0	0
94	2
0	2
0	0
0	1
0	1
0	3
0	3
0	5
13	0
1	0
6	0
0	13
41	8
0	0
2	8
19	8
0	14
0	8
0	8
4	0
0	0
0	6
14	0
1	23
13	43
0	22
0	398
0	27
0	27
0	7
137	39
4	39
0	8
0	0
34	10
65	10
0	337
0	337
4	6
0	1
41	3
16	1
4	0
1	0
0	4
6	0
8	12
0	2
0	14
4	22
0	14
0	4
5	10
0	1
0	8
0	0
0	8
0	1
20	0
0	8
0	24
8	66
0	66
0	58
2	56
11	0
1	0
4	0
0	0
2	0
0	0
4	0
49	47
3	3
0	2
23	16
30	23
0	18
0	18
0	16
0	23
0	24
0	24
2	23
11	23
0	23
0	18
0	11
0	8
0	8
0	8
15	0
98	0
38	26
0	16
7	15
0	1
0	13
0	10
0	0
0	0
6	12
0	0
4	24
0	24
0	24
1	0
32	7
0	0
0	7
17	0
55	57
6	48
0	43
0	11
0	11
0	3
0	0
49	12
0	29
0	79
7	146
0	10
0	19
0	9
13	1
0	7
0	85
52	51
4	7
0	95
1	18
0	18
0	30
20	41
0	9
0	0
0	0
0	41
16	0
0	0
0	0
13	0
90	0
47	164
1	122
4	122
1	12
23	17
0	23
31	8
0	3
0	5
0	0
1	5
0	10
122	18
8	13
4	1
28	7
5	4
0	0
69	11
0	2
0	0
0	0
95	0
33	45
0	33
5	0
0	22
0	11
14	10
47	62
22	0
0	0
2	53
0	45
21	8
10	8
2	11
8	11
75	166
18	1
76	11
0	9
0	2
76	0
31	1
0	1
20	59
0	56
0	8
2	4
0	4
6	4
114	630
0	627
19	1
2	0
0	7
0	7
0	150
0	150
0	82
1	82
0	91
0	1
2	20
5	21
0	3
0	6
8	0
0	11
0	10
0	11
180	0
0	39
0	53
0	108
0	108
3	13
8	123
0	19
0	48
0	19
0	0
21	6
0	128
0	6
0	0
5	1
3	0
0	1
6	3
5	1
80	0
4	60
0	100
0	43
0	68
0	27
0	25
26	10
4	12
5	47
7	0
0	54
1	1
0	10
0	10
0	10
9	8
0	0
37	4
2	4
11	3
4	0
6	29
0	8
6	15
14	15
0	15
0	6
58	6
23	34
0	55
0	55
3	57
11	0
0	38
0	6
0	0
67	0
0	1
3	0
0	1
2	19
0	1
1	7
0	5
0	5
0	1
0	5
0	0
0	6
11	4
4	43
0	43
96	28
1	17
0	13
14	0
7	0
3	116
161	90
0	23
43	30
3	22
6	0
0	129
0	46
0	20
0	5
0	6
7	11
0	56
0	1
0	59
6	62
0	129
0	9
0	28
0	28
0	0
0	28
5	54
2	1
0	16
0	54
20	15
0	3
2	3
0	54
0	54
22	9
16	10
1	5
4	7
6	5
35	0
39	99
0	99
192	14
0	0
0	5
0	5
0	24
0	0
0	5
0	2
0	19
0	5
0	5
54	10
22	24
0	24
0	24
0	19
0	5
8	25
0	25
49	138
0	8
0	3
0	0
0	13
6	16
60	86
0	14
0	36
0	62
74	41
22	63
44	35
14	38
1	10
2	6
0	31
0	6
0	31
16	31
8	3
18	3
5	0
2	74
5	96
0	55
0	13
2	0
0	4
0	0
0	91
2	61
0	53
0	38
0	43
9	0
2	8
9	38
0	27
0	25
157	60
106	24
19	48
0	0
0	3
0	3
0	0
3	0
0	61
0	0
0	0
145	2
0	12
44	95
1	11
0	23
4	14
0	16
4	1
14	0
0	2
1	8
0	8
0	17
3	7
0	15
9	20
0	16
21	16
0	15
0	16
0	20
25	0
1	1
1	57
0	57
0	0
0	1
12	57
0	25
10	40
14	44
0	44
4	35
0	33
30	33
8	25
2	15
0	7
0	8
0	4
1	8
0	8
0	8
0	8
0	4
0	4
0	4
1	8
5	8
0	4
0	0
0	4
0	0
5	0
5	0
0	85
47	118
0	1
32	60
0	6
0	30
37	13
0	33
1	19
18	33
0	7
15	2
0	30
15	20
1	19
18	0
0	2
25	18
73	12
0	6
16	4
53	20
0	20
0	3
15	0
9	20
2	10
0	9
0	9
1	9
12	33
16	5
0	33
0	38
19	19
0	77
0	82
0	150
0	151
0	154
26	26
0	1
0	57
0	0
0	118
0	127
0	154
126	0
47	33
0	30
9	259
10	220
0	70
0	139
0	66
0	66
7	5
101	0
18	30
236	27
0	27
14	31
17	31
40	69
47	15
0	25
0	0
51	210
5	0
1	0
19	2
4	2
0	69
0	68
7	3
0	3
0	28
13	25
7	4
0	68
0	15
0	15
2	105
51	24
1	0
0	1
53	25
8	165
0	36
124	0
5	0
0	47
33	13
0	56
0	14
53	9
33	4
0	6
30	16
0	3
7	6
0	0
30	18
0	3
0	3
0	2
0	2
6	18
1	29
11	29
0	39
16	42
0	16
4	1
0	6
8	101
0	4
0	10
0	31
5	31
0	0
28	18
0	18
9	67
0	1
23	66
66	119
3	111
0	27
107	44
0	16
0	16
0	7
9	10
95	258
0	47
0	211
12	0
55	200
0	55
9	19
0	34
45	35
0	0
8	10
0	12
10	27
13	27
3	22
0	22
15	22
45	0
0	90
0	151
0	115
0	101
0	91
0	127
0	19
0	12
9	5
4	3
6	3
0	52
0	6
4	15
0	151
46	28
0	10
0	5
0	27
0	27
0	6
21	2
0	6
2	11
11	9
0	27
0	27
0	3
0	4
15	3
0	7
0	19
61	23
0	22
0	14
9	7
20	7
54	6
0	12
0	4
20	10
28	11
0	23
10	29
0	15
0	23
0	23
0	23
0	7
5	0
6	0
6	0
85	18
0	0
3	0
14	4
9	62
5	62
0	50
20	51
0	11
8	60
9	11
0	11
0	11
0	41
20	11
32	17
0	0
9	5
42	63
0	63
0	12
0	44
0	5
86	25
12	11
0	14
0	14
3	16
0	16
0	27
22	27
0	0
1	0
0	0
0	45
0	45
0	68
29	68
20	56
18	121
1	0
0	57
0	27
0	235
0	235
0	51
72	33
0	2
1	2
0	8
0	14
0	33
5	108
74	0
0	0
135	83
0	0
80	5
34	24
0	3
0	8
0	4
0	4
0	5
0	13
0	0
16	5
0	0
47	121
0	19
8	0
0	15
165	1
0	0
0	10
0	10
0	13
0	0
5	13
1	0
0	0
36	0
0	14
0	14
29	25
0	0
14	10
10	0
132	0
9	0
4	0
11	57
0	18
0	10
1	69
69	22
0	0
0	3
44	0
90	48
2	0
4	0
16	0
0	0
148	79
39	34
11	29
14	21
0	21
0	38
0	38
0	0
6	4
0	26
1	26
5	7
0	4
0	9
0	0
0	5
0	3
0	2
7	2
0	0
0	0
1	0
0	0
14	33
0	0
85	20
2	17
1	12
0	3
60	35
0	13
15	8
4	4
10	18
117	225
15	78
0	102
3	0
15	37
5	59
0	47
48	61
0	44
0	14
9	14
4	6
44	21
0	21
14	23
23	26
0	20
0	8
0	4
17	12
0	15
6	1
0	11
0	8
0	8
19	10
12	17
25	17
12	17
22	41
0	1
0	2
0	9
0	3
10	12
0	12
10	0
102	36
1	18
0	2
28	0
11	16
5	0
9	142
10	109
0	137
15	127
0	22
0	85
31	7
0	35
7	11
0	6
2	35
0	6
5	8
10	4
2	0
13	1
0	16
1	6
7	5
76	151
0	5
16	146
0	6
4	34
67	54
0	14
0	4
0	34
0	6
0	3
9	3
9	0
0	6
11	11
0	0
0	4
19	0
0	7
7	0
0	12
0	102
14	7
0	7
0	19
0	38
0	12
1	80
45	103
0	46
20	2
0	2
0	2
5	26
0	1
0	0
6	2
0	9
0	9
0	4
0	4
0	2
0	2
0	0
3	2
0	1
0	2
0	2
12	51
138	61
3	16
12	42
5	0
11	11
67	0
12	43
27	27
19	27
0	5
0	2
0	3
0	5
1	14
25	10
16	10
13	20
0	13
1	13
0	13
0	13
0	13
0	1
30	0
23	32
3	14
0	14
0	13
0	32
0	8
0	15
4	8
0	0
18	24
5	0
0	4
0	1
0	0
0	0
0	0
4	15
6	0
0	13
0	0
2	40
0	25
0	25
0	0
0	20
0	0
0	5
1	20
0	5
0	0
5	0
53	37
0	37
0	0
0	1
7	117
1	119
0	8
0	25
54	76
7	81
105	36
0	58
0	25
0	24
0	13
198	81
0	129
5	43
9	6
0	129
14	22
1	22
36	12
13	2
0	62
0	52
46	2
90	19
0	19
60	12
2	0
10	20
0	17
0	17
0	18
13	0
0	191
8	194
0	194
0	194
0	191
4	2
0	2
9	2
0	0
0	11
0	11
0	11
0	4
0	0
177	214
31	77
0	107
16	87
14	13
9	3
0	16
15	50
13	0
0	0
141	13
0	11
0	1
0	0
5	7
7	1
5	0
0	0
0	16
1	0
0	0
10	0
4	2
7	2
0	16
0	14
6	14
454	10
0	2
0	14
0	11
1	24
11	0
6	24
0	47
4	47
0	8
22	8
0	1
7	8
43	10
165	77
0	77
16	58
0	33
0	25
1	25
0	32
1	12
1	12
0	0
4	75
6	133
0	192
33	215
7	5
0	19
71	39
5	39
45	1
0	1
1	0
0	0
20	0
4	52
0	11
0	52
0	14
24	8
0	7
0	1
4	17
1	17
0	0
0	0
2	5
3	12
0	47
22	47
0	2
101	8
1	8
24	4
2	148
0	9
0	3
0	42
0	30
0	148
225	7
0	7
0	9
0	14
6	17
11	18
0	26
50	10
82	28
0	22
0	28
7	0
1	0
0	5
45	44
5	58
0	27
12	25
421	23
0	66
0	7
27	0
8	42
0	14
8	20
0	5
1	16
0	12
0	33
3	93
0	20
0	93
0	7
0	38
26	73
0	4
10	20
0	2
98	11
0	0
0	0
0	1
62	1
0	5
1	17
0	17
1	0
0	0
0	0
173	22
24	0
23	36
0	9
11	9
0	34
1	0
6	38
0	38
0	38
4	0
0	0
3	0
0	119
1	111
6	119
2	10
0	171
6	171
0	35
103	4
0	114
20	28
0	90
0	98
0	95
0	114
0	8
0	8
4	8
0	8
14	20
0	12
0	13
0	1
0	69
50	45
0	26
0	106
0	10
0	72
0	62
0	9
0	50
0	9
10	14
4	1
10	13
11	18
46	2
1	72
0	254
0	254
0	12
0	1
0	28
34	41
83	0
0	4
3	41
0	14
15	14
97	4
0	3
0	0
0	1
0	3
6	87
10	21
0	77
0	12
0	12
0	9
1	84
33	38
0	70
0	53
0	53
7	4
0	10
0	0
0	0
8	0
10	0
0	14
0	47
31	54
0	47
66	56
8	35
0	9
0	20
21	15
0	14
2	8
0	9
1	8
4	112
24	2
75	1
23	9
0	8
10	5
0	17
0	27
8	2
77	42
9	17
0	14
0	14
0	105
33	17
0	17
0	2
0	1
17	32
0	0
12	20
1	11
0	14
0	7
6	7
0	6
0	3
0	0
0	9
28	9
0	3
0	214
24	50
31	50
0	181
0	23
0	181
0	20
0	6
2	0
0	19
0	20
0	21
15	87
8	45
0	86
23	73
11	9
7	9
0	0
8	9
84	32
0	26
10	14
0	14
2	4
5	13
0	11
0	9
6	10
6	1
17	0
233	0
3	0
13	35
0	35
6	11
28	9
0	0
18	0
23	16
0	0
99	0
20	13
83	5
0	0
110	99
0	99
26	0
86	14
0	14
0	11
0	33
23	46
0	6
0	10
0	146
0	146
28	44
26	8
75	10
37	0
0	145
22	0
12	0
46	0
0	0
216	6
126	117
0	1
1	117
4	7
61	2
5	2
0	5
4	0
0	2
0	5
0	9
3	2
0	9
16	4
6	6
0	6
0	0
0	3
9	0
5	0
12	20
0	16
1	20
24	42
0	19
29	0
9	26
11	29
0	17
0	3
0	49
0	24
0	12
0	24
0	0
0	9
0	17
0	14
0	14
0	12
9	39
61	39
0	248
105	250
0	234
93	132
0	87
0	109
28	8
0	31
0	33
0	0
0	23
4	25
0	0
1	0
3	0
0	255
18	0
0	255
0	3
0	4
7	1
6	4
11	58
7	61
0	34
4	42
0	42
0	34
3	27
0	8
0	6
0	6
0	9
0	10
24	178
52	0
0	110
0	91
0	91
0	603
0	582
0	0
2	3
0	0
3	3
22	74
0	74
11	6
0	6
145	46
6	5
0	9
16	4
0	135
17	140
0	140
0	20
0	9
4	5
0	5
31	0
66	27
0	27
0	6
22	69
0	69
1	3
174	87
115	98
23	84
3	0
69	7
9	6
7	6
0	6
5	1
17	6
9	0
0	110
0	110
0	103
2	46
0	78
1	53
9	0
15	13
0	5
20	0
0	182
6	7
100	141
0	141
17	124
0	42
3	42
12	32
0	1
16	356
0	356
17	41
0	1
62	8
11	6
0	3
0	0
0	23
0	37
0	23
0	23
0	1
4	15
0	1
10	0
30	41
0	40
0	32
0	0
60	51
0	44
14	5
0	51
111	75
0	0
0	21
4	12
0	26
0	16
0	0
0	1
9	8
0	27
0	0
34	0
223	42
0	36
127	0
0	22
19	0
8	4
9	4
0	1
5	62
43	49
155	68
0	25
68	54
0	3
0	3
26	9
0	16
80	0
39	0
3	59
0	59
38	0
0	7
9	7
0	7
0	0
4	0
0	0
0	7
0	0
51	105
0	7
29	13
17	13
6	60
235	60
0	0
0	0
13	0
3	14
0	14
3	16
0	16
1	16
0	16
18	0
81	30
69	4
1	0
0	4
61	33
0	29
0	40
0	11
0	18
0	13
0	0
0	0
0	4
240	10
23	3
11	3
0	0
0	0
3	0
7	7
172	33
0	68
0	8
0	40
0	0
30	4
39	39
0	15
0	9
0	3
20	3
0	0
28	0
63	49
9	26
0	26
0	26
6	0
0	5
19	21
0	1
6	0
9	20
11	9
104	26
2	6
4	21
4	1
0	15
0	6
0	0
0	1
0	6
0	19
0	25
0	5
117	16
0	12
9	11
6	12
1	0
1	6
74	32
0	3
0	0
0	0
0	0
0	3
0	2
0	2
0	3
19	11
7	2
0	3
0	0
16	4
5	1
0	0
26	5
0	46
0	79
0	25
6	6
0	34
0	94
0	29
0	29
0	4
0	8
0	8
0	92
0	34
0	34
30	2
9	84
0	86
0	0
0	10
0	84
0	2
0	0
0	84
5	0
0	10
0	14
35	8
0	6
9	8
0	2
0	33
0	2
0	4
4	6
11	6
0	35
0	9
0	6
7	35
54	107
0	45
0	21
17	4
0	1
0	10
1	0
0	9
0	14
79	172
20	9
3	2
6	7
16	159
0	7
0	19
0	12
0	159
53	0
5	63
23	123
0	45
6	1
8	9
0	8
0	0
0	9
0	45
0	12
0	5
28	5
19	5
19	0
0	7
61	106
0	107
0	65
7	6
28	34
0	6
6	77
0	34
5	0
20	0
0	0
73	173
0	173
49	23
0	5
0	17
3	13
5	16
12	51
44	51
0	21
0	48
0	6
0	6
3	7
13	1
0	32
4	0
0	15
0	27
0	16
0	7
1	7
0	51
45	20
0	22
0	47
0	47
0	51
0	49
1	123
0	145
0	44
3	9
0	20
75	114
0	20
0	20
0	123
7	107
0	107
21	17
33	9
0	0
0	2
3	2
0	94
0	107
37	47
7	49
7	49
2	0
0	75
10	78
0	12
0	9
0	9
1	12
5	1
0	44
0	12
0	45
15	0
0	0
0	8
167	9
0	9
0	6
1	1
9	1
0	2
42	35
10	4
6	34
0	29
20	29
45	30
0	27
0	14
0	0
16	0
3	0
0	3
0	0
0	0
0	0
1	3
80	8
0	8
2	15
271	20
0	9
0	5
0	0
0	2
0	4
6	30
0	16
0	16
18	57
0	30
0	58
0	58
0	47
6	46
0	19
0	15
1	15
0	25
8	10
0	8
12	22
4	22
0	4
1	0
30	63
0	62
33	45
0	45
18	11
0	26
81	0
8	31
1	24
0	21
503	808
6	876
0	377
0	0
0	0
0	2
0	2
8	0
1	165
0	165
3	16
0	16
1	53
4	0
0	6
0	158
0	11
0	0
3	11
18	6
0	0
0	2
0	2
0	62
34	0
19	48
6	48
0	13
18	33
14	40
0	46
0	30
0	4
7	2
0	12
0	10
0	0
0	16
6	41
0	9
0	57
5	57
3	0
0	1
0	16
1	3
0	57
135	32
53	49
69	76
85	52
39	45
0	12
0	72
0	15
1	15
2	0
12	0
14	53
0	186
0	186
7	18
0	24
0	10
99	5
0	0
0	0
0	0
2	5
25	5
9	0
63	0
0	0
0	24
0	9
0	0
0	24
28	0
1	16
0	15
3	29
0	22
0	10
0	4
0	2
0	50
6	43
106	81
42	87
18	29
0	30
0	16
0	18
0	9
0	4
64	0
0	52
0	4
18	3
0	31
0	52
4	38
3	4
10	34
0	43
0	33
109	40
0	31
0	44
15	30
0	61
68	51
8	109
0	128
0	146
0	260
5	104
10	19
0	31
50	29
0	8
7	198
36	24
0	24
0	14
0	24
0	16
0	0
27	29
0	38
0	2
0	4
22	85
0	92
0	92
0	93
28	33
0	38
0	180
21	50
0	15
237	256
0	2
0	87
0	81
0	39
0	6
0	2
45	6
0	6
10	0
0	93
0	39
0	33
52	3
0	50
0	50
0	6
8	0
0	1
5	5
0	14
0	14
0	8
0	5
0	0
0	3
57	7
7	0
20	5
0	4
0	8
21	72
158	97
0	93
0	0
4	0
21	15
0	26
0	15
0	8
2	15
0	4
0	10
0	8
0	0
0	10
0	4
1	0
0	135
36	56
0	97
0	29
0	15
0	7
10	9
0	52
0	135
32	49
0	20
54	73
0	27
0	0
0	0
0	58
0	44
22	14
0	14
0	14
0	14
0	89
16	0
0	1
4	10
0	6
0	3
3	3
23	5
0	5
58	23
9	8
0	144
0	144
0	9
215	213
49	42
0	42
25	26
0	8
6	0
0	16
19	14
13	70
0	56
0	28
5	0
18	120
0	28
0	0
0	4
16	17
8	7
0	55
175	55
0	24
6	24
9	2
0	72
82	72
0	0
0	0
0	16
0	12
0	13
115	694
0	31
74	28
1	28
16	0
0	2
55	28
0	18
24	25
0	7
0	9
0	7
0	9
34	31
35	133
0	92
4	8
0	5
23	29
0	35
0	29
0	94
0	52
0	52
77	0
42	2
0	2
229	73
0	57
49	49
0	75
0	89
1	2
5	2
6	20
0	64
0	64
10	4
7	15
0	15
0	3
0	64
17	28
0	4
0	28
13	24
0	17
104	14
58	10
0	9
0	0
0	0
5	0
0	4
1	5
5	5
0	2
0	105
81	105
7	9
161	62
0	4
0	20
0	40
0	18
0	13
0	15
0	4
13	29
0	4
0	0
16	0
0	14
12	0
0	1
0	1
0	26
21	26
0	1
0	14
0	10
0	29
142	2
3	2
0	24
26	26
0	38
0	26
0	22
0	42
12	13
0	120
23	48
0	0
0	3
0	6
0	7
16	24
0	10
0	24
30	14
45	35
43	6
0	6
59	0
134	0
89	103
46	229
0	100
0	3
37	25
0	2
0	3
0	3
0	3
2	43
0	44
6	2
0	3
0	4
5	56
0	0
0	3
13	1
23	55
0	26
107	78
143	31
0	8
0	8
59	6
34	6
3	0
0	4
0	4
22	16
32	0
0	0
0	5
3	113
3	53
9	5
20	7
0	60
0	4
0	4
75	53
31	64
0	64
0	64
0	2
0	32
12	54
1	54
94	8
0	8
45	17
17	17
7	5
0	5
0	1
10	1
12	61
0	19
0	4
0	5
1	0
4	14
0	15
7	0
1	85
0	17
1	24
0	7
0	1
0	32
10	15
0	0
0	29
0	53
0	53
0	53
0	14
2	6
10	8
79	0
0	57
0	29
117	84
0	0
10	0
0	4
0	14
0	84
0	1
0	1
30	1
0	0
141	0
31	20
0	20
20	16
26	19
0	6
0	6
0	149
83	194
0	75
0	25
0	23
0	18
0	17
97	40
0	2
0	6
0	13
103	7
8	1
17	154
0	154
0	149
0	134
0	37
0	46
0	18
50	47
8	0
0	12
0	10
0	0
0	3
0	0
3	3
8	0
4	3
8	0
16	0
89	0
206	40
0	10
37	28
0	2
0	88
0	318
7	6
7	0
0	345
128	39
0	51
3	49
0	3
0	3
0	22
20	0
14	0
0	0
6	13
1	13
0	0
0	0
59	0
0	0
1	88
0	28
0	11
0	5
0	89
6	11
0	10
0	11
137	28
0	28
5	9
0	82
0	119
0	0
0	17
9	54
0	53
0	76
4	4
1	62
0	62
0	60
0	15
0	11
1	0
9	2
0	18
0	21
0	58
9	70
8	0
661	23
10	9
0	0
0	77
0	77
0	0
7	0
0	51
11	52
0	1
22	1
12	0
32	0
20	2
0	1
0	2
3	1
0	0
35	0
0	9
16	10
0	0
0	0
61	2
0	0
0	13
12	58
56	58
0	27
0	75
0	75
0	67
0	65
25	64
0	39
0	0
0	15
0	0
5	0
0	4
2	24
0	4
26	50
8	11
0	11
0	95
0	95
0	4
27	4
4	36
0	36
8	28
0	28
2	6
1	29
7	28
0	1
2	1
1	1
0	0
0	0
0	0
0	0
0	0
1	0
6	1
0	1
1	23
1	46
0	2
0	6
0	15
8	8
15	7
17	41
62	12
0	12
17	38
0	29
0	38
0	0
17	0
0	4
2	0
0	13
0	11
0	11
0	3
4	3
0	5
0	5
98	1
6	5
2	5
80	30
0	20
30	52
0	6
15	16
0	46
0	77
0	150
0	150
6	10
0	4
0	9
0	9
0	9
2	5
0	39
0	68
10	68
0	55
0	37
0	54
1	0
0	111
365	140
148	139
70	8
40	53
52	31
2	26
1	5
10	17
6	17
0	17
4	17
0	15
0	10
0	10
0	2
8	0
0	0
0	17
13	47
61	6
2	13
0	12
0	8
1	12
14	12
0	5
0	1
47	1
18	2
0	41
58	61
0	55
0	16
0	10
14	0
2	0
0	0
0	0
18	6
0	6
0	5
9	0
13	59
0	6
93	87
0	7
0	8
18	35
1	39
77	121
0	9
0	15
0	67
12	103
0	81
0	83
0	31
9	10
5	0
0	39
0	39
13	41
0	41
0	9
7	49
0	100
0	29
0	100
0	10
0	12
17	0
51	33
0	195
0	100
0	280
65	77
57	46
40	18
70	16
0	3
56	38
0	30
0	25
48	0
33	15
44	0
61	8
0	340
3	42
16	32
0	37
4	0
0	0
2	0
5	8
0	17
0	8
2	17
59	51
1	48
0	12
0	9
189	39
0	0
0	0
0	28
55	15
0	46
16	40
0	3
0	3
145	54
0	5
0	54
19	249
0	0
0	0
0	0
0	0
0	0
0	5
0	47
263	0
25	0
0	96
0	96
0	96
0	104
0	23
9	46
0	22
44	36
0	104
41	32
0	55
0	55
5	41
0	38
1	32
1	31
17	9
32	9
65	33
78	33
38	139
7	118
4	7
52	27
8	130
0	38
0	45
0	23
0	4
2	0
0	0
13	0
0	92
0	8
0	92
0	0
3	8
0	8
14	60
9	58
2	22
63	34
0	17
0	17
7	24
0	17
35	1
0	0
0	0
0	17
0	49
0	152
0	152
0	12
0	20
10	63
0	0
0	8
45	16
0	16
8	13
23	28
135	106
0	8
5	6
0	17
0	87
52	6
24	0
0	0
0	0
0	1
15	5
0	0
0	9
0	5
0	9
0	9
125	342
36	321
18	342
0	47
0	2
0	0
0	45
5	56
0	11
0	0
0	43
0	35
4	0
0	58
26	17
3	0
0	0
0	1
0	15
0	4
0	1
2	0
0	3
0	0
0	3
0	3
0	3
0	14
0	0
0	3
3	3
0	17
116	57
11	42
265	18
17	54
3	0
1	54
12	0
47	57
0	37
24	16
6	16
0	0
10	123
66	123
5	0
0	3
0	0
0	3
0	0
0	33
0	18
61	51
52	10
0	10
0	6
0	0
22	43
3	43
54	56
0	55
103	245
1	233
0	145
2	6
0	12
0	1
2	1
152	0
166	0
12	0
37	56
0	16
0	22
0	40
10	1
0	1
0	1
0	0
10	887
15	18
0	17
0	10
0	7
0	7
0	7
0	7
0	7
2	0
24	7
0	9
0	5
0	29
0	33
0	29
0	33
0	29
0	6
101	1
0	0
0	0
2	0
3	1
101	3
1	0
0	3
32	48
322	48
0	0
10	52
2	10
1	5
22	49
0	27
0	13
0	42
0	0
9	0
0	12
0	0
0	5
17	0
17	8
14	110
0	73
0	152
0	2
1	152
0	23
0	152
0	1
11	1
34	74
0	76
79	76
0	51
2	5
78	63
2	16
12	0
0	30
10	44
1	107
1	109
1	186
4	26
0	0
0	15
0	3
0	203
106	59
22	43
0	54
15	19
0	13
0	18
7	0
10	86
0	2
7	0
108	20
5	31
0	31
0	74
0	65
0	24
0	67
0	39
10	0
0	0
0	0
0	0
15	0
3	21
0	44
0	23
0	49
0	44
16	122
0	122
0	47
0	11
54	66
4	0
0	11
7	60
11	7
7	0
0	7
3	12
3	0
0	12
5	12
11	94
0	86
135	80
2	4
4	15
5	46
48	25
0	0
5	4
3	8
262	401
0	3
25	398
0	133
4	7
0	170
86	85
103	180
11	30
19	122
0	86
7	95
0	90
0	91
5	99
0	10
0	0
6	3
2	61
0	21
0	5
0	48
24	41
0	28
17	31
0	14
0	47
34	12
0	0
0	0
0	0
0	7
399	46
5	41
0	14
1	28
11	25
0	3
0	91
6	91
6	11
0	0
2	9
2	0
0	11
7	11
35	15
3	9
1	5
48	6
9	76
0	54
0	39
1	38
35	37
117	54
0	52
9	0
0	2
0	3
0	3
0	3
0	0
0	0
0	0
0	27
0	31
13	34
0	18
0	22
0	22
0	4
0	0
3	4
0	31
0	12
0	12
0	12
0	8
0	8
53	0
0	0
14	0
17	37
22	7
0	7
0	2
40	2
0	7
0	2
38	0
0	43
11	100
0	50
10	107
17	14
5	0
0	8
4	60
0	57
4	65
0	8
0	26
51	8
0	0
0	3
0	4
0	4
17	73
4	72
0	0
4	6
5	62
0	36
0	23
0	22
15	57
13	5
0	5
3	4
0	43
22	4
0	30
442	92
0	90
198	101
11	80
0	78
0	15
14	0
0	10
0	6
0	6
0	0
21	0
0	0
0	18
17	39
0	12
0	3
0	58
3	52
0	54
0	6
244	59
0	59
27	3
0	0
0	0
0	12
0	12
12	14
0	4
0	0
0	0
0	5
0	0
0	0
0	66
0	96
10	55
22	12
0	12
0	7
23	2
0	1
0	49
0	24
13	0
12	4
2	4
0	4
122	112
0	65
0	38
23	12
0	3
11	3
24	0
0	47
0	62
3	83
0	83
0	3
91	5
0	5
12	5
25	19
0	10
0	0
0	18
0	186
0	187
0	10
0	10
66	0
10	26
20	142
0	34
1	27
15	8
0	207
0	49
63	0
2	2
13	2
11	2
20	2
19	62
0	97
0	92
7	13
0	0
0	4
196	71
7	71
2	0
0	0
2	0
0	0
0	0
0	6
0	0
0	0
10	6
15	22
5	15
0	13
173	8
0	8
0	19
0	19
0	17
0	17
0	17
0	1
0	19
0	131
0	131
187	104
8	0
5	54
0	54
0	0
0	2
9	2
0	10
18	3
5	47
0	81
127	9
0	82
0	73
0	7
0	76
21	86
0	2
10	2
53	3
0	1
21	0
14	15
1	14
10	1
6	0
37	33
2	0
2	18
0	26
0	8
85	6
13	6
0	53
0	15
22	53
9	1
0	30
0	30
2	30
5	29
0	24
0	0
15	0
0	0
0	0
0	0
0	0
7	22
0	0
16	5
0	54
14	66
244	0
0	2
121	36
5	68
0	10
0	10
6	6
0	72
0	30
15	73
14	25
5	30
0	72
49	0
180	0
1	0
152	0
0	0
0	5
0	15
35	30
0	9
0	12
0	12
0	68
0	68
1	0
2	6
26	68
0	0
21	0
9	0
79	0
9	5
25	5
0	53
0	39
0	28
0	80
0	80
9	5
0	85
0	0
0	23
0	80
0	4
0	13
168	97
38	90
0	1
0	0
12	6
219	20
0	1
43	15
0	1
0	10
0	70
0	71
0	0
31	159
0	0
0	16
9	65
0	52
0	5
0	23
0	15
0	24
2	23
0	20
0	20
83	0
107	93
0	57
43	6
0	23
0	0
0	13
0	8
0	1
9	18
0	59
18	16
0	16
9	19
14	5
0	4
0	3
0	14
60	30
0	20
100	33
0	13
0	3
0	0
0	0
17	6
42	6
0	4
14	0
0	0
0	26
66	217
0	70
0	70
9	70
0	69
0	51
0	124
20	8
3	8
9	326
0	4
0	0
0	0
0	26
0	26
146	0
0	13
12	14
0	4
0	4
0	36
0	41
0	10
13	10
8	7
0	7
6	7
0	0
0	48
0	44
8	4
0	4
0	20
56	48
181	0
0	38
0	0
15	0
0	38
38	11
5	36
0	1
0	1
0	8
0	0
15	9
0	0
0	53
28	53
0	20
0	9
0	0
1	0
3	11
127	73
2	60
105	127
11	104
105	15
0	15
0	5
0	11
0	6
25	0
135	7
0	7
0	2
108	17
0	2
0	6
2	5
0	51
0	51
0	18
56	23
0	37
88	4
0	4
0	30
0	111
0	17
0	16
0	17
8	14
34	2
0	0
0	4
0	2
31	134
307	0
12	29
53	8
0	8
1	25
0	38
0	19
34	35
0	42
0	14
0	43
0	13
0	11
0	11
23	49
23	0
0	78
29	78
0	106
13	106
0	102
0	102
101	16
5	44
10	9
0	9
38	17
4	36
0	984
0	965
1	19
0	33
0	36
0	36
0	36
31	36
9	12
0	12
50	9
0	9
69	37
38	60
0	23
0	101
0	0
6	17
0	9
0	13
0	6
0	13
7	6
0	6
0	6
4	22
0	6
0	7
0	3
85	74
111	74
0	6
1	0
2	0
0	0
0	39
3	40
0	12
0	67
7	38
0	44
2	6
6	44
3	26
39	22
0	44
0	8
0	7
0	31
0	143
0	135
0	6
0	28
0	28
0	6
0	7
0	7
13	76
0	76
17	29
0	0
5	18
26	18
8	5
0	5
0	5
11	5
66	5
0	3
0	24
0	15
0	14
0	24
0	15
0	23
0	37
86	44
0	39
85	31
24	12
22	26
0	20
89	22
4	0
13	8
5	6
0	6
8	12
126	172
481	133
0	0
2	57
0	79
0	0
0	47
29	47
17	7
0	54
0	0
1	74
49	120
8	0
0	59
0	25
0	52
0	59
0	18
0	59
0	25
0	19
40	0
4	52
0	16
0	8
0	1
0	56
109	0
0	2
99	2
0	52
3	52
7	22
0	10
0	5
4	5
0	22
55	0
32	80
18	80
0	59
0	47
0	47
0	12
0	12
79	10
0	9
8	5
34	5
9	5
5	0
66	0
29	17
10	0
1	27
18	50
25	50
3	103
0	103
0	8
0	34
0	59
1	59
0	59
0	3
0	27
0	2
75	0
124	100
48	63
5	0
28	46
1	38
0	38
0	3
0	49
0	0
0	0
14	0
0	0
0	0
0	0
0	0
0	25
0	25
0	1
3	0
2	1
7	0
0	17
0	17
1	33
0	27
0	47
0	36
0	47
0	47
0	48
2	18
0	28
0	40
6	59
0	22
0	39
0	9
12	212
0	18
0	3
0	39
0	103
64	20
5	6
0	223
38	8
1	8
49	14
8	14
17	16
0	16
1206	1609
0	15
0	15
8	10
0	11
0	3
0	6
76	55
0	18
0	14
0	31
0	77
46	73
391	17
0	77
0	3
3	6
0	39
63	40
0	40
6	19
22	15
0	23
3	9
0	0
0	6
13	14
0	14
0	23
3	114
2	48
3	99
0	22
0	0
6	21
0	0
3	0
43	98
6	0
4	0
0	98
0	98
117	0
36	13
6	13
5	9
1	9
5	0
0	1
26	30
0	17
20	9
0	5
8	42
0	0
0	42
0	17
0	17
4	98
41	125
0	45
8	9
4	5
12	6
0	6
0	0
72	0
0	40
0	0
0	5
8	9
0	39
0	6
0	0
0	0
3	8
0	0
4	40
0	0
0	53
0	0
0	59
0	59
0	59
0	4
15	16
93	59
8	69
197	12
164	46
0	17
0	17
57	0
71	13
226	13
1	3
79	0
41	0
0	19
0	18
1	3
0	0
0	1
6	0
5	0
25	33
5	68
0	46
0	18
7	2
7	2
0	144
1	19
5	0
7	10
0	145
9	5
4	5
0	309
0	309
0	307
0	294
16	10
34	0
18	31
0	25
0	25
0	5
0	0
0	307
43	12
0	4
2	0
0	0
17	128
0	128
0	22
0	26
22	19
3	6
0	38
0	38
64	13
3	35
2	64
0	64
0	56
0	27
39	0
33	14
6	12
2	2
28	0
0	10
0	10
0	10
0	1
5	38
0	1
0	38
0	9
34	21
3	21
0	0
0	1
0	15
0	0
5	1
0	15
13	54
14	6
12	11
26	43
0	16
0	5
0	5
0	87
0	93
5	98
40	9
0	0
0	0
9	36
0	36
0	18
0	17
0	2
0	16
81	41
0	4
0	1
0	76
41	70
30	13
0	14
6	8
1	1
0	14
0	38
0	70
0	12
6	9
33	24
1	70
0	7
0	8
0	3
0	2
0	2
1	11
11	17
0	0
0	11
0	9
0	2
1	6
0	11
0	11
0	41
25	41
0	41
0	41
57	192
24	18
0	16
0	8
7	57
0	8
0	12
0	16
111	95
0	14
12	24
100	24
4	97
0	3
0	36
24	104
0	36
33	0
57	60
0	13
12	26
37	40
10	25
0	15
12	9
0	13
121	22
8	59
37	59
2	59
46	0
0	28
0	4
0	28
0	29
0	64
15	76
0	18
0	28
0	24
482	51
0	107
0	57
0	93
107	98
0	7
0	7
0	7
22	248
261	91
0	33
88	42
28	23
12	14
0	15
1	6
0	5
0	3
0	5
0	5
0	5
34	7
33	27
0	0
0	9
0	0
0	3
0	3
0	3
1	3
19	3
10	6
1	0
79	6
0	3
0	191
0	187
19	86
12	25
0	9
7	189
0	3
5	11
0	50
0	11
0	8
0	0
18	17
0	1
45	17
5	58
0	72
1	0
4	0
26	21
0	0
0	0
2	0
11	46
7	53
11	50
9	0
0	3
1	34
0	25
0	34
0	14
7	1
0	9
0	9
0	8
0	5
0	8
0	14
0	10
0	0
0	10
0	15
0	0
0	3
6	8
11	15
0	0
0	7
0	4
15	10
85	85
0	84
18	9
7	8
2	5
0	1
0	23
0	23
0	20
0	0
49	59
13	0
43	59
5	0
0	0
0	36
0	70
8	70
0	0
0	0
2	23
5	23
0	23
58	100
0	26
1	9
0	82
1	273
0	135
0	16
0	0
50	13
0	38
12	25
0	18
0	273
0	13
0	3
0	3
9	0
82	22
0	16
0	16
480	172
0	14
132	106
0	10
11	53
0	53
5	0
0	6
43	0
20	61
0	61
0	0
11	0
3	2
26	21
0	3
0	21
0	70
11	70
0	25
0	70
3	0
0	6
2	0
0	6
0	3
0	0
0	0
0	2
0	20
0	20
0	20
0	57
0	5
0	5
0	7
0	33
0	2
87	68
0	0
0	0
0	0
2	0
0	7
0	7
39	6
0	6
0	6
32	15
0	1
0	7
0	7
0	0
0	187
0	1
0	187
96	0
27	24
97	44
0	8
0	0
3	41
0	42
0	6
0	1
0	32
32	37
3	37
4	25
0	29
3	25
36	26
0	26
0	11
0	11
15	4
0	2
0	21
0	66
0	2
0	0
153	11
1	0
0	17
0	21
0	8
0	8
23	0
1	51
0	79
0	52
0	61
11	61
0	0
0	0
2	33
0	55
0	18
0	16
0	20
0	32
0	32
1	34
0	2
0	11
0	45
0	9
0	3
0	34
0	2
0	0
0	2
0	55
0	57
19	64
0	53
2	40
22	1
0	1
4	1
15	8
22	63
0	60
2	0
0	64
3	14
0	31
2	19
28	5
1	0
0	5
0	0
0	169
0	169
0	61
0	5
0	106
13	159
3	42
0	24
0	24
8	36
0	36
12	0
0	1
336	0
0	90
0	95
0	90
0	90
29	0
0	152
0	147
19	0
26	0
4	97
0	3
0	90
0	90
21	0
0	94
0	7
21	87
17	62
3	62
12	12
0	50
0	50
4	0
0	13
20	31
1	3
0	11
0	0
0	0
124	286
0	47
33	1
0	1
5	114
2	11
14	25
3	14
18	13
11	19
0	15
0	4
0	13
0	0
0	0
0	6
0	42
0	57
0	144
4	94
0	18
0	10
6	16
2	11
0	12
45	31
0	3
0	11
0	3
0	0
0	0
0	11
6	9
0	15
0	3
0	128
0	18
25	160
0	3
0	6
0	148
51	0
4	29
0	20
0	18
0	7
23	7
1	2
3	6
1	22
0	22
12	53
0	119
0	119
0	119
0	43
0	25
0	13
12	0
3	13
0	0
6	6
0	1
0	4
0	10
40	85
0	84
0	14
12	2
0	0
5	54
0	54
0	6
0	1
0	6
0	53
0	14
0	0
0	0
2	7
1	67
6	10
0	63
14	23
0	63
23	2
1	2
17	0
34	0
0	0
0	28
0	3
0	0
2	0
0	0
0	0
0	26
0	28
0	54
0	31
0	2
0	1
0	1
0	1
0	16
3	0
0	146
0	161
0	68
7	82
4	19
11	19
21	0
23	119
0	37
21	2
3	7
0	35
28	35
1	30
19	42
0	30
0	28
15	15
0	0
143	0
274	12
0	6
0	5
0	5
15	5
0	5
1	38
1	5
0	31
0	5
0	4
0	0
0	0
21	0
0	0
0	4
5	0
4	15
0	21
11	20
13	21
3	29
24	1
20	96
0	5
5	117
0	0
0	5
13	9
3	9
40	35
25	29
1	29
0	18
55	33
46	29
0	5
0	1
0	15
0	15
18	18
0	32
1	36
0	12
0	9
4	0
48	18
34	0
19	0
190	11
0	9
64	11
0	20
1	62
0	35
0	41
0	65
0	46
0	43
0	40
0	13
0	52
0	27
0	46
0	22
11	52
0	28
0	10
2	8
0	12
13	18
0	8
0	7
0	17
0	10
0	7
0	7
167	20
0	16
0	14
12	63
11	81
23	17
9	17
100	8
0	17
19	17
1	24
39	0
12	24
0	0
18	0
25	35
0	35
5	5
0	58
0	58
0	53
0	55
0	55
0	27
0	1
0	0
12	32
0	0
0	0
152	0
9	46
16	38
40	28
0	3
0	0
13	38
0	0
5	8
0	0
0	36
12	36
3	0
0	0
9	1
0	176
1	182
0	9
3	0
0	54
0	4
0	50
0	49
35	14
163	38
170	135
0	0
66	91
0	28
107	87
14	28
37	0
5	12
0	75
8	17
0	0
24	3
35	8
20	8
50	0
0	0
1	22
11	22
4	4
0	4
0	2
0	0
0	4
0	10
0	10
37	6
23	16
0	9
0	7
133	0
0	0
0	0
0	0
10	0
10	16
2	9
0	0
0	0
0	13
97	24
7	24
46	35
17	57
28	9
0	0
44	71
0	46
0	128
6	7
0	8
4	7
0	20
3	26
39	33
3	39
8	50
0	38
2	35
2	21
8	16
0	16
1	17
0	14
58	15
0	1
0	1
4	0
40	4
0	4
2	4
12	49
0	49
0	0
0	0
0	0
182	274
439	275
50	39
5	51
3	7
0	97
0	97
0	8
0	104
0	0
0	4
0	88
7	176
13	176
3	147
55	32
21	25
34	12
0	31
0	40
92	57
14	9
0	23
0	3
0	13
7	18
10	29
0	5
0	6
0	26
19	20
0	20
0	10
0	10
5	5
0	32
5	14
3	0
16	6
2	13
0	7
3	0
4	16
0	0
0	16
2	0
0	0
0	11
0	11
0	4
0	19
10	37
3	9
0	30
0	9
13	0
0	28
0	46
6	28
4	46
0	28
0	28
161	31
40	0
0	127
0	115
0	39
0	16
0	24
0	45
9	45
14	33
0	45
0	0
1	1
3	1
110	31
0	31
10	8
0	0
2	24
51	51
0	31
21	0
0	20
35	42
0	7
4	11
7	0
4	25
0	15
0	12
0	12
0	0
2	11
18	26
0	18
13	13
0	12
2	20
0	20
0	20
0	20
0	20
0	13
0	5
19	107
24	87
0	32
0	4
0	12
84	26
0	5
0	18
8	57
0	57
105	0
0	51
1	16
1	0
0	51
0	0
0	0
0	0
0	0
6	0
0	0
2	7
6	36
0	29
0	13
0	13
0	53
0	54
27	53
2	35
0	52
0	54
0	54
0	53
0	52
35	53
3	16
0	11
0	11
0	33
0	31
36	52
0	44
0	41
0	19
0	7
0	5
10	0
61	8
0	8
64	28
0	28
0	8
52	16
0	15
0	15
6	0
0	0
27	1
26	36
16	33
1	7
0	0
59	0
0	51
0	47
0	51
0	2
0	4
0	75
0	75
5	72
0	67
0	82
0	48
0	61
0	61
13	2
0	1
36	61
6	44
4	44
0	15
0	0
0	0
0	5
16	0
8	5
0	0
0	29
81	3
0	3
0	3
0	3
0	3
0	3
1	3
0	3
6	0
19	3
10	3
10	0
38	74
39	68
0	40
0	12
0	24
0	9
0	11
0	3
0	8
0	7
0	7
0	7
0	5
5	0
12	0
0	4
0	39
819	1747
0	39
0	211
0	45
0	462
0	0
4	0
11	4
0	4
0	0
0	4
4	0
149	59
1	70
0	69
0	57
8	1
0	4
8	1
4	0
0	4
6	0
0	12
17	83
33	73
0	64
7	329
0	5
0	3
0	329
0	88
0	81
7	9
0	27
1	1
0	88
0	76
0	89
89	5
7	4
0	1
0	2
0	2
81	0
0	2
37	11
24	53
0	7
19	67
59	0
125	179
0	50
5	9
0	55
1	1
41	12
0	2
15	30
0	1
136	0
23	133
29	133
16	14
0	4
0	1
5	4
1	3
15	60
6	29
0	30
0	34
2	34
0	65
12	60
60	30
7	1
1	17
0	52
0	20
0	15
0	48
19	48
0	17
17	0
0	0
0	80
0	0
1	60
0	0
0	8
0	1
0	28
0	8
0	58
0	101
11	35
0	84
0	75
0	74
16	26
0	0
0	0
32	5
2	12
27	59
0	0
0	0
2	0
0	59
8	60
0	1
0	1
0	1
0	0
2	0
0	4
0	30
7	29
0	0
0	0
0	0
0	15
30	0
0	2
7	11
0	11
0	7
0	4
39	78
0	2
0	2
7	0
27	13
0	7
0	7
0	1
0	7
0	1
0	1
0	7
4	1
39	1
0	1
1	6
19	7
0	6
0	6
30	12
0	12
16	12
4	0
0	0
0	12
0	27
0	27
20	1
0	1
0	214
2	5
0	114
0	214
0	153
0	186
54	32
8	88
7	38
3	38
89	35
4	0
34	24
0	15
12	1
1	5
5	0
15	5
5	5
10	2
0	9
5	39
0	21
35	2
0	32
5	32
0	6
24	44
1	0
0	36
0	6
0	8
11	77
0	85
1	21
0	6
51	13
0	0
0	59
0	59
14	0
4	52
0	88
0	20
51	36
18	0
20	27
0	4
0	7
21	0
53	16
9	15
11	13
8	94
7	88
6	17
12	0
5	0
0	0
4	5
0	3
35	3
68	18
0	18
0	82
0	48
0	33
106	14
2	1
0	0
2	0
0	0
0	4
7	8
0	2
5	18
0	16
0	23
0	8
0	10
0	2
0	5
0	0
8	27
0	30
9	30
4	13
0	13
4	0
0	3
1	3
0	3
0	35
0	22
14	20
2	0
0	0
3	44
2	23
0	36
91	15
0	23
0	23
30	40
0	87
0	85
0	4
0	47
12	3
0	3
5	3
10	3
13	3
20	8
4	63
0	114
39	87
50	202
7	52
185	134
62	97
132	242
0	49
0	66
0	1
3	110
7	115
0	13
0	17
47	56
0	5
0	7
15	122
5	8
0	9
0	16
5	1
10	0
0	122
16	0
11	64
0	64
53	26
32	88
6	88
0	14
2	4
62	0
0	47
17	47
0	47
0	31
0	31
20	6
0	4
0	38
0	38
0	0
0	0
0	38
0	38
15	8
0	8
38	6
0	6
0	22
0	26
22	12
0	8
0	14
0	0
0	0
5	9
0	4
0	0
0	7
0	2
0	6
0	0
0	3
0	0
0	17
0	17
0	3
0	3
4	3
0	3
0	6
0	14
0	6
17	6
3	0
0	0
113	31
113	0
152	16
0	0
2	8
0	16
7	0
43	571
0	150
0	37
0	41
0	75
0	15
3	515
0	24
0	7
0	8
67	3
28	65
6	18
0	12
1	26
0	16
0	16
116	13
0	7
27	7
0	0
0	7
0	85
0	80
0	1
13	45
1	74
0	0
0	0
0	7
0	6
0	5
9	6
723	88
0	68
0	79
0	85
0	36
3	16
0	14
0	3
0	9
2	21
19	21
0	3
2	9
8	6
0	9
0	9
0	9
0	3
0	3
0	4
0	3
1	18
9	10
0	10
0	15
0	15
10	11
339	105
2	94
0	95
0	10
0	74
19	1
3	5
0	5
0	43
0	43
0	43
337	32
0	10
0	8
0	1
0	27
0	27
3	10
8	0
9	0
125	0
0	5
0	6
0	6
25	7
0	0
0	84
7	6
9	9
16	9
0	82
0	275
13	246
0	0
6	3
0	74
0	176
0	1
22	114
6	39
0	36
0	10
2	3
4	0
5	3
34	232
0	232
23	54
0	7
14	0
5	5
21	43
0	43
19	20
0	36
4	1
0	14
0	29
0	36
89	0
0	0
11	0
0	0
6	23
26	21
0	5
0	3
7	0
0	3
0	3
75	5
6	0
0	59
0	46
0	57
2	70
0	13
11	14
0	2
6	0
5	0
1	14
1	0
0	46
0	9
24	9
3	6
0	6
0	0
489	94
0	94
4	0
0	15
0	16
6	55
0	0
0	140
0	63
21	123
3	73
30	33
0	22
0	25
0	13
9	11
0	140
10	99
0	65
0	65
0	14
0	14
0	90
0	90
0	56
0	56
0	56
0	56
0	13
38	34
3	17
0	24
0	22
0	16
0	23
28	13
0	13
43	96
12	13
43	0
21	0
12	11
0	0
28	14
11	14
5	36
11	12
0	0
0	21
0	34
41	14
0	25
0	0
3	14
52	35
0	24
0	43
0	94
0	16
48	2
0	4
0	27
0	91
0	91
0	24
68	33
0	10
0	5
6	5
0	9
2	5
0	5
0	5
8	2
0	4
0	2
0	62
10	62
0	0
5	8
163	28
15	0
1	0
4	0
85	34
0	34
0	9
10	32
0	32
0	13
57	158
0	135
9	12
10	16
0	18
0	18
0	15
0	6
19	3
0	3
0	3
0	8
33	34
0	0
14	191
2	0
0	11
12	6
0	29
0	27
0	3
0	27
0	17
0	0
3	0
0	0
49	4
76	34
20	25
2	15
6	61
0	61
0	0
9	0
0	44
3	0
0	63
0	63
8	63
0	7
0	0
1	0
3	0
0	0
29	0
0	0
6	0
243	0
0	60
7	51
22	28
0	6
0	249
0	249
0	9
0	9
0	2
7	15
0	15
183	35
0	35
0	7
58	98
0	0
0	0
0	98
0	13
22	21
18	0
75	11
0	0
0	5
0	0
0	23
0	9
0	118
0	126
0	11
15	21
0	0
0	21
5	0
0	5
0	3
0	16
1	6
0	6
0	6
0	6
7	6
0	6
0	0
39	160
8	61
0	68
0	9
0	0
0	7
0	40
0	39
0	40
125	18
54	53
0	52
0	53
0	27
0	28
12	5
0	29
0	6
0	6
0	6
0	6
6	22
14	22
8	21
31	0
17	0
0	42
0	31
0	39
0	43
0	14
0	22
95	15
0	25
0	12
38	28
99	39
0	39
37	57
2	0
12	30
0	57
0	0
8	0
5	41
0	41
8	4
0	8
59	17
0	0
0	55
0	33
0	53
0	15
0	27
0	5
0	5
20	42
0	55
0	30
0	29
0	7
2	1
4	13
4	3
7	3
0	3
0	3
0	3
0	7
8	4
1	47
0	31
9	36
0	0
0	4
0	8
0	8
1	1
0	5
0	4
6	4
0	4
0	1
0	0
55	7
3	0
23	0
0	7
0	7
3	14
0	14
3	49
0	30
7	0
3	0
0	5
0	0
0	0
0	37
10	0
0	0
0	0
0	13
0	0
0	0
0	13
0	13
0	13
0	24
0	24
2	7
0	3
20	4
10	7
22	76
0	76
0	0
12	24
3	53
0	53
1	16
8	0
5	35
45	119
22	62
0	31
0	31
0	67
27	84
0	73
0	34
4	37
12	27
0	18
16	55
0	53
8	52
10	1
10	0
0	12
0	2
126	0
0	1
3	13
0	37
0	37
167	48
0	10
0	0
13	8
0	8
3	8
22	0
141	48
0	40
0	44
53	42
0	7
0	7
0	9
0	35
0	27
30	0
0	43
74	32
16	50
1	8
49	8
0	19
10	26
0	1
95	21
0	21
230	9
0	4
0	8
0	0
0	5
1	185
0	16
0	184
0	15
0	7
148	69
0	7
0	2
0	1
6	1
0	28
0	28
6	29
0	7
0	7
1	13
0	48
0	10
0	48
9	10
0	1
51	14
7	0
0	0
0	0
2	1
0	15
0	14
0	8
0	14
0	3
0	3
0	0
8	123
0	123
0	102
0	102
0	50
0	62
53	0
0	24
4	25
0	10
0	27
0	21
0	10
7	0
4	50
53	87
0	47
0	107
0	6
0	0
8	0
0	7
0	44
0	5
26	51
3	5
0	37
17	14
14	14
0	2
11	2
0	101
0	6
3	5
3	0
46	103
73	22
17	63
0	6
0	47
0	7
0	7
30	40
152	26
2	5
5	0
0	4
0	4
0	1
10	0
0	20
2	20
0	8
36	41
0	41
5	4
26	2
0	0
1	0
33	66
0	33
0	66
9	4
18	5
0	5
0	0
0	11
6	8
5	11
0	3
18	18
8	18
117	0
23	7
0	8
0	6
0	7
5	7
11	2
0	6
0	6
3	6
0	6
142	12
7	12
0	21
0	21
0	5
0	0
19	0
36	21
0	21
0	5
6	5
2	41
0	41
14	50
0	19
41	6
3	0
0	5
0	5
7	0
87	47
0	47
0	47
0	26
125	22
0	22
77	59
0	28
0	2
0	5
0	15
13	41
0	27
5	1
0	6
1	5
0	43
0	52
0	38
0	52
44	16
0	16
70	54
23	0
45	74
0	51
0	19
0	13
0	1
0	11
0	1
38	1
4	4
48	0
0	12
0	12
0	0
4	0
87	0
42	18
0	18
64	5
24	5
0	32
61	28
0	6
3	0
0	5
0	6
1	53
0	32
0	53
78	88
0	88
0	12
12	12
12	12
2	12
0	14
12	71
0	49
0	26
0	0
9	30
22	30
15	0
74	0
0	20
31	43
5	17
0	27
0	0
24	0
14	0
8	47
7	47
35	0
16	25
26	10
66	5
1	10
0	23
0	23
0	0
0	2
0	2
0	2
0	2
4	0
0	0
0	0
6	0
0	14
147	1
46	0
45	0
136	8
0	0
0	0
2	8
46	5
0	0
0	0
48	0
0	5
0	0
7	0
0	5
0	5
39	36
0	26
1	15
0	26
0	21
25	95
0	2
0	1
0	20
4	11
0	29
0	9
0	11
0	22
0	2
4	2
0	7
0	5
12	8
120	82
0	4
0	15
63	98
0	4
9	0
279	291
0	15
0	113
18	116
1	18
0	18
16	42
0	45
7	0
0	77
0	77
3	4
16	4
5	27
0	0
0	0
51	135
0	64
32	64
0	3
0	6
4	36
1	36
10	10
27	63
0	22
12	24
2	24
24	17
0	17
56	16
0	9
0	15
0	3
0	8
0	5
0	15
0	5
5	0
0	58
3	58
0	58
0	19
88	27
0	12
0	8
0	8
0	6
0	23
0	23
0	0
0	48
0	1
74	52
0	1
1	48
93	38
0	7
38	7
10	5
0	1
0	0
1	0
9	2
91	7
3	4
0	13
0	10
4	2
7	4
75	4
0	3
91	28
115	261
0	101
0	8
0	8
8	9
0	31
53	32
47	36
31	52
134	3
9	3
32	0
62	35
8	40
0	35
55	39
18	26
0	20
0	2
0	1
39	0
252	274
0	100
0	100
0	84
0	82
0	6
0	100
18	14
60	14
74	23
0	9
0	17
1	17
0	2
0	4
0	2
0	2
7	0
62	0
8	18
0	16
0	18
0	42
53	42
0	38
0	1
0	62
0	78
0	77
0	77
4	77
9	13
0	25
10	0
74	3
0	5
5	63
0	5
0	5
0	6
10	6
0	11
15	0
60	15
0	15
0	1
0	10
0	9
0	3
16	0
0	0
2	1
7	10
0	10
7	2
6	11
0	11
0	2
0	9
0	0
0	8
34	0
47	59
0	40
11	5
1	10
11	29
19	40
0	22
0	124
0	77
0	114
5	9
0	7
0	20
0	136
0	92
0	92
0	15
2	35
10	28
0	2
11	2
5	5
17	9
0	10
0	2
52	6
0	5
0	11
92	0
36	79
10	67
0	31
0	4
0	4
0	27
5	35
8	26
35	14
0	19
0	32
0	27
0	43
0	37
0	27
0	21
0	22
0	11
0	28
13	146
0	108
0	31
0	31
0	0
45	10
0	0
0	0
6	0
0	9
0	6
0	35
17	6
8	0
0	17
112	47
0	30
0	18
0	24
7	4
0	41
2	4
19	44
0	23
0	15
0	36
0	41
10	0
0	39
7	39
0	3
28	83
9	53
0	53
0	52
0	10
0	4
7	10
8	21
12	109
38	28
4	25
0	25
0	53
29	0
0	78
0	0
0	0
0	109
4	44
34	55
40	45
0	45
0	4
0	11
30	10
6	0
0	0
2	0
0	2
0	1
0	0
0	0
6	0
0	0
0	0
9	37
0	8
0	2
9	29
0	74
5	29
0	13
0	49
0	20
106	107
0	107
21	1
0	23
0	6
24	0
134	2
2	13
89	64
21	11
0	9
0	9
25	52
0	9
0	18
0	9
0	31
0	18
73	83
163	138
0	55
0	28
0	33
0	33
0	33
0	63
0	63
32	3
0	2
28	9
0	5
0	2
0	5
0	33
0	33
0	33
0	23
0	96
0	50
24	60
23	23
0	6
0	14
0	23
0	16
130	139
0	27
0	1
0	2
0	13
0	22
36	67
0	0
0	9
0	0
0	46
37	12
1	107
0	14
0	75
61	76
0	8
0	9
23	52
0	14
13	0
14	12
4	0
4	16
0	5
0	5
0	107
20	0
24	11
0	19
7	21
0	20
0	0
7	83
0	61
11	1
32	16
0	8
2	4
5	0
0	27
4	57
0	0
0	50
0	10
6	5
11	26
0	11
5	11
77	0
70	91
24	40
6	0
0	69
0	55
0	0
0	32
0	45
0	0
0	1
0	1
0	18
0	3
1	10
0	0
0	11
0	1
0	0
0	1
23	5
0	0
0	4
16	0
4	0
21	11
0	4
0	62
0	32
3	4
3	29
0	41
0	25
0	0
0	0
1	5
0	12
0	28
0	77
0	61
24	0
0	0
0	0
0	58
0	51
0	51
0	4
30	20
0	4
0	0
0	69
74	45
5	17
37	45
0	10
0	5
1	17
7	0
0	98
0	0
0	44
28	313
0	313
0	8
0	19
0	29
20	20
0	18
5	29
3	8
0	1
0	8
0	14
8	6
40	11
0	11
68	43
46	183
0	173
64	172
9	29
3	0
0	0
9	0
8	0
0	84
0	62
20	46
0	54
0	16
0	28
0	9
0	2
0	4
0	0
0	0
9	2
0	0
0	0
0	2
0	2
0	2
0	3
0	3
0	2
6	50
0	67
0	0
0	6
0	6
0	8
0	6
24	1
0	1
2	0
11	14
4	7
4	7
7	1
50	0
11	41
0	41
0	13
0	14
0	1
31	2
118	164
0	0
0	59
0	8
0	98
1	12
0	12
4	0
0	11
29	28
0	27
16	38
4	23
0	16
0	15
0	64
0	63
0	64
0	0
10	12
0	1
0	1
0	3
0	11
0	1
0	11
0	3
0	3
0	21
12	21
36	18
0	35
7	26
53	22
19	22
0	26
10	37
0	37
0	32
25	0
0	52
0	14
0	28
0	0
0	0
7	3
52	62
0	62
0	92
0	91
0	75
3	0
8	114
0	219
5	351
0	326
0	25
168	7
44	16
0	16
27	0
33	2
0	2
0	9
0	0
0	9
0	16
0	16
0	16
0	16
139	30
0	14
16	34
0	3
0	0
0	13
7	161
23	155
0	138
17	108
0	6
36	0
81	0
0	89
34	89
0	5
2	6
0	0
0	0
0	0
0	0
172	182
0	105
0	161
0	152
0	12
34	16
0	16
3	5
67	12
38	80
46	31
6	57
0	35
0	5
0	0
0	1
22	2
0	18
0	13
4	10
2	0
26	74
0	10
0	64
19	64
9	43
0	4
21	4
6	14
39	27
0	16
25	13
0	13
1	126
0	126
0	0
0	8
0	49
6	62
30	57
0	16
0	1
13	1
0	33
0	51
0	41
35	20
0	18
68	0
0	0
32	1
4	1
12	1
15	59
0	21
0	21
26	13
131	22
18	34
12	4
0	23
5	0
0	33
0	92
0	0
0	0
6	0
9	0
8	0
0	69
16	0
0	41
56	2
0	2
0	4
4	77
6	77
0	0
9	0
0	44
1	49
0	46
0	7
0	6
0	1
53	20
0	4
0	0
0	7
13	76
1	8
0	8
1	27
1	30
18	0
0	3
70	31
0	0
15	12
0	12
5	10
0	0
0	0
0	12
0	12
18	136
1	152
4	152
4	152
0	7
3	102
0	102
0	81
17	26
11	1
5	1
85	50
5	6
2	0
0	57
45	61
19	4
2	0
6	1
32	0
105	53
10	72
0	72
7	11
17	6
9	7
6	7
61	21
59	46
6	21
0	0
1	98
16	98
0	83
0	1
42	48
35	4
0	33
0	34
0	13
0	14
0	0
0	11
2	11
0	0
0	6
0	725
0	647
0	641
0	641
0	771
0	22
18	10
0	31
7	0
1	11
34	10
0	4
0	4
0	8
0	25
11	25
0	25
0	12
0	8
0	0
0	18
7	26
0	18
0	19
0	10
0	8
14	27
0	5
0	0
10	12
0	12
5	0
0	0
10	0
117	4
0	4
0	8
0	127
0	142
7	70
0	100
0	133
0	133
6	16
0	130
0	15
0	95
1	18
22	61
0	20
0	55
0	0
0	0
0	0
19	0
6	0
23	51
4	35
0	51
53	0
0	0
0	0
0	0
12	9
178	78
5	3
0	41
0	10
7	38
0	0
0	11
0	11
0	3
9	0
27	0
195	16
0	7
0	8
16	13
0	13
95	67
0	67
0	32
0	0
3	0
0	0
0	0
0	116
4	97
0	116
55	0
10	3
145	31
0	31
0	8
0	8
0	46
0	46
8	46
0	18
0	22
0	41
17	14
0	2
7	10
0	20
3	30
0	20
0	30
2	41
0	6
0	79
0	79
0	19
0	1
2	7
133	49
0	49
0	23
0	23
41	29
0	26
0	26
22	15
0	15
3	45
10	45
28	45
0	45
20	69
4	0
0	12
15	54
0	5
1	0
0	0
13	55
0	45
30	0
0	0
11	135
0	135
0	108
4	0
24	11
12	10
34	4
0	0
1	0
0	135
0	48
0	133
3	0
0	25
0	9
0	9
0	133
92	3
17	0
0	1
0	3
0	0
0	198
30	170
70	31
0	169
0	170
0	52
0	52
0	19
0	19
0	3
0	3
0	2
55	4
1	0
0	32
742	1476
0	5
0	10
50	270
0	17
0	9
3	44
0	194
0	194
325	114
0	35
0	35
0	14
9	27
0	19
2	14
114	14
13	11
21	32
0	0
5	0
39	0
36	0
153	32
0	0
0	38
0	3
120	38
54	28
64	28
9	8
8	32
0	56
0	9
0	9
0	0
72	88
7	1
19	21
0	48
0	103
1	0
0	0
0	0
0	0
0	102
67	7
37	25
0	25
11	56
0	49
32	49
0	49
0	18
0	0
0	0
23	0
19	7
1	43
28	56
0	31
0	21
0	16
0	16
0	6
0	0
2	0
15	0
4	10
0	2
0	8
0	0
0	2
1	0
5	41
0	36
0	34
177	70
12	44
0	54
0	17
54	51
0	23
0	17
1	17
6	17
67	240
0	23
0	0
6	23
16	3
7	3
0	13
0	13
2	13
0	13
0	0
0	0
2	75
0	37
0	70
0	66
0	18
0	50
0	23
0	42
0	35
0	28
0	39
0	46
0	46
0	50
0	42
0	42
0	46
0	46
0	46
0	39
0	6
0	0
9	5
1	5
0	18
5	17
84	12
144	16
0	33
0	133
0	93
0	133
50	133
52	101
0	3
4	3
0	0
11	18
0	5
0	17
49	82
4	81
0	63
0	0
0	32
0	10
0	32
22	0
0	0
8	0
0	67
42	89
0	64
25	16
63	38
0	15
15	37
0	1
0	0
17	14
3	13
94	79
0	15
0	8
0	3
0	1
61	0
0	0
4	0
4	2
8	20
0	12
0	18
0	19
5	8
4	0
0	8
3	10
0	7
3	0
19	14
50	0
0	357
0	357
0	41
59	1
0	1
3	0
0	13
31	14
0	1
0	14
38	47
0	47
0	0
10	0
7	6
7	42
0	17
2	29
5	1
0	2
9	0
10	11
0	0
0	21
0	21
0	11
0	11
18	29
27	29
0	3
6	8
1	8
0	29
20	16
0	5
0	2
0	7
21	283
44	97
0	56
0	102
0	57
0	48
0	17
1	102
225	111
0	1
0	1
6	1
0	1
0	58
2	58
0	55
0	0
59	34
6	33
0	0
0	13
5	12
0	10
108	19
0	16
5	8
0	3
6	2
0	2
0	2
4	0
0	24
65	56
7	56
0	56
0	6
32	207
0	207
1	21
0	21
16	0
14	1
0	0
0	1
2	1
10	27
12	27
0	10
0	17
10	0
0	11
0	28
0	5
83	19
0	7
20	2
28	7
21	32
26	92
0	1
0	0
0	92
0	56
0	38
0	56
13	24
6	0
0	0
0	0
0	13
0	0
0	15
8	248
0	6
0	11
10	25
0	25
38	9
22	0
0	0
0	0
11	3
0	45
25	45
427	80
431	105
20	17
1	7
4	51
40	53
0	10
0	25
0	0
0	0
9	90
0	102
0	101
19	92
34	52
0	21
5	21
0	12
0	10
215	85
0	33
0	2
16	42
0	1
4	17
0	45
5	4
0	4
1	0
0	0
0	0
0	0
53	56
14	0
38	41
78	241
0	241
0	15
0	15
0	15
0	15
5	16
0	0
0	0
0	3
4	8
27	7
7	1
0	6
114	2
0	2
7	28
0	28
33	6
181	0
225	13
0	13
0	1
29	16
0	0
0	6
0	6
85	6
0	9
5	9
2	1
0	110
5	1
0	1
0	110
0	5
4	5
0	0
83	107
7	39
10	28
0	88
0	27
22	28
0	0
12	20
0	0
40	52
0	8
7	8
149	46
0	25
0	25
0	22
53	37
0	37
4	21
0	16
2	2
0	12
0	0
10	23
61	8
9	8
12	3
4	0
0	0
0	0
1	3
19	31
10	31
0	0
0	0
20	88
0	80
0	18
28	8
0	69
0	4
0	0
0	33
85	51
0	515
0	475
0	475
0	515
16	13
0	43
12	36
7	6
4	0
0	0
7	9
0	0
0	9
0	1
0	0
0	0
16	1
0	0
30	0
114	0
5	0
0	0
42	15
0	9
0	15
1	0
26	144
0	48
0	48
0	1
52	10
11	4
29	8
5	8
18	7
16	7
2	8
1	0
0	8
31	0
45	0
160	90
120	21
7	18
0	55
12	48
0	81
2	0
0	13
2	13
0	16
0	5
6	0
24	46
0	6
4	40
49	190
0	190
14	4
0	0
0	0
1	0
0	0
0	132
0	132
68	65
399	65
0	17
0	12
38	56
0	63
27	67
23	0
0	6
11	6
0	3
9	5
0	5
75	77
0	69
0	20
13	20
2	34
18	34
0	11
0	8
0	7
0	8
0	4
56	46
0	46
52	44
0	40
0	33
7	36
5	16
0	20
0	11
7	2
22	11
6	9
0	5
0	39
0	5
10	8
11	31
0	10
0	0
0	0
8	0
0	6
15	86
17	89
0	0
0	0
23	12
0	8
54	0
59	2
10	2
0	77
3	77
6	67
28	14
2	8
0	0
9	5
0	5
0	4
0	4
52	96
0	14
0	20
10	84
0	12
11	56
3	57
0	23
0	25
9	9
4	9
0	12
5	10
0	9
0	7
0	9
0	9
0	3
0	2
6	2
0	0
8	1
0	2
1	2
0	0
13	0
12	89
0	87
0	89
0	81
56	94
0	33
16	113
32	57
0	59
0	107
8	113
1	5
0	15
7	0
1	10
9	0
0	3
5	0
3	53
0	29
0	35
0	2
0	1
0	1
0	32
2	20
0	122
0	122
0	105
0	105
0	105
0	122
71	0
9	15
0	15
76	30
20	0
8	30
10	91
0	55
0	28
0	15
9	17
1	2
32	4
0	4
80	0
0	0
0	0
154	52
137	52
17	22
34	0
9	0
3	0
0	38
0	15
0	20
0	38
0	20
0	19
45	40
14	0
4	3
0	19
39	17
70	0
52	54
31	41
0	4
0	17
0	4
0	0
0	118
2	128
5	56
4	6
0	0
0	0
9	36
0	24
13	28
14	22
2	8
23	17
13	56
2	93
0	4
12	42
0	10
0	3
12	3
0	6
10	6
0	1
4	8
0	8
0	5
0	1
0	5
0	1
3	13
0	7
0	1
0	13
0	9
0	1
13	14
9	1
0	1
14	1
7	13
0	13
0	0
0	0
0	0
0	0
65	13
6	13
37	0
39	3
0	3
181	23
0	14
0	19
9	6
0	23
15	4
0	4
11	37
0	1
0	13
23	37
0	37
0	0
0	0
0	34
1	342
0	348
0	348
76	0
5	33
0	22
0	12
8	63
112	61
20	67
20	43
21	70
0	27
0	27
10	0
0	33
0	38
0	38
0	10
0	87
0	85
0	26
0	117
0	31
0	2
0	2
50	10
1	38
0	29
0	39
53	8
0	29
0	22
1	23
76	7
0	31
0	39
18	23
0	20
4	40
0	23
0	5
0	1
36	0
13	0
0	7
0	7
0	5
0	5
0	3
4	21
5	1
17	20
9	0
0	5
282	0
0	9
16	9
44	40
0	14
0	26
0	77
0	102
0	102
15	1
6	59
0	85
0	5
0	9
0	5
31	0
0	0
43	0
3	22
7	26
34	25
77	26
5	8
0	0
4	0
25	0
2	0
49	0
37	0
44	588
0	13
12	13
0	0
3	0
0	0
7	0
9	35
0	25
43	25
16	18
3	137
3	137
0	40
8	40
0	0
19	41
19	129
0	41
0	41
0	0
0	5
73	10
76	0
23	53
0	13
0	53
0	53
0	4
0	8
9	30
0	30
2	13
0	23
0	8
0	9
0	6
0	2
0	2
0	3
0	12
0	2
0	2
5	12
0	2
0	2
0	0
0	0
2	0
0	0
0	0
0	0
0	0
0	0
0	0
0	0
0	0
0	0
0	0
0	10
0	0
0	0
1	0
0	164
0	62
0	138
3	26
77	71
0	25
119	101
12	21
0	13
0	21
62	68
120	97
0	52
0	8
0	10
0	8
0	16
0	16
0	46
7	46
18	119
7	24
16	26
55	7
0	111
0	25
6	1
0	92
16	0
0	0
0	35
38	28
0	25
0	13
0	38
0	35
18	40
2	0
0	180
0	1
82	70
3	70
2	24
0	39
0	0
0	0
0	29
6	48
0	34
16	40
0	40
0	13
0	1
0	1
0	1
0	5
0	9
0	0
0	12
0	18
84	0
18	48
0	25
0	44
0	5
0	1
44	12
1	77
5	5
0	77
48	153
0	153
19	153
0	125
7	99
0	12
0	12
2	12
0	12
7	12
1	0
70	47
4	47
20	48
0	5
4	0
0	48
147	65
4	47
10	37
41	1
0	1
22	18
0	8
0	22
0	14
40	4
0	4
99	3
113	15
9	0
0	0
39	15
28	387
0	361
10	359
0	50
1	24
0	36
1	26
0	23
0	12
0	12
0	2
8	36
4	36
43	0
0	52
0	52
16	26
2	0
0	44
0	27
97	2
15	27
0	27
76	6
28	27
0	27
0	1
0	0
0	0
0	87
0	22
17	29
14	6
0	1
0	88
88	52
7	24
0	4
0	4
0	0
0	34
0	0
0	33
0	33
103	17
0	11
0	10
5	7
0	0
0	1
22	8
0	1
0	7
1	0
83	3
0	0
0	3
0	123
35	123
0	2
0	4
0	11
0	11
43	11
0	36
0	19
0	19
0	8
22	0
1	0
0	0
0	0
8	10
8	0
6	0
0	13
9	18
3	0
0	3
0	5
3	1
2	5
5	105
6	104
14	77
30	61
2	28
7	27
21	12
0	0
0	4
0	5
238	1
1	10
0	170
82	18
0	83
0	107
0	53
0	40
57	59
4	59
2	27
0	27
28	14
0	14
0	26
0	232
0	13
0	29
9	32
0	9
0	1
13	4
7	87
1	34
23	53
0	209
0	1
12	24
0	17
39	118
3	0
9	0
0	5
23	0
0	0
4	48
7	37
4	0
0	48
0	48
0	0
0	0
0	0
0	5
0	35
35	53
0	11
0	30
76	30
28	130
4	130
0	68
0	3
0	10
0	10
35	7
99	59
4	205
0	205
0	6
0	49
0	150
49	4
7	4
0	44
0	44
90	23
0	31
0	19
12	8
0	8
0	3
0	0
2	0
12	64
0	54
6	54
0	37
0	37
0	37
0	31
12	7
237	21
0	21
34	1
64	42
0	2
0	25
6	5
66	57
0	33
10	41
5	9
8	4
0	5
0	21
0	14
0	14
0	21
11	66
0	22
0	47
0	0
0	7
0	9
0	0
146	0
3	0
0	0
0	0
0	19
0	19
0	5
6	10
0	19
22	0
4	0
37	26
7	0
0	2
4	0
0	0
0	0
72	16
0	67
4	38
14	51
0	0
0	0
33	3
0	13
132	87
0	6
5	6
17	4
0	11
0	4
16	7
88	25
0	16
0	66
0	6
0	0
9	45
0	45
0	0
0	0
0	7
0	14
14	0
4	14
0	0
0	14
0	67
0	16
0	0
20	7
7	0
0	11
0	7
0	67
71	0
64	66
17	66
4	1
132	0
195	90
29	44
0	36
99	6
1	0
0	6
9	0
29	0
0	6
0	6
2	2
0	2
0	3
0	4
0	5
0	2
0	3
0	3
0	2
0	4
0	1
0	4
3	1
0	1
1	1
0	1
5	7
0	7
6	3
0	3
0	0
0	49
3	40
5	0
0	49
0	8
8	1
20	13
0	67
0	7
0	0
2	0
0	0
0	54
0	21
0	23
0	23
0	14
0	7
0	3
30	20
43	0
21	68
14	55
0	27
36	17
0	1
0	1
0	13
12	0
0	10
0	5
22	4
0	4
0	4
0	6
154	120
5	82
0	21
0	26
4	25
0	1
69	1
0	18
0	18
0	18
0	29
0	36
0	28
6	32
0	20
8	20
0	28
99	33
34	57
34	39
0	5
1	1
5	11
66	38
7	37
41	5
26	0
0	0
0	0
6	1
15	66
5	56
0	30
0	22
0	22
2	57
0	28
337	0
0	0
27	0
16	45
1	21
24	89
0	31
5	63
5	58
0	8
60	100
0	2
0	8
0	8
0	18
0	1
0	6
74	2
0	2
23	25
0	19
4	19
0	4
5	4
9	0
5	5
0	6
43	37
26	13
0	0
7	0
85	39
0	191
2	11
0	13
4	9
0	3
0	0
0	0
0	0
2	0
34	171
0	2
284	12
0	7
10	122
4	126
8	9
1	0
6	9
52	23
0	14
7	16
202	26
14	26
13	63
0	55
27	0
157	171
18	0
15	171
144	0
0	61
0	35
0	54
56	70
0	5
0	8
0	50
13	50
8	0
23	13
4	3
62	80
0	4
0	10
0	4
22	0
5	1
0	13
0	14
0	18
0	17
0	17
0	17
0	19
6	14
0	19
0	0
5	1
11	2
0	2
21	22
1	67
10	35
43	28
0	36
14	10
0	13
0	40
17	40
12	26
0	9
4	98
6	18
0	37
0	21
0	0
76	38
0	35
0	66
1	66
0	28
5	49
68	145
24	0
2	39
0	15
0	19
0	1
42	95
0	31
0	2
0	2
7	11
0	11
22	33
0	59
5	40
4	29
0	13
33	31
0	9
11	9
0	24
0	0
0	114
1	114
0	52
8	14
0	29
4	20
54	1
0	20
41	0
0	12
0	0
0	60
4	3
1	12
0	12
23	161
11	161
3	0
0	0
48	20
0	11
0	15
29	11
0	2
0	6
5	3
0	1
15	9
696	115
0	307
0	142
0	111
0	284
0	69
110	56
0	4
0	9
64	4
0	47
7	0
33	35
8	12
7	0
0	12
83	17
8	35
16	35
0	171
0	10
242	169
0	125
20	0
41	77
0	59
0	77
0	19
0	4
0	0
5	0
0	0
0	13
0	3
0	2
1	2
0	1
6	259
0	103
0	64
3	0
0	76
0	76
8	62
0	49
2	2
0	5
14	0
0	159
0	68
0	74
0	125
0	253
0	40
0	25
0	11
0	28
0	28
0	9
25	6
0	0
6	11
14	4
22	11
7	39
17	39
0	7
100	12
34	1
0	48
3	48
0	62
0	0
0	1
34	54
0	62
0	13
71	12
33	30
5	30
41	225
41	24
0	196
5	41
20	10
8	27
29	4
3	0
0	0
0	0
0	1
0	3
1	53
40	66
39	55
0	6
1	6
6	53
0	57
0	11
0	35
54	60
0	56
0	25
0	13
7	48
0	26
0	15
11	11
3	57
0	10
0	39
5	14
0	398
0	13
39	0
27	41
0	50
0	47
0	50
35	5
0	10
51	16
0	10
0	26
141	7
3	5
36	85
0	85
0	133
0	68
0	131
23	134
0	114
66	0
0	0
0	0
0	0
87	518
0	239
0	91
24	48
21	5
0	48
24	158
108	15
0	15
0	12
0	0
0	0
0	0
8	0
0	11
29	0
0	0
8	100
0	15
0	201
0	201
0	143
0	98
4	3
9	4
0	1
16	70
0	1
7	14
0	5
0	5
0	0
2	7
58	88
1	7
43	17
0	17
0	17
10	17
1	12
0	11
0	11
0	10
0	8
0	8
0	57
0	25
0	56
0	12
0	0
0	0
9	0
0	15
0	53
0	53
2	77
0	71
205	8
7	8
0	36
4	36
70	248
0	163
0	14
0	60
51	6
0	0
0	0
0	36
56	0
22	65
0	78
51	52
4	255
0	255
0	52
0	52
0	46
70	141
41	126
29	24
0	11
0	1
167	46
0	15
0	1
43	28
150	86
9	45
0	12
0	43
56	16
2	2
10	30
0	30
8	0
0	101
0	152
0	152
11	27
0	23
0	0
0	18
0	0
0	60
1	60
3	1
1	3
22	0
0	1
0	1
0	1
2	0
0	1
0	1
0	0
0	1
9	4
7	1
12	0
0	9
0	5
9	5
0	4
1	31
0	7
15	36
0	28
0	0
17	2
7	293
0	59
0	0
0	0
0	0
0	0
0	0
0	0
0	0
0	0
0	0
19	39
168	39
25	1
0	33
0	100
0	38
0	40
19	39
0	27
0	26
0	26
0	26
40	18
0	12
0	11
0	9
0	0
9	0
0	0
5	13
0	19
0	6
0	77
0	219
0	59
0	60
0	171
91	130
0	0
7	23
0	4
0	3
0	3
9	22
0	22
0	2
9	0
0	0
0	5
0	20
0	0
0	20
196	248
0	174
0	214
21	187
0	126
0	98
0	50
12	0
0	0
0	166
1	60
0	127
3	58
673	413
134	7
0	0
0	7
5	49
6	27
0	45
0	30
7	49
1	96
4	94
0	1
102	34
0	0
35	44
8	6
0	18
0	6
0	12
8	175
0	10
0	23
0	32
0	26
89	166
4	5
0	3
0	14
0	838
0	144
41	2
0	273
0	13
2	30
56	21
0	10
3	2
12	7
0	0
18	0
286	2
0	3
15	7
0	838
5	11
15	11
153	144
11	22
50	74
36	71
0	55
0	18
0	28
7	37
0	64
0	64
13	9
7	18
1	0
0	0
0	7
36	7
3	16
0	11
0	1
0	17
312	98
0	17
41	8
0	12
0	7
63	116
0	4
0	30
0	39
0	1
0	0
0	20
0	20
39	0
52	0
0	2
0	14
0	14
6	23
18	9
4	10
0	10
0	2
2	0
9	0
0	2
26	0
10	16
5	22
3	6
7	8
0	8
18	61
0	192
7	87
56	100
12	96
0	89
10	5
11	46
0	0
0	36
18	36
6	30
0	36
13	33
0	0
15	33
0	15
0	15
0	17
0	16
40	12
0	12
0	12
0	12
131	30
0	10
0	0
3	8
7	4
6	4
24	53
0	53
0	31
4	12
0	4
0	12
30	25
162	945
0	3
0	3
0	42
0	44
14	28
79	7
0	107
0	109
98	109
0	6
8	5
0	5
0	5
0	0
3	0
7	4
6	4
0	12
0	12
10	0
4	6
0	4
0	1
0	1
0	5
17	1
0	2
0	10
6	72
0	36
0	17
0	28
0	1
0	72
138	0
43	44
7	232
10	28
6	44
0	22
6	66
0	15
71	3
0	3
0	98
0	71
16	39
0	56
26	0
0	43
0	71
20	115
0	107
37	87
20	1
11	1
0	2
4	1
3	0
0	31
0	42
0	42
0	102
0	64
0	77
0	35
0	5
766	161
11	135
4	106
9	0
0	41
0	39
10	39
3	9
0	6
6	6
20	24
0	10
0	10
0	9
7	8
0	1
25	1
0	10
120	73
160	15
29	28
0	71
24	55
69	6
96	234
0	28
0	0
25	604
0	10
0	25
0	34
0	74
0	7
0	10
0	46
0	59
39	50
39	59
0	208
0	101
4	28
0	85
9	4
0	5
74	5
0	5
0	5
0	0
0	0
1	0
26	73
3	15
0	10
0	83
17	27
9	55
0	48
5	78
24	86
34	57
23	16
0	8
0	122
9	1
261	148
5	50
15	50
0	0
0	4
60	26
16	3
1	23
0	74
13	30
4	30
0	3
0	0
0	0
0	0
13	1
3	7
1	7
0	44
0	10
10	0
16	27
0	27
8	22
4	3
0	0
21	22
0	23
0	85
3	0
0	64
0	64
16	1
0	21
0	23
14	11
1	11
75	80
0	80
3	80
24	3
3	42
0	3
3	0
54	151
88	27
0	0
0	151
42	24
34	27
1	30
5	85
0	11
18	143
2	100
0	7
0	43
0	0
0	0
65	0
3	0
0	0
0	0
69	83
0	37
10	37
0	37
0	37
6	8
0	8
1	30
16	30
0	6
0	6
0	14
0	1
0	11
0	11
17	8
0	2
18	99
0	9
60	43
22	2
26	0
0	1
21	1
0	1
0	3
296	189
0	170
0	170
0	170
3	42
0	98
3	0
27	13
5	0
0	26
2	0
0	26
9	38
0	26
12	8
0	1
0	0
0	0
2	23
1	1
86	2
0	12
37	46
0	0
16	29
0	29
0	41
0	37
2	0
0	63
35	7
9	0
0	16
0	70
0	60
0	59
11	3
0	3
0	3
6	1
0	1
0	63
21	26
0	19
0	15
3	0
0	0
7	0
0	118
56	120
0	120
42	22
0	22
1	7
0	2
0	11
0	11
90	42
66	40
0	36
6	43
0	35
0	48
0	35
0	9
0	40
7	152
20	152
0	27
20	26
9	16
4	8
0	210
16	210
17	210
199	104
7	17
0	15
0	18
0	33
0	33
0	5
0	7
0	30
0	17
0	27
21	0
4	0
32	0
29	57
0	57
0	786
0	83
15	332
0	384
1	310
3	256
0	232
0	16
382	786
0	691
11	8
1	0
0	339
0	344
7	668
0	14
0	638
0	26
99	5
0	99
6	71
0	67
0	29
0	23
3	19
0	8
2	4
115	19
1	11
61	108
0	110
99	0
65	26
1	57
0	96
0	121
4	44
23	72
21	33
13	0
10	0
0	25
15	25
19	13
4	6
0	10
0	10
12	10
3	56
0	56
7	27
10	14
0	7
0	7
0	0
0	0
0	49
5	83
51	34
9	1
0	1
0	0
0	35
0	35
8	1
1	25
0	9
11	0
1	2
0	113
0	34
7	21
13	3
1	11
0	91
0	83
0	33
0	12
20	33
0	12
0	12
1	0
0	0
0	0
7	15
0	0
1	2
0	0
2	6
1	6
11	11
0	20
0	26
7	39
0	6
0	12
0	6
8	44
0	19
0	16
0	25
0	11
0	7
14	12
11	1
83	0
14	0
4	0
6	2
0	2
11	2
0	2
0	2
0	0
10	32
0	2
0	2
0	37
4	8
4	2
0	24
0	17
6	8
0	104
14	63
0	30
7	40
0	40
6	26
0	45
0	2
17	2
11	1
0	0
17	77
0	72
0	66
0	72
0	0
7	14
12	14
14	0
9	0
0	32
259	160
0	67
0	29
0	30
0	0
0	36
0	23
0	4
0	6
12	13
0	1
4	5
0	5
0	3
2	1
44	4
8	5
12	4
31	11
22	1
18	32
18	29
12	14
0	59
0	59
0	18
15	12
27	6
0	4
7	0
11	15
9	0
0	13
0	22
0	36
6	55
0	9
0	28
0	8
107	0
11	73
83	14
49	46
22	21
0	37
0	7
0	11
13	19
0	19
111	14
0	14
4	2
0	2
1	10
0	146
16	146
135	11
0	4
0	5
0	128
14	128
0	31
0	31
7	9
7	25
0	16
1	25
0	24
8	12
0	120
21	30
11	30
0	90
37	18
1	0
0	25
6	25
0	5
0	8
2	0
0	60
0	35
7	69
38	37
0	33
9	11
0	11
8	6
0	0
8	39
9	0
0	39
11	0
2	0
16	0
31	59
84	1
72	38
0	32
13	24
0	9
0	22
0	4
0	4
48	114
0	114
36	29
40	174
163	0
40	46
0	38
0	32
23	97
0	40
0	12
29	75
2	10
80	38
54	45
0	21
0	12
0	0
94	55
30	48
46	2
0	20
17	0
45	11
0	17
18	152
0	192
0	29
56	9
4	9
8	0
9	2
9	19
5	16
0	96
0	30
73	96
0	23
0	0
0	8
0	8
57	0
34	29
4	74
0	99
0	70
4	9
4	18
0	3
0	7
0	25
0	7
0	3
1	14
0	7
29	3
0	0
0	9
0	10
0	7
0	7
0	22
0	5
0	7
0	3
4	22
20	4
0	75
1	75
0	75
25	69
12	8
23	6
19	69
6	68
0	6
1	18
0	16
0	0
0	0
27	22
0	31
1	5
88	110
30	71
22	57
26	0
0	87
9	13
3	42
5	0
0	0
0	0
21	0
1	29
9	29
2	9
44	25
0	4
0	3
19	24
24	40
25	40
37	28
3	145
85	100
11	113
0	121
0	25
28	1
0	1
1	0
1	15
0	23
3	76
13	13
0	63
0	10
2	6
0	4
10	7
0	7
8	35
7	0
0	19
0	13
7	12
0	0
1	1
3	4
1	5
101	8
0	0
156	422
30	0
18	0
18	0
0	8
15	233
30	43
0	4
0	233
2	70
0	4
18	70
22	65
0	29
7	23
10	1
0	1
65	8
0	0
0	7
1	23
0	23
66	32
0	119
11	119
0	52
3	3
53	9
0	9
16	3
0	3
6	37
2	21
0	39
0	28
7	39
71	39
14	28
20	0
0	0
64	140
0	12
0	77
0	76
15	0
0	9
1	32
23	39
0	39
0	6
0	10
31	4
26	38
0	19
21	10
0	10
0	0
0	0
77	24
0	0
0	0
105	0
4	156
0	123
0	33
92	191
0	59
0	0
11	4600
14946	4849
290	146
0	7
0	0
8	20
4	195
1	0
3	136
1	9
12	1
0	0
0	203
0	0
0	0
0	0
0	222
0	226
7	28
0	17
0	120
0	50
0	7
0	6
20	26
0	18
0	0
22117	229541
0	0
0	240
0	0
298792	200766
0	4
0	65
0	302
363	100005
201	83678
2501	84043
3242	49768
0	233
1	298
0	11
2	200
0	286
0	0
0	6
0	0
79	51
5	8
0	291
0	8
0	0
9	53
13	133
66	284
0	29
64	106
434	272
0	0
1261	59692
55	0
0	0
0	30
0	0
0	0
46	0
0	21
2	22
0	0
30	42
0	2098
0	3
0	286
0	46
9398	49712
1221	14424
19072	248765
0	203
0	192
0	0
0	0
103	0
0	4
0	11
0	3
7	10
0	0
0	0
0	0
32	12
0	159
0	7
0	0
8	20
122	133
0	5
0	0
43	0
0	14
0	212
0	1
39	0
8	0
1	0
0	47
0	0
0	196
192	393
0	0
188	0
0	0
0	139
0	205
0	9
1	26
3380	230946
10	3
14	0
0	0
12	0
114	0
131	0
48237	91736
0	0
0	163
0	76
0	56
0	87
0	78
0	82
0	78
0	0
0	204
0	128
0	238
0	0
0	0
1208	23208
32	72502
0	80
0	286
0	2
0	0
0	0
0	17
0	190
0	109
159	37
0	11
0	53
1	23
13	623
0	226
0	148
0	0
0	167
0	0
0	0
12	0
0	26
0	19
164	94
0	83
1051	97358
0	0
0	149
0	164
0	0
20	157
0	651
5046	121465
237	19851
351	20021
965	21434
377	21948
1968	39056
953	78525
31	30139
8	22031
0	452
0	0
0	0
0	0
0	27
0	0
1	13
0	0
0	0
0	0
0	147
0	0
16	78
0	70
0	0
0	169
214	363
0	0
0	189
929	1852
0	0
80	25
0	143
0	123
0	30
0	614
0	29
3	8
0	21
0	62
0	0
0	12
0	8
1	0
1	0
48	0
0	0
0	67
12	6
64	0
0	0
0	1
0	0
53	14
0	0
0	0
0	292
0	207
49	0
0	72
0	72
0	14
0	608
152	148
13	0
81	0
0	1
0	35
28	38
0	38
0	15
0	0
735	115790
0	6
12	0
16506	267228
0	0
0	5
31	0
0	0
222	343
55	0
0	55
32	51
7	27
0	16
5	26
0	20
0	11
0	0
0	11
0	18
12	9
0	4
5	0
0	0
0	0
0	7
0	3
0	1
3	0
0	0
0	0
0	0
0	0
0	0
0	0
1	0
0	0
27	53
0	7
26	46
5	10
0	22
0	22
0	8
0	14
1	0
5	2
51	20
0	8
6	4
0	13
16	18
0	11
0	0
0	11
0	21
7	22
1	22
156	71
0	43
30	29
0	29
0	5
7	0
0	0
0	57
0	31
7	20
9	27
0	12
0	19
5	1
0	15
7	13
0	47
0	16
0	16
42	70
293	70
0	87
3	70
0	56
0	0
0	1
0	1
0	1
3	48
0	48
1	0
0	0
0	0
0	48
66	0
25	23
0	16
5	16
0	23
0	13
0	9
3	4
24	12
0	12
0	0
6	0
1	0
0	0
58	41
0	41
0	7
60	34
38	154
1	6
0	13
0	88
0	106
52	32
0	6
0	13
0	13
0	13
181	35
0	13
0	0
0	23
0	0
0	3
26	17
0	103
0	93
0	25
16	10
0	93
0	25
0	96
0	96
8	96
8	3
18	84
1	12
0	4
5	20
0	3
0	15
0	1
40	11
13	47
0	47
19	0
0	45
0	19
0	104
39	187
0	54
0	57
15	82
0	68
0	1
0	10
1	2
4	6
0	16
0	9
0	1
3	39
0	6
0	4
13	37
3	22
116	21
0	122
10	118
0	125
161	206
0	1
7	56
1	99
0	10
2	9
31	23
0	23
0	21
0	23
0	23
0	23
0	23
1	7
0	17
22	17
0	14
6	0
1	53
0	0
0	69
15	53
5	53
0	69
23	59
7	0
4	59
0	17
0	17
7	0
0	0
6	0
0	0
0	0
7	0
0	0
0	8
26	0
28	74
5	61
0	13
0	8
25	0
0	14
0	14
0	23
6	23
4	14
0	6
2	8
12	5
7	14
14	5
78	0
6	0
13	0
0	39
0	39
0	12
19	0
10	2
0	2
27	82
0	52
0	3
0	13
5	1
0	71
0	31
4	7
0	16
300	95
5	0
0	119
4	42
0	31
7	87
8	1
0	57
6	74
0	0
0	0
31	29
0	52
14	16
0	28
0	30
0	20
0	20
0	1
0	6
2	1
0	1
9	13
0	15
0	12
0	0
4	28
0	14
0	5
0	3
0	3
0	14
0	36
0	27
0	15
3	28
0	6
151	161
0	91
0	56
0	16
0	1
0	1
0	6
9	1
0	1
38	0
0	1
0	0
0	182
0	166
0	68
1	62
0	59
9	58
21	0
34	18
30	18
0	12
0	11
2	11
0	0
57	531
0	0
0	0
78	102
0	86
2	4
0	27
17	16
11	0
0	5
0	0
0	0
0	0
51	11
32	29
0	29
7	21
16	0
14	57
48	9
17	10
7	77
24	88
7	88
0	86
6	14
0	8
8	9
0	11
0	16
112	0
57	47
0	79
0	7
0	5
0	12
0	138
0	130
111	0
6	0
7	99
0	127
0	84
0	70
0	15
6	18
0	9
0	5
49	0
3	0
0	39
46	39
108	5
7	10
0	4
0	9
0	47
179	158
0	2
0	1
0	1
48	67
0	1
0	11
0	0
0	11
38	6
32	53
5	24
42	53
3	3
1	53
15	124
8	90
8	25
0	44
0	32
4	44
0	22
0	0
136	0
92	9
15	9
0	31
55	37
5	36
0	8
0	8
89	0
0	8
0	8
0	8
0	6
2	0
4	0
0	3
0	3
0	3
0	3
0	0
0	5
22	7
7	11
0	11
60	2
0	15
10	15
48	21
5	0
1	0
0	0
0	21
28	0
0	7
0	11
5	6
36	226
70	226
0	2
12	0
110	11
0	10
4	0
12	1
11	0
0	67
0	4
0	39
16	39
15	9
4	8
0	4
1	8
0	91
0	91
102	88
0	28
0	13
0	20
2	0
0	4
0	4
0	4
5	0
0	0
1	0
0	0
0	0
35	28
21	81
0	0
13	8
20	0
4	0
0	3
31	6
143	88
0	67
13	3
10	0
35	3
154	63
3	63
0	0
2	0
89	91
21	0
0	10
2	10
0	14
0	14
2	0
44	0
0	18
5	18
8	0
15	42
0	42
0	28
3	8
0	8
0	0
0	0
0	0
0	0
0	46
0	46
2	8
0	35
0	35
3	11
0	11
0	4
0	4
0	4
41	18
6	15
64	53
0	45
0	37
0	20
0	18
0	3
12	5
52	0
0	5
0	3
0	3
10	0
38	56
0	53
0	46
0	33
0	0
4	1
4	13
0	17
32	17
0	12
0	4
0	0
10	0
0	0
7	0
3	0
2	0
0	17
22	0
87	8
47	8
0	20
40	21
0	9
0	10
0	2
10	0
48	3
0	3
0	27
0	2
0	2
0	27
29	4
0	4
0	1
90	18
35	3
0	22
11	22
0	85
0	17
4	85
12	25
22	0
18	149
15	20
0	2
3	2
0	2
0	2
23	94
40	15
5	25
1	7
25	98
14	7
31	5
0	2
0	5
2	9
18	25
0	7
0	7
6	52
40	54
11	54
0	4
0	11
63	19
31	27
4	10
0	10
0	16
0	23
27	5
0	6
12	1
0	23
83	59
74	76
0	12
141	9
0	0
0	0
3	223
0	14
0	209
0	0
0	60
0	60
0	0
9	0
141	0
0	46
0	14
0	7
0	32
0	192
14	29
0	7
23	213
0	13
93	10
0	22
0	22
0	0
0	11
0	5
0	10
17	5
1	2
11	2
0	5
0	5
0	14
0	14
0	59
6	0
0	6
3	59
0	47
0	6
0	0
20	59
22	63
0	63
30	0
0	218
0	210
0	218
0	206
0	198
0	206
0	206
0	198
0	206
0	206
0	198
0	206
0	8
14	6
0	75
0	75
0	6
0	6
0	6
0	6
15	6
0	6
0	6
0	53
0	17
3	4
0	11
0	42
7	10
0	36
8	10
0	0
2	0
1	0
0	114
0	0
0	114
10	49
0	33
6	0
1	26
26	17
0	0
0	8
6	9
0	8
3	9
0	14
18	21
21	0
0	39
26	39
0	0
2	0
13	0
39	51
18	47
16	198
0	156
0	46
32	0
42	145
5	20
0	0
0	16
0	16
0	8
0	16
0	16
0	16
0	16
7	17
31	5
0	0
0	5
23	1
5	0
68	68
96	3375
0	141
0	98
0	115
0	141
0	99
0	142
0	123
0	16
0	84
0	80
13	110
0	33
0	3
64	34
0	34
0	7
2	3
0	0
0	0
0	0
0	1
0	0
0	80
0	80
0	84
0	45
1	317
16	0
1	119
0	115
0	1
0	3
13	0
109	12
0	12
0	48
0	18
23	30
340	1
0	8
0	20
1	17
0	10
0	9
0	16
0	6
0	1
0	7
0	1
0	2
10	0
16	0
13	6
0	1
6	6
0	5
0	6
0	1
205	60
0	60
0	273
5	276
5	0
18	0
0	0
19	0
0	43
0	75
0	38
0	39
3	59
0	71
0	59
6	35
0	43
5	1
0	15
0	0
0	19
0	19
0	27
0	14
145	0
41	205
0	208
9	207
78	8
0	31
13	5
12	5
0	4
33	48
82	0
71	17
0	5
14	18
0	0
0	0
4	18
0	18
2	0
7	13
0	0
36	0
19	100
0	94
13	0
13	0
0	15
6	64
0	0
0	0
8	49
10	70
0	55
29	27
0	26
0	6
0	45
0	26
0	12
0	45
12	4
0	6
0	19
1	0
0	13
31	2
29	75
16	28
0	22
0	20
3	11
60	26
0	20
1	13
0	13
34	13
14	13
0	8
0	8
0	0
3	6
67	6
42	63
26	55
7	16
4	31
0	31
0	20
0	20
3	20
0	16
0	31
11	51
0	16
4	79
15	79
0	12
3	43
6	43
5	0
5	15
14	2
0	0
8	0
14	5
23	5
0	5
35	95
0	95
0	94
97	17
2	70
0	2
0	29
11	29
8	0
0	4
1	36
37	39
0	154
0	154
16	57
20	65
0	65
17	35
0	44
0	26
4	14
0	14
0	122
105	254
0	122
124	130
0	26
0	254
35	140
11	140
82	27
0	27
0	14
2	0
5	0
0	160
0	154
0	104
0	7
0	11
0	11
0	11
0	7
0	7
5	7
12	18
0	18
0	32
0	32
110	72
0	72
3	20
0	3
0	3
39	28
0	9
0	0
24	43
8	18
0	18
0	18
0	18
0	9
3	13
42	244
4	45
0	13
82	10
7	3
25	10
0	3
0	10
206	144
0	153
0	2
0	32
51	48
0	126
0	0
26	18
0	10
0	0
0	0
0	0
0	18
0	0
0	10
66	7
42	34
0	27
1	37
3	27
0	37
1	0
0	1
0	5
0	6
0	1
0	1
0	0
0	37
0	2
0	45
0	0
0	44
47	28
0	403
0	92
37	13
22	13
115	4
0	1
14	3
729	56
0	56
0	349
297	160
154	220
19	87
0	53
56	13
36	38
0	38
0	400
0	89
38	15
48	35
9	0
0	14
0	180
0	194
0	173
0	9
0	28
0	1
0	0
0	14
11	0
75	17
0	2
0	10
23	0
0	4
4	1
105	91
0	81
0	78
8	8
18	35
0	21
0	54
4	50
0	50
0	7
0	8
0	0
5	4
62	0
17	31
0	5
0	0
0	5
2	5
5	0
16	6
0	28
17	10
9	15
0	10
2	11
0	18
4	9
31	28
0	20
0	8
49	16
0	1
0	0
71	64
0	0
3	26
0	26
2	21
0	7
1	15
0	15
0	0
0	109
0	34
0	65
9	65
0	50
26	12
16	5
2	0
340	0
0	5
5	244
0	45
3	11
0	11
0	11
0	11
1	11
0	0
1	414
108	85
33	16
0	14
22	67
10	0
0	16
0	0
0	5
37	0
0	71
0	33
0	33
0	19
0	0
1	0
78	9
8	3
8	6
1	0
20	98
0	187
0	187
0	104
0	25
0	19
0	41
0	19
0	36
21	1
9	1
0	54
0	54
0	7
148	116
0	14
44	125
0	4
0	1
56	64
28	80
8	8
0	232
0	295
0	316
5	345
0	295
0	246
0	310
247	193
0	145
0	83
0	68
47	69
5	80
0	1
99	0
0	104
0	37
0	8
0	18
0	32
0	22
0	16
1	2
0	1
84	71
0	53
0	26
0	1
188	232
0	6
88	1
0	1
27	8
0	0
86	6
14	25
0	21
0	26
0	21
0	26
0	1
2	4
0	1
2	3
63	0
17	0
17	0
28	0
16	0
0	15
0	10
0	2
0	2
1	52
90	20
0	52
1	25
0	15
0	172
0	172
0	170
0	170
4	67
0	16
0	173
56	155
5	34
4	34
61	0
2	21
2	21
0	21
0	0
21	33
3	12
0	6
0	0
0	1
7	5
1	16
53	0
1	9
3	5
0	10
0	5
5	0
0	0
22	0
1	4
5	143
49	21
0	21
204	6
0	26
7	28
21	42
0	57
0	84
63	32
0	11
74	27
16	51
19	6
11	0
0	0
15	8
13	8
0	33
0	8
12	43
0	43
0	34
0	34
0	190
26	170
0	11
27	34
8	11
0	0
0	24
13	25
13	37
0	17
0	34
40	459
0	10
0	23
0	8
0	0
0	20
35	0
15	0
0	6
2	8
26	21
102	17
0	156
38	161
41	76
0	41
0	62
2	0
181	56
0	27
4	1
4	1
0	18
0	7
13	12
0	37
0	28
0	35
2	35
65	91
0	100
2	13
0	6
0	5
10	5
0	5
3	0
3	0
0	41
0	11
4	0
0	10
11	8
54	60
0	13
5	25
13	30
0	1
2	45
1	33
0	45
0	2
37	47
0	39
0	18
0	3
13	3
5	1
0	2
46	0
0	30
0	30
0	11
29	106
17	104
35	0
25	154
0	31
9	52
0	6
45	8
12	16
0	50
0	90
0	22
0	15
0	50
0	136
10	70
2	78
0	67
4	51
0	69
0	66
0	74
0	65
2	64
49	48
3	47
0	61
0	2
0	31
0	39
0	6
0	21
12	80
0	5
0	35
0	35
0	34
22	40
0	29
0	30
0	23
34	5
0	5
0	0
1	0
20	35
0	56
0	32
0	32
0	31
0	31
0	31
2	2
0	19
0	0
8	4
0	6
0	9
0	14
25	32
1	10
0	15
6	16
0	13
0	13
0	5
45	39
21	77
0	7
15	0
1	2
13	2
46	0
22	18
14	13
37	9
11	12
1	0
5	6
2	45
107	47
62	27
1	38
5	20
32	55
4	54
0	21
45	52
16	9
18	44
0	44
4	37
24	4
0	0
3	0
0	0
0	36
2	84
0	81
148	93
68	45
30	21
0	21
0	145
0	145
267	2
14	116
39	88
0	0
0	58
8	55
17	27
5	14
0	10
0	10
0	14
0	14
0	39
0	32
0	41
14	2
0	8
0	15
12	12
0	5
14	5
13	9
0	96
0	96
0	22
413	81
0	81
39	10
0	0
0	0
19	194
0	194
4	143
2	75
6	57
32	58
5	1
12	1
0	26
7	25
11	17
0	17
0	0
447	11
10	6
245	0
0	0
7	2
1	2
0	7
6	2
10	279
27	279
41	35
4	6
101	35
0	167
15	171
108	25
4	21
21	6
1	0
0	64
35	64
7	7
0	8
0	6
0	60
37	10
0	7
0	7
0	7
9	13
0	1
5	12
0	136
0	136
0	12
0	10
0	8
4	0
0	13
7	4
36	31
0	136
2	0
3	0
0	0
0	135
4	35
0	35
15	31
0	31
0	31
0	31
2	31
0	31
0	9
0	5
7	42
0	33
0	49
0	47
0	49
0	31
0	29
0	32
11	32
0	26
0	28
0	36
0	29
12	37
0	14
0	0
0	23
4	23
0	32
3	32
0	35
8	53
0	53
30	7
0	3
0	4
18	4
0	33
0	33
18	14
2	7
0	9
179	77
0	57
0	1
0	6
265	2098
59	18
5	18
0	38
5	47
0	47
0	47
16	66
6	36
0	27
0	32
0	32
0	36
31	9
0	23
0	0
0	0
0	0
0	0
3	2
0	2
9	0
6	19
5	8
0	23
11	23
0	9
0	8
0	15
0	15
0	19
0	2
0	2
13	194
0	47
0	65
0	59
33	55
0	13
67	0
0	10
33	152
0	4
24	65
0	73
6	2
0	21
13	0
8	67
11	0
27	36
0	45
0	0
0	1
0	10
9	1
2	9
68	0
0	74
180	2
0	72
1	31
0	28
0	28
7	0
0	15
4	10
0	0
0	61
0	30
0	30
0	2
3	40
0	40
0	2
0	2
22	0
3	446
0	104
13	5
8	5
16	0
5	2
20	13
1	72
0	215
0	8
0	3
0	0
73	378
0	0
0	3
0	9
0	19
0	47
0	47
0	45
0	19
11	0
8	6
309	6
1	1
0	5
474	0
16	6
57	6
0	3
2	3
0	0
0	100
0	100
49	29
4	7
0	27
0	2
0	88
0	145
0	118
0	0
0	254
0	117
0	107
0	13
0	49
4	0
16	0
0	0
0	0
0	9
6	0
10	0
0	0
4	33
24	207
0	103
7	207
0	65
0	64
7	22
33	17
9	47
218	90
0	5
0	9
0	11
0	24
0	70
7	109
7	109
6	11
0	0
0	101
58	0
81	0
1	20
0	8
7	1
47	32
7	32
0	10
14	28
1	6
0	128
0	78
24	0
0	14
20	93
208	78
85	53
33	83
0	37
0	42
6	18
44	0
46	16
3	15
0	113
0	105
35	113
0	11
0	7
0	14
71	50
5	12
0	12
0	7
0	7
0	7
116	14
0	5
0	0
0	6
0	0
111	17
205	78
1	77
8	18
0	0
0	1
47	0
512	141
15	141
13	35
48	10
37	18
34	0
173	0
0	57
0	47
44	0
44	32
0	11
0	28
137	100
0	76
0	18
19	26
0	22
0	22
0	12
0	33
1	33
0	23
0	29
17	56
0	32
28	27
4	116
7	54
58	6
4	0
13	0
0	116
18	83
0	83
5	36
0	15
7	42
7	15
12	6
0	83
0	23
5	0
7	23
0	0
0	20
0	20
0	9
0	12
0	17
0	9
0	16
0	1
38	24
120	24
0	8
0	6
0	8
4	21
0	21
15	17
92	17
0	101
1	278
0	66
0	46
0	40
6	42
8	4
4	4
0	2
6	4
411	421
0	18
17	10
4	16
0	1
9	18
61	14
3	13
0	7
17	0
0	0
0	29
0	15
0	2
0	15
6	13
0	13
0	6
14	6
0	6
0	38
0	0
13	33
9	0
3	32
0	15
0	16
0	29
4	34
0	30
25	34
4	16
3	11
7	10
0	57
86	85
8	9
0	88
87	154
4	3
60	11
0	4
1	88
7	14
0	16
3	19
0	16
7	0
7	9
5	6
22	3
0	1
2	1
39	5
0	67
62	82
0	33
0	67
6	0
0	6
0	12
0	56
0	26
0	0
0	0
106	41
0	12
0	2
0	32
18	113
0	32
0	5
0	0
0	0
0	6
0	6
0	5
0	113
12	120
37	55
0	31
0	38
5	0
22	26
10	5
0	14
9	9
0	23
53	23
0	0
0	14
0	0
36	183
0	140
0	33
7	8
6	396
37	166
0	186
0	186
0	117
10	27
2	11
42	0
2	8
0	8
0	292
15	35
0	22
0	28
0	21
0	11
0	15
0	0
0	11
0	32
9	11
1	5
0	5
0	4
0	24
0	24
6	27
1	24
0	18
0	6
16	0
26	9
0	148
0	148
0	111
0	8
0	9
0	111
77	192
9	30
0	53
11	53
0	27
0	11
58	112
24	3
0	339
0	26
42	3
51	26
18	0
3	0
0	9
0	9
0	20
0	3
0	14
0	20
0	20
0	9
0	20
0	3
0	14
95	0
14	73
0	73
0	68
0	0
29	25
0	5
0	0
0	10
2	10
1	6
0	6
93	4
4	11
0	11
63	0
60	6
0	8
34	78
0	76
0	83
0	5
3	2
2	0
0	0
0	0
39	0
27	59
264	56
6	48
4	0
7	89
50	48
2	7
0	0
0	5
0	5
0	0
0	89
6	101
0	4
42	49
0	8
0	78
0	79
0	77
0	8
0	54
0	4
0	76
0	26
0	3
0	29
7	67
0	34
9	1
0	27
53	0
51	20
28	112
9	17
22	21
0	10
0	19
1	2
0	2
11	11
9	0
0	0
0	0
21	34
4	141
0	137
46	903
0	77
7	1
0	60
0	0
20	0
16	60
7	426
0	120
23	11
1	11
69	12
0	5
0	5
232	126
159	129
0	4
15	0
0	0
35	0
1	0
95	19
0	19
159	40
0	40
5	0
0	1
4	3
0	3
0	3
0	3
0	5
0	5
0	5
0	0
0	0
1	0
7	202
21	14
0	14
0	14
4	3
58	4
1	4
0	0
37	0
3	8
0	8
25	15
0	15
0	0
0	0
1	0
6	0
0	8
0	8
0	0
0	1
3	249
0	81
0	114
17	3
0	84
1	0
0	47
8	1
1	1
57	54
71	0
0	40
56	52
1	257
0	20
0	20
26	237
10	113
0	0
0	0
49	12
5	12
0	6
0	108
0	18
0	6
0	1
84	0
0	95
25	6
0	5
23	6
26	1
143	0
26	31
0	25
0	1
0	1
0	0
0	1
0	14
0	13
0	62
0	62
3	62
6	14
1	9
0	8
0	0
0	4
41	14
375	1
0	12
8	11
0	2
3	9
33	9
0	9
0	2
5	0
116	72
0	72
0	30
0	30
0	3
14	43
0	24
0	43
29	28
11	6
3	7
6	7
3	63
0	57
0	38
0	41
0	57
8	10
0	0
154	0
176	53
0	52
11	35
0	54
0	54
12	29
5	21
46	0
389	77
0	48
96	121
0	34
0	34
0	49
0	49
382	245
71	245
0	0
133	61
0	11
0	0
0	5
0	3
17	82
0	5
80	2
0	5
5	70
94	77
4	15
0	15
0	34
0	10
14	64
0	39
0	64
4	0
0	0
0	0
0	0
0	0
0	0
17	0
68	20
22	28
8	22
16	21
14	85
0	71
0	35
25	13
11	33
0	4
32	29
10	3
1	18
9	17
0	12
8	32
0	20
8	13
0	11
0	12
0	12
0	11
0	11
0	19
17	0
111	18
23	18
94	41
0	38
0	111
1	289
0	79
0	41
0	41
4	41
0	154
0	159
1	155
0	165
0	114
0	40
21	13
0	0
0	98
0	94
0	90
0	32
72	57
0	51
0	51
15	0
0	0
0	0
0	0
0	3
0	3
0	3
0	37
0	37
0	20
115	30
0	20
5	0
0	0
9	1
0	1
0	1
0	25
0	18
1	28
1	4
1392	495
0	20
49	0
32	61
13	51
57	22
0	11
2	0
40	19
0	19
0	17
4	17
0	17
18	434
0	125
166	136
0	14
0	128
2	128
0	102
13	1
3	5
0	90
3	90
0	49
0	29
0	41
0	19
0	15
0	41
0	23
0	3
0	6
0	6
0	5
0	0
0	0
0	0
40	14
0	6
0	8
0	20
0	20
0	1
8	1
19	87
0	87
0	4
64	4
11	91
0	2
0	91
0	2
0	0
11	0
95	0
41	28
0	28
20	28
0	11
50	0
0	0
9	6
0	6
0	6
0	5
1	4
0	49
0	49
2	49
21	33
0	210
0	120
73	82
7	2
24	93
0	9
0	44
0	4
0	92
1	37
0	4
9	5
0	20
112	113
17	50
14	51
5	4
17	62
117	14
13	14
7	6
0	36
0	31
38	33
0	13
0	19
0	31
1	20
0	2
0	0
11	0
94	46
0	46
0	6
26	5
1	79
23	0
21	0
5	52
0	79
10	0
0	46
16	46
4	46
5	46
0	29
0	62
7	62
0	18
0	29
91	29
0	0
1	0
28	1
0	12
28	15
0	7
34	9
0	1
0	291
40	297
55	3
31	27
0	2
0	20
0	0
0	0
0	0
1	1
46	132
18	26
0	143
0	5
2	27
0	4
5	22
1	24
0	12
22	0
0	20
0	12
0	14
0	14
0	13
0	1
97	15
26	16
5	223
0	127
0	223
0	211
0	7
61	23
0	5
0	5
0	5
0	46
0	24
6	0
0	0
0	0
14	22
33	7
0	0
5	0
0	0
0	7
23	1
35	20
96	68
0	39
0	7
0	7
0	32
17	35
8	29
23	14
10	19
0	23
15	23
2	24
0	14
0	4
6	3
0	23
18	0
1	333
46	0
8	81
0	110
68	153
0	3
0	0
0	47
0	56
56	45
10	36
0	17
0	37
0	21
0	8
16	4
0	0
38	7
7	0
9	0
0	0
0	0
0	32
0	94
9	284
0	57
18	1
0	1
9	66
0	2
10	66
0	1
8	0
38	18
0	18
55	41
0	41
11	5
13	0
84	47
0	26
5	16
0	12
0	1
0	0
18	47
0	47
5	0
39	0
9	431
0	4
23	57
1	53
4	53
0	12
44	1
6	1
46	1
125	0
0	13
5	13
1	39
0	55
0	37
6	13
0	0
0	0
1	7
6	0
0	9
35	15
0	4
0	4
0	4
0	4
0	4
10	0
23	0
0	122
143	113
0	122
183	0
2	0
2	0
63	0
12	30
0	0
0	30
42	51
0	49
4	2
0	0
4	0
3	18
0	1
7	29
28	29
0	0
46	44
0	13
0	13
56	0
0	0
30	353
0	333
11	34
1	32
0	24
28	53
0	53
3	9
28	27
0	25
0	6
0	27
0	0
0	0
50	15
12	13
0	2
171	15
0	0
0	13
0	2
66	113
0	112
4	46
35	27
28	47
30	4
0	167
10	7
6	59
0	59
0	2
12	22
0	8
15	94
0	19
0	58
44	67
0	61
4	61
255	82
0	82
0	13
17	8
0	8
0	8
0	8
0	12
3	9
11	27
12	8
0	29
3	3
0	9
0	6
114	324
0	84
11	6
0	24
17	44
0	44
3	2
0	2
0	288
0	85
0	83
33	98
0	82
11	33
39	0
80	186
71	27
0	82
0	258
0	63
7	48
1	28
0	74
250	159
0	158
0	6
7	0
0	7
0	11
0	70
126	127
46	85
0	79
2	1
239	178
9	32
0	36
17	17
0	0
1	56
0	67
0	24
0	8
0	22
0	7
0	23
0	34
0	23
0	12
0	12
0	12
0	8
0	0
26	12
0	2
16	1
20	0
0	128
14	128
0	14
367	48
0	20
3	4
0	2
0	2
0	16
10	0
1	16
0	67
0	36
0	32
0	71
0	71
0	172
0	44
0	44
0	7
0	0
0	0
0	8
0	1
0	8
2	8
0	131
5	137
0	47
30	178
0	86
0	48
0	33
9	33
75	13
0	32
65	32
0	5
30	0
0	0
39	2
0	54
20	9
15	61
0	12
48	55
0	40
0	24
0	26
0	3
0	41
0	40
177	697
53	756
0	32
61	21
0	13
0	17
0	17
0	17
0	32
4	54
0	35
0	19
20	0
0	48
0	48
0	12
17	25
0	13
56	16
0	9
3	4
0	0
0	0
1	10
0	8
0	2
38	9
0	2
4	64
14	64
8	42
0	27
0	18
2	156
1	147
80	0
23	62
72	103
0	35
0	34
1	0
0	68
0	68
16	68
38	0
0	17
0	0
13	10
0	10
0	64
1	3
18	0
0	15
0	15
0	11
0	11
0	11
0	11
213	24
0	24
49	4
23	29
47	31
1	50
0	28
0	28
0	1
0	43
0	21
0	20
17	10
3	10
0	1
0	0
0	1
0	19
0	19
1	19
0	19
0	0
11	0
5	0
0	44
0	34
0	6
0	0
0	0
40	32
0	16
0	0
0	40
69	1
0	1
11	105
87	104
1	53
2	5
2	0
0	0
0	21
4	22
0	0
65	78
0	78
4	42
87	25
8	9
118	0
8	401
0	404
0	69
0	94
33	55
13	64
0	75
10	17
0	1
0	80
0	90
0	58
0	90
0	90
0	31
0	53
0	3
50	6
0	58
0	0
0	1
0	27
0	0
0	27
0	27
0	12
2	12
0	10
35	419
16	196
95	196
96	164
56	164
1	20
0	20
35	0
0	0
4	26
0	26
70	18
0	0
40	18
5	0
14	0
9	170
0	170
5	170
8	0
0	5
24	24
0	24
0	13
2	2
3	2
0	3
17	0
6	19
9	13
59	30
0	5
0	13
6	16
6	9
0	6
0	4
0	15
0	7
0	2
2	40
0	26
4	26
0	26
0	26
0	6
0	0
0	26
14	31
176	183
0	18
2	159
0	82
19	47
0	0
10	39
1	0
0	7
10	27
10	1
33	0
98	14
109	133
0	126
0	56
6	10
32	0
138	31
0	65
0	0
0	0
0	43
0	0
0	61
14	67
0	6
3	5
0	7
0	26
0	17
54	14
0	14
0	79
0	77
0	14
13	9
2	8
0	2
0	3
0	10
16	14
0	17
43	0
5	0
2	139
0	139
14	67
0	62
5	15
0	8
0	12
9	7
0	7
27	27
4	80
0	19
0	1
0	16
1	1
0	11
4	0
0	0
0	0
73	19
65	15
0	0
0	0
0	15
0	10
0	144
0	0
0	111
11	52
13	0
1	34
0	0
23	40
1	40
0	144
0	23
33	41
0	36
0	11
0	6
0	6
0	2
28	7
0	2
0	2
1	29
0	6
0	29
0	0
0	7
82	27
24	27
0	29
4	12
47	11
45	12
0	0
0	0
0	216
0	213
0	34
5	16
0	42
0	3
0	12
0	3
6	3
0	3
0	12
2	7
13	27
4	9
0	0
0	27
13	45
10	174
0	14
0	5
21	3
0	0
0	0
6	66
0	70
0	92
0	91
0	5
0	6
0	1
0	1
16	12
85	303
1	108
153	26
0	6
10	0
2	0
0	0
13	22
0	0
5	5
0	15
23	8
97	72
40	51
46	0
0	107
0	374
0	43
0	43
0	1
27	1
0	40
0	40
0	51
0	50
1	51
0	48
6	9
0	0
12	0
0	0
0	0
0	4
0	5
0	1
129	0
0	20
0	20
0	23
0	23
0	23
0	12
0	16
1	16
47	59
0	2
32	109
13	50
49	14
46	91
0	15
24	5
103	0
0	0
27	0
5	77
0	47
17	31
7	380
8	0
4	64
0	65
21	53
0	22
22	89
24	78
206	20
1	1
17	0
0	19
0	23
0	0
0	0
0	0
0	0
4	0
2	0
1	3
0	23
13	21
0	13
1	0
33	8
337	0
0	0
0	8
162	376
0	237
0	52
0	29
0	25
0	10
26	54
0	144
11	20
0	142
0	9
2	9
44	214
0	7
0	10
6	0
131	0
67	14
46	23
0	22
236	214
100	38
36	45
0	40
9	174
0	2
0	135
0	28
12	1
6	5
4	0
0	26
11	26
0	2
0	0
0	0
0	1
0	0
0	74
101	48
2	5
0	24
13	0
53	6
4	40
2	0
2	142
53	142
95	41
0	41
76	16
0	2
0	2
0	2
14	81
0	66
26	23
54	16
0	0
64	0
5	9
216	40
0	33
6	7
12	9
0	9
0	11
6	0
0	8
0	11
0	8
1	88
6	0
0	1
0	117
0	66
0	23
1	55
0	86
4	62
0	34
0	29
47	2
0	63
1	50
42	19
0	6
15	17
0	362
0	52
0	33
13	4
6	0
18	0
0	0
6	0
25	3
41	4
0	4
93	22
0	22
0	47
80	195
0	34
231	2
3	0
55	16
0	3
0	2
0	0
0	184
246	87
0	5
0	87
0	5
7	1
0	25
0	25
0	27
0	20
128	31
0	21
9	20
0	23
0	25
8	25
163	130
0	25
0	2
29	0
0	131
80	101
0	124
0	42
0	42
0	38
19	5
3	69
0	31
0	30
0	0
14	0
0	25
0	25
5	9
5	10
25	16
15	16
100	87
2	8
0	8
4	0
6	4
1	4
38	17
0	17
65	66
12	24
0	9
4	0
53	0
91	20
22	21
0	4
0	12
0	5
0	13
0	13
0	5
0	6
0	5
0	13
0	12
0	6
0	6
0	12
0	12
0	12
0	13
0	5
0	5
0	1
13	4
0	0
1	1
117	14
0	20
110	199
3	14
0	19
75	3
131	56
12	0
0	182
13	0
11	53
0	53
0	27
0	6
0	79
0	79
0	73
0	53
51	46
22	0
0	35
0	62
0	55
0	38
0	35
55	67
0	44
10	29
14	1
9	17
2	20
87	20
22	3
256	159
24	144
0	15
6	5
0	7
111	198
0	6
4	127
0	109
0	132
0	50
20	50
0	0
0	0
2	0
0	0
8	317
60	46
26	38
1	73
0	48
0	13
7	0
296	864
0	864
4	388
0	413
0	1
6	0
0	1
520	7
201	7
0	56
0	20
7	28
0	28
5	13
0	5
6	17
0	8
29	51
5	39
4	6
29	49
0	20
13	107
0	11
0	21
46	50
0	26
0	43
94	4
4	3
0	24
0	24
3	12
0	2
0	2
8	32
92	0
40	14
13	14
0	6
32	26
0	10
11	0
0	0
1	0
0	5
2	0
57	0
0	0
31	75
11	71
12	5
9	4
0	4
3	0
28	97
0	45
0	55
2	62
32	105
0	44
0	9
26	0
175	8
15	6
0	52
126	116
31	17
8	42
2	0
2	0
0	6
0	6
6	13
8	65
48	67
0	17
0	56
8	0
0	44
37	145
9	145
6	120
40	13
16	0
10	2
2	11
63	0
47	19
0	19
236	24
44	37
0	1
0	10
7	15
0	15
0	11
11	94
0	94
44	106
0	94
0	20
4	25
56	32
11	33
0	19
60	26
6	17
1	0
31	3
2	3
7	27
0	2
0	27
2	6
6	123
0	123
78	56
0	5
0	5
0	10
7	2
3	8
0	5
4	5
0	1
3	1
0	1
38	1
1	1
12	1
4	2
0	2
1	194
0	196
0	201
108	91
28	38
2	38
4	13
0	0
0	1
0	1
0	2
1	1
0	0
36	0
0	0
0	0
4	45
0	45
61	0
2	0
2	2
9	0
0	7
28	165
0	31
0	22
0	165
0	91
0	32
0	13
6	39
0	4
0	16
0	0
2	77
0	6
4	23
0	6
65	6
52	5
0	5
65	105
92	192
0	24
54	41
4	10
0	12
12	7
16	159
0	42
0	4
5	0
3	3
0	7
0	155
1	40
0	29
0	11
1	0
2	52
0	0
1	0
9	27
0	1
0	80
0	0
12	0
0	0
0	9
5	0
0	0
0	0
0	0
0	0
3	13
0	76
138	7
0	3
70	89
26	70
27	54
0	89
7	1
2	16
8	16
0	8
0	1
0	1
0	0
6	1
0	22
12	22
0	3
2	0
8	3
78	86
0	25
186	25
0	0
9	1
0	21
8	21
23	63
153	91
0	0
0	0
11	0
0	111
22	276
38	289
25	196
5	1
0	16
4	16
0	29
0	193
0	185
0	185
0	84
0	7
0	7
0	135
0	135
0	129
0	135
0	129
3	114
4	6
0	96
0	1
0	0
11	0
5	0
0	123
0	129
240	92
4	13
6	17
0	17
13	3
0	0
44	25
0	23
0	23
0	23
0	23
12	10
11	85
0	3
0	3
0	85
1	85
3	0
27	6
2	6
0	6
0	6
0	6
2	6
102	43
0	43
39	21
0	9
0	21
138	9
0	2
0	0
0	0
5	0
0	21
9	7
0	7
10	39
0	0
9	6
0	10
0	4
0	0
105	68
0	65
0	64
32	9
0	16
0	26
15	38
51	0
35	120
0	130
0	128
94	70
1	51
0	0
10	5
0	32
0	15
0	27
0	15
0	48
16	57
0	0
0	0
0	0
2	57
11	0
24	0
0	1
0	0
0	0
15	0
98	26
0	15
0	15
0	15
76	158
0	252
0	26
1	23
0	89
0	160
0	161
10	94
0	70
0	64
0	64
0	70
0	64
0	64
0	12
57	1
7	51
0	20
7	31
8	7
1	7
2	5
0	0
5	0
0	5
0	1
8	0
0	22
0	22
40	24
17	24
49	15
2	1
0	5
56	41
2	41
0	0
0	41
90	2
0	10
31	14
0	40
15	40
10	1
17	3
0	0
0	0
302	71
12	6
0	62
0	3
2	214
36	8
0	98
0	82
0	64
0	19
0	21
0	24
2	10
0	3
0	0
0	21
0	24
3	72
0	72
0	72
0	63
0	91
0	72
35	91
0	69
0	65
0	72
4	37
114	74
22	62
14	7
1	0
32	7
159	0
3	0
7	54
0	62
0	62
0	34
0	0
0	21
300	11
4	11
1	21
0	31
0	40
8	40
0	31
5	40
0	16
0	3
0	21
0	21
0	8
50	42
12	19
0	3
2	0
17	23
0	23
0	52
0	52
16	75
23	26
34	26
0	36
71	0
26	23
0	23
0	23
40	26
0	24
7	39
0	33
23	7
0	9
18	37
0	34
3	7
0	0
0	3
0	3
6	1
0	19
16	36
0	33
0	23
0	6
0	6
27	29
0	6
0	6
0	6
3	0
7	6
8	5
0	4
0	0
0	4
0	3
15	0
0	0
8	0
0	0
0	4
13	17
13	20
56	222
10	206
10	58
1	110
6	110
6	17
15	102
1	3
12	0
0	2
6	6
1	7
0	5
0	5
0	25
5	86
33	8
0	8
101	236
33	126
13	115
0	7
21	67
42	68
26	79
0	55
8	16
0	32
0	34
7	0
13	35
56	35
0	35
0	35
35	0
11	5
0	21
0	9
0	0
75	33
48	57
2	2
0	57
7	74
0	74
0	6
0	28
0	7
6	6
0	22
0	5
0	21
10	4
4	1
0	522
0	522
0	522
0	490
21	522
5	56
0	42
44	41
1	22
16	30
0	4
159	0
0	15
163	44
0	44
1	33
0	46
2	9
0	9
0	8
9	24
0	2
0	22
0	53
0	53
0	58
0	58
0	20
6	42
0	48
0	48
24	26
0	29
3	3
6	67
62	38
0	71
0	26
0	0
0	0
1	15
0	15
67	68
8	86
98	186
0	141
0	181
0	112
0	103
274	14
5	38
71	131
0	9
0	9
0	9
28	0
0	0
6	24
3	0
19	30
0	28
1	0
63	75
5	0
35	90
2	31
0	8
20	0
3	0
0	68
0	34
0	17
0	17
0	17
6	18
24	8
14	0
0	0
0	29
0	26
0	18
0	3
7	26
0	24
0	35
0	94
21	101
36	101
9	0
0	0
39	34
20	0
38	58
4	58
0	24
7	1
39	0
35	398
24	1
0	0
18	0
0	1
2	0
6	65
0	317
149	66
0	53
35	30
20	5
0	7
15	242
0	242
0	298
7	428
0	2
2	289
0	62
2	383
0	353
1	0
0	46
0	315
0	315
0	299
9	0
0	49
5	0
0	0
17	37
24	25
0	0
17	19
17	70
11	21
0	48
0	32
0	33
0	27
0	27
45	0
0	70
0	71
33	16
0	1
16	0
0	24
0	24
0	22
0	12
0	10
0	24
33	67
25	66
0	35
214	40
2	20
0	15
8	5
0	7
0	1
0	10
7	1
0	1
5	9
0	2
0	15
3	22
0	5
7	0
0	9
22	3
0	2
4	2
106	61
0	6
16	36
0	36
28	43
1	3
6	3
2	0
0	6
0	6
120	65
19	39
0	3
5	0
0	26
7	3
104	3
3	33
0	33
0	14
0	25
8	20
0	6
2	0
0	19
154	27
0	20
34	17
25	17
45	41
0	10
114	20
112	73
11	64
0	34
511	90
0	59
0	30
32	45
0	55
0	32
0	32
0	38
0	32
0	19
0	18
34	90
0	13
4	11
17	17
0	17
0	7
0	4
0	6
12	0
1	6
0	2
0	7
23	39
0	33
0	0
0	0
5	0
2	5
204	134
34	134
4	18
0	16
0	6
2	0
19	7
1	0
0	1
7	46
0	47
0	29
18	41
0	11
18	90
0	390
147	148
46	48
132	14
0	0
0	1
5	1
2	34
0	14
0	8
0	9
0	26
0	26
0	14
71	310
0	327
7	91
22	88
2	18
53	44
0	17
0	28
0	18
0	24
1	19
3	16
29	46
0	9
0	40
74	40
40	34
0	5
6	0
0	4
10	0
9	0
0	25
0	17
0	3
0	0
0	40
0	202
0	292
3	17
13	17
18	15
0	2
0	6
0	64
0	63
0	15
0	273
0	44
0	44
93	44
121	74
8	61
0	19
2	25
0	24
23	38
0	39
0	30
0	35
23	30
85	21
0	33
0	16
0	5
49	4
17	84
0	83
0	84
12	3
0	10
6	193
0	169
20	263
59	290
0	169
0	172
33	108
0	7
25	22
0	30
64	78
0	2
0	12
14	0
0	2
132	8
0	7
5	2
4	3
92	120
0	120
0	18
0	6
0	0
4	0
0	16
0	15
6	0
0	15
17	0
0	15
0	7
0	0
0	1
0	0
0	1
0	0
47	141
0	14
157	0
0	356
54	15
18	7
8	26
13	16
0	16
0	12
0	0
0	4
0	3
0	1
3	0
0	0
5	2
0	1
0	0
53	41
0	30
8	12
0	12
0	18
1	0
0	2
3	3
0	159
0	474
0	474
176	9
10	2
0	7
10	0
15	28
0	28
4	9
0	5
0	5
0	15
2	49
0	31
0	36
0	36
0	36
0	73
0	65
32	51
3	0
47	0
25	182
37	155
0	49
25	12
0	77
4	0
0	91
6	80
2	91
7	30
5	24
0	35
0	24
33	90
0	90
5	90
1	3
17	55
0	10
0	5
99	12
0	12
3	11
0	0
1	0
0	0
11	100
0	82
0	49
0	23
48	38
0	8
0	8
12	23
0	23
22	69
0	69
17	0
0	29
3	29
0	22
0	0
0	26
0	26
106	119
0	41
0	60
0	36
0	43
0	12
0	4
0	0
0	0
0	0
0	4
0	0
0	0
23	16
33	7
15	2
0	188
0	88
0	88
59	45
15	50
0	103
41	76
0	0
0	3
10	76
0	141
0	141
0	45
96	45
0	22
4	22
0	6
0	7
0	2
0	12
6	7
7	7
58	39
5	39
0	39
0	28
23	28
1	4
0	28
82	154
20	43
42	21
0	20
0	858
0	862
0	862
74	862
0	9
0	37
6	51
0	19
0	9
10	14
3	20
0	28
2	0
0	10
41	34
0	34
0	37
0	21
0	2
257	0
0	149
0	149
0	12
8	406
0	5
3	413
0	9
3	5
24	5
33	164
0	164
0	0
6	20
9	84
20	46
31	51
11	84
4	125
1	12
0	6
46	113
18	65
29	60
7	18
0	18
45	135
0	130
52	33
0	33
0	48
0	20
0	125
0	16
0	9
0	2
0	11
34	9
0	4
0	4
0	0
0	0
14	0
0	19
0	14
0	57
0	42
9	0
5	4
0	4
0	14
0	14
15	42
0	5
1	42
10	17
0	0
7	26
5	0
0	14
4	2
0	38
0	50
71	46
0	42
0	1
0	0
18	8
1	1
4	17
7	0
0	0
5	0
16	48
10	24
3	40
100	37
0	37
0	3
0	5
0	0
0	5
0	10
65	19
0	9
228	105
4	42
0	42
0	56
157	47
0	0
0	9
0	33
0	27
0	17
0	9
0	5
0	5
0	50
11	60
0	5
0	5
0	5
0	0
2	5
50	4
0	4
11	0
22	4
0	4
0	4
7	0
7	11
0	11
0	2
0	2
11	75
54	76
0	0
3	0
32	74
11	2
13	69
11	30
2	4
3	31
0	5
22	8
0	97
0	79
19	55
5	40
0	55
11	40
2	57
0	83
0	13
14	11
23	46
0	0
11	0
8	26
0	5
0	4
6	4
0	1
12	37
0	37
143	108
0	108
26	0
5	54
0	108
0	113
0	21
57	137
0	10
0	10
0	19
5	19
4	19
0	0
6	0
6	23
0	16
0	12
0	0
0	5
0	0
0	5
9	0
7	0
0	0
322	0
5	5
0	37
0	31
0	37
0	20
119	0
93	0
13	0
302	0
0	56
0	40
0	22
0	12
0	12
0	9
0	18
1	50
0	9
0	9
191	56
126	7
0	1
17	6
0	117
0	117
0	0
0	1
2	24
0	12
0	12
0	15
0	1
0	7
3	4
0	1
0	0
0	107
0	58
4	104
0	107
0	5
0	42
0	95
0	95
17	82
0	71
10	46
20	1
0	30
0	25
0	3
9	3
25	0
71	41
11	41
17	165
24	131
5	165
48	90
63	176
0	195
0	1
0	1
0	11
6	11
0	4
0	4
0	4
229	122
0	48
1	55
72	95
155	76
0	23
7	71
9	2
0	71
5	20
0	40
13	40
20	40
6	26
160	116
0	68
0	67
0	67
0	67
0	7
0	1
0	7
0	25
0	25
21	1
0	71
0	64
0	71
0	3
4	24
1	24
57	54
49	120
2	101
9	23
0	14
8	14
4	13
13	112
0	112
11	185
1	79
0	106
0	70
24	848
0	5
0	63
15	63
0	21
0	73
0	62
22	0
34	11
0	3
1	80
12	100
0	20
0	0
5	25
0	25
0	19
16	48
11	211
0	256
24	246
0	277
4	7
68	39
10	39
3	39
0	0
6	15
0	0
0	15
0	2
0	10
0	8
0	8
10	8
0	16
128	56
0	46
0	3
0	14
0	11
25	6
19	0
13	0
10	5
0	3
3	134
19	82
0	3
9	952
0	679
0	22
14	53
20	95
0	49
0	39
0	10
0	53
0	34
21	55
0	24
0	24
0	11
38	80
0	20
0	64
8	0
0	5
0	7
0	12
0	41
0	47
0	44
16	25
0	25
0	11
32	6
27	11
0	11
4	191
0	191
0	128
68	117
0	117
27	25
0	24
0	10
9	1
0	1
41	14
0	28
0	28
27	0
0	4
67	0
0	21
0	7
0	14
0	8
1	5
7	0
0	50
0	14
28	62
2	2
44	2
48	28
0	0
1	18
1	2
0	28
138	32
0	32
53	0
91	122
0	45
32	60
0	8
113	0
0	10
15	10
29	0
42	0
0	428
0	8
29	12
0	12
36	55
116	76
0	64
98	144
0	44
6	0
18	0
0	53
0	53
0	24
0	1
0	0
2	0
1	0
10	0
2	1
0	0
0	0
42	17
55	1
0	1
9	0
0	48
0	48
32	17
178	17
0	54
7	54
0	37
224	249
81	60
9	33
14	45
10	17
0	5
31	80
0	179
0	179
23	59
0	0
15	72
193	31
47	76
0	249
146	66
0	66
3	12
0	12
0	12
0	12
0	12
0	12
0	12
4	1
0	0
0	0
1	0
0	1
16	15
17	17
0	11
0	0
0	11
66	9
47	56
0	30
64	59
0	57
16	0
1936	31
29	6
5	50
0	50
24	46
0	34
0	50
17	34
0	36
3	16
0	20
0	27
0	25
0	11
0	11
0	15
9	0
20	56
10	22
50	31
0	31
0	30
0	1
264	14
0	14
11	29
0	25
0	29
0	11
0	1
0	1
7	0
91	366
24	438
15	60
5	0
0	53
48	44
130	45
124	21
2	16
7	5
0	5
0	195
0	148
0	85
0	137
0	68
0	68
0	54
0	66
0	66
0	67
64	52
3	7
0	26
82	44
8	5
0	27
0	18
61	37
193	53
0	18
94	18
0	18
0	13
20	3
8	0
0	284
0	264
0	195
18	41
5	41
15	0
0	162
0	97
0	101
0	62
10	62
12	44
0	18
14	6
0	4
0	170
0	0
44	22
28	18
0	12
0	8
0	8
0	140
5	140
5	66
0	0
0	6
0	0
4	86
1	14
5	2
0	2
128	253
5	265
9	183
0	13
51	47
0	17
0	1
0	30
216	0
138	78
0	60
2	36
30	62
0	36
19	11
18	67
0	13
0	22
39	30
344	24
3	16
0	24
37	23
94	15
0	105
6	99
0	52
8	0
0	44
0	22
17	0
2	27
0	27
235	0
0	0
99	108
3	108
1	10
0	10
74	6
0	6
0	6
0	0
0	0
0	0
0	64
16	64
0	5
162	0
0	78
8	111
0	59
1	66
0	53
0	29
0	27
35	20
54	0
0	0
49	3
53	26
0	13
55	13
0	29
9	36
111	5
0	0
0	26
0	5
0	5
0	5
0	4
0	1
12	31
0	17
0	17
0	14
0	17
0	9
0	45
1	105
0	92
0	71
0	32
0	43
0	29
0	42
0	42
0	42
0	42
0	42
0	42
0	0
0	0
0	0
178	207
0	146
0	192
0	207
0	264
0	130
0	125
0	98
13	185
3	0
0	14
1	38
0	24
6	25
34	0
29	60
0	12
0	3
30	51
0	0
0	1
0	39
35	30
3	1
0	29
0	201
25	0
0	201
0	0
4	1
0	0
0	7
0	105
0	11
76	0
38	113
0	113
0	4
0	4
0	4
0	0
0	8
70	8
8	55
0	86
0	76
4	20
0	20
0	20
0	75
0	78
0	0
0	0
0	57
3	21
0	27
0	3
0	7
25	0
8	14
14	23
4	10
7	1
246	420
17	0
0	80
56	45
32	31
0	16
0	35
28	17
0	55
0	37
0	30
0	37
0	43
37	36
0	42
0	20
0	20
44	25
114	0
6	0
108	21
3	21
6	0
5	0
1	44
5	101
0	136
130	136
38	11
12	22
0	1
0	11
2	7
0	3
0	4
0	7
14	11
0	11
0	0
0	0
2	7
0	6
20	179
0	6
2	6
0	69
45	0
197	0
60	67
28	44
0	62
0	2
0	2
0	42
16	44
44	30
0	14
0	0
8	0
13	21
0	13
47	54
0	54
48	21
7	10
0	10
0	10
0	10
0	7
0	0
0	0
0	0
0	0
0	0
0	12
20	21
0	10
8	16
0	16
0	4
0	5
118	8
11	0
1	75
15	6
51	3
0	78
0	0
0	0
0	80
11	80
0	46
5	2
17	2
99	6
118	21
0	13
0	0
9	0
45	1
0	1
0	24
390	24
0	60
0	11
0	2
0	9
0	43
0	0
0	10
0	16
0	18
0	33
0	60
0	24
0	25
37	0
0	159
0	78
40	84
0	62
0	9
0	9
0	9
0	0
0	0
0	0
0	0
10	22
28	28
0	0
2	0
1	0
0	6
4	4
3	0
0	44
0	44
0	38
0	38
0	38
0	1
8	22
0	17
0	17
0	5
1	5
0	0
0	1
0	5
0	4
40	16
17	16
8	19
0	6
95	62
0	132
0	159
125	52
0	52
0	11
0	108
0	108
95	29
42	75
0	36
98	36
8	4
0	4
0	38
0	36
3	0
0	106
0	106
0	19
20	29
0	73
0	20
0	64
0	1
0	10
0	12
21	181
4	15
0	4
21	171
0	143
0	27
0	33
31	124
63	96
22	7
0	6
0	2
0	0
2	0
2	0
7	3
19	0
50	10
1	7
0	8
1	8
13	0
120	2
12	0
0	0
64	26
15	17
0	29
13	392
0	393
0	141
123	159
0	5
20	45
123	31
0	6
0	5
0	0
0	0
0	6
9	104
0	0
0	1
0	16
0	0
4	24
0	9
0	0
0	0
0	15
32	97
3	3
0	11
1	1
6	2
0	59
0	59
14	17
7	35
0	3
5	7
0	0
0	35
50	39
3	1
0	12
0	10
0	28
31	33
190	49
0	30
20	57
54	37
2	188
15	16
0	0
22	248
0	6
22	83
52	11
67	11
0	0
0	2
0	33
0	1
0	1
1	21
0	6
238	181
58	179
10	115
127	93
0	10
0	0
5	0
12	25
54	33
0	0
0	0
0	8
0	1
0	8
241	32
0	45
0	13
0	22
0	19
0	15
8	11
0	15
268	0
0	5
0	2
0	1
0	8
8	0
0	31
9	29
10	40
0	24
0	24
130	57
0	240
0	247
0	240
0	41
0	0
0	0
0	0
0	0
0	0
0	7
0	7
0	0
0	0
0	0
0	7
0	0
51	7
0	43
0	0
14	24
19	63
32	63
0	258
0	258
73	32
0	32
0	32
38	0
1	0
5	43
3	34
13	8
0	13
2	14
22	78
4	58
10	53
9	53
6	16
23	80
0	61
45	23
0	78
37	1
3	1
0	165
7	66
0	165
15	18
6	5
0	1
14	6
0	10
1	13
0	19
0	20
0	20
3	1
8	13
0	22
11	16
12	16
0	24
4	21
0	19
0	19
0	0
0	40
0	28
0	22
5	22
0	35
78	49
0	18
0	1
0	15
8	11
119	131
149	223
62	110
0	0
15	0
32	35
0	5
0	0
5	40
0	34
0	10
0	14
0	14
0	30
0	30
0	0
6	0
0	30
0	4
5	7
9	0
0	2
0	9
0	30
0	30
6	0
4	0
31	18
26	10
1	52
1	8
5	62
81	94
0	8
35	52
264	50
0	44
11	510
27	79
0	8
0	3
0	3
0	79
13	0
4	0
17	198
36	40
6	40
1	0
4	4
0	3
0	122
10	45
0	104
0	0
0	2
0	13
0	76
0	62
0	79
0	57
0	61
4	2
4	0
0	2
2	2
7	0
0	5
0	19
9	0
51	24
0	0
4	2
7	1
813	149
0	0
35	27
0	29
0	9
0	21
0	23
0	21
5	8
0	8
0	215
33	215
10	58
0	0
80	18
0	18
5	4
7	0
10	0
14	0
45	58
7	0
0	1
0	0
0	0
0	0
0	1
0	0
0	0
0	0
0	0
20	0
0	125
94	0
0	114
0	125
0	125
0	0
13	0
0	0
0	0
0	0
0	173
0	173
3	50
0	16
0	0
8	163
19	0
175	239
9	17
0	113
15	104
5	110
0	99
0	102
0	13
0	18
15	26
13	0
0	56
0	56
17	5
0	56
0	56
0	56
0	56
0	56
214	0
84	0
0	0
4	0
8	77
0	0
0	16
0	19
34	35
0	13
8	13
22	0
0	24
2	24
0	4
0	34
0	34
0	24
0	14
36	14
0	8
18	5
0	5
0	1
0	0
0	0
12	3
19	4
3	0
0	0
0	4
0	4
0	5
0	19
0	46
46	45
10	49
0	49
0	32
0	32
4	21
40	10
0	4
802	54
23	64
0	64
0	36
106	140
181	113
0	136
0	61
5	5
2	52
0	52
0	52
0	52
0	47
0	43
0	43
0	43
0	43
0	43
0	43
6	13
32	13
0	1
0	0
0	41
0	198
0	198
0	0
0	0
0	0
0	0
0	0
0	0
21	18
0	156
4	156
0	1
30	10
0	2
0	36
0	32
0	14
0	42
344	57
0	57
131	0
9	79
0	79
0	1
0	1
0	48
0	46
0	47
11	0
0	0
0	0
8	98
0	106
0	31
15	28
0	9
14	23
0	45
0	0
3	39
50	35
6	7
0	10
0	17
0	20
0	59
0	1
39	35
0	1
0	0
0	20
66	36
0	19
1	22
1	6
3	10
0	4
24	9
0	5
8	17
580	46
64	0
26	366
0	366
5	345
0	40
0	40
0	174
0	174
0	0
0	159
5	9
0	23
57	0
43	117
5	117
0	98
9	0
20	98
0	8
19	30
0	2
0	1
0	1
20	148
0	148
1	21
0	1
20	4
7	4
0	6
6	4
0	15
5	6
0	0
538	25
0	0
0	0
0	0
0	0
0	0
3	0
0	3
0	11
3	0
0	1
64	179
8	1
0	117
60	182
35	47
0	1
53	0
25	127
2	0
14	27
64	16
0	7
0	0
0	0
38	19
83	137
0	137
195	88
0	83
0	88
0	83
0	64
40	20
9	39
53	8
0	64
0	64
88	275
247	53
2	4
0	19
0	64
15	2
0	0
0	0
1	4
33	30
10	84
0	51
10	59
32	307
72	22
1	0
16	21
69	205
21	158
4	36
1	4
4	0
1	0
0	14
0	29
26	29
0	24
53	47
0	14
0	25
5	0
1	1
0	1
0	0
33	0
10	31
0	21
6	0
0	49
64	60
0	47
0	0
0	31
0	49
0	46
0	47
0	50
0	34
0	34
0	0
83	4
0	4
0	6
66	47
0	15
18	41
0	9
0	16
9	8
0	6
0	0
0	0
0	0
0	1
6	18
17	7
0	7
2	18
0	13
0	13
3	24
0	9
0	8
0	8
1	11
9	21
0	21
6	2
0	123
0	31
0	17
0	17
13	1
17	2
0	16
1	1
18	16
31	4
13	0
0	0
6	5
0	109
18	0
32	0
0	0
14	0
0	64
44	2
0	17
0	17
0	17
0	17
0	17
8	17
5	17
0	128
0	128
0	6
0	6
0	19
0	71
0	123
8	61
0	61
0	2
0	0
0	33
0	33
51	12
118	47
0	45
141	105
0	66
0	55
10	15
0	2
20	16
0	4
545	0
143	0
56	47
0	47
136	71
0	162
66	162
8	22
0	6
293	96
0	17
4	5
1	0
24	34
0	20
0	20
0	17
2	0
15	164
0	69
7	14
56	122
31	108
0	162
0	12
0	90
0	30
3	0
0	3
34	71
179	196
0	0
0	0
15	0
0	196
0	123
22	0
0	70
2	70
0	25
0	5
0	5
0	1
8	0
128	117
0	109
0	112
87	10
0	9
5	9
0	193
1	3
0	196
2	0
5	6
7	6
69	47
27	26
5	21
221	73
3	293
42	58
0	54
0	13
0	30
0	36
0	15
16	4
126	41
0	27
87	0
2	30
1	23
0	11
88	16
75	0
116	30
1	53
35	53
10	19
0	6
24	71
2	14
8	6
8	56
66	56
0	21
1	1
0	0
12	5
0	44
0	40
0	27
0	27
10	3
0	0
0	12
29	185
0	15
0	7
26	7
64	105
0	31
0	7
62	84
0	60
25	50
0	0
0	24
0	0
5	64
0	40
9	25
21	20
63	12
12	61
139	22
0	10
104	130
42	172
0	2
0	40
0	0
48	106
1	0
0	4
1	4
0	4
5	10
185	50
10	11
81	59
0	0
0	23
8	0
0	4
0	23
0	23
4	10
0	389
0	434
3	334
0	71
0	334
0	6
1	95
24	64
11	21
0	10
56	22
65	141
0	113
0	0
0	7
2	104
0	0
1439	80
0	13
0	23
1	0
4	0
1	23
8	61
0	10
0	24
0	24
8	39
0	28
3	38
3	2
0	2
0	26
7	7
0	68
21	14
0	66
56	6
0	2
0	0
7	4
37	0
0	0
36	1
0	1
9	10
0	10
11	0
192	389
0	69
0	25
0	18
23	4
1	4
4	0
5	0
47	10
5	6
8	4
9	0
1	108
6	14
4	17
47	27
24	27
30	27
0	8
0	8
77	16
0	0
3	0
0	13
0	0
0	0
0	7
71	9
0	13
0	33
102	36
0	23
7	14
0	33
0	33
0	54
0	34
0	14
0	47
0	45
9	2
29	38
25	0
67	18
37	182
0	0
39	21
6	21
7	0
1	0
5	52
16	52
0	52
11	7
3	445
25	27
24	16
8	1
5	11
40	11
0	3
27	3
0	29
0	31
3	2
0	1
2	1
0	131
0	276
0	18
2	1
0	10
0	9
53	58
68	110
0	54
54	85
0	69
25	101
289	101
0	5
0	40
0	388
14	275
0	266
105	0
14	7
0	0
4	0
4	0
0	0
0	0
0	31
5	31
0	12
0	13
0	439
0	111
17	61
40	65
20	65
0	108
62	109
2	3
0	15
9	14
53	74
0	21
0	0
2	21
30	21
0	44
0	44
0	5
6	9
20	0
0	0
4	48
0	16
35	16
43	9
8	10
0	38
24	13
6	0
52	3
0	16
0	80
5	8
56	28
0	4
0	8
0	20
25	50
4	50
0	37
53	135
21	5
6	130
0	66
0	0
34	12
0	9
1	0
0	3
156	2
22	13
0	4
6	1
0	9
51	39
109	61
0	29
0	62
17	62
5	0
0	60
52	91
0	17
0	11
0	1
0	1
0	10
1	8
0	1
0	7
0	26
4	268
186	95
0	39
0	6
1	6
273	194
0	18
0	35
8	35
45	0
0	0
6	0
0	0
0	1
0	0
0	0
0	0
0	0
0	0
0	36
0	35
37	175
9	180
50	3
30	106
12	67
0	3
0	14
7	12
0	1
0	107
0	374
9	37
23	10
5	1
16	16
4	37
15	11
244	10
0	5
187	89
0	88
0	50
0	51
0	42
0	50
0	63
0	44
0	44
0	44
0	45
0	44
0	44
0	44
0	57
0	57
0	44
0	44
0	44
0	44
0	44
0	31
0	30
4	11
0	20
38	1
0	1
17	0
2	20
0	68
0	37
0	68
0	60
0	37
0	69
0	37
0	37
0	69
66	0
0	0
0	6
0	6
0	0
0	6
3	6
57	4
2	4
5	62
14	26
0	62
0	11
4	0
0	7
0	7
0	41
13	197
0	163
34	47
106	47
0	189
0	34
1	0
0	0
0	0
0	189
42	13
0	1
0	1
8	27
23	27
8	82
0	146
0	65
88	44
2	79
17	143
5	6
0	9
0	9
14	110
0	141
0	94
15	12
0	12
4	0
0	7
0	80
161	57
2	57
0	25
27	39
7	4
0	1
11	1
13	39
13	0
1	41
0	29
0	29
18	16
0	26
0	26
0	32
0	7
0	1
8	1
0	2
160	36
0	29
17	0
57	0
0	66
69	185
120	26
0	0
20	24
0	0
0	0
0	0
0	0
85	33
0	45
11	74
34	104
0	30
0	57
0	6
0	15
8	8
2	91
40	91
0	0
16	0
0	9
0	15
0	15
0	2
14	3
82	0
2	429
0	120
0	131
1	131
20	158
23	10
55	10
31	126
0	45
0	126
0	9
0	10
10	0
0	2
0	0
89	13
0	7
0	27
0	27
0	24
2	0
0	0
18	0
5	102
0	97
1	2
0	91
0	12
6	106
0	14
22	18
0	15
0	76
0	1
0	48
16	89
0	12
0	12
0	6
0	0
0	4
0	11
0	103
0	4
0	4
8	1
0	49
3	51
0	7
0	98
0	375
0	354
0	287
101	41
1	22
55	67
44	21
0	49
0	3
2	29
4	7
0	22
60	84
48	0
0	15
1	15
0	0
0	14
96	161
0	145
0	135
13	25
6	479
9	30
0	30
7	17
10	24
0	24
0	0
0	0
4	31
13	11
0	0
4	6
18	10
0	11
10	11
1	309
0	65
29	102
0	82
62	85
0	85
0	66
64	20
0	2
18	16
0	0
97	5
30	20
323	587
2	24
0	4
4	62
0	46
0	4
0	4
0	3
9	42
0	4
5	3
0	4
0	4
0	1
0	12
0	3
23	202
0	13
1	0
4	6
8	30
0	48
0	67
0	10
59	31
429	46
0	25
0	29
89	29
0	7
0	0
0	8
0	29
0	29
0	39
0	12
4	59
20	23
5	288
93	50
43	28
26	6
0	28
58	72
0	0
0	0
0	0
0	2
9	0
0	2
1	11
0	11
0	0
15	30
1	10
0	0
36	5
3	26
0	0
33	0
112	421
31	169
50	147
0	154
0	147
0	2
0	1
0	0
0	17
25	16
0	8
1	0
0	0
0	9
3	11
0	2
5	0
1	0
0	1
0	52
0	52
0	52
0	9
17	8
77	37
7	0
52	21
0	1
3	0
0	1
0	1
0	0
4	0
29	0
7	13
15	9
3	22
0	16
0	20
4	55
9	11
0	11
0	11
0	11
0	11
0	11
0	11
0	11
0	17
0	17
0	17
0	17
0	52
0	52
7	18
0	17
0	18
0	6
0	9
7	6
23	107
0	96
0	87
0	34
0	33
0	33
0	19
0	20
0	4
0	0
0	1
0	0
0	0
30	83
2	0
20	10
0	86
0	87
0	87
44	41
0	17
0	146
5	2
0	1
0	146
225	0
101	6
50	6
0	0
157	36
0	36
0	28
0	10
20	34
0	24
30	49
0	49
1	21
0	4
26	43
0	2
0	11
0	11
1	2
8	0
0	0
0	2
0	20
39	23
0	41
0	27
0	32
5	35
0	41
0	19
0	33
0	30
0	29
36	0
6	13
2	0
87	327
0	87
0	0
5	0
4	0
47	1
0	2
27	10
0	10
0	6
64	0
62	36
0	36
8	160
0	41
26	38
0	38
24	12
15	20
20	0
15	16
0	16
0	0
35	0
10	25
10	7
71	20
6	9
6	20
0	20
14	82
0	21
55	30
2	15
0	10
0	0
3	0
0	1
2	0
6	9
0	80
18	3
0	3
0	41
0	77
1	37
0	36
0	37
0	0
0	37
0	10
53	36
0	36
1	1
224	98
0	68
0	56
0	13
0	40
0	31
0	35
0	14
39	0
0	14
0	0
0	12
0	38
0	39
0	0
0	0
0	0
0	132
0	122
22	0
11	0
0	0
0	0
0	22
0	0
0	19
0	0
0	15
0	19
0	3
6	0
0	1
0	1
0	46
39	288
9	44
29	135
0	64
0	23
0	18
46	114
0	15
0	15
197	267
0	207
0	92
0	108
0	76
4	63
44	68
0	7
2	0
0	45
0	43
0	10
18	479
0	12
10	24
0	11
0	6
0	1
0	0
7	0
0	2
1	0
0	0
2	0
0	14
4	64
4	11
0	38
0	2
8	10
7	7
2	0
10	5
0	33
4	2
31	1
0	1
29	0
16	28
13	28
1	3
0	5
0	13
0	9
0	9
0	1
9	54
9	46
0	46
0	29
0	1
0	0
120	0
0	5
0	5
2	1
0	1
22	3
31	8
50	31
169	0
0	17
2	82
0	82
0	82
0	82
0	0
0	0
1	0
0	15
0	15
0	15
0	0
6	0
46	1
31	1
38	41
28	139
0	112
0	139
0	12
0	19
0	29
30	42
18	16
4	7
110	93
0	93
1	93
0	73
27	74
0	69
0	77
0	4
0	1
0	0
0	6
0	6
12	13
0	1
2	1
0	28
0	40
0	40
0	28
7	0
0	0
0	0
10	2
10	8
12	19
67	13
0	29
8	13
0	13
0	14
0	30
4	13
0	31
0	1
0	0
0	17
0	0
0	17
0	2
13	62
0	23
6	32
0	21
0	15
26	9
0	9
0	11
0	9
0	19
0	4
0	11
0	20
0	22
9	54
0	97
0	65
0	49
1	18
0	101
9	50
0	58
0	99
0	17
0	17
132	87
0	4
76	121
0	3
0	48
0	4
0	85
0	0
0	2
0	0
0	11
0	84
5	37
35	17
6	13
14	23
0	22
20	16
0	50
532	48
0	0
0	2
0	48
0	23
4	23
171	86
5	0
0	1
7	105
0	19
0	90
0	21
0	21
23	3
0	3
84	12
0	9
1	0
31	2
8	53
39	174
0	25
1	61
0	10
0	10
10	10
0	22
7	48
0	8
0	15
0	8
0	0
0	4
0	0
0	0
11	9
26	15
0	4
25	20
0	354
7	351
5	14
44	99
0	10
48	48
0	0
6	16
48	34
0	18
48	16
3	6
0	4
18	39
0	17
86	53
0	1
24	5
0	4
18	1
46	83
106	44
8	5
0	5
20	4
64	0
13	39
379	333
3	200
0	200
0	25
0	25
0	16
0	16
0	17
0	16
0	16
0	16
0	16
0	4
0	6
0	2
0	3
0	21
8	21
0	2
0	3
0	1
0	0
0	33
0	33
0	0
0	26
4	23
0	22
9	113
13	45
0	28
5	39
0	39
0	74
2	10
22	32
0	32
1	32
3	32
64	2
2	78
0	2
0	101
4	32
25	69
0	110
4	5
53	5
0	251
0	40
36	0
0	17
0	17
1	10
0	147
0	147
0	24
0	42
1	0
89	32
0	32
1	30
7	37
0	37
0	3
0	4
1	2
7	28
0	28
0	27
0	29
0	29
0	8
0	6
0	8
257	61
73	6
10	4
6	24
23	15
0	14
5	13
0	4
147	274
0	68
41	27
25	13
645	110
27	13
0	103
0	19
0	30
2	13
0	26
0	22
0	8
0	5
0	7
3	0
0	26
0	38
0	38
0	36
0	38
0	36
0	40
0	2
0	2
0	5
29	2
0	7
64	29
4	13
22	180
44	73
0	9
0	39
37	49
0	69
0	71
0	4
6	1
5	0
0	0
6	3
0	25
6	2
9	2
406	7
0	6
3	0
198	353
0	49
2	122
0	40
0	6
0	3
19	12
0	12
0	5
0	8
1	8
0	5
5	54
9	34
41	0
26	104
41	12
0	96
0	11
0	1
13	38
0	62
75	31
0	31
120	42
0	6
0	31
0	0
0	7
21	82
0	55
96	30
0	51
0	51
17	51
0	36
3	2
0	20
0	35
0	55
0	80
0	69
6	79
0	16
0	0
0	15
5	2
0	1
0	1
0	4
0	35
0	27
6	32
0	15
4	13
0	13
34	327
0	57
0	60
0	130
0	73
1	101
39	54
0	172
2	117
0	43
21	29
9	29
0	25
0	18
6	13
0	4
1	232
0	63
1	27
0	27
0	27
0	11
0	0
3	78
0	53
0	21
0	16
9	14
0	10
0	5
0	5
0	9
0	3
0	3
3	3
0	5
58	222
1	106
8	124
2	13
9	0
0	59
34	59
45	52
44	42
0	0
8	4
6	50
131	89
0	7
88	90
58	43
73	81
5	81
19	45
1	73
0	11
1	15
0	8
0	83
0	49
8	122
46	11
0	11
0	0
0	5
0	6
0	1
0	0
0	16
0	15
6	15
170	39
4	27
0	32
18	32
4	12
0	162
0	107
58	22
0	95
0	158
0	144
0	145
9	8
11	19
0	142
0	104
8	131
0	65
0	85
0	46
0	31
0	8
0	21
6	5
0	136
0	131
0	41
0	59
0	80
12	8
7	8
0	8
14	8
48	17
0	17
0	17
0	17
0	16
13	16
1	0
2	0
13	0
0	28
0	28
9	28
14	14
0	0
3	0
0	0
0	10
8	28
501	194
2	152
0	78
8	54
0	90
0	87
0	78
0	90
0	87
0	87
0	75
0	75
0	78
0	63
0	28
0	43
0	31
0	40
0	28
0	40
3	3
0	5
6	2
17	3
61	16
5	1
4	26
14	22
32	49
5	1
0	22
4	14
11	0
29	0
56	0
4	134
0	134
269	6
4	4
4	7
0	1
0	1
0	14
136	29
0	0
71	0
2	0
79	54
5	54
0	4
166	1
4	0
0	1
63	424
8	33
0	8
37	8
13	9
1	40
0	7
0	7
10	33
0	66
0	0
46	0
52	32
0	424
74	62
0	62
11	15
0	15
0	0
3	0
44	0
23	0
0	15
0	49
13	36
19	141
4	141
0	4
0	0
0	1
5	1
0	9
7	9
17	107
2	45
0	107
0	54
29	33
0	46
0	42
26	5
9	2
0	0
9	0
3	0
0	35
1	16
0	54
52	25
16	2
54	164
0	25
19	64
0	52
0	7
42	17
0	17
6	0
0	64
0	64
57	76
29	0
0	0
0	76
0	0
3	0
0	7
11	44
1	1
0	16
0	16
18	437
14	79
50	79
5	39
4	34
0	10
101	12
0	12
0	12
3	12
14	10
0	0
36	0
10	25
6	25
3	45
0	6
0	49
13	31
0	31
6	294
0	227
9	93
0	21
1	10
14	0
0	0
6	0
0	8
0	4
6	8
4	0
0	4
22	12
1	4
0	0
0	1
0	1
65	0
0	93
1	7
21	156
49	212
29	26
0	52
0	45
0	3
0	4
2	31
3	20
25	21
2	40
46	102
0	111
0	14
0	10
0	322
38	322
0	5
7	5
16	5
6	0
0	215
0	10
0	10
2	2
26	2
4	0
29	72
29	20
0	72
14	0
0	29
0	23
5	29
0	13
0	18
5	8
5	1
0	1
0	29
25	14
7	0
16	29
8	28
0	11
0	7
0	4
0	7
0	2
0	9
0	10
0	0
0	29
113	46
0	33
3	0
8	11
21	20
0	2
0	9
4	0
25	32
0	37
101	5
0	22
4	10
0	22
0	7
0	0
2	0
0	65
36	13
0	0
24	22
0	65
87	46
34	88
0	51
0	10
0	3
10	2
18	3
0	13
8	36
0	3
9	0
0	82
29	45
28	70
0	42
0	62
1	6
0	16
0	0
0	25
0	17
0	17
8	43
0	16
1	15
0	14
0	4
13	4
1	15
0	3
0	69
255	275
0	254
0	21
0	4
0	42
0	42
0	10
0	6
0	6
0	6
0	10
37	6
0	5
6	8
0	0
8	0
33	32
43	70
0	70
0	24
10	0
0	12
5	5
5	7
0	0
0	17
1	0
12	0
74	56
0	17
0	6
0	64
2	56
3	14
0	4
0	17
0	17
22	212
4	23
0	23
0	12
3	12
0	0
0	0
13	0
0	0
0	59
0	244
0	234
104	18
0	11
42	15
0	5
0	0
0	0
0	2
12	285
0	131
77	21
1	11
0	0
3	14
0	10
0	0
428	16
0	1
8	0
91	1
11	40
0	40
0	40
0	40
0	24
0	9
0	24
0	20
0	40
0	40
0	11
0	33
0	33
42	219
200	252
0	33
0	11
9	5
70	21
0	21
15	5
0	19
0	19
0	353
0	339
0	36
1	36
0	46
0	49
75	10
13	6
0	3
0	11
1	0
28	24
0	24
0	120
0	257
116	10
15	0
0	7
2	10
12	0
29	8
0	17
0	21
0	10
0	15
0	0
0	15
0	14
0	15
0	0
0	10
0	5
0	5
0	15
0	21
0	5
0	19
0	14
0	10
0	14
0	14
0	14
0	0
0	0
0	0
0	5
0	0
0	15
0	0
0	14
0	10
0	14
6	10
0	5
0	0
7	5
10	5
0	9
16	35
4	16
0	16
0	0
0	55
28	55
1	48
0	8
0	5
0	4
0	51
18	73
5	90
0	90
37	75
0	53
0	11
20	12
0	12
0	7
0	1
0	0
13	0
0	1
0	1
109	0
52	403
7	15
17	15
8	0
0	40
0	41
2	41
0	19
0	241
0	241
0	22
0	17
0	1
0	1
0	13
17	42
1	25
0	31
31	24
0	8
18	99
0	99
0	77
0	44
0	0
44	22
0	68
6	58
0	40
26	12
17	12
14	12
5	3
89	61
0	64
4	33
0	64
8	35
0	6
0	8
0	5
0	3
8	14
0	3
0	35
0	0
134	72
0	72
40	94
0	94
0	12
2	15
34	69
20	4
0	0
35	60
0	10
16	426
0	123
45	123
52	20
0	9
0	3
0	0
23	1
0	0
33	113
17	77
0	12
41	18
7	16
46	24
15	9
76	3
0	35
0	2
23	35
0	18
19	3
0	14
0	13
5	3
0	155
2	158
11	24
41	49
0	24
0	24
0	24
5	0
0	0
1	1
27	0
0	0
0	0
8	15
0	0
3	14
0	19
7	29
4	20
0	5
0	6
9	15
0	15
0	9
0	312
0	81
8	0
0	104
17	85
0	50
0	50
0	46
0	41
60	22
0	94
3	250
13	0
123	0
89	9
0	9
0	14
1	40
27	40
1	11
0	44
0	9
0	10
0	7
0	18
0	2
0	1
0	1
43	1
12	39
13	175
5	146
0	16
0	47
0	6
11	33
37	29
0	0
47	41
0	12
0	12
67	73
0	6
0	4
3	31
23	29
0	55
0	51
0	55
0	30
0	28
5	24
0	15
3	5
12	0
477	148
0	172
0	23
0	30
0	188
1	23
0	173
0	8
0	81
46	0
62	131
8	1
69	2
7	74
43	802
4	81
0	63
15	0
18	108
4	74
0	16
0	54
0	9
0	0
0	9
0	15
7	18
6	5
5	30
9	30
9	5
0	1
12	48
10	14
0	39
0	3
0	0
0	1
0	0
0	1
0	4
73	5
0	0
0	13
50	8
29	13
0	2
0	0
51	116
38	154
44	27
4	104
0	132
19	88
0	117
10	31
2	7
0	57
0	162
11	162
0	77
2	2
7	1
0	0
0	7
1	0
16	178
36	68
30	235
0	0
0	127
4	89
0	46
0	46
0	30
0	21
10	69
21	46
3	34
0	25
8	301
98	0
12	0
0	0
0	0
55	0
0	18
44	25
74	15
0	10
0	18
0	9
24	34
0	5
0	6
0	5
95	0
13	0
0	33
6	33
5	0
0	138
0	135
9	134
0	134
55	0
0	4
0	5
48	2
0	69
0	72
27	13
0	1
3	0
0	142
0	139
0	142
86	17
0	13
68	4
0	58
0	58
4	58
0	9
8	158
1	159
0	46
7	1
0	80
40	84
31	34
0	60
0	66
0	65
0	44
0	49
0	53
0	50
0	28
25	14
0	0
0	0
4	222
0	161
6	32
0	26
0	8
0	5
0	0
2	0
0	0
3	0
4	114
241	28
0	112
0	24
0	24
0	102
0	102
51	0
1	0
0	0
0	0
1	16
1	213
0	146
63	0
0	50
0	50
7	41
8	41
3	40
0	0
0	0
0	0
79	37
0	28
0	29
0	33
0	36
0	25
0	24
0	29
39	3
8	4
0	21
0	25
21	0
31	35
8	35
0	11
0	9
0	64
192	73
32	61
0	61
0	61
45	14
0	9
4	47
70	109
0	37
0	0
5	14
0	25
0	34
0	52
18	11
107	3
0	3
14	30
161	39
2	20
5	107
273	63
29	24
0	55
0	54
12	13
0	0
0	23
10	9
5	3
73	64
5	15
0	9
0	9
0	64
43	12
0	12
0	12
0	0
8	160
0	58
0	125
0	11
0	6
0	4
81	149
284	208
458	99
0	125
0	22
20	14
0	0
0	0
10	0
2	0
0	10
305	460
0	7
9	0
7	14
8	19
28	54
0	13
0	0
0	27
10	0
15	5
24	13
7	20
28	8
6	5
0	13
17	5
0	12
0	12
62	0
0	15
42	17
0	2
15	23
0	23
24	70
0	66
43	90
1	49
0	11
60	11
0	62
21	62
0	31
0	13
142	62
0	57
22	0
66	1
0	0
0	1
11	0
188	212
20	17
0	17
0	17
0	7
0	18
0	21
4	21
5	1
0	0
0	39
57	53
4	14
17	0
69	96
11	39
0	35
0	12
0	12
0	4
0	17
0	89
5	17
16	0
69	19
20	19
1	415
0	149
86	99
0	64
0	47
5	5
0	5
197	0
21	47
0	1
0	0
14	33
0	1
0	6
0	0
6	26
171	23
0	74
44	1
0	0
1	0
0	1
0	1
0	1
0	1
0	1
0	41
20	41
14	23
0	103
0	103
75	40
0	1
0	31
0	28
0	28
0	0
0	28
0	28
0	0
36	26
46	26
28	26
34	1
83	168
0	168
0	61
0	20
0	0
7	50
70	6
5	5
8	50
10	13
11	22
16	8
1	5
81	56
107	46
0	46
0	14
0	0
6	0
35	73
43	0
0	0
0	0
4	56
0	56
9	183
51	251
10	0
0	31
11	40
0	40
0	6
0	1
4	14
1	49
1	49
0	27
21	27
63	27
0	29
6	9
83	7
0	7
12	10
0	3
0	3
0	3
0	3
10	10
0	3
0	0
94	76
0	76
9	11
0	390
1	54
0	56
0	60
53	60
3	18
0	12
0	8
16	0
0	390
0	2
0	2
0	0
0	65
0	45
0	21
0	42
0	10
0	10
10	11
5	9
0	10
0	10
0	65
0	65
0	65
2	11
0	11
42	4
61	0
0	43
0	43
10	9
0	13
7	0
0	34
113	34
0	34
0	40
0	0
0	8
24	36
10	0
5	0
13	24
0	35
61	18
6	39
0	33
0	11
0	12
0	28
0	56
5	11
264	85
0	2
6	0
0	3
0	6
0	6
0	30
24	30
0	6
0	15
4	0
0	3
0	0
0	12
0	12
0	47
0	47
0	44
0	30
9	39
35	15
9	3
0	44
3	230
13	9
0	9
38	27
0	10
0	70
0	70
4	15
18	10
0	15
7	15
0	8
0	15
14	187
9	409
1	6
0	6
0	169
40	35
10	61
7	0
0	18
0	7
0	145
0	167
48	8
0	292
0	53
0	53
0	32
7	189
0	153
3	535
0	535
0	6
8	19
206	10
0	5
23	5
0	0
39	49
0	49
0	0
1	0
4	2
21	37
14	66
0	66
0	9
35	12
46	0
136	0
0	70
0	42
181	257
0	222
1	73
0	0
33	112
66	18
0	18
0	6
0	6
49	18
0	12
18	6
0	12
72	10
27	98
0	91
0	30
15	18
3	82
42	23
5	54
1	0
8	0
13	6
4	6
121	25
0	6
20	33
0	56
0	57
0	1
0	2
0	2
1	0
7	2
0	3
0	14
0	3
0	6
0	2
0	1
0	1
0	1
0	20
42	25
1	2
160	23
0	0
0	20
51	20
0	7
0	9
47	87
5	36
0	57
1	0
1	10
0	0
5	10
6	52
33	65
0	51
0	17
0	42
609	5
17	5
1	4
1	4
0	4
13	4
0	4
85	63
1	46
0	63
6	62
0	45
0	0
3	0
52	38
0	0
0	0
0	4
0	6
2	42
0	47
27	94
0	15
0	67
0	19
0	14
0	58
0	6
26	35
0	31
0	10
5	0
0	9
0	48
1	43
0	0
203	31
2	13
0	6
0	146
0	365
0	99
38	8
0	221
54	221
0	59
4	48
0	4
0	0
0	1
28	6
0	6
23	15
4	6
10	9
46	19
95	22
42	7
14	7
0	17
0	33
0	33
0	33
0	9
0	16
19	4
18	4
20	9
0	4
0	10
0	10
23	18
16	0
9	0
0	21
13	21
0	13
0	11
2	14
0	14
1	33
35	35
1	14
0	0
25	5
0	0
0	0
0	84
0	31
0	58
7	109
2	5
3	152
0	8
0	47
0	8
0	0
5	0
0	8
10	102
0	2
14	152
0	8
0	13
4	0
0	143
0	153
0	7
0	0
0	0
27	5
0	0
4	0
66	12
0	12
0	6
3	13
0	13
32	7
85	9
0	66
16	41
0	9
30	28
0	1
38	23
0	23
0	194
0	114
17	62
81	6
0	62
174	45
14	56
6	11
1	88
0	70
19	39
32	8
0	50
1	0
12	0
45	4
11	21
0	29
115	95
0	95
1	24
16	7
33	0
0	1
0	1
0	1
0	0
15	102
0	101
6	20
199	60
1	60
4	9
10	9
2	10
0	9
12	4
0	8
0	2
0	12
1	12
0	242
0	88
0	10
0	10
0	171
0	808
0	538
168	84
0	56
6	6
5	71
98	0
0	110
0	23
5	23
6	0
17	12
10	12
0	7
0	3
0	4
0	4
0	4
0	0
8	40
0	2
16	2
0	40
2	0
0	8
0	1
4	0
0	41
4	40
0	30
0	75
0	0
0	0
8	19
18	83
241	41
0	41
0	12
210	10
0	0
31	8
0	201
0	195
0	125
0	36
0	34
7	5
5	0
12	0
10	205
0	154
0	26
13	28
1	16
2	9
0	17
18	19
0	19
0	3
5	3
0	92
62	111
0	59
82	10
352	27
50	0
44	7
1	2
0	2
34	0
0	0
16	21
57	79
0	21
0	51
0	51
33	8
0	8
69	18
0	12
132	100
9	24
0	81
4	2
3	30
50	30
0	54
0	30
0	30
23	25
0	49
0	43
0	49
0	46
10	21
0	24
17	7
31	8
19	0
0	1
15	0
3	18
0	29
0	51
0	42
0	20
0	28
0	6
0	40
0	0
116	56
0	55
0	50
4	13
5	1
2	7
2	7
0	4
0	4
0	6
73	6
2	6
0	0
0	0
0	0
95	6
0	6
0	2
337	209
1	209
0	44
8	46
0	2
20	36
18	12
19	27
5	97
0	188
0	214
0	214
0	18
0	22
1	5
124	9
0	5
0	40
0	12
3	10
0	24
0	221
69	3
0	171
0	172
47	11
148	47
4	1
0	5
0	171
67	20
26	16
4	14
0	14
65	214
0	214
0	197
41	88
0	109
0	18
59	18
12	20
6	0
38	54
158	0
0	0
1	25
0	25
0	4
31	0
0	12
0	12
0	349
0	349
0	70
0	62
0	62
0	0
0	216
0	0
0	25
1	8
0	8
40	35
17	35
38	86
984	86
36	23
0	23
84	181
19	0
0	171
0	96
0	96
0	86
2	1
2	69
14	4
7	0
0	0
0	71
10	73
0	6
18	2
1	1
31	44
0	44
64	42
102	13
0	5
9	5
32	6
0	1
20	10
0	30
0	43
0	6
0	5
0	3
1	43
0	69
8	9
0	9
0	9
50	11
0	8
15	3
0	0
8	38
0	37
28	110
0	110
0	45
0	45
0	105
0	34
0	31
0	82
0	8
0	21
19	17
0	5
2	1
1	36
0	31
0	20
14	31
0	13
18	174
0	265
5	180
0	54
0	143
0	52
0	49
6	18
0	18
0	18
0	31
47	63
0	4
0	13
0	8
0	0
62	99
11	6
0	47
3	10
0	258
9	35
0	0
6	10
0	43
3	19
42	11
0	10
18	13
0	0
0	0
0	1
157	76
5	119
0	119
0	117
0	14
26	6
0	1
0	1
0	1
0	1
11	11
0	5
0	6
70	0
0	10
1	26
0	17
0	14
2	4
18	15
18	15
0	32
39	184
30	210
0	224
1	150
457	144
68	134
28	131
0	169
31	68
0	57
0	85
0	30
3	69
269	41
11	49
6	14
0	14
1	31
0	31
0	185
0	2
0	1
0	135
0	1
18	1
0	1
0	117
0	162
0	185
23	48
0	53
0	48
0	30
15	31
43	64
0	44
2	1
0	4
0	10
0	1
17	13
0	0
0	1
3	0
0	0
30	0
48	0
0	0
0	1
0	1
15	8
0	1
0	0
0	0
0	0
0	0
0	0
0	0
0	7
0	1
0	0
0	0
5	1
34	30
0	13
10	3
0	3
0	0
2	0
1	0
1	0
4	0
0	9
0	26
0	17
28	42
38	42
19	21
21	21
201	14
13	0
40	0
14	20
0	20
0	0
0	6
0	4
0	1
12	182
0	414
0	29
4	35
5	25
4	18
15	6
3	66
0	15
0	12
0	92
4	0
106	107
19	0
0	0
0	4
18	463
6	272
57	0
0	33
0	187
54	9
0	157
3	2
9	118
1	0
2	118
0	130
145	5
0	13
0	20
0	60
0	21
0	57
0	0
0	0
0	2
28	28
0	28
7	0
1	135
0	3
0	5
33	3
5	135
33	79
0	11
0	11
0	11
0	79
0	11
0	12
0	8
0	9
0	0
0	0
2	0
3	0
0	0
0	0
3	0
0	0
7	2
63	24
0	58
5	17
12	51
332	0
21	0
44	16
0	8
0	14
31	17
0	17
55	11
42	11
0	0
4	0
36	4
0	0
0	4
0	3
0	5
12	8
29	50
0	50
0	0
2	65
0	53
0	29
0	0
0	1
1	0
0	12
0	13
0	15
0	13
0	158
0	158
2	52
1	23
0	35
85	44
12	0
0	44
5	69
8	69
112	60
100	1
0	1
2	1
11	0
3	0
0	0
0	85
1	85
4	75
0	17
0	16
0	0
0	9
0	0
9	11
39	0
487	0
112	114
0	22
0	54
8	15
21	3
3	3
2	0
2	11
0	11
143	41
21	17
0	0
10	8
0	0
0	2
0	233
18	340
2	4
0	40
0	40
4	4
0	112
11	0
2	52
0	57
67	57
21	57
0	57
0	5
0	5
1	7
3	7
0	9
0	14
0	9
0	19
0	26
0	29
11	29
7	0
0	6
19	45
0	30
0	25
0	25
8	25
0	18
0	0
41	24
33	37
25	0
0	83
0	12
0	6
0	5
1	54
144	27
0	16
0	11
0	24
0	24
0	24
0	9
18	74
0	74
0	8
1	3
29	62
0	2
10	25
0	49
21	0
0	221
383	232
0	113
59	105
0	197
2	64
0	22
12	89
4	4
1	117
0	117
2	10
1	21
39	59
23	1
24	59
24	4
5	6
0	6
51	188
0	2
6	2
0	4
4	4
111	10
0	0
0	10
30	5
3	0
0	31
0	20
0	20
0	31
0	3
6	0
0	230
12	21
3	51
0	58
0	43
8	7
70	96
0	111
0	35
0	137
5	1
0	1
0	214
20	61
4	32
36	171
0	41
0	45
0	1
1	21
0	0
0	1
0	2
0	0
0	49
14	19
20	28
0	0
0	110
0	10
14	3
17	62
0	113
18	34
20	36
0	37
5	29
0	96
0	96
35	52
0	9
0	12
0	41
0	46
0	13
0	19
0	0
0	19
0	15
20	0
41	24
0	10
0	25
12	8
0	110
0	112
0	2
0	13
3	76
35	5
6	0
0	0
12	0
0	12
30	0
118	191
34	0
0	174
0	50
0	3
14	51
0	50
0	3
0	9
4	26
0	25
14	25
13	10
8	12
15	53
0	43
0	10
0	13
0	14
0	10
23	11
0	4
0	67
0	67
0	67
18	12
0	37
0	9
262	9
96	3
87	3
0	3
8	3
0	3
0	186
28	200
0	15
0	0
44	0
10	0
0	3
19	3
65	10
0	629
16	743
0	42
0	42
0	42
40	0
0	0
0	0
0	0
15	107
0	109
7	0
8	7
0	7
0	7
0	2
31	3
0	3
5	5
0	5
0	5
0	2
0	2
18	85
0	358
0	1
0	1
0	1
0	85
9	3
0	3
0	36
0	36
9	26
0	8
217	0
39	27
0	269
8	269
0	269
0	269
0	12
0	9
26	1
6	1
31	1
0	1
508	3
4	3
0	0
0	3
0	23
0	1
7	7
0	13
0	6
6	6
2	13
107	22
0	30
15	0
79	0
0	0
0	18
0	1
18	30
9	0
0	0
0	0
0	56
0	56
0	56
0	44
0	56
7	12
0	23
0	11
0	30
3	8
0	47
48	0
0	17
0	15
61	29
6	10
0	222
0	121
0	83
0	121
0	22
0	43
0	100
0	2
13	123
48	106
18	93
0	83
0	222
0	44
0	13
0	44
177	25
0	0
151	11
61	628
0	6
0	17
3	4
0	3
0	90
52	289
16	289
0	0
34	0
0	84
1	86
0	9
43	21
0	9
0	0
0	6
0	2
43	27
0	1
0	2
0	19
10	19
9	1
38	60
109	169
12	161
0	23
27	331
5462	12220
0	1828
0	327
8	4
21	4
10	4
75	4
31	7
0	7
32	2
0	0
69	24
0	20
0	11
0	4
0	4
0	0
0	0
11	0
0	240
0	139
0	232
1	0
0	641
205	685
0	550
0	554
0	561
0	577
8	0
303	0
0	34
0	7
0	69
0	68
0	68
0	30
0	5
8	1
0	6
2	1
136	98
0	26
126	82
0	118
0	47
9	1
0	14
0	28
0	20
0	19
0	76
4	32
0	32
0	36
0	36
13	48
0	3
0	51
0	5
8	65
0	553
82	534
43	56
0	56
10	25
22	13
0	4
8	4
0	4
0	4
0	0
21	8
0	2
0	8
0	56
0	11
0	0
18	25
0	2
11	0
1	14
0	56
0	121
0	121
29	17
16	16
57	0
0	298
0	182
71	0
16	8
17	17
0	68
0	62
0	44
0	7
55	13
1	7
0	2
1	5
0	14
0	21
7	21
0	7
0	61
0	68
0	69
0	62
61	65
0	65
22	65
14	10
21	61
70	33
34	61
0	16
1	28
0	10
0	0
131	0
7	6
48	9
0	6
3	0
3	0
10	3
31	3
0	3
0	0
6	3
0	0
0	0
63	17
0	3
0	3
18	0
93	64
2	64
0	8
12	8
0	4
73	7
0	7
50	89
148	102
0	64
0	90
11	95
24	16
0	8
6	55
43	43
9	42
0	18
114	0
37	111
0	44
1	15
0	15
0	37
0	26
2	23
0	50
0	50
0	59
0	20
0	59
3	14
0	0
0	43
0	23
0	16
0	79
0	70
0	83
0	206
0	206
1	14
0	1
0	0
0	28
0	24
15	32
0	5
0	14
22	15
0	15
66	17
164	12
1	311
0	5
0	5
11	10
1	10
0	0
0	0
0	0
1	0
372	22
134	22
4	144
0	87
0	2
0	2
4	2
28	34
24	34
7	13
2	201
0	4
0	201
1	0
0	5
0	16
0	16
16	3
2	10
0	15
0	4
0	84
0	4
1	0
0	0
0	0
0	4
0	0
0	2
3	1
15	5
0	5
2	6
0	3
0	0
5	6
0	6
85	5
3	4
17	7
0	7
0	5
0	5
8	39
0	0
0	103
1	41
14	82
93	14
0	59
0	1
0	79
0	30
36	0
31	0
16	375
93	104
0	105
0	103
0	99
0	103
0	94
0	81
0	0
63	19
91	53
0	5
13	5
66	30
4	84
0	13
18	83
0	8
0	54
0	8
19	20
16	22
0	36
0	265
0	264
0	0
0	143
7	2
13	6
227	141
0	2
0	64
1	37
0	48
0	5
0	7
15	11
0	64
6	8
5	113
0	113
0	72
21	7
0	19
0	25
0	0
14	6
1	9
42	7
73	41
521	36
36	19
49	11
58	0
5	76
5	14
0	76
3	6
0	11
3	7
0	0
13	11
0	0
0	0
151	5
0	5
0	5
1	0
25	0
23	22
31	22
0	5
0	5
1	5
5	5
0	0
0	0
0	0
0	19
0	16
0	19
0	18
0	17
0	3
0	2
0	1
17	0
0	2362
0	217
10	30
5	30
6	11
0	3
4	0
0	8
0	7
0	17
0	17
27	21
0	0
0	17
0	0
0	21
0	0
1	21
0	17
0	10
7	34
0	14
0	30
0	0
0	10
231	0
9	1
19	1
19	19
5	6
0	0
0	1
0	1
6	37
2	105
8	105
67	29
0	20
7	2
0	35
0	36
0	104
13	114
0	205
0	199
18	95
15	2
0	114
8	77
0	1
6	75
0	0
23	0
11	7
0	7
0	8
8	2
0	8
0	3
7	3
0	1
0	51
5	51
16	328
13	11
0	11
0	11
0	11
111	145
16	0
10	122
0	47
0	22
0	45
0	120
0	83
0	9
0	3
0	11
19	24
2	5
61	21
4	25
0	66
0	42
0	42
0	11
216	0
57	102
0	102
0	86
3	0
9	0
15	17
0	16
0	0
0	0
16	12
107	12
0	0
3	129
0	129
0	5
33	47
5	5
7	17
10	0
3	13
0	7
4	1
0	1
0	1
135	29
7	8
0	8
12	4
4	4
0	0
33	41
139	48
0	9
1	3
0	3
0	3
0	3
0	3
19	77
5	263
0	256
339	85
28	0
0	0
8	0
0	19
0	14
32	256
0	2
3	2
0	5
0	5
0	5
0	5
8	0
31	0
0	51
470	5
8	11
35	14
0	11
13	14
22	16
0	30
0	14
0	30
0	5
0	14
0	14
8	14
0	14
2	11
2	0
11	0
37	38
0	14
4	30
0	0
0	0
133	0
89	0
36	10
10	4
5	7
17	14
2	14
0	81
0	81
2	81
0	62
49	5
0	7
0	19
13	57
0	13
0	2
0	2
0	4
0	22
0	62
39	94
0	94
0	0
1	59
0	14
0	10
89	42
0	42
67	0
4	0
0	18
0	24
23	22
2	10
0	16
0	7
0	11
0	0
0	11
0	5
55	0
86	128
0	9
0	14
5	5
0	123
6	6
0	7
1	0
10	0
2	2
9	2
0	10
8	0
41	19
25	18
55	18
1	2
14	14
0	78
0	118
0	118
0	120
0	123
0	7
0	13
35	7
19	6
0	6
34	72
27	102
0	38
0	1
40	0
0	54
0	54
9	32
0	32
0	23
0	23
0	8
3	8
0	52
0	39
0	31
0	32
0	11
0	4
0	5
0	0
0	63
7	15
4	6
0	15
14	8
80	40
180	157
0	12
0	12
26	0
75	0
0	67
0	74
33	65
0	10
0	15
0	15
4	0
0	0
6	4
3	8
0	8
0	0
0	0
22	27
0	37
70	40
0	20
58	18
0	135
7	153
0	69
4	4
0	0
0	2
0	164
113	29
31	43
1	28
0	4
0	178
0	178
4	0
0	15
0	15
0	0
0	15
0	16
16	0
14	0
60	5
26	0
7	0
0	0
0	0
0	72
32	61
0	18
0	0
17	93
110	292
20	51
90	51
11	7
18	0
4	4
46	13
15	38
0	535
0	167
14	0
10	6
6	6
39	19
0	9
0	4
9	0
27	6
0	6
0	6
0	6
0	6
0	6
0	6
0	1
0	6
0	6
0	0
0	0
0	2
0	2
12	34
0	33
0	21
0	33
0	33
0	38
0	4
3	12
6	0
0	0
0	0
0	0
0	4
45	0
13	4
21	4
0	893
53	915
6	515
0	90
177	33
1	33
0	14
0	15
0	14
0	1
0	16
0	16
6	107
8	107
0	17
0	17
2	1
0	38
2	44
3	44
105	0
0	19
9	11
0	19
1	5
0	13
0	21
3	21
1	1
0	1
0	19
15	0
0	132
20	132
64	15
17	22
62	39
42	26
5	7
4	139
0	139
1	174
0	180
0	189
0	172
0	11
0	107
0	46
0	23
1	42
0	37
4	5
0	7
3	5
17	1
15	0
6	519
2	187
66	0
15	57
0	19
2	10
0	3
4	1
22	248
0	225
0	28
99	11
0	60
5	20
0	71
0	374
0	56
0	25
0	25
50	261
11	9
0	11
0	252
125	404
0	252
0	5
34	162
86	14
28	3
0	23
0	23
0	9
31	58
13	58
7	0
9	0
1	1
0	17
0	41
5	29
6	32
0	10
0	24
0	357
0	97
39	10
0	10
17	0
64	55
0	12
102	8
8	2
23	24
56	83
0	61
0	17
79	27
7	8
0	10
16	29
0	8
0	18
0	12
0	139
11	0
0	10
16	14
0	12
0	10
0	10
11	10
37	84
1	62
0	5
0	27
0	31
0	34
0	30
0	30
0	27
0	27
0	76
11	37
6	76
0	12
160	17
466	0
58	46
11	30
0	24
32	10
0	45
1	45
0	45
0	45
0	15
0	14
0	14
0	7
5	0
0	2362
0	228
52	23
0	23
26	253
0	253
0	197
0	0
58	15
0	4
111	9
0	14
0	13
0	8
0	8
0	0
0	0
0	0
1	5
0	0
0	5
0	1
0	1
143	197
0	92
0	90
0	21
0	0
5	23
0	22
13	8
0	12
0	9
0	9
0	5
0	9
0	0
109	22
7	22
0	29
0	29
0	89
0	89
3	20
0	38
4	752
0	0
294	4
2	12
0	47
47	18
0	9
5	56
13	17
0	0
45	69
0	69
10	8
8	8
56	13
0	2
11	0
3	0
0	11
122	10
12	1
8	9
0	8
0	7
4	13
0	6
0	0
0	0
0	0
31	18
0	0
129	95
3	9
0	13
0	6
6	14
32	1
0	14
0	1
1	11
0	6
5	3
0	14
160	55
0	96
7	50
0	5
0	1
0	0
0	9
0	8
0	5
0	4
0	39
137	39
6	17
42	11
27	8
3	112
22	0
96	21
0	21
3	10
6	0
0	0
22	0
707	33
0	0
15	8
4	33
88	7
1	1
0	6
10	0
4	18
23	0
0	0
0	0
0	1
0	3
0	1
0	1
5	0
0	0
0	18
16	0
1	0
0	74
0	21
0	108
53	14
0	11
0	11
0	10
1	7
4	42
0	42
4	34
0	71
0	38
0	47
0	3
6	76
12	39
0	22
41	26
0	26
4	26
5	0
2	0
272	0
109	53
0	52
0	43
5	5
5	5
0	3
0	47
0	47
2	1
0	10
12	26
1	11
94	106
6	106
28	106
56	102
106	118
0	159
127	68
0	18
0	11
0	7
21	19
1	13
0	13
26	242
0	20
0	20
2	15
0	1
3	1
0	1
0	1
58	5
33	64
50	0
85	6
154	6
40	14
107	14
57	124
84	182
59	120
0	34
0	15
0	34
38	30
0	10
10	153
0	153
0	5
0	90
0	90
0	4
0	1
0	0
0	0
0	90
130	51
0	0
2	0
0	0
0	0
0	0
4	1
63	12
38	0
0	6
6	5
0	6
9	6
153	48
27	76
6	36
50	95
0	95
8	0
0	0
16	18
0	16
0	27
23	0
64	2
0	0
13	2
0	20
3	11
10	0
0	4
0	16
38	32
0	32
29	50
0	50
0	52
0	288
0	489
9	0
18	15
0	122
0	0
85	248
103	18
0	18
0	0
1	0
264	0
0	47
72	65
0	22
0	18
96	0
6	112
0	46
1	58
0	22
0	9
3	0
0	26
2	18
0	0
8	18
64	325
0	62
4	52
0	52
0	244
5	18
0	18
0	6
0	0
0	150
0	150
0	18
1	13
0	87
0	9
0	9
15	53
0	19
0	15
61	29
0	25
31	0
6	0
26	0
0	23
46	23
0	59
0	7
90	48
2	1
0	1
31	83
0	23
0	32
25	7
36	64
8	0
26	50
0	35
0	0
0	66
0	40
0	31
11	8
11	3
27	66
41	146
0	146
0	94
20	10
1	10
0	0
1	101
0	81
0	34
13	52
83	140
0	91
0	102
0	102
0	122
0	78
65	38
0	18
0	28
9	13
0	0
0	1
66	64
0	15
42	0
13	0
0	49
0	28
0	72
0	72
4	47
0	2
79	6
72	23
1	6
3	13
0	4
0	9
15	9
0	0
9	33
0	0
28	5
6	28
4	0
0	0
43	0
45	2
4	2
6	0
8	26
0	9
3	0
1	25
272	14
0	6
0	6
94	249
0	244
16	47
0	35
4	0
3	58
0	47
20	54
0	90
0	93
1	165
54	109
0	55
0	146
2	8
0	11
0	15
5	143
0	9
0	20
1	0
36	11
16	60
29	60
96	95
26	196
0	7
7	7
164	46
0	43
148	14
0	0
55	0
0	43
0	40
0	7
46	8
17	0
0	42
5	0
0	0
0	42
40	0
33	109
26	4
0	4
33	134
0	4
0	12
0	12
0	12
5	1
34	243
128	243
55	5
0	0
7	5
0	185
0	185
0	185
0	185
0	185
0	185
8	77
0	0
0	147
0	185
0	86
0	93
0	48
0	48
17	5
22	21
12	0
17	4
0	0
1	0
0	60
9	60
0	4
0	4
0	0
44	0
143	14
6	14
3	21
0	20
0	2
0	3
0	15
0	0
0	6
0	6
0	13
94	13
0	11
16	32
2	32
0	32
70	134
5	26
0	43
0	25
85	111
2	111
129	3
0	1
13	0
18	0
118	1
0	112
0	13
1	85
0	58
0	84
0	2
0	2
0	102
0	91
0	113
11	113
0	33
0	34
3	2
1	0
0	3
2	38
6	1
25	28
6	0
0	3
7	18
0	6
15	45
0	6
2	20
0	18
0	18
0	21
0	12
6	12
7	0
0	151
0	21
0	24
0	0
3	0
0	3
0	3
2	0
0	3
0	22
42	30
0	25
39	15
8	41
11	23
0	34
0	11
0	21
0	2
0	0
0	0
38	41
17	41
0	40
10	8
0	8
13	60
0	72
0	50
21	30
0	33
4	480
13	0
0	168
52	168
0	0
0	0
21	0
0	0
1	4
0	0
0	6
35	8
33	15
0	13
0	6
0	0
0	1
8	7
72	7
0	3
1	0
0	0
80	27
0	6
5	18
0	3
0	10
0	3
0	8
79	97
0	25
0	17
0	13
0	0
10	4
14	4
0	12
70	18
0	18
0	1
0	0
15	50
11	50
238	81
0	99
65	19
0	89
0	3
18	17
0	56
0	51
51	10
0	51
0	51
0	56
0	21
0	26
0	26
10	0
4	9
0	4
0	6
0	4
12	50
0	50
83	16
0	8
0	36
12	5
0	0
0	2
0	36
0	67
8	0
72	21
0	20
0	0
17	30
0	34
0	34
0	4
0	59
8	3
10	10
0	101
0	4
19	6
0	0
0	5
0	5
1	1
60	58
50	106
0	95
11	108
0	77
22	88
14	37
6	44
65	49
0	44
0	44
0	6
0	7
34	13
91	68
86	44
0	60
0	36
0	42
0	16
1	0
2	9
0	9
0	0
161	54
1	23
0	5
0	5
10	1
1	0
1	24
0	34
74	3
8	16
2	23
0	16
3	0
0	39
0	2
60	0
9	0
0	2
23	2
0	21
0	2
5	2
0	0
0	0
0	0
344	34
25	34
32	106
0	82
0	7
0	16
164	17
0	7
0	0
1	0
4	6
0	6
438	0
3	39
0	39
59	47
2	25
0	2
76	103
0	22
6	18
0	1
20	21
0	13
0	2
40	26
0	13
1	0
16	45
0	45
0	63
0	10
0	13
5	18
91	21
0	155
0	155
0	155
72	180
0	67
106	53
0	57
0	37
0	0
7	8
10	71
0	67
4	714
80	40
1	14
0	0
39	11
3	1
41	67
0	48
0	33
0	35
0	2
0	2
55	96
5	5
0	5
0	5
0	9
266	0
80	42
7	36
4	5
0	34
21	11
0	30
296	264
140	219
0	0
45	18
29	18
12	18
0	2
0	0
0	0
12	190
52	12
22	32
0	8
7	21
6	21
0	6
19	0
0	280
0	277
0	280
8	0
36	80
0	46
0	0
0	34
0	4
55	1
0	30
2	4
0	10
0	0
8	0
119	16
0	16
0	22
0	0
0	3
1	3
0	0
0	1
0	21
3	21
0	21
32	14
58	7
0	7
6	52
71	0
44	30
0	4
0	4
0	536
1	128
23	133
9	4
5	28
0	25
11	0
0	7
27	13
0	20
13	7
3	0
19	1
0	0
0	57
0	57
22	57
0	39
30	51
0	39
1	646
0	466
1	0
0	67
4	67
58	82
37	41
0	12
0	33
213	6
0	0
0	6
23	0
19	19
55	10
0	10
5	9
23	2
5	2
0	2
0	2
40	68
0	66
0	15
0	4
27	0
0	54
0	0
0	14
0	14
0	37
0	54
2	44
0	362
1	413
0	164
4	93
108	96
1	128
0	149
0	14
0	14
4	57
0	212
0	25
0	16
26	14
0	14
2	10
0	0
0	12
4	19
0	19
85	2
83	701
0	11
0	9
4	11
0	2
17	0
4	0
0	176
193	27
0	3
11	3
0	0
1	29
0	15
0	27
0	19
0	29
12	24
31	50
0	6
0	14
0	2
0	24
9	17
0	16
0	3
0	3
0	0
0	5
0	8
26	26
0	2
0	10
0	29
0	9
9	4
11	5
3	5
0	5
0	5
0	0
0	5
23	0
37	12
0	0
0	0
0	12
0	0
0	0
55	25
0	0
4	16
0	14
0	9
236	66
0	32
0	6
6	93
0	9
0	9
96	2
64	2
26	37
0	13
0	8
12	5
14	2
0	52
0	87
0	6
0	1
0	8
1	3
0	7
241	140
43	110
4	25
0	25
0	23
0	23
0	4
17	27
0	4
0	216
0	216
6	26
0	29
24	32
34	22
0	8
17	19
0	0
8	14
0	14
6	40
96	49
13	49
0	0
43	10
86	12
17	79
26	79
21	8
28	10
0	10
6	0
4	0
0	0
43	5
14	1
38	45
10	67
0	40
0	85
0	25
0	2
0	0
47	106
0	23
0	33
0	94
41	23
0	23
0	9
36	12
0	6
0	6
0	6
3	9
22	3
1	0
1	0
0	217
16	237
0	0
0	20
0	0
118	592
0	444
0	60
7	0
208	217
10	86
106	174
0	18
1	0
55	22
126	46
97	76
0	56
0	54
0	5
0	32
0	8
0	13
46	32
24	2
14	28
0	25
10	34
2	29
0	27
6	16
0	0
5	0
0	14
0	2
0	2
52	46
8	16
0	1
0	16
0	14
0	30
0	31
69	110
6	31
0	33
0	59
0	47
0	50
15	49
0	83
8	0
0	77
0	0
81	10
10	7
15	7
0	8
13	12
0	9
0	2
0	35
4	32
0	43
11	43
56	139
0	4
0	3
7	18
0	13
0	0
83	22
0	5
0	8
0	4
0	7
0	4
0	0
2	1
99	1
15	35
0	6
16	29
0	1
0	1
98	0
15	125
45	83
0	82
0	125
0	81
0	70
0	13
4	25
11	9
28	7
10	7
20	15
0	4
0	4
0	4
36	20
0	12
0	26
11	19
6	0
180	7
0	7
4	0
7	93
0	93
1	93
53	65
67	45
1	63
0	7
0	24
0	18
0	64
0	4
0	5
0	66
0	28
0	3
1	2
0	19
0	1
0	4
0	2
0	2
3	51
0	37
10	0
19	60
5	60
66	0
1	0
7	0
16	0
0	0
0	40
0	142
0	40
1	0
46	3
4	9
0	142
19	86
0	86
27	19
0	57
21	72
1	18
0	23
0	23
0	21
0	21
8	12
0	9
13	0
0	9
0	102
0	102
0	102
0	3
1	27
0	7
6	17
12	17
1	7
2	12
0	17
0	8
0	14
0	9
0	23
0	23
0	40
1	40
11	9
0	7
0	7
1	7
0	23
3	180
6	161
0	95
37	129
0	64
2	100
0	105
0	34
0	2
29	26
3	26
1	2
0	145
0	123
2	41
0	22
6	22
35	54
35	44
0	14
0	22
90	54
0	12
41	0
0	11
0	53
58	59
0	62
12	58
45	0
15	15
0	65
1	16
18	1
16	19
8	10
11	1
0	65
0	13
0	15
0	15
0	5
0	5
0	0
0	22
15	22
0	16
0	8
0	16
3	0
0	2
0	1
0	3
10	59
0	51
226	1
10	1
68	435
0	45
0	140
0	182
0	182
0	18
1	15
0	18
0	0
86	0
4	33
0	49
0	110
98	115
0	18
0	18
3	0
0	1
0	0
0	87
8	0
0	82
0	52
0	42
34	11
19	0
14	48
0	5
0	44
33	48
12	16
92	4
0	3
0	1
90	124
44	36
37	4
0	102
21	27
194	23
6	23
11	85
16	98
0	8
3	32
0	87
0	67
9	21
2	22
0	70
43	73
4	16
0	59
45	98
0	13
6	1
0	97
32	16
0	16
0	40
0	0
0	0
0	40
20	87
9	14
1	75
5	0
0	2
73	3
0	0
0	7
0	7
0	121
0	1
0	1
0	5
25	12
126	33
0	41
0	8
0	0
0	113
1	5
0	5
13	137
2	39
0	84
0	117
35	83
0	49
0	1
0	0
0	0
0	1
0	43
85	43
0	3
0	1
8	0
0	69
0	21
0	26
0	26
47	51
0	26
0	26
0	2
1	3
0	69
0	69
156	0
0	25
0	25
0	0
1	1
0	0
1	32
0	1
1	43
21	17
0	9
4	3
0	16
225	0
0	0
0	0
0	0
0	0
7	3
0	5
0	2
1	16
54	2
0	0
0	2
0	0
4	0
16	97
0	4
0	97
0	94
118	27
0	26
5	10
3	16
9	67
9	15
0	25
0	29
0	29
14	45
0	27
0	23
124	24
0	18
1	24
0	24
0	92
78	252
0	178
0	12
2	23
0	0
149	20
7	8
3	12
45	6
22	15
1	34
0	1
42	28
35	0
3	0
16	1
1	1
0	18
0	18
0	1
0	1
0	0
0	0
24	0
3	19
0	23
58	32
0	11
0	15
0	0
15	0
0	15
0	3
0	47
21	37
81	3
0	9
0	6
0	11
0	0
6	5
4	22
1	1
0	2
8	0
26	1
0	21
0	21
0	84
15	81
0	4
0	4
0	3
18	2
0	16
0	0
526	7
0	7
100	103
0	9
0	8
0	8
14	81
25	2
4	99
1	99
9	99
0	99
0	2
0	0
0	17
0	72
3	17
7	0
62	0
4	202
8	181
0	182
0	201
18	76
0	53
3	50
3	13
0	13
0	0
0	0
8	1
0	0
65	0
6	0
0	15
0	15
9	2
0	2
0	7
72	0
6	2
0	2
21	50
43	26
26	0
28	18
0	185
0	134
0	96
0	185
0	1
2	14
0	45
19	35
34	58
1	23
36	0
0	9
12	0
0	48
72	7
0	7
0	0
0	8
0	12
0	2
0	2
30	8
0	12
101	160
58	1
0	153
136	8
0	58
0	25
3	21
24	8
12	39
0	32
0	16
0	58
4	0
4	39
0	22
0	26
44	43
0	43
0	0
0	12
69	22
65	18
0	0
0	0
0	19
0	19
96	90
0	9
0	5
74	269
14	63
0	53
0	59
0	53
0	53
1	53
0	53
0	32
0	51
0	9
0	15
0	48
0	19
0	15
0	24
12	0
0	12
26	20
7	98
38	35
0	36
0	36
17	0
5	19
6	27
0	7
0	7
0	2
3	6
0	4
4	0
0	0
6	8
0	49
0	49
0	65
0	63
0	47
11	0
81	111
7	93
51	87
8	18
0	0
420	276
0	9
0	7
0	0
4	3
0	2
28	0
11	20
0	3
0	4
0	70
0	27
0	209
0	0
4	18
3	18
0	229
29	229
0	229
55	51
15	52
112	5
0	52
0	43
95	0
0	0
149	44
0	35
13	25
0	4
0	7
0	3
0	6
1	0
15	0
3	11
28	33
13	13
0	11
10	0
0	0
0	11
47	0
0	92
0	24
0	26
13	0
0	0
0	69
0	15
34	27
0	59
0	1
0	69
0	69
2	58
0	50
23	149
0	160
0	19
0	42
0	8
0	14
0	3
0	12
3	15
0	1
9	16
6	16
9	0
1	25
0	26
0	4
0	1
0	4
13	7
17	29
127	0
0	17
0	6
0	14
0	14
4	5
0	20
0	20
15	3
0	0
0	0
15	14
18	3
0	17
8	23
0	40
0	57
0	63
0	5
23	42
0	7
0	7
19	8
0	0
7	0
0	181
0	181
0	13
0	2
0	4
0	4
0	0
0	0
0	0
0	1
0	66
0	0
33	0
297	14
258	1
0	0
52	0
12	7
2	7
0	0
0	5
28	13
0	5
13	2
0	2
0	33
0	198
0	102
39	0
25	1
1	18
4	72
29	145
44	70
43	6
0	0
0	147
3	12
35	62
0	68
45	61
0	10
72	69
114	69
0	30
2	9
0	9
13	1
0	1
0	0
0	1
0	1
38	0
15	115
0	9
31	14
2	98
0	84
0	101
9	37
0	11
0	35
0	0
4	75
108	188
31	0
1	1
45	26
35	3
23	22
0	2
0	2
23	44
0	44
1	107
0	43
0	4
0	7
332	3
0	21
0	21
0	15
0	6
0	0
0	6
37	21
0	230
0	231
0	230
0	163
0	84
0	0
0	109
0	110
9	0
0	105
26	62
20	61
0	29
0	29
0	29
0	20
0	24
0	24
0	29
0	29
0	18
0	30
0	35
0	35
0	35
0	13
0	18
0	13
0	0
0	0
4	9
0	0
0	0
15	0
0	0
0	0
12	0
0	0
0	3
25	22
0	3
0	3
0	24
0	0
29	14
41	14
0	71
0	86
0	86
0	68
0	0
3	0
0	0
5	91
0	93
0	91
39	23
0	0
14	11
69	31
7	12
0	8
0	8
0	9
2	7
0	2
181	53
79	45
8	0
0	0
19	5
5	4
0	12
0	1
8	8
0	69
17	9
0	9
0	3
0	3
0	3
30	33
0	6
0	8
0	27
24	30
0	153
0	211
0	0
116	193
27	84
23	39
0	85
91	16
70	99
6	0
0	378
0	57
265	17
0	17
20	0
16	0
44	0
30	15
12	0
1	13
1	13
18	2
0	0
0	1
0	0
6	0
11	1
4	0
10	51
38	90
1	44
87	39
1	5
0	8
9	12
1	66
54	0
14	9
3	0
0	0
0	3
2	9
17	245
0	88
134	6
0	1
3	1
5	0
0	3
0	2
11	53
114	22
0	7
1	27
1	29
0	20
0	55
25	29
54	30
12	109
4	71
0	26
0	23
16	53
96	119
36	75
0	8
0	21
58	22
0	26
0	101
0	110
0	159
0	207
0	19
11	22
56	117
0	135
0	3
9	11
0	16
2	16
5	0
0	2
0	2
16	8
0	109
0	69
86	5
79	10
73	101
25	16
19	0
18	16
8	2
7	0
13	8
1	54
2	28
0	38
107	0
0	0
48	152
0	28
0	28
66	16
0	9
9	1
0	1
0	15
20	24
42	113
0	53
6	55
33	8
0	44
0	10
0	4
0	9
0	99
0	33
0	42
0	20
0	42
0	14
0	23
0	37
3	21
17	12
0	3
0	3
53	0
5	0
0	17
4	36
0	5
0	13
0	0
0	0
0	0
32	95
9	45
57	37
0	85
8	0
3	23
3	45
101	0
5	35
4	74
0	5
0	14
0	27
0	0
0	4
0	1
0	8
32	3
0	20
12	17
0	17
0	17
145	0
26	0
2	8
20	16
0	4
15	86
0	6
0	0
8	0
9	49
0	6
0	6
0	44
72	64
34	38
7	38
12	28
51	98
70	38
53	43
0	31
0	2
25	29
0	29
0	192
10	195
0	177
16	72
0	24
4	8
0	9
0	67
58	17
7	12
11	11
0	125
0	5
61	80
40	0
1	1
0	1
2	1
0	0
0	0
6	290
0	39
0	111
0	0
0	14
0	7
0	21
0	20
0	74
0	276
0	1
0	10
0	17
0	10
7	1
6	45
7	47
0	33
1	33
19	45
0	29
1	16
9	16
48	107
27	0
85	166
38	23
16	10
1	6
0	0
0	17
18	51
0	31
0	46
0	24
0	4
0	10
95	167
4	22
0	10
9	0
76	13
0	23
0	14
48	14
0	6
0	10
47	0
8	0
4	79
20	8
1	3
2	25
0	25
0	15
0	0
0	0
0	15
0	0
147	0
0	41
0	41
0	1626
3	1628
0	6
0	755
9	15
0	4
0	2
0	1631
13	18
0	0
0	1
11	18
0	4
15	17
0	11
6	11
0	11
0	7
0	11
0	11
26	4
0	4
31	3
0	3
0	3
0	42
7	35
111	38
34	6
0	6
155	25
0	7
0	1
33	0
2	7
0	5
0	7
23	96
0	71
0	27
2	0
11	55
102	9
40	103
24	18
8	6
0	7
0	0
0	0
1	0
0	1
3	41
0	27
91	8
0	7
11	17
0	21
0	14
7	11
10	6
8	6
0	26
5	65
0	61
0	36
1	9
309	153
0	6
0	81
0	100
0	77
0	0
0	82
6	9
0	2
48	44
1	36
0	0
0	0
0	0
1	44
2	40
58	50
0	40
0	7
0	3
0	1
0	10
103	6
0	0
116	69
0	69
102	0
0	6
0	48
4	48
0	15
2	10
1	0
0	1
0	25
0	25
0	34
0	13
0	13
0	9
0	25
0	54
2	24
6	54
3	9
0	23
0	22
0	1
0	0
29	20
0	2
0	2
0	0
0	0
0	0
0	6
13	6
0	21
0	22
36	54
11	52
169	0
0	19
0	19
109	0
7	0
5	66
118	35
3	1
16	58
152	42
9	10
6	42
4	0
0	0
0	12
0	12
0	12
0	42
36	0
2	5
1	12
0	46
6	46
14	4
0	5
0	5
2	0
8	1
0	1
8	0
73	56
51	60
0	56
0	56
0	56
18	50
0	82
21	75
0	0
10	12
0	9
0	28
0	11
0	11
18	29
15	30
0	26
0	26
0	32
0	23
0	24
10	96
0	91
0	22
0	23
17	41
0	41
0	4
0	4
0	20
83	20
15	13
8	13
0	4
8	0
0	0
0	0
0	17
0	21
0	0
0	13
0	13
0	0
0	0
36	6
0	21
31	398
7	26
0	398
0	201
0	89
63	4
0	25
10	0
79	125
60	34
23	0
24	24
148	105
0	141
7	12
0	6
40	0
0	9
0	17
15	6
6	0
0	0
1	0
0	4
0	0
0	0
0	4
0	5
39	0
6	0
0	69
0	69
0	69
0	69
0	78
1	70
0	48
0	1
50	29
0	18
0	0
0	0
5	0
0	5
0	0
0	5
0	5
59	0
40	66
0	2
0	50
0	34
0	25
5	25
0	50
0	29
0	14
0	20
0	1
0	0
0	20
0	1
0	13
5	13
0	0
0	0
0	17
0	0
0	0
10	15
0	22
45	0
130	0
34	78
0	192
123	114
3	30
0	70
0	70
0	45
15	47
1	14
0	9
0	177
0	164
0	41
52	34
0	34
59	40
0	79
0	69
0	31
5	71
0	48
5	15
15	8
1	8
11	0
0	0
19	63
0	0
12	24
27	1
128	1
0	1
0	76
0	76
7	76
0	0
5	11
6	0
14	0
0	76
14	38
4	1
0	2
2	2
4	2
0	0
0	0
0	16
0	38
0	185
0	33
0	12
0	33
0	33
0	1
20	30
57	27
0	2
0	255
0	255
0	118
0	118
0	3
0	3
0	3
0	3
0	4
0	1
76	12
0	7
0	3
26	47
0	46
0	2
55	17
0	15
0	9
215	110
0	49
0	94
93	43
0	35
0	41
0	3
163	25
5	7
14	7
2	11
0	5
0	18
0	5
0	15
2	43
32	48
3	58
0	2
0	19
0	15
0	8
1	68
0	136
10	141
0	4
53	74
0	4
0	20
0	5
0	25
1	7
0	34
0	40
4	40
0	6
0	2
0	4
13	4
0	116
0	5
11	0
0	4
1	1
0	0
7	0
3	0
35	116
27	67
66	33
0	33
0	24
0	24
0	24
0	32
0	71
0	87
0	87
0	46
1	22
0	7
12	10
0	48
0	50
0	7
8	0
0	2
0	9
0	4
0	7
0	0
0	92
0	58
0	23
15	61
0	17
0	17
0	46
0	10
0	50
1	20
0	0
0	0
0	3
0	4
0	10
27	0
0	3
0	9
2	1
10	59
0	26
2	26
4	4
6	16
0	20
10	13
0	17
0	14
33	19
0	1
0	0
0	2
0	3
20	11
0	52
0	20
41	20
12	58
0	58
0	1
0	8
0	25
1	0
2	0
105	214
0	40
9	28
5	6
9	5
6	2
0	3
8	1
54	18
0	17
0	1
0	15
0	1
10	12
23	5
58	0
5	43
3	51
49	233
0	233
4	131
0	80
0	99
45	73
0	76
2	0
0	1
16	0
0	216
0	320
0	81
8	101
0	114
0	111
4	329
0	329
0	329
0	163
0	84
0	57
101	16
6	35
0	6
0	2
11	3
31	21
193	45
85	131
5	1
31	5
0	0
55	74
5	77
0	24
0	29
0	20
14	59
0	13
0	0
2	0
9	12
12	19
19	9
5	4
7	0
0	9
0	352
66	352
0	3
2	63
0	0
2	5
26	13
0	0
16	12
0	13
0	0
26	24
3	21
2	16
0	16
0	15
0	7
0	3
0	0
12	3
3	0
5	20
4	20
2	0
158	356
0	304
1	12
5	31
0	7
0	115
0	25
0	48
0	17
0	6
0	4
23	31
40	31
14	8
0	6
0	6
0	6
5	2
15	0
642	38
0	38
0	1
0	1
0	1
13	39
0	33
0	21
0	6
7	1
0	43
0	42
24	0
5	3
0	19
12	21
14	23
13	22
78	42
0	12
5	49
0	33
0	31
2	80
0	60
0	10
0	1
0	5
0	8
13	15
126	0
0	5
6	29
0	26
0	26
0	34
0	31
0	16
0	26
0	23
0	26
1	4
0	225
0	177
0	56
7	5
0	6
0	242
12	96
6	47
0	18
3	0
0	71
0	45
0	114
43	35
0	18
0	69
0	18
0	18
0	50
0	74
0	28
0	18
0	18
0	94
0	26
0	72
0	21
0	13
39	10
6	13
0	8
0	0
0	4
0	4
0	6
17	8
0	5
3	6
0	0
0	117
0	117
18	19
0	11
45	269
0	348
0	273
0	1
6	86
0	323
34	76
0	73
43	76
3	3
0	16
0	92
0	60
0	45
0	1
0	8
0	16
0	4
7	8
0	1
0	6
30	6
0	59
0	59
7	33
173	50
18	50
0	41
7	30
0	12
0	7
0	7
0	36
4	7
0	12
0	7
0	34
0	15
0	29
0	23
0	12
0	72
0	72
0	56
0	8
0	6
33	40
0	10
10	13
0	11
0	12
89	17
0	248
0	252
0	252
0	252
0	17
3	9
0	9
4	13
29	43
5	25
0	3
124	0
212	18
0	17
15	6
0	1
0	10
8	11
0	6
0	3
0	0
2	0
108	0
58	0
26	55
47	1
6	1
368	593
0	48
0	0
8	0
0	20
0	315
0	321
0	6
0	0
47	0
0	8
0	11
0	8
53	24
0	12
16	40
0	40
0	167
0	4
38	101
0	163
0	163
0	27
0	6
11	27
0	1
30	1
41	0
4	0
76	154
50	46
0	45
0	150
15	174
0	150
0	150
0	143
42	25
0	35
19	14
0	13
1	18
75	48
31	13
40	18
0	13
0	35
5	4
98	848
121	2
3	2
5	6
0	6
486	123
0	0
11	15
0	114
3	6
82	33
0	1
13	20
8	24
2	2
0	7
80	0
24	30
0	30
161	94
36	10
0	2
0	10
0	1
49	697
0	14
162	33
16	33
0	21
0	1
3	8
0	8
85	0
8	0
72	30
0	31
13	30
0	34
0	31
0	31
0	30
0	33
3	26
0	10
0	25
0	35
0	6
0	15
23	56
0	9
0	1
0	43
0	8
0	6
0	8
0	15
7	13
20	0
0	2
37	5
32	1
93	12
0	12
25	92
0	20
8	0
1	16
0	8
1	69
29	8
22	0
10	34
0	47
0	47
62	61
209	0
11	4
32	57
4	70
0	10
5	87
0	12
0	7
0	0
15	0
36	256
2	138
0	65
1	0
29	5
0	8
0	0
0	5
2	0
3	8
5	42
68	42
1	58
0	58
0	18
0	1
7	0
21	3
0	0
4	0
0	0
8	1
0	1
18	0
4	21
28	19
13	262
0	21
0	14
0	16
5	15
0	15
0	13
0	0
0	0
0	2
0	2
34	0
20	28
0	38
1	0
0	0
0	17
0	17
0	763
20	95
26	89
0	72
341	70
0	10
1	25
15	0
0	24
0	70
92	9
50	8
43	5
24	5
59	34
3	38
0	2
0	2
0	2
0	0
0	0
0	336
0	59
0	193
0	193
0	13
1	87
0	87
0	11
0	0
64	31
0	15
0	10
0	10
4	10
2	178
15	28
0	19
0	7
0	45
0	2
0	0
2	0
0	30
0	186
0	216
154	25
436	88
0	16
20	88
0	8
91	20
0	14
5	5
14	9
0	11
6	0
6	40
38	48
41	32
0	0
0	11
22	0
0	0
32	0
0	32
27	36
0	25
51	270
0	9
60	23
0	0
3	120
0	120
63	1
19	58
0	23
29	35
1	3
0	6
0	9
0	0
0	12
0	0
113	77
0	8
0	47
0	46
0	52
4	37
0	391
0	0
38	77
38	77
0	16
10	10
3	0
0	96
0	52
163	243
0	17
0	20
1	3
0	1
16	225
0	22
1	1
0	10
0	86
2	152
5	34
1	136
0	2
5	116
0	64
17	64
38	64
8	0
45	0
8	62
137	601
0	60
0	21
18	105
0	5
0	13
0	69
0	115
7	10
2	2
0	21
0	69
0	7
8	0
19	89
1	19
3	5
0	6
12	0
31	122
4	55
0	55
0	17
0	35
196	142
0	0
15	4
0	11
0	9
0	40
13	8
72	81
5	0
0	110
0	113
13	0
160	44
223	60
28	12
0	17
9	58
0	7
0	6
0	6
0	9
0	8
0	8
0	9
14	0
102	44
18	24
135	30
8	0
8	54
0	54
0	14
1	14
44	14
0	1
0	0
0	0
88	226
0	9
11	29
4	29
8	7
0	226
16	22
0	21
0	1
0	3
0	1
11	0
0	1
2	1
0	1
0	5
1	25
0	25
15	2
0	0
0	2
0	7
12	8
0	0
0	1
2	182
0	7
15	117
6	39
48	54
0	4
21	4
58	10
0	6
0	17
0	21
0	10
0	364
0	343
0	39
0	45
38	18
0	362
0	5
52	101
7	18
0	18
5	106
0	105
28	15
0	2
9	70
0	4
104	124
0	148
0	38
0	34
0	6
13	17
14	9
0	202
0	202
0	70
0	38
0	33
1	32
0	9
0	33
0	33
0	33
0	33
0	33
11	0
127	58
24	0
2	57
0	0
19	1
0	11
1	1
3	18
0	310
0	163
0	253
10	418
38	17
27	30
0	73
0	350
0	332
17	42
0	11
0	46
0	38
0	51
0	18
0	32
13	18
0	7
71	33
9	27
0	0
0	5
0	0
13	0
0	7
0	8
0	18
0	280
0	270
266	0
11	87
2	75
0	0
16	68
3	0
37	79
0	0
0	1
0	0
0	2
0	2
40	87
73	67
0	25
0	71
6	17
59	9
8	0
2	8
0	0
39	0
52	10
0	4
0	7
0	2
19	24
2	4
15	1
265	194
0	360
0	360
0	360
6	0
2	19
37	160
0	123
0	0
2	51
36	56
0	6
8	50
0	63
16	58
0	90
0	0
8	38
75	3
0	93
21	22
0	9
0	13
6	258
0	88
0	8
0	8
220	68
0	68
0	9
473	37
0	37
0	3
9	0
0	3
1	109
8	326
0	132
34	0
18	51
0	51
0	51
1	38
6	0
1	5
0	45
5	4
3	0
4	0
0	45
3	221
0	85
0	51
604	4
11	0
31	99
0	4
3	0
2	0
0	0
0	8
0	7
5	7
0	7
0	0
0	8
3	2
0	49
0	24
0	24
1	49
0	1
0	8
2	8
0	87
0	87
0	80
0	87
0	87
1	0
4	0
210	24
0	14
0	5
0	5
19	1
0	0
3	72
67	26
0	48
0	11
0	17
0	39
3	1
0	0
5	0
0	6
70	41
97	0
13	196
0	86
0	52
4	6
0	7
0	7
0	7
0	7
0	18
0	3
24	111
0	18
65	540
40	849
0	812
16	23
0	0
8	41
199	0
0	137
20	33
3	17
0	1
6	0
0	7
0	8
0	1
0	3
35	8
0	137
38	419
67	78
0	12
0	35
6	17
2	11
0	11
0	102
0	525
3	24
0	523
0	668
66	5
13	652
0	508
7	2
0	5
0	38
2	38
0	5
0	5
0	167
1	437
0	30
0	37
0	13
11	0
8	462
7	16
10	5
0	65
0	70
1	0
0	0
9	61
0	3
0	0
0	32
0	36
0	60
0	29
0	60
0	60
0	60
0	60
0	60
0	60
0	11
0	15
0	15
43	0
0	15
74	21
0	7
0	6
0	4
0	5
0	14
353	0
18	25
0	23
0	25
27	0
0	79
0	79
0	0
0	1
0	30
0	18
0	18
0	9
0	0
0	25
0	25
7	0
0	2
0	67
0	67
0	39
0	2
0	6
0	13
0	13
6	7
0	2
5	4
0	0
0	4
15	42
0	5
0	5
1	36
0	2
0	36
0	2
0	6
0	6
63	16
1	46
0	44
0	11
0	0
0	1
0	0
0	0
0	11
19	48
94	9
1	9
0	0
0	0
7	547
0	636
0	84
0	135
0	49
6	3
57	89
82	84
18	21
4	12
0	5
101	6
3	6
0	19
47	78
0	128
24	300
0	7
44	273
21	110
0	2
0	104
0	104
0	110
213	70
0	70
0	9
127	79
0	45
0	70
10	70
340	73
12	54
185	124
0	10
0	39
0	5
0	97
0	5
0	115
0	114
0	2
0	1
3	1
28	0
14	0
5	76
0	48
0	76
0	0
6	10
0	0
8	9
11	0
3	0
0	0
251	7
60	14
0	0
0	14
0	0
33	10
0	6
44	8
0	11
74	45
14	45
10	2
145	23
2	12
0	11
0	23
0	0
40	0
75	3
0	0
0	0
12	25
0	6
11	4
0	19
0	16
0	3
36	0
20	30
11	30
2	36
240	36
0	361
0	361
0	397
0	397
0	18
0	0
0	0
0	0
26	4
0	4
3	0
20	0
14	24
2	87
8	63
25	48
0	0
4	0
0	0
0	24
0	0
0	24
0	14
0	31
0	102
0	113
0	127
0	101
74	172
0	6
0	7
6	8
0	0
579	13
2	0
0	13
0	65
0	64
0	9
76	0
0	0
0	0
0	0
38	19
0	19
2	6
38	0
0	0
27	0
77	56
24	56
2	28
0	40
0	40
0	15
0	7
27	16
0	19
6	19
20	16
0	1
0	8
1	0
12	117
76	101
12	101
6	237
0	251
0	175
0	0
15	7
0	7
13	0
7	0
0	0
5	0
31	49
157	78
77	92
0	0
8	0
9	0
24	0
0	8
0	24
0	0
0	32
27	0
0	12
0	12
66	0
0	72
140	19
32	12
0	0
20	116
1	32
0	3
0	84
123	0
0	11
17	8
0	17
5	194
366	148
1	153
0	207
0	67
0	32
0	20
66	128
35	13
14	48
29	61
0	13
1	22
107	66
5	46
0	29
0	23
0	23
0	23
0	23
0	42
0	29
0	6
77	22
0	9
0	12
5	6
46	9
0	1
17	1
0	1
0	0
17	2
5	0
1	0
0	11
0	9
7	18
0	18
11	27
0	18
42	17
14	10
15	0
0	0
0	136
0	136
0	86
2	13
0	3
0	0
12	0
0	5
0	0
8	0
0	3
12	4
33	75
0	0
0	9
0	17
0	75
41	34
0	27
0	17
0	17
0	107
75	50
0	31
1	43
0	63
0	112
47	74
15	40
2	101
0	6
0	100
0	22
0	21
0	103
0	11
55	14
0	8
0	6
7	6
76	6
0	10
0	4
37	0
40	0
0	27
0	27
0	15
0	8
28	16
0	16
0	58
0	77
3	77
2	6
0	6
15	22
0	22
0	22
0	15
4	15
1	0
7	0
1	18
0	18
0	727
142	667
0	28
41	29
0	22
64	13
0	21
0	58
0	70
5	82
0	61
1	27
0	12
20	11
0	11
15	1
0	1
1	477
0	302
0	32
0	32
0	28
0	89
0	83
0	80
0	51
0	51
0	23
0	47
0	10
2	18
0	2
0	15
0	22
0	89
0	4
0	4
0	4
0	26
0	26
0	12
0	16
12	30
0	31
6	17
43	5
6	0
11	59
0	4
0	73
0	3
0	0
2	0
0	9
9	9
6	9
25	35
4	112
0	80
5	2
358	118
0	19
15	45
0	46
12	16
34	57
8	108
0	8
0	78
0	0
0	2
0	9
0	7
0	3
0	15
312	518
0	16
57	6
5	0
61	18
0	2
1	1
3	0
0	0
0	15
16	0
1	533
0	410
45	19
0	9
0	40
0	40
137	2
0	7
0	12
2	22
0	22
11	0
142	124
0	145
2	65
0	90
0	0
4	0
0	48
0	48
0	36
0	44
3	54
0	13
0	22
52	22
0	1
0	1
0	1
18	66
0	0
0	15
2	46
0	46
0	2
0	4
0	12
0	8
0	163
0	163
0	162
0	201
3	201
219	1
1	36
0	36
83	34
0	0
12	0
5	0
8	0
0	0
5	279
0	137
109	3
1	0
2	40
6	57
0	57
0	0
0	50
0	38
6	38
9	0
48	0
1	33
19	22
0	22
0	32
0	27
7	5
0	5
0	0
0	5
19	0
0	0
0	5
26	4
0	3
2	43
0	15
17	28
16	0
1	93
0	81
0	15
0	64
0	6
2	0
0	0
0	3
0	12
4	0
6	0
1031	0
100	325
0	6
296	5
0	4
0	3
54	0
30	24
0	39
0	50
0	21
13	11
0	11
0	0
88	12
113	51
0	79
0	13
0	27
104	106
12	70
12	16
108	38
0	12
0	10
5	5
2	0
1339	131
23	8
26	2
11	24
0	24
0	152
7	17
0	52
0	13
21	141
0	13
11	0
2	22
1	104
0	71
9	46
21	2
0	0
0	0
0	5
63	104
0	83
111	40
0	85
0	44
0	45
21	13
0	17
0	17
0	83
5	0
3	19
0	19
0	7
0	8
21	8
14	0
0	56
0	0
0	56
1	6
0	6
0	0
0	6
5	6
0	0
0	6
0	0
0	0
0	11
17	15
0	15
0	15
0	15
8	376
0	258
0	38
0	18
9	0
0	38
100	75
0	75
0	235
0	128
1	21
105	287
0	80
0	185
85	9
9	7
0	0
6	36
0	11
1	21
149	104
0	55
0	4
0	48
0	48
7	45
0	11
0	11
0	10
0	4
3	10
0	93
33	93
0	42
41	1
0	16
0	4
0	1
3	0
0	0
0	0
18	0
0	2
2	0
0	0
0	0
0	29
0	49
0	298
0	299
0	299
70	271
0	270
9	58
3	40
4	37
32	83
0	39
0	34
0	156
0	131
0	105
0	106
0	63
54	15
18	113
55	141
222	115
0	10
5	14
6	0
21	32
0	15
162	17
0	21
34	6
17	6
17	531
0	66
0	145
0	145
0	73
0	63
22	98
0	98
0	17
184	93
14	35
0	82
5	0
7	12
0	12
0	8
14	0
8	0
2	89
0	81
0	63
127	12
5	222
0	61
57	84
0	27
0	79
1	9
0	0
8	1
0	0
1	0
0	1
153	3
39	0
10	3
79	77
0	8
0	82
114	82
0	11
85	98
0	22
98	31
0	28
0	94
0	43
21	28
0	4
0	4
5	55
0	29
51	169
120	247
56	47
12	36
13	9
0	9
6	0
0	0
0	0
0	0
0	0
0	0
0	12
18	0
12	12
0	12
26	23
11	827
0	649
0	61
2	2
0	0
0	59
0	59
0	79
0	100
40	100
43	58
8	86
0	12
0	77
0	29
0	7
338	120
0	120
29	67
5	71
0	24
0	17
41	16
91	30
0	0
0	0
2	29
0	4
16	149
7	149
1	45
14	35
51	45
0	30
3	13
4	29
0	11
0	55
761	31
0	46
0	58
0	17
4	9
0	40
65	39
0	9
0	1
28	2
2	0
0	10
1	6
0	8
86	100
15	4
0	100
4	50
0	50
0	6
2	0
0	2
39	82
0	8
0	56
1	65
4	29
11	29
0	35
21	39
0	5
62	10
0	7
0	0
0	0
0	0
38	22
15	59
22	59
44	52
0	57
0	57
0	76
0	14
0	34
0	208
25	104
0	50
30	7
0	0
0	0
46	20
0	3
4	0
28	1
69	97
0	0
0	0
0	25
0	108
13	113
0	20
190	16
0	9
31	187
0	187
0	153
0	183
5	147
0	8
0	74
0	8
0	10
0	4
0	10
15	16
0	175
29	9
7	0
4	3
1	0
0	175
0	76
0	51
0	35
0	28
0	16
0	7
11	41
160	0
35	33
21	23
0	33
0	20
0	3
0	891
0	658
88	0
77	391
27	16
9	12
0	2
0	2
193	0
4	29
0	2
0	27
47	4
24	19
0	19
0	35
5	35
28	30
0	31
26	19
0	34
0	36
0	38
10	62
13	37
0	44
26	5
157	36
0	36
13	0
26	15
0	12
0	238
0	149
0	200
0	82
0	82
0	82
0	82
0	32
26	88
0	11
0	60
80	20
0	3
112	17
0	17
132	307
5	307
0	307
150	44
2	21
0	22
0	26
71	0
12	138
0	112
0	48
9	22
88	84
99	161
4	6
0	0
110	0
45	7
0	0
0	7
0	3
0	8
0	2
0	2
0	3
0	8
5	13
0	2
0	2
0	1
0	0
0	5
0	10
0	5
49	9
0	9
0	6
45	0
104	94
0	132
3	17
0	128
0	91
28	15
0	15
0	132
137	0
6	7
0	7
31	30
52	35
83	23
55	23
0	23
5	6
0	6
10	21
0	27
76	6
113	68
0	138
0	136
10	158
0	127
0	10
4	132
0	152
0	5
0	138
0	83
0	1
3	0
0	82
0	138
53	120
3	1
13	0
0	304
193	341
0	321
50	305
0	304
0	102
0	96
0	95
0	3
0	102
0	95
169	1
0	0
8	0
0	0
87	18
5	18
0	18
5	104
0	86
21	453
21	453
19	58
0	63
28	5
8	0
0	36
4	106
12	2
0	15
0	7
79	21
0	1
4	5
0	9
27	0
0	9
0	9
0	14
0	60
49	46
0	27
5	16
0	15
0	27
27	50
16	20
8	0
0	0
15	7
5	4
0	4
115	85
0	9
88	61
60	19
0	42
5	25
0	27
0	37
0	27
13	8
5	10
0	0
2	0
0	0
0	0
70	27
40	155
38	9
0	22
0	13
0	22
11	146
18	261
0	117
0	81
9	33
0	9
0	31
0	6
0	6
10	0
16	0
3	3
8	6
32	25
0	2
14	0
2	25
26	0
0	64
0	1
0	8
0	60
0	62
0	7
220	47
8	37
0	20
5	7
16	1
0	28
52	66
0	12
5	1
0	0
0	21
14	0
93	54
5	1
0	1
0	8
0	270
0	200
0	58
0	101
8	58
2	53
0	5
0	54
103	80
0	80
0	4
0	4
1	15
0	0
0	165
10	75
0	75
0	536
0	414
0	439
11	55
0	44
0	348
0	7
0	22
0	0
0	25
0	34
12	132
59	0
0	9
0	27
0	1
16	25
0	0
0	0
75	7
1	118
0	67
0	71
0	48
1	44
0	45
0	61
0	5
0	0
0	4
0	4
148	30
0	128
0	5
0	98
6	0
33	40
0	30
0	40
7	34
0	39
1	16
0	481
0	444
0	449
158	71
1	34
0	4
0	8
0	2
23	0
0	214
0	33
0	33
0	16
0	16
0	1
0	1
4	1
0	5
6	68
5	13
0	32
59	55
0	55
224	48
0	26
0	5
0	32
0	26
0	26
0	28
17	26
0	8
0	33
0	29
0	29
10	24
151	5
0	9
7	76
0	17
0	62
0	5
19	0
0	56
42	58
2	58
102	41
4	56
19	31
108	9
12	5
54	11
2	11
176	69
0	36
0	25
0	40
8	41
0	15
0	23
0	20
0	1
0	8
9	8
0	7
5	0
26	4
0	1
15	1
9	4
18	27
0	0
0	3
0	24
104	132
63	19
0	113
23	17
5	17
0	14
4	0
1	0
0	4
157	34
16	22
63	55
172	85
0	10
328	17
0	7
0	16
20	27
0	26
49	138
1	48
0	50
0	25
0	2
0	2
0	1
0	2
8	0
0	18
0	33
0	84
3	84
23	24
16	24
0	24
0	24
0	30
184	19
4	14
0	0
37	7
0	7
0	0
0	22
0	19
10	9
0	7
53	12
0	0
53	12
1	20
5	59
0	20
264	0
1	10
0	0
0	4
24	10
66	100
12	44
20	27
0	19
8	66
0	2
1	2
0	13
0	13
0	3
0	4
6	1
6	0
0	1
0	2
130	9
941	0
0	26
5	26
3	26
46	13
38	162
0	0
45	9
0	0
0	0
0	0
0	0
15	0
13	15
5	128
0	5
0	0
5	30
56	59
206	94
5	157
0	14
5	56
1	0
72	73
0	0
0	73
0	57
6	40
0	43
0	19
0	12
0	0
0	20
0	15
9	12
20	2
0	2
3	2
0	7
33	64
19	6
8	19
0	45
6	0
11	0
5	0
22	15
5	3
1	0
2	0
8	1
0	2
0	0
112	2
0	2
0	2
128	4
81	8
11	74
0	74
0	7
59	1129
238	1211
0	110
0	17
7	24
14	47
0	2
0	2
3	9
0	0
16	0
0	9
3	108
0	81
0	104
0	244
0	4
1	4
0	74
0	76
0	6
0	74
2	81
0	76
0	11
0	7
102	14
63	0
37	41
25	50
1	0
3	11
0	13
4	40
4	6
0	17
9	0
0	16
1	13
0	21
25	293
102	48
0	1
0	10
0	10
12	10
0	2
71	4
0	3
0	36
0	5
0	36
21	0
68	67
0	30
0	62
0	43
0	119
15	119
9	0
16	12
0	37
0	40
0	14
0	45
0	20
0	68
33	8
7	31
0	3
0	38
107	33
24	0
95	138
42	0
66	12
2	0
0	12
9	0
27	0
5	0
0	0
21	36
52	366
1	24
0	16
0	18
0	16
11	46
18	44
0	763
0	763
45	21
271	22
0	19
13	10
0	10
69	0
3	0
5	115
0	19
0	8
0	107
0	2
28	2
92	14
0	5
38	0
0	160
0	139
0	30
0	11
0	11
0	11
0	7
0	0
13	11
0	10
0	4
14	3
12	447
1	11
0	10
0	2
0	2
4	2
5	2
0	68
2	68
0	56
45	7
0	7
3	59
0	1
0	21
0	62
26	0
7	9
0	3
0	6
31	146
20	12
30	10
0	0
0	1
5	1
0	0
17	1
0	25
77	19
0	49
0	11
0	15
0	6
0	25
0	38
0	14
0	17
0	4
0	14
0	0
379	0
5	7
5	7
0	7
6	61
0	52
23	40
14	41
95	0
0	0
0	64
0	10
0	0
0	6
1	6
0	6
0	6
0	10
0	10
0	6
0	6
190	531
20	44
8	2
61	109
216	1
12	0
0	78
0	95
1	25
0	15
49	0
47	22
3	0
48	49
60	74
59	36
0	11
0	6
162	0
0	7
5	24
28	21
0	15
0	15
26	50
150	109
0	159
64	99
0	120
0	140
1	204
0	50
33	31
2	123
0	119
3	20
0	98
0	102
0	95
5	4
1	4
10	3
31	17
44	33
2	0
0	2
0	0
0	0
0	0
0	0
19	5
3	4
17	4
0	123
0	22
23	0
0	22
42	10
0	10
8	25
0	3
0	3
0	3
0	0
9	93
0	148
0	0
10	153
7	673
0	499
6	9
5	9
109	15
0	0
0	0
0	0
17	2
44	2
0	0
15	54
62	54
4	4
28	32
0	32
0	18
0	0
0	83
18	245
6	256
0	15
0	0
1	0
3	0
0	245
0	86
26	90
0	35
0	32
0	25
0	19
0	12
0	331
12	92
0	25
0	68
0	68
0	166
0	68
34	48
0	55
0	152
0	164
0	49
52	201
139	37
0	16
0	4
3	4
0	5
0	12
7	0
0	0
0	114
31	0
11	0
0	8
32	0
72	106
0	327
0	327
5	327
0	25
0	24
0	17
0	17
8	2
3	2
0	2
0	2
27	58
0	4
0	0
1	0
11	0
11	14
0	14
0	8
0	8
0	6
5	0
2	7
13	7
0	4
0	4
0	8
0	8
21	40
4	15
0	21
0	5
25	3
0	26
0	12
0	0
0	0
17	0
0	0
0	0
0	0
0	0
0	0
1	3
103	0
1	2
5	2
0	0
0	0
0	43
0	43
0	13
0	10
4	0
4	0
0	43
0	43
1	0
0	1
727	1
0	1
25	62
0	62
3	121
0	121
19	5
0	15
37	14
0	11
0	12
39	17
41	17
0	17
87	46
0	17
6	2
75	76
3	75
0	62
2	19
0	18
4	7
2	7
9	14
0	7
0	49
87	42
4	70
71	44
0	70
25	70
0	19
54	0
80	0
0	14
60	88
51	88
63	0
45	3
0	2
33	0
15	24
27	35
0	35
0	9
0	20
0	8
0	13
42	86
0	56
0	15
0	14
4	15
0	13
14	0
0	13
0	3
343	44
3	48
0	4
46	0
0	1
65	16
0	14
0	11
280	208
0	0
0	65
3	65
41	9
8	0
0	0
0	13
0	4
10	71
0	15
0	26
0	38
8	42
0	26
0	14
0	1
5	5
0	29
0	29
24	77
0	1
1	1
1	1
0	1
0	23
5	13
18	18
0	330
94	330
39	115
0	115
12	55
0	62
0	62
150	37
0	51
0	45
0	51
0	45
0	51
0	4
9	0
26	0
6	31
47	14
0	51
0	30
0	0
0	8
0	51
38	0
44	580
0	31
0	19
0	0
4	3
22	3
0	6
0	3
2	0
7	44
0	10
0	22
0	44
0	16
0	15
3	1
21	15
16	3
0	41
294	25
0	24
0	88
47	116
0	88
0	88
16	40
4	79
0	42
13	48
0	1
0	16
0	16
0	5
0	9
7	3
6	2
0	2
0	0
96	74
58	115
0	14
0	319
2	8
2	10
0	72
0	72
0	18
1	36
0	21
0	33
0	7
21	13
0	11
0	0
28	20
0	5
0	0
0	16
4	1
43	1
0	12
28	12
0	96
0	79
1	57
10	28
16	28
110	46
5	0
22	137
0	17
27	20
0	14
0	4
0	3
0	0
124	339
6	8
0	4
0	31
0	11
0	16
5	36
0	11
0	11
19	21
0	21
4	14
0	14
0	44
0	44
0	33
0	189
0	189
0	188
5	188
0	167
2	30
0	26
0	9
1	9
0	0
0	43
1	77
5	483
0	107
0	21
0	21
1	0
4	21
4	21
0	0
7	19
0	0
18	1
1	0
17	16
0	0
1	0
0	11
0	15
8	38
9	47
48	31
1	25
13	7
0	9
148	41
2	36
8	17
0	6
0	11
14	0
11	0
0	24
23	0
10	2
0	0
0	2
62	33
0	33
32	18
3	0
0	15
0	17
13	1
28	16
25	12
21	0
9	95
11	95
0	89
6	9
0	11
4	26
0	10
0	3
0	10
12	10
2	3
0	238
0	93
0	17
0	17
0	0
22	53
61	29
33	61
0	24
53	47
0	47
24	4
0	0
17	4
17	7
127	7
30	276
3	0
0	2
0	779
65	906
18	791
0	892
0	0
0	0
0	0
0	0
3	14
0	0
0	0
15	150
231	0
3	17
0	49
20	60
55	31
0	10
5	0
0	2
28	0
4	0
149	35
0	40
0	40
192	546
0	281
0	28
0	10
3	23
61	35
14	7
0	34
39	73
4	34
0	0
0	5
7	1
0	5
0	287
0	191
0	24
0	52
0	28
23	26
0	27
131	0
17	6
0	27
0	26
0	26
0	0
0	0
4	0
0	1
0	25
0	8
0	6
0	8
0	6
0	10
8	4
0	21
6	1
6	59
16	59
2	26
0	0
29	10
7	0
2	0
5	8
0	0
1	0
127	12
0	12
0	15
0	15
0	15
0	68
0	44
4	61
0	6
9	3
0	0
0	6
0	7
0	3
11	7
0	0
26	65
0	74
0	55
0	21
2	16
0	2
5	10
0	20
168	49
0	38
0	27
1	8
0	5
26	56
74	33
8	2
5	7
16	30
7	83
8	83
0	17
0	6
20	47
1	16
0	5
10	40
3	28
0	36
0	28
18	16
5	15
0	260
0	14
0	157
0	8
12	8
10	86
0	59
15	0
7	3
0	29
0	32
1	3
612	258
7	237
0	240
0	217
0	184
0	198
0	191
0	5
0	1
0	1
9	0
0	0
13	11
0	11
0	0
0	0
0	7
0	11
0	8
0	7
147	682
133	434
2	145
14	3
0	26
0	145
77	91
66	7
5	28
0	28
20	3
9	34
23	3
0	7
0	0
1	30
0	1
0	30
41	81
0	108
1	28
0	24
0	53
25	143
40	24
0	155
4	24
0	39
0	41
0	14
0	2
0	2
111	70
0	0
1	6
1	6
54	17
5	51
0	14
8	87
0	87
57	34
7	12
1	30
0	34
23	38
5	135
0	10
0	2
104	9
0	7
0	2
4	9
57	0
21	19
0	8
0	2
0	8
78	17
0	0
0	6
1	4
64	53
0	1
0	5
2	0
0	51
27	76
0	78
5	63
13	26
60	76
0	6
1	4
6	7
49	19
11	13
123	77
0	11
0	11
7	9
0	14
2	4
0	68
0	43
317	39
0	15
52	23
21	12
58	9
1	0
156	351
0	14
0	286
0	65
1	51
0	31
50	42
0	6
0	58
10	0
82	0
0	24
0	80
0	48
0	44
38	42
0	7
1	3
54	73
0	73
0	70
0	43
0	3
0	0
0	43
10	24
0	24
0	0
38	0
5	0
29	11
2	21
0	11
6	28
0	28
0	10
49	150
0	29
0	6
0	10
21	42
0	36
13	10
6	36
0	30
6	38
9	12
0	25
0	22
14	4
20	0
25	51
0	16
14	51
12	1
106	80
0	80
0	32
19	30
8	1
11	1
1	0
44	49
9	12
51	0
0	49
310	28
0	28
6	4
18	20
0	29
0	55
4	55
0	29
0	41
0	11
4	5
17	4
0	4
0	7
0	7
16	12
3	18
0	1
0	4
0	4
0	7
0	0
0	9
62	52
50	39
0	51
0	57
4	57
0	0
6	7
0	0
0	7
10	6
0	6
0	6
10	6
0	1
0	0
0	0
41	49
0	33
0	20
0	9
0	8
0	31
6	85
0	85
0	25
21	31
0	13
4	2
14	16
24	28
0	24
0	15
0	0
3	0
94	0
0	24
0	24
0	24
0	102
35	102
0	38
4	6
4	6
0	6
0	0
4	6
1	0
0	0
37	204
0	121
27	70
4	168
0	103
0	0
154	27
0	40
4	164
24	137
51	68
250	37
0	2
55	99
2	83
0	83
0	75
12	0
5	1
7	0
0	0
0	76
0	90
13	82
0	21
8	17
0	0
2	6
8	4
99	12
1	7
0	5
0	0
10	14
0	58
0	58
4	0
0	11
9	12
13	15
0	25
0	11
0	4
0	15
0	2
8	22
26	19
56	20
0	27
0	14
0	12
0	0
5	10
47	16
0	79
1	71
1	135
0	58
0	5
0	61
64	791
6	12
43	32
7	8
0	8
0	253
0	18
17	22
0	22
16	0
2	0
641	4
30	0
0	0
1	0
35	48
0	22
16	0
0	0
1	3
0	16
2	42
11	4
4	6
0	6
0	4
0	10
0	10
0	10
19	11
54	0
22	72
2	6
86	3
0	11
19	24
0	1
0	1
18	0
0	0
79	101
0	5
0	1
0	0
0	1
0	1
3	0
25	0
0	93
0	85
0	7
0	6
0	106
0	93
1	19
0	1
0	1
0	6
0	14
0	9
0	6
2	20
0	5
3	5
0	13
0	5
0	0
0	0
0	0
0	0
0	8
0	0
0	0
0	8
0	8
0	8
0	8
0	8
0	13
0	8
0	19
0	14
37	0
0	0
0	32
0	32
0	8
0	5
12	0
0	53
113	76
0	34
118	42
0	46
17	23
11	0
0	13
0	5
0	0
0	13
2	13
0	0
3	7
0	24
0	24
0	24
9	24
2	24
0	38
0	45
0	38
0	37
0	34
0	19
0	13
0	18
8	7
0	10
0	11
0	11
0	8
1	8
6	1
36	23
0	59
38	19
17	71
0	43
26	1
0	0
0	43
7	11
49	38
0	38
114	459
6	40
0	1
0	2
16	59
0	53
1	56
0	60
8	79
0	63
19	1
108	0
74	0
11	0
47	21
14	0
3	21
3	119
0	119
0	128
0	9
0	16
0	92
0	62
0	8
0	0
0	0
0	26
0	26
0	119
10	26
0	46
0	52
0	35
0	20
0	3
0	8
20	292
4	15
0	296
7	0
0	281
0	28
15	172
0	20
0	37
0	17
103	0
51	82
54	34
0	10
2	0
0	0
0	44
2	44
6	40
3	213
1	213
7	30
61	0
71	26
31	12
0	25
0	23
0	2
0	70
0	15
0	21
227	141
0	43
0	23
0	2
0	6
0	21
0	23
0	23
0	61
0	23
0	23
0	1
0	0
11	0
94	0
5	74
0	76
1	81
24	43
19	15
0	2
0	0
30	0
83	0
18	0
0	60
0	9
0	60
0	36
0	53
0	28
26	52
0	48
0	43
0	47
0	39
0	18
0	18
0	5
51	3
0	3
0	0
1	0
190	275
0	294
0	19
1	9
3	0
17	35
0	35
8	26
0	4
0	5
0	3
0	22
0	5
1	2
0	12
0	8
0	0
0	0
89	0
13	327
34	257
32	240
0	182
0	183
1	1
27	196
0	372
11	181
86	174
63	134
8	9
33	4
0	4
0	0
63	125
0	9
0	125
353	56
78	95
0	5
0	4
0	5
0	49
9	0
0	26
463	36
0	19
0	19
1	40
0	40
103	10
30	0
22	0
24	25
18	1
0	55
0	27
0	37
1	55
0	27
0	26
60	29
0	45
3	1
14	22
36	24
0	11
13	24
309	83
0	42
0	53
0	0
0	0
3	0
0	0
0	0
7	3
0	39
0	31
0	28
6	14
21	28
7	6
0	14
0	14
13	1
16	0
0	0
43	0
0	9
0	4
0	4
0	4
4	0
0	0
0	8
0	2
0	5
0	20
0	8
0	5
4	12
20	109
26	3
2	12
96	12
80	103
2	103
140	0
14	0
22	12
0	12
0	12
0	5
1	0
0	5
15	34
17	17
8	0
0	0
0	0
22	1
61	1
2	0
0	47
13	49
61	29
2	39
0	8
0	0
0	8
0	57
37	36
0	14
15	13
0	9
0	9
0	12
6	1
29	15
0	0
0	0
0	0
3	4
31	103
17	130
8	126
6	130
0	5
20	16
0	15
1	0
0	0
212	54
9	23
0	68
1	13
0	29
0	49
0	72
20	52
0	71
0	48
25	39
233	61
0	1
5	0
0	21
0	0
147	0
104	24
1	15
80	10
81	6
26	6
0	6
85	35
0	23
0	17
775	143
0	12
0	5
0	28
9	17
0	17
23	10
0	6
3	0
20	107
0	1
0	0
2	111
0	112
12	0
91	62
13	77
0	77
0	27
73	0
0	6
0	12
0	21
16	47
0	34
0	23
0	4
0	8
0	9
0	9
0	0
32	0
33	45
0	39
0	38
0	23
0	5
0	2
0	5
22	88
1	7
0	39
0	70
0	26
6	4
5	58
0	27
75	27
0	10
20	0
0	108
0	102
305	485
78	49
0	49
0	43
10	15
2	17
0	5
1	0
0	3
0	57
0	56
6	66
0	66
0	46
0	29
0	15
0	54
4	57
0	15
0	26
22	84
0	25
0	6
99	0
0	1
0	4
18	10
4	4
0	3
68	40
0	19
0	10
13	18
50	4
97	33
215	32
34	8
0	19
0	19
72	67
0	2
0	5
0	5
0	28
0	7
43	19
0	2
0	10
0	6
0	5
0	25
2	25
32	7
3	7
63	29
4	26
0	0
12	26
0	26
0	4
0	0
0	0
0	17
12	17
26	5
101	172
3	57
64	52
17	22
0	0
0	0
10	0
11	11
34	66
140	0
22	8
0	55
0	55
4	56
0	55
7	7
0	0
5	0
0	56
3	75
0	75
0	53
11	53
40	24
0	17
14	2
4	0
0	0
0	26
7	0
18	0
87	29
10	0
0	0
14	56
0	18
53	18
0	11
0	14
12	37
0	11
18	0
0	20
0	0
0	109
0	109
8	114
0	26
0	25
0	4
0	0
12	11
17	21
0	20
12	0
0	0
0	6
9	73
0	26
54	154
55	3
18	154
0	97
0	60
0	57
137	80
0	75
0	54
0	25
10	26
125	42
0	14
0	4
0	4
0	8
0	8
0	8
0	29
0	4
0	18
6	35
0	32
0	7
38	0
2	22
0	22
43	22
0	84
0	0
0	2
238	2
86	99
31	23
64	2
0	15
0	10
27	13
15	20
0	20
0	17
1	21
0	1
27	14
0	1
0	0
0	1
0	4
0	0
0	0
3	4
0	0
0	34
0	35
0	55
0	26
0	21
0	7
7	2
0	1
0	7
63	104
0	76
0	11
0	28
0	7
0	6
0	5
0	5
0	11
0	5
0	5
0	5
8	0
0	0
53	102
0	0
0	0
58	0
0	7
0	6
0	15
64	56
0	6
0	7
0	4
0	7
13	1
0	3
16	2
56	0
6	29
0	18
0	18
0	13
9	10
3	10
0	11
132	175
0	61
180	150
4	72
32	14
35	1
3	37
1	2
13	12
0	72
2	75
1	72
41	85
0	75
0	8
0	19
0	19
6	8
0	0
1	16
17	7
0	14
10	1
21	9
39	0
0	0
0	0
0	0
0	0
5	0
0	0
0	85
3	16
0	0
8	37
1	35
0	33
6	19
0	20
0	19
5	12
0	16
0	4
9	17
0	17
0	0
0	4
0	4
4	4
61	11
1	11
29	7
14	9
29	0
0	6
0	6
0	0
0	6
9	85
0	58
0	46
59	39
91	0
0	117
105	116
0	117
0	13
0	56
0	8
0	8
0	8
0	6
0	53
1	5
4	16
43	49
14	121
7	23
105	10
0	99
0	19
0	23
61	12
0	12
2	0
3	34
6	34
28	34
6	9
0	2
0	34
53	137
10	130
0	124
56	36
0	7
32	67
2	79
19	79
3	1
165	315
0	314
0	303
93	57
0	47
1	42
0	21
3	8
0	20
0	20
0	20
0	13
0	22
0	18
0	22
5	18
0	18
0	18
0	19
0	19
0	19
0	14
39	14
6	0
40	34
0	92
6	16
5	18
9	42
0	6
21	12
0	72
0	92
0	7
0	7
0	11
11	102
0	95
0	113
0	11
0	8
0	127
0	7
0	81
62	34
0	34
0	3
0	1
22	0
0	3
0	3
23	2
10	1
26	71
4	53
0	45
0	41
29	58
0	38
17	2
46	0
0	0
18	4
0	4
0	112
11	113
0	1
0	57
0	14
0	14
83	14
0	3
9	26
0	25
0	7
7	0
0	79
0	86
9	7
5	7
101	12
1	11
230	17
0	10
14	0
19	15
43	104
0	103
0	89
0	50
0	139
13	26
0	26
0	1
0	13
23	53
0	20
0	55
220	30
1	30
4	30
15	14
48	3
0	3
0	10
0	15
0	5
43	7
4	26
0	65
1	65
0	10
7	17
226	55
0	55
7	6
6	6
4	57
0	6
7	77
17	26
0	26
26	11
11	22
8	123
0	117
4	123
0	17
0	97
0	10
7	22
39	73
0	60
0	47
0	55
0	1
0	1
0	1
0	0
2	0
0	0
0	16
239	0
0	0
0	6
0	6
13	6
0	0
0	0
0	6
94	16
10	56
0	5
0	5
0	0
0	2
18	21
0	21
11	2
0	5
0	0
34	44
0	33
14	133
0	38
0	35
0	15
2	15
0	11
1	11
0	10
0	102
0	8
0	0
1	0
1	7
0	7
0	0
1	0
0	0
53	21
21	20
0	0
6	1
0	0
0	1
29	0
45	103
3	13
0	13
0	103
0	156
0	157
0	50
0	45
17	48
114	80
33	75
24	75
0	35
12	2
61	3
0	6
0	6
73	0
143	272
14	79
0	49
7	98
6	30
0	30
7	22
99	41
0	41
0	12
0	27
0	27
15	27
0	30
0	10
0	4
0	4
0	24
386	1157
19	29
29	0
4	0
0	0
3	28
65	28
85	135
0	114
0	85
0	85
14	12
24	8
0	53
0	62
17	64
37	0
0	33
0	20
0	44
0	51
0	53
0	53
0	51
0	46
0	53
0	51
0	51
11	3
0	46
0	46
0	44
0	60
0	52
0	5
14	5
0	42
6	0
0	0
24	15
0	63
0	63
0	0
1	23
0	23
6	0
6	2
0	1
24	1
0	1
0	9
0	23
0	23
0	101
0	21
0	20
7	20
0	88
0	88
5	9
29	96
0	1
0	0
96	96
0	1
19	1
139	213
1	16
0	85
0	135
0	136
1	23
0	15
1	9
0	6
0	38
0	5
5	18
0	18
0	8
0	18
0	4
0	18
116	0
0	59
8	59
5	25
1	12
9	193
7	130
7	45
0	50
14	61
13	237
0	237
53	1
68	85
0	73
0	0
0	15
1	13
0	1
0	0
23	38
2	35
0	0
9	3
22	29
0	29
221	0
25	0
39	26
0	26
80	13
20	26
2	23
0	28
0	21
15	21
5	11
0	5
14	323
7	25
1	327
0	323
0	309
19	1
10	1
0	270
0	0
9	0
8	8
0	0
0	42
0	15
0	15
0	190
0	186
13	198
0	190
0	190
0	187
0	190
0	194
23	0
24	0
34	0
42	0
174	0
5	2
0	2
0	1
10	26
3	26
2	0
29	19
0	40
0	117
29	19
0	82
0	70
0	124
3	12
7	0
0	107
0	17
33	3
1	2
0	0
0	0
19	18
99	19
0	18
6	0
1	1
5	0
22	91
10	10
14	9
30	56
0	45
2	19
8	0
40	135
0	90
0	89
0	0
0	0
2	48
62	86
39	86
25	38
0	29
0	4
0	9
0	9
18	16
0	0
163	0
0	72
0	70
0	0
55	12
10	52
1	51
40	0
27	66
3	11
0	1
19	1
0	0
0	0
0	14
4	8
30	23
0	12
10	47
0	12
60	23
0	0
0	41
17	41
8	73
0	72
6	37
6	0
0	38
29	74
0	41
0	10
0	0
0	0
0	0
0	0
0	5
0	1
0	0
0	0
5	51
0	2
23	14
0	1
0	2
49	13
5	22
0	19
14	7
4	7
0	0
11	1
5	1
41	41
0	35
0	22
16	0
0	0
68	0
50	16
0	16
16	0
0	97
0	97
0	2
0	10
0	13
0	13
0	4
0	13
0	32
0	32
3	35
0	20
0	5
8	1
0	4
0	63
0	164
41	164
10	11
0	57
0	55
0	13
0	18
0	1
0	14
0	9
0	18
41	20
13	11
0	56
0	64
13	0
37	103
0	49
0	0
6	6
11	6
37	6
0	6
0	0
0	43
0	0
0	0
0	0
0	0
0	72
48	69
4	44
0	26
0	77
0	16
84	28
0	64
0	213
0	213
1076	111
123	111
28	18
17	29
0	59
0	18
3	42
11	4
0	17
0	71
2	0
0	0
23	78
0	3
5	8
0	15
21	0
92	13
1	0
6	1
6	12
0	0
1	0
34	0
0	95
0	95
4	95
0	4
16	15
0	80
0	80
0	48
0	25
0	1
5	0
97	380
0	48
20	12
45	60
12	60
0	4
26	29
0	4
0	3
0	3
4	4
9	4
0	0
0	38
1	25
43	36
0	22
0	24
148	2
0	10
2	10
0	13
0	22
0	21
0	47
0	47
12	5
26	0
40	0
32	468
5	3
0	0
0	0
84	82
0	0
9	0
95	247
0	247
9	6
0	6
0	0
0	0
0	111
0	111
12	10
231	114
6	10
56	122
0	147
0	112
0	51
6	8
0	0
0	51
0	14
275	89
29	0
0	0
5	0
10	0
6	238
0	71
0	34
96	68
0	1
0	0
0	0
19	10
0	10
0	0
38	118
60	21
0	6
77	23
0	6
0	2
1	43
5	0
0	0
0	0
29	104
0	61
0	62
0	0
0	0
0	10
0	3
9	2
0	3
0	1
1	0
6	7
41	74
0	115
0	11
0	5
0	238
0	237
33	26
12	26
0	159
21	77
52	72
0	12
0	64
0	64
0	17
0	58
0	0
247	155
0	6
0	6
32	125
199	126
138	78
0	80
0	46
0	0
21	5
7	0
0	100
0	99
0	100
0	0
0	0
44	260
1	301
0	203
0	52
0	301
0	301
0	121
0	121
0	75
7	9
57	3
0	2
0	3
8	0
52	0
0	38
0	39
0	41
0	44
2	44
11	39
5	44
28	39
0	25
0	5
0	9
0	12
0	12
5	142
4	32
7	27
97	12
0	106
1	4
0	102
0	8
0	8
0	102
0	102
5	274
0	97
18	62
0	69
0	11
0	0
177	228
14	498
111	54
0	23
0	11
29	27
26	99
64	37
184	17
0	18
0	0
0	19
0	19
4	287
0	69
154	1
34	0
0	1
23	15
0	15
142	452
0	0
11	415
0	57
85	2
73	2
0	0
18	185
9	1
0	1
57	141
13	140
13	72
2	512
3	16
0	21
0	21
0	13
8	206
0	92
82	66
25	26
0	26
80	4
36	173
0	60
10	42
10	39
0	4
0	22
0	3
0	25
4	18
10	7
0	2
0	14
1	1
0	6
1	5
5	6
5	5
1	72
0	1
25	1
0	13
10	1
0	0
20	0
2	71
0	69
0	69
0	0
16	0
0	142
0	14
193	20
0	135
0	50
0	45
35	6
0	21
127	52
138	7
0	10
46	0
0	13
0	12
3	30
13	1
0	0
29	31
0	106
0	39
3	19
0	10
0	0
102	35
19	21
0	54
0	49
1	27
0	19
0	32
0	1
2	8
0	39
0	101
6	16
11	16
0	16
100	6
0	4
0	4
9	4
0	6
0	0
4	1
23	33
34	33
20	0
7	8
25	3
0	3
0	3
0	0
0	0
2	95
0	95
0	0
0	0
5	5
0	8
0	17
20	18
0	1
36	6
0	15
4	1
38	26
0	4
0	5
176	91
0	50
16	94
44	209
9	3
0	5
0	43
4	7
51	37
0	0
0	12
0	14
0	7
1	29
1	0
0	28
0	157
0	148
0	132
0	9
10	19
42	0
5	147
207	0
0	186
3	27
0	165
37	11
0	10
217	229
0	4
95	1
15	214
7	129
0	125
24	83
0	12
1	0
34	3
97	8
2	11
0	7
0	13
1	135
0	39
3	39
0	12
9	11
2	5
0	5
0	5
4	7
0	5
0	5
0	5
0	5
0	0
0	6
0	39
24	0
44	0
0	118
0	13
50	122
27	1
62	55
7	55
0	0
1	5
0	11
0	73
5	101
4	101
0	28
0	5
0	0
25	8
0	102
0	101
0	0
0	17
0	17
0	17
0	2
0	42
0	50
11	50
187	0
49	265
17	80
0	4
0	11
5	17
17	47
0	28
45	36
0	14
0	18
0	13
0	18
0	11
0	11
0	12
1	29
0	27
0	20
0	0
0	0
5	0
50	5
2	3
23	27
0	27
234	1
29	0
44	63
49	31
0	11
0	43
0	43
25	37
1	32
1	13
84	0
11	346
18	31
0	241
4	1
0	12
0	350
5	2
84	5
0	5
0	0
17	63
0	4
0	4
175	55
2	4
15	4
0	4
16	29
0	0
0	29
2	29
0	11
331	23
21	28
34	106
0	68
7	51
839	0
33	0
0	7
12	93
0	18
0	28
7	40
0	93
0	10
0	3
8	3
0	45
0	56
22	8
0	11
0	0
6	5
21	5
0	82
13	112
0	31
30	47
0	16
0	6
0	37
0	7
0	15
0	34
0	11
0	14
0	11
0	0
0	0
0	9
0	11
238	126
0	115
0	92
0	90
147	175
59	111
0	77
0	60
0	64
24	58
0	68
0	54
0	45
0	11
0	8
16	12
0	20
0	14
0	13
0	4
3	0
0	10
0	10
0	10
3	10
0	139
0	88
0	95
8	51
7	31
0	54
71	67
0	22
5	12
0	4
0	44
0	0
3	0
100	0
3	19
163	19
16	23
0	11
10	4
0	1
0	3
1	11
0	11
1	11
0	0
0	75
0	115
0	187
26	23
0	0
4	6
14	133
0	11
0	115
0	174
228	0
162	66
1	0
236	120
0	12
32	4
0	0
0	0
14	50
20	11
0	1
35	3
0	12
0	3
13	0
13	111
24	0
0	27
49	27
10	19
0	1
5	0
20	1
10	23
0	26
0	36
0	14
0	23
4	3
1	0
0	0
0	22
0	0
0	0
0	7
0	9
0	23
0	29
0	0
0	1
3	35
0	23
5	28
14	27
85	1190
67	52
0	3
12	196
0	4
0	154
0	10
14	8
3	0
0	14
61	0
7	83
29	88
0	104
0	55
0	0
0	6
18	7
0	10
0	2
270	180
0	180
40	111
0	1
0	1
361	223
6	238
0	35
0	57
23	1
0	6
0	21
0	21
0	7
0	7
46	21
3	7
0	8
2	6
9	8
4	20
0	13
0	35
0	22
74	0
0	13
0	0
0	13
0	7
16	18
4	17
25	6
0	12
9	1
154	15
2	0
0	31
0	88
0	173
0	159
0	54
18	396
0	2
0	143
33	334
99	24
0	0
0	20
0	17
0	17
0	17
0	9
44	27
0	17
0	8
0	8
0	17
0	8
0	8
0	17
0	17
0	17
0	0
2	0
2	103
0	103
19	86
0	16
0	11
0	25
3	0
31	26
84	26
0	8
10	0
22	23
5	46
0	23
20	78
0	42
0	9
0	0
0	29
0	7
0	7
12	3
21	3
0	0
0	0
0	0
127	53
0	9
0	34
5	4
0	34
36	105
25	16
0	0
0	7
0	98
175	0
0	0
9	0
26	79
101	2
0	2
1	0
0	0
23	12
0	12
20	7
4	7
0	1
0	11
0	6
0	6
0	0
9	5
226	28
0	8
0	5
0	34
0	34
0	135
0	128
5	135
0	13
0	2
0	5
0	314
0	5
21	72
0	20
11	353
0	23
0	1
0	20
0	1
214	272
0	64
2	8
28	18
0	15
19	18
0	4
0	2
0	0
5	4
0	4
0	12
42	20
0	17
221	55
0	0
4	0
0	0
0	0
1	0
0	0
5	8
0	0
4	0
0	8
38	75
0	30
0	25
0	52
0	2
13	50
26	5
0	7
0	0
44	49
0	0
9	45
0	43
0	22
0	2
25	14
8	6
0	4
28	22
0	3
0	20
0	11
49	2
0	2
0	2
0	20
2	30
0	25
0	30
10	0
6	4
0	7
0	7
13	0
0	39
22	105
2	6
0	31
0	5
1	81
14	7
29	4
0	6
0	6
52	4
35	112
0	7
1	0
280	22
0	22
5	15
1	4
50	4
0	6
0	1
0	8
1	8
0	8
3	13
0	13
44	37
0	14
0	0
17	8
0	37
14	13
0	13
0	16
0	18
0	0
0	2
50	0
0	2
8	2
53	0
1	0
67	45
7	37
0	21
0	29
4	1
0	1
0	9
63	80
62	80
12	0
0	78
0	114
0	40
5	9
9	7
41	71
5	4
0	4
0	4
0	4
11	28
0	95
0	6
0	0
0	95
84	77
3	77
2	14
0	24
1	2
0	2
0	2
81	13
0	13
0	13
0	13
0	13
0	13
0	3
0	64
22	64
0	13
0	2
10	10
0	0
6	7
5	13
100	73
38	81
0	12
116	12
0	17
0	10
0	10
0	0
96	0
16	0
29	0
21	61
56	0
0	16
0	16
0	13
0	13
0	0
159	69
21	33
0	7
0	19
10	0
27	0
12	0
0	6
3	53
37	24
1	37
0	37
44	38
0	9
34	12
0	12
0	0
0	4
9	0
8	3
1	94
8	94
0	7
0	7
3	106
0	77
24	149
19	2
51	136
0	56
22	0
29	0
0	64
0	64
11	3
14	14
3	0
0	134
0	149
0	150
0	141
0	200
0	18
5	174
0	123
7	100
0	100
0	43
72	20
0	9
115	47
0	3
0	46
0	19
17	21
0	38
0	10
5	31
0	0
1	22
0	22
0	22
0	1
25	10
0	10
53	1
18	6
8	14
0	19
0	40
3	43
44	11
0	6
8	6
0	6
0	4
11	33
5	13
2	33
0	0
0	2
12	62
0	0
0	62
60	48
0	0
74	83
0	82
0	10
55	0
87	36
0	46
0	19
0	4
9	20
0	90
0	95
5	56
19	103
0	2
5	2
2	0
7	47
0	41
0	1
5	1
18	39
0	35
33	32
0	0
0	2
15	5
0	9
0	9
0	5
15	8
0	0
24	151
0	0
43	0
5	27
0	27
0	22
0	13
0	8
0	2
0	0
0	30
0	18
0	20
3	6
0	3
1	33
5	0
61	102
0	30
75	37
0	22
0	53
0	26
1	3
134	12
0	59
1	56
0	20
0	21
0	3
0	0
1	7
0	0
19	0
0	21
0	113
151	23
0	17
0	6
155	123
2	22
0	10
15	4
7	10
40	5
41	51
0	46
23	24
3	9
263	6
111	6
478	2
115	0
0	0
9	108
0	108
0	105
0	104
0	41
43	15
5	15
12	248
1	4
0	2
0	16
0	11
0	11
0	15
0	8
0	6
0	11
0	1
0	1
0	14
0	0
0	2
0	2
0	9
0	3
73	0
0	4
0	1
0	2
0	2
0	1
0	2
0	2
0	1
0	1
0	3
0	9
0	1
0	1
0	6
0	0
0	2
123	28
0	20
4	17
3	36
5	20
0	36
0	27
0	22
11	13
5	14
0	5
6	5
0	21
4	0
4	12
27	69
0	63
42	7
56	7
9	0
0	0
7	0
14	15
0	13
1	65
0	89
102	46
0	24
0	1
10	1
7	29
14	0
0	34
25	0
3	2
0	24
6	0
0	65
50	11
46	0
0	101
17	124
0	21
0	37
0	4
0	4
0	6
0	3
0	3
0	12
0	9
0	20
4	12
52	21
0	3
0	1
0	0
39	35
0	0
2	22
0	22
0	57
0	16
10	16
6	8
28	69
3	25
2	0
29	52
0	42
0	45
47	65
0	0
0	4
1	164
0	46
0	42
56	43
4	15
0	0
1	0
62	74
0	10
0	0
0	10
0	0
0	1
0	0
0	0
7	3
0	15
0	1
0	0
0	42
10	19
0	2
3	2
0	4
0	20
5	5
17	0
0	1
6	1
1	0
5	3
0	0
0	0
28	3
0	0
0	0
12	0
10	39
7	39
14	39
37	189
0	70
3	174
0	167
14	70
20	0
17	0
61	3
68	8
4	7
5	7
0	7
0	7
0	8
4	1
0	0
46	0
68	84
0	102
0	48
4	31
0	8
7	6
0	2
0	82
1	157
0	157
0	81
0	8
0	8
0	0
0	1
0	1
0	0
2	0
0	1
0	15
0	3
0	135
6	9
0	1
1	8
0	7
23	0
10	7
12	127
0	127
0	86
0	67
0	12
1	0
74	7
0	7
0	1
9	1
0	0
1	3
57	66
0	66
0	7
0	0
0	0
0	3
0	3
0	26
0	26
0	3
0	23
2	0
0	21
0	0
0	11
1	21
1	11
9	0
0	0
5	0
1	7
0	40
0	40
0	21
0	1
0	1
0	4
0	3
0	3
0	3
65	27
0	42
5	61
0	25
0	22
0	43
0	21
0	13
0	15
31	50
84	16
14	31
0	26
0	37
0	24
0	10
0	24
0	42
0	42
0	15
0	42
0	32
0	61
5	56
0	7
107	0
24	74
42	30
0	57
10	6
0	32
0	2
0	6
12	71
0	2
0	32
2	66
0	0
0	12
0	8
0	44
0	44
0	4
0	4
0	16
0	86
2	86
4	41
0	86
0	234
2	242
0	242
0	245
6	21
7	8
0	245
173	4
28	4
0	0
0	315
0	315
0	16
96	65
0	7
0	58
0	140
0	127
1	20
1	8
4	2
28	2
0	114
0	59
13	6
0	16
0	59
0	6
0	3
0	140
0	127
41	30
0	0
0	25
0	0
0	0
7	0
7	10
232	168
0	7
226	123
0	98
45	84
100	44
0	74
19	0
17	100
336	87
197	868
0	81
3	77
0	77
0	107
0	107
85	107
59	103
32	106
42	96
9	81
67	3
5	0
61	0
3	152
0	152
0	0
73	47
0	45
1	13
0	0
9	0
0	13
51	2
0	2
0	2
0	0
1	0
0	128
0	65
8	3
51	145
0	19
0	23
0	1
1	0
0	3
94	0
9	89
0	89
0	89
0	12
3	10
0	10
1	1
0	151
4	263
0	23
0	19
0	211
0	68
18	35
0	35
34	18
77	0
28	39
0	39
172	0
0	93
0	63
0	286
0	260
0	31
0	7
80	0
8	1
0	1
0	0
2	12
13	68
0	44
0	0
20	2
1	44
0	44
25	113
0	59
6	0
27	59
0	0
0	5
57	53
50	46
0	46
57	23
0	5
37	1
0	1
0	1
10	28
53	41
10	87
0	88
0	84
0	40
0	18
0	13
1	8
5	0
10	63
0	85
59	39
55	145
0	4
22	129
0	44
0	43
0	35
0	11
54	0
31	0
0	28
0	9
18	15
0	25
28	58
9	3
32	3
8	0
0	94
0	119
3	65
28	64
0	14
0	21
0	0
94	28
22	0
3	0
34	15
0	18
4	15
0	0
11	37
0	0
0	37
0	37
9	37
0	7
5	0
0	5
0	3
0	12
0	37
6	75
0	78
12	0
14	11
0	25
2	10
29	1
401	30
24	30
102	4
14	4
291	20
1	35
0	51
16	17
22	179
0	151
2	99
0	94
0	122
20	37
4	37
13	12
0	16
0	20
0	246
23	31
0	31
0	0
19	0
4	1
33	1
0	48
0	44
0	44
4	4
0	4
48	0
168	0
0	3
2	4
0	4
0	4
0	5
5	10
11	10
79	198
59	255
20	180
0	146
0	22
0	41
4	0
0	9
0	5
0	5
0	4
0	4
9	0
5	4
10	214
0	177
0	18
0	3
0	4
0	1
0	17
56	111
0	214
0	65
36	64
0	83
0	60
41	2
0	2
0	5
0	65
0	39
0	39
0	45
106	78
0	0
0	43
4	31
0	6
0	42
0	38
0	87
0	8
0	87
1	0
1	0
0	28
36	60
0	60
0	36
10	48
9	43
0	33
4	20
0	33
0	33
12	9
0	25
7	0
0	0
11	230
3	210
0	6
6	0
2	20
0	0
4	20
60	127
0	127
0	103
13	13
2	18
7	68
23	39
2	105
7	71
46	28
122	90
3	25
1	0
9	15
0	14
28	14
5	15
2	1
0	2
127	22
0	0
0	90
55	80
19	14
0	80
0	27
0	11
0	26
55	7
6	1
0	6
0	66
41	13
0	13
1	4
0	32
10	42
0	33
1	65
0	30
23	10
0	6
4	4
14	0
95	0
53	44
0	44
0	44
25	31
1	29
61	12
0	29
0	0
6	0
0	0
8	0
15	70
5	14
0	14
1	49
0	41
0	11
0	0
1	6
0	6
0	0
20	0
0	61
0	9
4	9
0	21
8	0
0	20
8	1
0	11
0	61
76	228
0	136
44	143
0	3
0	228
0	136
94	45
0	6
35	7
8	5
0	4
0	5
0	5
9	4
0	1
0	0
3	9
0	9
0	6
0	0
0	0
0	0
25	67
0	17
0	8
15	50
2	54
0	75
0	75
0	75
0	24
24	0
4	14
0	7
21	200
82	212
0	0
84	17
0	13
1	9
57	47
0	39
23	39
0	13
0	41
0	22
0	30
0	22
0	20
0	6
0	6
0	9
0	0
0	41
0	107
0	104
0	104
0	107
0	104
0	107
0	104
0	104
0	107
0	100
0	99
0	104
0	104
0	104
0	104
0	104
0	107
0	107
0	104
0	84
0	84
9	84
6	98
0	6
0	3
0	0
0	0
5	0
0	98
0	98
20	0
4	0
0	2
0	2
0	17
0	22
0	9
0	22
0	0
159	29
0	2
0	0
5	0
0	182
37	184
0	2
2	36
0	94
0	10
13	65
0	7
0	10
5	8
22	9
6	3
10	4
166	0
69	38
0	22
5	24
0	24
0	10
101	0
0	24
0	51
0	47
18	0
0	0
0	0
0	15
0	31
23	32
5	4
2	33
0	33
0	0
39	9
55	70
4	0
2	70
38	42
0	31
1	21
11	19
0	14
0	0
0	3
6	0
0	0
13	0
0	5
0	2
0	13
0	6
0	6
52	25
0	22
0	14
0	24
0	21
0	8
0	4
0	0
0	7
17	15
0	7
0	0
0	0
0	0
0	0
1	36
0	11
0	3
0	4
0	4
0	5
1	1
0	2
6	1
2	2
0	2
21	2
0	25
2	22
0	25
16	8
0	8
4	8
0	9
0	8
10	3
0	3
54	0
8	42
7	3
6	3
0	4
0	10
1	10
0	19
7	26
0	16
0	21
16	44
1	13
0	10
0	19
0	10
0	11
0	10
15	80
0	80
2	39
4	14
5	7
10	21
0	21
0	83
12	16
0	0
0	0
0	58
0	0
42	63
24	59
15	1
2	0
0	0
0	18
0	55
13	55
0	12
2	12
6	12
0	12
4	11
19	28
11	19
2	10
5	4
0	13
0	7
0	1
7	5
0	0
110	28
0	25
0	9
3	3
56	67
0	67
6	39
175	81
0	16
0	37
5	33
39	5
20	13
2	50
0	9
0	3
20	0
9	0
0	0
6	0
4	0
0	37
0	94
0	160
29	88
0	166
30	149
0	123
0	108
0	84
0	91
1	0
1	0
5	105
0	83
0	6
0	2
0	5
2	13
0	11
0	0
22	24
142	37
8	9
1	0
0	12
3	0
0	16
20	11
0	0
0	0
80	12
62	83
0	11
0	6
0	11
0	6
34	0
0	7
0	5
2	13
0	13
0	8
0	7
0	71
0	9
0	9
0	0
145	12
0	8
6	0
11	0
11	36
1	36
0	34
10	34
0	14
6	14
0	6
0	8
10	9
0	9
0	9
0	9
0	7
0	0
105	1
11	103
12	47
0	78
0	74
17	3
9	12
0	15
44	22
0	16
0	22
0	88
2	88
0	35
0	30
0	0
0	0
0	0
0	5
0	83
0	95
1	111
0	9
0	8
0	12
0	3
11	0
0	22
0	8
14	8
0	8
0	13
0	3
13	104
0	22
0	58
13	1
10	14
0	36
0	36
40	172
49	54
369	69
0	68
6	0
0	16
0	1
7	0
25	0
2	39
0	62
22	90
0	67
2	5
9	24
9	48
0	15
22	13
3	0
0	20
0	5
4	5
4	23
141	2
26	2
8	27
30	26
0	0
23	26
0	16
0	0
0	7
2	30
17	30
0	7
0	916
0	589
4	0
0	21
0	24
0	5
0	5
0	0
0	3
0	0
0	4
0	4
0	0
0	2
0	3
14	1
129	0
100	286
76	54
0	54
6	8
0	69
0	25
5	230
19	11
11	11
0	11
0	18
0	11
0	11
0	18
0	94
0	114
10	108
0	38
3	0
24	54
0	64
0	13
0	0
0	13
15	74
0	8
0	61
0	66
6	0
0	0
38	6
0	0
0	7
6	29
8	123
0	121
0	0
17	124
4	0
0	0
0	0
15	0
0	185
20	21
0	13
1	21
0	1
0	64
44	15
18	13
26	62
0	3
0	15
6	4
8	0
111	11
0	18
0	18
0	9
73	9
3	9
0	0
1	12
0	0
0	12
5	6
38	39
9	39
0	15
51	18
11	3
8	13
0	13
74	0
8	0
8	0
0	0
5	4
0	4
1	3
0	1
0	3
0	3
0	16
0	16
15	84
0	14
0	78
12	78
0	4
0	11
0	0
0	84
0	95
0	16
12	0
126	0
22	35
87	35
6	8
0	9
0	244
221	68
18	43
0	2
13	25
132	19
0	34
0	47
35	2
0	51
0	46
0	42
0	9
0	0
0	35
0	51
0	51
0	51
0	51
0	0
0	51
0	43
0	3
0	0
0	51
6	0
30	5
28	0
0	0
0	32
8	18
0	13
0	21
0	18
0	13
0	9
2	5
75	19
0	114
0	2
0	2
28	105
0	22
34	37
18	0
0	37
0	37
2	27
0	6
14	4
0	6
1	4
12	4
1	13
0	13
0	6
0	0
0	4
0	4
0	0
0	0
0	0
0	10
0	10
14	0
34	24
6	0
20	24
146	14
48	0
5	3
0	3
0	3
28	3
0	3
7	24
0	21
5	8
0	8
9	3
9	119
0	49
114	243
0	108
1	66
0	53
0	49
0	47
0	16
0	7
0	3
0	3
3	0
0	169
28	0
154	118
0	113
0	11
6	1
0	6
120	6
257	0
41	125
0	71
0	107
4	35
0	5
0	5
0	21
0	17
0	28
5	28
1	26
14	31
0	23
0	4
0	3
43	86
0	86
0	26
21	3
0	9
13	18
0	11
0	0
276	0
7	80
6	90
0	24
7	40
0	50
0	0
0	23
7	32
41	1
0	0
0	1
0	6
0	6
0	9
0	0
0	0
87	41
13	22
0	0
0	0
18	0
14	0
4	7
0	112
0	100
0	114
0	119
10	11
0	45
0	10
0	45
0	45
21	0
0	191
0	120
0	5
5	44
0	19
0	43
0	43
0	38
0	12
0	9
0	9
0	44
38	1
0	23
5	23
0	14
15	11
0	11
3	8
0	8
5	21
0	3
0	21
0	16
0	16
0	3
1	13
5	18
116	220
9	194
0	10
10	204
0	140
0	26
0	25
0	26
0	27
14	194
6	194
0	0
0	1
0	259
0	253
79	27
0	27
0	4
2	0
100	67
0	7
69	59
0	53
0	12
0	12
14	24
0	23
29	18
0	3
0	252
0	21
89	18
0	2
0	3
0	3
3	114
33	102
0	12
0	24
0	22
11	34
11	28
0	27
0	11
16	1
51	4
0	0
3	4
21	68
0	53
0	26
1	11
0	11
0	0
0	33
0	19
0	42
35	42
0	82
0	55
5	8
63	32
0	9
0	5
0	4
0	0
0	1
1	8
4	0
0	82
55	50
8	50
6	12
10	4
0	8
16	14
0	3
0	3
37	3
81	280
0	40
0	2
0	1
5	1
146	3
7	0
0	2
0	3
89	62
0	1
36	16
4	0
0	0
63	4
0	0
9	9
43	48
43	48
11	35
0	8
3	9
3	10
0	10
0	9
84	18
0	18
0	18
119	9
0	9
31	81
61	97
32	0
0	0
0	16
0	16
0	0
0	91
14	81
82	4
0	71
1	80
0	28
0	48
0	38
0	56
0	33
0	19
18	2
0	8
0	2
0	0
0	11
0	15
0	0
0	0
0	5
0	27
0	0
3	0
5	5
26	24
0	8
77	59
0	24
55	23
0	54
0	13
0	1
0	0
65	2
18	26
23	41
48	34
73	49
0	8
26	12
0	7
0	52
0	52
51	8
2	2
23	0
3	4
1	11
11	5
0	0
46	0
151	54
0	39
0	1
0	18
0	6
0	6
0	0
7	0
0	0
10	0
1	33
0	22
0	15
0	25
0	3
0	46
0	42
13	11
0	48
591	35
32	8
0	1
16	0
0	6
0	6
11	6
0	6
2	6
5	10
0	10
3	13
0	61
29	68
0	57
15	21
0	21
3	47
0	36
3	24
0	34
0	29
0	24
0	17
7	17
0	24
4	0
0	17
46	23
0	14
0	9
10	14
2	7
0	7
1	9
0	5
0	0
5	7
0	17
0	56
4	118
0	118
0	30
7	4
26	0
0	0
1	0
22	16
0	22
3	89
0	89
0	89
0	89
63	107
0	86
0	6
0	22
8	31
0	31
19	18
0	5
0	1
8	5
82	253
0	237
0	16
2	6
299	124
4	87
0	39
0	125
9	31
28	50
0	8
11	31
0	8
0	8
0	15
0	48
0	7
0	15
0	11
3	20
7	156
7	156
0	76
0	2
20	16
54	18
23	0
3	24
0	15
46	9
5	3
14	3
9	0
70	43
0	40
6	40
1	37
0	0
60	60
26	71
96	55
0	57
0	26
0	23
36	1
1	0
0	1
0	0
0	0
6	2
0	55
70	16
0	9
0	10
111	12
0	2
71	26
9	24
40	62
0	147
0	149
9	16
0	5
0	86
1	0
77	0
0	0
41	0
5	1
0	1
0	39
0	4
0	18
8	39
0	129
0	119
0	10
0	0
0	147
41	147
18	6
0	6
6	0
70	47
0	28
0	28
1	28
0	21
0	21
0	21
7	0
95	3
39	30
71	34
0	0
0	34
0	34
0	1
43	120
0	120
6	50
8	57
0	15
0	6
0	43
0	43
0	0
0	0
0	4
5	188
32	0
209	0
0	60
0	0
0	85
0	80
0	22
0	22
0	0
0	23
13	53
4	53
50	35
0	45
0	45
9	43
25	55
0	55
0	55
0	55
11	60
3	53
0	263
6	18
0	18
0	3
0	3
172	0
0	0
0	13
49	20
1	13
4	5
6	0
14	0
77	80
0	0
0	7
0	20
0	11
0	59
0	59
121	22
0	19
0	0
0	0
62	33
0	10
0	0
0	0
0	1
0	22
15	105
125	9
0	35
0	41
2	86
0	90
8	0
0	11
0	0
0	5
0	5
0	16
0	4
22	62
0	61
0	33
0	23
0	6
80	50
0	1
0	10
0	0
1	0
11	0
0	28
42	5
0	5
41	33
3	8
13	0
26	107
0	25
0	8
9	8
8	17
1	9
1	8
0	3
3	11
0	9
11	7
0	3
0	52
0	22
0	22
1	0
0	56
0	26
0	22
0	7
0	7
115	98
0	4
26	0
0	0
0	198
0	41
0	7
4	11
0	80
0	0
0	15
0	3
0	8
0	15
0	198
0	8
0	2
0	12
0	1
50	50
0	38
0	39
4	16
0	8
0	13
0	6
1	0
17	0
0	5
88	18
3	58
387	139
0	43
0	2
0	2
0	4
0	4
0	4
0	4
0	4
3	25
0	4
62	134
0	5
0	0
0	5
0	1
0	4
0	4
0	4
9	4
0	4
0	4
0	0
9	5
2	0
108	58
5	0
0	14
1	14
5	14
394	104
0	0
5	80
0	5
0	75
0	14
0	2
0	10
0	14
0	0
6	46
0	69
0	32
0	85
0	2
0	4
5	2
0	8
0	3
359	47
7	32
19	9
7	78
8	78
234	0
12	33
0	1
5	1
0	0
0	62
0	0
4	7
0	23
0	6
0	4
5	48
1	42
0	42
6	0
0	6
0	27
0	3
15	83
0	6
0	48
12	74
2	40
41	114
0	114
0	0
0	28
14	73
0	73
0	86
0	32
31	324
21	0
6	330
0	398
0	342
84	0
6	0
25	1
0	1
5	15
15	15
0	0
1	0
4	0
25	0
35	33
0	27
0	21
15	0
0	3
0	2
0	3
0	6
0	2
66	0
23	105
0	0
1	0
0	12
0	0
3	39
0	39
0	10
32	39
0	2
195	469
69	30
0	10
0	9
0	3
8	3
0	109
0	102
0	30
0	30
0	49
0	278
0	278
0	278
0	278
0	99
0	99
0	99
0	0
10	6
16	254
2	0
0	0
0	25
3	19
40	0
2	38
4	38
2	4
0	87
1	41
4	41
0	64
0	61
0	46
0	0
17	2
5	1
0	31
0	73
0	73
13	1
37	31
1	4
17	4
0	5
1	5
0	9
0	6
0	4
0	0
0	52
10	44
39	52
0	8
1	47
0	3
24	73
30	22
0	5
0	0
0	0
0	0
0	9
0	19
9	18
0	0
6	1
0	23
4	0
0	11
2	11
6	0
3	150
42	155
0	101
0	101
1	26
0	3
16	23
17	23
17	29
0	27
51	49
6	39
0	6
0	15
0	14
0	14
20	14
132	15
0	40
0	15
4	23
0	23
101	0
40	32
8	6
28	32
10	0
3	13
60	26
37	26
21	1
22	1
21	14
0	3
0	3
0	14
0	34
0	23
0	16
0	19
1	22
8	13
0	7
10	1
0	32
4	19
25	14
87	19
25	24
70	36
0	0
3	0
7	19
4	0
0	0
0	6
0	0
0	0
0	6
0	0
0	0
0	0
0	0
0	6
0	6
0	6
0	6
0	6
7	6
0	13
0	0
0	13
0	0
313	9
0	4
22	5
0	61
0	16
0	0
0	61
6	78
90	0
0	8
0	78
0	70
4	0
43	67
4	50
0	35
18	34
0	17
12	0
0	0
0	5
0	7
12	43
13	50
10	9
384	0
0	136
0	75
0	8
0	9
0	19
0	75
0	75
0	101
0	15
6	42
3	80
6	80
50	5
0	93
0	73
0	9
0	303
80	291
17	291
0	211
10	19
10	187
0	64
28	1
0	6
31	33
4	1
37	45
0	44
0	22
0	18
4	0
0	6
0	3
0	39
0	49
0	55
0	8
8	8
0	8
23	9
0	8
5	65
1	202
0	161
0	76
0	176
14	87
0	145
1	145
2	0
0	23
3	48
2	127
62	147
0	0
32	14
0	11
0	20
0	95
6	11
0	85
0	530
0	530
62	30
37	0
0	8
12	4
0	0
0	104
0	104
0	0
0	42
0	104
0	0
26	20
0	48
0	48
22	4
0	33
0	0
0	0
3	0
21	0
1	0
0	15
60	25
0	0
66	0
7	52
0	77
0	5
0	12
0	42
0	1
0	145
10	52
0	56
0	77
3	48
0	49
0	59
0	52
0	47
0	46
0	69
0	47
0	39
0	16
1	146
0	119
0	18
5	3
0	6
0	145
0	146
5	71
10	21
0	64
4	8
0	13
0	13
0	146
0	146
0	146
5	0
60	41
3	17
0	20
0	27
8	168
0	107
8	59
0	8
8	29
0	5
0	24
0	92
0	24
0	44
0	32
0	114
0	66
0	122
0	96
0	174
19	220
0	174
0	8
0	2
5	2
0	0
0	2
0	0
0	2
0	5
87	174
0	3
3	4
3	5
0	48
0	48
0	45
6	46
21	25
0	5
117	7
14	12
0	11
4	10
0	4
1	5
1	19
0	19
9	119
18	119
4	114
1	0
0	40
0	97
21	106
0	36
0	22
0	20
1	4
0	4
0	4
0	1
0	42
0	43
0	17
58	0
0	24
8	25
0	65
7	31
0	17
7	20
0	30
0	45
7	11
21	11
0	11
3	11
7	11
0	29
0	29
0	29
0	11
0	4
0	4
14	4
0	7
0	7
0	7
0	9
0	2
27	0
0	51
0	51
0	31
0	24
0	31
1	51
0	51
0	35
0	32
0	35
0	35
11	25
0	13
19	4
0	3
0	5
1	32
8	31
14	26
2	39
55	24
0	24
49	57
6	44
0	29
0	3
0	9
0	22
10	14
0	14
3	9
0	39
410	61
47	61
0	0
69	0
0	30
4	22
0	30
49	0
0	0
4	6
0	6
0	1
8	1
41	175
17	172
0	4
0	145
1	0
0	0
171	0
57	267
0	267
0	220
21	0
0	0
82	2
2	3
11	5
30	16
0	6
0	16
0	0
0	16
0	72
0	80
8	18
27	10
0	65
3	0
29	24
0	80
0	80
5	18
0	18
0	28
0	14
0	28
1	28
0	28
18	5
74	21
0	2
460	79
0	77
3	2
67	0
0	40
0	46
18	38
0	22
0	16
0	17
0	3
18	0
0	8
7	1
0	126
0	126
0	76
2	113
0	24
0	35
0	0
0	0
0	14
0	22
33	0
0	1
13	61
25	36
0	36
0	36
7	13
0	6
0	58
0	77
0	74
0	55
0	77
0	58
0	74
0	55
0	17
0	8
11	4
6	11
45	7
9	21
29	58
0	105
163	99
0	0
19	1
31	30
0	0
0	11
34	6
38	1
0	99
3	56
0	56
13	76
0	31
0	17
0	17
0	15
0	7
0	20
0	8
0	8
5	406
0	136
11	20
0	20
0	18
34	5
0	5
0	5
0	5
8	0
3	4
4	0
2	0
0	6
73	284
4	6
0	0
0	12
0	11
8	0
0	7
0	0
0	12
42	0
7	56
18	73
0	73
0	73
0	22
55	0
78	0
17	0
1	0
9	0
0	40
1	40
0	47
0	80
50	44
0	53
0	80
51	5
0	5
0	5
0	5
0	0
5	252
0	71
79	13
31	13
6	44
0	44
8	8
0	17
26	1
2	31
0	19
33	0
33	0
44	49
0	22
0	10
0	51
0	51
0	51
0	35
0	0
0	7
0	7
0	5
0	13
38	10
325	8
0	0
0	0
7	0
2	0
202	11
11	11
310	22
0	98
0	14
46	30
0	98
8	119
0	50
0	119
13	3
0	81
13	3
72	23
0	0
125	12
0	12
84	121
0	121
6	113
6	103
0	30
0	29
0	26
0	19
29	170
35	110
0	89
8	0
0	1
15	14
0	14
44	9
0	9
382	66
0	3
0	1
0	9
0	1
0	1
0	1
22	421
0	96
14	0
1	132
0	112
0	68
0	88
7	36
41	40
0	32
10	28
0	65
20	281
11	256
69	25
20	15
0	35
0	32
72	27
6	59
0	54
4	49
0	0
50	20
23	12
0	13
0	13
128	4
19	0
52	61
0	60
3	219
8	4
0	92
7	7
0	10
5	215
91	64
14	50
0	25
0	18
1	117
0	75
0	38
1	38
24	1
6	1
0	1
0	1
10	5
190	171
4	66
0	15
0	24
28	17
2	72
76	35
0	14
0	65
61	2
5	2
0	0
17	36
0	36
0	36
0	0
0	0
0	3
0	33
1	0
37	0
0	12
15	60
7	3
10	0
35	463
0	215
0	616
141	623
0	491
0	227
0	258
0	188
0	89
26	39
0	10
20	27
0	616
0	32
4	150
13	136
0	0
10	12
0	16
6	8
7	903
0	752
144	63
150	68
0	17
0	5
94	30
5	29
2	7
6	7
5	1
0	1
4	56
0	0
10	56
1	19
0	0
0	4
0	44
3	0
0	47
0	52
0	40
0	22
47	32
121	28
3	0
121	16
7	11
20	6
0	1
16	0
62	8
1	6
0	7
7	1
0	0
5	75
0	75
38	74
15	5
10	5
48	4
4	67
1	74
3	44
0	14
21	24
5	24
0	0
0	15
0	9
0	6
0	10
208	120
0	120
62	46
0	7
0	46
46	56
0	23
2	2
0	74
0	68
180	487
0	13
3	13
0	0
25	0
36	16
0	2
2	0
0	2
216	0
0	56
0	56
0	43
0	49
68	116
0	40
0	40
0	15
0	20
0	11
0	12
0	0
1	64
0	15
5	25
21	49
10	101
0	14
0	15
197	0
9	40
0	40
4	187
44	137
2	136
66	33
0	5
1	254
3	14
3	9
0	14
0	2
2	0
19	0
107	0
32	88
0	19
0	25
0	47
0	0
0	26
0	5
1	5
53	0
22	5
241	29
0	15
0	15
0	235
22	14
0	0
0	13
70	40
6	12
44	28
1	78
0	60
0	68
0	60
0	68
0	60
0	68
0	11
33	172
0	48
0	171
0	169
34	5
0	1
0	55
0	5
0	40
0	18
0	62
0	29
0	74
98	6
1	2
0	78
0	84
0	78
0	87
0	75
0	39
28	63
0	8
0	4
0	0
0	0
0	17
0	17
0	84
295	105
0	4
0	85
2	72
0	5
0	3
0	16
0	2
0	1
30	14
4	0
0	13
17	4
61	170
0	29
0	29
0	29
7	25
0	25
0	3
0	0
0	4
0	5
0	4
0	1
0	9
23	22
0	18
3	0
0	4
0	3
21	9
28	0
0	2
0	9
0	2
0	0
0	0
0	0
14	50
0	22
0	31
0	23
8	42
0	10
19	25
1	19
0	16
10	108
0	15
54	48
7	47
0	36
16	0
57	0
7	49
0	49
0	136
0	14
25	9
0	44
0	0
0	9
0	35
0	0
6	9
0	4
2	34
0	34
0	16
0	0
54	18
1	5
1	0
1	46
0	46
0	3
0	24
0	24
0	11
0	11
0	5
20	21
0	47
0	61
0	62
0	65
1	65
41	15
0	14
18	275
54	275
0	266
0	0
39	0
28	0
0	0
0	0
0	0
0	0
0	25
0	14
0	10
0	19
0	27
0	10
0	24
2	25
0	25
0	33
0	12
9	16
0	8
38	27
0	6
19	0
6	93
0	66
4	6
14	15
0	15
0	0
0	1
18	13
17	19
0	40
0	33
0	33
14	16
50	12
6	12
8	12
0	16
0	5
0	5
0	1
0	0
0	0
21	39
0	35
18	26
10	6
0	11
0	24
14	26
0	1
0	0
0	2
0	13
0	24
0	0
0	5
0	2
0	14
0	61
32	97
0	16
31	19
2	0
0	10
0	51
82	51
0	6
0	12
13	12
15	0
21	11
60	80
5	80
117	86
133	14
0	41
0	28
8	0
8	0
0	0
0	91
14	20
0	91
10	46
9	56
0	4
0	49
0	27
0	225
0	225
0	0
0	0
0	8
0	2
0	0
0	3
0	3
0	41
0	163
8	9
114	126
1	9
19	11
8	8
123	8
0	28
0	35
0	7
11	3
0	89
0	100
8	78
0	34
3	15
6	5
0	5
0	15
0	5
0	17
0	5
10	481
83	45
0	37
11	44
26	0
78	9
2	62
0	54
22	38
18	39
9	39
0	50
1	5
6	5
0	14
0	15
0	14
0	14
0	10
9	6
0	18
0	27
0	23
0	54
0	55
0	54
40	0
42	5
8	5
1	0
3	222
0	51
0	1
0	2
0	51
11	48
0	48
109	93
0	0
0	10
27	121
0	35
86	19
76	24
0	8
47	3
30	3
0	3
0	11
1	0
0	16
0	82
3	210
0	44
0	20
51	71
0	21
9	57
0	0
0	6
0	6
9	3
0	17
11	302
6	0
0	7
0	49
1	14
128	105
0	59
4	89
0	77
0	98
0	15
54	327
0	28
4	31
37	18
16	20
0	49
17	31
10	32
140	41
0	26
7	19
0	2
93	2
5	4
0	4
0	4
12	56
6	4
0	54
25	0
1	1
0	11
0	40
0	7
10	32
1	32
0	29
27	23
11	21
12	31
1	232
71	24
0	24
29	23
0	24
0	22
0	1
10	0
3	19
6	15
0	3
0	5
0	5
0	22
0	12
26	350
0	350
6	50
17	0
5	0
0	5
6	5
5	0
0	46
1	47
0	77
0	82
17	29
0	26
0	10
0	9
0	10
0	8
0	8
0	3
22	9
24	18
0	17
0	5
0	13
0	5
0	0
0	0
0	3
0	8
0	10
15	10
30	5
19	12
412	318
0	318
140	146
33	0
6	0
0	6
0	6
0	879
0	834
3	7
0	37
6	37
0	7
0	0
39	270
3	4
7	200
14	2
0	0
0	0
0	6
26	3
1	14
4	0
0	14
48	3
0	0
0	3
0	2
1	2
9	1
0	0
16	27
277	28
0	0
63	87
0	9
0	4
0	76
0	83
3	77
0	59
0	10
0	77
86	45
4	7
0	1
41	75
0	5
7	33
0	7
11	7
253	1
0	1
9	4
0	1
105	26
2	8
1	205
3	31
14	432
0	0
70	1009
0	4
54	18
0	5
0	29
0	13
0	0
0	0
26	16
8	0
0	0
0	15
3	40
0	15
63	2
29	31
0	18
12	0
9	0
0	8
112	85
0	80
0	11
0	16
0	76
0	11
0	40
17	0
0	0
0	521
0	521
0	471
0	58
0	365
8	377
0	309
0	315
0	9
0	31
0	30
22	21
2	8
0	21
0	8
0	29
19	38
1	22
0	24
0	17
0	3
0	4
0	18
0	20
86	617
19	29
9	12
0	36
132	79
16	101
13	75
0	68
0	7
0	0
6	0
165	114
0	56
0	63
0	55
0	54
0	35
0	1
0	1
0	1
0	1
0	0
0	52
0	63
9	154
30	3
15	1
0	1
5	0
16	2
46	0
11	93
0	80
21	56
0	2
0	45
3	2
6	2
0	2
8	43
0	0
0	0
451	128
0	128
0	63
0	53
24	12
0	0
12	0
0	0
86	3
0	0
0	0
36	16
0	13
2	0
0	0
0	0
0	24
27	112
0	1
0	100
0	24
71	67
128	12
0	57
1	13
0	1
11	0
1	0
9	44
64	26
0	64
0	30
30	0
30	1
3	0
0	0
0	1
0	3
0	3
0	0
37	42
0	10
0	4
12	4
0	6
43	33
0	26
0	0
39	0
2	0
0	18
0	17
108	17
89	16
0	12
0	2
0	2
43	0
0	0
0	10
26	7
0	7
0	7
0	0
10	0
14	70
49	29
0	65
0	8
0	7
0	0
0	0
0	0
0	25
0	233
0	231
0	224
0	203
0	200
0	8
0	1
0	8
0	1
0	8
0	1
0	0
0	0
24	0
117	0
82	0
5	19
6	22
0	17
13	18
6	6
0	64
10	64
0	15
0	0
18	0
13	0
35	0
186	9
0	9
4	1
0	0
0	3
29	13
0	0
0	0
5	13
111	82
0	75
5	10
0	5
0	17
25	16
0	7
5	4
6	4
0	16
87	0
32	0
2	0
22	84
0	34
37	39
1	86
0	2
12	17
14	36
0	6
2	0
97	0
15	0
111	20
64	758
0	679
0	82
0	61
0	22
2	19
8	74
20	80
22	5
56	1123
7	5
0	17
0	17
0	15
1	151
0	0
0	1
0	26
17	26
0	1
138	0
4	67
57	129
0	14
0	36
0	6
22	6
0	1
0	3
0	0
0	3
14	11
22	26
1	12
0	12
0	29
0	26
0	28
0	22
8	10
0	9
44	20
0	100
0	17
0	9
3	9
0	69
11	0
18	19
0	10
86	17
0	0
40	23
4	10
79	10
56	14
0	0
1	0
0	13
58	0
0	0
0	110
15	110
0	23
0	18
0	23
24	17
0	18
0	18
17	45
0	18
0	18
0	18
8	18
0	19
0	18
0	13
0	0
352	64
0	6
141	0
0	42
16	108
7	108
0	108
0	86
34	44
0	27
0	0
43	0
0	0
0	0
198	0
18	9
1	9
0	8
51	9
0	6
69	35
0	81
16	81
22	1
0	38
8	38
0	42
0	42
0	42
0	42
0	42
0	42
0	42
0	13
0	13
0	13
0	0
0	20
0	0
117	20
0	1
0	8
0	11
0	25
18	25
0	8
15	2
0	27
25	4
3	13
0	25
0	0
0	38
118	77
0	10
0	77
3	3
0	0
0	6
132	0
28	53
0	53
9	22
1	17
7	1
6	1
0	19
0	16
3	11
6	8
4	189
2	13
11	21
0	37
0	1
0	26
0	27
0	0
0	0
0	0
13	8
0	87
0	11
115	201
0	65
0	201
39	70
0	30
0	20
45	40
0	0
11	203
0	141
6	141
0	1
0	11
0	105
0	16
0	153
0	119
9	4
0	53
0	4
95	57
0	10
0	21
103	36
3	0
0	9
0	9
0	20
0	148
0	90
0	90
0	0
0	7
3	150
0	18
0	138
90	0
20	0
3	0
1	28
8	28
15	59
6	0
0	1
13	29
5	29
62	34
44	33
0	38
6	64
0	38
0	61
1	66
37	43
0	25
0	0
6	0
7	10
17	0
0	1
26	159
4	86
66	86
0	14
7	86
0	206
53	38
0	120
28	120
15	10
0	10
0	107
0	244
0	248
1	251
0	28
0	7
98	3
0	3
34	1
0	1
10	4
0	0
875	17
22	2
45	0
0	183
0	53
18	41
4	36
0	0
0	0
117	34
15	34
0	1
0	95
0	12
0	92
0	283
0	54
0	5
1	0
12	0
5	10
0	10
4	47
0	47
0	46
7	41
0	42
150	0
10	31
58	31
25	0
40	34
0	33
0	15
0	106
0	106
0	12
3	19
0	17
1	3
0	14
4	25
8	229
0	122
21	7
0	22
0	27
0	85
5	24
4	5
0	14
54	68
0	0
116	127
0	40
2	111
0	43
11	44
0	0
0	1
0	0
1	0
0	2
7	0
72	4
0	8
0	1
213	116
0	2
5	0
15	12
0	12
0	71
0	30
7	118
0	83
113	61
0	14
0	14
13	7
0	0
5	34
0	17
0	0
0	0
0	0
28	0
0	15
0	42
68	49
14	7
0	13
0	7
11	1
0	6
92	10
109	14
1	2
0	12
0	12
3	12
102	0
55	1
114	54
1	48
3	1
0	0
83	0
0	18
0	18
0	15
50	23
0	8
0	36
0	36
0	36
0	29
4	133
172	172
18	147
2	143
68	177
0	47
4	3
10	49
205	607
145	46
0	6
0	6
0	2
10	40
0	15
11	26
0	10
0	10
7	0
0	43
13	37
0	1
0	0
0	0
5	7
0	0
0	0
6	0
3	0
32	22
27	83
0	80
0	25
0	40
14	25
0	25
1	25
5	84
0	133
0	45
0	0
0	0
14	0
20	3
0	3
1	0
2	74
0	60
0	0
0	4
24	72
0	11
0	6
0	17
10	43
0	15
0	30
0	3
0	7
0	7
0	7
0	5
31	11
0	11
0	11
1	22
0	34
0	34
0	4
0	36
0	3
2	8
0	4
0	36
0	16
6	22
0	89
0	138
1	115
0	138
0	0
4	69
0	72
0	34
30	10
0	11
0	6
0	6
9	5
0	5
1	0
25	119
0	119
18	90
43	62
0	80
28	0
1	145
0	145
43	28
0	23
43	36
0	31
0	0
23	5
21	5
1	8
21	32
0	32
8	17
0	18
285	61
0	50
1	20
4	11
0	123
29	55
14	23
12	1
5	0
19	1
8	7
6	7
1	40
8	93
0	24
0	24
51	56
0	19
6	52
37	37
0	22
0	22
0	2
0	0
0	28
17	56
0	7
6	56
38	26
0	46
2	42
0	26
0	16
0	0
0	0
21	0
0	9
25	9
0	164
55	4
0	159
36	29
27	28
0	21
10	27
0	16
56	2
14	159
0	6
0	28
0	12
6	66
0	172
50	61
3	3
0	193
0	193
143	88
0	88
27	41
3	35
0	1
0	15
3	11
19	0
0	11
0	16
0	4
0	0
0	13
172	9
0	42
0	42
8	19
0	19
7	8
0	0
30	0
31	16
45	65
7	38
11	5
0	39
0	13
0	5
8	5
0	28
0	32
0	4
18	7
1	28
0	18
1	4
0	2
1	156
0	152
12	60
0	134
1	13
9	10
6	86
10	0
0	3
0	129
0	6
66	89
0	89
0	0
34	60
0	52
0	15
0	0
0	0
9	5
0	0
3	69
155	83
0	83
0	14
0	14
0	14
24	22
18	39
64	65
0	16
0	21
0	0
0	0
4	31
61	31
0	0
0	1
0	0
0	3
0	2
37	17
0	15
4	17
0	13
46	0
0	19
0	3
0	7
0	19
0	3
0	16
19	77
0	52
0	73
0	43
0	0
3	21
0	56
9	35
0	35
8	0
1	40
0	40
0	66
0	53
4	0
35	30
0	4
0	4
10	0
37	44
0	27
0	51
0	0
0	0
0	14
0	39
2	76
210	0
14	0
3	90
63	61
11	131
0	158
0	56
0	39
0	38
5	0
0	1
5	5
92	201
0	201
198	0
71	24
4	20
0	19
13	6
0	6
8	10
25	0
22	66
205	10
9	20
54	64
44	79
15	66
0	59
0	68
4	56
0	11
204	53
0	61
0	43
11	14
5	11
0	9
0	18
0	46
0	4
0	2
1	1
0	3
0	2
0	1
0	12
0	26
72	0
179	0
5	11
0	6
0	5
0	80
5	6
0	15
3	15
0	102
0	22
11	19
0	28
1	17
0	8
4	8
10	0
1	2
0	42
0	42
23	22
5	0
62	0
23	0
0	58
0	58
14	0
92	133
0	133
0	133
0	134
0	134
0	20
9	116
0	13
0	3
0	16
102	1
0	0
1	1
4	17
13	1
1	23
17	18
65	0
3	18
0	0
18	13
0	13
9	0
0	6
0	11
2	0
0	3
13	6
0	3
0	6
0	6
0	6
32	0
1	3
0	3
6	0
1	0
118	0
0	22
0	11
1	21
0	0
0	0
19	9
87	51
0	16
0	16
0	10
38	33
41	0
0	0
21	37
38	20
14	20
9	50
0	49
0	22
11	0
101	32
207	22
9	22
0	0
3	164
0	29
0	43
0	6
0	2
18	0
398	191
0	16
0	105
6	197
0	178
0	103
0	179
0	183
0	183
0	6
0	6
8	6
0	187
0	191
0	115
0	16
0	0
0	7
0	7
0	119
0	193
2	187
0	2
0	2
0	42
0	187
0	51
33	83
0	6
11	0
12	16
0	4
14	0
0	1
0	1
0	0
0	61
26	19
18	32
24	30
0	30
0	21
0	80
0	32
0	44
12	45
40	82
0	98
0	37
0	25
0	2
0	12
0	30
0	5
146	8
0	0
34	39
0	39
0	33
10	10
0	15
13	7
0	117
0	11
0	107
43	90
0	48
29	43
81	4
70	3
69	1
4	1
5	1
46	16
5	24
0	24
8	0
0	18
15	2
9	0
0	16
61	76
26	76
0	16
56	21
4	21
60	0
7	4
0	22
0	24
0	24
13	1
2	3
0	25
0	12
19	12
0	11
8	6
0	5
16	5
0	6
0	5
0	1
0	3
2	0
0	0
0	0
0	0
2	0
8	0
0	0
0	0
0	3
0	3
0	0
0	16
0	16
168	193
12	50
5	43
15	16
12	16
11	212
45	50
24	23
427	39
0	54
2	33
0	60
6	0
9	27
15	47
8	47
9	24
0	24
8	27
0	27
0	51
82	62
901	28
9	22
0	6
0	6
1	18
12	18
19	15
0	6
36	93
63	93
0	38
0	40
2	42
0	28
0	53
1	42
13	1314
29	67
5	19
41	88
0	0
1	0
0	85
85	50
11	11
10	42
20	46
0	33
0	6
5	3
0	6
21	3
4	33
8	17
0	17
0	3
78	448
31	24
10	45
0	26
0	7
0	0
8	19
0	166
0	166
0	8
0	22
3	22
0	18
0	18
0	0
5	0
13	4
0	0
16	0
513	100
0	27
0	73
0	0
0	0
0	0
0	3
0	5
0	5
0	3
0	3
104	123
0	51
0	24
1	14
64	38
0	38
0	23
7	0
65	25
18	0
3	5
1	9
27	4
0	16
17	9
0	3
58	5
0	8
0	3
0	6
0	163
0	69
0	17
9	18
0	161
8	14
0	13
1	3
118	43
2	34
0	39
0	3
0	37
2	0
0	3
21	155
17	155
0	145
0	0
6	6
12	7
18	13
0	9
0	2
7	60
0	25
0	19
0	19
0	39
0	11
0	0
0	2
0	13
0	1
93	10
40	11
0	54
0	39
0	54
0	39
4	39
0	39
0	54
0	20
116	92
0	7
22	7
16	2
6	7
0	7
10	97
0	91
6	10
0	7
0	27
4	4
16	20
0	91
47	56
0	54
0	2
14	14
70	40
6	25
0	15
0	6
7	20
0	1
244	250
0	241
51	20
0	11
8	26
0	8
0	10
156	0
0	3
0	3
0	2
75	7
69	1
0	6
0	71
21	83
0	48
30	168
0	168
127	0
80	48
0	48
70	0
0	0
0	5
0	5
131	0
51	54
5	28
47	30
0	4
0	7
22	69
4	7
0	2
0	0
0	5
0	5
1	53
0	9
0	24
0	28
0	9
57	58
0	22
21	3
0	22
0	22
0	22
0	22
0	19
31	2
0	2
43	9
49	92
19	92
0	79
0	3
0	16
0	3
31	0
0	0
0	4
0	2
15	45
0	43
0	14
0	4
0	29
0	43
35	1
172	23
13	31
0	0
5	20
22	105
0	51
0	40
0	72
0	6
15	0
18	0
0	23
6	23
4	7
0	11
0	11
0	96
0	96
0	96
0	100
0	86
0	56
0	8
0	8
0	13
0	7
1	7
26	11
0	7
0	95
0	9
3	6
0	9
204	66
0	8
8	59
2	0
14	12
271	178
0	9
0	59
0	152
27	182
0	41
10	1
2	0
16	126
53	0
57	447
91	89
8	62
203	93
6	53
0	80
0	13
0	60
21	33
0	30
0	33
0	42
2	84
2	118
0	9
4	8
0	15
7	14
0	14
10	8
1	39
5	3
0	29
78	0
86	7
54	0
8	0
0	0
79	0
42	0
102	3
76	0
14	21
0	59
0	57
0	57
12	57
0	57
0	48
0	57
0	80
2	54
0	80
0	28
0	42
0	38
38	0
2	0
0	68
69	26
47	64
543	1
25	10
9	4
0	0
8	6
0	6
0	3
71	100
0	100
0	71
0	6
0	3
0	46
0	3
2	3
0	48
0	0
0	26
23	8
17	14
0	14
8	23
0	23
1	23
0	76
2	4
14	75
0	3
28	18
16	0
0	48
10	24
0	24
24	9
26	95
0	29
0	33
0	63
0	26
1	58
3	63
0	17
0	17
1	2
65	82
0	23
0	100
0	44
0	1
7	6
17	77
0	0
0	10
1	0
2	108
0	108
0	47
0	59
8	56
42	54
8	31
4	31
7	0
6	0
7	0
0	0
2	0
0	0
139	0
0	30
0	30
0	5
0	3
0	0
60	25
6	0
31	0
0	75
10	99
6	45
0	28
0	51
0	74
0	18
49	0
0	0
0	0
0	0
0	12
4	10
0	6
7	6
0	11
82	21
73	166
122	180
0	13
0	6
0	2
6	9
0	0
2	12
0	0
12	5
34	49
11	0
16	1
0	1
0	0
6	12
0	36
38	8
0	0
8	6
0	0
12	0
27	74
9	26
0	6
0	48
5	12
158	21
26	21
126	0
5	17
0	10
0	88
0	88
0	84
0	77
0	6
0	11
16	11
15	6
0	27
0	1
0	11
0	1
0	0
12	0
0	0
0	0
6	66
0	4
0	4
0	78
0	46
0	41
28	88
11	25
10	40
0	25
0	0
10	0
100	35
0	35
8	12
32	0
13	7
0	20
0	2
0	20
10	20
0	20
0	20
8	9
0	1
10	4
31	23
0	16
0	10
51	2
0	1
2	0
0	2
0	1
154	0
107	48
0	50
0	14
0	16
84	16
1	1
9	0
9	31
23	18
0	24
0	14
9	0
584	0
160	89
0	32
0	23
8	30
0	55
28	0
39	15
39	118
0	38
0	28
0	11
2	108
0	44
0	13
0	41
0	0
130	4
0	4
9	33
16	19
0	17
9	29
4	28
3	4
0	7
10	7
0	7
0	7
20	0
0	28
0	1
0	7
13	49
0	25
504	49
0	26
0	7
124	0
30	7
19	63
159	161
0	24
0	32
33	40
1	25
0	15
0	19
0	19
3	19
40	8
8	0
16	37
0	38
0	47
0	17
0	39
0	89
0	41
5	10
0	82
8	0
18	52
0	27
7	40
3	0
12	48
8	48
12	9
2	9
49	0
0	37
0	38
0	41
0	6
2	32
1	41
0	1
0	4
0	27
0	27
0	29
2	27
0	39
0	27
1	26
21	7
31	28
0	28
4	12
0	3
0	10
118	8
7	0
5	0
56	39
3	39
0	31
0	34
0	5
0	23
39	17
0	0
0	0
7	0
12	30
0	16
0	12
21	9
1	0
0	5
0	17
26	0
0	108
0	25
0	95
0	95
0	8
1	11
0	7
0	2
0	87
0	5
39	109
39	109
0	109
25	90
0	85
0	72
36	27
0	5
0	0
0	20
0	24
4	24
12	19
7	0
0	37
0	4
0	4
0	0
0	29
36	29
0	11
0	17
8	37
18	25
12	0
0	0
0	0
0	0
17	29
0	0
17	70
0	62
0	70
4	67
1	46
60	8
19	34
0	15
80	79
0	3
23	44
0	33
0	38
0	41
0	26
19	24
0	1
4	335
20	19
0	9
0	0
5	0
3	9
46	0
0	25
13	25
369	18
44	4
2	0
13	22
19	19
1	15
0	0
0	43
0	43
0	5
12	44
8	38
0	10
0	5
42	247
5	6
0	121
1	13
4	98
0	98
0	20
4	101
0	3
0	7
0	22
106	69
0	21
0	11
78	0
1	40
0	35
0	40
2	26
7	5
4	9
0	26
4	4
82	0
53	25
30	15
1	11
11	0
100	6
15	6
14	17
0	17
0	3
34	17
44	0
0	14
0	34
2	42
163	324
7	45
0	108
0	119
0	296
0	251
0	235
0	44
12	0
0	62
71	0
12	113
0	113
4	0
1	0
55	251
1	192
7	4
0	3
0	59
8	6
0	5
13	10
0	8
1	0
8	0
0	11
0	43
0	43
0	10
0	17
0	11
0	2
5	11
9	9
0	53
0	15
0	10
0	0
0	0
7	92
0	102
54	1
0	1
55	9
11	53
6	45
14	0
0	8
39	0
19	7
0	23
56	53
5	4
4	0
163	399
11	134
6	15
105	67
0	14
0	49
0	18
95	0
0	0
0	0
8	0
13	0
7	42
19	23
0	47
0	24
0	12
12	6
80	62
0	64
22	38
7	6
151	37
3	37
13	39
0	17
0	16
0	37
0	0
59	37
0	35
72	35
0	0
0	17
10	31
7	289
19	79
0	289
0	223
2	23
58	94
28	17
0	7
17	71
0	8
0	0
1	0
0	4
3	94
0	94
94	26
0	25
1	24
0	19
0	15
0	20
94	0
0	17
3	17
0	1
0	0
74	83
0	66
0	16
1	0
1	82
6	0
9	100
4	100
0	15
0	15
9	5
36	42
34	59
0	14
0	85
0	82
17	82
0	64
4	80
47	8
0	56
0	10
0	1
0	12
0	57
0	1
66	10
0	13
0	9
0	9
0	9
14	11
0	0
11	0
127	19
0	14
0	1
3	1
0	1
104	17
13	15
0	0
0	0
40	61
0	0
0	0
15	0
0	0
0	0
6	22
13	0
64	28
27	0
16	22
0	26
0	32
0	22
0	4
0	26
0	22
5	0
15	6
56	7
0	2
0	7
23	29
112	0
0	56
0	51
0	56
0	5
9	2
0	2
222	0
3	0
7	0
0	69
66	69
310	9
18	9
14	0
0	1
5	1
47	2
0	2
0	2
4	0
39	0
1	0
34	7
0	0
13	0
0	0
0	7
2	0
0	7
9	0
0	135
5	135
44	0
6	57
0	20
12	50
0	5
0	15
28	115
0	96
0	86
48	29
210	294
0	10
34	385
0	128
100	128
17	0
6	12
0	93
0	85
130	57
0	7
18	6
36	84
0	108
0	110
9	107
0	109
183	107
60	117
208	55
4	8
26	14
12	93
0	90
0	80
0	23
47	9
39	2
0	0
1	0
0	7
26	112
2	0
0	1
3	0
0	97
0	65
0	25
13	33
7	44
0	18
0	52
9	12
0	4
0	5
0	5
10	36
0	29
0	10
17	20
0	3
23	18
0	5
0	0
0	1
0	0
0	5
11	0
12	0
0	0
2	4
12	1
14	1
0	2
0	0
0	0
27	12
0	0
4	27
0	90
23	52
0	75
0	45
0	8
1	10
0	0
45	22
26	0
6	0
23	4
0	25
13	5
4	0
53	3
24	151
0	124
0	5
0	68
0	4
0	9
0	3
1	0
82	72
0	56
0	57
0	6
6	32
0	32
0	2
0	25
68	0
105	52
0	52
29	40
0	35
0	10
0	0
1	0
9	5
0	78
20	68
3	54
1	54
0	68
16	1
0	46
122	18
2	17
8	2
0	15
12	1
0	0
6	67
0	56
0	44
25	44
0	41
0	22
140	0
6	152
0	100
0	87
0	36
0	47
0	15
0	14
0	152
83	0
9	0
13	71
17	0
0	71
100	73
3	30
40	71
20	62
24	58
7	21
5	86
22	63
14	48
32	4
0	0
8	0
12	180
0	180
11	180
0	180
0	180
0	47
47	44
0	180
59	37
0	37
0	26
0	27
15	23
0	0
28	167
0	108
0	96
16	67
0	76
0	129
0	0
13	0
100	2
0	2
18	113
9	1
16	8
1	19
0	18
0	6
16	29
0	66
0	16
5	23
0	12
0	11
1	13
0	0
0	11
1	27
0	11
0	0
41	9
13	6
0	3
39	0
0	93
0	93
4	9
0	64
0	64
0	0
0	0
0	0
0	38
0	40
0	20
29	38
3	0
3	1
58	93
3	12
5	12
0	8
0	6
0	0
0	2
0	2
0	8
25	5
0	0
0	0
0	11
30	6
81	39
0	39
0	27
0	33
2	103
1	103
0	101
14	0
20	43
0	0
10	0
14	91
0	20
0	20
0	20
0	5
0	20
0	1
0	8
0	6
1	1
4	378
24	77
19	396
0	96
28	457
0	267
0	10
0	0
0	74
0	27
0	0
6	11
0	1
0	1
0	7
0	14
0	74
0	87
0	87
29	58
0	71
0	0
0	6
8	0
0	8
0	5
26	8
0	12
0	4
0	8
11	10
0	0
5	20
0	87
13	62
0	74
17	41
0	41
0	82
22	74
6	9
12	32
4	89
14	0
4	56
8	1
0	89
18	59
0	188
0	135
0	6
0	96
33	8
0	4
0	96
0	96
0	0
0	3
36	0
19	0
0	0
0	0
234	82
0	99
1	104
0	99
4	99
0	3
0	5
0	14
0	2
0	80
0	21
135	87
24	41
0	0
0	28
2	27
7	0
395	79
0	41
0	35
2	4
116	90
61	222
55	5
10	4
23	4
34	10
0	45
0	19
0	21
0	45
0	8
0	2
0	15
0	15
0	0
0	8
0	8
57	1
7	1
0	1
500	68
57	99
2	4
9	2
0	2
0	10
1	8
0	18
21	13
15	12
0	0
0	13
0	45
0	81
2	9
0	40
0	12
1	11
0	2
0	55
0	43
0	14
0	40
0	41
0	1
0	8
6	6
0	0
0	6
72	60
1	66
0	157
160	1596
0	23
0	45
0	22
0	81
0	20
51	1
97	30
1	1
18	24
0	0
0	18
0	11
0	5
0	70
0	36
28	36
119	2
0	40
3	40
2	84
9	76
0	6
0	84
0	122
1	73
9	121
1	73
57	0
7	20
0	20
11	9
0	227
4	227
0	164
0	164
0	66
0	12
121	153
10	30
0	22
55	126
54	23
0	15
0	8
0	1
21	8
0	0
4	0
42	22
0	20
2	17
5	19
0	6
0	1
0	0
0	1
0	0
0	1
0	1
0	0
0	5
0	0
0	7
0	122
0	122
0	0
1	0
715	54
13	0
9	31
0	30
31	23
0	23
14	2
1	1
0	0
0	57
0	57
0	89
0	89
0	43
0	44
0	14
7	12
0	95
56	113
0	98
5	64
11	0
14	16
0	16
4	5
8	72
0	1
3	6
0	79
0	79
0	79
4	90
22	44
11	84
0	62
0	73
0	4
3	0
20	42
0	56
0	56
0	5
6	0
0	65
0	208
0	131
0	209
0	204
10	50
89	25
7	9
0	11
0	6
0	198
73	138
0	141
1	125
0	11
0	125
0	37
0	35
0	35
0	35
0	35
0	5
0	5
0	8
5	0
3	4
0	7
6	59
37	59
54	141
0	42
0	95
0	95
0	13
13	63
3	7
30	24
11	25
11	2
0	22
24	9
10	24
11	6
1	6
25	0
0	33
5	33
0	8
6	7
0	5
0	14
0	14
52	54
36	0
0	45
19	12
0	44
26	4
0	42
10	0
0	87
0	75
6	3
0	26
40	74
9	16
0	16
13	16
0	2
0	0
0	4
0	4
0	8
11	0
0	53
118	53
0	53
0	1
86	19
0	9
19	16
9	9
0	0
10	0
13	38
0	0
0	95
0	31
8	24
10	125
0	25
0	3
3	4
7	3
7	15
0	15
20	117
11	117
72	29
0	12
201	0
35	0
24	0
9	32
0	32
6	17
0	17
0	4
0	4
12	4
10	0
0	0
0	0
0	0
19	181
0	88
25	213
0	213
0	80
0	200
0	75
0	75
185	159
0	14
30	0
2	6
0	22
0	25
15	27
0	25
0	21
27	97
0	57
0	5
0	50
0	12
4	14
162	143
0	23
49	64
0	10
2	17
0	2
0	17
59	155
0	132
13	3
0	5
22	2
3	9
15	0
37	44
10	52
3	66
0	10
159	25
246	0
0	0
61	26
0	26
0	10
1	37
0	33
0	36
7	28
0	25
27	0
6	43
0	34
22	17
12	3
2	0
0	13
0	35
6	1
44	22
0	21
0	3
0	1
4	0
92	80
0	219
0	219
15	138
32	109
17	63
0	105
20	109
44	88
0	54
1	0
0	66
2	4
0	8
10	12
0	72
0	81
9	55
1	61
0	29
0	22
0	8
22	14
3	23
0	17
1	12
2	12
0	174
0	174
3	12
0	10
0	0
0	42
0	0
0	0
0	0
0	227
0	0
0	16
41	0
5	4
0	227
0	5
0	5
0	5
9	4
167	609
0	8
13	8
0	8
0	8
11	8
0	8
8	4
0	4
28	4
8	0
190	70
0	32
6	8
7	17
0	22
0	13
0	17
0	17
0	12
7	0
0	26
45	22
2	22
0	0
0	83
1	83
0	8
10	2
1	8
0	18
55	0
3	0
81	276
0	276
0	180
0	180
17	206
1	0
0	6
0	206
41	1
40	58
0	73
0	76
0	76
13	474
8	477
1	98
0	4
31	29
12	29
0	39
0	109
0	8
0	0
0	66
3	1
1	71
0	16
0	16
0	0
0	56
0	66
0	55
0	105
1	1
2	55
0	1
45	83
0	68
0	55
0	60
0	33
0	35
0	14
70	24
0	20
42	20
0	17
0	7
54	0
0	20
0	37
0	4
0	17
64	0
45	16
0	4
0	4
37	12
19	425
69	412
1	381
0	384
1	217
0	0
9	9
96	22
6	22
2	10
0	15
8	38
8	34
0	37
15	38
0	33
0	22
1	37
46	0
40	41
5	41
29	13
0	42
6	7
0	5
0	3
0	2
0	42
173	16
0	7
24	0
85	2
40	7
0	5
0	2
0	0
4	0
0	18
6	18
18	0
66	0
47	18
0	0
29	263
0	298
0	282
0	235
2	226
0	193
7	38
0	298
92	0
2	73
0	61
0	49
0	73
7	27
0	52
0	39
0	62
0	13
0	18
8	15
8	0
11	24
0	24
10	1
0	0
7	0
0	67
0	0
0	8
0	67
0	8
0	41
0	10
56	38
0	0
0	67
10	67
0	8
0	8
9	8
0	0
1	0
0	14
0	14
0	22
0	18
0	14
0	22
6	0
1	0
13	0
0	17
13	17
3	92
0	3
65	90
49	28
12	19
13	14
0	5
65	84
0	81
6	51
23	48
0	3
10	1
0	5
13	44
19	39
74	0
0	0
0	17
95	39
0	31
0	17
4	3
10	17
7	7
0	14
0	6
53	7
149	38
61	107
6	29
0	29
7	9
0	9
0	133
0	133
0	1
5	54
0	5
1	49
71	7
7	8
1	8
0	0
0	1
4	1
0	0
116	0
1	0
0	78
12	78
11	24
7	0
6	10
0	10
0	10
3	0
85	41
0	32
0	290
0	27
6	18
2	295
2	0
25	24
0	3
0	24
0	17
0	24
0	23
0	6
15	7
0	1
0	0
0	0
0	10
0	3
0	3
31	0
0	0
0	2
59	33
20	0
0	10
2	5
0	5
1	12
0	12
0	12
43	13
38	4
0	8
66	8
2	0
43	10
0	10
42	0
3	0
2	5
0	5
61	0
0	0
0	3
40	11
0	0
0	0
0	11
38	15
55	0
0	1
7	11
0	11
49	0
0	2
0	0
26	4
48	7
0	2
2	2
15	0
23	0
4	0
192	26
0	2
2	11
9	90
0	85
0	86
0	0
0	0
3	0
253	0
0	0
9	0
0	8
0	137
10	117
0	137
0	16
0	54
0	54
5	0
27	5
0	54
0	54
0	60
0	60
0	60
0	60
2	60
0	11
0	17
93	16
1	0
14	0
0	0
61	54
18	11
3	11
2	0
0	0
0	4
0	4
0	19
0	15
42	29
0	5
76	12
9	0
5	15
11	0
0	1
0	1
34	21
4	21
31	93
31	83
0	92
0	0
0	0
0	35
7	46
0	48
13	34
0	3
0	0
2	0
0	0
23	21
3	12
41	127
0	1
4	1
42	16
7	5
35	29
0	29
0	51
0	51
0	15
0	9
0	9
0	1
0	1
48	2
45	10
38	10
14	0
13	0
1	132
0	17
0	132
18	6
33	6
0	6
16	48
0	5
14	20
0	3
0	31
0	12
16	17
0	10
0	4
0	69
0	5
0	5
10	2
40	66
19	13
150	8
46	23
0	19
2	8
0	23
134	27
8	11
0	19
0	11
0	8
7	9
0	9
0	9
27	35
3	35
10	0
0	0
6	125
34	48
0	121
0	47
91	50
11	50
36	6
0	15
9	15
0	0
0	0
5	0
0	9
0	0
297	0
0	176
0	137
0	118
39	0
24	19
0	6
0	25
487	68
0	85
4	47
0	45
7	7
3	7
4	0
0	63
0	10
0	10
0	15
0	22
0	9
0	9
54	0
7	3
0	0
0	3
0	5
16	89
0	94
0	5
0	5
13	132
47	132
45	15
35	0
7	6
8	15
0	14
83	0
114	0
2	1
0	0
20	19
34	29
0	14
172	11
0	44
0	44
7	38
13	6
47	0
22	18
0	12
0	12
0	0
7	0
0	8
0	0
1	0
0	5
0	7
0	7
0	2
30	0
303	0
0	92
0	80
22	93
0	6
21	89
78	16
1	0
95	0
0	44
4	6
22	1
29	1
0	43
42	2
26	15
0	81
0	87
30	3
4	3
26	68
39	34
5	29
7	6
0	72
0	72
0	29
0	1
0	20
0	26
10	0
0	0
0	8
0	8
0	8
0	8
0	9
0	72
0	72
35	54
11	21
5	14
0	4
4	80
0	36
16	17
59	2
49	0
21	51
30	55
0	6
0	7
8	0
3	1
0	0
24	0
22	0
538	7
5	1
0	0
1	6
4	5
0	5
0	5
9	5
0	1
0	0
0	4
0	78
0	25
0	78
22	19
0	1
1	1
32	18
0	15
0	15
16	45
0	19
0	2
1	0
0	26
0	26
1	20
0	3
2	18
0	18
3	18
0	15
0	9
4	9
6	6
0	6
0	18
125	20
138	20
41	229
0	35
0	23
3	5
0	0
78	60
97	60
0	45
45	38
9	62
45	162
0	27
11	29
0	28
0	22
11	35
0	81
0	14
0	6
1	0
0	72
2	5
0	2
0	19
56	828
5	3
0	3
53	0
6	3
0	840
0	90
0	103
0	103
0	103
0	15
0	4
0	4
8	19
0	19
40	13
0	103
151	0
841	30
0	58
7	16
0	17
5	35
7	35
0	22
0	69
47	116
0	502
0	27
0	503
217	0
0	112
0	1
0	27
0	10
4	0
18	52
0	62
38	184
7	95
5	180
73	2
27	62
0	50
3	61
16	66
0	61
1	61
14	0
5	3
27	24
8	0
6	0
70	116
0	116
0	116
9	137
121	137
11	61
0	61
0	15
0	15
0	15
1	11
0	1
0	1
4	0
0	1
3	1
5	1
98	0
0	5
0	5
0	5
0	5
0	5
3	5
7	0
0	8
0	8
0	9
27	9
13	211
0	207
5	9
0	20
1	19
47	13
4	255
6	29
3	5
14	29
29	93
0	23
0	18
76	64
0	59
0	31
0	36
0	244
4	244
0	42
6	8
0	6
4	13
0	26
13	229
20	0
0	0
25	43
73	43
0	32
0	32
0	39
0	14
0	0
0	0
0	0
0	16
0	9
2	16
0	16
59	0
47	15
0	7
0	71
3	9
117	6
0	3
1	0
0	0
0	3
9	5
0	0
0	3
5	112
10	4
13	108
1	0
50	28
0	28
0	21
0	21
44	121
0	121
0	0
3	0
19	0
90	95
0	95
10	0
10	0
0	2
0	2
0	0
0	145
0	106
16	72
0	72
0	32
0	0
0	0
0	0
0	110
0	40
0	107
0	72
0	0
0	0
2	135
7	56
1	4
1	13
0	11
0	2
77	48
9	2
0	2
0	11
4	19
10	15
5	15
0	4
0	0
0	18
3	13
0	4
12	19
0	6
20	19
0	34
0	37
0	29
0	23
8	26
0	5
0	6
0	6
0	5
0	8
0	7
0	11
0	237
0	232
315	298
0	186
0	181
1	528
57	450
0	20
0	18
1	366
0	189
0	11
0	11
6	11
17	30
0	0
0	0
0	0
3	0
0	11
0	31
0	31
136	65
1	12
0	11
0	11
0	16
0	0
0	7
0	10
0	5
0	40
16	0
8	21
1	58
0	10
0	10
6	13
0	12
0	0
57	39
0	4
17	53
0	12
0	47
83	53
0	40
0	9
0	24
0	24
0	24
3	0
0	131
0	131
3	0
0	0
0	9
1	16
0	0
0	0
0	0
22	9
44	4
9	2
6	0
48	0
54	70
0	52
0	57
0	70
0	13
9	12
7	0
9	20
0	56
0	70
4	8
0	30
271	40
0	18
82	7
16	9
0	0
12	5
0	4
0	77
99	8
0	9
0	0
0	9
0	9
0	9
0	9
13	93
0	71
0	92
0	54
0	73
0	86
0	31
0	49
11	93
3	44
0	14
0	26
0	26
15	63
0	73
3	61
0	13
0	2
0	6
0	6
0	6
0	5
3	0
21	5
0	0
0	12
71	6
0	73
23	41
211	18
0	30
0	38
96	18
8	36
51	59
0	36
0	36
0	0
0	7
2	14
21	50
0	50
0	15
0	106
86	0
0	3
3	8
0	3
0	106
4	66
0	8
0	0
13	5
0	0
11	0
0	19
6	55
11	28
0	28
5	22
0	27
4	28
0	22
0	28
0	15
0	57
0	12
0	0
0	0
231	48
7	46
81	64
28	0
0	5
69	18
7	28
4	9
14	17
8	6
0	73
56	90
40	60
39	63
0	29
0	8
0	8
0	34
1	0
9	157
27	119
0	157
38	94
0	52
0	1
6	0
51	5
0	3
0	1
4	364
0	31
0	334
0	32
0	48
0	6
9	1
0	52
152	27
0	1
0	11
0	19
0	12
0	0
16	1
1	15
28	41
0	42
0	42
0	25
0	26
0	0
12	3
0	1
1	2
1	1
84	7
0	7
142	54
15	22
11	42
56	39
17	39
0	2
0	4
0	0
4	22
5	0
13	22
0	32
0	32
0	32
0	32
0	6
0	0
9	0
2	27
0	2
0	27
0	27
0	27
0	8
120	136
0	129
0	6
24	7
0	1
0	9
0	21
27	16
0	93
14	73
0	18
0	2
22	0
6	1
0	1
0	1
11	70
6	4
0	74
5	9
0	32
0	33
0	1
0	9
0	22
0	16
0	33
0	27
0	20
101	17
55	10
13	10
0	21
4	11
0	3
5	0
1	3
58	85
3	96
0	117
17	92
0	41
0	53
0	4
0	4
14	0
0	291
0	291
101	24
0	291
0	20
51	234
0	17
0	15
1	13
30	5
0	15
0	3
0	3
0	3
0	3
0	9
0	9
0	1
23	26
0	27
22	0
80	53
0	125
0	37
20	36
0	34
7	26
0	31
0	125
0	117
15	17
5	5
0	16
0	0
0	16
0	11
0	1
23	0
0	1
0	10
0	4
0	135
83	26
4	10
6	1
0	1
2	1
0	1
0	0
15	16
10	141
151	0
0	118
53	56
0	13
115	31
0	13
9	6
0	56
11	0
0	74
82	6
12	6
2	0
0	47
0	49
0	47
12	47
0	19
0	10
0	11
3	10
4	11
0	11
0	3
27	0
0	116
10	68
0	66
19	26
0	16
2	16
12	6
4	347
0	347
69	319
27	39
12	39
0	20
0	8
5	0
1	58
0	44
113	22
0	22
10	18
0	102
4	35
11	0
11	2
11	28
0	14
0	0
7	2
7	41
0	0
28	53
3	81
0	24
42	29
0	50
0	29
45	102
3	3
0	35
0	35
0	1
0	35
0	35
0	24
1	1
4	35
1	19
6	19
0	19
0	295
25	36
20	51
28	21
0	21
0	6
0	0
0	30
18	35
7	35
0	0
0	7
0	0
1	0
0	2
0	3
0	5
0	20
0	33
0	27
0	40
0	27
68	0
0	0
0	0
19	0
28	47
0	86
11	93
0	92
33	10
0	14
1	6
0	3
0	136
0	0
3	88
0	161
0	161
0	91
0	91
4	28
10	28
27	16
0	15
0	15
40	23
7	23
8	11
78	77
9	41
12	7
111	25
0	23
0	7
0	1
43	19
0	25
0	7
54	70
4	88
0	18
0	30
0	15
30	39
0	27
0	27
0	27
12	39
0	28
0	0
13	95
0	89
36	245
0	48
0	1
0	5
0	74
0	74
0	16
0	74
0	74
1	5
0	69
0	21
0	26
0	26
0	26
0	26
0	26
6	26
1	6
0	284
73	214
0	210
4	32
5	32
29	16
46	26
0	281
29	5
0	5
58	105
0	3
24	4
0	0
0	0
6	0
6	0
0	105
106	33
9	33
0	0
0	0
15	169
76	117
0	0
25	33
0	0
19	326
1	0
0	47
0	13
38	6
8	57
0	15
0	27
0	30
0	35
0	27
9	21
0	18
0	64
61	111
0	53
0	11
14	22
0	351
0	351
33	11
5	43
0	1
0	1
0	43
5	2
0	50
0	15
0	24
0	2
17	50
28	18
12	20
0	20
0	0
19	109
0	2
0	2
0	20
0	29
3	20
0	20
0	20
0	29
11	6
19	6
0	48
2	48
0	578
104	634
0	71
0	67
0	52
15	35
12	6
14	2
0	12
23	44
0	12
16	12
3	42
0	42
4	25
0	20
0	24
0	21
0	8
42	27
0	14
4	96
0	161
0	96
0	133
0	51
0	33
92	24
37	20
100	81
0	6
0	4
0	5
74	34
0	13
0	11
0	9
0	1
0	1
5	0
27	240
0	107
27	0
0	215
113	2
0	2
54	149
0	12
35	123
0	113
19	41
46	10
0	0
98	2
53	26
74	27
0	0
5	113
8	7
0	91
110	147
0	147
7	1
0	0
3	0
6	0
25	29
63	75
0	34
0	38
0	20
0	61
0	12
0	20
0	7
7	4
71	8
0	4
4	0
0	0
0	16
61	24
0	109
108	105
3	105
7	52
8	14
13	8
3	38
30	8
6	8
0	86
0	86
0	4
0	9
0	30
6	43
156	94
12	65
0	96
0	94
0	21
150	6
8	14
0	145
0	89
6	185
13	238
14	10
6	1
0	36
0	13
31	54
0	46
0	238
0	35
0	5
0	39
0	22
1	9
11	0
3	7
0	0
3	0
86	0
58	4
0	4
91	99
1	99
0	99
0	2
15	10
58	17
0	0
60	0
0	1
0	28
0	28
2	7
4	9
4	10
0	12
0	2
0	2
0	11
83	41
0	41
0	8
0	0
0	1
0	192
0	192
0	37
11	31
0	38
0	77
0	77
0	58
0	0
0	21
0	17
0	15
0	15
0	15
0	36
0	7
0	8
0	8
0	7
0	7
0	8
0	0
0	0
0	1
8	1
0	1
0	37
0	36
160	20
14	39
11	8
0	8
10	0
3	32
9	18
0	32
0	0
0	1
0	0
1	0
61	25
0	86
0	5
0	5
0	62
0	25
5	37
0	15
31	15
0	15
15	0
4	27
2	27
191	350
14	162
0	6
0	6
0	0
4	0
1	25
0	25
1	173
71	0
172	102
3	1
0	6
7	33
17	87
3	1
0	0
2	0
43	60
0	33
0	27
19	0
0	156
0	64
0	53
35	31
2	0
0	0
2	38
86	0
2	0
0	0
0	0
0	3
7	0
0	0
0	0
48	3
6	217
261	174
0	20
0	45
0	0
0	45
3	1
0	12
0	1
31	98
0	0
0	0
0	154
27	14
39	0
1	138
37	197
26	32
4	31
7	173
0	1
0	4
41	0
18	18
36	48
10	31
0	17
0	13
5	13
0	31
0	139
3	37
10	0
7	0
0	37
0	0
15	37
0	30
0	37
0	21
0	36
33	11
0	0
0	6
0	11
0	16
0	15
0	22
0	3
34	0
0	2220
32	9
37	25
1	2211
0	0
6	4
28	0
0	8
0	86
3	214
20	10
0	10
38	0
0	64
7	14
3	14
0	16
7	32
0	35
0	6
24	49
0	0
10	0
0	5
1	29
0	29
0	29
0	21
8	22
0	11
0	11
15	0
0	1
0	44
33	44
0	22
177	22
44	90
192	89
0	89
2	89
0	116
7	3
0	3
0	0
2	27
14	0
51	20
5	11
0	9
40	36
0	36
21	37
0	37
0	31
11	6
0	7
0	7
0	7
0	6
0	0
4	0
4	0
67	36
0	36
0	36
0	134
53	134
0	6
0	5
8	5
7	282
86	66
5	22
37	66
20	0
49	97
0	124
0	111
0	37
8	39
6	35
6	25
0	2
0	0
0	216
0	143
2	31
52	46
0	163
0	216
2	163
82	10
30	5
0	5
22	0
4	118
0	118
0	118
75	91
0	59
0	59
0	59
0	59
0	69
0	69
0	69
0	69
0	69
0	69
0	47
22	9
38	9
0	0
36	370
17	1
3	20
0	72
18	2
0	1
12	2
27	8
0	41
141	10
0	1
0	1
0	0
105	39
0	39
19	87
8	87
0	27
0	49
0	53
0	53
0	0
0	6
14	6
0	0
102	12
0	6
0	6
4	0
0	0
0	0
0	1
0	1
0	1
1	50
0	1
0	0
0	0
0	0
0	1
53	50
0	49
78	30
0	30
21	49
36	245
9	250
0	263
0	262
0	4
0	13
8	0
26	12
8	19
0	14
0	19
0	117
0	16
23	28
0	120
52	19
0	7
0	12
10	0
42	6
0	25
0	0
11	23
6	13
10	91
12	8
0	5
0	5
0	88
11	103
0	79
46	109
0	18
0	21
0	9
0	0
0	75
206	55
1	10
13	27
2	50
1	50
70	0
4	29
116	30
33	24
29	0
68	19
0	0
31	84
3	5
0	11
1	0
0	20
0	6
0	5
110	5
0	0
0	1
8	0
0	0
0	1
0	59
304	68
36	67
0	61
0	53
0	0
7	10
43	32
0	21
0	3
0	3
12	3
17	32
3	20
8	92
51	31
0	2
0	66
0	4
0	9
21	80
46	80
0	89
0	89
8	35
51	12
51	127
22	31
0	84
0	84
90	0
15	79
0	40
0	9
0	0
5	0
0	0
6	5
0	0
25	123
0	53
0	3
0	3
5	162
69	186
1	189
0	10
0	192
0	139
0	14
32	153
14	5
0	5
29	172
0	0
83	20
0	18
0	0
24	18
0	99
23	111
1	4
0	71
0	1
0	12
0	0
0	17
13	91
0	6
59	0
0	98
148	104
4	10
0	13
0	15
6	18
6	18
0	9
19	8
0	3
11	60
0	60
1	17
0	89
8	199
11	199
0	144
0	45
2	73
1	63
0	69
6	1
100	12
138	13
6	3
0	10
0	7
5	12
107	92
36	46
1	62
0	222
103	0
0	244
13	212
102	244
122	131
0	0
33	32
27	43
49	12
213	0
0	100
0	100
161	72
3	25
0	50
0	83
0	99
0	31
17	101
0	20
4	85
2	24
0	25
0	27
0	8
0	17
0	8
0	4
0	3
0	7
0	10
17	76
14	3
0	3
0	12
14	3
5	107
0	95
8	40
0	46
1	5
34	9
9	7
44	44
0	7
0	29
0	4
11	4
193	37
0	22
10	29
10	7
54	274
0	84
2	9
3	183
3	0
0	0
0	0
0	3
1	23
1	0
0	12
0	12
17	18
31	18
17	0
0	0
0	16
0	8
2	3
7	3
0	16
17	22
7	0
0	13
6	11
0	13
8	0
8	5
0	0
0	1
15	106
0	96
0	248
0	45
0	26
6	2
0	7
1	248
25	22
0	31
0	4
3	25
0	19
14	22
1	0
2	83
6	23
0	8
0	16
0	56
8	88
0	9
38	149
0	59
0	77
0	84
1	6
0	7
0	0
4	7
229	22
0	7
14	7
40	0
177	25
8	25
5	41
1	27
0	22
7	21
0	23
3	7
0	0
5	8
10	83
0	20
0	4
0	0
0	20
0	36
0	0
0	36
269	1
0	11
7	0
84	3
7	0
13	7
0	0
0	0
0	0
0	7
0	0
0	9
9	9
0	4
76	9
0	9
4	89
72	8
48	92
6	50
16	15
22	2
50	31
74	38
0	1
1	38
16	38
3	95
7	14
5	37
40	154
0	153
0	153
0	49
16	48
0	48
0	48
49	0
0	0
0	10
0	19
0	19
0	19
0	18
0	19
13	0
0	93
17	93
0	6
0	6
0	0
0	66
1	2
72	47
4	47
13	29
29	0
0	28
0	43
0	43
0	39
0	0
6	7
25	3
0	3
0	3
0	2
9	12
0	12
0	38
1	30
0	40
6	1
300	1
20	1
29	113
0	72
0	49
0	43
6	18
37	14
0	10
0	10
24	4
13	2
24	37
0	44
0	42
11	5
7	43
0	44
4	37
0	0
0	0
3	3
0	29
8	29
0	0
0	0
167	76
8	89
26	27
46	27
84	4
0	503
0	258
0	470
0	157
0	17
203	22
0	0
152	9
0	5
63	39
0	48
0	57
0	48
3	9
0	8
68	6
0	0
42	29
0	8
0	11
0	11
0	0
0	0
0	2
53	30
0	28
9	0
0	5
13	0
0	66
2	66
0	56
0	38
97	36
0	0
22	0
0	0
230	4
0	0
0	4
47	127
0	16
37	16
13	111
0	22
51	8
5	42
0	208
3	16
0	8
0	58
0	182
0	145
19	2
4	2
9	11
4	11
0	0
12	160
0	68
41	68
0	40
0	40
21	78
0	5
2	16
0	11
0	44
0	34
8	5
0	6
21	80
24	7
0	0
0	56
4	40
4	13
0	27
7	19
0	19
0	13
0	16
2	3
0	10
0	9
8	7
19	22
14	1
4	1
0	213
21	223
0	64
0	26
2	0
0	0
0	3
21	127
9	55
0	38
0	30
97	11
0	55
7	181
0	130
0	5
69	59
0	9
0	0
0	12
0	59
29	152
18	122
9	66
0	16
0	14
27	60
0	60
3	58
5	47
74	13
0	13
37	0
59	130
8	11
9	43
0	43
0	8
3	2
0	0
0	46
0	12
0	34
0	10
0	24
0	12
0	3
0	0
16	114
6	86
29	37
29	35
0	15
0	63
0	0
12	9
7	9
0	9
1	9
0	7
16	1
2	1
6	0
8	32
0	43
28	22
0	61
0	13
0	43
0	39
2	13
0	0
49	1
0	27
1	61
31	34
0	34
2	18
6	6
0	6
0	3
0	0
13	213
33	8
0	8
0	0
0	0
0	0
0	21
0	21
0	0
0	79
0	82
4	73
0	322
9	322
0	11
3	88
3	24
0	85
0	291
0	291
0	336
0	240
0	14
2	69
0	34
0	9
12	22
23	0
57	73
0	12
2	61
0	0
0	3
0	30
0	70
0	20
17	0
0	33
4	29
7	193
11	26
0	18
15	111
3	40
3	3
0	7
0	25
0	112
13	43
0	87
5	87
10	117
26	10
44	6
0	2
59	42
0	0
1	25
6	25
20	165
0	165
0	25
6	8
17	8
0	0
0	31
0	31
0	0
0	68
196	82
6	45
4	1
14	108
17	0
0	4
13	3
10	54
0	10
0	4
0	39
0	29
20	46
15	4
0	10
0	18
0	32
0	29
0	43
0	43
2	82
0	0
0	35
0	15
0	145
0	90
10	0
0	0
0	16
0	12
3	1
0	1
0	9
1	9
0	68
50	146
9	88
4	21
7	102
0	5
0	5
0	94
20	0
0	5
0	89
0	0
0	94
12	6
0	5
0	5
0	0
0	0
0	0
0	0
36	238
0	238
14	169
42	28
8	28
0	6
0	16
0	25
0	10
0	20
56	20
0	43
20	20
24	16
20	37
0	0
1	150
24	42
15	42
7	6
4	6
18	0
24	115
0	115
0	3
1	0
0	0
0	0
23	0
0	193
0	10
0	204
0	197
0	197
0	200
8	26
34	15
20	1
12	24
47	38
5	6
0	0
0	13
0	7
0	0
0	0
6	26
0	18
0	8
9	6
0	10
0	135
0	49
0	48
0	95
0	135
0	144
11	0
0	20
1	7
1	40
14	19
0	69
24	11
0	11
74	2
3	56
0	78
0	2
1	15
20	15
0	10
0	58
0	48
0	46
12	18
0	18
51	19
0	3
0	1
18	13
0	46
0	26
0	20
0	12
0	16
12	24
0	26
6	1
0	3
8	24
3	39
0	47
123	10
0	10
80	0
149	0
0	134
0	128
0	73
0	45
7	68
81	123
25	6
19	533
0	49
23	66
0	16
0	64
53	68
0	59
0	55
0	4
6	4
0	37
0	38
0	0
0	23
0	119
81	36
0	9
0	109
66	109
0	10
0	13
0	4
7	0
0	0
0	3
0	0
0	0
0	0
9	0
14	126
0	126
8	41
0	15
0	42
7	0
42	3
72	52
12	11
15	7
0	3
3	3
0	0
5	0
7	101
0	4
10	16
0	8
0	10
4	0
0	2
0	0
0	3
14	2
0	2
0	21
0	16
0	14
0	17
0	27
7	24
0	19
0	16
0	16
0	10
0	10
0	16
0	10
0	10
0	10
0	4
0	0
0	0
0	0
0	0
0	0
0	0
0	0
0	0
4	0
0	72
0	72
0	72
0	27
3	94
0	18
0	10
1	14
12	5
0	17
3	0
0	33
2	38
0	16
0	3
0	5
0	5
54	51
0	51
4	0
23	48
0	48
0	48
148	42
33	9
2	9
24	317
18	18
0	25
0	18
0	9
0	7
0	7
0	7
0	8
0	16
0	0
1	0
0	0
0	0
0	0
0	0
12	24
52	21
25	20
0	0
0	36
0	38
17	38
4	1
4	2
0	8
286	7
0	4
0	3
63	168
12	22
0	23
0	38
0	133
0	115
29	0
20	66
0	36
18	66
0	4
15	21
0	21
6	9
57	3
0	3
0	3
0	3
7	0
1	19
6	90
15	0
35	0
34	22
0	9
0	2
28	2
165	98
0	26
0	1
0	98
0	21
0	19
11	84
0	28
0	10
0	10
0	10
9	0
0	26
0	81
6	22
2	28
0	0
3	22
0	0
0	11
29	11
2	12
0	12
0	33
241	195
0	50
59	52
0	44
0	11
0	3
0	16
0	16
2	41
85	10
0	41
73	7
0	7
0	0
0	0
0	0
0	0
0	0
0	4
0	4
0	372
72	372
65	200
0	139
0	21
110	10
2	9
0	4
0	5
0	5
6	0
4	295
0	322
0	192
0	56
0	5
69	7
0	0
0	5
20	7
39	63
9	61
93	23
0	82
0	0
65	76
0	10
0	7
0	76
73	48
0	67
0	85
5	67
0	67
0	54
0	62
0	62
0	10
0	26
0	32
0	22
0	0
0	0
0	40
16	10
0	22
20	10
0	477
7	480
6	210
403	567
0	256
0	74
18	22
44	61
4	6
2	0
10	8
8	4
0	4
0	39
17	11
0	13
0	13
64	0
0	0
0	0
31	21
0	1
3	0
27	21
0	35
0	62
0	19
12	51
0	11
3	8
0	3
0	20
28	20
83	1
0	1
7	10
151	83
0	68
144	31
0	32
6	7
0	19
0	1
21	2
0	25
0	2
55	0
0	7
0	7
0	3
6	3
86	158
0	50
0	6
3	7
5	7
6	0
0	0
0	1
0	6
6	0
0	78
16	14
20	3
1	3
0	243
11	6
0	4
0	0
2	5
0	78
0	78
185	5
14	19
0	61
0	4
31	2
0	49
0	8
60	74
128	158
0	85
87	178
0	67
0	36
3	9
14	0
84	9
0	4
0	43
0	19
4	19
14	42
24	42
16	3
49	38
8	33
0	38
0	31
0	9
0	5
0	0
37	153
9	153
0	115
4	263
7	11
0	11
0	3
5	2
0	27
0	27
2	32
0	27
0	2
0	50
0	49
0	30
0	5
0	5
0	1
17	28
1	28
0	0
0	0
1	0
4	6
4	27
0	24
4	75
0	0
0	75
0	7
0	75
8	0
0	27
17	65
0	56
0	18
1	0
10	7
1	0
0	0
0	0
0	0
112	113
5	18
0	0
0	10
2	0
13	9
226	37
4	93
0	56
0	15
0	10
11	12
0	12
0	7
115	19
8	3
0	3
0	3
68	0
8	3
0	4
2	4
47	43
0	45
12	7
1	45
0	8
0	80
4	58
0	55
0	1
0	0
0	0
0	17
22	0
59	0
45	0
0	55
0	43
22	54
46	4
48	52
0	23
58	39
0	10
2	39
0	6
0	30
0	27
20	14
0	14
6	18
0	19
1	8
0	19
0	15
1	19
0	15
0	15
0	19
16	16
0	1
0	3
0	3
0	30
9	25
2	15
7	59
5	82
0	86
54	85
26	13
5	3
16	0
0	39
1	33
201	273
0	273
0	42
3	2
1	0
0	17
0	114
0	51
0	51
0	51
68	51
0	51
0	18
0	3
0	3
3	3
1	0
73	29
9	30
0	29
0	12
0	0
0	0
17	1
54	1
14	6
0	3
0	3
0	11
0	11
0	3
0	87
5	100
0	1
0	58
0	67
57	0
113	111
3	132
0	53
76	33
8	59
0	12
38	169
0	0
0	7
0	129
13	139
7	17
0	17
0	23
7	23
3	14
0	6
10	25
0	1
1	10
0	10
0	10
26	49
0	7
10	176
0	55
0	47
0	47
0	1
2	9
0	57
1146	5
11	7
2	5
0	3
85	41
37	41
0	0
29	23
0	6
24	36
6	0
0	0
63	0
8	36
0	28
0	9
3	2
0	32
1	13
9	1
0	0
34	3
1	3
0	53
5	45
7	34
0	27
0	27
18	7
0	0
0	4
14	0
14	0
0	0
17	7
0	4
0	8
3	45
148	7
0	6
27	5
0	5
0	10
13	53
0	34
44	20
7	22
0	1
13	0
0	6
0	44
0	47
0	38
0	21
2	58
0	11
11	51
45	61
4	61
0	57
0	31
12	57
43	0
3	20
0	19
0	37
9	37
20	20
0	20
0	6
0	6
0	6
5	14
0	6
0	0
0	11
0	15
0	15
11	14
0	19
0	19
0	7
0	4
13	7
0	7
0	4
14	106
5	106
19	24
17	92
17	0
3	9
12	114
3	0
11	21
0	103
0	11
11	16
2	9
30	0
0	4
1	154
0	20
0	14
0	6
0	0
0	0
5	161
18	34
0	57
0	36
0	36
0	2
7	0
0	57
0	55
30	15
32	15
0	150
18	150
48	195
0	195
0	27
6	20
0	177
51	0
5	226
0	134
0	7
0	135
0	133
0	133
6	2
0	128
0	139
0	140
0	52
2	0
0	2
13	50
0	3
13	13
0	14
0	114
0	3
92	81
17	79
0	0
12	2
4	1
26	68
2	45
0	0
11	0
0	69
2	26
10	102
13	44
0	69
78	4
155	8
144	60
0	16
0	16
7	9
0	2
0	2
0	0
0	18
69	72
0	38
0	44
0	34
1	5
0	18
1	8
0	10
14	0
2	4
79	72
52	58
10	50
25	29
0	33
0	33
10	9
0	9
1	11
0	32
14	118
0	118
3	0
14	15
5	38
0	38
19	38
8	0
41	19
10	10
0	10
0	42
0	42
0	47
0	29
27	42
12	160
7	48
0	77
0	14
34	44
228	82
254	128
34	105
0	105
0	4
0	0
29	3
0	99
0	99
0	20
35	44
0	65
0	35
0	100
0	39
55	60
0	24
0	24
0	36
0	4
3	4
0	23
0	33
0	29
3	51
46	236
0	104
24	96
139	16
10	8
0	6
187	0
28	99
6	99
0	99
7	1
3	0
0	1
2	1
0	1
0	1
0	0
0	16
294	23
7	50
0	34
0	34
0	34
0	50
0	51
0	51
0	50
2	1
0	0
0	1
0	5
0	5
0	34
33	9
0	18
0	40
0	78
0	84
12	7
3	4
0	6
0	20
0	78
95	49
0	49
7	0
0	13
33	23
1	63
35	33
3	65
0	23
0	61
0	52
0	61
0	38
0	61
0	13
0	1
0	7
0	15
0	0
0	18
1	1
41	1
206	2
11	0
0	53
5	53
0	32
7	28
23	28
0	8
0	8
0	53
109	33
0	23
0	23
2	24
0	24
48	14
0	13
0	14
20	11
241	308
0	22
0	22
0	5
13	38
3	11
0	20
0	15
0	12
0	5
0	2
0	38
178	15
0	124
9	117
13	109
0	109
0	132
0	9
0	9
3	3
0	3
0	280
0	280
0	18
21	8
0	6
2	6
96	28
15	27
0	5
206	142
3	89
1	10
19	10
0	19
0	156
0	156
0	156
11	3
42	0
0	33
8	1
99	36
5	9
0	241
0	104
7	15
1	15
3	32
33	63
69	17
0	11
0	2
13	19
3	19
0	324
0	5
0	320
15	0
23	4
3	321
14	25
1	0
11	0
38	25
6	118
22	204
0	98
0	112
0	114
0	8
5	13
0	18
7	0
0	18
0	18
14	0
0	8
0	8
13	8
0	21
0	26
0	15
4	46
0	17
0	23
0	17
0	0
23	23
0	26
15	0
5	14
0	0
2	0
0	0
0	0
1	0
0	2
4	2
2	0
0	43
18	15
9	33
19	159
0	25
0	25
0	20
18	33
0	33
0	33
8	0
0	4
0	8
0	7
0	1
0	7
2	12
61	0
4	37
286	299
0	14
5	217
84	223
0	26
0	166
0	88
0	131
0	131
81	116
3	116
0	22
2	16
125	22
1	22
0	19
7	7
4	4
0	8
1	4
0	4
35	62
0	1
0	60
0	1
0	0
0	62
0	0
39	62
236	179
0	137
3	7
6	0
0	179
0	743
0	743
0	37
0	67
0	67
0	116
0	116
0	0
10	15
6	0
0	2
0	20
162	18
0	44
17	5
0	44
40	14
528	1
76	40
3	27
25	16
80	0
21	3
1	1
0	10
0	6
0	10
2	1
205	195
1	9
4	12
0	44
2	0
0	16
111	65
0	1
21	35
0	2
59	31
0	2
0	2
0	10
0	12
0	19
0	7
0	87
0	9
0	15
0	93
0	34
0	2
0	59
2	4
19	0
0	0
3	0
0	24
28	0
1	33
1	33
0	1
0	10
0	10
0	1
0	0
2	0
1	0
43	0
0	163
0	4
6	7
7	111
1	154
0	147
0	105
45	0
0	166
13	166
1	214
0	2
2	11
0	7
0	7
0	0
0	0
0	0
56	49
0	0
0	4
40	0
0	0
25	58
0	0
0	0
0	0
0	0
6	57
0	212
3	36
9	2
0	0
0	240
0	70
0	70
1	0
0	4
0	0
0	55
0	4
0	0
0	70
0	18
0	18
24	4
0	18
153	14
0	7
2	6
8	6
13	6
0	6
0	5
17	0
0	5
53	43
26	20
0	29
0	33
14	12
51	78
0	77
18	35
6	47
0	0
29	29
91	1
30	43
23	30
0	0
16	0
47	6
25	11
0	7
3	6
2	1
0	0
13	13
0	4
0	4
0	67
0	11
20	14
0	16
8	11
135	11
43	0
0	83
34	221
13	242
6	37
12	1
0	60
0	55
0	23
0	23
38	0
0	10
0	10
0	47
49	52
0	47
0	40
0	31
0	33
0	21
6	0
7	0
20	7
0	6
26	0
80	218
19	150
1	207
0	214
0	188
0	193
0	195
21	141
0	147
0	117
0	119
0	119
0	119
0	115
0	115
3	114
0	115
0	112
0	119
2	0
13	0
13	18
0	207
0	210
0	205
0	207
0	77
0	77
1	8
0	23
8	34
2	2
51	8
0	0
10	82
0	82
20	0
0	26
0	5
0	26
0	38
106	26
2	16
4	26
0	28
52	68
16	68
0	34
0	2
17	0
126	26
0	20
28	22
0	9
12	5
25	0
36	0
0	17
5	13
0	0
0	0
0	17
240	32
0	5
73	239
138	365
122	240
49	262
0	34
0	3
0	0
0	0
3	0
0	2
2	1
0	1
0	4
133	118
62	138
0	38
0	59
0	4
11	20
3	20
3	0
4	4
0	4
0	0
0	20
26	24
0	1
50	2
0	2
3	1
0	3
0	49
0	38
0	49
0	3
0	28
0	28
1	5
0	0
0	5
1	5
6	0
11	35
0	35
0	35
3	7
0	19
8	1
0	13
153	43
17	104
0	104
0	4
29	10
0	5
100	24
18	7
0	7
2	5
59	0
15	14
0	13
1	4
0	5
0	1
106	0
0	50
88	8
0	8
7	0
40	25
0	12
0	19
37	0
20	0
0	0
0	0
39	94
0	31
4	0
0	57
0	65
6	65
0	36
0	11
63	1
5	0
0	6
59	20
22	73
3	15
0	15
0	15
1	15
0	1
108	8
0	43
0	32
0	192
0	79
45	79
34	112
15	101
0	101
0	107
0	120
78	107
0	0
24	87
0	26
14	71
5	28
14	28
0	7
0	7
0	0
0	0
25	12
4	18
0	15
0	9
4	0
0	0
1	10
154	0
3	3
0	3
6	8
14	8
16	47
4	8
0	7
0	11
9	11
2	28
0	172
0	173
10	215
1	144
0	64
0	21
15	74
0	21
0	63
60	10
52	10
9	10
0	10
0	0
0	0
0	85
0	71
2	85
13	76
0	74
10	85
0	85
18	79
61	21
0	4
2	23
0	4
26	23
34	4
0	0
0	0
3	0
103	300
0	0
4	19
5	0
19	1
266	300
0	69
32	155
3	12
90	87
9	86
0	3
0	3
93	8
237	34
6	39
2	1
0	221
7	101
9	120
54	0
36	45
0	45
0	50
0	0
37	2
2	50
2	123
0	101
4	4
30	97
0	33
0	27
0	20
3	0
0	13
0	71
47	75
0	13
0	12
28	2
0	2
0	38
100	112
131	0
739	65
8	65
0	16
0	16
11	43
78	57
39	70
0	72
3	70
0	71
3	64
0	29
0	30
0	1
523	327
0	381
29	30
0	30
32	0
0	87
0	89
32	144
0	74
0	129
40	73
3	241
0	5
0	2
8	0
0	239
25	62
29	66
0	68
0	24
0	20
0	2
14	2
0	7
0	2
0	0
35	7
78	35
4	0
0	35
17	30
0	20
28	6
5	20
9	12
0	20
7	1
0	1
0	0
0	0
0	13
0	2
0	10
0	1
0	8
19	111
22	4
62	30
11	11
7	11
0	0
0	9
2	0
8	0
78	17
0	12
0	3
43	12
0	90
16	70
8	41
0	54
0	10
11	9
0	9
0	64
0	3
0	57
0	15
0	14
0	2
0	15
54	82
0	22
63	26
37	26
13	2
13	26
22	14
7	14
139	38
17	9
2	7
0	37
75	6
0	6
0	89
0	89
0	11
1	0
0	2
242	4
22	4
0	68
0	67
0	30
0	12
1	7
0	0
24	0
30	3
0	3
0	16
0	40
0	25
0	34
0	34
3	1
22	4
0	14
0	38
0	8
0	66
0	66
7	0
0	0
0	3
0	7
0	49
42	4
0	44
1	44
52	55
29	6
2	11
0	30
89	35
0	35
0	71
0	71
0	5
0	18
0	18
0	18
0	0
10	10
11	10
59	165
14	28
0	28
0	21
0	136
0	115
0	4
0	129
3	65
0	15
0	65
3	52
10	62
22	31
0	33
0	31
0	35
0	53
0	59
0	8
0	11
48	64
0	63
0	21
0	27
273	169
3	8
0	8
0	8
0	27
0	51
0	69
15	11
0	16
5	27
0	30
2	11
0	3
203	52
0	3
47	49
16	12
82	252
18	17
0	8
8	0
13	0
0	52
3	7
13	547
0	550
0	0
1	6
0	5
47	14
35	30
0	30
155	47
0	131
0	13
0	5
2	34
0	152
0	13
5	5
1	0
4	7
4	0
32	1
0	47
1	35
0	6
28	231
0	42
2	129
127	3
0	106
11	0
42	5
0	27
0	6
0	0
57	22
0	5
0	62
0	4
0	1
0	1
0	4
0	6
0	32
22	24
0	18
0	40
1	9
0	4
9	24
1	1
0	12
0	2
0	196
0	196
36	68
0	47
0	42
0	3
0	17
0	0
0	0
12	0
0	0
0	0
11	4
0	4
0	29
0	29
0	29
0	24
0	23
0	0
0	0
0	0
0	28
1	25
0	28
1	5
0	0
0	2
0	2
111	1
21	0
0	0
26	110
9	103
38	7
0	49
0	47
0	46
42	62
0	62
0	0
0	7
12	0
0	11
0	7
0	0
0	4
0	25
11	4
0	8
0	8
0	3
18	0
0	3
0	0
32	123
21	82
0	11
0	15
0	7
0	0
31	78
0	4
140	0
1	14
0	14
61	64
52	69
0	22
7	11
0	11
13	25
0	7
3	20
21	23
23	10
6	11
46	14
1	5
0	0
7	5
0	3
21	0
2	25
1	22
30	16
50	0
0	44
0	30
0	8
292	0
0	50
0	40
0	17
14	14
0	0
0	0
0	10
0	10
0	0
9	22
6	0
0	10
0	6
0	20
21	28
235	104
0	29
18	59
0	29
0	53
0	6
38	150
0	59
2	8
0	35
47	98
18	0
0	23
2	12
40	44
0	24
0	8
0	1
0	1
0	1
17	11
158	61
0	61
0	0
0	31
0	31
0	18
9	15
1	1
1	8
0	0
2	1
0	5
0	5
0	8
65	106
0	35
0	0
181	111
0	43
6	3
147	55
0	27
0	3
9	10
0	0
4	16
0	10
147	31
3	12
0	10
247	9
24	28
0	46
0	46
0	12
0	28
0	5
0	2
0	2
0	0
0	0
0	0
0	0
0	0
0	26
0	28
0	64
0	64
0	59
0	59
4	29
0	46
0	20
5	40
0	9
0	4
4	0
0	53
0	53
1	14
7	6
5	0
0	126
199	125
81	30
76	17
0	4
12	4
0	9
19	62
0	57
0	57
0	75
0	103
1	27
0	27
0	131
29	63
0	116
5	28
11	8
0	0
138	0
27	47
0	53
35	0
0	9
3	36
5	60
58	16
23	3
29	0
0	21
0	21
0	21
0	21
0	21
0	21
0	7
0	0
0	0
0	62
0	62
55	0
0	33
0	35
4	35
5	35
0	21
0	4
0	12
0	1
48	32
65	0
101	18
0	33
0	3
9	47
0	47
266	209
0	121
0	42
0	112
1	41
0	10
0	35
0	76
0	11
38	23
0	12
12	130
0	231
47	28
7	90
31	0
0	0
0	62
31	62
82	77
0	31
0	16
25	16
0	15
11	30
0	30
18	1
30	3
46	3
6	3
100	1
163	17
0	11
5	0
40	6
2	4
17	4
7	20
0	20
7	0
0	2
0	0
1	3
38	0
5	0
2	0
1	0
0	0
0	0
3	0
1	0
36	90
10	1
0	80
0	47
1	25
0	53
0	4
13	19
0	111
61	68
0	7
0	8
3	8
30	0
12	0
33	37
43	10
3	6
91	82
6	33
1	17
0	1
0	3
1	0
0	3
5	0
3	0
864	191
0	212
157	23
49	129
0	20
0	44
0	9
0	44
23	101
0	101
108	6
28	8
0	8
28	1
12	4
0	1
93	7
0	1
6	4
0	4
0	22
39	60
0	3
6	22
0	22
0	16
0	0
0	1
0	0
9	0
11	51
0	5
0	0
0	0
6	0
0	0
37	9
9	12
0	0
22	35
54	20
0	0
0	20
0	0
8	0
0	13
0	43
18	31
0	2
0	31
297	72
0	9
0	30
0	41
51	12
487	63
1	0
456	22
43	41
5	52
0	5
11	0
0	5
0	5
219	38
6	0
0	10
69	271
0	13
0	79
0	89
0	91
0	57
0	55
12	0
0	12
31	0
0	7
0	4
0	0
44	10
12	53
0	32
0	33
47	52
0	1
0	50
0	0
0	20
0	20
1	15
0	12
6	99
13	17
0	111
3	25
0	9
3	1
0	11
43	19
25	19
0	0
37	20
0	8
0	20
0	0
120	29
0	8
0	21
0	0
0	0
0	129
26	78
0	63
0	39
0	20
0	48
0	21
0	22
0	12
0	10
0	0
0	18
0	33
0	24
274	16
126	0
0	52
3	10
0	0
0	6
0	6
0	10
29	53
0	53
0	10
0	4
0	0
4	0
11	23
0	0
0	25
0	88
0	126
0	97
4	28
24	24
3	70
0	56
3	86
4	0
27	11
0	86
21	30
14	13
0	4
0	4
1	0
2	13
0	17
0	17
0	2
0	0
0	4
0	12
0	12
96	94
22	4
0	5
7	29
7	5
0	29
0	18
5	4
0	4
16	78
33	49
0	32
0	13
44	0
47	7
0	7
0	0
0	0
60	65
0	57
0	57
59	63
0	43
0	78
0	64
0	19
198	38
132	16
2	5
10	6
3	0
0	2
12	15
0	15
10	18
0	14
0	4
0	4
0	2
29	8
0	8
3	7
67	13
0	13
0	5
0	5
0	7
0	51
6	5
51	27
0	25
0	12
0	51
127	32
0	0
3	0
6	9
14	118
0	118
0	6
0	18
0	22
0	17
0	13
25	22
0	1
0	0
0	1
0	1
1	1
0	9
0	1
8	0
26	2
0	7
3	9
0	1
0	93
0	70
0	0
0	93
38	1
0	13
302	69
21	8
23	45
18	0
0	0
0	1
0	1
11	1
7	0
13	1
21	5
17	29
0	29
8	26
0	22
1	9
22	0
13	0
0	9
0	4
8	4
12	68
0	75
25	173
0	66
0	5
0	63
0	53
0	36
0	0
2	0
0	0
1	0
4	2
66	119
0	68
0	68
238	89
0	70
0	0
0	5
0	4
25	17
0	62
0	20
8	13
25	7
13	7
0	1
0	8
0	23
0	10
12	23
0	10
25	2
18	31
44	32
0	0
0	9
63	125
9	88
0	3
0	8
0	83
106	47
0	39
0	5
0	15
0	21
2	35
2	110
29	102
21	0
51	1
91	4
73	0
39	2
13	12
37	0
37	137
48	137
0	97
0	97
6	63
8	10
27	11
19	22
0	4
40	21
22	21
10	19
0	17
0	19
10	19
1	19
1	18
0	18
27	0
0	0
2	0
79	44
0	25
0	37
0	24
0	14
30	0
0	8
1	2
0	10
42	18
67	27
0	8
0	0
0	0
2	0
4	5
0	0
0	0
0	0
47	25
19	18
0	4
0	4
0	0
10	0
0	0
0	7
97	7
0	6
0	1
1	196
0	332
57	150
41	148
0	40
0	151
4	14
212	57
0	57
170	61
0	35
0	35
0	47
0	33
12	4
0	47
6	4
0	33
0	33
3	4
0	4
0	4
0	30
6	4
0	25
6	39
0	32
0	39
0	29
115	0
12	0
33	0
0	6
22	37
0	1
0	30
0	6
0	0
1	7
0	20
9	0
6	15
4	16
0	7
9	50
3	23
0	41
0	30
7	15
3	4
13	9
26	0
18	45
0	27
0	10
0	0
0	0
1	22
0	17
0	17
35	32
0	17
0	17
0	17
0	17
0	17
21	9
0	11
0	0
0	1
0	1
0	18
0	2
8	7
0	10
56	0
2	0
0	42
8	89
0	91
0	46
0	22
0	30
2	16
0	9
224	83
55	35
0	83
24	105
10	64
0	15
0	64
0	38
7	0
0	4
150	0
23	0
6	0
0	0
0	0
0	12
0	12
0	12
0	1
3	3
0	12
16	20
6	21
22	3
2	21
7	0
18	72
0	72
10	5
45	4
4	3
4	0
18	0
0	2
165	8
0	8
0	0
151	37
148	0
33	0
0	0
10	51
1	0
8	67
0	21
0	35
0	0
0	79
0	79
0	12
9	1
4	0
77	3
0	3
3	0
0	0
0	241
0	237
15	244
0	39
0	27
0	2
0	16
0	10
9	7
0	0
2	2
0	2
0	1
0	0
17	55
0	94
1	82
5	4
59	14
0	2
0	6
0	6
2	5
267	29
1	10
7	5
0	15
8	5
0	12
0	12
0	6
0	3
125	77
12	15
0	9
0	2
0	0
0	106
0	79
28	16
0	49
69	16
0	1
0	17
0	3
0	0
0	10
0	117
1	117
0	127
49	76
42	7
90	59
0	24
8	0
28	30
88	90
0	42
0	72
0	40
0	40
0	36
0	21
3	0
11	17
0	0
0	172
0	172
97	0
34	0
15	79
11	1
0	0
24	78
0	59
0	6
12	9
1	12
11	54
28	50
0	3
107	20
7	6
0	9
14	3
16	112
0	100
29	0
0	3
24	118
0	4
3	2
15	0
4	5
29	12
0	12
0	8
0	0
4	12
17	26
0	22
0	22
0	22
0	22
0	22
0	22
7	0
0	4
7	1
56	0
29	45
23	23
135	86
3	70
0	5
4	0
49	66
0	47
2	17
0	4
0	4
26	38
0	46
0	0
748	1668
4	48
0	0
0	48
0	0
1	0
0	53
0	0
1	0
13	64
0	26
0	6
0	5
5	0
68	4
0	3
2	0
29	0
45	0
0	0
0	0
0	0
13	26
0	26
0	20
0	20
9	0
0	0
0	14
6	0
55	4
0	47
15	47
0	0
69	187
0	111
8	187
29	28
39	19
0	28
3	20
1	3
11	0
0	3
0	15
40	115
15	12
22	0
31	18
0	18
208	0
0	11
0	34
0	2
0	2
4	2
0	2
0	34
16	33
0	22
4	29
0	4
0	6
7	7
0	114
0	4
0	2
0	2
4	1
2	5
6	5
0	5
0	71
0	114
4	22
7	22
36	217
0	88
17	43
25	0
0	88
0	2
0	2
1	69
0	42
0	55
0	73
7	81
0	81
0	3
0	65
2	54
0	16
0	15
0	15
0	2
0	0
0	12
0	1
0	0
5	3
0	6
10	6
26	10
0	10
0	14
0	0
0	14
0	0
0	14
0	7
0	7
0	0
0	0
87	0
46	3
8	18
0	18
0	24
17	36
2	19
0	8
30	22
2	16
0	2
55	31
0	31
11	0
0	6
10	0
91	72
29	121
0	16
0	24
2	16
35	35
32	48
0	168
0	6
0	120
0	33
0	5
0	33
7	20
0	5
0	5
6	20
1	0
0	33
8	0
34	4
0	7
0	44
0	0
0	2
8	336
13	0
43	59
0	59
27	13
5	32
17	5
0	19
0	1
51	0
1	42
0	42
1	14
0	14
0	8
0	11
0	0
7	0
89	66
6	55
0	0
0	0
42	0
24	57
0	57
0	25
10	0
0	6
0	25
1	11
0	8
7	0
0	5
25	0
0	29
52	70
2	62
0	31
96	12
0	0
0	66
22	165
4	99
0	147
6	56
0	66
0	85
60	117
8	14
0	14
0	67
0	9
25	12
0	12
0	8
0	22
15	0
6	6
0	23
0	15
0	22
13	31
54	9
2	9
0	4
0	22
3	7
0	67
7	62
0	4
0	9
15	39
0	39
1	6
0	4
0	9
0	15
0	12
1	7
0	12
1	99
0	69
0	75
9	150
0	65
0	79
8	0
0	58
29	111
0	39
17	29
0	111
0	106
0	179
0	22
118	28
0	16
0	12
28	40
16	24
0	46
0	46
21	77
13	77
0	11
0	0
883	114
0	61
164	59
0	47
0	45
0	60
0	45
0	45
9	52
0	25
0	19
0	18
0	8
0	1
0	1
26	0
13	12
2	12
1	4
0	2
0	0
5	0
0	0
0	0
14	12
0	12
0	12
31	6
0	0
0	0
0	0
0	0
12	96
0	54
0	54
0	42
51	11
0	45
0	45
25	11
0	73
8	53
0	16
0	50
43	6
0	9
0	6
0	22
0	18
3	6
1	3
61	0
5	5
6	0
0	2
11	1
0	2
0	3
0	3
0	3
0	3
0	1
3	10
7	15
8	15
9	94
2	94
0	25
0	30
0	30
16	29
0	29
0	15
0	16
1	16
0	16
31	4
77	74
20	40
0	69
15	69
0	69
0	7
7	7
0	54
0	233
0	233
0	233
38	0
0	26
85	45
0	0
3	1
5	41
5	40
0	26
18	12
11	0
0	0
0	23
0	46
0	14
0	2
0	25
0	0
0	1
5	1
20	13
0	19
0	8
40	31
15	31
0	5
0	13
0	24
0	33
0	5
0	4
2	33
0	18
30	0
0	6
0	6
198	455
133	450
0	6
0	18
43	83
0	78
0	78
20	21
0	18
5	0
6	3
141	120
38	91
8	0
1	4
65	33
8	5
96	28
14	5
7	146
2	14
0	14
0	2
18	0
0	1
0	0
0	1
78	235
28	19
15	0
2	96
7	40
14	0
0	0
0	12
0	12
0	12
0	1
12	0
5	1
46	20
0	0
218	0
0	0
3	9
77	9
0	9
0	0
0	0
0	2
0	3
33	17
36	25
0	10
0	0
159	66
0	38
0	0
14	21
0	21
0	60
1	54
0	27
2	10
82	20
3	20
0	0
27	91
70	91
0	58
0	62
10	0
9	0
28	168
0	171
17	42
0	37
0	51
0	54
0	46
0	17
4	0
0	33
0	3
4	0
0	33
11	0
21	32
0	0
0	0
0	1
40	0
404	240
80	0
34	24
44	10
25	24
0	14
14	1
7	0
0	18
0	18
0	18
0	11
47	180
0	22
0	157
0	175
0	23
0	12
0	12
0	0
0	22
95	0
0	51
10	51
0	8
0	8
6	80
12	80
8	46
19	53
211	60
30	10
45	66
0	45
11	8
6	14
23	2
0	1
0	0
0	2
0	127
0	127
0	130
0	130
0	130
0	71
80	17
1	28
0	28
0	127
24	7
9	0
13	41
18	18
2	1
1	20
1	21
1	11
0	10
0	2
0	11
0	2
0	2
0	2
0	0
0	8
0	8
109	234
0	234
39	159
0	0
0	19
0	94
0	46
5	7
95	10
0	10
45	2
0	2
0	0
1	59
20	34
29	2
0	25
52	25
0	1
0	1
28	59
18	59
1	0
1	0
0	2
0	51
0	3
0	29
2	3
0	1
0	4
0	182
0	21
69	221
1	152
0	81
0	13
0	83
0	68
0	44
0	58
8	38
0	64
0	36
0	38
0	36
0	7
0	29
0	0
0	0
0	37
0	1
0	10
22	7
1	36
0	12
0	12
0	11
3	3
0	6
2	3
0	119
0	119
0	9
69	469
1	370
2	370
0	419
0	469
0	469
0	469
0	370
100	355
0	34
0	1
0	0
83	0
0	0
11	8
0	0
7	12
0	2
18	0
1	2
2	2
9	0
0	23
1	11
165	11
0	58
14	58
0	43
0	46
0	43
0	3
0	5
66	52
28	31
1	0
0	0
21	18
0	1
31	45
11	128
8	72
0	127
7	34
13	1
29	72
21	190
6	190
79	0
0	210
0	202
50	264
18	20
19	10
3	89
0	210
0	97
0	83
18	33
26	32
48	190
0	0
24	10
36	0
0	37
7	37
1	116
38	118
0	147
0	68
0	1
7	5
14	119
0	32
155	380
0	357
0	2
17	380
0	197
27	65
0	197
0	28
20	11
0	139
0	0
0	0
4	0
2	164
28	40
10	39
0	40
0	16
0	9
0	16
0	57
51	4
0	4
158	0
0	204
27	256
73	59
0	0
0	4
0	18
0	30
0	9
0	9
0	8
0	0
0	39
0	39
192	27
0	0
31	0
32	30
7	9
0	0
0	72
0	8
0	0
16	72
0	0
0	23
0	23
0	7
0	0
0	7
32	3
0	3
3	8
21	41
0	3
0	5
0	24
98	277
0	0
0	136
81	277
14	27
9	8
2	3
11	15
34	8
0	2
0	2
0	6
0	1
0	6
0	3
3	13
0	13
0	13
0	6
0	1
11	8
0	8
0	7
0	7
8	129
62	234
0	0
18	33
0	33
0	111
0	3
7	3
0	0
9	111
199	76
0	76
43	0
1	0
36	2
0	0
0	1
53	14
0	185
0	185
51	249
53	64
5	0
0	2
0	102
6	9
0	1
0	32
23	29
5	37
38	37
0	11
3	11
9	11
11	138
0	33
180	81
0	91
5	27
48	91
34	204
9	11
2	64
0	59
36	19
1	0
0	64
16	7
28	34
0	30
0	25
25	29
15	12
5	3
0	1
60	0
0	4
0	10
0	14
1	14
0	17
0	17
0	13
16	10
68	7
0	7
0	59
9	4
0	151
71	94
0	0
0	59
40	6
0	87
0	0
0	2
75	89
0	0
3	3
4	3
12	0
0	26
0	68
0	77
15	77
0	10
0	5
5	5
0	42
13	34
0	13
44	36
9	21
0	16
0	0
0	178
4	178
0	178
0	177
17	5
0	39
0	44
0	40
0	42
54	2
10	2
0	44
0	5
12	5
0	4
21	5
0	5
43	0
0	0
10	37
0	34
9	45
0	56
0	67
5	12
68	20
5	0
4	2
0	50
0	48
0	48
2	4
84	10
148	0
0	0
0	0
1	180
2	192
0	3
21	39
0	39
11	13
1	12
30	10
0	10
0	10
0	0
17	10
0	10
0	4
0	0
6	0
10	35
0	288
0	288
0	35
0	15
0	15
34	34
7	0
4	37
0	76
130	331
15	0
0	73
0	13
0	9
0	11
1	14
0	294
4	0
6	37
80	8
75	142
14	53
3	21
0	19
0	24
6	7
0	15
6	17
6	0
39	11
8	5
0	23
4	24
172	15
1	15
2	90
0	101
218	62
0	29
0	3
0	10
0	3
58	12
139	1
0	5
0	66
2	68
38	2
0	64
3	1
0	0
0	12
3	18
0	67
6	12
0	4
14	4
0	4
0	63
0	0
6	5
2	120
0	6
34	4
3	77
0	76
281	0
13	0
0	0
0	0
0	0
0	172
0	172
0	164
100	195
0	185
0	135
0	127
8	7
0	2
0	0
0	104
6	113
25	68
0	50
6	68
0	8
25	0
75	1
310	24
0	7
0	7
4	8
0	7
0	7
0	17
0	7
0	10
0	0
2	0
0	1
0	1
0	0
0	223
0	223
0	223
0	223
57	129
1	277
18	135
56	0
11	0
12	158
0	92
0	92
0	64
0	60
0	53
0	38
0	104
30	0
1	0
93	23
32	0
0	197
0	74
0	67
31	84
2	5
0	197
0	3
0	37
0	37
46	159
7	152
1	159
0	9
0	22
0	33
23	19
37	33
68	0
0	105
6	64
0	85
4	8
3	22
0	7
0	21
0	7
0	7
28	15
0	15
12	15
0	15
0	12
4	0
63	15
9	21
1	19
68	13
0	17
0	13
0	17
28	16
0	16
9	2
54	7
2	14
0	10
256	311
0	17
0	32
0	32
48	0
80	0
124	58
0	53
0	54
0	34
0	34
0	1
0	0
4	0
109	456
56	11
0	11
0	7
0	1
125	281
283	280
0	1
0	11
3	0
0	1
0	10
219	55
0	52
0	94
5	147
0	16
23	104
0	64
50	16
0	62
9	189
19	421
0	266
0	15
0	7
0	109
0	4
0	0
0	4
0	8
0	6
0	6
6	16
20	14
0	17
0	15
0	9
2	7
0	4
0	1
0	11
0	27
22	0
7	0
0	0
2	0
126	24
3	9
0	9
3	3
7	13
12	13
1	20
0	23
0	10
7	20
0	6
0	12
0	15
17	0
0	0
22	16
0	58
0	58
0	10
7	52
5	0
40	83
75	24
4	80
0	101
0	101
0	101
0	134
1	4
25	8
0	2
0	54
9	36
0	0
0	16
23	49
5	63
0	18
0	57
0	14
0	52
0	45
0	0
11	0
0	38
0	5
0	15
0	0
0	1
0	109
0	117
0	32
45	120
2	32
0	51
0	47
27	0
0	7
15	19
1	0
8	23
19	30
71	85
21	34
8	34
1	1
0	14
0	14
21	36
0	30
0	3
23	3
0	0
0	0
0	3
0	0
3	0
0	3
6	12
0	10
17	28
0	28
1	49
0	49
40	0
0	5
6	5
6	4
15	22
0	1
0	7
0	38
0	1
21	39
0	39
4	235
35	119
127	146
0	47
35	100
4	85
4	80
13	22
0	4
0	6
0	11
44	58
1	13
0	36
17	44
0	44
18	0
72	148
0	89
2	5
27	50
0	18
0	7
0	9
0	9
0	11
0	7
0	9
0	9
0	9
0	8
0	9
0	1
0	0
0	1
0	7
11	1
0	2
0	0
0	0
13	20
0	59
15	76
0	4
2	5
11	0
4	56
26	0
107	0
88	0
27	0
1	46
0	41
9	113
0	29
20	45
0	22
0	31
0	14
0	7
0	14
0	7
0	7
0	7
0	57
34	21
13	266
0	0
155	316
315	1
49	181
84	437
0	260
0	87
0	4
83	0
0	22
23	7
0	5
0	2
8	0
4	15
0	15
0	3
0	0
9	3
0	3
0	0
0	1
0	2
0	0
9	17
0	17
0	12
0	12
31	0
0	29
0	33
15	33
3	89
0	13
0	16
5	4
0	15
0	14
0	12
2	0
5	50
0	9
51	54
0	19
0	13
31	9
0	0
0	3
70	0
3	0
37	22
0	22
95	67
0	25
0	8
0	0
29	82
0	82
6	82
0	92
0	22
3	92
5	0
26	22
0	11
0	7
0	7
5	3
0	2
0	4
29	24
4	26
0	0
0	2
16	0
24	37
9	37
0	22
0	19
15	21
10	0
6	32
1	62
0	62
54	62
0	51
127	130
0	51
49	46
0	27
0	11
318	25
0	3
728	397
0	199
41	117
7	59
12	34
63	0
0	1
0	0
141	140
0	42
13	17
29	0
5	33
9	56
0	1
62	9
41	48
0	239
0	146
0	240
12	17
77	30
78	8
0	22
0	4
0	15
0	115
0	5
0	239
51	20
0	93
4	93
0	55
0	0
0	0
0	7
0	7
16	7
17	0
0	0
0	0
88	162
76	7
13	218
0	212
2	0
1184	96
14	125
8	63
19	75
0	53
0	18
10	18
0	6
8	6
29	20
52	48
0	7
0	11
35	7
28	7
4	0
0	0
0	0
37	0
0	0
26	134
0	0
0	134
102	61
7	6
9	134
0	36
0	0
0	0
7	111
39	0
0	179
235	85
35	61
2	0
0	66
79	63
43	87
0	118
86	0
7	0
0	0
50	31
6	25
0	0
14	6
0	54
0	83
0	122
0	127
17	18
35	59
0	18
42	133
23	97
0	61
0	39
3	36
13	73
2	73
15	32
0	42
0	1
0	1
0	1
0	1
26	56
0	27
0	27
0	32
0	0
0	1
3	0
4	0
8	0
0	0
0	12
0	28
0	0
0	1
13	16
4	24
0	24
15	24
1	1
30	0
163	6
0	6
0	120
0	62
0	7
0	6
0	10
0	17
0	0
0	0
0	6
0	6
0	6
1	58
2	1
0	6
3	73
21	96
39	105
13	30
62	25
23	38
0	28
0	26
0	8
0	8
2	2
27	15
0	15
1	0
8	6
11	10
0	95
0	92
0	92
18	2
0	16
1	0
6	16
131	0
0	40
5	40
0	5
1	1
3	2
0	1
1	0
0	7
0	2
0	2
3	7
4	3
0	3
6	3
0	5
0	5
0	2
0	2
0	11
0	1
0	11
0	10
0	0
1	10
18	230
0	220
1	7
0	131
24	8
0	0
99	209
0	124
0	10
18	12
0	102
0	90
0	73
0	85
0	2
27	2
0	1
0	1
0	1
6	0
0	1
5	248
5	0
11	0
0	2
0	2
13	1
94	146
0	169
0	23
0	23
0	16
0	127
29	128
0	6
6	0
0	0
0	0
0	1
5	15
0	15
6	2
60	0
0	0
241	16
0	18
16	18
24	17
9	0
0	16
0	13
0	8
0	13
92	0
13	47
0	27
13	27
243	349
0	349
15	6
0	7
0	0
0	39
26	11
0	4
8	11
0	11
1	0
4	42
0	35
70	11
0	0
0	9
0	0
6	82
0	217
106	88
0	62
0	49
104	255
0	219
0	27
10	32
76	147
26	10
0	4
268	80
3	56
0	32
13	0
109	0
22	0
0	0
44	0
0	68
0	75
0	35
0	13
84	357
64	20
32	0
0	40
36	40
1	0
28	1
363	269
0	19
10	74
0	64
14	22
0	49
26	11
24	9
0	16
0	16
2	0
0	13
18	0
0	13
26	36
25	20
0	16
0	13
40	42
12	154
9	180
10	149
0	111
0	4
43	21
4	22
5	6
0	9
0	3
78	2
37	0
0	2
5	0
0	0
0	0
32	80
0	30
8	50
52	13
2	6
0	47
2	10
0	4
37	16
0	69
0	69
0	69
36	0
0	41
0	269
0	99
14	5
0	18
0	241
4	25
2	1
63	25
0	13
42	18
193	548
0	5
9	5
1	5
0	8
625	0
0	16
20	16
0	5
0	0
14	0
173	57
9	43
83	41
0	87
0	82
0	86
1	43
0	33
0	58
2	15
0	10
0	5
0	7
1	2
5	0
0	43
0	43
0	65
47	3
29	10
0	0
0	0
0	2
34	2
13	2
0	10
0	1
16	16
3	9
7	40
0	36
0	16
4	29
0	20
4	14
0	14
0	70
4	0
3	45
22	241
0	51
0	226
0	0
3	0
0	34
0	34
0	34
0	22
0	8
88	0
0	8
0	8
10	8
30	3
0	3
4	3
28	27
0	27
0	17
0	42
7	42
0	42
110	0
22	39
0	15
51	116
0	10
0	13
0	6
0	6
88	437
25	31
30	4
7	9
0	7
3	13
326	71
26	21
0	10
0	10
0	10
0	6
50	25
0	16
0	30
0	3
0	3
0	3
0	30
0	3
0	0
1	0
0	0
0	0
12	0
47	0
0	12
0	9
0	0
0	43
26	177
0	15
1	48
0	42
31	48
7	30
15	28
14	36
0	23
8	33
0	30
8	30
0	41
0	16
0	16
0	11
5	22
0	14
0	3
0	4
2	3
9	0
137	0
124	0
62	0
125	0
0	94
85	4
10	4
85	0
82	12
8	44
0	44
0	44
0	44
15	8
15	7
3	3
0	105
27	56
0	42
0	41
47	68
106	39
0	39
73	0
40	11
189	5
1	50
4	128
0	12
15	10
31	2
27	84
0	143
0	143
27	61
3	17
12	14
4	0
3	8
4	1
0	55
16	12
14	0
0	55
0	23
0	63
0	1
0	13
0	63
1	0
0	0
41	0
0	62
0	62
0	61
0	15
0	15
0	37
0	33
4	19
0	16
29	16
0	16
2	4
2	12
89	125
0	76
0	58
0	40
71	21
0	7
0	18
0	27
0	10
0	4
0	21
0	17
0	18
131	247
8	247
0	70
0	73
114	19
9	33
8	42
0	18
0	11
66	35
0	0
0	18
0	107
0	106
8	75
0	15
4	15
148	197
21	185
1	174
0	80
0	76
27	2
0	67
5	148
0	27
0	67
197	255
0	136
18	119
26	5
0	1
5	4
0	4
39	35
24	7
0	15
0	10
0	18
0	13
0	64
5	13
15	64
29	1
5	35
0	0
0	63
0	63
0	0
0	0
0	67
0	35
1	35
0	45
54	67
0	30
0	26
0	30
0	35
0	44
0	11
0	13
0	15
0	20
0	30
0	11
0	28
6	20
4	0
0	11
0	2
30	45
10	94
0	111
0	27
0	8
0	8
25	4
0	3
37	3
34	63
0	24
0	5
2	24
0	24
7	8
0	8
60	15
3	20
0	4
0	11
0	0
0	7
0	21
0	1
29	1
6	19
0	19
67	34
0	22
16	0
0	16
57	74
133	74
1	63
52	62
13	16
15	35
0	35
92	0
4	15
27	11
0	8
13	5
91	22
0	0
0	0
9	0
0	0
0	22
0	98
0	98
0	60
0	24
5	4
0	20
0	6
0	6
340	118
0	66
0	38
31	11
0	75
2	83
11	7
1	7
0	3
51	0
8	0
0	76
1	76
0	96
22	96
0	0
41	63
0	13
0	12
0	12
15	751
0	569
0	31
0	45
0	97
8	23
9	5
7	14
9	0
0	0
0	0
0	104
0	37
20	66
0	113
0	118
0	29
55	38
18	5
11	1
0	21
4	118
0	106
0	106
6	13
0	47
0	12
0	0
0	46
0	13
0	4
0	0
0	18
0	16
0	2
2	2
0	1
0	0
0	0
0	1
0	1
1	13
0	13
81	13
87	11
82	73
68	76
20	76
359	97
0	3
0	0
135	20
0	20
53	300
4	300
70	3
4	0
0	1
0	1
0	0
0	2
0	75
0	73
0	21
0	46
0	82
55	0
9	2
0	27
6	27
71	26
75	26
0	10
0	10
23	45
0	45
0	8
1	65
1	21
0	10
0	11
5	3
0	60
77	0
38	124
9	212
3	70
59	26
1	26
0	5
6	0
0	93
31	1
1	1
0	8
0	8
2	0
0	92
91	92
1	9
4	5
3	33
0	87
0	99
0	39
0	104
0	226
1	94
0	53
0	53
0	53
0	0
0	0
0	4
0	0
0	3
1	3
0	60
21	85
1	85
11	21
25	124
1	127
0	123
3	118
0	123
23	59
0	6
0	11
0	0
0	0
39	0
8	0
83	132
1	143
0	143
163	66
0	0
0	66
23	0
63	0
259	2
89	5
191	0
34	58
13	57
0	63
0	64
0	63
0	49
0	0
13	67
0	55
0	67
0	50
0	50
2	0
70	0
0	0
77	19
108	54
18	54
4	0
86	326
0	470
0	304
22	83
0	75
0	7
0	1
0	0
0	18
0	30
0	30
0	18
0	12
14	6
2	0
4	0
2	6
8	0
5	46
0	46
43	0
134	26
6	6
91	0
45	3
0	3
32	25
58	11
0	13
20	6
0	4
0	6
14	0
0	19
0	7
105	24
0	84
0	1
0	84
0	8
60	3
75	0
8	45
0	45
23	18
16	18
0	18
0	6
0	6
0	7
0	19
0	19
6	2
0	2
7	2
0	0
0	2
0	2
0	2
0	0
0	0
0	0
0	4
1	4
0	16
0	16
32	13
1	3
6	10
0	2
9	23
37	73
18	0
105	0
55	0
54	0
0	25
0	29
0	0
0	14
0	10
0	10
4	0
34	0
0	66
0	4
4	141
0	67
3	135
0	272
0	272
85	143
0	0
7	4
0	12
0	16
0	14
0	17
2	124
3	24
0	25
16	15
0	5
0	5
31	17
0	5
14	12
36	0
0	18
0	62
40	62
0	56
31	56
15	18
0	29
23	4
15	2
0	0
94	42
54	9
0	31
0	20
0	27
2	223
38	91
29	62
10	62
0	51
5	30
0	13
2	0
4	1
0	12
7	2
83	143
102	0
0	48
35	48
33	0
15	60
18	52
42	11
16	4
23	34
45	11
0	2
0	1
0	0
49	4
0	74
0	74
0	74
0	0
0	3
0	77
0	0
1	0
1	0
0	0
9	0
21	20
0	13
0	1
0	2
0	2
5	9
0	0
0	9
2	0
0	7
0	1
0	20
0	16
0	14
5	5
0	5
0	20
0	232
0	110
34	87
82	80
0	87
7	80
0	75
21	65
0	63
57	63
0	13
0	5
49	942
0	5
0	5
13	0
0	37
0	8
0	8
34	298
51	327
0	58
38	25
0	0
0	13
0	0
44	69
27	19
1	19
51	0
5	20
0	20
0	20
63	108
11	46
7	0
0	1
6	4
69	145
33	0
0	35
12	93
587	1802
0	31
14	68
120	130
0	25
52	78
0	67
133	76
95	72
4	81
0	82
18	82
0	21
0	76
0	10
0	14
0	7
0	7
0	12
5	52
0	12
0	11
0	15
1	7
20	15
0	1
4	1
0	8
5	2
12	2
0	0
1	90
112	264
11	174
0	4
0	4
28	8
0	16
1	56
0	127
0	17
0	127
11	20
55	139
5	139
16	35
22	0
190	663
38	5
0	5
69	0
0	51
0	104
0	101
0	6
0	11
0	6
0	11
50	5
8	3
15	24
0	5
0	51
0	14
0	18
0	18
0	18
0	29
0	2
0	18
0	19
2	3
0	3
0	3
0	13
4	0
0	24
22	3
0	78
0	79
0	15
20	17
8	68
0	10
3	10
1	40
0	18
0	4
0	28
0	19
0	7
5	0
0	20
0	20
0	0
0	17
0	85
11	85
14	72
6	1
0	8
0	8
0	8
2	8
5	26
0	23
0	15
0	8
64	9
19	2
0	21
0	19
23	8
0	0
0	4
0	0
0	58
0	123
0	84
0	10
0	39
0	63
0	55
0	74
0	72
0	63
0	8
13	5
0	68
49	16
0	16
0	63
0	16
77	32
3	16
0	4
0	0
11	0
0	16
0	2
61	41
0	4
46	4
0	0
0	1
0	4
0	17
2	33
0	33
0	33
71	247
0	218
0	19
0	200
0	5
0	193
10	189
0	210
1	201
46	168
47	169
0	33
31	33
10	34
0	26
13	35
1	0
0	7
254	0
0	1
74	26
0	1
0	4
61	11
33	0
6	1
1	0
9	6
6	0
16	6
0	279
6	279
0	44
0	7
0	7
4	0
1	0
2	2
7	11
0	6
8	9
0	2
0	0
168	0
0	103
0	25
0	42
11	99
0	1
6	10
3	4
0	4
0	13
0	12
0	7
0	0
4	0
7	0
0	0
0	2
103	0
48	31
33	15
7	11
5	0
0	3
19	3
8	2
0	7
0	1
0	5
9	8
51	8
14	0
109	129
0	115
7	0
0	0
0	56
3	9
0	9
0	5
0	5
0	5
0	57
0	0
89	13
112	280
0	192
62	196
173	20
6	15
0	11
0	6
58	4
42	40
0	29
53	17
0	17
7	19
0	19
15	85
42	85
6	0
0	85
2	143
10	143
0	23
0	5
0	4
6	41
0	26
0	13
5	4
0	8
0	0
7	0
4	0
0	15
4	172
0	125
0	34
4	5
0	155
52	16
18	79
7	86
0	120
0	120
0	10
243	12
3	12
9	0
51	236
0	139
0	170
0	60
53	35
0	0
0	23
9	23
9	2
51	68
0	66
0	39
0	39
0	18
0	15
127	81
0	40
4	26
0	82
33	126
0	64
0	44
0	121
0	121
27	12
0	14
44	65
0	19
0	21
1	92
0	25
0	12
0	13
8	0
5	22
8	10
0	55
391	100
0	100
27	29
0	23
24	18
0	104
89	19
32	18
29	172
0	172
0	9
6	7
1	10
0	10
57	73
5	19
0	28
0	0
0	0
0	9
0	9
11	9
86	116
17	133
0	51
10	19
0	19
4	5
0	32
0	32
0	5
44	70
0	5
0	60
54	0
0	0
0	58
26	0
23	58
1	10
0	1
11	0
0	0
0	0
0	13
70	8
0	8
128	39
36	39
0	1
0	0
0	0
12	101
7	101
0	101
109	180
0	104
0	93
0	51
0	7
0	38
0	74
0	76
0	72
0	6
40	39
45	9
0	0
0	9
34	9
37	0
65	100
0	0
78	91
0	0
0	0
10	61
56	46
0	19
6	11
0	0
7	2
13	23
9	10
0	94
0	94
13	0
101	142
89	0
0	6
0	6
71	245
0	6
1	3
177	41
0	2
0	13
0	20
0	4
108	26
18	50
0	0
11	0
92	53
95	66
7	0
4	0
1	0
6	6
0	6
102	56
0	60
0	36
0	18
0	29
93	13
0	22
16	14
1	35
0	40
119	194
0	30
0	12
5	8
0	13
0	5
2	0
1	20
0	11
3	120
4	120
0	2
0	2
10	84
0	70
1	79
0	22
4	25
86	34
7	16
0	14
1	14
5	8
0	1
5	14
0	0
13	0
3	12
0	12
0	0
3	22
0	22
56	21
0	31
2	0
0	22
0	12
0	49
13	55
0	49
0	28
2	0
93	5
5	115
0	38
0	32
72	0
22	5
0	101
0	0
0	226
61	241
0	111
57	72
22	7
0	7
0	2
0	2
0	2
17	0
2	29
0	16
0	0
0	0
0	29
93	87
17	44
0	23
10	14
86	13
38	73
0	6
0	0
19	73
0	0
0	1
38	70
36	9
50	28
0	0
0	24
0	9
0	9
19	0
14	99
0	0
0	10
0	11
44	7
0	68
0	45
0	28
3	58
192	21
0	55
0	63
0	20
0	0
3	0
16	91
39	0
0	17
0	17
4	0
4	52
72	52
19	7
8	21
0	21
0	21
11	2
0	1
0	3
25	138
0	20
17	28
0	33
0	142
7	14
2	9
0	13
0	9
0	9
0	8
2	14
15	0
3	0
2	19
0	19
0	24
206	39
32	61
1	75
0	29
12	0
105	111
2	111
0	0
1	57
122	61
7	56
0	42
8	29
9	17
0	13
1	10
8	7
0	7
50	0
0	0
0	0
0	20
20	20
50	174
0	174
1	25
0	1
25	94
0	84
0	16
100	126
0	126
1	3
0	41
3	0
6	21
0	21
0	0
0	0
32	6
284	121
7	33
0	27
0	20
0	20
7	24
0	13
0	8
0	0
0	5
0	0
0	0
0	37
2	37
0	1
0	17
10	0
42	7
0	3
16	28
50	28
50	20
27	20
5	27
495	82
0	6
8	5
0	6
0	74
6	0
3	81
16	4
0	8
3	48
21	48
14	2
0	8
0	10
0	8
0	10
10	35
6	9
6	36
0	70
0	6
0	30
6	22
6	1
0	12
2	10
0	1
0	1
0	4
0	0
3	0
0	70
1	56
0	52
64	25
31	16
57	50
0	47
0	26
0	24
0	17
0	3
1	49
94	71
0	44
4	0
34	0
76	30
0	27
27	12
0	67
2	11
0	11
0	30
0	0
2	37
0	12
78	71
0	23
0	6
0	6
0	13
17	3
0	33
0	10
8	10
0	10
37	103
0	11
0	86
4	1
6	65
32	9
0	5
12	94
22	64
0	51
0	69
2	6
0	18
1	14
0	14
0	12
0	10
0	9
0	0
1	0
0	199
0	199
0	199
0	4
47	0
23	36
11	22
0	50
0	36
0	8
0	20
10	15
25	290
0	27
0	9
10	318
0	50
0	32
0	0
275	5
0	0
0	0
0	0
0	0
0	0
0	0
0	0
0	0
0	1
2	1
2	0
0	0
25	50
0	13
0	44
0	11
0	19
46	0
85	67
45	0
0	16
5	16
18	22
5	0
9	18
0	11
0	5
2	13
0	0
9	0
0	6
8	16
0	16
0	59
0	59
0	59
0	11
21	27
0	0
0	11
0	11
0	11
1	22
0	22
2	0
0	22
0	22
0	13
0	34
1	34
0	2
0	2
0	2
8	56
0	56
0	33
15	1
5	5
0	0
24	4
0	0
4	0
0	7
0	1
0	14
0	14
33	0
0	13
36	7
58	0
22	85
6	0
154	72
0	72
0	6
5	1
0	0
0	3
19	0
0	81
53	6
6	7
75	0
0	55
0	55
0	55
0	53
0	54
32	11
106	0
56	0
0	38
1	28
0	28
25	38
0	11
29	24
13	0
71	16
3	5
0	0
40	91
51	14
85	19
0	6
1	86
1	86
1	4
3	5
0	19
0	1
0	46
0	46
0	20
1	19
8	197
29	65
39	0
9	0
4	0
43	0
0	104
79	21
3	21
0	10
1	10
10	12
5	15
0	9
0	3
0	16
0	15
0	15
37	24
4	60
8	60
1	11
0	27
24	15
0	26
0	24
0	26
0	0
4	0
0	0
0	5
7	13
0	9
0	62
0	30
0	68
14	54
8	14
4	231
0	24
0	17
0	12
39	21
0	231
4	0
0	32
0	1
8	32
2	0
5	32
0	1
8	12
60	66
0	92
0	78
0	40
0	75
0	56
7	0
111	4
0	12
39	58
7	6
103	61
0	46
0	13
8	52
14	125
0	15
0	0
0	0
0	15
0	0
58	39
0	33
0	23
0	23
33	14
15	35
0	0
0	0
17	0
0	0
74	29
16	29
3	0
11	0
4	7
6	0
47	15
6	2
0	2
4	87
0	97
6	76
0	44
29	125
0	4
9	101
0	103
11	9
10	75
1	66
0	66
0	7
0	7
124	6
15	0
40	12
0	1
0	12
0	0
2	3
11	27
13	26
0	1
0	0
0	0
0	0
0	8
0	13
64	18
1	47
27	0
0	69
0	57
0	65
24	65
36	35
0	54
0	1
0	49
0	43
5	9
0	8
7	283
0	29
0	18
239	170
0	60
0	0
0	59
0	1
0	15
6	6
0	11
0	22
0	0
0	41
21	12
1	2
3	20
5	19
3	55
0	69
196	1
0	1
40	38
0	38
9	116
0	0
0	0
0	49
0	20
0	11
76	49
221	220
80	220
8	1
0	20
0	25
0	15
0	0
0	0
0	10
11	11
19	3
0	3
18	10
0	10
27	0
5	10
13	20
0	19
6	59
14	59
0	6
0	7
82	391
8	2
0	0
12	0
0	4
0	4
56	62
0	1
0	75
12	55
85	15
0	35
0	4
18	28
0	0
64	37
0	45
4	55
0	12
11	98
0	18
0	0
0	13
41	20
0	14
4	0
0	35
0	29
68	15
45	29
0	7
0	7
0	117
0	19
18	26
0	0
1	10
0	7
0	10
0	0
0	42
0	4
0	110
0	59
19	22
158	49
0	19
0	23
0	27
0	3
0	19
15	0
56	0
107	19
77	19
0	19
0	0
10	7
0	7
0	0
0	24
42	20
5	24
5	24
5	57
0	123
0	13
0	44
37	172
0	167
0	40
76	40
0	7
11	40
0	26
0	23
93	13
13	0
20	6
159	4
0	2
0	2
69	129
0	96
0	129
0	1
4	3
6	0
0	94
0	51
324	169
85	190
216	10
0	65
0	65
0	65
0	8
48	94
1	40
26	9
39	94
0	48
40	411
0	408
13	156
0	101
0	44
0	74
0	12
0	66
8	39
3	10
45	0
6	21
7	101
2	11
0	100
5	221
0	7
0	2
25	15
0	23
29	221
19	218
0	13
316	14
0	10
21	10
3	9
12	50
41	91
0	61
0	40
0	100
2	70
0	31
0	10
0	31
0	0
25	28
18	0
0	0
0	0
20	0
70	93
23	62
3	14
4	1
81	33
7	26
0	18
0	22
40	6
0	86
21	16
4	8
36	63
53	0
51	19
0	48
19	48
9	8
0	5
0	0
0	3
1	46
0	188
93	57
39	92
0	92
0	85
4	73
0	8
6	5
0	0
30	22
0	11
0	22
0	7
0	7
0	7
0	2
0	13
0	10
1	0
4	0
10	17
0	0
2	8
0	9
5	0
5	13
62	0
0	0
101	31
0	24
0	31
0	5
0	3
0	0
0	0
0	5
418	433
47	162
0	154
0	518
1	45
0	45
21	40
4	1
0	1
0	0
0	0
2	0
283	26
9	22
230	136
4	10
8	10
0	10
0	10
96	116
19	99
0	46
0	0
15	0
0	3
95	3
0	3
0	0
1	30
3	29
3	17
0	13
15	19
0	5
7	1
18	0
84	7
0	32
66	58
0	122
0	52
0	109
11	0
0	0
0	6
0	6
0	2
9	2
0	101
0	101
1	0
0	37
57	301
0	256
4	271
0	30
10	121
20	188
74	0
0	9
343	181
0	181
0	28
0	8
2	3
156	62
0	51
0	2
119	146
54	4
8	4
0	61
0	15
0	15
0	0
0	2
9	0
68	11
0	61
78	15
24	5
11	5
0	6
0	6
0	6
0	5
19	0
18	21
1	19
31	12
26	27
1	7
0	3
42	36
0	27
1	27
0	14
0	14
252	289
0	289
0	36
0	28
0	2
1	56
0	8
3	8
51	56
0	49
0	329
0	329
0	15
63	18
7	14
0	11
15	3
0	0
0	0
0	0
25	39
0	4
0	0
0	147
0	0
0	15
0	0
37	48
39	148
0	0
0	0
1	38
43	20
0	45
0	11
8	0
1134	25
0	23
0	7
0	12
14	2
430	75
0	71
22	113
0	105
0	0
0	37
1	0
4	0
0	40
0	0
0	6
23	0
66	40
7	24
40	67
10	30
105	24
0	1
0	41
0	40
0	40
1	36
0	36
0	28
23	0
29	4
0	25
12	36
16	57
0	4
13	5
0	4
4	5
44	0
0	1
0	0
0	53
0	53
56	20
0	21
0	7
50	14
94	11
5	11
0	8
0	11
0	11
0	8
0	8
0	9
0	0
41	1
2	1
0	0
2	0
0	0
0	0
83	84
24	69
0	149
0	3
0	76
0	76
0	76
0	76
0	5
0	76
0	5
0	5
0	5
0	5
0	76
8	5
49	89
12	70
0	307
0	297
3	0
0	0
0	0
0	0
0	0
0	0
0	0
0	0
7	0
0	0
0	0
0	0
6	56
3	56
0	3
0	31
12	15
29	0
0	1
25	48
20	48
5	30
0	9
134	1
1	19
0	19
0	4
0	3
5	37
0	16
0	0
56	0
58	0
0	0
0	0
106	1
0	1
20	27
0	15
0	15
0	0
14	31
18	0
0	10
102	109
0	103
0	52
0	98
0	52
0	52
0	98
0	98
0	32
27	103
6	67
0	7
0	43
9	134
0	117
0	117
140	0
6	45
5	56
0	45
16	45
0	45
0	45
1	45
0	5
6	29
0	29
4	0
0	0
17	128
0	115
0	40
0	83
25	84
9	16
6	0
0	1
0	115
0	37
0	90
4	4
0	16
15	8
5	2
28	0
3	2
4	30
0	8
4	66
21	45
0	4
0	1
0	92
0	11
3	19
0	19
79	61
0	0
2	0
0	0
22	0
59	55
124	56
0	22
27	82
0	40
22	22
0	40
0	0
0	72
0	17
0	84
0	101
0	6
2	16
0	17
9	15
0	14
0	50
4	42
8	48
17	4
0	16
0	0
0	9
0	0
0	9
0	9
1	9
0	0
0	0
0	0
0	5
9	22
43	48
0	97
0	105
20	89
0	7
0	3
23	342
0	163
29	13
25	40
0	4
0	2
0	2
8	2
0	3
0	3
0	4
36	1
50	4
0	0
8	4
0	4
0	0
39	82
0	78
0	20
0	10
5	20
3	37
0	7
0	7
7	14
0	62
0	79
14	2
0	77
0	0
0	69
0	35
55	57
53	29
0	46
0	28
0	1
4	0
0	0
1	0
0	6
6	2
0	0
0	24
103	106
16	104
3	1
2	0
7	0
0	2
0	0
3	0
139	37
0	27
0	28
0	16
179	16
0	4
0	4
2	4
0	4
162	60
177	60
0	60
0	5
0	14
0	14
39	12
12	96
0	94
0	74
0	48
0	8
0	5
0	85
0	127
0	6
0	7
10	7
0	9
0	14
13	9
0	0
0	14
0	0
0	0
30	58
0	1
0	12
0	57
0	56
14	22
0	0
4	18
20	41
0	38
8	0
0	199
0	669
0	625
37	1
32	72
0	70
0	70
0	29
0	13
0	57
0	17
13	9
0	0
0	14
32	37
38	2
17	2
280	0
0	0
0	91
0	91
0	91
7	91
0	104
0	104
10	0
16	27
10	12
33	0
0	0
5	13
0	8
0	14
0	68
0	68
0	1
0	0
7	0
9	0
11	37
0	37
0	27
45	0
27	70
25	8
0	68
24	8
0	151
61	220
5	0
43	18
0	17
0	18
0	18
0	69
72	60
0	16
85	0
2	7
0	28
90	208
0	83
0	159
0	1
38	19
0	1
13	7
133	53
49	0
0	1
0	0
0	1
0	12
5	6
0	12
0	12
35	5
8	6
11	7
0	0
0	0
6	6
1084	24
0	14
0	4
36	4
0	0
0	23
61	21
0	44
0	2
0	2
0	0
73	80
0	31
21	4
0	7
0	27
9	27
0	27
33	11
0	11
0	147
1	15
0	11
0	0
0	1
0	0
0	1
0	0
0	2
0	1
0	1
0	1
0	1
0	0
0	0
73	102
35	79
10	24
0	12
0	12
2	22
35	17
0	97
126	29
0	21
45	0
5	20
0	20
0	0
0	101
0	94
19	23
0	0
6	19
33	12
1	61
36	43
0	10
4	5
0	88
25	108
0	0
0	0
10	53
0	13
39	26
29	35
0	4
0	0
8	121
0	129
0	81
4	49
15	24
0	73
0	59
0	6
0	3
5	7
3	18
0	16
16	4
0	24
0	61
0	29
0	2
156	2
0	0
0	26
0	0
0	16
18	43
0	59
0	41
32	41
2	13
127	0
0	231
0	35
31	7
10	5
8	28
1	0
0	0
13	3
30	6
1	231
56	46
0	46
31	6
0	6
63	12
6	0
1	12
9	229
2	11
7	0
29	28
7	31
0	11
41	0
0	1
14	12
8	12
3	8
0	8
0	8
0	0
51	0
26	0
23	11
135	1
76	19
0	2
12	0
53	13
7	0
0	0
0	0
0	13
0	13
13	10
12	14
0	14
0	10
0	13
0	10
238	81
0	29
0	3
5	3
101	41
1	14
397	30
24	52
26	16
9	0
0	6
64	77
0	0
0	0
0	38
0	15
0	60
0	60
9	31
0	6
104	98
27	73
121	89
0	77
0	56
0	18
2	6
0	6
4	62
15	0
41	9
7	1
9	10
5	10
63	0
12	0
31	0
0	232
0	215
0	20
0	11
0	11
0	10
2	10
0	7
5	255
7	255
0	21
47	0
0	1
0	1
0	8
22	8
25	0
29	0
102	33
0	7
0	42
0	32
0	32
0	42
0	11
25	86
17	92
85	0
0	38
5	5
5	14
0	14
10	26
0	35
38	115
30	139
11	410
26	410
46	132
0	114
0	115
49	111
0	94
0	0
92	144
36	170
0	165
0	167
0	21
12	2
48	28
0	0
0	0
24	26
5	0
8	14
57	0
1	0
180	11
68	1443
25	56
1	56
0	1
0	23
230	21
38	21
0	0
35	10
0	5
0	10
14	11
0	6
0	6
4	8
0	133
0	133
0	127
0	127
0	133
0	133
0	133
13	5
6	5
0	21
0	10
0	7
0	8
0	76
0	76
103	29
333	322
0	5
0	25
7	25
18	26
0	30
0	12
0	5
2	56
0	69
0	56
116	14
0	0
0	7
13	12
0	7
127	74
0	86
0	82
0	75
0	75
0	71
0	65
0	65
0	61
0	86
0	86
0	82
0	86
0	66
30	5
12	0
13	16
9	79
0	4
0	79
0	4
3	0
56	13
34	13
35	0
7	51
11	51
0	13
0	0
6	40
0	30
21	87
0	25
18	17
0	19
0	14
8	34
0	2
5	1
1	0
0	37
0	0
0	0
19	51
21	40
0	5
0	12
39	31
0	25
19	15
9	16
38	110
86	41
0	60
0	36
613	92
0	92
1	14
2	3
9	3
29	0
56	24
7	2
217	1
0	111
0	573
6	28
0	28
0	110
0	116
0	0
0	0
0	573
0	31
15	31
0	31
24	14
0	6
0	110
0	110
0	0
8	1
0	112
0	112
0	112
14	43
126	41
0	11
7	78
0	74
24	70
127	6
0	62
0	23
0	52
0	56
0	17
0	25
0	33
0	15
0	15
4	15
0	19
24	19
0	19
115	171
0	179
0	193
0	45
0	59
0	25
0	17
0	11
19	50
0	3
32	3
1	0
32	0
0	62
0	0
9	77
18	0
0	12
0	53
24	8
27	22
36	28
0	7
0	7
0	5
56	71
0	71
0	12
0	0
0	0
0	0
0	12
0	59
16	59
0	7
29	0
45	24
0	34
0	27
0	13
0	103
0	103
8	289
0	289
0	369
32	3
0	6
6	19
0	6
0	13
0	24
0	5
0	24
0	4
113	4
0	11
0	0
0	23
0	7
0	7
75	1
0	95
0	2
0	2
0	3
0	11
0	7
63	3
5	0
8	0
0	106
0	52
16	23
62	78
57	68
0	50
0	49
0	54
0	13
3	15
101	31
0	7
0	7
33	0
7	406
0	82
88	102
7	102
4	5
0	72
3	15
177	14
1	1
30	1
2	1
14	0
10	70
0	0
0	34
0	58
8	34
0	3
0	11
0	41
0	7
0	34
11	11
0	12
0	4
6	12
0	12
1	0
0	13
0	4
0	41
0	58
151	48
0	354
0	351
0	312
0	351
0	6
0	6
0	7
0	30
0	30
0	30
1	25
15	25
0	19
0	1
0	11
1	11
0	11
37	11
1	0
0	72
11	8
0	8
22	68
5	78
35	0
0	20
5	40
0	7
0	23
31	31
0	27
5	2
0	7
0	12
0	22
1	0
0	9
0	1
6	5
0	9
0	3
0	3
1	5
0	10
4	7
12	10
5	5
8	3
92	13
0	13
11	7
7	7
80	0
158	83
1	6
79	87
101	21
0	177
29	177
33	125
9	122
21	47
2	20
0	20
15	56
0	2
327	20
0	11
0	11
0	11
0	5
0	7
0	8
0	8
0	6
9	1
0	8
4	1
9	7
4	0
5	0
5	0
0	0
0	32
0	11
0	4
13	4
0	32
1	42
1	50
0	29
10	47
0	26
0	27
0	4
3	29
0	9
0	9
13	0
8	0
0	12
0	8
50	21
0	21
0	0
0	1
4	0
8	0
0	15
0	15
3	29
16	29
9	0
11	0
10	0
0	0
0	0
1	3
0	3
3	0
11	21
9	10
86	40
0	35
15	21
0	4
0	4
0	4
0	4
10	70
34	40
11	33
0	31
0	35
9	32
0	3
0	93
0	98
0	98
0	10
4	10
0	0
0	34
4	34
37	347
0	346
40	0
0	13
0	30
32	34
0	27
0	12
0	12
0	8
99	78
0	59
0	67
25	28
5	12
0	53
14	20
0	0
0	2
0	45
40	71
8	3
42	1
0	1
8	0
0	1
0	0
0	0
22	0
0	2
8	20
25	116
7	110
0	0
0	0
0	6
9	0
66	0
45	0
0	0
0	13
0	3
0	13
0	7
34	64
0	10
68	54
28	36
0	15
3	44
0	44
10	7
1	14
0	27
31	15
4	65
4	13
1	0
0	1
0	52
0	1
0	52
5	0
0	1
7	4
49	14
10	5
0	1
0	1
31	23
5	1
0	4
0	21
0	11
0	11
0	12
81	32
4	12
0	1
124	9
24	7
0	27
4	27
1	459
24	82
18	100
3	68
0	31
0	26
92	70
253	17
17	17
195	15
5	15
0	8
0	8
17	0
0	0
3	0
134	164
0	147
0	136
0	123
2	3
0	6
0	40
17	8
0	0
0	0
66	89
0	23
0	20
0	20
72	0
260	85
22	15
0	1
0	1
0	1
0	1
3	76
19	5
68	59
0	29
11	10
0	7
0	0
0	0
22	3
47	20
0	38
11	44
28	63
0	41
27	34
39	58
54	16
5	22
0	1
102	0
235	12
12	12
6	12
0	0
43	0
189	0
10	22
126	6
9	39
0	22
0	22
0	37
8	16
0	16
0	72
0	1
6	0
13	0
34	52
0	82
16	46
16	31
0	7
1	9
0	2
0	27
3	27
106	0
22	30
20	3
47	26
0	17
0	30
2	0
5	6
0	33
0	14
1	99
3	99
0	28
40	86
18	86
42	25
0	0
0	0
1	7
9	0
13	17
5	0
4	17
0	26
0	26
0	13
0	0
0	3
0	0
65	93
6	24
37	93
1	37
0	14
0	9
0	37
0	196
0	126
0	74
0	5
0	5
0	0
16	0
0	0
0	0
0	122
0	0
0	181
42	99
0	54
1	38
0	54
6	38
0	0
16	8
5	26
7	26
0	14
45	0
0	46
0	66
2	66
0	98
0	39
4	6
4	6
0	40
0	40
20	14
0	0
0	0
52	5
6	11
13	11
77	98
0	24
61	24
253	190
0	5
0	0
0	4
0	4
0	106
0	113
0	17
8	100
0	171
9	60
0	73
0	5
51	5
0	0
0	114
0	3
0	42
0	0
181	42
0	0
30	16
0	3
1	13
3	0
18	11
0	11
0	0
0	0
0	0
0	1
0	5
0	5
0	3
0	2
1	1
0	118
10	77
0	95
0	47
0	8
0	0
0	0
10	0
5	4
7	0
0	68
0	48
187	79
0	79
0	11
179	72
0	29
8	57
3	0
49	15
16	65
1	11
0	4
0	0
0	0
0	0
0	0
2	0
0	16
0	16
0	16
25	121
1	7
1	38
0	20
0	0
0	145
0	0
0	14
7	0
0	0
107	20
0	20
0	20
0	17
0	3
0	30
25	1
0	23
3	16
5	30
0	10
86	10
0	25
0	25
0	21
0	1
63	76
0	60
0	60
0	76
0	0
8	0
0	5
48	2
24	18
0	0
0	0
10	2
99	44
32	15
0	18
0	1
0	3
0	5
0	5
0	11
0	8
8	0
0	80
0	5
0	49
73	75
0	35
59	44
0	65
0	65
97	0
3	6
16	27
0	4
0	9
18	145
4	48
0	48
0	3
124	19
0	4
0	147
0	144
0	134
0	144
0	134
19	147
7	137
16	49
0	0
0	24
7	4
8	4
22	198
0	0
0	48
35	63
0	40
94	0
12	0
0	0
0	0
0	0
10	0
6	45
0	18
0	18
0	15
13	20
0	15
0	15
5	10
0	4
33	0
2	0
13	0
0	427
8	427
0	13
18	52
0	82
16	1
0	0
49	115
13	40
23	83
0	23
0	19
53	5
31	0
33	12
2	0
7	15
1	12
35	11
1	11
11	0
0	127
5	154
0	98
6	0
5	9
43	39
2	8
0	8
22	0
58	105
0	47
0	67
0	6
13	2
0	58
11	11
77	6
0	2
56	16
0	4
0	0
34	304
0	19
87	128
0	9
317	39
52	39
0	35
0	35
5	21
0	16
15	9
0	49
0	49
0	42
5	1
4	2
0	2
18	33
0	33
0	32
0	32
0	22
20	16
0	15
12	15
0	1
21	18
0	18
6	40
3	40
0	37
0	37
0	16
0	23
0	3
0	0
22	0
1	0
0	9
3	9
0	54
0	66
0	19
17	43
0	0
46	5
72	733
50	47
0	48
8	1
35	7
0	7
5	30
3	36
0	34
0	34
0	34
0	34
12	2
10	2
0	2
35	26
53	20
6	0
1	36
0	29
3	11
0	17
0	10
71	29
0	13
6	8
118	44
0	16
0	8
0	8
0	8
3	8
14	0
0	0
0	0
0	6
0	0
4	32
0	0
8	6
0	6
0	0
0	32
17	0
0	16
6	0
45	19
10	12
6	3
0	6
0	6
1	84
0	84
0	57
0	83
0	50
0	56
0	8
0	7
0	76
4	27
0	11
0	63
0	8
8	63
0	7
4	22
14	54
0	0
6	0
3	5
0	0
6	0
0	84
0	142
12	142
3	142
2	142
6	5
0	1
0	1
5	0
16	0
0	70
0	1
1	71
1	0
0	6
9	6
0	66
0	0
0	71
0	29
0	70
0	1
104	0
93	21
0	21
0	5
0	0
0	27
2	34
0	34
0	4
0	27
0	9
0	2
0	27
0	55
7	67
0	23
0	42
0	3
1	0
0	6
0	2
0	0
0	2
1	51
12	58
0	55
0	55
9	100
0	337
4	23
0	358
0	63
0	142
0	26
0	58
52	74
6	16
0	137
0	45
0	10
0	8
3	23
0	35
0	22
0	10
0	11
0	116
0	47
0	54
24	34
0	61
2	34
0	34
56	33
0	16
83	2
0	28
9	35
0	116
209	18
43	2
0	0
0	0
0	0
0	0
0	18
0	0
0	26
0	0
24	1
0	8
0	59
0	1
0	51
0	0
0	2
0	1
4	44
0	24
0	8
11	7
0	7
0	44
77	18
0	1
16	11
13	3
3	0
9	11
17	16
1	18
0	8
7	0
0	2
26	35
0	26
0	34
14	5
28	0
9	1
0	72
0	47
0	47
0	75
0	50
0	43
0	43
0	18
0	72
0	35
0	4
17	3
4	0
27	4
0	0
0	3
0	3
0	1
0	0
9	60
0	63
0	53
0	5
1	2
0	4
0	10
0	3
8	3
0	0
0	8
33	2
0	2
0	1
0	0
11	0
0	0
0	8
0	8
54	0
29	129
0	58
7	49
0	0
4	165
177	227
6	24
0	192
41	20
13	20
7	7
0	3
57	149
22	88
0	27
49	40
4	0
0	75
2	346
0	316
13	30
4	76
11	13
0	49
0	49
0	1
0	49
0	16
0	18
0	18
0	3
0	18
0	0
0	3
0	4
0	3
0	3
3	23
7	32
18	32
3	0
0	0
0	3
0	17
0	5
113	1
46	1
0	0
31	34
3	4
0	4
0	4
0	3
0	3
10	3
0	0
3	30
0	30
33	0
210	33
0	14
15	124
30	124
11	115
118	85
0	14
15	27
0	0
0	1
0	0
12	0
12	12
42	8
0	14
4	6
0	1
3	0
187	141
0	31
26	109
0	1
0	151
65	15
21	32
51	11
0	18
0	49
0	14
0	14
6	8
0	10
0	7
62	44
23	25
95	52
0	6
0	10
63	7
41	11
22	11
0	0
0	0
0	0
3	0
0	20
0	20
0	31
7	31
0	0
0	0
221	32
56	2
46	80
6	38
19	17
1	14
3	44
1	28
0	180
49	180
42	180
15	39
0	51
0	29
0	28
0	24
28	70
2	1
0	24
0	23
0	24
0	23
59	18
0	10
0	8
65	25
0	19
8	13
310	85
7	85
3	0
2	8
4	27
0	5
0	8
0	13
9	51
0	50
0	1
0	0
191	93
0	43
0	42
14	18
1	3
4	2
39	60
0	48
0	62
0	62
6	69
0	0
9	4
0	359
0	359
0	44
401	36
0	27
29	0
90	93
0	9
36	4
30	8
1	72
41	73
0	45
0	66
0	55
0	61
0	47
5	0
0	0
94	11
0	17
0	17
0	17
0	17
0	0
14	6
24	6
0	10
1	14
0	113
2	10
57	4
14	0
0	4
0	4
5	106
0	120
0	4
1	120
0	120
3	55
29	55
0	526
0	96
0	61
0	28
0	28
15	542
0	144
0	33
0	30
13	35
0	109
21	0
50	42
13	2
23	10
0	4
0	12
0	4
0	21
0	8
0	13
0	49
0	28
0	11
20	0
0	28
0	56
0	56
1	111
0	1
5	0
0	1
27	0
0	0
0	14
0	12
0	0
0	24
0	0
0	0
111	0
2	0
0	24
0	0
0	14
39	0
0	37
0	37
43	50
0	50
12	19
0	23
0	126
22	126
0	22
11	1
15	29
0	31
0	25
0	23
61	76
0	23
0	19
0	23
0	23
0	7
0	7
0	50
1	17
16	174
2	46
0	111
0	135
0	85
1	3
4	6
0	6
0	6
0	13
1	66
0	56
32	53
0	13
0	22
10	0
15	18
0	18
19	35
0	2
60	91
0	2
288	76
12	45
6	59
1	38
155	12
127	0
7	4
104	63
0	45
0	10
184	80
11	15
0	15
13	36
0	15
0	10
0	26
0	54
17	46
0	46
0	13
52	12
0	25
399	23
172	0
63	40
0	152
316	140
0	140
0	97
1	103
0	84
22	65
0	6
0	3
0	4
0	0
0	4
0	16
0	21
9	40
0	18
0	4
0	5
0	121
0	100
120	6
0	3
0	3
0	1
5	1
625	0
0	0
62	5
0	103
8	99
0	103
32	103
0	4
0	4
10	4
3	2
0	2
13	49
0	32
0	45
0	45
0	49
33	38
4	43
0	26
3	1
0	12
0	9
0	17
66	14
0	3
0	9
10	13
59	15
0	0
3	5
0	0
0	2
0	0
0	0
2	2
3	0
0	2
0	5
7	8
45	8
231	26
0	26
0	25
0	26
0	25
0	25
0	2
0	4
0	3
0	4
0	4
0	5
0	2
0	1
0	4
37	9
0	8
0	9
0	8
0	8
49	0
147	249
0	2
0	3
0	9
17	0
49	62
0	62
104	9
13	7
65	6
0	0
0	2
22	19
3	0
21	0
56	2
0	52
0	123
0	115
24	0
117	282
0	282
129	32
33	32
34	0
0	0
0	5
0	5
0	5
1	32
0	9
0	17
0	17
0	8
0	25
0	212
184	8
0	215
7	8
0	4
0	12
0	4
0	4
0	8
2	4
0	7
0	1
1	1
4	7
0	0
0	0
0	3
41	59
0	10
0	59
0	219
0	12
0	12
2	12
50	36
14	4
0	32
0	211
2	17
209	19
0	5
0	0
2	0
0	14
0	15
0	15
0	144
9	18
39	80
0	28
0	20
0	21
0	3
0	3
0	53
0	8
9	7
6	0
0	2
17	2
5	0
0	0
0	0
0	1
0	1
16	24
11	8
16	61
0	38
1	43
0	56
0	62
0	7
0	46
2	11
30	43
0	21
44	0
4	22
99	9
30	116
2	0
3	4
0	0
0	4
0	0
0	4
0	116
0	395
0	408
6	22
0	22
19	1
0	7
74	36
0	7
12	53
8	34
0	17
0	27
0	27
0	21
0	21
0	41
0	0
1	0
0	0
0	62
25	5
0	5
0	0
0	5
0	5
1	79
0	79
0	79
84	83
0	5
0	11
7	54
9	54
6	0
7	10
8	10
0	13
8	13
0	1
0	1
0	10
0	10
0	73
0	93
0	28
53	53
18	9
0	6
0	5
4	0
0	0
0	32
40	0
31	0
0	0
0	0
13	0
16	20
0	20
0	9
0	8
0	9
48	16
1	5
2	6
0	50
0	13
0	4
0	11
63	11
0	0
38	87
0	87
0	80
0	7
0	0
0	7
6	0
19	195
40	105
0	10
0	105
0	8
0	10
22	12
112	166
0	0
10	0
1	0
6	0
352	7
12	0
6	6
0	1
0	1
0	0
4	0
0	0
46	0
0	120
23	120
28	227
30	120
70	96
1	0
1	0
3	0
88	17
6	11
29	53
15	19
0	15
10	0
29	34
18	60
41	80
0	10
6	17
0	17
42	30
0	0
15	30
0	18
4	18
11	22
0	1
6	0
0	1
0	0
0	0
8	7
0	7
0	22
0	22
0	16
0	15
0	23
3	23
17	6
116	35
0	4
21	0
30	88
17	27
0	0
4	0
65	31
72	196
50	130
15	81
0	2
16	7
0	7
27	5
0	5
0	2
0	7
0	3
27	18
1	15
123	0
11	4
55	4
10	5
17	5
0	0
0	17
0	17
14	14
0	95
107	95
62	10
0	24
0	9
83	124
52	0
0	159
8	67
1	21
0	29
0	16
0	171
174	51
0	50
60	64
7	9
0	3
0	40
0	11
0	0
22	11
0	36
0	132
37	130
0	6
0	17
11	9
46	195
0	18
0	6
3	19
0	13
0	12
0	7
31	16
0	100
1	106
0	61
0	32
0	5
0	1
0	1
0	96
0	15
0	11
3	10
28	51
0	51
0	8
0	51
1	0
22	39
0	27
0	51
1	13
84	18
0	4
0	54
0	54
14	0
0	5
0	1
23	0
12	16
1	9
3	7
0	12
0	12
13	4
171	4
116	4
14	4
18	27
120	27
99	34
6	4
0	8
0	14
5	14
9	15
50	3
3	3
0	3
0	3
0	0
44	107
4	3
45	0
0	79
110	70
27	78
0	14
30	75
7	6
4	6
0	8
0	8
11	8
0	68
0	16
191	90
0	42
4	15
0	18
0	18
11	5
0	1
0	1
0	0
0	0
0	5
39	14
52	0
12	0
17	0
0	13
15	42
0	42
19	25
0	30
24	82
0	42
0	82
6	11
20	48
0	1
0	7
0	7
265	0
11	41
98	56
0	15
0	9
1	30
0	387
0	398
41	27
0	27
163	195
0	122
2	72
0	0
5	0
0	1
0	15
37	56
0	52
19	27
0	0
14	27
65	0
7	14
3	16
157	5
31	0
16	2
5	47
57	51
0	20
0	9
0	19
0	19
0	123
0	9
0	113
0	189
0	115
0	24
0	32
0	19
11	0
0	178
0	123
29	37
5	29
3	0
119	26
13	22
0	24
1	20
59	11
0	0
0	99
0	82
5	0
45	20
0	4
4	20
0	10
0	5
2	20
29	0
29	2
0	45
0	45
18	37
0	36
0	36
0	45
18	14
81	14
8	0
0	0
11	11
3	3
27	3
13	3
0	2
10	0
46	89
84	21
0	72
0	10
0	10
9	4
0	43
5	0
43	47
15	47
0	8
1	8
0	24
104	24
240	56
230	13
34	1
47	6
5	0
111	10
25	16
0	0
0	3
0	0
0	3
45	61
0	6
0	3
54	33
0	33
120	30
0	0
0	0
69	45
38	0
2	12
0	130
0	130
0	0
0	0
0	56
2	0
0	122
15	0
0	49
0	0
0	49
14	80
0	0
2	46
0	7
15	52
0	52
0	1
6	8
21	64
0	96
9	43
5	0
6	11
0	0
101	151
7	127
0	49
13	56
0	56
2	12
49	8
1	146
32	152
0	21
0	21
0	0
0	4
23	105
1	49
0	76
10	16
0	16
39	135
0	12
0	12
12	2
2	68
5	12
0	7
0	25
0	67
0	67
0	25
0	22
0	18
14	0
0	15
0	0
6	0
0	0
0	67
0	87
4	87
0	20
0	20
31	25
0	18
0	25
0	9
3	42
15	42
1	0
0	93
0	65
8	98
0	92
59	71
0	16
2	10
0	5
4	5
0	5
0	21
0	16
0	5
8	5
2	0
0	0
0	0
6	0
21	80
28	80
0	66
0	66
0	31
18	9
0	0
0	0
0	0
6	6
1	6
0	0
0	0
0	0
6	0
0	136
0	0
14	8
0	4
0	7
0	49
0	1
15	136
216	30
0	30
0	23
0	1
0	8
3	74
0	74
0	26
13	17
22	11
10	1
15	5
0	5
0	5
38	4
0	38
0	38
66	150
0	23
5	23
0	115
9	0
0	49
119	34
10	34
53	48
0	82
0	60
0	49
8	0
10	0
2	0
0	0
0	9
1	0
0	0
0	0
13	0
0	59
5	59
58	5
0	57
0	15
0	15
53	0
12	23
0	5
6	5
0	18
0	0
0	0
0	58
47	0
0	147
0	147
0	15
0	68
0	55
29	16
0	137
0	140
12	78
0	0
3	56
45	19
0	19
365	93
1	93
24	0
5	0
7	58
0	28
0	20
0	28
0	8
44	14
0	14
18	65
0	49
0	38
0	0
0	31
1	0
0	0
0	0
4	0
0	0
37	67
15	23
0	14
4	0
0	20
65	53
27	1
32	63
0	62
39	98
0	5
1	63
0	1
0	140
10	140
0	17
67	0
22	15
41	15
9	8
0	0
1	0
0	7
0	39
0	16
58	298
0	290
11	24
1	130
0	21
3	75
0	75
3	75
16	0
0	74
0	5
0	144
0	132
9	137
0	154
4	21
0	3
0	4
0	10
0	15
6	15
0	15
0	6
0	1
0	2
79	106
0	9
4	89
9	0
74	87
0	83
0	94
0	136
21	136
0	52
65	49
45	54
0	0
41	18
0	13
0	4
0	8
0	23
3	94
0	6
6	6
20	0
0	29
0	6
0	6
10	173
0	95
1	1
14	173
0	14
0	13
0	11
0	51
0	8
0	11
0	7
0	5
0	4
0	48
0	47
0	44
0	45
0	45
0	104
0	125
0	111
39	0
8	0
4	82
101	117
49	127
4	62
0	21
1	21
102	22
20	71
114	28
0	154
0	164
0	12
25	38
33	44
0	273
0	273
0	85
48	41
28	34
0	10
0	34
0	34
0	10
0	10
0	10
0	34
0	85
0	91
0	34
0	0
0	2
0	0
0	10
6	0
0	0
4	32
0	14
0	24
0	10
1	8
0	8
0	38
0	38
9	4
1	4
19	93
0	95
4	14
36	7
2	18
0	5
0	5
0	36
0	78
42	93
0	64
0	72
3	0
9	5
19	0
9	5
13	67
0	56
0	8
30	44
0	0
7	39
93	3
78	0
36	23
0	28
0	6
0	2
10	1
0	1
0	6
1	255
0	255
0	38
5	4
0	4
7	1
0	0
0	167
0	167
73	65
10	2
25	160
0	18
10	43
0	8
0	30
0	35
0	11
0	7
0	7
323	48
0	36
0	48
0	18
114	34
48	34
0	34
1	76
0	76
0	76
0	6
0	7
0	77
24	21
0	21
25	9
0	9
0	11
0	25
0	8
0	5
0	5
0	25
10	25
0	5
0	5
0	5
7	0
2	1
0	0
0	0
67	112
7	67
0	59
8	104
0	98
0	44
169	41
0	52
3	7
8	107
10	107
1	32
0	32
0	28
0	32
0	7
0	9
0	0
0	4
22	4
44	0
14	51
76	10
4	9
0	9
0	50
4	38
4	0
16	51
0	50
0	51
5	51
43	50
0	42
0	47
0	33
0	15
0	3
0	4
0	6
0	0
0	0
0	0
0	0
3	68
0	28
0	68
2	7
0	59
0	5
4	0
0	5
0	0
0	19
0	66
0	105
0	15
0	0
12	0
46	11
2	0
0	46
0	11
61	61
34	69
7	12
0	2
30	2
0	46
13	25
0	25
0	87
0	87
0	32
8	0
0	87
0	91
0	88
0	91
8	102
0	87
0	90
0	9
0	1
14	29
8	22
0	18
1	35
0	18
0	8
0	2
137	42
0	42
0	14
0	14
0	14
20	3
0	1
0	2
0	2
4	150
6	18
3	5
1	15
22	0
5	12
10	11
0	32
19	22
1	2
28	20
0	2
0	2
0	18
0	0
0	33
0	358
0	358
0	33
13	29
2	29
0	19
23	0
0	46
0	45
0	46
87	12
7	12
0	123
0	123
0	0
54	0
16	28
0	22
92	28
370	68
0	33
0	22
0	24
0	24
0	3
15	54
3	20
0	29
0	22
0	8
0	43
0	14
3	14
7	0
0	4
0	0
0	133
0	58
0	133
0	48
0	0
20	20
113	0
22	76
0	23
4	23
0	0
18	11
0	12
2	6
0	2
7	8
0	5
3	0
0	1
0	1
6	1
178	1
0	74
0	0
0	10
0	10
0	2
0	10
0	10
13	10
52	0
19	0
256	0
0	7
0	7
2	50
0	50
0	0
33	0
52	12
0	9
14	3
13	2
0	2
61	46
41	46
8	46
30	32
13	32
16	41
0	0
4	0
4	0
0	23
0	41
2	18
0	0
0	18
0	47
0	47
0	40
0	40
0	40
0	47
0	18
52	10
104	73
0	28
0	13
0	11
0	13
4	5
14	32
13	37
13	0
0	29
0	36
0	207
0	38
0	7
4	0
0	1
0	0
0	1
0	1
0	1
0	1
0	0
0	2
30	2
0	184
1	14
21	6
0	3
0	8
9	3
13	0
1	0
9	178
72	178
0	38
0	18
0	49
19	49
98	8
0	8
22	8
0	0
187	146
59	0
21	0
0	18
0	16
0	36
0	33
0	33
0	5
17	11
0	32
0	0
0	0
0	4
0	36
0	32
0	36
0	25
0	7
0	24
0	2
22	66
41	0
0	5
0	11
0	1
0	15
7	1
0	4
0	0
0	0
0	0
0	0
0	0
0	4
16	0
0	16
2	50
0	15
19	30
12	50
0	4
5	6
0	3
0	10
0	12
8	3
19	32
46	33
20	41
0	32
1	10
0	18
0	10
0	18
0	10
55	55
0	32
0	22
0	8
11	31
0	20
12	8
0	30
0	4
0	4
0	2
2	0
0	0
18	2
4	2
3	72
0	67
0	66
1	5
0	0
0	66
0	5
0	62
26	45
0	82
0	0
15	6
0	6
0	0
0	20
0	20
12	0
1	151
0	140
0	154
0	139
0	124
0	12
0	10
0	5
0	41
45	20
0	20
19	90
29	25
0	130
0	389
10	113
0	42
0	23
0	54
0	50
9	262
0	71
0	10
0	12
103	51
20	51
26	50
26	117
0	73
4	3
0	0
6	15
0	117
0	3
0	3
0	30
5	63
0	12
0	19
0	54
0	479
0	474
0	482
0	487
0	446
0	26
188	0
40	15
0	15
0	7
61	0
1	11
0	11
0	1
94	0
1	0
2	29
1	29
14	29
0	29
1	6
41	1
9	7
0	0
0	0
0	1
23	0
0	107
72	0
0	11
0	44
0	48
0	48
0	52
0	44
0	2
0	2
7	7
0	9
0	9
0	15
55	5
10	6
1	0
0	107
3	112
108	129
7	67
0	49
75	88
41	68
3	23
1	25
0	16
5	17
0	0
11	18
7	15
5	26
0	76
0	76
0	26
22	53
0	23
0	41
0	44
0	6
0	4
0	5
12	6
7	11
24	39
0	39
0	0
121	33
0	1
0	1
1	91
0	0
20	56
0	44
0	74
6	38
0	80
0	16
0	16
0	16
46	22
0	2
7	2
7	2
0	0
0	70
0	61
0	70
0	61
0	60
41	0
0	43
0	43
7	17
222	52
106	52
0	27
0	94
2	94
0	37
0	39
500	126
37	37
0	2
6	0
0	60
0	55
0	69
0	69
0	23
1	31
0	31
0	34
0	0
0	0
0	8
0	0
0	0
8	0
0	34
0	45
0	45
2	0
0	0
0	34
140	1
1454	0
0	153
0	153
27	153
0	107
0	45
0	13
0	17
6	32
0	21
0	15
243	311
15	310
108	20
9	20
43	61
13	48
9	48
0	18
0	6
0	1
24	22
16	3
0	31
44	31
5	55
88	4
6	4
0	1
0	4
172	1
3	0
0	1
38	14
7	14
0	5
16	5
0	0
1	0
32	0
43	0
1	29
0	15
1	4
26	27
0	30
0	28
12	65
0	69
0	39
0	17
8	36
0	69
0	39
0	39
0	39
0	33
0	33
37	3
1	3
0	2
143	0
46	0
0	0
16	0
0	20
0	18
21	47
0	13
0	13
0	18
1	18
0	4
3	38
3	0
26	4
5	42
5	34
0	20
11	11
33	0
7	13
2	11
32	10
0	3
0	4
0	3
0	9
0	4
0	3
198	26
0	8
0	18
72	45
0	47
0	47
38	0
0	0
3	76
0	76
0	44
0	9
190	150
0	40
0	39
0	9
36	150
27	170
77	0
0	182
0	137
2	114
0	27
0	25
205	82
0	30
0	212
22	226
0	53
0	32
60	24
18	23
6	0
0	263
0	250
0	253
0	263
0	260
0	15
57	2
0	50
31	50
0	50
0	4
0	0
0	0
9	0
0	0
0	0
0	0
0	0
14	0
18	274
3	42
8	42
2	232
0	64
0	64
0	44
18	8
4	0
7	2
3	2
13	81
63	24
14	8
69	40
0	40
0	0
21	25
7	25
0	1
0	0
12	11
0	7
4	0
0	53
0	53
45	53
1	25
138	12
53	3
0	6
8	0
4	0
0	20
0	0
0	3
0	21
0	1
0	4
0	0
0	20
0	6
0	10
0	0
0	2
47	18
0	10
25	4
1	2
0	0
0	0
0	0
16	0
0	25
45	4
0	45
0	22
0	25
111	52
0	3
13	0
0	12
3	7
102	3
1	12
0	0
65	0
0	76
0	77
13	77
0	13
0	1
0	25
0	55
0	33
0	40
0	1
0	1
0	1
0	0
0	0
0	16
35	9
0	9
13	115
0	1
0	0
0	114
0	0
17	79
38	116
7	5
19	87
0	8
0	20
7	8
0	7
4	7
0	2
0	8
4	2
0	0
0	8
0	8
0	1
5	2
0	10
0	23
0	22
0	22
0	8
0	1
0	5
0	8
12	26
32	63
0	8
10	1
0	1
1	17
49	654
0	11
24	12
5	0
0	12
0	0
10	9
1	14
19	4
0	13
0	4
9	15
0	3
5	0
0	11
3	10
9	0
0	0
0	0
21	0
364	157
0	158
28	39
0	36
0	5
0	5
0	21
0	1
0	4
0	4
17	21
2	186
0	92
0	21
0	16
0	82
0	149
10	67
0	7
0	32
0	5
0	26
190	50
25	75
0	69
0	53
0	15
0	31
0	186
0	7
8	79
3	79
8	7
0	5
2	0
0	19
0	44
47	45
98	63
60	24
23	24
8	63
0	9
21	0
144	23
19	6
16	29
0	18
32	29
0	29
0	29
0	23
0	23
1	19
0	10
0	7
0	3
11	9
0	29
0	33
0	0
0	18
0	16
0	7
1	0
1	0
114	0
8	495
46	11
0	57
25	226
0	185
0	53
1	5
4	5
0	3
7	18
19	62
0	15
11	0
4	1
238	12
8	11
45	0
40	13
59	13
18	33
0	79
0	60
174	16
0	235
0	235
0	64
184	23
0	23
0	17
0	4
0	2
64	2
0	4
27	6
0	0
0	0
0	0
0	0
0	0
0	0
0	0
0	0
0	0
1	0
0	0
0	23
9	3
0	2
0	1
0	18
0	0
0	1
10	19
0	92
0	92
0	88
202	105
0	81
0	15
0	14
0	14
0	21
7	0
0	13
0	13
0	3
0	64
0	20
93	51
0	105
180	107
0	108
155	106
0	87
0	87
0	87
0	68
0	87
0	10
13	0
0	9
0	0
0	9
0	10
0	9
0	10
29	9
11	9
0	5
0	6
0	5
10	4
10	0
11	73
10	117
0	42
0	118
118	1
1	1
31	84
14	84
3	28
2	44
0	4
0	2
28	0
23	0
0	0
0	5
0	16
0	0
0	5
29	14
134	9
0	42
0	117
0	201
0	1
13	17
12	1
0	8
0	26
0	47
1	117
48	0
10	81
19	67
1	141
0	17
29	2
73	13
0	14
0	9
33	25
0	25
0	20
2	22
13	5
93	19
0	12
47	21
83	102
0	62
76	122
98	123
0	31
0	31
0	15
51	17
0	8
1	9
0	9
0	28
0	2
156	233
0	233
1	0
80	0
42	67
0	0
0	8
16	8
0	6
252	113
14	21
80	32
0	42
0	13
56	195
0	0
118	0
0	14
0	14
131	17
89	0
110	34
4	9
46	16
58	19
0	9
0	10
0	113
0	113
6	113
0	13
3	157
92	5
7	5
17	38
2	44
0	10
0	38
1	27
0	34
0	38
0	2
10	14
0	0
0	62
0	3
23	14
0	0
0	8
0	62
0	20
0	29
0	19
0	29
0	15
0	25
32	0
0	9
1	24
13	9
0	9
0	9
0	24
0	9
4	6
7	6
0	6
0	4
0	7
0	7
0	7
0	7
70	5
6	5
0	117
89	130
25	25
24	25
15	79
65	191
0	100
65	49
10	43
0	15
0	5
0	5
0	11
154	79
0	100
8	16
0	16
15	28
0	4
1	8
0	196
0	45
30	167
0	56
0	59
0	63
0	85
0	12
0	12
0	49
0	0
0	0
0	140
0	196
39	215
0	251
0	181
16	5
43	14
1	48
0	48
26	36
9	108
0	36
0	42
0	42
0	114
100	62
0	37
0	0
0	21
0	1
0	0
0	0
9	0
0	0
0	0
0	0
0	0
0	0
0	0
0	0
0	0
0	0
0	0
0	0
0	0
0	42
0	52
0	42
32	23
0	12
6	22
0	42
202	91
46	11
0	17
6	17
0	0
10	1
60	58
13	24
14	18
0	3
1	1
3	1
0	0
0	0
3	1
0	4
0	1
0	10
0	0
0	0
0	0
15	69
0	56
41	52
16	31
0	0
0	7
0	11
0	13
40	87
24	80
66	54
0	46
10	3
0	15
37	15
69	7
0	7
1	0
38	1
0	1
6	0
0	0
0	4
0	10
0	143
0	141
0	141
0	29
6	0
0	16
0	11
58	21
0	21
82	137
0	50
0	115
208	146
5	119
0	34
0	18
0	47
0	8
0	16
3	8
0	4
12	8
24	17
0	222
60	222
28	2
73	2
0	2
0	0
2	2
206	22
0	2
0	2
0	2
0	2
0	0
0	0
0	0
20	0
0	219
7	219
32	17
0	69
112	147
5	7
11	10
52	29
0	29
0	29
8	29
0	6
1	11
3	6
0	11
38	20
0	20
0	0
0	0
0	42
0	56
0	70
0	66
0	70
0	70
0	96
0	101
0	31
0	31
0	30
118	148
0	23
0	10
11	0
5	38
0	8
0	7
46	1
0	15
0	1
0	7
0	0
37	62
7	0
66	0
0	0
30	44
76	208
0	16
171	213
4	108
61	9
1	196
0	7
0	5
12	181
319	0
36	180
0	57
0	119
0	174
0	94
61	35
67	7
5	45
108	0
0	37
0	38
12	43
4	34
0	31
0	50
17	59
3	35
13	13
0	38
4	22
8	22
56	0
0	118
11	13
0	118
8	74
8	74
0	5
0	19
0	23
0	2
0	23
0	100
194	0
5	41
14	44
0	9
129	12
51	23
1	14
0	9
0	15
9	39
29	17
0	17
0	42
0	42
0	42
0	42
0	47
0	42
0	47
0	16
7	0
0	16
0	16
6	0
6	76
0	76
0	3
0	52
0	3
0	12
0	18
0	104
74	43
0	43
0	1
0	43
5	14
0	28
0	2
0	0
0	0
52	29
0	29
0	21
0	0
0	3
0	0
7	15
4	2
0	2
0	58
0	58
0	59
6	0
1	0
0	0
0	0
9	0
0	0
0	144
16	117
0	45
0	16
8	35
14	4
75	39
0	40
0	40
0	5
84	0
7	0
25	0
3	0
2	19
0	19
111	23
0	9
0	14
5	13
7	43
8	84
0	46
2	1
0	22
0	21
3	8
98	15
0	0
0	0
5	0
3	0
0	18
0	10
102	24
0	29
1	10
0	29
0	39
0	46
8	6
0	0
59	8
0	34
0	258
53	245
0	40
0	25
0	22
0	258
49	0
33	13
0	4
12	0
0	2
0	1
12	3
11	95
0	53
0	66
0	66
0	60
0	1
5	11
0	4
1	2
0	7
0	2
0	5
0	15
1	7
174	0
0	12
19	18
0	18
0	12
0	0
0	56
0	9
0	54
88	19
60	31
1	7
0	54
79	9
0	0
0	0
0	9
0	0
225	0
0	4
0	4
84	0
0	0
0	0
3	0
0	1
0	1
71	93
0	74
0	15
0	2
0	11
74	94
4	89
64	51
7	21
0	21
167	34
0	8
10	8
15	169
0	126
29	137
32	81
0	105
0	34
2	11
3	9
1	0
0	17
26	324
0	22
5	23
0	91
8	31
0	18
5	341
0	38
0	8
0	9
0	25
0	4
224	148
0	34
4	107
0	83
0	42
94	44
7	34
61	6
44	5
0	17
0	107
33	22
0	18
2	16
3	14
17	31
0	11
0	15
4	6
3	1
0	20
109	21
0	15
11	0
0	6
76	60
0	60
0	31
0	5
25	0
40	20
0	0
0	20
10	264
0	117
0	91
0	94
14	131
0	122
0	28
447	49
17	0
0	0
0	53
4	3
0	53
0	138
0	0
252	50
27	88
0	55
0	6
0	13
0	1
0	55
0	160
53	163
91	225
3	1
42	60
7	34
0	130
0	130
17	125
0	14
0	36
0	66
53	46
2	12
0	0
7	0
1	0
0	22
55	212
0	212
0	11
0	32
1	23
0	10
9	65
33	37
0	44
0	9
0	13
0	67
0	19
0	9
14	26
0	21
0	5
13	0
0	0
0	29
0	8
0	5
0	18
0	0
0	2
20	5
0	1
30	9
0	18
0	5
0	4
0	59
30	44
0	0
0	61
0	31
0	31
0	7
0	7
0	3
20	77
0	50
0	0
0	11
0	28
0	30
0	35
0	34
11	15
0	20
0	0
0	0
0	5
1	0
0	0
0	0
0	4
3	10
22	5
0	10
12	86
0	0
0	76
0	49
62	28
11	0
28	4
0	17
0	10
41	10
0	11
0	3
0	5
37	13
1	13
0	13
5	13
129	24
0	0
6	0
0	0
11	0
0	0
8	0
13	0
0	0
8	0
0	1
58	1
0	0
0	0
64	70
0	0
7	58
0	7
44	59
65	66
76	34
0	16
0	28
0	47
148	194
1109	390
0	68
12	100
67	58
48	113
442	68
1	6
43	17
0	12
36	330
0	11
9	5
1	49
53	30
0	11
3	96
0	87
0	4
0	2
1	0
4	49
13	0
15	28
99	69
0	40
34	29
1	21
219	24
0	9
0	24
56	5
0	59
14	24
34	53
19	1
20	0
1	94
49	87
15	100
0	40
3	15
16	5
14	35
0	40
6	51
0	114
0	114
0	0
41	0
0	5
2	45
8	11
19	45
0	0
8	19
0	19
0	26
8	62
0	33
22	34
0	27
6	7
0	13
0	62
0	44
0	39
0	0
1	39
0	89
0	89
0	89
0	39
20	0
0	17
0	17
6	0
0	0
0	17
0	17
10	6
0	64
0	38
0	38
0	50
8	34
9	42
0	1243
0	1265
4	1325
0	1239
1544	1588
0	1176
0	1439
0	964
0	1379
0	843
0	1626
0	1097
14	296
504	261
0	70
0	72
3	89
68	222
0	72
259	193
15	0
50	0
297	16
0	13
0	13
11	50
0	33
2	17
0	22
8	22
0	9
3	0
5	25
0	51
0	0
0	3
6	36
0	1
43	10
0	1
35	43
47	46
0	51
0	11
0	27
3	16
0	5
0	11
0	0
0	4
12	7
0	3
7	3
0	0
1	0
6	0
32	0
0	14
0	1
0	6
0	6
0	58
0	6
0	56
0	0
1	52
15	51
25	114
4	114
0	10
23	112
8	35
22	15
0	7
6	21
0	0
0	0
4	0
0	133
18	130
97	133
21	42
0	5
9	42
69	10
0	16
7	6
4	5
38	161
24	23
0	6
4	7
0	6
0	1
42	165
0	33
0	33
0	0
0	20
0	5
15	6
5	5
47	0
0	0
0	11
4	0
0	84
0	84
32	49
53	50
0	84
44	8
1	74
0	40
49	19
0	12
64	35
0	28
36	3
27	3
28	4
16	17
24	29
0	156
0	156
0	156
0	156
0	146
0	146
0	146
0	146
0	153
0	153
0	148
0	148
0	151
0	156
324	268
8	156
0	156
0	153
0	6
0	6
0	6
0	2
0	2
112	5
0	0
0	16
0	7
0	49
0	3
0	16
15	0
12	12
0	20
25	14
14	0
0	22
1	1
9	21
0	0
0	11
0	67
35	73
28	6
124	20
0	24
0	67
0	67
0	114
2	48
0	55
0	5
0	3
1	4
0	114
1	0
137	53
4	47
42	14
1	21
0	21
0	2
0	2
0	21
3	2
20	145
0	42
0	11
5	28
0	11
0	28
0	68
19	68
0	41
0	41
0	6
44	0
51	62
63	5
1	3
0	1
0	0
27	0
0	3
0	3
0	35
0	35
0	11
306	47
3	0
0	0
4	89
0	13
0	11
0	74
0	74
0	36
26	19
0	17
0	6
0	89
6	39
39	41
0	3
0	26
0	3
24	0
78	85
0	86
9	19
0	32
33	36
8	3
2	15
340	0
0	44
0	44
6	8
0	73
0	86
0	44
14	37
26	52
86	4
8	23
2	2
0	0
0	21
0	21
0	10
0	0
0	6
0	6
0	21
0	16
0	18
0	12
28	5
21	23
0	23
0	7
3	0
1	10
0	13
5	7
20	1
69	0
0	37
4	37
0	37
0	5
0	5
0	37
0	37
2	5
1	26
3	33
0	0
6	10
0	28
0	2
0	2
6	15
0	15
0	15
0	15
9	1
53	10
6	9
11	0
3	1
11	1
0	25
0	69
0	24
8	9
0	6
6	15
15	1
0	13
0	56
0	0
6	12
0	69
0	18
0	17
0	5
9	12
0	4
0	25
0	25
0	25
0	25
0	50
0	26
0	39
0	15
0	0
0	2
0	2
0	119
4	68
0	56
52	0
1	58
0	10
25	0
31	65
0	65
0	18
7	5
0	8
75	57
0	49
0	13
0	18
3	44
83	0
103	54
0	44
0	44
0	44
0	40
83	29
0	29
0	29
1	4
95	4
34	0
38	2
0	2
121	73
0	0
0	0
22	22
34	47
98	9
0	9
0	0
54	42
0	1
0	1
20	22
0	0
39	22
148	4
9	4
0	4
2	8
0	2
1	7
251	0
0	35
21	35
7	25
21	9
32	7
0	6
16	36
17	1
0	36
0	35
0	30
0	30
0	34
0	164
2	164
1	109
0	148
5	0
1	6
0	6
3	0
0	6
19	2
0	0
0	0
0	2
0	8
0	8
1	8
2	0
106	6
0	6
0	89
0	89
0	22
0	63
0	6
33	32
2	90
0	17
4	17
0	0
2	9
0	9
0	3
0	0
1	17
0	8
6	0
15	8
0	0
0	8
0	9
0	60
46	1
48	0
0	0
0	46
0	46
0	46
0	43
0	0
10	6
0	0
5	0
0	0
0	5
4	5
0	60
8	67
0	61
0	2
0	1
0	3
0	21
10	53
0	2
0	2
0	0
0	1
0	52
0	46
0	0
0	0
13	0
0	5
12	25
0	1
0	12
0	19
0	25
0	77
0	30
0	27
7	3
5	36
0	2
0	29
2	31
0	2
1	46
78	50
0	15
8	0
0	10
0	14
0	14
0	15
9	0
28	0
18	13
0	9
5	4
0	0
24	8
0	8
21	14
0	16
2	94
1	12
0	82
0	1
0	0
18	4
0	4
0	13
0	8
0	11
0	3
5	13
29	76
5	80
0	112
0	105
0	79
6	10
33	168
6	0
5	0
0	90
0	89
2	88
38	87
167	179
0	64
0	87
3	0
239	5
0	5
57	37
4	9
2	32
11	14
0	11
4	12
11	5
0	129
25	27
2	69
0	13
1	4
1	129
49	13
0	6
0	12
10	31
214	31
9	112
139	7
0	7
8	1
0	5
112	101
171	23
17	23
36	53
0	53
3	8
10	8
0	38
4	36
188	41
12	19
1	0
0	93
145	1608
0	41
39	19
0	19
0	7
0	1
0	0
0	0
0	171
0	203
3	203
0	89
0	37
28	89
0	2
0	27
3	0
0	75
0	2
19	59
0	3
1	188
0	130
0	90
16	167
8	0
58	174
24	6
4	5
0	11
0	0
82	0
0	0
3	29
0	0
11	0
40	6
33	0
92	7
0	6
29	17
0	10
42	7
10	31
0	0
0	86
0	15
0	0
0	7
9	7
35	92
14	72
0	7
0	44
0	0
0	44
132	134
0	34
0	75
0	14
0	14
0	14
0	13
0	1
0	0
36	12
0	4
111	14
0	12
4	0
3	0
55	11
20	17
0	100
0	100
0	41
0	3
0	40
0	39
0	36
0	0
0	41
0	40
54	165
12	158
72	162
6	16
0	18
16	15
0	3
0	3
2	3
102	102
0	36
20	90
0	7
11	84
15	48
45	43
2	43
0	17
0	40
0	0
0	0
2	8
0	0
0	4
2	5
1	157
0	10
5	153
36	79
1	38
0	70
0	0
53	44
1	2
0	12
17	17
0	13
0	39
0	39
0	39
0	39
0	6
0	9
0	9
0	57
21	57
0	35
12	11
0	11
0	23
21	59
50	45
0	31
1	1
15	41
0	19
34	49
0	3
2	4
0	19
33	50
0	52
0	52
72	8
0	40
14	0
0	0
35	59
0	43
8	19
0	35
7	58
0	4
7	11
0	16
19	4
4	15
0	1
3	46
0	46
0	0
0	8
0	2
0	1
0	1
3	1
90	125
0	1
0	6
0	1
0	58
0	1
0	1
0	5
0	125
1	0
54	45
0	4
3	8
0	9
0	6
0	6
13	9
0	9
0	17
6	17
248	0
56	1
54	63
0	56
0	51
0	3
13	47
0	26
0	33
2	19
7	12
0	19
10	140
32	2
0	24
0	24
0	0
0	2
0	0
23	25
0	125
0	26
0	39
11	17
0	260
0	287
0	260
0	8
14	0
12	54
0	54
19	25
10	28
17	3
0	3
0	15
46	118
0	118
17	82
3	49
5	4
16	4
0	0
0	0
1	4
0	0
89	31
0	0
0	0
0	8
0	31
0	31
0	31
0	1
0	1
0	1
0	4
0	4
8	0
0	4
0	5
0	0
113	18
0	7
0	92
0	92
0	92
0	92
0	92
0	92
0	92
0	92
0	92
0	92
0	92
0	92
0	92
0	92
0	92
0	92
1	0
0	7
18	119
0	1
3	0
8	46
13	48
0	10
0	0
0	2
0	92
0	92
79	108
6	8
0	108
14	65
0	65
4	65
0	59
0	58
13	14
7	13
21	55
232	187
0	159
0	18
26	20
1	2
1	1
0	0
7	25
0	12
0	24
0	123
0	150
1	99
0	100
7	56
0	13
0	5
0	49
0	1
0	45
0	44
0	116
0	116
18	10
167	58
0	43
24	43
0	46
94	65
17	21
35	10
0	4
30	4
1	4
63	52
0	66
0	45
0	18
0	29
66	22
0	37
0	37
75	18
6	18
0	0
0	0
0	3
55	15
65	6
30	6
27	350
0	350
0	103
0	350
0	148
0	148
0	127
0	12
0	150
0	7
0	116
0	0
0	4
0	7
0	4
33	69
8	37
0	16
0	0
0	22
0	11
83	10
24	27
24	27
11	0
27	1
5	1
11	27
0	13
0	27
0	15
54	35
0	15
21	11
5	31
0	64
5	36
0	56
0	36
0	39
31	0
0	22
0	22
0	102
0	1
11	0
0	22
0	103
0	63
0	63
0	53
3	62
0	0
0	0
0	0
0	0
0	9
0	0
0	25
84	0
118	59
0	36
5	33
0	6
0	0
0	27
68	59
0	27
12	11
73	6
4	2
66	0
0	15
15	16
3	0
138	44
170	32
1	38
3	20
0	19
0	12
5	6
16	100
0	21
12	30
0	5
19	0
0	30
16	191
0	10
0	9
0	0
0	0
0	0
1	6
0	6
0	98
0	96
15	98
0	79
15	160
4	69
0	20
0	20
33	0
6	0
0	94
0	85
213	150
45	0
10	96
0	0
0	0
93	19
0	13
0	19
0	14
0	12
0	14
3	5
0	5
0	7
0	14
0	5
0	7
0	8
0	1
0	1
6	6
1	29
0	53
0	24
27	38
0	0
2	118
0	99
0	75
0	0
0	10
0	10
1	17
0	15
0	17
0	16
10	9
130	0
0	460
0	460
0	34
0	0
0	6
68	17
0	65
0	22
0	55
0	54
0	41
0	15
0	40
8	1
0	0
0	6
0	5
0	5
9	0
0	54
0	7
26	111
0	8
57	82
0	77
1	26
7	9
378	20
14	13
0	0
0	7
88	0
0	32
41	32
35	130
0	130
0	26
3	94
0	83
0	78
1	73
8	40
11	17
12	5
3	39
0	33
0	33
0	1
0	0
0	0
0	1
4	8
29	0
20	19
0	16
0	32
0	44
0	44
14	30
0	3
0	0
0	0
392	68
0	1
9	0
101	49
0	36
0	68
0	68
11	0
5	0
18	286
0	286
0	15
58	29
0	8
0	5
0	1
1	9
0	6
0	1
0	8
0	8
0	4
19	18
16	1
0	6
0	5
472	175
33	175
0	0
0	0
0	0
0	0
0	0
0	10
6	31
0	21
0	18
22	10
0	10
0	2
0	10
0	9
12	0
2	37
53	24
0	51
0	10
32	10
20	44
0	33
0	0
1	0
0	0
1	0
0	0
1	44
7	26
12	26
27	31
0	17
0	14
0	14
0	26
0	20
3	19
0	16
50	57
0	0
0	13
0	1
0	7
0	26
0	10
0	4
0	7
0	20
0	0
2	0
0	26
0	16
0	8
0	44
38	80
22	76
0	69
9	69
37	43
0	16
36	16
50	5
49	10
6	40
10	51
183	114
74	27
0	8
0	0
16	46
0	34
0	36
0	26
0	2
21	2
61	72
0	0
0	33
0	33
1	0
0	0
30	19
8	0
1	68
10	80
19	57
0	34
10	4
14	38
0	3
0	6
0	11
10	80
0	68
12	45
0	24
0	11
20	4
11	7
0	21
0	9
76	1
3	6
10	36
32	63
7	11
0	15
9	0
9	1
0	16
0	9
0	16
2	0
8	38
2	38
0	38
0	15
1	10
14	32
0	32
47	0
4	20
57	10
0	16
11	23
4	6
1256	23
0	23
6	22
0	1
5	0
154	0
0	0
33	41
126	50
8	9
0	54
18	54
1	45
0	39
0	92
0	65
0	29
0	57
0	28
33	184
0	22
0	23
0	0
15	0
0	24
0	12
0	0
15	0
0	110
0	22
0	12
18	17
14	39
0	17
2	65
0	33
0	65
0	0
0	11
12	19
13	4
3	0
25	15
0	2
124	5
0	21
0	181
1	181
0	8
6	5
1	0
0	0
117	0
13	1
5	100
0	194
6	147
0	1
0	1
0	9
59	9
2	12
0	8
0	71
0	71
0	77
6	77
0	66
9	65
0	69
0	69
3	12
0	11
0	4
0	69
611	33
58	56
0	11
119	291
0	0
25	72
0	72
11	0
8	280
283	215
0	215
87	11
0	10
0	1
0	1
250	19
0	19
65	10
0	4
0	45
0	19
6	60
0	56
41	9
0	0
0	4
0	4
0	50
61	66
0	66
0	2
0	26
58	32
0	27
0	7
25	9
0	6
0	2
0	0
0	0
0	0
0	0
0	0
0	2
5	0
0	4
90	9
17	88
7	27
14	61
66	0
7	13
44	13
157	35
0	7
0	19
0	4
3	9
55	11
0	6
0	1
1	0
0	0
0	4
7	4
0	14
6	41
6	13
0	5
0	8
55	29
7	8
0	4
50	38
0	38
0	1
0	12
28	28
24	13
1	17
1	7
0	6
0	6
15	6
0	6
0	6
13	34
0	29
0	20
27	8
164	67
0	85
4	91
0	33
0	19
0	20
0	1
0	1
0	0
1	1
0	1
0	91
0	7
1	7
0	7
0	37
0	16
0	14
5	9
0	25
128	376
20	0
47	0
140	20
2	20
38	12
14	12
0	0
0	6
0	32
54	81
0	80
141	41
0	40
0	28
40	11
0	11
212	165
0	5
0	19
0	89
1	0
0	0
0	29
47	2
0	17
1	147
0	147
0	3
91	58
0	58
0	0
51	0
7	0
2	0
0	0
27	90
0	7
0	7
0	37
6	37
210	43
0	8
0	33
0	37
4	37
167	16
50	10
3	16
0	65
0	80
0	1
0	1
8	6
6	114
0	99
82	42
0	5
0	3
0	5
0	38
30	44
0	51
0	2
0	2
0	43
0	115
0	108
11	69
70	11
2	3
0	29
0	26
2	9
0	7
0	1
36	10
0	10
0	10
0	11
0	1
0	5
0	0
1	5
0	4
9	10
565	7
72	48
2	44
35	33
1	34
18	34
0	0
62	88
3	503
0	100
0	85
96	34
0	65
0	65
0	67
0	0
0	29
0	28
22	0
1	49
8	229
56	260
0	146
10	149
0	3
30	2
4	13
0	26
0	26
0	41
0	19
16	9
0	8
0	9
0	9
0	0
19	0
0	1
0	20
24	244
0	53
0	110
0	36
0	50
2	50
0	110
0	50
0	53
4	0
0	55
21	79
0	18
29	40
11	68
0	82
0	78
0	12
3	22
1	11
21	0
0	13
275	0
265	43
8	23
0	13
0	23
43	0
11	0
118	0
59	9
5	17
0	1
4	7
21	0
7	0
110	0
0	11
0	12
0	23
9	23
14	23
0	23
10	30
0	18
0	4
0	14
17	139
49	14
28	18
0	129
3	1
4	1
16	0
54	12
0	0
0	12
5	0
0	3
90	9
18	9
14	0
0	0
2	0
0	34
3	34
0	4
0	11
24	5
0	12
15	0
42	58
0	58
1	0
0	50
0	5
5	21
0	21
0	21
20	51
0	6
0	0
1	45
0	44
15	54
0	35
0	36
0	36
0	36
67	1
0	1
37	60
5	50
0	4
48	29
0	28
0	33
0	44
0	44
0	44
0	38
4	20
4	14
0	7
0	7
0	4
0	4
216	0
51	158
2	158
3	13
0	0
23	6
0	6
361	69
0	0
0	48
0	6
30	13
5	34
0	3
0	25
0	25
0	0
0	19
3	19
0	19
0	20
0	8
12	5
0	0
4	0
3	104
2	30
0	35
0	18
0	13
0	35
0	30
0	35
0	12
0	17
0	12
17	16
3	4
6	0
38	0
0	13
0	13
27	0
3	2
3	0
0	0
38	86
1	55
0	5
0	7
0	5
0	49
13	49
119	147
30	147
75	3
4	0
1	0
22	50
11	77
0	44
0	22
0	2
12	31
0	22
92	0
72	36
0	36
0	6
1	6
266	5
0	0
0	77
1	11
0	83
25	1
3	17
4	10
0	0
0	5
1	0
5	6
0	0
0	0
0	10
0	0
0	11
6	0
25	19
49	0
0	5
42	271
7	20
0	0
0	0
37	7
0	0
1	0
48	35
0	16
3	8
7	8
0	22
0	27
0	7
0	5
2	53
18	104
0	31
38	5
0	0
0	1
0	55
1	0
0	66
2	59
0	59
0	12
0	58
0	57
0	2
22	58
5	11
0	3
0	8
0	7
13	8
51	66
0	43
0	59
0	16
91	23
1	22
1	11
0	12
0	12
0	11
18	11
0	8
148	115
28	8
0	10
7	3
0	0
15	104
1	22
5	21
16	48
8	43
0	90
0	95
0	0
10	12
0	3
0	16
4	0
42	0
13	0
45	9
0	9
36	8
0	0
0	0
0	8
4	3
2	0
0	11
0	11
5	11
0	0
1	5
84	0
70	126
0	109
0	4
0	5
14	16
7	4
0	13
78	94
218	92
208	0
363	0
0	198
0	204
7	41
0	164
18	21
1	0
13	4
24	0
0	0
0	5
4	2
0	12
0	15
4	17
45	17
0	10
0	0
0	0
0	5
0	0
10	0
0	5
0	5
0	5
0	5
0	5
16	0
0	10
0	0
0	5
0	5
41	21
0	1
0	25
0	31
0	5
0	31
0	19
0	16
12	16
26	0
0	1
0	5
128	3
0	11
130	0
0	45
0	46
0	42
17	40
0	38
0	32
0	15
0	17
0	13
0	4
13	8
42	14
22	0
31	0
4	0
5	0
0	33
14	33
27	35
6	42
13	33
0	54
8	35
3	39
21	39
0	26
7	68
0	68
0	61
0	62
0	63
0	64
0	65
2	6
0	6
3	0
0	0
0	13
0	15
29	15
0	15
0	6
5	19
29	26
11	18
0	15
10	8
22	0
13	0
8	7
0	58
13	56
22	42
0	45
1	13
0	8
0	4
0	3
4	9
0	10
2	0
0	0
0	66
65	75
0	19
0	45
0	39
0	39
59	53
0	36
11	22
0	1
0	20
10	1
3	3
0	0
4	4
13	4
31	33
0	31
0	6
0	0
0	135
0	145
0	139
0	30
319	14
0	0
0	4
1	0
5	2
0	10
9	74
0	74
0	32
30	6
22	33
0	2
10	29
6	4
65	0
5	0
16	40
0	18
0	0
0	14
0	1
3	23
0	13
0	13
0	13
0	13
0	7
5	40
0	40
0	7
0	7
133	0
2	58
25	37
18	58
0	21
0	21
0	21
0	21
0	11
15	15
0	8
0	113
0	103
0	41
7	179
0	183
0	35
0	4
0	20
0	11
9	13
0	10
0	10
4	2
24	0
140	10
0	10
91	130
0	27
1	5
0	0
0	5
0	5
1	1
36	6
30	3
0	3
18	0
125	0
27	0
132	0
0	117
0	123
0	123
0	123
0	40
0	47
10	0
25	51
0	19
0	5
0	110
0	0
0	0
14	0
9	110
29	220
0	141
0	103
402	531
0	21
9	0
5	0
66	15
13	15
3	0
0	0
1	0
0	0
20	29
0	29
0	29
42	29
24	29
0	8
2	27
0	26
0	2
81	24
13	1
0	12
44	54
2	35
0	25
0	25
6	5
6	25
0	22
0	31
0	35
0	6
0	6
0	0
0	0
0	0
0	0
0	2
0	2
143	140
11	30
4	24
0	4
34	96
0	129
13	208
0	125
4	53
0	53
88	96
0	0
0	0
0	1
0	34
0	8
5	34
5	45
0	46
0	46
0	0
3	1
0	16
299	89
0	89
0	65
0	82
3	0
0	0
0	0
0	0
76	0
103	30
5	21
102	72
0	49
0	42
5	14
0	33
3	0
0	0
10	0
0	0
0	1
0	1
159	136
0	128
0	8
5	0
0	0
3	11
4	12
0	2
11	3
5	11
0	16
0	5
26	0
0	1
0	6
0	6
4	5
0	5
5	0
24	0
18	34
0	34
0	34
0	29
0	25
0	9
0	13
56	45
0	31
1	45
0	0
26	38
10	85
0	85
0	45
0	16
9	16
0	0
12	24
19	21
3	30
178	3
0	4
0	4
4	8
7	15
0	110
3	116
2	102
1	81
0	44
19	0
14	303
0	0
0	41
0	41
0	37
7	15
0	73
140	166
0	11
63	35
0	35
0	52
59	52
0	16
2	8
16	2
82	48
35	109
7	9
0	104
2	28
16	9
0	10
29	13
8	0
0	15
23	11
0	43
0	1
2	81
18	46
0	64
0	78
0	30
0	10
0	7
0	2
32	22
2	0
0	78
22	4
44	4
5	0
12	0
0	26
20	26
38	20
0	20
0	20
0	12
0	12
0	12
0	12
2	9
0	5
10	3
6	23
0	24
0	24
0	21
0	3
9	3
0	12
20	94
0	51
20	40
0	31
3	31
0	38
3	8
6	8
13	10
54	0
0	31
18	180
0	23
2	5
0	0
9	162
0	0
0	97
22	110
18	4
0	15
0	13
0	21
68	100
0	0
40	82
0	81
2	81
0	57
8	6
0	2
0	2
10	2
0	2
1	0
0	208
11	174
3	31
34	12
0	5
35	17
23	5
0	14
27	1
0	12
0	107
0	95
10	29
558	23
86	0
19	2
9	0
54	0
48	11
0	9
75	6
0	6
0	63
0	66
0	66
3	46
1	0
0	25
1	0
5	0
8	0
226	22
0	92
13	94
3	0
0	46
0	29
2	0
0	21
53	45
13	0
0	0
49	23
13	152
0	65
0	77
20	50
0	52
0	37
46	84
23	35
0	11
8	0
18	10
4	38
0	82
20	72
0	10
0	99
0	62
4	3
0	46
44	30
0	10
0	99
0	34
0	34
0	32
0	25
2	39
0	25
51	448
0	12
0	11
0	35
0	10
0	17
0	16
2	5
0	24
0	16
0	0
7	13
0	23
9	11
0	4
18	0
16	353
21	354
5	24
4	8
0	0
68	278
9	133
158	321
0	209
125	330
0	23
11	13
0	4
33	10
44	7
0	10
6	26
0	8
117	153
0	91
25	91
0	102
27	76
0	24
0	31
0	17
0	16
0	41
0	42
0	32
0	26
0	81
19	6
0	12
0	25
0	150
6	98
0	91
2	96
3	10
132	54
0	54
0	91
0	92
0	14
9	14
195	0
146	0
81	87
0	0
6	4
5	84
31	0
31	342
0	45
31	26
0	26
0	77
0	16
0	77
36	16
0	10
1	71
0	61
0	0
0	2
0	116
0	118
0	50
0	58
0	9
37	16
52	60
2	0
0	7
37	7
33	7
0	87
0	89
0	15
0	42
0	106
10	77
0	77
0	20
27	26
0	41
5	0
17	12
131	18
37	82
5	9
0	58
0	58
0	73
2	6
0	28
45	10
0	79
6	34
0	12
18	3
0	4
0	4
0	43
0	1
0	0
4	14
0	50
0	74
0	55
0	70
0	70
0	53
0	16
0	55
0	45
0	28
0	5
79	87
0	0
0	47
0	5
0	55
0	78
0	6
0	10
0	53
0	28
0	53
0	53
0	53
42	0
109	49
1	7
3	7
0	4
24	5
4	0
367	35
0	2
26	28
6	4
0	35
0	4
0	0
1	4
17	6
0	3
20	32
0	2
14	2
0	2
2	2
0	2
0	7
0	0
6	0
71	31
0	40
2	44
21	0
15	29
0	9
60	51
0	17
11	17
0	17
0	18
0	34
24	20
9	20
7	20
0	20
44	0
21	0
150	4
33	46
0	46
25	46
0	46
0	20
1	20
0	19
0	0
0	1
69	12
0	52
1	0
2	33
7	6
7	1
0	0
0	5
0	0
29	5
0	5
0	0
7	10
0	10
1	1
0	1
0	1
428	9
0	49
0	140
38	97
28	28
10	94
29	2
0	2
0	38
0	23
25	26
0	27
3	4
1	9
0	3
12	0
0	38
10	5
0	0
11	11
1	11
367	0
30	0
0	89
0	25
0	19
9	0
0	0
0	12
0	54
81	22
0	35
28	0
0	45
3	45
49	2
17	0
16	0
231	57
29	57
0	66
10	50
24	89
0	8
0	8
1023	117
1	92
0	3
17	9
49	9
5	9
0	127
0	126
0	74
18	33
0	88
0	15
0	15
0	184
0	184
0	74
0	10
32	12
0	3
16	47
4	20
0	22
15	10
31	0
15	1
0	1
24	13
0	27
0	47
35	82
0	13
0	54
0	13
48	0
25	34
26	54
0	45
0	24
15	38
0	8
0	28
0	28
5	53
7	13
0	32
81	46
15	53
0	28
0	24
1	1
0	0
0	28
0	11
32	0
44	41
0	56
669	56
0	1
3	1
26	0
27	31
19	0
1	0
0	35
19	47
0	30
0	16
0	13
0	5
0	3
0	2
3	0
0	4
0	5
0	0
0	19
0	19
0	19
0	19
0	2
0	2
0	18
409	113
0	146
0	135
0	146
0	7
0	54
3	77
21	16
0	24
0	24
0	10
0	10
0	23
0	23
0	5
7	0
514	19
12	16
0	7
24	7
0	4
58	24
0	119
0	119
46	140
0	147
0	1
0	0
0	0
48	24
10	50
0	48
0	5
22	0
6	1
149	10
4	3
0	0
5	7
2	2
0	44
0	44
0	0
0	0
83	91
3	0
0	0
0	5
86	170
107	170
11	72
24	75
0	10
7	0
14	0
2	0
11	64
10	5
5	5
16	5
0	32
12	31
0	1
23	47
0	37
0	37
129	37
38	40
0	0
87	112
0	12
5	16
0	104
105	18
0	301
23	11
79	301
131	45
0	8
0	8
10	8
2	3
6	1
0	1
7	0
0	1
0	0
0	0
0	13
0	13
0	13
1	0
9	30
0	0
88	16
3	0
0	0
0	49
0	49
0	2
0	0
0	0
0	2
0	2
0	10
4	11
122	8
0	0
46	7
22	0
24	0
2	0
0	133
33	133
5	26
0	26
27	26
24	26
20	21
0	1
56	141
75	192
1	56
0	21
0	0
0	21
4	0
0	0
15	3
0	2
24	0
0	12
0	182
19	27
31	8
0	131
10	2
0	0
0	0
0	182
61	22
0	5
0	8
0	79
1	79
169	19
146	31
0	25
0	22
22	16
5	12
6	3
0	61
0	54
0	42
26	36
0	30
0	12
0	0
0	61
0	30
29	48
0	7
0	0
0	48
13	48
7	0
25	32
0	0
245	7
0	3
0	4
7	0
0	0
0	0
23	218
0	0
0	1
0	1
0	13
4	13
0	93
3	116
0	0
0	0
0	9
0	13
8	13
0	20
3	19
0	22
62	18
163	8
32	13
47	27
14	11
0	11
28	27
0	13
8	16
16	25
0	0
17	51
0	7
0	4
0	7
0	24
0	8
0	5
0	0
12	1
10	1
0	16
6	91
0	24
0	24
8	0
167	9
1	5
0	0
13	0
0	1
62	146
0	40
0	0
11	363
0	364
60	97
360	5
43	5
0	33
0	25
0	33
0	49
3	49
0	0
378	71
2	56
4	25
0	4
0	1
0	18
4	13
15	22
0	34
0	15
1	19
8	30
0	18
0	45
0	30
1	28
0	32
1	0
9	19
0	45
0	45
6	10
0	10
0	9
0	15
0	15
0	218
0	7
17	211
34	8
1	10
0	8
0	4
3	8
0	10
67	26
0	18
0	11
28	3
0	96
0	85
0	13
1	5
11	0
0	85
0	75
39	75
0	7
1	7
4	0
14	0
101	88
42	56
0	77
0	12
44	16
0	8
0	28
1	3
6	0
0	4
0	1
0	0
9	0
0	4
0	0
0	4
40	24
0	0
49	0
4	1
0	6
7	13
29	8
52	206
0	206
6	40
0	30
0	12
99	79
0	70
0	11
0	0
1	3
3	22
6	0
2	4
0	5
23	4
0	4
9	0
18	8
0	8
0	1
0	7
0	1
0	43
0	43
0	43
0	7
1	1
0	11
0	1
6	10
15	4
367	182
131	181
0	9
0	3
0	3
0	7
0	0
0	0
0	0
0	0
0	0
0	197
0	8
655	34
10	508
0	507
31	8
0	5
0	1
255	68
0	7
4	48
0	57
0	32
26	181
32	11
0	19
0	698
0	613
5	22
40	209
0	368
31	380
0	24
95	28
10	17
132	123
0	1
0	1
0	4
11	0
0	10
0	9
0	6
59	24
0	24
10	0
22	86
0	58
0	57
8	11
0	0
0	0
0	11
6	0
4	47
0	11
0	10
0	11
5	0
121	31
0	86
0	32
0	27
0	0
23	32
0	36
1	12
0	5
0	0
0	29
0	17
0	0
130	15
0	15
25	10
27	2
0	1
8	9
18	7
0	14
128	37
76	39
0	16
42	51
13	129
0	31
0	0
3	47
0	14
0	37
0	38
0	15
50	0
0	37
0	38
0	23
0	15
0	13
0	13
0	2
6	23
12	8
0	3
32	64
0	39
0	21
0	1
0	31
0	130
5	19
4	130
8	10
0	43
0	10
15	30
0	15
0	4
16	1
0	4
0	15
0	14
1	38
0	6
0	0
0	5
6	10
105	25
0	13
17	30
0	31
6	28
52	38
23	7
33	34
18	19
170	80
0	5
10	2
0	63
20	0
0	4
0	7
9	0
56	68
0	6
18	8
39	19
9	34
0	52
0	34
0	3
0	52
17	128
0	128
11	7
0	21
103	3
51	96
0	92
57	20
20	9
0	43
0	44
0	43
24	0
36	27
1	149
0	66
28	17
3	6
0	25
1	0
0	149
0	133
0	222
0	98
0	60
0	48
0	142
0	147
0	145
0	4
5	5
0	16
0	5
0	222
0	140
0	26
0	25
0	40
0	38
0	16
0	23
5	0
0	0
1	19
0	4
0	16
0	1
0	26
0	8
0	17
1	17
0	25
0	17
0	9
0	503
25	485
0	3
43	584
76	22
3	503
3	0
0	54
12	3
120	606
47	47
0	3
9	44
64	3
25	135
0	4
15	10
0	5
0	5
0	3
6	3
0	0
0	41
9	24
49	43
0	36
0	38
0	34
288	0
9	4
0	8
0	17
0	17
52	75
385	11
2	60
104	67
0	19
28	6
0	34
0	14
4	6
54	21
0	21
0	10
6	5
9	0
51	9
0	9
0	110
3	1
4	110
69	33
91	21
4	31
14	4
0	1
0	12
0	0
1	5
287	0
1	0
3	0
0	0
108	848
0	848
9	518
0	0
0	25
0	25
0	17
181	46
0	20
0	17
0	18
6	18
5	21
0	42
0	24
0	21
30	39
0	64
0	0
0	42
47	80
0	17
45	61
1	8
20	24
6	0
0	1
0	6
13	40
0	16
0	14
16	78
0	77
0	0
38	60
3	2
160	24
85	0
91	0
21	0
0	47
12	76
0	26
52	4
11	4
26	0
11	3
10	101
17	106
0	107
20	102
57	17
0	79
5	6
53	67
0	67
0	11
67	48
0	60
0	9
0	27
0	420
0	420
0	10
20	16
0	16
98	58
7	14
36	5
0	5
23	11
0	14
0	14
0	0
14	14
23	63
8	10
0	31
34	41
0	20
0	400
36	36
0	38
0	36
90	245
0	410
85	109
36	5
11	5
14	0
1	0
0	0
0	8
0	12
20	4
0	4
0	4
16	9
0	9
59	6
17	6
54	364
0	2
0	19
0	19
0	19
5	7
0	7
0	67
0	54
12	65
0	40
0	14
0	24
0	32
0	5
0	19
4	11
0	3
0	3
0	0
13	26
13	8
0	9
0	2
0	67
9	0
0	0
0	0
0	0
26	93
0	0
0	0
0	0
31	0
39	64
7	35
31	29
30	57
0	78
0	241
5	241
0	78
0	86
0	86
0	4
0	142
13	11
0	11
16	0
0	21
43	21
0	77
56	88
0	77
0	65
0	88
28	77
0	11
71	135
0	1
42	0
0	10
6	11
0	2
16	0
47	0
8	47
0	22
0	11
47	16
0	25
6	13
103	115
59	70
0	93
0	69
2	74
27	0
0	10
67	311
0	72
0	72
0	36
20	55
211	110
0	5
42	78
0	69
0	69
0	45
15	0
8	23
0	4
0	14
0	23
4	23
0	5
13	14
23	14
0	9
6	0
2	9
14	20
0	20
75	9
0	9
182	25
8	25
9	25
0	1
0	1
0	9
2	34
23	32
0	24
5	26
0	3
3	3
89	144
0	144
0	16
0	24
0	24
3	24
0	7
0	15
0	2
0	2
34	10
32	24
0	21
0	0
1	15
0	12
1	0
0	0
1	14
11	3
0	8
0	1
15	26
2	26
88	116
0	110
0	8
0	6
0	6
158	0
0	0
175	50
0	4
3	0
0	0
9	37
0	102
79	111
0	65
0	65
0	9
0	3
0	3
6	0
66	64
130	11
0	8
0	11
1	2
6	2
0	1
0	1
0	1
15	3
3	97
117	181
0	24
0	0
48	0
0	31
25	35
0	4
8	4
53	13
2	5
0	0
5	8
0	40
14	99
0	127
0	127
0	109
0	135
0	67
0	55
0	4
29	59
7	81
0	80
0	1
0	1
0	32
0	38
1	5
7	1
0	6
0	248
47	197
41	168
77	83
2	0
0	248
34	13
9	0
23	0
78	93
5	2
6	0
13	5
0	52
20	44
17	44
0	0
5	9
0	9
7	0
40	12
0	12
7	12
15	5
0	0
5	5
2	66
0	43
125	43
26	36
0	16
340	218
0	26
80	34
0	34
3	52
0	16
0	36
4	0
8	36
4	0
20	158
0	142
0	22
0	43
0	43
0	19
0	158
0	149
0	155
0	146
0	82
0	3
0	3
82	0
0	69
0	67
46	34
158	25
9	0
15	121
0	124
29	126
0	97
0	2
16	0
26	3
131	50
0	22
26	0
0	0
125	14
0	28
0	9
0	9
0	28
4	4
0	17
29	52
0	0
71	227
0	25
74	100
0	30
46	47
0	0
11	19
1	30
0	11
0	0
0	0
0	19
0	27
0	0
1	0
0	0
7	0
0	76
0	76
0	19
36	20
0	21
0	14
22	24
8	3
0	3
61	3
0	12
7	3
0	107
26	77
78	68
2	84
0	54
0	0
149	179
55	78
104	32
52	12
2	12
0	4
0	3
9	2
0	0
29	20
0	67
0	67
0	20
36	8
0	0
0	0
12	6
131	4
179	64
9	29
11	35
29	14
0	0
6	80
0	79
0	37
0	37
0	36
0	36
12	1
132	115
33	126
0	15
0	8
0	18
0	9
0	6
0	0
0	0
0	13
0	13
0	13
73	13
1	0
7	49
0	44
1	46
0	69
0	124
119	161
0	137
0	26
10	0
0	77
0	1
2	96
12	9
0	19
0	106
18	115
0	8
0	167
0	41
0	16
0	35
24	12
0	6
0	0
0	8
0	0
2	0
0	35
3	89
0	36
20	35
0	10
14	69
0	1
0	37
0	16
0	3
0	2
0	0
20	17
2	2
0	3
0	16
0	16
0	9
5	8
4	1
13	1
1	0
0	2
0	3
0	3
0	0
0	0
0	4
0	2
0	2
0	0
0	5
0	2
4	1
11	0
1	0
0	1
0	0
2	1
28	5
33	36
0	19
0	30
0	15
0	7
128	25
0	0
3	223
0	23
141	60
5	60
7	155
7	155
0	109
58	24
0	0
0	0
0	12
0	15
4	0
3	29
0	15
15	22
0	22
8	22
0	22
0	22
0	38
22	38
0	5
0	14
0	0
107	5
61	63
0	60
0	6966
2544	11373
0	19
3	5527
1	0
4	0
28	0
0	48
0	8
22	15
0	46
0	4
0	31
0	9
0	34
0	11
6	0
15	23
0	2
26	0
12	0
0	0
23	0
12	5
0	171
0	34
14	7
38	263
6	289
84	0
6	168
0	146
0	202
0	19
7	51
29	185
0	64
0	98
0	29
0	19
10	29
31	15
0	4
0	14
0	5
0	1
23	188
0	282
0	282
0	272
45	285
0	109
0	109
75	4
3	4
175	57
0	56
0	5
128	23
0	4
101	14
0	14
20	26
4	3
0	3
5	27
0	21
0	6
22	54
0	49
0	15
73	353
0	54
0	18
0	60
0	19
0	41
0	74
0	0
9	6
22	0
27	2
279	56
24	27
0	45
0	46
14	19
20	21
0	1
0	1
0	19
371	55
0	69
0	14
0	16
1	5
37	68
33	109
99	34
16	7
84	123
0	39
6	5
0	21
22	20
390	62
45	51
0	62
1	69
0	85
0	0
0	49
0	44
0	10
158	2
0	0
7	8
0	73
0	73
0	73
0	62
1	25
0	11
0	47
0	25
14	0
0	4
0	0
0	5
0	34
75	38
0	19
0	19
0	12
3	4
15	18
2	17
0	7
0	7
5	18
0	0
78	52
0	38
15	18
8	44
0	44
0	17
53	16
92	25
0	24
27	0
135	97
0	97
3	6
19	21
7	10
11	102
0	5
8	0
4	209
8	207
0	41
90	71
0	76
12	7
0	41
0	11
0	11
23	4
0	4
64	23
0	0
42	18
0	18
5	37
0	20
0	6
0	45
7	47
0	20
9	36
0	28
0	18
0	25
0	21
5	10
0	20
0	17
0	17
1	17
0	17
6	13
13	4
3	4
0	0
11	0
0	86
0	86
1	1
0	1
36	0
0	60
3	91
24	35
32	14
41	35
0	42
70	46
0	25
0	1
12	20
5	3
1	1
0	15
7	17
0	17
16	2
2	83
0	69
40	73
27	8
0	117
0	80
0	86
0	86
0	116
0	116
0	116
20	24
0	24
6	30
0	11
3	0
18	93
22	0
25	0
0	93
0	7
0	5
0	0
0	7
30	0
5	17
0	17
0	13
0	14
4	0
0	0
0	11
0	19
0	1
0	0
0	0
0	0
0	0
5	19
0	11
26	17
0	138
15	138
7	138
26	8
14	8
0	0
0	0
96	4
0	3
2	20
30	52
0	16
15	30
0	19
0	19
0	14
0	16
12	6
157	85
0	10
0	85
0	66
83	176
0	167
11	0
60	10
10	9
0	8
10	0
0	10
0	27
31	31
0	27
0	21
2	21
0	24
20	24
184	5
62	2
0	2
13	2
14	46
0	27
0	23
16	1
29	85
0	38
0	63
0	4
0	59
0	0
1	75
7	4
0	6
0	6
10	0
13	3
0	0
0	0
0	3
18	0
72	40
0	25
22	0
116	13
0	11
0	12
0	2
0	0
0	58
0	58
17	24
2	13
0	91
0	91
0	10
140	0
16	4
0	15
62	574
2	27
0	57
0	91
0	57
0	14
0	61
12	15
0	42
4	30
0	30
5	7
0	7
20	5
31	4
105	3
0	9
20	0
0	6
15	0
4	25
0	103
45	224
181	39
0	82
0	48
0	82
0	44
0	11
5	2
0	8
0	94
2	94
5	39
0	56
0	57
0	20
0	5
0	22
0	37
0	30
107	0
26	15
0	3
31	17
0	15
0	15
5	1
0	0
0	48
0	56
0	12
0	29
0	17
0	26
32	22
4	20
27	8
32	20
0	7
32	55
13	46
6	53
0	52
0	35
0	33
0	24
0	9
5	10
0	0
5	10
107	41
0	9
0	39
0	12
0	12
48	42
0	8
0	22
2	0
0	1
0	27
1	4
0	5
0	10
0	18
6	8
0	47
3	20
15	42
0	33
30	122
0	32
19	25
9	0
0	8
0	25
0	25
45	104
0	6
0	33
0	50
0	33
0	53
0	28
4	0
0	0
0	0
30	0
0	0
18	21
0	75
0	75
0	67
20	26
0	9
0	28
81	36
3	36
7	16
0	0
10	0
0	104
0	18
0	24
0	7
2	21
1	0
0	0
9	0
0	6
0	104
0	46
97	49
23	0
131	230
0	102
0	100
0	214
0	3
0	151
86	21
29	26
2	0
1	26
11	6
0	0
109	0
10	32
0	32
0	20
77	61
2	49
0	22
0	20
0	26
0	66
0	66
0	12
10	12
0	80
0	80
27	5
80	13
0	4
6	0
4	4
1	13
2	0
0	0
1	0
36	42
0	49
0	27
3	12
43	0
2	0
9	0
12	31
9	31
0	0
9	6
40	0
17	34
0	7
0	7
0	34
0	0
7	2
0	2
0	1
0	2
29	0
0	85
0	63
0	85
0	80
0	46
0	4
64	48
3	48
26	104
0	104
0	18
0	6
0	10
5	18
0	28
0	28
896	0
0	19
0	20
8	12
98	29
0	18
0	1
5	16
0	1
0	13
3	16
2	0
0	6
0	7
0	7
6	2
0	2
8	4
23	39
0	39
25	3
1	3
1	41
17	240
12	0
0	214
1	42
55	0
0	0
8	4
65	10
0	10
146	0
25	27
0	34
2	34
0	34
0	28
0	26
43	0
28	1
27	17
7	17
0	17
50	0
145	98
0	56
7	61
479	174
11	0
0	5
0	3
17	7
0	15
5	13
0	183
0	174
10	183
5	104
36	10
61	66
0	6
0	10
4	2
93	40
248	232
0	3
0	9
0	1
0	0
6	0
15	222
71	9
0	0
12	9
30	0
16	10
0	10
0	10
23	3
12	3
33	1
0	68
88	17
2	0
0	70
0	70
0	24
0	24
0	25
1	1
54	38
0	38
0	0
20	114
0	12
0	2
2	100
1	2
0	8
0	20
0	3
32	0
37	0
0	9
0	21
0	21
17	5
0	5
0	27
0	58
33	53
0	28
9	29
34	17
4	1
0	148
0	142
0	30
0	132
68	132
44	4
7	20
0	0
63	25
0	48
0	33
2	10
30	33
0	7
0	3
5	3
6	3
0	12
0	4
19	12
1	10
1	9
1	34
0	36
0	30
0	4
0	7
0	2
0	7
0	4
1	0
0	5
1	16
0	0
5	13
64	16
6	0
8	0
4	0
46	20
0	9
0	0
4	0
0	0
0	12
0	12
0	12
3	19
2	19
3	1
0	8
0	7
50	124
10	73
81	125
0	119
5	5
0	41
17	3
0	65
60	56
0	54
7	2
51	2
0	2
19	39
4	0
8	18
0	18
109	7
0	7
14	94
0	2
0	0
25	17
0	0
0	10
0	4
0	74
345	13
0	153
0	153
71	76
0	0
9	59
0	59
2	0
1	0
40	7
0	7
0	23
0	23
82	23
0	6
3	0
0	0
235	32
0	0
6	32
0	4
23	0
0	308
7	305
5	286
0	156
0	142
0	143
13	67
0	104
0	0
0	159
0	155
0	159
0	144
0	156
0	13
0	9
0	9
0	9
5	13
0	14
0	14
0	13
0	13
0	13
0	6
100	22
9	22
0	11
6	0
79	42
0	9
45	31
0	29
3	21
0	29
0	30
28	50
0	12
9	42
9	6
0	12
0	1
0	28
0	5
143	60
0	0
36	2
0	45
0	0
4	0
15	0
38	62
8	53
0	0
1	47
0	39
34	26
33	23
0	14
3	8
13	6
0	0
15	9
0	43
0	22
0	34
0	14
0	10
12	4
0	34
9	8
7	18
7	31
0	84
42	207
42	14
0	15
0	94
0	46
43	33
0	56
1	11
0	15
0	23
0	5
4	51
36	91
1	41
0	23
0	23
2	9
10	0
7	0
14	0
58	49
70	45
25	32
24	22
0	19
0	4
0	8
2	1
0	10
0	10
0	10
0	0
0	0
0	0
0	36
0	36
0	36
0	31
0	11
144	18
7	0
1	6
2	0
6	13
0	0
10	2
0	2
0	2
3	47
0	47
0	0
0	17
0	17
12	76
14	75
3	1
2	65
0	111
0	31
0	54
0	55
0	55
12	8
16	22
10	1
0	34
51	22
76	3
0	82
0	20
0	0
27	0
5	3
26	6
35	50
3	14
0	17
55	186
0	155
0	151
16	395
0	395
1	30
0	30
54	30
0	41
0	26
0	45
23	14
7	34
7	15
40	35
0	0
55	22
60	83
97	65
0	38
0	48
25	49
32	24
0	1
0	1
15	10
27	5
0	2
0	3
13	0
10	0
30	4
0	16
0	13
2	29
0	156
13	39
0	62
0	25
0	0
0	0
9	156
0	12
0	27
453	16
16	24
24	16
0	24
305	8
0	7
5	5
15	107
0	91
0	107
15	87
0	7
6	139
0	43
22	0
7	21
0	32
6	21
5	6
0	1
0	90
8	11
3	0
2	13
0	13
0	22
0	13
0	22
0	13
0	13
3	19
0	8
47	134
79	13
0	134
0	49
0	33
0	33
0	120
16	16
16	96
10	107
0	11
46	35
4	15
1	20
0	32
0	12
0	44
106	118
0	89
0	5
0	12
5	8
31	15
0	15
0	8
0	29
0	8
0	8
0	3
0	3
0	29
0	8
0	2
0	21
0	24
0	24
0	2
0	2
4	0
0	0
0	21
0	150
0	113
0	72
11	78
3	40
3	6
400	9
0	0
0	291
0	1
0	291
4	6
0	31
3	249
58	252
1	13
0	167
0	45
174	45
0	18
0	41
0	18
0	41
0	41
0	18
0	18
0	41
0	14
25	37
0	100
197	159
1	37
0	35
0	17
0	0
28	9
1	0
10	19
3	9
13	5
2	5
8	41
0	41
3	32
0	39
1	0
0	41
43	5
0	5
10	5
0	5
0	3
1	4
62	5
14	50
0	22
0	22
67	0
0	15
0	7
18	13
1	12
0	8
5	8
6	8
0	0
0	0
1	0
0	0
0	1
0	9
0	5
0	5
22	9
44	3
0	3
0	17
0	3
0	7
0	12
0	7
0	2
17	7
27	7
10	7
0	0
0	0
0	0
0	22
0	14
2	14
0	1
9	14
4	14
14	0
144	3
6	3
22	23
38	19
7	4
32	96
0	12
0	0
96	94
0	94
9	0
128	204
7	114
0	14
1	204
0	14
26	14
0	10
4	14
0	63
4	63
0	60
0	29
0	1
0	0
7	10
0	15
0	0
1	2
7	2
0	17
0	0
0	0
10	73
0	73
109	21
9	1
1	0
8	0
0	90
0	26
224	91
0	89
147	0
15	383
345	275
0	275
5	256
0	48
0	8
39	25
0	1
0	1
0	0
0	9
0	9
17	32
252	129
0	323
0	323
0	23
46	80
0	143
0	100
66	38
0	93
1	29
125	255
0	255
2	78
87	0
0	32
7	32
22	32
50	31
5	2
0	2
0	2
1	18
0	146
0	98
0	146
0	4
3	6
0	3
0	5
5	0
0	17
17	0
6	0
0	0
4	33
7	33
0	37
0	4
3	0
4	34
0	33
23	25
0	53
16	41
11	4
9	17
0	26
0	26
0	149
0	176
0	54
0	63
0	63
0	122
0	0
0	12
9	0
2	21
0	1
0	0
24	0
0	3
64	6
0	6
72	0
37	27
0	27
0	42
0	1
0	25
20	1
3	1
11	23
0	41
37	78
0	78
0	63
0	61
194	65
0	62
0	4
0	4
0	0
0	0
25	0
0	0
1	0
0	11
39	32
23	7
0	11
0	15
0	17
0	7
9	37
7	17
8	17
0	13
0	15
11	13
0	21
0	16
8	8
1	42
8	126
2	39
5	79
20	69
53	59
0	40
0	35
0	7
18	80
12	80
0	21
0	31
0	31
0	14
0	9
0	6
0	2
10	4
0	0
0	16
0	3
7	13
58	7
0	15
10	12
0	12
0	12
4	18
15	48
0	4
1	34
0	2
0	34
0	32
50	121
10	91
0	91
1	9
0	9
82	125
13	34
0	26
21	11
7	0
0	0
369	10
3	8
25	669
8	669
0	350
0	98
3	30
0	17
0	0
0	3
0	3
0	3
0	56
11	56
23	0
0	7
44	0
9	27
0	0
0	0
1	27
0	0
4	13
5	18
0	104
0	104
0	97
0	97
0	97
0	12
284	35
6	16
7	77
0	93
12	40
0	0
1	14
0	36
7	14
25	15
0	0
0	0
10	25
69	25
0	31
0	61
0	30
0	24
0	31
0	21
0	0
0	11
0	11
0	0
0	0
11	17
0	12
1	12
23	12
6	1
0	1
5	27
0	22
65	49
0	0
20	7
102	7
8	72
0	100
0	55
0	29
0	32
12	5
4	50
8	12
1	1
23	1
0	49
0	10
23	46
0	46
0	0
0	0
0	31
7	0
11	0
46	182
4	18
0	23
0	18
0	0
4	0
0	5
0	0
1	5
0	14
0	29
0	54
29	56
0	13
0	9
8	15
0	225
1	34
0	51
0	99
4	131
0	88
0	88
0	17
46	191
28	0
0	0
9	81
0	1
0	43
0	12
2	5
0	5
0	38
0	13
0	42
18	86
0	39
8	33
0	211
0	0
1	0
4	6
0	198
175	24
40	68
0	31
0	38
0	1
0	2
0	2
0	7
1	5
0	11
1	79
15	49
134	30
12	11
0	6
0	11
0	0
0	5
0	0
4	0
0	0
0	0
7	5
1	79
138	80
0	28
0	0
0	2
75	40
4	31
3	28
8	28
0	40
3	3
80	12
0	0
1	13
0	13
0	0
0	0
78	150
3	0
0	150
0	15
0	15
0	5
6	8
0	8
0	4
0	4
0	2
0	0
62	13
0	0
0	13
7	76
0	76
0	12
1	5
59	49
133	0
346	0
20	10
0	22
0	19
0	27
39	56
0	43
0	16
0	1
9	0
4	0
4	16
35	10
20	10
0	10
70	0
18	30
0	30
0	30
8	2
124	13
0	75
0	112
119	17
5	17
30	8
16	0
32	0
36	52
1	52
5	39
1	1
52	334
0	16
80	395
0	9
0	136
0	9
0	5
161	31
0	370
0	378
2	97
0	19
0	108
0	80
0	90
19	98
6	11
0	91
0	155
57	155
0	35
0	51
0	51
29	76
0	76
25	86
0	0
0	36
0	86
0	17
0	37
0	38
0	30
0	21
0	0
0	0
0	14
0	4
0	1
0	1
0	4
5	7
0	4
0	0
9	1
71	0
71	0
27	0
17	0
0	68
0	68
1	104
1	2
1	9
7	104
0	9
0	9
0	8
15	15
0	25
0	23
0	18
0	5
3	5
0	15
0	17
0	8
20	7
0	15
0	0
0	17
65	0
1	71
0	12
2	17
0	62
26	15
0	0
4	0
6	0
0	15
15	0
28	32
0	0
0	12
0	7
0	19
24	71
0	21
0	71
0	112
0	112
0	65
0	64
0	44
0	44
0	24
19	0
0	21
0	21
81	0
26	27
11	27
15	14
0	14
0	10
0	3
0	0
0	0
0	114
0	114
0	16
4	19
29	7
0	6
0	62
0	56
58	0
21	17
2	17
13	0
36	2
0	0
157	0
0	75
0	81
0	38
0	75
3	66
0	71
0	16
0	5
0	10
0	17
0	16
0	5
0	5
0	5
0	5
0	4
0	0
0	0
20	11
0	11
54	2
0	2
181	76
4	3
0	76
0	54
2	54
0	15
24	59
0	0
3	59
0	27
0	27
0	19
1	10
22	65
0	37
38	167
0	164
31	3
119	4
4	11
0	11
50	366
0	58
0	0
1	348
12	126
0	96
0	79
0	40
12	6
0	6
0	15
0	0
0	6
28	6
0	92
91	7
18	7
150	154
55	0
133	8
0	5
102	1
0	3
0	21
0	0
44	1
1	15
0	20
9	6
0	3
0	81
2	81
15	10
8	0
0	9
0	9
24	9
0	4
58	8
0	0
13	8
6	0
52	29
0	6
0	97
59	97
13	95
0	38
231	109
28	68
0	109
58	4
0	112
0	80
0	103
0	71
1	0
0	44
0	29
0	1
0	14
0	14
0	11
0	5
19	37
0	11
0	11
0	40
0	14
5	5
0	21
9	11
0	11
0	4
0	2
6	4
6	0
31	42
10	55
36	42
17	0
42	1
2	12
0	10
0	11
27	27
0	27
4	5
0	5
0	5
44	24
0	24
0	0
0	0
4	2
22	2
0	78
0	78
0	9
171	9
2	2
0	2
0	2
2	22
0	78
0	78
44	0
23	0
123	19
0	38
44	34
0	14
27	15
0	0
0	15
0	36
0	46
75	12
0	0
0	0
0	46
27	12
0	7
70	52
0	17
68	17
0	43
0	93
17	93
0	77
0	23
0	16
0	16
7	0
59	4
7	0
5	30
50	22
51	18
0	1
0	30
0	97
0	112
0	110
0	110
27	121
0	110
0	12
0	2
0	9
0	39
0	83
22	0
0	96
24	0
0	0
1	98
0	10
0	29
0	15
2	10
20	0
0	4
0	0
0	4
0	1
0	7
0	6
0	3
0	5
0	4
7	11
0	0
0	7
0	13
33	0
28	90
0	38
0	58
32	26
0	44
9	8
0	24
0	80
0	53
0	0
0	4
0	1
0	11
0	11
0	3
22	77
0	2
88	123
0	8
24	291
0	10
34	246
15	1
99	1
0	0
3	62
0	2
0	48
0	30
0	50
0	56
35	37
0	0
46	40
9	40
2	11
0	17
0	17
30	12
4	5
3	0
36	7
0	10
0	63
0	14
130	14
19	0
0	15
6	15
4	6
0	21
0	49
12	38
0	49
0	6
0	0
0	6
5	0
0	0
0	43
10	0
0	21
0	0
0	57
0	1
0	2
0	57
80	0
24	8
135	18
3	18
0	0
0	0
13	92
0	92
0	38
18	27
0	27
0	1
0	22
10	0
0	0
7	0
0	12
0	11
0	0
15	147
0	48
0	34
0	34
0	90
27	0
0	147
0	16
14	10
0	14
2	14
9	108
92	0
33	33
0	33
4	0
6	0
0	16
51	1
1	1
0	1
0	1
0	1
3	1
0	1
0	0
0	0
0	0
0	0
1	0
82	4
0	4
1	0
0	239
17	239
0	195
0	16
0	35
209	113
0	13
0	109
51	56
60	5
0	5
0	16
0	26
0	42
0	54
0	2
0	82
1	0
0	119
8	17
0	19
0	6
0	6
0	23
0	6
0	1
0	1
5	0
6	0
8	3
193	25
3	18
228	25
0	19
1	3
0	25
1	31
0	31
1	3
12	3
51	48
97	167
0	7
0	149
0	160
5	22
0	20
0	15
0	15
0	11
5	22
0	4
5	10
7	0
0	11
3	0
0	5
0	5
0	5
0	0
0	5
4	4
47	5
0	4
2	4
70	3
8	3
0	3
12	58
35	59
0	59
19	58
0	15
13	0
4	37
0	28
0	0
0	9
5	9
0	9
14	40
24	49
8	1
0	104
0	104
13	74
15	19
0	39
0	39
0	31
0	10
4	6
0	10
0	10
29	0
0	3
0	11
85	10
0	0
0	10
0	2
10	0
13	15
22	89
0	83
0	89
14	21
0	21
18	0
0	12
23	15
1	12
24	0
12	0
3	5
11	0
0	5
15	37
9	37
100	133
105	48
0	48
5	48
0	133
0	111
4	16
4	9
0	27
0	14
72	4
48	40
25	49
3	9
0	0
15	122
0	7
4	6
0	25
0	25
29	703
0	12
1	4
0	6
61	107
0	96
0	25
0	25
0	2
14	13
0	2
0	13
1	2
7	1
0	0
92	96
0	62
0	24
128	41
0	16
0	15
0	7
0	2
0	7
27	38
0	47
12	12
21	5
9	17
37	0
171	0
102	33
0	24
57	1
11	29
0	29
5	24
7	10
15	13
9	2
0	4
0	1
0	0
1	0
20	0
8	0
5	4
0	4
46	0
7	0
244	208
13	0
155	21
93	130
6	85
21	45
0	13
3	5
0	9
13	4
2	3
39	25
0	22
11	29
8	29
0	58
32	5
0	0
0	5
17	72
702	31
0	13
16	1
3	53
84	50
0	17
4	81
0	81
0	15
0	28
0	28
18	44
3	0
0	312
9	0
13	0
9	0
0	0
20	62
185	255
36	53
7	11
16	90
0	0
40	4
6	15
0	90
0	72
84	72
0	0
3	0
39	63
0	6
0	8
18	76
0	5
0	22
0	22
8	107
0	107
0	88
2	11
10	61
0	69
0	52
411	24
7	8
15	0
0	35
0	13
4	33
0	11
0	3
0	44
0	44
0	43
0	0
11	3
0	3
14	76
9	16
11	10
0	76
0	10
1	8
35	0
14	0
18	0
3	0
0	55
43	6
0	6
7	3
18	25
116	3
48	59
0	59
0	15
0	0
0	59
52	0
0	13
11	13
12	34
0	27
9	27
0	7
14	0
20	0
0	1
0	1
0	1
0	20
0	20
0	2
11	16
1	14
38	23
38	27
0	11
287	13
0	13
140	5
18	5
18	17
0	16
97	90
0	77
0	86
0	80
0	2
13	7
27	14
0	3
118	10
1	0
91	32
10	17
3	37
0	123
0	96
0	80
12	80
0	33
1	61
0	0
0	35
0	11
0	7
1	9
217	23
0	35
0	47
12	0
21	78
0	34
0	23
0	60
0	0
2	13
4	12
0	8
0	60
0	12
0	8
20	0
8	5
0	5
0	5
0	42
0	34
0	9
21	9
35	0
83	77
0	77
64	28
43	0
3	0
7	69
0	66
0	3
0	3
7	3
16	3
0	81
0	81
0	20
0	8
0	0
5	23
1	16
1	20
0	18
0	45
0	3
6	76
4	10
1	24
0	8
0	24
0	12
3	8
102	0
175	18
0	38
0	61
36	0
96	7
10	7
18	0
13	15
0	15
68	575
0	63
7	27
7	27
0	30
0	11
0	24
1	2
0	0
2	2
0	5
0	5
0	13
10	26
0	26
0	0
11	111
4	106
0	38
0	60
1	287
4	317
0	234
0	231
0	189
0	44
107	0
0	0
1	24
0	0
0	0
0	7
0	13
0	5
0	0
20	7
0	21
0	39
16	21
0	35
0	20
1	20
1	60
0	13
2	137
0	137
0	31
35	0
5	6
0	12
0	12
11	44
48	284
0	41
0	1
0	38
0	35
0	1
0	23
0	14
0	8
0	8
0	11
0	16
2	33
0	20
0	21
0	19
33	67
5	34
0	0
1	13
11	13
0	20
600	39
9	31
0	37
0	1
1	0
0	38
0	62
0	10
7	10
6	3
116	230
0	230
263	34
0	29
69	42
0	2
0	8
48	0
0	11
8	28
17	16
0	6
0	11
0	24
4	0
3	6
20	13
0	10
249	373
0	373
77	127
0	60
1	56
11	20
0	0
0	0
0	39
0	21
0	13
0	4
0	21
1	13
0	13
70	150
12	147
49	60
6	60
5	0
0	140
0	77
21	70
0	70
0	13
0	57
0	2
18	98
5	88
1	31
11	8
7	7
0	2
4	12
0	13
51	113
0	1
0	7
8	0
0	0
5	0
28	100
0	30
0	30
75	86
0	86
12	61
0	221
6	443
0	433
0	56
0	8
17	7
10	0
0	0
0	341
0	341
5	319
79	0
14	0
0	0
83	0
0	38
28	38
21	11
0	75
365	279
68	198
17	48
18	55
0	115
77	9
0	8
0	1
0	1
5	1
0	77
0	77
4	27
0	1
0	3
0	0
6	9
0	37
0	33
3	0
19	29
0	29
106	16
38	41
0	16
14	16
16	10
0	35
3	21
0	20
6	4
89	39
0	0
25	16
0	16
13	29
0	29
0	41
0	41
7	28
0	1
4	6
0	2
16	1
0	0
0	28
0	30
0	3
0	5
10	20
0	5
66	15
3	11
8	0
12	71
0	34
12	0
0	62
39	10
0	47
84	4
0	148
9	25
0	148
0	21
0	21
0	21
0	21
0	60
0	42
0	42
0	30
0	8
0	4
25	22
0	29
0	9
0	9
0	12
0	17
0	20
78	59
11	2
18	0
27	2
0	0
25	13
0	13
228	126
0	62
3	40
0	12
3	10
5	2
20	2
0	0
0	60
52	27
0	27
12	13
0	5
10	5
11	1
1	3
0	65
0	9
4	74
18	2
0	4
0	39
0	39
0	0
0	0
0	0
4	5
0	5
0	5
0	34
0	34
0	34
0	5
59	9
15	9
0	42
0	34
0	9
0	42
104	0
76	14
208	45
0	45
0	5
47	31
6	3
53	42
0	0
0	42
0	42
14	0
0	0
87	61
0	61
24	0
0	6
13	10
1	0
0	46
0	0
117	18
3	1
0	0
0	17
6	15
10	15
3	14
15	9
2	8
9	1
128	7
7	57
0	16
0	19
6	19
7	25
14	50
0	25
0	26
38	37
360	328
0	182
1	0
5	2
16	13
0	13
5	2
0	0
5	0
0	0
0	0
4	0
0	9
17	9
36	118
0	0
0	0
14	12
0	19
0	19
0	42
0	9
0	34
0	42
65	12
6	12
48	175
71	88
35	10
0	3
44	10
100	30
53	246
21	180
7	7
112	37
27	27
0	22
38	91
75	0
0	246
31	7
30	7
25	54
0	54
0	6
1	39
0	39
0	36
13	72
26	0
0	0
0	0
21	12
0	12
0	34
74	34
0	42
22	42
0	16
0	6
0	25
9	4
0	20
42	24
4	0
0	0
46	0
0	36
21	57
9	32
0	57
21	6
0	0
8	39
9	0
34	38
0	41
3	12
8	12
2	10
0	334
0	334
65	3
0	27
42	139
0	139
0	224
2	250
0	250
48	689
0	393
1	683
0	3
0	49
1	0
0	18
6	18
0	4
1	3
0	3
1	3
30	0
6	3
0	23
4	26
35	24
0	20
0	20
0	20
0	20
0	20
0	11
23	0
0	0
79	0
86	307
0	2
18	0
0	76
0	76
0	1
4	0
107	26
17	29
9	1
0	53
0	3
123	259
0	62
0	192
0	6
0	55
0	11
5	29
2	61
0	51
0	18
0	28
3	14
5	108
96	108
0	25
0	29
0	17
8	6
0	4
0	25
0	38
0	49
0	22
20	22
94	35
0	0
0	18
12	0
2	51
44	0
0	0
0	0
0	5
0	5
0	11
0	5
0	5
0	4
0	4
202	135
18	0
0	18
0	18
0	24
0	18
0	35
0	35
0	9
42	0
0	43
12	43
7	11
2	11
0	5
1	11
1	33
0	27
5	11
10	6
25	3
6	3
0	0
0	3
0	3
12	1
0	1
19	1
0	26
0	8
0	1
0	26
2	15
148	5
0	25
0	28
0	41
16	30
0	0
0	0
13	28
29	29
23	0
3	0
0	0
10	87
6	107
0	25
0	25
0	17
0	44
67	87
3	14
14	0
0	13
15	19
0	19
373	70
141	61
20	22
0	22
0	17
0	2
0	12
3	6
0	5
0	36
7	36
0	35
21	35
0	18
55	26
0	26
138	249
4	17
0	13
0	1
5	106
0	106
0	2
0	7
12	0
43	0
0	36
0	36
0	21
4	7
0	0
5	0
0	42
0	5
0	5
33	23
0	20
0	5
0	23
0	23
0	11
0	18
0	0
0	0
4	1
1	16
9	30
0	30
0	22
31	0
40	0
4	32
59	13
0	0
0	7
0	26
0	0
36	0
3	0
0	20
0	13
17	78
6	72
0	74
0	74
0	78
10	29
0	19
3	5
0	21
0	19
74	105
66	91
0	7
0	18
89	56
0	56
8	0
24	23
39	23
52	144
0	0
1	135
0	156
4	0
0	21
1	0
0	2
119	0
0	9
0	9
0	17
0	17
0	10
0	6
0	0
0	6
6	23
0	22
0	5
12	5
27	23
15	23
5	23
5	6
1	2
0	22
12	2
0	2
7	0
0	20
34	30
0	6
4	24
0	0
0	22
4	5
8	22
0	22
50	0
0	58
9	40
0	49
3	28
0	24
0	22
0	0
43	51
9	51
2	216
88	216
0	8
15	2
3	6
0	130
5	82
6	9
0	16
14	55
99	77
0	77
102	168
16	15
3	15
0	5
1	20
0	17
0	3
0	20
9	5
26	13
73	13
0	11
0	11
0	11
0	115
6	106
0	18
19	18
0	18
0	9
0	5
5	5
4	15
0	15
0	1
0	5
0	2
0	13
0	32
0	71
0	71
0	65
0	18
67	121
0	95
92	29
80	29
0	68
0	14
5	68
1	68
0	51
0	57
0	11
0	42
0	42
0	15
15	68
13	78
0	76
5	59
61	72
0	7
0	3
0	6
0	0
0	36
0	11
8	60
10	49
0	42
182	54
0	99
44	42
0	0
0	0
27	116
70	13
0	29
17	6
22	14
1	1
6	15
0	8
10	8
4	5
26	41
0	90
0	14
0	0
0	48
7	53
58	15
18	6
0	9
0	3
5	2
13	11
0	8
0	89
7	26
7	26
33	0
79	63
0	50
0	40
0	53
0	43
0	19
0	13
8	7
0	0
2	0
0	0
0	50
223	28
28	3
2	3
0	0
7	0
19	23
0	8
72	28
29	35
0	35
3	12
5	65
0	5
0	17
0	11
0	7
0	10
22	2
0	13
0	0
25	9
0	0
0	5
0	0
0	5
4	0
1	0
0	49
0	27
10	19
0	1
17	17
0	9
0	13
13	7
10	11
0	53
8	50
16	35
0	0
10	6
160	96
156	96
5	34
0	115
137	0
0	287
29	295
3	146
0	0
52	10
0	10
5	0
8	3
32	6
21	10
0	4
0	144
0	187
48	187
0	71
4	55
10	1
0	29
0	29
0	1
0	180
0	185
0	15
0	185
0	107
10	23
0	18
0	14
0	10
0	8
0	6
0	5
0	6
35	695
5	100
15	95
7	6
151	74
188	52
36	76
0	22
53	65
0	6
0	9
0	13
0	5
2	8
0	5
4	5
13	6
0	6
0	3
11	0
19	526
0	174
0	13
44	0
0	7
0	160
223	515
18	39
0	21
116	21
21	153
10	153
0	19
0	19
0	12
182	5
9	5
156	0
5	0
0	13
0	13
0	7
4	95
0	13
0	7
5	6
0	53
0	44
0	5
0	9
0	32
0	32
7	9
25	4
0	3
9	4
31	11
0	44
16	6
660	9
6	9
22	11
2	53
3	350
0	350
0	34
0	34
0	15
67	21
0	19
28	19
59	43
4	17
13	0
0	5
50	0
0	11
0	29
0	38
20	9
5	9
9	9
14	5
70	86
20	20
0	0
10	0
0	3
43	19
0	19
2	26
29	26
345	40
11	34
0	14
0	14
0	123
22	123
0	112
26	88
0	88
5	88
0	23
0	23
57	43
14	35
14	14
12	0
4	11
0	5
15	5
16	0
38	133
0	96
17	39
66	3
0	19
7	17
21	9
0	19
5	19
66	2
0	26
0	25
0	26
0	23
0	25
0	0
2	40
13	40
0	22
0	23
1	170
0	193
13	0
0	0
15	26
0	26
196	318
0	80
0	143
0	22
0	19
0	75
0	22
132	91
0	30
0	75
0	91
12	68
0	68
0	67
0	2
0	5
0	26
1	12
0	49
4	9
3	29
4	10
0	42
6	50
377	2439
4	18
0	18
17	8
0	0
0	8
70	45
50	40
36	43
39	35
0	23
0	23
0	2
0	3
0	6
0	4
0	16
0	7
0	1
3	0
0	16
290	46
27	0
0	0
5	0
0	11
0	49
0	20
14	24
0	13
7	32
28	8
0	5
0	8
12	25
0	17
0	17
51	38
0	24
14	14
0	21
5	172
103	106
15	84
0	129
0	109
0	89
3	24
0	24
0	91
0	74
0	55
0	35
0	0
0	0
92	68
0	1
0	0
0	0
7	0
0	67
4	0
0	19
0	17
3	9
44	24
0	11
7	13
0	11
0	41
0	41
7	9
0	0
33	6
7	1
0	10
0	20
0	10
39	78
136	76
6	54
2	51
115	7
0	7
2	5
4	5
29	1
0	3
0	0
0	0
9	59
0	59
0	1
0	3
0	9
0	9
7	97
9	12
38	91
7	67
2	0
0	24
1	31
0	97
2	87
6	87
0	1
3	1
6	0
0	0
8	0
201	0
0	30
0	21
28	29
20	11
0	24
73	10
51	0
74	24
0	7
3	8
80	17
138	26
0	26
0	4
0	19
0	4
80	0
231	0
2	0
103	0
69	19
2	19
0	11
0	1
0	7
0	0
8	1
0	0
0	12
0	12
0	0
0	5
4	13
0	3
0	12
226	11
2	11
0	4
0	4
0	31
22	41
0	41
0	4
25	42
0	23
1	3
0	18
6	38
23	15
0	8
25	18
0	7
3	3
0	11
2	24
0	20
0	19
23	11
0	10
0	1
1	1
13	0
0	11
0	16
266	243
12	83
4	51
0	3
56	61
32	39
1	0
81	16
33	34
7	4
0	0
1	0
0	34
0	30
7	26
0	20
113	18
0	20
0	15
36	23
0	116
0	144
0	163
0	198
0	31
0	37
2	85
0	198
15	29
14	46
0	46
0	54
0	23
0	48
0	7
0	21
0	9
0	22
4	9
0	9
0	8
0	16
0	0
0	0
0	0
5	10
5	10
4	9
0	9
12	49
0	49
30	30
3	22
1	23
0	8
0	4
0	0
3	2
0	2
56	38
68	38
0	18
0	0
0	0
8	11
21	20
0	18
86	101
2	9
0	22
5	22
0	0
8	5
3	5
92	0
5	4
0	4
18	9
0	9
5	11
0	11
0	12
0	12
4	24
6	24
0	8
2	3
300	86
0	75
0	30
0	0
18	35
7	0
107	42
0	18
22	18
0	18
11	16
0	15
0	105
9	86
0	82
7	9
0	22
43	12
2	41
0	80
0	82
1	72
10	16
1	0
0	72
46	7
0	7
0	49
0	49
0	26
23	69
0	69
0	0
0	4
1	2
68	7
16	0
17	0
121	20
12	0
0	0
25	119
0	119
0	117
8	84
0	1
0	84
0	34
0	34
0	3
0	3
0	34
9	6
7	0
0	0
0	3
0	3
0	6
0	17
0	17
945	0
190	2
2	0
9	33
67	37
72	76
0	74
0	28
0	24
15	11
0	7
0	13
0	13
0	13
0	8
0	20
8	8
0	92
0	8
73	20
0	89
0	92
2	7
0	4
1	8
0	5
10	12
7	12
1	5
30	10
0	12
0	15
1	3
0	18
4	3
0	18
28	1
0	36
0	9
0	0
0	3
0	3
18	3
0	3
0	3
43	40
0	7
396	32
216	54
0	14
121	121
4	105
124	2
6	2
8	32
0	32
0	13
44	6
0	12
0	16
5	12
7	12
0	12
17	55
0	55
6	0
0	23
0	30
0	20
0	21
0	102
2	58
0	27
0	65
0	40
5	1
96	63
9	9
10	6
0	0
44	0
0	72
60	72
0	15
4	12
20	0
0	0
10	12
132	22
0	0
11	0
11	2
0	0
28	11
197	0
43	338
0	32
0	18
0	2
10	13
0	266
15	1
0	1
0	105
0	109
20	113
55	122
0	47
0	15
0	1
297	0
32	87
0	1
6	109
0	109
0	99
13	10
12	59
0	59
0	36
46	28
0	14
0	14
22	0
166	0
7	0
4	1
0	1
1	63
18	63
0	0
1	41
3	35
0	41
17	41
0	1
0	9
37	46
1	0
30	17
0	11
14	9
48	56
81	49
0	118
55	126
0	56
102	87
0	8
189	28
54	23
0	8
4	242
0	65
0	64
0	3
6	32
4	28
0	0
13	29
0	0
18	0
0	6
0	6
0	6
0	6
0	7
0	12
0	25
0	9
8	25
0	18
29	6
6	0
2	0
31	52
0	24
47	28
5	20
0	77
3	0
5	9
0	9
0	55
0	55
0	13
39	64
2	1
12	1
0	0
7	0
0	0
3	32
2	32
9	42
56	66
0	27
0	19
6	3
348	0
392	420
0	4
26	5
19	5
0	5
0	5
0	5
0	5
0	4
0	0
0	0
4	0
78	81
0	97
9	24
0	0
71	89
29	170
0	35
3	17
8	0
69	63
7	62
0	9
5	77
0	31
0	71
3	89
0	85
48	35
4	122
58	12
10	6
0	112
5	122
33	13
12	73
39	46
0	73
0	27
11	45
3	24
0	16
0	19
21	40
10	43
23	2
0	1
0	1
0	3
0	9
0	3
2	6
5	12
4	0
8	36
13	94
0	86
0	43
0	43
0	21
3	0
77	43
0	0
0	43
10	43
8	1
3	0
2	0
6	0
0	0
0	15
0	9
0	15
0	9
0	9
16	0
0	71
0	71
0	7
0	71
2	193
0	33
90	160
5	0
0	160
2	0
44	3
0	3
11	3
89	86
0	11
0	0
2	37
0	97
17	50
8	50
0	69
16	83
0	58
80	7
0	14
0	14
167	21
0	0
23	48
16	0
57	48
12	10
0	10
1	61
0	61
0	29
20	19
5	10
2	3
10	6
12	14
9	26
103	41
0	43
0	11
0	33
0	26
0	23
0	22
0	17
0	26
10	18
0	8
9	9
0	9
0	36
0	85
25	64
0	59
0	59
0	21
60	273
1	55
15	1
79	247
67	26
23	26
0	60
2	60
0	0
0	0
1	0
4	8
0	0
0	0
0	16
57	157
0	155
0	108
0	98
26	104
0	87
1	105
0	20
0	7
0	8
44	0
0	201
0	153
0	201
3	48
0	32
10	24
0	23
76	112
0	31
0	17
15	0
5	153
0	15
53	153
3	41
27	28
0	35
0	24
17	13
86	8
6	23
0	4
8	7
0	4
0	0
9	0
0	3
0	3
0	16
9	10
0	0
0	12
37	12
0	0
0	0
0	0
186	1657
0	10
0	9
3	1
548	13
0	4
0	9
736	24
36	24
0	9
1	9
0	0
0	0
37	0
9	5
59	12
30	12
0	0
0	4
18	5
9	1
4	1
4	1
0	39
0	39
0	62
0	135
11	6
31	73
5	32
27	63
0	72
0	37
0	46
0	18
11	10
0	18
1	0
0	12
0	10
228	14
7	49
0	49
38	75
0	72
1	3
0	74
3	75
8	32
89	21
8	39
0	18
0	3
0	19
0	16
29	3
0	21
22	0
0	10
0	11
86	31
135	78
0	85
0	79
0	22
16	98
22	0
4	0
2	152
29	5
0	1983
0	5
24	22
0	22
0	5
0	10
0	1988
15	32
41	2711
0	5
132	0
0	30
0	29
0	27
34	15
0	15
4	0
0	0
4	0
112	0
32	0
79	277
0	27
0	37
0	26
0	34
0	0
11	0
0	12
26	3
0	0
0	0
6	3
101	20
0	20
4	330
2	20
8	20
0	0
0	0
0	20
5	0
0	20
0	20
1	11
0	7
0	1
1	6
0	0
0	79
27	85
2	2
267	25
0	2
0	4
2	19
8	27
0	27
7	26
42	3
8	23
89	19
11	132
6	132
0	0
4	0
0	69
0	41
26	11
43	35
0	8
0	35
0	8
2	58
0	50
0	20
0	11
0	6
20	42
0	13
7	91
0	91
0	80
469	66
0	64
12	73
0	62
1	17
152	31
0	6
0	31
3	9
52	21
0	31
12	31
0	10
1	28
1	28
0	28
0	28
5	23
228	1
0	0
0	1
1	0
28	30
0	30
6	23
1	12
0	6
46	0
0	0
7	0
56	3
5	21
0	3
19	0
12	8
3	8
5	1
32	38
12	0
0	0
2	5
8	26
3	0
0	26
0	49
0	458
0	217
0	217
0	7
0	10
0	0
0	0
35	0
0	20
0	13
6	4
47	41
3	2
0	0
0	0
0	3
0	30
0	368
0	16
2	21
0	3
0	3
0	3
4	478
0	478
0	19
0	19
453	0
0	59
0	106
0	106
34	106
5	3
0	19
3	18
1	13
0	7
3	6
0	6
0	0
622	85
0	80
0	85
0	0
0	75
0	103
0	100
8	53
8	43
14	42
13	15
5	13
2	10
0	3
0	16
0	79
0	79
0	21
24	36
6	36
0	1
1	1
0	1
16	3
0	6
0	3
338	0
32	84
0	84
0	0
0	0
0	0
0	10
3	6
1	0
0	6
8	0
0	43
21	112
0	75
0	7
0	23
0	23
0	11
0	11
0	20
32	33
55	40
7	46
0	31
0	20
0	7
0	38
0	11
0	11
34	35
3	0
0	3
1	7
0	15
0	10
0	34
4	36
19	43
0	41
144	27
16	31
3	15
13	15
0	24
128	43
41	28
0	20
0	61
0	63
8	63
0	28
0	20
6	4
0	3
0	3
30	132
50	0
4	0
0	2
0	8
0	18
0	18
0	18
0	18
0	18
11	6
8	2
0	6
0	6
0	12
5	16
0	147
0	147
2	159
26	11
8	11
108	152
119	7
0	0
0	7
4	7
1	7
0	0
16	0
8	1
25	2
0	2
14	23
0	23
44	22
0	22
0	1055
0	1055
0	1055
0	19
38	23
0	23
2	64
1	17
0	66
16	30
140	308
9	10
0	0
48	19
9	0
43	1
0	1
120	780
6	8
0	12
0	10
0	484
10	3
0	40
45	23
0	13
0	10
14	23
0	119
14	78
7	78
53	78
0	14
0	0
0	0
205	41
11	24
0	57
0	63
0	63
0	10
13	0
30	3
9	3
15	27
0	118
0	136
34	147
36	137
0	69
0	76
3	53
69	214
7	0
0	0
0	0
17	35
152	49
0	29
39	49
0	17
0	0
0	32
196	100
19	1
0	95
0	65
22	20
15	70
0	45
8	69
0	45
0	5
0	0
0	1
10	0
0	1
0	1
0	4
0	4
4	18
0	18
11	1
0	18
3	0
6	0
0	254
0	254
0	8
37	38
0	7
17	31
0	31
0	38
2	36
0	31
23	20
0	129
0	0
0	134
0	26
0	111
4	12
0	134
0	28
0	84
87	84
0	73
3	11
0	33
133	34
4	34
24	0
0	29
0	28
6	36
2	36
0	65
0	54
9	26
48	37
0	2
50	31
0	31
0	6
43	35
0	37
0	0
31	20
0	23
0	138
0	37
15	0
0	20
0	42
5	55
10	23
25	1
0	81
0	2
0	57
0	22
0	22
0	87
0	1
8	0
0	23
0	23
0	36
0	36
0	24
10	26
0	33
32	47
30	13
0	0
9	0
0	2
0	4
0	5
0	5
0	31
0	4
0	22
0	6
12	1
58	30
0	9
56	158
0	83
0	48
1	40
13	35
0	0
6	0
0	0
7	38
1	0
0	3
9	16
2	3
0	13
0	107
0	31
0	89
0	81
0	79
5	3
37	7
14	1
0	15
2	34
0	22
19	0
0	10
0	17
16	26
108	31
185	312
10	308
21	4
0	4
0	7
16	161
0	7
21	22
0	22
7	0
36	153
0	62
0	38
6	112
0	0
0	0
32	27
154	30
0	48
51	48
0	1
4	18
51	42
0	21
68	57
0	57
12	0
0	11
0	5
0	5
0	5
0	5
0	0
0	30
0	30
18	123
17	64
0	123
147	227
0	106
72	133
0	64
0	111
0	23
0	7
0	0
0	0
0	0
33	0
6	10
0	10
0	1
0	10
0	1
0	32
0	32
63	0
0	59
1	59
0	0
50	0
0	0
0	0
5	0
12	58
0	58
0	52
164	5
3	5
0	0
1	0
0	152
0	152
34	17
0	14
3	27
4	7
0	7
18	142
0	90
26	70
0	101
0	80
23	13
0	13
8	0
30	0
16	47
0	1
0	24
10	11
44	41
42	180
0	125
0	153
0	51
0	0
14	46
0	6
0	116
96	122
0	26
0	0
0	11
60	0
19	44
0	107
0	111
0	117
0	122
8	9
30	10
0	5
0	4
0	122
59	13
9	6
53	40
0	34
21	0
10	30
1	49
144	16
0	33
160	2
0	2
0	24
1	54
3	77
1	0
0	4
0	4
10	14
0	15
19	15
13	14
8	10
0	13
0	13
0	13
2	10
0	10
63	11
103	21
164	9
0	1
6	6
71	3
4	91
0	32
0	48
0	32
0	4
68	6
1	3
12	11
96	89
0	38
0	75
0	1
23	3
2	2
0	17
0	18
8	0
5	42
0	41
55	35
0	70
31	77
54	150
0	64
0	46
0	46
5	23
16	0
0	32
33	36
0	48
45	30
0	30
3	59
1	0
0	0
0	5
0	5
0	0
16	3
0	1
68	9
0	3
0	9
0	19
0	0
16	4
0	35
0	13
0	19
0	31
0	31
0	20
0	11
0	0
0	1
51	0
0	15
0	35
0	11
356	63
18	67
0	9
11	12
7	35
0	35
1	45
0	22
17	26
0	0
0	0
0	14
5	2
38	22
0	24
0	16
0	16
0	1
12	19
0	0
34	0
185	14
11	34
105	6
0	6
6	9
0	16
13	16
0	9
0	9
2	9
0	9
0	6
0	9
0	9
0	16
0	4
0	1
0	0
7	0
5	0
0	10
98	0
33	0
14	46
0	112
2	62
0	3
4	66
75	18
0	18
20	14
0	11
0	11
0	3
0	3
0	10
0	3
0	1
8	1
5	2
0	5
0	5
0	5
53	69
0	4
0	208
0	183
0	6
2	0
0	6
0	6
0	10
20	10
23	22
29	8
0	12
19	6
20	6
113	8
5	5
46	0
22	29
0	100
0	97
0	18
12	79
0	0
0	0
5	2
0	2
0	2
0	32
0	3
66	468
0	27
0	23
6	13
0	5
67	33
0	8
5	2
0	4
0	18
0	3
0	7
0	3
0	7
0	5
208	0
13	31
99	37
0	27
0	25
6	18
0	21
0	6
0	6
9	181
3	46
1	46
0	16
0	16
3	0
58	185
15	152
26	198
0	0
0	0
0	8
218	158
0	148
0	0
0	0
0	16
9	68
10	55
4	3
0	10
4	15
0	2
0	16
47	153
0	50
0	11
5	2
0	56
130	0
0	26
0	24
0	47
0	21
0	16
268	39
2	26
3	2
231	62
12	168
0	168
3	203
0	217
0	217
0	62
0	8
0	54
41	70
19	70
42	85
14	40
0	76
44	208
1	42
0	4
6	4
7	0
34	39
0	39
0	0
31	9
0	4
0	40
0	62
0	16
5	21
0	5
2	0
48	10
2	0
0	1
0	0
45	3
10	3
17	1
23	0
0	0
0	67
7	1
10	3
0	9
10	7
38	135
0	40
0	5
3	9
48	26
7	26
2	310
0	121
0	0
9	5
7	310
0	93
0	93
3	0
58	7
80	93
3	43
105	33
0	97
0	88
2	45
0	97
0	0
3	0
0	4
0	21
0	21
0	0
0	18
0	1
4	0
0	1
0	3
0	3
32	4
59	66
0	10
0	0
149	61
0	59
0	0
0	61
0	63
0	57
0	57
17	25
15	12
0	57
0	11
0	63
0	57
0	56
4	0
0	3
0	50
9	62
6	53
26	21
2	20
0	0
138	75
6	77
0	20
0	35
0	7
0	42
0	6
0	3
1	7
1	15
15	22
4	19
0	3
0	3
0	2
0	0
0	106
0	92
0	42
28	64
27	24
3	0
0	6
0	6
0	7
0	16
11	22
6	0
318	8
0	0
65	8
0	8
129	61
0	6
11	1
88	150
0	76
25	80
6	19
0	3
0	3
1	0
0	23
11	23
0	21
0	21
1	23
0	22
0	22
0	4
405	113
22	163
28	69
0	85
0	54
38	67
0	69
0	32
0	27
1	22
0	15
0	18
0	25
0	14
0	0
5	6
29	111
0	6
0	96
0	5
17	7
0	7
9	24
0	5
5	5
0	21
0	0
0	5
7	21
0	5
0	15
0	21
0	5
0	5
0	15
0	22
87	33
0	5
0	21
0	25
0	21
0	5
4	5
0	5
249	40
0	25
0	10
0	4
0	4
0	35
193	10
0	4
0	9
0	6
0	0
3	0
3	10
135	6
65	25
0	9
0	119
12	14
3	2194
0	2194
0	14
17	0
47	5
20	11
16	7
5	0
0	0
0	11
0	11
0	11
10	9
0	27
0	83
19	90
27	11
0	6
0	6
17	54
0	47
26	39
0	29
37	43
57	39
0	39
9	1
17	9
16	0
48	0
259	8
94	39
0	5
110	39
0	39
0	30
5	86
21	38
15	73
0	6
8	0
22	10
3	4
0	93
0	83
0	35
0	0
0	10
7	3
2	0
0	32
0	17
7	0
58	37
0	15
3	17
5	0
0	78
4	193
6	10
0	80
9	0
0	0
12	0
1	4
0	1
21	1
6	1
0	193
74	1
0	0
0	7
8	1
12	24
0	7
0	3
0	4
0	4
5	0
0	25
9	25
0	18
5	0
0	21
6	9
0	18
3	18
5	3
3	3
0	0
32	32
5	22
10	33
0	33
118	42
5	32
0	32
22	10
0	0
33	0
12	0
97	45
0	31
0	22
3	15
6	0
34	115
0	29
14	16
21	6
3	14
156	99
5	98
0	98
0	1
1	6
0	3
0	0
0	0
372	85
0	22
0	1
41	43
28	36
9	18
0	13
31	0
0	6
0	9
0	9
0	3
0	9
0	0
0	32
0	26
0	32
0	32
88	98
15	9
6	9
14	89
0	32
0	11
133	84
109	5
3	2
0	5
0	20
9	56
54	155
121	28
43	0
59	27
0	14
5	0
0	0
0	0
49	41
0	5
0	27
0	23
1	1
1	36
5	14
375	7
0	0
1	7
1120	16
1	0
0	16
0	4
0	4
0	11
0	25
2	32
1	0
51	45
5	1
8	8
2	12
9	10
73	47
0	47
0	39
0	38
38	8
0	7
0	42
0	42
0	42
0	1
0	5
40	1
0	17
73	66
0	48
17	18
0	16
0	23
0	23
16	22
0	22
0	0
0	17
7	22
133	28
5	17
36	105
16	17
6	3
92	11
0	0
0	104
11	74
0	74
9	74
0	65
22	0
16	0
0	74
0	11
0	11
0	3
0	5
0	5
0	2
0	0
0	2
0	14
0	14
16	62
0	14
0	13
0	1
0	4
0	0
0	4
40	707
0	4
0	82
2	0
0	82
4	84
10	84
39	53
3	0
391	173
9	152
245	158
0	4
0	0
0	20
0	20
0	11
0	15
67	160
52	84
0	63
4	34
17	44
22	39
2	12
0	10
0	8
0	8
0	8
0	8
1	4
9	0
0	4
0	7
11	1
0	1
11	399
133	282
205	136
17	117
0	0
0	0
18	9
0	0
0	252
0	237
25	129
1	0
5	0
51	1
0	8
0	4
1	5
0	5
0	72
0	91
0	162
0	161
0	158
8	1
3	1
0	1
23	8
2	1
0	24
0	5
0	7
11	9
7	9
38	54
17	25
33	576
30	27
134	25
79	25
3	0
36	7
3	7
0	0
5	0
37	0
42	184
0	10
15	5
0	1
0	5
0	0
4	28
5	23
0	1
0	1
0	0
1	0
42	0
0	0
242	18
1	18
0	18
0	53
11	53
0	12
2	121
63	34
0	6
5	121
0	121
2	98
0	98
0	98
0	96
5	0
0	79
0	96
0	79
0	79
0	90
3	5
1	7
82	166
1	0
0	0
15	2
0	2
0	121
0	121
104	131
4	73
0	61
8	15
7	0
9	22
50	36
0	36
0	6
0	0
0	0
0	12
2	10
0	10
7	11
11	4
24	44
0	44
0	28
0	14
116	115
0	3
0	6
0	19
49	19
0	26
0	26
0	0
0	0
8	0
42	114
0	34
0	24
0	67
9	67
0	60
0	67
25	13
0	4
14	9
0	8
8	0
0	11
0	0
29	11
0	11
0	11
21	24
0	24
0	24
4	19
0	5
1	339
0	343
45	15
6	6
55	0
29	0
67	0
0	0
0	0
0	8
393	23
17	0
77	32
0	32
79	80
7	73
10	67
0	63
0	14
21	15
66	76
0	92
3	92
11	34
0	34
0	10
1	0
23	2
0	16
0	16
5	26
0	26
0	0
0	5
3	0
0	12
0	0
0	0
18	16
2	1
5	24
0	7
0	23
33	23
0	23
9	12
0	0
13	0
0	1
0	1
0	11
19	11
0	185
0	185
3	7
0	7
36	7
2	78
0	74
0	4
1	18
0	12
0	122
13	125
0	17
81	106
0	91
0	71
7	16
0	44
0	36
0	1
20	30
99	17
0	0
93	12
0	0
20	96
0	96
0	1
0	1
0	0
0	0
0	0
0	89
0	68
54	0
0	0
0	4
6	52
3	48
66	0
54	94
5	65
0	36
0	34
26	0
149	463
202	483
12	213
0	504
0	5
0	16
0	13
0	13
0	17
24	0
0	0
0	28
0	3
0	3
0	14
0	123
0	18
0	8
0	3
0	3
0	13
0	17
5	0
0	0
0	0
0	123
0	132
0	115
0	132
26	18
0	18
9	8
16	18
0	10
0	18
7	15
0	15
263	0
6	41
30	25
12	11
0	25
6	28
3	6
0	6
19	24
0	24
0	24
44	48
7	107
0	39
0	85
0	85
0	85
0	93
8	6
0	3
0	0
0	2
0	51
0	35
0	8
6	0
0	8
0	39
13	1
0	101
66	47
0	85
0	92
0	8
0	8
4	13
5	0
0	7
24	113
0	0
0	41
0	60
0	28
22	76
0	6
0	26
0	0
0	14
2	29
0	6
0	0
3	8
0	28
4	0
11	3
13	64
0	49
0	49
0	24
0	30
76	3
0	3
0	15
42	36
10	36
0	9
0	6
0	0
0	0
0	0
53	0
42	163
3	181
10	14
0	22
1	22
0	49
0	17
0	0
1	9
0	37
4	9
18	0
0	0
7	13
6	131
50	131
9	15
10	34
34	15
0	34
0	39
6	9
31	73
35	73
0	29
0	22
0	37
0	37
0	19
9	8
6	29
19	0
1	20
0	1
0	10
0	26
0	10
0	9
3	17
0	21
25	113
0	49
0	102
0	102
13	1
27	21
0	0
0	14
0	11
18	12
0	11
0	3
0	3
13	0
6	0
0	0
3	0
0	0
0	1
9	77
0	12
0	2
0	70
0	3
10	5
1	18
0	18
48	37
0	26
0	94
0	29
8	21
17	20
20	83
35	8
0	7
0	7
0	7
0	56
50	38
0	56
0	57
3	17
21	35
20	34
0	16
0	1
83	53
0	50
2	48
0	150
0	150
20	28
0	36
0	36
0	36
0	1
0	1
11	0
0	0
1	6
90	111
0	92
107	24
0	47
0	49
0	42
32	0
8	42
0	50
0	3
9	50
0	47
4	0
0	0
1	15
15	10
0	2
0	16
0	34
6	68
0	2
0	58
15	60
10	11
0	10
18	1
0	8
1	18
13	35
2	11
46	24
0	8
2	8
0	0
0	0
7	0
0	39
0	51
0	51
0	51
0	51
0	51
0	44
0	51
0	35
0	138
20	0
99	35
0	35
8	5
0	138
18	101
0	168
6	32
14	70
22	22
10	4
9	4
0	0
0	0
10	0
0	22
0	2
0	2
0	2
0	2
64	17
95	0
0	204
0	204
2	29
0	201
24	2
0	0
0	1
0	23
0	126
67	32
0	122
0	13
0	41
0	28
0	61
8	25
0	60
0	126
0	19
4	104
0	17
0	17
0	17
0	17
0	33
0	7
7	16
0	3
0	13
0	23
2	13
0	0
1	0
0	0
6	10
1	0
152	39
254	128
0	128
4	25
0	19
0	19
0	19
22	27
0	15
0	11
0	21
17	63
0	1
0	63
0	34
42	65
2	65
0	11
0	0
24	10
0	95
0	95
0	74
0	39
0	71
0	14
0	18
81	0
0	7
0	80
12	3
0	15
9	8
7	4
17	0
81	38
0	38
0	28
0	11
16	1
0	27
0	0
0	11
0	10
0	0
0	27
0	47
0	47
150	89
0	89
100	6
6	1
2	1
0	73
0	71
0	7
7	0
0	73
0	71
0	12
0	12
2	19
7	4
7	6
12	0
2	1
0	9
26	30
4	0
3	168
10	12
0	145
6	52
0	168
92	0
30	0
48	15
0	15
56	25
3	25
13	25
0	0
55	31
5	42
13	1
0	42
0	37
27	0
82	25
0	19
14	37
0	17
33	37
60	3
2	3
0	54
57	68
7	1
0	45
8	45
0	14
0	22
0	1
1	56
0	27
0	7
0	89
10	128
69	32
0	9
166	26
76	20
0	18
71	16
0	50
0	0
0	1
4	8
0	3
0	7
0	1
0	50
13	0
0	25
0	17
0	17
0	8
0	1
2	0
0	1
0	7
1	0
0	19
0	14
34	19
0	19
12	1
0	1
0	54
46	15
2	46
9	0
1	5
47	41
0	189
120	41
0	189
1	0
12	40
28	166
0	50
1	50
0	6
0	7
0	51
0	5
5	5
13	0
16	0
0	0
0	24
0	33
0	58
4	19
0	21
0	13
0	13
0	38
0	13
0	5
0	14
0	5
0	2
0	9
0	0
0	0
0	15
0	29
0	34
4	0
54	0
0	3
0	0
110	11
5	11
0	9
42	17
32	0
0	0
9	0
676	0
1	40
0	33
1	33
9	33
3	12
103	8
0	0
82	16
7	273
0	118
45	64
26	186
0	1
18	108
22	0
85	57
0	37
0	48
222	70
10	80
2	83
30	92
0	0
72	25
0	25
33	0
14	43
52	51
39	51
0	172
33	81
13	46
0	58
0	6
0	13
35	78
0	166
0	0
0	0
8	31
0	27
0	26
2	23
5	12
21	0
18	18
9	2
45	18
198	0
1	28
13	0
34	21
0	6
4	7
4	0
69	11
0	0
130	13
155	13
52	18
4	18
9	0
0	6
0	6
20	32
0	29
0	14
0	14
0	14
0	14
0	11
25	19
0	3
0	16
2	0
1	3
4	18
0	18
0	18
26	25
0	1
3	17
0	17
24	14
0	14
71	262
27	0
2	402
0	48
20	25
4	1
4	0
11	113
4	1
0	5
0	12
0	5
0	5
0	12
0	7
0	0
0	7
7	25
13	18
7	0
7	0
0	18
0	18
0	0
0	10
0	18
0	15
0	15
0	0
0	0
0	20
0	46
23	53
0	4
3	0
54	4
65	60
0	108
20	13
6	101
51	3
35	141
55	6
5	0
0	7
0	7
13	2
27	20
0	20
168	46
9	37
0	40
7	0
0	0
76	6
8	8
0	13
47	27
20	24
3	38
0	22
0	116
14	74
0	80
0	86
0	132
1	49
0	23
0	7
0	0
0	131
104	0
0	1
13	1
73	0
0	3
11	0
3	42
22	42
7	6
4	8
0	0
3	26
0	12
0	7
0	0
0	11
0	6
26	0
0	26
2	132
3	132
0	46
25	23
0	0
12	0
323	10
0	10
0	17
15	52
0	2
13	0
2	7
0	17
97	5
4	0
0	0
8	5
31	77
19	77
168	56
10	22
0	14
9	19
0	17
0	12
62	32
20	0
0	64
2	5
10	5
0	7
0	7
0	50
0	22
6	50
0	36
0	1
0	3
0	1
0	1
0	11
6	11
55	57
0	29
0	5
2	5
3	4
5	0
1	16
0	16
8	119
0	91
0	97
0	93
15	74
0	6
11	0
0	1
7	0
0	24
0	2
10	10
3	21
0	119
75	0
20	7
1	7
1	14
31	13
0	14
0	8
0	14
0	19
0	0
0	6
0	6
1	2
2	0
151	9
375	30
0	21
30	13
11	9
0	171
0	98
0	176
0	87
193	79
0	5
0	2
0	2
0	15
77	18
8	9
0	8
0	41
0	8
2	8
1	0
0	4
5	4
0	26
0	59
17	11
0	11
0	14
0	46
0	47
0	14
11	66
0	14
0	14
0	13
0	4
0	12
0	7
0	4
0	23
0	4
0	4
0	4
11	0
0	4
0	4
0	0
4	16
0	0
51	0
0	47
0	8
1	17
0	90
0	65
0	4
0	90
186	41
0	2
3	0
0	0
3	0
47	0
13	4
8	29
0	25
0	0
3	0
94	38
83	5
0	5
94	19
0	30
0	37
1	37
47	16
0	3
15	82
0	22
0	16
0	4
8	6
0	11
5	6
0	6
0	66
0	0
0	2
14	0
0	6
25	79
3	79
0	0
8	23
0	23
0	2
2	9
0	0
14	0
0	33
0	12
0	33
6	18
0	18
0	11
7	3
1	3
7	0
62	127
43	90
2	2
0	78
0	111
24	25
48	5
6	5
40	87
0	40
0	7
0	10
0	0
19	16
1	0
11	0
6	15
12	6
11	0
10	46
42	62
0	10
17	4
3	4
0	94
0	13
0	40
0	40
53	2
4	12
7	2
0	5
80	0
22	0
31	21
2	19
0	10
8	0
0	21
0	0
10	7
0	7
0	0
9	16
21	16
0	16
9	12
21	13
0	59
0	79
93	29
0	16
5	3
0	0
0	0
0	6
4	4
20	61
37	0
8	72
0	112
0	85
0	77
0	59
0	2
3	1
22	25
0	89
0	84
20	1
8	122
56	58
43	78
7	92
47	12
0	12
99	10
55	0
59	54
0	15
0	39
11	8
0	38
0	1
13	24
0	24
16	31
21	31
29	6
5	0
23	0
110	34
0	9
0	25
4	25
10	22
0	53
9	143
0	82
0	127
3	10
0	26
76	129
1	0
0	17
0	29
0	0
3	40
0	39
0	5
17	5
0	5
6	0
2	1
0	1
0	1
0	38
5	1
0	49
8	51
0	1
8	6
0	2
0	9
0	37
0	0
22	37
0	3
0	11
30	13
0	13
0	94
0	60
0	94
0	35
1	1
0	7
0	35
15	0
26	95
0	34
0	34
0	34
8	7
0	35
0	113
0	129
0	60
0	60
0	108
28	121
0	123
0	146
0	26
0	70
0	22
0	4
0	23
51	56
0	3
0	0
4	9
0	16
12	0
0	13
146	30
0	18
0	5
59	0
40	23
0	17
0	21
7	6
0	18
0	18
4	0
0	12
90	34
0	242
15	38
2	44
0	40
0	40
0	40
0	0
0	0
0	246
13	34
5	0
0	34
0	20
9	27
40	30
0	47
29	24
0	44
0	42
3	6
14	112
0	164
105	187
0	67
20	7
0	7
2	0
0	7
0	4
45	5
37	69
0	57
11	0
3	0
0	6
53	6
0	57
0	0
4	71
4	71
40	83
0	83
0	23
8	1
0	3
0	3
0	3
0	4
0	0
6	40
6	16
0	12
0	10
0	9
0	0
17	3
4	19
0	70
0	65
0	48
0	10
0	7
0	48
78	203
0	184
0	70
0	6
0	43
0	62
10	3
4	1
0	1
0	1
1	1
0	0
0	13
0	18
0	7
66	29
8	3
29	26
0	1
18	104
0	104
53	9
0	82
20	82
71	0
31	24
0	24
0	146
0	146
7	16
34	29
7	6
13	9
0	33
0	2
25	172
0	74
0	39
4	167
0	167
0	11
0	23
5	23
1	0
22	23
213	82
0	82
0	62
27	19
5	1
0	1
0	17
46	17
0	0
1	0
0	0
0	5
0	73
0	76
0	43
0	25
0	1
7	3
0	3
0	3
0	0
0	0
0	0
0	3
0	0
104	0
8	171
38	171
15	1
62	3
0	2
118	81
17	63
7	6
0	7
0	7
15	22
10	12
16	10
0	0
6	97
1	97
0	68
0	55
35	44
0	41
0	36
0	41
0	8
44	0
0	18
0	33
0	33
0	81
0	33
0	35
0	33
0	92
0	33
0	4
0	4
0	12
0	0
0	11
0	2
0	3
0	49
0	50
40	62
0	50
0	49
0	49
0	2
0	2
7	6
0	6
12	50
4	0
0	62
38	84
7	13
0	8
13	20
12	8
0	76
0	0
5	0
10	38
0	38
0	38
0	9
0	8
76	408
21	0
37	0
90	1
33	80
0	80
15	14
12	33
0	0
0	0
0	8
0	92
0	92
3	51
86	154
7	55
20	214
19	28
0	28
0	28
0	28
1	5
0	5
0	22
0	22
0	22
0	22
0	0
3	0
4	72
9	10
0	0
0	72
35	2
0	2
24	1
10	0
0	0
2	2
0	5
0	59
1	5
0	59
0	94
0	123
10	87
23	0
1	8
19	8
0	2
1	2
0	9
13	2
6	4
0	55
0	5
0	142
111	0
80	26
0	12
0	3
0	0
12	0
0	2
0	2
8	150
23	188
0	44
93	0
63	37
8	0
0	343
0	343
0	73
16	17
0	4
0	13
0	4
0	4
0	3
48	3
0	343
102	57
0	21
3	4
0	5
28	5
0	15
1	0
0	1
0	16
0	16
0	111
5	111
99	244
0	20
7	10
3	1
0	8
0	10
0	10
0	10
2	3
28	39
26	4
1	32
83	58
11	4
0	4
81	23
0	23
3	0
2	0
0	72
0	67
0	44
0	56
0	41
0	60
0	95
0	12
0	18
0	6
0	11
0	6
1	6
0	10
0	11
0	18
0	0
0	3
0	9
0	0
0	9
0	8
0	15
0	22
0	9
0	9
0	6
0	9
0	12
0	9
0	14
8	5
6	16
20	0
10	24
5	28
0	8
0	3
0	6
0	0
0	6
0	0
0	0
0	0
23	2
5	11
12	128
0	84
0	58
0	52
0	71
0	25
2	1
0	0
432	121
29	121
0	22
57	25
0	28
19	9
0	9
0	29
0	3
0	3
3	13
0	20
24	0
14	121
2	109
0	111
4	101
0	58
0	67
0	9
0	17
9	27
0	14
0	0
0	0
7	2
0	2
0	109
0	109
0	109
0	11
0	11
0	11
0	36
0	11
0	10
0	29
0	36
187	33
0	0
9	0
0	33
97	80
0	23
0	28
0	80
0	19
0	68
3	11
0	11
0	11
0	16
6	16
0	19
110	4
45	123
0	125
0	125
0	0
0	0
0	0
0	33
0	48
0	33
0	38
0	23
0	23
0	13
0	16
1	11
0	30
0	81
12	81
6	4
26	59
0	53
0	30
0	4
0	4
0	0
0	0
0	0
0	0
5	0
0	4
15	72
0	15
0	72
0	6
0	15
0	2
0	68
0	2
2	11
0	0
0	7
0	7
0	26
27	58
0	84
0	83
12	43
63	4
126	90
0	37
2	7
67	0
7	37
1	37
4	22
0	0
0	0
19	10
20	10
82	0
3	44
0	44
0	0
10	0
40	13
0	9
0	13
13	7
0	7
1	25
0	4
0	0
0	0
7	0
7	21
0	21
0	22
0	0
5	0
0	0
4	2
2	2
0	0
0	0
0	0
0	0
0	0
120	0
0	70
2	51
0	27
0	18
0	26
0	26
0	9
5	9
0	0
0	0
0	0
0	0
19	0
0	27
0	10
0	42
0	42
0	6
0	57
2	7
31	17
0	155
5	3
1	0
0	170
0	24
0	24
0	23
0	11
46	77
0	72
19	74
0	41
0	41
0	26
0	11
0	2
0	2
0	13
0	5
0	6
42	29
0	1
0	28
0	12
0	10
0	24
8	24
8	5
9	5
8	5
0	49
0	130
36	110
0	6
0	8
23	7
0	3
1	0
9	1
0	1
3	115
0	12
0	7
0	22
0	18
6	0
0	7
41	96
0	27
6	69
41	41
35	43
55	56
29	109
0	77
13	34
0	14
0	14
0	0
0	0
197	95
3	0
84	0
0	2
0	84
0	0
4	82
0	38
0	48
0	11
80	44
0	11
0	5
3	0
0	3
0	0
7	39
0	13
0	13
0	19
196	0
16	107
90	133
16	109
0	28
52	42
3	22
0	5
0	3
0	3
0	0
0	0
0	3
0	33
0	15
0	15
11	33
51	0
0	0
7	47
249	47
2	4
0	10
0	3
11	18
0	10
36	16
0	28
0	16
0	4
7	0
4	0
2	0
0	16
0	0
55	18
0	16
0	4
0	4
0	9
0	5
14	1
16	42
0	3
0	49
0	8
0	39
0	10
0	22
0	22
0	32
2	12
0	8
0	12
5	18
0	2
9	14
7	0
0	0
2	6
0	0
0	6
0	0
0	17
0	4
79	38
27	30
0	19
0	6
80	26
23	8
12	8
0	18
0	65
164	67
0	65
0	15
13	9
0	3
0	12
0	10
0	6
37	17
0	13
3	4
240	0
42	1
254	0
0	63
0	0
1	3
1	21
186	30
0	63
260	0
0	9
30	31
80	67
7	43
0	36
0	36
0	0
8	22
0	12
23	188
0	16
0	16
0	80
0	4
2	3
0	120
0	88
18	45
0	27
0	7
0	1
3	252
4	11
20	50
0	40
0	219
98	200
0	7
0	6
0	215
37	14
0	14
46	71
0	70
0	6
163	376
0	8
4	8
5	0
0	0
0	0
17	17
0	21
11	14
0	14
0	8
36	0
0	0
21	0
0	0
4	0
0	0
0	0
80	34
0	166
12	0
0	5
0	0
5	1
0	35
129	39
0	16
0	16
1	18
0	3
0	3
0	1
0	0
2	0
0	0
4	0
4	0
0	0
0	0
6	1
170	0
101	6
3	6
0	0
0	0
0	1
13	966
23	6
31	3
4	1
87	9
1	9
0	141
0	6
0	34
0	141
0	115
17	143
0	28
0	20
0	4
5	28
0	28
0	28
0	49
1	49
0	49
0	28
0	12
0	12
0	12
16	12
0	2
0	28
36	26
0	21
0	9
0	7
0	1
2	27
0	0
4	20
0	9
65	0
0	16
16	0
0	20
138	84
0	1
4	26
0	17
1	43
54	34
245	20
0	34
0	7
10	2
0	2
4	2
0	1
0	1
0	1
12	62
0	33
0	163
0	163
0	0
4	0
32	0
0	36
0	12
0	37
0	13
10	134
32	0
0	270
0	15
2	13
0	13
4	71
0	70
16	199
3	38
0	270
18	0
0	0
12	0
1	4
13	4
67	173
0	62
14	0
0	2
0	2
55	4
0	2
0	5
28	114
18	125
0	5
0	103
23	103
0	91
4	19
0	14
7	5
0	17
148	29
3	2
4	0
0	27
104	3
0	107
0	106
79	0
29	184
31	0
0	7
1	15
0	7
7	0
0	0
0	12
0	0
5	0
6	1
0	0
2	31
0	1
8	0
0	1
3	81
3	0
0	139
4	127
5	32
0	10
236	197
6	82
57	32
145	100
0	4
174	96
5	6
0	6
10	3
4	3
9	1
0	3
13	0
0	3
285	55
41	48
0	2
25	1
0	1
0	92
5	92
35	66
67	60
31	113
0	66
0	27
2	2
0	0
0	7
0	56
3	0
0	94
0	80
0	62
10	34
0	44
0	60
0	40
4	10
0	28
46	75
0	57
0	47
0	16
0	28
0	46
0	18
0	0
0	46
0	21
88	21
51	0
0	84
0	84
26	0
12	0
2	72
19	0
0	16
0	71
25	17
88	168
14	41
0	6
62	0
6	29
78	719
4	7
4	0
9	21
0	21
4	85
0	64
35	40
6	39
80	55
0	31
0	25
0	19
0	20
8	69
80	69
0	113
0	44
0	0
0	10
0	21
0	5
0	2
0	11
0	10
0	113
8	0
61	189
0	180
0	0
0	2
0	0
8	0
23	0
194	6
9	0
1	13
0	7
0	0
0	16
0	22
18	149
0	14
0	14
0	20
0	0
7	0
185	149
0	3
412	8
0	8
3	8
40	0
1	0
5	24
21	12
19	24
0	0
21	0
1	83
267	50
14	79
4	29
29	113
0	113
0	6
13	0
0	107
0	11
0	14
0	3
21	0
0	0
0	0
6	14
7	3
0	0
57	6
8	6
0	5
0	12
1	12
0	0
12	381
0	44
0	14
0	15
37	35
1	7
0	2
28	2
0	0
0	1
0	45
0	42
0	0
4	6
5	90
126	90
13	18
0	18
7	4
0	1
0	11
0	41
9	28
21	44
0	66
11	78
26	52
11	0
0	6
0	14
0	12
0	3
6	0
0	103
8	19
0	16
0	96
0	15
11	3
3	75
15	18
0	12
3	12
30	6
0	0
18	0
0	12
40	12
30	6
5	6
4	0
20	24
0	24
41	65
0	2
0	2
42	42
2	42
8	42
7	42
0	42
0	0
1	7
0	20
0	3
0	3
0	4
46	106
5	100
0	3
12	224
37	6
5	0
0	16
13	0
0	7
2	0
0	26
0	0
0	0
0	25
0	5
0	32
0	12
12	97
54	14
0	82
0	95
1	7
0	7
0	0
0	0
3	38
83	84
0	84
0	58
13	0
76	0
0	22
0	59
0	45
0	12
0	18
0	22
0	59
0	59
0	71
12	78
0	39
3	39
51	36
0	17
0	17
1	6
0	39
0	78
16	0
25	8
0	8
18	0
0	7
8	0
0	1
0	1
47	43
1	43
37	13
15	8
0	0
0	0
0	0
0	1
9	1
0	1
9	6
0	146
18	30
31	146
8	0
13	31
5	25
0	6
70	77
4	59
23	13
0	0
7	22
6	13
0	19
0	0
3	19
12	28
1	0
14	1
0	9
9	0
0	24
0	24
0	24
22	0
41	0
0	67
0	67
0	15
0	66
0	49
9	79
0	15
6	0
5	22
0	79
57	36
0	36
0	7
0	45
0	53
0	0
0	4
0	103
0	103
0	0
0	1
10	278
0	278
554	146
0	127
0	72
0	87
0	83
0	11
8	1
0	0
15	32
0	31
0	97
56	0
0	61
0	1
0	1
0	1
0	16
0	10
0	11
0	7
0	4
10	6
25	17
7	24
10	0
53	49
0	49
0	56
0	2
0	2
3	0
0	56
10	110
167	25
0	0
12	10
0	14
6	15
38	29
8	512
0	0
17	118
0	99
0	1
35	28
0	0
0	20
0	1
10	9
19	21
7	9
5	38
37	48
141	49
0	51
0	51
0	0
7	33
3	21
0	26
72	0
93	22
23	22
24	168
0	137
6	16
0	16
0	5
0	5
1	0
0	5
12	0
11	34
0	35
0	12
0	22
0	7
0	19
0	23
0	1
1	29
0	1
6	28
3	1
23	23
1	22
25	0
0	14
0	14
9	12
0	23
0	36
0	7
28	17
0	17
43	17
0	2
0	2
3	49
67	18
0	3
1	0
2	4
1	9
22	7
133	53
57	6
27	0
60	0
65	0
0	41
0	15
0	41
9	12
0	12
0	12
23	0
0	0
0	12
0	0
923	126
0	116
0	55
0	13
0	93
0	93
0	104
0	104
10	27
0	9
0	34
4	57
4	36
0	13
0	1
0	13
1	0
0	14
0	14
3	4
12	6
0	6
0	6
0	0
0	0
0	0
0	0
1	0
0	0
95	60
0	59
47	63
0	57
0	66
3	0
0	81
0	2
0	50
19	79
101	84
5	44
0	9
0	49
0	39
17	16
16	3
32	27
0	10
22	178
0	28
0	0
17	0
0	90
0	90
29	36
0	107
0	107
0	4
0	14
7	25
0	34
0	22
0	31
0	7
0	21
18	0
0	15
43	5
10	7
0	0
0	14
0	23
0	14
23	15
27	14
0	10
21	28
2	28
0	14
0	14
0	14
18	32
6	32
0	20
0	75
4	75
0	8
0	8
0	0
0	7
0	0
7	0
113	91
0	22
4	1
0	15
5	15
5	13
17	6
22	0
5	15
0	17
0	11
0	15
0	17
0	34
0	34
0	0
2	46
0	45
20	1
53	33
6	1
0	1
16	42
0	4
52	1
18	9
15	2
0	1
0	10
0	4
14	5
9	54
0	29
0	59
1	2
47	484
0	25
0	25
1	0
0	0
0	0
0	1
7	47
0	2
0	1
0	0
60	50
108	27
41	12
0	20
0	5
0	5
0	5
7	1
0	10
143	39
0	13
0	26
89	98
21	70
51	45
0	61
0	45
8	0
2	53
0	53
0	0
0	0
8	0
0	0
0	0
3	79
16	34
0	34
0	34
0	34
0	9
6	3
0	0
14	22
19	22
14	19
4	9
0	6
0	10
0	4
0	3
5	10
4	10
0	1
0	0
0	0
8	2
0	9
222	58
0	4
2	58
12	1
0	0
1	5
0	27
4	29
12	0
7	15
0	15
0	10
0	10
16	0
68	102
0	102
0	56
0	15
1	12
0	13
0	11
14	11
37	0
0	16
7	21
0	21
0	2
3	2
0	0
8	0
90	0
20	102
0	35
0	41
0	8
8	8
0	9
9	9
14	0
0	9
0	0
0	9
0	9
0	33
0	7
0	0
20	39
0	11
33	1
0	0
0	1
1	24
0	138
15	24
12	66
0	3
21	51
107	16
51	6
0	20
0	0
7	8
0	33
10	131
3	0
0	5
8	3
0	7
3	11
6	4
1	0
16	116
0	72
86	21
20	12
0	0
0	0
0	0
6	0
0	9
0	0
0	211
0	211
0	8
337	120
0	52
1	29
0	28
0	0
0	0
2	0
30	64
11	48
0	21
0	14
0	57
0	16
0	62
7	21
112	391
0	391
11	40
0	11
0	21
32	0
0	0
0	7
0	0
0	0
12	1
118	0
8	0
32	0
75	10
3	10
40	10
0	10
0	4
36	26
134	54
0	15
0	15
0	15
0	0
1	56
0	56
0	25
6	0
0	7
21	0
140	69
0	19
197	69
10	13
8	7
7	12
49	1
24	1
9	104
0	104
0	2
11	2
28	80
0	12
0	9
0	10
0	0
0	75
0	8
0	9
0	38
0	39
31	39
9	46
10	46
54	46
36	84
0	74
0	10
0	20
0	3
66	7
0	20
4	7
39	0
0	4
0	33
13	1
0	22
0	33
19	18
24	18
23	13
89	8
0	27
0	22
10	1
0	22
0	4
0	3
3	23
0	29
4	71
0	59
24	60
5	4
9	20
1	20
33	80
263	5
0	1
5	1
4	11
0	15
6	0
8	4
67	5
0	1
18	86
39	20
0	18
24	88
62	20
0	12
24	8
76	1
7	1
73	11
0	10
0	5
4	2
0	54
16	57
0	1
0	1
7	26
0	4
0	9
0	6
37	76
0	76
18	56
1	12
42	44
0	150
11	56
49	26
0	7
0	0
0	7
0	0
1	51
13	0
0	55
15	55
122	0
0	39
305	181
42	63
0	22
0	23
0	0
80	17
0	4
10	16
28	45
0	8
0	43
23	33
30	31
7	13
0	23
0	14
0	32
0	50
0	19
0	50
253	94
1	0
1	2
7	2
0	92
14	1
0	6
0	8
7	40
12	40
0	8
0	0
22	7
0	1
0	110
0	84
0	28
0	110
10	55
0	54
0	21
3	6
0	54
4	11
293	6
5	13
0	13
19	2
0	2
0	2
0	1
31	0
0	73
0	130
0	73
0	130
0	73
0	130
0	26
0	6
0	7
0	27
0	1
10	0
4	21
28	9
1	2
0	35
0	35
92	180
0	20
1	16
41	10
8	0
0	0
30	33
0	0
1	0
0	0
18	11
0	1
325	0
0	105
6	105
43	19
6	8
15	0
26	11
37	4
90	11
99	49
0	49
121	4
15	1
40	0
1	10
44	10
0	1
5	13
0	5
100	12
0	9
15	102
0	61
0	34
0	59
98	15
0	14
0	6
0	0
5	33
5	71
0	1
10	55
0	50
0	71
3	30
0	31
0	31
6	34
5	0
45	4
12	50
61	201
32	6
3	48
0	48
0	207
0	207
51	4
7	4
170	77
0	21
0	1
0	0
0	57
35	6
33	47
0	46
0	1
0	1
11	94
0	5
3	5
5	17
0	24
0	24
0	13
8	10
0	13
9	6
0	6
2	0
0	0
0	44
0	44
26	33
0	14
2	14
4	0
32	21
0	13
0	6
0	6
0	6
0	6
0	6
17	19
0	19
1	1
0	0
0	0
0	0
0	0
223	5
1	2
0	3
11	156
1	0
26	18
38	0
25	1
36	5
36	0
3	22
0	29
0	24
0	12
0	61
3	61
0	67
0	67
0	71
0	96
0	96
0	100
0	104
42	104
0	89
0	39
164	9
4	50
0	0
0	25
0	111
0	111
0	110
18	21
18	21
14	5
0	0
20	94
35	143
0	29
0	1
1	143
19	0
63	76
12	13
0	10
9	81
5	108
0	108
0	18
4	33
0	41
0	10
1	8
0	0
2	0
0	108
36	51
33	4
0	4
65	22
0	4
0	0
0	4
69	47
8	21
9	32
0	61
13	48
40	26
0	0
21	197
0	27
0	113
5	219
0	82
34	138
0	75
0	45
0	29
0	0
0	88
0	11
0	7
0	25
0	19
0	19
0	117
0	208
0	33
0	63
0	19
34	30
0	112
0	243
0	108
0	2
0	49
541	26
0	55
12	50
16	38
0	38
27	0
86	0
9	0
90	49
0	25
0	18
5	0
73	50
5	18
55	12
0	11
19	0
1	0
0	101
0	101
0	101
1	4
0	22
0	27
49	0
13	53
81	1
38	75
0	46
0	0
2	26
0	23
1	0
19	0
19	99
49	38
4	38
0	51
0	51
0	51
0	51
0	51
0	51
0	51
0	51
0	26
13	0
6	0
0	51
2	29
20	30
0	13
3	2
0	1
0	4
0	0
17	79
0	93
0	79
0	14
0	22
0	63
4	1
83	78
19	56
0	84
1	44
0	44
116	12
0	44
0	31
10	4
0	4
0	32
0	32
12	2
0	7
0	22
0	9
0	15
8	0
0	0
2	92
0	92
0	43
54	0
0	3
1	13
22	6
0	8
0	6
0	8
0	11
24	6
68	0
0	11
5	102
0	10
45	0
15	0
0	25
0	25
0	19
14	59
0	63
0	59
0	39
0	38
8	10
0	15
36	0
0	0
0	9
0	4
0	30
144	42
0	11
0	9
0	8
0	8
8	1
2	0
41	64
72	14
0	7
0	13
0	7
0	8
0	8
0	6
0	3
5	6
28	15
0	5
0	14
0	0
0	15
0	6
2	9
0	15
7	10
6	0
6	36
0	1
68	262
0	91
0	9
8	16
24	26
38	0
69	94
0	56
9	0
0	30
29	31
0	1
5	0
55	0
9	0
2	58
0	58
0	23
9	0
18	26
2	26
0	1
1	0
45	99
6	1
73	10
0	88
0	8
98	18
0	8
0	8
0	18
3	8
0	7
0	2
0	57
0	34
0	19
0	14
0	36
0	0
0	0
0	0
7	13
18	105
0	115
0	115
0	49
0	9
1	0
0	23
94	0
0	46
0	46
0	0
22	94
0	105
116	21
0	10
0	105
7	0
0	1
0	0
1	24
0	24
9	24
0	0
16	31
5	31
0	3
0	3
15	51
0	3
42	8
126	48
6	33
0	33
5	33
0	7
47	58
0	57
71	0
4	155
73	76
5	26
0	14
2	0
0	0
0	10
0	8
2	11
15	12
1	12
0	1
0	1
0	0
0	15
8	191
0	47
0	197
1	33
13	33
0	4
14	4
0	55
26	55
0	12
0	16
2	11
0	0
0	0
251	0
57	0
0	195
44	195
0	12
6	0
9	1
13	30
32	20
0	30
5	30
0	30
16	2
0	11
0	12
0	6
15	8
0	7
0	3
0	150
0	150
16	48
0	176
0	14
0	12
0	176
0	171
11	74
15	25
0	5
0	13
0	2
8	82
0	8
0	16
0	9
0	16
0	9
0	16
7	9
35	46
24	27
0	235
9	253
17	18
5	18
0	18
0	231
0	232
0	259
0	83
0	83
0	1
0	0
0	0
0	16
2	16
70	139
0	43
0	32
14	0
1	9
6	81
0	80
0	27
57	13
0	8
0	5
0	8
24	0
5	0
4	29
1	30
19	59
0	84
1	92
1	37
0	28
0	23
4	10
0	33
23	46
16	10
21	14
0	3
0	3
0	8
56	18
109	10
0	8
84	45
18	27
0	0
6	2
190	8
3	1
0	1
39	14
4	8
0	4
5	6
26	33
7	6
18	68
0	29
0	18
4	38
0	26
1	33
83	24
0	63
5	4
0	8
74	16
0	8
0	2
0	2
0	2
539	196
0	5
0	113
0	48
6	101
0	0
0	0
0	12
0	83
0	0
0	36
24	113
171	0
0	0
19	17
6	8
0	9
0	15
19	1
5	5
4	5
0	5
0	5
37	7
0	1
1	1
3	34
12	4
0	36
0	6
0	5
0	1
27	115
0	8
139	0
1	0
12	15
3	15
0	68
0	68
0	58
0	35
0	0
0	51
0	1
0	0
1	1
1	0
0	1
0	1
15	70
61	0
0	47
0	47
0	47
8	47
8	45
11	0
26	9
0	2
0	4
8	4
0	2
0	25
5	604
0	20
0	24
8	34
27	92
45	92
56	177
11	39
0	51
0	51
0	51
0	69
12	71
3	16
3	14
58	18
0	18
0	18
37	126
5	10
7	11
0	1
9	0
0	18
4	0
58	0
40	184
23	43
0	16
0	138
15	35
4	68
0	68
5	68
0	52
11	4
0	84
165	0
3	5
1	4
0	3
0	71
0	0
0	63
0	71
0	0
0	23
0	7
10	3
0	15
6	2
21	33
7	4
0	116
0	116
0	20
0	29
0	30
53	11
9	30
55	42
120	82
0	109
27	86
0	14
0	4
0	12
0	77
0	65
10	92
0	65
0	41
0	14
1	0
0	27
0	17
6	0
0	17
0	24
0	14
0	23
307	3
29	31
47	1
0	1
10	72
0	187
0	192
0	24
15	33
5	33
0	10
31	6
0	6
5	1
0	1
108	10
0	0
0	0
67	13
0	73
0	69
0	14
42	47
6	42
0	0
112	20
1	13
118	13
38	23
3	0
0	11
45	1
94	4
6	4
63	5
16	0
0	38
0	38
0	16
0	102
0	102
0	89
0	29
0	24
72	118
0	65
0	13
14	78
0	28
0	20
0	20
7	16
0	16
22	16
0	4
0	4
0	0
54	0
37	0
0	78
0	78
0	78
0	20
2	7
46	75
7	0
0	1
1	8
0	9
0	9
0	24
0	1
0	3
131	3
26	0
0	521
0	521
0	12
6	50
22	22
0	1
0	50
4	354
0	354
0	19
344	12
0	10
0	5
10	2
33	0
85	6
0	6
2	0
56	22
0	17
42	58
7	148
0	0
0	0
0	12
50	36
0	41
0	5
19	14
0	17
4	9
0	48
0	36
28	5
0	2
23	67
0	68
0	68
0	1
0	53
0	60
16	18
0	18
994	2019
0	18
0	35
0	35
18	466
0	68
0	68
0	2
103	81
26	58
0	12
0	12
0	12
0	7
0	12
7	22
1	0
24	22
0	4
0	4
0	0
0	8
0	0
105	6
9	6
0	6
0	6
0	6
0	3
0	3
22	186
186	1
0	0
0	1
71	93
0	17
6	0
0	0
0	0
0	0
2	0
0	0
1	0
0	0
0	0
3	0
111	55
0	6
0	6
0	44
0	6
0	49
0	11
0	0
5	0
9	11
6	42
1	21
0	21
0	21
0	21
0	5
5	21
12	0
0	0
0	26
0	26
0	26
0	22
0	18
0	13
0	26
1	1
4	6
0	6
1	0
0	73
0	74
0	74
0	5
0	6
1	0
0	1
62	31
28	0
0	2
2	2
151	59
12	40
0	3
0	3
0	9
4	3
8	3
0	6
5	2
0	3
25	15
22	6
0	5
0	0
4	0
16	1
0	1
7	1
0	1
0	0
0	0
0	0
0	0
1	65
0	11
3	67
0	16
0	9
2	69
0	66
0	69
7	35
8	33
0	29
38	13
0	13
18	0
0	0
0	0
317	104
145	104
1	46
14	46
0	0
19	0
15	66
0	0
9	0
3	13
6	0
0	20
0	3
0	6
0	0
0	3
0	19
159	0
70	8
0	0
0	0
0	8
0	0
0	38
0	2
0	7
0	1
0	39
0	22
0	33
16	115
0	47
318	0
103	71
22	62
0	23
51	10
0	6
0	4
16	28
0	0
0	3
0	6
0	4
0	0
5	12
1	0
0	2
0	0
13	0
184	0
3	360
0	56
0	52
0	53
0	40
0	235
0	368
43	0
6	3
39	109
0	178
0	235
65	25
0	60
71	50
0	55
9	0
0	3
0	3
0	368
320	305
5	101
8	93
5	8
0	10
0	2
0	8
0	17
0	17
0	18
0	4
0	4
0	4
0	5
0	18
2	71
0	32
9	31
0	73
5	5
0	5
90	0
47	15
0	82
34	56
8	82
0	6
0	35
0	0
0	0
19	35
0	7
13	10
0	19
44	39
0	11
69	48
37	0
13	10
0	1
0	2
12	7
0	7
0	160
0	160
0	7
0	7
0	7
0	0
140	28
0	22
18	51
0	0
15	0
228	62
4	22
0	0
0	10
0	12
0	0
0	14
7	24
0	2
0	1
0	21
0	3
0	3
0	26
0	26
86	103
0	98
31	24
0	8
0	5
59	5
0	5
0	43
3	44
3	44
0	34
0	40
18	8
5	13
0	130
0	130
37	289
70	0
19	0
0	0
0	61
0	61
0	59
0	34
0	36
0	33
20	34
0	82
16	82
5	65
0	65
0	20
3	32
0	9
0	2
0	16
0	5
0	11
0	4
0	6
1	1
0	1
63	13
0	7
0	5
7	186
0	1
0	34
0	198
58	0
42	31
0	6
0	18
12	28
10	0
1	73
60	73
28	10
35	17
0	10
0	0
175	78
0	7
0	78
0	7
0	7
0	7
0	37
107	0
55	2
7	3
0	3
16	45
0	0
23	45
73	64
3	64
4	8
0	8
71	15
0	6
7	86
1	86
0	18
0	0
1	0
0	59
0	59
0	16
284	15
29	23
0	9
0	1
7	10
0	9
0	96
28	96
0	11
1	0
0	95
0	0
0	15
0	95
0	1
21	20
0	17
0	17
4	17
0	14
4	2
0	0
67	20
1	26
0	26
0	5
0	19
12	39
12	10
0	29
0	0
11	0
0	15
0	11
3	0
9	11
2	9
52	25
194	446
8	8
0	4
0	11
8	11
0	7
0	7
0	4
0	3
0	3
0	0
0	0
2	0
61	6
6	229
0	50
0	24
3	24
0	2
0	126
3	3
29	3
0	229
46	0
22	0
465	0
38	20
0	20
0	60
0	67
0	67
77	7
0	7
24	4
0	4
6	4
0	4
0	4
11	0
38	10
130	47
0	22
0	3
0	3
15	3
39	3
0	28
5	0
218	12
0	6
4	23
0	5
0	23
32	0
5	14
44	14
0	0
6	14
6	5
6	26
6	0
0	18
3	36
0	36
6	22
2	22
31	17
0	10
0	12
0	9
34	40
4	1
0	25
12	28
14	2
4	4
2	4
64	6
13	61
0	77
0	15
0	6
0	6
26	16
0	63
27	0
117	0
30	0
0	0
25	0
20	0
0	0
20	13
4	0
14	57
60	57
4	41
104	6
2	6
23	162
19	162
0	162
0	7
0	7
0	7
0	7
442	160
0	17
20	149
0	147
38	95
0	104
0	70
76	46
2	33
0	43
0	44
0	34
0	22
155	10
0	0
33	10
0	10
40	0
50	0
0	16
0	16
0	0
0	13
0	13
0	13
0	13
0	8
6	0
0	8
0	11
0	20
178	44
14	0
0	0
0	1
0	15
0	15
37	52
0	22
0	0
0	0
22	3
9	52
0	12
0	12
20	53
0	43
0	44
5	56
18	71
24	49
0	42
72	0
23	3
56	19
40	53
0	63
13	35
0	35
33	0
26	128
0	99
0	115
29	0
224	24
0	5
0	20
3	0
101	0
0	0
119	0
0	7
8	43
0	43
3	43
51	10
1	10
5	0
0	42
0	42
0	13
0	75
0	70
0	75
94	318
0	6
0	15
0	0
0	12
0	15
0	15
10	0
1	4
62	22
0	22
0	10
0	2
0	0
2	0
0	0
3	42
0	42
0	36
0	46
0	36
0	3
0	4
0	46
0	42
0	1
0	8
0	43
0	40
0	1
0	39
0	33
18	39
0	0
0	5
0	15
5	15
64	23
0	0
1	1
33	46
30	13
0	13
0	4
3	0
34	15
0	1
31	402
26	402
0	107
0	0
47	0
15	0
0	13
0	13
7	3
9	3
25	17
0	17
0	0
4	0
0	4
1	0
0	27
0	0
23	27
0	22
0	0
62	305
21	10
0	10
137	0
10	0
28	34
8	21
0	13
23	0
0	0
0	1
1	0
34	72
0	67
327	114
77	160
15	118
0	60
0	21
14	40
24	33
57	51
0	67
6	0
74	0
28	302
33	23
0	2
24	2
0	3
0	22
1	31
19	43
0	14
0	29
0	38
3	0
0	37
12	50
10	0
14	0
4	3
0	11
0	10
0	14
0	29
0	5
52	47
0	5
0	9
0	5
0	10
0	8
0	5
0	17
1	5
0	5
0	43
3	43
0	38
18	37
0	22
0	22
0	22
0	22
0	18
0	22
0	14
1	22
0	0
183	11
48	38
188	42
0	8
1	17
0	16
0	16
8	0
0	217
0	312
3	90
0	10
0	10
0	109
17	14
0	37
0	65
0	4
0	50
0	0
0	53
16	0
0	18
35	53
0	63
0	63
99	319
0	289
0	7
0	148
0	144
7	148
0	119
14	21
0	112
0	9
0	0
19	0
4	39
11	0
0	0
0	11
69	6
0	0
0	2
0	0
0	6
4	0
0	0
0	0
0	0
5	2
10	4
0	4
0	14
1	7
0	7
0	0
0	7
7	0
229	0
1	0
0	3
4	104
1	0
11	132
0	132
37	36
0	0
21	0
29	15
0	31
0	31
0	25
0	0
0	12
0	11
13	36
2	6
6	7
1	1
22	7
0	50
32	52
0	77
43	51
5	35
2	60
31	9
21	57
17	92
0	36
31	514
37	403
0	420
0	92
16	7
0	7
0	2
98	88
21	71
120	33
0	17
0	19
0	0
2	0
0	83
0	70
0	31
0	31
5	55
28	19
0	55
0	48
1	1
0	23
79	0
3	19
21	0
0	75
0	56
0	75
70	0
191	42
39	50
6	2
47	1
182	52
0	5
7	31
0	10
25	64
0	12
0	0
0	8
21	0
12	2
0	0
0	0
0	0
4	0
0	58
0	2
20	16
17	12
0	6
0	58
0	6
3	0
0	6
1	0
39	7
3	1
11	0
0	0
0	46
0	46
0	179
0	0
0	7
0	181
0	0
0	79
0	79
3	46
0	245
0	245
0	245
0	11
42	0
25	23
0	22
15	0
30	38
24	15
0	15
42	0
0	0
0	0
5	27
5	27
4	0
0	0
45	41
0	29
0	0
4	0
2	65
23	68
0	106
0	9
0	3
0	1
0	41
9	9
0	34
0	42
0	42
0	41
49	10
0	34
0	23
0	24
0	20
1	1
3	0
0	11
0	1
4	6
18	0
7	120
4	0
0	0
8	73
0	73
0	20
5	16
5	24
11	12
4	173
0	169
21	12
0	4
108	1
0	0
27	124
9	124
189	124
0	0
52	16
6	16
0	201
0	201
111	6
0	6
109	25
23	7
13	7
17	24
0	5
0	5
6	0
5	0
0	0
0	0
10	35
1	40
0	21
56	10
0	40
0	40
10	0
0	36
49	11
2	33
0	30
0	34
0	34
0	30
0	3
0	78
13	78
0	17
4	8
1	645
103	17
0	29
4	645
0	41
33	62
3	47
0	25
59	67
0	41
0	25
0	11
0	5
21	6
0	4
24	2
218	89
0	89
2	0
0	0
0	0
11	0
0	0
7	0
0	0
4	6
0	6
1	2
1	0
35	870
47	870
0	27
0	27
23	8
378	0
1	7
1	10
23	50
0	40
3	47
0	34
0	46
1	28
2	24
0	36
0	127
0	127
15	28
11	0
0	0
61	86
0	82
17	28
0	108
0	122
0	122
4	20
0	8
212	123
8	12
105	0
463	327
0	299
0	230
0	8
18	7
124	147
735	125
25	7
0	7
10	25
0	25
1	1
4	18
0	12
0	0
17	55
0	46
208	55
0	3
9	0
7	54
0	28
9	6
0	6
12	0
32	0
12	15
20	17
5	5
0	1
0	1
0	6
0	0
0	4
0	5
0	3
1	44
0	44
30	65
2	65
9	3
2	60
7	9
0	18
0	43
0	45
0	24
7	31
0	29
57	0
0	0
48	0
133	0
71	11
0	11
1	0
17	35
0	35
35	3
21	3
53	18
0	0
4	0
0	0
2	0
0	0
8	132
10	142
6	74
0	12
26	0
46	87
0	75
11	18
15	9
0	7
0	9
1	7
0	7
74	27
0	0
9	27
0	46
0	15
10	17
0	15
2	0
0	46
63	22
0	22
0	8
23	6
85	8
17	6
0	7
7	6
32	2
0	2
13	0
0	0
1	17
0	17
0	34
21	40
0	12
0	6
0	0
1	2
47	2
0	2
0	2
187	206
0	4
0	1
0	26
11	85
0	1
30	16
50	5
0	32
96	121
0	18
0	57
13	57
12	15
4	0
0	30
0	30
0	23
0	19
13	17
2	0
27	15
0	7
7	15
5	6
8	7
0	6
0	6
3	45
0	45
44	531
0	8
7	46
0	9
0	24
0	4
8	3
6	1
0	4
0	8
14	45
0	23
21	44
0	38
22	9
0	9
0	5
6	0
4	0
1	96
24	137
0	106
0	93
0	139
0	17
0	0
0	0
0	16
0	14
0	25
0	1
0	16
0	7
4	16
0	26
0	23
0	23
31	0
14	20
18	0
0	30
0	30
0	0
0	3
0	21
0	0
13	98
0	98
232	9
87	0
0	3
218	3
0	3
24	0
5	66
36	56
91	163
15	165
1	9
4	9
7	0
0	59
8	44
0	54
0	33
0	5
0	7
0	14
0	7
2	2
30	5
0	15
69	0
65	11
14	10
7	46
0	47
0	6
23	38
1	28
0	263
0	263
0	5
3	26
0	14
10	26
0	53
0	53
0	27
0	5
19	25
8	10
8	189
0	189
0	32
75	0
19	79
0	80
0	80
0	20
0	24
2	16
0	0
0	1
0	1
0	0
20	312
13	261
83	125
0	116
0	63
0	133
0	76
3	91
0	64
7	33
4	11
24	28
0	28
0	12
34	27
0	27
36	143
1	139
18	129
0	4
4	4
3	20
0	20
0	20
25	16
8	12
5	15
0	4
87	1
5	48
24	49
31	12
0	12
4	9
0	4
9	17
76	22
31	21
20	21
9	404
1	21
0	16
5	0
0	0
0	1
0	0
0	0
909	239
374	210
80	208
1679	192
143	13
0	9
0	3
0	9
9	13
34	9
10	22
0	22
356	41
2	35
0	35
6	0
26	27
18	18
0	17
1	0
0	8
0	0
0	0
0	76
0	79
0	32
0	41
14	16
0	41
3	3
0	4
0	24
0	0
0	30
6	5
0	15
35	5
11	15
0	9
0	0
18	0
0	0
0	4
0	1
0	4
9	4
17	19
32	42
3	16
24	0
0	0
25	23
0	21
0	88
2	21
0	21
0	21
0	92
35	91
0	40
0	12
5	0
1	8
0	58
8	6
0	3
0	3
0	18
0	3
0	62
0	1
0	1
14	3
11	59
118	8
5	102
2	63
0	105
0	3
0	0
4	0
35	153
0	2
0	9
0	7
0	153
0	174
0	56
0	11
0	39
12	63
129	6
10	29
2	0
5	0
13	1
0	3
2	29
0	204
0	204
0	15
0	0
4	0
0	0
10	21
0	19
0	16
74	18
0	146
0	11
0	75
0	47
0	35
0	47
0	47
0	47
0	44
0	41
0	47
0	45
0	45
2	0
17	32
21	5
41	26
0	34
18	21
0	27
0	34
7	9
0	8
7	13
0	48
0	48
17	11
0	6
3	4
14	3
0	149
91	7
24	155
42	173
15	11
0	0
0	0
8	0
11	59
20	0
0	2
0	0
0	3
6	0
0	57
78	25
0	25
0	0
0	25
0	25
0	2
4	2
0	4
1	2
6	0
214	15
0	13
0	7
36	1
0	4
0	4
7	1
0	0
0	0
0	0
0	0
0	0
14	0
0	0
0	0
20	4
0	4
0	4
0	4
49	3
0	3
0	45
0	1
0	0
0	0
0	1
4	1
3	1
0	116
0	4
12	7
0	23
2	149
0	33
0	0
0	33
9	31
10	13
0	0
91	0
0	0
0	0
3	0
1	0
0	0
82	60
0	60
1	11
4	0
40	0
14	32
0	9
0	10
0	0
0	38
0	37
7	62
16	62
0	6
0	4
0	3
5	4
52	0
90	54
31	10
0	0
2	0
0	20
1	14
7	11
9	17
0	6
0	5
37	5
0	6
0	54
0	109
0	6
1	8
0	7
9	0
0	110
0	3
19	31
142	87
3	47
0	9
30	0
630	386
9	355
0	405
0	1
0	311
0	405
0	68
0	63
0	60
0	53
0	48
0	63
23	70
9	22
0	15
2	5
617	169
18	104
38	73
0	36
151	138
0	138
0	49
0	30
0	49
0	2
0	49
0	28
0	0
13	6
1	0
24	67
5	78
17	144
3	8
2	60
0	57
0	58
0	42
0	45
0	47
0	10
0	30
9	6
0	17
9	1
19	14
0	15
0	5
0	20
0	13
86	155
537	159
0	105
5	6
0	78
2	35
65	18
0	22
10	18
43	50
0	40
0	17
0	17
234	0
9	45
0	45
0	48
0	47
0	47
3	1
0	5
0	3
15	40
9	34
19	18
4	6
2	10
0	20
0	17
0	8
0	10
0	0
0	15
3	0
2	37
0	0
124	95
0	87
41	49
1	4
0	8
74	0
0	0
90	43
0	18
1	25
6	0
258	61
55	0
229	501
8	4
0	37
1	3
29	3
0	20
0	80
0	1
10	29
4	0
0	33
0	0
0	0
18	0
0	47
0	18
90	17
0	17
3	17
13	32
10	53
0	49
19	53
4	63
0	50
0	36
0	7
0	81
2	64
0	79
0	63
0	78
0	1
0	16
24	55
1	0
18	195
0	193
8	42
0	28
0	27
0	0
10	17
1	1
55	0
0	0
16	30
0	30
0	9
3	0
2	22
10	33
0	22
4	12
0	12
9	0
0	14
25	31
0	0
2	17
4	4
0	4
52	56
19	61
0	61
71	38
10	6
36	81
0	87
0	60
0	4
0	4
0	6
60	49
187	849
0	34
100	16
0	16
2	0
2	0
0	0
0	16
0	5
88	52
0	37
36	31
0	31
0	29
0	25
0	11
19	69
0	69
12	3
0	2
0	3
0	66
0	2
0	84
0	84
13	84
0	84
0	71
0	74
0	14
0	14
8	4
0	42
0	89
37	13
0	89
24	14
4	14
0	25
19	1
0	10
32	29
22	20
0	25
0	16
0	16
6	12
70	241
38	33
0	241
10	21
0	10
101	10
30	5
11	4
9	15
3	7
0	146
0	148
0	15
0	17
7	141
0	141
11	135
0	23
0	13
0	0
0	2
5	7
0	11
0	0
0	0
0	148
37	63
0	47
8	7
0	1
0	1
24	1
9	0
0	7
0	1
0	13
7	42
0	46
0	2
0	7
0	9
6	0
68	0
12	4
0	4
0	3
21	4
0	61
44	61
48	28
0	10
22	7
161	7
51	16
0	3
0	15
0	16
0	21
16	21
0	21
0	74
24	59
0	43
130	0
0	71
0	170
1	0
0	4
0	117
144	1
0	1
25	0
0	0
9	0
12	14
0	8
0	0
54	52
0	48
0	23
33	19
0	19
0	24
0	15
5	2
29	22
16	11
0	45
0	45
0	45
31	0
0	0
119	35
13	33
1	0
4	0
0	0
0	48
0	62
0	7
0	62
0	5
0	7
0	48
18	57
0	11
1	0
0	48
0	11
0	7
0	11
0	19
0	19
2	239
0	239
0	8
0	15
0	8
36	113
0	60
0	113
8	60
0	8
3	8
0	0
0	15
0	7
0	7
0	15
0	15
0	12
0	12
3	40
0	41
0	15
6	133
0	133
0	15
0	6
0	0
0	0
56	26
0	26
0	0
10	87
0	57
0	66
3	72
0	39
10	25
2	36
0	171
0	171
0	59
4	27
0	27
0	3
0	15
0	15
4	0
0	0
1	0
0	6
0	6
0	60
1	16
0	7
0	60
3	1
26	13
3	7
1	0
6	0
22	122
0	32
0	32
0	2
38	21
0	9
0	0
18	54
13	93
46	35
59	29
0	72
0	15
0	15
0	7
0	1
0	98
105	0
0	14
0	22
0	23
16	20
0	14
29	224
0	183
0	108
24	106
0	112
0	36
0	2
29	21
64	101
0	8
8	12
1	4
0	4
0	4
0	55
0	55
0	42
0	13
4	0
43	14
0	10
0	52
0	52
0	52
0	52
15	52
2	4
12	36
22	11
1	0
0	25
0	11
5	0
1	25
4	0
5	0
0	0
2	0
0	0
110	11
33	13
12	11
6	0
0	12
0	12
6	12
0	0
0	12
8	12
5	101
0	39
0	0
0	1
17	108
0	101
0	101
17	0
0	16
0	16
2	0
0	0
0	16
3	43
4	43
0	75
0	75
0	17
4	4
0	4
30	4
7	0
54	4
0	265
0	265
40	65
14	0
0	11
44	5
38	0
0	265
0	2
0	0
0	20
0	20
0	20
0	20
0	16
0	0
0	2
0	12
0	14
63	42
11	35
1	42
0	13
0	7
0	6
0	1
4	0
20	0
171	40
5	40
0	5
4	1
0	212
0	68
0	210
0	212
0	210
0	66
0	210
0	66
0	20
108	69
3	8
4	13
20	51
142	76
230	0
13	76
0	34
0	46
14	72
0	70
0	70
0	0
0	6
5	0
0	69
0	0
0	20
0	0
0	68
49	81
0	76
0	13
0	13
0	71
0	71
164	14
0	14
0	9
181	77
0	77
0	18
19	29
0	62
0	3
16	82
0	23
0	60
18	55
0	3
0	1869
0	1869
0	1651
87	1
0	31
283	31
0	38
0	31
1	31
0	1845
3	1836
193	38
255	879
0	1869
2	1882
0	37
0	37
5	27
0	1
10	0
11	34
126	37
0	68
7	9
0	44
0	0
0	68
15	21
0	10
0	0
10	0
0	0
22	0
16	14
47	9
0	5
8	72
41	67
0	46
0	9
0	3
0	3
0	3
0	3
0	3
0	0
0	0
0	0
0	13
3	13
9	0
0	1
60	6
0	6
141	40
0	18
0	46
0	19
2	0
4	0
0	0
10	9
25	14
0	3
0	105
0	105
0	11
37	38
10	24
85	86
0	58
0	50
0	12
23	43
0	2
50	13
2	13
7	22
0	22
2	7
107	92
0	54
0	84
7	0
26	292
0	84
20	14
0	263
0	29
0	29
0	16
8	17
0	17
12	4
4	0
1	0
22	0
16	0
8	0
0	13
9	0
0	13
1	0
24	12
0	10
12	34
0	31
0	7
0	7
0	7
3	0
0	8
4	31
0	9
3	13
0	44
0	44
0	4
0	105
0	24
0	96
0	68
18	18
0	0
0	36
0	101
0	0
0	56
0	56
0	0
1	6
0	0
0	0
0	10
0	2
81	0
57	13
0	0
0	23
0	17
0	36
0	9
0	46
5	37
104	37
0	46
23	67
0	67
0	6
0	2
0	11
15	28
0	28
3	21
0	0
1	0
1	0
0	0
12	5
0	2
0	0
0	0
0	0
0	1
0	0
0	0
3	13
15	2
0	2
4	0
0	111
0	94
0	112
0	112
33	6
0	0
0	2
0	2
101	0
31	24
0	0
0	6
3	5
8	17
0	90
0	96
0	36
0	5
0	5
0	5
0	2
0	11
0	9
0	4
0	6
5	0
0	0
0	3
0	1
0	1
32	1
0	7
6	75
0	75
0	5
0	5
0	64
0	1
0	0
0	82
18	56
0	20
0	36
4	0
18	9
57	13
0	13
0	16
1	35
0	35
0	0
0	41
13	61
0	52
8	36
0	14
0	20
0	18
18	104
5	3
13	0
0	101
34	0
6	67
0	67
0	5
0	131
0	131
0	28
0	23
15	38
0	0
0	21
0	37
7	37
7	26
0	37
0	22
1	33
0	33
0	17
35	16
4	3
0	2
49	30
5	23
4	31
0	13
0	9
0	11
0	10
0	11
5	0
23	52
128	74
0	14
0	0
4	13
5	0
21	34
0	34
6	34
9	0
10	5
0	691
0	684
0	686
0	679
0	5
93	81
589	55
0	81
1	50
248	47
104	169
5	0
0	0
0	2
0	100
152	56
32	64
0	16
16	0
0	0
10	210
0	210
14	6
1	0
1	6
0	6
1	2
9	74
0	70
0	21
6	45
0	45
17	45
0	25
0	25
0	31
0	12
0	0
7	91
0	58
45	86
0	23
39	45
88	55
0	6
49	58
8	58
8	4
0	4
43	24
0	40
0	40
0	20
0	19
0	13
6	0
0	2
0	1
0	1
25	161
21	23
0	2
0	23
0	1
0	1
0	7
0	0
121	160
312	843
5	843
0	53
0	59
0	66
0	70
0	72
6	71
0	72
0	5
24	43
0	5
2	19
0	5
0	2
14	9
0	4
0	17
5	4
0	55
0	12
0	24
0	61
28	45
6	6
0	5
24	26
14	15
0	15
0	5
0	11
0	39
11	22
0	39
0	19
0	71
0	73
0	73
0	73
43	73
0	73
40	3
17	0
81	10
0	1
32	0
630	28
0	3
0	25
12	12
63	15
112	118
8	33
0	100
1	84
1	60
18	0
0	35
0	5
14	0
21	0
0	5
0	49
1	5
16	0
0	27
0	0
104	24
0	23
0	0
13	5
0	20
7	17
13	15
4	15
0	14
1	1
8	0
13	7
20	0
0	0
4	8
14	12
0	8
16	8
11	0
0	4
0	13
0	8
8	13
30	18
6	13
0	12
0	13
0	4
0	10
0	10
11	10
0	1
0	0
0	0
34	0
33	1
13	0
68	54
0	39
0	23
0	3
0	0
0	3
0	2
67	36
27	48
0	19
14	38
18	34
8	6
0	17
0	47
0	11
0	8
0	47
6	0
0	0
6	0
39	10
0	10
0	59
0	48
0	55
0	52
0	74
0	36
0	14
0	15
0	26
0	11
15	42
0	11
5	11
0	4
0	0
0	4
0	4
26	34
0	4
3	41
1	39
0	16
0	16
0	16
0	12
2	6
5	6
0	16
0	16
71	55
15	54
0	23
1	8
199	0
0	20
0	0
0	6
0	20
13	32
0	32
149	0
0	53
3	64
39	29
0	11
0	0
0	1
4	0
68	44
4	17
2	0
23	17
0	17
12	13
3	0
0	28
0	28
235	7
0	3
32	0
0	115
0	115
27	12
0	12
0	12
0	5
4	12
0	12
3	10
504	118
57	118
0	59
15	70
0	55
0	30
14	17
1	6
22	0
0	4
0	6
0	4
10	4
1	0
5	0
6	0
19	8
42	69
0	47
350	1235
0	93
1	82
41	0
0	49
37	21
11	4
0	0
0	17
0	20
17	19
0	19
0	7
0	0
0	10
0	20
0	7
7	0
0	56
0	56
0	45
0	0
12	0
21	45
5	0
4	0
0	2
76	38
0	6
21	14
0	0
14	19
0	1
0	1
0	0
0	19
121	34
0	0
6	6
15	28
25	16
0	17
0	15
98	23
0	23
110	33
0	25
0	42
27	55
4	41
12	41
0	26
0	20
16	23
0	23
4	15
0	2
0	15
45	18
0	2
11	11
0	0
0	14
79	349
2	99
37	23
0	14
0	14
73	20
0	20
0	0
72	30
0	387
0	387
0	368
0	27
146	47
0	38
2	0
2	23
0	4
149	0
0	77
9	0
3	0
0	0
0	1
0	77
0	79
0	115
0	115
3	115
0	115
0	93
0	2
0	2
31	32
0	12
7	13
0	22
1	22
5	0
0	0
10	0
0	133
2	133
2	0
0	19
45	26
0	18
0	38
0	38
0	38
45	14
9	17
59	7
2	7
5	0
9	4
10	0
5	0
51	21
0	15
22	1
0	83
0	3
4	84
7	1
23	32
0	25
0	0
293	14
7	3
9	4
16	4
0	0
30	13
0	8
0	8
6	13
1	8
19	5
5	2
162	106
0	28
0	106
35	30
0	30
0	2
1	2
45	0
17	9
54	10
0	11
0	0
0	74
0	76
2	72
0	72
0	72
0	72
1	4
0	72
0	72
169	131
0	131
2	9
286	97
0	61
0	53
3	12
21	15
0	69
30	73
0	59
0	17
0	0
18	7
0	2
2	196
0	2
7	118
0	17
0	22
0	14
0	32
0	30
0	2
13	0
0	0
8	0
44	45
0	52
9	36
0	59
0	22
110	1
0	1
68	73
0	67
0	30
306	28
0	99
0	129
0	51
0	116
0	46
19	0
0	33
0	77
4	67
0	62
0	28
0	4
4	12
2	42
6	47
0	30
0	17
0	22
24	40
0	0
2	17
0	6
0	7
3	2
2	6
0	6
7	2
0	12
0	8
0	14
0	1
35	3
7	40
0	0
0	3
0	0
0	0
1	37
0	8
55	147
0	21
0	126
0	0
2	58
11	58
0	2
0	27
13	540
275	198
0	12
0	0
0	4
0	17
0	9
0	9
0	9
0	121
0	112
0	112
0	11
2	9
0	10
0	0
0	0
0	13
0	14
1	22
0	0
0	0
4	17
0	17
0	8
0	24
1	1
13	24
0	53
0	64
0	16
6	61
0	61
0	61
0	12
47	1
1	1
0	76
29	79
0	64
139	117
2	33
0	69
0	73
0	27
0	25
0	78
0	16
119	50
1	13
0	13
0	13
261	29
7	14
9	23
14	28
0	45
0	42
0	18
6	13
44	35
0	15
0	11
17	12
37	87
0	87
0	0
0	169
0	169
0	23
0	22
13	0
6	0
6	18
0	13
0	0
24	18
0	9
0	8
0	10
39	0
13	0
65	35
43	10
0	7
9	7
22	18
24	34
0	34
0	34
0	94
0	5
0	94
15	22
96	6
0	6
172	2
0	2
63	18
0	18
0	13
0	13
37	86
1	0
12	0
0	0
276	10
144	12
8	41
22	28
0	28
45	12
0	2
66	0
12	55
34	0
64	28
12	9
33	9
0	1
9	1
0	225
0	225
0	0
0	225
0	35
58	34
43	38
9	30
0	34
0	7
1	0
19	0
0	5
0	5
7	6
20	9
24	9
1	138
0	138
6	134
0	37
0	113
5	13
1	13
55	5
12	5
2	0
0	120
0	131
0	131
0	12
157	13
0	9
0	8
0	8
5	0
7	4
611	0
73	77
6	41
37	63
0	10
83	36
21	0
31	2
0	27
2	3
0	2
0	3
0	5
0	2
0	27
0	27
2	7
0	7
282	0
90	0
260	84
0	20
18	99
0	112
0	124
0	172
0	172
43	172
28	162
4	0
8	5
7	38
0	21
0	21
26	151
0	168
0	3
0	0
0	0
7	0
18	0
4	8
9	118
54	456
139	0
7	0
52	0
0	65
0	46
0	46
0	46
0	46
0	24
0	4
23	5
0	3
0	3
18	29
0	0
0	5
0	5
0	3
0	3
0	3
0	0
0	0
0	3
0	3
0	0
3	3
0	3
0	46
5	31
0	31
0	11
4	12
0	0
0	0
0	12
126	39
0	36
30	7
0	23
0	17
0	49
0	80
4	39
0	62
0	84
0	92
0	50
0	66
0	40
42	22
0	22
1	0
13	0
0	6
1	18
20	12
67	0
32	0
63	67
0	23
0	18
0	13
0	17
0	10
0	0
0	7
0	7
97	122
0	0
29	77
0	1
0	52
0	27
11	19
0	6
0	4
0	52
0	6
10	83
92	69
0	12
29	20
17	189
0	205
0	196
2	207
50	2
0	15
0	6
0	6
0	0
2	2
0	0
0	0
90	0
23	18
122	8
0	8
0	31
327	154
63	21
168	3
0	123
231	79
1	52
0	44
11	1
91	13
2	25
0	25
82	4
0	4
7	0
0	0
122	72
8	72
19	21
1	9
0	9
0	9
19	0
6	18
11	40
17	37
0	7
0	18
3	4
52	23
0	8
0	8
11	0
0	0
14	4
11	0
66	29
0	0
0	9
0	0
21	14
0	9
6	0
0	0
1	0
0	2
0	3
0	7
0	1
31	59
0	20
9	34
0	16
0	2
0	22
0	4
0	25
0	21
0	21
0	15
0	0
19	0
0	0
0	7
0	17
33	17
0	15
12	108
0	99
0	99
0	142
0	142
0	360
4	82
9	75
39	301
9	301
93	0
61	120
5	24
4	22
0	95
0	0
0	7
0	7
0	7
120	0
0	0
0	0
54	171
72	171
0	24
0	17
0	2
8	2
0	0
55	17
0	3
1	0
0	0
0	17
0	39
0	3
0	18
11	44
0	8
10	36
59	21
0	21
18	53
32	123
0	38
11	0
15	44
0	66
11	0
0	10
136	11
78	17
0	17
17	42
8	31
5	1
0	15
0	0
0	3
0	5
0	5
0	0
8	7
28	0
6	16
0	16
0	0
11	8
20	49
0	0
199	4
526	4
17	0
135	58
0	21
0	28
0	3
72	51
16	0
0	48
12	24
18	24
61	167
0	60
2	112
6	16
124	8
8	0
0	0
33	310
28	271
0	182
9	0
0	6
15	15
0	46
0	46
33	0
74	122
0	6
0	86
0	93
48	31
0	31
76	67
6	10
56	11
7	11
26	83
0	83
10	68
3	68
64	239
113	21
0	0
129	74
124	6
0	2
0	4
1	54
63	14
6	8
0	13
0	4
28	14
0	14
9	0
0	27
0	27
0	21
0	23
16	23
0	2
0	4
4	2
25	39
0	9
47	29
29	32
37	32
0	39
39	14
25	578
11	0
1	1
96	158
0	58
26	17
0	0
14	0
7	0
0	30
0	11
5	11
0	54
0	40
0	40
0	39
0	13
91	0
4	10
0	10
2	46
0	46
0	42
8	30
11	25
0	23
12	28
0	35
0	12
11	14
0	35
0	42
0	5
18	5
0	1
0	1
1	2
0	0
0	1
62	155
13	99
0	79
0	91
0	26
0	58
7	42
0	35
0	19
0	56
0	17
0	18
0	7
0	23
3	1
0	12
0	0
0	22
0	10
14	3
0	4
5	149
59	0
39	0
23	37
0	11
5	5
4	0
5	0
4	14
66	21
10	14
8	30
0	30
0	30
0	11
3	19
0	0
202	10
10	0
0	66
1	66
0	29
0	36
0	25
1	12
0	12
0	0
0	32
2	4
0	0
0	32
4	14
0	4
0	1
15	4
18	8
3	0
21	8
10	76
0	55
41	40
2	53
5	21
0	15
0	6
0	15
0	0
0	106
0	106
2	0
26	0
0	38
0	38
0	115
0	115
30	87
0	87
0	17
0	0
0	0
0	0
0	7
34	7
0	7
0	1
137	13
7	1
12	6
0	19
2	1
0	51
14	6
0	4
102	34
3	0
64	36
6	81
0	71
10	39
11	28
0	7
0	21
0	21
0	9
4	27
0	63
0	63
0	0
0	0
0	0
0	58
0	4
0	0
0	0
8	0
6	42
3	11
0	31
6	12
2	12
28	0
0	24
0	12
23	84
0	37
5	61
0	23
61	17
0	17
11	0
1	0
14	0
5	10
96	233
3	223
0	0
1	10
40	109
14	14
0	109
0	6
10	10
22	127
0	127
130	142
49	15
2	3
0	58
3	60
0	106
0	39
47	63
0	0
43	77
0	130
0	0
0	4
26	178
0	48
51	51
71	180
0	54
94	63
2	0
0	14
0	14
0	4
0	4
0	155
0	113
0	55
36	55
11	129
0	40
1	62
21	0
41	67
78	67
0	7
0	17
2	103
0	100
0	31
0	132
24	164
0	28
0	217
31	140
0	136
15	185
0	210
35	210
0	205
0	0
0	5
0	0
0	20
0	21
0	17
0	51
0	1
2	1
0	0
0	0
0	4
0	4
3	4
1	20
12	88
0	29
8	88
68	19
5	13
0	0
15	134
0	134
0	27
42	40
0	34
1	5
0	3
0	3
0	6
95	1104
13	4
7	2
14	2
0	2
0	81
0	81
1	0
23	72
0	72
2	6
8	0
56	43
6	8
131	167
0	5
7	10
90	35
1	23
67	33
0	0
13	4
17	42
0	12
0	6
0	6
129	0
39	2
8	0
0	1
7	1
0	1
0	4
0	4
7	10
0	2
0	3
0	0
0	4
20	22
15	12
0	0
82	0
0	19
3	19
0	4
0	9
12	32
12	7
1	25
0	343
0	8
0	7
0	7
0	6
64	6
0	7
2	7
0	8
3	1
0	0
0	343
1	0
9	58
0	58
8	75
0	75
13	25
0	10
3	33
11	17
0	65
0	65
0	26
0	31
5	31
1	39
4	0
7	6
0	0
0	73
4	10
0	10
32	47
0	9
0	47
133	0
151	43
0	43
0	15
0	9
2	38
0	38
85	17
6	16
0	43
0	47
0	47
0	13
26	20
49	66
0	50
0	48
2	16
8	4
10	25
9	0
85	65
9	65
8	16
73	110
22	106
65	111
0	91
0	14
24	0
0	17
0	27
30	27
0	0
100	83
58	95
0	25
0	4
0	6
29	5
0	31
2	26
0	26
20	34
5	23
0	1
2	9
0	21
0	21
0	15
12	86
2	80
4	98
0	87
0	18
8	1
0	2
5	0
7	0
0	6
0	6
7	0
1	3
0	6
1	1
0	1
0	132
11	5
0	2
4	103
0	103
0	71
0	44
6	5
19	1
6	1
3	0
3	0
0	0
0	0
85	187
0	193
2	11
0	0
0	21
8	21
8	21
0	15
21	8
0	0
0	0
0	1
13	1
0	9
0	57
0	33
0	47
11	9
0	4
0	1
54	10
0	10
0	1
0	4
47	25
172	25
110	51
0	41
41	60
0	33
3	17
18	24
65	42
0	0
0	7
0	0
38	7
0	23
0	23
1	72
7	6
49	66
0	0
1	1
0	1
0	14
0	0
0	0
62	155
62	34
1	12
6	9
34	9
80	25
0	5
2	30
0	9
8	5
0	20
1	12
0	12
0	43
0	43
0	132
50	276
0	0
9	13
0	132
0	224
7	0
0	49
14	59
0	11
3	3
0	0
0	0
50	4
0	90
0	90
0	3
0	0
1	26
0	26
5	15
2	0
0	0
0	0
21	39
85	46
0	15
10	8
20	0
0	0
3	158
0	8
0	8
0	8
0	8
0	8
0	8
0	8
3	3
0	5
0	5
0	0
0	0
0	0
0	0
0	0
0	0
0	0
0	0
0	0
0	0
0	0
0	5
0	8
0	8
0	8
0	8
0	8
4	50
7	17
7	0
5	0
3	0
0	0
0	2
0	2
0	3
1	0
0	1
1	50
63	0
5	0
0	87
0	93
4	39
0	19
0	11
0	14
0	23
0	51
0	51
0	21
0	21
0	21
0	7
67	0
69	29
43	34
0	0
0	0
0	0
34	18
7	18
22	16
15	17
0	27
0	0
0	0
0	1
0	6
2	0
0	6
32	0
0	6
8	618
8	141
20	93
0	83
0	48
0	16
67	42
0	36
0	0
0	0
13	0
6	23
0	23
102	0
19	21
0	13
0	20
0	21
0	20
0	13
0	14
0	21
6	23
0	16
0	13
8	8
0	13
0	25
0	18
15	16
0	45
0	25
0	0
0	45
14	31
0	31
0	5
0	1
0	1
0	3
0	0
0	3
7	96
0	107
1	75
0	0
2	0
0	0
33	163
186	0
0	95
28	35
6	35
14	28
13	82
0	82
46	32
12	0
97	6
6	1
5	69
0	113
2	113
3	332
0	299
513	97
0	57
44	235
0	299
1	0
3	7
0	7
0	135
0	51
21	164
34	760
18	0
42	47
52	53
30	4
69	109
2	0
24	38
0	147
48	18
0	31
75	16
0	2
24	42
0	147
11	36
0	29
0	43
1	19
0	13
0	16
0	0
11	6
0	6
0	4
0	0
38	37
0	47
3	46
0	0
0	0
0	2
0	0
8	2
76	11
0	11
167	10
108	0
30	10
46	1
0	43
0	18
6	38
8	19
0	38
0	44
0	47
113	41
0	41
19	0
0	41
0	2
9	2
75	36
0	30
6	78
0	57
0	70
0	59
0	52
7	37
0	32
8	0
272	3
0	3
23	2
13	0
0	4
0	7
1	3
211	0
0	1
0	1
0	1
92	0
21	14
0	0
4	6
11	14
5	0
28	0
14	29
0	32
4	127
25	127
17	17
5	1
14	385
11	5
0	0
1	0
8	0
67	0
27	24
0	24
0	17
26	24
0	17
0	0
0	23
15	17
8	7
0	30
48	0
19	0
60	644
21	9
1	5
3	4
18	19
0	21
20	13
0	0
2	1
0	1
0	0
0	1
0	22
0	0
0	6
14	10
0	6
0	6
0	1
12	0
0	0
5	4
0	6
120	34
0	34
0	5
25	28
7	0
1	1
95	51
17	44
14	51
0	0
0	51
14	114
8	7
0	116
15	41
16	41
23	44
33	55
0	0
0	15
1	44
0	40
7	0
24	79
0	79
3	79
0	0
0	0
0	41
0	22
0	2
35	41
2	0
3	4
0	41
39	0
9	15
139	9
23	12
2	5
0	4
0	1
2	4
6	0
41	43
0	43
0	0
42	241
0	173
19	215
17	55
7	0
133	50
0	0
0	1
10	37
18	0
0	50
0	2
2	2
0	2
21	84
10	14
6	70
34	80
0	125
0	55
4	32
8	69
6	0
0	12
0	16
0	125
0	125
26	34
0	6
0	77
0	69
0	59
1	13
11	23
3	0
2	16
15	40
0	30
0	0
8	0
0	70
11	40
0	48
5	64
0	15
4	14
0	13
0	7
2	6
0	7
0	0
58	57
0	57
5	61
18	57
0	96
0	96
0	7
1	7
9	1
0	5
52	54
0	143
0	152
0	82
26	66
0	12
94	16
0	5
0	172
0	163
0	9
0	9
25	12
0	0
63	1
0	1
37	58
13	19
8	19
0	8
0	8
116	55
3	2
10	2
11	0
16	0
0	2
0	29
0	7
0	29
72	17
0	39
54	2
0	2
2	0
0	0
75	14
7	14
16	0
4	7
0	5
0	9
0	5
0	4
0	9
0	3
0	18
2	15
30	10
0	3
0	25
0	33
13	24
15	20
35	0
0	4
0	43
0	36
19	6
10	72
51	72
0	41
0	20
0	20
0	0
0	41
163	28
0	28
17	14
12	28
3	28
0	1
38	22
0	8
0	3
0	2
0	3
0	0
5	0
0	0
4	14
0	1
5	2
0	20
5	20
0	5
0	5
0	5
0	5
0	15
0	20
27	20
9	20
0	0
7	0
0	20
12	81
0	0
22	11
0	20
0	32
0	32
1	1
9	1
6	0
0	49
3	49
4	18
0	24
0	24
102	45
1	6
0	6
0	5
0	11
16	41
15	41
0	0
2	1
9	21
0	27
0	133
0	1
0	74
175	0
0	11
1	11
0	11
0	22
4	0
3	11
0	3
18	21
3	146
78	16
0	7
0	0
0	9
1	37
0	37
0	10
9	0
0	0
6	105
6	105
0	7
1	44
0	44
98	12
0	34
15	3
0	36
0	68
42	85
0	19
0	42
0	44
0	30
0	34
0	32
0	3
0	3
13	3
0	3
6	63
64	63
2	54
0	0
15	0
0	0
34	28
0	141
10	41
0	35
141	28
0	22
15	3
0	2
0	37
1	37
83	14
0	3
0	14
4	11
7	0
630	66
0	66
8	0
0	193
0	193
0	22
61	41
0	0
0	0
14	41
0	5
0	26
0	26
1	8
5	0
12	34
11	34
156	6
0	53
0	4
0	4
6	53
9	21
0	21
0	0
5	1
0	6
0	6
41	20
75	22
27	10
5	6
0	9
5	4
0	4
144	6
74	35
36	67
0	33
24	57
140	35
0	8
0	35
0	13
0	12
1	6
0	10
0	22
32	144
0	23
1	15
0	14
0	15
0	19
14	9
0	10
54	13
108	224
0	224
0	192
5	76
1	43
5	167
309	304
0	304
1	249
903	141
0	28
78	0
0	60
0	60
0	60
0	33
2	93
0	93
0	133
0	124
0	17
0	20
70	41
0	41
1	16
0	80
0	91
39	102
0	25
24	29
0	28
14	7
0	0
0	80
110	38
0	23
1	0
3	8
1	7
22	23
4	13
0	13
0	70
20	70
0	31
4	23
0	2
0	2
21	2
1	2
148	72
432	72
0	0
0	18
0	14
0	7
0	10
0	11
24	11
0	0
0	0
0	0
0	15
0	31
42	81
0	40
0	29
0	46
0	23
0	70
0	19
0	2
0	145
28	67
0	8
0	138
0	4
0	4
1	3
0	5
22	13
0	8
7	104
0	15
0	34
0	35
15	147
38	125
22	45
0	50
0	18
4	26
2	23
0	0
0	1
1	0
35	0
18	3
0	4
1	4
19	0
0	0
4	0
22	4
139	29
0	44
0	26
14	25
0	61
13	91
17	91
18	80
4	18
32	7
0	1
12	0
0	0
0	0
72	158
0	186
0	203
11	49
0	49
29	33
0	33
28	0
35	79
0	0
0	11
1	68
12	0
17	16
0	16
13	14
6	14
0	60
0	91
0	76
0	86
0	97
0	76
88	0
0	21
34	55
0	39
139	10
0	73
0	63
0	39
0	41
0	39
85	41
0	8
0	0
80	0
0	17
0	17
0	3268
21	3268
0	138
0	24
0	24
0	21
0	16
41	58
0	37
0	5
17	131
0	23
75	6
0	0
7	0
0	6
1	65
0	15
0	15
25	50
142	48
90	25
15	0
2	0
0	0
0	0
3	1
45	1
0	0
14	15
131	0
115	0
8	38
2	0
126	127
0	46
0	25
1	118
0	118
0	0
11	19
1	23
15	107
0	89
6	115
34	49
0	40
0	6
56	84
0	33
8	79
0	36
7	43
0	22
11	14
1	17
0	17
0	114
0	114
0	112
0	24
146	53
2	53
0	50
0	7
29	28
0	7
42	19
0	13
0	0
6	0
0	9
13	11
4	6
0	6
0	4
3	0
9	0
1	0
58	33
0	33
16	11
0	23
0	23
6	0
3	0
66	9
442	0
66	18
11	106
35	31
0	22
49	98
0	60
0	5
0	9
0	16
0	17
0	0
0	0
0	0
12	117
6	57
0	127
32	56
3	4
7	7
45	5
0	0
0	78
1	0
8	0
1	4
51	17
0	5
0	3
0	4
3	136
172	104
53	84
0	126
0	5
0	7
21	4
0	4
14	8
0	1
12	30
0	50
0	45
0	137
0	132
0	30
0	30
4	0
0	15
0	0
0	15
0	4
0	20
56	20
0	20
15	16
2	6
0	10
0	80
0	80
0	6
0	4
3	18
0	17
27	25
15	3
0	0
0	89
135	130
5	130
40	0
19	73
0	43
0	43
0	43
0	53
0	73
0	8
56	8
17	63
259	63
0	17
0	11
0	17
0	208
0	106
0	126
0	155
78	118
0	128
0	223
0	0
172	11
6	43
15	17
11	40
0	223
0	144
0	223
7	42
12	42
4	3
126	10
0	10
0	0
19	0
157	105
0	49
119	77
4	13
0	0
0	27
0	10
16	12
27	30
38	6
0	6
0	66
0	42
0	42
0	42
0	66
0	66
2	40
0	66
0	65
0	13
8	0
0	11
0	1
25	0
1	4
0	4
7	0
1	0
3	33
0	33
0	9
0	0
0	0
5	20
0	56
21	56
0	14
35	33
0	10
32	11
0	0
29	43
21	31
48	158
40	163
6	113
0	31
0	12
0	12
1	31
45	6
0	6
242	58
0	16
0	19
0	14
0	25
18	16
4	31
97	31
0	0
8	0
0	5
23	240
0	13
0	16
1	9
0	76
0	3
8	4
22	0
0	0
5	231
125	124
0	32
0	36
0	28
1	6
44	10
446	24
0	10
0	10
56	30
0	11
0	1
31	27
39	32
0	32
0	0
86	77
0	77
3	0
10	25
58	16
56	16
0	21
9	17
13	0
50	10
5	12
0	12
0	0
8	17
0	17
24	17
0	23
0	12
12	4
0	3
0	5
6	6
30	0
16	93
3	102
0	124
0	124
103	102
0	0
0	18
0	0
9	4
9	10
0	74
0	74
20	36
13	14
3	21
3	21
0	21
0	83
40	83
9	93
0	58
40	344
0	53
0	25
0	3
0	0
0	5
0	14
70	14
46	9
0	5
0	1
0	0
0	6
0	139
4	35
0	93
0	139
30	0
387	7
0	7
0	6
1	6
0	6
0	0
2	65
0	65
0	65
0	63
0	23
36	34
13	39
0	39
5	0
0	0
0	38
33	66
22	9
2	0
8	0
0	0
95	0
0	12
1	12
1	0
0	20
0	28
0	7
0	8
0	0
0	0
0	0
0	28
0	15
0	15
0	23
21	12
1	28
0	14
36	6
0	3
30	3
15	0
4	1
0	1
193	19
0	22
2	5
16	106
0	35
0	26
5	12
0	15
0	10
20	19
0	6
0	8
0	20
0	14
0	6
14	61
40	7
105	19
0	12
0	0
241	232
7	30
11	22
0	202
0	74
35	74
36	74
30	63
1	59
0	5
105	6
95	287
3	289
0	20
4	55
0	23
77	347
0	0
3	0
19	18
32	9
0	9
147	43
6	13
0	30
7	9
4	10
1	4
0	20
0	13
0	5
55	21
1	18
31	4
0	74
61	185
12	72
0	0
3	0
0	0
19	0
7	152
5	117
0	20
0	10
1	11
153	213
0	0
0	26
25	10
17	22
0	43
0	58
50	0
0	14
0	17
0	58
0	0
19	12
0	10
0	11
0	0
12	9
0	0
34	37
39	3
0	1
0	0
0	1
0	1
0	3
0	0
35	27
0	18
0	2
16	7
60	12
13	0
10	1
0	0
0	1
113	30
0	30
34	5
65	0
53	0
0	0
0	61
0	60
0	61
0	12
8	5
0	5
0	3
4	12
0	0
38	79
0	5
17	33
4	179
20	0
10	0
3	8
0	17
191	83
197	210
31	204
0	14
0	14
167	90
0	10
0	37
81	6
1	0
33	0
0	165
0	85
16	44
2	120
0	165
7	146
0	120
0	131
0	170
41	0
9	170
0	75
0	36
11	0
32	216
32	177
0	178
0	173
0	173
0	59
5	51
23	3
0	0
0	4
85	0
33	41
3	26
0	11
0	26
0	21
9	7
0	20
4	15
0	15
0	1
0	1
0	1
0	0
1	0
89	0
7	0
35	0
124	0
7	2
0	2
25	27
12	23
23	15
0	133
0	133
0	54
0	16
0	12
46	16
0	4
26	16
9	6
0	56
0	56
66	34
0	34
142	18
0	0
0	152
0	98
2	106
51	40
0	51
0	112
0	11
0	17
18	30
3	41
0	112
144	664
0	29
4	19
16	46
0	35
5	103
0	94
0	54
0	54
0	54
0	6
6	7
0	7
23	30
0	30
0	0
4	10
4	3
70	3
10	3
0	3
219	4
3	1
0	3
0	24
17	24
0	24
0	7
5	8
0	0
0	0
0	25
0	24
5	5
8	27
0	27
4	19
0	4
8	0
0	10
0	4
0	4
0	111
170	83
2	82
0	63
26	5
97	38
3	0
0	38
0	38
0	146
82	23
36	46
0	27
0	1
181	0
94	31
0	31
0	5
0	4
4	0
0	108
10	3
0	3
0	0
0	104
0	39
0	18
0	96
0	57
0	47
6	41
0	41
0	12
0	1
14	93
0	93
0	85
36	79
0	79
1	0
0	1
8	0
0	39
0	36
20	24
0	23
3	3
0	3
0	0
0	0
0	0
25	8
0	8
0	175
22	10
0	10
6	10
8	93
0	39
0	32
0	32
0	14
30	34
9	24
5	24
0	20
32	74
0	174
0	95
186	142
0	60
0	84
0	42
72	72
2	0
19	14
0	14
0	4
0	0
0	0
9	0
0	0
9	7
0	0
0	0
0	0
0	0
3	7
0	0
107	0
19	31
0	21
7	21
0	21
40	31
3	6
20	16
15	40
0	7
1	40
2	0
7	2
27	28
0	21
7	10
0	10
2	31
105	18
2	4
0	5
7	0
0	33
0	22
0	33
79	27
0	27
75	60
43	49
34	0
34	13
1	5
0	0
0	51
0	20
0	3
14	3
0	4
0	0
0	0
0	17
3	24
6	27
0	27
11	149
0	149
0	19
3	0
59	0
0	67
2	66
4	51
1	5
46	14
0	14
0	0
0	0
0	139
0	35
0	35
6	1
0	6
0	11
21	48
0	48
0	48
5	48
0	48
0	48
0	10
0	3
0	0
0	6
6	3
0	6
10	3
0	5
22	11
0	0
0	8
8	8
0	5
0	5
0	5
25	0
232	24
0	28
0	29
0	29
0	12
0	82
2	95
32	43
0	69
0	73
0	31
0	35
6	11
0	7
0	70
0	70
9	51
0	4
19	19
83	40
0	14
0	21
52	48
0	48
4	42
0	9
0	1
0	36
0	2
0	2
0	1
0	5
0	24
199	0
0	15
0	16
0	16
0	12
0	12
0	0
0	0
6	6
10	121
0	95
44	154
33	44
0	8
0	86
0	4
90	67
23	53
111	0
19	14
0	13
0	10
5	175
20	33
0	175
0	48
12	34
0	32
19	32
0	30
0	36
0	4
0	3
23	67
0	67
0	14
0	0
35	2
0	0
0	21
24	34
0	85
0	34
18	18
2	18
20	18
0	18
0	19
0	51
8	0
0	82
78	83
13	2
9	11
15	11
0	2
0	18
90	51
19	29
0	0
0	0
0	22
136	3
50	84
10	48
0	38
2	0
0	22
0	42
22	27
5	37
0	9
0	8
0	8
117	0
33	0
44	27
0	0
0	9
0	9
0	305
0	9
6	13
0	305
7	9
17	15
0	13
0	6
6	10
0	8
7	9
11	36
0	13
0	14
0	14
0	14
0	16
1	29
0	17
7	0
0	21
19	10
0	27
0	27
0	5
0	13
369	134
0	134
37	68
0	49
8	3
0	0
269	0
0	0
0	45
61	212
7	4
2	19
0	0
0	6
103	20
0	18
45	31
0	28
11	37
4	13
25	13
0	0
0	0
0	7
0	7
0	11
80	0
6	16
58	16
75	119
0	36
0	34
0	28
0	28
0	29
1	36
0	36
7	20
0	40
0	27
0	84
0	0
13	0
0	16
12	0
35	4
4	2
3	2
3	4
4	2
28	6
0	4
121	12
126	46
0	41
0	19
4	7
24	0
1	0
44	0
0	0
6	16
261	16
0	2
0	2
79	42
28	0
66	29
0	29
0	18
0	23
0	23
19	17
0	6
0	6
122	79
4	78
0	90
17	21
4	89
8	20
0	78
0	75
0	78
13	0
0	0
0	0
0	0
0	0
0	0
0	0
0	1
0	0
5	0
0	1
0	0
0	0
0	85
5	3
16	45
39	41
82	46
25	54
11	96
74	27
1	27
0	27
0	24
0	18
31	18
66	62
0	18
28	48
2	5
9	0
32	8
20	4
4	4
0	0
0	0
85	142
0	6
0	0
13	146
11	0
5	8
6	6
80	93
22	12
20	0
0	14
0	10
35	45
33	20
28	45
34	30
0	26
0	10
60	10
21	29
5	29
10	20
0	0
47	31
0	31
0	119
0	117
50	45
0	25
0	9
0	3
17	0
1	51
21	66
0	5
0	64
0	5
0	5
55	20
39	71
541	16
0	16
31	8
0	78
0	126
0	73
135	5
7	10
0	10
6	23
0	23
0	23
0	23
0	23
8	23
0	23
0	0
22	1
21	78
39	0
0	0
0	0
0	38
0	40
0	5
348	26
0	26
5	62
9	7
27	55
13	87
10	132
102	133
52	25
0	8
0	85
0	48
5	46
12	3
17	0
4	18
76	181
56	18
0	18
0	2
0	0
62	12
0	1
0	0
6	11
0	11
20	42
9	42
4	21
0	172
73	242
0	11
0	6
0	0
0	2
0	0
0	22
0	3
0	19
49	0
3	32
7	8
0	24
0	20
0	17
0	31
0	6
0	7
0	34
47	60
0	60
61	6
0	80
22	80
58	87
0	66
6	83
6	30
28	4
0	0
20	31
47	31
55	13
0	0
8	4
0	7
23	0
9	2
1	0
0	0
89	2
14	24
1929	3362
0	5
0	22
53	72
24	5
0	5
0	32
26	32
0	34
6	30
0	30
0	30
0	13
0	16
9	2
4	0
8	0
57	0
7	6
0	40
74	183
0	0
0	183
1	33
10	10
0	13
2	20
0	20
0	6
0	6
0	6
17	3
0	0
26	5
0	1
2	129
0	113
1	114
0	7
5	0
1	0
0	0
30	15
0	13
0	13
0	2
0	61
0	61
0	33
12	27
10	0
0	3
0	24
12	3
2	28
2	89
0	397
0	397
0	397
0	397
0	397
100	0
71	0
11	173
10	173
0	55
2	55
18	53
0	44
4	0
0	0
0	5
0	0
0	0
1	0
38	10
5	7
0	0
123	6
8	0
0	134
0	25
27	25
0	22
0	0
0	0
8	0
8	0
0	73
0	73
0	73
0	89
0	63
0	20
0	0
2	13
0	108
0	124
86	0
2	21
119	0
0	37
0	37
0	0
28	31
0	26
1	109
0	117
24	106
0	58
0	14
4	14
2	18
13	0
5	0
0	6
5	47
2	47
23	24
0	0
0	0
0	0
0	0
50	0
346	51
0	43
18	30
2	4
0	32
17	4
4	13
0	15
0	15
0	13
13	0
0	0
32	0
0	18
5	18
0	18
1	18
0	9
0	4
0	4
0	21
0	6
35	0
8	24
0	18
0	42
0	22
0	22
0	14
91	0
0	113
182	105
0	113
196	27
40	27
7	1
21	6
0	1
1	1
2	5
0	5
54	112
0	0
1	112
17	0
35	24
0	24
16	27
0	27
0	13
0	27
282	115
0	24
117	23
0	53
0	7
0	41
26	337
0	371
0	247
0	245
0	47
23	0
1	0
1	11
0	0
0	9
53	31
0	0
0	4
0	63
0	42
0	215
0	243
0	243
0	243
0	82
0	198
0	198
0	194
0	198
0	9
0	9
0	4
75	4
4	0
91	239
85	227
0	42
0	227
0	166
2	16
0	8
0	0
0	39
0	29
84	247
0	150
14	204
9	198
17	0
0	5
0	5
0	85
36	40
0	85
0	82
0	69
0	62
0	57
31	67
4	26
0	43
0	12
187	57
0	7
0	12
34	28
0	85
37	46
45	43
0	74
0	38
0	100
0	100
0	125
0	123
0	125
0	67
0	242
6	195
0	64
16	78
0	32
0	31
0	17
0	20
0	8
0	17
0	0
0	0
0	1
0	1
6	0
0	0
5	0
40	44
0	40
44	22
1	44
0	4
0	17
0	10
0	13
0	6
0	3
2	2
0	0
80	26
99	37
5	1
0	0
14	0
0	0
0	1
0	0
0	0
0	7
0	0
1	7
18	0
0	6
4	6
26	86
3	106
0	52
0	25
35	46
0	175
0	170
0	170
0	166
0	166
0	175
0	12
41	41
0	140
16	133
19	41
0	7
0	15
3	13
0	7
5	6
0	5
0	6
0	8
3	2
12	3
2	34
0	15
0	12
0	6
0	9
23	16
0	16
7	3
0	8
0	5
0	2
5	0
0	3
7	3
0	3
16	238
0	244
0	154
9	107
24	298
32	283
0	70
0	283
86	42
24	42
0	25
164	57
11	57
0	2
27	2
35	76
26	60
0	72
0	46
1	0
0	0
0	1
74	5
36	16
0	1
0	7
0	1
0	26
0	26
0	0
2	0
0	4
0	22
0	26
56	61
108	72
0	9
0	14
0	5
0	5
7	5
0	5
13	0
0	267
0	267
0	197
0	171
0	0
6	3
1	142
0	134
0	15
0	6
7	66
0	32
56	63
17	11
0	35
0	5
10	0
0	134
7	1
0	65
0	130
7	130
15	0
0	11
8	0
0	3
0	27
0	134
191	36
0	33
0	21
792	274
0	33
0	9
0	1
0	223
0	28
0	3
183	22
4	22
35	107
0	69
0	69
6	51
0	0
8	23
0	23
38	0
0	0
0	46
0	46
0	46
0	46
54	16
78	0
68	47
17	47
0	60
66	60
9	12
21	0
5	0
0	8
0	7
1	10
0	16
14	9
191	1
0	25
0	26
1	0
0	18
0	34
0	21
0	11
7	8
143	173
0	12
0	10
12	5
0	16
0	4
0	11
0	7
0	0
0	0
14	367
0	367
8	367
19	0
0	3
5	33
0	33
0	19
2	16
26	143
48	53
0	20
55	133
32	100
0	0
153	47
0	1
2	2
8	42
36	101
0	39
0	13
0	13
0	9
28	12
0	8
14	32
18	27
0	0
14	51
6	32
19	34
0	133
14	45
0	43
5	33
384	3
0	3
1	0
1	14
3	0
0	0
0	14
0	0
0	0
54	16
0	16
5	1
17	20
15	57
0	37
0	33
0	4
7	23
0	7
64	355
45	5
0	5
2	240
0	200
0	0
12	39
0	6
0	6
0	30
0	1
11	29
17	49
13	29
0	21
0	10
4	20
0	175
0	175
0	174
0	174
0	69
0	99
0	286
0	286
0	286
137	602
0	0
0	27
0	27
0	26
0	41
10	41
6	14
46	141
0	140
130	0
14	0
0	0
404	39
0	33
0	37
18	25
0	24
0	24
0	0
0	0
0	0
0	0
3	0
0	0
1	336
14	371
0	107
14	71
0	34
0	1
0	5
0	0
31	145
0	7
18	11
2	19
40	33
6	22
0	1
10	19
92	8
0	6
0	2
24	9
0	9
10	38
295	38
17	0
1	15
17	2
9	0
4	1
0	0
28	0
5	1
0	13
0	13
0	0
0	6
0	6
0	5
0	6
0	13
0	10
4	16
5	15
4	14
0	9
0	5
0	1
0	0
4	179
0	62
0	62
0	62
0	69
2	45
0	69
18	0
126	41
0	50
25	7
12	24
3	0
10	33
0	248
10	266
0	266
0	266
0	248
0	8
0	0
170	110
1	278
0	332
0	44
0	59
0	40
4	0
0	11
0	11
0	11
14	28
0	74
0	52
12	44
0	13
15	31
13	24
0	14
158	197
17	11
0	8
114	308
0	64
0	16
0	59
25	67
9	75
0	63
9	4
5	34
0	34
0	29
52	43
0	28
23	21
0	16
1	26
0	22
0	22
1	14
0	4
0	3
0	10
0	10
0	10
26	71
3	10
0	0
0	20
0	14
3	6
33	36
0	4
0	0
46	4
69	19
33	36
0	0
0	0
0	0
55	8
0	8
1	0
0	199
8	199
0	196
24	199
83	5
0	0
5	0
20	5
0	5
28	43
0	0
0	68
42	28
4	28
0	10
0	14
1	0
23	278
0	0
0	72
102	161
0	12
0	12
0	14
11	212
0	5
0	10
0	9
0	0
0	7
0	7
0	211
3	142
15	27
0	32
0	32
0	11
113	11
0	14
0	7
15	0
0	17
61	33
0	4
159	254
0	0
0	16
90	58
7	48
0	1
15	1
0	18
2	87
0	177
5	177
0	2
0	199
0	199
75	112
192	171
13	124
1	59
0	34
0	12
0	57
34	1
0	0
7	0
6	41
0	6
41	0
0	106
0	56
0	56
0	134
0	73
77	69
0	68
0	68
0	79
0	33
0	0
59	31
18	0
0	4
0	4
0	0
5	1
9	1
4	0
1	0
0	16
0	2
0	43
43	14
0	43
0	37
3	38
0	38
0	27
0	18
0	6
0	0
0	1
0	0
0	1
0	1
0	6
0	6
0	1
0	1
0	1
0	1
0	1
0	37
0	8
0	82
0	83
0	134
0	134
20	28
16	17
83	95
0	110
24	7
0	0
21	34
18	39
0	52
0	60
0	2
0	2
0	7
4	0
50	0
3	0
0	6
9	6
0	30
0	30
0	30
0	12
0	12
46	7
23	156
0	149
12	128
0	108
0	27
0	24
0	17
0	148
0	151
0	37
0	37
0	26
0	26
0	17
28	1
0	1
6	139
0	168
0	135
0	17
0	164
9	8
6	96
18	2
12	0
0	0
0	114
0	20
15	3
9	13
0	7
0	0
48	112
1	112
0	62
0	19
0	8
3	29
0	15
10	409
4	20
0	8
0	26
0	389
0	62
0	62
0	62
1	13
4	14
20	1
0	8
3	0
25	13
8	1
0	0
78	29
0	29
32	0
2	99
53	28
0	78
0	21
24	10
1	10
0	21
9	9
0	2
0	18
0	7
6	1
139	13
32	10
131	2
1	0
113	2
94	12
0	1
0	3
8	81
0	81
0	12
48	15
8	0
0	0
13	0
40	11
8	15
0	4
0	11
0	4
0	128
0	100
0	106
0	128
17	3
0	0
5	0
45	9
0	0
0	0
33	0
0	0
0	0
0	0
18	39
4	61
0	61
0	45
0	39
21	39
5	39
25	39
4	50
0	50
2	39
0	28
0	28
0	11
0	32
0	32
0	27
0	28
2	39
0	33
60	57
3	12
77	86
0	60
0	18
8	22
9	9
0	19
0	19
0	19
0	19
0	19
0	19
0	20
0	20
4	19
0	20
0	19
0	19
0	4
0	4
0	0
44	8
7	0
7	13
0	6
48	13
2	37
21	76
0	0
0	136
21	136
5	0
61	1
0	1
0	0
30	5
0	12
0	16
6	69
0	65
0	12
0	5
0	124
107	125
89	27
14	13
0	12
0	26
0	62
0	62
0	62
0	7
11	25
37	14
0	12
0	16
45	72
0	2
0	64
0	64
10	8
0	8
17	14
11	73
15	101
0	42
0	8
0	32
4	50
0	21
0	0
54	41
0	14
0	37
0	62
0	62
0	3
0	16
0	0
0	0
1	0
0	198
0	194
0	198
0	194
0	198
0	194
0	198
0	194
7	18
6	8
0	10
29	23
6	16
6	16
0	20
0	35
29	0
2	20
0	10
33	6
28	46
13	46
0	14
0	45
0	22
0	2
0	7
7	9
277	17
0	17
54	48
0	31
0	32
0	16
0	3
3	8
10	0
11	0
31	59
12	61
6	8
0	8
17	8
0	0
271	33
0	35
9	15
6	29
122	101
0	27
24	30
0	30
0	19
4	9
93	2
0	2
9	1
3	0
94	16
0	11
0	16
0	0
7	0
0	0
104	11
0	11
40	21
0	21
0	21
9	10
22	17
0	111
0	111
0	84
5	17
4	7
11	0
0	17
0	73
2	9
11	4
1	3
33	0
17	36
0	49
7	8
0	22
1	3
0	15
2	14
3	2
0	2
0	12
2	59
18	24
0	23
0	15
0	2
0	13
0	0
6	0
0	0
15	22
31	13
0	21
0	9
3	0
5	0
0	0
0	125
0	125
0	125
0	125
4	15
0	15
84	10
0	21
1	35
0	29
0	14
789	12
11	1
0	1
105	10
36	0
6	70
0	68
0	17
2	0
0	2
0	0
0	0
0	0
86	8
23	0
1	0
1	24
12	24
0	187
0	185
140	80
0	167
108	24
4	24
59	45
0	4
0	30
2	0
0	0
44	31
0	9
0	0
3	22
3	0
4	21
1	32
17	0
704	25
18	43
0	23
31	72
1	68
0	10
0	0
1164	599
537	65
0	120
0	40
18	3
6	3
0	3
39	76
0	0
13	71
0	60
0	60
8	0
4	86
0	86
0	42
47	229
94	227
0	33
13	46
0	49
7	71
0	71
22	15
3	0
2	35
0	1
8	21
0	48
0	97
7	0
0	52
0	52
0	6
7	52
0	0
0	23
0	23
0	10
3	1
0	12
0	7
28	23
0	23
5	4
0	1
0	2
1	2
0	42
0	42
0	167
110	167
0	19
1	36
23	159
0	54
0	46
10	63
0	10
0	53
0	18
0	141
0	33
24	31
0	31
38	5
0	5
0	14
2	14
0	0
0	0
2	53
5	54
0	33
18	17
0	13
61	77
19	39
11	0
2	8
0	15
28	15
33	20
0	14
1	6
0	6
6	6
0	6
0	6
0	1
0	4
0	4
10	0
27	65
36	59
15	24
0	50
0	12
17	20
36	44
16	17
0	270
14	383
4	84
0	77
66	267
0	251
0	251
4	24
51	193
58	284
36	44
0	44
0	6
0	0
2	3
140	311
0	311
0	47
37	51
0	51
0	4
0	21
0	0
0	0
0	4
0	10
8	32
23	81
690	9
97	9
22	17
0	17
87	13
0	13
8	2
0	2
3	2
5	0
0	3
0	3
3	0
0	24
0	3
5	3
34	1
0	0
0	1
0	1
49	22
44	0
0	20
0	20
0	3
0	2
0	4
8	3
8	26
0	109
0	12
0	109
11	0
1	0
2	0
22	138
0	81
3	82
15	82
5	27
4	26
15	26
0	26
2	5
0	11
0	11
0	11
0	11
10	5
1	40
0	11
0	5
0	17
0	17
0	11
3	0
0	11
41	65
0	52
0	43
8	52
36	36
0	60
0	0
8	53
0	44
124	70
0	16
31	18
95	225
0	225
195	120
0	18
0	20
32	44
0	25
0	27
0	25
0	8
0	27
0	19
6	3
0	100
1	110
0	122
19	123
0	72
0	31
15	23
6	0
5	8
0	8
0	1
0	17
116	16
0	6
15	0
13	7
0	0
0	0
7	0
7	1
56	4
0	3
0	3
10	77
3	8
0	4
18	4
6	2
0	2
8	40
6	40
5	15
0	26
1	0
0	31
23	3
0	5
0	26
2	4
19	5
6	21
26	21
0	35
0	14
5	14
0	14
0	23
0	51
2	98
13	78
0	133
8	5
0	7
0	69
7	109
0	22
3	21
0	21
0	18
0	0
7	29
60	147
0	44
3	48
0	4
0	143
1	109
0	15
24	24
4	10
23	16
0	0
15	14
6	42
1	42
0	18
3	142
0	142
0	142
51	11
0	11
0	68
3	54
71	95
0	0
0	0
38	3
0	23
0	9
0	47
0	47
15	43
0	9
13	10
0	9
0	49
0	54
0	5
0	5
0	7
21	41
5	48
0	7
3	5
20	9
0	2
220	137
0	11
0	76
0	84
0	84
0	122
0	11
0	11
0	11
0	28
5	24
45	10
0	90
150	28
0	1491
0	1827
0	389
0	150
0	17
0	20
0	20
0	20
0	21
0	12
0	0
0	0
0	2
0	0
0	0
0	21
4	1
176	199
26	18
10	23
0	23
32	9
0	1698
0	1742
0	0
73	46
0	46
52	128
12	50
3	0
44	41
3	41
4	41
1	0
13	31
0	33
3	10
0	40
0	10
4	0
1	18
0	6
0	40
7	44
0	44
0	9
2	0
15	10
0	2
4	0
5	3
0	9
1	4
4	54
0	54
47	4
0	4
0	4
1	4
0	12
0	13
4	4
0	4
130	28
0	28
18	8
3	0
0	148
16	194
0	120
0	135
0	380
10	85
0	374
0	81
0	1
0	71
0	384
0	116
0	2
0	0
0	0
0	124
17	0
0	1
512	387
1	49
0	20
0	0
66	7
0	96
17	93
43	89
18	69
4	49
0	94
0	12
9	373
14	373
4	33
0	9
80	4
107	73
0	73
14	0
0	8
0	8
9	0
16	0
74	85
6	54
0	115
9	115
0	16
16	16
71	89
0	89
99	212
0	91
0	7
12	6
7	15
0	0
20	20
59	84
0	73
23	55
12	0
28	0
12	0
0	22
0	22
0	23
0	12
0	12
0	18
20	48
0	10
0	10
8	11
17	11
0	11
88	126
9	7
67	13
71	105
5	14
11	0
57	11
15	0
0	78
0	52
0	40
68	13
41	7
55	33
9	20
17	18
0	18
0	0
0	13
0	0
0	0
0	7
0	25
65	18
1	177
0	23
174	28
4	23
32	28
13	27
38	0
44	99
0	99
0	97
23	38
9	38
8	0
68	9
0	9
4	3
1	0
0	0
51	58
0	18
14	28
0	12
0	28
11	16
0	6
0	0
5	5
10	10
0	0
0	5
9	0
19	0
9	193
0	48
0	48
11	90
1	56
0	48
0	25
14	23
0	1
12	1
0	5
0	37
0	5
0	38
52	12
0	29
0	17
0	5
170	0
17	54
0	34
4	42
5	89
0	25
0	14
0	14
0	0
1	0
30	150
43	120
0	23
1	22
0	24
0	19
0	45
3	0
0	4
0	4
1	4
0	22
20	8
40	22
69	168
66	53
0	82
0	34
0	143
12	6
0	20
5	1
0	7
25	75
0	20
26	78
0	100
6	71
6	1
118	60
6	17
67	13
0	59
36	0
10	76
0	76
6	60
3	59
9	54
0	53
0	54
6	28
10	0
0	7
5	5
1	4
0	7
5	127
4	14
0	10
2	10
11	4
12	13
0	13
4	0
0	0
8	188
26	34
0	33
0	86
5	86
36	12
0	10
0	10
3	47
0	47
0	40
0	10
15	7
0	7
3	7
0	7
99	7
1	33
13	31
5	24
0	135
42	112
0	10
0	11
0	11
0	11
0	11
0	5
37	4
0	0
0	2
0	1
0	4
0	1
0	1
0	0
0	1
0	1
0	1
36	0
0	28
0	24
2	0
0	0
0	28
15	6
1	8
0	3
123	15
0	3
0	3
0	12
0	0
0	145
0	40
0	40
3	17
0	40
0	13
233	13
111	55
4	25
3	39
45	10
0	6
5	0
7	117
16	48
0	16
0	0
3	33
0	38
42	0
0	0
0	53
11	7
30	107
0	35
20	75
0	58
0	35
0	35
0	19
0	16
0	0
7	0
0	0
2	49
0	82
7	57
16	3
0	21
10	108
0	93
0	93
0	84
0	76
44	152
0	18
0	4
0	17
9	0
21	61
10	122
0	5
0	5
10	0
4	0
16	0
0	0
3	0
0	34
0	41
0	37
0	24
0	9
0	14
0	41
76	47
0	47
0	44
0	17
0	9
0	9
0	44
36	7
0	7
0	30
0	29
0	22
3	15
0	0
7	0
136	131
0	31
0	45
14	0
6	0
0	86
24	83
0	83
0	1
4	17
0	0
154	6
0	86
1	86
0	37
13	33
2	0
23	72
0	82
8	82
0	79
0	79
0	79
8	17
0	14
9	0
0	2
55	9
5	9
16	9
1	9
27	25
0	15
16	13
0	7
0	4
0	2
0	0
6	0
0	1
31	0
0	16
0	16
17	16
0	0
9	134
0	124
39	30
126	93
11	0
10	50
0	51
0	26
0	26
0	21
0	20
0	11
0	50
0	50
0	8
0	0
0	8
0	7
4	118
0	78
93	35
0	118
0	20
11	0
0	10
0	8
3	2
0	17
0	34
0	34
0	6
1	0
0	34
87	175
1	133
0	12
0	152
0	6
3	13
45	13
0	0
0	0
21	4
0	48
14	48
49	9
0	9
0	20
0	0
0	0
0	0
0	4
1	4
0	2
32	21
0	24
14	22
3	6
2	9
0	9
0	22
194	131
0	79
0	79
0	79
0	1
0	64
0	64
0	80
0	5
13	61
6	5
0	6
0	2
0	9
0	40
0	0
0	0
0	40
2	9
89	32
56	44
67	23
0	41
3	0
10	155
7	53
27	154
70	87
0	53
0	15
0	15
0	15
0	2
1	42
0	139
0	91
0	35
0	23
21	56
0	60
11	22
77	40
37	37
29	28
24	18
87	38
0	15
52	28
0	5
0	58
9	2
28	65
0	9
0	15
0	49
0	39
0	39
14	0
27	106
0	7
32	43
0	37
0	7
0	7
24	7
0	7
17	5
0	5
0	0
0	0
0	0
6	0
31	97
0	31
0	96
0	20
0	11
8	0
0	31
64	0
0	18
0	6
0	6
0	15
0	7
0	11
0	28
0	28
0	51
0	51
0	7
4	0
4	24
48	5
0	24
0	24
4	10
3	6
0	20
25	4
0	0
3	13
26	0
20	6
0	0
17	75
0	0
16	0
0	0
0	14
3	14
0	5
20	0
0	302
3	302
0	33
0	5
0	10
1	11
6	9
0	4
0	17
43	0
0	0
10	0
46	97
0	60
0	60
37	9
3	42
0	0
0	0
0	5
1	5
0	3
0	3
0	8
0	9
0	6
0	5
14	0
4	37
3	40
29	52
30	13
6	37
5	3
9	12
0	17
0	32
0	32
42	2
0	6
0	28
4	19
43	45
0	10
0	11
0	16
0	46
0	52
0	52
0	33
0	33
0	41
0	15
5	20
0	21
0	21
0	7
22	20
3	20
63	23
0	19
0	3
4	3
0	0
151	8
0	6
7	0
5	17
0	75
7	77
0	73
0	15
11	1
0	7
0	8
0	8
0	1
20	9
84	27
0	22
0	22
16	22
0	12
0	12
0	12
0	10
0	10
32	23
5	0
13	25
51	25
0	16
4	7
0	16
0	230
0	230
0	7
51	0
2	1
7	27
0	27
0	16
0	3
0	4
26	103
194	673
0	0
43	78
0	94
0	23
0	17
0	91
0	87
0	45
16	26
0	10
0	91
100	88
28	4
0	4
0	4
0	0
100	0
8	79
39	94
14	34
0	56
7	19
19	5
19	28
0	17
0	4
2	17
2	2
96	4
0	2
57	45
0	4
15	9
0	41
0	41
0	41
4	1
31	57
0	52
0	6
1	14
6	12
0	11
0	1
0	1
12	1
0	1
288	0
88	203
0	71
152	15
84	175
0	0
0	7
56	28
0	28
0	16
0	16
0	8
13	8
0	0
44	13
4	114
0	118
56	111
0	83
55	0
0	48
18	115
25	199
18	113
1	62
5	30
20	29
7	10
5	5
0	10
0	7
0	10
0	10
0	144
12	73
33	46
328	0
10	0
80	73
67	6
0	6
0	6
36	11
4	8
0	11
0	0
7	0
0	0
89	65
0	33
0	0
7	0
0	0
3	0
0	0
0	65
0	16
0	58
4	10
0	47
9	42
0	58
1	11
0	4
0	6
0	107
38	121
5	76
2	3
0	0
0	3
0	0
6	0
0	16
0	7
19	45
6	28
0	21
41	32
2	32
0	47
14	0
0	0
5	122
16	0
15	25
0	5
0	2
36	70
0	6
0	8
0	5
0	14
0	1
1	1
0	7
51	41
0	31
0	4
7	4
0	18
1	2
7	1
0	2
0	72
0	88
341	71
9	12
0	128
98	150
7	18
6	30
0	6
0	29
0	120
0	22
0	10
0	10
4	109
8	8
25	5
6	0
0	3
39	58
0	61
0	62
4	31
0	24
0	34
0	0
9	19
39	50
0	23
8	23
42	5
0	0
48	4
0	4
177	35
4	7
0	16
0	1
9	23
8	0
1	0
4	0
5	0
5	0
0	0
89	35
16	8
0	0
0	8
64	30
3	23
0	23
0	7
0	4
0	4
0	0
3	0
0	23
55	23
18	16
3	0
2	17
0	0
0	11
0	13
13	13
0	69
0	55
13	155
0	125
0	155
22	105
0	9
0	9
0	18
0	6
0	0
0	0
1	0
0	0
0	29
122	48
0	20
51	20
0	5
0	73
6	0
14	54
2	126
0	126
0	7
0	114
0	3
1	1
8	2
62	27
0	26
0	55
0	55
59	15
8	6
0	4
0	4
1	0
161	75
30	33
14	63
33	527
0	376
61	466
0	3
51	300
6	13
0	8
0	13
0	8
41	123
8	89
0	114
0	51
5	55
0	62
0	21
0	6
61	6
26	16
0	4
71	4
48	21
31	61
0	50
0	6
13	34
0	12
0	51
0	6
49	77
0	32
0	9
32	11
0	0
0	9
10	54
0	54
0	20
115	22
78	30
17	30
57	25
18	22
21	0
0	0
18	55
0	32
0	20
0	0
116	318
0	0
0	21
0	55
0	55
106	94
0	94
0	60
0	13
0	11
0	3
0	3
0	0
0	39
0	44
13	6
0	107
0	18
0	18
0	18
14	2
0	16
2	16
12	10
1465	0
132	86
0	3
33	8
0	1
0	83
28	33
0	7
1	5
0	13
0	19
9	28
15	220
0	96
18	4
0	1
0	4
1	0
0	10
0	13
0	0
18	3
0	7
58	60
30	3
0	60
2	0
2	0
0	0
0	6
0	10
7	2
0	1
0	1
4	0
68	0
0	0
0	41
0	0
7	1
8	0
0	0
0	41
39	0
4	0
0	8
0	22
0	34
4	51
0	44
0	20
0	27
14	8
0	8
38	26
0	23
80	15
0	107
0	107
34	43
0	12
0	25
0	41
0	40
0	39
78	25
0	13
0	19
9	25
0	16
3	13
0	16
0	20
22	24
46	61
0	58
8	0
0	2
2	0
0	3
8	3
118	28
9	4
0	4
0	18
0	3
13	13
15	11
8	112
0	112
0	5
21	16
6	0
43	0
0	16
0	105
4	105
0	34
174	72
1	18
0	20
0	0
0	4
85	30
4	17
1	50
0	20
0	20
0	15
0	12
29	27
58	37
0	20
0	29
26	29
0	19
0	14
0	19
0	12
4	40
12	9
34	40
0	37
0	40
10	170
0	46
28	130
0	13
0	0
17	23
0	23
0	0
0	23
0	0
73	15
24	19
0	3
8	1
2	0
0	0
0	50
20	50
52	4
0	8
6	4
18	5
35	9
0	4
4	0
0	0
1	0
9	22
22	22
13	2
0	0
0	8
0	6
0	6
81	0
37	91
0	91
0	52
5	4
0	89
209	3
143	2
17	3
2	0
0	7
0	0
1	30
0	30
9	7
43	7
3	7
34	188
0	59
1	0
1	0
12	1
9	1
1	134
28	134
24	131
68	22
60	0
0	0
0	15
0	3
19	32
0	28
6	4
0	0
11	32
10	106
21	82
0	77
0	96
0	32
18	95
95	110
0	110
10	11
0	2
25	8
89	4
3	4
0	9
0	47
0	1
11	54
3	54
0	4
0	35
0	32
28	0
53	12
0	37
0	38
0	54
0	29
0	23
5	45
0	37
0	19
0	3
0	3
13	0
0	3
0	43
0	13
1	1
0	20
0	5
9	12
0	16
0	4
0	78
29	78
0	50
0	46
11	0
0	11
0	27
0	16
44	110
64	6
4	6
35	3
0	3
9	0
0	38
0	27
0	8
0	34
0	34
0	38
0	0
0	0
0	72
4	0
0	72
0	0
13	0
10	9
53	20
0	4
42	73
9	73
0	0
73	4
0	0
0	1
0	3
12	64
0	24
22	0
0	16
0	44
0	0
0	20
0	8
0	8
0	0
0	24
0	19
0	0
3	0
0	24
0	3
0	24
0	24
0	61
0	0
0	0
0	0
2	20
0	0
0	0
3	61
30	61
0	48
0	0
0	13
56	26
0	1
0	0
0	0
6	19
8	8
0	8
31	0
0	63
0	40
48	4
15	22
0	55
32	176
0	117
64	33
0	64
0	1
0	0
1	4
0	9
1	5
2	65
64	78
15	35
0	35
0	0
0	0
0	4
0	22
0	0
14	13
0	13
0	9
0	9
0	9
1	16
3	8
0	8
4	8
0	34
54	94
0	0
0	50
0	49
1	3
10	5
8	16
1	6
0	49
83	0
0	76
20	78
0	66
52	58
0	1
2	0
0	47
29	0
7	0
0	0
1	32
3	32
0	32
42	37
12	37
2	4
0	8
0	15
0	10
0	9
11	10
64	362
9	0
0	362
0	13
0	89
13	59
0	17
0	6
0	5
0	18
7	11
0	29
0	18
0	100
0	106
22	21
30	35
0	14
16	19
25	26
0	653
0	653
0	1
36	0
71	23
0	12
0	14
0	14
1	14
1	368
0	51
171	390
0	314
0	99
0	5
48	323
0	368
56	1
0	0
3	1
9	0
0	22
0	22
0	23
0	8
0	3
0	2
12	24
0	8
0	3
0	15
0	1
350	114
6	35
12	114
182	72
62	72
0	39
0	13
0	3
0	3
10	3
1	35
0	35
109	0
119	53
10	4
10	1
1	24
15	42
0	1
0	1
0	1
72	11
0	27
0	54
2	0
24	13
3	31
0	1
0	20
0	25
27	37
0	25
0	0
0	0
0	24
0	24
0	0
0	26
6	37
8	20
0	15
297	3
0	0
0	3
0	3
7	3
11	0
103	61
0	61
1	24
0	0
0	21
4	23
0	23
0	4
10	7
0	12
1	12
79	0
8	113
0	105
0	113
25	17
0	2
0	52
7	52
0	0
0	0
3	0
40	0
25	2
10	1
0	2
0	2
0	74
0	68
0	68
0	68
26	74
0	13
0	0
0	13
0	13
100	192
0	39
5	28
7	17
0	4
29	33
0	15
0	14
4	6
0	65
0	54
0	41
3	46
0	65
0	71
0	75
3	0
5	17
0	50
40	43
0	18
2	20
0	7
0	13
117	8
23	21
0	66
0	94
0	94
43	48
0	71
3	0
0	0
0	21
86	8
1	44
11	3
137	34
0	28
0	3
0	8
0	8
0	0
0	71
0	68
7	74
0	58
0	56
0	59
0	9
11	3
3	8
0	5
0	56
0	203
0	116
0	14
9	2
0	50
0	0
0	0
0	0
0	20
0	0
0	203
0	107
0	1
84	35
0	29
5	7
0	2
0	15
0	4
0	50
0	36
0	34
11	34
0	15
0	11
0	3
0	0
62	14
0	11
0	25
0	16
0	8
15	36
0	12
0	11
0	3
0	5
0	0
0	13
48	44
11	1
58	1
0	1
0	0
0	1
0	7
0	0
0	0
0	0
0	0
2	4
3	36
16	36
0	0
12	0
0	0
6	0
0	0
28	39
0	44
0	39
0	39
102	65
2	17
9	0
5	0
0	0
0	1
0	0
0	1
0	1
82	10
13	0
12	0
30	83
0	80
19	67
0	0
0	6
2	0
261	0
0	0
0	0
56	15
0	15
0	10
0	55
5	55
0	11
0	16
0	29
0	30
0	55
21	58
5	39
7	78
0	78
2	1
11	0
0	20
0	2
46	0
11	26
0	26
0	26
0	1
4	1
4	3
0	4
0	4
0	2
35	16
2	16
13	180
0	126
0	138
23	149
1	146
0	0
0	39
0	39
2	0
382	1904
18	19
0	2
0	13
0	13
13	0
24	5
2	6
4	6
0	18
0	13
1	0
0	3
0	5
0	0
0	33
0	12
0	33
0	28
0	28
6	33
0	23
34	11
0	13
0	12
111	41
15	41
0	8
0	9
2	0
13	16
0	16
42	98
50	143
0	37
0	36
0	15
0	2
0	0
0	0
0	0
11	0
0	12
0	20
112	22
1	7
1	7
0	63
0	63
0	63
1	0
0	25
0	0
0	0
0	10
0	3
36	3
28	41
84	13
0	20
0	20
0	16
0	0
0	0
7	10
8	10
0	20
5	4
0	12
11	11
0	4
9	0
2	13
0	13
4	21
10	21
0	14
57	112
15	76
0	94
38	77
0	94
0	51
4	54
0	4
0	22
19	0
0	6
0	0
0	0
0	0
0	0
0	8
0	0
0	6
0	8
26	23
39	0
0	92
109	407
0	79
0	79
0	8
0	0
6	0
0	39
0	11
59	10
38	56
1	56
0	439
6	439
0	27
0	11
15	11
6	9
52	5
0	9
122	46
0	0
224	58
0	13
0	37
0	10
1	6
0	0
0	0
11	48
0	37
0	13
5	0
4	13
16	33
0	33
0	221
6	1
9	0
0	162
81	36
0	216
0	75
0	275
0	323
0	323
0	324
6	16
0	16
0	16
0	58
12	168
0	168
0	117
0	64
0	17
31	9
0	177
0	2
34	19
0	2
7	11
0	2
45	48
0	48
77	20
4	16
0	16
0	2
5	24
0	24
97	0
3	90
131	90
0	63
0	60
0	13
0	13
0	53
0	69
0	32
0	40
13	16
0	42
0	41
0	14
1	3
6	25
0	25
0	1
2	14
19	10
77	50
2	46
3	1
21	1
0	0
150	31
1	18
21	25
1	0
0	60
0	60
8	11
41	10
25	76
0	12
11	3
34	13
0	9
1	10
48	73
3	10
0	0
4	2
0	57
0	57
0	38
0	38
0	25
0	12
0	6
0	10
0	16
0	8
9	16
2	1
19	21
0	22
13	22
0	1
0	19
6	17
0	17
0	20
0	20
0	18
0	18
0	18
89	0
36	54
19	0
0	43
0	6
0	0
4	2
0	5
0	7
3	0
0	0
0	5
0	3
41	49
0	49
9	90
0	90
26	19
31	13
59	56
98	9
25	7
1	0
17	7
1	7
0	48
0	48
0	33
45	0
42	27
0	0
43	27
97	120
0	120
0	14
0	1
0	8
28	42
0	42
0	4
3	9
0	0
0	110
10	67
26	105
0	14
0	45
19	2
0	43
0	0
0	81
0	0
9	13
0	78
16	17
0	13
5	13
4	39
12	44
0	29
1	36
18	88
0	18
0	41
0	34
0	16
4	8
87	9
15	0
0	7
0	7
0	7
0	3
0	0
1	0
111	0
6	0
4	0
2	0
0	22
0	35
0	35
0	31
24	40
0	31
1	1
0	8
4	4
0	4
0	4
0	40
75	35
0	35
86	0
73	0
0	0
74	10
4	0
0	2
0	10
15	4
31	21
0	20
8	20
0	0
0	0
24	28
22	1
0	1
11	1
0	0
0	18
0	51
0	51
0	10
8	11
0	12
0	4
12	0
11	0
0	0
6	19
0	19
0	7
32	5
130	21
0	16
0	5
0	21
0	6
4	21
2	6
0	19
16	3
13	1
0	56
0	60
1	0
25	5
1	0
11	21
0	12
0	7
0	13
0	13
0	13
0	13
0	13
31	84
100	120
2	121
0	11
0	1
3	21
0	107
11	570
41	484
31	459
31	0
13	4
13	0
43	13
30	0
104	129
107	75
0	53
0	17
0	46
4	20
98	20
0	44
0	0
77	36
0	4
0	3
20	20
9	1
18	23
37	3
8	1
5	3
1	3
0	2
0	24
16	24
0	24
0	16
0	16
1	12
21	9
0	0
1	0
113	99
0	8
0	8
0	0
1	0
5	0
0	9
138	35
28	0
0	35
0	28
0	28
0	21
0	74
0	0
0	0
75	11
0	74
154	27
10	13
8	8
0	8
106	8
21	19
1	19
0	12
0	1
0	0
0	9
0	2
0	2
0	9
7	725
0	725
0	2
0	2
4	2
0	53
0	53
0	46
0	10
0	0
10	6
339	8
0	0
14	0
4	27
155	27
1	9
0	0
32	0
1	0
0	0
0	0
21	13
51	13
11	13
5	13
95	90
0	90
0	12
0	1
75	33
0	22
32	151
0	91
0	91
23	43
0	74
3	74
21	43
0	5
0	5
0	11
0	11
1	3
1	52
0	20
2	7
0	8
17	3
0	3
6	32
0	30
0	0
37	56
0	20
0	4
35	32
0	5
0	52
52	26
0	53
11	52
1	20
45	20
0	0
92	88
0	6
8	13
0	61
22	11
8	9
33	54
0	0
41	54
19	108
12	108
99	103
5	29
98	309
0	43
5	12
0	23
0	43
0	14
20	217
0	8
0	116
0	116
0	31
42	17
49	15
32	3
0	2
15	0
0	2
3	26
0	15
0	26
37	0
0	5
42	14
8	11
0	1
24	0
4	2
7	0
0	62
0	48
0	30
0	37
0	5
14	13
0	25
17	27
0	108
0	114
42	96
46	102
0	93
0	54
0	12
0	114
0	59
30	0
8	72
0	43
0	72
0	45
0	34
0	54
0	50
2	8
18	22
3	3
8	17
103	10
52	10
0	10
5	0
0	52
4	16
8	52
122	20
0	11
0	52
365	162
118	168
6	157
0	149
8	2
24	18
10	2
0	0
0	2
0	47
0	28
4	98
0	47
3	6
11	4
0	4
1	19
3	19
7	22
0	22
0	6
0	6
0	0
0	7
0	0
0	10
6	0
47	28
19	537
0	20
7	0
0	2
0	0
0	536
7	536
0	89
0	13
13	13
10	0
0	0
0	75
0	75
0	60
0	35
0	60
0	48
0	0
0	0
98	26
127	29
0	8
0	19
15	8
0	21
0	0
0	0
0	21
6	5
0	37
0	12
0	10
0	0
0	0
4	35
14	25
0	95
27	94
0	1
0	1
322	85
0	85
16	77
0	2
20	6
0	63
0	63
0	63
0	34
13	10
0	10
0	10
0	10
0	10
2	21
0	43
0	69
28	51
0	27
0	51
0	14
0	14
0	44
0	44
0	45
0	44
0	44
0	38
43	32
22	46
14	111
41	50
6	46
0	40
0	41
2	0
0	27
76	0
124	25
0	25
6	209
0	33
8	46
2	39
0	39
1	24
0	19
0	24
0	1
0	11
0	11
0	67
9	144
0	197
0	190
0	194
4	16
3	63
3	9
30	14
9	6
112	343
14	24
0	18
0	24
0	15
24	7
0	8
367	13
76	13
11	52
0	49
26	13
0	0
0	24
6	27
115	49
36	14
3	14
4	32
30	32
0	41
164	117
0	35
0	22
4	10
7	137
0	135
0	135
0	1
3	1
0	0
0	20
0	12
0	7
76	40
76	9
29	34
0	28
3	0
41	31
30	14
0	10
0	4
0	8
0	19
0	3
0	10
58	0
13	101
0	92
0	10
0	10
0	114
0	114
0	114
0	114
6	25
0	19
0	13
3	21
0	26
0	24
0	57
0	5
0	34
1	54
22	22
6	22
3	24
0	24
6	20
0	14
0	14
0	14
0	0
0	4
0	4
39	0
1	2
0	1
0	1
55	0
0	20
17	20
1	0
17	0
24	0
8	0
25	147
2	122
0	100
0	149
32	102
0	72
15	24
0	5
1	7
33	22
97	6
144	22
19	22
6	2
2	62
6	0
0	62
0	11
0	21
0	1
0	52
121	48
37	5
0	5
0	68
0	41
8	48
0	12
16	4
0	1
17	3
314	267
3	132
0	72
0	71
0	114
72	59
0	4
55	21
0	21
0	20
19	17
20	13
18	14
0	14
55	62
37	42
3	20
33	26
12	4
19	14
51	46
0	3
0	1
10	4
4	3
0	43
0	43
0	10
0	10
0	64
0	47
0	36
0	34
0	0
0	5
18	2
0	0
9	0
0	14
0	14
13	14
0	0
0	0
0	84
14	107
25	26
0	2
0	66
0	51
0	19
44	17
1	0
0	1
144	11
8	5
5	5
28	0
12	27
12	15
0	27
0	0
0	5
0	12
2	5
0	0
0	7
35	46
0	40
1	40
0	40
0	40
0	22
0	15
0	6
96	9
21	9
84	30
205	111
0	76
9	62
14	39
0	10
0	36
0	101
63	63
0	15
0	3
0	33
50	53
0	17
13	3
0	7
0	7
0	0
9	0
116	158
34	172
0	9
0	1
4	3
0	0
0	0
0	0
6	0
0	1
0	0
0	1
24	12
14	7
0	3
5	5
0	32
0	32
11	30
1	0
113	39
0	10
0	12
52	10
33	127
0	12
36	19
0	35
0	52
0	19
0	2
0	3
0	18
0	1
1	17
0	17
6	0
0	35
0	21
0	45
21	18
56	17
0	14
0	39
0	0
0	28
28	3
0	1
10	1
0	0
0	3
7	0
28	11
0	0
0	0
0	11
0	0
0	0
21	11
4	30
0	31
0	31
7	17
0	6
0	17
0	0
0	0
0	0
18	0
0	2
20	0
8	0
0	39
0	39
0	37
53	19
0	39
19	39
5	0
8	0
2	0
46	22
85	1
0	1
9	1
0	49
5	14
0	15
0	46
1	13
0	21
0	13
3	260
0	137
0	211
0	211
0	262
0	3
7	2
0	37
1	0
112	256
0	213
0	320
11	4
48	15
3	4
27	35
2	3
0	53
1	15
0	21
0	5
0	11
0	4
8	0
0	4
0	4
1	6
0	21
0	21
0	5
51	0
62	3
0	0
0	5
0	5
0	0
0	5
13	0
0	5
0	5
0	5
0	5
0	5
0	5
13	57
0	38
0	57
1	0
0	0
5	0
5	40
8	6
6	34
0	40
0	38
11	38
5	74
21	74
10	32
18	0
0	0
0	0
2	52
11	52
1	25
19	103
0	103
0	97
0	98
0	36
15	69
33	0
0	135
0	166
0	149
0	31
13	109
0	33
0	81
0	44
139	0
71	0
7	0
223	89
0	53
0	56
125	0
0	30
2	30
0	3
0	17
26	2
0	36
0	36
0	36
113	0
243	1876
0	2182
0	347
0	4
0	4
1	2
2	2
16	3
0	0
1	3
8	0
137	0
19	6
0	0
0	0
0	0
0	0
35	27
98	175
5	43
0	33
16	6
15	325
0	26
34	16
9	23
143	3073
21	139
0	138
17	0
0	14
6	14
0	1
0	4
10	35
16	34
0	8
5	8
5	1
169	207
0	0
0	1
1	0
25	35
10	305
10	21
0	21
10	8
2	0
7	13
0	8
2	8
2	8
0	5
0	5
0	21
0	21
0	10
0	0
0	21
29	20
0	20
0	14
0	20
1	5
6	5
14	14
0	1
2	0
0	7
0	16
0	16
26	28
0	0
0	28
0	14
0	14
13	162
0	161
0	161
103	161
3	47
0	54
0	18
0	14
20	26
7	6
8	7
0	16
1	1
0	0
12	9
3	0
8	0
0	0
0	0
0	0
3	0
0	9
0	12
8	13
0	0
174	7
1	7
15	14
93	45
90	186
61	38
0	38
4	38
0	11
0	18
0	8
0	21
0	0
432	13
0	13
152	13
1	0
0	66
0	53
23	30
0	13
0	15
0	22
3	13
12	86
26	13
0	2
0	0
18	73
0	0
10	73
0	42
0	15
0	0
0	3
0	3
0	9
280	9
9	7
17	17
7	17
48	39
4	3
0	3
0	53
0	53
55	58
0	38
203	102
4	102
91	36
30	31
0	31
0	8
0	0
0	8
0	8
0	8
115	6
0	1
128	10
4	5
537	3521
33	93
0	61
25	18
0	51
52	51
0	58
0	31
0	5
0	5
0	5
0	12
0	15
6	52
0	52
0	5
0	15
0	2
7	2
0	8
40	13
6	3
48	17
34	0
0	2
55	6
25	6
35	123
19	197
0	25
0	11
0	3
26	17
0	0
0	0
0	9
0	26
241	28
0	22
6	6
0	27
0	27
1	31
0	2
0	24
0	30
0	2
393	91
46	91
34	19
0	19
34	3
36	23
0	1
12	142
0	135
0	34
32	24
7	63
0	85
0	25
5	66
0	105
0	72
20	81
4	50
0	166
163	162
0	98
0	33
0	195
6	9
0	9
19	0
2	0
62	31
0	31
13	73
0	68
0	73
0	4
0	8
0	3
3	0
0	53
0	53
0	57
0	57
9	4
25	43
0	59
0	13
0	0
23	40
0	4
0	1
0	20
0	20
17	0
0	33
36	22
25	24
0	19
0	39
35	19
0	62
0	0
0	0
277	27
3	27
1	0
0	0
26	34
0	34
113	25
1	31
0	31
0	26
0	11
0	10
0	44
0	6
0	19
0	14
27	5
0	14
0	17
8	43
8	25
0	14
0	14
0	11
0	0
39	0
2	16
0	16
9	15
0	15
0	265
0	265
1	265
0	265
0	2
8	225
253	251
0	77
0	77
7	0
29	11
0	11
219	10
0	5
1	12
16	8
6	2
0	7
6	0
0	1
0	2
0	1
0	1
9	1
0	0
0	63
0	63
92	83
0	83
0	83
0	28
0	28
49	34
22	34
14	15
0	17
1	0
0	13
0	28
28	28
0	13
10	11
9	0
0	9
11	5
0	5
12	5
1	5
0	4
0	16
2	27
0	32
0	32
0	32
0	28
0	30
0	32
0	26
0	30
0	28
0	28
0	32
0	28
0	28
0	28
0	28
0	26
0	28
0	32
0	26
245	920
61	0
1	11
21	11
0	11
0	119
0	115
0	119
0	1
0	154
0	158
0	158
53	35
0	35
0	1
0	29
5	0
0	1
0	1
0	3
1	0
13	18
65	2
0	46
0	18
0	18
0	30
10	30
171	99
0	6
0	20
0	0
0	29
0	0
0	0
18	1
5	216
0	216
0	29
15	12
0	1
0	13
0	78
0	40
99	43
0	14
0	0
0	4
0	4
32	4
158	3
0	0
2	3
2	0
0	3
2	0
0	86
0	93
0	91
0	82
0	51
0	4
0	51
0	0
0	86
5	64
0	64
0	6
0	20
87	0
162	25
0	55
0	8
0	15
271	10
20	0
30	0
18	6
2	29
53	10
73	29
11	5
0	52
0	58
14	0
0	4
0	4
13	77
0	68
0	70
1	15
0	49
0	49
0	49
5	53
142	39
0	12
0	3
0	0
11	0
0	4
5	2
12	2
241	39
0	39
2	222
0	138
0	138
0	220
0	220
355	0
0	33
0	15
0	29
0	0
0	1
0	1
2	1
0	2
7	3
0	34
0	4
0	18
51	115
0	80
0	72
0	63
38	63
0	51
0	63
0	55
0	14
154	30
12	29
8	0
0	187
0	187
0	187
0	187
0	187
21	62
3	206
21	0
15	14
0	0
56	17
0	4
0	258
0	45
14	6
8	16
17	77
0	77
0	6
7	12
0	0
0	2
3	12
0	0
17	64
0	40
5	64
0	25
6	12
38	0
40	53
0	58
0	58
0	51
0	33
0	8
0	16
0	16
0	16
0	16
0	3
19	16
0	3
0	6
0	0
0	53
0	4
0	193
0	193
0	257
5	257
4	40
104	90
0	6
1	1
2	46
97	38
0	40
0	31
24	15
18	33
21	56
58	0
0	0
305	39
9	39
3	0
23	0
0	1
0	1
0	1
0	1
0	1
0	33
45	168
0	161
13	127
7	1
0	1
8	32
58	5
2	5
10	75
0	75
0	30
0	17
0	30
0	0
3	0
354	145
0	68
0	40
0	0
0	40
3	13
6	32
12	12
45	7
0	25
0	6
0	1
40	74
47	82
1	75
45	83
0	82
257	0
59	36
0	35
0	32
0	2
107	113
5	41
3	31
0	82
0	82
0	1
8	8
0	8
6	0
0	2
10	1
0	1
0	3
109	0
208	23
24	6
0	6
44	6
25	6
40	6
0	11
33	0
30	134
34	25
0	10
10	9
0	9
0	100
10	0
1	31
13	22
50	23
21	93
0	56
0	11
4	45
25	105
0	24
0	24
17	208
0	19
0	6
0	6
0	6
0	14
0	0
0	14
0	38
0	17
0	0
0	10
0	0
0	23
0	0
0	43
0	0
0	33
0	21
0	1
0	1
0	1
0	0
0	19
0	10
26	1
0	13
0	188
0	188
0	188
19	55
0	55
5	45
0	21
6	3
12	0
0	0
0	12
0	0
0	1
0	0
3	5
6	2
4	22
0	6
0	176
14	1
1	159
0	3
0	3
0	6
0	181
128	1
9	1
36	566
8	559
0	102
48	22
28	20
0	22
0	2
7	12
6	0
0	10
35	10
5	11
0	30
9	26
6	29
0	9
2	5
1	0
6	57
0	57
38	0
13	276
0	293
0	237
27	187
0	242
20	156
38	156
0	156
22	153
0	129
0	140
0	98
0	32
12	10
130	39
0	29
53	6
0	0
0	0
0	0
0	22
0	0
0	0
0	4
108	0
0	0
108	0
74	53
0	53
3	0
37	3
19	15
0	9
54	32
0	13
28	81
5	7
0	158
0	2
0	59
0	1
1	0
0	0
1	1
1	0
0	70
0	75
0	0
0	40
0	76
8	75
0	152
33	329
0	207
27	47
0	14
0	6
0	4
6	10
0	4
0	4
0	10
7	6
0	6
14	4
117	73
6	25
0	72
2	3
39	5
0	5
0	5
84	46
84	46
0	73
0	73
25	10
0	73
0	73
0	10
0	0
0	0
6	73
0	73
0	0
144	112
6	92
44	0
131	8
37	9
206	0
22	12
0	12
0	0
24	24
20	18
0	22
0	10
2	9
0	9
26	9
0	9
14	4
1	6
134	5
0	41
7	9
77	9
114	3
0	3
0	22
50	8
5	4
11	2
12	14
0	14
1	36
12	17
0	0
6	20
51	85
7	9
0	65
11	0
62	33
0	19
0	18
0	24
20	9
3	10
71	47
37	47
1	38
0	52
51	50
39	20
0	24
15	0
33	19
0	18
61	237
5	9
16	110
0	15
112	110
1	3
0	12
3	0
28	0
0	105
0	131
35	17
0	17
0	81
2	0
0	7
1	0
8	7
3	2
0	17
0	10
0	0
0	16
59	26
0	131
0	17
0	17
0	17
63	14
8	7
91	92
0	26
8	0
3	0
3	37
0	2
4	2
0	3
20	3
4	1
0	123
36	172
0	73
51	91
0	140
24	15
19	4
0	28
20	13
0	61
4	10
82	0
144	33
0	29
69	33
0	17
128	79
0	23
0	0
0	66
0	41
0	0
0	0
0	0
0	0
1	0
14	0
0	23
9	23
36	33
44	47
43	7
0	13
0	27
34	0
22	0
48	223
31	223
0	223
0	88
0	88
0	88
76	88
0	23
0	18
0	1
41	153
0	3
1	19
630	26
0	22
0	24
109	9
0	20
0	0
129	32
1	10
0	0
0	22
0	0
0	0
0	33
0	11
0	28
0	61
0	19
0	35
0	20
0	88
0	24
0	17
0	37
54	182
0	4
1	0
0	129
1	170
0	0
58	0
27	27
158	65
110	53
0	18
0	4
1	2
4	2
0	27
0	127
0	40
0	151
0	44
0	126
0	45
31	45
6	20
8	0
0	10
0	10
0	10
0	5
14	0
87	6
0	21
0	178
6	1
0	175
0	166
195	8
26	7
18	57
0	57
0	52
7	24
0	2
0	52
9	0
0	0
0	8
0	11
4	11
0	12
6	41
0	10
0	25
23	54
78	143
0	69
15	11
0	23
0	58
38	120
0	30
0	71
0	56
0	143
69	31
0	8
0	189
7	9
7	3
115	45
3	45
15	0
0	40
0	16
5	142
0	110
0	72
0	72
122	193
0	12
3	12
0	198
0	42
0	21
0	0
0	55
0	75
0	136
0	32
0	145
0	9
0	84
3	77
38	82
18	80
0	46
0	30
0	37
46	9
14	12
0	5
0	0
0	7
5	45
14	45
0	33
2	33
0	3
43	21
0	3
16	0
0	6
0	6
0	43
108	65
0	2
51	24
41	69
6	0
0	0
0	0
6	0
2	0
0	25
0	37
6	1
0	15
0	15
18	56
0	23
2	175
0	23
51	331
52	20
19	20
0	336
9	0
0	0
0	11
0	11
0	1
0	82
0	13
55	67
0	11
232	24
7	8
9	10
0	0
0	0
0	0
18341	8290
0	8
88	0
153	49
0	0
0	3
0	7
2	8
0	4
0	12
0	0
5	6
2	4
8	4
4	1
0	9
1	0
0	82
0	32
0	82
0	70
8	82
15	32
0	32
47	4
139	0
10	6
0	6
2	0
0	460
39	446
0	406
56	477
0	14
1	14
0	14
2	132
57	120
0	131
0	64
0	27
0	10
6	0
11	19
0	19
1	87
0	82
0	21
36	25
0	17
0	27
0	9
0	4
1	16
0	19
0	69
7	6
0	56
0	0
26	19
13	19
4	17
0	2
0	16
5	13
2	8
0	8
0	8
0	8
0	8
14	10
0	10
27	48
0	48
0	48
0	48
0	22
0	4
0	1
6	0
27	83
0	85
3	85
201	54
15	12
0	20
0	19
5	8
1	12
4	15
29	12
0	12
0	26
0	16
0	136
0	136
0	11
0	3
0	21
0	6
0	10
0	8
7	1
101	7
20	6
0	1
31	2
0	51
31	230
0	46
0	74
0	221
4	23
0	52
0	2
0	9
0	20
263	9
0	9
47	87
3	87
24	135
195	66
1	64
8	15
73	13
0	22
0	6
4	1
0	8
3	22
34	46
2	6
0	27
0	12
9	0
0	13
0	0
0	18
20	0
0	25
18	25
0	23
0	106
4	106
0	23
9	7
0	16
0	16
0	4
0	62
0	72
4	72
0	62
0	0
0	15
0	15
40	16
24	35
3	3
7	10
0	3
0	10
2	6
0	6
32	5
0	12
45	12
0	0
0	5
6	4
1	4
0	210
2	0
0	0
47	21
39	42
25	38
6	18
15	24
9	0
4	4
121	791
0	791
57	0
23	62
0	36
0	30
4	8
0	0
0	0
3	0
0	15
0	13
0	5
0	31
214	95
0	7
0	74
0	0
34	78
0	66
47	42
18	0
0	5
0	0
0	0
80	0
3	29
37	68
20	68
0	68
0	83
0	93
0	98
0	98
0	1
34	3
0	0
413	37
0	37
0	132
9	132
71	95
0	20
0	31
0	3
0	2
0	30
0	2
10	29
0	24
153	6
4	6
1	10
0	10
0	6
12	1
26	10
13	9
14	10
0	1
10	1
83	54
0	43
6	19
0	11
0	11
0	19
0	15
441	18
0	18
0	6
53	169
2	169
1	0
0	0
0	0
7	17
6	0
0	25
0	27
0	16
0	183
0	0
0	182
60	98
0	12
0	0
0	0
0	0
0	1
15	24
0	7
1	40
0	63
24	40
57	63
8	66
0	4
30	34
27	4
72	0
44	31
1	0
27	14
0	9
0	9
0	3
0	14
0	22
11	0
0	11
0	19
97	26
33	26
0	0
16	25
12	8
0	8
0	8
122	0
64	9
0	7
0	4
0	0
0	1
28	0
23	27
19	26
15	12
0	3
44	92
20	92
0	74
10	67
0	4
11	0
0	0
0	236
0	236
0	29
0	93
27	61
0	61
0	0
5	0
0	31
3	28
1	19
31	112
4	15
0	107
27	40
0	50
0	24
48	54
0	0
130	42
0	55
75	55
6	4
0	27
0	27
0	14
0	21
0	21
0	21
0	15
0	12
0	12
80	33
27	33
3	13
13	14
0	12
0	10
0	1
1	2
0	2
0	1
0	13
10	27
99	15
28	39
0	15
4	20
0	8
1	7
0	7
12	5
0	0
0	39
46	39
0	2
12	4
1	19
0	1
83	6
0	1
25	5
0	1
13	15
0	0
159	15
24	3
0	3
0	0
0	19
2	27
6	18
0	17
22	81
0	62
0	77
0	62
55	19
0	9
69	14
0	5
12	5
3	5
5	5
59	5
4	5
41	1
145	12
0	12
31	0
5	0
14	1
46	42
0	3
0	42
771	193
49	187
14	88
0	88
0	201
0	49
0	61
0	112
0	34
0	29
0	11
10	0
5	150
0	11
8	89
0	126
2	125
0	16
29	16
1	8
0	50
0	50
0	26
4	16
0	10
23	10
2	7
0	4
4	0
0	33
0	33
1042	15
0	10
24	0
60	77
0	77
114	10
0	22
0	0
0	0
0	22
0	21
0	21
0	21
39	44
40	20
0	20
4	13
0	13
0	17
76	24
0	6
97	367
1	254
5	346
0	254
79	13
0	107
42	367
13	16
29	16
12	15
6	3
2	1
0	2
0	2
53	2
0	0
19	2
0	3
0	37
0	37
0	11
45	3
34	0
57	0
0	17
0	17
0	4
309	1536
0	9
13	41
13	26
152	15
63	102
0	96
21	25
0	23
0	0
7	0
42	0
40	26
0	26
0	0
0	145
0	50
0	50
0	145
8	135
22	10
27	66
0	145
0	97
0	97
0	35
0	35
42	32
0	13
0	10
2	0
99	96
0	96
0	65
6	63
32	65
0	67
0	56
228	47
1	5
0	5
0	0
0	9
14	202
2	192
63	21
11	34
10	187
0	36
0	0
172	65
72	114
0	79
0	79
158	29
6	45
0	9
0	45
13	5
1	4
1	4
0	4
0	12
3	13
19	5
0	5
0	5
0	9
5	4
27	0
5	0
79	2
0	4
0	4
0	4
14	27
44	27
1	49
0	49
0	32
0	33
0	46
0	28
0	23
0	49
4	49
0	26
0	28
0	28
0	49
0	94
0	12
195	0
130	22
0	22
10	100
0	11
0	3
0	7
0	8
0	4
0	0
0	11
4	4
0	4
0	4
0	100
5	2
108	23
0	10
4	23
0	10
26	7
4	3
1	3
5	25
114	120
6	95
1	95
7	2
0	2
16	0
0	126
132	121
16	27
0	3
4	10
0	38
0	37
0	38
0	75
75	21
0	59
36	84
0	30
0	43
0	17
0	49
26	21
0	21
0	19
16	1
126	7
30	16
0	12
199	23
1	8
1	0
0	1
16	1
2	8
18	8
0	0
0	0
200	3
0	76
88	321
5	11
20	46
0	9
0	28
0	5
0	10
0	7
0	21
0	21
0	21
0	24
0	16
0	40
3	92
0	64
0	85
0	85
0	85
0	80
8	8
0	5
7	0
1	17
0	1
33	16
0	5
0	5
0	6
0	11
0	11
0	92
0	21
0	23
0	2
7	0
30	30
0	30
0	0
1	1
4	1
0	48
24	14
0	13
0	108
11	1
72	134
119	93
42	52
0	19
56	32
17	4
0	4
1	39
0	1
0	121
10	139
0	93
2	13
14	21
6	14
1	181
27	68
0	141
12	12
10	20
0	31
13	12
9	34
0	29
18	19
0	16
0	15
0	5
0	26
0	2
1	35
0	5
0	2
12	20
206	92
0	80
0	33
0	4
0	27
2	21
0	0
5	0
0	69
100	0
0	0
122	18
0	19
2	17
0	16
19	16
0	16
0	43
0	43
0	43
0	43
0	68
0	68
0	68
0	68
0	43
0	43
0	43
0	43
0	17
35	105
0	80
0	104
0	4
11	4
0	4
12	33
7	31
0	8
0	6
22	40
0	64
0	16
1	16
0	29
23	13
5	21
1	21
0	8
6	2
2	2
0	2
0	154
311	28
364	21
10	15
10	27
23	0
5	0
24	1
27	0
0	4
0	5
0	22
0	22
0	20
441	0
66	14
0	14
20	409
0	83
0	51
0	53
0	51
0	53
0	51
0	51
0	152
136	108
28	0
0	14
0	63
4	52
45	96
0	11
71	48
0	38
0	15
0	13
0	0
0	3
0	3
1	4
0	42
0	0
0	0
0	0
0	0
1	1
0	0
44	4
14	20
16	79
0	79
0	79
0	79
0	79
3	0
7	16
123	90
15	61
0	0
21	2
27	2
0	0
5	0
34	6
39	0
8	8
0	0
0	8
37	145
19	146
34	75
0	0
46	8
19	10
32	10
0	10
0	9
0	8
0	54
174	716
17	126
43	0
278	0
0	36
5	61
0	13
49	101
8	42
0	29
0	334
0	40
0	20
109	115
0	29
0	16
0	329
0	5
0	0
0	43
83	55
42	66
81	0
361	528
45	307
0	217
17	118
0	37
0	31
0	6
0	0
9	58
108	172
20	19
0	13
27	22
0	13
13	4
0	111
79	0
36	16
0	15
0	98
1	98
0	13
26	22
11	25
0	36
0	14
0	12
0	13
17	0
0	0
21	4
0	4
0	11
0	11
0	65
13	65
0	21
15	11
0	17
3	6
0	6
5	41
25	41
122	71
21	4
7	4
0	46
24	42
0	31
145	68
0	24
0	50
0	17
0	42
0	0
0	0
45	0
44	0
55	65
70	63
0	39
1	8
0	23
0	22
0	5
0	1
0	15
24	15
0	16
0	15
0	6
41	0
28	42
0	23
0	40
4	5
0	5
0	5
4	4
27	0
2	39
0	27
17	20
0	14
46	41
0	44
0	0
0	39
0	19
0	6
0	4
5	40
74	21
4	32
0	45
0	37
0	50
0	42
0	45
0	6
0	10
11	10
21	10
0	2
55	188
90	47
3	89
0	39
0	39
14	6
108	106
0	66
39	80
0	106
0	22
5	3
0	16
1	0
0	0
0	43
30	0
0	62
22	33
9	24
0	10
3	1
15	0
6	0
27	20
50	16
37	40
0	38
0	23
0	0
6	4
1	3
0	38
1	8
6	0
48	8
0	123
0	123
7	63
0	62
0	5
15	1
43	149
0	44
99	19
23	137
0	119
0	45
0	149
0	44
0	150
0	1
10	281
0	295
0	106
2	17
33	14
33	21
5	21
0	76
0	76
16	0
5	71
17	61
8	6
27	0
0	62
1	125
0	156
85	145
0	85
33	178
0	41
0	41
0	27
73	243
0	233
0	65
0	59
0	39
0	47
0	47
25	0
2	20
0	36
0	31
0	37
0	28
0	37
11	34
0	11
3	24
0	39
4	15
95	73
0	19
0	18
60	5
4	2
0	60
0	60
0	12
0	78
2	78
7	37
34	21
0	13
0	13
14	0
33	26
0	26
82	0
0	16
0	16
0	1
56	0
52	10
0	10
37	0
1	92
0	45
2	92
14	72
0	67
98	158
0	90
0	90
0	5
4	4
0	47
0	47
47	1
0	7
0	7
1	100
3	0
2	73
0	18
0	0
11	73
0	28
0	28
17	12
0	12
0	2
36	38
0	0
0	0
0	0
0	17
4	21
186	37
1	14
7	14
0	11
0	17
0	29
0	29
0	19
2	1
0	1
29	8
11	0
0	2
0	16
1	0
0	18
0	58
0	52
0	52
0	25
0	2
86	8
59	23
7	0
43	17
0	1
0	17
0	0
0	132
0	132
0	4
0	4
0	5
0	5
0	5
0	5
0	0
0	7
0	0
0	3
0	7
0	1
0	7
0	7
0	3
0	7
0	6
8	71
0	10
17	97
0	32
12	18
2	0
15	12
34	120
104	105
0	24
0	24
0	20
11	1
36	19
0	19
0	15
0	0
4	23
0	1
9	3
0	0
6	0
0	0
30	17
0	2
0	0
0	0
0	2
0	12
0	0
0	2
4	0
0	0
0	17
0	5
216	71
0	0
0	0
0	5
0	16
0	23
0	0
0	64
2	57
0	57
0	19
0	0
0	19
16	16
0	1
1	15
4	5
1	3
0	3
0	0
0	154
0	160
0	134
23	0
6	0
0	409
0	17
0	17
9	18
0	18
0	18
22	0
7	0
1	0
0	428
10	437
0	0
0	0
0	0
0	0
0	0
1	11
15	80
16	73
0	40
0	0
0	5
0	0
8	23
0	0
6	0
79	1
0	1
0	0
26	26
0	26
1	0
0	7
0	0
0	0
0	0
0	0
0	26
0	18
19	18
0	1
3	0
3	17
0	17
0	13
0	214
0	214
0	214
0	26
0	14
11	14
0	1
0	8
0	0
0	0
427	40
5	3
0	0
0	37
26	12
0	5
0	12
0	12
0	12
71	0
2	7
0	7
0	6
0	15
0	10
33	0
0	0
7	1
0	0
31	15
31	4
16	1
0	4
0	4
6	0
0	85
434	38
10	27
32	55
0	23
0	15
0	18
0	88
22	21
0	21
0	11
11	12
0	11
0	10
339	12
0	12
0	2
0	2
0	1
0	1
0	0
1	0
6	0
14	0
6	5
0	5
5	5
0	14
0	12
3	1
4	11
0	11
2	10
0	10
4	10
0	11
21	8
7	3
0	252
0	252
0	0
13	108
0	38
0	47
0	32
58	10
7	10
18	0
8	16
0	15
6	12
0	1
54	0
37	153
0	153
0	5
0	12
1	0
7	0
11	0
0	121
0	71
3	80
0	103
0	73
60	69
13	5
93	0
119	33
0	30
9	3
4	0
0	0
271	0
9	0
23	21
0	21
0	15
53	0
5	48
0	53
0	53
47	12
1	16
1	21
0	2
0	6
213	4
0	4
0	1
0	370
48	167
0	53
1	0
2	148
0	42
0	71
13	71
0	73
0	27
8	10
11	3
2	7
0	8
0	0
1	0
0	0
0	0
1	0
0	842
0	665
184	28
0	11
0	11
78	26
0	1
10	34
0	18
1	21
9	457
401	49
0	13
26	33
8	35
2	504
0	135
1	27
0	0
0	27
9	123
7	123
0	123
161	86
39	96
27	88
0	1
0	2
0	2
0	1
0	39
0	39
15	58
0	40
0	37
0	1
0	3
9	0
52	143
4	143
0	69
0	0
0	9
0	69
0	17
2	21
0	32
1	79
25	58
0	1
11	1
3	0
0	32
34	179
0	3
14	187
0	186
0	29
0	9
0	161
0	35
8	0
128	0
99	154
198	0
135	0
5	20
123	44
0	0
0	40
0	0
68	0
29	24
40	24
54	12
23	0
4	310
136	310
0	172
0	2
0	2
0	19
60	22
0	6
1	25
0	19
7	19
0	19
9	61
0	83
0	122
3	113
0	101
27	36
0	67
0	8
22	18
0	11
12	35
7	16
0	0
3	16
0	27
0	82
0	24
98	3
0	50
0	0
16	0
0	5
89	61
0	6
38	70
0	6
3	6
0	2
0	34
7	56
0	2
0	52
0	52
0	52
5	2
10	2
0	0
0	0
22	0
6	5
5	52
0	68
4	68
45	9
0	5
0	24
0	2
0	24
36	133
0	10
411	0
34	108
0	44
1	40
18	9
0	6
0	4
9	1
3	107
0	35
0	33
25	410
0	214
8	184
0	0
1	0
0	0
0	197
0	5
0	11
0	11
0	0
26	4
2	7
69	0
54	0
0	25
0	39
9	39
64	30
0	29
0	17
0	3
1	1
0	1
0	1
0	3
0	1
1	1
0	1
0	1
13	0
0	0
1	3
4	0
8	0
408	0
0	0
42	106
0	105
20	77
0	35
2	0
0	0
7	0
4	60
86	60
0	119
0	119
8	121
50	117
0	124
3	92
20	76
0	72
11	3
61	39
0	20
0	1
0	1
0	1
1	5
29	5
0	4
22	0
17	4
94	0
0	111
29	17
0	17
0	0
105	5
0	0
81	0
0	8
5	8
0	1
30	22
0	14
21	13
0	23
14	162
0	187
0	187
0	17
13	0
34	0
10	116
1	67
329	7
0	17
44	42
22	3
24	33
59	79
16	8
59	23
38	6
17	4
0	2
15	2
0	2
0	2
7	32
0	32
0	18
0	0
11	0
17	17
13	0
39	17
58	0
235	96
0	39
0	26
86	69
0	16
0	28
0	0
0	0
0	0
0	1
0	1
0	29
16	1
0	248
0	248
0	18
0	3
42	167
0	2
0	144
0	0
0	7
13	1
8	79
149	178
0	57
0	0
11	35
1	0
14	23
0	23
0	23
50	30
0	30
0	30
0	30
9	16
0	12
33	11
50	0
47	42
62	55
2	0
36	0
0	15
0	10
0	33
10	4
13	51
0	51
20	0
0	0
0	0
0	85
3	85
0	54
0	66
0	38
0	37
11	21
10	23
0	17
0	19
5	0
73	96
0	96
3	0
0	0
264	93
1	93
28	118
0	17
0	12
21	30
15	0
0	0
0	0
553	0
0	56
37	47
23	47
6	9
87	1
0	7
0	5
0	5
0	77
0	25
1	90
0	90
0	0
14	134
0	134
0	47
25	54
17	35
0	0
0	0
0	59
0	11
0	11
0	11
0	59
0	70
1	26
0	0
0	31
5	0
0	0
0	9
0	4
7	0
0	0
9	0
2	25
0	20
0	20
0	1
38	4
0	0
1	68
0	68
14	32
82	299
7	29
0	8
0	4
13	27
0	6
0	13
0	4
0	4
2	1
48	98
0	94
0	87
23	69
9	69
0	69
0	0
100	54
0	11
16	111
243	41
0	5
0	3
0	3
4	3
71	33
4	1
30	110
0	110
0	109
69	7
3	109
7	7
0	134
0	0
4	0
17	127
8	4
72	98
0	139
0	154
0	41
11	41
0	9
11	6
0	17
1	122
0	302
7	73
54	11
48	12
12	2
0	100
0	100
769	51
2	51
13	96
0	80
212	40
3	0
14	30
0	30
4	0
194	174
0	174
63	44
0	9
0	10
0	28
0	1
0	1
0	24
0	21
0	10
30	224
0	245
0	252
49	201
0	105
27	74
0	39
1	11
8	11
135	8
25	25
0	25
0	0
224	21
0	21
5	1
3	14
73	50
9	0
0	19
0	142
0	38
2	384
7	122
0	122
0	122
0	27
0	41
427	119
0	93
0	4
0	19
0	3
0	90
3	57
0	82
6	51
0	51
0	106
1	106
0	3
0	15
0	0
0	0
0	0
1	0
98	24
0	8
0	8
18	49
0	45
85	174
0	34
0	16
1	8
6	247
0	29
0	412
0	40
116	50
0	50
165	0
0	0
10	0
0	165
0	34
0	158
0	73
0	32
18	72
0	81
1	65
3	77
6	5
0	165
0	0
0	0
0	160
0	160
0	160
0	16
0	16
0	0
11	16
28	249
2	0
0	5
7	0
0	21
3	37
10	36
0	15
3	5
0	33
13	0
0	0
8	0
147	8
25	0
1	0
5	0
0	0
19	0
0	0
6	0
0	12
1	113
0	103
0	5
0	8
0	22
0	22
0	29
45	101
19	21
0	21
0	16
4	11
79	3
2	9
0	6
65	0
20	0
2	42
0	31
0	32
0	17
0	16
0	13
7	81
213	443
0	114
0	0
0	84
0	0
0	13
1	18
0	7
0	37
0	37
0	7
6	30
0	24
2	0
46	25
0	18
1	18
0	3
0	12
40	3
0	25
9	13
0	13
135	24
0	24
0	42
23	42
0	42
1	25
0	2
0	42
15	68
0	4
0	2
0	4
0	19
0	10
0	12
12	12
0	35
0	35
1	27
0	18
0	1
0	64
0	64
0	42
12	19
0	13
5	11
0	11
0	0
2	0
0	0
0	0
7	0
22	0
0	19
1	34
0	34
16	0
51	15
23	15
8	27
20	27
5	85
3	100
0	16
0	84
4	9
0	0
29	33
3	10
75	0
0	0
1	6
0	0
79	0
0	13
0	13
0	0
0	2
0	0
0	0
28	2
0	11
0	24
7	4
0	0
0	0
0	24
91	36
0	51
15	76
0	9
0	6
0	0
0	0
3	34
0	599
0	34
0	203
0	23
0	269
92	599
0	22
0	30
0	29
0	8
23	52
0	39
0	8
0	8
0	20
0	20
0	20
0	20
0	8
0	318
0	10
0	10
0	10
0	8
0	52
0	9
0	9
0	1
0	3
0	0
2	0
0	0
6	410
0	367
29	0
0	453
0	453
0	453
48	0
0	25
0	18
0	18
0	4
0	0
16	0
0	367
0	13
36	0
102	0
0	0
0	23
5	211
0	211
0	76
9	0
3	6
39	26
0	20
13	5
0	0
0	0
2	2
0	6
0	18
6	27
0	15
0	3
114	0
4	124
0	124
0	14
52	13
23	0
7	22
0	48
18	106
9	10
4	0
3	5
0	106
4	188
0	188
0	2
45	8
14	0
4	0
6	0
0	21
0	21
0	2
1409	267
0	6
14	41
56	58
39	55
17	34
0	0
0	26
0	25
0	12
0	7
8	43
2	51
3	0
2	0
0	57
0	57
0	57
0	57
0	24
0	24
0	24
0	23
24	29
80	102
2	0
3	19
0	19
0	3
1	5
0	5
0	2
6	14
0	14
3	2
12	0
8	0
0	2
17	7
0	7
0	0
1	0
6	0
5	0
2	0
15	0
8	22
0	22
9	22
0	22
0	2
1	57
85	34
7	34
6	16
10	10
0	16
2	247
0	0
42	9
13	9
0	4
0	4
9	0
0	0
1	0
209	0
0	0
4	13
0	13
34	7
5	4
1	3
3	0
7	0
13	0
0	0
24	6
3	1
15	5
3	0
24	0
0	0
89	2
0	2
0	0
3	0
2	0
14	50
470	417
0	16
0	35
0	64
10	28
0	0
0	5
1	14
0	14
0	0
1	4
0	4
0	72
1	55
0	25
2	50
0	0
0	26
16	0
0	10
0	35
4	1
0	6
0	7
0	6
0	25
5	3
0	11
0	6
0	19
0	0
0	0
0	0
0	18
11	22
0	1
6	68
0	68
5	68
11	0
0	0
0	119
0	119
0	32
0	7
3	16
0	7
29	18
0	18
190	51
39	92
8	15
0	0
0	77
3	1
0	5
0	4
6	54
0	70
0	20
0	7
31	87
0	10
1	12
33	81
0	5
9	3
9	3
16	44
0	0
14	21
5	0
8	21
2	34
17	27
0	26
3	11
0	24
0	9
1	10
0	27
0	115
133	115
14	0
7	0
0	26
9	6
0	6
2	5
3	10
0	0
1	5
0	0
8	1
68	0
1	44
4	24
22	48
0	17
9	0
0	44
0	42
0	42
2	0
0	0
0	2
0	0
13	23
0	0
0	22
11	9
0	2
65	8
7	0
25	16
8	117
0	111
12	5
12	67
57	31
0	65
22	7
0	85
158	153
0	22
0	10
6	3
5	0
24	7
0	125
0	125
0	80
0	36
0	125
0	0
14	8
0	2
0	125
95	119
53	127
0	37
0	8
0	8
0	3
13	2
2	2
5	2
17	0
2	213
0	108
0	156
87	122
0	60
0	45
0	51
0	48
0	28
0	49
0	25
0	49
0	19
0	25
0	60
0	13
0	13
0	13
26	74
17	67
12	0
0	0
1	3
0	10
0	16
0	22
0	17
49	39
0	28
12	0
0	68
7	68
0	0
0	3
0	12
0	0
0	12
0	104
0	11
4	0
113	17
0	17
0	0
0	142
0	135
0	142
109	61
0	155
0	148
0	155
178	392
0	392
20	109
0	28
0	1
0	8
0	8
0	73
0	87
18	62
9	2
11	19
0	58
40	706
2	706
43	21
0	6
16	34
1	34
348	24
0	4
0	2
0	1
0	20
40	37
0	20
39	117
0	30
0	1
1	1
2	117
0	148
26	148
0	21
0	9
5	124
0	124
0	21
0	29
9	29
0	29
0	19
0	28
7	32
8	4
2	0
0	27
0	9
11	9
0	8
54	0
32	385
0	248
0	230
0	243
0	230
0	178
0	266
0	54
0	174
13	30
0	30
0	25
7	0
0	0
0	3
0	3
0	5
0	3
0	3
13	2
54	8
0	38
0	17
0	27
0	2
56	34
11	34
0	1
0	1
25	49
0	34
63	34
6	40
0	36
16	40
0	27
2	39
0	27
0	14
17	0
0	2
0	0
0	11
6	11
14	20
0	57
11	57
2	23
7	0
17	13
14	13
0	24
0	10
0	3
0	0
0	24
0	6
0	6
0	6
3	6
0	11
3	5
0	11
52	31
0	23
0	18
0	15
14	11
0	4
0	10
274	8
19	73
9	73
0	40
17	20
0	22
1	22
0	12
0	9
6	15
92	15
0	2
0	2
0	0
90	6
4	5
0	5
0	1
1	28
0	28
0	38
0	31
0	31
0	17
0	30
21	30
0	20
0	6
0	0
0	0
0	4
0	4
0	0
6	0
0	30
0	30
265	74
16	38
1	0
0	61
69	0
0	2
7	17
3	20
0	5
0	0
0	3
9	2
1	0
14	0
42	23
0	0
0	0
0	0
0	4
0	112
0	77
154	903
42	909
64	903
73	901
0	6
62	25
136	14
85	123
0	14
0	23
10	15
0	5
0	11
25	1
0	6
0	8
0	1
15	0
13	32
0	5
0	1
4	0
0	1
11	29
0	0
0	2
2	2
0	0
5	0
53	20
0	20
0	1
0	0
659	123
0	4
4	0
0	76
0	0
104	1
0	4
0	4
0	0
0	0
0	13
0	0
0	0
0	76
0	76
0	76
56	24
134	26
0	152
0	152
0	76
2	39
6	0
4	0
1	30
48	69
0	46
36	12
0	1
13	7
0	66
0	40
173	40
0	76
11	1
3	0
0	1
6	1
0	0
66	113
0	113
0	2
12	2
0	3
25	0
38	9
463	0
36	0
12	6
0	6
29	34
7	34
0	102
0	64
18	108
2	24
0	24
5	60
0	9
0	5
0	6
0	6
0	6
0	6
0	1
12	1
2	0
0	0
0	54
0	78
0	85
0	12
0	25
0	28
1	217
4	166
0	117
0	61
35	151
7	50
9	308
0	258
0	1
23	36
7	36
0	0
4	7
3	44
0	44
0	15
0	0
2	0
0	0
0	0
78	99
0	0
375	10
61	124
0	97
0	2
0	0
0	0
3	0
0	8
47	22
0	22
0	2
0	17
0	2
37	9
2	9
310	0
0	19
13	35
0	33
0	26
0	28
0	24
1	2
10	2
231	182
0	182
29	12
0	12
0	12
3	59
0	51
5	59
0	26
0	45
0	32
0	26
0	17
0	20
11	196
5	196
12	0
0	154
121	14
0	14
93	9
0	7
0	2
0	0
0	0
2	30
0	18
85	23
0	25
0	18
10	8
0	10
13	0
7	0
27	2
0	32
0	10
0	32
67	0
0	6
63	6
0	0
109	144
30	144
0	22
56	17
0	17
24	103
0	103
15	33
0	44
0	31
2	1
0	139
32	152
0	41
0	3
0	4
259	107
0	40
0	66
0	7
0	0
52	0
28	0
34	0
0	38
0	38
0	7
153	18
0	82
1	3
3	5
0	81
0	7
40	72
108	1
3	72
0	77
34	39
50	76
24	1
9	12
0	0
0	12
22	91
0	16
2	18
3	18
0	11
25	60
0	61
0	54
4	60
0	61
0	47
1	315
0	305
0	17
0	118
0	111
0	111
0	118
0	18
27	118
0	118
0	26
11	6
0	6
0	0
13	0
0	0
58	15
7	11
0	23
19	23
0	23
0	23
0	21
5	12
22	45
30	13
4	0
12	14
10	4
0	0
11	35
8	1
0	9
17	18
17	5
15	0
0	7
0	0
0	95
2	89
0	41
4	7
6	1
0	5
6	6
0	5
154	18
0	31
0	31
0	18
1	0
1	0
0	22
0	15
0	5
30	173
25	39
0	36
3	1
0	43
0	39
0	0
0	33
43	17
0	28
78	40
0	11
181	28
81	40
38	29
0	5
2	1
32	21
0	21
12	23
5	4
0	23
52	7
33	16
0	9
53	0
36	86
4	266
9	293
0	221
14	4
14	4
3	21
0	13
0	22
0	0
0	2
0	2
0	1
0	7
3	15
0	6
0	0
0	0
0	0
0	0
0	6
0	9
14	0
1	6
109	6
3	4
1	2
3	0
0	30
16	60
195	31
0	35
0	32
0	55
1	9
18	120
112	68
0	43
28	48
0	22
0	47
0	77
15	20
0	36
0	45
0	36
68	8
0	7
0	0
0	8
0	7
9	8
3	0
0	83
25	77
0	75
27	76
5	28
1	0
0	5
0	5
7	0
0	0
0	0
12	3
6	3
52	21
0	15
0	16
0	56
0	6
3	6
0	0
0	43
14	2
9	50
59	61
0	20
0	2
20	41
16	79
2	9
0	9
11	5
0	45
0	45
0	0
0	19
159	0
0	12
0	12
0	5
0	25
0	0
29	30
24	10
6	130
0	120
10	0
34	0
0	0
31	0
0	0
0	81
0	45
0	1
0	1
0	11
7	1
4	1
0	0
0	13
0	9
5	7
0	2
2	1
0	148
0	148
1	22
0	19
0	19
0	19
0	19
2	15
2	27
0	165
0	85
0	44
0	40
0	131
0	107
0	19
7	11
0	37
0	32
39	32
0	77
55	7
3	7
0	5
0	5
0	5
3	2
46	44
37	18
0	15
0	5
17	8
0	5
0	5
4	0
0	5
32	152
1	37
0	37
1	207
2	10
198	10
20	7
0	77
0	77
3	4
0	12
0	0
42	13
1	17
29	7
0	7
0	6
0	0
25	79
0	79
0	71
68	114
0	87
119	69
41	87
0	71
15	0
22	0
4	12
0	7
0	1
0	0
0	0
9	0
15	3
0	3
255	56
23	249
35	236
0	53
121	485
0	142
0	161
17	111
50	197
30	0
15	0
0	62
0	62
0	24
0	529
24	438
2	250
2	140
0	210
0	281
170	262
0	0
0	2
0	45
177	42
0	3
0	0
14	6
15	12
0	12
0	59
6	97
0	10
14	15
0	2
0	11
0	97
2	19
0	23
7	16
24	11
0	2
0	0
0	2
0	0
0	2
7	0
0	2
0	2
2	2
0	0
57	47
1	3
6	6
0	47
12	6
0	9
0	14
0	27
3	5
0	5
0	5
0	27
0	8
0	27
0	27
4	0
4	0
4	2
0	2
13	7
0	71
0	61
0	61
18	4
51	0
0	10
19	0
55	19
18	47
1	5
27	54
10	54
166	211
0	235
0	182
0	173
0	178
0	178
0	159
5	178
0	57
0	24
0	24
0	237
0	239
0	145
29	28
0	58
0	56
3	0
0	0
0	2
0	6
0	69
0	69
0	13
9	14
36	8
12	2
8	31
88	47
44	89
1	82
5	7
59	0
11	0
0	0
6	0
51	64
1	1
0	64
5	0
24	24
26	40
0	8
0	2
0	8
0	2
0	0
23	5
0	15
0	12
1	11
25	75
0	105
2	10
6	12
6	35
0	41
0	41
0	116
0	116
0	116
0	19
0	24
0	28
0	27
0	28
118	14
3	13
1	20
14	0
15	166
0	166
0	80
0	79
0	0
5	0
0	4
0	4
1	0
0	61
0	61
0	4
0	4
36	11
0	0
9	8
0	3
0	33
0	33
41	31
0	19
58	0
101	0
0	0
1	0
9	0
0	0
0	0
0	0
71	116
21	86
0	38
1	8
15	0
39	0
0	16
0	16
0	8
18	59
18	42
58	48
0	20
18	6
274	198
474	10
694	380
2	0
0	4
0	31
0	40
6	9
0	9
0	9
67	103
0	13
20	40
24	40
9	60
0	0
0	0
0	0
1	26
0	167
708	167
0	0
5	109
2	18
0	198
0	194
0	194
0	194
0	194
0	189
0	174
0	15
0	208
0	10
0	27
0	52
10	99
12	37
10	75
0	36
0	3
0	36
0	52
0	69
94	5
2	5
1	70
0	70
87	4
0	61
37	55
0	6
0	14
0	48
0	6
13	4
0	43
0	33
0	42
0	42
0	48
0	42
0	49
0	55
0	33
1	2
25	30
0	18
76	39
0	39
0	2
0	10
2	72
47	59
1	72
244	182
0	4
0	6
0	2
0	25
0	17
0	10
0	10
0	17
0	13
78	44
0	6
30	0
8	0
2	0
32	70
0	24
0	0
0	2
0	2
0	0
0	0
0	0
0	2
0	0
5	0
14	14
0	2
0	12
0	12
0	12
4	5
10	5
34	0
64	0
31	0
34	21
0	19
10	0
0	12
10	10
0	2
19	0
0	0
8	0
0	48
0	1
0	48
5	0
0	0
0	0
0	1
0	0
0	0
0	41
0	18
0	13
0	13
0	48
0	32
0	28
13	24
0	16
0	41
0	0
0	9
11	53
35	26
0	9
0	0
0	0
0	0
0	19
0	5
13	0
0	0
17	0
12	4
0	4
13	6
3	5
2	1
0	0
0	0
8	1
0	46
0	7
0	0
0	46
2	9
10	185
0	142
0	142
183	193
0	51
7	35
31	41
28	56
0	60
0	32
0	2
74	25
16	4
12	82
0	19
26	9
90	114
0	11
0	0
7	61
0	94
0	0
40	11
21	7
39	15
0	15
224	284
0	16
0	5
0	28
7	28
0	3
46	0
135	0
2	14
0	136
0	126
0	30
11	4
0	5
0	3
6	3
21	34
0	141
16	141
17	0
51	92
0	69
8	69
20	36
0	61
0	36
1	8
16	70
0	8
0	3
0	0
0	9
15	9
0	0
6	74
0	24
9	7
0	82
1	110
183	110
30	70
22	43
0	43
2	5
63	0
27	76
0	77
10	87
0	77
0	75
0	13
3	5
0	2
0	16
0	0
0	3
0	67
0	67
0	24
0	6
0	42
0	6
0	6
17	0
22	56
0	43
0	43
6	17
1	6
0	6
0	21
8	0
0	56
15	5
0	5
14	0
0	0
7	280
0	40
0	7
6	260
0	14
0	14
6	14
0	14
0	19
0	19
3	19
4	0
0	0
0	24
0	24
0	9
0	53
0	53
0	53
8	26
0	8
0	8
0	7
0	7
0	3
0	21
543	0
146	109
0	98
22	159
0	97
0	6
0	2
34	7
0	5
0	5
0	0
1	0
9	0
0	7
9	7
0	357
0	357
0	357
0	86
0	97
1	20
23	125
0	44
0	125
19	10
9	10
0	61
3	61
0	61
0	9
4	8
226	2
33	2
0	139
62	14
9	9
0	5
0	140
105	16
2	16
56	31
12	25
0	10
0	17
2	8
1	8
0	8
40	50
0	50
0	659
21	693
0	22
0	29
0	20
0	40
7	57
0	14
17	16
7	10
1	10
2	0
23	0
2	0
38	13
26	43
1	9
0	9
0	36
290	36
9	38
33	38
30	0
29	3
0	72
0	52
0	46
0	63
0	3
0	58
46	59
33	57
0	0
1	0
45	54
6	21
6	3
0	26
10	30
0	74
0	76
35	22
0	4
5	18
2	0
1	0
0	32
5	32
1	18
0	6
1	0
0	88
0	95
0	103
0	92
12	4
67	15
0	16
136	33
11	28
19	13
31	18
1	0
50	102
0	19
0	54
0	158
0	133
0	124
0	124
9	59
4	100
0	122
0	116
0	8
11	12
0	0
1	0
0	11
132	100
0	85
4	39
0	8
0	4
0	8
3	3
0	63
0	66
0	62
0	65
0	56
0	56
0	53
0	53
0	10
4	0
1	0
0	0
41	22
0	22
0	16
31	0
3	148
0	29
26	94
0	8
71	0
1	70
0	59
305	0
68	82
0	75
19	5
0	5
85	0
29	32
0	32
0	38
0	40
40	39
0	64
1	3
0	3
0	2
12	0
0	0
18	65
0	0
0	0
0	111
0	151
15	127
0	111
0	54
111	0
30	23
17	18
8	48
0	48
6	53
19	50
0	1
0	6
5	4
0	10
0	30
0	32
156	673
21	0
0	3
0	15
0	15
0	17
3	12
0	15
0	0
0	8
34	19
1	11
89	12
13	110
0	0
10	8
301	76
0	59
0	62
0	2
0	796
0	796
0	16
20	104
4	95
16	112
0	119
0	86
60	8
0	8
6	6
0	6
44	320
2	271
7	265
6	265
13	265
9	265
0	249
0	27
0	320
0	35
0	2
0	35
0	16
35	84
11	15
0	28
0	39
0	21
27	41
0	42
0	14
2	51
73	5
8	85
0	37
0	40
0	38
0	5
5	0
397	357
0	32
49	47
241	14
19	0
0	0
58	0
3	15
0	35
0	39
5	41
0	14
0	1
0	8
0	7
70	35
15	3
0	76
0	20
0	81
0	81
0	3
0	8
0	26
246	80
39	16
0	5
0	21
0	21
52	0
110	88
0	44
33	43
0	7
0	4
0	0
0	0
0	0
8	8
21	0
0	4
0	19
0	5
52	30
19	94
0	11
0	11
0	0
0	52
16	31
1	31
39	31
2	81
0	81
0	72
0	53
0	57
0	57
0	57
0	57
0	17
21	0
0	16
14	0
3	0
3	0
0	9
0	11
14	0
1	0
0	9
1	4
0	4
4	4
0	18
0	28
0	4
59	2
0	81
0	81
40	1
17	0
5	1
331	143
53	127
48	32
3	12
0	12
0	12
0	124
3	109
29	61
13	4
26	47
0	4
0	0
0	6
0	0
12	20
24	0
14	9
1	17
35	17
0	59
6	59
1	0
74	56
0	59
0	6
0	4
0	4
20	3
20	144
42	17
0	13
11	17
1	16
25	0
0	66
22	24
0	24
3	7
94	7
27	19
32	4
8	15
8	0
0	83
15	140
0	13
0	13
11	140
0	18
0	18
0	3
54	0
29	8
7	7
0	8
2	2
0	5
1	5
0	10
6	6
0	6
14	6
65	174
18	47
0	21
30	0
9	3
5	0
52	155
29	22
0	22
78	6
0	4
22	9
8	9
25	7
0	7
0	0
0	33
0	33
0	17
1	45
0	45
0	1
0	5
0	5
4	30
7	0
0	5
0	5
0	30
30	0
0	33
0	0
2	33
1	0
224	16
13	16
32	14
8	26
0	26
3	4
0	2
395	36
10	78
0	141
0	93
0	133
0	98
42	101
0	7
41	66
7	8
22	89
0	0
14	22
0	22
0	5
0	0
31	6
6	6
0	75
0	56
10	75
0	7
0	0
0	0
0	7
94	452
5	58
0	25
0	0
0	58
0	74
0	74
77	3
3	1
0	12
0	12
0	12
4	6
14	11
21	21
0	1
0	171
2	169
0	21
0	2
8	2
0	2
0	24
0	0
12	0
0	24
0	28
0	28
0	6
8	19
0	9
132	18
0	2
0	7
1	44
8	0
12	0
12	43
0	6
0	139
2	30
0	139
1	0
19	0
13	3
0	3
126	29
384	25
0	13
0	0
3	0
0	0
0	1
2	1
3	3
1	2
37	18
0	0
2	0
0	18
6	0
0	100
0	76
0	19
0	102
200	11
51	0
12	6
0	1
67	1
300	31
50	24
0	25
1	4
16	0
0	180
0	174
0	0
5	0
0	41
0	41
0	41
0	32
34	77
0	29
0	32
24	17
0	77
0	80
0	79
0	57
0	63
0	93
0	69
15	93
0	13
0	4
60	50
10	47
26	16
0	16
0	40
16	75
62	89
0	79
0	125
200	125
20	12
0	3
11	0
0	19
0	104
0	1
0	5
0	98
0	51
16	46
0	93
2	0
0	91
732	0
11	253
0	253
0	0
0	1
18	0
6	0
3	0
42	12
3	0
0	12
3	3
0	22
0	52
15	6
0	6
0	3
0	0
0	3
0	3
1	3
0	34
1	3
11	0
3	0
0	53
13	139
7	0
0	76
0	6
68	74
0	185
0	4
195	39
134	268
0	6
0	67
61	13
30	48
0	165
0	117
124	6
9	1
7	5
3	43
100	0
9	3
7	21
2	19
2	37
0	30
4	46
33	0
0	9
0	8
0	46
0	59
2	26
14	3
0	30
131	27
6	14
5	10
3	0
23	10
8	10
0	24
0	18
0	22
0	39
0	63
0	36
0	34
0	5
0	12
1	75
0	16
0	82
0	14
0	91
0	111
4	28
0	0
6	0
0	0
0	0
0	0
18	50
0	55
0	19
24	100
0	159
0	102
0	19
0	64
24	11
0	11
1	78
0	78
0	54
61	13
26	270
0	1
0	1
0	0
0	0
2	0
0	0
213	78
0	45
16	0
0	10
21	23
0	9
0	10
0	10
18	9
3	0
3	1
0	1
8	1
11	0
0	0
0	0
0	52
15	58
0	11
0	10
0	0
0	5
10	6
0	5
8	3
29	3
56	3
0	3
5	3
0	402
0	391
0	37
0	19
0	29
13	56
0	20
14	100
4	75
0	67
71	64
10	94
0	64
0	64
0	64
13	65
0	30
12	0
2	0
0	3
5	0
1	51
0	0
0	2
0	0
0	0
77	0
62	0
0	757
0	753
0	753
0	757
0	753
0	756
0	752
0	752
64	84
0	0
1	0
0	0
50	79
53	89
1	75
0	14
0	17
0	11
0	13
0	11
0	17
5	5
0	9
0	13
0	4
5	0
89	52
4	2
14	71
0	35
0	2
0	1
0	77
27	67
0	31
29	68
0	25
0	0
0	21
0	20
0	20
0	11
12	0
0	20
0	43
122	0
9	23
0	23
0	14
81	17
45	24
0	6
8	1
1	0
0	0
0	0
31	295
0	284
0	290
15	28
0	28
54	0
7	13
0	13
3	13
11	38
31	7
74	1
79	87
8	87
0	0
0	0
52	17
74	17
164	128
0	80
0	7
0	5
3	7
4	0
0	0
0	0
91	12
0	12
30	1
131	1
0	38
0	137
0	87
0	87
0	161
0	84
0	40
0	40
0	11
13	161
0	40
0	36
0	44
6	15
26	14
0	14
0	104
57	83
60	68
0	68
1	1
22	4
5	1
4	1
172	46
0	46
1	11
0	4
0	5
79	112
25	87
3	1
0	2
8	33
0	99
4	142
0	50
5	8
0	5
1	94
53	73
0	78
40	62
2	0
37	14
13	27
0	7
36	38
0	18
0	20
0	29
0	4
80	42
4	42
0	33
39	33
6	11
0	6
8	9
233	49
0	0
0	0
2	0
0	40
56	10
65	10
27	10
0	803
5	14
0	14
0	13
0	98
0	59
47	148
0	45
0	45
14	21
0	21
33	42
21	0
0	20
0	30
0	20
2	62
5	49
0	5
11	17
4	83
0	4
22	58
0	1
32	27
1	55
4	5
0	50
1	32
0	50
29	71
27	6
0	6
0	71
0	71
0	23
7	27
0	12
0	8
16	15
38	124
67	28
0	7
0	1
0	1
20	42
0	55
0	22
3	20
0	15
91	211
0	24
0	27
0	5
6	5
0	15
0	15
1	3
0	34
0	3
1	3
0	58
0	5
25	6
1	1
0	14
7	14
1	44
0	23
0	40
0	41
0	23
0	1
0	9
8	4
0	4
4	12
0	12
55	16
8	13
1	17
0	6
0	5
2	1
0	5
0	5
0	4
0	4
0	4
0	0
11	0
0	7
0	0
0	7
1	7
87	14
0	7
5	79
0	71
5	90
3	71
0	162
0	20
0	20
0	70
0	21
3	188
40	23
0	15
91	158
30	142
0	16
53	67
0	61
175	0
29	10
0	3
0	9
0	9
94	0
0	155
0	155
0	288
0	200
28	0
0	0
566	276
0	125
32	33
33	62
4	62
220	0
18	127
0	131
1	130
0	81
5	25
0	116
0	39
0	80
1	0
0	30
0	5
0	3
0	23
0	18
0	13
0	0
37	39
28	39
48	3
15	14
9	14
20	0
1	225
5	31
0	41
15	31
1	12
0	127
0	78
0	135
0	66
25	187
51	238
0	130
0	187
103	130
0	130
10	100
46	25
23	6
9	14
7	0
4	5
0	4
0	4
0	4
17	10
0	6
99	3
46	0
0	0
0	0
6	0
0	3
6	3
467	137
4	6
0	55
0	49
25	62
0	19
71	16
253	9
0	10
0	8
0	16
0	1
269	325
71	37
6	15
0	22
37	58
0	46
0	46
39	101
0	0
0	10
22	75
0	67
0	272
11	162
0	272
52	24
0	24
0	24
948	60
22	0
0	0
8	45
0	140
0	15
0	6
0	31
0	108
14	22
0	66
27	12
0	12
83	28
0	66
1	7
0	108
3	0
20	43
0	50
0	50
0	20
0	13
43	13
0	13
0	12
0	12
0	23
45	23
70	0
9	51
601	77
19	135
0	89
28	10
24	94
0	54
0	60
0	21
0	86
0	10
43	37
47	37
0	61
0	10
30	10
79	38
0	14
6	82
0	99
0	99
0	99
0	99
0	15
23	6
12	19
22	0
0	0
3	136
0	0
53	95
14	46
13	56
0	80
5	15
47	7
0	3
0	28
47	39
8	11
0	26
1	15
0	136
0	80
0	80
18	55
3	15
0	15
0	40
0	0
0	0
0	31
41	24
0	45
0	23
0	41
4	79
0	21
0	32
0	5
0	1
0	6
0	17
0	32
0	17
0	0
0	9
0	74
0	9
21	17
0	17
0	13
2	0
0	0
175	16
0	13
0	36
0	3
0	33
16	0
0	33
11	25
1	19
59	19
70	31
12	31
129	40
50	40
0	2
4	4
0	0
0	4
0	4
0	4
0	4
3	3
0	5
0	6
2	7
92	57
42	50
2	5
22	0
0	1
27	71
13	69
41	48
76	23
3	0
0	0
0	0
0	0
0	6
0	6
8	0
32	58
0	81
0	86
0	3
0	3
0	96
14	117
0	1
8	6
5	14
0	14
13	14
0	0
6	29
0	8
141	162
0	2
0	0
0	0
0	66
29	66
0	11
9	8
70	158
0	19
0	1
0	1
6	7
0	4
0	0
0	0
0	6
67	137
7	9
9	2
16	32
0	40
0	8
39	0
0	13
75	12
0	7
9	0
8	0
0	5
4	313
0	44
0	302
1	16
3	5
0	9
0	4
5	12
10	203
0	82
0	117
0	3
0	17
114	40
1	18
55	18
12	0
11	33
2	8
0	104
0	1
121	96
4	47
0	82
0	96
0	129
0	130
0	37
0	37
0	5
0	0
0	0
0	0
0	0
1	0
27	273
31	290
0	166
0	20
40	151
0	0
0	1
0	0
0	1
3	1
1	1
139	253
35	261
3	0
6	2
0	8
607	0
124	6
7	2
0	2
0	4
8	4
9	7
0	6
34	7
75	38
0	5
0	5
0	0
26	15
0	8
0	16
0	17
0	17
0	12
8	0
0	0
3	48
0	0
0	11
0	11
16	3
1	1
0	1
36	20
13	19
33	4
0	4
1	4
0	48
74	64
0	64
31	18
5	0
0	18
39	72
0	72
0	23
0	23
3	7
0	1
67	31
0	14
0	30
0	19
0	30
0	18
0	1
1	8
0	8
1	9
174	0
7	0
1	134
0	134
12	73
0	155
0	169
0	107
0	59
54	43
0	0
49	0
29	0
22	40
46	31
0	40
0	3
1	0
5	3
0	19
0	27
0	22
0	6
12	119
0	0
0	5
0	108
0	9
0	3
0	14
37	37
0	12
0	0
187	81
0	37
24	16
0	49
0	22
0	56
0	8
0	9
33	7
0	0
6	0
13	0
160	83
17	83
0	11
30	242
2	16
0	17
0	17
1	27
0	27
11	23
4	12
16	16
0	16
51	6
0	7
0	3
0	3
6	0
3	0
21	18
279	18
0	2
7	22
4	25
9	0
26	0
0	64
0	43
57	54
0	50
0	0
0	31
0	81
10	87
4	55
0	43
11	0
0	0
0	320
28	63
0	1
0	2
97	75
0	51
0	39
0	57
0	15
7	37
0	10
0	13
0	19
0	21
0	0
0	7
8	0
9	0
24	0
4	50
1	4
0	4
9	0
5	336
0	9
0	9
1045	96
8	95
0	50
71	5
1	37
0	33
1	7
3	36
0	36
0	36
0	1
0	74
0	57
21	17
5	17
0	4
0	4
199	17
4	244
14	0
33	0
0	17
0	10
0	0
2	0
0	7
102	12
3	9
25	3
5	1
0	36
12	36
0	21
8	266
26	36
0	36
0	36
1	9
0	4
0	0
42	7
9	0
0	63
0	63
292	11
35	0
3	0
4	5
0	6
0	371
10	95
9	18
0	9
177	80
23	5
0	0
25	15
206	176
0	62
0	176
0	12
0	12
0	12
0	80
0	81
0	16
11	15
0	28
0	9
0	9
0	9
0	28
0	28
0	16
0	9
0	28
38	53
19	0
0	0
0	0
0	0
0	154
0	154
7	2
8	2
0	29
0	29
19	5
0	0
33	221
25	13
13	28
0	27
0	12
9	4
7	13
33	117
0	151
0	148
7	68
0	80
62	18
0	19
0	6
64	2
0	108
0	45
0	51
0	51
2	6
10	63
0	51
0	27
56	30
0	30
0	16
3	8
0	3
0	3
0	18
0	39
0	47
5	0
0	20
4	14
2	6
33	0
0	0
0	0
44	0
93	19
0	10
8	9
19	9
13	7
0	43
5	3
25	1
19	9
5	37
19	0
0	154
0	104
16	355
0	355
0	354
0	87
7	5
0	5
16	5
0	0
0	12
2	12
5	8
0	12
0	91
3	99
0	8
0	20
0	20
9	6
41	13
36	34
0	20
0	50
17	50
0	50
0	12
0	86
0	48
11	35
0	0
22	0
61	2
0	86
24	103
98	161
0	64
0	161
0	103
0	52
0	41
38	36
12	29
5	8
442	23
1	0
7	48
65	0
0	28
3	33
0	25
0	25
22	49
0	16
0	46
3	46
0	5
0	150
0	104
0	0
0	23
12	23
0	13
0	369
7	0
1	4
30	4
55	95
68	74
0	74
15	74
0	25
1	2
15	4
0	3
0	23
8	23
2	37
8	16
0	74
9	12
0	9
0	4
0	12
92	65
3	37
237	0
0	25
0	6
7	6
1	6
19	5
0	18
0	18
0	18
26	23
0	10
0	10
0	10
0	0
0	10
6	0
26	70
0	8
0	23
2	31
27	31
0	31
0	31
0	10
0	0
5	8
0	4
0	5
0	5
0	121
1	121
66	188
0	181
3	19
7	12
0	19
0	26
297	39
15	3
10	30
80	8
0	58
11	76
53	136
18	115
0	115
0	48
0	29
0	0
0	13
1	4
33	29
2	13
0	4
0	76
0	76
0	71
0	76
0	66
0	66
0	61
0	66
11	16
0	31
22	25
0	11
0	1
6	15
0	0
9	0
0	3
0	3
0	60
0	60
40	82
33	72
1	72
161	25
0	2
19	80
9	57
54	17
0	139
0	16
0	0
0	0
0	9
1	2
51	15
0	139
0	16
0	17
0	16
0	229
0	41
0	17
0	12
0	225
4	5
2	5
0	0
14	12
26	0
30	14
0	12
8	3
0	14
0	1
7	1
2	11
0	11
9	7
8	1
42	34
1	11
0	16
397	8
3	8
0	46
0	33
102	22
18	87
0	0
0	0
0	0
7	0
0	0
0	0
0	135
0	31
19	181
53	19
0	140
128	174
0	74
0	36
0	60
6	43
0	28
0	27
0	11
0	3
0	0
0	0
0	24
0	24
0	24
0	24
0	8
0	8
0	11
1	12
17	45
3	2
0	204
0	54
0	10
0	13
140	13
0	12
0	23
0	24
0	37
0	37
46	40
0	23
14	29
0	26
0	1
70	15
0	3
0	3
0	2
2	1
0	25
16	9
226	34
9	2
0	28
49	80
90	0
0	0
81	0
9	17
0	8
0	18
0	19
0	19
0	17
0	0
0	7
0	10
35	57
0	27
0	13
0	36
0	12
0	10
0	14
9	67
4	12
0	7
118	1
0	11
13	50
4	91
0	58
48	97
14	69
0	10
10	0
0	17
13	60
0	14
21	29
0	2
5	14
1	12
0	13
11	18
0	19
0	9
14	14
2	14
7	2
0	26
0	27
27	37
0	26
0	2
0	28
2	14
7	14
0	18
0	19
0	11
0	18
0	6
0	1
1	25
0	12
0	9
0	12
0	14
0	8
32	150
30	0
163	0
2	37
9	11
252	185
0	13
53	7
1	7
16	7
0	7
0	5
7	49
11	39
10	41
16	44
14	44
0	48
0	13
0	4
0	12
0	32
55	16
0	13
0	6
89	96
0	12
0	21
0	21
0	45
1	45
0	9
0	9
0	9
0	9
0	9
0	9
0	0
0	0
2	0
0	0
18	7
2	25
0	15
24	18
76	200
17	34
0	18
0	83
0	5
116	149
155	212
0	10
0	60
0	28
10	8
0	2
0	7
36	10
0	8
0	7
36	0
0	3
60	17
0	1
0	2
0	39
0	143
17	58
4	61
0	10
0	10
1	0
0	0
1	0
0	152
0	39
18	39
0	0
0	0
5	0
1	2
167	0
17	192
35	162
0	82
335	194
0	193
0	39
0	0
0	0
0	14
2	17
0	12
0	1
0	4
40	8
6	8
10	26
0	54
8	50
0	1
95	29
35	0
55	221
0	74
0	15
67	32
0	30
0	0
72	0
11	11
0	38
0	1
0	26
0	6
0	16
76	28
0	38
5	35
0	116
77	116
3	25
0	25
27	14
33	42
4	35
0	12
28	19
0	8
0	19
1	4
0	0
0	4
11	13
0	78
4	78
0	38
89	503
0	95
0	2
0	3
25	2
0	2
4	229
14	4
0	4
4	173
149	23
10	10
40	10
0	4
0	17
0	49
0	5
0	2
0	1
0	0
15	0
11	0
6	0
0	40
4	5
0	6
7	1
3	0
10	0
0	14
0	14
38	25
7	25
0	23
0	23
0	0
0	0
6	11
0	123
6	0
30	81
0	77
6	75
3	50
0	17
0	19
23	3
107	59
12	57
0	25
0	15
0	9
0	97
0	491
0	491
0	87
0	87
0	440
0	440
0	485
0	3
0	0
0	7
0	7
0	3
0	3
0	0
0	2
0	3
0	2
0	3
0	16
13	15
0	10
6	6
0	102
0	43
252	113
0	22
3	68
46	70
0	46
6	0
0	0
175	90
0	90
16	4
8	4
0	9
0	27
0	108
9	108
0	99
210	64
0	36
0	0
59	20
0	125
0	172
0	42
640	0
13	73
0	73
0	29
0	18
0	20
0	20
4	31
11	0
3	12
8	37
9	35
0	24
0	9
136	0
63	74
0	33
1	2
0	45
77	51
2	51
5	15
1	0
0	22
0	23
0	159
11	423
0	76
0	76
24	96
0	38
0	19
0	13
0	25
0	42
0	68
12	36
0	44
1	57
0	3
38	40
19	0
0	14
0	14
9	9
489	103
29	97
0	13
5	51
0	47
0	44
0	34
0	39
0	26
0	1
157	0
31	15
0	13
0	2
0	0
89	40
14	0
0	3
0	3
5	12
0	12
0	12
0	0
1	9
0	0
67	19
0	40
6	17
0	37
0	345
0	246
0	250
0	11
0	18
0	13
0	11
30	22
11	343
1	107
0	145
3	140
9	174
119	170
0	32
0	4
0	13
0	13
2	13
0	13
12	22
0	9
0	124
0	115
114	45
0	45
1	6
14	18
163	27
0	16
0	0
0	1
0	160
3	118
0	162
9	49
0	39
4	42
5	28
13	0
117	14
13	38
21	35
0	11
6	5
12	3
0	5
44	1
0	1
29	1
1	0
0	0
85	36
20	14
1	4
0	4
5	0
0	255
0	170
0	16
7	90
0	64
0	52
0	10
5	57
0	10
0	14
0	14
1	14
0	14
0	12
0	12
0	0
6	0
94	29
0	0
1	12
0	12
0	70
0	36
1	52
0	3
0	32
0	25
0	12
0	24
0	21
0	21
0	12
0	8
0	8
0	5
0	0
4	0
61	62
2	8
0	0
0	4
0	0
0	21
0	21
0	9
0	39
0	68
0	78
2	78
0	34
37	37
0	4
17	0
43	2
11	29
0	78
3	35
0	3
0	2
0	5
23	37
0	14
47	14
20	14
0	46
0	82
1	0
9	90
7	68
0	44
0	7
0	26
0	26
0	53
0	11
0	7
9	0
156	97
0	60
23	68
2	28
0	24
41	7
6	11
0	14
18	6
23	4
14	0
31	109
0	109
0	0
0	0
1	0
0	139
45	120
0	29
0	3
101	10
0	37
0	4
0	4
47	0
0	1
25	11
8	69
6	0
426	52
3	23
0	24
0	11
7	0
2	6
13	6
33	58
0	13
18	14
0	1
0	66
0	36
0	30
0	97
0	654
0	654
0	120
0	11
5	11
0	0
69	39
5	5
14	0
7	0
21	38
2	10
0	0
4	0
0	97
0	97
3	16
12	5
3	6
0	6
0	6
0	12
0	12
0	88
0	88
0	6
1	0
111	5
137	45
9	78
0	84
1	0
4	24
0	5
0	13
6	97
109	45
0	45
79	162
0	35
20	0
0	102
0	102
57	0
25	36
9	61
24	13
1	12
0	8
0	12
21	145
0	111
0	141
0	99
0	39
0	20
0	20
0	1
8	1
82	0
0	20
0	21
0	21
0	21
0	21
0	0
7	0
0	10
0	7
0	7
70	52
0	51
49	54
0	5
10	0
3	0
0	32
84	12
0	5
86	13
0	29
0	0
110	157
18	108
0	5
0	62
6	17
0	17
0	17
13	14
24	38
5	9
0	22
16	0
0	27
0	12
68	59
186	30
0	41
0	41
0	15
0	27
0	16
4	16
0	0
26	0
0	17
0	20
0	39
0	34
0	25
0	229
0	3
7	4
77	170
10	229
29	0
63	66
0	66
15	4
0	25
45	0
1	4
4	4
0	277
22	136
57	49
0	0
10	3
0	277
39	8
265	54
507	0
65	8
62	8
54	12
25	15
0	0
13	15
0	10
8	15
0	15
0	28
0	113
9	122
0	13
0	27
0	5
0	0
0	10
0	2
0	1
4	0
0	4
2	20
43	21
0	18
141	391
0	391
0	23
9	10
0	10
22	0
0	29
0	29
30	49
0	48
20	39
0	39
7	39
0	39
6	11
6	7
0	3
0	6
18	0
14	128
111	53
196	182
8	4
30	3
0	30
9	10
0	5
0	32
0	74
16	39
28	100
8	34
187	0
525	0
11	0
48	190
0	21
0	12
1	28
0	15
8	28
20	37
11	0
0	10
0	41
1	41
0	9
1	0
0	0
62	83
0	153
0	81
0	35
21	81
2	0
10	170
0	18
0	153
0	5
0	0
0	0
17	41
0	41
12	0
27	41
0	37
17	34
5	29
0	33
10	8
3	2
21	27
0	20
67	19
0	13
11	0
6	12
49	32
0	4
0	32
91	9
0	9
0	27
0	27
0	27
0	23
0	27
3	9
0	0
1	6
0	2
0	4
0	4
0	4
0	4
0	4
18	4
11	0
0	0
0	27
0	10
78	243
8	243
32	45
0	0
0	0
13	0
105	147
6	21
11	0
3	28
0	33
0	14
0	10
0	10
0	2
0	114
0	26
0	26
0	0
0	0
125	21
40	0
0	113
24	1
0	1
0	0
0	0
0	0
20	7
0	0
76	52
1	52
0	17
1	32
9	4
0	0
0	36
63	0
54	14
0	6
0	77
15	87
0	83
18	0
4	78
0	78
0	78
0	32
14	57
10	57
0	63
0	6
0	44
0	35
0	24
0	21
0	9
20	7
13	4
5	35
0	0
51	22
0	90
2	113
24	0
0	0
37	82
0	2
1	1
0	0
0	1
122	40
17	40
10	76
40	280
6	76
0	40
0	40
0	40
0	36
1	20
0	20
133	147
11	18
9	160
0	16
0	31
4	8
2	16
0	6
117	49
114	40
0	20
0	102
59	1
0	102
0	218
31	331
0	68
0	56
0	34
0	118
18	65
0	63
0	32
0	32
0	10
0	17
0	60
28	46
0	69
0	69
0	103
0	56
0	34
0	7
0	167
0	306
0	306
152	306
0	305
0	45
0	72
0	95
0	13
6	14
0	0
2	0
0	104
56	104
0	32
16	0
26	0
36	23
0	23
0	30
0	34
41	72
10	36
0	66
5	34
0	34
7	56
6	64
0	55
1	27
20	34
158	21
0	0
0	17
156	22
71	51
77	65
36	73
6	73
18	26
4	147
0	146
0	16
0	10
0	6
12	73
0	147
2241	126
0	90
0	72
2	7
0	11
0	19
0	12
15	14
45	2
1	7
0	10
0	38
0	0
0	0
0	31
0	63
102	310
0	274
0	75
0	78
25	80
0	71
0	64
6	38
8	111
0	122
0	16
2	48
27	25
12	15
11	3
110	126
0	10
7	116
1	1
91	3
4	14
0	14
106	84
7	30
0	3
0	9
0	8
25	29
20	155
2	155
5	18
10	2
8	7
0	7
77	340
0	274
0	40
0	247
0	74
4	93
10	372
28	0
0	1
309	0
2	1
21	0
7	29
25	30
0	137
0	167
0	3
0	2
0	19
0	14
0	23
0	61
232	216
0	64
0	64
0	4
7	4
0	0
0	0
0	0
9	0
1	0
0	50
0	0
4	0
6	0
0	60
90	694
0	26
11	0
2	16
2	240
58	22
12	38
0	39
0	69
0	33
47	65
0	50
14	60
0	26
0	30
0	11
0	11
0	15
0	15
5	23
6	1
0	6
0	8
0	0
0	27
0	8
11	0
0	21
0	0
0	0
1	31
94	0
73	0
3	0
17	92
0	92
10	51
6	37
0	3
8	3
0	3
0	3
24	83
0	16
0	47
0	25
0	18
0	10
0	8
0	3
0	2
39	0
14	7
0	37
2	0
16	37
0	252
1	252
0	59
1	164
47	55
40	31
0	31
188	0
1	13
89	37
0	26
0	26
0	9
0	1
0	10
2	22
0	301
4	301
0	50
0	1
76	79
0	20
0	8
0	8
0	8
0	20
12	0
4	2
21	37
0	12
0	2
0	12
2	0
0	0
40	0
0	0
0	0
0	4
16	24
0	16
0	12
0	4
122	0
0	10
0	14
0	13
7	14
17	13
0	13
12	4
8	0
6	0
0	11
0	0
0	0
0	0
0	0
0	11
64	49
0	5
4	0
18	0
89	44
57	11
5	11
0	11
0	11
0	11
5	11
0	11
0	11
0	11
75	130
0	23
46	108
0	0
0	1
3	90
37	104
6	50
0	50
1	24
13	20
0	15
0	24
0	24
0	13
0	13
0	11
34	0
142	351
0	19
0	19
0	1
0	18
0	13
0	30
0	30
6	10
0	13
0	13
25	1
3	4
0	0
0	4
87	244
0	22
0	81
0	7
4	12
0	12
364	141
0	48
0	16
0	11
24	68
0	61
0	33
0	26
0	27
8	94
45	56
0	61
0	16
15	12
0	12
0	0
50	37
97	26
0	46
1	46
100	44
0	0
0	53
8	9
56	9
0	49
7	0
0	0
53	8
0	8
0	8
43	14
13	8
18	112
67	112
0	10
0	13
28	8
10	75
0	11
0	8
4	0
4	66
0	0
6	59
276	38
0	38
0	38
0	0
32	40
0	13
0	1
20	37
0	10
0	40
0	0
0	5
0	5
38	0
0	0
2	18
0	18
3	5
0	15
0	18
11	13
0	0
12	13
0	13
23	8
0	0
57	81
18	0
33	17
0	17
0	17
0	3
0	17
6	14
0	0
6	17
20	5
0	17
0	16
0	16
23	3
3	5
7	5
2	0
33	47
4	5
0	17
38	16
0	21
0	45
28	32
0	31
3	0
7	0
33	0
59	70
0	120
0	34
2	4
35	82
0	0
53	19
40	25
0	23
40	23
57	16
0	13
0	2
42	1
171	42
0	33
0	23
0	27
0	41
0	29
4	30
54	3
12	69
0	7
0	4
0	9
0	4
0	23
0	5
0	0
0	2
19	88
0	14
37	93
0	32
3	36
5	270
147	39
0	45
20	45
0	25
0	4
0	0
3	15
0	0
83	45
0	4
0	12
0	0
0	0
0	13
0	5
0	13
10	12
0	12
0	15
0	18
0	8
0	8
0	11
0	11
11	8
6	149
0	35
0	1
46	163
20	114
9	0
0	7
44	18
9	14
0	14
0	0
0	4
0	0
6	11
15	11
0	9
0	2
36	6
0	2
0	2
0	4
0	2
14	36
57	7
0	36
0	36
37	29
1	0
0	29
6	29
2	14
39	14
28	73
5	81
0	252
0	348
82	363
0	56
0	124
0	2
6	150
0	28
0	69
0	68
13	0
5	17
349	325
0	17
6	34
0	23
10	19
0	455
0	441
0	446
0	0
0	4
0	4
42	169
10	11
11	16
0	16
0	8
30	8
2	0
0	1
0	16
13	16
0	9
0	0
0	9
39	9
33	71
14	301
11	12
0	13
45	18
3	18
568	82
29	18
0	45
6	5
3	2
26	79
0	15
32	70
0	26
65	5
18	0
0	44
0	49
0	14
0	92
30	64
0	26
3	21
0	11
67	45
0	2
4	23
0	23
3	23
7	4
15	22
0	1
3	0
1	9
0	18
7	0
0	0
0	0
0	0
2	0
0	253
0	258
0	258
0	214
0	8
55	31
0	18
0	3
0	13
7	5
0	5
0	5
13	13
1	13
0	6
27	6
16	15
0	1
0	32
2	32
0	12
74	0
22	0
0	62
0	5
0	1
1	62
0	2
0	4
11	2
0	2
0	11
25	13
0	12
19	12
0	0
0	12
376	86
16	211
0	211
22	47
16	33
24	3
15	40
3	0
3	6
0	23
0	0
112	0
7	8
4	75
0	64
0	24
0	17
0	21
0	17
14	2
8	17
0	9
0	17
0	8
0	10
11	8
0	0
0	2
0	2
294	18
0	0
0	6
4	55
7	55
17	0
57	42
0	42
9	2
4	2
0	4
0	23
0	82
0	3
0	18
0	21
30	20
4	20
0	0
40	15
0	74
646	563
0	400
0	22
0	3
0	0
10	15
33	235
0	67
0	9
0	76
4	14
13	14
0	108
0	132
0	52
0	8
0	0
17	0
0	51
0	0
96	18
0	23
0	27
0	27
0	21
0	8
167	14
5	6
24	9
0	9
29	0
9	0
0	0
296	44
0	3
0	0
0	0
0	5
5	3
0	3
42	0
66	73
45	8
22	20
10	23
0	23
0	66
0	8
1	8
3	21
28	52
6	38
3	6
9	6
0	0
2	0
51	79
0	15
0	85
0	34
0	16
0	27
0	12
0	0
0	5
0	5
31	20
0	17
28	1
0	7
26	104
0	70
0	22
0	11
0	0
32	0
0	8
0	8
0	1
0	0
1	0
13	7
0	2
0	83
0	83
1	10
0	11
0	11
3	46
0	46
0	6
38	70
32	8
0	28
0	9
0	38
0	3
0	19
0	7
13	24
0	25
0	28
171	22
0	0
0	22
0	10
0	10
132	278
0	226
0	104
23	102
0	92
0	74
10	5
29	75
0	67
0	48
0	37
0	37
0	37
0	25
0	5
0	14
0	13
0	64
0	39
4	3
35	13
24	0
0	642
0	57
0	67
0	239
0	78
0	4
0	161
0	160
0	611
29	293
47	28
0	28
45	53
0	51
1	2
124	61
18	10
0	0
0	45
70	0
11	5
0	45
46	43
4	45
75	15
0	490
127	586
0	111
0	157
0	55
0	124
90	50
9	0
1	9
0	9
57	10
9	6
106	0
0	0
10	5
12	9
0	9
0	9
139	0
18	308
0	141
321	175
4	9
4	24
0	120
0	0
0	109
20	213
0	207
34	86
6	97
38	0
27	29
93	29
0	2
1	8
2	4
0	0
13	4
0	0
0	161
0	156
25	0
0	4
0	10
17	9
0	4
506	62
28	17
0	5
0	36
6	6
0	46
6	84
0	84
7	84
16	14
0	1
0	1
1	14
0	14
0	0
9	13
85	13
0	49
0	48
0	40
0	10
0	7
0	60
80	45
0	60
0	23
1	16
0	15
1	9
0	0
0	31
9	30
0	1
0	1
0	0
72	13
0	4
33	29
0	1
0	28
0	29
0	6
7	33
0	7
17	28
11	7
0	28
0	8
0	8
0	0
6	4
17	44
0	11
0	21
1	10
0	0
25	16
0	4
0	38
19	301
0	16
10	0
0	105
21	26
0	10
0	0
16	1
0	1
120	26
20	167
0	8
0	0
35	7
4	0
0	152
35	11
0	11
2	1
0	7
0	7
11	68
0	20
0	60
44	0
0	64
0	55
0	64
0	55
0	29
0	0
1	13
7	0
1	0
1	102
0	102
0	93
0	18
9	21
0	23
0	23
0	5
12	0
2	818
0	56
0	56
0	56
0	56
0	22
60	38
0	35
98	327
11	16
70	14
49	0
102	143
0	14
0	42
0	12
0	147
7	147
0	91
8	18
17	3
2	2
0	5
0	0
0	0
49	60
30	5
0	13
49	11
0	16
10	17
390	176
0	28
32	188
27	41
0	50
0	1
0	171
0	29
3	29
17	3
0	3
0	40
0	40
0	16
5	8
4	8
48	64
0	18
83	67
36	21
61	4
5	688
0	544
24	14
0	4
0	29
18	29
0	5
0	2
1	716
36	43
46	35
4	35
14	0
18	0
0	19
0	8
10	86
74	184
0	163
0	83
22	80
0	97
0	97
0	90
0	0
0	0
36	47
1	0
44	19
1	14
0	9
0	3
50	101
0	22
0	35
0	15
39	1
3	54
0	63
10	64
0	11
0	21
0	11
16	38
0	12
1	4
8	1
7	5
0	9
0	9
0	4
21	34
0	9
1	5
0	20
44	111
0	64
0	56
0	88
0	54
0	110
0	21
12	0
1	376
0	360
0	110
0	310
0	138
0	92
0	243
0	60
47	111
5	99
107	108
0	23
0	9
0	12
0	0
10	1
89	26
18	26
19	1
0	0
0	1
34	67
0	36
19	36
1	8
140	40
0	31
5	10
0	7
0	45
39	46
0	7
2	109
0	109
14	40
55	0
242	18
13	18
0	34
0	34
0	0
110	110
6	94
76	100
2	27
6	24
0	1
14	0
0	35
1	35
0	16
11	4
0	4
0	4
0	4
9	1
2	1
0	0
91	0
3	5
0	5
0	1
13	1
67	89
0	75
1	28
0	17
1	9
0	107
0	10
1	98
8	88
17	1
8	28
0	28
0	28
0	8
19	12
9	12
0	92
15	0
30	27
12	27
23	71
0	71
0	32
292	1
1	94
0	75
0	33
0	69
0	65
65	83
17	86
0	0
0	2
26	125
0	66
3	0
54	41
0	47
20	121
0	14
19	148
0	23
0	6
0	102
0	15
0	140
11	7
0	13
0	8
17	0
53	84
15	77
1	7
80	5
0	0
0	0
313	71
0	55
0	16
0	23
5	0
5	2
0	24
24	30
0	16
6	6
0	29
0	11
1	11
0	34
4	28
0	0
0	28
106	72
0	116
0	3
0	42
42	20
853	2554
1	2
0	7
0	11
106	4
0	12
37	4
8	14
0	7
70	125
9	96
0	99
6	105
0	54
0	62
9	62
0	49
0	0
0	6
0	0
0	20
9	14
0	19
118	29
0	14
0	10
2	1
8	15
0	0
68	77
0	25
6	64
59	24
15	2
4	15
18	113
6	23
17	50
0	68
0	98
0	59
0	83
0	48
0	18
0	48
33	33
12	9
0	0
0	9
0	0
10	39
11	0
0	13
0	13
0	6
0	38
0	38
0	16
17	3
119	35
0	3
0	0
0	14
19	14
1	14
0	34
0	34
0	10
2	0
20	9
0	7
0	35
0	35
14	98
72	115
32	76
66	0
0	20
44	20
14	14
41	16
26	185
0	158
20	184
0	0
7	65
6	65
17	0
7	8
18	1
16	1
0	0
0	35
5	35
0	0
0	0
5	0
0	0
0	0
0	0
0	0
0	0
0	0
0	0
0	0
0	0
0	17
0	17
6	18
0	10
0	0
0	0
11	83
0	83
0	41
20	41
20	2
0	2
220	0
4	22
7	6
25	261
8	48
0	48
0	14
18	5
0	5
39	0
73	0
63	48
0	169
8	169
6	80
111	73
0	53
3	53
28	20
69	0
116	22
140	280
11	7
16	1
0	92
5	92
0	11
27	11
12	3
0	11
2	41
0	41
5	7
0	0
2	0
51	0
0	21
0	21
3	21
5	11
0	11
0	44
7	25
79	25
16	24
0	23
0	23
0	1
22	6
0	524
0	523
0	524
33	70
0	13
8	12
0	12
7	0
26	4
38	4
0	4
0	0
12	173
85	188
0	23
325	5
55	38
22	246
0	32
4	0
97	2
0	10
0	13
0	0
0	179
4	11
11	57
0	57
32	30
11	30
0	0
0	114
28	142
0	114
9	75
223	0
12	0
42	17
25	153
0	36
15	0
0	154
83	151
109	85
2	0
5	8
0	13
0	25
0	5
0	18
11	30
33	31
65	10
0	10
0	9
0	0
0	0
10	0
21	54
12	105
0	47
0	8
0	9
0	0
1	3
52	22
0	0
0	54
0	0
39	78
21	140
0	20
28	0
6	58
0	58
3	2
27	27
1	75
4	50
0	3
226	431
0	373
0	373
0	289
14	3
32	358
148	420
87	420
0	4
0	19
0	15
0	5
0	22
0	27
0	16
0	33
6	1
0	11
0	13
0	13
0	9
5	0
17	87
7	47
14	47
0	5
61	242
13	239
18	39
1	39
0	8
2	0
110	204
0	134
79	33
0	113
41	103
15	103
3	103
0	46
0	5
1	0
11	0
112	13
0	0
212	0
0	0
0	0
1	4
5	9
6	9
34	7
33	18
37	167
0	144
3	23
0	24
1	0
0	8
0	8
12	36
0	116
0	8
12	113
38	73
0	0
2	75
0	2
12	8
0	28
3	73
2	9
0	2
0	73
0	38
0	11
0	39
34	18
2	2
0	1
23	20
0	20
0	3
0	18
29	35
0	39
79	54
0	3
122	1
0	28
0	18
0	0
1	1
53	90
0	90
0	10
63	8
0	218
20	218
0	235
7	223
0	3
8	0
116	5
0	5
0	44
15	35
21	35
66	26
6	18
0	8
19	28
0	20
15	8
0	3
27	3
0	7
16	57
0	51
7	15
0	6
0	3
0	22
0	22
49	22
2	0
0	0
0	7
11	7
0	3
0	3
0	0
0	0
345	199
0	2
65	0
139	12
0	0
2	12
31	165
0	75
0	24
1	74
0	0
5	84
8	0
0	96
1	83
0	80
0	61
9	1
0	0
7	20
0	96
4	5
26	5
29	0
0	7
0	66
11	60
0	60
0	66
8	8
2	0
0	15
0	12
32	110
0	1
0	14
0	95
48	2
0	2
0	13
0	13
166	29
0	0
5	29
4	5
35	76
5	57
0	34
18	68
34	0
81	3
11	3
0	0
17	47
0	11
0	38
5	16
0	11
4	4
0	0
51	19
1	19
0	11
0	11
0	11
0	11
0	0
14	0
0	0
21	150
0	148
0	73
62	0
3	0
9	30
51	16
0	4
20	4
0	4
0	11
0	4
0	36
0	36
0	37
42	11
0	10
7	0
46	53
3	23
0	5
1	27
0	22
0	0
0	22
0	177
0	177
0	166
0	0
0	1
0	0
0	1
0	0
0	41
0	41
0	41
0	11
6	64
0	13
0	9
0	68
0	2
0	4
35	2
0	15
34	200
49	200
3	13
8	5
16	187
38	0
0	63
0	46
6	11
1	11
0	1
35	15
0	15
0	15
57	75
0	8
0	73
11	42
0	21
5	42
7	13
0	38
0	5
0	1
11	26
69	8
0	0
0	8
8	19
1	0
0	11
0	35
1	0
0	8
0	8
0	8
43	22
0	9
0	35
0	13
0	13
28	32
60	130
0	114
35	21
5	0
24	0
21	1
0	9
35	14
0	14
0	14
2	0
0	12
0	5
0	12
0	12
96	85
46	99
0	0
19	10
0	57
0	104
0	104
6	110
17	101
0	28
0	97
0	0
0	0
63	72
55	71
53	16
0	11
0	16
80	0
350	60
6	43
13	35
0	4
9	11
0	18
3	4
130	64
3	13
0	7
0	64
5	47
0	64
0	0
10	4
0	4
22	70
45	3
0	3
0	27
0	67
10	0
39	3
23	1
10	1
2	0
32	0
0	0
0	23
0	17
2	1
0	20
0	0
56	23
22	7
5	101
0	70
0	7
15	6
4	4
19	18
0	9
0	0
0	0
0	89
110	41
0	45
52	6
91	25
0	14
5	51
2	51
0	14
2	16
20	17
0	15
25	7
0	7
38	8
3	59
0	54
0	0
0	6
2	9
0	0
5	0
0	453
16	3
57	11
0	20
10	0
0	5
16	28
12	0
3	8
29	5
70	255
29	22
7	0
0	453
181	1
0	0
0	1
15	16
0	38
0	30
0	39
0	31
0	38
0	30
0	39
0	31
0	39
0	38
0	39
0	38
0	13
30	14
0	14
0	14
0	6
0	1
22	6
0	0
0	1
0	7
19	0
0	5
3	0
0	0
1	0
4	0
0	172
0	131
4	89
0	35
6	4
87	104
8	104
317	189
0	182
0	127
123	16
0	89
0	23
28	24
0	24
0	3
0	13
11	0
39	123
0	13
0	0
0	2
22	110
32	7
0	3
0	61
2	0
0	64
0	32
0	2
0	2
0	1
0	6
4	1
7	1
2	30
117	26
5	19
0	1
21	13
2	6
0	6
1	6
0	0
0	15
49	15
0	3
62	20
0	9
0	0
42	31
29	31
0	54
0	34
0	20
66	34
24	1
0	41
0	45
45	61
28	0
96	158
0	56
1	16
0	51
0	40
1	0
49	27
135	36
0	136
6	0
1	33
0	31
0	27
5	5
7	75
0	63
5	19
4	10
0	10
1	10
0	10
0	0
4	0
8	10
0	78
28	78
13	0
6	0
100	0
0	20
0	20
15	41
64	68
0	63
0	8
0	40
1	40
0	40
0	3
10	0
0	1
0	20
0	1
0	20
0	0
0	0
99	30
15	18
0	21
27	11
28	0
0	116
35	152
113	141
18	83
0	69
100	11
0	6
0	6
0	6
0	6
14	0
88	97
8	54
0	12
31	52
1	52
0	0
0	0
2	0
33	152
0	152
0	10
0	25
20	25
0	16
0	12
0	6
0	6
2	129
23	187
39	195
74	0
0	42
0	0
0	39
4	3
35	3
0	13
0	0
0	13
28	11
35	37
30	5
0	0
0	0
0	9
0	17
0	341
0	340
22	322
0	249
59	45
0	41
0	40
0	75
0	75
0	63
194	28
0	64
0	23
0	17
9	9
0	1
0	1
0	2
37	43
5	14
0	75
0	59
0	59
0	21
13	0
26	71
0	26
0	24
12	0
0	2
48	2
53	15
10	45
0	35
0	1
0	110
0	43
0	151
10	129
0	59
0	111
104	67
18	53
13	48
0	40
0	4
0	5
48	38
0	37
0	37
0	37
0	37
1	14
0	0
2	9
1	17
0	25
23	4
4	0
0	0
0	6
0	6
22	1
0	27
0	12
40	101
0	1
32	14
0	3
0	25
0	24
0	6
31	55
2	0
5	55
0	55
0	55
16	0
0	0
241	197
6	31
0	14
0	14
0	27
0	23
0	1
96	21
5	0
23	0
0	0
0	39
38	55
66	27
65	25
157	45
0	44
0	9
0	4
17	5
69	755
0	851
0	705
0	698
0	698
0	507
0	199
134	20
9	0
0	0
0	107
65	0
0	75
0	66
0	4
5	19
0	0
120	78
0	21
6	0
15	0
3	0
3	32
5	25
0	6
0	4
0	10
0	25
0	13
5	9
0	9
0	5
0	4
0	4
9	28
0	28
26	10
4	7
0	3
15	0
0	0
0	0
2	0
0	14
0	14
8	18
3	10
6	3
1	95
0	0
0	3
0	9
0	6
6	7
0	158
0	158
0	24
15	15
2	4
0	15
0	4
0	0
0	0
0	12
0	0
0	12
0	0
3	1
0	1
0	15
6	4
36	9
1	9
6	0
0	1
3	6
0	6
50	113
29	0
12	11
13	3
0	89
3	82
0	57
23	36
0	6
365	0
0	13
2	34
97	52
0	12
0	37
7	0
0	18
0	12
6	12
0	13
0	12
22	25
12	42
11	7
0	7
0	7
0	7
0	3
0	3
46	25
0	23
2	19
0	19
26	0
0	151
0	151
9	7
11	56
31	110
0	143
0	11
14	6
81	6
0	0
22	0
0	0
5	0
0	0
23	67
1	67
0	37
0	18
0	2
0	5
0	5
7	23
0	88
0	88
0	13
0	52
3	7
0	3
45	0
1	0
12	6
32	57
0	0
0	6
0	7
12	7
21	0
18	2
0	2
0	2
0	2
0	0
8	91
0	76
0	6
7	0
449	142
0	142
2	33
19	2
3	2
0	2
4	1
96	35
31	0
0	28
0	28
0	5
2	0
0	2
0	1
0	15
0	15
0	2
0	5
0	15
0	27
5	54
107	54
18	1
15	0
0	0
0	0
0	0
9	269
0	275
0	269
0	341
0	194
5	1
0	1
20	18
0	18
19	2
13	16
0	16
0	43
0	17
30	34
0	10
12	0
0	31
0	2
0	34
0	7
113	30
8	35
0	30
0	14
84	29
0	15
77	0
0	0
30	131
0	23
0	128
30	48
0	18
13	3
2	0
0	0
8	0
29	18
0	18
30	5
27	5
7	26
0	22
0	179
0	135
1	11
0	3
8	92
0	6
9	5
0	5
0	8
4	13
10	19
0	179
11	0
15	5
0	5
0	2
4	2
0	2
452	463
341	279
0	175
2	9
29	13
5	0
2	2
1	2
25	2
203	6
5	6
0	0
50	0
5	0
0	0
0	0
18	0
0	54
8	54
12	49
2	0
0	0
2	0
0	0
0	0
25	0
0	0
0	0
12	30
0	5
0	1
0	4
5	4
151	33
0	165
0	165
0	141
0	29
7	29
7	0
0	0
3	440
0	120
0	11
4	4
1	0
0	11
147	0
10	0
3	34
0	34
0	2
0	5
1104	3449
0	23
2	45
18	45
5	2
0	0
1	0
1	0
0	17
0	17
30	17
1	13
0	17
1	17
0	15
0	17
0	9
2	9
0	9
0	7
0	7
0	0
18	52
0	34
12	50
0	32
0	19
0	0
3	16
0	7
42	3
0	1
2	11
0	2
7	10
0	10
73	21
9	21
137	0
0	7
0	7
99	30
11	29
5	1
6	2
0	9
0	1
0	1
0	1
0	7
0	125
0	123
1	17
2	54
34	50
0	5
3	0
3	1
0	1
77	47
11	0
5	19
0	0
1	0
72	10
0	11
20	16
0	14
0	0
11	6
0	3
9	3
0	3
0	198
0	0
0	3
0	3
0	3
0	4
0	3
0	3
120	3
147	214
0	4
0	4
8	0
0	21
0	22
0	21
0	22
0	21
24	66
0	53
0	0
0	0
107	17
0	5
42	12
0	28
0	28
0	13
55	56
1	58
0	56
21	13
4	34
0	16
0	16
50	41
0	7
0	0
37	30
0	30
0	9
0	1
48	5
15	0
9	11
0	5
0	5
2	5
121	152
17	284
0	12
0	4
7	0
187	598
0	584
12	28
0	28
11	43
0	31
1	57
0	57
7	13
0	4
24	11
0	0
0	4
0	4
0	80
0	80
0	80
0	42
0	5
123	24
4	9
0	10
0	8
2	20
15	6
0	9
37	0
12	35
11	38
0	21
12	18
0	2
0	4
0	25
0	90
1	15
1	5
0	10
0	75
0	0
0	50
2	0
1	73
0	73
0	8
0	140
0	21
0	15
0	15
6	1
0	140
14	19
0	16
5	1
32	0
0	19
0	19
0	19
44	151
0	151
0	151
0	20
0	20
0	22
0	22
0	12
0	10
0	10
8	294
0	211
6	106
3	23
54	6
36	77
29	77
3	0
206	3
11	2
0	0
8	97
6	118
0	104
0	97
0	104
0	97
14	68
0	89
0	55
6	38
0	5
0	10
78	98
0	19
6	39
0	11
0	29
0	10
6	14
2	1
1	32
0	32
8	17
0	32
0	12
0	5
0	32
0	92
0	160
10	2
0	92
0	90
7	6
0	17
24	17
0	160
0	160
5	160
14	0
65	123
25	152
0	12
0	143
0	38
0	7
0	115
65	0
5	131
5	178
0	102
0	186
0	179
14	0
16	104
24	42
4	36
0	8
0	1
0	1
0	179
189	222
508	482
0	100
0	100
10	0
6	404
32	22
0	22
129	113
0	48
0	89
0	138
2	138
0	6
0	138
0	89
43	47
32	47
47	24
10	0
54	98
33	98
0	92
0	16
66	45
83	15
0	7
12	0
0	0
16	0
11	8
0	13
0	13
45	0
1	0
23	0
0	0
3	0
42	0
57	0
0	12
0	12
0	99
0	99
0	15
37	8
14	8
0	125
24	126
0	69
0	18
2	20
64	0
1	21
0	22
2	22
6	0
0	0
0	0
0	7
0	13
0	16
0	15
5	15
0	16
19	10
67	0
16	15
0	6
215	48
0	30
81	17
0	14
7	0
0	20
0	227
14	227
0	113
0	22
1	0
2	57
0	120
0	2
5	1
32	19
0	49
5	109
5	7
2	9
11	46
20	7
42	35
0	7
17	28
18	0
28	69
11	69
0	0
0	0
0	0
225	4
8	4
2	162
0	187
15	76
0	56
22	12
0	9
0	51
75	5
31	4
0	4
0	3
88	17
0	3
0	3
0	3
0	14
4	0
25	52
0	446
0	115
42	0
23	28
0	29
2	21
0	12
10	7
0	11
0	1
6	12
0	1
183	94
9	4
0	11
18	0
0	10
0	2
6	0
0	157
0	157
95	5
4	3
7	2
29	98
3	53
0	53
0	61
0	22
0	10
11	2
1	9
0	32
3	30
0	162
0	163
309	191
8	83
4	83
0	83
0	5
0	8
0	11
0	21
1	38
12	15
0	12
0	29
0	18
6	0
0	0
0	0
21	58
0	71
0	144
0	13
50	159
0	9
0	13
0	3
15	38
18	39
0	0
10	58
0	33
1	25
0	89
1	22
0	40
0	0
0	0
9	51
0	5
0	64
0	7
0	0
0	0
2	8
1	1
0	1
0	0
0	13
1	0
0	3
10	3
19	49
0	32
250	46
7	19
0	0
0	5
20	10
0	0
0	0
13	0
0	0
0	49
167	82
11	82
3	0
3	0
161	56
34	23
0	14
73	29
0	146
6	153
1	70
177	29
0	2
10	14
0	9
9	9
40	14
18	0
0	11
2	122
0	55
172	0
0	55
9	122
0	0
0	55
0	0
0	121
2	114
32	52
0	52
18	52
0	46
0	34
0	16
0	9
1	13
0	0
0	0
61	0
8	10
0	10
0	4
0	6
6	6
0	6
0	1
6	4
0	4
0	62
0	99
3	85
0	0
25	0
18	41
0	41
0	22
39	45
0	28
6	14
0	13
0	9
6	8
4	8
0	0
0	0
43	44
0	1
14	0
0	0
2	43
0	38
0	49
30	48
0	37
0	3
25	181
0	133
49	21
0	168
0	0
0	121
9	162
6	10
24	48
28	0
6	13
0	0
0	129
0	20
7	175
4	63
0	138
54	148
0	63
0	57
0	5
5	53
80	87
17	5
0	9
32	251
0	235
19	0
6	2
39	33
53	33
0	16
22	36
1	10
0	122
0	33
0	122
0	33
19	1
8	3
0	5
0	122
26	34
8	0
19	62
0	64
0	20
0	6
0	309
1	309
6	40
0	24
28	24
0	6
0	4
15	4
91	32
11	32
0	8
5	7
4	0
0	6
16	3
0	3
0	3
0	37
13	192
0	46
0	5
0	4
0	67
16	43
9	22
41	43
59	9
0	35
0	98
1	3
0	17
0	3
0	3
13	14
2	0
0	0
0	0
0	2
0	3
2	0
0	26
0	26
0	9
69	104
0	24
0	103
4	8
105	74
0	8
0	8
183	11
0	11
2	3
0	122
25	17
0	17
0	121
0	136
0	136
0	135
0	122
1	132
0	132
0	21
0	8
10	16
11	15
0	30
0	10
42	21
60	0
26	3
0	3
0	3
0	3
10	0
319	0
0	40
0	34
0	5
0	1
0	16
0	40
197	48
0	48
58	155
28	10
0	10
2	11
0	26
6	34
0	61
0	155
66	113
0	26
4	5
2	5
2	13
0	13
2	0
19	0
0	0
0	0
5	24
0	24
0	7
46	64
0	1
20	0
0	0
13	36
0	4
0	4
0	5
3	6
0	6
0	5
8	5
0	5
4	3
4	0
0	3
49	3
0	32
0	138
0	96
0	0
0	36
56	175
59	124
64	317
383	317
6	5
19	218
11	0
12	0
0	0
20	0
49	27
0	38
0	1
0	62
25	1
0	1
1	1
0	17
8	50
0	50
15	34
3	34
99	69
0	69
0	1
0	13
5	16
1	16
0	16
0	7
0	16
362	42
0	40
0	15
0	3
0	43
3	53
0	21
0	8
0	0
0	0
0	4
0	1
0	1
0	4
0	8
1	5
0	0
3	0
0	0
16	0
36	69
19	41
0	69
18	39
0	39
66	29
0	19
0	23
18	0
2	0
0	0
98	0
9	0
0	28
0	28
0	21
0	55
4	55
0	2
0	15
10	2
4	15
2	5
0	5
0	0
0	66
9	204
36	9
23	0
0	204
18	119
0	83
0	119
0	15
0	0
3	1
2	11
0	6
0	7
0	8
31	76
0	0
2	0
23	99
17	160
0	160
79	0
9	8
0	7
0	0
0	0
0	0
2	2
0	2
35	0
0	0
6	148
13	49
72	0
7	18
0	68
0	68
27	0
1	386
0	120
1	47
4	4
1	12
0	11
11	0
0	7
1	7
26	13
18	13
0	6
0	12
0	12
36	0
21	0
224	37
0	25
17	27
0	1
4	0
38	102
0	0
9	4
9	1
0	1
36	0
26	0
9	15
0	136
0	17
0	121
5	22
0	22
0	9
6	0
0	20
181	7
0	1
4	6
23	49
0	9
3	35
19	135
0	116
6	6
163	1447
0	1
0	4
0	17
11	0
31	0
0	256
0	252
0	25
0	0
42	106
0	34
0	95
0	0
4	0
0	106
0	66
32	0
0	32
0	32
0	24
51	4
0	24
0	18
22	18
283	9
102	9
129	52
0	63
0	63
0	57
1	22
0	26
2	0
46	78
0	114
0	114
0	20
0	4
0	5
41	3
6	3
273	4
0	0
0	46
3	46
37	0
77	247
0	187
0	27
20	93
2	8
2	0
0	65
0	65
17	58
100	24
0	56
65	43
9	2
39	18
0	18
10	11
3	0
54	1
6	1
11	0
0	0
8	24
13	0
0	184
0	117
0	117
14	5
75	3
16	13
49	5
0	0
53	87
0	182
0	42
0	42
7	2
0	23
3	20
0	11
15	174
0	24
0	19
0	29
0	29
68	167
0	11
0	4
0	0
0	0
0	0
0	0
17	0
0	0
6	0
0	38
45	28
16	26
0	14
11	3
6	0
0	2
4	0
0	2
0	0
48	150
0	30
0	0
0	30
0	26
22	156
82	0
0	0
42	28
0	0
0	28
0	13
0	171
0	132
0	103
2	24
0	24
0	24
61	47
63	45
0	30
0	16
0	6
172	46
0	6
0	37
45	0
0	0
3	9
0	42
99	7
0	41
19	35
195	0
0	18
12	18
3	19
16	0
0	7
19	3
15	35
0	19
0	18
4	18
4	17
1	17
0	1
298	82
0	0
74	76
0	64
0	33
67	51
0	0
1	7
0	7
0	45
15	0
0	11
0	11
9	141
0	127
0	128
0	151
57	18
18	3
27	32
0	0
0	20
59	40
0	40
0	40
22	0
240	99
0	23
0	43
0	12
12	50
0	0
0	0
9	6
51	10
0	18
17	7
243	38
0	26
0	33
0	4
0	33
225	113
0	122
0	123
0	36
4	21
1	0
0	1
2	19
0	46
35	11
45	2
13	0
28	27
11	7
62	122
0	122
0	96
8	6
0	29
0	29
0	23
0	0
0	0
0	0
15	52
9	52
0	52
3	30
5	21
120	111
23	80
15	61
0	12
2	10
3	0
19	0
4	11
0	11
24	37
42	21
25	21
18	13
0	38
0	38
0	0
21	114
0	113
0	90
1	5
0	8
10	33
0	0
7	76
0	0
0	64
3	10
0	74
0	45
0	18
0	197
0	197
20	11
0	0
11	0
5	0
3	0
30	65
0	40
0	34
15	12
0	0
0	0
0	29
0	82
0	82
0	82
65	98
331	11
0	15
0	15
0	0
0	5
114	29
12	3
17	46
10	1
4	1
476	0
0	115
45	131
40	4
0	131
0	2
19	1
0	3
1	21
9	27
7	27
12	25
29	29
35	8
0	29
0	24
0	230
0	14
53	239
1	0
0	47
0	47
921	0
89	33
0	33
0	8
0	21
29	5
50	0
0	1
0	33
0	9
2	9
176	49
0	49
72	1
0	13
0	13
49	13
14	6
1	6
1	6
90	287
0	281
11	6
0	10
32	17
101	23
0	17
0	14
37	383
6	12
0	151
0	151
6	44
177	377
30	43
0	54
157	109
0	5
0	0
0	26
25	12
7	255
0	255
2	20
17	14
22	102
0	106
50	38
30	25
105	17
1	0
0	0
0	157
26	25
2	162
38	25
117	57
0	68
0	3
0	7
85	122
69	11
114	0
0	6
0	6
0	3
0	3
0	57
4	0
0	0
0	12
0	69
0	69
3	28
0	0
9	28
0	28
15	0
0	28
0	28
0	28
0	33
66	39
0	39
20	171
1	171
52	12
0	43
5	5
369	5
3	19
8	83
0	72
0	72
8	13
0	53
0	11
0	11
19	0
0	0
5	5
16	15
95	15
0	3
58	6
28	95
15	92
0	76
22	1
48	3
46	3
29	4
0	4
31	4
27	22
12	163
6	70
24	163
10	0
1	3
8	3
24	22
0	23
0	8
0	7
23	2
17	6
1	0
0	4
0	5
56	0
67	6
0	6
21	0
324	509
1	88
0	421
0	0
335	10
23	10
135	35
0	26
38	13
0	0
17	0
0	13
0	0
216	38
0	19
0	26
0	26
1	0
2	0
6	0
0	0
2	0
0	8
0	3
1	3
0	1
6	1
0	1
0	28
0	84
0	30
0	11
0	15
0	5
44	19
1	5
0	5
7	5
0	87
6	19
0	10
0	11
0	11
0	5
0	25
0	0
0	20
35	5
4	5
5	9
11	20
3	20
0	11
0	51
10	51
0	1
0	0
0	0
0	0
3	16
8	0
0	0
0	2
0	14
71	0
3	16
0	29
0	11
0	11
0	18
0	29
0	11
0	9
0	28
0	2
0	2
0	2
3	2
35	34
4	1
0	1
0	1
0	1
0	0
27	15
7	4
0	11
1	1
0	1
2	10
0	0
0	4
13	4
1	78
0	34
93	67
0	1
0	6
0	6
10	12
129	45
0	30
45	24
38	26
75	46
1	16
42	0
4	14
26	0
44	3
0	3
50	33
0	27
0	0
26	0
0	0
47	2
0	0
16	15
63	15
7	0
0	185
5	88
14	203
0	93
74	12
3	11
4	0
478	38
0	58
0	20
0	20
0	0
0	302
0	302
2	253
14	36
0	49
0	49
0	48
0	271
0	271
0	1
0	14
0	236
16	15
0	237
60	521
0	521
0	186
60	13
15	75
69	49
0	0
14	12
0	13
0	11
0	1
0	1
17	17
0	160
0	153
0	149
0	168
0	4
0	35
5	0
0	39
2	11
0	2
0	23
0	50
114	62
0	15
0	47
10	11
9	47
0	0
0	4
48	0
83	6
19	2
0	0
18	24
2	6
0	6
26	25
0	25
62	66
0	38
143	89
4	51
0	51
0	11
5	83
0	83
0	9
0	49
0	48
0	0
0	1
0	24
24	48
0	3
0	49
93	25
0	16
41	22
57	77
0	49
0	105
25	18
0	44
24	49
0	101
0	133
10	148
3	24
0	8
0	15
0	0
0	328
0	328
0	328
0	328
0	325
0	325
0	18
6	0
51	45
67	47
0	0
0	0
50	82
6	4
769	10
0	10
0	10
0	92
21	10
0	92
0	14
3	14
0	7
0	14
0	7
47	4
28	41
0	41
0	3
0	3
0	3
0	0
16	0
0	18
10	12
49	0
65	38
91	112
0	153
0	153
0	75
20	55
1	18
0	38
0	40
3	15
0	15
0	4
101	0
36	61
74	245
40	105
0	27
0	217
0	217
2	28
0	28
0	11
3	11
5	0
5	75
0	75
0	75
0	3
0	75
0	3
48	16
51	0
131	16
0	16
0	2
152	1
0	8
0	16
0	6
1	6
0	4
0	0
1	0
0	209
23	209
0	25
48	21
0	9
0	6
0	12
0	6
0	6
0	0
0	6
15	173
32	62
0	150
0	172
7	3
14	123
0	11
11	10
89	90
41	18
26	21
4	0
0	0
0	0
0	0
0	55
3	55
0	24
0	30
0	30
1	0
4	1
0	1
9	0
0	39
5	39
11	3
74	21
0	21
58	524
0	115
0	31
0	91
8	17
0	17
0	48
0	48
4	25
0	0
1	0
6	15
1	15
70	0
5	37
0	37
0	12
0	22
0	18
10	29
0	10
7	30
11	0
0	21
8	1
19	16
0	16
152	113
7	55
0	15
0	97
78	0
0	0
0	0
2	11
0	7
0	11
93	31
19	19
0	15
4	0
0	0
7	0
7	4
0	4
7	102
0	102
5	11
9	0
3	0
0	60
3	60
0	19
17	0
9	94
0	48
0	96
26	64
11	42
0	8
56	56
0	0
0	58
0	9
132	9
13	0
0	27
4	7
0	27
197	128
12	26
0	26
0	26
0	25
0	50
6	13
18	19
0	19
76	0
26	0
83	26
0	204
0	204
0	102
0	102
0	49
0	49
0	49
0	49
0	91
17	12
18	1
29	4
0	4
0	0
0	19
29	91
0	54
0	46
0	54
0	54
0	54
0	0
228	96
46	95
0	21
12	44
91	32
0	23
0	95
0	37
0	17
0	8
0	3
0	1
58	3
0	2
0	3
74	337
6	300
0	4
3	0
9	14
0	6
51	45
0	3
0	0
25	71
0	2
0	13
4	3
0	13
0	6
188	56
37	5
4	15
0	1
29	399
409	360
0	11
4	14
3	18
0	294
14	0
0	5
14	32
3	20
0	25
0	0
0	52
0	5
0	52
12	25
67	25
9	0
9	50
0	50
0	54
10	13
0	1
26	83
29	276
0	75
0	1
0	1
3	0
2	12
0	12
34	71
0	10
0	6
0	16
21	61
30	61
0	18
0	5
0	0
61	16
121	16
0	63
0	63
18	34
0	33
4	33
3	0
9	1
329	3
0	0
0	0
0	3
0	3
24	5
5	4
5	5
0	0
0	0
0	0
118	60
0	39
5	3
0	39
0	3
0	44
0	1
8	8
0	13
0	6
0	3
0	3
0	3
0	3
20	3
0	9
0	66
0	66
0	7
172	33
0	0
12	0
0	0
0	33
0	33
210	37
0	7
155	7
0	3
0	55
1	55
0	0
33	6
0	6
75	12
2	1
0	10
20	0
0	19
0	0
46	1
3	113
0	113
16	14
41	12
2	12
0	100
73	95
24	84
1	90
18	83
27	34
0	15
0	0
60	41
0	41
0	14
0	18
0	183
0	183
0	16
0	81
0	23
0	0
12	0
12	0
0	0
0	8
0	0
0	0
0	0
12	0
0	0
58	20
2	0
0	63
1	418
0	16
0	16
49	355
0	6
5	14
0	13
0	13
0	8
4	0
9	0
0	1
0	1
0	0
8	1
0	6
0	6
6	0
6	5
0	2
0	3
0	3
0	0
3	3
61	17
0	0
78	48
5	40
29	10
0	0
10	18
0	10
0	0
8	3
2	5
0	41
45	59
6	36
0	34
6	22
0	16
0	0
0	5
0	24
0	24
0	0
0	0
0	0
16	2
17	24
1	23
0	21
0	22
0	16
0	31
0	1
0	0
0	12
0	31
7	28
0	28
0	4
0	11
30	2
0	1
67	43
0	43
19	19
0	17
0	4
0	4
0	13
11	88
31	13
29	25
19	16
87	5
2	8
0	3
40	0
106	40
3	0
0	6
0	0
0	2
0	16
0	33
3	53
0	24
0	0
5	0
8	50
0	13
51	4
0	0
0	0
112	0
115	21
0	21
0	13
11	12
18	6
0	21
1	0
30	63
0	63
11	51
120	10
0	10
0	9
0	17
5	22
0	6
3	5
0	4
128	21
130	26
4	23
43	3
62	22
0	0
14	16
0	16
0	30
0	11
0	30
1	112
12	11
21	11
0	75
0	4
0	131
77	170
3	55
0	1
1	184
15	12
0	12
0	1
51	69
10	2
4	11
0	11
0	20
0	20
0	16
0	1
61	13
47	5
19	22
0	6
0	0
0	6
50	28
7	7
0	12
544	363
0	219
0	186
0	1
55	27
3	12
7	2
99	85
1	36
12	11
21	30
0	29
4	8
0	8
0	10
0	10
0	10
51	2
145	140
0	4
0	39
0	39
24	58
46	159
0	32
0	127
1	0
4	13
0	13
16	0
123	212
0	68
5	68
32	4
6	4
0	7
2	0
141	0
4	113
0	30
6	30
0	28
79	43
6	2
8	13
104	0
0	203
0	198
0	203
0	203
0	198
0	198
0	203
0	203
0	198
0	75
0	114
5	114
0	115
0	13
16	4
43	122
321	102
2	42
0	42
0	42
7	4
0	42
0	1
0	9
0	1
3	57
11	8
5	8
0	19
16	67
107	26
7	9
0	9
0	60
0	0
0	0
19	5
7	25
94	284
15	332
0	265
25	0
52	88
14	24
0	7
5	7
0	27
54	0
0	6
0	7
38	43
9	0
0	0
14	11
0	0
0	0
0	29
176	4
0	4
0	5
15	20
202	104
33	10
0	10
10	0
8	0
19	12
28	0
36	5
0	5
0	30
1	16
12	38
1	27
6	27
0	27
0	0
0	0
3	0
0	43
0	25
0	43
0	80
0	79
0	21
0	107
99	35
0	22
14	83
44	34
0	36
0	36
0	13
0	13
0	0
3	0
93	13
0	10
4	0
0	5
79	92
0	123
77	135
49	5
6	5
0	188
0	163
8	0
0	13
0	188
26	18
0	18
0	4
68	85
0	85
0	85
1	7
0	0
10	0
0	5
89	14
84	0
7	1
0	85
0	85
27	16
0	4
0	2
0	16
0	14
0	3
0	1
6	0
0	7
13	49
0	49
0	49
0	73
0	63
0	36
0	46
0	12
16	37
21	222
6	215
0	215
0	206
0	206
58	0
52	21
144	95
0	7
0	0
0	76
8	16
16	16
15	29
4	16
0	17
0	10
0	16
0	19
8	1
0	1
0	0
0	1
0	3
0	4
0	18
0	20
0	1
0	9
0	38
0	9
28	20
9	25
2	18
1	18
0	20
8	1
0	32
0	1
1	15
0	42
292	0
211	55
10	74
0	39
0	47
0	12
0	21
0	6
0	10
27	10
0	153
0	44
0	22
0	22
0	22
0	74
0	158
0	22
14	22
0	14
17	156
6	22
13	18
0	4
0	9
0	12
0	9
0	9
0	9
8	22
0	17
0	22
11	17
0	17
0	21
0	21
0	21
91	295
0	107
0	0
0	10
0	0
53	56
49	63
0	46
0	39
0	19
4	24
0	8
37	3
75	30
0	18
0	12
0	12
8	5
12	37
62	28
87	23
0	18
0	20
0	2
0	98
0	98
0	41
0	28
0	23
0	23
0	28
0	22
0	8
10	3
0	0
1	2
0	2
0	104
0	98
0	98
0	111
1	86
7	103
0	45
6	24
0	11
48	231
0	218
0	36
154	10
26	19
0	22
0	44
70	94
0	4
0	3
0	16
0	17
0	15
0	21
11	110
0	110
0	11
0	23
0	30
27	12
137	38
20	234
15	208
2	29
4	0
0	40
13	42
0	16
4	23
0	21
0	8
0	0
6	5
7	0
0	5
9	5
0	10
35	0
34	78
0	54
11	55
0	53
0	33
0	33
0	17
39	22
0	19
0	10
28	11
0	11
0	11
0	0
0	52
0	51
35	0
52	17
11	6
0	6
2	36
0	26
0	36
0	15
6	9
10	77
0	91
0	91
0	0
4	17
0	17
1	17
0	17
0	69
0	74
9	64
34	56
9	47
0	0
2	0
0	0
0	47
0	47
0	26
4	61
12	98
0	18
0	19
9	84
0	7
8	7
6	148
1	148
59	13
6	16
0	13
3	5
2	0
59	25
0	11
21	43
0	94
0	66
0	41
0	3
8	1
0	0
0	30
44	30
0	29
0	43
0	43
0	23
816	10
404	3
28	3
24	5
23	6
0	0
14	11
0	4
4	4
25	7
9	0
0	11
0	10
120	11
14	52
0	2
0	4
0	16
0	22
0	22
0	2
17	1
50	5
16	0
13	5
0	0
0	44
11	12
5	40
17	1
6	129
9	139
22	6
24	56
0	17
0	50
34	47
0	47
0	238
0	231
0	10
115	245
0	13
0	76
5	25
0	6
0	44
564	139
0	93
3	46
58	46
5	0
0	6
0	6
0	68
24	21
0	15
14	36
0	68
47	22
0	22
121	0
0	0
23	362
7	336
5	30
0	27
8	15
0	15
7	33
1	33
0	13
0	39
0	100
86	109
19	21
2	0
0	0
4	86
1	0
1	0
11	1
0	1
0	17
0	20
0	20
0	1
96	0
0	15
0	15
0	15
2	15
0	15
0	11
0	115
0	115
0	56
0	63
0	63
0	0
0	0
0	9
0	0
11	0
13	0
57	0
5	215
0	125
0	210
0	15
0	15
3	0
0	0
1	5
0	0
0	5
364	126
23	62
0	62
5	2
7	71
0	47
0	58
0	19
28	14
1	0
4	5
0	66
11	40
1	14
0	19
1	0
0	40
0	181
0	181
0	181
0	17
12	9
0	0
0	9
13	85
0	56
0	79
6	10
17	48
92	7
10	7
0	7
6	46
0	46
4	60
0	15
0	18
0	127
0	134
0	80
0	89
0	96
0	82
0	21
0	17
0	18
0	6
0	12
6	11
0	11
0	7
35	7
0	6
0	6
202	6
11	6
0	16
5	16
0	13
31	23
1	11
0	11
0	2
3	12
0	0
0	0
23	2
181	135
53	122
0	0
35	0
63	42
11	135
0	39
0	5
4	46
0	4
7	6
0	6
3	42
217	1
78	40
0	9
4	31
15	53
69	53
0	11
96	0
8	110
0	114
0	72
0	72
0	73
0	9
0	4
0	2
0	16
0	16
100	57
0	48
85	24
12	19
0	24
37	14
8	0
7	5
0	5
23	3
0	0
0	24
0	40
5	4
0	4
0	4
0	0
0	8
0	6
14	12
5	15
7	12
0	6
0	15
0	2
0	6
0	9
21	6
71	13
0	7
0	13
104	27
7	20
0	4
4	7
0	10
33	21
0	21
0	839
5	23
0	96
0	48
0	971
0	228
57	16
4	1
0	0
18	35
10	8
1	19
123	38
3	12
2	16
10	10
0	16
0	185
81	244
0	183
0	48
0	48
0	48
0	48
10	2
0	39
0	48
0	48
0	48
0	36
97	142
0	142
0	49
0	48
0	37
0	38
0	20
17	0
0	2
0	1
0	4
0	2
0	0
70	3
0	0
0	174
10	19
0	52
0	19
0	25
0	19
0	25
0	141
0	21
1	23
0	174
0	12
1	22
0	12
0	9
0	1
1	1
0	7
0	1
1	0
0	0
16	0
285	48
0	48
11	110
40	30
13	0
0	77
4	2
0	0
10	21
22	0
4	31
0	10
0	24
0	7
0	29
0	22
0	28
0	6
0	6
0	0
0	13
27	235
46	13
1	111
0	13
1	96
0	42
19	109
53	85
0	7
0	53
20	32
0	31
2	0
17	0
2	19
5	6
17	6
2	19
0	11
0	11
6	67
0	41
24	12
0	34
1	5
1	5
0	27
4	5
11	0
27	19
8	1
42	0
3	0
46	13
0	12
0	12
0	12
0	12
0	12
0	12
28	0
11	53
0	0
0	0
0	55
1	9
0	55
172	55
0	66
12	0
85	28
1	3
0	137
0	131
0	8
0	8
0	14
113	11
0	139
29	0
0	9
0	60
0	51
9	58
0	28
0	15
2	10
0	10
34	0
0	81
0	13
0	38
0	1
1	6
22	6
0	4
0	0
0	25
0	25
12	0
0	5
0	0
19	17
0	25
0	12
15	5
0	86
313	93
17	1
0	92
0	17
139	25
0	11
21	12
0	2
18	10
158	6
51	10
30	3
6	0
7	4
4	1
73	42
0	14
0	17
0	21
0	62
0	15
42	13
22	13
6	48
5	1
0	28
0	2
0	0
0	0
0	37
4	9
0	0
0	12
0	5
28	37
0	0
0	9
0	37
0	0
0	5
0	5
6	5
0	5
0	0
0	2
0	6
141	8
0	40
33	42
0	9
13	9
0	9
23	0
16	49
0	49
0	51
0	42
0	4
1	0
0	0
4	0
0	26
6	61
14	7
33	61
0	1
58	41
0	55
3	14
0	2
0	2
1059	0
196	69
0	122
0	31
0	137
13	28
125	15
2	1
0	5
8	7
55	329
0	51
20	111
0	90
0	109
0	80
7	0
13	0
0	10
155	35
0	10
2	8
0	10
0	4
28	30
0	35
17	12
0	7
10	12
31	0
73	0
15	0
3	52
21	37
58	26
0	41
0	16
0	25
25	17
65	119
5	0
44	0
97	48
54	26
0	22
9	56
7	56
10	3
19	37
0	15
0	15
0	4
0	12
1	0
122	127
0	112
0	53
3	3
0	53
0	97
0	97
0	97
6	61
8	45
0	35
7	0
0	0
0	30
0	53
0	77
0	75
4	56
29	140
0	40
0	22
0	0
14	67
0	6
0	41
46	60
0	31
41	29
47	19
0	19
0	5
167	162
0	132
11	22
84	31
1	13
0	8
6	0
0	9
0	0
16	46
0	46
39	6
0	22
25	6
0	0
11	21
3	5
0	0
46	21
23	0
0	15
1	60
13	49
0	60
11	5
0	15
0	19
0	6
0	0
65	0
0	0
11	13
0	0
0	12
0	22
8	3
0	22
0	12
8	22
3	9
41	1
66	1
0	28
0	11
1	29
16	293
0	95
0	5
0	5
2	5
3	5
14	5
1	5
24	45
0	107
0	93
25	0
0	7
22	52
30	52
0	44
18	298
0	0
2	0
2	0
10	0
0	180
39	120
0	11
0	79
38	14
16	14
0	19
10	0
0	25
20	39
0	80
0	40
0	77
0	65
0	65
0	24
0	52
7	53
0	53
0	46
0	46
0	38
0	34
0	47
0	13
25	50
0	13
73	37
0	46
48	42
0	38
0	5
0	0
0	0
4	10
4	10
1	10
0	11
8	22
0	19
0	40
0	40
5	29
0	29
0	29
0	29
0	1
0	23
25	50
287	64
0	49
19	12
0	12
0	4
12	8
6	15
0	3
0	3
0	30
0	275
0	223
0	0
0	162
0	270
68	43
0	5
0	38
0	4
76	4
39	35
0	28
56	18
26	21
1	2
63	30
56	24
0	76
15	2
0	8
9	76
0	16
5	37
42	37
4	4
0	18
0	29
0	18
0	11
0	8
9	29
0	29
0	33
0	23
9	16
0	0
0	1
0	0
0	1
0	1
0	1
101	18
292	18
8	1
26	10
43	7
41	1
40	0
0	9
0	0
0	0
11	270
59	1
0	9
8	267
0	269
0	71
0	159
0	159
0	148
0	11
0	31
0	31
13	12
0	19
23	24
9	10
0	5
0	10
3	3
0	21
50	3
0	0
0	0
12	18
0	269
39	19
0	19
39	0
9	0
107	46
0	46
6	0
0	1
39	0
0	39
0	35
5	0
16	17
0	0
0	17
0	21
0	4
0	13
0	21
5	0
0	8
4	8
0	64
4	7
0	61
136	38
0	42
6	11
3	32
4	3
0	11
113	5
1	5
39	49
0	37
1	34
0	63
0	59
49	93
23	38
0	26
64	23
34	0
33	76
30	18
0	19
0	4
3	0
0	70
2	11
0	329
0	147
0	169
0	167
16	169
1	9
90	205
0	16
0	205
1	0
37	7
1	0
40	8
59	103
0	1
0	11
1	0
32	0
14	2
0	0
0	16
0	1
0	1
0	1
0	4
0	5
13	13
3	565
0	81
36	18
0	78
163	79
30	21
30	20
0	20
0	14
24	9
9	26
0	8
1	4
18	9
31	39
50	59
1	57
6	15
5	21
138	17
55	46
0	0
0	2
1	5
0	35
0	0
2	44
0	28
0	6
0	22
0	22
2	15
19	252
0	14
0	4
16	22
16	14
0	0
0	22
0	23
0	19
0	4
1	4
4	22
0	4
40	0
0	0
6	0
46	35
24	34
0	41
1	6
0	0
0	7
21	60
0	29
0	29
0	34
0	38
1	23
0	0
2	6
6	6
4	54
14	38
0	45
0	24
0	2
0	7
7	2
1	0
8	12
10	33
1	0
26	21
40	75
2	1
9	0
0	1
0	1
5	0
0	1
7	0
2	0
0	36
0	36
27	20
0	20
0	13
8	15
0	11
16	88
0	8
122	18
67	59
0	9
14	15
1	24
0	25
0	25
0	25
23	24
12	27
0	13
0	22
2	20
47	0
0	558
0	54
0	195
0	195
34	42
0	90
0	90
0	53
0	12
0	33
0	27
23	90
43	21
0	35
0	21
0	21
30	106
2	34
5	26
0	28
0	29
0	31
0	15
0	1
0	11
0	11
0	17
0	12
0	15
8	0
0	8
0	1
0	2
0	7
0	2
0	2
0	1
14	0
0	2
2	0
6	0
0	28
0	29
185	18
67	18
0	46
0	61
0	61
0	15
0	21
24	6
0	112
0	0
0	25
0	0
0	0
1	0
0	0
0	0
13	107
0	0
25	16
7	109
0	94
0	96
75	100
0	20
0	9
0	9
1	6
0	4
0	7
12	4
0	13
4	33
18	58
0	25
0	58
0	32
0	0
0	13
0	25
0	4
5	2
14	0
51	0
12	42
1	37
38	0
0	40
0	40
15	3
28	3
0	3
7	20
0	13
0	6
7	6
0	12
3	54
27	37
12	42
0	42
0	0
0	35
4	64
30	37
197	23
0	5
34	13
0	13
0	52
1	52
3	4
5	52
68	29
24	31
4	29
3	34
0	34
0	29
0	4
0	0
1	6
3	1
11	0
2	43
1	111
105	86
33	4
0	71
165	95
0	6
0	30
0	0
154	54
31	54
1	73
7	73
0	15
0	6
0	24
0	30
0	30
0	16
1	18
2	18
2	152
0	11
0	8
0	44
0	13
0	4
252	732
13	172
0	16
2	16
0	155
6	77
0	77
4	18
0	18
0	3
20	8
18	86
40	6
0	0
0	0
3	0
0	0
13	0
0	1
0	115
0	115
7	0
0	115
71	0
56	44
14	15
0	4
5	115
1	4
10	25
0	0
3	4
0	6
0	0
0	54
41	48
35	67
0	0
0	32
0	1
0	1
17	32
0	2
3	3
0	46
0	62
0	2
71	158
0	158
0	30
221	8
7	0
51	0
21	54
0	23
0	0
47	145
0	46
0	8
6	8
9	0
103	81
0	58
151	3
50	3
2	6
0	1
0	6
0	6
0	0
0	46
0	46
0	18
3	6
0	81
0	94
14	98
8	49
0	34
0	0
0	31
16	7
0	8
0	18
1	739
131	0
86	77
0	0
0	1
0	0
0	0
0	77
8	0
88	12
3	12
56	65
9	185
0	193
0	11
0	8
78	53
3	9
0	53
0	75
0	75
0	8
0	75
34	49
0	49
3	1
2	0
4	8
10	8
0	14
0	6
42	28
0	49
105	0
0	119
0	119
0	0
177	0
163	45
11	49
0	23
13	23
99	21
3	56
0	38
0	22
0	22
56	18
0	18
9	3
13	3
33	10
0	40
4	37
30	48
0	119
0	112
0	119
0	102
0	95
7	95
0	10
21	6
0	1
0	5
0	5
0	5
0	5
0	107
0	112
0	90
0	0
15	23
2	23
0	2
0	15
11	73
19	0
27	3
6	3
70	3
0	3
25	2
0	2
4	49
0	49
0	54
16	54
32	1
15	7
3	0
60	8
8	6
12	0
60	14
37	14
2	11
5	9
5	0
3	2
1	31
0	31
0	9
36	30
37	9
1	5
0	4
3	20
0	16
0	0
59	45
1	32
0	18
12	20
0	4
0	75
97	3
0	3
11	50
0	50
0	53
0	34
0	56
96	101
0	57
0	83
12	0
4	9
0	0
76	33
52	33
223	0
0	0
9	0
9	6
0	5
0	4
64	35
0	35
0	35
42	35
11	0
4	0
0	0
13	0
0	45
0	53
0	45
0	138
0	131
0	123
0	0
0	10
0	18
369	0
21	10
25	10
40	2
0	0
0	0
0	0
18	75
0	56
0	56
0	760
30	760
0	21
0	11
0	6
0	5
1	5
0	5
0	1
0	5
0	5
4	0
0	0
79	24
0	4
23	58
0	23
197	0
44	112
10	4
0	0
3	2
46	105
46	0
0	31
43	31
0	17
0	15
0	0
0	15
1	10
0	9
15	17
0	445
0	439
0	403
6	81
0	23
0	31
0	23
0	31
9	0
32	16
0	16
0	13
7	0
1	95
4	90
5	5
0	5
0	1
6	1
5	0
33	29
140	58
62	6
4	6
10	6
0	13
0	35
0	34
55	13
0	73
0	73
9	75
0	23
21	33
0	23
6	9
0	9
114	9
1	12
0	3
1	9
0	0
24	32
0	32
0	14
9	0
29	99
0	110
1	99
0	70
0	46
20	9
6	1
9	1
178	10
8	34
22	11
0	30
0	34
7	7
58	0
1	258
0	258
24	56
15	15
8	1
4	244
0	199
0	199
0	189
0	13
14	10
0	244
399	49
15	0
0	49
0	79
8	3
50	4
0	45
0	3
0	0
0	45
8	4
0	4
41	24
4	13
6	13
0	14
0	11
0	24
0	19
0	71
28	19
18	19
11	7
28	9
103	57
5	0
0	6
0	1
2	14
0	1
0	13
0	8
0	14
2	0
46	37
4	37
7	5
49	10
18	3
0	3
0	112
0	457
0	457
0	34
0	33
15	107
0	107
92	65
0	65
0	0
0	0
18	0
0	16
387	59
0	53
9	6
3	14
176	101
0	12
0	23
0	10
222	348
0	8
0	256
0	81
35	81
1	46
0	55
0	0
0	1
1	1
0	9
0	4
0	0
0	0
7	0
12	31
2	14
0	338
0	338
0	241
4	15
9	14
0	448
29	9
0	9
0	18
85	18
0	48
0	48
0	48
0	28
29	3
0	140
46	140
13	28
12	0
21	105
0	105
3	12
0	12
17	0
0	6
0	0
368	118
0	148
3	148
0	8
0	18
0	1
0	1
86	141
0	80
1	108
0	47
0	86
194	95
0	39
18	12
0	18
0	7
0	7
0	6
0	5
0	5
0	5
26	71
72	120
38	0
0	0
0	51
51	45
0	8
0	18
0	35
0	17
0	12
447	0
0	0
0	0
37	55
0	44
0	42
0	25
0	25
0	25
0	5
0	0
0	5
0	11
0	0
1	0
0	29
0	68
30	6
0	0
67	31
0	3
0	0
3	81
11	38
0	81
0	15
0	4
4	33
0	29
5	20
108	0
0	0
0	0
0	14
0	14
108	101
0	101
0	18
0	18
2	101
0	100
0	94
0	98
0	54
0	66
0	60
17	0
7	8
12	33
33	18
44	17
85	10
0	17
6	18
0	6
0	16
0	0
0	1
3	69
0	69
0	64
6	64
6	11
0	10
0	2
10	7
0	19
7	23
0	92
111	21
74	21
0	69
0	12
0	72
5	3
57	15
45	19
16	52
0	4
3	2
0	21
0	21
0	7
0	65
0	49
0	107
0	110
12	77
20	33
0	77
0	10
0	10
0	6
28	45
67	17
7	14
38	11
2	3
6	39
29	33
0	0
7	1
0	1
0	1
0	1
7	15
0	0
0	0
0	0
0	1
0	1
38	0
0	161
5	161
0	9
0	15
0	15
0	6
1	6
13	83
36	83
1	60
41	83
0	60
0	13
3	11
0	7
0	83
1	43
0	26
0	7
2	24
103	0
10	37
0	24
19	68
0	10
87	35
0	8
18	35
4	2
3	43
0	43
42	4
32	17
0	0
79	15
0	5
22	62
0	29
0	7
0	2
0	2
0	7
0	8
0	16
0	44
0	3
27	26
11	0
0	40
2	18
0	40
0	33
8	0
202	112
0	112
0	77
13	24
0	0
0	49
0	4
0	4
0	4
18	26
0	28
0	21
4	2
0	2
0	2
10	2
6	4
0	60
0	10
2	18
0	61
141	0
5	3
0	112
3	156
8	60
4	14
0	40
0	9
0	258
0	258
0	11
12	11
7	5
7	15
10	47
0	9
0	9
0	156
0	156
0	56
0	58
0	9
20	0
10	1
0	0
0	0
0	0
0	0
0	1
0	0
8	0
0	0
0	7
0	7
0	5
0	0
0	0
0	0
21	118
71	75
0	118
138	2618
0	35
6	124
1	562
0	4
31	2514
7	67
0	67
0	110
33	106
0	4
18	0
10	18
804	0
0	110
0	39
0	60
0	60
0	60
0	60
0	60
0	60
0	60
0	60
0	60
0	60
0	71
0	46
0	24
0	30
0	46
0	22
0	22
0	22
0	43
0	30
0	49
0	50
72	50
0	4
0	18
0	18
0	34
0	38
0	43
7	0
0	57
0	2
0	2
0	62
40	71
0	13
0	103
10	31
6	28
4	28
17	90
0	38
1	59
129	0
0	16
0	20
0	20
0	20
3	71
0	112
16	114
0	42
42	25
0	1
1	25
0	21
5	20
0	25
0	25
0	225
33	230
0	179
63	181
4	126
0	116
0	17
0	61
0	71
0	70
0	70
0	26
0	62
83	0
0	0
44	50
0	48
17	21
0	12
0	22
0	21
0	9
0	13
0	0
0	45
0	62
0	51
0	0
0	31
21	0
0	9
6	11
0	12
8	0
0	0
0	11
127	11
0	6
0	5
0	28
32	28
0	28
1	6
32	281
0	136
0	0
2	0
82	162
22	186
3	0
9	0
0	11
36	92
3	92
0	4
0	2
4	2
0	1
0	2
94	71
0	71
34	1
0	1
8	0
21	1
0	1
0	18
1	27
0	19
1	10
0	18
0	18
0	0
3	22
7	57
0	57
0	0
0	8
1	16
291	0
12	0
0	0
0	19
2	19
0	15
3	11
56	0
7	53
3	53
9	6
0	23
16	23
8	0
9	0
4	0
5	0
0	37
0	132
0	193
0	185
2	0
1	121
13	0
0	11
0	2
0	11
0	11
0	11
0	63
0	83
0	63
0	83
11	6
29	7
0	5
0	16
0	16
0	15
39	11
0	11
11	26
0	12
41	23
20	11
0	15
0	34
17	5
0	5
0	42
3	42
0	9
0	33
31	33
7	3
2	3
1	7
0	15
0	2
0	35
0	0
0	10
34	12
0	1
0	0
0	46
28	48
7	50
14	49
7	49
0	11
18	4
0	2
0	0
6	0
0	29
0	29
8	29
0	8
53	24
12	20
0	8
0	65
0	65
12	36
8	36
63	25
0	11
0	25
4	32
0	6
0	32
0	30
18	16
29	33
0	4
0	21
0	10
0	14
4	5
0	9
0	6
0	15
5	43
0	3
0	43
0	1
0	0
3	84
0	84
0	11
0	6
0	5
0	97
0	6
0	3
3	7
0	4
11	98
0	0
26	9
0	2
443	0
80	0
4	104
2	102
0	10
0	9
0	8
1	1
0	174
0	174
0	0
0	1
7	0
0	0
93	24
0	24
0	31
101	31
16	38
0	40
5	40
0	40
0	4
2	13
54	18
0	0
0	0
0	0
0	43
0	23
108	245
0	158
0	76
0	4
0	0
1	2
2	135
1	27
5	2
0	52
0	1
75	128
7	19
0	9
0	3
16	19
0	16
12	0
0	866
82	821
0	849
42	108
0	69
12	27
348	29
0	48
0	15
0	20
0	7
1	1
9	24
23	93
0	93
40	50
0	71
37	21
1	65
2	25
63	20
0	45
16	0
14	0
0	83
0	83
29	98
13	28
0	0
0	15
10	22
30	0
80	127
0	44
8	35
28	13
0	85
0	88
119	5
0	0
0	5
0	15
0	19
0	15
0	15
0	15
3	19
0	15
0	15
24	0
106	43
0	5
8	7
0	5
0	20
0	28
0	26
1	0
1	0
0	22
32	56
0	21
0	34
0	0
10	64
22	40
0	58
0	34
0	29
8	14
3	14
0	3
15	3
0	1
13	0
0	0
0	0
4	1
12	0
78	30
0	1
9	0
42	16
0	12
0	2
0	78
105	48
0	41
32	84
0	17
0	10
0	28
143	11
7	8
15	56
0	20
34	1
24	15
3	12
0	2
63	7
0	2
0	2
0	0
0	0
0	2
0	2
0	2
5	0
0	2
31	0
0	214
0	214
0	206
7	214
0	468
0	70
0	14
0	0
0	22
2	22
0	0
1	468
0	147
5	163
0	136
0	98
0	16
0	12
0	12
0	9
0	12
17	39
24	39
0	11
26	11
18	0
22	0
0	2
0	10
53	2
28	179
0	34
0	34
0	76
0	76
0	76
0	21
11	39
0	39
4	22
262	6
0	16
0	9
0	10
0	6
0	1
195	35
7	43
0	7
0	11
0	3
0	3
2	3
64	0
0	89
0	77
3	70
3	36
9	8
102	4
21	7
7	100
0	29
0	22
0	30
0	30
6	17
4	23
0	38
1	4
158	0
2	22
0	23
15	15
0	15
0	857
0	857
6	184
0	39
153	2
28	1
115	106
0	106
1	17
0	26
0	27
0	15
0	0
5	16
0	16
46	0
38	59
0	52
0	17
249	197
6	197
30	67
0	18
21	29
8	1
0	44
0	42
23	33
0	4
0	3
3	4
0	0
1	1
55	277
82	42
28	27
0	38
8	53
0	3
8	42
0	7
0	24
0	25
0	200
7	64
0	42
0	34
0	66
3	0
0	257
57	28
4	28
13	83
0	83
0	144
0	125
0	62
47	4
0	154
0	154
33	25
0	24
0	1
4	20
4	3
0	3
4	20
0	84
9	65
0	84
32	74
28	81
0	17
0	84
74	10
0	17
0	8
0	7
0	5
0	5
0	24
0	4
6	10
9	372
9	12
0	10
0	0
0	8
0	2
152	385
90	16
0	22
7	18
268	92
0	79
28	43
0	12
0	13
0	6
135	223
0	81
0	45
0	14
11	22
1	12
5	8
13	87
13	65
0	12
0	7
6	6
0	2
0	14
71	8
8	8
0	4
94	36
0	36
148	21
0	9
0	9
0	5
0	18
59	37
0	13
0	3
0	3
55	10
0	0
0	237
25	26
0	43
9	43
10	0
60	8
0	1
0	66
0	63
0	0
6	0
4	0
0	24
0	58
0	12
0	236
29	6
0	17
14	18
0	23
0	21
0	21
0	2
0	6
50	7
24	116
0	112
4	0
13	7
0	0
0	0
5	53
0	15
0	8
10	38
0	7
0	37
0	38
0	38
0	9
1	8
30	95
0	99
14	77
25	53
0	0
2	0
21	37
1	11
0	43
14	12
0	9
0	2
0	0
3	48
0	30
0	46
0	6
0	29
92	0
0	145
4	145
6	145
6	0
17	21
13	7
0	7
2	0
0	0
0	0
123	33
19	26
0	4
0	0
1	2
79	194
0	75
0	25
0	25
33	26
4	7
0	23
0	14
2	3
0	12
6	6
0	7
11	0
0	0
4	6
4	0
7	0
9	0
5	0
0	0
12	107
0	105
0	59
105	37
13	6
0	34
3	34
0	22
2	21
0	22
0	1
26	0
60	12
0	5
33	46
11	16
25	5
7	32
5	290
0	290
0	284
0	282
0	28
0	9
0	20
6	16
4	16
0	11
0	37
23	38
33	286
60	10
0	24
0	10
0	1
0	18
8	0
0	10
92	44
31	14
8	36
0	21
0	15
0	30
0	6
54	8
0	8
18	4
0	39
0	39
11	27
0	16
0	31
0	15
122	132
0	25
11	8
0	8
193	118
564	205
24	176
0	182
17	146
395	104
0	103
0	32
7	0
5	0
23	4
55	7
0	9
3	9
0	5
8	16
15	0
0	0
20	16
13	18
0	18
0	84
0	104
22	77
15	72
0	35
0	0
0	20
35	47
36	50
0	5
0	4
0	8
162	201
13	37
6	15
163	8
206	173
0	2
0	118
284	7
3	0
0	121
56	6
6	26
23	26
0	13
0	68
0	68
0	31
31	3
5	3
497	0
0	57
8	2
0	55
0	5
5	34
15	50
149	271
47	63
16	0
3	9
0	3
16	16
0	16
0	52
4	36
0	30
0	36
0	33
0	3
4	40
0	36
0	36
0	40
10	31
0	28
141	289
47	267
31	0
0	218
11	20
0	20
6	0
0	0
2	35
16	69
0	69
29	32
15	3
0	8
0	3
129	0
0	143
0	138
0	5
4	7
4	7
15	81
0	81
30	28
0	253
0	253
0	253
0	0
3	31
0	19
52	22
0	17
0	6
0	1
8	2
0	2
0	2
0	1
0	4
25	0
11	77
0	77
6	17
7	17
28	0
5	49
0	24
0	2
0	23
23	0
0	76
0	76
0	15
0	13
42	17
0	17
3	0
0	0
13	0
86	187
0	4
15	24
0	33
0	0
0	0
0	0
0	0
20	9
0	9
550	81
18	67
0	34
0	57
50	18
5	0
0	7
0	7
3	11
46	115
0	125
0	125
16	35
0	27
0	125
0	146
0	146
7	15
0	2
0	29
1	6
0	38
0	38
11	147
7	169
2	169
20	0
597	169
9	210
37	19
0	0
0	248
0	257
14	0
0	9
0	9
0	9
0	2
0	2
0	2
37	150
10	143
27	76
42	323
27	8
0	84
0	24
0	16
0	16
0	0
116	62
2	62
21	42
118	33
1	3
0	9
5	0
0	23
0	8
0	8
3	0
3	0
0	0
3	33
0	41
376	90
0	18
14	38
0	35
0	35
0	35
2	4
25	26
4	8
0	22
0	22
0	3
32	27
41	27
0	20
56	27
10	0
75	0
0	10
4	10
0	6
76	112
628	122
46	8
0	8
105	312
0	37
507	275
0	26
0	26
1	18
0	2
0	3
0	32
71	83
38	84
5	24
0	108
4	91
21	70
1	45
15	55
0	55
3	17
0	0
1	0
0	17
0	17
11	0
0	31
0	31
0	12
51	97
40	59
18	61
0	93
0	7
0	46
1	18
0	19
14	14
484	13
0	13
12	23
0	80
72	0
2	1
9	15
0	92
18	17
0	0
0	17
1	0
0	17
6	9
0	0
26	21
0	14
1	14
29	3
0	116
0	116
0	116
0	11
2	34
0	9
8	31
0	3
7	2
43	321
0	289
0	289
0	289
15	0
0	0
72	288
65	33
0	15
0	23
1	0
5	3
0	3
193	27
29	1
26	26
190	64
19	58
0	2
0	58
0	75
12	83
0	23
0	39
3	9
1	9
0	39
62	17
11	15
0	17
0	0
4	0
0	16
22	132
7	20
60	399
0	15
1	2
6	2
0	26
0	18
0	4
0	4
0	6
0	4
1	2
36	0
8	41
0	41
38	0
0	855
0	556
27	0
0	34
0	33
0	33
4	9
0	7
7	9
35	12
27	37
0	14
0	18
0	18
0	10
6	27
30	1
0	0
9	1
0	20
0	0
22	0
0	27
21	317
12	30
0	65
8	17
10	0
0	0
33	9
0	8
0	276
270	86
0	40
10	5
0	5
0	111
22	111
1	125
0	204
0	0
0	0
0	51
0	13
0	78
0	71
15	11
4	0
10	1
0	73
0	73
74	58
0	58
0	162
71	61
0	155
0	66
0	26
0	6
0	54
0	54
0	54
0	54
0	54
0	54
0	20
0	19
0	63
34	22
0	13
0	18
0	2
0	63
0	71
9	489
57	174
6	174
9	11
0	2
0	0
0	3
7	3
0	2
0	2
0	1
115	3
28	22
0	16
0	17
0	6
3	32
19	27
0	28
0	28
0	22
3	0
8	0
24	36
24	153
49	235
208	549
0	108
0	8
0	111
125	142
0	31
18	5
13	0
0	13
85	61
0	123
2	29
0	6
7	1
0	11
46	28
1	26
6	12
169	15
0	5
0	5
0	18
1	18
0	35
0	11
0	32
0	31
88	43
0	10
0	13
8	21
6	139
0	94
0	48
8	48
0	21
0	6
0	5
51	5
0	0
0	0
81	15
0	57
0	4
0	57
0	57
28	94
0	8
0	0
0	13
0	29
6	0
1	0
0	0
1	9
104	0
0	1
0	15
0	2
11	10
53	5
0	5
0	15
11	54
0	49
4	3
0	15
0	8
0	8
0	5
50	24
0	6
1	1
111	26
0	8
0	8
700	0
119	0
14	21
0	30
45	128
0	35
0	6
0	43
0	11
52	0
6	38
0	35
1	3
9	5
0	19
0	11
0	9
6	0
8	2
0	56
0	24
0	27
0	24
0	4
0	7
0	7
10	4
3	0
0	20
0	56
25	17
1	0
54	7
0	0
0	10
33	0
12	105
0	16
0	53
0	66
3	5
44	0
0	82
5	0
0	66
0	7
0	6
0	66
0	23
0	21
5	30
0	21
0	21
0	22
0	21
0	26
0	2
0	7
0	86
0	97
0	176
0	74
0	210
0	86
0	176
0	4
0	0
0	15
8	15
0	212
0	211
0	190
0	173
7	13
15	43
5	0
24	43
66	41
0	18
25	20
64	24
1	12
0	24
32	37
23	96
33	63
86	106
0	88
43	270
1	270
25	0
75	23
1	27
0	79
0	25
0	25
79	73
35	59
0	64
160	342
0	290
0	43
20	6
13	64
29	0
8	26
0	15
68	26
4	0
0	12
0	10
7	10
0	12
6	72
0	72
0	29
75	51
10	51
0	43
0	9
0	0
0	11
0	11
0	39
0	39
0	43
22	16
0	12
0	12
4	9
229	148
2	17
0	1
0	1
0	1
0	1
0	145
0	19
0	13
0	3
0	5
0	10
0	2
7	0
0	4
0	0
53	103
0	19
6	9
0	15
7	91
0	14
0	121
0	3
0	2
0	2
0	10
10	2
2	121
159	127
35	11
12	0
1	0
22	127
37	32
4	85
0	85
1	35
2	1
59	23
25	0
14	102
0	90
0	6
0	1
0	8
0	20
5	14
0	96
0	15
0	10
30	26
36	9
0	9
0	9
0	9
0	5
19	23
23	29
0	8
0	3
0	0
12	73
3	75
0	95
0	95
0	95
0	70
9	0
73	165
101	191
0	129
1	9
0	496
0	81
0	26
8	470
90	248
1209	586
0	115
10	29
0	10
0	29
8	73
0	73
0	63
3	6
0	19
78	155
0	152
0	99
0	73
0	29
44	3
1	3
0	0
0	0
0	339
176	438
0	246
0	277
0	64
166	189
0	43
573	145
70	0
5	0
14	126
0	147
0	147
49	27
0	27
31	11
10	6
0	3
23	0
0	0
0	90
1	5
0	66
52	0
0	61
0	61
1	19
49	61
12	0
140	116
0	6
0	6
0	9
7	0
9	26
26	0
34	105
0	16
0	0
4	12
0	4
0	4
0	7
0	7
0	12
0	12
0	12
0	8
43	2
7	11
0	0
63	0
139	34
15	34
21	0
0	43
0	43
0	5
0	5
5	11
3	6
5	162
0	162
0	172
0	175
0	167
0	163
0	31
8	29
0	6
0	10
0	22
51	8
0	7
36	7
18	0
210	46
2	0
0	0
0	4
0	5
0	78
0	23
0	23
29	23
0	10
4	0
12	23
7	50
0	23
0	36
0	18
0	6
0	6
31	8
2	8
0	7
3	1
24	29
130	29
0	12
26	6
0	22
9	1
0	0
0	1
0	0
0	0
6	0
81	0
2	9
0	9
0	9
833	1565
0	19
13	12
0	19
0	17
0	11
0	2
0	10
0	10
2	0
0	9
0	1
0	1
14	72
0	70
9	72
87	8
77	3
3	35
4	35
0	25
0	11
5	19
0	5
12	1
1	4
0	4
50	20
0	15
0	5
18	3
15	25
0	2
0	3
70	87
31	87
0	42
0	41
0	8
0	34
0	49
0	29
0	27
0	38
0	27
1	2
0	28
0	33
43	13
18	1
0	36
0	7
0	0
6	0
0	21
0	5
0	5
0	83
7	83
13	93
0	27
200	117
0	117
0	54
97	20
22	83
0	106
0	85
0	76
0	59
0	11
0	11
1	50
0	0
31	0
7	0
1	0
14	0
15	17
36	17
0	17
10	0
0	2
0	0
26	2
0	2
0	48
10	0
0	0
0	33
70	48
23	60
0	46
0	60
0	64
0	60
19	64
0	45
0	25
0	4
26	0
16	0
0	102
6	80
11	102
1	2
5	0
6	27
0	27
0	103
176	27
47	35
150	88
5	0
16	0
9	0
0	0
44	19
0	19
0	34
0	34
0	34
0	3
12	161
0	216
0	124
0	131
39	42
94	12
0	4
0	4
0	78
0	34
2	17
0	17
1	17
15	18
0	17
145	64
0	49
40	61
0	64
0	7
0	10
69	7
0	12
12	28
0	28
0	0
0	0
18	8
28	0
0	48
0	48
6	0
0	52
0	52
21	43
0	39
0	61
45	0
0	78
0	78
12	65
0	53
2	12
8	0
33	30
0	2
0	0
0	0
0	7
0	7
0	2
2	7
2	0
0	2
35	20
32	20
0	10
15	20
0	0
0	0
118	9
1	0
0	3
0	111
0	53
0	28
0	136
2	5
0	36
3	37
0	19
0	2
5	2
7	7
0	5
0	287
35	22
30	0
27	53
0	287
0	9
0	27
0	27
0	9
0	0
10	127
0	41
19	6
0	13
0	13
0	6
9	18
0	5
758	128
25	58
14	223
0	187
0	42
5	0
4	92
43	29
0	63
0	24
4	24
3	466
4	156
0	179
3	186
0	160
0	0
5	21
6	10
1	10
0	15
0	10
61	9
0	39
6	17
15	179
22	130
0	88
0	19
95	103
0	15
0	0
0	6
1	0
0	165
9	13
0	15
0	11
0	0
0	4
0	0
23	0
14	20
27	20
0	1
0	1
0	19
0	24
32	107
0	40
15	85
58	2
144	25
0	24
0	13
254	139
0	6
4	3
0	3
14	2
13	2
10	518
0	7
0	7
0	53
1	48
0	12
38	0
24	8
0	124
5	79
0	50
0	18
0	20
0	4
0	3
0	124
0	21
2	8
0	45
34	84
0	15
0	84
0	16
0	2
2	0
0	2
23	69
0	2
0	2
0	2
72	72
382	21
43	26
7	47
0	15
4	2
0	2
0	14
1	19
3	14
0	17
0	12
15	12
0	12
5	5
8	1
0	1
0	12
20	52
78	52
30	43
0	14
0	13
0	12
21	25
0	25
184	0
0	8
0	12
0	18
16	0
11	15
0	11
0	17
0	0
0	23
0	29
30	16
104	22
71	16
0	9
26	86
0	86
8	0
29	49
0	0
0	19
10	60
80	69
11	57
10	78
11	8
0	3
34	22
0	17
13	0
0	0
59	31
1	20
6	17
0	10
11	0
7	2
1	8
110	133
0	133
0	133
0	10
11	9
19	7
0	7
0	111
0	111
0	87
0	111
0	10
4	14
6	35
5	20
0	19
0	98
0	69
0	58
93	7
0	0
0	0
4	0
0	21
0	0
0	21
48	11
6	100
0	79
0	98
0	75
5	16
0	0
0	0
0	0
0	0
0	60
0	0
12	15
50	18
0	37
0	27
0	27
0	33
0	23
0	55
34	55
7	7
64	10
0	61
0	62
0	58
0	66
62	59
0	25
1	8
0	25
62	0
7	14
0	110
14	110
41	76
15	30
0	12
0	12
0	12
11	30
25	13
0	13
13	16
12	17
0	17
3	0
162	0
21	371
0	169
0	20
0	31
43	346
55	9
74	48
0	46
37	36
0	24
39	18
0	0
0	1
0	0
3	10
12	12
0	3
0	6
0	6
0	5
7	18
0	77
11	70
0	31
0	70
0	77
0	72
0	72
45	0
0	22
0	65
8	75
0	20
0	284
0	0
0	9
26	10
0	25
0	5
0	5
0	5
16	5
0	12
0	7
5	10
0	10
120	19
0	109
41	98
0	0
0	4
3	9
0	0
2	5
8	5
15	73
49	25
0	71
0	24
0	6
3	2
72	0
2	13
0	13
62	106
65	33
0	21
0	15
0	7
0	10
1	2
0	3
12	23
4	1
0	25
0	6
0	6
74	3
9	3
0	0
8	0
171	53
19	33
0	61
0	7
94	48
2	30
14	49
22	49
5	12
0	37
0	37
0	28
0	7
8	45
0	45
0	11
0	23
10	80
0	76
0	80
0	20
8	1
5	1
19	33
0	6
52	12
0	382
186	375
193	0
42	64
0	64
0	64
6	5
0	11
0	21
1	6
0	2
63	9
54	23
0	6
72	191
0	22
3	7
2	3
269	224
0	107
5	0
2	15
1	0
0	10
24	137
0	47
0	224
0	17
0	17
47	3
0	3
0	3
0	23
0	23
157	54
0	47
11	22
0	2
0	2
0	36
0	36
3	36
0	17
0	0
15	11
0	0
55	41
12	41
16	16
147	5
0	5
0	34
0	35
0	34
0	5
40	15
0	0
0	3
44	76
0	15
18	24
0	11
0	24
7	14
0	11
0	24
0	24
0	10
0	23
0	10
0	21
0	22
0	3
0	10
22	0
0	0
0	0
0	24
159	147
0	5
40	0
47	62
0	18
1	17
0	162
0	162
0	119
22	28
0	174
1	9
0	9
6	11
0	31
13	61
21	79
0	79
3	118
7	154
0	10
19	53
0	182
1	13
0	13
0	13
5	0
0	4
0	4
6	0
27	23
0	21
45	6
4	0
7	57
131	25
0	16
0	16
8	35
29	62
4	62
0	18
24	43
0	35
21	10
2	0
8	10
16	25
0	10
3	0
0	15
1	10
0	11
0	11
0	47
169	61
34	89
120	32
0	21
0	35
0	17
0	13
115	5
3	8
0	0
0	37
0	36
3	0
4	10
5	1
0	23
0	94
0	13
0	7
0	60
5	22
0	21
0	6
0	6
20	137
4	37
4	14
0	20
8	5
15	217
89	217
349	5
0	60
0	28
13	17
0	50
0	50
98	55
61	55
0	2
0	0
0	0
0	0
0	0
0	13
20	13
0	13
0	0
11	0
0	0
0	55
55	1
110	78
0	5
0	46
0	30
7	6
4	5
1	1
0	16
0	20
0	5
0	5
0	55
0	48
0	54
0	55
0	55
0	56
0	55
2	62
0	0
0	8
0	9
34	0
0	55
3	21
8	0
0	0
0	16
5	18
0	21
14	189
0	189
7	144
16	68
0	13
6	6
0	9
39	7
0	0
0	189
5	9
0	5
3	11
0	24
0	29
0	5
0	9
0	0
0	0
23	47
11	16
0	6
0	6
0	6
9	45
0	0
0	1
0	1
44	50
0	4
0	5
0	0
32	45
0	0
0	7
0	0
0	0
0	0
0	0
0	0
0	7
0	91
5	91
35	28
95	255
1	255
27	223
2	0
0	2
0	1
2	1
74	2
0	1
0	218
106	0
0	119
217	119
0	7
0	6
21	27
21	16
0	12
0	19
31	0
2	0
0	18
0	18
11	18
0	3
0	32
17	32
6	7
49	383
0	378
0	393
0	298
0	133
0	128
1	154
0	11
0	14
37	26
0	26
0	0
55	20
0	7
74	19
2	19
0	0
1	0
24	39
0	9
46	88
0	0
0	421
0	38
0	421
0	49
0	9
229	67
0	19
0	0
203	113
182	155
0	6
0	33
0	7
5	18
192	0
153	31
7	4
2	13
0	0
9	0
14	10
2	4
3	9
0	4
0	10
0	10
0	1
1	1
0	1
3	150
108	157
6	5
1	10
4	4
23	63
0	69
15	10
0	14
277	10
0	12
0	16
0	12
0	16
0	5
0	29
0	28
0	29
0	14
92	0
135	42
0	13
0	10
0	0
0	1
0	1
23	3
1	12
3	9
0	18
0	6
1	5
340	29
21	38
0	0
7	114
2	114
0	114
0	114
0	20
1	114
0	2
32	114
0	2
301	65
0	28
0	65
0	2
4	0
15	79
0	79
0	79
0	32
0	21
0	21
0	12
37	114
83	113
0	7
0	0
0	0
0	0
0	8
0	27
0	28
0	31
4	27
0	4
0	7
0	6
0	13
0	4
0	0
0	4
1	4
232	0
295	0
119	0
0	36
54	63
8	4
0	63
66	14
0	1
0	13
3	34
0	0
1	43
0	4
0	85
2	85
9	0
31	11
0	8
12	3
22	36
0	36
0	16
0	51
0	46
0	11
11	1
0	4
17	13
3	13
32	20
0	20
0	3
0	3
110	3
0	10
0	5
0	3
0	0
0	0
0	9
60	0
35	0
0	3
16	43
0	34
0	9
4	3
12	28
0	50
5	2
0	8
0	0
0	0
0	52
0	52
0	44
0	44
0	108
23	126
0	15
35	413
0	404
3	9
47	16
0	414
0	413
636	516
0	354
0	0
0	0
136	0
0	307
0	404
0	331
8	433
61	0
1	29
0	29
0	24
0	24
3	1
0	12
12	12
0	0
87	212
127	239
0	3
51	243
0	217
0	5
39	69
1	28
0	0
0	0
0	2
84	2
0	0
0	4
36	17
0	0
46	61
0	57
0	4
0	0
7	0
0	13
0	22
2	0
0	0
0	11
0	11
28	2
40	7
17	7
0	2
0	115
0	115
4	115
0	115
72	3
0	3
0	223
4	223
8	56
12	6
6	6
3	3
35	71
3	71
0	3
3	3
0	3
9	0
10	70
149	41
0	24
0	9
0	53
60	48
86	210
32	209
0	4
0	1
0	7
0	7
1	8
1	8
25	8
0	0
0	1
0	1
0	8
37	48
0	4
36	2
0	41
0	41
0	16
0	48
63	3
5	3
148	40
0	5
62	33
16	0
1	0
9	0
0	48
0	0
16	29
6	11
8	22
7	80
8	11
1	4
0	4
0	6
0	65
0	6
16	18
0	18
5	2
0	1
0	2
4	2
0	62
0	62
0	62
0	27
0	18
0	18
3	0
0	0
0	0
44	1
0	1
13	0
13	10
0	10
89	132
0	8
8	33
0	98
0	0
1	15
12	36
4	8
7	25
226	39
0	1
172	0
0	0
6	0
0	0
27	3
10	15
21	7
0	7
19	10
0	10
0	0
0	10
0	0
0	7
0	7
41	0
0	0
0	0
0	3
3	2
0	1
10	1
45	17
51	12
0	10
7	12
7	4
0	7
0	0
21	35
15	30
0	20
0	0
3	5
2	4
21	173
0	135
0	4
0	0
0	0
64	37
0	6
10	68
0	33
0	9
2	9
9	9
0	9
49	12
0	12
0	0
0	0
0	0
15	42
45	52
0	119
0	108
13	5
0	26
5	7
4	0
0	1
0	108
0	119
0	25
0	30
0	0
0	0
12	23
1	23
7	8
8	20
0	20
135	0
34	117
0	116
0	55
11	4
0	55
0	2
0	5
0	99
0	98
0	13
12	0
19	87
20	1
0	6
0	6
0	11
4	7
0	0
1	0
0	105
0	54
4	54
13	20
0	0
14	0
0	111
0	111
0	63
0	53
0	45
0	82
0	72
0	63
0	53
0	45
0	57
0	137
0	137
3	14
21	1
1	0
10	0
11	7
0	43
3	6
14	256
51	174
0	61
0	46
0	10
0	11
10	8
0	11
53	129
0	5
12	26
23	105
5	26
48	0
1	0
47	3
4	128
0	0
0	0
0	16
0	9
0	16
14	14
11	55
0	23
0	11
0	43
0	3
0	14
0	0
0	3
0	658
0	626
0	207
0	227
0	85
0	4
0	187
0	193
0	74
0	55
0	42
0	15
0	32
0	187
0	0
5	0
62	27
57	3
0	30
2	0
17	3
52	0
38	0
0	22
0	137
0	136
38	102
0	135
0	138
24	88
0	99
21	0
7	0
64	76
94	0
0	16
0	16
32	24
16	0
0	24
12	53
0	53
8	18
0	89
56	106
0	35
0	62
138	174
0	95
0	14
6	33
0	26
0	19
32	19
0	3
177	2
0	28
11	3
0	113
0	113
5	88
0	83
22	31
67	6
0	5
0	0
0	5
4	10
6	58
0	19
0	0
0	6
0	1
0	58
0	29
1	29
118	39
0	0
0	0
0	48
0	48
26	0
0	49
0	49
0	49
9	43
1	44
122	0
0	0
4	8
0	18
0	4
67	73
0	4
8	42
0	83
2	13
13	13
8	0
0	46
0	46
0	46
0	46
0	46
0	34
25	34
0	11
0	34
0	10
0	1
0	30
7	1
0	25
36	0
0	0
0	12
0	24
0	24
26	0
0	72
0	72
0	37
39	27
0	15
3	239
0	26
107	240
147	175
23	105
42	66
0	55
11	85
37	0
0	7
57	1
19	49
20	10
9	0
0	11
0	81
9	10
0	91
4	26
0	0
159	0
19	0
41	19
0	65
0	11
0	105
0	6
0	100
0	49
0	33
0	17
0	19
23	9
12	18
0	2
32	0
0	9
5	142
0	85
211	83
15	25
6	25
0	25
0	3
0	3
0	6
12	81
2	3
15	59
0	59
0	56
0	15
0	9
0	9
1	0
2	8
6	35
7	28
42	21
0	9
0	1
22	0
3	7
3	4
219	0
0	0
29	14
0	0
0	15
0	1
0	0
11	10
0	0
0	11
0	10
0	11
0	40
12	40
186	0
1	30
0	27
27	56
0	3
0	9
0	9
0	9
0	9
0	0
29	136
29	0
0	7
0	0
3	7
22	107
1	0
31	1
45	52
17	17
18	0
17	0
22	86
0	87
57	110
0	67
0	12
0	23
18	14
40	34
0	7
19	7
17	6
49	69
0	7
4	7
0	33
0	33
0	12
0	6
0	0
0	15
0	15
0	15
32	0
2	0
1	0
23	85
0	85
0	3
0	8
10	18
75	11
1	8
73	23
0	22
0	191
0	252
2	62
0	62
0	25
16	14
8	19
0	24
6	24
14	3
0	3
28	0
29	35
77	39
1	13
26	24
0	24
63	51
1	15
33	57
0	33
0	37
0	8
5	2
18	0
1	0
28	91
6	3
13	1
0	5
0	4
29	4
77	0
0	71
30	0
83	78
0	27
52	20
0	9
20	15
0	0
0	13
65	18
0	0
18	50
0	66
0	68
13	49
0	68
0	29
74	52
0	15
0	1
6	19
6	12
0	10
0	3
0	5
0	65
1	65
0	52
0	3
0	21
5	7
26	0
1	19
0	236
1	236
33	195
96	271
26	918
35	2
17	0
0	25
6	0
0	0
1	0
1	0
18	0
0	8
6	0
0	8
27	5
7	5
18	5
0	5
20	6
61	7
0	25
0	25
2	0
16	0
0	0
0	19
9	0
0	0
4	4
0	56
0	79
0	19
13	73
0	27
0	15
19	66
0	66
0	4
0	0
0	19
0	0
0	8
0	0
0	1
0	1
0	1
0	0
0	4
0	0
0	0
20	239
20	4
3	0
0	5
28	95
0	9
0	32
2	2
0	100
287	22
1	7
17	8
80	0
81	30
68	30
0	10
0	10
10	0
1	9
11	18
0	139
0	15
11	42
0	35
0	28
0	29
0	14
21	12
0	130
6	22
0	0
0	9
0	49
0	70
0	109
12	10
0	14
0	0
4	33
34	3
19	0
1	65
0	94
7	63
16	33
254	33
13	28
0	46
19	0
0	6
11	1
37	0
6	1
0	1
4	46
0	11
0	8
0	46
0	11
2	18
0	18
0	11
22	87
0	7
0	1
0	0
0	0
0	0
0	0
0	0
12	125
102	750
3	42
0	11
0	0
9	41
94	3
8	0
0	1
27	69
25	41
1	5
20	0
8	0
2	0
1	5
42	17
0	42
0	0
4	5
2	44
18	5
23	8
0	9
0	26
0	5
0	22
23	35
2	32
0	3
24	9
59	225
0	184
45	50
5	36
10	22
0	229
34	41
6	190
38	210
5	17
142	51
0	48
1	11
0	17
4	48
29	25
0	19
31	6
1	3
121	3
0	55
1	55
91	47
0	3
1	8
27	47
4	42
0	11
0	11
90	60
0	58
0	20
0	14
6	0
0	7
0	11
0	13
0	0
0	4
94	90
8	64
0	0
4	37
0	39
11	82
0	82
0	17
0	122
0	122
0	74
14	84
0	84
13	78
0	6
0	11
0	11
0	1
131	127
48	0
16	0
0	127
54	37
0	32
0	0
8	1
1	4
28	51
4	51
0	42
0	103
0	103
3	44
6	1
0	1
0	13
0	78
0	78
0	22
31	0
4	13
0	13
0	13
0	13
1	13
0	81
0	81
0	80
0	73
0	39
0	0
0	9
7	51
0	19
11	5
1	23
0	21
0	99
8	99
0	78
8	0
0	0
7	32
11	32
0	19
0	25
37	27
1	17
9	16
0	2
94	40
0	40
3	9
8	9
88	0
0	17
12	17
49	10
26	0
34	300
0	117
0	143
55	74
0	6
12	11
0	108
0	297
0	85
42	18
0	32
0	85
10	51
0	8
0	8
0	1
6	2
0	2
0	5
0	2
14	14
0	0
5	34
9	0
9	8
0	259
0	182
143	54
12	0
7	16
508	16
14	22
61	22
0	17
0	17
0	22
0	3
0	3
0	8
0	3
0	0
0	0
0	0
1	10
0	2
0	8
0	0
4	43
0	6
0	24
5	16
6	8
0	0
0	0
0	0
0	11
0	52
80	52
4	0
8	0
23	67
24	67
15	24
12	3
98	153
0	10
0	31
23	32
0	18
45	1
0	1
0	1
22	1
35	3
0	3
0	26
0	59
0	7
0	63
5	8
0	8
2	0
12	42
0	77
0	42
0	11
0	36
0	0
3	77
0	5
34	0
0	5
72	33
0	33
0	4
0	7
0	184
0	111
63	12
0	0
0	7
0	174
24	10
13	19
0	19
10	137
0	62
4	75
0	27
35	23
3	4
2	4
60	80
4	133
0	0
6	1
0	1
0	133
0	59
0	17
0	59
54	16
0	26
17	0
7	18
0	35
39	169
0	23
0	22
58	0
88	149
0	25
7	0
0	4
0	73
0	7
0	5
31	3
10	73
1	47
0	24
12	57
0	57
16	38
0	18
0	7
0	19
22	68
8	47
63	26
106	55
23	21
15	2
9	2
0	2
0	0
0	11
0	40
0	116
1	3
0	3
0	3
0	6
38	3
0	0
0	76
75	3
2	38
52	72
40	8
2	19
18	26
0	20
0	2
0	55
22	55
0	38
1	5
0	5
5	60
0	60
41	169
34	175
117	93
0	38
0	35
0	65
0	48
2	17
0	0
0	5
0	24
88	42
1	17
66	98
0	0
0	69
905	61
0	86
68	94
38	105
0	105
0	40
0	13
5	24
26	11
0	10
321	0
50	300
127	330
0	88
0	23
7	7
1	84
0	84
84	123
0	0
0	29
0	29
3	0
7	0
0	5
0	0
0	0
0	0
0	3
1	0
0	29
0	29
46	19
0	29
5	0
0	0
0	5
0	18
58	16
0	16
0	3
0	3
26	0
5	52
0	66
0	53
49	34
0	31
7	407
107	235
0	139
0	14
0	4
0	0
0	407
0	55
0	55
0	4
99	34
0	5
5	41
0	53
7	30
7	138
0	8
0	9
0	0
0	0
0	11
0	7
9	64
4	0
0	0
3	0
4	45
1	40
20	28
2	40
0	1
0	4
112	97
2	76
0	76
68	3
54	0
8	0
0	0
0	94
0	94
0	7
7	0
4	12
0	88
0	17
0	29
0	3
0	21
0	22
108	186
122	566
0	0
0	1
0	0
0	1
0	3
0	0
0	83
0	3
0	32
0	83
0	47
0	11
0	11
0	3
0	24
0	67
0	46
0	30
0	3
0	3
4	132
0	0
0	22
0	56
0	66
0	26
0	12
0	9
0	9
0	3
0	48
0	14
0	8
0	23
0	22
0	21
0	1
0	24
0	12
0	9
0	3
0	8
0	8
0	2
0	24
0	6
0	6
0	0
0	25
0	4
0	1
0	37
0	109
0	41
19	283
0	273
0	16
0	40
41	0
11	10
6	70
120	0
59	673
14	0
209	82
112	0
0	121
0	121
0	20
0	9
1	4
5	22
0	8
0	11
0	11
0	38
0	27
0	0
0	2
0	4
0	55
0	48
0	1
0	37
0	0
4	39
0	17
0	24
17	0
0	24
44	0
0	4
0	34
0	370
0	2
16	0
0	0
41	37
0	0
0	4
0	4
60	34
0	17
0	158
0	130
12	1
2	1
3	1
5	1
0	2
0	0
2	7
4	15
0	2
0	0
8	1
0	1
0	10
11	4
0	0
0	0
4	0
2	0
9	0
3	0
4	0
1	0
6	0
0	0
3	0
0	0
4	0
0	0
0	0
0	0
9	0
5	0
3	0
10	12
5	0
2	0
6	7
5	4
0	0
0	0
12	0
8	0
0	0
5	0
0	0
3	0
5	0
3	0
0	4
6	0
0	0
4	1
0	0
4	11
0	0
0	6
1	4
0	12
5	1
0	0
0	1
2	0
0	0
5	0
1	1
2	0
3	0
10	0
0	0
0	0
0	0
3	8
0	5
2	1
1	0
2	0
8	0
5	5
0	0
0	1
2	0
3	0
14	0
13	0
6	0
6	0
14	1
0	0
0	0
0	0
24	3
1	0
0	0
0	0
3	0
0	0
0	0
10	1
2	0
0	0
3	11
5	0
0	0
0	0
17	0
0	0
18	2
3	7
10	0
0	0
0	0
0	0
0	0
10	0
2	0
0	0
1	0
3	0
3	0
1	0
7	0
0	1
9	0
0	0
4	2
2	7
7	0
2	8
8	3
4	0
1	0
2	0
7	7
0	0
5	0
0	0
0	0
1	0
0	0
0	0
0	0
4	10
7	0
4	0
0	7
14	6
0	0
0	0
19	0
11	0
0	0
4	0
1	7
2	0
0	0
0	7
0	0
6	12
3	0
0	0
0	0
0	0
0	0
0	0
0	0
0	0
0	0
0	0
1	0
0	0
0	0
8	0
0	0
0	0
1	0
5	5
5	0
15	10
0	0
0	0
0	0
0	0
1	0
1	6
0	0
5	0
0	0
1	4
6	0
5	0
0	5
0	5
0	5
0	5
1	5
1	12
0	5
37	2
0	2
3	38
2	38
52	7
0	7
0	12
1	12
0	12
0	14
0	10
97	0
0	0
4	34
0	34
0	3
0	8
1	8
71	16
5	38
31	113
0	85
0	30
0	18
45	9
0	16
66	40
5	8
10	5
0	5
139	21
0	21
87	38
0	38
76	34
1	34
0	1
0	1
10	7
0	7
0	7
0	2
0	11
7	1
0	10
0	10
0	11
0	11
0	1
0	12
21	24
0	21
0	3
49	28
16	4
0	7
0	7
0	2
10	3
3	3
15	0
48	107
0	9
48	232
0	23
86	107
34	106
88	37
0	6
87	0
0	37
15	13
0	84
0	12
17	12
39	30
0	0
20	0
0	81
0	13
0	70
36	13
0	49
0	24
75	53
1317	6479
1	1
4	22
123	0
0	121
157	48
103	6
0	0
140	33
18	0
0	25
61	2
43	61
4	54
21	0
5	22
20	0
42	0
6	8
0	0
2	63
8	0
4	0
0	40
18	97
0	0
0	0
25	1
24	25
0	0
22	0
17	0
0	0
13	0
3	0
117	5
0	37
0	21
20	79
146	0
0	82
444	7053
28	14
13	0
109	144
24	38
4	0
12	63
34	0
0	240
1	4
6	28
3	0
15	208
84	179
0	0
0	0
4	0
411	3261
54	198
16	14
0	3
12	50
25	48
0	4
13	181
67	218
0	1
0	8
15	271
0	332
0	32
6	20
0	25
5	591
126	80
10	0
73	86
1322	719
151	0
2	51
15	35
1	0
29	11
2	0
32	0
0	0
525	7
399	3375
892	7462
43	136
13	4
1	0
156	1898
2	258
17	35
46	0
59	11
223	648
0	5
18	67
154	273
0	327
0	0
72	236
148	59
1	59
10	0
1	8
0	8
0	39
8	39
774	827
0	16
0	23
0	17
0	6
0	40
0	39
0	40
63	9
0	5
0	0
0	0
5	24
0	23
2	0
1	0
9	2
2	2
0	0
0	0
75	77
60	97
118	136
0	15
14	108
0	98
1	15
26	8
3	8
34	0
9	0
7	59
0	2
34	13
0	0
75	3
5	0
0	25
0	25
53	5
0	2
15	1
0	1
0	3
0	3
46	158
0	5
2	2
0	2
128	198
0	26
0	16
0	5
16	14
0	0
0	1
0	0
0	1
2	7
0	7
17	16
0	6
0	6
3	6
2	0
0	6
0	359
0	752
0	284
0	386
0	206
0	258
0	48
0	137
0	157
1	377
1065	172
0	126
26	90
2	71
822	103
38	81
0	81
77	17
0	1
0	0
0	5
2	5
0	26
0	26
0	391
0	618
0	217
0	209
0	406
0	270
0	270
4	4
13	3
6	3
0	447
0	662
0	60
0	260
0	87
0	195
0	30
0	153
0	59
0	422
0	18
17	19
9	8
0	8
0	6
43	17
0	3
0	66
82	30
11	6
0	6
0	6
45	12
0	12
2	6
0	6
0	3
0	148
2	16
0	3
3	14
9	341
15	372
18	86
1	68
0	19
0	19
384	136
0	0
39	7
1	8
0	8
10	98
0	27
0	2
3	20
0	32
5	23
0	2
51	0
3	536
0	320
361	153
6	16
0	12
1	41
5	27
5	394
0	389
0	36
0	250
0	117
0	216
5	385
4	25
0	20
0	93
0	27
0	413
0	485
0	212
0	88
0	360
7	12
0	33
18	32
5	568
0	219
0	11
0	98
0	78
0	413
0	106
0	625
0	380
0	328
0	66
0	168
0	79
0	51
0	37
0	350
28	69
6	9
0	30
0	600
0	123
0	67
0	2
0	359
0	0
17	58
11	171
0	41
0	60
0	647
0	164
0	548
0	86
0	44
0	305
11	121
5	273
0	87
0	194
0	386
0	5
44	3
0	3
5	4
0	1
0	0
11	11
45	56
0	4
6	326
0	244
0	86
0	233
0	40
0	237
0	117
0	28
32	28
0	0
13	46
0	46
3	0
0	8
0	18
0	9
19	22
0	12
18	15
0	15
0	3
0	7
5	0
0	0
6	8
0	13
18	13
0	6
7	27
3	27
0	32
0	35
0	35
0	32
0	7
0	0
3	0
7	0
15	116
0	116
2	17
1	164
0	178
0	14
11	32
0	32
0	20
0	23
25	30
6	45
0	8
172	444
0	17
1	14
0	9
0	9
2	4
0	1
0	1
9	46
0	30
154	7
0	15
23	53
0	12
0	3
6	400
4	220
6	35
2	21
1	22
0	396
0	330
0	13
3	6
190	405
0	202
56	51
0	6
0	8
0	8
4	16
158	14
0	25
0	26
45	9
0	25
0	24
0	9
0	26
17	49
0	33
0	32
0	33
0	19
18	21
0	21
0	21
0	22
0	21
434	25
0	20
0	49
0	29
7	0
4	9
84	531
0	531
11	934
56	872
3	623
57	280
0	14
70	70
9	0
0	0
50	11
16	25
5	25
126	159
1	6
0	0
4	0
21	14
0	8
17	3
0	3
39	10
0	4
0	4
0	4
35	0
4	0
5	89
84	116
3	0
0	0
0	15
11	38
8	19
0	19
60	14
6	0
0	32
0	24
34	83
48	94
0	15
20	79
1	0
0	48
3	48
0	2
0	6
1	6
0	4
16	54
0	4
11	139
0	104
7	61
1	20
0	1
11	14
24	29
5	25
389	12
40	12
0	38
14	4
0	30
34	7
0	37
0	30
0	30
0	31
0	14
0	15
0	1
1	39
13	33
38	0
3	0
0	0
8	0
15	16
0	5
12	20
0	20
0	45
35	16
0	0
0	0
0	0
0	11
0	11
4	25
8	12
0	6
0	1
4	15
0	14
500	263
0	18
0	16
173	304
9	3
1	14
0	1
0	1
38	6
0	6
94	80
21	38
0	28
0	25
0	247
0	247
0	16
4	3
0	15
4	17
0	12
0	160
75	114
0	165
0	46
24	240
0	75
0	146
20	150
3	38
6	60
21	62
0	19
5	4
36	10
0	10
0	9
23	37
0	37
3	13
119	4
0	1
0	1
0	5
8	5
0	5
96	76
0	45
6	0
13	1
1	8
0	8
0	0
0	0
33	0
41	6
0	6
0	10
0	2
70	2
17	39
13	31
0	1
0	0
0	3
0	3
3	0
28	3
0	0
0	0
0	0
0	0
8	0
0	32
0	32
8	9
0	9
1	0
0	0
15	279
0	239
242	258
12	17
0	9
0	18
0	0
0	11
9	0
0	0
2	10
0	10
0	28
0	28
41	296
0	24
16	11
8	15
11	15
91	40
11	22
0	4
0	0
15	0
0	0
0	52
0	52
0	11
49	8
0	4
6	4
4	24
0	53
0	46
53	6
0	29
0	24
0	22
7	32
0	32
110	128
0	12
67	6
0	3
3	2
0	71
9	71
18	62
0	58
0	4
75	24
0	23
155	32
0	6
6	17
0	51
0	9
6	0
4	4
0	4
0	916
0	589
54	69
0	56
0	245
2	242
0	379
0	422
1	194
0	70
0	23
0	23
0	173
0	285
0	11
0	118
0	30
0	40
245	68
0	65
226	517
66	2
5	22
0	22
31	0
17	0
12	20
0	20
7	10
4	10
29	14
0	14
0	791
0	516
114	311
0	239
25	14
25	14
0	0
0	0
0	3
0	0
0	0
0	13
0	4
0	0
281	111
0	61
0	5
2	5
49	15
0	13
0	0
0	38
0	26
6	23
515	80
0	20
179	380
0	104
0	0
0	0
1	0
13	12
0	6
0	8
5	15
48	9
7	0
5	9
24	44
0	40
5	23
0	23
5	20
4	0
3	45
0	45
1	12
8	62
0	21
31	40
4	39
8	1
3	2
4	75
0	8
61	36
0	37
69	46
36	80
73	46
0	2
5	0
0	0
25	415
0	18
0	10
0	345
13	12
0	410
73	365
0	15
39	244
0	69
235	109
0	213
8	206
0	27
0	46
0	74
0	20
0	25
0	20
0	4
0	50
0	50
5	31
5	23
0	43
117	43
0	23
0	31
7	60
17	42
3	156
0	190
0	73
0	166
0	299
0	100
0	225
19	476
129	57
0	244
0	76
56	300
222	505
0	147
0	134
30	194
9	162
12	56
0	111
4	15
0	12
36	4
0	4
0	0
3	11
0	4
4	65
0	26
0	0
0	0
0	0
0	0
0	0
0	0
0	0
0	0
0	0
0	0
0	0
14	27
12	0
0	0
5	4
1	0
9	0
0	0
1	17
28	0
9	5
4	0
0	0
18	0
10	0
8	0
0	0
3	79
0	0
0	4
6	0
0	1
0	0
0	0
5	0
1	0
7	32
2	0
13	0
2	0
5	11
23	0
0	0
39	0
6	12
6	3
0	0
6	4
0	0
1	0
8	0
25	9
31	0
9	0
40	28
15	0
5	0
25	0
18	0
10	0
16	0
12	0
0	0
0	0
5	0
0	0
0	0
1	3
1	1
3	4
3	0
1	14
11	4
7	0
0	0
10	4
1	31
36	12
4	17
4	0
0	5
0	16
7	0
0	0
11	0
0	1
3	0
1	0
22	0
1	7
0	4
4	0
6	57
6	0
0	0
15	39
2	1
3	0
4	0
0	0
0	0
0	0
5	0
7	0
29	0
1	0
0	23
7	0
6	0
0	2
0	0
16	3
0	9
0	0
565	553
20	0
15	0
8	7
21	7
10	0
6	0
3	0
0	0
1	0
11	0
0	0
14	0
10	0
8	31
0	0
2	5
14	0
1	0
0	0
1	0
7	0
4	0
5	0
0	0
45	79
7	0
3	0
0	77
0	9
17	12
5	0
7	0
0	0
19	0
0	3
0	6
73	50
3	0
4	0
12	98
4	0
5	0
0	0
10	0
11	0
29	9
0	0
1	0
4	2
7	64
1	4
0	0
7	6
4	0
6	0
5	0
14	0
11	0
16	25
0	0
3	4
0	0
21	9
0	0
0	48
17	0
5	0
1	0
9	0
0	4
20	0
8	0
23	43
3	0
0	0
0	6
15	14
7	0
1	0
1	0
0	6
3	0
4	3
0	0
17	0
0	0
2	0
19	61
9	13
4	0
5	0
17	19
0	0
31	0
0	4
3	0
24	66
0	0
2	0
11	0
1	0
6	9
16	0
0	0
9	9
4	13
4	0
5	33
0	0
0	0
31	0
15	0
0	0
7	6
0	8
4	0
5	0
0	0
10	0
10	0
2	0
10	0
6	31
8	0
0	0
8	0
12	7
10	0
5	0
4	108
12	0
13	5
0	0
7	0
3	0
0	0
8	0
1	32
1	0
30	22
17	0
15	8
2	12
0	0
11	16
7	0
6	0
1	6
2	0
23	0
1	0
0	28
5	0
0	0
11	72
14	0
2	1
10	0
15	0
10	0
1	3
0	0
12	162
7	1
0	0
16	0
10	120
7	8
12	0
0	0
5	0
20	0
3	0
2	0
7	0
6	0
5	26
30	0
0	0
14	11
2	90
7	0
7	0
6	30
0	6
22	65
1	0
1	0
11	0
49	3
3	52
32	0
8	21
3	25
18	15
0	12
0	121
2	0
15	7
4	0
8	0
28	0
15	0
34	0
22	0
0	0
20	0
4	0
2	0
3	0
2	0
0	9
0	0
0	0
19	0
8	68
14	0
4	23
12	0
6	0
5	0
0	0
15	11
15	0
4	156
10	7
5	21
1	0
6	0
16	19
33	0
5	0
1	0
7	0
15	83
35	0
7	0
0	0
0	0
0	0
7	0
11	0
9	14
15	10
1	0
1	12
7	7
0	19
4	0
0	0
5	0
7	4
0	23
0	0
3	0
14	8
10	114
0	0
11	0
4	0
10	105
1	17
1	0
2	0
0	0
0	24
16	0
4	0
20	0
8	0
0	0
13	0
5	7
30	0
5	0
2	21
12	0
8	28
6	2
0	0
0	0
10	21
0	0
0	51
18	0
7	0
0	66
0	18
33	25
14	0
14	0
11	213
0	0
5	3
33	0
0	0
0	14
4	0
2	0
1	0
0	0
2	0
24	0
5	26
6	34
4	0
20	0
3	18
32	0
2	0
0	0
22	50
0	5
8	10
0	20
3	0
0	2
0	0
5	9
4	0
6	0
1	0
17	13
28	0
1	0
2	0
0	0
0	0
12	0
0	0
9	0
9	0
10	0
5	3
5	0
11	0
0	0
12	0
0	0
0	0
0	0
8	280
16	0
7	0
0	0
5	0
10	0
14	52
6	0
0	0
0	0
14	0
0	0
5	0
23	7
0	0
0	551
25	22
0	0
1	0
3	6
5	0
0	12
33	0
0	0
3	0
1	0
8	0
0	0
7	0
7	0
13	0
5	0
13	0
3	10
12	0
3	0
0	0
36	0
3	0
12	0
0	0
2	0
0	242
17	0
10	4
4	2
3	0
2	0
6	0
3	5
0	1
0	0
15	3
0	1
0	68
0	4
6	0
0	0
14	0
13	0
10	13
12	9
0	0
28	40
11	0
13	0
8	0
8	0
0	0
2	0
0	19
0	0
7	0
18	0
9	0
2	0
6	0
2	0
7	52
9	6
39	0
2	15
0	0
0	0
0	36
26	0
1	0
2	0
0	0
10	0
0	0
8	21
5	0
10	0
13	0
7	33
8	0
0	0
2	0
6	0
0	5
0	0
0	0
27	0
15	0
0	16
15	0
0	11
0	0
203	3
0	7
0	0
0	5
9	0
17	0
11	0
0	0
0	0
13	17
1	0
20	0
11	0
16	0
0	0
7	13
11	0
6	0
17	5
1	312
4	0
14	38
0	0
29	0
1	0
0	5
0	41
10	0
7	0
1	4
4	0
0	36
0	36
32	0
7	0
0	0
0	0
5	0
31	15
15	0
0	13
0	0
6	0
2	0
138	0
10	0
0	14
3	0
2	0
17	0
3	0
1	0
4	0
8	39
10	0
18	0
12	0
4	11
16	0
4	0
2	0
8	8
0	3
6	0
0	37
9	4
5	0
15	8
0	17
1	0
15	4
5	23
31	4
0	0
0	0
8	0
7	0
1	0
0	13
3	0
1	0
3	2
0	0
6	0
24	1
8	0
0	6
13	0
15	0
2	0
24	0
18	0
19	0
1	0
4	10
9	0
23	13
27	0
8	0
0	0
0	0
6	0
0	0
0	0
5	0
0	20
26	16
0	3
23	31
0	0
4	0
14	1
16	0
30	0
0	9
0	0
0	0
17	0
5	0
17	0
2	0
0	35
1	0
6	0
1	4
1	0
0	7
9	1
0	0
21	0
8	0
0	0
12	0
5	3
13	3
26	0
6	0
7	0
6	0
0	0
13	328
10	0
5	0
4	0
11	0
0	0
0	8
0	0
15	0
0	8
0	0
9	10
7	0
21	0
1	0
1	0
5	0
5	0
13	12
1	0
3	0
8	5
34	0
23	3
0	3
11	6
0	93
60	0
1	0
0	0
0	12
7	3
15	0
0	21
17	3
6	2
7	0
0	0
2	0
0	0
12	0
24	0
10	0
1	0
22	0
0	0
18	7
16	0
4	0
15	0
0	5
25	0
10	52
0	27
0	0
7	0
7	0
29	9
13	0
7	0
4	0
16	0
0	4
2	0
11	0
0	0
6	0
0	0
30	0
1	0
21	0
4	0
6	0
11	0
0	21
11	17
26	10
28	7
0	8
0	0
13	70
12	11
3	5
0	0
1	0
0	0
8	0
5	0
9	0
23	0
15	3
0	0
0	0
14	0
26	2
8	0
10	44
33	61
0	0
0	0
0	0
0	0
22	0
3	144
5	8
5	46
11	3
0	0
0	0
0	0
23	0
21	0
10	8
0	0
21	0
15	27
2	2
0	0
13	59
0	17
3	0
30	0
0	0
0	3
0	0
0	0
4	41
6	0
0	13
2	0
16	6
1	0
1	0
0	0
0	0
3	5
0	17
0	0
0	0
18	9
0	0
14	0
7	0
0	0
0	44
2	0
12	17
0	0
0	0
1	0
4	10
3	0
0	0
87	0
12	0
9	32
8	1
20	0
0	2
10	0
0	0
3	1
6	4
8	3
29	0
0	0
17	0
4	0
2	12
2	4
0	0
5	17
0	0
10	15
5	0
0	0
5	0
0	0
1	14
22	3
28	0
8	0
13	0
4	0
11	0
15	0
9	0
5	6
25	0
1	1
0	0
1	0
11	11
10	0
31	0
0	0
0	126
0	0
3	15
0	0
4	0
0	0
7	15
0	73
0	40
7	0
0	37
7	0
12	0
36	8
0	0
15	41
30	0
6	0
2	0
5	22
3	1
10	12
4	0
0	0
0	0
35	0
7	0
10	0
28	3
0	0
12	49
10	56
10	0
0	2
20	0
23	0
9	0
0	0
14	11
0	0
8	17
0	0
3	20
0	0
5	88
17	0
18	6
1	0
1	3
1	8
14	3
18	6
11	0
0	0
11	2
6	6
0	0
0	0
20	9
2	90
0	5
23	0
0	1
2	14
2	0
21	0
6	1
10	0
1	0
7	0
12	0
6	0
18	0
6	0
1	3
2	0
11	0
5	0
0	0
5	5
30	0
0	0
7	0
8	0
4	0
11	88
20	0
0	8
11	0
7	0
15	0
12	1
6	0
7	5
2	0
13	0
0	0
5	0
5	0
0	0
0	229
0	226
0	236
10	10
7	56
3	0
4	225
30	0
0	210
20	18
0	223
27	25
37	49
0	7
7	7
0	0
20	0
8	6
9	0
3	1
0	0
5	0
6	26
18	10
5	0
0	7
0	0
5	0
1	0
2	30
8	0
0	7
1	0
3	0
11	0
10	8
0	0
56	2
2	2
1	0
25	0
12	5
0	16
0	16
18	0
1	8
5	0
0	630
0	0
0	0
10	156
17	0
13	0
4	0
3	181
8	21
0	0
5	0
2	0
5	4
0	26
17	5
12	0
9	0
11	0
0	5
41	0
6	0
0	0
7	0
0	7
6	0
6	0
1	7
6	0
0	3
19	20
5	10
6	2
3	0
0	0
9	1
32	11
0	5
21	12
11	0
2	0
0	226
0	0
3	0
3	0
15	0
7	0
1	0
9	0
7	9
7	5
32	38
195	0
11	0
22	0
36	0
0	0
0	0
0	0
10	6
22	0
2	0
0	4
0	24
0	9
0	0
0	23
18	0
0	67
0	0
16	0
11	59
2	0
0	0
0	0
3	0
4	0
0	30
0	8
0	0
6	6
0	5
9	0
0	0
10	0
9	17
1	0
5	0
0	12
29	0
10	0
1	0
9	4
0	0
3	153
6	11
578	10001
0	18
4	34
0	0
4	0
0	62
41	94
4	41
0	0
1	0
8	0
0	4
7	0
0	0
5	54
13	0
3	0
0	0
15	0
2	252
4	0
25	8
5	0
16	0
0	18
20	0
10	17
10	0
0	0
41	0
3	0
3	99
0	0
0	0
0	0
19	9
18	0
0	0
0	1
5	9
4	0
25	0
9	0
0	0
10	23
9	0
0	0
12	0
0	11
5	0
0	0
6	0
17	228
8	0
6	3
4	0
14	0
4	0
3	94
27	0
1	4
2	0
18	5
0	8
0	0
4	16
5	7
12	0
26	3
21	252
2	239
19	2
1	0
14	28
1	18
1	13
22	13
5	16
0	15
0	0
0	15
0	62
9	0
64	19
17	0
0	0
14	0
0	0
0	15
3	0
4	0
14	4
7	5
1	0
0	2
6	0
35	0
20	0
6	0
22	0
0	50
0	0
45	0
0	0
0	0
10	0
36	0
38	4
15	1
0	12
4	0
6	29
9	0
0	9
4	0
8	0
18	0
8	0
10	2
8	5
22	0
36	0
8	1
6	2
6	0
1	0
5	0
24	0
21	51
9	0
0	161
9	0
4	38
0	1
0	65
0	1
13	3
0	0
0	5998
8	12
14	0
9	0
4	0
0	0
7	99
11	0
4	0
4	0
8	0
10	2
14	117
7	0
1	4
0	18
7	0
28	0
5	23
12	0
6	7
4	0
0	0
3	0
2	0
2	0
10	46
0	40
4	52
3	20
18	0
1	1
16	0
0	0
1	0
5	4
0	0
0	0
49	16
117	0
145	3
0	51
16	0
1	4
3	0
13	0
1	57
4	28
7	0
18	0
13	269
1	0
4	0
13	0
13	12
20	0
11	0
19	0
30	4
15	21
5	0
19	0
0	0
3	102
0	65
1	0
0	6
24	6
8	5
2	0
0	161
2	0
0	0
11	12
34	31
0	8
5	0
0	0
0	0
0	15
1	0
2	0
0	50
5	0
9	0
8	0
6	0
0	4
7	289
14	74
2	0
14	0
7	0
0	35
0	128
0	4
3	0
6	0
4	15
2	98
4	0
4	3
27	26
57	0
13	0
0	0
7	0
0	0
6	0
5	8
3	0
0	0
4	27
14	0
3	0
0	0
0	0
4	0
1	0
25	156
18	6
0	0
7	0
2	0
1	68
2	0
14	7
2	68
1	148
4	2
3	1
2	5
0	0
20	11
5	20
0	35
12	25
0	64
0	22
0	11
12	0
37	0
0	60
4	0
0	0
14	44
0	0
0	117
2	17
31	0
2	0
15	0
0	0
9	27
0	0
4	29
0	0
0	0
0	0
27	0
9	0
0	28
2	0
0	0
0	93
0	0
17	13
2	7
5	11
4	28
0	1
28	0
0	7
8	0
0	0
0	0
13	0
1	0
13	0
100	23
7	0
7	77
1	0
5	11
0	0
0	33
24	0
14	35
0	5
1	0
0	8
0	4
9	0
28	7
0	29
0	4
4	29
0	175
4	0
2	44
21	0
0	0
2	0
0	0
0	0
11	13
15	0
24	0
18	12
0	0
9	0
5	49
0	0
7	42
28	4
0	0
17	0
6	0
0	0
10	0
8	2
0	0
0	14
4	61
0	60
12	22
21	76
1	12
0	0
6	0
11	1
0	166
9	10
19	33
6	0
0	0
7	0
0	0
0	0
0	34
38	29
14	0
23	5
0	1
6	0
4	0
0	4
98	0
12	21
4	0
26	4
0	0
34	0
0	0
47	4
8	45
0	0
47	0
0	67
3	0
0	64
9	0
0	7
5	0
17	0
0	27
6	20
2	5
0	29
14	0
3	0
0	1
16	0
7	0
8	0
0	27
17	5
0	3
0	0
4	155
8	0
6	36
0	0
14	0
18	0
0	85
11	0
4	16
0	32
0	12
4	0
6	0
11	0
0	5
15	0
24	14
20	0
18	11
3	0
8	0
12	0
1	0
14	0
22	0
0	0
0	0
0	0
0	84
3	67
6	0
23	4
0	8
0	2
15	22
0	9
0	2
0	19
3	0
0	0
0	0
19	0
17	0
0	56
0	406
246	2
3	128
7	0
1	0
7	0
14	0
6	8
8	7
2	16
23	7
8	7
8	116
1	10
18	0
8	10
7	0
12	3
4	0
2	4
2	0
7	0
0	0
20	0
0	0
12	0
15	21
29	0
40	14
2	0
1	92
20	0
24	27
8	0
0	318
7	3
13	5
2	0
0	0
0	0
1	0
3	1
16	5
4	0
0	3
10	1
0	11
11	0
0	0
5	0
0	0
19	0
3	0
0	0
17	0
0	10
15	25
0	0
0	0
10	0
1	0
2	322
10	0
18	0
6	0
8	0
2	9
14	0
7	0
6	7
6	0
2	18
31	0
26	90
17	9
16	0
3	0
24	0
84	0
4	0
44	0
13	0
18	0
6	0
5	0
0	0
13	10
2	0
0	60
2	0
9	4
4	0
11	17
0	4
18	3
0	0
2	0
40	0
4	10
0	0
0	3
2	0
1	0
1	0
0	2
25	0
7	0
7	0
10	0
10	84
0	0
7	0
0	0
1	0
0	0
0	10
7	0
0	0
1	0
0	10
0	22
0	162
1	0
0	0
0	0
15	5
28	5
1	0
24	3
0	0
20	0
0	0
22	0
0	0
3	0
2	0
7	6
11	0
3	0
294	310
2	0
3	20
15	4
0	0
7	0
0	3
25	0
15	0
0	17
8	0
1	5
2	104
46	11
2	0
33	45
28	11
15	0
7	0
6	0
1	1
4	0
0	0
4	44
8	0
10	33
37	11
34	0
0	0
1	10
0	0
1	26
0	0
12	0
18	0
1	0
56	3
21	7
36	11
1	17
48	0
22	0
0	0
5	17
0	1
44	0
16	0
1	260
0	0
14	0
0	21
0	0
6	0
25	5
46	16
1	38
8	0
9	8
36	11
12	0
3	1
4	0
1	3
15	0
9	0
0	0
6	0
6	0
1	0
5	0
20	60
7	8
9	0
39	5
5	0
33	0
0	0
0	0
27	177
10	0
28	0
5	12
0	0
35	24
4	0
3	102
47	0
17	0
29	0
64	1
1	0
118	15
7	49
6	0
1	8
14	29
6	82
31	0
0	3
10	27
0	0
0	23
3	5
10	0
3	0
5	0
19	0
92	0
0	12
2	0
4	0
0	0
13	20
0	0
14	10
4	0
0	0
3	0
0	0
0	33
0	0
3	33
4	0
1	0
0	14
0	0
1	10
14	10
1	8
8	0
0	10
0	0
7	8
12	0
41	0
0	0
18	0
8	0
3	0
11	0
10	8
15	0
0	57
0	0
0	0
1	0
14	0
10	0
4	8
1	4
0	15
1	0
26	0
29	0
9	6
3	0
6	0
6	0
6	4
15	0
0	0
3	37
0	0
13	0
69	0
0	0
13	46
10	0
18	0
6	0
1	0
17	0
11	0
26	20
22	0
11	0
11	0
10	12
16	0
7	40
0	10
6	15
8	0
1	0
12	0
31	0
0	3
0	1
2	0
39	2
2	17
13	43
0	93
0	0
6	0
9	0
0	0
3	0
0	30
0	0
1	0
9	8
0	0
1	11
4	4
0	15
3	42
4	0
6	0
18	0
6	0
0	101
0	0
49	0
5	17
16	0
0	0
11	6
9	1
21	16
1	0
6	0
0	14
0	0
18	33
10	2
0	0
55	0
0	3
20	9
22	0
6	0
25	21
15	6
6	1
15	8
1	0
5	0
2	0
7	2
0	0
6	14
1069	5013
10	19
46	14
10	0
0	0
15	0
0	0
1	0
1	0
2	24
3	0
0	33
20	5
24	0
2	2
10	15
0	11
0	28
0	0
0	0
8	0
27	7
5	2
5	3
0	0
9	3
17	0
2	16
10	0
6	16
7	1
16	17
12	27
0	0
0	120
1	0
0	27
0	18
0	0
0	0
7	0
16	1
17	5
2	5
11	0
6	0
0	0
23	4
4	0
3	0
1	0
4	73
0	0
0	10
0	3
0	3
30	12
11	0
0	0
0	4
22	47
7	0
0	0
2	0
10	5
18	0
0	0
17	5
8	36
85	135
3	0
3	0
9	0
0	11
10	8
17	1
54	0
18	0
1	0
7	0
18	0
22	11
11	2
35	53
20	0
4	22
0	0
14	1
3	0
4	0
0	0
16	73
0	123
2	0
10	0
5	6
7	0
506	315
0	0
0	0
0	0
36	0
0	0
3	0
3	97
0	87
2	0
82	0
31	0
6	6
5	0
4	3
1	0
35	3
0	0
9	0
14	59
0	31
14	2
7	33
6	3
14	0
0	0
26	0
17	0
8	0
19	0
4	0
14	0
2	0
24	0
8	0
0	1
10	266
8	5
23	2
8	0
16	0
11	0
0	0
0	0
11	11
5	0
2	0
0	0
0	0
3	0
18	0
9	10
28	0
0	0
6	0
7	11
2	5
0	0
2	0
0	0
7	0
0	0
2	56
19	27
25	11
0	2
0	15
22	0
45	3
2	0
11	5
0	0
21	0
0	0
0	0
1	0
8	0
11	0
2	0
10	0
18	0
7	0
45	23
7	25
23	0
11	0
8	0
45	5
1	12
0	0
3	5
4	27
6	177
50	0
5	3
0	157
16	0
8	6
0	0
0	0
0	1
2	0
0	3
39	0
4	0
8	0
11	4
0	11
5	0
4	0
0	0
5	16
1	7
0	0
11	4
2	0
16	0
32	0
8	0
6	0
6	0
5	83
5	0
1	0
11	0
2	3
14	0
0	0
0	81
9	32
11	0
16	13
0	0
9	0
65	28
13	7
0	2
0	0
23	0
19	0
0	8
19	0
9	0
0	0
3	0
11	5
2	0
4	0
20	126
0	103
1	1
23	33
0	0
0	140
8	0
2	0
0	0
5	0
0	0
32	0
0	0
0	0
0	8
1	0
1	0
8	0
0	0
0	0
63	19
1	0
3	8
4	19
33	0
0	10
7	0
16	1
5	13
18	2
0	0
1	0
0	8
6	0
0	10
1	14
11	0
18	0
15	0
1	0
2	6
39	0
0	0
26	0
2	0
0	5
0	0
19	0
5	18
4	0
469	399
9	87
0	0
2	101
35	0
4	15
10	0
3	95
0	5
4	14
4	0
7	14
0	24
13	0
5	0
39	40
17	0
0	0
2	0
9	14
0	235
0	111
9	0
1	0
4	0
5	0
0	0
48	12
0	5
6	0
0	14
3	0
28	0
22	133
26	0
3	0
2	0
1	0
9	0
1	0
0	8
0	0
12	8
1	4
3	61
2	0
21	6
0	511
0	0
3	0
8	0
0	3
0	2
2	0
0	6
15	0
3	4
1	2
0	0
0	20
3	0
36	0
0	0
0	0
3	0
6	0
3	0
0	0
30	0
3	0
7	0
13	0
0	0
8	0
17	0
22	6
0	0
25	6
5	0
2	0
7	0
7	0
4	32
18	13
0	34
7	0
3	0
0	0
0	0
1	0
12	0
22	31
65	0
9	0
32	216
6	0
8	0
0	0
8	0
20	7
19	4
40	47
11	0
0	0
12	27
5	0
1	0
13	0
0	29
20	0
17	0
14	0
4	0
0	44
6	0
0	79
0	0
4	0
0	0
0	0
33	2
0	0
9	0
29	0
0	0
6	0
0	6
12	0
0	0
7	6
16	0
13	6
9	99
4	0
3	4
1	0
0	16
0	0
0	1
0	5
4	0
8	0
0	0
6	4
0	2
8	208
9	26
3	0
19	4
0	0
0	22
12	0
34	9
0	0
0	7
0	0
3	0
3	0
4	0
5	0
5	0
2	154
23	0
21	0
20	0
44	30
3	0
23	0
68	28
0	0
14	15
36	19
0	0
0	50
20	0
0	4
16	0
0	0
0	0
15	0
5	28
2	5
20	89
8	0
8	0
0	0
31	6
4	0
0	226
14	25
0	82
4	16
0	4
27	0
18	24
0	0
18	0
0	7
0	0
6	0
0	0
14	7
12	0
71	10
7	0
1	115
13	0
8	4
0	0
16	0
7	216
0	0
1	0
9	0
7	0
28	0
17	8
8	5
2	0
0	7
6	0
0	87
8	0
4	0
6	0
12	0
10	7
23	0
18	19
2	0
0	0
0	0
9	14
9	0
6	0
18	10
9	0
5	0
0	0
15	1
9	0
8	0
2	0
0	8
0	38
0	0
17	0
14	0
0	6
3	0
0	0
0	3
0	0
4	0
43	13
0	0
5	0
7	34
5	0
6	0
16	0
11	0
4	0
8	0
0	13
7	0
0	0
1	0
0	2
0	9
0	10
0	23
40	0
8	0
7	0
0	128
5	238
0	0
1	0
3	0
0	0
25	0
1	39
12	3
15	0
9	0
14	0
23	31
11	0
1	39
24	27
38	0
7	0
2	0
1	4
9	0
0	0
0	122
6	0
10	0
0	58
9	0
19	0
58	0
6	10
24	12
0	16
6	0
1	0
23	0
0	3
13	2
0	0
9	0
0	4
246	93
9	0
0	0
2	5
13	0
12	0
34	0
4	0
22	0
5	7
5	0
21	0
0	9
29	0
6	0
14	3
10	0
0	15
23	8
0	0
0	0
23	12
2	0
9	0
8	14
8	0
0	0
19	0
0	0
3	141
16	2
11	0
16	0
0	0
8	6
0	0
4	2
13	0
17	0
0	3
2	0
10	0
0	0
15	149
3	0
8	0
17	11
0	0
0	0
18	0
0	0
0	0
1	0
7	9
17	0
0	0
7	0
7	0
0	0
12	0
5	0
4	0
0	20
1	0
0	0
8	0
7	0
9	1
62	212
3	0
27	6
14	20
6	0
15	0
3	1
45	62
16	0
0	1
0	0
5	90
15	0
4	0
11	0
19	0
0	0
1	0
275	0
33	0
5	32
0	0
85	19
46	9
7	0
0	0
0	1
1	0
1	120
8	0
15	0
37	26
21	4
6	18
3	17
0	12
0	0
6	18
1	2
36	5
1	33
52	8
0	0
0	528
0	0
1	0
3	0
0	0
13	0
30	0
5	8
0	0
3	34
6	6
12	0
11	31
26	20
43	27
5	4
0	0
9	0
1	0
0	161
0	16
18	0
34	0
1	3
5	0
11	3
19	0
0	3
21	0
6	6
0	0
0	0
3	17
0	0
62	58
36	0
15	0
2	0
0	0
0	9
11	18
19	0
13	0
4	0
0	0
0	1
241	183
0	8
8	12
28	0
410	433
15	0
64	0
5	0
1	0
0	7
2	0
0	80
2	0
0	2
1	3
0	7
4	0
5	0
0	13
5	11
0	1
0	124
0	0
22	505
6	0
7	36
4	0
12	0
8	0
16	0
0	0
0	4
14	0
13	0
0	74
9	0
11	0
3	0
7	0
0	11
3	0
15	0
15	0
3	0
17	77
8	0
22	9
3	193
13	22
7	0
53	0
9	0
6	0
10	0
4	0
0	0
5	0
0	0
0	0
0	59
5	18
0	0
2	0
3	0
22	0
29	6
5	0
7	0
0	7
0	1
1	0
0	9
0	0
1	0
2	72
5	1
53	0
0	12
0	141
18	51
0	0
25	0
3	0
0	0
9	0
0	1
4	86
0	0
0	0
0	7
27	0
4	24
11	26
7	0
9	0
0	30
20	0
5	7
2	0
0	22
9	0
21	0
35	0
320	51
2	10
1	0
0	0
0	11
3	0
0	1
15	0
10	0
1	0
0	1
2	0
4	0
10	0
11	0
0	9
3	0
0	0
1	8
14	0
0	9
9	0
9	52
0	0
9	0
8	8
4	0
25	5
1	0
70	0
12	0
6	124
24	0
6	0
0	0
4	0
0	31
6	13
15	7
3	6
0	6
0	0
50	0
8	181
0	5
20	0
40	1
0	4
16	56
21	0
4	1
6	62
0	4
0	0
0	0
3	0
5	0
8	0
1	0
6	0
13	0
1	0
0	7
11	36
135	243
13	0
0	0
0	0
8	0
14	1
5	0
2	0
2	0
5	0
12	0
7	0
2	0
13	5
0	6
8	5
21	22
0	0
0	3
0	0
9	0
8	0
0	0
2	0
8	0
2	27
0	0
0	0
0	0
3	2
0	0
0	0
19	0
9	0
17	0
0	0
0	0
21	4
3	6
0	0
14	0
10	128
8	8
9	11
5	0
0	7
4	0
12	59
0	0
1	8
5	0
18	0
9	0
0	16
0	0
5	159
14	0
1	0
16	0
0	136
16	0
9	33
0	10
11	0
33	0
1	0
0	3
13	0
7	6
0	5
9	3
0	315
0	0
0	7
20	0
6	0
4	0
8	0
11	0
12	0
6	0
27	113
6	0
5	0
1	0
13	0
0	0
5	5
23	0
0	0
15	9
5	9
19	0
0	0
0	1
0	482
33	0
157	306
8	0
8	10
5	0
2	0
18	0
2	0
8	4
5	0
0	0
27	121
14	67
4	3
10	0
6	0
0	0
4	66
15	34
4	0
0	4
0	0
0	1
0	6
0	0
12	0
2	0
0	0
20	56
14	5
4	164
0	6
2	164
12	0
9	473
40	8
1	1
13	0
49	55
0	1
79	21
19	12
0	2
21	48
0	238
3	0
0	0
0	144
15	121
5	0
13	0
0	0
4	0
20	1
7	0
1	144
2	1
1	50
9	0
0	7
0	0
7	0
57	0
18	0
21	0
6	0
3	0
9	0
149	148
0	0
2501	6257
10	0
7	0
10	0
9	0
12	0
0	2
19	0
10	0
0	0
4	11
0	0
16	2
0	0
0	0
0	38
0	0
1	8
47	29
0	0
1	0
3	0
0	0
13	8
1	0
0	0
0	0
0	0
13	0
9	0
6	0
0	1
7	4
8	0
1	0
2	0
5	0
20	108
24	0
0	0
2	9
0	6
1	0
12	0
13	0
29	0
1	0
0	2
0	0
7	40
3	0
5	5
2	2
2	0
15	3
15	0
0	0
12	0
0	0
22	0
19	31
0	18
4	0
17	0
4	9
12	14
43	0
5	0
18	3
58	58
65	0
638	433
461	495
32	0
6	0
4	0
0	0
0	0
4	29
24	0
3	5
12	0
0	94
18	0
0	113
0	7
2	0
5	8
11	1
0	0
17	0
11	0
2	0
1	0
0	0
1	84
9	0
27	0
36	16
6	3
0	0
11	0
11	473
83	59
0	0
0	0
11	0
1	0
7	5
5	0
0	0
4	0
29	0
0	39
23	0
0	0
1	0
1	0
15	0
3	0
1	0
0	105
0	4
0	0
0	0
14	31
5	0
0	0
0	1
0	39
8	7
14	38
8	0
9	0
0	13
16	0
0	6
14	0
14	0
0	12
0	12
57	15
29	0
0	0
15	0
0	14
10	0
20	0
76	0
15	4
4	0
6	16
0	0
0	0
4	97
22	0
11	12
4	0
0	0
21	7
0	0
0	0
0	0
4	0
13	4
3	4
0	0
4	15
12	27
6	0
75	0
0	0
20	6
0	0
5	0
0	0
5	0
1	0
10	0
5	0
7	0
15	0
4	12
0	119
20	0
0	0
3	0
11	0
0	0
0	148
9	0
9	0
11	0
5	0
9	0
0	0
6	0
0	0
6	0
10	49
8	161
0	0
3	4
3	0
27	0
10	3
22	39
1	0
5	11
0	15
11	0
0	0
11	1
0	0
1	0
25	0
25	0
0	0
1	4
4	0
21	21
3	0
22	7
147	17
15	32
26	0
6	0
0	126
0	15
0	266
0	0
0	0
9	0
0	1
22	2
2	8
28	41
2	12
26	0
8	0
14	0
0	0
5	0
0	4
3	0
4	0
9	0
11	281
13	6
6	0
0	0
18	3
0	0
0	0
16	0
14	127
3	0
11	5
4	4
1	0
7	90
1	16
17	0
3	0
8	0
1	0
19	10
25	14
49	6
0	0
6	0
8	0
1	0
0	0
0	0
4	19
46	29
12	28
10	0
35	14
1	0
0	93
0	4
43	0
4	0
15	0
1	0
4	0
14	0
14	0
7	0
1	0
2	0
27	0
3	0
0	0
1	0
3	0
0	0
574	647
10	3
4	0
14	0
1	0
2	0
18	0
0	0
0	83
0	79
0	7
0	39
0	8
1	0
0	0
7	4
17	0
0	20
12	0
0	0
0	0
21	23
2	154
0	130
0	4
9	0
54	0
18	0
9	2
0	164
196	49
2	1
13	0
10	0
10	0
11	0
7	15
16	0
1	0
2	0
10	0
0	0
9	19
44	0
18	0
12	0
1	0
0	0
331	26
13	0
6	0
0	0
14	0
1	0
15	0
2	0
0	0
2	0
84	0
16	0
7	0
12	2
21	0
24	4
0	0
4	22
22	0
0	18
5	3
0	0
26	0
4	0
0	0
24	0
0	0
1	0
6	0
0	0
12	0
2	0
0	120
24	4
5	0
3	0
8	1
0	0
10	0
3	0
0	25
14	0
20	0
19	49
3	0
1	0
11	0
0	0
19	0
32	0
16	16
15	7
0	26
0	4
4	17
3	5
4	0
1	0
17	0
15	0
0	0
0	0
12	0
0	9
11	0
0	0
4	0
4	0
7	9
0	1
0	0
31	8
3	0
21	0
1	0
0	0
23	29
8	1
5	0
4	0
9	0
5	0
1	0
9	0
6	1
1	2
0	0
0	8
24	0
6	0
5	23
0	4
5	35
0	30
10	113
0	2
6	0
0	0
16	1
0	0
7	9
1	16
1	0
9	0
0	0
0	0
6	0
29	0
18	0
0	11
0	6
0	12
0	0
2	0
0	11
0	0
8	0
6	30
11	0
0	0
0	0
1	0
0	0
12	39
28	0
1	14
10	0
9	0
0	70
11	0
7	0
2	0
0	0
19	0
18	0
7	0
0	0
21	0
0	0
3	0
3	84
0	0
0	1
0	2
2	5
0	0
11	0
20	0
6	0
8	0
1	0
7	10
0	0
3	2
1	3
0	0
0	0
0	0
11	0
0	0
6	0
35	0
0	0
25	0
2	38
4	35
4	12
15	0
3	0
0	0
1	623
3	0
3	7
4	0
3	0
1	0
0	0
0	83
10	0
3	0
1	65
6	0
2	0
17	0
0	92
0	0
2	20
0	4
0	3
0	23
5	10
1	2
0	45
5	0
7	0
30	0
1	10
0	47
15	0
7	0
15	0
0	17
10	5
0	118
9	0
14	0
8	34
0	11
5	0
2	0
17	0
0	0
0	173
2	0
23	0
3	9
18	37
10	0
0	0
1	0
0	5
1	11
2	1
0	0
0	0
2	0
4	35
1	15
6	0
8	0
1	2
0	28
3	18
0	0
4	0
0	28
30	0
0	3
0	23
4	0
0	0
14	0
0	44
0	0
0	0
0	0
21	0
8	0
7	58
4	0
7	0
23	0
19	0
9	0
32	3
0	9
17	3
0	0
10	0
0	0
1	1
12	392
0	0
4	0
15	37
12	7
1	14
8	0
0	4
0	152
5	0
30	23
7	0
4	23
7	13
0	0
0	0
2	4
24	15
1	326
6	3
0	0
12	0
26	0
0	0
15	4
3	0
4	0
0	0
4	0
4	3
5	0
0	0
61	31
5	0
8	0
10	0
0	0
24	8
11	0
6	0
4	2
18	0
16	0
21	4
8	0
38	14
16	0
1	0
21	0
5	0
11	7
25	0
4	0
8	0
12	0
12	0
8	39
1	0
0	10
6	3
0	0
0	0
26	0
13	0
2	0
10	0
6	14
0	0
11	195
1	0
5	0
3	0
9	0
11	1
1	205
0	0
7	1
0	1
30	0
0	32
13	84
5	0
10	338
7	0
0	0
0	0
2	0
43	0
10	0
16	0
35	0
0	0
11	0
0	0
1	0
0	14
0	0
1	0
12	10
9	48
17	14
0	53
0	0
5	0
4	0
2	0
0	0
10	0
0	0
11	0
29	0
15	0
4	53
0	0
37	0
16	15
10	0
3	11
3	0
8	0
18	28
0	0
9	0
14	0
5	0
25	0
15	3
17	13
6	0
0	0
22	0
4	0
51	0
0	19
25	1
20	0
7	0
6	0
3	0
0	0
12	0
0	12
16	41
5	1
0	4
7	0
7	41
7	0
8	0
1	0
1	5
0	0
4	0
5	0
1	0
0	0
3	0
6	4
0	134
10	0
0	0
1	0
0	12
10	375
1	15
33	9
21	0
4	20
0	0
4	0
0	0
4	0
25	0
0	0
16	1
283	389
95	255
0	34
0	35
0	632
2	0
295	137
0	0
14	0
1	0
0	0
0	0
0	468
6	0
0	7
0	34
0	0
10	0
7	0
1	1
8	0
0	0
20	9
14	0
0	0
4	0
0	2
0	9
4	0
6	0
5	24
37	0
0	3
1	26
16	0
1	33
30	0
0	69
0	0
0	14
7	0
5	0
12	0
22	0
2	4
9	8
12	0
18	4
0	0
0	0
0	0
1	36
5	0
19	0
2	0
15	0
8	38
7	0
32	0
0	0
23	0
0	0
9	0
0	10
0	21
15	0
0	0
28	0
25	5
0	9
0	0
82	97
5	0
6	0
2	17
8	15
0	0
2	3
4	0
0	9
2	0
0	0
16	4
0	0
0	34
32	0
84	11
19	7
0	0
21	0
16	0
6	1
7	0
4	0
6	0
1	231
11	0
8	0
1	0
1	0
47	16
0	0
10	0
1	76
5	0
23	23
0	0
3	27
1	9
6	0
0	0
11	59
0	0
0	0
2	8
26	0
1	0
26	3
0	254
6	0
8	0
34	0
4	2
2	0
4	0
0	0
1	0
4	0
2	0
2	16
9	0
5	0
23	0
0	0
14	18
1	1
0	23
0	14
6	0
1	0
0	0
1	0
8	28
14	0
9	0
15	0
4	12
0	0
24	0
10	0
0	0
4	0
9	0
2	3
0	0
16	30
62	0
11	0
4	0
0	0
9	11
1	0
7	0
0	535
5	1
17	0
7	0
0	9
1	0
10	4
28	0
3	0
4	0
11	7
17	0
18	0
9	0
0	0
5	5
11	0
9	0
0	0
3	12
7	0
25	0
6	0
9	0
6	41
12	0
0	0
5	0
17	0
10	0
30	0
11	15
1	0
28	0
14	0
8	0
35	1
1	0
0	0
6	0
11	0
8	18
0	0
0	0
15	0
0	8
0	0
0	13
28	0
14	11
0	0
4	35
0	0
14	0
0	0
3	2
3	9
8	0
3	0
8	4
24	30
0	0
9	0
36	147
24	0
21	4
0	1
6	1
24	0
17	0
0	109
0	0
1	12
26	0
7	0
9	0
0	6
0	0
8	22
3	10
18	107
27	11
0	0
11	0
0	0
19	0
1	0
15	1
1	0
4	17
0	66
0	27
23	3
4	0
0	0
0	53
14	15
16	0
10	0
14	1
9	0
2	0
0	0
12	0
8	0
5	5
8	21
8	0
0	0
3	0
8	8
5	0
23	0
19	0
4	0
11	0
9	0
0	0
0	0
9	41
7	0
0	78
9	66
3	0
17	0
1	75
23	12
10	34
25	0
16	0
5	0
5	57
3	31
17	0
0	8
32	32
10	0
0	17
0	0
18	0
4	71
25	22
9	0
1	0
0	0
19	11
0	49
0	0
0	14
0	0
0	204
10	0
1	0
0	0
19	0
1	0
0	46
0	70
0	18
1	0
13	39
9	0
2	0
0	0
2	0
27	0
7	0
7	0
4	5
6	24
18	3
0	2
0	0
2	3
3	0
0	0
10	0
12	48
9	0
3	0
10	0
1	0
7	0
1	0
10	0
12	0
15	0
0	0
0	0
226	128
10	5
24	107
17	1
0	0
0	0
0	32
8	0
2	0
12	0
18	22
0	0
7	0
9	0
27	9
0	0
9	0
7	0
13	55
14	0
1	0
36	0
6	0
12	0
30	0
11	0
17	0
0	109
8	224
21	0
6	7
0	0
12	0
5	0
0	0
5	0
5	0
0	493
0	0
0	72
8	24
13	11
0	0
0	0
0	63
0	0
4	5
2	8
4	0
0	95
4	0
0	40
4	0
0	9
0	67
0	0
0	65
0	27
44	0
8	40
19	0
7	0
5	0
0	49
84	66
0	0
8	0
0	9
24	2
15	0
0	0
3	8
0	0
0	0
0	0
2	0
25	0
0	41
0	0
47	0
0	0
32	30
1	0
4	0
8	7
13	0
3	0
7	0
1	0
3	0
1	0
0	1
6	5
31	0
9	4
16	0
2	0
1	0
2	0
0	0
1	0
1	103
7	0
6	125
10	0
0	62
0	0
4	0
0	0
0	0
4	3
2	12
15	0
0	36
1	0
0	0
1	0
3	20
0	0
1	0
0	14
8	9
0	0
0	0
39	10
15	0
0	0
0	36
0	3
3	0
0	0
35	0
12	0
4	76
7	0
11	0
5	0
0	0
13	0
4	0
0	0
9	0
0	0
11	0
16	0
6	0
0	33
1	0
1	0
12	0
41	0
15	0
0	0
0	0
33	11
5	0
3	0
0	92
0	46
10	24
0	0
13	0
4	0
0	3
1	2
11	5
0	2
4	0
3	0
0	26
6	0
8	0
5	0
23	0
4	0
0	0
13	0
24	0
15	0
3	5
2	0
22	0
0	0
1	0
65	0
10	0
0	0
14	0
21	0
5	67
0	23
12	0
19	2
16	0
0	0
8	46
5	0
2	50
13	6
12	0
9	0
11	0
7	0
14	25
6	0
0	0
26	3
7	0
29	1
6	0
18	11
0	0
10	8
0	0
0	0
0	135
0	0
0	0
6	0
0	0
0	0
0	32
8	0
8	7
0	0
17	13
0	0
2	7
29	3
1	172
3	0
0	0
0	12
0	0
11	0
5	7
3	0
6	0
29	41
2	0
4	0
16	0
14	4
0	0
15	0
14	0
2	0
0	0
0	0
19	26
8	4
14	25
13	0
10	12
0	2
18	76
13	3
6	0
0	0
4	0
14	2
9	0
40	3
0	8
0	8
6	0
3	0
5	0
23	0
2	0
0	0
0	0
9	0
5	0
13	0
0	13
8	0
0	10
15	8
11	0
11	0
5	0
92	0
12	1
0	4
20	0
18	20
5	13
3	0
9	0
6	0
1	0
0	0
1	0
1	0
11	0
0	0
3	0
28	0
7	0
0	5
6	0
26	95
0	0
19	0
0	25
6	40
13	75
0	0
0	0
0	0
14	9
0	0
4	0
16	0
20	1
13	0
54	41
11	0
1	0
17	3
1184	1781
24	6
0	0
3	0
37	10
8	0
0	0
0	0
1	0
12	0
0	0
5	0
0	0
1	8
18	0
0	0
4	0
36	0
7	0
83	0
6	0
6	7
7	1
15	5
12	2
0	0
1	0
0	0
12	0
5	0
46	10
2	81
0	0
36	19
4	0
5	6
26	0
14	12
0	0
0	0
7	0
4	0
0	0
12	22
0	0
3	1
6	31
0	0
4	0
0	0
3	0
5	0
6	0
9	0
0	0
4	51
0	26
25	0
0	0
9	8
3	0
25	0
8	0
0	0
30	34
0	7
1	0
2	9
19	0
16	16
6	14
0	0
8	0
0	0
0	0
3	7
8	0
0	0
2	0
0	35
0	9
9	4
27	0
2	0
11	254
0	0
11	15
34	8
7	0
21	0
7	10
7	178
1	0
15	1
0	19
4	0
0	0
2	4
12	7
10	0
1	0
4	0
11	0
0	12
6	0
9	0
9	31
18	0
3	18
2	0
1	0
1	0
5	0
1	0
0	0
2	9
5	0
16	0
27	0
6	11
0	6
11	0
7	0
12	0
1	0
50	0
4	0
5	0
0	0
1	0
51	0
4	0
5	0
0	0
5	0
13	0
0	0
2	0
14	9
4	591
0	0
23	0
2	0
23	38
0	0
52	0
0	0
7	0
0	19
44	4
25	0
3	0
25	8
0	14
25	0
16	0
0	0
5	23
4	0
812	1038
11	0
0	0
5	236
15	22
12	0
3	0
0	0
4	0
1	0
1	94
14	16
13	0
3	0
7	1
0	17
18	0
1	18
1	0
13	0
2	0
5	0
0	0
11	1
5	0
0	0
0	0
0	0
22	0
3	8
26	0
0	1
27	66
10	0
6	0
0	6
0	0
1	0
15	77
27	0
0	92
2	0
16	0
0	4
1	0
15	16
5	4
8	4
1	5
0	11
19	1
2	0
0	0
5	0
10	0
5	51
14	0
0	0
0	0
471	291
17	6
36	0
9	22
4	1
4	0
0	10
21	0
0	0
0	0
0	0
0	0
47	0
8	0
8	0
42	0
0	0
3	0
1	17
324	357
3	11
0	5
0	0
0	0
7	5
393	474
5	0
14	5
6	0
25	32
0	0
36	0
6	0
7	0
35	7
0	0
30	0
5	0
26	20
9	0
0	0
5	0
1	1
0	37
16	0
1	0
0	0
0	4
0	11
3	0
1	0
8	0
19	9
10	4
1	8
0	0
4	0
0	0
13	0
19	0
3	0
0	0
11	0
119	141
0	0
8	0
16	0
1	0
3	0
0	0
23	41
0	0
36	33
2	0
12	1
15	1
5	0
14	0
0	13
16	6
36	23
0	0
14	28
0	35
2	0
5	0
53	28
4	0
36	0
9	2
11	0
8	11
14	5
5	0
3	0
53	0
6	0
6	76
7	9
7	0
4	48
7	0
0	0
38	0
21	0
0	0
6	2
8	21
4	0
27	0
6	0
6	0
7	0
9	2
18	0
31	83
30	7
14	0
13	6
3	0
4	0
9	6
0	0
9	0
1	9
9	4
5	0
8	0
0	0
2	0
4	508
7	0
33	0
0	0
26	0
2	100
2	20
5	0
0	0
5	85
8	0
4	0
14	0
0	0
8	0
44	31
0	0
28	0
0	0
0	0
0	1
6	0
19	0
11	0
2	0
35	1
0	0
39	114
16	0
14	14
86	0
15	0
15	0
7	0
2	0
11	10
2	0
15	0
18	0
9	4
2	58
17	0
4	3
7	47
6	47
0	0
0	0
0	34
0	0
1	0
10	0
7	0
0	0
2	0
12	0
0	0
5	0
0	0
1	0
1	27
30	143
2	37
8	5
8	37
0	0
29	0
5	61
10	0
4	4
16	0
22	0
0	0
7	0
28	0
4	4
0	0
0	8
1	0
14	0
4	0
5	153
16	0
626	814
40	0
0	1
3	0
0	0
0	222
0	0
0	0
5	0
6	0
215	12
1	0
5	31
2	0
0	10
0	15
0	0
59	0
10	0
27	0
0	0
117	49
4	0
8	0
27	56
25	0
5	2
6	23
12	0
8	0
1	21
0	68
0	39
0	0
0	0
6	217
36	0
0	0
0	2
0	30
62	0
0	0
25	0
0	0
16	22
5	0
13	19
7	0
20	0
3	81
9	64
21	27
13	0
10	0
2	0
2	0
3	0
0	0
5	13
2	0
13	9
11	6
2	0
38	13
0	0
9	0
2	0
2	0
0	0
0	0
0	1
1	20
10	0
1	0
0	0
4	12
27	0
3	0
28	0
6	0
21	0
20	0
28	2
7	0
13	0
0	4
39	0
47	167
6	36
2	0
2	0
8	31
15	69
21	4
5	0
18	0
0	0
10	24
5	0
0	66
4	26
0	0
7	0
34	0
1	0
30	3
7	0
5	2
15	0
0	0
9	0
1	1
16	0
11	0
0	16
0	1
15	3
1	0
22	9
5	5
4	0
10	0
0	8
3	0
25	0
4	0
0	0
5	0
0	0
6	1
6	35
10	59
0	0
0	0
0	0
20	462
7	0
5	0
0	70
11	3
22	0
12	153
8	0
0	0
77	0
1	0
7	0
0	22
8	0
0	68
3	36
6	10
21	0
0	182
0	0
5	0
17	186
8	0
0	182
11	0
0	0
11	39
10	0
2	0
0	2
6	6
15	6
9	0
574	617
20	0
17	0
2	83
5	0
29	0
0	92
0	0
23	0
1	0
0	0
10	0
4	0
3	0
17	7
32	0
1	0
43	26
0	12
2	0
6	0
1	0
10	0
4	0
7	0
12	15
1	7
0	0
8	12
1	0
1	6
0	0
0	9
11	0
31	0
1	0
0	0
6	41
14	13
0	12
6	39
19	281
2	2
0	0
3	206
13	68
25	0
4	0
0	0
0	4
5	7
0	0
0	9
0	2
0	0
52	0
0	0
4	0
0	0
0	0
10	0
8	0
15	0
8	8
3	7
0	0
8	0
3	0
6	0
2	0
0	5
1	0
18	0
1	0
6	0
4	0
0	0
0	0
2	0
2	0
3	13
14	0
15	0
2	0
0	0
16	0
0	13
1	29
0	1
1	0
0	0
0	62
0	0
20	15
0	0
2	68
10	0
17	0
7	24
0	0
0	0
0	0
7	0
3	10
23	16
0	5
12	1
0	0
2	0
6	11
6	0
0	0
3	6
22	0
1	0
25	0
0	0
0	0
11	0
0	0
0	0
0	52
15	0
16	9
0	0
1	1
0	0
0	0
2	0
16	0
14	8
9	0
1	7
4	2
4	0
11	1
16	0
0	15
44	12
6	0
13	0
29	64
0	0
0	0
0	0
0	0
13	0
0	0
19	6
7	0
2	0
0	0
3	2
1	0
4	0
3	0
3	0
0	0
10	0
0	3
0	0
10	0
6	0
14	0
12	0
34	47
1	0
0	1
2	2
0	0
1	26
0	9
4	1
1	4
0	0
7	0
22	0
9	10
38	2
8	0
0	0
0	3
9	0
17	34
0	14
4	0
0	27
5	0
0	0
0	0
1	0
5	0
30	0
26	12
6	1
20	0
0	49
0	0
24	21
5	0
0	22
2	8
86	23
16	0
15	17
9	0
15	0
0	0
14	4
13	0
3	0
16	0
5	0
0	37
0	0
8	0
5	0
2	24
8	0
0	0
13	1
11	179
5	0
5	0
0	47
16	8
0	0
23	0
14	0
0	0
10	8
7	1
5	0
0	3
1	0
0	0
0	0
0	0
0	1
5	0
20	0
4	0
43	27
0	8
0	0
8	0
3	0
0	16
9	0
0	0
2	0
2	0
3	0
10	0
13	7
7	8
2	0
0	0
0	0
9	0
11	0
6	0
32	11
7	8
3	0
0	0
6	20
19	0
12	0
0	4
10	25
11	3
23	0
39	0
0	0
14	0
0	0
4	0
0	0
3	0
4	0
19	0
21	0
2	0
1	1
11	36
2	0
13	4
0	11
0	13
2	0
36	0
10	0
8	4
0	25
13	0
9	0
6	0
50	76
0	0
5	0
2	6
6	3
0	47
7	11
1	0
10	7
6	0
2	0
9	13
0	0
31	0
4	2
0	0
12	0
0	0
7	40
0	0
13	0
8	1
10	0
0	0
4	0
7	125
0	0
4	70
0	0
0	0
22	12
7	0
1	46
24	24
8	18
0	0
25	0
8	39
4	0
0	9
51	0
2	1
5	0
47	0
1	11
12	205
0	0
5	3
13	0
0	0
5	2
6	0
2	0
0	0
36	0
10	8
0	8
0	0
10	0
2	0
24	19
27	0
2	0
1	0
2	0
16	4
8	0
0	0
1	0
14	0
0	0
1	0
0	0
0	0
1	0
21	18
8	5
20	0
0	0
5	0
0	145
0	25
1	1
1	0
0	145
13	0
16	5
26	71
4	135
5	0
16	0
9	7
21	14
11	0
11	7
0	0
0	0
44	0
0	12
8	0
0	0
5	0
9	0
6	1
13	4
1	0
0	38
3	0
0	0
19	14
7	0
13	0
1	0
4	24
14	2
0	0
3	0
2	0
9	0
1	0
3	0
11	0
0	35
33	4
4	217
8	1
5	0
29	0
5	0
17	12
11	3
5	0
21	11
2	0
1	2
14	2
0	0
0	0
0	0
1	0
0	19
11	8
53	0
4	74
1	0
8	0
0	220
7	79
5	3
0	0
34	0
15	31
4	0
8	6
0	0
5	2
23	0
0	1
13	0
0	3
21	0
27	0
12	27
2	33
1	10
1	0
23	0
32	0
170	0
312	21
3	1
8	7
10	0
41	52
0	0
5	0
7	0
12	15
0	0
0	26
0	0
1	0
2	0
6	0
5	3
2	5
16	8
30	71
1	8
1	0
0	11
0	0
3	0
0	518
13	0
5	0
16	17
8	20
4	24
0	56
0	0
22	0
10	9
18	14
0	17
0	0
6	0
4	35
23	0
3	0
12	0
11	0
0	0
13	0
2	0
10	0
8	0
13	9
169	0
0	0
16	0
0	1
26	0
9	32
1	0
2	0
116	0
16	11
4	0
0	0
2	45
1	12
4	0
44	0
13	0
0	0
25	0
0	3
0	10
21	0
2	14
26	0
38	79
9	12
26	0
0	0
0	0
9	0
0	5
18	21
0	0
11	14
0	36
19	43
3	0
37	0
20	0
0	9
25	11
5	0
4	10
7	6
10	0
8	0
9	0
12	0
0	0
3	0
0	0
0	0
12	7
0	0
1	0
3	0
0	0
1	4
6	8
1	0
10	8
12	2
10	14
11	25
3	0
1	0
15	0
9	0
0	0
16	0
14	0
9	0
0	0
3	62
6	2
9	190
3	0
7	47
19	0
19	0
0	6
0	23
0	20
9	16
0	9
5	12
8	0
0	0
9	18
0	0
1	0
12	0
14	0
10	0
0	5
5	23
7	0
21	1
0	0
1	0
8	31
49	0
8	37
0	0
0	0
59	49
0	3
11	32
2	33
20	16
0	0
22	0
0	7
16	29
1	0
0	0
1	9
1	16
9	0
1	0
0	38
18	0
3	4
5	0
20	0
6	0
0	17
16	34
5	5
8	11
15	156
0	0
0	14
17	53
0	3
5	32
0	20
7	19
22	0
3	0
12	0
0	0
4	4
0	15
6	0
9	37
6	0
5	0
2	0
0	0
6	0
4	0
13	0
20	0
0	44
5	10
158	133
385	884
0	87
0	0
27	181
0	40
6	3
2	17
5	0
7	0
1	0
4	37
0	0
8	0
0	55
0	0
21	0
8	0
9	16
8	11
0	8
2	0
5	0
7	0
21	39
4	0
0	0
0	4
10	52
2	1
19	66
0	0
9	2
9	30
8	8
23	53
5	15
21	43
0	0
4	0
4	0
0	14
14	49
0	125
9	0
0	12
16	0
7	8
4	0
1	0
2	6
19	9
4	0
16	0
0	123
0	112
4	1
8	0
0	0
11	35
3	0
1	0
17	0
23	0
0	1
25	0
0	0
0	0
23	22
9	0
3	3
23	0
0	94
0	0
13	30
8	8
25	0
1	0
7	5
22	0
20	4
0	0
52	41
5	29
6	0
10	0
0	11
20	0
0	0
1	0
0	0
0	8
32	0
0	136
6	12
14	0
0	68
0	6
0	6
5	2
5	0
6	0
13	0
5	0
12	0
0	12
26	0
13	0
52	9
5	0
22	0
7	32
0	0
21	0
0	0
6	7
1	3
3	52
20	8
10	58
1	0
5	0
0	0
35	27
4	0
2	8
12	0
14	0
0	0
20	47
1	0
3	0
9	0
9	8
10	0
14	2
10	45
2	0
0	0
0	0
0	0
1	0
0	1
28	18
16	0
6	0
45	7
0	10
21	2
3	12
0	0
4	0
4	0
2	0
15	6
0	0
6	22
5	0
0	0
34	0
8	0
34	0
0	0
10	0
5	1
44	0
3	0
2	10
0	0
6	0
68	257
41	0
1	0
27	0
6	0
3	0
9	14
11	0
15	0
0	0
31	0
1	2
73	18
0	0
0	0
12	0
30	0
15	0
4	0
0	0
5	25
18	0
13	0
0	49
3	9
2	0
9	25
6	0
0	16
7	6
29	0
11	3
8	1
0	0
3	0
14	9
0	17
16	125
12	33
14	1
19	0
8	0
0	0
2	0
0	0
7	0
12	0
0	7
2	0
12	0
5	0
20	0
4	13
1	0
13	11
15	0
7	2
12	0
2	0
0	0
7	0
0	0
3	34
11	19
5	0
19	0
28	0
11	0
0	10
7	0
0	19
13	0
2	0
8	0
32	0
0	0
742	950
19	0
301	0
5	0
0	23
26	0
0	20
6	0
6	0
7	0
9	2
5	4
90	0
29	0
1	0
3	0
7	2
0	14
0	0
0	0
2	8
7	0
39	4
18	0
7	0
15	8
13	0
6	0
26	0
6	0
41	0
0	7
5	47
13	0
0	0
0	0
17	0
2	0
14	191
3	283
6	30
8	0
24	34
9	0
24	0
0	0
6	0
3	0
50	0
8	5
0	0
11	19
2	29
9	0
6	0
27	0
16	0
8	0
6	16
0	0
3	383
0	4
15	0
5	1
21	0
3	4
0	0
3	0
37	0
0	0
10	0
22	0
4	0
12	0
0	0
8	10
0	0
3	6
9	0
7	28
0	0
19	36
3	0
9	32
0	0
5	0
18	0
28	0
1	0
16	0
1	0
5	0
10	0
8	10
5	3
16	0
2	0
0	702
31	89
0	5
6	0
1	0
1	0
8	0
0	20
0	95
0	503
11	4
7	32
0	39
14	0
0	0
0	0
27	7
8	0
0	0
1	0
53	0
0	15
1	0
8	20
0	0
16	0
6	0
1	0
0	0
4	0
0	0
15	0
3	0
7	0
4	0
0	0
22	15
7	4
10	0
16	35
32	0
0	0
3	0
89	17
1	0
11	6
12	0
1	0
1	18
0	0
12	0
0	0
72	0
0	49
3	9
0	0
16	0
15	11
1	0
0	17
0	0
0	0
3	0
0	32
0	0
23	0
4	0
0	0
12	0
6	0
0	24
4	20
9	0
1	0
24	6
7	0
5	0
0	23
1	0
0	0
5	0
12	0
22	0
20	0
0	47
0	0
0	11
19	16
0	2
11	9
1	0
1	0
11	0
2	0
0	0
4	0
0	0
0	2
26	0
1	0
0	0
3	0
6	0
14	0
0	0
12	0
0	15
0	0
1	8
0	0
8	10
0	12
0	20
0	0
0	0
7	0
20	0
0	5
11	9
27	0
11	0
6	0
50	0
4	7
7	0
11	0
180	0
1	13
3	0
8	0
7	0
1	0
0	0
6	0
13	13
0	0
0	0
8	0
0	0
0	0
9	352
0	0
14	0
2	0
2	0
31	0
38	0
0	52
10	0
4	0
4	5
0	0
0	0
7	0
6	0
3	0
0	0
5	0
0	13
0	0
0	16
38	23
0	0
5	0
0	0
0	0
27	10
55	0
6	31
3	0
46	0
8	0
1	0
17	27
6	0
0	0
7	0
0	0
33	0
3	0
0	5
0	0
0	0
9	0
3	0
8	0
5	0
0	8
0	111
1	0
2	0
5	12
11	221
17	0
7	6
1	3
2	1
15	4
1	0
2	0
0	0
5	0
8	0
0	0
1	43
10	19
0	0
28	4
8	19
0	0
0	3
4	8
9	11
4	0
5	0
20	13
11	0
13	0
0	0
1	8
12	0
1	0
1	12
4	0
0	2
4	0
9	0
11	5
0	0
1	7
12	0
0	11
24	0
0	7
3	0
3	0
0	30
0	0
11	0
0	0
0	0
2	0
0	0
2	0
0	0
41	0
13	0
7	0
0	0
2	0
7	0
2	2
1	0
0	0
5	0
18	26
29	0
0	0
0	0
11	0
16	49
24	0
0	11
0	0
0	0
17	0
21	7
11	0
3	2
0	0
0	0
0	0
0	3
2	0
10	22
4	5
0	0
26	0
2	0
3	0
0	0
15	0
6	132
7	0
83	1
246	68
7	6
14	0
23	2
18	0
11	29
2	19
0	0
0	8
0	10
66	10
17	0
32	0
9	0
5	0
15	13
1	0
0	0
2	7
0	0
8	128
22	0
8	5
10	0
26	0
7	0
0	14
5	26
18	12
5	3
3	53
1	96
1	0
19	53
11	15
5	5
0	0
0	0
0	0
1	0
9	0
20	0
0	14
1	0
20	0
8	0
0	0
25	0
0	7
2	0
18	0
45	6
1	0
33	0
7	0
20	0
6	0
32	27
10	0
0	23
0	0
4	0
4	14
3	15
0	31
10	1
9	0
7	0
8	0
0	17
24	2
0	1
4	17
27	1
10	15
17	0
5	390
17	12
15	0
3	0
11	36
2	0
50	8
0	0
0	1
5	0
29	19
18	0
8	17
1	0
2	0
0	55
0	0
0	4
6	51
1	0
1	0
13	0
8	0
18	12
38	0
0	48
23	0
33	21
2	0
3	0
0	0
2	5
5	15
20	27
0	10
25	7
16	0
20	0
0	4
0	0
7	5
5	0
0	0
6	3
1	0
4	0
5	0
13	0
6	0
8	0
5	8
0	0
30	0
6	53
1	0
0	0
6	0
0	0
10	0
0	49
3	56
9	0
7	0
10	0
0	0
0	0
0	0
1	0
0	15
8	10
4	0
0	4
49	0
54	0
4	0
32	1
0	1
0	0
7	55
5	0
0	0
35	0
0	0
18	0
26	0
10	0
0	19
1	13
12	0
0	21
0	9
23	26
0	1
1	21
0	0
0	40
0	0
0	13
11	0
2	0
1	48
13	62
7	16
3	1
2	8
0	0
0	0
34	28
13	0
39	0
1	0
4	33
6	16
0	52
0	2
1	0
0	0
0	0
0	2
6	0
1	30
5	2
0	13
6	0
8	0
24	0
1	0
0	0
0	0
3	0
0	0
0	0
9	0
5	0
7	29
1	4
0	0
0	0
22	9
0	0
17	0
9	0
23	0
13	0
7	0
9	4
0	0
1	13
4	0
13	0
13	0
3	0
7	0
19	63
12	141
0	0
16	0
0	13
0	4
2	8
5	0
13	42
3	1
17	0
30	0
9	0
1	0
0	0
3	20
1	0
0	1
10	16
4	0
0	0
0	0
0	54
0	0
0	0
19	0
13	10
16	0
7	0
7	0
2	6
0	0
3	13
0	0
10	0
1	1
12	50
11	0
28	0
6	0
9	0
1	0
10	42
0	0
5	0
34	20
14	16
3	19
9	0
21	0
13	3
30	0
0	0
1	0
4	0
39	134
11	8
0	4
12	8
4	9
5	75
30	0
2	0
0	0
12	0
0	0
0	2
3	18
13	53
10	27
9	0
12	0
15	0
9	5
0	0
1	0
0	0
1	0
0	18
2	0
26	0
21	0
0	0
22	101
10	0
7	0
0	11
2	0
9	0
5	4
27	0
8	0
0	0
0	0
24	0
0	0
0	0
31	0
10	67
32	0
4	0
3	12
0	0
9	0
28	0
79	0
6	23
5	0
10	0
2	0
0	0
5	0
5	0
19	5
5	20
0	0
8	0
0	0
23	0
17	0
0	0
18	4
31	10
0	0
22	1
0	0
30	3
11	22
17	0
23	0
20	0
3	0
12	0
1	0
0	0
0	0
16	0
0	5
10	0
21	0
11	0
0	5
0	0
20	0
0	5
0	0
2	0
4	43
0	0
0	0
10	0
3	5
0	34
9	0
0	0
23	8
0	0
8	0
0	0
32	0
14	58
57	0
0	54
10	5
12	21
0	0
0	0
4	0
7	0
11	0
14	30
0	6
2	4
3	0
12	26
3	0
5	61
14	0
0	0
2	0
8	0
28	0
12	0
24	0
0	0
0	0
7	0
9	0
24	0
0	29
17	0
19	0
0	0
1	2
16	0
0	0
36	0
3	0
1	0
13	0
12	0
10	40
0	0
32	0
8	0
7	11
2	0
10	3
5	0
3	0
19	1
4	1
1	0
10	0
18	357
1	0
16	37
4	0
4	0
0	0
12	0
0	0
4	28
17	0
24	0
18	2
0	1
6	0
30	0
3	0
26	0
12	15
0	1
0	0
10	0
15	0
11	0
0	0
0	0
0	0
9	31
4	15
0	7
1	0
208	336
2	0
0	1
2	0
4	0
23	0
4	0
1	0
4	0
6	0
2	0
0	9
18	1
24	5
0	0
3	7
13	2
1	0
10	0
20	0
12	0
0	0
0	32
2	0
28	0
25	2
15	0
0	0
10	0
7	0
0	4
0	17
15	34
14	1
12	14
14	1
17	0
0	55
17	0
8	0
0	0
7	0
5	8
3	0
0	100
0	0
1	10
14	0
3	0
0	0
18	16
18	0
1	6
0	0
0	0
9	4
14	38
4	0
0	20
0	22
7	0
0	0
0	0
4	1
17	0
12	0
0	0
0	0
28	0
5	0
2	0
3	14
1	0
5	0
0	0
2	1
7	0
0	0
0	0
8	0
29	0
3	0
0	0
21	0
1	0
9	0
14	0
5	16
3	14
3	0
5	151
24	5
60	34
0	0
7	0
4	0
24	0
10	8
5	44
0	0
0	0
24	0
0	17
12	0
10	5
12	0
6	11
12	0
15	0
23	0
2	0
2	0
5	0
2	0
10	0
27	0
7	56
0	0
17	11
0	0
0	4
2	16
5	0
10	0
25	0
1	0
14	0
0	0
48	0
9	0
10	16
1	0
0	0
4	0
14	0
5	0
7	20
0	0
0	0
0	0
7	0
4	0
0	0
11	0
0	6
0	17
0	0
0	0
0	0
6	7
14	0
7	0
1	0
1	0
0	0
2	0
12	12
6	0
24	0
0	0
9	0
0	0
0	0
0	0
0	16
33	0
0	0
6	12
0	0
0	4
5	0
6	0
4	4
15	0
0	163
4	0
3	11
6	4
1	0
20	4
4	1
32	0
0	11
5	0
2	1
20	17
0	1
0	46
0	70
0	18
0	10
0	0
49	0
6	1
0	7
1	2
0	3
0	0
0	0
2	0
11	0
1	1
3	0
8	0
0	0
1	0
7	0
0	0
16	0
16	0
6	0
2	94
10	26
11	0
1	3
2	0
0	0
7	0
0	0
87	0
0	0
13	20
1	0
15	0
23	0
21	5
10	31
0	0
7	3
3	0
3	38
0	0
11	0
13	0
18	0
10	90
0	0
19	0
76	2
14	0
20	0
8	0
0	24
3	0
16	0
16	0
0	0
0	6
1	0
0	16
9	0
8	0
7	1
0	0
1	5
0	0
29	19
0	0
12	0
3	0
9	0
12	1
17	14
6	0
9	0
1	0
0	5
62	0
2	55
13	0
9	10
7	1
2	0
0	0
9	0
18	0
17	45
9	0
0	0
0	0
4	4
8	0
13	4
14	0
0	10
0	0
18	0
7	4
0	0
0	0
0	0
10	0
6	0
0	0
6	0
12	0
8	16
9	2
11	0
26	5
1	0
23	0
24	0
13	0
10	0
1	0
10	0
0	92
3	14
12	1
0	8
20	0
4	0
13	0
7	177
0	0
5	0
13	0
9	1
6	0
10	0
10	0
4	0
1	0
4	0
0	0
7	0
10	6
12	23
40	202
0	0
6	0
4	6
0	0
41	1
6	0
14	0
13	12
1	0
8	0
16	42
0	0
0	8
7	37
2	6
0	0
0	0
5	0
7	0
6	0
0	25
10	59
12	0
1	0
8	0
5	0
24	0
0	1
12	0
8	0
2	17
9	0
9	0
24	0
9	0
6	0
1	0
1	0
0	0
16	3
2	0
8	65
12	0
2	5
0	0
0	0
6	0
0	43
4	106
4	2
0	0
2	0
23	2
0	7
4	0
17	2
6	0
0	11
21	0
12	4
3	0
4	6
13	12
8	0
0	0
3	0
0	25
10	0
0	0
13	0
3	0
11	0
35	9
1	0
202	124
1	10
6	0
12	0
0	3
5	6
7	0
22	27
24	7
7	0
14	0
1	59
0	10
14	1
17	25
3	3
14	0
13	0
11	0
21	0
5	0
6	0
13	35
246	155
16	0
7	33
8	38
0	6
0	0
5	0
11	11
13	0
42	0
19	3
4	0
1	0
20	0
8	0
16	5
0	20
18	0
23	0
0	0
0	7
0	0
2	54
17	98
0	1
24	6
0	0
0	4
9	0
1	0
2	0
0	0
5	0
22	12
20	3
0	120
4	0
15	0
1	9
12	5
12	0
0	199
22	84
1	0
0	0
4	501
0	0
1	0
7	0
0	0
16	21
16	0
1	0
31	26
6	9
0	33
0	56
0	131
4	1
0	168
5	0
5	0
5	0
5	0
4	0
7	0
0	67
0	0
3	47
0	0
19	16
6	0
0	0
49	1
0	25
0	0
14	25
0	0
13	0
4	2
7	0
8	0
18	17
2	55
1	0
0	39
11	3
23	0
13	7
8	0
21	12
0	8
0	0
0	0
0	16
0	0
14	164
2	13
0	18
0	10
316	172
553	1193
9	18
15	11
20	0
3	0
1	0
4	0
4	0
8	100
0	24
16	0
0	0
17	0
9	0
6	1
34	0
18	0
0	0
20	0
0	36
0	0
57	213
9	0
25	1
0	0
116	57
0	36
0	0
0	0
9	0
0	36
0	0
2	42
12	0
10	0
3	0
4	0
1	0
13	0
13	0
1	0
21	3
21	0
22	33
14	5
0	0
22	0
0	0
12	0
3	0
0	0
25	11
14	0
0	0
7	0
2	0
8	47
2	0
23	0
4	0
3	14
5	0
7	4
4	0
6	0
11	0
26	119
5	0
11	1
10	3
2	0
1	0
16	0
4	201
5	15
3	0
6	4
28	5
0	2
2	0
0	0
2	29
1	0
1	7
3	0
11	0
33	0
1	9
4	2
7	2
6	0
4	0
15	0
10	0
79	52
28	5
3	0
23	15
35	0
0	1
0	0
0	3
305	0
0	0
0	0
10	0
0	0
0	0
8	21
7	0
2	0
0	0
13	0
10	0
15	0
11	0
12	0
10	4
3	0
12	0
2	0
8	0
0	0
5	1
11	4
21	118
1	0
0	0
0	12
0	86
0	0
0	0
8	0
0	0
7	3
7	20
5	53
6	0
11	7
1	368
22	12
15	17
18	0
1	0
0	21
14	9
0	5
3	14
0	4
0	9
21	2
31	17
5	0
1	0
4	0
0	0
27	0
21	113
67	0
20	18
13	16
14	0
25	1
2	0
6	0
10	0
8	0
29	28
0	36
28	44
0	0
43	4
6	0
6	0
0	4
22	0
24	7
0	0
2	0
1	0
18	0
15	8
0	0
6	0
15	0
0	0
1	0
2	0
22	0
8	0
28	0
13	0
68	6
18	8
61	8
16	0
11	0
6	0
0	31
5	0
11	0
77	0
0	71
2	0
0	0
0	0
1	0
6	8
3	23
2	0
10	0
8	18
14	0
4	9
4	0
16	126
0	0
0	0
0	5
2	44
0	8
5	0
46	0
51	0
0	0
4	18
2	8
0	0
22	13
36	0
3	0
9	0
0	0
0	0
21	0
10	0
7	0
40	19
1	26
11	3
1	14
57	0
2	0
0	23
6	16
11	11
9	0
13	0
25	0
104	344
23	7
0	117
805	1547
12	0
28	2
14	0
7	26
0	0
0	0
0	0
3	14
6	0
0	0
8	0
31	0
0	0
1	0
3	34
0	47
0	29
10	0
12	15
0	0
21	0
4	27
97	13
10	0
6	5
15	23
1	7
0	0
14	0
0	0
18	0
6	0
17	0
18	4
23	0
17	0
4	0
2	0
0	0
6	0
2	0
15	0
8	0
10	0
4	6
2	0
40	2
0	0
0	0
1	0
5	0
0	0
30	0
0	0
4	0
8	0
12	0
1	24
0	0
17	0
6	0
22	6
1	13
11	0
0	0
0	0
19	0
21	23
2	0
11	0
1	0
2	0
37	0
7	0
10	45
6	0
81	19
6	0
3	0
11	0
7	1
0	188
20	0
17	0
4	0
2	0
0	0
2	0
1	0
7	1
16	0
1	0
6	4
0	3
0	1
0	0
17	0
13	0
1	0
0	0
14	0
10	0
0	8
7	0
14	8
15	23
2	0
15	7
7	143
9	11
26	18
1	22
0	4
9	0
1	20
4	20
7	16
3	1
0	0
8	0
0	0
13	0
6	0
0	7
10	0
6	0
32	0
6	0
10	11
14	7
17	0
15	0
7	9
24	4
10	50
12	0
6	0
7	0
4	14
0	49
14	0
0	0
0	0
5	26
0	0
1	0
0	0
40	0
3	12
0	111
0	8
0	49
0	0
1	0
444	615
10	30
0	17
0	236
10	0
7	0
22	97
15	245
1	0
23	0
21	0
2	113
142	955
0	0
5	0
204	151
0	0
3	4
0	0
4	17
4	17
24	0
21	0
36	0
17	0
1	15
47	79
21	13
23	2
1	0
0	0
1	16
10	0
5	0
12	24
0	0
21	24
5	43
0	0
23	3
0	65
2	0
21	0
3	5
6	4
6	0
0	29
0	0
32	29
33	8
59	0
0	234
48	18
24	6
9	23
11	1
5	5
9	0
0	5
11	2
1	31
0	15
0	46
0	0
30	0
1	0
6	0
13	178
5	0
8	0
0	5
0	0
0	0
0	0
5	0
20	0
0	0
3	0
7	0
0	0
13	7340
31	5
0	0
8	0
0	0
12	0
32	5
35	6
8	0
3	0
8	2
13	14
17	0
8	0
16	0
10	0
0	0
17	31
17	16
28	0
0	0
19	7
0	491
37	0
35	0
0	7
0	138
0	28
30	9
0	168
2	0
6	13
1	0
3	12
40	136
47	22
0	39
24	0
36	0
2	16
7	0
0	0
3	0
1	0
0	31
0	11
14	0
0	22
8	0
0	52
0	0
23	0
63	386
9	3
0	83
4	159
0	13
24	0
0	2
5	4
7	79
2	1
6	0
19	0
9	0
0	59
22	16
2	0
0	0
2	4
9	0
6	7
0	0
4	31
7	15
32	18
1035	4112
41	0
4	49
0	175
15	0
6	13
11	0
0	0
3	0
4	83
1	0
3	0
0	0
33	0
21	0
0	0
1	11
10	52
130	0
6	0
11	0
6	0
4	0
7	0
18	24
7	0
16	0
6	0
0	0
0	0
2	6
3	0
8	120
15	0
5	0
7	0
7	6
0	4
12	0
27	1
6	25
5	0
3	0
2	0
12	0
1	7
0	0
18	50
1	0
13	3
25	0
0	0
27	10
1	0
0	0
2	0
8	0
14	14
0	0
12	48
1	0
7	0
0	0
25	0
22	0
9	0
6	1
5	0
2	0
0	0
2	0
2	0
0	4
22	4
12	0
17	52
23	0
9	0
0	0
6	0
4	0
8	0
13	16
0	0
15	43
2	1
0	3
12	0
13	0
0	4
11	210
4	0
23	0
5	0
0	0
39	0
13	2
10	0
16	0
5	0
0	0
82	0
0	0
12	0
0	0
4	0
9	0
5	0
7	0
3	0
8	0
1	0
1	0
5	83
21	8
0	0
33	46
3	0
17	0
1	0
1	0
0	0
3	0
18	0
0	0
0	0
4	158
0	0
8	2
5	0
0	0
14	8
23	93
14	0
0	0
5	1
1	0
9	0
5	10
19	1
6	0
8	0
2	0
11	0
7	28
0	8
38	4
4	302
5	1
0	0
0	0
0	0
8	0
7	0
29	0
6	0
22	10
2	7
0	14
36	36
1	0
46	58
31	95
2	7
10	41
4	0
16	0
5	0
0	7
0	5
1	3
12	2
0	79
41	8
0	11
0	24
0	10
4	0
8	0
6	3
5	1
9	0
12	6
2	0
25	0
7	0
5	0
0	0
136	0
9	0
11	0
1	29
12	0
0	0
4	0
4	0
2	0
7	0
40	13
28	6
0	148
47	0
0	0
0	0
6	20
11	0
5	0
23	21
0	8
24	0
0	0
8	0
4	0
8	0
28	0
4	0
0	0
3	0
0	0
0	0
22	1
10	0
0	8
24	0
4	4
9	0
1	0
6	0
0	0
27	0
29	18
0	0
6	0
1	19
2	0
4	14
24	0
286	57
6	0
4	0
0	0
9	0
6	0
3	0
2	3
5	25
0	0
8	0
34	0
18	6
23	0
4	9
9	0
2	2
5	0
11	0
0	1
3	15
2	74
0	36
676	676
8	13
42	0
5	0
22	73
5	0
0	0
13	19
0	0
0	0
0	4
0	3
27	0
0	29
28	71
0	3
31	0
0	0
0	0
0	0
0	0
20	12
4	0
0	0
8	10
9	0
0	0
21	0
8	0
24	1
0	0
0	3
0	1
18	12
6	0
3	0
0	1
11	25
1	0
0	14
23	8
0	12
0	0
13	0
12	64
0	31
2	432
2	0
11	0
0	0
3	4
0	0
5	0
0	0
3	0
0	69
3	0
4	53
0	0
14	5
0	0
1	0
1	29
0	3
27	0
13	0
0	0
0	31
8	25
10	0
10	0
6	0
0	0
0	65
36	0
12	5
0	0
2	0
17	2
5	9
0	2
19	17
5	0
44	0
10	7
21	10
6	0
0	23
8	0
7	0
7	0
0	0
6	0
9	31
0	65
3	0
29	0
39	0
0	14
6	0
4	0
1	69
3	0
13	0
11	11
61	0
9	0
35	0
6	0
21	0
4	23
10	3
0	0
7	0
8	0
331	21
18	15
0	0
16	0
44	0
3	129
2	0
0	1
13	32
1	6
0	0
0	0
4	6
14	5
0	0
0	10
16	0
13	0
1	0
0	0
1	1
11	0
1	0
42	0
2	0
8	98
17	0
0	0
22	0
7	12
6	0
2	0
31	0
0	0
0	0
1	0
24	22
0	0
4	490
9	15
4	0
18	0
47	4
7	0
0	1
0	24
0	7
12	0
4	0
4	0
0	38
7	0
2	33
0	262
2	46
0	13
8	0
0	0
18	0
30	3
11	0
0	0
0	0
14	0
2	0
13	7
0	5
4	17
0	0
2	0
42	17
30	0
41	0
24	21
1	173
30	8
0	28
0	6
4	0
15	0
0	0
0	2
19	52
0	26
9	77
0	0
0	44
0	13
0	32
0	0
0	2
8	0
13	0
0	8
1	1
55	48
29	21
1	0
2	8
9	29
0	15
12	0
2	33
2	0
0	15
13	0
9	3
0	0
34	33
17	1
1	52
6	49
17	0
0	3
0	0
0	0
21	0
13	0
29	0
8	0
67	0
3	0
23	6
17	0
8	0
37	0
5	2
13	7
0	92
6	0
0	0
11	8
13	5
22	0
13	1
4	0
25	0
2	0
0	9
0	0
16	0
1	0
2	0
29	34
0	5
15	0
1	0
5	4
9	0
10	46
1	0
25	0
61	0
26	15
3	18
3	0
2	0
0	0
6	0
18	0
2	0
1	27
7	14
7	0
64	9
0	12
5	3
4	0
0	0
0	0
10	0
4	0
0	50
3	0
0	0
9	0
3	10
0	6
0	0
45	22
1	4
0	4
7	0
14	0
6	11
27	0
9	5
6	0
0	0
5	0
0	5
9	25
0	0
1	9
0	0
0	0
5	0
0	28
10	157
132	0
7	0
5	0
6	0
78	45
20	4
0	0
1	30
3	8
2	25
10	0
0	0
9	17
5	6
0	0
1	1
2	0
0	90
9	0
9	0
4	4
0	0
3	0
10	0
3	33
4	0
1	0
4	1
41	17
10	0
8	0
7	1
27	56
0	9
6	1
0	6
8	15
9	0
27	0
4	0
0	8
21	0
29	10
16	0
0	0
1	0
7	0
4	0
3	11
0	0
0	0
12	11
13	12
5	2
6	0
42	9
20	74
8	0
21	6
7	0
338	439
4	0
0	0
0	0
2	0
1	14
7	0
27	16
14	1
16	0
0	0
0	132
26	0
0	0
16	244
11	0
42	0
0	0
9	10
1	76
5	0
0	0
2	1
0	2
29	0
7	0
0	0
86	0
0	3
146	0
18	48
6	11
4	5
6	0
5	0
0	18
5	11
0	27
47	15
0	0
10	15
0	0
7	59
0	9
8	0
16	0
41	0
4	0
0	2
3	4
9	54
16	0
5	0
7	9
0	1
4	0
0	0
5	0
11	6
4	0
2	0
6	0
3	0
9	0
0	0
28	1
0	0
2	0
0	11
5	4
0	0
6	0
16	0
0	6
3	0
15	36
18	0
44	0
0	5
10	8
17	0
13	0
6	0
11	0
29	45
0	0
17	1
7	0
26	0
2	0
23	58
2	17
0	0
4	0
1	0
7	0
0	0
5	0
43	8
73	0
2	1
1	0
0	16
4	0
0	15
11	0
8	0
3	7
19	0
2	0
0	0
10	0
5	0
10	0
8	7
0	0
3	24
2	0
15	0
11	0
21	2
6	0
21	87
0	0
9	0
19	0
6	0
8	0
7	321
12	25
9	0
3	0
16	0
1	0
0	0
0	0
10	0
3	6
5	1
0	0
7	11
2	0
86	0
2	34
54	4839
0	8
0	0
8	0
0	0
46	0
11	0
0	11
7	0
8	0
0	0
4	45
3	0
0	1
5	0
0	13
15	44
8	0
17	0
0	0
0	0
11	0
4	0
0	34
25	0
0	7
8	6
1	0
1	0
3	0
2	0
0	0
5	11
0	4
2	0
3	0
4	0
0	0
7	16
7	0
0	7
0	0
37	0
0	0
7	0
39	0
0	517
0	0
1	0
15	16
7	1
1	0
0	112
0	0
0	20
0	0
11	0
74	118
7	0
6	0
9	0
402	195
2	6
7	0
12	0
1	0
32	12
11	5
20	0
9	0
0	5
0	0
1	0
2	0
0	30
653	614
3	113
8	5
4	0
12	0
0	236
0	0
9	0
11	0
0	0
5	0
43	0
20	0
3	0
8	0
0	0
0	0
51	0
42	35
0	0
1	0
27	0
8	0
0	61
35	15
1	0
166	955
10	105
4	0
13	0
23	0
692	1
37	0
5	0
1	72
6	0
54	26
389	377
5	0
18	0
0	0
0	0
9	0
5	0
17	0
2	0
5	0
10	0
7	62
3	7
1	0
0	0
33	0
28	0
12	0
8	0
4	0
20	0
3	0
0	0
0	0
4	0
1	224
0	0
1	0
15	0
14	0
0	0
14	0
4	4
17	0
24	0
4	0
0	0
0	20
2	0
0	0
0	0
2	0
19	0
5	0
11	0
17	0
46	0
15	5
31	0
5	0
2	0
10	0
8	65
13	0
2	0
4	0
3	0
0	0
3	0
16	0
0	5
0	0
0	0
15	0
0	0
28	0
0	0
0	0
0	0
0	0
1	0
0	0
11	0
11	0
18	28
1	7
2	41
26	0
21	0
4	83
4	6
6	0
13	2
0	0
2	36
1	22
0	0
4	0
12	20
0	1
32	0
0	13
13	13
0	0
0	0
9	0
0	0
11	5
11	0
0	0
7	0
0	0
5	0
16	0
25	0
11	13
3	0
14	0
7	0
5	0
21	0
36	0
0	9
24	0
32	0
41	0
9	0
0	0
3	14
14	8
0	70
0	0
0	0
4	0
1	12
15	14
2	0
0	0
1	0
0	0
17	0
7	0
8	0
6	69
0	0
20	0
1	1
7	10
4	0
10	0
0	7
1	0
0	3
0	0
3	0
0	0
7	9
0	8
11	1
0	0
0	0
16	0
3	0
1	2
27	0
5	0
14	0
3	15
7	21
31	1
7	0
0	31
0	122
0	5
21	15
0	8
1	1
7	2
11	0
7	0
0	0
25	0
18	0
1	0
4	0
0	0
1	0
30	8
44	10
2	0
9	0
0	0
9	0
6	61
0	0
7	5
6	0
0	0
9	0
0	0
16	61
1	0
8	17
7	37
15	15
2	0
1	0
3	0
8	17
9	1
0	17
15	0
1	0
7	5
17	24
1	0
0	0
8	0
1	26
2	0
2	0
2	0
0	0
4	0
6	20
7	0
13	8
19	0
1	0
18	15
2	0
21	20
0	0
3	0
0	0
0	11
0	0
16	2
4	0
18	153
10	0
10	0
20	0
11	0
13	0
2	0
0	0
13	8
0	8
15	16
45	35
0	0
14	14
0	0
0	0
0	0
6	1
0	19
16	16
0	0
0	0
4	9
10	0
0	1
28	6
48	10030
17	0
0	0
15	36
13	0
5	0
0	8
4	0
0	7
16	44
13	1
0	10
4	2
1	0
0	242
6	0
1	12
21	0
0	0
17	0
14	0
2	0
27	23
0	374
2	0
6	20
25	0
33	0
2	0
0	107
6	2
12	0
12	0
5	0
15	0
18	0
7	1
12	17
0	0
1	0
4	0
60	77
0	2
12	31
2	0
11	7
8	4
20	13
0	0
0	18
15	0
17	16
23	67
0	49
0	0
24	0
49	0
0	11
0	0
2	69
7	0
6	8
0	23
12	0
14	0
1	9
7	0
6	15
2	0
0	0
12	208
0	0
1	208
8	0
1	0
8	0
3	0
372	432
5	0
1	0
316	519
268	67
6	35
4	13
15	0
29	173
1	0
30	0
16	0
5	0
7	0
7	0
5	0
7	0
5	0
63	1
2	0
11	0
0	0
7	0
8	0
9	0
0	0
2	0
0	0
23	0
2	4
7	0
0	2
0	0
37	9
20	11
5	0
0	0
37	0
1	0
7	7
31	0
5	0
8	55
1	24
47	8
3	14
33	0
47	11
10	0
0	0
0	0
3	5
19	0
35	0
0	0
3	0
11	0
145	72
16	5
0	3
1	0
0	0
7	0
24	0
31	0
0	0
4	19
1	0
0	14
4	0
6	22
6	0
7	0
1	57
0	11
18	0
10	8
6	0
16	43
10	6
8	7
9	0
4	0
8	0
9	0
9	0
26	0
0	0
16	9
10	2
1	2
18	0
6	0
12	0
0	38
3	0
0	0
16	0
0	0
18	7
21	74
0	1
14	27
0	7
0	18
22	5322
19	4
5	0
0	35
1	9
7	62
0	0
2	0
19	0
0	5
24	0
10	0
28	138
0	0
1	0
5	0
16	201
5	0
2	27
0	0
37	24
0	0
0	5
4	7
0	0
0	7
5	1
26	42
7	38
5	20
6	0
36	0
0	20
5	0
4	0
0	38
11	16
6	11
0	5
33	0
23	33
5	0
84	14
0	0
10	0
3	25
3	0
0	0
0	123
3	19
15	0
0	0
3	0
6	0
0	9
0	3
23	0
41	0
28	0
0	528
1	0
12	0
21	0
9	24
3	0
29	0
1	0
17	56
12	0
1	0
11	71
9	0
47	0
0	0
5	0
16	0
23	17
0	0
5	11
8	0
12	0
43	0
6	2
27	11
10	20
6	28
0	0
118	89
27	0
4	41
14	0
0	1
6	12
17	0
33	3
8	0
20	4
29	20
0	0
35	0
67	0
0	0
4	5
25	35
45	8
9	0
4	0
12	0
8	0
0	0
0	1
0	0
29	0
19	0
10	0
63	0
5	0
1	0
2	106
0	0
13	25
0	0
6	9
10	18
1	26
1	0
0	0
0	0
2	0
21	0
0	2
15	6
0	0
6	0
0	0
5	27
11	1
0	0
0	0
2	0
0	0
0	0
17	0
8	13
14	5
19	0
4	15
0	5
11	6
18	7
0	0
40	7
0	0
74	6
5	0
5	0
1	0
13	0
1	11
13	0
18	0
15	0
1	0
0	0
25	0
0	0
5	10
0	0
0	5
26	0
4	0
26	0
0	1
22	0
3	1
0	0
20	4
6	0
51	0
25	0
0	0
0	0
17	0
0	0
18	120
5	0
4	0
9	6
28	9
28	7
3	0
30	11
0	0
17	0
1	0
4	313
0	0
17	12
11	0
3	0
1	3
0	12
6	0
0	0
1	0
3	0
7	0
0	0
1	24
20	0
67	0
12	1
4	0
0	0
6	0
7	0
35	12
7	0
16	17
0	9
14	56
4	9
5	12
4	0
20	0
2	3
0	6
0	68
25	0
8	2
5	0
0	143
7	25
9	26
1	0
11	27
3	24
0	18
7	0
39	0
12	891
0	0
14	45
0	1
0	150
0	0
1	0
5	0
0	141
2	0
13	0
0	5
0	2
19	0
6	30
2	4
8	0
0	0
14	0
10	17
0	41
0	23
6	0
0	5
5	79
3	0
0	0
3	0
2	0
1	0
2	0
42	0
3	0
0	0
7	0
0	2
0	0
0	12
4	6
8	10
22	0
6	0
32	0
2	0
1	0
10	0
23	50
0	0
4	0
5	21
2	0
8	5
12	0
5	0
5	0
7	0
9	0
10	0
7	0
3	0
74	0
0	0
3	0
7	6
0	3
10	4
0	0
16	0
4	0
9	0
11	0
8	0
3	0
0	55
36	0
15	0
7	0
7	0
14	0
3	0
1	0
0	0
1	0
15	14
0	0
28	17
7	0
4	0
4	39
21	10
3	0
22	5
0	1
3	0
0	6
0	92
3	0
17	8
3	0
5	3
8	1
10	0
0	9
13	14
34	14
0	0
1	0
6	0
44	0
0	0
9	15
24	24
0	0
22	23
7	33
24	0
9	0
0	0
0	9
0	0
12	0
21	22
0	0
7	32
1	0
4	5
1	16
4	0
0	0
5	13
0	27
9	2
0	0
2	0
0	0
19	0
0	0
7	0
0	0
5	0
47	6
7	0
16	0
40	23
22	0
0	4
0	0
23	0
20	0
26	0
0	0
6	0
0	0
40	0
1	0
0	0
16	0
29	38
10	1
31	0
0	0
0	0
6	0
0	0
1	0
5	0
6	0
3	0
0	0
5	0
1	0
4	0
4	0
8	0
2	5
6	4
19	0
16	0
0	0
0	0
10	3
0	12
11	0
0	0
0	0
1	0
7	0
10	0
1	48
50	0
13	0
8	0
3	0
0	0
1	8
23	0
0	31
3	0
5	72
6	0
16	0
3	0
2	0
0	0
8	0
3	44
6	35
0	1
17	0
25	0
7	0
21	0
37	3
8	33
8	0
5	4
15	24
110	0
1	0
16	10
17	90
17	0
14	0
2	135
5	9
15	0
6	10
0	0
52	48
15	0
19	0
0	0
6	0
0	0
0	0
0	0
40	0
18	0
0	1
1	0
18	0
11	8
9	0
56	17
1	1
2	30
24	5
1	0
6	0
8	18
15	0
8	26
15	0
0	0
8	0
27	0
9	20
19	0
17	0
7	0
0	0
3	0
220	48
5	0
12	8
0	42
20	52
0	1
17	81
4	9
2	0
3	0
9	21
0	1
81	16
0	15
215	50
1	0
35	0
0	0
20	0
23	0
6	0
23	6
17	0
8	5
1	6
19	0
20	0
16	0
9	12
0	7
0	0
0	0
5	9
1	9
12	0
5	0
56	10
64	0
6	0
29	0
32	0
3	0
12	6
0	0
11	11
0	55
0	12
9	0
0	0
7	0
15	26
10	0
1	0
5	20
1	0
15	0
33	0
5	0
19	0
0	0
0	3
14	0
5	0
1	0
0	306
13	1
13	4
16	0
16	0
22	0
0	0
0	0
8	22
37	7
0	0
0	0
0	0
0	0
0	7
0	9
0	12
0	33
0	0
0	0
0	0
0	0
34	0
0	0
2	0
45	0
6	0
0	0
5	0
25	0
0	0
15	0
1	0
0	0
46	0
9	0
41	0
4	0
2	0
0	0
6	0
18	0
1	0
56	0
35	0
6	0
0	0
0	0
0	0
7	0
35	0
73	0
10	0
10	0
7	0
8	0
0	0
8	0
0	0
14	0
2	0
21	0
6	0
36	0
0	7
61	20
0	19
2	16
0	12
20	0
6	0
0	0
0	0
5	0
0	13
3	13
4	0
5	18
0	13
5	0
1336	0
0	19
0	19
172	77
0	14
6	15
0	4
29	0
41	85
0	85
16	6
0	6
6	37
0	10
4	393
0	326
13	4
4	4
7	4
0	0
6	0
25	0
0	0
0	0
0	14
0	14
7	14
0	14
0	13
0	14
0	14
0	12
23	4
0	5
123	51
344	51
0	0
0	0
6	43
57	8
13	417
0	20
0	20
27	6
0	4
1	19
0	0
11	0
25	10
0	10
78	36
0	34
35	0
10	28
0	40
20	58
0	15
536	72
0	14
3	51
25	4
0	0
309	7
0	7
0	0
8	0
5	10
0	10
0	41
0	31
50	80
0	21
5	40
20	1154
0	1185
74	167
0	15
6	0
0	0
2	0
5	0
2	0
5	5
2	5
13	4
99	27
4	0
0	5
0	71
0	71
38	71
13	8
0	3
27	54
16	5
135	19
0	17
21	9
0	10
22	2
2	0
0	0
199	59
0	26
0	26
8	1
0	1
20	12
14	11
0	11
0	351
0	523
0	210
0	200
2	0
6	1
0	43
0	26
0	54
0	7
12	1
15	1
23	0
16	10
3	16
0	11
3	11
0	0
0	54
0	0
0	0
0	0
31	8
0	8
140	70
0	7
0	147
0	0
0	0
5	0
11	8
12	5
0	5
0	8
4	8
172	4
0	4
5	0
0	0
1	0
14	16
0	1
0	39
0	39
0	2
6	0
0	0
25	20
0	2
0	1
0	7
28	7
22	5
0	2
0	2
1	5
0	5
4	366
0	0
0	10
0	10
1	7
0	7
0	71
0	48
0	71
3	0
22	8
17	1
0	1
31	0
34	2
0	2
0	10
0	10
0	30
21	57
4	129
0	97
15	0
9	4
0	0
5	2
3	12
0	11
0	57
23	61
0	61
6	269
12	269
0	80
0	223
0	113
17	0
0	0
0	3
0	3
0	3
0	40
0	19
0	27
8	79
0	61
9	5
0	5
0	21
0	15
0	1
11	0
9	54
0	54
0	5
48	127
248	131
0	32
0	11
2	0
0	0
0	103
12	0
5	9
0	9
848	12
0	3
0	3
29	2
0	2
6	0
0	0
0	0
63	10
0	7
0	0
3	39
0	25
1	22
62	37
0	39
21	1
0	10
0	1
0	5
8	4
0	10
0	10
0	0
0	0
15	0
1	19
0	19
28	13
0	0
3	0
3	1
0	1
0	1
5	8
1	4
0	3
0	0
0	6
10	0
42	12
0	0
0	7
0	7
20	39
19	79
18	177
0	74
0	72
4	0
0	70
12	0
18	0
7	0
0	7
35	24
11	7
403	7
0	63
0	4
13	2
12	0
5	0
0	215
0	131
0	27
0	82
18	60
1	1
8	0
0	0
2	33
0	13
38	14
4	0
30	257
0	63
6	20
0	20
3	40
0	39
0	17
0	4
12	0
0	0
12	21
0	29
8	7
0	7
22	0
4	26
0	21
0	12
51	12
0	0
1	0
7	0
59	1
21	63
0	63
4	0
3	51
0	51
7	0
9	87
19	87
17	72
0	38
151	10
0	10
28	25
0	19
0	5
0	2
0	2
22	0
1	23
0	23
0	14
0	9
26	0
0	0
0	0
11	0
4	16
0	16
3	15
0	15
3	6
41	6
0	20
0	20
0	0
10	57
0	50
0	50
221	46
3	62
8	7
0	7
2	8
0	8
89	20
0	0
4	0
0	0
0	27
0	16
0	0
2	0
19	0
5	49
0	49
23	16
0	16
92	494
0	222
8	0
55	0
0	1
9	1
9	0
15	31
0	15
36	7
0	7
0	0
0	0
7	0
0	8
0	6
2	2
2	4
19	65
0	21
0	3
0	3
0	2
15	2
73	17
0	0
11	0
0	0
7	123
0	119
15	26
10	27
17	7
4	7
1	6
18	109
0	79
0	4
0	52
4	84
20	5
7	22
0	23
0	79
0	15
4	10
0	10
0	6
0	6
22	0
23	30
14	25
0	16
0	9
0	9
31	62
0	27
159	130
31	38
3	38
0	12
37	127
0	1
4	29
2	38
36	0
0	0
0	23
0	12
0	0
0	0
164	24
0	2
20	2
6	0
35	0
2	1
0	1
85	25
1	7
7	2
0	0
8	4
0	0
0	1
8	2
0	2
11	0
0	11
2	11
0	0
0	0
0	2
0	252
1	17
7	21
5	5
0	5
60	35
0	19
5	26
0	16
113	11
0	6
107	155
18	155
12	77
0	3
26	7
0	35
9	0
0	89
0	130
0	258
1	2
9	2
19	14
0	14
2	3
12	3
0	2
7	2
0	4
0	4
0	4
1	0
10	144
0	97
11	37
1	32
12	27
6	16
29	7
0	6
0	0
7	0
0	2
0	24
36	26
10	2
2	0
83	9
0	8
0	1
0	1
3	10
6	10
0	8
38	134
0	134
0	94
3	0
46	2
8	92
119	47
0	33
6	3
4	3
0	23
0	23
4	0
8	19
0	0
19	1
0	1
20	0
6	0
3	5
7	14
59	14
0	1
0	3
0	22
373	1700
0	11
14	31
6	7
8	9
0	0
0	0
4	0
0	80
4	79
158	49
0	16
18	0
10	10
6	10
0	0
13	24
28	0
0	356
0	356
0	13
0	13
24	2
8	0
33	0
2	0
14	0
7	0
7	0
0	0
0	0
3	18
22	0
0	0
7	0
0	0
0	0
2	0
0	0
11	0
18	0
0	0
0	0
12	0
1	0
1	0
9	0
0	0
35	0
22	21
0	5
0	0
2	0
4	0
0	8
7	0
11	0
7	0
7	0
0	0
8	0
4	0
6	0
1	0
0	0
0	0
3	0
3	0
9	11
4	0
7	0
0	0
0	0
0	0
15	0
3	0
7	5
2	0
0	0
2	0
6	19
32	0
17	0
0	6
25	0
9	0
16	0
22	0
7	4
0	3
0	0
0	0
8	0
0	0
11	0
0	0
9	13
5	13
3	5
0	0
6	0
3	0
105	0
3	0
1	0
12	0
14	0
0	0
0	0
5	7
8	0
0	0
8	5
1	0
0	12
3	0
0	0
4	0
8	0
4	0
0	0
0	0
4	0
0	0
0	6
0	0
0	3
3	17
14	0
6	0
11	0
0	0
14	0
13	0
5	0
0	0
19	0
1	0
6	1
4	13
7	0
10	13
3	0
6	0
9	0
11	0
10	0
23	0
8	0
8	0
14	0
39	0
5	0
14	0
17	6
249	3
3	0
3	0
0	0
12	0
0	0
0	0
19	0
0	0
29	0
7	0
18	0
5	0
1	1
0	1
2	1
0	1
0	0
4	1
12	0
6	0
17	0
64	0
6	5
18	0
0	0
17	0
4	0
1	0
0	0
6	1
15	0
5	0
0	0
17	1
27	0
9	0
0	5
0	8
28	0
4	2
8	7
15	0
25	10
0	0
18	19
9	0
17	0
0	0
0	0
0	0
12	0
0	0
35	10
0	0
11	0
1	0
7	0
11	0
11	0
6	5
5	0
2	23
0	124
0	0
4	0
1	101
0	32
0	31
0	31
0	31
0	35
0	21
0	16
0	50
2	139
0	31
2	22
1	94
0	139
0	47
1	15
11	128
21	23
15	40
0	174
0	24
11	85
0	660
0	0
2	83
3	60
66	124
12	46
0	7
0	0
0	0
0	0
7	0
17	0
0	0
0	0
0	0
5	0
13	0
0	233
0	41
0	635
0	287
0	0
0	349
0	34
0	295
0	16
0	537
0	300
5	0
1	0
0	0
1	241
10	0
0	693
0	19
5	36
14	2
0	300
18	0
0	260
17	55
2	0
3	0
0	9
23	23
0	1
5	16
2	243
1	2
2	0
1	8
5	0
0	635
0	73
0	8
17	0
11	0
0	47
0	260
0	473
0	681
0	0
1	499
0	38
2	0
6	47
0	5
0	0
4	6
4	310
0	41
0	302
0	377
21	87
0	578
1	13
0	0
0	47
21	0
5	13
10	0
0	624
0	0
29	51
6	62
0	298
0	0
6	0
0	341
0	0
0	679
0	264
0	577
1	5
0	49
10	0
7	182
2	0
0	0
0	5
10	7
7	36
0	233
4	0
4	105
0	58
0	0
0	567
2	0
1	0
1	0
0	258
0	281
17	73
1	0
23	0
0	48
11	19
0	0
0	0
0	346
0	51
0	320
4	7
3	0
0	676
0	28
0	5
5	8
0	192
0	1
0	33
6	20
8	4
0	0
6	19
0	649
0	9
5	6
14	113
5	2
8	209
7	0
8	140
12	30
13	7
0	0
0	144
1	749
24	155
0	9
0	5
4	39
1	0
0	8
12	0
0	21
0	13
0	13
0	305
0	679
0	0
5	0
0	589
0	363
0	0
9	9
0	418
5	0
0	5
7	8
6	313
3	620
0	482
9	452
0	0
0	288
10	12
0	254
1	490
0	493
0	405
0	507
9	0
1	8
1	20
0	573
0	19
0	45
5	0
2	10
0	0
5	1
6	7
10	11
0	3
0	162
0	25
1	5
0	145
1	77
0	13
0	0
0	0
2	0
0	0
3	0
4	0
0	0
0	0
0	0
0	649
0	689
0	543
1	0
0	14
0	385
2	0
0	0
24	16
0	0
9	0
0	0
1	0
0	639
0	228
0	179
9	112
0	32
0	91
0	0
2	0
0	1
0	548
0	548
12	0
6	0
0	15
0	0
0	548
0	447
0	18
4	82
24	15
10	4
2	0
40	88
2	120
0	2
3	26
0	0
26	11
3	0
29	44
55	12
5	0
0	359
7	0
2	0
10	0
0	73
0	31
0	14
0	75
0	635
4	207
37	63
0	0
0	307
3	134
6	356
2	163
4	618
0	297
0	8
0	752
0	349
12	146
8	71
0	606
5	225
0	160
0	8
1	355
2	294
0	244
0	297
19	49
2	0
6	49
0	0
7	0
0	0
0	0
4	476
0	688
0	98
0	154
0	256
9	29
20	81
0	47
0	97
5	0
0	537
0	703
0	83
25	3
10	175
0	173
0	175
2	88
6	38
0	140
6	196
0	0
0	30
0	68
0	576
0	176
57	117
0	0
0	31
5	30
0	5
11	0
18	0
3	290
1	0
0	137
83	200
12	0
6	4
0	0
8	0
0	20
0	5
4	0
6	0
12	0
0	0
26	22
3	0
0	322
0	51
0	54
0	9
0	311
12	12
0	568
7	0
2	3
9	1
0	297
40	103
0	0
2	15
0	602
1	295
0	0
0	0
18	36
0	331
11	79
1	182
0	256
83	22
29	112
7	22
2	0
0	18
15	62
55	158
7	153
0	543
0	83
0	231
0	368
0	544
13	0
0	242
33	9
0	603
0	580
0	349
0	365
0	0
0	45
0	183
0	290
3	92
14	12
0	752
0	380
0	9
1	280
0	0
30	0
0	240
34	0
17	0
0	613
0	0
4	131
0	0
5	67
16	0
8	0
0	16
27	47
39	26
0	5
6	32
58	38926
0	280
0	295
0	119
7	4460
15	20617
5	37
0	585
21	0
4	200
0	183
0	706
5	372
13	0
10	5
13	33
5	48
0	12
0	198
0	0
1	0
58	121
6	50
0	13
3	106
0	246
3	60
0	291
0	711
0	0
2	39
0	11
1	248
16	69
0	64
0	43
3	43
0	48
25	72
3	0
0	111
5	197
16	25
25	68
0	496
0	650
1	58
6	398
23	0
5	10
3	10
0	215
0	33
0	173
2	27
0	309
15	16
0	330
7	0
0	5
0	0
0	516
38	97
0	329
31	39
0	544
4	4
6	16
16	16
1	54
0	0
14	119
11	0
0	0
2	113
0	0
21	98
3	20
0	42
4	122
2	123
13	99
11	0
0	0
2	86
0	213
1	48
0	132
0	73
60	357
0	0
0	359
0	578
3	10
6	12
2	8
6	85
0	193
0	16
2	0
0	21
0	243
0	550
0	421
0	187
0	0
0	92
0	233
2	0
0	461
15	0
0	617
15	46
7	388
0	106
0	8
0	138
0	1
0	280
0	139
0	47
0	0
0	0
0	1
0	345
0	45
0	7
0	36
0	299
0	711
4	593
0	24
7	0
0	194
0	445
0	570
0	327
3	5
2	40
9	200
0	61
12	20
0	556
0	633
17	34
5	1
0	204
0	452
11	32
1	9
47	5
0	6
0	1
0	14
3	39
0	312
0	409
0	0
0	67
0	3
0	11
11	0
1	94
25	46
11	37
10	115
33	47
10	21
1	97
0	132
45	123
0	5
19	0
0	29
0	53
0	58
8	33
6	0
0	570
0	298
0	0
0	18
1	0
40	0
0	350
0	0
3	0
0	37
0	658
5	0
0	1
13	14
16	15
4	46
1	12
3	0
11	0
0	4
0	0
0	619
12	8
9	22
12	0
0	0
5	327
0	16
9	5
0	0
24	10
0	3
0	0
0	74
0	3
0	3
0	3
0	0
0	3
0	3
0	0
10	0
0	554
0	295
4	0
1	0
6	8
0	15
1	1
18	3
0	116
2	118
0	21
0	325
2	0
0	42
11	0
12	86
0	159
0	0
0	566
48	0
3	0
3	4
0	282
0	17
0	635
0	41
0	25
0	1
0	75
0	166
0	38
0	14
0	90
0	407
7	1
0	1
30	0
3	35
0	18
13	0
0	282
5	15
1	211
4	2
24	0
1	0
1	228
0	41
6	35
0	67
9	66
0	170
0	392
1	196
0	26
0	610
0	606
0	462
0	228
5	26
11	1
0	30
0	18
0	0
0	35
1	67
0	69
0	693
0	19
3	0
0	0
0	0
0	0
0	174
2	5
0	0
0	0
0	47
0	357
8	0
0	0
2	124
0	604
0	499
0	3
0	0
0	0
0	0
0	0
1	246
3	0
0	0
0	490
8	6
23	0
30	93
65	33
51	39
16	23
86	113
0	9
5	248
17	0
14	16
0	4
0	0
0	21
0	0
0	0
0	0
2	0
0	3
2	6
0	0
0	3
0	376
0	5
4	0
10	0
0	0
0	0
0	0
0	245
0	321
1	83
0	8
6	28
0	15
4	25
0	113
0	672
8	6
0	86
2	12
5	0
0	44
0	16
0	0
0	0
17	7
5	7
0	83
0	0
0	21
3	109
0	0
10	21
16	13
5	0
44	33
0	341
1	212
0	229
4	149
0	0
0	14
16	7
0	0
0	119
6	1
12	13
10	12
9	0
0	5
18	3
0	0
0	352
0	269
0	269
6	84
0	255
0	6
18	10
12	20
0	198
1	142
0	535
0	154
0	113
7	541
0	412
0	267
0	86
0	327
1	630
1	0
0	38
7	214
0	49
0	678
3	604
2	8
0	40
5	54
0	14
0	31
8	6
3	0
14	26
10	0
1	2
0	8
7	0
5	6
5	2
6	16
9	0
6	0
2	219
3	0
3	0
5	16
22	0
15	388
15	392
0	109712
0	37830
0	35814
0	190
0	101
2	14
0	5
0	123293
23	0
9	0
0	326
8	0
0	0
0	89761
11	18
7	0
4	395
0	619
30	0
0	0
15	5
0	5
0	337
0	660
0	469
5	161
0	104275
2	0
3	0
0	70557
14	0
26	0
0	0
2	285
0	121
3	0
0	8
0	4
12	9
14	103
6	8
0	372
13	0
8	0
0	700
4	411
0	699
25	4
0	257
0	18
4	4
12	0
3	0
0	236
7	0
13	0
25	0
0	556
0	618
6	571
2	221
0	2
0	299
0	5
3	402
22	33
0	671
0	492
0	0
0	424
0	328
6	265
25	0
0	34
8	0
0	0
0	11
10	22
0	60
11	0
35	0
0	18
1	1
0	6
13	7
6	0
1	0
0	21
0	12
0	11
0	4
0	0
0	0
12	0
13	0
0	13
42	260
12	0
0	0
8	2
24	0
0	0
5	10
0	407
0	0
7	9
17	13
0	656
4	272
0	357
2	15
12	0
0	22
0	26
1	27
0	26
2	0
0	0
24	24
0	2
0	715
0	0
0	445
4	0
5	0
9	0
16	0
4	34
8	12
11	0
12	0
1	15
0	19
0	0
2	15
5	19
0	0
4	0
1	0
5	27
3	151
8	0
3	0
10	0
0	2
33	4
5	5
10	0
16	8
0	6
0	5
8	0
5	1
6	0
0	0
46	135
0	0
9	7
20	0
7	27
18	0
11	0
12	0
1	0
0	0
24	9
0	63
47	222
1	5
4	17
17	8
0	0
9	0
4	0
0	11
3	0
2	0
12	210
10	25
2	9
112	196
173	15
224	39
0	43
0	19
33	0
0	0
0	9
0	51
5	0
0	0
6	0
2	0
0	0
16	8
17	0
7	0
11	14
26	0
0	5
32	124
0	0
8	6
49	84
0	48
4	10
6	0
88	0
10	21
0	0
1	0
0	15
16	0
24	4
0	0
1	0
70	198
7	34
10	1
2	15
5	0
0	100
3	6
0	18
0	49
0	0
0	0
0	5
0	0
13	0
15	22
11	1
16	0
1	25
5	1
1	0
5	0
0	15
4	0
9	0
0	0
0	0
0	0
0	0
0	44
0	19
2	25
0	50
0	16
18	4
0	47
9	78
9	0
0	0
21	0
6	0
0	4
0	51
7	31
8	0
10	17
1	37
28	0
0	48
0	24
3	0
21	0
0	0
1	0
17	5
0	14
0	0
0	21
20	0
10	48
11	25
2	0
7	29
9	103
13	0
7	10
2	11
13	32
15	0
10	1
7	95
7	0
1	0
1	21
0	21
0	6
20	0
7	6
8	54
9	0
0	26
0	73
12	84
0	0
3	72
21	0
0	73
27	0
10	5
4	32
0	2
0	37
0	52
0	0
20	7
0	37
0	40
7	4
0	55
0	35
0	39
0	7
0	0
19	15
23	19
22	3
1	55
2	0
8	60
0	3
0	0
0	0
0	6
7	0
1	3
8	0
8	0
0	0
0	0
0	0
6	8
0	0
0	41
0	11
8	0
0	0
5	0
3	7
1	39
0	322
17	0
9	0
0	5
0	0
0	48
0	667
0	0
0	269
7	0
0	529
0	470
0	1
0	4
12	50
0	11
5	0
9	0
8	0
0	4
7	0
0	0
0	341
0	0
0	0
10	0
0	42
0	0
4	0
0	221
0	11
0	13
0	77
21	11
3	33
3	6
14	0
9	159
10	18
7	0
1	0
11	0
33	0
0	4
10	0
0	0
13	0
22	0
0	8
0	170
0	0
6	0
0	0
0	0
28	0
2	15
5	4
14	6
0	0
1	556
0	0
2	2
0	0
6	0
2	0
1	0
0	226
0	473
0	0
0	726
0	0
0	621
9	7
0	0
5	340
33	235
2	0
3	0
0	275
24	0
0	12
1	0
11	0
60	0
5	0
9	9
3	6
1	0
24	3
0	1
10	0
0	8
6	6
0	0
0	0
0	11
2	27
4	0
0	0
0	5
7	0
0	0
0	74
0	19
0	1
13	0
0	0
0	37
0	3
8	0
20	0
13	0
0	0
9	1
0	82
29	0
0	0
18	0
34	0
7	0
2	5
11	1
10	0
83	160
2	0
3	0
0	3
0	21
7	4
1	0
7	0
0	0
24	5
0	0
0	0
10	9
5	9
11	0
0	3
16	26
11	0
18	17
20	2
0	1
3	0
0	0
1	0
20	0
8	0
6	0
39	0
1	0
2	12
0	2
7	0
2	0
0	4
1	0
0	9
0	0
3	0
0	3
0	0
31	3
0	0
11	2
0	1
0	0
6	0
0	0
6	3
8	0
0	0
0	0
14	256
5	33
24	0
10	0
0	0
1	0
0	0
26	0
7	4
0	0
16	0
6	23
27	26
15	0
0	0
31	0
7	0
18	0
3	0
4	0
7	0
21	0
8	6
3	0
0	4
13	0
9	16
22	0
5	3
4	0
11	13
14	5
6	5
10	74
1	5
0	0
0	0
16	0
3	83
10	11
16	1
0	0
1	0
0	17
0	0
0	0
17	0
22	0
12	0
0	0
5	0
22	0
4	0
0	0
11	3
0	0
0	0
36	33
9	0
0	0
0	0
2	0
2	9
6	7
17	3
17	0
13	0
9	0
0	0
0	0
7	0
0	0
31	2
5	0
4	0
6	18
0	0
7	17
39	0
0	0
0	0
27	8
5	3
0	0
0	0
0	0
0	0
15	0
6	0
0	0
0	0
0	194
3	0
0	145
0	9
12	0
8	10
19	0
13	2
2	0
3	0
0	0
8	0
0	0
36	1
0	2
2	0
17	1
5	17
1	85
0	0
6	84
7	21
16	0
2	0
9	2
4	0
0	0
9	2
1	0
0	0
0	0
2	0
6	0
0	0
6	0
4	0
1	0
8	0
9	81
0	0
0	0
15	0
21	1
0	0
12	5
0	0
4	0
0	0
9	0
0	0
6	0
1	0
1	0
6	49
0	0
0	0
6	0
23	0
0	0
1	0
13	0
0	0
19	0
0	0
6	0
7	10
14	0
16	14
6	8
7	8
6	5
0	8
0	12
0	0
0	0
8	17
18	18
7	0
2	7
11	0
0	2
6	0
10	0
2	0
10	0
0	14
0	0
16	0
0	85
26	16
0	181
3	0
4	0
19	22
0	0
3	0
0	14
0	5
5	0
4	1
0	0
4	13
11	0
4	0
2	1
3	0
29	35
2	20
0	0
21	0
0	0
11	0
4	0
9	0
0	48
0	0
9	0
28	239
15	242
6	0
65	2
0	0
0	0
71	18
16	5
0	0
0	0
0	0
5	0
0	0
1	0
27	8
6	213
0	59
16	0
16	0
2	0
0	53
0	0
52	211
39	0
14	0
0	8
0	257
9	0
0	169
0	1
2	0
0	26
1	24
0	24
0	24
6	0
1	281
10	0
15	0
2	0
4	0
0	16
0	0
0	13
0	18
0	0
0	0
1	0
0	0
0	0
0	0
0	0
0	0
0	0
13	0
8	0
2	0
0	0
22	0
0	18
2	0
0	0
1	523
0	234
0	13
14	39
0	0
0	0
0	0
8	0
7	0
7	1
0	58
14	0
2	0
2	0
4	0
9	281
0	0
2	48
0	18
6	0
0	63
0	0
1	0
0	182
0	0
0	0
0	0
0	0
4	0
0	0
5	0
0	0
0	0
0	0
0	141
0	258
0	41
2	19
0	0
1	0
26	7
18	0
0	270
0	0
12	1
0	265
0	289
0	537
0	206
0	511
24	0
162	689
64	1
0	0
2	0
6	249
18	0
0	48
0	7
2	0
4	10
8	0
20	0
3	0
14	0
7	0
9	4
0	0
10	0
22	0
0	4
0	0
36	10
0	0
12	6
10	0
12	4
3	0
8	0
0	285
19	1
0	0
0	0
6	0
0	0
3	0
0	58
0	567
3	0
0	693
14	29
0	11
19	0
8	4
0	1
5	0
7	0
0	0
0	4
6	0
6	0
1	0
23	21
0	222
0	322
0	0
0	0
4	0
0	281
0	0
12	0
0	14
0	4
6	59
2	4
0	40
0	62
0	303
0	0
0	0
0	601
0	254
0	538
11	0
0	148
8	20
0	385
28	68
14	0
1	0
18	0
0	0
0	258
0	161
41	103
0	385
2	13
7	0
7	0
3	0
16	6
0	682
4	9
23	0
3	38
6	51
0	40
0	0
14	0
0	13
0	1
11	0
0	35
9	50
0	46
0	9
1	0
0	13
4	0
0	62
69	287
7	4
0	1
0	35
4	4
17	58
5	10
1	9
13	0
0	0
0	0
0	30
14	0
33	0
0	519
14	0
12	247
0	221
0	58
0	3
0	13
0	0
12	0
1	0
24	19
1	118
0	383
0	674
0	558
0	0
7	0
0	321
0	4
5	161
1	258
0	15
13	47
0	0
0	161
12	0
0	33
0	0
1	15
1	55
4	29
9	75
2	0
4	14
0	0
0	0
0	16
7	0
0	3
1	0
4	61
0	304
20	0
1	9
0	0
5	1
5	5
0	4
24	0
0	0
7	0
30	0
6	32
0	37
0	6
3	14
0	611
0	42
0	6
0	583
0	0
1	154
0	0
0	9
0	5
0	329
0	13
1	0
0	14
0	0
2	0
2	181
2	0
0	0
2	9
0	0
0	6
0	185
0	4
0	151
0	213
0	58
0	13
0	32
11	280
0	50
0	0
10	22
13	0
18	0
8	125
54	160
14	0
19	0
0	536
0	0
0	446
12	0
0	5
1	0
0	25
6	259
0	0
119	177
0	185
0	0
0	1
0	151
1	0
4	5
0	0
0	0
9	5
0	0
0	0
2	0
0	27
2	0
5	5
0	0
0	0
0	0
0	0
0	0
0	0
1	5
20	104
0	0
18	0
18	43
0	0
21	0
0	5
7	12
0	0
4	0
0	248
0	34
0	355
3	225
0	0
0	0
3	0
0	25
40	1
0	379
9	5
0	0
4	81
9	0
0	578
1	14
6	0
0	5
0	581
9	0
18	0
5	255
0	0
5	0
0	0
34	0
8	4
0	89
0	55
1	0
0	0
77	15
0	1
0	47
0	0
0	0
0	13
1	0
0	0
3	0
0	0
0	1
0	4
1	13
19	0
0	281
0	0
0	320
0	0
4	0
5	726
4	0
1	0
18	0
3	62
0	220
9	7
0	213
0	1
0	21
18	0
15	0
9	13
0	212
15	0
0	0
1	315
0	300
0	0
24	1
4	0
0	16
0	16
0	0
0	66
0	0
16	0
1	66
0	5
0	3
0	0
13	0
1	9
0	302
0	13
0	22
96	11
7	0
28	15
14	0
6	1
0	0
0	32
0	5
0	0
0	0
170	0
1	15
13	2
0	5
4	0
0	290
3	0
1	247
2	382
0	457
14	50
0	62
8	33
4	0
0	366
0	581
47	0
6	467
0	3
0	13
0	1
13	0
0	0
0	0
0	260
7	17
0	94
0	637
0	255
0	514
0	386
1	18
11	0
11	71
5	19
0	291
0	223
0	306
1	88
0	14
10	131
0	132
4	56
338	9082
0	1
2090	732
0	20
1	0
1	0
20	0
1	0
0	0
0	530
1	38
4	31
17	0
0	0
0	0
11	175
26	11
20	9
6	11
0	703
0	188
1	0
1	0
0	0
2	6
0	73
1	176
9	41
0	13
0	2
0	6
5	329
0	0
0	8
0	495
0	47
0	193
0	16
0	21
0	80
0	158
0	321
0	106
6	139
0	10
0	72
20	0
0	15
0	562
24	18
5	298
0	0
1	348
0	268
0	0
0	0
22	9
0	0
0	0
0	0
89	0
0	0
0	42
0	0
0	31
0	1
0	0
0	168
6	4
0	0
0	0
0	0
19	0
0	0
9	0
0	36
0	116
0	25
85	19
22	7
16	15
6	14
2	0
7	0
19	0
25	0
13	0
0	0
3	244
6	16
15	0
10	20
0	3
0	307
2	0
0	0
1	0
0	0
8	3
0	185
33	4
0	0
0	0
5	547
0	37
0	711
0	13
1	365
0	15
0	0
11	0
11	1
15	0
38	0
0	168
0	6
