UniqueCount	AmbigCount
0	0
0	0
0	0
0	0
0	0
0	0
0	0
0	0
0	0
0	0
0	0
0	0
0	0
0	0
0	0
0	0
0	0
0	0
0	0
0	0
3	8
0	8
2	7
0	7
1	0
2	0
6	0
0	0
0	1
0	1
0	18
0	84
0	84
0	1
0	1
0	1
0	14
0	0
5	1
9	2
0	12
18	18
0	22
8	0
1	10
0	10
48	59
7	16
0	16
141	63
0	30
0	2
0	2
3	2
1	8
0	8
14	0
0	3
8	56
0	52
24	49
0	18
71	11
4	4
0	4
0	37
0	12
9	4
1	1
96	29
0	46
5	187
0	9
0	9
0	17
3	47
0	47
3	37
0	7
0	65
4	8
2	16
0	16
11	45
0	33
0	3
5	37
0	46
71	107
3	13
16	30
0	22
33	39
0	32
0	5
0	5
0	18
3	0
6	84
0	84
1	6
0	5
0	5
9	14
1	0
10	5
0	67
0	67
1	9
0	22
8	0
0	2
0	2
19	20
3	1
10	42
0	12
12	0
6	8
0	0
3	0
15	9
0	6
0	6
6	11
0	6
0	6
0	1
9	8
0	1
13	26
0	8
0	7
11	21
1	69
0	38
3	6
9	0
51	16
0	0
0	0
0	5
0	5
5	0
2	0
0	1
0	1
38	18
0	21
0	21
1	0
0	0
5	0
1	18
0	18
10	0
0	0
0	0
0	0
0	2
0	2
5	0
4	0
142	0
36	0
24	0
9	0
12	0
28	0
0	4
0	4
44	0
45	4
9	4
2	0
8	0
20	0
6	0
16	0
4	0
0	2
0	2
5	17
0	17
0	1
0	1
5	0
0	3
0	3
116	76
0	76
16	1
5	0
11	0
7	0
3	0
40	0
0	0
0	0
3	7
0	18
0	2
6	2
0	18
0	19
0	19
1	0
0	1
17	1
0	1
17	1
0	8
0	7
19	8
32	65
2	54
0	0
3	1
7	0
22	2
0	8
0	8
0	38
0	32
0	50
0	2
0	0
0	0
0	25
0	2
0	17
0	0
14	52
0	2
443	3
0	31
0	0
0	1
0	31
0	2
0	2
0	0
0	0
0	3
0	0
0	3
0	3
12	1
0	6
0	6
0	6
3	0
19	6
0	6
134	26
0	26
8	42
0	23
1	3
0	3
15	18
0	14
19	110
310	110
0	110
0	0
0	97
22	456
41	186
3	72
0	63
0	384
1	49
1	0
3	137
20	137
0	0
1	130
0	37
34	83
0	64
0	78
0	6
1	6
1	1
1	0
1	0
0	0
3	0
14	1
1	0
1	0
8	0
12	0
6	0
0	0
2	0
9	0
49	0
0	1
0	0
19	0
5	0
6	0
0	19
0	19
1	3
0	3
7	0
0	128
0	51
0	19
0	49
0	20
0	38
0	18
0	44
0	0
0	0
0	51
12	7
0	7
0	13
4	35
0	35
102	70
53	74
0	16
8	2
13	0
0	0
1	0
2	0
0	3
0	3
2	49
0	3
0	3
11	5
0	3
91	109
4	0
5	8
0	8
1	12
0	9
0	2
1	2
7	2
0	0
10	17
6	9
0	25
0	25
0	25
0	13
10	13
4	20
0	20
0	0
0	0
0	0
0	0
0	25
1	3
0	3
14	0
0	0
207	23
49	12
0	12
7	0
0	8
0	8
7	0
17	0
5	139
2	139
49	96
0	0
0	0
0	0
0	0
0	0
0	0
0	0
0	0
0	0
0	0
0	0
0	0
0	0
0	0
0	0
0	0
0	0
0	0
0	1
1	1
0	1
0	1
5	7
0	7
0	14
11	14
7	8
2	8
5	9
0	9
5	20
12	20
9	1
0	1
1	0
0	0
0	0
0	10
4	10
9	0
0	57
0	57
0	0
0	0
0	0
0	1
0	1
9	0
0	0
0	0
2	0
2	0
0	1
0	1
0	2
0	2
5	76
0	57
0	57
0	15
0	8
0	1
0	1
1	0
209	69
0	0
0	0
0	8
0	0
0	0
6	0
0	287
0	287
0	28
0	28
0	1
0	1
0	0
4	0
0	0
0	8
0	8
0	0
0	0
4	162
0	162
3	0
0	0
0	10
0	10
1	143
0	143
10	5
91	834
0	943
0	941
59	480
1	59
0	59
392	262
30	762
0	0
0	0
0	0
0	3
9	631
0	631
0	0
0	0
0	2
27	0
272	278
0	2
0	2
0	0
0	3
0	1
4	0
0	930
0	928
3	3
65	839
135	161
0	18
6	0
5	2
2	1
7	0
1	2
0	1
0	1
0	0
0	0
0	2
0	2
2	0
0	0
0	0
0	5
0	5
0	0
0	0
0	5
0	5
0	0
0	165
0	159
6	663
1	21
0	21
0	0
43	80
5	139
0	6
0	6
7	0
11	0
1	0
51	13
0	0
4	0
4	0
102	7
0	4
0	4
0	45
0	45
0	4
0	4
0	0
0	0
0	813
0	811
0	11
0	11
0	0
0	0
0	0
0	165
41	428
0	42
2	42
0	0
0	2
0	2
1	0
1	994
0	993
0	0
40	27
0	0
2	295
0	295
17	524
0	524
1	226
0	226
14	134
239	46
0	0
0	0
1	0
10	310
0	310
0	0
39	180
162	128
0	0
0	0
2	0
0	0
20	0
3	4
9	29
0	23
0	23
1	0
1	0
0	0
0	0
0	0
0	0
0	0
0	4
0	0
0	0
0	2
0	2
12	21
0	14
0	14
1	99
0	96
119	1
4	297
0	203
0	297
81	200
0	0
0	55
0	4
0	18
0	17
0	9
0	2
0	10
157	270
0	2
0	2
8	71
0	2
0	2
4	0
87	218
1	0
176	94
0	3
0	3
1	22
0	22
15	2
8	6
24	0
1	241
0	235
2	0
0	0
0	0
0	0
0	0
1	0
0	0
0	0
0	0
0	1
0	0
0	4
0	4
9	0
1	4
0	4
0	4
0	4
1	0
1	2
0	107
0	107
4	0
0	0
0	0
13	0
0	0
1	1
0	0
0	0
0	0
0	0
2	0
1	0
0	1
0	1
0	0
0	0
0	1
0	1
2	0
0	0
0	0
6	3
0	0
1	0
0	2
0	3
4	0
0	3
0	3
1	0
9	0
0	6
0	6
0	0
5	0
0	0
0	0
2	0
0	0
0	0
1	0
0	0
0	0
0	0
6	1
0	3
0	3
3	0
0	0
0	5
0	5
2	0
0	0
1	0
0	3
0	3
0	166
4	0
0	0
0	0
1	0
0	34
0	0
0	0
0	0
0	0
0	0
0	0
0	0
0	0
0	0
0	0
0	0
0	0
0	0
0	0
0	0
0	0
0	0
0	0
0	0
0	0
0	0
0	0
0	0
0	0
0	0
0	0
0	0
0	0
0	0
0	0
0	0
0	0
0	0
0	0
0	0
0	0
0	0
1	0
0	0
0	0
0	0
7	0
0	0
0	0
1	0
0	0
4	0
0	0
0	0
0	0
0	0
2	0
0	0
0	0
1	0
5	0
0	0
0	0
0	0
0	0
0	0
0	0
0	0
0	0
0	0
0	0
0	0
0	0
0	0
0	0
0	0
0	0
0	0
0	0
0	0
0	0
420802	532
131072	233
621063	25623
200472	261376
54	91190
1211	84677
73	280347
1790	210356
29983	35
227	240654
374925	247752
328787	13052
349771	9
102	24
0	36
0	36
0	26
0	28
4	1
0	1
1	5
0	10
0	20
0	15
0	4
3	6
40	173
0	13
0	1
0	0
0	159
1381	376
0	239
1	215
0	51
25	165
0	98
0	87
0	141
0	142
0	0
0	0
0	0
2	0
0	1
32	11
0	0
0	5
0	235
3	0
0	0
0	0
0	0
7	72
26	67
0	1
0	6
1	1
1	1
0	39
0	82
1	82
14	0
120	118
0	118
148	18
7	77
0	0
0	15
0	15
2	0
0	1
3	0
0	63
0	4
0	0
86	63
0	32
69	22
0	19
0	19
0	18
0	4
1	3
0	3
4	2
6	3
0	1
12	11
0	1
2	4
5078	2693
305	38
0	37
0	38
25	21
0	3
0	2
6	42
0	59
0	0
0	1
469	245
7	2
0	0
26	0
2	238
0	198
196	216
5	40
9	0
0	0
0	144
1	0
0	4
0	9
0	5
0	81
50	0
298	79
0	74
0	15
0	74
3	2
28	15
0	15
0	15
0	15
0	2
13	0
0	8
0	13
0	13
1	0
3	0
0	0
2	0
1	0
0	0
0	0
4	92
33	81
0	4
0	0
3	19
1	58
0	5
1	242
0	242
1	87
5	0
0	0
0	21
0	0
0	0
0	5
0	5
0	3
2	47
2	47
0	0
0	8
0	8
9	8
0	1
0	8
0	0
0	1
0	3
0	3
0	3
0	0
4	8
0	0
346	151
1	145
0	122
0	109
355	61
0	29
7	0
6	0
0	32
0	0
0	0
4	18
0	25
0	10
0	10
0	10
0	4
0	0
0	0
0	0
0	0
1	0
0	0
0	0
0	0
0	7
0	0
0	0
0	4
12	4
0	110
0	51
0	93
0	12
0	52
0	44
0	4
0	0
5	3
1	80
260	84
0	0
0	1
0	8
977	65
0	63
0	65
0	2
134	70
56	30
0	13
25	135
0	68
0	4
0	7
0	8
0	20
0	9
0	2
0	36
69	70
1	8
9	61
0	7
264	7
12	1
19	23
9	23
155	0
0	53
0	3
0	0
10	50
0	0
58	26
0	2
69	889
161	42
0	878
0	8
133	3
0	3
5	30
0	16
0	16
16	19
47	33
0	16
0	16
0	3
0	3
0	2
20	1
40	16
0	75
0	75
0	33
1094	878
2	457
0	457
1	1
2	0
244	45
0	19
1	45
3	0
2	38
1	38
1	0
174	32
153	50
0	28
21	0
109	86
90	90
0	44
626	3
0	4
0	0
0	5
0	1
0	1
1	0
0	0
7	1
73	2
20	0
0	0
0	0
11	0
0	0
1	0
0	0
0	0
0	0
0	0
152	171
18	171
0	106
10	11
0	3
0	1
0	3
0	3
0	3
0	1
0	1
0	16
5	16
2	5
0	9
0	1
13	13
0	12
711	15
1	0
0	0
0	0
0	15
0	9
32	15
12	3
17	45
0	0
113	45
0	1
0	46
0	53
0	53
0	5
0	13
0	8
0	7
0	9
0	11
0	21
0	21
0	12
0	12
2	0
14	16
2	16
0	2
0	0
202	45
0	4
0	1
14	0
0	0
0	42
41	0
80	203
0	203
16	486
910	492
0	2
0	34
0	0
0	1
0	0
16	6
0	34
0	0
0	0
0	21
4	3
60	19
0	19
1	18
1010	41
74	37
176	0
32	21
6	25
0	12
185	0
0	16
0	3
0	1
0	1
0	9
0	1
0	16
563	0
43	3
86	27
4	0
3	0
31	74
274	15
0	5
0	10
5	10
44	121
0	118
0	0
3	2
9	7
7	0
0	3
6	20
0	19
0	1
0	1
0	0
0	19
0	0
101	42
0	23
0	32
0	13
0	10
34	19
0	18
20	124
0	13
0	0
3	1
35	21
20	0
0	2
0	0
0	0
0	0
0	6
0	18
0	18
0	18
0	18
189	0
255	402
32	406
0	374
3	15
1	15
0	5
0	5
0	5
0	4
0	4
0	5
12	13
32	8
0	8
1646	1790
0	1790
13	456
0	18
0	0
4	2
7	0
56	7
0	2
18	7
27	21
0	39
33	39
0	82
0	260
0	63
0	24
0	20
0	28
12	97
2	197
0	25
5	0
119	70
0	70
74	67
6	4
0	27
0	27
0	26
138	243
0	217
24	81
0	64
0	15
12	0
0	1
12	0
0	0
9	7
26	16
4	112
0	7
93	105
21	40
20	40
1	36
22	85
0	9
0	9
0	9
0	10
0	35
4	1
0	1
0	191
0	191
3	24
0	17
0	24
0	19
0	23
34	17
0	5
58	2
960	115
0	108
7	7
11	0
0	31
0	24
0	17
0	5
0	4
0	4
0	4
0	3
0	6
50	3
0	10
0	6
1	6
0	2
33	2
0	0
0	0
13	3
0	0
0	0
0	0
0	31
5	39
2	39
1	11
6	0
30	1
0	0
0	21
1	21
8	1
72	25
0	1
27	0
20	2
0	2
42	29
0	29
0	23
4	0
0	0
0	0
5	0
115	53
0	85
0	1
0	72
0	67
13	0
13	86
1	62
0	26
0	12
0	0
5	3
1	1
0	16
6	6
0	2
0	0
0	0
0	0
0	86
0	7
0	7
0	1
0	0
0	0
0	0
62	58
16	22
0	0
0	2
0	2
0	36
7	34
0	0
535	72
0	0
0	0
23	81
0	40
0	9
3	4
0	0
7	12
10	12
93	25
0	23
0	0
48	19
12	8
1	0
0	140
8	75
0	27
1	0
0	1
26	0
1	1
0	46
0	0
5	0
0	1
0	0
0	0
39	59
1	59
0	0
0	40
15	1
6	1
8	0
0	1
29	105
0	101
0	105
8	17
0	1
236	4
61	0
0	105
32	86
3	83
0	33
0	33
0	18
0	1
0	7
0	26
7	0
0	2
0	0
0	2
0	0
0	1
2	0
0	0
0	0
0	1
4	7
0	7
39	5
0	2
37	1786
0	1932
0	1183
0	1186
227	1372
50	1135
0	20
4	3
4	27
204	16
0	3
10	3
159	2
112	1
0	5
0	5
0	146
17	5
1529	0
6	0
2	35
0	10
0	10
0	10
19	1
0	0
0	1
6	25
7	7
0	0
0	0
0	9
0	9
0	1
0	1
0	1
17	1
4	1
0	0
9	215
0	331
23	215
3	143
0	1
1	331
309	4
27	11
0	0
0	0
1	0
276	520
0	60
0	183
65	331
48	31
0	287
0	42
0	42
12	0
4	28
3	155
1	18
45	228
17	228
0	5
582	37
0	12
0	3
1	9
0	0
171	18
1	0
0	18
0	33
2	33
7	17
18	53
5	53
52	53
0	36
0	23
0	0
0	6
2	0
1	5
0	5
0	1
5	1
0	1
0	5
1	0
3	18
0	6
1	18
25	8
104	108
0	5
0	3
24	13
0	0
0	0
0	0
2	1
0	14
27	6
0	6
1	21
0	104
0	0
0	46
0	0
43	7
4	1
0	47
17	13
4	0
0	1
0	47
0	24
0	104
0	66
0	105
0	57
173	12
0	3
0	3
0	2
0	1
0	0
0	6
0	6
42	9
1	9
26	59
0	2
15	0
0	7
3	1
2	1
20	25
0	25
0	9
1	0
4	18
0	6
0	6
5	6
0	7
0	6
0	15
0	0
0	0
3	0
6	11
0	10
11	84
0	84
2	203
365	240
0	240
48	257
0	98
0	44
0	1
0	0
0	2
0	0
0	0
0	257
791	60
0	66
14	69
0	29
0	5
0	2
0	0
0	0
4	0
0	0
119	128
0	104
0	1
15	3
3	18
0	2
0	0
0	0
0	2
0	1
0	8
12	119
0	0
0	1
0	1
0	72
0	0
0	0
0	93
398	38
186	104
0	53
0	53
8	29
1	2
32	38
3	1
0	48
0	10
27	2
5	2
4	0
0	0
0	901
0	924
0	914
0	0
0	0
0	908
1	1
0	142
1	328
0	45
19	26
19	26
29	76
11	76
5	17
0	0
19	0
0	4
0	2
7	2
0	4
0	1
15	15
4	18
6	7
5	1
206	1
23	7
0	10
14	5
0	5
16	14
0	20
0	10
0	10
0	20
0	2
0	6
1	5
0	2
1	10
0	0
4	1
0	10
0	10
13	40
0	40
89	41
160	0
0	0
0	0
21	18
0	17
0	1
3	2
0	7
0	16
26	86
0	7
0	341
0	346
0	293
0	250
7	190
0	10
0	0
26	5
51	5
21	5
0	5
0	1
0	4
0	5
0	5
0	5
0	5
0	5
13	5
3	0
13	29
0	27
23	13
9	40
36	0
2	0
0	1
0	65
0	65
1176	53
0	70
0	82
5	48
0	16
0	41
25	90
6	90
34	12
0	71
48	59
0	26
0	30
0	16
0	12
1	4
773	9
302	94
86	86
2	0
1	0
21	321
62	652
0	639
0	13
0	0
0	6
0	6
159	2
0	2
18	71
2	71
0	40
0	39
8	39
0	0
0	27
0	14
0	21
0	8
0	14
818	199
3	105
3	118
6	81
0	13
2	11
3	5
0	0
1	0
16	0
0	0
0	3
769	60
0	2
0	8
1	41
0	446
8	0
0	0
20	74
0	0
40	0
0	0
1	0
0	9
0	446
0	28
143	37
0	13
0	20
0	8
0	4
0	0
0	4
1	4
0	3
0	3
0	5
0	4
0	5
0	3
0	2
2	4
0	3
0	1
0	1
0	0
1	0
0	1
0	0
0	0
0	0
5	1
0	4
4	5
0	0
0	0
0	0
0	0
20	17
40	17
734	6
2	4
12	2
10	0
10	0
14	78
1	78
19	76
9	3
0	3
32	113
0	178
13	9
0	279
0	279
0	0
5	0
19	60
0	28
0	36
0	40
5	0
0	0
8	29
0	9
0	0
0	3
0	1
0	2
0	3
799	32
8	28
0	29
2	10
0	10
0	0
8	8
0	0
0	0
5	95
0	95
0	2
104	2
34	1
8	0
0	24
6	24
0	24
0	13
5	4
469	0
0	61
0	61
0	47
0	31
0	22
2	32
0	18
0	24
2	1
1	2
7	0
0	0
0	0
0	0
243	189
0	184
0	197
0	59
314	60
0	0
1	4
2	4
0	4
0	4
4	7
0	7
445	0
0	3
0	38
0	35
0	5
1	0
0	0
0	0
0	0
20	0
27	24
2	1
19	24
0	1
0	0
0	37
79	31
102	41
0	1
13	14
30	41
29	2
125	310
1	284
0	44
0	1
0	0
4	0
9	28
9	3
2	0
0	0
3	0
0	0
13	45
23	121
0	115
12	88
0	39
0	20
20	13
0	6
0	8
5	5
0	8
0	7
3	8
48	0
2	6
34	22
0	12
4	2
52	20
64	5
0	1
0	3
0	18
16	20
5	24
5	12
0	7
0	17
0	6
6	40
17	9
4	1
0	7
0	0
0	0
0	10
0	5
0	77
42	77
19	77
13	12
0	18
1	0
1	0
1	18
0	0
0	1
35	1
0	51
0	51
0	3
0	3
66	16
53	78
0	2
29	91
0	0
30	75
0	9
0	0
0	0
0	0
2	0
23	0
0	66
1	57
0	24
0	132
0	63
0	26
0	1
0	4
911	152
16	10
1	10
8	10
59	8
0	7
19	99
0	0
0	99
0	96
21	340
0	354
0	97
0	0
23	11
0	354
0	324
0	9
0	9
0	1
5	2
0	1
0	0
0	0
0	0
0	0
5	29
0	29
344	22
0	149
0	149
596	104
4	68
0	1
24	41
0	36
0	35
22	35
14	2
0	21
0	0
0	0
1	26
6	26
41	10
0	7
0	3
0	0
0	3
0	81
0	81
156	0
321	9
0	1
0	4
5	1
1	32
0	36
0	23
0	14
0	32
18	0
0	1
0	18
0	18
7	2
20	20
7	14
3	20
0	20
44	25
0	33
0	0
9	0
0	23
3	0
67	15
4	23
0	0
5	0
61	44
0	52
0	76
8	19
0	0
9	36
1	13
0	6
0	3
6	2
1	3
0	0
8	46
0	19
0	28
0	0
0	0
1	0
38	82
0	0
0	0
0	45
0	49
0	0
0	19
0	35
0	35
29	0
0	14
2	1
0	14
3	13
3	0
0	6
1	26
0	26
0	26
0	0
0	2
0	5
2	5
0	7
0	1
1	0
4	18
0	2
0	0
0	4
0	3
0	1
0	11
5	14
0	14
0	2
4	0
0	6
2	1
8	6
48	16
0	205
2	187
798	219
1	1
0	1
0	1
0	2
18	1
1	0
0	7
1	0
0	66
107	66
7	0
3	0
0	2
8	2
0	3
45	12
0	4
0	5
0	2
2	5
5	8
159	118
0	0
0	0
5	0
0	0
0	2
18	2
0	0
789	3
0	7
22	17
0	37
2	37
0	36
0	64
29	64
0	0
0	1
10	11
0	1
489	14
0	563
0	3
5	0
0	62
4	79
0	111
1	564
11	563
0	0
0	1
0	2
0	5
0	23
0	0
0	6
0	4
6	5
0	5
0	1
0	1
0	1
0	0
1	7
0	7
0	8
12	8
0	1
5	0
0	0
0	5
19	12
0	30
2	35
4	24
6	1
2	0
15	120
0	37
2	45
0	11
4	5
2	116
0	4
6	5
131	122
11	0
0	27
3	25
5	36
1	0
87	0
0	0
0	2
0	0
0	2
4	1
0	1
0	0
5	0
0	6
0	8
0	5
36	14
66	62
1	212
1	74
165	0
0	5
0	5
0	1
103	22
0	49
21	160
17	149
26	156
143	146
4	0
0	0
38	81
257	13
0	72
0	16
165	90
5	16
5	10
0	12
2	0
0	16
0	22
0	25
63	24
0	0
67	6
190	0
5	0
0	9
0	1
0	6
0	71
72	71
0	0
0	1
19	1
0	1
0	1
0	1
9	1
25	0
6	0
8	0
7	0
0	4
0	0
0	0
0	11
0	11
0	11
27	11
0	11
5	26
13	2
0	0
93	3
10	28
0	0
0	0
24	0
0	2
0	8
31	8
8	59
430	63
26	18
0	11
1	1
4	9
35	0
0	3
3	3
6	104
10	5
0	0
0	60
0	66
0	3
0	104
0	104
11	8
2	2
339	4
0	0
1	0
1	3
0	3
1	3
0	13
0	1
0	0
0	17
0	6
0	32
1	0
0	32
2	20
4	21
0	33
0	8
5	31
0	18
1	3
0	2
0	1
0	0
0	0
0	8
4	3
0	2
13	2
10	8
2	0
0	0
1	0
14	2
19	11
4	1
0	5
0	6
0	0
39	0
346	11
5	11
59	63
106	59
7	0
0	284
0	289
0	294
15	49
28	27
0	274
11	16
5	0
2	0
0	0
0	284
7	9
6	3
0	0
18	37
0	93
4	93
0	86
0	0
0	0
25	40
0	3
0	6
0	50
0	50
514	0
77	4
611	4
152	6
7	8
0	6
9	0
40	7
0	7
0	451
0	9
0	460
1	451
0	0
29	76
5	168
1	90
0	5
4	5
2	5
0	5
2	0
0	5
0	0
3	0
13	3
0	0
194	0
1066	0
11	108
0	116
0	110
0	70
0	73
0	74
2	70
0	30
0	1
2	1
0	0
0	15
1	11
0	17
0	8
0	7
0	9
0	10
0	10
0	9
0	1
0	1
0	5
0	0
0	0
5	44
0	44
0	7
0	5
7	8
0	8
6	68
210	5
0	5
0	32
0	42
0	40
0	42
0	23
0	23
0	9
0	30
0	30
0	4
0	4
3	0
4	0
0	0
23	0
4	54
0	40
0	46
0	37
0	44
0	44
32	239
0	271
9	91
33	199
3	24
0	100
6	0
4	0
17	91
0	0
0	173
7	74
0	75
0	132
1	27
0	7
1	7
5	0
0	12
0	1
0	21
0	28
6	73
0	6
0	6
0	0
0	5
11	68
0	5
45	345
61	13
37	39
15	345
10	1
5	1
1	0
0	1
0	13
0	8
98	36
10	31
0	36
280	134
1	129
0	0
3	0
0	0
0	0
0	5
35	6
0	39
102	34
5	39
1	36
14	0
28	3
197	304
12	312
0	261
0	110
11	0
4	1
0	1
0	1
0	20
0	14
0	43
0	35
0	0
7	4
7	5
0	1
130	15
1	0
12	15
20	48
155	9
1	40
0	40
0	20
0	20
0	74
0	74
0	1
0	1
4	2
0	2
2	1
0	0
0	3
15	49
12	1
32	219
0	57
0	65
0	107
0	107
0	69
1	3
0	64
0	75
1	0
8	0
0	0
1	0
5	0
0	0
0	0
0	0
7	0
4	49
0	111
0	111
12	14
0	10
8	11
27	0
14	38
0	7
0	5
0	33
6	14
0	22
0	12
87	197
2	28
8	59
15	32
0	9
0	9
0	9
489	94
0	80
0	25
123	0
0	1
78	14
0	0
0	15
0	10
24	0
0	0
0	4
0	4
0	0
0	0
6	1
0	1
7	135
0	11
0	10
0	14
10	13
0	0
4	1
49	39
0	5
14	120
0	74
0	80
0	30
0	10
0	2
15	0
0	4
0	30
4	80
0	13
116	11
0	16
0	11
0	3
9	10
0	8
3	0
0	9
1	0
0	4
10	3
0	2
0	11
0	0
7	39
69	57
427	128
0	128
30	0
3	1
17	4
0	4
4	19
0	7
10	7
0	19
14	45
15	45
0	0
7	0
1	0
6	0
24	0
38	12
175	29
0	29
9	7
8	24
17	18
0	6
0	6
133	10
0	63
0	31
0	17
16	0
18	1
2	25
5	23
0	6
0	6
8	7
11	2
46	1
42	0
6	6
0	2
0	13
0	1
0	47
6	47
38	20
0	130
11	130
5	117
1	53
1	4
32	27
0	2
0	19
0	25
0	0
0	20
0	20
0	103
9	103
178	56
2	95
44	11
0	1
12	1
4	0
5	41
5	0
0	3
0	22
3	22
1	5
7	18
0	2
0	91
0	91
7	31
1	30
0	64
0	6
0	31
0	4
138	29
0	84
0	2
0	1
0	6
25	84
57	12
0	12
0	0
7	0
1	0
72	99
0	28
0	107
3	9
0	2
0	0
4	4
607	41
0	36
0	21
0	21
0	22
0	22
0	21
0	21
0	24
0	22
9	15
0	5
59	1
0	4
0	2
0	1
47	56
0	56
0	56
73	15
0	33
4	22
435	92
6	63
4	63
61	19
43	4
51	11
4	44
0	29
19	0
19	3
0	1
0	25
0	5
0	24
0	11
0	24
0	10
0	18
7	4
0	0
1	10
0	38
0	10
9	0
0	10
0	10
923	0
0	2
0	2
0	51
0	39
3	67
0	11
4	7
0	12
0	8
0	4
10	14
0	1
0	18
0	9
0	12
0	1
32	11
6	0
0	2
11	2
10	4
3	3
0	4
3	4
8	3
6	0
0	4
0	0
105	87
0	11
1	12
0	2
3	13
0	21
73	178
0	178
0	23
0	178
69	589
0	19
6	589
12	3
1	0
0	584
0	580
90	36
0	13
0	27
13	1
17	3
22	43
0	57
0	43
44	71
0	31
0	27
0	26
222	1
0	0
0	109
0	109
32	0
31	0
0	0
0	0
0	0
0	0
0	0
109	0
0	0
0	74
0	14
3	58
8	2
0	29
0	1
29	1
0	0
0	1
16	39
21	67
0	7
0	37
0	1
0	0
114	14
0	27
0	1
0	13
0	1
2	0
4	4
1	21
6	21
0	0
0	0
0	4
0	13
89	19
0	6
0	6
184	19
0	1
0	8
8	10
0	2
0	37
0	37
4	0
0	16
9	0
0	34
0	34
0	0
0	0
0	0
0	34
8	0
0	0
3	0
390	18
2	18
457	55
0	8
0	16
0	0
0	55
0	12
0	3
0	4
0	1
0	3
0	3
0	32
0	32
44	69
0	64
12	27
0	5
0	2
0	13
0	2
0	2
0	0
0	32
11	53
2	0
1	0
1	0
3	0
0	17
0	51
2	49
15	92
0	32
10	7
0	1
0	2
239	94
0	0
0	11
20	10
0	2
0	1
0	1
3	0
0	0
4	110
0	0
3	0
0	0
0	0
0	110
0	119
0	9
0	110
179	128
0	3
0	0
28	13
63	453
0	453
2	0
0	162
0	57
0	1
0	3
5	0
0	3
1	0
0	1
0	0
16	16
0	28
122	0
112	112
0	178
0	36
106	1033
0	1031
0	0
7	356
5	0
0	316
181	84
0	34
1	5
1285	22
0	84
0	37
0	130
0	2
0	324
0	1
0	0
22	321
0	0
0	8
0	2
0	2
6	1
2	3
3	1
0	7
0	7
15	0
44	111
1	111
22	0
38	47
37	62
8	0
11	15
0	8
0	0
5	8
4	44
25	0
314	0
132	44
0	259
6	176
7	4
20	4
8	89
4	0
4	36
0	36
0	307
0	3
4	0
111	292
0	3
0	1
1	16
0	16
0	15
0	0
1	0
0	1
0	0
16	107
54	107
4	0
0	1
0	2
0	1
0	1
3	2
0	3
0	4
17	95
0	2
0	1
0	19
0	29
0	1
0	1
0	3
0	0
0	2
3	10
0	0
4	4
1	10
0	117
3	103
30	108
0	20
0	19
0	58
0	12
0	25
90	2
7	0
0	2
12	0
0	0
16	79
0	138
59	107
1	58
26	52
0	0
0	16
0	26
0	26
0	6
0	327
138	334
0	54
0	2
212	150
0	60
338	48
18	0
0	77
0	77
22	82
0	61
0	18
0	0
0	77
12	29
11	25
0	25
6	2
15	2
0	0
0	86
8	86
2	55
1	94
0	52
0	80
185	70
0	7
0	137
0	120
3	1
182	134
0	46
0	6
36	0
0	83
0	77
0	87
0	87
313	94
0	1
2	6
0	9
0	8
6	4
0	3
0	2
72	106
0	2
0	3
0	78
0	22
0	17
0	0
30	28
1	12
0	3
0	3
0	9
18	0
0	111
1	0
0	80
0	0
0	0
1	31
0	111
0	31
2	0
0	0
78	72
17	72
0	59
1	56
20	24
85	434
0	0
0	341
0	434
4	0
0	27
0	36
0	1
0	1
0	1
0	7
0	0
0	7
2	1
0	0
4	0
0	1
9	0
0	0
0	1
0	12
13	14
0	11
0	13
86	22
0	6
0	6
18	0
278	12
0	20
10	10
0	15
0	9
71	10
0	10
0	10
586	2
11	2
4	2
9	42
0	42
18	36
625	6
2	230
0	295
6	15
23	295
0	5
0	5
0	10
24	13
0	2
0	0
0	0
0	0
0	57
0	57
0	6
1	13
0	7
20	7
0	3
81	2
80	7
44	59
1	88
0	29
0	54
0	60
7	17
25	88
5	25
8	0
31	89
1	1
21	1
173	0
47	0
7	32
10	50
0	50
0	50
0	1
1	0
0	98
39	181
0	152
0	15
0	15
5	15
0	13
0	14
0	7
2	23
0	9
0	37
0	19
0	182
0	18
0	203
0	35
0	192
0	50
0	32
0	1
0	137
0	17
0	1
0	19
10	40
0	2
1	27
0	2
0	12
0	12
97	63
0	60
0	60
7	60
0	94
0	60
119	94
0	59
0	53
0	51
1	41
9	2
0	1
0	1
0	1
0	1
0	1
0	1
1	1
0	2
0	63
1	10
0	10
0	9
0	6
116	3
0	1
0	2
7	0
0	832
22	830
33	4
0	27
0	109
0	0
1	0
0	135
2	126
36	4
0	0
0	0
12	14
0	14
0	168
0	9
0	12
0	7
2	7
133	12
0	2
0	0
0	3
7	0
0	0
0	0
0	58
28	0
0	0
0	0
7	39
0	32
0	18
76	32
46	23
0	20
0	20
10	189
0	157
2	24
136	157
0	20
0	3
0	33
0	33
0	13
0	11
0	0
1	0
0	11
2	4
0	4
407	0
104	19
0	11
0	8
0	0
0	8
0	8
0	8
0	8
0	16
0	8
0	8
1	2
94	0
0	0
0	0
8	0
0	0
0	0
0	173
0	173
6	0
0	11
0	7
0	9
0	0
0	19
0	21
0	21
0	3
7	1
0	104
0	103
0	26
0	72
0	93
0	70
5	84
0	17
6	10
0	0
1	22
0	19
4	15
34	0
0	1
0	17
31	1
0	6
0	6
0	6
0	6
13	0
33	162
0	73
0	73
21	75
56	7
1	7
0	0
0	14
0	2
0	27
112	27
3	2
6	2
703	57
0	189
0	159
0	157
13	12
0	12
0	7
3	0
0	97
0	15
0	101
970	1
0	13
0	97
16	36
0	10
4	9
0	9
0	2
2	17
0	16
19	49
8	49
0	48
0	49
0	48
0	1
3	1
0	3
0	1
0	2
0	0
0	0
0	29
1	189
88	189
16	189
0	189
0	199
0	189
0	190
1	189
0	63
0	14
0	23
0	18
0	13
0	13
0	0
0	0
89	0
0	189
0	199
0	190
0	189
0	194
0	63
4	0
0	0
0	2
0	0
0	0
0	0
0	63
30	3
111	63
26	11
3	27
0	6
0	1
0	0
0	0
1	2
0	1
0	239
89	233
0	210
249	152
1	157
0	149
1	12
0	0
0	32
245	265
274	0
42	8
0	8
0	0
2	0
0	0
32	6
43	46
0	2
51	35
0	34
2	5
0	0
0	9
5	11
0	0
0	6
0	1
9	5
1	0
2	0
13	28
0	24
61	50
0	7
0	7
8	8
0	1
0	5
3	6
1	0
2	15
0	26
0	1
0	14
0	137
0	153
0	149
0	120
0	120
0	118
0	153
0	0
106	5
16	0
12	2
0	5
6	6
1	6
0	6
0	2
0	6
0	6
0	6
0	6
0	0
3	78
0	104
0	104
0	68
0	8
0	6
0	1
5	0
0	1
0	2
0	2
0	2
0	7
4	943
0	943
0	25
0	23
0	25
0	23
0	6
12	124
22	2
0	124
16	0
71	2
0	2
0	23
289	23
2	0
0	0
5	0
0	0
0	38
0	38
24	39
13	36
2	42
3	0
2	9
0	1
0	1
134	14
53	13
0	7
0	2
0	0
0	14
13	0
127	0
0	129
0	129
0	111
0	0
0	0
13	111
14	1
0	1
0	4
0	4
0	4
0	0
0	0
0	4
5	4
0	0
5	0
0	17
0	17
0	17
0	4
6	7
36	7
1	10
0	0
0	1
38	13
0	4
0	4
0	87
0	106
0	0
0	0
0	0
0	73
6	103
0	0
3	0
0	0
0	5
5	0
260	136
0	37
11	13
1	13
0	25
0	13
12	0
0	7
0	7
0	79
0	86
0	78
4	86
26	109
5	109
35	4
0	4
6	0
35	0
2	32
0	32
0	11
0	6
5	0
0	17
0	17
0	1
0	8
7	8
0	1
1	3
2	0
42	314
0	216
0	181
0	311
2	0
10	0
185	0
17	368
0	366
0	366
13	0
0	10
0	10
0	34
0	34
0	3
10	0
0	0
0	0
32	27
0	11
0	20
1	2
0	2
0	1
0	0
0	2
3	1
38	0
33	1
0	2
0	7
0	8
5	1
922	46
1	0
0	7
0	1
11	0
0	3
547	759
76	0
102	260
0	260
4	47
0	47
8	0
1	0
83	13
6	11
69	0
9	7
0	7
0	0
0	6
0	6
0	3
272	0
0	0
213	143
7	9
594	12
0	0
0	0
6	0
13	9
0	9
0	0
0	0
15	275
0	413
0	396
1	0
13	348
0	9
0	20
0	1
0	18
0	26
0	17
0	41
0	41
0	9
0	9
0	36
4	2
0	34
5	44
0	35
0	8
144	0
19	0
3	1
0	1
8	0
35	14
142	14
485	0
56	10
3	10
0	2
0	0
12	3
0	2
53	44
34	49
0	2
85	33
0	35
0	39
14	15
20	104
0	94
0	1
3	1
47	87
3	6
0	6
15	8
5	5
14	7
37	16
0	3
14	4
0	0
0	0
2	1
52	141
0	12
0	12
5	12
0	1
1	0
0	1
0	2
0	1
0	2
0	18
0	18
7	12
0	7
0	6
0	6
0	1
0	0
0	0
0	5
4	0
0	1
4	0
0	0
0	3
0	3
0	34
11	28
0	21
0	4
0	0
27	4
28	14
0	34
5	5
0	5
0	3
1	0
5	0
0	0
57	191
6	173
2	0
18	17
0	17
4	13
0	13
8	2
0	0
2	7
32	0
0	42
0	42
0	42
0	42
0	42
0	42
0	42
0	42
0	42
0	42
4	1
0	1
1	3
1	0
3	24
3	42
0	150
111	150
7	0
72	33
0	0
0	0
11	16
6	16
0	0
2	0
1	0
13	716
35	716
4	5
3	10
0	10
0	8
0	181
0	181
0	181
0	181
0	181
18	181
0	180
2	180
1	0
163	0
85	544
14	534
11	326
3	23
0	19
0	527
0	209
0	197
0	96
3	9
0	2
2	7
1	138
1	18
60	10
0	11
0	10
0	11
0	10
139	1052
8	4
0	6
41	31
0	4
26	15
0	0
4	0
0	5
0	12
3	2
0	73
19	8
1	9
0	4
0	0
2	2
10	2
626	259
8	254
243	253
0	232
5	224
182	224
0	6
0	9
0	4
0	0
0	9
0	0
0	2
0	39
0	19
0	0
19	39
45	9
4	0
0	4
0	4
0	4
0	4
0	0
45	81
0	42
0	3
0	81
9	34
3	6
0	6
0	11
0	11
0	4
0	0
218	1
2	0
0	1
10	0
41	14
197	11
5	14
39	146
0	59
1	0
0	0
0	0
0	0
23	66
0	0
124	17
395	136
14	3
0	2
4	3
0	9
0	8
0	124
1	62
2	125
32	54
9	128
13	12
19	12
0	22
9	62
28	62
0	21
0	19
18	15
0	1
2	1
0	13
0	0
21	2
0	34
6	17
0	0
0	15
0	0
10	41
1	150
0	141
15	101
0	30
0	528
0	528
1	4
0	4
0	17
0	17
0	35
0	0
0	54
0	41
0	41
0	0
0	0
0	0
0	36
6	0
0	0
0	0
0	37
0	0
0	1
0	0
0	50
0	50
15	5
0	51
0	16
0	0
63	59
2	59
11	1
0	0
5	1
0	8
0	1
0	1
0	8
0	0
0	2
0	2
0	7
0	12
0	6
0	2
0	7
0	2
0	7
0	0
9	1
128	3
10	0
7	0
4	0
0	1
0	0
0	7
9	20
16	7
71	69
0	69
0	42
4	18
0	15
13	7
0	3
0	3
0	0
0	0
23	4
0	4
88	98
0	74
0	54
710	90
20	61
0	651
1359	887
0	365
5	0
0	0
0	0
0	0
0	0
1	0
102	66
0	66
0	35
0	39
0	35
0	33
0	2
2	0
6	4
0	32
0	73
21	74
0	62
10	70
1	6
0	179
13	92
0	84
0	46
0	9
0	3
0	3
0	0
0	10
0	2
0	5
4	2
0	244
0	244
0	242
4	4
2	9
9	9
0	0
366	131
0	123
0	67
0	62
0	61
0	68
0	56
0	8
0	1
0	122
0	5
0	5
0	5
0	0
0	0
0	0
0	1
38	15
0	15
0	12
16	1334
45	54
0	110
0	109
0	305
0	193
0	150
0	101
0	6
0	48
0	8
0	9
15	4
1	91
0	3
0	80
0	3
0	305
0	59
7	22
0	0
0	2
84	59
9	8
0	8
0	7
0	0
49	7
0	7
300	33
6	0
0	1
0	1
0	1
0	0
0	14
0	43
0	50
274	0
5	348
3	348
0	0
0	17
0	27
7	59
5	11
1	4
0	59
49	71
0	59
0	4
0	35
6	0
0	4
0	0
0	1
0	1
0	71
0	174
0	174
0	23
0	16
0	80
0	3
24	0
21	0
0	0
47	104
1	78
3	1267
9	1268
27	23
0	1
0	65
5	10
11	10
2	10
85	10
0	10
0	65
23	43
0	0
0	1
13	0
0	0
4	8
0	15
0	34
0	86
26	0
5	309
0	13
0	309
0	0
0	0
0	0
18	0
0	69
46	69
0	4
0	4
0	0
1	4
0	1
0	1
0	0
0	0
31	0
65	12
0	0
0	4
1	47
0	4
16	11
5	65
0	52
0	25
256	508
17	90
0	224
0	229
2	18
13	35
0	35
0	0
0	3
5	10
5	3
27	3
0	0
0	22
8	0
0	0
14	12
0	14
0	0
3	6
3	16
0	0
79	308
0	308
1	43
0	33
4	0
0	0
0	0
78	89
0	100
0	55
66	3
0	3
0	0
0	5
16	65
0	63
6	1
3	0
0	0
0	8
0	0
9	1
0	1
0	1
10	22
0	21
11	22
1	2
25	1
0	48
26	48
2	21
36	7
31	2
219	6
2	5
0	5
65	54
18	55
0	57
0	0
11	0
0	0
41	51
24	51
0	11
0	3
0	0
0	0
2	0
0	0
0	1
0	0
0	0
3	19
2	19
1	26
3	0
16	12
0	12
0	0
143	52
875	735
68	705
15	10
4	33
33	1
0	21
0	15
10	2
47	0
0	7
0	7
0	0
3	48
426	49
0	33
1	5
0	0
1	11
19	48
0	47
0	3
0	2
18	1
0	18
0	10
3	2
0	2
1	2
0	24
75	17
0	17
51	0
34	45
0	17
0	17
57	22
0	10
0	15
1	1
0	1
0	1
14	1
0	1
0	1
0	0
0	0
0	0
9	3
0	3
5	3
113	71
0	71
6	18
0	154
0	55
6	17
0	40
2	49
0	4
0	3
15	0
111	32
0	0
28	99
0	0
0	0
0	55
290	88
0	64
0	54
0	50
11	42
0	47
0	47
0	23
2	47
4	23
2	7
27	18
0	8
0	9
0	13
0	8
0	9
16	51
0	37
0	26
0	0
0	2
0	17
0	17
1	37
122	0
41	4
5	4
25	41
0	30
160	62
0	14
0	4
0	4
11	908
0	916
20	337
7	352
341	304
0	286
0	82
0	11
2	11
0	16
0	16
0	0
31	54
0	51
4	34
1	28
0	43
0	43
81	21
0	0
0	0
7	0
0	0
0	0
0	0
13	144
0	138
0	7
0	14
0	4
0	4
33	7
0	0
0	78
0	249
0	4
304	28
6	0
481	236
183	76
7	0
5	0
648	21
0	7
0	20
0	20
0	10
0	14
38	17
6	17
0	17
1	0
25	0
0	9
1	3
0	17
0	16
0	15
0	1
335	20
9	0
5	13
0	20
14	14
126	14
0	12
0	12
0	1
0	0
12	0
0	2
3	0
13	73
0	73
78	4
0	1
0	0
0	0
9	3
0	0
0	0
0	0
0	0
1067	300
0	182
459	206
14	2
1	0
0	178
0	36
6	105
3	48
0	1
0	41
0	1
7	45
52	37
0	38
3	3
11	7
10	8
15	7
77	7
0	0
0	0
0	16
1	16
0	6
0	36
1	36
0	0
0	0
2	1
5	1
22	9
16	8
0	0
0	1
4	1
14	10
0	0
22	10
0	10
0	0
1	10
50	0
1	0
7	17
3	17
11	37
13	0
0	37
1	0
60	501
27	511
0	1
2	1
19	1
13	25
1	24
0	0
0	1
0	2
0	0
1	0
3	75
0	75
0	75
17	11
0	11
4	5
0	0
0	11
6	14
0	14
89	33
0	15
0	2
3	0
0	40
3	40
0	40
96	7
1470	0
17	18
38	18
3	7
218	96
0	47
5	0
76	52
5	0
15	0
41	23
0	0
4	1
0	0
0	0
47	71
6	71
0	13
0	3
0	7
13	0
3	15
0	10
1	0
0	3
0	1
0	0
0	1
34	8
0	8
25	381
0	32
0	47
0	43
0	54
0	42
0	0
0	11
20	37
0	53
0	43
2	33
0	33
28	40
0	12
17	11
0	4
0	370
17	32
4	3
16	29
7	7
0	7
0	6
0	0
0	0
0	0
0	0
145	12
0	12
2	16
0	1
14	15
0	5
9	4
0	4
0	2
0	1
0	33
0	33
0	1
0	0
3	0
0	0
0	0
0	4
0	1
16	12
0	1
9	1
0	0
0	0
3	11
23	222
0	12
2	215
0	215
0	5
3	0
3	0
0	4
8	40
0	67
0	4
0	3
6	66
7	35
0	82
256	38
0	15
1271	18
0	11
4	2
8	4
0	5
0	2
0	0
1	0
0	0
131	4
1	4
63	11
2	0
0	4
157	0
3	4
0	0
12	0
0	4
45	221
68	221
0	0
0	0
41	21
0	3
0	2
17	4
0	4
0	2
0	18
0	10
0	0
0	3
0	8
0	78
0	142
0	7
0	138
0	7
3	2
0	0
0	0
0	0
0	0
0	69
0	69
0	69
4	31
0	2
1	50
0	50
0	49
0	2
0	0
0	50
45	100
0	0
0	0
9	0
0	100
1	31
0	29
19	1
108	16
0	19
0	19
21	3
0	3
20	1
0	15
0	46
0	45
0	46
0	20
80	41
175	61
0	45
10	15
0	5
2	51
0	11
0	12
0	9
0	9
0	0
0	0
192	37
0	18
0	7
0	14
0	44
25	44
0	2
0	3
0	12
3	5
2	20
0	22
0	20
0	19
18	22
0	9
143	22
246	22
58	94
4	94
46	91
12	0
0	0
0	38
0	46
0	23
0	15
0	7
0	7
1	7
0	3
5	18
141	3
15	3
87	44
0	12
0	1
0	31
2	2
0	2
3	5
2	4
2	0
0	35
0	35
0	228
0	228
0	228
5	228
0	8
0	8
0	8
231	61
0	52
0	61
12	77
0	53
231	24
0	5
0	0
65	12
101	12
0	12
18	0
7	8
0	8
0	0
3	0
1	10
0	9
0	10
0	9
0	10
0	0
0	0
1	1
0	1
0	6
0	6
0	6
0	1
0	1
80	26
3	0
16	0
0	25
26	29
85	42
0	25
84	13
1	27
0	2
0	14
0	1
0	0
0	0
0	0
0	0
0	402
33	391
5	30
0	32
2	24
0	12
0	0
0	0
1	0
4	11
0	7
0	8
0	1
0	1
13	19
4	13
0	15
0	15
0	6
11	20
102	19
9	13
3	19
20	40
0	0
144	0
0	1
2	1
0	0
0	22
1	4
0	4
0	33
0	4
0	4
11	160
0	160
21	0
18	98
40	14
0	14
0	98
0	14
0	98
0	0
0	0
160	43
0	21
63	12
0	9
0	0
12	0
0	6
0	6
0	6
27	12
0	11
0	11
0	7
0	7
0	11
0	11
0	0
0	1
0	0
0	0
0	1
0	668
0	668
1	0
1	0
8	48
1	52
12	43
0	47
13	0
0	0
1	0
0	0
0	7
50	7
118	2
0	2
237	172
3	62
1	35
0	18
0	4
0	0
0	1
0	4
147	4
5	4
0	2
0	14
0	14
0	14
19	0
5	2
0	2
1	0
3	0
0	0
0	0
197	0
175	69
12	66
0	59
0	55
0	34
2	4
0	0
0	0
0	15
0	0
0	11
8	27
0	8
0	23
21	3
131	2
0	2
5	8
10	8
4	38
0	33
0	5
2	0
0	17
0	22
0	2
3	1
9	3
0	2
3	2
6	1
61	12
0	12
1	0
0	87
0	117
0	1
11	1
0	188
147	0
35	2
0	1
6	2
0	2
0	2
0	71
44	226
13	72
0	104
0	7
0	24
0	24
59	0
0	35
0	48
7	33
7	9
0	9
0	9
0	15
0	0
0	0
121	205
368	1306
6	30
6	41
67	30
34	37
0	29
5	8
4	9
0	1
1	0
10	4
0	0
0	0
0	0
0	8
0	19
128	23
179	0
5	0
0	0
0	0
0	0
0	0
4	10
11	0
0	26
0	26
0	0
0	0
0	26
0	0
3	53
0	53
0	34
31	21
0	0
4	0
0	0
164	61
5	22
27	5
0	1
0	0
0	4
9	234
3	17
5	0
0	1
4	6
0	6
0	0
1	0
0	2
0	17
0	2348
5	2348
11	2387
0	2377
0	2377
1	11
7	27
0	27
0	27
0	2
247	291
0	3
0	62
0	5
8	0
0	0
5	209
11	169
21	0
892	80
0	61
7	16
0	6
2	0
16	13
0	9
57	1208
0	1208
0	443
0	354
190	80
37	403
122	13
0	9
0	37
5	4
93	1
0	1
0	1
9	0
0	62
280	9
55	42
2	41
1	19
0	20
0	0
1	0
0	2
0	9
0	0
0	7
2	60
7	71
0	0
0	0
0	9
0	9
0	9
0	15
551	130
0	26
0	33
0	14
6	26
0	6
0	1210
0	30
0	1148
0	1
0	0
53	1276
0	16
0	0
210	12
1	0
0	10
0	2
17	0
38	93
11	93
8	72
11	0
0	0
63	0
0	204
0	169
0	0
13	0
3	0
0	0
0	16
222	30
0	21
13	0
0	218
6	48
0	48
5	7
0	7
98	2
5	0
5	16
21	34
0	0
7	2
1	2
0	2
1	0
0	2
0	28
0	22
0	2
1	16
81	14
23	4
0	5
2	0
0	8
0	4
37	8
3	132
0	142
0	75
3	55
12	55
4	67
2	1
0	1
2	2
0	1
19	89
64	7
0	81
15	197
0	192
0	4
0	1
0	0
0	0
0	0
0	0
0	1
6	0
0	35
0	52
322	47
0	15
0	35
7	16
11	16
0	62
0	61
14	55
0	1
155	7
4	2
1	24
0	0
0	5
1	19
0	19
0	189
25	139
0	64
0	23
0	48
2	17
2	7
0	203
0	189
0	743
0	4
0	0
0	0
9	0
3	43
0	29
11	14
20	16
0	0
0	12
0	0
1	1
0	1
0	0
0	0
0	4
0	3
166	17
98	65
0	50
528	114
6	114
19	74
1	1
45	32
0	29
4	32
0	1
8	0
0	2
29	33
0	28
0	8
5	8
1	4
0	1
30	31
0	26
272	20
0	0
41	13
0	0
0	0
0	0
0	4
0	11
2	12
13	0
0	3
0	3
0	0
0	0
0	0
531	29
3	32
11	22
2	0
0	0
0	0
0	32
115	53
0	53
0	9
2	0
195	40
0	3
54	0
0	39
0	1
3	1
0	0
0	23
0	0
0	0
0	1
0	1
6	19
0	1
0	23
0	28
0	9
0	23
0	5
33	183
0	9
9	183
0	125
20	115
0	102
7	101
0	60
0	56
0	26
0	26
0	5
0	17
71	34
0	5
0	5
0	0
20	0
0	18
0	39
232	36
8	13
18	2
0	23
14	5
0	24
0	2
11	21
0	1
2	13
3	13
0	2
0	2
1	2
8	8
0	8
0	7
0	8
0	0
0	0
2	0
0	0
0	0
0	0
0	0
0	0
7	5
0	2
5	1
13	0
0	2
0	2
0	0
0	1
0	52
0	68
0	69
4	69
0	24
0	16
0	125
0	125
0	11
0	23
0	6
0	6
48	17
0	63
0	4
0	40
23	44
123	5
5	147
0	37
80	141
0	0
0	0
28	63
0	56
1	64
33	60
0	48
0	25
8	18
16	12
0	22
5	0
0	0
0	0
0	0
20	10
11	16
10	24
0	2
7	0
0	0
0	0
4	0
0	0
0	2
0	0
0	1
27	54
0	2
0	143
0	179
0	143
0	139
25	89
0	22
0	5
0	44
26	51
0	5
0	35
0	8
0	0
6	13
0	7
0	7
22	10
0	6
2	6
0	63
5	14
0	14
4	1
0	8
0	7
0	14
0	1
0	1
0	169
0	169
126	0
0	0
1	0
21	0
0	0
0	140
0	176
0	9
0	9
0	3
9	0
111	21
0	21
0	0
0	4
5	4
0	5
0	5
1	0
171	18
712	96
0	76
22	44
0	31
86	9
0	9
0	6
0	1
7	0
12	0
0	0
0	0
2	1
801	30
0	30
0	5
2	5
0	0
2	0
2	0
6	8
0	0
0	8
0	0
0	0
0	0
0	0
0	0
1	0
114	86
0	29
0	16
0	26
0	184
0	24
6	162
0	182
11	195
0	153
0	146
92	177
0	81
0	60
6	58
1	34
0	0
144	4
0	3
1	1
1	0
10	41
6	1
1	3
0	8
5	38
4	19
51	175
0	43
23	141
0	31
0	134
1	0
7	0
0	0
26	90
0	71
0	14
0	117
0	49
1	14
0	271
4	310
0	248
74	13
0	377
17	8
4	8
0	9
0	28
36	25
0	2
0	4
0	8
0	0
2	0
0	2
0	0
0	0
0	0
0	8
176	24
0	5
0	21
40	24
0	20
0	0
0	0
0	0
0	3
4	0
41	56
24	52
0	2
8	6
7	27
0	28
9	0
53	0
18	120
0	17
0	120
1	1
0	11
0	0
0	8
0	8
31	8
21	16
0	0
0	0
83	0
81	17
1	19
0	4
0	237
0	8
0	7
0	2
0	237
0	18
0	18
27	18
0	0
6	0
1	16
13	16
73	8
0	3
0	4
84	18
1	6
0	0
10	0
1	0
0	3
0	5
0	5
0	3
0	1
0	12
0	13
0	7
0	7
0	7
0	120
0	140
0	140
0	29
0	29
0	29
0	0
0	23
0	140
47	0
0	0
10	0
10	0
59	64
4	45
0	1
0	1
0	0
8	0
31	0
1	0
9	37
0	100
0	3
41	3
0	7
53	175
0	4
51	4
27	32
0	5
344	0
0	6
4	0
0	6
0	6
0	315
16	146
0	40
0	63
4	13
14	31
1	315
10	11
140	11
0	9
0	11
0	9
2	4
2	9
0	0
11	0
25	8
2	2
0	0
0	2
3	54
5	54
0	27
0	28
0	25
75	158
3	150
0	141
0	8
22	0
42	33
246	0
32	0
13	12
3	12
11	0
0	5
0	0
70	106
0	106
0	72
0	69
0	70
0	8
21	40
2	3
0	0
3	0
3	41
1	34
0	15
12	21
0	0
0	0
7	0
0	169
30	61
0	58
0	40
0	40
0	45
0	2
0	2
20	2
0	0
0	134
0	0
0	14
0	0
0	14
0	0
0	0
0	0
0	1
0	0
45	0
4	0
2	0
228	11
0	11
2	0
10	5
0	3
0	3
0	0
1	0
10	14
2	9
56	7
5	8
0	10
4	0
0	7
0	7
0	4
0	0
0	4
0	0
24	0
59	39
20	318
0	235
0	0
29	36
16	37
0	32
0	0
0	0
32	108
38	209
0	127
0	90
7	62
0	15
20	0
1	0
233	0
6	0
23	12
7	0
32	117
0	1
0	116
0	5
0	103
0	0
14	0
0	0
0	0
103	0
0	0
11	0
3	9
0	8
0	8
0	7
5	8
0	24
2	0
0	0
0	16
0	16
0	8
0	24
93	10
1	10
0	0
0	0
0	0
76	36
0	0
0	0
0	3
4	1
0	1
5	1
4	1
1	1
0	1
0	1
0	0
1	0
40	82
90	82
29	70
43	80
0	0
0	5
0	9
0	0
47	58
0	0
0	58
0	14
0	0
1	13
0	13
0	13
0	0
4	0
10	0
3	0
0	9
0	9
0	9
0	9
0	1
0	1
65	59
36	59
1	54
0	0
41	19
0	86
0	1
2	81
8	68
0	2
0	15
0	3
0	4
0	17
0	97
0	0
36	97
0	24
0	0
10	5
0	33
0	33
10	33
0	2
0	2
0	2
0	4
0	3
1	0
13	232
95	75
0	56
0	0
0	81
114	129
440	90
2	9
4	9
0	21
0	21
11	9
0	0
50	1
0	0
11	12
0	7
1	0
1	0
0	0
0	1
21	0
3	0
21	441
0	59
0	30
0	382
0	0
2	11
0	0
0	0
0	8
0	11
16	4
0	3
2	3
12	3
0	3
28	30
0	1
0	1
0	3
0	29
2	3
0	3
4	0
0	26
10	19
0	19
1	5
3	5
1666	21
8	15
0	6
398	355
0	314
76	0
106	27
38	0
1	18
17	18
7	95
0	79
192	93
0	1
0	413
0	379
0	42
6	10
0	4
0	0
0	0
0	1
25	413
0	7
0	18
0	18
5	8
3	26
148	36
0	3
0	18
2	0
19	0
18	57
0	57
0	48
113	51
0	33
3	21
2	0
0	33
12	0
11	13
129	14
10	9
12	0
0	0
4	0
0	3
0	3
28	0
0	0
0	1
0	0
2	0
0	0
1	1
0	1
0	6
0	6
1	1
110	1
0	1
21	391
234	385
1239	0
0	7
0	7
0	7
0	0
0	0
0	1
0	1
10	0
1	30
0	30
4	30
0	28
0	28
0	17
0	7
8	7
0	6
0	49
0	0
0	0
0	34
0	34
0	34
0	34
0	2
0	49
7	5
0	0
46	0
0	0
0	0
3	0
0	9
0	9
0	2
0	7
0	7
0	7
6	32
2	28
0	31
0	4
16	3
7	2
0	2
0	1
0	0
2	0
0	3
105	0
0	6
0	6
0	9
0	9
0	7
1	202
0	90
0	96
0	49
0	44
0	18
0	0
2	0
18	190
0	0
32	0
0	13
0	33
0	33
0	1
0	0
0	0
43	21
8	51
0	10
217	119
0	117
5	92
0	13
567	458
146	455
0	458
14	427
6	3
0	0
1	95
32	95
1	0
0	16
0	16
0	5
0	2
1	2
0	2
0	1
2	1
8	0
0	1
0	18
0	18
0	18
0	2
0	2
0	0
2	0
14	139
0	47
0	47
0	0
0	95
0	139
0	0
0	0
0	0
3	0
21	23
445	74
0	2
0	53
0	2
0	2
24	0
5	36
40	41
1	4
0	1
0	0
0	3
0	6
13	16
32	22
5	8
0	3
5	0
0	0
0	14
3	6
0	6
0	5
6	5
57	288
0	1
0	6
0	5
32	61
3	4
0	0
0	232
3	274
0	287
0	109
0	21
0	49
0	49
0	31
28	30
25	3
0	7
0	4
0	2
0	0
0	0
1	0
3	0
0	25
28	40
0	48
0	43
0	11
0	0
1	0
106	0
6	0
48	0
24	25
6	0
0	1
42	1
68	11
0	11
99	1
0	1
42	0
9	1
13	6
0	6
10	49
0	49
3	0
44	5
2	2
16	101
0	101
8	81
20	83
12	76
3	60
0	11
0	7
0	0
0	0
0	0
0	0
0	0
0	0
1740	49
0	45
0	1
46	1
0	1
101	44
24	0
398	46
4	41
0	3
1	2
1	2
0	0
1	12
0	5
0	14
4	1
17	26
4	26
14	51
0	51
0	43
0	43
0	0
14	6
0	1
0	6
1	2
0	2
0	1
0	0
0	0
0	1
0	1
0	1
0	54
2	39
0	25
0	18
0	60
0	54
2	16
13	20
3	20
0	0
0	4
2	0
94	3
93	267
101	267
13	0
406	12
4	6
95	32
0	18
11	0
0	15
0	8
16	12
2	8
106	13
82	39
0	12
4	13
0	19
0	19
0	11
0	1
0	27
0	38
0	38
0	4
0	38
0	0
7	0
0	0
191	159
23	55
5	26
0	37
0	1
0	44
16	65
24	52
2	14
4	0
3	0
0	0
77	70
0	62
106	6
8	6
0	13
2	6
13	10
0	70
0	75
466	180
0	170
0	13
0	20
0	20
0	5
311	300
0	300
0	13
0	2
0	2
0	2
12	3
0	1
1	1
10	0
2	4
0	4
21	5
1	0
0	4
57	4
0	4
1	3
0	2
0	3
0	2
0	0
0	0
0	0
0	0
0	6
0	721
2	780
0	640
0	19
54	10
0	6
0	777
7	155
3	175
0	169
0	0
0	1
10	1
2	0
0	173
0	165
0	170
0	17
15	12
0	12
0	22
0	21
0	22
0	0
0	17
0	71
0	71
0	94
57	39
0	46
0	21
0	21
0	19
0	38
0	0
0	3
0	0
0	0
23	25
0	0
0	0
0	1
3	0
0	21
0	69
0	94
47	51
0	2
0	11
15	64
151	7
44	2
1	2
53	661
0	32
6	4
0	0
9	0
2	0
27	631
28	21
0	20
0	10
0	3
3	0
6	2
81	2
0	19
0	17
0	10
4	6
0	1
0	3
0	0
1	0
14	0
17	38
5	38
0	9
12	0
9	0
9	0
12	54
0	0
0	0
0	0
0	0
0	54
3	54
9	9
0	7
8	0
0	19
10	0
0	19
0	12
5	1
0	5
0	5
35	9
0	5
0	5
5	2
0	5
0	2
1	1
113	4
0	7
0	4
4	21
3	41
0	12
0	11
0	8
7	25
0	0
0	0
0	0
0	0
0	3
0	2
0	25
0	5
0	1
1	5
1	1
131	30
4	21
0	0
36	8
4	0
0	0
0	2
0	2
0	2
0	2
0	2
57	34
36	0
0	5
32	1
5	11
3	11
6	13
1	36
0	36
3	6
1	4
82	4
8	5
10	25
3	25
16	10
0	19
1	2
6	0
0	1
134	122
0	0
0	10
1	0
0	2
0	2
2	0
0	1
0	114
0	112
1	0
0	13
3	0
0	15
0	8
0	15
4	0
1	9
0	0
0	8
2	15
352	0
21	74
0	57
0	57
0	19
0	3
0	4
0	2
0	2
0	0
0	64
13	64
38	0
193	8
0	8
0	0
3	14
5	14
0	0
1	2
205	467
0	0
15	0
67	467
0	12
43	1
0	1
4	134
0	299
4	79
21	98
0	79
34	79
0	41
16	47
0	6
2	1
0	16
4	6
0	0
0	0
4	0
0	3
0	0
6	0
0	0
5	0
0	0
1	175
1	141
0	190
0	197
0	42
0	8
1	5
0	4
14	32
0	0
1	4
2	3
24	1
0	277
21	82
0	76
116	70
15	65
0	27
0	1
0	6
0	3
0	0
4	1
4	124
0	123
0	124
0	123
17	124
0	7
0	7
0	57
0	39
0	1
0	0
0	72
0	94
0	55
0	46
0	17
1	15
0	122
85	144
0	7
11	19
0	11
1	3
0	8
0	8
0	8
1	8
0	0
54	0
1	25
1	24
0	4
18	43
0	6
0	5
340	2
3	56
0	1
0	0
7	2
0	53
3	2
0	55
0	0
27	25
0	25
0	25
4	0
14	0
128	93
0	7
0	0
0	10
5	9
0	6
0	0
0	0
0	1
22	0
0	0
0	10
0	10
1	0
176	24
0	17
751	16
0	16
0	0
0	0
1	0
125	1
8	0
109	2
0	10
26	6
0	21
41	38
40	126
0	100
99	10
84	0
290	0
97	1
14	7
0	0
18	0
100	23
3	5
0	16
0	16
0	11
0	44
81	74
1	46
0	3
10	3
0	64
0	47
0	43
1	0
8	20
0	7
111	36
0	40
0	4
238	26
0	26
5	23
0	0
0	0
17	0
7	0
0	1
2	0
0	41
7	43
0	10
3	1
0	0
0	30
23	9
0	16
11	1
0	30
1	14
0	1
0	12
0	38
0	30
0	30
0	32
0	4
14	24
0	0
0	20
81	366
0	347
0	132
0	6
19	352
30	105
82	105
0	131
0	135
0	45
7	42
0	41
0	2
0	29
0	137
35	15
1	12
0	9
0	3
0	11
594	193
19	439
0	0
0	37
3	26
0	26
1	13
0	11
0	1
0	0
6	39
0	42
0	31
0	2
0	11
0	0
24	17
49	20
0	0
0	2
4	18
1	3
4	0
2	1
28	31
2	31
47	31
0	11
1	2
29	9
0	18
0	21
0	26
38	24
102	59
0	70
0	34
0	164
1	165
9	165
1	122
0	110
0	117
0	1
0	13
0	140
0	142
1	34
0	44
0	155
0	44
159	1
5	0
0	0
8	1
9	0
4	0
11	15
3	12
0	26
6	5
0	0
0	0
0	26
82	17
0	17
1	4
0	4
0	7
0	11
0	2
0	2
3	1
11	14
0	33
0	33
0	5
2	2
0	2
0	1
0	0
0	0
1	129
0	65
0	61
0	31
0	2
0	2
0	2
0	3
0	2
0	7
2	9
22	63
0	29
0	9
0	1
1	1
0	129
0	128
402	99
0	7
97	98
27	62
0	37
0	47
0	10
0	4
29	18
22	0
1	248
109	2
0	0
0	207
0	246
43	0
22	3
85	70
0	80
0	84
242	103
7	32
0	54
0	54
0	10
0	3
0	24
30	3
0	3
0	3
0	3
0	1
1	0
0	0
1	0
0	1
0	0
0	0
0	12
1	21
0	0
0	1
0	0
0	0
0	3
0	2
0	3
0	10
50	0
0	19
0	19
0	11
2	0
0	0
0	11
839	173
0	121
34	74
0	8
4	5
0	37
0	6
6	12
3	9
5	36
0	5
0	4
0	1
0	0
4	4
0	26
18	35
43	2
0	0
0	0
3	0
0	2
99	59
5	5
0	1
2	1
13	5
2	49
0	22
0	21
0	13
0	19
0	10
0	0
0	1
1	26
8	26
0	18
3	1
0	46
0	46
0	46
0	44
35	56
0	42
0	57
0	37
15	0
13	0
0	21
0	1
0	14
6	1
12	2
0	0
4	0
29	33
0	33
37	11
1	0
19	0
0	0
60	169
0	133
149	146
14	109
0	25
0	0
24	30
15	0
13	54
5	36
0	90
8	0
44	799
522	829
0	27
0	4
0	1
0	0
0	0
0	0
1	0
4	0
2	3
75	29
0	158
14	240
0	145
0	141
0	168
0	0
0	0
0	1
0	0
13	59
0	60
1	34
0	26
0	20
30	20
0	1
0	0
7	0
0	0
0	0
0	0
0	0
0	6
0	7
0	7
3	0
7	0
44	0
0	9
0	9
0	8
289	693
0	693
0	530
251	3
30	413
0	408
0	408
22	32
0	212
1005	570
0	244
0	534
0	0
2	1
0	15
0	12
0	1
0	1
0	12
0	234
6	61
0	41
0	45
0	39
0	4
1	3
7	2
10	6
0	18
0	17
7	2
60	0
0	0
3	0
459	0
0	0
9	71
6	66
0	40
8	0
84	239
0	0
0	9
0	2
0	208
0	0
23	0
411	216
12	16
0	13
0	3
3	0
0	0
0	4
0	4
8	0
21	5
878	327
78	950
4	286
0	871
0	364
201	845
1	606
0	436
0	203
22	0
62	256
19	0
10	1
13	20
16	0
0	0
6	0
0	0
0	8
1	8
0	0
0	4
7	6
0	5
0	5
0	114
0	114
3	34
6	34
17	18
20	18
16	3
0	0
0	0
0	3
3	43
4	14
0	35
0	39
0	29
0	33
0	33
1	1
0	27
0	0
1	0
0	0
0	7
4	0
20	4
0	3
0	4
0	10
0	2
0	2
0	2
21	0
0	37
33	38
0	38
0	3
0	1
0	1
0	0
689	434
0	50
1	1
0	58
0	1
0	26
0	333
0	31
17	0
0	49
0	51
0	55
0	3
0	12
0	90
0	57
1	0
0	95
0	95
1	6
0	56
110	56
15	8
88	12
0	2
10	0
13	1
5	4
574	0
0	2
3	2
7	0
0	2
0	17
0	17
0	3
15	153
0	4
3	64
0	32
0	21
36	5
0	36
16	121
164	13
82	13
4	11
22	408
7	371
0	318
0	1
30	9
0	8
62	106
0	1
13	105
3	21
7	21
1	15
0	6
0	6
0	6
0	0
9	20
0	19
0	5
8	9
0	9
0	10
0	6
0	4
12	199
0	42
0	1
0	56
24	236
0	32
0	2
0	2
0	2
0	2
0	2
0	4
0	4
0	5
0	8
0	5
0	5
0	1
0	1
13	8
0	8
0	7
14	0
7	42
0	43
0	43
0	28
0	30
22	37
0	17
0	40
0	15
10	19
71	69
0	0
0	21
0	15
18	9
0	6
6	2
0	4
0	15
47	59
0	3
0	3
0	31
0	31
15	96
17	20
0	15
0	20
0	20
0	23
0	63
462	15
0	11
0	8
0	8
0	0
0	3
3	0
2	0
0	2
8	1
0	1
2	0
0	23
2	6
0	6
43	18
37	22
0	6
14	8
12	6
396	6
0	130
2	21
0	46
0	0
11	475
0	210
273	271
0	176
0	1
0	420
0	243
0	0
8	0
20	101
0	392
2	7
0	7
1	7
3	0
0	3
207	18
173	19
4	5
391	15
0	18
17	12
0	20
0	43
2	43
0	33
0	12
0	5
0	5
0	5
0	5
0	5
7	9
0	4
1	37
0	24
0	25
0	24
0	17
0	15
12	36
242	72
0	72
51	0
0	0
0	0
0	1
6	6
6	3
318	0
17	3
0	3
0	1
38	0
0	2
0	2
1	12
0	12
455	86
0	83
0	20
9	3
56	0
0	3
0	3
0	0
226	337
13	346
75	9
0	11
0	16
0	6
0	0
0	6
32	6
0	2
0	0
0	5
0	2
0	1
0	1
0	0
228	6
9	2
1	6
7	0
2	275
0	16
3	4
0	99
1	2
3	100
38	184
18	64
4	291
0	96
0	79
12	33
0	0
17	0
0	0
48	1
0	0
0	0
0	1
125	23
6	4
0	23
0	23
12	1
0	0
0	20
100	148
0	64
0	63
0	0
1	1
7	0
40	0
0	18
2	99
0	98
0	1
0	17
264	25
37	25
3	11
207	9
4	0
24	18
0	18
0	18
0	18
0	18
0	5
0	3
0	2
0	2
0	2
4	1
0	18
33	0
0	1
0	3
0	3
0	1
0	1
1	0
0	197
0	211
1	211
0	197
0	197
0	197
0	197
1	0
4	7
1	59
1	6
2	0
0	111
0	111
661	38
0	14
0	14
0	14
1	14
3	32
0	81
0	10
0	18
67	0
2	21
1	5
0	0
3	0
10	20
0	10
2	4
0	4
0	15
0	0
0	6
0	33
0	3
1	31
1	44
0	26
15	0
28	7
15	0
15	8
33	225
0	144
22	0
126	0
9	20
3	4
0	10
0	10
0	0
0	0
0	0
0	4
40	32
20	218
39	18
2	17
14	0
0	4
0	1
0	34
0	34
0	113
0	35
1088	125
1	117
2	30
6	8
9	23
0	11
0	23
0	32
0	32
0	12
120	318
4	0
25	318
0	13
0	26
0	172
13	1305
0	248
0	1
0	1
0	0
0	2
0	0
5	1268
4	2
0	4
0	40
0	6
2	0
3	0
0	40
1	36
4	0
0	1
1	1
7	1
0	0
0	51
9	54
0	134
47	134
76	23
0	14
1	8
193	11
251	17
2	7
0	0
0	2
1	4
0	2
0	10
39	0
17	0
0	0
0	0
22	0
1	6
0	6
0	0
0	0
0	2
0	2
0	2
0	0
78	77
1	43
8	1
0	75
3	0
15	0
0	34
0	24
0	24
2	0
3	1
0	18
16	9
0	6
0	0
0	5
0	8
30	24
0	0
0	34
2	8
1	3
4	7
0	2
0	0
1	7
34	5
0	5
247	12
13	184
0	4
2	2
70	73
152	172
0	0
205	9
0	9
17	3
0	0
0	0
0	0
1	0
23	16
0	8
0	15
22	2
0	8
41	16
0	2
10	0
0	0
111	2
2	2
0	161
0	161
0	60
5	48
0	11
0	6
0	4
0	2
4	2
15	0
6	451
6	454
28	454
16	116
206	116
13	0
10	2
0	5
61	0
2	5
0	1
0	1
1	0
0	0
1	0
21	4
2	0
0	4
2	8
0	8
0	33
2	9
0	0
0	0
1	0
0	26
9	33
354	5
4	5
13	0
1	0
1	1
0	1
0	0
0	0
0	1
0	0
0	1
0	0
0	0
0	0
0	0
0	0
0	1
0	1
3	1
0	0
0	1
0	0
0	0
0	0
0	0
0	0
0	0
0	0
0	0
0	0
0	0
2	0
259	22
0	5
0	2
0	19
2	0
0	0
47	56
55	55
0	48
0	48
307	49
0	6
0	0
0	43
5	3
0	25
4	2
0	2
68	16
0	16
72	7
3	3
11	23
0	4
0	4
7	0
0	0
0	0
0	0
921	219
5	217
0	219
0	224
24	217
0	13
15	40
0	0
0	0
17	24
0	0
0	0
0	0
0	0
5	39
0	8
2	2
0	29
0	36
19	27
1	1
0	1
9	27
1	37
95	36
0	18
28	24
0	14
13	6
0	6
0	0
12	0
0	39
1	4
64	6
19	43
109	18
37	12
74	37
0	9
0	4
0	9
0	0
0	0
27	63
27	46
0	17
6	9
0	9
7	4
0	4
5	5
0	5
0	21
2	21
0	3
0	0
0	1
6	1
129	74
32	72
1	7
5	5
0	9
0	7
1	1
0	1
2	30
0	3
5	27
0	4
0	4
41	83
265	95
0	16
0	0
8	0
4	1
0	0
4	0
0	1
0	1
0	1
0	1
1	0
4	1
0	5
0	37
0	101
0	34
9	67
1240	361
0	361
13	3
2	13
0	13
0	35
0	35
406	59
10	55
0	18
0	186
2	186
0	0
11	16
5	0
0	8
0	8
100	0
0	0
4	9
0	9
0	8
6	9
0	0
0	9
23	0
1	294
0	294
0	262
0	262
47	288
13	1
0	15
0	15
24	8
0	8
5	3
0	11
0	11
0	11
0	1
197	13
0	6
0	10
0	5
0	8
0	3
0	1
0	1
0	3
0	1
0	1
0	0
0	0
0	12
60	31
0	0
0	5
241	130
0	23
0	107
0	9
6	26
0	25
1	1
13	19
0	9
0	488
16	250
0	7
0	85
2	8
11	486
3	246
3	249
0	241
11	91
6	74
288	318
0	318
0	5
0	17
0	0
0	0
0	88
73	0
0	0
3	0
0	0
1	0
22	2
0	0
0	0
1	0
10	2
0	0
0	0
660	523
0	382
0	280
0	264
791	594
12	462
0	703
0	594
0	0
3	2
17	1
0	261
0	0
121	115
0	32
0	1
8	0
0	5
218	5
0	44
0	108
783	374
3	125
35	18
2	40
5	0
11	69
1	69
0	0
8	66
0	66
0	71
258	53
85	0
3	0
0	26
32	47
72	31
0	4
0	3
0	2
0	2
1	17
0	2
7	2
0	2
29	0
0	37
2	16
0	11
0	8
0	2
6	8
9	3
0	1
52	77
11	63
0	13
114	4
0	3
3	3
6	3
6	0
12	0
86	25
1	6
309	0
0	0
5	10
0	25
8	17
0	2
51	86
9	29
0	81
0	6
1	19
2	0
0	17
0	17
0	193
0	193
0	193
5	191
8	1
1	16
0	15
0	14
0	11
0	5
0	4
0	0
0	3
0	3
0	3
7	4
0	4
0	0
0	0
12	1
0	8
10	8
0	8
0	8
0	8
0	8
0	0
0	8
0	4
218	6
4	2
4	2
9	0
4	8
29	8
0	0
0	0
0	10
11	10
0	0
1	0
0	0
0	0
1	0
305	264
0	6
0	6
0	0
0	0
3	174
0	218
180	57
0	57
0	37
0	28
0	28
0	57
0	1
8	1
0	0
0	0
0	19
1	19
136	0
0	0
76	29
0	26
3	0
50	0
3	0
4	2
0	0
13	0
0	2
8	6
0	6
48	6
5	6
0	24
0	30
45	130
0	130
0	0
0	9
1	9
10	0
0	5
0	5
0	0
0	0
0	5
0	10
2	6
0	6
13	0
0	0
0	384
0	501
0	193
0	0
0	117
0	0
8	8
12	41
19	41
0	22
23	1
0	20
0	1
0	1
2	0
0	0
185	4
3	4
62	0
77	39
0	27
1	0
3	0
0	12
249	57
11	53
41	21
5	0
0	4
161	66
59	52
2	10
0	10
0	18
0	60
1	61
0	8
2	1
0	3
3	7
3	48
2	5
0	5
0	0
0	5
0	5
0	1
1	4
1	4
1	4
47	1
78	42
0	41
0	1
0	1
3	4
0	4
17	1
0	10
0	10
0	0
28	44
1	42
0	44
15	34
6	13
1	0
514	113
0	92
2	0
0	21
0	0
9	14
0	14
0	0
0	0
0	3
52	2
0	0
0	2
1	0
0	0
1	0
148	0
23	0
7	0
0	0
60	0
10	18
12	18
0	5
0	5
8	5
0	0
0	0
0	0
0	0
0	0
16	11
0	11
0	4
0	4
0	4
0	0
59	23
0	8
0	5
0	15
0	17
0	15
7	15
3	17
58	1
0	1
1	0
1	9
2	2
19	105
0	104
10	102
0	6
1	15
0	13
0	13
0	104
382	104
2	0
0	0
0	2
0	2
237	54
10	43
0	39
0	30
38	21
1	25
0	1
0	2
0	1
6	19
0	2
0	2
0	0
0	33
0	33
0	33
0	5
0	5
5	63
64	57
0	0
0	4
0	4
1	4
0	12
0	18
1	11
6	18
1	0
0	0
5	1
16	0
20	0
0	0
0	9
154	269
0	268
0	0
5	171
1	0
0	0
0	0
0	11
0	6
0	6
0	1
0	0
134	8
6	8
0	8
5	35
347	34
0	20
2	4
0	3
0	30
0	3
0	1
0	0
0	2
0	9
8	7
0	9
0	9
0	6
29	24
0	10
32	1
1	4
0	4
5	0
22	10
0	2
0	6
0	6
39	0
247	4
5	11
2	11
0	11
2	7
4	0
99	22
0	6
0	7
0	21
0	2
0	1
22	1
1	0
13	1
0	11
48	16
299	0
9	2
1	1
1	1
0	1
168	20
0	0
14	36
0	0
0	0
0	0
1	8
0	4
2	11
4	0
0	0
0	0
0	0
49	6
0	6
0	0
0	0
0	0
3	0
31	7
0	7
0	7
16	3
5	0
19	129
2	138
0	0
0	0
16	68
2	0
1	49
11	0
5	3
0	3
0	56
0	64
0	18
34	110
0	107
658	65
0	33
11	26
0	16
1260	36
0	26
0	29
8	1
0	0
2	2
0	2
0	2
4	0
37	21
0	21
0	6
5	6
0	0
131	8
0	2
2	2
15	48
0	49
0	25
51	1
0	2
0	2
0	2
1	0
0	0
0	0
0	327
524	327
0	119
5	1
7	8
0	18
12	103
0	38
7	87
3	38
14	3
0	1
0	0
16	2
0	3
0	13
0	2
0	0
0	0
6	3
0	13
5	2
0	2
14	24
0	24
24	14
0	24
0	8
32	24
0	2
35	2
10	2
43	2
1	13
3	0
0	0
0	1
0	1
0	0
7	32
17	22
3	22
1	23
3	11
3	11
0	0
0	0
1	1
0	1
15	1
101	20
5	15
0	6
0	6
0	1
6	7
96	97
0	91
0	17
12	5
9	0
0	5
0	97
6	3
15	3
0	1
14	6
0	5
4	8
22	10
2	6
0	58
12	30
14	43
0	30
0	41
6	0
7	0
0	0
0	82
2	11
0	7
0	7
0	6
2	3
28	3
0	3
0	2
0	2
0	2
275	2
0	0
330	28
4	3
3	1
0	1
31	11
0	11
34	6
69	0
28	33
0	31
31	27
0	1
0	4
0	22
1	13
0	14
3	12
0	50
1	50
6	2
0	0
0	0
0	2
0	0
3	0
0	0
0	0
40	1
0	1
4	0
0	0
0	0
0	0
0	0
0	4
0	0
0	1
0	4
39	72
0	1
0	72
0	4
47	0
16	0
0	0
1	0
14	0
0	0
88	0
3	37
0	6
0	37
0	1
12	1
1	29
2	11
75	11
1	5
0	5
0	1
0	1
0	0
0	0
2	0
8	3
0	3
0	7
0	3
1	7
0	6
0	6
7	17
0	20
0	5
0	20
0	20
3	17
0	20
5	948
0	256
0	45
0	35
0	0
0	2
0	3
0	0
0	3
1	0
0	948
0	948
0	948
20	117
0	28
0	22
1	110
0	7
2	0
0	35
380	40
0	0
2	0
0	25
13	25
0	31
35	10
0	6
2	5
0	3
0	10
0	12
1	0
7	3
0	25
0	25
0	6
2	0
0	0
0	0
0	73
0	55
9	54
0	6
0	0
25	9
71	8
0	0
0	0
9	7
53	18
0	5
3	7
0	7
0	7
0	9
0	4
0	1
0	1
0	0
0	1
0	1
1	9
4	6
1	33
0	6
86	27
9	93
672	95
36	81
0	53
0	0
9	11
0	1
0	0
45	13
10	42
7	93
0	1
0	1
2	0
0	1
0	0
10	60
0	57
0	39
0	0
0	8
0	8
0	19
0	8
0	14
0	11
0	0
0	19
59	351
12	313
0	313
14	68
0	0
0	0
29	1
0	1
0	0
0	38
3	0
0	19
0	8
1	19
0	1
0	1
0	20
0	7
23	17
0	4
80	36
0	16
0	15
0	2
0	4
0	4
0	2
0	1
0	2
184	4
35	668
0	4
17	0
2	0
15	0
1	0
0	664
0	7
0	30
0	30
0	5
9	4
3	4
7	4
1	4
0	3
0	14
0	18
0	10
0	8
0	7
0	3
0	2
156	44
42	62
60	116
0	1
0	25
0	7
0	7
0	7
3	0
154	7
17	17
6	1
3	1
0	1
7	62
32	62
0	0
0	9
0	19
0	107
77	19
2	0
6	4
6	103
0	19
0	0
0	1
0	2
6	2
195	127
0	2
11	0
0	0
0	1
15	11
0	0
3	0
0	0
254	33
0	33
183	127
0	29
0	97
209	29
0	1
0	0
0	1
348	125
0	8
0	8
11	134
11	153
0	76
0	0
14	24
0	24
0	2
94	1
37	21
0	2
1	0
0	45
0	116
0	31
0	11
0	16
0	10
0	5
0	3
0	5
0	0
2	1
0	5
0	136
127	12
0	10
5	10
0	1
0	5
2	0
0	0
0	6
0	6
1	0
9	36
28	41
0	46
0	19
32	18
7	18
0	0
21	114
0	114
4	61
0	15
0	1
3	6
0	8
0	0
0	0
0	0
0	0
5	0
4	0
3	22
0	33
0	47
2924	630
0	34
0	46
0	32
0	25
5	13
27	27
3	13
0	3
0	1
0	0
0	0
16	13
3	13
0	34
26	16
104	288
1	0
0	0
0	0
0	15
0	6
0	29
127	55
0	224
1	46
0	0
0	3
0	6
0	6
0	19
10	7
2	1
3	0
349	0
103	6
0	6
9	3
1	5
4	4
213	7
0	2
15	3
11	0
1	0
2	0
0	0
4	19
9	36
7	0
8	92
50	59
0	57
0	21
5	0
10	36
3	31
46	36
9	36
0	0
31	0
0	0
0	0
3	0
359	14
0	1
44	30
16	13
75	8
0	8
0	0
0	0
5	4
57	33
0	30
0	28
2	0
0	10
0	15
1	0
0	10
35	0
0	0
1	1
1	0
0	0
146	1
0	2
0	1
4	2
2	0
0	0
218	200
0	203
18	129
0	124
0	97
0	97
0	91
7	0
0	3
0	1
0	1
1	1
0	1
0	0
17	2
0	7
0	5
0	7
0	7
0	5
0	357
0	534
0	6
0	36
0	9
0	9
18	4
0	4
256	84
37	84
0	50
0	49
0	34
25	129
0	126
0	121
0	0
12	0
20	3
1	9
0	9
4	3
23	12
0	12
0	1
0	3
0	7
0	7
0	0
0	7
0	7
0	0
3	0
5	0
0	7
0	7
12	141
27	141
5	0
0	2
0	2
983	199
7	55
0	7
0	144
55	61
0	30
27	8
0	1
0	1
6	1
0	1
1	0
0	0
0	54
0	5
22	2
0	2
0	1
0	2
0	2
2	1
6	2
0	2
10	47
0	6
2	2
75	153
26	155
3	108
0	132
9	2
0	2
0	20
0	20
0	2
0	1
6	0
0	0
0	0
0	0
0	0
0	20
0	21
0	21
0	21
0	21
0	21
0	6
49	41
233	41
0	8
4	2
0	131
0	123
0	26
0	39
0	1
2	0
0	0
0	8
0	0
26	8
0	131
2	37
20	37
0	15
27	37
0	4
0	4
1	2
0	0
0	15
0	1
96	0
0	0
0	5
0	3
1	7
0	7
0	5
0	0
0	0
9	0
13	0
121	17
0	13
0	0
3	1
0	2
35	267
0	192
0	166
5	176
8	221
0	119
43	34
0	0
0	2
0	0
0	10
0	7
38	42
0	6
5	2
0	0
0	27
0	17
3	0
0	27
0	11
0	37
0	37
0	37
0	12
0	0
4	26
0	1
219	0
134	0
0	0
0	5
0	4
0	5
0	0
0	0
0	0
3	0
0	0
0	0
1	1
0	0
12	1
80	103
0	77
28	73
0	0
10	30
8	157
191	17
0	159
32	30
5	0
0	8
5	23
7	0
0	12
4	12
0	0
0	0
23	45
0	0
1	36
0	4
20	4
0	36
23	0
264	11
39	45
3	0
0	0
0	0
5	10
0	10
48	0
151	0
0	6
0	4
1	1
13	3
25	13
0	9
0	3
0	29
0	202
0	5
0	19
0	76
1	54
0	36
0	76
0	202
0	5
0	5
0	2
13	0
19	5
0	2
0	0
0	2
0	2
0	15
17	67
0	0
7	48
0	8
0	0
13	26
7	3
0	3
43	21
0	0
0	21
1	0
0	14
6	14
0	2
1	1
0	0
7	7
89	7
0	0
5	6
0	8
0	2
0	5
0	13
7	8
65	213
0	205
54	205
203	160
13	157
1	0
0	0
5	0
0	8
10	2
0	2
2	0
1	0
11	0
1	0
45	0
1	0
0	0
8	0
0	21
548	84
0	10
0	0
0	0
10	1
12	1
12	23
12	47
14	0
66	2
33	0
106	0
33	3
1	0
0	55
0	55
0	33
0	7
3	7
0	3
0	0
0	0
0	0
83	61
0	59
89	3
0	3
53	2
0	2
9	1
0	0
0	33
3	8
1	0
2	0
0	50
0	61
20	61
0	42
11	0
0	24
1	60
51	17
2	28
0	28
245	34
0	24
3	0
0	9
0	0
0	3
0	3
0	0
0	1
0	32
0	32
0	24
0	32
0	32
0	12
390	13
0	5
7	0
3	0
2	8
638	3
0	6
5	7
0	7
28	15
0	10
0	3
5	3
29	0
565	29
0	0
244	47
1	25
0	28
0	28
0	10
0	10
0	9
2	37
0	43
0	28
0	4
0	1
0	0
0	4
0	4
0	4
0	4
0	1
0	0
0	0
0	0
0	8
0	7
0	8
0	5
0	7
12	7
0	7
0	0
3	0
52	42
0	0
0	42
0	8
0	0
0	2
0	16
0	0
0	10
0	10
20	2
1	0
0	5
0	2
2	5
258	14
0	14
0	0
9	21
0	16
0	15
0	5
22	35
11	30
0	33
0	29
0	29
0	8
0	8
0	0
0	0
0	6
0	6
0	2
0	2
0	0
0	1
0	1
2	8
0	0
3	1
5	0
0	1
0	2
0	2
65	4
0	4
7	0
105	82
537	71
13	53
0	30
0	18
0	18
0	5
0	0
0	0
0	1
0	1
0	2
0	2
4	1
1	0
0	2
1	5
0	5
0	4
0	0
0	0
0	42
7	247
0	247
0	3
0	3
11	6
0	6
0	6
0	6
0	2
0	70
14	75
0	60
0	34
0	31
10	19
0	2
0	2
0	8
7	4
33	0
259	3
57	3
0	2
0	0
6	0
0	1
6	5
12	5
0	5
6	4
0	0
0	4
0	4
0	5
1	5
31	5
9	27
0	36
5	2
0	28
2	4
0	24
0	1
0	0
16	0
1	14
0	36
0	3
0	3
0	3
75	4
0	2
75	32
0	27
0	7
63	8
0	8
1	0
10	0
18	2
0	11
0	11
2	12
0	0
0	38
0	9
0	0
0	6
1	29
57	6
0	8
1	0
1	23
14	0
3	0
0	1
30	0
0	1
0	26
0	26
9	40
0	29
0	30
0	0
559	4
3	4
6	5
0	0
0	0
0	0
0	0
2	0
6	0
4	3
5	3
5	1
1	1
5	1
0	2
0	2
21	72
0	72
0	34
0	0
0	5
13	9
1	5
0	0
0	21
2	21
0	1
0	1
0	0
0	0
0	0
8	41
0	14
0	27
126	379
0	282
156	400
0	51
0	16
0	217
40	244
0	377
1	20
0	4
0	2
0	0
0	0
0	0
2	13
0	3
0	3
0	13
0	13
0	1
1	1
12	2
1	15
0	12
0	14
23	11
0	15
0	45
2	43
5	4
0	9
0	19
631	367
1	2
0	5
14	5
1168	360
0	0
13	4
0	0
317	3
0	27
0	27
0	27
0	25
0	19
0	19
0	27
0	0
0	6
0	1
0	2
0	0
356	64
125	59
34	38
17	64
17	82
0	88
4	2
1	1
0	3
0	1
0	0
26	2
4	0
40	94
0	81
0	4
94	4
0	29
2	0
0	1
37	16
8	0
4	10
6	14
26	22
4	22
0	12
0	0
14	0
0	0
0	1
0	1
18	1
0	1
0	1
0	0
0	0
0	1
0	14
0	14
53	49
0	12
211	34
0	34
0	24
0	7
29	3
1	4
293	0
20	0
4	0
0	0
2	0
0	4
0	1
54	85
0	32
0	17
0	17
9	70
3	9
0	22
0	6
0	0
0	0
0	402
69	440
0	273
0	255
0	0
0	25
0	25
0	51
2	51
0	32
1	6
0	0
7	0
0	197
0	183
10	23
0	5
8	0
6	0
13	36
0	10
29	66
0	29
1	10
0	23
0	46
391	37
77	9
6	0
35	454
0	26
4	448
0	5
102	30
36	28
9	7
17	1
0	4
0	4
0	0
6	1
0	10
39	10
0	1
22	13
0	3
36	14
5	23
0	30
0	5
20	2
1	0
6	0
2	0
0	6
0	3
19	4
0	11
0	11
0	11
0	8
0	15
11	1
3	15
0	1
212	25
0	22
0	25
1050	28
0	18
1	27
0	11
0	9
6	32
3	33
15	43
0	13
0	13
18	42
2	42
0	37
0	34
0	11
0	11
0	5
0	5
0	16
0	98
12	135
66	3
1	3
22	147
9	9
0	9
0	9
0	1
5	7
0	7
3	0
0	0
84	76
11	5
4	0
0	0
0	1
28	4
0	71
571	116
23	18
0	18
7	0
23	0
3	0
11	0
0	20
0	39
4	2
0	0
8	4
0	0
0	0
0	0
4	19
26	21
3	27
3	2
39	3
111	0
1	0
14	3
2	2
1	0
0	0
0	76
0	75
0	61
0	62
0	24
410	24
10	0
0	24
0	2
2	297
0	297
0	297
15	356
0	21
3	0
0	376
7	24
0	16
1	17
2	6
1	1
173	211
9	195
0	59
0	70
3	58
17	20
3	0
33	0
62	19
0	4
0	19
0	0
0	0
0	0
0	0
1	0
106	78
0	75
2	77
17	16
0	10
0	0
3	0
18	0
0	19
1	19
0	13
0	3
0	0
0	3
1	1
0	13
14	18
3	18
0	8
5	18
0	159
0	6
26	141
0	0
27	0
47	23
0	23
0	13
0	5
0	5
0	5
0	5
0	5
0	5
0	117
291	109
0	34
0	10
0	10
32	6
0	1
0	7
1	0
1	0
21	0
0	18
0	8
3	7
145	58
1	112
0	24
3	24
48	23
18	0
0	0
2	0
28	2
0	93
0	98
4	66
0	10
0	0
0	0
0	0
20	15
9	15
0	15
3	16
3	10
0	7
0	7
0	7
0	7
0	0
29	1
0	1
0	0
1	1
0	151
65	151
42	10
0	10
0	7
0	7
0	15
0	15
0	18
0	18
0	0
0	0
0	0
0	12
0	12
0	11
0	11
0	18
0	18
0	2
0	1
3	2
22	2
0	1
4	2
0	2
0	20
0	18
0	20
0	18
12	0
0	0
0	0
0	0
0	0
0	0
1	0
2	0
0	0
0	0
0	2
3	0
26	20
86	0
0	0
85	57
9	59
0	41
0	40
0	36
0	33
0	4
0	4
0	4
0	6
0	5
0	1
0	6
0	13
0	4
0	1
0	12
47	2
0	0
0	3
74	8
35	8
0	3
21	62
0	62
0	0
0	0
0	0
0	21
31	21
0	6
0	6
10	6
0	1
0	2
0	2
3	0
0	0
79	33
294	42
15	378
0	3
0	41
0	5
0	1
0	16
0	1
13	10
2	0
0	6
0	16
8	25
0	234
0	234
4	9
0	5
0	0
2	0
14	67
0	2
16	12
36	124
18	43
0	30
0	0
0	14
12	28
41	123
0	123
0	3
0	5
0	4
0	3
2	0
1	0
0	10
0	2
12	2
0	0
0	0
0	0
0	10
0	38
0	59
0	38
0	0
0	59
0	26
0	26
0	0
0	1
0	0
0	0
61	9
0	0
7	0
0	3
2	268
0	105
6	0
0	0
0	0
6	0
0	45
0	0
0	3
0	102
3	219
4	256
0	7
51	6
0	2
0	3
1	0
0	3
2	3
0	3
0	3
179	9
0	7
1	6
1	7
10	0
4	0
53	0
20	7
0	7
5	7
0	6
2	0
0	0
1	10
0	10
1	3
2	0
0	0
52	10
31	10
0	1
0	1
0	1
2	0
201	0
9	0
0	0
0	8
9	4
7	111
0	4
0	4
9	1
0	0
0	2
0	0
0	2
5	1
1	4
0	0
14	4
1	0
40	39
0	39
1	0
26	0
4	3
122	22
0	53
1	2
10	51
0	51
229	0
13	44
1	34
25	21
167	1
448	58
29	7
0	31
0	31
9	2
0	0
12	0
2067	16
2	9
38	0
2	7
20	446
1224	448
62	13
0	11
27	0
0	15
1	18
0	8
3	43
2	54
0	53
0	16
0	0
0	0
27	70
95	32
1	0
32	2
0	2
2	24
0	17
3	0
0	0
0	16
0	16
16	0
1	0
0	0
0	24
0	23
0	22
0	24
20	0
0	121
7	614
0	579
0	402
0	346
5	278
30	87
0	19
8	0
0	1
1	1
2	1
9	0
1	0
0	0
2	67
0	1
32	20
2	1
0	0
0	0
10	0
0	13
15	18
0	2
7	54
0	2
8	7
44	2
1	3
0	20
0	20
11	19
0	40
0	0
2	2
0	0
25	0
0	0
5	0
0	0
0	0
14	48
9	14
0	19
0	5
0	23
0	0
5	0
0	0
0	33
0	16
5	6
0	56
0	3
0	0
0	6
0	8
0	6
0	6
0	6
2	1
0	51
15	1
0	5
0	5
0	5
186	96
9	94
197	27
9	139
0	121
4	138
0	111
0	12
0	13
17	8
0	13
0	10
0	10
0	11
0	11
0	139
0	140
0	118
17	63
0	60
0	1
26	1
2	3
0	2
0	7
0	0
15	50
54	51
0	25
226	33
0	9
0	9
2	0
16	24
2	67
0	0
0	67
0	1
0	1
0	1
0	37
0	1
0	22
1	61
14	61
0	10
0	0
50	0
56	232
6	0
0	99
73	117
0	1
0	1
16	699
0	0
0	18
10	186
0	18
0	23
166	677
170	0
20	9
0	4
0	0
1	1
80	5
34	2
0	2
26	240
0	254
445	1
110	0
2	0
9	129
5	21
0	7
0	79
10	0
0	0
0	5
6	6
0	1
0	0
41	167
4	13
81	3
6	12
185	47
4	47
1	0
0	11
645	11
22	1
10	0
82	0
0	0
0	239
0	239
0	18
0	18
0	1
6	2
0	1
0	1
0	0
1	1
19	185
10	219
310	22
0	2
0	2
0	2
14	0
3	0
0	0
0	0
0	0
231	4
0	4
3	0
17	37
0	20
35	11
0	8
2	2
0	2
0	6
1	6
0	0
10	2
1	10
0	10
981	159
2	10
149	4
0	0
5	0
0	2
0	0
5	6
4	16
0	0
3	75
67	77
54	27
4	38
60	14
0	5
0	3
0	3
49	566
15	24
0	420
0	414
0	521
0	14
5	6
183	336
0	639
12	598
24	41
11	2
0	41
0	30
0	30
0	30
0	30
58	17
79	27
0	18
0	0
31	5
0	0
0	1
27	283
0	282
0	117
8	43
0	0
0	0
0	1
0	0
3	0
0	1
0	1
11	2
5	0
1	0
3	2
2	0
0	3
0	3
0	3
0	3
0	0
0	0
0	0
1	0
0	1
43	27
0	25
0	9
3	0
0	14
0	13
0	14
1	13
2	0
32	0
76	82
262	351
95	0
24	290
0	4
5	15
6	12
137	275
11	335
24	81
18	0
36	368
0	369
2	156
0	1
9	0
0	1
0	4
15	4
1	288
0	0
2	6
0	1
0	1
0	5
0	0
0	1
36	5
7	5
0	2
0	1
0	5
0	5
49	118
0	159
81	159
36	72
0	20
475	42
0	6
6	36
16	21
0	0
0	11
2	62
2	81
2	81
0	56
0	51
0	8
122	0
0	7
0	1
43	2
0	2
19	0
0	0
2	0
0	0
0	2
1	0
4	0
10	0
2	0
9	7
66	2
0	0
1	1
3	6
0	30
0	10
0	3
1	4
0	4
0	24
22	0
1	6
8	54
0	35
0	146
0	48
0	45
0	0
133	19
4	19
0	3
4	0
47	17
45	19
0	68
0	68
0	5
11	1
68	1
15	0
19	0
0	0
2	3
1	1
0	3
0	1
0	17
0	22
0	15
1	13
0	1
0	0
0	0
0	0
0	0
0	5
6	0
0	1
0	2
4	34
0	34
0	34
1	24
2	0
0	9
2	0
13	0
0	0
0	2
5	0
139	37
1	26
0	16
10	13
43	13
0	12
0	13
0	13
0	13
0	13
0	13
0	13
0	13
0	13
0	12
0	12
0	1
0	1
0	1
10	0
51	0
53	29
0	26
49	24
0	5
0	7
2	0
0	3
0	0
1	1
0	0
0	0
0	0
0	0
0	0
19	6
0	4
0	2
5	0
19	28
7	22
0	25
0	2
0	3
1	0
0	2
60	6
1	6
0	93
18	172
0	0
0	2
0	2
14	0
0	0
0	116
9	11
6	0
0	157
3	6
0	6
6	85
22	23
0	17
0	0
2	0
0	23
2	3
0	1
0	2
1	1
50	0
40	112
0	68
68	68
3	1
24	7
0	10
40	64
0	15
13	52
3	0
0	49
0	16
229	67
6	51
3	0
49	35
4	29
0	0
51	22
0	0
7	0
0	5
110	0
97	77
0	31
1	0
0	55
0	39
2	5
106	286
0	0
1	0
0	272
0	159
12	4
3	4
5	0
1	0
18	53
1	0
49	1
0	1
1	0
2	0
0	0
0	0
11	127
0	127
0	0
1	7
0	1
0	3
214	1380
0	1380
18	0
0	0
0	0
0	0
1	26
0	26
0	8
0	8
0	11
2	0
1	0
1	5
0	1
0	0
4	0
0	8
0	6
0	8
298	0
0	15
0	18
4	19
0	19
0	4
1	69
0	13
0	41
0	11
0	1
38	4
0	59
0	3
0	1
3	1
0	0
0	12
0	13
11	8
14	0
19	80
0	129
0	51
0	78
0	33
0	11
24	12
19	6
2	40
43	0
0	52
0	0
0	9
0	9
0	9
4	1
0	1
51	3
8	3
1	0
0	0
0	0
0	0
0	0
3	0
0	0
2	0
8	1
1	29
0	21
0	22
0	31
4	0
0	7
0	0
0	1
163	0
0	5
3	7
0	4
31	60
0	9
10	15
0	9
0	15
0	4
0	29
0	0
0	6
64	0
3	7
0	7
72	3
4	0
0	0
2	0
1	0
8	127
63	105
0	17
12	30
28	8
1	0
2	73
0	15
0	16
0	0
0	6
0	4
0	25
0	1
0	18
2	17
0	73
0	6
0	16
0	16
0	0
0	16
5	2
8	0
0	6
0	2
9	6
0	1
5	0
0	2
0	2
117	29
0	45
6	8
1	23
2	37
38	0
33	230
0	226
523	77
0	0
0	0
0	0
0	6
0	0
0	0
0	0
0	6
0	8
0	8
14	9
3	14
0	6
0	6
1	6
0	0
24	16
0	16
32	38
0	7
0	1
0	0
2	0
0	0
98	190
0	4
0	75
0	163
15	72
37	165
42	85
34	9
5	6
21	7
0	9
0	7
0	9
5	4
1	0
0	0
11	0
5	143
1	147
0	123
3	3
0	0
0	1
2	1
0	147
10	35
0	10
0	10
0	31
1	0
29	25
6	29
0	41
0	35
88	35
448	19
13	23
0	0
7	47
0	47
0	0
0	0
2	23
2	0
0	7
30	0
4	8
6	34
1	0
0	5
0	1
0	5
1	1
2	0
0	1
0	0
0	3
0	1
8	3
0	12
11	14
0	12
12	14
0	12
0	12
0	6
7	0
2	0
0	23
0	23
0	2
0	0
40	80
2	43
0	66
20	66
0	66
4	60
2	60
61	62
33	60
9	32
0	28
0	8
0	6
13	12
0	7
0	9
0	7
0	2
0	5
0	5
3	8
18	6
0	10
0	5
0	1
3	28
2	29
3	0
0	17
111	148
1	0
25	103
0	10
0	127
5	2
0	18
2	15
2	22
0	0
1	0
0	36
4	27
4	10
1	0
0	0
25	18
14	11
0	7
8	0
29	7
2	7
1	0
5	0
46	24
1	3
0	2
0	1
24	0
19	25
8	2
0	2
0	3
9	22
0	141
0	205
0	368
0	368
0	385
11	38
0	0
0	182
0	0
0	319
0	354
0	385
275	0
130	108
0	108
0	90
1	77
2	13
0	33
0	12
1	12
4	0
19	0
0	7
430	51
2	51
8	55
71	55
72	115
25	52
0	70
0	0
31	172
4	0
3	0
3	34
1	26
0	115
0	26
0	6
1	1
0	63
47	63
21	4
0	26
0	3
10	3
2	34
38	16
0	0
0	0
10	16
1	44
0	28
464	0
0	0
2	41
0	54
0	54
0	28
60	9
14	4
0	5
106	54
0	5
2	0
0	0
14	46
5	2
0	2
0	0
0	0
0	2
0	3
6	3
0	3
32	3
0	2
0	0
0	0
0	76
0	1
0	1
0	2
0	2
0	0
16	7
0	7
0	258
0	23
43	258
10	150
3	85
0	109
355	216
0	0
0	1
0	55
0	113
574	199
0	154
0	49
4	0
107	51
0	5
12	33
0	16
29	18
0	1
4	1
0	4
15	25
42	25
0	22
0	22
4	19
109	0
0	56
0	141
0	87
0	70
0	53
0	95
0	4
0	5
0	0
0	0
0	0
0	51
11	1
0	31
0	141
9	3
0	0
0	0
30	3
0	3
0	1
3	0
0	1
0	0
1	0
0	1
1	1
0	2
0	2
23	2
0	48
0	62
19	64
0	72
3	42
3	18
29	7
219	4
0	15
0	0
11	14
11	14
7	4
9	7
0	3
0	4
0	3
0	3
0	2
0	2
0	1
2	0
97	6
0	0
17	0
5	0
15	46
1	46
0	5
10	7
12	1
4	18
4	13
3	13
0	1
0	3
1	1
14	6
0	2
1	0
16	101
0	101
0	2
0	37
0	0
271	32
6	2
0	2
0	2
0	8
0	8
0	27
8	27
0	0
0	0
0	0
0	6
0	6
0	196
136	196
5	75
17	114
0	0
0	113
0	62
1	279
0	279
0	115
45	12
0	0
0	0
0	0
0	12
1	12
6	73
145	0
0	0
396	39
0	0
36	3
5	5
0	4
0	21
0	0
0	4
0	2
0	2
0	3
67	20
0	3
149	114
0	49
6	0
0	0
44	0
3	0
0	0
0	0
0	2
0	0
0	2
9	0
0	0
15	0
0	24
0	24
6	13
0	15
1	0
5	0
90	0
0	0
0	0
1	29
0	7
0	11
35	178
50	9
0	5
0	5
48	0
43	11
10	0
6	0
3	0
0	6
417	173
21	1
2	0
0	0
0	0
11	10
0	10
0	5
1	0
0	4
0	4
10	16
0	0
0	0
0	0
3	1
0	0
0	1
4	1
1	16
0	7
1	0
0	7
2	18
0	9
89	16
1	16
0	5
2	0
49	2
0	0
35	0
2	0
0	2
300	610
59	529
0	553
8	1
0	3
33	56
0	53
3	55
0	45
0	1
0	2
3	0
11	7
0	7
39	75
34	89
0	74
0	2
0	22
84	61
0	68
25	20
11	65
0	37
0	37
58	47
6	63
14	58
10	63
12	60
0	28
0	33
0	33
0	0
9	0
0	0
6	0
84	6
0	4
0	1
12	0
0	1
0	0
24	147
6	84
0	115
2	7
0	2
0	144
55	4
2	7
0	3
0	0
7	4
0	0
1	0
0	0
0	3
3	4
0	1
1	1
0	0
73	654
0	3
6	652
0	1
0	1
13	9
0	0
0	0
0	1
0	1
0	1
2	0
0	0
0	1
4	2
0	0
0	0
5	0
1	2
0	0
0	0
0	468
2	0
0	5
0	7
0	55
0	0
12	119
59	197
1	84
27	14
0	5
0	3
3	84
3	2
0	0
0	0
0	8
0	3
0	0
0	0
0	0
0	0
0	0
3	0
0	0
0	8
0	0
2	16
212	16
2	7
11	1
9	0
18	0
49	0
0	36
52	60
28	63
2	41
0	1
0	36
0	5
15	1
22	37
40	33
1	7
0	7
0	7
0	7
0	7
0	7
0	6
41	0
8	0
5	0
0	0
0	0
0	0
0	26
0	37
2	14
0	14
47	77
3	0
0	19
0	18
0	14
0	0
0	15
2	37
45	0
0	11
0	1
2	11
0	18
0	18
0	3
0	17
0	1
0	1
4	15
0	1
0	1
6	0
216	32
0	32
1	0
0	0
67	294
1	294
0	14
0	54
261	108
5	176
239	29
0	68
0	42
0	44
0	30
207	176
0	30
0	2
9	0
0	30
13	83
17	83
180	133
5	7
0	143
0	32
22	3
75	0
0	0
93	11
0	3
7	15
3	14
0	12
0	13
2	0
0	410
9	410
0	410
0	410
0	410
16	0
0	0
0	1
0	0
0	2
0	2
0	2
0	0
0	0
706	505
22	99
0	179
14	99
6	0
16	1
0	18
17	96
3	0
0	0
40	4
0	0
0	0
0	0
0	2
0	0
10	2
0	2
0	17
0	13
0	0
0	0
2	1
0	0
3	17
0	1
0	1
601	1
0	0
2	7
0	3
2	13
11	4
0	9
0	4
0	4
0	0
0	0
0	0
0	0
34	4
124	38
1	38
18	75
0	18
8	57
2	51
0	62
0	24
9	24
0	0
31	209
33	321
0	722
46	897
3	13
0	6
219	22
11	22
29	0
0	0
5	0
0	0
1	0
24	126
0	5
0	126
0	6
26	0
0	11
0	4
38	41
13	41
0	4
2	0
0	1
4	39
9	25
7	18
0	25
25	1
2	1
1	0
0	83
0	1
2	1
2	13
0	13
0	83
31	0
0	0
0	13
0	19
5	20
13	22
0	32
26	4
202	43
0	5
0	43
1	0
0	0
0	2
76	49
0	61
0	32
28	98
1227	60
0	135
0	3
13	0
5	2
0	0
0	1
3	0
12	8
0	19
0	19
32	47
0	14
0	47
0	11
0	41
26	85
0	9
19	76
0	0
23	6
7	0
10	0
0	44
175	44
0	32
0	0
6	0
17	1
0	1
0	0
109	12
28	0
80	44
0	8
1	8
0	37
0	0
1	10
0	10
0	10
9	3
0	0
0	0
0	18
0	18
0	16
0	1
0	48
0	48
0	3
47	0
2	49
2	23
0	26
0	39
0	21
0	37
0	0
0	1
0	1
0	1
0	7
0	6
0	0
0	0
0	31
8	15
0	0
0	36
0	2
0	19
0	6
0	1
0	5
0	1
1	0
5	0
15	2
0	3
14	6
1	19
0	88
0	88
0	0
0	0
0	10
5	12
21	3
0	3
1	12
0	7
58	7
124	2
0	2
0	0
0	0
1	0
7	72
5	52
0	63
0	7
0	0
0	0
1	163
1	127
0	86
0	49
0	44
0	8
1	1
0	0
0	0
0	3
0	3
0	18
0	16
8	29
0	16
114	29
4	2
0	0
8	20
34	19
2	18
6	8
0	1
0	0
0	217
29	0
52	5
15	1
0	0
2	2
0	1
0	167
0	1
213	299
10	133
0	2
1	2
0	124
44	32
0	32
0	2
0	0
13	9
0	0
0	42
0	12
0	13
0	1
0	0
0	10
0	1
0	0
0	9
11	30
0	4
0	507
76	153
22	153
0	288
0	20
0	288
0	7
0	0
0	0
0	7
0	0
0	104
8	41
8	27
0	34
16	25
0	1
5	2
0	0
1	2
256	53
0	51
10	2
0	1
16	2
7	24
0	23
0	21
8	17
4	7
7	2
147	5
0	1
59	64
0	64
1	41
6	28
0	9
12	10
28	17
0	0
20	0
18	1
146	3
0	3
525	425
0	425
4	0
17	8
0	7
0	7
0	25
27	36
0	4
0	5
0	208
0	208
51	29
6	1
156	0
118	0
1	195
21	0
5	0
0	0
0	0
206	0
284	136
0	4
10	136
10	26
125	13
0	13
0	13
2	7
0	7
0	6
0	13
4	7
0	6
11	5
38	13
1	12
35	0
0	0
0	1
10	0
7	31
0	16
4	26
18	22
0	7
68	0
4	4
27	20
0	2
0	0
0	21
0	3
0	1
0	3
0	1
0	0
0	0
0	0
0	2
0	2
0	13
33	13
0	506
181	513
0	471
430	322
0	208
0	226
53	21
0	38
0	34
0	0
0	21
1	22
12	5
46	0
2	0
0	540
6	0
0	540
0	13
0	19
0	8
17	19
0	84
40	91
0	15
3	25
0	29
0	14
0	2
0	0
0	0
0	0
0	1
0	0
12	66
81	0
0	24
0	24
0	24
1	131
0	130
5	0
2	1
0	1
0	1
168	96
0	96
0	2
0	11
48	2
3	0
7	0
0	4
0	29
5	29
0	29
0	2
0	1
2	0
0	0
11	0
7	22
0	22
0	2
7	21
3	21
0	5
791	277
1185	257
175	261
22	3
74	14
30	3
0	0
1	3
0	0
0	5
8	0
0	221
0	221
0	183
1	23
0	163
5	61
37	0
31	2
0	2
0	2
0	78
13	2
109	223
0	223
4	211
0	10
4	9
0	9
0	1
61	797
0	784
81	129
0	0
161	23
2	0
1	3
0	0
0	6
0	13
0	3
1	3
0	0
0	7
0	0
0	0
57	134
0	129
1	124
0	1
52	104
0	38
1	2
0	85
376	103
1	2
0	0
6	0
0	0
0	1
0	1
0	4
4	28
0	57
0	23
120	23
300	44
1	40
357	0
0	15
1	0
14	0
4	0
0	1
0	166
36	165
228	92
0	20
26	74
0	38
0	38
1	5
0	5
18	0
2	0
4	58
0	58
35	0
0	0
0	2
0	2
0	1
0	1
0	3
8	23
0	1
9	41
0	23
5	8
6	8
17	73
892	77
0	3
1	4
2	0
0	4
0	4
4	4
0	5
0	4
0	8
24	4
57	16
16	3
3	0
0	1
282	34
0	33
0	34
0	17
0	18
0	1
2	0
0	0
0	0
575	30
123	12
0	7
0	3
0	1
0	0
4	18
332	58
0	63
0	9
0	9
0	1
7	2
28	7
0	2
10	2
0	12
18	12
0	0
14	0
18	12
46	94
3	63
0	94
2	1
0	17
42	0
0	0
0	0
0	0
2	0
273	4
0	2
7	2
4	0
0	0
0	0
0	0
0	0
0	0
0	0
0	0
0	0
194	7
2	6
0	1
9	1
3	0
0	0
85	12
0	2
0	0
0	0
1	1
0	2
0	2
0	2
0	2
7	2
0	0
0	0
0	0
13	9
5	0
0	0
3	9
18	118
0	136
0	98
14	16
0	33
0	67
0	22
0	17
0	0
0	5
0	9
0	51
0	24
0	24
47	0
50	8
0	8
0	0
0	2
0	8
0	0
0	0
1	8
0	0
7	2
1	22
3	25
0	8
7	22
0	3
0	10
0	3
0	8
1	0
4	22
0	10
0	4
0	22
0	10
133	100
0	99
0	3
9	0
0	0
0	2
1	0
0	2
0	38
90	76
18	0
5	0
0	0
74	405
0	5
0	8
0	0
0	405
110	0
57	179
17	216
0	59
30	0
100	1
0	0
0	1
5	11
0	59
0	10
0	2
2	3
0	0
0	1
0	10
176	189
0	184
0	170
6	23
31	37
0	5
1	50
0	45
0	0
1	0
2	0
372	751
0	751
2	20
0	1
0	19
6	5
0	7
45	37
40	37
0	22
0	26
0	16
0	14
0	7
12	0
0	10
9	3
0	7
0	9
0	7
0	1
2	0
2	64
1	19
0	15
0	51
0	48
0	64
0	64
0	230
0	337
0	14
0	0
0	7
368	330
0	0
0	0
0	230
24	207
0	209
3	0
15	15
3	0
0	15
19	15
11	57
0	209
55	56
18	60
5	60
3	0
0	18
18	21
1	0
0	2
0	2
0	5
0	1
0	103
1	21
0	105
11	0
0	0
4	0
203	8
0	8
0	8
0	8
0	8
0	8
65	10
0	1
22	10
0	1
2	0
6	20
0	10
0	13
0	0
55	2
46	2
0	12
0	2
0	0
0	2
5	10
150	46
0	46
4	23
1325	23
0	1
0	4
0	4
0	14
0	1
2	2
0	2
0	2
33	14
0	13
0	32
0	32
0	39
0	21
0	1
0	0
0	0
0	0
0	0
1	17
0	14
41	14
0	1
4	1
39	15
0	24
159	63
0	62
8	22
5	9
306	3
4	11
1	11
0	0
1628	1765
9	1974
0	293
0	1
0	0
3	19
0	19
5	6
0	229
0	229
17	18
0	10
3	46
11	5
2	0
0	160
0	17
0	8
2	17
4	2
0	0
0	0
0	0
0	24
5	1
48	70
16	70
0	59
41	39
0	64
0	64
0	45
0	12
3	1
0	1
0	1
0	1
0	8
9	36
0	0
0	201
0	201
2	0
0	5
0	163
6	89
1	201
385	22
23	29
96	45
200	9
12	7
1	1
0	40
0	3
0	3
2	0
3	0
7	168
0	656
0	656
4	8
0	6
0	6
67	4
0	0
1	0
0	0
0	16
10	16
0	2
12	3
0	2
0	1
0	1
0	0
0	1
19	0
0	14
0	8
6	3
0	6
0	3
0	9
0	2
0	107
1	87
357	124
12	73
1	43
0	15
0	6
0	11
0	3
0	6
26	0
0	58
0	0
2	0
1	57
0	58
4	17
19	8
8	9
5	10
0	12
194	12
0	5
0	69
0	1
0	72
394	23
7	173
1	196
0	183
0	273
7	138
7	23
0	6
15	4
2	0
8	117
108	31
0	31
0	29
1	31
8	22
0	0
5	7
0	10
0	3
0	6
7	30
0	32
0	32
0	33
72	138
0	138
1	358
68	117
0	72
672	652
0	2
0	305
0	237
0	157
0	18
1	2
24	8
0	8
24	0
0	33
0	162
0	13
74	6
0	4
0	4
0	0
2	0
0	0
0	2
0	3
0	3
0	3
0	18
0	3
0	4
11	2
2	0
19	15
3	8
0	3
8	33
152	35
0	32
1	0
0	0
26	6
0	8
0	6
2	5
2	2
0	0
0	23
0	27
0	2
0	16
0	0
0	0
0	96
9	28
0	20
0	11
0	2
0	0
1	0
0	16
0	96
18	14
0	3
25	17
0	7
0	6
0	0
1	29
0	18
0	2
0	2
0	2
0	2
0	197
0	0
0	9
1	9
0	0
0	0
0	0
18	0
0	0
94	32
5	13
0	71
0	71
0	13
191	60
27	14
0	11
24	10
0	1
5	1
0	3
71	14
63	78
0	64
0	14
8	1
14	41
0	1
0	0
0	0
6	2
1	2
0	120
399	120
0	35
12	54
9	8
0	17
184	17
0	0
0	0
0	15
0	10
0	10
134	281
0	116
82	57
0	57
0	0
0	0
11	3
0	3
17	3
0	0
0	0
0	0
0	0
5	4
9	49
0	36
0	11
0	11
24	7
0	20
0	2
0	23
9	115
0	115
55	1
0	0
0	0
155	64
0	54
16	14
0	107
0	107
1	0
1	0
7	32
0	35
0	35
0	0
0	2
0	0
0	0
0	35
48	6
0	5
0	6
1	3
0	0
140	27
154	27
0	17
0	0
7	0
5	0
0	0
12	7
5	7
0	5
0	284
97	284
0	7
220	67
0	8
0	19
0	50
0	25
0	5
0	16
5	80
15	105
0	12
0	0
66	20
0	2
6	0
0	0
0	36
0	17
29	17
0	0
0	10
0	10
0	17
300	1
0	1
0	16
65	30
0	38
0	22
0	36
0	49
15	37
6	69
27	73
0	5
0	1
0	20
0	20
54	58
0	1
0	58
24	11
191	47
46	2
0	2
142	0
34	0
20	188
22	245
0	196
0	17
56	26
0	1
0	1
0	1
0	1
0	98
0	106
0	2
2	1
0	10
16	134
0	3
0	5
0	0
0	131
0	71
40	24
320	73
0	27
0	24
102	15
34	15
11	0
0	8
8	8
1	7
17	1
0	1
0	0
9	56
0	0
2	0
0	5
0	56
0	5
0	0
9	51
21	51
0	41
0	51
0	0
0	25
21	37
0	37
42	1
0	1
112	169
16	168
21	7
0	7
1	2
2	0
16	51
0	40
0	12
1	14
2	10
2	10
0	6
36	0
10	197
0	4
0	14
0	5
0	1
0	2
32	9
0	1
0	14
0	40
0	40
0	40
0	11
0	0
0	17
34	0
0	21
0	10
39	27
0	0
1	0
0	7
0	0
0	27
0	20
0	20
19	20
0	8
148	0
44	27
0	27
2	2
10	0
0	6
0	6
5	398
27	413
0	55
0	39
0	4
0	1
0	1
88	14
0	0
0	1
0	5
40	1
2	0
8	33
0	33
0	21
0	16
0	9
0	9
0	1
2	12
7	4
0	0
0	0
0	0
0	6
0	1
0	6
0	1
31	0
6	0
20	0
27	0
1187	27
0	20
14	21
0	11
0	59
0	841
0	1
1	0
0	873
26	5
0	11
1	13
0	3
0	3
0	12
0	0
4	0
0	0
0	0
0	0
0	0
0	0
15	0
0	0
5	139
0	101
0	0
0	0
0	143
15	9
0	8
5	1
265	6
0	6
0	1
0	261
0	275
0	1
0	0
1	14
0	101
4	106
3	24
0	21
3	21
0	49
0	5
0	5
5	0
0	0
0	1
0	4
0	41
16	49
10	0
1501	28
13	1
7	22
0	23
0	23
0	0
0	1
15	27
32	31
0	4
9	6
3	0
11	0
12	6
0	0
0	0
0	0
0	6
17	2
0	1
33	6
0	0
3	1
22	1
0	0
0	0
62	49
81	49
0	25
21	105
0	105
0	80
0	75
28	45
0	28
0	0
0	1
0	0
3	6
0	0
9	60
0	0
10	76
1	0
0	0
2	51
17	51
0	0
1	0
0	16
0	16
5	9
0	9
0	6
4	95
12	94
0	3
4	3
1	0
0	0
0	0
0	0
0	0
0	0
8	0
0	1
0	1
3	7
0	1
0	0
0	0
0	1
0	0
12	0
18	0
52	5
0	5
60	108
3	63
0	108
0	5
3	0
0	0
0	0
0	0
0	1
0	1
0	8
7	6
0	7
0	5
49	0
27	1
5	1
244	7
0	35
123	111
0	1
49	47
0	110
0	117
0	146
0	146
3	4
0	4
0	6
0	6
0	4
1	2
0	42
0	136
0	136
0	113
0	46
0	113
26	0
0	111
944	362
395	357
22	0
3	12
308	50
5	50
7	0
7	9
20	8
0	5
31	3
0	3
0	2
0	1
0	0
0	0
0	0
0	9
32	41
72	9
0	1
0	0
0	0
5	0
0	0
0	1
0	1
1	0
10	0
0	32
47	67
6	66
0	9
0	9
1	0
27	0
0	0
0	0
48	2
3	2
0	1
39	0
53	12
0	12
248	36
0	0
0	0
39	0
2	0
213	103
0	0
0	15
0	24
18	62
0	23
0	55
0	35
8	2
13	2
0	6
0	4
16	15
0	15
0	2
0	16
0	52
0	9
0	47
0	0
2	0
133	0
47	4
0	31
0	121
0	104
43	34
104	63
2	61
114	61
3	0
221	20
1	9
0	6
20	0
35	0
4	0
18	0
0	208
11	4
4	0
0	4
2	0
9	2
6	0
0	2
0	7
0	0
0	7
32	324
1	324
0	13
0	13
282	11
0	2
0	0
0	2
25	2
0	55
26	53
0	24
1	24
400	204
0	41
0	183
17	211
0	6
0	0
8	0
0	0
0	7
0	1
0	166
126	0
21	0
0	35
0	35
0	37
0	55
0	6
4	22
2	16
137	30
0	55
26	38
0	38
0	17
8	14
0	14
19	40
0	40
15	19
13	19
133	42
42	42
113	150
12	43
3	0
44	107
4	158
0	46
0	39
0	48
0	10
0	0
0	8
1	8
0	132
0	6
0	132
0	13
5	7
0	7
67	128
11	127
3	15
63	8
0	10
0	10
10	15
0	10
10	0
0	0
0	1
0	10
0	62
0	77
0	77
0	0
0	0
0	1
0	0
0	0
70	3
0	3
20	25
40	25
356	17
1	1
4	2
0	1
0	13
13	8
0	0
0	1
0	0
0	6
18	1
0	0
0	2
0	2
0	0
0	0
189	480
14	420
43	480
2	68
0	3
0	2
0	66
38	79
0	2
0	0
0	64
0	53
3	11
6	69
16	7
4	0
0	0
0	0
0	2
0	2
0	0
3	0
0	1
0	0
0	2
0	2
0	2
0	2
0	0
0	2
13	2
0	7
127	92
5	87
867	36
54	33
8	0
1	33
25	0
13	37
0	12
7	0
0	0
0	0
87	63
59	61
3	1
0	32
0	2
0	32
0	1
4	44
0	41
37	46
107	26
0	29
0	28
5	0
52	128
15	128
21	28
0	28
111	682
5	682
2	337
2	103
0	0
0	15
4	15
60	0
174	0
1	0
16	61
0	0
0	37
0	56
5	0
0	0
0	0
0	0
5	233
8	27
0	0
0	1
0	0
0	0
0	0
0	9
0	0
0	0
11	41
0	15
0	0
0	11
0	12
0	11
0	12
0	11
0	7
81	2
0	0
0	1
0	1
10	2
244	0
0	0
0	0
116	16
1073	16
5	1
38	76
0	3
6	1
9	79
0	52
0	12
0	15
0	0
0	0
0	11
0	0
0	2
5	0
2	4
43	64
0	59
0	62
1	9
8	58
0	11
0	62
0	14
14	14
26	89
0	84
122	91
0	70
7	3
46	121
0	7
3	0
0	80
2	114
1	434
2	433
0	419
0	1
0	0
0	1
0	1
0	456
43	45
213	6
0	12
14	1
0	0
0	2
8	0
4	46
0	1
0	0
170	51
37	53
0	53
0	78
0	61
2	41
0	66
0	47
5	1
0	4
0	0
2	0
0	3
1	10
0	11
0	2
0	11
4	12
5	216
0	216
0	161
2	0
118	17
5	4
0	5
14	14
19	41
2	26
0	38
7	1
0	0
0	1
0	1
22	107
0	82
599	59
3	0
0	10
2	35
6	18
0	0
1	2
3	2
587	1261
0	8
38	1253
0	421
0	82
0	485
215	273
327	362
2	54
45	323
0	130
20	148
0	134
0	137
10	152
10	6
0	4
0	0
12	64
0	27
0	10
0	40
105	27
7	38
26	25
14	6
0	61
20	2
0	0
0	2
0	0
0	0
1192	68
8	65
0	22
4	15
1	11
0	4
0	413
0	413
11	13
0	7
5	1
1	0
0	13
2	13
20	10
5	6
2	0
5	0
3	16
0	14
0	8
0	8
132	67
127	10
0	10
0	0
0	0
0	18
0	12
4	22
0	0
0	0
0	0
0	16
0	14
10	22
0	3
0	3
0	3
0	3
0	0
0	7
0	23
0	0
0	0
0	0
0	2
0	2
6	0
0	0
8	0
16	67
56	27
0	27
0	17
119	11
0	2
0	1
19	0
0	30
28	77
1	28
7	66
11	0
0	0
0	6
15	20
0	20
0	10
0	0
0	6
78	11
0	2
0	3
0	6
0	6
9	124
7	83
0	2
0	0
7	38
1	20
0	3
0	72
288	38
107	2
0	2
45	2
0	17
1	9
0	22
993	243
0	235
631	232
17	216
0	202
0	3
11	0
0	19
0	0
1	0
0	0
0	0
0	0
0	1
48	105
0	29
0	1
0	106
0	96
0	105
0	1
58	42
0	42
7	1
0	1
0	0
8	8
0	8
28	10
0	1
0	0
0	0
0	0
0	0
0	0
30	100
0	225
1	98
29	5
0	5
0	1
35	4
0	0
0	180
0	114
43	0
3	0
2	0
0	0
131	47
0	38
0	24
13	6
0	0
1	0
19	0
0	30
0	16
0	421
0	421
0	9
68	20
0	20
46	14
15	15
0	2
0	3
0	4
0	525
0	525
0	10
0	0
14	0
12	0
7	43
0	33
3	19
0	2
0	539
0	27
14	0
0	0
4	0
13	0
23	0
10	5
22	71
0	71
0	0
1	0
0	1
509	156
8	157
1	0
0	0
5	0
1	0
0	0
0	5
0	0
0	0
3	6
26	4
0	4
0	3
97	0
1	0
0	21
0	21
0	21
0	21
0	21
3	0
0	21
0	386
0	386
503	343
0	0
0	52
0	52
0	0
1	0
7	0
0	6
6	0
4	192
0	78
391	55
0	30
0	30
1	8
0	16
167	203
0	2
16	6
179	18
0	16
4	0
2	7
0	0
1	1
6	0
9	26
0	4
0	7
0	7
0	4
24	3
1	3
0	20
1	1
55	20
3	4
0	28
3	28
8	29
7	25
0	4
0	0
3	1
0	1
0	1
0	0
0	0
1	3
0	0
0	0
0	34
0	36
140	0
0	22
205	51
29	193
0	8
0	15
0	0
0	113
0	99
162	115
59	119
1	117
0	131
8	0
387	3
12	3
234	0
0	0
0	14
0	21
49	83
0	5
0	23
0	23
0	29
0	28
0	1
1	1
16	29
0	0
6	0
6	0
199	0
0	9
54	9
0	185
0	127
0	25
0	56
0	35
14	21
0	56
0	0
0	23
0	35
0	14
0	0
572	261
24	227
0	3
0	1
31	24
646	69
0	13
22	7
1	17
0	19
0	86
3	97
0	3
9	133
0	3
0	11
11	26
0	23
1	0
0	21
3	30
0	9
2	39
0	0
0	0
0	0
973	194
0	74
74	23
0	28
1	0
0	8
0	7
0	6
0	28
0	147
11	5
0	5
3	4
3	0
0	0
0	0
0	4
44	1
0	0
30	1
0	0
0	16
0	0
0	7
70	32
74	29
0	26
17	1
0	1
1	20
76	97
0	25
0	25
3	25
0	24
0	8
0	121
4	4
0	4
1	73
0	6
0	0
0	0
0	0
0	0
195	0
0	0
8	3
0	0
0	0
0	7
11	28
0	21
0	20
0	0
0	0
0	2
0	0
0	72
0	59
17	1
0	1
0	1
57	72
784	1
0	3
0	1
0	0
0	2
24	11
3	30
1	4
0	4
0	4
0	0
0	0
0	0
0	12
8	12
0	1
0	0
0	0
0	0
0	0
60	205
1	203
61	269
0	265
177	11
0	11
7	1
0	3
0	1
33	0
162	1
0	1
0	1
26	23
0	6
0	2
0	0
0	28
0	28
0	8
8	8
0	24
71	31
13	31
0	5
0	243
0	7
0	7
0	12
39	21
16	15
0	6
0	4
0	10
28	263
620	0
5	7
78	57
0	57
0	11
0	25
0	16
8	3
0	2
0	0
0	1
0	0
1	0
0	0
26	39
8	0
0	26
42	26
0	29
5	29
0	87
0	87
55	6
0	11
14	12
0	12
1	5
8	27
0	964
0	943
0	18
0	21
0	26
0	26
0	26
19	26
2	4
0	4
11	7
0	7
86	11
20	42
0	31
0	14
0	0
35	6
1	2
0	3
0	2
0	7
17	2
0	1
4	1
9	10
0	1
0	2
0	1
46	139
245	139
0	3
3	0
4	0
6	5
0	15
5	16
0	3
0	52
0	23
0	27
0	0
0	27
5	24
14	9
0	27
0	0
0	0
0	48
0	144
0	120
0	4
0	22
0	22
0	1
0	15
0	15
4	38
0	33
2	19
0	0
0	10
3	10
2	0
2	2
0	0
12	6
71	6
0	1
0	8
0	7
0	1
0	8
0	7
0	12
0	57
56	57
0	7
84	12
48	1
19	11
0	4
99	9
6	0
9	3
21	0
0	7
12	1
64	458
1137	451
0	3
38	141
0	178
0	19
0	62
27	62
117	22
0	81
0	3
0	113
29	141
58	5
0	39
0	22
0	35
0	39
0	19
0	40
0	22
0	12
13	0
2	13
1	0
0	2
0	4
0	9
440	0
0	6
77	6
0	11
0	11
0	11
0	4
0	0
2	0
0	11
151	0
167	101
204	101
0	17
0	17
0	17
0	1
0	0
29	3
0	3
14	1
15	16
0	16
0	5
8	5
27	1
11	0
4	26
4	17
23	17
15	152
0	152
0	31
1	46
0	133
1	133
0	131
0	2
0	88
0	1
43	0
64	55
6	42
0	0
5	34
1	9
0	9
0	0
0	12
1	4
0	4
2	2
0	0
0	0
0	0
0	0
0	24
21	24
0	0
0	0
2	9
1	0
0	4
0	4
3	12
0	12
0	2
0	1
0	2
0	2
0	10
1	9
0	1
0	10
5	11
0	1
0	7
0	5
47	138
0	62
0	3
0	7
11	68
74	21
4	1
0	112
24	5
12	5
38	0
4	0
0	8
0	8
339	319
0	13
0	13
23	17
0	12
1	11
0	17
6	47
0	53
0	53
0	77
0	234
54	234
1259	28
0	232
0	0
0	1
0	5
184	117
0	114
3	17
13	13
0	16
7	2
0	0
0	2
7	14
0	14
0	16
49	94
6	80
0	88
0	10
0	0
0	7
0	7
1	0
33	98
0	0
2	0
0	98
0	98
249	0
60	9
0	9
1	4
0	2
1	0
0	0
9	16
0	8
10	0
0	5
2	30
0	0
0	30
0	0
0	0
1	232
226	245
1	39
1	8
0	1
6	1
0	0
0	0
36	0
0	11
0	0
5	0
0	0
0	17
0	5
0	5
0	1
4	0
4	4
0	11
0	0
0	20
0	0
0	23
0	23
0	23
0	5
9	48
359	23
18	66
40	5
535	20
0	6
0	6
29	0
59	162
172	162
1	1
180	0
6	0
0	2
0	1
0	1
0	0
11	1
3	1
1	0
5	61
9	96
0	50
0	28
0	0
0	0
0	125
0	14
1	0
4	8
0	125
19	3
0	3
0	77
0	77
0	77
6	72
9	1
186	0
0	6
7	0
0	0
0	0
0	0
0	77
44	68
0	66
0	0
2	0
57	33
0	33
0	6
0	6
4	5
0	0
0	0
0	0
25	5
3	5
0	11
0	11
0	11
0	5
8	4
36	5
1	0
6	5
4	0
2	31
0	31
0	31
0	6
0	11
3	1
10	17
0	16
0	3
0	3
0	0
1	0
0	7
0	6
17	6
4	7
27	29
0	4
3	10
1	36
1	30
0	0
0	0
0	307
0	315
65	318
3	1
0	0
0	0
3	10
0	10
2	17
0	16
0	1
0	16
16	44
0	0
4	6
0	90
30	74
13	0
0	0
0	0
0	0
0	0
0	26
0	31
0	3
0	0
7	6
11	31
0	25
0	0
0	6
0	44
0	44
9	50
67	68
0	0
0	2
0	1
0	1
6	1
0	1
1	2
0	26
7	27
0	27
26	26
32	67
39	1
0	1
0	0
1	7
0	1
0	1
0	1
45	28
0	0
81	33
484	33
0	15
0	1
0	19
48	27
0	19
11	0
16	16
0	5
2	6
34	12
1	4
0	3
4	0
0	0
213	3
0	82
9	83
0	82
43	0
0	49
0	3
0	51
0	26
0	58
69	118
0	74
0	37
13	20
1541	106
0	166
3	114
0	158
45	172
0	0
0	0
0	0
45	471
874	429
0	1
81	10
30	64
5	61
0	24
0	3
0	3
3	0
0	1
0	1
0	0
51	0
92	7
0	0
0	4
0	1
0	1
1	1
0	3
0	0
6	0
0	16
1	0
215	17
0	1
0	38
0	38
0	10
11	0
0	1
0	36
0	13
2	123
0	465
0	137
0	126
0	0
3	203
0	1
16	4
3	57
0	58
0	1
1	0
6	1
0	0
0	0
1	0
0	94
12	85
2	83
0	9
0	0
1	2
0	2
0	2
0	0
20	0
0	0
0	0
0	0
0	0
0	23
0	55
0	41
0	0
0	36
0	73
0	0
0	29
13	18
21	73
0	10
0	13
0	26
29	42
152	44
0	40
13	0
0	8
1	0
0	1
0	15
0	15
0	14
0	0
13	20
4	0
60	20
1	0
0	0
0	8
0	55
1	55
1	0
0	0
0	5
1	5
0	5
72	424
1	67
4	2
0	417
33	176
0	71
0	1
0	0
18	13
0	23
2	10
2	12
0	176
0	4
0	4
0	1
4	0
68	5
0	17
0	16
117	42
0	7
55	26
0	2
20	89
0	89
3	1
1	1
55	0
24	114
0	112
0	2
0	0
0	2
0	6
0	6
0	6
0	2
35	2
0	0
0	2
4	0
0	3
0	1
0	2
0	0
0	0
0	0
0	9
0	17
0	17
0	21
0	70
0	6
0	4
3	9
0	58
0	9
63	31
0	1
0	4
1	0
0	5
0	8
0	8
7	0
0	0
0	0
4	0
2	0
0	0
0	0
0	0
0	235
2	3
0	235
81	0
35	44
128	32
0	10
0	2
0	1
0	1
0	0
0	0
0	11
45	52
13	52
0	5
3	13
2	4
21	2
0	2
0	4
0	4
0	0
0	0
0	1
0	28
0	0
0	0
35	1
0	0
0	7
0	1
0	0
0	0
71	0
7	21
0	28
0	19
0	30
2	30
0	0
0	0
1	3
8	17
0	1
0	0
0	3
0	12
0	2
0	3
0	2
2	27
6	54
0	21
0	1
0	34
0	7
0	1
0	0
0	24
0	42
20	58
0	20
6	18
10	11
0	1
15	1
54	30
34	101
0	95
3	1
0	77
0	5
0	72
40	60
66	5
0	5
2	5
0	0
0	80
0	80
0	48
0	4
0	74
5	80
1	2
0	2
0	1
2	57
0	57
10	1
0	14
1163	5
0	135
0	135
0	135
0	135
13	0
0	158
0	158
1	0
37	0
6	136
3	16
0	136
0	136
4	2
0	122
0	0
11	121
3	40
1	40
0	0
0	40
0	40
6	0
0	0
1	40
0	11
0	8
0	0
1	0
413	202
0	67
26	14
0	9
19	74
17	13
8	31
2	18
56	10
17	24
0	8
0	8
0	19
0	3
0	0
0	0
0	97
0	107
0	201
0	94
0	1
0	1
0	1
3	5
0	1
93	6
1	1
12	1
0	1
0	1
0	1
0	4
0	1
0	3
0	16
0	268
0	17
57	275
0	11
0	3
0	269
131	0
3	11
0	6
0	6
1	6
56	6
0	4
0	4
6	2
0	2
41	54
0	28
0	28
0	28
1	15
0	7
0	6
2	0
2	8
0	0
0	7
0	0
0	0
2	1
97	149
0	139
0	26
20	0
0	1
12	109
0	106
0	8
0	11
0	1
0	98
0	18
0	5
1	8
19	18
4	111
25	0
3	75
7	15
0	75
16	22
1	22
16	16
57	16
5	0
0	14
0	0
0	2
0	0
0	2
0	0
0	16
0	14
0	15
0	13
0	0
0	0
0	0
0	0
1	19
0	0
0	66
0	85
1	79
9	94
15	9
13	9
9	0
9	27
0	3
3	0
0	3
0	3
9	3
0	0
13	23
0	1
1	21
16	2
0	1
92	0
737	8
0	7
4	0
0	1
26	1
0	1
29	26
0	2
0	26
0	2
0	1
0	0
1	1
5	0
0	1
0	3
7	0
0	3
0	2
0	2
16	2
0	21
46	0
1	142
0	0
10	186
0	0
0	7
0	1
5	1
12	10
3	1
2	1
0	1
5	2
13	0
0	0
0	8
0	5
1	5
6	17
0	61
58	63
0	9
0	8
1	0
18	46
3	0
6	0
290	72
1	60
154	68
0	0
0	9
0	9
0	9
0	4
0	8
0	2
0	7
0	3
0	2
0	2
0	2
0	6
5	2
0	2
0	2
0	0
0	0
0	15
0	9
1	9
0	15
0	9
3	6
0	6
443	15
0	2
0	13
0	18
9	24
25	12
30	10
95	0
0	16
113	16
13	8
16	0
11	8
0	0
3	0
56	62
0	62
0	0
0	30
0	30
0	39
0	73
0	73
0	3
0	7
0	0
11	27
0	14
7	6
63	0
80	183
0	171
40	146
0	10
0	1
9	21
0	6
0	12
0	1
0	5
43	17
0	0
0	0
1	13
0	149
10	206
8	72
6	0
0	9
0	0
0	9
0	9
14	7
47	8
55	28
15	1
8	16
0	6
29	37
7	6
49	0
1	9
0	15
1	3
0	0
2	1
1	0
8	0
4	0
5	0
2	11
53	11
0	5
0	5
0	0
1	0
2	5
0	5
0	4
44	0
15	4
0	1
2	3
184	1
0	0
0	0
0	0
2	5
0	6
1	0
0	0
1	0
0	1
189	1
0	1
52	90
26	94
70	8
0	1
4	9
0	5
0	37
6	1
2	1
0	0
0	0
2	9
115	11
0	17
2	28
0	28
0	27
18	24
24	10
0	9
11	20
0	1
11	1
0	0
0	0
0	0
79	14
0	2
1	2
1	4
0	4
0	2
0	2
0	1
301	1153
2113	1142
37	183
16	475
49	19
0	87
0	86
43	6
0	92
0	0
4	0
10	86
31	310
32	310
15	249
50	2
2	1
36	6
0	42
0	38
42	15
0	0
1	6
0	0
0	1
13	28
165	154
0	2
5	0
0	136
1	12
0	12
0	0
2	0
0	0
0	22
36	13
0	0
0	0
0	9
0	9
1	4
4	24
0	1
0	23
0	0
0	1
0	14
0	16
0	4
7	27
34	8
7	2
0	6
1	0
2	0
0	26
0	37
2	26
20	37
0	26
0	26
60	12
30	0
0	62
0	54
0	22
0	2
1	3
0	14
3	14
9	6
0	16
0	3
5	5
22	5
212	25
0	19
29	16
0	0
5	11
155	62
0	35
10	5
0	29
27	104
0	12
0	1
23	0
0	102
0	71
9	22
0	22
0	0
0	3
23	47
0	46
3	42
0	4
6	5
0	5
0	5
0	5
0	5
4	4
0	4
9	24
53	24
0	1
16	0
0	21
208	26
0	5
0	17
15	32
0	32
129	0
0	12
0	0
4	0
0	12
0	16
0	16
0	9
0	2
31	2
0	0
7	3
32	65
0	62
0	0
0	0
0	30
32	31
245	30
20	17
4	19
0	26
0	31
0	30
0	20
8	30
2	6
0	1
0	2
0	18
0	29
31	41
0	27
0	41
0	11
0	0
0	7
0	0
57	10
0	6
103	69
0	69
0	4
211	28
0	34
0	28
8	0
0	1
74	6
25	43
10	36
0	13
2	0
41	0
0	10
0	9
0	9
0	1
0	0
0	22
0	22
11	26
9	52
8	62
0	13
0	74
0	74
33	0
0	0
6	74
24	181
1	181
3	59
0	0
0	0
4	3
27	59
0	49
0	0
2	2
173	0
0	14
0	0
0	14
0	0
4	0
4	2
0	2
0	0
5	0
1	0
5	0
60	129
5	113
0	46
0	18
0	20
0	19
3	19
0	0
0	20
0	20
0	20
0	19
0	8
0	0
7	0
0	4
0	24
182	345
9	24
0	34
0	4
0	81
0	4
0	0
0	1
0	0
0	0
1	11
3	0
213	71
5	57
0	55
1	51
19	17
0	1
5	9
1	1
0	0
0	0
0	33
66	89
103	53
0	51
0	152
0	1
0	1
0	152
0	89
0	58
0	1
0	1
0	9
0	84
0	56
0	56
44	7
8	0
0	0
0	13
0	0
320	1
0	7
52	4
99	294
0	7
19	377
108	0
187	135
0	352
0	1
4	365
11	6
31	1
0	1
1	1
0	0
25	0
43	226
2	226
7	11
0	7
0	7
14	4
0	0
23	40
8	113
0	117
0	117
11	117
0	151
14	148
79	117
4	3
0	0
0	29
0	6
0	0
0	23
2	23
0	2
8	0
1	3
0	206
0	2
8	160
0	4
1	2
0	36
0	73
6	6
0	18
3	127
21	110
0	89
0	84
0	70
0	18
0	5
0	0
21	1
0	2
8	5
0	0
0	0
1	0
0	5
43	4
0	0
0	0
0	0
0	0
2	0
0	0
0	1
45	4
0	0
0	0
0	0
0	0
2	0
0	3
16	0
1	0
0	0
0	0
86	173
0	5
0	4
2	0
56	0
0	0
0	3
0	2
0	3
0	2
0	2
0	3
3	2
6	0
1	0
5	23
14	23
0	23
3	23
54	7
0	7
26	7
25	0
0	0
0	7
0	17
0	17
4	1
0	1
0	600
5	82
0	343
8	600
0	433
0	468
31	43
2	331
0	114
23	114
232	113
7	0
30	6
0	0
10	0
1	0
0	0
3	0
34	0
0	0
0	6
10	31
0	7
8	10
0	35
3	28
0	3
24	54
6	3
0	39
0	13
0	6
65	430
5	446
5	96
0	54
231	25
0	0
0	79
0	79
1	3
0	10
0	47
0	1
10	37
18	0
60	49
0	1
0	1
38	0
46	47
1	9
5	9
18	122
219	102
0	20
17	0
5	0
0	0
0	0
0	1
28	1
107	1
0	1
0	59
0	45
0	32
319	14
1	5
0	2
0	0
0	0
0	0
15	2
0	1
28	14
0	6
0	7
0	0
0	7
0	0
0	3
0	1
1	3
0	6
6	6
0	3
0	0
0	0
0	1
0	1
0	1
0	108
0	14
3	98
10	0
0	0
18	144
0	127
0	70
493	47
0	3
0	3
125	78
0	195
0	188
0	9
4	117
11	2
3	2
0	2
4	2
11	1
3	2
52	173
1	281
20	230
40	221
0	133
72	201
44	157
80	247
0	100
0	63
2	1
15	116
25	131
4	27
0	49
96	79
0	22
0	1
2	21
1	2
0	2
2	0
3	0
3	1
1	21
14	0
41	53
0	53
22	4
8	44
11	44
0	0
0	0
56	0
1	11
8	11
0	11
0	16
0	16
9	10
2	7
0	58
1	58
0	0
0	0
0	58
0	58
5	2
0	2
6	0
0	0
3	29
0	29
8	7
0	3
0	3
0	2
0	0
4	11
0	11
0	0
8	10
0	3
0	0
0	0
0	0
0	0
0	0
0	0
0	0
0	0
0	1
2	1
0	0
0	3
0	0
3	7
0	0
3	0
50	4
167	5
300	69
0	1
0	0
0	68
0	0
46	1416
0	216
0	68
0	75
0	126
0	32
10	1333
0	35
1	19
0	62
168	58
45	65
0	0
0	0
0	0
0	2
0	2
26	4
0	1
3	1
0	0
0	30
0	155
0	155
0	2
29	87
3	87
0	0
0	2
0	30
0	20
0	20
21	28
1688	287
0	132
0	256
0	271
0	74
13	57
0	38
0	48
0	21
5	3
10	3
0	0
2	8
2	8
0	8
0	8
0	8
0	0
0	0
2	2
0	0
4	0
11	0
2	0
0	0
0	2
2	0
134	42
0	59
0	59
0	2
2	40
28	0
11	2
0	2
0	11
0	11
0	11
768	3
0	2
0	0
0	0
0	28
0	28
8	1
0	0
10	0
12	0
0	11
0	11
0	11
41	0
1	0
0	38
0	2
1	0
13	3
0	38
0	507
20	449
0	0
1	3
0	149
12	294
1	1
58	147
59	58
0	37
0	26
2	17
1	0
2	0
49	494
1	494
14	54
0	0
17	0
0	2
12	15
0	15
27	14
8	15
0	5
0	14
0	15
0	15
16	0
0	0
0	0
0	0
7	79
10	80
0	23
0	24
0	23
34	24
0	1
52	1
1	0
1	19
0	13
0	18
3	58
0	41
11	1
0	0
1	0
0	0
0	0
1	0
0	13
1	8
6	8
0	0
0	0
0	0
1676	267
1	267
3	0
0	3
3	4
0	181
0	2
0	29
0	5
51	21
1	6
25	3
0	0
0	2
0	0
2	0
0	28
3	35
0	27
0	27
0	4
0	4
0	34
0	34
0	26
0	26
0	26
0	26
1	1
107	43
0	2
0	5
0	5
0	5
0	77
5	3
20	75
12	97
12	7
82	2
1	2
10	2
6	0
15	5
3	11
12	15
8	6
0	0
0	11
0	10
12	4
0	13
0	0
3	9
14	9
0	10
0	7
1	33
0	19
42	8
0	10
0	15
0	23
0	21
0	17
183	32
0	4
0	0
5	0
0	0
0	0
0	0
0	0
6	4
0	3
0	0
0	92
13	92
0	3
17	12
398	61
67	0
5	0
0	0
254	52
0	52
0	1
24	7
0	7
0	5
75	208
0	202
10	3
109	3
0	5
1	4
0	6
0	7
5	12
0	12
0	12
0	11
49	40
0	12
5	40
3	2
0	11
24	0
0	33
0	6
0	1
0	6
0	3
0	0
1	0
0	3
33	16
19	15
25	17
12	17
10	19
0	19
0	0
8	0
3	18
8	0
0	38
0	38
0	38
0	0
0	0
12	0
0	0
0	0
110	0
0	0
4	0
364	0
0	17
8	15
10	5
0	1
0	58
0	58
0	6
0	0
0	0
0	1
0	1
358	20
0	20
0	3
182	87
15	0
0	0
0	87
0	22
1	2
10	0
29	9
0	1
0	3
0	4
2	51
0	44
0	140
0	140
0	37
79	37
0	17
0	8
16	0
0	0
1	0
0	10
0	0
0	0
0	0
0	0
0	0
1	0
0	0
56	137
9	106
0	112
0	1
0	0
0	1
1	43
0	34
0	51
224	11
144	90
0	90
0	89
0	17
0	26
58	24
0	17
1	3
0	3
0	3
0	3
0	3
9	3
1	3
14	0
63	0
4	13
0	6
0	13
0	18
0	1
0	1
22	0
0	1
0	0
103	27
103	10
0	10
143	142
0	3
4	84
0	142
0	7
1	0
4	52
0	52
1	0
0	20
12	6
0	0
1	80
0	33
0	75
0	0
2	66
0	1
0	0
68	10
0	9
0	8
0	5
0	1
0	3
1	11
0	8
12	8
0	8
0	11
0	11
0	0
0	0
2	65
0	49
4	28
0	0
0	0
0	0
0	0
0	0
0	0
0	0
0	0
1	0
1	0
0	2
5	2
0	1
3	1
0	2
0	2
1	17
0	18
5	52
0	23
6	0
0	0
0	0
0	1
0	0
0	40
1	3
0	5
0	5
1	8
0	3
0	5
0	8
0	8
0	8
17	16
0	16
1	4
0	1
2	1
0	5
0	12
0	12
0	0
0	0
7	43
0	43
11	7
0	0
0	13
125	167
72	177
0	23
0	29
0	36
52	69
0	36
0	13
4	13
8	15
0	0
18	10
0	10
1	10
5	0
0	0
0	0
0	0
176	0
2	0
0	2
0	3
0	3
231	35
2	0
1	8
10	5
0	5
11	0
5	0
279	38
0	3
0	38
46	15
0	0
0	0
0	19
0	83
0	17
26	0
13	6
133	30
32	36
10	23
301	23
7	15
24	21
0	0
11	5
0	5
539	11
0	3
1	6
2	2
0	7
0	35
0	20
0	35
0	20
3	19
29	45
0	18
0	0
0	0
2	3
0	17
0	17
2	12
0	5
1	0
0	2
0	21
0	8
0	21
4	2
2	0
9	10
0	0
0	0
0	0
17	8
0	31
0	41
0	14
2	29
1	13
0	0
0	0
1	25
0	25
0	21
0	21
0	10
0	2
8	0
0	9
3	11
0	7
0	26
1	17
0	16
0	0
13	32
121	60
0	1
0	69
0	11
0	0
2	0
0	1
0	14
0	0
56	23
6	3
0	17
50	13
0	13
0	0
10	0
0	130
0	0
0	3
0	3
19	130
143	9
14	47
0	4
0	15
0	1
0	0
14	14
212	17
5	0
4	0
2	0
0	0
0	8
0	8
0	2
0	2
0	0
64	30
0	30
1	0
48	4
0	1
36	0
39	29
0	25
0	27
6	2
3	0
0	0
0	1
0	3
32	4
0	3
0	0
37	6
1	6
57	0
19	20
0	21
0	10
0	7
27	17
38	16
0	0
0	0
3	0
0	0
418	15
6	15
0	15
0	15
0	1
0	0
29	0
6	1
0	1
0	0
0	0
0	5
0	5
0	1
0	1
71	7
0	2
0	5
0	5
0	1
236	7
5	7
7	7
0	0
32	5
0	4
22	27
4	14
0	7
0	16
0	0
1	41
0	15
0	10
0	1
14	25
0	6
0	10
0	6
0	10
10	3
0	3
15	14
9	0
30	38
0	34
0	21
0	4
0	4
0	15
0	6
17	2
1	0
22	0
0	3
1	3
0	0
1	0
3	0
55	69
1	69
232	19
55	19
0	27
67	17
0	1
1	2
0	6
0	4
4	98
15	27
0	98
146	78
0	78
0	7
7	4
7	2
2	5
0	24
7	66
0	42
0	36
0	1
10	43
36	43
27	0
22	0
0	4
11	4
6	0
0	0
0	0
1	1
1	1
14	28
4	28
19	0
19	1
4	0
25	0
7	1
0	78
0	78
4	6
0	6
0	5
1	1
0	1
0	1
0	12
0	33
1	5
0	50
21	0
11	0
32	0
383	7
0	2
0	0
1	5
35	2
0	0
0	0
19	0
0	2
0	0
7	0
0	11
4	11
69	38
0	33
3	33
0	15
0	5
34	21
0	0
0	0
3	34
6	34
13	46
0	14
0	11
0	26
1	0
1	0
0	0
0	0
1	2
22	21
0	0
0	0
24	33
0	0
13	0
100	102
0	1
2	62
35	117
0	2
0	1
8	25
0	75
0	1
1	48
0	48
0	1
16	1
6	6
0	0
0	0
7	37
0	11
7	11
0	2
0	4
11	122
9	122
5	0
11	10
0	2
0	0
0	0
4	9
0	9
135	21
0	8
0	20
0	0
0	0
0	0
0	20
0	0
0	0
0	3
0	3
0	3
0	0
104	21
0	10
3	2
0	2
0	0
0	13
0	11
0	0
0	24
0	2
21	17
0	0
17	24
95	18
0	3
136	14
26	11
0	0
0	2
9	0
3	4
51	20
0	17
1	4
0	4
0	0
4	2
31	11
0	7
112	20
22	80
0	45
0	23
0	30
1	39
0	188
20	204
45	31
19	17
296	6
7	6
11	5
47	56
10	61
0	54
8	53
6	35
0	35
0	0
0	1
46	0
106	144
0	39
0	35
0	36
0	25
0	3
0	53
10	17
4	17
199	33
0	24
4	25
0	25
0	6
0	7
3	6
0	6
1	0
20	0
9	24
0	12
0	23
0	6
8	6
3	5
2	0
0	16
2	14
0	7
0	14
16	20
4	0
0	0
3	0
37	6
0	9
5	71
0	9
0	8
2	9
4	9
0	18
0	0
87	44
0	44
0	7
5	163
9	161
0	115
42	10
10	10
3	2
3	10
0	10
9	1
0	0
0	0
0	0
0	0
0	0
0	5
11	0
5	25
0	13
6	1
0	17
0	0
37	20
0	17
0	202
0	54
3	190
1	3
0	2
0	31
0	207
1	21
0	21
0	3
8	32
0	28
3	1
7	1
0	0
49	15
0	32
0	15
81	15
0	6
0	31
188	0
12	141
34	139
0	2
0	3
0	2
1	3
22	34
22	3
7	3
0	3
0	3
0	3
0	52
0	41
0	3
0	1
0	0
0	0
0	3
6	202
0	78
0	7
0	5
0	0
15	10
0	2
0	2
7	2
0	2
0	2
0	120
13	0
55	0
0	101
398	198
0	128
3	115
9	0
0	0
0	7
9	0
15	16
0	0
0	0
0	16
0	7
11	0
7	26
39	27
0	7
15	57
0	28
0	42
0	42
0	17
0	2
9	6
8	32
5	166
10	90
23	79
0	75
0	25
49	0
0	26
0	0
4	0
0	166
0	27
24	33
93	48
0	45
1	24
0	0
1	0
21	0
0	3
3	6
0	6
0	6
0	6
0	5
2	7
0	6
0	6
38	63
0	12
0	9
14	47
1	118
8	23
0	6
8	71
0	36
262	26
0	26
2	2
0	1
0	4
46	0
322	2
5	2
154	63
0	4
0	3
0	3
10	19
0	3
0	4
0	3
0	8
0	3
27	76
386	121
0	60
0	28
0	19
0	19
0	19
0	346
9	346
56	17
3	3
23	48
0	25
0	19
0	42
0	4
0	4
0	4
1	16
0	110
0	38
2	62
1	2
9	0
0	2
0	2
0	1
203	111
0	12
0	1
0	5
1	43
0	49
17	60
0	2
0	6
0	0
0	18
129	9
16	30
2	4
0	7
20	6
0	2
0	2
8	2
0	0
28	3
7	1
0	0
1	1
0	1
0	1
0	30
0	0
53	63
9	3
6	68
0	68
0	0
7	85
0	60
18	0
2	0
0	2
0	0
0	0
0	54
6	84
6	3
0	79
0	0
9	1
25	48
0	15
4	4
28	0
111	188
250	180
4	0
9	94
0	53
0	4
0	21
0	33
4	10
0	1
0	1
0	0
0	0
1	9
0	1
0	11
0	0
0	0
0	1
87	4
0	0
0	4
5	0
0	0
6	57
0	5
0	57
0	21
1	0
2	23
0	27
0	23
0	1
0	8
8	15
0	11
0	15
0	39
0	35
14	3
0	2
0	1
6	24
1	13
0	13
0	0
14	14
0	0
0	0
0	18
70	15
4	9
14	15
0	1
0	0
0	1
0	0
0	170
0	0
0	46
1	68
0	68
0	9
0	65
0	76
28	63
0	61
6	74
7	19
0	0
0	16
1	29
13	28
1	1
0	1
126	46
99	980
18	980
125	970
5	17
34	4
0	6
3	2
0	2
2	106
0	93
56	48
0	47
0	15
0	12
0	1
5	2
0	21
0	0
0	2
0	17
0	0
0	0
0	0
0	0
0	0
0	19
0	0
3	15
48	26
0	29
0	0
0	7
0	10
0	14
0	2
5	8
0	8
5	0
41	8
0	1
0	7
5	0
98	0
1	8
0	8
0	3
0	3
0	1
24	1
210	189
0	2
0	61
0	20
0	170
0	0
0	0
0	0
0	1
21	10
0	5
41	65
1	35
0	37
0	29
0	17
0	17
0	17
0	4
0	0
0	2
3	2
0	2
0	6
0	2
0	6
0	11
0	11
0	22
2	22
0	18
0	26
1	25
38	35
48	38
0	25
11	15
0	13
0	7
53	0
0	13
1	6
0	5
6	0
2	0
6	0
8	17
0	19
0	9
0	61
0	59
0	0
5	294
13	321
2	141
0	137
0	4
30	0
7	2
0	2
93	5
16	1
0	1
0	8
0	3
0	8
0	0
0	0
0	0
0	0
207	0
0	0
31	2
0	0
0	0
2	0
55	472
32	472
0	445
8	250
0	0
6	0
83	0
0	31
78	31
0	0
0	1
0	0
0	0
0	0
3	0
246	265
0	83
0	255
0	254
7	8
9	13
0	11
0	1
19	2
78	162
85	74
4	91
0	12
0	17
0	11
0	0
1	0
0	1
0	1
0	0
1	0
16	8
0	0
0	2
0	8
2	2
0	2
1	0
0	0
67	20
0	13
9	3
0	3
9	73
0	73
1	0
0	1
0	6
3	7
2	6
4	0
0	0
1	0
0	7
0	7
0	5
11	4
0	4
21	0
0	2
65	2
1	5
7	5
39	97
0	20
0	21
33	2
487	4
48	27
1	21
0	8
0	0
0	8
0	20
0	0
0	0
1	0
7	0
2	0
0	12
1	0
0	8
56	1
0	3
0	5
2	30
7	31
0	3
19	0
0	52
6	69
0	53
0	3
0	2
0	0
33	1
0	7
0	1
0	9
7	89
0	1
3	1
3	35
5	35
0	0
0	0
88	30
0	6
24	0
0	2
0	2
1	0
0	0
0	0
0	0
20	296
0	304
8	303
0	303
0	0
14	288
0	265
0	237
22	87
16	35
4	19
129	18
8	2
7	1
0	18
27	18
26	1
0	1
0	1
109	0
62	47
163	52
0	52
8	1
75	0
19	5
4	1
161	59
16	68
1	2
0	5
1	25
17	20
0	17
0	1
7	7
9	3
0	4
0	5
0	4
0	5
0	1
0	7
0	7
0	0
0	7
0	252
0	225
0	217
0	222
0	264
0	7
1	1
5	3
0	0
0	0
12	2
0	1
0	0
0	1
0	21
2	21
0	21
0	0
0	0
0	0
0	27
0	28
0	24
0	14
0	1
0	1
0	13
0	0
8	0
2	6
0	6
13	0
0	0
2	1
244	11
0	10
2	1
0	53
0	53
2	17
0	29
0	49
0	49
0	4
0	49
0	10
0	35
1	15
24	25
0	12
0	25
0	0
0	0
0	0
10	1
0	1
31	182
0	7
1	180
66	0
0	0
0	0
0	0
5	0
303	8
5	20
0	23
0	0
1	1
10	0
0	0
0	0
0	0
3	0
1	0
126	6
0	1
0	5
1	2
0	2
13	11
0	11
0	8
0	0
2	1
0	1
0	0
0	54
5	48
0	54
108	0
5	0
50	1
0	1
1	1
0	1
0	8
0	8
0	8
0	3
0	35
9	55
3	14
0	0
12	11
0	19
15	30
1	19
0	13
0	28
0	0
0	37
0	37
0	10
0	0
17	0
18	1
0	1
4	5
1	5
10	4
0	4
0	4
62	31
0	31
1	12
3	12
6	12
1	10
38	168
0	0
0	1
2	168
0	5
1	1
0	0
39	164
0	12
23	0
0	0
37	55
0	52
0	30
0	0
3	1
1	5
95	13
0	11
0	3
0	55
0	37
0	27
0	0
0	4
1	1
0	0
0	27
43	0
0	0
0	0
0	0
1	0
0	196
50	178
15	34
0	163
0	178
0	31
2	34
0	5
0	6
0	3
0	4
0	3
12	5
2	0
0	138
194	342
0	2
0	12
4	71
0	5
0	0
8	138
0	545
0	545
1269	277
18	36
0	42
0	15
8	8
0	6
0	4
28	4
0	4
19	39
2	5
5	0
118	0
21	0
104	9
0	0
8	96
0	30
214	96
151	11
14	11
2	50
6	12
0	114
0	1
0	3
0	0
52	125
20	6
7	26
0	27
0	36
0	1
0	0
0	0
0	0
0	35
128	3
7	6
0	6
2	11
0	8
1	8
0	9
0	8
0	0
0	0
32	2
33	6
1	63
11	69
0	38
0	18
0	0
0	0
0	0
0	0
0	0
5	0
1	0
0	0
0	0
0	0
0	0
0	0
7	11
0	10
0	10
243	74
35	70
0	71
1	1
32	30
0	4
0	0
2	0
0	0
38	147
0	2
1	0
13	2
2	0
25	6
0	15
0	15
0	15
0	15
0	2
0	2
1	11
0	3
0	11
0	11
0	1
0	9
1	1
0	4
0	4
0	3
0	4
0	4
0	4
0	4
0	4
0	4
0	4
0	4
0	4
0	4
2	2
0	2
3	0
0	0
2	1
0	1
32	5
242	3
0	12
0	18
0	12
0	18
2	18
37	12
0	0
1	1
0	0
2	6
0	6
0	0
18	10
4	10
0	10
0	6
0	1
9	0
0	1
45	0
0	0
2	0
0	374
2	377
0	244
3	146
17	102
0	91
2	94
8	1
0	0
2	5
0	1
6	121
0	99
0	15
0	0
0	52
120	2
0	2
3	0
0	0
14	11
0	11
0	0
0	0
0	0
0	0
0	0
2	0
0	0
0	0
12	3
28	0
0	102
0	102
0	9
133	0
3	0
1	0
0	0
44	1
0	1
0	1
157	33
0	33
0	0
6	0
6	2
0	1
0	1
0	1
1	0
0	0
1	0
0	0
0	0
0	3
0	3
0	1
0	1
27	26
10	17
0	1
0	2
0	1
0	26
29	35
0	6
0	4
0	28
14	99
187	91
0	59
0	109
0	50
0	26
0	14
4	112
50	51
0	7
0	0
0	0
0	0
0	54
7	54
0	40
0	0
18	7
5	23
0	0
0	1
0	28
0	29
70	30
0	16
0	3
0	13
2	0
0	0
0	0
0	0
0	66
14	96
59	180
0	170
0	4
77	191
0	187
1	15
0	15
96	0
2	2
0	0
0	2
0	2
9	3
2	3
5	2
0	1
5	0
0	1
3	16
0	0
203	20
0	1
28	4
36	3
9	9
0	38
0	3
0	0
0	38
0	31
0	4
0	31
3	1
0	0
0	0
0	1
0	0
0	2
4	12
4	108
0	5
0	5
24	7
0	7
74	24
13	9
0	9
0	0
24	13
0	21
16	17
1867	624
2599	630
51	1
1	1
12	41
197	41
3	0
0	5
0	0
0	0
3	101
0	101
0	101
11	53
27	1
0	0
0	0
0	2
0	2
163	198
0	160
0	3
1	17
0	0
2	0
0	14
37	16
0	17
0	6
0	5
0	0
0	0
96	48
10	0
171	14
209	573
0	573
0	34
0	34
0	34
0	34
0	12
0	6
0	1
0	0
0	5
17	1
1	0
0	1
14	0
0	0
8	20
0	20
12	1
205	0
543	4
0	4
0	0
67	16
0	0
0	1
0	1
9	1
0	0
0	0
0	15
0	115
15	7
0	7
0	115
0	0
0	0
7	0
45	140
0	11
7	8
0	134
0	7
4	13
0	0
13	13
0	1
35	119
0	0
1	0
164	8
2	8
0	4
0	7
3	0
4	0
21	16
0	10
6	0
0	14
0	8
3	18
114	2
12	2
5	4
2	3
1	0
0	0
0	1
5	116
8	116
2	0
0	0
14	93
0	86
0	11
3	3
0	82
0	2
3	0
0	53
126	92
0	145
0	141
0	137
0	149
10	10
0	11
5	2
0	1
0	0
0	0
12	25
0	18
0	25
2	19
0	0
0	0
10	1
0	0
88	2
16	1
1	1
5	0
0	2
1	1
2	1
0	0
4	95
0	20
0	20
0	13
6	17
3	0
122	13
1	10
4	3
29	0
0	2
0	2
0	1
9	1
33	0
470	168
341	47
0	31
0	32
6	29
0	155
0	0
2	1
1	1
0	1
0	1
0	0
41	45
0	0
0	45
111	84
1	83
28	26
0	2
0	2
0	2
0	2
0	357
0	357
280	83
1881	91
0	1
0	9
112	55
0	42
11	60
6	1
0	0
74	0
2	0
0	15
0	15
77	12
0	8
1	2
3	2
0	6
1	6
0	10
0	10
3	1
0	1
0	0
22	50
0	50
24	44
0	44
0	15
1	14
0	6
0	6
0	2
48	2
0	0
5	0
0	4
0	9
0	0
0	0
1	9
2	13
2	0
0	0
0	0
0	7
19	167
28	174
1	0
0	0
9	7
17	0
2	0
68	1
9	1
0	38
0	38
6	36
16	13
8	0
0	7
0	2
0	6
2	12
0	12
85	400
0	13
0	41
4	387
0	0
0	10
0	9
0	4
0	5
0	0
1	0
0	2
0	1
0	1
0	0
0	1
0	1
1	1
0	2
4	1
0	0
0	1
0	3
0	3
0	0
0	11
14	102
0	102
0	102
0	94
29	65
0	13
11	138
14	17
0	19
0	129
20	138
0	0
0	0
5	2
0	0
0	0
0	0
5	14
3	141
0	123
0	134
0	2
0	0
0	2
0	127
61	49
0	31
0	25
0	33
0	31
0	25
0	33
238	0
0	3
0	3
167	10
17	0
0	10
8	23
1	19
0	3
0	1
31	20
11	19
57	0
0	0
110	9
0	0
0	9
186	99
188	99
5	21
8	0
13	0
0	0
3	25
0	19
0	15
0	26
0	14
0	7
12	22
16	2
12	9
0	11
26	2
23	0
9	31
13	31
0	9
0	1
0	0
0	0
0	550
0	558
4	207
5	3
0	3
0	0
52	27
0	21
6	10
2	16
3	19
22	2
9	7
0	7
1	0
1	0
0	0
0	0
1	0
0	3
3	0
0	2
8	17
0	7
0	12
0	2
0	40
0	2
15	82
0	5
0	2
0	80
0	53
0	1
4	81
1	1
0	2
24	7
7	9
0	9
0	0
0	0
0	0
0	0
26	7
0	7
41	0
7	1
0	1
316	5
0	5
0	5
3	0
0	5
6	6
0	2
4	16
0	4
0	13
16	23
0	23
0	0
0	0
0	14
2	961
0	963
0	963
155	0
16	6
0	6
0	3
12	44
128	41
13	34
10	25
9	30
0	11
0	11
2	0
0	8
0	10
0	10
0	2
0	59
0	59
0	11
0	78
0	25
1	0
9	0
325	11
0	30
0	25
0	135
178	82
0	47
0	22
0	21
23	6
0	25
0	141
4	25
0	30
12	47
0	29
0	2
0	0
39	1
7	13
0	1
0	1
0	1
0	1
0	1
1	1
0	0
2	1
9	0
3	0
613	0
1	1
10	1
5	11
0	1
0	10
0	198
1	249
0	249
1	1
3	120
0	246
0	0
0	0
0	0
10	0
6	0
43	0
0	0
4	98
40	86
473	95
7	1
0	10
0	0
483	1
74	1
12	0
18	0
99	139
0	2
4	2
6	0
1	0
0	0
3	0
26	63
0	1
255	1
1	0
0	47
1	47
0	64
54	64
1	1
14	23
3	34
0	23
0	23
1	0
0	19
141	14
69	0
96	16
0	14
16	3
0	3
0	2
0	6
41	18
0	18
5	37
0	52
0	21
0	13
0	4
0	6
0	6
0	8
0	21
0	6
0	6
1	21
0	6
0	6
0	6
0	6
2	6
0	6
0	6
0	6
0	6
0	6
0	6
0	6
0	6
0	0
0	0
0	15
0	0
0	0
2	0
0	62
0	26
0	53
2	9
138	164
0	145
407	308
33	50
0	8
0	50
92	72
83	56
0	39
0	2
0	0
0	16
0	29
0	14
0	5
2	5
15	335
11	90
10	88
153	6
0	316
0	82
8	0
0	276
19	0
0	0
0	20
22	19
0	19
0	1
0	20
0	20
6	4
2	0
0	24
0	0
243	117
9	117
18	50
0	50
0	29
0	1
0	12
7	29
0	28
21	28
0	28
1	6
0	6
0	6
0	6
0	14
0	7
0	2
0	8
11	17
166	0
75	189
0	145
0	164
0	8
0	1
12	0
8	22
0	1
0	22
161	98
0	98
10	97
1	59
0	41
0	3
0	3
36	1
0	1
5	1
1	3
23	24
0	24
5	24
1	7
1	0
0	24
47	9
0	2
0	2
6	0
2	0
21	7
2	0
0	0
0	0
26	0
0	0
257	1
619	13
6	2
0	11
110	4
3	62
3	56
1	54
0	8
6	38
0	65
1	28
0	20
0	27
0	27
0	0
220	50
0	50
3	0
25	58
0	58
14	12
5	0
0	34
0	1
53	2
6	4
0	3
18	1
1	9
0	10
0	2
0	0
0	1
0	33
0	2
18	30
2	1
0	1
0	36
195	28
6	12
0	4
0	4
0	0
1	15
0	0
0	86
0	86
92	45
0	43
0	31
4	31
0	0
0	15
7	32
0	22
0	31
4	7
110	0
0	0
1	0
0	95
50	95
0	5
0	2
0	10
0	9
106	9
0	23
7	32
0	25
1	19
17	4
0	4
0	4
0	11
7	0
0	0
0	7
0	2
0	12
10	0
0	1
0	2
4	2
2	1
8	161
0	158
19	129
30	124
18	32
4	25
12	24
0	0
11	0
0	21
645	20
14	0
0	202
323	32
0	89
0	148
2	88
0	30
128	141
0	141
3	77
0	77
72	22
0	22
0	68
0	547
0	48
0	18
10	18
0	6
0	1
3	1
21	264
14	28
90	241
0	489
0	0
47	12
0	12
6	38
0	0
2	0
1	0
1	0
0	0
11	84
2	22
1	0
0	77
0	93
0	0
1	0
0	3
0	12
0	24
12	98
0	10
0	132
112	132
3	32
0	32
1	23
0	0
0	0
0	0
7	3
45	90
18	345
0	345
0	0
0	78
0	273
2	0
0	0
0	117
0	117
239	98
0	98
0	85
5	0
0	0
0	3
0	0
0	0
14	90
0	12
6	12
0	17
0	22
0	22
0	17
0	0
618	22
0	22
7	18
88	36
0	12
0	39
12	16
16	25
0	19
10	23
1	0
1	0
0	0
0	4
0	0
0	0
0	4
28	100
0	70
0	57
0	4
0	8
0	27
4	0
337	0
2	0
6	0
0	0
0	25
8	25
0	35
6	7
0	10
46	6
10	0
9	15
3	0
0	1
0	4
0	4
0	4
269	49
0	102
2	3
10	53
0	0
0	0
29	22
13	41
167	69
0	14
10	14
14	6
0	29
0	1
18	24
74	0
0	0
0	22
0	1
0	0
9	21
0	21
1	0
0	0
0	0
0	6
20	0
23	6
0	0
0	5
0	23
0	2
0	3
28	3
3	0
0	1
0	1
0	23
79	0
139	40
42	40
1	0
406	0
30	23
16	10
0	9
212	10
15	2
0	10
2	8
8	8
0	8
0	0
0	1
0	1
0	1
0	4
0	4
0	0
0	3
0	3
0	0
0	3
0	0
0	3
0	0
0	0
1	0
0	0
11	9
8	13
3	8
0	4
0	5
0	30
2	20
7	0
0	30
0	2
0	0
129	55
0	89
0	46
0	8
2	0
0	0
0	34
0	25
0	48
0	60
0	23
0	23
0	12
38	29
14	0
82	234
0	223
0	93
10	33
0	21
0	12
0	20
14	2
0	2
0	3
31	2
0	2
0	2
0	1
401	103
0	35
0	4
0	48
0	19
1	2
19	2
0	3
0	1
0	3
0	24
0	32
0	4
48	27
0	5
9	6
0	4
105	51
23	55
48	17
0	6
16	4
4	34
15	12
2	5
14	0
25	2
1	2
0	4
1	9
5	60
11	41
0	42
0	1
0	1
8	5
2	1
241	0
0	0
5	0
1	13
4	9
56	175
0	12
48	69
2	127
0	3
529	239
0	2
0	6
0	32
0	4
0	7
0	2
44	7
5	7
8	3
6	22
6	22
0	15
0	15
4	0
10	5
0	0
203	9
2	0
0	0
9	3
28	24
0	528
8	29
0	7
14	17
0	38
4	0
0	0
0	10
0	0
138	551
0	1
708	4
1	0
10	33
0	33
0	0
0	0
4	9
11	10
0	8
3	9
115	12
0	12
26	25
0	22
7	0
137	178
0	0
9	178
215	0
0	98
0	29
0	87
51	117
0	0
0	25
0	7
0	7
0	0
103	18
1	12
7	17
0	3
0	6
0	0
4	0
10	6
0	6
0	14
0	16
0	13
0	17
0	17
0	56
3	8
0	56
5	0
0	6
12	25
0	22
0	1
0	31
1	17
11	16
0	13
2	6
0	3
0	5
1	5
0	4
3	0
29	215
0	64
0	68
11	7
0	0
81	50
0	49
0	11
2	11
0	6
0	19
21	38
38	0
21	22
0	18
0	20
0	8
32	45
0	31
1	9
0	1
0	0
0	0
3	7
0	90
2	87
6	80
3	18
16	11
0	16
50	16
0	19
0	3
2	35
0	35
4	1
1	0
6	6
0	3
73	4
0	3
30	0
0	0
0	0
0	15
0	0
0	0
0	0
19	19
23	19
7	0
0	0
59	25
0	15
0	17
2	11
0	1
0	2
2	1
0	0
2	3
418	303
0	1113
0	507
1	564
0	1097
0	33
48	37
0	12
0	10
36	15
0	19
3	0
55	9
9	0
0	0
0	2
38	8
0	7
14	7
0	211
0	9
307	127
0	68
12	0
71	75
0	62
0	75
0	15
0	1
1	5
0	1
0	2
3	4
0	3
0	4
1	3
0	0
0	692
0	302
0	101
20	0
0	19
0	19
14	19
0	14
0	2
0	2
33	0
5	215
0	107
0	137
0	68
3	691
0	55
0	43
0	45
0	8
0	8
0	5
10	2
0	3
5	4
7	1
13	4
14	23
4	23
0	16
69	17
60	1
0	38
12	43
0	52
2	2
0	7
62	29
0	47
0	5
28	4
11	19
0	19
69	196
24	95
0	146
3	19
17	2
3	109
91	8
0	0
3	0
0	1
0	0
1	8
0	25
123	35
16	28
0	0
4	0
0	24
0	68
0	45
0	42
65	9
0	22
0	0
1	19
4	54
0	14
0	15
28	44
20	98
0	13
0	64
4	0
0	1089
0	9
41	0
21	85
4	106
0	86
0	106
130	2
0	0
89	12
0	21
0	32
229	10
11	0
174	238
0	238
0	60
0	33
0	53
31	52
0	49
170	0
0	9
0	9
0	7
350	1954
0	1082
0	287
71	43
6	0
0	41
22	105
428	67
0	67
0	54
26	4
0	4
0	0
5	0
1	30
25	4
0	4
7	185
0	33
0	94
0	94
0	40
0	29
0	4
2	7
0	0
1	24
0	0
1	4
0	1
0	1
0	0
3	1
6	30
0	3
84	40
0	40
0	43
0	44
3	35
0	12
0	12
0	12
0	9
2	8
0	11
0	6
0	14
0	0
0	5
1	0
25	0
0	0
0	9
0	14
8	20
0	11
723	4
4	4
0	4
9	4
22	251
0	221
0	1
0	8
18	6
0	1
0	6
0	29
19	0
11	38
0	65
220	63
6	144
0	144
0	10
0	10
1	10
84	270
100	256
33	21
1	18
0	1
445	28
0	6
0	6
6	22
103	27
1	20
0	2
1	7
9	2
0	2
0	4
0	4
1	3
1	287
0	339
0	339
0	5
1	4
0	0
0	5
0	0
0	127
0	127
6	0
0	0
8	0
35	3
0	0
0	3
0	0
0	3
0	0
0	0
0	0
2	6
7	0
0	4
0	4
0	4
0	0
0	0
11	5
0	0
48	11
0	11
0	0
1	0
0	1089
0	85
0	4
0	4
0	4
0	4
0	4
0	4
0	4
0	4
0	4
51	45
406	45
55	22
0	45
0	182
1	111
0	65
9	67
0	37
0	35
0	35
0	35
52	32
0	33
2	25
0	18
0	0
1	0
0	0
3	3
0	3
0	0
0	341
0	352
0	330
0	119
0	84
122	37
0	2
18	1
0	1
0	1
0	1
26	15
0	10
0	0
0	5
0	5
0	10
1	7
2	0
0	12
198	335
0	301
0	329
28	237
0	112
0	167
0	82
2	0
0	0
0	278
2	139
0	48
1	155
2467	1685
80	4
0	4
0	0
16	41
1	40
0	19
0	4
1	5
1	272
18	23
0	0
170	40
0	0
14	45
28	0
0	12
0	0
2	12
5	43
0	1
0	31
0	28
0	21
55	98
0	3
0	2
1	0
0	2351
4	280
70	13
0	885
0	64
12	212
125	198
0	19
6	6
6	31
0	1
52	0
862	20
0	29
6	32
2	2351
11	2
25	2
34	196
16	3
191	56
15	45
0	34
0	10
0	137
4	44
6	220
0	220
8	2
0	13
5	1
9	0
0	4
77	4
0	9
0	8
0	2
0	9
379	82
1	13
17	6
0	5
17	4
53	51
0	0
0	20
0	27
0	6
0	3
0	16
0	16
245	0
32	0
0	0
0	5
0	5
2	26
3	0
0	0
0	0
0	0
0	0
0	0
0	0
68	0
6	0
3	52
0	52
38	11
0	11
13	18
0	261
0	246
89	140
15	101
0	124
11	39
9	21
1	0
0	24
12	24
3	19
0	24
0	5
0	0
8	5
0	4
0	4
0	0
0	0
1	0
0	0
0	0
0	0
148	16
0	11
0	5
1	4
20	4
8	0
14	24
0	24
3	11
2	17
0	7
0	17
10	8
61	294
1	0
0	0
3	8
0	29
9	17
117	2
0	117
0	122
105	123
0	18
0	0
0	1
0	1
0	7
0	0
1	0
3	0
0	26
0	26
1	1
5	6
3	25
0	2
0	2
0	25
4	2
0	2
29	31
49	107
0	67
0	22
0	33
23	13
0	108
17	0
8	21
5	413
5	10
35	235
2	16
0	31
0	1
106	37
0	37
0	215
0	120
14	128
0	207
45	3
0	146
0	120
4	194
0	181
107	172
56	7
96	4
0	4
1	0
6	3
1	16
0	8
0	8
0	240
0	336
0	44
0	178
0	5
2494	398
18	228
19	176
7	0
1	22
0	23
6	20
0	13
0	3
0	5
52	4
0	2
3	2
0	7
9	0
0	10
101	10
0	1
43	42
643	58
16	66
0	78
1	46
18	0
26	57
0	24
0	0
140	2104
0	9
0	17
0	21
0	101
0	4
0	4
0	27
0	39
4	34
113	88
0	353
15	143
1	0
0	51
2	0
16	19
156	33
0	19
3	14
0	14
0	0
0	0
55	53
0	7
8	2
0	282
40	11
0	80
0	80
6	283
136	356
59	46
13	4
0	1
23	335
6	0
928	380
3	7
5	7
0	1
0	0
209	54
38	6
9	48
0	119
1	8
0	8
0	0
0	8
0	0
0	8
16	10
1	5
0	12
1	111
0	36
1	0
6	82
0	81
5	73
0	21
0	0
34	7
0	10
1	58
0	1
0	51
0	51
8	2
0	61
0	10
64	14
9	14
122	53
0	53
13	53
4	0
7	29
0	7
1	0
88	183
28	6
0	1
0	183
5	9
10	12
0	11
20	33
0	0
26	57
29	43
0	0
0	14
0	4
0	4
161	1
20	1
0	0
0	0
18	6
0	4
2	4
8	4
0	4
19	1
0	1
34	44
65	61
0	50
0	0
0	4
0	2
6	13
0	13
68	11
0	6
17	61
0	7
51	28
11	6
5	0
0	3
22	1
0	2
15	7
1301	642
0	634
0	634
0	634
11	282
0	233
5	1
36	4
3	0
0	7
1	0
0	5
16	15
0	5
0	4
0	4
0	0
0	0
0	15
1	1
40	4
0	3
5	4
0	0
65	1
0	1
0	1
0	1
4	0
1	55
13	7
4	3
0	2
0	62
0	54
0	55
36	0
0	0
0	0
0	0
0	1
0	55
27	58
0	58
0	54
3	9
0	9
0	0
0	153
36	156
0	156
38	33
0	25
0	0
0	9
0	2
0	10
166	30
176	21
0	19
0	2
0	17
0	2
0	0
0	0
2	17
3	251
75	251
0	5
0	3
19	1
0	3
0	317
3	317
19	317
821	101
0	2
7	0
0	7
0	7
0	7
0	0
2	0
0	7
0	7
0	7
13	0
13	0
28	0
18	23
0	23
0	1599
0	28
4	658
0	835
0	582
3	497
0	469
0	28
718	1599
0	1571
0	0
0	0
0	701
0	658
15	143
0	2
0	141
0	0
338	18
0	40
30	42
0	27
0	17
1	6
0	5
0	6
2	5
488	62
0	23
59	70
0	70
42	0
45	25
0	60
0	72
0	132
0	30
13	48
4	33
2	0
7	0
2	43
12	24
1	6
0	0
0	8
0	22
4	3
4	36
0	24
0	1
2	30
0	3
0	3
0	2
0	2
5	8
2	14
11	6
0	1
2	1
0	0
0	51
1	51
4	0
24	1
0	0
3	1
1	1
0	142
0	10
0	8
5	9
0	0
0	141
0	11
4	3
1	0
44	3
0	0
0	0
1	0
0	0
0	0
0	0
1	1
2	2
0	0
0	0
5	0
0	2
0	39
0	39
10	51
0	23
0	20
0	2
6	14
0	1
0	2
18	12
0	2
6	2
0	2
1	0
493	0
3	0
5	0
0	0
0	0
6	2
0	1
0	0
0	1
22	25
0	0
0	0
0	3
0	4
2	0
0	21
1	10
1	3
0	21
6	19
0	18
5	5
0	3
0	1
0	2
0	1
1	1
0	8
0	0
2	10
0	4
0	4
0	6
0	0
4	6
11	11
4	3
8	0
0	19
178	191
0	21
0	45
0	46
0	0
10	70
0	1
0	0
15	20
40	68
0	0
0	0
0	52
0	18
16	71
13	0
9	6
0	0
5	8
25	8
3	19
0	19
8	6
0	37
0	37
0	0
4	5
1	1
0	5
6	0
19	3
0	0
0	2
0	26
0	45
12	55
0	3
0	13
0	0
459	0
10	43
17	1
22	36
13	16
0	28
0	2
0	2
1	2
0	2
177	8
1	4
0	5
0	8
2	4
0	90
103	90
439	2
0	8
0	8
0	324
68	324
0	8
0	47
29	19
25	29
0	25
31	25
0	14
11	16
0	35
6	1
1	1
0	34
13	8
9	0
0	16
29	16
0	0
0	7
1	0
0	36
0	4
6	41
37	90
0	83
36	14
0	13
11	2
0	2
60	41
29	5
0	36
57	0
9	0
19	0
10	27
7	0
44	31
0	23
7	26
0	4
0	26
0	16
7	16
14	69
0	69
32	26
60	65
557	0
33	19
0	10
0	11
9	56
0	19
0	5
8	8
27	12
45	28
45	32
0	11
0	21
0	8
94	59
27	56
124	18
0	13
7	0
28	1
0	3
0	256
0	257
0	1
53	0
0	0
0	0
2	0
8	0
10	6
0	78
0	37
84	78
0	32
0	0
0	1
0	1
30	0
143	62
4	169
0	227
0	172
1	6
1	18
1	8
0	15
3	61
0	10
0	10
0	31
0	24
2	10
0	14
0	30
0	17
4	15
0	22
0	51
5	15
0	8
0	1
0	51
12	12
0	176
0	176
0	176
0	174
0	0
13	0
35	322
4	309
0	9
2	10
0	20
0	0
0	0
21	2
0	15
2	4
290	347
29	176
107	96
11	0
0	281
4	55
9	94
0	2
0	0
1	0
7	3
2	19
16	19
0	2
11	35
0	3
0	3
3	35
9	16
15	16
10	13
10	375
146	347
23	330
9	249
0	45
5	5
0	4
3	0
0	6
0	42
12	77
0	50
1	52
0	0
4	0
0	0
1	1
0	1
0	11
0	1
0	0
0	5
10	4
2	0
0	1
0	1
2	1
135	8
0	2
86	159
0	0
0	1
6	0
0	5
28	174
5	18
0	0
0	174
13	11
0	0
6	11
26	10
0	3
4	2
10	0
1	2
20	2
0	0
0	0
0	12
0	12
7	8
0	18
2	18
0	12
3	0
19	11
0	11
17	4
0	4
1	25
9	18
0	32
0	27
24	29
178	34
41	32
8	1
0	1
45	94
0	10
0	384
0	384
4	4
1	6
9	120
36	64
0	57
3	17
0	4
142	15
21	5
0	3
16	0
0	0
7	0
0	0
169	6
0	0
4	0
28	0
0	28
0	56
0	6
28	41
4	4
0	0
2	7566
24403	7697
21	9
0	0
0	0
2	1
9	70
0	0
5	19
1	1
2	1
0	0
0	42
0	0
0	0
0	0
1	316
1	53
0	0
0	2
0	17
0	44
0	0
0	0
5	4
0	7
0	0
12545	80984
0	0
0	57
0	0
116414	65790
0	0
0	3
0	49
422	38111
128	32481
2008	33403
1271	18533
0	43
0	53
0	0
0	34
0	49
0	0
0	0
0	0
177	83
2	0
0	50
0	5
0	0
0	3
4	18
26	67
0	5
19	57
120	61
0	0
794	22940
191	0
0	0
0	18
0	0
0	0
20	0
0	7
17	467
0	0
272	465
0	8947
0	1
1	66
0	3
5824	20500
534	7395
20641	88648
0	51
0	68
0	0
0	0
21	0
0	1
0	6
0	4
0	12
0	0
0	0
0	0
1	1
0	19
0	1
0	0
1	2
32	26
0	0
0	0
17	0
0	2
0	41
5	0
9	0
12	0
0	0
0	4
0	0
0	64
36	63
0	0
410	0
0	0
0	35
0	26
0	6
2	16
2901	106060
19	2
0	0
0	0
4	1
240	0
391	0
30134	33324
0	0
0	35
0	46
0	37
0	46
0	46
0	46
0	4
0	0
0	39
0	21
0	41
0	0
0	0
650	9044
50	24351
0	16
0	67
0	0
0	0
0	0
0	1
0	55
5	319
13	8
0	0
0	27
2	1
6	65
0	22
0	25
0	0
0	51
0	0
0	0
13	0
1	8
0	34
500	221
0	19
569	34159
3	0
0	27
0	59
0	0
1	8
0	71
2776	43340
149	7270
145	8025
535	9173
193	8181
1303	15253
576	26503
8	12204
7	8745
0	1822
0	0
0	0
0	0
0	23
0	0
2	3
0	0
0	0
0	0
0	28
0	0
17	54
0	78
0	0
0	15
24	62
0	0
0	17
393	568
0	1
130	75
0	222
0	67
0	6
13	65
0	3
0	1
0	9
0	2
0	0
0	2
0	1
5	0
1	0
13	0
0	0
0	7
0	0
29	0
0	0
0	37
0	0
43	1
0	0
0	0
0	45
0	43
152	13
0	15
0	5
0	6
0	52
25	48
2	0
191	0
0	0
0	219
65	136
0	136
1	0
0	0
626	40711
4	0
13	0
14316	120456
0	0
0	3
15	0
0	0
913	890
14	0
7	84
11	62
17	56
3	21
0	1
0	1
0	1
0	0
0	1
0	7
0	0
0	0
0	0
0	0
0	0
0	28
0	6
0	22
0	0
0	2
0	0
0	1
0	0
0	0
0	1
0	1
0	2
31	42
13	0
33	42
26	6
0	13
0	10
0	6
1	7
0	0
23	3
30	11
0	0
11	23
0	23
13	22
0	1
0	0
16	0
0	24
51	39
2	39
43	66
0	62
50	42
0	41
0	0
5	0
0	0
0	37
0	19
1	11
0	13
1	16
0	20
0	1
0	11
0	6
0	33
0	7
0	7
93	201
1325	209
0	259
4	201
0	181
0	8
0	0
0	5
0	5
18	96
0	103
0	11
0	0
0	7
0	103
10	0
43	22
0	21
0	9
0	1
0	7
0	0
4	7
85	29
0	29
1	0
3	0
0	0
1	0
141	101
0	101
2	27
31	41
21	97
2	0
0	16
0	165
0	99
16	58
11	33
0	20
0	14
0	14
359	82
0	14
0	0
0	0
0	0
0	0
22	2
0	117
0	94
0	31
19	23
0	94
0	14
0	358
0	358
8	358
0	0
40	350
0	0
0	0
14	15
0	0
1	0
0	0
64	160
9	49
0	49
1	8
0	40
0	15
0	43
136	164
0	24
0	25
40	39
0	16
2	0
0	1
2	0
6	1
0	4
0	0
0	1
1	10
0	0
0	0
2	4
1	0
123	103
0	57
13	18
0	18
150	91
0	2
0	6
0	15
0	0
0	0
28	25
8	25
0	27
0	64
0	57
0	62
0	64
0	14
0	55
89	55
0	13
16	1
5	17
0	1
0	100
3	17
0	10
1	101
77	131
0	0
1	131
10	41
0	41
10	5
13	5
9	0
0	0
0	0
2	0
0	0
3	1
5	0
169	52
0	15
1	37
13	0
9	0
2	7
0	7
0	11
0	11
2	3
0	0
0	2
6	2
4	7
1	2
1802	0
3	0
3	0
0	6
0	6
0	1
19	0
26	24
0	24
16	305
0	167
0	0
0	3
5	2
0	136
0	138
1	61
0	89
725	221
1	0
0	80
3	9
0	4
1	74
6	0
0	49
28	52
0	0
0	0
14	1
0	80
22	6
0	36
0	49
0	50
0	64
0	0
0	26
0	0
5	0
8	7
0	31
0	7
0	4
8	5
0	35
0	29
0	23
0	17
0	32
0	75
8	67
0	49
7	75
0	37
329	726
0	294
0	221
0	86
0	64
14	6
0	17
8	0
0	6
82	0
0	7
0	0
0	748
0	729
0	292
3	26
0	19
25	20
7	0
12	3
7	0
0	3
0	3
0	3
0	3
3	107
3	0
0	0
211	20
0	20
0	0
0	0
6	0
16	0
0	0
0	2
0	0
0	2
41	6
14	10
0	10
4	7
31	0
9	24
30	6
16	8
4	102
72	95
1	37
0	106
0	0
0	1
0	0
0	14
0	27
75	1
93	27
0	35
0	19
0	2
0	2
0	38
0	48
100	0
3	0
11	426
0	462
0	358
0	256
0	4
22	7
0	1
0	0
26	0
0	0
0	6
0	6
33	1
41	54
0	52
4	63
0	80
552	119
0	6
0	1
0	1
59	14
0	2
1	13
0	0
0	13
47	9
23	16
0	8
4	4
4	0
1	4
12	368
66	154
11	74
0	22
0	17
9	22
0	12
6	9
188	0
112	21
20	21
0	3
3	3
0	2
0	15
0	15
333	1
0	5
0	13
0	13
0	5
1	0
29	0
19	1
0	1
0	0
0	0
0	0
0	0
0	9
21	9
0	9
14	1
0	2
2	2
303	97
4	0
6	5
0	5
0	92
6	0
0	2
0	2
6	0
77	534
267	534
6	2
35	1
396	1
0	0
0	0
2	1
13	0
5	35
0	3
0	31
20	36
18	15
9	7
0	3
1	7
0	115
0	115
303	115
0	8
0	1
1	6
0	0
0	0
0	0
0	1
3	1
0	1
0	0
0	1
4	1
17	30
2	65
0	4
9	4
18	0
10	0
0	3
2	0
60	30
0	26
3	4
6	3
6	1
31	7
1	7
0	0
0	0
28	17
1	0
2	20
0	20
0	48
1	43
1	4
13	7
0	19
114	19
28	0
6	34
0	33
0	17
0	7
0	11
0	1
0	4
0	4
0	1
0	93
4	93
0	79
0	85
1	85
1	15
0	11
0	6
0	10
1	2
5	21
0	9
126	40
6	35
0	31
0	20
0	18
0	0
6	15
18	4
0	15
0	12
0	6
24	12
165	95
0	66
0	11
0	11
2	3
0	0
1	0
0	28
59	32
0	4
0	3
0	7
0	2
0	2
1	1
4	13
5	0
0	19
5	0
162	0
62	0
0	21
7	21
0	2
0	2
0	0
1	10
68	5
0	5
0	1
0	0
0	0
0	1
8	16
0	16
0	2
49	7
287	8
0	18
7	18
1	91
1	13
10	91
20	9
4	0
19	60
4	18
0	2
0	0
0	0
0	3
19	32
159	16
3	21
0	20
14	44
0	16
34	14
0	0
0	0
1	33
5	13
0	4
0	4
2	67
79	69
19	69
0	0
3	3
101	29
132	35
0	2
0	2
0	0
0	0
21	0
0	11
15	11
0	0
34	18
131	34
0	16
223	3
0	5
0	5
0	34
0	3
0	31
3	0
0	103
0	103
0	0
0	0
102	0
0	154
0	147
0	10
1	1
0	54
4	45
0	34
6	18
0	0
49	10
0	4
0	4
0	0
0	7
0	8
0	3
0	7
0	0
0	0
0	0
0	0
0	12
0	12
0	114
2	0
0	0
11	58
0	58
0	0
0	0
52	114
16	96
0	95
61	1
0	44
0	44
0	44
0	41
0	41
0	41
0	41
0	41
0	41
0	41
0	41
0	41
0	0
6	21
3	262
0	262
0	4
0	23
0	1
0	30
95	31
0	18
0	18
1	74
0	20
0	0
0	9
1	72
8	2
0	66
10	9
11	4
6	1
0	1
0	196
0	4
0	196
13	31
0	14
0	0
23	1
20	28
0	0
0	8
15	20
0	9
1	7
0	13
6	1
27	0
0	13
35	13
0	0
1	0
2	0
12	8
1	32
194	584
0	392
0	26
4	0
146	552
11	1
0	0
1	2
0	2
0	0
0	2
0	2
0	2
0	1
1	2
20	1
0	0
0	1
52	1
1	0
145	9
421	9493
0	22
0	21
0	21
0	22
0	21
0	22
0	22
0	0
0	122
0	119
2	126
0	58
0	10
30	67
0	42
0	14
2	1
0	0
0	0
0	0
0	0
0	0
0	118
0	118
0	122
0	86
3	791
1	0
3	8
0	5
0	3
0	0
11	3
368	7
0	7
0	4
0	4
3	0
1112	1
1	7
0	12
5	17
0	10
0	9
0	10
0	9
0	2
0	2
0	2
0	5
1	0
2	0
0	0
0	4
7	4
0	0
0	4
0	4
539	129
0	129
3	773
0	779
2	0
7	0
0	0
16	0
0	19
0	40
0	12
0	14
1	25
0	40
0	29
0	9
0	30
0	1
0	5
1	1
0	8
0	8
0	22
0	8
1887	0
253	431
0	431
24	428
64	4
0	125
280	2
2	1
0	11
43	141
60	0
63	5
0	4
1	1
0	0
0	0
0	1
0	0
1	0
0	1
0	1
11	1
32	82
0	48
9	2
3	0
0	0
5	61
0	0
0	0
8	61
9	21
0	14
100	8
0	8
7	1
4	109
0	6
0	0
0	107
1	3
0	42
0	42
5	0
0	0
1	20
31	165
16	102
0	55
0	51
0	21
274	103
0	97
3	65
4	62
6	62
6	55
0	32
0	30
0	20
0	4
10	0
7	2
5	2
1	1
2	8
0	8
0	1
0	1
1	1
0	17
0	14
7	24
0	8
2	2
1	2
0	0
20	35
2	35
0	0
4	14
15	2
0	0
6	0
55	0
39	0
0	0
153	212
0	212
11	145
150	125
0	38
0	17
0	0
1	0
1	0
0	3
0	11
21	11
0	15
0	15
73	136
3	129
0	105
33	126
0	61
0	103
7	5
0	5
0	219
391	848
0	219
251	295
0	9
0	848
158	123
8	123
41	39
2	39
0	5
0	2
0	0
0	15
0	15
0	0
1	29
0	30
0	30
0	30
0	37
1	27
0	30
5	3
0	3
0	15
1	15
29	14
0	14
0	1
1	10
2	10
115	31
0	0
0	0
7	21
1	18
6	12
0	10
0	10
0	0
1	4
25	76
3	13
0	4
163	20
14	2
26	21
0	1
0	20
54	52
0	47
0	2
0	8
11	12
0	43
4	0
129	28
0	8
0	0
0	1
0	1
0	28
1	1
0	7
40	1
44	54
1	45
0	47
6	45
0	47
0	0
0	0
0	0
0	2
0	2
0	0
0	0
0	47
4	1
0	2
0	0
0	1
0	11
23	305
0	43
19	8
11	8
318	7
0	7
3	0
2444	225
0	225
0	101
521	168
190	192
12	106
0	29
62	5
3	2
0	2
0	293
0	31
6	0
8	5
2	0
0	0
0	726
0	726
0	701
0	25
0	5
3	0
0	0
0	0
6	0
79	18
0	0
0	5
15	0
0	13
31	0
121	151
0	133
0	125
7	21
15	10
0	4
0	16
1	16
7	29
0	3
0	4
1	0
0	0
85	13
110	4
0	0
0	0
0	0
1	0
1	0
5	0
6	103
33	3
3	2
0	0
5	100
0	82
1	76
13	8
0	8
0	2
127	99
0	21
0	3
94	112
0	5
0	10
0	10
0	4
0	4
1	6
0	6
0	0
0	139
0	54
0	169
0	169
0	119
8	74
62	8
0	2
481	0
1	6
0	51
0	4
0	0
0	2
0	2
0	2
1	0
1	0
2	72
355	57
19	35
0	1
6	22
5	2
0	4
5	4
0	6
9	0
0	5
0	6
0	6
0	2
0	1
22	1
276	40
25	39
6	8
3	8
13	55
0	240
0	262
0	212
0	4
0	2
0	4
0	2
0	2
8	0
0	0
0	39
0	36
0	11
411	473
0	52
189	248
0	10
0	0
212	454
51	230
11	6
0	138
2	174
0	193
3	226
0	174
0	171
1	200
464	148
0	134
0	100
0	79
29	84
11	109
4	15
506	0
0	132
0	47
0	12
0	12
3	14
0	2
0	3
0	0
0	0
126	28
0	21
7	8
0	3
80	74
0	4
119	17
0	0
10	0
0	12
110	21
49	95
0	95
0	102
0	90
0	96
4	3
2	2
0	0
15	0
186	0
20	0
0	0
5	0
13	0
0	30
0	39
0	16
0	38
48	84
288	49
0	84
6	53
0	30
0	119
0	120
0	117
0	118
8	108
0	24
1	269
42	246
10	11
0	11
6	0
17	54
21	54
0	41
0	0
84	71
7	7
0	19
0	0
0	16
14	0
1	64
110	0
0	64
20	9
0	11
0	2
10	0
0	0
0	0
0	0
0	166
112	44
2	44
641	67
0	94
4	61
27	14
0	23
0	27
39	14
0	1
71	7
12	22
7	30
0	0
3	0
39	46
0	46
0	19
0	5
3	25
0	25
0	19
0	19
0	174
9	155
0	14
92	16
3	4
0	7
0	17
8	6
1	5
0	3
0	15
19	217
0	0
0	0
0	6
0	8
3	13
9	10
0	0
0	5
0	6
26	26
181	3
0	74
89	77
35	138
0	59
0	130
5	3
748	125
0	16
1	6
1	6
0	13
0	0
40	2
0	52
0	52
0	45
7	39
192	423
0	423
2	0
0	0
0	1
12	1
0	1
4	1
3	0
0	73
0	6
6	1
0	11
33	10
12	28
0	1
9	9
5	23
0	1
4	56
1	40
0	56
0	8
1	52
0	47
0	17
0	1
5	20
0	4
0	0
140	0
0	18
0	18
0	8
11	36
6	19
14	0
4	302
0	12
6	50
0	7
43	7
12	13
0	113
0	232
0	28
0	20
0	116
0	286
67	123
1	126
0	79
27	243
1	252
0	86
0	54
0	18
0	23
17	12
3	7
0	20
0	5
0	1
0	9
0	2
0	4
0	26
0	4
0	11
0	7
0	7
8	9
0	3
0	42
33	44
2	0
0	0
1	16
8	16
68	63
5	54
0	54
0	54
0	52
0	52
0	63
0	0
0	2
0	0
0	3
0	2
0	7
0	8
14	51
2	0
0	42
1	42
0	15
0	15
0	5
114	269
7	274
0	0
2	0
18	4
0	4
16	0
6	7
0	0
3	1
8	7
4	0
0	0
0	70
19	61
65	19
0	67
0	42
11	8
0	8
0	6
86	11
38	0
2	5
0	5
3	4
5	0
0	0
2	0
0	0
0	5
0	145
0	120
541	145
159	29
41	9
0	9
0	117
0	117
1017	0
111	309
19	286
0	0
1	30
1	27
0	4
0	1
0	1
0	1
0	1
0	1
0	8
0	15
0	15
92	12
0	7
0	30
43	23
0	0
55	0
1	7
0	76
0	76
0	50
373	64
0	64
11	8
0	0
0	0
1	329
0	329
7	308
20	224
3	89
85	95
0	0
23	6
0	137
1	134
12	26
0	26
0	0
1448	12
0	10
712	4
1	1
26	4
8	4
0	5
19	3
57	657
106	657
45	24
6	0
146	24
0	580
47	580
262	18
52	18
17	7
16	7
0	47
21	47
0	0
0	13
0	0
2	46
12	15
0	5
0	1
0	1
25	5
0	0
4	5
0	25
0	25
0	0
0	0
0	0
0	1
0	17
0	15
23	15
0	25
0	2
0	2
0	2
0	104
0	6
0	6
0	6
0	6
1	6
0	6
14	6
0	6
9	3
0	1
3	10
0	3
0	18
0	21
0	23
0	6
0	6
0	12
1	12
0	7
0	10
0	12
0	9
3	13
0	10
0	0
0	3
0	3
0	6
0	6
0	6
2	10
0	10
17	8
8	6
0	1
2	2
0	55
5	55
8	17
2	2
0	3
102	51
0	20
10	0
0	29
890	8947
70	0
1	0
0	0
5	1
0	1
0	1
0	1
0	1
0	1
0	1
1	1
0	1
11	1
0	0
0	0
0	0
0	1
0	1
1	1
0	0
2	0
7	32
51	1
0	19
34	19
0	6
0	1
0	21
0	7
0	32
2	0
0	0
3	31
0	12
0	32
0	29
94	28
1	8
20	0
0	3
10	155
0	0
0	94
0	118
3	0
0	11
0	0
26	117
4	0
14	19
5	19
2	4
0	3
0	0
9	0
3	0
121	0
1	101
776	18
0	84
0	1
0	1
0	1
0	0
0	0
0	0
0	0
3	32
0	33
0	33
0	9
0	93
0	93
0	14
0	14
22	0
2	82
0	19
8	2
0	2
50	0
12	0
7	1
8	13
0	26
0	1
0	1
0	1
29	82
0	1
0	1
0	0
0	31
0	47
0	47
10	207
0	106
16	1
10	31
725	27
2	20
0	7
1908	0
0	3
123	3
0	3
1	3
0	0
0	19
1	19
211	11
9	0
0	2
0	8
0	315
0	412
0	96
0	8
1	499
0	95
0	98
0	0
0	24
0	5
9	2
0	5
0	5
0	3
1	1
19	0
0	0
0	94
59	282
0	21
9	282
0	15
0	53
1	29
12	18
10	37
887	185
0	20
0	1
0	34
0	19
0	137
0	6
2	6
0	0
1	0
0	6
15	0
284	0
8	21
0	7
101	7
50	80
19	78
0	0
13	80
0	0
0	15
0	0
8	0
0	11
111	280
1062	270
69	230
137	177
0	174
0	80
50	59
108	0
9	4
0	3
0	67
0	63
7	67
0	15
3	23
2	69
369	314
5	101
0	98
0	82
0	54
0	54
24	54
0	21
0	3
0	2
0	0
612	19
144	69
7	68
1	0
0	0
0	1
15	0
2141	335
22	335
27	19
90	30
64	19
120	0
140	0
6	7
0	1
55	0
21	65
0	20
0	58
577	218
3	141
0	7
97	115
0	6
0	6
0	3
0	20
1	20
0	6
0	23
78	46
0	29
49	23
0	139
0	40
14	0
7	0
0	0
0	139
23	176
0	177
68	27
0	21
4	16
4	3
0	3
0	177
0	7
5	0
7	7
0	0
0	3
0	0
0	3
0	3
0	3
0	3
0	2
0	1
8	1
52	1
1	18
5	18
0	17
11	74
4	74
35	65
31	65
0	16
8	31
0	8
0	13
0	7
0	8
6	5
13	2
0	1
0	2
140	122
5	6
0	5
0	37
0	37
14	38
157	14
13	0
1	0
1	1
0	1
9	15
0	14
0	4
0	62
8	8
0	8
0	0
8	6
0	12
0	93
0	8
36	121
1	13
3	93
0	37
0	62
0	21
0	74
0	74
118	114
0	27
5	65
0	45
0	118
56	173
35	42
0	118
12	66
1	0
25	1
0	0
0	118
5	13
0	14
1	13
0	14
25	0
8	35
7	1
14	34
0	3
10	0
23	0
0	8
3	8
0	1
0	1
1	0
0	0
0	1
0	1
0	1
0	9
0	9
416	234
0	15
0	28
0	199
48	124
0	1
0	0
1	0
1	0
0	9
0	11
0	0
0	124
97	58
23	27
0	20
0	21
0	0
100	1
1	0
6	17
0	0
0	3
177	3
1	0
0	0
0	0
16	102
0	89
0	32
26	0
3	65
2	155
0	479
0	479
1	386
0	0
4	0
29	0
0	1
0	1
3	63
11	14
0	6
0	11
0	4
0	10
0	12
0	0
0	2
1	14
5	13
1	13
0	1
0	7
0	11
5	96
9	96
0	89
0	74
0	0
9	0
2	2
0	145
0	145
0	96
0	2
0	5
0	96
32	134
10	41
0	42
4	39
0	4
0	0
32	50
25	3
0	90
0	14
84	7
113	14
1	0
0	0
0	19
0	7
0	7
0	3
0	3
0	15
0	20
0	20
0	8
0	3
0	3
36	0
31	37
0	37
0	36
0	0
10	4
6	4
2	0
7	35
3	25
1	9
5	0
233	35
0	10
0	10
33	0
109	24
0	24
76	292
0	282
0	278
0	9
2	0
3	0
0	0
1	0
14	0
94	121
837	121
20	83
1	0
0	69
10	8
0	0
0	2
0	2
0	0
1	0
0	69
38	232
0	6
58	29
0	7
0	217
0	100
0	60
0	11
0	34
0	4
0	48
0	19
0	3
0	21
68	45
0	31
30	2
0	18
18	0
0	3
4	42
4	1
111	2
1	0
0	2
3	0
0	0
17	2
4	0
0	0
0	0
7	20
0	25
0	24
25	979
0	102
17	31
0	63
1	20
2	3
32	32
4	115
0	12
1	0
0	0
81	7
0	1
0	1
41	27
33	53
0	6
3	3
0	1
0	1
0	3
14	1
0	0
476	52
0	52
31	0
0	2
0	0
0	0
0	0
0	0
0	0
0	1
0	1
0	0
0	0
1	0
6	28
2	7
0	7
0	7
4	0
52	0
0	0
2	0
2	0
8	0
0	0
115	51
0	50
14	0
12	0
6	0
5	1
0	0
0	0
0	0
0	0
0	79
0	170
0	255
5	0
1	243
2	0
0	191
47	6
0	0
45	217
4	0
4	10
11	12
12	500
0	14
0	14
54	492
8	246
0	2
0	0
211	24
27	12
0	12
9	109
0	34
0	6
0	3
237	0
0	81
5	11
6	0
0	11
0	11
98	0
8	24
0	16
0	0
0	8
0	3
2	7
0	27
1	11
0	117
0	120
2	120
15	27
1	1
0	1
2	0
1	26
158	44
1392	1
0	29
4	5
0	5
0	5
63	0
0	0
0	0
1	0
371	189
0	190
0	66
0	66
6	9
18	89
1	63
0	84
19	50
8	11
13	4
1	0
1	14
0	1
0	0
0	1
2	1
0	0
0	1
741	0
608	148
0	131
33	80
0	11
0	11
11	6
0	6
50	1
884	36
0	131
166	182
0	57
0	109
0	134
0	131
59	578
194	578
3	2
623	183
0	13
1	2
0	8
0	9
32	28
0	6
39	7
0	0
15	183
44	12
0	2
0	2
2	4
0	36
34	27
0	20
0	27
6	0
0	1
0	1
0	2
0	2
0	0
1	1
176	17
9	17
1	17
10	17
1	26
0	25
0	5
18	4
4	6
0	1
3	2
0	0
0	0
0	3
0	9
1	10
0	9
0	1
0	0
0	0
0	0
1	0
0	0
0	1
0	0
345	58
3	58
19	1
0	1
0	19
1	69
0	10
0	61
0	61
0	61
8	221
0	222
2	214
0	202
0	97
0	7
2	3
0	0
0	36
0	36
0	23
0	15
142	21
0	66
10	66
20	0
0	0
0	0
0	0
0	0
0	2
2	2
0	5
0	3
0	49
403	111
0	18
7	0
0	0
0	0
0	17
0	4
0	73
0	43
0	98
25	29
229	127
0	36
3	0
171	162
9	112
150	80
0	11
7	0
43	38
0	38
0	1
2	1
0	1
5	103
0	21
46	44
0	14
0	83
13	83
0	90
7	0
4	19
0	9
0	9
0	8
0	6
0	106
0	69
0	36
0	106
0	9
0	0
0	2
0	2
0	2
0	1
0	1
0	0
16	10
0	0
0	10
3	10
0	10
0	1
0	1
10	37
0	36
10	17
288	17
21	468
0	17
0	468
0	14
0	2
13	2
250	0
9	18
0	18
17	20
0	6
14	0
0	2
18	88
0	88
0	69
0	41
13	19
0	37
0	37
0	37
15	6
0	1094
0	701
42	378
1	42
189	415
0	111
0	524
8	86
0	628
0	21
0	12
18	12
0	0
96	102
5	56
18	62
18	21
4	40
37	12
6	12
2	5
0	17
0	12
66	40
0	7
0	21
0	30
1	37
0	1
0	1
29	0
25	9
0	9
0	0
23	4
70	59
3	3
9	1
17	26
0	59
0	0
0	5
0	5
0	5
0	5
0	2
0	27
0	27
0	19
0	14
100	14
0	0
2	3
0	0
0	0
21	2
0	1
1	1
0	1
0	155
17	155
179	17
11	17
0	13
0	4
0	2
2	2
0	2
0	0
71	467
26	19
0	465
0	12
26	27
0	1
3	26
30	29
0	0
0	0
0	27
0	19
0	28
8	28
0	44
0	25
96	3
6	2
4	70
0	36
0	70
0	72
0	43
30	42
0	10
0	1
0	5
5	44
0	22
0	0
4	0
0	0
12	22
96	9
0	0
2	0
1	0
2	9
24	8
6	10
391	63
1	45
0	3
0	1
0	19
26	36
22	36
55	7
9	13
0	18
18	20
0	19
0	6
0	1
6	4
0	20
17	0
0	76
21	0
5	44
0	45
69	159
1	4
1	1
0	106
0	114
53	112
1	14
0	5
0	17
0	10
1	1
1	6
0	0
6	6
0	0
0	0
7	0
1	0
0	2
0	14
2	53
0	2
8	1
0	1
7	219
0	0
0	219
0	0
0	0
16	14
0	14
43	128
0	128
9	0
2	0
164	84
0	51
6	43
0	32
0	0
0	0
112	44
0	44
9	0
4	0
16	146
0	5
17	14
10	21
12	44
0	26
43	10
66	33
140	23
208	0
0	8
3	8
17	228
0	232
0	216
1	5
0	1
0	0
0	1
0	0
0	1
22	4
0	1
0	1
0	1
0	1
0	1
13	0
1	0
0	65
358	58
0	65
542	5
11	1
2	0
95	4
1	6
0	0
0	6
313	30
0	30
12	0
0	1
1	1
0	0
0	0
2	13
10	13
0	0
30	3
0	14
0	14
19	0
0	0
103	2093
0	2034
7	4
0	0
0	0
5	12
0	12
1	0
23	8
0	1
0	7
0	7
0	0
0	0
111	1
7	0
0	1
580	16
0	6
0	16
0	2
44	8
0	7
3	24
10	8
20	24
32	20
0	26
2	11
1	36
0	36
0	1
9	1
0	0
25	55
0	1
0	52
59	60
0	60
52	16
639	216
0	216
0	17
4	0
0	0
0	0
1	0
0	22
1	1
24	1
0	1
0	2
0	1
0	0
0	0
40	53
0	6
8	1
0	0
4	0
0	0
1	4
0	4
0	971
0	106
0	74
58	110
0	101
59	53
290	0
89	861
225	3
0	101
0	70
0	45
3	44
1	2
0	45
676	295
0	295
0	0
1	0
8	0
0	8
0	6
331	361
179	250
0	233
5	2
466	392
2	73
0	71
4	33
0	1
1	52
0	52
0	13
0	0
0	1
0	0
0	3
0	3
0	3
0	0
0	0
3	0
0	0
0	0
28	13
0	2
31	2
17	0
0	37
0	37
0	1
1008	101
0	87
25	9
1	3
0	3
0	17
0	4
3	0
0	170
0	116
0	84
0	173
0	170
2	182
0	47
0	35
0	25
0	16
0	8
0	26
2	4
0	0
12	0
0	95
11	107
0	95
85	187
0	61
0	42
0	41
3	41
10	3
0	19
93	19
0	5
71	0
0	4
76	3
0	17
16	2
15	17
0	2
24	3
0	48
0	47
0	4
0	3
0	48
0	48
273	1441
46	1459
0	84
45	77
0	6
0	9
0	12
0	15
0	12
1	29
0	29
0	0
4	0
0	18
0	18
0	11
14	69
1	64
36	16
0	18
10	15
0	11
0	0
13	14
0	12
0	11
12	12
0	6
14	171
22	171
5	19
0	11
0	0
0	18
0	18
258	0
10	5
183	129
0	60
0	42
0	10
0	72
0	75
29	75
7	1
0	11
0	1
0	3
0	9
0	70
0	3
1	3
0	4
0	4
0	2
0	2
0	2
0	2
1226	83
0	83
53	6
49	44
20	109
1	146
0	55
0	51
0	11
0	71
8	10
0	52
0	0
1	0
0	7
0	1
0	6
0	7
0	7
1	8
0	7
0	0
9	0
0	1
0	33
10	20
0	7
0	0
0	0
65	27
0	3
0	0
1	21
215	17
0	17
10	114
209	114
0	32
0	0
1	0
2	0
0	63
1	54
6	0
84	143
0	143
4	84
50	55
5	1
85	0
0	85
0	85
0	12
0	10
43	231
4	232
0	201
13	19
0	0
0	101
0	104
0	32
0	104
0	104
0	12
0	86
1	6
7	22
0	32
0	0
6	2
4	7
0	2
0	7
0	7
5	3
0	1
0	2
14	67
38	357
135	357
236	267
32	274
4	15
0	15
31	0
0	0
15	86
0	86
197	81
0	25
138	70
2	0
0	0
0	75
0	75
0	75
1	4
0	1
12	14
0	14
0	10
6	1
7	0
0	0
4	0
17	6
0	9
72	15
0	0
0	6
0	11
2	3
0	2
0	0
0	4
0	0
0	2
9	36
1	7
0	7
0	7
0	7
0	0
0	0
0	7
83	58
463	216
0	205
0	343
0	222
33	190
0	0
10	4
3	0
0	4
62	26
1	2
74	0
40	0
261	328
0	291
0	166
0	28
8	0
428	102
0	118
0	0
0	0
0	31
0	2
0	24
11	25
0	10
1	1
0	10
0	8
0	8
26	6
0	6
0	10
0	10
0	0
1	0
0	0
0	1
0	1
0	26
13	7
0	31
45	2
1	0
61	508
0	508
3	12
0	12
0	0
0	0
0	0
0	0
0	0
1	11
14	299
0	103
0	0
0	8
4	1
0	0
42	0
0	0
0	0
33	10
57	55
0	13
0	8
0	42
0	32
0	683
0	6
0	464
18	288
13	6
0	243
0	0
31	307
1	309
0	683
6	7
93	30
0	24
2	3
0	0
0	0
0	0
19	3
0	0
3	0
4	11
0	4
5	11
0	0
0	23
237	5
13	5
1	31
14	28
194	16
18	16
0	6
0	1
1	104
0	102
3	12
0	19
0	25
5	0
1	11
0	0
286	0
0	1
0	12
0	5
16	52
0	20
0	1
0	52
39	24
7	57
0	7
0	4
13	4
0	4
0	0
0	17
0	10
0	17
0	50
1	2
0	2
1	1
2	1
12	1
46	80
3	62
191	41
0	0
0	0
1	0
0	2
17	14
0	1
6	4
0	38
20	27
44	17
14	30
85	0
0	25
0	81
0	18
0	19
0	0
21	0
0	14
0	13
0	41
0	48
16	51
0	50
0	28
0	20
3	20
0	0
2	5
0	0
0	0
0	0
411	11
0	12
0	12
0	12
0	12
0	12
0	1
0	2
0	2
45	201
0	0
12	218
26	193
18	8
25	16
0	12
2	7
13	1
0	0
5	0
0	17
0	8
6	27
0	80
143	0
8	78
0	75
13	16
0	31
20	64
1	16
318	46
0	0
0	0
0	96
0	118
0	7
0	0
0	0
0	0
0	0
9	0
3	19
0	118
11	8
0	2
0	11
79	83
736	33
0	0
3	39
131	251
0	148
0	88
0	82
0	77
0	6
28	79
0	386
24	11
0	381
0	1
0	1
16	786
0	57
0	88
5	1
38	0
102	51
2	51
0	97
796	785
248	102
36	116
0	113
22	243
0	13
8	222
0	24
0	3
13	4
1	0
0	27
4	16
1	2
0	7
0	6
0	0
0	3
0	63
186	80
2	1
0	12
1	0
24	2
1	76
2	0
0	100
52	100
42	239
0	239
234	92
0	8
0	8
0	8
17	90
0	67
34	37
151	12
0	3
27	0
0	8
387	70
0	52
2	1
0	2
5	2
1	14
0	2
0	7
0	12
0	7
0	217
23	0
0	1
0	225
0	145
0	3
9	16
0	47
1	35
1	14
0	4
58	0
0	170
0	168
11	30
0	25
0	26
0	98
0	51
0	41
1	11
0	0
46	12
0	0
6	0
81	15
19	2
0	2
22	10
0	10
0	49
72	154
0	39
509	0
1	0
43	33
0	33
0	32
0	27
0	109
830	80
0	21
0	74
0	25
8	10
1	14
0	14
0	15
0	11
26	11
0	10
2	11
0	11
0	15
3	14
476	175
0	14
1	0
8	0
0	175
11	21
2	320
0	17
0	17
0	15
17	6
2	176
0	9
0	13
1	0
0	0
0	0
0	0
4	0
31	14
0	0
0	0
244	28
4	5
0	4
5	1
1	0
1	0
7	7
1	7
46	51
1	49
0	3
1	0
110	0
77	36
23	57
0	32
0	36
0	35
0	35
0	35
0	35
0	35
0	35
0	35
0	35
0	35
0	35
0	35
0	35
0	35
0	35
0	35
0	35
3	0
5	22
0	18
3	0
40	1
0	36
379	497
0	7
0	12
32	2
59	10
8	0
0	486
23	0
7	39
0	39
0	24
0	9
0	16
0	19
1	18
0	14
13	13
9	0
0	3
0	8
0	8
0	11
0	2
48	114
0	59
5	49
23	0
0	36
6	22
118	22
9	1
591	683
9	640
0	43
32	1
17	42
386	351
0	4
3	333
3	260
1	151
0	129
12	129
1	0
2	0
1	0
0	0
0	87
19	11
10	11
6	88
0	78
0	1
0	0
998	2843
0	2843
5	1188
0	1196
0	4
7	1
0	1
387	8
130	8
0	59
0	1
13	1
0	1
0	0
0	0
0	1
0	0
45	73
2	72
27	0
77	154
0	20
57	290
32	18
0	53
109	158
0	40
0	158
152	0
8	0
0	32
0	32
7	8
0	0
0	3
8	13
148	0
75	48
31	48
6	0
72	16
0	3
3	1
0	1
0	0
4	0
11	0
21	0
2	0
132	51
1	49
4	0
7	1
1	2
1	2
172	284
0	262
0	263
0	262
8	221
0	114
0	0
10	0
170	18
34	6
4	42
1572	191
437	37
2	5
3	0
0	0
4	0
0	1
15	1
11	149
24	82
0	3
0	80
2	0
0	79
105	287
2	283
17	240
24	39
3	0
1	0
0	39
74	0
30	4
1	4
428	11
65	1
0	0
0	1
0	0
0	0
0	0
28	56
0	56
44	77
0	76
0	7
1	8
216	265
127	260
0	201
350	42
98	23
0	0
157	2
9	2
22	22
0	13
0	11
18	0
4	119
0	119
28	25
0	5
0	5
0	1
0	0
0	1
0	0
1	0
0	0
0	0
0	0
17	0
4	0
4	0
0	0
0	0
4	80
0	82
0	83
53	53
122	27
34	27
0	8
0	5
1	1
0	1
0	1
4	1
0	0
110	1
1	0
0	0
31	110
0	87
288	23
5	4
14	4
3	3
0	2
101	485
0	62
0	68
0	485
0	215
0	47
0	3
46	46
2	3
0	26
2	0
0	162
0	9
0	26
0	5
146	23
154	17
0	17
221	132
64	148
0	9
43	36
4	3
0	13
0	9
101	356
0	132
0	0
39	0
9	2
2	5
0	346
14	65
0	55
0	17
0	0
6	16
3	2
3	0
4	34
0	1
0	4
0	0
1	0
2	1
0	14
0	1
0	1
0	1
0	1
2	0
3	14
0	3
134	4
0	4
88	171
139	21
4	19
0	171
2	0
8	4
19	2
21	2
0	2
0	2
0	1
38	2
0	0
1	0
3	15
1	12
0	3
18	19
0	3
446	3
1	0
0	0
2	1
2	1
10	104
212	69
0	5
0	0
2	2
0	120
14	105
41	107
15	51
3	4
0	2
0	2
0	15
0	300
0	300
0	300
0	23
0	4
0	3
0	289
0	289
0	289
0	289
0	289
9	275
0	0
0	262
0	16
4	2
14	0
4	0
0	282
0	282
510	24
3	23
0	12
0	12
1	0
0	6
69	23
0	1
0	23
0	11
1	11
0	6
4	374
0	8
0	8
0	381
11	356
0	0
11	16
2	16
0	16
0	16
0	16
1	16
123	59
0	54
7	1
0	3
0	8
466	3
0	0
0	0
0	7
0	0
0	8
0	0
0	0
38	41
0	2
7	2
0	3
0	1
0	1
19	46
0	44
0	20
68	35
0	39
0	60
11	50
188	45
69	287
0	279
0	251
530	234
0	171
0	1
1	1
11	412
0	171
0	402
0	147
0	57
2	12
0	1
0	1
0	0
7	11
7	0
13	0
4	0
0	0
0	0
3	0
71	0
0	54
0	54
0	54
142	254
0	715
0	39
12	7
0	378
8	448
0	463
54	462
0	26
0	26
0	26
0	26
0	26
0	26
0	5
35	0
4	19
0	13
0	6
13	6
2	3
0	1
0	0
0	0
0	9
0	0
1	5
0	64
0	64
11	10
22	10
17	10
0	1
0	1
169	31
61	26
0	5
0	31
83	10
0	19
42	30
0	28
14	28
23	3
6	1
0	0
6	7
919	63
12	19
0	50
0	0
5	111
4	1
0	35
0	7
0	14
0	10
0	1
0	3
0	0
0	0
0	0
0	1
0	2
0	25
0	25
0	25
0	18
0	27
0	25
10	27
0	25
0	17
0	25
0	34
85	60
4	47
3	2
0	0
14	2
100	1
4	0
12	7
0	7
0	7
1	0
0	0
3	0
844	17
0	17
27	0
0	53
0	61
4	63
0	53
5	57
0	4
17	0
0	0
0	2
3	0
179	90
9	77
1	16
20	0
13	13
0	13
0	31
0	34
10	32
7	16
12	19
0	16
28	0
23	4
0	4
0	4
18	5
0	5
23	19
0	13
9	3
0	6
17	25
0	25
16	3
1	0
0	1
0	1
0	0
0	7
6	6
0	6
0	7
0	2
0	1
3	2
0	0
5	0
0	0
1	0
80	13
1	12
0	4
0	0
0	1
0	0
1	0
0	0
0	0
0	0
0	4
17	7
18	1
12	15
0	9
1	8
13	66
11	66
0	0
44	60
2	1
3	0
0	0
0	0
0	0
1	0
3	1
0	5
4	55
47	76
0	76
459	461
46	434
7	408
0	12
20	13
103	69
46	189
0	176
21	50
0	115
0	60
0	29
22	20
40	20
0	4
0	4
5	0
0	0
0	1
0	1
0	0
11	7
106	229
0	9
0	229
9	23
0	23
0	0
0	11
0	0
11	0
25	267
0	0
0	267
18	0
15	0
0	169
0	169
0	169
0	144
33	169
11	36
0	24
29	18
5	13
3	7
0	11
59	0
2	6
109	29
0	29
8	47
0	51
4	11
0	4
0	4
19	22
0	8
0	10
0	11
0	11
0	11
0	11
0	3
16	26
0	26
0	11
66	13
0	1
9	0
6	166
199	29
0	72
0	35
0	10
0	10
4	0
3	2
47	140
18	104
227	211
5	182
0	188
0	107
0	76
197	36
11	31
145	172
0	12
0	21
0	5
58	3
0	1
6	87
7	9
19	88
0	76
1	0
77	165
8	0
174	289
21	35
4	3
10	0
2	0
5	283
0	185
0	105
0	107
0	115
15	119
0	25
1	0
0	0
1	83
0	97
0	86
0	0
32	50
0	11
0	22
0	149
0	159
3	156
0	0
0	0
17	13
33	0
143	190
4	190
0	11
0	15
21	0
0	83
61	15
0	15
8	15
0	15
24	9
29	30
0	76
177	49
0	48
6	4
16	0
0	3
17	218
0	218
1	58
0	96
0	0
0	89
0	61
0	126
0	123
2	0
0	3
0	47
0	51
0	45
0	0
0	3
0	1
0	1
23	13
21	10
0	0
3	6
59	45
25	6
4	31
0	25
0	28
0	53
0	25
130	0
0	73
0	48
43	9
0	4
24	0
0	3
0	3
0	3
0	3
0	0
0	3
15	16
4	16
0	7
754	24
0	7
0	5
1	5
0	8
0	5
0	9
4	0
6	0
1	8
0	0
0	4
0	16
0	2
0	2
0	12
11	5
0	0
0	0
28	14
0	2
91	33
0	33
20	12
6	0
2	0
0	0
0	7
0	7
46	173
0	164
0	12
0	0
0	9
5	5
423	4
17	55
0	56
0	53
0	19
32	21
0	15
1	7
0	17
60	7
1	7
27	8
4	5
64	30
0	15
422	19
43	114
6	109
0	21
1873	451
8	258
0	193
150	43
0	44
0	43
0	27
0	28
0	27
0	3
0	5
81	11
0	0
0	0
50	2
0	3
0	1
0	0
0	0
0	0
14	1
0	8
0	12
83	14
1	9
0	1
0	0
1	0
0	0
1041	481
15	481
0	55
0	55
0	15
4	0
14	11
3	4
0	5
18	17
1	18
0	3
11	21
0	2
0	51
4	112
64	56
52	31
163	22
0	6
1	0
0	0
2	9
2	2
0	1
0	0
0	0
0	0
0	2
157	1355
0	1388
13	546
14	265
1	0
33	0
1	0
0	0
0	0
0	0
0	1
2	1
189	47
5	42
0	116
355	116
182	90
0	6
27	6
4	27
6	4
1	0
0	46
0	41
0	8
0	3
0	90
0	71
0	412
1	1
12	0
3	0
3	3
0	0
6	59
3	38
0	60
0	412
0	93
0	93
79	85
261	150
1	144
0	7
4	10
0	8
113	276
0	276
0	262
0	268
28	236
143	207
0	224
0	25
0	0
57	6
48	70
0	45
0	70
0	1
0	0
37	499
0	495
43	650
58	657
0	522
0	337
64	315
0	1
26	3
0	3
20	31
0	0
0	2
15	2
0	2
166	9
0	3
8	9
7	6
303	106
0	106
1	26
0	1
3	1
3	1
0	25
0	25
2	0
0	25
2	0
0	25
0	2
0	1
0	1
0	1
0	1
0	0
26	59
0	10
104	0
0	112
292	12
27	11
1	21
0	17
0	17
0	17
0	1
0	1
0	0
0	14
0	0
0	6
1	6
0	9
0	6
136	37
0	21
26	2
0	12
0	6
19	1
0	3
0	3
0	38
0	1257
1	1257
332	3
4	3
0	0
0	0
1	5
0	5
0	1
0	0
2	0
0	3
6	33
0	25
0	25
0	25
0	25
0	28
0	17
2	22
0	0
4	2
45	321
27	303
0	106
34	5
0	194
2	0
1	82
0	82
11	82
1	1
2	1
0	1
0	1
2	5
0	5
1	5
2	0
2	3
0	0
0	1
24	11
0	11
1	1
0	0
0	0
0	0
64	290
0	207
0	154
0	54
154	148
0	0
0	0
3	2
0	2
6	29
2	29
1	0
0	43
7	43
0	6
0	1
0	8
4	8
142	79
0	44
0	22
0	14
0	19
0	11
0	0
0	0
0	0
0	0
0	3
5	4
1	1
13	1
0	5
4	0
2	69
0	42
0	42
9	25
11	25
0	44
24	38
0	1
1	1
0	38
0	56
0	56
0	20
113	20
0	9
0	9
5	4
0	3
0	1
0	3
0	3
0	0
98	29
1	29
10	29
0	13
43	13
0	1
0	13
194	212
11	171
1	1
0	0
0	229
0	229
0	229
16	229
0	6
0	0
12	8
0	6
0	0
4	8
1	3
0	15
0	2
0	11
52	24
0	26
0	9
0	7
0	1
1590	0
0	39
0	39
0	3
53	1628
0	16
15	1626
0	8
38	16
128	16
16	54
0	54
0	0
1	3
16	246
5	232
14	235
6	246
5	26
0	13
0	7
4	13
3	57
3	52
1	2
0	2
9	313
0	298
75	8
0	8
0	45
0	6
0	308
0	6
0	2
0	0
0	0
69	0
0	0
0	0
0	0
0	2
15	1
2	54
0	42
0	129
0	24
0	0
1	3
0	3
0	17
8	17
19	32
0	0
0	32
18	3
0	0
0	6
4	0
11	4
0	2
0	15
0	25
60	25
0	15
0	5
3	0
0	0
0	0
3	4
24	5
0	5
0	0
51	47
31	6
0	47
158	76
0	76
0	0
0	27
0	0
0	30
0	0
337	0
0	0
199	37
4	19
0	17
0	26
1002	13
0	0
3	3
0	5
0	2
0	2
0	0
0	2
0	2
0	9
0	9
0	0
0	0
0	0
18	0
0	0
35	12
0	12
0	0
87	1
0	1
28	5
25	1
0	22
0	36
0	22
0	35
10	403
72	403
0	1
0	0
46	446
62	18
20	443
7	16
6	5
11	11
0	0
8	0
0	15
0	7
32	9
0	3
0	9
7	0
0	11
0	22
0	5
12	3
1	18
0	0
0	0
13	11
0	0
0	0
1	0
0	0
0	6
0	6
282	70
0	70
18	0
6	6
0	59
0	59
0	25
42	158
0	1
0	1
0	5
60	3
0	5
0	1
2	0
0	4
0	3
0	1
0	1
0	2
0	2
0	2
0	2
0	0
0	0
497	0
2	0
0	29
0	29
0	29
0	11
12	0
30	0
2	0
93	0
0	46
0	61
5	44
1	1
0	1
0	1
0	18
1	24
0	1
0	18
771	46
403	22
5	0
8	22
0	28
0	28
2	3
4	5
28	33
0	22
0	25
14	29
0	5
4	5
2	5
0	5
0	0
0	104
0	59
6	104
0	105
0	0
1	6
8	24
0	24
22	156
0	149
0	142
32	0
0	77
0	82
0	16
3	16
9	0
96	62
25	62
108	550
16	470
101	550
129	98
330	550
0	559
0	10
0	10
6	6
0	6
0	1
0	1
0	1
589	303
11	248
9	207
43	140
454	67
0	42
16	474
62	0
0	462
14	109
0	13
2	14
8	14
0	13
67	35
0	8
0	9
0	9
0	8
0	0
0	0
0	1
8	41
0	40
2	0
1	62
0	62
0	62
0	3
3	9
0	9
37	24
25	119
8	114
0	7
0	7
4	7
0	14
2	60
0	60
37	283
1	229
0	54
0	8
7	371
0	3
4	270
78	270
0	75
0	30
0	16
42	2
10	16
0	0
40	153
71	236
0	83
1	0
1	12
0	12
0	7
17	40
33	406
0	433
10	427
0	458
0	0
113	27
58	27
32	12
2	0
0	0
0	0
0	0
0	0
0	0
0	0
0	0
0	0
0	53
305	59
0	5
0	1
0	55
0	9
39	4
14	0
9	0
18	8
0	1
3	52
57	26
0	3
3	186
0	125
0	35
26	35
49	140
14	26
0	33
0	15
0	15
0	46
79	100
0	47
0	47
0	36
31	231
0	41
0	216
69	12
0	32
0	15
0	49
0	138
0	10
12	10
2	2
2	2
0	2
39	0
6	0
0	0
0	236
0	236
0	94
31	109
0	109
56	16
0	8
0	7
3	2
0	1
51	1
0	24
0	24
4	1
0	4
160	0
0	57
0	1
0	43
0	0
2	0
3	0
0	86
0	56
50	130
5	11
97	10
190	112
0	24
16	31
0	11
0	97
23	48
0	48
29	0
23	15
0	7
11	7
0	1
112	0
0	0
5	4
18	4
100	0
0	96
0	3
2	2
0	2
14	28
45	53
0	36
46	258
0	45
7	0
21	0
0	76
0	76
0	50
0	0
0	7
0	7
4	2
1	0
21	27
0	7
0	7
173	13
141	13
1	13
3	0
0	19
0	19
18	4
122	4
0	24
4	24
0	11
1121	221
34	113
4	80
20	79
14	29
0	8
108	38
0	90
0	93
110	22
0	0
72	24
98	7
67	19
0	189
516	179
2	179
6	4
0	4
0	4
0	4
0	4
0	4
0	2
5	0
0	0
0	0
1	0
0	1
47	65
6	53
0	45
0	2
0	41
390	51
9	11
0	5
46	247
0	247
21	0
1209	0
41	0
7	59
0	59
36	45
0	31
0	46
92	83
6	83
4	44
0	43
0	1
0	1
0	0
0	0
0	0
5	4
68	24
30	20
243	31
0	31
0	2
0	0
348	0
0	0
20	8
0	1
1	7
0	0
0	0
0	0
0	0
242	608
29	686
55	41
26	0
0	29
166	55
58	57
292	114
0	114
13	0
1	0
0	207
0	111
0	93
0	98
0	63
0	70
0	82
0	83
0	83
0	81
125	65
3	37
0	25
97	32
0	1
4	8
0	7
674	25
283	62
2	7
93	9
0	9
0	11
12	5
0	0
1	265
0	239
0	207
6	10
0	10
21	0
0	54
0	26
0	26
0	12
0	12
1	7
0	0
2	0
3	0
0	57
6	0
11	1
3	1
0	0
1	0
0	0
0	452
35	439
44	75
0	0
0	33
0	0
13	359
12	50
0	0
0	0
498	1005
6	1018
14	618
0	27
133	67
0	44
0	1
6	24
85	0
39	67
0	59
0	21
6	26
0	21
4	0
10	11
0	0
0	7
13	4
896	3
9	2
0	1
37	1
110	2
0	186
6	179
1	104
0	0
3	91
0	21
10	0
0	11
18	11
509	0
0	0
351	184
12	184
29	2
30	2
14	0
0	0
0	0
0	0
0	0
0	0
0	129
65	128
1	0
102	0
0	25
0	87
0	53
73	141
1	50
0	11
0	7
24	0
17	0
0	1
27	1
21	22
0	97
9	19
2	22
12	34
23	0
0	0
5	22
0	3
0	3
0	3
0	2
0	1
15	0
0	3
0	3
0	3
0	3
1	0
0	6
0	33
0	32
0	13
0	10
0	11
0	10
2	11
0	11
0	11
0	11
0	11
0	11
0	0
3	0
2	0
348	706
0	594
0	662
0	706
0	466
0	186
0	155
0	89
9	369
10	0
0	6
7	18
0	12
10	15
65	0
169	43
12	20
0	0
130	23
2	0
3	1
2	16
69	98
5	1
0	97
0	41
114	0
0	41
0	1
0	1
2	3
0	8
21	132
0	12
106	0
56	72
0	72
0	3
0	3
0	3
0	0
0	0
35	0
9	21
0	32
0	29
2	0
0	0
0	2
0	19
0	32
0	0
0	2
0	17
0	0
0	0
0	0
0	0
6	0
2	0
12	5
0	5
0	0
36	82
14	0
0	32
9	13
6	4
0	1
0	4
5	1
4	50
0	40
0	10
0	163
0	159
171	161
0	157
0	0
0	0
21	12
9	2
0	0
282	69
13	69
0	0
0	0
13	127
0	140
0	51
350	51
32	6
10	10
0	14
0	77
13	14
0	8
0	8
0	13
38	78
0	74
0	18
0	19
47	68
0	9
71	475
0	6
0	6
0	10
455	0
167	0
88	78
32	67
0	70
0	0
0	0
0	2
6	5
54	0
0	0
0	0
0	0
47	21
0	0
32	18
0	18
12	10
17	17
0	13
0	12
0	12
2	1
2	0
1	0
0	0
0	0
1	4
1	15
59	16
0	10
17	4
0	4
0	0
0	1
36	0
6	0
19	160
17	23
23	16
0	167
0	0
0	0
0	236
0	236
0	23
0	0
0	0
69	0
648	114
0	58
0	6
14	0
24	1
1	1
0	16
1652	16
0	138
0	16
0	0
0	4
0	122
0	17
0	5
0	11
0	11
0	32
0	138
0	16
0	21
15	0
0	38
0	196
176	204
0	150
0	23
0	48
0	22
0	6
0	1
0	1
0	1
12	88
11	102
0	0
0	23
5	23
0	48
0	5
28	19
0	311
0	311
1	272
0	270
0	265
1	7
29	70
9	52
0	105
3	33
4	23
0	2
0	3
0	21
1	5
24	3
0	3
32	8
0	0
47	22
0	31
0	38
47	5
0	5
0	0
0	25
0	25
146	193
23	199
0	14
429	14
32	56
0	61
0	73
3	47
12	5
0	331
2	331
0	114
69	135
0	172
0	128
0	165
0	14
0	3
0	6
2	602
1	3
0	12
23	391
0	247
0	6
4	133
13	586
23	361
109	51
0	51
1	6
0	6
0	0
2	25
86	54
68	25
285	54
3	3
0	3
11	3
3	0
30	1
4	0
0	0
271	31
8	19
0	36
41	1182
0	1183
0	695
130	709
0	18
96	26
69	11
6	7
0	2
1	0
0	0
0	2
25	383
0	0
0	1
0	58
0	3
13	25
0	8
0	0
15	0
0	60
11	364
1	0
2	19
0	14
0	14
25	51
0	51
17	13
50	14
0	0
6	9
0	0
2	14
17	26
1	0
0	0
0	17
0	84
60	48
717	109
3	32
6	146
14	42
59	659
5	32
0	2
113	862
0	2
101	269
53	7
37	7
0	0
0	2
1	11
0	2
0	2
1	3
0	6
10	38
34	38
10	9
67	23
13	21
0	0
2	0
14	5
18	9
0	0
3	0
0	2
0	2
0	2
83	9
0	6
0	4
0	4
0	4
0	1
11	1
0	1
1018	0
0	4
0	7
0	0
0	0
2	0
0	35
7	46
2	118
0	33
0	33
1204	211
0	946
0	946
0	946
0	7
0	0
0	0
0	2
0	2
0	2
0	2
0	0
0	0
0	0
0	2
0	0
0	0
37	2
0	14
0	0
16	12
20	10
13	10
0	951
0	949
9	1
0	1
0	1
36	1
1	1
19	48
13	7
3	1
0	1
1	41
16	11
1	11
3	13
14	13
14	8
2	15
0	8
8	9
0	11
98	0
9	0
0	63
8	20
0	63
19	61
7	4
0	0
46	18
0	38
10	48
0	31
0	31
0	31
0	0
7	13
0	40
0	0
5	1
0	1
0	0
0	34
0	34
3	23
0	97
0	82
0	13
29	13
0	64
461	211
0	7
0	0
0	144
5	121
308	68
409	235
31	170
0	0
3	0
50	13
0	7
0	0
2	8
0	8
0	0
0	6
0	6
0	6
0	6
0	0
0	0
0	6
0	2
4	0
0	1
0	0
0	0
0	6
0	6
1	0
3	3
6	6
22	12
4	17
1	12
2	17
36	35
0	12
11	30
714	118
0	117
57	773
73	40
0	1
0	0
0	0
0	40
2	0
13	0
29	717
109	22
7	22
8	2
0	0
0	0
0	26
4	10
0	18
4	0
0	1
0	2
2	39
0	33
4	20
0	8
0	10
0	1
4	1
0	1
0	0
0	1
0	1
0	5
12	0
96	61
1	4
0	27
19	15
1573	535
2	4
74	7
0	20
0	2
0	5
0	15
0	1
5	0
0	0
0	1219
14	1219
15	325
0	0
395	42
0	42
16	0
2	0
8	0
2	0
195	161
8	3
0	1
2	0
0	0
0	1
0	6
0	1
1	0
0	1
0	1
2	1
0	8
36	0
0	6
0	13
0	11
1	1
0	8
0	8
0	8
0	0
0	52
0	52
1	3
0	9
0	0
2	43
4	0
108	60
5	11
0	83
4	70
0	65
0	50
0	64
4	2
0	5
68	34
8	0
0	6
0	6
4	1
0	6
0	6
0	6
0	6
0	6
188	0
82	1
0	1
2	1
0	25
0	0
0	0
1	17
5	23
0	7
6	7
15	0
0	25
1	25
0	0
0	19
0	19
0	9
0	35
78	41
0	7
13	1
0	7
0	26
0	24
0	24
2	1
17	9
1	1
0	0
0	41
0	41
0	49
0	81
0	173
116	166
4	7
0	7
0	57
3	48
8	5
95	45
10	1
87	36
12	23
0	31
0	9
260	122
552	85
0	114
0	49
2	0
0	8
0	7
0	7
0	7
0	4
0	3
0	3
0	3
0	4
0	4
0	4
0	0
1	0
0	0
0	1
0	4
0	791
3	791
0	0
1	0
0	1
0	1
0	1
0	0
0	6
0	71
0	71
0	11
10	25
4	20
2	73
0	59
0	50
0	78
1311	91
0	95
50	0
1	12
0	12
0	1
0	1
0	87
0	97
0	100
18	1
0	1
0	0
48	155
0	162
0	50
29	82
0	13
36	20
0	35
0	1
0	5
23	31
4	0
0	3
0	0
0	3
0	9
0	1
8	11
0	1
0	1
0	0
335	31
0	28
0	12
1	5
11	6
0	2
26	1
0	2
2	3
2674	226
18	1
50	787
0	787
0	753
0	26
0	26
0	586
0	586
0	3
0	561
4	30
0	55
14	0
13	35
7	35
0	31
1	0
21	31
0	3
10	8
0	0
0	0
0	0
9	283
0	275
0	85
0	4
5	1
14	0
0	13
14	4
0	13
9	3
0	1
1418	30
2	1
0	5
0	4
0	0
0	5
0	5
0	11
0	9
1	6
0	7
51	730
4	7
0	507
103	735
61	227
0	1
22	0
38	120
4	0
33	54
116	46
0	23
0	6
0	0
125	20
561	528
1	528
113	236
0	216
0	228
0	215
0	215
64	32
11	208
41	173
0	208
0	216
294	627
692	76
6	6
2	6
0	76
1	3
0	0
0	0
0	7
6	23
2	20
0	5
7	6
66	665
114	30
11	0
18	30
146	204
115	487
6	28
6	3
13	3
5	0
0	0
0	28
59	28
0	25
59	15
0	3
0	10
0	1
15	7
0	7
0	5
39	1
20	1
0	1
0	0
0	1
56	2
0	2
0	0
0	1
0	1
0	1
0	2
0	2
0	1
0	1
0	0
281	6
0	6
0	1
66	12
12	26
33	20
0	22
6	24
2	12
0	16
0	1
0	0
1	0
0	0
0	1
6	1
0	0
0	0
1	0
0	0
25	66
0	52
0	11
0	0
3	14
3	7
0	7
0	3
0	402
0	128
0	31
0	13
20	0
50	3
0	0
0	0
9	2
116	2
10	3
0	2
3	0
0	402
11	0
45	8
0	8
1	8
0	7
0	1
0	2
0	2
0	2
0	2
0	2
21	2
12	2
0	122
0	122
0	2
0	2
0	3
0	36
0	122
0	44
0	44
0	0
0	0
0	1
0	1
4	0
311	176
0	175
59	50
0	33
0	29
0	9
0	5
38	39
0	39
2057	0
132	2
21	10
0	10
14	9
0	499
175	499
18	26
2	0
59	56
0	6
0	3
0	2
12	5
0	5
1	5
0	5
2	0
32	97
5	100
2	8
24	75
24	125
0	139
0	3
0	113
0	13
4	0
0	0
36	244
560	423
0	1
0	1
8	1
0	423
0	300
4	0
0	149
7	149
0	7
0	2
0	2
0	2
3	2
17	49
0	25
0	48
52	29
0	29
3	6
0	65
5	18
0	74
9	2
40	35
26	33
194	69
34	7
6	62
484	81
1	84
26	20
0	5
0	15
0	5
0	4
0	7
28	2
44	16
0	11
33	0
0	7
2	12
0	9
16	8
168	0
123	43
2	60
57	57
5	32
0	8
19	189
7	47
1	10
0	23
427	23
0	3
0	1
0	1
13	2
0	15
0	18
0	12
0	8
5	2
0	3
0	3
9	62
0	10
0	0
10	0
1	15
0	3
0	2
49	33
0	31
3	4
0	0
0	2
2	0
24	173
0	153
44	70
597	19
83	19
0	36
116	68
0	11
308	308
38	320
0	1
0	11
0	1
28	52
0	0
0	0
2	0
0	0
3	0
118	423
51	118
110	430
0	1
0	21
34	2
0	6
0	21
0	20
0	0
1	2391
0	2417
5	2071
0	504
0	1612
0	5
11	290
12	267
89	230
0	5
13	0
65	344
0	323
0	0
3	0
0	342
0	2
4807	113
0	7
0	6
0	0
12	0
2	6
5	106
0	0
0	3
0	3
35	119
0	59
2	115
0	0
0	0
0	61
0	2
0	27
0	2
0	27
31	2
0	1
6	0
5	1
45	0
0	0
24	4
0	0
1	19
0	23
93	4
167	155
7	100
0	4
0	4
15	7
0	4
2	3
4	3
162	0
0	0
0	0
8	0
6	25
1	0
2	5
285	270
73	270
40	14
6	7
0	7
45	22
0	6
0	2
0	6
0	5
0	0
0	1
42	1
0	6
0	17
65	38
0	18
1	16
0	17
0	17
51	157
0	97
0	54
0	79
0	77
0	3
26	100
91	0
62	43
23	598
0	5
72	2
1	0
0	0
4	2
10	122
3	120
0	115
1	52
46	744
9	14
21	0
19	10
13	22
128	21
0	5
151	5
0	4
0	9
1	0
6	0
0	0
0	17
0	59
0	0
7	1
0	16
0	15
4	13
212	180
0	134
24	84
0	79
9	453
1296	453
0	4
0	135
0	75
0	52
0	43
523	0
27	1
0	0
0	0
0	0
0	0
3	0
0	10
5	10
0	2
0	2
4	54
0	12
10	41
5	46
4	46
0	262
217	246
7	0
0	0
0	0
21	29
0	0
0	0
3	13
27	13
0	15
0	15
0	6
3	7
46	0
0	0
3	52
0	2
11	5
9	0
2	40
0	12
17	4
1	0
9	2
0	4
7	211
0	49
18	38
1	18
25	4
0	25
24	134
3	134
0	77
146	293
20	11
3	282
1	143
12	0
126	22
0	2
0	4
1	20
164	4
34	18
0	14
0	4
0	4
70	20
353	41
0	28
0	30
11	30
0	0
0	28
35	81
0	30
0	10
0	6
0	6
0	1
0	1
0	1
0	1
40	55
1	45
513	203
0	149
0	12
6	7
112	107
1	150
0	2
0	2
9	0
0	0
14	0
1	2
0	30
0	0
0	1
0	0
0	0
0	0
0	32
0	3
136	565
27	570
25	0
28	56
2	16
0	0
0	13
0	12
0	4
0	24
0	81
19	26
21	99
9	26
34	29
0	5
1	24
505	99
0	35
53	22
0	13
0	6
0	6
0	6
0	6
0	13
0	6
0	6
0	6
0	6
0	6
0	6
0	6
0	12
0	13
0	6
0	6
0	6
0	6
0	6
0	7
0	4
14	4
0	7
19	4
0	0
0	0
0	16
0	6
0	6
0	6
0	6
0	6
0	6
0	6
0	6
0	6
51	0
1	0
0	3
0	3
0	0
0	4
2	4
21	1
8	1
29	246
5	140
0	246
0	0
6	0
0	10
0	10
0	6
1	12
0	10
7	30
85	30
0	53
1	3
0	0
0	1
0	6
0	53
40	13
0	8
0	8
20	52
84	52
6	236
0	272
0	206
160	192
9	216
30	232
2	0
0	6
0	6
42	118
0	132
0	25
15	0
0	0
3	0
0	0
0	50
428	66
7	66
0	14
73	164
0	0
0	4
4	11
19	163
6	0
7	38
0	18
0	18
9	1
0	23
0	23
0	24
7	13
0	0
5	3
0	3
521	30
0	18
20	0
69	0
0	77
35	138
24	7
0	0
3	13
2	8
0	1
0	8
0	0
113	28
0	36
23	104
185	388
0	147
0	275
3	16
0	120
0	88
10	244
56	244
0	0
0	0
0	14
0	14
0	13
0	6
3	1
31	0
0	132
0	7
0	46
17	46
9	29
6	0
1	0
34	37
0	15
0	36
1	3
0	2
3	0
0	1
0	1
21	0
0	0
0	63
0	61
0	61
8	0
0	2
2	0
1	29
0	25
0	0
0	29
0	1
3	30
0	1
0	1
0	1
0	28
0	0
0	12
10	32
0	2
0	2
0	1
0	0
0	1
0	1
0	29
0	1
0	1
0	0
0	16
6	5
0	3
0	25
0	890
0	852
0	796
312	134
14	127
49	146
36	98
0	96
0	0
0	12
0	3
0	11
10	17
61	0
0	13
3	13
0	0
0	11
46	290
0	289
0	282
1	3
30	780
0	57
0	57
0	14
36	27
2	36
2	1
0	9
10	24
41	7
0	8
9	7
15	6
1	2
0	2
2	42
0	4
12	217
0	195
241	234
0	206
0	181
52	20
0	10
15	12
2	0
37	0
10	22
127	193
4	48
0	0
3	41
0	59
0	0
0	1
0	6
7	19
0	0
1	0
0	0
0	0
1	0
0	40
0	0
21	63
0	1
15	0
20	1
0	13
0	55
0	200
0	10
192	186
828	213
10	63
1	193
280	25
0	10
0	0
0	1
1	182
5	172
0	5
0	61
10	11
83	121
73	691
259	5
87	40
5	1
0	40
15	6
0	0
0	0
0	0
0	21
4	20
0	21
1	25
0	25
0	13
22	46
6	5
0	0
56	0
6	42
0	0
6	0
318	1634
104	644
25	625
0	601
0	597
0	3
0	5
2	0
5	60
28	35
0	13
0	16
0	16
0	37
13	37
0	14
0	0
16	8
0	12
0	24
0	24
0	15
0	0
1	17
31	16
0	9
20	8
0	0
4	0
0	0
0	0
0	2
0	0
3	2
1	0
15	0
0	37
0	37
0	25
6	34
0	9
0	9
0	9
0	9
0	9
0	9
0	9
0	9
0	9
0	9
0	9
0	9
0	18
0	18
4	12
0	7
0	10
0	0
0	0
7	0
20	207
0	161
0	88
0	40
0	38
0	36
0	30
0	32
7	1
0	0
0	0
0	11
0	10
47	183
4	0
59	14
0	86
0	88
0	88
18	31
1	26
0	18
1	0
0	0
0	18
608	0
48	0
10	6
0	0
849	179
0	179
1	135
18	1
3	4
0	3
1	7
0	7
3	7
0	6
38	9
0	17
0	64
0	64
22	16
13	1
0	0
0	16
0	1
111	0
0	0
0	1
0	1
1	0
0	0
0	0
0	0
0	1
0	0
121	0
9	13
3	0
108	1091
0	339
0	0
2	0
1	0
22	0
0	0
151	8
0	8
0	8
9	0
129	81
0	81
4	40
0	6
107	41
0	41
43	16
47	24
35	0
7	15
0	15
0	10
7	0
1	7
12	1
279	9
2	2
0	8
0	8
15	14
7	36
42	36
0	29
0	6
0	3
31	0
0	11
2	11
1	0
0	56
0	1
0	1
0	14
1	40
15	30
0	30
0	26
0	0
0	26
0	10
179	25
0	25
3	0
906	122
0	108
0	92
2	49
0	45
0	25
0	26
0	14
93	2
0	9
0	0
0	10
0	12
0	13
5	0
0	0
0	0
0	95
0	82
16	5
0	0
0	1
0	0
0	8
0	0
0	17
0	1
0	12
0	15
0	0
0	0
0	0
4	0
0	36
111	704
34	112
55	382
0	174
0	73
0	66
49	351
0	68
0	68
539	593
0	483
0	192
0	205
0	191
18	172
26	172
0	3
3	9
2	19
0	18
0	1
67	780
0	34
120	83
0	27
0	35
0	23
0	18
0	4
0	34
0	0
0	0
0	0
2	75
23	141
11	0
0	37
0	0
3	10
4	7
0	0
0	0
0	130
9	0
31	1
0	1
42	0
61	51
58	53
2	5
0	11
0	42
0	14
0	15
0	8
1	13
35	23
0	25
0	18
0	10
0	7
626	2
0	0
3	0
5	5
0	5
1	0
19	2
398	32
755	1
0	0
49	307
0	307
0	300
0	289
0	0
0	1
13	0
0	3
0	3
0	3
0	2
3	0
80	6
12	7
15	35
4	11
0	8
0	11
0	1
0	8
0	9
81	82
17	70
6	16
9	282
0	282
0	282
7	265
50	265
0	258
0	260
0	1
0	0
0	0
0	0
0	0
7	1
0	0
4	0
0	5
0	8
0	8
0	5
0	1
0	0
0	3
12	0
0	1
7	4
264	25
0	43
3	21
0	29
0	24
0	29
0	16
0	24
0	0
0	0
0	13
3	0
0	13
0	0
32	24
0	19
53	90
0	13
0	5
240	1
0	3
0	14
0	4
0	15
0	6
0	0
0	83
0	9
3	15
0	62
0	26
1	14
2	10
0	74
7	15
0	34
0	62
0	11
1	11
283	194
0	4
132	258
0	5
0	129
0	12
2	163
0	3
0	1
0	0
0	25
0	174
2	15
28	2
14	7
50	15
0	12
4	8
0	74
2112	80
0	17
0	11
0	80
0	18
0	18
732	65
96	0
0	0
40	71
0	6
0	65
0	24
0	24
27	0
0	0
128	5
0	4
0	4
0	0
60	51
11	115
0	30
10	56
0	14
0	12
12	12
0	16
13	32
0	1
0	3
0	1
0	0
0	0
0	0
0	0
33	12
49	17
0	0
17	18
0	852
7	859
120	97
64	114
0	66
52	53
0	0
15	0
24	23
0	17
84	18
5	10
0	3
10	27
0	56
186	83
0	0
22	4
0	0
0	4
12	18
297	161
0	1
0	10
13	16
68	9
14	144
891	66
0	72
0	72
0	0
0	10
0	4
0	8
0	22
0	9
0	4
0	4
0	4
0	1
0	6
0	5
0	5
0	5
3	4
0	4
0	18
0	4
0	0
0	15
0	15
0	0
0	23
5	23
0	13
25	72
7	42
0	26
4	53
0	56
0	36
0	0
3	35
0	35
63	35
34	35
249	5
59	51
0	5
0	252
16	152
111	40
0	262
1	4
20	3
5	52
0	1
0	0
0	7
2	7
0	4
0	192
18	192
0	27
0	41
0	0
360	98
14	126
1	98
3	50
0	50
1	26
0	21
2	14
0	4
0	4
0	4
0	16
0	16
0	3
0	5
0	1
92	21
3	6
4	0
16	14
4	11
0	0
0	0
0	10
239	171
0	94
47	67
33	2
2218	319
73	2
0	319
0	19
6	17
0	2
0	17
0	2
0	5
4	0
0	3
0	0
0	2
0	38
0	34
0	25
1	36
0	21
0	41
0	27
0	15
3	3
20	35
0	0
22	20
0	2
9	37
119	37
0	13
3	19
50	15
0	26
0	10
0	2
7	0
1	0
0	0
0	2
0	13
64	0
0	0
406	18
1	16
12	0
89	375
0	16
1	169
0	12
0	1
0	1
1	8
0	2
0	2
0	2
0	2
3	0
9	37
3	1
7	0
50	134
88	6
0	134
0	6
0	8
0	26
0	83
170	51
0	51
9	9
0	0
0	8
0	0
0	0
156	95
0	71
257	28
0	40
0	40
86	46
0	43
0	1
0	4
0	21
0	4
0	11
0	9
4	11
0	4
0	0
0	1
1	3
3	1
0	0
0	0
0	7
0	3
2	7
0	7
13	7
0	7
82	606
0	235
0	279
0	473
0	15
1	181
1	172
0	524
0	66
0	5
0	22
0	22
3	4
0	0
1	1
0	0
3	40
0	1
8	13
0	13
0	13
0	1
0	1
7	151
0	65
0	36
0	14
11	24
0	68
0	1
0	0
0	4
0	15
0	15
1	0
16	22
20	582
52	49
3	427
13	0
31	0
0	103
13	103
2	71
4	66
0	0
0	0
5	214
141	215
0	1
53	220
196	189
216	62
0	60
89	10
7	218
1	2
7	8
0	1
0	220
0	4
1	34
208	0
0	0
9	0
0	0
0	0
0	0
0	0
0	6
0	6
2	4
206	117
7	117
0	117
6	117
10	0
1	22
0	17
28	9
0	36
0	48
0	38
0	38
11	0
2	2
0	43
0	12
13	48
0	5
0	8
0	3
0	6
0	1
7	3
1	7
1	168
0	166
0	10
0	79
0	108
1	8
0	5
0	8
7	8
175	18
0	14
0	18
0	18
0	15
10	15
12	0
3	0
14	0
0	7
0	7
0	7
1	6
2	0
0	0
2	0
0	3
8	10
1940	863
2	759
0	275
3	243
0	213
0	212
0	208
0	213
0	212
0	212
0	207
0	207
0	208
2	135
0	34
0	40
0	35
0	39
0	34
0	39
8	1
0	0
17	12
54	1
34	5
20	7
1	26
15	11
41	19
6	1
0	11
8	1
5	0
2	0
9	0
20	288
0	288
1030	9
1	0
1	0
0	4
0	5
0	26
726	32
0	0
59	0
2	1
244	193
1	193
0	7
198	2
5	2
0	0
91	1104
0	11
0	5
76	12
0	3
2	44
0	2
0	4
28	60
0	121
3	1
91	1
133	67
0	1104
88	55
0	55
12	14
0	14
1	0
0	9
7	9
62	9
0	20
0	47
2	39
62	217
2	217
0	13
0	0
0	9
4	0
0	0
4	0
28	22
0	11
0	22
0	163
35	124
0	72
0	71
77	21
0	8
1	8
0	1
3	5
0	7
0	1
0	163
267	30
5	0
19	87
0	30
62	31
0	30
1	5
16	5
0	2
0	3
0	31
0	31
22	14
6	4
0	4
0	10
0	1
0	1
0	0
20	28
7	1
0	3
0	3
1	80
299	186
186	186
20	11
0	5
0	8
56	1
0	1
0	1
0	1
7	0
0	0
137	0
15	49
10	49
5	32
0	0
0	32
10	33
0	33
0	98
0	78
3	30
0	6
2	0
3	0
3	0
6	0
0	8
0	0
3	5
3	0
0	5
15	8
0	3
0	5
0	2
0	2
120	0
0	27
10	0
42	402
48	426
58	67
0	92
0	83
0	9
0	20
2	25
4	3
0	3
1	15
28	70
0	79
0	1
0	1
0	1157
68	1157
0	1
2	0
13	1
15	0
0	743
2	8
0	8
0	8
44	1
3	0
2	145
70	12
0	145
18	0
0	10
0	10
54	10
0	4
0	2
0	3
0	2
0	0
0	10
46	14
67	6
64	130
8	103
0	28
0	24
0	11
0	30
0	15
0	5
0	6
0	0
0	128
352	109
0	103
0	0
7	3
29	11
0	0
0	8
0	0
19	25
0	25
111	0
0	10
0	7
0	3
0	2
2	3
9	1
0	16
1	1
0	2
9	16
0	24
61	94
25	125
0	33
0	0
0	0
1	0
15	0
0	0
18	91
0	0
0	0
0	46
39	30
48	45
0	15
1	28
19	13
0	5
0	4
0	3
0	3
0	3
1	17
0	8
13	2
0	2
0	0
31	0
1	14
0	0
0	38
553	932
3	893
21	35
6	34
7	55
0	55
0	2
0	5
4	0
0	0
0	0
11	3
0	0
3	0
0	0
4	0
71	4
96	75
0	75
0	29
0	4
0	4
0	3
1	0
0	0
0	1
4	1
5	0
83	29
0	4
0	0
0	38
4	38
2	0
5	13
0	7
0	7
0	55
5	18
0	18
0	12
4	8
0	0
0	0
2	0
1	0
0	10
0	26
0	26
141	45
0	9
36	4
0	0
0	1
0	1
0	34
3	43
0	18
163	3
3	3
0	0
3	0
0	0
1	0
1541	18
0	11
0	0
181	6
0	17
0	17
0	17
0	17
0	6
0	3
0	3
0	2
0	17
0	17
0	10
0	11
0	11
68	413
31	424
0	11
13	10
5	0
191	102
0	89
6	36
0	108
0	80
0	42
0	26
3	130
0	130
0	65
0	66
104	59
1	8
0	13
0	0
0	0
115	26
0	26
4	17
4	66
206	72
0	7
0	12
2	65
37	1
21	20
0	19
1	17
0	3
0	6
0	5
0	4
0	1
0	5
0	1
0	2
0	4
0	4
0	1
0	15
0	7
0	8
0	4
0	3
0	4
0	4
0	1
0	5
2	5
0	4
0	4
0	0
0	5
0	2
0	5
0	0
0	4
0	0
0	3
0	0
17	4
5	4
0	21
160	58
6	7
0	7
0	0
0	27
5	27
0	15
0	11
0	5
0	4
0	20
6	27
20	205
0	205
417	182
0	131
0	1
132	84
4	84
0	1
0	0
3	0
45	0
0	0
0	0
398	0
2	59
18	52
10	52
0	0
0	17
0	20
1	20
0	8
0	816
0	816
0	71
0	63
0	4
0	0
0	18
4	13
3	25
5	26
9	5
0	0
30	244
0	244
0	225
0	187
0	0
59	15
0	18
0	13
0	9
11	0
35	0
4	0
12	0
189	138
0	183
42	48
0	183
73	68
0	14
0	9
0	2
0	5
11	14
1	4
0	68
2	0
173	65
0	65
21	157
0	152
0	2
3	10
56	37
1	0
9	0
7	32
0	5
1	56
23	126
13	126
15	66
8	74
0	73
0	4
20	23
0	0
8	104
60	84
0	11
3	24
7	23
16	23
1	20
184	0
0	10
0	0
8	10
0	0
9	0
0	0
0	0
0	2
0	11
0	8
13	42
342	195
0	147
0	147
0	134
1	5
0	0
0	13
8	0
0	0
3	0
11	10
3	0
6	99
11	114
4	92
20	153
0	64
0	71
56	85
0	85
17	102
0	43
0	8
1	0
0	149
11	61
0	54
0	53
0	84
0	52
19	5
0	109
0	45
2	0
299	0
417	1
7	1
0	1
22	42
3	41
0	0
0	5
0	0
0	0
0	0
0	3
1	2
4	0
0	0
209	2
23	37
76	684
24	675
0	1
0	175
8	0
7	132
8	139
0	1
23	142
0	0
1	0
85	194
0	14
0	0
1	2
34	136
11	19
0	2
0	19
3	0
0	0
17	0
0	0
1	0
0	0
1732	516
0	561
9	6
0	8
0	584
0	7
0	579
0	2
0	307
7	2
57	498
3	0
313	1
2	179
40	616
0	307
0	2
10	0
14	270
12	203
0	77
0	231
0	3
0	4
0	22
0	54
27	129
2	12
15	16
3	16
21	12
19	2
2	40
4	13
0	38
0	1
0	0
0	0
8	0
0	0
0	13
26	3
0	0
0	18
36	8
1	14
0	0
0	0
152	99
19	129
80	54
2	90
0	118
11	47
0	54
7	13
2	0
0	8
0	218
19	217
0	57
5	0
13	0
0	2
0	0
0	1
151	879
25	61
23	925
0	0
0	202
0	98
0	26
0	22
0	51
0	4
14	22
33	61
1	50
0	14
1	96
286	0
1	0
0	0
0	0
24	0
0	12
13	12
43	15
0	15
0	1
0	0
0	7
0	5
0	5
0	5
7	0
60	0
0	6
0	6
1	0
0	66
0	66
0	47
0	47
50	0
0	0
0	2
101	2
0	34
0	34
163	11
5	1
4	0
0	66
0	66
0	66
73	12
0	12
38	0
0	22
0	22
0	22
0	6
0	97
4	102
0	14
34	5
0	20
122	27
83	69
0	74
0	100
0	88
0	61
11	46
0	72
0	45
0	6
146	1
3	0
1	2
0	44
0	33
1	54
0	51
0	16
1	5
0	0
0	0
0	0
0	0
12	282
350	88
0	282
0	88
0	88
0	201
0	201
356	7
1	4
0	7
15	6
0	34
3	40
0	19
51	0
6	8
0	8
1	4
0	4
0	4
0	0
0	0
0	0
47	75
0	77
0	77
0	82
0	82
0	77
0	74
0	73
9	7
0	0
0	74
0	74
17	11
35	23
2	12
0	2
0	2
0	16
892	16
22	10
0	11
0	11
18	0
0	3
4	30
347	292
0	21
1	0
17	11
1	78
0	138
0	159
15	2
23	0
0	0
3	26
435	49
8	23
17	279
1373	255
28	135
0	124
0	75
0	0
0	0
0	33
2	0
2	0
197	136
12	54
0	19
0	25
0	136
12	5
0	5
0	5
0	1
1	354
0	184
0	282
0	6
0	13
0	10
112	345
620	204
1456	118
0	119
0	24
58	19
0	18
0	17
5	4
2	4
0	18
122	156
0	0
29	0
36	22
13	33
17	48
0	13
1	1
0	13
1	2
35	2
23	8
0	7
0	0
0	0
0	7
9	4
0	3
0	3
43	0
0	1
10	1
0	0
25	1
0	1
60	130
0	91
174	253
8	135
8	0
24	1
0	17
14	17
0	4
0	1
328	200
3	193
17	4
84	1
0	1
0	0
63	0
52	41
3	47
0	47
0	53
3	34
0	0
0	4
7	4
2	0
4	0
3	209
21	210
9	1
23	0
173	165
4	82
0	8
0	10
0	10
0	5
0	0
0	9
0	0
6	0
169	8
5	8
2	72
0	13
272	211
0	91
3	136
0	7
0	7
35	0
5	60
0	1
0	0
84	36
0	0
0	0
0	0
21	33
47	10
0	5
246	9
0	6
0	2
0	3
0	2
0	0
0	2
0	0
0	33
5	28
15	28
0	49
0	49
274	82
0	5
0	70
0	4
0	4
0	3
0	4
0	4
0	0
40	26
90	26
22	26
74	8
654	779
0	779
0	192
0	44
0	0
13	8
305	6
0	0
3	2
2	2
0	0
4	4
2	0
34	8
450	23
0	21
0	2
0	2
2	8
13	15
12	8
0	8
7	1
4	23
0	22
5	115
12	137
3	0
0	9
6	18
0	18
0	4
0	0
7	9
0	20
4	15
11	8
164	8
190	26
0	34
4	8
24	1
0	1
56	28
0	27
0	28
0	28
0	17
19	18
0	17
0	0
277	49
1	49
0	13
2	1112
1	36
0	78
0	90
168	84
0	43
1	4
2	4
23	0
0	1112
0	6
0	6
0	2
0	28
0	16
0	14
0	16
0	6
0	5
22	7
0	0
0	10
0	1
0	28
0	28
0	27
13	37
7	37
20	10
21	0
2	123
0	123
14	66
0	87
4	0
0	57
487	124
0	127
0	44
0	0
19	1
24	43
15	1
1	1
102	34
0	57
62	15
15	124
0	110
0	14
0	3
0	44
0	98
0	0
788	150
0	0
8	0
0	2
0	0
0	2
0	9
0	9
0	0
0	8
2	0
0	6
0	0
0	1
0	1
0	44
0	44
0	28
0	21
13	21
16	5
24	5
0	28
0	22
8	8
0	8
20	36
9	33
0	137
1	137
1	4
0	0
0	1
5	1
0	0
0	1
9	28
0	65
1	9
0	9
0	55
60	32
2	11
4	0
3	28
0	1
0	54
0	54
22	0
0	91
0	16
0	16
0	8
1	38
0	25
6	230
0	230
0	19
0	3
563	22
0	21
1	1
0	0
46	51
0	51
0	0
10	0
7	2
49	26
19	66
0	74
0	6
19	12
112	0
110	0
0	16
0	7
219	383
0	378
3	74
3	9
96	285
129	70
0	38
0	38
0	19
128	66
0	35
42	16
0	0
78	2
14	157
0	150
0	16
20	0
1	32
38	15
9	101
7	2
27	2
55	5
18	4
594	83
0	20
64	70
0	58
2	58
0	1
11	10
0	0
0	4
11	0
0	13
0	32
0	5
0	9
0	5
11	0
0	8
2	0
0	58
37	89
0	11
164	78
2	1
3	4
25	5
0	2
0	25
22	121
18	72
0	59
3	2
28	13
0	3
1	10
2	3
14	7
0	6
0	5
0	4
3175	16
8	16
6	8
0	10
0	10
3	1
0	1
107	68
0	55
0	52
7	60
0	25
1	0
1	0
23	14
2	0
0	0
3	2
0	8
3	17
0	18
123	27
0	13
0	13
0	12
0	3
0	9
0	8
12	10
0	8
0	0
2	0
0	0
13	44
0	44
1	0
102	43
0	14
0	0
0	26
0	98
0	12
42	3
17	349
188	331
1	11
3	8
2	0
0	0
0	0
16	0
7	0
24	45
81	19
10	26
41	6
47	2
5	6
0	6
0	0
0	31
0	31
0	31
0	0
0	12
9	0
19	0
5	4
0	8
0	10
0	4
34	23
49	1
2	1
0	12
11	12
0	3
0	1
21	3
0	3
2	15
88	49
2	3
0	3
31	8
0	8
0	0
2	23
0	10
0	11
0	24
0	0
2	51
0	0
0	8
0	0
0	0
0	0
0	5
5	47
0	0
0	53
0	9
0	6
0	0
0	44
0	54
0	5
0	1
0	1
9	0
0	0
28	0
318	11
0	10
0	2
0	16
1	16
74	0
198	24
25	88
70	64
0	0
8	24
0	0
165	55
0	55
0	20
0	5
3	22
21	2
0	22
681	28
76	45
2	18
0	26
0	24
7	11
1	2
0	21
0	0
3	0
8	0
5	8
0	12
410	202
0	202
2	46
6	18
8	0
0	0
0	0
0	0
0	0
41	162
7	162
1	52
580	78
0	78
1	0
4	0
2	5
0	2
0	0
4	5
0	0
0	16
2	16
0	35
0	9
0	4
0	4
0	36
0	167
0	107
736	273
0	167
10	0
8	273
73	0
0	16
0	0
1	0
15	0
4	19
25	13
0	8
0	8
0	9
0	1
0	9
0	0
9	3
0	0
3	0
0	3
3	0
0	0
0	0
1	0
0	7
0	23
0	23
0	36
1	0
0	0
2	19
61	65
702	30
1	30
0	0
605	2
0	0
0	9
4	450
1	444
0	320
0	96
0	37
9	0
4	0
35	1
1	32
0	23
0	11
2	6
0	2
0	2
0	11
25	28
0	28
0	0
4	0
1	102
40	82
0	87
53	17
914	32
63	1
14	0
22	4
0	3
45	0
1	2
5	12
34	55
0	12
8	36
0	36
20	8
0	8
25	1
0	1
31	37
4	3
0	24
0	1
8	3
42	19
0	10
0	19
0	19
6	7
0	15
0	9
0	15
0	9
1	1
0	6
0	1
1	1
0	0
0	2
3	0
5	1
1	57
0	60
0	6
0	3
0	3
0	0
0	4
0	3
159	290
0	290
0	260
6	5
14	0
3	14
0	13
0	12
0	1
0	1
109	1
0	0
0	1
3	1
0	0
373	37
0	37
0	0
839	204
0	204
0	11
1	12
0	1
67	3
1	1
8	7
3	47
0	74
0	80
0	80
0	4
0	5
0	0
21	5
0	1
0	8
0	11
0	1
0	1
0	79
6	0
0	31
0	29
36	0
35	13
1	9
1	3
0	31
140	23
92	18
9	2
0	2
219	528
0	528
0	406
131	351
0	49
0	34
165	34
1	28
0	0
3	21
533	0
1	0
0	17
0	17
0	7
0	0
0	1
0	1
1	1042
0	1042
0	80
0	52
0	52
0	3
0	627
0	2
14	61
0	6
0	0
52	11
4	11
37	216
3310	216
33	10
0	7
163	361
9	0
1	360
8	206
0	206
0	203
7	17
6	30
20	8
1	0
0	0
0	25
4	25
0	8
2	1
0	1
62	128
0	128
83	43
327	35
0	20
3	20
48	30
0	10
19	7
0	41
0	152
3	20
0	21
0	6
4	150
0	176
12	14
0	1
0	1
52	20
0	7
22	1
0	0
15	40
3	40
21	179
3	179
0	11
0	11
4	225
5	98
0	83
0	137
0	8
0	29
24	6
0	6
29	0
0	4
0	4
0	4
0	3
0	0
11	119
0	260
15	114
0	36
0	172
0	38
0	24
4	16
0	10
0	7
0	14
18	17
1	2
0	8
8	1
6	2
54	143
9	12
0	18
0	1
0	249
70	90
15	1
72	29
0	116
19	87
49	91
0	70
42	66
0	1
0	1
0	60
50	42
3	47
0	47
0	39
0	5
6	4
0	1
0	1
0	1
0	1
8	1
0	1
0	0
19	0
0	5
0	0
0	0
0	0
2	0
1	0
4	8
0	0
65	51
10	66
0	391
5	39
58	38
20	20
16	19
0	365
246	158
0	157
0	195
0	74
81	185
644	23
21	28
0	3
0	3
8	38
0	36
0	606
0	6
3	0
0	400
0	0
16	5
0	0
1	371
0	582
0	606
61	284
13	278
0	285
0	184
2	188
88	143
0	16
0	8
0	9
0	9
0	0
20	3
0	0
0	0
7	0
0	0
11	0
29	0
0	0
0	3
0	7
33	9
0	2
0	7
0	7
0	1
0	1
0	1
6	1
0	7
0	5
0	5
0	5
0	5
68	19
5	3
4	3
0	3
0	1
0	0
0	0
0	1
0	0
0	0
0	16
0	16
11	25
5	24
3	8
4	7
55	3
3	1
114	0
83	27
0	27
0	6
0	14
0	13
0	12
0	25
0	87
0	20
0	20
13	18
15	0
1	0
0	24
0	1
0	1
0	44
4	0
66	45
53	0
1	1
0	3
74	944
11	881
139	0
0	22
0	59
82	10
0	21
2	3
0	3
1	1
4	2
0	2
277	0
0	11
0	18
2	50
0	18
0	44
0	4
0	2
0	2
9	33
0	33
0	0
45	399
0	7
2	12
26	9
40	399
60	156
0	3
0	1
0	1
0	156
0	1
0	3
0	2
0	4
0	2
0	2
1	2
2	2
0	2
0	2
5	0
9	0
7	1
60	54
0	253
5	34
23	233
773	0
25	0
42	10
0	4
0	6
19	9
0	9
39	4
18	9
0	0
2	0
16	1
3	1
0	2
0	0
0	0
3	0
193	357
0	357
0	2
24	139
0	130
0	92
0	0
0	0
0	0
0	3
0	6
0	12
0	12
1	201
0	201
2	28
2	6
0	23
30	13
12	0
39	13
5	96
0	96
406	159
160	1
0	0
0	0
5	0
1	1
0	0
0	113
18	116
6	97
0	3
0	3
0	0
0	3
0	1
2	12
30	3
1888	0
295	159
0	36
4	98
3	6
43	19
1	19
0	0
8	15
0	15
513	48
7	31
0	9
19	2
0	0
0	4
0	218
14	321
0	42
0	67
1	40
0	5
0	116
4	0
1	36
22	78
139	78
56	78
0	85
0	49
0	44
0	1
0	32
0	24
1	12
0	2
0	8
0	2
0	10
0	11
2	0
0	0
10	11
0	72
0	9
0	9
0	9
0	13
2	1
12	5
5	5
22	0
8	11
0	3
0	0
0	1
4	26
283	9
0	7
0	2
0	11
0	11
0	11
0	3
7	46
0	47
0	10
4	2
23	26
0	15
12	32
0	13
0	0
0	112
138	112
0	99
56	10
0	22
0	7
0	0
83	38
3	0
5	106
18	106
1	2
19	14
47	17
9	0
24	17
2	6
12	17
0	11
27	122
0	2
4	12
1	5
0	5
32	15
0	0
0	15
106	5
10	4
0	11
5	10
0	10
0	11
0	1
0	0
4	36
6	1
2	4
0	3
0	2
0	0
150	207
0	351
0	25
23	52
11	4
0	4
0	382
20	247
3	33
177	709
0	129
0	177
0	5
18	17
0	5
0	1
0	19
0	0
0	225
0	30
9	70
0	0
7	501
0	54
38	28
76	90
0	151
19	47
13	22
0	24
0	14
0	87
0	87
173	47
0	28
0	37
0	43
0	36
1	0
0	2
0	0
0	2
0	2
5	0
6	3
0	1
0	3
2	3
0	365
0	371
0	9
0	67
10	250
48	7
2	0
26	4
6	4
0	67
48	0
126	351
68	0
0	351
0	7
0	0
5	9
0	7
3	2
0	0
0	1
0	1
0	1
0	0
1	3
1	70
0	26
0	22
0	2
0	22
0	6
17	64
0	7
0	22
0	22
0	22
6	3
0	17
0	1
1247	7
270	4
87	4
0	0
0	0
0	0
0	1303
28	1323
1	34
0	8
57	0
18	0
0	0
7	0
17	0
0	226
7	250
0	51
0	51
0	51
25	0
0	9
0	9
0	6
1	18
0	18
0	1
7	1
0	0
0	0
0	1
8	0
0	0
0	0
0	0
0	0
0	0
0	0
40	359
0	66
0	3
0	3
0	3
0	359
2	2
0	2
3	24
0	24
0	13
0	2
534	0
20	5
0	205
7	205
0	205
0	207
2	21
0	13
1	0
0	0
13	2
0	4
1542	0
0	0
3	0
3	0
0	47
20	0
31	2
0	2
0	5
5	1
10	1
179	45
0	96
6	0
42	0
0	1
0	67
0	32
4	96
3	0
0	0
0	0
0	50
0	50
0	50
0	37
0	50
11	13
0	19
4	9
0	17
1	20
0	50
47	0
0	12
0	6
122	4
5	2
0	93
0	58
0	23
0	58
0	2
0	15
0	50
1	0
18	60
5	59
6	45
0	23
0	93
0	7
0	1
0	7
1172	5
0	0
715	3
28	370
0	37
2	116
1	84
0	47
0	157
100	1233
11	1236
0	4
38	3
0	7
0	7
0	0
5	2
0	0
0	0
0	0
0	0
13	6
0	0
0	1
0	7
23	9
3	2
118	153
299	233
34	233
0	6
42	1308
2554	3005
0	337
0	1308
7	1
5	1
70	6
103	6
60	23
0	23
123	5
0	2
33	2
0	1
0	2
0	1
0	1
0	0
1	0
0	0
0	57
0	42
0	57
0	0
0	1103
504	1303
0	1056
0	1062
0	1067
4	1250
3	1
1102	0
0	161
0	24
0	209
0	185
0	204
0	117
0	5
15	5
0	48
4	5
240	55
0	117
384	384
0	440
0	190
0	32
0	22
0	39
0	8
0	1
0	243
21	20
0	20
0	57
11	57
80	56
0	2
0	56
0	2
31	157
0	112
14	112
73	7
0	7
3	3
0	0
0	0
7	0
0	3
0	3
0	0
7	0
0	0
0	0
9	88
0	39
14	0
23	21
5	0
8	0
0	25
0	88
0	375
0	375
29	17
12	6
101	0
0	96
0	56
25	0
10	4
19	32
0	60
0	48
0	19
0	0
15	1
0	0
0	1
0	4
0	5
0	0
1	0
2	0
0	42
0	61
0	61
0	43
33	97
0	97
15	97
7	19
81	121
209	35
81	121
1	53
13	86
0	7
0	5
102	0
0	21
32	21
0	19
0	0
0	0
0	0
98	39
0	39
3	27
0	14
0	7
0	8
80	32
0	10
0	10
3	2
75	58
0	58
0	10
7	10
4	5
8	0
0	0
19	28
94	84
0	77
0	133
0	81
20	6
0	1
37	128
91	23
9	23
0	11
682	0
27	99
0	73
2	13
0	12
2	64
4	2
21	14
0	205
0	211
0	228
0	12
0	222
2	10
0	3
0	191
0	14
0	8
0	226
0	231
0	233
0	674
0	674
4	66
0	22
0	0
0	18
0	7
7	27
1	5
0	22
1	2
0	2
161	9
874	9
2	49
0	1
0	1
18	8
0	8
0	1
0	0
0	0
55	0
772	18
123	18
15	21
0	12
0	7
3	7
4	7
102	4
14	4
12	0
18	349
0	1
0	349
0	0
0	2
0	3
0	3
1	0
0	2
2	0
2	0
0	270
0	0
0	0
0	0
0	0
0	0
0	0
0	0
2	0
3	8
0	8
20	12
0	12
1	0
1	0
0	0
108	1
0	1
209	19
0	19
0	19
0	19
3	29
0	0
5	128
8	28
145	55
338	20
0	47
3	11
0	40
0	6
25	0
12	0
0	81
173	59
0	104
0	56
0	42
0	53
0	35
0	25
0	3
53	12
246	85
6	29
13	29
21	76
21	117
0	1
19	127
0	4
0	65
0	2
17	0
2	21
0	27
0	261
0	249
0	8
1	166
26	12
10	7
942	166
2	0
5	148
4	22
0	81
2	0
0	5
9	31
0	147
46	47
15	37
0	37
3	25
4	0
0	19
0	34
0	0
0	15
28	29
32	1
23	42
1616	40
76	3
72	9
49	4
10	29
4	5
0	28
0	0
0	14
0	8
0	1
0	14
0	1
0	1
459	28
0	28
0	23
18	16
23	1
9	30
56	34
0	0
2	6
2	0
1	19
0	0
0	19
0	19
0	7
0	6
0	7
0	7
0	6
0	0
0	0
0	0
10	0
0	465
0	29
3	1
4	1
0	1
0	0
0	0
0	1
0	7
0	7
0	7
76	7
2	5
0	1
0	0
5	1
0	0
0	1
0	0
0	0
51	44
0	25
0	23
1	0
0	14
41	0
0	4
0	4
8	4
1	4
0	1
0	1
0	1
3	17
0	106
9	106
84	24
0	21
35	3
0	6
0	7
0	285
16	285
0	569
0	514
4	208
7	0
2	306
1	289
3	7
4	289
0	8
6	9
10	9
1	9
0	8
4	2
0	8
0	0
1	0
0	2
0	17
0	17
10	97
7	8
0	2
0	8
0	8
183	44
1	0
38	75
0	48
0	31
0	49
0	76
0	43
0	13
0	7
0	11
13	15
0	0
64	43
7	43
5	8
0	30
0	30
0	1
741	1
129	169
0	165
0	150
6	3
4	0
10	12
0	12
2	0
0	0
15	2
234	2
0	0
0	146
0	146
0	9
18	63
5	1
10	3
5	0
0	0
0	0
13	2
2	0
0	13
279	72
0	4
0	4
2	0
6	0
0	0
104	56
45	63
0	30
0	0
0	0
0	0
0	0
0	0
15	73
2	136
0	106
90	47
15	2
1	0
0	0
0	9
0	2
2	69
0	0
7	0
0	4
0	4
0	4
0	4
3	0
30	0
0	18
216	0
5	1
43	2
1	0
2	2
39	12
0	12
0	2
0	4
0	2
0	0
0	0
0	0
0	0
0	2
0	0
6	0
13	4
0	0
26	12
0	1
0	1
173	0
198	0
39	13
14	0
0	13
16	1
0	1
5	35
0	35
0	35
0	194
155	11
5	6
0	8
48	73
0	38
0	5
0	0
0	4
4	10
0	194
3	34
0	34
1	0
0	32
0	2
0	0
19	24
2	24
12	0
3	0
0	4
0	8
14	10
2	5
0	1
0	0
0	2
0	1
0	7
0	6
9	0
94	158
0	2
0	4
1	1
0	158
1	0
0	0
4	0
2	0
0	0
1	0
0	0
2	0
28	7
16	8
17	8
3	0
5	7
0	11
0	143
0	143
0	42
0	48
0	3
0	3
5	0
0	0
0	0
22	127
24	154
0	61
8	0
17	2
1	25
0	25
1	24
0	24
0	5
0	11
0	11
1	11
0	124
0	66
0	60
0	60
0	26
0	15
0	17
0	11
18	132
3	20
0	8
0	20
5	9
310	34
141	82
0	11
0	7
6	0
215	0
0	54
0	86
112	81
0	0
0	8
0	8
0	0
0	0
3	0
22	18
0	12
0	5
0	1
16	75
0	91
218	78
0	53
217	25
0	749
45	780
1	337
0	0
0	0
0	0
0	752
138	15
18	20
0	14
0	8
0	189
0	189
2	0
0	6
0	6
0	0
1	5
0	6
4	0
1	0
12	0
82	11
1	4
1	1
1	8
0	183
58	183
0	3
0	0
24	202
199	223
3	28
49	28
5	0
1	0
6	6
10	19
21	49
0	86
0	9
0	1
13	13
21	12
146	61
0	46
0	13
0	5
0	1
0	1
0	3
0	0
0	0
0	0
0	0
0	0
0	0
0	0
0	0
0	0
0	1
0	1
3	8
0	5
0	0
0	1
0	5
6	8
0	0
0	1
1	0
0	0
0	0
0	0
0	4
35	1
54	8
1	8
0	398
12	397
4	235
0	25
475	56
1	56
0	14
0	14
0	16
0	8
0	2
0	2
22	369
18	369
0	14
0	14
0	1
0	11
1	10
5	17
405	7
0	5
10	0
3	5
0	0
0	5
0	3
0	1
0	1
0	1
0	2
3	0
0	382
167	382
80	22
5	14
136	44
42	17
7	20
10	413
0	413
11	480
0	363
11	419
0	478
0	1
0	329
0	179
0	52
7	18
0	18
0	0
0	1
2	0
3	1
4	0
2	93
0	18
8	0
3	15
0	0
18	8
0	0
1	0
39	362
0	345
0	17
156	8
0	848
18	18
0	841
0	84
0	11
0	13
0	13
53	737
0	1
0	6
0	687
34	707
0	742
0	0
100	395
59	9
56	4
0	7
0	7
0	6
18	229
1	229
0	11
1	0
2	3
3	41
0	50
3	40
4	7
0	3
0	7
0	96
0	10
25	1
0	1
2	0
6	26
0	2
231	39
0	5
6	82
73	93
0	12
0	6
604	6
1	4
15	15
7	10
0	1
0	1
0	12
3	48
0	0
0	0
11	17
0	14
4	0
0	0
0	0
30	75
8	36
0	4
0	45
0	45
0	54
0	54
0	54
0	45
1	27
0	48
3	20
1	48
0	27
385	27
1417	0
103	7
0	0
0	7
190	7
0	6
4	6
0	6
0	6
0	1
0	0
0	0
0	0
0	0
0	465
0	29
25	19
0	19
5	1239
0	1240
0	976
1	3
6	16
0	0
142	0
18	100
3	92
0	9
0	23
0	0
0	0
0	0
0	0
0	0
0	0
0	0
0	2
565	419
0	175
0	124
0	27
6	0
30	64
0	64
31	26
0	20
0	4
0	4
0	0
0	0
0	0
160	27
26	26
0	11
0	11
0	73
0	73
10	12
0	16
2	363
1	0
832	3
3	4
0	6
37	9
0	0
7	16
9	0
4	0
35	35
0	35
37	0
14	0
3	4
0	0
1	0
0	0
0	4
186	5
1	2
0	3
0	4
5	17
23	24
1	1
0	1
0	6
0	5
20	16
0	3
64	23
3	0
0	3
0	1
7	4
14	2
0	3
0	1
0	2
0	9
11	0
0	11
246	6
0	113
2	109
0	1
0	1
0	1
1	1
0	0
0	0
0	0
0	53
330	53
5	12
74	62
8	50
6	22
0	0
82	20
0	19
0	17
12	0
0	0
6	0
1372	200
0	4
40	0
8	199
25	4
0	4
0	0
10	0
5	35
23	0
0	3
0	2
0	9
0	17
0	15
0	15
6	9
0	7
0	35
2	0
0	0
0	104
0	27
0	249
224	19
0	19
0	14
0	0
0	0
7	10
0	10
1	8
0	323
0	79
0	180
2	0
34	341
0	3
0	0
14	0
0	0
0	3
0	0
2	0
1068	0
49	19
0	18
0	12
3	0
1	0
0	0
0	4
1	5
0	0
5	0
2	2
0	0
333	105
33	105
86	105
13	105
157	51
0	57
75	14
0	1
0	0
0	1
1	5
1	5
10	4
73	71
0	16
0	16
3	16
0	5
4	6
0	3
0	3
7	21
15	42
49	0
69	6
90	6
133	19
96	19
107	198
27	211
77	188
0	173
0	87
0	173
171	117
0	63
1	79
0	79
0	0
0	57
0	57
0	0
0	1
0	1
0	1
0	57
73	156
0	0
6	0
0	0
0	2
11	1
7	0
10	6
26	0
0	0
0	0
0	11
22	6
228	144
69	251
0	141
116	37
19	37
13	0
2	0
1	1
0	17
1	22
0	0
13	0
0	0
2	0
0	28
1	20
0	0
12	0
0	28
8	0
1	0
3	10
0	10
0	17
0	136
0	939
0	0
21	1
0	32
0	0
136	881
17	1
0	0
0	1
1	0
1013	0
0	16
19	15
0	4
0	4
24	0
9	67
0	44
0	30
0	0
0	2
2	0
0	49
15	17
0	0
55	58
19	114
3	7
1	6
0	6
0	104
0	0
0	0
0	0
0	0
0	20
0	20
0	4
7	4
0	25
3	5
0	5
3	4
0	1
0	3
1	3
0	3
16	0
0	0
23	0
0	25
56	29
0	119
4	0
448	101
4	11
0	10
62	76
0	29
0	14
31	3
13	25
0	2
11	11
0	9
0	0
0	191
2	26
0	18
2	0
1	0
56	190
104	348
0	348
0	220
106	54
8	39
0	20
0	202
0	192
0	51
83	106
413	244
0	141
0	147
0	147
5	149
0	121
98	29
0	12
0	26
9	10
0	0
0	6
46	46
0	25
62	0
8	0
0	253
3	11
0	95
0	93
1	79
0	1
57	1
108	44
0	44
16	0
0	0
0	7
37	7
0	0
1	10
1	0
0	0
0	10
0	0
0	0
24	0
22	2
0	2
1	0
28	61
0	11
5	1
6	51
576	50
0	2
0	2
110	468
0	468
54	87
0	87
1	0
7	143
0	107
44	139
0	242
0	266
2	376
214	361
0	98
0	240
5	2
1	13
0	3
4	283
0	2
15	0
9	13
186	21
18	105
41	105
313	231
3	32
0	6
4	6
104	46
0	41
49	17
0	5
39	5
0	41
0	38
0	0
162	18
10	0
1	5
0	1
0	0
0	5
22	0
13	7
8	2
0	2
91	280
0	8
0	8
0	8
0	8
9	8
70	1134
528	1134
27	1
0	1
2	0
0	84
0	84
0	84
0	84
0	84
0	84
4	47
0	2
1	71
0	84
0	34
0	34
0	113
0	113
7	0
10	87
0	0
8	8
0	4
9	4
0	15
7	15
0	6
0	6
2	2
3	0
376	6
0	6
2	112
6	112
0	17
0	1
0	86
0	2
1	60
2	60
0	80
562	82
0	5
26	27
6	35
0	35
35	73
2	14
0	28
0	12
409	462
8	463
516	58
0	22
11	6
2	0
79	41
2	67
0	4
0	53
0	18
0	66
0	3
0	0
0	125
0	56
0	102
1	102
3	4
0	40
0	0
0	0
0	0
2	92
4	1
11	87
0	14
1	0
0	2
0	2
0	9
0	1
1	2
0	1
0	1
0	8
0	15
0	15
1	0
0	32
0	2
0	6
0	0
0	0
0	0
0	0
1	0
0	4
0	6
20	4
0	20
98	17
4	20
2	11
0	9
0	9
0	8
0	2
0	1
0	1
152	51
44	51
0	35
0	2
0	2
37	117
0	130
0	99
13	5
0	25
11	143
1	0
0	43
4	43
0	0
0	0
7	0
16	0
3	19
4	19
0	4
18	2
235	44
0	28
0	25
3	0
0	1
9	4
202	4
0	3
7	0
0	0
258	47
0	33
8	32
0	22
0	46
0	11
0	14
13	14
0	5
0	2
0	0
2	0
1	8
18	8
0	32
122	50
0	50
0	0
0	0
23	41
5	41
269	71
0	80
53	12
0	65
0	21
12	8
0	82
0	82
37	8
0	82
0	82
0	82
0	47
0	8
0	8
4	0
0	0
0	0
0	0
0	0
10	32
0	28
24	1
0	0
0	29
4	5
0	0
0	4
0	32
0	39
91	11
240	34
0	31
0	1
13	6
0	6
0	6
0	0
0	19
2	0
14	1
0	374
0	0
3	0
1	0
0	1
0	1
0	9
20	362
214	147
0	111
74	170
11	32
72	88
52	84
75	80
230	80
8	78
8	78
2	1
2	2
32	1
201	89
99	73
0	86
0	53
0	24
0	8
8	2
29	16
0	18
0	13
136	35
1	16
0	28
0	28
0	16
1	2
0	18
0	21
52	4
2	13
9	19
0	21
3	0
0	28
0	0
27	0
5	0
0	0
4	0
0	9
0	3
2	0
0	0
0	0
0	0
1204	74
2	74
8	12
0	8
0	5
0	12
375	17
0	10
0	2
2	0
22	0
0	0
211	0
1	3
0	3
17	118
0	58
0	13
60	71
0	60
1	29
0	3
13	12
0	3
0	2
68	42
0	12
0	0
64	88
0	108
23	164
0	29
0	61
10	83
33	10
0	46
0	46
0	46
31	62
4	15
12	12
0	33
0	3
0	1
1	0
0	36
0	15
0	136
214	29
9	6
0	6
62	6
2	1
60	48
0	41
0	28
4	24
8	15
0	15
30	28
0	0
0	0
1	11
0	0
247	1
248	18
8	46
5	10
0	23
54	35
0	4
233	428
405	428
6	0
121	59
71	55
7	59
0	29
4	5
0	0
0	21
32	2
7	15
4	11
0	11
2	11
0	11
3	0
0	78
0	74
0	78
10	0
73	74
0	69
0	0
0	5
0	2
6	3
0	0
0	0
0	1
0	0
0	0
35	5
0	0
0	1
0	0
2	0
26	0
0	0
0	0
0	4
0	4
0	4
28	21
26	18
6	3
0	1
46	0
15	7
0	0
0	0
0	90
0	3
44	44
0	1
8	1
0	6
1	0
0	2
13	2
0	4
1	2
17	1
5	3
0	0
0	6
0	6
10	6
0	21
24	21
0	21
0	77
0	42
0	0
0	103
28	103
33	15
3	6
0	1
0	6
817	0
3	0
0	0
103	0
48	31
199	31
0	29
0	26
34	2
5	2
0	2
0	2
0	5
0	4
0	4
0	0
9	0
0	269
0	0
0	64
0	64
0	170
0	268
0	176
0	819
0	875
0	138
6	145
31	84
1	197
0	282
0	49
0	80
20	174
4	734
0	96
0	22
59	19
0	10
4	5
0	7
0	7
11	15
0	14
161	3
154	715
0	6
0	6
0	3
0	3
8	3
4	2
0	364
507	54
0	1
0	1
0	2
7	13
0	16
0	16
0	12
0	15
15	18
18	30
0	8
0	6
5	6
0	13
4	0
0	3
0	2
0	2
0	1
2	1
0	5
14	16
0	5
0	4
0	13
5	0
0	0
17	0
0	0
0	0
0	0
0	0
0	0
11	0
59	3
0	2
0	1
1	0
1	0
0	0
9	3
0	1
0	1
0	1
0	2
203	50
0	39
0	20
0	14
20	19
0	22
338	8
56	0
11	8
0	11
0	4
4	2
2	7
0	24
0	173
0	0
9	1
0	24
5	1
0	7
211	366
113	347
13	33
0	32
8	32
0	15
0	5
7	11
0	0
0	108
0	108
7	21
0	25
5	21
18	14
0	8
27	13
0	0
5	2
0	2
4	11
28	13
2	13
0	0
17	0
87	32
6	309
0	309
80	5
8	0
0	0
0	0
0	0
0	0
43	0
4	0
106	12
11	145
0	141
0	153
0	50
0	3
0	0
80	140
0	18
0	51
2	136
74	55
0	55
0	27
206	40
0	17
0	17
0	27
0	33
4	10
6	1
5	1
0	554
59	663
8	1
0	111
3	0
548	1752
0	1319
0	106
12	0
785	561
6	21
72	94
0	11
0	0
124	120
364	130
311	86
0	16
0	18
0	0
0	12
0	1
0	66
26	14
4	0
25	49
0	25
45	53
0	50
0	41
1	44
2	15
1	0
0	22
0	0
5	0
51	57
9	0
0	0
0	0
0	0
0	57
20	73
461	164
33	54
0	48
1	102
1	78
0	81
32	69
0	80
26	0
2	47
0	3
219	2
5	0
53	15
2	16
0	16
0	16
0	6
0	150
0	149
0	165
38	165
51	133
0	28
0	26
53	66
0	34
29	0
41	30
0	21
0	23
0	16
0	0
0	0
0	0
5	0
525	7
30	75
0	11
28	64
0	7
0	7
474	3
20	150
60	143
0	130
0	138
0	98
0	85
0	1
9	6
9	1
72	25
21	25
10	0
0	1
0	0
0	1
7	19
0	1
1	18
23	32
7	0
594	23
0	23
3	6
0	119
0	119
2	119
30	94
492	463
20	655
0	229
3	384
0	193
4	658
0	96
0	128
1	763
0	333
0	17
18	55
6	274
0	5
0	26
0	0
0	0
3	5
0	4
2	0
12	91
0	91
88	0
1	0
1	5
13	5
1	0
0	119
0	460
0	143
13	4
201	36
1	8
3	460
4	9
0	9
5	1
0	33
20	33
0	5
0	8
0	8
0	7
0	7
3	1
0	0
0	1
0	5
0	57
0	57
0	57
0	3
0	0
0	2
13	1
31	25
0	0
1	2
0	25
0	0
0	1
0	2
0	55
0	55
0	58
35	58
7	1
0	41
4	39
0	38
0	54
3	528
1	520
0	256
120	377
0	91
7	316
0	331
34	205
0	2
64	64
0	64
15	0
0	50
0	38
5	12
0	6
7	1
3	20
15	1
0	0
1	12
271	22
0	15
4	0
1	1
0	8
76	42
0	53
11	52
18	0
4	0
0	10
0	0
1	0
0	9
0	9
1	3
0	10
0	11
0	11
0	11
2	0
0	0
0	0
4	15
13	15
0	10
0	16
0	10
0	0
8	16
0	1
0	0
2	10
0	9
853	28
2	1
76	165
0	8
0	14
0	68
0	68
0	0
0	0
3	0
0	0
12	0
1	16
0	29
0	98
314	131
0	19
0	19
0	0
0	0
0	0
0	112
0	0
0	52
0	43
0	27
32	5
1	0
17	123
0	8
0	124
142	137
166	31
316	39
0	35
0	6
291	73
28	40
89	8
0	52
12	5
349	64
5	64
1	99
11	116
0	0
0	17
0	96
0	65
0	0
0	0
21	310
140	313
0	24
0	16
98	156
0	4
9	29
0	127
17	8
0	7
0	24
0	0
0	0
0	24
186	160
15	97
7	65
4	1
0	3
367	89
0	0
0	2
0	2
3	119
0	0
0	0
0	7
75	13
68	6
1	3
0	3
3	1
0	117
2	3
0	3
43	178
6	24
0	83
0	162
116	83
0	24
2	0
0	0
0	0
0	0
0	133
293	134
0	23
0	4
6	0
0	44
0	3
0	8
0	8
12	37
0	8
0	8
0	0
0	1
0	44
0	44
30	0
0	23
0	23
8	0
2	1
0	1
8	30
0	23
0	30
4	1
0	1
0	0
2	1
261	2
6	5
0	1
0	0
0	4
1	0
0	0
0	0
6	22
247	15
0	0
0	15
0	0
0	0
1	70
0	1
0	69
0	66
76	38
0	38
2	7
1	23
7	34
4	4
2	6
0	7
0	7
54	98
0	86
3	23
430	42
0	35
0	35
0	35
6	215
265	760
0	567
0	21
3	50
0	1
522	2
13	1
1	1
118	8
20	16
15	21
0	7
57	13
122	1
0	1
6	6
3	5
2	11
0	11
4	0
1	0
0	0
0	0
39	0
6	102
0	117
44	94
0	14
0	29
0	0
2	0
0	35
0	8
1	52
0	37
175	8
1	17
0	14
0	22
0	0
19	7
4	20
1	1
0	1
2	0
10	0
11	27
3	21
6	171
63	171
3	21
0	21
2	0
12	0
1	3
3	0
244	3
0	3
108	47
17	44
0	32
0	26
11	21
13	5
17	190
0	190
2	184
0	184
0	5
0	0
0	2
0	157
7	2
10	0
81	0
2	59
18	44
0	62
0	59
6	26
0	24
1	12
27	5
0	3
0	0
0	2
0	0
0	0
32	2
61	2
0	8
0	8
0	0
6	0
1	0
304	0
0	3
0	3
30	14
69	9
6	0
16	1
1	230
0	207
0	93
0	230
1	0
11	0
0	12
17	10
25	20
26	31
7	0
0	23
17	0
0	66
242	0
0	0
5	0
0	60
0	65
0	0
0	0
7	13
0	18
36	82
251	0
0	77
478	33
0	172
0	14
0	13
2	11
9	14
0	14
0	1
0	172
10	0
0	5
0	1
0	5
24	14
0	14
0	2
0	0
104	6
32	3
0	0
0	0
0	14
8	14
247	55
0	14
0	11
23	54
6	33
0	23
0	32
0	24
0	25
1	25
0	21
0	7
0	22
0	9
0	7
0	23
0	7
0	5
0	5
2	5
0	1
38	10
4	33
0	77
0	51
0	45
88	0
18	1
5	43
0	0
0	0
0	0
0	0
0	0
1	2
0	2
2	10
0	120
0	120
0	14
0	10
0	1
1	0
321	526
5	501
286	471
0	25
4	0
1922	989
0	12
0	9
0	12
0	0
0	0
103	12
25	32
0	12
1	11
0	171
0	104
0	818
3	0
0	0
0	0
0	104
10	104
0	104
59	27
23	69
231	68
0	68
0	12
75	0
0	0
199	24
0	15
2	10
0	0
0	3
0	0
0	9
0	0
1	1
33	53
22	36
0	1
0	53
5	0
2	0
0	53
153	20
0	123
0	81
0	24
9	3
0	2
0	45
0	2
55	22
0	39
0	1
0	44
1	44
5	97
0	97
2	199
0	212
0	1
0	2
0	5
0	0
0	0
0	11
2	13
0	4
9	0
1	0
7	0
15	69
0	69
0	20
0	35
0	37
66	19
6	71
42	0
0	143
0	4
0	3
0	3
1	1
0	4
0	4
22	47
4	1
0	1
4	141
1	1
0	143
3	14
0	15
0	24
0	34
0	0
11	20
0	0
0	0
0	11
0	0
14	0
0	385
0	385
0	29
0	5
0	6
0	1
4	0
0	0
0	0
1	0
0	42
0	0
5	0
414	17
118	16
0	0
21	0
8	6
6	6
0	4
0	5
26	3
0	2
4	0
4	0
0	2
2	220
0	96
35	0
1	0
1	2
2	72
40	65
23	147
42	12
0	5
0	130
15	2
80	24
0	25
158	37
0	22
272	131
535	131
0	52
5	6
0	6
0	0
0	0
4	0
0	0
0	0
14	0
28	234
0	7
11	7
3	210
0	203
0	226
8	40
0	0
0	40
0	0
1	203
318	251
29	0
0	1
39	7
11	0
4	7
0	6
0	6
126	115
6	115
1	103
0	88
0	4
0	6
34	1
0	70
4	70
0	39
0	12
0	0
0	7
31	70
0	26
0	26
0	26
0	17
0	12
0	2
0	28
0	28
5	0
0	40
4	25
6	10
0	12
0	32
0	17
0	0
0	12
0	12
0	12
0	12
0	0
0	25
0	25
0	34
0	24
0	0
0	0
0	0
0	0
0	0
9	12
0	1
0	1
2	0
0	0
0	1
2	1
0	1
0	1
12	10
0	9
0	0
0	32
0	0
64	42
46	42
0	10
0	50
0	50
0	19
0	6
0	6
0	6
6	14
0	30
0	14
10	32
0	1
24	19
35	46
12	5
0	0
0	0
0	1
16	0
15	40
180	75
231	72
3	0
0	0
21	9
0	8
2	8
0	9
1	0
0	19
5	5
0	5
1	6
0	6
2	3
19	78
0	2
0	26
0	75
32	77
0	570
0	746
0	12
300	722
57	17
15	11
0	359
24	2
24	30
4	0
0	79
0	6
570	65
0	65
8	0
9	0
53	0
45	13
2	0
0	85
70	85
64	25
1	5
0	27
37	0
10	0
6	52
2	0
12	26
24	103
10	86
90	86
0	0
0	9
4	5
0	34
9	0
69	44
0	3
0	3
1	1
7	44
12	74
0	10
203	0
0	0
0	0
6	0
0	0
0	0
5	16
42	16
0	0
1	6
55	10
0	0
0	18
31	45
10	45
22	187
0	166
10	15
1	52
31	21
315	81
10	55
0	9
0	5
18	5
0	32
0	121
0	115
0	114
0	165
0	16
1	5
4	144
0	194
0	25
6	3
1	24
10	24
7	0
0	0
0	0
36	14
27	189
0	140
276	90
52	69
47	139
7	0
16	0
24	11
0	1
1	0
9	1
0	20
3	19
0	8
62	0
0	0
89	231
3	7
0	11
15	2
0	1
2	0
0	0
3	1
3	25
15	252
0	76
22	153
16	2
0	149
0	49
0	0
0	4
0	230
0	9
0	16
0	2
0	16
0	1
0	1
0	14
2	2
5	1
0	0
0	0
20	0
10	0
0	1
0	8
0	0
0	1
0	0
0	0
0	0
131	200
9	88
21	40
9	199
0	0
3	21
9	87
416	2
8	95
1	98
0	9
0	12
0	9
0	0
0	5
0	5
0	3
48	0
0	3
0	0
0	3
5	2
72	0
8	0
5	0
41	6
0	5
16	42
0	0
0	0
4	0
17	9
0	0
0	0
0	16
224	30
68	17
15	14
9	15
15	25
36	229
613	238
0	115
0	43
9	18
0	18
0	466
35	480
0	410
16	103
0	40
0	10
0	38
0	115
4	13
8	6
6	8
1	75
0	11
9	63
17	4
0	2
0	2
3	2
0	0
0	0
3	122
0	16
0	41
2	3
0	0
0	0
6	5
0	5
0	30
0	117
0	0
0	3
0	3
6	3
2	1
2	48
0	54
0	44
0	45
18	51
0	33
2	15
0	2
18	38
21	0
51	269
248	3
12	0
0	4
0	0
0	4
13	4
0	1
0	1
0	1
0	0
0	85
264	271
2	7
1	20
4	6
586	61
14	82
0	37
92	37
0	4
0	14
31	0
12	0
1	25
12	1
1	0
14	33
0	33
0	2
0	0
0	0
4	2
0	0
154	0
0	14
0	14
1	751
11	765
0	0
0	171
4	14
8	11
0	0
0	765
87	22
0	0
3	0
0	22
0	0
1	22
0	0
4	0
0	18
0	18
0	25
0	13
16	2
0	9
5	3
0	3
0	3
12	103
16	103
114	7
48	0
0	0
171	19
0	15
0	10
72	0
0	0
0	0
0	0
19	91
0	108
0	10
9	0
9	71
18	0
19	108
101	12
1	0
0	5
0	1
0	0
1	8
0	9
1	13
0	19
7	11
0	1
10	7
0	11
0	11
0	0
0	4
0	4
2	16
4	112
0	97
0	1
0	0
264	247
0	0
0	36
0	36
0	29
0	5
5	17
1	38
0	16
53	90
4	58
0	6
0	3
4	3
4	54
0	8
123	46
0	8
0	3
0	3
0	3
0	5
73	42
0	26
323	96
0	96
40	0
0	1
0	93
0	93
0	6
1	6
0	0
0	0
0	4
0	4
0	4
0	0
0	0
0	0
2	4
0	38
0	27
0	38
0	17
0	31
0	18
0	7
7	14
174	15
5	9
0	9
2	4
1	7
0	0
0	7
8	5
0	27
0	35
5	14
15	14
77	0
0	6
0	6
18	0
15	0
1	13
99	8
7	1
2	8
28	11
1	17
12	119
3	4
0	12
0	26
0	26
1	26
0	119
113	0
7	10
0	10
0	19
0	19
46	2
0	0
0	0
0	0
5	1
0	1
2	0
115	16
16	17
0	23
0	23
2	23
17	17
0	20
1	16
0	0
1	0
5	7
0	36
0	23
0	24
7	43
14	45
0	38
0	41
0	42
0	40
0	38
14	242
0	243
0	42
5	41
21	78
0	78
0	3
0	3
0	51
43	51
6	0
5	0
0	0
0	0
0	0
0	0
0	0
0	1
0	0
0	0
0	1
0	1
0	1
9	1
0	1
60	892
34	30
0	885
0	310
2	64
65	2
1	13
7	7
96	129
122	29
27	9
44	22
667	192
0	223
4	5
0	4
77	0
9	34
0	35
19	1
2	0
0	3
0	0
0	4
0	0
12	2
0	4
0	1
7	0
1	0
0	102
0	86
5	103
0	85
0	103
2	91
0	65
0	3
54	18
0	14
0	0
1	0
3	0
0	1
0	1
15	1
1	4
23	4
5	19
0	1
0	84
1	66
0	32
21	26
0	84
0	73
0	16
0	42
0	21
0	0
0	30
0	16
0	44
16	57
0	0
5	0
0	47
0	2
0	2
17	44
1	67
183	0
108	0
90	243
0	310
200	67
1	13
0	2
0	2
0	1
2	2
0	1
0	0
0	35
0	34
0	2
39	73
0	73
117	60
0	157
0	146
0	19
2	77
0	17
1	0
0	0
8	0
7	0
0	3
18	53
0	0
0	73
64	0
508	0
21	0
0	11
0	11
6	11
0	1
7	0
5	0
9	0
0	10
111	23
10	0
0	1
0	3
0	3
0	0
0	0
0	4
0	23
0	478
2	17
0	3
0	33
4	34
12	11
110	18
125	8
0	0
8	562
1	562
0	245
0	245
0	8
0	7
0	0
0	6
1	13
0	0
34	17
0	1
0	16
0	49
0	47
0	3
25	5
0	7
0	3
892	279
0	255
0	199
255	130
0	114
16	130
3	13
69	20
10	2
11	0
10	7
0	0
1	20
0	7
0	10
14	8
15	9
2	11
1	1
0	0
0	6
0	0
0	26
0	337
6	341
0	0
152	318
0	5
0	0
0	10
1	10
0	11
0	16
0	45
2	45
0	30
0	0
0	0
0	0
3	271
0	1
3	0
0	0
5	0
0	3
0	2
1	1
16	267
65	186
382	147
0	147
0	70
0	70
0	68
0	124
0	5
0	56
0	52
0	41
0	8
0	4
9	10
0	20
0	11
0	1
9	1
1	5
0	1
0	1
0	0
0	1
0	56
0	85
0	23
25	81
1	16
0	23
0	114
0	3
0	104
0	4
0	0
7	0
1	0
0	1
0	1
4	1
0	0
0	0
1	9
7	40
1	32
7	32
0	14
4	31
0	31
25	6
0	9
0	6
15	14
0	0
8	0
0	1
0	4
17	9
0	215
0	94
128	94
8	246
0	246
0	16
0	6
0	110
4	0
76	0
2	72
0	39
1	12
1	16
0	13
0	0
0	6
14	3
215	86
0	63
0	51
0	26
0	28
57	62
241	60
197	0
15	59
0	60
142	484
0	484
27	226
0	84
0	189
50	85
0	158
15	0
2	0
1	0
1	85
0	112
0	3
0	5
0	5
0	5
0	106
0	106
0	105
0	39
0	3
0	1
14	0
0	2
0	1
0	0
0	0
18	12
140	24
63	48
0	1
13	2
1	8
152	184
6	201
0	69
0	67
0	58
20	68
0	5
0	0
1	0
2	0
6	6
47	6
40	0
0	0
0	6
0	183
123	183
0	7
13	19
4	0
8	0
32	30
0	7
24	24
0	30
0	3
10	162
10	162
0	82
0	82
0	25
0	13
0	1
0	1
2	1
5	0
3	17
6	17
0	3
391	480
0	440
2	5
0	7
0	18
0	120
0	12
8	88
2	79
0	2
1	4
36	98
93	98
14	37
0	35
0	24
0	9
14	2
10	0
2142	68
0	68
0	3
0	0
0	0
27	21
0	21
0	21
0	0
4	19
0	21
0	8
31	6
4	0
0	10
4	26
9	9
92	26
59	19
0	3
2	7
0	4
2	32
0	39
0	28
0	13
0	0
0	0
5	0
4	4
99	0
0	0
6	29
0	23
0	23
0	29
1	23
0	1
0	23
0	1
0	23
0	0
0	424
0	313
0	90
0	0
0	5
0	443
12	75
2	72
0	0
2	0
0	56
0	100
1	112
67	71
0	31
9	55
0	31
0	34
4	38
0	40
0	31
0	28
0	23
0	41
0	9
0	23
0	9
0	0
19	0
9	13
0	0
0	0
0	0
0	0
0	3
0	6
0	6
0	3
0	5
9	165
0	165
50	36
7	16
150	439
0	732
0	491
0	0
55	293
0	678
9	9
0	9
86	9
0	0
0	24
0	33
0	21
0	10
0	3
0	0
0	8
0	0
9	7
0	0
0	3
79	3
10	40
4	40
3	15
58	19
10	16
4	7
2	2
2	0
6	6
0	3
0	4
0	0
0	0
0	2
0	1
0	1
17	1
0	1
0	1
4	224
0	215
0	176
10	63
0	13
33	43
0	0
13	1
0	18
1	32
194	42
0	165
0	166
0	166
0	166
0	1
7	0
0	0
1	0
5	97
7	153
0	0
100	0
213	31
2	21
4	2
0	10
0	7
12	7
0	2
3	2
0	1
34	1
178	0
31	0
65	23
46	9
30	8
320	442
0	20
0	0
7	0
0	87
5	409
1	416
0	10
1	1
17	0
0	21
3	25
0	16
141	16
0	25
6	16
0	13
0	37
0	6
13	28
0	25
0	25
2	5
10	1
17	5
0	1
2	1
22	0
0	0
171	226
333	191
0	186
0	66
3	70
0	66
0	66
0	66
99	23
0	22
36	22
0	21
0	18
23	32
11	18
6	18
0	1
0	23
0	0
11	320
8	2
0	2
36	29
7	29
1116	167
0	0
15	33
0	152
17	30
272	97
0	0
26	49
34	88
25	6
0	24
85	0
7	13
0	13
36	25
89	54
1	13
0	54
0	9
27	163
0	12
416	173
48	173
0	113
0	1
0	2
0	2
373	0
4	0
57	6
0	6
0	6
0	6
0	6
0	6
0	6
0	6
10	5
0	0
0	4
0	50
0	37
0	40
15	55
5	33
0	0
0	21
0	0
0	0
0	0
0	13
14	13
7	0
0	0
25	3
21	3
14	6
0	6
51	228
0	25
0	5
100	10
0	10
13	206
17	19
2	0
25	112
0	204
0	193
93	198
140	0
5	2
9	6
0	17
0	1
4	21
0	5
0	0
0	0
11	0
9	182
31	158
5	79
1	2
18	2
0	5
0	0
0	1
0	1
4	3
0	13
38	13
4	102
0	102
4	10
0	0
0	10
4	15
0	5
11	5
1	0
7	0
0	0
19	0
18	77
265	62
8	53
0	19
0	19
1	30
5	5
0	5
0	5
0	0
0	0
0	0
0	0
19	0
80	49
15	90
0	1
0	1
0	12
0	12
1	128
43	59
16	48
2	34
1004	54
0	1
0	26
0	13
0	25
0	34
94	22
36	4
22	0
21	0
24	36
9	36
0	0
0	0
0	0
0	0
0	0
0	70
0	11
1	249
0	249
0	0
0	213
3	212
3	24
0	0
33	7
0	1
0	1
0	14
0	13
3	774
4	56
0	37
0	27
0	53
0	9
2	0
0	0
2	26
0	778
0	805
281	11
1931	45
0	0
21	45
9	2
170	4
0	4
9	0
15	0
0	8
0	0
2	17
188	33
69	41
0	16
1	22
0	1
3	1
107	0
0	84
26	87
13	63
83	65
0	1
14	22
0	5
2	57
0	57
205	0
59	100
0	95
80	5
6	6
0	6
0	0
1	0
0	0
6	7
90	127
0	46
0	101
8	101
0	53
0	52
0	77
0	0
57	166
25	166
0	20
13	0
7	0
1	19
1	14
285	860
0	34
0	37
0	10
0	1
34	823
2	5
0	0
0	6
0	344
8	284
0	18
20	274
0	0
17	266
0	9
5	9
25	9
39	0
31	0
4	102
136	335
0	91
19	1
4	229
0	0
0	1
0	130
0	159
19	13
12	12
0	20
0	33
0	5
19	1
12	50
0	17
0	12
0	9
4	0
59	164
39	22
2	22
0	0
0	17
593	128
0	1
6	2
0	3
0	2
0	88
7	2
19	16
1	0
0	42
0	66
5	0
506	158
791	162
94	64
1	49
43	26
0	3
8	7
0	4
0	2
0	0
0	2
0	2
3	0
358	143
7	105
317	21
1	0
17	100
0	100
0	10
29	10
62	8
1	0
0	0
0	2
266	60
0	0
1	8
0	7
2	1
0	60
10	74
0	74
0	3
0	9
0	4
1	4
0	2
0	0
0	2
0	8
12	45
0	45
6	1
0	1
0	0
0	5
2	6
0	0
0	1
0	74
0	9
5	44
7	14
156	25
0	3
0	3
138	6
0	9
0	9
0	3
1	0
0	452
0	445
0	15
0	10
33	5
0	451
0	17
21	40
21	1
0	1
19	424
0	424
40	107
3	75
13	149
7	4
215	354
0	361
0	39
4	34
0	1
2	0
10	11
4	434
0	428
0	254
0	71
0	130
8	158
0	17
0	35
0	29
0	29
0	29
0	29
0	0
194	149
0	4
7	145
0	0
41	0
0	15
1	0
15	29
0	109
4	320
0	64
66	390
4	21
1	5
0	19
0	182
0	111
17	12
0	0
5	13
0	13
0	124
0	4
0	15
31	107
0	0
7	15
11	30
0	1
0	30
0	0
1	0
0	0
0	2
0	4
0	57
0	57
77	0
5	151
7	112
0	1
2	111
1	0
7	150
0	0
0	0
0	0
0	0
0	0
6	32
11	33
0	11
0	21
5	24
284	14
9	4
33	12
7	0
27	0
2	0
0	0
0	0
0	0
2	9
2	0
7	0
63	59
0	115
0	115
0	115
1	17
8	1
49	357
0	308
0	1
2	1
16	41
0	0
1	41
0	51
1	30
0	59
1	0
0	35
2	0
0	72
58	0
0	0
0	0
2	74
0	9
0	9
0	9
642	18
0	15
0	3
1156	37
0	37
0	1
0	1
1	1
0	12
7	63
0	10
4	0
30	26
2	26
0	26
1	12
3	0
2	1
0	36
0	5
19	5
4	5
0	36
20	59
0	16
0	10
1614	15
3	0
19	23
0	15
3	0
3	0
0	1
0	8
0	0
0	0
0	0
0	0
0	0
4	0
0	22
0	21
0	19
7	22
0	12
0	14
0	12
0	75
0	75
0	75
0	75
0	75
4	0
4	0
400	3
0	0
0	1
0	0
2	0
0	0
0	53
23	7
0	49
0	2
0	11
0	26
1	0
0	1
0	1
10	9
80	28
316	0
6	34
0	14
0	9
6	6
0	3
0	3
0	12
17	12
0	5
0	1
1	54
0	5
18	212
55	325
0	310
12	22
0	0
5	9
77	0
0	116
4	23
0	1
0	0
0	0
0	7
0	0
1	0
1	0
35	1
0	116
8	92
259	16
0	2
0	108
0	7
5	11
7	5
0	112
1	2100
0	3
0	2083
0	2290
38	0
7	2296
0	2100
6	1
0	4
0	16
0	16
0	0
0	0
0	538
12	1920
0	20
0	20
0	2
4	0
0	161
10	16
5	8
0	72
0	75
0	0
0	0
16	49
0	2
0	0
0	36
0	76
0	85
0	31
0	26
0	27
0	25
0	27
0	27
0	25
0	5
0	1
0	1
45	0
3	2
259	13
0	2
0	2
0	0
0	0
5	0
615	0
8	8
0	7
0	8
1	3
0	61
0	61
10	0
0	1
0	29
0	3
0	1
0	7
0	0
4	20
0	13
15	0
3	0
0	40
0	40
0	22
0	23
0	23
0	23
0	21
2	0
5	0
11	17
0	20
0	12
3	7
0	0
0	0
0	34
0	9
0	34
0	1
0	22
5	22
68	24
0	34
0	34
1	22
0	9
9	21
0	9
0	9
0	22
0	0
206	2
0	2
2	0
0	0
24	324
0	649
0	63
0	440
0	59
1	3
8	66
24	65
13	18
2	1
0	1
14	0
0	0
16	0
79	118
0	257
78	1177
0	3
224	1144
130	157
0	13
0	145
0	145
0	152
657	21
0	21
2	85
482	106
0	29
0	21
102	21
714	21
1	0
853	471
0	3
0	89
8	2
0	432
0	2
0	250
0	246
0	10
0	4
0	4
5	0
8	0
0	68
0	12
0	68
0	2
6	8
0	1
3	4
4	0
7	3
0	0
913	31
287	45
0	2
0	23
0	0
84	4
0	0
29	43
0	5
59	28
15	28
3	71
193	174
1	5
0	160
1	169
0	22
38	6
64	77
0	0
0	0
14	30
1	3
0	4
1	27
0	23
0	0
7	0
6	148
20	148
62	159
522	153
0	112
0	112
0	129
0	130
1	13
0	5
2	5
0	2
4	0
1	0
2	0
2	0
6	0
2	140
3	140
1	94
0	0
0	0
0	0
0	0
0	0
3	0
0	15
0	60
0	172
35	568
0	590
0	160
75	561
0	0
0	9
6	1
0	0
1706	41
0	5
0	39
0	34
0	34
0	0
55	0
13	0
0	0
0	0
6	9
0	9
1	1
44	23
2	15
137	23
289	252
8	252
1	1
0	2
0	1
0	2
0	0
0	20
0	28
7	28
6	20
0	2
0	1
0	0
0	40
202	338
32	338
5	45
0	62
0	44
2	0
12	0
0	0
28	0
0	0
0	0
1	0
36	183
547	194
19	154
0	21
0	0
4	1
7	7
0	8
0	14
0	0
1	22
8	0
0	8
1	8
19	0
0	5
1053	44
134	37
2	0
74	155
0	126
0	33
1	29
75	0
0	8
1	0
0	16
53	460
1152	410
12	410
0	492
0	219
0	62
0	51
108	182
44	13
10	70
144	123
0	48
1	57
33	54
1	49
0	12
0	9
0	9
0	9
0	9
0	13
0	9
1	0
20	5
0	3
0	0
2	0
6	1
0	1
24	0
0	0
4	0
4	0
0	0
1	0
2	2
0	1
0	14
0	14
0	83
0	4
146	81
11	0
7	5
0	6
0	458
0	457
0	257
7	1
1	0
0	1
8	0
0	19
0	0
3	11
1	0
26	0
211	223
11	2
0	66
0	19
0	221
47	12
0	12
0	10
0	10
0	143
146	87
0	59
0	32
0	36
0	147
10	79
9	57
41	103
0	37
3	98
0	37
0	33
0	103
0	26
38	30
0	36
0	7
11	6
196	0
0	6
0	6
99	2
61	2
0	13
0	13
0	10
0	2
0	1
0	1
1	13
0	13
0	13
0	0
0	0
13	7
0	7
0	7
0	0
0	1
15	7
4	7
0	9
0	9
1	113
36	103
0	29
33	29
0	27
75	59
0	52
0	59
1	59
0	61
0	59
8	3
0	51
4	1
0	1
5	1
0	1
1	95
0	59
0	21
0	21
0	17
0	97
0	56
0	53
0	43
0	37
0	19
0	32
0	15
4	15
0	4
0	13
0	11
0	97
0	3
0	3
0	3
0	17
0	17
0	2
0	26
41	85
0	72
5	2
194	9
2	1
8	38
0	7
0	343
5	0
0	0
3	0
0	32
56	25
4	25
17	99
14	222
0	248
1	1
712	261
0	8
0	103
0	103
6	68
31	11
10	83
0	11
0	81
0	3
0	0
0	1
0	1
0	1
0	1
102	255
0	2
182	0
5	0
177	13
0	5
9	6
0	3
0	2
0	7
1	0
0	100
0	54
5	2
0	1
5	24
0	24
68	0
0	4
0	3
0	46
0	46
2	2
200	103
0	93
0	26
0	47
0	0
5	0
0	1
0	1
0	0
0	3
0	5
0	0
0	1
39	1
0	0
0	0
0	0
6	12
0	0
0	0
7	5
0	5
0	2
1	6
0	11
0	10
0	24
0	21
0	24
0	557
3	557
1056	1
0	142
0	142
16	140
0	0
18	0
4	0
0	1
0	1
4	27
0	7
278	0
1	0
14	286
4	18
0	18
0	0
0	3
0	2
0	2
13	0
42	0
1	30
19	30
0	30
0	26
0	21
0	0
0	5
0	0
0	0
6	0
0	0
0	3
15	0
0	0
0	64
0	0
38	64
3	2
10	46
0	46
0	15
5	22
12	1
0	0
0	0
0	0
0	0
3	0
0	0
1626	1
191	293
0	95
1996	87
0	37
0	16
175	0
42	15
0	83
0	58
0	14
55	12
0	0
0	3
31	8
328	116
0	118
1	19
0	37
184	155
33	90
11	4
29	9
0	0
0	7
0	0
5	1
3426	289
1	25
39	0
29	35
0	41
0	235
5	27
1	56
0	14
30	200
1	1
3	0
0	14
6	405
0	122
4	46
23	0
3	0
0	0
0	9
84	405
0	55
37	18
0	63
0	32
2	45
8	21
0	5
0	5
0	55
0	0
1	8
0	8
0	7
0	7
0	1
9	0
0	8
0	0
1	8
0	0
0	0
0	0
0	0
0	1
0	0
0	1
1	2
0	2
0	0
6	12
0	12
0	12
0	12
2	79
0	49
0	44
0	12
6	6
0	44
306	72
0	72
0	142
0	103
4	6
120	165
0	84
0	123
129	3
0	0
0	0
56	8
0	6
0	1
348	224
0	27
0	0
0	156
0	169
25	191
0	0
0	0
2	5
0	5
7	5
0	91
50	91
0	69
1	0
35	13
0	9
0	0
0	0
0	0
0	0
1	0
0	0
0	0
0	0
0	0
0	0
0	22
0	1192
0	1197
0	1197
146	1079
0	1069
8	186
0	95
21	114
11	119
0	85
0	85
0	155
0	133
0	115
0	115
0	63
39	2
7	111
11	134
352	122
0	0
10	10
0	0
22	23
0	23
378	31
0	13
3	0
12	0
22	837
0	36
0	111
0	111
0	97
0	92
40	568
0	568
0	17
132	104
4	4
0	104
1	0
6	58
0	58
0	16
3	0
1	0
17	159
0	139
1	60
158	23
94	701
0	41
232	75
0	50
0	73
11	1
0	13
13	23
20	0
0	0
5	0
505	16
5	12
16	4
18	22
0	17
0	77
660	77
0	14
423	315
1	49
224	58
0	68
0	281
0	152
17	71
0	5
0	16
6	18
0	33
65	118
194	503
143	65
47	56
2	6
0	6
1	0
3	4
1	4
0	4
5	4
0	0
0	22
56	5
0	21
0	8
146	35
15	117
0	91
0	149
10	10
0	0
0	138
0	158
0	254
0	210
21	210
117	248
15	39
0	9
9	38
0	3
0	4
615	143
0	143
84	66
3	50
0	28
0	19
50	3
57	14
1	1
0	1
19	32
2	5
18	270
41	270
1	66
10	29
4	62
0	26
4	12
2	18
0	2
0	32
2388	15
0	28
0	45
0	0
6	0
0	28
89	45
4	0
0	0
12	0
13	0
0	2
3	2
2	0
38	22
1	1
0	22
1	5
0	5
0	0
0	0
0	0
111	224
0	16
0	199
1	213
13	10
57	10
0	3
4	3
0	30
47	38
0	6
0	0
0	0
0	2
19	15
128	69
86	69
34	20
0	84
0	84
0	172
0	20
0	100
0	375
32	71
0	20
18	0
0	1
0	1
8	16
0	1
2	0
11	0
224	302
6	0
0	1
0	37
0	17
3	18
0	1
692	8
0	4
177	436
0	436
0	398
0	398
4	332
0	0
0	56
0	0
0	1
1	5
0	23
5	39
0	81
0	45
0	0
0	0
0	0
0	81
37	169
0	97
0	41
16	23
0	27
0	31
6	138
1577	6
29	15
6	15
0	15
0	1
0	0
4	146
0	88
31	0
31	80
5	0
1	0
0	0
0	0
443	0
2	3
0	0
0	3
38	0
10	4
0	0
1	14
16	14
26	6
0	6
80	3
0	5
0	5
0	5
14	34
0	24
0	26
32	8
397	64
0	64
40	0
12	3
0	3
0	30
0	17
0	55
0	26
0	26
0	26
0	26
0	9
113	748
0	4
0	749
98	18
0	0
403	25
0	25
690	71
0	71
0	71
227	15
9	12
0	7
0	12
234	0
0	198
0	136
6	81
7	41
88	117
128	83
42	5
0	0
367	0
16	3
0	0
0	3
0	15
0	22
0	16
0	16
0	15
0	16
5	31
0	1
0	10
6	11
0	4
0	2
0	15
0	5
79	8
0	8
0	0
227	0
210	125
0	165
2	12
0	171
0	114
36	12
0	12
0	165
287	0
0	0
0	0
29	47
17	43
43	6
42	2
0	2
0	2
0	9
0	2
0	2
43	0
45	16
0	234
0	232
5	258
0	232
0	13
1	232
0	245
0	3
0	238
0	139
0	0
1	0
0	175
0	234
70	59
6	14
4	0
0	52
67	74
0	52
23	52
0	52
0	27
0	26
0	26
0	2
0	27
0	26
107	3
3	1
5	2
0	2
256	2
1	2
0	2
0	18
0	16
3	119
13	119
2	49
0	50
17	1
5	0
0	7
15	21
3	0
1	15
0	15
118	18
0	0
0	9
0	3
1	0
0	5
0	5
0	1
5	136
210	136
0	99
2	45
0	22
0	70
8	77
22	11
7	1
0	1
5	0
1	1
0	7
22	32
0	10
17	68
54	8
0	55
3	8
0	7
0	9
0	4
4	6
3	7
0	0
0	0
0	0
0	1
7	0
10	22
6	1
0	14
0	0
0	2
0	21
6	50
0	8
0	3
6	48
0	41
2	217
0	15
1	15
10	4
11	0
2	4
61	18
39	188
0	9
1	0
16	8
32	0
0	36
0	0
0	0
0	36
0	38
0	7
734	28
14	14
0	13
17	18
31	9
0	10
33	143
0	1
2	1
0	1
1	45
13	0
270	142
13	7
0	7
1	1
0	35
0	26
0	6
0	53
0	2
1	2
0	4
0	6
64	23
0	23
2	1
0	0
0	0
0	0
0	73
31	88
0	88
0	1859
0	1277
1	1782
16	24
1	12
0	1422
0	2
0	7
1	0
0	50
0	64
1	450
27	0
0	20
0	54
0	1
41	43
0	1
0	1
26	22
19	218
0	185
0	185
1	137
0	135
0	122
0	140
1	0
0	1
0	1
0	0
495	61
0	165
0	21
8	117
6	1
42	52
0	12
0	48
0	28
0	52
0	4
0	910
0	883
2	911
314	37
60	10
0	6
0	5
0	5
5	1
0	434
0	104
0	104
0	44
0	45
1	0
0	3
5	0
0	1
2	191
7	14
0	34
160	78
0	78
551	69
0	11
0	0
0	65
0	9
0	9
0	10
12	6
0	3
0	45
0	55
0	55
0	32
170	21
0	23
41	147
0	70
0	61
0	15
38	3
0	48
44	60
0	60
184	63
1	46
10	50
183	42
38	1
33	1
1	1
305	40
0	6
0	1
1	6
0	6
0	6
0	6
0	1
0	0
0	0
0	0
0	0
4	0
42	7
4	23
8	23
10	3
51	5
1	0
0	1
0	4
33	36
11	1
0	35
77	9
3	9
0	4
1	0
3	0
0	0
43	13
8	9
29	34
264	37
0	8
731	13
0	7
0	6
49	39
0	36
41	68
0	34
0	29
0	6
0	2
0	2
0	2
0	2
11	1
5	1
0	30
0	24
35	24
55	144
16	143
0	143
3	124
0	101
533	52
25	20
0	0
14	7
0	0
0	7
0	10
0	8
9	6
0	5
77	23
0	5
72	18
0	95
24	103
1	95
685	0
13	74
0	3
0	13
47	74
12	77
18	45
21	33
6	38
23	54
0	0
0	2
0	107
1	111
0	8
0	16
8	4
16	0
0	13
0	16
103	0
3086	0
0	1
5	2
3	1
3	0
7	115
0	0
12	1
0	0
0	0
0	0
0	0
32	0
16	6
5	264
0	0
0	0
2	21
163	121
747	375
43	497
6	14
4	87
16	0
70	318
2	0
0	318
0	32
5	18
0	29
0	7
0	5
0	0
5	22
0	0
13	3
3	3
0	3
0	5
0	1
2	40
8	23
3	14
0	17
1	0
2	0
4	0
0	8
29	5
13	0
3	0
7	0
0	12
0	2
311	18
0	16
0	8
80	14
96	14
99	72
0	72
0	2
70	2006
861	2432
0	630
0	10
0	24
11	26
0	0
0	3
14	21
7	0
1	0
0	18
56	403
0	313
0	397
0	26
1	7
0	7
0	25
0	31
0	11
0	25
7	31
0	31
0	11
0	2
182	1
14	2
47	38
1	28
0	13
0	0
0	0
0	9
6	0
0	7
6	0
0	3
1	3
0	3
1	60
95	64
0	2
0	11
0	11
9	2
0	1
236	6
0	8
0	5
0	1
0	5
21	0
132	145
0	85
0	125
0	229
0	504
117	504
25	1
45	67
0	67
0	173
0	7
0	197
0	79
9	10
11	9
4	2
0	1
0	8
17	11
9	0
19	18
19	0
235	14
0	0
0	14
6	0
10	0
2	0
0	0
51	58
11	82
0	57
0	57
0	49
0	50
10	113
25	112
0	2490
0	2490
30	55
926	47
0	40
14	14
0	2
110	0
2	0
32	78
2	47
0	17
0	63
0	12
200	0
150	22
5	20
2	1
0	49
0	48
0	8
0	3
0	3
0	3
0	0
0	0
0	0
0	0
0	0
3	0
42	710
1	13
0	13
0	0
0	0
0	0
0	0
0	22
4	22
0	17
1	0
1	0
0	17
1	0
0	9
0	18
7	0
17	4
0	0
0	4
124	275
65	7
9	0
4	0
0	0
7	0
5	0
0	7
0	11
9	4
0	14
0	2
0	1
0	0
0	1
0	12
0	6
0	5
0	2
0	4
0	0
1240	0
15	11
3	18
0	18
37	198
0	193
17	98
12	94
203	0
0	0
0	3
0	6
0	2
0	5
1	5
0	5
0	5
0	6
0	6
0	5
0	5
679	286
48	34
51	0
28	85
95	0
4	0
0	44
0	45
3	10
0	3
27	0
42	6
0	0
15	11
18	17
37	4
0	0
0	1
45	1
3	2
0	3
14	8
0	7
0	7
10	50
321	152
0	254
65	107
0	231
0	109
0	299
0	49
44	76
2	91
0	93
15	67
0	57
0	55
0	16
0	1
3	0
1	0
14	0
10	1
1	0
0	1
1	0
0	0
0	0
0	1
3	3
0	1
0	1
0	91
0	11
4	1
0	11
27	17
0	17
1	12
0	4
0	4
0	4
2	4
6	380
0	365
1	0
8	413
3	91
0	57
26	1
7	1
196	5
0	5
0	5
0	0
1	5
28	5
2	4
24	14
7	14
0	3
15	9
0	9
0	4
0	0
0	19
35	767
2	753
0	0
0	8
12	5
16	2
0	767
0	18
72	18
0	8
0	9
0	8
0	0
1	0
0	1018
2	188
0	31
0	60
0	58
0	91
0	58
32	43
0	53
0	87
0	91
0	52
118	90
470	38
0	14
0	0
0	0
0	0
0	14
9	1
0	4
0	41
27	0
6	0
0	0
10	0
34	38
0	1018
0	1014
0	1016
0	7
0	6
0	2
0	2
2	2
0	0
0	0
0	0
28	47
0	8
6	0
6	4
0	1
5	0
0	0
0	0
0	0
0	0
1	0
2	14
3	15
1	9
0	9
0	2
0	2
45	69
0	59
0	40
0	22
4	19
0	11
0	0
0	0
0	1
5	1
0	3
0	2
0	1
0	0
0	0
0	0
40	0
0	2
0	2
0	0
0	0
5	29
0	29
0	2
0	0
4	0
8	0
0	29
0	29
0	4
0	5
3035	5
9	4
40	15
0	15
21	198
0	198
3	0
0	7
29	5
0	0
0	5
133	20
72	20
0	20
105	70
14	20
21	8
43	33
31	81
0	31
8	9
0	49
0	4
8	4
10	5
0	3
0	121
351	121
39	256
7	251
0	256
7	213
0	13
159	0
39	0
0	9
127	201
92	201
86	0
21	5
0	0
12	0
13	48
12	62
0	62
0	0
0	36
0	2
0	30
141	128
0	116
0	11
0	5
1	5
0	6
0	0
0	1
5	0
1211	27
10	27
0	0
11	0
0	1
299	127
0	95
0	62
140	87
1	0
0	8
0	8
61	2
7	0
0	1
0	2
0	1
8	181
0	17
6	15
0	164
14	165
0	15
0	3
16	0
9	0
0	18
0	18
4	51
1	2
4	0
0	2
0	0
3	18
2	3
11	18
1	748
82	748
33	386
0	386
0	8
0	10
0	10
822	6
0	8
0	6
0	6
0	6
0	6
5	4
27	0
8	0
2	1
14	4
1	35
0	11
0	1
0	6
0	35
36	0
19	352
0	111
0	46
0	0
35	6
19	0
0	6
0	0
8	0
8	15
0	9
11	12
5	15
0	12
0	6
1	6
1	1
0	0
0	8
923	46
0	41
0	179
20	184
0	179
0	179
5	19
5	59
0	48
2	160
9	2
0	7
0	7
0	2
0	2
1	0
24	2
0	2
0	0
41	89
19	17
0	48
0	1457
28	43
13	2
0	31
0	31
0	2
4	23
0	20
1	14
15	0
12	1
1	5
1	0
26	101
0	42
0	8
2	68
0	4
13	4
1	10
13	10
0	106
18	122
6	87
99	46
9	87
273	19
1	0
1	28
0	4
164	14
0	14
0	0
2	0
0	0
548	1503
24	5
0	4
0	32
0	15
0	46
82	58
0	15
0	10
36	24
0	24
2	2
0	2
0	14
0	14
0	4
0	253
0	250
0	245
33	248
0	200
0	38
0	11
0	5
0	3
1	1
0	36
0	42
3	75
0	4
0	1
0	1
4	0
2	0
1	1
0	0
43	3
0	3
1	3
0	3
29	3
0	0
2	0
0	0
1	0
7	2
13	6
9	4
7	2
0	0
1	0
83	43
0	11
3	3
6	0
0	0
0	0
0	4
1	3
6	0
3	4
0	2
0	2
27	12
3	12
28	2
0	0
0	4
0	6
0	0
22	6
13	6
5	0
0	127
17	127
0	100
0	2
0	3
6	1
0	1
0	0
0	1
3	1
2	0
1	39
0	9
0	27
0	27
2	0
5	13
137	12
11	19
0	3
90	81
0	81
5	12
0	7
14	11
2	0
551	0
39	788
0	0
0	0
0	183
5	215
13	183
0	215
0	0
0	0
0	0
0	0
2	2
0	0
0	0
2	41
37	0
0	1
0	29
80	41
3	5
0	0
3	0
0	12
32	0
9	0
354	70
7	81
0	81
44	137
0	43
0	14
3	0
0	14
24	19
12	0
0	5
8	13
5	5
0	0
0	1
0	0
0	0
0	38
0	28
0	15
0	59
0	45
13	11
0	14
264	2
11	24
0	32
0	39
0	39
0	0
0	0
0	3
0	1
0	15
0	5
0	3
0	2
0	0
0	6
3	1
0	9
0	0
25	18
6	18
8	7
12	2
133	4
8	2
0	0
9	1
0	1
0	1
70	5
0	5
0	1
0	2
0	2
0	121
0	31
3	123
9	41
68	3
1	0
0	7
0	56
0	3
1	9
0	1
36	55
0	55
0	15
0	52
0	8
0	8
3	0
0	27
42	68
0	28
4	44
1	0
0	1
38	94
15	95
0	21
0	1
1	0
5	17
61	17
0	2
0	0
34	81
33	41
4	22
20	61
71	43
3	43
9	39
54	32
53	21
0	725
0	15
0	526
13	2
16	2
5	18
0	10
0	0
0	12
0	6
0	17
15	11
1769	778
14	765
0	748
0	618
0	395
0	401
0	402
0	1
0	0
0	0
8	0
0	1
37	0
0	0
0	0
0	0
0	0
0	0
0	0
0	0
33	146
35	51
0	27
0	2
0	3
0	27
36	44
20	22
0	2
0	2
8	1
57	1
9	0
0	0
0	1
1	6
0	0
0	6
23	61
0	126
0	6
7	6
0	7
16	38
7	6
0	42
1	6
0	7
0	7
0	7
2	0
1	0
23	18
0	0
9	5
7	0
145	13
1	0
1	11
0	39
0	39
211	4
0	0
1	3
0	4
20	185
2	636
3	0
0	4
265	0
0	0
0	0
0	0
194	0
35	14
0	9
0	4
0	9
268	14
0	3
0	6
0	8
110	11
0	0
0	3
6	3
0	6
14	18
0	18
0	5
0	4
155	107
4	0
5	2
14	0
4	0
17	27
22	10
0	0
0	0
0	0
0	1
2	0
0	13
0	4
645	50
0	6
21	3
30	2
67	3
4	2
652	1580
0	10
0	1426
0	207
10	143
0	70
62	114
0	28
0	150
2	0
34	1
0	45
9	401
2	288
0	242
213	115
0	9
0	2
69	186
0	179
0	173
0	129
0	13
0	2
0	129
16	0
0	0
0	0
104	0
2	0
53	9
13	40
0	9
27	154
0	155
4	1
343	679
0	53
0	17
0	9
72	204
0	87
10	0
16	87
8	15
30	18
7	0
0	0
0	0
0	1
17	0
57	26
0	8
23	26
7	9
366	224
0	215
39	156
6	134
7	9
28	9
0	9
117	11
3	0
120	0
0	11
1143	76
0	76
0	1
0	4
0	8
0	32
13	32
0	11
0	12
0	1
0	3
16	5
0	5
0	2
0	2
0	41
29	42
0	4
2	21
1	13
0	14
0	0
0	2
43	70
3	24
0	60
0	144
164	144
0	0
19	16
0	0
0	16
106	0
1	0
0	0
13	0
0	6
0	0
2	1
33	87
0	56
0	35
0	7
0	14
0	69
1	33
0	33
0	9
19	56
0	3
1	0
12	53
25	35
2	35
0	34
0	0
0	0
11	0
0	61
0	32
0	32
0	11
18	14
0	2
18	0
4	0
0	0
0	0
24	0
2	0
0	0
32	477
0	168
34	100
29	342
0	187
0	1
328	64
0	92
40	449
32	330
16	6
642	9
0	0
226	113
3	233
0	233
0	80
23	0
24	1
0	0
2	8
0	89
1	19
11	18
0	5
1	1
0	0
1	0
0	1
178	12
0	0
0	12
0	0
26	18
0	57
0	57
1	1
0	1
6	3
0	3
0	3
0	0
0	0
1	0
0	0
1	0
102	62
125	111
0	87
0	38
0	54
0	1
7	2
60	8
0	16
0	15
5	27
0	11
0	2
0	5
60	185
4	3
5	11
0	0
5	0
0	85
1	65
41	71
0	71
7	13
0	13
459	4
5	2
0	2
1	1
75	33
0	25
12	0
0	0
1	0
0	2
0	10
0	6
0	12
0	26
0	12
0	38
14	38
0	25
4	13
5	1
11	12
12	10
19	9
0	5
37	32
0	21
0	21
0	1
0	0
251	116
0	50
0	8
0	6
0	6
0	0
3	3
71	3
2	319
0	318
0	15
0	7
0	67
0	66
1	8
0	1
0	7
0	7
0	8
0	8
0	7
8	10
0	0
0	0
0	1
0	0
0	0
3	0
0	0
0	0
0	0
0	0
0	0
0	1
0	1
0	1
0	1
0	1
0	3
0	1
0	3
0	1
12	0
5	0
0	10
2	10
3	9
0	9
5	0
0	14
388	68
0	55
336	25
0	25
5	12
20	5
0	4
0	4
0	1
0	4
16	5
1	4
4	1
0	3
3	3
0	3
12	3
2	3
0	3
0	3
0	3
0	3
0	3
0	0
0	0
0	0
46	0
0	23
0	31
0	31
0	4
0	4
2	0
6	8
0	14
3	2
6	15
0	10
7	1
0	0
0	10
0	3
58	140
0	140
22	135
3	6
0	2
0	2
5	211
0	225
1	255
0	228
15	276
0	270
33	5
206	0
158	0
0	0
75	104
6	0
8	104
0	49
0	49
0	55
0	6
0	0
0	36
0	9
0	0
0	2
0	0
0	1
0	23
0	49
60	43
0	133
0	132
0	98
0	33
0	30
0	0
21	440
4	10
0	448
0	0
0	438
1	2
12	137
0	32
0	21
0	25
31	0
13	16
22	12
1	5
3	0
2	0
0	5
0	5
0	3
12	78
0	78
1	6
11	0
455	40
21	23
0	20
0	13
0	7
0	251
0	89
0	9
797	389
0	206
0	29
0	11
0	8
0	16
0	8
0	10
0	31
0	8
0	8
0	0
0	1
6	0
11	0
3	26
0	37
3	37
2	8
28	6
0	1
0	2
84	1
42	0
19	0
0	8
0	0
0	8
0	71
0	71
0	6
75	42
0	17
0	12
2	42
0	19
8	15
1	10
7	29
13	11
0	11
0	0
3	0
620	760
9	772
0	15
10	5
0	0
46	50
0	54
23	70
0	14
0	13
0	5
0	60
0	6
1	6
0	6
0	1
0	3
9	3
32	0
10	160
16	102
11	108
0	95
0	96
0	0
11	86
0	169
58	416
31	412
37	255
17	6
29	6
0	6
24	0
44	177
0	0
0	177
1723	174
318	197
0	20
0	0
0	7
0	23
1	0
0	2
849	5
0	3
0	1
18	127
31	127
39	6
1	0
67	0
161	10
56	1
0	173
0	15
0	89
4	173
0	15
5	77
37	128
1	164
0	0
5	72
24	118
0	53
4	6
364	59
2	32
0	46
0	7
5	7
7	9
0	9
1	4
5	7
0	18
0	5
0	38
3	25
3	26
1	19
0	20
0	23
3	0
1	0
1	6
70	6
0	8
0	6
0	0
0	0
1	1
0	1
0	1
0	0
0	1
0	4
0	20
0	19
5	12
25	58
59	21
10	15
33	15
21	30
0	30
12	0
1	0
9	42
0	43
2	43
0	3
0	0
0	7
2	15
1	7
1	1
0	1
0	1
5	15
139	15
29	4
10	165
20	166
48	34
5	72
1	32
0	0
0	3
0	77
8	3
0	1
25	12
0	6
0	6
0	6
0	2
5	24
0	1
1	0
0	0
6	6
216	192
1	104
6	101
49	104
0	0
20	63
0	33
10	14
4	14
348	98
2	66
0	7
0	5
0	248
0	253
0	91
4	90
0	96
0	81
35	75
1392	81
0	2
0	0
0	9
0	0
32	0
712	91
9	66
254	27
56	8
10	2
4	2
292	110
0	79
0	20
161	23
0	20
0	6
0	103
2	26
0	26
12	22
0	8
1	2
19	352
1	0
0	0
0	344
0	352
9	0
369	232
34	43
0	43
0	2
127	2
3	0
0	3
0	5
105	163
0	163
0	2
0	1
0	0
0	0
0	0
0	0
12	0
74	66
0	39
0	25
1	15
0	17
0	5
0	17
47	45
0	30
0	76
0	87
0	3
5	0
3	84
0	6
41	6
0	3
6	7
0	55
0	55
83	191
193	61
0	54
0	51
0	16
1	45
0	29
43	24
0	1
0	18
0	18
6	18
0	18
0	18
1	2
0	1
0	17
11	22
0	1
0	1
14	32
0	5
0	3
175	0
0	0
0	0
0	1
0	0
0	0
272	156
0	7
0	6
1	115
46	1
35	59
588	208
8	11
0	12
0	12
36	53
0	15
0	26
0	29
0	50
0	20
58	63
0	2
0	47
0	16
0	14
0	15
1	15
90	3
10	3
12	22
5	22
0	0
1	0
0	0
0	0
0	0
0	0
0	0
1	0
50	6
179	57
6	153
111	80
0	64
0	0
0	0
6	0
6	10
19	3
92	1
26	11
0	17
6	21
2	30
0	21
1	4
5	0
1	0
0	30
20	44
0	44
0	26
3	23
5	1
0	1
0	0
2	1
0	0
0	1
7	0
10	0
380	3
45	0
0	0
18	89
0	11
46	13
0	1
3	5
4	77
11	1
0	0
6	20
0	0
0	52
0	52
2	52
0	12
0	12
0	8
0	0
3	4
0	10
0	10
54	0
0	4
0	0
3	28
0	4
146	702
259	1
14	702
1	511
0	152
0	145
390	214
0	155
0	123
0	36
16	38
475	61
0	11
0	0
0	2
0	5
0	7
0	7
0	75
0	0
0	17
1	4
0	3
0	1
42	0
48	37
0	37
90	41
0	564
0	4
0	11
844	8
362	571
86	23
26	1
0	1
0	21
3	1
170	43
0	43
27	37
0	45
0	14
81	0
0	7
0	10
0	7
0	50
0	6
0	1
4	54
0	26
0	93
0	95
0	113
0	77
0	63
0	6
10	10
0	1
0	4
55	126
0	19
0	7
0	107
0	23
0	1
0	1
0	1
0	6
0	1
0	1
0	1
0	0
0	0
16	75
0	0
0	0
65	0
0	17
0	5
0	10
12	27
0	5
0	32
0	7
0	1
38	0
0	0
16	0
64	0
1	35
0	22
0	23
0	19
9	7
51	7
0	12
240	201
0	19
82	29
48	70
27	0
74	2
14	140
0	47
8	46
0	29
4	29
2	29
28	21
0	29
0	1
4	12
0	12
0	0
0	0
0	1
4	0
0	1
10	0
7	13
6	0
0	11
7	11
0	4
1	1
0	0
0	0
0	21
0	5
0	0
8	53
3	53
0	53
0	21
0	21
0	20
8	4
0	2
0	0
15	34
0	34
0	0
0	0
0	0
0	0
53	22
1	22
55	12
9	11
215	0
0	1
0	1
0	0
0	1
4	22
0	22
0	12
57	7
29	3
0	150
158	150
0	150
0	1
0	75
0	0
0	0
0	0
0	1
0	87
0	1
0	34
31	86
104	157
18	66
19	24
0	99
0	26
0	20
43	1
0	1
0	0
8	7
0	7
18	7
4	0
0	0
0	7
64	54
3	39
0	43
17	2
8	15
2	13
0	22
27	24
2	0
74	112
0	112
0	102
728	54
0	57
16	56
0	1
4	2
0	1
0	1
0	1
0	5
0	10
0	5
0	10
0	1
0	1
0	5
0	1
0	1
0	5
0	0
5	0
0	0
188	64
0	90
4	41
5	33
0	42
0	19
5	15
0	27
0	89
0	3
0	3
0	40
14	246
0	235
0	263
0	0
0	0
6	281
0	0
0	232
258	202
0	197
3	9
0	5
15	0
0	27
0	27
70	27
9	20
8	106
0	91
0	65
0	47
57	114
0	120
4	2
45	0
0	0
12	11
0	11
0	200
0	202
0	2
0	60
0	13
0	14
23	18
0	6
2	22
0	22
1	10
0	10
0	129
2	129
0	0
0	0
347	1
4	1
632	30
0	30
6	0
2	2
53	260
0	255
0	226
0	52
0	278
5	25
1	25
0	11
0	15
16	58
0	11
0	62
233	11
11	11
0	11
0	8
26	0
0	3
0	3
0	3
0	3
20	6
0	11
7	44
5	44
0	2
28	0
631	78
0	78
8	0
4	10
4	15
0	0
1	6
108	66
0	66
4	20
1	0
17	99
1	99
0	101
0	2
0	100
0	9
3	0
75	268
0	267
0	238
0	241
0	12
0	0
0	0
5	33
4	0
0	13
0	86
756	0
0	0
0	3
0	3
6	3
0	3
0	0
0	0
295	154
8	203
0	0
0	0
0	0
0	5
15	6
0	6
0	0
3	1
0	0
87	148
0	32
106	474
0	148
0	148
0	78
0	116
0	114
42	116
0	61
0	338
0	58
0	5
2	5
0	2
0	2
0	0
1	0
0	1
143	15
25	10
0	2
14	13
0	2
0	11
20	0
100	43
4	0
0	1
0	44
0	421
0	425
0	85
1	74
0	53
148	169
236	228
150	228
0	162
19	34
134	37
0	3
0	3
232	0
41	114
3	80
0	27
0	80
4	27
0	27
1	0
326	25
2	25
0	9
0	0
0	0
62	0
0	25
5	25
0	0
0	0
0	0
118	307
12	26
0	0
6	6
0	6
0	2
49	2
39	56
0	64
0	36
0	36
4	6
5	2
0	28
0	42
1	42
8	0
0	18
0	17
0	34
0	35
0	35
0	35
0	35
0	34
0	35
0	35
0	35
1	2
0	32
0	32
0	32
0	39
0	34
0	4
2	0
0	21
16	2
0	0
18	0
0	40
0	40
0	0
0	2
0	2
0	0
0	0
0	1
5	1
0	0
0	1
0	13
0	13
8	91
0	46
0	33
5	33
0	55
0	55
9	1
33	444
0	25
0	18
263	442
0	15
32	10
72	118
2	9
0	7
0	502
1	502
0	12
0	5
2	6
0	0
0	58
0	0
0	3
0	3
0	1
0	3
0	0
0	3
33	0
0	16
11	16
6	1
0	10
12	160
3	116
32	47
0	21
5	21
3	382
0	382
38	0
54	123
0	120
0	5
0	8
4	2
2	5
0	0
10	13
5	8
0	0
8	5
6	8
0	8
141	0
46	0
201	8
0	12
50	0
20	8
17	20
2	20
0	8
3	8
0	12
2	0
5	688
6	1
0	691
0	690
0	688
1	0
0	0
0	677
1	1
0	1
4	1
0	1
0	64
0	0
0	0
0	72
0	68
9	73
0	72
14	72
0	68
0	72
0	73
7	0
25	0
19	0
20	0
90	0
6	14
0	14
0	12
15	118
117	118
12	0
77	12
0	196
0	229
18	12
0	41
0	28
0	584
8	74
8	1
6	572
0	12
42	6
7	0
0	5
3	2
38	49
394	46
2	39
10	0
2	0
6	0
6	23
1	3
1	7
75	10
0	8
0	3
0	0
61	91
0	66
0	63
0	3
0	3
3	6
22	31
13	31
17	6
0	5
0	1
0	0
0	0
1	1
0	1
727	0
0	11
0	3
0	0
112	51
11	162
0	150
9	0
27	277
0	4
0	6
8	10
2	1
0	4
7	11
0	0
126	59
0	22
5	266
23	22
106	306
0	2
0	305
2	220
13	173
0	170
31	131
3	0
0	131
62	290
0	170
0	3
0	0
0	0
0	0
0	0
6	2
0	21
0	0
0	2
3	43
0	0
3	9
0	0
0	0
12	9
1	12
0	10
28	5
5	5
0	5
30	26
4	26
66	86
0	86
0	84
6	0
0	0
18	0
243	8
0	8
6	0
0	30
0	30
0	1
0	8
0	9
0	9
0	1
0	9
0	1
0	1
0	5
0	0
5	0
0	0
0	4
0	77
0	205
86	205
8	48
0	73
0	50
0	6
0	36
1	15
0	21
0	4
0	4
3	0
1	8
0	54
0	78
0	0
78	206
0	74
0	0
0	1
36	1
114	24
0	36
0	11
0	116
0	9
0	10
0	9
0	4
2	153
18	22
0	22
0	3
0	154
0	60
153	109
0	82
0	463
0	463
3676	314
172	314
5	37
23	30
0	187
0	9
12	166
1	4
5	4
0	10
19	9
0	1
86	355
0	10
1	3
2	13
4	0
30	7
0	0
0	0
1	0
0	0
1	6
23	0
0	48
0	47
0	48
0	0
12	12
0	38
4	38
0	57
0	52
0	1
0	3
13	87
0	57
9	0
14	60
8	60
0	0
48	39
0	7
0	8
0	4
0	0
0	0
0	0
0	2
20	43
32	53
0	41
0	41
344	4
0	6
16	1
0	32
0	38
1	9
0	8
0	8
6	0
1	0
15	6
4	75
0	0
0	0
0	0
16	2
0	0
9	0
197	498
0	498
45	1
0	1
3	0
2	0
0	330
0	330
12	4
477	22
0	0
38	25
0	38
0	11
0	20
0	1
13	0
0	26
0	1
577	172
70	1
1	1
4	1
57	0
3	51
0	12
0	1
45	267
0	1
0	2
0	0
0	0
0	0
0	0
146	583
30	27
0	17
97	26
0	13
0	4
10	98
2	2
0	0
0	0
52	275
4	177
0	181
0	0
0	0
0	29
0	21
21	3
0	15
1	7
4	3
40	8
46	192
0	304
0	21
1	6
0	706
0	694
6	5
0	5
4	47
30	159
59	143
0	24
0	170
0	170
0	22
0	181
0	11
823	256
0	51
0	51
22	37
142	38
184	121
4	117
0	51
0	0
34	4
10	0
0	239
0	238
0	236
0	33
0	28
1	21
0	46
3	15
0	6
0	46
0	46
0	118
0	118
0	61
27	29
119	24
0	7
1	9
0	0
72	0
1	9
0	9
0	9
0	15
8	9
8	15
8	9
35	15
8	7
0	0
0	7
5	8
0	5
9	26
1	13
30	13
200	37
0	70
11	30
0	54
0	15
0	14
0	48
0	48
8	70
0	17
56	242
8	217
0	30
0	2
112	92
5	90
37	32
0	3
0	0
10	77
25	113
125	93
449	91
0	8
0	0
0	11
0	11
1	65
1	7
621	15
61	0
0	15
181	36
0	36
530	986
0	0
21	89
0	13
383	6
76	6
0	0
2	36
8	29
0	28
60	422
16	412
2	351
9	96
52	5
7	6
0	6
0	5
1	42
0	1
23	35
1	4
0	4
155	0
16	36
0	2
36	21
3	17
0	4
0	4
0	3
4	12
1	0
4	0
0	0
0	4
2	0
0	0
0	0
1	0
1	0
10	63
0	2
5	2
0	4
44	2
0	2
8	0
0	61
3	25
0	25
0	1
7	1
0	162
0	48
776	73
0	146
3	120
0	92
117	33
0	1
153	113
195	12
0	11
38	0
0	85
0	5
0	11
24	4
0	0
28	6
0	200
0	49
1	20
0	15
0	0
258	46
42	21
0	62
0	62
30	100
0	100
2	100
4	17
6	0
0	49
0	200
7	3
1	3
0	3
163	1
0	0
2	0
2	0
0	1
0	0
3	0
177	12
98	12
6	0
7	4
39	4
5	10
0	10
0	3
0	0
45	36
0	34
0	1
0	0
3	0
0	5
0	45
9	81
0	0
23	3
0	42
0	0
106	17
0	36
7	39
340	46
0	37
0	46
17	130
5	0
0	0
0	7
8	15
114	91
0	1
0	1
0	2
0	6
1	89
6	20
0	81
0	208
0	162
17	145
0	9
55	81
61	9
4	158
545	0
0	480
39	138
2	349
331	24
0	1
344	422
0	3
59	1
2	418
17	70
0	68
2	46
0	1
0	0
4	0
50	7
1	7
1	0
0	63
1	133
0	10
0	10
0	0
0	0
0	0
0	0
0	0
3	6
0	0
0	0
0	0
0	0
0	0
0	0
0	10
1	0
26	0
0	61
0	2
790	61
127	2
368	75
7	75
0	0
0	5
0	9
0	19
1	23
5	23
0	2
0	0
1	0
7	0
0	23
0	23
0	0
0	8
0	8
0	8
1	0
0	8
0	8
7	8
600	0
95	944
12	273
0	3
0	0
3	29
21	29
0	19
169	31
0	10
0	29
0	23
0	10
0	5
0	5
0	9
0	7
0	7
0	6
0	0
0	0
0	0
44	3
0	0
14	1
2	1
342	0
56	0
290	91
51	74
5	27
0	19
0	20
7	21
1	17
3	1
183	0
28	60
11	9
0	57
1	0
0	8
0	61
0	2
29	1
0	1
0	0
38	36
0	1
0	1
365	35
5	1
1	1
0	1
32	74
16	0
0	74
20	73
0	9
959	42
19	64
50	102
0	44
2	74
2557	0
247	0
5	0
53	62
0	56
0	59
0	59
0	62
2	3
0	1
7	1
0	3
0	44
5	8
0	41
0	2
0	0
7	0
2	23
7	36
0	13
315	181
0	69
0	46
0	140
0	23
0	42
8	92
0	2
0	34
0	2
0	0
0	0
0	0
0	2
799	313
0	284
0	260
0	216
34	251
25	206
0	176
0	117
0	150
12	114
0	127
0	93
0	77
0	11
0	4
59	40
0	40
0	37
0	5
0	0
3	3
0	36
0	33
0	33
29	33
0	55
0	28
0	28
7	27
1	30
0	56
110	90
0	19
3	7
0	0
0	63
2	0
1	0
248	0
7	13
69	13
19	28
0	20
68	4
0	3
0	1
1	3
0	3
0	3
0	0
0	172
0	302
0	794
19	16
5	0
5	0
11	473
0	8
0	302
0	632
448	0
44	27
2	0
856	83
0	27
19	0
0	0
0	0
10	10
5	29
2	6
21	29
1	2
2	0
9	0
60	494
38	0
0	31
104	31
4	9
0	2
1	2
5	0
8	8
0	8
0	10
0	7
0	7
2	4
0	1
0	1
0	4
0	1
0	0
0	0
0	0
0	7
0	12
0	0
0	2
0	17
0	8
0	10
9	12
169	1696
20	11
0	0
62	401
0	30
0	111
5	21
7	17
1	0
0	0
48	0
20	215
10	216
0	228
0	85
0	3
0	0
5	0
1	12
0	0
600	234
0	234
207	493
0	2
0	2
1253	815
0	866
1	93
0	140
73	31
0	11
5	5
33	5
0	5
0	5
37	5
0	5
0	0
3	0
1	0
15	5
0	5
0	13
0	10
10	0
2	4
0	1
2	3
4	2
7	2
1	2
7	2
4	0
1	0
244	2
11	2
0	21
0	47
0	58
0	54
3	32
9	146
0	2
0	29
37	103
28	5
0	0
0	0
0	12
0	12
0	12
0	1
19	16
0	12
0	12
0	12
0	12
0	12
0	12
0	12
0	6
0	12
0	1
1	1
32	33
5	33
73	413
0	8
0	18
4	136
4	0
47	19
123	19
0	4
19	4
104	99
35	100
0	92
2	10
0	6
0	3
0	0
0	3
0	1
0	1
1	1
5	1
0	0
0	1
0	1
241	52
0	44
0	8
1	0
0	8
71	55
10	4
0	3
0	0
0	54
462	2
0	2
2	2
5	8
225	1
0	1
17	0
0	0
2	1
0	1
31	0
29	0
0	0
0	0
0	0
0	0
0	0
3	0
85	9
0	0
0	3
0	40
10	40
0	12
0	12
3	13
0	2
0	1
0	4
0	934
3	4
10	47
0	2
7	950
0	9
3	2
0	0
0	13
583	944
0	52
1	0
9	9
0	5
4	9
0	25
0	6
0	0
17	25
0	22
0	0
42	18
0	13
41	13
0	6
0	6
0	6
0	6
14	0
0	0
0	0
0	0
0	0
0	0
90	103
0	44
0	24
0	90
0	3
23	82
11	21
0	0
0	1
14	21
0	1
22	84
0	83
0	36
0	7
46	35
9	16
0	13
59	21
0	11
0	14
0	11
131	11
0	4
0	3
0	15
1	10
0	10
0	10
0	0
1	5
0	2
0	2
2	0
0	36
11	55
0	5
0	19
0	0
0	30
0	1
10	6
3	9
0	9
82	2
71	180
0	16
0	0
486	2
0	2
0	2
0	0
29	0
0	2
0	4
0	18
0	14
0	18
2	1
0	1
54	116
0	4
2	1
8	11
0	115
6	0
0	0
0	8
0	57
0	0
0	49
72	11
0	20
16	43
17	15
0	15
67	30
4	30
0	8
0	2
0	0
0	0
0	3
37	140
17	140
0	4
0	18
0	184
0	109
2	20
70	6
29	89
5	10
0	13
0	11
0	11
25	19
0	91
0	3
0	0
0	98
99	118
6	119
1	16
0	19
1	5
0	5
0	7
208	2
0	2
0	2
0	2
0	2
0	2
0	1
0	15
16	15
1	0
0	10
0	0
3	0
1	0
12	0
316	69
342	144
0	84
491	56
0	12
0	13
0	13
0	11
114	9
2	0
3	0
4	54
50	0
0	7
0	7
0	6
0	6
0	0
153	127
8	112
0	0
0	8
2	0
7	0
4	0
0	2
8	53
38	49
0	21
0	21
1	8
0	0
60	12
0	12
0	0
0	0
1	0
0	12
3	22
3	22
0	34
0	34
4	136
0	78
17	104
80	34
315	88
0	37
23	0
9	0
0	37
0	37
8	9
0	1
0	0
0	54
0	203
0	206
0	180
0	311
0	2
7	259
0	151
0	43
0	43
0	33
84	1
0	0
105	43
0	31
4	49
0	45
44	41
0	35
0	3
13	4
1	0
24	223
0	227
0	222
0	16
7	10
0	10
16	2
7	10
6	21
0	29
0	4
3	7
5	3
0	3
12	0
0	0
0	0
3	0
0	0
3	0
3	0
2	0
2	28
0	0
0	28
29	12
0	0
105	252
0	251
0	14
13	0
87	40
0	65
10	17
1	9
28	47
0	36
16	38
8	18
21	20
0	8
6	8
9	8
1	47
0	28
0	28
4	24
69	89
0	82
36	20
0	0
4	0
23	1
1	19
0	19
0	9
11	0
0	9
24	81
0	18
91	0
31	52
10	52
0	37
0	3
0	38
10	19
0	3
0	23
0	17
1	16
0	4
0	10
0	23
5	0
279	273
7	40
210	71
0	71
0	157
0	56
9	4
164	40
0	1
11	2
0	1
0	12
0	0
0	0
0	11
0	0
1	0
0	12
0	133
171	7
0	7
0	0
304	108
4	79
1	3
11	3
0	0
192	4
116	72
0	72
93	22
0	4
1111	4
244	4
1597	38
287	0
0	0
4	10
0	10
0	7
0	7
0	6
59	14
0	14
6	49
0	26
0	8
0	55
0	26
0	25
6	76
0	16
0	17
0	18
0	11
0	2
0	93
0	31
0	28
0	6
0	87
0	25
104	17
0	25
0	1
0	6
0	6
0	2
0	5
0	19
0	11
0	5
0	37
0	75
0	2
0	2
0	24
0	1
0	6
95	47
0	36
22	36
8	45
2	42
0	45
0	30
0	9
11	1
2	1
0	1
0	1
0	4
7	0
6	3
10	36
0	36
92	0
49	0
63	0
7	0
8	0
19	18
3	17
0	1
0	12
45	1
0	11
0	0
0	0
0	0
4	0
0	1
5	0
0	0
0	11
0	0
0	1
6	7
19	0
0	74
38	151
5	7
0	79
0	9
1	8
0	5
0	0
1	0
0	68
0	5
0	46
6	50
7	2
0	0
0	0
0	0
7	5
0	2
0	4
0	2
0	7
0	3
0	4
6	3
13	19
0	4
1	0
93	45
0	23
0	23
168	45
0	0
0	0
3	125
0	30
0	23
45	37
1	0
5	0
11	6
24	36
0	24
0	1
0	20
0	0
0	16
0	2
0	2
5	1
0	16
0	16
0	1
0	21
19	51
0	2
1	0
0	0
0	49
1	5
1	0
0	3
1	3
3	0
1	0
0	1
0	1
27	13
0	1
0	0
0	0
11	49
3	12
0	12
3	77
0	159
3	121
0	130
49	159
1	0
5	0
20	3
85	4
0	1
0	0
0	0
0	0
0	3
6	3
0	1
4	1
121	228
0	244
0	50
5	28
0	14
15	0
6	8
0	95
5	301
0	301
0	82
0	2
5	5
1	4
0	2
0	0
0	2
0	2
0	0
0	7
0	3
0	250
22	60
0	36
0	24
0	24
4	0
63	1
31	90
0	90
0	62
0	15
0	3
0	0
45	6
0	6
0	0
8	0
0	0
0	6
167	31
1	31
0	14
0	5
3	0
0	1
1	1
0	3
0	3
0	1
0	3
0	24
0	17
0	20
0	17
11	24
0	21
0	24
0	25
6	7
0	0
0	15
0	15
8	45
0	5
0	0
27	35
2	2
0	2
0	2
199	65
0	80
11	90
0	33
0	35
0	58
0	51
0	37
6	25
45	37
258	29
7	7
0	8
0	17
0	1
0	8
0	1
0	9
0	9
0	0
0	9
0	13
0	48
14	65
0	0
46	0
16	99
26	77
0	42
4	22
0	31
0	4
0	5
14	29
0	0
0	10
0	29
0	9
0	2
0	9
0	43
0	43
0	1
0	3
0	8
0	39
0	39
3	21
1	39
0	81
3	81
0	81
13	1054
31	31
17	31
0	1054
466	3
66	1
0	0
0	133
0	133
0	0
272	180
0	4
3	176
0	45
0	35
0	0
0	4
0	0
6	0
14	92
0	30
27	8
0	16
0	26
2	8
1	2
0	45
0	103
80	163
0	3
0	159
0	19
0	6
1	4
0	81
943	509
0	6
506	495
0	246
18	99
288	99
0	99
18	0
32	135
1032	100
110	301
1	92
5	39
0	39
0	216
14	216
338	209
20	44
14	44
22	43
16	32
14	4
0	0
32	0
27	239
0	231
0	14
226	88
1	122
11	1
0	1
0	1
0	1
13	10
0	5
0	5
0	10
0	1
0	190
0	46
0	0
168	206
0	27
0	27
0	13
0	0
0	0
13	0
0	22
0	21
0	22
0	2
1	10
0	10
0	5
0	651
26	1229
0	83
0	73
0	1149
0	170
49	165
0	165
17	4
36	0
16	55
0	55
355	0
0	40
0	31
0	131
0	117
0	16
0	2
36	5
3	0
0	4
0	0
0	8
3	17
0	13
0	0
24	1
0	5
0	5
14	30
0	15
1	0
5	16
6	0
0	1
8	14
9	16
0	17
54	5
0	2
53	11
21	11
0	11
0	6
210	44
5	67
0	67
0	67
1	46
0	31
0	19
2	7
1	4
0	26
0	66
35	18
2	72
0	0
9	36
0	26
0	25
0	25
0	3
13	0
19	0
0	26
0	16
48	12
0	18
56	23
7	5
191	14
19	9
0	33
2	55
0	16
94	12
0	8
0	26
0	0
336	42
4	0
0	0
2	0
0	9
0	9
2	5
1	14
1	2
0	14
0	12
1	12
0	0
0	1
0	4
1	11
0	11
0	14
0	57
0	95
0	0
0	0
5	92
2	21
53	18
177	11
5	11
51	2
1	2
873	5
6	24
0	28
20	5
17	118
0	102
1	71
0	68
0	84
14	7
0	13
5	1
1	5
0	5
0	45
116	111
0	111
0	1
0	0
0	10
52	10
3	100
1	100
1	100
25	22
3	6
30	0
664	0
0	1
10	1
0	14
0	14
0	14
10	1
8	0
523	1215
109	1246
14	1154
0	793
0	23
0	24
2	3
1	16
0	5
0	2
0	8
0	1
3	0
4	1
1	56
0	52
0	8
0	0
0	5
0	7
0	3
19	36
0	56
0	7
154	142
0	22
0	140
29	0
0	0
0	0
28	128
0	79
0	79
3	114
46	117
0	4
0	58
0	78
0	0
0	79
0	60
6	122
0	8
0	127
3	0
1	0
3	6
116	74
0	68
0	53
3	67
70	61
0	43
0	5
0	14
1	14
1	3
0	13
1	1
0	1
38	585
3	574
0	12
0	0
0	11
0	0
2	5
135	67
3	55
0	23
45	8
0	44
4	26
0	25
6	52
0	27
28	19
173	54
58	11
1	4
18	6
0	6
27	7
23	37
0	0
0	32
429	11
2	2
0	60
31	40
6	1
0	40
0	36
0	21
0	36
12	2
0	2
0	2
0	98
209	5
0	3
2	17
0	28
0	22
0	43
20	50
0	27
221	6
0	6
0	4
3	0
126	0
153	49
0	49
0	49
1	15
1	15
35	3
0	14
0	2
4	0
0	1
35	0
47	173
1	3
0	28
8	161
0	170
0	10
8	0
2	0
0	0
3	0
1	0
0	56
0	1
0	0
0	21
2	0
0	21
4	0
0	19
0	56
491	1255
0	696
92	686
0	17
0	1255
0	696
385	81
0	0
3	7
71	56
0	39
0	38
0	56
8	31
0	7
1	9
21	31
0	25
0	7
0	3
0	4
0	5
0	101
0	0
0	20
59	101
3	33
0	43
0	43
0	43
0	10
2	1
0	0
0	8
12	443
151	477
0	2
90	20
0	39
5	28
75	57
0	57
2	51
0	31
0	61
1	13
0	18
0	6
0	14
0	2
0	0
0	1
1	0
0	61
0	72
0	63
0	67
0	72
0	63
0	68
0	63
0	63
0	72
0	65
0	58
0	67
0	67
0	67
0	67
0	67
0	72
0	72
0	67
0	45
0	48
3	44
1	60
0	4
0	1
0	0
0	0
1	0
0	55
0	59
1	0
2	0
0	1
0	1
0	4
0	8
0	3
0	7
4	1
95	3
0	3
0	3
0	2
1	200
83	201
0	1
31	8
0	25
1	0
71	37
3	20
0	0
0	0
17	2
4	1
6	0
149	0
119	15
0	9
0	7
1	7
0	0
100	0
0	45
0	71
0	51
8	0
0	1
0	1
0	29
8	42
55	46
2	7
4	15
0	15
0	1
16	2
59	27
1	0
3	18
18	4
0	0
0	0
5	4
1	3
0	0
0	2
22	0
0	0
21	0
1	2
0	0
3	37
0	35
0	31
114	26
0	23
0	18
0	21
0	21
0	16
0	13
0	13
1	2
6	6
0	6
0	5
0	2
0	2
0	2
0	14
3	27
0	24
0	2
0	0
0	0
1	0
0	0
10	0
1	3
0	3
0	3
0	2
9	2
0	2
19	3
0	0
0	0
0	0
0	1
15	1
0	1
54	0
2	31
12	0
0	0
0	0
0	1
2	1
1	1
3	8
0	1
0	3
15	19
0	3
0	0
0	6
0	0
0	6
0	3
13	35
0	34
0	26
14	8
9	9
7	7
0	7
0	88
20	28
0	0
4	0
0	82
0	0
129	82
50	82
8	0
1	0
0	0
0	11
0	12
6	13
0	6
0	6
5	9
0	10
2	2
7	57
26	56
2	11
0	3
0	3
0	3
0	4
0	5
0	0
177	188
0	186
0	88
1	68
15	23
0	23
0	15
408	612
9	41
0	583
3	514
44	4
12	6
7	10
0	1
0	0
6	1
1	1
0	1
1	0
0	0
7	4
0	26
0	40
3	22
0	92
29	61
0	80
0	19
0	10
0	49
0	0
0	1
4	70
0	16
0	1
0	0
0	0
1	1
0	7
0	0
18	9
354	16
2	0
4	5
0	0
0	0
0	0
11	0
0	9
0	11
22	0
43	189
0	25
0	6
0	25
1	2
43	0
0	20
0	20
18	11
0	11
0	11
0	14
13	173
0	0
0	1
0	0
37	5
0	5
9	1
1	0
0	7
0	7
0	1
0	1
0	0
0	0
0	0
0	0
0	6
1	6
0	6
0	1
0	1
0	0
47	2
38	17
18	10
0	11
0	10
0	0
2	0
0	6
25	51
0	25
0	46
0	75
10	75
0	32
0	21
2	0
0	0
0	0
0	4
1	9
0	19
12	39
0	0
0	0
0	10
0	0
2	0
2	30
0	8
0	1
0	1
0	11
0	0
2	23
0	0
0	1
0	0
1	11
1	23
0	23
119	208
40	169
954	221
0	151
5	31
0	53
0	2
3	3
12	0
13	15
0	22
1	48
0	41
0	0
32	1
13	16
0	3
7	0
2	0
0	13
0	0
0	0
2	13
14	3
1	3
0	9
0	25
0	0
1	9
0	9
0	0
0	0
7	34
24	32
0	25
0	200
0	100
39	1
0	10
0	12
0	6
0	6
8	0
0	0
0	0
0	6
0	0
0	0
0	2
7	2
4	1
155	0
123	242
221	123
0	123
7	11
0	137
0	44
1	42
53	10
5	8
0	8
0	9
0	10
0	8
1	9
0	25
0	110
4	93
0	88
0	0
17	81
0	5
0	32
0	0
16	32
10	48
0	17
0	32
0	33
11	0
0	0
28	4
0	1
0	0
3	14
57	65
0	65
0	5
43	79
2	2
0	2
0	2
1	0
0	25
43	49
0	36
13	55
0	34
0	110
143	26
6	37
76	121
0	0
0	6
2	5
0	0
268	1
0	6
0	6
0	6
73	14
2	7
0	0
10	4
0	0
0	4
1	14
6	5
3	5
0	115
228	115
4	0
24	46
0	46
291	18
14	8
0	1
0	0
13	9
6	9
3	29
0	0
0	28
0	29
1	2
0	2
5	12
0	1
0	12
2	12
0	3
4	0
0	0
0	12
0	21
0	9
0	0
41	0
0	42
167	42
3	0
0	0
0	59
432	143
81	99
5	51
3	44
34	4
0	108
0	189
16	0
0	205
0	163
1	146
0	31
0	7
3	122
0	205
0	205
0	205
0	205
0	5
0	205
0	179
0	7
0	0
0	205
3	0
34	11
9	0
0	0
0	4
0	0
0	0
0	3
0	0
0	3
0	0
6	4
91	31
0	198
0	0
2	1
19	188
0	35
9	5
6	0
1	5
0	5
0	8
0	0
24	0
0	0
4	1
45	1
1	10
0	4
0	4
0	0
0	1
0	1
0	0
1	6
0	0
0	7
0	7
0	3
206	27
15	0
15	27
188	0
3	0
0	0
0	0
0	0
0	0
0	0
3	27
0	27
0	0
0	0
3	4
4	421
0	147
695	465
0	209
2	159
0	161
0	153
0	153
0	15
0	25
0	8
0	8
15	1
0	191
7	0
545	385
0	385
0	0
16	0
0	5
26	5
310	0
234	412
0	198
0	312
0	77
0	24
0	5
0	4
0	4
0	14
0	14
1	26
16	14
0	17
0	8
0	0
159	226
1	226
0	1
77	0
0	1
1	1
0	0
0	0
630	0
10	32
107	87
0	1
56	15
0	72
0	7
0	8
0	19
116	3
0	0
0	0
0	3
0	2
0	0
0	2
0	2
15	17
4	2
0	2
0	2
3	0
2	0
5	11
0	49
0	39
0	48
9	51
3	8
0	7
0	0
0	12
0	12
66	0
0	45
0	19
0	2
11	72
0	4
0	72
0	72
0	72
0	1
0	0
0	0
0	75
127	17
0	42
40	42
1	38
0	23
0	23
7	1
0	1
4	1
0	0
0	0
0	0
0	0
0	0
0	0
70	0
522	795
89	781
9	12
37	790
0	490
0	18
0	17
0	17
0	18
6	778
75	777
3	0
1	4
0	70
0	65
273	37
0	37
0	6
12	0
312	27
0	9
6	13
0	13
0	9
1	11
15	60
0	37
64	29
0	0
0	69
1	12
554	10
0	7
0	2
0	1
8	167
97	143
0	10
0	11
2	9
13	39
1	2
0	2
0	0
1	0
9	2
0	0
0	2
15	7
0	3
0	0
2	0
0	2
0	2
0	5
0	2
0	1
21	1
0	4
0	4
9	0
29	3
0	3
0	0
0	0
0	0
0	0
1	0
0	0
0	4
108	68
28	68
5	9
17	4
0	9
4	3
0	0
0	0
17	0
30	192
0	124
0	0
0	0
4	0
410	15
2	3
0	2
0	11
36	38
0	14
26	17
1	7
0	0
297	13
0	3
0	1
8	23
30	23
11	18
0	14
0	0
0	0
0	0
0	0
190	67
0	67
0	56
163	14
0	14
6	18
37	23
13	2
0	2
0	5
0	5
0	0
6	60
0	56
211	44
0	11
1	11
2	25
0	92
0	68
13	104
0	53
0	19
51	12
0	43
0	10
0	4
0	31
0	45
0	8
0	0
0	26
0	73
0	0
4	0
1	26
11	49
0	43
66	13
0	7
107	4
0	10
0	0
0	0
0	0
58	0
27	19
32	18
8	19
17	20
0	3
7	0
5	0
0	31
0	31
12	1
0	0
8	3
0	3
16	2
7	8
0	0
117	0
268	147
0	50
0	2
19	3
0	3
2	1
1	1
11	1
0	0
0	0
2	65
0	23
2	10
2	61
0	39
0	89
0	59
20	42
0	110
2678	76
24	21
0	5
10	0
7	9
0	9
14	9
4	9
2	7
0	4
0	4
0	0
0	38
9	38
0	9
2	2
0	2
16	72
3	72
30	76
0	78
0	21
0	5
0	5
14	5
0	6
15	0
0	6
125	39
0	2
0	3
13	3
4	1
0	1
2	3
0	0
0	1
4	2
0	10
0	9
54	268
1	268
0	120
0	0
63	0
0	0
4	0
55	16
0	16
4	299
0	299
0	299
0	299
159	304
0	280
0	16
0	16
0	150
0	150
24	4
0	1
0	0
6	4
127	111
0	110
0	0
0	0
98	90
1	72
0	23
0	92
0	0
44	69
0	0
0	0
0	0
0	0
0	0
0	59
0	0
0	0
0	44
2	69
35	243
0	243
0	42
0	3
17	0
56	19
51	0
32	19
0	12
28	7
4	6
8	6
0	0
178	75
1	67
11	67
43	61
0	6
67	13
10	15
9	21
0	21
0	11
0	3
2	1
0	0
0	0
0	0
0	0
0	0
0	21
257	11
0	0
0	0
22	11
0	20
14	25
6	25
50	178
0	181
0	181
13	75
0	4
0	11
5	0
14	0
0	0
13	0
0	5
0	5
0	17
0	1
0	15
0	17
1	56
0	51
0	5
0	4
10	616
19	616
1	0
0	0
3	0
197	16
0	16
15	15
39	15
19	16
0	16
0	15
3	0
288	13
59	0
48	27
0	0
0	27
0	27
0	3
206	236
1	236
94	96
25	48
0	14
0	13
0	20
1	26
0	6
0	5
1	0
0	34
93	0
191	0
1	6
0	5
0	161
0	180
0	35
0	16
0	0
0	35
107	127
3	127
140	113
8	91
1	89
0	89
4	40
0	40
2	47
0	47
5	17
1	5
0	50
60	94
0	94
0	0
0	0
73	0
0	0
0	0
102	52
1	0
0	0
1	9
53	45
150	50
4	0
0	1
0	2
0	14
0	55
5	55
469	51
0	28
0	0
0	24
139	44
0	8
0	28
0	35
0	38
0	51
42	88
186	22
0	19
0	6
12	66
0	65
0	0
0	2
0	0
0	0
0	2
0	0
1	8
21	66
0	66
0	38
0	19
0	18
31	20
0	0
0	13
7	0
10	0
0	0
0	27
31	0
1	0
239	83
2	35
8	0
16	64
0	48
1	7
0	7
35	13
1	11
5	3
0	0
0	22
0	10
0	3
0	1
0	14
2	0
0	0
1	0
0	16
0	2
0	0
3	0
14	0
53	29
14	1
33	0
11	0
0	292
0	20
7	0
0	2
0	26
0	1
0	0
4	0
0	0
0	2
0	292
11	78
0	6
0	5
0	41
41	89
0	85
0	55
27	0
0	0
0	3
0	6
14	3
14	0
0	8
284	63
28	70
173	126
0	53
0	6
0	6
0	0
0	0
0	0
0	0
0	0
0	16
0	0
8	107
0	0
0	0
5	26
0	26
0	0
0	0
0	0
0	0
0	0
0	0
0	0
2	0
0	0
324	130
1	0
0	10
1	10
57	8
1354	152
65	0
4	13
0	1
0	12
0	0
0	0
0	0
0	0
0	0
0	16
0	12
0	16
0	17
0	0
0	0
0	0
0	0
0	0
342	21
5	20
0	0
34	205
5	205
107	0
55	36
0	28
3	28
0	8
0	19
0	8
0	0
0	3
0	4
0	0
5	5
4	5
1	6
2	0
0	5
0	3
0	0
36	64
1	19
0	37
14	33
11	50
54	152
0	143
0	0
0	7
9	16
0	16
0	120
0	50
25	205
2	0
2	203
0	305
1	223
106	0
7	0
28	3
16	2
1	1
24	1
0	0
2	0
4	0
10	0
95	55
0	20
0	16
0	5
0	22
0	18
0	22
0	35
0	14
40	0
55	117
0	2
3	2
0	37
4	0
9	16
0	16
0	0
10	35
0	8
119	736
27	23
0	5
0	11
0	1
4	1
0	24
0	17
0	21
0	21
0	22
0	648
0	648
0	650
0	648
0	114
0	114
0	114
0	0
1	0
32	631
2	7
0	0
2	1
1	0
12	0
0	10
1	10
0	1
0	128
0	21
14	21
0	107
0	40
0	29
0	0
16	8
6	0
0	6
0	99
0	104
2	1
90	26
0	0
15	0
0	0
3	0
0	3
0	2
0	16
1	6
0	227
0	224
201	227
0	4
1	232
0	0
19	16
22	3
0	1
0	0
0	0
0	0
0	2
0	2
0	2
0	0
7	2
0	10
0	0
0	0
0	0
5	0
45	638
154	638
0	295
0	295
5	20
0	9
4	14
8	14
18	25
0	18
36	45
3	41
0	6
0	2
0	5
0	6
7	1
209	5
0	40
0	1
18	1
1	1
375	0
102	20
3	0
128	20
13	0
23	6
13	11
8	11
15	0
3	0
7	1
0	1
1	0
0	1
1	7
0	4
0	2
0	4
3	6
4	11
0	12
0	1
0	6
5	24
26	21
71	24
31	26
107	29
0	8
21	5
2	15
2	5
0	8
0	8
0	8
0	8
0	8
1	0
0	3
0	0
0	0
0	7
0	1
0	2
0	1
0	0
2	0
0	6
0	0
0	7
0	7
1139	6
0	6
5	0
0	82
0	32
0	11
0	82
23	64
10	0
0	3
0	64
0	55
20	0
126	33
0	40
0	21
6	17
0	11
2	0
0	1
0	0
0	0
22	36
6	11
0	4
1609	0
2	29
21	200
0	73
0	0
0	83
0	200
0	21
0	29
0	7
0	13
0	22
1	23
11	2
0	26
0	4
0	0
0	26
9	25
2	26
0	24
3	8
8	72
0	16
55	6
0	17
67	71
0	3
20	133
0	131
0	50
0	36
3	0
7	0
0	0
0	92
0	102
0	104
0	15
5	16
0	8
39	55
3	8
10	112
3	54
0	39
1	6
2	28
0	12
0	610
2	610
5	0
0	80
38	138
13	350
126	349
0	17
8	3
0	1
0	10
0	21
0	3
10	10
0	103
0	161
21	3
7	1
0	2
59	10
2	2
0	22
0	21
0	1
0	8
0	21
0	0
1	7
0	204
0	204
20	13
0	137
0	16
0	13
9	13
5	0
2	0
0	0
49	72
0	18
264	15
1	6
1	160
0	0
2	1
0	18
0	0
0	256
5	122
0	124
0	136
0	94
0	93
0	96
0	78
0	76
0	74
0	82
0	60
0	49
0	8
8	189
0	174
1	12
9	2
0	0
0	256
0	297
7	225
5	5
0	29
3	0
0	0
0	0
0	299
0	299
0	299
0	0
16	7
3	0
0	0
0	7
8	31
0	15
2	7
2	11
8	36
0	0
0	36
0	2
0	0
5	10
0	6
0	22
0	8
0	20
0	20
0	633
89	641
0	615
0	16
1	4
1	1
1	3
0	2
0	2
2	2
0	0
257	628
0	0
1	1
4	9
0	152
0	152
0	131
0	29
5	0
0	2
371	25
3	29
0	9
0	6
5	2
2	2
1	1
0	1
50	184
50	184
10	150
10	0
0	42
0	257
24	258
0	43
0	34
0	26
2	11
0	10
0	10
0	1
0	107
0	121
0	24
23	0
0	24
50	24
0	111
2	23
0	14
8	14
9	60
0	93
0	5
47	5
0	2
0	1
0	1
0	24
0	24
0	24
0	5
1	4
0	0
2	0
2	1
0	1
18	1
0	1
1	0
53	1
0	44
1	44
0	32
0	31
0	32
1	9
0	9
0	122
0	119
0	121
0	121
9	73
0	50
8	18
0	7
1	9
1	6
0	32
22	37
0	38
140	43
0	43
146	74
0	14
0	65
3	0
1	2
0	61
10	39
0	36
33	2
0	14
1042	28
28	27
0	0
46	0
0	6
10	6
0	6
23	0
1	2
7	3
0	3
0	1
0	1
87	655
22	653
1	36
6	506
0	1
0	1
261	0
301	1551
0	1554
0	1354
20	6
0	3
71	3
1	0
9	14
3	8
0	1
1	8
0	0
0	8
0	86
0	93
7	27
6	20
0	58
4	0
16	110
0	227
0	227
33	85
5	85
0	110
0	78
0	110
11	110
0	106
18	0
6	3
0	32
1526	242
0	211
25	31
203	0
2	87
0	87
38	81
0	30
0	15
0	8
0	7
55	0
0	6
16	0
4	415
0	415
0	391
18	429
0	43
0	10
0	0
0	0
0	8
0	9
22	0
0	0
12	7
14	15
0	15
0	15
1	9
0	0
0	27
0	33
0	33
0	27
0	33
0	27
0	33
0	30
0	0
0	0
2	1
8	10
37	11
7	14
5	2
1	11
533	140
0	2
22	3
24	19
0	0
6	0
27	0
18	2
0	140
0	13
0	13
58	37
0	1
0	11
0	19
0	11
0	11
0	9
0	34
0	34
0	87
0	9
10	24
0	24
0	19
30	0
0	0
0	0
0	0
6	0
5	16
0	0
3	2
0	22
79	167
3	0
3	0
1	0
0	0
0	0
0	0
1	0
0	0
15	0
35	23
47	36
0	36
0	36
0	15
17	0
22	0
1	0
0	0
16	0
0	44
1	44
0	7
0	25
21	19
0	20
0	23
14	2
0	2
0	2
0	2
0	0
8	44
0	5
16	5
6	5
18	40
0	40
10	43
0	56
0	10
0	29
3	16
53	2
41	2
123	80
0	40
0	17
0	93
0	79
0	79
0	45
0	0
0	2
0	2
0	9
0	9
37	0
1307	8
0	6
0	1
77	1
0	0
169	3
0	3
769	5
2	4
0	1
4	1
0	4
9	262
0	115
0	262
3	4
4	218
3	0
253	81
1	0
104	0
0	0
282	480
0	480
1	462
17	299
0	155
0	144
0	125
0	87
38	281
112	378
1	333
10	1
0	1
18	44
0	44
47	42
0	40
955	52
0	26
0	1
0	3
0	1
0	1
0	1
13	106
0	2
7	0
8	95
0	93
0	61
0	63
2	30
42	30
2	30
1	30
0	71
8	232
15	218
25	14
11	21
0	26
0	20
9	18
51	62
0	26
6	22
0	0
15	1
2	47
0	3
0	3
173	2
19	0
75	71
0	75
9	181
3	0
0	43
3	3
0	6
1	178
616	69
77	69
0	35
0	31
18	387
0	231
0	7
0	7
5	1
14	0
0	3
0	1
48	20
24	70
0	35
0	3
0	5
11	5
1	31
7	5
0	5
0	32
111	0
3	0
0	0
2	6
0	6
0	6
0	0
0	0
0	0
0	4
2	0
25	0
0	0
6	12
1	0
1	0
152	207
0	94
0	246
353	251
0	170
0	72
0	80
0	28
0	34
54	9
0	19
43	69
0	246
0	38
10	205
7	204
0	0
0	2
0	3
2	7
6	141
0	112
325	324
1071	361
9	153
0	50
68	24
0	23
0	1
3	0
1	1
0	1
5	23
0	0
0	23
0	2
7	0
1	1
0	20
0	2
0	20
0	25
0	18
0	11
58	30
28	14
0	1
28	1
4	5
22	4
0	5
28	0
31	1
0	0
0	0
0	0
0	0
11	24
0	24
25	24
37	2
5	0
147	2
6	8
4	8
10	1
0	0
2	1
5	1
0	1
0	28
0	28
0	0
0	5
309	171
0	171
222	24
1	0
0	24
78	44
0	10
0	20
4	176
1	204
803	289
0	161
93	161
4	2
15	0
127	145
0	81
4	1
0	0
523	0
0	40
0	40
0	136
0	136
33	175
0	134
1	127
0	72
1	72
0	1
0	1
0	14
7	32
0	1
2	3
9	31
7	42
0	8
0	2
290	0
13	9
0	8
5	72
53	94
8	90
51	18
0	11
0	45
18	42
0	37
0	42
0	8
2	4
58	0
131	0
11	97
0	85
0	12
0	15
0	0
0	31
0	2
0	2
21	0
21	29
130	49
0	20
0	24
0	41
16	4
0	0
0	3
26	22
1	9
22	13
0	6
0	15
0	15
0	15
0	15
0	15
0	15
0	4
123	297
0	71
0	292
0	250
36	13
0	10
0	166
0	7
0	12
0	1
0	161
0	11
8	154
229	14
4	0
0	38
12	51
0	37
0	106
0	106
0	31
5	86
0	10
0	7
0	0
1	1
0	18
0	18
0	51
951	391
0	64
0	270
7	223
0	29
0	47
1	87
0	35
0	0
7	10
0	0
0	10
11	1
57	73
0	8
0	8
0	7
0	5
8	5
0	2
0	0
4	1
0	2
0	2
0	0
1	21
9	37
0	29
1	8
7	9
0	1
38	8
68	0
0	1
0	8
0	1
3	0
0	0
4	1
37	22
0	20
0	20
0	13
8	14
0	5
26	8
0	4
0	1
2	42
0	2
25	65
2	60
0	28
12	0
38	0
0	9
0	9
0	16
0	1
74	15
0	107
2	20
0	12
0	83
0	8
1	11
0	10
1	74
0	74
0	29
0	0
162	12
11	2
5	0
6	14
0	12
5	2
0	15
0	15
0	13
0	13
0	4
45	11
0	21
0	141
0	125
0	307
11	307
42	0
0	104
2	1
40	2
0	2
0	1
18	0
84	2
3	0
0	1
0	2
0	1
0	8
1	2
0	0
0	3
0	9
0	0
0	3
0	3
0	3
0	4
0	3
0	2
0	2
29	1
0	0
0	0
1	9
0	4
0	0
13	28
2	28
0	0
0	0
14	8
2	0
0	41
2	115
0	115
32	38
39	32
3	35
20	32
0	41
0	24
0	19
0	10
0	2
0	0
8	8
0	7
8	4
13	1
0	7
0	18
16	9
0	6
0	3
0	3
0	3
0	14
0	3
0	2
0	0
0	0
0	20
32	125
0	4
6	5
0	0
0	4
1	109
331	119
3	4
0	40
37	50
3	0
4	1
113	234
10	234
581	130
365	24
0	22
0	3
0	0
4	2
0	0
0	351
3	13
0	351
15	37
2	27
0	2
0	19
0	20
0	496
0	496
0	0
0	0
3	11
16	6
5	2
6	4
0	3
0	78
0	681
14	33
447	602
4	16
53	51
5	32
682	3
0	10
0	13
4	3
3	0
0	44
0	44
15	60
0	7
0	24
21	1
0	0
0	24
2	0
0	47
0	1
14	97
281	87
0	52
11	80
87	0
152	24
0	7
1	14
3	12
2	11
1	11
8	13
5	0
7	0
0	3
0	4
0	3
0	3
0	3
3	3
1	4
0	2
5	2
0	14
0	15
0	14
12	0
116	4
4	0
2	4
0	31
0	11
0	5
0	0
0	11
43	99
5	99
64	113
0	1
0	1
22	109
0	13
223	14
320	43
0	29
119	0
28	0
0	0
0	8
6	0
0	14
0	16
0	23
0	3
0	16
80	27
0	5
13	15
0	0
0	0
1	0
0	4
0	38
32	1487
0	0
0	9
0	368
0	37
304	690
0	512
0	13
0	12
0	15
0	9
24	99
0	7
56	28
6	25
7	0
0	6
4	20
22	50
459	61
0	53
3	9
0	0
18	1
6	6
0	6
0	6
36	100
20	83
0	100
23	0
1	18
0	18
4	3
0	1
9	3
0	2
0	3
3	1
1	1
5	0
0	42
293	33
0	33
117	31
4	11
0	9
0	1
2	0
5	26
27	5
1	8
0	2
0	5
19	3
1	4
42	241
0	241
12	10
9	0
3	36
0	60
1	61
72	19
0	33
19	40
0	32
4	46
22	34
0	33
0	24
0	10
0	6
0	6
0	6
0	2
60	51
27	51
0	27
0	9
0	10
0	9
0	7
0	0
0	2
0	2
0	2
17	2
26	2
9	0
640	635
0	634
373	333
21	9
0	1
0	2
0	2
4	124
0	113
0	4
0	12
0	12
0	3
8	1
259	1355
0	4
73	177
13	0
0	0
0	3
0	19
8	0
0	18
1	4
0	18
29	7
0	3
3	0
0	0
3	0
1	0
0	0
8	5
516	10
0	2
134	69
0	9
0	12
0	46
0	49
0	44
0	18
0	2
0	44
250	29
6	6
1	0
11	31
0	0
5	13
0	1
5	1
654	0
0	0
28	26
0	27
26	29
37	44
2	47
0	37
2	114
0	3
30	254
0	1
37	8
0	1
8	32
0	1
0	0
0	0
20	18
7	0
0	0
0	26
3	21
24	13
145	7
39	1
0	1
59	0
13	1
0	0
204	144
0	134
0	8
0	18
0	126
0	0
5	29
4	0
0	0
0	1668
0	1666
0	1650
4	202
0	1053
4	1055
0	808
0	810
0	6
7	44
0	36
5	44
0	1
0	6
1	0
0	35
11	16
13	51
0	66
0	48
0	11
0	4
0	51
0	47
96	303
38	76
70	33
0	97
442	38
0	34
17	324
0	218
0	1
0	0
1	3
558	327
42	17
0	9
0	7
0	16
0	1
0	1
0	1
7	1
0	1
6	0
0	7
0	9
2	37
18	18
3	14
0	14
11	0
0	8
25	0
39	106
0	96
27	30
5	1
1	29
3	1
1	0
0	1
18	28
0	4
0	4
1447	339
0	339
0	209
0	186
44	4
3	0
4	0
1	1
43	1
0	1
0	2
6	4
0	3
13	1
0	1
0	0
0	71
49	272
0	4
0	264
0	71
94	53
267	12
0	164
0	10
0	24
5	3
1	2
13	153
234	54
0	3
0	0
12	0
24	7
4	0
0	2
0	7
0	1
4	1
0	0
79	171
0	60
0	12
19	23
0	4
31	55
0	124
0	2
75	13
74	2
0	43
0	9
51	8
253	20
0	18
0	3
0	6
59	6
1	1
0	22
14	6
0	6
0	6
0	1
2	0
18	50
18	27
0	47
0	1
0	2
0	0
0	0
0	0
0	16
0	635
0	635
0	624
0	573
0	573
0	5
0	0
0	5
0	1
0	5
0	1
0	1
1	0
4	0
8	0
122	0
22	13
34	19
0	5
1	5
0	8
0	134
43	134
0	4
0	0
21	0
7	0
33	0
708	19
0	19
34	1
0	0
0	0
8	8
0	0
0	0
0	8
284	152
10	145
0	35
0	4
0	12
46	13
0	6
0	0
6	0
0	13
86	0
45	0
1	0
42	15
0	0
28	1
13	23
0	8
0	3
14	1
0	0
0	0
124	0
44	0
125	7
121	1496
1	1442
0	180
0	57
0	6
4	4
5	64
1	65
15	2
11	1710
3	5
0	13
0	13
0	13
0	61
0	2
0	8
0	14
0	14
0	8
295	0
0	15
94	258
0	27
0	12
0	0
1	0
0	0
0	0
0	0
0	0
0	0
4	2
0	7
0	7
4	55
0	55
0	53
0	44
2	12
0	14
29	21
7	168
0	6
0	1
0	1
1	158
31	0
91	54
6	6
27	49
2	0
67	15
0	15
231	5
38	4
2	0
0	0
0	0
210	0
1	0
0	114
16	114
0	17
0	5
0	17
13	3
0	4
0	5
0	31
0	5
0	5
0	5
15	5
0	5
2	5
0	0
0	0
1119	214
0	38
1103	1
0	139
7	139
2	139
0	139
0	131
33	24
0	12
0	1
41	0
0	0
0	0
117	0
20	7
4	8
0	5
13	6
0	1
258	93
0	107
15	110
21	71
0	14
0	14
0	11
0	11
0	11
0	11
0	11
0	11
0	11
4	11
0	11
0	11
0	3
0	0
0	0
25	0
0	0
0	0
7	0
0	0
0	0
0	0
0	11
0	29
10	11
1	10
0	18
0	0
0	4
337	201
0	1
0	201
1	6
0	0
0	0
403	2
30	39
0	38
6	18
0	20
2	0
8	1
0	5
0	5
6	0
0	0
0	30
2	146
0	146
0	154
0	40
0	46
0	59
0	2
0	0
0	0
0	0
0	159
0	10
312	723
0	111
3	723
163	139
0	6
8	2
11	133
0	0
0	32
0	44
0	44
2	1
0	1
2	55
0	18
0	164
0	155
0	0
0	13
0	0
44	22
1	0
0	0
25	2
2	0
0	0
0	0
0	0
0	164
0	25
0	25
0	0
6	0
0	66
0	3
0	66
15	0
0	0
0	0
0	16
9	14
1	33
1	0
0	0
1	26
1	26
16	29
45	26
3	64
0	79
0	58
0	44
11	38
53	21
0	15
0	0
1	0
6	11
4	0
6	4
25	94
1	27
23	27
0	0
5	27
1	33
189	48
0	92
31	92
10	7
0	7
0	62
0	617
0	622
2	622
0	76
0	0
97	41
0	38
213	21
2	21
17	4
0	3
3036	66
19	0
71	0
0	29
0	7
5	137
0	2
0	0
0	0
537	148
25	148
0	0
0	15
0	9
0	83
0	110
0	23
0	1
0	0
4	0
0	1
0	1
13	44
0	44
2	22
2	27
0	20
439	0
74	107
54	107
35	0
38	22
0	22
0	13
1	64
1	64
0	0
0	0
0	0
1	0
0	0
1	5
1	43
0	19
0	2
0	6
0	21
0	230
3	21
4	0
0	6
11	14
0	0
267	45
0	13
0	22
0	139
14	140
0	0
0	29
0	0
0	0
0	23
5	0
46	6
0	19
0	20
318	118
0	32
3	0
49	1
0	1
0	10
0	0
76	560
0	285
452	308
0	11
0	10
59	10
1	0
0	281
0	186
0	0
0	0
0	0
57	0
0	66
0	4
58	48
80	14
0	15
0	13
23	3
1	9
120	0
120	6
18	0
0	6
0	6
4	6
89	0
15	0
49	34
3	33
0	2
0	0
126	0
0	23
0	23
0	34
61	34
0	2
0	49
0	48
0	49
0	2
0	279
228	356
33	362
0	344
14	85
0	86
3	0
1	9
129	310
440	128
0	1
0	1
0	1
2	1
0	0
0	1
0	1
0	1
13	0
8	12
121	11
1	1
0	0
3	0
4	10
0	0
6	0
1	0
0	0
123	62
64	205
0	186
0	86
0	131
3	2
0	2
0	1
10	314
0	398
0	132
0	6
0	2
291	6
38	7
0	7
2	7
11	134
0	132
0	1
0	0
37	133
0	0
0	0
0	23
12	41
0	1
0	24
0	18
0	0
0	0
0	24
0	38
21	3
0	3
0	3
0	2
0	14
0	14
0	2
0	13
0	0
5	9
0	0
0	6
0	0
0	0
0	120
0	145
14	86
6	139
0	0
34	54
0	101
0	19
20	0
0	6
0	0
0	0
15	0
2	0
0	0
65	348
0	348
20	122
13	103
0	110
10	0
0	111
0	111
51	27
0	22
61	83
0	29
1	0
5	54
25	71
10	1
28	152
0	152
25	111
0	119
63	31
0	31
1	13
0	0
1	219
5	83
18	7
15	0
2	0
27	0
0	0
10	4
70	91
7	149
0	18
11	18
49	28
0	9
1	28
1	2
0	15
0	15
9	1
0	0
0	1
3	2
0	0
0	2
25	5
0	12
0	12
0	6
0	4
0	1
0	2
0	0
0	1
51	1
0	54
9	0
0	53
9	1
8	5
0	0
5	0
0	1
7	1
29	56
0	3
0	5
0	0
5	261
0	299
28	238
2	0
39	95
0	95
384	120
0	120
8	27
2	6
0	2
0	0
1	0
29	0
0	0
0	18
0	17
0	14
0	8
101	1
0	17
0	19
0	3
0	1
0	0
0	2
6	0
14	12
5	12
0	3
0	0
0	9
0	1
0	0
8	0
0	20
0	21
0	1
10	10
7	15
4	4
3	2
0	2
0	74
0	74
6	16
0	27
0	3
43	32
29	199
7	4
0	4
0	258
0	0
27	27
0	27
0	0
63	122
0	92
0	31
0	9
0	0
119	0
0	4
21	145
44	5
0	5
0	14
0	11
0	14
71	43
27	58
32	48
0	16
0	25
0	0
0	0
26	96
201	96
0	1
0	0
0	0
0	1
0	3
48	12
0	12
1	12
0	11
7	0
0	17
0	16
0	16
0	17
0	16
0	6
28	38
0	21
0	36
0	9
0	0
15	0
0	23
6	21
0	21
2	0
14	9
0	43
0	134
0	132
0	0
62	128
0	10
0	10
9	0
10	12
0	1
0	41
0	0
0	9
4	27
0	17
13	28
528	14
17	0
2	42
163	35
1	377
0	408
0	138
0	41
0	41
2	0
0	8
0	2
239	854
0	854
85	0
21	2
3	0
0	2
4	4
0	4
12	5
0	0
0	14
31	4
4	5
15	13
55	109
3	105
0	101
1	39
0	37
1	12
486	50
0	34
0	31
3	12
11	12
0	11
1	18
0	27
0	0
0	0
1	0
0	1
0	0
0	1
0	0
0	4
72	0
1024	14
14	1
0	0
0	1
0	75
10	19
0	53
2	49
0	197
0	123
34	74
0	95
0	44
0	20
5	20
31	0
5	14
1	92
0	92
28	25
1	11
98	0
1	0
1	52
0	52
42	0
236	26
0	26
0	19
0	19
0	19
0	1
6	13
0	1
0	1
0	5
518	18
0	7
0	15
2	5
22	11
19	24
16	35
25	0
0	35
0	0
1	1
10	1
0	0
0	0
0	1
3	0
0	0
1	0
0	0
0	0
0	0
0	0
46	0
0	13
0	10
1	8
0	3
820	0
0	2
0	1
7	1
0	8
0	8
1	1
13	42
0	18
1	18
0	3
24	0
5	0
0	0
46	30
13	17
28	17
7	21
0	21
0	7
0	0
156	3
414	37
49	37
2	0
2	38
0	14
0	2
0	0
0	0
9	0
144	42
0	0
0	24
1	41
0	41
0	24
0	41
0	43
0	42
0	1
0	1
5	0
0	40
0	43
0	25
0	1
0	0
0	0
0	0
0	24
0	39
0	40
0	1
0	1
0	11
0	39
0	2
6	209
0	0
3	0
0	38
0	8
6	10
0	10
0	5
0	10
0	186
30	50
1	97
51	33
0	33
0	33
0	32
0	29
0	6
19	18
70	73
0	55
0	43
0	4
0	6
0	3
0	4
0	2
408	3
0	0
93	35
0	35
0	16
7	0
0	3
5	0
3	41
0	4
0	38
21	47
0	16
4	11
60	0
46	0
204	0
3	0
4	0
50	15
4	32
0	32
16	0
25	66
46	4
3	4
5	62
425	254
18	254
0	88
19	6
0	6
54	0
1	0
0	18
0	18
0	18
3	0
18	9
0	27
0	10
16	10
0	11
0	11
0	28
3	11
9	28
0	10
0	10
0	3
3	2
0	2
1	3
0	2
3	2
0	2
0	2
0	0
0	1
0	1
0	0
3	22
0	22
647	162
7	105
6	75
1	15
1	15
9	46
11	51
10	18
231	30
0	41
0	27
0	38
12	0
5	3
0	7
0	7
1	2
0	2
9	18
0	16
0	218
95	220
4056	24
8	17
0	8
0	7
13	29
27	29
34	12
0	1
46	241
11	241
5	24
0	83
0	189
0	64
0	189
7	189
1	1635
9	13
0	12
146	212
0	3
0	3
0	211
688	169
0	143
18	154
12	99
0	78
0	28
19	0
0	1
5	0
26	25
6	0
0	0
0	0
80	204
1	33
24	188
13	31
0	0
0	1
14	158
0	86
0	86
0	12
0	7
0	7
0	7
0	7
0	0
0	0
0	2
0	0
0	5
2293	377
0	27
14	350
0	0
4	0
0	0
0	0
0	18
0	17
0	1
0	1
210	224
0	194
0	10
0	0
122	196
0	196
1	113
7	0
46	59
32	3
0	21
0	34
27	34
0	46
34	10
0	4
53	9
0	13
4	4
0	6
0	55
0	9
0	0
19	21
0	34
19	45
0	41
17	26
584	91
28	89
0	84
0	1
0	60
4	0
5	0
6	310
3	310
0	301
1	0
23	78
16	110
26	116
0	29
0	22
30	78
0	58
0	47
0	37
0	33
0	0
0	0
0	0
0	0
1	0
38	7
72	2
0	35
0	31
0	35
0	31
0	34
0	34
0	38
0	11
222	44
2	1
91	7
3	1
2	1
0	1
0	40
0	40
0	7
0	1
0	7
5	6
11	1
0	41
220	77
0	58
8	19
2	0
334	76
1	5
0	5
0	6
23	65
0	3
678	862
0	857
91	8
0	8
0	15
0	5
1	10
201	0
0	11
0	11
0	6
120	28
160	1
0	27
0	23
2	23
0	11
32	496
0	496
577	0
4	13
0	13
72	7
0	7
0	12
0	12
40	0
131	89
0	76
113	26
0	13
0	2
13	9
1	9
0	1
0	0
0	0
0	7
9	62
33	21
0	51
0	51
0	3
10	18
0	10
23	6
1	12
3	12
0	12
0	12
0	5
28	10
0	10
28	18
11	18
0	18
0	18
2	0
0	3
0	16
43	2
5	2
5	0
0	12
32	17
0	9
0	0
0	0
0	3
0	8
39	5
462	37
18	20
0	0
0	36
72	287
0	198
0	120
0	152
0	44
17	1
2	0
0	78
5	78
0	34
1	1
0	1
0	101
0	101
0	81
0	69
0	74
0	33
0	9
0	9
0	22
2	1
17	0
7	1
0	13
0	69
0	21
0	17
0	21
346	132
0	0
0	132
0	0
28	0
121	56
0	5
0	127
0	283
129	439
0	82
12	3
4	0
19	254
28	0
55	515
560	176
0	19
32	27
16	66
4	124
0	5
0	119
33	36
0	43
0	36
0	40
32	208
14	211
0	33
3	10
0	7
3	7
0	7
0	0
0	36
17	1
0	18
3	0
66	0
13	1
0	0
0	1
166	0
8	0
59	1
162	0
12	0
2	42
0	41
0	42
3	40
0	31
0	41
0	42
0	27
0	24
0	27
0	3
1	6
0	6
27	0
1	0
0	27
37	2
39	50
1221	1
7	4
0	4
0	4
0	0
0	0
0	0
215	138
0	138
0	96
0	8
6	0
0	38
0	0
0	0
0	40
0	0
0	16
8	0
1	1
0	1
0	1
0	1
1	5
0	72
4	4
11	77
0	5
3	4
7	0
0	59
14	58
0	1
3	0
153	248
0	50
0	70
0	95
0	45
0	16
0	19
0	7
0	7
0	0
115	104
2	75
0	117
0	84
0	5
4	0
12	44
5	0
0	9
10	0
4	46
0	46
0	6
0	6
0	5
3	36
10	9
2	9
1	0
1	0
1	0
0	0
0	0
4	7
290	7
0	5
0	5
0	0
0	3
0	0
130	6
1	3
0	0
4	54
15	86
0	36
0	20
0	45
0	36
0	18
12	0
0	0
0	0
2	0
0	2
11	2
0	0
5	0
0	2
85	2
167	257
106	285
0	39
1	12
0	8
0	4
0	4
3	2
0	0
12	3
14	19
11	3
15	0
0	1
0	1
2	5
2	168
25	51
0	0
10	7
12	2
0	3
23	70
44	37
0	14
0	33
1	2
304	12
49	12
45	0
9	0
0	11
0	115
0	115
0	109
0	86
0	7
0	0
35	0
3	0
0	9
0	1
0	59
1	1
0	9
1	1
0	5
11	3
4	99
0	5
0	1
0	106
0	54
0	32
10	13
1	2
2	9
0	2
0	0
0	0
122	56
0	56
2	5
2	0
1	1
0	4
0	1
0	3
4	3
0	3
0	4
7	31
0	18
8	15
70	108
0	80
0	28
7	1
0	0
1	0
0	1
0	0
177	0
104	12
0	13
0	1
0	3
44	2
6	6
4	1
60	68
48	55
13	59
0	13
0	1
1030	0
673	256
0	142
10	182
3	167
0	135
13	5
22	0
16	53
0	17
0	2
0	0
0	33
0	14
0	0
0	17
0	0
14	2
0	2
10	9
1	10
0	10
3	9
2	9
0	7
0	14
2	1
0	14
0	14
7	0
0	0
4	6
0	19
8	106
0	81
2177	105
0	102
0	18
693	10
87	7
31	34
312	74
0	28
0	8
6	6
1	0
0	0
0	2
0	4
18	2
40	5
6	0
35	125
0	125
0	72
1	19
0	38
0	68
4	43
34	31
0	84
44	0
52	77
0	57
33	40
1	4
0	14
1	14
4	1
0	1
75	0
0	66
0	68
0	85
0	10
2	23
20	83
0	4
0	3
0	12
0	22
0	51
5	14
17	37
11	60
24	53
46	34
73	33
0	33
0	0
0	0
0	30
44	2
19	1
9	1
154	99
5	99
0	89
0	83
0	19
0	31
68	25
8	0
42	0
3	0
55	118
0	108
7	93
46	71
3	0
0	0
0	12
1	0
0	58
0	9
0	52
0	54
0	4
20	5
0	0
0	0
0	52
9	13
220	147
20	147
0	145
4	128
0	116
0	56
47	11
0	8
1	0
0	1
0	1
0	1
1	0
0	0
0	148
0	5
0	2
0	0
9	143
11	133
0	1
0	9
0	44
17	38
76	1
1	0
0	0
0	1
3	1
4	0
31	119
0	121
0	119
9	121
0	105
139	45
105	151
0	31
382	280
0	18
3	180
0	177
0	182
0	79
0	10
0	0
0	3
18	110
1	0
0	0
0	0
0	0
2	0
34	0
0	0
5	0
1245	1
16	0
0	0
69	15
65	17
4	12
2	0
4	10
0	10
0	0
0	25
104	25
1	0
2	0
18	64
5	0
0	73
0	11
0	59
0	59
0	2
14	50
2	10
16	11
0	49
257	144
0	77
0	2
228	0
0	29
0	21
0	28
5	10
0	0
0	0
0	10
0	1
8	0
413	55
28	33
14	26
1	1
430	114
24	109
4	2
0	2
0	0
1	2
28	0
0	19
0	26
5	47
230	591
18	55
0	219
0	235
0	588
0	451
0	406
0	39
49	2
16	164
48	2
5	160
0	160
1	3
28	3
163	791
0	746
46	22
0	10
0	52
2	7
0	2
1	1
0	6
0	2
0	1
0	4
0	72
35	87
0	9
0	11
0	34
0	2
3	49
4	35
0	57
16	41
0	8
0	1
0	0
8	115
1	118
7	4
0	4
119	0
3	99
0	96
1	4
0	3
18	0
14	3
0	20
145	181
6	0
0	1
199	190
3	95
10	7
254	12
0	2
0	11
0	1
130	1
4	1
0	1
7	1
12	1
1	11
2	3
0	13
2	10
0	6
8	0
38	44
0	23
17	28
5	13
622	9
3	9
3	102
0	19
0	10
0	92
0	2
102	115
0	113
9	106
1	0
0	16
2	1
10	102
14	32
0	96
0	72
0	3
4	13
20	50
0	40
2	67
0	1
0	4
0	3
0	2
50	245
0	245
191	71
0	68
0	47
0	30
0	25
1	33
129	2
0	15
0	15
0	5
1	1
139	67
0	60
22	0
13	0
16	48
1	0
1	434
21	433
0	69
0	70
2	24
19	24
17	19
0	14
0	155
0	161
32	161
0	96
3	155
117	0
0	127
0	56
1	7
0	58
0	127
0	0
160	92
0	101
0	88
0	87
0	87
3	91
0	0
0	2
207	3
2	3
0	10
0	10
2	7
236	72
1	63
0	1
0	0
12	25
0	0
3	0
7	2
1	0
0	0
24	0
5	0
27	1
10	0
5	0
0	3
0	4
0	0
0	3
0	3
2	0
0	0
3	1
166	8
0	6
11	8
0	7
7	0
0	31
0	32
33	33
0	8
0	0
0	1
563	1
2	0
14	0
0	21
100	21
232	9
14	6
14	3
0	3
1	3
74	31
0	42
0	31
1	11
98	0
0	0
3	0
0	0
8	0
0	0
0	0
0	0
1	0
0	0
0	50
7	50
31	0
14	17
0	10
3	13
0	1
0	10
127	446
0	436
0	427
73	25
224	445
0	11
51	462
0	172
161	169
2	0
21	56
19	106
0	100
600	105
0	12
50	80
20	105
0	148
0	142
33	147
0	148
521	147
145	150
404	98
0	2
16	7
40	369
0	358
0	279
0	28
3	0
19	3
0	1
0	0
0	1
7	37
0	0
0	1
0	0
0	372
0	37
0	29
0	29
19	22
0	3
0	11
0	0
1	0
0	3
0	0
119	79
0	78
6	5
13	67
6	12
30	68
0	7
3	2
0	5
0	3
0	5
15	2
14	2
3	2
3	3
5	9
32	19
0	22
0	0
0	0
147	32
0	0
6	10
0	93
1	16
1	93
0	15
0	7
2	7
0	0
17	8
7	1
0	0
13	9
0	17
7	1
0	1
12	0
83	271
0	208
0	0
0	97
0	0
0	3
0	3
2	0
433	124
0	51
0	120
0	1
0	29
0	29
0	1
2	27
16	0
139	17
0	17
22	101
0	101
0	29
0	0
2	0
6	0
0	6
95	43
0	15
0	15
0	43
7	2
0	11
30	0
1	0
0	0
0	0
1	0
0	0
18	7
4	5
0	10
89	10
0	6
2	6
211	0
0	54
0	17
8	6
0	3
0	5
0	0
0	0
0	54
83	0
0	0
5	47
7	0
0	47
79	44
0	25
11	37
17	30
1	29
27	18
6	119
144	28
27	110
4	7
0	3
0	3
0	121
0	121
1	121
0	121
0	121
0	19
7	12
0	120
83	2
0	2
0	16
0	16
17	10
0	0
34	381
4	301
0	268
14	188
0	195
0	268
2	0
4	1
56	0
0	3
11	45
2	10
31	5
0	11
0	11
1	0
22	13
2	87
0	31
33	47
0	0
3	0
3	6
0	2
0	36
7	16
0	34
0	8
17	23
8	18
0	5
70	0
0	69
0	69
12	37
0	55
0	55
1	2
0	2
0	0
0	11
0	20
0	9
40	11
3	0
0	1
63	23
7	8
3	8
0	4
0	3
0	0
0	0
0	1
0	1
28	3
0	1
0	1
0	4
101	2
24	14
0	14
0	8
0	8
4	53
5	53
0	53
8	1
69	114
0	0
0	0
18	139
0	3
0	5
0	5
0	0
0	3
0	0
0	1
0	1
4	0
14	1278
48	402
89	1118
0	209
83	1387
0	815
0	13
0	2
0	145
0	18
0	0
1	4
7	0
10	0
0	39
0	50
4	145
0	77
17	80
32	19
0	55
0	1
0	6
25	0
0	0
3	6
22	0
0	16
0	5
0	3
6	14
0	0
9	29
0	80
0	19
0	28
100	14
0	12
0	30
60	26
0	0
4	9
1	42
21	0
12	40
2	4
0	42
6	160
0	201
0	42
0	1
6	586
32	6
0	4
0	586
0	586
0	0
0	0
54	1
0	0
0	0
0	0
473	136
0	34
4	37
0	37
2	37
0	3
0	6
0	3
0	19
0	62
5	16
502	122
110	85
0	3
0	64
0	78
11	1
184	21
0	15
0	11
1	3
113	102
46	325
56	0
4	3
37	0
14	0
0	11
0	0
0	1
0	11
0	1
0	1
0	1
0	1
0	0
0	0
0	0
34	0
9	1
0	1
2697	136
34	138
0	19
2	5
0	4
0	1
0	0
0	0
55	26
8	11
0	7
0	26
0	82
0	103
4	5
0	20
4	2
1	4
0	5
0	26
0	11
0	3
0	11
0	11
0	1
0	2
9	0
0	0
0	0
223	125
12	151
0	318
409	1027
0	110
0	115
0	105
0	238
0	102
13	0
220	52
0	1
88	75
0	1
0	15
0	51
0	23
6	40
0	37
284	30
460	2
0	19
0	19
0	57
4	56
0	19
0	57
0	20
0	13
4	19
1	14
43	0
0	6
0	6
0	6
0	566
0	566
0	433
0	426
0	98
3	1
37	70
26	40
1	40
22	80
17	16
0	7
0	2
0	0
160	0
0	0
5	0
36	34
0	23
5	27
16	20
0	15
0	3
0	3
0	0
0	3
0	3
0	3
0	0
0	0
0	0
0	0
0	209
0	209
0	0
0	0
3421	235
10	0
18	141
1	231
27	27
0	27
26	0
4	0
0	9
0	8
2	8
0	4
0	12
0	4
0	12
0	8
17	8
0	4
265	338
0	222
0	324
8	0
4	22
0	21
1	1
27	46
0	7
0	8
0	137
0	137
0	137
9	339
11	112
7	279
0	251
2	231
0	1
2	2
5	32
0	32
1	33
0	9
0	0
13	26
0	49
0	38
0	61
0	61
4	0
10	2
0	2
0	0
0	0
0	42
91	265
0	270
6	246
0	9
0	240
2	16
0	132
0	132
0	131
0	131
0	7
0	7
0	16
0	0
0	10
0	79
5	134
38	134
6	63
0	16
0	53
0	53
0	0
4	16
3	1
91	189
3	206
3	48
0	176
27	1
1	180
20	59
2	82
8	0
1	19
1	19
0	0
1	9
0	1
0	13
0	13
25	184
3	1
0	22
3	1
0	10
4	0
0	21
3	0
0	230
0	217
0	0
3	45
78	217
8	49
0	49
42	49
0	3
7	0
0	1
0	1
0	27
0	0
0	86
22	86
0	86
0	0
78	19
0	1
10	17
1	18
11	0
9	0
0	20
0	4
1	30
0	18
0	18
5	42
0	23
0	7
1	7
5	2
5	49
0	49
37	26
3	26
106	15
0	14
345	0
3	0
26	0
15	13
0	13
23	13
3	7
0	7
0	1
1	0
0	0
0	2
0	6
4	0
3	82
0	185
39	512
0	501
0	61
0	443
3	49
0	49
66	92
2	7
0	0
7	0
0	15
0	18
7	21
0	18
0	15
14	78
0	63
0	1
0	81
0	0
0	0
300	225
0	55
235	115
0	5
6	2
0	0
0	2
49	132
0	50
12	7
2	11
9	4
2	0
3	0
76	11
67	24
12	108
3	8
654	23
468	0
4	0
6	14
0	14
0	2
27	44
0	44
0	36
22	35
0	24
83	0
10	11
0	10
122	0
0	0
0	0
1	1
0	10
0	0
111	35
0	34
1	32
0	0
6	0
126	130
0	80
0	80
5	48
92	173
9	145
0	170
76	170
275	286
0	31
4	3
0	258
18	2
0	2
12	2
4	995
0	1034
63	774
6	801
0	74
0	9
0	3
48	8
0	2
2	17
2	9
4	10
0	276
0	276
6	8
0	4
0	2
9	38
0	0
0	0
0	0
0	151
0	0
0	24
13	0
3	0
0	151
0	6
0	6
0	5
12	0
405	305
0	0
56	1
11	1
3	1
26	0
0	0
1	14
0	14
47	14
0	0
148	14
0	4
0	1
6	10
0	118
5	45
0	50
0	50
0	47
24	2
0	121
295	8
3	8
0	0
0	218
13	218
0	11
5	0
1	8
1	106
68	0
0	0
184	594
0	594
0	45
0	45
5	82
0	0
6	6
0	82
11	0
101	6
0	18
0	15
0	18
46	1747
12	1763
0	207
0	0
18	75
9	75
33	143
0	198
1	34
0	0
0	51
0	0
0	55
0	29
0	29
2	0
0	172
0	51
0	172
0	194
4	12
9	170
0	25
98	213
0	186
0	113
0	133
0	118
0	105
0	49
841	23
0	16
81	0
0	0
0	0
61	0
3	2
0	4
0	0
2	2
5	0
18	2
0	2
0	2
26	0
21	1333
69	1332
2	1141
0	1142
0	484
0	9
3	2
279	83
14	83
13	38
3	53
18	20
9	17
0	8
11	11
0	8
0	7
2	9
2	0
140	170
0	170
9	0
2	43
19	2
1	1
0	15
1	0
0	29
461	1
0	0
9	0
41	1
67	8
1	1
0	7
0	0
1	0
0	8
1	8
22	1
1	0
36	7
0	1
31	72
12	82
0	82
17	62
24	59
0	60
0	16
0	88
58	0
0	19
0	18
0	16
0	19
31	9
0	6
0	10
1	18
0	1
0	2
1	7
37	0
14	4
0	4
0	4
0	4
9	1
1	49
0	2
0	3
0	49
0	2
0	18
0	3
36	25
0	2
0	49
9	49
0	2
0	1
12	5
0	0
7	0
0	6
0	6
0	6
0	6
0	6
0	6
0	0
3	3
7	0
0	2
3	2
11	146
0	15
45	137
114	66
6	13
6	2
14	11
76	196
0	196
22	99
27	74
0	1
8	0
0	2
26	33
68	31
221	1
0	1
0	2
381	48
0	38
0	12
11	0
19	3
10	0
0	2
10	2
21	2
218	71
74	90
8	13
0	13
2	1
0	1
0	778
0	777
36	3
2	30
0	1
0	29
225	12
2	26
25	26
0	1
1	0
6	0
0	0
161	0
8	0
0	72
10	72
23	55
0	0
1	0
0	0
0	0
0	0
266	171
2	170
0	264
0	75
0	74
4	100
6	0
5	10
0	0
0	10
0	8
0	10
0	10
0	0
26	0
0	0
0	0
1	0
3	23
0	0
0	0
5	0
0	0
0	0
5	15
7	0
0	0
0	0
0	0
0	4
0	4
0	3
17	10
20	1
0	5
7	4
2	4
14	2
1	2
20	0
4	0
0	3
0	3
61	0
0	1
0	5
83	41
0	4
0	4
0	40
47	14
33	0
0	0
0	14
0	14
35	0
0	3
0	2
2	6
54	6
0	1
0	1
0	2
3	0
1	0
365	15
0	2
0	5
7	29
0	29
0	28
0	7
0	6
9	0
827	0
0	0
0	0
0	1
1	386
13	374
0	386
0	21
0	33
0	32
1	7
3	1
0	33
0	32
0	103
0	102
0	113
0	110
8	116
3	1
0	2
68	1
2	0
0	0
0	1
11	101
67	10
16	10
8	0
0	0
3	1
0	1
0	18
4	118
356	230
0	84
53	1
35	0
0	189
4	1
0	6
0	6
52	61
21	61
37	191
23	190
0	190
0	0
0	4
0	32
9	20
0	20
19	17
0	1
0	0
1	0
0	0
5	19
1	0
22	70
0	5
1	5
5	11
4	0
8	10
0	10
1	62
0	62
0	57
0	57
16	57
0	0
0	0
65	1
3	2
3	2
9	0
2	0
0	36
0	1
0	36
1	0
3	5
0	0
2	80
0	9
48	61
0	11
0	47
0	6
2	54
0	21
0	1
0	22
0	8
0	0
0	0
7	2
16	1
263	3
164	17
0	1
0	0
0	17
475	40
2	34
0	34
0	34
0	0
1	4
0	4
1	4
3	9
3	7
0	0
0	2
10	220
36	65
0	182
0	54
14	11
0	11
194	1
0	7
1	7
0	1
0	1
0	0
0	6
0	1
672	0
0	40
0	28
0	15
39	0
91	5
0	2
0	5
1717	126
0	151
7	124
0	98
2	0
0	0
1	0
0	5
0	0
0	0
2	0
0	0
0	0
0	0
59	0
23	10
0	8
0	2
0	0
5	53
0	53
0	0
0	0
14	225
19	225
129	22
168	2
36	2
13	21
1	4
55	0
34	0
0	0
0	0
52	4
136	28
0	11
195	32
0	20
0	20
0	14
0	1
97	0
29	17
0	0
0	0
0	5
0	0
2	3
0	1
0	1
0	3
0	44
6	44
0	8
7	0
1070	0
0	76
0	83
2	11
0	0
7	83
0	16
0	0
165	0
0	45
4	4
70	22
1	22
0	23
11	4
45	31
0	77
0	80
49	15
2	15
29	22
40	5
8	0
1	0
0	41
0	41
0	2
0	0
0	22
1	7
38	0
0	1
0	8
0	8
0	8
0	8
0	8
0	41
0	41
5	27
5	2
1	5
0	3
0	62
0	22
2	20
412	1
20	0
75	269
108	274
0	168
0	69
5	4
2	2
0	0
7	0
20	0
991	0
2	0
0	0
1	0
0	0
0	0
0	0
0	1
0	0
0	0
0	1
0	11
0	4
0	13
45	45
0	1
4	1
37	45
0	27
0	27
25	115
0	22
1	4
0	0
0	98
0	93
0	9
0	2
4	9
0	9
22	9
0	3
1	2
3	1
9	4
0	4
0	9
381	8
721	8
10	87
0	11
0	11
0	0
0	1
24	21
8	20
5	16
54	58
0	66
13	95
0	41
37	122
0	115
0	16
118	157
0	350
0	44
0	41
2	3
7	348
43	61
0	36
0	8
57	1582
27	0
3	0
204	0
0	0
0	1590
0	43
0	50
0	50
0	50
0	8
0	6
0	7
8	16
3	16
4	5
0	50
77	0
3602	192
0	275
13	110
0	114
10	181
15	149
0	75
0	10
13	47
0	27
4	26
0	27
104	0
0	266
0	1
0	15
0	10
1	8
1	191
0	82
17	370
0	138
38	365
81	7
7	214
0	211
0	2
2	2
0	2
5	2
2	0
3	0
7	18
1	0
0	0
130	118
0	111
0	115
1	222
365	222
13	42
0	42
0	33
0	52
0	43
0	2
0	0
0	0
4	0
0	0
0	23
5	0
118	0
1	3
0	3
0	3
0	3
0	3
2	3
0	0
0	0
0	0
0	0
8	0
101	135
0	130
0	2
42	43
0	53
31	6
0	52
44	69
4	0
27	69
3	24
0	0
0	0
139	349
0	349
0	281
0	304
0	108
0	108
0	38
0	0
3	2
0	0
0	0
0	43
7	0
0	0
122	205
28	205
0	144
0	91
0	74
0	48
0	4
0	4
0	5
0	4
0	9
0	4
0	4
16	1
13	3
1	0
0	49
0	3
48	38
0	30
0	2
0	14
0	36
9	22
0	32
0	36
26	126
2	4
137	122
0	0
18	1
0	1
0	3
0	3
41	137
0	137
6	0
1	0
8	0
111	222
1	222
1	0
13	0
1	9
0	1
0	8
0	330
0	49
31	80
0	80
0	28
0	0
0	0
0	0
5	137
0	91
0	126
0	35
0	0
0	0
2	145
20	31
4	1
0	4
0	22
0	0
123	4
0	1
0	1
0	0
0	0
0	0
0	0
1	0
0	1
0	2
0	0
3	0
33	10
0	2
50	10
3	3
4	19
0	10
0	3
6	7
0	0
0	4
0	1
0	0
0	4
0	0
0	4
0	596
0	596
664	659
0	339
0	270
0	276
9	106
0	10
0	0
3	1075
0	519
0	22
0	22
4	22
30	52
4	12
0	12
0	4
4	4
0	31
0	19
0	19
176	167
2	1
0	0
0	0
0	0
0	1
0	0
0	9
0	0
0	166
0	0
1	18
9	40
18	11
0	12
0	26
0	5
0	1
19	6
0	0
4	9
0	1
0	7
11	9
0	7
0	3
0	4
0	4
0	4
3	0
0	17
0	17
0	0
0	0
0	0
0	1
0	0
0	0
0	1
40	4
84	26
20	16
9	0
8	0
236	110
0	27
0	33
0	110
0	0
1	0
2	0
0	15
0	120
0	119
9	6
0	33
802	19
0	33
72	11
10	14
5	0
18	0
0	0
0	149
49	5
0	1
3	0
0	0
0	0
0	0
0	1
55	215
0	120
0	213
0	146
0	240
0	221
0	16
0	5
19	162
2	0
0	0
0	32
0	0
20	34
0	21
0	20
0	14
0	0
0	0
0	0
0	8
0	8
9	2
5	15
0	0
0	1
4	0
0	21
12	28
44	6
0	9
0	28
288	7
15	8
93	88
2	9
0	8
0	5
0	0
13	3
5	15
0	15
0	0
0	146
27	0
0	8
1	9
0	3
0	146
19	89
0	1
0	0
34	0
0	0
4	0
0	10
1	80
19	9
0	8
1	5
0	9
3	6
0	5
0	6
0	6
2	84
0	10
0	0
0	0
94	4
1	3
111	16
47	0
0	1
221	5
21	14
17	2
22	5
19	4
0	33
15	37
2	20
97	148
0	127
0	1
0	0
0	21
5	0
9	528
35	487
0	528
59	343
0	78
0	10
6	0
21	0
0	0
0	6
5	1048
8	53
0	955
0	63
0	124
0	29
22	6
0	79
496	113
0	0
0	2
0	63
0	25
0	0
25	0
0	1
31	114
0	11
0	11
0	9
0	9
0	3
3	4
0	0
1	0
0	0
34	0
0	0
678	196
0	192
0	4
127	81
5	79
1	0
0	35
0	0
10	70
6	0
3	70
0	60
3	60
0	59
0	59
0	18
0	0
8	0
31	10
0	0
0	38
0	38
0	38
0	24
95	274
0	273
0	0
0	1
0	0
0	3
0	18
27	8
1	23
4	6
0	12
5	0
111	8
0	7
0	9
0	2
64	186
1	15
0	177
6	8
0	61
0	22
0	0
0	3
0	4
0	3
0	22
0	21
0	21
244	44
109	44
2	44
0	44
2	4
0	4
10	0
11	0
34	36
0	36
5	178
55	169
0	10
0	82
2	2
0	2
2	1
1	199
0	192
35	3
0	197
0	6
24	96
0	3
0	3
0	3
6	2
0	2
0	2
0	2
0	1
0	1
0	1
0	1
1	2
28	114
1	114
29	0
6	6
0	4
0	0
3	10
0	0
0	0
0	0
0	4
0	4
36	32
0	22
0	14
0	2
0	14
0	13
0	0
2	0
0	0
0	10
0	10
0	50
73	30
0	3
2	3
0	3
0	3
0	0
1	0
4	27
10	23
181	0
1	31
17	29
0	3
34	12
0	1
6	0
0	29
1	0
0	13
152	4
17	4
7	0
1	5
0	5
0	5
0	5
0	1
0	0
1	2
1	0
0	1
0	1
0	0
21	0
0	10
1	0
0	0
5	4
0	4
0	1
0	0
1	244
0	244
28	226
24	28
0	28
0	9
0	0
3	0
3	6
0	5
225	81
0	81
0	8
0	113
3	24
1	0
1	8
0	12
0	0
5	3
12	2
1	56
2	1
14	85
5	231
8	41
143	142
0	152
9	142
129	219
0	9
0	33
0	33
0	2
0	31
0	31
0	25
0	2
0	31
0	8
2	7
0	7
0	40
13	5
1	8
52	8
0	8
0	5
0	5
0	10
4	112
0	112
1	0
0	0
0	0
1	0
0	0
0	0
0	0
1	26
1	39
0	54
0	68
0	46
123	0
0	6
1	0
20	6
0	8
0	20
6	20
1	20
56	0
0	0
0	0
0	0
0	179
0	0
0	159
0	180
0	180
1	24
0	24
8	22
18	22
39	11
0	11
0	11
80	78
1	78
1	26
165	26
2	3
8	2
41	10
0	9
0	2
0	0
20	16
0	18
0	2
22	49
53	178
0	3
0	133
0	131
50	41
0	12
1	12
0	8
5	41
0	22
3	3
10	47
0	47
53	312
0	99
0	1
0	5
0	125
0	123
0	59
0	117
0	120
0	0
0	120
0	18
0	15
0	15
0	16
0	16
0	15
0	15
3	1
0	124
27	86
0	88
7	11
0	11
11	4
19	11
0	123
8	1
0	1
39	46
3	5
29	4
0	1
18	1
10	1
1	1
0	45
394	25
12	20
0	0
0	0
42	423
38	343
0	2
52	12
0	3
11	85
0	0
3	61
0	31
40	0
22	65
0	23
0	62
0	37
0	37
0	29
12	33
0	42
2	135
90	169
0	74
0	7
6	11
0	105
0	105
40	7
57	214
0	17
0	17
7	214
26	0
0	110
0	44
0	37
0	0
38	110
28	25
45	27
8	26
0	1
32	54
0	1
0	1
0	26
0	10
2	11
0	10
0	10
0	10
2	0
31	1
0	19
6	19
0	164
66	183
0	5
11	130
0	112
40	60
11	16
3	14
0	1
4	8
0	4
1	4
1	1
0	1
0	3
0	3
0	3
0	0
0	1
3	1
1	0
4	111
0	143
0	111
0	114
0	54
0	54
303	76
11	76
59	58
0	1
0	0
0	27
182	157
0	79
0	44
0	33
0	19
5	27
0	20
6	70
0	28
75	0
0	61
170	0
1	0
200	221
0	10
96	99
0	95
20	59
156	4
0	1
45	9
23	19
77	19
0	0
1	95
0	12
0	417
515	619
1	621
7	16
1	11
3	0
1	0
14	5
97	63
0	55
0	7
0	3
0	10
0	2
0	3
4	4
1	0
119	5
0	5
4	0
0	4
0	230
152	235
2	40
63	29
1	29
11	156
3	6
1	1
16	150
13	10
4	10
0	103
0	103
0	14
0	19
1	3
15	189
532	226
9	209
0	227
0	222
0	1
447	0
42	43
0	43
0	23
42	590
1	603
1	46
5	37
0	0
0	0
21	5
0	1
0	603
2	21
0	0
0	21
0	0
0	0
7	8
16	21
0	7
5	1
68	0
203	38
0	35
298	281
40	281
0	269
0	1
44	1
104	11
0	0
132	9
0	9
1	2
0	2
0	0
56	46
15	8
1	19
0	5
0	3
0	17
142	33
0	33
1	2
3	0
0	0
6	340
0	339
0	78
45	86
0	129
0	51
5	51
0	16
8	7
3	0
0	1
0	3
0	3
0	3
0	50
0	1
0	1
0	1
0	1
0	0
0	0
0	0
0	0
0	0
14	0
0	0
0	50
0	50
704	10
2	11
32	26
0	25
0	1
4	16
0	11
0	16
0	0
0	3
0	0
12	1
31	18
0	64
0	17
0	0
0	59
0	36
103	28
0	3
8	3
0	3
0	0
0	26
0	26
46	144
1	35
0	1
1	1
0	0
2	0
33	89
0	89
1	51
41	0
222	228
4	0
0	3
1	139
4	225
4	0
0	0
0	0
110	54
0	53
0	2
18	0
2	44
8	81
0	49
81	40
0	7
17	0
5	25
150	9
0	2
0	5
0	5
0	5
30	0
0	1
0	4
98	13
0	53
430	227
0	23
0	43
0	0
0	41
6	1
0	4
0	1
54	56
6	0
0	0
0	204
11	1
50	0
1	36
93	464
26	67
2	62
4	402
0	5
0	21
3	0
10	0
1	2
9	2
2	1
0	1
0	1
0	2
2	29
0	150
0	0
0	0
26	154
0	0
3	155
0	136
0	149
0	96
0	141
25	24
0	5
0	3
0	19
0	8
0	10
0	10
0	2
22	0
0	2110
59	30
15	11
0	2105
0	23
0	0
25	0
0	0
0	40
0	43
2	1
0	1
6	0
3	114
12	82
4	10
0	12
11	34
0	18
3	2
15	22
0	8
0	0
0	2
0	5
0	5
0	5
0	5
1	5
0	3
0	5
0	0
0	0
0	88
180	88
0	71
840	71
46	11
583	362
0	362
8	360
0	372
0	0
0	0
1	3
1	12
5	0
50	0
6	0
0	0
21	4
0	4
23	66
0	66
0	64
0	0
0	0
0	0
10	0
0	0
0	2
0	2
0	2
88	25
0	25
0	23
0	879
360	879
0	2
2	1
7	1
3	42
13	5
0	1
4	5
0	0
8	16
0	34
0	29
0	129
29	133
7	103
0	62
0	4
0	0
0	73
0	31
0	1
20	32
0	32
0	68
0	32
367	40
19	38
0	3
72	1
3	159
2	159
0	158
8	13
0	4
0	4
0	4
0	4
0	4
0	4
0	4
0	4
0	4
0	4
0	1
2	0
17	1
0	1
11	75
4	1
1	1
0	12
2	1
0	1
3	1
8	2
0	1
100	18
0	17
4	1
4	0
211	38
0	38
4	18
0	18
0	0
0	12
0	13
0	13
0	0
1	3
0	3
0	2
204	10
0	3
0	0
0	1
0	1
0	0
0	1
3	4
4	0
17	43
0	19
0	18
0	18
0	18
0	18
39	42
0	42
74	31
0	31
18	24
31	804
10	808
0	816
0	816
0	4
0	11
4	0
18	10
0	13
0	12
0	13
7	54
0	5
9	11
0	62
19	9
1	6
0	3
3	0
5	2
0	16
0	1
0	14
0	0
2	19
0	9
0	8
1	8
0	160
5	163
0	167
7	178
0	51
0	0
0	0
0	3
8	43
992	37
3	6
4	6
18	134
0	134
152	0
8	80
11	82
7	35
3	0
23	7
1	0
70	138
5	1
0	2
0	0
0	5
0	2
1	0
21	0
0	0
0	0
0	0
0	0
0	0
0	132
299	30
21	29
2	24
0	24
0	0
5	5
181	125
0	27
6	0
0	0
24	0
17	123
2	22
1	62
36	30
0	0
0	33
0	1
0	0
18	116
35	116
0	15
0	9
16	14
77	43
55	42
37	7
0	22
0	22
63	6
103	107
0	93
5	48
0	1
3	0
0	3
1	15
0	0
15	56
0	29
1	1
0	1
39	485
61	529
15	574
0	1
0	575
0	466
0	26
16	485
8	9
0	0
145	519
0	1
220	1
0	1
0	1
54	1
0	346
107	387
19	0
0	138
0	1
2	4
7	3
0	2
31	164
0	44
14	0
0	178
635	178
0	43
0	65
0	54
0	59
7	36
0	7
8	2
1	23
32	110
0	110
4	0
0	15
20	477
13	477
2	379
0	94
3	8
0	6
0	5
6	1
16	3
360	48
9	2
0	8
0	6
0	48
474	298
219	52
0	263
0	582
89	0
3	478
0	475
65	472
228	341
0	2
18	3
19	19
7	18
617	0
0	10
0	10
494	98
0	92
0	71
0	90
0	91
0	13
32	51
0	6
8	92
6	18
0	22
0	17
0	8
0	12
0	6
0	8
0	7
0	9
0	10
2	23
0	8
0	8
2	22
194	6
4	21
2	16
1	9
0	31
0	0
15	0
2	3
94	34
0	0
0	21
0	0
4	0
672	31
0	21
9	29
13	14
264	959
0	125
3	142
0	833
13	0
0	0
0	0
0	4
1	9
12	0
2	0
1	0
30	11
9	10
3	1
0	1
0	2
0	2
0	0
1	0
0	1
16	16
1	1
0	1
0	1
0	1
0	1
4	16
0	1
0	0
31	198
0	191
0	277
1	35
0	24
4	1
0	20
31	277
21	52
0	51
0	21
5	28
0	26
12	26
1	3
12	11
0	3
0	0
0	1
0	31
34	82
0	0
11	85
0	35
0	56
0	82
2	0
0	7
0	5
1	0
195	6
0	2
0	4
145	0
505	6
7	6
37	85
0	64
0	61
5	35
0	42
5	6
0	0
23	0
1	6
0	38
7	0
0	0
0	38
0	16
0	0
0	16
910	0
0	5
0	4
24	0
2	0
43	10
0	1
0	0
0	0
0	9
0	0
0	0
1	0
0	0
164	36
10	36
27	127
43	49
26	6
24	6
21	0
3	1
2	0
256	0
0	1
38	51
21	51
6	18
25	47
11	39
16	121
0	121
0	121
0	4
16	24
0	24
0	24
80	1
0	1
0	0
0	1
0	1
0	1
0	0
0	1
2	0
0	147
37	147
0	4
0	4
0	0
0	89
2	4
11	74
0	74
6	61
11	0
13	154
0	169
1	169
1	165
4	2
1	1
22	0
0	0
0	0
0	0
2	0
0	0
7	56
9	50
0	61
16	73
1364	79
91	79
48	96
35	41
0	20
0	10
3	13
41	11
6	7
0	7
9	12
11	12
0	27
0	29
0	30
5	3
8	30
0	27
0	9
0	0
0	0
0	0
0	6
0	6
0	0
0	0
179	245
12	245
139	123
115	122
447	6
32	485
0	84
0	434
0	116
0	5
232	3
0	3
63	7
0	2
229	55
0	13
0	19
0	14
0	7
0	6
162	16
0	14
71	33
0	9
0	19
6	20
0	0
0	1
0	0
71	33
0	20
0	0
0	2
4	1
18	229
2	229
0	183
0	64
72	11
6	1
16	4
0	6
43	6
0	0
0	0
16	19
1	10
53	10
19	120
4	7
56	28
0	77
0	230
11	39
0	21
0	100
0	191
5	27
43	32
1	32
14	0
0	0
1	0
24	47
0	80
235	80
0	16
0	16
81	106
0	5
0	7
0	7
0	62
0	36
0	5
0	5
5	105
25	17
0	0
2	20
17	95
0	6
5	89
4	4
0	4
0	0
0	1
6	0
1	0
0	0
0	0
7	5
4	1
0	1
0	683
10	695
0	75
1	40
2	0
0	0
4	9
2	27
31	102
0	57
0	31
182	4
4	102
0	44
0	54
15	127
145	203
0	157
0	2
0	143
0	203
281	220
8	38
11	76
0	13
0	13
26	76
0	76
3	76
11	75
139	24
0	24
10	0
14	29
0	0
60	118
0	118
0	28
0	0
0	0
5	33
0	18
0	16
0	1
0	14
0	10
3	10
2	0
9	40
6	34
12	10
2	10
0	1
0	31
0	0
2	28
1	28
0	28
1	28
0	23
3	0
1	1
1	1
18	66
0	88
117	35
0	100
0	1
0	75
3	48
9	1
0	1
133	0
0	58
0	100
24	2
0	2
0	0
0	1
0	1
0	1
0	1
5	61
86	4
1	4
0	2
0	0
0	0
2	2
0	2
0	0
0	75
0	75
4	124
0	51
0	51
0	0
9	146
2	42
0	146
0	57
0	68
0	70
0	6
0	7
7	64
0	91
0	0
0	10
3	0
84	153
0	19
19	134
0	9
0	0
0	29
0	161
0	29
11	0
0	91
15	35
2	119
24	54
1	43
2	29
1	1
1	0
0	0
1	1
0	62
11	3
0	62
5	62
0	44
43	12
8	11
0	4
118	170
0	5
42	151
49	164
1	289
0	289
0	13
1	6
2	1
0	1
0	81
5	80
0	0
6	139
139	151
0	49
0	4
7	74
66	2
0	4
3	5
15	61
0	6
0	6
0	48
0	42
123	105
69	6
0	6
0	54
0	50
1	46
0	93
0	93
19	284
0	4
2	51
1	47
0	44
0	27
0	3
0	3
0	5
0	4
7	0
0	0
1	3
2	4
0	120
135	228
0	34
1	2
3	20
0	30
0	31
0	87
6	2
0	27
0	57
0	1
0	87
2	1
8	9
0	8
0	6
0	4
0	0
2	4
196	1026
0	1026
8	35
59	12
31	61
0	3
0	21
0	62
0	11
0	11
99	17
0	18
2	17
0	6
4	13
0	1
0	40
1	7
8	7
22	51
0	0
19	51
1	5
0	5
0	0
1	0
0	0
6	0
10	0
0	496
0	73
0	500
0	499
0	497
1	497
1	91
91	43
64	68
46	16
26	28
9	2
0	0
2	11
0	0
0	1
0	0
4	1
0	1
0	0
0	0
0	1
1	50
0	14
0	12
0	96
0	99
0	117
3	0
0	20
7	6
6	8
5	8
0	42
46	9
2	9
297	0
0	89
0	106
0	41
0	0
49	0
0	8
6	260
0	241
0	155
92	77
0	73
45	74
2	24
0	11
0	15
7	44
0	5
0	39
0	0
0	21
32	31
0	18
11	0
4	19
0	28
20	54
0	74
206	25
0	25
16	0
57	0
0	57
0	52
0	32
0	16
8	28
76	43
53	6
9	177
0	14
77	108
0	91
0	100
5	86
0	41
0	34
0	0
12	0
0	13
0	17
0	1
2	23
0	241
46	7
6	2
0	236
168	234
5	38
0	40
0	17
3	3
0	1
0	2
0	2
0	1
0	0
0	0
49	911
0	911
125	621
0	119
0	213
6	0
172	4
59	31
10	12
28	16
0	13
2	3
1	0
0	0
3	95
0	5
28	13
0	1
0	3
6	0
0	2
0	0
1	0
0	2
1	2
1	10
0	13
0	13
0	13
0	47
3	71
0	54
0	45
0	51
0	39
0	39
0	42
0	36
0	28
0	28
0	13
0	12
0	7
0	0
1	0
0	1
0	2
0	1
0	7
31	0
0	15
8	15
0	15
0	1
6	32
0	14
0	15
1	15
2	8
0	21
0	1
0	71
19	71
0	34
0	13
1	8
0	30
181	262
0	262
0	0
10	39
0	39
0	39
250	57
6	0
0	0
1	47
29	35
5	81
0	35
0	32
0	32
0	32
0	31
0	22
0	71
0	0
1	0
0	20
0	20
0	7
0	1
8	8
9	1
29	3
2	0
0	10
0	10
1	10
5	4
3	0
1	0
145	7
0	3
0	4
71	175
19	62
0	6
0	33
0	77
0	57
6	0
52	70
0	57
44	57
0	4
5	40
0	40
1	39
351	0
0	0
0	0
3	0
7	0
7	8
0	12
4	0
144	0
12	3
0	0
6	0
64	3
389	284
0	49
0	0
0	284
1	56
0	55
6	7
0	3
0	1
0	1
0	1
1	0
0	5
0	60
56	16
8	17
0	0
1	16
0	1
0	0
0	0
0	1
0	1
0	64
1488	234
0	248
270	250
0	108
0	4
0	8
0	36
0	62
5	248
353	25
0	246
56	13
0	13
0	0
0	0
0	0
0	0
0	0
0	0
0	0
0	827
141	828
228	194
0	184
0	93
285	2
4	1
0	1
0	2
0	2
1	0
64	1109
0	1136
1	672
0	88
0	4
70	22
0	0
0	16
101	22
6	2
4	2
169	4
0	7
2	3
193	29
2	4
0	0
0	29
8	5
0	7
0	24
0	7
0	7
0	9
0	7
0	7
0	2
0	3
1	10
0	3
0	0
0	0
0	19
0	7
2	2
7	7
0	1788
0	1800
9	670
1749	2440
0	975
0	56
64	12
108	63
0	5
3	0
14	0
7	0
0	2
0	51
19	12
0	0
0	0
104	1
0	0
0	2
16	14
0	1
21	0
38	44
0	51
0	50
0	26
3	32
0	15
0	3
0	0
0	44
16	44
29	0
0	4
4	2
253	111
0	79
800	78
0	54
5	34
0	27
0	28
30	8
0	56
0	1
195	0
0	35
2	35
9	28
0	28
215	395
0	83
0	7
0	0
5	0
1	0
0	3
2	0
0	1
1	0
0	357
158	13
7	18
23	3
0	41
7	8
0	8
0	0
3	2
0	6
0	6
304	0
4	3
0	9
0	0
20	1
0	6
0	0
265	142
78	287
0	139
6	166
0	124
0	0
0	0
0	0
48	30
0	0
0	147
0	53
0	45
0	5
20	10
1	5
5	15
0	15
0	15
0	6
0	0
0	0
0	0
32	310
43	310
1	219
0	31
11	35
0	35
0	29
3	0
0	14
0	14
0	23
0	14
0	1
4	65
0	43
12	41
0	1
0	4
1	0
18	22
4	25
0	8
0	8
0	0
0	3
3	14
5	19
0	8
0	0
0	8
0	0
0	8
0	0
0	5
1	8
0	6
0	0
0	0
2	0
2	0
0	0
0	0
0	0
255	195
9	27
1	6
0	44
2	0
19	36
551	87
5	49
0	45
0	30
0	0
2	7
0	7
0	1
87	97
21	1
0	1
0	1
47	4
78	3
0	19
0	19
148	75
0	85
2	48
52	38
0	10
0	200
1	173
0	138
2	2
0	0
0	0
0	17
51	0
105	0
125	0
0	106
0	52
74	103
66	6
36	31
0	11
142	30
0	9
10	28
0	0
0	0
0	0
19	13
0	13
1	0
0	0
0	0
0	0
0	21
4	30
0	18
0	23
0	27
34	51
0	14
0	5
0	34
0	33
40	47
32	29
1	51
2	50
0	84
136	49
0	0
0	1
1	3
0	49
37	79
537	1016
8	1015
0	72
0	0
1	0
0	38
0	355
0	36
0	34
0	38
194	33
0	34
0	16
0	2
0	0
1	3
1	3
121	26
0	27
0	26
0	14
0	0
0	0
43	9
11	9
11	2
0	0
0	0
0	0
0	0
0	2
0	364
33	331
0	37
0	316
0	236
165	0
363	308
0	311
0	57
18	16
22	30
0	1
7	12
0	1
0	3
0	397
46	448
5	1
0	1
0	2
10	2
15	4
0	0
11	4
0	0
0	12
0	23
0	22
26	16
0	8
4	23
0	80
0	44
0	39
0	0
1	24
0	99
2748	1
2	1
4	0
0	18
21	35
2	40
0	0
17	7
0	3
16	104
31	1
2	0
199	1
28	103
0	9
0	7
0	7
0	2
4	0
2	3
0	2
0	1
1	1
41	65
2	18
0	9
0	9
0	9
13	4
3	3
0	0
2	1
9	0
1	0
18	3
0	2
1	48
48	17
432	23
0	4
0	0
0	19
0	0
8	79
0	32
5	17
12	34
0	0
0	0
0	36
0	43
1	43
0	34
0	17
0	3
0	2
0	3
29	22
2	22
4	18
0	1
0	18
26	0
0	2
0	2
0	83
5	83
31	34
0	34
0	1
0	0
0	0
0	1
0	1
8	1
0	13
0	19
0	8
3	0
0	25
5	25
4	0
0	0
18	0
0	1
0	0
161	272
3	272
18	11
21	50
19	0
2	1
1	159
0	0
21	35
0	156
0	2
3	0
0	0
40	0
0	27
5	170
0	12
0	11
0	0
0	0
0	1
0	177
4	17
0	36
0	12
0	12
0	9
0	0
0	36
0	35
18	17
21	17
3	62
15	62
146	118
1	118
5	6
0	2
0	107
21	0
6	29
0	219
0	0
0	219
0	219
0	219
3	0
0	219
0	219
0	219
0	25
0	0
0	5
16	25
0	6
8	2
0	2
0	183
1	3
448	203
4	171
0	0
63	33
4	19
18	31
0	26
0	0
6	1
0	45
11	36
16	77
7	40
0	45
249	7
141	7
321	69
0	11
0	48
0	0
1	6
0	5
0	4
0	54
72	55
0	49
0	50
5	31
3	8
0	3
0	0
0	2
3	0
0	2
46	68
28	97
3	97
104	43
0	57
0	81
12	10
0	10
0	0
0	10
6	50
0	50
0	0
1	1
49	10
0	10
0	10
12	0
30	8
3	21
0	20
0	1
5	1
0	132
0	116
59	117
18	806
20	316
0	470
0	35
116	393
995	557
933	613
61	55
0	54
3	1
3	0
5	0
0	5
0	7
0	4
6	8
0	1
0	1
0	9
0	0
50	21
0	16
0	16
8	14
0	2
0	2
0	8
0	8
0	6
1	11
4	122
0	88
27	87
220	27
0	6
13	18
404	0
108	48
3	48
0	48
8	12
0	2
1	12
5	0
0	10
0	10
0	0
0	57
1169	69
18	36
0	29
0	29
0	29
0	36
0	25
0	25
1	25
0	2
0	0
0	0
0	0
0	0
0	29
46	5
0	5
0	8
0	14
0	14
6	0
0	3
0	1
0	3
0	14
370	88
0	88
0	0
14	9
14	17
0	34
89	98
1	32
0	17
0	31
0	98
0	31
0	17
0	31
0	21
0	7
0	1
0	0
0	0
1	0
0	63
70	63
719	53
6	0
9	11
8	9
1	1
14	2
0	2
0	0
0	2
0	11
537	59
0	2
0	2
2	2
0	2
144	19
0	22
0	20
69	23
165	259
0	0
25	269
0	63
56	383
143	141
0	165
0	172
16	115
0	63
1	94
0	372
69	1
7	53
1	51
14	45
0	45
0	58
0	0
0	1
2	1
0	1
0	53
0	53
0	0
17	8
0	3
0	0
92	36
13	23
0	16
38	43
0	31
0	1
0	1
0	3
0	82
0	82
0	82
0	0
21	1
0	30
1	1
20	13
2	2
0	107
0	40
3	2
6	2
0	33
8	33
19	1
0	0
0	2
32	48
0	48
0	272
0	28
0	266
183	13
85	1
7	259
70	5
0	0
3	0
12	5
40	197
15	228
0	189
0	35
0	35
0	1
0	64
1	8
0	0
0	8
0	7
10	0
0	2
0	1
8	1
0	66
1	29
0	3
2	55
0	42
0	58
0	42
0	3
7	37
0	45
10	0
1	7
0	5
0	0
0	0
0	0
0	0
0	2
5	2
5	0
0	68
18	1
13	1
15	35
0	11
0	11
0	4
13	73
28	73
4	73
0	0
1	13
0	53
0	23
0	18
0	31
14	59
290	0
2	25
94	79
0	1
10	157
160	158
1	33
1	120
0	37
0	81
0	82
283	272
0	272
5	7
0	4
233	10
8	10
0	8
2	0
77	22
0	26
0	4
0	2
50	55
0	13
0	47
0	3
0	4
0	52
0	0
30	52
606	269
0	200
4	9
2	1
0	269
0	182
0	182
0	7
0	6
0	6
0	166
0	166
0	1
3	2
0	0
2	0
0	6
32	3
0	15
0	1
0	15
47	0
2508	17
198	60
3	20
49	4
111	0
74	9
0	6
0	12
0	21
0	21
3	0
333	191
9	0
0	0
0	85
17	0
0	78
59	13
0	0
62	30
0	5
133	11
0	0
0	0
0	1
0	25
0	24
0	2
1	82
1	23
0	99
0	158
6	56
0	47
2	27
1	1
2	0
4	4
0	0
1	1
69	0
0	52
1	52
0	2
0	14
0	14
0	1
2	0
15	6
9	6
33	0
0	286
0	2
0	11
0	246
5	286
0	51
0	29
25	0
0	97
2	97
0	33
0	0
6	56
0	38
0	34
0	11
0	6
0	7
46	18
0	0
0	18
18	7
0	1
21	28
6	6
0	0
0	5
1	5
3	204
0	743
5	201
4	2
0	0
0	913
0	65
0	65
0	0
0	3
3	0
0	15
0	4
0	1
0	65
7	13
0	13
66	10
0	13
136	0
0	0
0	10
49	0
6	10
4	8
21	46
10	0
0	23
24	11
40	2
0	20
0	23
17	7
8	11
1	11
11	4
15	38
0	2
12	8
22	3
76	49
14	4
0	0
0	0
10	11
59	8
0	7
0	7
0	1
6	0
1	0
0	0
2	1
2	8
0	3
23	43
0	80
0	52
310	56
25	0
0	19
70	220
38	232
10	51
3	0
0	13
0	13
0	19
0	19
39	0
0	9
0	9
0	24
86	24
0	16
0	18
0	1
0	9
0	2
5	8
0	0
76	65
1	21
135	0
38	86
0	75
1	84
0	87
0	82
0	82
0	72
21	56
0	54
0	46
0	46
0	46
0	46
0	46
0	46
1	46
0	23
0	23
0	23
2	0
7	0
0	1
0	84
0	84
0	84
0	84
0	169
0	169
2	15
0	23
19	20
4	0
8	1
0	1
7	14
0	14
3	0
0	1
0	0
0	21
7	42
315	39
0	29
12	28
0	33
202	113
10	113
0	56
0	1
135	3
366	29
9	133
118	134
0	35
33	0
2	0
22	0
0	96
0	57
3	5
0	0
0	95
867	159
0	7
39	170
356	1079
43	1018
70	986
0	193
0	21
0	16
0	1
25	4
0	13
0	6
0	6
1	12
761	164
28	78
0	113
0	28
1	4
49	6
8	6
4	0
0	4
0	4
1	0
0	2
9	2
1	0
60	0
0	0
6	0
0	0
0	4
0	4
0	4
0	0
0	3
0	3
20	5
0	0
0	5
2	5
4	0
16	35
0	35
0	34
0	6
1	34
2	1
0	3
15	32
0	47
0	47
0	1
0	3
1	3
17	1
0	5
0	5
1	0
432	0
38	61
0	49
1	12
0	21
0	22
45	0
0	50
36	2
0	2
8	1
4	3
0	0
0	2
11	14
82	14
0	9
0	4
8	11
0	1
9	0
0	73
0	70
2	73
0	58
0	29
70	0
3	0
0	3
31	11
22	75
33	7
0	7
0	7
21	2
0	17
440	17
2	18
0	14
0	68
4	156
87	156
15	415
10	415
10	415
0	427
0	427
5	427
0	0
25	44
0	12
18	42
3	3
1	2
0	0
0	1
0	2
0	0
126	1
39	47
0	33
0	19
21	3
6	0
47	42
90	0
17	6
0	6
0	2
4	2
1	17
1	17
0	13
0	10
1	0
6	0
0	92
0	93
24	176
5	78
0	105
0	21
17	24
0	22
0	25
14	23
40	22
1	7
0	7
0	0
0	3
0	40
0	28
0	40
11	26
0	40
14	138
0	138
60	120
221	12
2	3
0	37
0	66
22	4
145	61
0	0
0	0
2	0
18	99
1	8
0	18
1	1
18	8
1690	100
0	57
26	121
11	6
452	328
3	322
8	0
0	1
228	30
475	38
10	38
0	0
0	270
21	175
16	95
11	0
11	13
0	13
0	43
0	2
27	5
37	43
69	45
0	10
0	1
29	10
0	1
0	1
0	1
3	0
0	35
1	24
27	30
0	6
0	0
34	2
0	2
0	9
181	36
35	0
323	7
0	7
0	6
1	6
1	30
63	84
289	67
0	67
47	94
0	111
16	97
0	50
0	50
0	2
2403	1152
0	1234
141	9
0	9
6	3
0	51
0	49
111	73
0	45
0	71
72	45
6	156
0	12
0	12
0	7
0	144
10	44
13	41
0	41
0	15
0	10
0	10
7	10
0	9
0	7
0	7
78	9
32	12
10	0
1	14
10	9
0	5
11	13
87	25
2	11
36	26
5	5
0	5
0	5
2	5
1	13
0	0
0	11
0	4
0	14
33	60
15	0
142	2
6	6
0	6
0	2
0	2
50	0
1	0
190	12
0	11
3	2
5	13
0	51
14	35
4	14
0	20
0	4
2	8
0	8
0	31
0	8
0	18
0	4
0	0
0	2
0	4
83	47
0	8
371	86
24	13
10	0
0	86
4	0
0	0
391	19
6	0
0	1
0	17
259	24
0	24
1	25
0	25
0	3
0	2
0	0
397	23
24	23
0	18
0	18
0	10
0	0
11	6
0	6
5	2
108	1
0	1
0	34
0	40
0	10
0	9
0	9
10	1
1	0
0	1
3	4
0	1
0	21
0	21
6	0
6	0
0	0
4	0
0	10
9	0
0	45
0	45
31	53
8	8
3	8
0	43
22	11
8	11
0	70
0	74
0	4
0	15
0	15
0	15
0	0
27	2
1	2
78	89
0	32
0	29
0	15
0	20
0	18
0	0
0	18
12	90
0	37
0	79
0	4
9	4
3	2
0	4
0	2
0	2
0	2
0	2
0	0
0	0
21	11
0	11
0	0
0	0
73	118
0	0
0	0
0	0
7	2
6	21
0	21
4	0
0	0
2	4
0	4
1	0
0	0
437	99
0	0
6	99
55	19
27	119
7	19
0	5
0	1
7	0
0	5
1	3
0	362
0	372
0	0
0	4
0	0
13	5
45	17
0	17
423	108
0	132
0	13
0	0
6	41
0	160
0	13
1	0
2	0
23	12
12	1
61	0
0	108
0	4
0	2
16	331
0	80
16	283
201	1
0	12
1	0
223	18
0	86
0	0
0	0
208	68
1	0
0	3
0	0
0	0
5	0
1	0
0	0
0	29
11	18
0	8
0	29
4	72
0	1
83	138
0	0
0	5
0	34
0	118
0	118
10	15
3	5
0	5
0	0
0	0
0	0
0	0
0	0
0	0
0	0
97	60
0	60
0	24
0	19
0	24
0	24
0	22
0	5
0	5
2	5
0	0
0	14
0	0
0	0
0	0
0	0
0	0
64	0
2	0
0	0
49	542
58	538
15	7
15	17
0	17
0	9
11	10
0	10
0	0
0	0
6	0
0	1
0	0
0	0
0	0
0	1
0	0
0	0
0	0
0	0
10	0
0	0
0	0
16	109
32	73
0	31
0	32
0	1
0	1
11	12
0	2
29	0
0	6
0	2
260	57
18	66
0	34
1	7
0	7
34	2
0	1
1	5
54	40
46	26
0	10
72	12
11	15
0	7
4	8
1	2
7	0
1	1
0	1
5	0
31	0
0	4
0	3
0	1
222	0
0	81
0	73
0	16
0	4
0	0
0	0
0	1
0	1
1	0
7	11
0	0
0	8
0	13
0	10
7	2
643	109
7	47
3	66
0	47
0	60
0	26
10	18
0	15
0	7
0	9
6	3
12	0
0	1
8	6
7	16
0	10
0	0
0	0
0	6
0	6
13	1
174	71
0	71
1	0
2	69
3	78
0	74
4	50
0	5
1	16
0	0
3	0
0	4
0	1
0	16
112	376
12	85
10	2
639	400
0	133
18	4
176	32
0	23
0	0
0	4
0	0
0	0
0	0
446	18
4	0
0	6
392	11
63	61
0	70
0	60
0	21
0	44
0	8
1	5
0	16
29	0
0	2
3	13
7	0
0	1
0	43
0	5
0	36
0	36
0	5
0	5
0	1
0	5
0	1
49	14
0	3
0	0
0	0
0	15
0	15
8	9
1	0
0	0
0	49
564	49
54	9
62	26
0	2
0	12
0	14
13	130
2	124
1	124
0	95
0	138
0	96
0	84
0	470
19	190
14	461
2	152
0	57
0	1
682	0
22	126
0	187
128	3
0	1
13	106
2	23
7	0
2	0
7	0
0	16
0	16
0	16
0	16
0	16
0	16
0	4
0	0
2	0
0	32
0	32
58	0
27	173
0	173
15	173
47	173
0	145
0	0
0	5
0	0
31	42
39	0
61	6
0	42
0	0
8	55
0	49
783	621
0	474
0	78
14	200
18	68
0	23
0	37
0	129
0	12
26	39
0	0
6	38
0	53
17	9
1	13
8	0
0	0
0	78
23	78
22	23
0	4
0	4
18	16
0	2
1	7
0	7
0	3
55	7
59	1
1	1
181	10
431	7
0	6
15	0
114	0
1	1
2	1
0	24
0	24
0	0
0	9
0	0
0	1
44	0
12	5
1	5
0	2
0	5
0	0
0	0
9	0
54	40
18	12
0	148
0	61
4	15
0	137
0	2
7	66
4	82
29	21
1	8
3	9
2	9
63	0
6	0
30	28
77	19
6	14
33	8
1	22
0	1
1	0
0	5
0	5
1	1
7	1
5	0
1697	490
0	507
332	140
27	165
0	102
0	36
0	8
0	36
5	99
0	99
450	31
46	31
0	31
126	0
21	8
0	8
77	7
0	4
1	0
0	0
0	2
9	6
0	0
0	2
0	2
0	2
0	0
0	0
2	0
0	0
35	90
0	1
0	1
0	0
5	0
0	0
29	2
18	88
0	0
40	62
185	38
0	0
0	23
0	0
0	9
0	24
0	146
38	33
4	3
0	33
1047	141
0	3
0	52
0	71
27	2
1660	138
0	0
1068	95
178	38
7	45
0	5
18	0
0	5
0	1
132	13
3	0
0	1
7	98
0	0
0	16
0	82
0	109
0	13
11	13
0	0
0	0
0	0
0	0
0	0
0	0
26	2
92	111
1	33
6	24
187	103
0	5
0	78
2	0
0	3
0	3
0	3
0	3
0	19
10	1
0	20
0	11
0	0
0	0
0	0
0	20
16	20
0	0
9	7
0	7
0	7
0	3
93	26
0	15
0	9
1	0
0	2
0	171
16	84
0	45
0	29
2	29
0	31
0	0
0	0
0	0
0	0
0	0
0	26
0	2
0	8
322	3
58	0
0	7
3	5
0	0
0	0
0	0
0	5
36	137
0	137
0	0
0	0
1	1
10	0
2	25
0	5
0	19
0	131
1	133
0	52
1	2
5	2
42	325
3	321
3	346
2	0
54	19
0	346
1	28
2	12
0	5
0	8
0	2
12	12
0	9
0	9
0	0
0	2
0	0
0	10
0	9
683	351
2	14
0	4
0	34
0	4
0	34
0	10
0	1
0	0
37	299
1	7
0	7
0	4
151	0
20	36
0	14
0	18
0	0
25	20
0	19
0	17
248	56
0	34
0	67
0	60
0	8
964	29
84	5
0	0
14	0
7	0
1	0
5	0
0	0
0	9
0	9
6	0
0	0
0	0
3	1
0	1
0	1
34	26
0	26
0	0
0	2
0	0
0	20
2	0
27	5
0	2
0	5
0	20
309	33
1	0
0	1
10	0
8	61
0	61
0	0
0	0
0	1
0	1
0	21
168	41
0	5
0	0
0	0
0	0
39	0
2	20
0	10
3	0
7	10
0	15
32	0
0	0
1	385
0	308
0	19
0	385
25	3
5	3
439	125
4	22
86	134
10	0
0	0
0	0
0	2
0	0
0	0
8	0
1	21
4	1
0	1
10	2
0	0
2	8
23	0
21	0
0	8
0	2
2	1
21	149
3	149
13	140
0	90
0	14
0	86
0	78
4	79
0	3
9	0
0	5
0	0
2	0
404	198
0	181
0	181
1487	115
0	129
0	3
0	4
0	2
12	2
1	30
0	65
26	41
9	10
1	10
3	6
0	1
0	4
0	2
1	4
0	2
21	2
7	5
0	32
0	0
1	0
79	416
1	306
0	2
0	2
0	304
159	57
0	34
0	1
0	22
0	40
0	8
37	392
17	380
22	3
61	4
237	4
187	0
18	9
3	1
14	0
188	316
12	316
0	312
0	312
3	172
34	5
110	5
95	7
7	0
107	35
10	35
7	11
0	0
0	2
1	0
1	2
1	4
0	4
22	0
0	0
0	0
210	107
0	86
0	93
0	44
0	31
16	7
0	18
0	1
0	2
123	6
21	9
0	0
0	0
0	0
6	0
2	6
0	0
0	0
0	0
26	54
8	54
0	26
0	20
0	0
29	4
0	4
0	0
51	0
2	0
0	0
5	40
0	340
26	28
13	28
0	15
0	299
0	94
1001	317
0	316
453	198
0	32
0	32
3	15
0	15
0	14
0	11
2	10
0	1
2	1
2	0
0	0
0	0
0	1
0	0
0	1
83	16
0	16
0	16
0	16
358	0
22	0
24	0
0	44
22	53
0	3
0	19
0	5
4	0
3	7
0	4
15	0
3	3
1	3
0	2
5	40
0	19
0	25
0	13
11	5
5	4
3	4
3	0
26	55
0	41
0	11
0	9
2	0
0	53
0	15
0	15
5	25
0	17
0	15
0	22
0	22
0	15
7	3
3	8
0	0
0	0
0	3
0	8
0	0
18	1
0	3
54	0
0	0
0	77
1	89
0	90
0	52
0	35
0	32
9	11
0	2
137	69
78	59
0	69
43	273
17	211
2	6
0	251
0	94
0	0
0	8
168	0
43	9
0	9
0	9
0	0
0	4
0	4
0	4
0	2
0	3
0	4
9	9
0	9
10	4
0	9
1	0
39	94
0	94
9	22
64	5
0	1
0	0
2	0
0	0
175	3
1	3
0	0
75	9
29	0
14	0
0	0
44	19
6	0
22	31
0	14
0	43
2	0
4	230
0	230
0	93
0	4
8	0
619	19
0	19
0	2
0	0
0	506
0	503
15	512
0	75
0	69
0	42
0	69
0	61
37	9
8	2
5	18
0	18
4	0
0	0
2	61
0	71
2	21
0	0
7	18
0	0
0	16
0	2
0	2
1223	29
1	0
1	5
0	19
0	5
0	24
0	29
3	13
12	6
106	81
8	10
0	10
0	9
0	1
0	7
0	3
6	0
0	1
121	0
0	0
0	0
0	0
0	0
0	0
0	293
1	288
0	395
112	195
25	37
25	197
0	80
0	0
27	82
142	160
0	93
0	132
0	49
0	76
0	166
0	84
11	0
7	0
0	1
0	413
0	413
315	2
122	2
60	436
8	6
0	6
24	436
1	28
0	3
0	0
0	0
3	29
71	115
0	2
85	17
0	14
0	3
15	0
1	43
0	26
15	0
0	1
21	47
0	2
0	0
0	0
7	0
11	15
0	0
0	0
0	0
4	0
16	16
0	7
0	7
0	7
0	7
0	7
0	7
12	0
0	9
0	0
14	0
235	164
10	151
407	206
0	114
0	0
0	1
156	51
0	18
3	3
0	0
1	0
3	19
0	19
0	0
616	1400
24	16
0	0
0	16
0	0
1	0
0	14
0	0
9	0
16	21
0	9
0	3
5	0
2	4
67	4
11	4
0	1
7	0
19	0
1	8
0	8
0	7
7	0
0	0
1	1
0	0
5	1
0	1
0	0
1	1
1	13
0	1
5	1
9	0
59	229
0	122
21	229
90	7
24	5
0	7
0	1
0	1
3	4
0	5
0	0
7	36
4	0
3	0
6	9
0	9
104	0
0	126
0	235
0	0
0	0
0	0
0	0
0	233
27	57
0	14
24	24
0	0
0	16
4	22
0	134
0	12
0	0
0	0
34	10
5	0
0	0
4	0
0	37
0	134
7	2
0	2
40	123
0	112
31	78
212	2
0	110
0	0
0	0
0	4
0	2
0	4
0	4
41	8
0	8
0	0
0	3
8	6
0	5
0	2
0	0
1	0
0	0
0	0
0	0
0	0
10	2
0	0
1	0
5	8
0	8
4	3
0	0
0	3
0	0
5	3
0	1
0	0
0	1
0	0
228	0
6	0
1	0
0	0
0	20
29	30
7	30
0	21
6	7
4	0
0	0
223	39
0	39
0	0
0	3
3	0
378	119
19	36
0	5
0	105
2	4
5	115
96	42
0	543
4	7
9	501
0	165
0	21
0	101
0	64
0	15
0	9
2	64
6	0
0	165
2	0
140	0
0	4
0	41
6	0
3	0
7	162
12	0
84	84
0	84
7	24
10	19
1	0
0	0
0	0
42	0
3	14
0	14
0	4
0	4
0	3
0	5
3	2
17	2
218	216
62	213
0	5
2	3
13	0
3	13
0	13
1	1
0	0
0	0
0	1
0	1
0	1
0	0
1	0
6	0
0	13
0	46
0	54
1	29
76	29
0	8
6	19
116	216
0	202
0	146
9	102
0	102
0	11
70	26
11	15
0	15
0	47
0	9
9	5
0	5
0	6
0	17
14	1
1	1
0	17
0	3
0	11
16	33
20	17
0	16
0	16
0	16
0	2
0	47
10	38
0	5
4	14
14	14
0	14
0	0
0	0
0	0
0	2
0	0
0	0
0	2
0	44
0	11
0	30
2	188
1	29
1	177
2	1
0	26
88	301
0	44
7	18
0	301
1	70
0	334
0	16
355	6
0	4
0	2
251	72
2	1
0	8
0	7
13	276
5	276
0	20
0	0
5355	540
0	398
1443	367
0	286
0	259
0	267
0	255
0	266
68	243
0	178
1	151
1	144
0	12
0	11
0	13
12	0
5	16
0	16
0	7
0	2
0	1
0	6
0	6
0	5
10	8
0	6
1	2
8	6
0	6
0	0
0	0
0	6
14	19
0	15
0	15
0	12
23	9
0	9
0	9
0	0
0	19
1	126
0	100
0	126
25	64
0	70
0	45
0	53
0	19
4	21
2	11
108	0
2	13
3	2
0	0
6	6
0	4
0	10
0	11
0	11
0	10
0	0
0	0
1	0
0	0
13	65
7	65
0	12
0	4
0	4
3	16
0	15
0	6
0	10
1	10
0	10
7	0
107	70
7	33
0	55
20	55
0	55
0	0
0	0
0	55
0	354
0	354
0	354
279	0
0	39
117	6
5	0
55	16
0	20
0	18
0	4
5	2
25	0
0	0
0	40
0	45
0	19
0	8
0	5
0	0
0	6
4	7
17	2
0	1
0	0
36	17
10	17
0	0
0	6
0	8
0	10
0	1
0	1
2	9
0	6
28	0
0	6
6	6
1120	1540
99	1260
0	19
0	25
12	41
0	13
0	12
144	5
0	3
0	0
0	2
150	370
44	369
11	0
8	0
240	79
5	1
457	76
8	0
12	674
4	123
0	123
0	63
1	1
0	67
1	0
0	43
102	198
149	53
1	0
0	8
9	8
12	21
0	20
0	3
0	2
0	3
6	1
3	0
7	2
33	1
0	0
479	0
0	0
1	3
72	3
5	3
1	2
0	0
0	1
0	0
110	51
17	10
0	1
0	2
329	94
0	87
0	0
0	7
0	7
2	206
0	173
0	57
1	5
371	34
0	30
17	7
8	5
333	5
0	4
0	1
1	0
31	0
11	104
1	111
5	12
0	12
0	14
0	21
0	19
0	11
4	0
0	20
0	3
4	0
7	19
19	0
7	8
0	0
0	0
0	0
28	0
468	203
24	0
115	31
74	12
25	25
0	25
23	8
17	13
0	7
27	5
0	15
0	53
153	326
0	62
0	312
0	261
0	26
0	1
0	1
0	0
0	62
41	0
0	16
16	16
0	3
3	3
27	319
13	319
19	98
4	104
751	67
20	7
17	8
0	2
1	0
0	0
18	1
0	1
0	1
0	1
0	103
0	103
0	114
0	114
0	114
0	27
290	20
21	27
0	27
0	103
288	30
105	28
42	30
59	16
4	5
19	2
1	2
39	35
0	31
0	10
0	17
1	6
0	1
3	1
0	0
0	7
0	7
28	97
0	96
15	79
0	1
0	10
0	18
0	6
0	0
368	4
0	4
17	3
0	0
11	0
73	149
29	99
50	3
2	2
3	2
0	0
0	0
27	53
0	41
1	0
5	0
0	2
1	44
0	1
0	5
1	22
0	0
0	20
0	68
7	2
160	373
3	347
0	179
0	0
13	195
0	188
0	12
0	73
1	9
0	13
0	4
0	75
4	4
0	0
0	18
0	0
0	0
0	144
0	18
0	0
92	18
19	83
0	15
0	15
0	3
0	3
0	3
1	0
0	77
1	77
0	2
21	264
3	238
0	238
0	247
0	264
0	264
0	264
21	237
39	235
0	11
0	1
0	1
31	0
1	1
8	1
0	2
6	4
0	0
33	0
13	1
8	0
2	0
0	1
2	6
339	6
0	28
2	28
0	5
0	1
0	5
0	0
0	0
295	46
11	33
0	1
0	0
31	8
1	8
149	114
39	261
0	57
0	261
0	32
0	2
33	205
32	490
9	490
349	6
0	126
0	125
41	136
19	0
12	12
8	18
0	125
0	180
0	176
6	100
29	58
48	106
0	0
12	8
143	6
0	7
4	1
6	180
12	182
0	184
0	49
14	0
18	14
37	333
0	5
50	102
0	100
1	1
13	101
0	61
2	39
0	57
0	9
16	3
0	22
0	0
0	0
0	0
17	531
22	25
4	34
0	38
0	2
0	2
0	12
0	46
67	0
0	0
217	0
0	540
14	80
2	31
0	0
1	0
0	4
0	5
0	3
0	3
0	0
0	0
0	26
0	25
1100	7
5	12
36	0
74	81
9	68
1	0
0	233
0	3
3	3
62	233
0	0
0	84
0	84
0	7
0	0
0	12
25	0
0	0
0	0
28	106
0	3
9	0
0	74
40	809
0	2
0	421
330	807
16	8
1	0
2	0
2	1
4	0
0	0
0	1
0	0
0	0
0	0
0	0
12	8
0	8
0	8
0	7
0	0
34	5
0	5
0	4
0	5
42	99
35	79
0	5
9	13
0	13
0	147
0	1
3	0
0	1
8	147
116	34
0	34
62	8
20	8
43	5
0	0
1	2
57	9
0	585
0	585
40	140
141	68
0	3
0	8
0	86
14	6
0	4
0	17
25	24
0	36
81	36
0	14
4	11
2	11
58	324
0	9
806	303
1	26
12	15
113	26
149	540
6	0
1	8
0	7
73	1
0	0
0	8
35	4
8	25
0	22
0	21
36	20
1	13
2	2
0	3
187	0
0	31
0	43
0	7
1	9
0	9
0	9
0	6
2	11
43	12
0	12
0	63
0	7
0	258
60	201
7	4
0	66
219	13
0	434
0	8
0	6
208	448
0	13
12	7
9	8
80	9
0	4
0	42
0	49
11	49
0	24
2	1
7	1
3	112
6	49
0	33
42	110
0	0
2	0
0	0
0	78
4	78
0	78
0	78
11	10
0	13
0	14
0	11
0	13
16	3
1	1
0	14
0	1
0	1
0	1
3	1
0	1
5	0
4	0
3	2
0	2
0	2
0	8
5	9
1	1
7	2
2	0
0	0
0	17
0	17
0	17
4	0
15	0
40	0
0	0
3	0
1	772
1	772
0	0
13	26
3	26
9	6
0	0
67	22
0	25
0	15
1	3
17	1
3	1
0	0
0	0
5	0
14	12
0	64
0	64
0	10
0	12
2	12
29	4
7	0
5	22
1	23
18	59
0	7
0	22
0	0
0	1
0	1
11	0
0	37
0	0
2	9
12	2
51	114
31	56
0	5
0	23
0	27
4	19
0	43
20	46
33	0
125	21
35	5
0	22
2	26
578	0
0	0
22	78
0	78
242	66
0	7
0	1
0	1
0	1
23	0
567	5
0	0
0	13
6	14
12	1
0	14
0	0
0	0
0	2
1	5
0	14
0	2
0	1
0	0
0	0
0	14
0	1
0	2
0	17
0	0
4	2
1	16
0	16
1027	1
16	0
0	1
0	0
1	0
2	86
0	83
0	66
29	1052
0	1007
0	287
0	230
0	0
0	0
1	0
0	67
48	307
42	82
0	80
0	82
0	0
113	5
10	4
1378	89
0	15
0	15
21	12
0	2
0	0
0	85
0	0
0	38
0	10
2	0
0	8
0	10
0	7
0	80
0	80
0	80
0	80
72	79
9	173
9	68
156	1
3	1
101	460
0	434
1	434
0	136
0	86
0	72
0	56
0	67
21	0
0	9
70	1
36	0
0	79
0	34
0	34
28	13
1	0
0	79
0	13
0	14
0	14
170	119
4	251
15	271
0	21
0	46
5	55
5	52
37	55
243	7
0	77
1	50
0	66
5	32
6	35
0	12
1	8
0	1
0	1
19	2
0	2
3	2
0	2
0	1
6	0
106	8
0	6
1	9
41	3
0	8
0	3
0	3
16	22
0	7
0	0
16	1
18	20
0	15
53	56
0	3
0	17
0	18
24	0
24	0
412	110
0	109
0	97
0	72
0	70
0	1
3	0
3	0
47	80
5	0
0	0
0	0
0	0
447	966
954	997
0	1
0	36
17	0
0	1
0	5
460	110
0	106
0	220
1	357
0	81
36	244
0	161
105	65
0	155
3	594
23	703
0	284
0	22
0	0
0	51
0	5
0	5
0	0
0	0
0	0
0	0
15	55
23	44
0	54
0	19
0	0
1	1
0	1
0	4
0	35
0	35
4	0
0	0
1	0
4	0
107	0
21	0
0	0
0	1
0	20
21	20
9	28
0	26
0	19
0	25
0	0
0	17
4	26
2	19
0	19
82	31
0	74
0	70
0	4
51	46
13	0
19	9
39	9
0	544
0	552
0	557
7	552
0	608
0	0
99	14
0	5
0	64
12	14
0	0
0	6
10	63
5	45
0	3
0	45
0	0
0	45
2	34
0	0
0	3
0	44
0	0
0	4
0	1
0	24
0	40
0	47
0	11
16	23
0	0
0	10
0	10
12	0
0	0
15	16
0	0
10	39
10	34
26	41
5	106
12	106
3	5
0	13
0	13
9	22
1	3
0	13
23	1
0	1
0	0
0	1
0	1
1	0
0	8
0	11
0	11
0	9
0	9
6	150
0	150
10	0
0	0
1	0
0	0
54	99
0	13
0	19
0	105
3	14
83	123
0	100
11	289
19	192
714	439
0	160
80	273
14	210
26	188
44	68
0	0
0	20
0	0
17	22
0	9
0	8
16	20
0	20
0	0
88	398
0	360
4	42
139	126
0	61
0	22
0	24
0	24
0	27
0	21
0	21
0	24
0	24
0	22
0	19
0	1
0	0
0	2
0	23
2	0
0	0
1	17
1	5
17	9
0	150
23	187
0	0
0	5
25	5
14	183
13	0
85	0
119	0
100	0
1	83
0	90
12	338
0	72
1	85
0	59
0	53
0	26
0	7
0	12
0	12
0	7
0	2
0	150
10	17
54	947
0	0
706	1122
271	0
163	128
248	1274
0	1151
0	436
0	5
52	0
0	16
26	21
0	21
0	0
1	0
5	24
0	24
0	5
0	3
25	21
0	21
0	0
0	0
0	0
0	0
3	1
0	1
0	3
0	3
40	1
0	10
0	21
68	21
9	42
0	3
0	0
0	1
0	12
0	1
0	0
2	0
0	156
0	27
105	194
2	5
0	5
0	0
0	0
0	0
154	6
3	6
23	3
0	3
33	37
0	36
0	0
0	0
56	325
0	325
3	325
0	368
0	68
10	368
1	0
12	2
0	0
0	2
0	2
1	2
0	2
0	0
35	52
6	52
0	0
2	0
8	0
22	119
0	119
0	21
0	17
46	21
6	2
6	22
76	79
2	80
105	80
14	68
31	54
0	27
25	219
0	6
0	6
91	7
0	0
1920	698
0	435
24	196
8	119
18	88
31	1
0	6
1	3
433	318
0	85
24	71
12	1
5	29
11	30
0	1
41	4
220	80
0	351
0	202
5	351
1	24
86	26
32	9
0	34
0	7
0	15
3	144
0	1
0	351
37	3
0	33
0	33
0	26
0	1
0	0
0	10
0	10
19	10
0	0
0	0
0	0
187	118
117	29
19	342
0	316
16	0
5129	359
10	389
12	111
3	108
0	104
0	26
2	26
0	0
0	0
13	2
18	10
0	0
0	1
3	2
4	2
0	0
0	1
0	1
8	1
0	0
36	405
0	10
0	404
134	53
6	14
45	405
0	17
0	8
0	1
3	261
57	0
0	93
409	40
16	21
3	1
0	33
187	41
11	39
0	52
253	6
0	6
6	2
54	57
0	49
0	0
0	8
1	115
17	62
0	173
0	197
46	18
61	144
0	26
41	71
2	15
0	44
0	23
9	56
30	94
14	94
5	39
0	63
0	1
0	1
0	0
0	1
5	86
0	32
0	32
0	40
4	0
0	7
1	0
0	0
0	1
0	32
0	39
0	76
0	31
0	39
16	11
0	34
9	34
4	34
10	0
83	0
393	1
4	1
0	173
0	14
0	18
0	5
0	13
0	40
0	1
0	1
0	9
0	9
0	9
5	146
1	5
1	4
2	39
59	115
18	99
55	28
45	7
6	0
0	66
1	66
0	6
0	6
0	2
13	23
0	23
4	0
0	0
4	1
0	371
2	42
0	45
2	2
0	20
2	8
25	23
79	0
0	10
6	10
0	4
0	2
0	10
0	6
0	0
3	11
0	5
0	10
12	11
2	0
0	0
2	0
0	5
0	29
0	14
0	14
0	112
0	13
0	116
2	109
0	11
10	113
40	304
0	267
1	5
0	180
27	14
0	2
543	701
0	336
1	0
16	50
0	50
0	36
0	29
15	41
0	8
27	22
0	8
0	6
0	6
3	0
2	0
2	121
5	14
2	14
0	8
0	8
108	0
262	310
0	326
1	16
0	16
2	0
7	390
42	401
0	7
2	0
0	0
0	2
0	10
6	2
0	2
0	4
37	2
0	2
74	15
0	23
11	27
10	11
3	0
0	13
0	14
0	10
1	14
16	0
15	10
0	6
5	0
619	792
0	785
28	27
0	28
0	5
0	17
4	0
0	0
0	0
0	0
1	0
2	1
0	1
103	21
0	1
0	17
0	1
1	13
0	469
224	160
0	50
0	12
140	90
0	479
0	28
0	27
25	108
2	1
0	1
1368	48
0	45
4	4
5	1
265	2
8	0
0	2
97	0
0	187
0	199
0	14
0	7
37	301
32	9
20	27
1	280
81	280
0	0
3	1
71	45
0	0
5	222
0	214
26	94
4	83
33	18
36	3
0	2
0	2
0	0
0	0
1	0
0	0
1	28
20	30
2	2
0	9
32	34
80	398
34	400
10	379
0	211
0	49
39	9
1	9
0	0
0	5
2	10
270	10
170	29
0	10
28	0
0	0
0	29
30	95
0	14
3	82
111	27
2	12
0	78
3	27
0	24
43	22
3	8
0	8
0	8
12	0
0	204
0	930
0	322
0	5
0	69
1	802
23	143
0	1
167	143
0	72
21	4
50	97
2	1
0	0
0	0
0	3
2535	0
0	26
5	26
0	14
2	0
0	0
403	104
65	100
32	27
0	37
0	37
1	37
1	151
0	56
0	229
9	41
0	5
0	48
1	82
0	0
0	0
0	151
0	151
0	2
4	20
27	22
1	6
0	6
14	18
24	12
23	1
0	25
11	0
10	26
0	14
0	7
0	7
1	7
0	7
0	7
5	3
0	3
0	9
0	0
0	0
63	585
0	260
0	525
0	9
1	0
0	8
0	8
0	8
0	1
0	5
82	0
0	0
0	5
5	0
92	15
0	14
1	15
83	117
0	116
0	46
3	12
4	10
0	12
23	0
44	104
0	96
379	224
0	55
0	28
0	86
0	78
21	133
70	11
54	1
34	1
0	28
1	26
821	135
99	53
0	12
0	1
0	1
0	17
119	32
0	25
0	2
0	1
0	1
0	15
0	25
6	1
0	17
0	1
0	15
0	0
0	0
7	14
0	3
0	3
0	1
0	29
15	139
0	2
10	13
0	13
4	13
1	0
1	0
11	7
0	8
8	64
0	64
1	55
0	61
0	44
0	44
0	11
6	7
0	0
0	5
0	5
6	0
0	0
95	0
50	0
355	0
244	0
2	7
576	63
29	63
313	0
71	25
0	12
0	7
4	7
9	7
55	9
63	6
10	5
2	9
1	5
0	4
0	8
33	31
46	195
0	195
9	0
214	58
195	2
5	70
0	98
0	0
4	24
19	0
13	54
0	126
0	126
45	91
11	29
21	28
16	23
20	2
29	1
0	20
10	0
10	0
0	20
0	6
0	17
0	0
0	0
0	17
0	1
0	0
0	0
0	13
0	13
2	13
0	3
0	3
0	4
0	4
2	3
0	2
77	2
0	2
0	2
1	0
19	59
0	125
0	54
0	47
182	43
0	19
0	16
0	10
0	2
0	3
0	13
0	4
0	13
1710	504
0	504
2	98
0	98
221	3
26	47
17	39
0	20
0	1
63	12
0	0
0	15
0	342
0	341
23	214
0	4
1	4
90	419
10	417
8	375
5	258
0	221
51	4
0	5
1	24
0	6
0	9
591	186
0	116
4	70
34	49
3	49
3	7
2	0
127	16
205	13
0	7
0	3
0	2
0	11
0	143
0	11
10	143
1	0
1	38
0	0
0	22
0	22
0	0
5	1
0	134
0	24
10	24
0	70
98	134
0	18
0	8
0	13
0	24
0	67
0	5
0	24
0	15
0	23
0	76
0	5
0	44
2	22
8	0
0	4
0	6
0	41
11	203
0	236
0	69
0	36
0	36
7	7
0	7
85	12
116	92
0	32
3	0
8	6
0	6
0	0
0	0
2	8
12	6
0	0
0	6
0	0
0	2
0	6
0	0
2	0
0	17
0	17
7	2
0	2
10	0
0	29
266	148
160	148
7	116
29	111
36	29
6	3
0	3
8	0
26	69
164	69
24	63
130	9
170	2
0	1
0	0
0	0
0	0
0	1
0	331
0	331
3	302
0	0
4	0
0	0
0	0
0	0
566	61
0	22
0	33
21	0
0	16
2	52
4	1
0	1
6	1
14	0
1	0
1	20
4	20
0	27
10	27
3	0
24	12
0	6
0	4
0	0
0	88
0	60
0	82
0	81
0	66
1	32
8	6
2	5
0	0
0	2
1	0
0	76
0	37
0	15
0	185
0	198
2	9
279	12
0	0
0	0
0	141
18	195
4	55
0	52
17	19
0	48
0	4
0	7
0	40
0	19
2	18
0	5
0	7
0	20
1	8
1	6
0	11
0	0
0	0
0	7
0	6
11	19
0	2
173	2
160	11
113	26
351	56
186	56
1052	66
0	7
2	0
353	1
0	1
6	92
9	92
83	3
0	0
0	0
0	0
0	0
0	3
0	133
0	133
3	9
0	19
4	35
145	11
68	12
0	2
0	2
371	59
339	59
10	4
0	6
109	14
0	14
0	5
4	22
0	7
0	1
0	7
3	1
0	20
141	0
72	613
16	165
2	57
322	58
3	58
4	31
11	9
1	49
13	1
0	1
0	0
0	0
20	0
0	48
116	172
32	10
10	6
12	132
0	19
0	20
5	3
0	20
2	133
1	26
0	35
0	36
0	36
0	1
0	1
0	4
0	2
0	3
0	3
0	3
14	182
0	182
0	3
13	615
23	610
0	597
0	525
0	529
127	243
6	2
0	6
0	2
0	0
4	0
0	0
65	113
0	63
0	63
288	85
0	14
0	85
3	0
36	10
173	0
39	4
118	0
13	34
22	34
0	43
0	43
0	43
0	26
0	0
28	117
0	95
0	99
1	10
0	10
0	0
15	0
0	0
35	2
125	191
1	187
5	4
210	351
0	459
0	251
37	169
0	168
0	0
0	2
0	0
15	3
0	46
0	46
0	15
0	1
1	0
7	1
6	2
5	7
14	0
19	106
0	106
18	0
218	3
0	0
313	0
1	5
0	5
53	16
16	11
0	3
4	0
0	0
0	0
0	0
0	34
0	7
76	34
3	30
0	0
7	30
0	0
19	0
61	0
2	4
0	4
73	1
1	1
0	1
0	1
3	1
8	3
0	22
0	22
3	9
0	9
1	0
0	0
0	0
0	0
0	0
0	0
0	0
6	0
0	2
0	2
0	8
0	8
18	17
2	2
9	15
0	2
38	31
53	46
45	0
7	0
15	0
4	0
0	5
0	5
0	0
11	0
0	0
2	0
0	0
11	0
0	25
0	11
2	81
0	22
51	574
0	682
0	682
37	569
0	0
0	0
0	6
17	31
0	3
6	63
5	128
6	19
0	16
2	7
0	12
2	12
11	7
0	7
2	0
19	0
0	6
0	32
7	32
0	95
11	95
11	47
0	115
26	35
24	0
5	0
93	47
10	42
0	33
0	31
0	16
21	177
15	70
51	14
2	14
0	10
1	7
0	1
1	0
0	0
1	0
4	0
26	109
70	0
0	19
8	19
41	0
39	120
19	85
8	4
1	13
9	20
32	0
0	0
0	0
0	0
236	16
0	63
0	63
0	63
0	0
0	0
0	63
0	4
0	0
0	0
0	0
0	4
48	49
0	49
0	20
0	1
0	1
0	0
0	0
0	4
0	0
6	0
0	2
0	2
0	0
0	0
0	0
0	0
0	2
0	133
1	54
97	306
61	301
4	306
3	301
0	286
60	278
0	274
93	274
0	34
1	11
67	954
1	6
6	4
0	0
0	238
0	36
0	45
51	741
220	910
0	128
82	6
0	20
0	118
0	0
17	46
68	110
4	110
24	0
20	4
1	4
4	1
110	146
0	134
1	0
0	2
5	2
50	108
76	0
0	8
1	154
112	394
0	5
9	140
151	75
0	41
196	103
0	71
57	85
38	82
0	31
0	31
7	31
0	6
0	24
0	0
0	0
0	0
0	0
0	15
0	38
0	13
0	14
0	13
0	13
2	14
0	14
0	14
0	0
0	2
1	2
0	2
4	133
23	161
3	28
0	3
0	3
0	0
0	1
0	31
0	18
0	0
0	18
3	0
190	491
1	491
24	14
15	4
26	247
3	0
0	0
8	0
0	142
0	274
1	267
1	0
3	0
0	6
0	30
34	0
0	13
24	25
0	4
8	53
0	9
0	36
0	8
0	9
0	44
0	1
2	36
0	36
14	1
0	0
0	0
0	16
0	1
0	36
0	0
0	27
0	27
0	1
26	9
4	26
0	5
6	5
0	16
0	0
0	0
17	20
0	14
0	0
8	0
0	0
0	0
0	0
0	0
3	84
6	84
9	43
9	8
0	0
0	2
0	0
0	0
1	19
6	63
11	63
1	2
18	0
22	6
0	18
0	13
0	1
0	1
0	0
2	0
0	143
0	227
0	179
0	10
0	107
0	138
0	111
0	170
0	170
0	125
0	38
4	3
0	133
36	10
0	15
0	130
0	12
131	20
0	8
0	1
0	0
1	0
0	12
0	4
5	27
0	1
45	2
0	1
0	1
0	2
0	20
1	61
0	63
0	63
229	869
0	616
0	21
0	856
0	4
0	863
9	790
11	877
0	797
72	765
31	827
0	78
56	78
3	60
1	2
65	74
1	0
0	27
70	0
0	2
147	17
0	2
0	6
36	13
104	0
0	2
13	0
1	3
5	0
3	3
1	53
12	53
0	2
0	0
0	0
0	0
0	0
0	0
0	0
0	0
5	23
0	0
0	0
166	0
1	75
0	9
0	37
56	70
11	0
0	1
4	29
1	25
0	34
0	32
0	21
0	0
4	0
2	0
6	4
1	3
236	0
195	93
29	15
14	7
3	0
0	0
4	0
0	0
0	0
0	0
0	0
5	0
22	0
5	0
303	420
0	413
8	0
0	16
0	49
10	25
0	25
1	0
0	0
0	0
0	7
0	0
9	0
27	319
8	217
82	280
326	15
5	15
0	5
0	4
42	4
38	77
10	70
24	4
0	1
2	12
1	12
15	10
10	10
0	0
0	10
2	128
40	128
0	47
0	0
0	0
7	16
0	11
0	2
1	0
0	0
0	0
0	2
9	3
0	2
10	226
0	140
0	8
3	0
3	212
125	0
2	26
4	26
0	52
0	49
0	1
442	5
2	5
5	0
4	72
0	51
0	70
0	1
29	4
0	0
1	3
11	3
0	0
53	125
1	119
0	28
0	28
0	5
0	7
123	44
0	27
4	14
0	61
11	91
0	33
0	26
0	97
0	102
15	4
0	4
56	68
0	7
0	7
7	72
0	7
0	7
0	7
13	3
0	22
3	0
0	39
1837	243
0	243
72	89
0	4
135	85
0	12
186	7
13	1
98	301
3	301
3	91
0	79
0	56
0	9
6	10
0	84
0	84
13	10
1	2
0	0
0	0
0	0
247	191
15	218
0	15
1	3
0	6
3	0
0	42
0	42
0	2
24	28
0	0
0	47
60	0
0	2
0	46
21	3
6	39
3	1
0	0
14	1
0	4
3	7
0	9
14	5
0	5
319	29
22	29
0	1
0	0
0	0
10	161
8	165
0	165
255	337
0	173
0	159
0	117
0	10
0	42
0	170
0	211
0	108
0	2
16	15
46	49
0	2
0	49
18	47
21	0
35	310
0	3
276	307
0	0
0	3
1	130
27	110
1	3
0	3
0	2
7	0
14	106
4	69
0	11
0	13
6	0
44	108
172	0
0	5
0	5
28	131
0	15
46	15
69	11
0	0
0	7
0	4
0	0
34	9
19	135
0	0
0	0
181	38
146	137
0	0
0	0
0	0
18	34
0	34
102	71
0	50
0	12
0	8
2	4
32	1
0	25
7	25
5	21
0	21
41	78
0	11
0	3
7	4
0	4
0	1
0	2
0	11
0	14
10	44
5	44
0	0
0	0
23	79
0	37
11	78
0	12
0	25
49	52
77	132
0	132
45	126
14	102
4	16
26	103
0	5
0	2
0	1
0	1
0	0
1	14
0	14
29	5
0	20
0	0
0	18
0	5
0	11
0	7
0	7
0	7
0	2
19	0
12	42
0	31
0	8
23	5
8	4
0	20
0	0
0	391
25	400
0	87
128	58
27	0
0	0
0	0
0	0
0	0
0	0
1	2
0	0
0	0
0	0
0	2
145	132
3	106
0	45
10	22
13	16
25	67
0	26
5	11
23	65
0	6
0	0
34	38
88	0
6	6
0	0
0	1
0	0
0	0
10	6
2	27
0	1
8	29
0	25
107	0
0	69
0	74
0	48
17	38
879	33
0	34
0	36
0	12
0	1
0	0
10	34
1	0
0	2
0	2
2	0
5	27
21	27
1	0
14	12
0	11
0	12
12	1
0	1
0	0
141	52
0	0
13	3
0	24
0	53
31	9
2	7
4	9
0	7
0	6
0	1
4	4
0	1
3	1
1	8
0	7
0	2
25	3
96	85
14	98
0	24
8	6
131	395
15	395
0	0
3	251
50	17
3	17
0	10
1	10
19	7
0	7
7	7
5	1
6	0
25	0
0	0
5	0
0	59
83	59
138	265
0	264
4	38
1	3
88	153
0	142
0	24
193	105
0	105
5	15
0	9
0	0
0	17
0	17
0	0
0	0
1	1
104	66
1	29
0	20
0	6
0	6
7	14
0	8
0	11
0	5
0	1
0	0
0	0
0	35
0	35
0	0
0	12
2	0
15	1
0	1
41	13
132	13
94	8
92	8
12	50
1755	256
0	11
0	8
0	7
0	230
9	1
20	240
19	3
0	6
3	20
12	20
12	15
0	12
0	0
0	2
0	15
25	9
1	25
6	9
0	41
0	20
0	3
28	1
0	0
3	0
2	0
2	0
0	0
0	1
3	0
5	0
0	41
7	82
0	139
507	151
116	46
192	110
0	110
0	62
0	35
0	66
0	3
1	143
270	277
0	175
0	0
19	0
196	20
0	5
17	0
0	84
2	56
9	56
0	58
0	3
8	66
0	16
191	104
0	20
0	13
0	6
0	15
5	13
0	47
0	15
1	7
0	7
182	204
0	7
0	190
1	0
0	87
27	26
0	1
20	195
18	84
0	79
0	85
1	50
25	82
4	68
0	70
0	51
0	31
0	21
6	3
0	2
0	91
0	91
0	91
0	8
16	0
26	11
11	51
0	62
0	11
0	0
0	6
0	3
139	263
0	1
0	0
1	266
0	5
0	4
0	0
988	0
0	5
2	12
0	12
0	7
0	7
0	7
0	0
0	2
0	1
50	7
24	2
0	2
41	75
0	20
0	59
0	14
0	9
28	0
196	84
77	0
0	7
1	24
41	38
40	0
15	4
0	4
0	0
2	4
0	0
0	0
3	4
0	1
0	1
0	33
0	33
0	31
0	0
5	5
0	0
10	0
5	0
0	0
0	19
0	19
0	0
0	19
0	19
0	13
0	29
0	29
0	0
0	0
0	0
55	117
0	117
0	40
31	0
5	0
0	0
37	0
0	0
0	0
0	18
0	2
0	10
0	11
11	2
0	10
13	1
5	0
36	82
3	15
538	171
0	171
6	13
0	6
0	5
0	1
5	0
0	67
9	7
1	1
50	0
0	4
0	4
0	2
0	3
0	4
2	0
205	0
37	1
0	78
12	45
0	52
31	63
0	5
37	55
19	0
47	22
6	17
0	0
33	90
23	44
200	35
0	7
1	269
2	269
5	39
39	45
0	20
7	12
0	107
0	107
0	11
0	56
9	132
1	25
85	2
0	0
0	2
56	0
0	11
172	12
0	11
0	10
2	8
0	0
0	6
0	0
0	6
0	3
0	2
0	0
10	0
0	1
0	1
0	4
1	7
10	3
0	5
0	9
0	3
2	0
0	0
0	1
0	1
1	7
0	2
0	9
0	1
0	40
6	33
10	7
33	76
1	30
0	9
0	11
42	12
0	76
0	0
0	58
0	0
8	58
0	0
0	58
0	7
0	15
11	18
5	115
0	70
0	55
0	75
0	70
1	0
0	0
0	36
38	96
3	36
250	42
0	30
0	7
9	32
7	71
0	1
0	1
0	0
0	13
0	0
132	16
0	9
3	39
0	37
132	3
75	7
0	0
0	2
0	0
0	2
239	55
0	55
4	2
3	0
0	0
20	0
55	6
4	0
0	0
1	8
0	11
1	5
0	4
284	418
0	7
15	383
0	304
44	2
5	83
1	81
0	75
0	1
0	1
137	3
1	0
78	116
0	4
0	110
0	5
1	4
48	92
8	59
0	14
0	1
0	12
0	11
0	46
3	62
29	7
2	54
11	2
1	67
0	69
0	79
4	78
46	133
0	133
0	52
0	51
0	49
55	34
0	0
2	132
0	15
0	22
223	41
0	6
0	0
0	78
0	5
0	20
1	0
0	1
0	31
0	2
0	28
7	13
0	7
6	1
0	1
3	116
0	181
816	0
3	0
59	69
0	69
9	40
2	0
1	5
0	154
0	88
0	38
161	154
847	682
330	682
0	0
0	16
0	17
0	9
0	1
0	1
0	2
2	8
2	2
0	4
5	8
0	8
51	0
0	2
2	2
0	2
0	12
9	12
0	2
0	2
205	76
0	5
1	0
31	1
2	10
0	10
20	41
0	1
1	57
8	90
21	1
0	21
0	0
11	20
0	0
41	26
0	28
6	124
0	3
0	56
0	19
0	0
0	6
91	42
0	6
2	0
0	35
0	25
48	9
33	25
0	4
0	4
0	538
0	13
32	43
0	2
0	0
0	0
0	0
0	0
0	69
0	0
1	562
0	101
4	0
78	2
0	1
0	2
0	2
1	1
0	1
12	0
31	0
174	15
33	13
2	15
0	0
4	1
0	1
0	0
0	58
21	55
4	72
16	72
25	98
0	469
0	33
0	255
171	525
0	564
0	7
107	8
1	0
1	7
0	0
0	3
10	7
12	3
23	4
523	18
0	9
1	9
115	205
0	130
0	205
0	16
0	6
8	0
0	82
0	130
1150	984
148	985
177	3
1	22
0	22
0	22
0	0
156	73
0	13
29	3
261	73
0	35
6	118
0	112
31	336
0	193
0	47
0	196
0	16
0	221
7	101
0	22
47	0
4	9
11	153
3	10
0	78
0	87
0	0
0	0
7	4
0	5
61	83
15	87
4	1
92	5
0	5
4	5
0	4
26	81
115	224
0	183
0	78
0	131
4	90
4	19
0	6
0	19
0	1
4	14
4	0
0	0
0	0
1	0
46	31
5	4
0	0
0	0
31	3
1	9
0	0
0	0
3	0
0	259
20	0
0	12
107	258
18	0
146	69
0	20
44	20
35	1
0	1
0	0
0	0
4	44
0	152
35	32
75	19
0	18
0	10
3	349
0	6
21	9
0	6
49	69
0	63
0	69
0	48
0	47
0	37
0	37
0	43
0	6
12	3
5	4
6	21
0	12
4	3
12	9
6	0
58	1
40	5
0	5
15	5
0	5
0	3
0	0
1	2
0	0
0	0
0	0
977	868
68	200
0	163
0	796
7	64
0	64
0	8
1	1
0	1
0	1
0	0
0	1
653	14
11	5
651	63
9	14
0	14
0	14
0	14
70	472
8	468
0	155
3	1
11	1
0	3
20	3
0	3
0	0
13	27
0	26
15	14
0	11
43	12
0	0
6	1
15	0
364	1
0	2
10	3
11	222
2	112
1	201
27	0
11	6
0	18
0	18
0	30
23	30
0	254
0	252
2	2
0	121
123	848
0	829
0	816
0	3
37	546
31	663
189	0
1	2
1299	530
0	530
0	26
0	0
0	6
133	21
0	17
0	4
63	108
56	4
1	4
0	31
0	3
0	3
0	0
0	5
0	1
371	4
0	31
35	5
11	10
12	10
2	1
0	0
0	0
0	1
4	0
41	20
3	20
53	5
50	33
14	6
0	17
32	27
4	16
20	17
0	0
0	1
158	91
0	91
0	13
0	10
0	1
7	28
0	5
3	0
11	0
0	0
0	83
0	83
0	10
157	84
0	74
0	46
18	23
1	1
4	2
5	2
33	19
1	0
0	2
0	274
0	7
0	35
0	7
10	58
54	268
0	0
0	0
0	61
101	97
11	123
0	80
4	0
4169	22
0	21
0	6
0	6
9	4
862	57
5	73
19	91
0	91
0	0
0	30
1	5
0	0
0	19
0	7
0	9
95	0
107	142
0	34
19	151
0	103
79	102
0	7
0	14
0	14
0	16
4	13
0	16
0	16
0	1
8	2
0	28
3	17
25	43
0	7
15	8
0	6
0	8
52	6
0	2
2	0
0	88
0	88
86	61
0	0
0	0
8	0
34	8
0	8
0	0
0	5
0	8
0	5
0	5
0	5
0	0
69	6
0	1
0	3
25	3
0	5
0	5
55	220
287	219
0	206
0	0
0	15
0	15
0	15
0	15
0	1
0	15
0	0
0	0
0	0
0	0
0	14
8	1
55	120
9	109
0	904
0	878
6	4
5	4
0	4
0	0
0	4
0	0
0	0
0	0
0	0
0	0
0	4
0	0
21	273
17	273
0	5
0	20
16	2
36	12
0	2
4	43
10	43
27	38
0	12
340	4
0	41
0	41
0	0
0	0
1	18
0	17
0	4
13	0
125	2
0	2
0	0
252	1
0	1
26	12
0	0
0	0
0	0
1	42
0	6
0	6
78	44
0	44
0	14
0	31
0	14
0	14
0	31
0	31
4	0
43	43
0	40
0	13
0	14
14	71
0	61
0	54
680	0
0	33
0	35
0	33
12	33
0	33
0	33
1	33
0	7
2	90
0	90
5	0
0	3
6	50
0	208
2	11
0	156
32	203
1	8
1	0
0	0
0	208
13	118
0	275
4	0
0	11
27	10
5	3
26	0
23	1
16	73
0	0
6	30
25	150
0	2
1	3
0	276
5	1
5	6
0	7
75	111
0	2
6	2
0	2
9	0
23	103
47	49
0	17
18	24
0	20
22	3
0	9
0	3
0	13
2	0
0	131
0	131
1	86
3	38
13	0
18	23
0	22
0	23
0	23
0	23
1	9
0	92
0	51
0	22
0	3
19	22
0	20
9	20
2	1
0	1
0	11
0	11
0	5
0	8
11	29
0	36
14	34
0	0
0	0
35	103
0	34
45	27
59	30
0	0
0	17
0	14
0	6
0	20
0	19
0	8
65	13
27	4
0	4
22	0
0	0
10	0
12	27
0	25
12	12
0	1
8	12
7	18
0	0
0	0
7	0
2	17
1	36
5	1
37	36
0	1
0	16
0	6
154	118
41	96
0	68
0	36
0	2
17	2
0	1
9	0
2	0
3	2
0	0
0	27
58	551
13	551
13	0
5	0
0	0
0	0
0	0
3	0
218	109
0	98
0	47
0	39
1203	10
0	7
0	7
1	0
0	0
407	34
483	34
0	34
0	0
0	12
0	12
0	7
31	209
0	209
5	151
0	72
1	0
0	8
0	46
0	103
0	0
0	4
16	3
0	3
0	1
1	3
0	0
0	0
2	0
5	0
32	67
0	7
0	0
0	43
0	43
4	6
0	3
3	22
23	32
0	31
7	0
0	29
0	100
0	90
13	1
0	17
0	17
0	17
6	2
0	1
0	11
0	2
4	1
0	0
1	19
14	21
33	0
24	0
1086	1
0	1
0	36
0	36
0	33
35	33
0	81
0	81
16	0
5	18
17	24
11	14
0	9
0	0
0	7
0	9
0	46
1	46
0	0
0	0
2	0
8	0
6	4
0	4
0	4
3	0
53	57
8	41
0	57
36	34
0	91
49	149
0	3
15	6
0	3
0	0
0	0
0	23
0	23
0	0
2	0
0	0
0	15
283	820
0	230
0	619
0	1
26	6
0	1
2	0
32	16
7	0
0	0
0	0
6	1
0	1
2	0
0	1
0	1
46	0
3	5
2	5
3	0
0	0
6	1
4387	50
0	48
0	3
31	10
0	3
0	9
41	15
0	20
2	0
0	0
0	0
32	69
0	5
30	5
0	7
0	6
3	6
0	6
11	3
0	3
4	34
2	4
0	1
0	1
0	1
0	1
0	2
0	1
0	1
0	1
0	0
0	0
0	1
0	1
0	1
170	242
48	218
27	31
0	14
0	17
0	8
85	2
1	6
107	21
4	21
25	0
3	1
1	1
0	0
0	84
0	84
28	17
0	0
2	2
16	10
8	74
18	54
0	5
9	0
0	14
3	17
0	1
0	1
19	5
0	1
79	27
2	31
3	3
0	0
5	189
0	194
0	39
1	27
3	0
0	112
0	46
0	12
0	0
4	1
8	33
0	3
46	78
0	32
0	65
0	35
0	52
1054	44
0	1
0	13
0	1
0	3
46	35
0	50
0	2
10	2
0	1
422	0
0	582
0	34
11	12
34	8
23	30
8	1
0	4
45	0
37	12
32	582
105	18
5	18
23	21
0	21
64	6
24	0
0	6
7	20
0	0
1	0
43	51
12	48
0	22
27	0
0	0
1	4
5	4
24	4
0	4
0	3
0	1
83	0
47	0
112	24
21	20
81	36
0	4
1	0
65	7
5	0
0	0
0	0
0	11
0	11
7	11
30	12
0	11
0	11
0	11
0	7
695	245
0	181
0	9
0	6
416	9
10	27
1140	42
18	122
78	27
2	1
0	15
39	49
0	1
0	0
0	82
0	23
0	77
0	77
2	15
0	6
125	125
10	78
401	125
0	105
0	62
0	0
0	0
0	0
0	104
13	0
116	18
11	4
3	20
24	20
16	0
9	0
50	0
2	26
0	25
1	2
0	1
0	1
0	1
1	1
0	1
0	204
49	204
0	2
9	2
0	0
0	0
0	1
12	1
6	0
8	0
430	7
2	0
0	13
0	8
0	8
0	13
0	1
52	41
55	129
348	0
0	27
41	1
32	2
0	7
0	1
0	70
55	154
112	404
62	1095
154	1095
186	180
0	141
0	131
312	115
0	126
6	4
40	100
7	45
0	44
0	44
0	3
44	0
133	3
35	0
1	0
15	3
0	0
1	0
94	0
3	0
831	6
69	579
4	22
2	22
0	0
0	16
1471	41
100	41
0	0
10	55
0	0
0	55
2	3
0	3
0	3
1	30
0	44
0	44
0	43
0	43
0	44
0	44
0	44
35	0
0	0
0	0
0	0
0	0
0	0
0	56
18	56
73	26
434	147
0	1
0	25
6	26
24	28
4	45
0	1
0	25
0	15
0	22
0	19
34	11
0	0
0	1
7	2
1	1
57	26
0	9
0	8
0	9
0	9
0	8
0	9
0	9
0	8
0	9
0	9
0	8
0	9
0	6
8	0
3	0
2	1
60	38
0	2
0	38
0	5
0	3
151	54
89	54
113	16
6	26
0	26
0	13
2	0
0	8
0	25
65	114
0	16
4	11
0	20
0	23
6	10
0	1
0	0
0	1
0	29
1	1
0	1
43	74
78	17
0	6
0	61
9	6
0	0
30	1
0	0
128	614
79	170
0	307
0	171
1116	317
0	316
10	34
1	20
10	22
49	7
180	149
0	16
767	14
0	628
0	248
5	85
2	87
0	90
0	90
3	2
0	2
0	248
0	22
34	22
0	15
25	10
1	10
0	260
0	260
0	16
2	11
0	270
0	270
0	270
12	9
36	7
0	1
54	59
0	57
17	25
69	2
0	11
0	4
0	9
0	9
0	2
0	3
0	5
0	5
0	5
9	5
0	19
25	19
0	19
218	302
0	308
0	318
0	94
0	95
0	38
0	17
0	5
3	34
3	13
115	16
0	4
6	0
0	28
8	0
9	36
33	0
0	0
0	15
0	3
5	38
34	22
0	11
8	11
0	4
192	131
0	131
0	9
0	0
0	0
0	0
0	9
0	32
3	32
0	0
18	0
14	1
0	7
0	17
0	1
0	34
0	34
0	29
0	29
0	58
5	0
0	0
4	0
0	0
0	1
0	17
0	0
0	5
0	0
31	0
0	0
0	0
0	16
0	0
0	0
38	0
0	35
0	0
0	0
0	0
0	0
0	0
15	0
8	0
6	0
0	35
0	14
18	8
106	72
32	72
0	23
0	9
0	23
0	0
0	3
235	70
0	2
29	2
29	0
7	176
0	17
360	189
2	189
7	0
0	146
5	4
342	35
4	1
53	2
0	1
100	0
8	28
0	0
0	7
0	82
0	5
0	2
0	0
0	20
0	4
2	3
0	0
0	0
0	0
12	0
0	0
4	0
0	7
0	4
0	22
0	82
262	60
0	114
0	80
0	60
0	82
0	0
12	0
0	0
0	40
0	40
0	35
20	31
19	31
0	27
0	0
0	4
0	4
0	4
41	4
3	1
0	30
0	1
0	1
3	28
0	30
46	0
1	65
2	67
0	18
0	43
5	46
0	43
13	16
0	41
0	42
0	43
1	1
0	5
0	0
0	0
0	2
0	2
0	2
0	0
0	0
0	0
0	0
2	0
0	0
152	3
0	3
9	3
4	3
101	0
482	352
0	0
33	357
288	66
0	288
82	287
44	274
1	274
46	18
0	0
0	0
1	18
4	2
717	11
1	9
0	8
0	9
0	7
0	2
0	4
0	3
0	1
0	1
0	1
0	2
0	2
25	2
2	1
2	1
0	0
0	16
0	5
0	5
11	6
0	15
4	45
0	48
0	25
21	49
0	40
0	36
0	7
11	36
0	0
0	0
6	0
1	0
0	0
0	0
103	32
0	32
0	0
0	1
0	1
0	0
0	6
1	6
13	20
0	20
4	0
1	0
0	0
0	0
3	0
1	0
0	9
0	9
0	20
3	16
28	74
0	67
90	71
0	3
0	0
1	3
12	0
0	21
18	24
0	1
0	1
0	1
9	1
0	0
0	38
0	113
0	129
0	12
87	101
0	5
0	19
3	19
23	471
0	463
72	0
1	38
0	70
41	49
0	53
0	8
0	8
0	4
11	25
0	14
0	14
30	10
1	3
0	14
4	3
0	0
0	0
0	11
84	18
2	19
43	8
0	8
1	2
0	0
0	0
0	0
24	0
0	11
1	2
38	33
0	29
0	0
0	0
0	4
1	0
31	0
2	0
0	0
0	0
0	0
0	0
0	0
9	29
0	0
14	29
39	15
1	3
54	17
0	29
21	13
15	49
0	49
40	49
33	28
5	13
0	1
0	0
0	15
0	0
11	15
6	0
7	1
5	1
32	27
0	5
0	3
0	3
55	126
0	0
0	43
0	123
0	1
0	1
0	9
30	9
0	9
0	1
462	0
12	0
0	1
5	1
5	86
86	41
11	49
7	42
0	27
0	27
197	41
856	18
78	18
666	32
0	32
0	4
0	4
1	0
0	3
0	1
401	237
0	233
0	172
0	130
4	6
0	47
1	151
3	6
0	8
0	3
114	98
0	32
7	25
0	25
96	0
1246	265
71	13
0	0
0	0
0	0
0	0
1	254
12	1
177	172
0	15
6	14
0	3
0	0
0	0
19	19
24	18
0	158
14	14
35	30
0	3
39	19
17	23
67	11
0	14
0	1
15	0
98	59
82	59
17	59
8	0
59	0
302	0
10	23
242	2
3	42
0	21
0	24
0	40
1	16
0	16
0	36
0	0
2	0
2	0
17	34
0	47
122	160
16	51
0	0
0	4
0	2
1	27
3	11
121	0
5	6
100	1
11	3
0	0
0	6
11	0
0	24
1	48
2	17
43	208
14	166
0	90
52	119
37	108
97	28
0	11
0	0
23	4
41	0
30	4
11	1
2	3
0	54
4	54
0	32
0	0
0	1
0	0
47	348
3	1
87	352
0	3
0	1
0	0
0	3
0	483
0	328
0	107
0	0
0	1
0	2
39	0
0	1
1	0
30	377
0	1
0	386
12	42
0	40
1	2
0	34
3	2
1	11
0	18
4	26
8	26
0	2
26	0
0	75
0	83
4	83
0	120
0	69
1	1
0	5
0	37
0	37
19	10
0	1
0	1
33	2
0	2
9	1
36	120
0	4
9	4
57	60
0	2
0	0
0	2
0	0
0	82
0	159
0	33
5	261
0	321
28	148
0	121
0	8
24	8
0	0
0	163
0	4
0	24
0	1
872	23
0	5
28	12
0	0
29	12
54	0
1	3
0	3
0	0
0	0
0	0
0	0
0	0
0	0
0	1
0	1
0	0
2	209
84	205
0	170
0	42
0	0
0	0
0	0
3	0
0	0
2	0
0	70
0	51
447	78
0	78
0	1
339	135
0	7
0	128
3	0
32	41
8	90
19	39
0	2
0	0
0	0
0	0
0	0
3	0
0	2
0	1
0	2
93	399
2	0
1	20
0	138
0	3
0	416
0	3
0	3
21	0
0	3
420	135
0	53
1	53
0	53
0	32
0	72
51	17
0	68
5	32
12	72
0	0
31	0
0	19
0	19
0	14
0	0
14	79
0	11
0	16
0	83
0	3
5	0
0	5
7	0
117	68
0	5
0	5
0	13
30	8
12	0
0	4
0	0
0	0
0	0
0	0
0	4
0	0
1	0
0	10
0	1
0	13
15	9
0	7
6	12
0	8
0	8
3	1
1	0
0	17
0	11
0	14
18	45
3	99
0	105
0	17
240	36
0	14
0	72
0	69
0	66
0	72
0	69
0	72
0	69
5	23
1	0
0	4
0	3
4	0
21	126
0	3
0	22
0	22
0	18
39	0
0	0
0	0
0	2
0	2
3	0
11	33
0	10
0	22
0	1
8	2
0	1
0	2
0	0
5	0
22	3
13	3
12	0
0	150
3	150
0	2
10	36
0	16
12	5
0	0
13	24
1	5
11	34
0	3
0	2
114	0
35	0
11	10
0	3
3	7
2	7
3	0
0	0
1	0
0	128
9	201
0	112
4	0
5	7
159	3
1	1
0	1
43	1
378	88
0	10
0	66
0	1
3	0
0	18
5	26
38	1
1	0
152	16
0	4
0	0
7	84
0	24
75	37
0	14
215	28
21	28
0	5
0	5
0	4
0	3
7	3
0	12
0	17
0	54
0	0
0	0
0	0
63	103
0	103
0	88
0	88
0	90
44	87
0	72
0	69
0	0
274	0
0	0
2	7
9	7
0	42
0	37
0	26
1	14
0	5
0	5
4	5
22	0
0	1
0	1
0	55
0	105
0	50
15	42
0	0
244	11
28	175
64	151
0	155
34	3
35	13
0	12
8	14
7	8
0	8
0	8
0	8
0	8
7	2
3	2
0	2
40	3
29	3
18	0
1	11
0	11
0	9
0	9
0	9
83	97
0	95
10	0
272	92
0	30
0	2
0	2
0	11
0	2
16	1
1	4
0	0
0	13
0	3
1	26
0	0
1	4
0	4
0	0
0	26
3	0
0	0
1	0
15	0
0	0
1	0
0	3
0	3
16	167
0	167
0	127
0	158
0	116
0	113
0	13
0	14
0	93
13	94
0	55
0	120
0	26
45	87
0	15
11	22
5	68
0	4
0	0
0	0
0	0
2	0
0	167
0	143
103	143
7	132
2	135
4	7
0	4
0	7
0	3
46	3
20	76
0	10
13	85
64	0
0	1
21	1
6	63
0	1
0	85
0	3
0	76
0	10
171	0
415	66
0	65
0	34
0	0
0	19
11	38
0	38
0	1
0	19
0	2
0	1
0	19
4	65
0	68
0	26
1	30
0	2
5	0
0	2
0	4
0	1
0	0
11	15
0	18
0	13
0	13
3	32
0	74
0	2
0	82
0	69
0	209
0	8
0	51
105	117
1	7
0	179
0	42
0	1
0	0
6	0
0	109
0	41
0	31
0	36
0	121
0	58
0	61
98	45
0	109
4	39
0	44
125	37
2	17
200	8
0	18
3	21
0	121
559	0
12	3
0	0
0	0
0	0
0	0
0	0
0	19
0	37
0	15
1	1
0	0
0	18
0	0
0	18
0	0
0	0
0	0
4	16
0	7
0	1
4	1
0	2
0	17
39	2
0	2
0	6
3	3
10	6
32	9
18	1
6	2
9	0
16	0
0	1
72	12
0	6
0	7
3	1
23	0
0	6
0	10
0	5
0	5
0	10
0	5
0	4
0	4
0	2
0	10
0	3
0	9
35	9
2	0
56	9
0	4
0	5
0	5
0	4
0	4
1	6
0	7
0	6
1	0
11	24
0	33
0	35
0	27
9	19
0	10
0	21
28	19
0	9
0	0
0	2
25	7
0	7
0	5
0	5
10	0
102	104
0	101
0	128
0	0
9	231
130	39
1	0
0	38
22	16
1	16
0	1
0	10
2	20
62	130
0	14
11	12
10	0
0	123
9	1132
0	1025
201	107
0	176
1	14
0	20
0	1
0	0
0	6
0	0
0	0
0	0
0	0
0	0
0	0
0	0
0	0
0	0
0	0
5	8
0	16
8	16
0	0
0	0
0	0
0	6
0	11
187	20
107	20
0	4
12	108
0	8
0	6
2	6
1	0
0	0
0	0
2	0
27	100
0	92
78	0
182	28
0	15
12	51
113	51
1	28
6	3
0	3
6	22
0	0
0	0
2	0
6	0
76	2
125	2
0	0
4	0
0	0
8	0
385	292
0	72
99	203
0	30
0	261
34	10
12	26
30	7
13	13
0	37
25	50
0	48
1	19
0	1
0	1
10	4
12	3
33	16
0	1
0	1
29	7
12	13
11	13
0	0
0	0
0	0
2	5
0	11
0	11
0	120
12	120
1	3
0	0
863	19
27	0
15	57
1	0
19	19
6	14
5	35
17	48
0	534
19	534
58	528
55	52
0	44
0	5
0	5
0	5
4	23
1	0
0	5
0	5
0	5
0	5
22	20
0	11
0	9
67	44
0	36
0	36
1144	230
2	225
8	0
2	7
8	7
4	1
0	0
1	0
9	48
0	44
1	4
6	0
639	276
0	8
0	7
0	7
0	0
0	0
16	14
0	27
0	84
0	84
24	89
0	1
1	1
0	79
0	79
0	9
1112	74
0	60
89	0
184	276
3	14
43	2
160	1
2	46
58	38
0	29
0	46
0	43
0	44
0	25
0	1
0	0
22	23
0	13
0	10
0	13
0	13
0	8
1	7
0	5
0	8
0	8
0	35
2	2
0	2
1	0
0	0
0	0
0	27
0	35
0	5
0	33
0	33
22	159
91	159
0	1311
0	180
0	71
0	73
0	43
47	1388
0	17
0	7
0	7
13	1
1	16
22	0
13	39
9	2
30	18
0	6
0	16
0	4
2	1
0	0
1	1
0	43
0	15
0	0
4	0
1	29
0	107
0	107
0	12
1	6
2	6
0	0
15	0
0	9
0	61
0	36
0	20
0	29
0	9
0	9
911	0
1	0
0	29
0	9
13	61
8	0
0	3
0	3
12	11
0	11
13	1
0	3
0	119
75	119
0	7
4	6
26	36
0	36
0	25
0	20
161	149
0	19
0	18
0	18
0	18
0	7
0	7
6	124
3	2
27	270
4	93
0	185
0	182
0	142
0	1
2	1
0	0
0	0
0	2
6	141
0	103
143	106
0	13
0	16
4	0
1	4
13	4
103	53
14	0
166	145
0	0
789	172
5	165
4	160
6	69
125	3
43	0
3	1
329	165
0	148
0	9
469	38
104	10
0	9
61	14
0	1
0	0
0	9
3	54
37	24
0	24
0	34
27	0
0	31
1193	34
498	6
389	33
0	221
1071	258
0	258
0	94
0	96
0	11
28	129
0	0
0	0
0	0
2	0
0	8
0	17
0	43
9	5
0	4
3	8
0	0
0	14
0	12
525	22
0	20
0	7
4	7
12	7
3811	6
24	6
25	7
0	108
70	104
0	108
52	108
0	6
2	4
36	4
5	0
0	0
30	177
0	96
0	156
0	172
0	179
54	82
0	140
0	106
11	11
0	32
0	39
0	81
49	49
0	25
0	2
8	37
53	85
0	0
0	0
0	0
0	13
0	0
9	0
8	0
1	0
0	2
1	0
8	4
0	4
20	9
0	9
0	9
0	9
0	9
0	9
0	2
0	2
0	2
0	0
0	2
0	2
0	2
0	0
0	0
27	2
0	2
0	0
0	2
0	0
81	0
303	44
0	3
0	2
0	36
60	0
29	69
0	69
33	8
3	0
56	0
0	0
0	41
44	12
0	0
5	0
129	0
0	42
0	79
1	54
22	2
55	646
0	646
146	63
1	63
1	0
0	0
0	0
0	0
0	0
0	12
0	9
0	9
2	9
0	0
0	11
1	63
146	0
2	52
0	2
0	3
0	3
0	2
0	2
0	2
21	2
0	3
0	1
2	1
0	6
0	0
1	0
10	1
86	117
0	8
0	117
0	62
0	4
0	4
1	4
4	2
0	1
0	1
0	56
4	4
474	6
0	1
0	1
0	1
0	4
0	4
3	4
1	372
8	15
69	67
0	50
0	20
0	20
0	19
0	17
2	42
0	26
5	1
1	1
0	25
27	25
0	1
0	0
0	0
0	11
0	11
9	8
1	0
1	12
0	60
33	103
0	95
0	176
0	2
3	169
10	50
99	56
0	42
185	0
119	15
496	70
141	441
0	9
0	9
0	0
0	0
0	0
0	0
0	499
0	838
0	860
18	44
0	20
1	6
0	8
24	2
0	7
18	39
5	15
0	9
0	21
0	21
0	7
0	7
0	36
0	0
0	0
0	0
0	48
57	11
1	11
4	0
0	4
3	4
5	110
0	110
0	110
59	74
0	0
0	0
0	10
5	10
12	0
11	10
21	10
0	16
6	16
0	0
0	0
0	6
0	0
0	130
0	133
0	97
72	23
1	14
0	5
0	0
0	0
0	1
2	7
81	0
28	0
0	0
0	0
0	0
4	1
0	1
0	10
0	10
0	10
150	2
1	1
5	1
0	162
0	52
0	0
0	52
226	1
0	0
18	20
0	21
0	21
0	0
0	0
0	0
0	0
0	25
22	6
4	3
0	6
0	0
0	0
36	26
713	390
0	0
2	1
24	0
14	0
647	0
49	0
8	0
1	0
0	0
1	0
4	0
0	0
10	0
0	97
87	109
9	147
197	97
299	80
0	0
4	4
3	4
70	0
0	0
47	81
7	80
0	50
4	0
150	1
54	48
14	70
0	9
8	17
0	17
6	6
0	0
0	6
0	0
2	0
1	0
0	6
1	5
0	1
0	0
0	0
4	10
0	10
0	2
0	10
0	0
7	0
20	10
0	10
9	0
262	28
0	0
26	0
25	43
7	27
0	0
0	0
70	25
136	356
43	308
3	206
0	2
5	2
0	2
69	35
0	35
0	28
0	29
0	13
1	4
0	3
39	0
8	0
5	2
33	27
0	27
0	0
0	1
0	1
49	47
0	137
58	137
27	38
0	9
0	4
73	82
11	1
1	178
3	24
0	2
0	76
0	3
0	178
534	207
0	207
252	90
0	28
0	2
0	44
0	68
0	1
133	67
0	78
0	116
69	110
0	4
0	6
38	2
32	121
0	1
0	16
94	8
0	2
0	1
0	0
25	22
0	63
1	33
0	7
5	32
3	0
0	32
0	32
0	64
0	2
0	0
0	2
10	7
0	7
0	7
0	7
0	0
12	7
0	7
0	7
29	41
94	43
2	15
0	131
0	131
3	0
0	2
0	2
23	0
191	99
16	53
4	46
0	1
0	1
7	1
140	0
36	3
6	3
6	3
41	3
39	3
0	0
0	0
0	0
2	0
6	6
248	10
0	3
2	5
0	10
0	7
44	37
3	0
3	0
0	42
127	42
11	42
0	4
79	122
2	0
6	4
0	0
0	0
0	0
3	118
0	0
496	69
0	29
1	1
0	4
0	4
0	1
0	0
0	0
0	0
0	0
0	1
0	0
6	6
1	0
0	0
0	12
73	34
1	34
94	24
0	27
31	110
0	75
0	110
0	0
17	9
1	0
0	2
0	2
1101	5
7	1
14	2
0	0
0	0
0	1
0	846
0	868
19	8
5	8
333	240
0	223
5	77
0	0
7	0
0	4
0	11
54	62
0	45
167	39
0	0
13	39
29	0
0	24
11	24
375	1
0	0
34	1
35	50
114	68
0	34
0	0
0	0
0	5
0	12
0	5
0	12
0	22
0	12
0	0
0	3
0	5
0	0
0	18
0	12
61	6
7	6
2	0
313	24
8	23
0	13
2	12
21	7
3	0
0	21
0	19
1	0
87	0
0	0
7	0
0	0
0	0
0	0
51	0
12	2
0	61
1	61
2	48
0	48
0	48
0	61
2	5
146	5
9	3
0	1
5	1
3	0
110	11
11	6
0	9
0	0
141	40
197	25
0	16
0	0
0	0
6	1
0	4
3	0
39	14
2	14
0	8
3	8
0	25
510	25
313	17
326	24
15	23
22	23
0	18
493	6
13	23
0	3
0	5
0	4
0	4
32	7
0	0
0	0
28	11
0	11
190	26
2	1
0	1
18	27
21	0
0	21
2	67
0	67
1	0
0	6
0	21
0	0
0	50
0	0
0	31
0	5
0	26
1	26
0	1
0	0
0	10
21	10
0	10
0	0
5	0
10	33
0	38
2	9
0	0
1	4
0	4
358	478
2	473
1	181
60	289
0	289
16	66
108	0
1	356
57	358
0	17
0	17
0	0
0	7
43	61
14	43
0	22
9	16
7	16
8	75
0	8
0	8
0	3
3	29
18	9
0	7
0	39
0	28
0	28
0	13
0	12
0	32
11	0
0	5
0	0
1	0
0	0
0	28
0	68
2	68
0	16
0	16
10	5
0	2
0	5
0	2
25	77
1	77
3	0
0	23
0	9
20	61
0	54
24	16
0	5
3	1
0	1
15	1
0	1
0	5
0	5
0	3
0	4
0	1
0	0
0	1
0	1
7	87
27	87
0	87
0	87
0	30
99	2
8	0
0	0
0	8
0	0
2	0
0	0
1	0
0	0
1	0
11	91
0	3
26	6
0	4
0	3
1	18
0	0
1	81
270	24
0	23
0	9
0	6
0	1
9	69
0	69
0	6
0	0
5	1
0	0
1	0
0	0
0	0
41	0
0	6
0	6
88	179
0	13
5	5
0	157
9	0
0	92
86	9
22	9
123	192
0	192
0	110
0	81
2	0
33	2
2	1
0	2
0	16
2	0
0	1
0	1
0	0
0	30
13	30
182	0
0	21
0	16
0	16
5	0
19	8
0	1
4	1
0	7
0	1
1	1
0	85
82	0
0	523
0	523
1	2
0	86
0	30
56	25
0	101
0	127
174	124
0	0
0	55
47	37
0	37
626	161
2	161
29	0
1	0
9	51
0	49
0	42
0	49
0	17
194	87
0	87
0	16
0	14
0	13
0	0
0	10
0	0
0	0
0	0
0	0
0	0
18	38
3	2
0	10
0	0
0	41
14	60
25	3
150	196
0	186
220	335
2	26
0	189
0	2
0	224
12	224
0	46
15	0
30	10
103	10
1	0
1	0
11	0
0	0
0	23
0	6
37	623
0	623
17	66
20	445
0	6
1	14
0	14
4	14
8	2
0	12
8	3
17	24
0	17
36	17
11	45
0	28
0	0
0	3
0	0
0	0
13	55
0	55
0	4
0	0
0	0
315	602
0	19
6	579
2	0
370	409
0	382
0	402
0	612
35	612
0	247
335	423
69	451
0	0
16	11
1	9
0	6
0	2
0	23
12	52
0	2
3	2
10	1
0	24
0	2
0	2
3	164
0	68
0	1
1	164
0	52
0	41
2	60
0	136
0	24
0	51
0	48
0	59
0	48
0	135
0	135
0	134
0	135
0	135
0	44
0	67
0	61
1	1
6	1
6	123
35	167
189	167
12	83
0	44
9	44
89	6
27	23
254	47
0	63
1	66
0	13
39	54
8	57
0	35
1	35
0	182
10	13
4	13
0	0
0	13
1	13
0	0
0	0
0	1
0	13
0	182
0	182
0	13
4	0
0	0
0	0
0	27
5	0
0	0
0	27
0	14
5	12
0	8
8	2
0	1
0	18
0	14
10	1
0	1
49	216
0	216
1	4
2	4
1	3
0	0
0	0
0	7
0	23
17	24
0	19
0	19
4	0
3	0
1	0
0	0
0	18
0	17
0	0
3	15
0	0
0	15
18	0
110	0
40	40
0	42
0	7
0	5
2	1
0	7
0	3
1	68
0	68
0	5
0	0
0	0
0	0
0	0
0	204
0	204
189	31
3	12
25	39
0	7
74	27
0	14
0	18
0	14
0	6
7	8
0	6
594	61
0	22
0	54
0	2
256	33
100	33
0	30
9	99
1	99
0	99
0	15
0	0
0	77
22	1
0	1
36	58
0	61
0	49
0	58
8	38
0	37
0	43
0	55
7	55
0	40
0	43
2	33
7	0
0	10
0	5
0	5
302	229
0	148
0	73
74	168
0	135
0	50
540	100
0	116
4	16
0	212
6	212
37	22
0	16
0	16
0	15
0	1
0	5
1	4
0	9
61	11
94	5
22	92
122	7
0	7
0	7
8	91
8	78
17	0
1	30
0	30
0	30
1	30
8	30
0	27
0	26
0	20
0	13
0	6
0	6
0	0
0	0
0	0
0	0
0	1
0	77
0	55
0	38
1	13
1	24
0	4
5	7
0	9
0	0
0	13
0	183
0	209
0	39
0	3
8	0
47	3
4	0
0	50
0	1
235	128
43	113
14	76
1	4
31	5
0	50
12	189
0	189
0	107
0	107
0	67
2	0
0	52
0	76
0	57
0	76
9	62
0	53
0	57
0	16
0	0
27	31
1	25
0	20
0	21
0	16
0	1
0	2
132	37
0	37
0	3
0	3
0	3
15	0
0	0
0	0
2	0
0	21
0	2
0	1
3	8
0	0
50	40
45	25
0	47
18	42
23	36
95	6
0	0
0	0
1	6
0	3
0	83
0	910
0	910
0	80
7	17
5	17
0	16
2	0
0	7
0	6
0	7
135	0
1	0
0	577
0	578
1	8
102	8
27	115
0	88
270	105
1718	256
0	236
0	16
0	5
0	6
0	2
27	7
8	8
0	5
4	1
0	0
0	2
0	14
0	14
3	1
5	0
4	0
0	33
0	17
0	33
0	16
0	0
2	2
197	0
51	44
0	28
0	24
0	0
21	11
0	12
0	15
1	1
0	5
1	3
12	6
0	0
1	0
9	1
410	3
0	43
0	1
0	2
0	2
0	1
0	2
0	22
107	22
51	11
40	11
252	0
0	0
0	0
0	125
0	125
0	1
11	0
12	2
0	2
4	0
10	5
0	5
13	28
1	26
1	25
5	23
5	19
59	188
0	1
0	0
6	0
0	194
0	199
2	1
0	0
8	1
0	30
0	32
0	30
0	28
0	30
0	32
0	17
44	2
35	42
0	51
0	20
2	2
0	22
0	0
13	42
25	13
14	4
0	63
0	31
0	86
0	26
0	13
0	0
0	1
0	0
0	1
0	1
0	1
0	1
0	0
0	6
15	6
0	61
13	17
6	12
0	0
0	5
5	0
1	0
0	0
3	641
24	641
0	10
0	39
0	51
19	51
33	5
0	2
93	4
0	1
95	59
162	0
239	0
0	3
0	3
4	3
0	3
0	3
0	0
10	6
0	3
1	0
0	1
0	1
1	3
0	3
0	2
0	2
1	0
0	2
0	1
7	12
74	0
0	0
0	0
0	0
1	0
1	0
0	0
0	0
0	0
0	0
0	0
0	0
0	0
0	0
0	7
8	65
0	9
40	33
66	65
0	1
8	17
0	0
0	0
0	16
12	0
35	26
106	27
45	33
0	26
6	1
0	23
0	23
0	29
2	23
7	18
0	18
0	16
0	2
1	20
0	7
22	5
0	23
0	3
0	3
4	0
0	0
0	0
2	0
0	0
5	26
0	23
0	21
1	3
6	1
2	232
0	5
0	232
22	24
7	235
0	1
9	7
0	7
0	1
0	12
4	11
5	0
8	53
0	40
0	45
0	52
0	36
0	3
0	3
0	0
0	10
14	4
0	4
13	166
148	83
0	416
0	569
37	338
0	122
0	18
0	132
0	79
13	157
4	89
0	0
0	0
118	14
3	14
14	13
26	32
0	14
0	2
0	1
17	0
0	32
0	1
1	1
9	10
0	15
0	4
0	2
0	14
0	166
0	165
0	165
0	166
0	154
0	4
883	0
43	0
0	0
0	0
19	0
0	0
9	0
0	0
77	2
0	0
5	33
9	33
3	3
0	3
9	24
200	53
62	28
0	24
0	1
0	53
6	22
0	141
222	10
0	14
0	21
0	20
0	20
0	17
0	16
0	4
0	0
4	0
0	5
0	5
0	5
77	0
0	0
5	0
0	141
2	29
52	35
2	21
1	16
31	21
8	20
4	6
2	5
2	3
0	9
6	4
8	14
0	14
6	15
0	30
0	31
0	13
61	92
0	78
0	69
0	30
0	3
0	8
0	8
3	2
0	5
8	11
0	11
0	2
28	11
0	10
9	10
39	240
0	15
31	196
0	140
0	176
12	115
0	66
0	25
0	25
8	29
56	1
0	11
1	0
0	11
1	0
0	25
0	23
0	25
0	23
0	19
6	7
0	16
1	9
9	14
95	6
28	6
1	1
0	32
0	32
0	227
0	229
1214	449
63	227
0	33
1	0
0	268
0	268
0	42
0	42
0	20
1	2
0	2
0	19
0	0
0	0
0	8
0	0
0	0
1	0
0	19
0	5
0	5
0	0
0	0
0	3
78	1
3706	0
0	28
0	28
11	28
0	25
0	4
0	6
0	11
13	18
0	11
0	12
524	948
49	948
244	44
12	44
245	45
16	18
9	42
0	6
0	0
0	5
9	5
9	9
0	30
24	30
1	45
317	68
0	68
0	14
0	68
587	0
1	0
0	0
14	8
4	8
20	15
12	19
0	1
3	3
7	0
158	0
21	5
0	3
0	0
7	10
3	5
0	3
1	5
1	5
0	3
0	3
0	3
0	4
0	29
0	29
0	29
2	28
0	22
93	6
0	6
2	0
208	6
39	6
0	0
68	0
1	22
0	7
14	40
0	3
0	3
0	4
0	1
0	0
13	37
0	0
76	0
22	136
6	115
0	5
28	5
18	1
1	0
10	7
14	4
0	3
0	6
0	3
0	1
0	6
0	3
336	18
0	4
0	14
192	38
0	38
0	38
11	0
1	0
0	34
0	34
0	24
3	30
412	275
0	47
7	75
0	30
84	275
14	81
25	0
0	26
0	13
1	14
0	108
0	47
69	31
0	9
0	1051
24	1079
0	178
0	178
9	5
0	5
6	0
0	84
0	78
0	78
0	84
0	84
0	9
17	0
0	14
12	14
0	14
0	5
0	1
0	1
5	1
0	1
0	1
0	1
2	0
11	0
58	254
1	40
6	40
0	214
0	1
6	1
0	1
0	0
1	0
1	0
0	0
13	24
284	39
29	3
56	21
0	21
0	2
36	8
1	8
15	6
0	1
8	4
0	1
11	1
0	25
0	25
19	25
32	27
15	37
22	0
0	18
18	3
0	3
0	4
0	0
0	6
0	1
0	3
0	8
0	8
0	30
0	10
0	1
0	6
0	8
90	25
0	1
56	8
0	2
0	8
0	4
0	4
5	3
0	43
35	19
0	283
0	38
0	44
860	254
0	0
16	0
0	1
17	22
152	2
3	1
0	0
34	0
0	15
0	15
0	15
0	1
0	0
29	12
0	76
0	12
0	83
0	0
0	0
0	0
0	0
0	6
0	46
7	5
0	5
67	421
0	2
0	4
0	420
0	0
2	264
91	415
1	0
2	381
0	34
6	45
35	34
0	17
2	19
0	3
0	32
19	0
0	3
0	57
0	57
0	4
0	4
0	70
0	97
0	96
0	92
0	54
0	0
3	22
0	40
75	110
25	28
0	20
0	1
6	1
2	15
18	328
0	14
55	2
2	2
0	1
0	0
1	1
0	2
7	7
0	21
0	41
41	41
0	3
0	0
0	16
4	0
0	1
0	17
0	17
18	0
1382	549
0	557
36	148
0	79
0	3
0	3
0	9
0	11
0	0
0	3
27	9
1	488
0	94
0	48
0	13
0	355
0	450
18	103
0	8
0	130
0	0
0	128
196	36
41	76
0	100
0	91
8	9
2	42
0	488
0	5
1	9
0	9
0	5
0	1
13	4
0	40
0	34
33	54
97	160
29	159
8	153
1	154
0	50
16	0
180	15
17	4
2	2
0	2
4	2
0	2
0	2
0	2
0	2
0	2
0	2
0	3
0	3
17	8
0	14
0	35
0	2
0	26
0	31
6	22
8	3
2	0
275	0
7	157
60	25
1	71
65	351
3	305
0	46
0	0
2	0
0	4
13	24
23	80
0	4
9	8
21	2
246	6
34	4
17	0
24	0
48	0
63	47
0	106
0	68
406	17
0	410
0	409
0	57
1172	25
0	25
0	14
1	1
1	2
330	2
0	0
26	2
0	1
0	1
0	0
0	0
0	0
0	0
0	0
0	0
0	0
0	1
0	0
0	25
12	8
0	1
0	6
0	47
7	1
0	2
13	48
0	4
0	4
0	2
614	55
0	59
0	9
0	1
0	1
0	1
8	1
0	2
0	3
0	0
0	69
0	1
210	68
0	48
265	177
0	196
495	192
0	74
0	348
0	346
0	326
0	320
7	1
1	0
0	8
0	14
0	8
0	21
0	8
1	19
5	19
3	5
8	13
0	17
0	14
6	10
18	0
29	116
29	132
0	14
0	132
973	11
22	11
110	277
13	277
0	24
15	55
0	5
0	3
6	3
20	3
5	2
0	2
0	33
0	2
0	0
72	21
75	0
0	53
0	183
0	605
0	0
8	4
1	0
0	1
0	4
0	108
0	181
100	0
16	87
58	21
3	68
0	18
39	0
153	7
0	7
0	3
91	137
0	137
0	82
8	79
3	1
25	10
0	6
46	2
153	205
0	121
56	135
34	132
0	19
0	19
0	16
70	52
0	11
16	31
29	45
0	15
0	0
351	915
0	915
11	0
169	9
47	34
0	0
0	2
9	2
0	0
459	117
16	63
34	59
4	6
0	4
17	49
1	0
265	0
0	9
0	9
42	6
17	0
272	18
0	16
107	45
32	33
0	26
0	7
0	22
0	22
0	22
0	1
0	23
16	0
0	0
6	33
0	33
0	0
0	6
0	4
0	4
0	6
0	2
3	5
4	1
0	1
0	0
0	0
0	0
0	0
0	1
0	14
0	3
0	0
0	11
0	11
0	14
17	0
0	7
6	16
0	6
0	6
0	6
1	15
0	6
0	1
0	1
0	0
0	1
0	2
4	0
0	2
0	2
172	6
1	6
0	620
633	637
42	26
12	3
2	125
55	194
0	93
233	31
11	21
1	9
0	9
0	2
0	2
415	124
0	93
2	369
0	369
6	371
0	1
0	2
0	381
0	164
17	311
0	198
0	166
0	198
0	296
0	1
0	1
0	47
0	0
0	0
0	123
0	381
4	886
0	901
0	741
23	11
216	16
0	20
0	20
16	15
18	247
0	46
0	72
0	73
0	247
66	48
0	55
0	0
0	7
0	3
0	0
0	0
29	3
0	1
0	0
0	1
0	0
0	1
0	1
0	0
0	1
0	1
0	0
0	1
0	8
13	98
0	93
0	81
20	31
0	16
1	20
0	98
444	39
122	11
0	6
1	6
1	0
0	2
30	7
0	31
11	9
0	8
0	2
4	2
0	6
0	2
0	9
0	4
0	3
0	25
0	0
0	1
0	0
4	92
0	63
28	35
22	40
0	0
0	1
0	2
1	0
20	41
24	40
46	34
0	26
28	50
0	52
11	52
11	13
0	13
0	0
9	0
0	0
1	0
0	0
0	0
0	6
3	33
0	39
0	33
0	0
1	6
0	0
0	0
91	43
0	43
50	284
0	32
0	283
826	842
24	586
0	195
0	60
0	90
0	2
0	11
4	2
0	4
13	6
11	13
0	91
532	91
26	50
220	52
0	51
0	38
1	56
899	54
0	50
0	50
0	53
0	47
0	36
0	43
0	39
75	0
5	99
0	99
9	22
0	34
517	593
1	14
21	1
30	10
0	10
0	10
0	10
0	0
11	4
21	0
0	4
1	11
0	11
0	6
0	6
0	67
0	75
0	88
0	87
0	88
0	88
0	89
0	102
0	23
0	23
0	8
210	168
0	7
0	0
2	3
1	13
0	8
3	13
62	36
0	15
0	31
0	0
0	5
7	116
0	13
147	13
0	0
5	10
30	56
0	0
678	550
3	225
45	2
1	546
0	0
0	0
0	22
987	0
140	405
0	38
0	368
0	395
0	264
33	1
53	17
1	24
18	0
0	15
0	15
9	65
7	15
0	11
0	18
3	31
0	20
8	0
0	15
0	0
2	0
118	0
0	85
0	0
0	85
2	21
2	21
0	1
0	3
1	3
1	0
0	3
0	16
138	0
13	17
17	30
0	0
57	2
85	9
1	8
0	2
0	29
5	2
8	2
0	2
0	24
0	24
0	24
0	23
0	23
0	23
0	23
0	20
10	14
0	48
0	40
2	6
4	23
0	23
0	0
0	3
0	0
0	2
0	0
7	29
414	33
0	33
0	8
0	33
2	7
0	18
0	1
1	0
0	0
62	10
0	10
0	9
0	0
0	12
0	6
0	1
0	0
0	0
0	52
0	56
0	233
6	0
0	1
0	1
2	0
0	8
0	4
0	140
6	137
0	6
1	1
0	2
17	0
9	13
0	17
0	17
6	0
23	0
0	0
48	0
0	0
0	9
0	9
141	6
0	1
0	5
8	0
8	20
4	131
0	105
0	33
0	9
0	6
0	2
105	58
0	2
1	0
0	0
10	0
0	56
0	6
662	25
0	12
0	1
0	12
0	19
0	21
29	16
0	0
16	2
0	26
0	190
101	99
0	84
0	80
10	94
0	191
169	2
7	15
0	1
6	0
0	4
0	2
3	4
54	104
0	83
0	26
0	26
0	21
0	0
3	0
0	0
9	8
0	6
0	6
0	0
0	0
2	0
665	0
0	21
3	21
0	21
0	21
1	0
2	121
0	0
0	121
308	64
35	71
7	8
0	117
46	4
0	0
0	0
5	4
0	0
58	0
0	25
0	25
11	1
0	0
0	1
0	1
0	1
0	1
67	256
0	196
0	0
0	13
0	11
27	267
18	244
123	190
0	15
0	15
593	85
7	2
39	2
86	496
0	444
9	439
287	312
0	318
0	14
1	0
0	0
0	0
0	41
5	160
0	0
0	1
0	11
0	1
0	0
0	160
0	0
0	3
0	3
0	5
0	1
61	23
0	3
6	203
0	195
0	136
333	147
15	124
159	21
276	1
0	69
0	203
170	16
0	12
2	16
4	13
61	47
6	10
0	14
8	1
7	6
5	36
144	17
5	9
30	2
0	8
330	77
0	77
0	32
0	9
18	0
8	13
0	0
0	13
9	652
0	158
0	96
0	106
12	136
0	132
0	19
1298	105
8	4
0	5
0	75
3	0
3	75
2	318
0	5
564	185
25	137
0	1
0	0
0	0
0	0
0	1
0	700
113	700
171	767
2	0
24	36
0	32
19	147
0	147
1	134
0	10
0	15
0	18
54	31
1	25
0	0
5	0
2	4
0	1
19	688
8	688
0	78
0	70
7	213
0	15
11	433
31	29
0	407
0	0
0	73
0	255
0	153
0	1
14	16
0	6
6	1
10	0
2	0
0	7
0	0
0	10
4	6
0	0
0	1
13	1
0	6
24	16
0	6
0	2
0	15
0	24
38	14
0	3
0	25
0	11
0	11
0	1
0	6
0	1
42	122
0	63
0	0
0	2
0	14
0	65
0	85
0	85
87	72
0	82
0	31
0	31
0	40
0	21
2	0
0	0
0	4
3	3
0	3
0	3
35	26
3	0
0	7
0	26
312	45
2	2
8	0
1	4
0	4
35	5
0	5
4	26
2	34
186	78
0	78
0	61
6	52
431	49
0	0
6	0
0	0
2	3
0	3
16	3
48	3
0	3
10	3
0	0
75	3
0	3
2	3
99	80
0	3
21	56
0	63
20	39
2	39
32	8
0	0
1	11
13	37
80	172
3518	893
0	113
14	177
42	136
38	139
1045	146
7	10
9	16
0	18
22	124
0	18
33	3
25	22
169	17
0	18
4	62
0	61
0	0
0	0
9	0
1	58
9	0
39	64
39	71
0	64
29	55
7	39
310	63
0	46
0	63
55	26
0	4
5	3
3	4
12	0
13	0
11	221
54	218
2	85
0	11
11	16
19	1
12	72
0	11
1	17
0	22
0	22
0	3
1	0
0	2
1	10
0	9
2	3
0	0
0	0
0	0
0	104
94	248
0	190
58	175
1	112
9	19
0	17
0	248
0	154
0	14
0	3
0	14
0	37
0	37
1	37
0	11
2	0
2	44
0	44
12	9
0	9
3	48
0	48
5	0
0	12
0	1
0	1
0	11
0	1
2	2
0	1767
0	1777
3	1851
0	1760
2955	1370
0	1729
0	1704
0	1353
0	1683
0	1434
0	1446
0	1667
112	1128
3503	1013
0	100
0	121
18	132
14	237
0	28
583	118
15	0
28	0
103	19
0	18
0	8
39	70
0	59
14	11
3	8
0	8
0	0
8	0
34	67
0	75
1	6
0	17
6	27
0	3
28	12
0	3
32	58
89	121
3	32
0	25
0	96
19	12
0	0
2	12
0	0
0	0
13	3
0	3
34	0
0	0
2	0
0	0
0	0
0	18
0	10
0	2
0	2
0	128
0	0
0	126
0	10
4	126
18	96
42	394
18	382
1	58
16	377
0	27
42	5
0	11
10	22
2	0
3	6
3	0
0	79
2	77
37	84
11	5
0	0
0	5
12	1
0	97
8	89
0	76
97	642
35	30
0	12
12	44
23	41
0	3
26	621
0	13
7	13
0	0
0	10
0	1
28	10
0	1
15	1
7	4
0	55
0	0
0	28
0	28
11	7
93	30
0	38
148	2
6	14
0	2
9	1
0	15
213	15
0	0
5	0
28	0
10	0
20	4
30	18
0	50
0	50
0	50
0	50
0	50
0	50
0	50
0	50
0	48
0	48
0	47
0	47
0	49
0	50
134	89
1	50
0	50
0	48
0	13
0	13
1	13
0	10
0	1
31	0
0	0
0	65
0	13
9	80
0	6
0	66
22	6
17	41
0	71
11	29
3	0
0	11
2	4
0	7
0	0
0	33
0	36
12	24
71	0
64	27
0	13
0	29
0	36
0	431
23	70
0	330
0	10
2	0
6	3
0	429
0	0
360	25
12	24
14	9
0	11
0	11
0	0
0	0
0	11
2	0
9	26
0	1
0	16
3	36
0	11
0	31
0	8
3	8
0	28
0	28
0	4
88	0
25	85
430	29
2	2
0	13
0	4
55	0
0	22
1	22
0	6
0	6
0	2
86	20
3	0
0	0
9	272
0	0
0	0
0	250
0	218
0	71
22	63
0	46
0	0
0	272
24	81
58	82
0	3
0	52
0	0
22	0
44	20
0	62
7	20
0	94
314	177
21	61
30	155
1165	0
0	21
0	21
1	2
0	17
0	17
0	6
1	3
8	16
11	0
0	4
0	0
0	0
0	4
0	35
0	21
4	1
0	0
0	8
0	35
0	96
0	101
0	5
16	0
7	5
0	5
0	4
2	0
9	0
0	2
11	5
1	0
180	0
0	5
0	5
0	5
0	2
0	1
0	2
0	2
3	0
7	17
1	10
0	0
0	0
0	0
0	1
0	1
1	0
0	0
0	0
0	0
0	0
202	1
1	9
5	8
0	0
6	0
0	16
0	13
0	16
3	6
0	3
11	6
0	2
0	5
0	6
1	0
0	3
0	13
0	8
1	8
0	6
28	1
0	2
0	36
0	36
0	51
0	57
0	65
0	57
12	65
0	1
0	21
0	0
0	0
0	35
2	27
4	27
15	0
3	8
0	5
7	0
28	52
0	50
0	0
2	6
0	31
172	48
0	37
0	16
0	30
0	33
42	0
61	54
0	55
0	55
0	55
0	51
229	46
0	40
0	46
1	14
63	10
8	0
7	19
0	19
44	100
0	1
0	1
32	71
7	7
265	28
0	28
2	0
45	1
0	0
0	0
3	5
1	0
41	5
228	2
12	7
0	7
1	3
9	0
0	3
1052	0
4	43
55	35
1	18
28	11
30	0
0	0
3	3
0	0
0	3
0	3
0	1
0	1
0	3
0	413
0	413
1	295
0	352
6	0
0	3
0	3
0	0
1	3
3	0
0	0
0	0
0	0
0	2
0	1
0	1
0	0
61	15
0	8
0	98
0	124
0	15
0	95
0	0
14	26
0	124
15	121
25	121
0	0
3	8
0	8
0	0
0	0
0	2
0	3
15	0
2	3
0	0
0	0
0	2
0	65
10	19
92	10
0	13
0	27
0	27
0	27
0	18
0	0
4	0
1	0
1	0
0	7
0	7
1	0
0	65
22	78
0	23
16	26
0	13
1	14
0	1
12	12
0	2
0	15
0	10
0	15
0	12
0	12
0	0
0	1
23	1
5	1
2	3
0	4
1	9
0	8
0	0
0	87
0	1
0	3
0	29
1	38
0	22
0	100
51	121
0	23
0	5
1	5
0	2
0	0
0	0
0	0
0	0
0	0
0	0
10	0
39	6
0	5
4	1
0	7
17	7
5	1
14	3
0	3
0	131
0	16
0	131
0	16
0	0
6	1
0	1
0	34
0	0
0	1
0	0
6	1
2	15
69	198
1	219
0	208
0	189
5	55
37	109
2	0
0	0
0	25
0	25
0	22
41	206
34	34
0	19
0	206
1	0
1235	8
0	8
100	37
0	2
2	35
2	20
0	15
0	15
0	10
0	50
14	28
0	20
0	2
0	2
0	49
60	73
0	73
7	9
17	270
42	270
43	130
471	51
0	21
0	0
0	0
105	70
484	49
20	49
53	68
0	68
0	7
12	7
1	195
0	193
41	13
3	8
4	0
0	38
24	1471
0	13
93	19
1	19
0	3
0	0
0	1
1	0
0	191
0	281
37	281
0	123
1	44
9	130
0	5
0	88
0	9
0	125
3	6
7	21
0	4
1	549
0	195
0	194
7	1007
3	0
5	1006
55	19
11	16
0	33
0	2
35	3
0	3
6	11
0	0
0	0
54	0
10	1
21	4
0	3
13	23
0	18
8	5
20	7
0	0
12	22
0	0
0	3
0	9
1	1
58	134
5	130
0	9
0	2
0	0
0	2
26	19
0	3
0	27
0	2
0	2
0	2
0	0
0	0
1	1
64	28
0	8
129	32
0	19
9	0
7	1
29	14
5	11
0	70
0	70
0	25
0	7
0	8
0	5
0	5
0	3
0	25
0	22
259	253
10	253
117	193
0	1
0	2
0	2
0	4
0	4
0	0
19	40
0	10
17	69
0	1
4	69
65	56
37	51
11	51
0	3
0	25
0	0
0	0
0	1
0	2
0	17
12	13
0	73
0	10
0	80
219	137
13	21
0	138
16	0
110	29
18	17
0	61
65	77
0	28
0	21
0	18
8	21
0	18
0	3
0	2
1	13
0	42
18	42
0	27
0	1
0	1
0	9
8	24
342	21
0	14
0	0
13	10
0	12
16	273
8	6
1	4
0	33
31	268
4	14
0	14
35	0
0	14
1	0
4	0
40	23
7	13
44	10
0	4
38	20
0	4
0	3
7	1
1	4
4	0
0	4
7	8
0	4
3	0
0	0
0	0
0	1
0	1
0	0
47	41
0	0
0	12
0	12
0	28
0	11
0	11
0	12
0	41
0	0
14	21
0	0
7	16
0	1
2	0
0	0
1	1
0	1
0	73
26	73
544	0
26	0
36	438
0	370
6	226
0	0
41	425
0	46
0	68
30	54
0	34
5	25
35	87
123	74
0	160
0	160
0	0
0	74
0	44
38	60
0	31
0	2
2	21
2	2
0	69
0	74
0	69
0	14
22	0
13	22
0	22
2	19
0	1
1	1
0	1
0	6
78	140
0	140
12	100
7	41
2	0
7	0
0	0
0	0
0	0
0	0
781	98
0	1
0	1
0	14
0	69
0	64
4	91
3	2
0	0
0	1
0	15
3	11
3	3
0	6
0	6
0	0
539	111
0	52
0	28
0	28
0	28
0	29
0	31
0	31
0	28
0	28
0	28
0	26
0	26
0	26
0	26
0	26
0	26
0	25
10	0
1	0
8	79
1	0
1	2
4	153
23	153
0	0
10	5
0	1
0	28
0	28
50	55
1	1
0	55
29	56
9	56
10	56
0	37
0	21
0	1
28	57
52	286
393	766
0	750
36	100
38	5
3	0
2	0
1	0
1	24
0	13
0	24
0	365
0	415
0	306
0	269
6	194
0	34
0	0
0	189
0	2
0	189
0	187
2	44
0	44
34	1
36	21
0	16
15	16
0	165
74	170
10	96
56	71
0	1
15	1
5	0
102	211
0	212
0	113
1	58
0	35
40	22
0	9
0	16
59	13
24	6
6	0
0	0
0	2
64	2
228	0
26	0
79	925
0	930
0	256
0	930
0	416
0	414
0	384
0	66
0	411
0	25
0	320
0	5
0	7
0	11
0	5
100	28
3	25
1	21
0	0
0	0
0	3
23	3
31	7
1	6
1	1
31	0
0	0
20	17
0	6
0	17
0	50
78	91
0	55
2	2
0	2
0	16
3	12
0	8
0	12
0	11
13	0
0	11
0	7
0	28
0	0
2	1
0	11
0	32
6	7
0	7
0	0
1	3
1	0
0	0
0	0
0	0
0	3
0	0
0	0
6	0
400	71
0	4
3	42
0	2
0	0
0	40
14	54
0	40
4	4
207	4
3	0
53	0
4	8
79	6
2	0
133	250
776	248
0	209
8	123
0	41
0	1
6	1
98	153
0	4
23	42
0	5
3	0
0	42
2	87
0	24
0	22
5	0
0	2
0	2
12	2
1	2
0	88
0	84
2	87
0	27
0	16
0	5
0	1
0	1
21	0
0	0
0	205
3	96
252	264
13	3
1	17
0	0
0	3
272	54
7	16
11	50
9	29
0	11
0	12
2	0
14	0
0	1
0	33
2	6
0	1
0	7
0	1
0	1
1	38
3	12
0	8
0	5
1	3
0	4
2	45
0	45
0	7
0	0
0	14
0	14
13	9
0	9
0	27
0	8
0	26
42	0
0	16
0	16
0	4
2	0
0	1
36	3
0	3
0	3
12	18
0	18
0	14
0	36
0	38
0	0
0	2
0	5
0	1
1	1
45	1
0	14
4	9
4	57
7	9
308	158
0	158
8	23
1	9
1144	38
2	29
0	0
0	9
118	0
0	10
4	10
29	27
1	27
0	13
2	25
14	414
0	414
0	403
7	41
0	0
7	0
1	43
0	20
0	20
0	3
0	1
0	20
0	3
15	28
61	0
14	4
0	9
0	35
0	24
0	24
5	22
0	0
2	11
3	0
1030	124
0	3
3	1
52	14
4	42
5	116
0	116
0	2
0	2
78	1177
0	1177
0	33
9	5
0	4
3	3
0	0
0	4
0	4
0	0
0	3
0	3
0	0
20	2
64	0
0	4
0	3
2348	376
19	376
0	1
0	1
3	1
0	2
0	3
0	0
0	10
0	0
9	10
5	0
0	0
0	0
0	0
0	0
5	0
12	53
16	11
0	58
0	6
72	6
77	58
0	49
0	0
0	2
0	2
3	0
4	0
16	58
7	6
1	6
112	92
10	90
0	81
0	81
0	57
0	51
2	43
0	40
12	30
0	0
0	16
0	1
0	0
0	0
0	0
0	4
0	5
0	0
0	0
0	3
0	0
0	0
0	0
9	7
24	30
4	30
0	77
7	77
44	49
0	14
16	14
10	15
21	16
30	82
50	177
119	130
107	110
0	44
0	0
6	16
0	14
4	10
0	2
0	1
7	0
12	16
0	0
0	8
0	8
0	0
0	0
5	1
7	0
1	51
40	157
48	80
0	33
18	6
13	54
0	0
0	21
0	17
63	157
0	51
53	75
0	66
0	5
10	3
0	3
0	9
0	2
15	0
0	0
13	66
4	108
5	1
0	38
1	3
0	0
0	38
3	10
0	38
13	0
13	49
7	49
15	49
4	29
0	11
7	0
0	0
12	0
0	15
29	38
0	47
9	42
7	16
4515	133
8	131
248	105
3	2
2	0
153	0
0	0
7	1
29	2
0	4
0	18
2	18
0	14
0	14
0	35
0	22
0	3
0	16
0	3
291	808
3	5
0	52
0	9
15	0
13	80
0	47
0	5
17	0
0	704
0	82
12	47
55	36
39	113
1	35
0	27
0	22
0	17
9	4
0	2
4	1
0	0
1	0
7	1
0	0
746	82
0	144
0	707
1	707
0	0
1	12
0	2
6	36
370	36
5	2
10	212
0	405
5	251
0	0
0	0
0	0
0	3
0	1
0	0
0	44
0	46
0	46
6	46
0	44
5	44
0	36
0	35
0	0
0	5
0	2
0	40
1019	16
26	29
0	15
156	25
2	1
17	83
0	82
9	0
0	12
1093	589
0	589
109	16
0	16
0	0
0	0
1048	7
0	3
44	3
11	0
2	71
0	6
3	135
0	77
307	110
0	29
0	55
0	3
0	156
6	31
0	31
0	0
0	30
164	77
0	71
0	37
9	37
0	8
4	0
9	0
0	0
3	0
0	0
0	0
0	4
23	0
0	4
151	42
34	213
0	48
7	165
84	0
1	5
6	5
916	93
0	15
0	36
0	18
0	18
97	13
0	0
0	0
1	0
0	0
0	0
0	0
0	17
17	39
21	17
0	8
50	66
363	57
3	66
0	4
53	31
0	31
0	4
0	4
26	15
2	5
0	5
0	7
0	7
0	7
3	7
0	7
0	7
40	13
0	7
0	8
6	2
162	11
0	86
28	86
0	22
4	0
0	0
0	1
0	1
0	1
2	0
0	0
0	86
0	0
0	0
0	0
0	59
0	14
0	11
2	9
0	56
85	89
16	0
9	0
377	2
55	2
126	40
48	40
6	1
0	0
2	29
179	249
0	269
178	14
0	34
0	31
9	0
1	0
255	175
0	47
6	64
0	87
4	0
0	0
0	10
14	6
0	1
7	180
0	180
0	1
282	33
0	33
0	0
8	0
0	0
20	0
0	0
84	93
0	35
0	35
0	28
2	28
322	3
0	0
0	3
0	28
9	28
284	47
181	34
3	41
0	25
0	56
3	16
0	0
1	0
11	89
0	40
171	41
0	21
0	7
0	1
0	21
6	2
0	13
0	2
0	0
0	41
0	13
0	12
2	12
192	22
3	5
0	15
0	13
5	7
0	0
0	0
4	0
0	0
0	0
0	103
0	23
0	3
0	0
6	3
0	1
19	85
1937	1
99	121
1	121
37	52
12	53
68	53
11	0
303	272
4	521
0	293
0	236
307	178
0	186
0	199
0	55
0	9
0	29
0	28
11	0
9	36
17	188
19	155
0	116
16	116
2	0
24	5
10	1
0	15
0	16
0	65
0	13
18	8
0	4
0	8
0	8
0	0
7	0
0	0
0	26
22	240
0	13
0	16
0	4
0	7
0	7
0	21
0	7
0	13
9	0
0	25
39	91
0	12
4	87
40	85
0	63
0	16
0	12
2	0
5	1
0	1
0	2
1209	0
1239	247
81	53
9	8
17	197
19	0
1	0
236	0
50	12
58	12
0	0
43	12
39	3
6	3
330	2
0	13
0	15
0	17
36	17
9	25
0	25
5	6
0	6
0	15
0	10
35	100
9	31
5	42
0	70
4	0
5	0
2	0
14	0
0	0
1	0
1	0
0	8
24	10
0	10
7	0
0	0
2	0
4	11
16	11
0	2
0	5
4	1
0	3
42	0
73	159
0	159
2	6
0	141
0	137
7	7
0	7
0	7
44	197
0	4
0	0
8	193
1	63
9	65
0	48
0	48
0	48
0	48
17	0
0	0
10	11
0	10
0	1
7	12
0	9
0	7
0	31
0	31
0	31
0	31
0	0
0	0
0	0
0	0
0	0
0	0
548	0
72	744
0	744
0	18
0	1
4	0
0	0
936	36
0	4
0	26
0	11
32	16
0	13
0	2
0	5
2	2
0	2
0	2
0	2
1	2
0	2
1	8
0	3
0	0
1	0
5	61
11	11
0	26
0	18
0	1
0	26
0	21
0	26
0	3
0	17
0	3
67	17
0	3
0	0
9	0
0	1
0	1
54	0
47	0
2	11
0	16
50	68
0	59
0	0
0	0
0	0
0	32
2	32
556	468
52	468
87	1
5	10
4	0
43	117
7	119
0	87
0	9
0	0
1	13
0	3
72	0
375	82
0	82
0	4
1	4
660	5
0	0
0	13
0	7
0	13
5	3
0	7
0	1
0	1
0	7
0	0
2	1
0	1
0	1
0	0
0	0
0	6
2	0
25	21
106	11
0	5
24	86
11	6
0	7
0	1
8	4
1	1
1	1
71	10
0	2
7	0
0	0
0	0
1	8
0	5
0	5
30	148
6	162
0	81
61	20
0	11
0	14
0	28
0	10
0	81
8	11
0	11
0	1
0	13
0	13
0	0
63	11
10	1
0	2
0	1
6	1
1	0
99	75
12	61
0	68
0	7
113	14
19	51
7	57
0	15
0	14
0	6
102	9
3	3
538	36
43	8
0	9
147	5
11	2
6	27
3	1
6	8
55	11
7	4
0	63
0	22
2	0
3	43
0	0
0	0
0	0
71	0
15	0
117	27
0	27
56	4
0	0
0	0
0	4
0	4
1	0
0	12
0	12
0	12
0	0
0	11
26	0
14	13
0	9
0	1
0	10
12	6
9	11
11	3
357	514
1054	514
701	0
96	0
0	469
27	469
6	82
0	351
24	17
8	1
29	0
11	0
0	0
0	0
9	9
0	11
0	12
0	4
3	4
0	4
0	0
0	0
0	0
0	0
0	0
0	0
0	0
1	0
0	0
0	0
2	0
0	0
0	0
0	0
1	4
36	9
0	5
0	39
0	39
0	23
0	39
0	38
0	23
11	8
55	0
0	0
0	0
65	0
0	1
386	0
10	99
0	90
0	84
70	45
0	44
0	44
0	16
0	15
0	8
0	0
8	0
39	11
4	0
141	0
26	0
38	0
1	12
1	12
26	4
8	4
1	36
0	40
3	4
10	32
2	32
0	15
16	37
0	37
0	29
0	29
0	29
0	29
0	29
0	0
0	0
0	0
0	0
0	6
0	5
37	5
0	5
0	1
0	5
2	13
0	4
0	8
0	0
29	0
11	0
9	0
0	11
0	11
65	23
0	24
0	1
0	0
0	3
0	0
0	2
0	0
0	0
0	0
0	102
169	123
0	11
0	95
0	2
0	2
295	109
0	88
0	65
0	0
0	22
36	0
15	1
0	0
7	1
0	1
12	25
0	25
0	1
0	3
0	17
0	17
0	17
0	3
1149	13
0	3
0	10
30	3
1	1
6	2
0	25
0	25
0	0
117	8
117	24
0	0
1	16
0	1
13	0
1	0
42	107
0	86
0	1
0	5
0	2
1	21
0	0
0	0
0	0
0	0
0	0
5	12
0	12
0	1
1	1
55	0
12	177
10	171
26	177
0	6
0	6
0	6
0	2
0	4
1	4
0	4
0	6
0	5
0	3
9	442
0	453
0	92
2	8
0	3
0	0
0	0
0	2
0	2
0	2
12	0
275	3
0	3
88	153
7	115
19	1
0	0
0	0
0	0
2	1
27	6
24	0
6	0
1	0
290	0
55	0
177	0
0	13
0	13
0	13
0	13
0	4
0	37
0	0
3	37
0	8
0	0
0	692
0	1
0	24
25	1
74	671
1	19
0	19
0	3
99	140
0	11
0	0
1	0
115	5
13	5
4	0
0	0
3	0
3	0
31	15
0	15
0	12
5	18
8	18
0	0
10	14
5	14
0	6
53	13
46	5
0	3
85	65
7	62
0	44
0	31
2	0
18	26
0	104
0	110
4	109
0	4
0	3
0	4
0	7
0	3
0	0
0	0
0	0
677	245
56	75
15	146
0	14
40	16
0	110
28	124
0	102
29	49
8	49
130	72
0	0
0	0
0	0
0	51
0	5
0	47
7	11
0	15
0	14
0	0
0	1
0	1
112	250
2	250
0	197
0	250
1	2
0	2
0	0
0	0
123	0
37	1
0	21
146	149
0	134
0	107
2	49
0	103
1	12
0	1
3	4
2	0
0	0
0	0
637	412
0	411
3	1
7	0
0	0
0	16
20	30
0	14
3	16
6	8
0	8
0	1
19	0
0	0
0	6
0	0
3	0
0	0
0	0
7	0
19	80
0	81
0	80
0	62
0	68
0	5
0	5
331	72
0	13
0	72
0	0
7	16
31	180
0	180
0	136
0	0
3	0
0	0
1	1
19	55
9	9
358	5
0	0
7	3
0	1
4	0
14	400
2	378
0	375
3	233
0	122
7	8
5	139
4	3
7	18
0	18
0	17
3	0
0	8
18	35
0	0
91	9
0	9
5	56
127	56
0	1
1	0
3	1
47	31
19	16
1	0
0	16
4	3
0	0
0	0
6	2
1	3
0	0
29	0
25	63
0	3
2	31
6	3
6	29
0	69
0	86
0	10
0	9
0	5
49	76
4	2
0	66
43	46
55	46
2	35
4	24
0	6
14	6
26	1
0	1
0	1
0	4
0	23
0	6
0	25
4	16
0	0
0	21
0	10
0	14
0	6
0	6
0	1
2	2
0	15
16	92
0	61
16	74
0	19
12	19
0	48
4	0
3	1
2	7
28	1
0	19
17	666
0	8
2	0
0	0
2	663
0	5
0	296
72	35
16	0
0	41
0	15
0	110
295	344
8	2
118	184
5	142
8	142
0	40
5	6
0	3
1	3
1	3
0	3
1	3
0	188
17	63
1	113
21	33
0	17
70	21
3	17
4	80
1	0
0	16
1	128
0	99
11	121
1423	82
83	5
9	27
14	3
37	6
151	27
0	6
14	1
0	1
0	70
0	71
0	72
1	22
1	0
0	107
1	2
0	0
3	1
693	103
0	157
35	183
20	4
0	130
0	49
7	0
0	24
69	38
10	0
0	0
70	16
11	272
0	170
0	61
15	44
10	24
0	23
3	11
74	5
0	4
5	0
25	1
4	18
0	27
0	15
0	5
0	16
0	14
0	1
0	8
12	6
0	1
0	16
0	11
0	9
0	6
0	1
14	65
0	28
45	221
0	20
0	10
0	25
0	4
0	23
0	23
50	22
0	25
3	16
0	0
43	47
0	39
14	3
8	0
15	0
15	969
137	992
2	8
0	1
0	1
88	794
3	409
273	955
0	577
84	128
8	24
17	5
0	0
6	4
11	5
0	4
10	1
0	0
197	168
0	31
28	32
0	78
34	96
1	0
0	8
0	17
0	3
0	61
0	37
0	39
0	7
0	145
62	0
0	9
0	39
0	168
0	15
0	6
0	15
1	0
42	47
0	47
0	26
0	26
0	2
9	2
734	10
487	10
104	26
1	2
0	0
5	24
21	0
18	67
0	16
1	5
0	5
0	44
0	17
0	44
9	17
0	1
1	28
1	27
0	1
0	0
0	50
0	70
0	67
0	67
0	12
39	7
373	43
0	1
3	2
7	0
7	0
0	186
1	190
0	19
0	52
0	191
11	103
0	103
0	18
14	3
0	15
1	0
2	5
67	9
12	38
0	5
0	38
0	38
0	38
9	1
0	2
9	2
0	20
8	18
0	1
1	0
4	0
0	0
0	2
0	0
0	0
0	4
0	6
0	24
0	23
0	23
0	23
0	4
0	3
0	21
0	21
0	2
0	0
5	31
0	0
0	19
0	1
0	21
0	32
0	1
0	1
0	15
0	2
0	15
0	15
0	15
14	0
397	26
1	1
3	0
0	1
3	69
0	0
1049	163
0	0
15	22
3	20
0	163
1	7
0	0
5	7
1	8
0	8
173	183
0	0
2	0
0	0
0	0
0	0
0	58
0	0
0	0
60	183
0	38
3	38
4	0
0	27
1	0
54	6
0	4
5	4
0	4
0	2
0	2
0	3
3	3
1	3
0	3
74	0
54	0
154	6
61	10
1	10
8	10
0	10
0	0
0	0
0	4
4	0
0	0
5	1
0	5
0	0
1	1
0	1
0	1
4	3
0	3
0	2
35	3
0	1
0	1
0	0
0	0
0	3
0	3
0	3
1252	2
0	47
0	297
105	267
43	25
4	249
23	0
0	0
1	56
0	24
120	226
0	220
1	1
3	0
5	6
3	3
0	63
59	24
0	5
9	51
35	41
1035	0
25	0
0	138
0	5
0	10
5	0
0	5
3	6
0	128
111	72
0	10
12	1
7	338
3	333
129	17
14	0
27	0
991	141
36	141
0	151
122	111
70	80
0	25
0	25
4571	14
9	7
0	0
6	1
97	1
18	1
0	373
7	393
0	308
67	39
0	232
0	17
0	17
0	75
0	75
0	30
0	1
33	2
0	1
2	6
0	3
0	1
0	0
29	0
22	8
0	8
5	46
0	55
0	67
21	84
0	14
0	21
0	6
4	0
30	29
15	99
0	88
0	50
1	6
0	1
0	6
0	5
0	8
4	1
0	5
10	5
3	8
0	5
0	3
0	0
0	1
0	3
5	3
71	0
41	97
0	116
2326	109
0	7
0	7
1	0
14	29
45	1
0	1
0	34
26	64
0	47
0	14
0	13
10	0
0	1
0	4
3	0
0	5
0	6
0	3
0	19
0	24
0	22
0	21
0	22
0	3
0	17
1830	500
0	533
0	514
0	533
0	16
0	22
5	22
1	1
0	1
0	5
0	1
7	1
0	0
0	0
0	0
0	0
145	22
2	22
0	16
62	1
0	1
18	13
0	217
0	217
122	366
0	381
1	0
0	0
0	0
73	0
101	185
0	180
2	63
3	0
4	0
375	0
12	0
0	0
7	0
3	16
0	91
5	91
0	0
0	0
37	52
8	9
3	0
0	11
463	827
534	827
1	173
14	176
0	0
17	0
12	0
4	0
13	176
0	6
1	6
13	6
0	147
1	141
0	6
227	89
0	67
0	77
318	70
48	4
0	0
490	412
0	0
0	53
0	412
217	36
0	109
19	3
85	94
462	19
0	10
0	9
3	10
8	5
0	1
0	2
9	0
1	0
0	0
0	1
3	5
0	5
0	6
0	1
43	26
0	0
61	9
1	0
9	7
0	15
0	15
0	0
0	1
0	0
0	0
0	0
0	0
0	5
47	0
0	3
5	6
6	3
0	3
0	0
0	439
166	439
1	7
0	7
11	7
3	7
4	7
0	0
106	408
41	422
1	46
0	0
0	0
0	0
2	0
0	1
13	1
0	2
9	0
0	5
0	43
43	7
22	3
0	26
4	0
0	2
0	2
0	43
43	6
0	1
0	6
0	9
3	9
537	32
1107	43
2	21
0	6
2	6
0	0
0	15
0	10
0	8
0	8
27	2
0	0
0	0
0	0
0	10
0	39
132	47
0	2
0	0
0	20
3	19
4	1
35	10
0	0
708	14
0	4
0	0
0	2
0	2
0	6
11	206
0	0
0	0
0	0
0	14
0	14
2	119
2	73
0	1
0	0
8	0
0	0
0	0
0	6
4	6
0	1
10	0
685	52
22	0
148	47
14	0
0	0
72	47
0	32
9	44
23	188
0	3
21	193
0	1
0	1
0	1
0	2
0	1
5	0
2	2
8	0
8	0
8	0
2	14
0	2
0	2
0	0
261	1
17	5
3	0
86	0
0	6
225	115
0	74
0	0
10	245
0	245
82	97
1488	41
37	41
0	9
0	9
0	9
0	61
0	61
0	0
1235	167
14	165
1	123
0	32
0	0
0	1
5	1
7	138
0	145
0	93
9	64
6	76
0	65
0	17
0	8
0	8
0	69
0	4
14	64
0	22
0	22
26	2
8	2
0	2
2	0
5	0
0	373
2	0
62	373
44	8
2	11
0	0
0	0
13	8
0	11
222	66
0	18
0	54
37	0
0	163
0	158
0	6
10	6
5	0
0	101
0	17
10	15
0	11
33	11
1	0
4	0
57	76
35	82
0	59
0	137
34	141
0	43
0	48
1	20
5	0
0	1
0	0
0	0
0	0
0	5
1	0
0	0
18	6
4	0
11	0
19	5
0	6
0	11
11	11
127	587
0	587
6	3
0	17
0	3
193	113
0	111
0	7
2	0
4	7
7	79
14	11
15	47
0	81
30	39
0	30
1	0
167	9
0	9
0	5
0	7
0	5
0	26
0	26
0	24
0	5
0	5
0	9
0	7
1	2
12	1
586	334
231	338
0	5
0	6
0	3
0	6
0	0
0	0
0	3
0	0
0	0
0	236
5	0
163	63
5	960
0	960
79	3
0	3
0	0
103	35
0	7
26	35
0	48
0	14
118	216
33	1
5	1
0	261
0	150
0	7
13	132
0	132
15	155
0	1
3	8
10	0
245	120
2	0
0	2
0	7
0	0
0	0
0	0
0	0
29	23
0	23
0	21
21	277
0	216
0	198
0	7
0	6
0	6
0	7
8	6
3	163
0	1
2	1
0	1
1	0
197	20
0	277
18	141
0	104
0	0
22	144
11	76
4	0
0	0
0	0
0	76
0	3
1	0
35	0
0	0
85	27
47	9
0	5
15	20
5	0
0	27
627	69
89	75
9	20
79	162
85	191
0	20
0	0
1	9
0	0
0	0
0	0
0	0
38	0
0	0
0	0
0	30
0	18
0	1
0	0
0	3
2	30
81	28
0	25
30	32
0	5
0	1
4	0
0	5
0	69
2	11
0	69
55	39
0	72
0	21
17	35
0	0
0	7
25	17
0	4
0	10
0	10
1	15
0	0
0	1
0	0
7	5
143	40
12	39
35	94
0	96
1	86
51	35
36	0
22	14
2	0
53	312
0	69
0	3
0	309
3	0
0	3
0	35
4	0
158	293
1	3
0	0
11	7
6	5
0	5
1	5
0	0
0	5
14	123
0	123
4	7
0	0
20	0
75	214
0	214
44	42
18	39
0	32
0	32
0	32
9	0
38	14
2	44
0	19
36	13
1	4
0	2
1	0
0	44
0	117
3	607
0	446
0	366
0	250
0	271
0	248
0	226
0	8
9	65
0	112
1	69
0	606
0	195
0	57
0	49
0	50
0	50
0	18
0	47
0	0
0	6
1	47
0	18
0	1
0	0
1	58
0	6
0	9
0	9
0	10
0	4
0	0
0	1570
9	1590
0	0
38	1816
237	22
10	1569
15	11
0	86
14	0
328	1837
9	7
0	0
12	7
141	16
1	52
3	0
9	4
0	2
0	2
0	0
0	0
0	0
1	21
0	10
185	84
0	84
0	45
0	22
280	0
6	0
1	7
0	16
1	16
9	19
1284	30
3	58
70	58
1	23
58	3
0	15
1	11
0	2
138	27
0	26
0	0
6	0
3	1
58	13
0	13
1	34
0	1
0	34
30	33
20	28
0	9
12	19
1	10
0	4
0	1
0	4
200	0
0	1
0	0
0	0
113	3169
0	3169
69	1757
0	12
0	1
0	1
0	1
25	8
0	5
0	3
0	7
4	7
0	7
0	36
0	12
0	27
5	24
0	36
0	0
0	35
21	35
0	29
17	36
8	0
4	31
0	0
0	0
0	0
14	21
0	4
0	6
11	52
12	52
6	0
16	43
1	2
367	5
7	0
411	0
35	0
0	5
12	19
0	1
3	0
0	0
39	0
16	6
15	107
40	128
2	128
111	110
24	29
0	65
0	0
255	48
0	47
0	16
99	53
0	46
0	20
0	14
0	151
0	151
1	1
13	0
0	0
114	44
19	30
7	0
0	0
4	3
1	3
9	18
0	9
4	18
29	108
14	89
0	2
29	73
0	67
1	126
67	11
0	14
0	11
15	46
0	110
24	36
39	0
10	0
9	0
10	0
0	0
0	0
0	4
1	3
0	4
0	1
8	5
0	5
15	32
4	32
39	90
8	0
0	3
0	3
0	3
0	0
0	1
0	22
0	22
33	9
4	2
0	0
0	0
0	0
0	0
0	0
0	0
0	0
0	3
0	2
4	3
0	1
0	0
0	12
0	22
0	2
0	1
0	2
0	1
43	29
0	0
0	0
0	0
4	0
11	12
1	6
1	7
7	20
0	20
0	54
0	53
0	17
0	17
0	17
2	3
0	39
3	8
0	8
23	0
0	0
13	0
0	32
102	32
0	32
6	29
0	32
10	32
0	0
27	57
0	12
18	0
0	2
0	5
0	4
12	0
4	0
27	114
0	109
0	48
176	27
0	5
0	24
300	196
43	183
0	157
2	145
4	54
1	0
0	0
58	90
0	204
0	220
0	112
162	143
798	77
0	0
92	172
0	171
0	147
0	29
10	0
1	1
0	0
0	0
1	1
5	1
0	0
7	0
4	0
0	1
1	0
0	1
64	12
9	12
154	1
0	1
218	18
1	18
10	15
0	6
0	6
0	3
4	15
43	9
0	4
3	4
0	5
1	0
108	326
0	326
0	12
0	87
0	85
0	89
0	8
0	5
0	7
0	0
10	4
83	52
0	50
0	2
1	7
0	3
8	0
5	0
0	9
9	4
0	3
0	0
20	42
3	42
687	43
0	25
0	0
0	18
0	3
499	0
2	0
547	58
0	14
3	0
3	0
9	58
0	72
32	59
0	279
0	279
0	44
0	42
0	42
0	0
21	263
103	5
0	5
0	5
0	1
10	1
0	1
0	1
0	1
5	0
0	10
27	49
0	2
0	4
4	0
0	6
51	8
0	2
10	0
169	6
3	1
0	2
41	4
0	14
10	17
0	26
0	26
0	26
0	26
0	3
0	3
0	7
65	16
8	23
0	22
0	0
0	1
0	24
0	24
1	4
1	2
0	0
0	723
54	520
125	441
133	315
7	0
0	723
17	15
0	0
27	0
305	125
2	2
4	0
2	0
0	108
0	45
17	55
6	0
2	35
0	25
32	7
92	4
0	1
0	4
0	0
0	0
0	0
10	77
0	22
223	6
13	5
0	5
82	71
0	5
10	1
0	1
2	13
0	2
0	11
0	0
0	11
0	0
51	777
0	734
1	49
0	12
0	12
0	1
0	266
0	266
0	260
0	260
0	65
27	3
0	3
267	0
0	165
0	165
41	100
520	69
5	0
53	753
0	762
57	764
0	655
0	2
1	0
7	1
46	42
0	36
6	1
0	0
47	3
1	14
0	14
0	12
0	9
1	7
0	7
26	94
0	0
28	184
0	59
49	32
0	32
139	84
0	11
10	29
0	63
0	11
0	27
0	29
0	60
1	73
0	1
0	1
0	1
0	0
0	21
0	21
0	6
92	26
0	39
0	36
110	40
16	13
0	13
126	13
0	19
3	1
0	204
46	96
141	88
21	201
1	94
1	1
159	249
223	228
126	70
35	42
12	39
0	9
0	5
1	5
0	0
28	52
0	190
0	190
0	43
52	3
0	0
0	0
2	31
303	10
29	22
1	16
0	11
13	2
0	0
13	15
0	12
0	6
0	4
0	3
0	3
4	3
923	578
298	841
0	197
0	144
0	320
0	76
0	21
0	23
0	27
0	1
0	4
0	2
24	6
0	8
14	46
0	44
11	22
0	112
0	202
368	316
0	277
0	39
12	0
0	175
0	0
11	180
33	13
0	52
0	174
170	489
0	55
0	513
0	54
0	18
0	38
7	19
3	16
1	1
0	1
0	0
1	0
0	43
20	130
0	70
1	62
0	0
1	60
0	12
0	55
0	1
0	1
0	0
1	2
10	43
0	1
5	39
0	96
0	96
0	13
2	7
0	1
4	1
0	0
0	64
0	4
0	4
0	1
0	2
0	13
0	60
0	61
0	0
0	63
0	64
5	8
16	0
9	1
0	24
0	0
3	19
48	22
29	39
0	19
0	35
0	6
0	0
356	21
0	1
16	133
0	16
68	6
1	6
11	141
0	141
0	118
193	42
0	15
0	12
0	0
0	0
17	0
4	10
3	10
0	0
0	0
1	0
0	0
0	0
0	43
106	43
0	15
0	4
0	0
141	0
43	188
0	189
0	1861
1071	2606
0	50
8	1431
2	0
0	0
28	0
0	4
0	1
21	5
3	4
0	2
0	6
0	1
0	4
0	5
0	1
7	3
0	3
55	0
5	0
0	0
12	0
11	0
0	589
0	83
28	7
86	1051
32	1104
95	0
37	372
0	367
0	362
0	3
3	319
36	477
1	322
0	27
0	11
0	10
23	24
42	18
0	2
0	6
2	2
0	2
9	180
0	241
0	241
0	206
39	211
0	72
0	72
278	0
7	0
545	106
0	103
0	10
145	12
0	0
7	1
0	1
45	19
15	11
0	3
8	14
0	14
0	0
337	175
0	175
0	61
85	54
7	83
0	77
0	50
0	24
0	28
0	38
0	4
0	1
3	0
1	0
846	119
3	7
0	38
0	38
32	22
5	31
0	0
0	0
0	21
1440	165
0	41
0	55
0	53
4	0
9	49
25	59
136	40
53	11
12	46
0	2
21	5
0	8
18	3
1096	250
348	166
0	250
0	136
0	144
0	0
0	252
0	252
0	0
55	0
0	0
3	0
0	53
0	53
0	53
10	30
5	6
0	3
0	15
0	4
0	3
0	1
0	6
0	0
0	16
178	16
1	6
0	6
0	6
0	0
6	4
0	4
0	0
0	0
0	4
0	0
141	24
0	22
0	11
1	17
0	17
0	3
248	8
146	34
0	26
6	0
469	158
0	158
9	0
3	36
3	8
6	32
0	5
5	0
6	562
31	557
0	191
225	252
5	182
15	15
0	191
0	7
0	7
63	2
0	1
126	3
0	0
91	2
1	2
14	18
0	13
0	2
0	6
19	6
0	0
0	4
0	4
0	1
0	1
0	4
1	3
0	0
0	0
2	0
0	0
0	0
0	1
0	0
1	0
0	0
0	0
0	7
0	7
7	8
0	8
16	0
0	11
3	42
12	35
175	20
168	24
1	10
24	11
0	5
1	1
18	2
0	2
1	1
0	0
11	0
7	0
21	0
1	180
8	44
2	71
1	0
0	354
0	290
0	289
0	290
0	354
0	354
0	354
1	9
0	9
4	7
0	2
15	0
0	22
0	0
1	0
0	22
0	4
0	4
0	0
0	4
16	0
8	7
0	7
0	1
3	1
6	0
0	0
0	0
0	0
0	0
0	0
0	0
3	0
0	0
1	0
0	0
23	0
0	46
2	46
0	46
227	5
2	0
0	0
3	5
237	12
1	11
0	2
29	13
0	5
6	7
0	3
0	39
0	16
0	30
6	30
315	43
0	32
0	35
0	32
322	222
0	198
1	1
41	5
0	3
0	0
6	0
0	2
0	13
41	14
0	14
0	18
0	18
0	21
10	21
581	19
106	1
0	1
3	2
5	9
0	4
0	6
1	0
18	126
0	15
0	48
0	4
0	48
0	0
5	122
4	1
0	1
0	2
0	4
1	4
0	4
0	4
0	0
19	0
21	10
0	3
13	0
424	6
0	4
0	4
0	0
0	2
0	19
0	19
0	8
0	11
0	34
1	34
0	2
347	0
13	0
0	5
170	334
2	71
4	56
0	56
0	56
0	0
0	52
8	52
0	73
1	0
0	0
0	3
0	3
43	0
110	26
124	25
0	11
5	8
0	0
31	0
2	10
19	229
44	281
725	160
0	178
3	148
0	171
0	18
0	10
6	0
0	1
0	273
42	273
10	2
0	90
0	243
0	27
0	0
0	90
4	146
0	140
108	0
11	3
0	0
41	30
0	33
1	34
0	9
0	1
0	37
4	42
0	0
0	31
0	7
0	26
8	26
0	7
17	2
32	10
0	0
1	14
15	7
54	109
2	98
0	51
0	61
0	40
0	14
0	1
0	0
2	0
127	32
0	32
0	32
0	13
0	13
82	108
0	32
0	44
32	1
6	0
0	79
4	3
1	22
0	42
0	25
7	9
0	145
8	25
11	17
0	10
13	61
0	10
1	21
2	1
5	1
0	21
0	21
125	200
0	1
0	30
0	88
0	29
0	105
0	39
0	0
0	0
0	0
9	0
0	0
34	29
11	27
0	25
0	13
12	16
0	0
0	6
66	11
9	11
0	4
3	0
0	0
0	280
4	89
0	48
0	42
0	43
3	0
0	0
2	0
0	1
0	280
7	131
125	132
11	0
364	219
0	157
0	192
0	162
0	7
0	161
213	134
10	3
0	0
3	3
2	3
0	3
103	0
1	9
4	9
0	2
147	78
18	51
0	23
0	23
0	51
0	150
0	150
1	0
12	0
0	35
17	35
2	1
170	75
0	11
1	8
2	33
0	75
2	0
0	0
0	0
7	8
0	13
0	8
0	5
13	0
4	0
4	1
8	7
1	7
0	0
30	7
71	0
27	11
0	6
0	6
0	7
0	2
4	0
0	4
0	4
0	4
4	0
0	31
0	4
0	31
0	27
0	66
0	0
121	92
8	92
0	38
0	38
0	7
0	1
1	4
0	7
0	16
0	16
3125	0
0	24
0	9
19	1
192	60
0	52
0	9
5	81
0	1
12	22
5	81
27	0
0	0
0	0
0	0
0	0
0	0
0	0
1	0
0	0
27	2
0	2
3	26
2	85
5	0
0	70
2	18
99	2
0	2
1	14
2	33
0	19
254	0
34	9
0	11
0	11
0	11
0	11
0	11
59	0
35	1
1	1
0	1
6	1
25	0
213	126
0	91
8	89
129	15
0	0
0	0
0	0
14	1
0	1
0	0
0	273
0	266
9	273
0	207
4	1
79	15
0	1
0	0
0	0
527	12
479	300
0	2
0	0
0	2
0	0
0	0
10	298
96	14
3	14
4	13
3	0
4	2
0	2
0	2
21	0
0	0
41	7
0	63
38	9
8	1
0	63
0	63
0	5
0	5
0	5
0	0
241	18
0	18
0	0
34	123
5	13
0	19
3	91
26	2
0	5
0	11
0	3
60	0
9	0
0	0
0	0
0	0
2	1
0	1
5	19
0	82
127	81
0	19
64	20
105	50
0	4
0	408
0	401
0	54
0	432
417	432
142	16
5	36
0	0
13	11
0	20
0	28
9	22
77	28
0	1
0	0
0	0
6	2
1	4
0	2
74	4
10	4
12	2
15	253
0	256
3	259
0	38
0	42
0	35
0	28
0	21
4	9
0	10
7	8
0	3
0	0
22	1
17	1
8	1
0	1
32	11
0	11
0	0
1	0
0	0
10	8
0	8
0	0
1	7
0	7
0	0
0	0
0	7
144	254
3	243
33	44
0	36
2	7
0	13
3	8
2	28
17	17
0	15
0	4
26	4
0	1
0	3
10	2
0	2
0	2
23	0
0	0
14	176
0	9
0	8
24	64
0	12
0	28
0	10
0	184
699	37
0	371
0	369
209	317
0	19
0	7
0	7
2	0
0	0
55	0
1	0
0	117
0	117
482	114
0	28
3	4
0	0
699	86
1	0
1	86
2	0
5	0
0	808
0	804
0	801
0	36
0	33
0	33
0	6
0	13
0	6
0	36
0	36
0	36
0	36
0	36
0	2
0	3
0	3
0	3
0	3
0	59
0	57
0	30
0	30
0	18
1	3
241	3
3	3
0	2
1	0
10	5
0	53
18	65
0	73
54	45
0	74
0	85
2	8
0	0
0	5
1	0
0	0
0	0
0	0
0	0
157	153
0	3
30	7
0	129
0	3
10	0
0	0
36	20
3	20
4	0
6	19
0	9
33	55
209	13
0	8
0	0
4	0
4	8
14	16
0	28
0	2
0	12
4	2
0	2
5	1
0	12
3	1
0	0
3	9
0	11
12	17
5	3
0	0
0	3
0	19
143	39
0	26
0	9
0	4
0	7
0	4
4	159
3	37
0	130
0	5
0	5
0	0
1	0
0	0
0	0
16	43
56	42
42	32
82	40
9	34
0	24
0	32
17	4
0	3
0	3
0	2
0	1
0	1
0	0
0	14
1	14
0	14
0	13
0	7
68	18
2	0
4	0
4	0
4	19
2	0
60	3
0	3
5	0
3	7
0	5
0	0
0	4
0	2
7	14
0	14
1	0
14	17
0	35
0	10
0	4
0	4
0	4
8	0
3	7
0	0
0	2
8	5
0	1
0	21
0	2
0	0
10	0
0	0
7	0
66	26
2	17
11	7
3	506
0	434
0	434
30	903
0	903
20	56
0	56
223	57
0	71
2	36
0	75
10	21
0	15
0	2
10	9
2	0
25	17
8	33
25	33
0	26
0	68
139	73
22	1
0	5
0	5
78	32
7	0
0	0
0	0
18	0
0	0
21	0
0	2
0	3
0	5
0	121
3	47
0	106
0	44
0	1
0	1
12	121
4	10
0	82
2493	116
14	0
5	0
4	0
1297	79
0	79
13	45
56	133
0	90
1	133
18	55
0	0
7	64
0	8
6	0
4	0
0	8
0	8
3	4
0	0
0	52
1	0
0	0
4	12
0	34
0	60
0	19
0	29
0	8
0	12
2	56
0	4
260	120
136	25
0	120
0	51
12	41
0	41
0	58
13	2
7	51
1	51
0	0
17	9
0	0
1	9
0	3
0	1
0	4
25	112
0	97
0	0
0	20
0	13
5	2
0	10
0	7
0	57
0	1
0	1
1	6
1	0
1	57
0	3
0	7
0	8
0	8
0	8
0	0
0	7
0	0
0	0
0	8
0	446
0	412
2	326
17	67
18	18
2	44
78	0
0	0
0	405
3	0
0	405
0	0
0	0
0	921
129	921
0	130
0	347
0	275
545	275
0	63
0	146
0	63
0	146
0	145
0	62
0	62
0	145
0	54
2	146
0	186
667	218
3	142
0	111
0	38
0	21
86	38
4	0
29	23
0	28
112	5
0	5
12	21
0	19
1	16
0	19
0	2
0	21
83	53
0	53
9	2
0	2
9	1
0	1
41	1
3	18
0	0
0	0
21	0
0	2
0	0
1	8
0	8
0	2
0	0
0	2
0	0
2	0
0	0
0	0
0	0
0	5
0	5
0	5
11	5
18	2
0	2
0	55
2	44
0	44
0	54
0	44
0	44
7	44
63	45
26	53
0	0
0	0
0	0
0	56
0	7
10	7
0	0
3	1
1	1
7	0
6	8
0	8
14	21
48	20
1	1
25	185
0	5
2	0
318	210
0	210
1	0
308	574
0	338
0	22
0	574
0	0
52	1
0	1
3	0
0	101
28	101
0	96
0	52
0	1
0	1
0	27
0	9
0	0
11	3
0	0
0	9
0	0
0	0
0	5
0	5
97	33
1	0
5	24
2	10
0	43
0	12
46	26
0	41
378	0
11	190
896	963
0	963
6	837
4	120
0	0
133	78
0	4
0	1
1	0
0	55
0	55
34	113
505	125
0	67
0	67
0	7
5	37
3	130
0	125
38	13
0	18
5	4
231	297
0	297
0	77
247	0
1	65
0	65
0	65
133	190
2	8
0	8
0	8
39	23
4	381
0	369
0	376
0	37
6	34
0	17
0	4
2	4
0	6
13	4
1	0
0	0
0	7
0	7
0	21
0	1
2	1
0	20
0	21
15	45
1	121
5	49
1	1
2	75
0	5
0	5
0	249
5	317
0	75
0	115
0	133
0	242
21	0
0	11
14	0
1	28
7	5
13	5
63	1
0	10
4	10
0	10
47	2
132	10
0	32
0	89
0	2
0	73
20	5
2	3
24	67
0	88
224	367
0	367
4	330
0	335
492	337
0	309
3	44
0	13
0	0
0	0
26	0
0	6
8	5
0	5
52	194
14	3
1	2
4	7
0	7
0	1
55	10
0	0
2	0
0	3
0	5
34	3
0	6
0	1
0	1
2	11
1	268
0	27
2	229
2	229
8	232
21	140
0	126
0	19
81	99
23	99
0	26
0	81
0	81
0	50
1	47
0	39
0	8
0	5
0	0
2	5
0	0
6	1
30	12
6	12
0	0
0	0
0	0
87	58
6	76
4	27
28	61
0	8
0	59
0	10
35	103
0	54
0	54
0	0
0	0
18	47
27	92
0	90
25	0
18	0
0	0
1744	0
6	0
75	1000
42	991
0	430
1	111
0	67
5	16
0	6
0	10
1	10
0	10
0	17
3	17
6	1
0	1
128	5
8	7
0	2
0	0
0	5
0	0
11	2
3	5
0	230
0	230
0	209
0	230
0	230
0	22
744	48
6	11
0	78
11	149
18	10
0	9
10	10
0	5
0	0
0	1
3	1
3	1
3	0
16	9
0	9
0	83
0	22
0	49
0	64
0	38
0	6
0	36
0	36
0	5
0	22
57	30
0	1
0	1
4	1
0	0
0	0
14	3
0	3
50	10
0	0
13	2
221	2
0	11
0	12
0	9
0	3
0	3
4	0
11	27
10	23
5	20
95	20
0	24
0	0
53	76
0	76
0	1
0	1
0	39
39	1
9	0
29	83
0	11
0	11
0	11
0	1
5	1
0	0
0	0
2	0
0	0
0	17
0	50
93	50
0	3
0	5
5	24
0	503
4	70
0	225
0	271
6	329
0	275
0	275
0	155
107	435
38	0
0	3
2	22
0	0
0	36
0	1
0	0
2	0
0	30
0	1
0	29
5	31
10	30
35	109
0	422
0	7
0	7
14	2
0	381
548	99
29	175
0	24
0	22
0	1
0	2
0	0
0	0
2	0
0	0
3	207
10	54
395	153
25	2
0	2
0	2
3	1
0	0
0	0
0	0
5	1
0	1
0	0
8	78
631	80
0	29
0	1
0	32
134	172
4	157
27	173
23	173
0	172
5	14
81	7
2	12
4	12
0	11
0	4
0	11
206	46
24	0
0	46
2	41
0	41
0	18
0	5
0	11
1	9
1	9
0	0
0	0
55	0
0	0
0	0
56	249
0	263
1	72
3	3
132	82
360	0
1268	0
2	0
0	1
3	1
0	20
38	30
0	14
0	2
0	0
0	0
0	0
4	1
18	2
33	2
0	2
122	0
13	106
0	106
4	92
17	0
88	13
0	83
3	113
268	28
1	2
13	6
3	0
29	0
21	30
4	30
7	27
31	0
46	1430
0	4
146	1695
0	27
0	683
0	21
0	1
659	6
13	1670
0	1683
0	11
0	1
0	13
0	9
0	11
4	11
0	1
0	11
0	49
59	45
0	9
0	1
0	5
73	179
0	179
203	527
0	0
0	26
0	527
4	27
0	33
10	33
0	20
0	10
0	16
0	5
0	9
0	2
0	0
0	0
0	2
34	12
1	2
0	6
15	1
77	0
208	0
25	0
40	0
0	19
0	19
2	33
8	5
33	5
4	31
0	2
0	1
0	14
9	6
0	24
0	22
0	12
0	12
1	12
0	3
0	3
0	2
2	3
0	3
0	1
0	3
59	0
7	175
0	47
1	45
0	175
62	9
0	2
3	2
7	1
1	9
3	0
9	16
0	7
0	8
0	3
0	11
30	27
0	17
0	27
0	31
0	31
0	17
0	9
0	5
0	5
0	2
10	0
0	7
0	7
144	0
15	9
8	9
0	7
1	7
0	5
0	3
0	1
0	0
0	16
0	16
0	8
22	31
11	12
0	9
0	41
0	33
35	0
5	6
1	6
7	2
13	4
0	0
76	0
0	5
0	5
0	1
0	5
1	5
0	5
0	0
0	0
0	0
0	0
0	1
0	7
0	7
0	18
0	7
0	3
0	0
16	11
9	1
0	1
142	3
0	3
542	144
6	10
0	143
0	13
0	13
0	8
34	35
0	0
0	35
0	38
0	38
0	34
1	20
24	8
0	2
49	155
0	115
98	51
949	51
0	0
0	0
37	654
0	46
0	0
1	641
52	141
0	83
0	63
0	60
117	19
5	19
0	2
6	2
0	21
67	19
0	102
98	12
43	12
124	114
117	0
648	16
0	28
229	2
0	11
0	32
0	1
88	6
1	12
0	31
0	4
0	16
0	77
1	77
24	33
9	2
0	8
0	8
3	8
0	4
1	3
0	0
1	3
0	0
9	7
0	2
1	79
28	69
24	78
0	28
54	13
2	7
0	13
26	5
0	13
0	38
0	66
0	38
5	0
0	30
0	15
3	2
0	2
0	2
0	2
0	2
1	30
0	2
7	4
0	28
0	2
0	1
0	18
56	17
0	17
0	15
0	0
3	8
10	7
56	71
44	80
141	64
7	0
172	12
3	12
0	7
0	0
17	4
0	4
0	0
0	0
0	0
153	50
0	50
0	5
0	0
0	0
6	0
0	14
0	14
0	5
53	3
1	0
0	0
0	1
5	5
0	16
0	16
94	0
4	0
303	9
0	12
16	4
0	1
5	0
0	0
0	0
0	1
1	18
21	0
0	0
1	1
0	18
45	6
0	3
97	128
0	112
47	73
0	52
0	37
18	37
0	36
0	5
0	6
0	6
4	0
13	2
5	0
10	20
16	26
44	1
0	0
0	20
0	198
0	246
0	285
0	285
69	296
0	294
0	10
0	1
0	1
0	105
0	178
57	0
0	269
9	0
0	0
7	223
0	2
0	58
0	2
7	2
17	0
1	1
0	0
0	1
0	1
0	17
0	15
0	10
0	13
0	13
2	11
0	6
0	18
0	15
50	0
50	203
0	131
0	126
13	74
0	68
3	39
0	33
0	87
0	85
3	0
0	1
0	1
0	9
0	9
0	12
27	69
0	1
63	47
0	5
12	87
0	4
22	85
12	25
242	25
0	0
34	48
0	12
0	42
1	46
0	30
0	51
8	43
0	0
97	134
1	134
8	0
0	5
0	5
3	1
0	1
0	0
12	0
0	0
5	3
0	2
380	2
95	0
0	8
0	8
0	2
0	1
1	5
0	5
0	5
0	0
0	0
0	0
0	0
0	0
0	5
0	0
0	35
0	1
0	59
0	2
0	2
0	59
20	0
9	36
313	76
2	50
2	5
0	25
26	54
1	54
0	24
76	9
1	8
0	4
0	3
0	0
0	0
4	0
0	1
0	3
0	0
72	338
0	71
0	8
0	8
0	178
32	0
0	330
0	0
3	0
0	3
4	3
2	311
47	1
131	44
0	44
4	0
6	0
0	17
8	8
0	7
0	3
0	5
0	3
6	6
0	7
0	3
0	1
0	0
0	1
1	1
65	7
0	7
8	0
0	580
53	580
0	448
3	55
1	113
45	33
0	5
0	32
70	125
160	1
0	0
0	49
7	33
0	113
0	124
11	1
0	27
3	0
0	32
13	18
0	66
0	58
0	59
0	76
0	52
0	44
0	44
6	34
1	34
4	0
651	37
0	0
548	67
0	47
20	10
0	67
0	30
0	30
3	5
0	3
30	12
102	461
0	8
0	424
0	452
34	29
0	16
0	15
1	15
0	5
11	37
0	0
0	0
0	18
0	37
9	0
0	7
3	7
7	7
2	1
6	2
0	5
36	29
0	29
12	7
31	5
0	1
0	1
15	41
15	53
0	53
8	41
1	2
0	0
40	8
0	8
0	1
0	3
10	7
0	4
11	3
8	5
0	1
2	276
0	276
13	187
49	12
0	16
0	16
1	6
0	43
8	20
0	25
0	25
59	0
2	7
0	44
336	0
2	0
0	0
0	0
3	0
11	8
56	38
0	35
0	38
4	92
0	92
0	0
0	10
20	23
13	10
5	1
2	9
0	9
10	0
0	10
128	148
2	148
292	773
327	427
0	428
5	428
0	773
0	672
1	0
0	0
0	5
0	5
21	0
53	48
120	63
0	15
0	0
23	114
0	8
0	8
0	22
0	20
10	271
2	2
0	0
0	5
21	109
0	85
0	10
0	10
0	0
11	12
0	3
0	12
2	8
12	0
2	7
8	19
0	22
2	14
227	18
0	12
0	11
0	0
0	0
3	7
96	80
0	90
6	5
7	9
8	53
261	0
287	1
7	5
0	1
34	12
7	15
0	0
15	6
0	6
24	9
5	0
4	7
0	0
0	0
0	0
5	0
0	0
0	2
0	2
5	0
0	0
60	29
1	0
312	4
15	22
0	4
45	53
0	20
18	2
0	35
7	34
6	0
8	9
0	9
0	4
23	143
1	147
19	0
0	0
0	0
31	191
4204	141
0	112
9	55
3	79
61	30
0	15
7	9
0	9
0	1
2	11
0	11
17	19
1	0
0	196
0	1
5	1
7	0
0	0
48	94
54	107
61	102
40	61
30	66
0	6
45	5
29	2
0	66
2	280
649	280
0	19
8	9
22	38
0	1
0	3
35	40
0	0
0	2
0	2
6	19
0	19
0	15
7	6
11	42
0	42
0	39
526	20
0	1
16	0
0	6
0	3
0	4
0	1
0	1
0	10
0	10
0	6
0	0
3	0
0	0
53	74
0	100
0	44
0	74
0	25
6	22
126	0
21	1
1	0
4	0
0	119
34	13
4	13
4	40
6	48
289	40
164	32
0	32
0	2
0	0
0	32
56	0
0	3
32	3
5	12
0	62
22	62
0	39
31	20
99	12
0	0
0	0
5	0
0	7
0	7
0	0
4	6
13	6
15	10
2	7
0	0
2117	12
0	12
403	33
40	33
10	5
0	4
304	53
0	18
0	19
0	53
3	1
0	0
1	4
0	0
32	2
3	2
66	20
2	9
0	22
0	32
0	27
0	75
9	75
0	8
0	24
3	0
0	107
0	2
0	2
0	1
816	107
0	109
0	304
7	1
161	317
0	13
0	4
4	4
0	0
0	1
0	6
0	19
0	22
0	2
0	5
0	0
0	0
0	0
0	0
0	9
0	9
0	0
3	3
4	0
50	89
0	89
72	82
3	1
15	0
11	69
0	39
0	30
0	30
0	14
74	30
0	89
0	89
0	2
0	2
0	10
14	6
2	5
30	17
0	17
18	30
0	0
1	36
8	17
11	44
0	22
0	44
0	26
12	5
234	0
382	14
0	9
1	33
16	0
180	64
9	64
2	0
4	23
0	23
38	136
0	4
14	66
55	66
0	12
0	10
10	8
1	0
0	0
4	0
0	0
1	0
0	0
5	10
0	10
0	1
1	16
5	16
0	9
0	41
2	926
11	971
0	804
2	701
0	603
0	52
144	0
0	16
3	19
10	14
0	15
0	0
2	17
0	0
0	8
25	6
0	36
1	52
22	36
0	110
0	39
1	39
25	128
0	6
4	62
0	62
0	2
7	0
19	7
0	8
0	1
11	6
13	39
0	5
2	0
18	22
0	17
9	0
0	0
0	0
0	0
0	0
0	5
0	12
16	45
0	34
0	37
0	3
164	67
10	44
2	0
9	3
20	3
0	20
1991	79
6	38
0	41
0	24
0	1
1	9
1	46
0	15
0	15
0	0
92	155
1	155
507	27
0	18
724	3
0	9
7	6
46	0
0	0
1	0
2	0
0	0
0	0
0	0
0	0
2	0
4	4
0	4
430	1255
0	1255
197	158
0	43
5	87
0	10
4	0
0	0
0	99
0	8
0	7
0	0
0	7
1	7
0	7
54	75
6	74
22	79
5	79
23	0
0	429
0	158
63	14
0	14
0	1
0	9
0	0
128	244
1	244
0	98
23	8
13	0
0	0
10	4
0	20
209	240
0	4
0	3
0	0
0	0
1	0
23	220
0	3
0	3
18	144
0	144
17	135
0	364
16	940
0	923
0	77
0	3
19	6
10	0
0	0
0	877
0	877
2	851
69	0
3	0
0	0
18	0
0	22
55	22
6	0
0	192
1288	1247
180	778
0	156
9	174
0	347
301	5
0	5
19	0
8	0
0	0
0	243
0	243
80	24
0	0
0	0
0	0
2	3
0	3
0	3
1	0
6	6
0	6
251	35
58	13
0	9
28	2
10	0
0	4
0	2
4	2
2	0
24	14
0	2
2	0
0	0
30	83
0	83
0	78
0	76
0	54
0	9
2	1
1	0
16	1
0	2
0	3
0	3
0	3
0	3
61	66
0	23
111	55
0	0
3	0
42	151
0	19
12	3
0	146
29	0
5	133
119	0
0	25
0	13
0	21
0	12
0	12
0	12
0	13
0	17
0	7
0	7
0	10
0	2
0	2
3	8
0	15
0	8
0	8
0	8
0	8
0	8
16	24
9	1
3	1
43	0
0	0
24	21
0	21
837	65
0	56
47	57
0	24
8	4
13	2
4	2
0	1
0	34
73	23
6	23
1	1
0	0
2	0
93	11
17	6
0	7
0	5
9	11
8	0
1	1
0	9
0	16
0	0
0	7
0	7
0	1
4	0
0	1
0	7
0	7
0	7
0	6
97	17
6	17
0	9
0	9
0	0
0	9
44	0
207	3
494	92
0	92
0	1
24	49
19	1
68	150
0	0
0	150
0	143
13	0
1	0
152	107
0	107
34	0
0	5
6	5
0	0
0	11
1	0
380	47
1	1
0	1
7	45
60	65
0	66
0	11
0	8
0	7
69	0
463	1
5	11
0	0
0	0
0	0
41	45
91	254
9	44
0	165
141	134
78	69
0	45
0	1
0	2
22	8
0	8
1	0
0	0
2	0
2	0
0	0
2	0
5	0
3	0
10	71
0	0
0	1
5	1
0	8
0	8
0	10
0	0
0	9
0	9
84	23
0	23
48	144
11	28
1	3
0	2
18	0
136	8
2	25
1	40
0	0
9	6
0	3
0	3
20	11
7	0
0	25
6	5
7	5
23	32
0	32
0	0
3	19
0	18
0	10
2	27
0	12
2	4
0	12
5	2
0	2
0	33
33	33
0	105
0	105
0	6
0	1
0	59
0	0
0	89
7	97
66	2
0	2
12	0
0	10
104	152
10	16
0	152
67	21
0	3
10	12
0	0
40	160
0	168
4	14
0	14
0	13
0	780
3	780
21	0
0	71
78	596
0	596
0	32
0	50
0	50
51	478
0	316
0	469
0	6
0	57
0	4
0	3
0	3
0	0
6	1
0	1
7	1
5	0
0	1
0	0
10	2
16	2
0	0
0	0
0	0
0	0
0	0
0	0
18	0
0	0
178	0
49	96
0	6
2	0
0	142
0	140
2	10
25	3
389	10
0	10
3	0
0	24
0	0
26	81
0	23
0	63
0	4
0	19
0	5
14	6
0	9
0	4
0	0
0	0
2	1
0	44
558	44
0	16
0	51
0	38
8	25
0	9
0	17
0	71
0	77
0	12
12	12
268	60
0	0
0	9
8	0
6	82
78	0
0	0
0	0
0	0
0	0
1	3
0	0
0	0
0	8
0	3
295	90
15	0
0	9
0	9
0	17
0	9
0	8
0	8
0	5
9	0
0	89
50	89
0	2
1	0
0	0
0	2
1	99
0	97
6	2
3	2
39	2
20	2
0	0
0	0
0	2
32	14
3	14
20	14
1	4
0	2
0	1
0	4
15	0
54	3
0	14
0	15
0	16
1	12
0	9
0	8
2	3
21	3
6	0
0	0
0	8
2	47
1	65
0	11
2	19
0	15
0	14
12	18
0	3
1	4
0	1
0	0
0	3
335	46
76	44
70	18
0	18
0	18
0	2
0	9
0	2
5	0
0	2
0	2
1	92
16	92
0	7
46	10
0	10
41	29
2	5
0	5
0	1
38	116
1	116
0	2
0	0
15	0
201	0
0	42
0	40
0	14
0	0
0	0
1	0
0	48
0	41
0	40
8	41
0	39
0	38
0	38
0	38
0	35
0	36
0	12
0	0
8	2
1	0
0	12
0	12
0	6
9	0
11	0
19	33
114	9
0	0
0	3
0	26
0	1
52	1
0	1
3	0
0	0
0	26
4	25
0	24
0	24
1	26
108	140
0	60
12	1
0	66
13	113
174	34
239	19
0	8
0	18
268	49
0	49
7	0
28	16
13	16
21	79
0	0
4	65
0	65
1	7
0	7
1	1
0	0
137	0
0	1
0	1
0	3
0	3
0	1
0	0
0	0
5	0
6	33
0	33
0	1
5	1
53	20
35	63
0	63
0	0
1	0
0	1
6	0
0	0
0	0
0	1
8	11
0	1
7	10
0	1
0	2
0	1
35	2
0	2
23	0
0	6
0	6
0	6
1	0
1	0
0	0
0	0
16	55
0	55
0	463
118	463
0	1
7	1
9	0
17	836
0	494
49	5
0	392
32	449
786	389
2	385
642	417
2	6
0	6
0	1
0	3
0	1
0	0
0	2
3	0
9	3
48	3
0	3
0	3
0	3
0	28
0	26
0	4
37	13
0	13
0	1
3	0
9	0
1	7
0	7
0	5
0	5
0	0
0	7
1	234
0	313
0	305
0	278
0	68
373	498
0	416
77	19
33	19
0	6
3	6
0	4
11	6
0	0
0	4
0	0
0	2
0	2
0	2
2	6
4	60
0	69
14	94
210	25
0	13
0	9
0	14
0	9
0	50
0	12
39	131
12	109
0	90
751	366
0	403
20	57
0	6
0	1
4	59
12	2
0	42
0	0
14	12
0	5
0	27
0	12
17	10
83	2
19	181
0	224
3	51
0	1
0	40
9	47
40	7
4	0
0	4
0	4
4	4
3	11
0	6
0	224
2	12
1	12
75	0
295	29
0	17
0	17
0	27
0	15
0	15
0	12
0	2
0	0
15	0
6	0
0	17
509	14
36	2
0	2
0	0
1	0
53	19
0	13
245	14
77	19
0	19
3	1
53	91
0	5
0	0
0	53
0	12
0	3
0	0
0	13
0	0
81	24
1	0
0	29
0	0
0	29
19	0
0	0
0	14
0	21
101	18
0	3
49	14
0	7
0	6
84	3
43	5
0	42
0	42
6	19
3	0
0	0
326	34
393	34
5	53
0	28
62	0
1	173
9	174
0	33
0	0
121	6
0	6
10	1
16	56
36	0
56	0
0	0
0	230
0	241
119	241
0	46
0	34
0	0
0	23
0	23
0	3
0	264
10	248
0	40
0	248
21	135
20	64
0	58
0	17
0	8
0	8
0	8
0	3
0	6
98	158
8	23
44	19
0	0
224	18
48	26
37	26
10	2
13	28
0	2
0	1
0	20
0	12
5	18
0	10
0	6
1	10
0	6
0	3
0	2
42	1135
0	373
0	11
86	1
0	44
0	365
760	1201
22	21
0	45
56	45
24	202
24	202
0	29
0	29
0	9
528	29
1	29
370	0
3	0
0	11
0	11
0	3
10	181
0	46
0	20
72	2
0	56
0	69
2	26
0	15
0	75
0	106
5	12
17	2
0	2
2	2
66	41
0	136
32	3
2808	6
9	6
68	4
1	14
7	140
0	140
4	8
0	8
0	0
33	0
0	0
141	94
60	104
2	6
3	0
0	0
29	0
0	0
0	26
0	47
39	48
0	47
1	48
20	13
148	38
7	25
0	0
2	0
0	0
16	12
0	12
2	7
57	12
1439	38
43	7
0	11
0	33
0	323
18	323
0	314
0	15
0	15
0	15
0	15
0	15
98	121
0	114
17	81
0	4
0	7
0	0
5	0
2	0
10	28
0	22
1	7
343	13
0	45
5	38
27	0
0	0
0	0
39	4
0	17
0	15
0	17
0	6
5	5
0	0
7	29
0	29
0	24
1	20
8	355
0	373
5	0
7	0
29	6
0	6
775	735
0	222
0	259
0	82
0	44
0	92
0	15
88	36
0	40
0	92
0	196
21	17
0	17
0	16
5	0
0	3
0	3
0	0
0	19
0	0
7	14
5	1
0	18
2	19
162	472
0	2
0	2
0	0
1	0
0	0
125	82
20	80
17	59
37	50
0	26
0	26
0	0
0	1
0	2
7	3
0	11
1	0
0	2
23	2
0	11
529	37
52	2
0	8
6	7
0	1
0	28
0	9
5	4
0	1
3	20
1	5
0	5
0	0
12	35
0	34
0	34
13	27
0	18
12	18
4	2
45	618
305	406
12	265
3	499
0	386
0	276
0	3
0	3
0	14
0	8
0	7
0	3
0	0
0	1
349	103
0	2
10	0
0	0
12	0
0	101
0	0
0	50
0	50
6	12
42	31
0	7
25	25
0	6
0	49
0	49
6	0
0	0
37	5
2	0
0	30
0	27
0	33
152	96
627	68
5	67
25	67
247	16
0	16
3	1
3	1
11	0
0	0
1	0
0	0
2	14
0	14
0	0
0	0
0	5
0	5
11	86
0	32
95	68
5	5
0	0
0	35
0	76
0	86
2	86
94	86
0	0
2	0
3	0
0	0
1	0
345	0
0	38
0	15
18	48
30	15
0	27
75	9
35	0
116	46
0	2
12	33
137	44
75	5
0	5
0	3
0	3
0	3
257	0
724	0
7	0
9	0
29	92
0	92
0	19
0	0
10	19
0	0
6	4
0	0
0	14
0	17
0	2
0	11
0	13
0	9
0	12
1140	32
0	32
6	1
0	1
0	0
3	1
0	0
0	0
20	77
0	0
1	0
0	0
0	77
0	0
0	1
26	1
7	0
11	0
1	1
0	5
0	4
0	4
11	3
0	0
0	1
1	2
31	2
0	8
0	40
108	119
8	167
0	134
0	10
52	24
6	24
1	0
247	9
44	20
2	18
0	0
7	3
0	20
1	7
0	7
1	1
16	1
0	0
0	0
22	14
0	186
0	286
0	284
0	358
0	11
0	10
1	111
0	358
0	2
11	9
0	8
0	10
0	0
7	0
0	0
0	0
0	0
1	0
1	0
0	0
0	6
11	9
0	1
0	0
0	0
5	16
4	16
33	8
0	8
0	21
0	21
72	16
0	11
0	10
0	5
0	2
1	2
0	12
0	12
179	77
312	72
0	26
1	1
6	1
0	3
40	5
0	41
89	75
1	0
0	34
10	34
0	0
0	0
0	0
61	0
0	4
5	4
7	8
0	8
1	8
0	2
4	1
0	6
0	53
8	53
0	44
5	46
819	154
0	149
0	37
4	0
3	10
12	0
111	37
0	23
11	8
0	8
7	7
0	6
0	113
56	92
0	64
0	0
0	88
13	46
29	109
0	75
0	64
11	26
0	0
6	0
0	26
34	1
0	1
0	23
1	23
0	11
104	90
0	90
0	0
0	66
0	10
7	2
12	0
6	0
1055	87
5	11
0	6
2	13
0	13
0	13
4	182
0	5
0	182
0	20
0	20
0	1
0	1
0	20
1	15
0	1
0	1
0	1
0	1
0	15
21	27
1	27
3753	0
91	0
1	0
15	32
388	6
196	56
0	63
0	18
0	20
15	5
0	0
0	53
0	18
0	8
1	1
3	2
0	2
0	21
0	2
65	2
0	21
0	21
7	0
0	0
1	0
0	1
0	6
0	0
6	18
6	25
0	29
0	29
1	6
1	0
1	0
0	0
5	0
0	18
0	9
0	6
1	2
1	8
9	2
0	2
0	9
39	18
0	2
794	15
457	17
10	50
354	329
36	288
64	6
4	6
9	2
0	2
0	2
23	2
0	0
0	1
1	0
24	0
3	0
45	41
13	41
1	1
0	21
3	28
0	15
0	19
7	84
1	50
0	27
0	41
0	17
0	0
6	3
9	13
0	3
0	3
70	3
0	140
102	140
0	1
7	2
0	1
0	0
7	1
252	16
0	0
3	10
9	0
0	0
17	0
835	0
17	225
0	90
0	20
0	2
1	0
0	199
6	2
0	2
0	394
0	396
11	396
66	426
3	283
0	31
0	0
50	0
135	66
0	0
1	59
0	54
0	59
1	0
31	187
0	187
0	169
41	15
0	9
0	9
3	0
552	0
19	0
0	0
0	0
1	24
7	24
0	0
0	24
0	24
0	24
34	24
0	0
0	1
24	14
0	0
40	4
0	3
4	0
309	188
217	185
0	486
241	541
0	188
31	16
0	2
210	68
178	49
0	55
7	158
0	90
0	88
0	0
1	89
26	88
1	0
5	89
4	0
2	0
2	0
0	0
0	0
0	0
6	0
0	2
4	7
0	3
0	7
0	3
6	2
0	0
6	0
7	20
0	6
10	14
2	14
0	20
0	0
0	1
0	1
0	15
0	15
0	8
42	26
54	1
0	0
0	0
16	1
0	1
0	2
2	2
2	98
155	102
0	9
0	8
14	5
2145	0
583	162
0	0
8	32
15	29
0	19
0	13
0	16
8	16
0	7
27	0
0	0
0	0
157	334
0	405
17	136
1	11
483	365
29	385
0	225
12	88
11	0
18	31
0	31
2	0
0	20
0	5
0	169
0	179
0	146
8	25
0	34
20	3
0	0
0	34
0	34
31	3
39	23
15	3
0	23
0	20
11	11
9	11
0	9
0	9
34	82
18	136
2	0
0	5
0	0
0	5
0	2
0	0
22	0
3	87
10	0
6	32
4	61
0	33
0	6
0	6
0	2
3	0
70	64
0	0
0	64
0	64
0	0
2	8
0	3
0	3
0	8
0	1
0	1
0	1
0	1
0	1
14	0
0	22
2	22
0	1
0	22
9	206
0	94
314	113
7	0
0	112
1	0
14	12
0	12
12	12
402	79
0	8
0	0
6	32
0	82
11	41
0	41
0	21
52	24
0	12
13	8
5	12
0	12
416	9
0	0
19	55
0	0
149	55
3	13
0	13
8	155
0	155
0	89
8	63
15	3
1	56
2	1
0	1
0	0
26	8
0	15
0	0
0	15
0	8
0	2
0	2
0	1
0	8
4	20
0	0
1	0
0	0
1	51
0	86
25	78
0	68
0	65
0	1
13	1151
7	82
3	0
193	1148
12	14
6	14
0	13
1	13
0	1
0	0
0	0
4	0
0	1
0	1
0	0
9	15
0	14
0	13
0	11
2	13
0	11
0	13
0	3
0	2
0	0
33	0
0	38
0	27
0	38
1	6
0	0
1	0
0	0
85	92
0	60
0	22
44	0
9	63
0	28
32	70
2	59
11	19
0	32
0	42
44	41
315	7
0	7
1	7
6	0
0	0
0	0
0	0
1	0
0	0
0	0
4	4
0	0
0	3
9	3
0	4
1	0
2	0
209	1689
0	1
0	1
0	0
1365	46
0	8
0	38
2143	19
104	19
0	15
0	10
0	3
0	3
8	5
0	1
76	41
172	41
0	2
0	5
86	8
0	0
1	3
0	3
0	17
0	16
0	2
0	74
0	0
1	71
0	53
74	111
0	110
0	84
0	83
0	21
9	13
0	5
1	0
0	5
0	20
484	1
1	22
2	22
24	8
0	5
5	0
1	10
0	10
3	2
283	48
1	48
4	48
0	9
0	9
0	7
3	0
0	1
14	0
0	14
0	17
263	143
1347	150
0	79
0	73
2	55
1	291
4	0
5	0
2	361
9	0
0	443
0	1
3	0
0	0
1	8
0	8
0	445
88	30
25	637
0	1
21	0
2	12
0	1
0	12
130	11
3	11
2	0
4	0
0	0
208	0
5	0
363	663
2	33
0	33
0	15
0	21
0	0
6	0
0	4
26	2
1	1
0	1
0	1
109	7
0	7
21	523
7	8
0	6
0	1
0	2
0	10
5	1
0	7
0	7
3	0
0	33
0	0
2	33
0	0
0	21
60	356
6	0
594	1
0	0
0	0
0	1
2	27
0	27
5	7
31	3
23	4
17	1
71	189
10	189
0	1
1	0
7	84
0	64
0	22
28	23
0	1
0	20
0	2
12	91
0	83
0	40
0	24
0	2
9	14
4	2
60	729
0	729
0	618
1376	624
0	615
13	703
0	602
0	44
392	20
0	18
0	20
40	6
18	2
0	8
6	8
0	1
8	103
5	102
0	108
0	106
25	92
590	1
0	1
4	1
1	1
39	9
0	9
10	113
1	35
0	4
21	0
0	3
2	0
48	0
10	12
0	9
1	5
17	15
17	11
14	7
6	4
0	0
0	0
2	1
7	0
0	0
0	0
0	33
29	1445
0	254
0	254
0	4
0	7
0	0
0	0
47	0
0	8
0	0
7	0
45	17
0	1
0	2
0	4
0	4
0	39
0	1361
0	1
4	16
0	0
1	0
2	0
6	1458
0	1458
0	6
0	6
1599	0
0	1
0	94
0	94
27	94
0	0
0	2
2	2
2	5
0	5
0	0
0	0
0	0
2388	269
0	267
0	269
0	6
0	246
0	221
0	221
28	35
50	25
1	34
10	0
0	10
0	0
1	0
0	10
0	25
0	25
0	2
35	34
4	34
0	3
18	16
1	16
15	10
0	10
0	4
138	0
12	23
0	23
0	2
0	0
0	0
1	3
3	0
7	0
0	0
0	0
0	49
2	51
0	3
0	1
0	10
0	10
0	3
0	3
0	0
3	0
23	3
9	2
0	1
0	0
0	0
0	2
0	5
13	5
36	22
0	1
0	0
0	5
0	10
0	0
0	21
6	82
68	151
0	134
76	56
22	82
7	37
11	32
0	46
205	66
194	59
4	42
1	85
0	75
14	83
0	48
0	35
7	0
0	13
0	13
2	71
185	0
4	1
0	0
0	7
0	17
0	17
0	18
0	18
0	17
7	6
11	0
5	6
0	7
0	12
3	17
0	101
7	101
1	109
55	2
2	2
81	80
351	11
0	0
0	0
0	11
4	11
1	0
10	0
3	4
24	0
0	0
0	5
0	5
7	7
0	7
0	223
0	223
0	223
0	4
3	5
0	5
18	17
0	3
0	27
23	22
32	85
16	25
0	1
45	26
8	0
40	0
0	0
125	1576
7	0
0	5
0	6
0	1480
14	5
0	31
234	1
0	1
0	0
1	3
1	242
9	33
4	33
282	33
1	7
0	0
5	0
525	209
12	1
0	26
0	26
0	26
0	5
18	0
88	14
0	14
2	11
0	65
0	75
181	462
128	440
0	158
0	183
19	153
114	270
6	13
0	13
0	2
18	2
67	31
0	25
80	36
0	21
0	0
0	15
986	483
2	0
0	65
0	125
5	1
69	199
0	110
2	177
4	110
0	27
0	0
0	0
2	0
0	0
0	15
0	1
0	0
0	1
0	4
3	3
1	1
0	0
5	3
0	39
0	39
0	0
19	5
0	4
5	0
0	0
0	4
0	4
0	4
111	48
2	112
0	9
15	111
0	23
0	80
19	21
0	111
0	20
16	58
117	58
2	55
50	4
0	23
59	13
9	13
0	1
0	71
0	70
0	79
11	79
0	87
0	81
8	13
5	19
8	0
18	25
0	25
0	6
113	76
0	73
5	0
17	57
5	72
1	94
0	73
9	0
0	1
0	2
13	12
1	1
44	13
0	77
0	8
0	20
0	18
0	18
0	79
2	2
0	1
0	0
0	0
0	1
0	1
0	1
3	10
0	22
11	6
1	20
0	1
7	3
0	1
0	31
0	31
0	31
0	192
1	30
0	100
0	48
25	1
48	161
0	39
104	309
0	91
0	41
0	52
50	49
0	0
0	0
0	1
12	52
2	1
0	3
19	20
0	17
1	3
0	39
0	17
0	23
0	24
0	24
0	11
20	10
0	0
0	0
0	2
0	3
6	0
0	1
0	3
8	12
150	211
607	1418
57	1389
41	8
0	6
0	0
0	42
0	0
5	11
0	11
12	4
87	293
0	174
6	138
11	184
0	10
0	10
32	77
439	44
0	50
31	25
0	0
6	6
15	4
0	0
229	48
0	48
3	0
0	5
0	0
0	0
0	0
0	0
4	0
0	12
0	12
32	76
0	15
0	76
690	668
0	360
15	366
0	69
0	177
0	62
0	35
0	2
0	0
0	2
20	3
8	56
0	56
1	2
0	56
0	2
1	15
1	15
46	0
0	24
0	24
0	0
18	0
1	0
1	0
0	0
166	485
0	484
0	388
635	3
1	2
7	1
0	5
8	194
0	194
130	34
0	0
2	5
0	0
0	0
122	209
0	156
36	159
0	68
0	68
88	34
0	34
8	0
12	0
2	45
19	23
0	0
0	0
15	2
30	67
0	63
0	58
0	16
0	0
11	16
0	7
0	217
698	229
0	56
0	0
0	5
61	0
0	45
0	49
0	56
0	56
0	82
0	0
25	33
0	8
0	8
0	82
135	15
12	5
47	22
0	17
0	0
0	21
9	59
885	32
0	39
227	25
0	25
0	2
0	25
4	28
1	0
0	0
0	0
6	7
0	11
51	11
0	7
6	10
0	116
0	119
0	116
1	17
0	17
80	111
1024	106
554	88
0	1
1	51
913	110
38	111
0	22
9	22
0	10
0	1
261	8
5	4
1	3
328	350
8	65
0	92
0	2
9	2
4	0
0	0
0	0
6	0
6	27
0	27
174	11
0	55
146	56
45	74
0	53
0	28
0	28
4	1
7	0
2	8
8	3
0	10
12	44
0	44
25	151
7	0
1	0
0	0
0	0
0	2
1	0
0	0
66	2
0	0
0	4
0	6
0	0
37	2
0	92
0	44
0	70
0	111
0	97
0	56
0	34
0	0
0	7
39	0
0	38
11	156
0	34
994	25
27	27
0	3
0	2
7	28
0	28
6	22
0	7
9	28
0	0
4	0
0	20
2	0
20	17
0	15
0	13
0	13
2	2
3	2
0	0
10	0
190	1
2	9
481	11
0	11
3	1
0	8
7	8
0	1
0	3
6	1
0	1
0	0
0	1
1	1
0	8
0	1
0	2
0	0
2	0
2	0
0	1
195	0
8	0
0	68
0	90
0	22
0	1
7	22
112	22
0	22
15	1
0	8
0	11
0	9
0	9
0	23
0	8
0	6
0	0
14	1
0	0
0	1
0	0
27	58
0	0
0	1142
0	1108
4	13
0	0
0	12
0	6
0	76
6	76
96	80
17	15
0	7
6	7
3	0
188	20
0	37
29	1
21	4
0	73
0	72
0	39
0	73
0	1
0	3
0	0
0	0
0	0
0	23
0	0
203	581
0	27
2	27
0	0
0	4
10	13
0	1
3	1
0	26
0	0
0	2
0	14
0	5
0	14
0	25
580	0
19	103
57	105
0	78
0	78
0	65
0	65
0	0
9	2
0	42
1	12
0	12
0	9
0	5
1	0
185	524
0	744
154	893
0	4
0	0
0	21
552	839
0	586
7	6
0	6
0	38
24	169
0	168
0	1
0	0
0	1
0	0
0	38
74	383
0	45
0	64
11	1
0	74
36	0
0	12
0	27
0	116
0	21
0	1
944	118
0	12
8	0
192	51
10	93
1	92
7	94
0	142
0	142
0	51
3	9
0	22
183	186
18	186
87	287
59	264
1	246
23	202
0	162
0	1
2	1
7	0
96	37
0	37
0	7
36	0
0	0
0	43
0	62
1	9
8	9
0	2
0	0
42	6
0	6
0	8
0	2
31	20
1	20
32	7
25	0
6	0
0	87
0	0
14	7
11	13
12	6
10	208
0	13
10	1
0	1
2	1
0	1
1	889
2	207
0	16
1	0
2	887
12	19
0	19
0	0
15	4
203	127
20	48
337	45
0	51
0	51
0	7
0	51
2	0
6	0
0	16
0	28
15	28
0	1
0	2
0	1
0	0
0	0
0	0
0	1
23	3
8	32
0	1
5	0
341	59
0	57
0	0
0	59
0	59
0	59
0	59
8	24
3	3
0	45
0	1
0	31
0	31
0	42
8	0
0	0
0	42
6	42
0	42
45	0
26	0
1	0
314	69
4	67
0	20
0	10
0	4
0	4
0	0
8	0
1	0
0	0
0	4
2	2
0	0
0	0
0	0
0	0
0	176
0	161
0	36
15	133
42	12
2	0
0	0
0	0
0	0
0	5
4	5
0	4
642	0
0	1
14	8
0	0
377	33
0	15
0	5
180	199
0	165
6	135
0	87
0	8
0	4
2	0
0	18
2	18
0	8
0	8
0	18
0	9
0	9
0	2
1462	247
5	266
39	194
0	212
0	104
158	168
0	112
0	48
0	44
0	41
0	6
0	78
0	11
0	10
0	0
5	9
47	44
0	9
0	38
0	1
18	1
0	1
3	20
0	1
0	1
0	6
0	0
0	1
0	9
0	1
0	6
0	10
0	2
2	1
0	3
0	6
42	6
0	1
0	6
0	1
0	1
0	1
0	1
0	1
706	90
0	68
0	28
0	28
0	29
0	67
105	60
0	28
0	25
0	29
0	0
0	0
11	5
34	0
16	40
8	18
0	133
30	15
1	527
0	524
2	12
13	1
21	3
30	3
4	3
14	4
0	4
6	16
1	16
12	16
17	11
0	21
0	42
16	44
3	8
0	1
0	1
7	10
0	15
77	102
0	66
20	93
11	9
0	9
0	0
0	8
0	0
4	0
202	1
153	25
2	0
120	17
0	25
0	17
0	35
110	91
17	88
2	18
0	0
74	21
0	1
0	27
0	27
4	9
0	0
0	0
0	0
2	0
2	83
0	17
5	0
21	79
0	1
8	76
1	0
0	7
0	73
2	16
0	28
0	0
0	0
2	0
0	1
0	2
8	2
0	2
0	73
154	4
0	0
1	4
2	1
15	11
0	6
0	0
0	0
0	0
4	0
0	7
0	7
0	4
4	0
0	13
8	0
0	13
13	13
0	2
0	0
0	0
5	1
0	1
45	48
0	48
52	7
0	3
0	3
8	0
0	0
5	0
6	0
44	83
0	74
0	23
0	11
0	7
17	38
0	5
0	1
8	1
0	9
576	223
0	208
0	221
0	13
2	7
0	0
2	0
1	0
84	34
0	9
0	0
93	80
9	76
4	52
0	13
26	0
0	2
0	2
0	2
0	1
0	2
0	0
1	29
0	29
0	29
0	29
46	16
9	0
1	0
0	16
0	2
0	1
21	24
321	4
2	1
7	4
3	46
1	140
159	188
41	12
19	0
17	8
0	0
3	0
0	0
0	0
205	112
0	39
11	76
0	38
7	6
38	73
21	25
881	0
0	0
1	0
3138	8
0	0
0	8
0	0
0	0
0	1
0	2
0	2
1	1
30	3
1	3
1	0
0	0
1	0
21	23
0	23
0	19
0	9
15	10
0	6
0	22
0	22
0	22
0	1
0	2
21	0
0	2
75	138
6	102
12	36
1	7
0	7
0	6
21	12
0	12
0	1
0	2
0	5
469	111
4	107
105	254
6	59
4	4
49	6
0	0
0	216
4	19
0	19
20	19
2	197
45	0
0	0
0	19
0	3
0	3
0	0
0	0
0	0
0	0
0	0
0	0
0	7
0	2
3	16
8	7
0	3
0	1
0	1
0	0
0	0
26	171
0	1
1	59
31	3
0	59
0	1
2	1
21	1
0	0
1143	408
35	403
604	117
7	0
1	0
0	2
0	2
0	0
0	0
228	313
21	240
0	4
11	45
26	49
21	16
2	17
0	4
0	0
0	0
0	0
0	0
0	0
5	0
0	0
0	0
6	0
1	0
32	981
415	598
173	165
4	383
0	0
0	0
8	0
1	0
5	546
0	524
13	322
9	0
3	0
19	0
0	3
1	0
0	17
0	17
0	64
0	74
0	88
0	87
0	84
1	4
0	0
0	0
24	7
0	2
0	7
8	0
0	5
6	1
0	1
5	20
1	7
86	852
5	13
96	4
59	4
1	0
2	0
5	0
0	0
0	0
25	0
76	681
0	8
37	8
0	6
0	8
0	0
0	9
5	4
0	0
0	1
1	0
7	0
97	6
0	2
492	39
0	34
0	34
0	35
5	35
0	1
18	19
10	9
0	0
0	18
0	18
0	13
0	13
0	13
8	12
2	0
0	8
0	13
0	8
0	8
0	12
0	0
0	0
15	25
0	1
0	0
10	0
0	0
0	18
0	18
173	96
2	21
0	64
0	2
4	0
0	49
109	61
0	61
2	4
0	1
0	0
0	4
0	0
7	0
1	1
7	1
159	152
0	152
0	118
0	111
227	205
0	5
0	5
1	7
180	7
0	6
3	6
0	0
0	0
3	0
65	76
0	6
4	0
0	14
0	14
0	14
0	14
10	0
0	0
0	0
0	0
7	0
0	4
0	3
5	4
0	1
0	1
0	0
0	0
0	0
0	0
0	0
8	901
0	911
43	55
7	1
24	0
1	0
161	11
0	6
0	6
0	14
1654	167
1	0
408	20
0	20
63	39
46	27
9	148
0	123
0	63
15	1
24	38
0	15
1	15
7	0
1	0
0	0
4	0
5	0
0	1
0	1
4	17
0	17
20	0
0	0
1	0
0	3
8	2
0	2
12	10
34	0
0	10
0	0
0	2
12	0
0	0
25	7
0	0
15	0
0	5
0	3
0	0
28	0
0	78
0	78
0	31
0	29
23	29
12	39
0	39
2	8
2	6
0	0
76	631
19	633
8	2
26	354
0	351
0	291
0	0
14	210
0	98
0	4
21	175
79	6
0	0
68	6
0	0
47	280
0	280
0	2
1	2
0	2
0	1
0	1
0	272
6	203
47	0
0	0
0	7
28	71
19	64
46	0
2	34
0	20
0	9
0	9
0	3
616	1542
770	1578
20	410
0	927
0	16
0	16
0	8
0	8
0	15
2	0
1	0
0	52
0	10
0	0
0	0
0	95
0	0
0	0
0	9
0	0
4	6
0	18
0	3
0	0
0	0
0	95
0	147
0	95
0	147
74	0
0	0
0	0
4	0
0	0
0	0
1	0
0	0
141	0
0	0
7	17
9	0
0	17
1	24
41	8
0	8
1	6
0	6
0	6
16	7
3	52
0	5
0	61
0	61
0	50
0	52
1	0
0	6
0	2
0	3
0	26
0	17
0	4
1	0
25	2
0	27
4	0
0	84
49	71
27	130
0	129
0	41
0	38
41	12
0	9
0	10
51	99
1	0
0	0
0	41
0	25
55	63
0	6
0	15
0	0
0	6
5	10
0	4
0	5
0	0
0	25
4	0
0	26
27	115
0	80
0	80
0	50
0	0
30	0
0	0
2	16
19	80
0	80
0	32
0	32
0	6
0	2
0	1
19	0
122	123
37	186
8	77
3	10
0	7
0	5
0	8
1	0
6	0
0	2
1	0
9	1
0	1
1	22
1	125
19	125
1	10
31	12
15	0
4	1
0	6
0	2
18	81
64	76
1	9
1	4
0	22
0	51
2	17
9	0
37	57
5	0
0	0
0	0
0	0
0	2
0	0
0	0
2	2
0	0
46	64
0	24
0	46
0	46
7	0
44	3
0	0
0	8
2	9
201	17
0	17
2	8
0	6
2	3
5	3
3	3
12	0
0	1
6	8
1	19
0	3
0	2
0	17
0	0
0	1
10	16
7	4
24	4
0	0
0	35
0	19
34	18
62	19
198	291
28	8
0	0
0	0
0	0
0	8
27	6
0	8
0	8
0	3
28	18
56	18
0	3
0	1
123	237
0	237
3	172
0	13
0	13
37	163
0	210
0	210
0	210
0	10
0	7
2	0
0	6
0	3
357	272
0	217
333	89
0	64
0	67
0	31
35	2
11	25
7	23
0	4
0	19
0	19
2	1
0	0
1	5
1	5
0	0
0	0
0	3
11	3
0	0
0	1
9	3
2	0
0	0
3	0
0	1
4	3
1	6
1	1
132	18
0	0
0	0
0	0
0	0
6	15
0	6
0	31
0	31
0	31
0	31
0	31
1	24
0	31
17	96
0	120
54	16
414	96
0	91
3	1
0	120
27	18
0	47
5	5
18	29
102	12
4	6
8	6
0	2
0	0
14	0
0	12
0	4
1	4
0	4
0	0
35	4
506	19
0	127
0	121
6	19
0	104
15	0
0	2
0	9
0	14
0	45
228	27
0	50
0	8
0	14
0	8
0	25
1	13
0	29
0	51
0	4
18	36
0	10
0	9
2	9
0	10
0	5
0	1
0	1
3	0
0	1
0	2
0	1
0	0
0	0
0	0
6	1
2	0
67	2
871	348
0	348
14	30
0	10
0	10
0	9
9	11
0	7
0	5
0	9
0	16
0	0
0	16
0	13
208	42
5	39
0	0
0	7
0	5
0	40
0	40
0	29
0	16
0	27
0	1
0	1
98	0
1	11
0	32
1	10
0	10
0	1
0	1
13	0
290	15
0	15
0	15
4	1
0	1
0	12
0	0
0	6
1	0
0	0
0	7
0	9
0	9
440	81
0	81
79	11
0	7
14	1
0	13
0	11
0	1
0	2
0	13
0	11
2	3
0	3
4	2
1	0
2	2
5	0
0	0
0	0
2	33
0	0
7	43
0	4
0	26
0	3
0	43
12	0
5	0
10	1
0	1
36	2
0	2
1	2
0	0
12	5
3	6
1	1
0	5
0	3
13	0
36	11
0	6
1	13
0	1
0	13
43	0
3	0
0	57
143	62
0	0
0	48
3	48
0	1
0	30
0	3
0	98
0	13
0	0
0	131
25	168
46	8
0	3
543	28
239	11
0	135
38	151
0	68
0	0
0	32
8	4
0	0
0	1
0	34
0	68
1	0
9	49
0	45
0	45
0	13
0	3
2	0
3	3
0	1
2	0
0	4
0	4
11	8
0	8
1	0
0	0
0	121
1	13
40	118
39	7
4	13
143	118
0	667
275	117
0	666
5	0
12	96
45	570
0	175
12	58
0	35
0	10
0	33
0	9
0	9
2	0
14	1
0	7
0	99
0	135
0	92
7	13
0	8
0	2
0	2
0	36
0	1
0	2
0	11
0	2
0	2
0	9
0	3
0	3
32	26
0	29
0	65
1	0
8	0
0	3
0	0
339	84
0	84
2	2
51	85
15	0
0	0
1	0
1205	0
10	49
0	53
10	61
22	54
9	25
238	15
0	1
140	3
1	432
0	39
5	15
4	400
1	4
6	227
29	0
14	11
3	14
0	6
150	36
0	41
7	42
2	40
0	0
120	4
0	4
8	0
4	0
4	0
6	0
0	390
16	35
21	27
0	78
0	3
0	4
27	286
0	387
0	1
0	1
21	119
0	116
0	87
0	28
4	7
4	0
43	34
4	12
139	23
960	0
0	12
3	1
0	0
0	0
0	0
4	0
9	14
0	13
239	10
191	10
48	22
7	22
10	0
0	4
0	4
7	9
0	8
2	7
3	6
0	6
0	6
0	3
20	1
0	1
0	0
4	0
0	0
3	26
0	26
1	26
7	25
0	19
0	4
0	4
4	2
0	2
54	80
12	5
0	93
0	4
26	118
4	7
4	1
16	146
2	0
0	2
0	9
0	2
0	8
0	9
0	7
0	6
0	7
8	11
8	10
0	1
0	1
0	8
0	10
0	0
1	1
0	9
0	2
0	4
0	1
14	0
0	9
0	32
23	39
0	5
3	0
53	5
22	101
0	558
13	14
39	557
19	0
27	504
84	0
0	0
0	3
0	3
3	0
1	6
0	6
711	127
6	125
0	113
108	0
2	0
12	0
2	1
0	3
13	0
20	0
4	3
0	3
0	240
2	33
0	51
2	169
0	85
10	214
0	13
1	23
0	2
0	69
42	0
0	1
64	1
218	0
0	0
19	0
0	4
13	4
12	2
0	2
8	0
3	5
0	1
0	4
0	0
0	1
0	1
8	0
0	5
0	23
0	24
0	3
14	1
1	1
0	1
1064	1
0	1
0	1
1	8
0	0
0	0
0	0
0	1
118	1
3	0
0	0
6	1
29	148
11	148
461	137
13	28
0	0
11	12
0	0
1	0
78	1
0	0
0	118
1	3
3	4
0	5
0	5
0	77
0	55
6	146
0	120
0	34
0	3
0	3
1	3
0	0
3	0
5	4
0	0
0	11
0	1
2	0
15	0
6	52
0	52
8	93
0	62
0	67
0	49
24	22
7	0
0	0
0	0
3	0
0	11
0	5
3	6
2	22
0	109
381	0
0	1
2	1
0	10
28	14
0	10
0	2
0	10
0	22
1	0
0	1
0	1
0	0
0	0
269	1
1151	39
0	39
47	5
10	1
1	284
0	248
0	284
0	126
390	36
0	8
1	4
0	4
0	6
15	3
1	3
0	2
0	9
0	2
0	2
0	0
0	0
0	0
5	36
0	43
88	0
0	0
0	24
0	27
0	31
0	24
25	34
0	24
0	24
0	24
0	0
0	20
0	14
0	0
0	3
2	0
5	0
0	0
3	2
0	2
3	0
0	0
10	0
0	0
26	0
0	31
0	0
1	1
0	54
0	21
0	12
0	54
821	21
0	6
8	1
3	1
5	0
21	0
16	24
0	24
0	0
0	5
4	0
141	163
94	6
0	5
425	21
0	73
0	73
0	73
152	6
0	0
45	112
0	10
0	10
0	6
4	1
0	15
3	15
0	0
1	99
6	3
0	0
1	0
0	1
57	63
1	63
0	0
13	32
0	32
0	5
2	9
0	0
3	0
0	10
18	8
0	10
2	6
0	4
0	6
49	8
4	8
0	6
241	140
140	183
0	0
1	83
3	153
23	25
14	0
0	0
6	41
0	15
0	4
0	2
2	0
12	3
0	0
14	0
1	3
2	0
0	0
6	19
110	37
0	8
29	2
0	2
11	68
0	33
1	6
0	6
11	16
0	0
0	1
0	0
69	0
3	0
54	54
0	49
0	12
0	8
0	54
0	3
11	14
4	19
0	8
16	3
12	1
0	2
2	2
20	19
4	46
0	53
25	7
0	2
9	1
0	0
0	0
0	3
3	0
13	32
31	0
11	126
0	135
0	122
0	111
0	30
0	0
7	1
16	22
0	602
0	602
14	4
20	561
113	430
60	668
197	683
76	9
0	9
41	17
243	9
72	57
9	46
0	19
26	5
0	14
0	4
0	13
4	13
31	28
9	23
144	6
5	0
3	0
31	61
0	4
1	57
3	44
37	54
4	116
4	675
0	242
0	673
0	0
0	4
48	668
2	0
0	216
0	85
0	0
20	97
0	97
0	33
8	33
0	19
28	0
0	0
4	0
0	2
0	12
0	2
0	33
0	34
0	1
0	2
0	2
0	0
0	10
0	0
9	8
0	2
0	1
0	3
0	3
15	24
0	4
0	24
0	1
0	0
0	0
0	1
0	0
50	82
0	67
0	67
1	52
6	13
0	14
0	50
0	62
0	17
0	17
0	44
61	44
0	49
0	50
0	9
0	18
0	3
0	2
0	9
32	14
0	1
0	0
9	25
4	24
14	4
0	17
90	72
0	67
0	49
17	0
29	9
0	9
0	4
0	1
0	1
0	3
0	0
4	1
19	9
0	36
5	2
0	2
0	2
0	2
0	2
0	0
0	0
0	36
39	26
6	0
6	26
0	2
3	18
5	17
0	31
4	26
0	39
0	29
2	2
31	174
0	351
307	418
0	78
8	26
1	26
0	20
0	20
0	9
6	0
47	344
0	320
3	0
9	9
0	10
95	10
0	320
0	0
0	75
30	75
120	56
0	56
0	22
21	0
0	0
0	0
2	0
0	0
0	0
0	1
21	12
0	12
0	30
4	12
0	0
109	39
5	14
0	101
0	97
0	83
0	4
0	0
0	83
180	528
0	523
0	312
0	45
0	50
0	55
1	18
3	0
8	0
0	0
2	0
1	0
0	0
0	0
0	0
44	45
1	0
7	45
0	1
35	87
0	87
110	2
0	19
16	19
161	0
32	21
0	21
0	86
2	81
6	5
74	74
4	19
7	35
0	74
0	0
36	99
0	44
0	37
0	82
0	82
0	0
0	3
3	2
18	0
11	2
903	387
0	382
1	348
58	53
16	25
0	7
0	21
32	16
0	0
8	2
0	2
0	18
0	223
0	224
0	118
0	62
0	0
6	2
0	1
0	14
7	14
0	10
0	10
0	1
0	1
105	0
21	708
143	708
0	1
9	2
0	1
219	62
10	39
3	0
0	7
0	7
9	3
17	3
0	0
2	0
31	52
2	52
0	62
1	56
19	43
0	47
0	46
0	47
0	17
17	0
0	22
0	41
0	36
0	50
0	41
0	41
0	41
0	50
0	41
0	5
0	5
0	14
0	5
0	1
0	0
0	6
0	43
0	55
121	11
0	5
0	5
0	5
1	0
0	0
1	0
0	0
3	0
2	0
0	11
38	31
1	0
0	0
2	1
3	1
0	32
3	0
6	0
0	5
0	5
0	6
0	1
0	5
207	563
8	0
8	0
142	0
44	91
0	91
6	50
6	55
4	0
0	0
0	1
0	73
0	73
8	13
25	88
0	12
123	590
10	20
0	20
0	20
0	20
0	0
0	0
0	3
0	3
0	3
0	3
0	3
0	0
5	57
6	37
0	5
0	50
214	4
0	2
1	0
1	2
0	2
0	0
0	9
0	15
0	9
0	15
0	52
0	69
4	52
15	0
0	19
37	12
0	1
10	1
1	1
1	1
3	2
0	37
0	0
0	89
30	0
305	8
0	5
0	3
0	1
0	0
0	2
0	2
27	216
149	391
0	16
218	0
16	9
19	0
0	1476
0	1476
0	171
135	45
1	7
0	39
0	15
0	8
0	2
60	2
0	1476
255	68
0	26
5	1
0	0
15	11
0	41
5	7
0	5
0	1
0	1
0	51
12	51
438	531
0	5
0	0
0	0
0	0
5	0
0	0
0	5
1	0
6	10
3	1
1	5
9	12
2	4
2	4
154	23
0	23
22	0
3	6
1	80
0	77
0	25
0	35
0	27
0	62
0	244
0	6
0	12
0	3
0	10
0	2
8	1
0	2
0	10
2	22
0	1
0	1
0	5
0	0
5	8
0	5
0	34
0	42
7	2
3	5
0	5
0	2
0	23
0	2
6	5
7	5
1	42
31	8
5	77
1	14
0	14
0	0
0	0
0	1
0	1
3	0
0	0
0	0
175	63
6	22
13	179
0	157
0	82
0	47
0	47
0	2
1	0
5	0
1987	652
82	652
0	21
209	69
0	46
6	2
0	27
21	131
0	2
0	23
0	3
1	127
1	0
15	137
5	133
0	133
0	136
0	92
0	46
0	0
0	0
1	3
0	7
0	2
0	3
0	7
0	3
0	137
0	133
0	133
0	0
0	0
0	2
0	64
0	0
0	0
2	56
0	64
812	281
0	0
2	0
0	281
68	54
0	37
0	42
0	54
5	25
0	28
34	26
0	26
0	26
0	18
0	18
0	0
155	2
18	20
9	282
0	282
0	0
4	0
1	5
0	34
0	158
0	75
0	151
0	60
1	22
0	60
0	17
0	15
0	29
0	215
2	215
2	0
50	53
0	46
0	50
0	1
0	1
0	0
0	0
0	0
0	0
0	0
0	1
128	33
0	14
0	33
3	0
0	1
0	0
0	20
2	1
12	1
0	0
1	3
0	3
0	15
1	12
0	29
0	24
10	26
17	0
153	51
0	21
3	0
147	0
0	21
0	21
1	17
0	2
1	1
33	39
45	38
65	0
2	10
0	10
2	0
0	0
32	5
0	5
0	5
48	48
0	48
0	48
0	33
0	6
0	0
2	3
14	7
0	1
7	2
0	0
46	7
1	6
0	4
0	1
0	3
3	5
0	5
0	5
0	5
41	0
14	36
2	14
0	62
0	44
0	48
4	48
0	19
8	13
0	0
0	0
0	0
6	0
3	0
0	61
0	2
0	5
0	5
0	5
0	80
0	18
14	30
0	158
2	4
1	0
2	175
0	7
2	7
0	7
1	0
80	119
0	119
8	44
0	22
0	17
0	10
0	0
0	0
0	0
0	0
0	0
0	0
69	43
0	0
0	43
0	34
0	1
0	12
0	12
6	0
25	0
19	0
0	49
0	94
15	90
0	14
0	9
136	0
0	0
11	0
2	3
0	3
0	36
0	4
0	0
0	5
1	5
1	0
0	0
14	52
1	7
3	45
15	4
9	37
10	10
16	54
0	33
0	25
0	26
0	26
0	1
0	19
19	31
0	2
43	0
0	0
0	71
0	0
0	71
0	38
0	52
0	35
36	71
0	35
4	16
2	0
0	5
0	0
0	4
0	2
0	1
0	3
658	0
3	593
158	630
24	596
0	31
31	20
12	13
0	2
0	5
0	4
0	6
0	4
0	6
0	15
0	0
0	0
2	3
1	0
0	0
11	146
824	146
3	50
0	4
0	0
34	17
0	6
23	17
0	20
0	17
0	4
0	0
1	0
0	4
0	4
0	3
28	48
0	24
0	4
2	4
2	5
0	2
9	0
30	47
0	26
0	46
0	17
0	28
0	23
0	16
0	7
0	28
17	18
0	18
0	16
5	0
0	0
22	0
0	0
0	0
0	5
0	0
0	5
0	0
0	20
0	0
8	2
2	2
0	0
0	0
32	2
30	1
6	1
0	1
0	17
180	15
0	17
0	10
6	11
0	6
0	2
4	1
0	2
23	11
5	10
3	1
647	0
115	0
1126	0
0	121
1	0
1	57
0	2
344	19
0	121
614	0
0	14
10	33
38	33
0	22
0	13
0	13
3	2
1	0
0	0
41	370
0	6
1	8
0	169
0	1
1	4
0	280
0	248
27	56
0	22
0	0
0	0
8	90
4	3
20	33
0	31
0	186
74	173
0	4
0	0
0	181
24	32
0	32
228	467
10	355
0	3
42	74
0	6
0	7
0	0
0	0
0	2
4	0
0	0
3	2
0	0
0	2
23	0
0	19
54	19
0	0
0	0
0	0
0	0
132	26
0	159
16	3
26	23
0	6
48	11
0	113
385	114
0	5
0	5
0	28
0	2
0	0
0	2
0	0
0	0
0	0
1	0
1	0
0	0
0	0
13	6
164	0
280	10
0	8
0	1
0	0
0	3
20	275
209	0
20	4
35	0
52	13
4	13
4	315
0	15
0	242
0	315
0	58
47	93
0	35
0	35
0	10
28	9
0	9
0	9
0	68
2	68
0	68
19	9
0	3
0	3
0	3
2	2
0	0
0	9
6	1
0	1
0	1
0	1
0	0
8	46
0	9
37	36
0	19
177	11
0	17
6	0
0	29
329	49
0	1
0	16
1	4
3	9
123	23
416	11
0	20
0	7
1	2
0	1
0	1
3	0
0	0
0	1
33	100
1	13
0	705
0	705
0	0
18	0
55	0
4	43
9	0
0	82
0	3
129	694
305	0
0	981
3	6
3	4
9	4
0	224
0	202
61	913
1	92
0	981
0	2
0	2
14	0
0	8
74	19
53	260
0	25
9	0
0	0
0	0
22	1
0	0
0	4
83	237
8	241
0	6
1	50
42	50
0	49
19	10
0	9
0	1
0	1
160	0
0	0
0	0
0	0
32	3
0	26
0	26
119	0
80	187
19	0
0	1
0	1
0	6
0	0
0	0
0	3
0	5
0	11
44	0
0	1
1	7
0	0
3	1
0	0
12	85
2	0
0	8
6	7
0	5
0	4
80	335
8	313
106	129
462	302
0	1
396	301
13	28
0	28
12	0
0	0
1	0
0	0
40	0
0	7
262	20
15	16
0	2
3	0
0	0
0	11
8	8
127	36
42	25
8	79
0	31
0	3
3	3
0	3
0	0
0	17
1	0
0	13
0	6
14	141
6	108
0	114
0	121
0	90
8	24
1	41
116	130
0	108
0	65
0	34
0	40
5	62
28	34
0	0
0	67
0	14
41	14
6	0
0	81
0	77
1	0
8	0
3	61
10	0
1	0
0	59
290	63
135	138
14	48
2	1
5	0
0	119
16	290
0	1
3	0
3	18
0	18
2	12
0	4
36	65
11	65
33	40
0	16
0	15
0	13
0	15
32	127
57	127
0	442
10	195
0	0
0	0
0	38
3	0
0	0
1	4
20	19
0	442
2	0
23	108
0	107
0	2
0	2
0	0
3	0
21	3
557	4
1	3
1	19
0	18
0	3
0	9
0	18
4	79
0	7
0	4
0	16
0	0
8	0
157	33
4	6
1509	14
0	11
4	11
143	0
7	0
4	2
4	1
38	2
1	0
19	0
1	0
88	0
0	0
0	0
103	34
0	34
0	1
11	0
0	33
25	8
0	9
1	6
10	3
0	3
0	3
17	15
24	3
0	9
49	4
4	4
0	3
0	1
0	1
0	1
11	84
0	37
0	16
0	17
14	26
6	13
0	8
118	2
0	0
0	2
0	2
0	0
4	0
19	2
48	68
406	68
12	14
0	14
1	0
0	3
0	0
0	49
16	31
1	69
0	159
6	230
81	229
3	0
0	23
0	11
0	37
0	12
13	0
0	201
5	10
0	9
0	200
0	9
4	0
2	190
24	13
0	11
0	9
9	7
0	3
3	0
0	0
60	0
3	0
1	0
0	0
76	88
0	88
29	6
0	30
0	30
35	20
1	20
7	20
4	63
0	63
0	0
0	4
0	65
0	51
2	0
0	0
108	65
15	65
0	0
7	111
33	0
2	0
0	0
7	0
0	2
2	0
0	9
0	0
2	2
4	7
0	1
0	9
1	8
18	68
54	27
0	54
0	64
1	1
0	10
0	3
0	7
5	16
13	25
0	24
0	24
1	2
32	0
0	2
0	4
0	2
0	2
0	2
0	0
0	4
0	4
14	34
28	56
0	8
0	2
14	7
0	0
3	0
15	0
0	19
0	56
3	0
79	10
23	10
10	8
0	0
0	0
0	3
0	0
151	73
5	74
87	0
3	19
0	1
2	0
0	1
6	0
0	0
0	0
7	18
0	461
27	202
93	461
2	0
0	15
3	6
0	9
43	102
1	96
5	89
0	0
18	5
10	1
0	1
0	1
23	1
14	1
1	1
2	1
0	4
15	0
0	22
0	22
0	22
11	6
39	0
0	3
0	3
0	0
0	3
0	11
17	58
0	7
5	0
1	36
0	58
32	5
0	5
0	0
3	38
0	45
0	4
0	1
0	100
0	100
0	3
3	3
6	86
0	86
77	15
0	64
0	8
0	47
0	63
0	11
8	12
0	3
1	13
1	7
0	100
26	5
0	62
0	11
0	9
2	3
0	8
0	8
0	15
0	6
0	9
0	0
12	9
2	24
4	0
49	4
1	4
0	6
0	0
1	0
2	0
0	6
0	34
516	85
0	3
41	17
0	44
1	76
70	90
0	320
13	0
118	624
0	539
0	0
6	89
0	0
0	85
0	0
5	2
150	92
8	0
22	105
39	105
19	19
1	26
0	26
0	7
6	3
0	1
0	3
44	0
106	25
31	25
25	385
0	358
2	1
0	1
0	0
0	0
5	0
0	0
13	0
4	12
0	12
0	1
0	10
0	1
0	10
0	12
0	0
3	11
0	0
0	11
4	0
34	8
0	8
2	8
0	8
0	8
1	0
0	27
0	32
0	0
16	0
0	0
16	19
0	17
0	17
8	34
91	14
0	0
1	0
0	0
9	0
1	2
33	5
0	4
14	0
3	0
103	0
0	39
0	1
0	39
2	5
0	4
0	4
51	0
0	0
2	4
0	0
4153	888
0	838
0	448
0	143
0	902
0	902
0	964
0	964
8	46
0	20
17	822
9	47
4	44
0	0
0	2
0	2
0	0
8	0
0	0
7	12
5	13
0	4
0	4
0	4
0	4
0	4
0	4
0	0
0	0
48	15
0	15
104	109
0	69
0	77
0	0
0	108
0	0
0	79
15	43
52	58
4	25
0	6
0	77
0	38
1	5
3	0
22	6
0	5
12	44
0	62
7	0
39	0
0	20
0	20
1	24
0	52
0	52
0	5
0	0
0	0
0	1
0	0
0	1
0	0
0	4
25	0
7	4
12	0
0	0
0	0
0	0
0	0
0	4
46	29
274	37
0	32
4	15
0	15
0	19
41	19
0	19
38	12
3	12
0	1
0	34
0	34
0	11
8	8
0	0
0	7
0	3
3	3
152	105
0	28
10	1
0	77
0	77
50	77
1	0
6	0
0	19
0	16
0	12
0	19
0	19
0	2
1	2
0	1
1	7
1	7
6	7
148	73
12	1
0	1
73	93
0	22
40	0
7	9
6	2
0	3
0	45
0	16
2	40
0	24
1	24
0	103
0	4
4	295
0	1
0	1
0	0
0	1
0	1
0	0
3	96
0	2
0	2
0	0
14	27
256	25
102	21
0	20
0	8
0	8
0	8
5	2
0	3
13	5
0	5
0	0
127	90
55	60
62	96
0	121
0	50
2	0
14	57
0	56
0	0
1	0
1	18
0	17
0	2
0	29
57	5
0	4
0	5
0	4
6	0
3	0
0	0
0	2
4	1
5	16
1	7
0	7
0	1
0	0
0	8
0	1
14	1
1	0
0	0
0	0
0	9
0	5
1015	159
0	10
0	159
13	5
0	8
0	0
0	18
1	128
2	0
13	12
0	12
0	12
0	12
11	0
353	135
0	135
0	110
0	1
0	0
0	0
0	21
16	21
17	0
0	0
1	25
0	25
0	3
1	3
0	0
1	0
175	1
44	149
0	52
0	45
0	1
17	0
0	0
0	0
0	0
0	0
0	0
0	0
3	0
0	56
0	5
0	0
18	62
0	2
311	16
0	15
0	1
0	13
5	62
7	13
53	51
5	0
10	2
13	1
31	2
0	9
0	0
0	0
0	30
67	282
5	1
0	5
16	1
0	5
0	7
0	2
0	0
1	271
0	142
215	36
12	6
0	3
0	3
0	0
0	0
0	32
0	0
0	71
0	71
0	1
1052	162
0	146
0	110
0	101
0	0
0	0
0	0
212	270
12	271
0	38
0	27
0	29
0	8
0	21
0	0
811	355
0	355
5	18
0	4
0	4
38	0
0	2
0	7
0	2
6	0
20	0
289	0
1	0
8	0
261	17
10	15
18	0
0	6
0	4
68	76
1129	87
0	19
0	19
0	19
0	0
2	32
0	33
0	29
2	1
0	28
15	0
271	265
3	18
624	265
0	0
1	0
0	0
126	1
99	1
49	16
0	17
0	1
24	0
36	38
0	16
0	13
0	12
0	2
0	24
0	4
0	1
1	10
0	4
10	4
7	96
1	91
32	96
8	27
7	6
0	21
0	4
0	21
53	1
0	4
1	1
42	0
0	5
0	25
6	0
0	23
1	25
26	5
15	5
5	4
15	33
0	26
0	9
17	6
0	3
0	4
0	0
0	9
3	43
4	112
0	108
144	111
4	2
28	2
30	0
6	6
209	0
0	4
0	4
0	7
0	9
1	3
0	2
25	7
0	1
43	76
21	41
0	51
31	25
34	10
1	10
0	0
91	1
5	0
27	16
3	16
0	9
0	2
0	24
122	68
1	2
1	0
3	61
0	8
0	33
0	8
9	22
0	21
2	22
0	1
16	20
0	328
12	85
53	19
0	57
0	7
3	57
0	14
2	68
5	0
1	80
4	11
449	0
0	5
842	329
17	5
0	0
0	0
1	0
23	13
0	13
44	23
76	49
0	22
0	50
79	76
126	65
0	1
0	1
10	1
3	30
0	30
0	20
0	30
1089	292
0	0
1	25
8	2
0	267
8	10
0	5
0	0
25	93
0	79
0	5
0	0
4	16
0	0
0	59
0	25
0	11
0	59
14	15
0	23
0	6
0	0
0	23
6	0
903	0
6	9
0	9
29	14
0	14
0	6
0	6
12	0
0	35
0	47
0	35
0	47
0	35
0	47
0	1
0	1
0	1
0	8
0	0
0	0
1	7
155	0
0	0
2	34
0	34
73	98
0	40
0	25
69	14
0	12
0	4
31	9
0	0
0	1
0	2
9	13
0	3
989	0
0	34
0	33
82	20
16	0
4	0
16	20
14	18
487	1
313	79
0	79
342	41
3	0
152	0
0	0
273	5
1	5
49	0
0	0
299	20
0	20
19	66
0	37
17	8
0	40
46	4
0	1
0	3
0	0
2	15
41	241
2	4
13	235
10	233
0	241
11	108
0	116
0	117
6	110
0	7
48	29
0	27
285	196
37	0
8	15
0	12
0	204
0	201
67	0
3	0
260	220
0	17
0	0
0	0
15	203
66	19
102	167
0	157
0	0
0	0
0	31
1	0
1	2
0	3
0	4
0	4
0	2
8	2
0	2
5	1
0	0
15	1
0	0
0	37
0	37
2	31
5	5
10	5
15	5
12	2
0	2
0	7
0	7
0	7
0	7
0	7
1	1
0	1
0	1
0	1
0	0
0	1
0	1
232	2
0	2
0	0
14	53
6	0
3	5
20	0
18	0
15	7
35	0
9	8
0	8
0	1
0	1
0	16
7	17
0	16
0	17
0	25
0	25
0	25
0	43
0	43
29	43
0	21
0	9
26	1
12	28
0	1
0	4
0	44
0	44
0	30
12	31
48	31
1	4
1	0
8	31
44	350
0	84
0	23
0	350
6	1
84	24
21	8
0	0
0	24
13	211
0	214
0	29
1	71
0	77
0	4
2	9
0	0
0	0
0	214
16	10
54	1
0	1
46	9
0	2
1	1
0	1
23	24
0	17
0	16
0	18
0	10
7	7
0	0
53	169
0	61
5	134
1	135
0	73
28	152
0	69
0	59
0	46
0	6
0	116
0	8
3	8
0	50
0	37
0	33
0	67
0	107
0	47
0	41
0	37
29	53
0	114
0	137
0	99
0	10
0	69
852	43
0	16
24	60
3	6
1	6
5	1
10	1
2	0
326	235
0	223
12	13
0	0
27	21
0	9
58	2
0	8
9	6
4	0
0	113
0	113
0	113
1	0
0	5
0	14
89	0
0	24
29	13
91	45
0	21
0	1
0	29
0	35
1	0
4	0
1	31
15	57
6	57
0	137
0	137
0	131
0	131
0	131
0	131
0	131
0	131
0	30
3	0
5	0
0	131
7	20
3	22
0	9
0	4
0	2
6	0
2	0
2	398
2	406
2	400
0	9
0	9
0	250
16	14
248	609
5	303
0	298
0	106
0	100
67	82
0	90
0	370
12	26
0	26
0	8
0	7
1	0
0	2
0	8
0	2
0	6
0	0
0	1
5	184
0	184
0	68
17	0
1	13
0	1
76	0
0	1
0	0
0	1
0	1
79	2
42	0
0	5
9	34
0	5
301	0
1	0
0	0
0	0
0	0
2	44
0	44
0	44
0	29
0	19
9	0
0	0
51	0
0	0
12	0
2	0
0	1
12	0
0	0
0	0
0	0
0	0
2	0
1	0
25	1
234	16
0	12
0	12
0	8
0	11
0	11
12	9
0	15
8	17
125	108
0	0
0	94
0	6
0	96
0	6
8	108
0	108
2	0
6	0
11	30
0	6
25	123
0	68
0	0
0	0
0	23
13	0
25	31
0	77
3	1
3	161
71	162
0	2
18	1
54	1
3	1
1	10
0	10
0	9
3	0
47	44
0	44
3	19
0	0
81	406
3	8
41	0
1	398
0	5
336	26
0	5
0	17
0	23
6	1
0	1
5	16
0	104
0	31
0	23
0	20
0	83
0	1
0	4
0	1
14	12
102	167
0	247
0	247
0	92
0	1
8	0
0	89
122	0
3	24
0	23
0	1
1	31
0	40
51	11
0	2
1	39
3	0
0	7
0	7
16	13
0	27
14	30
3	17
19	176
29	178
0	7
0	1
34	255
0	0
64	83
365	255
1	5
0	5
1	5
0	0
17	11
0	11
121	0
5	323
364	171
11	88
0	0
6	0
0	0
0	32
0	32
5	4
42	4
2	4
0	0
0	0
0	0
0	2
7	121
0	15
0	130
0	57
0	57
1	3
2	3
0	55
127	55
0	28
5	52
6	59
0	7
0	2
586	2
81	2
0	61
20	61
0	6
0	0
0	6
4	27
33	14
0	8
0	21
0	21
2	3
0	23
0	13
0	13
5	0
0	23
0	13
0	34
3	34
58	146
12	445
0	14
0	14
0	445
0	444
3	39
42	14
0	12
0	13
0	13
30	33
0	10
0	0
0	0
0	3
0	0
0	3
0	0
157	142
26	135
0	808
0	830
17	84
6	77
0	72
20	718
0	729
0	855
2	85
0	86
1	0
0	1
0	0
0	0
0	0
48	172
0	9
0	4
1	0
1	94
3	54
0	51
0	3
18	57
0	52
0	0
0	54
18	3
3	10
0	8
1	52
18	7
0	98
16	99
4	94
0	84
0	45
24	43
0	10
1	16
2	1
26	6
0	13
0	13
0	3
36	18
70	6
0	12
152	40
25	38
0	2
3	1
265	1
0	0
0	0
62	44
16	44
0	15
6	3
67	103
2	6
49	142
0	15
0	13
1	126
0	87
0	87
273	83
0	103
5	1
0	1
15	14
0	13
0	7
0	7
0	0
170	95
0	7
0	308
21	69
11	308
0	0
0	0
1	0
4	233
0	0
0	69
2	308
72	0
0	0
15	27
9	3
0	18
0	27
36	3
2	1
0	1
0	21
3	21
110	20
0	6
21	6
12	66
0	3
0	71
0	18
0	7
0	0
7	34
0	5
132	5
11	5
13	2
0	2
0	48
0	45
0	6
0	5
0	0
0	6
0	5
1	5
7	0
5	0
0	0
1	0
11	49
195	0
0	3
6	3
0	3
3	3
0	2
0	0
49	2
0	0
0	0
1	0
0	0
8	3
1	122
0	1
1	0
2	17
2	125
17	125
42	177
45	110
0	30
0	30
0	29
0	39
16	45
4	1
0	6
200	40
0	40
0	40
126	81
0	4
5	4
0	1
3	0
0	40
9	0
3	1
157	155
51	90
0	2
0	66
17	37
0	45
0	45
31	45
0	11
1	3
0	72
79	0
6	2
7	2
0	2
2	41
0	2
0	36
0	41
20	8
0	17
0	0
0	0
0	6
1	0
10	88
5	2
0	20
0	20
0	5
0	10
0	10
18	3
17	10
10	4
361	72
0	73
57	63
0	8
0	5
0	1
0	67
2	75
10	139
0	69
0	0
0	1
0	0
0	71
0	50
11	0
11	34
0	36
0	25
0	20
2067	69
20	12
12	3
0	3
31	426
0	53
0	67
0	14
0	18
1	18
0	4
9	0
0	0
3	2
0	2
56	7
0	0
0	1
163	11
0	51
0	51
0	1
12	15
2	10
12	0
343	16
8	13
165	42
20	48
5	2
0	18
5	0
150	9
0	9
18	0
1	3
0	30
0	30
1	16
0	3
0	3
0	3
0	0
0	27
51	63
0	44
0	9
2	59
3	28
0	11
0	11
11	10
0	2
29	10
0	0
4	0
0	8
38	0
20	0
0	49
0	49
0	59
0	11
1	12
234	139
0	0
0	10
0	16
0	10
0	10
0	29
2	10
0	1
17	1
16	0
0	130
0	130
0	12
0	225
14	126
0	0
7	225
0	82
0	82
0	1
962	2
0	2
0	1
10	0
85	0
217	4
0	4
0	1
27	14
0	14
120	42
5	258
1	0
0	0
0	11
98	27
14	49
0	22
84	11
0	10
1	6
0	38
0	27
42	12
0	9
197	363
0	22
0	22
0	2
0	16
0	22
1	6
0	6
204	466
0	14
0	16
0	16
76	619
0	12
0	12
0	0
6	9
0	7
0	9
0	9
0	4
0	0
0	5
4	18
0	0
13	25
0	0
0	4
0	11
0	0
0	0
371	0
85	0
0	4
0	4
0	4
2	5
0	5
40	677
328	42
0	7
0	42
67	25
0	15
14	3
0	0
0	0
0	0
3	6
8	6
0	3
2	0
2	0
0	0
250	79
0	2
0	5
0	60
0	6
0	76
0	24
0	5
0	4
23	19
33	52
1	3
0	3
0	3
0	3
0	0
0	3
2	0
0	0
0	4
0	4
3	5
0	5
0	4
0	4
0	5
0	0
19	20
0	12
2	8
0	52
0	56
1	57
0	1
0	5
0	5
0	5
19	7
0	0
0	0
0	0
423	97
10	80
0	3
0	1
0	14
1	3
32	3
0	0
9	5
0	5
10	10
88	27
0	27
0	0
12	0
23	48
0	48
0	44
0	26
1	4
0	4
0	0
0	4
2	19
3	5
24	26
0	12
0	0
0	16
0	22
0	16
5	77
1	72
0	64
22	5
0	5
13	1
0	0
0	1
485	298
257	294
1	51
96	50
0	1
0	1
15	25
0	5
13	0
0	1
2	0
1	5
0	0
0	0
0	0
0	1
0	5
161	0
91	0
0	0
1	0
0	0
0	27
0	45
0	13
0	12
0	28
0	49
0	46
0	46
1	29
0	6
1182	0
246	84
33	71
0	47
25	11
0	11
0	4
11	7
0	0
0	0
0	0
0	0
0	0
1	0
0	0
0	0
0	0
1	0
539	0
7	239
0	24
0	20
9	25
0	24
0	160
0	222
13	0
17	0
32	24
0	73
0	164
48	3
7	15
44	23
0	46
21	4
0	1
0	1
0	222
1218	626
14	597
27	508
0	1
0	1
0	0
0	1
0	0
0	0
0	21
0	0
0	0
0	0
0	1
0	21
0	68
0	29
0	20
0	68
0	3
0	3
51	0
9	24
0	79
97	13
55	79
0	0
3	8
0	0
0	0
18	8
0	0
1	5
4	13
18	38
0	17
42	17
51	0
2	0
0	0
12	0
3	1
0	1
0	338
0	338
0	6
3	6
0	6
0	3
20	8
12	105
18	105
0	2
7	0
294	19
4	15
0	0
0	0
15	15
0	0
0	0
3	1
0	0
0	0
0	1
9	2
0	2
1	17
0	17
541	414
0	412
2	0
0	0
0	0
10	1
0	1
11	17
9	22
44	22
0	5
0	17
12	1
0	11
0	40
0	40
88	662
13	0
10	9
0	0
0	4
0	4
0	3
0	1
0	2
0	1
1	4
0	112
1	112
4	118
0	117
0	96
5	34
0	14
0	1
5	0
0	1
0	1
0	1
0	14
1	3
0	3
62	23
0	3
7	1
21	44
0	1
0	5
0	64
14	0
93	13
0	2
0	3
2	12
0	7
0	23
105	23
60	10
32	6
0	10
0	0
559	339
0	1
0	339
0	1
1	58
0	1
0	128
49	3
50	4
4	4
0	4
12	40
0	0
10	40
158	188
0	188
4	0
0	0
53	18
1	0
19	114
1	114
7	30
0	0
9	0
0	13
0	13
0	1
1315	13
41	26
5	23
0	0
7	3
0	3
0	41
23	40
0	24
0	0
0	34
0	0
0	13
0	34
0	14
61	64
0	63
0	53
5	53
0	20
2	1
0	0
22	0
16	21
2	21
0	1
0	9
45	57
2	1
0	56
4	0
13	0
0	21
0	14
4	0
6	15
16	20
3	7
200	67
22	12
0	6
0	7
33	7
0	6
0	0
0	1
0	0
0	1
0	9
0	0
0	0
23	3
32	626
0	20
0	24
12	32
0	1
0	375
11	8
5	8
0	626
15	0
21	0
1019	0
14	5
0	5
0	17
0	23
0	23
23	9
1	9
55	15
0	15
0	8
0	7
0	0
15	9
37	0
374	88
0	51
0	0
0	0
24	0
47	0
0	37
1	0
163	1
0	2
16	3
0	1
0	2
0	0
2	9
16	9
0	0
6	6
0	0
1	3
2	0
0	3
29	45
0	46
9	43
0	43
8	43
0	24
5	39
0	1
8	7
0	0
0	2
1	8
7	0
2	0
0	0
27	0
1	51
9	129
0	26
0	5
0	5
45	84
0	59
42	0
104	0
10	0
0	0
4	0
92	0
0	0
6	11
2	0
67	28
93	28
5	7
457	3
2	3
35	461
14	461
6	461
0	9
0	9
0	9
0	9
452	109
0	9
4	141
0	137
121	206
0	217
0	175
41	86
0	75
0	8
0	3
0	3
0	5
679	0
0	0
4	0
0	0
208	0
90	0
0	23
0	23
0	5
0	17
0	18
0	17
0	14
0	16
11	1
0	16
0	0
0	0
436	21
1	0
2	0
0	1
0	1
0	1
150	55
0	17
1	2
0	2
16	2
7	55
8	13
0	13
15	30
0	28
0	35
6	61
32	80
1	51
0	22
21	0
25	3
30	10
57	32
0	46
0	11
0	11
18	0
73	270
0	240
9	259
3	0
938	15
0	0
9	15
7	2
81	0
1	0
287	0
2	6
0	27
0	27
7	27
62	2
2	2
0	0
0	6
0	6
0	0
0	93
0	93
0	92
66	155
0	3
0	7
0	0
0	2
0	5
0	10
52	0
0	5
15	7
0	7
0	6
0	3
0	0
0	0
3	0
47	14
0	14
0	19
0	19
0	17
0	6
0	6
0	11
0	6
1	4
0	0
0	5
0	0
0	0
0	0
0	5
9	0
0	0
0	0
0	0
0	0
33	5
4	1
0	0
24	3
23	6
0	6
0	0
7	0
32	34
0	17
64	1601
98	1601
0	512
0	10
2	1
3	0
0	16
1	16
0	6
0	6
35	4
0	4
0	2
0	0
5	18
5	0
0	9
1	0
15	9
0	8
0	0
85	659
1	0
0	0
465	0
1	0
219	47
0	37
0	19
29	0
2	0
0	1
10	1
173	495
0	150
1189	307
116	203
19	46
0	111
0	114
39	85
1	12
12	14
0	184
0	0
170	0
5	109
35	16
0	1
15	1
0	1
0	16
6	57
8	47
0	26
0	69
1	81
0	0
0	32
7	64
2	0
11	0
9	1
0	32
0	23
0	15
0	104
0	23
245	146
0	15
0	23
0	15
0	18
0	14
0	29
0	17
0	24
0	14
1	8
3	8
0	5
8	20
0	1
0	1
0	1
0	1
0	8
0	1
0	0
1	1
1	0
179	11
120	118
291	101
0	1
2	0
0	0
0	0
0	0
0	620
0	649
12	68
0	22
0	26
0	55
6	27
0	19
0	14
0	1
0	13
1	0
0	10
5	0
0	4
17	19
0	0
0	0
58	196
0	186
0	18
0	177
0	172
2	177
0	70
14	3
0	37
0	1
5	0
0	2
0	66
0	2
0	2
0	14
11	3
0	3
0	3
0	0
0	0
0	0
0	0
1	0
0	0
4	0
0	3
0	3
0	10
6	6
0	7
0	6
1	10
6	0
879	0
7	0
0	1
0	28
1	0
0	28
0	28
101	90
0	1
2	1
33	5
0	15
0	15
0	15
9	1
0	10
0	17
70	102
0	0
26	2
6	4
3	0
0	10
34	19
0	31
17	19
0	10
2	22
23	0
15	32
24	43
0	15
72	406
94	270
0	284
0	172
17	2
0	2
0	1
73	202
4	187
36	66
0	28
0	25
0	0
0	0
0	11
0	11
0	7
0	7
5	89
131	17
0	92
0	80
4	5
0	63
22	1
0	45
24	0
2	123
0	70
5	123
105	0
462	88
7	88
4	3
155	3
121	120
0	3
57	93
1	0
8	23
0	6
0	0
0	0
51	0
2	3
0	10
0	7
0	10
0	0
0	85
0	2
24	47
145	14
0	30
0	57
5	1
1	5
3	1
0	5
121	8
0	7
1	0
1	0
0	17
0	17
0	119
0	0
0	14
0	123
0	0
0	2
0	2
0	1
0	40
0	40
0	40
0	2
20	0
63	54
0	54
3	5
13	13
15	5
0	5
169	0
0	0
0	0
2	2
0	2
1	2
0	2
68	80
0	44
0	1
0	3
33	167
7	167
0	187
0	6
0	6
0	0
0	20
6	0
0	20
0	20
0	20
0	20
3	7
7	42
0	33
0	21
0	20
12	2
20	1
0	10
0	0
5	1
2	0
0	71
2	0
0	0
0	7
0	7
0	6
3	1
1	10
2	0
6	96
0	95
8	0
0	1
45	1
0	0
5	46
1	46
23	46
0	0
22	0
0	0
0	1017
0	1017
6	4
0	4
43	13
10	0
1	12
25	101
0	98
0	93
0	0
0	0
0	1
0	0
6	1
4	1
0	3
15	3
0	2
0	2
0	0
0	160
184	43
1	153
0	138
0	164
0	164
0	138
1	8
0	16
0	16
0	5
3	1
0	1246
44	2
0	95
0	1246
0	7
120	24
2	18
0	19
2	21
0	6
0	1
1	1
0	0
6	0
0	0
3	0
1198	357
2	357
0	7
0	0
0	7
12	0
0	0
0	0
0	0
7	1
0	0
2	1
17	0
70	2195
70	2195
0	80
0	79
94	22
80	0
43	4
0	4
43	23
13	19
11	69
0	2
0	19
9	10
0	11
14	284
0	329
7	329
0	1
3	8
0	7
104	169
0	168
4	0
0	143
0	176
0	176
35	63
0	11
454	98
0	0
106	0
1935	1153
0	901
0	570
0	35
252	1
22	48
4540	716
52	19
1	19
3	34
0	34
3	2
2	33
2	6
0	2
0	4
0	4
541	98
0	1
0	0
6	71
0	33
0	7
0	7
13	6
8	0
19	66
12	66
0	37
0	17
0	22
0	1
0	1
0	8
0	8
0	8
3	3
0	3
89	32
5	32
12	0
41	32
8	13
0	12
0	6
0	31
0	31
3	0
0	0
27	4
0	3
13	0
425	0
33	40
0	40
1	5
2	0
0	0
74	1
28	2
24	20
0	1
7	1
1	0
0	0
0	1
2	22
7	22
0	6
0	0
9	0
70	192
0	193
6	4
10	2
0	0
0	0
0	0
0	0
74	7
0	0
9	7
0	155
0	0
1	21
0	0
1	0
0	155
23	7
0	7
0	1
0	0
12	2
18	8
0	8
0	0
3	0
0	0
0	0
0	1
5	1
0	1
0	4
1	10
0	1
0	6
0	6
0	1
6	1
0	1
1	1
300	152
5	32
0	20
0	23
0	21
0	0
5	0
101	1
0	8
21	42
0	19
0	24
50	24
0	0
4	0
0	8
0	8
0	1
0	0
2	7
6	0
2	15
0	8
7	15
0	1
2	7
0	0
0	0
3	63
0	63
42	254
0	0
76	136
0	7
0	31
0	5
0	5
0	0
0	5
0	5
18	134
0	32
11	14
0	14
93	3
0	3
0	1
0	0
0	0
3	69
19	96
0	70
3	67
0	93
0	1
0	0
0	0
0	1
0	7
0	2
0	1
0	0
0	1
0	13
0	26
0	14
0	14
0	0
10	12
11	0
0	37
0	37
0	0
0	0
0	37
0	1
94	391
0	391
688	1
198	0
1	1
439	1
0	0
32	0
37	323
96	260
23	42
6	42
2	5
0	2
7	1
6	174
11	154
0	135
0	80
0	8
0	6
0	12
0	6
1	2
17	7
0	9
33	0
26	3
0	0
38	36
0	30
3	7
9	9
0	7
0	773
17	773
4	31
14	30
7	28
1	3
0	12
0	13
0	10
0	2
0	9
6	6
0	54
0	54
0	1
300	0
39	36
1	35
0	35
0	16
0	20
3	11
0	2
0	0
0	1
0	4
20	163
63	68
202	50
0	37
26	27
0	72
0	21
8	54
25	19
18	30
5	0
2	1
0	1
0	1
174	3
0	3
93	67
1	63
8	28
0	4
7	0
8	13
5	13
0	13
9	0
0	0
0	15
0	4
324	3
0	195
7	195
43	91
4	91
0	77
2	61
8	2
146	29
25	33
16	25
16	95
5	25
1	23
1	1
0	9
0	4
1	0
0	6
364	570
345	274
72	559
4261	541
429	11
0	0
0	6
0	6
1	11
56	1
1	2
0	2
377	5
10	3
0	3
3	0
134	60
8	34
0	0
10	6
0	36
0	5
0	2
0	25
16	34
5	2
17	11
8	0
0	11
0	8
0	0
0	0
0	0
0	11
20	3
1	3
127	3
9	1
0	1
0	0
3	0
0	0
0	0
0	1
0	0
3	0
12	7
82	31
0	6
4	1
0	0
13	21
0	12
17	22
0	0
0	0
0	0
0	236
24	234
0	9
0	0
0	0
0	0
0	123
0	0
0	0
0	0
0	32
1	0
0	225
0	0
0	0
7	3
12	225
18	0
0	58
1	42
7	62
2	4
0	1
2	2
143	301
0	4
0	9
0	21
0	301
2	71
0	46
0	2
0	32
3	35
67	3
31	31
0	0
9	0
5	1
0	4
18	9
0	96
0	96
0	6
0	0
4	6
0	12
1	28
0	27
0	5
16	10
0	114
0	1
0	95
0	50
0	26
0	12
0	12
0	12
0	12
1	12
0	12
0	45
0	45
14	2
19	24
19	1
41	9
0	8
11	22
6	8
0	8
13	8
1	1
7	13
0	42
0	42
17	57
0	33
1	32
16	22
0	134
44	0
24	668
20	679
0	2
0	0
0	5
8	0
29	122
39	0
0	18
0	3
0	3
17	0
0	107
138	12
0	12
0	1
0	8
0	8
1	0
1	0
0	9
1	9
6	7
603	29
0	28
0	0
79	4
0	4
0	0
17	4
0	0
0	0
0	0
3	0
3	0
0	1
0	1
3	0
2	0
9	0
0	0
0	0
58	0
0	0
0	49
0	4
4	0
0	0
0	0
0	0
12	0
0	289
0	16
0	16
0	25
6	331
3	115
0	6
1	115
28	87
0	32
0	12
17	0
0	0
0	0
0	0
4	0
5	0
191	5
0	5
0	0
14	0
24	0
2	9
0	0
0	0
0	0
0	9
0	9
93	128
12	128
0	13
0	5
0	1
0	5
8	0
185	15
15	2
0	2
13	1
0	0
1	0
1	4
1	13
0	4
0	1
5	0
0	0
0	16
0	46
0	4
3	29
0	3
0	3
0	54
0	2
3	12
21	29
6	14
0	3
2	0
1686	1127
39	1054
5	1087
4	51
0	924
0	1087
0	260
0	128
0	140
0	128
0	128
0	128
17	140
1	0
0	0
0	0
536	15
21	108
6	11
2	97
455	480
0	480
0	94
0	75
0	82
0	33
0	78
0	41
0	5
34	6
9	0
34	49
7	316
4	333
2	70
0	117
0	117
0	86
0	75
0	75
0	73
0	41
0	2
3	0
0	6
0	1
1	12
0	1
11	1
0	1
0	1
49	99
1736	144
0	43
7	0
0	31
0	12
20	0
0	7
3	11
50	70
0	97
0	3
0	3
487	0
13	47
1	68
0	64
0	22
0	18
0	0
0	1
0	0
2	19
2	15
1	0
0	4
4	40
6	44
0	18
0	2
1	4
0	0
0	4
0	0
4	18
0	0
611	157
0	54
41	13
3	0
7	0
21	0
0	0
93	15
0	3
3	12
10	0
154	5
24	0
74	128
33	41
0	42
0	16
9	16
0	70
0	113
0	31
4	10
7	0
0	56
0	2
0	2
21	0
0	62
0	55
94	0
0	0
0	0
29	90
12	102
0	94
90	57
17	128
0	49
1	123
0	46
0	27
5	27
2	37
0	14
7	24
0	0
0	5
48	12
0	0
11	28
0	26
0	0
0	1
0	0
0	0
0	1
4	0
22	0
0	1
43	9
0	6
0	9
0	0
3	17
86	35
0	25
13	16
1	11
2	1
0	8
147	51
1	0
1	50
8	7
1	7
17	118
96	63
0	63
139	19
1	8
123	992
0	999
0	813
0	8
0	9
9	7
241	97
72	276
0	62
148	25
0	25
0	9
0	10
0	10
0	4
0	1
340	97
5	90
104	92
0	55
0	37
0	54
0	1
69	228
0	251
35	17
0	17
0	17
0	48
0	14
0	81
0	81
14	81
0	81
0	53
0	71
0	0
0	0
0	0
0	24
0	94
16	15
0	94
16	7
8	7
0	37
41	2
1	18
291	212
38	201
0	37
0	7
0	7
0	4
321	527
42	102
0	525
0	65
0	2
60	0
11	0
52	2
11	35
3	22
0	318
0	318
0	21
0	21
2	311
0	316
95	317
0	11
0	7
0	7
0	7
12	7
0	0
1	0
0	0
0	318
17	41
5	96
3	0
8	0
0	0
169	0
5	0
2	5
0	0
0	75
2	58
0	58
0	0
4	1
0	10
4	0
336	0
2	0
0	0
0	0
0	0
0	190
150	190
35	2
0	0
49	0
517	0
136	27
0	7
0	11
0	25
5	13
6	13
0	13
0	9
5	9
0	13
74	0
0	13
2	294
0	0
0	0
0	288
236	6
8	6
23	0
0	0
2	0
0	0
0	0
1	0
32	23
0	17
0	21
135	149
0	152
0	128
0	130
2	19
21	3
65	1
0	57
0	57
0	57
28	0
0	0
169	17
0	12
0	0
2	0
5	2
0	13
0	19
0	8
0	19
0	8
0	8
0	13
4	13
0	8
15	8
0	5
1	0
0	0
0	0
0	1
0	1
2	124
0	124
0	4
0	103
0	91
65	122
35	19
0	122
32	19
0	1
0	1
0	1
0	0
0	0
0	0
0	0
0	0
0	0
0	0
0	23
0	23
0	0
2	52
0	52
0	1
0	0
0	0
0	0
47	11
0	11
0	0
112	114
0	94
0	76
4	61
0	49
26	7
6	26
0	84
0	84
0	23
19	30
0	30
0	0
0	8
0	8
0	0
0	0
2	0
0	3
0	3
0	29
0	8
0	1
0	29
0	19
17	21
0	1
0	9
7	0
1	37
0	20
0	20
0	0
11	1
0	16
0	3
2	12
2	35
11	8
3	1
0	14
0	6
2	0
0	6
1	0
0	34
468	0
0	3
0	7
0	8
1	14
0	5
11	330
0	46
0	24
124	10
0	13
1	3
0	0
2	13
66	303
5	13
0	19
0	0
0	0
0	6
0	90
0	90
0	86
0	16
0	0
22	15
0	2
9	12
0	23
0	24
0	12
1	12
9	13
3	21
43	3
30	3
0	8
3	16
13	16
9	8
37	1
1	6
0	1
6	6
0	0
389	5
15	22
17	5
26	5
0	26
0	26
7	26
0	5
0	12
45	21
0	394
2	34
2	0
0	2
20	28
4	405
0	405
6	0
0	1
0	2
0	0
0	1
0	2
7	52
0	45
0	20
0	20
0	7
0	2
0	2
42	2
12	2
61	2
0	81
0	81
96	12
1	0
0	1
3	0
13	0
0	81
0	0
0	0
2	1
0	1
0	1
0	0
0	1
0	1
1	0
0	0
0	0
138	41
5	41
0	41
0	4
7	4
0	0
0	0
0	0
1	0
397	29
2	26
0	2
0	0
0	61
0	29
0	58
0	60
0	56
0	24
0	59
0	27
0	2
377	94
2	58
5	46
59	20
817	156
813	0
0	156
0	77
0	98
3	113
0	106
0	105
0	0
0	7
6	1
0	112
0	0
0	51
0	0
0	105
54	97
0	73
0	2
0	2
0	11
0	11
71	6
7	6
0	2
112	37
0	35
1	8
5	2
0	4
0	0
8	6
0	2
0	5
4	5
0	0
0	1010
0	1010
0	681
61	0
0	2
493	2
0	2
0	2
0	2
0	1010
0	1008
55	2
65	154
0	1010
12	1054
0	28
0	28
0	2
0	1
3	0
0	3
40	6
0	30
9	2
0	13
0	0
0	30
6	11
0	9
4	1
0	1
0	0
31	1
22	14
125	13
0	1
4	99
29	96
0	62
0	15
0	7
0	2
0	2
0	7
0	7
0	1
0	2
0	0
1	27
43	27
33	0
0	2
23	1
0	1
429	34
5	20
0	28
0	11
2	1
1	0
0	0
11	14
13	2
4	5
0	86
0	86
0	3
173	374
2	223
66	131
0	46
0	54
0	29
40	81
8	36
129	8
12	8
8	7
0	7
1	6
97	265
0	181
0	263
4	0
153	1086
0	263
5	115
8	933
0	8
2	9
0	8
2	11
0	11
2	0
0	0
0	0
22	0
72	8
5	4
5	11
0	0
0	5
2	0
36	9
0	4
9	10
0	6
0	0
0	0
0	0
1	0
0	2
0	6
0	0
3	1
0	28
0	28
0	16
0	87
0	23
0	54
0	10
54	51
0	50
0	44
0	88
0	3
0	124
0	121
0	0
0	0
0	0
0	0
0	37
0	0
94	0
162	7
2	6
0	1
2	1
0	91
0	1
2	1
14	1
46	1
0	1
49	207
0	207
0	2
0	1
0	75
17	92
0	92
29	86
0	11
0	0
4	14
0	13
38	42
0	2
0	24
0	3
0	11
0	7
0	11
7	11
15	34
35	12
0	4
4	4
0	19
0	18
0	21
0	21
43	0
0	0
1	1
0	1
275	0
5	15
0	5
0	1
0	1
0	13
0	44
12	48
0	17
0	9
0	8
0	3
0	0
1	2
0	2
0	0
0	7
0	0
0	0
0	0
0	6
0	2
20	4
0	4
36	94
0	94
0	46
0	42
0	41
0	13
0	0
10	148
0	148
0	17
0	17
79	21
0	0
17	4
0	4
4	0
0	2
0	2
0	1
0	10
3	10
0	10
1	10
0	5
0	0
0	0
39	31
0	6
5	0
0	25
19	0
1	64
0	64
0	2
0	366
0	366
0	144
0	105
24	109
0	10
0	18
5	18
52	18
8	18
0	18
0	2
0	1
0	1
0	1
12	0
6	0
0	0
33	22
10	22
13	8
0	7
0	0
0	0
0	0
1	0
6	0
11	98
71	100
0	19
0	0
0	1
3	0
24	20
0	20
47	20
7	0
1	0
0	271
0	263
0	270
0	262
0	1
56	136
1325	105
0	136
1	105
609	70
43	95
4	2
0	2
0	18
0	137
192	14
96	127
0	2
2	0
0	0
0	368
0	367
54	0
21	0
0	0
0	0
2	0
7	5
0	5
0	0
0	24
0	24
5	20
0	14
0	14
0	14
0	1
0	4
2	40
0	22
17	34
0	3
9	25
10	18
0	5
86	82
16	82
21	8
3	8
26	58
2	54
0	54
0	22
0	29
0	10
25	0
0	0
0	1
0	6
208	788
4	19
0	0
0	19
0	11
4	11
0	3
0	0
316	776
1	73
0	73
0	43
0	45
0	91
0	91
0	107
12	105
0	104
0	21
9	61
0	0
4	63
0	16
0	2
1	7
0	22
0	64
6	0
0	45
0	23
0	10
0	80
53	72
0	0
0	18
5	20
7	10
10	10
0	0
0	10
0	9
2	6
8	10
0	5
0	62
0	62
0	62
0	62
8	62
0	62
11	0
8	0
15	11
0	4
7	1
1043	72
0	22
1	58
7	42
38	42
322	239
1	31
0	163
23	145
3	72
8	4
0	70
0	18
38	0
6	0
0	0
0	68
1	0
7	0
0	51
0	16
209	10
0	3
6	1
43	23
0	65
57	47
89	22
41	61
1	22
3	0
1	0
2	0
1	0
0	0
0	1
1	4
3	1
4	4
0	0
0	0
0	1
0	0
0	0
0	1
3	0
0	0
0	1
0	0
0	5
0	5
7	5
1	5
0	4
0	4
29	3
33	0
1	0
29	154
0	124
0	116
0	1
0	1
0	1
0	0
17	9
5	144
0	119
2	143
9	25
4	6
0	18
0	11
0	5
0	0
0	11
2	2
0	2
0	2
3	3
0	3
0	24
0	24
0	24
0	24
0	78
0	20
0	15
0	15
0	69
0	0
6	45
0	0
0	0
0	0
0	0
0	0
0	4
15	13
0	0
4	37
14	30
0	28
0	28
0	27
0	3
0	2
2	0
0	28
0	28
68	44
8	37
0	3
3	0
606	0
0	10
0	0
0	4
0	10
0	23
0	23
145	0
0	134
5	116
109	92
0	34
0	10
0	4
0	16
48	20
30	71
1	6
10	12
0	12
17	7
0	0
0	6
0	6
464	0
0	0
77	0
2	63
0	68
33	27
0	23
0	23
0	10
0	24
0	23
0	12
2385	610
114	610
0	49
18	64
0	58
0	25
42	14
2	12
15	5
0	5
0	4
0	1
1	20
1	1
2	0
1	0
18	1
22	14
0	14
172	539
0	18
0	252
27	0
0	128
14	3
0	0
0	0
0	0
1	21
24	21
0	11
0	0
0	0
0	4
0	9
0	4
1	0
0	32
0	32
0	14
0	0
1	0
0	14
7	0
1	0
0	0
430	11
0	2
17	8
0	12
18	17
0	14
0	14
6	7
0	17
34	9
2	3
0	3
0	3
104	133
0	55
0	118
149	15
0	15
30	6
0	2
0	21
24	77
21	72
43	73
0	15
0	32
28	58
0	13
0	1
0	0
0	13
83	63
1	13
2	1
0	1
1	12
317	1320
7	203
13	73
14	13
0	11
206	32
1	30
0	2
322	37
0	486
0	486
0	454
0	80
475	178
0	109
0	0
0	30
0	11
158	0
0	219
0	0
0	0
0	0
0	0
0	219
0	8
0	17
0	19
0	11
0	19
0	15
0	0
1	0
2	0
0	0
16	31
0	31
0	28
1	0
2	0
5	0
0	356
71	356
1	0
0	7
25	15
0	5
0	13
0	13
0	11
6	3
12	2
64	9
0	5
0	0
5	0
0	0
0	4
116	14
0	2
11	18
0	85
3	2
2	85
7	0
92	14
0	6
6	0
20	6
1	50
0	5
16	5
1	5
67	20
3	11
0	11
47	30
0	11
8	19
19	9
426	65
0	11
0	65
21	9
0	9
0	0
3	0
3	0
9	4
23	4
0	33
0	0
0	18
0	28
3	28
0	31
0	31
0	27
0	4
0	28
0	28
786	493
0	484
0	10
556	418
0	111
0	102
26	32
20	22
0	163
49	174
4	162
0	16
0	0
14	1
3	1
10	88
0	10
5	249
0	4
0	8
0	6
0	47
0	46
0	1
0	0
0	1
4	0
126	101
0	104
1	65
0	69
0	39
33	0
0	0
21	92
0	86
1	26
847	38
0	160
0	328
0	119
0	240
0	117
91	14
0	31
0	92
8	138
0	124
13	76
0	1
0	28
6	93
63	13
0	13
0	5
0	9
18	13
0	0
5	0
0	4
23	4
1	2
5	4
0	4
0	2
0	16
0	0
0	4
0	0
54	2
6	10
0	3
0	4
0	0
0	0
0	3
0	1
27	166
0	1
0	165
0	0
20	195
1	195
0	16
0	15
13	625
871	563
0	49
0	0
0	0
0	50
0	1
0	1
0	1
0	61
0	38
0	38
0	2
7	2
0	0
0	0
0	0
0	0
0	4
9	23
0	0
0	1
27	10
0	10
0	3
0	3
4	0
4	2
9	97
8	126
0	60
3	32
0	32
0	32
0	5
173	2
0	2
0	348
39	307
0	113
193	417
42	137
0	292
0	310
6	124
0	60
0	364
0	0
204	17
5	1
0	4
0	4
541	24
7	23
42	3
12	3
0	10
0	10
0	6
0	1
4	7
0	0
0	6
0	1
149	346
0	346
0	1
0	81
0	81
0	0
0	49
3	5
11	1
8	46
0	43
0	0
6	0
0	0
0	0
0	0
1	0
7	0
108	19
7	19
0	5
0	0
0	0
21	9
0	8
0	8
0	73
0	8
5	73
3	4
5	4
0	1
375	11
0	11
12	0
0	1
0	0
0	0
3	55
0	0
1	0
0	1
557	26
524	15
38	35
48	4
0	4
170	40
0	39
13	0
6	15
1	0
10	0
2	2
100	2
0	5
5	5
13	596
0	609
0	0
0	609
0	29
14	26
106	27
0	20
0	23
0	5
1	0
61	0
3	6
0	6
0	4
104	11
104	11
1	88
0	88
11	74
0	8
0	45
0	0
0	0
64	1
13	1
0	0
0	102
0	104
0	104
0	1
118	27
0	20
0	11
0	11
9	1
10	17
1209	0
73	317
11	47
39	48
2	5
329	270
32	0
64	0
0	12
0	9
17	9
0	9
0	1
0	8
0	4
0	21
0	12
0	12
221	0
79	3
88	47
0	2
34	283
0	293
0	251
0	281
0	281
38	281
13	153
11	0
5	6
5	14
0	5
0	3
6	388
0	452
0	11
0	10
0	9
16	0
1	9
24	2
12	417
69	289
157	7
0	0
20	0
0	26
0	17
0	8
0	13
0	8
0	3
0	0
0	0
0	0
27	18
13	28
0	0
0	10
0	10
0	9
0	0
0	2
0	9
0	0
0	0
0	2
0	0
0	0
0	0
0	26
8	12
0	12
0	9
20	129
0	20
4	7
0	130
38	24
0	22
3	9
3	16
0	10
0	90
0	103
12	45
0	105
0	86
0	115
0	90
0	126
0	44
92	6
0	5
3	0
4	0
0	0
0	0
7	0
19	0
83	1
87	60
0	37
0	7
0	7
0	3
0	3
5	1
0	0
0	0
516	310
2	0
15	302
0	9
0	9
0	6
2	3
0	0
0	0
0	9
36	0
22	72
250	70
0	1
6	3
27	306
0	335
0	299
7	354
75	0
0	10
0	0
0	1
0	0
17	1
0	0
0	0
144	1
106	3
24	5
0	5
2	11
132	106
30	0
62	0
0	95
155	89
23	84
0	30
2	0
325	33
0	100
0	100
122	4
0	0
2	0
0	4
332	114
3	114
10	71
3	7
0	2
0	15
0	0
0	1
9	15
107	59
0	0
0	1
1	0
13	71
0	0
0	0
8	8
0	0
0	0
8	0
23	82
0	5
0	24
1	0
26	35
0	32
43	0
0	0
1	0
0	0
0	0
0	0
0	0
121	71
0	31
2	40
0	40
0	0
0	29
0	0
0	0
0	15
0	10
0	11
0	1
15	3
0	3
0	0
0	0
8	0
0	1
10	44
0	41
0	41
0	37
0	38
0	117
18	28
2	28
1	108
0	108
8	0
122	19
8	1
5	0
0	18
0	0
0	4
0	4
0	4
223	0
1	0
0	0
48	72
7	72
0	81
0	215
0	102
41	81
0	38
37	185
0	34
7	4
1	19
0	169
0	173
0	45
0	21
7	60
0	2
16	58
19	5
0	5
20	10
22	92
0	76
0	0
6	280
0	299
34	0
0	0
24	1
157	33
0	33
25	21
3	7
8	4
0	0
0	0
4	0
0	0
0	4
0	0
7	10
23	0
35	77
0	77
0	0
1	2
4	32
0	0
953	18
1964	18
30	0
41	20
0	0
0	92
0	0
41	23
12	0
0	23
32	27
81	27
13	44
0	26
1	23
3	9
28	4
8	0
1	0
97	1078
14	1018
0	736
3	0
0	0
19	2
0	60
0	60
3	0
19	372
0	69
0	338
0	303
37	15
0	15
168	112
34	4
36	1
7	1
9	136
0	136
29	53
0	53
77	201
65	6
0	0
28	27
292	0
0	0
0	0
11	39
6	1
2	0
0	30
0	5
4	1
0	1
8	0
0	25
0	25
1	20
51	20
12	20
0	0
0	5
1	0
81	58
0	30
31	49
68	42
112	42
0	56
9	29
10	211
0	3
1	1
181	120
0	62
31	3
0	2
2	0
8	7
0	36
0	17
0	17
0	23
0	17
0	17
0	19
0	1
40	0
0	1
0	1
0	16
0	16
0	9
0	6
3	0
0	0
7	6
0	9
0	0
0	1
0	9
0	5
0	28
58	28
0	7
0	14
0	17
0	0
0	3
18	75
32	157
0	145
0	151
0	27
0	127
8	89
0	60
0	58
0	67
0	55
0	53
0	30
0	8
1	0
0	0
0	0
0	6
0	0
1	0
0	0
1	43
3	0
178	0
106	12
3	0
1	0
0	0
1	0
2	3
11	10
7	1
25	7
0	7
0	7
0	0
0	7
4	0
19	2
11	0
2	39
1	19
0	32
0	14
0	9
0	9
0	29
0	0
0	18
2	5
0	2
0	18
0	1
0	2
0	2
223	2
5	0
0	0
1	0
0	128
0	50
9	31
0	107
1	78
0	24
0	13
0	24
1	3
0	182
0	182
0	0
277	0
0	25
0	25
0	160
0	160
30	74
0	73
0	3
0	2
0	2
0	1
0	1
15	1
0	1
0	0
107	2
0	0
0	2
0	17
2	0
7	14
60	2
0	2
107	24
0	0
432	297
22	379
0	88
36	52
34	14
3	6
0	8
0	8
0	8
3	46
0	22
0	22
0	1
0	0
5	0
0	17
5	3
0	0
4	0
0	0
4	11
0	1
0	10
0	0
0	0
19	0
0	1
0	1
11	21
0	6
3	16
0	2
23	3
0	3
9	0
1	0
2	0
0	5
257	1099
3	1094
6	0
0	5
96	163
2	0
0	163
0	0
6	0
68	65
0	65
525	100
59	35
33	3
0	26
0	49
14	155
0	22
2	126
0	3
17	125
0	362
0	1
0	1
134	507
0	145
143	326
285	545
0	192
210	398
14	0
0	3
0	9
0	72
7	88
0	236
0	196
0	155
43	156
248	97
0	141
4	142
2	0
51	180
299	180
5	8
0	74
1	11
0	11
0	8
0	116
26	273
0	0
3	487
9	485
0	476
22	135
0	206
171	1133
0	1124
0	0
3	10
1	2
0	18
0	17
0	17
2	2
0	1
2	0
1	1
0	1
0	6
1	6
0	6
0	18
4	11
0	5
0	11
20	2
4	3
0	0
0	34
0	34
0	3
107	15
0	12
0	0
0	3
1	3
0	4
31	235
7	0
0	0
0	0
0	0
1	45
0	45
0	0
135	67
0	67
3	3
1	0
41	112
5	0
17	81
1	5
7	8
66	102
12	55
17	55
4	0
0	0
1	46
8	8
0	8
0	0
154	0
7	0
5	0
0	0
1	0
0	0
0	0
0	0
1	11
0	2
0	3
0	2
0	7
22	38
2	27
0	2
248	0
0	30
0	30
0	26
1	38
3	8
12	6
0	2
0	1602
0	0
0	3
1	0
0	0
402	5
0	6
1	6
0	4
1	0
7	0
0	1602
1	0
0	18
0	18
44	63
0	60
40	17
1	3
1	41
7	12
0	8
1	8
0	2
0	2
0	2
0	6
2	0
0	0
0	0
0	12
0	0
0	0
18	5
0	4
0	5
49	0
496	90
0	90
8	34
0	25
5	9
0	9
10	10
2	10
0	15
0	17
0	17
0	4
4	35
21	19
0	12
0	4
2	5
12	47
20	1
19	0
110	65
1	64
1	4
330	172
29	192
74	141
0	135
0	2
46	0
0	71
0	94
35	114
2	0
274	38
119	34
1	9
0	4
0	1
150	4
0	10
2	6
0	6
12	29
6	8
0	4
0	17
0	13
0	13
0	12
22	13
3	10
0	18
0	62
0	0
0	0
0	0
1	0
5	0
0	0
0	0
1	1
7	0
0	3
1	3
0	3
0	71
2	3
0	3
25	152
0	152
0	79
0	31
35	3
48	2
49	2
0	5
1	5
0	4
0	4
167	171
0	171
6	0
0	0
0	15
4	13
41	15
0	9
2	2
0	2
0	2
0	0
42	0
0	11
7	218
0	140
0	117
87	6
0	0
0	16
2	5
1	5
0	0
0	0
68	48
833	48
61	23
0	33
171	47
0	7
4	2
2	2
36	42
4	0
0	8
0	0
220	5
0	9
0	9
31	124
7	25
81	100
0	0
0	9
0	6
0	25
0	0
0	0
47	176
9	161
1	0
0	1
5	1
41	0
0	0
1	0
0	0
0	0
0	0
22	1
0	1
0	10
0	10
0	40
11	152
0	2
5	7
0	40
0	60
5	0
0	187
81	209
0	24
0	5
3	0
0	0
35	7
0	130
0	130
0	0
0	5
13	38
0	38
6	1
0	2
0	12
0	10
71	13
37	13
6	2
0	2
57	2
4	2
1	33
0	12
0	12
0	12
0	12
0	12
0	12
0	12
0	0
0	12
0	12
0	0
0	0
0	0
0	0
0	0
0	0
0	0
0	0
0	0
0	0
0	0
0	12
0	12
0	12
0	12
0	12
0	12
2	22
0	11
0	0
0	0
0	0
0	0
0	0
0	0
0	2
0	0
0	2
0	22
4	0
2	0
1	172
0	172
1	2
0	1
0	4
0	0
1	1
0	20
1	20
1	10
0	10
0	10
0	3
10	0
30	3
35	71
0	0
0	0
0	0
10	68
15	65
10	10
27	4
0	3
0	0
6	0
0	0
0	1
6	0
2	64
97	3
0	65
0	219
76	497
42	467
0	218
0	30
0	23
20	24
0	19
1	4
0	4
1	4
0	10
0	10
42	0
39	22
0	21
0	20
0	16
1	38
0	11
0	13
0	35
8	43
0	12
0	12
7	32
0	43
2	64
0	40
28	15
0	80
0	17
0	0
0	80
2	5
0	5
0	2
0	0
0	0
0	0
0	2
0	2
2	20
0	36
7	108
0	1
0	1
0	0
20	143
793	1
0	34
54	62
6	62
15	57
17	44
0	44
33	30
3	0
58	4
14	4
12	15
0	45
0	45
2	125
0	123
554	29
0	14
33	108
0	123
1	0
0	14
0	14
1	26
0	10
20	30
29	362
0	1
7	4
6	7
9	2
89	45
0	0
6	96
0	131
20	22
0	20
7	5
0	1
7	6
0	136
105	96
6	92
0	96
30	11
0	4
0	3
8	0
30	0
0	0
0	5
0	0
14	3
0	10
13	36
0	0
2	5
0	24
3	5
24	30
5	2
0	2
557	4
144	0
118	3
138	0
0	73
0	66
3	71
4	66
0	71
0	90
0	104
472	85
0	85
2	0
0	85
0	5
3	5
25	2
0	2
0	14
0	9
1	14
0	13
0	12
13	3
0	2
5	0
33	0
0	0
2	1
4	0
0	0
0	0
0	0
504	5
0	0
0	0
0	0
69	0
0	18
0	0
1	0
6	18
0	0
9	0
9	0
0	9
13	153
59	153
4	0
1	0
12	71
0	0
0	2
4	0
11	0
253	0
4	10
0	10
1	0
62	5
0	5
0	5
0	27
10	0
0	0
0	27
122	0
40	0
27	311
66	2
6	0
0	2
11	5
0	7
18	7
0	0
39	1
0	1
0	0
0	1
0	8
0	4
0	16
106	84
12	21
0	17
0	35
55	1
0	1
7	64
0	21
495	48
0	48
0	3
2	18
1	2
0	2
45	7
4	5
1	6
0	0
0	6
14	82
42	11
0	83
0	7
2	7
97	202
27	203
0	1
0	0
24	90
0	90
8	0
2	4
0	4
15	4
0	0
0	0
0	20
0	7
0	0
97	20
0	0
0	0
0	21
9	0
0	0
170	1
6	2
3	8
0	0
0	4
10	4
0	2
74	166
4	164
0	0
57	538
0	406
100	535
6	27
27	0
353	35
0	3
0	2
0	18
0	1
0	35
0	10
0	10
0	4
41	53
0	25
5	28
114	31
0	52
0	17
0	2
6	32
26	0
0	12
0	13
0	52
0	52
4	227
0	2
0	227
0	182
0	8
1	5
0	6
0	0
0	152
39	25
0	23
0	3
0	0
0	24
5	18
0	18
0	21
0	1
0	17
8	4
5	4
2	4
0	14
0	4
90	14
0	14
0	16
2	14
0	60
0	60
0	5
0	4
0	0
0	2
22	205
0	180
0	180
0	168
49	39
0	16
75	6
0	9
0	308
0	308
0	3
0	2
35	2
0	0
78	6
0	7
16	20
4	88
25	91
0	4
0	4
76	177
59	15
13	8
12	8
25	8
0	0
0	6
2	2
0	6
264	3
0	6
47	6
0	6
0	0
1	0
44	4
0	4
1	0
0	0
0	0
0	1
0	1
0	0
0	1
0	1
2	6
4	5
168	24
0	24
0	86
0	126
19	13
0	13
32	1
0	0
0	16
0	10
5	0
5	120
30	120
0	34
0	8
0	17
0	0
0	34
357	57
9	57
25	46
0	0
0	0
0	0
118	4
0	3
0	3
0	3
0	2
0	1
0	1
0	1
0	2
0	0
10	1
0	5
0	5
0	0
0	0
0	0
0	0
1	5
0	5
97	8
0	8
0	0
3	0
0	8
8	28
0	0
10	0
0	8
0	1
0	1
1	2
2	2
0	2
0	67
10	67
38	64
0	103
0	103
405	164
0	28
0	28
0	21
10	7
36	63
74	63
2	3
26	3
3	4
0	2
13	67
2	2
2	26
371	0
0	4
1	3
0	2
0	41
28	4
0	36
0	6
3	50
0	43
93	45
0	35
0	7
0	9
0	18
0	18
0	5
1	0
0	0
1	95
0	95
0	7
3	43
0	43
69	14
0	67
0	0
0	73
0	181
95	182
0	1
0	41
0	41
0	22
1	2
0	2
0	0
0	0
0	0
2	0
5	233
129	233
16	208
0	0
45	0
0	0
10	145
0	57
15	82
0	81
435	71
0	53
36	12
0	12
0	25
0	25
216	63
0	2
0	65
0	64
8	2
2511	106
0	106
0	3
0	51
0	51
0	12
55	10
1	1
0	10
10	6
3	1
16	4
0	4
4	4
0	0
23	42
29	42
65	22
1	10
0	5
0	5
2	10
1	13
0	13
10	0
4	0
0	0
0	0
13	18
35	19
117	19
16	18
0	17
0	1
0	1
300	73
14	77
14	70
0	49
2	17
179	2
0	1
0	2
0	0
0	0
0	0
0	0
0	1
28	71
0	54
0	29
0	37
0	27
0	19
0	0
0	0
13	6
89	53
0	53
0	31
3	6
0	0
5	292
562	611
0	605
0	525
1785	302
0	34
33	0
0	50
0	50
0	50
0	7
12	88
0	88
0	53
0	48
0	8
0	14
327	127
0	127
3	97
0	305
0	356
24	182
0	97
1	74
0	74
5	7
0	1
0	304
368	128
0	35
1	0
3	5
0	5
140	35
0	0
0	0
0	42
0	42
0	8
2	26
0	13
0	13
13	13
0	0
292	248
535	248
9	9
0	113
0	104
0	15
0	68
0	14
77	40
0	13
0	4
0	2
0	4
0	56
133	121
0	58
0	10
0	61
0	7
0	113
0	10
0	5
0	44
0	30
0	2
0	33
0	10
0	5
0	10
0	10
4	31
0	26
17	229
0	18
0	76
0	81
28	354
23	345
140	95
0	96
0	29
3	3
0	73
0	1
0	23
0	1
146	1
1	1
0	2
10	29
1	1
0	1
0	1
77	29
69	39
0	6
2	21
4	39
0	46
9	107
20	107
14	85
5	10
30	8
0	0
0	0
0	1
0	0
104	260
0	286
0	304
2	50
0	50
9	14
0	14
14	0
5	33
0	0
0	3
10	30
0	0
18	2
0	2
5	1
5	1
0	14
0	72
0	72
0	39
0	94
0	71
25	0
0	0
11	141
0	130
368	31
0	10
0	2
0	14
0	20
0	14
186	20
0	0
7	0
146	0
0	2
0	2
0	743
0	743
0	9
0	2
0	2
0	2
0	0
32	10
0	6
0	2
2	33
0	3
316	29
0	4
0	6
0	13
11	87
0	4
0	7
13	83
35	25
235	34
2	0
0	6
0	6
0	6
0	29
288	29
2	5
47	14
627	0
8	0
0	104
6	1
326	520
0	89
0	6
1	511
0	511
0	0
7	6
22	79
11	18
0	13
6	90
9	76
0	45
0	0
4	8
0	0
4	8
1	1
0	1
0	1
4	0
9	18
0	18
0	33
0	33
0	33
0	15
57	91
6	91
0	95
0	4
27	46
0	30
59	44
0	17
0	3
0	0
2	0
1	12
10	5
0	0
1	0
11	1
1	1
2	10
4	0
1	0
1	0
0	5
0	5
0	1
3	0
18	3
157	0
10	3
43	53
21	11
0	4
127	178
0	74
1	41
0	2
0	0
0	0
1	0
0	0
0	0
23	211
14	172
0	228
574	109
34	3
6	9
12	3
0	3
0	59
1	3
4	0
1	0
12	10
0	5
0	1
0	2
7	139
382	118
249	59
0	120
0	1
0	0
0	0
0	0
5	0
0	0
9	7
0	13
0	13
0	113
0	113
0	7
0	7
1	3
3	0
0	3
0	9
0	6
8	36
84	38
0	34
0	0
0	0
0	0
0	14
0	14
0	0
0	0
1	9
0	6
4	8
1	2
2	4
8	17
67	225
26	225
5	0
7	254
0	233
0	231
0	233
0	25
0	254
0	0
15	0
89	354
504	354
0	22
0	22
0	29
0	155
0	78
0	91
0	162
138	87
0	87
0	161
0	5
415	4
1	17
56	10
6	79
0	161
0	94
0	161
8	44
11	44
10	1
41	1
9	1
0	0
0	0
397	167
0	30
536	129
0	4
0	22
0	67
0	45
10	53
231	81
145	0
0	0
0	16
0	21
0	12
0	12
0	16
0	16
1	12
0	13
0	16
0	0
1	0
0	1
0	9
0	0
6	6
0	6
0	0
0	0
12	9
0	8
0	0
1	0
0	3
0	0
0	7
5	7
0	0
2	7
0	0
5	6
0	0
52	15
40	5
66	138
70	142
7	122
0	7
2	0
3	0
0	5
19	16
0	16
866	97
0	1
0	3
0	19
0	84
5	1
47	43
304	43
0	0
2	1
0	1
65	362
0	7
4	22
34	0
0	36
0	6
16	19
7	4
0	3
48	357
103	140
0	117
0	117
0	83
7	1
54	5
184	6
1	0
1	0
161	26
0	17
0	1
93	26
100	8
0	8
0	0
57	62
0	62
3	0
27	49
144	47
16	1
0	49
46	49
3	0
26	7
2	6
0	6
12	4
25	4
0	0
167	35
0	35
2	4
0	1
0	6
0	2
5	0
27	0
32	226
15	231
0	266
0	266
152	240
3	0
1	17
0	0
8	0
1	5
0	191
0	191
8	38
5	11
3	0
2	0
0	0
0	49
43	49
45	44
0	16
11	82
0	29
2	13
0	0
0	0
0	0
0	0
48	26
17	19
0	5
3	0
11	6
0	3
0	31
0	5
0	22
1	31
1	0
124	0
0	0
0	0
1	0
0	0
1	0
2	45
0	45
0	45
0	45
0	15
10	2
5	6
0	6
3	2
0	2
0	6
9	95
35	59
5	12
0	4
0	0
96	0
0	14
0	14
1	1
2	32
0	33
0	4
0	1
0	12
0	1
0	1
11	33
0	10
0	10
0	10
10	9
4	3
0	1
14	0
0	8
8	8
0	2
7	0
0	0
485	11
0	11
0	2
31	231
0	47
0	26
30	7
0	11
0	2
13	0
0	1
4	0
0	25
0	1
0	0
39	182
66	5
76	5
0	0
0	0
625	1083
0	55
27	91
1	1028
0	251
87	251
98	168
62	109
3	108
0	0
548	5
590	1091
2	1145
0	119
8	167
0	66
37	155
0	4
7	0
15	31
14	4
0	4
452	48
2	0
0	8
0	3
12	3
0	3
0	30
0	8
9	1
72	27
2	19
50	3
6	400
24	433
0	399
0	1
1	0
0	0
26	0
111	365
2	276
0	6
0	6
3	0
370	177
3	2
0	14
6	21
5	21
0	94
0	144
31	0
0	2
0	73
0	144
3	0
28	20
0	19
0	7
0	0
2	0
0	0
2	22
8	3
0	1
0	0
1	0
0	0
0	9
0	13
87	19
0	16
0	3
1	0
16	3
2	1
24	2
0	1
0	1
267	55
0	61
27	32
293	6
84	1
0	2
0	20
0	20
0	20
0	13
12	1
0	0
0	1
2	1
0	0
20	47
0	2
6	68
23	352
109	1
20	0
0	9
2	2
559	266
593	64
79	64
0	1
0	1
140	118
0	2
0	99
103	3
0	1
117	9
0	139
0	58
46	69
0	71
0	139
2	131
0	71
0	87
0	143
57	1
3	144
1	96
0	18
13	0
18	371
23	338
0	336
0	334
4	332
1	75
0	37
78	1
1	0
0	1
123	0
35	10
25	45
0	26
0	45
0	39
7	25
0	26
6	26
0	19
0	5
0	3
0	3
0	2
3	0
41	0
2	0
14	0
117	0
5	0
0	0
16	11
11	8
0	3
0	73
0	73
0	21
0	16
0	16
132	5
0	0
44	5
34	2
0	312
0	318
116	72
0	72
732	54
9	0
0	42
0	26
10	25
53	12
0	20
0	40
0	10
0	8
2	11
3	5
0	26
157	508
0	0
11	0
109	127
0	121
1	135
0	130
0	18
0	18
0	18
0	9
5	2
0	2
13	5
0	5
0	0
0	3
11	0
9	0
55	0
0	0
542	20
49	2
0	18
0	38
4	38
0	28
0	3
3	13
0	2
0	10
0	40
0	38
6	3
15	19
0	25
22	15
0	14
11	0
0	21
0	14
0	14
0	42
598	231
6	229
0	160
30	4
210	94
0	0
4	13
0	94
0	47
75	73
21	74
4	27
0	0
893	0
135	10
0	6
0	6
0	4
0	0
0	45
0	0
0	0
0	0
0	19
0	1
0	1
0	19
0	18
0	13
4	44
16	44
0	20
0	8
11	154
0	154
0	152
92	150
0	146
9	8
0	0
0	0
4	158
0	138
13	88
0	71
3	26
0	26
0	4
7	5
5	2
63	3
4	3
0	50
9	0
0	0
1	0
0	13
0	25
0	25
0	25
0	16
114	107
11	94
10	95
0	103
55	29
8	43
3	35
140	56
0	20
0	18
0	28
26	15
2	13
14	5
0	5
0	10
0	0
0	0
0	0
4	4
4	27
0	6
0	0
6	4
2	2
13	23
0	0
155	0
57	13
0	13
0	13
0	13
22	13
2	1
10	1
1	5
0	0
5	5
0	2
0	3
75	9
0	9
62	45
0	45
1	17
26	6
0	0
0	6
0	6
9	3
0	0
0	3
45	11
0	11
61	176
21	166
17	0
16	0
0	0
0	0
3	35
3	4
1	0
0	0
0	0
0	0
0	13
0	27
2	31
6	31
0	31
48	303
0	303
0	53
2	2
8	0
0	24
4	24
1	22
0	4
61	11
0	11
7	0
4	0
0	27
0	36
0	36
1	0
0	3
0	1
34	25
0	14
0	14
0	15
0	26
0	15
0	0
0	0
0	0
0	0
2	0
0	0
0	0
0	0
1	20
0	0
0	18
0	18
0	7
0	7
0	0
8	0
793	13
0	24
0	24
0	20
3	0
3	34
2	38
2	21
0	25
0	27
0	14
0	19
0	2
0	0
0	35
0	35
4	12
0	1
10	15
18	29
0	14
0	12
17	3
0	3
4	25
0	15
0	15
0	25
0	0
0	13
0	13
0	13
0	16
613	0
0	1
0	1
0	1
0	0
0	0
0	0
1	0
9	1
0	175
0	107
26	197
8	24
0	3
0	103
0	0
424	85
7	66
20	0
41	9
0	8
0	3
4	105
0	2
0	105
0	72
12	76
0	70
29	57
1	51
0	33
0	9
0	7
4	14
0	14
0	0
0	1
41	0
0	0
0	28
17	49
0	65
0	43
42	28
0	28
7	25
0	28
0	28
0	16
0	0
13	336
194	336
9	4
0	13
14	16
0	5
0	25
388	97
6	12
0	2
0	0
0	85
45	2
12	15
24	183
0	180
1	32
0	4
0	137
40	8
0	133
0	0
0	1
0	7
283	0
11	0
18	19
2	0
0	0
0	0
0	106
0	0
0	1
0	106
0	0
1	2
0	2
0	0
0	2
0	0
2	2
55	24
0	4
0	4
7	0
15	19
0	2
0	12
1	7
2	0
0	23
1	4
0	6
0	5
0	0
8	2
671	227
3	227
109	103
0	103
4	0
0	0
374	0
0	0
0	34
52	153
31	0
0	6
0	0
0	5
40	12
1	8
115	110
0	110
2	113
0	25
112	25
0	5
0	1
0	1
1	1
0	16
91	0
0	11
40	11
257	173
0	52
0	52
4	38
4	38
0	34
0	30
0	12
5	6
0	21
0	12
0	122
0	10
0	10
0	6
5	0
3	11
0	6
0	7
1	11
11	0
24	1
1	1
208	11
196	96
0	94
0	28
0	5
3	0
0	0
31	0
0	0
24	7
576	7
0	7
0	7
95	59
6	0
152	18
0	18
0	18
0	21
1	21
43	18
0	12
0	12
136	33
0	33
3	123
8	82
44	116
18	67
0	71
0	59
0	71
88	0
1	0
0	0
0	0
0	0
0	0
0	0
1	3
0	0
0	0
0	3
0	0
0	0
1	105
9	0
25	38
10	34
49	34
236	74
44	100
305	1
24	0
0	1
0	0
3	0
42	0
198	234
0	8
42	227
3	0
38	2
81	9
10	6
25	13
0	5
0	10
43	22
0	0
0	0
19	52
0	0
0	8
0	25
57	49
3	24
2	9
0	5
7	5
119	41
224	18
99	41
61	49
0	48
0	45
40	46
8	42
1	41
0	1
0	0
57	3
0	2
0	283
0	283
12	20
0	8
0	0
0	0
17	0
33	139
14	50
0	39
0	44
0	33
0	33
53	17
88	242
1136	15
0	15
14	4
0	44
0	224
0	193
256	16
4	13
0	13
0	2
0	2
0	3
0	4
0	4
0	4
0	4
0	0
0	0
4	19
10	0
0	0
0	0
0	24
0	24
0	18
966	0
0	0
6	137
2	0
3	137
9	160
28	302
125	302
14	4
0	3
0	19
0	2
4	0
0	0
0	0
0	0
11	77
0	1
0	1
0	10
0	0
117	28
7	1
0	2
0	27
11	27
5	8
4	8
0	0
0	276
335	314
2	8
1	0
2	0
1	1
0	1
3	45
0	0
5	45
42	0
5	33
0	27
0	6
0	0
0	8
0	50
3	7
0	40
0	50
146	99
0	99
105	10
0	39
6	39
12	39
0	30
2	6
0	74
6	1
0	0
10	37
61	37
142	31
0	0
5	9
0	1
277	15
56	21
0	14
0	14
363	20
14	14
586	663
0	10
0	11
51	12
28	8
0	1
0	95
17	95
0	9
1	3
0	3
0	3
0	3
0	0
2	3
0	0
0	0
97	0
0	6
0	54
209	534
0	14
0	537
1	4
21	7
0	0
0	0
0	0
4	0
0	0
0	0
29	3
0	0
4	1
0	5
1	407
0	394
8	400
2	0
6	0
8	6
0	6
58	4
0	4
0	1
0	1
0	73
2	73
0	31
5	31
0	2
0	17
0	40
54	13
43	43
0	10
0	147
0	147
0	147
0	147
0	147
62	0
204	0
13	124
0	124
1	211
0	211
6	59
0	12
0	0
0	0
1	0
0	4
0	0
0	0
11	43
2	31
0	0
137	1
1	0
2	32
0	57
73	57
0	36
0	0
0	0
4	8
29	0
0	20
0	7
0	9
0	21
0	33
0	0
0	0
9	0
0	47
0	61
158	0
0	3
88	0
3	16
0	16
0	8
4	6
0	0
0	14
0	13
3	18
0	5
1	3
0	3
0	3
0	3
0	0
0	0
0	81
6	81
26	51
0	2
1	2
0	0
0	0
16	0
1196	84
0	52
9	20
1	10
0	16
7	1
0	0
0	5
0	8
0	0
3	0
0	0
15	0
0	30
0	29
0	24
0	24
0	2
0	1
0	1
0	36
0	1
228	0
0	66
0	25
0	91
1	17
0	17
0	0
6	0
0	245
902	243
0	245
284	0
8	0
1	0
29	7
0	0
0	0
3	0
0	7
37	45
0	0
0	45
1	0
124	45
0	45
33	3
0	3
0	0
0	3
96	49
0	30
126	43
0	8
0	4
0	3
4	678
0	677
0	343
0	338
0	66
36	0
0	3
9	0
15	1
0	48
65	55
0	0
0	0
0	47
0	32
0	669
0	671
0	671
0	671
0	247
0	656
0	656
0	656
0	656
0	9
0	9
0	1
55	1
1	0
28	95
38	93
0	32
0	676
7	366
0	0
1	0
4	0
0	3
0	2
249	624
0	381
41	566
9	493
5	0
6	0
0	0
2	16
33	18
0	16
0	12
0	11
0	11
0	12
57	12
0	3
0	6
0	6
116	17
0	0
0	5
11	8
0	16
38	65
22	65
0	125
0	40
0	157
0	159
0	16
0	15
0	16
0	4
0	306
14	322
0	85
26	127
0	26
0	19
0	16
0	31
0	10
0	13
0	3
0	0
7	0
0	0
0	0
0	1
2	1
13	27
0	24
79	11
1	19
0	4
0	6
0	7
0	0
0	0
0	1
0	2
0	0
29	8
32	17
0	6
0	0
4	0
0	0
0	1
0	0
0	0
0	2
1	0
0	0
0	2
0	1
1	1
39	126
32	201
0	113
0	49
9	178
0	89
0	85
0	85
0	69
0	69
0	89
0	1
134	147
0	182
15	155
8	86
0	1
0	33
0	2
0	1
0	6
0	0
0	1
0	32
0	6
29	32
4	4
0	0
0	0
0	4
0	0
44	24
0	24
6	2
0	1
0	1
0	1
0	0
0	1
1	1
0	1
9	258
0	239
0	196
7	191
30	280
53	531
0	162
0	531
37	10
5	10
0	4
502	226
35	226
0	6
38	6
24	87
10	64
0	86
0	48
1	0
0	4
0	0
126	5
30	17
0	0
0	12
0	0
0	0
0	0
0	0
1	0
0	0
0	0
0	0
41	225
210	232
0	7
0	7
0	0
0	0
1	2
0	2
8	0
0	84
0	83
0	76
0	50
0	1
4	4
1	40
0	42
0	11
0	9
29	38
23	11
87	33
34	5
0	11
0	0
3	0
0	49
53	3
0	15
0	48
5	47
71	0
0	0
0	0
1	11
0	12
1	49
430	155
0	135
0	72
2094	419
0	54
0	28
10	12
0	329
0	13
1	21
572	27
7	27
25	73
0	59
0	59
0	49
0	5
3	23
0	23
0	3
0	0
0	21
0	21
0	21
0	21
8	0
27	11
35	12
4	12
0	340
42	340
7	58
2	0
4	2
0	4
0	1
0	0
0	12
3	0
445	0
13	11
8	11
0	0
14	163
0	163
0	132
0	124
11	120
110	159
0	54
1	38
0	0
0	3
0	0
0	0
0	0
0	0
0	0
54	85
0	85
1	85
8	2
0	0
0	12
0	12
0	12
4	12
6	56
27	32
0	9
11	32
8	17
0	0
644	164
2	0
28	3
21	158
73	21
0	8
0	3
1	2
0	0
92	83
0	83
0	50
0	17
0	1
4	47
1	41
28	44
0	62
35	39
0	39
13	25
941	1
0	1
0	0
5	14
0	2
0	0
0	8
0	2
0	4
142	0
0	0
4	0
41	20
173	467
0	455
0	397
9	2
8	209
0	1
38	380
56	0
0	0
30	292
0	173
0	5
15	118
0	5
0	3
0	113
1	9
10	112
17	30
2	9
0	2
0	2
3	21
0	41
0	41
0	41
0	41
0	15
0	120
0	634
0	634
0	634
515	1089
0	1
0	21
2	21
0	31
0	59
12	33
1	5
63	335
0	331
130	0
6	0
0	0
69	19
0	18
0	18
11	9
0	17
0	17
0	0
0	0
0	0
0	0
3	0
0	0
14	649
10	661
0	109
0	206
0	30
0	3
0	1
0	0
27	47
10	1
2	0
0	7
227	37
0	9
3	1
18	29
109	12
0	5
0	9
12	7
0	7
104	28
1322	28
4	0
1	4
14	15
5	5
0	7
0	1
3	0
0	1
0	3
0	3
0	1
0	2
0	2
0	2
0	2
4	3
0	2
7	3
1	2
1	3
0	1
0	1
0	0
0	0
5	39
0	16
0	16
0	16
0	16
1	14
0	14
13	0
249	126
0	103
32	0
31	117
52	0
28	94
0	72
4	74
0	74
0	74
0	72
0	0
1	0
113	29
0	194
0	213
0	50
0	17
0	6
0	0
0	0
0	0
0	0
5	1
0	110
0	75
11	94
0	14
6	72
0	14
0	39
15	152
3	5
0	0
32	133
0	28
0	9
0	10
2	9
18	36
0	36
2	0
12	20
0	20
0	18
72	104
0	45
28	43
1	30
1	97
0	93
0	88
0	0
0	0
0	0
0	0
0	0
0	0
25	24
11	0
0	0
0	1
0	0
0	1
15	10
0	5
0	2
72	9
83	7
35	1
0	7
0	4
0	7
26	1
0	1
0	0
0	74
6	74
0	61
1	74
155	0
2	0
2	0
3	0
0	0
49	39
3	0
0	67
115	58
3	58
0	9
0	1
0	0
38	161
0	0
0	72
81	124
0	5
1	5
0	14
3	603
0	22
0	44
0	17
1	16
0	22
0	22
0	596
15	319
30	59
1	8
0	8
0	5
84	5
0	4
1	3
8	0
0	8
91	27
0	8
25	98
1	0
5	19
165	115
0	105
0	0
3	0
1	71
8	56
0	255
0	275
0	0
0	309
0	309
294	294
792	352
3	298
6	161
0	109
0	45
0	73
46	10
0	2
17	0
4	11
0	27
54	0
15	27
0	10
0	8
5	79
0	19
20	35
2	40
0	40
0	69
0	23
0	1
28	12
17	0
0	1
0	1
0	1
7	12
9	11
0	0
0	0
0	2
0	1
0	10
22	0
0	9
0	41
4	41
0	41
0	14
0	14
0	9
1	0
0	7
0	7
0	7
0	0
0	8
0	8
0	0
0	18
0	12
0	7
0	18
1	41
0	23
0	55
0	75
4	61
0	61
21	3
4	3
70	351
0	363
5	0
6	1
26	18
20	138
0	56
0	126
0	16
0	3
0	11
0	0
83	0
0	5
1	10
4	11
0	8
0	8
0	8
0	0
0	0
17	5
1	27
0	9
0	14
0	186
0	23
0	14
0	4
0	250
0	251
0	7
0	7
1	2
0	12
0	6
76	4
6	4
0	111
0	115
0	98
0	23
0	89
1	0
60	65
0	0
2	0
1	0
0	28
0	3
0	1
1	2
0	2
0	0
138	48
6	48
0	28
0	1
0	7
0	0
0	0
2	1128
0	11
15	4
0	66
4	1117
0	24
0	24
2	24
7	21
53	54
58	33
0	23
1	0
11	0
1	9
0	13
125	22
0	22
171	0
0	35
22	23
0	22
0	0
8	2
1	2
4	27
31	14
0	1
0	47
25	35
1	0
90	22
9	6
72	0
6	0
268	16
41	10
0	6
0	6
2	35
0	35
0	9
408	21
83	17
0	16
5	0
9	1
3	4
0	0
0	3
0	1
0	105
17	8
0	21
0	105
0	0
0	1
0	1
1	3
0	0
0	3
126	1
0	0
1	1
0	1
12	9
3	10
0	10
0	9
0	9
4	9
0	9
12	9
0	10
0	10
0	9
0	2
0	2
0	0
3	2
0	2
0	2
0	2
11	83
3	73
45	53
5	8
34	21
6	8
0	3
1	10
5	0
0	2
0	0
0	0
0	0
0	0
0	0
0	8
0	8
0	1
0	8
0	0
0	0
0	0
0	2
7	0
23	1
18	0
54	22
0	22
17	6
19	71
19	78
0	0
0	44
14	44
0	0
21	3
0	0
0	3
33	0
2	0
0	0
17	170
0	170
25	0
0	7
0	15
37	15
65	7
0	7
0	0
0	0
0	23
0	23
0	23
0	5
1	3
54	17
0	10
0	17
43	26
0	0
1	15
0	15
5	1
0	1
8	14
0	9
3	7
0	4
0	2
0	2
0	4
0	1
0	0
47	44
0	0
0	48
0	66
3	66
0	0
0	18
1	0
0	0
0	2
0	66
0	66
0	63
0	63
0	66
0	66
0	63
0	63
9	0
3	0
2	0
7	10
2	0
4	0
0	6
0	6
5	0
0	0
0	0
0	0
10	21
1	21
4	8
0	21
0	8
0	0
0	0
0	3
948	28
0	27
74	52
8	45
0	29
0	7
0	4
0	5
0	0
32	0
16	24
1	21
18	7
0	5
41	7
2	0
474	16
0	57
1	14
8	10
95	105
0	44
44	64
0	59
2	31
1	2
113	1
0	1
1	0
10	0
176	12
0	11
0	12
5	1
0	0
0	0
23	8
0	8
63	2
5	1
0	2
7	0
135	0
0	29
0	29
0	22
0	0
0	0
11	0
0	10
0	25
0	5
15	5
0	0
22	0
23	119
0	71
2	24
0	20
1	14
0	0
5	0
0	0
0	0
1	0
5	121
26	41
0	34
0	33
0	1
0	32
5	0
3	1
0	1
30	19
20	18
0	5
0	1
5	1
4	0
0	0
0	41
0	41
0	41
0	41
0	29
0	29
15	0
0	12
1	13
0	12
0	5
2674	2
25	4
0	4
80	4
8	0
13	72
11	72
0	3
3	0
0	0
0	0
0	0
0	0
148	8
16	3
5	3
0	2
0	2
0	104
0	104
182	19
0	51
13	0
0	0
144	96
0	14
0	64
6	10
0	7
49	60
0	25
0	0
17	47
10	0
28	44
10	58
36	0
2133	6
6	22
0	4
17	29
1	29
4	5
0	0
1418	809
2283	152
0	662
0	89
32	11
0	11
0	4
36	22
0	0
28	219
0	117
0	186
2	0
0	11
0	11
0	4
52	1272
59	1267
0	164
17	6
2	11
0	33
0	31
10	4
0	0
0	5
0	0
2	5
0	16
0	31
4	0
2	10
0	10
0	2
6	10
0	2
0	2
0	1
0	0
0	0
0	1
0	0
16	12
0	12
2	6
0	6
0	0
0	0
3	35
0	35
1	436
197	436
0	74
7	37
8	281
0	25
0	48
9	48
0	9
0	42
0	1
0	258
0	14
2	6
0	6
3	0
0	0
0	14
16	14
0	0
0	0
3	22
21	26
0	24
115	11
0	2
126	50
22	31
21	6
14	16
0	29
26	20
10	0
0	0
0	22
0	22
0	22
0	22
0	22
4	1
0	8
0	8
59	0
11	11
72	53
1	43
0	45
0	5
0	2
29	35
14	18
0	267
50	1312
0	116
0	77
41	190
0	812
0	812
37	27
83	779
35	1164
15	229
0	229
0	32
0	7
0	86
381	1867
0	1867
0	440
164	127
0	127
0	27
0	7
0	3
0	0
0	0
0	11
2	12
16	34
1537	6
130	6
6	22
1	20
281	0
0	0
2	0
0	0
0	0
1	0
0	3
0	3
1	0
0	4
0	3
0	3
9	4
3	0
0	0
0	4
13	9
0	4
0	2
0	2
0	0
0	0
0	2
0	2
19	1
0	341
0	7
0	338
3	0
3	0
12	0
31	522
1	319
0	8
52	8
5	0
1	7
15	7
0	7
2	2
0	70
0	70
0	68
0	66
15	0
4	8
0	66
0	0
0	66
0	66
0	66
0	0
0	68
1	26
0	17
0	5
3	17
13	82
0	151
0	2
2	149
0	12
13	16
0	2
1	12
562	1258
0	1258
700	811
0	28
0	15
35	40
0	38
0	33
0	2
1	1
0	2
0	2
0	0
0	321
12	339
0	361
58	380
0	257
0	60
6	2
1	0
33	14
0	14
0	7
0	4
13	2
0	2
0	0
7	8
0	0
0	0
2	0
2	0
58	6
12	0
30	6
0	154
3	5
3	0
6	6
0	0
0	0
1	2
32	2
4	1
14	9
4	4
1	10
16	19
0	0
0	5
0	0
6	1
3	25
6	25
0	6
0	0
1	0
0	0
0	79
0	95
14	271
60	221
3	208
0	10
0	10
0	244
11	188
3	69
5	8
0	8
0	8
1	0
0	6
84	77
0	30
1	13
3	8
0	65
1	62
8	7
32	32
6	25
2	1
16	1
2	6
13	111
0	111
0	0
5	58
0	58
0	58
35	16
0	16
0	61
1	15
218	107
0	1
0	0
5	0
0	21
0	3
0	11
0	11
8	20
0	0
1	9
0	0
0	12
0	15
0	7
0	7
0	4
52	2
25	8
0	6
6	6
0	5
0	1
321	288
0	3
0	95
0	146
0	176
0	276
0	10
3	0
0	0
0	3
1	2
135	63
0	186
147	6
0	344
0	451
0	173
0	67
0	8
0	8
0	8
0	8
0	7
0	0
0	0
0	0
0	9
0	1
0	1
0	4
0	2
15	39
6	0
9	23
0	23
13	1
0	417
0	428
0	1
7	14
0	14
78	267
3	14
0	0
19	249
1	250
1	244
0	0
1	209
3	7
0	2
0	5
0	0
1	0
3	5
0	0
0	5
12	72
0	72
0	19
18	0
12	16
0	0
0	1
0	3
0	6
7	6
0	21
0	28
167	2
0	2
0	2
0	2
4	9
0	10
44	2
0	2
34	19
0	19
0	12
1	1
0	50
17	68
0	28
0	48
0	34
1	15
0	32
0	28
0	2
0	28
0	33
0	50
0	0
0	0
0	1
0	51
6	0
0	5
61	37
0	24
0	2
0	5
23	0
6	32
14	32
11	30
45	159
3	60
0	175
0	40
12	1338
9	1338
1	251
0	58
12	4
352	81
13	81
4	0
0	21
0	19
0	0
7	0
65	173
39	160
0	104
4	104
0	53
62	23
85	53
0	54
28	81
0	54
0	1
0	1
1	3
0	0
86	5
189	132
0	83
15	118
12	0
0	0
0	0
0	10
0	14
0	12
0	4
0	2
0	5
28	27
0	9
0	7
1	8
71	74
0	76
14	127
6	0
155	11
174	49
12	11
2	0
171	5
0	1
0	22
0	19
4	17
55	10
15	0
21	16
30	15
34	34
0	31
10	0
0	13
0	2
4	0
0	0
3	26
168	26
0	41
0	16
32	16
1	15
5	14
9	10
0	0
150	335
0	329
1	303
18	4
3	4
0	0
15	1
0	1
2	0
0	0
0	0
8	21
0	1
34	1
0	0
0	4
2	4
0	1
0	0
5	2
30	24
0	0
0	22
18	0
11	0
7	44
1	18
0	18
36	64
12	43
0	35
0	6
7	12
0	0
11	0
0	15
0	19
0	15
0	12
16	0
0	3
0	3
0	0
273	0
5	9
0	4
0	8
4	116
0	13
0	7
0	2
0	0
0	4
78	28
46	39
0	4
0	4
0	10
10	145
0	154
0	0
0	0
0	3
11	1
0	10
41	5
39	9
279	176
32	102
0	105
0	82
0	137
2	61
0	23
9	11
0	3
14	22
0	23
48	407
0	414
0	281
0	5
240	76
23	52
136	20
0	65
48	0
68	420
0	420
16	329
0	277
27	125
0	30
0	119
3	8
1	0
0	4
0	6
0	0
0	4
0	28
17	12
0	11
2	4
34	2
0	0
0	5
0	0
0	1
0	47
5	8
0	5
0	44
0	44
7	1
0	1
0	1
14	82
0	82
0	60
0	0
1	2
0	0
0	3
0	3
130	0
2	4
4	4
11	0
0	50
5	50
0	8
0	9
0	9
0	8
0	10
0	3
12	7
0	0
0	2
0	2
0	5
0	2
0	3
0	0
0	2
0	2
0	3
139	2
0	5
0	5
5	1
0	0
0	5
33	23
2	23
0	6
83	5
0	4
0	4
0	0
0	1
2	23
0	6
0	6
2	2
0	6
0	10
73	10
143	103
1	76
5	27
5	4
0	0
1	0
2	31
15	78
0	45
0	14
36	73
0	224
13	22
0	18
3	226
0	8
56	166
0	13
108	163
6	10
0	37
0	37
0	11
0	9
0	0
0	0
0	0
13	49
0	58
3	39
10	0
0	4
3	36
0	53
2	52
0	30
0	45
15	75
0	19
0	1
0	23
1	1
10	6
27	114
0	1
0	1
0	5
5	0
1	0
0	1
0	1
0	47
0	50
0	38
0	22
0	14
0	16
0	44
85	10
0	10
0	1
0	1
0	1
1	1
0	1
25	5
0	5
0	32
0	23
0	22
0	2
0	1
0	0
648	148
3	33
0	38
0	0
7	1
0	109
11	74
0	69
0	0
0	23
0	5
369	10
0	224
0	224
0	131
14	8
5	0
5	216
0	21
12	24
0	22
8	22
0	21
4	3
0	0
0	0
0	0
86	16
0	12
85	12
0	0
56	25
0	3
26	13
0	0
0	0
0	20
6	20
8	0
0	11
9	20
0	21
0	21
1	21
0	0
7	166
0	121
195	116
118	88
19	0
0	9
0	9
5	3
0	3
0	1
0	1
0	1
0	9
0	9
0	1
0	0
0	1
0	1
10	100
0	101
22	87
0	96
0	55
0	5
0	4
0	3
0	3
0	75
10	104
3	104
2	0
0	0
0	104
90	288
2	225
0	10
2	274
0	0
1	104
25	19
0	0
0	1
1	5
0	122
9	122
122	27
0	27
0	40
2	0
0	0
0	0
0	0
0	0
0	27
82	53
0	49
0	64
1	48
0	56
0	56
1	65
113	25
0	4
0	4
0	4
0	0
0	5
0	5
0	6
1	0
1	5
0	0
0	0
0	0
0	0
0	5
0	3
0	3
0	2
0	0
232	26
33	31
33	10
0	32
0	0
1	243
4	17
63	244
142	91
0	70
0	44
0	44
0	44
0	19
1	62
5	296
0	247
0	51
0	40
17	49
0	73
38	3
24	7
34	7
2	7
5	7
61	5
3	0
17	9
10	3
20	67
22	14
5	63
1	10
0	0
0	51
0	16
0	16
10	0
3	145
0	8
85	108
0	50
0	7
0	0
10	0
0	0
0	0
0	1
0	1
0	1
0	7
9	1
55	99
0	11
0	95
0	8
0	5
0	0
0	11
70	0
1	4
0	4
4	4
0	2
0	0
0	2
0	14
0	14
0	21
0	20
0	7
6	0
1	8
7	5
0	9
0	8
6	5
4	9
0	7
2	4
0	4
12	0
4	6
6	5
0	0
4	40
0	0
53	0
1	0
0	15
0	15
0	1
6	0
0	94
2	94
0	16
0	0
0	0
5	5
5	0
0	0
0	6
54	0
10	0
8	0
122	102
0	27
0	24
0	0
1	77
0	0
3	0
0	40
0	40
0	0
0	6
0	3
0	3
0	3
0	0
3	0
7	21
4	21
8	22
17	0
10	21
2	0
0	1
0	4
0	5
0	5
8	3
0	2
0	24
3	23
95	6
23	17
0	1
0	0
0	22
0	45
0	13
0	11
0	11
0	42
0	2
0	0
0	10
0	13
0	9
7	5
4	0
8	0
0	0
0	1
5	1
0	0
239	3
0	0
0	0
51	23
0	34
1	28
0	29
0	18
14	5
0	1
1	12
0	9
0	0
15	9
18	2
0	4
0	2
5	3
0	3
0	3
0	3
0	3
0	3
7	34
0	0
15	17
23	17
0	5
0	0
0	0
0	97
0	97
0	0
18	0
0	0
9	17
0	17
0	39
0	0
0	7
20	57
34	238
0	1
166	240
9	259
0	77
0	18
0	8
0	9
2	2
0	3
1	1
0	8
12	31
115	3
0	3
1	1
0	0
90	0
22	39
6	35
17	29
0	20
5	11
0	0
24	3
0	5
0	1
1	5
57	0
35	13
0	13
78	92
0	5
0	0
0	73
0	86
0	72
12	0
118	49
0	39
0	17
0	14
13	33
0	32
0	32
0	1
34	1
0	1
847	0
15	53
0	16
40	1
14	42
0	0
0	1
261	91
0	91
0	31
0	31
0	15
9	15
0	0
15	6
0	49
0	89
11	88
0	21
23	0
0	11
26	44
158	326
1	42
5	12
15	2
30	1
3	0
0	0
0	1
0	1
0	1
0	1
0	296
8	19
8	12
729	0
5	0
41	18
239	57
4	57
0	38
1	6
1	2
0	6
0	0
0	0
0	1
268	175
0	35
0	0
0	0
0	0
0	0
2	0
0	175
0	0
0	2
0	0
0	2
0	0
0	2
2	0
0	0
0	41
0	239
36	333
17	51
0	0
0	0
0	0
0	0
1	0
0	0
0	0
25	282
19	12
2	10
12	1
4	1
0	2
1	1
6	1
5	1
13	0
4	4
0	1
0	0
18	24
0	0
0	11
0	11
0	6
0	0
0	0
6	0
80	145
0	145
1	13
2	1
0	5
0	1
1	1
0	0
0	128
0	159
1063	113
9	2
0	379
49	393
7	68
37	32
0	5
0	23
0	67
0	16
0	0
0	0
8	45
6	6
2	5
2	0
0	3
23	63
0	89
0	119
0	80
0	74
0	127
0	0
51	113
17	68
0	103
0	78
21	20
0	13
214	56
0	56
156	5
10	2
0	1
0	1
6	1
0	1
0	0
2	0
3	3
0	3
0	3
4	9
3	3
0	0
0	0
312	39
22	14
0	14
0	1
0	1
0	12
0	0
2	0
0	14
85	86
10	53
0	0
0	86
0	0
3	60
0	15
77	15
0	57
0	30
26	378
0	276
0	378
6	56
0	15
0	2
0	9
0	7
2	0
0	0
0	2
0	2
0	85
71	19
0	13
158	7
0	3
0	58
0	0
36	52
45	70
0	70
1	14
0	30
0	0
0	6
2	1
0	3
0	0
2	30
0	30
26	25
1	20
0	0
1	0
0	0
20	27
12	4
3	26
38	1016
0	626
140	1015
1	0
49	646
4	17
0	7
2	18
0	8
226	137
0	31
0	122
0	20
7	24
0	45
0	6
0	0
7	4
27	6
2	0
10	4
7	71
13	13
0	45
4	0
9	106
0	24
0	18
0	0
193	196
0	72
0	1
15	69
0	0
14	37
20	122
0	122
0	11
39	15
416	200
32	206
54	140
17	88
14	0
0	0
50	55
0	22
0	7
0	0
93	256
5	0
0	44
0	55
0	55
235	33
0	33
0	26
0	3
0	3
0	3
0	3
0	0
0	25
0	28
38	24
0	57
0	1
0	2
0	1
28	0
4	8
16	8
1	8
4458	0
460	176
0	11
10	12
0	6
0	175
49	75
0	2
0	5
0	7
1	73
1	1
7	71
0	29
14	11
0	6
0	11
0	0
0	0
0	11
0	0
7	0
0	0
289	43
9	0
0	43
1	0
2	0
0	0
3	0
4	15
13	15
0	0
3	0
4	0
170	1
0	1
0	84
0	1
1	1
0	0
0	1
0	84
60	0
5	0
0	0
0	0
0	1
0	3
0	3
0	1
0	1
3	13
0	13
55	11
0	11
76	17
0	70
0	70
80	22
0	9
0	10
0	21
0	13
0	16
57	5
0	4
0	4
8	5
5	4
0	1
0	4
0	2
33	4
13	5
0	2
3	0
0	2
0	0
19	51
17	51
106	2
14	1
0	1
0	0
0	0
1	0
0	1
54	101
0	105
9	15
8	15
4	4
106	7
0	41
0	45
5	45
0	9
384	257
0	11
0	10
0	5
0	9
366	227
1	0
0	20
0	10
0	10
0	10
0	0
7	16
7	11
0	10
0	18
40	18
0	0
0	0
0	0
1	33
18	47
30	19
30	77
0	85
0	38
39	175
0	24
12	42
0	3
0	0
7	10
0	10
0	9
0	9
0	0
70	36
15	37
0	0
5	0
12	12
0	13
0	117
20	117
116	10
1	25
18	10
7	19
1	10
0	10
23	0
1	0
0	0
13	5
32	5
22	7
0	2
0	7
0	0
0	0
34	0
68	195
0	194
0	20
2	0
0	194
84	61
786	45
121	61
18	40
0	4
0	0
0	20
0	20
32	1
11	1
0	1
82	582
0	85
1	2
13	3
6	0
10	0
0	451
7	502
79	502
24	10
2	0
0	0
0	5
0	1
48	68
0	59
2	16
0	0
25	7
20	74
17	70
0	31
0	33
0	5
2	38
244	132
0	127
7	11
0	3
6	0
75	0
0	0
8	10
0	12
0	2
12	6
0	6
7	0
0	2
0	1
0	0
8	1
0	1
1	2
0	6
0	1
0	0
0	6
0	6
0	6
0	1
0	0
4	0
0	1
2	3
0	2
1	0
0	14
0	5
2	8
3	10
0	0
0	11
2	11
0	9
0	3
0	0
0	3
0	3
0	0
117	280
18	7
3	7
104	0
0	0
1	0
0	11
0	11
0	0
0	11
0	11
0	11
23	1
0	4
0	76
27	0
0	72
7	0
3	0
1	0
35	3
0	0
17	280
28	288
0	0
281	12
0	5
0	6
4	1
56	71
0	43
23	38
0	41
0	114
0	39
0	57
0	111
0	111
0	38
0	43
0	97
0	28
0	28
0	31
0	45
0	12
0	12
0	24
0	28
0	23
0	9
21	26
0	23
0	0
2	15
229	15
0	8
0	1
0	1
28	3
0	1
0	1
0	0
0	2
3	0
0	0
0	0
0	18
1	10
10	2
0	9
0	18
65	321
0	190
33	61
0	162
8	10
5	2
2	1
0	1
4	0
14	71
63	82
12	51
0	58
0	13
0	4
0	0
0	0
0	1
9	0
0	0
0	1
0	3
0	3
8	5
0	4
0	4
1	4
0	33
76	61
0	1
0	31
0	6
0	1
0	1
0	3
0	1
0	6
23	0
0	386
17	406
14	342
10	291
0	1
2	0
0	193
28	0
8	0
4	0
0	8
0	8
0	8
7	97
5	97
1	0
0	16
0	14
0	14
1	2
6	8
263	65
11	8
0	57
0	2
2	19
19	13
0	3
0	2
0	2
0	5
2	0
0	5
0	0
0	87
0	102
1	5
3	28
0	0
6	27
55	16
0	2231
0	2235
5	0
30	4
89	1
0	3
0	23
15	23
2	23
0	987
0	45
505	1304
0	1033
0	178
0	0
43	943
0	987
134	22
6	0
8	22
9	0
0	8
0	8
0	8
0	4
2	0
0	0
41	33
0	8
0	9
0	16
0	0
1256	462
0	153
21	462
488	42
393	42
0	25
0	8
0	0
0	0
13	0
0	7
0	6
98	0
55	105
11	74
5	8
13	32
23	31
0	7
0	1
0	8
17	4
0	7
1	10
0	0
183	8
1	11
0	1
0	30
0	46
76	84
0	46
0	3
0	0
1	15
0	14
0	0
0	54
0	8
0	6
0	2
87	0
1	0
0	0
0	0
0	0
0	0
5	22
0	22
25	127
0	6
0	96
85	76
0	80
0	24
4	27
16	81
62	81
32	0
0	115
0	113
0	115
3	25
0	2
0	97
0	97
0	0
5	0
0	0
6	0
15	2
1	2
0	2
0	2
0	8
0	8
0	8
0	7
84	7
0	0
2	0
0	0
0	0
28	82
0	1
0	1
1	1
0	0
8	2
0	0
0	0
96	0
0	35
0	35
0	22
5	26
0	34
0	166
0	176
4	3
8	139
0	15
14	13
0	6
4	6
0	3
0	5
280	12
5	34
0	22
0	50
0	68
51	19
0	44
2	1
0	0
0	45
165	4
5	247
12	0
380	96
0	47
0	0
0	0
1	0
0	0
0	21
0	21
26	21
0	19
0	3
0	3
1	2
1	0
0	0
0	0
0	3
0	227
0	36
0	1
1	1
0	74
0	1
0	0
0	1
0	80
0	1
0	227
0	204
0	7
26	19
0	11
0	0
0	1
0	2
0	1
0	79
0	58
5	58
19	58
0	15
4	0
0	0
0	0
77	23
0	0
0	17
0	3
0	4
41	110
0	1
6	0
0	0
0	1
0	0
0	12
38	8
1	5
30	4
3	4
1	4
1	0
0	5
0	0
0	16
0	16
0	6
1	0
17	10
2	10
0	1
4	3
0	3
0	0
0	0
7	5
0	8
3	9
0	8
27	32
0	2
7	0
2	0
0	0
0	5
0	0
0	2
3	5
98	19
6	19
0	0
11	23
0	22
13	22
0	0
0	1
0	0
99	0
0	0
8	0
173	15
0	15
0	14
0	4
3	4
0	4
0	44
0	32
0	59
0	148
47	187
26	185
1	193
0	193
0	0
1	0
0	12
0	7
9	0
13	24
0	30
0	28
0	6
3	6
0	1
0	11
0	11
0	10
65	36
10	36
1	138
0	83
0	135
17	144
2	144
0	0
0	34
0	34
0	1
123	329
2	12
0	0
0	7
0	7
3	0
6	0
1	3
0	5
0	5
0	5
0	0
0	1
0	2
0	5
0	7
0	0
0	7
0	6
0	6
7	6
0	0
83	5
0	5
0	0
247	121
4	121
0	1
0	0
8	0
8	21
0	21
120	563
21	580
0	159
0	119
14	73
0	7
0	3
0	1
0	1
5	0
0	3
0	4
84	4
0	6
28	6
0	56
0	56
0	56
7	3
0	4
6	0
0	1
0	0
0	0
11	0
48	53
31	7
3	8
0	8
0	6
0	4
0	4
0	1
3	1
0	4
2	0
0	1
19	1
0	0
1	0
10	10
0	10
1	9
1	9
0	2
6	71
18	17
0	41
30	18
0	40
0	12
10	67
0	3
0	34
24	3
0	6
0	2
0	2
0	2
1	0
0	11
0	1
3	0
0	14
12	53
18	0
0	81
35	212
0	23
0	24
0	1
0	1
4	0
6	9
1	0
37	10
10	18
0	18
0	221
6	221
0	3
0	22
8	14
22	14
122	9
0	10
37	33
0	1
444	35
0	0
0	15
0	3
0	2
0	0
0	1
4	49
0	15
0	1
0	0
1	1
1	9
0	9
0	50
0	3
0	0
0	42
11	5
0	87
0	16
0	78
0	120
0	120
0	123
0	3
0	3
0	3
0	20
25	68
0	68
0	38
0	15
0	0
19	0
0	68
2	12
27	29
0	3
7	15
0	1
19	15
0	15
62	1
20	18
0	18
0	15
0	9
0	9
87	0
8	752
899	752
0	10
0	4
0	0
0	0
0	10
0	10
0	0
0	1
1	0
0	10
27	10
0	2
3	0
4	10
0	10
2	6
1	6
2	3
27	14
7	13
0	0
2	0
0	0
269	46
24	12
19	38
6	0
0	20
0	20
0	2
36	2
86	7
1	7
2	0
6	1
0	5
9	1
87	5
0	1
0	0
0	0
0	118
0	117
0	96
0	96
0	51
0	31
0	21
0	21
0	22
0	17
0	18
0	0
7	11
0	80
23	80
9	1
0	68
0	62
0	68
0	14
0	14
0	5
0	5
0	9
15	0
12	49
7	0
0	13
0	1
3	0
10	4
0	6
0	0
0	0
0	0
0	0
0	6
50	88
0	88
2	36
0	36
18	20
5	69
24	25
179	65
1	0
0	10
0	8
0	8
1	18
0	18
0	18
37	0
68	55
0	0
19	55
120	58
1	58
0	2
0	1
0	1
119	32
1	32
0	2
7	5
21	0
1	162
3	156
17	144
1	35
0	18
0	0
0	6
0	0
0	31
0	0
35	7
0	31
7	4
0	2
3	2
25	17
13	32
0	30
0	29
3	61
3	27
0	18
0	18
0	0
0	1
41	17
5	0
0	1
0	1
0	1
0	0
0	0
0	0
6	0
3	0
5	0
0	0
0	16
0	13
0	18
0	18
116	30
0	18
4	0
6	16
26	4
1	2
0	0
0	30
11	1
0	1
154	0
16	0
0	0
137	8
0	0
0	3
0	8
32	6
15	2
0	0
0	0
0	1
1	1
11	5
7	0
0	0
2	0
0	0
0	5
0	28
0	28
0	1
0	1
0	1
0	0
17	0
6	2
0	2
0	0
0	0
1	0
16	15
89	15
0	0
0	0
2	2
18	0
0	2
0	0
0	2
0	2
0	0
0	49
0	49
0	31
7	35
10	0
4	0
0	0
0	0
0	4
1	4
0	4
0	4
0	4
0	47
365	387
2	389
5	45
0	6
1	0
0	33
10	208
2	176
16	167
27	0
7	3
0	2
14	0
11	0
57	47
255	129
0	80
0	2
0	112
0	3
278	4
0	91
0	0
215	34
0	6
0	0
2	1
0	1
13	28
150	0
7	0
10	0
4	0
0	0
0	4
2	5
0	5
0	4
0	4
0	3
1	10
0	0
4	0
26	46
0	0
0	5
0	0
6	0
1	0
0	10
245	13
3	0
0	13
0	5
0	5
0	0
0	96
1	0
0	0
25	2
0	96
244	14
55	19
0	22
0	22
208	21
56	64
0	47
0	1
1	63
3	0
0	0
0	0
2	0
0	0
5	198
0	200
0	3
0	2
0	2
0	7
0	7
10	1
0	0
0	0
0	6
1182	2
0	1
23	0
1	23
351	23
0	18
0	14
18	14
3	5
0	0
0	10
34	45
56	45
6	30
0	30
435	88
0	88
0	15
0	0
44	19
3	8
12	311
0	263
0	263
0	14
0	23
5	29
26	20
0	6
0	0
0	6
0	6
16	0
0	156
0	13
1	1
0	1
6	0
0	0
5	143
0	106
0	0
34	71
0	119
0	2
34	9
0	0
0	157
123	22
0	64
5	64
0	1
3	1
0	0
8	23
0	5
1	0
0	16
7	4
13	7
30	287
1	0
62	287
108	119
60	119
413	119
27	9
24	38
0	9
2	7
1	7
0	6
0	6
32	23
0	1
0	60
0	63
0	26
53	46
75	36
6	9
0	10
0	8
0	2
3	1
0	0
0	1
83	0
0	11
105	20
9	0
8	2
110	13
27	18
5	0
0	4
0	4
0	0
0	4
0	0
0	2
0	2
0	2
0	196
0	199
21	187
39	190
0	160
0	71
0	5
0	199
0	75
6	0
5	66
0	58
9	66
0	49
0	8
0	27
0	17
6	11
23	11
0	1
28	15
315	3
104	3
0	3
1	0
0	9
3	5
0	11
366	8
0	1
0	11
1220	530
68	546
13	492
0	427
9	3
2	3
5	0
0	0
0	0
24	25
0	12
2	31
0	17
3	0
14	2
0	2
0	5
3	5
5	35
0	34
0	0
0	0
0	0
0	14
0	0
0	35
6	0
12	5
34	2228
0	41
0	2
1	4
9	0
0	2226
79	2228
0	54
2	16
57	16
1	0
0	0
12	81
0	81
0	37
0	17
0	29
0	18
0	2
28	0
32	4
344	6
0	1
0	1
17	1
0	6
0	1
0	1
0	0
0	0
0	42
10	14
2	6
0	0
0	0
23	34
16	0
0	83
84	83
0	1
1	1
978	152
0	151
18	123
0	11
13	3
0	29
0	29
0	29
0	9
0	5
0	5
0	5
0	5
0	1
2	21
0	48
0	47
25	75
4	46
0	70
0	10
0	13
0	44
0	44
0	20
0	44
0	43
0	17
37	39
23	52
75	154
22	126
8	107
0	10
0	19
2	0
0	8
11	0
369	33
0	33
0	527
0	13
2	14
0	10
0	13
8	6
0	6
0	6
0	2
0	2
0	1
0	17
5	444
0	461
0	461
0	441
12	3
0	20
0	0
78	0
3	0
329	890
6	0
0	0
0	0
0	4
1	2
0	2
1289	40
34	40
22	12
0	71
0	2
1	0
0	50
54	75
150	71
25	5
4	5
0	7
44	9
0	21
192	63
0	16
0	13
9	0
4	37
0	37
1	38
1	0
14	1
0	0
0	0
0	0
0	0
85	122
4	3
156	113
0	108
29	1
89	109
81	18
0	2
0	3
0	12
0	22
6	3
0	8
9	0
3	33
0	17
0	17
0	15
1	35
0	35
6	38
0	38
0	3
0	0
4	0
2	1
0	1
0	0
0	2
0	0
0	10
0	12
10	6
0	6
21	39
0	27
14	38
0	22
0	24
1	21
0	3
7	20
0	10
31	3
0	0
9	11
1	3
251	6
1	2
3	5
0	0
3	3
24	0
4	0
40	307
2	289
0	276
0	306
21	233
0	70
1	21
0	3
0	3
61	20
35	0
43	10
2	10
1	0
0	22
0	3
0	22
0	1
0	1
0	0
0	6
60	6
2	7
0	7
0	159
0	91
59	164
5	0
14	2
0	6
4	0
469	225
1	179
0	141
0	88
0	125
64	20
0	1
22	19
0	19
15	18
11	13
74	1
0	2
2	2
6	12
23	6
0	6
17	4
0	0
26	18
3	36
0	1
0	8
2	5
0	0
0	15
0	15
0	1
0	1
0	40
3	35
2	7
0	5
0	0
0	0
17	0
9	8
1	8
0	8
0	5
0	5
1	0
0	0
0	91
39	145
12	4
0	0
0	90
0	88
0	0
21	6
8	0
0	0
101	8
16	3
5	3
26	0
3	17
4	7
0	17
0	1
0	0
0	6
0	0
0	0
0	7
18	51
3	39
1	39
0	39
0	39
0	4
0	3
0	0
21	2
8	2
108	106
551	226
0	129
0	186
27	36
0	4
0	35
0	222
18	77
0	13
0	1
0	28
104	70
0	8
2	1
0	12
0	12
0	2
1	2
544	357
17	368
0	0
0	1
0	2
0	1
4	0
0	1
0	0
0	1
0	0
0	0
5	10
5	6
0	6
6	4
9	23
0	24
68	15
0	8
217	54
0	40
0	31
6	32
19	89
0	12
11	0
3	6
0	26
1	0
0	0
0	0
0	20
2	0
10	20
0	18
13	0
0	6
1	10
0	17
3	10
10	8
0	6
0	12
0	0
0	7
8	0
0	0
5	0
0	1
0	0
0	0
68	7
0	0
0	0
0	7
0	1
0	5
69	7
13	9
0	10
0	10
8	4
0	5
0	3
0	2
0	0
0	0
2	2
0	2
14	0
2	0
0	4
0	4
0	4
13	18
0	4
30	108
0	0
0	0
7	0
264	108
160	35
0	58
16	58
0	10
0	2
0	2
0	10
0	1
0	4
0	3
3	655
0	323
0	472
2	464
0	616
0	19
27	15
0	23
0	2
384	584
0	133
0	154
31	1
110	28
10	1
53	29
0	0
0	395
6	14
0	71
0	2
0	6
0	0
0	0
0	0
0	8
5	20
0	4
0	4
0	0
15	0
13	0
0	0
0	0
0	0
0	0
0	0
1	0
0	0
0	0
0	0
0	0
0	0
0	0
5	38
0	24
0	38
2	1
0	1
16	1
0	12
10	4
0	8
0	12
0	5
2	5
12	28
20	28
0	6
0	0
0	0
0	0
30	310
12	310
3	142
84	162
0	162
0	149
0	149
0	18
2	65
18	0
0	60
0	116
0	81
0	1
43	106
0	0
0	63
0	6
388	0
21	0
11	0
741	207
0	145
0	93
277	0
0	48
19	48
0	0
0	3
67	32
3	4
0	4
0	4
145	0
851	5124
0	6121
0	818
0	16
0	16
2	0
1	1
1	0
0	0
0	0
1	0
93	0
3	2
0	4
0	0
0	4
0	0
28	12
105	102
0	21
0	20
1	0
7	803
0	30
31	29
7	28
383	8423
123	307
0	301
34	2
0	15
35	17
0	0
0	4
10	33
45	33
0	59
18	59
32	41
121	57
0	0
12	2
7	0
15	28
15	655
9	17
0	17
11	4
2	0
3	8
0	6
20	5
0	0
0	0
0	1
11	7
0	7
0	3
14	0
0	7
94	9
0	9
0	9
0	9
0	2
2	2
29	2
1	2
1	0
0	2
0	0
0	0
0	0
0	0
0	0
0	0
0	0
48	352
0	303
0	303
150	303
3	86
0	110
0	35
0	57
10	57
0	0
0	0
0	35
0	0
0	0
1	13
1	0
0	0
0	3
0	1
0	5
0	1
0	28
0	30
0	50
0	0
12	3
2	3
14	2
86	413
87	118
368	11
1	11
7	10
0	4
0	4
0	0
0	79
0	1
1624	78
0	1
421	1
0	1
0	22
0	18
51	44
0	0
0	2
0	6
1	6
1	277
7	14
0	8
0	1
51	263
0	0
19	82
2	54
0	0
0	3
0	15
0	18
0	3
295	8
3	7
1	3
0	3
28	3
0	10
0	10
13	22
0	22
17	7
0	6
52	55
0	55
104	17
32	11
0	11
0	0
0	0
0	0
0	0
0	0
76	26
0	20
329	57
23	51
2127	9833
243	125
0	70
26	16
0	8
33	8
0	12
0	3
0	0
0	0
0	0
4	4
0	1
0	5
0	5
0	7
0	20
0	2
3	0
0	9
112	13
0	0
97	0
41	0
0	5
9	6
3	6
34	580
54	589
0	20
0	27
0	8
72	27
0	0
4	1
0	8
0	71
409	12
4	0
31	12
3	7
0	7
18	47
0	2
0	43
0	39
0	18
1097	258
80	258
93	17
13	17
4	0
204	469
26	1
82	336
0	317
0	35
20	41
36	48
0	62
0	2
0	101
1	98
0	67
37	70
9	119
0	86
514	87
0	77
0	64
0	148
0	8
0	8
4	0
2	0
5	4
3	3
16	74
0	53
0	74
0	20
0	41
0	0
2	0
0	19
0	10
0	36
0	36
0	0
46	74
0	72
0	27
0	4
9	36
0	0
0	15
0	4
0	4
1	0
7	8
23	6
54	8
0	1
0	27
18	0
1	1
2	0
0	0
884	7
0	7
5	0
0	0
15	37
0	37
21	6
0	1
0	1
0	1
0	0
1	6
8	28
0	0
0	0
0	0
7	0
0	0
0	4
0	28
10	1
0	1
0	1
0	0
0	0
24	0
12	18
9	18
25	4
0	4
0	83
0	83
6	83
0	83
0	1
18	565
321	581
0	23
0	23
13	0
8	13
0	13
848	83
0	48
5	79
33	70
20	45
0	37
5	1
0	15
3	15
0	21
0	6
4	6
0	1
0	14
0	14
252	142
8	131
0	142
3	3
0	3
11	28
9	28
23	0
0	0
0	0
0	18
0	38
69	39
4	3
0	1
6	0
0	0
67	0
0	1
6	0
11	0
0	0
0	24
1	7
0	30
0	30
0	31
0	31
0	30
0	30
0	30
0	31
0	28
0	30
0	31
0	30
0	30
0	30
0	30
0	31
0	28
0	28
0	33
795	314
26	0
0	4
0	4
0	3
0	56
0	56
0	56
0	7
0	30
0	30
0	30
206	46
0	30
0	15
8	127
0	12
0	16
0	1
0	1
0	0
15	28
4	16
8	151
0	16
0	28
0	12
0	12
46	26
1	0
0	19
0	0
0	19
0	0
0	0
1	7
11	647
0	645
0	8
18	2
1	0
0	3
0	66
3	82
400	145
0	85
0	2
0	2
0	2
20	2
167	63
2	4
1	63
0	0
0	58
0	0
0	66
0	40
0	57
0	33
0	40
0	0
0	40
0	0
0	66
45	67
0	67
0	1
0	4
91	0
223	4
0	197
0	11
0	19
794	1
44	0
63	0
1	1
29	43
41	33
30	43
0	1
0	28
0	27
34	0
0	0
0	0
2	76
0	63
0	64
2	8
0	183
0	188
0	188
14	195
491	178
0	18
0	7
0	2
3	2
0	9
6	0
51	0
737	175
0	174
0	32
0	69
0	69
0	86
0	86
472	0
0	76
6	46
0	84
0	0
0	1
0	6
0	6
0	14
8	20
0	90
0	0
0	1
75	307
0	282
0	244
0	10
5	10
0	9
9	9
0	1
3	0
428	66
15	66
6	0
0	39
0	39
0	39
0	39
0	39
16	35
0	67
18	0
3	0
5	0
18	9
0	5
0	44
0	5
6	1
1	6
13	129
0	129
0	27
16	5
0	0
0	0
0	5
0	0
42	275
0	107
73	275
0	78
18	60
103	0
32	43
16	65
0	65
0	42
0	13
0	5
0	6
0	6
0	6
0	6
0	4
1	4
0	8
5	1
0	0
0	43
0	0
0	347
0	347
0	56
3	56
2	14
35	28
0	6
0	0
3	55
169	44
0	44
0	18
44	8
54	51
119	191
379	0
0	0
566	45
16	44
0	1
4	0
0	0
0	0
2	10
0	10
0	6
0	156
3	16
0	16
6	10
1	0
0	0
10	6
291	3
1	3
0	120
0	120
0	7
1	4
0	8
1	4
6	4
637	224
0	45
0	3
4	0
0	3
97	87
13	93
29	87
34	72
0	5
0	1
0	0
40	247
41	277
2	264
111	278
0	277
803	0
66	5
0	0
0	0
0	3
34	54
0	9
10	35
0	19
0	19
0	0
74	89
0	89
0	0
6	16
28	3
0	3
0	19
312	6
57	10
6	6
0	6
15	6
9	0
4	0
0	4
3	0
12	24
18	11
0	7
15	5
4	5
0	8
9	0
1	6
10	6
12	7
53	83
0	50
0	1
46	39
39	87
0	28
0	28
11	255
0	6
0	1
0	1
0	0
0	1
0	1
0	1
0	15
0	3
0	0
0	1
0	1
0	4
0	1
0	23
0	0
0	13
0	1
0	0
0	0
0	0
0	1
0	10
0	3
18	0
0	3
0	248
0	248
0	248
20	34
0	34
0	29
0	28
2	0
36	2
1	2
0	28
0	0
0	0
0	0
7	9
1	0
17	30
0	2
9	307
8	6
0	289
0	1
0	2
0	0
0	323
363	0
5	0
102	1423
16	1421
0	212
143	38
28	6
0	38
0	2
0	5
33	0
9	10
63	10
0	16
0	17
6	1
0	1
0	0
0	0
0	0
1	10
0	10
111	1
23	1101
0	1127
0	879
47	781
0	818
44	693
20	693
0	697
12	677
0	439
0	445
0	323
0	138
7	68
488	53
0	34
40	0
0	0
0	0
0	3
0	19
0	4
0	4
0	4
51	0
0	4
53	0
64	25
0	23
18	0
25	2
13	11
0	0
21	11
0	1
87	296
10	33
11	453
0	12
0	198
0	1
1	0
0	0
0	1
0	0
0	247
0	265
0	4
0	117
6	262
27	270
0	441
102	765
0	623
20	60
0	26
0	1
0	0
0	0
0	0
0	0
0	0
10	0
0	0
1	0
131	81
13	29
0	70
0	1
16	0
1	3
0	3
34	18
2	17
0	14
0	14
3	1
0	14
0	14
0	2
0	1
0	2
0	14
0	14
0	0
42	393
1	378
7	0
161	15
11	61
718	0
4	4
0	4
0	0
49	72
29	72
0	54
0	45
22	32
14	32
8	32
0	32
21	4
0	0
58	5
0	42
0	5
9	5
34	4
0	4
0	21
12	13
20	2
1	1
1	16
0	16
6	29
4	8
0	0
0	5
106	69
0	2
0	64
11	0
91	82
0	63
0	15
5	67
11	15
0	1
40	167
134	159
4	153
0	85
26	91
44	11
8	38
15	0
113	74
0	74
64	180
1	1
14	396
10	103
262	396
1	0
0	56
10	0
1	0
0	21
0	25
2	8
0	9
0	9
1	0
0	0
1	0
0	0
0	0
0	0
0	0
0	0
0	4
20	4
0	25
0	1
0	0
0	1
20	3
0	2
159	114
0	74
7	3
9	1
5	77
0	6
4	1
0	6
12	3
3	16
0	250
168	434
0	22
105	75
0	421
30	0
3	0
0	50
88	9
0	186
9	12
182	3
369	83
0	67
163	85
0	35
97	134
0	50
0	0
0	131
0	49
0	0
0	0
0	1
0	1
0	0
17	8
5	26
84	26
62	112
18	88
2	12
3	25
0	1
11	2
2	2
137	1561
46	1561
0	1561
0	198
0	198
0	198
179	198
0	58
0	33
0	2
44	57
14	6
0	41
1210	59
0	58
0	47
311	7
0	44
0	4
238	20
1	1
5	0
0	19
0	3
0	3
0	1
0	0
0	5
0	8
0	0
0	6
0	0
2	10
0	6
0	0
0	5
20	32
0	0
0	0
1	14
1	32
0	0
17	4
79	27
529	62
356	35
0	0
0	3
8	0
7	0
0	27
3	262
0	1
0	216
0	7
0	280
0	28
227	26
29	7
2	0
0	0
0	0
0	0
0	6
0	0
163	3
0	8
0	45
5	1
0	40
0	34
205	1
5	2
27	57
0	57
0	43
6	14
0	11
0	17
2	0
0	0
0	0
0	0
1	0
0	1
0	5
0	0
0	14
24	19
141	63
0	61
107	32
0	10
0	24
84	52
0	28
0	43
0	33
0	75
116	4
0	6
0	27
2	2
40	3
16	1
0	1
1	0
0	0
0	0
1	19
0	12
18	5
0	5
294	130
0	0
2	0
0	130
5	38
0	20
0	0
0	58
0	179
0	206
0	4
0	208
0	4
0	181
2	198
7	31
0	31
0	22
0	0
0	7
19	19
14	5
0	0
0	4
0	4
14	12
11	12
0	37
2	37
0	7
11	10
0	3
0	0
0	0
0	0
0	36
171	145
0	0
86	109
27	19
0	13
0	4
0	3
1	4
3	3
0	10
0	16
2	8
0	2
1	2
35	191
0	15
16	79
0	10
142	297
3	15
5	15
0	297
1	0
0	0
0	8
0	8
0	4
0	18
0	2
29	14
0	1
323	14
8	2
1	10
0	2
1	5
0	7
3990	1709
0	7
136	3
555	26
0	2
0	3
1	30
28	32
12	4
0	0
0	0
0	0
7	0
0	0
3	0
0	0
0	0
0	15
0	3
0	15
0	12
1	15
4	3
0	3
10	1
58	0
3	7
0	7
2	0
0	331
11	308
0	268
23	340
1	5
6	5
0	5
3	427
36	412
0	419
0	145
0	50
2	14
14	4
6	2
0	2
0	7
0	7
0	2
4	2
0	1
0	2
0	1
1	0
0	1
0	1
0	4
0	0
0	4
0	0
39	162
14	162
1	68
1	64
0	7
14	66
8	1
1	0
0	0
0	0
0	1
8	5
0	5
45	37
0	37
0	37
0	34
7	12
0	4
0	1
5	0
156	255
0	108
6	108
163	38
49	4
0	23
0	27
0	15
4	16
0	25
63	6
0	6
0	86
0	1
0	273
0	273
0	1
2	1
0	10
0	1
0	1
2	0
1	0
298	0
3	0
0	0
122	1
0	90
49	296
0	35
0	54
0	259
12	19
7	28
0	1
0	1
1	9
748	7
0	7
20	278
10	278
37	42
473	124
0	114
6	61
325	57
0	55
0	13
26	10
0	15
22	41
228	176
2	129
0	139
0	9
2	0
0	6
0	2
0	9
14	0
0	8
1	8
0	7
0	59
0	59
0	5
4	0
0	16
0	16
0	0
0	29
0	33
10	33
0	30
0	0
0	18
0	18
34	44
10	45
0	4
9	5
0	4
0	4
11	0
0	0
16	5
0	6
64	6
0	3
0	3
2	0
2	0
0	49
2	0
0	0
275	44
5	52
12	42
9	40
5	29
5	1
1	1
530	2144
0	2144
9	0
3	89
0	29
0	25
1	7
0	5
0	0
0	0
0	11
3	11
0	12
0	66
461	153
1	102
16	46
0	0
43	51
0	30
28	41
6	0
0	4
0	1
0	1
12	0
3	7
7	9
8	8
0	9
0	29
0	29
0	32
0	32
0	6
6	6
0	6
1919	148
0	148
0	117
0	117
128	13
0	5
0	5
0	0
0	0
0	5
0	3
9	8
0	10
665	22
28	22
0	23
0	25
0	9
2	10
130	25
99	0
14	25
0	7
28	0
306	76
0	23
55	53
0	35
0	37
0	58
0	60
947	16
0	16
6	6
163	362
0	362
3	0
1	0
0	0
3	10
2	0
8	48
0	45
1	21
0	358
0	5
0	355
96	59
0	12
0	0
0	0
0	0
3	1
21	2
0	0
1	25
0	30
6	25
31	30
0	49
0	2
10	32
9	3
83	0
66	28
0	0
15	17
0	2
0	2
0	24
0	25
0	21
3	1
0	2
0	25
15	6
6	5
0	0
0	0
0	0
2	0
0	0
29	0
107	27
0	17
0	4
0	14
0	23
2	0
55	92
98	92
11	66
0	33
14	89
8	89
0	79
5	70
0	5
35	25
0	25
0	862
0	862
0	117
0	406
7	319
0	319
0	0
1	0
5	16
7	16
8	5
18	269
5	17
0	267
0	12
2	13
0	10
311	190
0	0
441	43
4	78
133	95
7	0
0	34
3	34
0	14
0	4
0	4
0	4
0	2
0	2
0	1
142	58
52	58
6	36
55	29
0	20
14	5
0	4
4	3
0	4
0	0
0	29
39	73
83	63
6	56
0	22
0	0
0	0
0	0
0	0
0	0
0	6
0	70
54	70
0	6
8	0
4	14
0	0
108	3
0	3
8	1
1	1
5	11
0	0
781	11
25	0
0	0
0	0
2	21
0	21
0	18
1	5
6	34
0	12
0	32
0	31
72	23
0	12
236	12
0	1
1	1
1	1
12	0
58	6
23	6
11	3
58	6
0	5
6	1
0	1
6	0
728	383
0	14
6	381
2162	281
129	386
1	185
0	182
0	397
0	138
0	150
0	194
0	94
0	71
0	16
16	11
8	101
0	3
0	69
0	85
0	85
0	2
2	2
0	0
0	78
0	78
0	55
1	29
0	0
0	0
0	0
0	0
2	0
0	4
0	4
1988	12
0	11
2	0
57	9
0	9
36	4
0	6
0	2
0	2
0	8
0	32
0	32
0	32
18	2
22	2
0	2
3	10
0	10
0	1
22	2
0	0
274	596
3	336
44	537
0	335
52	4
0	257
10	596
61	16
142	16
3	16
2	14
8	4
0	10
0	10
37	1
0	0
47	2
1	1
0	8
4	8
0	5
9	0
2	0
44	0
0	8
0	8
0	0
86	377
0	10
18	35
84	30
269	28
14	98
0	93
1	30
0	22
0	0
3	0
25	0
27	27
0	27
0	0
0	225
0	20
0	20
2	228
15	225
9	0
13	13
0	228
2	39
0	39
0	47
0	38
74	39
0	14
0	3
0	0
47	40
0	44
0	26
4	24
11	16
0	16
0	24
150	11
0	1
0	1
0	0
0	7
40	39
0	33
25	13
29	28
30	714
0	46
3	0
201	91
244	224
0	69
0	69
1127	7
9	37
0	28
0	43
72	21
4	0
0	0
0	0
0	1
0	1
25	10
0	3
0	10
0	3
28	0
90	0
19	0
35	10
0	5
0	5
0	5
2	5
20	5
4	4
0	4
0	0
0	0
0	4
0	4
0	0
0	4
0	4
0	4
0	0
0	0
0	4
0	148
0	53
301	0
735	82
1	82
2	43
0	10
0	7
0	10
0	0
0	0
0	0
0	0
0	7
0	7
0	7
0	43
7	0
82	27
0	25
8	27
0	22
10	22
3	2
0	2
7	36
443	327
24	291
30	286
33	10
0	11
49	0
2	148
39	44
6	21
0	1
0	1
0	13
0	11
0	13
5	131
63	10
0	92
155	136
0	81
0	88
0	9
0	95
10	10
0	10
0	9
2	0
74	0
28	1
0	1
145	24
0	0
0	0
0	0
1	0
0	0
0	0
0	0
0	0
52	0
3	118
36	277
0	22
13	35
0	13
0	14
0	14
0	17
0	14
0	16
0	16
0	16
0	17
0	3
3	76
3	22
0	13
0	17
0	17
0	17
0	11
5	2
0	2
1	0
0	2
0	1
15	2
0	0
0	0
0	1
0	1
0	1
0	22
0	11
0	11
0	0
25	0
16	4
0	4
0	0
0	8
34	8
0	29
4	6
0	6
0	285
60	1
179	312
253	167
10	2
0	1
20	10
8	2
0	2
23	84
0	0
0	66
10	79
0	52
4	21
3	11
0	3
1	41
21	28
0	79
4	6
25	19
0	95
5	78
47	94
0	17
49	17
0	32
0	26
0	6
0	22
0	5
0	89
0	38
0	6
6	27
324	117
1	100
0	69
0	12
0	59
32	7
0	0
4	0
0	58
31	0
0	2
315	17
0	17
0	11
0	11
5	8
0	5
0	13
0	13
0	14
0	14
0	40
0	40
0	41
0	41
0	13
0	13
0	14
0	14
0	10
52	84
0	41
0	80
0	4
1	3
0	3
26	13
31	29
0	13
0	42
20	129
0	129
0	15
6	26
0	15
35	6
17	55
48	56
0	17
2	17
32	16
5	16
0	15
302	36
511	27
5	18
34	19
42	0
40	1
227	3
101	0
0	0
0	5
0	5
0	5
0	1
1911	0
503	69
1	69
2	147
0	11
1	32
0	33
0	32
0	33
0	32
0	32
0	280
691	137
16	3
2	42
0	199
3	103
209	246
1	7
287	141
0	110
0	114
0	6
0	4
0	78
2	49
12	1
0	32
0	0
0	0
0	0
2	0
3	2
0	0
67	0
0	5
13	44
0	44
0	44
0	44
0	44
0	0
0	2
90	31
2	15
6	0
43	0
105	0
7	0
9	1
6	0
30	0
0	0
0	0
0	0
127	1017
15	1013
11	646
0	8
129	0
11	35
51	35
0	35
0	34
0	7
0	49
130	436
68	280
34	0
226	0
0	6
21	70
0	7
140	203
2	34
0	1
0	110
0	9
0	79
29	50
0	1
0	0
1	118
0	1
0	2
0	6
21	80
21	77
161	0
404	355
57	304
0	209
27	134
0	55
0	55
17	2
0	2
90	13
38	67
3	8
0	8
5	11
0	5
3	1
0	25
60	0
12	0
0	0
0	59
0	59
0	7
137	93
46	71
0	85
0	48
0	53
0	31
24	2
0	4
37	4
0	4
5	3
0	4
0	33
11	33
0	5
7	0
0	2
7	1
0	1
18	97
128	97
461	66
30	0
2	0
0	67
24	65
0	57
449	211
1	15
0	163
0	14
0	63
0	0
0	0
3	0
162	0
56	30
15	17
0	24
0	3
1	29
0	30
0	0
0	10
0	4
4	4
0	4
0	4
0	0
19	0
33	17
0	15
0	15
5	2
0	2
0	1
5	0
5	0
1	29
0	23
11	0
0	0
35	134
0	137
0	0
0	137
0	82
0	28
0	16
10	163
35	76
0	120
0	13
0	10
0	17
0	14
0	13
0	4
6	22
4	22
23	22
0	5
18	58
36	29
0	18
0	3
0	3
2	0
414	479
0	140
362	459
0	479
0	18
0	9
3	7
4	7
0	8
0	59
24	0
0	240
55	139
0	6
1	2
0	22
11	0
4	0
22	116
158	134
34	66
0	67
0	50
5	0
0	8
0	2
0	67
32	1
5	1
126	0
0	49
0	49
3	46
0	44
0	0
60	9
19	179
0	30
48	26
11	190
0	171
0	5
0	45
0	36
0	56
0	3
42	175
6	166
0	20
0	30
249	48
220	17
0	17
14	69
0	69
3	0
1	34
7	34
9	0
12	3
0	33
12	240
0	384
285	295
0	71
275	577
0	20
0	20
0	19
319	664
0	618
0	110
0	109
0	15
0	15
0	15
25	0
7	10
0	21
0	10
0	23
0	21
0	23
16	19
0	0
23	23
0	30
7	19
26	63
0	12
0	14
32	0
0	0
0	32
0	32
0	9
0	25
0	25
0	14
3	8
0	4
1	5
6	0
6	2
0	2
64	0
0	2
0	2
0	1
19	0
27	3
0	3
75	0
1	57
0	34
0	57
44	180
0	182
593	520
0	338
0	338
0	8
11	7
30	157
0	157
23	0
0	7
0	7
0	49
0	0
11	310
0	72
0	2
73	306
0	120
0	120
1	0
0	0
0	6
9	7
0	5
0	1
0	1
0	1
6	1
455	87
0	83
11	83
8	1
0	11
0	79
0	79
0	77
2	0
0	0
21	3
3	0
0	0
0	23
1	0
0	33
0	10
0	16
3	16
0	14
0	0
127	1
101	82
17	1
77	71
0	9
0	71
0	0
0	18
0	18
2	0
0	0
0	4
2	4
0	4
0	1
0	5
0	3
4	2
0	2
0	3
0	0
0	5
0	3
0	2
0	5
0	1
63	84
1	17
26	80
0	37
21	16
1	0
1	18
21	72
180	63
0	9
0	9
0	9
7	1
77	35
0	35
0	35
0	0
50	17
0	6
5	1
0	0
1	0
0	0
7	1
0	0
0	0
0	0
0	3
0	0
0	0
0	0
5	0
0	0
0	35
5	4
144	61
0	0
0	0
0	0
0	0
0	15
0	0
0	31
7	42
0	42
0	38
0	2
0	39
19	33
4	8
11	32
58	14
12	8
0	8
0	0
0	15
0	15
0	1
127	4
3	0
0	121
1	5
0	5
0	51
0	78
0	77
97	0
3	0
6	0
0	131
0	131
0	10
0	10
0	10
0	10
0	5
0	14
45	279
14	261
1	121
4	0
0	6
4	0
0	33
0	0
0	6
60	17
0	17
0	0
324	44
2	40
0	2
0	21
0	2
0	2
0	2
0	8
0	38
0	2
40	2
0	0
9	0
21	2
0	2
0	2
0	64
0	64
0	64
0	2
1	2
7	2
0	0
0	0
0	0
2	0
2153	145
6	63
0	2
0	82
52	11
0	10
0	10
0	6
4	4
313	0
3	2
0	2
0	2
5	32
0	0
12	0
0	0
0	0
0	0
14	32
62	8
82	8
13	7
0	8
1	1
0	34
439	56
0	16
22	57
0	34
0	1
0	6
0	23
7	7
0	7
2	2
11	4
0	2
0	2
1160	47
0	35
0	5
2	3
0	4
13	3
3	9
0	0
22	5
26	0
24	19
0	19
4	0
0	41
0	30
0	0
6	23
0	18
4	23
0	21
7	4
0	33
46	30
43	11
0	744
0	744
0	5
13	464
0	23
0	41
0	20
171	24
26	24
1	0
16	1
0	1
7	1
0	0
63	0
95	438
0	438
7	0
0	5
0	2
2	1
3	0
3	16
0	6
7	24
0	39
0	25
7	15
1	0
130	0
113	14
0	11
0	3
3	27
0	1
613	1
0	0
26	3
0	29
0	26
12	0
46	5
0	5
2	5
55	67
7	62
45	56
0	0
0	1
504	0
6	0
1	0
0	90
21	28
0	4
4	0
3	28
0	6
0	30
45	38
0	32
0	5
25	1
8	0
0	1
0	0
1	0
6	0
0	0
0	0
0	0
0	169
0	123
504	19
0	16
4	16
12	13
0	5
3	11
0	2
5	11
11	65
1406	76
0	13
29	31
20	53
1	128
0	14
4	50
0	13
0	50
8	76
11	76
0	76
105	146
71	312
145	297
0	0
0	28
0	38
0	0
0	23
0	24
27	99
0	41
0	95
0	0
0	30
0	0
52	579
19	579
10	3
0	0
0	1
0	3
0	18
4	97
0	97
0	177
128	80
0	4
6	4
0	0
0	97
62	856
1	2
18	856
0	856
0	33
4	0
0	791
0	98
1	0
329	0
87	152
632	0
46	0
3	38
38	48
0	0
0	46
4	0
39	0
14	7
2	7
37	7
3	0
2	1011
395	1011
0	343
0	0
0	0
0	7
200	11
0	7
36	10
0	7
0	0
0	2
1	128
0	129
0	167
3	151
3	96
0	33
0	42
9	0
16	2
0	4
0	38
6	8
0	4
10	16
0	46
0	63
0	25
81	12
0	18
0	5
0	5
0	0
30	6
0	1
31	121
0	7
9	10
0	3
0	96
1	116
0	9
0	3
0	3
0	8
0	0
1	6
0	1
0	0
1	1
4	0
1	22
0	22
13	22
28	5
0	10
0	1
0	1
0	1
9	23
0	3
1090	0
61	425
0	27
0	9
25	26
0	10
0	11
0	1
18	131
0	51
1	15
84	1089
0	744
3	680
0	5
6	0
0	0
0	348
0	3
0	7
0	7
1	0
46	0
0	0
25	0
9	0
0	9
0	42
2	42
199	28
1	24
0	20
0	0
0	1
0	1
0	0
0	10
0	10
6	0
0	0
0	0
0	0
2	0
2	1
3	0
7	0
148	5
0	0
182	227
0	225
87	165
0	86
4	0
0	2
0	1
0	15
351	15
0	123
0	120
6	66
292	66
8	100
0	45
11	55
0	43
0	0
73	59
0	3
0	4
0	6
0	0
15	18
9	22
0	22
2	0
1	0
33	3
0	88
33	0
0	0
0	0
19	4
0	4
186	0
0	2
1	2
0	0
10	14
0	8
4	3
3	14
5	185
0	303
0	303
0	20
36	7
18	7
47	119
11	80
1015	49
0	9
13	18
16	3
15	30
32	54
150	41
65	42
253	26
6	66
0	52
40	59
1	36
0	18
27	65
0	68
0	63
0	13
12	3
38	53
31	0
187	51
58	0
1078	329
0	74
0	88
102	256
0	1
0	63
0	7
0	1
5	10
0	52
0	2
0	56
40	56
0	59
0	59
0	2
0	2
15	97
0	0
0	85
0	0
0	7
1	0
49	159
60	55
0	75
0	1
7	127
2	7
33	0
1	0
0	0
82	26
0	15
0	11
11	15
91	5
0	5
9	3
14	0
24	43
20	35
1	6
22	1
0	5
0	5
1	20
0	4
3	17
0	17
10	0
0	0
0	0
0	408
6	408
0	344
0	347
0	54
0	34
12	8
8	8
0	7
0	10
0	0
251	500
0	500
1	0
5	0
666	169
3	169
13	183
0	0
0	11
18	13
3	9
4	0
1	0
229	0
0	18
92	2
4	2
1	16
89	1
1	0
0	0
0	0
0	100
0	51
0	33
0	33
0	0
3	19
0	19
0	7
5	9
0	7
0	0
0	0
0	9
0	12
0	12
0	12
14	50
4	50
7	20
0	0
2	4
0	0
0	0
1	1
0	0
9	1
0	1
2	1
0	2
0	84
0	84
0	6
36	35
0	31
51	312
0	312
49	16
29	91
1	27
0	3
0	3
4	27
0	1
0	24
0	0
0	0
2	0
14	50
0	48
0	64
4	31
0	31
0	31
0	0
19	35
0	0
1	73
914	74
0	14
0	0
6	0
18	0
45	60
7	17
52	198
0	198
0	197
85	7
0	355
21	14
0	449
0	0
2	0
29	434
9	12
192	340
0	23
0	24
0	5
5	5
0	5
0	5
0	0
0	19
0	68
13	88
415	26
115	53
22	38
0	41
0	41
2593	118
2	118
0	57
0	30
165	54
20	0
23	6
0	6
1	0
412	270
0	270
55	36
0	5
0	0
0	18
0	1
0	4
0	96
0	222
0	72
43	280
0	285
0	290
17	222
0	122
35	66
0	40
0	1
0	1
609	2
58	62
0	58
5	4
1123	74
0	73
9	7
13	51
83	69
1	1
0	57
0	195
0	48
2	113
8	17
0	17
0	14
0	1
0	2
1762	442
0	214
0	8
2	200
0	5
1	37
2	22
0	32
1	14
0	14
0	45
24	51
0	17
0	17
0	10
0	18
0	18
0	0
11	1
0	0
0	0
11	9
0	9
30	114
0	3
0	1
2	0
4	62
0	15
0	121
0	92
101	92
0	92
543	0
0	0
8	0
0	266
0	101
0	257
0	103
0	74
134	94
0	106
0	56
0	27
1	0
5	266
0	0
0	0
0	53
0	53
2	53
0	32
0	32
0	4
9	32
24	51
0	0
0	0
0	0
0	8
6	62
28	61
0	48
1	32
0	42
6	0
0	0
19	0
577	0
142	0
3	0
10	1
0	1
0	0
0	1
1	1
0	15
7	336
0	275
0	4
0	10
0	27
0	27
0	103
51	313
20	0
0	0
0	2
8	21
321	5
1	5
0	0
16	0
3	0
5	95
4	83
0	75
0	31
0	19
2	12
4	49
198	302
0	189
0	2
0	60
0	0
0	16
13	16
0	2
0	83
0	81
0	0
13	53
0	46
0	2
35	6
0	42
0	51
0	11
0	44
77	6
0	18
0	19
0	19
129	4
0	4
0	6
20	6
0	6
0	4
0	1
0	6
4	18
0	3
3	2
0	3
0	9
0	3
6	37
60	37
0	50
0	50
6	21
0	1
0	8
0	30
0	27
0	19
0	7
3	7
3	4
0	4
0	0
1	4
0	7
0	7
0	4
9	0
0	7
1	6
0	6
3	0
44	82
33	82
1	9
0	9
1	51
0	61
0	1
1	36
1	0
2	0
16	19
3	26
70	2
0	5
0	25
0	5
344	4
0	4
0	4
0	0
0	0
0	0
2	0
3	1
0	4
0	6
5	1
0	1
0	1
0	6
22	32
0	22
32	48
0	2
0	0
0	0
0	0
5	9
0	1307
0	21
0	316
0	6
0	515
352	1303
0	4
0	4
0	15
0	1
84	94
2	27
0	14
0	2
0	16
0	4
0	16
0	3
0	13
0	593
0	4
0	5
0	8
0	1
0	94
0	2
0	2
0	14
1	20
7	13
7	13
0	12
5	925
0	845
33	0
0	938
0	937
0	926
263	0
0	2
0	6
0	6
0	1
0	0
4	0
2	110
0	2
15	0
91	1
0	1
0	1
29	684
0	684
0	56
3	0
0	13
8	28
0	5
2	0
0	0
0	0
27	2
4	7
0	28
13	64
0	44
0	1
421	0
0	73
0	73
0	9
38	10
3	0
14	22
0	61
11	275
0	0
1	0
0	2
0	275
8	39
0	39
0	3
19	3
5	1
0	1
0	0
0	7
0	7
0	3
214	37
0	24
0	72
26	251
310	251
16	181
7	1
0	8
0	72
0	108
0	4
136	13
5	13
8	0
0	0
0	35
0	35
0	35
0	35
0	3
0	22
0	22
0	21
10	146
32	194
0	0
0	5
0	5
0	3
0	0
0	0
0	0
47	66
0	66
0	1
19	0
0	0
0	3
14	6
0	0
5	0
0	4
1	6
25	6
1	0
2	0
1	25
0	25
4	25
0	25
0	25
0	24
60	36
0	36
8	8
2	2
0	8
0	60
1	0
91	8
0	1
0	1
0	1
0	0
0	6
0	0
920	7
2	0
0	9
0	9
68	1
11	0
6	1
2	0
0	4
2	4
0	4
71	20
0	0
10	0
10	0
12	9
0	0
301	0
0	0
0	0
1	0
13	0
14	18
127	139
0	2
0	116
8	93
0	0
0	0
0	2
0	0
0	0
0	0
7	6
0	1
0	125
6	159
0	29
6	125
0	1
0	62
7	0
0	4
0	4
14	4
0	0
0	0
0	0
0	0
1	0
2	7
1	0
0	0
0	7
0	7
0	0
0	7
2	0
0	0
21	7
0	5
0	6
0	0
0	2
0	48
0	48
0	6
0	15
5	15
0	11
20	2
0	2
285	9
147	451
18	5
0	2
1	448
2	15
0	16
4	1
6	13
0	32
0	10
0	1
80	68
0	26
5	8
39	42
0	1
46	0
30	0
15	12
0	2
38	98
5	0
0	98
3	123
116	33
0	22
10	7
0	116
0	11
16	1
0	31
0	459
599	446
3	0
3	0
0	107
0	7
0	7
4	6
1	6
0	0
1	0
0	1
0	1
30	0
7	219
0	138
18	86
0	100
0	0
0	219
0	50
0	50
0	0
0	0
0	3
0	0
29	64
0	20
0	44
17	1
0	0
66	2
2	0
38	20
5	82
0	73
22	1
5	41
51	39
0	178
30	4
0	313
429	494
0	18
0	5
21	1
1	0
15	0
0	22
1	22
0	13
0	1
2	22
0	3
0	0
0	6
0	22
17	40
69	18
0	4
0	2
0	0
0	5
1	0
1	1
3	1
11	0
0	320
0	126
0	286
38	46
0	42
0	9
0	9
0	30
0	6
0	22
0	5
0	17
0	0
0	1
0	42
2	0
0	0
0	0
34	74
1	62
1	0
0	0
4	4
0	3
5	0
0	2
0	14
6	9
0	9
28	0
0	38
0	38
0	2
0	10
2	7
0	7
0	7
0	133
0	21
40	0
46	105
0	105
0	0
0	26
0	22
0	26
27	6
0	27
0	23
0	27
40	40
0	40
29	328
0	148
0	19
0	4
0	4
0	138
0	180
143	103
9	0
0	46
0	103
92	2435
0	2435
28	6
0	4
42	90
0	82
998	11
0	0
0	0
0	0
0	11
1	2
0	0
161	92
0	51
1	1
0	0
0	109
0	66
3	66
0	2
6	3
1	40
0	40
0	1
0	6
0	6
0	6
0	0
0	5
2	5
4	0
0	0
0	5
0	3
0	3
1	2
15	11
38	34
0	17
0	12
0	6
0	24
0	19
0	11
0	1
0	5
7	63
0	63
0	31
8	0
0	0
11	5
0	6
0	6
0	5
0	0
8	5
19	1
0	19
0	5
0	12
2	2
15	27
2	27
0	1
0	1
9	11
0	1
28	28
11	13
0	13
56	13
0	8
0	8
0	6
0	1
13	0
2	2
2	0
0	0
1	0
9	0
0	94
0	94
0	73
0	0
7	0
0	0
0	3
0	0
0	0
0	0
1	3
0	5
0	5
0	5
0	5
6	30
0	4
0	30
190	28
0	12
0	7
0	1
7	5
0	16
0	38
846	36
0	5
20	5
0	0
9	0
0	19
0	19
7	35
0	0
42	33
333	54
0	5
0	17
0	0
160	3
16	5
0	5
0	0
2	8
0	8
0	62
0	52
0	52
6	37
0	39
37	36
0	28
0	2
0	3
15	2
0	0
0	0
0	0
0	0
0	39
0	39
1174	351
9	101
1	0
0	351
25	0
0	2
11	12
6	13
0	0
0	0
0	0
12	0
4	0
3	0
125	23
0	1
0	2
0	0
0	9
0	148
0	96
49	383
23	385
13	376
17	374
0	2
44	64
435	57
18	95
0	39
0	43
3	15
0	2
0	7
9	5
0	16
0	12
0	15
0	6
18	87
0	45
0	0
8	0
0	0
18	77
0	4
0	2
24	3
8	1
0	0
258	157
0	157
0	0
0	0
1202	44
3	3
6	0
0	34
0	0
38	4
0	4
0	3
0	6
0	6
0	5
0	0
0	0
0	34
0	34
0	34
40	8
46	9
0	63
0	63
0	169
6	55
2	0
3	1
15	138
134	540
0	304
40	0
0	1
18	46
0	551
0	159
650	155
0	169
6	0
6	0
0	0
0	0
0	0
24	104
0	103
0	13
9	14
0	1
33	0
51	27
520	0
3	0
5	5
0	2
13	8
0	8
0	73
0	53
16	38
0	29
0	29
4	49
0	1
0	23
0	0
0	0
0	0
0	0
0	0
6	0
3	0
0	0
0	80
0	88
0	88
0	0
0	7
0	25
3	338
0	266
0	217
0	52
53	140
2	45
13	430
0	394
0	0
119	28
28	28
0	1
4	6
22	30
0	11
0	18
0	0
7	0
0	0
0	19
47	38
0	10
802	0
556	802
4	788
0	19
4	1
0	8
0	1
0	67
297	248
0	240
6	20
0	103
0	20
33	0
1	0
748	9
1	5
15	13
1	7
0	11
0	13
0	12
0	1
0	1
397	402
0	402
4	4
0	4
0	2
2	25
0	25
0	25
0	16
0	11
0	0
2	6
0	6
0	1
4	150
0	150
0	1
0	98
304	94
0	94
372	70
0	79
0	36
0	0
0	0
0	24
0	17
34	13
0	10
0	11
22	1
0	5
2	0
11	0
10	4
0	29
0	5
0	29
179	76
0	76
174	27
0	12
412	299
79	299
1	21
18	8
0	8
22	201
9	201
0	4
0	172
0	137
0	7
0	409
36	386
13	64
0	5
0	3
411	52
0	42
0	13
0	0
1	13
15	13
3	13
12	0
0	40
0	40
0	17
558	54
0	71
8	34
0	22
0	38
0	5
127	43
124	24
0	45
0	50
49	37
25	49
19	0
6	5
0	0
0	5
20	26
0	0
4	22
0	22
0	17
16	51
0	149
0	32
6	51
0	148
0	78
1	131
0	131
0	7
0	125
0	121
0	120
0	124
0	42
9	125
0	124
2	14
66	38
0	38
0	0
10	0
4	0
15	8
0	4
0	20
11	20
0	20
0	20
0	16
2	19
60	83
23	26
2	0
8	25
1	8
0	8
54	78
30	12
0	1
0	1
0	1
3	0
0	11
0	0
3	575
2	559
0	251
3	11
0	2
0	0
3	9
0	9
194	24
0	24
0	23
0	23
1	0
1	0
1	9
0	1
0	0
105	586
39	346
0	169
13	23
0	278
1	206
9	9
9	68
74	63
0	34
22	9
0	2
814	83
14	73
2	62
0	60
0	42
1	0
0	0
4	4
2	2
0	4
12	1
13	12
0	12
205	0
80	10
26	181
11	207
1	168
1	15
15	15
1	26
0	2
0	2
2	0
1	14
0	14
0	4
2	8
0	11
0	0
0	0
0	0
0	0
0	0
0	4
0	3
1	0
1	4
184	51
56	46
0	5
9	1
0	37
1	247
507	36
0	53
0	47
0	101
12	20
113	547
100	354
0	217
195	282
0	77
0	185
0	341
148	149
0	132
0	146
0	127
221	27
0	25
0	5
0	34
0	40
4	22
71	1
0	233
6	232
0	198
61	178
17	3
0	0
0	2
3	4
2	4
1	4
0	0
31	3
25	3
188	35
6	21
0	34
0	376
0	14
16	14
0	2
0	338
1	0
46	362
40	262
0	8
0	2
120	253
35	44
5	1
0	0
2	0
0	4
0	4
0	0
0	0
184	0
0	6
0	6
0	6
0	69
0	6
97	75
55	0
12	172
0	172
5	0
58	18
0	7
33	11
0	11
0	127
0	40
0	4
0	4
0	2
5	0
1	1
0	1
0	6
0	6
0	5
0	5
2	1
0	348
0	348
0	30
0	6
0	6
0	28
0	5
10	25
0	5
0	34
1	17
0	12
0	11
0	24
0	24
0	10
1	9
0	0
0	24
33	24
0	17
71	11
7	15
0	15
0	1
0	1
16	11
19	32
21	15
0	13
0	8
13	16
11	8
1	16
2	0
0	0
101	191
0	28
0	18
15	207
0	1
358	2
80	2
0	26
0	26
0	1
0	1
0	7
12	3
6	23
44	17
0	17
0	7
0	3
25	89
0	80
0	131
212	302
0	279
69	173
8	201
0	232
8	0
54	0
66	155
0	140
0	63
0	21
0	0
14	27
2	0
0	0
68	16
26	51
4	46
4	15
47	57
0	19
2	31
8	15
34	34
18	0
4	0
4	21
0	21
0	6
0	1573
24	1500
7	643
12	318
0	334
0	863
42	716
0	0
0	0
0	19
126	19
0	1
0	1
16	7
1	0
0	0
0	176
4	321
0	21
2	25
0	14
0	19
0	310
3	48
3	82
0	8
10	8
0	4
0	0
0	0
0	0
0	27
1	0
0	27
0	27
1	31
4	0
32	2
0	2
0	2
0	2
4	33
0	33
0	34
0	3
12	4
0	1
0	4
0	6
0	2
0	3
0	3
10	0
1	5
14	35
0	30
11	30
0	19
0	19
0	19
5	0
18	0
0	0
8	0
161	62
13	64
3	4
29	11
0	11
297	761
0	795
0	690
0	560
0	566
0	574
0	543
0	571
0	163
0	32
0	40
0	514
0	525
0	296
58	38
0	95
0	89
0	0
0	0
0	0
0	6
0	332
0	331
0	91
19	121
113	88
23	84
26	212
236	132
47	68
16	44
5	24
217	7
8	1
1	6
1	0
216	65
1	0
0	65
18	0
6	3
2	9
0	16
0	16
0	16
0	16
0	7
154	88
0	88
0	12
2	44
61	53
0	62
5	5
0	2
1	9
0	3
0	3
0	29
0	29
0	29
0	10
0	0
0	59
0	59
0	42
218	17
7	16
1	20
28	1
67	299
0	299
0	67
0	58
0	0
0	0
0	0
2	0
0	0
0	16
0	16
0	5
0	5
16	0
0	0
6	0
0	0
0	7
0	7
8	7
0	2
232	0
164	17
3	2
0	15
0	0
0	0
0	0
0	5
8	46
20	41
0	20
3	0
5	0
29	0
0	7
0	7
0	5
3	9
4	2
78	11
0	10
1	8
61	46
1535	21
2242	1139
7	0
0	1
0	114
1	119
2	5
3	5
2	5
35	6
0	1
19	6
21	6
23	30
1	0
0	0
1	0
10	23
0	530
2000	530
0	5
10	334
15	34
0	41
0	38
0	40
0	38
0	38
0	38
0	38
0	9
0	41
0	11
0	14
0	37
61	120
27	25
24	67
0	21
0	1
0	21
0	82
0	51
336	1
15	1
1	19
0	19
284	5
0	62
19	61
0	37
0	46
0	47
0	31
15	29
0	35
0	10
0	14
0	11
0	12
0	14
0	22
0	23
0	9
8	0
15	11
0	11
28	11
0	11
0	0
0	4
3	48
26	25
0	43
277	126
0	0
0	11
0	9
0	49
0	8
0	4
0	4
0	8
0	5
24	9
0	1
10	1
1	0
1	1
7	18
0	5
0	10
0	14
0	15
0	5
0	0
0	0
4	10
0	5
5	0
6	2
0	0
0	1
0	0
0	2
0	0
0	0
12	0
134	0
5	0
5	14
0	12
10	4
5	19
5	0
0	15
7	0
1	1
7	1
0	55
0	5
0	43
4	0
0	0
0	0
0	0
0	0
0	0
0	14
0	3
1	23
0	11
0	55
0	21
6	78
13	78
0	20
0	33
0	16
0	92
3	113
19	89
0	32
0	18
0	31
0	30
2	29
0	1
6	0
1	0
0	0
62	17
0	17
16	10
0	9
1	5
0	0
0	0
1	1
0	26
0	2
0	6
0	25
6	2
28	185
0	9
0	1
73	125
0	131
7	93
15	178
16	172
14	200
0	82
0	2
56	8
13	28
2	16
0	4
15	0
29	27
1	1
0	0
6	18
0	25
0	0
8	9
13	4
5	11
0	11
35	89
0	15
0	10
0	13
0	13
0	1
51	0
280	0
2	2
0	138
0	104
0	9
9	4
0	3
0	0
7	0
102	95
0	116
16	116
4	0
22	15
0	8
0	8
14	8
0	11
0	8
1	1
6	14
0	1
0	0
0	2
0	5
1	5
0	2
0	43
0	12
4	3
0	47
16	123
452	123
97	61
29	24
0	24
0	6
67	0
11	8
0	8
11	11
0	8
0	7
0	0
0	0
0	6
1	0
0	0
0	1
0	41
0	37
0	15
0	0
0	23
0	1
0	1
6	1
4	34
0	18
0	18
0	6
0	0
1	0
0	6
18	0
0	34
2	1
0	1
0	0
4	0
127	237
0	128
0	20
3	151
0	11
0	11
7	10
0	6
0	0
0	0
2	0
3	0
0	0
3	9
0	9
0	7
0	11
0	11
0	11
0	1
0	0
0	0
0	0
0	0
0	0
0	1
1352	0
34	51
0	54
26	81
1	57
0	4
0	0
6	0
0	0
0	0
0	0
0	0
6	0
0	2
0	2
0	142
3	142
0	138
0	407
0	138
11	1
192	450
0	87
0	450
42	16
0	16
0	19
4	21
0	21
0	5
5	0
579	52
37	52
0	113
138	7
20	3
1	4
0	113
10	0
2	0
11	5
2	14
0	1
0	12
0	8
0	8
1	2
24	33
0	33
0	281
97	397
0	13
0	120
0	10
0	164
18	236
0	7
9	8
3	5
0	1
2	2
21	0
19	0
34	82
33	26
0	35
1	35
0	5
53	5
52	160
34	160
1	0
8	1
0	68
0	14
0	9
0	34
10	0
0	12
55	43
17	104
0	0
9	0
58	10
4	0
1	0
0	3
7	28
0	109
0	109
28	0
0	0
1	0
3	0
7	0
3	55
26	55
8	18
0	3
19	1
0	6
0	6
0	8
0	8
0	0
270	36
0	63
402	83
8	83
35	49
130	51
0	0
8	33
0	11
0	22
0	160
0	151
0	111
0	111
2	22
16	44
0	139
0	109
0	1
2	0
0	0
16	0
0	1
412	254
0	247
2	127
0	5
0	0
0	0
0	0
0	91
0	94
0	90
0	93
0	91
0	91
0	88
0	88
0	4
10	2
0	4
8	4
32	17
0	17
0	3
6	0
4	235
0	15
24	227
0	3
167	0
0	61
0	28
98	0
36	19
0	17
24	2
0	2
24	0
61	58
0	58
0	40
0	71
27	71
0	78
2	13
0	8
0	0
2	0
0	0
27	73
0	0
0	0
0	764
0	781
20	624
0	481
0	119
126	0
13	5
16	5
0	8
0	8
31	18
3	18
3	0
0	0
5	0
0	0
0	7
0	31
71	215
11	0
0	0
0	5
0	5
0	7
0	7
0	5
0	0
0	0
172	18
0	16
353	6
0	31
5	0
0	1
904	114
0	68
0	90
0	17
0	185
0	185
0	11
26	43
0	35
5	39
0	37
0	18
110	1
0	1
1	1
0	0
34	479
5	469
0	465
14	465
3	465
7	465
3	431
1	17
0	479
0	7
0	1
0	7
5	67
46	115
18	57
0	19
0	26
0	5
81	198
0	199
2	3
12	27
59	0
2	56
0	7
0	8
0	8
0	3
15	5
1337	1130
0	20
6	24
168	14
1	0
0	0
22	0
0	4
0	53
0	43
22	53
0	20
0	1
0	3
0	0
28	41
42	19
0	42
0	8
0	49
0	49
4	0
0	0
0	1
573	23
12	3
0	1
0	14
1	14
13	0
28	46
0	107
7	85
0	3
2	3
0	1
0	1
1	1
0	2
7	0
0	0
0	64
0	1
46	102
85	186
0	1
0	1
0	0
0	96
26	89
8	53
24	53
2	157
0	149
0	138
0	66
0	67
0	67
0	67
0	67
0	2
3	0
0	40
10	0
0	0
1	0
0	32
0	32
42	0
0	1
0	31
18	0
0	0
6	0
0	65
0	83
0	0
6	0
0	157
0	157
44	1
0	0
0	0
138	118
28	107
3	22
5	8
0	8
0	8
3	220
24	218
0	69
3	38
10	37
0	18
0	0
0	0
0	0
15	0
4	0
1	9
5	2
5	2
0	11
0	11
4	0
51	10
0	11
0	0
0	0
0	1
12	1
15	31
41	4
0	0
1	4
2	0
73	0
0	8
22	3
0	3
7	9
123	9
21	11
23	2
8	9
0	0
0	96
8	227
0	14
0	14
0	227
0	9
0	9
0	3
202	0
5	10
1	10
0	8
0	4
2	0
0	0
0	0
0	0
0	0
0	0
106	511
10	23
0	9
92	0
13	2
140	18
152	473
14	13
0	13
293	37
1	13
17	8
9	8
22	6
0	6
3	0
0	58
4	58
0	16
0	40
0	40
0	8
0	2
0	2
2	24
0	1
0	1
0	2
0	24
12	5
0	130
0	22
3	125
0	0
539	21
35	21
30	21
0	9
0	9
17	9
0	6
348	9
5	28
0	45
0	33
0	46
0	32
29	16
0	2
11	10
5	0
0	12
1	4
18	32
0	32
0	0
0	0
12	9
0	9
0	22
0	18
4	22
0	0
0	0
0	0
0	0
442	1822
7	19
2	2
1	0
0	19
0	33
0	33
310	19
25	3
3	1
0	0
2	1
1	0
1	3
10	4
1	3
0	46
0	39
0	17
1	0
11	0
0	0
0	0
0	0
0	0
0	0
0	0
0	0
0	0
0	0
0	9
320	15
3	0
0	3
11	12
6	2
1	2
13	32
0	10
3	155
5	24
0	155
2	2
23	0
0	1
0	1
125	55
779	55
0	16
0	3
6	7
0	0
0	0
1	0
4	0
0	2
5	0
0	0
0	0
0	0
0	0
0	255
0	165
0	19
0	277
368	26
10	1
0	19
0	0
53	0
627	155
29	154
0	154
3	0
15	0
0	302
0	300
0	0
0	0
0	215
0	215
0	215
0	16
34	49
0	10
0	16
12	3
0	13
0	8
0	12
0	8
0	13
0	167
0	27
36	172
0	49
0	7
288	120
1	120
1	0
1	0
0	78
2	88
164	132
0	125
0	189
285	189
5	5
0	0
7	2
0	71
0	178
0	19
0	30
21	23
0	8
6	3
0	14
7	4
0	14
2090	0
1	109
0	108
0	0
0	2
9	1
1	1
0	0
5	6
0	1
0	6
0	2
0	38
0	28
16	4
0	4
0	4
0	2
0	2
0	2
0	0
0	11
1	0
18	0
0	0
0	47
11	446
12	1
0	150
0	8
279	170
0	523
0	5
154	9
284	137
0	4
0	6
8	0
4	12
0	61
0	38
26	1
0	1
0	1
21	14
298	0
2	0
0	2
0	12
5	10
0	10
0	4
4	1
0	0
1	0
0	4
79	26
104	1
16	1
1	24
37	4
0	6
3	5
8	0
13	24
6	24
0	20
0	15
0	19
0	31
0	49
0	37
0	32
0	9
0	6
6	58
0	7
0	54
0	3
0	28
2	33
3	5
1	0
0	0
0	0
0	0
0	0
22	58
0	60
0	38
89	214
0	320
0	216
0	36
0	111
3	1
0	1
0	27
0	27
0	12
294	79
59	279
0	2
5	0
8	0
0	0
20	0
38	8
49	51
0	14
12	6
0	24
3	13
1	11
0	24
0	24
9	11
1	0
11	13
0	3
7	3
2	0
0	5
0	0
0	11
6	16
0	1
0	1
1	0
0	4
2	1
0	0
22	5
135	5
8	5
0	0
3	0
3	1772
0	1768
6	134
0	3
0	3
7	7
0	1
1	29
5	86
0	85
85	55
8	61
0	40
3	40
0	40
3	27
0	23
0	1
5	1
0	10
23	0
5	41
0	0
5	6
1	0
0	6
168	0
111	0
0	230
0	230
0	229
0	230
0	230
0	222
0	222
0	221
127	265
0	0
0	4
0	0
158	259
22	24
8	17
0	7
0	20
0	10
0	10
0	2
0	12
11	1
0	1
0	1
0	2
4	0
106	14
0	7
25	204
0	130
0	0
0	0
0	91
21	80
0	60
15	73
0	23
0	2
0	2
6	18
0	18
0	6
33	2
0	2
2	13
102	0
1	4
0	4
0	1
32	0
137	57
0	37
39	7
9	8
0	3
0	3
70	532
0	462
0	501
3	10
0	10
14	0
4	58
2	58
19	58
21	48
58	21
15	1
8	26
1	25
0	0
0	0
289	4
334	4
825	568
0	422
0	4
0	8
0	0
1	0
0	0
0	2
78	27
0	27
3	0
731	0
0	14
0	68
0	50
0	50
0	83
0	48
0	8
0	8
0	3
8	75
0	5
0	17
0	21
6	9
7	4
0	4
0	24
16	33
19	30
0	30
0	0
6	3
6	1
0	1
286	68
0	68
4	39
0	13
0	34
352	132
38	35
3	0
0	0
1	7
0	20
31	647
0	242
0	86
5	70
6	414
44	130
0	42
7	20
1	0
179	22
0	22
0	1
3	21
0	1
0	1
0	20
0	1
74	7
3	7
0	5
52	5
1	4
0	0
0	0
76	139
0	0
0	0
4	0
6	139
34	7
12	7
2	7
1	167
0	3
0	3
0	3
0	28
0	8
2	35
0	7
0	7
2	4
0	4
11	46
9	0
0	38
0	41
1	37
4	121
70	116
0	7
6	20
29	143
0	0
6	127
0	8
143	21
49	50
4	20
0	37
3	13
0	33
6	21
12	4
0	4
0	37
0	37
0	21
7	29
0	9
0	8
9	34
37	67
132	41
0	1
0	0
0	0
0	48
0	75
0	17
74	33
0	5
314	136
0	5
0	5
0	7
0	5
0	33
0	57
2	0
0	74
0	0
9	0
0	79
0	59
3	59
18	1
4	19
1	0
4	11
0	10
0	14
0	12
0	1
0	1
0	1
2	6
0	6
0	4
0	4
346	52
0	8
3	14
0	0
0	6
0	6
0	6
0	0
0	0
0	0
0	0
0	0
0	0
0	30
0	0
0	38
0	31
27	4
0	3
3	30
0	30
2	36
0	30
3	69
0	6
0	6
0	23
0	12
1	75
18	16
0	15
203	393
11	384
0	9
14	118
0	107
91	5
13	9
1	1
6	8
2	8
22	0
0	180
0	180
0	534
0	335
6	1
0	3
2085	667
0	180
3	1
3	8
2	8
71	0
22	130
0	178
0	253
0	174
6	5
0	81
0	9
0	53
0	1
0	30
5	2
0	8
0	16
0	16
0	15
0	2
30	25
13	25
8	6
5	29
7	29
38	0
13	350
1	13
0	15
0	12
0	5
0	158
0	141
0	13
0	12
24	22
19	40
0	13
0	22
22	13
0	13
0	3
38	20
5	20
3	0
0	0
0	0
0	3
0	3
0	1
13	10
0	10
311	22
28	18
0	1
0	0
4	0
0	2
7	4
2099	173
3	3
0	22
0	21
37	40
0	4
131	16
842	12
2	1
0	2
0	3
0	1
125	227
8	1
0	0
0	1
7	26
0	18
0	18
136	183
0	1
0	6
19	173
0	80
0	58
10	45
0	58
14	7
1	7
0	7
2439	65
9	5
0	5
27	180
0	241
0	11
0	3
0	8
0	66
13	21
0	40
22	18
0	12
30	0
0	35
1	4
0	67
0	0
4	2
4	34
0	34
0	6
0	1
2	1
0	1
0	0
0	0
4	2
18	2
29	0
0	8
2043	64
35	126
0	78
54	7
19	72
0	19
0	40
0	5
0	49
0	1
13	28
5	28
0	42
0	3
2	3
156	23
0	7
0	25
0	88
0	88
0	88
0	88
0	4
18	2
0	4
4	1
0	1
0	43
0	6
124	177
44	44
7	163
0	44
0	2
16	1
0	0
0	35
12	15
22	7
0	140
2	21
0	43
0	47
0	41
16	34
0	0
0	0
0	36
0	2
0	0
0	26
68	33
0	63
0	30
0	61
22	117
0	12
0	44
0	5
0	3
0	3
0	5
0	37
0	6
0	1
0	5
0	105
0	6
22	20
2	20
0	6
0	0
0	0
543	40
0	25
0	60
0	17
0	53
9	0
0	48
4	41
4	0
62	0
22	12
26	12
543	179
79	179
0	42
1	9
0	0
0	9
0	9
0	9
0	9
0	12
0	12
2	15
19	20
122	81
73	61
0	12
7	0
0	0
27	273
6	273
8	249
79	123
2	0
0	0
0	0
0	0
0	0
0	0
0	0
7	27
0	21
0	19
0	0
0	2
0	37
67	62
0	6
0	2
12	15
1	15
24	15
2	0
3	9
0	4
94	43
0	2
1	0
0	0
0	11
9	11
0	5
0	1
29	43
1	0
0	28
0	28
0	28
1	21
0	0
0	0
0	0
241	56
60	10
12	2
40	14
0	17
0	7
17	0
0	15
93	10
2	8
5	2
0	0
0	0
1	659
0	57
0	658
0	11
14	0
0	0
1	0
9	7
14	496
0	408
1	497
0	56
0	77
319	143
8	31
373	30
11	1
88	165
6	7
0	78
0	8
580	83
30	22
0	107
0	77
0	243
10	153
0	16
0	16
0	4
0	0
0	5
0	0
0	0
0	0
15	1279
38	1275
0	625
0	21
48	573
0	0
5	2
7	0
0	12
3	1
1	12
503	809
17	809
1	0
0	6
0	4
404	0
240	1
11	1
0	0
0	0
1	0
14	8
0	7
193	8
50	16
0	7
0	1
0	0
0	9
0	13
0	18
0	11
0	11
0	1
0	0
6	0
25	33
0	0
0	1
0	2
0	0
5	4
2	4
134	1
2	1
41	7
0	7
0	7
0	33
20	2
0	2
3	0
0	0
0	0
9	15
0	15
0	53
0	53
3	3
2	0
173	89
0	88
0	70
0	52
0	53
0	31
0	0
0	0
0	1
0	0
332	0
0	0
0	106
0	108
9	65
0	115
7	137
0	73
0	64
29	39
0	0
322	0
12	0
18	89
7	16
0	89
0	0
0	8
3	1
0	4
0	76
0	64
0	0
12	33
0	0
0	0
1	33
0	0
0	1
0	4
24	12
1	1
0	3
46	26
0	12
1	1
0	4
0	0
0	5
0	12
0	12
9	7
0	0
1	0
1	0
8	7
1	7
0	0
2	49
0	9
0	11
0	11
0	10
0	11
0	11
0	10
40	20
0	20
14	0
0	2
0	0
0	0
2	0
0	0
30	25
488	25
1	3
9	1
2	1
0	0
21	0
4	19
0	15
35	6
0	6
1	0
0	6
0	63
33	139
0	133
0	40
3	1
0	0
2	98
57	47
0	7
0	7
42	61
0	41
0	21
0	23
0	13
0	21
0	0
0	5
0	10
0	1
0	0
0	0
6	0
9	1
6	0
9	12
0	4
6	4
0	0
0	103
4	2
0	2
3663	347
0	335
0	122
193	10
1	86
0	78
0	1
7	7
0	7
0	7
0	7
0	37
0	24
13	2
2	2
0	5
0	5
299	6
2	63
4	0
11	0
0	11
2	9
0	0
3	0
5	5
21	20
1	19
33	6
0	0
7	106
65	106
0	21
1	45
114	47
0	47
0	47
0	11
0	4
0	0
2	4
0	0
0	22
0	22
657	1
113	0
4	0
0	1
8	0
0	106
77	212
18	22
0	37
791	191
9	14
0	4
28	42
431	200
0	81
0	200
0	18
6	18
0	17
0	45
0	45
0	9
6	4
7	7
0	1
0	1
0	1
15	7
0	7
0	1
0	1
0	7
18	6
4	3
0	2
0	1
0	2
0	15
0	15
3	15
29	15
0	9
0	9
5	1
0	0
12	90
12	18
34	4
0	3
0	2
10	0
10	18
37	322
0	395
0	395
3	216
3	282
199	29
0	27
0	2
33	4
2	151
0	109
0	52
0	34
12	20
4	44
0	27
0	0
176	32
0	32
0	21
0	3
0	0
0	0
0	0
0	0
0	0
8	0
0	0
0	4
0	4
11	2
0	2
0	0
45	0
20	6
0	1
0	1
10	5
3	5
0	150
0	1
0	0
0	58
2	149
2	0
0	15
0	0
5	83
0	83
0	83
0	19
35	20
10	20
14	6
0	3
0	5
2	5
0	4
0	5
0	52
20	54
0	2
0	5
0	5
7	2
3	12
12	3
0	1
0	18
27	16
0	18
0	1
0	136
0	60
19	53
0	0
44	0
92	1
0	137
27	64
247	178
0	35
0	178
0	64
0	42
6	51
13	28
25	28
7	6
1336	7
0	0
6	59
2	3
0	51
21	55
0	53
0	53
2	57
3	46
2	64
9	64
0	0
0	3
0	0
0	0
0	18
1	18
0	9
0	105
0	0
9	0
0	0
59	154
278	27
1	27
5	27
0	2
1	1
18	1
0	1
0	0
3	0
59	127
19	0
0	27
1	3
0	3
0	2
0	2
191	216
9	113
703	9
0	38
0	5
0	5
1	2
1	0
0	35
0	35
0	31
24	39
0	34
0	34
0	34
0	2
0	32
4	0
10	8
0	0
0	1
0	2
18	2
0	2
0	2
0	2
0	0
3	16
0	13
0	9
1	6
0	283
0	283
62	152
0	116
0	32
24	20
1	18
0	1
1494	69
35	47
27	61
121	0
0	5
5	52
18	82
8	43
3	43
1	7
0	8
0	0
0	6
2	0
11	6
21	6
0	0
0	17
0	12
0	11
0	17
0	7
0	2
0	1
0	7
230	110
0	145
244	120
0	85
0	1
34	35
0	3
30	0
0	17
0	18
0	93
0	106
38	208
32	196
11	209
61	1
0	0
8	74
11	70
102	167
0	299
0	50
0	3
2	0
0	7
2	0
44	10
0	299
0	36
0	44
0	35
0	393
0	55
0	42
0	8
0	366
3	4
17	4
0	0
0	1
5	0
9	3
0	1
0	11
0	3
0	11
1	11
4	7
0	7
0	1
3	2
56	12
0	5
0	35
1016	0
0	0
2	224
0	16
825	269
69	21
0	0
0	0
0	0
0	0
0	0
0	0
1	662
0	83
99	935
13	5
0	16
85	37
0	10
5	23
0	33
6	17
16	125
0	125
0	14
2	4
0	0
8	0
0	3
0	3
0	3
0	3
0	19
0	16
6	2
9	5
5	15
20	3
0	287
0	22
0	39
0	166
785	170
0	116
0	174
0	175
2	62
0	62
24	66
0	43
90	44
0	40
5	15
50	15
0	1
0	1
0	1
2	3
1	3
63	30
845	67
13	4
0	63
32	5
81	1
0	0
34	0
1	14
0	10
0	3
0	3
0	3
0	3
0	0
0	3
0	0
69	16
0	3
0	0
0	3
0	0
0	3
0	15
22	211
39	48
0	36
225	29
0	14
5	88
10	110
0	90
174	74
11	47
0	0
1	0
0	0
4	22
0	1
14	16
0	1
6	2
7	0
0	10
0	4
0	18
0	15
31	22
8	22
11	24
0	9
0	0
100	29
0	0
1	0
0	3
0	0
0	0
0	12
0	18
0	0
0	18
0	12
0	0
0	3
0	7
0	6
0	3
0	3
0	2
106	265
21	0
178	0
12	65
7	53
55	87
0	11
71	0
0	0
15	4
0	4
0	0
0	120
6	97
11	92
0	119
11	141
0	235
0	14
0	14
0	68
0	132
21	3
0	12
0	46
18	232
0	15
0	14
0	14
0	271
41	271
0	2
0	2
0	2
0	2
0	2
0	2
0	0
0	0
0	0
0	0
30	4
2	88
0	63
16	99
102	509
37	21
0	14
0	240
0	61
306	522
661	636
0	12
0	156
0	26
23	3
0	1
0	3
87	6
0	4
0	3
12	0
0	1
23	11
0	0
0	1
0	84
0	433
13	236
25	243
0	43
0	19
1	0
6	7
2	4
0	452
0	85
73	85
2	0
0	0
3	0
0	4
204	0
7	101
1	95
0	29
503	126
0	126
0	51
0	0
0	0
0	14
2	14
0	7
0	4
0	4
3	0
0	0
19	20
0	26
0	13
0	0
174	34
12	0
48	69
0	12
0	0
29	2
0	2
0	0
17	0
0	12
0	27
0	7
0	0
0	0
0	0
38	0
0	27
0	4
0	32
67	40
3	2
0	2
10	7
124	154
24	119
0	49
11	1
0	0
0	1
0	1
0	1
0	1
4	2
0	68
0	68
0	46
30	470
0	46
2	4
0	0
19	1
4	0
8	74
22	7
0	7
1	25
610	14
68	14
76	12
0	53
42	131
1	132
0	29
0	29
0	25
1	0
8	0
7	0
2	0
0	50
6	1
0	1
0	0
0	0
1	0
3	61
0	61
101	70
2	70
0	18
0	18
5	3
0	0
12	2
0	25
0	0
10	14
0	27
2	27
0	7
0	0
0	1
10	0
354	142
20	138
0	31
0	49
0	4
0	154
0	406
0	406
0	145
0	145
0	330
0	330
0	404
0	0
0	0
0	23
0	23
0	0
0	0
6	0
0	0
0	0
0	0
0	23
0	42
9	1
0	8
23	46
0	158
0	111
552	184
0	31
4	216
64	97
0	196
2	0
0	0
294	132
0	131
5	16
3	3
0	16
0	79
0	507
11	506
0	403
813	210
0	180
0	9
15	17
0	36
1	42
0	6
2393	0
65	91
0	90
0	11
0	11
0	7
0	1
4	2
4	0
0	50
40	78
9	85
0	30
0	3
174	0
93	320
0	62
0	0
2	311
146	34
12	34
0	7
0	3
0	31
0	31
0	27
1	92
0	22
0	25
8	29
0	11
0	8
0	6
0	12
0	7
0	15
7	6
0	11
27	12
0	0
33	8
9	4
0	4
0	0
6	2
1097	154
34	149
0	10
30	284
0	284
1	259
0	238
0	234
2	121
0	0
69	0
167	5
0	0
0	5
0	0
116	108
1	0
2	0
0	0
0	0
0	0
0	0
1	2
0	5
2	5
167	96
0	39
1	5
0	39
0	350
0	157
0	165
0	36
0	42
0	37
0	36
323	54
45	349
3	269
1	306
24	289
12	514
367	512
0	19
0	1
0	2
0	1
0	1
0	3
0	2
0	1
0	256
0	255
89	22
0	22
6	0
3	7
77	22
0	15
1	0
0	2
0	253
4	216
0	267
0	37
0	30
9	37
12	47
7	0
58	0
0	1
19	16
0	1
0	3
19	0
0	0
9	0
0	3
5	0
1	3
0	3
387	25
2	6
0	4
0	4
2	0
0	67
0	54
0	33
90	201
0	152
0	114
0	3
3	118
0	4
0	72
0	67
1	65
0	60
0	48
0	49
0	0
0	0
46	2
0	1
2	3
0	3
0	12
0	36
0	45
4	0
0	43
0	5
0	3
0	11
0	3
1	3
0	8
0	0
0	0
0	0
0	0
3	0
21	26
0	2
0	0
0	0
10	0
0	3
0	3
0	0
0	12
0	8
0	10
0	10
0	12
14	8
0	0
19	0
10	5
24	2
0	7
0	4
0	1
0	0
0	1
4	3
1	1
15	1
6	1
0	3
1	8
2	0
48	17
2	15
0	5
0	0
0	4
0	4
0	4
0	4
6	0
3	0
70	192
0	179
5	159
0	91
0	71
22	36
1	0
0	0
8	0
2	0
5	6
213	261
4	261
1	3
0	0
21	0
0	29
67	142
0	76
0	23
548	29
1	69
0	1
5	13
393	2
0	14
53	0
4	45
8	3
1378	54
1	46
0	25
0	0
10	0
0	0
3	0
32	20
0	2
3	2
0	2
0	9
0	8
0	1
4	27
0	1900
0	1900
0	268
0	10
9	3
0	0
29	7
0	2
7	0
1	2
17	19
3	4
0	0
17	0
0	56
0	56
5	17
2	4
2	12
0	7
0	7
0	15
2	15
0	229
0	229
0	0
1	0
91	5
477	114
13	31
0	34
2	0
0	28
0	1
0	21
0	27
381	178
0	178
132	210
2	155
26	0
0	592
0	592
6	0
3	6
1	14
9	1
0	0
0	0
0	0
31	89
0	80
0	79
0	36
0	13
0	1
0	1
0	0
3	0
27	0
0	4
0	2
0	2
0	4
0	4
0	2
8	0
0	3
0	3
0	3
152	117
0	117
78	116
0	0
40	0
7	0
0	2
208	14
0	10
45	1
1	31
14	3
509	302
15	259
0	7
0	57
1	0
5	0
0	0
1	0
77	165
0	6
0	29
1	1
0	146
0	22
111	25
327	160
0	47
0	47
0	30
0	33
0	28
7	37
0	9
4	0
0	1
0	0
0	5
3	5
0	1
0	139
0	1
8	12
22	57
1	139
8	0
514	493
0	493
1	66
0	165
9	0
2	1
0	1
0	266
26	74
32	13
0	0
4	0
0	266
25	6
460	17
3170	0
55	20
66	20
69	23
129	4
0	2
73	4
0	2
2	1
0	1
0	25
0	13
3	37
0	8
0	48
0	0
0	1
20	23
0	8
0	8
4	0
0	23
7	9
57	16
0	3
494	1120
0	1120
0	57
13	22
0	8
10	0
0	5
0	0
35	10
0	5
17	10
0	10
8	14
0	11
13	24
1	24
0	9
0	9
7	0
6	47
313	23
50	70
0	10
50	0
0	7
9	0
0	0
0	12
0	30
7	11
56	51
0	19
590	0
1845	0
18	0
27	74
0	15
0	7
0	20
0	13
7	30
5	22
1	1
0	14
0	3
1	3
0	1
5	1
16	1
83	68
0	178
0	65
0	24
74	65
41	1
0	182
0	23
0	178
0	14
0	12
1	12
26	11
0	11
1	0
188	34
0	34
19	12
2	4
0	13
7	1
44	20
3	2
0	2
200	5
0	0
0	0
3	5
158	22
0	11
0	12
204	5
0	5
0	16
0	39
0	38
0	7
0	22
0	14
0	8
13	38
0	14
0	2
0	1
0	3
0	0
0	2
24	7
9	0
0	0
0	22
0	4
318	690
22	690
15	31
0	3
0	2
18	2
27	67
0	16
2	0
0	0
0	0
0	0
0	11
0	11
0	2
2	62
0	17
0	23
0	6
0	0
306	19
25	8
0	62
1	2
0	2
0	10
0	10
0	2
29	2
0	4
294	42
0	42
0	29
6	28
2	3
0	0
0	41
17	1
19	6
0	4
0	33
13	35
0	35
9	0
0	25
0	25
0	25
0	5
12	10
10	10
0	19
0	5
0	12
0	92
0	29
0	14
0	10
9	16
0	0
31	92
0	2
16	57
0	75
7	89
41	2
5	0
21	31
0	0
1	7
0	6
0	7
276	282
4	282
8	12
8	98
0	12
0	10
0	10
0	9
2	9
16	0
0	0
64	143
17	84
2	85
0	20
2	34
50	4
4	24
0	14
41	136
118	133
0	8
0	255
144	0
0	255
0	57
91	460
0	16
0	9
0	3
0	403
7	126
0	134
0	66
0	65
0	0
0	10
0	107
17	58
0	14
0	14
0	21
0	4
0	3
0	1
0	84
0	291
0	291
134	291
0	280
0	14
0	61
0	84
0	0
0	0
2	1
7	1
0	6
20	6
0	0
20	0
10	0
199	5
0	5
0	4
0	7
42	67
9	5
0	65
0	5
0	5
7	49
24	113
0	58
24	23
41	5
157	77
1	0
0	70
609	80
12	35
13	56
106	290
41	290
37	127
0	39
0	35
0	1
0	0
0	0
18	29
0	39
2939	124
0	116
0	114
0	15
0	15
0	15
0	0
22	2
49	2
0	12
0	13
0	41
0	6
0	1
0	36
0	86
190	349
0	342
0	86
0	86
53	75
0	59
0	68
13	51
9	117
0	117
0	1
4	24
5	5
7	5
15	2
266	308
0	16
13	300
0	0
37	0
0	1
0	1
491	157
112	146
1	18
4	2
0	2
34	83
122	92
2	92
4	57
4	7
1	4
0	0
468	1188
0	1133
0	33
0	870
0	184
0	280
10	460
19	0
1	1
1058	0
8	0
15	4
10	222
70	14
0	376
0	609
0	35
0	28
0	23
0	10
0	201
0	371
1339	676
0	39
0	39
0	7
3	7
1	7
0	6
0	0
0	0
3	0
0	17
0	0
1	0
8	0
0	29
227	2060
0	30
8	0
5	27
1	664
16	3
84	94
0	66
54	133
0	38
20	61
0	133
81	212
0	27
0	3
0	4
0	6
0	46
0	1
7	68
24	0
0	53
0	55
0	0
0	179
0	68
5	0
0	34
2	1
0	14
14	93
63	0
92	0
0	0
39	150
0	150
1	53
0	27
1	0
1	0
0	0
0	0
47	14
0	8
1	10
0	2
0	9
0	2
0	8
0	0
0	0
11	0
10	17
9	46
0	0
90	46
5	547
3	547
0	131
0	44
701	159
11	2
0	2
167	0
2	4
107	31
0	28
0	27
8	3
1	0
0	3
2	58
0	188
0	188
0	77
0	56
18	106
0	23
0	11
0	11
0	11
0	12
1	0
0	3
1	9
0	12
0	3
0	12
8	1
0	0
61	0
0	0
0	1
6	2
61	66
0	66
0	17
0	2
550	0
0	5
0	23
0	19
8	39
98	26
0	5
2	21
5	4
5	0
0	6
0	0
0	0
0	0
0	0
0	6
166	155
0	1
1	0
21	0
315	154
168	1
0	1
0	0
0	8
6	0
1	8
0	0
0	0
1	0
183	185
16	6
91	171
0	1
0	1
0	167
83	179
0	78
0	73
0	0
0	0
0	0
0	24
0	24
0	13
0	13
0	16
14	0
155	190
0	5
0	5
0	0
0	3
0	19
0	9
1	9
4	0
0	2
0	2
4	1
24	5
0	0
0	5
391	426
0	24
0	93
0	10
10	7
0	7
843	92
0	4
0	2
0	2
9	62
0	61
0	30
0	29
0	8
3	118
106	61
0	93
0	16
18	36
0	36
4	0
52	150
21	82
0	122
26	121
35	107
0	0
0	35
3	4
41	4
0	33
0	0
0	0
91	1
0	1
0	1
11	2
17	4
10	48
43	48
0	1
0	1
5	4
84	219
0	27
0	10
0	0
9	201
0	0
0	185
632	99
0	4
0	4
0	0
60	12
0	8
0	0
11	5
0	1
0	12
0	0
0	22
0	22
16	0
0	7
13	23
0	16
0	8
0	17
0	17
2	7
0	0
6	12
0	4
4	0
0	8
167	188
3	3
16	9
0	0
0	0
0	0
2	0
24	9
0	9
111	9
24	9
0	0
0	4
0	0
0	0
0	4
2	0
0	0
32	70
8	0
0	2
25	3
0	67
0	6
12	9
0	9
1	0
0	0
9	0
98	76
6	214
0	17
3	7
29	170
17	19
23	29
44	54
1	52
16	45
289	57
0	57
0	2
52	0
508	67
0	40
0	15
0	21
4	61
0	9
9	15
44	9
22	32
0	4
0	0
0	0
2	1
0	5
2	0
2	0
5	0
108	195
0	14
68	115
0	70
11	92
8	154
176	56
0	52
2	52
0	3
0	1
0	1
0	0
0	0
32	4
0	0
0	0
0	0
0	0
0	3
0	2
0	3
6	11
0	11
0	1
0	1
0	1
0	1
0	1
0	1
5	4
24	245
0	8
0	0
132	252
6	87
1	0
0	18
54	22
3	54
0	54
0	1
0	43
0	0
8	13
20	14
0	11
0	11
60	15
1	12
0	6
0	4
0	0
2	36
75	33
0	36
0	19
143	3
3	0
1	3
5	3
0	1
27	13
78	29
32	256
1	723
0	766
64	387
0	143
3	385
1	3
0	80
0	17
0	40
0	33
5	0
1	10
78	69
0	8
15	9
1	7
62	42
0	1599
0	1563
0	1571
0	1
1	1
7	1
46	567
2	1
1	4
0	1
0	4
6	0
3	0
0	0
0	14
6	14
0	13
0	0
0	13
19	13
182	96
12	219
0	43
0	55
12	51
44	63
2043	134
103	70
0	72
29	7
10	0
26	97
0	33
24	27
6	6
6	0
9	0
0	8
0	8
0	1
0	87
2	68
0	5
0	0
0	0
1	11
0	0
0	49
0	48
2	48
0	66
62	84
5	26
71	11
1	22
0	18
1	22
18	8
0	8
0	22
13	0
0	55
0	55
0	56
0	51
0	1
70	26
1	15
0	0
0	11
0	0
0	0
0	0
1	3
0	3
0	5
7	5
11	7
0	4
0	19
20	19
0	2
182	0
1	0
41	167
0	10
0	3
1	165
0	13
0	11
13	9
0	13
0	4
9	11
0	12
1	12
0	0
0	10
1188	20
23	397
0	397
2	78
14	27
1	3
4	78
0	1
0	1
0	24
11	0
172	0
1	13
7	175
0	170
2	31
0	24
0	30
0	30
4	0
4	24
0	1
0	21
1	1
0	4
0	16
0	16
3	12
0	16
819	0
3	0
0	0
0	15
30	15
2	5
21	10
0	10
0	0
3	0
0	0
1	40
3	56
0	8
0	4
0	24
2	35
15	35
0	0
21	24
0	37
3298	2108
9	1604
1	190
0	1
0	0
13	4
122	541
0	417
0	5
0	505
8	10
63	7
0	199
0	201
0	8
0	0
0	0
6	0
0	4
0	0
44	1
1	1
0	2
0	2
0	1
0	5
324	6
12	1
2	0
0	0
10	0
1	0
2	0
856	74
8	6
0	6
0	6
0	7
8	4
0	4
93	0
87	85
234	77
13	78
0	53
0	52
0	16
0	0
0	0
0	1
5	4
1	4
0	1
2	1
0	1
8	0
41	267
0	13
0	264
0	33
0	23
0	26
0	27
0	2
0	20
0	18
9	8
0	7
91	9
0	6
20	129
0	26
0	7
0	2
0	0
12	0
0	7
0	6
0	0
0	5
12	4
5	13
4	7
0	120
0	120
35	5
8	25
0	25
5	1
0	1
0	0
37	43
47	8
0	7
0	1
0	12
0	0
0	0
0	0
3	23
0	5
0	13
78	26
0	0
0	26
3	5
0	5
426	917
0	705
0	313
28	290
0	262
0	313
1	0
15	26
0	26
0	9
0	5
0	5
0	5
0	4
0	1
0	4
0	4
0	6
0	12
3	11
15	18
7	0
0	111
0	10
0	14
0	38
0	14
0	0
0	22
0	23
0	163
4	51
45	3
0	3
85	167
4	160
0	7
316	175
17	6
0	0
13	175
10	0
6	1
0	170
113	168
3	170
96	1
0	1642
430	1968
0	210
0	418
0	88
0	357
231	107
21	1
0	0
0	0
118	16
15	2
29	0
0	0
6	1
5	5
0	5
0	5
104	0
17	866
0	620
1086	813
5	0
42	39
0	580
3	0
0	601
3	703
0	672
224	395
4	590
38	0
5	60
247	60
0	21
11	7
6	0
0	0
0	0
2	0
0	467
0	341
1	0
1	1
0	29
63	18
0	3
270	63
103	72
0	15
0	46
17	3
0	94
2	8
0	8
0	8
37	4
0	0
0	6
2	10
0	10
0	0
3	4
166	10
0	20
0	20
0	18
0	16
0	11
0	247
26	166
3	239
10	38
2	21
0	16
1	1
0	0
3	41
3	37
0	7
6	7
0	0
74	0
0	0
185	33
0	7
5	26
0	24
0	17
17	28
0	19
11	23
14	12
0	23
0	0
0	0
0	0
0	0
2	4
0	0
2	1
0	1
0	0
84	3
0	1
0	1
7	127
0	4
4	0
0	92
11	0
0	0
0	0
53	0
0	0
80	6
43	356
0	3
1	0
42	0
0	0
0	353
6	2
0	2
1	5
0	7
0	7
1	39
0	5
0	32
33	0
0	49
0	17
3	49
0	15
0	6
0	5
1	6
3	0
0	0
19	107
9	107
9	84
0	6
0	2
0	7
0	7
0	0
0	0
2	139
0	11
0	17
0	11
0	17
0	10
122	71
0	35
37	143
2	36
93	36
122	10
622	752
0	10
0	200
0	3
9	727
51	727
0	352
18	23
25	3
8	0
0	0
0	0
0	0
11	33
15	0
0	14
7	38
0	36
5	20
147	44
0	7
125	274
42	60
0	99
0	0
0	199
0	34
4	34
1	0
0	0
0	24
0	24
0	5
12	8
13	8
120	264
0	5
41	265
5	21
24	1
5	67
0	44
7	9
0	9
0	117
33	117
0	13
0	0
1	188
4	4
5	0
1	0
0	0
2	0
0	4
0	4
11	72
33	85
0	78
0	65
2	52
0	15
0	15
0	13
0	0
0	0
18	1
0	0
6	0
0	0
0	0
0	1
61	22
0	13
0	9
0	0
87	5
121	72
0	73
6	58
0	0
0	1
0	1
17	6
0	4
3	1
1	0
8	0
0	3
0	3
0	3
29	7
0	1
0	4
0	2
15	153
0	35
0	29
0	131
1	29
0	154
0	5
2	0
0	47
0	48
0	18
0	42
0	18
0	5
0	51
0	8
21	91
0	82
20	99
0	32
0	3
0	9
0	0
4	0
100	19
33	19
7	3
0	3
0	0
24	30
5	16
1	16
2	1
64	14
0	14
0	1
0	1
50	111
29	111
1	9
2	94
0	94
2	16
2	0
604	31
48	23
0	53
0	53
0	0
223	230
39	225
55	10
0	4
0	4
0	0
0	0
0	26
0	26
0	11
7	1
1	1
0	1
0	1
0	2
0	2
0	1
216	0
27	11
0	3
0	6
14	0
24	45
0	38
6	24
0	7
0	7
0	25
0	10
2	15
1	15
11	0
1	34
0	34
0	34
0	6
11	2
0	2
0	85
1	0
59	28
63	28
66	133
0	133
0	71
810	11
1	76
0	51
4	20
0	46
8	50
272	72
13	49
0	0
0	0
38	389
0	69
14	0
131	93
0	141
8	379
0	1
34	540
0	17
0	2
0	334
0	6
0	531
0	3
0	10
0	10
1	0
68	368
59	363
1	5
160	3
0	0
1	0
233	41
8	22
0	0
0	12
5	0
4	0
0	31
22	9
0	6
3	4
0	19
1	4
5	5
0	19
20	20
0	0
0	20
284	66
1	68
0	8
0	104
146	129
210	524
8	0
0	45
0	25
210	0
0	96
39	13
0	129
4	25
385	844
8	825
0	634
11	644
0	205
0	185
15	185
0	123
0	1
0	7
0	0
0	12
5	0
0	6
225	6
0	2
0	0
9	4
21	4
1	0
336	406
0	130
33	297
169	132
9	6
5	103
8	91
9	131
19	75
0	86
0	106
0	94
0	150
0	32
0	11
0	32
58	76
6	9
5	4
0	2
0	0
23	23
2	0
0	27
0	27
0	25
3	13
0	13
0	1
85	11
184	106
0	11
0	0
0	3
13	3
0	3
0	26
0	26
0	14
0	1
6	6
0	0
2	38
0	38
21	112
58	116
3	78
20	0
0	1
9	1
3	2
17	7
176	737
0	598
3	736
0	0
8	9
9	9
1	0
6	0
17	0
5	0
0	0
0	15
1	15
0	0
0	0
0	0
0	0
0	0
0	0
0	0
0	0
0	0
0	0
0	0
1	0
0	0
0	0
0	15
0	15
1	0
0	0
40	32
0	32
0	88
13	88
16	0
0	0
757	0
3	66
0	6
10	145
5	82
0	71
0	41
12	5
0	5
31	0
30	0
36	32
0	166
5	166
50	26
342	26
0	44
1	44
24	20
36	0
25	26
101	103
8	0
77	3
0	31
0	31
5	0
64	0
3	0
0	0
2	18
0	18
6	0
0	5
0	5
15	0
0	2
0	2
1	2
0	0
0	0
0	9
14	12
16	12
10	10
2	10
0	10
0	2
0	1
2	3645
0	3641
3	3645
11	20
0	12
7	4
0	4
39	0
10	55
152	55
6	18
1	1
10	441
260	450
4	20
245	0
163	221
6	316
0	95
8	1
81	0
6	1
0	42
1	0
0	271
3	1
9	66
0	66
2	0
1	0
0	0
0	48
13	32
0	48
0	25
295	0
4	0
96	3
66	182
0	39
18	0
0	191
5	30
20	7
1	0
12	17
0	16
0	8
0	2
0	8
16	82
103	83
136	24
0	24
0	5
0	0
0	0
0	0
71	202
21	225
0	197
0	32
0	32
0	21
0	2
45	8
0	9
0	15
0	7
31	26
20	59
0	0
10	0
1	32
0	32
15	2
64	57
0	76
0	21
0	0
689	1589
0	1404
0	1404
20	1213
25	1
41	1360
24	1581
96	1586
0	7
0	7
0	7
0	7
0	7
0	7
0	7
0	7
0	1
0	7
0	7
0	14
0	13
12	0
37	68
51	55
44	55
0	1
146	1062
28	1055
6	54
1	45
7	26
4	0
316	658
0	453
114	45
0	364
18	83
1	83
8	83
0	29
2	0
0	8
3	0
198	14
0	13
535	7
1	8
0	8
0	0
5	1
4	1
16	1
4	2
254	516
0	494
0	22
0	146
6	0
0	9
0	1
20	125
0	149
0	33
17	90
17	45
0	0
5	46
0	0
23	4
0	7
0	45
3	30
0	0
0	45
0	32
0	0
0	8
31	2
7	2
0	2
27	1
0	1
0	2
0	2
15	8
0	31
101	31
0	2
0	0
0	6
0	0
0	9
2	9
21	10
1	9
0	0
26	1
6	1996
42	1996
0	2143
82	2031
0	60
5	0
37	5
0	5
0	20
4	164
16	168
26	27
10	22
0	2
24	16
0	15
0	2
0	0
19	0
0	0
14	27
0	17
0	4
0	10
0	24
0	52
0	54
81	53
0	0
0	5
0	0
0	0
0	0
0	0
0	0
0	0
117	50
0	5
109	0
280	88
0	0
0	88
55	130
0	100
0	44
0	35
0	0
6	36
7	0
0	39
0	33
0	34
0	19
4	1
0	0
5	4
0	39
0	4
55	14
36	10
1	0
0	127
32	21
7	21
0	127
0	0
1	0
0	16
0	34
72	239
0	4
6	0
0	235
16	2
0	2
0	4
0	4
205	30
0	0
0	30
0	0
66	313
1	270
0	238
21	313
70	1
208	8
17	5
0	0
18	5
0	0
0	5
0	0
0	3
1	2
0	3
225	56
17	56
10	43
0	37
0	37
0	37
1	0
0	0
4	0
34	270
0	261
0	24
33	0
9	0
9	4
1	5
0	1
20	1
0	1
0	2
0	1
0	10
0	10
0	11
22	8
0	8
0	0
65	6
0	0
7	2
0	4
0	3
0	1
0	3
0	290
0	290
0	287
0	1
7	0
0	2
0	2
3	0
0	13
0	18
17	18
0	10
13	38
0	5
0	10
0	38
0	6
0	0
6	6
0	0
27	486
31	486
3	9
1	1
7	475
74	0
0	7
0	1
3	11
0	11
0	8
10	10
0	10
6	0
244	158
0	3
0	156
49	54
0	12
2	54
4	3
0	28
0	1
0	1
2	18
51	5
0	5
14	0
103	5
4	0
0	5
3	47
0	0
0	2
0	2
0	2
17	2
0	13
0	47
0	2
0	2
90	294
27	355
0	238
47	175
0	0
12	0
150	3
0	1
24	17
3	17
0	17
0	0
0	2
0	0
0	0
0	0
106	156
72	165
0	0
0	7
0	23
0	19
0	27
3	29
64	322
0	25
0	318
1	0
0	1
27	293
74	274
89	42
0	4
0	42
11	0
1467	171
4	155
0	57
1	0
10	13
0	18
1	0
398	55
81	5
0	2
0	55
0	43
0	55
0	8
4	8
1	8
4	9
18	0
0	0
0	2
0	9
0	0
62	9
11	6
15	6
10	6
5	0
0	0
0	4
0	3
7	2
0	1
0	0
22	0
0	0
0	61
0	16
0	4
1	3
12	0
16	19
0	15
0	0
0	0
0	46
83	27
0	50
194	25
150	47
0	43
2	99
0	99
0	15
58	99
89	90
0	67
8	10
0	10
6	0
0	17
0	16
0	1
1	6
0	4
0	0
0	0
0	80
1	1
22	1
0	12
0	0
0	1
13	3
4	4
0	0
6	2
11	25
12	1
6	0
0	80
506	2
0	0
0	2
16	1
0	12
0	12
0	12
0	12
0	7
0	7
0	7
0	7
0	12
0	12
0	7
0	7
0	5
65	5
0	5
0	5
0	3
0	3
11	3
0	0
0	3
0	3
15	3
1	0
8	0
0	0
2	0
8	0
0	685
0	661
0	225
0	137
0	44
21	420
7	420
1070	691
0	685
8	285
124	7
0	48
0	7
70	29
0	29
0	0
0	2
2	0
35	152
0	11
0	0
0	10
34	140
3	0
0	0
0	9
0	0
0	9
0	23
0	1
0	1
0	0
0	1
0	1
0	1
0	22
29	2
6	1
1	0
6	1
0	5
0	5
0	5
0	0
0	11
46	15
0	14
239	19
0	0
1	0
74	24
74	24
0	58
0	39
0	19
181	39
5	5
0	54
1	218
77	243
1	0
133	555
0	78
0	1
0	62
0	45
5	0
49	58
34	10
0	544
2	0
1	12
0	11
0	12
0	0
14	30
0	27
5	20
5	4
0	4
0	2
0	2
0	1
0	1
8	2
0	89
76	92
0	3
4	0
20	0
6	13
0	13
92	73
37	156
0	132
0	12
0	28
0	28
0	31
0	7
0	0
0	3
0	6
0	3
0	6
0	3
0	3
376	40
14	36
2	14
20	0
0	4
3	175
134	317
294	259
31	107
0	100
384	55
0	2
0	2
0	0
0	2
0	0
86	22
2	7
0	9
3	1
1	1
0	0
0	0
0	0
59	247
0	246
0	7
0	14
18	20
0	10
0	1
0	0
0	0
0	474
12	526
54	526
24	0
0	115
0	0
0	99
7	0
9	0
0	13
0	2
0	15
21	5
13	10
2	1
0	0
0	0
0	1
0	4
0	2347
0	2339
44	2310
0	2204
80	99
0	97
0	79
0	118
0	122
0	95
65	27
0	83
0	19
0	3
5	3
0	0
0	1
0	1
30	67
44	20
0	121
0	39
0	39
0	10
1	0
42	17
0	10
0	10
0	1
0	1
23	0
16	1
3	7
0	2
0	3
2	30
0	14
0	20
0	17
0	13
0	14
39	16
74	101
23	101
0	91
0	0
0	0
98	15
0	11
0	11
0	11
0	11
0	8
0	4
0	0
1	5
0	8
4	1
1	1
0	2
0	2
0	0
6	5
0	23
0	15
13	38
5	0
48	41
0	21
0	15
0	9
0	8
4	28
0	0
1	28
0	28
0	28
3	0
0	0
807	161
22	19
0	0
0	0
0	26
0	15
0	7
86	0
1	0
0	0
0	0
0	6
4	17
10	1
10	12
608	183
0	182
0	70
0	4
5	3
227	1769
0	2035
0	1563
0	1435
0	1435
0	831
0	342
327	7
12	15
0	13
0	322
26	0
0	61
0	23
0	0
3	40
0	0
46	34
0	6
1	1
8	1
0	1
11	28
23	11
0	7
1	0
0	17
0	11
0	1
0	1
0	1
0	0
0	0
0	0
0	5
0	5
15	0
0	0
0	0
219	11
0	11
0	9
16	2
0	13
0	10
1	4
7	15
6	2
2	46
0	0
0	4
0	5
0	7
0	1
0	41
1	41
0	3
4	9
4	9
0	8
0	8
0	2
0	2
0	3
0	0
0	3
0	2
0	3
0	3
0	9
0	2
42	12
1	12
6	0
0	0
16	2
0	2
15	70
123	9
24	19
2	8
0	39
10	32
0	20
19	16
0	8
528	0
0	5
38	60
308	149
0	13
10	78
39	1
0	89
0	19
0	2
0	24
10	2
73	17
9	77
4	7
0	7
0	6
0	6
0	6
0	6
32	11
0	5
30	5
0	5
1	0
0	26
0	26
0	0
0	5
16	24
4	24
0	2
87	12
394	12
0	3
3	3
0	0
1	2
0	2
72	290
4	290
0	142
0	91
0	19
0	22
0	3
4	11
0	33
0	32
0	11
0	21
16	1
0	0
166	0
0	0
14	5
39	30
0	14
0	5
0	4
10	4
7	0
0	10
0	10
1	1
0	1
0	0
5	12
0	11
0	1
10	1
656	396
0	396
1	165
20	50
58	45
0	44
2	19
17	10
18	0
0	41
0	42
0	4
0	1
3	1
0	2
0	35
0	35
0	0
0	7
0	34
0	3
0	26
197	26
0	0
0	1
0	5
0	5
0	0
4	197
0	200
0	200
0	203
0	81
1	0
0	3
15	7
0	7
19	0
0	1
0	1
0	38
0	24
191	157
0	67
8	0
0	124
0	9
0	128
0	21
300	56
10	3
0	3
0	5
34	5
0	0
32	0
1	0
123	170
0	50
0	170
18	47
0	13
35	9
13	0
0	1
4	11
89	27
0	27
30	7
19	7
14	15
0	14
0	39
0	27
0	0
0	0
4	22
0	2
0	0
0	0
0	0
2	4
10	15
0	39
2	0
17	8
8	8
0	3
2	3
0	3
128	402
1315	2128
0	1302
0	1
1	16
0	9
3	0
1	0
4	0
189	9
0	9
0	0
20	7
1	1
0	6
0	6
22	0
0	66
80	66
4	24
1	0
0	2
1	2
0	2
6	2
87	1
0	1
3	1
23	12
0	30
0	0
1	2
0	2
634	124
0	148
0	148
0	30
3	29
0	29
0	0
0	0
0	148
0	17
0	1
100	0
0	0
0	1
549	0
20	0
0	11
0	11
0	2
0	2
318	2133
0	5
0	41
100	41
24	7
0	2
14	0
4	3
0	41
0	41
136	19
3	16
0	19
15	12
1	3
0	12
0	6
0	6
0	6
0	3
0	3
0	0
34	38
1	2
17	2
0	2
0	0
0	0
0	0
0	2
21	6
3	1
0	7
0	5
0	6
0	6
9	0
0	0
230	0
11	9
0	9
286	7
10	7
0	0
12	0
0	9
1	0
5	0
0	0
0	2
0	63
0	63
7	41
8	84
36	74
0	1
8	0
10	7
0	7
50	32
11	0
23	16
0	3
3	0
136	9
0	6
6	8
0	8
0	0
1	2
0	7
34	28
0	2
0	110
2	2
0	2
0	2
0	0
0	1
0	0
1	0
250	0
371	94
0	6
0	1
8	0
0	7
0	7
0	7
0	7
3	7
81	82
0	82
1	0
0	0
16	4
0	3
37	1
2	17
0	17
0	11
119	283
11	264
0	188
72	131
2	128
0	81
0	79
44	51
0	0
0	0
39	17
0	17
0	5
0	5
175	33
10	19
0	21
0	14
0	14
5	14
251	453
12	534
0	37
1	5
6	1
225	2032
0	2031
24	4
0	4
75	29
7	23
1	6
0	6
5	42
0	0
5	48
0	0
18	5
0	30
0	73
0	73
0	73
10	1
0	0
67	6
3	0
0	0
0	0
0	6
1	0
0	6
22	0
31	322
12	322
2	238
3	118
0	31
0	0
0	37
0	225
0	37
30	7
0	33
0	223
0	3
0	139
6	9
0	9
0	9
0	0
0	97
0	6
0	1
0	1
90	0
0	97
22	49
0	30
0	16
83	0
0	49
0	11
0	11
15	36
0	36
0	36
0	11
0	11
3	14
0	14
0	6
0	8
0	8
123	974
0	965
0	39
0	0
23	0
9	9
13	9
2	0
556	0
4	7
0	3
0	47
0	50
0	48
0	47
0	48
0	47
0	169
0	169
0	113
3	86
0	0
0	0
55	39
0	2
0	2
0	0
0	0
0	8
6	2
1	1
2	63
0	29
11	25
2	28
0	6
0	10
0	63
0	29
0	74
11	3
0	19
0	19
8	1
0	11
16	11
0	68
0	68
12	84
28	0
182	288
13	364
2	33
0	315
0	88
0	6
0	264
16	0
2	23
49	100
0	27
0	52
0	125
13	1
5	14
16	1
1	1
0	3
0	1
0	1
0	114
190	316
102	103
2	32
0	32
0	0
0	76
4	1
0	1
268	81
1	23
0	33
0	143
0	143
0	2
0	144
0	30
19	5
77	5
5	0
0	0
28	6
58	13
0	13
2	8
47	23
79	26
0	0
0	0
0	7
55	7
15	19
0	0
0	0
32	0
4	0
16	0
0	0
17	0
102	0
47	0
0	1
0	1
0	43
0	43
0	3
232	11
3	11
1	35
6	46
0	3
0	0
0	0
29	0
0	30
0	36
33	36
14	5
0	5
0	5
0	1
0	3
0	10
0	69
2	68
0	10
2	1
69	18
39	9
0	4
498	35
8	35
169	32
0	22
0	0
0	0
0	345
88	345
0	90
2	14
0	0
75	149
0	183
0	2
0	2
111	57
0	76
5	80
30	0
0	19
5	46
0	2
10	19
0	0
60	19
13	0
66	147
4	147
1	3
0	0
0	0
1119	1
51	1
1	31
0	54
8	34
0	26
4	1
0	14
0	24
91	0
8	11
0	11
0	0
18	0
0	0
0	0
0	0
0	0
0	0
26	288
3	91
0	17
21	0
80	2
0	2
4	2
0	0
0	0
0	3
0	0
3	4
0	1
523	145
19	22
0	12
31	8
0	10
0	0
5	1
0	238
0	238
24	13
8	0
1	13
328	130
27	39
1	39
0	127
0	4
0	1
0	1
1	0
0	0
0	101
20	553
0	553
1118	563
25	247
0	247
0	247
5	8
8	19
0	9
0	5
10	23
1	17
0	1
0	19
0	18
1	3
0	6
0	1
294	179
0	178
0	207
0	5
120	207
0	2
0	0
0	3
39	35
50	62
0	0
19	138
0	108
1	79
0	150
1	59
2	69
0	4
0	4
14	50
0	5
0	72
0	19
0	0
0	0
0	1
13	5
0	5
0	1
0	1
6	0
0	3
2	3
26	36
0	29
671	80
26	71
0	0
0	0
4	4
0	1
0	1
17	0
0	0
0	36
361	156
2	156
0	12
6	2
355	99
108	69
0	60
90	75
1	381
0	398
1	236
197	63
0	4
6	8
2	1
3	0
15	11
0	0
0	2
28	124
0	84
220	46
0	84
14	123
0	19
0	53
0	1
1	77
2	76
68	271
0	287
98	299
0	280
0	116
0	23
0	19
5	178
0	0
29	0
83	7
0	0
0	0
0	0
0	1
0	1
0	1
0	0
3	2
0	2
0	214
0	383
30	376
0	4
21	4
12	25
0	25
0	0
157	25
0	22
5	1
0	1
0	2
0	2
0	2
0	0
0	0
95	142
0	5
28	4
0	13
4	133
0	9
0	9
38	9
0	9
0	0
1	76
0	35
23	2
1	76
0	0
0	32
5	76
0	1
16	10
10	0
1	15
10	0
0	429
0	0
15	67
0	107
0	47
60	50
0	106
0	103
0	6
3	23
141	122
3	0
0	7
29	225
0	157
0	0
2	1
22	20
41	20
0	25
25	100
0	3
0	94
0	28
0	94
1	27
6	4
7	2
0	0
0	94
40	98
17	0
2	12
0	12
0	0
0	0
0	886
0	875
0	71
0	20
21	9
0	6
0	0
2	0
201	83
66	83
3	27
10	19
7	2
0	0
1	1
0	1
4	1
0	4
5	75
0	8
0	0
1	1
0	31
17	17
0	1
9	21
52	10
0	4
0	46
4	19
10	192
0	19
0	19
214	183
21	19
0	11
0	18
0	79
0	12
0	0
0	9
0	9
0	4
442	262
0	16
0	257
19	2
67	33
0	10
0	10
627	27
17	27
0	0
7	429
66	1
1	0
0	427
0	430
0	430
0	428
0	429
7	92
0	92
0	46
0	16
6	19
29	7
0	42
2	16
109	33
56	0
22	6
0	6
0	4
0	0
0	0
197	0
0	23
0	18
0	0
0	0
2	12
0	23
316	145
0	145
224	192
33	6
0	6
14	4
0	1
1	13
0	53
4	192
28	57
0	7
11	0
1	0
15	26
0	26
10	0
1	1
0	0
0	1
0	5
0	5
0	1
12	6
0	1
29	9
0	9
15	14
0	3
0	3
0	9
0	17
0	16
0	10
9	10
0	10
1	9
6	0
0	8
12	8
0	11
4	264
0	209
0	0
0	35
10	275
33	224
161	714
801	714
17	2
18	488
6	0
8	0
1	0
14	0
107	37
2	41
0	6
0	16
6	1
0	0
9	0
0	10
2	10
0	16
7	24
0	24
263	54
0	54
0	0
0	14
48	20
0	4
0	9
0	20
1	4
1348	258
7	251
4	31
0	3
0	27
2	47
5	11
0	0
0	0
0	0
4	2
0	0
0	0
6	2
0	2
22	18
0	1
0	0
0	0
28	0
97	89
6	30
0	89
77	149
6	149
131	108
0	18
6	79
5	0
0	0
0	0
371	0
9	0
0	13
0	13
0	13
0	55
4	55
0	1
0	1
4	1
0	1
6	2
4	2
7	15
0	34
5	82
19	8
1	0
0	82
76	260
0	241
0	253
0	40
0	0
0	0
3	58
0	44
0	41
0	42
150	66
0	0
2	0
9	98
5	71
0	71
37	0
0	10
0	3
0	0
0	4
1	2
10	2
0	2
20	0
12	0
12	26
13	14
68	0
1	2
0	29
0	29
0	0
3	70
0	17
15	22
0	1
0	1
0	0
20	0
0	3
2	3
38	13
30	15
0	0
0	13
0	3
4	0
1	0
1454	59
0	46
3	35
0	1
5	0
22	60
0	0
0	2
19	2
0	1
138	1
14	0
0	4
4	530
0	71
0	531
64	12
0	12
0	11
0	0
0	0
163	0
0	0
2	0
12	19
0	13
7	7
10	61
0	41
13	9
55	566
0	6
0	6
0	8
2	0
21	0
0	59
0	59
0	1
0	15
56	210
0	55
0	182
0	0
3	0
0	199
0	114
60	5
1	10
0	10
0	3
22	0
0	3
0	0
0	0
1640	6
341	6
325	15
1	34
0	34
0	18
7	5
0	6
7	0
199	333
0	426
0	426
5	32
0	7
0	7
160	0
21	0
409	1
0	0
0	4
1	4
6	0
375	618
0	558
0	18
73	83
9	0
0	0
0	7
0	7
9	9
17	2
0	4
33	16
1	1
11	2
0	2
0	0
2	0
192	2
4	2
0	2
0	0
3	4
1	0
13	87
0	56
0	52
0	0
138	0
27	5
15	0
0	0
40	36
0	79
0	4
0	3
1	1
0	2
0	10
0	10
7	595
0	12
0	12
0	18
0	18
307	586
0	3
0	0
0	0
0	0
0	0
0	0
7	0
0	0
0	0
0	18
94	2
12	1
0	0
4	0
0	0
0	0
3	0
0	0
4	1
27	78
1	4
0	2
0	4
0	2
19	27
29	8
0	8
66	56
0	0
0	56
0	9
0	43
0	31
0	16
13	46
0	46
0	23
226	212
279	220
0	12
0	2
0	5
374	78
0	4
0	62
41	0
0	3
0	0
0	164
108	0
0	77
129	164
96	0
0	0
6	0
0	13
181	0
7	24
57	35
10	8
0	8
3	11
0	11
0	10
46	10
0	1
592	40
0	8
12	5
0	41
0	2
286	49
0	9
1	1
0	1
0	23
20	0
0	4
3	4
56	603
0	347
0	519
0	448
75	18
8	5
23	5
0	1
0	3
77	15
0	15
0	15
22	0
850	288
0	35
0	107
0	10
19	193
0	3
0	0
10	18
211	30
0	16
0	11
1085	487
0	458
0	485
3	25
0	478
658	308
0	318
0	318
0	50
4	23
0	0
0	0
4	4
0	27
84	4
6	4
0	1
38	23
35	2
111	248
0	248
1	181
15	0
0	15
0	15
0	15
0	0
0	0
0	0
70	141
1	141
13	135
0	83
35	77
34	32
2	30
0	18
0	0
0	0
0	1
1	0
0	1
0	1
4	9
20	9
8	7
6	4
0	1
0	1
1	0
47	112
0	112
0	49
0	14
0	0
12	20
6	0
2	35
0	1
0	30
4	1
0	52
0	32
0	11
0	191
0	191
11	62
1	0
0	9
3	9
0	9
10	30
0	12
0	21
14	10
1	0
0	3
0	13
0	86
0	86
0	86
52	77
948	31
0	8
0	3
0	0
0	0
61	5
14	0
20	4
6	0
0	0
610	0
3	30
177	93
29	1
1	93
0	6
26	0
0	1
6	0
0	0
0	0
3	0
57	45
162	10
0	39
0	32
0	828
0	62
253	840
5	2
0	10
0	10
3024	0
458	105
0	105
0	23
0	58
17	11
67	1
0	5
0	105
0	56
4	56
899	317
0	312
7	0
2	1
0	1
22	1
7	0
0	0
5	0
548	613
0	611
18	2
0	8
2	7
20	7
0	2
0	0
197	993
0	11
0	728
0	728
4	89
67	220
19	89
0	92
29	63
3	12
0	1
0	14
37	1
10	65
0	65
33	100
113	97
36	299
0	298
146	75
71	31
53	1
9	8
0	8
4	129
10	13
5	128
12	9
170	72
0	105
0	4
0	6
47	71
106	45
237	5
0	0
0	0
0	1
0	1
0	68
0	0
3	0
0	37
0	81
0	81
2	46
0	0
8	44
0	42
11	0
0	41
0	42
0	42
0	53
19	10
0	10
70	953
5	953
45	2
0	141
0	0
79	0
8	92
52	179
0	167
0	170
18	90
0	75
8	21
0	11
4	0
0	0
0	0
0	20
40	20
0	12
21	1
76	119
59	91
0	62
3	16
7	28
25	28
52	12
0	12
22	1
39	17
76	157
75	74
18	157
27	1
12	12
45	11
8	6
0	6
0	4
0	4
2	1
0	3
2	0
0	1
0	1
6	0
104	0
1	0
10	0
672	1207
25	188
0	1019
0	0
1240	55
9	55
504	165
0	111
44	1
1	0
4	0
0	1
2	0
68	3
0	3
0	4
0	4
0	0
0	0
0	0
0	0
0	0
0	0
0	0
0	0
0	1
1	1
0	1
0	71
0	90
0	53
1	11
0	13
0	7
102	47
9	11
0	7
16	8
0	105
24	2
0	1
0	13
0	13
0	1
0	23
0	0
0	21
187	51
9	51
0	2
7	2
0	2
0	2
0	17
4	17
0	1
0	0
0	0
0	0
0	2
0	0
0	0
12	0
0	2
71	3
9	3
0	4
0	0
0	0
0	4
0	4
0	1
0	0
0	8
0	0
0	0
0	1
0	1
4	7
10	0
0	5
0	1
0	5
0	0
210	6
11	0
3	6
1	0
0	0
5	6
0	0
0	0
8	0
0	15
0	6
44	12
0	1
0	3
0	2
2	3
33	10
0	6
14	2
10	2
238	138
3	17
38	0
0	49
20	0
56	0
0	6
58	8
5	120
0	4
29	0
16	3
79	12
2	1
8	74
68	76
5	0
0	271
4	100
64	282
0	112
172	25
3	25
3	5
1113	88
0	97
0	9
0	5
3	0
0	1123
0	1123
34	829
1	15
0	18
0	18
0	18
0	1100
0	1100
0	0
0	3
0	1085
26	9
0	1091
165	1621
0	1621
0	791
40	3
7	396
78	2
0	0
23	13
0	30
0	14
0	4
0	6
16	17
0	82
0	78
0	76
0	83
0	2
0	8
0	0
0	39
3	0
0	0
3	17
8	45
205	114
0	0
0	53
13	8
5	114
0	0
0	4
4	0
70	6
5	1
0	5
29	12
0	11
0	11
2	2
0	2
13	133
0	27
116	133
0	40
0	40
0	4
0	29
0	29
0	10
6	245
0	241
0	0
0	2
0	100
45	236
0	12
0	245
174	12
0	7
50	20
136	248
0	142
0	237
19	49
0	28
13	43
0	229
0	383
10	410
0	3
0	3
0	30
0	11
0	90
0	90
0	90
0	90
0	89
0	89
0	4
0	1
72	78
62	46
0	6
0	6
56	89
23	11
2521	27
0	4
0	1
0	62
10	4
0	62
0	3
0	3
0	2
0	2
0	3
0	3
54	21
0	21
0	18
0	1
0	1
0	0
3	0
0	2
0	1
8	0
185	96
221	330
0	349
0	349
0	142
9	129
0	1
0	6
0	5
4	0
0	0
0	0
65	0
53	72
103	531
14	167
0	29
0	486
0	487
3	8
0	8
0	4
0	4
1	0
0	28
0	28
0	28
0	5
0	17
0	0
13	4
2	1
338	1
0	1
0	0
47	0
0	0
0	1
0	7
1	7
0	7
4	1
13	1
0	121
14	121
0	11
210	42
0	29
0	21
0	1
0	0
0	0
4	0
0	1
40	531
17	44
0	310
0	531
2	6
8	472
0	0
8	0
23	470
156	14
83	16
6	0
0	0
0	0
3	0
0	15
0	15
0	9
0	10
0	10
5	0
16	1
0	1
108	0
0	31
11	31
43	7
199	10
0	10
30	181
0	140
0	9
0	131
6	0
0	0
0	3
0	3
0	2
7	0
5	0
4	9
2	9
23	0
15	60
0	50
0	28
2	5
0	2
65	5
0	0
7	5
3	0
0	0
2	0
13	1
3	0
392	60
3	17
0	5
0	60
12	0
0	0
0	0
1	9
0	9
0	3
31	5
100	6
0	3
1	0
0	3
42	0
2	0
0	0
17	104
0	104
14	2
1	8
1	0
0	26
0	26
0	12
3	0
1	64
0	41
0	75
62	447
2	213
0	26
51	16
0	0
2	287
0	14
439	14
0	0
0	40
0	0
0	40
660	104
3	16
0	16
0	16
5	14
0	54
9	5
0	1
0	1
27	10
1	0
25	0
0	67
0	67
0	27
0	27
0	34
0	34
0	34
0	34
0	124
1	5
11	0
29	0
0	0
7	0
0	4
15	124
0	70
1	40
0	70
0	70
0	70
3	0
696	132
168	135
0	13
18	76
385	72
0	26
0	111
0	55
0	21
0	7
4	4
0	0
24	22
0	1
5	21
235	694
1	690
7	1
1	0
0	1
0	0
153	292
0	12
4	0
26	135
0	0
0	26
11	6
1	26
7	13
63	9
6	0
9	19
0	5
109	1021
964	874
0	7
18	32
1	35
0	607
13	0
0	35
0	4
0	4
0	2
0	0
0	19
0	0
0	19
13	51
45	51
28	0
25	37
0	37
0	7
10	5
0	0
47	174
65	286
0	166
0	2
0	0
1	2
0	0
0	0
135	192
1	28
0	0
0	0
7	163
14	164
0	69
0	1
1	1
4	0
34	0
0	358
0	358
9	107
0	107
10	107
4	0
5	0
730	6
6	0
0	4
0	6
2	2
77	21
11	20
22	21
0	9
0	5
0	1
149	28
0	8
0	0
0	8
0	0
0	23
0	0
1	0
0	6
0	3
0	1
0	3
0	2
0	2
42	4
0	33
0	11
0	11
0	5
841	1
2	0
85	0
0	0
0	1
0	1
144	1
8	11
395	11
0	3
0	70
13	70
0	1
8	2
0	2
238	36
8	1
0	0
1	0
0	2
0	0
0	35
1	179
0	179
25	3
3	2
6	2
0	146
133	266
12	266
11	266
9	266
15	44
0	20
0	0
10	10
0	10
0	8
0	1
0	78
0	78
0	8
0	140
0	46
0	10
25	0
1	3
0	5
0	6
0	0
0	4
1	5
172	14
0	8
34	9
0	1
0	15
0	1095
0	13
0	10
64	1080
2	0
6	1
0	1
0	1
0	0
1	0
0	1
3	1
0	1
0	0
4	0
0	2
0	2
3	0
2	0
1	2
0	0
0	0
0	0
15	0
45	12
0	1
75	87
0	86
24	1
0	0
0	53
0	1
6	0
6	0
0	1
0	33
22	36
4	18
0	13
0	11
2	2
0	0
2	0
2	2
0	2
0	0
0	0
0	0
36	0
35	114
0	106
0	106
0	99
0	80
7	21
0	7
0	7
0	3
0	21
0	6
0	6
0	0
0	1
2	6
0	6
74	47
0	47
1	9
0	9
0	0
2	3
0	15
18	21
43	30
69	29
6	20
251	19
2	0
0	0
23	1
170	23
0	6
0	7
0	0
0	0
12	17
0	16
20	57
0	7
0	0
1	0
15	55
0	29
46	3
0	0
0	0
157	0
447	103
0	103
1	3
5	1
19	1
0	103
5	8
15	33
0	33
5	10
192	80
0	76
0	25
0	86
24	47
0	25
10	10
0	1
106	3
141	15
1	9
254	9
348	13
2	5
1	10
0	10
0	73
2	45
0	73
0	9
5	10
3	10
1	166
0	2
0	309
46	321
4	123
0	2
1	68
146	19
0	19
12	0
26	23
6	1
1	0
0	0
0	7
0	7
0	4
0	3
214	256
130	9
61	296
0	51
0	1
0	49
222	339
0	63
0	65
1716	1186
0	1349
0	1163
0	13
46	26
3	241
1	2
18	36
1	1
9	0
12	9
0	8
1	0
0	0
0	2
0	2
0	4
68	3
29	39
0	1
0	4
0	4
3	283
408	754
0	265
0	484
4	4
3	15
0	15
17	0
72	59
0	78
8	78
11	0
0	0
0	1
0	1
150	0
0	8
0	5
0	5
0	5
107	11
7	3
4	0
40	0
0	67
0	67
0	67
0	67
0	67
0	67
0	67
0	67
0	67
0	28
0	83
0	83
0	87
0	20
33	8
15	42
57	35
3	12
0	12
0	12
7	2
0	12
0	6
0	9
0	4
1	18
5	0
0	4
0	10
9	71
162	72
114	64
0	60
0	58
0	11
0	11
10	16
0	1
30	101
1	114
0	73
3	0
7	57
59	55
0	14
0	12
0	42
22	4
0	9
0	11
58	28
3	5
0	0
44	30
0	0
0	5
0	48
338	32
0	32
0	0
152	54
127	83
9	0
0	0
10	0
1	0
3	6
4	0
17	5
0	5
0	6
0	2
15	8
0	8
1	8
0	7
0	3
1	0
11	0
0	22
0	19
0	22
0	132
0	131
0	14
0	177
84	29
0	27
11	53
44	14
0	12
0	24
0	12
1	12
0	0
8	1
541	38
0	34
1	0
0	0
33	329
0	357
64	235
50	3
0	3
0	189
0	182
3	0
0	1
0	189
33	64
0	64
0	3
6	21
0	22
0	20
3	2
0	0
4	0
0	8
27	9
8	0
1	0
0	22
0	22
76	7
22	8
0	6
9	49
0	20
0	5
8	3
54	29
0	36
1	1
0	1
0	1
0	66
0	66
0	53
0	53
0	6
18	27
6	57
1	57
0	57
0	55
0	57
213	0
5	5
112	632
0	9
0	0
10	622
0	5
5	7
0	5
0	7
0	5
0	2
0	1
0	1
0	0
0	0
0	0
0	0
0	0
0	0
0	14
0	13
0	36
0	7
0	73
0	41
0	69
4	69
0	4
2	4
0	13
21	1
5	24
0	9
2	13
0	16
615	0
377	141
6	137
0	96
0	74
0	1
0	5
0	17
0	25
28	6
0	170
0	55
0	18
0	18
0	18
0	56
0	172
0	18
3	18
0	17
13	172
1	17
7	6
0	1
20	3
0	6
0	2
0	2
0	2
3	34
0	16
0	17
6	16
0	16
0	1
0	1
0	0
35	523
0	477
0	0
0	1
0	0
40	109
25	99
0	106
3	106
0	33
52	42
0	11
90	2
214	5
0	4
0	2
1	2
14	0
26	5
56	140
271	140
12	33
3	67
0	26
0	43
0	43
0	9
1	5
0	5
0	5
0	16
0	5
0	2
1	2
0	1
0	1
0	1
0	54
0	43
0	43
0	46
6	67
7	70
0	34
0	2
0	2
36	79
0	69
0	17
572	20
7	21
0	21
0	27
32	14
1	4
0	0
0	108
0	111
0	107
0	21
72	267
0	266
0	29
0	8
0	116
96	5
599	162
2	57
8	57
2	7
3	0
0	13
2	27
0	22
10	78
0	78
1	0
0	0
1	0
6	0
0	0
2	0
1	19
5	0
1	16
0	67
4	33
0	28
0	17
0	52
0	5
4	28
0	6
0	1
7	5
0	5
0	5
0	3
0	28
0	28
5	0
2	3
6	2
0	2
5	7
0	7
0	5
0	0
2	0
6	17
0	21
0	21
0	0
0	7
0	7
0	1
0	1
0	66
0	67
21	65
77	58
28	58
0	0
11	0
0	0
0	12
0	12
0	5
14	28
27	63
0	8
0	26
13	55
0	20
4	0
0	84
0	84
233	10
0	4
4	10
1	11
0	0
25	6
0	2
15	56
0	63
0	36
0	23
1	0
1	1
0	1
0	20
11	20
0	14
0	8
2	8
0	1
1858	21
1093	1
61	1
3	0
3	0
0	0
21	15
0	3
8	0
11	15
3	0
0	16
0	11
509	16
52	121
0	24
4	24
0	111
1	7
0	7
0	0
3	0
218	17
8	0
15	0
0	17
0	60
29	34
0	60
2	4
1	66
12	66
2	0
4	4
0	1
0	3
12	10
0	10
0	69
0	68
0	10
353	341
0	4
0	60
12	17
0	0
0	6
2609	356
0	315
3	201
26	43
7	0
0	3
0	2
0	26
0	11
0	7
0	1
0	26
17	7
0	7
40	2
9	2
13	89
0	67
0	14
0	15
2	1
0	1
0	3
0	3
0	15
0	2
0	19
18	19
10	0
0	0
0	0
1	19
0	4
5	4
5	0
0	0
0	0
0	16
0	16
0	5
411	0
0	17
0	17
0	17
0	17
0	17
0	17
0	506
0	506
0	298
0	337
8	313
0	0
0	3
0	51
0	3
11	0
3	0
26	0
1	795
0	364
1	795
0	5
0	6
0	0
0	0
0	2
0	1
0	2
447	652
43	54
0	54
0	1
0	56
0	33
0	43
0	9
16	8
0	0
0	1
0	55
78	23
12	19
0	6
4	0
2	21
0	49
0	49
0	49
0	12
24	0
0	0
0	0
30	171
0	105
0	159
8	0
28	124
193	14
2	3
4	14
0	0
0	0
5	68
0	30
2	26
0	133
0	149
0	60
0	45
0	61
0	19
0	2
2	1
0	3
0	1
0	0
1	0
0	0
0	1
10	0
0	1
0	2
420	25
2	15
0	1
12	1
0	34
8	33
3	13
0	5
0	5
9	29
0	0
0	8
12	20
1005	133
16	50
0	0
71	0
26	20
8	133
0	19
0	16
34	43
0	31
11	31
0	15
3	12
67	0
88	29
0	6
0	23
65	107
258	107
0	1
92	0
4	50
0	92
0	48
0	49
0	58
0	32
0	0
0	0
0	46
0	50
403	276
0	225
76	24
25	19
0	24
33	16
19	0
9	4
0	4
63	2
2	0
0	24
0	10
0	1
0	0
0	1
0	0
1	1
0	4
23	4
0	7
0	3
0	4
0	3
0	6
0	6
0	1
19	2
195	26
0	11
0	26
43	66
9	62
0	4
0	0
0	37
208	88
0	88
0	487
6	87
0	282
0	185
0	1125
0	917
192	7
2	1
0	1
2	14
0	3
0	8
176	12
9	4
34	6
2	3
0	3
0	79
58	165
0	89
0	17
0	17
0	17
0	17
10	14
0	19
0	17
0	17
0	17
0	64
791	387
0	387
0	130
0	129
0	125
0	126
0	34
19	0
6	29
0	21
0	24
0	17
0	9
266	24
0	5
0	447
4	15
0	59
0	1
0	1
0	1
0	2
0	352
0	53
9	57
0	433
0	18
0	51
0	17
0	4
0	0
7	0
0	4
0	1
0	0
0	1
20	1
716	64
0	64
41	86
1	10
4	0
0	54
37	4
0	2
70	16
43	0
10	42
0	26
0	22
0	1
0	24
6	24
0	24
0	1
0	8
0	0
5	33
4	143
98	33
1	112
0	32
0	26
0	19
10	31
4	32
0	1
0	5
3	5
2	2
2	0
8	0
6	11
0	2
12	2
4	11
0	6
0	6
40	78
0	60
21	49
0	61
11	21
5	18
0	12
5	18
7	0
50	39
0	2
207	0
7	0
30	9
0	9
0	9
0	9
0	9
0	7
0	7
16	0
3	11
0	0
0	0
0	11
0	1
0	11
185	28
0	47
16	0
80	33
0	1
4	340
0	138
0	38
0	203
0	149
534	22
0	182
8	0
0	9
0	84
0	80
0	70
0	32
4	9
7	9
0	9
9	9
0	133
0	24
0	55
0	0
3	5
13	5
0	0
0	2
2	23
0	27
34	2
16	0
0	0
46	5
0	22
0	1
20	0
0	143
573	265
46	5
0	260
0	86
317	94
0	61
69	49
0	3
1	11
248	34
12	34
10	13
7	13
2	0
5	0
59	30
0	94
0	80
0	27
7	197
0	93
196	79
53	88
3	104
23	0
0	87
0	44
0	20
0	12
0	16
4	0
0	0
0	0
0	0
5	16
0	0
0	0
0	16
0	0
0	0
0	0
1	0
0	0
0	0
0	0
0	0
581	2
0	46
35	47
0	17
2	6
0	6
1	0
94	222
0	222
12	139
0	152
0	24
4	0
0	8
0	0
0	57
0	15
14	1
39	15
0	0
149	71
0	79
17	19
0	0
0	0
736	0
390	113
0	431
0	61
5	495
1	33
41	16
1	13
0	2
0	4
446	187
0	238
78	451
0	430
0	442
0	276
1	0
14	0
0	16
215	57
0	14
0	0
3	10
0	8
64	43
0	57
2	12
0	9
0	12
11	0
224	0
3	0
6	18
5	10
108	18
0	14
0	7
0	15
25	8
15	109
0	0
6	0
285	77
171	73
1	4
7	17
5	27
0	5
45	2
0	1
0	1
0	1
0	9
0	1
128	143
9	143
0	19
0	3
0	19
0	90
0	90
0	82
2	38
9	20
1	14
0	2
0	0
0	8
4	57
0	114
0	115
10	93
27	52
5	50
0	6
8	0
33	129
0	0
0	59
20	23
1	6
62	19
39	20
0	20
1	6
633	393
0	82
10	314
985	315
1	297
0	1
0	0
0	1
1	0
2	2
0	2
146	9
0	46
20	9
0	0
44	37
0	0
0	0
25	29
67	0
6	28
0	3
0	1
0	3
0	0
0	14
3	16
0	10
0	0
33	0
0	0
10	10
0	0
0	1
0	2
0	1
0	2
0	1
3	2
0	0
73	24
65	24
0	57
0	35
47	82
5	92
0	26
0	19
0	7
4	19
8	4
10	4
11	4
29	31
0	49
0	38
11	0
1	1
31	14
5	14
1	14
16	93
0	0
0	0
0	0
0	0
0	452
50	445
0	2
0	9
40	1
17	1
0	2
2	0
1	22
0	22
0	30
0	22
0	23
0	21
0	17
0	8
0	25
1	2
0	2
0	2
0	2
0	2
0	2
0	1
0	1
21	1
0	0
40	6
0	1
232	32
0	32
0	3
1	0
7	0
0	0
1	0
0	0
0	8
4	23
0	9
0	6
0	6
2	13
0	6
0	13
0	13
15	11
0	2
18	3
717	162
0	161
8	42
11	42
0	0
6	0
0	1
0	0
0	0
0	12
0	357
0	234
0	0
0	56
0	343
111	63
0	26
0	42
0	48
170	47
67	114
0	101
166	68
32	72
2	0
1	2
97	1
0	58
4	0
0	1
16	58
4	3
0	10
8	10
0	5
0	9
0	5
0	6
0	0
0	4
12	8
0	8
0	8
0	8
9	6
0	3
0	2
0	2
0	0
0	0
0	0
211	13
633	13
27	46
0	49
7	50
87	54
4	3
0	6
0	8
0	0
17	49
17	0
0	4
0	117
1	138
5	28
0	90
0	86
0	105
0	2
3	1
0	1
12	0
5	6
60	3
2	3
0	0
0	3
0	0
0	1
78	0
0	1
0	1
18	1
0	138
5	2
0	2
21	0
205	0
21	15
0	15
4	1
5	3
43	0
0	3
0	2
3	0
0	1
0	0
0	1
0	7
0	0
0	7
0	7
1	0
0	2
1	2
0	13
3	3
0	13
6	5
0	13
0	5
10	1
0	0
0	0
331	4
0	4
177	43
10	42
0	41
0	48
0	50
10	52
3	7
0	3
9	6
11	0
70	303
13	67
0	69
0	14
0	0
0	292
4	4
0	187
0	41
0	42
0	37
5	42
3	0
476	592
0	31
0	592
3	0
24	1
0	0
62	16
287	287
0	8
0	12
16	5
20	8
7	12
16	0
1	10
0	3
0	3
1	1
0	1
5	6
3	2
0	1568
0	151
4	1
0	140
529	140
11	11
28	10
0	7
0	0
7	7
20	51
0	0
0	8
6	44
128	90
100	77
1	73
0	0
1	44
252	6
51	21
0	7
0	7
1	0
0	0
0	0
9	16
0	14
0	0
0	7
0	14
2	6
7	51
0	6
0	1
0	4
14	6
0	0
0	4
0	3
0	0
0	0
0	0
0	1
0	1
59	1
0	1
6	0
106	16
7	17
0	24
0	1
0	0
0	8
44	63
0	21
0	25
0	49
0	43
10	35
4	0
0	0
5	1
63	162
9	159
0	51
0	34
0	4
0	4
1	3
0	1
1	1
13	7
4	0
32	2
114	52
0	0
17	0
0	0
0	0
3	0
0	7
0	0
6	0
0	1
0	1
66	59
0	59
0	1
0	46
0	36
34	110
0	22
63	17
148	221
0	13
13	9
20	66
0	66
0	16
0	16
61	11
1	25
0	0
0	32
1	25
44	0
0	1565
0	12
3	67
0	67
1	11
0	17
7	17
0	10
0	9
0	5
0	42
4	16
207	38
0	4
0	1
4	1
6	35
1	36
9	11
0	7
0	7
0	17
0	10
0	6
0	1
1	1
0	0
0	3
0	7
0	0
0	3
0	3
0	3
0	14
0	3
0	3
0	0
0	0
0	7
0	0
3	0
0	7
0	7
390	44
153	44
0	18
0	32
0	32
0	12
0	90
120	38
0	622
0	16
0	128
0	10
0	7
0	7
0	7
0	6
17	585
0	0
1	2
14	175
0	88
0	90
182	107
0	43
0	39
0	2
2	5
0	4
0	41
12	12
3	84
10	11
55	20
0	10
0	19
0	7
1	0
0	1
0	1
0	0
0	0
24	0
132	0
2	6
0	5
12	0
0	31
0	31
0	7
26	8
0	2
8	4
0	4
0	0
8	0
0	0
0	14
2	1
8	4
1	4
1	0
0	3
0	17
16	28
629	18
0	6
22	11
0	11
0	13
0	13
2	0
0	13
54	12
134	25
0	13
3	9
0	9
0	9
0	0
0	0
0	0
19	0
0	0
1	4
4	55
104	80
113	35
0	44
56	47
0	15
0	3
0	0
174	101
13	101
30	48
4	51
0	3
0	1
0	3
0	4
0	4
0	4
6	6
1	6
16	89
0	44
0	43
0	47
0	10
0	10
215	1412
17	1125
0	1
0	1
0	993
160	14
0	14
0	2
0	2
0	2
13	4
6	112
28	2
0	0
0	0
0	0
0	0
1	0
2	1
0	71
0	73
1	6
0	71
102	2
22	27
24	5
0	0
11	65
3	1
0	13
0	0
2	0
0	4
0	4
1	51
74	51
26	143
1	1
0	6
3	0
4	2
20	4
2	0
9	0
0	69
1	140
0	1
27	89
0	89
0	6
74	5
0	1
6	0
1	29
0	13
2	2
12	30
0	16
0	26
0	26
11	0
21	9
0	1
346	55
319	55
0	9
0	8
0	9
0	1
0	0
1	36
0	36
0	5
3	2
0	44
0	49
52	61
18	24
0	28
0	0
14	21
58	5
0	8
0	28
0	134
523	0
199	39
0	5
0	0
0	10
0	0
0	39
1	1
2	3
0	2
78	51
41	369
0	376
0	9
0	7
65	53
8	7
3	16
7	52
0	52
0	19
0	51
143	66
0	66
29	0
3	4
16	19
47	14
0	18
11	5
75	31
0	66
187	0
0	18
0	18
0	0
113	2
4	2
4	5
0	1
8	1
45	6
0	22
0	20
0	2
0	2
20	0
0	0
0	1
88	1
56	6
0	66
2	65
3	1
0	60
10	58
0	60
0	56
0	42
12	42
0	3
57	4
1	3
0	1
12	0
5	0
0	0
0	57
0	58
0	41
1	2
3	13
0	13
0	13
0	1
0	26
0	0
3	0
4	0
43	0
0	0
6	0
0	0
0	13
0	13
19	103
20	103
63	13
12	19
21	0
65	0
9	0
1	0
204	51
29	51
2	11
0	11
0	0
0	0
5	8
0	8
0	5
12	8
14	1
0	0
0	0
0	3
1	3
0	3
14	52
2	12
0	13
2	29
0	3
0	63
30	0
0	0
1	11
0	11
0	8
0	3
0	8
84	20
0	7
0	17
1	0
0	1
0	0
216	15
37	13
229	0
0	0
2	0
14	38
0	34
0	23
165	113
0	112
0	112
12	112
2	0
7	1
0	1
2	0
19	112
0	183
0	112
0	287
0	246
0	175
0	0
0	14
0	86
796	0
45	14
5	14
11	11
0	3
8	0
0	3
3	13
0	11
0	11
0	3032
106	3037
0	25
3	0
0	37
0	27
0	27
0	27
2	10
0	27
0	27
4	0
0	1
45	23
0	1
8	3
0	23
920	0
19	40
6	0
0	0
0	0
10	37
10	0
0	88
196	99
0	46
6	27
0	12
0	27
2	14
1	5
1	35
1	1796
0	1709
0	1641
6	442
0	6
0	6
0	6
0	6
3	1
45	3
0	2
0	1
4	1
0	8
3	8
0	0
0	0
0	5
0	6
5	0
94	39
97	50
33	19
0	10
3	2
4	18
0	117
0	119
361	19
0	281
0	283
5	293
0	12
10	17
0	8
0	5
0	5
79	3
7	3
0	2
2	1
2	0
1	10
0	10
0	10
21	0
15	59
0	60
0	59
0	53
1	41
2	2
0	1
0	0
668	24
9	95
50	32
0	75
18	95
31	17
513	0
41	1302
1	1302
45	134
25	27
37	3
14	741
0	566
0	556
0	546
0	3
28	2
0	741
2020	36
25	0
0	36
8	75
5	0
6	0
0	27
0	0
0	0
0	27
1	0
0	0
57	43
0	9
35	8
1	34
0	34
0	2
2	2
0	91
22	2
11	2
5	0
25	13
128	95
0	8
0	2
0	2
8	0
0	0
0	0
0	0
0	0
13	0
131	83
9	83
3	5
152	4
13	0
0	0
7	51
0	85
0	85
0	13
0	13
32	55
0	55
72	90
5	90
0	0
0	0
2	2
0	6
898	12
0	12
18	3
0	2
834	391
0	12
0	95
0	7
951	772
0	62
0	331
0	387
57	84
1	2
0	3
0	0
0	0
1	0
0	1
0	1
0	0
0	0
1	0
5	72
25	9
0	978
0	978
0	154
50	9
1	9
0	960
12	0
0	0
0	6
14	6
0	7
0	7
0	7
0	4
7	0
0	68
141	68
10	8
20	0
16	58
0	58
61	9
0	9
0	0
0	8
0	0
1523	507
0	541
9	541
0	41
0	120
0	1
0	3
69	442
0	151
0	419
0	47
0	289
743	390
2	4
44	66
0	139
0	11
0	12
0	18
0	3
0	4
0	6
21	123
95	138
9	0
3	0
0	11
325	79
0	0
0	0
0	8
0	3
0	8
1135	0
0	13
1	13
86	40
0	24
0	21
0	6
0	6
0	6
0	8
0	0
0	16
0	16
0	0
0	0
0	9
0	8
2	2
1	2
7	9
1	0
0	0
3	18
6	2
0	18
0	0
6	2
2	3
0	1
2	1
397	0
0	0
0	0
0	5
0	5
306	577
0	577
0	2
0	2
11	167
0	167
0	144
0	144
0	24
0	54
0	23
3	1
0	7
10	11
28	15
65	31
67	4
6	14
3	10
0	3
0	30
0	3
1	3
1	15
1	15
0	83
88	83
0	5
0	56
0	48
45	4
0	20
7	26
0	69
48	22
181	20
0	60
0	19
0	49
23	6
48	0
289	91
10	99
0	13
0	0
0	6
0	6
0	5
0	73
0	57
0	198
0	208
40	79
47	15
0	79
0	3
0	3
0	3
3	41
37	8
0	7
22	7
1	1
17	25
29	22
0	2
0	1
0	1
0	0
0	0
1	1
0	0
0	1
0	1
0	0
0	1
27	0
0	67
1	67
0	19
0	2
0	2
2	2
10	2
0	24
133	24
5	9
16	23
0	9
0	3
0	0
0	1
0	20
4	20
0	15
0	2
1	7
119	0
14	15
0	6
4	251
0	6
187	239
0	0
13	198
20	1
1	51
0	51
22	1
68	10
0	10
4	13
0	3
3	41
0	40
1	6
0	3
0	6
0	6
0	8
0	24
0	25
0	0
21	25
1	0
21	84
5	2
0	84
0	83
12	0
852	346
1	347
0	258
4	25
1	0
0	277
0	17
0	9
0	9
11	57
1	45
0	32
3	0
0	13
0	1
0	1
4	1
0	11
0	1
0	10
0	11
170	0
0	0
0	276
5	286
2	12
0	3
0	4
0	0
0	570
0	570
1	0
21	0
0	1
4	0
2	48
0	1
0	1
0	81
0	81
0	52
0	49
1	4
13	1
0	0
0	0
9	0
0	0
0	0
0	0
0	0
0	0
0	0
1	9
0	9
0	8
0	0
0	0
8	0
18	249
21	249
0	249
324	7240
0	25
10	170
14	1304
6	0
76	7171
4	17
0	17
0	40
157	41
0	1
16	1
1	9
1052	1
0	40
0	9
0	16
0	16
0	16
0	16
0	16
0	16
0	16
0	16
0	16
0	16
0	22
0	9
0	6
0	5
0	9
0	5
0	5
0	2
0	8
0	7
0	12
0	12
21	12
0	7
0	11
0	11
0	9
0	12
0	12
22	0
0	12
0	1
0	0
0	24
15	18
0	0
0	33
3	24
1	23
0	23
4	92
0	2
1	17
37	0
0	1
0	1
0	3
0	3
11	162
0	475
171	500
0	94
80	47
0	11
7	47
0	62
3	0
7	8
0	8
0	76
24	77
0	273
296	291
15	188
8	167
0	23
0	72
0	74
0	63
0	63
0	60
0	61
347	5
0	0
33	23
0	23
4	5
5	5
0	6
0	5
0	0
0	6
0	0
0	4
3	11
0	11
0	5
0	2
1	2
0	0
0	0
0	2
0	0
0	0
0	0
34	7
0	6
0	1
0	27
80	27
1	27
1	0
153	558
0	165
0	4
5	14
82	135
23	443
0	1
7	1
0	16
39	306
12	306
0	1
0	0
0	0
5	0
4	3
50	232
0	232
55	23
2	23
9	2
4	2
0	0
2	37
1	13
0	11
3	12
0	11
0	12
0	1
4	24
11	8
0	8
0	0
0	11
0	11
761	8
3	0
2	0
0	4
0	3
0	4
0	1
9	0
40	109
8	109
2	2
0	27
14	27
4	0
3	0
1	0
4	0
0	5
0	252
0	519
0	489
1	0
0	497
2	0
5	4
0	1
0	4
0	4
0	4
0	80
0	209
0	79
0	209
0	14
10	0
0	0
0	42
0	20
0	11
58	43
0	43
0	13
0	38
43	63
14	50
1	30
0	66
0	0
0	0
0	35
0	35
0	15
0	72
169	71
18	0
0	0
7	13
0	11
8	4
0	150
8	1
0	1
3	1
0	0
0	0
0	165
11	5
6	7
5	7
0	5
0	0
0	0
0	0
0	0
2	0
0	14
0	14
0	14
0	4
15	8
0	1
0	4
0	15
4	11
9	11
6	11
27	5
0	1
0	5
38	53
0	26
0	53
0	21
28	20
39	30
0	19
0	28
0	2
0	1
0	1
2	10
0	1
0	1
2	23
0	10
0	23
0	5
0	0
0	23
0	23
0	3
0	2
0	2
0	102
0	22
0	9
0	1
0	0
7	103
1	0
12	2
0	0
272	0
238	0
10	225
19	196
0	37
4	27
0	55
10	1
0	482
0	482
0	1
0	20
0	0
0	11
21	2
0	2
0	1
169	1
12	26
0	33
84	44
0	30
0	12
4	20
24	22
0	21
0	1
0	2
0	20
0	14
252	560
0	488
0	234
0	44
0	4
0	1
18	154
2	47
5	1
0	84
0	8
16	55
0	18
9	6
0	2
0	6
0	4
3	0
0	3126
181	3035
0	3087
139	222
0	179
10	82
858	91
0	81
0	44
0	33
0	25
14	3
0	6
17	17
0	17
78	19
0	37
38	18
1	50
9	68
135	58
0	19
4	0
5	0
0	68
3	68
158	185
16	3
1	0
0	2
50	143
8	0
34	137
0	119
0	117
10	2
0	8
0	6
472	0
0	0
0	0
0	4
0	7
0	4
0	4
0	4
0	7
0	4
0	4
9	0
337	13
0	0
3	0
0	0
0	4
0	14
0	14
1	1
0	0
0	46
57	52
7	36
0	15
0	0
5	54
63	92
0	51
1	80
0	21
1	1
0	1
0	0
3	0
2	0
5	0
2	0
0	0
0	4
5	0
15	5
0	0
9	0
55	33
0	27
0	23
0	141
349	70
0	31
0	139
0	7
0	2
0	55
84	7
21	7
3	41
0	3
210	1
11	45
1	0
0	44
14	45
0	45
0	45
0	1
0	1
0	30
0	14
0	29
10	0
0	44
16	0
0	267
0	266
0	267
35	267
0	388
0	132
0	2
0	0
0	3
0	3
0	5
4	388
0	28
3	43
0	25
0	18
0	11
0	2
0	2
0	0
0	2
36	129
76	129
6	1
30	1
2	0
0	0
0	0
0	1
179	0
27	95
0	6
0	6
0	9
0	9
0	9
0	2
4	79
0	79
8	49
945	50
0	19
0	2
0	5
0	0
0	1
624	23
49	86
0	1
0	64
0	7
3	7
2	7
63	0
0	91
11	56
15	50
0	9
4	0
78	0
69	2
10	97
0	10
0	9
0	7
0	7
7	2
12	24
0	26
1	1
775	0
2	17
0	24
6	8
0	8
0	516
0	516
0	72
0	13
207	9
100	9
318	282
0	279
6	34
3	30
0	33
0	33
0	8
5	2
0	2
47	0
17	14
0	10
0	4
42	411
19	411
62	14
6	8
6	17
13	4
1	1
0	0
5	0
1	10
0	10
0	10
0	6
0	0
22	52
52	14
9	9
0	15
43	23
0	0
1	14
0	1
0	6
0	6
17	1013
12	403
0	331
0	242
0	212
2	0
0	1156
117	84
0	84
66	303
0	296
0	38
0	32
0	8
11	0
0	38
0	38
39	116
0	116
0	0
0	17
68	12
0	12
1	17
0	36
5	13
0	36
10	12
48	35
0	2
0	35
13	0
0	41
0	0
0	0
0	0
0	0
0	79
0	26
2	0
7	100
5	7
0	4
0	4
0	35
0	23
230	288
9	0
0	0
0	0
105	39
0	38
8	18
0	0
0	1
0	0
63	100
0	32
0	8
0	1
3	7
0	1
4	3
6	19
0	11
0	0
0	2
0	0
0	0
0	5
29	4
7	4
0	0
13	1
0	1
130	103
0	27
0	12
0	0
0	88
9	109
0	88
8	2
0	2
58	88
0	0
0	198
7	30
5	14
92	3
2	0
12	0
0	1
0	88
0	86
0	1
0	3
18	3
0	60
1	78
0	1
0	198
47	9
0	16
11	27
0	27
0	17
0	15
4	2
2	0
21	6
9	94
0	92
0	13
23	27
0	0
0	22
13	170
0	118
0	40
56	59
0	11
0	43
0	53
3	53
0	4
0	3
25	33
0	50
2	40
13	63
0	0
0	0
0	4
0	42
0	22
9	35
0	35
0	0
0	0
113	46
0	34
0	46
17	4
0	8
293	1
0	92
37	92
0	73
10	19
44	23
139	12
2	12
5	0
1	0
0	0
371	47
2	35
0	7
0	0
2	2
177	291
0	242
11	11
0	4
22	8
4	0
0	1
0	7
2	0
0	1
3	0
0	0
7	6
0	7
10	0
4	7
14	7
15	0
0	0
2	0
31	221
0	217
0	65
172	49
14	4
0	0
10	0
0	0
0	0
0	9
0	0
56	9
116	16
0	6
45	326
26	97
5	62
4	293
3	92
0	92
0	90
0	87
0	7
0	6
0	2
12	1
6	1
0	1
0	13
19	22
12	74
141	20
0	12
0	18
0	5
0	2
6	0
0	10
109	16
10	11
32	44
0	7
0	7
0	44
0	0
30	2
0	6
0	13
0	58
25	58
10	6
0	3
0	6
0	0
51	41
0	5
0	2
0	1
68	28
1446	863
19	797
0	776
15	657
1179	380
13	356
0	69
21	0
30	11
51	0
125	20
0	6
0	6
0	3
0	19
0	2
1	0
1	17
9	6
0	6
0	30
0	65
20	23
15	19
0	7
0	0
0	35
86	56
17	61
3	0
0	1
0	0
463	129
0	20
18	24
309	18
140	104
0	0
0	55
140	2
0	1
0	43
30	1
0	3
3	3
0	0
0	13
0	13
0	9
23	1
6	1
228	0
0	246
0	15
0	237
1	1
29	113
19	23
396	404
13	81
25	2
5	5
0	1
2	6
0	6
0	19
21	8
0	8
0	6
0	2
0	1
2	16
0	4
0	4
0	16
13	101
2	93
136	753
224	756
31	0
0	458
0	1
0	1
7	2
0	2
19	24
86	87
0	87
81	14
27	5
0	0
0	5
444	0
0	60
0	56
0	11
0	0
3	0
12	174
0	174
104	11
0	112
0	112
0	112
0	6
1	83
0	47
167	41
0	14
0	37
0	28
4	33
0	32
0	32
1	6
0	0
9	0
22	124
0	124
11	37
16	37
3	0
3	3
0	3
0	0
0	0
21	0
0	35
0	35
0	9
0	3
19	2
0	2
1	6
0	6
4	6
287	336
0	36
2	15
0	75
0	2
0	2
0	2
0	2
15	9
0	9
1037	61
53	50
0	28
0	43
76	41
0	0
0	1
6	1
6	40
28	103
0	121
0	121
15	58
0	17
0	121
0	38
0	38
0	0
0	2
0	80
0	8
0	16
1	16
0	392
8	410
34	410
6	0
132	39
2	132
29	34
2	0
0	123
0	157
6	0
0	4
0	4
0	4
0	1
0	0
0	1
3	9
1	7
3	6
32	156
28	0
0	2
2	2
0	1
9	1
0	0
135	108
0	108
47	76
330	76
13	18
0	3
3	5
0	60
0	2
0	2
1	1
0	0
0	1
6	9
0	30
2053	691
0	5
0	6
0	6
0	6
0	6
0	0
75	10
0	3
0	11
0	11
0	4
94	78
32	9
1	6
21	10
25	4
11	0
0	0
0	0
0	0
68	423
2228	425
16	0
0	0
37	473
0	2
480	471
0	120
0	120
16	93
2	4
0	4
0	45
273	167
8	267
0	2
0	269
10	101
8	126
2	115
69	104
1	104
14	87
0	6
11	5
0	86
0	11
0	6
0	21
0	21
0	5
151	22
3	13
21	13
0	18
0	1
0	12
0	7
0	88
7	75
2073	46
0	47
17	52
1	291
39	0
1	5
0	17
0	378
40	41
2	9
0	41
4	9
0	35
0	32
0	0
23	28
0	0
2	8
54	28
0	31
0	31
0	31
0	3
8	23
0	18
8	10
0	1
0	0
12	269
0	265
0	265
0	265
22	0
0	1
67	261
117	81
0	23
0	69
5	0
1	0
0	0
265	102
4	1
81	101
752	162
2	32
0	0
0	32
0	18
10	19
0	9
0	49
5	7
0	7
0	49
54	27
2	6
0	27
0	3
0	0
0	23
7	45
2	1
28	72
0	2
3	0
1	0
7	83
0	68
0	4
4	6
0	7
0	4
1	0
25	0
1	19
0	19
32	0
0	173
0	83
51	0
0	24
0	13
0	21
1	2
0	3
3	31
33	33
15	25
0	6
0	27
0	27
0	26
23	35
18	4
0	0
23	1
20	14
3	0
144	0
0	35
22	432
2	19
1	74
6	11
2	0
0	0
44	14
0	14
0	424
460	127
0	97
13	0
0	0
0	311
5	311
2	317
0	332
0	10
0	10
0	21
0	0
0	15
0	10
4	5
1	5
1	0
0	40
0	40
59	16
0	16
0	164
131	189
0	169
1	475
0	198
0	74
0	39
0	39
0	36
0	39
0	36
0	36
0	6
0	6
0	24
21	5
0	3
0	4
0	0
0	24
0	10
2	135
59	101
0	101
4	0
0	3
0	1
1	2
4	2
0	2
0	0
0	2
334	0
77	6
0	6
0	4
0	0
9	64
21	56
0	57
0	57
0	54
6	0
3	0
36	9
73	208
107	458
63	201
0	349
0	40
0	45
101	459
0	66
1	0
9	1
0	34
54	92
0	443
3	7
0	1
0	0
0	2
15	7
8	7
5	7
504	31
0	0
0	0
0	1
2	1
0	40
0	30
0	20
0	18
137	26
0	3
0	6
1	2
0	18
0	11
0	179
13	179
0	134
0	1
0	1
22	1
0	0
6	0
373	118
2	17
0	13
0	19
0	19
22	39
0	5
0	1
0	0
0	0
0	0
0	0
0	0
0	0
2	0
0	0
0	1
0	0
2	0
1	1
0	1
0	1
8	40
0	33
6	5
0	18
0	10
0	10
0	0
123	119
0	53
0	27
664	117
0	15
0	15
2500	0
223	0
97	67
0	58
78	140
0	62
0	8
0	33
0	14
10	0
3	28
0	27
0	1
4	6
0	14
0	16
0	4
0	0
4	12
0	66
0	30
0	30
0	30
0	3
0	4
0	5
2	3
0	0
0	25
0	68
73	30
20	29
32	25
5	1
0	1
22	0
9	84
0	28
0	245
4	249
21	0
26	0
0	54
0	0
0	82
0	12
0	6
0	82
1	32
0	9
0	40
0	9
0	9
0	30
0	12
0	9
0	4
0	5
0	125
0	163
0	411
0	90
0	571
0	167
0	415
12	17
0	1
0	1
1	1
0	581
0	581
0	479
0	539
0	1
21	39
2	3
34	36
18	28
0	17
53	25
68	20
0	6
0	25
1	12
3	20
2	12
21	13
0	18
9	84
1	85
16	0
291	52
5	10
0	69
0	10
0	10
13	72
16	63
0	65
523	1214
1	1073
0	238
4	61
3	155
105	0
58	85
2	54
111	85
1	4
0	10
0	23
1	25
4	9
0	20
0	20
0	13
23	40
1	40
0	31
0	6
0	0
0	2
0	2
0	14
0	14
0	14
5	3
0	3
0	3
0	0
104	20
1	6
0	1
0	1
0	1
0	0
0	19
24	105
0	80
0	30
0	35
0	68
0	6
10	0
0	9
0	5
211	383
0	20
0	2
0	6
22	361
0	31
0	87
0	1
4	0
0	0
0	0
52	31
6	87
463	251
93	11
11	1
4	6
6	246
14	7
5	59
0	59
2	38
0	0
12	0
5	1
6	33
0	29
0	0
0	0
0	0
0	17
9	4
0	33
0	2
0	1
2	3
1	4
0	4
0	4
0	4
0	3
40	44
75	58
0	47
0	4
20	0
19	219
0	37
0	59
0	59
0	59
0	35
12	0
126	612
159	646
0	483
10	50
0	1781
0	119
0	23
9	1773
46	200
3622	2037
0	218
1	7
0	4
0	7
0	43
0	42
0	38
0	6
0	17
172	231
0	207
0	122
0	15
0	6
9	4
2	1
0	3
0	3
0	2137
977	2747
0	1578
0	1699
0	22
33	107
0	19
2750	485
94	0
80	0
67	481
0	38
0	38
199	138
0	138
40	98
44	99
0	19
40	2
0	0
0	74
0	17
0	26
19	0
0	105
0	105
41	98
313	101
17	0
46	212
0	10
0	10
0	10
5	0
6	52
7	0
12	195
0	24
3	0
3	0
0	6
0	3
0	3
0	6
0	132
0	6
0	3
0	174
66	7
38	171
0	0
38	0
288	27
4	26
12	1
2	114
0	114
0	3
0	5
0	39
3	39
0	32
0	32
0	32
0	32
2	32
0	32
0	4
8	5
1	0
0	3
0	18
161	17
0	5
70	5
44	1
155	20
0	0
0	0
0	0
0	0
0	15
0	15
0	15
55	15
0	4
6	0
44	46
4	111
0	49
0	85
0	53
0	7
0	0
13	0
0	0
0	0
0	1
92	65
512	65
1	32
29	14
0	42
10	6
0	0
0	7
0	2
0	2
0	0
98	0
1	2
0	2
0	7
189	316
0	15
15	14
0	14
0	1
0	1
0	0
0	5
15	12
0	1
0	7
2	2
0	2
108	124
2	122
1	116
80	2
72	1
33	19
5	19
0	11
0	1
6	8
0	1
0	0
0	7
0	5
26	0
0	0
0	0
5	5
10	11
0	0
0	0
403	185
36	185
0	52
0	41
0	33
0	35
0	38
0	14
0	15
0	15
0	7
8	13
0	17
0	4
10	1
0	8
0	6
0	0
0	0
1	0
0	0
0	1
0	1
0	36
2	36
2	53
0	13
264	87
0	87
0	38
314	16
40	258
0	277
0	241
0	109
0	50
0	4
0	4
1	20
0	0
18	0
7	0
12	0
1	0
3	2
1	2
0	2
9	0
0	2
0	0
4	2
0	2
0	137
5	0
0	0
0	4
127	137
5	31
0	7
0	31
0	33
0	31
18	33
0	7
1	9
0	0
171	14
41	14
0	109
24	98
3	109
0	3
1	1
35	48
0	48
4	133
490	24
93	40
201	58
0	0
1	1
0	1
0	1
3	8
0	8
0	33
0	34
0	34
0	7
4	59
0	71
0	55
0	40
8	12
44	0
0	0
0	0
0	15
0	6
6	7
0	7
0	7
0	0
0	0
287	115
0	89
29	120
0	115
2	10
0	10
210	2
0	22
0	4
0	4
0	0
4	0
17	0
6	0
0	30
5	30
6	0
11	188
0	188
3	11
0	76
15	77
17	0
1	83
0	86
10	53
0	55
0	4
17	3
23	38
0	9
0	3
0	3
0	13
0	25
0	12
36	15
6	3
0	1
20	14
49	14
0	1
0	1
0	0
8	1
294	54
1	0
0	5
0	37
0	51
0	14
0	74
4	0
0	11
0	11
0	8
0	8
1	8
3	11
0	1
0	574
22	32
45	0
29	21
0	574
0	3
0	36
0	36
0	2
0	0
7	19
0	3
14	7
0	7
0	7
0	7
7	7
0	4
1803	195
37	196
0	54
0	53
0	1
1	0
29	186
12	29
0	168
0	5
0	5
0	112
0	459
0	482
22	505
0	488
0	0
0	31
0	0
0	5
0	43
4	0
132	10
0	83
1	50
34	394
32	336
0	314
0	81
85	98
0	28
0	3
0	0
7	0
0	370
0	0
0	2
0	2
0	0
0	0
0	0
0	0
5	15
49	15
0	5
0	13
0	2
0	13
13	60
0	23
6	52
25	4
164	40
0	37
0	63
36	53
0	5
2	0
0	0
6	0
3	0
3	75
0	4
0	4
0	6
0	6
0	3
2	0
3	1
0	98
13	81
5	60
0	15
0	15
4	0
0	0
8	98
0	18
0	0
0	5
58	133
0	48
0	128
0	89
0	4
0	0
0	0
15	95
0	0
0	0
1	0
240	141
1002	119
19	72
0	69
0	20
0	1
0	1
0	8
1	15
26	6
0	7
0	11
34	8
0	6
0	0
4	4
0	4
0	8
5	56
326	56
116	34
0	13
0	9
0	9
8	11
0	9
684	0
0	1
0	9
1	8
2	0
23	54
0	23
0	38
5	0
0	67
0	82
134	93
12	93
323	8
0	3
6	42
0	42
0	0
29	6
0	0
0	2
0	20
258	200
16	198
25	77
17	50
0	0
90	9
1	6
2	0
0	3
156	48
0	14
5	39
0	5
48	0
1	0
6	0
69	42
0	42
0	42
0	0
6	1
3	3
0	3
0	37
0	37
0	27
0	37
0	13
0	9
0	1
1	1
0	0
5	11
0	8
0	8
83	0
0	0
0	0
0	0
0	2
0	0
0	2
131	2
1	43
0	41
0	43
0	24
23	8
0	3
0	9
0	1
0	7
0	40
0	0
3	20
49	26
0	14
0	14
0	14
0	4
0	4
0	26
139	26
2	4
65	16
0	70
0	70
0	63
0	63
126	62
0	25
0	0
0	14
104	0
2	0
1	274
27	274
179	33
45	157
0	65
0	64
0	64
8	157
8	4
0	4
13	2
14	3
0	3
4	2
68	0
48	1532
0	546
0	8
0	24
153	1523
12	1
215	82
0	61
31	52
0	32
5	40
0	1
0	8
0	1
0	9
43	39
0	6
8	59
0	59
0	28
15	19
0	25
2	22
5	14
0	20
0	22
0	17
0	16
31	11
0	12
0	11
16	15
0	0
6	96
0	1
0	0
14	3
0	6
0	6
0	1
0	7
0	2
0	3
6	18
1	18
0	2
70	12
4	22
178	63
0	0
0	1
1	52
2	3
0	4
8	4
28	119
10	92
0	108
0	24
0	10
2	0
373	0
1	2
0	2
164	93
66	11
0	11
0	5
0	4
0	62
1	4
0	22
10	64
31	0
10	79
18	14
0	14
140	5
10	0
0	0
3	5
702	292
60	64
0	268
0	0
92	8
4	6
33	26
10	26
20	8
0	41
0	41
0	35
0	11
25	256
0	256
0	1
0	143
5	142
0	69
0	141
0	0
4	0
0	1
4	24
2	0
11	30
7	356
485	322
756	0
188	26
0	26
0	26
4	0
0	0
0	0
0	0
0	4
45	6
115	27
0	0
34	61
0	0
2	12
0	3
781	362
0	92
8	0
7	3
7	4
0	4
21	317
5	53
0	362
0	5
0	5
147	2
1	2
0	2
0	5
0	5
798	177
6	177
64	1
3	3
0	3
0	22
0	24
3	24
0	22
0	0
8	1
0	2
229	38
82	22
10	7
146	0
1	0
0	30
3	31
0	30
0	9
75	192
0	0
0	0
26	140
0	192
17	42
0	36
0	22
11	12
0	10
0	16
0	16
0	9
0	15
0	7
0	11
0	13
0	0
0	5
6	0
0	0
0	0
0	42
65	45
0	0
6	0
32	2
0	2
1	2
0	10
0	10
0	6
10	4
0	17
0	1
1	0
1	1
0	0
0	3
3	3
0	2
8	7
0	19
0	0
1	1
0	18
13	11
0	11
5	11
0	5
0	0
0	5
9	0
5	18
0	0
23	5
0	1
19	16
164	50
0	20
0	15
3	47
50	45
1	45
0	2
95	29
0	3
14	4
0	0
10	4
8	3
0	3
19	0
0	0
0	1
0	1
0	1
0	1
16	3
11	7
4	1
2	1
0	3
0	1
0	0
5	0
0	0
1	0
0	55
2	50
2	0
0	0
2	28
0	51
0	341
0	40
4	1
0	299
0	32
2	46
0	41
0	40
57	383
0	35
0	27
0	8
1	0
26	635
126	635
247	1
0	8
0	0
11	1
0	4
0	4
65	25
245	25
0	3
2	1
0	1
0	0
6	0
0	2
6	2
0	2
0	0
6	1
0	1
0	25
357	0
204	76
0	3
2	65
0	27
15	3
2	1
6	0
0	4
0	7
0	3
1	3
0	35
0	29
0	35
0	35
0	40
0	40
0	35
3	48
0	6
6	11
0	13
4	0
0	35
11	1
0	0
0	0
0	0
9	1
0	1
54	92
0	92
61	66
5	30
0	14
0	0
0	8
26	7
0	0
0	92
1	1
0	0
0	0
0	2
0	3
0	0
0	0
4	0
0	0
19	117
3	14
0	6
0	6
0	0
0	111
0	6
0	6
0	2
6	37
0	0
0	0
0	0
4	37
0	1
0	0
0	1
0	1
0	1
0	1
0	1
0	1
0	80
9	80
14	65
379	651
27	651
39	518
0	0
3	2
0	1
3	1
64	2
0	1
0	486
45	0
0	45
84	45
2	6
0	0
45	34
12	34
0	15
0	15
10	0
4	0
0	10
0	10
5	10
0	8
0	97
68	97
79	3
176	1546
23	1509
0	1510
0	1441
0	105
0	91
0	110
0	7
0	40
26	16
0	16
0	0
4	3
0	0
17	0
1	0
0	0
4	7
6	30
0	7
3	52
0	0
0	2074
0	66
0	2074
0	4
0	86
71	17
0	0
0	1
120	157
271	226
0	28
0	66
0	0
23	17
701	0
238	15
8	14
0	0
0	2
0	2
59	4
0	4
2	0
0	0
0	0
0	0
9	0
0	0
0	0
0	75
16	75
3	1
0	8
0	0
15	24
0	25
2	1
0	3
1034	87
0	7
0	9
0	7
0	9
0	4
0	6
0	6
0	6
0	5
101	0
48	11
0	3
0	3
25	0
0	1
6	1
21	5
1	7
4	3
0	4
0	1
6	1
1220	20
47	9
5	11
0	59
0	59
0	58
0	59
0	10
8	74
0	12
52	70
0	5
1141	118
0	20
0	118
0	1
28	0
5	29
0	29
0	29
0	8
0	3
0	3
0	1
14	144
113	146
0	3
0	0
0	0
0	2
0	1
0	126
0	122
0	128
22	119
0	12
0	13
0	6
0	70
0	8
9	6
0	8
17	2
897	0
1015	0
25	0
1	4
222	53
2	0
0	53
10	7
0	5
0	2
4	8
0	1
2	6
0	4
0	13
2	13
4	0
4	0
0	0
0	0
22	12
0	12
0	4
0	21
0	5
0	0
9	1
0	0
0	0
0	0
7	13
0	12
15	25
0	29
165	25
5	25
0	51
0	18
0	3
0	1
0	50
13	0
4	0
0	9
25	13
0	13
0	9
0	0
2	12
0	54
0	8
0	9
1	0
0	0
0	80
0	80
0	4
0	4
1	39
11	39
0	4
73	1334
0	1283
0	50
159	57
0	1331
4	1334
2263	1922
0	1190
0	2
0	1
363	2
0	820
0	1283
0	839
39	1843
195	0
6	6
0	6
2	6
0	3
0	0
1	8
1	8
0	0
81	967
504	976
0	9
12	1042
0	797
0	4
66	77
8	57
0	0
0	0
0	9
26	9
0	10
0	12
60	62
0	18
93	133
0	131
8	12
0	12
8	10
0	45
0	53
2	11
0	1
0	0
0	0
49	7
54	50
3	50
0	31
0	18
0	18
0	18
0	18
15	0
0	0
0	58
0	58
1	2
52	22
13	22
6	8
80	187
0	187
0	1
0	0
0	0
12	0
5	87
479	18
0	7
0	0
0	76
119	87
219	647
75	647
0	6
8	0
0	1
0	1
1	11
0	8
1	11
0	3
0	0
0	0
0	10
2	18
0	0
12	0
0	18
0	18
0	8
0	18
15	36
1	36
18	2
0	0
25	22
79	1
2	1
2	1
0	21
0	0
5	10
0	3
7	7
33	205
0	12
0	13
2	13
0	7
0	176
0	0
9	11
0	11
5	0
0	0
0	0
0	0
0	18
0	18
1	18
0	0
0	54
0	75
4	3
0	0
0	2
40	1
0	1
0	0
2	1
2	1
400	349
0	8
0	185
0	166
0	0
0	5
221	99
13	8
28	90
81	18
0	15
919	0
5	0
1	0
0	0
45	0
21	3
4	12
0	12
5	4
0	1
0	0
0	1
0	0
1	3
0	3
17	0
0	0
0	0
0	3
6	0
0	0
5	0
84	17
29	3
0	7
0	3
0	0
0	0
0	10
60	6
3	5
0	0
0	0
1	1
4	0
13	247
0	211
0	1
0	0
0	3
25	4
0	0
11	201
1	140
0	99
4	84
2	0
0	0
33	11
0	11
0	0
0	0
0	0
3	6
1	9
1	24
0	25
1	0
0	0
0	0
0	0
0	1
0	25
0	24
2	73
0	75
4	0
5	0
30	82
6	82
1	35
11	39
0	39
534	0
128	84
0	84
1	8
6	6
0	8
0	6
1	6
0	32
2	28
0	5
11	0
25	47
14	0
0	3
0	0
0	10
7	6
0	0
18	0
0	39
0	21
0	21
4	8
0	0
17	0
0	42
0	42
0	11
0	11
0	5
0	13
0	13
0	11
0	11
0	5
1	9
0	325
0	335
2	7
17	10
7	2
8	0
0	29
0	56
0	0
119	573
27	401
0	24
0	21
0	0
0	19
0	14
0	19
57	103
0	22
6	7
9	19
0	5
39	2
1	2
40	1
0	103
3	0
0	0
0	13
0	5
0	13
46	22
3	32
2	31
0	18
0	21
0	13
0	29
0	7
0	9
9	187
0	108
0	47
0	33
0	12
0	10
0	508
1	511
0	163
0	149
1	110
0	9
0	44
0	508
2	0
2	3
17	8
21	5
0	13
0	4
5	5
13	0
26	0
0	0
1	171
0	165
11	86
0	165
0	172
6	87
0	135
3	0
7	0
27	32
94	0
3	2
0	2
19	27
1	6
0	20
4	14
0	14
2	1
0	270
164	324
0	151
0	290
304	69
0	310
0	112
6	3
0	2
0	3
26	3
0	1
39	0
0	2
17	0
0	7
0	7
2	10
0	8
2	0
177	3
0	2
6	0
9	2
9	1
0	24
0	7
0	1
0	4
0	1
0	24
16	66
0	65
158	67
0	6
0	1
0	0
0	0
7	0
0	59
0	65
0	40
9	64
0	31
74	2
0	2
2	0
5	5
1	0
98	13
1	0
0	13
0	18
8	39
0	31
0	11
0	13
0	13
0	13
0	13
0	13
0	10
104	10
0	4
0	5
2	4
0	0
0	10
2	4
0	5
7	4
0	1
8	16
0	0
0	1
7	0
0	9
0	9
0	6
10	14
0	14
29	993
0	139
47	969
517	622
9	297
32	165
0	145
4	141
15	10
0	0
36	2
10	2
32	6
11	0
0	8
0	195
0	6
0	201
5	31
1	1
374	0
10	0
6	0
0	190
0	14
0	357
0	13
0	343
0	195
0	134
0	63
0	49
31	24
6	49
0	15
127	0
6	13
12	416
0	254
563	156
10	134
5	134
5	108
0	16
0	17
0	2
8	22
5	0
3	21
0	21
0	21
0	10
0	6
9	1
6	0
6	0
6	15
0	9
186	10
0	9
2	9
0	0
3	1
0	6
130	0
1	0
17	0
0	0
0	0
0	0
0	0
1	6
0	0
0	8
0	6
0	8
0	2
0	2
348	0
0	252
0	252
19	12
0	1
0	24
0	15
0	24
0	15
0	0
26	50
235	20
0	34
0	9
0	5
70	182
2	0
11	5
15	23
27	23
4	3
1	0
9	283
0	284
13	289
0	161
0	26
0	5
28	8
35	3
0	0
28	1
6	0
4	10
0	1
0	0
0	19
0	19
0	17
0	17
0	4
0	2
0	2
0	2
26	4
0	4
14	4
90	117
0	117
4	2
0	0
2	2
26	11
5	1
5	8
0	2
0	45
0	69
0	9
0	15
0	3
5	0
2	3
0	3
0	2
8	0
0	0
3	0
37	36
112	37
15	5
28	10
0	10
100	18
0	6
17	16
0	4
0	16
0	1
5	4
0	0
1	5
0	259
0	63
7	12
0	108
0	96
47	89
475	4
0	233
20	0
26	5
0	0
183	30
0	21
37	9
0	2
0	4
21	5
0	0
16	94
2	116
0	92
39	70
0	91
0	75
54	78
0	0
0	7
19	82
18	7
0	75
2	0
0	9
0	141
25	141
0	120
0	0
6	85
8	4
35	3
0	25
0	602
1	605
6	473
625	1091
42	1290
26	0
9	1
2	73
4	1
0	0
0	0
0	0
6	0
0	0
2	0
0	0
59	0
49	23
23	24
0	20
13	21
5	21
0	19
0	19
0	0
11	1
4	1
0	1
1	0
0	0
0	0
0	1
0	3
0	0
0	8
0	5
0	5
20	5
0	5
0	5
0	0
0	0
0	0
0	0
0	0
0	0
0	0
0	0
0	0
0	0
0	0
0	0
26	141
0	0
0	0
0	0
47	62
0	1
0	8
11	3
0	67
103	8
8	49
38	54
8	0
264	54
80	54
0	0
0	0
8	0
6	0
0	0
0	86
0	21
13	19
0	20
0	16
0	17
0	3
4	4
0	85
2	12
0	1
0	5
0	41
4	111
0	417
31	1
0	17
0	0
0	76
42	1
282	0
14	110
0	145
0	103
18	81
516	75
13	55
0	53
16	0
0	1
8	1
33	0
28	5
2	0
3	18
0	21
0	29
6	18
0	21
19	80
0	80
0	15
21	81
0	14
0	9
0	0
0	1
0	1
0	0
0	1
44	213
69	297
7	45
0	15
12	1
2	52
13	6
1	1
0	3
94	34
92	32
27	8
3	3
23	3
34	0
30	13
32	31
0	36
0	0
3	13
1	38
4	13
3	1
1	1
1	17
0	17
0	0
23	32
3	25
0	7
1	0
19	148
0	125
80	51
7	50
4	1
5	460
94	29
15	347
110	446
17	46
41	9
0	2
4	1
0	0
14	8
0	7
0	2
3	2
25	16
591	16
1	173
1	173
73	140
2	0
6	0
18	10
2	9
0	0
0	0
327	168
0	167
0	11
2	2
0	1
0	0
0	11
0	0
0	0
0	17
91	98
16	83
0	0
3	62
0	16
0	36
0	36
0	7
0	15
0	15
0	1
59	110
0	110
54	82
0	23
0	23
6	32
0	6
394	62
28	0
8	1
0	61
83	89
0	88
0	0
4	0
4	1
9	3
4	3
0	3
0	7
0	7
0	0
5	0
0	0
6	7
0	225
32	222
0	77
232	6
9	5
0	11
0	5
0	5
11	5
0	209
0	209
0	175
0	159
0	6
0	6
0	0
4	205
0	56
0	4
0	133
0	142
3	95
1	95
0	29
13	0
0	1
12	48
7	48
0	8
0	16
21	27
22	26
1	10
0	8
161	130
0	130
7	6
0	6
25	0
2	17
76	17
105	48
18	0
56	630
0	393
0	432
144	284
0	11
32	14
0	116
0	627
0	357
6	105
0	158
0	357
4	42
2	3
0	0
0	0
0	4
0	3
0	0
0	3
1	12
2	0
11	23
22	0
12	2
0	70
0	45
784	14
11	0
10	98
1710	98
46	116
394	116
0	8
0	11
0	2
0	9
0	0
0	0
0	8
0	0
0	9
2	9
1	0
0	0
0	0
0	0
7	0
0	0
0	0
0	0
0	0
0	0
0	0
0	0
0	0
0	30
82	30
0	0
0	0
32	15
27	15
7	3
11	3
271	404
3	0
0	18
16	19
0	8
107	3
0	3
0	3
111	3
120	3
0	3
6	63
0	101
0	1
0	106
1	9
0	9
3	0
0	20
0	171
3	20
0	3
0	17
0	0
0	171
10	52
23	4
0	48
46	17
0	17
1	0
0	0
0	476
0	239
12	1
0	0
0	0
0	467
72	1
1	0
0	0
1	25
0	21
6	4
0	3
1	4
2	4
5	1
28	77
21	89
0	0
2	9
19	9
0	81
0	128
0	10
0	128
19	10
0	45
13	0
5	47
0	26
19	35
1	13
0	9
412	0
45	120
0	67
5	7
0	7
0	15
0	0
0	0
6	0
0	42
1	18
0	1
3	11
0	11
20	22
0	12
0	0
0	10
110	137
3	131
61	112
16	25
15	6
5	6
24	18
0	18
0	12
8	12
0	65
1	314
0	35
0	35
0	35
0	49
120	21
0	0
0	248
85	1
22	22
100	248
31	7
0	64
6	70
0	65
0	4
0	2
2	2
0	1
1	8
0	8
7	2
0	2
47	258
27	249
472	196
0	54
0	31
0	32
0	21
4	4
0	5
0	1
0	10
172	43
1	3
46	74
12	0
0	19
240	14
0	66
197	325
66	332
0	328
0	129
0	35
33	15
6	3
0	3
1011	1
114	401
209	414
0	41
0	4
7	0
2	411
0	411
40	318
3	0
0	13
0	13
3	0
7	0
1	0
0	0
2	0
0	1
1	0
11	0
0	1
0	1
22	4
0	0
0	0
0	0
0	0
0	0
82	7
0	7
0	0
0	0
11	0
1	16
0	18
0	15
19	3
0	2
3	946
451	790
0	264
0	15
0	6
1	0
2	946
0	58
1	58
22	22
18	1
0	7
0	7
0	7
0	3
0	271
0	11
0	7
3	6
0	0
0	0
4	0
3	45
1	0
0	8
0	8
0	150
19	139
90	139
20	139
11	18
0	7
11	37
4	54
0	54
36	0
36	3
1	1
0	2
13	51
0	51
0	7
5	0
42	33
0	75
0	4
0	50
0	56
0	15
0	4
20	32
11	59
0	0
0	2
0	2
0	0
0	10
0	4
0	142
0	2
0	1
0	142
0	6
0	0
0	0
0	2
0	0
0	5
0	27
0	7
0	13
0	13
0	70
0	2
0	6
0	5
0	36
0	2
0	10
0	0
0	0
0	12
0	63
0	5
0	2
0	1
0	16
0	22
0	0
0	4
0	2
0	0
0	4
0	0
0	0
0	1
0	27
0	1
0	0
1	0
0	5
0	12
0	0
0	6
2	53
0	1
1	110
0	110
0	2
0	1
11	0
14	12
2	37
323	0
8	72
1	0
912	322
24	0
0	333
0	333
0	16
0	4
0	0
0	4
0	1
0	1
0	1
0	9
0	5
0	0
0	0
0	7
0	165
0	165
0	1
0	13
4	0
1	8
0	15
0	4
1	0
0	28
5	0
0	14
0	8
0	54
0	1
1	0
0	0
86	101
0	0
0	0
0	0
4	7
0	5
0	160
0	134
2	0
0	0
0	0
2	0
0	0
0	1
5	5
5	6
0	0
0	1
4	0
0	0
6	164
3	13
0	0
1	0
3	0
1	0
0	0
1	0
4	0
1	0
2	0
0	0
7	0
5	0
0	0
0	0
12	0
1	0
0	0
2	0
1	0
0	145
3	0
2	0
12	1
167	1
11	0
1	0
59	1
0	0
6	0
2	0
0	0
5	7
32	0
0	0
13	1
2	0
0	0
29	7
0	0
0	2
4	0
0	3
3	1
7	499
24	7
0	0
2	0
4	0
2	0
0	0
0	0
0	0
0	0
0	0
0	0
2	0
6	0
1	13
0	0
0	0
2	0
14	0
0	0
5	0
1	0
0	0
6	0
4	0
0	0
1	0
0	0
0	0
144	136
0	0
0	1
3	1
156	76
4	0
0	0
0	0
0	1
1	1
4	0
215	22
0	0
2	0
108	348
2	0
0	0
0	0
4	0
1	0
7	10
46	149
0	0
0	0
3	0
0	0
1	0
2	0
3	0
4	0
1	0
0	0
0	0
0	0
32	0
0	34
2	5
5	5
2	4
17	1
9	3
0	82
5	22
52	4
52	0
3	4
1	97
6	0
8	0
0	0
2	0
3	0
3	0
13	0
1	0
3	0
2	0
0	0
0	1
2	2
1	0
0	0
1	0
3	0
2	0
0	0
7	1
0	0
7	0
0	1
0	0
1	0
5	0
1	0
3	0
0	0
0	0
0	0
0	0
0	0
0	0
0	0
2	0
0	0
2	0
0	0
0	0
0	0
0	0
0	0
0	0
0	1
1	0
0	0
0	0
0	0
0	0
1	0
0	0
0	0
0	0
0	0
0	0
0	0
1	0
0	0
0	0
0	0
1	0
0	2
3	0
7	2
0	2
0	4
1	4
51	0
0	0
0	17
0	17
0	11
0	15
0	9
115	0
0	0
1	26
0	26
1	2
0	2
0	2
54	5
35	25
9	100
8	39
0	51
0	49
47	1
4	0
3	11
0	5
6	5
0	1
6	5
0	5
14	20
0	20
274	61
6	61
0	3
0	3
11	2
1	2
0	1
0	0
0	0
1	0
0	0
0	0
0	0
0	0
0	0
7	65
0	0
0	0
0	0
11	6
18	1
0	6
0	6
0	1
5	0
0	0
35	0
145	27
0	6
125	669
0	56
201	167
13	46
86	1
7	0
357	0
0	1
2	0
3	446
0	64
37	53
161	73
0	1
7	0
0	27
0	0
0	54
11	12
10	11
0	1
118	85
310	1194
0	7
8	4
634	0
0	16
394	144
317	0
0	0
516	67
12	0
0	74
12	0
112	58
2	42
0	0
9	0
4	0
6	0
0	0
0	0
9	26
0	0
0	0
0	2
12	15
0	0
0	0
92	5
62	101
0	0
97	11
19	13
0	0
4	0
0	7
133	0
0	101
0	17
11	25
449	0
0	53
136	1234
119	36
0	0
381	544
63	49
0	0
0	26
10	11
0	27
6	2
3	1
0	0
2	71
18	53
0	0
0	0
0	0
79	537
17	24
8	18
0	0
11	8
3	2
0	0
8	34
26	57
0	2
0	10
10	36
0	96
0	6
0	7
0	0
0	165
34	16
0	0
7	11
235	113
32	0
3	2
10	11
1	0
1	7
0	0
9	0
0	0
63	1
56	588
198	1405
2	22
1	1
0	2
30	377
0	21
32	4
9	0
6	0
26	101
0	0
1	33
28	45
0	96
1	0
3	61
175	68
0	20
1	0
1	0
0	0
0	7
0	7
185	182
0	2
0	23
0	8
0	0
0	13
0	13
0	13
42	3
0	0
2	1
0	1
5	5
0	3
0	0
3	0
0	0
0	0
0	0
0	0
17	18
167	54
168	201
0	0
3	195
0	168
0	0
36	18
0	18
26	0
0	0
0	50
2	0
132	48
0	5
346	0
2	0
0	5
0	5
11	9
0	7
5	0
0	0
3	8
0	8
16	121
0	4
0	0
0	0
33	57
0	0
0	8
0	18
1	16
1	2
0	3
0	3
0	3
0	8
0	8
0	2
0	3
0	3
0	0
0	0
0	0
0	52
0	112
0	64
0	58
0	30
0	45
0	5
0	18
0	27
1	78
2326	256
0	98
8	9
2	38
1099	147
1	11
0	11
16	4
1	1
0	1
0	0
0	0
0	3
1	3
0	43
0	79
0	38
0	24
0	101
0	97
10	97
1	2
6	1
1	1
0	77
0	96
0	9
0	33
0	9
0	43
0	4
0	23
0	7
1	97
0	11
1	12
14	0
6	0
11	0
8	2
0	0
0	9
17	0
1	0
0	0
0	0
166	6
0	6
2	4
0	4
0	0
0	11
6	0
0	0
0	0
1	40
0	107
4	9
0	9
0	6
0	6
349	99
0	0
1	0
3	0
0	0
7	16
0	51
0	40
8	50
0	58
30	39
0	15
3	0
1	91
0	105
62	35
17	8
0	1
2	8
2	4
4	55
0	56
0	10
0	42
0	18
0	38
0	118
4	7
0	4
0	70
0	9
0	51
0	138
0	28
0	9
0	46
2	0
0	3
19	4
5	66
0	49
0	5
0	10
0	10
0	92
0	10
0	108
0	76
0	55
0	14
0	27
0	14
0	5
0	7
0	88
3	8
2	1
0	7
0	100
0	9
0	14
0	0
0	88
0	2
2	13
1	44
0	7
1	10
0	111
0	16
0	80
0	12
0	8
0	64
8	13
0	36
0	5
0	43
0	93
0	0
186	0
1	0
1	3
0	0
0	0
3	50
33	7
0	0
4	48
0	52
0	5
2	53
0	3
0	32
0	13
0	0
18	14
0	0
8	13
0	13
0	0
0	0
0	6
0	3
21	26
0	14
9	0
0	0
0	6
0	17
0	0
1	3
17	11
0	14
13	4
5	9
24	48
1	48
0	16
0	16
0	15
0	15
0	7
0	0
5	0
0	0
0	33
0	33
0	2
1	0
1	2
0	2
5	20
1	20
1	6
0	0
9	6
11	7
0	3
373	141
0	49
1	22
0	0
0	0
0	0
0	0
1	0
3	3
0	3
14	0
0	2
1	6
0	1
0	0
9	57
0	89
2	4
0	5
2	7
8	101
0	59
1	8
0	1
361	1032
0	945
29	12
0	11
0	1
0	3
0	4
12	3
0	2
0	2
0	0
0	2
0	2
0	0
0	2
1	3
0	2
0	2
0	2
0	0
0	3
0	3
0	3
0	3
0	3
103	14
0	9
0	8
0	3
1	0
0	0
20	130
0	129
9	1244
35	1183
4	487
50	276
0	0
15	5
12	0
0	0
8	5
0	1
5	1
32	40
7	0
0	0
2	0
32	7
0	3
22	2
0	0
21	4
0	0
5	1
0	1
19	0
0	0
47	403
332	434
3	1
3	1
0	3
10	5
10	3
0	3
65	4
2	0
0	5
0	4
3	6
6	12
0	8
1	4
2	0
8	52
0	52
1	0
0	0
0	1
2	1
4	15
0	3
0	26
0	12
6	10
0	1
0	0
0	1
0	0
0	0
86	0
8	3
0	23
5	16
0	11
11	1
0	8
0	7
0	7
0	7
0	2
0	2
0	0
0	33
4	4
25	1
2	1
0	0
3	0
1	0
0	0
0	1
0	1
0	28
13	1
0	1
0	1
3	1
0	1
0	1
0	8
8	0
0	0
0	0
13	10
0	10
1828	735
0	33
0	0
75	57
0	0
0	1
0	9
0	9
146	30
0	24
12	96
2	39
0	34
0	17
0	62
0	62
0	6
11	1
0	4
0	1
0	3
0	508
18	25
0	506
0	5
5	508
0	79
0	398
1	4
1	15
3	127
19	128
0	29
0	4
2	0
0	0
0	29
10	35
0	32
0	9
33	1
0	0
0	0
0	0
15	0
0	0
32	3
0	3
2	0
1	0
7	5
0	5
0	0
1	0
12	0
8	2
0	2
0	9
0	0
31	0
0	3
0	3
4	30
7	3
2	0
0	0
0	0
24	1
10	0
0	0
0	0
0	0
0	0
0	18
0	18
2	11
0	11
0	0
0	0
3	513
0	456
188	462
7	25
0	23
0	18
0	0
0	0
2	0
1	0
4	0
0	0
0	4
0	7
44	78
0	28
4	0
0	2
0	2
29	110
2	8
0	5
0	1
19	0
0	0
0	6
1	7
0	1
3	2
0	0
1	2
6	6
0	6
0	6
8	0
1	8
0	8
0	0
8	6
0	6
48	37
0	2
33	12
0	9
0	0
0	118
0	127
11	18
0	9
0	9
28	7
0	3
142	7
0	5
0	9
0	3
0	0
2	0
0	5
0	5
0	200
0	100
12	17
0	15
0	37
4	55
0	49
0	52
0	46
0	8
0	1
0	1
0	14
0	32
0	5
0	13
0	0
0	3
27	40
0	16
48	173
259	53
2	8
0	8
33	3
5	3
17	1
0	1
0	1
1	1
24	5
0	5
3	167
0	100
14	57
0	43
32	4
35	4
0	0
0	0
0	0
0	0
0	0
2	2
0	0
3	0
515	23
0	28
0	0
0	0
28	0
0	0
0	0
0	264
0	42
5	14
116	24
1	14
55	129
3	52
0	0
1	0
0	0
1	7
0	3
0	3
8	8
2	2
6	0
0	0
2	11
0	9
2	7
0	7
1	1
0	3
1	20
0	20
0	9
0	23
0	6
22	11
2	11
7	0
0	8
0	23
3	4
12	5
2	16
34	75
12	91
7	69
0	4
4	0
2	0
21	585
0	1
0	1
0	381
2	1
0	584
42	424
0	6
5	34
3	5
1170	195
0	29
5	23
0	9
0	34
0	162
0	3
0	12
0	3
0	4
0	155
0	155
11	141
1	57
0	309
240	309
0	43
0	141
0	6
2	0
0	21
1	45
0	11
0	23
0	54
0	11
0	30
0	79
33	28
0	44
0	7
25	25
44	56
0	19
0	17
3	31
7	27
0	6
0	74
0	9
0	11
7	0
0	0
9	0
0	1
0	0
38	251
0	34
0	0
0	0
0	0
0	0
0	0
0	0
0	0
0	0
0	0
5	0
1	0
78	15
2	0
0	0
3	9
0	0
2	0
0	0
0	4
0	0
3	5
3	0
0	0
4	0
6	0
2	0
4	0
7	26
0	0
1	0
0	0
3	0
1	0
3	0
2	1
1	0
0	14
0	0
6	0
2	0
4	3
3	0
0	1
6	0
4	0
0	0
0	0
0	4
0	0
12	0
5	0
0	11
4	0
0	0
2	0
6	0
0	0
4	0
0	0
1	2
1	0
10	0
2	0
2	0
18	0
25	0
0	0
0	0
5	0
12	7
0	0
1	5
1	0
2	0
2	0
0	8
0	7
4	1
1	6
0	0
4	3
0	6
3	0
0	0
0	0
0	16
0	0
1	0
2	0
0	4
0	5
1	0
0	19
2	0
4	1
6	17
3	0
0	0
0	0
0	0
1	3
1	0
1	0
0	0
1	0
3	0
0	30
2	0
0	0
0	2
4	0
0	1
0	2
0	0
147	112
10	0
0	0
7	2
11	1
2	0
0	0
0	0
0	0
3	0
9	0
8	0
1	0
3	0
4	6
3	0
6	1
3	0
0	1
1	0
1	0
9	0
0	0
4	2
0	0
6	28
6	0
2	0
2	42
0	3
1	0
4	0
2	0
0	6
1	0
0	0
0	1
16	15
0	1
0	0
0	27
2	0
2	0
0	0
5	0
5	0
7	7
0	0
2	0
12	15
0	29
0	1
0	0
0	5
0	5
2	0
0	0
0	0
0	0
1	4
0	0
0	0
3	0
4	5
1	0
2	16
1	0
0	0
0	0
7	0
7	0
0	0
0	0
11	17
0	0
0	0
0	1
3	0
3	0
9	4
1	0
0	2
3	0
5	0
0	0
3	0
0	0
1	0
31	16
2	0
1	0
0	0
4	19
0	0
9	4
0	1
1	0
9	31
0	0
1	0
15	0
0	0
1	6
20	0
3	0
0	0
0	0
3	0
2	8
1	0
1	0
5	0
0	0
0	0
2	1
2	0
0	0
7	0
0	0
14	0
1	1
1	0
10	0
8	3
2	25
5	0
6	0
12	8
2	0
2	0
3	66
13	0
1	0
0	0
0	0
8	0
0	0
0	0
2	5
4	3
11	1
0	0
0	4
7	10
0	0
7	0
0	0
12	0
1	3
4	0
8	0
2	1
0	69
32	0
3	0
6	60
10	0
1	1
1	0
2	0
4	0
4	0
0	0
5	37
7	0
0	0
7	0
4	6
0	0
7	0
0	0
1	0
0	0
3	0
0	0
0	0
0	0
1	10
0	0
2	0
0	0
0	101
1	0
0	4
4	2
2	15
23	27
2	0
12	1
0	0
2	0
0	3
3	0
0	9
4	0
0	0
0	0
0	36
2	1
6	0
0	0
6	0
49	1
20	0
23	0
18	0
0	0
13	0
0	0
4	0
4	0
0	0
0	5
2	0
10	0
2	0
0	27
6	0
2	1
3	0
0	0
2	0
0	0
5	1
4	0
0	39
5	1
0	9
0	0
4	0
43	4
6	0
0	0
0	0
0	0
10	47
9	0
0	0
0	0
2	0
0	0
0	0
1	0
2	0
7	2
0	0
0	1
2	5
1	6
0	0
2	0
1	0
2	1
4	2
2	0
4	0
0	3
18	29
0	0
4	0
0	0
7	49
0	0
0	0
21	0
0	0
0	12
3	0
0	0
6	1
3	0
0	0
2	0
2	0
5	0
1	0
1	12
9	1
8	9
1	1
11	0
2	0
1	13
1	0
0	17
11	0
0	0
0	17
0	7
6	0
2	0
5	0
0	47
0	0
0	2
4	0
0	0
0	4
3	0
0	0
0	0
5	0
3	0
18	1
18	8
13	3
0	0
0	0
12	3
0	0
1	1
0	0
0	9
0	1
5	8
0	1
0	0
0	0
20	0
2	0
8	0
0	0
0	0
4	17
3	0
17	0
0	0
0	0
2	0
1	0
0	0
1	0
7	0
1	0
0	0
0	0
1	0
4	35
5	0
0	1
0	0
6	0
3	91
4	0
0	0
0	0
10	0
4	0
18	9
1	0
0	3
3	0
12	0
0	0
1	0
8	0
2	0
5	193
3	0
0	14
2	0
10	1
0	0
4	3
5	0
2	4
0	0
1	0
5	0
3	0
3	0
4	0
0	0
0	0
2	0
0	0
1	0
0	0
2	0
0	0
6	0
1	0
0	0
1	0
0	43
0	0
0	0
1	6
0	0
4	1
1	0
0	0
0	0
3	0
1	5
1	6
0	13
0	4
10	0
3	0
2	0
0	0
8	4
2	4
0	0
52	24
0	0
2	0
0	0
0	0
0	0
8	0
0	9
0	0
0	0
20	0
0	0
0	0
0	0
0	0
1	11
2	0
8	0
0	1
0	0
2	0
0	19
21	0
4	0
0	0
0	0
2	0
6	0
2	6
0	0
2	3
5	0
4	5
10	0
2	0
1	0
0	0
1	10
1	0
0	0
0	0
60	0
2	8
3	0
0	1
0	0
1297	4
0	0
0	0
0	4
2	0
2	0
3	0
8	0
9	0
5	3
1	0
3	0
0	0
0	0
1	0
0	37
2	0
2	0
5	11
3	86
1	0
3	63
0	0
23	0
4	0
0	0
0	23
0	0
1	0
5	0
2	0
0	5
0	5
8	0
0	0
2	7
1	0
0	0
2	3
8	0
0	24
3	0
1	0
0	0
192	4
4	0
0	2
5	0
0	0
0	0
7	0
0	0
2	0
3	1
0	0
1	0
1	0
0	1
4	0
0	0
0	0
1	0
0	5
2	0
4	9
1	0
14	0
0	0
0	7
0	0
0	1
0	3
2	1
1	0
0	0
5	0
4	0
1	0
0	21
1	0
0	0
0	1
0	0
0	0
6	0
5	0
9	0
5	0
0	0
2	0
25	0
7	0
2	1
4	0
1	0
0	0
15	5
42	0
4	0
0	0
0	0
20	1
0	0
2	0
15	0
0	5
8	1
0	0
16	11
1	0
5	0
4	2
2	0
5	0
11	0
0	0
1	0
8	0
0	0
0	0
0	0
0	18
0	0
1	13
0	0
0	0
0	1
1	0
0	0
4	0
10	0
0	0
8	0
5	0
5	1
5	0
12	1
0	0
0	0
1	0
4	91
4	0
3	0
14	0
5	0
0	0
2	1
1	0
0	0
0	0
1	0
0	5
0	0
5	0
4	0
10	0
0	0
1	0
3	0
10	0
9	0
0	1
2	0
0	0
0	1
0	0
0	9
11	4
0	0
1	1
1	3
6	0
1	0
4	0
5	0
0	1
0	0
0	0
0	0
0	0
6	0
16	0
1	0
0	0
7	0
0	0
4	0
3	0
0	0
7	0
3	0
0	0
6	87
0	3
1	0
3	0
0	0
9	4
0	0
0	0
0	0
17	0
0	0
10	11
0	0
0	0
0	0
7	0
14	0
0	0
4	0
0	0
1	0
2	0
0	8
0	10
48	0
15	1
0	24
0	2
0	10
4	5
4	1
1	0
0	0
0	0
8	0
1	0
5	0
6	0
0	0
5	0
0	0
12	0
10	2
1	12
0	0
41	47
0	0
6	0
4	0
5	0
6	0
3	33
2	7
6	19
5	0
0	0
5	0
2	0
1	0
7	3
0	0
5	0
0	0
4	11
5	0
0	0
0	6
0	6
3	0
1	0
0	0
0	1
0	0
2	0
4	31
2	0
3	9
0	0
39	0
0	0
1	0
0	0
0	0
4	5
0	0
0	0
1	0
1	0
0	0
1	0
2	0
0	0
0	3
2	0
3	4
0	0
0	1
0	0
0	0
0	0
0	0
18	0
7	0
0	18
3	0
129	4
0	0
13	0
0	0
0	0
9	4
1	1
10	0
4	0
13	0
1	0
6	13
1	2
7	0
6	0
4	0
0	1
0	0
0	0
0	0
3	0
0	1
16	0
3	0
0	0
7	0
5	0
0	0
1	0
0	0
0	4
2	2
0	0
4	0
0	0
8	6
0	0
2	0
3	0
0	41
7	0
0	0
4	0
3	0
1	0
4	0
1	13
4	12
0	0
2	10
2	0
0	0
1	0
1	0
14	15
5	0
5	0
0	0
8	1
8	0
0	7
1	0
1	0
0	0
20	0
6	0
4	0
28	0
0	0
0	4
2	16
15	0
1	1
0	0
2	0
2	1
0	0
0	5
0	0
6	5
0	0
1	0
0	0
4	17
0	0
3	2
28	0
2	0
3	4
0	1
5	0
1	0
0	0
0	3
0	2
2	0
0	7
66	10
0	36
0	9
0	0
2	3
0	2
6	0
0	0
2	4
6	0
1	0
0	0
1	0
0	0
1	0
3	0
8	1
85	0
2	0
0	0
1	0
0	0
0	0
7	0
0	0
5	0
0	0
0	32
5	0
0	0
2	0
0	6
2	0
7	0
5	0
2	10
0	0
0	0
0	0
0	0
0	0
0	0
0	36
0	39
0	39
2	5
1	14
0	0
0	34
3	9
3	40
3	19
0	39
7	3
16	6
0	0
2	10
0	0
4	0
10	1
3	0
10	1
6	0
0	0
0	0
1	0
0	0
1	6
0	0
0	0
0	0
6	2
0	0
0	1
0	0
10	0
0	1
3	3
0	0
9	0
0	0
3	0
5	0
8	0
1	7
0	3
16	0
2	0
3	0
0	256
0	0
3	0
0	23
6	0
0	0
0	0
2	48
4	2
12	6
8	0
4	0
1	7
0	8
1	4
3	0
16	0
0	0
3	1
1	0
2	0
0	3
0	0
4	0
0	0
1	0
2	1
1	0
1	0
5	10
0	12
0	2
0	0
1	0
3	0
2	0
4	4
1	2
3	1
1	0
0	58
0	0
1	0
3	0
13	0
0	0
1	0
2	0
1	7
5	0
10	4
53	0
1	0
8	0
6	0
2	0
3	0
0	0
0	1
4	0
0	0
1	2
0	23
7	0
0	0
1	3
4	0
0	35
0	0
7	0
5	19
0	0
0	0
10	0
3	0
0	0
0	26
0	0
0	0
0	0
0	0
0	1
7	0
3	0
1	1
4	4
5	0
1	18
2	0
2	0
8	0
1	5
0	0
6	48
5	1
379	3507
0	4
2	12
2	0
0	0
0	35
2	23
10	20
0	1
0	0
5	0
3	2
10	0
0	0
1	15
1	0
9	0
0	0
12	0
8	775
1	0
2	13
4	0
2	0
0	23
2	0
5	12
11	0
0	0
1	0
1	0
3	33
2	0
3	0
1	6
1	0
4	0
0	0
1	0
1	4
0	0
0	0
1	0
0	0
0	11
1	0
0	0
8	0
0	0
0	0
6	0
0	1
2	40
0	0
10	0
5	0
1	1
16	2
0	35
5	0
1	2
0	0
0	2
3	23
0	0
0	1
1	1
0	1
1	0
5	22
6	144
0	0
1	0
22	32
0	12
1	1
10	1
2	8
0	0
3	0
1	4
0	37
1	0
12	5
4	0
0	0
1	0
2	0
2	0
0	0
1	0
0	9
4	0
0	0
0	0
0	3
7	0
0	1
0	0
3	0
0	20
2	12
4	0
0	0
0	0
1	0
3	0
8	0
0	0
0	5
0	1
4	2
0	0
10	1
10	0
1	0
8	0
3	0
1	0
12	12
0	0
6	0
2	0
4	2
1	0
1	0
0	0
1	0
4	13
0	0
0	14
1	0
1	16
0	1
0	17
3	0
7	4
0	0
0	1475
1	1
17	0
0	0
0	0
0	0
4	4
7	0
0	0
0	0
6	0
9	0
1	29
3	0
4	0
3	11
5	0
9	0
21	25
0	0
1	0
7	0
1	0
6	0
6	0
1	0
5	16
0	4
4	31
4	9
35	0
0	2
3	0
8	0
1	1
11	0
0	0
3	0
10	0
17	0
6	1
0	16
3	0
0	0
3	0
4	0
2	16
0	19
8	0
13	0
2	55
0	0
2	0
5	0
0	4
0	0
1	0
13	0
0	0
2	1
4	0
0	0
4	0
0	21
3	34
3	0
0	7
9	0
4	2
0	1
0	15
6	0
0	0
5	2
9	24
0	2
4	0
1	1
0	0
3	0
9	0
0	1
6	15
0	0
3	0
0	6
0	0
0	0
13	62
7	30
0	0
8	0
0	0
0	4
0	27
0	1
3	0
9	0
0	0
3	12
0	0
0	0
4	4
13	0
6	0
1	0
26	0
0	0
2	0
3	0
3	0
0	0
5	30
8	0
6	0
0	0
0	0
7	0
4	0
0	50
2	0
1	0
2	0
1	0
0	21
6	0
16	2
0	21
0	54
1	0
2	0
12	4
0	0
1	7
2	4
0	18
0	14
0	24
0	2
0	1
14	0
13	0
0	19
0	0
0	0
144	291
1	0
0	27
0	2
6	0
4	0
13	0
3	0
4	7
0	0
0	18
4	0
0	0
6	0
8	0
0	0
0	23
1	0
4	0
0	8
0	0
1	17
0	2
3	0
21	12
0	4
39	0
0	0
0	0
6	0
2	0
51	0
1	0
37	0
74	14
11	0
0	10
1	1
18	1
1	0
0	12
3	0
2	18
0	5
0	0
0	23
0	1
2	0
16	0
0	4
0	15
4	4
0	79
1	0
30	282
14	0
3	0
2	0
0	0
3	0
1	2
2	0
10	0
13	0
0	0
1	0
6	23
1	0
13	31
1	2
3	0
3	1
3	0
6	0
27	0
5	3
0	4
0	2
0	25
1	17
1	4
3	18
8	3
0	0
0	0
1	0
0	44
12	0
1	5
0	0
10	0
8	0
0	0
0	0
0	4
20	0
11	0
8	0
3	0
0	0
4	0
0	0
58	2
0	2
0	0
17	3
0	0
9	0
0	0
28	18
3	11
0	0
53	0
0	27
10	0
0	21
5	0
0	1
0	0
0	0
0	3
4	7
1	1
0	0
4	0
13	0
5	0
2	0
0	0
1	0
0	18
5	5
12	12
11	0
3	42
6	0
8	7
0	0
9	0
5	0
9	49
3	0
13	11
0	30
0	0
2	0
8	0
3	0
2	7
9	0
5	1
8	1
0	0
1	0
1	0
5	0
11	0
0	1
22	0
0	0
1	0
4	0
0	5
6	14
0	0
9	0
0	3
0	0
4	4
1	0
1	0
13	77
2	0
0	2
1	0
0	0
4	0
0	21
3	120
52	6
0	43
13	0
4	0
9	0
4	0
1	0
2	3
0	1
1	0
0	0
6	30
1	3
0	0
1	2
15	0
0	2
3	0
0	1
9	0
0	0
0	1
1	0
2	0
2	1
1	1
10	0
1	2
2	0
1	16
4	0
3	4
0	0
1	71
1	2
10	5
0	0
2	0
0	0
2	0
8	9
7	3
3	0
0	5
5	2
3	5
1	0
4	0
0	0
0	0
9	0
1	0
1	0
11	0
0	4
1	10
0	0
1	0
4	0
0	0
0	78
0	0
12	0
0	0
11	0
2	0
0	0
2	0
1	0
0	0
0	4
17	0
48	101
6	0
2	0
5	0
3	0
27	0
0	0
1	0
0	0
4	0
0	0
0	0
1	0
20	0
2	0
0	21
1	0
2	0
0	0
4	14
0	19
11	0
1	0
2	0
5	6
2	7
14	0
0	13
4	0
8	0
0	0
0	1
8	0
2	0
3	0
0	0
3	41
0	0
0	0
1	0
4	0
4	0
3	4
4	0
0	0
2	0
0	3
0	1
0	71
0	0
0	0
0	0
0	0
5	0
8	0
0	0
3	0
9	0
0	0
4	0
0	0
8	0
2	0
4	4
2	0
8	0
34	32
9	0
2	4
7	0
0	0
1	5
3	4
6	0
3	0
1	5
0	0
0	0
5	20
0	0
1	0
1	4
8	6
4	0
5	0
6	0
0	0
0	0
0	0
7	15
0	0
1	14
30	3
0	0
1	0
0	16
8	0
1	9
2	0
0	0
5	0
2	0
13	2
0	0
15	0
5	1
15	0
7	0
0	0
2	5
1	0
16	0
9	0
0	28
0	0
0	0
0	3
0	0
9	0
1	0
10	18
3	22
0	0
1	2
3	11
9	0
0	0
0	0
11	0
2	0
7	0
7	0
6	0
5	0
1	0
2	0
3	3
0	0
9	0
8	0
0	0
5	0
0	0
1	0
3	46
4	1
23	0
0	15
0	0
49	9
1	0
0	22
8	0
2	0
6	0
9	0
3	0
27	6
2	8
7	6
0	0
0	13
0	27
33	5
0	0
0	3
0	0
0	4
0	0
8	2
1	0
1	1
6	0
41	0
5	0
7	0
1	0
0	0
2	4
0	0
2	1
3	0
0	0
0	0
0	0
0	6
2	0
0	6
0	0
0	0
10	0
6	6
0	2
17	0
0	11
7	1
0	1
1	0
7	0
5	0
0	0
0	0
3	0
4	0
0	0
0	0
1	0
14	0
3	18
7	0
0	0
18	2
0	0
1	0
70	10
0	0
10	8
2	0
2	0
64	2
7	0
1	0
0	0
4	0
16	0
24	0
0	0
0	17
0	0
10	0
29	0
0	0
3	9
4	0
1	0
0	0
1	0
1	0
1	0
1	1
9	0
12	3
7	0
2	0
10	0
1	10
4	8
1	8
9	0
7	0
1	0
5	0
5	3
10	0
9	0
1	0
1	6
26	44
0	35
2	0
0	0
5	0
0	0
1	0
7	9
6	0
0	0
12	1
0	0
0	1
6	2
0	0
3	2
0	0
10	0
8	0
0	0
6	72
2	0
3	0
1	3
0	0
0	0
0	0
0	0
5	3
6	0
3	0
0	4
0	2
0	1
10	0
0	0
10	8
0	0
11	0
2	7
0	0
9	4
9	1
2	0
56	10
5	0
1	0
4	0
7	1
0	0
1	0
316	1061
2	0
14	16
7	0
1	0
11	0
5	0
9	0
6	0
3	15
4	0
6	6
11	0
22	0
0	0
9	3
0	5
4	5
0	0
0	0
0	0
9	0
0	0
0	5
0	0
6	0
4	0
2	5
0	0
0	6
1	8
1	3
1	4
7	0
0	24
2	0
0	4
0	10
0	0
0	0
3	0
1	3
4	0
0	1
4	0
2	0
0	0
5	6
1	0
3	0
0	0
7	37
0	0
0	1
0	1
0	1
12	1
1	0
0	0
0	3
7	3
9	0
1	0
1	0
3	1
4	0
11	0
9	2
1	14
18	17
1	0
6	0
7	0
0	3
1	0
16	0
36	0
2	0
1	0
6	0
9	0
0	1
1	5
5	11
14	0
0	5
0	0
4	0
7	0
0	0
0	0
1	16
0	18
0	0
3	0
3	0
2	1
336	191
0	0
0	0
0	0
7	0
0	0
13	3
2	3
1	16
6	0
37	0
14	1
8	0
0	0
0	13
3	0
26	13
5	0
7	0
5	53
9	4
44	14
1	13
0	4
87	0
0	0
9	0
3	0
1	0
4	0
1	0
3	0
1	0
6	0
10	0
5	3
0	28
0	0
16	5
0	0
0	0
1	0
0	0
0	0
6	5
0	0
6	0
0	0
1	0
4	2
7	0
0	1
54	0
1	3
0	0
9	0
11	0
0	0
2	0
3	0
3	0
0	0
0	13
7	8
12	0
0	8
0	6
25	0
7	0
0	0
3	3
0	0
7	0
0	0
5	0
1	0
5	0
22	0
2	0
7	0
5	0
10	0
8	14
1	1
0	0
4	0
0	0
5	0
3	10
8	0
12	0
4	7
0	23
9	0
7	2
1	33
0	0
0	3
0	0
0	0
4	0
0	0
0	0
151	0
0	0
0	0
3	1
4	2
0	0
0	0
0	0
2	0
19	6
6	0
17	2
5	0
3	0
2	0
11	0
7	0
3	0
8	31
0	0
4	0
0	0
0	0
20	0
0	0
4	22
0	5
1	0
12	18
0	0
10	0
44	13
3	1
0	0
0	0
2	0
214	0
0	2
2	0
4	0
0	0
1	0
1	3
0	0
0	0
0	9
1	14
1	0
42	2
4	0
0	32
6	0
1	0
0	0
3	0
0	0
8	0
8	3
0	0
1	0
12	0
1	0
2	0
0	0
0	0
61	17
2	0
8	14
10	5
35	0
0	0
1	0
5	0
2	7
2	0
0	0
0	0
3	2
0	0
0	15
11	14
7	0
0	0
3	0
11	0
13	4
19	0
0	0
5	0
1	0
0	0
0	0
5	0
5	3
2	0
180	45
6	48
0	0
0	39
14	0
0	0
3	0
0	51
0	0
1	7
2	0
0	0
0	0
2	0
1	0
20	3
25	0
0	0
12	0
0	4
0	18
0	36
0	0
0	0
3	0
4	0
0	0
14	0
3	0
10	0
3	8
1	0
9	0
2	25
41	0
1	0
1	0
0	0
0	0
1	0
2	2
0	0
2	3
4	0
3	10
0	0
32	0
0	169
0	0
4	0
3	0
1	2
0	2
0	0
0	12
15	1
1	0
6	1
0	0
0	11
0	0
2	0
0	0
0	0
0	0
27	0
12	4
1	0
8	0
3	0
8	0
31	0
0	0
7	0
1	0
18	0
1	0
1	0
0	0
5	0
1	0
4	0
0	7
19	6
0	26
5	0
9	0
0	0
0	0
12	0
3	0
9	4
21	0
6	0
1	78
4	0
6	0
4	0
0	0
5	0
27	0
8	10
1	0
0	3
2	0
4	0
3	0
2	0
1	8
2	0
4	0
12	0
0	0
0	5
1	0
0	19
3	0
1	1
1	0
0	0
25	0
0	0
0	0
11	0
1	0
5	0
0	2
3	0
5	0
2	0
17	0
2	0
11	16
0	0
1	0
0	0
0	2
0	0
0	0
0	0
15	2
0	0
0	0
5	0
0	38
12	40
9	3
1	0
5	1
5	0
0	6
6	0
18	3
0	0
0	5
0	0
2	0
0	6
0	0
11	0
1	0
0	31
27	0
3	0
8	0
14	5
6	0
9	0
78	18
0	0
0	30
1	3
0	0
0	13
12	1
0	0
0	0
0	0
1	0
2	0
5	8
4	6
3	34
1	0
5	0
5	0
8	0
3	0
0	58
2	5
0	60
0	2
0	10
4	0
13	3
9	0
8	0
0	0
1	0
3	0
5	0
9	0
4	0
11	1
2	0
1	1
1	0
5	6
1	0
0	0
0	22
0	0
1	0
0	0
0	0
5	0
38	0
2	2
0	0
0	0
8	0
0	37
20	0
1	0
5	0
0	0
6	6
17	0
12	3
0	0
0	2
1	0
1	5
26	0
1	0
9	5
5	0
18	0
0	0
47	7
57	0
0	0
4	0
0	2
0	12
0	0
0	0
8	0
0	0
1	0
0	0
0	0
5	0
0	0
9	1
0	0
4	0
0	22
3	0
0	0
0	0
5	0
1	0
2	0
2	5
0	0
0	0
0	0
0	0
0	0
0	12
0	10
17	0
4	0
15	0
0	31
0	18
0	0
0	0
0	0
0	2
5	0
0	14
0	0
4	0
4	0
0	0
0	9
9	0
2	6
6	5
7	3
8	0
1	0
0	0
3	0
0	0
3	25
2	0
3	0
1	43
2	0
3	0
17	1
3	2
5	3
0	19
0	0
8	0
1	0
0	0
5	0
4	0
5	0
2	0
57	36
3	0
0	0
0	0
17	0
4	0
4	0
1	0
0	0
11	0
0	0
9	0
0	0
0	0
5	0
8	0
14	0
0	3
6	1
3	0
1	0
3	0
0	0
8	0
4	2
0	0
0	0
3	0
5	0
4	50
3	1
5	0
6	0
0	1
0	3
0	0
0	0
29	0
0	0
1	2
0	0
4	0
0	2
7	27
0	0
8	0
4	0
0	0
1	0
14	0
2	0
6	0
0	0
3	0
7	0
0	0
8	0
0	0
4	0
2	0
9	0
1	0
0	29
8	0
6	0
1	0
6	0
15	0
7	18
1	0
0	9
8	3
0	0
0	0
1	1
6	7
0	0
0	1
13	0
1	10
0	0
5	0
1	0
0	0
6	0
3	0
119	0
1	0
1	8
2	0
71	3
13	5
0	0
0	0
0	0
1	0
0	37
0	0
2	0
11	20
3	2
4	2
8	3
2	7
0	0
4	16
5	0
12	5
2	12
1	7
0	0
1	172
0	0
4	0
1	0
1	0
5	0
0	0
17	1
0	0
3	11
1	2
16	2
4	8
2	1
15	3
9	0
0	0
1	0
0	0
0	15
0	2
3	0
2	0
6	0
0	0
41	0
0	0
3	0
6	0
4	2
0	0
1	0
1	1
0	0
60	17
8	1
1	0
0	0
3	1
1	8
5	1
21	0
0	0
0	0
1	0
4	0
69	23
4	2
1	6
0	0
241	90
2	0
7	0
4	0
8	0
5	0
1	0
1	82
6	0
1	7
0	0
0	1
8	0
2	0
0	0
6	5
1	0
0	21
0	0
13	191
5	0
2	13
7	0
4	0
7	3
6	0
0	0
0	7
8	0
2	0
4	54
13	2
6	0
2	0
2	0
0	1
2	0
8	0
4	0
12	0
5	2
13	0
5	3
0	21
8	12
0	0
11	0
3	0
12	0
5	0
1	0
7	0
2	0
0	0
7	0
0	8
1	6
3	0
5	0
0	0
5	0
40	0
2	0
0	0
8	0
3	0
4	0
0	0
0	0
0	0
2	24
2	1
35	0
3	2
1	35
1	4
5	0
2	0
0	0
0	0
19	0
0	14
1	9
0	0
0	0
0	0
4	0
1	1
7	12
2	0
1	0
0	6
9	0
1	0
5	0
0	0
2	0
2	1
8	0
55	8
0	0
0	0
0	0
0	2
13	0
0	0
9	0
2	0
3	0
0	6
0	0
0	0
2	4
10	0
0	26
6	0
1	0
2	0
19	1
0	0
1	0
3	17
5	0
14	0
8	3
0	0
12	1
2	0
9	0
19	0
0	21
4	2
10	0
0	0
0	0
1	1
0	8
2	1
0	0
0	4
0	0
33	0
3	28
0	0
19	0
40	0
0	1
4	14
5	4
0	25
4	52
0	2
1	0
0	0
4	0
12	0
1	0
7	0
0	0
1	0
6	0
0	2
4	10
43	22
2	0
0	0
1	0
0	0
0	3
11	2
0	0
1	0
4	0
6	0
2	0
2	0
32	7
0	0
0	0
34	13
1	0
0	0
7	5
2	0
1	0
3	0
1	0
1	0
1	13
2	0
1	0
6	0
0	8
9	0
0	0
3	0
0	0
1	0
2	0
3	0
0	4
1	0
0	0
3	0
1	23
9	0
1	2
4	0
13	6
0	0
31	21
0	0
0	1
5	0
9	0
1	0
20	5
0	0
0	25
0	0
0	0
10	0
10	25
3	0
1	10
0	3
2	0
2	0
1	5
0	5
0	0
31	0
0	5
0	0
5	67
0	0
4	0
2	0
10	0
0	0
6	0
0	0
10	0
17	9
34	141
0	0
3	0
0	0
1	0
0	0
0	0
3	0
0	0
16	22
7	0
7	0
0	0
0	0
0	186
7	0
61	189
4	0
8	6
0	0
0	0
3	0
10	0
3	0
0	0
0	0
29	74
4	11
0	2
3	0
3	0
0	0
11	14
6	6
0	0
0	2
1	0
4	8
0	0
0	0
35	11
1	0
1	0
22	25
1	0
1	32
0	0
0	29
4	0
22	780
12	4
1	1
0	3
32	11
1	0
33	8
2	0
1	2
11	10
0	25
0	0
0	0
2	25
5	38
1	3
7	0
0	0
3	0
5	0
1	0
1	36
8	0
0	3
0	0
0	3
0	0
3	0
9	0
3	0
13	0
3	0
14	0
8	2
40	25
0	0
558	1203
3	0
0	0
9	0
0	0
10	0
0	0
2	3
11	0
1	0
5	0
3	1
27	0
1	0
0	4
0	42
0	0
0	2
3	14
0	0
12	0
0	0
1	0
2	2
12	0
0	0
8	0
17	0
19	0
8	0
2	0
9	1
4	5
2	0
0	0
0	0
0	0
0	50
3	0
0	0
0	4
1	0
7	0
3	0
5	0
16	0
0	0
0	0
11	0
0	12
0	0
3	1
0	0
4	0
0	0
0	0
0	0
4	0
4	0
4	1
2	3
0	3
0	0
15	0
4	0
20	9
1	0
5	0
0	0
64	22
28	0
272	90
117	93
6	0
0	0
2	0
0	0
0	0
0	1
39	0
5	0
3	0
0	11
1	0
3	10
4	0
1	0
1	0
30	0
0	0
6	0
1	0
0	1
0	0
2	0
0	11
1	0
9	0
16	1
5	1
1	0
6	0
7	780
76	31
0	0
0	0
0	0
4	0
3	0
1	0
2	0
0	2
11	0
1	42
32	0
5	1
0	0
11	0
5	0
1	1
0	0
0	8
0	7
0	0
0	0
0	1
12	0
0	0
1	0
0	42
2	0
9	42
2	0
9	0
1	9
3	0
0	0
4	0
16	0
1	9
0	9
1	3
2	0
0	0
10	0
0	9
6	0
7	0
18	0
7	0
2	0
2	1
0	0
1	0
1	17
7	1
7	4
2	0
5	0
1	2
0	0
0	0
0	0
4	0
2	0
1	0
1	1
2	1
2	3
0	0
11	0
0	0
20	0
0	0
0	4
0	0
0	0
9	0
0	0
2	0
0	0
1	0
0	0
0	15
1	0
6	0
1	0
1	0
0	0
0	11
1	0
8	0
11	0
0	0
2	0
7	0
3	0
2	0
0	0
9	5
1	36
0	0
0	8
0	0
12	2
7	6
23	18
5	0
4	0
0	0
0	0
1	0
6	8
4	0
0	0
3	2
0	0
0	0
5	1
0	0
2	3
0	0
0	4
495	52
1	5
15	0
31	0
0	41
0	0
0	36
0	0
2	0
3	0
0	4
12	3
23	1
0	1
1	2
10	5
1	0
8	0
0	0
4	0
0	0
0	0
1	0
4	0
2	75
2	10
1	0
0	0
21	0
15	0
17	0
3	0
1	6
1	0
4	0
3	0
0	0
0	31
0	1
7	2
59	0
6	0
2	0
9	0
26	1
1	0
0	0
1	0
4	0
6	0
0	0
6	0
0	3
2	1
8	1
2	0
11	1
0	4
2	24
0	13
11	0
1	0
1	0
0	0
0	0
9	0
3	0
3	0
4	0
0	0
15	0
7	0
0	0
1	0
1	0
0	0
122	141
1	0
5	0
4	0
6	0
1	0
1	0
2	0
0	66
0	10
0	1
0	3
10	6
2	0
0	0
1	4
17	0
0	11
0	0
0	0
2	0
0	29
3	24
0	41
0	0
0	0
6	0
2	0
4	2
0	31
49	11
0	0
0	0
13	0
3	0
27	0
5	10
6	0
3	0
0	0
1	0
0	0
1	6
15	0
0	0
0	0
7	0
0	1
125	0
3	0
1	0
0	0
5	0
0	0
0	0
10	0
12	0
15	0
219	0
1	0
0	0
12	0
3	0
5	0
0	0
0	0
4	0
0	1
2	0
0	0
2	0
0	0
0	0
6	0
0	0
0	0
12	0
0	0
8	0
7	0
0	5
5	1
6	0
0	0
2	1
0	0
2	0
0	0
4	19
1	0
3	0
17	16
0	0
6	0
4	0
3	0
1	0
13	0
0	8
0	1
8	9
0	2
7	10
6	8
4	0
0	0
2	0
12	0
0	0
0	0
2	5
2	3
8	0
0	0
3	0
7	0
0	4
0	1
0	2
2	0
4	0
2	0
2	0
0	0
9	3
1	0
6	0
0	0
26	0
2	0
0	0
12	0
3	6
1	2
0	0
5	0
8	0
0	0
0	9
0	0
0	15
0	19
4	28
0	0
0	0
3	0
0	0
5	0
9	7
15	10
1	0
12	0
0	0
3	0
1	0
12	0
1	0
0	10
1	0
0	2
1	0
0	0
0	10
0	0
1	0
9	5
1	0
3	0
1	0
2	0
0	0
0	8
1	0
3	5
17	0
3	0
16	15
14	0
27	0
4	0
0	0
15	1
13	0
2	0
3	0
6	0
3	0
3	0
2	24
0	0
0	0
2	0
1	0
0	0
0	0
20	0
4	0
6	3
0	0
0	0
0	0
9	0
30	4
1	0
5	0
0	0
6	0
16	0
0	0
42	4
0	0
2	0
1	15
0	4
0	10
4	0
0	0
0	0
1	235
1	0
0	0
1	0
0	0
2	0
0	0
0	66
0	0
0	0
1	14
1	0
5	0
9	0
1	13
1	0
13	3
0	0
0	0
0	7
3	0
0	4
0	8
0	0
2	0
5	0
2	0
1	11
4	5
2	0
15	0
0	6
5	1
0	20
5	0
2	0
7	0
11	9
0	0
0	0
1	0
0	0
0	5
0	0
0	0
7	0
6	3
7	0
10	0
0	0
0	6
4	0
3	0
5	0
0	0
0	0
3	21
12	0
1	0
11	0
2	2
0	5
0	10
0	0
2	0
0	5
7	0
0	0
0	7
1	0
1	0
5	0
1	8
0	0
11	0
0	0
24	0
12	0
0	5
0	0
4	0
2	0
8	0
8	0
14	0
0	3
12	3
0	0
0	0
1	0
0	0
6	114
0	0
4	0
2	3
1	28
0	0
0	0
0	0
1	50
2	0
17	0
0	0
2	18
0	4
0	28
0	0
1	5
10	0
3	81
1	1
0	0
5	0
7	0
17	0
0	6
8	0
29	0
0	0
5	0
0	0
2	0
4	0
12	10
1	0
5	0
15	0
2	0
14	6
3	0
4	0
1	0
0	0
1	0
0	0
1	0
9	3
6	0
17	0
1	0
2	0
28	1
1	0
1	0
4	0
1	0
5	0
8	9
5	0
3	1
0	0
0	0
0	0
0	0
5	0
0	0
0	0
0	2
0	0
1	23
3	0
4	0
2	0
2	0
6	3
3	37
9	0
0	0
2	2
11	0
0	9
1	52
0	0
0	116
3	0
2	0
0	0
0	0
12	0
0	0
4	0
10	0
0	0
0	5
0	0
3	0
0	4
11	0
1	0
0	0
14	12
6	2
1	12
0	0
1	0
3	0
9	0
0	0
2	3
0	0
15	0
14	0
3	0
5	33
1	0
19	0
11	18
0	0
8	2
0	0
3	0
6	30
0	0
0	0
0	0
1	0
6	0
4	0
4	7
0	0
0	0
1	0
0	0
649	0
4	6
6	0
0	1
1	0
2	0
0	5
0	0
13	0
0	14
3	15
8	2
3	1
5	0
7	11
2	2
1	0
6	0
13	1
0	0
0	0
0	1
2	0
0	0
0	0
3	7
0	14
2	0
0	0
0	0
10	5
2	103
0	3
0	17
2	5
2	2
0	0
1	0
1	2
11	0
11	0
3	0
8	0
87	89
19	45
0	11
4	18
0	93
10	0
126	24
3	0
18	0
0	0
0	3
0	0
0	56
2	0
0	4
4	4
0	8
1	0
1	0
0	10
10	6
1	0
0	3
2	0
0	0
1	1
0	16
5	0
19	0
0	0
2	0
8	0
0	0
0	14
2	0
0	8
8	0
0	15
0	0
0	2
1	0
0	0
3	0
1	0
0	1
0	0
5	0
5	0
0	0
0	0
0	0
7	9
10	0
0	0
1	0
0	0
11	10
2	0
3	0
0	5
3	0
0	0
0	0
3	5
0	105
12	0
3	0
17	0
0	6
0	0
0	0
14	11
6	0
4	0
12	9
0	0
1	0
0	4
0	0
0	1
6	0
18	0
9	0
0	0
3	2
9	0
8	1
7	0
2	0
3	0
21	0
5	0
35	0
3	0
7	0
2	45
0	0
0	0
0	0
8	1
13	12
1	0
2	0
6	39
2	0
9	2
0	0
12	17
0	7
2	0
0	0
4	12
3	0
0	0
0	1
17	0
4	0
4	1
3	56
2	0
39	0
1	0
1	3
0	0
2	0
1	0
10	0
0	0
4	0
0	1
4	0
0	0
2	0
0	0
14	3
15	0
0	0
1	3
1	0
2	0
1	0
1	0
0	2
2	0
2	0
1	0
0	4
5	0
17	0
0	0
0	0
1	0
9	0
0	1
6	0
6	6
11	0
10	0
1	0
0	0
5	0
0	0
10	0
0	196
1	0
0	0
3	0
4	25
1	0
0	7
0	0
0	0
2	0
4	5
8	0
8	0
1	0
0	0
0	5
6	0
8	0
0	0
0	0
0	0
1	7
3	0
1	0
7	3
2	0
1	0
6	0
18	0
10	0
5	0
7	6
5	0
12	0
2	0
1	0
11	0
0	0
0	0
0	0
6	0
0	2
0	0
0	0
0	0
0	2
2	0
0	1
17	1
2	0
0	0
27	4
0	0
1	0
0	0
10	4
2	1
15	0
0	6
2	7
2	4
0	1
0	0
3	31
10	0
8	0
2	1
5	0
25	0
3	0
0	15
6	0
6	5
5	0
3	0
4	0
9	5
0	0
2	4
3	4
1	33
7	4
0	0
4	0
2	0
10	0
11	0
4	0
0	0
4	1
2	14
0	6
9	0
0	0
0	0
0	1
9	0
7	0
1	0
17	9
4	0
1	0
1	0
5	0
3	0
6	9
21	6
4	0
0	1
6	0
3	7
9	0
1	0
4	0
0	0
1	0
1	0
0	0
0	0
18	14
2	0
0	96
4	27
4	0
1	0
0	26
39	2
0	10
8	0
17	0
0	0
0	6
2	11
8	0
0	5
5	14
2	0
0	4
0	0
2	0
1	5
0	8
3	0
0	0
0	0
0	0
0	10
1	0
0	16
0	1
2	69
0	0
3	0
0	0
13	0
0	0
0	11
0	7
0	3
2	0
0	2
0	0
2	0
0	0
0	0
15	0
16	0
2	0
3	1
4	2
5	0
0	10
2	0
3	2
1	0
0	0
5	0
5	62
1	0
0	0
2	0
1	4
2	0
1	1
3	0
0	0
10	0
0	2
0	0
42	24
6	0
4	16
0	0
0	0
0	0
0	9
0	0
1	0
4	0
12	17
0	0
0	2
10	0
30	5
3	0
0	0
1	0
1	15
2	0
0	0
2	0
7	8
1	0
11	0
32	0
1	0
0	15
1	97
2	0
1	2
1	0
2	0
0	0
0	0
7	0
16	0
1	180
2	0
2	10
0	31
0	0
0	0
0	0
2	7
0	0
10	13
3	4
0	0
0	10
0	0
0	10
1	0
0	1
1	9
8	1
0	14
0	6
16	0
4	17
1	2
6	0
5	0
0	3
5	18
0	0
15	2
0	4
23	5
0	0
0	0
1	12
5	0
1	0
0	0
20	0
189	0
2	13
6	0
6	0
3	0
16	7
1	0
2	0
0	4
0	0
3	0
2	0
0	0
2	0
1	0
0	0
0	1
3	0
6	4
1	0
0	0
1	0
14	0
0	0
0	0
0	29
0	0
5	35
0	0
0	16
0	0
4	0
2	0
0	1
0	1
0	0
3	0
0	27
10	0
0	0
5	0
15	1
0	0
8	1
0	17
3	0
0	1
5	0
0	0
1	0
0	0
0	19
2	1
0	1
1	0
0	0
3	0
1	30
1	0
1	0
0	0
0	0
5	5
1	0
8	0
2	0
2	0
3	0
12	0
1	0
1	1
29	0
2	0
1	0
9	0
5	0
5	4
0	0
7	7
0	0
2	0
0	10
0	5
0	0
4	0
1	0
0	0
0	0
4	0
28	0
0	0
4	0
1	0
0	10
0	0
0	0
2	0
2	0
1	0
0	1
5	0
3	0
2	0
0	0
0	0
9	0
0	0
6	0
3	0
3	0
6	0
8	0
2	0
2	13
0	18
5	0
24	1
2	0
0	0
14	5
0	16
8	19
2	34
1	0
8	0
9	1
0	0
0	10
0	0
0	0
2	0
0	0
9	0
0	0
1	2
0	0
4	0
0	0
1	0
0	22
0	1
0	0
3	2
0	0
0	0
0	20
0	4
1	0
0	0
0	2
0	0
7	7
4	0
1	39
6	5
7	0
0	0
0	0
2	0
0	0
0	0
1	0
19	2
0	0
6	0
1	0
5	7
4	0
2	0
4	0
1	0
0	0
0	0
9	15
0	1
0	17
7	0
3	5
0	2
0	26
3	0
0	0
2	0
4	0
4	0
11	5
24	3
0	1
0	0
0	0
6	0
4	0
4	0
7	0
0	0
0	0
2	0
1	0
0	0
0	3
11	0
0	4
6	1
1	0
1	0
2	0
98	0
1	0
0	3
3	0
10	2
1	5
1	0
3	0
16	0
0	4
0	0
0	0
7	0
0	0
0	0
0	0
4	0
1	0
0	0
0	0
11	13
4	1
2	0
1	4
4	4
1	21
5	0
0	0
6	0
1	0
0	0
0	0
2	0
1	0
1	0
15	15
10	0
0	0
3	0
493	448
5	5
2	0
7	0
15	7
1	0
3	0
2	0
0	0
2	0
3	0
1	0
0	0
10	0
0	0
14	0
1	0
9	0
0	0
16	0
1	0
11	1
1	4
31	6
12	0
7	1
0	2
0	0
9	0
6	0
11	4
6	29
6	0
6	3
0	0
7	0
9	0
0	1
1	0
0	0
6	0
2	1
0	0
0	11
0	0
11	2
2	12
0	0
0	1
0	0
1	0
1	0
0	0
9	0
7	0
3	15
0	1
10	0
4	0
7	3
8	0
5	0
10	0
0	0
1	4
0	0
0	0
4	4
5	0
3	1
3	3
3	0
4	0
0	0
0	0
5	0
4	0
12	0
0	0
0	8
0	6
1	3
18	0
0	0
2	75
0	0
12	2
6	6
0	0
24	0
3	0
8	47
10	0
2	0
0	8
2	0
1	0
0	2
5	0
41	0
0	0
3	0
2	0
2	6
1	0
54	0
0	11
1	0
1	5
2	0
0	0
0	1
15	0
20	0
2	0
4	5
3	0
0	0
12	0
1	0
0	0
1	1
1	0
1	0
0	0
17	0
4	0
12	0
0	0
3	0
3	0
6	1
0	0
0	0
1	0
1	0
2	1
1	0
1	1
2	87
11	0
9	0
1	0
0	7
0	0
22	0
1	0
8	0
0	15
19	1
3	0
1	0
34	1
3	4
3	0
0	0
1	0
0	8
0	0
174	253
1	0
0	3
5	55
1	6
0	0
3	0
1	0
0	0
0	0
0	30
2	0
0	0
0	0
1	0
0	7
0	0
7	2
0	0
0	0
3	0
1	0
0	0
1	0
1	0
3	0
2	0
0	0
4	0
7	0
1	0
0	0
7	10
0	0
6	0
0	3
0	0
0	0
1	22
31	0
0	11
3	0
8	0
0	1
1	0
4	9
1	0
2	0
1	1
0	1
5	0
8	0
5	0
0	0
4	0
0	15
5	0
0	7
12	0
117	64
7	1
1	0
1	10
0	9
1	0
8	0
2	0
7	0
0	0
2	0
0	0
10	0
2	0
0	0
6	0
1	0
0	0
3	6
78	59
3	0
0	1
1	0
0	1
4	9
100	153
0	0
9	4
5	0
17	11
0	0
4	0
3	0
1	0
6	0
0	0
6	0
0	0
21	0
0	0
0	0
0	0
16	0
0	7
16	0
1	0
0	0
0	0
0	6
0	0
0	0
24	0
9	0
2	4
1	3
1	0
9	0
3	0
0	0
1	0
12	0
1	0
2	0
18	49
1	0
0	0
18	7
0	0
3	0
2	1
4	14
7	0
7	6
14	0
2	0
0	2
0	0
2	0
0	0
0	10
3	10
0	0
1	47
0	18
1	3
5	0
0	5
9	0
28	0
47	0
52	0
3	3
8	0
0	0
0	0
28	0
14	0
0	29
10	5
5	0
9	17
4	6
0	0
1	0
2	0
0	0
0	0
1	3
6	0
41	0
0	0
7	0
11	0
2	1
1	0
18	15
6	0
2	0
1	0
6	0
0	1
0	0
1	0
10	0
9	0
8	0
4	0
1	0
0	0
1	0
2	76
1	0
1	0
2	0
12	0
14	15
5	4
1	0
0	0
1	19
0	0
38	0
2	0
2	0
10	0
10	2
0	0
0	0
0	0
0	0
0	0
12	0
77	0
0	0
7	0
6	3
0	0
11	61
23	0
2	1
28	0
9	0
26	3
1	1
0	0
3	5
2	0
3	0
0	0
11	0
0	14
4	1
2	0
8	11
0	16
0	0
0	0
7	10
0	0
0	0
1	0
3	0
0	0
1	0
2	0
1	0
6	0
0	0
0	0
8	6
15	12
0	1
5	0
3	9
0	0
9	0
0	19
13	0
10	6
8	0
4	0
0	0
2	0
13	0
0	1
0	0
0	33
0	0
4	0
0	0
5	32
0	0
135	131
16	1
0	0
1	0
0	0
0	30
1	6
0	0
0	0
16	0
64	0
28	14
1	8
14	0
0	0
0	7
14	0
41	0
4	0
3	0
3	0
21	7
0	0
1	0
1	13
8	0
15	2
0	8
5	0
3	0
4	2
0	95
5	8
0	0
4	0
3	337
5	0
0	1
3	4
0	17
20	1
0	0
17	0
0	0
4	3
0	0
5	27
3	0
1	0
5	66
14	11
2	3
7	0
0	0
1	0
5	0
0	0
9	1
10	1
1	0
5	10
2	0
3	0
1	6
1	0
2	0
0	0
1	0
0	0
0	0
0	0
2	16
1	0
2	0
0	0
2	4
19	0
0	0
2	3
0	0
6	3
1	0
12	2
0	0
7	0
0	0
27	0
24	20
5	0
7	0
5	0
3	2
23	27
0	5
5	0
0	0
0	0
31	18
3	0
0	22
8	3
8	0
9	1
20	0
0	0
26	4
0	0
1	6
5	0
3	0
8	0
0	0
0	0
21	1
1	6
0	0
33	4
0	0
0	6
0	1
0	0
8	0
0	7
1	0
3	0
0	0
0	0
2	0
0	1
2	0
23	3
10	18
0	0
5	0
4	0
12	109
1	0
1	0
0	9
4	0
3	0
0	29
13	0
1	0
41	0
1	0
2	0
3	5
2	0
0	95
0	8
6	18
1	0
0	43
0	0
2	0
23	212
11	0
1	43
0	0
1	0
7	8
7	0
3	0
8	3
0	0
8	0
0	0
100	172
1	0
0	0
0	7
0	0
46	0
21	67
0	0
2	0
0	0
0	0
1	0
1	0
2	0
0	4
2	0
1	0
19	6
0	0
0	0
4	0
1	0
0	0
0	0
2	0
2	1
6	0
5	0
2	5
4	0
5	0
1	0
3	2
7	0
10	0
9	0
1	0
4	23
16	15
4	3
0	4
15	92
0	0
7	0
8	273
0	20
14	0
3	0
2	0
0	0
0	20
4	0
0	3
5	6
0	0
2	0
2	0
7	0
0	0
0	0
0	0
0	0
8	0
0	3
0	0
4	0
0	0
0	0
1	0
3	0
1	2
7	0
10	0
0	0
0	0
9	0
0	0
1	0
3	2
1	0
8	4
5	0
2	0
1	0
5	0
187	0
0	1
0	1
0	0
0	2
0	0
0	9
0	1
2	1
0	0
0	20
10	0
4	0
1	7
1	0
10	0
2	0
1	0
1	9
4	11
2	1
12	4
0	0
5	0
0	15
0	0
1	0
2	1
9	0
0	0
7	0
0	0
0	0
1	0
1	0
0	0
1	22
0	0
18	15
0	0
0	0
0	0
0	0
4	0
6	0
2	2
0	0
0	4
1	1
0	0
11	0
2	0
0	7
5	0
15	0
17	0
10	57
0	0
0	0
0	0
1	3
0	0
1	0
5	1
0	0
12	0
0	0
12	3
3	0
5	0
13	0
8	0
2	0
1	0
0	2
12	0
0	0
0	0
1	0
9	0
0	36
0	0
0	2
2	4
0	0
1	3
0	1
8	5
0	2
0	0
0	0
16	0
0	0
4	0
13	0
0	0
0	4
4	0
0	25
1	20
0	3
6	3
11	0
2	0
0	1
4	0
1	0
1	0
12	4
0	0
10	0
0	14
0	11
0	2
2	0
0	32
3	0
52	1
1	0
1	2
2	0
5	0
7	0
7	2
0	2
3	1
19	0
0	0
0	2
0	0
0	0
2	0
8	10
0	0
3	0
0	0
9	58
0	0
1	0
0	16
6	0
0	0
13	0
9	6
0	0
4	1
1	0
4	1
1	0
4	0
0	2
1	0
1	0
0	1
5	0
3	0
1	0
5	7
1	0
0	0
0	0
9	0
0	3
3	3
0	0
7	0
3	0
2	0
12	0
2	4
45	0
0	0
4	0
0	0
3	2
0	0
4	0
5	0
2	5
3	4
0	0
18	10
5	0
0	0
1	4
7	9
8	16
0	1
6	0
0	0
1	0
0	0
5	0
0	1
0	0
0	0
2	0
1	0
1	0
0	2
0	5
2	0
7	0
0	8
1	18
2	0
14	0
3	0
7	11
0	6
9	0
1	0
0	0
13	15
2	2
7	0
1	3
0	0
0	17
39	21
0	0
2	0
5	0
5	0
4	0
0	0
7	0
5	11
0	0
20	1
0	0
4	116
0	0
5	0
0	0
3	0
0	0
1	0
5	33
2	0
0	21
1	0
0	0
4	3
0	0
0	13
3	8
4	8
0	0
0	0
28	16
4	0
0	12
34	0
0	0
1	0
5	0
0	4
4	57
0	0
1	0
0	0
0	0
2	7
0	0
0	0
0	0
30	0
6	1
13	3
1	0
1	0
6	0
45	2
16	0
14	0
0	0
0	0
4	0
2	0
0	0
0	0
4	1
3	0
0	0
0	0
0	0
6	0
4	6
16	2
9	0
0	0
1	0
0	45
0	6
0	11
0	6
0	45
1	0
1	0
8	13
17	28
0	0
9	0
4	0
0	0
4	0
1	2
0	0
1	0
17	0
0	0
22	0
1	0
2	0
0	0
0	0
10	0
8	0
0	15
0	0
2	0
2	1
0	0
1	0
0	0
0	8
1	5
0	0
6	0
0	0
8	0
0	0
1	0
8	0
0	8
8	8
1	32
7	0
0	0
49	1
0	0
0	23
12	4
21	0
5	0
4	0
0	1
1	2
1	0
6	0
0	0
0	0
0	3
3	1
21	0
4	95
7	0
2	0
2	348
2	63
0	0
0	0
16	0
0	16
1	0
74	4
0	0
6	0
5	0
0	0
15	0
1	5
11	0
2	0
0	0
0	11
0	0
4	0
18	0
5	0
218	0
79	8
1	1
2	0
12	0
5	19
4	0
1	0
2	0
0	7
0	0
1	0
0	0
0	0
2	0
5	0
1	1
3	1
4	5
9	10
0	4
1	0
0	2
0	0
0	0
2	180
15	0
1	0
1	6
0	3
0	1
0	13
0	2
7	0
5	1
3	0
0	10
0	0
2	0
2	7
12	0
2	0
0	0
15	0
0	0
3	0
3	1
3	0
0	0
0	0
23	0
2	0
0	0
0	0
13	0
0	10
0	0
1	0
226	0
9	0
2	0
0	1
1	3
6	0
4	0
3	1
2	0
2	0
4	1
0	0
0	0
5	0
0	0
9	0
4	25
2	5
7	0
3	0
0	0
5	0
9	1
2	0
0	0
4	14
0	17
2	2
2	0
9	0
21	0
0	4
1	5
4	0
2	0
0	0
6	2
2	0
0	0
4	0
0	0
2	0
1	0
0	0
4	2
2	0
1	0
8	0
0	0
2	0
7	0
5	0
5	0
3	0
8	4
2	2
4	0
0	0
6	0
0	2
4	0
8	0
16	0
0	0
3	0
7	22
0	0
5	39
18	0
0	9
0	0
0	0
0	2
0	3
0	10
2	1
1	2
3	2
4	0
1	0
17	1
1	0
5	0
53	0
2	0
77	0
0	0
6	8
0	0
0	4
0	0
3	0
2	7
4	0
1	56
0	0
0	0
24	18
0	2
0	3
1	29
0	1
0	0
26	0
0	0
2	17
0	0
0	0
2	12
3	0
0	0
0	0
0	7
1	0
2	2
6	0
1	0
0	0
0	3
10	17
1	0
1	6
2	25
0	0
9	1
4	6
3	4
2	6
1	2
1	15
10	0
1	0
0	1
0	0
0	2
0	12
6	0
4	13
15	0
1	0
0	0
0	0
7	1
4	0
15	3
20	0
0	18
0	7
32	41
74	385
0	40
0	0
19	48
0	1
0	5
0	0
0	0
10	0
11	0
8	38
0	0
5	0
0	2
0	0
13	1
6	0
16	16
5	4
0	11
3	0
0	0
0	0
0	14
9	0
0	0
0	2
0	4
1	1
1	9
0	0
2	9
11	2
3	0
14	9
0	4
9	32
0	0
1	0
1	0
0	0
24	6
0	9
0	0
5	11
10	0
0	2
0	0
4	0
1	1
12	7
14	0
41	0
0	7
0	10
0	0
16	0
1	1
3	5
2	0
2	0
4	0
3	0
0	0
11	1
0	0
3	0
0	3
0	0
20	1
6	0
4	60
3	0
30	32
5	1
4	0
1	0
5	4
0	1
2	0
0	0
55	40
1	6
0	0
4	0
0	2
10	0
6	0
0	0
0	0
0	4
2	0
4	35
1	2
0	0
4	28
21	0
4	2
3	0
12	0
2	0
20	0
0	0
2	0
0	2
0	0
1	0
7	21
2	0
11	0
1	1
0	0
17	0
8	0
2	3
0	4
7	10
1	0
11	8
0	1
2	0
0	0
6	5
0	0
0	10
4	0
4	0
0	0
0	7
2	0
2	0
0	0
22	1
14	0
8	0
4	7
3	0
0	0
0	0
0	0
0	0
2	12
1	1
38	2
1	0
13	7
0	0
6	22
0	2
0	0
1	0
0	0
12	0
5	0
0	0
4	8
6	0
0	0
2	2
4	0
21	1
0	1
6	0
1	4
5	1
0	0
0	0
0	0
0	0
6	26
13	0
0	0
6	0
0	0
2	0
0	22
3	0
2	0
0	0
9	0
3	0
4	0
2	0
0	0
0	0
8	0
10	0
0	0
7	0
2	5
0	0
8	0
0	7
0	8
14	0
3	2
0	0
0	4
1	3
3	0
0	4
4	10
0	0
3	0
4	0
0	0
33	28
18	20
10	9
0	0
0	0
0	0
6	0
0	0
1	0
2	0
0	0
1	1
6	0
3	0
3	0
3	0
1	0
5	0
5	0
1	1
2	0
8	0
0	0
0	0
0	0
0	2
0	9
3	3
17	0
12	0
9	0
0	10
3	0
0	2
28	0
1	1
2	0
7	0
0	0
160	153
2	0
39	0
10	0
1	0
17	2
5	2
6	0
7	0
30	0
0	0
0	9
34	0
14	1
11	0
1	0
3	0
0	4
7	0
3	0
0	10
0	0
4	0
0	0
14	5
4	0
0	0
6	0
1	0
0	0
3	0
2	5
5	11
0	0
0	0
0	0
0	0
0	0
9	88
3	64
0	10
2	0
2	11
5	0
18	0
0	0
6	0
2	0
5	0
7	4
2	0
7	1
7	7
0	0
4	0
3	0
1	0
1	0
15	0
0	1
19	91
0	11
2	0
1	0
7	0
1	10
7	0
1	0
2	0
0	1
5	0
20	0
0	0
0	0
7	0
0	2
6	0
2	0
22	0
0	1
0	0
6	1
1	0
22	6
0	0
2	0
6	0
21	0
2	0
1	0
5	0
2	0
4	0
0	0
16	4
4	0
0	0
0	271
6	15
1	11
1	0
5	0
0	0
2	9
0	2
0	30
1	169
2	0
8	3
0	25
1	0
1	0
0	0
4	0
1	0
5	0
0	0
162	0
5	0
1	0
5	6
1	0
4	4
1	8
5	0
13	0
1	0
0	0
1	0
6	1
14	0
6	4
0	0
13	2
3	0
7	0
3	1
7	0
0	0
3	0
17	0
0	0
19	1
14	0
2	0
4	1
1	0
1	0
0	0
8	0
1	7
0	0
0	2
0	0
4	1
0	0
3	1
0	3
0	3
0	2
3	2
7	0
0	0
4	0
1	1
1	0
1	0
3	5
1	0
0	0
1	0
10	0
0	0
12	0
1	14
0	0
1	0
0	0
10	0
1	0
6	0
0	17
1	0
0	2
3	11
0	0
17	0
4	0
0	0
13	0
11	0
1	0
4	0
0	0
0	4
10	0
3	2
0	0
0	1
1	0
1	0
0	0
5	5
7	1
1	0
2	0
0	0
6	1
0	23
0	12
0	0
5	5
0	1
22	0
0	9
0	8
8	0
1	0
6	0
1	0
2	0
0	1
2	0
113	0
3	1
0	0
4	0
0	0
0	0
1	0
1	0
17	13
1	0
0	0
4	0
0	0
1	0
0	112
0	0
2	0
0	0
1	0
4	0
471	0
6	13
0	0
3	7
0	3
0	0
0	0
0	0
0	0
0	0
0	0
0	0
0	10
0	0
1	2
2	6
0	0
0	0
1	0
1	0
16	0
8	0
8	8
5	0
1	1
4	0
3	0
15	5
2	0
0	0
4	0
0	5
3	0
65	1
2	4
0	0
0	0
0	0
2	0
6	0
7	0
0	4
0	31
7	0
2	0
1	0
17	41
9	0
0	0
2	3
0	3
5	0
2	0
0	7
0	0
2	0
4	0
0	0
4	12
8	1
0	0
15	0
7	1
1	0
0	5
13	0
4	0
1	0
1	0
7	0
1	0
8	0
5	0
1	0
0	0
0	0
0	15
3	0
0	0
0	0
4	0
6	13
0	0
2	0
4	0
0	4
4	0
1	0
1	0
0	0
0	4
0	0
0	0
1	0
0	0
0	0
11	0
12	0
0	0
4	0
1	1
12	0
0	0
4	0
0	0
0	0
0	0
0	0
10	0
6	1
6	0
1	0
0	0
22	2
5	2
7	0
2	5
0	0
0	0
0	0
5	0
18	0
4	0
1	0
0	0
0	1
0	0
0	0
6	13
1	0
2	0
8	0
3	0
7	0
1	1
10	0
10	25
13	0
24	0
36	21
4	0
1	0
14	0
41	0
0	1
2	11
0	2
7	0
0	3
10	4
12	0
2	0
0	0
6	0
0	7
0	0
0	0
0	4
0	4
7	80
3	0
0	0
0	0
29	0
12	0
0	2
17	10
9	5
7	4
13	32
5	15
7	0
1	32
6	1
1	7
0	0
0	0
0	0
0	0
0	0
1	0
0	15
3	0
1	0
0	0
0	0
2	0
5	0
1	0
6	0
10	0
1	0
343	0
11	0
3	0
19	0
0	4
0	0
0	1
1	0
5	0
0	2
0	0
4	4
7	0
8	1
0	1
8	0
1	2
7	0
0	0
0	5
0	0
1	6
8	0
8	138
1	1
5	0
3	0
2	0
0	0
11	0
1	0
0	0
1	0
2	4
1	0
1	0
0	0
0	0
1	17
0	0
1	0
4	2
5	0
2	0
1	0
9	0
7	5
1	0
0	14
7	0
1	0
0	0
0	0
4	0
0	0
1	2
1	9
3	7
9	12
0	0
12	0
0	1
0	0
13	0
2	0
0	0
22	8
2	0
0	0
0	0
0	0
2	0
2	0
0	2
0	0
2	0
2	6
4	0
0	7
0	0
0	0
0	0
1	9
1	18
1	0
1	0
2	0
0	0
0	0
0	0
3	0
2	6
2	1
0	0
2	0
27	0
6	0
11	0
7	0
0	0
0	0
6	22
0	0
0	0
23	0
1	0
4	0
6	0
0	0
0	2
3	4
0	0
0	20
0	0
1	11
0	0
0	12
0	0
0	10
0	0
0	11
3	0
0	0
2	4
3	15
1	5
0	0
2	1
1	0
1	0
6	5
27	0
27	0
1	0
0	8
30	9
1	17
0	3
7	0
0	0
0	0
0	4
21	0
1	10
0	4
9	0
12	0
1	0
10	0
0	0
1	0
0	0
7	0
0	0
0	7
9	0
0	5
3	17
0	0
0	0
13	0
10	0
0	0
39	0
45	0
2	0
4	0
0	0
5	0
0	0
6	5
16	0
0	3
4	0
4	0
0	0
8	15
4	41
17	0
7	0
0	3
0	0
0	2
1	0
10	2
2	0
0	0
40	0
0	0
1	0
16	33
1	6
4	0
5	0
2	0
0	0
2	0
1	0
1	24
1	0
0	0
9	0
2	1
1	0
8	0
9	0
1	1
1	0
0	3
3	0
0	0
1	4
3	14
1	0
8	0
0	0
0	0
8	0
6	13
0	0
2	0
1	0
0	2
2	8
4	4
8	0
0	0
24	0
0	0
1	0
0	0
8	25
0	2
0	0
0	0
0	1
14	15
19	1
1	1
5	0
0	0
0	0
0	4
2	3
0	25
5	1
1	0
0	0
16	0
1	2
1	0
0	0
1	0
0	0
0	1
14	0
5	0
16	0
1	0
0	21
0	0
1	0
0	0
0	0
5	0
18	5
8	0
4	0
0	0
0	0
6	0
0	0
9	0
2	1
0	15
2	0
0	0
0	3
9	0
2	0
117	0
697	0
5	2
7	0
2	0
4	0
0	0
0	0
8	0
3	7
7	1
0	0
3	0
1	0
1	0
0	0
0	2
6	0
3	0
0	0
1	0
4	0
1	1
4	1
4	0
1	20
0	0
0	0
4	0
1	1
0	0
1	0
0	0
0	3
0	0
5	0
1	0
0	3
2	0
0	0
7	3
0	3
0	0
21	5
0	0
1	0
1	5
0	0
0	11
0	0
0	0
2	7
0	2
5	2
3	0
2	0
2	23
20	0
0	12
11	0
0	4
0	0
3	0
7	0
0	0
0	0
5	14
0	1
18	2
3	0
11	8
0	0
1	26
16	0
0	0
0	0
6	0
0	0
0	0
1	0
0	0
2	0
6	0
4	0
2	0
0	38
7	0
7	0
13	0
0	4
2	0
0	0
8	1
0	0
6	0
1	0
0	0
1	23
0	0
7	0
2	0
0	0
0	0
0	1
0	0
36	0
6	0
0	1
3	0
6	0
1	52
0	0
2	0
0	0
1	0
16	0
3	0
1	0
1	8
0	0
2	0
9	5
0	1
0	0
8	0
6	0
6	0
2	1
3	1
4	0
2	0
1	0
10	0
12	8
3	0
0	0
19	2
0	0
1	0
1	0
47	108
0	0
0	0
6	0
0	0
3	0
2	2
0	0
0	2
0	0
32	0
1	0
1	3
0	0
6	0
7	3
12	0
1	0
6	0
12	0
1	0
0	0
0	7
16	0
0	0
0	0
3	0
0	0
15	0
0	0
0	0
0	7
4	11
0	9
0	3
26	0
5	0
4	18
12	0
1	0
1	4
4	0
5	0
3	0
8	23
0	0
0	0
0	0
6	0
0	0
4	3
3	0
1	0
2	0
0	3
0	1
0	7
2	0
0	6
0	1
10	0
0	0
4	0
0	15
12	0
0	0
1	0
0	0
36	0
0	0
0	0
4	0
0	0
1	0
4	0
0	0
0	0
0	0
1	0
3	0
5	0
2	0
1	0
1	0
1	0
4	0
6	0
8	2
1	7
4	0
8	33
20	12
35	19
1	0
1	0
1	0
5	0
12	2
0	10
0	0
0	0
32	0
0	8
5	0
4	0
0	0
2	5
6	0
29	1
4	0
1	0
2	0
4	0
5	0
17	0
8	0
12	42
6	0
3	4
0	0
0	9
18	1
0	0
1	0
5	0
0	0
7	0
0	0
10	0
15	0
0	5
0	0
1	0
0	0
0	0
9	1
0	3
0	0
0	0
4	0
2	0
7	1
7	0
3	0
5	0
0	8
1	0
0	0
0	4
6	0
0	0
1	0
0	0
0	0
0	0
2	0
0	3
3	0
4	0
0	0
14	0
0	0
9	1
0	0
2	1
6	3
1	0
2	0
0	0
0	3
0	0
4	0
2	4
2	0
0	35
0	4
6	4
13	5
0	0
21	0
0	0
9	0
3	4
2	1
0	1
10	10
4	3
0	11
0	7
0	3
0	0
0	0
27	2
5	9
0	13
0	0
0	0
2	0
9	0
0	0
1	0
4	0
1	0
0	0
0	0
8	0
0	0
5	0
5	0
0	0
1	0
4	48
12	23
4	0
0	1
1	0
4	0
2	0
18	0
163	0
0	0
0	0
0	0
0	0
4	0
0	4
25	28
0	0
0	0
0	0
1	10
0	0
7	0
6	0
0	0
0	27
1	0
31	0
17	3
2	0
9	0
5	0
0	2
1	0
6	0
0	0
0	0
0	7
0	0
0	0
1	0
1	0
1	0
1	0
1	9
3	0
11	1
0	0
10	0
2	0
0	0
0	0
2	2
1	0
2	0
0	0
0	1
14	4
4	12
1	0
9	0
10	0
5	0
1	0
17	2
8	0
6	20
0	0
9	0
1	0
6	0
2	0
0	0
0	0
0	1
0	0
8	0
1	1
1	0
3	0
0	0
10	0
0	0
0	0
6	0
4	0
1	4
5	0
0	0
9	4
0	0
6	0
1	0
0	0
0	0
0	0
9	0
0	10
0	10
7	0
1	9
6	0
0	0
1	0
1	36
0	0
0	0
2	0
0	0
5	0
1	0
1	0
0	0
7	0
0	0
0	0
6	0
0	3
12	26
7	41
0	1
4	0
9	2
0	0
14	0
0	0
19	0
0	1
0	0
2	0
0	3
0	0
0	12
5	7
0	6
0	0
0	0
15	0
2	0
15	0
0	3
8	19
7	0
0	0
11	4
4	0
14	0
0	1
9	0
2	0
5	2
5	0
1	0
0	0
0	0
0	0
1	0
1	0
0	0
1	2
2	0
6	12
4	0
1	0
0	0
1	0
2	0
0	1
0	29
0	0
0	0
0	0
8	0
5	4
1	0
4	0
1	0
5	2
4	0
5	1
1	1
2	2
12	2
0	0
1	0
7	0
0	9
2	0
0	0
0	2
0	0
5	0
6	0
0	0
45	17
1	0
0	0
0	0
0	0
0	0
0	0
2	7
17	0
0	0
7	0
2	27
0	0
1	2
0	10
0	2
0	0
4	0
1	0
13	0
0	0
6	0
5	8
85	23
1	0
5	11
4	10
0	10
0	2
0	0
2	1
0	0
16	0
1	0
5	0
0	0
12	0
2	0
20	3
2	7
2	0
7	0
0	0
1	0
9	0
8	18
29	30
0	0
118	5
3	0
1	1
11	0
9	0
38	0
4	0
0	0
0	0
15	1
3	31
0	0
0	0
1	0
4	7
1	0
0	46
9	24
0	0
2	0
6	168
0	0
1	0
0	0
0	0
3	5
2	3
3	0
4	2
2	0
6	11
1	18
0	80
0	2
0	15
1	2
0	0
8	0
5	0
0	0
2	0
3	9
0	1
0	11
0	0
16	24
1	0
11	0
71	10
1	5
0	0
1	4
0	0
0	0
1	1
0	1
0	0
2	6
2	29
3	0
0	13
3	0
18	0
3	0
0	0
1	1
0	0
0	0
0	0
0	2
5	0
2	14
2	0
0	4
1	5
42	26
136	196
0	2
3	13
2	7
0	0
0	0
0	0
0	0
8	30
0	5
14	0
0	0
0	0
0	0
1	0
8	0
1	0
0	0
3	0
0	2
0	0
0	27
2	0
9	2
6	0
37	15
0	6
0	0
13	0
0	0
6	9
0	0
4	10
0	0
26	0
0	0
4	0
1	0
87	0
8	0
0	0
13	0
7	0
1	9
22	7
1	1
6	0
7	0
12	0
0	0
1	0
6	5
22	7
0	0
0	0
7	0
7	85
0	0
26	0
11	0
6	3
5	0
2	3
5	0
7	0
10	0
2	21
32	4
2	0
0	4
1	0
2	0
5	0
0	53
1	23
0	0
4	1
3	0
0	0
0	0
0	0
3	5
3	0
4	1
0	0
6	0
2	0
6	0
0	1
9	1
26	0
1	0
5	0
4	0
212	29
13	0
5	0
105	16
17	0
0	0
0	0
4	0
69	0
0	0
0	0
6	0
0	0
0	0
0	14
4	0
6	0
0	0
3	0
7	0
8	0
9	0
1	0
0	5
0	0
2	0
16	0
1	0
2	0
0	2
1	3
18	63
5	0
4	0
1	1
0	10
14	0
0	0
7	0
0	0
3	10
1	5
11	29
1	0
5	5
1	103
2	0
2	1
0	0
0	0
1	9
2	10
0	19
1	3
0	5
0	10
224	9
3	1
0	0
7	0
5	0
0	0
38	0
12	172
10	0
10	8
8	10
0	1
17	0
3	0
0	0
0	0
3	0
5	8
0	6
4	3
6	0
6	0
0	0
0	0
1	0
5	0
11	0
1	0
5	0
0	0
0	0
4	0
0	0
2	0
11	0
3	0
6	0
3	0
14	0
0	0
2	0
0	0
8	0
4	4
12	2
0	0
4	0
2	0
0	11
0	0
11	0
10	0
5	106
0	0
0	0
0	0
1	0
1	0
0	0
4	0
0	0
3	4
0	0
4	12
10	0
0	29
0	1
0	0
2	5
7	2
0	1
5	0
13	0
32	5
2	0
0	11
14	0
0	0
2	0
38	5
0	0
2	0
1	0
0	0
0	0
2	0
57	0
10	4
3	32
0	6
1	1
62	0
4	0
0	0
5	9
4	0
2	0
6	0
18	0
17	36
7	1
0	23
196	245
1	0
64	0
4	0
2	1
0	0
0	0
1	0
0	0
0	0
1	0
10	0
2	0
1	34
4	0
1	11
1	17
0	15
1	0
0	0
3	0
15	0
0	1
19	0
1	0
1	3
30	5
2	0
0	0
4	4
1	0
0	0
0	0
6	0
7	2
35	0
2	0
13	0
0	0
0	0
1	0
0	0
7	0
4	0
9	0
5	1
1	0
4	1
0	0
0	0
5	0
6	0
0	0
89	0
0	0
4	0
2	0
2	0
5	22
1	0
1	0
5	0
6	1
2	4
2	0
0	0
0	0
14	0
5	10
4	0
0	0
0	0
8	0
11	0
6	0
2	9
6	0
17	2
0	0
1	0
0	0
1	0
0	40
0	0
0	1
5	0
2	0
0	0
7	0
0	0
0	0
4	0
13	0
2	8
1	0
1	2
0	0
9	0
1	0
2	0
13	0
19	0
2	0
0	0
9	0
11	0
2	9
8	0
1	2
1	38
15	41
6	1
2	0
4	5
1	0
0	20
2	33
8	13
10	1
0	0
2	0
0	0
1	0
2	0
0	1
3	0
1	0
3	0
18	0
1	0
4	1
7	0
0	0
5	12
0	0
0	30
11	0
0	0
1	0
1	3
3	30
22	0
0	0
0	0
0	3
0	0
8	0
0	0
2	0
5	61
0	36
0	2
3	10
0	0
7	0
136	150
1	11
0	10
0	31
7	0
7	0
7	7
3	20
3	0
6	0
13	0
1	25
67	445
0	0
0	0
59	73
0	0
0	1
3	0
14	11
1	0
0	1
1	0
9	0
10	2
4	3
14	39
30	3
20	0
0	0
0	0
2	2
1	0
2	0
0	4
0	0
3	10
4	24
0	0
1	0
0	17
0	0
16	0
0	3
1	0
10	0
0	8
0	0
7	8
0	2
0	0
5	54
6	1
3	5
3	30
11	0
3	0
9	0
0	0
0	0
2	9
0	0
0	17
0	0
34	0
0	0
8	0
1	24
0	0
4	0
3	0
0	0
1	0
0	0
14	0
10	0
0	0
0	0
8	0
4	0
42	1822
2	1
0	0
0	0
0	0
5	0
6	10
2	0
0	0
2	0
3	1
0	0
7	0
0	0
2	0
9	2
0	0
7	16
0	1
17	0
5	0
3	6
0	164
7	0
117	0
1	0
0	45
0	4
7	0
0	74
0	0
4	3
1	0
0	6
20	46
50	36
4	22
22	0
3	0
5	31
0	0
1	0
0	0
0	0
0	20
3	3
4	0
0	3
0	0
0	31
0	0
3	1
8	71
15	0
0	19
5	64
0	2
15	0
0	3
0	0
4	14
2	0
5	0
1	0
0	0
0	26
3	1
9	0
0	0
3	1
14	0
0	0
0	0
5	6
6	15
21	4
294	1040
11	0
2	3
0	78
1	0
0	0
3	0
4	1
0	8
0	113
0	0
3	0
2	0
4	0
3	0
0	0
2	0
5	10
132	4
0	0
7	0
0	0
2	0
20	1
3	2
1	0
7	0
3	0
0	3
0	0
0	1
7	0
2	29
0	0
5	0
0	0
2	0
0	1
5	0
3	0
0	8
1	0
0	0
0	0
3	1
0	0
0	0
3	2
1	1
2	0
0	1
0	0
8	1
0	0
0	0
0	0
0	0
6	0
0	0
8	19
4	0
4	2
1	1
17	0
2	0
7	0
13	3
3	0
0	1
1	0
2	0
0	0
0	0
7	1
0	0
14	28
2	0
6	0
1	0
0	0
1	0
2	0
0	15
0	0
7	21
1	0
3	0
2	0
5	0
1	2
0	48
2	0
3	0
0	0
0	0
152	4
1	0
9	0
2	0
1	0
4	0
206	0
0	0
10	0
0	0
0	0
15	0
4	0
1	0
3	0
1	0
1	0
0	0
1	52
8	1
0	1
11	0
1	5
2	0
0	0
1	0
3	0
9	0
5	0
6	0
0	0
0	33
2	0
0	1
1	0
0	0
0	2
2	24
0	0
0	0
6	1
3	0
0	0
1	3
5	0
2	0
13	0
0	0
2	0
12	5
0	0
0	0
2	57
0	0
2	0
0	0
0	0
6	0
10	0
0	0
1	0
7	0
0	0
0	2
9	0
2	0
2	8
11	10
0	4
2	5
2	0
0	0
4	0
11	27
0	3
1	1
0	0
4	9
44	1
0	5
0	6
5	0
0	0
3	8
0	11
16	3
4	0
16	2
17	0
2	0
0	0
1	0
1	0
3	0
0	0
6	0
2	5
3	0
2	0
3	0
12	0
0	0
0	0
4	8
1	6
0	10
9	0
9	0
0	0
23	0
8	0
2	0
0	2
6	2
6	0
0	0
0	0
0	0
3	0
6	0
2	0
10	1
0	0
0	3
7	0
0	0
0	0
5	1
12	0
3	0
4	0
0	0
6	0
1	0
28	0
68	48
6	0
3	0
0	18
5	0
0	1
16	0
40	15
0	0
4	0
0	0
0	2
0	0
15	0
5	1
0	11
2	0
0	0
2	0
8	1
10	0
4	9
5	0
9	0
2	0
2	0
0	0
1	0
7	17
0	17
176	223
5	9
14	0
0	0
1	12
2	0
1	0
2	11
0	0
1	0
0	0
0	0
14	0
0	23
0	12
0	0
8	3
0	0
1	0
2	0
0	0
4	0
21	0
0	0
4	0
4	0
0	0
3	0
3	1
9	1
5	0
3	0
0	4
1	0
0	0
10	0
0	0
3	8
5	0
0	1
0	2
2	1
0	0
1	1
0	14
0	18
7	120
0	0
3	0
0	0
0	0
0	0
2	0
1	0
5	0
0	29
19	0
0	15
0	0
5	0
0	0
6	0
8	9
11	0
4	0
6	0
0	0
0	5
3	9
3	0
2	0
12	0
0	0
1	17
12	0
13	0
3	3
0	0
0	1
1	1
2	0
2	2
1	0
11	0
5	1
5	0
1	0
0	4
0	0
5	0
39	0
0	0
0	0
7	2
0	17
1	0
3	0
7	0
0	2
1	0
0	0
3	34
51	0
0	0
2	3
16	0
14	0
10	0
0	0
6	0
11	6
1	0
0	0
14	0
1	0
75	2
29	3
0	0
3	0
9	0
0	32
10	0
0	25
14	11
3	0
0	0
6	0
0	1
17	0
4	0
0	1
20	0
1	0
0	0
0	0
8	0
4	0
6	3
12	0
12	1
0	25
6	0
0	0
5	0
7	32
0	0
5	0
3	0
0	0
6	0
4	0
7	26
1	0
0	166
2	3
1	0
0	0
5	11
2	0
0	0
5	1
6	0
0	0
0	0
7	0
11	5
6	0
0	27
0	30
0	6
0	0
7	0
0	0
13	0
20	1
0	0
0	1
2	0
10	0
1	0
6	0
0	1
2	1
0	0
2	0
3	0
2	0
8	1
2	3
4	34
2	0
0	16
1	0
1	0
0	0
0	0
0	0
4	16
0	15
1	14
0	0
2	7
0	2
0	2
0	0
0	1
1	0
10	0
0	6
0	0
18	31
10	2
6	0
0	0
4	5
0	4
2	0
6	7
1	0
0	4
10	0
1	0
0	0
4	0
8	2
0	6
0	10
1	0
0	1
0	0
0	1
5	0
1	0
4	0
6	0
19	0
0	0
11	6
0	0
0	0
15	0
0	2
0	0
0	28
0	0
0	0
3	1
0	0
12	0
1	0
52	0
3	0
11	0
0	3
0	0
11	7
1	0
0	0
13	8
0	3
8	0
0	0
2	3
7	0
1	3
2	0
5	0
18	0
1	0
0	9
2	0
6	0
0	0
0	0
2	0
0	0
3	0
0	1
0	0
14	0
0	6
0	0
5	0
0	1
8	0
2	0
0	0
0	17
0	0
0	0
8	0
10	13
1	1
7	0
16	13
2	0
0	0
1	3
0	0
0	1
8	1
8	0
4	0
4	0
2	4
0	5
3	3
0	0
2	0
3	0
0	0
2	1
0	16
2	40
10	0
4	0
68	0
0	0
17	11
8	2
0	0
6	17
1	4
1	0
10	0
2	0
20	0
0	0
0	0
9	7
3	0
0	21
40	0
17	0
0	3
0	0
1	0
2	0
9	5
1	0
4	0
6	2
1	3
0	0
0	0
0	0
14	12
0	3
7	0
0	0
0	2
10	0
11	0
1	0
0	6
0	0
6	16
0	0
0	0
7	0
0	0
7	0
3	2
0	0
1	0
4	2
56	0
0	6
5	0
22	11
1	84
2	0
7	2
2	0
71	97
1	0
4	3
0	5
4	0
0	11
7	0
13	6
22	0
2	0
5	1
6	39
0	0
0	0
5	54
1	0
6	0
0	0
4	4
0	9
0	0
0	0
0	6
0	0
17	0
10	0
0	0
13	0
0	0
572	0
14	7
3	0
0	3
0	0
1	0
0	13
4	0
0	18
6	2
2	0
0	1
0	0
1	26
0	7
4	0
6	0
18	0
3	0
0	0
0	0
3	26
0	0
2	0
5	9
4	0
0	0
0	0
2	0
9	0
1	0
3	0
6	0
0	0
3	0
0	0
6	0
5	0
5	1
0	0
1	5
0	0
24	0
17	0
0	0
0	0
2	4
2	0
208	16
2	1
12	2
12	0
0	0
4	0
14	0
3	8
1	0
0	9
3	2
17	0
0	0
13	13
5	17
0	0
0	0
0	0
0	0
0	0
7	0
38	14
2	0
1	3
2	0
0	23
0	0
0	1
8	0
2	0
4	0
0	0
0	0
3	0
1	0
11	0
0	0
0	2
0	0
2	2
12	0
4	0
1	0
9	0
3	0
4	13
2	0
1	0
0	0
0	0
5	0
9	55
1	3
1	0
1	0
7	0
2	0
0	0
0	0
4	0
5	0
1	0
4	0
0	3
12	0
492	0
5	15
35	14541
1	3
12	0
3	0
3	0
3	4
13	0
0	1
6	0
4	0
1	0
1	3
1	0
4	1
1	0
1	1
3	6
6	0
2	0
0	0
0	0
4	0
0	0
2	2
1	0
1	2
9	0
0	0
1	0
0	0
0	0
0	0
7	0
0	2
4	0
3	0
0	0
1	0
13	2
0	0
0	1
0	0
0	0
0	0
105	0
1	2
0	172
0	0
1	0
0	1
0	0
1	0
0	22
4	0
0	0
0	0
3	0
15	22
6	0
16	0
3	0
129	73
0	8
13	0
3	0
1	0
3	1
10	2
10	0
2	0
8	2
0	0
4	0
0	0
0	19
115	65
2	25
17	0
0	0
1	0
0	31
0	0
12	1
4	0
3	0
4	0
76	0
5	1
4	0
0	0
3	0
1	0
15	7
12	12
6	16
3	0
4	0
6	0
1	17
2	2
4	0
15	445
0	30
0	0
5	0
9	9
125	0
4	2
15	0
20	14
5	0
7	1
130	87
1	0
2	0
0	0
0	0
1	10
5	0
4	0
22	0
0	0
5	0
11	8
0	5
5	0
0	0
11	0
1	0
3	0
13	0
4	0
5	0
20	0
7	0
0	0
3	0
0	20
1	0
2	0
10	0
4	0
0	0
1	0
0	0
8	0
16	0
4	0
0	0
0	7
2	3
0	0
0	0
0	0
1	0
3	0
0	0
21	0
8	0
0	0
0	0
2	0
0	0
1	0
9	12
9	0
3	0
0	0
0	0
1	0
0	0
18	0
0	0
2	0
0	0
8	0
5	0
22	0
0	0
0	0
0	0
1	0
5	0
0	0
6	0
3	0
15	7
0	1
5	13
7	0
15	0
6	308
0	3
6	0
4	9
3	0
4	13
10	9
4	0
11	0
2	6
0	0
4	0
1	0
3	1
0	0
0	0
1	1
0	0
3	0
0	0
0	0
1	0
0	0
1	0
9	0
3	0
23	3
1	0
1	0
12	0
0	0
5	1
4	0
0	1
2	0
4	0
14	1
4	0
0	0
8	0
18	9
0	28
0	0
0	0
2	0
0	4
1	9
0	0
4	0
1	0
1	0
2	0
3	0
0	0
14	16
1	0
11	0
1	0
0	3
7	0
0	0
2	6
0	0
1	1
0	0
0	0
0	0
1	4
0	9
0	0
1	0
0	0
35	0
0	0
0	0
7	0
9	0
9	0
0	2
7	16
11	0
0	0
0	8
1	76
2	7
4	0
4	4
1	0
3	0
5	0
1	0
4	0
8	0
3	0
2	0
0	3
0	0
0	0
14	5
14	0
6	0
1	0
0	7
0	0
0	27
0	0
6	5
0	0
0	0
5	0
0	0
5	13
2	0
0	2
0	2
8	4
0	0
1	0
0	0
0	2
3	0
1	2
14	0
2	0
0	0
12	2
1	0
0	0
0	0
1	11
6	0
3	0
0	2
0	0
7	0
0	2
5	0
3	0
23	0
0	0
5	9
0	0
4	6
0	0
0	0
0	0
0	5
4	0
6	1
4	0
44	104
2	0
0	0
0	0
11	0
2	0
14	4
0	0
0	6
0	20
13	11
26	4
0	0
5	6
0	0
1	0
0	0
0	4
0	2
47	3
2	0
0	0
5	15
5	0
0	0
3	3
28	3453
16	0
4	0
7	5
5	0
5	0
0	0
1	0
0	0
0	11
0	1
0	4
17	5
0	0
5	85
0	0
0	12
8	0
1	0
2	0
0	0
21	0
22	6
1	141
0	0
0	10
76	0
1	0
2	0
0	16
0	0
8	1
4	0
5	0
27	0
0	0
5	1
4	12
1	0
8	0
0	0
11	17
0	0
1	7
4	9
2	0
2	5
35	17
0	0
0	12
1	0
6	10
9	28
0	10
1	0
2	0
19	0
0	0
2	0
19	20
0	0
8	3
3	3
7	0
12	0
7	11
1	0
12	0
2	0
0	0
7	56
0	0
0	56
0	0
8	0
0	0
0	0
101	106
0	0
0	0
48	86
47	23
1	5
2	0
2	0
19	70
5	0
10	0
0	0
2	0
0	0
10	0
0	0
1	2
0	0
6	5
5	0
0	0
0	0
8	0
8	0
12	0
0	0
18	0
1	0
0	0
33	4
0	0
2	0
17	4
10	0
2	1
1	0
0	0
6	0
2	0
1	0
0	0
11	0
0	7
4	9
1	0
2	0
2	0
124	0
12	0
0	0
0	0
0	9
2	0
3	0
0	0
1	0
10	0
25	8
20	0
0	3
3	0
0	0
0	0
10	0
7	0
6	0
7	5
10	1
0	5
2	0
5	10
3	0
0	0
1	77
0	0
1	0
0	8
26	0
5	4
0	0
1	0
1	0
0	0
0	0
4	0
1	0
4	0
0	0
3	5
1	13
0	6
4	0
0	1
0	0
1	84
1	0
1	0
0	0
12	0
5	1
16	128
2	0
6	3
0	0
0	12
17	14562
2	3
1	0
0	15
0	0
10	227
0	0
0	4
1	0
6	2
5	0
13	0
3	29
1	0
9	0
1	0
17	525
3	0
13	3
1	0
20	10
0	0
0	3
1	2
0	0
0	0
0	12
1	5
3	11
2	0
4	0
6	0
0	2
6	0
0	0
0	15
0	9
7	12
3	0
2	0
5	4
2	0
7	0
0	0
1	0
0	9
1	0
15	0
0	5
2	0
0	0
0	0
2	0
3	0
0	11
0	5
3	0
19	0
7	10
0	176
2	0
0	8
0	0
3	3
0	0
1	0
1	0
28	17
6	0
0	0
1	9
12	0
14	0
2	0
13	0
24	0
2	0
1	0
1	0
0	0
18	0
16	0
1	0
8	1
7	7
3	1
2	0
30	28
0	0
1	12
3	0
0	0
0	0
14	0
6	1
0	0
27	2
14	0
0	0
30	0
65	1
1	0
5	0
0	18
26	0
0	0
5	0
6	1
34	0
4	0
0	0
3	0
14	0
32	0
4	1
152	1
0	0
2	0
7	14
0	0
4	3
3	0
13	9
6	3
0	11
5	0
3	0
1	0
1	2
1	0
1	0
5	0
1	0
0	0
0	0
4	5
0	1
1	0
0	0
0	0
0	0
11	0
2	0
5	20
0	0
9	0
17	0
4	9
4	0
3	0
0	0
10	0
0	0
159	1
0	0
2	0
10	0
5	0
0	8
1	0
12	0
1	0
0	0
8	16
12	0
1	0
4	25
0	0
0	0
11	0
0	0
13	0
0	0
4	0
0	4
3	0
1	4
4	0
24	0
1	0
0	0
0	0
12	0
0	0
0	13
0	0
0	0
8	0
8	0
6	0
3	0
2	2
0	0
12	0
2	0
5	37
0	0
1	1
1	0
3	0
0	0
0	3
0	0
1	0
12	0
39	0
7	0
12	1
0	1
2	0
50	0
8	1
6	0
0	0
0	0
2	0
6	1
1	0
0	2
1	19
3	11
0	19
3	3
2	0
1	0
0	0
0	0
0	28
9	4
6	1
1	3
0	7
16	2
4	0
1	0
1	13
3	1
2	5
5	0
249	0
19	156
3	0
2	3
3	1
0	7
2	0
18	0
6	0
0	35
1	0
17	0
0	4
1	1
4	0
8	1
0	1
2	0
1	0
0	0
4	1
0	9
0	3
0	0
0	0
5	32
0	0
0	0
1	1
2	0
29	0
19	0
33	0
10	0
1	0
10	0
0	0
0	0
0	6
1	0
3	0
11	0
5	0
3	0
8	0
0	2
2	0
3	4
0	0
0	0
1	0
12	0
3	0
4	0
15	0
1	0
2	0
0	0
0	0
1	0
4	0
3	0
4	1
1	0
0	2
3	0
11	2
0	0
4	0
0	0
1	0
1	0
4	0
1	0
0	14
0	0
0	0
0	0
0	0
1	0
0	0
0	0
4	0
1	0
8	3
0	0
22	44
0	0
0	0
0	5
5	0
4	0
2	0
0	0
2	0
0	0
3	13
0	0
5	0
1	2
0	0
0	0
5	0
0	0
0	5
0	2
1	0
0	0
1	1
19	1
0	0
0	0
11	3
0	0
3	5
9	0
0	0
4	0
0	0
5	0
0	1
2	0
1	4
0	0
1	11
8	0
0	0
2	9
15	0
5	0
2	3
0	18
9	5
0	0
5	0
3	0
2	0
0	0
6	0
7	0
0	0
4	2
5	0
0	0
10	4
2	0
0	0
1	0
10	0
0	0
4	0
0	0
0	0
1	0
3	0
11	0
0	0
2	0
11	4
0	0
2	0
0	0
0	0
4	0
5	0
4	0
0	0
3	0
0	0
1	0
3	0
0	0
0	0
7	0
0	0
0	0
1	2
10	0
0	0
2	0
0	0
1	6
0	0
1	0
2	0
2	0
1	0
0	0
6	0
2	8
5	0
0	0
0	0
0	0
8	0
0	14
2	0
0	8
0	0
4	12
0	0
6	0
1	0
0	0
4	0
0	0
0	11
0	2
0	1
23	0
0	0
2	0
4	0
4	3
0	0
1	0
2	2
0	1
50	0
6	3
3	11
5	14
0	0
6	0
0	7
0	16
19	0
0	3
5	0
32	11
3	0
10	0
0	0
6	12
5	0
1	0
0	0
3	1
3	0
2	0
1	0
0	0
1	10
202	0
27	3
3	0
1	11
72	0
4	0
0	0
17	3
4	0
5	2
7	0
0	0
10	0
5	0
7	5
4	0
0	0
0	2
6	0
0	0
55	4
6	0
7	9
0	5
10	4
1	2
8	22
0	4
1	0
0	0
10	19
0	0
133	6
0	15
56	11
2	0
38	0
2	4
2	0
8	0
4	0
5	0
0	0
0	1
0	1
16	0
9	0
1	0
2	21
0	1
3	0
1	0
3	0
0	5
0	0
0	0
87	47
18	0
0	0
2	0
5	0
0	0
1	0
0	0
1	3
0	16
0	12
0	0
1	0
3	0
8	17
0	0
2	0
0	10
4	0
4	0
7	0
2	0
6	0
0	0
0	3
14	0
24	0
9	0
7	59
6	0
7	1
1	0
2	0
9	0
0	0
0	0
12	9
6	0
0	2
0	0
0	0
0	0
0	4
0	7
0	4
0	1
0	0
0	0
0	0
0	0
0	0
0	0
13	0
8	0
1	0
1	0
1	0
33	0
0	0
0	0
0	0
4	0
8	0
23	0
36	0
5	0
1	0
0	0
0	0
1	0
0	0
33	0
9	0
4	0
0	0
1	0
0	1
1	0
32	0
14	0
0	0
1	0
3	0
5	0
0	0
19	0
0	0
0	0
19	0
4	0
9	0
11	0
0	1
26	3
0	2
4	9
0	5
3	0
4	12
1	12
0	0
17	0
0	1
4	1
1	0
0	0
0	0
1	0
285	0
5	2
4	4
781	186
0	37
29	14
0	0
2	0
7	13
0	13
3	0
0	0
15	65
0	26
1	120
0	101
11	1
2	1
0	0
0	7
6	7
19	0
0	0
0	2
0	3
0	3
2	3
0	3
0	3
0	3
0	3
0	0
6	2
0	2
301	60
934	60
0	0
0	2
9	33
6	4
5	115
0	8
0	6
16	27
0	0
2	6
0	0
1	0
33	2
0	1
469	96
0	94
18	0
77	382
0	321
13	330
0	9
3071	42
0	23
1	18
15	0
0	0
881	6
0	6
0	2
3	2
0	18
0	18
1	12
0	5
2	93
0	13
16	9
96	3753
1	3759
15	73
0	1
1	0
6	0
0	0
0	7
2	2
0	4
5	4
0	1
13	21
0	0
0	9
0	31
0	30
20	31
23	18
0	9
15	27
6	0
137	45
0	29
7	6
0	4
0	0
0	0
2	0
128	8
0	16
0	16
4	16
0	16
6	0
3	3
0	3
0	74
0	102
0	40
0	25
0	0
0	8
0	1
0	1
0	190
0	7
6	0
9	2
13	0
7	0
0	0
0	3
3	3
0	0
3	17
0	0
1	0
0	0
9	5
0	5
235	59
0	8
1	54
0	2
0	2
0	0
5	0
3	0
0	0
0	3
2	3
601	22
0	21
0	0
0	0
5	0
6	4
0	3
0	1
3	1
0	0
11	1
0	1
6	0
0	0
12	5
0	0
51	0
15	3
1	0
0	0
1	0
0	0
3	55
0	0
0	8
6	8
15	0
0	0
0	15
0	7
0	15
1	1
22	0
5	17
0	17
24	0
34	0
0	0
0	11
0	11
0	13
1	22
4	42
0	29
1	0
1	11
0	0
8	13
14	23
0	13
0	29
16	8
0	8
2	89
14	89
0	37
0	46
0	14
1	0
0	0
0	0
0	0
0	0
0	54
0	29
0	41
3	41
0	26
19	8
0	8
0	4
0	7
0	0
5	0
1	2
0	2
0	0
84	96
679	97
0	20
0	27
0	15
6	15
0	33
1	2
1	0
0	0
3148	25
10	19
0	15
26	5
0	0
0	6
0	6
5	0
186	1
0	0
7	0
0	1
0	1
1	1
3	1
0	1
0	0
0	2
0	0
0	1
3	1
0	7
0	5
1	1
0	1
6	0
4	6
0	6
1	0
0	0
0	0
1	4
0	4
5	4
1	10
0	0
0	1
0	1
0	39
0	0
25	9
0	0
0	6
0	6
9	15
40	29
11	47
0	35
0	34
9	0
0	19
0	0
4	0
9	3
4	1
20	3
7	0
166	0
2	26
2	6
25	9
1	0
1	0
0	130
0	82
0	7
0	20
3	10
0	1
1	0
0	0
1	15
0	12
6	0
0	1
12	100
0	9
25	32
0	32
5	61
1	61
0	1
0	0
1	0
0	0
9	6
0	6
0	0
0	0
7	0
1	37
0	3
0	3
12	3
3	9
27	11
31	10
16	0
7	13
0	13
2	0
7	4
0	4
6	0
1	23
0	23
35	12
0	6
42	10
0	10
15	10
0	10
0	0
0	12
0	2
17	0
5	9
0	9
1	10
0	10
29	0
0	0
0	0
7	0
1	7
0	7
0	16
2	16
0	0
4	0
1	18
0	12
0	0
21	84
0	81
0	81
78	25
10	33
2	2
0	2
3	11
0	11
8	19
0	6
0	1
0	1
0	31
0	29
0	0
0	0
11	0
8	51
0	51
9	1
0	1
43	139
0	64
10	0
59	0
1	0
0	0
0	3
9	8
0	3
5	11
0	11
8	3
0	3
0	0
0	1
0	1
0	0
6	2
2	11
0	0
7	0
0	0
0	0
2	0
279	46
0	6
0	0
0	0
0	38
0	24
12	0
1	4
53	0
9	0
13	0
16	86
0	33
0	12
0	162
4	24
5	0
1	10
0	6
0	24
2	3
1	8
0	8
0	2
0	2
54	0
16	2
1	12
0	6
8	6
0	6
22	86
0	9
100	89
98	101
5	101
0	1
30	25
0	2
0	12
6	17
27	0
0	0
0	13
0	10
0	9
1	8
484	118
11	33
10	33
18	0
42	0
1	1
0	1
160	5
2	0
36	7
0	2
19	4
0	2
0	9
1	0
0	0
0	0
2	2
0	2
14	0
1	0
0	0
0	45
0	6
0	2
0	0
0	0
17	32
0	7
0	9
0	2
24	8
0	5
91	306
17	307
13	16
7	17
70	20
0	20
0	0
0	12
0	19
0	47
15	0
9	0
1	8
0	8
2	3
0	3
0	0
6	0
0	1
0	1
0	1
3	1
1	37
0	23
5	5
0	12
12	1
0	7
42	8
0	8
0	0
8	0
0	4
0	4
24	4
4	1
0	0
196	13
0	13
0	5
0	5
4	2
7	2
0	0
20	75
4	75
0	36
0	0
11	0
4	27
13	23
0	16
2	2
6	2
2	5
0	5
0	0
1	10
0	0
12	3
0	2
5	2
9	2
11	0
0	23
105	23
3	2
0	8
0	8
73	324
0	1
6	4
5	0
3	0
1	0
2	0
1	0
0	117
4	142
94	8
0	0
1	0
1	1
0	0
0	1
18	37
3	0
0	80
0	65
2	2
0	2
18	10
1	0
29	0
0	0
1	0
1	0
0	0
0	0
3	0
0	2
7	0
0	0
2	0
4	0
1	0
1	0
0	0
0	1
5	0
1	0
0	0
0	0
11	0
1	0
0	0
0	0
9	0
3	2
4	1
2	0
0	0
1	0
0	1
1	0
0	0
19	0
3	0
0	0
0	0
0	0
0	0
3	0
0	0
0	0
2	0
3	0
0	1
4	0
0	0
0	0
0	0
0	0
5	0
1	0
10	0
0	0
0	0
3	0
0	21
3	2
1	0
5	1
5	0
4	0
0	0
2	0
3	0
0	0
0	0
9	0
0	0
14	0
1	0
0	1
0	0
0	0
1	0
0	0
0	0
0	0
245	0
2	0
0	0
4	0
4	0
0	0
0	0
0	0
2	0
3	0
0	0
2	0
0	0
0	0
0	0
6	0
1	0
0	0
0	0
0	0
2	0
0	0
0	0
0	0
0	0
6	4
1	0
0	0
5	0
0	0
1	0
2	0
1	0
0	0
0	0
6	0
7	0
1	0
0	0
7	0
4	0
0	0
1	0
2	0
5	0
13	0
3	0
4	0
2	0
5	0
6	0
0	0
0	0
73	0
4	0
6	0
0	0
3	0
0	0
2	0
9	0
0	0
9	0
0	0
4	0
2	0
0	0
0	0
0	0
0	0
0	0
0	0
5	0
11	0
15	0
15	0
2	0
0	0
0	0
0	0
0	0
2	0
2	1
0	1
2	0
3	1
4	0
4	3
5	0
0	0
0	0
2	0
13	0
7	0
0	0
2	0
12	0
0	0
17	5
0	0
0	0
0	0
6	0
0	2
2	0
0	0
5	0
0	0
0	0
3	0
7	0
0	0
20	3
0	0
0	0
2	3
5	33
2	0
0	0
5	17
0	29
0	22
0	22
0	23
0	4
0	23
0	12
0	10
0	29
0	23
2	16
4	12
0	30
0	10
0	12
7	29
2	3
2	18
2	43
0	23
13	18
0	366
0	0
5	14
0	8
14	21
20	8
8	2
0	0
0	0
0	0
2	0
1	0
0	0
0	0
0	0
0	0
3	0
0	40
0	1
0	93
0	49
0	0
0	36
0	1
0	30
0	1
0	84
0	46
20	0
1	0
0	0
0	47
2	0
0	111
0	0
3	4
0	0
0	46
0	0
0	52
12	29
6	0
10	0
0	1
2	5
0	1
0	1
1	50
3	1
0	0
3	0
4	0
0	122
3	20
0	0
0	0
0	0
0	1
0	52
0	136
0	118
0	0
0	76
0	2
10	0
1	3
0	0
0	0
9	1
0	46
0	1
0	44
0	100
6	80
0	53
0	0
2	0
0	3
2	0
0	0
3	0
0	110
0	0
0	8
1	8
0	21
0	0
0	0
0	37
0	0
0	125
0	43
0	52
3	0
0	127
1	0
8	46
0	0
0	0
0	0
5	8
0	7
0	19
0	1
2	65
0	9
0	0
0	74
7	0
0	0
0	0
0	47
0	34
20	32
7	0
8	0
0	7
7	8
0	0
0	0
0	40
0	1
0	55
0	3
0	0
0	125
0	1
0	2
0	0
2	16
0	0
0	8
1	0
0	1
0	0
0	1
0	91
0	0
0	0
0	15
0	0
0	18
2	0
0	13
3	10
1	0
0	0
8	10
0	110
1	24
0	0
0	2
1	8
0	0
0	0
1	0
1	1
0	5
0	5
0	30
0	125
0	0
0	0
0	100
0	47
0	0
1	0
0	106
11	0
0	2
0	0
1	33
0	93
0	77
31	712
0	0
0	49
2	0
0	38
0	82
2	89
0	54
0	91
11	0
13	10
1	15
0	77
0	9
0	4
0	0
0	0
0	0
0	0
0	0
5	5
0	0
0	21
0	7
0	0
0	18
0	7
0	4
0	5
0	0
0	0
4	0
0	0
0	0
1	0
0	0
0	0
0	121
0	94
0	107
2	0
0	4
0	44
1	0
2	0
0	3
15	0
3	0
0	0
0	0
0	86
0	35
0	31
2	19
0	7
0	17
0	0
0	0
0	6
0	92
0	92
0	0
0	0
0	15
0	0
0	91
0	75
1	20
2	15
2	1
1	1
0	1
1	12
6	19
0	0
14	7
0	0
25	6
1	0
1	3
3	1
0	17
0	52
0	0
0	1
0	0
0	7
0	3
0	1
0	2
0	93
0	33
6	6
1	0
0	26
0	22
0	53
4	23
0	87
0	35
0	2
0	113
0	36
0	36
0	15
0	96
0	25
2	39
0	0
6	27
0	41
0	31
0	30
5	15
9	1
4	9
0	0
10	0
1	0
0	0
0	76
0	104
0	28
3	14
0	38
0	8
2	2
0	1
2	35
0	0
0	84
0	107
0	10
1	0
9	34
0	59
0	46
0	32
11	11
0	29
0	33
0	4
0	8
1	13
0	77
0	21
10	12
2	0
7	16
6	1
0	4
0	0
7	0
2	49
2	0
7	14
34	23
0	1
5	5
0	0
28	0
0	1
0	0
4	1
2	0
0	0
4	0
6	6
4	0
0	38
0	1
0	3
0	0
1	41
4	1
0	71
5	0
5	0
14	2
0	35
14	23
2	2
0	6
0	103
0	33
0	0
0	3
1	0
0	58
0	7
0	28
0	38
6	4
1	23
11	7
2	0
0	0
1	23
2	22
3	35
0	107
1	8
0	34
0	54
0	74
1	0
0	38
2	1
0	48
0	51
0	49
3	48
0	0
0	5
0	54
0	73
1	8
4	4
0	113
0	50
0	0
1	36
4	0
6	0
0	43
3	1
0	0
0	112
1	0
0	17
0	0
0	11
2	1
1	0
0	5
3	2
15	14
0	0
0	7
85	99904
0	22
0	62
0	15
10	13041
34	52980
2	14
0	81
9	0
0	35
0	54
0	109
0	115
6	0
0	6
1	11
0	9
0	4
0	34
0	0
0	0
12	16
0	6
0	4
0	3
0	37
1	3
0	24
0	135
0	0
0	10
0	0
0	43
0	1
4	13
0	1
4	0
0	9
1	8
2	0
0	28
2	30
4	0
6	18
0	102
0	70
0	14
0	115
5	0
6	7
1	0
0	28
0	12
0	5
0	4
0	31
9	0
0	59
0	0
0	0
0	0
0	100
4	11
0	41
27	2
0	69
2	2
0	8
1	1
1	4
0	0
8	43
7	0
0	0
6	33
0	0
6	17
0	7
3	19
7	40
2	37
10	37
18	0
0	0
0	13
0	24
2	9
0	17
0	27
8	81
0	6
0	48
0	85
0	0
0	1
0	0
7	8
0	39
0	0
0	0
0	13
0	38
0	57
0	104
0	32
0	0
0	15
0	36
1	0
0	79
0	0
0	82
15	13
4	88
0	1
0	0
0	23
0	0
0	57
0	15
0	1
0	0
0	0
0	2
0	52
0	4
0	0
0	7
0	37
0	135
0	93
0	12
0	0
0	28
0	49
0	116
0	42
2	0
4	1
3	42
5	13
41	12
0	83
0	85
20	12
11	0
0	25
0	986
2	0
5	2
5	0
0	0
0	0
0	1
0	7
0	69
0	95
4	0
0	11
0	1
0	0
4	0
0	21
11	19
4	15
6	15
9	11
70	18
0	21
0	42
14	40
0	5
2	1
0	4
0	10
2	19
3	15
1	0
0	78
0	14
0	0
0	4
1	0
1	0
0	60
1	0
1	0
0	5
0	89
2	0
0	0
4	1
0	8
0	10
0	3
0	0
0	0
0	3
0	0
0	79
6	2
7	0
7	0
0	0
0	88
0	2
0	0
0	1
4	3
0	0
0	1
0	10
0	0
0	0
0	0
0	1
0	0
0	0
0	0
2	0
0	81
0	48
2	0
5	0
2	1
0	10
0	0
0	0
0	15
0	6
0	7
0	62
2	0
0	2
5	0
4	25
0	54
0	0
0	76
17	0
7	2
9	10
0	67
0	3
0	120
0	3
0	1
0	0
0	10
0	48
0	5
0	7
0	8
0	104
0	0
0	0
4	0
0	10
0	5
4	0
0	46
0	1
2	27
3	0
9	0
0	0
4	31
0	0
0	3
0	5
0	10
0	4
0	116
0	28
0	1
2	83
0	64
0	128
0	30
0	6
18	3
0	9
0	4
3	0
0	4
1	5
0	10
0	105
2	3
4	0
6	0
0	0
0	0
0	30
2	3
0	0
0	4
0	5
0	52
2	0
0	0
0	65
0	89
0	58
0	0
0	0
0	0
0	0
0	0
0	41
2	0
0	0
0	57
0	0
8	0
1	14
13	2
7	6
24	4
6	27
0	11
0	49
0	9
16	4
0	7
6	0
1	2
0	0
0	0
0	0
3	0
0	0
0	0
0	0
0	0
0	95
0	0
0	0
0	0
0	0
0	0
0	0
0	15
1	48
0	10
0	0
3	2
0	16
0	1
0	34
0	122
0	0
0	28
0	11
0	0
0	9
0	5
0	0
5	0
2	12
1	12
0	8
1	0
0	6
0	18
0	0
7	1
11	1
3	0
29	0
0	46
0	41
1	18
0	36
0	1
0	4
4	0
0	0
0	26
1	1
0	0
0	7
0	0
0	0
0	0
0	3
0	37
0	51
0	31
0	47
0	25
0	0
5	1
0	4
0	40
0	33
0	65
0	33
0	34
0	84
2	117
0	47
0	28
0	83
0	87
0	0
0	1
3	32
0	10
0	125
0	44
0	8
0	0
0	9
0	3
0	5
0	4
1	5
10	2
6	0
0	0
0	1
4	0
0	2
1	0
0	3
2	0
1	0
0	27
9	0
5	0
0	2
1	0
6	93
7	78
0	261368
0	91190
0	84677
0	39
0	25
1	5
0	0
0	280347
9	0
10	0
0	48
2	1
0	0
0	210356
1	6
3	0
0	43
0	92
0	0
3	0
1	0
0	0
4	78
0	119
0	55
0	33
0	240518
1	0
0	0
2	163031
1	0
9	3
0	0
0	45
0	5
0	0
0	1
0	4
5	4
20	15
0	1
0	64
0	0
2	0
0	132
0	82
0	93
1	0
0	24
0	0
6	0
11	0
3	0
0	34
0	0
2	0
8	0
0	117
0	65
0	51
1	16
0	0
0	36
0	0
0	44
19	18
0	85
0	71
0	0
3	104
0	61
0	41
13	0
0	1
0	0
0	0
0	0
1	2
0	16
16	0
3	0
0	1
0	0
5	1
0	2
1	0
3	0
0	2
0	0
0	0
0	0
5	0
1	0
2	0
3	0
0	0
55	94
1	0
1	0
0	0
108	0
0	0
0	0
0	51
0	0
0	8
0	0
0	96
1	72
0	61
1	0
0	0
0	8
1	8
0	8
0	8
12	0
0	0
16	17
0	0
0	101
10	3
0	118
3	0
0	0
0	0
5	0
0	10
4	1
1	0
1	0
3	2
0	7
0	0
0	2
0	7
0	2
0	0
0	0
1	1
18	59
5	0
1	0
0	0
1	2
25	1
4	1
6	2
21	2
0	0
0	0
1	0
0	0
0	0
0	0
25	126
3	0
31	2
3	0
3	3
3	0
1	0
1	0
0	0
0	0
3	1
0	9
27	162
0	0
0	4
8	1
0	0
0	0
5	0
0	0
5	0
0	0
5	274
2	8
0	0
32	156
250	7
402	49
0	13
0	28
8	0
0	0
0	10
0	9
0	0
9	0
4	0
12	0
0	0
1	5
4	0
1	0
0	3
14	2
0	0
31	14
0	0
0	12
4	8
0	1
0	0
0	0
22	0
1	0
0	6
0	0
0	1
0	0
4	0
0	0
0	0
16	28
3	0
1	2
0	1
2	0
0	25
0	0
0	28
0	14
5	3
0	0
0	0
0	0
2	0
0	3
0	0
26	0
0	5
2	0
0	0
0	0
0	0
0	0
2	0
0	0
0	0
0	0
5	0
0	14
0	28
0	3
0	7
1	3
1	0
0	1
2	6
0	0
0	0
0	0
1	0
0	19
0	9
1	2
9	0
0	3
0	1
2	0
0	2
0	1
0	0
2	0
0	0
0	0
3	0
0	1
0	0
0	5
0	0
0	5
0	5
0	0
0	5
0	9
0	0
0	5
0	15
1	3
1	0
18	0
8	20
1	0
1	0
0	2
0	2
0	7
2	0
3	0
0	16
0	0
4	0
0	28
2	13
2	0
0	22
2	4
0	28
0	0
9	0
1	5
0	0
0	8
0	6
0	0
3	0
0	8
0	6
2	0
0	4
0	6
0	0
0	0
0	0
2	2
0	8
2	1
0	4
0	0
1	4
0	0
0	0
0	0
0	0
20	0
0	0
4	0
0	0
0	0
0	0
0	0
9	13
0	5
0	28
1	5
2	0
0	0
14	0
0	0
0	4
0	37
1	0
3	0
0	0
5	0
0	3
0	112
0	0
3	24
22	0
0	77
0	60
0	0
0	1
0	6
1	2
1	0
1	0
1	0
0	0
8	0
0	0
0	52
0	0
0	0
3	0
0	7
0	0
0	0
1	55
1	4
5	31
1	27
0	0
0	3
1	1
3	0
3	4
0	0
5	0
1	0
5	0
4	0
0	0
0	0
0	0
5	0
0	0
0	31
0	28
0	0
0	0
0	0
0	0
4	0
0	2
5	1
3	0
0	0
0	84
0	0
0	0
0	0
0	0
11	0
1	0
0	33
0	136
1	0
0	110
0	0
0	126
6	4
0	0
0	52
0	48
2	0
0	0
0	49
16	0
0	4
0	1
4	0
33	0
0	0
8	0
1	0
0	0
2	2
0	0
0	0
0	0
1	0
0	0
0	0
1	5
0	17
0	0
1	0
6	4
15	0
1	0
0	27
0	40
0	8
24	0
1	0
1	32
0	0
1	0
3	0
6	0
0	0
0	0
0	8
1	0
1	0
0	0
63	0
14	0
0	4
9	1
4	0
38	67
0	4
26	0
0	0
0	0
7	8
0	0
1	0
10	0
1	0
1	0
0	0
0	1
2	0
1	0
0	0
3	1
3	0
10	11
7	0
0	8
1	0
0	1
3	0
4	0
0	0
4	0
5	0
12	0
0	5
0	0
0	0
6	0
0	0
0	0
0	1
0	0
17	0
0	0
0	0
1	0
0	0
0	0
2	1
0	0
0	0
0	0
5	0
0	1
0	0
0	0
80	233
1	16
4	0
8	0
1	0
1	0
1	0
5	0
5	9
0	0
1	0
0	12
1	1
4	0
0	0
13	0
5	0
1	0
0	0
0	0
1	0
3	0
1	0
1	0
5	0
3	0
2	0
9	0
0	0
1	0
0	0
0	0
4	1
4	8
2	11
0	0
0	0
15	0
0	6
0	2
10	0
0	0
7	0
0	0
1	0
0	0
1	0
8	0
1	0
1	0
7	0
3	0
1	0
0	0
3	0
2	0
0	0
37	2
2	0
0	0
2	0
0	1
0	1
7	7
25	0
5	0
0	0
0	0
12	0
0	0
0	0
0	0
4	0
6	0
3	0
34	14
0	0
3	6
4	0
0	0
4	0
4	8
0	0
4	9
0	0
0	0
0	0
4	0
106	0
0	0
0	0
0	39
1	0
0	33
0	0
0	0
3	0
0	0
0	0
0	0
13	0
3	0
0	0
8	0
12	0
0	0
3	0
15	0
2	6
3	19
0	0
2	47
1	2
0	0
5	0
0	0
7	0
0	0
0	3
7	0
1	0
10	0
0	0
0	0
1	0
11	1
0	0
18	3
3	0
5	15
1	0
7	0
5	0
7	0
0	0
1	0
0	0
0	1
0	0
0	0
0	0
1	0
0	0
3	1
5	15
0	0
0	0
1	1
2	0
0	0
8	0
2	0
4	0
6	0
0	0
1	0
2	1
2	1
7	1
0	1
0	1
6	0
0	1
0	0
0	1
0	0
5	7
40	27
3	1
5	4
5	0
0	0
0	0
9	0
2	0
2	0
0	0
0	1
7	0
0	26
6	5
0	40
2	0
1	0
23	8
0	0
0	0
5	0
0	0
0	0
5	0
0	0
6	2
0	0
0	0
1	0
0	0
4	32
5	1
0	0
6	0
0	0
1	0
1	0
0	0
0	5
0	0
5	0
35	544
47	556
1	0
67	2
1	0
4	0
648	124
17	0
0	1
3	0
0	0
2	0
1	0
0	0
2	2
9	62
0	8
19	0
59	0
1	1
0	9
0	4
15	32
18	0
2	2
3	0
0	50
0	0
0	24
1	0
1	0
0	1
2	15
0	15
1	15
2	0
0	42
0	0
10	0
4	0
5	0
0	1
0	0
0	9
0	3
0	0
0	0
0	3
0	0
0	0
0	0
0	0
0	0
0	0
4	0
1	0
0	0
2	0
10	0
0	17
0	0
2	0
0	104
0	27
0	5
5	2
0	0
0	0
0	0
1	0
0	0
32	2
0	9
0	0
0	0
2	0
15	0
11	35
0	0
0	5
0	1
0	0
0	8
0	0
0	0
0	45
0	1
0	0
0	0
0	0
1	0
0	0
4	0
0	0
0	0
0	0
2	15
0	25
0	1
25	83
0	0
6	0
34	73
4	0
0	26
0	0
11	0
0	31
0	54
0	51
0	31
0	96
4	0
49	135
14	0
4	0
2	0
0	40
3	0
0	1
0	0
3	0
0	0
1	0
2	0
0	0
2	0
7	0
3	7
0	0
5	0
16	0
7	11
0	0
8	0
2	3
0	0
3	0
7	0
4	0
1	0
0	39
10	0
0	0
0	0
0	0
1	0
0	0
0	9
0	74
0	0
0	111
8	1
0	4
3	0
0	0
11	0
6	0
8	0
0	0
1	0
0	0
1	0
1	0
5	1
0	30
0	88
0	0
0	0
0	0
0	34
3	0
6	0
0	2
0	0
3	13
0	0
0	3
5	10
0	30
0	0
0	0
0	60
0	38
0	75
3	0
0	11
6	0
0	66
7	20
0	0
0	0
10	0
9	0
0	52
0	14
19	35
0	44
5	0
9	0
0	0
0	0
4	0
0	92
0	1
7	0
10	5
7	9
0	3
0	0
8	0
0	0
0	1
0	0
2	3
0	8
0	6
0	0
2	0
0	0
6	0
0	22
83	152
0	1
0	1
2	3
4	3
2	8
0	4
0	0
0	0
0	0
1	4
0	8
2	2
1	0
0	40
5	4
0	37
4	67
0	7
0	0
0	1
16	0
9	1
5	1
5	7
0	27
0	58
0	116
2	64
0	0
2	0
0	48
0	0
0	26
0	28
0	0
1	17
0	0
0	39
4	0
1	18
0	0
2	1
0	22
0	4
12	22
3	0
0	5
0	0
0	0
0	1
2	0
0	0
0	0
3	13
2	47
0	0
0	0
0	0
0	1
0	0
0	0
4	0
5	0
6	0
1	3
1	16
5	14
0	13
7	1
0	88
0	2
0	13
0	51
1	0
1	38
0	2
0	5
2	4
0	41
0	0
3	0
0	2
0	0
6	0
1	26
12	0
0	0
0	3
3	0
0	6
0	39
0	1
0	34
0	36
0	8
0	0
0	0
0	40
0	5
0	0
1	9
7	6
0	0
2	63
736	1808
25	0
8	1
0	98
0	6
0	46
1	0
0	0
0	0
0	8
1	72
0	0
901	1548
0	39
0	0
0	1
0	34
1	0
0	2
1	0
0	0
0	1
7	0
0	0
14	0
0	8
4	0
39	27
0	0
2	0
0	0
3	0
0	4
2	0
0	3
20	279
2	0
0	0
0	10
0	0
4	0
0	3
0	0
0	0
0	0
0	48
0	1
0	43
1	15
0	0
0	0
0	0
0	8
13	4
0	107
1	0
5	0
0	14
0	0
0	53
0	2
2	0
9	0
1	76
0	0
15	0
0	58
1	0
9	0
1	0
0	0
6	0
0	28
0	1
1	0
0	0
13	3
0	0
0	1
1	0
0	0
0	4
0	0
0	0
0	0
0	1
0	0
0	0
1	4
4	0
3	38
0	0
0	83
1	0
2	0
0	110
5	0
0	0
4	0
3	20
0	28
2	0
6	59
0	0
0	3
1	0
2	0
0	0
0	31
2	7
3	0
0	61
0	39
0	0
14	0
1	0
6	10
2	10
0	0
0	10
0	0
0	0
0	28
0	4
0	0
0	5
14	0
0	0
0	44
3	0
0	0
11	1
0	0
2	0
1	0
1	0
0	0
0	12
0	0
0	0
0	0
167	0
0	1
0	0
0	0
0	0
0	44
1	0
0	37
0	107
0	52
1	1
0	2
1	2
0	0
0	95
0	61
23	0
3	60
2	0
0	1
0	0
0	0
0	2
0	0
0	44
0	0
2	23
0	118
0	38
0	48
0	103
0	10
10	0
2	42
0	3
0	43
0	17
0	28
1	29
0	5
16	13
0	17
2	23
201	2956
0	0
690	135
0	14
1	0
0	0
2	0
0	0
0	0
0	42
4	3
9	5
6	0
0	2
0	0
11	43
0	0
5	4
0	0
0	107
0	31
0	0
7	0
2	0
1	1
0	27
1	45
0	1
0	2
0	2
0	1
2	42
0	0
0	0
0	63
0	5
0	39
0	0
0	13
0	11
0	26
0	40
0	1
0	15
0	1
1	5
0	0
0	0
0	80
0	4
0	26
5	0
5	87
0	27
0	0
1	0
1	0
0	0
0	0
0	0
38	0
2	0
1	1
0	0
0	18
0	0
40	0
0	44
0	3
0	0
0	0
0	0
3	0
0	0
0	0
0	0
0	19
0	8
13	4
1	0
6	2
0	0
2	0
0	0
8	0
6	0
7	0
5	0
0	22
10	0
3	0
6	2
0	0
0	33
20	0
0	5
3	0
0	0
2	3
1	43
1	0
0	0
0	0
2	65
0	1
0	135
0	1
1	60
0	15
0	0
0	0
15	5
25	0
21	0
0	48
0	0
