UniqueCount	AmbigCount
0	0
0	0
0	0
0	0
0	0
0	0
0	0
0	0
0	0
0	0
0	0
0	0
0	0
0	0
0	0
0	0
0	0
0	0
0	0
0	0
1	14
0	14
2	10
0	10
0	12
0	0
5	1
10	0
0	1
0	1
0	9
0	20
0	20
0	3
7	2
0	2
6	14
0	8
7	9
8	2
0	15
7	6
0	4
12	0
5	20
0	20
1	18
3	11
0	11
2	14
0	14
0	36
0	36
11	3
0	17
0	17
17	12
0	3
0	11
0	10
6	12
0	12
8	1
5	5
0	5
0	8
0	2
1	6
2	2
21	1
0	11
1	25
0	16
0	16
0	6
0	5
0	5
3	7
6	10
0	7
0	15
3	9
0	9
0	11
0	14
0	3
1	8
0	11
3	11
0	0
2	3
0	3
6	10
0	6
1	9
0	9
0	9
1	3
1	20
0	20
6	3
0	2
0	2
4	14
1	8
4	9
0	10
0	10
0	10
0	4
0	0
0	10
0	10
13	3
0	0
0	6
0	6
1	10
11	3
4	2
13	2
3	0
1	6
0	6
0	1
5	1
0	1
3	8
6	3
1	2
0	4
0	11
0	6
8	3
0	15
0	5
0	2
0	10
6	6
0	3
0	3
0	6
0	6
13	0
1	0
0	3
0	3
2	5
0	5
0	5
9	0
9	0
12	0
5	4
0	4
3	0
3	0
0	0
0	0
0	1
0	1
7	0
1	0
20	0
29	0
16	0
0	0
1	0
3	0
0	0
0	0
2	0
0	0
7	0
2	0
2	0
4	0
1	0
4	0
5	0
0	5
0	5
0	6
0	6
0	0
0	0
7	0
2	9
0	9
6	1
0	1
29	11
17	2
27	0
30	0
10	0
43	0
2	3
8	0
3	21
0	43
0	14
6	4
0	43
1	82
0	82
13	0
0	9
30	12
0	12
22	7
0	16
1	13
17	16
15	47
1	31
0	3
21	6
61	5
143	47
0	13
0	13
5	33
0	36
0	39
0	16
0	9
0	0
0	18
0	7
0	13
0	9
3	39
0	16
44	28
1	34
6	1
0	2
0	34
1	4
0	4
0	13
0	13
0	3
0	0
0	3
0	3
25	0
0	29
0	29
2	27
8	0
2	22
0	22
33	14
0	14
27	128
0	76
23	16
0	16
21	50
0	40
1	12
38	8
0	12
6	4
0	8
41	103
31	24
0	72
0	63
0	31
0	55
4	20
0	64
10	63
32	0
1	129
0	72
6	25
0	21
0	24
0	4
0	4
15	13
24	20
5	9
0	9
18	2
18	3
12	8
21	9
20	4
4	0
18	15
0	14
16	18
24	0
60	0
22	5
17	12
17	0
20	4
27	5
4	16
1	16
0	16
0	16
20	0
13	338
0	19
0	11
0	19
0	11
0	13
0	11
0	16
0	2
0	2
0	19
51	10
0	10
0	6
0	42
0	42
38	147
18	46
0	30
19	0
10	5
0	7
11	0
26	0
0	30
0	30
3	184
8	9
0	9
11	87
0	62
26	20
17	4
0	10
0	10
0	17
0	17
0	46
5	46
3	46
0	10
9	98
10	11
0	151
3	151
0	170
0	8
28	22
12	45
0	64
11	19
1	2
0	2
6	0
0	170
1	7
0	7
25	0
13	0
66	160
9	13
0	13
12	6
6	3
0	3
17	5
5	0
6	18
0	18
3	14
0	0
0	0
0	0
0	0
0	0
0	0
0	0
0	0
0	0
0	0
0	0
0	0
0	0
0	0
0	0
0	0
0	0
0	0
0	13
0	13
4	22
0	22
28	27
3	25
1	24
30	26
31	17
1	15
11	9
1	9
7	22
14	22
28	5
3	5
18	0
12	0
6	0
0	8
14	8
25	0
0	10
0	10
5	0
0	5
0	5
0	10
0	10
3	2
0	0
0	0
15	0
0	0
0	5
0	5
0	8
0	8
0	5
0	3
0	3
0	8
0	8
0	5
0	5
1	7
3	0
5	2
8	0
0	8
5	2
5	4
0	5
0	6
0	6
0	11
0	11
0	8
0	8
5	5
12	10
0	0
0	8
0	8
3	0
0	0
0	2
0	2
0	3
0	3
0	1
0	1
6	5
0	5
3	0
2	34
0	22
0	22
10	15
0	19
0	15
11	12
1	33
30	0
0	13
0	13
2	2
0	25
0	25
0	9
0	9
7	5
2	0
18	5
0	4
0	0
3	7
4	0
7	5
11	3
0	32
0	32
5	7
0	21
10	6
0	0
10	7
0	9
9	0
7	2
15	11
0	9
0	9
0	1
0	1
0	9
0	9
5	0
0	1
0	1
0	9
0	9
4	0
6	0
0	4
0	4
4	2
0	4
0	4
0	22
0	12
0	8
4	4
2	9
4	0
0	5
0	5
10	0
6	0
0	4
9	0
0	0
7	0
4	0
11	3
0	7
0	7
0	0
0	0
0	5
0	5
0	1
0	1
0	30
0	30
0	0
0	0
1	1
0	21
0	21
0	4
4	18
0	8
0	8
0	1
0	13
0	13
0	0
0	30
0	30
11	3
2	4
5	0
0	14
0	14
0	24
0	24
0	13
0	13
7	7
19	0
0	3
0	3
7	0
0	14
0	12
14	0
2	10
0	8
2	4
0	4
3	0
8	0
0	0
0	0
2	0
0	0
0	0
8	0
3	0
5	0
5	2
26	0
0	2
1	0
8	0
0	4
0	4
0	7
0	7
0	0
0	13
0	13
0	11
0	11
12	0
2	7
0	6
0	7
2	13
0	3
4	7
0	7
0	3
0	3
0	9
0	9
4	1
14	19
0	4
0	4
5	4
0	5
0	5
5	6
9	3
0	6
1	1
0	1
0	1
0	9
0	9
10	8
6	8
0	2
0	2
0	2
0	5
0	5
0	3
0	3
0	0
2	0
0	0
0	0
0	0
0	6
0	4
0	14
0	12
0	10
2	19
0	19
0	4
0	4
1	7
12	7
0	10
0	10
2	0
0	0
0	0
2	0
4	0
11	4
0	3
0	3
0	9
0	9
14	0
0	0
0	11
0	11
5	5
4	5
0	26
0	26
9	2
0	2
0	2
1	0
0	0
0	2
0	0
0	0
0	0
1	6
0	6
0	0
3	2
0	3
0	3
0	0
5	12
2	7
0	2
5	13
0	4
0	4
4	8
1	4
0	4
0	0
3	6
0	0
0	0
2	2
0	9
0	1
0	1
0	0
5	2
5	0
0	2
0	2
0	1
0	0
11	0
0	0
1	7
0	10
0	0
0	0
0	0
0	0
0	0
0	0
0	0
2	0
0	0
0	0
0	0
0	0
0	0
0	0
0	0
0	0
0	0
0	0
0	0
0	0
0	0
0	0
0	0
0	0
0	0
0	0
0	0
0	0
0	0
0	0
0	0
0	0
0	0
0	0
0	0
0	0
0	0
0	0
0	0
0	0
0	0
0	0
0	0
2	0
3	0
0	0
5	0
0	0
0	0
0	0
0	0
0	0
0	0
0	0
0	0
0	0
0	0
0	0
0	0
0	0
0	0
0	0
0	0
0	0
0	0
0	0
0	0
0	0
0	0
0	0
0	0
0	0
0	0
0	0
0	0
0	0
47726	31
14435	6
69701	2480
23253	28775
7	10166
143	9585
6	32086
194	23732
3017	4
8	27478
43593	28312
37006	1316
39379	0
9	0
0	24
0	24
0	14
1	23
0	7
0	6
0	13
0	13
0	11
0	11
0	6
0	0
36	56
0	12
0	1
1	1
0	43
204	78
0	56
0	47
0	18
25	46
0	20
0	3
0	42
0	30
0	8
0	1
0	4
1	3
2	3
41	12
0	1
0	3
0	53
0	1
0	1
0	1
0	1
69	63
52	22
1	17
3	39
1	3
0	7
0	28
0	75
6	75
147	0
77	98
0	98
71	17
30	156
3	2
1	7
0	3
12	8
0	12
14	2
0	102
0	37
3	3
56	102
0	35
16	28
0	21
0	21
0	21
0	10
0	8
0	10
8	2
0	2
10	0
6	7
0	0
3	11
26868	13341
57	43
0	42
0	43
27	38
2	28
5	4
0	102
0	117
3	0
0	1
61	52
0	5
0	5
12	9
4	23
0	176
59	196
36	41
10	0
9	0
0	46
6	1
0	5
0	9
0	13
0	18
12	4
45	10
0	75
0	37
0	60
8	27
1	10
0	10
0	10
0	10
1	4
2	0
13	0
1	6
0	6
1	14
12	29
11	32
0	30
3	29
2	0
0	0
2	114
27	111
1	5
0	4
3	15
1	15
27	2
0	180
0	180
16	65
62	2
8	6
0	137
2	1
0	0
0	13
0	11
0	18
7	43
0	43
8	0
0	26
0	26
7	26
0	2
0	26
0	5
0	23
3	27
0	7
0	7
0	0
1	27
0	1
184	84
4	30
0	34
0	76
173	17
1	8
2	6
34	5
2	2
0	8
0	8
3	13
0	15
0	8
0	7
0	8
0	0
0	0
0	3
0	3
0	3
0	3
0	3
0	3
0	3
0	1
0	0
0	16
0	18
22	2
0	62
0	68
0	73
0	6
0	56
3	50
0	8
5	5
19	6
19	21
139	19
0	0
2	4
0	10
156	28
0	27
0	23
0	0
58	35
39	22
0	4
63	315
0	52
0	3
0	9
0	9
0	10
5	9
0	0
4	21
30	5
6	0
12	5
0	12
166	12
160	12
30	30
18	30
52	0
0	16
0	0
2	3
29	16
0	0
44	118
6	15
53	133
17	34
0	83
0	42
123	6
13	6
4	28
0	5
0	7
9	17
34	39
0	10
6	10
0	14
0	9
2	3
2	2
59	27
0	69
0	69
0	52
145	83
0	123
0	123
0	0
5	0
121	54
0	32
6	54
0	0
0	184
0	184
13	74
49	75
39	80
0	16
42	19
17	74
178	42
0	7
151	6
0	6
0	2
1	61
0	0
2	30
17	0
0	13
10	5
102	10
16	0
0	3
0	3
19	3
6	3
0	7
0	3
0	3
0	7
0	3
18	24
1	24
0	19
7	4
0	51
0	18
0	48
19	52
0	42
0	14
8	4
0	70
8	70
12	30
0	59
0	13
20	14
0	14
117	51
1	10
2	10
0	8
0	41
0	7
39	19
7	15
23	26
0	15
62	4
0	4
0	131
0	120
0	125
0	7
0	25
0	22
7	17
0	60
0	39
0	68
0	68
0	35
0	35
7	5
25	1
3	1
0	1
6	0
102	82
0	14
0	11
3	2
3	5
0	79
39	0
16	101
0	101
14	201
137	203
0	24
0	220
13	1
0	4
13	1
29	91
1	220
10	0
5	4
0	49
1	3
27	46
0	46
5	46
95	6
46	5
185	0
34	10
0	5
0	5
118	0
0	63
0	7
6	5
0	5
0	58
0	5
9	63
236	0
71	26
81	12
12	5
5	0
44	134
138	21
0	4
0	21
12	17
64	87
0	81
0	0
13	10
39	41
21	3
0	9
11	26
0	8
0	20
0	12
0	7
0	63
0	5
40	85
0	31
0	85
0	27
5	10
18	23
0	23
11	49
0	18
0	11
4	4
9	6
8	0
0	2
0	0
4	4
4	2
0	1
0	36
0	36
0	36
0	36
136	0
43	59
70	88
0	53
3	12
14	64
0	63
0	48
0	40
0	50
0	53
0	63
7	46
49	9
4	9
382	483
0	483
67	137
0	12
0	9
15	1
26	2
8	7
0	0
56	11
55	28
13	53
16	53
0	123
0	138
0	96
0	47
0	39
0	38
21	37
24	42
0	47
14	0
37	9
1	5
115	118
3	6
0	71
0	68
0	64
35	97
0	92
2	30
0	37
0	43
11	0
1	22
26	18
0	16
15	19
22	10
11	32
0	8
23	20
0	8
60	11
6	170
80	585
0	1
0	6
4	1
0	1
0	168
29	9
0	9
0	193
0	194
1	35
0	29
0	33
0	33
0	33
15	28
8	1
10	5
75	24
0	12
1	6
3	6
0	65
0	28
0	58
0	44
6	7
0	7
3	7
0	46
0	66
67	3
0	26
0	63
8	65
0	45
29	0
0	11
2	3
6	63
1	0
3	8
0	11
0	68
3	89
0	103
3	57
9	0
65	5
12	8
0	24
13	35
21	12
15	92
2	0
8	0
8	5
10	5
35	108
0	110
0	107
0	5
0	3
0	3
1	0
45	49
0	49
0	9
1	39
0	36
23	0
7	126
8	92
7	23
2	60
0	14
23	10
0	11
0	63
1	2
0	2
8	2
0	20
0	20
0	106
0	48
0	51
0	31
0	9
0	19
0	21
13	79
32	59
3	10
18	9
4	9
6	30
49	13
19	0
159	32
0	9
0	2
20	93
0	31
2	9
2	9
0	0
15	35
29	37
46	22
0	19
0	5
89	16
9	16
31	0
1	119
26	20
0	56
2	11
0	17
81	1
2	3
0	47
0	8
0	5
4	7
0	3
16	3
151	50
1	50
7	0
0	19
54	5
16	19
2	16
2	3
106	169
0	146
0	160
1	87
3	5
27	14
17	9
0	174
11	35
27	43
0	28
0	32
0	31
0	5
0	4
0	19
39	14
0	20
0	13
0	20
4	6
0	15
0	6
0	5
0	4
0	5
0	9
0	9
56	0
0	9
13	199
0	218
0	132
0	130
87	172
3	142
0	3
0	3
12	7
30	6
0	4
3	3
35	14
29	0
0	14
0	6
0	19
0	6
121	0
7	0
0	18
0	7
0	9
0	15
26	14
0	7
0	10
2	9
8	2
0	11
0	1
0	35
0	35
13	13
0	10
0	6
6	12
3	12
0	6
12	183
0	230
10	183
5	106
2	14
0	230
53	7
89	40
0	3
2	3
3	3
57	362
0	26
0	48
2	92
1	7
0	292
0	28
0	28
3	0
35	141
41	604
9	31
23	95
52	95
9	6
145	14
4	1
0	7
2	4
2	5
121	25
5	5
4	20
0	52
0	52
0	14
7	20
4	20
105	55
0	44
0	13
2	8
0	2
15	8
1	39
3	48
0	6
0	6
0	24
0	61
44	0
1	85
0	60
0	92
53	54
378	788
0	12
0	10
17	45
0	9
0	21
4	10
3	7
0	11
12	57
0	55
9	18
0	85
3	0
3	26
0	2
115	39
1	2
29	28
32	94
2	0
0	5
0	38
0	35
0	85
0	65
0	87
0	55
140	5
0	42
0	42
0	17
0	11
0	0
1	10
0	10
12	36
7	36
78	120
14	1
68	28
2	54
28	17
8	17
23	19
0	19
0	5
2	1
5	75
0	6
0	9
18	24
0	43
0	21
0	69
0	3
0	0
9	34
37	63
4	32
12	23
1	23
0	86
60	143
0	147
6	196
0	131
0	47
0	5
6	1
3	6
14	6
1	0
0	196
199	40
0	12
8	17
0	5
0	5
0	10
2	12
0	7
1	0
0	11
70	126
0	119
3	26
71	22
31	62
0	19
8	8
0	9
0	7
0	0
0	13
40	90
0	15
0	10
0	4
0	65
0	0
0	12
0	61
324	188
54	79
0	31
7	39
37	46
29	10
75	38
5	3
5	28
0	1
64	24
15	23
0	1
2	1
0	219
0	218
0	211
0	2
0	2
0	208
5	5
0	45
0	90
0	37
13	103
10	103
49	17
25	13
23	12
0	0
6	4
6	26
0	14
10	10
0	26
0	8
9	26
9	31
31	26
1	5
67	14
33	0
0	5
12	20
0	20
49	54
0	41
1	28
0	21
0	38
0	7
2	63
16	53
0	40
11	20
0	15
31	4
8	5
5	5
0	5
1	5
143	18
78	13
0	9
0	8
22	7
0	5
1	2
2	24
0	45
0	49
7	142
0	45
0	80
0	80
0	71
0	48
1	44
0	6
0	3
23	8
24	18
0	14
0	15
0	12
0	15
0	15
0	15
0	8
2	4
0	8
3	7
8	4
27	129
0	121
29	23
13	84
48	0
1	6
0	4
0	26
0	26
189	55
0	26
0	26
0	21
0	20
0	19
7	27
5	26
37	24
0	53
46	41
0	17
0	48
1	33
0	8
3	27
168	27
96	42
12	17
8	2
9	2
32	67
9	130
0	129
0	7
0	2
0	17
0	17
262	3
0	3
5	30
12	30
3	18
0	9
3	8
2	0
0	57
0	44
0	17
0	10
0	50
123	115
35	25
15	35
9	77
0	17
5	8
2	0
0	3
1	3
17	0
0	3
0	10
196	51
3	14
0	8
5	20
0	150
1	4
0	4
136	255
0	4
0	5
0	6
8	5
0	48
0	146
0	12
38	25
0	7
15	9
0	9
0	7
0	9
0	7
12	4
0	8
0	20
0	22
0	20
0	21
0	2
0	11
4	14
2	12
0	1
0	41
0	0
5	0
0	35
0	1
0	0
0	0
0	24
0	1
0	41
1	6
0	6
0	3
0	6
16	18
24	18
296	26
0	10
11	2
7	0
0	13
0	31
8	31
28	28
54	44
0	44
12	93
0	47
39	50
0	131
0	130
0	10
28	10
1	22
0	4
0	9
8	18
5	0
1	0
17	69
0	4
8	12
7	33
1	39
0	10
0	33
149	46
33	38
0	12
1	6
0	6
0	0
8	4
7	1
0	4
3	101
4	101
5	3
33	2
8	1
11	0
0	16
28	16
0	16
0	0
3	3
94	0
0	46
0	46
0	36
0	19
0	12
0	18
0	11
0	4
1	2
6	2
1	1
6	1
0	1
0	0
31	32
0	27
0	38
0	21
40	22
0	0
21	26
15	13
0	13
0	26
23	36
0	36
80	0
0	0
0	95
0	94
0	1
0	50
0	0
3	0
32	0
72	0
23	18
0	6
6	18
0	11
12	0
0	8
12	8
14	8
6	4
2	4
10	4
40	0
27	55
5	9
0	47
1	0
0	9
2	1
15	52
40	15
7	4
0	0
0	0
0	6
8	22
6	34
0	35
16	21
0	22
0	13
3	5
0	18
0	0
9	17
0	10
0	0
9	0
61	0
1	3
17	15
0	5
2	3
29	15
54	10
1	2
0	3
2	90
0	93
39	93
1	17
0	17
0	65
0	9
32	163
34	35
0	4
0	38
0	6
0	6
0	47
8	47
1	43
14	43
3	43
3	3
5	28
7	0
4	2
13	39
2	2
7	18
95	18
0	53
11	53
0	15
0	0
6	33
6	41
0	18
99	194
10	15
9	30
0	15
0	3
0	0
0	0
0	0
25	0
0	15
0	11
0	78
0	109
0	89
0	85
0	3
0	32
297	58
48	19
26	19
4	19
50	3
0	6
16	147
5	3
0	147
0	64
20	118
0	124
0	64
0	5
10	0
0	124
0	84
0	12
0	16
0	1
0	7
0	7
0	1
0	0
0	0
0	1
10	54
0	54
72	21
2	38
0	38
112	44
11	17
0	7
42	54
0	59
3	52
115	123
16	0
0	45
3	12
0	12
11	33
7	33
20	26
0	8
0	18
4	7
0	11
3	125
0	125
32	7
121	38
4	0
0	10
23	1
12	56
10	75
0	35
0	18
0	56
58	0
2	28
2	69
0	72
67	44
92	34
18	17
1	50
0	32
22	25
0	50
0	25
9	25
0	53
3	8
50	42
2	53
0	11
25	28
19	49
0	63
0	94
17	20
0	9
33	72
7	43
0	4
5	2
14	0
4	2
0	0
8	81
0	65
0	61
0	9
0	3
4	4
48	75
0	4
0	6
0	18
0	25
0	6
0	8
0	12
0	12
69	0
0	23
4	4
0	26
3	26
19	12
0	9
0	69
0	70
0	78
0	29
0	39
0	28
0	32
7	32
0	21
3	4
0	28
0	14
0	14
0	9
0	11
0	9
1	31
31	66
0	66
2	7
26	0
1	6
0	5
31	54
49	4
0	30
8	16
113	31
3	3
0	5
0	23
0	6
51	6
19	7
0	6
24	5
0	114
19	118
3	4
33	3
0	3
2	3
0	3
22	9
0	9
0	9
0	4
5	9
9	22
644	442
0	2
0	15
38	18
12	18
0	4
23	4
0	1
147	2
0	65
39	6
0	68
23	36
13	8
0	9
7	10
0	0
0	1
5	44
0	9
122	61
0	146
0	3
12	0
0	56
6	72
0	40
3	142
0	146
0	7
0	5
0	17
0	20
0	23
0	3
0	24
0	4
0	20
0	14
0	12
0	3
0	8
0	10
0	5
7	0
0	10
14	10
0	7
0	0
0	5
0	5
2	55
0	90
49	187
6	25
10	5
5	3
2	18
0	11
22	11
0	7
3	27
1	30
0	0
6	6
64	16
6	6
0	28
3	9
38	71
17	2
33	0
0	2
42	51
0	16
17	51
42	22
6	15
0	6
15	0
0	46
0	0
1	0
157	54
23	24
0	56
0	28
70	0
0	10
0	13
0	5
7	15
0	52
44	60
37	30
50	41
4	20
10	0
0	0
9	13
17	3
0	12
0	3
14	12
0	4
3	2
0	7
0	0
0	7
0	7
0	6
13	12
0	3
44	12
101	0
4	5
0	0
2	0
0	0
0	26
16	26
4	5
0	19
17	10
0	23
0	16
0	21
4	19
6	4
15	0
11	12
19	5
4	15
4	7
0	7
0	41
1	53
0	64
38	64
0	41
9	14
25	8
0	4
55	13
5	24
0	8
0	3
13	0
1	39
0	64
35	71
0	43
197	53
24	36
0	36
0	1
7	7
20	0
0	7
2	7
3	30
6	8
0	3
0	11
0	11
0	5
0	28
0	28
26	13
0	0
203	14
10	8
0	0
31	15
0	14
0	10
0	5
0	1
0	3
0	11
0	4
0	21
2	0
0	21
4	11
6	12
0	22
0	5
4	30
1	8
5	7
0	7
0	2
0	2
0	2
0	15
0	5
0	6
4	5
0	7
10	3
0	3
0	0
6	21
82	58
1	6
0	30
10	37
0	0
80	0
210	4
8	4
36	164
61	127
66	0
0	137
0	150
0	150
4	106
22	72
3	126
0	59
16	2
1	0
0	11
0	140
57	136
8	0
4	0
108	270
0	16
38	16
0	16
0	15
10	15
14	104
0	16
2	19
0	26
0	26
79	0
26	6
140	6
139	59
0	46
1	21
19	9
67	20
0	0
14	80
0	34
0	89
15	83
5	4
8	11
0	21
1	13
0	88
19	88
3	86
0	88
29	0
0	81
0	11
12	21
31	8
0	16
92	0
213	0
7	111
0	153
0	155
0	89
0	113
0	130
18	105
0	35
0	5
2	20
0	0
6	90
0	56
0	90
1	36
0	45
0	31
0	37
0	36
5	28
0	22
2	8
0	20
0	7
6	2
48	140
0	140
0	56
0	18
1	56
0	52
14	142
63	4
0	4
0	12
0	19
0	19
0	19
0	12
0	12
0	1
0	12
0	12
0	1
2	1
9	0
0	1
0	0
69	0
3	128
0	79
0	83
0	59
0	66
0	68
34	42
1	104
9	51
12	72
9	6
2	61
1	0
13	0
52	51
7	11
0	39
17	27
0	17
0	10
4	165
5	13
17	54
24	0
0	120
0	8
0	159
0	213
0	41
0	26
2	27
0	14
0	2
7	17
0	4
0	71
56	4
17	0
15	71
11	1
7	1
11	1
0	1
0	9
0	0
27	41
28	65
0	45
141	82
0	58
0	0
7	4
0	5
1	3
0	12
42	13
0	183
32	51
26	51
1	22
46	0
51	0
38	93
13	88
0	93
0	66
8	1
0	8
0	3
0	8
0	1
0	1
0	3
0	4
0	1
26	21
13	11
0	12
112	14
0	5
9	9
23	171
32	4
1	128
0	128
0	81
3	54
0	104
0	104
0	9
0	12
15	5
0	2
17	37
0	3
0	9
15	38
80	18
12	75
0	45
0	45
0	51
0	51
0	45
13	10
0	34
0	37
4	7
2	3
3	0
2	1
2	0
2	0
0	0
0	0
10	0
8	13
0	55
0	55
23	52
0	30
0	40
21	0
5	56
0	47
0	24
14	32
20	46
0	38
0	26
336	1145
5	7
37	79
28	34
5	34
0	34
0	34
145	65
0	49
0	28
55	4
0	15
88	110
0	3
0	19
0	34
71	3
1	3
0	70
0	66
0	9
0	7
39	56
0	52
28	144
0	62
0	59
0	90
13	9
3	4
0	12
120	51
0	0
40	53
1	20
0	79
0	35
3	24
0	17
83	7
0	0
0	35
0	80
0	11
19	8
0	15
0	13
0	4
12	10
0	8
5	4
0	14
1	1
0	5
3	1
0	16
0	7
0	0
28	70
249	224
97	39
0	39
42	5
24	3
48	22
0	22
3	77
0	17
5	17
0	71
6	26
13	26
0	0
7	0
16	5
11	2
84	2
9	13
88	56
0	55
8	9
7	38
9	46
5	37
7	37
37	9
0	79
0	33
0	23
12	3
27	2
18	12
7	5
0	2
0	2
4	7
4	6
33	17
11	3
1	21
0	14
0	16
0	9
0	19
0	14
16	15
0	52
60	52
17	15
8	9
0	6
71	60
0	11
0	50
0	49
4	8
0	33
0	8
0	98
6	98
44	83
0	93
17	46
0	11
17	0
3	0
5	13
3	5
0	0
0	21
2	21
0	0
0	17
6	14
1	49
0	49
13	16
10	16
0	47
0	11
0	38
0	17
7	15
0	45
0	10
0	9
3	11
3	45
39	15
0	2
0	13
12	0
4	0
47	88
0	28
10	304
22	7
0	47
0	3
1	21
43	67
0	35
0	50
0	46
16	63
0	57
0	39
0	40
0	65
0	57
4	42
0	48
12	4
0	12
0	12
4	15
6	63
0	67
0	64
96	3
0	51
1	49
40	67
1	11
4	11
9	46
91	34
113	11
0	128
0	111
45	21
29	40
7	53
0	75
0	62
0	74
0	34
0	42
0	20
1	35
34	26
0	4
2	19
0	83
0	25
22	19
0	36
15	31
140	0
0	27
0	27
0	71
0	19
42	139
0	8
0	5
0	22
0	9
0	12
2	6
0	17
0	15
0	22
0	19
0	17
24	11
4	0
0	32
8	12
59	32
8	102
1	123
1	123
15	103
4	9
1	58
2	0
22	39
2	29
2	18
0	21
3	47
0	42
32	62
0	68
0	22
0	68
27	132
0	40
0	131
26	19
2	13
0	132
0	126
30	33
3	29
0	29
44	0
75	0
11	60
0	78
0	60
31	81
0	58
0	36
0	24
97	29
0	11
0	71
0	71
89	0
16	1
0	1
0	2
0	2
0	1
0	1
83	1
5	0
0	484
0	62
27	514
1	40
0	69
0	12
72	9
0	1
0	12
66	55
80	100
0	23
2	73
0	4
0	4
65	29
0	23
0	58
0	66
0	58
14	2
47	24
0	10
9	10
6	3
0	3
0	60
0	66
22	54
0	4
3	4
10	54
0	3
2	2
26	45
1	6
0	43
0	43
1	0
0	41
1	0
0	41
0	41
0	0
0	0
0	0
0	41
0	0
0	0
0	0
132	9
2	9
113	18
0	23
0	42
0	12
0	50
0	17
3	1
0	9
0	1
0	4
0	2
0	105
0	105
21	55
0	19
47	117
0	42
0	43
0	68
0	40
0	35
0	5
0	15
6	17
2	5
0	1
10	2
0	0
7	5
0	7
17	6
25	45
0	36
1	36
0	5
0	2
68	44
0	0
2	3
62	76
0	69
0	2
0	10
5	35
3	25
0	174
6	0
11	6
0	5
0	5
0	173
0	60
0	31
0	55
22	65
0	10
6	0
4	4
85	62
0	62
6	16
0	107
0	86
0	25
0	0
37	14
4	28
0	16
4	4
0	6
51	25
0	33
40	0
8	14
0	107
0	23
8	214
0	214
0	0
5	52
13	0
0	42
57	40
0	11
3	0
180	5
0	40
0	63
3	92
4	14
0	137
0	0
5	9
19	117
0	2
0	33
0	14
9	14
3	33
18	31
1	9
0	3
0	0
49	0
131	88
0	65
3	9
11	11
91	32
16	1
10	22
0	10
1	0
9	10
36	128
28	0
90	0
38	25
0	116
12	53
0	8
1	8
36	84
1	3
1	13
0	12
12	95
0	3
14	0
54	73
0	20
0	2
0	21
0	21
0	3
0	0
1	30
0	18
0	30
28	100
7	100
13	7
0	17
6	18
0	6
0	8
5	18
0	18
0	24
29	235
0	12
0	8
0	59
0	42
0	12
0	12
0	6
0	3
0	13
16	13
0	7
20	1
5	5
3	86
0	72
10	84
0	16
0	25
0	46
0	6
0	42
118	17
0	2
0	15
35	0
0	0
0	23
0	29
66	25
0	11
1	6
1	0
2	41
0	82
0	95
0	15
0	85
30	85
0	37
0	4
44	29
0	45
138	53
47	0
0	53
0	49
58	90
0	25
0	16
7	1
0	53
137	193
3	16
0	16
2	15
21	20
0	15
0	39
2	39
0	16
6	103
0	91
8	56
36	51
0	6
0	23
0	23
1	6
30	29
0	10
0	12
16	0
8	27
0	23
0	32
3	32
87	52
2	6
12	17
0	42
2	44
12	37
0	39
0	4
85	82
0	4
0	3
0	23
0	37
0	25
0	6
27	45
8	9
0	8
0	11
0	8
6	5
0	116
0	30
5	59
0	1
1	1
0	40
0	86
0	40
16	1
0	1
24	38
65	35
0	18
0	16
19	35
39	86
0	2
0	81
0	86
3	0
0	121
0	141
0	9
0	9
0	9
0	9
0	4
0	6
22	13
0	6
64	5
0	8
21	3
0	2
0	13
0	34
105	69
0	62
0	26
32	35
0	17
0	13
17	0
115	46
0	53
17	46
0	49
0	16
5	20
0	13
0	7
149	16
63	29
24	30
0	32
6	32
12	32
167	2
0	41
0	48
7	6
9	53
0	2
0	1
0	2
1	29
0	1
0	3
6	12
0	12
0	169
0	169
0	39
0	31
0	16
8	3
0	1
8	0
56	19
18	70
0	74
0	39
0	43
0	34
1	12
17	35
0	31
3	0
21	40
3	4
6	0
81	0
6	0
32	28
10	102
5	102
0	102
0	2
1	0
0	446
179	755
0	617
0	48
5	48
5	48
0	32
0	34
0	33
5	83
0	33
0	102
0	45
0	111
0	46
0	189
0	101
0	182
0	135
0	55
0	19
0	81
0	34
0	10
0	48
16	117
0	41
11	74
0	33
2	35
0	35
14	44
0	30
0	32
0	32
0	58
0	27
20	58
0	26
0	19
0	13
0	13
2	2
0	1
0	1
0	3
0	1
0	3
0	3
0	3
0	7
0	44
4	2
0	2
0	0
0	0
96	11
0	11
0	5
6	6
0	286
59	274
57	12
0	126
0	173
17	4
8	14
0	128
3	126
88	54
0	7
0	16
20	10
0	10
26	469
0	48
0	35
0	57
5	57
66	33
0	35
0	10
0	41
12	8
0	8
0	7
0	102
13	3
0	3
0	3
9	40
0	38
0	8
17	10
31	5
0	5
0	5
70	125
0	107
0	47
93	99
0	7
5	0
0	75
0	75
0	6
12	74
0	5
14	0
0	76
10	19
0	19
143	0
39	20
0	6
0	6
3	5
0	6
0	6
0	6
0	6
0	15
3	1
2	1
10	12
75	19
0	2
0	13
0	3
0	3
0	3
0	95
0	95
4	2
0	22
0	19
0	17
1	2
0	49
0	49
0	49
0	16
52	16
0	77
0	77
0	9
0	52
0	63
0	62
5	63
7	1
15	21
8	4
0	51
0	51
0	1
4	0
0	0
0	45
33	0
0	0
0	0
0	0
0	0
11	9
33	67
0	48
0	144
54	165
24	35
2	35
0	3
0	24
0	50
0	66
43	66
0	41
7	41
405	74
0	179
0	181
0	140
2	5
0	5
0	0
7	0
0	145
0	2
0	146
116	0
0	0
0	145
164	152
0	105
1	108
0	117
0	53
3	57
0	43
1	31
0	44
0	27
0	29
0	29
0	8
10	9
0	15
4	2
0	13
0	3
0	17
0	7
2	404
22	404
23	404
0	404
0	430
0	406
0	435
4	404
0	131
0	85
0	72
0	49
5	46
0	46
0	2
0	6
17	0
0	404
0	430
0	435
0	410
0	407
0	237
49	11
0	9
7	44
0	5
3	5
0	3
0	235
55	28
187	201
74	62
7	83
0	36
0	9
0	0
0	14
5	16
0	1
0	63
67	48
0	86
148	44
0	68
0	53
0	0
0	14
0	39
24	88
42	0
29	59
0	59
0	0
36	7
0	7
9	4
30	96
0	0
12	34
0	12
2	22
0	2
4	19
43	38
0	0
6	26
0	11
19	15
5	0
18	0
4	76
0	58
17	68
0	15
0	7
28	31
0	21
0	16
17	19
11	0
11	27
0	18
0	5
0	39
27	72
0	94
0	76
2	70
0	70
0	56
0	94
0	29
22	47
12	29
6	34
0	35
128	21
0	29
1	29
0	17
0	9
0	15
0	15
0	15
0	0
1	62
0	63
0	63
0	62
0	8
0	6
0	8
9	17
0	5
0	7
0	13
0	8
4	8
4	177
0	177
0	23
0	27
0	34
0	31
0	11
5	5
33	9
0	5
23	0
53	5
0	5
0	84
87	84
11	0
5	0
7	0
0	0
0	26
0	26
16	25
21	22
4	38
5	3
4	8
0	2
7	1
38	77
57	62
0	30
0	5
10	4
0	77
44	3
71	0
7	172
1	172
0	32
0	15
2	2
5	27
62	34
0	31
12	21
0	21
4	21
3	0
0	4
0	34
8	34
6	6
21	18
0	73
0	73
0	73
0	25
10	34
14	34
7	47
3	0
6	28
32	84
24	23
0	23
0	52
0	57
0	9
0	9
0	5
0	21
12	27
0	2
12	2
0	2
4	0
5	0
123	59
0	65
5	23
0	12
0	53
0	13
12	4
0	8
0	8
0	52
0	59
8	31
76	65
6	31
1	31
99	33
0	22
20	9
59	0
38	185
0	185
0	52
0	14
51	6
0	55
0	55
0	15
0	83
135	83
0	27
1	46
11	15
103	32
0	17
3	7
0	28
47	2
27	0
60	0
16	137
0	129
0	127
28	0
10	19
0	19
0	32
0	32
3	12
2	11
0	11
1	0
7	63
4	6
0	61
0	0
0	0
0	2
4	0
0	4
5	2
31	0
64	4
0	7
0	15
0	21
18	16
227	45
0	0
0	21
0	13
13	1
0	2
2998	5455
26	0
26	53
2	53
8	82
2	80
1	2
22	0
78	66
27	62
8	7
8	26
0	26
0	6
6	12
0	12
0	6
114	4
6	0
233	340
20	4
133	45
2	0
0	0
2	0
58	28
0	28
9	0
3	0
19	46
0	60
0	47
3	0
1	39
0	12
0	20
6	3
0	25
0	31
0	43
0	47
0	47
0	37
1	33
0	45
3	4
15	41
9	57
0	54
0	36
127	0
103	0
12	7
8	7
19	0
47	54
31	54
30	2
48	15
0	15
0	9
0	0
37	0
3	21
50	77
23	56
0	12
23	15
0	39
0	12
49	46
3	130
0	108
0	10
0	11
109	121
11	39
0	39
70	6
5	17
25	3
67	66
0	32
94	0
2	0
2	0
10	2
27	74
6	73
10	73
7	73
0	3
6	2
0	3
0	6
0	1
0	4
0	55
0	55
23	20
0	51
0	38
0	38
0	6
3	9
5	0
0	33
1	0
0	8
0	0
0	0
0	21
0	21
0	89
13	72
0	27
0	0
0	2
4	0
21	1
0	89
2	41
0	39
0	20
3	0
0	0
0	8
24	99
16	34
21	0
1	36
0	36
4	36
0	36
7	4
1	3
9	6
36	0
0	143
0	143
0	143
0	143
0	143
0	143
0	143
0	143
4	143
0	133
1	2
0	19
22	0
26	0
17	57
5	143
0	77
27	77
25	4
23	62
0	0
1	0
14	25
14	23
8	0
4	1
18	1
15	101
177	114
10	5
17	34
1	30
0	9
0	121
0	118
0	118
0	118
0	123
4	123
0	114
3	113
3	3
72	0
10	92
16	74
12	25
0	24
0	27
0	66
0	11
0	9
0	7
8	1
3	4
2	1
3	8
0	6
27	15
0	22
0	13
0	21
0	13
9	233
23	21
6	21
16	6
0	34
8	18
0	3
26	18
0	14
0	25
34	0
0	263
26	9
12	27
1	21
0	4
2	6
5	6
145	25
6	24
28	21
0	23
0	18
12	19
0	4
10	58
0	37
3	19
0	21
2	3
10	8
44	35
0	20
3	4
9	21
15	6
14	15
0	41
0	35
0	47
0	36
0	11
2	29
0	17
0	0
0	29
45	84
1	4
2	3
0	36
0	36
0	1
0	25
57	1
5	1
0	0
34	0
23	21
19	5
0	21
16	69
0	54
0	0
0	5
0	4
0	3
92	179
0	0
171	85
90	22
92	32
0	10
102	29
0	5
0	7
0	319
3	101
4	344
37	235
2	355
0	2
0	2
0	23
6	58
24	58
0	23
0	18
67	22
0	0
4	0
1	22
5	0
4	0
0	18
3	10
0	0
0	10
0	0
2	26
0	45
0	27
28	32
0	24
5	104
0	103
1	11
0	11
0	2
0	2
0	61
0	0
0	171
0	107
0	101
0	0
0	30
0	23
0	76
39	3
0	3
0	2
0	30
10	4
0	14
0	13
0	170
0	170
7	27
0	83
0	43
0	0
9	6
0	6
2	0
0	19
0	13
0	48
0	15
0	19
0	40
0	11
0	17
0	28
25	27
0	57
2	50
0	9
0	50
0	14
0	16
7	0
4	19
30	0
17	13
4	5
30	6
0	9
0	21
0	50
58	67
14	3
40	89
0	80
0	77
11	63
0	68
9	3
3	21
0	22
0	3
1	8
70	20
0	20
58	74
0	52
0	15
234	32
3	20
0	120
231	112
0	78
1	4
0	1
0	0
7	1
0	1
13	0
28	43
0	43
0	39
9	42
4	39
0	14
0	7
0	3
2	15
0	26
0	39
14	36
0	36
0	31
4	0
0	118
7	37
0	46
0	60
0	10
1	12
0	12
0	13
0	5
0	2
0	14
10	12
0	289
0	291
0	291
0	7
0	11
4	11
8	7
64	50
0	50
0	13
0	18
0	28
0	36
0	3
0	13
0	13
0	50
0	37
35	83
0	81
0	6
4	26
0	8
0	4
24	18
0	19
0	10
2	264
46	203
0	296
0	392
0	85
0	70
0	34
0	68
0	0
0	28
0	4
0	3
5	3
0	70
0	3
0	52
21	14
0	82
0	33
7	17
0	8
2	8
42	33
4	16
0	26
3	11
11	0
114	13
5	1
131	101
21	4
0	33
3	28
0	25
0	5
0	24
0	10
0	25
123	0
0	82
9	82
0	0
0	53
0	91
0	100
11	21
0	19
0	100
24	163
14	121
0	22
0	34
1	11
0	10
0	4
0	13
1	8
0	163
0	188
0	188
2	28
0	26
1	57
0	0
77	2
59	2
3	2
16	38
5	11
18	161
12	165
45	98
6	8
0	126
0	14
0	14
3	14
27	7
0	7
0	126
34	40
0	2
0	12
2	9
0	0
4	3
0	14
0	17
0	19
43	8
4	172
0	23
0	175
0	0
0	6
0	6
16	0
0	81
7	83
0	7
2	5
0	1
4	4
3	2
0	2
1	4
1	4
49	7
27	71
0	0
1	9
1	9
4	7
2	8
0	10
0	9
0	9
50	143
16	83
0	56
0	76
2	12
47	40
0	40
1	1
0	4
0	0
6	2
25	2
0	4
0	8
70	0
14	0
4	24
0	25
0	0
9	19
2	38
0	4
23	117
0	117
7	18
1	14
12	3
0	8
0	5
30	36
3	51
0	29
15	29
0	29
0	4
0	8
7	120
0	120
11	0
13	1
0	1
0	1
0	2
9	7
0	7
0	5
1	7
0	2
8	7
7	5
66	17
0	93
3	93
13	53
55	8
28	7
120	12
12	14
0	14
58	20
12	12
0	27
0	7
12	0
1	0
8	163
18	163
0	72
0	11
0	5
0	5
7	0
0	8
0	3
0	3
9	0
11	11
18	14
10	23
7	0
11	10
0	10
0	0
54	57
154	132
24	107
2	22
0	38
31	3
0	26
0	4
7	0
0	0
8	28
0	28
6	3
0	34
57	34
0	13
3	4
0	6
0	1
9	84
0	84
0	4
0	2
12	11
0	58
0	9
17	21
0	14
7	26
0	21
80	0
0	1
53	3
29	62
0	19
0	19
52	58
0	4
0	19
3	47
0	50
0	50
62	4
7	4
0	50
3	21
0	21
0	12
10	13
0	13
14	6
60	17
0	17
14	59
0	100
0	92
5	38
0	48
0	64
0	22
0	14
32	0
174	196
0	7
15	12
0	7
0	7
0	95
73	82
0	21
0	14
0	16
0	10
0	27
0	26
0	15
2	26
0	14
0	6
0	7
0	3
0	3
0	28
0	27
0	9
0	53
0	53
0	31
0	0
3	1
0	5
0	5
0	53
16	0
5	14
4	4
11	74
0	27
182	245
0	64
9	28
0	28
15	191
0	211
41	95
33	222
60	51
0	67
0	43
20	19
4	31
2	91
0	91
5	0
10	192
0	184
76	31
47	50
0	188
0	188
22	175
0	17
3	5
0	11
0	8
0	8
0	3
15	226
1	194
10	5
0	5
0	5
0	5
10	0
0	0
0	141
0	87
3	7
821	165
48	3
137	65
35	139
5	14
4	14
216	1
0	2
0	1
0	1
0	2
0	0
13	35
3	37
0	36
5	7
65	6
3	21
4	5
0	69
0	65
0	62
0	24
65	28
16	4
48	22
1	24
30	24
42	53
0	53
0	53
0	2
1	1
1	1
0	1
3	0
33	53
0	53
50	26
0	7
3	7
0	15
11	4
0	38
0	38
0	38
0	32
256	603
0	72
94	72
12	0
4	0
0	55
0	12
5	56
23	78
4	41
1	37
12	7
59	31
72	14
0	16
8	1
29	2
24	8
26	1
130	54
17	5
15	0
0	30
0	30
0	15
0	42
5	42
2	0
6	6
3	0
0	1
9	3
1	3
0	1
0	5
8	5
14	49
0	14
57	49
21	49
0	9
6	43
13	0
29	3
17	47
13	47
18	52
63	4
0	53
2	0
26	117
27	153
0	13
9	13
29	13
41	36
7	16
3	12
7	10
11	23
0	0
6	4
13	17
0	14
0	13
1	3
0	3
12	24
5	2
0	1
0	27
0	27
89	40
18	39
0	5
9	8
0	16
1	17
1	9
22	3
362	0
11	7
11	7
25	32
75	93
7	29
0	3
34	33
0	0
1	0
29	45
3	0
36	14
4	14
0	14
1	9
0	9
0	48
0	16
0	28
18	0
6	47
2	35
9	1
7	7
0	9
19	2
0	7
71	14
0	14
17	224
0	15
0	32
0	20
0	32
0	37
0	0
0	12
1	15
0	27
0	32
0	26
0	25
22	47
0	10
30	0
0	0
0	230
72	24
8	1
19	23
9	0
0	2
0	2
0	0
0	2
0	0
0	0
111	5
0	5
29	76
0	9
3	70
0	5
16	39
0	39
2	17
3	3
0	54
0	54
0	5
0	1
11	0
2	4
0	4
0	9
0	9
18	13
0	9
0	8
0	6
0	4
8	3
69	65
0	39
3	27
0	36
2	15
20	4
11	0
0	9
0	16
0	76
0	13
0	6
0	35
1	6
0	76
79	27
0	11
309	17
0	18
13	2
1	4
0	15
0	13
0	11
0	11
7	13
1	18
5	18
20	20
16	3
0	18
11	2
2	9
3	2
7	0
3	9
0	15
9	15
1	0
0	0
14	11
5	10
0	6
65	22
1	22
0	6
0	46
8	49
0	15
0	11
0	18
0	54
0	74
0	16
0	54
0	15
0	11
0	6
0	5
0	4
0	4
0	24
0	22
0	24
2	126
0	9
4	332
0	334
0	313
2	15
23	0
0	332
9	27
0	0
0	0
1	0
0	27
3	126
0	111
83	9
25	30
0	35
0	35
49	1
8	1
17	6
0	26
0	128
0	121
0	126
0	52
20	12
94	9
0	2
5	14
0	11
2	66
0	1
0	15
0	4
0	2
0	0
0	0
63	19
0	15
0	11
0	9
0	57
9	57
0	12
0	8
0	19
3	9
0	14
0	14
0	14
0	8
5	12
0	2
44	14
83	14
47	48
62	55
15	11
10	11
0	9
0	100
0	117
0	84
0	67
0	49
0	49
6	49
0	31
31	85
46	43
27	43
6	75
4	1
0	18
1	62
10	1
0	1
1	7
14	1
2	2
0	167
0	167
0	1591
2	1591
0	1591
0	1591
0	26
0	26
0	22
46	94
0	29
0	87
58	66
0	21
86	7
0	9
0	7
17	1
43	1
0	1
4	0
4	37
0	37
0	4
1	4
4	29
0	23
0	29
0	23
0	29
7	3
2	3
7	5
0	4
2	32
0	26
0	28
0	19
0	19
78	10
0	6
74	5
0	1
14	33
20	34
3	47
20	47
0	47
0	12
0	4
12	4
0	5
0	5
0	4
0	6
0	104
25	86
22	4
0	28
1	28
2	5
0	3
0	14
4	5
8	18
0	82
0	80
2	34
0	6
15	69
64	58
0	46
0	48
0	20
7	9
68	5
11	1
4	11
46	218
0	3
53	0
4	3
23	3
0	3
0	36
1	0
0	14
10	60
0	12
0	8
61	45
0	45
64	0
5	17
6	1
0	1
0	17
0	1
0	17
0	17
3	17
41	49
0	14
5	25
2	3
0	10
21	19
3	12
0	12
7	4
82	28
0	20
0	20
0	7
0	9
0	20
0	20
3	5
0	9
0	4
0	5
0	13
0	257
3	257
6	9
17	0
0	16
0	41
23	17
0	33
8	2
0	2
6	11
2	12
0	9
10	9
51	0
0	0
85	40
9	7
2	4
0	3
0	5
0	2
0	2
0	5
68	10
0	10
0	6
0	27
0	24
0	27
8	0
4	5
0	5
18	7
0	4
2	4
12	1
103	0
67	43
14	39
0	37
0	40
0	6
0	3
0	6
0	1
0	30
0	2
0	30
5	42
0	31
0	40
11	18
69	11
0	11
11	9
72	10
4	32
0	32
0	9
0	0
0	6
0	8
0	1
0	3
6	3
0	0
1	3
0	3
6	3
0	3
1	0
0	135
0	42
0	0
1	0
0	176
42	2
29	43
0	23
8	41
0	41
0	43
0	51
14	88
39	51
0	65
0	10
0	18
0	18
15	0
0	41
0	47
2	38
7	0
15	2
0	5
0	17
0	1
0	1
8	148
66	355
20	60
0	24
35	60
2	13
0	34
1	26
3	26
4	7
11	0
11	6
6	0
0	0
7	0
0	7
0	14
5	18
69	16
1	0
0	10
3	6
0	10
4	4
19	79
53	13
0	40
0	40
5	9
0	9
0	26
4	0
19	18
0	18
6	35
28	62
0	0
0	0
0	2
563	75
4	8
30	69
3	28
0	25
7	50
8	173
1	54
5	0
0	2
10	28
0	5
0	18
4	2
13	0
0	54
0	268
10	268
36	342
0	279
3	279
0	6
1	53
4	48
0	53
0	8
105	279
0	0
0	92
0	48
0	1
6	10
11	34
11	16
42	0
104	99
6	25
9	16
0	9
4	5
21	66
0	25
1	135
0	135
0	77
0	39
55	236
20	63
58	7
0	1
0	16
68	36
64	18
8	11
0	11
3	11
0	26
70	18
13	44
2	21
10	15
0	38
0	6
3	17
0	35
0	51
0	11
0	25
42	90
2	34
0	3
0	3
0	25
0	25
0	16
0	29
73	25
2	8
1	9
2	12
0	13
0	5
0	219
0	25
0	206
0	14
2	3
21	243
0	15
0	3
79	20
0	0
1	10
0	10
31	0
127	163
8	163
30	82
48	13
0	18
106	17
0	141
0	62
6	3
27	0
4	2
0	2
0	1
41	5
0	1
4	0
0	145
4	120
0	120
20	8
0	8
48	21
18	0
0	15
77	58
0	1
7	15
9	12
5	39
27	24
2	8
0	149
3	83
0	22
1	46
68	65
60	17
0	68
1	14
0	127
0	56
167	134
23	68
0	109
0	83
0	20
2	20
4	26
22	51
0	2
12	51
0	13
0	100
13	1
0	99
140	1384
1	1361
0	23
0	28
0	28
0	14
0	33
0	12
0	37
1	22
0	96
0	91
19	37
0	15
3	96
24	2
19	2
0	64
0	61
7	24
0	1
43	4
1	0
0	11
4	4
0	0
0	0
0	0
0	31
18	8
0	17
0	6
0	25
1	5
8	6
0	35
0	31
0	202
0	46
0	23
1	0
14	3
0	101
9	76
61	37
14	38
0	16
0	34
0	0
2	3
0	5
15	5
0	10
0	9
1	4
81	8
72	60
0	30
169	117
5	117
2	18
17	7
29	39
0	28
18	35
0	9
0	8
0	0
37	82
0	54
0	53
54	65
22	3
0	10
47	50
0	35
29	35
0	13
95	22
0	12
0	10
0	8
0	5
0	13
0	13
19	0
0	93
0	93
1	25
0	7
0	25
98	16
4	53
54	80
10	1
0	18
0	2
0	53
3	28
0	28
0	13
9	0
138	93
0	69
11	42
3	49
8	22
3	24
0	11
0	22
0	9
0	4
0	2
0	2
6	11
1	0
0	24
0	19
0	6
0	26
0	8
19	53
0	7
0	56
0	32
35	34
0	28
0	46
0	20
0	37
0	20
0	12
0	8
0	25
9	3
0	17
0	15
0	0
36	0
2	26
0	20
75	9
24	7
14	4
0	2
14	25
0	17
2	6
2	17
0	3
16	47
9	43
0	0
5	0
11	0
18	86
0	86
1	75
0	84
14	0
1	0
4	0
0	4
0	13
7	0
18	11
0	3
59	19
0	0
22	12
50	7
0	62
0	62
0	11
0	14
0	15
0	19
0	27
2	27
0	2
0	10
0	49
0	49
0	4
0	13
1	3
0	3
38	37
1	35
0	3
0	7
0	16
45	3
10	107
0	78
11	94
0	1
3	1
23	167
0	144
2	168
6	136
0	71
0	95
16	29
19	10
0	10
5	5
2	2
0	0
0	0
0	0
28	1
85	151
5	65
5	18
0	14
6	16
6	0
2	0
1	34
0	6
1	2
5	26
0	65
0	47
0	80
0	47
0	41
24	85
0	16
0	1
0	23
7	43
0	8
0	22
0	2
0	8
7	32
0	5
0	10
26	4
0	9
0	9
0	67
22	43
0	40
13	19
0	11
0	15
0	16
7	11
0	11
0	75
0	75
25	39
0	4
3	1
54	2
5	4
0	42
0	75
0	75
0	75
0	20
32	0
39	13
0	13
9	0
5	76
16	86
0	76
0	86
0	21
86	43
194	43
6	41
23	43
0	19
48	36
0	36
0	27
0	11
8	7
4	20
0	10
0	5
4	10
166	51
0	51
7	1
14	9
2	9
0	14
6	4
25	31
27	19
0	27
0	20
0	4
0	19
0	14
0	19
7	10
100	180
0	14
0	8
0	8
0	158
0	83
12	125
0	134
7	124
0	92
5	86
15	80
0	26
0	23
18	18
8	9
0	0
84	18
5	10
4	14
0	3
0	46
12	4
3	17
2	3
7	30
7	33
20	161
0	63
1	101
2	3
0	162
18	54
25	52
0	4
9	110
0	95
0	6
0	90
2	22
1	6
0	51
2	73
0	49
19	3
0	141
46	42
0	41
0	16
0	21
2	12
0	45
0	40
0	36
5	4
4	7
0	14
5	3
0	8
6	2
0	36
42	12
0	6
2	10
1	11
0	7
0	6
0	1
0	1
0	1
3	6
10	90
0	90
0	1
0	4
2	17
0	17
1	5
2	5
0	79
0	33
1	79
0	5
0	4
0	0
0	20
0	20
4	14
35	59
0	0
0	6
118	0
61	16
9	14
0	12
0	274
4	12
0	0
0	1
0	274
2	89
13	89
13	89
1	5
0	11
0	61
3	61
79	39
0	13
0	5
168	56
5	27
25	0
8	3
0	3
0	13
0	16
0	16
0	12
0	13
0	29
0	28
0	67
7	61
0	67
0	46
0	51
0	51
0	7
5	7
0	7
8	1
0	16
0	60
100	0
0	0
30	19
74	0
46	72
5	22
3	2
0	16
0	0
6	0
53	0
11	12
18	163
0	148
0	12
8	6
0	10
7	29
0	6
15	0
144	86
0	18
100	0
0	56
20	19
0	29
0	56
0	170
40	50
0	12
2	18
0	23
13	55
4	170
16	62
43	55
0	55
0	57
0	57
2	25
0	14
2	0
2	7
10	3
29	29
0	5
2	12
1	99
29	99
0	4
0	21
0	12
24	81
6	64
4	57
0	19
2	0
64	90
68	8
66	7
32	18
22	18
35	0
0	5
0	7
32	30
0	23
0	33
0	34
0	35
0	13
56	116
8	11
0	6
2	0
0	73
0	71
0	42
0	18
0	1
0	0
12	0
0	53
7	8
0	15
0	10
0	13
0	30
0	4
0	12
18	12
0	3
0	32
0	11
0	17
0	11
0	15
0	6
0	6
0	1
0	3
0	3
24	2
10	3
17	0
94	5
0	4
1	0
45	51
0	2
7	39
5	0
5	0
5	12
21	10
13	23
1	12
0	15
0	0
6	5
0	1
0	27
0	13
27	27
0	4
12	0
21	34
0	73
0	65
0	6
3	85
39	92
0	84
0	7
0	5
1	19
4	25
0	8
0	11
20	11
0	0
3	1
0	0
161	0
17	0
23	49
19	5
77	135
0	9
0	126
4	6
0	112
4	6
7	6
0	6
0	6
25	5
0	5
10	0
1	34
0	30
0	23
4	7
19	7
0	113
30	17
0	25
0	108
0	108
0	30
0	113
46	32
1	4
1	10
1	9
2	0
475	135
0	27
9	8
0	7
12	7
0	2
6	5
6	1
0	1
0	1
0	6
1	0
3	5
18	90
23	90
71	12
89	28
0	0
4	0
0	0
0	6
15	42
0	0
0	42
0	8
0	5
1	70
0	70
0	61
0	6
19	5
71	0
17	0
0	7
0	7
0	7
0	7
0	3
0	3
38	16
34	11
3	5
26	4
69	32
0	95
7	3
9	84
21	17
0	21
0	31
0	24
0	24
0	42
0	68
7	0
82	73
0	51
0	12
8	4
0	120
14	120
18	120
0	12
0	12
0	7
2	32
0	19
8	3
15	409
50	98
0	84
4	0
0	235
62	117
103	162
13	12
5	7
0	29
0	34
38	8
0	0
47	20
0	19
20	27
0	4
7	3
1	12
0	2
7	11
99	2
65	4
3	2659
0	38
0	0
0	2620
0	4
30	96
0	4
0	4
0	66
2	92
39	65
0	15
9	17
16	14
5	14
8	35
4	10
0	13
0	5
0	16
0	4
0	3
8	1
0	12
5	18
0	18
8	18
0	18
397	20
1	0
0	20
133	183
0	84
70	18
42	34
2	0
2	50
0	50
25	100
0	76
41	93
6	0
0	126
1	91
0	13
14	30
0	2
0	12
4	5
4	0
11	126
0	24
1	64
0	60
4	34
8	95
90	74
5	13
2	36
3	3
18	0
25	54
0	31
0	9
25	5
0	51
24	21
1	2
0	51
0	8
11	3
64	19
5	11
0	12
0	8
0	8
0	13
0	11
18	12
3	8
0	12
0	5
4	8
0	0
5	6
7	4
0	37
0	37
11	5
86	19
0	19
31	96
33	62
377	0
1	13
0	28
2	13
2	15
0	18
7	9
3	12
18	11
2	13
0	13
2	13
0	7
0	7
0	7
0	33
8	33
0	29
0	60
4	1
0	3
0	39
0	39
0	39
0	46
0	3
0	66
3	8
0	6
57	24
0	0
0	24
18	2
0	18
0	18
0	9
0	16
0	16
0	5
0	21
0	17
0	17
9	10
44	12
5	2
9	17
0	39
0	8
11	0
0	44
54	3
11	27
0	27
1	8
0	10
0	38
5	95
0	15
0	50
0	24
2	86
0	28
0	0
6	0
3	71
0	0
2	4
9	30
0	193
0	187
0	12
0	16
0	19
208	96
24	232
0	45
89	56
0	54
37	26
0	3
102	57
51	44
0	57
14	40
2	13
0	9
6	84
119	76
6	0
0	40
0	33
0	12
22	0
2	0
1	0
0	10
12	6
19	3
12	1
0	41
0	41
0	41
0	5
0	1
2	1
4	1
5	68
0	16
0	23
0	4
0	46
0	68
12	14
0	14
0	4
5	0
10	24
51	25
0	10
0	13
0	10
0	12
0	6
0	7
73	64
27	5
0	3
0	1
0	45
0	57
40	47
28	84
26	13
0	12
44	0
0	9
5	71
4	14
0	14
0	9
2	9
126	87
0	12
1	34
0	23
71	188
49	7
0	0
0	47
0	38
0	60
0	39
0	28
0	89
1	89
0	53
16	53
34	7
0	15
0	5
0	5
0	16
0	15
4	13
0	13
0	53
0	71
0	84
0	79
0	16
0	0
20	0
47	7
17	7
11	0
59	177
5	1
6	10
27	10
41	33
0	33
57	18
35	12
106	0
38	17
91	20
0	20
15	68
0	68
8	0
52	12
31	11
1	58
0	58
24	32
48	68
60	91
62	19
0	39
0	18
0	6
0	0
0	0
2	4
0	4
0	21
79	30
0	27
0	1
22	1
1	0
49	17
9	2
89	57
5	3
6	4
6	20
0	20
0	14
0	4
3	4
0	24
19	4
0	24
0	16
2	103
0	103
0	90
12	92
3	3
21	14
1	9
0	14
5	19
0	6
0	6
6	0
0	10
0	12
0	11
0	11
0	55
38	34
0	36
0	113
0	140
0	137
0	29
1	43
2	43
0	0
0	6
0	5
48	6
50	47
87	47
24	2
140	23
16	20
255	92
0	20
6	6
2	22
0	22
23	13
0	0
65	8
55	128
0	11
7	16
0	10
0	11
0	3
0	0
0	79
0	86
0	85
0	22
0	85
0	8
2	13
0	13
87	22
37	15
0	16
0	23
0	6
0	28
9	50
14	12
5	42
28	0
10	0
0	0
7	5
0	5
43	5
4	5
0	3
0	1
0	4
0	12
0	4
82	21
0	16
0	7
0	42
0	42
0	15
134	108
0	108
0	22
0	0
0	6
5	6
64	36
0	14
25	22
10	0
10	0
0	0
29	20
12	6
0	16
21	14
0	9
6	9
0	5
0	10
0	10
4	8
0	8
0	8
0	8
14	3
0	294
0	291
0	130
0	16
5	20
0	15
0	298
5	108
3	111
7	105
0	10
0	17
2	9
3	7
1	80
0	77
0	115
0	118
22	90
2	90
0	109
0	102
0	103
0	2
0	112
0	80
0	80
0	108
8	22
0	79
4	5
0	8
0	5
0	63
0	0
0	9
0	0
0	0
64	84
0	0
4	0
0	5
2	5
0	5
0	86
0	108
35	93
0	4
0	7
6	93
14	5
28	2
6	2
119	190
0	68
23	11
0	10
1	8
7	10
59	117
88	153
0	143
2	55
0	12
8	2
2	3
132	11
6	45
0	44
0	10
5	7
0	19
0	19
0	5
0	5
6	2
15	95
9	95
0	24
41	6
5	6
16	0
28	23
0	10
0	11
4	3
0	2
0	12
15	12
27	14
0	12
12	0
1	28
2	5
0	28
0	4
7	11
0	3
1	3
3	4
0	3
0	4
17	0
0	3
0	0
12	0
24	3
0	4
16	35
8	144
23	92
0	45
0	34
0	22
0	25
15	5
0	0
0	2
0	8
0	10
0	6
0	10
0	21
0	6
0	4
9	4
41	42
0	26
0	5
11	9
45	0
0	11
0	44
0	47
0	42
0	36
0	47
610	162
39	0
4	6
62	13
6	25
5	25
3	7
12	32
0	32
6	7
2	9
40	1
10	21
0	19
7	19
16	7
0	16
18	1
3	0
0	0
39	98
0	6
5	53
9	5
0	44
0	44
10	0
11	0
0	68
0	39
6	1
0	35
3	18
17	17
0	8
0	17
10	0
0	4
0	4
0	5
5	13
60	0
15	112
4	31
0	26
0	26
0	13
0	26
0	8
0	16
0	13
0	27
4	27
3	0
37	14
0	0
6	14
0	7
0	7
2	1
8	1
54	73
3	0
13	0
30	73
1	31
2	0
0	0
7	23
0	41
9	38
35	91
0	38
103	39
0	32
69	74
0	24
2	7
0	30
4	19
0	6
0	0
8	0
0	33
0	2
4	11
0	6
7	2
3	5
2	42
13	58
0	87
0	188
4	46
0	58
1	8
14	7
63	222
0	2
0	26
0	24
29	17
0	207
12	6
0	6
30	6
13	17
9	2
0	3
0	7
0	2
0	6
6	13
2	74
0	71
0	72
0	68
2	74
0	14
0	20
0	48
0	43
0	3
0	6
0	24
1	25
0	14
0	13
0	6
3	3
0	4
1	4
0	0
2	0
0	0
0	0
0	0
2	3
0	3
0	0
0	0
83	0
30	139
1	137
0	3
76	171
0	9
0	8
87	16
0	68
0	21
0	7
0	7
3	54
3	10
0	64
0	10
3	12
0	11
0	12
3	0
5	9
146	182
7	7
12	0
0	78
56	64
0	51
13	6
0	5
1	0
26	0
0	0
0	74
0	79
0	0
52	18
0	14
174	28
0	28
0	13
0	13
0	13
10	2
8	1
46	33
0	33
19	55
19	114
7	32
36	74
3	50
2	21
12	4
72	2
104	19
57	107
0	8
115	0
76	28
0	4
0	30
1	30
0	30
0	32
52	53
20	40
0	5
2	5
0	39
0	27
0	32
2	0
26	197
0	16
32	8
0	54
6	14
39	56
0	34
12	56
14	5
0	4
9	1
11	0
0	2
0	0
0	136
3	156
0	21
13	8
0	6
0	154
5	53
0	75
69	10
0	154
9	26
0	6
2	6
0	48
0	34
1	34
0	42
0	36
51	71
11	6
3	35
82	255
0	91
0	51
0	34
0	91
7	7
63	39
0	54
0	54
0	13
1	21
0	21
0	12
0	34
0	54
83	20
5	4
0	7
2	14
0	20
76	44
20	573
0	3
0	4
1	34
0	34
2	20
0	18
0	0
0	0
4	44
0	50
0	34
0	17
0	19
0	9
1	24
70	21
0	6
7	0
11	15
12	0
10	6
1	7
3	9
4	9
4	9
0	6
5	0
14	3
0	9
0	14
0	25
1	3
18	21
0	43
0	6
0	56
0	58
14	58
0	39
0	36
0	37
0	3
0	6
0	34
0	34
0	9
0	16
0	36
0	16
43	7
0	5
0	5
0	7
3	2
1	0
17	11
4	25
0	39
10	21
0	0
7	0
0	39
42	18
0	17
1	1
0	1
0	2
0	11
0	4
0	3
14	8
3	11
0	58
0	58
0	21
16	38
4	38
0	16
0	2
0	4
7	103
0	73
0	73
0	23
0	0
0	4
0	4
0	37
0	22
0	19
25	44
43	122
0	67
0	13
1	5
12	5
0	103
0	98
90	10
0	0
6	10
8	12
0	12
3	6
0	2
0	2
21	9
5	0
3	106
66	2
0	0
1	33
0	104
21	0
29	19
26	94
0	161
0	154
129	199
93	56
0	152
0	144
3	11
4	9
0	97
4	11
0	17
0	18
0	4
0	3
20	1
0	11
8	0
6	7
0	38
0	36
0	11
26	63
4	7
0	7
4	8
0	9
4	6
0	6
0	6
0	4
11	0
3	12
0	12
0	17
0	5
0	4
0	17
108	55
0	43
99	75
0	15
22	27
0	379
0	61
3	9
9	10
26	48
4	11
0	8
3	5
2	5
2	3
0	34
6	13
30	14
3	5
8	3
8	0
0	6
81	53
3	1
0	4
1	3
12	13
3	35
0	27
0	16
0	3
0	27
0	12
2	4
0	0
0	61
1	61
0	58
5	6
0	59
0	61
0	59
0	47
10	49
0	41
0	49
0	28
5	3
12	6
4	13
14	11
0	2
17	9
19	50
0	8
46	0
2	18
0	18
51	0
7	0
89	13
0	9
16	60
0	47
69	143
26	39
0	9
0	4
67	229
70	3
5	67
8	12
0	79
32	6
3	83
77	100
0	4
0	16
0	3
0	2
0	1
0	0
3	0
4	3
0	9
37	31
0	67
25	85
0	44
2	44
0	76
0	5
0	2
9	7
0	3
0	24
0	28
5	4
0	7
0	0
39	23
9	11
2	17
66	19
0	19
8	1
0	6
0	15
0	28
13	12
0	12
16	0
15	0
18	0
0	18
3	18
0	18
33	149
0	149
0	115
52	0
7	97
0	95
0	95
199	34
0	56
176	112
0	64
4	139
0	8
1	0
2	17
0	0
0	0
11	7
0	11
0	85
2	77
0	45
0	60
0	59
0	9
0	8
2	8
3	7
0	12
0	10
1	5
35	0
2	1
1	1
103	0
0	0
14	48
7	45
0	13
28	0
24	127
0	0
0	39
0	7
9	81
0	2
52	0
116	78
87	16
0	6
0	10
22	3
0	3
0	15
0	15
2	2
50	15
221	71
6	166
5	47
0	162
0	115
86	197
11	112
0	83
0	53
30	0
56	227
19	0
6	22
28	125
113	0
0	21
43	22
3	1
3	86
4	86
1	6
0	15
0	36
0	36
0	36
0	155
0	148
33	35
8	27
30	9
31	9
66	31
0	4
4	4
0	30
3	74
16	14
7	73
0	76
0	73
0	66
0	74
4	6
0	68
4	8
3	8
4	0
0	12
1	5
19	20
0	14
0	23
0	13
0	7
0	7
0	7
24	0
0	45
8	45
2	45
0	10
0	0
0	0
10	0
165	90
0	0
3	0
0	5
0	0
0	7
0	65
0	6
6	1
0	7
0	1
0	9
0	4
0	2
0	18
0	6
49	0
0	99
0	99
4	23
0	32
38	32
5	5
77	69
0	12
11	16
9	6
8	8
258	2
0	25
24	21
23	0
0	18
1	134
0	134
0	16
12	52
0	14
1	24
0	16
0	7
21	1
0	5
0	15
91	6
8	6
2	1
13	224
11	73
0	192
0	4
28	69
0	61
53	65
2	6
13	65
3	15
26	15
16	9
0	5
0	15
0	15
0	4
39	33
0	33
0	15
0	15
0	15
0	12
0	10
0	10
13	72
0	11
0	0
0	16
2	96
0	18
0	37
7	38
0	40
0	37
0	40
0	54
0	51
0	42
0	31
0	30
0	36
0	10
0	25
26	64
0	58
0	41
27	0
0	27
0	27
0	27
0	16
0	34
4	31
0	11
0	12
0	5
5	3
37	32
0	1
0	118
0	108
35	82
3	18
56	6
0	20
0	109
152	207
8	0
5	0
0	9
0	7
122	140
15	13
0	2
0	17
0	17
0	21
0	65
95	2
0	2
0	13
0	17
3	1
0	0
2	0
6	0
2	3
63	5
0	9
12	0
0	21
14	10
0	10
26	21
112	38
0	18
9	7
0	3
96	3
0	55
10	36
6	14
0	0
0	52
0	23
54	24
0	187
0	0
0	265
0	103
3	0
35	0
28	140
0	122
12	50
0	52
7	36
21	36
4	21
134	11
50	14
12	14
83	34
0	7
4	17
1	2
0	4
11	12
0	13
0	6
1	0
0	9
0	0
0	3
0	3
11	8
0	4
3	12
0	5
0	10
0	8
0	6
0	5
4	31
61	25
0	25
67	0
6	0
6	0
0	6
97	95
54	44
95	0
77	25
0	16
0	15
21	0
0	29
6	29
2	20
0	20
76	20
1	15
1	5
2	5
16	54
6	65
0	64
1	21
27	124
2	139
51	21
0	76
0	76
0	4
4	6
0	40
36	40
0	33
0	8
0	15
0	8
0	3
0	8
0	0
43	0
9	0
0	0
10	18
4	248
0	23
4	2
0	18
4	0
0	31
16	172
6	104
0	253
0	63
0	46
4	5
0	7
41	5
2	0
82	8
0	2
4	5
0	3
30	11
2	6
0	13
0	13
3	2
1	0
0	13
101	249
0	170
0	169
1	4
9	9
0	20
7	0
0	16
3	320
0	315
0	3
36	56
36	6
34	5
0	6
20	4
7	4
15	33
0	35
0	30
2	32
0	28
0	20
2	9
0	5
0	1
0	1
3	3
0	30
71	5
0	6
0	14
0	15
0	11
0	9
34	3
2	53
0	59
0	59
0	53
0	53
0	53
0	53
0	0
17	0
0	177
2	16
23	15
0	235
8	235
149	41
0	41
0	41
0	41
0	41
2	53
0	43
12	9
0	21
10	9
8	55
0	42
0	9
1	14
24	35
9	19
3	1
0	11
0	11
0	0
7	11
0	200
2	27
10	177
0	177
0	112
11	0
28	21
24	1
13	11
8	160
0	7
3	0
32	7
24	75
12	59
0	59
0	56
0	6
0	8
0	8
3	7
92	46
91	941
22	30
2	30
90	3
3	29
0	25
0	233
0	233
0	74
0	42
129	80
9	74
13	40
1	11
0	35
1	3
4	38
0	6
0	13
0	37
34	91
5	10
31	80
0	6
0	10
0	50
13	312
0	48
0	10
0	4
0	14
0	13
0	8
2	211
4	7
0	0
0	7
0	5
6	5
10	0
0	2
5	2
7	0
0	18
0	18
4	18
0	1
0	10
3	14
0	117
5	117
39	39
0	37
10	31
63	17
113	19
9	13
0	1
0	11
2	11
0	6
0	6
33	0
25	11
0	3
0	11
107	3
10	41
0	41
1	0
0	0
0	1
0	1
0	1
0	0
15	17
4	11
0	0
0	12
7	0
6	0
0	85
0	70
0	69
2	14
0	7
0	40
56	45
0	37
0	20
0	32
1	31
26	42
0	6
0	84
0	16
0	16
6	16
0	5
0	0
0	2
115	13
0	13
32	8
8	58
0	15
0	19
83	186
24	36
0	0
16	35
0	35
48	8
5	7
16	8
1	4
0	4
32	18
0	16
0	18
14	11
0	11
61	6
0	1
0	0
0	0
45	14
2	14
0	42
0	42
0	24
1	13
0	8
0	15
0	11
2	0
4	0
4	16
14	63
0	64
94	69
5	83
23	83
22	0
8	48
3	22
11	0
7	25
9	4
0	19
0	19
2	18
9	0
33	30
1	11
0	19
12	15
0	15
0	22
0	4
0	0
0	0
0	0
0	16
10	22
70	1
1	1
5	2
6	2
1	20
0	19
0	19
0	19
0	19
0	19
0	19
0	19
0	19
0	19
0	19
0	17
0	15
0	18
5	7
0	16
0	3
2	18
0	18
0	17
3	3
0	2
1	3
0	14
0	13
0	10
4	11
13	12
62	15
0	8
0	4
0	11
2	2
0	0
42	64
20	54
0	52
0	52
77	22
0	2
0	6
0	19
1	4
0	8
29	6
0	6
72	7
0	4
12	14
3	3
20	60
0	27
0	27
84	7
0	7
0	7
5	7
204	105
5	91
0	103
0	103
16	91
0	15
9	85
0	11
0	8
10	63
0	10
0	2
0	4
4	0
1	19
0	18
1	0
0	17
0	15
1	15
19	26
0	17
5	17
0	30
119	35
0	24
0	28
0	7
11	3
3	3
9	2
11	0
0	35
24	38
394	10
14	13
30	12
34	9
25	5
2	39
0	30
0	39
29	2
1	4
16	17
2	9
2	8
20	21
0	21
48	5
1	2
36	5
8	5
2	48
1	45
0	4
0	1
0	9
0	10
51	19
61	43
0	5
13	7
0	13
0	8
12	15
0	15
1	37
1	5
9	32
17	12
0	12
15	8
54	18
0	6
0	3
13	0
22	21
0	9
6	1
6	21
0	16
1	16
1	9
14	2
5	19
0	38
0	49
0	37
0	14
28	15
210	71
0	71
66	10
23	7
0	7
13	41
0	41
88	16
11	15
0	14
0	124
0	130
0	7
35	15
30	0
0	9
0	9
53	0
0	0
0	84
0	84
0	72
2	93
5	2
0	91
51	0
0	96
0	91
0	66
0	75
53	87
44	17
0	38
0	38
12	29
0	6
1	4
0	13
0	13
0	7
0	11
121	8
0	11
0	27
0	4
0	28
0	9
0	4
0	14
0	8
0	4
0	4
3	5
2	5
0	24
222	73
0	19
0	28
42	21
0	9
0	14
2	22
0	17
0	22
2	13
9	16
0	22
0	215
16	74
2	5
0	88
13	28
4	211
2	92
0	94
0	103
25	41
36	54
62	128
0	128
4	20
0	8
0	3
0	8
0	57
35	6
0	1
8	0
20	0
5	0
4	37
0	2
0	0
7	1
26	38
1	0
0	5
101	147
0	53
0	83
0	157
139	134
4	55
0	183
0	134
6	0
7	14
27	14
0	155
9	2
114	266
21	40
0	11
16	3
2	17
139	5
0	77
0	57
2160	2586
6	766
30	10
5	13
18	13
33	11
0	11
7	1
5	11
0	4
0	53
107	114
130	6
4	4
0	48
7	72
19	85
0	41
0	27
0	21
0	21
17	41
0	29
17	29
0	29
19	2
0	70
3	111
2	89
0	50
0	3
32	33
33	32
0	13
53	59
13	25
0	10
14	7
0	2
3	2
11	2
6	2
35	0
66	124
13	37
138	7
3	7
149	40
0	72
40	46
0	14
41	45
20	15
0	47
0	5
4	5
3	0
5	36
0	36
12	91
0	91
0	91
11	54
1	4
0	33
0	33
4	29
0	9
0	9
0	19
13	8
0	11
0	11
1	4
3	14
0	9
0	5
0	11
8	0
0	9
7	9
0	5
0	9
0	9
0	5
2	4
0	5
0	5
31	21
5	16
9	5
4	0
10	33
23	11
2	10
8	9
0	78
9	78
7	4
0	13
0	8
0	3
3	0
30	162
0	42
0	50
0	45
0	36
9	60
0	137
109	98
0	92
2	47
0	44
0	37
0	89
0	13
8	15
0	3
0	3
0	22
7	22
52	0
31	8
105	81
0	76
6	0
63	12
34	0
25	52
0	8
78	0
0	49
10	31
0	22
5	20
14	33
0	57
0	77
64	79
0	79
0	0
0	51
0	51
3	19
5	28
0	28
7	25
6	21
0	9
12	23
17	20
0	18
28	0
0	0
15	114
0	426
0	48
0	2
0	314
3	11
37	32
3	58
37	58
0	20
18	10
0	41
0	6
0	6
6	32
2	32
50	4
1	4
29	3
6	112
0	104
3	6
9	4
4	20
39	44
24	22
226	174
5	1
0	23
92	96
24	0
0	17
0	17
0	59
0	141
10	131
0	4
0	4
0	11
12	8
9	83
16	27
0	28
3	4
0	22
5	28
4	13
14	11
20	5
12	5
12	14
17	32
0	26
0	13
0	6
0	6
0	6
15	7
0	41
0	41
0	2
16	22
8	6
0	22
1	18
0	15
2	16
99	130
0	49
3	13
0	97
0	3
3	62
0	62
0	0
0	0
5	24
30	16
1	3
10	3
6	6
11	4
6	0
14	0
107	0
87	1
0	1
60	0
22	24
24	15
0	7
0	8
34	12
0	7
0	8
0	4
0	3
0	5
3	7
0	7
0	5
0	5
0	5
0	5
18	9
0	5
4	5
0	9
0	9
0	4
1	4
7	4
30	9
0	7
0	0
5	60
8	8
3	28
0	24
53	22
0	14
8	34
0	13
0	34
0	116
151	116
0	16
6	16
6	31
0	31
79	133
0	26
0	38
0	111
13	57
13	108
0	12
2	42
0	26
8	157
0	42
0	44
1	26
0	104
0	104
0	104
0	25
0	25
13	83
7	73
0	0
0	10
0	10
9	10
1	26
5	53
1	38
10	53
0	13
0	5
14	17
134	0
21	16
0	15
0	13
10	44
0	44
0	3
2	25
5	0
0	28
9	28
0	21
0	19
0	19
0	0
1	6
47	4
4	4
0	9
9	38
99	60
0	12
6	4
0	5
0	34
0	4
0	7
0	3
0	1
0	15
25	11
10	15
0	15
0	7
51	94
0	55
27	13
9	33
9	19
9	8
36	55
0	18
1	26
9	26
36	0
456	64
1	22
4	24
0	7
1	6
11	0
16	65
0	36
0	52
0	61
0	25
0	1
45	1
1	1
11	3
0	0
83	13
132	0
12	64
24	46
25	33
2	22
137	11
0	0
35	74
0	7
0	0
0	0
0	2
2	6
10	19
8	9
8	21
0	21
0	12
51	72
22	72
0	18
0	8
0	9
10	6
2	18
0	18
0	2
0	0
70	0
11	63
0	63
5	9
0	4
3	18
1	4
0	13
28	0
6	23
0	23
0	18
0	24
0	10
79	36
0	30
110	28
0	17
5	7
0	138
105	43
0	17
0	21
43	48
5	5
7	25
0	18
0	20
19	10
10	16
0	16
0	33
24	40
0	7
27	8
0	3
13	8
7	36
0	40
0	30
24	58
13	23
0	21
0	23
1	9
0	0
3	4
0	46
76	46
0	27
5	0
0	0
0	4
3	18
2	11
3	14
4	5
49	59
4	39
0	8
85	7
2	20
0	63
0	8
0	7
0	2
28	37
0	63
8	46
1	37
72	25
0	25
5	24
0	26
0	11
0	20
0	22
14	22
2	22
33	22
4	57
0	0
4	0
0	0
0	3
7	1
3	47
6	9
18	85
17	102
3	29
0	29
4	2
9	2
5	0
0	3
14	0
69	36
9	0
0	62
0	62
0	30
2	7
10	33
3	25
0	8
9	3
0	1
0	3
0	33
13	0
3	0
0	0
46	44
0	39
8	23
23	21
2	18
0	13
3	7
15	61
0	44
0	104
2	0
7	0
0	8
0	102
20	105
0	22
0	22
0	11
4	23
47	26
0	26
0	22
0	24
0	22
79	23
0	4
128	101
13	29
13	23
0	23
9	20
0	20
23	1
41	0
5	23
0	9
5	22
0	7
5	24
0	19
0	68
0	68
0	68
0	37
8	35
16	29
2	10
0	8
0	23
0	4
5	4
7	0
7	0
4	2
0	2
11	1
0	0
0	0
4	0
0	7
0	44
0	0
0	6
0	44
5	28
0	0
0	28
0	12
7	0
10	0
0	5
1	0
9	0
0	0
46	0
24	23
0	8
0	21
0	8
7	1
0	16
3	18
51	18
3	10
1	6
0	4
7	5
0	0
0	0
2	0
2	3
0	1
0	7
0	1
0	9
0	15
0	15
11	45
0	47
0	19
0	40
0	40
4	31
0	40
15	113
2	32
0	16
0	13
0	0
0	3
0	3
5	0
0	9
6	0
0	113
0	113
0	113
14	16
0	8
0	8
0	16
0	7
2	3
0	5
59	5
0	3
26	0
0	27
6	28
0	24
5	24
0	6
6	14
0	0
0	4
0	7
9	0
7	5
0	19
0	19
0	6
0	0
0	0
9	0
0	25
2	25
0	1
0	17
0	3
12	19
25	19
11	6
0	6
1	10
30	56
0	45
7	4
4	4
0	11
0	12
0	8
0	4
2	8
7	2
0	6
0	8
0	12
0	6
6	59
0	6
34	53
0	170
94	24
3	12
0	162
0	7
52	73
0	6
0	0
101	22
9	76
6	173
2	30
9	30
0	2
0	1
0	6
11	143
0	143
5	133
0	5
0	17
2	15
0	81
4	17
4	69
3	61
13	12
0	81
0	99
15	44
0	44
22	13
4	2
6	0
78	2
0	5
7	3
3	53
15	1
0	1
0	3
0	4
0	0
0	3
0	27
0	10
2	21
0	2
32	64
1	4
2	1
0	1
0	13
0	13
0	12
0	7
0	12
79	15
9	200
0	4
10	0
3	0
5	0
4	2
0	189
12	38
3	40
5	35
3	23
0	21
0	13
3	8
6	18
0	8
0	41
0	43
1	23
0	15
0	15
0	10
0	10
117	47
123	89
223	949
0	2
10	70
0	69
0	69
0	61
0	7
94	54
40	104
3	8
6	8
0	8
0	71
22	75
4	4
5	23
0	52
0	73
19	52
4	1
24	5
13	57
0	53
0	13
0	7
0	7
42	7
1111	950
0	18
11	10
0	10
0	28
34	69
0	0
2	6
0	6
93	53
0	53
22	38
0	11
0	31
30	10
2	1
0	2
0	3
63	55
3	77
0	77
8	72
0	88
0	76
5	8
2	40
4	40
0	22
32	22
49	47
0	13
29	1
0	25
0	93
0	17
0	5
0	18
0	18
0	6
0	9
0	18
0	0
5	21
0	18
1	97
247	53
0	19
9	13
0	0
0	40
1	2
0	2
13	32
0	29
9	0
0	28
9	13
0	24
5	20
2	45
37	45
7	0
12	94
0	94
19	51
0	56
0	20
2	4
0	43
0	18
0	7
4	8
0	5
13	8
5	8
5	32
0	28
0	63
519	286
0	31
0	55
0	35
0	33
0	14
5	56
2	25
0	11
0	3
0	8
0	8
8	20
7	20
0	94
10	86
19	208
10	1
0	7
4	0
0	60
0	10
0	17
14	19
0	114
2	30
0	19
0	24
1	24
3	22
0	24
20	23
5	4
15	3
172	3
48	1
0	1
23	14
16	7
1	9
98	14
0	12
19	2
12	4
16	1
0	4
15	1
22	76
1	86
5	0
30	437
9	60
0	59
0	9
6	8
9	44
8	18
34	18
22	18
0	0
16	3
0	2
0	2
0	0
140	30
0	11
53	58
30	19
73	46
6	46
0	0
0	0
17	15
7	81
0	76
1	76
24	8
6	17
0	10
2	0
5	5
60	0
4	0
0	7
7	7
0	7
78	49
0	58
11	21
9	19
8	22
1	2
48	75
0	73
9	61
0	40
0	52
0	69
0	54
14	0
1	25
0	25
0	25
5	25
0	12
0	13
6	0
1	24
0	15
0	23
5	23
0	14
0	101
0	94
0	5
0	25
0	27
0	17
4	13
0	13
56	24
9	24
0	21
0	21
0	6
55	69
0	48
0	46
15	3
1	9
24	16
16	54
1	54
24	17
35	30
0	30
0	1
0	8
0	26
0	26
0	7
0	6
0	6
0	0
7	5
1	5
0	62
0	62
14	46
30	46
37	0
0	12
0	12
136	99
1	80
5	15
0	19
14	78
0	71
30	19
0	2
0	2
0	2
0	0
22	3
0	7
0	46
4	10
66	39
0	37
0	14
0	6
0	6
8	0
21	2
0	2
96	56
0	36
22	18
15	55
21	145
3	24
2	144
52	8
4	8
0	53
0	53
0	2
0	0
14	0
0	0
0	1
7	0
0	1
0	53
0	72
0	72
0	72
0	72
0	72
0	27
14	35
57	35
0	5
6	2
0	218
0	211
0	56
0	110
3	8
1	0
0	7
2	18
0	3
1	23
0	218
7	27
22	27
4	7
10	76
0	0
4	0
0	3
1	0
0	9
0	20
65	13
5	1
0	52
0	52
13	56
0	54
37	47
0	16
0	5
63	3
82	0
15	22
0	14
4	0
8	8
0	4
8	51
0	48
0	31
17	21
3	23
0	27
12	24
0	2
0	9
0	0
0	14
0	9
31	47
0	14
11	6
0	0
0	8
0	6
0	0
0	8
0	10
0	64
0	64
10	64
0	9
0	7
0	61
0	7
11	7
28	23
0	23
0	26
0	35
0	45
4	4
11	4
0	0
9	0
0	8
0	8
0	13
0	8
43	13
33	126
0	31
11	5
5	2
0	37
11	71
89	25
0	76
29	5
15	5
0	5
0	5
32	0
0	36
0	36
0	11
6	0
65	134
3	5
0	20
0	4
34	2
0	20
33	9
124	65
33	81
19	0
1	0
0	0
6	7
0	7
4	2
63	2
4	72
0	57
0	22
38	54
45	47
0	37
0	3
0	3
0	88
0	9
0	12
0	27
0	23
0	13
1	21
0	88
8	12
0	8
0	8
77	0
45	70
0	44
0	15
0	44
0	20
0	32
31	107
0	1
0	82
0	10
0	4
36	21
6	45
1	45
50	7
0	2
0	7
7	2
0	9
27	18
0	8
24	0
20	19
1	17
27	17
2	1
4	13
0	16
2	8
0	0
0	2
18	2
9	49
11	37
5	37
102	32
39	16
20	0
2	2
7	0
5	12
52	15
0	15
25	17
2	17
19	0
28	0
121	0
6	0
0	18
40	18
0	44
102	106
0	23
0	2
0	0
7	0
2	0
20	28
55	46
16	3
54	39
77	1
58	3
5	6
1	0
1	39
0	39
2	6
0	29
12	29
9	15
0	2
0	6
3	2
46	60
0	58
14	25
1	25
114	12
14	12
26	30
0	14
0	41
42	36
10	8
4	4
0	23
0	24
6	36
0	25
11	7
0	19
12	76
7	36
8	4
0	6
49	40
0	36
3	2
0	18
0	2
0	12
0	6
0	10
0	9
0	79
0	79
0	58
0	79
0	79
0	17
170	16
0	5
4	0
1	0
0	11
53	0
0	43
4	46
0	46
118	70
0	17
0	10
52	10
5	0
120	52
0	3
73	27
8	34
0	52
0	51
0	15
0	10
0	25
0	13
0	36
0	9
0	10
0	3
0	9
0	4
0	2
1	55
0	56
1	7
0	1
0	1
13	0
0	50
0	50
0	50
0	10
0	34
13	34
0	34
6	17
80	17
40	74
0	9
0	74
0	64
0	12
0	19
0	22
0	1
1	22
5	22
31	31
7	0
0	8
0	31
3	23
54	51
0	51
0	0
84	135
0	135
0	131
0	24
44	28
41	9
0	20
0	8
0	8
0	22
0	21
7	5
0	17
0	31
0	31
1	13
0	0
2	0
0	13
0	13
26	22
0	0
6	0
26	0
0	3
0	9
0	3
41	30
0	29
23	4
12	57
93	23
3	9
0	56
0	45
0	45
0	21
7	2
0	2
0	2
0	9
0	13
19	13
25	8
0	8
6	35
0	31
0	31
1	22
6	3
0	3
0	145
4	90
4	90
28	16
0	16
42	23
0	23
0	21
0	21
0	10
0	23
13	24
0	6
0	4
0	17
5	0
4	4
0	2
0	15
7	43
61	0
51	0
20	0
0	0
0	0
3	0
0	0
4	22
3	26
0	26
1	25
0	7
0	12
0	12
0	49
5	49
12	14
7	140
2	193
51	9
0	143
5	8
0	123
0	8
0	7
55	10
21	80
0	201
0	16
6	25
0	11
86	9
0	2
164	48
0	59
0	13
20	27
0	27
2	7
7	11
96	25
0	150
0	127
6	122
0	5
1	30
0	21
0	4
0	2
1	5
9	1
0	0
40	0
3	4
65	0
11	0
0	6
20	0
0	6
0	60
0	49
21	83
0	53
0	52
0	4
107	2
1	2
57	26
0	9
0	11
0	12
8	8
1	3
40	3
28	62
2	62
13	51
47	18
27	33
0	41
0	41
24	68
0	68
3	44
2	18
0	1
6	6
0	0
3	1
0	157
2	157
0	10
7	8
0	4
0	8
5	6
27	73
0	4
0	27
52	89
0	54
52	102
0	17
0	2
0	15
19	43
0	89
7	39
0	31
0	19
0	13
1	12
0	12
19	8
0	18
0	5
0	7
0	7
0	1
20	1
15	14
5	3
2	4
0	2
0	3
0	34
0	77
4	78
13	22
7	27
0	41
107	63
4	12
0	7
0	7
145	44
43	0
15	7
7	2
129	3
2	80
0	87
0	87
5	67
0	61
0	57
0	87
3	0
0	5
2	0
0	17
2	2
70	38
41	29
6	7
23	109
4	33
0	113
10	14
17	0
3	11
8	7
0	12
57	19
18	10
19	50
0	45
3	7
21	3
0	19
10	9
0	0
70	35
37	19
1	7
102	13
37	28
12	20
3	8
0	0
87	0
0	2
0	9
0	4
2	9
0	9
0	4
0	8
2	3
1	0
0	74
0	74
174	221
4	12
37	55
0	55
0	30
0	2
64	28
0	2
17	0
1	1
10	1
0	2
5	0
0	5
0	9
14	134
0	12
4	8
0	37
4	128
7	6
0	98
0	25
0	0
0	19
0	90
51	427
0	35
0	62
0	24
0	21
0	21
0	107
2	107
0	32
5	31
0	7
13	2
0	451
0	455
58	70
0	27
9	6
4	6
1	87
0	5
8	13
0	9
2	5
0	10
0	90
72	6
1	7
0	2
31	59
0	28
5	50
7	2
59	86
20	58
1	18
12	4
3	53
1	53
0	4
0	8
0	8
21	13
0	7
57	63
0	14
9	20
0	25
0	25
7	13
8	3
6	10
4	9
2	0
0	3
0	3
2	0
0	76
0	76
0	75
0	33
0	70
16	17
4	70
0	19
40	5
0	5
1	5
335	29
0	6
42	79
0	28
0	24
55	58
7	26
8	60
7	12
4	12
21	59
5	59
10	25
7	57
0	33
0	27
0	26
0	20
0	47
0	58
11	31
49	0
0	0
0	66
8	28
0	29
0	28
4	19
9	66
0	66
30	4
11	0
85	38
80	27
5	0
0	5
0	6
81	16
0	30
253	64
44	58
0	28
70	0
14	8
2	8
61	0
0	7
0	12
0	6
0	5
3	2
0	1
0	2
0	2
9	4
79	29
31	29
14	9
58	8
42	2
12	0
63	37
2	5
11	8
3	10
4	200
0	194
0	192
0	196
23	33
48	5
17	0
0	5
7	2
0	137
0	137
0	137
5	174
0	10
6	0
0	184
0	32
0	20
5	27
4	5
6	0
37	118
8	67
1	27
0	73
0	50
37	4
26	0
47	4
37	37
0	35
2	4
1	3
1	3
7	0
0	9
4	7
27	59
13	38
0	59
40	49
12	21
2	0
43	0
9	4
0	94
4	82
0	55
4	15
12	6
0	2
9	12
4	79
16	98
10	98
6	7
3	56
0	73
0	15
2	27
0	10
86	0
24	17
0	17
0	10
0	40
0	40
0	40
0	40
0	40
0	31
0	170
80	147
0	90
0	51
0	22
51	31
11	13
0	12
4	2
4	0
37	0
0	23
0	12
0	12
66	23
13	169
0	58
0	58
173	96
62	3
0	9
1	0
11	3
0	21
0	24
6	38
0	10
0	0
0	7
5	8
1	29
2	4
0	4
12	27
7	4
0	4
0	4
0	4
0	19
0	2
8	6
0	11
10	1
8	0
0	133
24	133
2	7
0	4
0	35
0	35
0	42
0	42
0	42
0	42
0	9
0	6
1	7
0	9
0	8
0	8
7	8
0	42
0	42
0	20
0	17
1	29
41	30
0	16
25	30
0	12
0	2
0	1
0	2
0	1
3	0
0	0
0	0
0	0
0	0
0	0
2	0
0	0
0	0
0	0
0	5
1	0
6	6
90	16
8	16
9	22
10	19
0	19
0	19
0	11
0	11
0	8
0	18
0	12
0	22
0	14
0	15
0	11
0	28
0	11
0	0
0	24
7	4
0	17
3	2
46	18
11	18
3	0
13	75
0	75
0	11
1	3
6	4
0	54
35	54
0	55
0	55
72	62
0	5
0	19
0	19
11	14
0	14
68	34
76	15
54	761
0	33
0	38
0	106
0	83
0	176
9	105
98	39
37	30
3	3
0	166
82	190
0	31
0	31
9	9
0	6
9	3
3	3
39	162
0	1
30	21
64	54
96	50
0	46
0	19
0	25
13	17
91	38
0	52
0	28
0	45
0	39
0	22
40	0
3	11
7	63
0	9
9	7
6	0
0	5
0	3
0	50
0	19
0	31
0	16
0	0
0	28
0	82
0	82
4	0
0	4
2	1
5	4
55	41
2	5
4	6
0	27
16	75
0	58
9	2
0	0
0	7
12	4
0	12
3	2
12	3
0	33
3	51
1	52
0	2
37	9
2	7
0	8
6	2
0	0
4	0
0	30
0	30
44	35
0	35
15	10
11	35
9	0
19	10
24	0
68	26
5	7
5	26
0	18
15	0
0	6
0	28
0	26
0	9
3	4
0	4
76	10
46	11
0	37
0	37
0	31
50	0
104	0
17	4
1	4
0	35
3	27
26	358
0	27
0	27
4	20
0	0
0	2
0	3
0	5
15	3
1	24
9	15
36	23
0	8
30	82
0	80
0	2
0	2
0	2
39	4
6	11
2	0
6	11
2	10
56	0
6	64
0	30
50	60
83	14
173	374
58	21
0	92
0	85
25	96
0	14
43	11
188	33
9	12
27	5
5	21
24	75
272	92
53	15
3	11
42	0
3	9
0	14
0	10
0	69
0	80
0	76
0	29
0	9
0	1
33	168
27	23
26	7
10	3
0	3
16	60
0	18
0	3
0	3
0	23
0	23
15	8
4	0
0	8
1	56
0	48
8	40
0	56
26	0
0	11
0	87
0	82
0	80
0	59
0	32
58	175
0	37
1	0
18	0
7	8
1	1
29	8
11	1
0	7
12	413
1	3
33	17
4	4
4	2
0	9
20	0
0	32
8	47
0	4
13	108
0	4
4	15
89	32
14	7
0	99
0	99
4	52
0	73
0	1
8	17
0	4
8	0
0	3
4	7
0	5
0	7
8	180
10	2
8	118
0	36
1	120
5	11
10	6
7	1
0	128
0	66
6	20
0	45
2	17
0	8
0	20
0	28
0	9
0	16
0	16
4	1
0	26
16	1
0	25
0	25
0	13
23	54
3	51
32	41
9	69
0	47
11	69
3	40
0	14
0	15
3	2
0	45
0	45
0	49
0	52
0	54
0	85
0	88
0	87
43	48
0	24
0	13
131	13
0	15
0	17
6	1
6	0
30	11
49	13
0	12
64	17
0	7
0	5
0	4
9	10
9	50
0	0
0	50
0	5
1	16
5	16
0	36
0	12
0	30
3	38
16	45
0	23
3	3
78	0
10	67
13	0
0	34
63	41
3	3
5	3
8	122
0	5
0	8
40	58
0	12
0	1
24	103
76	0
5	38
0	15
0	1
15	8
54	9
56	0
0	0
30	94
1	103
58	1
70	0
10	7
18	135
10	22
0	28
0	94
0	9
0	4
0	23
0	27
0	25
0	0
69	234
4	30
25	1
36	23
53	49
0	49
2	2
0	95
176	95
41	2
24	0
35	24
0	24
0	181
0	181
0	119
0	123
1	11
15	10
0	9
0	9
3	10
0	1
7	16
0	30
94	3
7	14
0	0
3	0
8	14
18	1
0	2
4	1
11	1
104	7
0	7
2	1
30	93
0	51
0	39
0	25
5	26
0	26
17	72
0	72
0	0
0	7
6	20
0	20
154	26
2	2
34	2
0	2
0	2
0	2
0	0
21	3
0	203
2	87
4	9
20	15
123	27
6	54
6	32
0	22
0	16
0	13
12	65
1	14
0	45
0	45
0	56
0	6
7	0
10	28
0	77
8	73
5	2
16	27
0	2
0	14
0	14
0	13
0	14
32	51
30	10
0	5
0	4
41	5
0	8
0	35
12	109
2	74
0	64
14	54
0	20
0	13
0	13
0	2
0	2
0	6
0	9
24	7
6	0
2	0
0	7
9	0
15	9
0	9
0	64
0	64
0	2
0	32
9	0
0	32
0	15
12	17
2	10
0	7
39	0
0	32
0	22
0	33
0	23
31	3
49	0
40	48
39	86
60	11
1	71
0	22
0	31
1	29
69	41
2	46
11	9
45	0
9	80
0	82
0	45
0	3
10	0
0	0
0	0
6	2
4	47
0	21
46	49
0	3
0	6
0	31
0	4
3	1
24	1
13	4
0	1
0	1
0	1
0	4
15	39
0	41
9	41
18	27
4	9
120	7
4	2
7	31
61	6
0	2
0	8
2	19
2	35
3	35
0	17
0	25
0	3
19	0
0	21
0	6
65	19
0	19
4	0
0	1
3	1
0	8
0	3
0	3
12	0
2	3
3	0
4	9
27	11
0	0
18	30
26	58
0	69
0	62
0	36
0	10
0	4
0	7
13	0
1	13
10	22
0	18
4	502
0	16
0	15
0	6
118	71
2	71
0	3
2	3
62	11
110	15
0	202
0	202
0	28
21	7
0	10
7	4
2	4
10	4
3	14
17	3
5	19
4	3
0	9
3	17
0	6
6	4
0	6
0	4
0	8
6	0
0	4
0	4
29	0
0	15
0	28
7	113
0	113
0	111
4	105
0	8
0	17
2	0
12	5
0	4
0	4
1	0
140	67
3	18
2	15
29	31
41	37
0	22
0	28
0	28
0	37
0	38
0	38
0	37
3	37
0	36
0	20
0	19
0	21
0	13
5	21
30	0
129	0
3	10
0	0
2	0
0	0
2	0
0	1
1	9
0	0
31	11
1	2
0	13
0	13
0	13
0	3
26	12
0	5
0	7
13	0
40	30
9	26
0	26
0	10
2	12
4	6
0	0
28	20
0	22
0	39
6	52
0	3
0	11
0	2
4	0
0	12
0	34
7	86
6	6
0	33
4	7
0	7
0	11
2	63
0	51
0	5
1	0
0	63
32	6
0	3
2	3
46	0
100	0
20	165
1	129
3	129
2	1
31	33
0	35
60	9
0	6
4	5
2	1
2	4
0	14
111	32
1	18
5	0
33	9
4	2
4	0
34	44
0	2
6	2
0	0
87	0
15	11
0	4
0	0
0	7
0	2
3	0
11	32
9	0
2	0
10	28
0	20
15	16
0	16
32	10
2	10
109	220
35	5
188	26
0	10
0	16
50	0
42	7
0	7
18	79
0	78
0	3
10	5
0	13
3	9
101	257
0	257
86	2
12	2
0	3
0	3
0	126
0	126
3	45
12	45
0	56
4	20
2	8
6	1
4	4
0	7
22	0
0	22
0	17
1	22
120	0
0	31
1	45
2	29
0	29
2	12
4	96
0	12
0	36
0	12
0	12
13	15
0	95
4	9
0	12
0	8
2	6
5	14
3	17
14	7
26	1
6	36
0	69
0	31
0	49
0	15
0	26
5	4
4	8
1	39
8	0
0	48
0	7
0	26
0	32
0	32
34	23
0	6
33	8
34	8
6	0
26	0
12	11
0	10
0	2
13	2
0	2
3	1
35	2
2	34
0	25
0	25
9	32
1	0
0	15
0	8
0	0
173	0
0	11
0	1
0	10
1	12
0	10
2	22
0	10
0	10
2	13
0	10
0	0
0	9
6	0
10	61
8	61
154	27
0	22
0	17
12	0
6	0
34	122
155	67
0	30
52	26
14	4
14	0
0	118
0	27
0	14
0	2
0	8
4	8
0	47
0	12
0	35
19	38
0	118
0	10
0	93
0	91
2	6
0	93
0	120
6	8
0	29
0	110
31	21
0	36
5	5
0	120
0	120
8	21
0	30
21	9
0	14
2	21
91	0
28	74
8	74
76	16
0	13
0	19
0	20
0	39
0	14
0	20
0	11
0	39
0	19
0	19
28	35
4	39
0	39
0	39
5	14
0	19
29	14
0	14
112	185
0	20
0	1
2	1
5	3
0	3
42	59
0	18
0	19
0	26
44	23
9	29
37	19
11	35
3	14
0	5
0	24
7	2
0	16
22	23
54	0
6	0
2	0
6	32
12	81
0	29
0	44
6	0
0	14
0	6
0	77
2	56
0	56
0	48
0	40
1	0
10	0
6	40
0	45
0	37
115	79
96	29
5	75
0	0
4	15
0	15
8	1
1	1
0	76
1	0
0	1
85	11
4	7
60	92
2	7
0	44
3	25
0	39
9	6
0	9
0	17
11	7
0	7
0	22
8	5
0	6
4	7
0	7
0	7
0	6
0	12
0	2
6	5
1	0
0	59
0	59
0	1
1	3
6	26
1	11
3	19
45	19
0	19
15	14
13	15
17	18
5	12
6	9
0	5
0	7
0	4
3	8
0	7
0	4
0	7
0	3
0	3
0	3
0	6
5	7
0	4
0	6
0	1
0	3
1	4
0	0
0	83
15	91
2	10
42	72
0	0
0	8
28	31
0	19
6	9
1	19
0	4
6	0
0	82
45	36
15	58
6	8
0	8
10	5
44	0
0	5
26	0
52	23
0	23
0	4
7	0
18	31
4	30
0	10
0	10
15	0
39	53
4	13
0	18
5	26
54	20
0	64
0	77
0	110
0	117
0	126
27	11
0	0
0	52
0	0
0	77
0	101
0	126
90	0
41	53
0	49
3	261
3	237
5	67
0	103
8	49
0	49
8	3
73	0
45	12
217	3
7	3
11	12
6	12
58	32
58	13
0	18
0	3
38	219
6	0
1	0
3	8
4	6
0	31
0	73
10	12
0	12
0	18
7	2
2	0
0	73
0	9
2	9
3	109
31	45
7	5
0	6
72	34
0	100
0	54
49	0
0	0
5	27
27	28
0	44
6	13
14	8
21	3
1	6
31	29
0	6
2	0
0	1
9	33
2	41
0	41
0	7
0	17
14	18
2	24
6	24
0	20
4	25
0	9
1	0
0	3
8	187
0	10
0	10
0	19
3	14
0	2
12	30
0	30
5	86
0	12
17	85
45	72
12	60
0	20
121	40
0	3
0	3
0	7
13	14
78	236
0	21
0	222
20	0
21	101
0	42
42	24
0	89
19	95
14	1
6	10
0	39
7	25
6	25
1	21
0	21
2	20
20	0
0	101
1	178
0	162
0	157
0	129
0	133
0	24
0	10
0	2
0	2
3	2
0	84
7	23
5	43
3	178
82	19
0	1
0	1
16	7
2	7
0	2
34	0
0	2
2	2
10	2
0	30
0	30
3	39
6	40
16	39
0	33
0	61
31	39
0	51
0	27
17	2
36	24
16	5
0	42
5	9
20	28
32	25
0	40
17	51
0	28
0	31
0	31
0	31
0	6
13	0
9	3
4	3
154	50
0	2
0	0
7	4
1	40
0	40
0	29
13	36
3	3
0	40
0	11
1	10
0	3
0	29
1	3
31	22
0	5
7	2
22	107
0	106
0	8
0	69
0	1
131	26
33	30
0	43
0	43
0	30
0	30
0	23
33	23
0	0
4	0
2	0
5	120
0	120
0	54
20	54
19	53
25	180
0	0
0	44
0	19
2	214
0	214
0	38
82	28
6	3
9	3
0	3
0	21
5	28
0	52
98	0
0	0
143	103
0	8
69	4
2	26
0	6
0	6
0	0
0	9
0	1
0	1
0	0
19	0
0	0
5	77
0	29
2	3
0	4
116	5
0	0
0	5
0	5
0	10
0	0
3	10
3	0
0	0
66	0
0	15
0	15
19	6
0	7
4	11
19	0
54	0
4	0
9	0
0	106
0	55
4	19
35	67
31	35
0	7
0	10
45	4
53	41
9	0
3	7
6	0
0	7
117	73
83	40
0	35
25	18
0	18
0	11
7	11
0	1
16	1
0	50
4	50
8	53
0	3
0	13
0	11
0	26
0	5
0	19
3	23
5	31
0	28
11	2
0	9
51	25
13	7
63	23
14	20
2	4
6	3
47	27
5	13
10	4
8	10
3	4
103	240
42	50
0	85
2	0
9	51
5	59
0	39
58	43
0	28
3	6
5	0
9	0
74	45
0	41
8	17
16	22
0	8
0	8
0	9
8	4
0	9
0	2
1	11
0	5
0	5
10	11
32	17
46	15
22	17
36	78
4	8
0	11
0	26
0	2
22	3
0	3
30	0
121	28
0	5
0	11
13	0
1	12
28	0
3	27
1	21
0	23
6	14
0	2
3	23
15	0
0	14
13	29
0	1
0	13
0	0
2	36
5	24
4	1
5	3
0	11
12	5
7	2
53	133
0	6
3	129
0	1
0	13
75	30
0	0
0	4
6	13
0	6
0	7
0	0
18	0
0	6
22	10
0	0
0	3
5	0
11	7
8	0
0	22
0	59
7	14
0	7
0	27
0	12
0	24
0	49
19	54
0	44
0	23
0	21
0	16
0	29
0	2
0	0
0	0
0	44
0	19
0	9
0	9
0	9
0	3
0	0
3	4
0	8
0	21
0	11
1	13
88	35
0	6
6	9
2	0
0	3
47	4
1	77
15	29
11	36
0	20
0	10
0	17
0	1
21	5
15	16
22	16
4	43
0	23
3	23
0	23
0	26
0	21
0	9
110	0
32	15
26	9
6	9
0	3
0	15
0	76
0	83
11	59
0	41
16	79
8	18
0	40
0	38
0	25
1	15
0	23
7	78
37	0
9	22
5	6
8	61
0	60
0	61
0	8
0	61
0	6
0	12
3	60
2	10
0	6
14	0
42	83
0	83
3	7
0	11
18	68
0	72
0	1
0	15
50	70
18	39
37	45
0	55
3	32
0	12
0	4
121	39
0	86
5	22
16	6
0	86
19	7
2	7
23	16
4	14
0	61
0	49
50	2
234	19
0	19
63	25
10	8
32	38
7	29
0	27
0	28
22	0
0	208
1	225
0	225
0	225
0	208
0	1
0	4
1	7
0	2
0	31
0	31
0	26
0	7
0	7
103	85
18	41
0	83
8	71
7	5
16	0
0	0
7	73
12	1
0	1
180	30
0	6
1	8
0	0
0	26
10	7
14	6
0	6
0	24
6	4
0	0
10	0
1	4
10	4
1	24
0	29
1	29
267	5
1	1
0	13
0	12
4	55
10	14
3	41
0	51
1	51
0	16
16	10
1	5
11	7
20	8
106	25
0	25
8	80
2	35
11	45
11	39
0	56
1	15
11	15
3	1
3	63
7	125
0	203
15	191
5	5
0	9
56	22
2	22
43	11
0	11
5	0
0	0
0	11
2	51
0	16
0	51
0	15
6	5
0	6
0	1
10	35
13	35
1	0
0	0
0	12
0	27
3	41
31	40
0	24
116	0
6	0
13	9
1	145
0	6
8	0
6	79
0	37
0	145
215	10
0	10
0	0
0	4
2	4
9	4
0	4
51	8
139	48
0	24
0	48
11	0
11	0
0	12
14	43
0	56
0	29
18	32
155	11
0	56
0	8
19	3
18	43
0	30
0	9
10	10
0	5
0	2
0	13
11	107
0	13
0	107
0	13
0	37
24	47
0	14
6	32
0	0
141	10
0	2
1	0
0	16
11	16
0	11
4	4
0	4
17	10
0	8
0	8
122	34
39	0
13	65
0	14
13	23
0	62
0	5
0	46
0	46
0	46
6	0
4	0
0	0
0	119
8	118
0	117
0	5
0	143
0	143
0	18
109	8
0	202
45	70
0	134
0	147
0	128
0	168
0	9
0	9
0	1
0	1
11	54
0	53
0	28
1	6
0	119
45	67
0	13
0	189
0	7
0	59
0	52
0	4
0	39
1	5
3	0
6	5
26	19
6	18
67	5
1	59
0	208
0	208
0	27
0	10
0	8
29	14
59	5
0	6
18	14
5	2
12	1
80	18
0	15
0	15
0	15
4	23
0	91
18	41
5	91
0	38
0	38
0	26
0	79
2	73
0	55
0	11
0	6
16	12
0	0
0	0
0	0
0	0
0	0
0	0
0	38
15	47
0	38
56	43
8	24
0	2
2	11
14	8
18	7
0	3
0	7
1	6
3	90
23	0
58	4
12	5
0	12
4	12
0	0
0	10
1	0
32	21
5	14
0	8
0	8
0	84
10	34
0	34
0	6
0	5
2	29
0	0
0	29
1	26
0	32
0	18
5	14
0	16
0	18
0	6
0	20
32	9
1	6
1	84
28	13
18	11
0	74
0	19
0	72
0	14
0	0
0	0
0	11
0	10
0	30
13	81
1	49
0	72
21	82
11	27
36	31
0	1
3	31
75	60
0	55
14	9
0	8
24	4
4	13
0	28
0	40
26	56
0	18
16	12
168	8
0	0
2	56
0	56
0	16
28	25
0	11
17	11
26	57
0	0
45	0
56	10
147	9
10	4
43	90
0	90
17	0
80	17
0	12
4	12
0	34
44	54
0	12
0	15
0	82
0	82
10	69
23	0
71	1
40	0
0	73
66	0
46	0
47	20
4	20
262	3
118	70
0	3
18	70
3	15
57	4
5	4
0	8
3	3
0	7
3	6
0	13
0	7
0	3
12	15
15	10
3	3
6	0
2	0
8	7
2	0
18	18
0	2
12	22
36	89
0	35
43	5
6	49
3	18
0	22
0	10
0	32
0	30
0	18
0	32
0	5
0	8
0	6
0	5
0	12
0	14
1	54
55	54
0	114
107	116
0	111
69	57
0	45
0	71
67	19
0	45
0	46
0	2
0	26
3	28
2	3
23	0
3	3
0	135
19	0
0	135
0	26
0	26
0	0
8	26
6	77
22	80
0	45
7	55
0	55
0	44
12	33
0	4
0	13
0	12
2	4
8	3
35	198
41	0
0	64
0	60
0	60
0	691
0	683
0	0
1	3
0	2
0	3
39	51
0	51
5	10
0	10
125	33
16	11
1	4
11	15
0	71
23	80
0	80
0	14
0	4
0	9
0	9
7	0
56	30
0	30
7	11
2	16
0	16
10	0
81	25
92	19
49	25
4	0
51	0
5	20
0	4
0	20
3	0
8	21
24	0
0	46
0	42
0	34
0	17
0	19
1	29
45	0
5	10
0	6
30	4
20	232
9	4
83	43
0	43
7	34
2	39
0	35
4	32
0	0
11	141
0	135
24	28
0	8
67	8
9	1
7	2
0	0
1	22
0	25
0	19
6	15
0	11
0	18
0	12
4	3
14	42
0	41
0	23
4	0
71	71
0	45
6	7
0	54
143	70
7	1
0	13
2	11
0	17
7	10
0	2
0	5
1	11
0	37
0	14
43	14
127	38
0	32
99	0
0	25
3	2
1	0
6	3
0	5
0	62
13	47
134	85
0	23
109	64
0	15
0	2
11	22
0	22
43	0
20	0
10	32
0	32
21	0
2	1
4	9
0	9
3	2
7	2
0	0
1	4
0	2
85	160
0	4
48	25
21	25
4	65
144	65
0	10
6	0
37	0
5	17
0	17
15	13
0	13
0	13
0	15
10	6
108	62
69	16
4	4
0	12
43	24
0	18
0	21
2	10
0	12
0	5
5	2
0	1
0	4
114	38
13	38
5	30
0	5
1	5
7	0
13	0
101	31
0	55
0	10
0	38
0	0
7	8
2	35
0	14
9	6
0	0
6	6
0	6
32	0
43	35
5	17
0	8
0	14
0	0
0	0
14	15
0	3
4	2
3	10
14	5
39	40
8	13
7	38
3	3
0	6
0	5
4	2
0	2
0	5
0	8
0	9
0	3
79	16
0	8
1	8
0	8
8	0
4	15
40	13
0	10
0	2
0	2
0	4
1	10
0	7
0	7
0	8
17	5
6	3
0	4
0	2
40	18
12	16
0	3
8	10
0	51
0	84
0	45
6	21
0	37
0	89
0	37
0	37
0	6
0	6
0	5
0	77
0	44
0	44
17	0
11	49
0	49
0	0
0	0
0	49
0	0
0	0
0	49
0	0
0	0
0	11
4	11
0	11
2	11
0	6
0	7
0	8
0	5
1	5
0	5
0	6
0	22
5	7
0	6
56	92
0	25
0	9
16	3
0	3
0	5
9	0
0	6
0	8
83	162
19	8
0	5
1	3
5	127
0	3
0	11
0	7
0	127
57	0
0	93
49	184
0	41
50	2
49	0
0	2
0	0
2	13
0	41
5	0
2	0
3	0
9	0
15	2
0	2
40	130
0	127
0	60
0	9
6	28
0	8
9	92
0	19
2	0
11	0
11	5
33	151
0	151
22	22
0	8
0	14
10	11
3	3
17	24
100	24
0	8
0	18
0	8
0	8
0	7
6	0
0	5
6	3
1	0
0	10
0	0
0	0
0	0
0	102
6	33
6	37
0	71
0	75
0	102
0	94
11	86
3	91
0	37
4	8
0	10
58	56
0	10
1	10
0	86
4	57
0	57
3	10
15	15
5	1
0	7
5	7
6	88
0	57
30	56
10	59
16	53
7	5
0	71
5	87
1	22
0	26
0	26
13	39
7	8
0	54
6	42
0	61
40	3
0	6
5	6
82	9
0	9
3	9
0	2
7	0
2	7
44	36
0	19
22	36
0	10
3	10
48	57
0	60
0	33
0	7
7	5
4	5
2	7
0	5
0	5
0	5
3	7
70	6
0	6
4	30
335	33
0	7
0	7
0	4
0	22
0	4
22	22
0	7
0	7
45	40
0	25
0	47
0	47
0	85
5	78
0	9
0	6
13	3
0	7
3	1
0	5
9	33
10	33
0	9
3	0
36	84
0	111
72	59
0	59
17	10
15	40
83	1
11	10
2	10
0	12
250	313
6	382
0	170
0	0
0	0
3	11
0	11
0	5
0	151
0	151
3	14
0	14
7	106
0	1
0	1
0	128
0	39
5	13
6	39
21	24
0	4
0	8
0	8
0	111
28	0
8	39
9	39
0	21
18	32
0	34
0	38
0	28
0	3
13	0
0	11
0	11
0	0
0	7
11	64
0	2
4	75
7	73
9	0
0	6
0	10
7	3
0	75
117	53
81	77
59	75
73	36
46	30
10	2
0	73
0	13
17	13
8	1
4	1
2	158
0	232
0	232
9	34
0	20
0	19
25	9
0	0
0	0
0	0
9	31
45	31
9	18
29	18
0	12
0	35
0	5
1	0
0	35
58	0
2	31
0	27
29	27
0	39
0	7
0	11
0	17
0	35
2	28
110	67
20	65
9	15
0	18
0	16
0	22
0	5
1	10
47	0
0	68
0	1
53	2
1	28
0	68
4	48
16	28
7	24
0	48
0	38
76	42
0	21
0	59
4	6
0	83
46	40
37	75
0	112
3	104
0	189
10	59
29	47
3	23
31	19
9	8
10	149
17	21
4	21
0	19
0	21
11	8
0	7
18	5
0	16
0	8
0	0
28	50
0	59
0	59
0	61
25	44
0	53
0	89
2	32
0	22
117	148
0	0
0	80
0	60
0	49
0	1
1	0
32	14
0	14
15	8
0	61
0	49
0	5
75	14
0	40
6	40
0	6
4	3
9	6
1	3
0	10
0	10
0	10
0	9
2	0
0	6
43	6
1	1
8	9
6	4
0	10
37	99
125	88
0	80
0	5
4	1
8	23
0	32
0	24
0	7
0	8
0	3
0	9
0	6
0	0
2	7
0	5
2	2
0	151
14	44
0	98
0	8
0	11
0	1
2	5
0	52
0	151
31	62
0	19
102	98
0	28
0	13
0	5
7	42
0	34
0	6
0	6
0	6
0	6
0	80
0	1
0	15
1	18
0	2
0	1
2	1
37	12
0	12
20	29
22	20
0	148
0	151
0	9
255	319
33	38
0	38
74	27
0	10
3	4
0	7
35	19
14	47
0	32
0	18
1	0
24	205
0	14
0	0
0	0
3	2
2	2
0	53
100	53
0	20
10	16
19	3
0	89
44	89
0	3
1	0
0	9
0	12
0	7
112	809
0	34
85	40
0	40
8	0
0	8
53	22
0	20
33	11
0	9
0	9
0	5
0	5
24	23
35	107
0	61
3	17
3	6
10	54
0	28
0	13
0	72
0	31
0	31
31	5
14	3
0	3
254	72
0	48
10	18
0	34
1	38
0	0
1	0
0	8
0	43
0	43
2	2
6	11
0	6
0	2
0	43
14	44
0	7
0	44
0	41
0	26
43	15
46	8
0	2
0	2
1	0
6	2
0	5
8	4
3	4
0	4
0	58
25	58
5	17
60	44
0	1
0	6
0	12
0	5
0	4
0	6
6	6
17	14
0	2
0	1
11	1
0	1
1	3
0	4
0	2
0	36
4	35
0	6
0	18
0	12
3	37
47	1
0	1
0	8
17	13
0	13
0	12
0	13
0	21
5	14
3	210
11	43
0	1
0	5
0	5
0	3
17	20
0	3
0	19
39	11
49	33
38	7
0	7
45	0
81	0
95	97
55	268
0	103
2	9
38	20
3	0
0	7
0	7
0	7
1	26
0	47
0	1
1	7
4	28
26	40
2	3
0	6
5	1
6	32
7	33
74	71
84	37
0	13
0	8
34	38
2	32
7	3
0	24
5	24
39	21
43	14
0	14
0	23
3	93
2	39
19	5
6	28
0	64
0	16
2	1
48	36
35	53
0	51
0	53
0	2
0	9
12	17
3	17
73	20
0	20
25	11
4	11
15	13
0	13
2	2
7	3
5	35
0	14
3	5
5	5
8	2
2	6
0	6
12	0
1	67
0	11
0	12
0	5
0	5
0	12
1	8
5	0
0	12
0	53
0	53
0	48
0	48
0	11
0	49
65	0
0	52
0	31
67	60
0	1
0	0
0	16
0	7
0	60
0	7
0	7
28	7
0	0
39	0
29	17
0	17
28	6
37	9
0	14
4	14
0	58
17	126
0	44
0	32
0	40
0	8
0	10
79	71
0	2
0	2
0	3
55	0
1	0
17	107
0	104
0	100
0	91
0	34
0	23
0	8
38	40
4	7
11	5
0	0
0	0
0	13
0	7
1	11
6	7
4	7
29	0
20	0
85	16
175	33
0	8
22	28
0	8
0	105
0	125
0	2
8	6
0	176
95	33
0	35
12	25
0	5
0	4
0	8
5	1
10	0
0	0
3	17
0	18
0	7
0	3
87	0
13	0
1	88
0	50
0	0
0	0
0	95
7	8
0	8
0	1
107	27
0	27
3	4
0	47
0	73
0	6
0	10
3	36
0	51
10	76
0	8
8	69
0	69
0	84
0	12
0	15
10	3
12	6
5	11
2	12
0	71
19	84
22	0
459	13
0	9
5	0
1	73
0	73
0	4
0	4
2	64
19	70
0	12
5	11
15	0
55	0
1	35
0	16
0	26
6	17
0	7
7	0
0	0
33	34
0	0
0	0
45	9
0	5
0	24
1	56
36	56
0	40
22	70
3	70
0	58
0	70
64	76
0	40
0	0
0	10
0	0
1	10
0	0
4	17
3	7
27	50
24	3
0	3
1	77
1	77
0	7
9	7
1	91
0	91
9	17
0	14
2	17
0	29
1	26
0	4
0	4
0	4
0	5
0	3
0	3
0	3
0	5
7	5
7	1
0	1
4	45
0	73
14	11
0	10
0	13
9	8
2	6
30	71
40	8
0	8
56	98
1	84
0	98
0	9
4	2
7	14
0	13
0	24
1	18
0	8
0	8
24	4
0	12
0	10
175	9
16	11
5	11
41	41
0	7
8	14
0	5
7	7
0	9
0	50
0	101
0	101
13	1
0	1
0	4
0	4
0	4
1	4
0	13
0	63
22	63
0	30
0	15
0	26
9	0
0	58
252	56
36	54
61	5
32	87
32	10
14	9
4	1
14	8
0	8
0	8
7	5
0	4
0	8
0	7
0	4
2	0
0	0
0	8
19	52
34	9
5	13
0	7
0	8
1	8
2	11
0	2
0	0
5	0
7	0
0	43
59	77
1	75
0	5
0	13
24	10
12	3
0	0
0	10
40	2
12	2
0	1
12	0
14	37
0	24
65	59
0	10
0	11
14	12
0	14
63	193
0	5
2	7
0	50
1	59
0	54
0	58
0	14
6	10
0	5
0	46
0	46
10	49
0	49
0	17
6	35
0	134
0	26
0	134
0	14
0	16
18	0
93	25
0	120
0	84
0	224
41	61
63	35
8	17
66	20
3	0
39	23
0	18
0	20
93	0
22	7
39	0
30	0
0	282
1	26
26	8
0	26
4	1
0	2
0	0
10	12
0	23
0	13
0	25
66	32
0	32
0	8
0	8
181	56
0	12
1	4
1	17
49	8
0	31
6	30
0	4
4	1
73	35
0	20
0	38
18	277
0	0
0	0
0	0
0	3
0	4
0	7
0	37
363	0
42	0
0	82
0	79
0	81
0	81
0	2
0	6
7	4
41	36
0	84
33	30
0	35
0	35
20	39
0	37
5	16
4	14
21	2
25	2
112	11
37	11
17	99
8	78
4	12
38	21
8	107
0	64
0	68
0	36
0	22
3	4
0	1
7	6
0	49
0	7
0	49
0	10
0	10
0	7
4	60
17	60
8	35
69	34
0	26
0	26
0	31
0	26
4	3
0	0
0	0
0	26
21	29
0	116
0	114
2	5
0	19
3	53
1	2
0	17
27	16
0	16
5	42
18	45
160	101
0	0
9	6
0	18
0	78
48	27
18	6
5	2
0	3
0	11
14	5
0	3
0	6
0	2
0	2
0	6
153	71
23	66
63	71
3	27
0	8
0	8
0	19
15	37
0	16
0	8
0	27
0	17
2	10
10	35
15	33
9	11
0	2
4	16
0	33
0	18
0	11
8	0
3	2
0	0
0	0
0	0
0	4
0	15
0	4
0	0
4	0
0	33
112	44
0	25
140	16
26	34
8	1
28	33
15	0
36	87
0	24
10	16
0	15
0	1
4	214
15	211
15	12
0	16
0	12
0	16
0	0
0	54
0	6
74	74
11	4
4	4
0	11
7	0
28	25
1	25
30	36
0	34
46	147
13	135
0	57
3	38
0	10
5	35
9	35
120	0
99	0
38	0
36	52
0	27
0	40
0	32
19	24
0	10
0	14
0	8
34	1225
13	11
0	8
0	3
0	3
0	4
0	0
0	3
1	3
2	3
5	7
0	7
0	3
0	121
0	142
0	131
0	152
4	131
0	51
98	34
7	0
0	20
1	20
21	34
131	17
5	17
0	0
19	42
137	42
0	7
4	72
5	16
2	11
28	69
1	26
0	21
0	30
0	5
1	5
0	12
0	2
3	7
5	0
18	0
13	71
0	62
0	123
4	4
3	123
0	14
0	121
3	5
15	0
57	67
0	39
22	40
0	37
4	0
37	42
2	8
3	8
0	29
1	40
3	29
20	19
5	84
0	16
0	0
0	13
0	12
0	84
100	139
50	77
0	126
11	15
0	17
0	41
13	0
42	207
0	8
11	8
73	49
5	9
0	9
0	85
0	68
4	7
0	82
0	41
18	1
0	7
0	1
6	1
11	6
0	22
0	58
0	13
0	58
7	58
20	68
0	68
0	48
4	6
66	122
0	0
0	30
15	124
13	58
7	5
0	53
5	17
4	7
0	9
4	10
3	72
0	66
159	54
6	6
0	8
20	91
25	15
0	3
2	5
2	0
163	121
0	2
27	119
0	50
1	5
0	62
11	38
269	225
26	54
111	69
0	48
0	48
0	50
0	50
4	50
2	21
0	5
5	9
9	111
0	49
0	12
0	73
22	37
2	37
4	18
0	5
0	109
56	9
0	0
0	0
0	0
0	8
141	30
2	29
0	16
15	27
13	16
0	11
0	120
0	120
3	24
5	9
1	0
8	5
2	24
3	24
30	38
0	12
1	0
26	1
19	54
0	43
0	42
2	37
13	39
100	45
0	40
7	0
0	5
0	9
6	6
11	14
0	4
0	4
0	4
0	36
0	41
46	55
0	19
0	28
0	28
0	6
0	4
0	14
0	47
2	3
0	3
0	3
0	7
0	7
18	0
1	0
9	0
5	39
16	5
1	5
0	0
30	0
0	5
0	4
10	0
1	15
6	73
0	17
0	72
6	6
2	11
0	13
8	69
0	69
4	60
0	8
0	27
76	38
0	4
0	12
0	24
0	24
29	48
2	41
2	0
0	7
6	33
7	19
0	7
0	17
16	36
10	7
0	7
4	7
0	31
1	6
0	13
290	80
2	79
148	80
9	69
0	68
0	7
27	0
0	10
0	2
4	0
0	8
6	0
0	0
0	21
8	71
0	16
0	13
14	87
8	76
0	82
0	1
262	104
0	104
17	21
0	15
6	6
8	14
1	12
3	18
0	2
0	3
0	5
2	0
0	2
0	2
21	69
3	93
4	56
24	2
0	2
0	8
55	21
0	7
0	53
0	45
64	7
43	9
4	8
0	9
54	45
0	24
0	16
31	19
0	0
0	0
13	0
0	21
0	24
1	106
0	106
0	4
71	20
2	20
26	11
14	15
0	2
0	1
0	6
0	120
0	120
6	17
0	7
28	3
11	25
28	176
0	17
5	51
3	16
0	168
0	63
46	0
9	3
8	3
22	3
21	0
14	112
5	144
0	141
0	9
6	18
0	22
87	50
36	51
12	1
0	5
9	3
0	4
0	2
0	14
0	2
0	2
9	13
22	2
12	1
0	2
93	15
3	15
3	60
0	53
0	51
0	50
0	50
1	7
0	54
0	80
0	80
74	58
26	0
5	72
0	72
0	8
0	15
21	10
0	5
4	0
5	32
0	41
88	5
0	45
0	43
4	5
0	39
59	76
0	3
14	3
110	7
0	4
21	0
1	32
2	20
9	10
16	0
53	70
0	0
4	0
0	4
3	4
62	3
4	3
0	16
0	0
38	16
3	14
0	56
2	56
21	58
13	44
7	5
0	0
4	3
0	3
0	3
0	0
0	0
0	6
0	0
0	0
0	10
0	8
178	0
0	8
114	37
41	38
0	13
0	13
0	6
0	96
0	36
23	96
28	33
26	39
0	98
56	0
144	1
5	1
94	5
1	5
0	5
0	8
29	22
0	1
0	10
0	0
0	25
0	24
2	4
6	3
14	25
5	5
15	5
7	0
87	0
3	3
52	3
0	54
0	49
0	14
0	38
0	35
7	3
0	38
0	0
0	0
0	35
0	4
3	2
102	39
66	31
0	5
0	4
41	11
160	16
0	5
64	19
0	5
0	16
0	147
0	158
0	20
30	200
0	20
0	27
4	75
0	71
0	1
0	21
4	19
0	7
0	22
2	7
0	7
41	0
85	140
0	67
32	15
0	61
0	2
0	37
0	11
0	1
2	49
4	123
19	44
0	44
8	32
8	22
0	15
0	6
0	10
34	1
3	1
40	2
0	2
0	17
0	5
0	8
29	25
69	27
0	27
6	0
0	0
0	15
101	343
0	62
0	62
0	62
0	58
0	36
0	80
15	5
0	5
22	487
0	26
8	9
0	4
0	56
0	56
199	0
1	8
31	11
0	22
0	22
0	0
3	9
0	9
0	9
0	0
0	0
0	0
0	0
5	84
0	79
13	5
0	15
0	15
92	84
130	9
0	75
0	16
3	17
0	73
29	15
15	49
0	0
0	0
0	5
0	0
8	11
0	1
0	105
46	105
0	15
0	7
2	1
0	6
5	5
75	49
2	40
125	120
2	112
41	12
0	11
2	3
0	4
0	2
19	0
110	5
2	5
0	1
81	25
0	4
2	3
3	0
0	36
0	36
0	9
45	12
0	33
57	20
0	20
0	17
0	69
0	6
0	10
0	7
2	8
9	18
0	9
0	3
0	14
38	113
278	0
4	14
67	5
0	5
3	92
0	85
0	25
75	53
0	24
0	27
0	32
0	17
5	2
0	0
53	104
6	0
0	104
30	104
0	72
18	72
0	76
0	76
52	5
5	11
8	18
2	18
33	7
8	40
0	650
3	648
5	1
0	39
0	57
0	56
0	57
26	57
15	12
0	12
33	31
0	31
46	20
9	20
0	10
0	183
3	0
24	28
0	23
0	25
0	19
0	19
4	20
0	16
10	19
12	21
1	16
0	19
0	14
71	38
97	38
0	9
15	7
6	0
5	3
0	78
3	84
0	32
0	67
7	37
1	40
1	3
11	40
1	31
40	12
10	42
0	3
0	4
0	18
0	113
0	110
0	3
0	23
0	23
0	5
0	14
1	14
0	131
0	121
27	30
0	5
0	32
16	32
1	0
6	0
0	2
10	3
83	3
0	41
0	62
0	53
0	17
0	62
0	53
0	8
0	16
59	17
0	33
65	55
52	15
17	12
0	17
62	10
6	9
25	6
2	2
0	4
8	2
169	117
283	84
0	10
7	43
0	73
0	14
0	57
11	57
15	6
0	57
0	10
0	37
62	113
8	11
0	48
0	25
0	47
0	48
0	24
0	48
0	25
0	12
25	0
3	52
2	24
0	14
0	8
0	46
96	7
0	2
76	9
0	16
7	16
0	53
0	23
0	7
3	2
0	54
39	7
65	58
48	58
2	84
0	79
0	74
0	10
0	5
28	9
2	9
6	2
17	9
1	9
2	0
27	0
19	1
18	0
8	16
2	8
21	8
16	116
0	116
0	44
4	65
0	75
8	75
0	72
0	16
0	35
0	10
58	2
193	116
43	69
4	13
13	22
5	69
0	69
9	23
0	136
6	21
0	16
9	8
0	2
0	2
0	9
0	0
0	47
1	47
0	4
8	2
2	1
12	2
0	4
0	3
8	39
0	29
0	33
0	26
0	33
0	33
0	32
0	10
1	11
0	21
9	43
1	11
8	31
0	4
13	105
0	7
0	1
0	33
1	55
83	56
1	22
0	113
48	0
8	0
32	1
7	1
6	17
0	17
1427	2262
0	34
0	34
2	18
0	3
3	3
0	15
44	39
0	47
0	43
0	52
0	89
30	86
432	37
0	87
0	0
1	10
0	6
82	24
0	24
12	6
36	11
0	34
5	1
0	0
0	1
7	33
10	33
0	34
22	112
16	38
3	109
0	11
0	0
2	14
0	9
18	3
28	65
4	0
2	10
0	65
0	58
97	0
34	34
0	34
1	15
8	8
26	0
4	2
1	24
0	5
2	0
0	3
0	44
0	6
0	47
0	8
0	8
0	64
23	106
2	65
18	20
15	2
21	11
0	10
0	1
55	0
0	21
0	0
6	2
2	7
0	32
0	0
2	0
6	2
0	4
2	0
0	21
0	0
0	43
0	0
0	48
0	48
0	48
0	5
2	10
114	48
12	53
220	7
165	47
5	11
4	11
70	0
38	33
143	33
12	16
38	0
115	0
0	17
0	15
0	4
0	0
0	4
7	2
0	7
12	65
2	115
0	69
0	25
0	2
0	2
0	135
6	27
4	4
25	1
0	135
45	16
20	16
0	273
0	273
0	273
0	271
12	6
42	0
8	19
6	12
0	12
0	0
0	0
0	273
16	33
0	17
0	4
10	0
16	116
0	116
0	39
0	45
9	45
0	33
0	16
0	16
123	21
3	96
10	107
0	107
0	81
0	71
7	3
7	18
0	18
4	0
16	0
0	32
0	32
0	32
0	12
1	21
0	11
1	21
0	4
18	10
16	3
0	7
6	0
0	12
0	10
6	10
0	16
16	69
5	3
2	37
2	35
3	21
0	16
0	6
0	85
0	67
10	89
32	17
10	2
2	5
4	81
0	81
5	36
0	36
0	3
0	41
52	112
3	7
7	7
1	71
10	41
47	4
2	6
0	6
4	6
0	5
0	37
0	47
0	19
4	9
101	41
10	47
0	12
0	3
0	3
0	11
0	11
0	19
15	27
0	4
0	3
0	5
0	21
2	18
0	10
2	13
0	52
15	53
6	53
1	52
47	246
8	12
0	8
0	7
0	17
0	8
0	12
0	8
87	95
0	15
18	10
187	10
2	47
0	9
0	14
22	48
0	15
23	0
27	71
0	12
6	14
26	25
4	8
0	38
1	12
5	12
82	38
18	59
63	59
17	46
27	5
0	87
0	12
0	104
0	95
0	131
7	151
0	64
0	9
0	2
213	12
0	49
2	27
0	51
40	57
0	9
0	1
0	9
71	249
118	56
0	29
47	32
13	21
8	14
0	18
12	5
0	3
2	0
0	3
0	3
0	3
60	2
38	65
0	0
0	40
0	0
0	0
0	0
0	5
6	0
26	0
15	29
0	0
50	30
0	1
5	130
0	130
3	37
24	11
1	11
3	130
0	7
5	29
0	65
0	29
0	25
0	0
5	36
0	21
101	33
10	42
0	48
3	13
5	4
18	14
0	2
0	7
2	4
1	54
9	52
12	60
0	9
0	5
6	40
0	17
0	40
0	30
15	9
0	27
0	12
0	3
0	5
0	16
0	29
0	24
0	15
0	20
0	26
0	1
0	5
19	7
4	16
0	5
0	9
0	1
5	12
51	69
0	56
6	4
1	1
8	17
0	11
0	34
0	34
0	31
0	0
14	42
5	0
28	42
8	0
0	3
0	31
0	79
5	80
5	2
2	6
4	31
9	31
0	36
30	78
1	7
0	0
0	67
9	426
7	233
9	41
0	3
64	18
0	65
3	50
19	26
0	426
10	15
0	4
0	4
18	0
89	17
0	31
0	31
747	320
0	27
303	206
0	27
8	61
0	61
8	1
3	10
69	0
33	40
0	38
0	2
5	0
21	8
9	31
0	16
0	31
0	49
9	49
0	13
0	49
0	0
4	37
0	28
0	37
0	10
0	8
0	4
2	5
3	28
0	28
0	28
0	34
0	6
0	3
1	2
0	28
0	5
39	58
0	3
0	3
2	3
4	0
0	10
4	10
21	8
0	8
0	6
26	2
0	1
0	1
0	0
0	0
0	164
7	15
0	164
97	0
58	33
94	49
0	14
0	8
7	50
0	48
0	16
0	6
0	36
18	28
6	28
5	32
0	32
9	32
31	41
0	41
2	26
0	26
7	2
0	36
0	50
0	91
0	39
0	16
138	9
0	0
0	46
2	53
0	39
0	31
39	0
9	65
0	96
0	84
9	119
21	119
0	3
3	6
0	6
12	32
0	3
0	3
0	2
0	10
0	6
4	6
0	12
0	1
10	14
0	0
0	0
0	14
0	1
0	0
0	0
0	55
0	58
3	58
0	48
0	41
13	7
0	7
10	7
6	3
11	70
0	56
0	0
0	39
4	12
2	39
12	21
38	18
1	10
3	11
0	3
0	221
0	221
0	152
5	5
0	132
21	217
13	22
4	22
0	8
1	81
0	81
7	8
0	33
153	10
0	89
0	90
0	90
0	90
21	15
0	108
0	108
3	0
33	0
2	67
0	14
0	61
0	61
18	4
0	57
0	6
25	50
10	48
4	48
1	2
0	45
0	45
3	0
0	6
14	37
2	14
0	11
0	4
2	4
119	282
0	50
47	3
0	0
3	72
17	14
2	19
4	5
6	9
9	16
0	10
0	4
0	12
0	3
0	0
0	14
0	27
0	23
0	200
6	181
0	42
0	6
3	9
9	46
0	8
22	5
0	0
0	0
0	2
3	2
0	2
0	3
0	3
0	2
0	2
0	55
0	8
27	71
0	11
0	8
0	68
10	0
4	72
0	18
0	17
0	32
16	32
1	5
3	19
3	8
0	8
11	59
0	60
0	60
0	67
0	14
0	12
0	19
11	8
1	55
0	5
3	28
0	19
1	4
3	41
24	36
0	34
0	13
1	7
0	3
1	97
0	94
0	12
0	12
0	3
0	85
0	22
0	7
1	2
7	21
2	104
5	0
0	63
8	34
0	63
9	6
5	6
8	6
28	3
1	4
0	67
0	10
0	5
4	13
0	3
0	7
0	65
0	68
0	74
0	36
0	1
0	1
1	1
0	1
0	14
4	0
0	123
0	137
0	82
4	64
12	19
2	24
16	0
56	153
0	42
17	5
7	26
0	37
35	37
13	21
20	23
0	10
2	21
68	7
0	1
93	0
171	9
0	5
10	0
0	5
26	4
0	8
5	44
0	10
0	42
0	15
0	8
0	0
0	9
15	0
0	0
0	2
16	0
1	3
0	29
16	8
0	20
0	34
25	18
19	66
0	1
7	76
3	1
0	2
14	6
4	6
50	17
29	4
12	5
10	4
58	8
36	0
0	7
0	5
0	23
5	23
15	23
0	34
30	36
0	6
0	4
6	0
40	11
14	0
20	0
155	10
0	8
46	3
0	6
0	22
0	20
0	18
0	14
0	11
0	6
0	10
0	4
0	13
0	7
0	13
0	10
8	13
0	8
0	2
4	3
0	2
2	19
10	17
0	6
0	13
0	6
8	14
0	14
222	7
0	2
0	7
0	32
11	50
8	11
5	2
148	7
3	28
7	28
1	49
34	9
7	49
0	0
11	0
17	44
2	44
0	5
0	63
0	61
0	74
0	89
0	87
0	21
0	19
3	0
31	26
0	1
2	0
59	0
9	62
4	38
80	29
0	34
0	2
54	49
0	7
6	29
0	8
0	47
4	62
2	2
0	7
2	20
0	257
1	267
4	13
1	0
0	45
0	7
0	41
0	36
46	5
118	36
118	201
1	3
35	102
0	30
82	129
17	30
18	0
1	16
0	80
18	12
0	6
20	3
85	13
37	13
28	0
0	0
6	44
25	44
5	42
0	42
0	16
8	0
0	22
0	22
0	22
25	0
39	16
6	12
3	4
28	0
0	0
0	2
2	0
23	11
10	28
2	11
0	2
1	2
0	6
29	7
2	7
45	58
33	84
53	7
2	0
46	28
0	21
0	91
4	0
4	4
1	8
0	7
2	8
21	15
0	10
5	27
0	29
0	22
13	23
9	13
0	16
3	22
0	31
48	36
0	5
0	0
0	0
16	2
0	2
3	2
20	9
5	9
0	2
0	2
0	1
105	238
223	278
33	37
2	79
2	0
0	37
0	37
0	0
0	37
0	6
0	0
0	28
24	147
19	147
0	106
20	16
3	4
13	4
0	33
0	35
71	45
1	2
5	17
0	1
0	14
6	26
16	28
0	27
0	15
0	16
15	17
0	17
0	15
3	15
0	7
0	30
2	21
3	0
12	0
0	2
0	2
19	0
0	48
0	13
0	48
2	10
4	3
0	11
0	12
0	6
0	50
1	58
5	5
0	58
6	0
22	10
0	6
0	16
1	6
0	16
0	6
0	6
134	16
47	0
0	119
0	100
0	26
0	10
1	15
0	60
18	60
11	30
0	68
0	7
3	5
9	5
97	66
0	65
26	29
0	9
34	42
41	22
0	19
7	4
0	3
39	65
0	21
2	10
5	0
0	34
0	22
3	13
0	13
0	12
21	0
6	28
3	16
3	14
0	7
0	19
0	17
0	19
0	19
0	16
0	12
0	2
6	61
11	58
0	5
7	0
3	13
83	17
0	4
0	8
8	103
0	103
70	0
0	58
0	12
0	6
0	58
0	13
0	13
0	4
0	1
16	1
0	1
26	9
7	59
0	56
0	13
0	13
0	86
0	88
22	89
13	28
0	78
0	85
0	88
0	89
0	81
44	89
8	48
0	7
0	10
0	13
0	14
34	27
0	21
0	21
0	11
0	7
0	4
7	0
26	4
0	2
55	21
0	21
0	6
58	27
0	24
0	24
14	0
0	0
72	3
9	14
14	3
0	13
0	0
45	0
0	68
0	63
0	68
0	6
0	6
0	77
0	79
8	46
2	56
0	69
0	48
0	89
0	89
4	0
1	8
14	89
1	100
6	100
1	37
0	6
0	6
0	6
1	1
0	7
0	6
6	96
62	8
0	6
7	6
0	0
1	2
1	2
0	6
0	6
20	2
5	0
3	2
6	2
40	58
19	67
0	45
1	9
0	27
0	12
0	19
0	9
0	8
0	8
0	8
0	6
5	0
0	0
34	0
0	19
0	51
1217	2847
0	49
3	379
3	117
0	868
0	3
0	2
0	2
0	2
1	2
2	3
3	0
106	11
5	7
0	7
0	5
0	5
0	12
24	1
20	0
1	10
4	0
0	14
35	100
37	111
0	97
0	384
0	2
0	2
0	384
0	115
0	112
3	12
0	19
0	1
0	123
0	110
0	127
95	2
14	0
5	0
0	5
0	2
94	0
0	2
75	16
38	25
0	4
10	88
104	0
47	311
0	23
0	0
4	82
6	9
55	37
0	23
26	39
0	10
141	0
10	88
10	88
32	16
0	5
0	5
3	5
0	0
45	79
6	34
4	44
0	45
15	44
0	66
13	62
22	44
2	3
3	14
3	64
0	7
0	2
0	59
8	59
0	23
13	0
0	15
0	93
0	9
0	70
1	9
0	8
0	15
0	25
1	9
0	53
4	68
10	41
0	58
0	57
0	47
34	19
0	10
0	0
14	1
25	6
3	73
0	4
0	0
1	4
0	73
10	55
0	0
0	3
0	3
0	0
2	0
0	1
0	7
21	48
0	0
6	0
0	0
0	11
36	0
2	21
0	38
0	38
5	21
0	17
85	83
0	9
0	2
0	7
48	12
0	7
0	20
0	9
0	20
0	12
0	11
4	20
6	11
90	10
0	10
0	1
13	5
0	1
0	1
15	9
0	9
4	9
7	0
1	0
0	9
0	14
0	14
15	6
2	6
0	139
4	34
0	86
0	132
0	106
0	115
52	93
6	56
0	21
8	21
31	21
59	0
22	33
0	19
28	7
5	4
9	0
11	8
18	8
2	8
0	18
0	28
0	15
17	0
0	24
0	24
0	9
24	57
0	5
0	41
0	3
0	37
10	92
0	94
5	76
5	23
24	32
0	15
8	98
0	98
10	3
0	22
0	70
0	4
17	48
25	0
61	12
0	3
0	3
25	0
13	10
33	33
17	33
4	67
15	64
0	11
19	0
7	0
0	0
6	3
0	10
1	10
76	6
0	6
0	70
0	70
0	38
66	45
0	7
0	0
0	2
0	2
0	4
4	11
0	9
0	2
0	18
13	20
0	7
0	2
0	14
0	12
0	1
1	16
0	17
4	17
2	2
0	0
4	5
0	9
0	14
0	9
0	34
0	8
6	30
9	1
0	4
2	53
1	13
0	48
106	6
0	39
0	39
24	77
0	134
0	134
2	6
0	57
25	11
28	11
0	11
21	11
16	11
20	11
9	35
0	69
39	44
28	242
6	30
82	93
78	41
125	329
0	21
0	49
3	2
4	128
8	132
0	29
0	48
91	134
0	14
0	18
3	149
13	9
6	13
7	11
10	1
13	4
1	149
39	0
2	87
0	87
20	35
71	71
10	71
0	5
3	0
21	0
22	89
10	86
0	89
0	117
0	117
15	23
6	9
0	59
0	59
0	14
0	5
0	59
0	59
7	9
0	9
21	4
0	4
2	30
0	47
24	21
0	4
0	23
0	4
0	4
2	26
0	19
0	4
0	23
0	15
0	23
0	2
4	5
0	2
0	22
0	20
0	16
0	18
1	18
0	18
0	23
0	25
0	3
22	2
1	3
0	3
79	38
77	4
82	16
0	5
0	9
0	11
26	0
40	353
0	159
0	75
0	89
0	111
0	43
8	278
0	50
0	23
0	35
50	22
9	41
5	12
0	12
0	19
0	42
0	42
38	9
2	8
41	8
0	1
0	17
0	77
0	77
0	4
12	44
5	52
0	1
0	3
0	16
0	11
0	9
5	10
299	53
0	29
0	41
0	50
0	11
5	4
0	3
0	4
0	8
10	3
15	3
0	0
2	0
4	0
0	0
0	0
0	0
0	0
0	0
9	0
0	0
7	4
7	1
0	1
0	31
0	39
17	15
299	129
0	68
0	73
0	6
1	64
62	10
18	4
0	4
0	26
0	39
0	39
135	26
0	4
0	0
0	1
0	47
1	47
15	13
11	8
8	6
31	2
0	20
0	16
0	20
34	5
0	1
0	155
4	3
6	10
66	18
0	154
0	131
13	116
0	9
0	7
0	56
2	81
0	0
11	62
10	30
0	17
0	13
1	3
1	4
19	4
20	223
5	223
24	46
0	3
54	0
0	6
17	37
0	37
9	3
3	4
3	3
0	3
0	4
0	4
126	0
0	0
0	0
0	0
5	23
19	20
0	15
0	12
2	9
2	9
0	0
52	2
0	3
5	52
0	51
0	47
0	55
0	11
2	11
1	3
1	0
0	0
0	9
3	1
0	51
0	17
25	17
7	7
0	7
0	0
291	37
0	36
0	5
0	6
0	3
0	17
0	5
0	97
0	24
11	93
0	34
38	30
0	15
0	19
3	15
8	15
0	94
7	57
0	34
0	34
0	7
0	7
0	56
0	56
0	33
0	33
0	33
0	33
2	2
28	42
1	16
0	28
0	34
0	34
0	19
29	11
0	17
26	102
17	16
47	0
6	0
14	8
3	0
40	6
31	20
19	41
32	3
0	2
8	43
0	59
13	17
0	59
2	4
6	48
59	59
0	74
0	95
0	124
0	29
17	0
0	10
0	50
0	123
0	127
0	53
38	32
0	29
0	7
5	4
0	15
2	7
0	5
0	7
4	18
1	9
0	4
0	26
5	26
0	5
2	0
53	14
47	2
8	0
6	2
61	34
0	34
0	4
13	46
0	46
0	31
41	87
0	75
5	8
21	12
0	15
0	15
0	8
0	4
13	6
0	5
0	5
5	31
65	70
0	3
52	317
9	0
0	23
10	22
0	60
0	23
0	9
0	22
0	17
6	0
1	0
0	0
54	8
26	12
5	33
8	28
8	56
0	56
0	0
1	0
0	54
6	6
0	78
0	78
5	74
0	7
0	6
3	6
0	3
0	3
24	6
0	3
11	3
122	0
0	72
0	67
32	57
5	3
0	268
0	268
0	9
0	8
0	7
1	13
0	13
163	54
0	54
6	4
75	45
0	0
0	0
0	45
4	20
4	27
15	0
65	30
0	6
4	8
0	0
2	11
0	9
0	85
0	85
0	11
10	9
0	7
0	10
4	0
3	7
0	7
0	6
15	16
0	16
0	29
0	16
5	21
0	6
0	14
56	181
0	36
0	42
0	6
3	0
0	6
0	72
0	72
0	72
100	14
42	55
0	54
0	55
0	46
1	55
14	25
0	46
0	10
0	4
0	19
0	6
0	19
17	19
17	18
65	0
66	0
0	11
0	14
6	10
0	10
0	1
0	6
62	20
0	25
0	6
84	17
83	89
0	89
55	48
0	11
6	21
0	48
0	13
11	0
0	60
0	60
14	3
0	8
83	27
0	3
1	106
0	97
0	106
0	9
4	43
0	23
0	5
45	36
0	33
0	11
0	7
0	3
0	4
6	69
2	3
11	3
0	3
0	3
0	3
3	15
0	6
0	62
0	51
2	58
0	3
0	10
6	21
0	17
13	0
0	6
0	6
8	10
1	10
1	4
4	1
33	18
0	6
27	0
0	7
0	14
5	20
0	30
0	90
0	67
2	5
11	2
1	1
0	4
0	4
0	75
2	5
0	10
0	6
2	15
0	5
0	9
0	11
3	11
0	11
7	29
4	29
0	0
0	9
8	11
2	8
16	67
0	64
8	0
0	4
0	65
0	65
7	11
5	10
10	11
27	108
14	64
0	22
0	16
0	46
48	50
0	38
0	25
7	23
11	35
0	16
7	74
0	72
8	69
7	2
7	0
3	22
0	8
55	0
0	4
4	15
0	37
0	37
66	52
0	3
0	0
9	3
0	3
2	3
21	0
96	32
0	15
0	22
41	15
0	13
0	12
0	14
0	41
0	11
41	2
0	17
41	21
3	26
3	40
72	40
11	25
59	43
0	4
15	14
0	14
154	10
0	4
0	1
0	6
1	0
3	108
0	33
0	99
0	24
2	94
265	221
0	92
0	7
0	4
7	7
0	36
0	36
9	32
0	11
4	7
10	15
0	100
0	12
0	100
1	2
0	5
60	65
3	7
0	6
0	6
1	0
0	7
0	12
0	10
0	7
4	0
5	0
0	0
10	147
0	144
0	83
0	83
11	66
0	52
120	0
4	59
24	63
0	32
0	28
8	27
2	15
14	3
3	79
81	63
0	35
0	68
0	9
0	1
2	1
0	8
0	36
3	4
55	59
8	4
0	43
16	5
5	4
0	6
31	6
0	159
0	11
5	24
2	7
28	161
85	35
44	132
0	26
0	20
0	12
0	8
3	8
124	48
1	1
5	0
4	16
0	16
0	17
8	9
0	17
0	17
0	3
61	68
3	68
0	3
27	11
0	7
8	0
4	22
0	13
0	22
0	1
14	3
0	3
0	3
0	11
6	6
7	8
0	2
27	30
11	30
59	0
5	3
0	6
0	3
0	3
18	0
0	3
0	7
4	7
2	7
3	7
134	1
5	1
0	38
2	38
0	9
0	3
9	0
21	21
4	21
0	5
1	5
0	30
6	30
0	13
2	7
85	6
8	1
0	2
0	3
10	2
99	62
0	58
0	58
0	19
73	21
0	21
63	66
0	38
0	1
0	5
0	8
16	42
0	34
0	10
2	4
7	18
0	66
0	71
3	40
0	71
50	21
0	21
60	60
50	0
54	108
0	89
0	49
0	18
0	0
0	43
0	3
17	3
0	5
36	0
0	26
4	15
0	9
4	11
39	0
50	22
4	22
51	9
4	9
0	64
28	57
0	11
0	15
0	8
0	8
11	99
7	64
0	99
38	75
3	75
0	8
5	10
11	0
0	0
0	48
22	75
0	69
0	60
0	2
4	23
11	23
18	0
56	0
0	18
88	38
5	18
0	34
4	7
26	4
4	4
6	37
2	37
41	0
34	24
28	20
32	0
0	4
0	46
0	46
13	8
0	24
0	9
0	13
0	9
0	12
0	13
0	14
13	11
0	45
150	0
72	0
51	0
71	13
11	5
0	4
10	8
29	7
0	7
0	7
52	5
0	3
0	1
32	0
2	7
0	7
24	45
0	14
6	2
0	44
0	43
61	100
0	20
0	12
1	11
8	5
5	7
0	6
0	4
0	0
2	0
6	1
0	6
0	4
12	5
91	122
0	18
0	35
59	173
0	12
15	0
443	451
0	9
0	113
9	133
10	22
0	16
15	26
0	25
16	0
1	63
0	63
19	10
9	10
2	8
0	0
0	0
69	205
0	89
14	89
7	26
0	11
1	19
0	19
4	0
21	34
0	10
4	39
8	39
29	15
0	15
44	5
0	2
0	11
0	0
0	1
0	1
0	11
0	1
10	0
0	93
0	93
0	93
0	31
27	31
0	26
0	11
0	11
0	3
0	16
0	16
0	6
0	55
0	3
76	59
0	11
9	55
176	75
0	11
30	20
12	14
0	14
0	15
3	1
2	2
104	5
2	0
0	7
0	6
0	1
0	5
66	10
0	4
74	43
93	480
0	153
0	48
0	47
0	51
0	89
41	92
67	84
56	78
85	1
11	1
5	0
94	10
8	6
0	10
18	2
9	2
3	3
0	0
0	5
17	0
255	235
0	47
0	44
0	47
0	44
0	2
0	64
23	35
12	35
97	44
0	22
0	45
0	45
0	16
0	18
0	11
0	7
3	5
19	5
5	28
0	21
0	25
0	33
63	33
2	24
13	3
0	16
5	48
0	48
0	48
1	45
6	7
2	4
0	0
78	18
0	9
16	90
0	7
0	0
5	9
21	7
0	6
25	0
37	32
0	32
0	5
0	16
0	5
0	3
2	5
3	5
16	7
16	16
0	16
14	9
1	6
0	12
0	3
0	6
0	6
0	8
74	0
38	35
0	27
20	10
0	18
3	4
13	14
0	11
0	48
0	26
0	38
2	0
0	0
0	6
0	49
1	153
0	153
1	31
4	22
0	8
0	2
6	2
2	7
41	3
0	23
0	13
79	9
0	9
0	28
71	0
13	58
12	58
0	4
0	21
0	20
8	18
6	31
11	16
20	13
0	27
0	40
0	17
0	30
0	22
0	9
0	11
0	27
0	12
0	22
6	102
0	68
0	2
0	0
0	0
84	24
2	2
0	0
0	0
0	0
0	0
0	32
2	0
2	4
0	25
67	54
0	36
0	28
0	31
8	6
0	33
3	6
21	47
0	26
0	20
0	40
0	33
34	0
0	131
15	131
0	8
20	75
0	45
0	43
0	35
0	6
0	6
1	9
12	15
1	170
50	47
30	34
0	25
0	85
19	0
0	138
0	2
3	1
0	170
6	25
13	60
27	26
0	26
1	3
0	26
35	21
20	0
0	9
6	9
0	2
0	2
0	2
0	2
3	2
0	2
0	2
11	47
0	19
0	12
4	39
1	53
11	35
0	11
0	25
0	31
146	123
0	123
4	20
0	12
3	3
32	0
134	1
2	13
71	69
5	29
0	19
0	19
33	42
0	22
0	26
0	16
0	43
0	22
95	162
177	111
0	112
0	53
0	9
0	9
0	9
0	95
0	95
26	9
1	0
14	17
0	15
0	12
0	17
0	25
0	25
0	5
0	12
0	47
0	14
17	34
18	6
1	1
0	15
0	6
0	23
111	75
0	24
0	9
0	0
4	23
0	32
40	69
0	3
0	21
0	3
0	39
51	17
11	147
14	20
0	82
79	84
0	3
0	17
14	61
0	8
62	6
4	15
5	13
0	23
0	7
0	11
0	147
7	0
9	9
0	26
11	28
0	26
0	0
3	97
0	96
5	7
49	13
0	13
4	1
0	0
0	33
10	49
8	1
0	34
0	12
5	13
35	47
0	8
2	4
35	0
47	110
35	5
8	0
1	119
0	87
0	10
0	49
0	77
4	2
4	2
0	2
0	5
0	5
4	36
4	18
1	28
0	4
0	5
0	8
37	12
0	0
0	8
4	1
0	0
51	43
0	6
0	102
0	49
8	0
9	93
0	112
0	93
0	4
0	9
9	21
0	40
0	59
0	109
0	90
25	9
6	9
1	0
2	36
2	45
0	42
0	6
36	18
0	2
12	1
0	52
66	26
5	2
23	26
0	1
3	0
4	7
20	0
2	80
0	1
0	19
2	525
0	525
0	15
0	54
0	52
8	52
0	50
8	52
3	19
0	0
1	13
6	32
7	26
34	8
0	8
137	58
51	47
39	60
108	52
1	8
7	0
0	9
0	1
0	10
4	56
0	27
17	15
0	46
0	21
0	30
1	4
7	29
0	35
0	9
0	15
1	35
0	8
0	6
0	11
0	14
0	10
0	16
0	14
0	6
4	29
0	37
0	0
0	14
0	2
0	8
0	4
15	13
0	13
23	0
30	28
1	12
1	16
11	9
29	0
2	66
0	66
0	35
0	38
0	16
74	16
83	114
0	3
0	19
0	8
0	80
1	14
0	14
4	0
0	8
65	23
0	19
13	52
3	42
0	22
0	10
0	39
1	39
0	39
4	3
5	2
5	2
6	2
0	6
6	7
0	2
0	8
0	31
0	31
0	15
19	23
15	16
0	19
0	9
21	18
9	20
0	16
79	38
0	38
0	28
25	0
5	48
0	24
0	18
1	6
4	0
3	9
27	50
0	45
0	42
0	57
0	37
6	0
12	69
2	131
4	443
0	420
0	23
199	15
38	9
0	9
58	2
41	11
0	11
0	46
3	13
0	42
0	1
0	1
0	1
0	1
91	12
8	7
18	40
0	0
1	4
6	1
13	84
34	84
0	75
21	57
0	5
32	0
65	0
0	49
29	49
2	3
0	4
0	0
0	3
0	3
5	7
83	59
0	30
0	48
10	46
0	20
40	55
0	53
0	14
38	26
29	125
60	24
8	107
1	39
0	8
0	0
2	13
15	5
0	10
4	3
5	7
8	0
42	73
0	10
0	62
7	58
32	39
0	7
14	3
6	8
39	23
0	14
72	27
0	27
2	76
0	76
0	5
0	4
0	17
7	31
7	24
0	11
0	4
14	2
3	35
0	53
0	34
33	13
0	13
43	9
2	0
17	15
5	18
10	16
16	103
0	65
0	57
61	1
19	20
3	34
11	1
0	26
6	3
0	42
0	71
0	0
0	10
3	0
6	0
7	0
0	35
3	5
0	45
25	10
5	22
0	22
1	55
3	55
0	0
42	11
0	43
0	45
0	43
0	20
0	18
0	6
30	19
0	3
0	1
0	3
12	98
4	3
0	3
5	15
8	15
1	0
0	0
54	52
0	7
5	17
0	17
0	11
0	11
0	0
0	8
0	8
23	97
1	114
19	114
0	114
0	4
1	99
0	96
0	91
13	32
6	14
6	15
108	93
3	0
3	0
0	19
20	19
24	0
0	0
0	0
14	0
120	23
10	59
0	58
5	14
6	7
8	25
1	2
104	21
53	53
0	24
1	6
5	116
17	110
0	92
0	19
32	53
53	5
0	14
0	20
0	14
0	20
0	10
0	5
0	5
0	0
0	5
0	1436
0	1252
0	1196
0	1198
0	1518
0	50
3	0
4	0
0	0
0	0
1	0
0	0
4	6
0	7
0	37
0	37
0	37
0	10
0	18
0	15
0	22
5	30
0	30
0	42
0	9
0	13
8	53
0	6
2	3
4	18
0	18
26	6
0	6
29	0
51	6
0	1
2	5
0	137
0	145
10	63
0	90
0	146
0	146
8	25
0	143
0	16
0	79
5	37
0	34
0	15
3	67
0	27
0	6
0	7
51	12
4	12
28	35
0	11
3	33
33	6
0	2
2	0
0	0
3	0
94	74
3	7
0	55
0	11
6	52
0	0
0	4
0	12
2	0
7	0
44	0
97	10
4	3
0	6
3	3
1	3
107	34
0	34
0	33
0	1
0	3
0	2
0	1
0	64
3	42
0	64
43	0
43	13
47	6
0	6
0	12
0	12
0	97
0	97
7	97
0	57
0	28
7	41
26	17
1	0
19	2
0	7
6	17
2	6
0	34
0	50
0	8
0	98
0	111
7	9
3	20
7	3
137	41
0	38
2	14
0	14
81	27
0	18
0	18
9	24
0	24
4	54
29	54
37	54
0	36
17	85
0	3
0	7
14	81
0	14
4	18
0	8
26	58
0	51
78	0
4	0
14	161
0	160
0	128
14	2
10	19
7	2
56	5
0	3
5	4
0	161
0	69
0	133
32	6
10	49
0	1
3	1
0	136
70	0
18	0
0	0
0	0
6	0
0	236
33	214
52	49
0	200
0	214
0	57
0	57
0	25
0	25
0	4
0	3
0	3
32	9
2	0
0	79
1031	2020
0	7
0	1
21	315
0	16
0	10
0	79
0	89
0	89
98	49
3	25
0	25
0	11
15	23
0	9
27	26
93	26
6	2
34	37
0	2
8	0
23	4
19	0
182	40
2	0
11	35
0	2
84	35
42	27
52	27
9	21
14	29
0	61
0	8
0	14
1	1
61	136
9	5
51	78
0	89
0	154
6	2
0	5
0	5
0	5
0	151
69	8
37	7
0	7
4	26
0	26
0	26
0	26
0	19
0	0
0	0
13	0
2	0
0	22
33	36
1	24
0	20
7	11
0	11
0	2
0	0
0	4
57	0
3	19
0	6
0	13
0	0
5	3
0	0
13	50
0	19
0	19
75	43
18	25
0	41
0	33
22	28
0	0
0	5
14	5
0	8
22	310
0	19
0	9
4	19
7	0
9	0
0	3
0	3
0	3
4	3
0	16
0	16
0	140
0	103
0	139
0	147
0	52
0	113
11	35
0	46
0	59
0	48
0	68
0	55
0	55
0	57
0	49
0	49
0	51
0	51
0	51
0	64
20	3
0	7
9	16
12	2
0	10
2	21
82	37
76	2
4	46
0	155
0	100
0	155
61	155
31	144
0	18
11	9
3	9
35	9
0	6
0	9
26	47
20	38
0	43
0	4
0	8
0	4
0	8
24	6
0	6
2	3
2	58
27	79
0	58
36	25
30	41
0	22
9	35
0	4
0	4
1	7
0	2
71	126
0	59
0	25
0	5
0	12
56	9
0	9
8	0
1	4
11	48
0	48
0	31
0	20
5	4
0	7
0	7
1	14
0	10
1	2
29	30
81	0
0	662
0	662
0	19
62	0
3	0
0	0
2	1
1	4
0	3
4	4
72	52
0	52
0	0
1	6
13	13
4	61
0	35
0	41
6	0
0	5
7	0
7	9
2	6
0	7
0	7
0	7
0	3
12	35
16	34
0	18
0	17
9	12
0	35
23	35
0	4
0	13
0	26
60	393
19	33
0	29
0	33
0	25
0	8
0	6
3	33
182	110
0	16
1	21
0	21
0	21
0	77
0	77
3	73
0	0
112	80
39	57
10	14
0	11
1	8
0	5
81	11
0	0
0	6
0	5
10	4
0	2
0	2
0	0
0	29
42	81
14	52
0	52
0	9
23	234
0	234
5	17
0	17
20	0
38	14
0	9
5	5
0	5
37	36
15	36
9	15
0	9
2	0
0	3
2	10
0	2
70	10
0	2
21	3
32	19
63	61
24	174
0	10
3	0
0	174
0	50
0	44
0	50
33	14
4	0
0	0
0	2
0	9
0	14
0	8
8	348
3	2
0	8
9	7
0	7
54	24
23	5
0	5
6	1
17	6
0	54
51	54
161	52
220	83
14	20
0	6
5	41
16	41
1	14
0	29
0	4
0	0
0	5
0	5
0	5
2	4
19	44
0	0
0	0
0	0
0	4
139	212
0	36
0	7
3	24
0	5
30	14
0	21
22	6
0	12
6	7
0	1
0	0
0	1
19	98
22	4
57	62
32	125
0	125
0	36
0	36
0	37
0	36
2	29
0	3
0	4
1	5
7	12
32	0
0	0
0	0
20	0
0	0
12	58
0	58
29	14
97	0
126	0
0	0
0	0
39	21
0	6
0	6
0	10
97	10
3	5
7	5
2	5
0	330
0	27
0	27
0	330
4	5
5	5
3	5
122	117
1	27
0	10
0	92
0	4
19	17
0	0
20	28
0	2
46	62
0	8
10	5
115	22
0	17
0	8
0	13
32	13
3	13
4	18
0	12
0	2
0	15
0	7
11	13
55	4
13	4
15	10
7	4
0	6
2	3
0	0
33	30
4	30
0	10
0	10
2	66
0	55
0	32
3	11
0	45
0	5
0	0
0	14
66	29
0	783
0	733
0	722
0	794
1	25
0	38
10	21
0	0
0	0
0	1
0	4
1	1
0	3
0	6
0	0
0	0
10	6
0	0
28	3
46	9
0	9
3	0
32	25
0	3
9	22
1	0
26	228
0	61
1	61
0	18
32	49
21	23
54	32
14	12
30	29
6	9
10	5
10	5
0	15
54	1
69	0
101	84
61	38
1	8
0	53
27	26
0	72
0	0
6	2
0	2
0	9
0	9
0	2
14	40
0	0
5	40
59	184
1	182
25	9
0	18
0	17
0	17
0	18
0	180
0	180
58	32
175	37
1	3
0	8
27	36
0	32
21	38
17	1
0	24
17	24
0	20
2	23
0	23
75	36
0	31
13	20
26	20
5	23
21	23
0	19
3	19
1	15
0	11
0	1
22	53
0	53
51	60
0	49
0	52
0	8
3	1
0	3
0	0
14	0
15	0
5	0
0	1
0	44
0	2
10	2
8	42
0	10
4	0
0	0
0	0
0	7
1	83
22	88
0	0
2	0
34	16
0	5
38	0
46	0
8	0
0	60
7	60
15	49
7	10
13	6
0	10
16	5
0	1
5	8
0	8
46	66
0	9
0	12
19	59
0	6
2	68
0	69
0	33
0	54
0	12
0	16
0	23
0	24
0	19
0	5
0	7
0	21
0	3
0	18
1	20
0	0
2	14
0	22
7	22
3	0
4	0
41	111
0	111
0	109
0	108
105	122
0	43
14	82
37	45
0	45
0	75
7	80
4	8
0	9
13	6
5	8
7	5
0	0
0	0
11	73
0	33
0	42
0	7
0	6
0	2
0	33
3	13
0	169
0	141
0	141
0	138
0	110
0	172
84	0
7	3
0	3
68	3
8	0
8	3
38	144
1	111
0	43
0	24
21	49
3	25
84	11
0	11
32	23
2	7
0	17
75	32
106	30
18	63
40	0
6	0
14	2
1	39
0	16
0	15
0	40
0	8
0	25
25	27
2	1
2	1
0	0
25	25
98	0
68	56
20	52
6	24
0	15
0	19
0	3
0	142
2	153
11	60
3	17
0	7
0	0
20	28
0	23
1	24
4	17
7	10
15	22
13	50
5	55
0	19
2	12
0	5
0	3
15	3
0	12
7	2
0	4
2	11
0	10
0	11
0	10
0	18
0	8
1	19
0	17
0	7
0	18
0	16
0	7
4	21
3	10
0	10
11	6
23	55
0	55
0	0
0	0
0	0
0	0
146	18
1	18
96	0
8	10
0	10
180	26
0	24
0	20
0	0
0	26
14	12
0	6
17	36
0	6
0	25
4	40
0	40
0	11
0	17
0	39
8	113
0	131
0	131
70	0
62	80
0	55
0	20
17	104
70	99
31	112
25	49
18	59
0	33
1	30
6	11
0	24
0	31
0	31
0	16
1	155
0	145
0	62
0	223
0	75
6	14
3	10
38	9
0	72
7	67
0	82
89	16
0	70
0	61
1	51
85	7
0	75
0	82
21	58
0	60
1	62
0	6
0	2
0	2
37	15
2	8
0	36
0	36
0	31
0	31
0	25
0	34
0	14
5	21
0	0
2	4
256	0
0	0
6	0
27	39
0	14
0	25
0	82
0	88
0	88
3	2
4	54
0	81
0	6
0	6
0	6
43	0
14	0
30	1
3	29
8	32
29	31
49	26
8	8
0	12
6	5
17	3
5	1
70	0
31	0
103	750
0	16
4	9
14	0
1	0
0	0
10	0
27	25
0	6
26	6
14	11
3	171
0	171
0	25
9	25
2	8
22	46
53	224
0	46
0	46
8	0
0	15
46	17
62	0
34	45
0	22
0	34
0	34
0	5
0	7
11	52
0	52
0	14
0	45
0	9
0	11
1	3
0	3
0	7
0	11
0	34
0	3
0	7
5	37
0	6
0	7
0	6
0	8
2	2
0	2
0	5
0	5
0	5
0	2
0	1
0	1
0	9
0	3
0	7
0	31
0	3
20	0
3	4
0	226
0	100
0	209
0	37
36	36
0	8
130	87
29	33
0	21
0	32
76	85
112	131
0	68
0	10
0	2
0	7
0	17
0	11
0	44
3	46
19	153
5	34
40	36
14	16
0	146
0	34
3	0
0	86
35	5
0	5
0	5
121	16
0	7
0	8
0	7
0	5
43	44
12	7
1	278
0	5
68	44
4	44
5	19
0	16
0	10
0	0
0	6
18	73
0	20
14	17
0	17
4	18
0	21
0	23
0	21
0	23
0	27
0	17
0	11
4	21
81	0
2	44
0	37
0	25
4	33
0	1
46	17
5	49
0	5
0	49
34	128
0	128
10	116
0	110
1	90
0	21
0	21
5	10
0	8
4	5
0	2
27	18
0	18
17	21
6	9
2	0
8	21
199	45
6	42
6	38
49	2
6	2
30	3
6	9
3	15
0	6
44	0
0	0
57	16
72	36
4	0
0	8
64	28
7	263
0	246
2	258
0	26
10	4
0	18
0	11
0	3
0	15
0	15
0	5
14	34
2	34
39	0
1	99
0	99
20	74
1	10
0	60
0	73
54	10
8	20
2	18
98	8
7	22
0	42
0	32
2	0
0	14
0	131
0	25
30	56
3	15
0	7
0	132
136	38
11	20
2	13
0	13
3	0
3	20
0	0
0	87
0	87
68	36
0	17
0	6
12	7
0	0
0	0
26	25
2	0
0	5
1	0
175	10
5	9
3	1
0	113
12	113
3	1
0	3
0	18
0	12
38	12
0	16
0	1
0	1
0	0
2	1
2	0
6	0
0	0
5	3
3	0
2	0
0	9
3	41
10	0
0	1
0	9
9	10
14	5
0	94
8	78
6	16
18	84
9	78
6	50
12	27
4	10
14	10
0	15
46	0
0	17
0	140
42	4
0	121
0	45
0	56
0	54
35	11
1	11
1	11
0	11
39	40
0	40
0	37
0	99
0	4
0	62
19	64
0	19
0	11
2	13
0	42
4	25
33	19
0	66
0	0
37	15
6	11
30	112
0	0
2	1
0	3
13	0
0	0
0	19
0	12
7	0
0	19
0	19
1	9
9	9
0	7
0	13
0	29
9	33
0	2
0	42
53	42
32	88
0	93
2	56
0	12
0	6
0	6
49	19
86	73
24	246
0	246
0	6
0	33
0	122
30	9
4	9
1	29
0	29
40	14
0	14
0	15
22	3
0	2
0	3
0	2
2	0
17	141
0	35
11	35
0	66
0	67
0	67
0	62
1	5
77	53
0	53
21	4
33	47
0	17
0	18
56	32
12	65
0	16
9	24
0	0
6	0
0	0
0	12
2	4
0	1
0	12
15	114
0	69
0	66
0	11
0	15
0	23
0	0
142	12
3	0
4	8
3	8
0	38
2	38
0	22
5	26
0	34
23	11
7	13
7	20
10	8
8	9
2	10
1	10
0	7
89	8
0	58
17	16
4	50
8	0
1	2
27	10
0	58
84	125
0	7
9	7
27	2
0	53
0	0
34	51
121	22
0	7
3	38
0	4
0	1
12	24
0	28
3	1
0	5
0	6
0	16
3	2
5	16
0	1
0	15
0	23
0	16
0	0
5	0
0	1
0	2
0	15
0	22
56	1
49	117
14	117
2	1
75	0
237	118
49	67
0	65
56	5
13	3
0	2
8	2
34	2
0	2
3	0
1	8
0	8
0	8
0	14
0	19
17	0
0	6
0	8
0	0
0	11
0	0
0	11
6	0
0	0
8	0
0	0
0	14
0	15
3	1
0	0
0	5
0	67
7	67
4	0
0	67
0	15
11	7
9	4
0	51
0	8
0	4
4	10
0	5
0	51
0	25
0	27
0	27
0	12
0	8
0	1
76	38
42	0
16	99
25	80
0	73
26	45
0	21
0	17
0	46
3	4
0	21
0	5
20	17
0	8
0	19
0	2
170	101
0	27
0	37
0	70
15	35
12	14
36	14
0	0
0	0
0	0
0	8
2	12
0	0
6	10
0	2
2	2
0	0
90	28
42	74
75	35
0	12
4	6
0	10
59	7
0	6
7	0
56	0
0	0
0	1
1	1
25	99
2	41
0	18
2	28
0	28
1	17
0	2
295	0
0	2
2	2
20	53
7	48
8	111
0	59
14	91
16	52
0	20
117	103
0	6
0	18
0	13
6	8
0	1
0	8
17	3
0	3
19	1
1	7
11	7
2	4
4	0
10	0
9	1
0	22
116	71
8	30
0	7
0	9
40	47
0	139
1	19
0	13
21	22
0	7
0	2
0	2
0	5
8	0
21	126
0	0
260	16
5	7
16	137
0	146
4	9
5	0
12	13
25	27
0	11
17	23
96	8
2	8
5	68
0	68
79	0
145	80
3	0
29	80
171	0
0	54
0	21
0	48
19	63
0	0
0	20
0	78
4	78
5	0
53	9
3	4
47	148
0	0
0	5
0	0
0	0
9	0
0	50
0	41
0	54
0	50
0	45
0	45
0	40
7	40
0	40
0	0
2	11
3	8
0	8
14	14
0	102
13	44
21	36
2	34
5	13
0	12
1	50
7	50
0	47
5	9
4	164
21	16
3	51
0	84
0	1
45	30
0	28
0	29
7	29
0	1
4	81
67	257
40	0
14	25
0	8
0	22
0	1
21	90
0	32
0	8
0	8
4	5
0	0
29	38
0	59
30	45
14	33
0	13
0	16
0	13
11	13
0	10
0	9
0	55
5	55
2	12
2	0
5	32
0	18
17	6
0	25
28	11
0	15
0	11
2	164
0	5
0	15
0	15
17	80
2	81
0	1
3	1
8	39
0	15
0	32
44	27
3	3
7	18
9	10
0	8
39	7
583	94
0	262
0	101
0	55
0	229
0	165
90	66
2	21
0	16
80	7
0	40
6	0
3	36
0	6
5	4
0	12
65	15
0	25
13	25
0	337
0	8
260	217
0	160
63	0
14	134
2	133
1	134
0	29
0	0
8	13
3	31
0	0
7	17
0	10
0	13
2	9
0	11
1	152
0	81
0	107
19	0
0	75
0	75
4	62
0	49
1	8
0	11
49	0
0	163
0	93
0	80
0	160
13	133
0	54
0	25
0	11
5	22
0	22
0	10
35	8
0	8
9	5
11	5
24	5
10	62
15	62
0	12
37	27
47	6
0	50
1	53
0	83
4	8
0	7
33	61
0	73
0	17
56	11
28	31
12	31
45	285
71	27
0	252
9	41
54	4
4	26
23	11
0	0
1	3
0	0
0	4
6	4
5	61
36	63
25	44
0	0
7	2
0	61
0	103
0	11
0	18
64	27
0	24
0	8
0	4
0	48
0	21
0	36
15	36
2	65
0	8
0	32
8	9
0	410
0	8
22	0
38	48
5	53
0	64
0	53
44	2
0	3
56	46
0	8
0	44
61	5
3	5
33	38
0	38
0	116
0	75
0	117
24	113
0	86
26	0
5	11
0	11
0	9
24	199
0	118
0	47
54	46
3	4
0	39
8	227
77	46
0	46
0	34
0	15
0	15
1	12
0	2
0	26
36	22
0	22
3	135
0	26
0	175
0	175
0	112
0	96
0	2
7	1
0	18
9	165
0	18
24	34
0	15
2	8
1	0
0	16
66	94
1	3
19	14
0	14
0	14
2	14
0	14
0	5
5	5
0	3
8	1
0	0
0	107
0	64
0	87
0	30
0	17
9	15
17	2
0	7
0	93
0	93
4	122
0	114
145	8
19	7
0	38
8	38
85	200
0	121
0	9
0	32
33	15
0	0
9	0
0	22
46	0
63	82
0	86
44	68
1	64
1	64
0	67
0	67
0	67
89	109
62	88
78	28
3	27
7	13
211	115
0	27
0	9
30	87
61	54
4	38
0	4
0	18
34	12
0	7
10	47
4	47
3	5
1	57
0	157
0	157
7	88
8	61
0	5
0	78
0	9
0	82
0	82
5	8
2	3
10	0
17	7
0	5
0	2
2	2
0	0
0	2
0	2
0	2
7	3
0	0
23	6
0	25
0	11
7	5
0	14
0	45
0	1
24	45
0	38
3	3
10	0
6	111
0	87
2	2
6	2
0	2
0	2
0	2
0	2
0	2
0	5
0	5
13	35
84	35
30	8
0	35
0	113
0	35
0	76
33	71
0	44
0	39
0	39
0	39
72	19
0	41
1	22
0	27
0	2
5	0
0	6
4	37
0	39
0	12
0	53
0	323
0	32
0	69
0	298
122	150
0	3
17	27
0	14
0	11
0	11
12	43
0	43
0	10
0	5
0	7
0	9
0	33
3	5
0	33
162	198
0	101
0	156
3	96
0	160
0	106
0	51
0	1
4	1
0	155
4	102
0	145
4	68
211	122
118	13
0	10
0	3
15	98
14	78
0	98
0	43
26	65
9	113
15	169
0	16
114	37
3	6
34	54
32	8
0	17
2	13
0	17
19	160
3	12
0	15
0	20
0	10
78	213
5	5
0	8
9	5
0	516
0	85
25	2
1	173
0	7
0	10
20	8
0	1
3	2
4	2
0	2
8	0
117	12
0	16
0	18
0	516
21	5
28	5
173	120
4	30
31	12
3	12
0	9
0	8
0	39
2	63
24	102
0	102
1	15
9	79
2	0
2	0
0	6
34	3
0	6
0	3
0	3
0	6
283	116
7	7
16	6
4	6
9	3
50	142
0	4
0	29
4	28
0	8
0	0
0	7
0	7
45	0
38	0
0	7
0	46
0	46
2	52
23	31
4	73
0	64
3	42
0	3
12	0
0	42
44	0
17	18
4	35
1	17
4	21
0	21
4	116
0	106
1	91
24	170
2	162
0	159
41	18
11	48
0	4
0	30
47	29
19	14
0	27
3	51
0	4
48	51
0	24
0	13
0	10
0	6
41	5
2	5
0	5
0	5
80	31
7	15
0	12
5	8
11	0
42	0
19	69
2	69
2	62
3	6
0	4
0	6
49	58
160	1223
2	5
0	5
1	53
0	42
25	23
59	8
0	62
0	64
68	64
0	5
0	3
0	8
0	8
0	2
0	3
0	9
36	9
0	51
0	51
3	12
14	11
3	13
0	2
0	6
0	13
9	5
0	5
9	13
8	98
0	68
0	48
0	39
13	1
0	98
34	0
12	92
10	327
6	43
0	41
3	31
3	101
0	11
66	15
3	15
0	97
0	84
19	59
0	58
32	13
0	21
0	84
19	77
0	47
34	26
53	7
9	3
0	12
0	9
7	0
0	32
0	62
0	60
0	134
0	21
0	127
9	30
0	16
374	51
15	24
16	12
47	0
0	64
0	60
19	56
0	20
0	9
0	10
30	31
0	17
3	17
0	20
1	16
0	18
64	18
0	31
108	107
142	21
53	32
0	86
19	51
107	1
92	244
1	18
0	2
4	277
0	6
0	40
0	32
0	88
0	18
0	21
0	66
0	80
29	46
83	51
0	110
1	145
3	36
0	142
35	2
9	12
83	6
0	0
9	0
0	6
12	0
5	12
36	25
0	14
2	9
0	65
13	51
4	53
0	45
10	47
5	51
23	11
41	69
0	60
1	41
9	1
125	43
3	50
20	50
2	1
26	0
32	6
14	2
6	4
0	48
0	8
3	7
0	11
0	12
0	12
3	10
8	9
0	5
2	0
0	30
0	0
13	2
20	67
3	71
9	57
3	8
0	0
17	41
0	45
3	203
0	15
0	181
0	179
16	15
0	38
0	45
47	23
0	23
97	56
2	56
1	56
16	16
6	18
0	0
48	0
34	165
120	45
0	1
0	165
15	33
11	36
0	37
2	41
0	0
31	77
8	52
0	0
0	25
0	13
0	8
61	4
7	4
1	0
13	0
54	58
0	44
16	41
0	44
0	44
6	5
0	5
0	29
19	38
0	12
2	12
0	17
0	4
9	16
0	16
30	10
0	4
33	211
0	18
110	60
46	5
17	9
0	18
70	4
0	5
2	7
215	224
0	211
0	211
0	211
13	73
0	170
4	10
25	21
4	1
0	3
1	0
0	3
19	50
0	2
0	0
0	10
3	8
0	0
4	41
0	12
64	2
0	10
28	47
0	0
11	25
0	25
0	35
0	32
9	0
0	92
23	10
41	5
0	31
0	102
0	89
0	80
40	5
0	5
0	0
5	7
0	10
0	87
51	27
0	17
0	10
19	0
0	0
3	0
0	98
49	111
0	111
69	17
0	16
0	4
0	7
0	20
0	21
111	19
76	12
0	12
4	38
0	51
0	35
0	36
0	6
0	56
4	103
8	103
0	23
0	17
1	0
3	6
0	193
27	193
11	193
261	170
0	10
15	3
0	22
0	25
0	25
0	1
0	2
0	25
0	22
0	24
4	0
16	0
30	0
42	85
0	84
0	129
0	68
23	23
0	61
1	22
1	19
0	23
0	6
25	128
4	60
2	0
1	0
0	54
0	28
17	547
0	22
0	522
0	8
90	4
0	100
9	83
0	77
7	28
0	17
3	13
0	4
5	0
108	12
1	10
47	146
0	146
59	0
38	21
1	110
1	151
0	155
1	0
12	37
12	37
40	0
15	0
0	37
6	34
39	2
8	13
0	2
0	5
1	0
9	28
0	24
4	7
12	17
0	15
0	15
0	7
0	7
0	67
8	84
24	17
2	15
13	15
2	0
0	17
0	17
21	5
20	9
0	4
26	8
3	1
3	62
0	5
3	3
45	13
0	17
0	49
0	29
0	19
3	1
26	19
0	7
0	1
2	0
2	0
2	6
5	5
14	9
8	9
0	2
0	10
6	10
8	23
1	27
0	28
3	60
0	9
0	12
0	1
5	47
5	8
0	22
5	42
6	23
2	29
2	26
14	19
80	0
21	8
19	5
6	5
0	5
28	16
0	16
8	3
0	0
1	10
0	2
0	2
0	41
4	2
0	0
0	9
6	1
14	21
0	52
15	34
3	14
5	22
0	29
7	10
0	28
0	7
5	7
13	17
3	0
9	66
0	61
0	54
0	59
0	0
11	34
39	33
29	20
34	13
0	57
141	141
0	45
0	22
0	23
0	2
24	23
2	2
0	0
1	0
27	21
13	0
4	3
0	4
0	4
0	5
53	11
9	12
5	3
8	21
44	1
9	60
3	44
11	27
0	64
0	68
2	1
33	7
10	8
0	10
55	4
28	32
6	4
0	16
0	52
0	64
0	70
0	19
0	25
4	18
127	0
18	92
77	30
35	63
26	17
0	41
0	6
0	9
3	19
0	17
68	12
4	8
8	4
0	6
4	0
0	136
55	136
112	1
0	4
0	4
0	159
15	159
11	31
2	96
46	23
8	53
0	44
10	51
1	51
17	21
0	90
12	13
8	13
0	77
29	30
2	7
0	42
22	42
0	9
0	19
2	0
2	25
0	7
10	44
36	64
8	45
12	16
0	10
9	12
0	4
2	66
4	5
2	60
5	6
4	6
13	0
76	158
85	12
72	39
0	37
9	33
0	31
0	33
0	35
6	35
14	71
7	71
34	17
56	205
102	0
37	49
0	39
0	40
19	169
0	41
0	3
18	127
24	16
153	85
78	67
0	68
0	4
0	24
141	47
26	48
53	4
0	24
0	0
82	8
0	1
6	88
4	114
0	11
28	6
0	4
13	2
1	3
5	2
7	2
0	141
0	54
48	141
0	18
2	21
0	12
0	12
76	0
37	13
0	28
0	38
0	26
0	0
0	6
0	0
0	5
0	10
0	5
0	2
0	4
0	7
2	0
0	0
0	4
0	6
0	5
0	6
0	10
0	0
0	5
0	0
0	10
5	5
0	98
1	98
0	98
25	116
8	8
8	6
3	135
13	109
0	13
2	39
0	52
0	4
0	5
33	3
0	32
0	8
32	85
42	67
9	52
4	8
0	63
4	10
8	35
0	0
0	0
0	0
11	0
0	16
4	16
0	2
26	19
0	17
0	9
10	11
11	30
14	30
10	1
1	98
50	84
24	101
2	78
0	31
6	5
0	5
3	4
8	5
0	9
0	59
5	7
0	55
0	1
3	0
0	5
0	3
0	3
0	38
6	5
0	11
0	46
25	44
2	2
6	3
4	3
0	17
53	18
0	8
261	685
6	0
9	0
38	2
0	10
8	233
36	52
0	0
0	233
5	59
0	10
6	57
6	56
0	23
4	17
2	7
1	4
48	7
0	1
2	3
7	30
0	30
58	25
0	68
20	68
0	33
6	7
61	16
0	16
27	14
0	14
8	32
33	31
0	47
0	33
12	54
68	55
25	34
11	0
0	2
98	186
0	4
0	68
0	68
10	15
8	5
28	10
6	55
0	55
6	5
1	9
26	0
96	49
0	35
71	38
0	38
1	10
0	0
101	37
0	0
5	0
97	0
3	268
0	176
0	46
71	231
0	76
0	0
6	2123
3269	2374
226	226
0	7
0	0
10	50
5	221
0	0
0	230
4	8
11	2
0	0
2	291
0	0
0	0
0	0
0	48
0	251
3	11
0	10
7	199
0	18
0	7
0	10
1	7
0	19
0	0
27173	428626
0	0
0	256
0	0
522631	374076
0	2
0	85
0	300
310	201631
330	171534
3351	171645
6168	102349
0	294
0	304
0	21
10	602
0	300
0	0
0	10
0	0
41	29
0	14
0	288
2	24
0	0
3	53
36	139
85	340
0	35
68	145
503	329
0	9
1494	111480
35	0
0	0
0	57
0	1
0	0
34	0
0	17
0	39
0	0
24	51
0	774
3	16
0	552
0	72
13495	90898
2233	27798
21692	470058
0	374
2	332
0	0
0	2
144	0
1	3
0	12
0	48
1	5
0	0
0	0
0	0
27	8
0	213
0	20
0	0
17	11
183	152
0	4
0	0
7	0
0	56
0	305
2	10
8	0
24	0
9	0
0	37
0	0
0	171
298	452
0	0
139	0
0	0
0	229
5	297
0	3
3	24
4692	393560
2	2
1	0
0	0
17	0
36	0
69	0
75123	179326
0	0
0	269
0	94
0	61
0	102
0	97
0	102
0	84
0	0
0	182
0	132
0	335
0	0
0	0
1573	45463
51	142752
0	111
0	552
4	3
0	0
0	0
0	7
0	207
0	59
167	63
0	23
0	58
2	10
9	892
0	274
0	237
0	0
0	159
0	0
0	0
9	0
2	51
0	104
72	27
0	62
1568	191198
5	0
0	260
0	152
0	0
32	297
0	935
7866	232947
331	38133
733	39085
1896	42121
594	42230
2288	75938
1277	154427
34	57735
25	41252
0	295
0	0
0	0
0	0
0	8
0	0
9	17
0	0
0	0
0	3
0	260
0	0
8	90
0	49
2	0
0	95
316	553
0	7
0	433
952	1402
0	0
54	37
0	62
0	162
0	18
0	840
0	4
0	11
0	48
0	51
0	0
0	20
0	13
0	0
3	0
30	0
0	0
0	48
0	3
57	0
0	0
0	22
0	0
40	20
0	0
2	0
0	292
0	302
40	0
0	89
0	63
0	12
0	880
157	255
11	0
42	0
0	7
0	10
25	50
0	47
0	29
1	0
1317	226370
0	1
6	0
18656	460571
0	0
0	5
42	0
0	0
105	161
34	0
0	43
32	28
8	50
2	4
0	21
0	5
0	0
0	2
0	7
0	12
0	6
0	2
0	2
1	2
0	1
0	25
0	10
0	15
1	0
0	12
7	0
3	3
0	0
0	0
0	7
8	8
11	8
2	25
0	0
4	25
5	7
0	61
0	55
0	16
3	46
1	3
18	7
18	47
0	14
6	22
0	24
17	36
0	18
3	0
28	4
0	26
5	18
0	18
82	95
0	14
15	20
0	20
0	3
3	0
0	0
0	60
0	54
13	28
2	51
15	13
3	32
10	11
0	21
4	21
0	60
2	14
0	14
42	43
111	15
0	44
1	43
0	35
2	3
0	8
0	15
0	15
2	18
0	33
8	10
0	0
0	16
0	33
91	0
18	8
0	8
0	5
0	1
0	2
0	0
0	1
7	15
0	15
0	1
2	0
2	0
1	0
61	71
0	71
4	24
42	39
53	178
3	2
3	5
0	61
0	82
71	102
10	10
0	23
0	10
0	12
83	29
0	10
0	1
0	28
2	5
12	3
19	17
0	122
1	115
0	18
6	7
0	115
0	31
0	90
0	89
6	89
5	4
6	78
0	10
0	6
19	23
0	12
2	12
0	0
20	19
7	45
0	45
11	6
0	44
0	21
12	93
13	169
0	55
0	58
9	58
0	52
0	2
0	5
6	11
3	4
0	10
0	2
0	6
9	30
0	0
0	3
3	17
0	1
28	12
0	114
14	124
2	132
255	331
0	7
8	55
1	112
0	17
8	10
63	34
2	34
0	55
0	45
0	44
0	33
0	45
1	1
0	10
14	10
0	54
15	11
0	83
0	11
0	94
15	83
4	67
1	94
23	27
2	4
0	23
0	35
0	35
4	15
14	0
6	0
5	15
0	9
0	15
0	15
12	14
26	0
26	47
0	26
3	21
0	0
22	0
0	51
0	47
0	43
0	39
4	39
0	4
2	18
27	15
15	9
13	9
35	0
12	0
15	0
2	43
0	43
0	19
26	0
12	1
0	1
8	56
0	44
0	8
0	11
0	10
0	52
0	14
7	11
0	36
232	75
6	0
0	62
9	15
0	5
0	47
1	0
0	38
63	81
6	0
0	0
11	31
0	62
20	17
0	34
0	48
0	51
0	52
0	5
0	20
8	5
0	4
13	14
0	27
0	10
0	0
14	35
0	26
0	17
1	5
0	4
0	24
0	46
3	45
0	22
7	50
0	20
75	168
0	86
0	51
0	19
0	17
0	5
0	6
1	4
0	1
25	0
0	11
0	4
0	217
0	187
0	114
8	64
0	49
5	63
23	0
18	24
14	9
0	14
0	8
4	9
0	13
29	586
0	7
7	0
112	84
0	84
25	4
0	19
9	3
14	7
0	4
0	16
0	0
0	16
78	17
39	39
3	39
1	27
11	2
23	111
31	10
5	43
4	50
11	46
8	31
0	50
0	6
0	11
2	4
0	3
0	19
58	0
75	16
0	40
0	16
0	3
0	17
0	76
0	70
43	4
5	4
4	87
0	153
0	71
0	105
0	2
5	15
0	2
2	5
39	0
0	0
0	16
28	16
106	7
3	25
0	17
6	43
0	37
195	268
0	16
0	7
0	5
69	53
0	10
19	35
0	1
0	17
66	3
46	29
1	0
46	55
19	0
2	55
3	115
13	57
0	28
0	59
0	37
23	59
0	15
0	5
169	0
87	23
10	23
0	36
44	24
0	24
0	7
0	7
66	0
0	20
0	29
0	29
0	18
6	0
5	5
4	13
0	13
0	5
0	5
10	5
0	0
6	35
11	26
0	26
28	37
0	91
4	77
64	29
1	11
5	11
0	11
0	18
22	0
0	14
0	14
7	9
23	189
53	189
0	3
0	0
94	13
0	5
12	3
0	2
3	1
0	68
0	3
0	35
9	35
12	4
5	1
0	1
6	3
0	21
0	21
54	21
0	1
0	0
0	1
1	0
0	1
0	1
2	28
13	4
0	0
0	4
0	3
8	3
47	52
3	121
5	0
12	7
12	0
5	0
0	20
46	13
159	99
0	72
3	6
17	3
27	3
115	50
24	50
3	0
0	0
137	153
14	0
0	58
0	58
0	67
5	38
1	1
24	3
0	25
21	25
8	0
28	21
0	19
0	6
0	1
4	1
0	0
0	1
0	3
0	3
0	67
10	67
0	26
0	39
2	39
0	5
0	5
0	0
0	0
0	0
54	43
12	31
62	87
0	66
0	59
0	39
0	27
0	9
9	6
22	1
0	6
0	9
0	10
16	0
62	51
0	45
0	25
0	17
1	7
1	0
5	4
0	29
18	29
0	8
0	15
6	9
2	8
0	8
2	0
5	5
3	0
0	24
18	0
98	18
106	18
0	50
10	59
0	11
0	14
0	3
18	4
70	10
0	10
0	5
0	3
0	0
0	5
26	24
0	24
0	8
103	38
66	26
0	17
8	17
0	65
0	8
4	65
9	41
4	0
96	211
11	35
0	10
0	0
0	0
0	12
65	108
73	40
15	23
0	1
35	99
3	2
45	4
0	2
0	1
1	25
22	23
0	11
4	11
1	73
21	70
33	74
0	6
0	16
73	16
27	63
4	27
0	27
0	12
0	21
45	0
0	2
0	2
0	21
54	102
74	117
0	15
109	5
0	2
0	2
0	227
0	5
0	224
3	0
0	103
0	103
0	0
0	0
99	0
0	10
0	4
0	2
5	21
0	132
3	17
0	9
12	134
0	8
28	11
0	45
0	45
0	0
0	10
0	11
0	12
5	0
9	1
13	1
0	0
0	0
0	38
0	35
0	30
10	4
0	4
6	61
0	55
0	6
0	0
9	30
0	27
0	23
7	13
0	224
0	217
0	225
0	209
0	202
0	210
0	207
0	200
0	208
0	207
0	200
0	208
0	27
5	17
5	73
0	66
0	4
0	11
0	0
0	13
26	14
0	10
0	10
1	38
0	25
3	8
0	16
0	19
1	13
0	19
0	16
11	8
7	5
0	5
0	19
0	0
0	19
8	46
0	28
8	0
1	17
10	21
0	3
0	1
1	17
0	13
4	17
0	11
3	18
23	16
0	25
23	25
0	9
11	2
30	4
15	108
5	56
23	127
0	108
1	49
5	0
19	70
8	23
0	0
3	5
0	8
0	2
0	5
7	8
0	5
0	3
22	11
48	13
1	0
0	13
16	10
6	1
31	99
127	1777
0	240
0	186
0	211
0	240
0	184
0	242
0	212
0	27
0	69
0	61
23	90
0	22
0	5
22	28
0	35
0	13
3	1
0	0
0	1
0	1
0	3
0	1
0	60
0	60
0	69
0	58
3	261
12	11
3	91
2	75
0	5
0	14
3	3
145	15
0	15
0	53
4	17
29	36
135	1
3	18
0	39
2	60
0	20
0	26
0	31
0	24
0	5
0	11
0	4
0	18
36	0
22	0
12	7
9	5
4	10
0	10
0	10
0	0
97	33
0	33
0	109
2	109
11	0
5	0
3	3
18	3
0	108
0	131
0	70
0	87
3	116
0	120
0	119
3	81
0	71
1	9
0	8
3	2
0	30
0	30
0	36
0	12
144	0
20	92
0	92
2	92
37	1
0	30
3	1
8	2
0	1
21	34
71	0
174	41
0	14
9	27
0	9
0	9
0	21
0	21
6	4
4	7
0	6
67	6
13	58
0	57
9	10
10	5
0	4
6	17
0	0
0	0
19	12
13	97
0	40
41	19
0	14
0	0
0	32
0	10
0	5
0	32
18	10
4	12
6	21
4	0
1	11
2	6
14	89
4	26
0	20
0	20
5	25
43	8
0	7
1	5
7	5
30	5
27	5
0	2
0	2
0	0
5	0
35	0
39	35
37	35
7	0
0	8
0	8
1	48
0	48
2	43
0	40
0	47
23	52
0	7
10	86
9	82
0	25
0	19
0	19
4	0
9	2
4	7
0	4
10	0
26	0
11	0
0	0
20	121
0	121
3	123
92	17
0	75
7	3
0	18
13	7
9	0
0	14
3	51
43	55
0	72
0	72
20	94
22	96
0	92
7	31
0	62
0	19
6	38
0	38
0	34
43	112
0	34
40	43
0	9
0	112
9	150
13	150
115	49
4	49
0	29
8	2
14	3
0	75
0	71
0	41
16	6
0	14
0	14
0	9
0	6
5	6
1	6
6	28
0	28
0	41
0	41
43	67
0	65
17	24
13	19
0	19
40	24
0	12
0	10
6	14
2	13
0	23
0	5
0	5
0	8
2	12
68	300
0	42
0	7
124	16
3	8
28	16
0	8
0	16
197	166
0	164
0	14
0	18
36	27
0	149
1	0
31	13
0	9
2	0
0	1
4	1
0	9
2	1
4	4
53	4
39	26
0	16
12	23
12	16
0	23
8	0
0	0
0	5
0	7
0	6
0	5
1	2
0	23
0	6
0	46
0	4
9	46
36	23
0	552
0	132
12	7
0	7
94	1
0	1
0	0
349	39
0	39
0	382
189	136
118	222
8	92
0	40
40	13
44	42
0	41
0	544
0	124
39	7
38	51
11	0
0	3
0	200
0	200
0	188
0	6
0	17
6	5
0	1
0	1
28	0
84	32
0	13
1	12
64	1
0	7
10	1
133	67
0	35
4	49
1	13
23	66
0	48
0	91
8	88
1	88
0	31
0	4
0	0
0	0
37	0
47	27
0	6
0	5
2	5
8	1
6	0
5	0
0	41
16	24
13	14
1	20
5	22
0	24
16	8
9	23
0	24
0	16
38	8
0	1
0	0
50	64
0	0
5	63
0	63
13	24
0	10
9	62
0	62
3	20
0	113
0	35
0	46
0	46
0	43
15	7
14	2
1	0
88	0
2	2
10	270
0	50
1	7
0	14
0	14
0	14
5	3
0	0
7	468
111	40
18	9
0	6
15	30
5	0
0	6
0	1
0	5
27	0
0	132
0	35
0	35
5	12
0	4
0	4
89	20
11	12
3	14
8	11
30	106
0	149
0	154
0	82
2	22
0	4
0	18
0	4
0	17
26	12
13	12
0	67
0	67
0	5
79	89
0	2
32	78
0	14
0	13
29	39
1	33
50	19
0	235
0	280
0	299
15	354
0	280
0	241
6	289
138	174
0	108
0	64
0	36
29	47
2	54
11	0
148	0
0	106
0	39
0	7
1	28
0	28
0	14
0	14
2	13
0	11
159	175
0	123
6	67
0	10
190	339
3	35
70	2
0	10
30	25
0	16
53	31
0	30
0	17
0	31
0	17
0	17
0	10
1	13
0	0
9	0
37	0
112	9
20	8
20	8
18	1
0	16
0	19
0	9
0	10
0	70
104	24
0	69
5	26
0	16
0	152
0	158
0	152
0	158
3	16
0	6
0	69
9	60
14	41
0	41
51	0
0	64
4	64
0	66
2	0
41	37
8	12
0	18
5	0
0	14
1	12
0	13
25	0
4	7
18	6
0	23
0	20
8	0
0	7
16	0
1	1
3	129
40	13
14	13
169	28
0	72
23	65
36	37
0	43
0	59
66	36
0	16
46	10
12	57
16	10
16	5
21	10
79	29
33	10
0	23
0	6
4	27
0	27
0	23
0	23
0	70
12	15
0	3
8	26
0	9
0	1
1	33
31	12
12	14
0	16
0	26
14	690
0	2
0	7
0	6
0	4
5	19
27	10
9	0
0	6
1	6
32	44
145	17
0	180
36	186
14	111
0	77
0	102
1	8
126	96
0	59
10	11
1	10
0	39
0	7
1	6
1	56
0	35
0	56
2	59
94	78
0	83
12	12
0	2
0	1
7	1
5	1
0	1
8	1
0	110
0	7
0	5
0	11
23	11
84	84
0	13
19	40
40	59
0	9
6	20
0	13
0	20
0	0
6	32
0	20
0	8
0	12
21	5
4	0
0	1
88	0
0	52
0	49
0	16
23	185
14	93
24	0
10	37
0	14
1	29
0	8
5	6
6	6
0	18
0	23
0	11
0	11
0	20
0	27
7	131
0	122
0	108
2	56
0	83
0	110
0	115
0	59
0	79
24	33
3	38
0	67
0	2
0	10
0	48
7	15
0	19
3	47
0	7
0	22
0	22
0	24
0	25
0	15
0	3
7	7
25	11
0	13
0	5
3	5
22	61
12	74
0	56
0	56
0	55
0	55
0	61
4	7
0	10
0	2
9	0
0	0
0	11
0	19
42	46
3	10
0	36
0	38
0	41
0	41
0	11
34	18
21	36
0	4
9	0
46	7
1	7
5	0
34	35
2	18
40	11
13	1
14	3
8	11
19	83
77	6
18	4
0	79
0	2
27	19
2	13
0	11
38	83
6	20
30	36
0	36
15	32
25	2
0	0
3	5
0	5
0	36
3	104
0	85
117	104
47	37
11	18
0	18
0	112
0	110
233	13
22	104
47	74
0	0
3	74
6	56
11	26
0	14
0	12
0	12
0	18
0	14
4	25
0	26
0	31
19	8
0	15
0	24
12	14
0	3
28	3
16	26
0	137
0	137
0	23
96	48
0	48
22	19
4	9
0	7
7	106
0	106
7	54
11	48
0	38
5	41
2	7
12	6
0	15
1	12
14	31
0	31
3	0
155	8
0	5
131	1
7	1
11	1
8	1
2	3
10	0
6	208
2	208
30	22
6	13
93	19
0	72
9	73
45	11
3	10
5	5
3	4
0	57
10	56
6	0
0	1
0	6
0	56
53	34
0	28
0	8
0	13
3	14
4	10
20	4
0	90
0	90
0	4
0	4
0	0
18	1
0	30
0	13
7	22
0	90
0	0
0	0
0	0
0	101
16	13
0	13
1	11
0	13
7	13
5	13
4	11
6	13
0	20
0	0
16	18
0	6
0	16
0	25
0	31
0	13
0	9
0	24
2	24
0	27
0	18
0	20
0	25
0	46
0	41
0	7
0	5
0	5
0	25
0	25
1	13
0	15
0	15
29	14
9	9
0	14
19	9
0	43
0	43
33	8
7	0
0	1
120	57
0	26
4	2
0	12
137	774
14	9
4	9
0	3
0	14
0	15
0	18
8	23
0	14
0	3
0	6
4	6
0	13
21	3
0	5
0	8
0	5
0	14
0	11
21	14
0	6
2	8
7	11
7	1
0	1
1	1
0	7
0	1
0	8
0	7
0	11
2	9
0	9
8	256
0	73
0	87
0	69
26	58
0	26
70	0
0	16
38	169
1	0
5	79
0	94
2	0
0	59
1	0
8	68
42	0
5	47
6	60
9	13
0	6
0	16
12	3
4	7
117	0
0	60
124	0
0	60
6	23
0	23
0	23
9	10
0	16
2	7
0	10
4	44
0	77
0	77
0	20
0	50
0	50
0	23
0	23
41	0
0	580
0	174
1	25
3	25
20	0
3	0
24	22
4	50
0	217
0	13
0	9
0	9
101	475
0	15
0	8
0	10
0	14
0	32
0	35
0	32
0	21
9	7
0	2
157	5
0	0
0	5
243	0
35	16
73	16
0	18
7	18
16	6
0	28
0	28
48	24
9	2
0	10
0	10
0	85
0	111
0	97
0	0
0	206
0	97
0	92
7	0
0	47
1	8
2	3
0	8
0	8
0	9
1	3
0	0
0	0
0	22
24	99
0	176
23	99
0	135
0	38
6	11
49	47
1	90
222	78
0	2
0	5
0	27
0	12
0	44
8	47
7	47
11	6
3	0
0	47
53	0
113	0
10	60
0	19
10	13
130	22
23	22
0	1
38	31
1	10
0	71
0	39
28	0
0	9
9	33
98	19
34	22
43	39
0	15
0	22
17	8
62	0
44	26
3	17
0	78
0	72
20	78
0	12
0	1
0	2
81	62
1	17
0	19
0	15
0	6
0	6
24	10
0	6
0	8
0	5
3	0
125	7
35	68
17	51
17	23
1	6
0	11
81	0
186	51
2	51
5	12
22	17
40	8
75	0
136	0
0	107
0	73
36	0
56	58
0	20
1	49
188	145
0	108
0	23
24	51
6	44
0	44
0	18
0	68
7	68
0	24
4	12
7	26
4	14
3	14
4	179
2	78
72	15
1	0
2	5
0	174
19	87
9	87
8	43
0	37
7	40
3	22
5	11
0	87
0	30
3	3
22	30
0	9
0	30
0	16
0	17
0	16
0	10
2	11
0	28
0	8
28	27
83	29
5	26
0	14
0	26
13	55
0	55
16	38
149	38
0	133
9	295
0	91
2	53
0	39
0	40
8	9
7	5
0	5
7	5
670	592
7	26
0	4
2	18
0	14
0	37
29	23
4	8
0	5
22	12
0	12
0	4
0	5
1	0
0	10
1	6
0	4
0	4
33	2
0	4
0	45
0	4
12	46
0	7
0	43
0	18
0	10
0	6
8	50
0	39
30	50
4	12
10	21
6	14
0	26
66	55
19	8
2	161
82	235
8	15
136	18
0	13
14	160
4	58
0	82
9	60
2	82
1	0
15	30
5	9
3	21
0	3
12	3
16	0
0	19
0	19
0	9
0	10
4	0
0	0
0	0
9	1
0	0
0	15
0	15
13	16
0	6
0	7
0	9
23	117
7	32
0	8
6	8
1	0
0	0
0	6
0	0
0	117
29	108
18	29
0	14
0	14
13	0
15	13
4	1
2	19
0	1
1	26
31	26
0	3
0	1
0	3
78	187
0	138
0	42
3	0
15	585
52	15
0	132
0	132
0	51
7	16
25	7
67	0
1	13
0	13
0	355
4	79
0	56
0	58
0	36
0	42
0	46
0	0
0	17
5	51
15	59
1	36
0	25
9	15
0	59
9	20
20	32
9	25
0	17
0	23
17	0
45	24
0	85
0	85
0	50
0	3
0	9
0	50
45	199
5	22
14	24
8	21
0	12
5	9
19	57
63	2
0	395
0	13
43	12
32	13
16	2
13	2
0	22
0	18
0	18
0	15
0	15
0	19
0	25
0	25
0	23
0	15
0	15
35	0
32	52
0	52
0	47
0	0
2	37
4	6
0	0
5	23
0	22
4	16
11	0
87	5
5	51
0	51
24	0
31	6
0	11
4	32
0	32
0	37
0	6
0	7
3	0
1	0
6	1
66	5
36	17
103	17
19	12
0	0
10	104
33	48
7	15
12	3
0	7
0	4
8	0
0	104
7	94
0	1
93	30
0	10
0	81
0	70
0	52
0	14
0	34
0	4
0	48
0	22
0	4
0	27
20	57
0	44
6	2
0	25
32	0
40	29
10	224
37	23
8	41
0	4
0	41
8	14
0	19
13	37
10	5
0	0
0	4
8	28
12	191
0	191
29	923
0	72
1	6
0	66
0	4
7	3
24	63
4	514
0	134
0	3
0	3
28	16
0	12
0	10
273	201
145	207
3	4
0	6
7	6
27	6
3	0
104	30
0	12
141	44
0	40
6	4
0	15
1	3
0	4
0	4
0	1
3	8
0	8
0	8
0	3
0	0
14	0
7	326
11	9
0	9
0	9
0	0
46	5
3	7
1	2
43	0
12	0
5	0
26	10
0	4
3	2
2	4
0	4
1	4
0	0
0	0
0	0
0	12
6	302
0	68
6	77
5	3
1	66
7	8
0	32
1	2
6	2
97	35
50	0
0	14
27	25
4	106
0	22
0	28
34	87
4	36
0	8
1	5
29	40
4	38
0	10
0	76
4	21
0	15
0	8
84	2
0	68
13	10
7	3
9	7
6	7
41	0
29	58
0	40
0	15
0	19
0	1
0	7
0	28
4	15
0	35
0	35
0	35
7	29
0	6
0	7
8	6
9	24
21	24
128	0
0	24
9	8
0	8
3	0
35	0
0	4
0	8
4	4
37	121
0	121
0	43
0	43
4	8
20	56
5	11
0	49
57	30
11	2
7	10
2	11
0	71
0	45
0	43
0	33
2	44
1	14
0	2
94	0
171	59
0	47
29	46
0	61
0	61
6	33
0	28
50	3
315	154
0	106
96	164
0	53
0	79
0	103
0	103
217	108
46	108
0	0
65	105
0	35
0	5
0	10
0	7
28	90
0	3
19	4
0	6
47	122
53	50
2	10
2	10
0	20
0	5
18	101
0	82
0	101
11	0
0	0
0	0
0	0
0	0
0	2
21	3
140	58
9	81
24	35
15	81
0	21
0	19
0	16
15	2
18	16
0	0
47	27
0	7
8	8
7	19
0	6
0	18
0	12
0	1
0	1
0	1
0	1
0	1
0	1
0	11
10	0
40	6
37	6
56	33
0	31
0	126
1	392
0	83
0	24
0	24
0	24
6	162
0	178
4	177
0	170
0	136
0	24
10	21
4	5
0	106
0	97
0	103
0	22
36	40
0	32
4	32
7	4
0	4
0	0
0	4
0	4
0	2
2	2
0	11
0	9
0	42
52	51
0	33
5	7
0	7
6	8
0	21
0	20
0	29
0	22
0	29
11	20
1840	721
0	42
31	0
19	78
31	35
112	49
0	23
6	8
50	20
0	20
0	2
1	2
0	2
5	552
0	146
165	174
0	26
0	25
4	25
0	7
8	0
0	0
0	41
3	41
0	34
0	14
0	47
0	12
0	5
0	47
0	56
0	19
0	12
0	12
0	12
0	10
0	10
0	3
52	5
0	4
0	1
5	19
0	19
2	9
2	9
21	73
0	69
0	10
63	10
2	77
0	8
0	78
0	3
0	4
12	4
74	0
35	44
0	44
7	39
0	3
82	0
0	9
18	45
0	41
0	24
0	24
4	6
0	158
3	158
7	158
15	82
0	87
11	63
47	23
6	16
12	25
0	11
0	10
0	2
0	32
0	92
0	7
22	29
0	3
17	87
0	14
19	25
4	4
8	62
50	16
36	16
6	2
0	99
1	99
8	6
0	4
0	4
0	5
0	2
0	0
0	0
5	0
179	77
0	81
0	18
38	4
6	69
9	0
3	0
20	72
0	69
22	0
2	84
1	84
0	84
0	84
0	27
0	105
0	105
0	30
0	33
31	33
9	0
2	0
6	0
0	4
79	30
0	8
69	10
0	8
0	402
36	407
35	25
28	51
3	13
0	29
0	4
0	2
0	2
0	0
19	77
1	15
0	72
0	0
2	4
0	0
0	8
0	4
0	3
0	0
0	1
0	2
0	2
0	2
0	16
0	14
66	24
33	16
3	96
0	62
0	96
0	120
0	9
52	33
0	5
0	4
0	5
4	50
0	27
0	6
11	1
0	0
51	24
14	20
0	4
0	9
8	4
4	13
5	9
27	46
72	74
0	32
0	14
0	14
0	46
23	20
17	12
39	10
9	16
0	43
22	47
0	46
0	4
2	19
16	6
0	47
48	0
9	383
41	0
25	104
0	110
71	194
2	8
4	3
0	94
0	74
73	52
2	27
0	3
0	37
0	36
0	2
23	11
0	0
28	24
0	2
3	0
2	0
0	0
0	58
0	129
7	378
0	85
1	6
0	6
11	63
0	3
0	63
0	2
12	3
49	38
0	38
38	27
0	27
6	2
6	0
55	65
0	19
1	13
0	7
0	6
0	0
13	19
0	19
3	1
21	0
3	568
0	24
17	120
0	18
6	29
0	29
39	6
20	17
28	21
66	0
0	6
2	6
0	28
0	57
0	32
21	6
6	0
0	5
3	5
0	2
2	13
46	24
0	5
0	4
0	5
0	5
0	6
13	0
36	0
0	131
42	122
0	131
101	1
3	0
2	0
44	1
4	10
0	1
0	10
33	26
0	26
6	0
0	0
8	0
0	6
0	3
9	27
14	27
0	0
63	28
0	48
7	48
93	6
0	6
14	219
0	195
17	6
0	0
0	4
41	55
0	55
2	10
46	64
0	64
0	12
0	49
4	7
11	9
76	11
11	7
0	4
148	15
1	7
0	10
0	3
63	127
0	125
3	33
18	29
23	33
67	13
0	178
3	6
10	123
0	123
0	6
34	58
0	38
28	63
0	22
0	25
33	80
0	72
13	61
201	81
0	81
0	1
4	1
0	6
0	4
0	1
4	34
4	3
13	53
4	38
0	59
6	7
11	12
0	6
109	501
0	107
8	5
0	4
25	10
0	10
19	14
0	14
0	232
0	40
0	24
16	42
0	44
6	6
65	0
47	189
114	13
0	44
0	299
0	63
4	64
13	14
0	60
282	163
0	163
0	0
0	4
2	1
0	13
0	56
72	60
80	65
0	58
1	7
115	85
5	19
0	17
8	14
0	4
0	27
0	28
0	8
2	3
0	13
0	4
0	18
0	19
0	16
0	10
0	8
2	8
0	5
0	5
24	2
4	1
0	0
13	0
2	196
32	196
0	59
256	69
0	38
0	2
0	18
0	16
0	39
0	9
4	5
0	83
0	30
0	74
0	84
0	83
0	103
0	26
0	26
0	7
0	1
0	0
0	7
0	6
0	0
8	0
0	85
4	88
0	16
11	101
0	63
0	39
3	36
4	36
39	6
0	43
32	50
0	26
131	0
6	5
22	4
0	53
23	4
26	60
4	16
35	54
0	19
0	19
0	13
0	7
0	19
0	19
74	343
38	414
0	74
31	23
0	5
0	35
0	46
0	48
0	55
5	58
0	52
0	7
19	0
0	57
0	57
0	13
19	30
0	20
56	40
0	54
11	53
0	0
0	6
4	26
7	24
0	4
80	34
4	2
54	26
6	26
16	30
0	16
0	6
4	140
7	128
127	2
21	110
43	83
0	32
0	28
0	6
0	66
0	59
2	59
74	8
0	40
0	6
6	1
0	5
0	32
6	2
2	0
0	69
0	69
0	39
0	27
0	21
0	39
144	46
0	46
65	66
30	30
27	25
1	40
0	25
0	24
0	0
0	38
5	9
0	16
10	6
13	6
13	26
0	11
4	18
0	34
0	24
0	35
0	24
0	12
10	0
4	11
0	47
0	36
0	5
0	1
0	0
45	19
0	4
0	1
1	40
98	24
0	22
7	81
73	72
0	47
2	6
1	2
2	0
0	18
4	13
12	0
53	34
0	34
0	18
21	9
16	9
59	0
2	547
0	553
13	77
0	111
20	54
0	59
0	69
7	41
3	3
0	142
0	144
0	127
0	144
3	144
0	54
0	69
0	18
38	13
0	127
2	10
1	7
0	26
0	12
0	26
0	26
1	15
2	2
0	6
25	586
24	156
51	156
74	142
25	142
8	25
0	31
68	28
0	7
21	25
0	25
53	97
0	6
44	96
55	18
3	18
4	285
0	285
0	285
0	7
0	9
43	52
0	51
0	29
3	8
8	8
0	7
52	0
8	24
0	25
12	74
0	0
0	2
6	18
2	10
0	10
0	0
0	16
0	4
0	10
19	109
0	32
0	32
0	32
3	32
0	0
0	0
0	32
12	10
60	57
0	11
0	52
0	57
30	44
7	0
18	54
1	0
0	9
17	33
10	9
14	0
87	3
93	91
0	78
0	43
0	21
20	0
129	41
0	66
0	7
3	1
0	50
0	7
0	47
38	58
0	12
6	0
0	23
3	23
0	23
62	30
0	17
0	120
0	120
0	15
3	15
7	1
0	16
0	8
0	45
33	28
0	52
40	9
5	1
10	96
0	96
9	70
0	70
4	28
0	13
0	17
0	10
0	10
11	21
3	62
0	21
0	2
0	16
0	7
0	3
6	2
0	7
0	7
80	19
42	9
0	3
0	3
0	6
0	1
0	163
0	6
0	140
21	87
1	1
4	47
3	4
18	39
2	39
0	163
0	18
33	53
0	40
1	4
0	3
0	4
0	2
2	4
0	3
2	2
0	30
0	10
0	30
0	5
0	2
118	42
18	42
0	30
0	11
23	19
45	27
0	9
0	5
0	102
0	95
0	15
0	20
0	12
3	0
0	11
0	0
14	1
0	1
0	11
0	3
6	32
7	16
0	0
0	32
41	125
0	295
1	40
0	28
17	31
0	5
0	3
0	121
0	123
0	157
0	105
0	0
0	9
0	2
0	2
27	18
87	328
5	128
198	33
0	12
1	1
13	0
1	5
30	39
0	1
0	0
0	15
22	15
139	145
31	67
45	0
0	147
0	435
0	150
0	149
3	7
82	7
0	136
0	137
0	63
0	53
2	63
0	53
4	17
4	17
8	16
0	8
0	8
0	10
0	12
0	10
66	0
2	130
0	130
0	137
0	137
0	137
0	43
4	12
2	12
91	108
0	16
73	157
15	82
46	5
37	107
0	33
50	5
90	0
0	0
25	0
27	105
0	72
8	31
5	485
4	0
3	74
0	78
47	68
0	20
16	93
13	88
116	13
15	23
20	15
0	30
0	70
0	5
0	0
0	0
0	0
1	0
0	0
5	39
0	70
21	24
0	15
1	1
16	35
187	3
0	1
0	31
116	319
0	136
0	47
0	29
1	21
0	6
18	70
0	157
5	40
0	156
5	3
3	3
18	192
0	24
0	11
10	2
45	2
27	15
16	15
0	9
222	190
65	13
22	21
0	19
2	110
0	12
0	102
0	21
7	2
6	11
1	2
0	19
13	68
0	3
0	2
1	5
0	3
0	0
0	44
117	42
1	8
0	36
16	0
33	30
7	21
4	0
0	89
32	89
33	45
0	45
53	10
0	1
0	2
0	2
13	68
0	62
76	23
55	4
0	0
41	0
8	20
97	15
0	13
8	4
9	8
2	8
2	18
0	1
0	4
0	18
0	9
9	73
13	7
0	10
0	138
0	110
0	12
5	19
0	55
4	45
7	28
0	4
102	4
0	55
10	48
24	16
0	9
7	8
0	411
0	65
0	53
16	7
0	0
8	4
0	4
9	4
5	2
26	10
0	10
67	22
0	22
0	34
58	190
0	27
170	7
0	7
45	35
0	16
0	8
0	4
0	203
134	42
0	0
0	42
0	10
8	0
6	76
0	78
0	86
0	6
58	9
0	2
1	2
0	4
0	65
22	76
139	126
0	10
0	4
11	0
0	127
102	120
1	111
0	52
0	54
0	45
7	15
6	58
0	36
0	36
2	4
3	5
1	30
1	24
7	10
1	11
16	15
2	15
95	139
7	13
0	5
21	0
19	0
0	0
18	19
0	19
76	94
23	46
3	14
9	0
61	0
58	39
5	49
0	22
7	38
0	21
0	21
0	28
0	28
0	29
0	28
0	29
0	28
0	29
0	29
0	28
0	28
0	28
0	29
0	28
0	28
1	1
19	24
5	0
6	0
92	18
0	39
46	126
5	0
0	35
22	4
138	117
6	0
0	104
24	0
13	35
0	35
0	11
0	11
0	65
0	67
0	63
0	60
0	57
4	0
0	38
0	42
0	41
0	55
0	37
28	37
0	18
12	17
16	3
0	13
3	20
31	20
2	1
106	124
13	108
0	16
19	0
0	14
86	94
0	3
13	24
8	15
0	80
0	23
15	23
0	0
2	0
0	0
3	0
3	376
32	78
34	78
0	96
0	24
0	6
0	10
134	404
0	405
1	163
0	221
0	20
0	0
4	8
120	1
27	1
0	49
0	5
3	7
0	7
0	5
2	0
0	3
0	2
17	60
3	55
11	6
31	37
0	15
10	89
14	15
0	28
32	42
0	32
0	40
55	8
7	3
0	30
0	30
13	10
0	4
0	5
11	58
86	0
38	14
33	14
4	1
29	37
0	6
11	11
6	4
1	3
12	6
12	0
63	0
2	0
50	61
4	57
6	1
12	0
0	4
0	4
9	48
0	28
0	33
27	51
15	48
0	29
0	10
34	0
101	33
26	3
0	43
109	111
15	6
3	42
1	0
3	1
1	13
0	8
7	5
4	70
42	27
0	5
0	22
8	0
0	7
19	42
6	40
23	46
37	31
13	0
4	2
0	29
39	0
34	5
0	5
125	26
58	18
3	2
4	1
1	1
0	1
9	14
3	52
0	52
57	156
0	151
0	19
2	22
21	96
44	62
0	74
40	72
18	19
6	0
55	3
3	3
6	23
0	19
0	23
3	0
0	85
0	85
41	102
0	9
0	9
12	14
0	8
0	6
0	18
7	18
0	5
3	4
0	3
72	4
1	4
15	4
9	0
0	0
21	182
0	182
0	191
131	68
47	28
8	28
1	12
0	2
2	9
0	6
0	8
5	7
0	0
33	4
14	0
0	4
18	42
0	42
18	2
2	2
1	1
0	13
0	7
18	61
2	16
0	16
0	61
0	28
0	24
0	11
4	14
0	1
0	11
2	10
0	25
0	11
0	12
0	7
26	1
55	17
0	17
42	53
74	110
0	18
114	114
7	24
0	18
4	6
16	275
0	35
5	0
4	0
6	0
2	1
0	266
4	48
0	10
5	4
7	0
32	90
0	0
16	0
14	44
0	2
0	73
3	9
5	2
2	1
0	14
2	0
0	1
0	0
0	1
4	1
0	14
0	73
143	18
1	16
41	52
24	33
22	28
0	57
8	4
4	21
1	5
3	8
0	12
4	12
0	8
5	12
0	8
6	8
0	18
17	6
11	20
147	140
0	54
101	54
0	18
12	13
1	23
10	23
10	45
105	88
0	4
0	0
9	7
0	107
13	25
36	32
21	12
0	10
4	3
14	3
0	60
0	188
0	188
0	188
1	141
0	36
0	31
0	83
0	83
0	83
0	83
0	83
1	77
11	2
1	42
4	11
1	3
14	4
9	3
0	81
0	81
110	144
9	67
4	38
0	38
4	2
1	16
45	20
0	9
0	19
6	70
0	70
1	21
2	36
4	3
0	3
0	39
1	36
1	0
21	16
10	16
0	16
0	16
0	16
7	16
93	33
0	33
45	12
0	12
0	13
108	12
0	5
4	4
1	2
0	0
0	13
1	3
0	3
36	89
0	13
19	12
2	16
0	7
0	5
26	59
0	56
0	21
18	6
0	7
0	52
8	58
51	14
30	129
0	141
0	130
71	37
13	28
0	2
7	12
1	39
0	15
0	27
0	17
0	95
9	89
0	2
1	2
0	0
5	89
32	0
70	0
7	8
0	7
6	7
10	0
70	34
0	23
2	23
0	23
82	111
0	168
0	19
6	11
0	56
8	79
0	79
30	57
0	79
0	79
0	79
0	79
0	79
0	79
0	9
68	10
26	78
0	29
8	49
9	26
4	23
2	8
0	0
20	0
0	17
0	5
17	12
0	25
0	25
14	15
68	20
53	12
6	4
5	5
26	39
7	32
0	7
0	39
116	16
5	9
8	23
0	25
7	25
46	7
18	5
2	2
4	0
320	35
19	4
0	35
0	4
2	323
23	3
0	34
0	26
0	19
0	3
0	4
0	13
5	0
0	1
3	0
0	1
0	10
2	46
0	46
0	43
0	43
0	53
0	46
26	53
0	39
0	35
0	46
4	40
86	92
31	68
1	8
0	0
18	17
139	5
0	2
3	35
4	35
0	35
0	8
1	0
0	6
132	24
0	24
8	12
2	29
0	38
5	40
0	29
12	32
0	7
4	5
0	12
0	14
0	7
14	17
0	14
5	1
21	1
2	4
0	4
0	104
0	107
35	176
14	76
50	89
0	65
123	0
22	41
0	38
0	41
50	20
0	11
39	22
0	14
28	9
0	16
3	35
0	35
7	9
3	7
0	6
0	0
10	2
0	6
13	27
0	19
0	19
0	6
0	6
12	10
0	0
1	2
0	2
9	2
18	25
9	19
0	14
0	3
0	13
0	7
7	0
0	1
6	1
0	0
0	17
55	2
31	7
52	91
9	88
20	22
4	67
19	67
6	4
10	59
1	5
0	3
0	0
3	0
3	0
7	0
4	11
0	9
3	46
10	20
1	20
111	253
94	83
8	73
0	8
40	61
58	81
33	89
0	77
13	33
0	42
0	63
10	7
27	30
31	30
0	7
0	7
92	0
8	14
0	22
0	3
0	2
95	32
48	85
0	8
0	79
23	17
0	17
0	3
0	0
0	1
0	26
0	48
0	23
0	40
13	14
0	10
0	538
0	538
0	538
0	513
7	538
8	39
0	17
23	25
16	25
8	37
3	11
102	0
4	11
113	35
0	35
1	13
0	32
11	28
13	15
0	12
2	25
0	9
0	19
0	92
0	92
0	92
0	92
0	46
5	22
0	24
0	28
33	45
2	8
0	3
0	73
48	43
0	52
0	25
0	4
2	4
17	1
0	11
59	114
10	75
52	63
0	58
0	62
0	32
4	27
93	22
5	8
35	48
0	28
0	28
0	9
14	7
0	5
1	42
0	19
50	40
0	28
6	3
35	89
8	0
21	64
1	19
2	8
0	2
6	0
15	52
0	45
0	26
0	27
0	27
5	27
6	11
2	4
0	4
0	10
0	18
0	15
0	0
8	14
0	7
0	28
3	51
3	62
11	62
0	0
0	0
6	28
27	0
18	61
0	61
0	22
2	10
42	4
19	598
5	18
0	11
8	12
4	18
2	6
28	100
1	354
161	87
0	76
3	39
10	5
0	6
1	58
0	58
7	357
2	677
0	6
0	339
0	45
0	476
0	456
9	2
0	76
0	447
0	448
7	411
8	6
0	50
0	22
2	22
42	69
37	56
0	3
17	39
9	51
14	17
2	30
0	20
0	23
0	23
1	15
31	2
0	57
0	54
69	38
0	17
15	0
0	18
0	18
0	8
0	7
0	5
0	18
20	86
14	86
0	53
107	88
9	18
0	16
0	9
0	40
4	27
0	37
11	9
4	12
8	5
0	1
0	44
1	52
0	15
6	15
0	15
23	0
3	0
9	0
104	89
0	11
9	32
0	31
31	20
15	0
3	2
10	0
0	34
0	34
26	80
0	72
0	14
4	0
0	8
14	4
55	4
4	5
0	5
0	5
0	5
7	11
0	5
3	2
0	10
55	40
0	11
8	16
11	13
145	51
1	16
50	36
118	88
24	60
0	67
193	60
0	21
0	27
19	28
0	35
0	21
0	21
0	26
0	21
0	7
0	11
20	71
0	3
3	4
1	13
3	13
0	8
0	2
0	0
18	0
7	9
0	4
0	43
25	66
1	19
0	0
7	8
0	8
5	14
94	75
15	75
7	12
0	11
0	12
9	2
16	12
6	0
0	4
4	108
0	108
3	76
36	125
0	38
0	118
0	416
128	348
72	27
103	8
0	6
0	0
4	0
6	19
4	18
0	12
3	6
0	22
0	22
4	18
33	186
0	201
0	67
29	41
10	0
95	49
6	21
8	23
0	28
0	33
4	12
2	12
40	44
0	17
0	39
57	40
19	35
0	2
0	2
0	15
0	4
0	0
0	16
0	9
0	1
0	0
0	34
0	207
0	315
0	10
4	7
9	3
0	5
3	8
15	88
2	81
0	16
0	309
0	24
0	24
52	14
122	21
0	21
0	2
8	59
0	43
40	44
0	44
0	39
0	40
21	38
48	29
0	40
0	12
0	5
31	1
32	56
0	46
0	56
2	21
3	0
9	117
0	110
4	131
45	155
0	69
0	109
83	94
0	7
27	30
0	20
50	73
0	6
0	15
27	5
0	8
64	23
0	8
2	16
13	18
52	71
0	71
0	52
0	19
29	3
0	3
0	63
0	51
5	2
6	49
25	0
0	49
0	32
0	2
0	14
0	2
0	5
1	0
60	177
0	0
111	0
0	408
17	12
30	10
2	71
3	71
0	71
0	63
3	2
0	18
2	7
0	27
3	2
0	0
7	13
2	22
0	5
73	63
0	44
18	12
0	29
0	22
19	6
0	0
1	1
0	184
0	185
0	185
242	15
11	5
0	9
6	1
4	33
0	33
1	6
0	6
3	0
0	28
1	51
0	34
0	34
0	34
0	34
0	55
0	46
17	52
0	6
14	7
7	75
7	41
0	41
27	20
0	31
11	0
6	47
2	42
10	47
0	0
4	0
0	5
0	0
26	51
0	52
0	52
15	0
16	20
0	2
0	4
68	34
0	25
10	34
1	2
0	0
0	0
2	76
0	68
0	13
0	6
14	22
0	9
8	9
13	12
0	12
4	36
0	36
21	4
0	21
10	21
0	4
0	3
0	17
0	17
82	122
0	19
0	29
0	12
0	25
0	13
0	10
0	4
0	4
0	2
0	12
0	2
2	1
35	31
20	9
8	6
0	150
0	61
0	61
9	12
13	21
0	54
33	36
1	1
5	3
7	36
0	126
0	119
0	68
33	68
0	61
3	61
9	4
1	2
0	22
0	16
2	11
0	11
26	29
5	29
2	29
0	32
18	30
17	8
0	33
118	283
2	52
71	28
0	24
0	905
0	906
0	905
20	906
0	6
2	40
3	53
0	18
3	5
3	14
19	22
0	37
0	12
0	4
10	29
0	37
0	36
2	35
0	12
241	0
0	222
0	220
0	28
26	208
0	16
16	206
0	14
0	14
4	10
72	126
0	126
0	5
1	22
4	80
10	54
27	41
15	80
9	62
0	17
0	8
58	45
19	112
15	109
36	37
0	37
15	114
0	112
24	9
0	9
0	28
0	5
0	112
0	4
0	5
0	1
0	1
29	1
0	1
0	1
1	0
6	4
2	1
0	21
0	13
0	42
0	12
16	0
11	7
3	7
0	31
2	31
6	37
0	7
5	37
6	32
0	9
0	37
7	7
9	24
7	8
0	51
0	54
42	56
0	51
0	23
19	3
19	1
0	4
4	11
16	11
0	11
24	0
48	22
1	24
0	13
53	22
0	22
0	6
0	0
0	5
0	0
8	1
95	16
0	15
70	85
1	16
0	9
0	37
59	79
0	0
1	0
0	34
0	17
0	9
0	4
0	10
0	10
0	16
21	22
0	4
0	10
0	5
10	0
13	9
27	54
0	54
12	0
35	11
0	11
3	11
9	6
0	68
0	70
0	49
0	46
16	72
55	72
0	0
7	8
9	68
3	5
19	68
17	62
5	1
25	61
0	4
23	1
0	136
0	108
26	15
3	9
0	14
4	8
5	64
0	79
0	19
17	27
63	52
0	6
2	1
23	15
0	20
0	10
11	8
0	0
14	26
1	26
112	140
0	140
101	0
21	59
0	176
0	177
12	20
9	89
0	9
0	9
0	19
22	19
0	19
0	10
12	0
10	5
0	5
2	1
3	1
0	0
0	2
0	2
1	2
0	2
0	2
217	0
9	0
0	51
0	52
0	54
0	14
103	5
40	0
16	0
41	0
0	81
0	45
0	7
0	6
0	6
0	6
0	11
3	76
0	4
0	6
208	81
56	16
4	7
11	9
0	120
0	120
5	13
0	0
11	11
0	7
0	7
1	5
0	0
8	0
3	3
0	0
0	0
0	127
0	72
7	113
0	127
5	0
7	44
3	97
0	97
24	113
0	99
0	45
17	1
0	25
0	21
0	1
0	5
61	0
46	27
7	27
13	92
33	72
11	92
42	68
27	92
0	117
0	16
0	16
0	6
6	6
2	3
0	3
0	3
80	31
2	33
2	24
10	11
84	12
0	4
10	73
12	10
0	70
4	41
0	36
10	38
18	30
1	24
270	105
0	59
0	57
0	57
0	57
0	0
3	5
0	3
13	17
0	16
15	0
0	89
0	89
0	89
0	4
2	8
2	8
43	61
52	162
17	139
7	36
0	35
22	35
17	22
12	40
0	40
3	86
0	23
0	63
0	6
69	1191
0	22
1	49
9	49
0	16
0	39
0	35
3	4
15	11
0	1
7	64
6	83
0	30
0	2
0	13
0	13
0	2
23	41
43	99
0	144
11	131
0	157
1	6
34	13
0	13
11	11
7	4
4	15
0	0
0	15
0	12
0	17
0	13
0	9
11	9
0	28
56	62
0	44
0	5
0	14
0	3
21	4
12	8
23	5
8	2
0	5
27	120
28	49
0	11
17	1452
0	984
0	28
8	58
2	61
0	52
0	50
0	24
0	57
0	14
8	34
0	18
4	18
0	14
67	83
0	39
0	81
8	37
0	16
0	5
0	6
0	26
0	47
4	49
4	28
15	28
0	20
14	0
12	13
0	10
0	157
0	157
0	136
23	18
0	18
30	28
0	13
3	4
17	11
0	11
17	19
6	57
0	57
31	0
6	23
36	0
0	29
0	6
0	29
0	4
0	4
5	0
0	33
0	23
3	51
3	17
9	8
18	47
0	9
2	13
0	17
0	46
85	42
0	42
133	0
72	142
0	43
19	55
0	17
109	0
3	0
25	15
55	15
102	0
0	677
0	16
28	26
0	26
15	25
72	44
0	41
63	57
0	31
7	9
69	0
0	48
0	48
3	37
0	7
0	3
0	2
6	3
2	1
0	6
0	1
0	1
76	20
31	11
6	6
13	0
0	72
0	77
10	2
63	2
0	48
1	48
0	25
135	175
65	58
1	7
7	23
6	0
1	1
17	33
0	131
0	131
7	24
0	2
9	24
118	12
77	98
0	175
39	97
0	97
10	31
0	31
0	31
0	31
0	31
0	31
0	31
0	9
0	2
0	0
0	0
0	7
14	30
10	30
0	20
0	5
0	15
68	15
43	78
0	23
121	85
0	78
30	0
322	12
11	0
0	44
0	44
7	35
0	24
0	41
19	41
0	39
8	23
0	38
0	9
0	7
0	0
5	0
0	2
2	2
16	45
6	7
11	28
0	28
0	22
0	2
104	15
0	5
9	10
0	0
2	10
0	0
0	3
0	0
2	0
36	119
35	281
12	65
13	0
0	51
11	40
69	47
149	19
1	13
0	4
0	6
0	150
0	84
0	46
0	40
0	18
0	18
0	16
0	23
0	23
0	23
29	18
5	7
0	13
86	14
0	0
7	6
0	3
65	38
48	38
0	3
46	8
0	8
0	1
60	0
11	0
0	174
0	172
0	150
3	27
0	27
32	0
0	134
0	87
0	88
0	41
4	41
4	47
0	6
1	0
15	1
0	133
14	0
16	3
43	3
0	3
0	4
0	4
0	80
5	76
16	51
0	1
0	0
0	1
13	55
7	3
13	0
0	0
34	95
20	103
2	88
0	19
78	104
1	18
0	9
0	86
134	0
235	172
0	124
11	51
66	128
0	51
49	24
52	36
4	9
0	20
18	30
149	23
4	14
0	23
15	17
45	12
0	80
1	83
0	21
0	7
3	12
0	3
19	0
25	40
3	40
66	0
0	0
108	59
1	59
9	2
7	2
45	2
0	2
0	2
0	0
0	0
0	0
6	37
8	36
10	0
110	0
0	61
0	137
0	98
7	98
7	93
0	24
0	17
41	12
73	0
0	5
54	6
47	22
0	7
50	11
0	12
55	44
37	1
0	0
16	9
0	17
0	17
4	17
0	10
0	7
34	13
0	8
0	8
0	8
0	8
1	2
0	87
0	92
0	84
0	56
0	39
0	47
0	39
2	47
0	47
0	47
0	47
0	47
0	45
0	2
4	1
0	0
50	124
0	103
0	116
0	124
0	166
0	108
0	96
0	59
0	88
0	0
9	1
8	11
0	15
0	10
24	0
10	53
0	3
0	2
17	52
8	1
0	9
4	90
41	32
1	16
0	26
0	197
11	3
0	197
0	5
2	13
10	4
0	15
28	130
0	58
105	0
38	190
0	190
4	3
0	3
0	3
0	0
0	3
45	7
22	108
0	110
0	103
2	11
0	11
0	20
0	103
0	103
0	0
1	12
0	84
0	6
0	3
0	0
0	0
14	0
10	0
40	0
1	14
5	2
200	549
8	0
0	109
36	82
17	38
0	16
0	43
30	14
2	61
0	35
0	30
0	31
0	38
25	26
0	37
0	2
0	2
67	40
103	17
6	4
50	20
28	17
6	3
0	3
6	19
8	50
0	136
104	136
17	0
1	19
0	3
0	19
6	6
0	7
0	12
0	6
1	19
0	18
0	3
0	3
8	29
0	7
11	117
0	6
2	6
0	149
51	0
138	0
21	32
23	21
0	27
0	13
0	13
1	19
42	21
88	26
0	20
0	16
8	12
3	12
0	6
82	51
0	51
80	13
4	110
0	110
0	75
0	85
2	21
6	1
2	1
0	1
2	0
14	0
5	38
16	48
0	22
1	21
0	21
3	18
0	16
98	2
11	0
0	93
21	33
30	24
0	107
0	0
0	0
0	48
10	48
0	34
0	0
0	0
37	7
79	41
0	23
0	10
11	10
60	15
0	15
0	40
164	40
0	48
0	1
0	0
0	11
0	20
0	0
0	11
0	9
0	9
0	41
0	48
0	40
0	40
59	0
0	185
0	125
20	129
0	105
0	13
0	16
0	13
0	11
0	3
4	3
0	3
27	35
24	39
2	3
0	0
7	0
0	19
9	18
0	6
0	55
0	55
0	42
0	42
0	32
1	17
9	9
0	9
0	15
0	31
6	27
0	7
0	18
0	29
0	13
33	19
1	19
12	22
1	4
154	91
0	160
0	185
21	29
0	29
0	10
0	140
0	140
233	62
60	81
0	21
55	19
0	2
0	12
0	30
12	30
12	10
0	34
0	34
0	23
28	22
0	26
0	22
0	29
0	4
0	6
0	6
17	167
10	4
0	5
27	128
0	105
0	21
0	44
38	127
82	125
16	12
0	5
1	4
0	4
0	3
1	6
18	6
71	6
83	9
0	2
0	8
19	8
18	0
73	5
7	0
0	0
60	40
0	25
0	26
11	222
0	222
0	78
89	106
0	17
27	74
67	44
6	18
0	17
2	0
6	0
0	12
7	150
0	3
0	12
0	41
0	3
6	39
0	8
0	3
9	0
0	35
60	153
4	4
0	16
4	7
4	10
16	62
0	59
28	14
12	54
0	8
6	15
0	9
5	47
59	96
0	4
0	9
0	9
0	31
39	42
64	53
2	30
52	45
46	24
9	187
15	21
0	2
10	239
0	8
48	64
43	0
29	5
0	0
0	7
2	35
0	0
1	0
13	21
0	0
110	142
39	142
3	67
307	232
5	6
0	6
28	6
60	12
50	12
0	3
7	3
0	8
0	2
0	2
63	11
0	90
0	45
0	14
0	16
0	6
11	10
0	6
215	6
4	10
0	12
0	5
0	7
7	5
0	32
6	39
8	36
0	28
0	28
161	74
0	187
0	183
0	183
0	40
0	3
0	7
0	7
0	7
0	3
0	7
0	3
0	7
0	3
0	3
0	7
0	7
49	0
2	31
0	6
18	16
20	14
6	14
0	193
0	197
61	35
7	35
0	35
135	0
15	0
4	51
2	42
5	4
0	9
0	12
1	14
3	11
1	20
9	20
5	6
8	38
0	38
17	7
0	14
33	0
9	0
0	157
3	53
0	157
19	33
4	19
0	20
10	19
0	12
10	12
0	12
0	12
0	13
0	0
21	41
0	48
0	2
6	3
0	5
0	3
4	51
0	51
3	3
0	22
0	20
0	14
2	14
0	20
49	30
0	9
0	3
0	9
0	13
34	208
48	218
23	29
0	0
14	0
12	83
12	25
0	3
11	71
0	58
0	3
0	45
0	45
0	71
0	71
0	1
1	1
0	62
4	27
9	3
4	4
0	0
0	15
0	71
0	71
3	0
21	11
42	25
4	15
0	26
4	6
7	39
46	31
0	3
12	14
156	32
3	26
18	349
16	135
0	9
0	5
0	4
0	135
8	0
2	0
6	113
31	32
2	32
1	0
0	3
2	18
0	173
14	94
0	131
0	0
0	0
0	20
6	76
0	42
0	79
0	40
0	41
14	0
8	12
0	6
2	6
0	0
0	2
0	12
34	0
60	48
0	10
2	6
43	6
414	79
1	0
17	18
0	18
0	8
0	5
0	3
0	3
24	7
2	7
0	166
21	166
14	69
0	0
18	36
0	34
2	14
7	0
57	0
6	0
34	46
9	3
2	3
0	2
0	3
0	3
0	4
0	8
0	0
5	5
0	3
7	0
0	45
35	1
0	32
0	45
0	48
0	3
7	6
0	6
0	6
5	0
3	261
0	265
8	42
0	48
0	4
0	247
13	0
320	361
2	0
1	108
4	102
0	104
0	92
0	98
0	9
0	28
5	15
5	0
0	75
0	75
5	8
0	75
0	75
0	75
0	75
0	75
84	0
112	0
0	0
4	0
1	123
4	4
0	37
0	50
51	47
0	46
9	46
10	0
0	33
1	33
0	5
0	45
0	47
0	29
0	24
16	17
0	10
0	0
0	0
0	1
0	1
0	1
8	8
28	27
2	6
0	3
0	9
0	9
0	31
0	25
0	80
47	58
1	56
0	56
0	29
0	26
5	9
26	21
0	2
330	33
12	40
0	36
0	23
62	87
117	78
0	87
0	46
0	4
10	107
0	107
0	107
0	107
0	106
0	103
0	103
0	103
0	103
0	103
0	103
0	16
22	24
0	5
4	0
0	99
0	88
1	88
0	16
4	9
0	27
0	26
0	31
0	0
7	66
0	213
0	213
0	5
13	29
0	7
2	25
0	27
0	22
0	41
226	55
0	63
158	0
64	130
0	130
0	12
0	43
0	27
0	33
0	45
0	1
0	0
0	0
4	46
0	60
0	24
8	14
0	18
11	24
0	19
0	5
0	41
60	33
13	0
8	9
6	14
0	25
0	46
0	0
27	77
0	0
0	0
0	11
58	102
0	90
0	39
0	14
0	17
0	7
25	8
8	5
25	6
249	17
66	8
9	210
0	208
1	206
0	36
0	38
0	116
0	116
0	0
0	78
8	12
0	42
31	0
60	53
2	52
0	42
19	0
33	41
0	14
21	39
0	9
2	3
0	2
9	90
0	90
6	21
0	4
4	13
0	4
0	6
8	9
0	5
15	5
0	11
212	25
1	1
0	2
0	1
0	0
0	0
2	6
0	14
0	12
2	3
0	8
23	65
5	8
0	43
49	78
24	18
2	0
46	0
21	157
11	0
23	23
40	37
0	12
0	2
0	0
18	28
53	77
18	77
170	65
0	52
0	65
0	51
0	45
59	42
14	39
63	4
0	48
0	48
63	259
181	47
8	6
0	2
0	36
8	7
0	9
2	8
3	1
27	30
10	39
0	9
39	20
9	260
110	12
10	0
27	4
28	111
26	117
5	18
12	5
4	0
12	3
0	5
0	8
9	8
0	8
42	45
0	16
0	12
6	1
38	10
0	10
0	8
96	4
10	28
0	12
0	0
0	66
126	66
0	45
0	0
0	28
0	66
0	55
0	55
0	66
0	39
0	46
0	0
31	7
0	11
0	7
71	61
0	23
23	48
0	17
1	27
7	16
0	9
0	2
0	10
9	0
0	6
0	8
8	0
0	1
0	8
0	8
0	9
9	16
0	6
3	8
0	4
6	10
12	43
0	43
10	5
0	99
0	69
0	41
0	47
13	22
6	18
0	7
2	1
38	12
20	10
7	6
0	6
5	6
0	100
19	0
36	19
2	19
9	19
0	122
16	6
0	19
0	30
0	30
0	30
0	19
19	30
4	30
0	89
0	89
0	20
0	17
0	14
0	90
0	89
4	74
0	74
9	0
0	0
13	32
0	32
19	5
56	26
0	25
186	158
0	87
0	71
10	42
0	11
11	45
0	20
296	0
35	0
83	71
0	71
107	112
0	67
42	67
0	9
8	4
226	165
0	17
16	16
0	8
90	56
0	44
0	45
0	45
6	0
14	159
0	59
0	5
31	115
7	32
0	57
0	8
0	27
0	2
0	0
0	1
1	90
75	184
2	2
0	4
6	4
0	184
0	182
35	3
0	96
0	99
0	22
0	12
2	11
0	9
10	2
100	66
0	60
0	63
74	22
0	14
2	8
0	92
2	2
0	96
8	19
41	31
15	27
69	60
53	45
8	23
159	65
0	378
15	13
0	12
0	6
7	0
0	0
0	25
3	5
67	38
0	25
79	0
0	1
24	25
0	16
58	17
30	0
36	20
2	28
25	28
3	19
0	0
5	51
0	18
4	1
19	49
49	49
0	16
5	8
0	3
20	19
0	87
0	87
0	31
0	31
20	1
1	1
0	6
39	411
0	22
0	1
27	0
53	133
0	95
0	46
5	98
0	44
19	106
0	3
1	64
3	0
9	31
0	13
1	6
33	18
25	4
2	59
85	9
0	2
109	102
133	208
0	3
0	103
0	14
82	155
0	12
0	1
4	3
0	0
11	5
150	50
4	32
53	58
0	10
0	22
7	11
0	4
0	11
0	11
9	5
0	157
0	204
5	132
0	24
0	186
0	9
4	71
32	37
6	13
0	11
22	20
72	74
0	54
0	0
0	9
0	51
0	0
586	37
0	12
0	15
4	2
11	2
2	14
1	25
0	13
0	19
2	19
78	57
0	38
16	55
0	6
0	6
0	30
10	10
0	53
0	3
0	50
25	8
0	3
9	0
0	5
51	5
0	5
89	0
0	0
0	16
0	14
9	3
272	386
3	59
0	54
0	30
18	41
7	17
5	24
1	15
32	13
0	1
0	12
15	0
13	101
40	11
6	30
57	65
15	65
7	20
0	17
0	17
85	31
0	15
9	15
0	17
0	15
0	7
0	16
71	17
0	17
0	34
150	56
0	17
0	12
0	34
0	34
8	108
0	84
0	61
0	61
0	64
1	12
17	54
32	3
26	25
14	88
3	19
74	1
5	1
13	0
4	0
2	44
9	44
0	44
5	6
10	288
28	20
70	6
7	12
3	8
25	7
0	4
70	4
0	43
0	43
52	26
5	18
4	8
0	172
0	411
0	15
6	0
0	15
1	15
10	46
60	111
0	38
33	107
0	82
4	40
146	40
1	3
2	12
0	421
24	292
0	256
130	26
29	18
0	4
0	13
24	8
0	4
2	1
0	47
0	47
0	9
0	10
2	452
0	130
20	34
30	48
29	48
0	75
24	72
5	2
0	26
17	52
88	84
0	58
5	7
2	42
33	42
0	62
3	62
0	3
5	20
9	9
0	3
16	89
3	23
37	32
37	1
2	25
0	64
13	27
8	3
37	6
0	22
0	55
2	6
26	44
6	6
6	1
0	36
30	25
4	25
0	17
36	40
16	9
4	49
4	31
10	0
75	12
0	7
1	3
7	5
103	3
37	15
5	6
13	5
0	14
53	56
51	89
0	52
0	73
33	73
0	3
0	49
103	170
0	69
0	40
0	31
0	30
0	17
0	13
0	5
0	9
1	92
5	476
142	125
0	33
0	0
7	0
372	202
0	10
0	49
6	49
45	16
0	16
5	14
2	19
0	27
0	16
0	18
4	11
4	14
0	16
0	63
0	54
33	131
4	136
47	2
86	199
1	106
0	28
0	37
4	17
0	18
0	142
0	435
19	70
22	20
2	9
8	34
5	48
14	33
148	18
0	7
100	73
0	61
0	43
0	47
0	42
0	44
0	54
0	44
0	43
0	44
0	49
0	43
0	47
0	47
0	55
0	55
0	44
0	43
0	44
0	47
0	43
0	12
2	8
17	6
0	6
59	1
0	1
9	0
26	14
0	55
0	45
0	51
0	45
0	48
0	59
0	43
0	44
0	59
135	2
5	2
0	17
0	19
0	0
0	17
5	19
68	2
7	2
0	63
20	25
0	63
0	1
14	0
0	19
9	19
0	67
1	492
0	397
52	50
30	50
0	151
0	8
0	0
0	0
0	3
0	151
15	17
0	1
4	1
3	38
41	38
1	39
0	158
0	21
25	16
7	39
12	154
7	4
0	11
0	11
20	71
0	96
0	56
19	5
5	2
6	1
0	1
0	51
38	69
5	69
0	51
12	71
5	5
0	5
34	0
1	71
23	0
6	28
0	19
0	19
14	1
0	16
0	16
0	17
3	2
0	0
6	0
0	3
151	26
0	19
39	0
37	0
0	73
45	225
162	48
4	0
7	9
0	3
0	0
0	4
0	0
49	38
0	66
3	75
25	118
6	64
0	69
0	18
0	42
12	25
0	129
55	129
0	8
1	0
0	19
0	22
0	22
5	10
5	3
88	0
9	492
0	137
0	50
12	50
33	246
23	2
29	2
15	78
0	26
0	78
2	0
0	2
14	0
0	2
3	2
110	15
5	5
0	29
0	29
0	29
7	0
8	7
20	0
12	181
0	174
1	20
0	156
0	17
13	155
0	14
3	12
0	12
0	116
0	25
2	72
2	126
0	12
0	9
0	10
0	10
0	13
0	9
0	159
0	12
0	9
0	9
0	93
20	26
11	4
0	151
0	232
0	215
0	176
87	54
4	23
85	82
109	15
4	72
0	8
8	24
1	9
0	18
65	192
29	0
0	86
8	86
0	8
0	77
59	146
0	134
0	117
3	24
8	318
0	38
0	39
10	21
12	21
0	27
5	9
0	6
2	106
7	46
0	10
24	18
41	17
0	3
9	3
6	487
0	63
12	74
0	44
60	73
0	54
0	37
66	34
0	4
35	43
9	6
40	0
5	32
521	766
3	30
0	6
2	40
0	33
0	6
0	4
0	11
9	19
0	4
1	4
0	4
0	4
5	0
0	24
0	0
16	269
0	5
3	0
7	13
3	0
0	32
0	67
0	17
65	54
287	49
2	36
2	23
42	38
0	13
0	3
0	10
0	52
0	48
0	35
0	14
0	65
8	42
21	199
47	33
63	48
52	26
0	41
48	64
0	0
0	0
0	0
0	2
20	2
14	3
8	88
1	88
1	26
9	41
1	31
5	3
53	0
10	12
0	2
52	0
83	196
48	81
33	46
0	67
0	66
0	1
0	5
7	0
0	12
4	8
0	3
0	0
0	0
0	8
1	7
0	0
2	0
3	0
0	4
0	36
0	36
0	36
0	0
10	4
65	34
3	2
63	51
4	6
1	0
0	5
0	0
0	1
0	0
13	1
2	0
4	18
8	21
0	26
0	13
17	111
9	11
0	11
0	11
0	11
0	11
0	11
0	11
0	11
0	13
0	13
0	13
0	16
0	111
0	111
6	5
0	3
0	3
0	9
0	18
4	9
17	143
0	115
0	83
0	66
0	64
0	64
0	49
0	51
0	7
0	5
0	4
0	10
0	6
12	90
0	0
8	7
0	81
0	83
0	83
26	64
0	12
0	348
5	10
4	32
0	348
144	0
102	2
43	8
6	0
105	45
0	42
7	33
12	3
28	9
5	6
11	18
0	18
0	0
0	0
17	10
6	13
0	32
0	32
3	8
11	8
0	3
0	8
13	2
16	8
0	20
0	4
0	7
3	13
0	20
0	17
0	13
0	7
0	13
23	0
13	17
1	0
159	222
0	91
4	4
13	0
0	0
78	2
0	7
52	21
0	21
0	16
18	0
33	53
0	53
8	225
0	66
15	12
0	12
61	7
3	13
5	0
0	6
1	6
0	2
16	0
4	52
4	4
47	27
14	20
2	27
0	27
10	78
8	20
54	19
4	10
2	5
0	0
20	0
0	2
2	0
3	0
0	118
5	22
0	22
4	16
0	27
0	18
0	18
0	18
0	0
0	18
0	2
15	15
0	16
7	0
159	62
0	33
0	25
8	3
0	19
0	15
0	17
0	4
75	6
0	12
0	0
6	7
0	56
0	69
0	0
0	0
0	3
0	147
0	137
45	4
13	0
0	1
0	3
0	17
0	3
0	42
0	0
0	41
0	41
0	0
3	2
0	5
3	0
0	36
13	199
25	45
17	70
0	33
0	16
0	5
63	42
0	12
0	12
268	188
0	119
0	34
0	49
0	44
10	33
29	33
0	3
28	6
14	74
2	71
0	14
21	318
0	30
26	40
0	26
0	15
0	13
0	19
3	19
0	11
4	4
0	0
3	0
5	10
5	85
5	13
0	59
0	8
0	17
1	13
4	0
0	5
0	43
7	4
36	15
0	6
19	10
5	54
17	54
0	11
0	4
0	31
0	24
0	27
0	6
14	147
24	69
0	69
0	35
0	22
0	12
52	5
4	5
0	5
30	5
0	5
16	8
78	31
24	13
68	0
1	1
27	48
0	48
0	58
0	58
0	0
0	4
6	0
0	7
0	7
0	7
0	0
10	0
22	1
21	6
52	86
37	262
0	192
0	263
0	46
0	33
0	52
29	60
2	18
22	38
109	71
0	71
7	71
0	44
26	45
0	45
0	76
0	14
2	4
0	3
0	10
0	7
57	16
4	1
11	1
0	27
0	34
0	34
0	26
13	1
0	4
0	1
0	9
3	10
0	19
25	1
0	7
0	1
0	1
0	2
0	15
1	1
0	16
0	1
0	0
0	14
0	0
0	14
0	11
1	32
0	15
3	35
0	13
0	7
49	7
0	7
0	8
0	6
0	11
0	6
0	1
0	30
0	6
0	49
0	115
0	51
2	35
0	26
0	127
4	39
0	67
0	126
5	12
0	12
130	79
0	1
46	127
0	6
0	55
0	4
0	75
0	1
0	3
0	0
0	5
0	76
0	40
37	5
25	5
10	39
0	15
23	24
0	38
337	37
0	2
0	3
0	37
0	9
4	9
94	14
7	0
0	1
5	15
0	1
0	14
0	12
0	12
38	3
0	3
69	7
3	0
0	0
0	7
13	78
61	185
0	44
18	119
0	19
0	6
30	11
0	44
0	108
0	33
0	40
0	21
0	11
1	4
0	10
0	7
105	30
3	27
2	0
36	41
0	215
6	217
18	71
48	164
0	53
58	57
0	15
23	33
24	35
0	18
16	18
15	7
0	7
15	10
0	18
42	17
0	0
13	7
0	6
7	1
44	232
46	38
5	9
0	10
10	7
31	5
15	28
235	317
1	193
0	193
0	10
0	19
0	10
0	11
0	18
0	11
0	10
0	10
0	10
0	2
0	4
0	2
0	2
0	29
10	28
0	2
0	9
0	1
0	1
0	62
0	62
2	1
0	26
21	36
5	6
11	84
0	17
0	7
0	18
0	18
0	76
10	0
9	11
0	7
10	11
3	7
62	3
5	62
0	3
0	77
7	18
20	55
0	84
0	37
73	25
7	273
0	39
56	0
0	13
1	13
2	13
0	138
0	141
0	21
0	44
0	1
51	20
9	28
0	24
0	3
0	2
6	0
0	4
11	0
3	16
0	16
0	12
0	17
0	17
0	4
0	5
0	7
72	45
39	9
15	3
14	8
16	30
0	8
0	5
0	22
146	346
0	37
19	12
16	6
274	66
15	6
0	65
16	71
0	48
16	7
0	39
0	32
0	60
4	11
0	2
9	11
0	41
0	20
0	20
0	20
0	20
0	20
0	20
0	0
0	0
5	6
12	0
0	0
63	41
4	6
17	296
44	111
0	7
0	54
19	80
0	102
0	85
0	12
13	9
0	0
0	3
1	6
0	7
9	2
0	2
297	22
0	17
30	3
142	193
0	22
4	74
0	17
0	4
0	0
5	1
0	3
0	3
0	0
4	0
0	0
16	65
73	22
47	0
31	129
48	5
0	125
0	3
0	0
0	10
0	43
47	18
0	18
105	83
0	11
4	54
2	16
0	17
15	100
0	57
28	20
0	42
0	43
18	43
0	10
1	4
0	30
0	45
0	31
0	51
0	44
16	46
0	19
0	3
1	5
7	8
7	9
0	8
5	0
0	14
0	4
0	14
0	10
13	29
0	29
29	464
0	50
0	57
0	85
0	41
1	55
64	98
0	157
0	119
0	27
2	11
0	11
4	10
0	0
0	3
0	0
0	328
0	70
0	43
2	43
0	43
0	4
0	0
11	125
0	106
0	42
0	26
7	24
0	30
0	2
0	1
0	13
0	13
0	10
0	3
0	1
40	140
7	81
12	72
2	9
30	0
0	30
54	30
18	45
10	42
0	8
4	5
20	32
101	82
0	23
129	93
55	15
40	80
0	78
17	37
2	48
3	23
0	23
0	7
0	63
0	110
10	227
108	7
0	7
4	0
0	7
0	0
0	5
2	0
3	16
3	14
2	6
97	18
0	15
13	16
2	16
0	3
0	232
0	163
40	46
0	116
0	144
0	117
0	120
25	8
14	45
0	124
3	231
43	232
0	165
0	217
3	105
1	69
5	16
18	16
0	5
0	82
0	75
0	0
0	37
0	69
10	24
0	10
0	9
6	24
26	25
0	13
0	28
0	25
0	13
11	16
11	0
8	0
56	0
0	77
0	77
4	77
14	59
1	14
0	9
27	12
0	19
0	77
309	237
2	104
0	66
4	36
0	95
0	95
0	87
0	95
0	95
0	95
0	84
0	87
0	84
1	167
0	68
0	76
0	65
0	76
0	65
0	76
1	4
0	0
6	4
55	9
92	26
1	1
1	16
9	14
15	40
2	1
0	11
5	5
6	0
18	0
49	0
0	79
0	79
304	37
3	7
5	5
0	10
0	20
0	23
111	62
0	5
65	0
19	0
29	53
8	53
0	13
146	26
6	21
0	5
15	274
17	64
0	40
20	44
7	15
10	39
0	20
0	27
8	28
0	48
0	7
18	7
21	24
0	274
29	39
4	39
31	11
4	11
3	0
4	9
75	9
11	9
0	31
0	46
4	18
23	89
0	89
0	6
0	0
0	6
13	1
0	6
9	2
3	81
5	49
0	88
0	42
22	34
0	31
0	32
14	0
0	1
5	0
5	0
2	2
0	3
0	4
0	42
39	61
32	5
72	322
0	60
11	90
0	73
0	32
48	15
0	14
9	1
0	86
0	90
106	97
22	10
0	4
0	87
0	4
7	1
0	4
33	18
1	6
0	29
0	29
6	461
15	154
47	154
2	28
0	19
0	16
39	15
0	15
0	15
5	8
23	12
3	0
24	0
7	31
0	31
5	28
0	17
0	28
42	7
0	7
0	312
0	259
0	202
0	55
0	5
16	4
7	0
27	0
0	42
0	11
15	42
19	7
0	38
96	58
2	24
0	10
0	10
0	4
94	2
0	202
30	0
11	85
49	173
51	10
0	76
0	71
0	23
0	30
4	24
0	7
10	9
1	20
35	67
0	65
0	4
0	10
0	158
19	158
0	15
11	12
11	15
11	5
0	107
1	26
3	21
0	7
10	7
5	0
3	43
26	7
0	43
19	0
0	17
0	15
6	17
0	5
0	0
0	6
0	5
0	2
0	15
25	49
5	0
14	31
6	25
0	9
0	6
0	3
0	10
0	0
0	0
0	5
0	0
0	30
129	45
0	36
0	0
4	5
8	18
0	0
0	13
4	0
21	44
0	51
106	11
0	38
0	12
0	27
0	13
5	2
7	0
0	117
28	32
0	7
7	29
0	119
49	33
73	98
0	69
0	3
0	3
4	1
0	0
0	3
13	27
0	0
11	0
0	53
14	38
30	50
0	16
3	40
18	19
0	7
0	7
0	3
2	3
0	3
13	18
0	10
6	2
0	2
0	0
11	0
7	10
0	5
0	48
128	141
2	137
6	2
0	3
2	35
0	33
0	20
0	13
2	6
0	6
0	20
57	11
0	6
10	15
0	2
0	0
30	53
26	47
0	47
3	16
2	0
0	13
0	4
6	9
0	2
0	11
1	0
6	0
51	24
0	1
0	0
1	45
0	45
10	8
0	3
2	36
0	36
37	227
11	28
0	28
2	26
7	24
6	6
8	6
12	6
1	6
0	77
0	311
0	295
61	41
0	8
33	12
0	14
0	16
9	7
0	2
12	634
0	261
23	2
2	2
0	2
2	1
1	1
4	0
421	18
0	7
4	7
45	1
7	11
0	13
0	11
0	11
0	7
0	7
0	9
0	3
0	11
0	11
0	6
0	13
0	13
49	83
89	95
0	23
0	5
0	1
43	17
0	18
10	12
0	15
0	15
10	549
0	457
0	27
8	27
0	34
0	39
74	6
10	7
0	7
0	9
2	2
28	4
0	4
1	168
0	401
28	24
0	1
0	6
2	23
11	2
18	12
0	13
0	5
0	1
0	3
0	0
0	1
0	1
0	1
0	0
0	3
0	0
0	1
0	1
0	5
0	0
0	3
0	3
0	1
0	0
0	1
0	1
0	0
0	2
0	0
0	0
1	0
0	3
0	2
0	3
0	1
0	1
0	1
0	2
0	0
20	4
5	4
0	37
48	57
6	24
0	24
0	3
0	98
25	91
13	59
1	30
0	22
0	18
0	68
22	142
10	97
0	97
53	76
0	55
0	9
3	18
1	18
0	5
0	6
0	6
8	0
0	0
0	0
84	0
43	422
6	10
6	10
4	0
0	35
0	43
0	43
0	26
0	184
0	184
0	16
0	16
0	11
0	8
1	26
3	63
4	19
3	23
3	18
0	0
4	61
0	61
0	35
2	29
0	0
18	26
0	105
4	87
0	76
34	29
24	27
9	27
0	7
40	65
0	72
1	19
0	72
17	70
0	27
0	28
0	17
2	21
15	36
11	9
0	70
25	0
63	46
0	46
24	46
0	46
0	17
14	47
24	106
2	16
13	4
47	59
0	1
2	779
1	74
38	74
28	24
4	22
0	22
0	9
27	9
4	10
28	130
9	70
0	28
20	33
14	33
74	45
8	18
77	18
0	82
0	6
47	82
0	34
16	17
0	12
0	4
9	8
0	177
0	172
16	45
22	62
0	17
0	20
0	14
7	5
0	3
1	14
9	0
0	0
0	0
0	15
0	0
13	25
1	33
7	53
11	42
0	18
0	23
12	40
0	40
0	31
0	654
0	165
18	0
0	220
49	83
0	50
0	50
0	49
0	30
63	30
0	202
0	289
2	0
84	10
69	5
4	5
0	13
15	32
22	22
0	22
3	39
0	17
0	22
0	6
0	31
0	17
0	7
0	7
39	1
4	37
6	136
14	103
1	18
0	48
0	8
28	18
5	36
0	9
47	38
0	11
0	11
78	51
0	0
0	0
12	19
4	22
0	22
5	21
0	22
1	16
0	16
9	16
9	3
5	0
4	0
355	72
0	105
0	12
3	18
0	110
0	18
0	110
0	1
0	44
41	2
44	76
0	0
16	11
4	35
49	1232
6	44
2	130
8	0
16	78
7	63
0	29
0	62
0	0
0	3
0	3
0	8
0	22
7	8
15	22
6	22
18	8
1	0
4	59
22	46
0	57
0	17
0	0
0	10
8	0
0	10
0	10
88	19
0	8
0	16
77	19
15	55
0	9
0	5
19	30
43	79
29	13
9	30
0	68
23	19
0	28
23	12
6	2
0	70
0	143
10	143
0	72
5	0
15	4
0	9
0	1
10	3
34	67
27	84
27	174
0	0
0	66
0	69
0	33
0	32
0	9
0	6
22	95
12	31
6	24
0	11
5	273
67	0
10	1
0	1
0	1
59	0
0	20
59	28
56	17
0	17
0	18
1	8
13	41
0	21
0	31
0	27
120	0
7	0
0	32
7	32
9	0
0	179
0	179
5	169
0	169
75	0
7	29
0	33
27	33
0	46
0	46
7	3
0	13
15	10
0	192
0	192
0	192
100	21
8	10
126	11
0	105
0	106
0	106
0	26
7	166
1	167
2	23
24	1
0	55
48	57
14	14
0	26
0	46
5	43
0	34
1	23
0	37
0	36
0	10
27	5
0	2
5	0
0	318
0	245
0	34
0	31
0	9
1	6
2	9
3	9
9	2
2	0
5	72
49	32
0	72
0	25
0	25
0	65
0	65
20	1
4	5
0	7
0	4
4	22
3	282
0	134
72	11
6	56
0	56
0	51
4	51
0	45
5	8
0	10
0	8
37	71
0	58
0	58
0	57
0	64
0	53
0	52
0	49
21	16
7	4
0	49
0	58
2	4
18	49
6	46
0	10
0	29
0	53
133	60
23	56
0	53
0	47
17	21
0	3
15	48
27	63
0	39
0	9
0	15
1	7
0	10
0	18
4	12
92	6
0	6
7	29
81	38
4	39
0	139
253	52
15	20
0	99
0	88
1	19
0	17
0	19
17	9
3	5
15	45
1	37
0	30
0	40
0	45
50	14
2	14
0	14
0	6
12	114
0	62
0	103
0	18
0	19
0	17
92	90
143	170
134	146
0	58
0	30
5	30
0	14
0	13
17	0
0	0
0	17
425	548
0	0
15	0
7	9
5	12
33	67
0	24
0	1
0	35
7	0
16	1
13	31
0	42
1	7
10	8
0	21
19	8
1	19
0	19
49	7
0	9
39	29
0	3
40	23
0	23
5	59
0	54
25	67
0	39
3	5
0	6
1	60
13	60
0	30
0	10
138	53
12	31
26	2
89	2
5	0
0	2
16	0
250	366
22	19
0	15
0	19
2	7
0	14
0	60
0	60
4	8
5	0
5	12
44	34
5	22
2	0
31	56
3	20
0	36
0	42
3	42
0	27
7	16
0	92
7	21
24	0
38	58
27	58
8	528
0	191
53	54
0	33
2	22
4	8
0	8
115	4
7	38
0	6
0	0
22	17
10	6
0	7
0	7
0	11
95	25
0	134
51	4
0	0
1	0
0	4
2	4
0	4
0	4
0	0
0	40
8	46
57	39
0	113
0	113
86	36
0	8
0	30
0	16
0	21
0	0
0	21
3	21
0	5
9	23
9	23
20	23
19	5
116	71
0	71
0	19
0	8
0	0
7	42
47	1
2	6
15	42
21	23
1	14
10	30
3	4
96	25
78	21
0	12
0	7
0	8
14	10
52	82
40	10
5	10
0	3
9	34
0	31
8	82
28	191
23	0
0	35
4	32
0	31
0	4
0	4
12	6
0	53
3	87
0	71
3	71
104	8
0	74
4	62
103	7
0	7
17	12
0	5
0	6
0	5
0	5
16	14
0	6
0	1
85	57
5	57
0	25
0	152
0	53
0	43
0	50
34	46
0	8
2	4
0	4
5	0
0	152
0	14
6	14
0	4
0	64
0	43
0	24
0	45
0	6
0	0
4	8
4	2
0	13
0	5
0	64
0	64
0	60
32	4
0	4
12	3
52	0
0	68
0	67
2	16
0	31
16	1
0	52
59	60
0	60
0	43
0	0
0	6
5	38
2	1
0	1
16	32
0	53
17	45
3	65
0	45
0	12
0	24
0	24
0	40
0	16
175	65
0	6
2	0
0	39
1	14
0	41
0	57
11	57
0	25
0	39
2	8
0	10
0	1
0	14
7	22
0	21
0	21
0	60
0	58
10	63
20	37
13	6
0	58
4	283
44	13
0	13
11	40
3	24
0	24
0	24
4	10
22	9
0	10
11	9
0	0
0	10
13	190
0	406
8	7
0	7
0	177
38	23
27	46
32	1
0	3
1	14
0	169
0	169
104	15
0	277
0	107
0	107
0	81
3	287
0	237
0	734
7	734
0	34
0	44
115	18
4	1
3	8
2	9
17	53
0	53
0	6
10	6
2	1
33	67
14	63
0	65
0	1
50	25
10	0
134	0
0	113
0	84
134	208
0	156
0	74
7	9
20	57
15	11
0	6
0	5
0	1
9	11
0	5
6	1
0	0
9	5
19	81
0	52
0	38
23	6
4	95
17	32
0	64
6	12
2	12
8	24
17	24
80	21
0	52
29	74
0	73
5	75
0	6
5	1
0	5
3	9
12	14
0	32
0	45
0	30
0	30
0	28
7	11
0	3
21	2
0	30
30	26
0	13
94	13
0	3
0	5
45	7
1	7
0	29
15	92
12	41
0	57
0	5
1	3
0	3
1	0
2	31
16	35
0	23
0	6
2	10
312	2
10	1
8	18
5	34
0	34
6	34
0	34
32	36
0	27
0	36
0	36
0	19
5	1
3	0
53	67
3	4
0	2
0	2
0	7
0	25
0	30
49	48
0	12
0	35
0	12
0	11
0	29
0	7
17	27
0	15
0	4
7	1
3	8
0	24
10	23
0	5
72	45
6	38
0	5
0	170
0	419
0	106
15	8
2	294
54	294
2	61
5	54
4	0
4	0
1	4
21	21
0	21
11	16
15	10
10	6
39	25
88	15
33	21
2	13
0	17
0	42
0	39
0	37
3	10
0	26
34	6
11	6
36	13
0	8
0	9
0	5
8	8
17	5
11	10
0	18
13	18
0	2
0	4
11	2
0	2
4	25
18	32
1	2
3	0
54	21
0	5
0	14
4	23
0	2
0	2
2	23
0	0
6	120
0	0
0	56
0	5
0	5
0	7
0	0
49	51
0	0
6	125
0	16
0	13
1	7
0	103
0	128
0	20
0	2
0	0
57	1
0	1
18	0
53	5
1	1
0	4
7	31
0	31
7	2
26	16
18	83
12	76
0	41
27	25
4	4
39	21
0	21
2	420
0	230
26	87
46	12
0	87
104	52
10	64
0	16
0	105
0	93
22	29
5	14
0	88
5	0
5	0
32	2
2	12
0	72
77	125
0	125
11	60
2	20
28	14
6	13
0	10
0	5
4	5
7	35
8	31
2	21
113	19
0	19
0	7
6	8
4	0
0	0
0	2
0	0
0	1
0	20
3	21
0	307
0	95
0	19
0	19
0	233
0	1340
0	817
121	41
0	22
21	4
14	32
104	0
0	143
0	12
5	12
2	1
22	39
27	35
6	21
7	9
0	7
0	4
0	11
10	3
9	51
0	8
52	8
0	47
9	7
0	8
3	7
10	8
0	67
0	48
0	48
0	30
0	10
1	0
8	20
1	18
199	70
3	72
0	7
60	21
0	2
6	7
0	153
0	151
0	81
2	11
0	25
8	3
4	2
28	1
20	322
0	264
0	8
47	21
4	3
3	0
0	8
42	26
2	26
0	6
0	5
0	114
72	140
0	67
64	18
178	15
84	4
72	0
3	3
0	3
0	1
0	0
6	42
50	100
0	42
5	92
0	92
21	1
0	3
173	17
0	16
87	72
12	13
0	140
8	13
26	52
22	50
0	136
0	50
0	50
30	90
0	109
0	75
0	109
0	78
10	62
0	74
5	50
26	35
5	0
0	9
13	4
4	23
0	19
0	52
0	57
0	24
0	48
0	15
0	57
1	0
48	33
0	32
0	29
4	11
1	1
2	2
1	1
0	1
3	2
0	2
93	7
3	0
0	2
6	2
0	5
56	15
0	15
0	7
174	92
14	92
0	57
5	65
0	8
10	45
6	7
11	41
4	107
0	252
0	266
0	266
0	15
0	16
0	3
86	3
0	2
0	51
0	15
4	10
0	14
0	265
9	4
0	317
0	321
74	25
196	83
4	0
4	20
0	317
48	31
9	6
16	7
0	7
21	129
0	129
0	113
33	43
0	69
0	5
41	5
17	5
0	5
35	96
107	4
0	4
4	76
0	76
0	28
15	3
0	21
0	21
0	325
0	325
0	66
0	52
0	53
0	14
0	146
0	15
5	35
9	15
0	11
69	2
9	2
33	56
422	56
56	12
0	12
121	105
13	4
0	108
2	96
0	96
0	85
1	13
0	55
11	11
0	2
0	0
0	99
14	101
0	15
29	13
1	10
11	40
0	40
43	51
29	3
0	0
0	0
30	3
0	3
27	6
0	33
0	20
3	4
0	1
0	8
4	16
0	47
11	9
0	6
0	8
36	36
0	27
1	11
0	1
5	37
0	37
54	70
14	70
0	30
0	30
1	127
1	46
0	43
0	98
0	6
0	32
22	34
0	14
0	10
1	58
0	48
0	28
0	54
0	22
9	74
0	126
1	63
0	24
0	80
0	32
0	17
2	12
0	16
0	10
0	13
31	40
2	0
0	6
0	2
0	2
26	65
14	8
0	39
5	10
0	116
9	46
0	0
6	9
0	48
3	6
66	15
0	10
72	10
0	0
0	0
0	3
29	33
0	132
0	132
0	120
0	6
38	20
0	11
0	11
0	11
0	11
8	6
0	5
0	1
93	0
0	45
5	28
0	17
0	17
20	1
12	23
23	79
0	34
6	23
27	70
0	34
0	10
89	9
11	8
2	8
0	29
72	40
0	38
0	39
0	19
10	25
78	1
15	16
0	1
0	0
12	97
0	85
0	162
0	2
0	5
0	127
4	3
35	28
0	3
0	91
0	116
0	162
12	73
3	73
0	85
0	65
2	79
26	55
0	36
9	3
0	54
0	75
0	21
36	18
1	11
1	10
3	6
0	1
33	14
36	0
0	3
0	10
0	20
20	38
0	18
0	22
0	19
0	2
0	2
0	14
15	5
0	11
0	3
0	3
3	5
6	0
24	73
0	42
3	20
0	14
2	6
11	1
1	5
2	7
3	2
3	8
0	35
0	31
46	11
30	5
20	1
6	1
27	0
7	6
45	0
8	34
0	34
0	3
0	21
0	19
0	5
43	181
0	448
0	14
9	32
6	14
13	6
7	18
11	62
0	3
0	3
0	65
4	0
47	73
7	0
0	1
0	1
17	179
19	102
14	0
0	18
0	76
68	15
0	45
4	0
0	24
4	0
5	24
0	35
71	5
0	18
2	46
0	121
0	49
0	96
0	12
0	3
0	4
8	19
0	26
12	7
0	100
0	8
3	28
44	17
9	100
25	109
0	6
0	6
0	6
0	109
0	6
4	16
0	5
0	17
0	5
2	5
9	5
9	5
0	9
0	5
15	0
2	0
3	0
45	17
0	47
1	5
2	39
127	0
8	0
38	22
0	0
2	13
34	5
0	5
20	0
3	2
0	0
14	3
42	5
9	9
2	14
0	9
0	9
25	3
54	59
0	59
0	0
0	83
0	45
0	71
0	7
0	2
0	0
0	21
0	35
0	32
0	39
10	117
0	117
0	54
4	22
0	40
33	9
4	3
1	6
13	31
1	31
54	27
80	2
0	2
12	2
9	0
4	0
0	0
0	46
0	48
2	41
0	9
0	6
10	0
0	4
0	4
1	19
22	2
235	0
60	194
0	34
0	35
3	24
7	9
0	6
10	6
25	30
0	30
100	30
33	17
0	0
1	3
0	3
0	5
0	332
1	352
1	67
0	65
9	31
5	3
0	48
20	0
0	63
6	64
30	64
32	66
3	76
0	15
0	13
5	7
6	13
0	21
0	26
0	17
0	14
0	20
3	41
8	44
0	0
0	2
30	40
3	30
1	24
0	24
19	24
0	16
0	2
15	30
28	40
46	0
0	110
3	25
0	7
0	7
5	188
93	21
0	16
0	5
0	49
5	49
1	48
0	33
8	56
0	56
0	5
1	5
35	83
0	18
24	54
0	45
9	2
0	149
295	162
0	80
21	75
0	144
0	116
0	30
51	200
3	38
0	207
2	207
2	48
4	49
17	24
4	11
2	24
10	3
3	3
0	3
82	347
0	0
4	0
3	3
8	3
71	20
0	3
0	17
100	4
15	1
1	49
2	14
0	14
0	47
0	24
0	0
0	310
22	32
2	80
0	79
2	63
0	2
21	32
0	34
0	16
1	129
22	0
0	0
0	150
23	65
0	64
8	121
0	40
0	47
0	10
4	48
0	0
0	4
0	12
0	13
0	49
3	16
0	17
0	0
0	64
0	12
10	11
10	35
0	100
8	16
37	7
0	21
1	40
0	86
0	86
33	56
0	13
0	16
3	48
0	53
7	48
0	49
4	0
0	47
0	32
11	5
60	26
0	14
0	29
33	29
0	83
0	106
0	17
0	23
5	56
63	28
0	2
2	0
8	0
0	17
14	0
94	136
23	0
0	122
0	44
0	16
18	45
0	44
2	6
0	0
9	11
0	8
0	11
0	4
4	6
25	87
0	59
0	39
0	11
0	41
0	5
4	58
2	7
0	60
0	60
0	60
16	10
0	24
2	5
137	3
49	14
68	14
0	10
7	6
0	6
0	90
22	123
0	33
0	1
36	1
19	0
0	6
0	1
86	7
0	1106
40	1403
0	29
0	29
0	29
64	0
0	4
0	4
3	4
14	103
0	110
28	6
12	3
0	3
0	3
0	6
15	1
0	0
0	4
0	4
0	4
0	4
0	4
16	39
0	530
0	13
0	13
0	13
0	39
7	2
0	2
1	67
0	67
25	35
0	10
224	0
38	8
0	101
5	101
2	101
0	103
7	8
0	12
11	6
12	5
25	8
2	3
283	21
9	10
5	11
1	0
0	13
2	5
7	11
0	9
0	6
4	8
0	11
53	5
0	18
4	1
38	3
0	3
0	12
3	10
3	14
10	0
0	5
1	5
0	39
0	39
0	36
0	34
0	36
2	8
0	9
0	5
0	20
0	10
0	39
25	0
0	38
1	35
81	52
10	11
0	37
0	25
0	22
0	25
0	13
0	8
0	14
2	3
6	12
21	7
12	7
0	25
0	37
6	66
0	34
0	66
169	25
0	6
64	9
16	852
0	16
0	29
0	15
0	10
0	96
37	139
13	143
0	9
30	3
5	107
0	108
0	15
23	36
0	10
0	0
0	2
0	1
38	35
0	3
0	2
0	12
7	13
2	3
20	22
67	195
18	189
0	30
3	173
5899	16532
0	2607
0	168
9	13
8	13
4	7
72	7
23	16
0	16
16	11
0	0
106	18
0	8
4	16
3	10
0	10
0	5
0	0
1	0
0	257
0	164
0	256
6	0
0	387
125	461
0	291
0	295
0	299
0	346
1	4
221	1
0	58
0	33
0	72
0	64
0	64
0	32
0	11
9	0
0	18
0	0
64	78
0	21
82	70
0	78
0	31
2	8
0	8
0	18
0	13
0	3
0	89
5	24
0	24
0	29
0	29
16	82
0	12
2	82
0	9
5	31
0	504
80	484
48	99
0	99
16	52
12	23
0	3
4	3
2	5
0	5
0	3
15	11
0	6
0	5
0	36
0	7
0	9
25	32
6	1
6	0
1	8
0	36
0	153
0	153
45	62
6	29
49	0
0	302
0	184
36	0
6	0
4	39
0	115
0	114
0	77
0	11
63	22
2	11
0	10
3	9
0	14
0	18
3	14
15	10
0	101
0	119
0	117
0	103
40	43
0	43
8	43
11	6
12	14
27	13
8	14
0	7
8	1
0	2
0	1
83	0
7	6
25	14
0	9
6	0
4	0
2	5
15	15
0	15
0	15
14	15
0	7
0	9
77	57
0	13
0	13
17	8
26	23
0	23
0	30
1	30
6	21
61	9
0	9
63	151
87	74
0	46
0	70
8	60
47	13
0	1
31	48
33	29
15	29
0	7
102	0
78	119
0	20
0	19
0	19
2	3
0	20
12	21
0	40
0	40
0	45
0	16
0	45
0	4
0	7
0	36
0	21
0	50
0	51
0	29
0	72
0	118
0	118
4	17
0	6
0	0
0	41
0	48
18	51
6	13
0	17
28	20
0	20
10	29
122	24
3	495
15	44
0	44
38	4
4	4
0	4
0	0
0	0
4	0
108	15
74	15
10	310
0	134
0	20
2	20
1	16
43	25
39	22
57	6
2	121
3	6
0	121
6	0
0	0
0	4
0	4
0	0
0	0
0	6
0	0
0	40
0	43
5	5
0	3
0	3
0	37
0	2
0	16
13	11
38	7
0	7
2	6
0	6
2	0
0	0
0	0
94	11
6	8
23	9
0	9
0	3
0	7
15	60
1	0
19	61
0	60
18	132
75	11
0	105
1	11
0	118
0	17
54	12
9	0
9	438
109	119
0	124
0	117
0	107
0	117
0	99
6	92
0	3
74	24
112	70
5	14
10	14
97	59
3	70
0	12
5	70
0	8
0	67
0	8
67	10
19	37
0	64
0	103
0	95
0	10
0	25
2	17
11	2
128	14
0	12
2	98
1	64
0	96
9	21
0	5
34	22
0	98
12	14
17	64
0	64
12	46
6	9
0	22
0	29
9	8
0	12
8	9
11	7
164	38
278	13
37	28
55	14
20	0
5	54
0	4
0	54
2	3
0	22
2	4
1	1
14	23
0	0
0	0
111	19
0	19
0	15
14	3
60	2
9	28
8	28
0	7
0	6
11	0
3	1
0	0
0	1
0	1
0	17
1	6
0	14
3	11
0	9
2	6
0	3
0	6
18	3
0	3602
0	317
8	14
2	14
6	5
3	3
15	0
0	2
0	2
0	2
0	3
11	6
0	0
0	1
0	0
0	5
3	1
12	5
0	0
15	0
16	41
0	11
0	29
5	12
0	17
51	0
11	4
25	4
7	5
0	5
0	0
0	0
0	0
37	51
0	140
0	140
87	21
0	8
6	9
0	20
0	20
3	55
49	79
0	125
0	124
14	68
4	1
2	75
0	44
13	0
2	43
7	3
9	3
5	7
0	7
0	28
7	17
4	28
0	4
0	4
0	4
0	62
6	62
2	368
2	11
0	11
0	11
0	11
96	211
21	0
30	119
0	40
0	24
0	38
0	119
0	93
0	10
0	11
0	23
43	29
2	0
41	15
6	30
0	138
0	65
0	65
0	19
135	0
86	108
0	105
0	56
15	3
2	0
26	19
0	15
2	4
5	0
20	27
102	26
2	2
1	114
0	114
0	3
18	48
2	0
8	21
15	0
0	2
5	7
20	7
0	7
0	2
92	41
6	25
0	25
16	8
5	11
0	6
4	9
39	10
0	4
0	4
0	4
0	10
0	10
1	4
10	44
0	118
0	115
174	67
7	1
1	1
1	1
0	11
0	4
16	100
0	1
0	1
0	3
0	3
2	3
0	3
0	0
36	0
0	122
49	8
2	11
6	12
0	0
17	6
32	8
0	11
0	1
0	11
0	1
0	2
4	1
1	2
0	1
0	3
1	1
5	1
36	21
0	1
1	11
0	7
0	7
59	5
35	5
34	17
24	8
6	17
10	7
2	7
5	28
0	28
0	28
0	94
25	0
0	4
0	11
7	67
0	5
0	1
0	0
0	9
2	12
0	94
30	116
0	116
13	5
13	66
0	27
0	18
81	52
9	52
34	0
6	0
0	25
0	38
17	37
0	14
0	10
0	21
0	17
0	6
0	22
0	23
76	0
38	56
0	14
0	14
0	10
0	54
1	4
0	5
0	0
3	0
0	0
9	0
0	18
7	0
58	10
47	5
52	5
9	10
49	5
0	50
0	62
0	62
0	119
0	129
0	10
0	19
39	6
11	4
5	10
31	45
25	88
0	57
5	4
23	2
0	29
3	29
0	46
0	46
0	17
0	24
2	18
1	18
0	60
0	67
11	22
0	84
0	43
2	33
0	40
4	6
20	131
26	46
0	12
0	46
23	26
55	47
127	229
0	3
0	2
34	0
53	0
0	48
0	54
39	50
0	21
0	47
0	47
2	14
0	14
3	4
1	16
0	12
0	0
0	0
30	30
0	43
83	45
0	27
32	24
0	91
15	91
0	53
3	5
0	2
0	2
0	84
43	11
47	60
4	34
2	11
0	100
0	87
5	0
0	29
0	29
0	10
4	21
0	12
1	5
5	4
64	7
15	0
0	0
8	0
7	0
0	71
9	71
0	8
0	0
9	96
72	373
27	115
103	115
51	7
40	0
0	28
36	49
5	25
0	519
0	168
15	6
30	12
24	6
51	40
0	36
14	1
3	1
29	1
0	1
0	3
0	1
0	1
0	1
0	1
0	1
0	1
0	1
0	0
16	0
0	9
0	9
3	47
0	48
0	25
0	32
0	48
4	54
1	16
0	6
7	9
0	15
0	15
0	4
0	11
13	4
13	13
2	13
0	429
35	397
16	374
0	177
101	34
7	34
0	7
0	7
0	9
0	10
0	42
0	42
16	80
10	80
0	21
0	21
3	11
0	32
4	23
1	23
45	0
0	58
6	55
0	58
2	13
0	24
0	49
3	49
6	7
0	12
0	37
56	0
0	73
10	73
27	10
4	19
29	41
19	36
21	34
7	38
0	38
9	55
0	79
2	83
0	55
0	5
0	30
0	22
0	8
0	11
0	11
1	0
0	2
8	0
1	2
44	0
4	516
0	216
50	0
21	50
4	19
4	35
0	1
2	2
14	223
0	214
0	13
41	1
0	93
10	50
0	94
0	408
0	63
0	86
0	86
93	116
4	3
0	17
0	110
89	285
0	128
0	7
11	62
61	19
37	4
0	28
0	28
0	7
5	33
11	33
0	6
12	0
14	1
3	8
0	22
9	14
10	14
0	6
0	9
0	418
0	115
24	2
0	2
7	0
60	120
2	20
56	10
1	6
32	27
47	81
0	54
0	46
85	46
5	17
3	23
12	35
0	11
0	11
0	12
19	195
16	0
0	5
4	6
0	13
10	5
0	5
9	5
14	88
26	85
0	21
0	72
0	76
0	78
0	74
0	76
0	74
12	28
1	157
8	124
0	157
0	9
65	9
332	0
28	18
17	5
0	15
40	13
0	94
4	95
0	95
0	90
0	26
0	25
0	25
0	25
0	0
0	3602
0	325
28	17
9	17
21	138
1	142
0	125
10	17
71	35
0	5
82	3
1	23
0	15
9	3
0	8
0	0
0	0
0	0
0	6
0	3
0	0
0	4
0	4
108	88
0	50
0	39
0	2
2	1
7	43
0	24
18	18
0	18
0	14
2	22
0	11
0	3
0	0
58	53
1	48
0	42
0	42
0	108
0	108
9	25
6	47
2	1042
0	0
154	2
18	21
0	44
42	37
0	2
13	62
7	16
0	4
33	44
0	44
30	8
11	3
36	1
0	0
3	1
1	1
0	0
120	45
18	26
0	16
0	27
4	31
7	71
4	13
6	6
0	33
7	22
43	41
0	7
78	76
0	0
0	14
0	2
23	33
68	10
0	29
0	6
2	10
0	6
9	0
0	16
99	34
0	53
4	33
0	13
0	8
1	2
3	5
0	1
0	3
13	0
0	58
123	58
9	18
49	25
11	13
16	157
9	0
42	15
0	15
0	4
8	0
0	0
21	0
394	36
0	7
3	1
0	15
65	25
0	17
0	8
17	4
1	20
9	0
0	3
0	3
0	7
0	7
4	7
0	7
0	0
0	0
0	20
6	3
0	3
0	31
0	8
0	48
67	18
0	10
0	14
0	10
0	3
2	16
2	16
7	13
0	42
0	20
0	81
0	2
8	89
0	24
0	16
29	24
0	22
6	8
2	2
3	0
248	0
111	78
0	61
0	51
12	0
0	5
2	5
0	38
10	38
14	5
0	15
17	12
15	4
41	94
11	94
9	94
30	83
124	79
0	100
29	32
0	17
0	11
0	4
27	4
0	2
10	0
25	146
0	10
0	10
15	7
0	5
12	0
0	0
0	0
30	10
60	115
77	0
109	86
41	86
102	29
96	31
41	67
62	117
25	43
0	18
0	9
0	18
41	33
0	9
1	234
0	234
0	12
0	126
0	126
0	14
0	8
0	3
0	3
0	131
150	91
0	4
13	4
0	5
0	6
15	3
15	17
44	51
23	0
0	6
1	5
0	11
6	4
72	47
11	73
0	21
25	113
9	113
18	7
0	6
23	12
3	13
7	19
23	0
102	8
0	2
7	8
0	21
0	20
5	6
13	1
0	20
25	17
0	17
2	3
0	3
0	43
0	193
0	335
6	0
10	2
0	57
0	0
109	168
92	8
0	4
1	5
21	1
284	0
0	101
121	65
0	41
0	28
29	0
1	113
0	37
2	32
0	11
0	3
0	2
0	22
0	3
2	0
25	23
8	163
0	71
10	60
0	63
0	69
0	1
1	1
0	0
0	0
0	139
0	135
0	26
4	25
0	77
1	13
0	13
14	41
0	18
0	10
84	20
0	23
69	0
0	0
24	0
0	36
16	36
0	45
4	8
60	28
0	2
0	2
43	77
0	36
2	42
28	18
19	45
5	0
48	59
0	31
6	0
0	124
0	61
0	55
0	7
1	5
2	119
14	77
0	77
0	49
36	26
1	9
0	17
0	47
0	44
0	29
4	33
49	87
0	61
0	61
0	61
1	62
0	49
27	18
0	14
0	17
13	11
0	0
0	8
34	163
0	11
67	0
36	0
0	84
1	24
0	33
0	47
7	25
0	20
58	17
101	64
3	38
5	14
0	12
2	35
38	35
2	0
1	23
0	0
7	0
0	23
4	9
0	3
70	0
35	26
8	26
15	9
35	24
0	15
4	0
4	18
152	3
2	28
0	28
59	37
0	37
8	53
0	53
0	0
0	94
0	61
4	98
0	35
0	39
3	86
31	60
0	16
0	61
4	5
0	5
0	5
13	68
0	1
2	1
3	6
10	5
5	33
14	33
45	48
30	289
0	31
30	31
90	43
0	40
87	33
0	8
87	9
0	39
0	36
4	0
68	31
19	0
0	33
3	0
2	0
0	33
29	0
39	189
24	2
0	2
44	72
0	6
0	21
0	21
0	21
9	3
12	176
93	176
94	2
0	2
3	3
0	66
0	67
0	67
0	62
0	65
0	65
6	167
2	3
7	34
0	66
0	32
0	33
0	41
0	39
24	9
31	32
26	0
0	23
0	9
2	3
0	34
0	34
0	15
0	12
2	4
42	0
140	20
0	20
1	62
0	62
0	4
0	11
0	35
0	7
0	21
3	25
0	25
79	25
0	7
7	20
4	20
0	20
55	107
9	18
0	13
0	14
95	55
7	55
59	9
0	0
6	0
9	0
66	7
0	65
0	1
0	42
0	33
0	60
0	2
0	1
0	38
0	22
3	32
1	32
0	2
0	16
0	0
2	0
0	4
1	25
1	0
20	19
0	0
7	0
7	18
0	13
5	43
0	18
3	14
0	10
0	6
1	39
0	46
4	46
17	0
0	221
0	29
0	29
0	4
0	0
0	5
2	5
8	0
0	0
0	24
50	45
0	18
22	11
17	66
1	13
0	13
0	9
0	8
0	5
0	1
0	1
16	30
8	30
0	30
0	6
0	5
5	39
0	70
0	48
20	23
0	17
13	565
14	0
2	156
35	156
0	16
0	2
24	7
0	3
3	7
0	4
0	10
33	8
52	38
0	22
0	21
4	2
0	10
38	12
35	12
0	7
0	0
0	0
43	48
0	1
6	16
0	1
0	11
0	1
0	8
73	97
1	35
0	5
0	16
3	0
10	20
55	20
0	16
13	35
0	35
0	3
3	0
10	105
0	105
76	38
0	57
24	20
0	106
0	44
17	16
0	131
0	131
12	13
0	134
0	134
0	133
0	50
1	13
0	13
9	0
5	31
0	12
0	30
1	2
45	135
2	143
105	12
0	2
0	126
18	26
0	26
0	8
0	123
0	82
25	1
77	6
0	5
0	0
27	33
0	41
0	37
0	8
0	60
6	16
27	30
0	91
0	23
18	4
0	3
0	3
0	1
0	0
30	31
58	136
0	131
4	145
0	103
9	123
0	52
21	16
38	24
0	12
7	15
4	0
0	2
68	15
34	58
15	29
0	57
0	25
0	48
0	28
0	4
1	6
0	10
1	0
245	58
5	28
0	22
0	22
9	5
13	0
0	36
0	49
78	16
6	28
1	30
0	30
13	0
0	45
0	8
31	0
6	0
0	8
33	4
0	20
0	0
2	0
0	1
1	1
0	1
243	14
15	14
21	55
0	36
0	3
0	5
34	12
0	7
0	3
0	7
26	11
0	4
81	0
2	31
0	31
68	76
2	69
0	25
75	105
0	11
0	5
0	1
18	45
0	15
0	25
43	17
0	12
0	0
11	32
0	33
0	33
0	4
0	1
0	2
131	40
0	221
2	221
5	221
120	281
0	69
103	63
0	63
0	46
0	3
0	26
0	69
0	69
0	1182
68	35
7	1
0	2
58	29
16	4
63	68
0	49
0	21
0	21
0	2
0	2
105	211
12	12
0	6
0	14
0	12
321	0
25	41
0	60
3	17
0	37
19	38
0	4
213	168
75	89
2	0
15	30
15	23
11	22
0	4
2	3
0	6
3	198
20	24
22	15
0	11
0	9
1	9
0	8
7	0
0	607
0	598
0	603
5	1
35	80
0	43
0	1
0	38
0	16
65	13
0	24
13	11
0	6
0	0
19	3
52	32
0	5
0	5
0	2
4	0
17	2
1	2
0	2
0	1
0	3
0	3
32	12
37	3
6	9
0	46
41	0
91	55
0	2
0	2
2	542
2	139
27	192
1	4
0	10
0	41
0	0
0	18
2	10
0	22
7	4
4	8
7	9
4	4
0	25
0	24
19	32
0	140
108	155
0	141
0	1064
0	686
7	0
3	65
1	65
53	43
26	24
0	5
0	20
163	1
4	0
5	1
80	0
48	34
30	13
0	11
8	4
34	11
8	17
0	17
0	11
25	21
0	16
0	12
0	1
6	0
0	42
0	8
0	20
0	20
0	23
0	20
0	17
0	204
4	252
0	96
0	39
79	122
0	70
0	84
0	2
0	4
14	25
0	110
0	4
0	15
11	15
0	8
0	0
1	7
0	0
7	54
0	54
63	7
80	937
2	32
0	30
0	27
0	14
11	12
2	12
0	116
133	20
0	11
13	11
0	0
0	40
0	11
0	12
0	2
0	42
5	45
16	52
0	6
0	7
5	0
0	40
10	2
0	11
0	6
0	6
0	8
12	6
0	10
17	36
0	13
0	22
0	40
10	18
0	15
35	4
0	3
1	4
0	4
0	1
0	3
38	0
66	19
0	2
0	3
10	0
6	3
0	1
33	1
0	1
13	0
0	1
0	1
140	81
0	51
0	14
0	215
3	9
0	9
45	0
78	8
34	71
0	15
0	9
9	9
13	3
0	41
0	82
0	9
0	5
0	7
2	4
0	14
322	161
22	79
13	16
0	16
0	14
0	14
0	3
27	27
0	0
0	289
0	289
14	53
0	51
18	39
27	8
0	3
11	1
0	13
0	13
0	10
17	36
74	58
8	58
0	13
44	17
65	23
14	24
15	24
78	44
20	7
0	7
10	3
5	0
0	8
69	20
5	14
26	63
0	53
0	21
0	83
0	23
0	2
1	3
37	39
0	18
0	5
6	28
6	17
0	17
0	2
45	15
0	15
0	13
0	12
0	7
16	6
3	0
1	0
0	91
19	103
0	0
0	12
1	0
68	311
0	260
0	26
9	0
90	92
6	53
124	198
0	3
5	1
42	20
87	50
39	63
0	49
0	28
0	2
0	18
0	3
0	14
84	50
28	4
6	21
0	20
2	24
3	23
0	30
3	15
0	2
3	0
0	19
3	4
2	4
38	32
26	10
0	3
0	10
0	5
0	22
4	9
56	66
12	9
0	9
0	33
0	22
0	23
26	22
0	41
13	0
1	104
0	0
54	11
5	0
28	19
2	31
3	50
0	46
0	5
0	59
1	40
0	90
15	90
42	165
0	6
0	6
4	1
0	2
0	0
48	26
0	15
0	17
0	9
0	10
0	7
0	5
3	1
136	0
12	37
0	21
11	16
4	36
0	36
42	0
1	66
59	36
0	36
0	66
0	45
0	43
0	5
5	17
3	5
42	17
0	15
71	7
1	6
0	6
0	1
39	21
0	8
0	26
9	23
10	0
174	14
0	14
8	11
0	95
0	95
0	95
71	59
53	66
0	90
0	59
0	68
0	50
0	99
0	37
0	61
0	81
0	27
0	13
7	32
0	36
5	6
0	8
0	0
0	0
9	76
0	69
2	0
7	13
0	13
67	0
5	0
3	19
9	19
1	0
0	39
0	63
0	39
3	0
8	0
6	3
2	63
11	70
0	70
37	27
0	55
23	65
3	14
0	26
0	23
2	23
0	26
7	10
2	1
0	0
0	26
0	110
0	110
0	110
0	12
0	15
0	5
13	4
23	16
0	2
0	9
0	16
0	6
0	4
0	11
0	17
0	17
0	30
0	30
13	0
0	12
0	6
4	6
0	17
3	225
12	204
0	150
2	163
0	116
4	115
0	137
10	20
0	8
0	38
0	38
0	3
0	119
0	117
15	25
0	8
1	8
16	71
54	62
0	17
1	3
75	28
0	11
16	0
0	9
0	26
38	88
0	88
1	87
64	0
10	8
0	42
2	4
6	0
5	22
6	29
6	4
0	42
3	14
0	17
0	17
0	18
0	18
0	17
6	24
1	24
0	9
0	6
0	9
2	0
0	3
0	14
0	2
33	34
0	33
148	9
0	7
131	744
0	37
0	115
0	171
0	171
0	17
10	14
9	16
0	7
63	0
1	40
0	48
0	59
72	68
0	23
0	22
9	1
0	8
0	6
0	33
6	4
0	34
0	20
0	11
32	15
39	0
14	21
0	13
0	21
13	21
12	14
117	18
0	17
6	3
108	55
62	58
14	15
0	54
23	41
72	12
0	12
0	86
12	95
0	7
8	15
0	62
0	51
0	6
0	6
0	70
65	85
0	12
0	45
42	61
0	3
0	3
0	58
43	28
0	10
0	18
0	0
4	6
0	18
38	45
1	15
12	30
2	0
0	0
45	19
0	1
0	18
0	18
0	136
0	30
2	23
0	19
21	44
78	42
2	19
0	25
0	6
0	117
8	9
0	9
13	83
2	29
0	44
0	78
24	38
0	21
0	0
0	0
0	0
0	0
0	27
31	27
0	7
0	5
3	0
0	107
4	20
0	26
0	26
55	103
0	27
0	28
0	7
0	8
0	106
0	104
95	0
0	57
1	59
4	0
0	3
0	0
1	39
0	1
9	39
13	14
0	25
9	6
2	8
107	3
0	3
0	2
0	1
0	1
1	13
0	13
0	12
1	3
21	5
0	0
0	5
4	0
4	0
4	81
0	15
0	73
0	69
110	80
0	75
17	19
0	3
2	85
31	15
11	32
0	33
0	33
13	67
0	58
0	21
98	13
0	6
4	10
0	8
5	46
35	131
0	93
0	9
0	11
0	1
112	2
3	0
11	2
18	30
65	50
8	45
0	30
26	16
14	13
2	20
5	15
21	15
1	26
0	26
9	8
7	5
1	6
0	4
31	1
0	23
0	37
14	55
0	0
0	14
0	0
27	6
0	34
0	8
0	58
13	35
83	9
1	10
0	1
0	1
2	0
4	0
2	43
13	13
0	13
13	0
20	0
0	7
2	7
0	34
21	32
0	0
1	0
0	2
10	0
0	6
2	0
216	3
0	3
110	141
2	17
0	7
0	6
56	109
12	9
0	79
0	79
4	76
0	76
0	19
0	13
3	15
0	29
3	7
19	0
54	0
0	279
1	204
0	257
0	260
3	140
0	96
1	69
4	19
0	19
0	0
0	0
0	8
0	0
61	0
11	0
0	24
0	24
0	4
10	3
1	3
55	0
17	2
0	2
24	34
20	10
4	0
49	9
0	103
0	96
0	50
0	105
2	0
14	9
0	24
6	14
37	30
4	32
31	0
7	26
8	0
0	15
114	2
1	2
3	0
0	14
0	21
0	3
0	3
35	7
0	13
67	184
49	1
0	176
110	8
0	111
0	54
4	14
1	0
5	54
0	54
0	7
0	111
25	0
2	56
0	19
0	50
43	79
0	79
3	2
0	16
82	24
88	13
3	0
0	0
3	18
1	18
126	155
0	11
0	16
86	463
9	52
0	39
0	47
0	37
0	38
5	38
0	37
0	9
0	34
4	14
0	14
0	44
0	15
0	8
0	6
3	6
0	18
48	51
21	93
13	76
0	38
0	49
8	3
20	27
17	32
7	1
0	21
0	20
0	0
0	0
8	0
0	0
7	7
0	84
0	67
0	143
0	139
0	73
9	0
45	57
5	46
38	38
12	9
0	2
185	116
0	2
0	0
0	5
0	0
0	2
41	5
11	14
0	0
0	0
0	22
0	18
0	94
22	0
0	3
3	3
0	364
26	364
1	365
98	66
13	67
81	35
0	67
4	34
122	0
0	0
168	35
0	34
8	29
0	4
2	13
0	8
0	5
1	0
3	0
1	17
20	29
0	2
19	21
11	5
9	8
0	7
63	0
0	105
0	65
0	2
8	9
0	8
0	50
0	11
22	8
0	37
0	14
0	50
0	50
0	57
0	47
10	70
0	106
0	2
0	12
0	0
0	4
0	14
0	7
10	21
0	5
10	13
2	4
12	9
6	63
0	70
0	6
0	5
0	6
3	42
7	71
83	0
0	56
0	39
0	51
0	51
12	19
0	47
0	47
21	27
8	10
3	10
13	23
8	6
0	56
11	57
0	65
0	76
0	57
0	2
30	21
0	5
0	2
18	4
0	0
2	5
0	143
0	143
0	75
0	7
0	0
0	0
10	0
0	0
0	0
0	0
0	51
0	13
39	0
99	7
87	7
0	3
48	1
15	14
11	23
0	8
4	10
39	42
0	14
22	12
10	3
0	100
4	128
0	82
32	0
7	6
5	16
8	34
12	114
34	21
17	1
0	1
0	116
2	5
21	54
0	57
39	61
0	8
45	50
33	50
0	17
7	20
1	20
4	2
0	2
9	0
0	2
6	0
41	0
5	89
0	20
27	33
4	86
0	63
0	66
4	20
0	14
0	16
0	3
6	38
79	208
68	0
9	3
78	45
81	20
66	30
2	14
0	14
15	51
0	51
9	98
0	51
0	0
0	3
327	3
0	35
2	36
2	25
0	5
8	1
0	4
28	35
4	292
0	296
0	294
0	199
0	111
5	2
0	147
0	147
11	0
2	152
14	49
10	31
0	44
0	47
0	47
0	12
0	41
0	41
0	33
0	38
0	9
0	48
0	48
0	50
0	44
5	5
5	17
5	13
0	4
0	12
11	32
0	6
0	6
16	3
0	6
0	3
0	8
0	9
0	10
31	16
0	11
0	2
0	47
7	0
29	14
50	18
0	157
0	39
0	39
8	27
2	1
4	1
0	1
3	66
0	67
2	66
42	39
2	9
4	15
110	44
8	3
0	15
0	11
1	20
9	6
4	6
113	26
45	21
33	0
8	0
34	6
4	6
4	2
0	0
0	2
5	153
13	24
0	24
7	13
0	11
0	6
44	48
0	9
0	18
0	37
23	51
0	113
0	131
0	18
59	100
44	30
9	12
0	54
59	23
110	151
18	0
0	407
0	55
93	2
0	2
19	0
40	0
70	0
25	23
3	0
0	16
7	16
5	4
0	0
0	3
4	0
6	0
6	7
4	0
0	44
36	52
3	9
96	8
0	8
0	7
6	43
11	105
11	0
17	43
0	6
0	6
2	3
1	37
14	337
0	116
62	30
0	6
2	6
10	0
0	3
0	21
3	35
233	24
0	9
0	15
10	16
0	14
0	35
38	85
46	89
4	123
2	79
0	32
2	26
37	23
127	79
83	156
0	10
0	8
58	25
0	73
0	154
0	151
0	206
0	230
0	27
3	0
24	88
0	107
0	14
25	30
0	9
16	9
13	0
0	0
0	0
1	27
0	110
2	56
53	18
81	25
51	110
12	4
1	0
9	16
3	7
2	13
43	7
4	64
8	47
6	40
175	6
5	6
26	130
2	17
5	19
22	28
0	2
7	0
0	0
1	2
14	19
63	90
0	45
15	27
18	6
0	12
0	8
0	8
0	8
0	52
0	19
0	21
0	18
0	20
0	16
0	17
0	18
4	14
28	10
0	6
0	15
67	0
72	13
4	10
8	49
1	4
0	10
0	0
2	0
3	6
19	52
4	45
26	36
0	51
7	4
5	27
10	38
66	0
7	42
3	55
0	1
0	7
0	10
0	0
0	1
0	1
0	1
13	0
0	8
0	5
0	6
0	6
19	0
28	0
18	15
5	9
0	7
11	105
0	2
0	2
5	2
6	54
0	0
1	0
0	55
39	92
46	59
11	59
0	46
49	213
39	79
36	87
0	49
0	19
10	50
0	50
0	140
8	141
0	116
68	70
0	12
0	8
0	12
0	70
88	47
7	47
4	3
2	273
0	24
36	194
22	9
7	11
0	14
2	11
0	7
0	7
3	255
0	20
0	105
3	0
0	2
0	2
1	14
0	26
2	37
0	240
0	20
0	32
0	41
2	24
5	0
38	36
1	39
0	19
1	23
8	32
0	16
8	5
0	1
90	160
43	0
60	102
54	5
7	4
3	30
0	19
0	14
8	22
0	10
2	11
3	5
3	1
0	14
100	135
2	25
0	37
11	7
41	9
0	32
0	29
27	29
0	16
0	26
24	0
16	0
1	103
47	14
4	2
1	24
0	24
0	25
0	0
0	8
0	25
2	0
73	0
0	34
0	34
2	2406
7	2406
0	19
0	987
5	15
3	5
0	12
0	2406
14	1
0	0
0	0
9	1
0	0
7	1
0	11
0	13
0	12
0	12
0	12
0	11
60	6
0	5
26	39
0	39
0	37
1	7
0	7
49	7
41	3
0	3
89	18
0	2
0	0
11	0
0	8
0	2
0	8
41	91
0	70
0	50
1	3
16	28
115	6
20	102
25	35
4	3
0	3
0	0
0	0
1	5
0	5
0	49
1	39
70	8
0	12
11	21
0	42
0	37
4	15
1	27
0	27
0	11
2	40
0	33
0	4
2	2
312	160
0	1
0	108
0	116
11	98
0	4
6	80
7	8
0	2
22	10
8	3
0	1
3	0
0	0
16	37
2	34
8	45
0	36
0	26
0	13
0	2
12	12
144	16
0	13
120	57
0	57
81	0
0	6
0	50
2	50
0	22
6	20
2	2
0	2
0	22
0	22
3	22
0	3
0	3
0	1
0	21
0	46
0	23
0	46
1	6
0	12
0	2
0	0
0	1
15	2
5	0
0	0
0	0
0	1
0	0
0	2
3	2
0	12
2	12
4	66
49	61
88	0
0	10
0	10
148	0
41	0
6	98
56	77
0	4
4	62
172	74
3	24
0	40
0	7
0	1
0	7
0	6
3	6
0	40
24	0
46	8
4	10
0	53
7	53
45	3
0	3
0	3
15	3
6	13
0	13
47	0
65	22
33	25
0	70
0	70
0	70
25	53
0	73
21	70
0	24
7	6
1	0
0	36
0	39
0	39
20	49
51	31
0	7
0	12
0	14
0	12
0	14
23	66
0	71
0	7
0	12
0	16
0	16
6	5
0	5
0	16
45	20
6	0
0	0
0	10
0	0
0	0
0	0
0	10
0	14
0	10
0	5
0	5
0	2
0	2
40	8
0	6
16	326
32	51
0	322
0	197
0	148
41	4
2	70
5	7
82	231
197	51
51	20
45	77
104	28
0	109
11	29
0	28
24	0
3	19
0	42
1	3
0	2
0	4
3	2
0	6
0	1
0	3
3	4
0	27
35	0
9	0
0	63
0	54
0	63
0	54
0	74
3	56
0	17
0	8
91	53
0	18
0	3
7	6
9	0
0	6
0	6
4	0
3	0
41	0
94	92
13	6
0	36
2	31
0	10
1	10
0	37
0	26
0	10
0	22
0	5
0	2
0	17
0	5
0	18
0	23
0	8
0	0
0	21
0	10
0	5
5	14
0	16
27	0
112	0
24	45
0	140
52	95
2	22
0	64
0	64
0	38
19	46
0	14
0	6
0	240
0	228
0	32
19	27
0	27
22	10
0	57
0	57
0	25
1	28
0	23
1	7
7	5
2	5
1	0
0	2
43	68
9	4
2	5
7	10
151	10
8	10
0	56
0	56
0	56
0	9
2	1
2	3
5	3
0	56
19	68
0	4
0	4
3	8
13	0
1	8
0	5
0	55
0	68
0	88
2	34
0	9
0	39
0	43
2	11
58	45
45	17
0	1
1	181
0	181
0	65
0	65
0	22
0	20
0	12
0	14
0	16
0	10
72	52
0	44
0	4
4	19
0	19
0	1
36	16
0	8
0	11
124	75
3	27
0	66
38	44
0	27
1	44
0	22
37	28
7	13
21	0
4	27
0	4
5	19
0	18
0	22
7	53
14	58
1	57
0	5
0	16
0	7
0	6
0	34
2	52
0	53
0	0
28	15
3	11
0	4
0	3
0	1
5	5
0	19
0	21
0	21
0	3
0	4
0	4
0	4
12	118
0	15
10	4
4	8
15	3
0	13
1	8
10	10
34	88
19	62
58	42
0	42
0	28
0	28
0	26
0	41
0	135
0	13
0	6
0	6
0	0
0	0
0	5
0	5
0	0
0	0
1	0
0	0
0	0
1	0
0	0
9	5
0	13
1	50
0	42
0	44
0	36
0	42
0	62
0	11
0	57
8	31
17	0
9	1
0	8
0	14
5	14
43	2
0	0
5	0
0	6
20	111
0	57
8	57
18	6
0	44
0	55
10	39
0	43
0	38
18	57
0	5
7	4
0	9
0	11
47	37
0	76
0	42
34	42
0	77
0	77
0	25
0	7
0	40
13	4
3	4
74	205
0	21
1	28
0	24
0	18
3	3
0	17
15	5
24	46
0	40
0	18
0	22
0	16
6	41
26	36
78	0
5	12
0	18
28	123
0	123
20	98
0	62
0	55
35	60
0	25
5	0
0	0
37	0
4	190
0	213
0	142
0	162
0	167
0	165
5	224
0	218
0	218
0	192
0	150
0	86
107	16
3	36
0	30
0	6
2	1
27	2
123	59
112	190
0	8
33	12
3	2
20	71
2	83
0	24
0	27
7	13
32	75
0	2
0	17
0	9
6	14
9	23
14	5
9	5
0	0
0	5
0	322
28	322
0	6
25	140
5	0
7	7
21	23
0	11
12	21
0	21
0	13
24	30
14	29
0	17
0	20
0	6
0	8
2	4
0	3
0	4
7	0
6	24
0	24
0	4
133	156
0	105
18	8
0	23
0	34
0	49
0	46
0	60
0	23
0	7
0	5
4	41
40	41
2	16
0	3
0	15
0	16
2	15
3	0
246	39
0	39
0	0
0	15
0	15
4	18
0	16
0	16
0	2
0	11
0	58
0	49
0	0
0	3
7	46
3	35
17	55
29	32
83	59
0	7
0	27
0	16
1	15
1	42
0	37
4	7
3	7
0	2
3	2
0	6
58	0
3	18
4	9
0	6
0	6
8	16
0	13
2	7
0	6
0	7
0	6
0	0
0	159
0	170
0	76
9	18
0	11
0	181
30	81
10	38
0	10
4	0
0	75
0	59
6	123
33	30
0	13
41	130
0	21
0	19
0	64
0	61
0	16
0	11
0	10
0	87
0	21
0	54
0	15
0	7
52	7
11	45
0	10
0	7
0	4
0	1
0	5
27	17
0	11
5	2
0	4
0	140
0	140
20	32
0	16
15	171
0	213
0	146
0	0
23	45
0	212
3	9
0	9
38	9
0	2
0	11
0	20
0	140
0	105
0	17
0	2
4	35
0	0
8	8
1	12
0	0
5	0
4	81
7	81
13	11
335	89
32	94
0	5
5	12
2	8
9	4
0	3
0	4
14	3
0	3
0	11
0	1
1	9
4	7
0	7
0	3
5	46
0	46
0	44
3	13
0	21
43	8
0	1
1	7
0	0
2	0
38	1
0	301
0	307
0	307
0	307
0	22
5	8
1	8
6	8
28	72
14	56
1	4
130	0
141	28
6	16
32	0
0	14
0	30
1	37
0	14
2	20
0	5
4	5
85	0
39	0
84	75
61	4
18	4
303	754
0	75
0	6
8	0
0	18
0	440
1	450
0	18
2	0
19	0
0	27
0	38
0	28
43	30
0	34
22	8
0	7
2	167
0	21
64	118
0	165
0	165
0	33
8	4
9	33
5	0
15	0
67	4
2	4
53	143
38	29
0	26
0	252
13	275
2	247
0	247
0	252
21	9
0	22
15	3
0	10
0	3
43	59
47	3
24	3
0	1
0	22
3	2
74	1120
44	5
0	5
5	4
0	4
253	49
0	0
3	5
0	46
5	5
43	29
0	3
6	10
6	29
3	0
0	5
77	0
5	15
0	15
279	131
16	11
0	17
0	11
0	13
77	1188
0	24
88	16
2	16
0	11
1	0
10	7
0	7
55	3
9	3
107	21
0	21
2	21
0	21
0	21
0	21
0	21
0	21
5	21
0	5
8	11
0	59
0	29
0	20
26	68
0	29
0	8
0	67
0	1
0	0
0	6
0	3
1	2
31	8
0	1
40	23
20	1
55	7
1	7
15	76
0	45
9	0
26	13
0	0
8	25
29	1
42	0
23	42
0	56
0	47
104	65
141	0
3	14
0	47
10	57
0	5
1	53
0	5
0	0
10	0
26	0
17	217
12	99
4	68
0	0
26	5
0	5
0	0
0	5
9	0
9	5
6	6
18	6
0	67
0	67
0	48
0	4
4	7
15	34
0	0
19	0
6	0
20	5
0	5
20	0
6	15
30	6
18	267
0	20
0	17
0	18
11	15
0	15
0	10
0	4
11	1
0	2
0	2
36	0
26	16
1	12
0	4
0	4
0	12
0	12
2	1264
5	80
12	73
4	63
195	61
0	23
6	20
11	6
0	20
0	55
35	22
155	22
21	7
26	5
70	23
0	25
0	16
0	16
0	16
0	12
22	0
6	387
0	93
0	283
0	283
0	11
1	81
0	75
8	11
0	0
58	43
0	13
0	15
0	17
1	17
17	96
4	16
0	21
1	12
0	44
0	1
0	0
0	3
2	32
0	109
0	132
65	25
220	50
0	6
20	50
0	18
100	13
0	12
57	14
94	0
0	17
2	5
1	53
17	53
32	28
0	5
0	8
8	5
8	5
31	0
0	10
25	22
33	10
75	228
0	6
34	14
5	4
8	130
0	130
74	3
10	37
0	22
18	30
0	2
0	2
7	5
0	4
0	3
0	7
83	47
0	7
0	34
11	32
0	31
2	23
0	505
0	0
54	56
30	56
0	15
9	5
1	0
4	78
0	46
119	215
0	50
0	64
8	13
0	12
13	145
2	11
0	9
0	15
0	50
10	119
1	47
3	89
0	2
18	70
0	53
11	53
44	41
5	0
15	0
13	17
72	706
0	18
4	4
1	39
0	0
0	3
0	21
0	65
5	5
1	0
0	7
2	40
0	2
1	0
20	57
0	17
0	16
0	15
4	0
11	66
10	30
0	30
0	9
3	9
64	134
6	6
2	13
0	13
0	12
0	25
6	7
73	58
0	0
0	116
0	119
32	0
53	25
85	53
7	13
0	4
11	110
0	12
0	24
0	24
0	43
0	35
0	35
0	43
35	0
122	83
20	37
107	53
0	0
9	75
0	75
0	17
20	17
34	17
5	7
0	0
0	1
43	341
0	2
25	32
3	27
6	5
0	341
6	33
0	33
0	4
0	0
0	1
0	1
0	5
0	0
0	3
0	2
14	30
0	30
33	6
0	5
0	1
7	4
4	5
0	5
3	1
23	284
0	13
6	194
7	22
27	67
0	6
2	6
39	0
0	6
0	6
0	0
3	0
0	112
0	107
0	10
0	4
27	8
0	112
0	136
104	336
30	5
0	5
2	87
0	84
62	28
0	1
5	45
7	10
63	79
5	110
0	45
1	45
0	19
20	22
20	7
3	177
0	175
0	99
0	57
0	59
3	49
0	15
0	32
0	32
0	32
0	32
0	32
7	0
99	48
15	14
4	24
1	2
6	1
0	5
0	1
14	15
0	83
0	65
0	68
3	130
0	7
5	12
0	28
0	117
0	91
29	12
0	0
4	13
0	9
0	81
0	37
0	40
15	22
0	11
24	55
13	29
2	8
0	18
0	9
13	3
2	4
0	29
0	35
0	250
0	246
79	0
0	78
0	88
0	6
7	80
3	11
14	55
0	5
0	7
0	5
0	6
0	6
6	94
61	80
0	19
0	75
9	12
64	16
5	6
10	2
5	0
46	0
44	20
0	13
0	14
0	1
32	9
7	5
22	0
238	273
0	619
0	619
0	619
3	11
11	3
20	58
0	46
0	2
3	21
41	43
0	16
21	27
0	52
19	35
0	83
3	2
1	63
45	12
0	87
22	11
0	5
0	6
3	306
0	86
0	6
0	6
182	91
0	91
0	6
320	32
0	32
0	3
6	0
0	0
0	112
0	367
0	150
28	0
7	72
0	69
0	65
0	45
6	0
9	7
0	30
0	6
4	6
0	6
2	30
4	308
0	65
0	40
283	6
4	1
20	68
0	5
2	1
8	0
0	4
0	8
0	2
0	2
0	2
0	3
0	0
0	0
0	33
0	30
0	22
7	33
0	13
0	23
2	17
0	104
0	104
0	104
0	106
0	106
4	0
24	2
130	29
5	10
0	1
3	6
15	6
0	0
3	52
25	36
0	44
0	22
0	28
0	32
3	2
3	1
17	1
0	10
52	15
64	0
15	295
2	119
0	75
21	34
6	33
0	30
7	30
3	33
0	36
0	2
5	223
0	36
10	227
39	374
0	321
41	40
0	6
12	47
99	0
0	299
22	28
1	20
0	5
2	0
0	8
4	18
6	2
5	3
41	35
2	299
47	544
60	44
0	0
0	49
4	7
7	20
6	10
0	84
0	203
0	10
0	203
0	254
90	2
13	264
0	200
0	2
0	3
0	60
0	60
0	19
0	15
0	42
0	124
0	90
0	91
0	24
31	0
7	569
10	74
5	54
0	76
0	123
4	15
0	5
36	131
0	11
0	2
0	64
0	52
0	76
0	47
0	101
0	102
0	97
0	114
0	97
0	104
0	25
0	21
0	21
42	0
4	33
67	40
0	15
0	24
0	12
0	6
3	8
128	0
29	34
0	34
0	34
47	3
0	33
0	33
1	0
0	0
0	9
0	0
0	0
0	0
0	0
0	7
0	7
0	0
3	3
0	25
0	25
0	25
0	11
0	11
0	13
0	10
5	0
3	0
3	2
1	2
0	13
7	45
0	2
0	2
0	49
0	3
0	49
3	0
0	8
1	3
42	35
2	71
1	64
0	3
0	3
2	1
0	3
0	1
0	3
8	39
109	14
0	9
0	2
0	7
5	776
0	850
0	106
0	157
0	86
0	21
28	73
25	66
10	20
7	6
3	7
142	21
6	15
4	29
43	100
0	127
10	187
0	9
12	133
11	128
0	5
0	48
0	48
0	123
133	49
0	49
0	20
92	64
0	17
0	49
4	49
313	124
12	40
80	55
0	6
0	22
2	3
0	38
0	3
0	122
0	120
0	5
0	0
4	0
17	0
21	0
15	161
0	62
0	161
0	9
4	16
2	5
0	7
16	0
0	9
1	0
217	1
75	45
0	24
0	44
0	9
73	49
0	14
91	9
0	12
6	9
12	9
21	6
82	27
0	16
0	11
0	13
0	1
15	1
90	28
0	0
0	0
29	26
3	3
4	3
0	23
0	17
0	0
84	0
25	32
32	30
2	37
80	32
0	358
0	358
0	436
0	436
2	44
0	4
0	4
3	0
11	17
0	14
0	3
1	0
7	14
6	69
15	59
8	44
0	1
2	0
0	0
0	13
0	3
11	5
0	11
0	8
0	58
0	41
0	48
0	60
48	81
0	8
0	1
3	1
0	0
366	18
21	11
0	14
0	114
0	108
0	17
45	14
1	0
0	8
0	14
93	38
7	38
4	6
42	0
5	0
18	0
29	26
8	26
0	18
0	33
0	25
0	18
1	2
5	26
0	26
0	26
18	26
0	3
0	1
1	1
17	165
54	34
43	34
3	208
0	225
0	175
0	2
26	5
0	0
1	0
6	2
0	1
7	0
11	8
41	34
35	72
0	2
0	0
23	16
36	18
0	22
0	38
0	0
1	67
10	0
0	10
1	10
53	0
0	124
72	60
54	26
0	0
7	71
3	12
0	8
0	59
45	0
0	3
4	0
2	13
9	90
86	80
6	118
0	113
0	35
0	16
0	13
66	110
42	12
11	42
46	62
0	20
0	25
7	161
13	114
0	86
0	77
0	77
0	77
0	77
0	102
0	82
0	12
46	25
0	7
0	9
13	9
21	17
0	10
35	5
0	2
15	2
13	2
11	2
7	2
10	42
0	31
1	8
0	13
0	27
0	17
17	18
15	4
14	6
0	15
0	73
0	73
0	48
5	5
0	3
0	0
0	2
0	16
0	0
8	0
2	0
12	2
33	50
4	0
0	9
0	8
0	50
53	46
0	46
0	21
0	15
0	123
40	38
0	18
0	43
0	60
0	134
64	104
27	57
8	150
0	4
1	138
0	12
0	12
0	156
0	0
42	10
0	6
0	4
26	0
27	4
6	8
0	0
54	7
20	7
0	60
0	60
0	36
0	7
29	11
0	11
8	76
0	95
1	95
3	28
4	8
46	7
0	13
0	12
0	10
0	4
6	3
8	3
0	4
0	5
0	1037
284	907
0	22
39	24
0	12
40	19
0	23
0	74
5	77
9	78
0	74
3	16
0	19
16	3
0	3
27	9
0	9
0	794
0	435
0	57
0	57
0	50
0	90
0	80
0	82
0	47
0	47
0	31
0	51
0	14
12	13
4	5
0	22
0	14
0	90
8	10
0	10
0	8
0	44
0	44
0	7
0	20
2	22
0	21
0	11
33	23
0	5
26	99
0	16
0	80
2	2
1	0
7	6
0	5
6	5
6	5
10	56
7	48
0	42
0	2
108	50
0	1
0	116
0	116
29	62
27	74
13	67
0	11
0	45
0	2
0	5
0	17
0	14
0	14
0	5
314	685
0	14
30	3
4	0
40	19
0	2
0	8
0	3
0	2
0	11
23	0
3	924
0	697
29	31
0	16
1	34
0	34
123	5
4	31
0	15
5	2
0	2
31	12
102	99
0	137
4	117
0	123
1	6
6	6
0	31
0	31
0	24
0	73
5	76
0	41
0	11
47	11
0	5
0	5
0	5
31	95
0	14
0	2
7	56
0	56
0	3
0	10
0	29
0	26
0	164
0	164
0	163
0	84
0	84
220	0
2	46
0	46
59	53
0	0
9	0
2	0
13	6
0	6
9	490
0	217
203	21
7	4
1	30
24	60
9	60
3	0
0	55
0	55
0	55
9	23
49	0
5	40
14	22
0	25
0	39
0	31
0	13
0	9
1	4
4	7
8	6
4	4
0	4
35	9
0	3
0	22
0	6
29	20
10	12
3	101
0	95
0	34
0	63
1	6
3	11
10	7
0	5
1	6
13	1
0	1
373	1
121	459
0	20
281	11
0	10
0	9
73	0
56	24
0	36
0	44
0	24
14	17
0	0
1	4
74	4
86	32
0	108
0	55
0	41
60	149
12	95
27	30
77	37
0	7
0	7
0	1
15	2
512	54
16	0
12	10
3	16
0	7
0	88
4	10
1	47
0	6
10	81
0	6
1	3
2	1
5	200
0	157
17	92
43	5
0	3
0	7
1	8
103	200
0	34
15	7
0	48
0	33
0	41
10	15
0	15
0	15
0	34
2	0
2	21
0	21
0	11
0	14
2	8
36	0
0	62
0	10
0	65
0	1
0	0
1	0
0	0
8	7
0	0
0	6
1	25
3	25
0	16
2	24
0	24
0	24
0	24
6	654
0	447
0	65
0	59
4	8
0	65
135	122
0	122
0	116
0	44
3	22
13	157
0	22
0	75
14	2
0	7
0	2
37	29
0	7
7	6
98	93
0	67
0	8
0	28
0	18
3	23
0	6
0	6
5	5
0	5
3	5
0	73
23	73
0	48
50	17
5	7
0	18
0	11
4	6
0	2
0	7
1	0
0	2
6	0
0	0
1	2
0	1
0	31
0	164
0	167
0	167
22	142
5	137
13	38
0	14
42	31
54	74
0	17
0	17
0	79
0	70
0	62
0	62
0	59
78	26
11	51
12	53
27	32
0	0
4	3
6	0
17	8
0	3
49	22
0	2
1	0
8	12
9	357
0	52
0	108
0	108
0	68
0	74
21	87
0	87
0	24
112	76
13	35
0	53
6	0
0	8
0	8
0	8
15	1
15	2
7	45
0	40
0	37
53	6
14	154
0	39
42	41
0	54
0	35
2	5
0	7
10	29
5	2
0	2
0	0
127	24
13	10
20	14
121	74
0	5
0	136
86	136
0	15
50	39
0	28
59	61
0	18
0	45
3	12
10	12
2	3
0	3
8	107
0	14
17	167
51	184
60	50
15	53
4	2
0	2
4	0
1	0
5	0
0	5
4	5
0	4
0	11
9	0
6	15
0	8
20	12
19	1251
0	919
0	19
5	9
0	0
0	13
0	18
0	25
0	37
17	37
50	13
10	151
0	19
6	138
0	27
10	35
126	62
0	62
20	20
0	27
0	3
0	2
15	15
42	68
0	1
0	1
7	22
0	2
7	98
8	98
16	100
4	32
24	96
0	42
14	8
14	23
0	4
0	40
248	51
0	26
0	30
0	16
7	5
2	17
16	11
0	31
0	0
8	4
3	0
0	31
9	10
0	22
75	94
1	6
0	94
4	35
0	35
0	9
0	6
2	12
29	37
0	8
0	20
0	23
3	4
5	4
0	23
15	38
0	57
72	80
0	5
0	0
0	2
0	4
42	26
0	84
8	84
63	77
0	47
0	47
0	51
0	22
0	24
0	246
55	104
0	60
18	11
0	12
2	13
56	90
0	5
8	0
30	5
41	125
11	0
1	5
0	58
0	168
4	170
0	17
158	13
0	4
3	153
0	153
0	132
0	142
8	143
0	7
0	62
0	8
0	15
0	17
0	18
14	14
0	221
13	14
2	2
1	1
5	1
0	221
1	92
0	86
0	79
8	68
0	32
0	20
1	18
82	3
13	8
3	6
0	8
0	6
4	0
12	1350
0	966
75	0
63	629
29	6
5	4
0	4
0	4
116	0
30	23
0	0
0	17
43	1
36	27
0	10
0	90
2	87
35	75
0	67
17	38
0	83
0	83
0	83
14	66
9	32
0	48
13	4
55	59
0	59
14	0
35	14
0	11
0	528
0	342
0	209
0	60
0	60
0	60
0	60
0	25
15	46
0	7
0	34
46	45
0	0
46	29
0	29
28	340
2	340
0	340
109	49
2	22
0	22
0	26
36	0
9	95
0	79
4	38
7	9
26	49
104	255
13	45
4	15
57	5
43	5
0	12
0	4
0	11
0	18
0	11
0	11
0	11
0	18
4	22
0	4
0	11
2	9
0	4
0	4
0	6
0	6
39	7
0	3
0	4
86	0
32	44
0	82
6	6
0	77
0	60
5	11
0	11
0	82
93	0
1	29
0	29
55	50
45	44
50	18
37	16
0	12
1	3
0	25
5	15
2	16
39	2
100	106
0	149
0	146
3	158
0	143
0	8
14	143
0	141
0	3
0	152
1	96
0	3
16	6
0	85
0	149
115	178
17	6
9	0
0	168
201	232
0	177
64	168
0	168
3	59
0	59
0	56
0	11
0	59
0	56
95	17
6	6
15	20
0	20
77	18
1	18
0	18
0	204
0	136
2	449
3	449
15	70
0	72
8	2
11	0
0	73
17	105
5	0
3	0
0	0
138	48
1	2
10	20
0	22
16	0
3	32
0	32
0	15
0	56
33	49
0	9
0	6
0	12
0	8
19	49
11	34
6	1
0	1
15	5
7	8
0	12
131	176
0	27
49	52
15	4
0	36
9	7
0	4
0	6
0	4
2	1
12	6
0	3
1	0
0	2
0	11
53	11
38	105
62	22
0	25
0	6
0	21
5	83
2	412
0	150
0	104
9	58
0	29
0	52
0	17
0	15
5	6
11	6
6	0
16	2
32	28
0	2
14	0
41	29
16	4
0	24
0	6
0	0
0	18
0	24
0	13
101	47
18	46
0	14
1	7
26	7
0	36
41	64
0	30
6	12
1	11
2	20
37	2
37	36
67	4
0	4
0	3
5	573
0	380
0	31
2	75
0	30
15	27
0	8
0	28
47	36
0	36
4	2
1	2
0	11
3	0
0	106
9	39
0	39
0	540
0	457
0	368
12	97
2	75
0	286
0	25
0	57
11	2
0	22
0	14
3	68
38	2
0	22
0	32
0	2
20	26
0	4
0	0
64	21
0	94
0	55
0	55
8	49
0	47
0	48
2	50
6	4
0	0
0	0
0	0
91	13
0	147
0	13
4	134
13	5
51	11
0	11
0	11
0	10
0	13
0	9
0	214
0	179
1	191
49	62
1	27
0	20
0	5
0	5
5	3
0	109
0	83
0	83
0	62
0	62
3	8
0	16
8	8
0	5
8	46
0	13
0	20
18	14
0	12
77	14
0	6
0	3
0	12
0	4
0	6
0	6
37	46
0	23
0	47
0	50
0	49
0	21
79	5
0	28
12	26
0	23
3	12
2	10
10	6
0	7
6	7
2	7
23	3
11	2
16	56
77	21
12	9
113	1
0	1
143	28
0	6
0	7
0	16
17	17
0	4
0	4
0	4
0	0
0	0
0	0
0	0
14	0
28	12
6	11
3	8
11	6
39	79
0	3
0	3
0	79
34	91
54	6
0	85
13	29
15	29
0	27
4	4
0	8
0	5
210	44
23	38
51	114
210	53
0	8
283	28
0	19
0	12
69	33
13	19
111	172
1	79
2	67
0	24
0	8
0	8
0	8
0	8
31	0
1	10
0	65
0	88
7	88
18	13
17	10
0	19
11	10
0	24
107	2
9	17
0	0
25	4
2	2
0	3
0	32
0	12
18	42
0	30
137	7
0	1
9	6
0	21
6	31
0	21
191	0
11	9
0	0
0	2
3	9
146	140
30	30
15	5
0	6
4	30
0	0
0	1
0	38
0	38
0	5
0	8
7	3
2	0
0	8
0	8
112	0
395	0
2	60
7	62
7	61
57	17
58	224
0	0
120	11
0	0
8	0
0	1
0	1
22	1
69	22
2	51
4	1
6	0
1	23
11	37
142	66
9	123
8	10
0	59
9	2
70	68
4	4
0	68
0	77
14	47
2	44
0	10
0	6
0	4
0	22
1	0
10	3
9	12
0	15
3	24
0	11
21	90
8	10
4	16
0	68
7	3
20	6
0	6
14	34
9	6
12	0
15	0
10	0
0	21
0	7
79	21
0	21
0	9
148	1
69	9
10	201
0	201
0	19
17	578
87	623
0	69
0	71
10	93
13	55
0	27
0	27
0	37
17	8
6	1
0	26
13	78
0	77
0	56
0	311
15	26
1	26
0	72
0	98
0	10
0	72
11	98
0	73
0	10
5	18
77	13
23	11
42	38
11	50
0	10
0	7
3	7
3	25
6	1
0	9
0	7
0	9
4	12
0	12
18	247
122	30
0	7
0	22
0	22
27	27
0	1
70	4
0	12
0	42
0	20
0	46
27	0
42	52
0	32
0	44
0	45
0	93
26	93
11	0
27	22
2	25
0	28
0	5
0	28
0	27
5	73
18	16
3	29
0	5
0	50
76	38
8	0
39	94
63	0
54	13
0	0
0	13
6	0
10	13
0	0
0	0
10	52
44	682
5	31
0	18
0	22
0	18
32	17
41	16
0	305
0	305
46	26
161	15
0	14
8	13
0	1
18	0
2	0
5	105
0	13
2	3
0	100
0	3
16	2
48	8
0	2
25	0
5	185
0	185
0	36
0	11
0	11
7	9
0	5
10	8
21	12
0	7
0	10
4	5
6	306
0	17
0	17
0	13
3	13
0	10
2	10
0	54
14	58
0	33
10	5
0	5
1	33
0	2
0	33
0	50
23	0
9	14
0	11
5	9
38	90
49	7
9	2
6	0
8	0
13	0
8	0
5	5
0	22
34	21
0	47
0	14
0	14
0	7
0	12
0	36
0	15
0	10
0	3
0	8
0	1
64	0
10	6
5	13
0	11
7	40
0	42
5	19
7	8
26	2
0	2
0	121
0	2
0	2
0	2
1	2
1	2
3	2
0	2
0	2
0	2
0	2
169	659
32	23
4	0
40	157
143	0
8	0
3	47
0	56
0	20
0	3
45	0
18	20
0	0
14	11
57	41
38	10
2	0
0	0
84	0
3	0
5	13
37	38
0	18
0	19
2	27
37	56
0	72
46	84
0	49
0	71
1	103
0	18
44	35
36	178
0	156
0	11
0	154
0	176
0	158
7	11
0	5
5	8
27	1
61	26
31	6
0	3
0	11
0	6
1	6
0	1
24	7
0	19
3	22
0	178
2	12
1	2
0	12
38	14
0	14
6	17
0	4
2	4
0	4
0	2
30	118
0	216
3	0
8	221
5	1093
0	774
3	5
7	5
64	23
0	3
0	3
0	1
1	8
32	10
4	5
39	12
36	12
5	21
2	44
0	44
0	29
1	3
1	63
1	144
5	150
0	9
0	3
8	3
5	0
0	144
0	54
20	57
0	14
0	9
0	7
0	5
0	9
0	248
5	37
0	68
0	84
0	84
0	162
0	91
56	28
0	77
0	139
0	160
0	72
148	206
61	15
0	59
0	5
0	5
0	8
0	58
10	10
0	11
0	120
72	0
4	0
0	22
40	2
85	94
0	246
0	242
2	246
0	21
0	15
0	15
0	15
7	1
0	0
0	0
0	0
26	67
0	13
0	0
4	10
5	10
33	12
0	5
0	10
0	5
5	1
12	0
4	4
8	4
0	4
0	4
0	5
0	5
7	115
0	21
2	39
0	10
60	5
0	101
0	3
0	0
0	4
31	14
2	17
0	18
1	14
0	5
3	5
0	11
103	0
3	2
20	6
0	0
4	4
1	19
0	19
0	4
0	4
0	1
6	0
0	19
0	19
5	0
0	0
278	0
1	0
48	10
7	10
6	67
0	67
4	4
0	5
42	8
0	0
0	8
16	13
2	12
0	12
99	79
0	12
7	3
36	91
1	97
0	80
13	32
0	23
1	8
0	8
2	9
3	5
0	43
100	43
0	38
36	32
0	38
5	47
0	18
46	0
38	0
0	10
27	54
8	54
16	0
58	0
0	0
26	0
38	12
13	61
0	61
0	13
0	22
0	8
0	8
27	101
0	88
1	12
0	7
0	2
0	7
8	0
0	2
9	3
152	71
4	71
2	0
32	0
0	3
17	27
0	21
0	16
170	175
1	1
0	49
0	48
48	1
1	0
0	0
0	3
0	2
17	71
0	9
0	46
0	22
0	22
0	46
0	16
6	12
0	4
0	25
0	25
27	88
0	8
9	7
10	7
0	7
8	12
10	9
15	9
0	174
128	174
20	50
0	50
0	56
0	63
0	63
56	46
0	50
0	53
0	50
0	53
0	50
0	23
37	1
1	2
3	12
18	11
0	48
0	37
0	4
0	9
3	50
25	15
31	673
0	29
0	12
0	1
0	18
7	0
0	23
0	6
3	0
4	69
0	31
7	48
21	69
0	42
0	14
13	28
14	18
7	10
0	52
118	15
0	15
0	47
32	67
0	47
0	47
6	18
0	38
0	11
28	29
0	7
0	21
0	21
0	7
0	7
0	0
18	3
0	0
0	0
109	61
58	197
0	26
0	137
0	13
5	12
0	252
0	252
0	39
0	63
0	19
2	63
1	3
40	3
5	12
2	4
17	25
0	12
0	4
0	13
4	5
44	5
0	19
12	19
0	53
4	51
2	29
18	10
2	18
134	44
0	8
12	294
0	27
24	25
0	16
0	17
2	8
0	3
78	162
7	6
0	2
0	22
0	7
0	10
3	24
0	8
0	7
4	8
0	8
17	33
0	33
0	84
0	84
0	41
0	172
0	172
0	151
23	151
0	129
10	24
0	23
0	11
4	16
2	11
0	11
5	32
2	582
0	125
0	21
0	21
4	1
11	21
4	21
0	0
20	25
0	3
3	11
0	3
10	11
0	6
13	6
0	1
2	0
0	41
14	44
38	24
3	31
0	8
0	8
49	45
6	36
4	12
0	0
0	2
22	0
0	2
5	25
26	0
29	25
0	22
0	13
147	27
5	27
34	2
18	18
0	41
0	42
21	7
35	17
12	13
13	0
5	99
4	99
0	70
8	0
0	2
14	21
0	16
0	4
0	8
1	6
8	4
2	323
2	107
0	12
5	12
4	6
8	63
64	38
16	85
0	25
58	72
0	72
12	8
0	7
2	4
11	4
84	4
20	134
9	0
0	5
0	944
41	1160
43	968
0	1171
0	13
0	13
0	19
0	13
18	24
0	19
0	19
9	214
286	0
3	6
0	48
17	62
15	22
0	2
24	0
0	17
35	2
0	0
92	33
1	36
0	36
263	901
0	445
0	20
2	5
0	15
28	36
11	0
0	43
33	114
10	43
0	0
3	9
6	20
3	11
0	527
0	388
2	13
0	99
0	67
40	22
0	52
72	6
23	16
0	47
0	54
0	60
7	3
10	0
0	7
0	0
7	46
0	16
0	11
0	15
0	8
0	16
3	31
0	42
3	11
19	59
9	59
15	12
0	9
18	40
5	21
17	6
5	13
0	5
4	8
108	4
0	4
0	2
0	4
0	4
0	87
0	55
17	81
0	14
5	3
0	2
0	5
0	17
2	2
6	2
5	4
85	69
0	69
0	64
0	30
3	33
0	27
6	21
0	10
189	51
0	52
0	11
8	4
9	5
22	35
22	37
2	24
0	18
10	16
37	107
18	107
0	22
0	4
10	95
2	53
0	26
6	65
4	37
5	40
11	37
12	26
4	5
0	116
0	1
0	85
4	30
32	30
7	249
0	142
15	0
5	14
0	28
0	33
5	11
250	114
57	76
1	100
0	69
0	45
0	67
0	76
0	7
0	12
0	15
4	4
0	5
6	27
0	27
0	10
0	0
0	17
0	27
9	11
0	4
206	1064
228	621
5	175
0	4
0	19
0	175
102	133
74	12
2	39
0	27
44	7
14	10
10	2
1	2
2	3
0	56
0	1
0	56
36	28
0	37
2	49
6	40
3	76
31	143
37	37
0	171
1	33
0	66
0	67
0	53
0	0
9	0
78	45
0	0
4	11
7	0
37	16
8	23
0	33
4	145
0	145
25	12
11	2
0	6
0	12
53	26
28	106
2	1
0	14
84	7
0	5
0	2
0	5
34	0
8	42
0	29
5	3
0	14
41	30
0	10
0	15
6	7
93	34
0	9
0	14
11	0
0	30
15	67
0	70
0	60
1	7
20	29
9	4
14	4
8	0
19	4
2	6
75	67
0	16
0	3
2	3
0	9
2	0
0	66
0	37
240	60
2	7
32	6
14	6
9	4
0	4
95	158
0	6
0	121
0	18
2	64
0	45
37	42
0	14
0	54
8	0
54	9
0	62
5	82
0	48
0	42
19	30
0	23
19	2
27	67
0	54
0	57
0	47
0	11
0	3
0	47
25	22
0	22
2	5
18	2
6	2
31	5
3	39
0	7
8	19
0	20
1	7
64	166
0	46
0	19
0	10
18	44
0	8
1	9
6	15
3	34
4	34
0	0
0	4
0	4
4	3
20	0
30	58
0	26
13	58
9	14
36	30
0	16
8	9
3	23
5	14
17	14
14	14
18	24
8	19
31	0
0	24
197	15
0	15
0	3
16	18
0	23
0	32
1	32
3	24
0	22
0	18
2	3
48	24
4	23
0	19
4	19
11	14
19	20
0	4
0	1
0	12
0	12
0	0
0	3
36	47
21	31
0	36
0	30
6	30
0	0
3	1
0	0
0	1
5	0
0	0
0	0
1	0
2	1
0	0
4	0
18	42
0	28
0	23
0	7
0	11
0	21
8	25
0	25
0	7
21	13
0	10
1	2
19	1
20	13
0	13
0	10
0	0
2	2
38	0
0	59
0	60
0	60
0	164
57	164
0	35
11	9
3	0
0	7
0	9
1	9
3	0
4	7
36	170
0	92
33	80
4	150
0	95
0	0
69	35
0	11
1	99
7	79
112	86
200	35
0	3
66	205
12	63
0	67
0	109
45	0
54	6
4	11
2	8
0	119
0	119
27	109
0	63
5	34
0	0
14	25
35	9
62	16
1	3
0	5
2	0
15	5
0	50
0	50
0	0
0	7
18	20
2	14
0	18
0	7
0	7
2	12
0	8
0	12
36	16
19	19
0	26
0	11
0	15
0	5
1	8
11	17
3	106
5	92
13	159
0	69
0	15
0	54
137	951
1	8
35	44
3	7
3	13
0	348
0	28
12	28
0	27
6	0
2	0
64	0
77	16
0	16
3	0
21	28
0	15
0	0
0	0
1	0
0	9
8	22
7	6
2	10
0	12
0	7
4	17
0	17
0	15
13	22
83	20
23	43
3	24
57	22
0	7
15	60
0	3
0	3
7	0
0	2
79	125
0	2
0	1
0	0
0	1
0	3
2	0
13	0
0	138
0	131
0	10
0	10
0	136
0	135
10	14
0	10
0	10
0	6
0	20
0	20
0	13
18	20
0	4
1	3
0	15
0	3
4	2
3	7
0	7
0	7
0	5
0	5
1	5
0	0
0	0
0	0
0	0
0	0
0	0
0	0
0	5
0	5
55	0
2	0
2	10
0	10
1	8
2	3
0	0
0	73
63	83
2	21
81	78
0	78
25	24
4	15
0	18
0	15
0	2
0	15
0	20
1	6
3	5
0	30
0	30
0	40
3	40
13	30
0	32
0	36
0	37
0	31
0	21
0	3
0	3
0	8
5	3
9	11
0	11
0	11
0	23
2	23
1	5
29	19
0	91
38	16
13	135
7	116
84	17
0	5
0	109
4	20
58	33
0	33
138	604
20	45
0	1
0	23
9	67
0	68
3	59
0	85
23	92
0	74
21	13
107	0
59	2
2	0
7	20
6	0
12	20
0	114
0	114
0	114
0	0
0	0
0	60
0	32
0	3
0	5
0	1
0	4
0	41
0	114
3	45
0	61
0	65
0	59
0	27
0	13
0	7
29	211
15	28
10	218
1	2
0	190
0	8
19	275
0	13
0	8
0	3
116	0
27	28
41	61
0	7
10	0
9	0
0	49
6	49
9	34
2	112
0	112
0	7
18	0
62	39
66	42
0	22
0	26
0	5
0	52
0	22
0	26
252	129
0	67
0	31
0	15
0	17
0	36
0	26
0	29
0	52
0	21
0	21
0	1
0	4
29	0
11	0
7	71
0	108
14	131
8	49
3	36
0	25
0	7
18	5
58	0
56	0
7	30
0	5
0	30
0	22
0	41
0	19
17	35
0	32
0	30
0	33
0	26
5	22
2	20
3	5
21	11
0	2
0	9
4	0
73	89
8	146
0	61
4	9
0	7
1	25
0	29
0	7
0	1
0	6
0	4
0	8
0	1
10	5
0	4
5	4
0	10
10	6
58	0
4	158
1	94
25	114
0	88
0	84
2	5
68	57
0	183
8	150
47	97
69	75
0	29
22	7
0	7
13	0
141	40
0	0
0	40
300	45
39	63
0	5
0	0
0	6
0	30
17	0
0	5
151	11
7	0
0	5
3	37
1	37
98	15
5	2
19	0
41	29
14	9
0	67
0	40
0	53
0	67
0	43
2	41
58	51
0	58
0	5
18	16
29	19
0	10
47	47
80	102
2	18
0	28
6	7
5	6
5	7
1	7
16	6
4	4
0	58
0	63
0	36
1	30
6	44
3	25
0	30
0	30
3	1
9	0
0	8
42	7
0	13
0	0
1	0
0	0
0	1
0	1
0	5
0	4
0	2
0	15
0	19
0	19
9	35
15	132
24	17
23	18
134	18
18	52
0	52
64	0
8	0
20	4
0	5
0	1
0	1
0	0
0	1
15	57
6	20
10	7
0	7
0	7
2	4
33	4
4	1
1	51
8	51
44	28
6	51
1	4
0	8
0	10
0	30
83	51
0	36
18	27
0	24
0	24
0	26
1	3
35	12
4	2
10	2
0	0
12	3
42	43
7	47
9	46
5	47
0	3
11	13
0	10
0	0
0	0
59	139
7	26
0	155
0	22
0	85
0	76
0	39
38	47
0	32
0	32
83	16
59	26
0	9
3	2
0	6
0	0
21	0
49	20
5	4
31	18
32	19
45	13
0	13
54	62
0	54
0	14
927	242
0	9
0	1
0	61
9	4
0	4
23	9
0	6
1	0
37	84
2	3
0	0
4	80
0	80
14	0
58	52
2	61
0	67
0	28
23	0
5	10
0	19
1	30
32	27
0	26
0	8
0	5
0	0
0	2
1	1
0	1
39	0
72	95
0	89
2	74
3	53
0	4
0	7
0	4
82	121
0	11
0	20
0	25
0	4
5	9
7	25
0	21
134	21
0	2
21	10
0	238
0	236
432	869
60	50
1	40
0	21
6	3
8	24
0	23
8	14
0	9
0	40
0	32
8	40
0	39
0	35
6	11
0	5
0	31
1	39
0	11
0	6
28	54
0	12
0	10
81	0
0	8
0	14
3	21
1	11
0	9
32	5
0	0
0	0
1	4
46	11
37	14
113	19
5	18
0	33
0	33
86	82
0	6
0	16
0	18
0	57
0	26
23	59
0	2
0	27
0	12
0	18
0	41
13	41
29	3
7	3
67	31
22	19
0	8
10	12
0	10
0	3
0	6
0	0
3	9
6	9
35	5
90	215
1	64
63	115
5	65
0	4
0	3
16	0
9	38
72	78
83	3
50	20
0	55
4	55
9	58
0	55
7	16
3	9
17	4
0	58
6	54
0	54
0	50
10	50
27	20
0	15
5	0
3	0
13	0
6	27
7	0
9	0
111	25
2	1
0	1
5	49
0	11
15	13
0	0
0	7
16	27
5	0
0	0
12	2
0	0
0	69
0	68
13	69
0	13
0	20
0	6
0	6
7	14
7	12
0	14
25	0
0	12
0	0
4	174
0	21
48	83
31	2
13	81
0	50
0	23
0	16
97	27
0	45
0	13
0	7
4	10
87	41
0	2
0	1
0	2
0	7
0	8
0	8
0	19
0	1
0	8
0	31
0	25
4	4
53	0
0	17
0	20
35	19
0	26
0	3
0	4
119	4
63	40
9	26
69	2
0	9
0	25
8	0
28	55
0	50
2	43
3	50
0	19
33	3
0	9
0	0
0	8
0	33
0	0
0	8
0	37
0	33
0	26
0	25
0	71
0	68
0	54
0	18
9	35
0	11
3	7
61	135
3	74
0	28
0	67
0	34
0	14
0	14
0	24
0	25
7	18
0	20
2	24
0	12
7	8
69	164
2	4
1	2
37	16
0	24
4	5
0	8
116	81
0	5
0	18
0	2
0	4
30	1
0	1
29	1
40	0
7	26
0	19
0	19
0	6
6	18
16	25
0	0
177	287
1	154
294	132
6	25
29	1
45	5
0	91
2	39
1	46
0	87
0	90
0	87
20	65
0	91
0	9
2	46
0	46
12	4
0	8
0	15
24	5
0	9
9	7
47	38
24	0
4	27
6	30
0	29
0	26
2	6
0	0
0	65
0	4
0	0
26	16
4	16
0	14
2	9
0	11
0	11
0	8
0	4
0	0
15	6
0	6
0	1
0	2
0	2
0	2
7	45
8	45
21	16
2	32
33	0
2	5
2	5
0	0
0	5
2	41
0	28
0	39
53	39
38	1
0	98
47	98
0	98
0	22
0	44
0	11
0	5
3	5
0	11
0	37
1	11
14	16
48	30
8	142
43	5
126	4
0	137
0	21
0	33
49	6
3	6
0	0
11	29
18	29
2	25
13	10
0	9
0	25
4	188
28	183
0	107
95	19
0	5
35	15
0	16
12	16
0	5
205	580
0	572
0	518
153	45
0	51
1	51
0	13
1	18
0	2
0	2
0	2
0	3
0	7
0	7
0	4
2	5
0	5
0	4
0	2
0	2
0	4
0	24
32	24
14	0
38	56
0	110
7	28
3	39
7	56
0	4
30	42
0	89
0	110
0	16
0	7
0	25
22	59
0	52
0	94
0	23
0	25
0	103
0	17
0	29
40	30
0	29
0	8
0	4
30	0
0	17
0	17
27	17
4	7
68	88
17	41
0	19
0	14
14	42
0	71
49	33
50	1
0	1
14	29
0	29
0	186
13	186
0	1
0	89
0	15
5	15
9	15
0	1
9	43
0	33
0	18
0	0
0	43
4	44
2	1
0	1
74	11
4	3
206	30
0	9
12	3
24	28
25	19
0	18
0	23
0	74
0	93
4	15
0	15
0	1
0	39
19	89
0	50
0	85
91	57
2	56
10	56
9	41
38	0
1	29
3	14
0	21
3	15
77	29
1	20
0	25
1	25
11	0
0	16
108	68
0	60
5	8
0	8
11	69
0	8
3	82
29	59
0	59
9	40
0	12
16	90
1	83
0	90
0	24
0	52
0	11
6	0
61	92
0	79
0	62
0	72
0	23
0	11
0	7
3	18
0	3
0	15
0	14
105	0
2	0
0	0
0	0
6	0
0	0
0	0
0	0
34	12
6	21
0	3
0	3
0	0
0	0
30	20
0	20
7	4
15	7
0	4
37	34
0	27
18	90
0	28
0	21
0	14
0	1
0	1
0	7
0	1
0	63
0	8
0	0
0	0
9	14
0	14
4	1
3	1
0	0
66	35
1	33
0	2
13	16
0	13
0	16
94	0
17	154
9	1
0	1
0	154
0	150
0	150
0	59
7	59
3	34
109	75
32	64
29	64
0	43
0	11
46	13
5	0
0	0
59	6
216	411
15	78
0	42
0	79
2	35
1	35
5	12
63	22
2	22
0	11
0	13
0	13
9	25
0	31
2	17
2	5
0	5
0	3
572	1474
18	9
0	0
4	4
0	4
4	15
77	15
17	95
0	141
0	41
0	41
7	7
68	8
0	56
0	131
0	133
7	0
0	91
5	26
0	101
0	101
0	104
0	104
0	101
0	104
0	104
0	101
0	101
11	4
0	98
0	98
0	95
0	109
0	107
0	3
6	0
0	101
19	9
2	0
35	6
0	132
0	132
7	5
0	8
0	8
7	9
5	8
0	11
23	15
0	8
0	23
0	34
0	31
0	166
0	13
0	10
3	10
0	154
0	154
7	4
32	59
0	4
0	3
35	59
6	1
15	1
130	311
0	41
0	66
0	154
0	152
0	55
0	19
8	2
0	0
0	50
0	6
7	45
0	44
0	36
0	63
0	2
0	63
63	0
0	57
37	57
6	14
0	2
12	131
0	43
19	6
0	30
46	66
1	93
0	93
25	9
58	44
0	32
0	1
0	14
16	0
0	1
0	4
12	9
6	9
0	3
3	0
13	59
0	59
101	0
22	0
41	19
0	20
43	12
33	19
12	30
0	30
0	19
11	19
10	5
2	0
20	361
17	15
0	364
0	362
0	355
26	26
4	0
2	287
8	2
19	2
16	12
3	0
0	23
0	3
0	3
0	303
0	298
27	318
0	301
29	303
0	300
0	301
0	315
70	0
60	4
59	4
48	0
103	0
0	0
0	0
0	0
8	38
14	38
24	0
51	38
0	56
0	100
25	33
0	69
0	55
0	99
9	5
6	1
0	50
0	49
14	27
0	5
0	5
2	6
20	5
99	6
0	0
0	0
6	1
3	0
31	136
18	20
26	19
36	27
0	25
1	5
4	0
36	172
0	114
0	124
0	12
0	17
4	60
64	103
18	101
22	17
0	16
0	10
0	2
1	2
2	4
2	0
101	0
0	82
0	67
0	1
48	17
0	31
3	23
62	0
29	107
2	19
0	4
30	17
2	8
2	13
1	24
7	8
26	27
0	20
13	78
3	20
87	27
0	2
0	52
6	50
1	65
0	55
6	43
7	0
1	53
9	66
0	60
3	14
0	7
5	0
0	1
0	0
0	23
0	19
0	14
0	17
29	65
1	22
9	48
0	6
0	18
50	27
17	32
0	12
31	5
6	5
0	0
6	2
5	2
8	47
0	47
0	23
11	4
0	0
65	0
38	1
0	1
3	0
0	67
0	61
0	7
0	9
0	32
0	32
0	14
0	32
4	35
0	35
4	38
0	25
14	4
2	16
0	8
0	74
0	147
30	147
14	7
0	74
0	74
0	22
0	54
8	8
0	25
0	6
0	4
24	3
6	2
0	71
0	74
8	3
33	118
0	74
0	1
0	5
13	10
38	14
0	14
0	0
0	40
0	3
0	3
0	3
0	0
1	55
7	27
8	28
0	16
0	137
0	9
132	67
0	119
0	185
0	185
609	35
49	35
2	5
10	89
0	133
0	74
6	114
6	11
0	21
0	152
0	4
0	4
20	46
7	3
10	7
11	11
31	0
64	24
0	3
0	3
0	1
0	2
10	11
23	0
0	104
0	93
1	104
0	5
86	32
0	121
6	121
0	34
0	17
0	0
0	0
43	424
0	34
1	7
39	11
12	11
0	7
32	40
2	7
0	22
0	4
2	8
14	7
9	5
7	80
0	25
36	46
0	13
0	16
70	4
0	17
32	3
0	10
0	19
0	14
0	40
0	41
2	2
28	0
9	7
22	533
4	16
0	0
0	0
59	78
0	6
13	0
28	92
0	92
18	0
0	0
0	0
8	0
0	71
0	71
15	0
133	117
9	6
43	127
0	410
0	287
0	52
2	1
8	0
0	61
0	1
110	71
16	13
0	13
4	13
8	0
15	296
0	88
0	41
86	93
0	5
0	23
4	1
17	16
0	16
0	3
29	83
54	21
0	1
47	11
0	2
0	6
8	35
3	5
0	4
0	4
7	90
0	59
0	63
0	0
0	5
10	11
3	12
8	7
0	6
0	8
4	0
11	1
55	48
0	106
0	19
0	6
0	163
0	159
56	39
11	39
8	302
9	38
44	29
0	10
0	65
0	65
0	23
0	75
0	5
201	173
0	13
0	11
22	45
131	47
202	107
0	116
0	56
0	7
65	31
16	3
0	45
0	45
0	42
0	9
0	9
6	115
0	139
0	99
0	46
0	139
0	139
0	72
0	72
0	43
2	4
40	4
0	0
5	7
0	4
44	0
0	8
0	15
0	24
0	31
2	24
1	18
0	24
5	22
0	3
2	13
0	8
2	20
0	20
30	294
8	26
11	22
82	3
0	107
7	1
0	107
0	5
0	5
0	107
0	107
9	358
0	101
14	63
5	41
0	40
0	2
337	466
7	546
98	80
0	16
1	25
26	39
79	212
86	41
229	18
0	18
0	0
0	21
0	21
2	415
0	94
135	9
48	0
0	9
27	11
0	11
112	222
0	11
1	477
0	98
51	4
93	4
1	4
24	241
5	17
0	13
49	89
8	68
14	38
1	527
16	46
0	49
0	49
0	46
2	265
0	99
121	134
11	18
0	18
76	0
26	257
0	75
14	58
0	44
0	18
0	18
0	4
20	25
5	0
37	7
0	1
0	25
5	0
3	15
2	9
21	16
0	1
2	72
0	11
17	12
0	18
5	11
0	7
6	0
0	60
0	36
0	36
0	4
10	1
1	213
0	13
130	17
0	208
1	51
0	37
7	16
0	4
192	97
107	18
0	15
49	0
0	28
0	21
7	59
14	7
0	1
47	30
0	61
0	54
6	13
0	8
0	0
59	41
26	21
0	47
0	46
2	11
0	10
0	12
2	3
2	4
0	54
0	60
2	5
0	5
0	5
61	30
14	5
0	9
11	9
0	30
0	0
4	15
24	17
36	17
5	0
7	0
14	0
1	2
0	2
0	0
0	0
24	26
0	26
0	0
0	0
0	0
0	0
0	34
1	37
0	0
8	6
0	15
0	0
41	31
0	7
0	3
110	35
0	15
6	34
10	249
3	0
0	4
0	18
3	21
36	48
0	0
0	16
0	20
0	15
2	33
0	14
0	6
0	71
0	68
0	68
0	8
7	6
3	6
0	74
92	0
0	96
0	35
4	70
30	20
4	1
124	97
0	1
105	4
1	90
1	134
0	122
4	75
0	16
9	5
35	6
98	13
3	9
0	0
0	3
5	137
0	28
0	28
0	0
4	4
0	2
0	0
0	0
7	5
0	0
0	0
0	0
0	2
0	2
0	4
0	30
3	0
22	0
2	49
0	0
32	52
7	0
35	19
0	19
0	0
0	10
0	10
0	103
0	99
0	98
0	37
0	5
1	4
14	16
0	99
0	98
0	0
0	18
2	18
4	16
3	0
0	18
0	19
6	19
57	0
57	207
12	64
3	3
0	1
4	2
7	101
0	96
43	108
0	83
0	55
0	46
0	53
0	40
0	40
0	43
1	32
0	24
0	15
2	4
0	4
8	0
35	11
1	10
23	20
2	22
162	0
42	0
59	27
57	11
1	6
0	19
0	21
29	21
10	11
8	5
119	9
18	403
16	22
0	400
0	18
0	15
0	403
2	5
105	9
0	9
0	0
41	26
0	6
0	6
97	12
0	6
7	6
0	6
26	18
4	1
0	17
6	17
0	5
69	11
5	17
10	96
0	94
23	10
550	0
50	0
0	3
19	74
2	27
9	42
7	42
0	75
0	10
0	2
6	3
1	28
0	63
21	41
0	35
1	0
11	5
16	5
1	38
1	42
0	5
19	28
0	16
0	5
0	17
0	7
0	3
4	15
0	13
0	7
2	13
0	7
0	7
0	8
0	13
114	64
0	61
0	55
0	51
162	202
44	121
0	34
0	31
0	36
3	26
0	37
0	29
0	31
0	12
0	6
2	17
0	12
0	13
0	6
0	0
5	6
0	6
2	5
0	5
0	5
0	130
0	69
0	70
20	61
7	92
0	88
51	107
0	90
2	9
0	25
0	50
8	6
2	6
46	0
0	7
170	7
36	66
0	8
13	18
0	5
5	13
8	24
7	26
0	26
0	5
0	62
0	82
0	148
28	33
2	0
27	0
0	65
0	11
0	82
0	117
180	0
129	110
6	0
255	166
0	10
22	3
0	0
0	3
46	80
22	6
1	9
14	19
2	18
1	0
7	0
1	55
16	0
2	97
33	97
8	45
0	11
0	0
11	5
0	25
0	29
2	26
0	21
0	25
3	2
1	0
0	5
0	10
0	5
0	3
0	1
0	5
0	25
0	90
2	0
0	13
0	91
0	58
0	74
21	39
152	994
35	68
0	3
9	163
0	3
0	82
7	9
8	20
16	2
0	2
52	0
27	104
35	83
4	105
0	50
14	0
0	6
22	2
9	26
2	2
155	125
0	125
8	55
0	12
0	12
175	83
0	102
3	34
3	53
55	31
5	8
3	42
4	42
0	23
0	29
25	43
5	24
0	11
4	6
3	10
2	38
5	25
0	74
0	52
108	6
4	26
0	5
8	17
3	2
8	13
7	13
28	10
0	3
15	0
73	12
1	2
0	42
0	67
0	66
0	62
2	34
8	91
0	1
0	32
17	41
94	54
0	5
0	23
0	27
0	27
0	27
0	15
11	50
0	25
0	22
0	22
0	27
0	22
0	22
0	25
0	21
0	19
0	4
15	1
9	131
0	131
13	153
0	18
2	7
2	53
6	0
10	29
119	29
0	3
11	12
17	28
20	43
0	34
32	66
0	50
0	6
0	2
3	10
0	6
4	6
9	24
41	24
0	9
0	15
1	11
46	55
0	16
0	29
16	7
5	25
46	71
38	23
0	2
0	3
0	45
111	0
0	0
3	0
20	88
84	8
0	8
9	5
3	5
65	15
0	15
28	18
36	11
0	11
0	8
0	3
0	3
0	0
12	1
145	22
0	0
0	8
0	50
0	50
0	246
0	228
0	246
0	14
0	0
0	2
0	186
0	2
16	62
0	5
18	220
0	16
0	0
4	7
0	2
88	167
0	17
4	0
22	13
0	13
11	6
0	68
0	22
0	17
0	68
0	68
0	9
107	96
0	77
143	84
3	3
0	18
0	19
0	19
15	9
0	18
0	7
0	6
7	6
0	1
24	45
0	19
0	19
0	29
0	3
1	25
22	0
0	0
0	2
34	63
2	2
25	49
0	47
0	32
0	3
22	33
7	12
0	5
19	8
0	12
0	18
0	13
32	15
0	9
1	8
0	18
4	37
0	30
0	37
5	5
4	0
0	11
0	11
10	0
2	37
2	140
0	5
0	28
0	3
3	125
0	2
16	14
3	4
0	8
27	6
9	60
0	0
4	0
144	6
0	6
5	3
8	1
32	4
2	2
0	5
0	23
4	23
0	23
13	26
0	26
37	50
0	24
1	0
2	29
0	50
21	10
0	10
0	19
0	25
0	0
0	6
6	6
0	3
3	3
84	8
0	8
20	28
0	24
0	8
0	16
0	2
0	2
0	6
54	36
26	36
6	0
0	61
7	63
0	26
0	3
42	0
12	106
11	2
0	15
0	8
6	16
29	35
0	130
0	8
0	2
0	134
67	59
6	61
0	7
0	19
3	0
0	1
0	2
86	1
0	3
0	1
0	1
0	1
0	3
0	4
0	73
12	73
2	18
0	7
7	8
4	1
10	6
5	7
119	41
67	45
0	13
160	11
0	35
0	13
0	13
0	13
79	8
13	0
36	0
18	104
89	0
0	34
3	37
0	31
0	29
4	4
150	76
20	55
0	13
0	10
9	0
19	0
9	0
0	2
0	51
26	20
2	42
0	42
59	40
0	3
24	19
2	19
0	12
0	13
0	12
0	12
19	102
5	102
2	17
0	17
5	130
0	100
45	141
19	7
49	194
5	136
17	3
35	3
0	141
0	138
27	50
12	1
10	2
0	184
0	112
0	125
0	116
0	131
0	13
0	151
0	132
0	72
0	68
0	51
76	33
0	9
64	77
0	15
0	55
0	30
35	32
0	41
0	14
5	29
12	0
7	40
0	37
0	36
0	1
27	28
0	28
45	1
31	32
6	5
0	36
0	51
8	51
47	4
0	0
15	17
0	15
0	0
2	3
1	0
10	3
0	9
0	3
6	113
0	3
0	115
87	64
0	11
73	77
0	77
0	7
28	2
74	52
0	57
0	10
3	56
3	12
0	28
0	38
7	27
50	131
0	5
1	5
7	5
2	73
0	17
0	4
5	1
12	42
0	39
33	27
0	0
2	14
10	4
0	21
0	21
0	15
21	9
0	1
17	233
1	13
64	0
12	36
0	36
0	16
0	15
0	28
0	11
0	15
0	69
0	43
5	49
12	7
0	8
9	73
7	0
28	67
0	30
50	32
0	14
0	30
0	9
2	2
176	15
0	17
15	37
0	4
0	4
0	0
0	0
6	0
0	0
3	0
0	4
1	140
69	12
0	12
0	0
139	159
12	40
2	5
11	14
6	3
23	0
28	48
0	48
20	29
0	10
119	3
61	6
116	1
105	0
0	0
0	58
0	58
0	55
0	53
0	17
45	16
0	16
15	417
0	10
0	4
0	13
0	14
0	14
0	17
0	14
0	6
0	10
0	5
0	7
0	24
0	5
0	11
0	7
0	16
0	9
49	6
0	10
0	8
0	8
0	8
0	8
0	4
0	2
0	2
0	4
0	6
0	11
0	8
0	8
0	7
0	1
0	8
23	8
0	8
0	5
1	25
0	7
0	25
0	5
0	21
0	11
12	2
0	0
2	0
0	18
12	0
2	17
20	49
0	45
30	0
32	0
40	2
10	2
5	0
70	68
0	63
5	73
0	113
21	57
0	43
0	9
2	9
0	21
7	0
0	43
7	0
2	5
0	43
0	3
0	73
81	7
8	0
0	149
15	180
0	44
0	64
0	27
0	14
0	17
3	15
1	15
0	20
0	9
0	16
3	8
70	55
0	11
0	9
0	1
29	57
1	0
5	12
0	12
0	67
4	18
9	17
8	5
38	88
2	23
7	0
26	48
0	28
0	28
62	33
0	2
0	2
6	245
0	28
0	28
18	30
0	0
0	0
15	1
23	119
0	24
0	0
0	21
0	0
0	3
0	1
0	1
2	0
0	5
0	3
0	0
0	27
25	43
0	14
2	8
0	3
0	46
3	16
0	3
0	0
0	13
6	0
17	17
15	2
0	6
110	9
0	7
0	0
2	0
11	46
27	37
7	37
29	224
0	21
11	222
0	222
3	21
20	0
10	0
54	1
42	0
5	0
0	0
0	0
0	0
1	0
9	0
0	0
10	0
13	72
0	78
0	15
0	10
0	20
12	10
0	12
0	73
3	125
0	123
0	69
0	10
0	10
1	1
0	1
0	1
0	12
0	0
0	13
0	5
0	7
0	114
4	62
0	32
3	54
0	59
32	0
24	5
15	260
0	260
0	160
7	170
0	73
0	0
48	6
0	6
0	0
6	0
0	0
3	11
41	107
5	107
3	40
0	10
10	2
3	3
7	3
0	24
0	24
3	7
0	24
2	17
0	38
0	17
0	30
2	39
0	23
15	13
0	18
3	17
6	1
0	62
0	62
1	50
0	18
7	0
13	0
3	5
0	5
0	5
32	25
0	49
5	57
0	13
0	21
0	45
0	40
0	22
5	2
97	69
49	6
25	43
0	53
0	68
0	46
0	28
0	46
0	53
0	53
0	5
0	53
10	22
0	33
0	21
0	7
118	0
2	76
32	70
0	37
51	41
0	87
0	10
0	20
21	188
0	12
0	87
7	165
0	4
0	25
0	49
0	70
0	70
4	3
0	4
0	23
0	118
0	118
22	48
12	118
0	422
1	437
0	437
1	201
13	6
13	6
0	200
138	8
6	3
1	6
3	583
0	583
0	10
48	49
0	20
0	29
2	136
0	176
3	6
17	24
6	2
16	2
0	146
0	73
2	7
0	57
0	73
17	12
0	19
0	136
0	111
57	55
2	7
0	51
0	16
0	12
13	3
0	12
121	87
0	25
102	63
0	59
43	54
55	23
0	48
15	4
22	22
147	13
210	1010
0	11
2	33
0	33
0	37
0	37
20	37
46	30
36	43
59	36
10	24
26	6
5	0
86	11
3	81
0	76
0	8
67	22
0	15
6	11
0	6
13	3
0	11
42	5
0	0
2	0
0	5
3	0
0	81
0	93
3	3
27	110
0	38
0	38
0	6
0	4
0	1
9	1
0	130
0	118
0	130
0	22
0	14
0	14
0	10
0	135
11	206
0	13
0	10
0	159
0	60
4	18
0	18
30	78
98	0
31	38
0	38
116	0
0	84
0	43
3	265
0	239
0	14
0	3
80	5
7	1
0	4
0	0
9	30
1	60
0	52
0	1
54	15
5	28
0	28
3	44
0	24
0	3
19	23
13	3
0	0
30	20
41	40
0	42
71	8
0	2
9	12
6	10
0	12
1	13
31	25
2	55
0	58
0	55
3	27
0	1
3	6
3	20
4	8
9	36
0	58
43	67
16	151
4	0
22	261
0	104
0	100
0	100
0	21
17	0
49	0
0	14
0	8
9	8
0	6
54	105
29	38
24	38
7	0
4	101
0	105
1	81
8	55
0	32
0	34
0	0
35	12
34	0
0	2
44	8
0	19
2	15
6	9
11	52
3	5
0	52
0	44
0	47
1	4
1	3
1	20
0	7
0	8
0	52
3	63
0	69
12	3
11	9
13	19
0	8
8	5
148	35
10	35
53	18
9	18
213	14
9	9
0	16
2	8
4	103
0	50
8	39
0	48
0	101
113	9
8	22
11	3
0	22
0	30
9	301
32	72
0	71
5	1
2	3
11	13
4	13
2	24
1	22
0	22
9	6
3	2
45	5
177	0
0	10
2	10
0	28
0	28
1	28
25	0
15	0
78	215
134	315
9	206
0	218
0	28
0	85
4	1
1	37
0	5
0	4
0	15
0	0
10	0
2	4
5	127
0	93
0	23
1	2
0	4
0	3
0	12
77	43
0	127
0	122
10	27
0	86
0	25
54	2
0	2
0	2
0	49
0	34
0	32
2	41
54	44
0	0
0	15
4	24
0	0
0	25
0	18
0	41
0	2
4	43
5	0
18	0
0	19
15	15
0	15
0	5
3	12
3	5
0	5
0	10
0	23
0	23
17	12
0	20
16	5
0	5
3	121
11	81
0	4
3	0
5	40
0	1
0	10
57	169
1	168
0	147
15	19
4	15
10	113
8	15
54	154
0	145
28	64
45	150
6	53
4	2
19	33
0	16
9	16
0	19
8	3
0	7
51	21
0	1
0	158
58	56
17	11
0	56
0	59
0	14
0	59
72	10
0	10
3	0
0	122
35	11
0	9
2	20
0	43
3	35
0	48
8	68
0	26
11	20
0	14
0	11
8	0
91	0
11	49
0	49
0	49
18	25
10	25
41	3
0	19
4	3
13	0
0	11
35	0
16	66
0	16
0	24
0	39
0	35
0	15
3	5
2	6
0	3
15	0
34	0
0	43
8	4
0	3
0	11
6	0
0	11
4	0
0	11
0	43
22	94
0	70
29	71
0	3
0	94
0	70
56	79
0	6
56	32
0	27
0	4
0	8
0	32
1	2
0	4
6	13
6	46
0	37
0	16
0	3
0	7
0	8
10	36
0	6
0	11
15	26
26	43
4	47
0	47
0	47
0	22
9	6
0	0
2	0
28	96
56	103
0	2
64	36
0	22
0	24
87	62
0	55
18	55
0	31
0	71
2	22
0	62
0	31
0	54
0	8
0	8
0	10
4	7
0	71
0	159
0	147
0	149
0	159
0	147
0	151
0	147
0	147
0	159
0	137
0	150
0	149
0	149
0	155
0	149
0	151
0	155
0	159
0	146
0	124
0	122
11	116
0	132
0	11
0	0
0	18
0	7
2	6
0	126
0	132
19	0
13	0
0	2
0	10
0	39
0	59
0	43
0	59
4	0
153	28
0	13
0	5
3	0
0	121
38	128
0	8
13	27
0	87
3	13
2	77
0	15
3	13
13	8
67	5
0	0
9	6
34	0
88	37
0	22
0	14
4	17
0	4
14	0
0	21
0	58
0	57
11	7
0	19
0	19
0	9
0	17
8	34
10	5
6	66
10	66
0	5
96	15
35	58
7	1
1	48
28	26
4	24
2	13
21	8
11	7
0	0
0	6
8	0
0	4
2	4
11	20
0	14
0	19
0	15
0	13
30	36
0	36
0	10
0	14
0	12
0	29
0	14
0	12
4	14
13	33
0	14
3	10
0	10
0	12
0	12
0	111
0	20
0	4
0	2
8	4
9	6
0	14
0	12
5	8
10	3
0	3
7	3
0	3
1	3
0	3
16	35
7	0
3	0
1	1
0	1
12	20
0	20
53	3
1	121
10	0
10	0
0	3
2	15
2	15
0	9
0	17
0	7
0	16
29	42
7	16
0	16
0	21
0	12
0	9
0	0
38	116
0	113
5	52
11	20
5	14
0	4
0	4
0	52
4	2
0	0
3	2
0	46
2	2
46	48
15	46
10	0
9	4
0	5
0	20
0	27
6	29
0	8
2	7
2	12
0	12
17	6
16	39
5	22
2	11
1	8
0	19
0	19
0	7
5	7
0	0
59	12
0	9
2	7
12	3
25	72
0	72
0	49
102	117
3	16
0	42
1	41
57	10
38	62
4	70
2	19
18	6
20	10
4	8
2	8
3	2
0	2
0	10
9	81
0	142
17	56
0	171
22	161
0	152
0	114
0	96
0	124
13	1
5	1
21	144
0	109
0	14
0	12
0	19
2	16
0	3
0	6
18	11
140	28
5	6
5	5
0	8
0	4
0	1
4	3
0	5
0	2
89	2
70	72
2	34
0	25
0	34
8	25
52	4
0	12
0	15
4	42
0	35
0	42
0	26
0	52
0	13
0	16
1	4
79	30
0	26
20	13
4	8
11	21
2	21
0	22
7	22
0	7
1	7
0	7
0	0
4	22
9	18
0	11
1	13
0	16
0	5
135	10
25	116
17	56
0	81
0	87
9	7
17	10
0	22
27	18
0	7
0	14
0	58
8	58
3	61
9	58
5	0
0	0
6	0
0	2
9	40
0	46
0	51
0	9
0	10
0	12
0	6
7	0
3	8
0	4
15	21
9	21
0	48
0	5
21	155
0	25
0	48
1	18
12	24
1	17
0	17
60	140
60	20
130	25
0	32
9	1
0	6
0	0
3	2
16	0
7	22
0	25
2	30
0	27
2	1
15	31
17	53
0	15
23	12
10	0
11	26
0	6
4	6
21	15
107	23
12	23
10	26
31	35
5	8
20	34
0	24
0	0
9	3
6	22
0	18
0	17
0	1442
0	890
14	0
0	53
0	71
0	48
0	49
6	1
0	3
0	1
0	43
0	8
0	0
0	13
0	17
1	7
112	0
68	229
33	56
0	56
3	17
0	30
0	8
2	244
10	24
1	22
0	22
0	25
0	24
0	22
3	25
0	153
0	171
3	162
0	70
6	8
11	76
4	43
0	27
4	0
0	27
6	93
0	4
0	82
0	91
6	0
0	0
29	3
0	11
0	1
0	41
15	90
0	81
0	3
49	102
8	2
0	2
0	2
28	0
0	192
30	19
0	13
0	16
0	5
0	38
17	27
13	67
7	78
0	9
0	36
1	0
5	0
60	36
0	39
14	39
0	24
93	18
0	18
0	10
5	13
2	16
0	9
0	6
32	17
3	17
1	5
45	5
1	0
23	13
0	13
27	4
18	8
0	4
0	2
8	6
5	4
3	28
0	3
0	18
0	28
12	18
0	18
8	44
0	25
0	41
10	41
0	12
6	6
1	0
0	44
0	143
0	53
5	0
156	0
23	25
96	25
10	5
1	6
1	582
134	51
15	13
13	17
5	29
176	22
0	15
0	21
35	5
0	24
0	17
0	17
0	10
0	0
9	14
0	23
0	23
0	23
0	23
0	2
0	23
0	13
0	3
0	2
0	24
3	0
71	19
46	0
13	0
3	31
20	8
0	3
0	23
0	15
0	20
0	1
8	2
26	3
0	25
0	1
10	1
4	23
0	14
12	55
28	0
0	58
0	58
0	16
0	22
0	20
1	10
1	9
13	9
15	26
0	26
0	13
0	7
0	2
0	2
0	0
1	0
0	5
6	6
0	1
1	3
30	25
9	0
19	25
85	14
23	0
4	13
0	13
0	13
6	13
2	13
8	25
0	11
0	0
13	0
12	2
13	63
0	35
56	156
0	29
4	23
0	24
0	23
0	22
0	17
0	8
0	5
0	5
0	0
0	122
55	0
127	64
0	64
0	7
2	0
0	1
15	1
49	0
29	92
0	43
0	76
1	27
0	9
0	3
0	11
0	6
0	14
7	14
0	19
10	14
0	22
0	4
0	0
23	45
11	45
0	27
12	0
3	8
7	19
0	4
0	4
226	0
20	59
7	82
0	17
14	13
0	40
3	2
0	7
12	17
29	18
0	0
0	8
0	18
0	17
0	10
0	8
0	7
79	60
8	36
0	8
0	8
26	0
31	0
16	3
0	78
0	76
0	77
0	84
13	35
0	70
0	6
0	70
0	70
49	0
0	446
0	280
0	2
0	25
0	16
0	17
0	17
0	16
0	16
0	2
0	2
0	31
52	10
0	30
10	23
0	22
13	18
0	18
24	16
0	16
1	8
0	0
0	10
0	8
0	8
0	0
0	5
10	9
72	104
2	78
0	9
7	87
0	76
0	26
0	20
0	20
0	26
2	78
8	78
4	0
4	6
0	565
0	554
61	36
0	32
0	10
13	0
89	90
0	2
73	125
0	114
0	14
0	14
0	19
0	9
17	4
0	0
0	574
0	11
38	11
0	0
0	3
3	0
2	94
33	77
0	8
0	16
0	9
6	27
7	22
2	19
0	18
6	5
85	8
2	0
29	8
18	41
0	18
0	4
2	0
4	23
0	30
2	45
0	47
0	36
8	36
0	75
0	63
5	5
33	30
0	8
0	12
0	4
0	5
0	3
0	5
1	3
0	75
25	22
5	22
15	12
3	3
1	7
46	19
0	2
9	2
29	3
154	433
4	30
0	2
0	2
1	0
65	7
0	4
0	3
2	3
54	133
0	7
41	21
0	7
0	7
24	15
0	9
0	1
27	34
34	34
24	13
0	8
0	14
7	15
0	22
0	16
60	9
0	9
0	9
42	10
0	10
4	8
16	22
20	4
0	6
0	14
2	16
0	4
4	80
3	73
68	11
0	51
4	59
4	116
0	152
0	147
2	152
0	141
0	74
9	34
0	65
3	52
0	12
0	28
0	31
0	8
0	6
0	9
0	8
0	0
10	2
8	5
60	53
0	65
43	61
0	19
57	7
0	60
0	9
0	12
0	4
128	2
93	29
43	36
17	17
51	28
0	1
6	9
0	8
0	110
0	110
78	4
6	7
53	6
3	3
9	16
14	13
0	4
52	0
171	39
0	26
0	3
4	10
0	9
0	3
2	0
4	0
0	0
6	0
7	98
0	89
5	51
0	91
0	19
0	18
0	11
16	11
0	19
357	34
13	7
0	6
9	4
3	5
0	5
6	2
3	2
3	1
2	9
0	9
6	10
0	30
35	37
0	31
18	10
8	9
4	41
0	35
3	11
0	13
0	20
0	16
0	13
0	13
0	16
0	0
0	13
43	56
0	29
0	20
2	34
1	20
0	24
4	22
0	12
0	8
8	10
0	41
0	127
17	68
0	68
0	18
2	7
50	3
0	3
6	0
6	12
0	12
0	68
0	66
0	67
0	67
92	80
0	61
0	9
0	11
1	48
0	48
62	18
0	14
0	4
0	4
83	61
0	56
0	8
1	6
348	85
9	45
0	51
0	85
5	19
22	37
0	11
12	22
0	10
0	22
0	6
0	35
0	14
0	6
0	16
6	13
4	128
11	128
0	95
0	6
16	8
50	35
36	0
3	6
0	6
0	6
5	0
1	6
0	2
67	24
0	14
1	14
6	22
0	2
128	104
26	127
51	85
0	87
0	15
0	36
8	17
8	0
0	6
0	0
8	0
0	2
0	81
38	7
0	3
0	7
51	0
0	0
79	26
44	23
85	43
0	129
0	132
0	6
1	1
0	100
32	1
68	5
0	2
51	0
0	2
0	2
0	46
0	0
0	23
5	46
0	82
0	81
0	1
0	1
0	72
6	82
22	4
1	1
3	5
207	74
0	64
2	61
21	61
4	64
0	64
0	59
4	1
92	21
63	11
41	10
0	0
0	10
0	10
0	5
51	65
0	65
3	34
14	15
0	1
0	5
0	47
0	48
3	1
0	12
9	0
3	207
36	0
112	0
0	66
0	5
0	64
5	65
1	14
0	13
0	0
0	17
4	23
4	23
29	19
19	19
0	19
0	19
16	77
0	77
0	83
0	83
24	60
2	27
3	335
13	22
0	22
1	34
0	28
151	8
0	8
0	5
47	48
0	14
3	9
4	18
1	16
65	30
0	0
0	0
0	0
0	0
0	4
0	4
105	11
0	6
0	0
0	3
34	52
0	5
0	5
0	10
0	8
0	11
12	161
128	3
0	21
0	14
10	155
0	142
4	9
0	11
5	9
0	10
0	5
0	3
0	23
16	44
0	28
0	30
0	6
0	28
39	56
0	15
0	2
4	0
14	2
0	0
0	30
19	2
2	2
65	96
5	15
14	9
65	216
0	81
0	1
0	1
2	1
0	0
0	5
0	34
1	6
0	0
2	0
6	0
0	54
0	13
0	13
7	0
0	57
0	16
0	13
2	0
2	0
20	78
3	3
10	4
1	4
0	162
0	50
0	5
9	11
0	64
0	0
0	1
0	6
0	9
0	0
0	164
0	16
0	10
0	14
0	6
51	50
0	37
0	27
33	4
0	4
0	9
0	19
3	9
7	1
0	18
27	7
18	63
278	220
0	49
0	7
0	6
0	3
0	4
0	3
0	4
0	4
5	30
0	3
30	156
0	3
0	4
0	13
0	10
0	4
0	3
0	4
0	4
0	4
0	4
0	1
5	3
5	0
67	21
8	2
0	18
0	18
4	8
215	98
10	0
1	50
0	13
0	44
0	23
0	15
0	15
0	23
0	8
5	44
9	44
0	21
0	43
0	15
0	3
0	15
1	7
0	3
140	28
11	5
17	1
11	67
7	67
65	0
7	32
0	7
2	7
0	5
0	36
0	5
0	2
0	8
0	2
0	0
0	24
12	41
10	60
7	7
0	19
0	41
0	29
3	116
0	5
0	72
10	105
0	21
12	74
0	72
2	8
0	30
8	90
0	90
0	60
0	22
13	226
3	3
1	252
0	277
0	261
51	0
10	0
22	0
5	0
10	30
1	30
0	8
11	3
0	3
22	0
25	74
0	63
0	16
2	11
0	12
0	13
5	7
0	13
0	3
79	0
32	101
2	0
0	0
0	9
11	0
5	130
0	130
0	16
6	50
4	11
77	498
10	29
0	3
0	21
0	2
4	0
0	141
0	132
0	69
3	71
0	71
0	210
0	210
0	210
0	210
0	82
0	82
0	82
0	2
2	1
24	164
14	12
1	0
3	10
18	10
50	0
0	73
0	73
4	19
0	59
0	49
3	49
0	10
0	12
0	24
0	8
6	14
1	15
0	30
0	63
0	63
0	2
13	39
2	0
5	0
0	8
6	8
0	6
0	11
0	7
0	7
0	21
7	7
33	21
0	1
8	11
0	5
5	33
13	11
0	12
0	4
0	1
0	4
0	7
0	8
6	5
0	5
14	2
4	9
2	0
0	7
7	7
11	0
6	131
89	131
0	100
0	100
12	25
0	13
63	14
16	14
48	67
0	34
32	133
10	10
0	4
0	3
0	11
0	3
9	11
51	8
0	13
0	8
3	14
0	14
95	1
24	36
2	13
37	36
0	0
6	10
48	11
24	11
76	7
17	7
31	22
0	15
1	6
0	22
0	83
0	52
0	33
0	53
13	37
17	57
0	34
19	11
0	64
5	6
34	6
93	6
21	12
153	15
3	2
6	0
9	13
0	0
0	2
0	6
0	2
0	0
0	6
3	0
5	2
0	0
0	0
0	9
0	9
0	9
0	4
0	4
0	4
0	9
0	0
0	7
0	3
137	0
0	0
2	0
0	60
0	33
0	20
0	60
0	110
53	4
0	27
0	110
0	95
5	0
22	62
0	4
0	4
3	4
0	2
0	0
0	2
0	2
0	0
5	4
8	48
5	8
286	0
13	146
0	106
0	13
0	6
0	57
0	106
0	5
0	26
0	19
0	15
0	13
4	13
28	4
0	24
0	90
6	2
0	76
2	56
1	76
0	63
12	31
5	286
0	130
39	4
0	17
38	44
0	0
40	51
0	49
0	15
0	15
2	1
2	1
0	11
0	28
0	25
0	47
0	8
0	3
0	3
10	22
0	0
2	51
3	514
0	381
3	43
3	183
4	56
0	173
10	173
15	0
0	16
29	57
0	124
45	120
0	6
2	2
0	0
0	2
0	143
13	32
3	51
0	520
0	525
60	39
17	8
0	16
7	2
0	2
0	55
0	55
0	4
0	45
0	51
0	6
16	8
0	75
0	75
15	46
0	37
0	19
0	5
10	5
4	0
0	0
0	3
28	9
1	0
52	0
5	36
0	109
1	21
4	14
0	74
2	15
0	100
9	34
0	49
0	69
0	39
0	44
0	52
0	33
0	24
0	39
0	69
0	34
0	26
0	13
1	109
0	65
0	19
1	6
0	7
0	94
0	76
14	44
12	4
0	34
18	4
0	13
0	13
0	76
0	76
0	76
0	3
60	34
7	20
0	29
0	4
25	217
0	132
10	47
0	4
11	56
0	12
0	44
0	81
0	25
1	47
0	35
5	131
0	91
0	173
0	153
0	221
28	262
0	221
0	7
0	0
0	0
0	0
0	2
0	0
0	2
0	5
64	225
0	3
0	0
1	1
0	48
0	48
0	41
0	45
18	42
3	14
101	18
0	11
0	10
0	11
0	10
0	14
0	28
0	24
14	66
26	66
3	50
17	0
0	57
1	77
33	82
0	50
0	21
0	15
1	0
0	3
0	2
0	2
0	11
0	10
0	15
16	0
0	48
48	49
0	75
0	49
0	38
16	34
38	26
0	38
8	13
20	13
0	10
0	10
6	8
0	51
0	52
0	52
0	8
0	7
0	7
5	7
0	1
0	2
7	1
0	0
2	0
38	3
0	64
0	64
0	53
0	52
0	53
0	67
0	58
0	34
0	24
0	30
0	30
0	15
0	27
7	8
0	9
0	15
20	35
6	36
2	8
6	36
21	44
0	44
24	48
3	40
0	25
5	3
7	9
0	16
31	16
0	16
12	8
0	41
204	37
17	14
0	0
49	0
0	32
8	23
0	32
52	0
0	3
42	10
0	10
0	5
1	5
26	121
17	88
4	23
0	87
2	10
0	10
127	0
18	103
0	106
0	66
13	6
0	3
20	6
1	1
9	9
26	25
0	17
2	20
0	2
0	25
0	151
0	168
11	28
50	9
0	131
17	0
9	13
0	56
0	56
6	11
0	11
0	13
0	12
0	13
2	13
0	13
6	9
42	23
0	4
252	91
0	90
5	1
81	0
0	30
0	30
48	18
0	10
0	20
0	4
0	16
5	0
0	12
28	3
0	72
0	68
0	20
0	73
0	17
0	41
5	7
0	2
0	15
0	31
54	0
9	14
7	53
9	34
0	34
0	34
2	6
7	0
0	77
0	90
0	90
0	77
0	90
0	77
0	90
3	78
0	7
0	7
17	0
4	1
88	10
49	16
7	55
9	57
77	73
0	0
5	0
42	27
0	10
3	0
22	0
20	10
0	73
7	67
0	67
43	168
1	16
0	12
0	12
0	11
0	8
0	5
0	14
0	14
6	513
0	143
29	13
0	13
0	2
11	17
0	18
0	13
0	13
10	4
8	3
1	3
3	0
0	0
52	403
12	1
11	0
4	18
0	5
11	0
0	5
2	0
5	18
33	0
10	89
2	101
0	101
0	101
0	37
37	6
86	6
1	3
0	3
8	0
0	114
6	114
0	30
0	93
37	31
0	75
0	93
73	21
0	17
0	5
0	8
0	8
12	318
0	82
67	4
21	4
9	38
0	38
10	7
0	8
4	0
4	37
0	30
46	8
7	8
46	23
0	16
0	9
0	31
0	37
1	37
0	19
0	2
0	5
0	5
3	10
0	11
54	9
181	5
0	2
0	2
8	1
0	0
59	22
2	22
183	44
0	73
0	5
67	20
0	73
2	64
0	36
0	61
10	9
0	31
10	8
46	7
4	0
72	6
0	6
36	99
0	99
8	73
15	48
0	28
0	25
0	18
0	13
51	213
27	62
7	44
0	2
0	2
15	16
0	16
73	16
0	14
265	98
0	9
0	5
0	11
0	5
0	4
0	4
10	429
0	70
8	0
0	139
0	136
0	56
0	59
4	24
18	24
5	22
5	22
0	98
6	88
3	79
20	9
9	17
4	51
0	52
54	23
6	86
0	55
9	62
0	8
78	10
6	43
0	14
0	14
78	6
24	0
58	85
0	81
7	203
2	3
0	94
0	14
0	9
2	191
88	31
21	26
0	9
0	9
0	72
0	32
0	41
0	41
53	1
9	11
0	13
0	13
0	21
168	332
3	69
0	14
0	23
23	12
0	73
52	36
0	9
0	64
23	10
2	5
0	0
18	33
0	29
0	33
0	3
0	3
0	11
0	28
6	3
8	4
0	9
14	40
9	4
0	0
33	766
0	311
0	951
109	974
0	703
0	342
0	400
0	302
0	151
12	82
0	37
12	44
0	951
0	1
0	131
15	131
0	0
3	0
0	2
2	2
15	1334
0	1062
148	48
74	44
8	14
0	7
62	42
0	42
3	6
3	2
0	4
0	0
11	19
3	6
19	19
11	12
0	6
10	6
0	7
0	0
0	44
0	45
0	7
0	6
22	37
91	14
14	1
104	8
5	5
20	11
0	13
9	0
46	14
0	9
0	4
4	4
0	9
9	54
0	54
16	54
11	14
3	6
40	14
1	12
3	14
3	7
0	2
30	10
5	10
2	0
0	17
0	17
3	1
0	10
343	139
0	139
69	23
0	2
0	23
53	176
0	57
1	21
0	58
0	54
173	615
0	25
12	25
10	0
34	0
38	33
0	6
0	1
0	0
92	0
5	62
0	57
0	78
0	82
62	194
0	77
7	77
0	51
7	48
6	4
0	8
0	12
2	26
0	6
0	30
12	20
3	136
2	17
0	28
138	0
36	30
0	27
5	286
21	73
4	63
47	81
0	15
0	304
4	11
7	6
1	17
0	8
6	5
7	3
22	0
47	96
4	21
0	48
0	65
0	5
0	56
7	14
0	14
33	0
64	18
204	29
1	6
0	18
2	242
61	9
0	4
0	0
86	31
1	8
52	23
0	71
0	98
0	98
0	96
0	96
0	96
0	96
0	28
8	128
0	37
0	104
0	108
51	11
0	11
0	37
0	5
0	29
0	20
0	31
0	25
5	109
108	13
2	4
0	63
15	68
0	63
0	63
0	57
0	33
18	65
0	11
0	3
0	3
0	3
0	18
0	15
0	68
128	95
0	15
0	61
0	48
0	6
0	20
3	13
0	7
0	1
43	28
2	2
0	25
7	14
68	216
0	30
0	30
0	30
1	15
7	15
0	2
2	0
0	13
0	13
0	11
0	13
0	5
2	33
0	16
0	5
0	0
0	0
24	36
23	2
6	2
0	45
0	11
5	0
10	0
3	8
34	29
0	10
0	10
0	10
15	13
0	8
11	2
1	3
0	1
8	134
0	28
9	153
27	149
0	84
15	0
71	0
3	45
0	45
0	186
0	36
14	6
0	38
0	10
0	0
0	40
0	6
10	6
0	0
8	69
0	69
0	30
0	0
75	16
3	0
9	0
7	19
0	11
2	8
0	43
0	44
0	32
0	33
0	23
13	23
0	42
0	51
0	52
0	56
0	56
55	10
0	12
1	43
14	43
0	43
0	0
36	0
5	9
6	5
0	1
0	4
0	0
2	76
0	25
0	11
0	30
0	78
0	7
3	32
4	37
0	36
0	37
1	27
1	27
0	14
69	23
0	5
26	0
6	122
0	93
2	8
14	29
0	29
0	1
0	5
5	13
16	16
0	106
10	44
0	44
10	24
70	6
10	6
37	5
0	25
0	24
0	19
0	1
0	7
0	7
29	35
0	32
19	13
20	2
0	17
0	25
22	18
0	4
0	3
0	9
0	0
0	22
0	5
0	14
0	9
0	0
0	44
7	69
0	16
10	0
0	0
0	0
0	32
42	32
2	0
0	10
2	10
13	3
14	8
47	79
7	79
123	61
94	4
0	25
0	20
2	6
0	5
0	0
0	94
18	15
0	94
10	28
9	53
0	18
8	24
0	25
0	202
0	202
0	5
0	5
0	31
7	5
3	3
0	12
0	12
0	27
0	118
10	18
79	100
5	14
17	20
0	14
118	7
0	38
0	38
3	0
15	0
0	47
2	60
10	31
0	11
0	3
10	0
0	0
0	3
0	0
0	5
0	0
5	501
31	22
0	18
11	13
59	0
34	18
0	94
0	56
7	37
10	37
7	41
0	51
3	10
9	7
0	11
0	11
0	11
0	10
0	4
4	4
0	17
0	11
0	11
0	52
0	52
0	52
15	0
41	17
4	5
0	12
1	258
0	49
4	5
2	15
0	49
5	16
1	11
122	82
0	0
0	10
22	213
0	35
47	26
57	28
0	9
22	1
39	9
0	5
0	2
8	0
0	17
3	97
0	243
0	55
0	33
32	34
0	6
14	14
0	0
0	13
0	3
4	3
0	12
5	247
0	6
0	17
0	51
1	11
87	86
0	53
10	100
0	86
0	114
0	44
118	550
0	38
10	42
77	26
16	25
1	78
31	110
11	54
139	58
0	28
0	38
0	6
32	2
12	11
0	11
0	11
4	59
15	29
0	57
46	0
1	5
0	14
0	55
3	19
4	54
2	54
0	40
0	24
4	22
9	18
3	309
83	23
0	23
53	11
4	12
0	3
0	1
19	1
7	26
0	9
0	3
0	2
0	6
6	5
0	4
7	136
0	133
16	44
27	0
10	21
0	34
13	35
11	0
0	128
5	128
0	107
5	107
9	30
0	19
0	23
0	23
0	11
0	20
0	16
0	5
6	17
56	28
0	27
0	14
0	27
0	14
0	5
0	8
0	7
7	13
0	18
28	23
37	11
34	8
98	90
0	90
63	44
18	3
0	1
4	25
0	25
0	1177
0	1062
0	16
0	58
15	58
0	16
4	1
23	231
1	6
4	289
10	4
0	3
0	3
0	16
29	0
0	27
5	0
0	27
36	4
0	0
0	4
0	0
1	0
0	0
0	3
14	39
220	35
0	7
51	122
0	10
0	4
0	112
0	115
8	87
0	107
0	14
0	87
118	66
9	13
5	0
45	113
0	8
11	24
0	33
20	39
82	5
0	0
6	3
0	3
171	72
4	5
13	308
13	79
32	744
0	1
125	1864
0	1
70	14
6	10
7	21
0	0
0	0
0	0
17	14
2	0
0	0
0	16
18	32
16	1
40	2
42	31
0	11
3	3
2	0
0	5
59	46
0	46
2	8
0	2
0	45
0	6
0	113
28	4
0	4
0	251
0	251
6	198
4	50
0	170
2	175
0	164
0	169
0	10
3	36
0	28
20	28
4	2
4	18
16	11
0	31
11	34
0	26
0	77
0	30
0	19
0	8
0	28
0	52
107	831
36	29
11	8
0	88
137	140
12	200
5	63
0	45
0	10
2	5
2	0
66	106
4	51
0	55
0	51
0	37
0	28
0	11
0	11
7	4
0	4
2	1
0	51
0	55
4	232
38	15
37	16
0	21
0	8
5	8
82	0
7	83
0	69
68	56
10	4
0	40
3	5
1	0
0	2
23	36
0	2
0	2
177	89
0	89
0	51
0	50
8	37
0	0
0	0
0	6
57	6
0	2
0	3
32	12
0	11
4	3
0	2
0	3
0	92
22	86
0	17
0	74
0	92
91	109
68	2
0	22
5	14
0	0
18	1
0	1
0	7
96	20
0	131
0	54
21	0
28	4
0	0
0	0
0	4
0	4
1	0
0	0
138	84
0	62
6	11
33	12
0	3
57	45
0	28
0	5
60	26
8	2
0	20
0	2
52	2
59	9
0	4
0	0
0	0
48	0
3	1
0	17
17	22
0	17
0	11
1	6
13	0
2	89
16	16
0	75
0	0
1	5
0	0
0	0
0	3
0	46
0	139
0	139
0	138
0	123
0	107
4	22
0	16
0	22
0	21
0	22
0	21
0	5
11	0
43	8
62	0
29	0
11	16
8	19
0	16
6	16
0	3
0	47
10	47
0	3
0	0
1	0
2	0
7	0
211	33
0	30
50	7
0	1
0	1
55	12
0	4
0	0
5	8
184	57
3	54
4	21
8	4
2	77
15	63
0	40
0	3
11	3
0	63
55	0
17	0
3	0
18	35
0	6
29	11
0	39
0	4
3	6
8	7
0	0
4	0
123	0
10	0
102	18
38	449
0	374
0	45
0	58
0	20
2	11
10	82
6	82
8	8
27	896
10	40
0	106
0	106
0	94
24	195
0	11
0	35
0	52
7	52
0	35
76	0
3	168
31	157
0	45
0	37
0	11
15	11
0	24
0	10
6	0
1	10
9	4
6	27
11	31
0	31
2	58
0	58
0	53
0	39
10	29
0	18
22	40
0	68
5	25
0	18
0	2
2	40
2	2
23	1
0	0
36	4
7	0
31	21
9	12
77	11
29	9
0	1
14	1
0	9
103	0
2	0
4	63
24	63
1	45
0	30
0	45
16	14
0	16
4	22
5	90
0	26
0	27
0	31
12	28
0	30
0	30
0	14
0	0
249	111
0	64
116	21
0	47
1	22
10	22
0	22
0	21
38	8
0	16
0	20
49	15
0	13
2	3
92	0
11	12
0	12
0	12
27	12
0	5
50	21
0	71
44	73
36	15
0	27
1	27
0	32
0	32
0	32
0	32
0	35
0	30
0	29
3	22
0	19
0	18
0	17
0	16
0	5
101	16
0	4
0	3
2	9
0	12
0	12
0	9
16	10
0	42
69	21
4	33
1	42
1	0
2	20
66	67
0	2
0	66
7	5
0	1
0	3
69	5
16	96
0	94
8	27
6	32
8	5
5	5
0	7
0	7
5	2
0	2
7	280
12	36
13	42
5	74
0	8
0	43
0	40
0	3
0	0
0	0
0	0
0	41
0	10
47	118
0	39
0	118
37	51
2	20
2	5
52	31
0	0
2	264
0	43
0	43
2	1
0	1
0	32
0	21
0	155
0	116
0	3
0	35
0	5
62	47
4	6
0	8
66	49
6	0
0	9
3	9
0	8
0	135
0	84
0	89
0	12
0	12
5	190
0	23
0	177
68	0
6	1
1	0
3	21
4	28
11	104
4	2
0	14
3	23
26	23
62	36
31	12
0	37
4	57
0	30
0	48
0	34
11	6
0	7
0	8
1	5
20	22
7	2
6	11
5	64
2	60
56	60
0	2
4	58
0	256
71	47
0	138
8	145
6	26
0	16
0	122
0	72
0	73
0	73
0	21
3	10
118	16
0	6
23	6
4	6
17	5
0	7
305	12
24	0
9	0
4	211
0	58
8	67
3	42
0	0
1	0
81	23
34	23
0	10
0	114
0	44
0	26
0	169
0	53
0	24
22	8
11	0
2	4
0	4
3	24
0	24
1	24
7	88
0	24
73	0
11	20
38	20
13	0
17	39
0	29
0	30
0	49
1	49
0	15
0	16
0	16
4	6
0	15
3	56
0	272
0	138
18	6
0	18
0	21
0	67
8	23
0	2
0	9
21	71
12	0
130	157
0	58
0	141
0	84
8	90
0	8
0	9
0	2
1	2
0	7
10	1
37	11
0	8
0	1
192	187
0	5
42	0
4	11
0	11
0	152
0	49
9	168
0	126
96	95
1	15
0	12
12	6
1	4
0	49
0	39
4	0
0	0
0	0
27	3
0	15
0	25
116	96
14	6
0	6
0	6
14	18
0	0
93	5
88	16
1	4
0	11
0	11
1	11
90	6
101	6
102	59
0	47
0	4
0	6
122	3
0	26
0	26
0	8
56	9
0	4
0	5
0	0
0	5
0	31
3	119
134	142
3	82
0	82
58	165
0	14
0	0
6	61
192	814
78	37
0	13
0	13
0	11
22	40
1	18
3	16
0	12
0	12
11	0
13	52
20	43
0	4
1	5
3	0
6	14
14	0
6	6
13	6
15	6
21	9
25	55
0	48
0	17
0	45
10	21
0	21
2	15
0	63
0	85
0	45
0	2
0	4
3	4
36	8
0	22
7	14
8	35
0	30
0	0
0	1
24	28
0	0
0	6
1	20
7	29
0	7
0	26
0	12
0	7
0	7
0	6
0	9
39	28
0	28
0	28
3	28
0	50
0	43
6	13
0	43
0	7
2	3
0	2
0	37
6	25
0	26
0	48
0	83
7	67
0	83
0	0
3	30
0	32
0	15
29	0
0	8
0	5
0	3
10	5
0	5
5	2
51	75
0	75
6	77
59	34
0	70
14	0
0	104
0	104
10	13
0	6
48	28
0	16
4	1
9	13
34	14
3	14
10	63
0	63
28	17
0	27
158	58
1	51
13	30
15	7
0	88
48	65
49	43
21	13
12	1
27	1
3	1
10	33
5	16
10	72
0	28
0	28
18	38
0	8
0	35
11	25
0	28
0	28
0	6
0	0
0	3
26	108
0	11
0	108
65	31
0	53
2	42
0	33
0	26
0	12
0	10
11	3
0	5
43	4
0	83
66	14
0	90
13	14
31	14
0	7
8	9
0	4
34	3
16	84
0	11
0	15
0	1
6	32
0	68
30	22
0	2
8	204
0	204
70	53
2	53
37	22
6	20
0	7
0	7
4	4
54	0
0	4
0	58
0	53
0	29
0	41
153	14
0	13
0	16
3	10
0	5
0	1
0	3
26	0
40	16
32	122
11	70
3	4
0	78
0	26
0	11
13	6
6	70
0	85
0	14
26	33
2	68
1	27
26	30
0	26
0	49
0	49
14	13
0	46
3	9
9	24
2	80
19	12
0	22
0	100
0	10
114	128
0	132
0	4
17	39
0	31
0	2
0	17
0	9
20	6
0	17
2	76
201	104
0	104
7	41
0	29
0	41
48	51
38	90
45	152
0	25
0	48
0	2
0	5
1	23
45	23
0	6
0	4
0	0
0	12
0	13
41	17
0	10
4	17
0	11
46	4
0	49
0	20
0	44
0	49
0	20
0	43
1	30
0	20
0	24
0	18
0	0
0	1
0	26
28	46
0	46
2	0
15	47
3	54
0	60
0	35
8	2
22	13
0	2
0	2
19	0
53	91
0	8
0	9
0	0
0	0
5	8
0	1
7	119
80	2
38	0
1	121
69	101
8	35
0	64
0	33
0	24
1	24
3	0
0	4
7	21
58	222
0	218
170	0
94	18
0	16
0	11
18	14
0	14
3	15
13	5
5	53
87	6
11	17
40	52
30	68
24	39
0	56
4	77
0	75
4	18
153	85
0	55
0	66
4	17
6	13
0	3
0	14
0	42
0	0
0	16
5	14
0	10
5	6
0	8
0	5
5	20
42	0
116	2
21	11
0	11
2	11
0	106
9	29
0	49
2	49
0	123
0	17
28	29
0	58
12	29
0	0
3	0
35	7
2	5
0	30
0	30
0	25
0	5
139	0
87	0
4	83
0	85
7	2
116	168
0	172
0	171
0	174
0	177
0	17
3	146
0	30
0	11
0	31
117	3
0	1
4	2
6	19
14	2
1	42
23	9
19	0
1	9
0	0
13	29
0	29
7	3
0	5
0	29
13	13
0	5
1	5
0	5
0	5
0	7
6	1
69	0
14	11
0	11
10	4
2	0
141	0
0	43
0	11
6	31
0	6
0	12
31	10
103	107
0	60
2	60
0	35
26	13
57	17
0	17
39	55
19	24
8	24
32	86
0	86
0	35
17	0
139	17
158	25
13	24
0	1
0	79
0	19
0	17
0	0
0	6
26	0
188	89
0	6
0	60
2	94
0	85
0	57
0	89
0	91
0	93
0	7
0	7
0	0
0	91
0	96
0	63
0	15
0	4
0	2
0	7
0	59
0	83
2	95
0	17
0	15
0	31
0	83
0	20
22	71
3	6
9	4
1	39
0	9
1	16
0	9
0	6
0	9
3	46
40	47
0	38
9	9
0	9
0	9
0	14
0	9
0	4
2	10
41	50
0	14
0	5
0	5
0	0
0	1
0	6
0	1
200	17
4	5
24	13
0	13
0	13
10	5
0	2
4	0
0	177
0	16
0	175
21	85
0	34
39	33
63	8
19	2
47	2
6	2
6	2
94	27
23	49
0	49
6	0
0	18
0	6
0	0
0	12
36	49
3	49
0	19
46	8
5	8
13	0
14	13
0	11
0	11
0	11
6	1
11	4
0	15
0	14
5	14
0	14
0	2
0	4
10	1
2	4
0	0
0	0
0	2
6	2
0	2
1	2
0	2
5	2
0	2
1	2
0	0
0	0
0	0
0	0
0	28
0	28
144	213
12	35
3	49
13	23
19	23
8	406
40	99
61	51
67	7
0	53
1	8
0	50
4	1
3	29
28	46
0	46
1	3
0	3
10	20
0	15
10	41
68	74
501	14
8	16
0	1
0	1
2	18
4	26
3	26
0	1
14	55
57	55
4	20
0	21
3	24
0	21
0	24
3	24
2	914
9	25
6	4
36	40
0	8
2	0
0	40
65	76
6	29
9	61
26	68
0	52
0	17
1	0
0	13
4	9
6	34
14	7
0	8
0	12
46	706
71	47
13	31
7	15
3	2
0	4
14	12
0	214
0	214
0	20
0	13
0	13
0	13
0	13
0	0
2	0
3	15
0	0
15	0
278	134
0	65
0	69
0	1
2	1
0	5
0	1
0	9
0	9
0	0
0	4
106	171
0	52
0	65
6	8
28	56
0	56
4	30
5	2
74	48
8	3
2	1
0	2
24	2
0	46
48	11
0	4
64	7
0	10
1	4
0	7
0	157
0	36
0	2
2	4
0	155
2	27
0	27
5	12
70	26
6	16
0	16
0	8
2	13
2	4
5	1
9	138
12	138
0	118
7	0
2	34
9	35
7	39
8	31
2	23
4	25
0	21
0	16
0	16
0	8
0	0
0	0
0	1
0	1
0	0
55	24
114	20
0	89
0	87
0	90
0	88
0	87
0	87
0	89
0	17
76	95
0	10
15	18
6	9
13	10
0	5
0	93
0	93
0	17
2	10
0	43
11	17
1	18
0	92
27	40
0	33
0	8
3	4
86	29
5	4
0	0
0	11
14	14
0	5
256	169
0	161
29	16
0	7
8	30
0	10
4	22
72	0
0	43
0	39
0	33
30	4
30	1
0	3
0	32
26	45
0	23
11	61
0	61
169	0
44	40
0	37
49	2
0	2
0	4
7	4
70	0
38	83
0	66
29	71
0	54
0	26
24	98
0	26
0	16
0	0
0	5
1	5
28	34
5	9
0	30
0	30
0	3
42	78
7	17
22	5
4	30
6	33
0	33
0	33
0	28
42	7
0	7
39	22
20	60
3	60
0	48
8	10
0	12
0	7
93	2
0	2
1	1
0	38
9	80
0	79
0	29
0	1
2	17
0	73
14	5
63	17
14	88
0	0
0	16
22	52
0	39
0	34
0	45
0	8
4	2
21	0
1	12
9	12
3	1
0	7
0	7
0	68
0	68
0	61
0	57
0	40
0	28
0	8
5	8
0	8
3	4
3	1
16	9
0	14
0	56
2	11
0	11
0	11
150	20
0	3
3	20
4	2
29	3
231	283
0	4
0	20
0	64
15	77
0	39
8	7
1	1
27	39
51	0
48	392
38	23
2	56
140	79
11	61
3	82
0	11
0	71
47	31
0	21
0	17
0	37
2	66
18	106
0	8
1	3
0	7
2	9
0	9
4	4
0	23
10	2
0	16
23	0
54	6
28	4
0	0
0	1
127	0
55	0
27	6
23	5
11	29
1	59
0	57
0	57
2	54
0	55
0	56
0	57
0	107
3	59
0	107
0	26
0	73
4	50
66	0
7	1
0	100
49	19
22	90
306	5
7	8
1	4
2	0
1	4
1	4
0	0
30	97
0	97
0	79
0	12
0	4
0	26
0	2
3	4
0	32
0	3
0	19
27	5
9	7
0	7
2	0
0	2
5	4
0	32
0	4
6	34
0	2
25	78
15	0
0	42
17	31
0	11
37	18
33	49
0	18
0	22
0	29
0	13
0	125
3	130
0	30
0	20
4	22
96	131
15	42
0	133
0	70
0	6
2	7
31	92
5	0
4	3
20	6
1	90
0	90
0	34
0	38
2	36
18	51
14	37
4	37
3	6
7	0
35	1
0	0
0	1
0	1
271	1
1	72
3	73
3	9
0	13
4	3
65	16
6	2
24	3
0	96
0	101
19	33
0	13
0	10
0	93
0	6
104	1
0	4
0	2
9	4
0	7
7	6
0	15
10	4
0	9
77	11
15	54
141	136
0	56
5	5
0	30
2	9
0	8
31	38
5	0
53	15
67	62
15	6
76	0
0	5
0	3
20	51
0	49
19	18
0	6
7	30
0	7
0	8
51	65
29	4
0	1
0	61
20	43
92	14
17	14
78	0
6	5
0	3
0	76
0	76
0	76
0	70
0	2
0	5
7	5
1	0
0	10
0	2
0	52
4	8
0	25
5	0
0	16
4	5
8	85
0	42
1	18
0	102
0	85
0	81
35	96
4	40
7	35
0	40
0	11
1	5
127	27
0	27
5	52
27	0
8	2
0	19
0	2
11	16
1	16
0	16
0	19
8	12
0	3
4	6
28	52
0	36
0	16
26	10
0	5
2	0
0	5
3	0
138	0
19	46
0	46
0	22
0	6
32	1
18	16
18	3
2	63
51	6
4	65
0	66
2	7
232	0
209	104
0	25
13	30
9	31
4	47
39	20
79	7
21	69
8	27
0	19
0	6
1	59
0	23
0	0
4	27
2	6
90	13
0	13
1	21
21	57
0	57
16	21
0	19
7	5
0	19
2	15
0	19
0	19
4	0
0	56
10	19
0	9
7	34
0	19
289	34
0	24
0	9
49	3
13	6
1	42
130	249
0	32
0	19
15	15
2	6
1	0
0	3
0	3
0	0
55	7
39	0
10	34
0	34
0	57
0	12
0	50
0	64
0	49
6	16
0	64
11	3
20	46
0	8
15	40
5	13
1	59
18	59
4	9
9	9
37	0
0	23
0	23
0	26
0	7
0	15
10	26
0	5
0	4
0	5
0	10
0	15
3	5
0	10
4	17
5	27
3	6
11	17
0	17
3	7
16	6
1	10
66	5
6	5
3	5
20	45
11	38
0	30
0	39
0	0
0	26
14	22
13	0
18	0
45	0
10	72
0	36
0	32
57	3
1	0
4	12
0	41
43	0
0	83
0	10
0	93
0	94
0	6
3	6
0	12
5	8
0	83
1	32
33	94
41	94
0	89
22	72
0	51
0	64
18	14
0	16
4	0
0	34
0	34
4	34
9	17
11	0
0	15
0	1
0	0
0	0
3	13
22	14
2	1
0	13
0	29
14	17
24	4
5	1
0	4
0	7
19	37
2	7
4	36
0	37
0	36
0	34
0	25
62	6
38	48
0	58
75	104
0	5
22	46
0	67
0	70
0	40
0	44
9	5
0	17
8	480
4	36
0	10
0	14
1	6
6	2
40	0
0	13
13	13
305	9
32	2
5	0
16	21
14	21
10	15
3	6
0	35
0	35
0	5
6	70
4	69
3	2
2	16
44	379
0	1
0	52
6	1
9	36
0	36
0	13
7	45
8	13
0	9
0	28
41	74
0	20
0	1
87	0
0	20
0	15
0	19
0	34
1	12
4	14
0	34
7	5
17	0
71	46
22	23
16	38
6	1
79	13
31	12
15	34
3	34
0	12
30	34
27	0
0	20
0	27
4	27
107	156
7	15
0	78
0	88
0	117
0	115
0	112
0	6
9	3
0	64
97	4
19	44
0	45
0	0
0	1
38	117
1	84
5	6
0	1
0	29
5	7
0	7
7	9
0	4
2	0
15	0
0	15
0	85
4	88
0	36
1	33
0	23
0	10
3	16
0	17
6	24
9	15
0	3
0	3
6	2
4	48
0	48
40	15
2	15
75	1
5	34
6	13
6	5
0	21
28	0
8	7
0	14
17	27
7	2
15	2
140	558
8	57
36	32
97	55
2	7
0	42
0	13
65	3
0	3
0	3
4	3
10	3
13	20
11	8
0	29
2	21
0	7
7	5
23	68
0	58
8	19
0	6
118	45
1	45
63	86
0	67
0	36
0	55
0	11
61	51
3	46
37	36
8	0
0	68
15	48
5	181
31	51
0	180
5	117
5	18
70	87
16	51
17	41
10	116
0	24
0	11
0	10
0	7
27	52
0	52
62	29
0	29
0	20
0	9
0	9
1	26
82	4
0	67
7	67
0	13
0	2
128	74
0	57
4	15
4	6
2	68
4	0
11	86
7	86
0	13
0	13
8	4
23	15
20	58
0	20
0	62
0	47
9	47
0	47
0	58
12	6
0	52
0	35
0	10
0	40
0	57
0	5
58	32
0	20
3	30
0	31
0	32
17	32
0	0
6	4
86	14
2	4
0	16
3	16
1	16
46	26
3	6
0	0
0	0
35	95
5	0
0	0
14	12
1	1
0	0
14	27
13	1
55	27
13	0
32	16
0	30
0	30
0	27
0	5
0	31
0	4
8	0
12	0
34	9
3	7
0	9
25	26
45	0
0	38
0	41
1	43
0	3
2	3
0	4
84	1
5	0
14	0
0	94
7	94
222	9
2	8
27	5
0	8
20	8
28	12
0	12
0	12
5	0
57	0
0	0
53	15
5	0
8	1
0	1
0	7
5	0
0	10
19	5
0	144
4	146
116	0
9	89
0	50
35	52
0	12
0	46
32	105
0	61
0	65
55	63
69	118
0	1
32	332
0	28
22	28
3	0
13	12
2	64
0	53
62	40
0	4
7	11
22	87
0	33
0	39
2	33
0	33
64	33
56	47
35	27
8	14
21	26
17	63
0	71
0	47
0	25
24	2
14	15
0	0
0	0
0	0
14	173
3	0
0	0
2	5
0	75
0	66
0	5
12	12
12	35
0	8
0	64
8	5
12	2
0	13
0	8
34	33
0	30
0	14
14	15
0	6
57	3
0	9
0	5
0	8
2	7
0	8
6	4
5	4
0	1
0	4
11	8
16	16
0	6
0	5
0	5
49	7
0	3
13	10
0	25
5	34
1	25
0	19
1	58
15	62
0	0
97	33
53	11
9	0
56	11
0	37
13	17
19	7
89	5
46	126
0	111
0	9
0	44
0	7
9	4
0	4
1	0
79	57
0	50
0	37
4	0
11	19
0	19
0	2
1	13
40	0
45	48
0	48
21	41
0	39
0	17
0	0
4	0
9	2
0	97
20	66
4	57
0	61
0	66
2	5
0	50
151	24
0	7
6	0
0	0
2	17
0	0
7	43
5	38
0	33
23	33
0	24
0	15
110	0
2	124
3	24
5	21
0	11
0	19
0	6
0	5
0	124
60	0
5	0
17	43
9	1
0	43
143	61
2	37
22	43
13	37
17	32
35	20
0	101
33	71
6	49
28	1
2	2
3	6
6	134
5	134
6	134
0	134
0	134
0	37
38	56
0	127
28	4
0	4
2	19
0	29
10	25
0	1
6	188
10	71
0	62
31	57
0	55
0	162
8	6
7	1
96	0
0	25
16	160
0	21
22	4
5	14
0	12
23	5
9	15
0	126
0	29
23	31
0	0
7	4
4	6
0	3
2	25
10	38
0	22
0	14
36	18
24	13
0	5
22	0
0	109
0	109
17	18
0	168
0	168
0	21
2	12
0	9
0	48
0	127
0	23
18	47
4	0
0	9
18	182
0	11
13	11
0	36
0	24
1	5
0	0
0	26
0	24
18	26
0	8
0	17
0	11
12	2
36	54
0	54
0	36
0	39
2	41
2	41
0	33
22	0
27	16
0	6
2	3
18	107
0	35
0	35
0	35
0	22
0	35
0	15
0	10
0	26
4	4
16	103
35	34
77	163
0	85
7	177
0	72
0	5
7	0
0	110
0	52
1	7
5	6
0	1
2	4
0	24
0	25
0	110
0	68
6	72
16	17
0	61
0	0
0	12
11	0
0	15
7	4
32	13
0	29
0	7
0	7
0	5
0	0
14	16
0	72
8	58
0	59
28	50
0	47
0	59
27	48
0	8
2	38
13	196
7	8
13	149
15	3
0	196
49	25
0	262
3	241
0	26
1	73
27	9
0	6
0	69
0	69
0	0
0	0
48	12
29	9
0	0
0	9
78	25
0	132
3	136
0	132
0	132
0	7
0	10
2	1
0	14
0	42
0	17
55	28
18	59
0	4
0	55
1	51
13	0
118	90
0	77
0	47
5	4
53	38
18	68
136	2
3	2
54	0
31	5
6	60
0	13
0	32
0	59
1	20
0	20
1	15
0	15
0	3
0	11
0	11
43	0
15	3
0	2
212	35
39	72
3	13
21	40
0	34
0	6
16	22
0	16
12	12
22	22
0	6
0	12
0	44
0	77
0	3
0	36
6	3
2	6
0	18
0	42
0	83
0	27
0	78
0	83
0	5
3	22
34	31
0	29
4	7
47	99
12	111
0	98
242	2073
0	20
0	38
0	26
0	62
0	23
68	7
69	33
5	4
29	28
0	5
0	16
0	15
0	9
0	87
0	49
19	65
61	0
0	30
0	30
9	98
19	72
0	12
1	98
0	142
4	71
12	129
1	80
84	0
0	31
0	31
8	7
0	93
4	93
0	70
0	70
0	13
1	0
123	224
6	27
4	1
85	108
36	4
1	0
0	0
0	0
16	26
0	0
6	0
61	62
0	32
9	32
4	30
0	20
0	12
0	1
0	12
0	0
0	15
0	6
0	6
0	2
0	0
0	2
0	111
0	111
0	0
4	10
303	54
29	2
2	18
0	48
7	44
0	44
27	0
6	2
0	7
1	70
2	70
0	31
0	31
0	1
0	1
0	1
6	0
0	31
47	168
0	137
0	128
63	2
0	16
0	16
3	8
19	101
0	5
0	0
0	163
0	161
0	163
9	91
13	36
2	74
0	68
0	69
0	7
1	5
16	10
0	44
16	45
0	8
0	0
4	46
0	154
2	95
0	162
0	162
4	36
51	13
2	8
0	10
0	14
1	150
33	88
0	98
11	99
0	23
0	97
0	37
0	27
0	27
0	27
0	27
0	3
0	0
0	6
2	3
10	7
0	13
5	43
7	43
23	178
3	40
0	137
0	137
0	9
6	62
2	6
92	21
13	32
4	17
0	16
85	12
34	20
39	6
4	6
38	0
0	31
1	31
0	0
15	6
0	3
0	9
0	9
99	139
24	1
0	46
33	18
0	41
25	8
0	44
8	0
0	73
0	55
0	11
5	38
8	50
8	15
0	15
28	19
0	1
0	7
0	10
4	0
0	4
6	0
0	32
96	37
0	32
0	3
53	13
0	7
3	9
3	3
6	0
30	0
6	31
0	5
5	96
0	19
0	14
3	120
0	16
0	4
1	2
5	3
0	2
0	2
84	95
1	95
41	16
0	11
194	0
44	0
18	0
28	25
0	25
6	27
5	26
0	21
0	3
10	3
19	2
0	2
0	1
9	2
11	196
0	32
14	63
0	62
0	28
0	53
0	24
0	24
152	265
0	2
27	0
0	5
0	25
0	27
3	35
0	19
0	21
16	97
0	40
0	9
0	41
0	17
17	26
30	31
0	16
44	28
0	8
5	27
0	1
0	27
32	109
0	96
28	9
0	17
7	8
15	7
0	7
48	39
3	57
19	55
7	14
137	37
117	0
0	0
83	24
0	23
0	7
0	13
0	11
0	10
5	10
0	8
41	0
5	22
0	20
8	2
1	0
5	1
2	8
0	18
16	2
39	13
0	7
6	1
5	0
1	3
61	81
0	118
0	118
14	46
11	32
0	29
0	24
13	26
23	33
0	11
0	8
0	28
0	2
0	0
2	2
0	51
2	107
29	24
4	46
0	80
0	7
0	9
14	5
7	13
1	6
1	25
2	24
0	114
0	110
2	23
0	14
0	9
0	37
0	15
0	4
0	7
4	195
0	8
0	12
40	10
9	10
0	195
0	17
0	17
0	10
9	4
102	899
0	15
6	10
4	10
3	8
18	7
0	7
18	6
0	4
6	6
15	0
111	91
0	25
7	10
12	40
0	13
1	2
0	20
0	20
0	2
2	0
0	31
36	12
15	12
0	3
0	74
4	74
4	5
5	14
7	8
0	8
19	3
17	3
27	88
0	88
0	123
0	124
13	129
2	1
1	5
0	129
22	3
37	72
0	88
0	76
0	88
9	466
17	493
0	108
0	7
44	32
20	32
11	22
0	166
0	7
0	6
0	143
7	4
0	148
0	74
0	74
5	0
0	100
0	142
0	96
0	164
0	2
8	18
0	6
47	45
0	24
0	30
0	37
0	24
0	45
0	21
46	20
0	11
31	21
0	14
3	10
71	0
0	24
0	23
0	5
2	9
68	26
14	46
0	26
0	26
39	20
5	117
30	111
1	101
3	101
0	31
0	1
0	0
80	41
14	41
3	19
0	27
6	51
14	51
0	38
21	31
0	36
0	27
5	38
18	3
31	43
5	43
57	7
0	39
6	20
0	6
0	6
0	0
0	39
148	20
2	3
19	5
71	1
67	2
0	0
0	2
2	0
1	0
0	7
2	7
55	0
10	0
36	7
0	0
17	317
4	341
0	340
5	282
9	268
0	232
0	24
0	341
32	0
0	103
0	94
0	57
1	103
9	13
0	65
0	62
0	81
0	15
0	32
4	49
26	0
26	41
0	32
3	13
0	8
5	0
0	62
0	9
1	11
0	62
0	11
0	27
0	26
39	56
0	8
0	61
17	61
0	10
0	10
12	23
0	8
6	0
0	3
0	3
0	5
0	12
0	3
0	5
5	0
2	1
6	1
0	4
8	4
4	71
0	21
39	67
30	19
3	28
15	20
0	8
67	39
0	25
3	20
9	23
0	4
1	0
0	0
2	59
7	59
36	11
1	11
2	24
65	45
0	20
0	38
9	0
1	30
3	1
5	14
4	11
57	10
114	22
13	90
0	20
0	20
1	11
0	11
0	138
0	138
17	1
4	53
3	3
4	50
27	12
0	13
16	13
1	2
11	2
19	0
0	7
132	0
15	0
0	61
13	61
5	26
0	4
5	2
0	0
0	2
3	2
51	46
0	39
0	345
0	21
0	16
2	341
0	2
1	59
0	13
0	59
0	37
0	59
0	50
0	2
48	2
0	1
0	0
0	0
0	14
0	3
0	3
29	0
5	3
0	1
57	35
33	0
4	2
9	0
5	2
5	11
0	14
0	12
17	23
74	14
0	19
43	13
1	0
20	18
0	18
53	0
5	7
6	5
0	5
83	0
0	2
0	11
16	12
0	1
0	1
0	8
21	45
45	0
0	7
0	25
0	25
58	0
0	17
0	13
7	9
44	18
0	2
5	2
5	7
13	0
1	0
164	43
0	4
4	6
19	82
0	82
0	81
0	1
0	1
8	0
103	0
4	4
19	4
0	24
0	90
2	52
0	90
0	73
0	125
0	125
21	1
29	17
0	131
0	131
0	45
0	46
0	48
0	48
3	48
2	8
0	17
79	21
18	0
8	0
0	0
28	16
15	18
10	18
4	0
0	3
2	9
0	9
0	14
1	50
26	58
0	31
31	2
5	0
1	16
11	4
1	10
5	10
24	32
0	32
28	20
14	13
0	12
0	1
0	1
0	10
43	72
1	72
32	35
0	67
2	9
6	9
0	8
23	14
4	2
87	265
0	10
9	4
25	53
1	16
20	26
0	26
4	35
0	35
0	8
0	8
1	8
0	0
0	0
24	4
39	52
18	52
9	0
2	0
0	150
0	26
0	150
18	22
19	27
0	22
16	72
0	11
50	34
0	20
0	57
0	22
12	18
0	16
0	6
0	39
0	8
0	7
8	9
27	21
38	8
90	4
37	30
0	12
4	2
0	30
68	41
13	15
0	26
4	9
0	17
6	7
0	7
5	7
10	63
7	50
6	4
0	17
0	47
25	21
0	35
0	21
59	29
12	29
4	9
0	11
0	11
0	1
6	1
0	1
0	1
0	4
213	0
0	183
0	139
0	101
43	0
43	39
0	6
0	40
277	21
10	52
4	25
0	46
30	17
8	17
15	0
0	61
0	14
0	14
5	16
0	10
0	6
0	8
51	0
1	4
0	4
0	0
2	0
8	71
0	71
0	10
0	10
10	34
4	34
63	40
48	7
8	13
8	35
0	24
57	0
128	0
4	5
0	0
27	19
45	31
0	10
58	12
0	122
0	122
7	97
1	21
16	0
51	34
0	0
0	0
0	2
0	0
6	1
3	8
6	6
5	16
0	32
1	32
0	8
33	0
167	0
0	161
0	120
7	157
0	19
6	132
65	14
7	10
30	0
0	66
3	16
22	1
20	1
0	65
22	6
23	12
0	44
0	54
3	6
0	6
23	42
14	14
10	11
2	8
0	44
0	44
0	18
0	0
0	14
0	12
28	0
0	0
0	5
0	15
0	15
0	9
0	2
0	42
0	42
2	70
16	25
0	20
0	16
0	213
0	113
5	30
55	2
63	0
11	24
56	29
0	16
0	11
6	1
2	7
2	0
41	9
71	9
344	18
16	8
0	0
11	10
2	11
8	11
0	11
2	6
0	4
0	1
0	2
0	65
0	45
0	65
14	101
0	1
0	0
85	101
0	51
0	51
74	74
0	55
2	22
1	0
0	19
5	19
7	49
0	5
1	47
0	47
3	50
3	35
6	14
4	8
13	9
2	6
0	47
85	21
49	21
19	195
0	44
0	36
3	0
0	7
48	23
63	18
2	10
28	40
3	46
44	240
0	28
5	63
0	51
0	29
29	76
0	73
0	42
0	32
2	10
0	57
19	26
0	14
0	22
81	304
18	3
0	0
32	0
1	3
0	324
7	63
0	84
0	81
0	84
4	14
0	13
0	13
10	22
16	22
27	16
0	84
106	0
368	20
0	73
5	19
0	23
0	60
18	58
0	45
0	144
94	193
0	204
0	74
0	207
80	0
0	164
0	3
0	29
0	11
0	0
18	46
0	118
10	108
1	64
9	107
46	2
43	91
3	71
3	29
24	30
0	29
3	29
13	0
51	14
41	35
0	3
1	3
54	57
0	50
0	52
4	31
15	31
12	122
0	122
0	13
1	13
0	13
7	4
2	2
0	2
1	0
0	2
5	0
0	0
96	0
0	37
0	23
0	37
0	37
0	37
21	33
5	19
11	18
0	18
0	1
44	2
3	147
0	140
2	1
2	9
0	3
40	22
2	362
4	3
12	0
16	3
26	179
0	47
0	31
40	53
0	46
0	41
0	41
0	203
0	203
0	11
0	4
9	0
1	8
0	18
10	270
10	0
2	7
12	61
104	70
0	40
0	30
0	40
0	8
0	1
0	0
0	0
0	32
0	12
0	32
0	23
72	6
92	17
3	12
0	107
2	18
87	12
0	6
0	2
0	1
7	1
23	3
0	1
3	1
13	88
20	19
18	69
14	0
48	18
0	18
0	18
0	18
6	29
0	29
0	2
0	3
20	0
41	36
8	34
12	0
8	0
0	11
0	11
0	0
0	102
0	81
18	55
0	54
0	17
0	7
0	7
10	1
0	128
0	43
0	124
0	86
1	0
0	0
23	153
30	77
2	16
11	22
0	27
0	13
77	61
0	9
3	4
0	5
0	5
2	6
0	12
2	8
2	3
0	16
6	7
0	6
5	13
0	5
12	13
13	55
2	140
0	95
0	54
36	76
0	25
0	42
0	30
0	20
2	35
0	13
0	41
0	66
0	66
292	162
0	99
0	86
0	229
40	215
0	27
0	10
0	135
0	65
0	2
0	2
9	2
25	20
2	3
0	0
0	0
4	0
0	4
0	30
0	30
96	69
7	13
0	3
0	3
0	3
0	3
0	1
0	4
0	4
0	47
9	0
22	36
5	105
9	22
0	40
2	44
0	16
0	2
36	32
0	8
1	49
0	15
0	39
63	49
0	35
0	2
0	27
0	27
0	27
8	0
13	234
6	232
7	6
0	18
2	38
0	59
0	3
0	8
0	7
37	22
49	20
7	13
4	0
55	0
56	98
0	80
0	90
0	98
0	15
7	2
4	0
11	42
0	40
0	68
3	2
0	27
167	56
0	26
113	74
15	19
0	2
33	3
0	10
2	71
70	20
0	8
0	3
0	3
0	0
0	3
0	7
18	65
0	54
0	65
0	40
4	56
0	55
0	9
0	14
9	49
0	11
0	12
0	11
4	8
13	113
0	130
10	109
0	49
0	26
0	24
0	21
0	16
0	9
5	14
52	16
0	8
0	17
65	12
0	130
18	25
142	9
0	10
0	22
46	44
21	59
96	77
2	62
0	59
2	4
0	3
6	6
11	55
0	55
0	28
2	101
40	0
0	21
7	43
0	30
0	101
22	26
0	1
2	0
8	0
0	0
4	0
0	6
1	24
10	33
6	22
3	30
0	33
12	26
0	19
0	26
0	21
0	123
0	6
0	0
0	0
237	41
3	30
115	112
34	0
0	12
37	58
4	79
9	38
2	49
13	37
0	33
26	44
31	13
21	125
0	41
0	3
0	1
0	88
2	14
1	91
26	56
0	91
36	67
0	43
0	6
12	2
47	4
2	0
0	0
1	117
3	13
0	112
0	13
0	21
0	3
1	0
0	17
122	32
0	7
0	8
0	16
0	8
9	0
3	4
8	12
19	39
0	30
0	30
4	57
0	59
0	7
5	7
0	14
0	7
1	5
35	7
0	7
145	72
0	60
17	16
35	50
22	50
0	13
0	8
1	0
10	21
0	0
0	21
0	57
1	60
0	60
0	60
0	9
7	3
6	0
0	0
0	0
4	45
0	45
0	45
0	4
75	119
0	114
0	0
5	3
0	0
0	12
0	5
11	3
6	65
24	42
0	12
18	12
7	11
0	10
0	2
0	2
1	78
0	2
0	80
6	12
0	29
0	33
0	9
0	4
0	15
0	14
0	26
0	23
0	19
41	17
54	14
2	14
0	15
10	5
0	5
3	1
13	2
58	155
4	235
0	39
15	39
0	10
0	23
0	9
4	9
3	8
5	440
0	438
58	17
0	436
0	31
28	352
0	23
0	18
5	12
50	14
0	18
0	23
1	20
0	23
0	5
0	26
0	23
0	12
16	41
1	53
4	0
98	12
0	69
0	16
19	66
0	2
3	2
0	2
0	66
0	61
11	35
0	3
0	30
0	0
3	32
0	28
0	0
18	5
0	7
0	28
0	15
0	244
39	19
4	12
1	9
0	9
0	9
0	3
0	1
3	7
0	258
108	1
9	270
64	29
0	13
144	52
0	14
4	0
0	29
10	0
2	155
74	2
19	2
0	0
0	35
0	38
0	39
2	38
0	3
0	2
3	22
5	12
19	19
0	24
0	7
31	0
0	107
4	62
0	95
32	19
0	19
0	8
1	1
0	109
0	109
37	69
23	15
2	15
0	8
0	2
0	0
2	80
0	53
48	16
0	16
16	47
0	128
3	97
9	9
4	18
0	25
3	4
10	3
20	15
28	15
0	0
58	11
0	54
0	31
35	57
0	85
0	66
18	79
0	2
0	78
0	78
0	12
0	78
0	78
0	60
2	5
4	77
0	30
1	35
0	35
3	336
41	49
21	55
29	48
0	47
0	9
0	4
0	21
7	31
1	31
2	0
0	18
0	6
2	6
0	1
4	7
8	11
5	20
9	40
0	62
3	99
0	39
14	0
0	13
1	2
37	11
16	76
0	76
10	84
5	79
11	5
0	3
0	2
0	7
0	193
3	0
2	147
0	208
0	202
0	124
0	124
15	8
8	8
43	33
0	31
1	31
9	9
7	9
0	5
109	120
8	64
26	4
87	21
0	14
0	4
0	1
35	17
0	20
0	4
52	98
6	111
0	29
0	33
0	13
36	37
0	28
0	29
2	27
2	37
0	31
0	3
18	57
0	51
37	176
0	50
0	18
0	19
0	51
0	39
0	15
0	32
0	30
6	3
0	27
0	54
0	68
0	68
0	70
0	70
0	68
3	68
8	31
0	201
75	120
0	155
2	47
4	47
3	11
21	45
0	196
36	12
0	12
59	58
2	4
29	4
0	0
4	0
1	0
2	0
0	55
155	26
5	20
0	2
0	2
4	110
99	43
0	1
24	26
0	8
36	437
7	0
3	29
0	7
22	0
4	90
4	59
0	76
0	32
0	33
0	23
14	20
8	24
0	38
41	64
0	46
5	19
10	34
0	516
0	499
60	10
6	88
1	15
0	15
19	88
2	1
0	81
0	18
0	51
0	1
9	80
48	41
27	58
0	58
0	2
47	162
0	15
0	15
0	58
11	15
1	15
0	14
0	4
0	15
0	8
10	14
0	35
7	35
0	881
106	1005
0	135
0	19
0	19
11	13
13	5
8	0
0	1
16	81
0	48
28	48
12	25
0	25
4	15
0	16
0	16
0	2
0	17
43	19
2	4
6	22
0	74
0	20
0	68
0	5
0	7
65	46
1	46
15	103
0	4
0	0
0	7
73	21
0	6
0	2
0	4
0	5
0	8
0	2
27	357
0	177
53	0
1	469
173	15
0	15
33	53
0	11
12	87
0	79
28	16
43	8
0	1
10	9
15	30
53	30
0	1
2	79
0	9
0	75
61	117
0	117
1	6
3	1
3	0
3	0
20	87
25	54
0	25
0	36
0	26
0	46
0	20
0	30
18	10
0	5
16	23
0	23
0	5
0	10
0	33
54	43
5	274
54	71
8	71
13	43
0	21
4	13
1	31
10	1
15	1
0	64
0	64
0	15
0	22
0	16
6	27
146	49
22	28
0	49
0	40
2	9
73	15
2	21
0	312
0	208
1	128
1	165
13	14
5	10
0	12
0	11
12	42
0	22
0	165
13	53
0	9
0	55
0	20
0	11
2	7
4	32
0	10
4	8
62	0
34	14
0	23
25	125
7	125
0	113
0	21
22	15
105	18
0	1
86	2
0	2
0	43
0	43
11	4
15	23
22	2
9	10
0	18
0	2
0	10
126	78
0	78
8	1
12	2
4	4
0	163
0	163
0	19
15	27
0	28
0	52
0	52
0	40
9	0
0	12
0	3
0	26
3	26
0	26
0	46
0	7
0	7
0	7
0	6
0	3
0	7
0	7
8	7
0	4
22	6
0	5
0	48
0	48
103	10
34	95
10	14
0	14
4	0
0	28
8	22
0	28
0	0
0	0
0	0
5	0
45	43
0	66
0	9
0	0
0	57
0	28
4	24
0	14
24	14
0	14
10	0
4	32
0	32
332	669
33	331
0	9
7	9
3	4
4	0
4	55
2	55
0	292
53	0
113	64
3	2
0	4
1	36
9	57
7	2
0	0
3	4
58	42
2	22
4	20
22	0
0	294
5	71
0	52
10	24
0	7
0	0
0	20
85	5
0	0
0	5
0	5
0	3
13	0
0	0
0	10
47	13
0	415
152	111
0	45
0	57
0	9
0	57
17	8
0	8
0	1
41	96
9	1
1	0
5	66
16	22
24	0
4	261
12	146
44	38
9	37
0	124
0	5
0	15
6	2
26	62
28	110
0	81
1	32
0	20
0	15
0	79
4	280
8	54
5	0
9	0
0	55
0	1
17	55
0	44
0	54
0	35
0	44
45	53
0	9
0	11
0	34
0	58
0	71
0	71
0	47
5	0
0	857
33	9
34	34
0	857
0	8
5	0
63	5
4	7
0	67
8	301
6	3
5	2
54	1
0	83
13	13
4	15
0	12
21	73
0	27
9	0
54	48
0	15
3	1
0	14
10	26
0	26
0	26
0	37
22	51
0	24
0	28
15	0
3	14
0	62
3	63
0	10
98	9
30	98
170	49
0	49
10	49
0	66
0	4
0	2
5	4
8	17
38	0
27	13
1	1
1	12
72	28
0	28
7	36
0	36
0	35
6	3
1	2
0	2
1	2
0	2
0	1
3	5
9	5
53	10
0	10
0	10
0	98
22	98
0	4
2	3
1	0
1	352
26	32
4	11
21	32
8	0
85	96
0	129
0	111
0	11
1	11
11	11
0	8
0	0
0	0
0	127
0	83
7	9
43	22
0	89
0	130
2	88
77	17
25	5
0	12
20	0
10	132
0	132
0	132
103	115
0	89
0	89
0	89
0	89
0	93
0	93
0	93
0	93
0	93
0	93
0	52
22	6
42	15
0	15
51	409
13	9
5	26
0	97
8	9
3	9
12	9
63	17
0	45
90	5
0	0
2	1
2	0
85	37
0	37
19	56
3	56
0	12
0	48
0	53
0	56
1	3
27	25
5	22
2	1
81	36
8	1
0	6
5	12
1	0
0	7
0	0
0	15
8	0
5	52
0	6
0	13
0	4
0	11
0	11
31	59
0	52
61	10
0	14
32	48
50	164
42	189
0	228
0	214
0	22
5	73
16	3
14	46
6	21
0	14
0	21
8	139
0	24
31	27
0	136
24	7
0	6
0	4
27	0
18	8
0	25
0	1
1	24
12	11
16	137
3	0
0	0
3	0
0	49
6	57
0	41
23	73
0	2
0	4
0	0
0	4
7	55
132	54
1	3
8	4
0	9
0	9
46	0
9	19
29	22
53	19
2	0
57	70
13	0
23	78
10	1
0	1
9	1
0	60
0	1
7	5
46	6
0	8
0	21
1	8
0	14
3	0
2	21
67	31
35	31
1	26
0	25
2	0
0	0
13	19
0	11
0	8
0	8
2	8
10	17
5	9
15	102
39	60
0	13
0	62
4	0
0	3
15	44
45	44
0	95
0	92
16	13
58	18
44	145
7	18
0	49
0	49
51	0
15	33
0	42
1	4
0	1
2	0
0	0
5	28
3	3
22	141
0	64
2	22
0	12
15	94
33	111
14	141
0	0
0	143
0	108
0	36
55	92
14	13
0	12
53	95
0	3
46	20
2	14
1	8
3	14
0	51
23	61
0	0
0	39
0	5
0	15
6	3
6	10
27	58
0	33
113	0
0	108
86	108
0	14
0	29
0	12
2	20
3	12
0	8
3	0
1	17
6	49
0	49
1	16
0	95
5	77
4	76
0	66
0	7
6	76
11	70
0	52
49	11
81	35
143	18
55	1
0	4
0	3
1	15
107	90
25	51
5	65
0	140
83	0
0	159
8	126
57	158
63	53
1	5
14	35
12	64
61	26
135	1
0	108
0	108
110	81
1	40
0	38
0	73
0	85
0	20
19	77
0	7
0	96
10	14
0	20
0	35
0	6
0	44
0	11
3	14
0	9
0	10
0	24
30	102
11	5
0	9
0	22
11	9
6	54
5	54
4	12
6	40
0	5
16	5
7	5
20	40
0	4
0	34
3	0
10	0
87	35
0	31
7	47
23	29
56	148
0	45
5	33
0	101
0	0
0	0
0	4
0	3
2	3
3	4
14	7
7	7
38	57
8	56
15	5
1	1
0	7
0	7
8	2
10	2
0	12
40	26
6	0
0	13
2	13
0	13
0	3
6	7
0	0
0	16
49	113
0	104
0	207
9	48
0	37
13	0
0	19
11	204
6	24
0	37
0	1
4	36
0	22
32	22
4	3
7	109
1	24
0	7
0	7
0	191
12	119
0	2
67	177
0	80
0	91
0	117
5	2
3	10
0	0
5	4
204	10
0	4
2	1
65	0
103	13
6	13
10	61
5	25
0	20
3	20
0	35
0	9
0	0
10	9
4	83
0	27
0	8
0	5
0	27
0	22
0	0
0	22
149	0
0	22
6	18
35	7
6	4
20	8
0	0
4	4
0	4
0	4
0	15
0	19
0	19
0	7
20	3
0	3
6	79
39	3
125	131
33	28
76	37
41	12
35	24
41	6
0	49
15	26
16	26
22	181
8	35
8	52
96	131
0	128
0	128
0	125
15	51
0	51
0	51
31	1
0	1
0	13
1	24
0	24
0	14
0	8
0	24
10	0
0	56
6	56
0	12
0	6
0	6
0	30
0	0
30	52
7	52
14	28
40	0
2	15
0	28
5	28
0	23
17	2
2	4
33	2
1	5
0	5
0	1
12	7
1	7
0	61
11	74
0	80
2	5
141	5
9	5
16	98
1	61
0	38
0	29
15	14
24	8
3	8
0	8
6	0
7	0
7	81
0	86
0	82
23	15
37	46
0	82
1	52
0	9
0	4
4	11
0	54
9	54
0	15
0	11
94	29
19	33
11	30
24	30
51	14
0	234
0	115
0	222
0	92
0	18
91	23
0	10
60	7
0	4
33	21
14	13
0	47
0	33
0	40
0	27
48	12
0	12
33	33
11	19
0	34
0	34
0	3
0	3
0	8
55	26
0	18
1	0
1	4
1	2
0	63
3	63
0	55
0	47
98	45
0	8
7	1
0	6
151	11
0	4
0	5
62	167
0	6
36	6
15	108
0	27
53	8
7	19
0	178
14	7
0	5
0	72
0	167
7	261
8	5
0	5
5	13
2	10
0	3
9	343
0	75
67	75
0	57
0	64
4	85
0	5
5	35
0	23
0	44
0	54
12	16
0	1
43	49
16	12
7	0
4	151
7	43
0	14
0	29
5	13
0	13
0	2
0	2
6	0
0	2
0	0
7	11
1	13
4	9
3	9
0	129
9	142
0	40
7	11
3	1
0	1
1	5
19	212
1	33
0	25
0	5
75	3
5	30
0	246
0	339
1	13
33	50
0	22
0	11
0	14
0	49
34	150
24	295
0	19
0	1
0	1
8	21
0	21
0	21
8	18
17	28
0	28
70	0
46	240
4	0
5	44
0	44
0	13
0	0
0	0
0	42
0	10
0	36
0	9
0	23
0	6
2	6
0	0
23	195
25	185
13	36
28	33
0	9
0	127
0	4
7	25
12	25
0	25
6	25
0	15
10	1
0	1
2	0
0	4
0	7
7	4
0	36
0	1
0	26
0	20
11	3
0	2
19	0
0	22
0	36
33	27
2	29
5	19
1	4
2	4
0	2
0	0
6	449
13	9
0	6
0	2
0	0
0	3
8	31
0	36
0	5
0	45
0	45
2	57
0	113
4	115
0	8
0	60
6	13
0	60
0	89
2	93
0	120
0	59
0	7
3	45
0	19
0	8
5	22
23	0
44	27
0	9
2	18
0	1
0	0
0	15
0	50
0	22
12	0
0	30
0	16
12	157
1	8
0	11
3	120
3	30
6	4
0	4
2	18
0	88
30	60
1	56
0	56
1	270
100	43
73	34
1	18
24	38
0	2
2	16
8	17
12	100
0	100
0	10
7	3
15	3
0	10
0	36
2	31
3	3
0	32
160	41
0	4
0	2
24	155
6	2
0	3
0	0
5	79
0	0
0	0
0	18
0	18
16	43
14	0
0	0
0	18
0	18
0	18
0	43
0	43
29	39
0	7
4	25
0	4
0	312
0	213
7	24
4	24
0	10
0	17
1	21
0	8
2	3
7	5
0	56
14	108
2	202
2	32
8	199
0	11
0	11
0	41
1	0
0	2
0	34
0	0
0	41
21	2
1	7
1	7
0	5
0	3
1	0
0	3
11	107
4	107
2	244
69	85
10	29
0	7
0	18
0	47
0	8
0	10
30	10
0	22
6	10
13	6
12	18
0	2
12	249
46	55
13	55
10	16
0	0
14	16
34	95
0	95
0	7
1	3
0	3
0	0
37	0
0	59
0	13
0	67
0	65
0	62
0	61
1	13
8	8
7	4
29	4
31	22
7	3
3	6
4	5
0	1
0	4
0	2
9	12
0	12
0	4
7	0
0	6
0	244
0	42
0	42
1	69
0	86
0	115
2	0
0	19
8	7
6	17
8	11
0	65
25	7
5	7
19	11
0	81
0	37
0	7
1	6
18	6
0	32
0	31
0	18
0	10
16	9
0	9
55	18
0	4
7	4
1	14
0	73
0	14
0	59
0	6
0	15
12	26
0	46
5	4
0	8
0	12
12	15
0	42
49	27
0	27
97	0
42	0
0	87
0	81
0	70
0	23
31	65
39	80
16	6
26	884
0	42
9	131
0	39
0	127
34	158
0	106
0	80
0	0
0	0
0	75
0	85
5	10
0	10
0	73
79	83
0	6
0	67
25	68
3	36
0	61
0	31
16	8
0	8
0	30
0	19
0	9
0	4
1	0
9	58
0	58
3	19
0	8
0	11
32	0
50	9
69	77
8	13
6	35
0	30
10	12
0	10
1	2
2	107
0	35
10	11
0	14
0	16
0	3
0	3
0	0
0	1
6	3
0	3
0	16
0	11
0	0
0	0
0	24
9	26
0	14
0	24
0	27
0	4
0	8
0	22
0	3
0	5
0	3
0	3
0	3
0	11
0	2
0	4
0	16
0	16
0	14
0	11
52	0
0	57
3	57
0	56
0	15
13	101
0	8
0	12
0	12
4	2
0	10
0	0
0	42
3	45
0	18
0	5
5	5
0	18
67	91
0	91
13	2
13	30
0	30
0	30
37	96
17	3
0	3
21	365
16	37
5	41
0	36
0	15
0	12
0	10
0	14
0	15
0	21
0	9
0	0
0	2
0	5
0	4
0	4
1	60
75	30
68	15
1	3
2	21
0	21
12	21
4	3
15	0
5	0
195	13
0	8
6	5
12	47
8	12
0	17
0	23
0	34
0	32
45	0
17	33
0	11
8	33
0	7
14	61
0	61
9	14
53	4
0	4
0	4
0	1
11	0
9	46
8	77
45	0
74	0
6	8
0	0
0	0
1	0
94	120
2	42
0	4
0	120
5	63
0	43
4	100
0	43
0	28
0	31
0	31
11	9
0	9
0	113
17	32
21	72
0	1
0	31
0	0
0	13
9	13
7	8
0	8
0	31
207	243
0	36
49	36
0	14
0	0
0	5
0	5
0	4
10	52
45	3
0	34
40	14
0	11
0	2
0	1
0	0
0	1
0	0
0	0
0	0
0	151
12	159
37	94
0	69
0	24
119	13
5	2
0	5
0	11
0	11
10	5
2	152
0	191
0	136
0	21
0	5
88	23
0	4
0	20
29	18
38	25
25	25
34	7
0	25
0	0
59	53
4	0
0	5
0	53
36	53
0	73
0	88
0	58
0	58
0	53
0	52
0	52
0	13
0	33
0	57
1	33
0	4
0	10
0	46
23	34
4	30
31	24
0	325
4	328
38	175
191	348
0	184
0	88
21	38
10	60
5	13
0	0
9	0
2	0
0	0
0	22
67	41
0	10
0	10
87	11
0	9
0	22
72	56
0	2
7	0
22	8
0	14
0	36
0	4
0	32
0	6
4	6
0	1
0	26
52	26
21	6
0	8
8	28
68	43
0	16
64	7
0	10
10	8
0	9
0	2
5	7
0	37
0	6
48	0
0	9
0	9
1	0
0	0
66	91
0	8
0	0
1	1
2	1
0	0
0	0
0	0
2	0
0	2
0	31
21	0
5	0
3	0
4	274
23	47
0	35
0	0
24	11
0	80
0	80
164	8
6	18
0	83
0	3
77	9
2	65
3	4
31	40
105	232
0	126
40	255
0	90
0	14
10	0
3	3
60	32
0	3
0	86
0	35
0	31
19	41
12	55
7	17
22	75
5	55
0	46
0	46
0	10
0	0
0	11
45	118
1	118
0	49
0	294
3	33
2	33
0	8
0	6
0	57
0	57
30	71
0	57
0	16
0	62
0	62
5	22
0	7
0	7
2	2
7	24
0	24
0	6
0	6
1	3
10	2
6	28
8	57
3	137
0	11
0	141
0	23
0	137
8	0
0	41
10	116
0	100
0	25
4	0
10	4
0	2
0	2
0	0
1	0
97	128
12	23
8	5
0	19
0	3
7	7
135	18
1	96
0	57
0	19
2	7
16	23
0	23
22	23
52	29
2	15
6	12
0	15
47	18
33	10
0	14
7	14
51	59
0	62
0	3
0	58
0	2
0	85
4	47
0	80
8	12
0	0
0	8
0	33
37	0
67	0
85	4
0	35
2	35
15	33
62	0
53	40
5	10
52	37
4	8
1	38
0	2
0	3
0	1
27	11
4	11
14	7
0	3
5	7
0	10
0	27
0	34
0	38
0	38
0	45
9	26
0	18
0	15
0	16
0	33
12	47
4	38
0	23
2	36
0	38
17	25
9	0
7	0
6	0
0	11
13	19
201	209
0	209
0	55
2	0
1	0
2	16
0	78
0	23
0	24
0	24
81	23
0	23
0	5
0	1
0	1
0	1
8	0
88	19
2	28
10	19
0	10
0	4
0	3
67	3
34	0
17	15
0	7
0	7
1	6
3	4
0	8
0	89
9	82
0	11
0	56
0	39
33	0
36	76
0	78
0	34
137	58
4	34
0	2
56	240
0	5
0	3
0	64
2	69
54	35
0	35
0	25
9	25
35	46
0	10
6	27
0	0
12	33
0	40
0	40
35	61
0	25
20	227
0	62
0	74
0	77
0	0
0	40
0	77
514	1
6	0
0	0
0	1
38	18
11	22
0	0
47	21
0	4
3	19
4	2
0	2
22	2
11	17
0	19
0	13
0	5
0	12
13	6
11	38
0	29
7	4
0	4
18	76
17	72
4	40
0	29
0	27
15	14
3	5
0	3
4	3
0	0
14	0
51	11
0	4
1	4
2	72
82	21
0	17
3	8
0	7
0	22
44	63
0	26
32	20
2	9
0	6
4	0
0	19
0	38
0	44
0	40
0	26
0	54
0	27
4	31
29	78
4	75
0	66
0	25
4	69
61	0
3	9
0	9
0	14
14	14
13	22
0	22
0	22
0	15
5	18
5	24
1	17
2	7
0	14
0	19
0	22
8	14
0	17
1	17
0	3
0	1
2	1
0	4
0	1
6	241
10	241
82	57
18	195
86	0
6	11
14	63
6	0
25	18
0	31
0	22
23	0
0	0
60	0
0	11
0	118
0	59
0	28
0	3
0	2
0	11
0	124
16	37
0	54
0	21
0	21
0	22
11	0
0	54
0	54
28	25
52	25
0	49
10	49
30	200
0	200
0	0
5	32
0	200
72	0
10	283
0	87
0	9
0	89
0	86
0	73
6	16
0	79
0	79
0	64
0	36
0	28
0	24
7	29
0	9
5	1
0	3
0	38
11	9
65	90
5	89
0	0
12	1
0	1
37	96
0	73
0	0
17	2
0	121
14	44
27	149
8	78
0	121
30	9
177	10
88	60
0	3
0	4
1	0
0	2
0	2
0	2
0	6
43	51
0	25
0	29
0	14
0	7
0	1
0	15
0	14
13	5
0	14
49	33
15	10
0	5
7	1
0	2
0	2
33	24
0	24
0	3
0	10
3	135
0	135
0	0
13	10
6	66
0	64
5	66
11	5
37	16
33	48
12	35
0	39
8	39
0	22
0	19
28	18
12	123
1	25
0	67
0	10
3	25
136	90
128	105
41	87
0	83
4	9
10	2
20	8
0	79
0	79
0	57
24	103
0	75
0	65
0	65
2	15
41	67
0	36
0	36
0	33
0	7
0	7
0	48
0	54
0	50
10	31
62	252
0	53
2	47
231	25
3	19
2	0
156	0
31	83
1	83
0	83
46	4
9	2
0	4
6	2
7	2
2	2
3	2
4	41
218	42
31	68
0	53
0	53
0	53
0	68
8	60
0	60
1	65
3	6
2	7
0	16
0	11
0	11
0	53
34	19
0	21
0	49
0	70
0	70
14	0
2	2
6	9
0	8
0	70
51	41
0	41
0	12
5	3
13	27
1	33
29	30
0	38
0	27
0	33
0	48
2	33
0	27
0	33
0	5
0	6
0	23
0	7
0	6
2	1
3	15
48	13
114	12
21	0
7	53
2	51
0	22
6	14
0	14
11	5
0	5
0	53
104	31
0	6
0	7
4	7
0	8
31	8
0	9
0	8
1	7
211	323
0	26
3	14
0	3
13	20
4	7
0	6
0	6
0	6
0	4
0	5
0	20
152	23
9	118
1	98
3	98
0	98
0	112
0	8
0	1
6	10
0	10
0	361
0	361
0	26
25	11
0	1
17	1
94	65
4	49
0	11
275	172
0	68
0	13
11	9
0	33
0	101
0	101
0	101
0	3
66	2
0	24
14	4
149	100
15	9
0	127
0	57
5	16
11	16
3	26
26	110
46	28
0	2
0	2
22	17
1	17
0	396
0	4
0	398
30	0
17	2
0	398
43	39
6	5
14	4
25	34
6	48
11	93
0	50
0	58
0	53
0	8
4	21
2	11
0	0
0	14
0	13
32	2
0	2
0	1
28	2
0	23
0	67
0	0
29	43
0	11
0	74
0	20
0	14
55	54
0	76
10	10
7	42
0	4
11	0
0	0
12	0
16	0
0	14
11	23
1	11
0	76
22	12
8	34
53	178
1	18
0	18
0	15
5	43
9	43
3	43
0	7
0	6
0	9
0	3
0	3
0	4
9	13
24	0
0	38
354	485
0	15
1	407
78	432
0	94
0	325
5	191
0	293
0	298
75	67
0	63
0	28
0	11
70	30
0	30
0	26
0	0
6	4
0	20
0	16
0	16
24	45
0	4
0	39
0	0
0	0
0	41
0	0
16	41
153	109
0	90
3	10
0	4
0	109
0	1045
0	1045
0	26
0	70
4	70
0	145
0	145
0	12
5	9
14	11
0	25
0	82
117	28
4	60
3	3
1	60
30	27
431	5
59	25
0	5
27	0
58	0
22	1
6	4
0	16
0	14
0	17
1	0
232	227
0	4
6	6
0	12
7	1
0	9
80	51
0	0
25	50
0	13
56	49
0	11
0	0
0	10
0	15
0	25
0	4
0	75
0	10
0	38
0	103
0	54
0	9
12	69
12	10
11	13
3	9
0	16
0	13
79	11
4	60
0	63
0	11
0	14
0	11
0	5
2	6
5	6
7	0
35	0
0	100
0	6
0	7
3	38
0	91
0	321
0	251
67	0
4	241
16	241
7	261
0	2
9	15
0	8
0	8
0	4
0	6
0	4
97	79
5	1
0	12
60	9
0	8
125	101
11	0
0	5
0	0
0	0
8	55
0	124
7	34
3	3
1	4
0	142
0	27
0	27
5	2
0	2
0	2
0	15
0	0
1	0
0	27
1	17
0	17
12	10
0	17
126	23
22	5
5	5
2	0
5	5
3	5
5	5
3	0
0	6
117	95
12	47
0	45
0	52
36	28
83	83
1	78
14	38
0	48
0	0
27	55
60	15
16	52
13	28
0	0
6	2
12	14
22	21
1	21
13	10
1	1
2	0
2	10
2	0
8	0
6	119
0	35
34	20
0	46
0	19
112	44
15	0
0	63
25	101
19	110
15	15
22	24
0	126
0	88
0	24
0	24
74	0
0	1
0	1
0	51
25	56
0	53
0	39
2	20
5	21
5	24
4	15
13	10
22	10
4	7
29	0
146	173
15	56
8	153
0	165
0	155
0	158
0	152
8	130
0	137
0	124
0	124
0	124
0	124
0	120
0	120
2	120
0	118
0	122
0	120
3	12
106	0
1	23
0	157
0	155
0	153
0	157
0	92
0	92
7	14
0	72
17	71
0	0
48	52
0	20
1	65
0	65
12	1
0	7
2	0
0	6
1	6
69	6
1	2
0	6
0	1
36	79
14	79
0	53
0	3
48	3
148	73
2	51
41	71
0	10
9	0
24	0
46	0
0	21
7	15
6	0
0	0
0	21
222	26
0	14
63	358
103	453
36	180
43	230
0	38
0	13
0	11
0	9
0	2
0	1
0	5
0	2
0	4
61	75
18	97
0	5
0	32
2	10
8	48
5	42
3	2
1	1
0	1
0	0
0	41
39	42
7	2
30	10
0	10
8	0
3	4
12	68
2	64
0	64
10	0
0	7
0	7
13	15
0	0
0	15
8	10
13	0
0	11
0	11
0	11
0	0
0	11
4	0
0	0
150	129
20	107
0	107
7	15
13	45
4	9
135	14
6	12
0	12
7	12
48	0
13	36
0	34
2	14
0	18
0	14
86	0
0	23
68	10
5	10
28	0
39	38
3	8
0	29
39	3
25	3
0	3
0	2
69	70
0	32
19	11
0	68
0	76
4	80
0	40
0	16
46	0
0	5
0	4
86	23
16	86
0	20
0	20
0	20
3	20
0	10
93	21
14	71
0	44
0	332
0	25
30	25
45	58
56	54
4	59
0	81
0	88
43	84
0	3
24	40
0	27
32	17
6	24
7	24
0	3
0	8
0	5
6	0
9	15
14	36
0	29
0	12
0	2
12	2
10	16
128	0
4	2
0	2
3	36
4	36
2	2
3	1
0	2
0	2
3	0
0	0
0	192
0	194
2	200
0	133
0	15
0	4
3	16
0	5
0	18
44	5
26	5
9	26
0	26
2	2
0	2
0	84
0	66
0	82
9	53
0	81
7	65
0	65
25	61
68	38
1	4
20	29
0	22
56	24
23	15
0	3
0	1
4	0
6	87
4	13
4	30
0	0
40	8
121	89
0	40
23	227
11	10
49	66
9	56
2	0
0	0
52	10
138	40
50	41
8	20
0	136
1	27
9	109
65	0
14	26
0	26
0	54
0	14
84	22
2	54
4	78
0	64
0	2
43	60
10	2
0	17
0	10
48	6
0	4
0	31
40	31
0	3
0	6
15	1
0	1
0	13
94	186
40	0
291	46
13	46
0	53
0	53
8	16
51	81
17	59
0	59
1	55
0	59
3	50
0	41
0	41
0	0
281	133
0	213
11	20
0	20
51	6
0	39
0	44
35	69
0	39
0	69
34	27
0	338
0	7
0	4
6	4
0	334
16	60
23	52
0	64
0	29
0	33
1	12
38	22
0	10
0	15
0	9
24	10
85	26
41	4
0	32
12	23
0	2
19	50
36	55
7	50
1	53
12	27
0	10
0	12
6	9
1	26
0	4
0	14
0	7
0	9
63	219
31	5
73	37
12	26
0	26
4	4
0	5
12	0
7	0
81	31
0	24
1	7
37	1
0	88
9	31
19	63
0	66
0	10
5	7
0	7
0	30
0	7
0	73
0	10
0	10
0	18
0	3
20	64
0	10
84	41
62	43
7	3
4	39
3	4
15	4
95	58
12	15
5	11
0	52
68	7
0	7
6	48
0	48
0	6
1	5
0	5
72	4
19	4
0	51
0	50
0	23
0	2
9	3
1	3
30	0
53	14
0	9
0	19
0	57
0	46
0	56
0	56
3	9
13	2
0	6
0	27
0	9
0	66
0	66
0	0
0	0
0	1
0	8
0	45
36	2
0	53
2	53
31	42
4	6
1	9
0	8
138	80
0	80
0	83
0	83
0	31
0	33
0	33
0	33
0	6
7	9
0	8
127	107
20	63
0	63
0	39
6	153
0	140
4	0
0	151
14	67
0	14
0	64
1	47
0	48
6	29
0	24
0	27
0	23
0	31
0	36
0	0
0	3
47	43
0	36
0	7
0	3
173	346
0	0
5	0
0	0
0	23
3	30
0	41
4	0
0	7
1	33
0	37
6	0
0	2
99	14
0	0
10	14
20	34
64	422
7	30
6	2
6	4
31	0
10	89
27	42
6	690
0	702
0	6
4	27
0	21
56	33
23	64
0	64
154	50
0	118
0	33
0	4
12	45
0	130
0	37
4	4
0	6
10	16
20	2
11	13
0	50
3	29
0	6
35	167
0	30
9	48
69	7
0	102
10	0
24	3
0	125
2	10
0	2
13	122
4	13
0	150
0	4
0	10
3	10
0	1
0	11
0	37
15	29
0	8
0	37
0	14
0	10
2	17
0	4
0	14
0	6
0	282
3	282
56	111
3	79
0	73
5	10
0	6
0	1
0	1
0	8
0	12
2	4
16	61
0	61
3	53
0	39
0	53
0	40
0	34
0	14
0	14
1	10
0	30
0	31
0	29
7	4
0	3
0	10
0	7
165	1
24	4
0	4
11	102
17	64
14	38
4	78
0	69
0	67
6	16
0	16
0	1
0	5
26	0
0	34
0	4
0	0
4	4
0	29
4	0
0	4
1	11
0	12
11	9
0	16
0	7
53	181
35	119
0	11
0	20
0	6
0	3
44	117
0	6
188	0
0	6
0	4
59	17
24	37
0	11
3	18
0	18
11	18
0	2
1	25
22	9
3	2
14	0
56	44
1	0
0	0
0	0
0	0
3	0
14	24
0	13
20	11
60	0
0	35
0	31
0	12
79	0
0	77
0	64
0	23
22	4
0	4
0	4
0	13
0	10
3	0
16	29
13	1
0	10
0	3
0	20
32	9
239	200
0	30
1	56
0	28
0	54
0	6
19	30
0	21
0	16
0	13
11	6
30	9
0	38
0	34
14	65
12	42
0	14
0	7
2	7
0	7
35	7
45	10
0	13
0	4
4	23
5	23
0	19
1	10
2	3
3	28
0	3
10	1
0	0
0	5
0	28
28	108
4	47
0	0
122	79
0	23
71	30
119	59
0	9
2	0
0	6
0	0
0	7
0	9
105	59
8	13
1	28
123	10
10	56
0	90
0	79
0	16
0	69
0	36
0	15
0	24
7	0
0	6
2	15
10	3
0	8
0	69
0	20
0	80
0	80
0	53
0	53
13	7
0	26
0	0
12	25
0	6
0	7
0	0
0	79
0	83
10	13
1	1
5	7
0	131
108	131
40	50
41	19
0	9
0	12
0	13
16	42
6	49
1	49
0	95
0	97
2	35
0	49
0	131
30	66
19	106
28	25
0	11
0	9
76	0
45	38
8	30
7	0
0	2
2	22
0	86
60	31
20	18
38	0
0	31
0	31
0	31
0	31
0	31
0	31
0	17
0	0
3	0
0	107
0	107
30	0
0	19
0	19
4	19
6	19
0	17
0	10
0	13
2	4
34	13
54	0
47	4
0	15
0	0
4	23
0	23
144	128
0	91
0	15
1	36
2	10
0	9
0	19
0	31
0	10
28	18
0	2
16	144
0	237
65	53
20	79
32	8
0	8
0	96
32	96
127	124
0	41
0	29
35	19
0	14
10	14
0	14
5	29
51	48
48	3
3	3
109	0
103	18
0	10
1	0
36	9
13	22
46	22
1	2
0	2
6	0
0	1
0	2
2	2
21	0
0	1
3	3
0	1
0	0
5	0
9	0
27	0
13	70
0	9
0	70
0	52
3	29
0	35
0	0
10	20
11	183
139	163
0	25
0	42
5	33
59	0
35	0
50	47
81	14
13	14
52	58
3	43
2	8
0	0
12	1
1	1
4	2
9	3
26	0
291	64
0	95
34	10
80	196
0	15
0	34
0	8
0	34
12	84
0	84
39	14
15	16
0	16
15	6
4	8
0	8
120	13
0	5
7	3
0	3
0	42
34	93
0	20
4	42
0	42
0	11
1	3
0	17
0	3
8	3
10	108
0	8
0	10
0	10
8	0
1	6
35	13
0	19
0	3
42	48
33	31
0	13
0	10
0	3
1	5
0	3
0	112
41	51
2	11
0	50
138	33
0	1
0	15
0	20
11	4
209	33
0	0
428	28
38	31
13	33
0	7
18	0
3	11
0	6
213	11
2	0
0	6
53	299
0	22
0	41
0	50
0	56
0	35
3	26
1	9
0	1
6	0
0	6
6	4
0	5
73	13
8	43
4	4
6	8
33	43
0	4
0	42
0	0
0	5
0	5
0	4
0	5
11	119
24	36
0	126
0	56
0	30
10	2
0	15
14	24
32	40
0	16
57	27
0	15
0	25
0	6
59	23
0	6
0	10
1	1
0	1
0	80
18	55
0	39
0	22
0	17
0	26
0	4
0	7
0	5
0	3
0	1
0	6
0	12
0	11
96	10
39	3
0	93
24	11
3	1
0	6
0	6
0	6
53	51
0	51
3	2
8	0
2	3
29	2
0	29
0	7
0	7
1	42
6	62
4	48
6	16
5	16
0	27
0	10
21	41
3	1
39	9
0	41
9	28
8	7
0	6
0	15
1	10
10	17
0	21
0	21
0	0
0	2
0	15
0	2
0	4
106	102
2	6
0	10
0	77
4	10
0	77
0	18
3	4
0	4
7	90
9	54
0	33
0	22
42	0
43	14
0	0
0	5
0	0
38	60
0	36
0	34
43	106
0	60
0	121
0	117
0	48
133	82
104	24
1	15
18	5
22	2
3	6
23	0
15	0
6	42
0	39
2	14
0	10
0	9
16	50
0	50
1	38
69	39
0	39
0	0
0	1
0	6
0	52
20	0
29	9
0	15
0	9
0	52
120	57
7	0
0	4
4	4
10	33
0	33
0	2
0	2
0	6
0	8
0	16
4	28
0	7
2	0
0	2
0	2
9	3
0	13
0	1
6	1
61	7
0	8
15	13
0	3
1	127
0	109
0	14
0	127
25	18
0	16
193	16
2	7
25	87
15	2
6	2
0	2
0	10
1	0
0	6
26	6
15	20
34	1
0	1
3	46
5	18
1	6
30	2
6	2
10	3
0	28
11	20
7	96
0	99
37	271
0	75
3	8
0	68
0	62
0	56
0	0
24	0
0	11
8	1
9	4
74	99
0	72
0	72
219	73
0	16
2	8
0	16
0	7
54	9
0	103
0	15
18	12
26	10
15	10
9	6
0	17
0	24
0	23
6	24
0	23
66	20
17	52
32	62
0	9
2	9
11	74
3	125
0	14
0	14
0	121
118	131
0	91
0	4
0	35
21	55
0	36
3	61
18	50
4	4
35	1
120	4
55	0
52	11
36	24
59	0
96	107
29	107
0	106
0	106
5	43
7	19
41	20
60	35
5	0
73	46
36	46
44	21
0	9
0	13
4	13
4	13
7	12
0	12
27	5
0	5
7	0
51	41
0	24
0	24
2	18
0	15
6	5
0	9
0	0
0	0
27	31
64	76
0	20
0	9
0	5
0	5
9	2
0	8
0	8
0	7
32	11
13	11
0	6
0	2
0	3
5	6
0	6
0	0
10	1
1	0
0	1
2	78
0	249
31	60
38	70
0	51
0	165
6	34
119	65
0	62
164	55
0	55
0	55
0	56
0	47
7	6
0	49
7	6
0	42
3	44
7	22
0	12
0	14
1	26
2	8
0	27
8	23
0	23
0	23
0	19
140	0
34	0
12	1
0	13
31	30
0	9
0	24
0	5
0	1
2	5
0	7
7	0
2	0
1	3
0	6
2	46
0	11
0	39
0	57
1	12
6	5
18	47
6	0
29	14
0	10
0	5
0	2
2	0
6	10
0	41
1	41
26	84
0	52
0	38
0	43
0	43
0	41
14	9
1	9
0	10
0	2
0	12
0	43
0	9
5	9
0	9
66	2
1	2
0	13
0	31
0	36
0	11
0	10
0	17
0	10
0	1
20	83
27	28
0	83
19	105
21	66
0	14
0	67
0	37
14	0
0	8
137	0
34	16
2	16
0	19
0	7
0	31
0	31
0	31
0	7
1	11
0	31
20	35
0	38
27	7
5	35
5	0
0	66
0	66
20	11
32	15
0	1
0	1
18	0
0	1
107	10
0	10
15	0
193	68
212	0
44	0
4	0
22	39
1	4
12	41
6	16
0	93
13	5
1	135
0	131
0	20
0	5
1	5
28	21
0	19
5	7
0	5
0	140
0	140
7	146
0	3
0	5
0	0
0	3
0	0
6	6
2	4
0	10
0	9
2	3
0	0
1	75
1	99
1	68
0	2
50	5
0	0
0	0
0	5
0	3
190	20
0	7
3	2
0	19
6	7
0	9
0	18
0	5
0	2
62	142
48	18
0	7
0	0
0	0
0	66
0	40
48	27
0	44
57	29
15	6
0	25
0	11
12	0
0	13
0	178
7	178
1	195
68	98
48	17
105	88
0	49
0	2
24	41
105	88
0	59
0	71
0	35
0	41
0	23
6	12
2	0
7	3
0	14
0	90
0	90
74	8
16	8
25	36
0	4
0	0
28	32
0	39
0	11
4	1
1	1
32	47
23	99
0	3
67	26
8	1
0	9
4	1
15	148
0	129
37	0
0	6
64	224
0	25
5	12
8	9
3	7
49	0
9	10
0	10
1	1
16	9
17	15
0	11
0	18
0	16
0	18
0	18
6	18
10	3
0	2
4	1
52	0
47	113
30	65
107	167
0	152
3	7
5	0
33	93
0	35
19	53
0	10
9	10
20	42
0	63
0	0
605	1742
13	35
0	0
0	33
0	0
3	0
0	26
8	0
2	1
26	40
7	17
3	4
0	0
3	5
81	30
9	8
2	9
54	0
102	0
3	28
0	28
0	20
35	55
1	55
5	12
0	12
13	0
0	0
0	5
12	24
35	35
0	44
26	44
5	0
36	121
2	83
7	121
15	23
7	14
0	23
4	16
0	2
0	2
0	2
0	4
51	133
11	2
6	2
10	24
0	24
74	0
0	7
0	20
0	4
4	4
0	0
6	0
0	15
35	20
0	41
6	50
1	7
0	16
2	20
0	255
0	18
0	9
5	7
8	29
1	2
0	2
3	2
6	128
0	255
52	14
32	14
34	241
0	60
4	17
14	0
0	67
0	21
0	21
0	44
0	37
0	45
0	79
16	85
0	85
0	13
0	68
6	27
0	19
0	18
0	14
0	14
3	21
0	12
0	9
0	2
5	2
0	2
3	4
10	13
0	13
1	4
8	0
0	4
0	0
0	4
0	5
0	3
0	2
0	0
45	0
63	13
5	17
0	17
0	18
14	20
1	11
0	11
1	8
0	0
0	3
45	54
0	54
12	0
0	6
13	0
193	75
46	140
0	10
0	42
6	2
94	52
19	54
0	137
0	13
2	83
0	79
0	25
0	57
1	27
0	11
0	11
0	28
14	7
0	79
17	0
72	3
0	25
0	105
9	0
9	0
25	424
52	0
45	34
0	34
37	9
4	15
6	1
0	8
4	0
38	0
0	59
4	59
4	16
0	16
0	11
0	28
0	5
0	7
147	81
32	58
0	16
2	0
47	0
6	79
2	79
12	43
0	6
0	2
0	40
0	11
0	11
6	10
0	6
27	0
0	16
12	115
4	108
4	48
83	8
0	5
0	17
6	51
3	35
0	40
3	19
0	18
0	14
63	141
18	17
0	17
0	85
0	3
4	2
4	2
0	7
0	38
13	0
1	2
0	38
0	10
0	34
32	43
46	5
6	5
0	5
0	38
0	7
0	88
1	85
0	3
0	6
6	55
0	55
9	18
7	15
0	6
0	9
0	6
3	6
0	6
0	77
1	63
0	54
2	103
2	46
0	39
9	1
0	58
94	148
0	64
19	50
0	151
0	98
0	189
0	20
42	3
0	0
0	3
34	43
44	4
0	54
0	54
12	39
16	39
0	14
0	2
637	167
0	90
127	68
0	65
0	58
0	73
0	51
0	61
23	70
0	29
0	19
0	24
0	11
0	8
0	15
54	0
15	45
0	45
0	3
0	1
0	0
1	2
0	2
0	3
40	24
1	18
1	20
60	13
0	4
0	0
0	0
0	4
4	23
0	4
0	4
0	8
55	6
0	28
0	28
17	3
0	4
2	101
0	45
0	100
97	34
0	63
0	25
0	56
0	42
12	43
9	38
27	3
3	41
18	6
0	5
30	19
0	36
0	33
0	33
0	33
0	39
0	21
4	45
5	47
2	45
18	92
0	92
0	26
0	43
0	43
4	7
0	7
0	9
0	15
1	15
7	14
62	0
33	40
47	32
0	37
20	40
0	40
0	0
7	0
0	36
0	116
0	116
0	116
30	2
0	31
92	56
0	2
2	14
0	40
7	32
0	23
13	15
44	8
1	5
0	14
0	24
0	3
0	1
0	11
0	2
0	22
5	22
6	4
0	9
0	0
24	26
17	26
0	13
0	33
0	49
0	54
0	13
0	13
0	50
0	33
99	2
0	1
4	1
163	334
117	376
0	12
0	36
38	60
0	40
0	40
39	28
0	21
11	7
3	6
176	114
18	98
8	1
0	0
56	23
5	5
30	14
7	8
26	90
6	44
0	43
0	31
13	0
0	14
14	7
0	14
78	159
61	0
5	0
0	84
6	98
0	0
0	15
0	17
0	17
0	17
0	17
1	5
14	17
64	28
0	0
63	10
0	10
0	22
65	22
1	22
3	1
0	1
0	15
0	16
10	18
29	34
5	7
0	8
181	46
0	17
0	1
2	35
0	35
0	31
1	27
0	11
0	12
97	20
0	10
27	3
12	60
56	60
0	41
0	36
8	0
8	0
19	258
1	232
12	27
0	26
0	32
0	38
0	36
0	11
5	5
0	27
0	2
2	0
6	24
18	5
5	20
0	0
0	0
0	4
58	0
395	98
74	0
27	3
13	0
9	3
0	3
9	12
3	19
0	18
1	15
0	29
0	47
78	189
0	58
0	151
0	170
0	28
0	9
0	7
0	2
1	62
52	0
0	96
4	96
0	6
8	6
1	25
10	25
6	82
13	83
197	128
16	4
66	51
0	28
5	8
2	12
30	0
0	0
0	0
0	0
0	72
0	72
5	83
0	83
0	83
0	22
55	9
7	15
0	11
0	72
26	38
38	8
46	60
1	44
0	5
3	29
0	14
9	20
0	16
0	15
0	20
0	15
0	15
0	16
0	1
0	0
0	0
50	78
0	74
14	18
0	10
0	16
0	195
1	29
0	2
190	31
1	31
80	6
1	3
4	6
0	59
9	42
39	19
2	10
52	10
0	14
0	14
79	78
9	76
7	0
2	2
0	10
13	43
0	4
0	2
2	7
0	11
0	15
0	307
1	14
97	124
2	44
0	63
0	6
0	63
0	58
0	40
0	48
19	35
0	37
0	17
0	14
0	17
0	4
0	8
0	4
0	7
0	26
0	4
0	2
3	0
0	10
0	15
0	15
0	3
0	0
1	6
19	6
0	160
5	160
0	18
49	149
12	68
14	68
0	123
0	149
0	149
0	149
13	68
16	67
9	5
0	0
0	0
64	0
0	0
14	6
0	11
31	15
0	8
57	4
24	8
11	3
6	0
0	23
15	41
44	41
0	122
14	122
0	57
0	55
0	57
10	8
1	3
65	52
16	40
10	8
3	8
5	21
0	21
19	59
8	101
1	66
1	94
0	34
19	4
48	49
5	96
1	96
36	3
0	143
0	138
31	170
30	6
12	19
11	56
0	143
0	88
0	79
3	35
23	37
43	232
0	0
10	7
16	0
0	21
18	21
7	131
14	143
0	157
1	81
18	12
54	18
63	53
0	48
82	137
0	122
0	5
17	137
0	122
67	24
0	122
0	14
0	2
0	102
2	5
2	0
5	0
1	159
13	21
13	29
0	33
0	14
0	11
0	14
0	38
43	2
0	2
171	0
0	192
59	277
49	70
5	0
0	10
0	15
0	14
0	36
0	36
0	7
2	12
0	80
0	77
137	12
13	38
54	0
37	35
15	23
7	5
0	46
0	8
1	5
18	41
1	0
0	23
0	23
0	3
0	0
2	10
16	14
0	3
0	6
30	122
0	5
0	13
0	14
50	118
0	4
0	55
46	114
7	58
23	24
7	8
16	51
41	10
0	19
0	20
4	39
0	25
0	27
0	8
8	38
0	38
0	38
0	37
0	3
3	35
0	35
0	30
0	33
60	281
93	362
5	9
23	38
0	38
0	81
0	2
1	1
7	1
3	81
191	78
0	78
56	8
0	8
79	25
5	0
9	0
57	13
0	179
0	179
71	303
29	24
1	0
0	5
0	61
18	33
1	15
0	28
48	55
0	36
15	36
0	26
10	19
16	19
8	24
0	7
119	44
0	85
8	31
44	85
38	192
10	0
13	83
0	83
34	22
4	0
0	83
20	10
11	33
0	23
0	27
17	19
27	11
15	5
6	9
90	0
0	4
0	4
0	38
3	42
0	26
0	26
5	19
9	14
101	4
0	4
0	50
3	6
0	54
17	15
2	0
0	51
37	2
0	61
0	6
0	0
87	65
0	10
1	0
1	2
19	0
1	22
0	114
0	118
0	119
0	30
12	1
7	1
3	90
3	72
0	9
60	62
0	10
6	10
0	4
0	230
28	233
0	230
0	229
13	41
0	53
0	61
2	46
2	61
49	12
8	0
0	61
0	26
2	25
0	24
7	25
0	25
27	0
12	0
4	24
0	24
0	31
0	31
3	35
0	8
19	12
17	3
32	8
0	49
0	47
0	41
2	3
79	15
149	3
4	7
0	7
0	124
5	146
0	0
50	55
4	55
13	27
0	16
39	16
0	16
0	0
0	0
24	14
1	14
0	8
0	7
20	0
10	81
0	290
0	290
0	34
0	14
3	14
65	26
35	0
0	63
0	67
4	77
0	11
0	65
1	0
0	21
0	25
0	16
0	17
0	0
11	37
108	39
71	60
7	36
2	0
0	8
0	19
3	3
0	12
5	22
0	0
51	25
30	14
0	12
8	16
151	15
3	15
8	42
0	44
94	33
0	11
0	2
0	6
0	2
58	8
118	1
0	28
0	98
13	119
55	8
0	98
3	4
0	7
0	53
1	48
4	105
9	44
0	19
1	14
0	19
0	70
0	16
0	17
2	208
0	1
85	18
2	111
0	101
139	12
2	0
0	6
0	0
0	8
0	155
0	144
0	129
49	127
0	120
0	73
0	65
5	1
0	4
1	0
0	47
27	98
24	33
0	21
4	33
0	1
20	0
108	18
186	16
0	11
0	11
0	13
0	3
0	3
0	11
1	3
0	12
0	8
4	2
0	8
0	8
0	5
0	446
0	446
0	446
0	442
35	146
1	147
46	100
106	5
7	5
22	174
0	106
0	106
0	40
0	29
0	32
0	21
0	88
10	0
0	3
146	18
14	0
0	371
0	179
0	171
60	116
8	8
9	371
0	2
0	7
0	7
58	67
3	161
7	198
0	50
0	49
5	35
3	35
11	35
75	3
0	154
3	86
0	135
6	28
0	20
1	4
0	5
0	2
0	0
1	4
0	4
1	4
0	4
0	0
4	0
25	18
4	51
15	29
75	40
0	37
0	32
0	36
56	75
0	31
0	18
45	21
22	33
0	28
370	483
0	36
0	83
0	77
82	0
106	0
67	89
0	64
0	68
0	33
0	37
0	13
3	4
12	0
118	600
12	3
0	3
2	6
0	13
60	156
140	141
0	7
0	13
4	0
0	4
0	2
142	28
0	19
0	75
0	102
0	49
29	46
0	23
12	15
0	81
6	89
35	273
0	201
0	37
0	9
0	70
0	16
0	12
0	5
0	6
0	10
4	5
8	19
10	11
0	19
0	20
0	5
4	11
0	14
0	4
0	38
0	38
4	1
6	0
6	4
6	4
166	25
7	4
0	21
0	12
2	21
18	21
2	24
0	33
0	10
3	21
0	2
0	4
2	10
10	4
0	4
12	24
0	117
0	116
0	22
13	110
3	1
40	95
113	37
0	42
0	59
0	61
2	59
5	84
2	0
12	3
0	0
0	42
12	49
1	1
0	12
11	37
8	87
0	21
0	68
0	5
0	61
0	61
5	5
0	6
0	65
0	5
0	41
0	10
3	3
0	117
0	127
0	20
76	255
0	26
0	57
0	54
50	1
0	1
37	23
12	0
20	17
11	52
59	101
22	69
3	69
2	25
0	20
0	20
19	37
0	16
0	0
23	6
0	6
0	6
0	6
0	6
1	0
0	16
6	17
0	11
7	35
0	35
2	65
0	65
67	0
0	3
7	3
28	2
27	18
0	4
0	10
0	22
6	8
22	25
0	14
3	130
40	105
58	34
0	10
26	33
1	18
16	30
15	7
0	1
0	4
0	25
52	60
4	14
0	57
6	38
0	38
13	0
137	185
0	91
2	7
25	48
0	35
0	26
0	21
0	25
0	22
0	20
0	25
0	21
0	25
0	18
0	18
0	4
0	1
0	3
0	22
5	7
0	5
0	12
7	9
13	3
0	67
2	70
0	0
4	16
0	0
6	67
8	3
26	3
31	0
30	0
1	14
0	17
10	81
0	1
13	23
0	0
0	13
2	1
0	1
0	11
0	11
0	11
0	1
0	64
8	32
47	147
0	0
99	172
89	0
32	116
16	269
0	162
0	46
0	9
47	0
0	3
32	17
0	14
0	11
9	0
2	19
0	13
1	12
0	0
13	1
0	1
0	0
0	0
0	0
0	1
25	17
0	17
0	27
0	27
17	0
0	31
0	41
47	43
9	157
0	15
0	17
1	0
0	29
0	19
0	15
8	2
1	21
0	8
60	27
2	3
0	3
8	6
1	0
0	0
54	0
5	0
33	40
0	40
222	51
0	29
0	3
0	0
28	98
0	95
8	100
0	117
0	32
3	119
16	0
15	68
0	26
0	35
0	32
4	10
2	5
0	6
5	25
16	25
4	0
0	0
31	0
58	23
0	23
0	9
0	4
20	9
0	0
3	45
15	36
1	37
17	37
0	32
148	176
0	63
33	42
0	34
0	20
314	35
12	2
217	119
0	94
44	60
31	47
15	21
28	22
0	17
0	12
98	52
0	22
6	8
23	4
0	9
7	20
0	3
168	14
45	98
0	184
0	131
0	184
7	32
62	62
47	32
0	59
1	17
0	24
0	68
0	3
0	184
55	43
0	107
0	98
0	66
0	28
0	16
0	28
0	33
3	28
0	8
0	5
0	14
98	79
32	15
2	99
0	89
4	0
536	31
14	75
9	62
5	93
0	50
0	18
5	18
0	1
0	1
21	18
90	42
3	8
0	6
63	1
49	1
5	0
6	0
0	0
35	0
0	0
23	107
0	16
0	106
104	103
13	17
4	107
0	61
0	13
0	2
2	58
19	0
0	148
104	100
19	54
22	0
0	70
45	14
10	105
0	139
40	0
2	0
13	0
37	33
0	21
0	5
8	7
0	17
0	36
0	56
0	57
1	3
13	21
0	3
48	95
4	30
0	62
0	47
0	65
12	26
10	26
22	62
0	54
0	1
0	0
0	0
0	12
15	61
0	43
0	42
0	58
0	1
0	4
6	0
3	0
5	0
0	17
0	15
0	28
0	16
0	31
20	16
0	13
5	13
14	13
4	6
58	0
171	0
0	0
0	210
0	82
0	32
0	20
0	30
0	39
0	4
4	2
0	16
0	18
0	18
5	43
14	1
0	13
6	188
10	69
26	142
7	34
97	44
3	10
0	44
3	43
0	27
0	27
17	7
4	17
0	17
6	4
5	4
4	8
0	98
0	173
0	181
14	33
0	8
4	8
3	8
44	0
0	98
15	98
3	17
10	14
0	3
0	1
0	11
2	7
0	2
0	2
7	7
6	16
0	16
14	9
0	6
0	6
0	3
0	3
0	17
0	5
0	17
0	17
0	0
0	17
48	110
0	97
10	5
0	66
61	7
3	0
85	184
0	101
0	6
10	11
0	71
0	66
0	56
2	59
0	45
1	46
0	42
0	32
0	10
0	4
0	9
7	330
17	2
37	1
0	45
0	45
3	10
46	63
0	81
14	19
1	19
0	1
0	73
13	79
0	9
12	0
0	1
0	3
0	4
17	9
0	9
1	6
10	0
0	0
160	32
0	36
10	40
12	25
4	0
0	32
0	53
0	37
3	53
116	0
28	9
0	5
1	1
114	153
0	147
9	4
3	4
0	8
0	19
7	12
0	12
6	4
0	4
6	0
0	28
0	27
19	16
0	6
0	10
0	6
9	78
0	104
37	71
0	70
0	31
118	220
0	123
2	21
12	21
38	62
55	15
0	6
212	46
0	19
0	28
11	0
57	9
30	0
0	9
15	0
0	41
0	47
0	26
0	14
91	505
69	5
36	10
0	42
76	53
1	4
28	16
497	380
0	32
0	85
0	71
36	21
1	73
27	5
47	20
3	15
0	15
4	0
0	6
13	5
0	6
12	5
42	1
0	2
0	4
39	3
18	84
11	99
19	84
0	70
0	6
62	28
5	31
4	1
3	11
0	2
90	36
40	32
0	10
89	10
0	10
0	1
8	75
0	58
6	27
43	17
9	0
0	15
3	22
5	21
50	46
3	69
0	69
0	69
15	0
0	63
0	198
0	76
0	6
0	32
14	170
0	15
6	24
25	13
0	28
45	31
291	926
5	0
7	0
1	5
0	26
330	0
1	10
20	14
0	4
3	0
6	4
59	25
3	18
77	68
0	124
0	131
3	140
0	56
0	43
0	57
0	15
0	8
0	15
0	15
1	2
2	2
0	56
0	56
0	130
13	8
11	8
3	0
2	0
12	8
86	8
21	7
12	11
3	2
36	11
4	3
11	14
0	14
1	13
4	11
0	10
4	20
0	20
0	31
0	0
0	25
22	126
0	13
0	116
0	1
0	1
0	16
0	16
0	16
0	8
0	5
34	0
0	0
0	4
0	0
26	11
0	8
3	11
22	35
0	32
0	13
2	58
9	58
3	58
64	0
10	68
2	32
73	180
0	30
0	49
0	2
0	9
71	793
11	6
5	8
1	5
0	2
2	2
224	67
13	33
9	23
12	4
0	4
0	4
25	13
0	13
0	13
0	10
0	8
0	12
0	15
0	8
0	5
0	3
0	5
0	3
0	2
11	2
0	0
0	0
0	0
0	16
9	91
0	8
9	55
0	55
18	55
6	28
46	28
5	53
0	4
36	25
0	24
11	22
0	28
1	14
0	14
0	9
0	10
0	1
0	3
0	4
3	1
3	0
56	0
127	0
30	0
87	0
1	58
52	38
20	38
80	0
214	51
0	48
0	48
0	48
2	48
22	10
10	8
15	5
0	101
11	86
0	72
0	42
74	117
180	45
2	45
89	3
100	8
151	8
4	24
0	120
0	10
17	31
36	4
31	85
0	121
0	121
31	100
7	41
9	41
7	16
6	31
19	9
0	12
7	3
13	3
0	12
3	7
0	26
0	0
0	2
0	26
11	0
0	0
25	0
0	99
0	99
0	94
0	54
0	54
0	59
0	65
7	64
0	16
46	16
0	13
0	7
8	3
110	157
0	48
0	25
0	14
39	8
0	7
0	8
0	6
0	7
0	3
0	8
0	7
0	1
126	141
0	141
0	42
0	32
169	22
10	30
0	72
0	3
0	2
75	43
0	2
0	45
0	150
0	150
25	97
0	14
2	14
61	94
11	69
4	58
0	38
0	63
56	14
6	75
9	215
0	23
0	83
22	140
0	59
29	81
14	15
0	11
8	9
1	4
19	10
5	6
0	8
0	1
0	1
0	53
0	119
4	52
0	119
27	5
4	48
10	0
1	14
0	14
0	0
3	0
0	66
0	32
2	36
0	42
59	77
0	33
0	33
0	30
0	36
0	40
0	16
0	22
0	8
0	10
0	20
0	5
0	11
6	7
15	0
6	4
0	4
17	49
2	81
0	91
0	20
0	76
0	76
25	19
0	19
14	14
35	37
0	11
3	4
23	35
0	35
8	12
0	12
51	69
22	59
8	31
0	59
0	0
0	30
0	70
1	2
26	2
0	24
2	24
55	51
0	37
6	0
0	11
33	18
84	24
8	16
12	16
4	17
40	21
0	21
39	0
11	26
30	26
11	26
27	4
96	4
0	0
0	0
0	0
1	0
0	4
0	126
0	126
0	79
0	11
5	7
10	4
0	9
0	9
260	105
0	47
0	14
29	12
0	53
19	141
11	17
6	17
28	16
98	5
23	0
2	55
5	55
0	56
6	56
6	8
20	42
0	7
0	7
1	0
13	1183
0	830
0	35
0	35
0	109
2	7
40	26
0	26
13	2
0	5
0	3
0	109
0	33
45	66
0	174
0	176
19	66
46	66
11	16
13	8
0	48
4	164
0	155
0	144
11	16
0	45
0	6
0	6
0	39
0	16
0	16
0	11
0	10
0	15
0	3
1	3
0	5
0	0
0	0
0	5
1	5
7	16
0	7
61	7
51	13
118	93
9	65
3	65
252	160
4	0
0	10
154	10
1	0
28	92
38	92
67	20
4	0
0	7
0	7
0	2
0	13
0	47
0	41
0	12
0	16
1	98
27	5
11	13
0	47
0	47
64	54
25	54
1	2
0	2
63	53
0	53
0	17
1	66
0	21
3	15
3	9
15	3
0	61
48	0
16	79
8	117
12	57
36	34
7	34
0	27
1	15
0	155
29	12
1	12
0	3
0	2
0	0
0	143
78	51
2	5
0	5
12	24
0	208
0	210
13	88
0	213
0	148
0	89
0	46
0	49
0	45
2	2
0	2
0	3
0	18
0	21
0	15
0	128
10	57
0	57
0	9
10	82
14	87
5	77
0	90
0	98
37	36
14	15
0	23
0	5
0	0
42	0
20	0
73	59
0	188
0	188
72	68
5	13
0	68
10	0
88	16
97	4
136	23
44	0
20	12
12	11
0	39
0	36
0	31
0	5
4	6
5	157
0	63
0	154
0	124
0	124
12	0
29	0
0	0
96	18
146	36
7	35
16	1
20	94
0	154
0	98
23	120
0	110
0	9
0	14
0	0
41	33
0	42
0	42
0	19
4	15
13	13
30	11
3	3
11	6
12	0
18	8
0	8
27	0
56	62
2	14
50	0
18	8
0	8
33	33
31	19
3	27
12	10
6	1
0	4
0	6
0	8
0	0
46	8
0	64
0	1
2	64
2	0
40	11
60	0
10	29
0	29
18	5
2	5
0	5
0	0
3	0
2	10
4	32
0	32
1	2
0	2
17	15
0	8
0	9
0	15
0	15
0	2
0	8
1	6
6	5
4	5
0	10
0	10
23	42
1	7
21	35
0	1
9	15
43	73
17	3
34	0
23	0
8	0
0	25
0	25
2	8
0	3
0	3
9	2
4	0
31	0
2	140
0	15
0	162
0	144
25	95
0	191
0	191
47	96
0	0
3	3
0	1
0	1
0	11
1	13
6	173
11	15
0	12
8	4
0	7
1	7
13	4
0	4
3	0
7	0
0	0
0	33
30	33
0	131
32	131
35	127
0	137
18	21
10	1
0	0
100	31
50	6
0	31
0	21
0	31
1	165
57	106
8	45
9	45
0	43
1	8
0	32
0	12
7	14
2	3
8	0
41	60
77	0
0	89
24	89
38	0
13	102
2	76
47	19
0	12
25	51
51	24
1	4
0	0
0	4
33	4
10	35
0	35
0	35
0	6
0	6
0	38
0	0
1	0
0	0
0	0
1	0
15	19
0	16
0	4
0	6
2	6
0	5
0	0
0	2
0	1
1	3
0	5
0	20
0	1
0	14
1	1
3	1
0	20
0	130
0	93
17	63
50	54
0	63
1	54
0	48
2	48
0	48
22	48
0	26
0	12
28	1073
8	4
0	0
0	0
0	28
0	19
0	13
31	162
41	169
0	65
39	37
0	5
0	12
0	0
49	122
41	33
1	33
46	0
11	17
1	17
7	13
64	82
17	32
3	2
3	1
7	2
62	60
163	0
0	43
14	102
829	3096
0	34
19	59
206	241
0	70
54	122
0	115
31	78
9	64
2	63
0	61
4	58
0	13
0	44
0	4
0	4
0	0
0	0
0	34
18	94
0	14
0	22
0	9
0	9
24	19
0	19
0	19
0	12
0	11
11	1
0	20
11	22
113	134
10	112
2	11
0	11
29	7
0	7
4	191
0	155
0	6
3	155
0	15
60	102
13	102
8	67
6	9
125	843
26	2
0	2
34	0
0	85
0	218
0	215
0	8
2	15
0	12
0	49
65	14
1	12
16	55
0	7
7	112
0	9
0	99
0	0
0	1
0	109
0	1
2	100
0	109
7	9
0	8
0	1
0	53
5	1
0	104
9	2
0	56
0	55
0	5
29	23
0	46
0	4
20	1
0	33
0	14
1	2
4	9
0	9
0	1
3	2
0	15
0	19
0	0
0	20
0	64
19	64
15	44
10	14
0	3
0	0
0	0
0	0
0	1
6	42
0	29
5	5
57	10
2	8
0	43
0	40
7	21
0	0
6	4
0	0
0	71
0	166
0	117
0	9
0	31
3	65
0	50
0	115
0	111
0	50
0	12
11	3
0	59
38	12
0	4
0	56
0	24
51	27
2	3
0	0
0	0
10	0
3	24
0	5
62	68
0	11
50	17
0	3
0	9
0	14
6	76
5	96
0	96
0	96
55	146
4	121
0	31
0	110
0	21
3	109
0	104
8	105
3	99
35	81
30	74
0	28
9	28
4	28
0	16
28	33
6	0
0	9
69	0
0	5
77	48
0	5
0	6
37	14
24	0
6	1
1	0
0	1
5	0
3	1
0	379
0	379
0	35
0	3
0	1
2	6
3	4
1	10
0	0
0	3
9	21
0	0
0	0
125	0
0	148
0	32
0	45
13	148
6	4
4	7
5	11
0	9
0	51
0	48
0	59
0	0
0	0
10	12
11	20
0	3
118	0
55	23
72	4
21	4
8	0
0	2
52	2
0	9
0	9
0	8
0	0
5	10
37	10
2	1
132	113
0	93
3	0
0	9
0	46
9	21
0	21
0	18
0	18
0	18
0	67
0	2
64	15
122	173
2	84
25	77
81	7
0	7
0	4
0	4
107	23
32	24
1	10
88	17
0	16
4	35
0	35
21	40
51	40
3	0
0	40
4	101
18	101
0	18
0	8
6	6
0	30
0	7
0	2
3	6
0	8
4	2
16	10
18	10
0	18
4	108
0	76
0	49
2	9
0	64
25	0
16	91
44	91
0	159
0	147
0	25
125	7
10	7
13	0
24	306
0	224
0	273
0	21
163	30
0	7
19	27
43	27
2	7
53	87
3	78
0	35
0	35
0	9
0	2
61	59
0	8
0	4
0	14
2	51
0	38
0	37
0	63
0	63
8	4
0	6
17	65
0	9
0	9
6	84
0	9
0	8
0	8
6	3
4	36
5	6
0	39
321	68
0	68
16	37
0	15
26	23
0	82
68	18
44	17
14	265
0	267
0	18
10	14
10	24
0	22
78	54
1	28
0	35
5	6
0	8
0	7
0	7
16	5
54	87
12	103
0	33
0	1
0	1
5	2
0	29
0	26
0	0
46	140
0	2
0	44
23	0
0	0
0	39
14	0
8	38
4	6
0	1
21	7
0	5
0	5
0	7
81	52
0	46
71	65
28	65
0	15
4	0
0	0
3	46
3	46
0	46
58	102
0	57
0	43
0	19
0	4
0	26
0	34
0	48
0	48
0	3
121	37
21	4
0	0
0	4
36	4
25	0
75	129
0	9
50	116
7	2
6	7
14	90
46	70
1	34
1	34
3	5
3	1
18	21
15	10
0	104
0	104
28	0
73	60
81	0
0	6
0	6
70	392
0	7
11	9
91	21
1	1
0	3
0	6
0	4
56	10
37	56
0	0
19	0
78	32
101	72
0	2
0	6
1	6
13	14
0	14
52	41
0	45
0	16
0	7
2	14
169	11
0	8
79	8
11	65
0	65
262	217
0	61
0	8
0	4
0	8
0	0
6	1
4	62
0	14
18	67
2	67
0	3
0	3
55	41
0	38
4	24
0	7
3	7
46	16
21	71
0	50
9	50
15	32
2	2
1	65
0	19
4	13
3	13
0	13
6	4
3	16
0	16
49	24
0	28
0	0
0	17
0	7
0	57
1	56
0	56
0	56
1	0
47	5
10	150
0	103
0	75
43	1
13	35
0	127
0	3
4	107
22	116
3	68
59	61
93	24
0	24
0	3
0	3
0	3
6	0
2	43
0	11
0	2
5	0
0	41
46	93
5	28
0	20
2	14
52	14
29	88
0	47
0	5
5	87
0	16
0	6
53	124
23	15
48	27
0	6
0	30
2	14
0	8
7	6
39	133
0	6
0	16
0	16
36	4
0	54
0	44
0	18
8	33
184	8
0	19
0	42
0	9
0	7
0	0
31	151
20	0
7	7
0	7
21	0
2	59
91	59
28	2
23	27
0	26
0	27
7	2
0	5
0	0
29	118
0	16
45	36
0	47
0	119
1	5
0	4
6	5
0	5
0	4
0	0
7	3
6	0
3	5
8	12
0	6
0	12
232	42
9	47
0	50
0	9
14	16
91	47
11	47
0	2
7	25
39	15
0	10
0	8
0	6
8	18
0	18
0	10
7	1
1	8
13	0
0	0
2	0
0	18
23	18
8	79
0	79
4	16
1	10
2	185
0	184
0	78
116	112
2	112
4	20
0	62
1	0
6	8
0	8
0	1
0	1
4	0
62	124
23	78
0	72
0	45
0	48
9	71
0	59
0	43
0	28
0	18
0	17
1	8
0	70
0	70
1	23
3	24
4	0
58	7
0	5
17	47
53	47
56	16
31	16
15	24
238	56
0	9
0	9
0	3
0	38
5	0
1	48
82	19
0	7
19	46
10	46
1	15
0	16
0	4
0	4
0	18
8	62
8	32
12	65
0	89
0	31
0	58
24	40
0	8
0	17
0	5
7	1
3	1
0	3
0	3
5	0
0	91
7	44
0	45
43	17
20	10
64	50
0	42
0	40
0	26
0	23
0	11
2	40
75	56
0	39
25	0
37	0
68	18
2	12
26	9
0	29
18	4
0	4
0	15
0	9
8	18
0	2
50	81
0	26
0	9
0	0
0	9
3	0
0	19
0	10
6	20
0	20
27	73
0	28
0	51
6	0
5	21
40	31
0	5
61	29
37	2
0	2
0	56
0	1
3	2
0	2
0	2
0	2
0	2
0	2
0	0
1	0
7	521
0	521
0	521
0	19
21	0
36	28
0	17
0	39
0	28
2	0
0	24
0	9
21	382
2	26
0	9
0	388
0	29
0	10
4	0
225	1
0	7
0	10
0	10
0	10
0	10
0	9
0	6
2	7
2	10
14	12
19	3
2	3
8	26
0	18
0	21
0	9
0	11
50	0
90	29
42	0
0	10
7	17
28	50
32	0
21	17
0	9
1	2
14	10
0	1
0	0
9	1
19	8
0	8
0	76
0	76
0	76
0	3
20	45
0	2
7	3
13	1
1	1
0	29
0	29
3	5
1	29
0	27
0	26
0	42
14	49
0	12
0	20
5	10
32	58
0	58
0	40
4	3
11	10
0	3
58	3
0	0
0	0
0	22
0	6
0	18
0	18
19	6
0	12
94	20
22	0
29	108
2	10
116	51
0	51
2	1
0	16
0	0
0	10
2	0
0	85
38	17
3	1
72	0
0	39
0	39
2	39
0	39
0	39
33	14
73	0
103	20
0	66
7	57
0	58
18	60
0	12
30	36
18	0
54	18
11	9
0	4
42	125
40	17
78	18
0	7
1	77
0	77
6	17
27	17
0	21
1	0
0	51
0	51
0	16
2	12
6	89
26	30
5	3
11	3
0	0
16	0
0	76
141	21
0	16
0	9
2	9
11	11
0	11
7	11
0	0
0	0
0	0
0	0
12	20
5	22
0	22
6	10
12	26
16	18
0	22
0	18
0	17
0	4
0	1
0	9
0	12
3	9
0	0
0	95
0	71
0	39
11	33
23	6
4	224
5	19
0	12
0	8
36	38
0	224
1	5
0	23
0	0
11	18
6	0
0	18
0	0
12	6
71	122
0	67
0	58
0	29
0	53
0	48
9	0
58	7
0	9
18	46
8	8
129	32
0	10
0	7
9	23
5	161
0	0
0	0
0	0
0	22
0	0
66	32
0	33
3	15
0	15
41	19
43	23
0	0
0	18
4	0
0	17
83	43
10	43
8	11
10	0
0	3
6	1
34	48
3	0
0	0
5	75
0	104
14	132
0	80
15	86
8	20
20	38
0	77
12	1
3	41
10	40
0	33
0	33
0	33
181	11
20	0
53	38
0	3
0	30
0	4
8	9
13	50
14	46
0	15
0	1
0	11
0	7
0	11
0	19
119	25
4	55
18	5
6	66
0	48
0	64
3	60
33	62
0	70
0	6
0	48
0	38
2	13
0	4
1	130
0	3
0	3
64	72
0	81
0	0
0	70
1	0
0	24
6	4
0	4
0	39
0	3
1	32
4	11
1	17
6	4
10	4
12	51
0	62
142	8
3	8
8	26
0	26
15	100
0	0
10	0
0	32
0	23
0	16
75	32
176	96
50	96
0	7
0	24
0	24
0	13
0	7
0	7
0	13
3	9
9	1
0	4
13	15
0	15
8	1
9	15
7	22
7	23
0	82
8	82
0	15
0	15
83	442
0	2
3	0
6	1
4	1
0	1
90	76
0	2
1	70
14	59
58	3
0	19
14	15
23	50
0	15
86	29
0	41
3	57
0	6
17	132
0	18
0	3
0	12
36	16
0	9
11	0
0	17
0	18
20	19
77	18
9	12
0	12
0	128
0	6
11	6
0	2
5	2
0	0
0	4
0	4
0	41
1	2
0	122
0	45
26	13
283	32
0	19
0	23
0	23
10	12
1	17
28	0
55	0
116	28
57	23
4	28
1	0
34	11
0	8
0	3
0	41
39	23
1	39
14	39
2	22
0	84
0	7
0	45
70	119
0	111
0	20
40	20
0	4
6	20
0	7
0	7
51	9
5	0
23	0
100	5
0	5
1	4
25	145
0	134
3	145
0	13
13	3
5	3
0	130
0	101
112	89
130	132
123	1
0	92
0	92
0	92
0	7
22	56
3	29
10	10
42	56
0	32
19	188
0	187
1	176
0	97
0	66
0	84
0	28
0	91
0	74
0	36
66	0
2	47
24	65
28	17
0	126
1	259
0	4
1	0
42	13
0	19
97	257
7	259
0	10
135	17
0	5
22	5
0	27
7	18
6	29
0	24
0	18
0	24
2	19
0	22
0	0
0	22
0	0
4	22
17	0
0	0
0	0
6	0
88	122
17	14
7	2
0	6
39	5
12	64
0	23
0	35
36	19
0	35
14	2
0	1
33	31
33	0
28	23
0	104
58	104
17	12
0	10
0	4
2	6
6	38
0	98
56	119
18	41
0	38
0	35
11	52
0	0
4	2
0	0
54	22
0	3
0	21
0	1
0	5
0	3
0	2
0	17
0	7
0	1
2	4
11	20
0	0
6	7
9	13
3	0
41	6
113	2
0	2
59	32
0	32
0	22
0	6
0	14
0	1
4	1
0	6
146	136
24	64
0	54
0	139
0	63
0	58
11	39
3	6
5	6
0	14
0	12
1	9
180	18
0	25
169	176
10	2
0	2
0	2
0	2
65	101
4	49
0	67
5	5
3	1
7	20
126	20
0	20
0	10
5	23
1	18
22	10
0	12
7	22
0	5
2	5
31	0
60	7
0	22
65	31
6	60
0	19
3	59
5	5
4	7
0	23
0	23
6	2
14	2
0	47
0	47
3	0
0	18
81	211
0	147
0	174
0	13
16	65
33	74
42	0
4	8
177	80
0	80
0	21
0	6
1	11
98	70
0	37
0	2
50	61
47	5
6	5
0	83
0	15
3	15
3	7
2	9
2	0
92	10
0	83
103	7
31	6
15	6
18	8
0	7
0	7
0	2
8	0
4	25
4	5
25	23
40	54
1	5
0	1
43	20
0	16
9	16
0	5
0	5
162	242
0	242
0	45
0	43
0	16
11	71
0	10
3	0
30	44
0	24
0	474
0	474
0	33
50	53
14	13
0	16
54	28
1	14
6	13
6	15
59	65
6	19
0	3
0	138
0	8
0	18
0	1
22	31
15	130
0	0
0	0
7	30
64	24
39	39
0	19
1	0
586	20
0	8
0	10
0	8
3	15
207	34
4	36
9	84
0	74
0	0
0	50
0	4
1	1
0	35
0	5
0	6
31	0
83	43
5	25
33	89
14	32
52	28
0	0
0	34
0	34
0	41
15	34
0	41
0	24
1	7
41	14
0	45
6	25
7	56
0	13
6	16
0	2
0	15
24	2
0	14
5	4
1	49
0	49
64	8
0	14
0	1
58	14
111	17
0	17
0	9
0	14
0	17
0	9
0	9
0	10
8	3
16	6
14	2
0	5
7	3
0	4
0	4
113	52
37	32
0	77
0	9
0	33
0	33
0	35
0	33
0	1
0	32
0	0
0	2
0	2
0	0
0	32
7	3
49	111
39	92
0	265
0	251
0	30
21	43
0	29
0	29
0	23
0	9
0	11
0	11
3	11
0	11
0	21
3	5
0	76
3	76
0	27
2	36
46	10
35	0
0	26
13	41
20	41
7	18
1	5
122	2
5	33
0	33
0	1
0	3
7	69
0	64
0	16
53	0
30	3
0	3
1	0
91	7
0	7
20	28
0	8
0	8
0	1
21	32
0	7
0	6
13	69
0	56
0	29
0	56
0	29
0	29
0	56
0	56
4	5
18	62
1	45
0	3
0	41
11	113
0	95
0	94
51	0
0	22
6	29
1	22
4	22
5	22
0	22
4	22
3	5
25	54
0	54
38	2
0	6
22	247
0	94
4	33
1	59
13	77
2	18
1	0
3	0
0	94
3	42
0	93
3	9
0	20
10	8
3	1
18	1
15	2
3	31
0	6
9	68
26	50
0	4
0	4
0	93
4	6
35	20
0	25
122	48
1	2
7	1
0	1
3	0
101	43
108	94
0	14
29	89
0	67
32	39
0	64
0	7
0	75
2	11
0	41
0	41
1	12
0	4
0	0
5	13
0	6
0	57
4	47
15	55
3	26
0	29
0	16
0	14
0	8
7	14
0	9
0	9
9	3
0	3
0	2
0	2
4	15
24	51
7	79
0	76
18	84
0	19
0	13
29	336
0	209
29	32
31	34
0	9
0	8
0	6
5	6
0	12
0	11
0	4
12	4
17	9
1	5
4	4
0	4
2	4
24	89
0	74
2	31
0	12
21	31
3	36
7	7
0	7
8	18
12	45
0	71
13	1
2	71
0	1
0	44
0	18
29	32
87	19
0	26
0	24
0	11
11	11
4	5
7	0
7	3
3	7
0	0
0	19
143	75
21	70
1	12
4	6
1	6
0	5
6	0
0	1
140	26
0	11
0	10
0	23
227	20
0	16
0	16
0	11
0	11
107	31
65	31
2	26
0	0
0	30
0	30
24	18
5	54
0	49
2	22
0	24
3	3
0	14
0	54
0	93
0	4
0	11
4	1
0	9
0	2
13	7
0	3
0	3
5	0
0	0
25	54
0	10
0	1
0	27
0	27
5	1
0	4
10	77
34	36
0	35
2	0
8	551
25	1076
0	977
21	1
0	50
0	50
0	49
5	18
0	16
0	56
0	4
18	2
0	8
0	5
54	29
42	0
13	0
190	3
0	3
0	46
0	46
0	46
14	46
0	55
0	55
47	0
8	30
6	24
8	5
0	6
0	0
0	9
0	24
0	112
5	112
0	6
3	0
28	0
3	0
1	25
0	25
0	21
14	0
52	73
16	12
0	72
23	7
0	289
28	394
3	1
96	30
0	30
3	2
1	2
0	55
41	68
0	17
25	0
0	2
0	48
48	115
0	34
0	92
0	3
56	23
0	5
6	30
119	71
31	0
0	2
0	0
8	0
0	7
5	3
0	7
0	7
15	18
1	3
4	15
4	0
0	5
4	30
683	56
0	33
0	21
37	18
0	15
2	20
15	25
0	41
12	0
0	1
0	0
65	152
0	60
7	4
0	20
0	61
7	53
0	61
36	36
0	36
3	209
0	8
0	2
2	3
0	10
0	10
0	10
0	5
0	2
0	2
3	0
0	2
0	4
0	2
4	2
55	64
14	39
13	23
0	13
0	13
0	24
27	17
0	81
35	1
0	1
56	0
15	12
0	12
0	0
1	83
0	75
12	46
0	5
26	3
24	24
10	49
85	29
0	17
8	16
0	63
16	96
0	0
0	0
2	49
0	17
41	31
18	85
0	8
0	0
2	52
0	74
0	33
2	9
11	1
0	63
0	58
0	8
0	10
0	5
1	10
0	8
1	8
0	27
0	60
0	24
0	6
62	4
0	3
0	26
0	7
0	8
21	49
0	62
0	26
34	26
5	11
103	0
0	134
0	18
26	2
11	2
6	52
6	2
0	2
25	1
22	34
4	134
37	28
0	28
18	12
0	12
47	10
1	0
4	10
8	229
1	1
0	1
17	22
13	25
0	5
19	0
2	6
1	29
13	29
37	17
5	15
0	15
0	2
24	0
21	0
45	24
111	22
72	17
5	4
8	9
57	18
1	0
0	0
0	5
0	15
0	15
5	7
34	27
0	19
0	7
0	13
0	10
125	35
0	22
0	4
6	4
64	23
4	27
216	52
19	36
6	8
0	0
0	7
44	106
0	0
0	0
0	25
0	1
0	21
0	21
20	74
0	23
85	85
22	76
136	90
0	85
1	41
0	5
3	0
0	0
0	51
32	0
51	22
1	7
0	15
7	14
163	0
37	0
26	0
2	278
0	250
0	36
0	18
0	18
0	16
4	16
0	8
4	395
5	395
0	31
38	8
4	4
1	4
0	7
14	7
40	0
47	0
160	24
0	0
0	64
0	51
0	51
0	64
0	10
4	73
33	62
67	1
0	25
10	8
4	17
0	11
4	18
0	23
47	82
45	83
4	150
20	150
20	50
0	46
0	59
51	59
0	42
0	2
53	187
82	207
0	207
0	207
0	27
1	4
5	21
0	3
0	3
30	21
7	0
13	8
24	0
1	0
121	14
83	2012
6	34
9	34
0	9
0	22
212	26
26	26
0	0
32	17
0	13
0	17
7	12
0	12
7	8
8	2
0	211
0	211
0	210
0	210
0	211
0	211
0	211
6	6
0	4
5	3
0	8
0	2
0	6
0	76
0	76
58	9
447	449
0	7
0	21
6	24
17	30
0	33
0	13
0	9
0	27
1	47
0	46
30	19
3	0
0	0
7	0
1	0
88	47
0	39
0	38
0	36
0	36
0	35
0	36
0	36
0	35
0	39
0	39
0	38
0	39
0	27
39	5
23	5
4	6
13	79
0	7
5	79
0	4
5	2
28	11
14	11
13	7
5	43
0	43
0	6
0	0
0	37
0	42
25	112
0	41
34	42
0	39
0	29
13	73
0	11
7	0
4	7
0	43
0	12
0	13
29	41
26	16
0	1
0	25
16	15
0	0
14	0
1	0
17	153
45	67
0	107
0	66
372	118
1	116
2	22
0	1
4	7
18	7
49	48
0	0
133	0
0	153
0	667
25	32
0	32
0	82
0	85
2	4
0	4
0	667
0	28
24	28
0	27
5	18
0	12
0	72
0	72
0	3
0	0
0	72
0	72
0	72
25	9
40	3
0	0
10	71
0	60
14	57
85	4
0	57
0	27
0	52
0	53
0	24
0	25
0	33
0	9
6	5
2	4
0	50
41	50
0	42
65	154
0	157
0	158
0	46
0	46
0	14
8	10
0	9
8	108
3	26
38	26
3	16
23	0
0	44
0	0
14	65
22	3
5	3
4	42
11	9
34	27
28	56
0	2
2	2
0	0
44	57
0	57
0	20
0	1
1	1
0	2
0	18
0	127
11	127
0	21
67	2
44	41
0	43
0	99
0	40
0	155
0	155
0	73
0	73
0	225
12	5
0	4
6	39
0	0
0	40
0	92
3	1
0	60
0	0
105	1
0	14
0	1
0	90
0	1
0	0
67	1
0	160
1	17
0	17
0	24
6	17
0	7
76	10
8	4
1	0
0	171
0	60
13	56
14	47
34	73
1	218
0	142
0	218
0	35
0	3
72	20
0	3
4	3
18	0
9	503
0	151
34	73
2	72
0	0
0	45
3	11
143	18
2	7
53	11
8	10
38	0
7	115
0	0
0	22
0	40
6	19
0	0
0	1
0	26
0	0
0	19
2	1
0	1
5	9
8	0
0	0
1	0
0	0
0	5
0	26
0	40
69	53
0	375
0	372
0	331
0	378
0	7
2	3
0	4
0	27
0	27
0	27
0	27
2	27
0	24
0	1
0	8
3	8
0	8
45	8
1	0
0	49
15	7
0	7
18	43
1	49
12	0
0	8
2	34
0	7
0	18
43	17
0	29
6	3
0	8
0	10
0	25
2	0
0	8
3	2
1	5
0	4
0	2
0	2
0	6
0	19
0	7
0	15
6	13
0	8
65	12
0	12
22	0
21	0
93	0
71	38
8	12
70	48
70	16
0	105
3	105
29	54
8	44
13	49
0	10
0	11
16	54
0	13
227	11
1	2
0	2
0	2
0	2
0	0
0	14
0	14
0	0
0	0
0	0
0	0
0	0
26	0
4	0
7	0
0	0
0	7
0	0
0	0
0	0
0	7
0	48
0	59
0	58
28	58
0	38
0	41
0	12
19	55
0	29
0	24
1	1
18	3
0	9
1	7
32	23
0	23
0	5
0	5
0	0
7	0
0	29
0	29
2	64
9	64
8	0
3	3
0	3
0	0
5	3
1	2
0	14
7	14
5	51
0	44
38	12
0	12
17	2
0	43
0	31
0	44
4	10
2	63
38	45
0	46
0	41
0	44
2	36
0	6
0	80
0	98
0	101
3	5
13	15
0	12
0	21
4	16
24	80
0	75
21	0
0	7
0	12
22	11
0	13
0	32
0	32
4	18
9	43
1	30
0	30
25	16
1	13
0	47
9	14
0	2
0	6
0	44
39	93
8	0
14	0
0	0
1	0
0	0
0	0
0	0
6	0
0	0
19	24
31	100
2	97
0	5
0	4
2	3
4	0
106	6
54	4
3	3
0	5
0	1
0	5
0	2
25	37
2	6
27	31
16	26
0	8
22	27
0	27
4	1
4	12
0	14
5	16
4	34
4	2
6	1
0	4
0	32
0	4
6	32
6	4
3	13
0	0
25	31
2	7
4	10
0	16
17	46
14	7
0	26
0	35
0	13
0	13
0	38
111	67
5	38
0	22
107	0
3	0
0	20
0	20
0	644
27	86
35	75
5	56
0	32
0	15
100	103
99	11
4	11
104	9
2	9
0	16
0	16
5	0
0	8
0	3
90	132
0	114
0	127
0	124
5	7
0	17
0	89
5	23
0	9
0	7
65	115
0	56
0	19
0	19
99	0
27	56
7	47
0	7
0	9
0	7
0	9
0	21
2	7
70	59
0	9
4	11
0	2
0	10
0	2
54	38
73	16
0	32
25	32
16	47
0	19
25	31
22	58
23	8
1	24
0	2
96	0
120	14
7	7
11	7
5	7
48	0
92	0
5	13
43	2
19	30
0	13
0	13
0	21
3	10
0	10
0	132
6	11
17	0
16	0
39	78
0	138
44	106
21	36
0	18
5	29
0	16
0	32
6	35
29	0
28	82
27	12
54	32
0	12
0	82
17	0
0	28
0	73
0	40
1	57
2	88
0	53
11	115
2	103
27	53
0	12
0	0
2	5
2	0
10	35
16	9
12	31
0	5
0	5
1	3
0	0
0	0
0	0
30	32
7	3
57	42
5	15
0	3
0	1
0	15
0	109
0	50
0	78
0	1
0	4
0	5
14	0
0	4
0	0
2	40
0	3
0	108
54	92
0	54
4	29
0	53
6	29
3	2
1	12
21	38
0	42
0	18
65	0
0	22
0	22
0	22
0	27
0	21
3	5
3	5
0	8
0	8
14	7
0	5
3	4
10	0
0	0
7	0
3	27
0	20
29	20
340	350
5	6
0	0
0	10
0	4
0	168
0	181
0	18
17	103
0	246
17	42
0	73
0	14
75	23
0	0
0	201
0	30
1	88
7	1
180	87
0	0
36	15
0	5
4	10
6	0
6	6
0	6
0	2
0	3
0	3
0	4
0	4
0	4
0	2
0	1
14	2
1	118
14	84
0	105
0	54
1	2
0	14
0	0
9	0
4	5
1	5
0	56
0	38
92	68
0	64
0	10
106	71
0	29
5	47
7	13
37	19
4	75
1	13
0	6
0	0
0	2
0	2
0	2
4	2
2	23
0	23
0	23
8	67
1	4
11	30
0	35
0	0
0	87
0	0
0	13
14	0
3	0
61	35
0	33
0	33
0	33
0	16
0	24
21	10
0	21
5	9
11	24
0	4
69	4
0	49
7	49
0	29
0	5
32	43
0	32
0	30
0	43
0	7
0	3
0	9
3	0
36	13
0	1
4	1
1	3
37	18
3	0
0	12
1	0
0	4
0	4
0	4
0	6
0	6
1	0
0	62
2	5
0	43
57	57
7	20
65	38
0	32
0	32
54	3
3	5
1	15
3	8
1	3
13	220
4	22
0	22
0	9
135	5
0	0
0	133
0	127
0	122
0	133
0	128
1	133
5	128
10	41
2	4
0	13
2	7
9	5
34	220
0	6
7	21
27	69
0	10
100	11
13	11
0	0
0	0
0	0
2	0
12	21
0	6
0	6
0	2
23	8
0	3
0	8
2	0
8	0
26	6
4	6
7	5
0	724
36	724
0	23
7	34
0	38
23	13
0	0
37	172
0	13
13	31
0	3
0	8
69	1
62	0
45	34
2	28
14	17
0	3
31	0
1	0
12	0
0	61
5	79
0	47
2	0
4	4
26	56
3	8
0	13
10	13
88	81
0	38
0	45
0	15
0	19
0	54
21	18
32	15
0	9
100	26
0	6
5	0
56	424
0	28
68	214
0	15
55	22
46	22
0	17
0	17
2	10
4	10
2	2
0	44
0	44
4	40
0	0
0	0
0	0
20	75
0	73
0	68
0	66
0	51
17	13
0	12
8	2
0	31
45	13
0	13
1	46
18	46
0	30
0	30
0	17
0	16
0	5
0	1
2	1
1	0
0	26
3	26
0	58
0	75
0	25
13	66
0	1
18	7
92	1257
16	45
0	55
18	5
111	17
1	40
29	40
12	56
0	49
0	49
0	49
4	49
45	2
6	2
0	2
60	16
28	16
5	0
4	41
0	39
3	3
0	7
0	3
29	23
0	14
1	1
122	45
0	18
0	1
0	5
0	13
3	1
2	4
0	4
0	0
0	5
0	0
0	30
0	3
9	25
0	27
0	2
0	30
29	0
0	7
0	1
54	13
4	2
4	7
0	0
0	5
0	86
0	86
0	51
0	79
0	38
0	38
0	6
0	6
0	75
0	24
0	6
0	69
0	5
0	70
0	6
3	11
0	65
0	6
5	3
4	5
0	1
4	0
0	86
0	159
21	159
2	159
5	159
0	7
0	7
0	0
2	0
6	0
4	34
0	30
0	46
11	1
0	1
15	1
6	16
0	1
0	46
0	4
0	16
0	30
40	0
125	15
0	9
0	11
0	11
0	39
0	59
0	59
0	13
0	39
0	1
0	1
0	39
0	34
4	34
0	2
0	23
0	0
0	0
0	0
0	5
0	5
0	0
1	81
10	81
0	81
0	79
0	128
0	346
5	23
0	382
0	45
0	85
0	2
0	23
19	37
0	0
0	66
0	12
0	2
0	0
0	5
0	30
0	20
0	17
0	16
0	132
0	54
0	70
44	40
0	51
0	40
0	32
25	26
4	8
51	3
0	17
6	37
0	132
193	4
53	24
0	0
0	0
0	0
0	1
0	4
12	7
0	43
12	12
1	7
0	2
0	60
0	2
0	53
2	0
0	3
0	2
35	70
0	44
0	25
9	23
0	23
0	70
91	24
0	8
16	26
10	4
16	19
7	46
18	8
9	8
2	4
7	4
0	0
41	27
0	13
0	18
5	4
8	0
4	9
0	65
0	34
0	34
0	69
0	38
0	23
0	23
0	21
0	65
0	4
0	13
17	13
5	1
15	13
0	8
0	10
0	12
0	1
0	0
9	53
0	57
0	57
0	9
6	3
0	10
0	17
0	10
10	10
0	0
0	14
27	10
0	7
0	0
0	0
29	0
0	0
0	5
0	8
41	0
25	206
0	79
1	47
0	0
2	236
156	144
0	10
0	127
8	9
0	9
0	0
0	1
30	293
6	71
0	31
70	37
2	1
0	50
1	188
0	173
36	15
0	39
1	27
0	64
0	47
0	0
0	47
0	15
0	13
0	13
0	14
0	14
0	2
0	8
0	4
1	3
1	11
0	49
0	60
11	60
0	11
0	10
0	16
0	25
0	21
100	1
59	0
0	0
42	34
1	11
1	8
0	8
0	2
0	2
10	2
5	2
1	26
0	29
9	0
240	115
0	44
11	80
25	80
1	78
22	14
0	11
16	59
11	2
0	11
4	1
13	0
28	8
27	7
0	8
3	7
0	0
8	0
197	45
0	28
12	41
0	14
0	43
41	26
17	55
51	34
10	31
0	83
0	10
0	8
0	5
3	34
0	16
53	46
21	15
63	43
1	3
0	5
70	19
43	16
19	16
0	5
0	5
0	9
9	5
1	23
0	25
0	29
8	29
3	8
0	8
145	21
56	3
67	46
0	34
34	14
4	6
10	77
2	8
0	54
3	54
11	54
21	4
1	2
0	55
0	54
0	47
32	118
11	14
0	52
0	51
0	52
0	51
88	53
0	45
0	8
26	18
0	17
1	14
160	86
9	78
3	2
11	3
4	68
2	8
0	22
0	4
4	68
0	55
0	13
1	0
166	11
0	97
0	95
2	7
0	12
11	0
7	102
0	42
0	48
0	48
6	52
0	0
11	20
0	440
0	440
0	35
299	57
0	52
58	0
46	11
0	2
13	0
34	10
1	69
53	66
0	37
0	67
0	67
0	72
0	52
9	1
7	0
60	36
0	13
0	12
0	13
0	13
0	4
12	17
23	17
0	1
2	17
0	137
8	0
11	0
5	0
0	8
5	4
4	124
0	141
0	31
1	211
0	211
0	128
27	128
0	294
0	64
0	51
0	33
0	12
8	300
0	128
0	54
5	51
37	27
1	102
32	0
72	77
51	11
19	17
0	10
0	18
0	5
0	15
0	6
0	15
0	115
0	43
0	20
9	8
0	73
0	106
0	107
0	142
3	23
0	14
0	9
26	0
0	47
0	16
0	11
0	45
0	43
0	10
0	43
96	8
0	10
0	43
0	43
0	49
53	0
0	61
0	61
40	49
0	49
25	13
0	28
0	138
12	138
0	12
7	4
5	45
0	43
0	42
0	44
37	75
0	33
0	30
0	34
0	34
0	19
0	25
3	33
19	4
18	138
3	26
0	107
0	124
0	80
4	5
1	23
3	21
8	0
0	12
2	102
0	59
52	107
0	14
0	21
21	1
7	16
10	16
13	34
0	3
25	89
0	3
91	36
22	28
9	34
10	29
137	22
66	0
10	13
36	46
0	34
0	5
161	141
45	31
0	26
10	36
0	20
0	9
0	18
0	25
7	18
0	17
0	9
59	0
0	9
165	20
134	0
66	73
0	83
183	87
0	87
0	66
0	67
0	57
12	45
0	25
0	20
4	0
7	0
0	0
0	2
0	6
10	15
0	6
12	0
3	1
0	114
0	78
175	31
0	14
0	14
2	10
0	10
447	0
2	0
79	2
0	34
18	33
0	34
6	34
0	5
2	1
12	0
3	31
0	31
5	35
0	30
0	31
0	33
0	37
13	32
0	33
0	48
1	6
0	13
0	20
0	21
33	3
0	0
0	0
14	1
48	1
0	0
3	11
0	0
0	6
0	0
15	1
14	0
10	1
8	3
0	11
4	7
26	7
185	45
0	43
0	43
0	45
0	41
0	41
0	22
0	21
0	15
0	13
0	17
0	21
0	22
0	8
1	9
18	15
0	9
0	7
0	9
0	1
25	0
89	250
0	13
2	7
0	11
55	0
78	52
0	52
59	7
1	9
72	2
2	0
0	4
43	11
2	6
58	0
20	15
0	69
0	174
0	172
19	8
56	213
0	213
58	10
2	10
44	0
0	1
0	0
0	0
0	1
0	38
0	14
0	18
0	16
0	2
0	34
4	484
89	4
0	478
0	27
0	25
0	30
0	25
0	25
0	25
0	25
0	25
0	6
0	6
9	3
0	7
0	7
1	7
16	80
0	12
0	82
0	478
0	32
0	32
10	32
33	38
14	1
0	37
0	471
1	24
217	42
5	7
0	11
13	6
0	23
0	20
0	20
0	103
14	34
44	100
0	14
0	10
0	7
0	4
0	2
2	89
0	1
17	7
5	0
9	1
12	1
0	2
6	0
6	1
0	31
0	31
17	25
4	6
20	56
0	43
7	49
0	58
0	65
0	35
0	37
6	6
45	49
0	26
17	1
14	33
42	24
5	60
3	6
7	6
0	0
0	0
0	0
0	0
0	74
0	515
0	526
0	27
0	20
13	11
0	17
55	19
0	9
3	107
20	50
0	55
0	76
0	76
0	13
0	13
0	137
0	8
5	6
0	2
0	140
17	8
0	8
0	0
0	4
0	4
0	52
0	36
0	52
65	63
0	11
0	1
5	26
37	27
7	1
3	11
15	11
0	17
23	17
0	0
0	0
0	6
2	0
0	48
0	56
0	15
48	39
2	15
0	11
0	5
0	3
0	9
0	25
5	0
3	0
0	0
0	6
1	6
20	14
0	14
3	23
0	14
16	23
30	13
2	8
0	11
0	24
0	12
0	9
0	7
81	4
4	3
142	126
0	130
0	119
3	3
0	3
0	0
0	0
15	273
82	113
12	25
0	110
0	15
0	1
15	43
66	138
0	9
2	9
4	2
21	0
177	4
12	0
4	3
11	0
8	0
6	1
6	0
0	4
56	0
0	131
15	133
32	263
25	131
62	116
1	3
2	7
4	7
93	21
0	10
1	24
7	19
0	7
3	0
30	6
16	81
33	103
0	17
8	3
0	3
22	17
0	2
6	17
0	9
4	9
14	12
0	18
3	10
0	8
0	2
0	1
7	10
0	10
0	2
0	1
0	2
6	2
0	1
0	2
13	0
151	3
0	0
52	0
15	110
31	1
0	0
0	0
43	1
101	146
73	79
14	46
4	15
41	29
0	29
31	7
0	7
0	1
0	4
0	1
30	19
0	10
166	0
6	14
16	7
9	0
0	0
0	0
0	15
0	15
5	34
0	127
66	127
57	22
0	16
0	3
77	250
18	3
0	134
9	79
4	9
0	4
0	6
0	134
73	39
0	35
44	95
0	67
0	21
0	29
0	12
0	8
5	4
0	86
0	200
31	189
0	32
0	36
53	21
131	324
0	11
0	11
15	49
0	18
9	5
0	2
93	58
0	87
21	77
0	49
0	32
1	1
2	7
0	7
0	88
17	12
0	2
0	10
9	34
0	34
11	16
0	34
6	5
32	16
0	8
0	29
14	120
161	124
6	73
0	89
0	89
0	0
1	17
0	14
17	0
15	42
0	4
5	38
0	28
0	28
14	5
138	0
67	15
13	15
6	3
70	4
31	6
2	0
0	2
0	8
4	8
4	27
32	9
2	7
5	9
0	9
0	2
17	88
3	0
22	0
0	86
69	70
6	81
0	11
8	35
13	9
8	7
2	2
2	2
4	2
19	39
0	31
222	66
7	12
0	4
2	29
0	31
3	0
0	19
0	20
0	17
0	2
0	3
21	21
50	4
1	4
15	0
0	20
18	76
0	76
8	39
0	68
40	39
0	27
0	39
7	0
75	85
11	30
0	8
0	8
159	8
39	38
94	57
0	14
6	14
1	19
0	519
0	529
28	8
0	8
107	159
0	98
0	50
0	0
0	10
0	3
0	18
25	46
0	34
8	77
0	0
1	77
45	0
12	26
4	30
34	21
26	0
23	1
12	106
49	117
0	22
0	7
0	7
0	10
0	71
0	10
0	71
0	101
0	74
0	8
0	11
0	10
4	0
0	77
0	71
15	8
5	5
6	0
53	40
2	19
0	26
11	5
71	28
5	14
0	88
0	65
12	0
21	12
0	7
4	12
0	7
0	3
0	6
34	5
34	5
1	84
0	84
14	67
0	67
0	67
0	84
26	13
99	29
8	11
6	5
12	8
32	5
33	3
11	12
0	3
5	0
41	63
71	17
0	52
0	9
0	14
14	6
0	24
30	0
17	49
20	49
0	9
0	9
0	13
64	13
237	86
103	49
38	22
62	36
0	9
174	22
54	71
0	4
0	16
0	12
0	13
110	65
0	9
0	1
52	18
0	18
121	30
0	0
0	0
47	42
24	1
2	23
0	223
0	229
4	0
0	2
0	77
0	0
0	228
3	0
0	36
0	5
0	31
15	31
0	5
7	8
0	6
49	26
0	26
0	11
1	0
17	62
0	66
7	10
10	0
9	6
0	3
109	71
4	47
1	19
118	76
0	76
24	19
62	9
0	96
102	104
0	34
0	34
8	0
0	22
1	97
0	15
0	89
0	33
0	33
38	182
0	20
0	19
3	10
0	176
62	63
0	7
0	187
0	172
0	169
0	98
0	97
0	158
25	0
0	65
0	8
2	5
0	12
0	169
0	81
3	81
1	11
0	11
27	37
0	40
0	36
0	29
15	43
29	43
6	0
0	116
0	57
0	82
0	70
4	68
0	10
27	8
0	7
59	6
0	6
0	12
0	10
4	25
6	30
3	4
0	4
0	0
0	0
4	78
30	78
0	75
0	75
6	50
10	2
4	4
5	0
22	4
6	3
3	3
0	0
0	0
0	0
5	0
2	144
0	2
37	22
0	22
0	15
3	29
0	4
8	146
66	43
0	41
1	37
0	14
0	0
5	48
0	48
0	20
0	11
10	3
11	3
4	7
0	4
0	8
64	4
4	31
0	31
40	130
0	11
7	2
0	109
3	8
0	25
95	3
5	0
32	20
0	23
0	12
0	7
7	0
18	8
1	5
0	8
0	14
1	5
0	5
0	0
6	0
0	131
2	131
65	1
0	127
0	14
0	14
30	2
42	25
1	0
5	0
0	25
1	0
0	0
0	62
37	0
0	147
5	147
7	24
0	80
0	78
35	19
0	59
0	59
17	25
0	4
0	84
28	13
0	13
148	53
0	53
6	3
4	4
2	17
0	33
0	29
0	33
0	10
45	20
0	20
14	118
0	106
0	71
0	3
0	57
0	0
0	4
0	0
4	0
0	4
52	81
1	10
0	15
8	0
1	27
35	37
7	21
18	44
0	22
32	86
0	25
3	71
0	1
0	90
4	90
0	17
76	0
15	38
16	38
3	25
0	0
5	0
10	0
2	42
0	13
33	133
0	127
6	20
5	67
0	6
0	21
0	21
4	21
6	0
0	21
2	0
0	109
0	99
4	109
2	125
2	25
0	18
0	8
0	11
0	8
14	32
0	32
0	19
0	7
0	6
28	94
0	13
5	81
42	0
78	48
0	53
0	59
0	76
17	78
0	39
28	34
30	39
0	0
64	35
0	20
0	15
0	24
0	41
17	166
0	16
19	16
20	12
0	102
0	25
0	12
1	137
0	82
0	2
6	137
0	16
0	13
0	16
0	31
0	12
0	15
0	12
0	15
0	12
0	30
0	25
0	27
0	30
0	30
0	154
0	192
0	177
10	2
7	2
6	15
74	82
39	48
12	46
0	3
4	3
125	65
97	133
76	81
0	228
2	236
0	29
4	32
46	42
0	221
0	221
0	76
12	17
17	7
0	3
0	11
0	10
0	4
0	5
0	8
0	8
0	75
0	86
0	6
11	1
0	5
0	0
0	11
4	1
0	0
0	34
0	45
0	38
0	34
0	10
0	9
0	10
0	7
0	5
1	5
9	88
0	90
9	15
20	9
0	17
0	8
0	8
0	29
0	103
37	116
0	91
0	91
0	2
5	8
13	0
3	5
7	94
0	81
0	4
17	51
4	6
2	46
79	11
44	0
7	21
0	22
0	7
0	2
0	2
0	2
0	1
0	220
0	220
0	27
1	17
0	17
0	14
0	6
0	122
0	122
31	90
0	8
69	162
0	43
11	6
0	4
0	4
0	5
0	2
0	5
4	2
52	30
0	24
0	15
0	9
39	11
10	11
0	11
1	114
0	114
0	114
0	2
0	7
0	119
27	32
0	27
7	12
0	9
0	17
0	28
2	4
0	3
0	7
0	22
12	22
0	6
0	7
0	3
11	3
2	8
0	5
0	1
43	108
1	43
0	25
8	50
0	74
0	16
58	17
0	75
4	1
10	51
18	51
8	42
4	42
0	35
0	42
7	14
0	7
4	3
0	7
17	7
39	2
23	36
54	17
1	12
0	16
2	34
4	19
38	0
7	55
0	39
3	43
6	43
13	41
0	34
2	35
0	29
0	9
0	6
0	6
0	1
0	1
0	1
0	1
0	1
0	28
0	11
0	11
2	2
0	11
0	5
0	0
2	5
2	0
0	21
0	36
0	87
0	7
0	1
1	0
41	13
5	0
0	56
0	10
20	63
24	108
30	4
0	6
10	4
0	56
3	9
0	9
0	48
11	48
0	19
11	0
0	185
0	194
0	193
0	194
20	202
0	190
0	189
0	32
0	1
1	42
2	35
0	28
15	45
0	18
0	8
0	11
121	48
0	47
0	48
0	43
0	48
39	12
0	12
0	8
5	7
11	232
18	43
0	40
3	19
20	0
12	19
28	15
0	35
11	28
6	13
34	21
0	7
0	4
10	13
0	0
0	19
0	168
0	168
0	19
39	38
8	34
0	30
15	0
0	40
0	40
0	40
74	0
11	0
0	71
0	77
0	4
24	4
2	29
0	15
35	17
121	69
0	35
0	46
0	13
0	17
0	6
14	39
5	16
17	10
0	21
0	0
0	38
0	18
7	18
8	4
8	8
2	0
0	162
0	59
0	162
0	39
12	0
15	10
124	0
7	143
3	61
4	59
0	4
34	19
0	58
8	41
1	4
0	14
8	6
7	16
0	4
7	0
1	8
139	0
0	135
0	2
0	10
0	10
0	7
3	10
0	25
29	25
47	23
66	23
125	0
0	11
0	11
2	31
0	31
0	0
21	0
31	0
0	0
5	0
18	1
0	1
89	51
80	49
29	49
37	27
24	27
10	47
1	4
0	0
8	0
0	27
0	47
0	28
0	1
2	27
0	37
0	38
0	22
0	21
0	22
0	38
0	7
49	8
159	91
0	79
0	29
2	22
0	29
0	6
14	82
52	82
33	2
0	79
0	43
0	220
0	53
0	13
7	2
0	25
3	11
0	25
0	14
0	13
0	14
0	5
0	3
49	3
0	214
4	12
18	3
0	1
0	9
6	3
23	0
2	0
8	109
68	109
0	28
0	17
0	38
6	38
26	8
0	4
19	4
1	0
331	231
16	2
39	2
0	15
0	11
1	29
0	29
0	29
0	5
14	12
0	29
6	0
0	3
0	7
0	29
0	29
0	22
1	20
9	7
0	16
0	7
12	71
10	1
0	15
0	21
0	11
2	25
5	11
0	0
2	0
0	0
0	0
0	0
0	0
0	4
7	0
0	13
16	45
0	28
8	43
20	45
0	2
9	22
0	10
0	20
0	14
10	10
9	14
18	13
15	18
0	14
3	2
0	12
0	11
0	17
0	11
53	79
0	43
0	23
0	21
12	17
0	13
21	0
0	10
0	28
0	28
7	1
9	8
0	7
0	11
4	10
12	44
0	39
4	31
0	8
3	0
0	77
0	12
0	70
28	47
0	79
0	6
2	19
0	13
3	4
0	16
0	10
3	0
5	118
1	109
0	126
0	109
0	116
0	19
0	5
0	0
0	26
44	24
0	24
26	96
14	13
0	56
0	316
25	64
0	30
0	27
0	34
0	22
6	268
0	81
0	10
0	8
73	49
54	49
35	49
15	131
0	72
0	9
0	14
16	9
0	131
0	8
3	8
2	26
0	3
0	0
0	2
0	1
0	724
0	700
0	710
0	734
0	657
0	23
128	0
21	6
0	6
0	2
45	0
2	13
0	13
0	9
56	0
2	11
0	46
7	46
2	22
0	22
28	22
27	15
13	22
0	9
0	7
0	13
18	5
0	111
28	1
0	7
0	60
0	68
0	62
0	64
0	68
0	3
0	1
3	7
0	19
0	14
0	1
23	9
14	6
3	5
0	117
0	77
56	99
5	54
1	34
24	72
19	54
13	35
8	33
1	14
0	35
0	1
28	32
0	35
14	17
0	58
0	65
0	14
9	55
0	36
0	49
0	45
0	16
0	7
0	7
8	32
0	10
6	31
0	31
0	6
119	54
0	11
5	10
1	52
0	1
59	24
0	21
0	47
25	19
0	34
0	3
0	3
10	3
42	9
0	27
12	4
10	27
1	0
0	131
0	118
0	127
0	122
0	104
60	11
0	22
0	11
38	61
52	29
12	29
12	12
0	182
8	182
0	69
0	73
176	122
74	69
2	1
5	4
0	88
0	86
0	54
0	54
0	18
10	56
0	56
0	52
2	0
0	0
0	26
1	12
0	0
3	0
0	52
0	31
0	30
1	8
0	0
0	19
57	0
228	0
0	147
2	147
31	147
0	130
0	28
0	22
0	27
8	63
0	44
0	24
109	176
14	174
151	21
27	21
18	34
1	29
15	45
0	5
1	5
0	8
17	31
13	30
0	59
44	59
8	29
100	22
2	18
0	6
0	18
107	3
0	0
0	3
69	26
18	27
19	5
12	5
0	0
8	0
34	0
50	0
0	36
0	33
18	2
18	51
2	29
0	18
3	92
3	95
1	52
2	40
10	35
0	77
0	50
0	50
0	50
0	40
0	33
28	11
6	11
0	2
72	19
96	9
1	10
58	0
0	23
0	19
6	30
0	18
0	14
0	24
0	23
0	2
4	14
2	0
46	0
1	17
15	11
0	37
14	37
51	27
4	1
3	22
18	12
0	6
0	14
0	4
2	10
0	12
0	4
142	20
0	11
1	9
60	62
0	63
0	63
41	0
12	0
0	66
0	66
0	24
3	14
99	86
0	15
0	29
0	14
26	86
53	273
61	0
2	256
0	160
12	125
0	32
0	29
327	119
0	26
0	209
11	230
0	68
0	57
23	22
0	19
26	0
0	460
0	431
0	431
0	460
0	460
0	19
81	0
0	84
32	89
0	89
0	19
0	10
0	10
11	2
0	1
0	1
0	1
4	8
13	8
17	138
3	73
16	73
0	65
0	35
2	35
0	20
5	5
0	0
7	0
2	3
93	91
18	46
47	13
79	49
0	49
0	0
12	21
2	21
2	5
0	0
15	16
0	4
3	2
0	42
0	42
28	42
1	38
85	21
68	8
0	18
12	0
4	0
0	20
0	3
0	16
0	18
0	12
0	21
0	20
0	30
0	26
0	11
0	16
4	24
35	15
0	11
37	17
0	6
0	20
0	3
0	3
7	1
1	80
52	32
0	82
0	71
0	63
68	52
0	2
2	5
0	5
0	23
47	13
9	0
1	1
114	0
0	61
0	76
8	76
0	10
0	6
0	41
0	58
0	59
0	70
0	9
0	11
0	9
0	11
0	8
0	10
50	39
0	39
9	86
0	5
0	7
0	80
0	0
2	62
59	69
6	6
15	59
0	16
0	36
4	16
0	14
3	14
0	12
0	16
10	1
0	7
0	31
2	30
2	6
0	9
0	31
0	22
0	19
0	16
0	28
2	4
5	7
0	18
30	27
121	136
0	83
47	6
6	6
4	50
60	1008
0	50
22	8
2	0
0	8
0	0
7	0
1	16
3	27
2	28
0	33
6	38
3	11
9	2
0	9
3	1
1	0
0	0
0	0
19	0
230	122
0	130
77	47
0	68
0	11
0	11
0	54
1	12
0	13
0	13
24	54
5	230
0	155
0	47
11	28
0	86
0	142
0	66
0	23
0	45
2	21
0	32
150	79
57	89
0	45
0	30
5	13
0	13
0	230
0	27
13	50
0	50
0	27
0	10
0	2
0	62
0	38
27	80
64	20
29	17
2	17
4	22
0	12
12	0
109	22
2	7
3	6
0	5
6	6
0	6
0	6
0	6
0	6
8	3
0	0
0	6
0	6
4	1
0	16
0	21
0	0
0	2
0	9
0	9
4	7
3	3
140	3
49	803
50	10
0	25
22	137
0	125
0	22
0	3
2	3
1	0
0	19
2	39
0	17
9	5
13	5
132	21
6	16
6	0
40	10
31	10
18	11
0	26
0	24
75	14
0	177
0	175
0	29
162	51
0	51
1	40
8	1
0	16
24	13
0	5
80	17
0	7
0	7
0	2
0	2
0	2
0	2
0	2
0	1
0	1
2	7
4	0
0	51
4	16
0	8
3	5
0	17
3	0
0	2
10	16
0	43
0	43
0	37
147	94
0	72
0	25
0	12
0	12
0	8
8	1
0	7
0	6
0	1
0	15
0	6
78	9
0	98
74	25
0	27
44	26
0	10
0	87
0	78
0	60
0	81
1	7
6	17
0	10
0	14
0	2
0	11
0	5
4	7
24	5
3	0
2	10
0	11
0	8
1	7
2	1
17	57
11	82
0	27
0	93
57	3
2	3
17	33
24	33
4	73
0	77
0	32
0	30
24	19
57	10
2	12
0	9
0	5
0	11
0	0
21	0
86	26
0	73
0	123
0	253
0	11
23	7
14	16
0	17
0	24
0	36
8	121
17	0
31	95
20	84
15	169
0	13
49	0
46	8
0	11
0	3
32	38
0	34
0	10
10	9
5	8
85	49
0	36
52	21
11	35
0	13
70	68
99	62
7	60
0	60
0	29
42	17
0	0
7	12
0	17
1	36
0	7
114	152
0	152
15	0
43	0
37	76
1	0
0	24
41	24
3	7
207	216
32	21
47	26
9	67
0	29
56	233
5	0
145	0
0	17
0	16
85	33
77	0
91	46
0	15
8	8
62	64
0	55
0	9
0	155
0	155
8	155
0	34
2	216
97	0
9	0
9	88
8	87
0	0
0	33
7	17
0	30
0	33
3	11
19	26
3	0
0	56
0	4
11	4
0	2
0	4
0	56
0	13
0	20
0	8
0	9
2	3
0	15
71	7
0	12
18	44
14	12
0	12
0	12
0	32
0	12
2	20
8	20
0	7
0	8
0	9
4	4
0	9
0	9
18	1
0	0
0	36
36	68
10	34
36	20
10	38
106	194
0	43
10	21
21	10
0	10
0	7
0	7
0	9
38	38
0	43
14	14
0	30
16	50
0	7
5	20
0	303
0	84
19	218
0	120
0	117
0	78
0	160
0	28
0	11
0	122
0	13
0	4
0	248
0	303
31	125
0	192
0	104
2	9
54	13
10	73
6	68
16	67
3	83
0	29
0	31
0	34
0	99
70	50
0	31
0	0
0	9
0	6
0	0
0	6
10	7
0	7
0	7
0	7
0	3
0	4
0	4
0	3
0	10
0	4
0	3
0	1
0	0
8	59
0	52
0	55
34	23
0	18
1	15
0	59
134	65
36	0
0	37
17	37
0	16
17	1
167	131
6	93
9	90
0	17
5	5
13	5
0	8
0	1
6	13
0	14
0	6
0	13
0	0
0	4
0	0
39	99
0	72
36	39
21	39
0	9
0	2
0	5
0	7
39	42
38	38
40	23
0	22
58	25
0	39
35	39
38	12
4	9
0	0
26	11
0	11
10	8
0	8
0	4
0	10
0	206
0	196
0	196
0	29
17	6
0	10
0	15
22	15
7	15
105	114
0	37
0	87
187	214
40	197
0	21
0	32
0	41
0	14
0	34
7	11
6	0
20	10
24	15
0	295
18	295
24	6
50	6
0	6
0	4
5	6
117	22
0	6
0	6
0	6
0	6
0	0
0	0
0	0
9	0
3	311
4	311
38	24
0	97
113	194
14	28
30	31
45	4
0	4
0	4
0	4
0	1
3	2
2	1
0	2
31	27
0	27
0	5
0	5
0	47
0	31
0	58
0	53
0	58
0	56
0	124
0	125
2	15
3	16
0	16
60	126
0	17
0	11
20	1
1	48
0	25
0	15
10	3
0	25
0	3
0	12
0	3
18	30
0	1
46	1
0	1
44	91
58	176
0	9
78	67
1	39
26	10
0	46
0	2
3	4
7	279
163	0
18	139
0	80
0	62
0	133
0	54
81	20
93	30
7	71
68	13
0	29
0	32
8	35
6	28
0	27
0	53
2	38
6	12
14	8
0	32
0	7
1	7
15	0
0	55
0	5
0	55
10	46
6	46
0	13
0	49
15	52
6	2
0	52
1	91
119	0
14	33
7	33
0	4
157	23
18	27
12	14
0	13
0	6
15	18
19	6
0	5
0	153
0	153
0	156
0	147
0	154
0	150
0	157
0	84
6	29
0	48
0	46
3	13
4	86
0	86
0	3
0	46
0	0
0	12
0	0
0	103
71	50
0	50
0	9
0	46
13	18
0	22
0	14
2	7
0	7
48	3
2	3
0	3
0	0
3	1
0	0
1	1
0	0
0	0
0	77
0	75
0	127
11	2
2	9
0	13
11	2
5	11
5	8
0	125
39	102
0	31
7	7
5	19
10	0
89	28
0	34
0	37
4	4
111	0
3	0
39	2
0	1
10	54
0	54
43	16
0	5
0	11
12	8
16	17
2	31
0	16
1	0
0	9
0	11
1	6
127	28
3	8
2	2
5	4
2	2
0	28
0	25
75	20
4	68
9	27
0	68
0	47
0	48
47	3
0	3
25	1
0	40
0	296
13	285
0	61
0	28
0	29
0	305
33	0
24	4
0	0
2	0
0	1
0	6
14	6
37	164
3	93
0	126
0	126
0	127
0	15
4	3
0	0
3	12
0	22
0	20
0	10
0	4
2	3
104	0
1	25
8	29
0	29
1	25
0	0
1	94
0	10
0	86
91	15
81	42
1	8
0	86
143	0
4	0
2	0
6	0
0	0
130	0
0	24
0	24
9	2
0	4
0	4
0	2
0	5
0	5
38	130
0	92
0	8
0	11
0	28
45	123
26	117
26	30
13	61
0	61
66	36
10	3
7	3
11	111
0	73
3	78
44	53
0	65
0	11
0	5
0	5
0	0
0	23
35	203
0	1
1	4
0	65
19	1
0	1
6	222
0	17
4	14
0	16
0	36
0	14
302	212
0	56
4	153
0	107
0	46
85	44
1	23
26	0
28	0
0	9
0	153
99	18
0	17
2	13
1	10
33	17
2	3
0	11
16	0
0	8
0	12
101	23
2	22
11	4
3	5
23	31
0	28
0	10
0	3
70	0
26	16
0	0
0	16
11	93
0	22
0	14
0	14
7	28
0	28
0	1
95	12
6	0
0	1
0	44
0	1
0	44
1	140
0	0
57	33
4	107
0	21
0	0
0	5
0	0
0	21
0	157
36	155
59	176
3	2
48	39
0	14
7	62
0	66
6	63
0	4
0	36
0	39
42	53
1	56
0	0
11	0
6	8
0	5
41	129
2	129
0	22
0	34
0	7
0	11
6	49
30	51
0	19
0	5
0	2
0	54
0	5
0	7
24	26
0	16
6	0
17	2
5	2
0	28
0	0
0	5
0	24
0	4
0	4
6	2
0	2
34	12
0	22
0	5
0	7
0	48
14	21
0	3
0	52
12	17
0	17
4	0
0	0
0	6
19	36
0	22
0	3
0	7
0	10
0	17
0	16
0	16
1	19
0	27
0	13
2	13
0	25
3	7
3	0
0	3
0	5
7	0
2	0
1	0
12	68
0	0
3	45
0	55
90	31
11	5
21	4
0	10
0	10
53	6
0	7
0	6
3	9
9	3
2	0
0	3
9	6
59	18
0	6
1	3
0	0
5	22
0	15
9	15
6	15
0	15
4	15
4	10
45	22
0	15
2	22
48	140
0	2
41	141
0	21
39	31
48	37
169	44
0	8
0	4
8	27
162	271
352	170
0	32
32	66
26	36
44	132
156	48
8	11
34	46
0	41
85	536
0	32
1	11
21	75
121	47
0	32
12	75
0	75
0	4
0	0
0	10
0	19
6	0
13	9
59	34
0	14
42	13
11	1
84	20
0	4
0	19
28	9
0	29
12	19
21	24
40	4
16	1
16	28
32	29
9	101
0	37
2	34
22	9
15	47
0	37
13	86
0	130
0	130
4	7
86	3
0	12
2	29
15	25
57	24
0	5
0	2
2	2
0	7
15	51
0	31
11	26
1	18
0	4
0	3
0	51
0	29
0	20
0	9
0	20
0	82
0	82
0	82
0	11
50	0
3	34
0	33
35	13
0	10
0	34
0	36
6	1
0	29
0	18
0	18
0	27
0	13
15	24
0	1180
0	1199
4	1266
0	1167
1017	1376
0	1096
0	1483
0	797
0	1311
0	814
0	1405
0	1018
11	228
348	200
1	108
0	102
16	128
74	269
0	126
234	194
15	0
91	0
126	29
0	23
0	26
40	22
0	8
8	14
6	63
0	63
0	19
1	3
8	57
0	71
0	2
3	27
19	70
0	20
46	46
0	20
39	103
42	105
4	125
0	44
0	50
9	47
6	7
0	47
0	2
0	2
37	21
0	4
18	0
5	0
2	3
3	3
15	0
0	8
2	6
1	13
0	13
0	68
0	8
0	63
0	4
1	56
38	88
98	53
26	45
0	13
6	45
1	8
21	7
0	7
7	4
0	0
1	0
0	0
0	54
35	32
49	54
19	63
0	20
8	63
43	18
0	64
11	57
1	24
35	100
7	13
0	1
0	13
2	13
0	1
1	96
0	14
0	10
0	3
0	3
0	3
5	7
0	3
17	0
0	3
0	6
22	0
0	44
0	41
24	23
29	47
0	92
30	1
7	88
0	43
39	27
0	31
10	45
1	16
14	7
13	0
14	5
21	14
45	43
0	221
0	221
0	221
0	221
0	221
0	221
0	221
0	221
0	197
0	197
0	196
0	196
0	220
0	221
580	411
8	221
0	221
0	197
0	16
0	16
2	16
0	13
0	6
141	8
0	7
0	16
0	1
0	30
0	2
0	11
2	1
4	14
0	21
22	4
19	0
0	36
0	9
1	31
0	4
0	9
0	70
25	60
6	0
38	8
0	5
0	67
0	70
0	94
2	67
0	31
0	6
0	1
0	2
0	93
4	0
127	63
24	60
42	17
0	30
0	30
0	0
0	0
0	30
1	0
47	128
0	19
0	18
2	17
0	18
0	17
0	37
0	37
2	51
0	51
9	13
15	0
27	48
50	7
7	0
0	7
2	0
123	0
0	8
0	8
0	29
0	29
0	13
415	66
8	10
0	10
2	101
0	6
0	2
0	96
0	89
0	48
23	33
0	25
0	2
0	101
0	22
59	23
0	6
0	14
0	4
28	0
131	140
0	115
7	19
0	29
11	41
3	11
2	15
172	0
5	78
0	78
10	18
0	92
0	103
0	73
13	48
26	39
89	12
1	35
0	15
0	0
0	20
0	40
0	26
4	7
0	6
0	12
0	40
0	26
0	36
0	6
29	1
18	36
11	36
0	11
5	0
6	5
0	15
20	10
13	5
60	0
0	44
3	44
0	38
0	11
0	5
0	44
0	44
1	0
1	58
0	41
6	6
0	4
0	31
4	1
0	1
18	68
0	68
0	67
0	68
0	8
61	12
12	11
10	5
0	6
0	6
0	61
0	94
0	55
23	39
0	38
3	51
15	7
0	22
0	48
2	0
3	7
0	94
4	2
4	2
0	1
1	1
0	0
0	12
0	12
0	14
0	14
0	17
0	16
0	15
0	0
0	0
0	4
0	4
0	134
0	82
7	63
44	0
21	56
0	0
28	0
15	87
0	84
12	14
5	12
0	19
30	107
0	96
0	18
0	12
0	100
36	0
119	41
0	23
0	23
0	27
0	21
44	14
0	11
0	14
3	6
40	8
10	0
43	8
0	8
150	41
0	7
0	7
8	5
32	26
73	9
0	4
2	0
146	10
0	5
0	1
30	16
0	0
44	16
86	2
1	6
0	6
0	2
6	1
0	2
165	0
5	34
6	29
8	23
57	9
59	3
0	1
13	32
3	4
0	32
0	28
0	22
0	23
5	28
0	248
0	254
2	61
0	241
7	3
6	9
0	9
0	0
0	9
20	6
0	1
0	1
1	5
0	30
0	20
2	24
5	8
103	40
0	23
0	81
0	80
0	35
0	53
6	1
41	28
0	72
3	23
7	23
0	0
4	11
0	11
7	0
0	6
7	28
0	19
38	5
4	19
0	1
0	16
0	18
0	73
22	24
54	0
0	4
0	65
0	65
0	65
0	58
0	0
5	5
4	0
2	1
0	1
3	4
0	7
0	73
15	37
0	15
1	5
0	3
0	0
0	3
4	18
0	2
0	2
0	4
0	3
0	18
0	13
0	2
0	2
4	0
0	3
0	2
0	0
4	5
0	5
0	0
0	38
0	7
0	3
0	15
0	28
0	6
0	16
2	19
0	9
0	65
37	78
0	20
14	10
0	11
0	11
0	11
0	22
6	0
12	0
31	16
0	0
9	8
0	4
23	4
0	16
43	13
0	19
0	71
7	23
0	57
1	14
0	6
13	2
0	2
3	22
0	9
0	3
0	2
19	19
4	128
3	45
0	86
0	79
0	45
8	36
23	218
20	7
1	7
0	94
0	89
0	84
12	109
237	285
0	170
0	109
0	7
158	23
0	23
73	49
3	25
3	39
1	22
0	22
4	31
4	23
0	128
54	36
6	66
1	16
2	12
0	128
90	18
0	9
2	10
7	31
147	31
4	128
71	6
0	23
0	8
0	8
164	102
144	10
69	10
9	32
0	32
1	40
9	40
0	30
1	21
81	20
7	15
0	0
0	20
92	1365
0	20
43	19
0	18
0	1
0	10
0	6
0	5
0	83
0	111
10	111
0	47
4	99
30	127
0	6
0	18
0	1
0	113
3	60
34	150
0	26
0	248
0	180
10	140
33	175
20	5
87	178
16	10
12	16
0	26
0	2
23	3
0	3
19	38
0	0
8	0
57	0
89	1
34	21
0	21
92	34
0	7
61	22
11	19
0	16
9	85
0	23
12	11
0	6
10	6
26	68
15	45
0	8
0	23
0	7
0	19
129	191
0	28
0	129
3	13
0	13
0	13
0	4
0	2
0	1
81	33
0	19
25	32
0	16
19	0
29	0
89	56
18	60
0	171
0	171
0	52
0	14
0	47
0	26
0	26
0	4
0	52
0	31
60	98
39	95
36	84
2	2
0	9
4	9
0	11
0	11
0	5
115	153
0	22
12	118
0	2
5	116
19	69
41	58
7	58
0	8
0	37
0	0
2	0
7	0
0	9
0	12
3	22
4	223
0	27
0	227
56	79
5	52
0	76
2	7
60	136
4	8
0	12
13	18
0	10
0	53
0	53
7	64
0	53
0	27
1	7
2	11
0	129
24	129
0	86
2	37
0	37
0	48
44	86
135	59
0	38
8	0
33	70
0	25
58	66
0	18
1	24
0	31
37	32
8	100
0	100
50	0
0	87
19	2
5	2
8	37
0	12
23	8
0	7
5	35
0	11
5	9
2	3
0	11
3	3
0	0
6	14
0	15
4	1
0	6
0	1
0	2
0	2
0	2
66	165
18	11
0	18
0	21
0	88
7	21
0	18
0	18
0	167
8	5
88	46
0	5
7	3
0	4
17	2
0	2
0	4
0	4
0	46
0	46
137	0
42	0
67	122
0	113
6	82
0	4
9	62
0	10
0	43
7	21
0	10
6	36
3	235
12	12
0	33
0	33
0	7
0	12
0	11
36	14
0	225
0	41
3	43
2	39
0	453
0	493
0	453
0	0
6	0
9	99
2	99
27	76
4	21
9	10
0	10
0	17
1	66
0	66
10	35
15	8
5	6
61	9
0	1
0	3
5	8
0	3
105	22
0	0
0	0
0	7
0	14
0	7
0	13
0	2
0	0
0	0
0	0
0	0
0	0
0	0
0	1
0	5
72	2
0	1
0	94
0	94
0	94
0	98
0	99
0	99
0	98
0	98
0	98
0	98
0	98
0	92
0	98
0	98
0	92
0	88
16	0
4	5
17	124
9	0
6	10
19	100
8	103
0	8
15	24
0	3
0	98
0	98
34	84
0	2
0	84
16	37
4	37
0	37
0	36
0	34
0	1
7	16
14	64
195	164
0	102
19	25
3	67
5	6
8	11
1	0
7	29
0	26
0	22
4	72
0	94
0	60
0	76
14	54
0	14
0	4
0	40
3	1
0	40
0	39
0	148
0	148
35	5
123	76
0	42
11	42
0	18
42	32
17	8
70	11
0	8
16	9
1	5
66	38
2	56
10	44
0	21
0	34
45	47
0	22
0	22
29	7
14	7
0	0
0	0
0	19
24	34
74	12
24	12
12	142
0	146
0	53
0	146
0	70
0	70
0	52
0	23
0	77
0	15
0	40
0	10
5	7
0	16
0	9
12	36
13	28
4	23
4	0
0	1
0	7
42	5
45	28
10	20
2	8
5	1
1	1
2	17
6	12
0	17
0	12
18	64
0	12
22	1
15	9
0	34
0	30
0	17
0	28
0	28
45	0
0	29
0	22
0	95
0	0
8	0
0	32
0	105
0	22
0	21
0	21
5	25
0	6
0	4
0	5
0	5
0	6
0	1
0	3
104	0
89	53
0	25
2	16
0	1
3	0
0	12
48	45
0	15
9	31
46	20
9	9
58	0
3	32
6	18
9	1
129	45
89	41
0	38
6	25
0	7
0	1
9	0
19	108
0	29
3	32
0	16
11	0
0	32
15	302
0	22
0	12
0	7
0	4
0	4
11	26
6	23
0	72
0	72
0	68
0	17
5	230
0	69
3	20
0	20
16	9
4	9
0	51
5	31
180	77
17	9
9	127
0	6
0	2
126	12
7	4
1	12
0	6
0	4
0	4
0	1
10	0
0	4
0	11
3	1
0	3
0	3
0	0
0	2
0	6
7	57
0	69
0	53
14	46
0	28
0	128
7	113
2	77
0	5
0	12
0	12
5	18
0	17
0	24
0	14
4	18
148	0
0	45
0	45
0	39
21	0
0	7
42	32
3	3
0	23
7	30
0	27
0	24
0	25
0	21
2	0
0	0
0	14
0	6
6	6
8	0
0	22
1	13
28	143
4	20
79	80
0	70
8	43
26	15
186	54
6	29
0	0
0	25
13	0
0	18
28	18
89	17
1	17
0	3
7	7
12	61
13	57
0	53
6	13
9	0
18	4
0	78
0	78
0	76
0	24
0	16
0	15
1	13
0	16
29	0
32	23
0	19
0	71
0	35
0	32
7	35
0	0
2	10
0	0
145	63
0	3
4	0
50	53
0	30
6	49
0	49
0	4
10	4
54	261
0	257
0	19
59	68
0	2
3	2
0	6
0	8
0	8
0	6
0	8
0	8
0	6
81	13
25	6
0	8
0	5
396	69
24	69
0	1
0	1
0	1
0	7
0	7
0	5
4	42
0	13
0	33
18	4
0	3
0	2
0	3
2	3
20	0
1	39
41	21
0	52
0	15
14	8
9	41
0	33
0	4
1	4
0	6
0	4
0	2
0	41
15	40
18	40
11	53
0	32
0	31
0	31
0	48
0	28
0	48
0	28
19	46
4	0
0	26
0	12
0	12
0	12
0	5
0	15
0	19
0	5
0	9
4	9
0	20
0	2
0	18
4	46
22	96
19	82
0	110
0	110
12	61
0	12
17	4
55	12
63	33
0	25
11	32
87	163
66	13
0	10
0	0
19	107
6	58
4	25
2	10
0	0
16	0
21	88
1	0
4	25
0	25
7	0
0	0
87	16
15	0
0	28
9	61
27	39
2	30
31	10
6	21
0	3
0	9
0	1
6	61
0	28
9	50
0	14
0	7
21	15
4	5
0	35
0	24
48	2
7	1
12	63
26	77
1	2
0	2
4	3
6	7
0	9
0	9
0	9
3	5
11	16
4	16
4	16
2	10
2	7
29	27
0	27
71	0
1	7
37	17
0	24
22	27
10	8
704	38
0	27
45	38
0	12
10	10
74	12
0	10
51	43
174	69
0	4
0	76
6	76
3	59
0	58
0	68
0	62
0	33
0	40
0	21
23	161
0	35
0	31
0	7
3	0
0	22
0	10
2	9
12	0
0	80
0	21
3	12
24	24
4	38
0	24
2	74
0	61
0	73
6	4
0	8
20	42
7	0
12	4
53	40
0	10
108	32
0	38
0	175
0	175
0	13
1	22
10	10
9	5
144	5
16	14
19	85
0	166
2	151
0	2
0	2
0	4
48	4
4	16
0	2
0	66
0	59
3	66
8	66
0	59
11	59
0	57
0	57
6	6
3	19
0	7
0	57
290	33
44	159
0	10
71	73
5	0
6	15
0	15
24	0
5	72
257	174
0	174
85	21
0	10
0	4
0	7
238	20
0	31
22	31
2	8
3	55
0	29
3	35
0	29
44	8
0	2
0	7
0	2
0	61
36	78
4	78
0	12
0	72
47	85
0	76
0	16
12	32
0	15
0	5
0	4
1	4
0	12
0	1
0	12
0	16
16	5
0	7
71	12
43	45
8	20
3	25
35	0
2	34
34	34
142	26
0	4
0	10
2	4
0	12
32	21
3	11
5	3
0	5
0	2
0	4
1	3
0	12
4	102
0	9
0	9
30	5
64	65
6	5
10	13
42	28
0	28
0	2
0	4
15	44
7	27
1	19
2	10
0	0
0	0
12	0
0	0
0	0
22	65
0	42
0	26
6	21
304	121
0	53
4	55
5	22
3	1
0	3
0	2
0	3
0	2
10	2
5	2
0	55
0	13
4	13
0	13
6	14
0	8
12	8
3	1
0	6
181	767
18	0
55	0
68	19
1	19
16	3
10	3
0	0
0	14
0	21
22	41
0	92
30	22
0	73
7	73
24	0
4	0
295	223
0	15
8	27
0	98
0	1
0	4
0	50
47	13
0	39
0	173
0	173
0	0
58	66
0	66
0	11
33	0
1	0
22	0
0	0
31	113
0	24
3	24
0	38
0	36
120	17
0	1
0	14
0	35
0	38
82	7
11	7
1	7
0	46
0	54
4	4
0	9
0	4
8	70
0	62
46	97
0	17
0	18
0	23
0	86
31	28
0	86
0	24
0	14
0	97
9	87
15	62
24	70
49	29
1	4
0	13
0	12
0	9
0	0
0	3
37	9
0	9
0	9
0	31
0	11
0	2
2	0
0	2
0	2
5	25
259	9
40	42
2	34
45	32
2	27
8	27
5	0
59	118
13	849
0	119
0	124
72	64
0	120
0	133
0	69
0	4
0	67
0	44
11	4
2	49
7	37
94	195
0	16
7	21
0	5
30	0
2	18
0	18
0	20
0	64
0	6
18	6
0	2
0	11
0	11
0	0
15	0
0	0
0	32
16	87
0	47
0	93
0	20
0	37
0	37
0	93
0	37
0	47
7	0
0	28
25	82
0	13
47	58
26	71
0	91
0	75
1	17
8	18
0	10
1	7
0	16
110	0
69	39
26	30
7	2
11	9
20	0
13	0
127	0
95	16
18	34
0	9
6	4
32	7
11	7
97	0
0	27
0	34
0	34
5	34
0	20
0	20
21	29
0	27
0	9
0	23
9	137
21	18
27	22
0	125
5	12
27	12
6	0
27	3
0	0
5	3
6	4
0	6
67	13
22	9
47	5
0	5
18	0
0	32
0	32
0	5
0	5
3	0
0	16
14	0
7	69
0	69
15	7
0	66
0	26
1	16
0	12
8	16
42	44
0	10
0	5
1	30
6	62
0	63
0	16
0	17
0	17
0	19
56	12
0	12
61	98
4	84
0	5
46	35
0	53
0	95
0	20
0	20
0	20
0	33
6	29
5	8
0	13
0	13
0	0
0	0
220	0
11	177
0	177
4	63
2	1
2	18
0	18
211	65
0	0
0	30
0	2
52	7
6	70
0	38
2	30
0	26
0	1
0	21
5	21
0	21
0	53
0	8
16	17
0	2
5	2
10	138
17	4
0	13
0	13
0	13
0	13
0	12
0	12
0	3
0	4
0	4
22	3
0	1
1	1
57	0
0	13
0	13
13	0
19	4
0	0
0	6
29	89
0	45
0	15
0	26
0	15
0	39
4	39
65	128
46	128
109	8
8	5
0	3
9	47
14	53
0	47
0	34
1	6
14	60
0	32
100	5
84	35
0	31
0	12
9	10
143	2
0	2
2	113
0	33
0	118
55	8
6	30
0	20
0	17
2	27
1	5
2	14
0	17
11	10
0	18
2	3
0	30
6	0
60	30
28	1
0	5
56	452
19	31
0	6
0	4
49	13
0	4
5	4
30	35
0	6
13	3
0	6
0	12
0	22
0	40
0	32
8	22
18	70
0	17
58	24
0	3
0	0
0	65
2	9
0	63
0	111
0	111
0	14
0	102
0	112
0	8
23	103
15	6
0	6
2	10
16	12
5	15
23	41
3	5
0	34
2	29
55	36
3	44
0	27
0	24
0	24
0	25
13	17
0	15
81	118
24	21
0	48
16	8
2	5
18	93
2	41
2	22
5	24
6	18
0	121
0	107
16	5
18	52
0	20
0	8
0	1
46	0
60	0
19	10
0	10
20	19
0	5
0	5
0	19
3	48
20	0
0	29
0	29
0	29
4	0
2	20
66	0
91	130
6	100
0	14
1	14
27	38
45	20
12	16
68	60
122	52
205	0
202	0
0	105
2	110
2	31
0	85
2	35
0	8
7	7
53	0
0	0
0	3
14	13
0	21
0	29
2	55
59	51
0	15
0	0
6	0
0	6
3	0
24	0
0	3
0	3
3	3
0	3
0	3
11	0
0	9
0	1
0	3
3	18
52	43
9	22
0	17
0	23
0	3
0	31
0	11
0	31
22	18
0	0
0	4
0	19
91	10
0	28
96	0
0	35
0	17
0	16
21	11
0	9
0	27
0	11
0	11
0	20
0	1
15	0
27	15
6	0
28	0
1	0
3	0
0	55
0	55
56	59
12	62
17	17
0	69
19	54
1	11
34	11
0	6
4	61
0	62
0	63
0	71
0	54
0	62
0	71
5	11
6	11
0	0
6	0
0	25
0	17
14	12
0	12
0	2
0	26
16	20
8	26
0	24
2	0
28	0
15	0
19	2
0	50
2	48
20	39
0	44
6	16
2	4
0	14
0	5
5	19
0	6
12	0
1	4
0	91
26	91
0	25
0	40
0	42
0	42
43	87
0	43
4	19
0	8
0	61
9	11
8	17
4	3
5	2
2	2
6	38
0	35
0	5
0	13
0	51
0	57
0	51
0	13
137	28
0	18
0	15
7	5
2	4
0	1
7	76
0	76
0	22
63	2
54	39
0	2
13	39
15	13
52	0
0	0
36	106
0	61
1	22
0	40
9	8
9	50
0	1
0	1
0	1
0	1
0	1
16	24
0	24
0	4
0	4
65	0
2	41
10	14
29	44
1	32
0	32
0	30
0	27
0	9
5	10
0	8
0	38
0	30
0	15
0	55
0	63
0	15
3	6
0	13
0	4
0	9
0	13
0	11
0	9
45	0
104	24
0	24
62	132
0	28
6	8
0	0
0	2
0	5
3	5
25	28
36	8
2	3
22	5
46	0
35	0
46	0
0	98
0	96
0	98
0	98
0	17
0	34
3	2
64	33
2	0
0	0
0	83
0	1
0	4
15	1
7	80
19	143
0	116
0	39
505	690
0	27
2	0
1	1
47	17
10	13
10	0
0	4
0	4
7	4
14	75
0	63
0	63
17	17
3	17
0	4
7	20
11	18
0	1
62	25
3	1
0	1
10	49
8	39
0	41
0	30
9	4
1	33
0	10
0	43
0	46
3	0
0	0
0	3
0	0
0	0
0	0
0	10
0	10
86	236
15	7
0	77
0	11
31	30
0	140
4	166
0	132
13	63
0	63
58	167
0	3
1	0
0	0
0	37
0	23
11	34
0	33
0	45
0	41
2	0
2	0
0	11
144	51
1	51
0	29
0	34
5	9
0	7
1	9
0	5
38	0
90	11
22	45
138	67
0	54
0	48
6	18
0	36
6	2
0	2
2	6
2	4
0	0
0	0
127	54
0	49
3	3
8	5
0	5
5	4
17	4
0	1
5	3
1	43
0	43
0	8
39	0
0	0
0	26
0	9
1	8
1	0
12	3
31	3
7	98
0	98
0	91
0	58
0	87
0	21
4	22
91	50
0	37
3	50
0	7
70	40
2	93
4	93
0	48
0	12
1	8
0	10
11	5
42	13
4	46
94	5
0	12
1	8
1	19
7	27
1	80
3	59
2	71
4	35
0	13
12	7
16	457
2	3
2	100
4	100
0	79
21	1
0	89
176	208
0	5
28	8
0	6
0	18
22	18
0	2
3	1
3	1
35	18
16	81
9	15
0	81
0	45
5	6
0	13
33	30
14	6
1	14
8	11
17	32
0	12
0	85
4	43
12	71
0	129
0	49
0	21
0	32
0	26
15	35
1	2
0	127
1	21
29	21
9	2
12	2
0	61
8	61
31	8
0	8
0	8
0	17
0	29
0	23
0	29
0	30
0	6
2	12
0	10
0	17
0	11
0	4
0	7
6	9
0	26
23	76
0	24
19	19
0	16
7	16
0	16
3	2
3	1
0	13
73	0
0	16
32	99
0	33
7	6
0	7
5	66
0	10
0	35
26	162
24	4
0	8
0	7
0	9
30	31
4	4
14	13
1	64
2	64
4	36
9	10
0	7
0	7
6	7
0	7
2	7
0	169
38	142
6	27
33	20
0	17
55	19
27	17
9	21
22	13
0	16
2	74
0	72
13	16
252	15
114	2
0	16
17	2
46	10
31	28
0	10
58	5
1	5
0	54
0	59
0	55
0	20
2	2
0	47
11	0
6	9
1	11
103	14
0	94
20	95
12	2
0	54
0	19
11	3
0	14
59	36
4	2
0	2
28	22
18	121
0	34
0	88
6	57
0	73
0	51
38	119
67	50
0	20
0	1
18	17
2	104
0	112
9	62
0	37
0	101
0	54
0	6
0	46
42	17
0	2
0	101
0	47
0	42
0	42
0	32
1	32
0	20
36	653
0	4
0	17
0	33
4	2
0	17
0	17
9	16
0	41
0	35
0	8
4	16
0	28
18	19
3	2
15	0
12	152
2	153
14	7
2	12
0	18
96	103
0	61
47	112
0	110
87	390
14	35
22	15
0	4
62	54
52	40
0	54
45	40
0	16
65	67
0	35
7	35
0	57
20	52
4	2
0	19
0	3
2	8
0	42
0	18
0	12
0	6
0	36
6	0
0	11
0	18
0	60
3	125
0	73
12	98
15	6
87	35
0	35
2	99
0	100
0	5
7	5
130	3
148	0
101	140
0	5
5	13
0	131
53	0
29	358
2	87
42	37
0	37
0	91
0	18
0	89
22	21
0	10
1	82
14	78
0	5
0	4
0	104
0	98
0	41
0	41
2	22
72	16
61	25
0	9
1	2
48	9
27	4
0	11
0	11
0	4
0	23
0	26
13	87
0	91
1	45
29	19
0	42
8	0
11	7
73	23
45	65
10	14
0	45
0	49
0	61
1	9
0	16
87	15
0	85
5	53
10	13
25	9
1	14
0	8
0	28
0	2
0	0
0	14
0	30
0	48
0	25
0	37
0	37
2	31
0	12
0	18
0	18
0	16
1	7
56	87
0	2
0	13
5	0
0	14
0	59
0	9
0	3
0	52
0	16
0	52
0	52
0	52
54	0
46	102
0	25
6	9
0	19
21	4
0	0
155	28
0	0
35	16
0	0
0	28
0	7
0	7
2	7
13	10
0	10
36	30
0	7
12	6
3	4
2	3
0	4
0	9
0	3
1	2
113	21
0	81
6	83
30	8
12	32
0	0
30	15
4	6
0	6
0	6
0	1
0	9
11	37
21	37
4	43
0	43
65	0
12	0
112	3
21	35
2	35
4	39
0	35
0	12
0	6
0	36
0	7
0	14
95	21
0	52
1	3
7	13
5	6
0	6
1	4
0	11
0	0
19	8
0	8
0	0
0	2
0	2
0	7
0	7
0	3
171	10
0	21
0	66
26	47
16	9
1	46
26	4
0	4
0	33
0	25
21	10
0	15
13	8
7	4
0	7
1	4
0	33
16	2
0	0
23	2
1	0
134	0
97	0
0	111
0	31
0	24
6	11
0	5
12	18
0	52
45	37
0	59
80	1
0	68
19	67
20	4
20	2
23	0
116	23
8	23
0	32
12	16
25	84
0	23
0	23
586	57
3	47
0	13
39	28
36	8
0	8
0	62
0	65
0	37
5	17
0	36
0	60
0	60
0	201
0	201
0	129
0	16
44	32
0	0
29	44
1	10
0	10
3	0
15	4
38	2
0	2
8	2
0	29
0	86
51	119
1	23
0	86
3	38
40	0
22	43
7	29
0	25
0	10
0	57
0	10
0	36
0	36
0	70
14	7
0	50
35	60
34	69
0	36
0	52
0	8
0	6
0	35
0	8
24	0
17	17
0	15
213	15
0	14
5	13
5	0
36	41
18	0
0	0
2	68
39	116
0	98
0	37
0	18
6	3
3	3
0	33
0	27
0	30
0	11
0	12
0	41
0	39
0	29
0	28
0	24
0	10
0	24
164	55
0	84
0	81
0	84
0	8
2	48
12	69
3	6
0	8
0	10
6	1
0	4
0	18
5	18
0	7
5	0
499	25
5	30
0	17
34	14
0	19
66	40
0	115
0	115
15	64
3	111
8	0
0	0
0	0
119	24
23	79
0	72
1	20
11	0
7	3
138	15
7	2
2	8
3	5
25	21
2	35
0	35
0	10
3	0
89	110
4	4
0	0
0	11
71	83
90	83
18	93
6	96
0	19
7	2
8	8
8	4
7	76
37	28
27	28
32	16
4	33
5	29
0	4
13	56
0	51
0	50
86	48
65	43
0	8
56	56
0	6
0	8
0	50
77	17
0	138
2	10
30	130
68	155
0	7
0	3
7	7
5	7
0	11
0	23
5	4
0	5
0	4
0	10
0	5
0	15
0	14
3	10
42	61
15	3
69	30
6	2
10	22
0	27
0	27
0	2
0	5
0	0
1	2
0	2
0	2
0	1
41	1
0	3
58	27
17	4
33	7
2	4
0	140
17	140
6	34
0	24
48	34
22	34
15	19
0	2
48	190
53	237
15	62
0	5
1	0
0	6
2	0
0	0
24	0
1	18
34	0
0	31
0	175
12	49
18	6
0	117
14	12
0	0
0	0
0	175
42	18
0	11
0	11
0	59
12	59
76	20
157	55
2	60
0	59
17	25
2	19
0	13
0	38
0	37
0	37
27	29
0	19
0	9
0	8
0	38
0	42
18	55
0	4
0	1
0	22
16	22
2	0
10	27
1	0
126	12
2	4
0	2
1	1
0	1
0	1
4	267
19	0
0	14
1	14
0	29
0	29
4	98
19	100
0	0
0	0
5	1
0	3
0	3
0	8
2	8
0	5
33	8
94	4
27	3
24	22
0	1
0	1
27	22
0	9
3	14
7	30
0	2
19	58
0	11
0	5
0	11
0	25
0	17
11	1
4	0
7	14
3	14
0	7
20	97
0	25
0	25
4	0
136	20
12	8
3	8
4	8
0	5
125	113
0	31
8	0
14	538
0	530
82	103
288	2
9	2
0	26
0	26
3	23
0	118
4	118
1	5
215	17
15	15
12	15
0	9
0	1
0	2
20	19
3	37
0	65
0	34
0	39
13	42
0	24
0	36
6	8
0	8
0	39
6	14
10	22
0	92
0	92
0	21
2	21
0	13
7	1
4	1
0	34
5	2
3	32
9	3
0	2
0	6
0	2
0	3
0	6
44	36
0	12
0	27
33	0
0	112
0	83
0	23
12	10
2	3
0	91
0	70
18	68
0	5
6	5
5	1
0	1
23	45
76	36
0	42
0	11
46	20
0	7
0	27
16	15
8	0
0	7
0	4
2	7
0	7
3	6
4	0
0	5
25	15
3	0
97	0
14	5
0	5
0	9
35	10
12	161
0	161
14	11
0	36
0	13
80	46
0	39
0	13
3	0
5	13
2	28
8	7
6	19
0	27
30	6
0	2
12	0
38	35
0	35
0	5
0	15
0	5
0	101
0	101
0	97
0	11
0	13
0	34
0	15
0	10
19	21
240	132
61	125
0	4
0	14
0	8
0	21
0	1
0	1
0	7
0	2
0	0
0	108
17	10
717	49
8	352
0	352
38	20
0	16
2	15
261	88
0	12
0	12
0	28
0	51
37	103
8	10
2	4
0	962
0	937
1	46
99	190
0	664
10	710
1	43
41	60
23	36
46	126
10	1
3	11
0	11
4	8
0	19
0	8
6	3
38	2
0	2
0	2
1	93
0	77
0	40
4	14
0	2
0	2
0	14
11	2
2	29
0	12
9	10
0	11
5	0
50	34
0	93
0	11
0	10
0	0
30	15
3	21
7	1
0	0
0	1
0	21
0	5
1	0
49	8
5	8
9	5
15	1
0	1
5	4
42	4
0	7
91	16
64	18
0	5
42	49
18	154
0	17
0	5
0	93
0	8
0	53
0	60
0	24
77	0
0	53
0	60
0	57
0	23
0	7
0	7
0	6
0	57
20	29
0	22
43	149
0	54
0	16
18	13
0	54
0	166
4	26
2	166
9	18
0	88
3	9
20	23
1	2
0	8
9	4
0	39
0	103
0	88
9	73
0	47
2	10
4	21
11	1
164	44
2	39
28	17
0	25
6	25
84	24
38	12
91	57
12	2
52	85
0	5
4	0
0	77
0	1
3	13
0	17
0	1
87	100
4	13
0	3
21	16
8	42
0	45
5	42
0	0
0	45
16	60
0	60
7	5
0	3
99	7
8	95
0	95
80	10
26	19
0	117
0	118
0	117
77	0
0	0
8	179
0	66
3	0
7	3
0	50
9	0
0	179
3	157
0	137
0	55
0	43
0	23
0	96
0	106
0	99
0	5
8	8
0	18
2	8
0	138
0	97
0	52
0	52
0	59
0	59
0	8
0	39
5	0
0	5
9	48
0	21
0	14
0	7
0	56
0	10
0	10
0	10
0	15
0	5
0	0
0	233
11	215
0	9
43	255
28	22
0	233
3	6
0	29
1	7
26	275
32	60
1	5
30	55
46	19
9	190
3	1
23	19
0	5
0	5
0	23
14	23
0	4
7	100
0	43
36	24
0	18
0	25
0	17
180	6
17	0
0	48
0	87
3	87
31	51
270	13
31	76
125	93
5	19
63	13
0	33
6	41
0	4
47	26
0	14
0	17
3	10
13	4
47	14
0	14
2	77
3	6
0	77
85	70
57	32
0	47
23	13
2	14
0	6
0	2
0	5
110	0
8	19
12	17
0	17
64	547
0	547
16	291
0	6
0	11
0	11
0	8
258	105
0	51
0	29
0	3
4	3
2	5
0	52
0	25
0	42
20	32
0	148
0	0
0	52
53	93
0	18
45	47
4	25
47	103
3	3
0	6
0	18
6	43
0	17
0	20
27	105
11	99
16	7
38	59
0	6
168	30
62	0
151	1
10	0
0	24
8	51
0	20
79	7
4	7
60	0
28	4
22	111
60	117
0	117
28	115
24	56
0	54
4	5
56	66
0	66
0	19
87	59
0	70
0	19
0	35
0	594
3	594
4	9
22	8
4	8
104	71
3	10
40	9
0	9
26	41
1	41
6	11
0	11
6	2
8	43
2	16
0	27
43	31
0	16
0	343
8	19
0	27
0	20
121	294
0	348
101	105
7	12
6	12
5	3
0	3
0	3
0	1
6	30
16	29
4	16
0	4
14	21
0	21
52	6
9	6
66	497
4	1
0	16
0	16
0	16
2	4
1	4
0	64
0	63
10	58
0	31
0	15
0	8
13	17
0	3
0	19
17	10
0	10
0	15
0	11
25	41
16	1
0	30
2	6
0	64
7	12
0	10
0	7
2	4
24	181
3	12
0	12
0	12
30	0
6	22
0	18
0	4
20	91
0	106
0	264
13	253
3	95
0	106
0	106
0	13
0	207
12	13
0	13
51	0
0	13
39	16
0	104
38	111
0	98
0	80
0	111
25	107
1	2
51	167
0	16
42	0
5	2
4	6
0	6
6	0
57	3
3	52
0	25
0	18
53	43
0	27
6	32
71	74
77	32
0	57
5	22
5	46
0	0
1	7
109	335
0	63
0	66
0	8
37	14
178	99
0	12
51	74
0	51
0	64
0	37
15	0
0	28
0	0
0	14
8	19
2	19
0	3
15	5
20	5
0	14
15	0
5	12
31	13
2	13
94	0
3	0
124	7
5	7
4	7
0	21
0	21
0	14
7	73
14	86
0	45
7	54
0	5
0	5
15	84
0	84
0	35
0	17
0	17
0	17
0	15
0	31
0	4
0	2
26	18
27	70
0	48
0	4
3	25
0	25
14	0
2	4
0	42
22	10
0	12
0	0
18	37
1	37
105	155
0	152
0	38
0	3
0	1
103	6
0	6
136	62
0	5
2	0
3	17
1	67
0	103
99	98
0	75
0	79
0	15
0	6
0	10
3	0
67	100
174	10
0	13
0	13
0	12
4	20
0	10
0	16
0	9
10	0
3	42
120	178
0	4
0	0
71	2
0	44
17	49
0	9
3	12
55	10
5	0
0	1
2	10
0	64
33	102
0	119
0	119
0	95
0	121
0	35
0	29
0	8
35	69
12	53
0	41
0	5
0	12
0	35
0	35
0	1
0	4
0	3
0	119
15	87
22	69
27	50
2	0
0	119
6	9
0	0
6	0
38	59
4	7
10	1
0	0
0	18
1	74
6	74
3	2
6	8
0	8
21	5
59	6
0	3
10	6
2	0
0	0
4	0
4	79
0	61
94	52
29	51
0	2
465	260
0	23
66	34
0	34
0	24
0	4
0	34
0	0
0	31
5	0
7	169
0	138
4	38
0	70
0	70
0	44
0	146
0	146
0	143
0	143
0	102
0	8
0	2
61	0
4	11
0	14
28	14
34	2
0	0
20	37
0	60
24	81
3	32
0	21
21	0
29	8
97	87
0	32
36	13
0	4
39	14
0	42
0	31
0	24
0	39
8	15
0	31
64	20
4	6
65	215
6	4
72	127
0	27
82	50
0	14
7	26
3	39
6	20
0	17
0	20
4	19
3	31
0	5
0	5
0	5
6	0
0	68
0	68
0	20
39	8
0	25
0	23
13	41
0	3
0	4
22	6
0	6
34	8
0	121
20	83
68	69
7	102
0	61
3	3
84	238
47	114
75	89
40	12
13	22
0	14
0	4
2	3
1	3
68	20
0	38
0	37
0	19
62	20
0	0
0	0
4	1
105	1
29	49
29	35
0	35
17	14
0	0
16	89
0	89
0	34
0	34
0	32
0	30
5	0
68	99
26	125
0	38
0	24
0	44
0	21
0	2
0	0
0	0
0	22
0	22
0	27
86	30
7	10
2	40
0	34
15	36
0	45
0	68
52	83
0	73
0	21
15	0
0	32
0	0
14	62
22	2
0	4
0	162
36	174
0	34
0	227
0	28
0	20
0	17
14	28
0	11
0	0
0	2
0	11
0	5
0	25
6	93
0	24
8	15
3	1
1	73
0	30
0	52
0	3
0	1
0	0
7	3
8	21
12	15
1	14
0	48
0	48
0	7
3	16
4	5
6	5
1	0
0	26
0	37
0	30
0	0
0	11
0	18
0	26
0	30
0	7
0	62
0	32
14	11
6	2
7	1
0	10
0	2
18	8
34	10
34	51
0	46
0	40
0	36
0	6
69	47
1	0
31	366
0	37
152	64
14	64
8	80
0	80
0	67
16	16
0	5
0	10
0	8
0	8
27	0
1	9
0	1
7	9
0	8
2	8
0	8
0	8
0	41
15	41
0	29
0	21
1	10
57	0
62	51
0	40
0	8818
3636	14717
0	10
3	6854
4	0
6	12
17	0
0	69
0	11
23	38
5	69
0	20
0	59
0	18
0	22
2	4
2	2
8	25
0	0
40	0
2	7
0	7
24	0
6	7
0	148
0	75
25	14
90	163
3	209
48	0
0	101
0	57
0	123
0	37
3	38
34	137
0	45
0	86
0	39
0	22
0	28
4	16
0	16
0	9
0	5
0	7
36	80
0	177
0	177
0	222
42	233
0	113
0	113
42	0
1	0
123	32
0	29
0	3
106	41
0	0
58	14
0	14
39	54
0	16
0	15
9	45
3	35
3	10
53	32
0	28
0	10
76	563
1	77
0	42
0	61
6	22
0	46
0	64
0	4
5	3
2	5
18	14
250	46
21	11
0	21
0	24
1	13
16	23
4	3
0	7
0	10
174	39
0	170
0	22
0	26
0	5
40	183
30	139
42	43
20	7
84	179
0	23
2	2
0	2
2	2
136	54
41	20
0	54
9	21
0	45
0	2
0	47
0	46
1	5
227	3
7	0
0	1
0	40
0	40
0	40
11	26
0	6
0	1
0	13
0	0
4	0
0	1
0	6
0	6
0	27
46	27
0	8
0	8
2	6
6	1
23	41
0	37
0	10
1	22
0	41
0	0
32	50
0	48
17	16
9	38
0	38
1	0
57	37
75	40
0	33
45	0
72	69
0	69
24	5
10	16
4	10
16	130
0	13
41	0
19	102
16	99
0	42
124	93
0	33
9	4
0	42
0	9
0	9
19	9
0	9
31	25
0	1
66	10
0	10
13	85
0	73
0	37
0	30
12	33
0	14
0	29
0	25
0	15
0	18
0	19
9	7
0	7
0	4
0	4
5	4
0	9
0	6
14	4
0	4
1	0
8	0
0	57
0	57
13	21
0	21
21	4
0	65
8	79
34	24
18	18
23	39
5	27
48	52
0	13
0	8
31	32
0	14
5	10
0	11
14	21
0	21
15	10
0	65
19	56
26	57
19	5
0	102
0	83
0	67
0	67
0	95
0	102
0	102
35	51
2	51
8	59
0	19
15	0
7	191
13	0
7	4
0	191
3	9
0	5
0	0
0	9
82	4
21	12
0	12
0	0
4	3
4	0
0	0
0	0
0	0
0	3
0	0
0	0
1	0
2	0
7	0
0	0
34	9
5	89
24	89
0	85
18	11
3	4
0	0
1	7
88	35
0	17
5	19
74	66
0	20
31	43
0	37
0	60
0	44
0	31
43	34
147	66
0	10
0	64
0	52
81	157
0	157
23	0
88	33
2	20
0	7
10	0
0	24
0	18
21	25
0	18
0	17
3	17
0	19
25	19
152	2
36	3
3	3
23	10
9	61
0	36
0	25
35	8
95	79
0	34
0	54
0	15
0	32
1	0
6	55
25	21
0	23
0	27
5	11
17	17
0	8
0	9
0	9
19	0
29	54
0	14
16	0
67	17
0	11
0	6
3	10
0	6
3	83
0	83
22	23
3	25
0	162
0	162
0	15
69	0
11	0
0	11
75	784
0	39
0	50
0	90
0	50
3	2
5	65
35	23
0	60
13	43
0	43
0	14
0	14
12	0
18	0
60	0
0	1
3	0
0	1
32	0
5	28
0	104
50	269
86	20
0	88
9	43
0	91
0	64
0	8
4	2
0	14
0	65
13	65
1	29
0	37
0	31
0	13
0	0
0	13
14	14
0	14
24	0
60	6
3	0
62	36
0	29
0	31
0	10
0	4
0	46
0	46
2	5
0	8
0	6
0	8
15	8
0	6
22	11
28	28
0	18
8	33
4	22
6	19
0	18
0	8
0	9
10	9
0	6
1	0
0	2
15	0
137	17
0	2
0	10
0	14
0	14
30	25
0	2
0	17
30	0
4	8
0	24
0	10
0	11
0	12
0	7
2	3
0	38
1	33
66	44
0	46
25	162
0	44
14	73
11	4
0	6
0	73
0	73
42	52
0	9
0	12
0	24
0	6
0	32
0	8
3	3
0	5
0	2
6	0
0	8
30	32
9	48
0	45
0	36
26	23
0	13
0	8
71	20
5	17
2	6
0	3
6	0
0	178
9	60
0	31
0	19
7	31
2	6
0	0
3	0
0	15
0	178
2	56
145	59
22	6
59	199
0	173
0	183
0	203
0	2
0	62
80	46
20	7
6	0
28	7
5	2
0	0
52	0
2	16
6	16
0	11
28	31
0	27
0	5
0	2
0	5
2	73
5	73
0	0
14	0
0	81
1	81
14	6
26	24
0	1
5	3
0	15
4	16
1	0
0	6
7	6
37	65
0	80
0	46
6	22
38	0
4	0
5	0
4	25
2	26
0	2
9	3
59	0
3	16
0	3
0	9
3	16
0	0
20	7
2	6
0	6
0	6
37	8
0	82
2	44
0	82
0	80
0	19
0	1
26	18
15	18
16	87
0	87
0	24
0	9
0	21
3	29
0	59
0	59
551	0
0	8
0	0
0	0
45	8
0	4
0	2
4	6
0	0
28	4
2	6
2	0
0	29
0	29
0	25
16	11
0	15
21	12
23	23
0	23
19	3
14	3
0	53
10	167
22	0
0	143
24	44
17	0
1	0
4	1
30	5
4	5
73	0
13	41
0	42
28	44
0	44
0	39
0	39
52	0
35	9
19	14
11	14
21	15
79	0
208	84
0	11
11	25
723	272
5	2
0	6
0	2
15	13
0	9
0	8
0	52
0	50
16	52
0	17
13	6
176	66
0	8
0	0
5	5
26	33
120	118
0	33
0	7
0	11
2	2
7	0
18	78
52	5
0	5
0	3
24	0
31	16
0	16
0	16
13	1
0	1
7	0
4	112
37	18
2	9
0	112
0	112
0	65
0	65
0	71
3	10
63	58
0	58
0	1
23	110
0	2
0	4
7	104
4	3
0	9
0	13
0	11
45	0
31	0
0	13
0	13
0	13
0	0
16	0
2	41
1	54
24	54
0	40
37	35
17	10
2	1
0	147
0	146
0	49
0	113
53	108
53	1
3	19
0	0
11	9
0	52
0	46
0	11
22	46
0	21
0	2
0	2
10	9
0	14
0	9
33	14
6	6
16	2
1	22
0	25
1	29
1	4
0	13
0	1
0	12
0	0
0	0
0	12
0	18
0	10
7	2
84	4
0	1
0	1
1	1
30	12
0	6
18	3
3	0
0	2
2	0
0	0
0	19
14	35
16	35
1	0
2	0
0	7
34	108
2	27
124	60
0	58
36	2
0	21
6	2
7	39
5	31
3	16
0	21
44	26
0	22
17	59
10	14
23	10
0	10
37	2
0	2
16	69
0	2
0	0
42	7
0	2
0	4
0	2
0	31
163	5
0	151
0	152
57	76
5	3
6	34
0	34
10	0
15	0
38	4
0	4
0	39
0	39
101	34
0	7
1	2
1	0
178	20
4	4
4	16
0	0
17	0
0	249
5	212
1	245
0	177
0	175
0	181
20	52
0	116
0	9
0	183
0	185
0	177
0	172
0	177
0	29
22	28
0	28
0	25
2	32
0	32
0	32
4	31
0	31
0	16
7	1
90	11
4	11
0	7
12	0
93	23
8	11
86	120
0	45
16	45
0	45
0	53
57	39
0	14
0	23
10	3
2	13
0	1
4	11
0	1
70	38
0	3
10	4
0	17
0	0
10	0
12	0
59	74
2	66
0	1
3	64
9	32
19	29
31	24
0	16
1	7
1	6
1	4
4	3
0	40
0	16
0	39
4	17
0	12
10	13
0	37
7	14
2	0
38	23
0	42
86	161
43	20
4	10
0	91
0	83
29	76
0	99
1	6
0	12
0	57
0	11
0	41
74	103
6	31
0	19
0	19
8	7
5	2
9	0
0	0
55	34
24	28
6	20
23	12
0	11
0	2
0	3
3	0
0	17
0	18
0	16
0	1
0	1
0	0
0	34
0	36
0	36
0	33
0	23
119	40
4	7
0	1
8	3
8	33
9	0
31	2
0	0
2	2
5	70
2	62
0	0
0	55
0	47
9	42
7	41
0	1
0	77
0	119
0	41
0	60
0	64
0	64
14	13
22	35
10	4
0	43
54	35
44	11
0	87
0	28
0	2
31	2
12	2
7	4
6	73
3	49
1	7
63	231
0	230
0	225
6	279
0	279
9	29
0	34
95	35
0	19
0	18
0	34
1	1
7	51
0	21
52	77
7	0
67	40
64	50
76	37
0	27
0	31
48	33
16	17
0	2
0	2
35	10
29	17
0	15
0	2
24	2
7	1
48	14
4	20
0	6
0	26
0	63
29	19
0	32
0	20
0	10
0	4
0	63
4	23
0	44
347	21
13	43
9	29
4	43
218	11
0	11
0	3
16	126
0	124
0	126
22	118
0	0
0	147
0	24
20	0
8	14
0	27
3	13
10	6
0	4
0	117
9	0
7	0
2	14
0	24
0	43
0	14
0	26
0	20
0	20
2	36
1	8
21	91
68	9
0	91
0	28
5	18
0	18
0	82
60	14
29	79
1	84
1	5
19	31
0	14
11	17
0	51
0	15
4	66
86	128
0	91
7	3
0	17
0	16
21	25
0	27
0	14
0	22
4	13
0	13
0	1
5	0
0	22
0	14
0	19
0	35
0	35
2	27
0	11
2	11
21	1
7	2
0	25
0	88
0	58
14	79
5	25
6	39
0	15
551	15
0	5
2	329
3	1
0	331
4	4
0	7
0	104
28	113
4	27
0	74
0	38
56	38
0	18
0	27
0	18
0	27
0	27
0	18
0	18
0	27
0	17
28	25
0	42
69	56
1	20
0	13
0	7
0	3
4	3
2	0
11	21
0	7
10	17
8	17
6	74
0	70
16	19
0	70
4	9
0	74
17	9
0	8
27	32
0	32
9	18
3	30
65	37
0	74
0	11
0	11
57	0
0	20
0	15
27	25
5	18
0	5
5	0
0	8
0	3
3	10
6	0
0	0
0	7
0	14
0	14
0	14
6	14
14	0
0	0
0	56
0	13
0	12
0	23
0	12
0	12
21	12
53	3
7	14
0	0
0	0
3	6
3	56
0	14
6	14
0	16
3	3
3	3
23	0
88	17
6	17
10	28
18	21
4	7
102	60
0	36
0	0
89	61
0	61
4	0
53	93
0	40
0	9
0	93
13	12
34	16
0	12
4	16
0	68
9	68
0	67
0	56
0	13
0	7
8	12
0	30
0	3
2	15
3	3
0	30
0	3
0	0
20	22
0	22
107	56
10	1
1	3
7	0
0	123
0	63
202	118
0	120
105	0
15	457
204	132
0	132
16	89
0	52
0	2
30	47
0	13
0	3
0	4
0	23
0	19
67	38
139	207
0	410
1	410
0	16
43	125
1	89
0	55
17	11
0	59
1	20
82	103
0	98
0	43
31	5
0	81
1	81
4	81
28	28
1	28
0	28
0	27
5	17
0	117
0	83
0	105
0	4
26	10
0	7
0	11
0	10
0	8
16	0
11	1
0	1
19	46
4	46
0	85
0	13
1	4
0	78
0	77
19	25
0	63
2	53
5	5
23	28
0	36
0	36
0	228
1	237
0	92
0	98
0	173
0	196
4	0
0	34
46	0
8	27
0	12
6	4
36	3
0	6
77	9
0	9
146	5
23	19
0	15
0	25
0	0
0	19
61	4
0	4
14	15
0	21
4	85
0	85
0	35
0	41
101	34
0	30
1	9
0	6
0	0
0	0
27	0
0	0
2	0
0	15
21	41
20	13
2	7
0	3
0	7
0	9
5	20
5	1
5	1
0	0
0	4
19	0
0	15
0	18
4	9
9	63
4	109
3	31
6	57
7	57
42	50
0	51
0	46
0	28
12	92
15	92
0	23
0	39
0	39
0	16
0	11
0	4
0	7
0	5
0	13
7	21
6	9
7	3
23	12
5	7
4	0
9	8
4	8
11	12
0	25
0	2
0	15
0	2
0	15
0	17
38	103
12	154
0	154
4	6
0	6
42	211
16	34
0	22
9	0
10	8
0	8
186	4
0	0
26	151
32	135
0	87
10	61
0	29
0	11
0	8
0	8
0	6
0	8
0	35
8	35
11	4
7	16
24	1
23	50
0	1
0	14
2	49
1	7
10	7
0	15
0	94
0	94
0	86
0	93
0	93
0	9
198	37
21	20
10	155
19	192
18	51
0	7
10	31
0	43
4	13
16	28
1	18
0	9
4	16
52	17
0	26
0	73
0	53
0	16
0	23
0	13
0	3
0	13
0	13
0	0
0	0
23	10
1	43
4	43
43	43
0	16
0	16
11	44
0	27
52	79
0	13
64	29
173	29
0	176
12	208
0	158
0	62
0	117
20	3
1	91
6	21
1	16
88	11
0	91
0	5
15	59
0	59
0	9
0	9
0	33
8	2
3	0
55	194
0	9
6	9
0	12
0	12
0	9
0	6
3	6
5	0
0	0
1	11
0	47
48	47
0	1
0	1
0	23
0	130
0	82
0	93
0	99
4	56
0	53
0	53
0	11
5	49
6	0
0	10
20	79
0	8
0	19
0	4
22	1
2	1
0	7
0	4
0	9
59	66
6	16
5	18
0	279
0	6
6	7
10	6
0	272
63	18
18	27
0	17
0	18
0	1
0	1
0	4
0	0
7	4
0	4
3	22
1	12
54	10
12	0
0	0
0	0
1	0
0	0
0	0
5	0
3	0
0	0
2	0
2	108
115	109
0	47
1	18
0	15
5	34
2	27
7	45
26	45
0	34
1	4
110	12
3	40
12	41
0	36
0	21
0	21
14	113
5	2
0	113
1	45
0	45
0	18
9	13
0	17
6	8
3	10
0	6
0	2
49	17
0	0
0	17
6	47
0	47
0	9
11	14
103	21
47	0
75	0
13	20
0	30
0	30
7	21
67	36
0	34
0	15
0	8
10	3
7	0
8	3
34	3
53	3
0	3
54	0
10	14
0	14
0	17
4	3
58	33
0	76
1	122
71	14
2	23
36	20
14	5
30	0
23	58
5	58
7	51
1	0
47	165
0	10
81	201
0	16
0	94
0	15
0	12
182	32
0	175
0	179
0	79
0	11
0	58
0	59
0	72
4	53
4	6
0	50
0	219
13	216
0	55
0	72
0	72
21	102
0	102
19	93
5	0
4	4
0	93
5	41
0	51
2	58
0	46
0	21
0	10
0	3
0	14
0	10
0	3
0	6
0	3
5	5
4	5
0	2
3	0
75	0
59	0
60	0
26	0
0	29
0	29
2	56
1	9
3	10
3	56
0	10
0	3
7	5
16	6
2	18
0	14
0	13
0	5
4	5
0	7
0	11
0	8
9	6
0	7
0	2
0	7
27	0
4	66
8	23
0	24
0	56
20	23
0	2
10	2
0	0
0	23
4	3
75	39
1	9
1	10
0	3
0	5
11	57
0	10
0	57
0	70
0	70
0	49
0	48
0	8
0	8
2	7
15	0
0	31
0	31
37	0
21	20
39	20
9	42
8	42
0	32
0	16
0	7
0	0
0	72
0	72
0	18
17	10
16	4
0	4
0	45
0	41
56	0
29	75
16	75
20	6
46	1
0	0
142	0
0	42
0	53
0	27
0	42
16	39
0	42
0	13
0	4
0	17
0	16
0	15
0	22
0	22
0	22
0	21
1	1
0	0
2	0
34	15
0	15
33	9
4	9
79	63
11	19
0	54
0	33
2	33
0	1
25	59
0	3
0	56
0	28
2	27
0	20
0	12
68	48
0	26
40	282
0	277
21	14
56	15
6	14
4	14
60	242
0	120
0	1
9	185
12	82
0	61
0	59
0	22
15	12
1	12
0	2
2	3
0	12
23	12
0	72
69	0
9	0
99	184
39	0
20	18
0	23
32	1
0	1
0	12
0	1
7	7
1	6
0	14
0	7
0	13
0	47
0	47
9	6
2	0
5	75
0	74
26	75
0	36
36	10
0	0
22	10
0	0
73	47
0	0
12	117
58	115
2	114
3	18
46	39
3	11
0	36
36	7
0	39
0	98
0	104
0	108
16	0
2	74
0	77
9	27
0	58
0	55
0	55
0	58
28	56
0	54
3	58
0	49
0	44
6	38
0	8
13	9
0	9
0	7
0	4
3	0
5	0
46	41
7	47
30	29
21	0
46	11
0	17
0	3
0	7
38	42
0	42
2	10
0	15
0	15
54	16
0	16
0	4
4	1
0	0
26	0
0	97
0	93
0	44
197	44
1	30
9	4
0	26
27	33
0	97
0	93
18	0
21	0
96	13
0	34
62	34
0	13
15	11
0	9
0	13
0	24
5	103
88	3
0	0
0	2
0	101
26	11
0	0
55	32
0	14
49	5
0	20
0	72
14	72
0	64
0	11
0	12
0	12
5	0
49	1
6	0
8	20
57	24
83	19
0	1
0	20
0	43
0	45
0	47
0	47
4	52
0	52
0	2
10	1
0	5
0	28
2	41
32	0
0	45
21	0
0	0
2	42
0	0
0	17
0	0
3	0
33	0
3	20
4	1
0	19
0	4
0	57
0	60
0	38
0	40
0	40
0	41
0	27
0	60
0	55
98	0
12	64
0	44
0	44
15	37
0	35
3	15
0	20
0	25
0	23
4	0
0	6
0	3
0	2
0	2
0	3
0	18
0	0
73	212
0	6
3	419
0	23
25	381
33	8
27	8
0	0
17	55
0	7
0	45
0	24
0	46
0	38
9	33
2	0
19	44
12	44
11	18
0	8
0	8
31	7
5	5
0	0
49	2
0	7
1	54
0	10
85	10
35	0
0	55
2	55
10	11
0	40
0	19
16	21
0	19
0	9
0	8
2	9
7	0
2	0
0	5
5	0
3	79
2	5
0	132
4	7
0	21
0	132
69	0
31	8
111	23
3	17
7	0
3	6
2	99
10	99
0	50
5	71
6	71
0	8
0	62
4	0
3	0
6	0
0	32
0	23
11	0
100	93
0	62
0	38
0	38
1	60
36	0
0	75
0	8
5	0
0	7
3	14
8	46
25	3
24	44
0	44
0	0
8	0
0	5
13	30
4	24
0	15
0	30
0	16
6	20
2	24
7	0
0	14
0	19
0	9
7	27
71	8
0	8
0	1
0	107
4	107
0	73
8	7
2	20
283	196
0	20
0	87
63	38
72	5
0	5
0	10
0	14
0	25
0	38
1	0
0	77
0	0
0	94
10	16
0	26
0	16
0	10
0	26
0	15
0	6
0	0
2	5
0	1
8	6
180	30
2	20
53	33
0	26
9	0
0	33
1	49
0	49
4	8
2	4
47	37
171	170
0	21
0	152
0	160
7	22
0	17
1	9
0	9
0	2
7	13
0	6
0	2
10	3
9	7
0	0
1	17
0	17
5	17
0	8
4	7
1	9
55	19
0	12
10	5
18	5
16	16
0	14
3	29
11	33
0	33
14	29
3	6
0	2
24	50
1	54
0	0
0	3
19	12
0	16
38	79
30	89
1	5
0	71
0	71
15	40
72	17
0	13
0	13
2	7
0	30
4	1
0	20
0	25
11	0
1	20
0	30
31	2
0	0
0	2
3	2
5	0
15	41
55	107
0	93
0	104
14	9
0	5
1	4
0	10
49	17
5	10
17	0
23	0
0	3
36	8
7	0
4	49
11	49
63	92
35	43
0	43
5	43
0	92
0	74
9	6
3	2
0	10
0	4
38	4
50	24
25	24
3	4
3	4
107	70
0	12
0	9
0	31
0	31
52	974
8	19
8	2
0	0
86	87
3	29
0	31
0	31
0	4
26	8
8	4
1	8
1	4
20	5
0	0
69	132
0	55
0	38
151	35
0	6
0	5
0	6
0	4
4	17
24	51
0	52
17	7
15	18
6	22
40	0
167	0
63	36
0	5
46	13
7	33
0	12
8	11
0	5
20	27
6	0
4	10
0	6
6	0
7	0
12	0
0	0
0	18
0	18
51	0
20	4
249	234
28	2
159	24
69	187
2	107
38	77
0	5
0	4
0	12
18	8
12	6
71	43
0	37
0	30
9	28
0	58
29	2
5	0
9	2
4	50
381	29
0	13
22	8
4	44
86	51
0	3
7	130
0	130
0	21
3	25
0	25
44	57
2	8
0	379
17	0
0	0
7	11
2	11
27	27
68	351
13	71
43	18
6	111
0	4
51	16
2	2
0	111
0	86
25	86
0	13
0	0
6	65
0	1
0	1
33	66
0	0
0	16
0	16
3	98
0	98
0	96
42	18
20	59
0	59
0	45
287	8
17	0
48	0
4	35
0	25
1	32
0	22
0	1
2	92
0	93
0	71
0	4
26	25
0	25
6	40
0	19
1	6
0	40
0	6
11	3
41	0
20	1
1	0
6	5
0	38
49	29
0	29
0	4
9	53
49	4
26	39
0	34
0	9
0	0
0	36
59	0
0	4
18	4
23	38
0	64
27	64
0	24
12	7
9	9
7	8
0	6
5	7
0	10
0	10
2	5
22	5
18	0
48	22
40	92
0	46
193	14
0	14
82	1
16	1
26	47
0	31
159	123
0	108
0	110
0	115
4	3
3	5
2	29
0	7
76	6
16	3
114	97
9	38
0	92
0	91
0	83
0	25
14	25
0	39
10	102
8	0
0	26
3	13
0	17
0	17
75	9
0	26
0	17
18	0
6	110
0	96
0	32
0	19
0	5
5	10
4	14
0	3
0	19
0	4
0	12
0	7
0	1
0	3
0	3
0	52
0	49
0	31
11	23
23	7
77	80
0	80
87	28
37	17
15	0
17	78
0	72
0	6
0	6
0	6
19	6
0	68
0	68
0	6
0	5
0	1
30	25
0	17
5	18
0	23
8	57
1	8
0	79
19	7
8	21
0	19
0	21
0	6
0	3
41	0
71	31
0	31
1	108
57	0
74	21
3	18
10	0
9	28
0	28
43	748
0	139
13	38
17	38
5	46
0	10
5	45
4	11
0	6
0	13
0	8
6	6
0	0
0	49
0	49
0	15
7	149
4	145
0	35
0	110
7	103
1	128
0	94
3	104
0	82
0	17
19	0
0	0
0	9
0	0
0	0
0	0
1	12
5	0
0	6
10	12
0	3
0	3
29	3
0	22
0	0
0	0
6	29
0	12
0	107
0	107
0	21
68	0
7	16
4	24
0	17
27	92
82	438
0	86
4	12
0	15
0	12
5	0
0	3
0	3
0	0
0	0
0	3
0	32
7	50
0	43
0	43
0	12
35	34
0	24
0	0
1	2
5	2
0	8
313	50
3	49
0	49
0	20
5	0
0	35
1	109
0	10
0	10
0	0
40	188
0	188
223	33
0	29
60	55
0	8
0	11
24	0
2	2
31	21
26	5
5	1
0	4
3	21
4	0
0	1
28	19
0	9
172	151
0	151
39	189
0	85
0	132
15	42
13	4
0	7
0	21
0	61
0	52
0	30
0	48
13	11
0	11
97	80
20	73
91	11
30	11
4	0
0	108
3	57
30	130
0	125
0	26
5	101
0	14
20	127
2	101
7	34
6	21
2	5
0	0
30	10
0	71
17	107
0	14
0	18
3	2
2	0
0	1
21	37
0	23
0	23
26	90
0	90
0	58
0	181
1	297
0	276
0	76
0	5
33	13
6	0
0	5
0	172
0	172
0	168
7	0
22	5
0	5
41	0
0	12
5	12
1	0
0	59
194	224
45	140
8	30
12	30
0	71
67	6
0	3
4	6
0	6
7	3
0	77
0	72
10	27
0	0
0	1
0	1
0	3
0	25
0	24
7	0
20	27
0	27
83	16
29	15
0	5
4	2
2	0
0	10
0	2
1	0
5	7
78	105
0	16
32	28
1	28
11	68
0	68
0	74
0	69
2	62
0	11
11	5
1	0
18	0
3	5
0	23
0	23
0	19
0	16
22	25
0	7
92	24
0	8
4	0
11	50
0	33
11	5
0	48
23	6
1	23
47	3
2	148
0	44
0	148
0	31
0	45
0	38
0	42
0	79
0	49
0	51
0	37
0	11
0	10
30	47
0	53
5	15
0	15
0	11
0	16
0	24
72	74
14	7
26	7
14	3
0	0
39	10
0	10
177	118
0	174
5	108
0	19
9	30
11	3
13	3
0	5
0	156
24	26
0	26
3	8
6	0
7	3
7	0
4	8
7	93
0	19
14	100
34	5
5	18
0	32
0	34
0	0
4	2
0	2
0	3
4	3
2	3
0	18
0	18
0	18
0	16
75	13
0	13
0	42
0	49
0	31
0	49
46	0
122	16
102	57
0	47
0	16
21	47
7	7
33	23
0	4
0	21
0	14
12	2
15	2
78	87
0	87
12	0
0	5
26	8
9	0
0	27
1	7
45	13
5	6
0	0
2	7
3	16
1	16
1	5
0	11
9	5
15	11
229	4
8	31
0	3
0	6
0	6
13	19
10	44
0	19
0	28
12	30
505	509
0	328
2	17
6	13
15	21
0	21
0	0
0	3
5	3
1	3
0	0
12	0
8	27
11	15
36	234
0	0
0	1
36	18
0	40
0	40
0	52
0	31
0	49
0	42
72	16
0	16
87	293
50	134
21	8
0	3
34	2
104	43
46	178
25	303
6	9
118	36
55	39
0	38
78	92
79	0
0	178
52	3
29	2
29	82
0	82
1	11
19	74
0	59
0	42
4	119
4	7
0	0
1	7
47	15
0	15
4	41
58	41
0	56
6	56
0	11
0	9
0	21
0	2
0	21
36	58
9	0
0	0
15	0
0	42
36	77
3	38
0	73
23	27
0	0
9	15
1	0
32	41
0	44
12	21
0	20
0	17
0	95
2	95
42	7
0	41
38	42
0	42
0	242
9	299
0	299
111	91
0	85
0	78
0	27
0	12
0	3
0	56
3	56
0	31
0	12
0	20
10	20
21	0
4	20
1	2
6	9
12	9
0	1
0	0
0	0
0	0
0	0
0	3
10	3
0	0
52	0
188	501
0	20
23	0
0	34
0	34
3	5
2	4
137	17
6	17
2	5
0	18
0	0
32	216
0	88
0	141
0	5
0	61
0	6
10	4
0	26
0	26
0	4
0	7
1	9
5	80
40	80
0	74
0	102
0	83
0	50
0	25
0	75
0	29
5	31
0	22
55	26
31	42
0	5
0	14
8	1
2	40
64	0
0	0
1	7
0	9
0	8
4	8
0	2
8	3
0	15
0	0
179	124
16	0
0	16
0	13
0	27
0	12
2	32
0	32
0	8
33	0
0	40
7	48
1	0
0	6
0	6
1	0
1	17
0	25
9	8
22	0
11	4
4	4
4	3
0	0
0	4
4	12
1	12
2	12
0	29
0	2
0	3
0	29
10	4
126	11
0	45
0	48
0	60
3	49
3	8
0	2
19	24
39	25
34	5
0	6
0	16
8	134
26	166
0	12
0	12
0	10
4	34
90	78
5	12
2	6
0	18
4	19
0	12
56	34
263	11
31	22
0	22
0	12
0	9
0	11
0	2
7	10
1	44
2	44
8	29
6	29
0	7
19	9
0	9
144	307
8	31
0	26
0	6
19	134
0	134
0	13
0	22
2	6
43	0
0	19
0	17
0	19
0	0
0	6
6	3
0	36
0	10
0	9
52	34
0	29
0	9
0	32
0	32
0	9
0	24
0	9
2	0
1	7
7	21
0	35
0	35
0	17
41	0
10	0
6	36
49	10
0	0
0	1
0	26
0	0
21	5
5	5
1	28
0	5
14	58
4	58
0	78
5	78
1	58
22	58
0	27
19	19
0	4
2	9
34	82
23	73
0	13
0	13
31	28
0	28
17	0
33	5
34	2
49	197
3	0
5	53
0	53
7	0
0	2
1	2
0	7
72	7
0	2
5	2
0	35
0	36
0	35
0	2
0	0
50	1
4	65
0	62
0	14
25	13
23	30
16	32
0	32
0	1
3	4
0	51
21	4
0	9
4	4
0	47
18	5
0	4
1	1
0	3
3	27
0	6
0	27
0	27
21	0
0	26
4	16
4	23
0	11
0	9
0	11
0	0
30	66
16	66
3	144
19	144
0	29
10	12
7	13
12	70
2	56
38	7
0	22
29	76
42	27
1	27
61	213
18	27
3	27
2	17
6	20
0	12
0	3
0	15
6	0
20	9
50	5
0	5
0	9
0	9
0	130
2	81
0	5
5	5
0	5
0	4
0	4
11	1
5	39
0	31
0	9
17	24
0	13
0	30
16	106
0	137
0	131
0	122
0	70
78	187
0	124
98	16
118	16
14	51
0	22
8	43
15	51
0	22
0	34
0	12
0	21
0	11
0	11
9	45
10	33
0	31
5	63
88	44
0	15
0	2
0	7
0	0
0	24
0	3
3	79
24	69
0	64
95	36
0	107
17	65
0	2
3	2
17	125
15	6
0	107
10	0
47	57
2	9
5	50
0	46
16	38
10	5
36	59
0	134
2	26
0	0
0	64
1	87
30	26
7	13
0	9
0	9
2	8
9	32
0	28
0	129
11	18
21	18
18	0
29	54
0	53
0	49
0	36
0	40
0	12
0	2
5	2
0	5
2	2
10	0
0	53
124	4
16	1
0	1
0	3
0	3
10	55
0	4
70	4
17	1
0	1
0	4
18	75
0	6
0	3
0	14
0	7
0	5
7	0
0	11
0	2
20	2
5	2
0	14
0	2
0	14
8	2
2	0
0	63
0	48
19	47
0	18
14	28
0	13
0	18
8	11
8	3
0	23
0	23
0	12
9	0
1	2
75	71
101	71
1	33
0	126
76	5
0	362
21	368
11	234
3	0
32	14
0	14
6	12
9	18
18	3
52	11
0	8
0	37
0	61
39	61
0	17
0	14
5	1
0	11
0	11
0	3
0	50
1	120
0	13
0	120
0	32
9	67
0	44
0	43
0	28
0	13
0	33
0	35
0	25
13	787
10	35
4	37
27	6
159	26
235	76
37	37
0	43
47	34
0	2
0	10
0	20
0	9
21	28
0	5
4	5
6	18
0	7
0	0
4	4
40	192
0	83
0	0
20	0
0	10
0	70
143	189
8	50
0	36
168	37
6	84
37	84
0	40
0	40
0	15
208	1
0	1
104	0
3	0
0	16
0	16
0	13
10	64
0	15
0	4
2	4
0	24
0	37
4	0
0	5
0	142
0	124
1	67
42	33
0	29
0	24
44	18
0	151
11	4
476	11
7	11
25	10
8	85
7	358
0	364
0	26
0	26
0	11
48	30
0	27
22	19
56	34
12	3
0	3
0	3
63	0
0	8
0	68
0	82
12	29
4	25
6	29
36	10
74	44
25	18
0	14
0	1
0	0
22	9
0	9
0	26
16	27
170	36
7	27
0	6
0	26
0	124
17	124
0	112
8	96
0	98
0	96
3	8
0	8
49	58
8	32
19	25
0	2
2	4
0	32
8	32
31	2
39	74
0	37
1	21
62	24
0	29
0	17
32	6
0	8
0	8
44	29
0	43
0	27
0	43
0	30
4	34
0	8
7	24
11	24
0	16
0	52
16	101
0	143
6	5
3	0
32	14
0	14
71	238
0	52
0	149
0	23
0	13
0	91
0	26
148	104
0	41
0	89
0	78
12	61
0	61
0	61
9	0
0	15
0	28
2	4
0	27
2	1
13	4
10	4
0	21
2	28
475	3423
7	23
5	23
1	6
7	5
1	10
62	36
60	18
2	37
75	18
0	27
0	25
0	3
0	5
0	5
6	3
0	15
8	14
0	4
2	4
0	19
117	16
12	7
0	6
12	3
0	3
0	11
0	4
5	11
0	11
3	2
20	11
0	0
0	11
0	29
0	7
0	23
36	38
0	37
6	21
1	34
3	126
40	91
25	100
0	76
2	50
0	54
0	23
0	23
0	24
0	32
0	14
0	3
0	3
5	12
52	41
0	23
14	10
0	1
17	3
1	18
3	0
0	4
0	4
8	1
45	30
0	10
9	20
0	10
0	16
0	16
1	0
0	0
25	0
0	0
0	8
0	8
0	8
17	107
61	74
0	70
5	52
67	14
0	14
14	1
3	1
30	14
11	5
7	0
5	0
13	23
0	23
0	14
0	5
2	11
0	11
4	95
19	16
25	76
7	50
11	4
0	18
0	32
0	95
0	135
27	135
11	0
0	0
21	0
0	0
0	3
77	0
0	82
0	50
2	73
19	27
0	72
35	16
35	0
36	45
1	18
6	20
37	28
6	22
0	19
0	18
0	20
0	15
145	0
159	0
15	0
151	0
62	35
1	35
0	28
0	7
12	21
0	10
10	11
0	6
0	82
0	83
0	5
0	37
11	62
0	30
0	49
138	6
0	0
0	18
1	18
1	18
45	21
0	19
0	13
36	23
0	14
10	2
0	1
1	10
10	0
0	9
23	14
7	3
5	2
0	20
8	41
0	30
0	28
56	11
3	8
3	4
6	0
37	5
0	8
0	7
250	371
18	108
0	48
0	5
75	100
17	86
0	13
47	6
6	31
8	7
0	2
12	4
0	31
0	14
0	14
0	9
80	4
0	9
1	5
27	49
0	83
0	86
0	96
0	105
0	24
0	22
6	50
0	105
7	17
7	19
0	17
0	23
0	9
0	16
0	7
0	2
1	1
4	5
10	1
3	0
0	0
0	13
0	2
0	16
0	16
3	11
6	11
6	7
0	7
12	73
0	73
29	46
8	22
5	38
0	27
9	3
1	13
0	3
0	3
52	51
59	46
0	7
0	11
0	12
1	3
41	15
0	8
98	151
0	1
0	21
4	21
19	0
3	20
4	20
82	0
14	28
5	28
16	0
0	0
6	6
0	6
1	0
0	7
9	14
6	14
0	14
0	13
146	78
0	67
3	45
1	11
20	60
9	0
78	51
0	26
21	7
0	7
23	23
0	16
0	80
10	68
0	61
0	3
0	17
48	6
0	29
0	64
0	61
7	133
16	36
35	5
0	114
21	10
0	10
0	52
4	52
0	26
19	71
0	70
0	11
0	17
1	3
8	0
23	0
34	0
146	26
11	1
0	5
28	142
0	137
0	142
11	71
0	3
0	69
0	22
0	22
3	8
0	6
0	22
0	26
5	12
0	8
0	16
0	8
0	22
3	11
4	11
685	0
85	2
21	0
35	37
102	67
86	74
0	72
0	15
0	16
0	13
0	12
0	21
0	18
0	8
0	10
2	19
3	15
0	62
0	15
19	17
0	59
0	62
5	0
0	2
0	11
0	8
6	11
0	9
6	9
19	45
5	69
0	69
8	29
3	22
1	16
0	16
31	6
0	57
0	10
0	9
1	4
0	10
4	4
0	0
0	6
5	57
0	4
124	8
58	30
0	3
27	62
3	48
66	9
11	9
7	26
0	25
0	17
65	15
0	3
0	4
11	4
5	4
3	3
23	74
2	74
23	0
0	1
0	9
0	9
0	9
5	158
7	27
0	18
0	138
0	73
4	5
112	57
17	29
1	14
0	6
25	12
0	37
50	37
6	0
0	25
14	5
1	2
3	24
132	39
3	0
10	8
2	6
0	0
25	11
83	0
33	195
0	23
0	25
0	17
1	3
0	159
18	11
0	11
0	57
0	87
28	87
49	106
12	35
0	45
0	14
223	0
48	14
0	0
0	12
0	12
0	12
1	0
18	130
0	126
0	60
90	54
0	17
0	17
22	0
115	0
26	7
9	0
0	0
3	83
31	83
3	5
3	45
1	45
0	45
8	45
0	7
0	9
37	86
0	9
76	8
0	3
10	0
67	125
49	121
0	124
55	129
0	124
156	179
0	9
65	25
38	15
0	18
12	110
3	39
0	41
7	11
7	27
7	22
3	3
4	25
7	5
19	0
0	11
0	8
0	8
0	10
9	3
0	23
0	37
0	23
4	32
0	26
38	16
7	0
19	0
46	101
0	50
60	47
1	19
0	93
6	5
5	19
0	19
0	54
0	54
0	5
33	126
12	4
0	0
9	2
3	5
0	5
4	4
1	4
1	12
85	25
0	13
1	10
5	0
346	0
518	669
0	5
36	48
34	47
0	7
0	20
0	11
9	21
0	4
12	4
1	5
1	5
28	33
0	55
6	25
0	0
76	42
25	147
0	33
6	18
27	8
59	81
1	70
3	3
2	88
0	36
0	81
0	105
0	98
41	40
0	119
41	22
2	0
0	111
0	119
33	0
23	31
20	29
0	30
0	2
20	25
1	13
0	7
0	7
2	59
7	67
13	2
0	2
0	4
0	11
0	24
0	1
4	1
0	9
10	0
9	19
64	107
0	101
0	35
0	35
0	22
9	0
57	57
0	6
0	52
8	52
14	4
0	15
7	6
1	6
0	15
0	13
0	11
0	13
0	8
0	8
33	0
0	62
0	62
0	5
0	62
5	177
0	48
55	135
15	3
1	135
8	3
63	24
0	24
20	23
86	78
0	14
0	0
0	15
0	92
10	38
19	38
0	112
5	156
0	88
46	37
0	8
3	8
150	16
2	0
7	84
0	0
36	84
63	20
4	20
1	65
0	65
0	38
47	25
8	5
6	8
20	5
0	6
3	26
152	91
0	92
3	15
0	81
0	80
0	46
0	56
0	34
0	80
23	23
0	4
12	11
0	13
0	22
0	100
41	63
2	70
0	72
3	13
28	200
0	39
3	0
67	193
19	11
2	11
0	88
7	88
0	8
0	7
0	3
1	9
0	8
0	10
0	13
45	142
0	135
0	75
1	68
10	74
8	50
0	75
10	7
5	5
0	17
53	0
0	116
0	92
0	116
0	28
0	20
3	8
0	8
79	143
0	39
0	29
33	3
1	111
0	12
30	111
1	38
26	37
0	37
0	12
29	1
35	11
1	13
6	8
7	11
0	2
0	9
7	9
6	0
0	0
0	2
17	21
0	2
0	17
36	17
0	16
0	10
0	10
164	1546
0	25
0	13
3	12
161	33
0	15
0	27
378	4
5	4
0	23
3	23
0	1
0	1
58	0
0	7
74	3
45	3
0	5
0	11
44	27
0	4
5	14
7	13
0	59
0	56
0	61
0	106
0	2
1	42
0	24
34	132
0	141
0	78
0	87
0	39
13	24
0	34
16	3
0	17
0	50
121	18
11	56
0	56
64	73
0	62
2	4
5	55
3	58
1	15
92	85
8	74
4	65
0	18
0	75
0	65
19	11
0	19
9	0
0	8
0	8
38	26
66	69
0	63
0	57
0	26
4	97
7	0
10	0
0	134
10	10
0	2993
0	18
5	12
0	12
0	7
0	7
0	3003
19	49
40	4080
0	18
120	0
0	91
0	27
0	85
28	23
3	23
6	12
14	12
0	0
41	0
63	0
118	268
0	46
0	50
0	36
0	73
0	6
8	12
0	50
31	21
10	15
0	15
20	6
44	3
0	3
1	219
2	48
0	48
0	14
0	14
0	48
6	0
0	25
0	25
8	10
0	11
0	7
0	4
5	0
0	91
13	74
1	3
295	17
0	3
0	11
4	3
3	38
0	38
16	37
49	24
9	13
58	11
8	36
1	36
0	3
14	0
0	64
0	14
16	7
83	52
0	10
0	50
0	17
0	55
0	46
0	37
0	34
0	10
15	27
7	12
2	50
0	47
0	36
345	29
0	23
19	41
0	27
0	10
137	15
0	14
0	14
17	8
40	14
0	51
2	51
0	8
0	83
0	80
0	83
0	80
8	69
112	0
0	0
2	0
7	0
37	26
0	26
1	68
1	23
0	20
31	4
0	0
11	0
45	0
16	21
0	0
4	0
12	25
6	23
13	14
10	20
11	1
0	1
22	1
18	40
12	5
0	40
0	50
7	422
0	180
0	179
0	4
0	13
0	3
0	3
46	0
0	20
0	9
3	5
59	50
1	2
0	4
0	4
0	10
0	38
0	313
0	18
8	30
0	5
2	5
9	5
4	449
0	450
0	29
0	29
161	0
0	48
0	112
0	112
3	112
1	11
0	17
6	17
0	23
0	23
8	6
0	6
0	6
381	59
0	50
0	57
0	1
0	46
0	113
0	113
0	38
4	38
5	50
21	4
0	21
12	1
0	18
0	40
1	113
0	113
0	41
22	129
4	129
0	29
29	7
3	7
15	6
0	11
0	2
55	0
68	150
0	150
0	9
0	9
0	9
0	13
5	15
0	0
0	15
24	5
0	50
16	94
0	48
3	10
0	100
0	106
0	34
0	28
0	2
22	9
52	64
14	27
0	14
0	8
0	7
0	27
0	11
0	11
34	28
0	0
0	8
6	10
0	13
4	3
0	20
3	54
7	66
0	49
110	30
11	29
9	23
13	15
0	15
49	50
49	18
0	11
0	34
0	24
15	33
0	15
0	8
18	11
0	28
0	28
27	353
130	0
5	7
0	4
0	13
0	19
0	21
0	18
0	16
0	16
0	12
5	4
0	9
0	9
0	14
9	14
0	178
0	178
1	179
68	0
1	0
217	217
144	1
0	1
0	1
7	0
10	0
15	0
31	0
7	4
49	7
0	7
12	13
0	13
82	27
0	27
0	1532
0	1531
0	1532
0	11
22	46
0	35
7	79
2	67
0	83
26	14
160	583
6	10
0	0
41	17
95	0
49	6
0	6
58	559
1	0
0	13
0	10
0	168
8	10
0	28
49	13
2	11
0	2
12	22
10	96
0	79
8	79
37	79
6	8
0	6
6	6
104	17
32	8
0	41
0	41
0	41
0	3
61	5
26	6
0	6
37	43
0	105
0	116
25	101
29	92
0	33
0	58
4	21
52	288
21	12
0	12
4	5
41	24
105	71
0	37
21	45
0	37
6	6
1	12
137	81
48	11
0	142
0	72
21	26
27	73
0	39
8	60
0	41
0	24
0	6
0	11
4	2
0	2
0	8
0	9
0	8
0	26
0	28
52	16
3	21
0	5
47	2
0	273
0	273
0	18
28	21
0	6
15	30
0	30
6	20
0	18
0	20
7	11
0	75
0	6
14	97
0	19
0	85
11	12
0	98
0	36
0	24
49	24
0	21
16	2
0	9
151	25
0	25
12	3
0	12
0	13
1	21
13	23
0	47
0	44
7	32
21	35
3	8
67	4
0	4
0	23
56	38
0	55
1	0
36	28
0	11
0	142
0	55
10	0
0	14
0	39
4	47
10	17
51	6
0	125
0	8
0	64
0	27
0	28
0	124
23	2
7	4
0	10
0	10
0	32
0	32
0	27
11	59
0	65
11	4
13	55
0	4
1	15
5	5
0	20
0	30
0	27
0	51
0	20
0	27
0	9
7	7
108	31
0	7
46	133
0	126
0	81
0	52
20	62
0	0
12	13
0	0
7	59
4	1
0	10
18	15
6	9
0	8
1	148
0	55
0	103
0	103
0	94
6	14
53	23
6	2
0	8
6	35
0	25
21	4
0	17
0	22
21	39
85	52
59	165
12	142
12	4
0	3
0	4
46	242
0	8
20	15
0	15
10	1
6	132
0	72
0	34
4	118
0	7
0	5
18	31
91	39
0	56
57	56
11	6
3	21
54	38
0	24
104	29
0	29
20	4
0	8
0	3
0	13
2	13
0	13
5	0
0	26
0	26
47	136
6	66
0	134
123	258
0	105
96	148
0	86
0	132
0	26
0	21
0	11
0	0
0	9
84	11
27	14
0	11
0	1
0	10
0	0
4	39
11	39
105	1
0	70
0	73
1	3
71	3
0	2
0	2
9	1
16	53
1	53
0	36
77	0
0	0
5	0
0	0
3	146
0	146
24	28
0	9
3	19
1	11
0	7
17	132
0	120
20	40
0	120
0	113
25	13
0	13
13	1
23	0
9	48
0	8
0	6
1	5
32	24
32	161
3	150
0	142
0	74
0	15
7	41
0	7
0	121
76	121
0	29
0	8
0	11
47	8
3	24
0	42
0	46
0	48
0	52
3	2
13	8
0	4
0	4
0	52
47	24
35	4
61	70
0	66
0	3
0	22
22	39
187	18
0	22
145	5
0	5
0	57
1	181
5	205
2	2
0	7
0	7
14	11
0	17
9	17
0	11
1	43
0	43
0	43
0	43
0	43
0	43
108	21
80	14
108	17
0	12
3	3
231	65
8	122
0	70
1	71
0	19
0	8
26	16
7	12
49	8
63	62
5	12
0	24
0	4
28	7
17	3
0	0
0	0
0	0
1	15
0	15
22	21
0	38
8	40
48	132
0	67
0	39
0	39
1	14
19	0
5	24
25	26
0	34
43	15
0	15
30	40
0	0
0	0
0	1
0	1
0	1
6	3
0	3
70	0
0	0
0	7
0	11
0	0
12	7
0	25
0	7
0	7
0	18
0	16
0	5
0	4
3	0
0	0
14	0
0	1
0	19
0	4
129	20
6	20
0	0
1	2
9	30
0	29
12	57
4	33
27	33
0	8
10	0
0	15
0	12
32	27
0	46
0	12
0	12
9	0
34	36
0	1
21	0
118	18
8	40
85	7
0	7
0	0
0	8
1	8
0	0
0	3
5	0
0	0
0	0
0	0
6	0
0	8
0	0
3	3
4	0
11	0
10	0
0	3
56	0
21	0
11	30
0	106
0	78
0	7
19	78
43	8
0	8
49	18
0	7
0	7
0	3
0	2
0	2
0	2
0	2
0	2
8	4
0	7
0	7
0	7
52	85
0	7
0	180
0	157
6	24
6	11
0	19
0	22
0	22
30	22
20	25
20	16
0	5
3	9
9	4
52	11
9	16
51	1
67	28
0	60
0	46
0	20
14	26
0	1
0	2
4	13
0	14
0	14
4	9
0	2
55	308
0	63
0	62
11	7
0	8
59	28
0	10
16	4
0	26
0	4
0	3
0	11
0	7
0	11
0	24
122	0
12	32
19	43
0	15
0	15
9	19
0	35
0	12
0	11
11	298
13	26
1	26
0	20
0	14
10	0
31	143
6	139
24	155
0	10
0	8
0	2
149	134
0	105
0	1
12	1
2	33
4	51
9	22
1	4
0	10
6	17
1	4
0	15
26	132
0	72
0	30
0	7
0	73
114	0
0	45
0	32
0	57
0	20
0	12
201	73
8	45
2	4
57	22
32	76
1	65
15	75
0	87
0	87
0	22
8	29
0	65
14	51
23	51
81	71
8	29
0	67
23	243
0	47
0	5
0	5
10	0
28	40
0	40
0	8
76	3
0	5
0	20
0	69
20	28
2	28
0	9
12	9
66	15
14	36
0	48
0	13
38	2
5	2
17	2
15	0
0	0
0	57
1	4
23	9
8	16
32	6
29	151
0	7
0	0
3	3
23	16
1	16
0	206
0	69
0	10
18	4
0	204
1	74
0	74
6	9
35	16
95	68
0	23
49	21
0	73
0	73
7	33
0	73
2	0
10	5
0	16
0	47
1	47
0	8
0	41
0	4
0	1
4	10
3	9
0	10
47	4
52	79
11	6
7	0
81	98
0	70
1	8
0	98
0	76
0	73
0	76
13	35
3	19
0	73
0	12
0	69
0	66
0	55
3	4
0	0
0	46
13	62
0	55
65	14
6	5
0	5
94	72
16	61
0	16
0	29
0	5
2	37
0	3
15	5
14	2
3	4
12	34
9	24
0	32
0	32
0	29
0	5
0	50
0	48
1	24
29	26
31	6
9	0
5	11
0	11
0	12
0	28
0	39
1	11
298	9
0	0
79	15
6	9
147	93
0	6
1	0
147	152
2	67
15	76
8	22
0	3
0	6
12	8
0	8
18	8
0	8
0	7
0	8
0	8
0	7
0	3
231	92
40	159
14	26
0	69
0	58
36	76
0	87
0	57
0	16
0	14
0	47
0	14
0	46
0	46
0	0
0	4
6	150
0	4
0	136
0	3
1	3
0	2
3	46
0	2
0	8
0	49
0	7
0	5
2	44
0	6
0	44
0	51
0	9
2	2
0	43
4	28
37	23
0	2
0	43
0	13
0	11
0	8
7	5
0	2
175	53
0	29
0	26
0	23
0	28
0	70
119	33
1	7
0	20
0	26
0	8
5	5
0	43
99	12
29	41
7	5
0	154
0	28
4	3484
0	3484
0	28
18	11
52	13
44	21
14	10
3	3
0	3
6	8
0	8
0	8
15	4
0	50
0	131
19	141
15	8
0	11
0	11
12	52
0	48
20	34
0	19
15	69
75	86
0	86
10	12
3	21
14	4
17	5
244	23
61	21
2	2
102	16
0	21
0	12
6	156
20	31
24	77
5	0
2	0
19	15
0	4
0	82
3	77
5	37
0	0
0	5
6	2
14	2
2	51
0	38
11	7
47	24
0	2
1	16
4	0
0	13
0	62
1	17
0	21
13	0
0	5
0	0
0	2
0	2
1	0
0	5
0	62
36	7
0	1
6	31
4	5
4	36
0	14
0	6
0	13
0	13
19	0
0	38
7	38
3	33
13	0
0	67
4	2
8	65
5	57
0	13
0	8
0	7
40	33
7	21
15	42
0	42
91	69
0	37
0	37
7	12
0	5
21	0
5	0
92	36
0	30
2	19
4	17
0	5
69	195
0	15
0	3
8	0
0	6
91	60
0	55
0	55
0	1
0	3
0	10
0	7
7	0
410	110
0	27
0	3
127	48
29	32
23	46
0	29
22	0
0	19
0	2
0	2
0	2
0	2
0	0
0	74
0	67
0	74
0	74
75	19
8	2
8	2
10	17
0	49
0	21
118	131
52	3
6	0
6	3
0	23
5	22
51	152
89	24
79	0
79	67
0	40
21	2
0	2
4	0
64	51
0	23
0	36
0	13
3	1
1	28
8	8
190	3
0	0
1	3
657	10
11	0
0	10
0	9
0	9
0	12
0	20
6	28
4	5
61	43
10	6
1	3
3	24
10	10
89	28
2	21
9	13
0	2
41	8
0	4
0	23
0	23
0	23
0	1
0	1
44	1
0	1
120	55
0	38
20	17
2	24
0	25
0	21
8	14
0	14
0	2
0	0
13	7
87	31
0	10
19	79
17	12
0	5
64	27
0	16
0	104
20	64
0	63
9	57
10	67
24	15
9	0
0	63
3	28
0	28
0	0
0	11
0	11
2	11
0	6
1	5
0	25
0	20
21	48
0	25
0	19
7	6
0	9
0	6
0	5
80	993
0	8
0	83
4	0
0	83
2	34
2	34
89	30
5	10
205	93
35	76
144	147
10	4
0	3
0	55
3	55
0	16
0	26
45	128
32	57
0	127
8	34
91	58
33	28
25	21
0	24
0	6
0	7
0	7
0	6
0	0
3	0
0	0
0	0
7	7
2	0
7	268
39	186
130	94
31	82
10	5
4	5
46	6
3	0
9	119
0	88
14	32
7	0
11	1
49	0
0	5
13	5
0	61
3	61
0	127
0	164
0	249
0	245
0	245
4	14
1	4
0	2
7	0
3	0
1	19
5	0
0	0
44	26
13	26
64	40
10	13
18	380
28	34
141	41
72	39
3	2
19	15
2	15
6	1
1	6
35	6
27	91
0	39
16	39
0	16
0	39
0	0
0	36
0	11
0	3
0	3
0	0
4	0
44	13
0	8
159	39
0	36
0	36
0	167
11	167
0	25
3	102
34	48
0	5
0	98
0	98
2	78
0	78
0	80
0	74
7	0
0	57
0	74
0	57
0	61
0	68
0	0
0	2
51	193
0	12
2	12
27	6
0	0
0	98
0	98
61	162
11	94
0	68
0	58
5	2
7	5
34	27
0	27
5	14
0	4
0	1
0	1
0	3
8	3
0	1
20	7
10	34
0	34
0	20
0	14
64	95
0	3
3	6
0	22
31	22
0	30
8	32
0	6
0	0
3	0
29	134
0	21
1	19
0	102
6	102
0	99
0	94
41	10
0	6
7	10
0	5
41	0
0	50
0	5
10	54
0	38
0	31
7	9
0	9
0	7
3	9
0	7
0	245
0	248
44	11
24	19
91	0
44	0
60	19
0	19
0	12
0	1
413	56
8	0
38	68
0	68
34	58
8	55
8	84
0	78
2	23
36	13
70	60
0	99
3	99
8	27
0	27
0	14
6	9
5	13
0	22
6	22
4	5
0	5
1	0
0	11
0	0
0	13
11	10
0	10
13	63
14	1
0	63
0	24
0	52
17	7
0	7
4	0
0	0
7	0
1	0
0	0
0	2
26	2
4	319
0	319
0	35
0	11
31	5
3	82
0	79
3	6
38	29
0	8
14	119
8	133
0	25
88	103
0	93
0	84
3	1
31	93
0	91
0	20
23	46
275	47
0	23
46	2
1	0
5	46
0	38
0	2
4	0
0	0
0	0
4	0
0	32
9	21
61	0
0	0
0	11
39	43
3	31
66	0
26	107
0	49
0	35
0	33
22	0
66	154
97	91
2	75
0	153
0	10
0	16
0	9
0	8
0	8
14	0
2	0
0	20
0	11
7	5
0	16
0	216
0	22
0	0
1	4
0	5
0	31
0	66
4	2
0	1
0	3
0	216
0	232
0	216
0	232
14	6
0	6
1	0
3	6
1	6
0	6
22	21
0	21
61	0
0	50
24	16
1	5
0	12
6	29
78	21
0	21
13	32
0	32
0	31
47	35
5	131
0	51
0	109
0	109
0	100
0	105
14	5
2	4
0	0
0	21
0	68
0	39
0	20
7	1
3	5
0	24
10	4
0	70
46	20
2	50
0	57
0	32
0	11
8	21
0	3
0	5
8	83
8	0
0	50
0	81
0	49
18	88
0	7
0	35
0	9
0	20
7	24
0	8
0	2
2	2
0	9
12	0
4	8
2	48
0	37
0	37
0	21
2	40
59	0
0	0
7	36
52	130
15	130
0	29
0	15
0	44
0	21
4	16
83	0
28	140
3	153
0	19
0	21
3	13
0	32
0	28
1	2
0	14
0	39
10	1
50	4
0	4
17	1
0	29
23	29
3	2
35	35
40	1
18	19
0	55
4	33
8	40
22	35
0	7
0	4
0	15
0	16
1	8
3	1
6	17
43	0
0	36
0	5
0	7
0	9
0	2
5	2
2	9
0	38
63	194
0	58
0	158
1	158
6	21
29	27
0	0
5	9
0	33
23	35
0	49
0	15
0	15
9	0
7	22
1	22
11	0
0	0
0	0
1	136
0	36
0	19
0	117
0	6
9	4
1	13
0	12
40	32
0	29
0	144
0	44
22	75
68	58
32	76
16	20
0	3
0	8
0	3
0	71
87	16
0	66
0	66
12	69
52	95
15	91
0	65
0	7
90	37
0	30
11	29
3	96
0	96
7	25
0	36
0	36
0	36
0	6
0	5
2	0
0	5
0	6
101	64
0	59
100	6
0	22
0	25
0	25
0	0
7	25
12	70
32	23
1	58
0	47
12	10
0	0
2	11
22	22
0	5
0	11
0	29
19	40
0	5
3	20
11	34
6	12
0	6
7	0
0	4
6	16
5	48
5	17
30	29
2	11
6	4
0	4
0	4
0	6
0	55
0	47
0	42
0	47
0	47
0	47
0	26
0	47
7	21
0	40
24	6
152	21
0	21
1	0
0	40
19	21
0	76
22	7
18	60
9	44
0	26
6	25
0	5
3	0
10	3
0	49
0	10
0	10
0	10
0	7
80	34
60	0
0	179
0	179
1	19
0	153
12	0
0	11
0	5
0	0
0	100
53	10
0	100
0	0
0	1
0	0
0	27
12	0
0	71
0	100
0	0
12	87
0	0
0	0
0	0
0	0
0	2
0	5
8	5
19	1
0	10
1	10
2	10
0	3
7	1
0	2
4	2
1	2
190	36
189	129
0	129
31	63
3	41
0	40
0	41
22	75
0	35
0	24
0	38
27	140
4	10
0	140
0	33
27	75
0	67
0	13
0	16
25	22
0	61
0	61
0	58
0	20
0	46
0	1
4	3
35	0
0	1
0	58
4	12
0	18
8	16
7	14
24	0
105	22
1	22
0	22
9	3
0	3
0	20
0	3
0	8
0	2
0	0
1	7
1	53
0	53
80	45
2	45
113	0
6	0
5	0
0	59
0	58
3	1
0	3
0	59
0	58
7	19
0	19
8	3
7	0
4	0
2	0
2	0
0	3
27	52
8	0
7	158
5	4
0	123
2	37
0	158
28	0
67	0
101	29
0	21
50	27
4	27
0	12
8	19
49	27
4	57
6	7
0	60
0	37
27	0
50	38
0	22
1	53
0	15
5	53
44	11
2	11
0	80
57	108
6	9
1	62
21	62
0	32
0	25
1	10
0	62
0	19
0	3
0	35
15	93
106	50
0	23
124	22
51	10
0	29
67	30
0	34
0	1
0	1
6	13
1	6
0	0
0	0
0	34
30	0
1	26
7	9
0	9
0	7
0	9
12	0
0	3
0	14
4	0
0	16
0	13
38	16
0	16
40	10
0	10
0	53
56	11
3	54
5	6
0	30
20	26
0	108
58	26
0	107
19	5
2	10
19	83
0	12
2	35
0	19
0	20
0	38
0	16
7	12
8	2
25	10
0	3
0	73
0	73
0	114
8	36
0	43
0	34
0	29
0	116
0	24
0	20
0	42
0	25
0	12
0	18
1	9
0	13
32	57
0	96
0	45
0	0
48	0
0	5
0	0
44	5
0	5
11	24
10	26
39	0
0	1
18	1
302	0
9	26
0	30
3	30
7	30
4	4
92	7
0	4
86	12
5	124
0	67
20	50
0	74
7	0
2	35
6	0
162	118
6	74
0	98
32	30
3	36
4	44
22	60
2	0
44	27
0	27
22	0
18	31
22	35
22	35
0	94
27	37
20	31
0	40
0	10
0	10
34	52
0	92
2	9
0	9
4	16
0	16
0	10
0	7
6	1
26	0
10	35
5	0
39	35
109	0
8	38
14	28
9	4
0	7
1	0
11	2
50	8
0	2
53	4
44	0
93	38
2	38
28	8
0	1
0	4
3	11
0	7
3	4
0	12
0	4
0	1
0	7
61	36
0	9
0	10
3	0
5	2
7	67
0	74
3	74
48	32
0	18
0	62
0	61
10	26
0	26
60	310
27	13
0	547
0	46
11	36
2	11
4	6
13	107
11	3
0	10
0	9
0	9
0	9
0	9
6	3
0	0
0	0
11	0
5	0
7	15
5	13
0	23
0	27
0	5
5	0
5	9
0	13
0	9
0	6
0	0
0	17
0	31
4	26
0	6
14	2
6	2
72	106
0	133
26	30
5	89
64	3
60	96
42	2
10	0
0	0
6	0
23	0
18	34
0	34
119	34
12	21
0	29
17	0
10	4
35	1
2	5
1	13
41	17
23	16
0	17
0	7
0	106
24	58
0	68
0	75
0	109
0	58
0	23
0	14
0	7
0	107
38	0
0	10
27	10
69	0
0	20
10	0
3	54
8	54
22	0
13	7
24	0
0	32
0	10
0	15
0	0
0	6
1	3
20	4
0	32
0	109
0	112
0	48
36	33
2	3
6	1
158	12
5	12
0	35
41	93
0	0
0	0
2	18
0	27
83	3
1	7
10	7
6	3
56	78
18	78
142	74
54	16
0	11
18	42
0	8
9	8
120	47
17	0
0	73
10	4
8	1
0	1
0	6
0	67
0	20
1	20
0	8
0	15
0	10
6	10
0	4
0	4
9	4
12	13
0	4
0	4
4	0
0	0
24	0
0	16
0	16
7	83
0	45
0	49
0	41
6	21
7	2
2	2
0	0
11	0
0	7
0	1
8	13
0	41
0	84
35	0
42	16
5	16
1	30
12	15
0	30
0	9
0	30
6	36
1	0
0	8
0	8
1	2
6	0
98	5
265	20
0	12
18	12
6	4
2	115
0	30
0	120
0	93
78	90
2	16
7	2
0	6
0	15
79	20
3	14
0	6
0	38
0	6
0	10
11	1
0	6
6	6
0	15
0	47
21	10
0	8
12	24
0	51
0	54
0	24
8	58
0	22
0	24
0	20
0	12
0	15
0	12
0	12
0	7
0	12
2	10
0	12
0	4
0	11
0	6
0	5
4	24
0	5
67	4
0	54
0	6
19	32
0	66
0	31
4	5
0	66
154	51
0	6
3	2
0	2
23	0
21	0
12	1
0	5
0	4
0	12
14	0
60	32
85	1
0	3
98	19
0	13
0	15
0	15
57	5
0	2
12	53
0	32
0	24
0	13
1	2
0	7
0	7
0	11
0	31
14	8
0	6
10	0
0	8
28	41
1	41
12	0
4	32
0	32
0	11
10	14
0	0
21	0
0	29
6	18
0	29
0	22
0	16
0	22
19	9
0	9
1	9
44	50
5	61
6	13
2	31
2	39
13	15
47	9
0	9
17	100
0	27
0	5
0	7
8	0
27	28
1	6
0	3
9	30
13	1
6	0
17	37
43	71
0	13
8	7
1	7
24	155
0	11
0	43
0	43
29	25
0	13
0	12
0	14
41	0
13	0
10	34
0	34
0	22
3	3
0	34
0	8
0	11
0	6
0	3
3	17
1	14
0	15
0	17
2	24
2	76
0	92
122	44
0	23
7	5
0	1
0	0
0	26
24	2
23	50
32	0
21	66
0	142
3	95
14	57
0	98
0	3
5	6
28	8
0	71
0	71
14	9
9	113
26	46
45	52
11	76
45	17
4	17
70	29
54	1
42	53
0	18
0	48
7	13
0	27
0	7
0	22
0	22
11	10
19	10
20	1
29	2
19	0
114	53
0	23
0	30
8	21
9	18
6	37
9	104
0	52
0	98
0	3
2	2
28	93
1	5
0	18
0	15
0	0
11	40
0	37
0	16
5	19
2	17
10	3
5	3
1	3
0	19
2	122
2	19
0	125
17	135
0	12
1	19
0	4
0	7
0	98
0	10
43	95
0	14
0	31
25	13
0	10
0	156
0	113
0	156
7	45
4	25
1	25
0	45
9	3
19	45
0	17
0	17
1	18
28	11
0	23
0	93
0	97
0	84
0	85
0	124
16	134
0	119
0	123
0	23
0	51
0	27
0	11
0	9
14	29
0	6
0	3
5	14
0	14
18	0
0	14
81	57
0	28
0	3
18	0
49	39
0	33
0	27
0	11
0	17
3	29
3	0
7	15
81	44
3	221
5	25
0	32
0	32
0	42
0	42
0	3
3	5
0	220
15	54
9	0
0	54
1	2
2	21
35	26
0	53
14	35
0	68
0	48
14	1
21	61
0	73
71	86
0	33
10	32
4	32
11	6
0	32
1	10
28	10
32	83
0	45
2	3
14	2
0	2
37	2
0	45
2	2
0	50
8	50
49	60
0	60
0	8
13	0
0	8
0	8
0	8
5	0
2	3
0	45
1	5
0	2
0	8
3	5
0	0
12	8
14	7
0	65
0	65
0	53
0	4
0	5
0	53
57	205
0	198
0	131
0	23
0	37
0	44
1	13
2	7
26	7
2	1
1	1
3	0
0	13
0	13
0	3
43	26
13	9
15	17
0	1
11	80
0	80
22	1
0	77
8	77
68	0
16	12
0	12
0	285
0	285
0	8
36	28
10	2
5	17
0	28
0	6
24	82
0	35
0	19
5	73
0	73
0	4
0	10
0	9
17	2
8	7
79	99
0	96
0	61
50	21
8	14
0	9
0	36
32	19
0	3
12	4
0	0
0	15
0	52
0	52
0	10
0	6
0	3
4	7
0	7
0	2
6	2
0	2
0	2
2	6
18	6
96	0
29	169
27	169
13	6
84	10
2	4
124	122
39	81
6	7
0	14
1	14
0	5
12	5
0	0
0	0
5	108
1	111
0	79
0	67
66	65
0	78
0	64
0	75
0	16
35	8
0	29
0	58
0	51
0	97
0	61
0	61
0	58
0	100
0	58
2	10
0	18
0	24
0	12
0	12
0	0
0	16
0	72
0	57
16	24
0	28
0	24
0	24
0	8
0	8
1	11
0	11
5	22
5	0
0	24
36	83
5	3
11	5
25	12
11	4
0	78
5	2
5	0
2	27
0	27
0	27
0	14
0	14
42	267
41	2
54	2
115	10
23	92
0	86
35	44
23	116
0	11
0	11
0	11
0	90
0	90
15	23
120	182
19	46
18	173
6	32
0	32
0	32
7	32
3	0
0	0
0	5
2	5
0	5
0	4
2	0
6	0
11	77
22	44
0	17
0	75
54	11
2	8
3	8
1	6
8	1
0	1
0	11
0	56
0	11
0	56
0	77
0	120
2	77
27	0
1	5
6	5
0	5
6	5
4	2
7	2
6	0
0	52
0	3
0	129
64	0
144	60
0	27
0	4
1	0
14	8
12	3
0	3
2	140
25	187
0	78
54	0
34	74
10	0
0	99
0	99
0	22
2	23
0	8
0	13
0	10
0	20
0	1
84	0
0	99
149	79
0	23
2	1
0	5
29	9
0	32
5	1
0	7
0	56
0	56
0	162
6	162
92	229
3	2
0	5
6	0
0	0
6	0
0	0
0	2
5	0
23	65
9	4
8	29
56	82
3	15
0	15
74	6
0	6
9	0
3	1
0	57
0	62
0	37
0	38
0	42
0	51
0	103
0	10
0	20
0	9
0	15
0	5
1	1
0	3
0	11
0	21
0	12
0	10
0	16
0	7
7	16
0	15
0	25
0	30
5	11
2	8
0	6
0	9
0	16
0	9
2	9
6	6
0	19
26	4
18	60
1	51
0	38
3	2
0	1
0	5
0	0
1	0
0	3
0	6
43	9
2	18
4	79
0	68
0	45
0	38
0	37
1	7
0	0
6	0
170	49
1	49
0	7
36	19
0	17
17	2
0	14
4	44
0	3
0	13
0	2
0	40
31	0
37	112
16	98
0	98
1	95
5	62
0	61
0	0
0	1
18	21
0	21
0	3
0	15
0	16
0	13
0	101
0	98
0	98
0	23
0	13
0	9
0	17
0	5
0	1
1	12
0	29
73	12
0	2
0	2
0	10
129	89
1	56
2	59
0	89
3	37
0	50
28	24
0	24
2	24
0	11
5	11
0	6
57	2
12	149
1	145
0	145
0	0
3	1
3	0
0	21
0	40
0	23
0	66
0	49
1	11
0	30
0	26
5	22
0	12
0	66
11	66
6	0
36	41
0	34
0	15
0	3
4	3
0	0
0	0
0	3
0	0
3	0
0	3
18	116
0	36
0	116
0	11
0	24
0	7
0	98
0	11
5	13
0	7
3	11
0	11
0	44
4	56
0	114
0	106
10	82
42	1
172	157
1	41
0	15
53	0
1	34
2	34
4	21
0	6
2	6
2	9
23	3
77	0
5	23
0	23
0	6
0	6
52	8
0	6
0	8
7	9
3	9
1	26
0	9
0	9
5	4
0	0
3	14
0	7
5	14
0	2
14	8
4	5
0	4
2	0
0	0
0	6
0	2
1	15
0	15
77	0
2	14
7	8
1	12
0	4
0	5
7	4
0	0
6	0
0	0
0	0
0	1
2	1
5	0
0	12
0	4
0	14
0	14
0	27
0	36
1	1
17	10
0	122
13	2
13	2
1	134
0	18
6	18
0	5
0	14
16	57
0	41
1	30
0	29
0	18
0	16
0	14
0	12
0	13
0	6
0	1
0	8
63	42
0	5
0	37
0	6
0	16
0	19
0	19
0	0
0	0
16	0
0	36
0	140
23	131
0	13
0	10
37	0
3	0
9	0
4	2
0	2
0	111
6	30
1	24
0	16
0	9
10	0
0	24
74	88
3	29
16	59
49	20
45	38
26	40
10	126
0	68
5	53
1	19
0	19
0	1
0	10
185	178
11	1
89	0
0	4
8	51
0	4
0	51
0	6
0	12
0	10
55	79
0	10
0	5
0	0
0	8
0	4
6	49
0	18
0	21
0	27
129	0
5	99
170	218
30	107
0	73
48	50
7	29
0	0
0	5
1	5
0	2
4	0
1	7
0	37
0	14
0	14
5	40
54	4
0	4
0	58
193	58
2	8
0	4
0	4
19	59
0	32
31	59
1	69
0	59
0	8
3	0
6	1
9	2
0	15
1	0
47	61
0	43
0	15
1	15
4	16
2	5
5	1
16	48
0	17
0	52
0	10
0	27
1	11
0	17
0	8
0	22
4	10
0	12
0	10
1	8
0	0
5	5
5	2
0	1
8	4
0	1
0	4
0	0
0	21
0	0
92	21
38	15
0	4
2	6
76	18
26	14
0	14
0	4
9	68
71	68
0	60
0	15
7	17
0	15
0	11
4	9
0	8
21	14
2	14
4	0
146	0
33	0
309	0
0	70
14	4
0	10
0	18
116	32
0	70
261	0
0	6
15	31
34	43
0	34
0	24
0	24
6	6
6	9
4	6
26	165
0	10
3	11
0	66
4	1
3	1
0	91
0	76
12	19
0	60
0	32
0	29
7	335
19	12
5	37
0	26
0	214
62	199
0	12
0	7
0	206
15	15
0	15
59	96
0	69
10	10
210	681
0	22
12	38
0	0
0	3
0	22
9	6
0	10
23	12
0	1
0	9
29	0
0	4
16	9
4	5
18	4
0	4
1	4
92	17
0	125
2	0
17	3
0	1
0	2
0	7
65	5
0	7
0	7
0	91
0	3
0	3
0	19
0	16
4	17
0	9
8	14
0	7
1	19
0	8
20	8
90	0
133	6
0	5
0	0
0	0
0	6
9	1308
15	5
32	21
10	5
114	17
8	17
3	108
0	7
0	24
0	108
0	196
0	202
0	6
0	6
0	26
2	10
0	10
0	10
0	49
0	49
0	49
0	10
0	9
0	9
0	9
0	6
0	7
0	10
53	32
0	26
0	10
2	6
2	14
8	60
0	19
5	56
3	25
65	13
0	27
15	0
0	46
212	97
3	7
5	14
2	3
7	65
34	35
138	19
3	35
0	4
0	9
0	7
1	9
0	3
0	2
0	5
0	41
0	38
0	110
0	110
0	19
7	3
5	9
5	20
0	1
0	8
0	10
10	78
28	0
0	134
5	13
1	7
1	7
0	53
0	47
3	97
2	5
0	134
9	7
0	7
6	2
3	2
26	3
68	138
0	71
7	0
0	1
0	0
53	0
1	6
0	9
9	72
13	76
0	1
0	140
0	144
0	141
2	20
0	10
4	15
0	13
80	31
0	4
0	4
0	27
155	3
0	90
0	85
41	0
34	217
30	0
0	25
0	25
0	22
5	6
0	1
8	1
0	1
0	2
40	6
1	1
6	23
0	6
2	2
0	6
11	89
18	0
0	130
13	122
0	32
0	16
198	177
3	90
175	49
74	48
0	0
127	48
2	32
0	32
9	1
0	1
0	4
0	1
20	0
0	1
238	78
46	72
0	20
41	6
0	6
0	173
62	173
17	90
80	107
19	164
0	90
0	26
2	5
0	4
0	8
0	68
0	1
0	193
0	170
2	101
14	45
0	76
0	83
0	73
5	8
0	46
21	71
0	54
0	62
0	10
2	46
0	57
4	18
0	0
0	73
0	29
61	28
43	4
0	60
0	55
3	5
5	12
2	57
8	9
3	7
0	53
46	12
128	217
15	81
6	5
31	0
0	24
111	1106
11	3
3	7
2	17
0	17
4	144
0	106
32	15
0	15
128	118
0	78
0	73
0	67
0	67
3	36
49	36
0	125
3	32
0	0
0	11
0	29
3	0
0	12
1	3
8	14
0	125
17	0
37	94
0	78
0	4
5	9
7	2
1	0
33	2
150	2
2	2
8	8
0	6
0	2
0	15
0	16
15	149
0	15
0	8
0	16
0	0
5	0
147	187
0	4
344	6
0	1
3	1
24	0
17	0
5	15
15	11
7	15
2	1
14	0
4	33
135	5
4	33
0	24
63	31
0	31
0	3
24	0
0	28
5	19
0	19
0	1
17	1
0	1
0	1
11	12
11	0
0	5
31	9
5	9
0	3
0	9
3	14
0	2
9	534
0	62
2	39
0	39
27	43
8	30
0	30
27	23
0	3
0	9
0	24
0	18
20	0
4	0
11	130
90	130
3	7
0	7
6	6
0	7
0	9
0	54
0	34
0	58
0	85
5	101
18	84
3	0
0	19
0	11
0	15
0	23
10	0
3	35
12	4
0	2
0	31
0	2
13	2
2	29
9	14
0	7
4	7
37	7
5	0
13	0
0	6
19	6
16	4
2	0
1	0
44	10
0	10
90	155
0	12
0	12
35	22
0	22
3	22
10	121
0	121
0	9
0	9
2	69
0	20
3	14
3	7
30	135
0	135
3	13
7	321
24	0
3	0
0	21
12	0
0	15
5	0
0	54
2	0
2	9
3	44
0	2
0	59
4	0
2	67
50	25
0	46
0	58
5	1
0	10
0	10
0	5
5	32
36	130
0	121
0	99
7	16
61	0
0	12
0	21
0	20
1	12
0	9
0	8
0	21
0	21
4	79
3	89
0	17
0	17
17	15
0	0
3	0
4	0
0	34
0	89
6	0
11	8
2	8
5	1
0	6
2	0
0	2
0	2
29	60
0	60
11	6
35	9
0	0
2	0
0	0
2	3
2	2
0	0
1	3
0	73
28	22
16	73
0	3
17	15
4	1
0	14
30	38
7	25
35	16
9	0
7	6
3	3
0	5
0	3
0	5
0	12
0	3
9	0
14	3
3	0
3	69
0	69
0	69
18	6
39	0
2	80
0	80
5	5
0	79
0	18
27	75
0	17
25	0
4	42
0	75
22	10
0	10
0	0
5	34
0	30
0	6
0	9
0	122
0	122
0	5
3	5
0	128
0	128
222	50
0	30
0	10
0	24
0	30
0	11
4	7
0	5
8	27
0	22
0	108
45	1
0	32
0	6
0	10
2	5
0	10
0	9
0	1
0	1
0	0
12	4
29	25
22	62
0	0
3	94
10	97
0	100
6	5
8	4
0	1
0	97
6	111
108	40
4	7
10	19
0	31
5	15
31	44
3	742
38	0
7	135
0	128
0	7
29	44
0	2
0	34
0	19
23	11
14	30
0	8
6	33
28	35
73	71
0	71
0	71
2	5
6	43
0	8
0	27
34	0
93	18
33	18
22	133
0	94
0	16
0	14
0	3
0	3
9	0
0	2
35	0
48	24
0	25
0	17
0	12
4	9
0	12
0	15
0	4
6	11
0	0
1	7
28	0
5	15
0	7
9	2
0	16
0	7
0	13
2	32
0	57
0	14
54	16
0	17
44	88
0	0
0	0
4	64
24	10
0	3
0	2
1	9
4	30
9	6
113	60
19	13
40	0
67	0
30	0
0	13
0	2
0	13
2	4
0	4
0	4
17	0
0	0
0	4
0	0
213	63
0	38
0	24
0	38
0	220
0	219
0	251
0	250
11	19
0	78
24	97
0	105
11	77
0	11
0	9
8	20
2	3
7	7
0	7
2	11
2	23
0	5
0	5
0	1
0	5
0	12
0	5
9	4
0	6
45	36
4	34
12	25
0	32
0	26
1	6
0	27
0	3
0	10
13	34
82	51
6	28
0	1
0	94
0	73
6	37
10	5
52	41
0	32
21	217
2	38
3	0
16	0
1	256
0	256
33	13
9	102
2	102
0	32
0	4
10	18
0	19
0	5
0	6
0	15
0	66
19	4
3	65
25	24
3	33
0	0
0	38
0	10
0	61
55	11
70	13
0	9
17	7
0	5
0	31
4	31
0	31
12	57
1	57
0	13
0	63
0	63
0	7
2	4
0	3
0	4
0	3
1	3
111	123
0	15
29	2
0	10
0	13
10	10
12	3
18	0
0	7
0	9
0	5
0	5
0	11
0	50
1	50
0	7
18	60
0	49
12	3
29	46
14	5
0	3
9	41
0	7
47	4
15	18
35	20
0	6
0	7
0	6
9	15
3	80
6	45
0	63
2	4
42	629
0	25
0	22
7	1
0	6
3	6
0	3
0	25
0	5
0	2
0	0
63	26
100	31
31	23
0	21
3	10
0	18
0	14
0	0
0	27
94	37
0	27
0	10
19	71
30	15
28	17
0	71
0	69
13	0
0	20
0	19
0	0
0	0
2	6
0	6
0	3
6	93
16	32
0	17
0	32
0	20
0	7
2	2
0	3
5	16
4	12
18	46
11	29
2	11
5	28
2	3
0	3
8	70
0	71
4	6
12	0
0	1
59	5
0	24
82	71
0	7
6	71
0	0
0	7
5	10
0	12
2	51
2	4
3	29
0	29
0	29
0	29
20	4
76	118
0	118
0	58
3	12
4	31
0	21
0	10
20	10
27	0
0	21
3	2
0	2
0	0
0	0
0	0
1	0
41	0
18	101
0	23
0	30
0	8
6	5
0	1
1	2
0	0
0	0
0	0
0	0
3	0
0	35
0	5
0	1
4	42
0	5
21	20
0	16
10	4
8	45
28	140
2	50
14	41
7	0
11	54
108	37
75	16
0	43
5	2
2	7
0	41
14	87
0	2
0	28
19	0
5	3
0	12
2	9
11	6
10	48
0	31
96	32
28	12
0	8
0	9
0	0
4	0
0	22
0	0
0	328
0	328
0	12
245	119
0	74
0	23
0	53
0	0
0	6
5	0
11	27
11	28
1	14
0	8
0	36
0	5
0	40
0	28
64	234
0	234
7	13
0	1
0	15
62	0
0	11
0	13
0	11
12	0
14	5
133	4
8	0
10	0
61	10
5	9
19	0
0	1
0	0
9	11
93	40
0	6
0	6
0	4
9	1
4	36
0	37
0	29
5	0
0	14
19	0
140	56
3	9
115	53
18	8
10	3
0	7
114	5
12	5
2	98
0	98
0	9
56	10
7	60
0	6
0	9
0	19
0	9
0	60
0	7
0	19
0	18
5	30
24	30
9	44
14	44
73	44
42	105
0	94
0	14
1	16
0	19
31	19
0	16
2	19
30	0
1	32
0	92
28	4
0	80
0	92
13	13
20	13
4	11
48	10
0	20
0	8
2	12
0	19
0	11
1	2
0	17
4	25
5	47
0	48
34	45
1	0
0	6
12	6
28	75
216	2
7	12
1	12
0	11
0	27
7	7
4	16
111	44
0	31
36	150
48	69
6	45
98	90
69	24
0	20
6	4
90	3
13	3
51	17
0	13
0	8
5	3
0	48
22	50
1	8
0	3
3	37
0	8
0	13
0	12
18	64
0	58
28	40
11	2
38	25
0	70
0	67
55	43
0	2
0	0
0	2
6	0
10	55
0	0
0	67
12	51
74	0
0	23
146	88
3	23
0	4
0	3
0	3
136	27
0	22
9	24
9	21
0	8
0	27
6	31
7	21
2	4
0	6
1	6
0	40
0	56
0	32
0	56
103	60
3	0
2	0
6	0
0	60
7	7
0	22
0	0
13	92
15	67
0	7
0	0
17	40
0	5
0	91
0	64
2	46
0	91
10	48
0	74
0	15
0	0
0	74
6	8
382	4
8	4
0	4
12	13
2	15
0	4
0	2
15	0
0	120
0	173
0	122
0	171
0	120
0	171
0	23
0	14
1	26
1	53
0	14
16	0
16	47
36	3
0	3
0	38
0	38
120	262
0	17
5	38
47	7
0	3
0	33
70	62
0	17
2	5
10	22
34	31
0	31
290	0
0	183
0	179
34	19
0	1
7	0
14	18
12	11
60	12
54	22
0	22
69	0
14	0
21	0
0	16
107	11
4	8
9	9
0	9
73	3
0	2
17	101
0	59
6	21
0	81
67	21
0	14
0	6
0	2
11	36
7	110
16	12
25	72
0	41
0	110
0	44
0	52
0	55
0	55
6	2
39	28
6	107
31	354
59	8
0	47
0	46
0	354
0	353
36	9
4	9
71	93
0	45
0	9
0	4
0	53
48	27
102	34
0	18
0	19
0	19
21	142
0	5
2	16
0	20
0	18
0	18
0	14
4	14
0	16
32	26
0	1
33	1
0	24
0	84
0	84
6	66
1	13
4	13
13	0
87	26
0	17
0	15
0	15
0	15
0	15
0	15
29	12
0	12
5	3
0	3
2	0
0	3
3	11
178	15
0	7
0	6
15	161
3	0
4	18
48	4
25	2
53	19
78	0
0	9
0	9
0	2
0	0
0	55
22	58
0	58
2	62
0	61
0	65
0	64
0	75
0	75
11	75
0	93
0	11
192	6
0	20
10	2
0	4
0	74
0	74
0	110
14	14
5	14
25	11
0	3
19	142
34	115
0	23
0	8
0	115
0	0
70	68
18	9
0	4
24	70
1	123
0	124
0	20
7	34
0	95
0	18
4	68
0	0
7	4
0	124
5	15
12	14
0	14
47	14
0	14
0	0
0	14
44	32
1	32
0	18
0	15
4	7
65	0
0	0
90	138
0	26
0	118
0	148
0	83
15	96
0	76
0	34
0	17
0	2
0	25
0	4
0	0
0	11
0	2
0	2
2	101
0	136
0	3
0	18
0	3
37	4
0	53
0	92
0	52
0	7
0	14
250	36
0	16
5	14
4	10
0	10
17	5
61	4
26	0
38	60
0	27
0	15
0	0
28	99
1	43
29	4
0	23
6	0
8	15
0	108
0	108
0	107
9	11
0	20
0	27
34	0
0	73
136	0
45	132
0	53
0	3
1	20
0	40
4	0
33	0
12	143
57	30
5	30
0	79
0	79
0	79
0	79
0	79
0	79
0	79
0	79
0	52
12	7
3	0
0	79
5	28
15	33
0	15
5	4
0	5
11	30
8	0
4	58
0	79
0	58
2	5
0	26
0	48
4	7
57	91
17	67
0	91
6	48
0	49
94	27
0	52
0	46
21	21
0	21
0	33
0	26
5	1
0	9
2	24
0	8
0	12
1	7
0	11
0	120
0	120
1	65
37	0
3	10
0	28
26	28
0	27
0	17
0	17
0	9
48	1
77	0
1	35
13	150
0	32
28	0
6	3
1	9
0	9
0	8
7	37
0	37
0	37
0	37
0	24
3	1
0	6
18	5
0	5
10	2
6	2
0	26
78	5
0	2
0	2
0	2
0	2
13	11
6	0
52	19
32	25
0	14
0	22
0	17
0	23
0	26
0	20
0	14
6	7
17	39
0	5
0	35
0	2
0	33
0	4
20	31
0	39
18	16
25	4
28	72
0	11
61	258
0	48
0	0
5	0
13	25
19	0
111	140
0	131
0	3
0	28
14	36
0	11
0	3
38	1
12	1
3	28
0	28
0	18
11	0
31	32
0	32
3	12
0	2
58	45
4	1
52	0
3	44
0	9
93	25
0	9
0	16
0	17
3	9
0	8
4	7
0	33
0	25
0	6
0	5
0	31
0	2
0	2
0	2
5	27
16	64
0	89
3	89
0	39
0	8
1	1
0	12
31	0
5	43
0	35
0	14
17	148
0	180
294	74
0	34
0	181
5	0
0	6
1	6
13	33
0	32
12	33
1	5
7	36
12	48
0	6
0	10
18	70
5	1
101	30
122	65
9	38
0	42
0	42
0	8
57	68
0	66
45	0
0	78
64	47
0	6
1	6
4	0
0	0
0	5
9	4
2	0
35	9
7	9
0	5
0	5
0	0
0	39
9	273
0	83
0	308
8	37
17	37
0	9
10	9
0	43
14	43
1	9
2	14
0	17
0	6
0	3
118	14
17	14
0	114
19	114
0	26
0	0
0	20
3	71
28	27
0	51
0	67
0	62
22	7
0	48
0	34
0	34
21	12
0	38
0	34
0	144
0	141
22	45
0	194
0	27
4	17
0	194
0	187
18	89
10	18
0	11
0	14
0	7
67	167
0	15
0	10
1	8
0	10
0	17
0	19
0	17
38	44
13	28
1	142
5	182
17	22
17	22
4	22
5	162
0	160
0	188
0	49
0	50
5	12
0	3
0	0
0	14
0	14
85	353
0	123
0	97
3	1
5	13
0	237
0	239
0	30
65	14
0	8
0	6
0	8
19	0
0	0
0	54
2	34
3	19
0	40
7	39
0	25
0	24
0	8
3	14
0	43
10	45
22	12
41	5
0	18
0	18
0	14
23	18
73	15
0	23
50	24
16	1
0	0
3	3
140	0
1	0
0	0
30	15
0	10
0	7
2	5
66	45
11	13
8	82
0	28
0	24
1	47
0	42
6	42
77	37
0	77
20	13
0	16
117	27
0	11
0	2
0	2
0	0
758	304
0	31
0	81
5	55
2	58
0	2
0	0
0	23
2	53
0	0
0	30
3	80
140	5
0	5
16	13
3	8
0	5
2	6
16	1
28	16
4	16
0	21
3	21
95	45
0	7
3	5
26	22
10	3
5	26
0	7
0	4
1	3
13	158
0	23
147	0
1	0
29	18
0	14
0	56
0	55
0	49
0	31
0	2
0	48
0	1
3	0
0	1
6	4
2	3
1	3
1	59
46	0
0	47
2	47
4	40
15	40
11	28
6	2
10	10
0	0
0	0
0	0
0	0
16	20
6	628
0	13
3	13
8	55
24	37
54	37
37	265
6	31
0	59
0	59
0	38
0	54
6	67
6	18
0	8
56	29
0	17
0	29
113	138
6	0
2	6
0	10
7	9
0	29
7	0
111	10
37	109
11	15
0	17
0	94
34	95
0	126
0	130
20	90
0	75
9	7
0	133
160	0
2	24
4	15
0	24
0	57
0	0
0	44
0	57
8	11
0	22
0	3
7	0
4	12
11	3
17	39
6	0
0	155
0	155
0	25
0	75
0	77
55	52
15	76
60	57
109	48
0	40
17	37
0	12
0	0
0	8
0	28
5	35
7	48
0	37
0	5
0	0
0	0
0	13
0	11
9	0
0	54
0	55
0	36
0	50
388	34
76	48
49	20
0	20
14	60
0	247
3	283
0	37
37	29
9	29
5	7
43	6
3	6
14	20
0	20
120	35
0	10
0	1
44	18
0	80
0	80
0	4
25	14
2	2
8	0
179	25
8	16
61	15
23	22
4	7
0	22
40	10
65	14
5	14
193	13
5	5
0	35
0	35
0	10
0	59
0	59
0	50
0	15
0	25
44	119
0	41
0	8
5	102
2	73
0	30
0	31
8	9
0	1
23	9
0	2
0	0
0	7
2	1
23	0
0	104
0	102
0	104
0	32
2	28
62	98
0	9
0	11
0	14
0	11
0	11
0	22
1	11
0	6
186	6
39	0
0	766
0	766
0	13
1	43
17	35
0	8
3	43
2	477
0	477
0	16
202	8
4	8
0	5
4	0
91	0
104	42
0	42
6	2
60	25
0	24
41	51
16	147
0	0
0	7
0	13
32	41
11	45
1	10
19	6
2	10
3	8
0	48
0	42
53	17
0	15
45	83
0	121
0	115
0	21
0	125
0	121
17	27
0	27
1590	2898
0	24
0	16
0	16
5	322
0	99
0	99
0	25
109	71
11	42
0	26
0	26
0	12
0	8
0	14
6	35
17	3
50	40
0	8
0	3
0	3
0	3
0	2
152	11
16	11
0	10
3	10
0	5
6	23
0	23
13	103
132	28
0	15
0	28
128	99
0	16
7	3
0	0
0	0
0	3
0	3
3	2
0	2
0	0
1	0
5	0
67	27
12	13
0	12
0	17
0	6
0	13
0	4
2	3
7	3
4	3
16	7
3	33
0	33
0	38
0	33
0	15
0	33
10	10
0	11
0	44
0	44
0	44
0	34
0	22
9	9
0	44
0	5
3	5
0	0
8	5
5	69
0	77
14	80
5	13
0	12
9	10
7	11
27	86
0	8
3	11
9	7
96	48
13	16
0	4
0	4
0	4
0	4
12	4
0	1
0	19
0	19
52	22
19	0
0	0
0	7
18	2
7	45
0	45
0	22
0	15
4	7
0	7
6	0
0	11
2	99
0	7
1	98
0	6
2	6
9	103
0	98
0	103
14	56
8	46
0	38
85	20
0	20
23	3
0	0
0	3
189	92
81	82
0	61
3	61
0	2
5	2
23	92
0	0
1	0
0	9
7	1
0	33
0	0
0	0
0	0
0	0
0	32
49	0
71	11
0	0
3	0
12	11
0	30
0	58
0	10
0	7
0	35
0	64
0	60
0	60
6	173
0	96
174	0
76	52
14	47
0	23
10	10
2	4
0	9
15	69
0	7
0	9
0	7
0	14
0	7
5	26
1	0
0	12
0	0
12	0
160	0
4	434
2	83
0	95
3	95
0	56
0	315
0	442
24	9
24	11
57	127
0	194
0	307
81	29
11	59
84	81
0	93
38	9
0	5
0	6
0	442
269	274
12	55
67	66
15	7
0	7
0	0
0	7
3	32
0	32
2	89
0	8
0	4
0	7
0	16
0	89
6	223
0	127
9	127
0	223
36	28
0	28
172	0
31	77
0	35
28	28
1	35
0	0
0	70
0	2
0	2
24	68
0	5
6	24
2	33
27	104
0	21
74	69
20	4
20	21
0	4
0	5
14	11
0	11
3	102
0	102
0	14
0	14
0	13
4	9
139	22
11	26
33	28
0	10
44	0
263	115
11	17
0	7
10	5
3	10
0	5
0	24
11	65
0	7
0	2
0	63
15	20
2	20
16	39
0	39
139	114
0	109
17	30
1	22
0	2
88	22
0	22
0	43
5	48
3	48
0	18
0	41
20	23
19	6
0	119
0	119
35	259
32	0
6	1
0	1
0	46
0	46
0	44
0	7
0	9
0	7
27	8
0	86
21	91
0	63
0	61
0	37
3	28
0	25
0	6
4	7
0	11
0	18
0	6
12	7
10	12
0	12
17	40
0	9
0	9
28	178
0	9
0	16
0	198
46	0
55	44
0	0
0	11
2	28
6	10
8	46
73	46
5	5
13	11
0	9
0	3
139	60
0	10
0	60
0	14
0	17
0	5
0	31
103	0
58	12
14	6
0	6
28	48
0	6
55	48
54	53
0	53
12	11
0	11
72	51
2	5
8	57
0	57
3	9
10	10
15	9
0	67
0	67
0	17
156	18
7	18
0	0
0	2
19	7
3	3
0	106
52	107
0	28
0	7
0	105
0	0
0	18
0	105
0	16
35	22
0	20
2	14
6	15
0	15
6	7
0	1
46	7
7	14
0	14
0	0
0	9
14	70
3	3
0	66
0	0
0	1
0	51
0	38
10	1
0	33
25	40
36	35
91	452
5	10
0	10
0	10
5	10
0	9
0	9
0	0
0	0
5	0
0	0
3	0
3	0
78	31
13	160
0	18
0	6
9	6
4	0
0	109
0	0
3	0
0	160
33	0
21	0
219	0
50	27
4	27
0	124
0	126
0	116
41	11
0	11
26	7
0	7
0	7
2	1
0	0
1	1
32	16
47	47
0	16
0	4
0	8
18	4
11	4
0	35
7	0
133	12
0	31
7	34
7	12
0	34
16	0
5	24
27	28
0	18
17	29
1	5
16	16
0	0
0	2
24	38
3	41
27	20
11	20
24	20
0	5
0	2
0	15
38	46
8	4
0	28
6	24
1	10
1	15
4	15
44	3
5	71
4	77
0	19
0	2
0	2
23	6
0	88
28	0
135	0
51	0
0	0
31	0
57	2
1	0
21	25
14	2
22	30
52	30
24	18
85	7
1	7
12	107
22	107
3	107
0	16
0	16
0	16
0	16
537	138
0	5
6	206
0	204
40	110
0	125
0	109
85	68
0	41
0	42
0	36
0	25
0	18
167	11
6	0
21	0
0	11
48	0
60	0
0	17
0	17
0	8
0	4
0	4
0	4
0	2
0	3
1	1
0	2
0	6
0	6
104	25
0	0
5	8
0	0
0	15
7	15
35	114
0	46
0	4
0	7
34	8
17	117
11	15
0	15
36	73
0	45
0	51
0	53
1	60
5	37
0	26
40	0
5	9
34	45
85	36
0	51
7	45
3	45
17	0
4	69
0	54
0	69
1	0
179	36
0	7
5	29
5	6
78	0
0	0
92	0
8	8
8	68
0	68
9	64
113	12
8	12
0	3
0	10
0	10
0	1
0	86
0	86
0	86
108	523
0	6
0	20
0	2
0	12
0	12
0	22
12	0
0	19
45	36
0	36
0	21
0	6
0	5
0	2
5	2
33	40
0	44
0	49
0	59
0	45
0	7
0	6
0	54
0	34
9	6
0	4
0	55
0	35
0	4
0	35
0	45
9	35
3	2
0	9
0	9
1	1
73	19
11	3
6	5
46	28
45	6
0	12
0	9
5	6
14	23
0	3
38	291
6	291
0	78
0	2
61	17
37	3
0	53
4	53
12	21
29	21
31	6
0	6
0	3
2	3
0	3
4	0
2	35
0	1
21	35
0	27
0	1
42	262
12	1
0	1
125	0
33	0
34	67
0	44
1	42
22	19
2	1
0	7
0	4
34	76
1	28
215	45
46	45
12	37
1	57
0	37
5	38
1	37
53	91
0	57
6	0
25	0
15	436
26	16
0	8
4	8
0	8
0	16
0	49
20	55
0	36
0	54
0	56
7	2
0	47
18	70
1	1
13	6
3	17
0	39
0	20
0	45
0	35
0	29
66	68
0	29
0	32
0	29
0	16
0	16
0	42
0	44
6	39
0	18
4	43
0	47
0	24
14	34
0	31
0	31
0	31
0	28
0	15
0	27
0	14
5	23
0	5
61	6
33	42
133	46
0	8
13	22
0	22
0	22
2	0
0	119
0	187
41	78
0	5
0	6
0	79
25	16
0	21
0	53
0	0
0	44
6	0
0	31
12	0
0	14
18	37
0	20
0	20
76	135
0	90
0	28
0	173
0	167
3	173
0	111
15	14
0	108
0	13
3	7
7	3
3	31
17	0
0	6
0	13
52	13
0	2
0	3
0	0
0	11
0	3
0	0
3	3
0	3
9	3
27	18
0	18
0	32
5	0
0	25
0	1
4	32
6	5
131	7
0	7
0	10
7	113
21	0
5	121
0	121
41	63
4	2
8	2
29	7
0	44
0	44
0	31
17	0
0	21
0	28
23	72
0	17
10	16
0	3
20	4
0	22
43	36
0	87
34	29
0	18
2	66
26	5
26	44
43	82
0	56
28	723
31	657
0	643
0	96
60	23
0	23
4	13
113	85
25	44
96	20
0	12
0	13
0	7
1	6
0	38
0	31
0	7
0	7
1	46
40	30
0	46
0	31
4	15
0	18
88	3
7	15
14	0
0	75
0	56
0	75
106	0
181	43
31	45
1	9
30	1
85	69
0	3
13	21
0	6
35	122
0	38
4	4
1	9
71	0
12	4
18	3
0	3
0	3
0	4
0	71
4	1
30	26
20	14
0	14
0	69
12	17
12	7
0	10
15	11
43	28
1	11
9	0
0	0
7	65
0	65
0	96
0	0
0	1
0	96
0	8
0	63
0	63
0	41
0	253
0	253
0	253
0	33
54	0
12	51
0	47
7	15
50	95
8	15
0	15
46	1
1	1
0	0
0	43
12	43
3	23
0	27
71	39
0	26
0	3
5	8
0	52
41	63
0	181
0	39
0	48
8	12
0	131
17	4
0	96
0	131
0	131
0	123
18	16
6	37
0	12
0	18
0	31
1	6
0	2
0	27
0	10
19	5
11	0
14	261
1	6
0	6
1	59
0	59
0	17
13	32
2	13
4	3
8	259
0	250
22	3
0	11
163	7
0	3
6	158
16	158
130	158
0	8
56	17
0	15
0	157
0	157
91	3
0	3
206	35
41	1
25	3
24	38
0	18
0	11
0	2
0	2
6	0
4	0
21	37
7	51
7	59
44	44
0	44
0	48
25	2
0	65
12	39
0	56
0	41
0	63
0	65
0	43
0	14
0	45
3	45
0	11
15	58
0	888
125	30
0	39
5	894
0	51
32	52
6	20
0	5
31	64
0	51
0	17
5	4
0	12
47	11
0	3
39	8
192	40
0	39
4	0
0	0
0	0
5	0
1	0
5	0
0	3
9	0
0	3
7	5
5	0
26	391
55	391
0	21
0	20
35	10
61	0
17	1
8	2
25	32
0	30
19	77
0	38
0	42
4	13
0	11
0	51
0	180
7	180
14	35
30	8
0	8
37	103
0	84
26	34
0	93
0	98
0	98
17	8
0	0
140	227
6	40
105	1
406	339
0	322
0	268
0	15
28	12
156	208
455	33
2	5
0	5
10	36
0	27
4	24
3	25
2	2
3	7
15	45
0	25
94	43
0	12
5	0
12	38
0	32
3	0
0	0
2	0
18	0
4	30
42	32
0	2
0	4
0	8
0	11
0	6
0	8
0	8
0	8
6	47
0	43
43	93
8	91
4	27
6	88
16	15
0	7
1	80
0	84
0	67
6	41
0	34
74	10
4	6
15	2
47	0
44	33
0	33
0	2
13	29
1	26
13	7
60	18
60	58
0	0
2	0
6	5
4	4
0	11
1	126
8	126
18	54
0	13
14	0
57	51
0	54
16	15
15	13
0	27
0	34
10	27
0	13
47	41
0	5
9	36
0	69
0	6
0	24
0	6
4	3
0	69
77	41
0	41
1	3
1	1
27	4
0	1
0	3
0	1
21	2
0	2
1	1
2	0
1	10
0	10
0	21
11	25
0	2
0	4
3	2
3	5
22	5
0	5
0	5
114	281
7	6
0	6
0	22
1	39
0	10
12	14
66	5
0	5
136	219
0	5
0	22
32	22
3	0
3	0
0	39
0	39
0	25
6	22
21	29
23	0
26	23
0	10
2	23
0	7
9	7
0	0
0	6
3	21
0	21
48	718
0	19
13	23
0	7
7	11
0	11
1	8
0	0
0	11
0	8
6	24
0	8
62	13
0	13
42	11
0	11
0	11
1	5
11	0
1	95
9	128
0	94
0	66
0	107
0	6
0	1
0	1
0	5
0	9
0	13
0	1
0	6
0	3
1	10
0	11
0	11
0	11
3	0
3	12
12	7
0	41
0	41
0	4
0	1
0	12
0	2
39	50
7	50
118	6
109	0
0	5
60	6
0	1
18	1
0	102
6	64
10	96
39	101
3	42
0	41
2	3
0	78
16	26
0	70
0	20
0	37
0	19
0	35
0	19
16	6
24	12
0	23
15	0
111	12
16	2
73	47
0	48
7	12
43	23
3	14
0	248
5	248
0	18
5	10
0	4
8	13
0	25
0	25
8	17
0	7
7	15
12	5
0	264
0	264
0	14
69	0
9	98
0	105
0	105
0	46
0	62
12	43
0	7
0	3
0	7
3	4
58	369
12	314
34	189
0	178
10	98
0	189
0	124
5	131
12	82
3	70
12	25
23	21
1	21
0	3
12	24
0	24
24	51
4	48
9	28
0	3
6	2
5	32
11	32
0	27
26	15
9	33
21	24
0	19
132	10
4	39
14	44
28	19
2	19
2	9
0	7
9	37
66	28
36	19
11	17
33	441
14	17
0	10
1	4
0	5
0	11
3	0
0	0
326	75
219	164
37	72
525	81
106	19
0	2
0	7
1	19
4	19
33	8
3	49
0	35
238	52
1	41
0	31
8	13
13	44
24	45
0	7
7	10
0	9
0	10
0	11
1	47
0	52
6	27
0	27
26	26
0	59
2	7
0	6
2	14
1	0
0	51
2	7
0	7
40	3
8	3
0	0
0	0
11	0
0	0
0	0
0	0
0	3
2	0
45	19
12	37
0	11
18	1
0	0
41	18
0	13
22	98
0	32
0	33
0	29
0	115
7	108
0	57
0	31
0	1
0	5
1	58
2	2
0	1
0	1
0	18
0	10
0	55
0	9
0	0
14	10
23	54
31	3
6	115
2	87
0	129
9	20
0	17
3	16
13	88
0	6
0	20
0	4
0	88
0	130
0	109
1	18
0	85
5	107
48	9
15	74
0	0
1	0
6	7
0	11
9	22
0	216
0	216
0	17
0	0
6	14
0	14
1	29
0	24
0	9
62	19
0	110
0	13
0	56
0	36
0	25
0	26
0	26
0	26
0	23
6	23
0	26
0	28
0	28
1	3
13	12
59	2
33	3
0	1
12	5
0	4
0	1
5	1
0	1
5	2
3	28
0	28
3	11
1	11
4	3
3	7
0	117
63	11
36	163
11	182
20	10
0	0
0	4
0	0
2	143
19	0
0	18
0	11
0	11
13	0
0	136
63	30
0	25
4	8
0	19
0	19
0	7
0	7
0	8
0	1
4	0
140	39
0	20
0	3
17	6
0	3
0	4
1	6
0	3
0	3
0	0
0	0
1	3
20	1
0	1
5	0
17	10
9	10
0	10
0	10
27	0
0	0
0	13
0	3
1	0
0	0
0	3
0	5
0	3
0	126
0	7
0	6
0	12
6	135
9	32
0	10
0	24
17	16
4	7
0	10
61	0
0	18
0	15
1	6
7	15
21	15
76	25
0	25
9	11
0	11
43	7
15	48
0	14
0	14
1	5
0	43
0	43
18	71
36	71
0	4
0	7
0	0
5	1
52	6
89	35
8	4
0	0
9	0
0	16
9	14
6	11
0	20
0	9
0	2
9	2
0	2
0	35
0	57
0	0
9	18
0	9
4	1
0	61
13	5
32	83
151	119
3	28
0	8
28	0
257	115
14	111
3	124
0	1
0	100
0	124
0	37
0	48
0	51
0	47
0	41
0	48
20	56
19	13
3	7
0	6
173	95
29	102
20	74
2	33
133	127
0	127
0	33
0	29
0	33
0	4
0	30
0	25
0	0
18	13
5	2
37	60
13	77
22	133
8	14
0	54
0	52
3	50
0	43
0	45
0	43
0	17
0	31
4	9
0	25
2	9
14	44
0	10
3	4
0	14
0	12
86	130
344	124
0	96
20	13
0	83
6	36
44	9
2	15
51	29
59	60
0	8
0	28
0	28
168	0
10	102
0	83
0	82
0	99
0	98
2	3
0	3
0	5
17	89
6	68
13	4
9	13
0	19
14	25
0	7
0	1
1	6
0	1
0	1
0	0
0	61
0	0
64	103
0	100
16	58
2	1
0	0
62	2
3	2
53	23
0	5
5	18
3	0
281	66
81	5
312	790
6	13
0	66
5	26
16	26
0	46
0	74
0	8
3	39
1	5
0	16
0	5
0	10
6	5
0	68
0	49
69	0
0	0
0	0
11	7
19	22
0	22
19	16
3	31
0	15
0	31
0	3
0	91
0	45
0	47
0	34
0	36
0	5
0	19
12	38
7	0
82	216
0	222
6	94
0	70
0	66
0	5
2	48
4	7
87	3
0	0
14	10
0	10
0	2
1	0
13	68
7	74
0	67
20	8
5	8
8	0
0	23
15	43
0	8
2	20
15	0
4	0
22	90
7	46
0	46
76	69
3	20
30	46
0	46
0	30
0	0
0	0
1	0
48	75
152	1177
0	56
36	17
0	17
0	0
0	3
0	10
0	14
0	12
167	72
1	66
5	53
0	36
0	38
0	34
0	2
3	38
0	38
2	3
0	0
0	3
0	50
0	0
0	65
0	65
19	70
0	63
0	62
0	65
0	10
0	12
6	3
0	37
0	90
10	11
0	92
24	13
16	13
0	58
10	0
0	15
6	49
25	38
0	58
0	35
1	35
0	8
24	181
34	106
0	181
10	78
0	9
31	0
18	14
2	9
14	19
7	10
0	136
0	136
0	7
0	10
1	130
0	130
12	131
0	3
0	3
0	1
0	0
10	0
1	2
0	0
0	0
0	136
33	122
3	95
7	7
0	33
0	21
27	18
10	5
14	24
0	9
3	10
11	41
0	47
0	6
2	2
0	15
9	0
106	0
2	17
0	17
0	8
1	17
0	87
21	87
70	38
0	20
11	13
64	13
43	31
0	15
0	19
0	29
5	14
10	19
0	24
0	34
12	32
0	31
56	0
0	82
0	179
0	8
0	15
0	103
170	15
0	15
7	0
0	0
5	0
8	12
0	5
0	1
61	35
0	30
0	22
27	27
0	27
0	12
0	24
4	1
7	23
32	25
0	11
0	11
1	11
29	0
0	0
91	82
0	54
4	0
15	0
17	1
1	49
0	51
0	17
0	56
0	9
0	20
0	39
9	64
0	16
5	0
0	48
0	20
0	21
0	20
0	18
0	17
7	299
0	299
0	25
0	8
0	8
60	103
15	77
0	103
8	77
0	1
1	0
1	1
0	11
0	15
0	9
0	11
0	11
0	13
1	13
0	63
1	71
0	11
1	54
0	54
0	4
0	3
0	2
7	0
45	19
0	19
0	4
16	47
0	27
0	47
19	74
0	13
47	16
4	25
0	288
0	288
0	109
17	40
0	40
0	2
7	38
0	37
4	0
0	0
1	0
0	21
0	22
0	101
1	31
2	15
0	101
9	10
31	18
0	1
3	1
65	0
19	175
0	37
1	37
0	13
42	26
0	21
0	2
5	34
5	69
45	41
25	24
0	41
0	10
6	2
0	1
1	12
0	68
114	0
0	26
0	32
0	39
5	27
0	17
8	168
0	113
0	77
56	72
0	78
4	24
0	8
20	23
58	124
13	10
0	16
0	2
0	8
0	6
2	235
0	240
0	165
0	116
1	0
36	29
0	16
1	72
0	71
0	71
0	69
0	66
3	12
11	85
32	31
1	7
0	35
10	31
4	13
4	35
9	1
2	10
0	8
11	12
0	1
90	16
76	19
61	16
8	0
0	1
0	1
0	1
0	0
0	1
10	1
3	102
4	52
13	0
0	1
31	102
0	104
0	104
30	50
0	101
0	88
0	13
0	19
0	70
7	25
0	16
0	77
0	77
0	23
0	7
0	6
15	7
3	5
36	5
0	220
0	224
24	80
4	0
1	20
25	5
61	4
0	224
1	0
0	4
0	23
0	17
0	17
0	11
0	17
0	8
0	16
0	9
0	11
67	13
9	13
0	13
3	41
0	32
0	9
0	13
0	0
13	0
61	18
0	18
0	6
0	0
0	338
0	191
0	321
0	336
0	309
0	162
0	323
0	176
0	31
91	54
1	20
2	11
27	29
95	85
127	0
3	85
0	64
0	108
18	123
0	110
0	105
0	0
0	12
7	5
0	109
0	0
0	39
1	0
0	105
28	102
0	86
0	12
0	12
0	87
0	87
84	22
6	22
3	19
78	15
0	11
0	6
50	22
9	32
0	4
42	59
0	35
0	52
9	49
0	10
0	1071
0	1059
0	979
81	6
0	1
214	1
0	5
0	1
2	1
0	1067
4	1047
130	5
235	573
0	1059
0	1067
0	35
0	35
7	20
3	6
20	0
11	22
174	22
0	30
6	3
0	13
0	0
0	30
20	47
0	23
4	3
3	3
0	0
5	0
8	7
17	7
0	0
2	54
25	35
0	14
0	15
0	20
0	1
0	1
0	1
0	6
0	4
0	4
0	2
0	18
5	18
38	4
0	0
50	21
0	21
261	57
0	22
0	44
0	31
3	0
0	0
5	0
24	1
64	18
8	20
0	95
0	95
2	5
24	57
7	42
63	51
0	17
0	20
0	4
22	36
4	4
20	3
4	3
5	38
0	38
6	9
112	67
0	52
0	51
19	8
14	161
0	51
8	10
3	138
0	48
4	48
0	10
14	28
0	28
10	5
1	1
4	4
68	0
24	20
36	15
7	69
1	10
0	54
13	8
23	24
0	9
7	49
0	40
0	2
2	5
0	2
1	3
0	10
10	40
0	7
4	3
0	30
0	30
0	8
0	139
0	32
0	104
0	72
12	20
0	2
0	48
0	131
0	7
0	120
0	117
0	5
10	4
0	0
0	2
0	7
0	4
105	0
57	10
0	7
0	9
9	7
0	50
0	10
2	23
7	23
66	21
0	21
22	58
0	54
0	1
1	4
2	7
2	35
0	35
1	35
0	11
9	2
0	12
0	14
19	33
0	5
0	13
0	7
0	9
0	15
0	9
5	9
3	17
25	12
0	9
0	9
0	84
0	77
0	85
0	85
23	0
0	1
0	10
0	10
115	0
38	78
0	15
0	21
1	12
8	35
0	215
0	215
4	73
0	15
0	4
3	14
0	6
0	18
0	12
1	11
0	67
8	3
0	5
2	10
0	6
5	4
43	8
0	8
10	145
0	145
3	13
0	19
0	138
0	20
4	3
8	51
38	21
0	22
0	42
0	0
29	6
38	21
0	21
1	15
21	38
0	36
0	3
0	21
17	50
0	40
0	35
0	8
0	5
0	5
7	112
2	9
4	0
0	103
76	0
3	97
0	97
0	15
0	125
0	125
0	31
0	25
37	33
0	19
0	19
1	41
35	41
16	19
0	41
0	6
1	25
0	25
0	3
20	22
1	5
0	0
45	26
11	16
47	28
0	24
0	6
0	2
0	1
3	2
13	0
17	12
91	28
0	4
4	0
3	21
6	0
7	42
0	41
7	41
0	6
0	7
0	1415
0	1398
0	1403
0	1386
0	25
32	43
319	53
0	43
0	28
81	54
125	329
1	0
0	0
0	33
0	82
204	50
49	55
0	5
2	1
0	0
4	198
0	191
25	12
2	7
6	12
4	9
0	6
22	107
0	96
0	28
1	79
0	79
34	67
0	49
0	49
0	56
10	14
0	8
3	42
0	45
30	72
0	11
9	13
120	124
0	18
46	33
5	33
31	10
0	10
71	34
5	30
0	31
0	12
0	31
0	26
8	2
0	11
0	4
1	6
25	134
21	9
0	4
0	7
0	1
1	0
0	4
7	0
151	131
15	68
1	68
0	76
0	84
0	89
0	89
0	95
2	87
0	95
0	14
26	68
0	3
6	19
0	9
0	8
5	50
3	2
0	12
0	0
0	84
0	24
0	12
0	59
6	50
4	2
0	5
1	71
39	41
27	44
0	26
0	18
0	66
17	44
21	52
0	21
0	49
0	52
0	53
0	53
45	52
2	52
32	0
16	0
32	19
0	7
37	7
365	46
0	8
0	40
9	25
46	35
74	76
7	92
0	113
27	93
4	82
8	3
0	28
0	26
20	6
24	4
0	3
0	16
0	1
0	1
0	8
0	0
81	6
0	6
2	0
5	5
0	5
9	3
15	22
2	9
2	19
13	10
0	4
9	0
2	0
0	1
2	0
12	5
2	0
7	3
0	1
0	1
0	2
1	0
0	2
8	7
6	5
0	0
0	2
0	0
6	12
0	9
2	12
4	0
0	2
0	6
3	0
33	3
4	0
71	63
0	64
0	40
0	32
0	12
0	18
0	12
68	67
50	42
0	23
30	14
23	99
11	18
0	68
0	26
0	10
0	3
0	29
0	0
0	0
1	0
34	17
0	17
0	34
0	31
0	32
0	33
0	49
0	23
0	6
0	13
0	26
0	9
17	27
0	7
7	7
0	6
0	0
0	2
0	11
35	31
0	6
12	34
3	34
0	33
0	33
0	23
0	16
5	4
3	4
0	33
0	33
33	20
7	20
0	6
12	2
120	0
0	75
0	27
1	24
0	75
4	37
0	37
97	0
0	52
0	55
16	38
0	19
0	8
0	9
11	7
128	94
5	23
8	0
23	10
0	10
5	10
2	0
2	32
0	32
166	10
0	6
66	0
5	159
0	159
11	18
0	13
0	13
0	14
11	15
0	12
2	14
492	95
26	95
0	74
6	75
0	44
0	42
41	45
5	19
14	16
0	13
0	17
0	14
1	5
13	10
3	1
5	6
24	8
20	24
0	22
389	1615
0	37
1	39
50	0
0	25
82	23
5	16
0	0
0	7
0	51
9	51
0	48
0	27
2	1
0	9
0	18
0	8
13	0
0	26
0	26
0	14
0	1
8	4
7	5
0	0
1	0
0	0
53	29
0	2
18	2
0	10
40	54
1	30
4	30
2	6
0	54
53	15
0	6
2	0
1	9
11	25
0	14
0	15
45	63
0	63
61	57
0	20
0	29
36	42
29	25
1	25
0	8
0	23
9	17
2	77
5	23
5	0
0	69
41	28
0	6
8	13
2	3
0	21
35	337
20	137
36	33
0	20
0	18
63	25
0	22
0	3
68	26
8	332
0	334
0	329
0	81
23	14
0	11
0	2
0	7
0	2
68	0
0	39
1	0
0	0
0	0
0	0
0	39
1	27
0	144
0	144
4	139
0	144
0	118
0	17
0	7
35	14
0	6
10	23
0	33
6	33
15	0
7	9
16	0
2	158
13	158
10	4
0	26
123	41
0	20
0	45
0	45
0	45
19	10
9	23
51	6
2	4
9	0
12	3
2	0
4	2
75	69
0	62
12	1
0	58
7	7
0	63
4	5
76	27
0	13
7	0
290	6
11	18
0	32
39	32
2	21
26	37
0	16
0	16
4	37
0	16
4	21
5	14
94	90
0	41
0	90
11	44
0	44
1	0
0	0
26	0
37	0
26	1
0	2
0	0
1	62
0	71
0	62
0	61
0	70
0	57
5	13
0	62
0	71
89	118
0	118
0	1
93	58
0	60
0	82
19	13
34	29
0	79
101	100
7	51
0	43
0	0
20	9
0	4
9	316
0	17
6	162
0	26
0	39
0	25
0	36
0	35
2	1
11	0
0	0
22	0
45	27
0	28
3	9
0	10
0	1
90	0
0	0
20	61
0	81
0	57
223	21
0	124
0	118
0	91
0	80
0	90
29	9
0	10
0	76
2	42
0	35
3	16
0	1
3	12
11	40
44	28
0	19
0	3
0	21
21	28
0	0
8	9
0	4
3	4
7	3
2	3
0	1
0	0
1	31
0	15
0	37
0	7
63	15
11	58
0	5
0	4
0	5
0	0
4	57
0	11
52	119
0	3
0	116
0	0
2	27
8	27
0	0
0	13
51	444
176	91
0	10
0	7
0	3
0	17
0	16
0	14
0	14
0	127
2	116
0	116
3	22
21	13
0	24
0	0
0	10
0	4
0	4
1	13
0	1
0	1
11	46
0	46
1	13
0	13
11	2
8	10
8	51
0	58
0	7
8	39
0	36
0	37
0	3
79	1
7	1
0	58
39	38
0	13
37	25
13	5
0	13
0	13
0	4
0	45
0	57
0	13
146	73
6	3
0	3
3	0
155	14
8	4
6	4
9	14
0	55
0	28
0	22
20	17
45	35
0	37
0	14
21	15
3	47
0	47
0	0
0	279
0	279
0	23
0	119
6	10
7	9
12	129
0	85
0	16
43	16
0	8
0	11
0	11
24	0
18	0
46	17
3	17
0	1
27	0
3	0
18	21
0	18
0	18
0	130
0	3
2	130
5	8
69	7
0	3
118	2
0	2
65	22
0	22
0	17
0	8
28	100
0	2
11	5
0	7
257	16
87	7
23	75
38	58
0	58
57	33
0	18
60	0
5	48
33	0
107	24
0	7
77	7
3	0
2	0
0	127
0	131
0	6
0	131
0	36
60	37
63	36
9	13
3	31
0	27
9	0
19	5
3	27
0	27
0	8
23	1
29	1
3	163
0	162
28	143
0	73
0	129
6	7
4	6
185	12
13	10
18	0
0	173
1	175
0	175
0	7
185	38
0	30
0	24
0	23
8	1
0	18
309	1
146	102
8	46
64	123
0	15
51	56
23	0
40	3
0	33
0	17
5	3
0	1
0	5
0	7
0	29
0	33
0	4
0	4
149	0
43	14
351	161
0	10
2	62
0	83
0	94
0	126
0	126
31	126
21	146
1	0
2	21
17	44
0	17
0	11
0	118
0	133
0	13
0	10
0	10
23	0
14	12
23	9
15	71
68	650
125	0
1	0
51	0
0	9
0	9
0	6
0	6
0	6
0	0
0	0
1	10
0	0
7	0
9	15
0	0
0	2
0	2
0	3
0	0
0	0
0	3
0	0
0	0
0	0
0	0
3	0
0	0
0	6
0	32
0	32
0	27
10	34
0	17
0	12
0	41
98	37
11	30
10	12
7	17
0	4
5	49
0	53
1	7
0	13
0	52
0	61
0	10
0	20
0	47
55	42
0	38
6	0
18	7
0	3
0	3
13	7
21	3
20	7
46	105
5	47
0	28
0	26
0	20
0	20
7	0
4	8
0	8
71	80
5	6
55	54
0	5
0	77
0	40
27	46
0	1
0	11
4	78
2	0
7	21
42	18
0	2
2	5
10	214
0	230
0	229
12	236
20	5
0	5
0	5
0	5
0	0
1	8
0	0
0	0
33	0
34	14
61	20
0	20
0	21
107	63
26	0
120	4
0	43
195	96
0	15
6	7
15	9
81	11
0	4
0	4
54	11
0	7
2	0
0	4
86	68
11	68
9	52
2	6
0	3
0	18
16	0
1	11
17	36
3	25
0	4
0	9
2	2
33	55
0	6
0	0
20	3
0	6
11	0
10	0
21	56
0	5
0	15
0	4
35	36
0	16
21	1
0	7
6	7
0	5
0	6
0	10
0	0
22	55
0	34
1	44
0	33
7	3
0	11
0	7
0	12
0	33
0	26
0	30
11	3
1	6
0	6
9	4
0	4
29	13
0	14
45	57
0	60
0	55
0	113
0	116
0	139
8	28
0	28
19	57
6	56
55	0
103	99
2	34
4	3
0	65
14	0
0	7
0	7
0	7
93	6
0	3
0	1
31	86
3	86
0	29
0	9
0	6
0	7
0	0
7	9
0	0
0	0
0	0
0	9
0	31
0	0
3	4
20	26
0	4
18	22
29	8
0	8
21	43
48	157
0	37
0	6
20	79
1	92
14	0
0	0
48	4
25	27
0	26
24	49
22	15
17	3
16	7
0	2
3	0
0	12
0	16
0	7
4	13
49	0
1	26
0	26
0	9
18	15
45	85
0	8
141	8
364	8
3	0
215	115
0	33
0	25
0	3
153	83
36	0
0	80
12	9
8	6
79	93
0	69
0	29
0	13
44	4
16	8
3	8
15	257
16	195
0	168
0	0
0	7
10	18
0	74
1	74
49	0
88	105
0	28
0	66
0	59
26	5
0	5
23	50
10	0
39	1
1	1
11	21
0	21
5	22
0	22
21	375
120	27
0	0
173	174
82	10
0	5
0	5
12	65
21	17
4	9
0	18
0	4
8	6
2	6
5	0
0	31
0	28
4	23
11	23
3	23
0	0
0	7
4	3
30	60
0	11
60	36
23	46
23	46
0	60
26	32
8	769
13	0
4	2
91	162
0	60
42	21
0	9
20	0
10	5
0	29
0	26
0	26
0	46
0	40
0	43
0	41
0	11
88	0
2	13
0	13
11	55
0	59
0	40
2	29
20	11
0	18
20	40
0	47
0	3
11	2
0	47
0	74
0	8
24	8
0	1
0	6
0	6
1	0
0	0
43	227
6	74
0	61
0	66
0	9
0	53
10	37
0	47
0	35
0	62
0	33
0	35
0	21
0	16
4	2
0	1
3	1
0	13
0	11
4	0
0	5
0	292
15	0
42	0
35	35
0	7
5	5
3	1
10	1
2	1
54	25
21	20
11	12
0	12
0	12
0	1
0	11
8	0
77	1
30	0
4	92
8	93
0	39
0	42
0	41
3	38
0	33
0	0
0	50
6	10
0	5
0	50
0	20
0	4
0	4
18	7
8	2
1	0
3	2
0	81
0	42
25	64
8	96
3	39
0	21
0	2
0	21
24	2
0	73
0	73
20	0
68	0
0	40
0	40
0	60
0	60
4	56
0	51
0	12
0	10
0	10
0	10
0	1
24	1
0	1
2	0
64	26
0	0
0	7
0	11
2	3
4	38
9	5
0	5
141	55
4	3
76	62
26	89
0	54
14	37
9	28
11	9
0	19
0	19
0	3
6	20
2	98
0	98
1	8
0	0
6	0
0	84
2	18
0	9
2	9
4	4
8	49
8	6
0	40
8	20
5	20
19	1
0	25
0	18
7	87
0	38
8	55
0	19
75	16
0	16
26	0
9	0
14	10
8	8
45	122
11	113
5	0
1	9
13	39
0	4
0	39
0	0
15	3
9	77
0	77
27	79
60	2
5	7
0	12
0	25
1	53
0	4
6	42
0	3
16	41
0	130
1	0
0	3
30	158
0	28
31	61
20	156
0	44
65	67
18	0
0	16
0	20
0	21
3	17
0	94
0	63
0	40
1	40
2	54
0	40
0	40
34	0
51	61
36	61
1	13
0	29
9	59
0	59
0	26
0	49
22	74
0	19
2	100
22	67
0	69
27	218
0	217
30	193
0	191
0	0
1	2
1	3
0	35
0	30
0	30
18	87
0	3
0	3
0	7
0	7
0	10
11	10
4	10
0	35
12	46
0	12
0	46
71	16
5	4
2	3
6	140
0	140
1	25
72	38
0	35
5	4
0	6
4	5
0	3
99	1342
14	10
5	7
6	7
0	3
9	51
0	51
7	1
15	98
0	98
21	10
20	0
48	65
15	0
65	234
3	5
12	9
62	40
3	24
76	37
4	0
0	0
0	40
0	19
7	13
0	7
123	0
49	9
62	11
0	11
9	7
0	7
0	12
0	12
6	18
0	19
0	25
0	3
0	35
24	50
21	12
0	10
99	0
0	20
1	20
0	8
0	10
29	54
14	37
0	17
0	189
1	3
2	17
5	13
3	10
25	3
0	8
0	7
0	8
4	1
0	0
0	189
21	0
0	45
0	42
6	46
0	45
18	9
1	1
12	36
11	4
0	63
0	56
0	38
0	38
4	37
3	50
3	0
0	10
1	7
4	76
4	7
0	7
20	9
0	5
0	9
95	0
107	42
0	42
0	21
0	4
2	27
0	27
63	32
5	32
0	66
0	81
0	81
0	9
14	119
18	102
0	72
2	56
11	17
10	25
48	34
5	0
27	83
0	78
6	14
25	170
6	178
98	169
2	148
0	19
57	5
0	30
0	30
18	41
7	5
54	45
37	44
1	4
0	5
0	0
3	21
0	97
12	76
6	76
29	27
2	0
2	0
0	6
0	20
0	20
0	13
7	103
23	94
7	86
0	103
0	12
0	15
0	6
5	0
14	10
0	12
4	15
8	2
7	1
0	1
5	0
0	8
0	136
10	28
0	28
2	63
0	63
0	51
0	37
7	1
4	3
8	3
1	4
2	4
0	8
0	8
69	155
0	160
13	13
0	9
0	43
1	38
13	38
0	9
9	4
0	0
0	3
0	3
12	6
3	43
0	83
0	7
0	81
5	37
2	11
0	3
45	7
0	7
3	7
0	7
71	13
184	13
206	111
0	49
12	50
0	21
4	17
37	33
69	40
2	6
0	4
0	4
15	12
0	24
0	24
36	51
0	17
31	34
0	0
0	10
0	3
0	17
0	1
0	0
72	168
63	31
3	8
1	2
27	3
77	1
0	0
6	1
0	0
1	0
3	1
21	8
0	8
0	55
0	55
0	210
59	356
5	6
6	29
0	210
0	450
8	0
0	83
28	98
0	25
0	5
0	4
0	4
49	20
0	52
0	52
0	3
0	10
11	65
0	65
8	0
4	9
0	21
0	18
9	24
21	24
0	3
3	3
28	6
11	6
19	263
0	9
0	9
0	9
0	9
0	9
0	9
0	9
7	0
0	9
0	9
0	2
0	4
0	4
0	4
0	4
0	4
0	4
0	4
0	4
0	4
0	4
5	5
0	9
0	9
0	9
0	9
0	9
6	63
5	1
3	0
0	0
2	0
0	0
0	4
0	3
0	10
8	10
0	10
2	63
38	0
18	0
0	17
0	17
3	8
0	6
0	0
0	0
5	3
0	35
3	35
9	27
0	27
0	27
0	9
32	0
39	14
55	56
0	1
0	9
0	8
28	9
7	11
9	9
3	37
0	1
0	4
0	11
0	6
0	1
10	0
0	5
14	4
0	5
6	956
32	127
101	65
0	100
0	62
0	28
44	64
0	22
0	3
0	3
8	3
15	20
0	20
69	0
14	42
0	41
0	31
0	37
0	47
0	25
0	26
0	40
1	51
0	29
0	27
4	32
0	44
0	56
0	38
11	39
0	105
0	43
0	4
0	105
6	16
0	16
0	3
0	2
0	0
0	2
3	3
0	5
8	117
0	179
6	140
0	6
0	6
0	5
30	320
182	0
0	164
14	10
19	10
57	9
12	60
0	60
37	23
33	0
25	12
0	9
0	21
0	34
0	34
0	39
0	35
28	22
0	16
26	17
0	35
4	0
0	28
2	28
0	143
0	24
55	146
27	1035
15	1
7	16
30	16
20	0
26	68
0	4
16	28
0	93
69	28
0	36
62	42
0	10
19	26
0	92
20	10
16	10
0	47
32	38
0	6
0	20
2	0
11	0
1	0
0	15
6	0
21	10
0	17
0	31
0	0
3	5
0	10
0	3
4	18
33	23
0	23
136	4
82	0
16	4
29	0
2	72
0	26
0	70
10	27
0	70
0	83
0	88
74	75
0	70
21	0
0	75
0	15
6	15
101	30
0	24
1	75
5	64
0	75
0	71
0	69
42	12
0	12
11	0
237	3
1	0
15	20
19	0
0	31
0	59
0	42
107	0
0	7
0	7
0	7
78	0
27	10
0	0
0	5
10	10
2	0
9	0
15	3
10	40
2	120
25	123
3	4
15	1
25	425
2	7
0	3
11	0
0	0
66	0
13	20
0	20
0	0
26	5
0	5
0	5
0	0
5	0
0	0
0	0
80	4
25	4
85	928
21	7
0	7
6	0
14	23
0	14
13	11
0	11
21	14
0	8
0	2
0	8
0	15
0	3
0	16
21	25
7	16
0	17
0	9
23	0
0	0
0	5
0	23
52	21
2	21
0	7
7	31
0	2
0	2
100	59
65	55
14	58
0	0
0	56
8	99
5	20
0	107
7	34
4	34
21	42
21	52
0	7
0	4
0	6
0	5
12	0
24	48
0	48
18	48
6	0
2	0
0	26
0	6
0	0
28	26
2	0
0	0
0	26
50	0
13	10
97	3
24	7
3	12
0	3
0	12
6	0
0	3
20	42
0	41
12	0
21	107
0	67
21	91
0	21
21	0
66	59
0	6
1	5
12	46
15	3
0	59
0	26
0	26
0	25
17	73
6	21
17	51
70	52
0	135
0	26
2	11
18	114
3	4
0	11
0	11
0	135
0	135
17	57
0	2
0	79
0	54
0	26
2	8
1	15
0	0
8	20
11	39
0	39
3	0
32	0
0	83
36	26
0	65
5	83
0	10
1	25
11	25
2	24
3	19
0	16
0	10
47	51
0	53
2	51
1	51
0	67
0	67
1	6
6	4
0	4
0	1
36	54
0	119
0	119
0	30
8	43
0	10
35	7
0	6
0	121
0	121
0	22
0	20
76	5
14	0
50	1
0	4
3	101
4	13
1	11
0	3
0	3
235	92
11	18
26	6
5	5
0	5
0	0
0	44
3	16
0	44
54	17
0	44
40	41
0	20
9	4
0	21
43	32
5	31
10	0
2	0
0	0
0	10
0	6
0	0
0	10
0	4
0	9
14	5
72	10
0	10
0	5
0	5
31	27
13	20
50	0
0	7
0	53
0	50
7	6
10	63
56	63
0	83
0	38
0	65
2	0
0	81
38	41
0	41
1	32
0	26
10	26
0	6
48	40
3	25
0	35
0	30
0	34
0	7
4	7
2	20
0	29
0	7
4	0
0	21
0	26
4	6
0	6
6	7
6	1
3	11
0	24
17	46
0	46
13	15
5	0
0	46
25	97
0	4
54	16
0	41
0	16
0	16
23	8
7	8
3	2
0	69
0	69
7	42
0	18
0	18
60	19
2	1
0	7
0	5
11	20
2	57
10	57
0	0
3	4
8	14
0	10
11	191
8	10
0	192
87	0
0	3
0	3
0	3
0	7
3	12
0	5
0	1
10	39
3	244
60	34
0	10
0	4
0	25
10	30
0	30
0	22
11	0
0	0
1	72
11	72
0	9
4	35
0	35
69	14
0	32
20	0
0	27
0	43
42	45
0	3
0	32
0	32
3	20
0	18
0	18
0	1
0	1
0	1
0	7
20	43
70	43
23	42
0	1
53	1
0	2
59	36
0	365
5	33
0	32
122	29
0	21
32	13
0	13
0	75
16	75
30	9
0	0
0	9
0	9
2	0
311	39
0	39
3	8
0	192
0	192
0	11
36	21
0	2
0	8
2	19
1	8
2	13
0	13
9	5
0	0
0	23
4	23
57	14
1	22
0	5
0	5
1	22
1	12
0	12
5	0
14	6
0	10
0	13
36	64
50	65
18	5
7	4
0	5
0	1
0	1
110	30
46	44
21	132
0	32
3	115
195	75
0	8
0	75
0	19
3	42
9	1
0	30
0	43
48	179
0	36
0	17
0	11
0	12
0	6
0	3
0	8
50	6
19	167
0	167
0	137
0	23
6	11
5	63
130	144
0	140
0	98
483	58
0	14
111	0
0	77
0	78
0	78
0	9
1	110
0	110
0	108
0	105
0	12
0	9
42	38
0	38
2	13
0	68
0	82
35	170
0	23
9	27
0	25
0	8
0	0
0	64
60	17
0	24
6	10
25	13
2	9
32	30
6	5
3	5
0	34
0	34
0	9
2	12
0	16
0	17
4	17
1	14
107	58
220	58
8	4
0	49
0	43
0	18
0	21
0	15
32	15
0	5
0	3
0	5
2	8
0	19
57	57
0	20
0	13
0	27
0	10
0	52
0	12
0	1
0	113
18	75
0	10
0	110
0	8
0	8
5	4
0	7
6	32
0	29
18	100
0	43
0	30
0	30
30	146
26	102
26	53
0	55
0	34
2	37
15	38
0	12
0	14
4	8
76	0
11	9
0	16
13	2
1	2
0	2
1	2
8	2
83	34
0	53
3	22
15	33
0	70
9	82
8	83
42	53
14	16
92	16
0	11
15	5
0	5
0	8
25	61
0	100
0	127
4	67
0	67
23	41
0	41
24	0
19	47
0	4
0	8
0	42
3	0
29	13
0	13
2	7
14	7
0	36
0	44
0	44
0	41
0	51
0	44
46	0
0	1
28	55
0	17
70	1
0	40
1	32
0	93
0	93
0	93
66	93
0	1
0	1
33	1
0	21
0	21
0	4484
28	4484
0	74
0	6
0	6
0	6
0	0
14	45
0	28
2	1
6	126
0	9
84	25
0	4
5	9
0	8
21	19
0	7
0	5
28	12
101	71
37	5
28	0
3	17
0	17
0	15
2	13
34	13
1	4
17	32
120	0
74	0
1	59
9	1
50	75
0	13
0	10
0	70
0	65
0	0
6	11
1	4
15	126
0	111
19	145
44	38
0	75
1	8
31	29
0	3
9	20
0	25
2	25
0	14
3	6
32	28
0	28
0	140
0	140
0	139
0	58
237	45
15	45
0	38
0	16
15	18
0	10
20	14
0	10
0	2
0	0
0	5
6	5
6	6
0	5
1	2
2	1
5	1
13	24
13	17
2	17
12	14
0	15
0	18
7	6
0	0
34	6
268	0
71	43
110	148
92	51
14	58
71	99
0	53
5	9
2	4
0	21
1	8
4	2
0	2
0	2
1	140
7	56
0	176
60	64
13	2
2	4
53	18
0	13
0	148
0	9
14	6
20	8
71	43
0	22
0	11
0	18
15	138
123	90
26	71
0	131
0	4
0	7
3	2
0	5
2	7
0	5
12	69
0	73
0	73
0	87
0	87
0	69
0	69
4	9
0	5
0	11
0	15
0	21
2	22
15	22
0	22
6	11
3	0
0	11
0	91
0	91
0	31
0	13
15	24
0	32
44	40
17	4
0	0
5	101
115	115
6	115
77	2
13	94
0	20
0	22
0	22
0	85
0	94
0	5
67	5
76	62
92	61
0	56
0	48
0	65
0	271
0	187
0	220
0	245
20	224
0	230
0	334
0	9
144	2
0	79
12	59
41	23
0	337
0	237
0	334
19	88
17	88
4	8
95	16
0	16
0	2
34	0
92	75
0	40
76	63
2	20
0	13
0	28
0	23
28	26
24	27
59	0
0	10
0	49
0	38
0	37
0	39
0	49
0	49
0	25
0	46
0	49
0	2
0	2
0	3
0	12
0	11
1	10
1	6
0	2
0	2
8	47
0	46
0	6
0	2
0	5
13	41
0	75
10	75
0	15
11	28
0	7
40	18
4	0
15	44
15	33
7	119
42	122
15	76
0	35
0	18
0	18
2	33
31	16
0	16
159	36
0	10
0	10
0	7
0	25
11	13
11	40
65	40
0	0
5	9
5	24
34	91
0	8
0	6
12	4
0	25
0	1
0	1
5	1
0	0
3	82
145	202
0	20
0	47
0	16
0	5
28	11
358	58
6	12
5	12
112	38
0	11
0	0
27	33
42	49
0	49
2	3
20	93
0	93
3	5
2	43
34	41
63	29
0	53
0	30
13	15
29	20
5	2
0	2
1	1
0	4
0	2
24	9
0	13
0	5
3	1
0	1
0	0
5	4
15	0
34	89
0	92
0	99
0	99
72	92
0	0
3	5
0	0
0	1
4	5
0	76
0	76
46	85
28	21
12	13
4	7
0	13
0	84
31	84
25	57
0	40
66	267
0	39
7	27
0	8
1	2
11	0
0	2
70	17
19	9
0	1
4	2
6	0
0	1
0	136
4	52
0	74
3	136
31	0
46	18
0	18
0	3
1	11
0	10
0	7
1	101
0	101
0	101
0	100
0	52
49	16
29	45
0	45
14	0
0	1
0	44
22	167
20	65
3	3
8	0
0	6
52	0
0	19
0	19
8	3
0	90
0	98
0	19
0	15
0	19
11	15
0	11
0	98
4	25
0	25
0	30
33	14
21	67
1	16
21	11
0	8
11	8
0	6
5	1
6	1
80	19
0	27
0	22
33	87
0	49
0	16
34	11
0	4
0	0
36	8
0	0
3	0
0	17
0	11
0	7
69	32
25	6
111	17
0	5
0	10
110	202
2	47
60	56
2	159
0	21
17	21
159	189
23	178
8	99
0	19
102	5
58	240
0	261
0	9
0	62
0	33
57	470
0	10
2	0
38	11
35	13
0	13
140	57
0	5
0	31
1	21
0	6
0	4
0	9
0	8
10	3
21	9
3	23
45	9
0	87
101	188
5	87
0	6
0	0
0	13
45	0
19	166
10	111
0	18
2	7
4	19
121	317
0	5
0	68
18	7
23	10
0	33
0	36
81	2
0	13
5	17
0	36
1	0
4	19
0	19
0	17
0	4
8	7
0	5
46	63
53	41
3	19
0	21
0	7
0	6
0	2
0	6
52	17
0	8
0	9
9	2
39	5
28	2
5	8
0	0
0	8
69	21
0	21
25	5
24	0
31	0
5	2
0	50
0	50
0	50
0	25
9	8
0	0
0	8
9	13
0	0
70	161
0	12
19	29
46	127
57	0
5	1
0	0
0	7
101	65
129	138
33	134
10	39
0	35
166	161
0	2
0	67
65	1
2	4
19	15
0	201
0	121
13	34
0	167
0	202
2	180
13	167
2	177
0	217
23	10
5	217
9	136
0	102
4	0
47	145
9	126
0	126
0	124
0	122
5	55
0	41
31	14
8	5
0	16
126	2
75	55
14	30
0	9
0	26
0	25
27	8
0	24
0	27
0	22
0	4
0	4
0	4
0	16
6	4
99	0
1	4
34	0
90	0
15	2
0	2
27	28
13	9
16	20
3	188
0	188
0	41
0	18
0	12
19	11
0	6
28	11
49	14
0	22
0	30
25	35
0	35
68	18
9	0
0	144
0	100
0	90
31	60
0	54
0	106
4	14
0	11
20	13
0	25
0	77
97	827
0	23
3	11
19	44
0	32
0	81
0	85
4	62
0	62
0	62
0	36
7	43
0	39
6	6
0	6
0	0
1	15
0	10
12	6
16	4
0	4
142	14
6	3
0	11
2	25
7	25
0	19
0	9
0	9
0	0
0	6
0	25
0	25
15	4
17	48
0	49
1	34
0	6
9	0
0	5
0	3
0	0
0	278
123	37
3	27
0	28
80	0
66	82
1	7
12	32
0	82
0	317
44	31
58	75
0	57
0	8
128	0
125	113
0	110
0	32
0	32
4	11
0	242
2	8
0	8
0	4
0	93
3	17
0	17
0	93
0	156
0	118
5	61
17	61
0	15
0	0
0	44
0	38
0	43
12	35
0	41
0	0
8	6
0	6
3	38
0	28
5	13
0	9
1	12
0	12
0	2
0	4
2	4
114	8
6	8
0	284
10	7
0	7
0	7
5	176
0	39
1	35
0	35
0	19
10	38
13	22
4	28
0	23
38	114
12	372
0	227
178	102
0	37
0	65
0	64
24	39
14	14
24	23
0	23
0	14
2	1
0	7
2	0
0	14
2	14
0	14
5	11
11	6
3	1
50	2
0	2
92	0
14	26
0	26
0	26
0	26
15	26
3	24
27	5
60	84
0	9
12	84
4	4
10	25
63	32
0	28
21	31
2	27
5	23
109	22
2	5
0	13
0	4
11	35
0	11
2	32
63	20
0	20
40	76
27	47
23	4
13	3
4	1
0	1
0	47
0	22
0	0
4	0
0	3
0	3
1	7
0	17
0	22
11	33
0	33
8	126
0	126
0	20
5	0
41	0
0	28
9	24
4	18
0	4
18	13
0	12
3	2
1	1
0	278
3	17
0	17
0	4
0	1
0	2
14	17
0	17
0	17
6	17
0	19
0	17
0	2
0	2
0	1
0	1
19	1
0	1
0	0
0	1
8	8
0	0
0	6
4	6
0	6
0	5
0	5
60	0
117	19
0	24
0	28
0	26
0	4
2	48
13	64
5	9
0	45
0	55
0	6
0	39
1	9
0	1
0	40
0	40
3	22
0	5
32	25
130	57
2	49
0	9
70	27
0	27
36	32
0	30
0	8
0	32
0	19
0	8
0	8
0	14
0	18
102	0
0	9
0	9
0	9
0	1
2	0
0	2
4	2
1	2
0	63
0	55
17	132
39	76
0	4
0	25
0	9
137	62
7	52
105	0
40	35
0	30
0	21
5	110
6	30
0	110
0	80
27	66
1	66
6	53
1	54
0	42
0	20
0	11
5	106
0	90
0	25
0	12
26	10
0	9
0	31
25	16
0	31
0	31
7	24
5	24
0	24
0	24
0	24
0	15
2	0
6	68
47	68
0	4
0	22
6	22
0	4
0	28
91	18
8	11
0	8
1	0
0	7
230	0
60	123
12	56
0	56
4	12
0	23
0	40
28	23
0	39
0	5
0	6
0	18
96	0
12	0
44	59
4	2
3	10
0	10
0	523
0	4
11	4
0	523
1	5
13	19
0	17
8	14
17	7
0	2
4	5
28	14
0	1
2	1
0	2
4	2
0	3
0	14
0	5
0	0
0	2
8	3
0	15
0	13
0	0
0	11
149	66
4	66
45	39
0	30
7	6
0	2
67	3
0	3
1	38
209	245
4	0
2	26
4	5
0	0
94	28
0	27
46	25
0	22
34	65
7	15
58	15
0	6
31	16
0	33
0	33
0	17
26	0
0	33
29	33
14	172
0	36
0	44
0	28
0	28
0	41
0	59
0	57
17	32
0	67
0	56
0	134
0	7
1	5
0	33
6	4
46	15
8	11
0	10
5	10
0	1
7	28
2	27
145	18
179	59
0	46
0	13
2	1
28	18
4	7
31	0
7	0
1	17
125	17
0	3
0	3
84	90
40	0
40	6
0	9
0	3
0	2
0	3
18	0
0	9
0	9
108	98
5	98
6	120
5	25
7	120
30	7
0	175
0	171
0	175
11	11
3	5
0	11
0	11
0	11
0	4
0	6
0	6
0	2
1	2
0	2
0	2
0	2
0	55
0	0
11	36
13	39
16	39
43	35
7	57
47	13
8	13
0	13
3	9
0	8
7	4
65	28
0	24
40	12
0	10
10	5
54	15
5	9
5	13
0	7
0	11
87	115
0	20
5	2
20	118
11	2
1	5
4	20
37	147
21	11
10	4
0	59
4	39
80	38
46	12
30	38
12	34
0	32
0	11
60	21
16	30
0	36
5	11
2	0
91	25
0	21
0	82
0	82
35	23
0	7
3	2
0	4
50	3
2	38
29	61
0	10
0	50
5	5
0	5
8	15
22	27
294	7
0	7
20	7
1	103
0	110
0	39
131	18
7	15
0	15
4	55
0	55
0	58
0	58
0	58
7	58
0	58
3	9
22	12
57	88
52	0
1	14
0	14
0	61
0	61
3	12
268	7
0	7
10	62
2	0
16	62
44	90
11	62
144	70
38	27
0	8
0	114
2	37
0	29
13	5
9	0
2	0
101	268
21	15
0	15
0	1
0	0
39	15
0	7
0	2
0	8
5	8
21	21
2	21
2	4
0	91
50	192
0	5
1	0
12	7
20	17
0	8
0	13
0	2
1	11
18	0
0	41
6	21
0	30
0	7
0	7
0	54
0	0
5	30
15	57
6	65
0	65
80	5
0	100
9	100
63	100
0	83
13	135
0	55
5	14
0	8
23	15
30	11
121	41
0	0
22	3
0	3
49	21
59	29
5	16
0	4
76	24
27	37
2155	4758
0	3
0	28
45	64
43	20
0	9
0	23
31	25
0	36
0	35
0	35
0	35
0	12
0	15
9	8
6	10
0	10
28	0
0	1
0	17
34	156
0	12
0	160
0	24
2	14
0	8
0	4
0	1
0	6
0	1
0	6
15	6
0	5
8	38
0	6
0	118
0	92
1	106
8	15
8	0
4	4
0	4
41	45
0	36
0	29
0	16
0	57
0	57
0	43
2	31
0	5
0	5
0	16
10	5
6	14
5	155
0	585
0	583
0	585
0	585
0	583
67	0
73	0
13	81
5	81
1	60
0	60
13	43
0	27
0	0
0	1
7	7
0	1
0	2
2	1
49	12
6	12
6	0
98	14
7	3
8	231
0	76
13	73
3	60
9	4
1	12
21	11
26	8
0	18
0	13
0	18
0	24
5	35
1	10
0	0
2	0
0	43
0	54
93	0
23	6
157	0
16	18
0	18
0	0
0	12
0	0
0	83
0	78
26	151
0	80
0	26
2	26
2	17
6	6
4	4
1	8
1	27
2	35
8	23
4	1
12	3
0	3
0	5
78	0
222	29
0	11
28	24
13	0
0	9
20	12
2	0
0	0
0	0
0	9
7	2
0	2
7	0
0	46
0	46
0	46
2	46
0	18
0	8
0	8
0	17
0	12
40	8
7	14
0	46
0	60
0	15
0	15
0	11
31	0
0	65
141	45
0	65
144	11
32	11
9	0
7	5
0	1
0	1
0	1
0	4
24	168
0	0
0	168
21	8
22	6
0	6
37	18
0	18
0	6
0	18
475	166
0	37
57	12
0	34
0	12
0	35
13	184
0	207
0	124
0	128
0	55
11	2
2	8
3	5
10	5
0	20
28	32
0	5
0	3
0	33
0	30
0	97
0	100
0	100
0	99
0	61
0	90
0	90
0	90
0	90
0	7
0	7
0	6
88	2
4	1
23	73
27	62
0	28
0	100
8	118
0	10
0	0
1	10
0	24
0	17
71	173
0	90
23	159
23	141
20	0
0	10
0	14
0	76
40	48
0	76
0	65
0	49
0	39
0	56
18	61
0	7
0	31
0	15
165	64
3	10
0	12
28	39
0	76
54	33
31	16
0	73
0	49
0	135
0	135
3	102
0	100
0	112
0	61
3	119
1	78
0	36
8	47
0	6
0	22
0	9
0	14
0	17
0	12
0	7
0	3
0	10
5	0
4	6
0	12
5	10
27	46
0	45
58	22
3	42
0	11
0	17
0	20
0	12
3	9
0	3
0	3
0	3
104	37
60	72
0	10
0	6
10	2
0	8
0	12
0	2
0	2
0	9
4	0
2	0
8	3
0	7
8	7
7	23
4	45
0	17
0	7
15	37
0	324
0	267
0	281
0	237
0	251
0	310
0	28
44	64
0	159
14	155
37	61
0	9
0	23
0	14
0	5
1	12
0	8
0	5
0	15
0	5
7	10
14	43
0	14
0	8
2	17
0	13
10	21
0	21
10	7
0	8
0	10
0	6
4	5
0	5
6	5
3	0
47	98
0	128
0	61
17	65
6	137
8	93
0	25
0	93
68	43
19	43
4	18
67	119
0	119
0	6
13	6
15	49
37	19
0	46
0	42
3	1
0	0
0	10
38	5
113	41
0	10
2	18
0	0
0	4
0	4
0	0
0	0
0	0
0	4
0	4
23	45
64	82
0	1
0	7
0	3
0	6
51	9
0	9
19	0
1	64
0	64
0	58
0	52
0	0
1	5
0	23
0	34
0	25
0	21
9	63
5	30
45	56
11	14
0	24
0	0
21	0
0	184
19	6
0	51
0	184
17	180
28	10
4	0
20	0
2	24
0	17
10	184
100	40
0	35
0	16
403	113
0	24
0	9
3	4
0	75
0	20
0	7
141	34
1	34
78	115
0	24
0	29
0	18
0	3
10	47
0	42
25	0
1	5
0	53
0	53
0	53
0	53
52	20
61	0
33	34
5	34
0	75
68	75
11	30
11	5
18	8
0	10
0	9
1	8
0	15
17	18
113	10
0	2
1	5
0	10
0	40
0	58
0	36
0	31
14	31
168	228
0	23
0	13
9	0
0	8
0	3
0	18
0	4
0	12
0	4
10	381
0	383
0	383
18	0
0	2
4	22
0	22
0	18
0	16
18	133
54	35
0	5
14	124
16	69
0	1
115	33
0	0
12	0
6	31
76	113
0	39
0	13
0	13
4	18
11	10
0	10
0	44
5	26
0	3
46	54
4	27
39	27
0	140
14	30
0	28
2	29
271	7
10	7
7	0
21	14
0	0
0	0
0	14
0	0
0	0
58	15
1	15
2	12
100	50
25	118
0	93
0	82
0	11
5	24
0	12
98	430
128	2
0	2
18	315
0	304
0	0
6	11
0	0
0	0
0	6
0	0
3	6
2	80
13	30
0	30
3	23
10	50
0	389
0	389
0	382
0	382
0	107
0	49
0	152
0	151
0	152
96	297
0	9
0	36
6	36
0	28
0	34
7	35
0	8
37	76
0	75
65	3
30	0
0	0
190	47
0	44
0	37
9	34
0	34
0	34
0	13
0	13
2	5
0	8
6	8
0	13
6	204
23	240
0	114
14	59
0	55
0	4
0	1
0	0
31	213
1	5
25	5
4	58
6	29
0	24
7	13
22	11
128	28
0	11
0	23
37	30
0	30
14	63
148	63
27	0
11	17
54	3
14	7
8	0
0	0
31	2
0	6
0	17
0	17
0	0
0	10
0	10
0	10
1	10
5	15
0	13
2	31
24	29
0	9
0	9
0	6
4	2
0	1
9	243
0	75
0	75
0	75
0	76
12	48
0	42
18	0
50	4
0	13
18	0
4	2
15	0
0	11
0	265
6	273
0	273
0	273
0	265
6	0
4	0
24	95
0	72
0	126
0	12
3	54
0	47
0	0
0	3
0	2
0	3
48	22
0	81
0	69
3	38
0	14
11	32
22	21
0	9
79	253
6	19
0	5
110	341
0	53
0	23
0	34
22	37
0	37
0	30
11	2
0	24
0	24
0	24
31	122
0	99
6	62
0	53
1	62
0	57
0	57
2	0
0	0
0	0
0	0
0	0
0	0
45	97
25	0
4	0
4	34
0	23
13	18
15	16
0	5
0	5
2	7
78	11
33	8
0	4
0	4
0	4
80	5
0	5
1	0
0	213
5	213
0	191
1	213
49	13
2	6
11	1
0	6
0	6
31	56
3	0
0	101
22	12
5	12
0	2
0	4
0	0
30	300
0	5
0	55
78	152
0	12
0	12
0	10
12	127
0	11
0	12
0	3
5	0
0	3
0	3
0	119
1	59
12	14
0	44
0	44
0	7
38	7
0	4
0	0
20	0
0	7
100	35
2	15
275	521
10	7
1	12
42	56
0	51
0	11
0	6
0	13
0	176
0	237
1	246
0	11
0	286
0	286
57	44
143	97
0	52
5	20
0	21
0	20
0	63
42	5
0	5
20	1
0	24
0	12
60	0
8	86
0	27
0	27
12	89
0	74
92	90
4	70
8	70
0	52
0	35
0	7
43	31
21	0
0	6
0	2
0	1
3	4
0	1
2	1
4	0
0	25
0	17
0	86
10	1
0	77
0	20
4	20
0	20
0	20
0	17
0	0
6	3
0	3
0	3
0	3
0	3
0	0
1	0
0	0
0	8
0	1
5	0
0	8
0	20
0	7
0	61
0	61
4	192
0	192
65	36
28	29
144	99
0	112
1	0
8	2
71	22
5	20
0	52
0	37
0	0
0	0
0	25
7	2
19	0
15	3
0	19
5	21
0	52
0	52
0	52
0	9
5	6
36	7
0	85
0	78
2	82
0	36
0	23
0	7
0	9
0	63
0	57
2	54
0	53
2	47
0	34
1	28
37	9
0	9
0	115
0	136
0	105
0	1
0	135
14	0
15	75
15	3
21	0
3	0
0	101
0	20
10	0
5	18
0	16
0	8
53	79
9	79
0	35
0	13
0	17
1	8
4	4
14	189
0	28
5	12
0	4
0	161
0	88
0	88
1	88
5	56
3	62
28	6
15	27
3	3
69	6
9	5
0	6
29	54
0	52
24	0
1	111
83	11
0	103
0	8
53	36
4	20
3	14
11	3
0	20
0	18
4	16
8	2
194	19
38	11
51	11
7	2
49	3
39	18
0	7
0	7
7	117
0	117
0	16
26	37
6	6
1	6
21	0
17	17
12	37
0	12
0	33
0	4
0	101
1	66
0	71
0	101
39	0
0	9
17	1
25	25
5	14
0	20
41	3
0	0
2	0
0	0
11	49
0	57
0	57
0	54
1	49
1	49
0	49
11	49
1	50
0	50
3	49
0	14
0	14
0	3
5	17
0	22
0	9
0	19
20	44
1	35
52	51
0	21
91	112
0	67
0	13
10	32
31	5
0	8
0	8
0	8
0	8
0	8
0	8
0	9
0	9
0	8
0	9
0	8
0	8
0	5
0	5
6	0
122	5
4	4
10	24
0	23
19	21
3	39
18	90
0	0
0	69
20	69
1	0
34	12
0	1
0	11
9	0
0	0
0	9
1	20
0	16
9	5
0	12
0	59
104	56
35	17
6	3
0	10
0	10
0	138
0	138
0	138
0	19
5	16
14	20
0	17
0	24
85	131
0	6
0	32
0	32
0	13
0	13
11	28
3	156
13	170
0	125
0	38
0	100
0	121
0	70
13	0
58	41
0	33
0	59
0	87
1	87
0	12
0	26
5	0
1	0
1	4
0	256
0	252
0	256
0	252
0	256
0	252
0	256
0	252
24	5
21	0
1	5
26	44
0	44
7	45
0	22
0	60
36	0
0	8
2	8
3	3
14	57
15	57
0	18
0	56
0	32
0	4
0	0
14	13
151	11
0	10
48	24
0	8
0	21
0	5
9	1
0	9
2	0
27	0
22	87
4	89
13	29
0	25
10	26
0	9
89	18
0	22
7	15
1	15
46	114
0	11
45	39
0	39
2	34
5	20
37	0
0	0
1	0
5	0
63	26
0	7
0	26
0	6
12	6
2	0
152	1
0	1
4	0
7	0
10	0
0	0
13	8
2	59
0	59
0	52
0	11
0	4
13	3
0	4
0	41
1	8
8	7
1	7
44	0
7	75
0	62
31	35
0	50
4	20
0	36
11	32
6	2
0	17
4	20
9	75
18	61
0	45
8	36
0	2
0	34
16	5
7	17
0	9
2	19
56	3
0	12
0	18
8	11
0	0
0	13
0	128
0	128
0	128
0	128
28	48
0	48
68	4
0	27
0	50
0	31
0	19
479	45
14	5
0	5
54	16
34	0
9	58
15	60
0	19
4	8
0	15
0	6
0	0
0	8
102	28
33	1
3	1
0	2
6	2
0	141
0	133
129	74
0	123
56	4
1	4
53	28
0	5
0	13
7	0
0	0
13	18
0	6
0	2
2	14
1	0
6	9
2	18
2	2
361	32
20	69
0	29
8	80
12	80
3	37
0	0
828	759
327	64
0	96
0	30
16	1
7	1
2	1
65	132
0	0
18	108
0	93
0	51
48	0
6	53
0	46
0	26
55	147
35	137
0	7
36	20
0	31
0	98
0	98
25	19
1	1
1	16
0	9
14	15
0	85
5	97
26	0
32	94
0	100
0	15
22	100
0	5
0	15
0	16
1	2
0	9
0	6
5	6
23	16
0	16
30	28
0	15
0	11
2	11
0	15
0	15
0	60
22	62
0	11
2	10
13	71
0	9
0	15
11	21
0	4
0	9
0	0
0	57
0	10
20	7
0	7
57	4
0	4
0	11
11	12
0	4
0	3
5	38
2	38
0	17
14	10
0	6
20	50
53	18
7	1
0	2
0	6
28	6
45	16
0	16
0	29
0	29
3	29
0	25
0	29
26	14
4	27
0	21
11	2
37	80
16	52
9	13
0	49
0	5
24	17
36	52
6	18
0	107
4	180
0	48
0	69
111	112
0	114
0	114
41	24
54	58
65	93
24	50
0	50
0	27
0	0
3	3
102	178
0	178
0	49
37	107
0	107
0	18
0	19
0	7
8	4
0	6
0	27
8	40
9	89
301	0
59	0
68	11
0	11
74	25
0	25
9	0
0	0
5	0
7	0
0	6
0	8
0	0
0	9
0	13
0	13
66	19
1	0
0	12
0	9
104	52
26	6
4	27
0	27
0	9
0	8
0	13
0	12
0	12
0	86
0	27
0	88
7	0
15	2
5	0
2	101
1	39
10	38
29	38
9	16
4	18
12	18
0	18
5	2
0	9
0	9
0	9
0	9
2	14
23	26
0	9
0	14
0	13
0	13
0	5
4	0
0	9
18	57
0	42
0	31
10	42
34	38
0	50
0	8
9	44
0	97
61	117
0	60
21	34
79	202
0	202
116	116
0	6
1	4
24	18
0	18
0	13
0	14
1	14
0	9
2	0
2	0
0	124
0	126
0	132
15	132
0	84
0	27
16	7
11	0
16	34
0	34
0	20
0	19
51	8
0	12
1	1
0	26
0	2
0	1
0	2
2	4
70	1
1	0
3	0
1	33
0	2
0	0
29	11
1	3
0	3
5	35
4	35
5	7
16	22
7	18
0	33
39	15
0	2
4	13
2	0
19	11
6	28
21	28
10	14
0	2
0	2
0	2
2	32
0	69
3	94
5	86
0	91
0	9
0	9
0	32
2	42
1	15
8	15
0	11
0	9
22	1
10	15
21	147
0	45
14	45
10	16
0	134
4	121
7	18
19	32
2	22
7	7
4	5
0	7
52	11
5	9
13	9
6	132
0	132
0	132
22	1
0	1
0	54
13	83
68	65
0	0
0	0
7	0
0	5
0	4
0	44
0	49
5	38
0	7
4	9
0	7
0	4
0	10
1	6
0	2
0	0
5	2
2	4
0	2
4	2
20	8
0	0
207	143
0	21
0	105
0	110
0	94
0	125
0	26
8	8
0	10
4	33
4	11
12	10
0	105
109	45
0	1758
6	2177
0	447
0	201
0	18
0	18
0	18
0	18
0	35
0	1
0	3
0	0
0	8
0	0
0	4
0	50
6	20
142	231
29	16
21	40
0	39
16	34
1	2100
0	2128
0	0
36	24
0	24
69	140
2	40
3	1
37	54
2	54
0	47
4	0
3	44
0	37
4	9
0	48
0	10
0	0
4	28
0	12
0	48
2	50
0	50
0	40
1	1
26	51
5	4
2	15
3	9
0	26
5	18
3	66
0	66
56	5
0	5
0	5
0	5
0	6
0	7
18	3
0	5
225	72
1	72
24	21
4	0
0	78
5	78
0	33
0	74
0	99
0	9
0	99
0	48
0	7
0	47
0	99
0	49
0	0
0	0
0	1
0	42
4	3
0	4
119	103
5	37
0	10
0	3
34	2
15	22
12	16
50	15
31	37
3	30
0	53
0	6
16	81
30	81
6	17
6	8
107	18
69	65
3	65
28	4
0	4
0	4
8	2
17	2
19	77
7	42
0	86
0	86
0	29
7	15
47	56
5	61
56	247
0	61
0	7
9	3
7	0
0	0
13	5
69	76
0	66
22	55
33	0
20	5
6	5
0	26
0	37
0	28
0	13
0	11
0	15
17	42
0	15
0	17
1	20
24	35
0	39
81	179
5	3
60	24
76	180
16	24
29	11
109	13
0	15
0	115
0	88
0	59
101	30
53	9
47	35
14	53
11	2
0	2
0	0
0	2
0	0
4	0
2	0
0	2
56	2
1	278
0	16
117	21
1	16
36	21
12	21
19	0
57	63
0	52
0	52
24	38
2	38
12	0
31	2
0	1
1	0
5	7
0	7
38	72
3	23
26	24
0	7
0	21
18	14
0	5
0	1
0	5
20	18
0	1
0	16
8	3
11	3
6	315
1	35
0	35
17	51
0	36
0	35
2	10
17	25
0	8
8	0
0	5
0	13
0	3
0	33
32	2
0	18
2	17
0	9
115	0
21	22
0	13
2	20
2	106
0	19
0	43
0	12
1	5
9	6
41	212
80	255
0	46
2	42
0	50
3	33
0	48
0	8
0	11
0	4
8	3
0	12
11	12
29	16
69	225
14	67
0	71
0	58
0	155
10	28
0	19
2	5
0	11
39	93
0	19
14	72
0	83
5	67
0	1
74	49
19	17
66	4
0	46
16	0
35	95
0	95
29	61
7	65
27	78
0	65
0	78
18	26
8	0
1	23
3	11
5	2
0	23
18	204
4	9
0	8
1	1
3	1
3	5
0	12
1	0
2	7
4	349
23	39
0	35
0	104
2	104
48	12
0	9
7	9
19	59
0	66
0	54
0	4
3	18
0	7
14	10
0	13
92	0
16	29
7	27
1	16
0	244
25	205
0	18
0	18
0	18
0	18
0	18
0	9
24	3
0	0
0	1
0	1
0	3
0	0
0	1
0	1
0	0
0	2
0	1
37	0
0	20
0	19
6	0
0	4
0	20
21	28
6	28
0	3
100	17
0	3
0	3
0	12
0	3
2	232
0	35
0	35
1	14
0	35
0	16
119	16
115	63
1	13
7	56
24	13
0	1
0	0
4	240
20	31
0	7
0	4
3	7
0	23
37	2
0	0
0	45
11	3
10	101
0	23
8	45
3	129
0	55
0	50
0	25
0	25
0	18
0	2
0	0
8	29
0	32
3	23
0	0
0	2
5	53
0	33
8	33
0	32
0	26
8	114
0	31
0	16
0	15
1	16
14	51
8	114
0	17
0	17
14	9
1	0
13	0
6	8
1	8
0	27
0	37
0	30
0	23
0	16
0	26
0	37
84	51
0	51
0	7
0	2
2	0
0	0
0	7
27	3
0	3
0	38
0	39
0	26
6	10
0	4
25	0
119	122
0	116
0	57
2	0
14	6
0	62
19	256
0	254
0	8
5	48
0	2
69	4
1	75
0	75
1	33
16	14
5	0
19	64
0	23
6	23
0	20
0	18
0	20
10	2
0	6
6	0
0	1
51	10
1	10
6	9
5	3
16	8
0	2
2	12
0	0
0	2
0	2
0	2
3	2
0	6
25	2
3	39
0	37
2	39
0	0
28	120
0	108
16	38
86	169
11	0
4	54
0	57
14	10
0	10
0	3
0	7
0	6
0	54
0	58
0	38
0	14
0	38
0	34
0	60
0	47
65	36
0	60
4	24
3	7
0	12
0	7
0	4
0	11
1	37
0	37
0	0
11	3
0	37
35	88
0	67
0	10
3	69
0	11
4	20
32	28
0	6
0	4
63	2
0	31
11	31
43	4
0	4
0	15
0	0
0	0
0	0
0	0
0	0
0	4
37	16
0	15
1	46
0	18
4	34
0	32
0	53
222	219
0	137
0	137
0	137
0	14
0	111
0	111
0	141
0	5
15	102
12	2
0	12
0	11
0	13
0	80
0	0
0	5
0	80
6	13
137	36
86	43
78	15
0	41
12	4
13	97
12	41
35	88
40	47
0	69
0	68
0	68
0	68
0	23
0	18
9	113
0	60
0	59
2	37
38	72
0	65
15	15
75	28
88	24
9	18
31	13
40	8
2	0
18	14
3	4
4	53
5	5
26	61
0	1
0	3
0	48
0	36
0	36
32	0
9	154
0	17
33	39
4	25
0	13
0	5
2	5
0	5
0	1
0	12
0	7
0	11
0	10
6	10
9	50
0	25
0	48
0	14
0	17
4	5
0	27
38	0
5	30
2	26
0	20
0	18
0	4
0	18
0	57
0	62
0	84
0	83
0	16
8	2
3	48
30	21
0	53
0	52
22	26
26	35
0	50
18	11
0	12
25	20
18	0
51	15
0	8
47	92
4	8
9	6
5	4
0	25
0	25
0	2
47	0
0	255
0	255
0	20
2	15
0	29
22	13
16	22
0	5
0	5
43	0
0	0
34	0
16	47
0	18
0	22
2	4
0	36
8	0
4	0
0	24
4	24
0	22
0	24
0	13
0	13
0	11
7	8
24	0
29	11
8	19
25	25
48	12
1	1
0	2
2	6
0	14
0	33
0	33
39	11
0	7
0	14
3	9
42	69
7	18
0	11
0	12
0	82
0	145
0	118
0	96
5	93
0	101
6	22
5	23
0	19
0	40
0	7
52	43
8	23
98	48
0	33
1	5
1	5
2	0
79	18
0	5
3	2
17	42
0	114
10	115
1	109
0	37
4	9
0	18
0	19
0	18
0	17
10	30
121	18
0	64
0	37
15	37
0	49
0	49
0	49
0	43
0	43
23	54
10	0
9	74
100	79
0	12
0	57
0	71
0	387
0	387
0	9
25	0
4	5
4	44
0	44
3	8
0	3
0	2
46	152
236	1295
0	0
24	50
5	60
0	17
0	11
0	59
0	59
3	40
3	27
0	9
0	59
176	121
26	10
0	3
9	3
0	7
98	0
9	51
28	92
9	33
0	33
7	18
6	0
24	22
0	15
0	8
0	9
7	0
44	0
0	0
23	30
0	4
11	1
0	27
0	16
0	16
14	5
9	21
0	17
0	1
4	12
1	13
1	6
0	12
0	7
7	6
0	8
203	0
80	252
0	87
112	4
48	232
0	2
0	9
53	7
0	15
0	10
0	10
0	9
24	9
0	8
62	14
3	141
0	170
62	166
0	102
96	0
0	52
7	192
5	213
7	176
3	64
6	28
16	28
3	7
4	2
0	11
0	11
0	12
0	12
0	99
10	102
20	44
239	1
21	1
49	77
76	4
0	4
0	0
53	46
9	31
0	54
0	1
14	2
0	11
101	50
0	30
0	1
8	6
0	4
0	0
11	8
0	41
0	5
0	46
1	0
0	44
0	29
0	55
4	1
0	16
7	20
0	78
16	95
4	50
0	12
0	0
0	11
0	0
0	0
0	1
0	0
5	45
16	10
1	4
53	11
19	11
4	50
19	18
0	18
16	101
33	0
30	19
0	11
0	11
58	116
0	31
0	33
0	33
0	24
0	26
1	11
1	9
38	79
0	68
10	33
8	3
1	23
0	19
0	13
0	10
0	14
0	22
177	18
0	6
0	83
106	125
8	14
0	53
0	10
0	61
0	81
0	59
0	12
5	11
75	42
22	3
0	3
2	0
3	7
41	83
0	77
0	86
0	55
0	49
0	60
0	5
9	15
49	28
0	54
0	47
31	21
0	7
24	3
0	3
127	9
2	0
0	7
0	0
13	5
2	2
2	0
2	0
14	9
8	9
0	20
73	51
45	20
0	9
0	11
47	37
6	36
9	36
0	11
1	4
0	7
0	2
1	0
0	36
30	38
7	26
15	6
0	35
0	6
1	23
0	10
20	10
0	108
0	103
14	183
0	150
0	183
72	139
0	16
0	18
0	36
0	29
3	10
1	13
0	9
0	7
0	18
135	85
0	39
17	32
0	6
0	44
14	0
11	25
7	76
0	76
0	10
0	69
0	0
0	0
2	19
37	34
0	30
0	51
0	51
33	16
0	9
6	3
4	3
4	0
96	30
2	27
9	27
9	209
0	150
31	187
4	4
12	133
19	15
0	4
0	15
0	4
30	71
20	56
0	71
1	40
10	51
0	43
0	11
2	0
20	7
14	24
5	13
52	12
44	13
12	55
0	31
2	4
2	15
0	3
0	39
0	0
36	68
0	35
0	0
29	29
0	5
11	15
2	118
0	118
0	54
96	27
34	11
45	13
36	12
32	11
14	4
0	4
22	43
0	34
0	21
3	2
116	404
0	1
0	37
0	43
0	43
70	107
0	107
0	61
0	12
0	5
0	21
0	16
0	12
0	51
0	56
21	18
0	135
0	5
0	5
0	5
8	13
0	21
2	20
0	19
637	0
106	119
0	6
5	6
0	1
0	118
39	71
0	7
6	13
0	22
23	39
26	8
12	345
0	174
14	3
0	0
0	3
10	0
0	4
0	18
0	4
30	23
5	30
68	110
62	19
2	101
0	10
14	0
0	4
5	11
12	7
6	2
0	3
0	1
0	0
49	2
0	2
0	24
0	0
8	1
2	2
0	2
0	24
52	1
2	1
0	0
0	33
0	25
33	69
0	66
0	6
0	22
24	31
0	31
45	31
0	24
43	43
0	211
0	211
45	24
0	14
0	14
0	21
0	17
0	17
43	1
0	1
0	1
6	1
0	8
0	1
0	7
0	0
16	6
52	32
0	21
6	0
0	0
10	7
0	44
22	44
163	41
13	8
0	8
0	17
0	10
5	5
0	19
13	64
0	69
0	2
9	16
15	5
44	5
0	4
0	96
2	96
0	16
247	87
4	18
2	22
0	1
2	18
62	34
0	0
1	27
0	12
0	12
0	12
0	0
37	66
30	28
0	12
0	23
7	23
2	17
0	7
0	17
0	9
22	56
3	17
17	33
0	38
0	56
1	98
0	22
36	82
0	24
10	0
34	64
0	63
0	50
0	56
0	7
61	7
19	11
1	2
17	1
2	7
0	8
0	147
42	147
45	29
4	44
8	29
3	12
45	61
0	29
9	0
1	0
6	0
37	34
18	21
14	25
0	5
0	32
0	7
0	10
69	0
21	75
0	72
0	29
0	8
0	72
106	18
136	11
21	18
0	7
0	0
0	0
0	17
0	17
30	9
39	9
2	4
74	235
0	114
1	2
10	0
21	5
43	1
0	117
59	129
11	127
53	19
39	0
0	0
0	8
0	3
20	24
0	19
1	8
0	3
7	16
22	75
7	78
1	43
0	57
5	22
1	109
48	62
0	59
5	4
0	19
17	7
48	4
11	4
3	10
0	71
0	10
45	86
0	93
7	6
0	58
2	49
5	2
99	4
6	54
4	57
0	87
0	57
0	44
13	92
0	71
0	36
0	7
0	7
5	4
0	7
7	36
0	28
3	4
7	45
0	10
1	39
0	34
0	1
0	36
22	36
0	26
0	16
12	0
0	35
2	59
0	29
31	95
68	4
8	4
83	3
1	3
7	0
0	50
0	39
0	6
0	48
0	48
0	50
3	1
0	2
0	71
8	1
0	70
1	1
7	1
6	0
38	51
0	18
16	74
22	85
6	2
62	22
0	5
0	14
10	3
8	140
0	26
6	6
0	19
0	51
0	16
0	50
0	31
0	31
0	12
0	26
0	25
0	8
0	6
0	19
0	13
0	23
0	23
0	119
0	14
0	8
0	3
15	47
0	7
0	3
10	122
23	126
0	86
0	1
0	0
78	39
0	21
0	14
4	17
1	32
39	7
0	7
16	0
0	43
0	20
45	3
0	15
0	42
31	96
0	59
42	18
0	35
4	4
0	1
0	1
0	0
0	0
1	42
87	67
30	19
0	30
0	11
0	5
0	17
0	5
0	1
14	17
0	17
2	11
0	18
0	12
7	11
5	2
0	1
11	1
0	28
38	67
0	5
0	38
0	79
0	5
12	9
9	24
9	7
0	79
43	0
0	83
55	91
17	52
15	50
0	0
6	0
0	53
70	0
12	0
2	0
9	22
2	19
0	22
19	40
25	40
0	0
0	7
0	15
2	10
0	9
21	7
56	335
8	11
0	323
0	3
2	89
9	43
0	6
0	8
2	12
0	6
10	16
0	10
0	2
0	76
0	76
6	11
7	11
0	11
14	0
34	29
0	305
1	311
3	2
47	6
75	9
0	34
0	38
9	38
0	38
0	272
0	105
98	280
0	179
0	65
0	2
35	167
0	272
39	4
0	4
4	2
7	2
0	59
0	60
3	63
0	19
0	4
0	0
32	17
0	12
0	5
0	8
0	4
87	80
5	24
8	80
71	97
75	97
0	73
0	35
1	8
0	8
11	8
2	118
0	118
82	0
114	63
6	33
23	24
0	27
30	77
0	24
0	7
0	24
152	18
0	15
3	29
2	4
47	6
11	10
2	5
0	49
0	69
21	95
0	69
0	12
0	7
0	102
0	103
0	8
0	76
8	77
12	47
0	45
141	5
0	0
3	0
0	1
7	1
2	4
130	76
0	76
13	23
0	1
0	18
13	11
0	19
0	8
2	1
0	11
1	11
94	0
8	108
0	93
0	108
28	129
0	55
0	25
1	24
0	4
0	4
12	5
26	0
5	7
0	7
0	4
4	4
0	78
0	78
9	78
0	69
8	69
0	14
0	5
0	13
0	9
97	256
0	38
17	14
8	20
0	1
42	32
0	17
0	18
20	12
0	56
0	48
0	19
0	20
0	50
0	80
0	80
8	5
11	14
0	24
21	25
0	7
4	12
0	9
0	6
121	21
40	15
0	55
0	69
0	71
57	28
0	42
0	0
0	0
0	4
43	6
0	53
11	0
60	19
0	24
0	3
0	4
5	4
0	0
0	18
0	19
0	25
7	17
0	20
0	20
0	1
0	7
0	7
0	7
0	20
0	272
0	115
0	1
8	4
0	84
0	7
0	5
0	5
0	28
0	8
0	272
0	153
6	0
77	53
0	43
0	5
0	7
0	10
0	8
0	63
0	44
0	51
24	42
0	22
5	12
0	3
0	0
97	28
0	5
0	31
0	10
0	5
14	76
0	5
0	5
0	3
0	2
0	1
1	19
43	42
1	0
52	0
1	0
4	0
0	0
1	15
0	0
0	21
2	18
0	12
0	6
10	49
7	49
0	0
3	3
0	3
3	9
0	9
28	11
0	16
6	11
0	11
50	61
0	5
12	0
10	8
0	12
0	18
0	12
0	12
4	6
42	16
9	3
6	2
38	72
0	69
31	70
0	8
0	12
1	1
88	1
0	0
2	0
73	15
0	14
0	11
0	47
8	47
0	17
11	55
0	49
0	60
0	59
7	59
0	58
7	79
0	79
0	4
40	4
0	16
0	14
63	0
54	75
0	71
0	71
6	5
1	2
3	8
0	36
0	36
0	26
33	10
10	10
8	67
0	62
0	47
30	52
8	48
0	2
0	32
0	32
2	0
621	2913
20	24
0	7
0	19
0	19
2	0
5	4
0	11
5	6
0	22
0	22
2	0
0	5
3	0
0	23
0	76
0	37
0	81
0	20
0	18
0	18
0	15
39	4
0	9
0	0
103	34
29	31
0	14
4	10
12	0
36	17
9	17
19	48
52	108
0	53
0	53
11	32
0	19
0	3
0	1
0	0
15	0
0	8
0	2
56	2
5	16
7	16
6	39
0	39
0	39
19	1
0	24
6	4
0	0
0	0
0	0
39	0
36	21
66	2
3	19
0	19
0	17
2	0
0	0
0	0
3	0
1	19
0	0
0	0
25	0
0	0
3	0
12	18
0	18
2	16
12	16
0	14
5	66
21	32
0	37
33	32
0	37
0	33
1	31
0	12
0	17
16	9
0	6
6	2
0	2
0	1
0	1
0	5
0	1
4	4
0	5
60	11
88	0
0	66
91	421
0	21
0	25
0	4
0	4
0	0
1	12
0	5
41	2
30	57
3	57
0	621
0	621
0	16
0	29
6	0
8	28
26	0
0	28
61	146
0	4
228	30
0	0
0	26
0	3
0	3
0	4
0	4
23	63
0	26
12	7
20	0
10	7
36	22
0	22
1	267
3	6
14	0
0	120
66	39
0	151
0	78
0	285
0	315
0	315
0	319
0	10
0	10
0	7
4	52
4	136
0	136
0	103
0	49
3	23
54	8
0	136
0	9
50	68
0	2
3	38
0	1
31	31
0	27
57	16
3	26
0	26
0	18
6	10
0	10
66	0
0	25
71	25
0	44
0	34
0	12
0	12
0	19
0	46
0	17
0	28
7	3
0	27
12	18
0	10
10	5
5	29
0	29
2	16
2	24
8	5
69	12
7	11
5	1
31	2
1	1
66	26
3	19
22	26
11	0
0	19
0	19
1	11
53	12
38	36
1	5
10	0
11	1
0	4
12	1
44	35
0	1
0	6
0	10
0	145
0	141
0	108
2	112
0	101
0	60
0	52
0	57
0	4
0	1
9	1
0	0
12	32
0	33
3	33
16	3
0	7
4	7
0	7
0	54
0	54
0	48
0	47
0	48
78	0
19	110
36	1
0	82
0	9
3	0
11	18
0	14
0	7
8	7
0	6
0	9
0	10
14	40
0	40
0	102
2	102
67	34
13	43
57	64
45	42
7	1
10	8
4	3
7	3
0	75
0	75
0	72
57	0
13	16
4	4
32	12
143	113
0	113
0	5
0	2
0	24
14	65
3	65
3	14
11	20
9	0
2	62
2	41
32	60
0	0
0	21
4	0
2	21
2	0
0	83
7	0
3	3
0	83
17	23
0	20
12	11
18	47
25	74
0	41
7	48
15	114
0	24
0	63
0	58
0	15
0	22
79	30
24	0
0	19
0	22
2	22
10	18
0	3
3	0
66	7
8	0
0	0
6	7
0	34
0	47
0	47
0	43
61	56
0	43
6	9
15	10
14	5
3	11
0	4
0	56
45	42
0	42
91	0
7	1
0	1
27	15
4	4
0	4
0	11
5	11
44	10
0	4
0	2
4	0
0	0
41	61
5	6
0	9
5	4
0	5
0	10
0	28
0	28
0	1
0	2
0	7
0	8
9	0
42	17
0	17
11	12
0	12
0	4
16	4
113	8
0	6
0	2
6	13
1	6
3	19
0	6
0	7
2	0
5	9
0	109
0	117
22	7
37	63
19	0
5	37
0	27
12	13
10	44
1	44
0	41
0	41
0	44
16	120
62	109
6	112
0	20
0	3
1	5
0	86
1	138
21	59
20	64
42	3
21	12
1	12
40	19
33	0
109	187
116	75
0	64
0	0
0	16
3	3
33	3
6	12
0	0
83	36
2	22
0	3
15	29
1	2
21	19
29	12
3	0
6	12
0	12
3	12
0	96
26	101
0	101
0	86
0	86
0	61
23	14
0	5
12	10
64	191
0	4
0	9
2	1
9	5
0	5
1	9
132	11
12	0
0	11
0	10
0	10
0	3
0	52
2	0
0	0
60	9
0	51
106	37
16	8
0	12
0	12
77	12
23	21
2	20
1	6
4	15
0	0
0	3
0	8
0	5
8	6
2	1021
0	1027
0	23
0	18
4	22
0	49
0	49
12	32
1	0
0	5
7	5
271	24
0	2
32	2
5	34
125	34
9	8
0	5
3	3
0	4
0	2
0	2
7	11
44	11
1	17
0	17
90	76
0	76
0	3
0	10
104	45
0	26
32	226
0	132
0	132
14	33
0	40
0	41
10	33
0	5
0	5
0	5
0	8
21	0
0	100
0	39
0	2
0	8
11	3
0	6
7	48
0	45
0	4
65	112
0	33
0	5
53	48
0	8
0	100
39	16
0	35
7	32
12	27
15	27
0	10
129	188
0	26
1	5
0	154
32	11
22	28
72	104
11	3
66	101
12	83
7	83
67	86
15	15
83	294
0	17
9	9
0	14
0	17
0	11
10	195
0	7
0	67
0	77
0	24
37	8
19	3
32	5
0	5
8	2
0	3
42	29
0	5
1	29
33	7
0	7
31	26
8	3
4	9
11	12
2	14
15	0
0	36
0	22
0	20
5	19
0	0
1	2
0	11
9	16
0	117
0	117
74	67
73	75
0	97
0	85
0	16
0	117
0	85
26	0
13	91
0	57
0	91
0	29
0	44
0	117
0	102
18	36
37	52
3	14
62	41
191	12
50	19
0	23
5	1
0	61
61	36
4	64
34	38
1	7
0	64
175	91
83	110
4	93
0	73
32	8
18	7
23	35
17	25
0	18
9	52
0	20
27	90
0	52
8	6
8	4
0	4
3	8
2	8
12	19
0	15
0	2
0	2
0	2
0	11
0	1
0	19
6	0
15	30
17	220
0	21
8	2
3	11
2	3
0	214
2	210
0	117
0	11
39	11
1	0
5	0
0	100
0	97
0	88
0	28
0	87
0	87
0	19
2	0
55	38
143	23
0	13
2	15
4	13
0	20
0	0
3	2
0	14
15	2
0	27
4	20
1	5
0	0
0	0
5	9
12	21
0	131
25	127
0	9
4	13
195	35
0	33
34	19
0	17
15	5
0	45
0	47
0	47
0	16
18	14
1	15
0	10
0	7
0	6
4	39
0	69
0	109
6	87
0	52
0	86
0	15
0	14
0	78
0	75
0	74
0	71
0	70
0	63
7	64
4	79
30	80
34	28
24	30
0	35
0	24
13	9
0	14
70	0
128	22
0	22
6	147
0	80
1	84
0	78
0	68
0	36
0	41
0	41
0	7
0	29
0	29
2	62
5	135
0	179
0	171
0	168
1	10
13	54
0	8
22	18
1	2
76	161
10	16
0	2
8	16
0	24
29	16
0	8
196	4
71	4
43	76
0	59
16	11
3	2
0	8
14	15
62	59
85	21
23	21
0	27
8	27
0	32
122	119
0	29
0	26
7	13
16	169
0	169
0	169
0	16
11	13
0	4
0	15
2	15
0	14
59	25
19	0
27	21
3	19
8	5
11	17
28	17
0	13
0	13
0	15
0	25
7	2
0	13
52	0
25	108
0	100
0	20
0	10
4	42
0	42
0	41
0	44
9	23
0	6
2	3
0	4
0	9
0	5
0	22
0	7
0	10
1	20
16	35
0	35
9	29
0	28
0	21
0	18
0	14
1	14
0	1
2	42
0	40
63	8
0	4
18	17
0	11
61	6
3	21
35	49
4	8
17	10
13	10
18	0
0	131
9	64
0	66
0	131
36	67
0	99
9	5
0	7
0	12
48	21
79	2
159	36
17	42
26	2
1	70
1	8
3	70
0	12
0	17
0	14
1	44
134	31
35	13
3	13
0	54
0	48
24	24
15	21
10	3
0	0
10	5
173	129
1	154
0	66
0	78
0	153
83	87
0	7
73	64
0	64
15	46
21	46
41	1
1	6
1	6
45	64
32	26
6	38
68	16
19	17
11	8
22	64
0	6
0	0
7	0
0	0
0	46
0	46
0	33
0	33
6	78
7	29
2	61
0	56
0	0
0	30
1	9
0	10
0	5
0	12
0	12
4	12
3	1
0	0
0	156
7	181
33	33
0	9
5	86
0	70
0	12
46	22
33	7
0	14
118	27
0	0
10	0
39	0
7	19
7	17
0	19
0	7
0	5
0	5
5	5
0	2
0	2
37	125
0	71
10	67
0	68
0	67
0	35
0	30
0	18
98	18
35	18
44	14
192	69
0	50
5	40
10	29
0	2
0	22
0	69
106	143
0	42
0	22
0	24
78	64
6	18
4	17
2	23
0	20
0	4
10	4
86	93
14	125
0	16
0	8
11	16
0	7
9	1
1	7
2	7
0	10
0	8
0	6
42	45
11	12
0	11
13	33
0	46
0	46
6	44
0	7
52	32
0	14
0	17
33	12
25	191
1	10
31	15
0	59
0	65
14	18
0	14
0	6
0	21
1	3
2	18
0	14
3	0
0	51
7	17
0	76
15	14
40	10
0	13
0	63
0	1
3	63
47	0
12	2
53	0
3	4
0	0
6	0
29	5
0	1
0	1
0	5
0	1
0	1
22	4
0	52
0	66
0	66
11	16
0	16
0	16
0	3
0	3
0	0
53	0
0	13
29	0
26	0
0	29
0	29
0	26
57	47
0	29
37	37
2	0
15	0
9	0
33	24
36	1
0	13
13	13
0	53
0	3
0	3
0	53
0	6
0	15
0	7
0	157
0	122
0	92
8	80
0	123
0	12
1	7
0	7
1	0
74	96
0	292
0	475
24	14
39	15
1	14
83	38
2	0
0	64
3	13
0	16
0	1
0	9
0	4
0	4
0	0
0	7
3	3
4	60
0	60
2	9
64	1
71	6
0	0
0	8
0	8
4	5
0	8
2	0
0	8
0	8
0	8
0	8
0	9
0	8
11	53
0	48
0	53
8	3
2	3
16	7
8	28
17	0
0	25
0	28
0	44
8	44
2	107
4	107
3	6
11	4
0	4
0	3
0	56
23	47
10	20
15	66
0	66
0	64
0	64
0	13
9	50
19	0
1	92
0	104
0	95
0	29
11	60
0	16
0	29
0	25
77	2
66	5
3	5
128	33
0	21
0	17
119	0
0	41
4	41
0	10
0	2
32	12
0	32
0	32
5	32
94	0
136	960
0	1157
0	292
0	9
0	9
0	0
0	2
12	7
1	1
5	4
2	2
184	0
35	50
0	11
0	0
0	11
0	0
71	58
200	191
0	50
0	38
7	21
5	268
0	20
23	19
13	15
66	1665
25	104
0	100
10	1
0	37
37	40
0	6
0	0
53	46
3	38
0	13
11	12
2	10
288	321
0	6
10	6
18	3
52	65
0	223
4	4
0	4
20	1
25	1
5	1
0	30
10	27
3	21
0	15
0	17
0	19
1	19
0	11
4	5
0	19
35	20
0	20
0	9
0	20
4	1
17	1
13	5
0	3
2	0
0	11
0	38
0	38
40	66
5	10
0	62
0	34
0	34
4	187
0	95
0	95
32	95
4	6
0	30
0	18
0	39
7	43
0	4
0	16
0	17
1	3
2	1
1	29
0	0
7	0
0	3
0	0
0	3
2	0
0	1
0	9
4	27
0	0
66	1
5	1
27	49
60	66
192	199
52	36
0	36
0	34
0	10
0	10
0	10
0	5
0	0
126	2
0	18
88	18
5	8
0	42
0	36
35	9
1	1
0	13
0	10
6	6
18	86
42	11
1	3
0	0
12	75
0	5
3	63
0	35
0	8
0	5
0	17
0	17
0	6
85	17
4	4
6	23
4	23
9	26
9	28
0	28
4	23
0	23
41	34
0	30
247	107
9	107
85	36
46	71
0	71
0	6
0	2
0	2
0	2
1	1
48	12
0	6
111	23
12	16
216	1859
39	71
0	46
38	12
0	108
25	108
0	117
0	41
0	26
0	5
2	5
2	13
0	68
0	64
0	64
2	11
0	20
0	0
0	0
0	2
52	9
1	4
43	15
8	0
3	3
62	13
14	13
19	60
41	108
0	3
0	21
0	3
8	21
0	0
5	3
0	3
0	27
119	30
0	25
2	5
0	87
0	87
11	32
0	11
0	29
0	32
0	14
272	102
55	98
7	31
3	31
24	20
62	49
1	0
2	42
2	35
2	14
25	7
4	50
0	121
0	27
0	44
3	136
0	54
13	113
0	21
0	144
95	142
0	49
4	15
0	157
4	23
0	23
13	0
6	0
69	37
11	37
7	52
0	39
0	52
0	0
0	13
0	0
6	0
0	43
0	43
0	31
6	31
0	5
9	50
0	52
0	28
2	1
18	51
0	5
0	11
6	54
2	54
4	6
0	11
19	28
20	11
0	7
5	88
74	60
0	113
4	0
0	6
184	8
3	8
0	0
2	0
24	45
0	45
164	53
0	44
0	44
0	34
0	21
0	21
1	30
0	20
0	15
0	20
14	10
2	10
0	13
0	22
17	22
0	8
0	5
0	14
7	5
67	0
6	34
0	34
29	20
0	20
0	402
0	405
58	409
0	405
0	18
10	143
134	158
5	64
0	64
9	0
34	29
0	21
138	41
0	20
4	41
29	38
11	19
0	23
0	0
0	0
2	0
0	9
0	0
0	7
0	7
0	26
0	26
129	101
0	83
0	97
1	16
0	16
77	14
20	9
20	0
0	8
8	5
0	5
0	85
10	85
0	50
15	33
4	1
0	17
23	3
0	3
11	3
8	0
0	12
0	73
1	10
0	26
0	26
0	26
0	20
0	25
0	26
0	19
0	25
0	19
0	20
0	26
0	20
0	20
0	20
0	20
0	19
0	20
0	25
0	26
237	1402
59	0
2	29
3	34
0	31
0	289
0	286
0	289
0	30
0	170
0	170
0	170
42	68
0	68
0	0
1	18
0	0
0	2
0	2
0	2
3	0
5	27
22	22
0	43
0	27
0	27
0	32
0	32
296	192
4	12
0	58
1	7
0	63
0	5
0	2
8	23
7	303
0	303
0	77
13	0
3	7
1	19
0	199
7	36
20	59
0	33
0	5
0	6
0	6
14	6
76	23
4	2
4	21
2	0
5	20
0	4
5	78
0	73
0	77
0	64
0	57
0	15
0	62
0	7
0	73
6	41
4	41
6	4
0	20
38	0
176	41
0	36
0	14
0	22
156	2
11	1
10	0
20	5
10	17
156	11
47	17
1	0
0	38
0	38
11	0
0	16
0	16
0	16
0	15
0	15
3	9
0	34
0	35
0	35
20	45
43	34
0	3
0	0
5	2
5	2
0	10
17	0
15	7
121	53
0	51
2	258
0	177
0	177
0	240
0	240
195	0
0	27
7	28
0	25
0	5
0	0
0	0
6	0
0	14
0	14
0	28
0	1
0	8
67	137
0	58
0	58
7	76
33	76
0	62
7	75
0	66
2	5
140	14
42	32
1	7
0	228
0	228
0	230
0	230
0	212
28	82
9	221
42	3
4	6
10	3
39	23
0	18
2	283
0	74
15	6
2	10
11	80
0	80
0	4
25	7
2	0
0	5
2	10
1	0
5	85
0	21
2	85
0	19
7	3
23	0
29	39
7	47
0	45
0	27
0	24
0	9
0	13
0	11
0	11
0	11
0	0
7	11
0	5
1	9
1	0
0	38
0	0
0	313
0	313
0	304
1	304
8	37
118	81
0	9
0	4
1	40
72	31
0	31
0	22
89	18
19	24
7	35
67	3
0	3
157	35
9	35
0	0
0	3
0	3
3	2
13	5
0	5
0	0
4	35
32	161
0	124
13	135
6	25
1	9
12	20
34	9
1	9
5	63
0	63
7	31
7	38
0	44
0	29
8	29
292	63
0	75
0	50
2	0
0	51
20	3
11	21
16	0
47	0
0	20
0	4
3	3
42	29
67	34
0	34
77	34
0	32
60	0
30	44
0	10
0	8
0	9
132	96
0	53
37	24
0	72
0	74
0	0
11	29
0	29
0	0
0	11
3	0
0	0
0	11
61	2
183	17
28	2
0	2
34	0
24	0
55	1
0	12
43	3
26	104
48	24
1	10
14	19
2	7
0	61
8	3
0	21
0	24
28	46
10	70
0	44
0	0
8	11
22	79
0	10
0	10
3	135
0	18
0	6
0	4
0	4
0	14
0	4
0	2
0	18
0	17
0	14
0	15
0	15
0	15
0	13
0	19
0	14
0	6
0	1
0	14
0	14
0	14
0	15
0	22
0	0
2	0
0	0
0	118
0	118
0	118
11	66
0	59
0	56
0	29
0	9
5	3
0	3
1	24
0	6
3	7
0	0
0	6
1	0
19	16
4	2
5	72
22	2
11	64
1	0
0	0
0	1
0	80
107	2
1	2
27	235
29	233
0	36
20	47
38	31
0	47
0	10
5	14
15	0
0	32
18	32
21	35
0	39
12	23
0	24
0	9
10	2
8	0
8	71
0	71
12	0
2	191
0	204
0	167
24	118
0	182
31	99
18	110
0	115
16	112
0	97
0	98
0	124
0	45
3	6
69	42
0	43
60	24
0	16
0	17
4	6
0	24
0	5
0	5
0	13
30	0
0	13
39	11
50	67
0	67
2	3
59	20
12	38
0	8
38	34
0	12
23	70
2	42
0	101
0	18
0	29
0	0
2	3
0	5
0	21
0	5
0	24
0	32
0	1
0	7
6	41
27	33
0	74
18	196
0	103
10	121
0	12
0	0
0	0
0	6
0	0
0	1
0	6
8	5
0	1
0	2
9	40
9	37
0	14
3	7
81	15
4	15
0	15
103	9
20	6
0	21
0	21
0	0
0	21
0	21
0	2
0	2
0	5
0	21
0	21
0	0
92	82
6	52
19	0
45	26
1	26
81	0
9	24
0	24
0	10
14	45
8	33
0	48
2	22
1	19
1	11
3	16
2	19
52	12
3	6
46	6
0	108
4	8
80	8
21	4
0	4
0	51
66	16
40	10
20	2
4	33
0	33
0	96
34	39
3	1
1	8
46	36
2	6
0	28
21	0
69	36
0	30
0	13
1	16
58	7
1	22
50	42
36	37
21	33
0	92
34	96
29	28
3	26
10	8
6	3
0	3
57	387
10	11
17	71
4	35
35	71
10	1
0	0
8	0
23	0
0	87
0	89
27	2
3	19
0	73
9	0
0	11
9	6
7	5
0	0
0	4
2	2
0	2
0	11
30	0
0	89
0	17
0	6
0	17
42	15
0	8
34	52
0	14
8	0
3	0
22	13
0	1
5	1
0	2
18	1
4	4
0	174
33	192
0	109
88	221
0	146
23	20
2	5
0	52
17	37
0	48
5	49
79	8
77	27
0	17
36	17
0	12
119	157
0	63
0	0
0	124
0	63
0	8
1	1
1	11
0	4
4	0
3	0
0	34
15	34
21	15
43	36
29	0
2	13
0	34
38	2
1	2
25	149
20	149
2	149
0	36
0	36
0	36
20	36
0	7
0	19
0	0
74	243
0	14
0	9
296	65
0	65
0	37
72	3
0	37
0	0
96	17
2	12
0	0
0	5
0	6
4	6
0	19
0	8
0	39
0	70
2	15
0	36
0	17
18	95
0	27
0	10
0	81
118	197
0	3
2	4
2	114
14	176
0	2
37	4
8	84
82	96
50	18
0	11
0	14
10	16
7	16
0	84
0	81
0	20
0	92
0	21
0	81
0	81
29	78
2	26
7	12
0	4
2	4
0	4
0	1
1	0
54	6
8	53
0	169
0	13
0	156
0	156
210	2
7	13
27	83
0	83
0	77
4	50
0	13
0	85
0	2
5	4
1	7
0	15
1	8
0	16
8	52
0	19
0	39
6	10
32	47
0	24
11	7
0	1
0	18
8	31
0	0
0	22
0	22
0	48
60	8
0	14
1	212
12	5
56	4
125	21
5	21
7	4
0	18
0	5
2	167
0	122
11	68
0	68
22	149
0	5
2	0
0	154
21	25
0	57
0	3
0	75
0	55
0	87
0	18
0	89
0	8
0	57
1	54
42	74
6	74
0	50
0	26
0	51
47	9
24	49
0	22
0	17
1	22
16	47
13	47
0	116
0	116
0	11
71	81
0	16
7	4
0	6
0	0
0	16
50	43
0	4
60	31
53	67
0	6
0	11
0	4
4	5
3	5
0	21
0	20
5	5
0	38
0	38
5	35
0	6
16	227
0	6
18	474
63	13
14	13
0	474
24	3
0	3
3	24
0	24
0	9
0	42
0	37
47	97
0	31
108	47
6	9
2	18
0	13
0	11
0	17
25019	12277
0	8
34	0
81	49
0	5
0	10
1	22
3	22
5	20
0	19
3	1
0	8
0	11
7	11
6	3
0	1
10	0
0	44
0	15
0	42
0	29
1	42
14	13
10	13
53	6
124	0
6	1
0	1
0	3
0	210
9	197
0	171
47	219
0	16
6	10
0	10
8	103
26	76
0	106
0	68
3	14
0	19
8	11
0	10
0	10
0	104
0	104
0	11
30	17
3	9
0	31
0	15
0	0
10	6
1	8
0	92
9	3
0	75
0	15
85	18
13	18
3	25
3	9
0	16
3	22
0	0
5	0
0	0
0	0
0	0
15	9
0	9
4	64
0	64
0	64
0	54
0	45
0	24
0	6
1	0
11	26
0	60
0	60
110	48
15	0
0	19
0	32
0	4
0	5
2	24
59	16
0	8
0	42
0	0
0	53
0	53
0	0
0	0
0	0
0	0
0	0
0	0
3	0
79	7
3	2
3	5
8	10
0	22
3	40
0	12
0	41
0	37
3	0
1	39
0	0
0	0
5	11
108	7
0	7
46	59
2	59
57	209
190	54
5	54
6	33
70	12
2	39
0	31
4	18
0	32
5	26
18	56
1	3
0	21
4	9
5	0
1	7
2	4
0	24
19	0
0	35
6	35
0	15
0	147
0	147
0	41
6	0
0	32
1	32
0	13
0	184
0	200
20	200
0	184
7	0
0	29
0	29
19	13
13	35
0	5
7	8
0	5
0	5
17	6
0	6
44	21
0	24
38	24
0	8
0	8
8	8
4	8
0	322
9	2
1	2
31	27
40	48
29	45
23	38
15	45
9	1
5	0
68	353
0	353
43	7
27	104
0	81
0	61
1	9
0	3
0	2
3	3
0	28
0	21
0	13
0	36
117	110
0	14
2	53
0	1
7	92
0	58
4	73
7	0
0	9
0	5
0	0
52	0
24	15
34	32
10	32
5	32
0	74
0	74
0	77
0	77
0	19
21	4
0	1
88	21
0	21
0	225
18	225
76	101
0	23
2	23
0	12
0	8
0	23
0	16
7	7
0	9
129	33
34	33
0	32
0	39
0	32
16	30
21	0
19	0
9	0
0	0
4	0
89	42
0	31
18	15
0	28
0	36
0	15
0	26
205	37
2	37
0	18
30	179
0	176
2	0
3	9
1	3
4	26
9	0
1	46
0	35
0	38
0	117
0	0
0	113
89	72
0	7
0	2
0	3
1	0
0	7
44	24
0	2
0	27
0	38
29	27
40	38
1	23
0	6
3	15
11	5
18	0
12	11
6	0
62	30
1	29
0	29
0	46
0	68
0	62
7	11
0	23
0	65
181	70
48	59
0	0
9	35
0	6
0	2
0	6
164	0
113	35
0	10
0	10
0	3
0	5
36	0
12	30
1	28
12	23
0	5
60	69
26	69
0	61
3	50
0	7
13	1
0	1
0	231
0	237
0	18
0	142
28	61
0	83
2	0
19	0
0	56
0	50
2	23
19	61
0	22
0	61
6	25
0	31
0	19
52	40
0	4
53	50
0	22
34	36
14	1
0	36
3	36
0	22
0	8
1	8
0	8
0	8
0	2
0	8
64	43
32	43
4	16
22	47
0	40
0	4
0	15
13	10
6	17
0	12
0	44
5	47
34	5
57	73
0	47
7	28
0	18
2	21
0	21
21	30
0	1
0	28
6	28
0	1
4	8
0	5
3	2
52	10
0	1
0	10
0	4
24	21
0	10
73	11
12	19
0	19
4	3
4	65
0	53
6	52
0	16
21	77
0	68
0	73
0	44
50	12
13	9
27	11
0	2
6	2
0	2
7	2
36	8
9	8
17	3
169	6
2	6
16	0
8	0
7	4
92	42
4	10
6	30
256	90
1	62
0	35
0	31
0	71
0	29
0	36
0	57
0	26
0	29
0	11
3	0
5	93
0	11
0	54
0	66
0	66
5	27
13	27
5	10
0	49
0	49
0	35
9	24
0	1
1	1
0	0
0	0
11	0
0	44
0	44
749	13
0	13
22	0
43	60
0	60
74	21
0	9
0	4
0	4
0	7
0	13
0	13
0	13
47	66
28	10
0	10
30	14
0	14
0	23
120	54
0	19
53	200
6	125
26	188
0	123
94	9
0	72
32	200
41	36
23	36
8	36
27	15
5	2
0	13
0	13
80	6
0	8
41	19
0	8
0	13
0	13
0	5
51	4
9	0
88	0
0	35
2	35
0	6
451	2579
0	16
0	70
4	8
55	18
38	151
0	123
11	7
0	50
5	1
1	2
39	1
39	12
0	12
3	0
0	124
0	60
0	60
0	124
2	113
41	11
29	68
0	124
3	179
0	179
0	4
1	3
50	39
0	4
0	2
0	2
34	38
0	41
0	31
10	30
40	26
0	29
0	22
101	20
6	12
1	12
8	0
0	16
15	118
11	102
77	35
0	46
7	139
0	50
7	5
63	40
35	67
7	62
0	62
80	6
4	40
0	11
0	40
10	8
9	0
1	0
0	0
0	1
6	1
6	6
0	5
0	6
0	5
0	0
1	0
12	0
87	26
0	20
0	20
0	18
13	6
8	6
1	34
3	28
0	10
0	15
0	28
0	55
0	15
0	28
2	28
0	15
1	14
7	7
0	34
0	121
0	32
217	0
79	9
0	9
17	181
0	13
0	0
0	3
0	14
0	4
0	0
0	19
0	5
0	4
0	4
0	181
8	16
25	13
9	6
9	13
0	7
28	7
0	10
2	10
9	39
54	82
7	43
15	41
9	1
0	3
27	0
2	126
123	162
14	16
0	6
15	10
0	49
0	44
0	47
0	63
201	41
0	54
35	65
0	17
0	20
0	2
0	20
39	16
0	16
0	12
15	2
64	9
105	20
0	9
93	71
1	13
6	2
0	5
8	4
10	1
6	1
0	0
0	10
116	4
0	46
113	364
2	0
18	41
0	19
0	31
0	60
0	74
0	66
0	80
0	80
0	80
0	88
0	31
5	36
21	105
0	36
0	104
0	104
0	104
0	102
1	6
0	11
13	0
0	61
0	20
33	59
0	10
0	5
0	14
0	27
0	26
0	105
0	3
0	7
0	4
1	0
83	27
0	27
0	0
4	17
9	17
0	22
9	23
0	19
0	45
15	0
25	54
64	29
24	24
0	5
53	33
9	10
6	10
1	13
0	2
0	40
0	46
0	30
15	5
6	23
6	1
4	195
24	43
0	46
10	10
1	83
0	110
28	44
13	91
0	83
6	66
0	71
0	62
0	21
0	106
0	2
6	43
0	10
0	2
2	13
166	114
0	105
1	20
0	5
0	22
4	27
0	0
3	1
0	94
81	0
0	0
42	19
0	21
0	21
0	17
18	13
0	21
0	91
0	91
0	93
0	93
0	182
0	182
0	184
0	184
0	86
0	86
0	88
0	88
0	45
24	64
0	47
0	61
0	7
34	5
0	5
1	12
21	24
0	10
0	16
26	29
0	31
0	6
4	24
0	16
8	10
2	37
25	39
0	36
1	27
8	17
0	17
0	71
233	65
180	23
0	2
16	20
13	0
13	1
14	9
44	2
0	4
0	9
1	46
3	46
0	38
242	0
62	21
0	21
16	497
0	123
0	63
0	71
0	63
0	76
0	68
0	63
1	174
75	129
49	15
0	26
0	54
6	30
52	75
5	17
24	65
0	62
0	10
0	7
0	0
0	5
1	10
6	6
0	58
0	6
0	6
0	6
2	2
7	14
0	0
14	1
7	26
8	123
0	123
0	123
0	111
0	117
1	0
2	24
165	108
2	67
5	0
9	20
28	20
0	9
17	0
37	0
28	0
11	25
0	0
0	25
19	126
35	117
19	55
0	10
32	19
10	22
75	31
0	31
0	31
0	28
0	26
142	1012
8	42
11	0
190	0
0	11
9	55
0	12
12	57
5	39
0	10
0	346
0	11
0	18
55	120
0	10
0	9
0	341
0	1
0	8
0	71
75	40
27	78
71	0
362	443
69	148
0	108
55	49
0	63
0	51
1	12
0	0
76	68
76	157
46	22
0	36
18	40
0	15
3	8
0	163
46	0
17	16
0	7
0	124
0	124
0	15
21	56
1	67
0	71
0	22
0	63
0	47
14	0
0	0
1	5
0	5
6	5
0	6
0	45
20	45
0	5
20	0
0	13
27	14
0	14
0	43
21	43
83	69
17	0
4	0
0	30
8	28
0	3
48	56
0	25
0	53
0	2
0	20
0	14
0	13
40	4
38	0
28	71
17	48
0	55
6	7
8	30
0	27
0	0
0	7
5	24
8	20
0	21
0	22
5	21
34	6
15	15
5	2
0	15
7	10
0	10
0	6
8	0
49	0
17	53
2	34
7	9
0	9
68	70
0	84
0	6
0	55
0	31
0	9
0	5
4	26
45	8
5	19
0	52
0	38
0	54
0	40
0	52
0	24
3	8
32	8
15	8
0	6
83	286
54	59
13	194
0	30
0	30
5	0
25	62
0	43
46	43
0	62
0	17
13	12
16	27
6	10
0	11
0	32
23	1
0	46
15	36
9	50
6	13
2	3
10	2
25	2
44	29
31	9
55	36
0	36
0	22
3	0
1	6
1	1
0	36
1	12
4	0
92	12
0	238
0	238
9	61
0	55
0	8
7	0
35	48
0	24
8	21
1	49
0	43
0	77
0	62
0	48
0	62
0	10
18	210
3	229
0	39
9	7
29	13
49	37
10	37
1	128
0	131
23	0
1	76
8	63
12	3
28	1
4	75
0	148
0	183
29	173
6	98
14	211
0	16
0	16
0	10
16	182
0	171
0	93
0	66
0	82
0	89
0	89
17	0
11	26
0	36
0	29
0	36
0	34
0	36
9	24
0	3
28	21
0	28
18	19
74	132
0	11
0	20
98	29
8	15
0	78
0	78
0	10
0	81
0	79
13	45
15	6
0	12
0	16
29	0
20	17
0	17
47	0
3	46
0	46
0	23
49	0
16	6
0	6
57	0
2	78
0	39
0	78
8	56
0	79
103	133
0	56
0	53
0	8
16	5
0	24
0	24
91	3
0	6
1	6
2	136
16	0
0	16
0	4
5	0
38	15
0	6
0	6
4	0
0	0
0	6
27	39
0	2
0	2
0	2
0	19
4	20
95	37
2	17
13	17
0	19
0	24
0	32
0	31
0	26
5	9
0	8
17	9
7	5
0	8
0	13
15	3
0	5
0	137
0	23
1	23
0	15
1	12
28	18
33	20
0	0
19	6
0	3
1	6
3	0
0	173
0	173
8	14
0	14
0	5
0	5
0	5
0	6
0	2
0	6
1	3
0	3
0	5
0	2
0	5
0	5
0	3
0	5
0	3
6	60
0	41
6	48
0	20
67	56
3	5
10	6
41	38
90	18
0	13
0	13
0	2
4	2
37	19
0	19
0	18
0	7
18	38
0	16
20	35
0	11
23	1
0	7
56	7
0	2
0	0
0	2
0	1
0	3
0	0
0	0
10	0
0	5
0	28
2	20
69	43
0	12
0	9
0	12
0	2
0	5
0	2
0	17
0	49
0	49
0	36
0	15
0	21
19	23
2	7
16	17
8	6
26	25
0	25
9	0
0	71
0	73
0	52
60	6
11	0
0	446
5	8
0	8
0	12
0	15
0	12
8	0
0	0
0	0
0	871
9	888
0	8
0	8
0	8
0	8
0	6
2	4
18	90
9	68
0	29
0	1
0	12
0	0
0	34
0	11
18	0
117	6
0	6
6	0
25	59
7	59
1	17
0	24
0	0
0	2
0	2
0	0
0	59
6	26
8	26
4	0
6	1
18	21
0	18
0	12
0	388
0	388
0	388
0	21
0	15
4	15
0	1
0	4
12	0
5	0
121	20
8	13
0	5
0	4
77	13
0	10
0	9
1	5
1	3
50	0
22	45
0	25
0	30
0	24
0	24
28	0
0	0
0	5
5	0
56	24
30	4
13	0
8	4
0	4
2	0
0	44
74	4
5	6
67	161
0	4
0	4
0	4
0	45
9	27
0	27
4	19
12	6
1	19
0	14
203	14
0	7
0	2
0	2
0	0
1	0
10	0
6	0
3	7
2	0
22	37
0	37
8	3
1	21
0	21
0	1
0	8
0	8
1	7
0	5
10	3
0	2
13	2
9	6
0	273
0	273
0	17
37	49
0	26
0	30
0	23
41	7
21	4
15	0
5	8
0	8
6	0
0	0
48	0
68	137
0	137
4	4
9	16
6	2
4	0
11	0
0	170
0	107
9	71
0	110
0	93
89	137
25	6
34	0
169	24
3	18
10	6
17	20
0	20
189	18
4	7
21	24
0	24
0	13
22	3
30	37
0	37
0	37
26	34
0	16
2	12
0	7
0	8
134	5
0	7
0	5
0	391
49	259
0	80
0	0
7	245
0	69
0	61
7	65
0	47
1	16
11	4
11	4
1	0
0	4
0	0
2	0
0	0
0	0
3	0
2	1366
0	1015
118	20
0	2
2	2
98	87
0	14
13	49
0	24
0	45
9	463
196	28
0	3
7	5
4	11
1	614
0	148
0	15
0	2
0	15
21	28
12	28
0	28
83	57
28	35
41	31
0	7
0	16
0	18
0	5
0	95
0	96
6	118
0	104
0	83
0	5
1	16
1	0
64	103
13	101
10	71
0	0
2	19
0	71
0	34
8	37
0	38
5	93
17	56
0	21
22	19
0	6
0	38
68	152
3	24
6	137
0	121
0	17
0	5
0	118
0	28
10	2
121	0
141	272
143	0
127	9
9	23
159	61
0	0
0	58
14	2
41	2
9	28
21	28
76	56
21	0
3	176
39	176
0	90
0	0
0	0
0	14
116	27
0	20
9	26
0	23
1	6
0	6
24	27
3	32
0	108
5	106
1	108
35	16
0	89
13	4
54	5
0	16
1	75
6	45
0	23
10	21
0	15
0	26
0	11
102	3
0	11
0	1
2	0
0	4
162	66
0	23
11	79
0	13
4	13
0	13
0	21
2	47
0	6
0	37
0	37
0	37
1	6
6	5
1	2
0	0
47	2
5	3
23	71
0	83
2	83
99	38
0	23
0	52
0	9
0	51
40	167
0	15
227	0
31	133
0	75
4	48
16	5
0	13
0	14
2	1
1	98
0	34
0	12
5	215
0	97
9	68
0	4
7	4
0	3
1	125
0	7
0	9
0	10
5	0
16	1
7	2
22	0
82	0
0	52
0	55
2	55
26	25
0	7
0	6
0	16
1	10
2	10
0	14
6	16
0	12
3	8
0	13
0	7
4	2
8	0
2	18
7	0
29	0
308	9
0	2
10	57
0	37
10	44
0	35
3	0
0	12
0	4
4	89
43	89
0	116
0	112
4	142
35	138
0	138
2	92
21	85
3	85
6	0
40	54
0	11
0	26
0	25
0	25
21	32
35	30
0	9
13	0
26	4
101	1
0	121
16	16
0	20
5	4
179	4
0	0
53	0
0	9
0	9
0	0
4	10
0	14
0	12
10	26
23	200
0	237
0	237
0	33
29	3
63	3
51	151
4	91
149	11
0	9
94	35
55	10
58	34
110	102
20	20
112	32
59	7
7	44
0	20
10	20
0	9
0	3
5	18
0	19
0	33
0	2
15	0
62	28
1	0
9	2
85	0
118	59
2	32
0	16
63	42
0	17
0	29
0	22
0	6
0	21
0	29
0	13
0	20
6	19
0	377
0	377
0	19
0	16
51	207
0	3
0	196
0	0
0	4
8	3
15	44
195	263
0	30
0	8
32	9
5	0
34	15
0	15
0	15
5	20
0	20
0	20
1	20
1	6
0	14
43	9
51	0
77	89
33	63
1	15
53	16
0	28
0	22
8	64
0	13
25	39
0	39
21	3
0	0
0	3
0	102
0	102
0	69
0	91
0	16
0	14
0	21
0	23
0	20
0	23
6	0
34	73
0	69
11	4
6	4
57	15
1	15
8	61
0	9
0	14
9	11
5	6
8	0
1	1
112	0
0	30
16	28
17	28
8	2
22	8
30	8
0	3
0	3
0	71
0	32
7	141
0	141
3	0
17	160
0	160
0	63
27	91
25	63
0	6
0	0
0	84
0	4
0	4
0	4
1	43
0	43
3	17
0	3
10	22
2	3
0	4
0	1
0	2
0	3
0	0
1	0
4	10
0	38
0	38
2	11
21	4
0	2
6	40
0	40
20	29
68	429
0	32
0	3
0	9
1	31
0	9
0	29
4	4
0	4
8	4
35	103
0	103
0	59
2	49
0	49
2	47
0	13
117	77
5	6
1	105
181	32
0	7
0	5
0	5
3	6
40	21
23	0
11	62
0	62
0	61
79	1
1	102
91	32
1	110
0	8
5	12
21	82
19	8
58	75
4	152
0	154
0	38
5	38
0	22
15	8
0	16
6	124
0	333
1	80
32	35
13	35
0	15
0	156
1	156
284	16
1	16
0	68
0	64
192	96
1	0
71	34
0	30
2	0
116	230
0	230
107	87
0	20
0	16
0	64
0	4
0	15
0	25
0	39
0	20
23	79
0	94
0	82
53	59
0	45
4	28
0	19
16	15
12	15
57	1
24	26
0	25
0	1
113	35
0	35
6	12
0	14
120	51
5	4
2	1
1	122
0	30
2	434
8	51
0	51
0	51
0	3
0	13
320	96
0	52
0	7
1	37
0	5
0	130
13	82
0	122
1	38
0	38
0	73
6	73
0	6
0	9
1	5
0	8
0	5
9	3
78	17
0	1
0	14
15	95
0	94
139	281
0	43
0	26
8	13
10	269
0	52
0	439
0	61
56	61
0	61
100	0
5	0
79	0
0	205
0	25
0	192
0	71
0	19
10	69
0	64
2	60
1	171
8	6
6	205
0	3
0	3
0	222
0	222
9	222
0	29
3	24
0	0
4	26
94	246
11	5
3	6
11	1
0	33
2	14
7	7
0	3
15	3
0	14
8	5
4	5
12	0
153	4
49	5
17	5
7	5
2	5
6	3
0	2
4	2
6	24
0	84
0	51
0	7
0	9
0	17
0	18
0	31
52	61
12	12
0	12
1	9
5	32
10	10
10	17
0	11
69	0
15	0
0	45
0	31
0	33
0	19
0	7
0	23
13	31
143	418
0	26
0	4
0	31
0	8
0	18
11	47
0	19
0	54
0	52
0	5
16	41
0	34
6	5
97	51
0	18
0	22
0	9
0	11
17	2
0	44
0	18
0	18
93	30
0	30
0	42
4	31
0	31
4	23
0	18
0	31
19	82
0	7
1	4
0	9
0	13
0	8
0	30
25	30
0	27
0	27
6	9
0	0
0	5
0	50
0	50
0	11
9	27
0	17
3	17
0	17
0	4
5	10
0	7
0	7
2	4
20	2
0	25
0	71
0	71
6	12
13	8
49	9
4	26
7	26
8	59
2	68
0	2
0	58
2	7
0	7
45	39
0	9
93	1
0	9
2	35
0	10
76	9
0	16
0	18
0	11
0	9
0	9
16	9
14	4
0	18
0	26
4	18
0	15
0	6
0	26
84	14
0	87
20	89
0	4
0	4
0	0
9	0
4	24
0	271
0	23
0	74
0	12
0	112
27	257
0	10
0	7
0	8
0	8
12	27
0	19
0	6
0	4
0	6
0	6
0	6
0	5
0	5
0	131
0	4
0	5
0	7
0	5
0	24
0	1
0	0
0	1
0	3
0	1
3	1
0	0
4	214
0	191
7	1
0	225
0	224
0	225
57	0
4	44
0	46
0	46
0	16
11	10
29	0
0	430
3	43
5	1
67	9
0	9
4	32
6	118
0	118
0	66
14	0
4	6
49	58
0	9
2	1
0	0
0	0
5	2
3	8
0	35
6	37
0	10
0	6
81	0
3	192
3	192
0	5
75	17
12	1
23	13
0	52
3	133
7	4
4	0
15	0
0	133
0	227
0	227
0	7
62	19
4	9
3	9
2	6
0	60
2	60
0	10
1887	407
0	35
14	44
50	104
12	82
24	42
3	9
0	21
0	48
0	11
0	7
26	17
11	24
2	0
0	0
0	90
0	90
0	90
0	90
0	23
0	20
0	19
0	19
33	31
92	107
0	2
0	65
0	65
0	33
9	21
0	21
0	9
18	25
8	25
0	3
12	3
12	0
0	9
16	18
5	5
0	3
1	11
4	13
23	13
0	5
3	5
1	44
0	36
8	36
0	44
0	19
0	103
33	36
5	36
28	53
0	14
0	53
1	310
2	0
37	2
1	2
0	0
0	0
9	0
0	0
0	0
163	0
0	0
8	29
0	29
20	3
9	2
5	1
0	0
0	4
15	13
0	13
41	11
3	2
10	0
6	1
30	9
0	3
59	4
0	4
0	1
4	0
0	0
23	70
740	773
0	43
0	26
0	59
0	13
3	3
0	1
0	3
1	3
0	6
23	14
0	11
0	66
7	44
0	22
5	34
0	4
0	26
9	2
0	2
0	28
9	2
0	12
0	13
0	12
0	21
1	5
1	20
0	11
0	15
0	10
0	14
0	10
0	12
19	13
0	10
4	61
0	62
2	47
17	7
0	6
0	158
1	158
0	38
0	19
2	33
0	19
33	10
0	10
132	31
13	67
9	12
0	1
4	56
2	9
0	9
4	0
1	37
0	48
0	18
0	4
16	78
0	13
1	10
45	65
0	2
5	4
27	3
4	27
0	2
14	70
14	3
0	67
10	90
49	56
0	55
14	16
0	79
0	3
10	17
9	69
0	155
38	144
33	0
2	0
0	7
1	5
0	5
2	2
9	5
0	2
1	5
0	0
0	2
74	0
3	64
0	21
38	63
0	55
0	4
0	64
0	90
1	90
4	1
0	2
0	3
0	9
15	37
0	7
0	27
35	31
0	26
118	12
11	0
31	16
23	218
2	215
4	1
16	94
76	74
1	33
19	21
0	82
53	124
0	8
0	21
11	6
8	0
22	10
0	122
0	122
0	72
0	15
0	122
0	0
5	3
0	3
0	122
46	164
63	140
0	53
0	3
0	12
0	2
2	4
0	2
9	2
28	0
0	130
0	109
0	39
83	204
0	72
0	68
0	101
0	64
0	62
0	64
0	37
0	64
0	33
0	14
0	73
0	29
0	34
0	34
12	84
25	83
3	7
0	7
7	1
0	19
6	5
0	21
0	16
52	28
0	15
21	0
0	43
0	43
0	2
0	8
0	16
0	3
0	13
0	112
0	23
12	1
69	26
0	26
0	0
0	184
0	157
0	184
59	52
0	192
0	165
0	192
189	337
0	337
10	97
0	46
0	15
0	16
0	16
0	59
0	60
7	48
3	3
0	29
1	37
13	349
1	349
108	63
0	32
16	25
0	24
127	25
0	8
0	10
0	2
0	17
48	37
0	18
26	115
0	59
0	8
7	13
0	115
0	194
13	194
0	24
9	3
4	152
0	152
0	14
0	9
4	9
2	9
0	8
0	27
4	29
21	2
13	1
0	28
0	3
5	3
16	15
105	4
34	377
0	225
0	213
0	239
0	234
0	235
0	260
0	55
0	142
15	35
0	35
0	14
13	0
0	0
8	20
0	15
0	23
0	20
0	20
4	9
37	9
0	14
0	14
0	14
3	0
38	42
30	42
0	12
0	12
13	66
0	30
95	24
5	31
0	31
6	31
0	33
19	33
0	31
0	9
22	0
0	0
5	0
7	14
0	14
6	5
0	41
0	41
0	32
0	2
12	12
6	12
11	30
0	16
0	12
0	3
0	30
2	11
0	10
0	11
2	8
0	5
10	2
0	5
32	31
3	6
0	26
0	15
15	2
0	15
0	14
113	1
3	95
2	95
0	27
4	9
0	48
1	48
8	26
0	12
20	30
60	30
0	13
3	9
0	3
67	1
36	19
0	21
1	12
1	22
0	22
0	35
0	33
0	33
4	18
0	33
39	33
0	12
0	4
0	4
4	0
0	10
0	4
0	0
2	0
0	33
0	33
169	61
13	37
14	0
0	48
143	0
0	7
0	8
10	67
0	2
0	0
0	4
6	2
0	0
20	3
36	18
0	0
0	0
0	0
0	4
0	142
0	83
14	127
22	133
61	141
48	133
0	6
99	25
36	11
45	150
0	13
0	24
15	18
0	0
0	14
21	7
0	21
0	19
0	14
6	5
13	69
0	25
0	4
0	0
0	4
8	63
0	3
0	0
6	1
4	1
4	0
18	4
0	4
0	3
0	0
647	137
8	15
2	0
0	75
2	4
41	8
0	19
4	14
0	6
0	5
0	17
0	9
0	4
0	76
0	80
0	80
34	3
87	8
0	326
0	326
0	157
22	66
3	0
9	2
11	37
20	63
1	52
61	16
0	3
4	16
0	52
0	18
107	18
0	157
22	11
4	3
3	11
2	8
6	0
67	39
0	39
0	8
11	12
0	6
15	0
27	45
160	0
21	0
6	3
0	3
9	13
0	13
0	87
0	74
9	184
0	57
0	57
16	61
1	15
0	10
0	14
0	15
0	12
0	12
0	2
29	2
12	8
0	8
0	32
0	59
0	59
0	9
0	21
0	12
0	130
0	92
0	48
0	33
6	87
1	18
2	123
0	98
0	2
78	26
10	26
13	0
1	0
0	36
0	23
0	14
0	10
22	2
0	6
0	3
126	122
0	1
204	11
157	115
0	86
0	14
5	5
0	12
3	5
0	35
37	13
0	13
4	1
0	3
0	1
58	20
9	20
145	12
11	58
15	98
16	72
0	80
0	75
0	68
1	6
1	6
147	82
0	82
41	39
0	32
0	12
3	28
0	26
6	28
10	21
0	28
7	20
6	5
0	5
0	1
9	132
2	132
1	5
0	85
73	26
0	26
73	11
0	14
0	12
0	0
0	0
2	6
0	20
102	27
0	22
0	18
18	2
0	17
19	0
13	0
26	15
0	23
0	17
0	23
19	16
0	17
23	16
0	8
36	53
21	53
0	25
72	27
0	27
9	98
2	98
6	29
2	61
4	45
6	0
0	85
40	76
1	38
0	7
0	15
115	67
4	20
0	44
0	12
7	6
36	6
2	5
26	3
2	70
0	70
0	30
109	4
0	73
6	2
2	3
0	73
0	1
22	70
77	2
0	30
0	51
39	19
36	36
21	9
12	17
0	4
0	13
27	103
0	0
1	21
1	21
0	9
10	28
0	127
0	25
9	29
0	127
0	88
2	391
0	380
0	32
0	73
0	72
0	72
0	73
0	11
9	73
0	73
0	6
15	26
0	18
0	8
43	2
3	6
44	9
5	5
0	59
31	59
0	59
0	59
0	52
14	14
5	26
61	12
0	3
26	2
0	0
2	0
9	14
8	3
0	1
10	5
4	0
13	0
0	19
0	0
4	121
7	118
0	78
6	19
2	13
0	7
13	3
0	2
43	28
0	28
0	28
0	26
1	0
1	0
0	6
0	3
0	0
18	250
7	101
0	88
14	12
0	54
7	30
6	13
0	41
72	39
0	33
157	57
0	15
74	9
44	56
22	26
0	1
0	1
6	4
0	4
24	24
18	9
0	24
40	1
35	28
0	25
45	0
77	114
4	161
20	186
0	147
1	12
7	12
0	20
0	11
0	11
3	1
2	32
0	32
7	8
0	14
3	16
0	4
0	7
0	7
0	7
0	3
0	3
0	6
2	0
2	0
101	23
25	9
0	17
6	3
0	15
0	31
75	11
0	9
0	6
0	28
4	2
13	85
64	37
0	25
12	19
0	8
0	44
0	65
3	5
0	43
0	56
0	41
32	9
0	9
0	9
0	5
0	6
2	3
40	0
0	110
23	76
0	92
64	54
6	26
1	0
0	2
2	2
8	4
5	4
0	5
40	13
5	13
59	61
7	20
0	48
0	62
0	44
10	41
0	7
0	29
2	13
3	18
65	65
0	24
0	15
0	39
10	82
3	1
0	0
5	0
0	47
0	47
0	0
0	11
162	0
0	21
2	21
0	9
0	51
0	9
55	56
16	3
0	30
0	27
3	0
4	9
0	7
5	2
0	2
0	112
0	96
0	10
0	14
0	4
7	4
16	9
0	9
0	2
0	1
9	10
0	2
12	9
0	171
0	171
5	40
0	30
0	30
0	29
0	28
56	14
0	6
0	86
0	41
0	25
0	22
0	74
0	67
0	15
8	9
0	2
0	52
48	52
0	120
61	8
15	8
0	5
0	2
0	2
3	6
20	29
20	54
0	21
0	16
1	14
0	12
0	9
5	4
0	16
8	72
2	20
0	16
4	124
0	5
88	12
13	8
0	46
0	46
0	4
0	7
2	2
24	8
0	22
46	10
2	10
0	8
0	3
22	56
0	56
0	49
51	63
0	39
118	80
50	82
0	34
30	0
11	4
0	14
0	8
0	5
0	3
0	3
19	5
36	0
0	0
348	99
13	291
15	301
13	48
180	546
0	139
0	143
10	74
40	174
25	0
31	0
4	15
0	15
0	1
0	262
18	219
6	115
2	49
0	91
0	143
60	127
0	3
0	3
0	73
287	72
0	8
4	15
10	11
22	7
6	7
0	43
1	65
0	12
6	25
0	1
0	14
0	65
0	19
2	36
4	17
20	13
0	4
0	1
3	0
5	0
1	7
5	0
0	7
0	7
0	10
0	0
73	18
0	6
10	6
9	18
11	11
0	6
0	9
2	12
0	8
0	3
0	8
0	17
0	7
0	12
0	12
0	0
0	2
6	16
0	14
28	30
0	65
9	59
0	59
9	9
23	2
0	8
6	0
64	25
56	50
0	5
57	38
5	38
60	109
0	138
0	139
0	99
0	121
0	121
0	104
6	121
0	43
0	37
0	37
0	114
0	124
0	92
24	32
0	109
0	104
0	6
0	14
0	8
0	19
0	37
0	32
0	18
4	29
17	13
4	8
1	11
32	31
24	92
0	84
13	9
38	7
1	3
0	7
6	0
55	42
8	6
0	42
9	0
8	9
40	30
0	33
0	33
0	33
0	33
0	15
19	11
0	11
0	4
6	19
2	70
0	78
7	18
3	12
0	8
1	29
0	28
0	117
0	117
0	117
0	7
0	9
0	41
0	41
0	38
126	17
2	14
0	60
10	3
9	191
0	191
0	140
0	140
0	5
5	2
0	9
7	8
6	6
0	111
2	103
0	7
0	7
42	19
2	0
9	0
0	19
0	21
0	21
9	16
0	4
74	0
135	65
2	0
4	58
0	31
6	31
6	12
0	15
9	132
31	82
0	61
7	2
17	0
36	3
0	1
0	1
0	0
3	34
8	46
45	60
0	51
11	17
327	343
293	29
302	216
10	0
0	7
0	32
0	45
1	9
11	13
6	13
124	160
0	46
33	40
23	40
3	58
9	18
0	12
4	12
0	20
0	82
301	82
0	9
13	62
25	27
0	238
0	238
0	238
0	238
0	238
0	238
0	236
0	39
0	243
0	10
0	28
0	64
5	89
11	44
7	75
2	43
0	10
0	48
0	73
0	53
73	5
10	5
0	143
0	143
91	32
0	77
22	75
0	21
0	36
0	56
0	9
3	21
0	45
0	25
0	41
0	35
0	37
0	41
0	45
0	53
0	17
10	6
24	21
0	14
13	34
0	34
0	0
0	8
5	61
46	65
10	61
275	171
5	12
0	4
0	3
0	17
0	35
0	34
0	34
0	35
0	20
18	29
0	0
44	12
12	12
11	0
15	46
0	12
0	26
0	37
0	39
0	15
0	5
0	5
0	18
0	26
3	0
22	39
2	5
0	31
0	27
0	34
2	16
3	10
87	3
36	0
40	0
45	60
0	42
7	2
5	22
13	6
0	14
9	0
0	5
1	5
0	59
0	16
0	56
15	0
0	7
0	9
4	1
4	7
0	3
0	21
0	2
4	12
0	9
0	59
0	43
1	43
5	41
0	33
0	61
0	4
0	23
0	50
6	33
0	23
0	18
0	18
0	12
0	21
0	10
16	0
0	0
27	0
1	10
2	10
23	14
0	9
6	1
0	0
0	4
11	5
0	36
0	9
0	0
0	36
0	9
7	61
0	60
0	44
78	68
0	13
9	6
16	13
14	43
1	52
0	27
0	1
26	52
3	9
5	59
0	23
24	16
58	70
0	1
2	0
7	27
0	55
0	0
32	35
7	29
32	18
0	18
239	542
0	26
0	9
10	67
0	67
0	13
31	0
59	12
14	24
0	61
0	46
0	8
2	4
0	16
0	12
7	12
10	23
0	168
8	168
25	0
41	109
0	78
0	78
25	56
0	67
0	56
0	9
20	83
0	9
0	3
0	7
0	9
5	9
0	8
3	99
0	18
0	5
0	104
7	36
107	36
10	24
25	20
0	24
9	12
32	0
59	94
0	91
4	105
0	81
0	75
0	4
1	2
0	4
3	10
7	0
2	5
0	62
0	62
0	7
0	2
0	33
0	1
0	3
6	0
5	57
0	16
0	16
4	5
2	1
4	1
0	35
4	0
0	57
15	11
0	11
22	10
18	10
37	359
0	41
0	18
10	354
0	41
0	39
11	36
0	23
0	6
0	7
3	6
0	5
0	4
2	43
0	43
0	18
0	57
0	57
0	57
7	30
0	12
0	12
0	12
0	12
0	7
0	30
320	0
65	134
0	113
9	143
0	78
0	32
0	18
12	11
0	10
0	10
0	1
0	0
7	8
0	22
2	22
0	303
1	303
0	298
0	89
0	94
4	15
7	115
0	44
0	115
31	19
0	19
0	33
3	33
0	33
0	5
1	11
79	2
2	2
0	71
16	5
8	5
1	12
0	78
91	2
22	2
46	37
6	18
0	6
0	12
0	3
1	3
0	5
21	18
0	18
0	943
1	948
0	25
2	21
0	12
0	21
11	23
0	12
2	24
0	13
0	8
0	4
42	3
4	0
81	7
75	79
2	29
0	29
0	29
222	29
22	20
8	20
20	0
74	16
0	84
0	56
0	52
0	67
18	3
0	44
86	110
47	72
0	5
3	0
51	57
1	9
8	2
0	13
15	27
0	89
0	81
14	17
0	11
27	6
15	0
14	9
0	19
4	19
1	11
0	0
4	4
0	91
0	92
0	98
0	97
12	4
47	3
0	3
88	13
26	13
5	1
7	3
0	0
26	118
0	49
0	53
0	115
0	105
0	87
0	87
1	41
14	70
0	94
0	84
0	12
17	5
0	3
18	1
0	11
83	70
0	49
15	50
0	7
0	2
0	8
0	8
0	122
0	122
0	118
0	118
0	109
0	109
0	109
0	109
0	10
3	0
1	25
9	25
17	28
0	28
0	8
42	0
8	83
0	28
5	63
0	3
35	3
0	44
0	36
60	0
52	66
1	58
16	16
0	16
25	0
84	45
0	45
0	45
0	54
5	47
0	58
2	4
0	0
1	7
2	0
0	5
36	41
0	3
0	0
0	71
0	113
30	85
0	79
0	49
49	0
28	17
6	16
1	47
0	47
2	60
8	56
3	3
0	4
28	7
0	5
0	42
0	42
286	1247
25	0
3	5
0	30
0	30
0	20
10	21
0	28
0	7
8	7
38	39
5	33
71	22
10	147
1	0
0	6
151	36
0	17
0	30
0	6
0	1115
0	1115
0	13
24	203
3	164
1	216
0	198
0	184
92	2
0	2
8	0
0	0
17	128
0	63
4	57
11	57
3	59
2	59
5	44
0	20
0	130
0	73
0	22
0	73
0	7
94	76
40	13
0	11
0	27
0	17
8	6
0	19
0	14
2	49
48	2
12	101
0	2
0	2
0	2
0	1
39	15
135	148
0	17
5	26
43	11
6	0
0	1
20	0
0	8
0	22
0	22
2	22
0	12
0	0
0	4
0	0
55	30
4	0
0	53
0	10
0	53
0	53
0	18
0	6
0	5
251	86
24	6
0	1
0	38
3	38
15	0
119	162
0	34
20	31
0	0
0	0
0	5
0	0
0	0
2	1
14	1
0	5
0	7
0	13
72	27
9	45
0	1
3	1
2	0
0	29
4	15
2	23
68	23
1	91
0	91
0	90
0	63
0	63
0	63
0	63
0	63
0	14
0	0
0	35
18	0
5	7
3	0
0	25
0	24
16	1
5	6
0	14
2	0
0	0
4	0
0	27
0	28
5	0
21	0
0	91
0	91
19	6
5	0
12	6
284	90
82	69
114	13
4	12
0	12
0	12
0	83
0	81
14	60
2	10
22	66
0	16
0	2
0	11
0	8
19	44
19	8
24	17
10	5
30	5
0	76
8	82
3	9
137	77
0	76
0	9
0	9
0	9
19	4
59	180
40	17
0	7
9	15
6	15
31	0
0	147
7	10
0	10
1	2
77	2
103	15
24	5
15	10
0	1
0	20
17	71
0	4
0	3
0	71
0	48
0	48
0	33
30	0
2	5
0	4
0	2
1	2
0	1
2	2
0	2
0	2
0	2
0	2
77	137
14	65
0	11
13	0
9	10
4	4
36	88
7	8
0	8
41	15
0	12
26	12
9	12
57	1
0	1
24	0
0	79
0	79
0	21
3	68
0	68
0	11
0	6
0	19
5	56
11	18
0	21
0	7
0	68
41	11
0	57
0	5
7	52
0	6
94	13
14	13
49	9
16	19
0	19
4	24
0	10
185	44
7	93
0	155
0	113
0	148
0	115
15	78
3	1
22	52
11	0
15	75
2	12
11	19
0	19
0	3
0	5
27	10
0	10
0	104
0	86
9	104
0	30
0	9
1	9
0	28
45	295
16	83
0	47
0	5
0	83
0	62
0	62
20	10
2	9
0	10
4	4
4	10
6	15
11	34
55	47
2	16
2	113
1	110
0	6
0	15
29	15
0	5
0	41
2	4
3	4
0	40
0	40
0	40
0	4
0	14
0	31
93	50
3	22
5	14
4	28
11	4
28	1
51	109
0	21
0	202
0	49
0	202
27	17
51	0
1	3
0	3
91	14
230	4
0	9
0	1
13	2
0	1
0	6
1	6
4	10
5	2
26	6
0	6
6	6
0	0
19	0
0	25
0	16
3	2
0	25
184	41
54	0
0	36
0	13
111	12
147	30
23	18
0	24
0	1
8	0
0	278
0	277
4	5
6	5
0	25
0	25
0	25
0	58
53	137
0	22
0	61
39	32
0	112
0	86
0	120
0	78
0	112
0	99
0	75
21	100
0	26
0	9
39	14
1	14
21	21
0	21
0	50
18	78
68	98
0	78
0	95
68	95
15	9
0	7
6	7
0	32
0	65
0	11
0	11
6	162
3	110
25	87
0	136
14	0
0	128
263	0
3	389
0	381
0	0
0	28
40	7
8	7
1	3
5	12
0	0
0	12
12	1
0	17
0	32
6	3
2	5
0	3
0	0
2	3
0	2
6	0
0	21
1	0
26	1
3	0
0	34
1	70
2	12
0	12
2	14
58	64
0	104
0	14
113	69
83	290
0	30
0	71
88	20
27	42
0	204
0	140
140	14
26	10
0	9
4	53
74	0
11	0
3	4
0	49
27	65
0	58
0	61
56	5
0	1
2	0
0	61
8	55
6	7
15	5
2	43
132	32
1	20
8	14
6	0
86	21
8	21
0	28
0	20
0	27
0	29
0	63
0	39
0	57
0	22
0	20
6	88
0	24
0	79
0	4
0	73
0	89
0	17
23	0
0	5
0	5
0	7
0	7
5	15
0	15
0	4
14	64
0	65
0	56
0	8
0	16
7	21
0	21
3	68
0	65
0	34
42	69
57	453
0	18
16	0
0	6
0	0
0	0
1	1
10	123
0	24
11	11
0	20
7	87
2	13
0	21
0	21
8	13
0	0
9	8
0	4
8	4
11	0
0	4
1	0
0	81
7	85
0	24
0	14
0	5
0	3
19	4
0	3
38	4
28	6
20	6
0	1
4	1
0	316
0	266
3	29
0	39
0	39
3	37
0	8
16	145
11	95
0	81
49	74
9	126
0	76
0	77
0	76
24	75
0	56
1	0
2	0
0	11
4	4
37	86
0	2
1	7
1	0
0	0
116	0
87	0
0	965
0	965
0	965
0	963
0	963
0	962
0	962
0	962
40	69
0	20
0	14
0	15
23	38
51	71
8	58
0	13
0	51
0	27
0	18
0	23
9	46
12	7
0	16
0	6
0	17
28	0
72	33
2	0
1	106
0	65
0	8
0	0
0	84
57	67
0	15
37	64
3	52
0	13
0	17
1	15
0	15
0	6
16	0
0	7
15	36
170	0
13	28
0	28
0	17
64	13
104	79
0	16
22	11
6	19
0	18
0	18
4	222
0	216
0	216
7	20
0	20
56	0
9	13
3	13
18	13
24	118
38	22
109	0
101	121
0	115
0	10
0	10
37	50
56	50
80	118
0	87
0	26
0	9
0	4
7	5
8	0
0	6
98	27
0	25
37	0
68	0
0	14
0	51
0	41
0	41
0	74
0	44
0	14
0	14
0	2
1	83
0	14
0	32
0	35
2	18
22	12
0	12
0	112
87	135
68	144
0	144
7	28
62	40
39	7
0	7
94	31
0	31
1	27
0	17
0	9
51	153
8	106
1	6
0	3
37	49
0	109
1	83
0	36
0	11
0	8
6	51
24	76
0	96
46	91
13	7
17	1
0	8
0	7
43	24
0	14
0	7
0	17
0	1
51	20
4	22
0	21
13	19
0	6
0	0
3	8
302	37
0	5
0	1
5	4
1	25
19	42
30	42
30	42
4	1337
0	6
0	6
0	6
0	175
0	36
42	201
0	22
0	22
3	25
0	25
69	19
11	0
0	26
0	32
0	26
0	50
30	33
2	6
15	6
1	43
0	0
33	56
0	4
31	7
5	74
31	40
0	71
11	25
0	39
10	77
47	19
0	19
0	101
0	101
0	41
9	55
0	35
0	29
3	50
38	156
80	15
0	17
0	7
0	5
15	23
0	23
0	21
12	8
0	7
82	361
0	7
0	16
0	5
0	0
0	4
0	24
1	9
0	22
0	9
0	6
0	29
3	4
4	4
1	0
5	48
26	18
4	83
0	44
4	68
0	69
0	19
0	9
0	18
13	28
0	28
2	20
0	20
66	35
13	23
8	32
0	21
0	7
1	5
2	5
0	6
0	3
0	4
0	3
0	3
0	3
0	6
0	3
0	10
2	8
127	33
0	33
1	37
0	18
31	38
2	34
17	136
0	20
0	20
0	50
0	19
2	126
38	12
0	4
53	115
31	103
2	12
17	36
0	28
184	12
0	2
0	2
0	0
0	0
179	0
0	88
0	88
0	117
0	83
6	1
1	0
282	118
0	97
91	22
12	69
2	69
34	0
19	83
0	79
0	96
0	56
5	29
0	149
0	20
0	87
0	2
0	22
0	1
0	0
0	39
0	43
0	39
0	3
45	72
4	66
60	7
15	25
12	25
56	2
8	215
5	10
0	42
12	8
12	36
0	42
0	31
0	101
0	76
19	125
50	247
0	95
0	125
99	95
0	95
8	69
14	24
13	11
0	6
2	8
1	9
0	48
0	48
0	26
40	21
0	21
85	38
84	19
0	19
0	17
0	17
1	7
23	19
252	94
0	14
0	34
0	32
12	37
1	2
84	9
124	7
0	3
0	4
0	1
1	1
173	367
88	18
0	13
0	5
0	18
0	14
0	14
3	87
5	1
0	1
14	54
0	44
0	329
31	207
0	329
56	25
2	25
0	25
349	54
34	4
0	2
15	53
0	198
0	11
0	9
0	50
0	154
48	46
0	138
32	25
0	18
118	14
0	100
14	13
0	158
8	0
16	28
5	39
0	39
0	15
0	44
40	33
0	44
0	13
0	9
0	15
30	15
91	0
11	13
340	10
1	22
0	15
13	3
27	45
0	23
0	35
0	16
0	33
0	12
48	26
27	23
0	35
3	4
12	4
114	28
0	0
5	61
0	77
0	77
0	77
0	77
0	54
29	28
11	55
5	0
0	0
4	134
0	10
28	105
9	60
21	61
0	90
4	2
30	2
0	0
0	37
50	48
8	24
0	19
2	15
0	134
0	90
0	90
38	31
0	18
5	18
0	18
0	5
0	0
0	8
28	32
0	72
0	20
0	68
6	117
0	28
0	74
0	16
0	16
0	12
0	18
0	59
0	20
0	8
0	15
0	114
0	15
44	115
3	115
0	51
10	0
0	3
106	12
0	5
0	61
0	8
0	57
0	0
0	57
13	45
11	7
90	7
52	23
29	23
55	70
13	70
0	11
15	0
0	6
0	6
0	1
0	0
0	0
0	3
4	3
2	7
0	11
56	40
21	29
2	3
49	0
0	4
22	51
9	47
23	42
51	52
0	0
0	0
0	0
0	0
0	0
0	0
3	0
30	52
0	79
0	86
0	8
0	5
0	102
22	153
0	23
11	8
4	32
0	32
0	32
3	1
0	36
0	4
153	185
0	6
0	5
0	7
0	31
5	31
0	18
1	12
67	231
0	1
0	11
0	11
0	11
0	0
0	0
0	0
0	0
89	147
26	31
17	0
53	36
0	53
0	14
23	0
0	34
63	15
0	8
0	1
8	1
0	5
1	178
0	20
0	178
0	10
6	2
0	2
0	2
4	3
12	157
0	48
0	77
0	12
0	19
74	33
4	13
38	13
10	8
20	29
0	19
0	154
0	6
94	155
1	54
0	79
0	145
0	174
1	171
1	52
0	52
0	17
14	2
0	3
2	1
0	0
8	0
46	127
35	145
0	60
0	17
26	55
0	8
0	4
0	8
0	2
1	2
10	2
80	121
22	130
7	0
0	0
0	15
280	0
176	12
1	4
0	3
0	11
4	8
36	23
0	23
18	24
76	81
0	20
0	11
0	1
20	21
0	15
1	23
0	42
0	42
0	17
21	0
0	0
10	75
0	13
0	0
0	0
4	5
6	14
2	21
15	29
12	11
77	22
0	27
4	5
0	70
74	101
1	101
42	12
6	0
0	12
41	40
0	40
0	18
0	18
0	12
4	7
76	50
5	24
0	32
0	16
0	24
0	22
0	6
14	24
0	24
23	5
125	4
2	4
0	114
0	108
2	58
0	110
9	105
0	89
0	58
35	4
0	0
39	0
38	0
25	30
68	45
0	29
0	1
5	5
11	4
0	14
0	22
0	18
0	1
25	130
5	1
0	6
1	122
0	28
0	2
0	11
22	30
2	13
0	3
140	196
0	26
1	28
0	64
0	14
2	68
1	3
0	11
40	9
0	0
22	0
24	0
74	65
27	65
3	6
24	222
5	18
0	23
0	15
1	21
0	19
0	31
2	14
11	20
0	16
50	3
0	9
0	7
8	1
3	0
0	0
7	6
118	6
8	6
21	24
29	27
6	0
45	0
2	134
0	61
65	68
4	64
5	0
0	40
0	49
2	56
0	42
0	22
10	5
6	0
0	370
14	23
0	4
0	6
63	26
0	13
0	11
0	13
0	3
0	3
0	2
0	3
0	2
0	1
0	0
0	0
11	0
10	5
30	0
39	50
20	0
0	0
6	0
0	384
6	5
0	5
531	106
4	103
0	69
60	16
0	54
0	55
0	0
10	23
0	23
0	23
0	0
0	117
0	101
40	7
10	7
0	3
2	1
194	8
2	341
21	11
30	11
0	8
0	5
0	0
0	0
0	8
71	62
8	48
14	11
3	5
1	39
2	39
0	24
4	321
40	39
0	39
0	39
0	4
0	3
0	3
6	12
0	8
0	139
0	131
219	2
30	0
2	0
3	0
8	2
0	424
22	65
3	23
0	19
82	47
0	11
0	9
26	20
112	146
0	31
0	146
0	33
0	33
0	33
0	47
0	54
4	18
15	1
5	13
0	5
3	3
0	5
1	13
0	13
0	3
0	5
0	14
53	43
49	18
8	5
0	1
0	14
0	71
0	69
33	4
2	4
7	25
0	25
12	9
0	0
61	351
27	12
20	10
0	9
0	3
1	0
5	15
16	48
0	60
0	59
0	27
0	35
25	3
0	2
0	2
26	8
0	87
0	36
0	35
0	31
9	5
27	65
0	57
0	4
38	30
11	30
0	14
2	3
0	10
0	11
0	2
0	18
0	18
7	0
0	14
0	10
2	8
34	18
0	18
0	2
48	2
91	30
0	16
13	12
7	14
16	9
0	33
20	8
1	6
11	6
2	24
5	0
0	74
0	42
11	309
0	309
0	306
0	93
13	2
0	2
26	22
0	1
0	9
3	9
4	6
0	9
0	94
2	94
3	0
0	21
0	21
1	18
60	32
18	13
0	7
0	55
34	58
0	58
0	9
0	56
0	38
2	31
0	0
62	1
51	1
0	56
15	77
38	108
0	66
0	102
0	71
0	45
0	35
20	27
7	21
2	2
159	31
1	0
9	71
34	6
0	50
5	51
0	43
0	43
21	67
0	16
12	34
3	34
0	0
0	66
0	41
1	0
0	18
6	18
0	4
5	423
0	9
0	19
15	19
26	91
56	74
0	74
3	74
0	39
11	13
1	14
0	19
0	13
11	13
12	26
1	9
0	74
11	17
0	5
0	5
1	17
40	59
6	13
144	1
0	45
4	3
3	3
0	4
7	13
0	15
0	22
0	22
38	57
0	48
0	52
0	48
0	9
0	35
7	2
56	70
0	11
0	6
0	16
5	16
0	16
0	16
0	11
0	1
0	34
0	29
0	9
0	4
0	106
2	106
209	234
2	222
2	17
5	8
14	11
0	19
194	36
7	12
10	22
64	5
0	85
0	95
82	235
8	124
10	124
3	54
0	7
0	0
0	5
3	0
33	5
0	5
7	0
0	80
0	78
0	78
0	75
0	67
0	65
0	65
0	62
4	14
0	18
36	10
0	6
0	3
18	7
4	0
3	0
0	0
0	1
0	51
0	51
47	42
32	39
7	39
67	38
2	0
29	42
31	15
25	46
0	171
0	20
0	2
0	1
0	15
6	3
50	19
0	171
0	33
0	35
0	36
0	203
0	79
0	45
0	20
0	189
9	10
8	1
0	10
4	8
10	3
14	11
0	6
1	15
0	11
0	15
0	12
1	15
0	18
4	10
0	16
33	26
6	11
0	36
98	1
0	1
0	43
0	12
59	40
65	87
0	1
0	5
0	1
8	0
0	0
1	0
4	96
0	52
6	74
65	21
0	97
29	108
0	27
0	18
0	25
20	39
0	34
0	34
2	26
0	16
0	6
2	6
0	18
0	18
0	18
0	18
1	15
0	15
1	7
4	22
3	54
0	16
0	108
0	16
0	34
0	37
55	37
0	45
2	47
0	55
0	61
0	61
66	68
4	29
17	59
0	52
6	11
82	15
0	12
0	15
0	3
5	10
15	21
26	12
197	36
20	3
0	29
49	74
176	11
0	1
102	0
9	19
0	7
0	11
0	11
0	11
0	9
0	0
0	7
0	2
14	53
0	19
0	2
0	27
0	3
0	9
0	18
2	49
21	21
0	9
86	1
0	20
0	22
7	38
0	30
41	155
25	107
0	21
0	0
0	36
2	69
0	10
4	18
0	8
0	1
0	0
0	0
1	8
0	14
0	0
16	12
2	12
0	6
0	31
0	26
30	52
0	25
2	11
0	29
7	12
2	9
0	21
0	16
0	6
0	25
0	8
0	7
10	19
0	28
0	11
0	24
0	23
0	4
22	92
78	0
92	0
8	20
0	6
309	264
0	7
80	5
2	5
11	19
0	19
0	4
1	33
8	24
27	29
2	29
4	22
0	22
0	15
0	7
0	14
0	19
44	3
0	17
0	10
114	121
0	4
0	6
0	8
0	19
5	18
0	13
0	6
0	16
0	16
0	9
0	13
0	1
0	10
1	10
0	13
33	41
9	50
0	48
10	10
159	231
12	35
0	6
0	25
0	19
64	69
100	102
0	0
0	10
0	3
59	23
0	18
0	20
64	31
0	26
0	20
28	0
0	10
54	27
0	10
0	8
0	35
0	41
2	22
1	24
0	2
0	2
2	0
6	0
0	0
0	69
0	86
35	86
0	5
1	4
6	1
13	12
93	0
23	308
35	282
0	69
44	121
0	116
0	83
0	0
0	5
0	32
4	33
0	30
0	18
0	16
30	13
2	13
5	10
0	20
0	20
0	0
80	98
33	0
111	266
0	38
0	9
51	27
0	22
2	4
70	4
11	16
0	37
0	4
0	14
0	2
0	11
50	15
0	37
3	26
0	106
66	108
5	20
0	20
13	3
16	35
3	33
0	9
6	50
0	23
4	40
1	13
0	15
0	13
6	5
0	92
0	92
0	44
143	643
0	121
11	1
2	5
21	3
3	0
4	431
3	9
1	9
5	280
114	30
4	15
12	15
0	5
11	41
0	79
0	4
0	2
0	2
0	2
28	1
12	1
2	1
0	52
14	2
0	2
8	1
1	1
7	0
1	8
0	8
12	23
1	25
0	25
0	25
1	4
0	2
5	13
23	199
0	0
7	46
0	33
0	33
0	18
0	1
0	1
15	1
60	110
46	101
0	31
2	36
0	25
0	43
0	675
0	675
0	45
0	43
0	638
0	638
0	649
0	14
0	11
0	14
0	16
0	6
0	8
0	1
0	0
0	1
0	0
0	6
0	6
0	0
0	4
1	9
0	71
0	31
92	78
1	85
0	113
88	151
5	47
13	0
0	0
99	15
0	15
16	5
6	0
0	3
0	4
0	60
0	57
0	45
144	58
0	39
0	6
141	33
0	203
0	279
0	74
271	0
19	61
0	59
0	17
0	5
0	8
0	6
1	3
2	3
3	20
4	12
13	18
0	12
0	0
129	0
67	125
4	86
2	10
1	66
145	53
20	53
0	31
2	0
6	59
0	59
0	187
5	419
0	40
0	72
4	67
0	28
0	28
0	16
0	43
0	55
4	67
25	42
0	24
16	24
4	0
3	31
18	23
0	37
2	14
1	1
243	43
20	41
0	1
4	42
0	55
0	36
0	27
0	30
5	39
0	0
77	0
27	46
0	17
0	21
0	8
84	60
0	6
0	3
0	3
0	3
1	3
0	3
0	2
1	3
0	0
81	46
0	56
1	6
0	52
2	177
0	140
0	142
0	33
0	36
0	35
0	27
39	35
6	175
1	41
0	86
20	77
1	58
28	48
0	23
0	0
0	11
0	14
6	11
0	17
1	14
0	7
0	76
0	69
147	52
0	52
5	0
14	21
220	58
0	36
6	5
0	21
0	178
1	84
0	185
1	108
0	41
13	94
23	25
38	0
81	14
19	31
40	69
0	7
0	19
28	4
0	15
25	10
0	13
23	3
10	8
0	8
98	33
13	1
3	11
0	11
14	0
9	574
0	360
1	19
15	65
0	41
0	34
0	9
0	43
0	9
0	17
0	17
2	17
0	16
0	9
0	9
9	0
1	3
68	18
0	3
3	24
0	24
0	158
0	15
0	16
0	0
0	6
0	44
0	9
1	57
0	40
6	37
7	51
0	28
0	28
0	8
0	5
4	5
129	179
6	16
6	3
0	14
9	0
0	37
0	37
0	31
0	64
0	80
4	99
10	99
0	51
27	32
0	6
52	3
55	6
54	23
0	92
0	64
0	0
0	14
0	14
41	76
0	9
52	15
32	15
0	65
6	54
4	0
4	55
0	45
0	31
0	1
0	13
0	13
0	33
0	11
0	1
8	0
113	86
0	32
12	40
0	20
0	19
14	12
0	3
0	30
4	17
14	7
16	6
27	49
9	49
0	1
0	0
18	0
0	211
54	181
0	62
0	11
147	16
0	82
0	0
0	7
29	1
0	23
96	0
16	89
18	0
241	46
5	29
0	36
0	12
2	6
6	4
2	0
25	55
2	21
48	37
0	19
4	39
0	22
0	21
4	121
0	347
0	347
0	67
0	12
0	20
0	6
89	47
0	15
19	3
6	0
16	48
6	2
4	3
10	0
0	72
0	72
12	11
6	3
4	11
0	0
0	0
0	9
0	9
0	135
0	135
0	2
6	5
108	1
104	41
30	48
0	51
2	3
10	36
0	2
0	15
5	119
61	42
0	34
65	185
0	32
16	8
9	132
0	132
69	0
67	89
20	116
18	15
1	10
0	10
0	7
1	51
0	34
0	49
0	36
0	19
0	8
0	8
1	2
7	2
72	0
0	1
0	70
0	70
0	70
0	70
4	0
25	11
0	10
0	43
10	43
22	68
0	62
69	72
0	17
22	5
6	0
5	47
50	2
0	11
78	10
0	53
11	0
39	95
17	27
0	5
0	74
13	26
4	26
0	0
5	0
33	11
0	6
0	6
5	0
0	5
0	0
104	108
112	10
0	28
0	28
0	13
0	22
0	7
1	12
0	7
4	0
1	50
0	14
0	37
4	32
0	23
0	160
0	0
6	2
54	60
1	160
47	0
62	81
0	83
3	9
0	44
52	0
24	6
0	6
0	223
9	94
18	41
6	0
9	15
0	223
66	0
127	34
305	0
52	12
13	12
40	12
23	4
0	0
19	4
0	4
7	21
0	21
0	33
0	44
12	51
0	11
0	28
0	12
0	1
2	6
0	11
0	10
24	2
0	10
9	48
41	9
0	17
65	191
0	191
0	39
0	24
0	12
5	11
0	18
0	18
7	31
0	31
20	18
0	18
0	31
0	31
1	6
6	0
1	1
0	6
29	0
30	238
69	26
250	290
0	5
21	1
0	25
8	0
0	2
0	17
0	25
11	6
18	46
6	14
148	0
280	7
14	7
61	329
0	17
0	21
0	25
0	4
16	28
31	46
1	1
0	23
0	64
6	64
0	20
8	3
4	3
63	94
0	166
0	93
0	36
9	93
3	3
2	171
0	8
0	166
0	1
0	1
0	1
7	39
0	39
34	0
14	72
0	68
17	47
0	34
0	54
0	8
2	12
37	20
0	19
51	19
0	19
2	5
8	3
24	17
0	5
0	17
115	15
0	15
0	11
0	15
0	15
0	8
0	11
5	8
0	3
4	11
0	4
0	3
0	3
0	3
0	0
0	0
4	0
1	0
0	0
0	11
0	11
54	140
7	140
44	42
6	9
0	4
2	6
38	109
0	20
0	0
3	20
1	54
0	44
0	4
0	4
0	1
0	176
0	49
0	25
0	4
0	4
80	6
43	5
0	176
46	2
1	2
0	8
0	8
0	7
58	2
0	3
58	82
11	82
0	22
4	62
4	7
0	2
0	69
31	4
53	33
0	18
0	49
8	57
0	47
42	0
8	89
0	89
0	89
0	36
25	11
10	11
2	47
0	5
1	46
0	113
0	97
0	60
0	50
28	32
5	7
1	113
0	0
37	31
0	79
14	90
15	2
9	0
50	60
0	16
3	10
0	0
0	10
71	60
2	60
21	40
25	333
0	40
0	26
7	23
0	23
0	22
14	11
0	11
181	278
25	28
18	263
1	6
0	33
16	3
0	27
4	12
50	57
18	51
0	37
5	73
53	3
0	73
0	129
28	251
0	81
0	59
0	41
0	122
39	73
0	42
0	34
0	33
0	0
0	0
0	38
29	62
0	112
0	112
0	111
3	48
0	33
0	8
0	196
0	613
0	613
134	613
0	595
0	19
0	51
0	60
1	9
4	0
1	0
2	0
0	36
24	36
0	10
13	1
53	0
14	27
0	27
0	20
0	24
26	92
32	23
0	64
0	24
0	32
0	27
4	30
0	32
2	24
10	20
76	19
0	0
0	19
161	27
106	32
64	59
13	56
6	56
5	26
1	126
0	123
0	19
0	20
0	11
42	76
0	126
861	93
0	45
0	50
1	12
0	12
0	11
0	9
27	16
51	12
0	4
5	10
0	37
0	6
2	0
0	37
0	46
55	238
0	196
0	62
0	67
15	65
0	60
0	37
0	16
5	69
0	81
0	11
14	29
4	11
16	3
7	0
65	61
0	3
21	61
15	0
91	17
0	18
0	18
160	95
7	52
0	13
11	34
0	27
12	64
13	59
0	59
5	3
5	0
2	3
0	0
76	207
0	135
0	19
0	115
0	19
5	23
1	349
12	0
1	2
144	0
20	8
26	1
7	38
45	76
0	109
0	124
0	9
0	17
0	12
0	15
0	14
0	41
326	222
0	39
0	40
0	2
12	17
1	12
0	12
0	13
8	12
5	10
0	20
0	5
1	0
1	3
0	39
55	328
0	25
6	1
2	3
1	114
195	38
5	40
0	33
5	42
0	32
1	33
0	36
23	66
0	17
0	22
0	14
0	10
0	20
0	4
2	15
10	0
0	12
0	8
5	0
0	38
0	13
11	3
0	3
3	3
0	1
1	5
77	0
78	0
22	0
11	83
0	83
1	26
2	19
6	2
23	0
0	0
1	0
23	52
0	8
0	34
0	18
0	19
0	10
0	7
0	2
0	2
39	0
23	47
0	51
0	4
4	51
0	113
15	113
0	27
11	313
82	66
17	23
0	23
43	0
10	2
67	39
0	16
0	12
1	5
0	9
0	13
6	19
0	325
8	325
0	49
0	6
56	172
0	11
0	11
0	11
0	11
0	8
3	0
1	12
5	35
0	2
0	12
0	2
11	19
0	9
1	6
0	0
0	10
2	15
32	76
0	51
0	28
0	15
105	0
0	5
0	12
0	6
0	13
22	7
0	5
1	1
0	0
13	0
0	29
0	10
1	10
0	7
0	10
0	32
63	55
0	4
1	0
16	0
71	51
55	8
4	8
0	8
0	12
0	8
7	11
3	8
0	6
16	2
64	123
6	21
18	88
0	0
0	0
1	68
22	88
7	31
0	30
3	8
2	3
0	5
0	57
0	59
0	56
0	54
0	16
56	0
147	421
0	29
3	29
0	3
1	20
0	15
0	30
0	30
6	5
0	14
0	17
13	1
11	19
0	3
0	16
101	176
0	11
0	59
0	12
10	19
0	19
206	102
0	36
0	10
0	15
41	63
0	60
0	14
0	14
0	17
7	101
24	77
0	79
0	14
33	61
0	61
6	4
16	34
52	13
0	9
9	13
85	5
1	0
0	68
65	4
65	0
0	68
0	0
5	1
23	3
0	3
0	3
38	8
2	3
1	69
20	69
0	22
0	23
19	45
7	69
0	48
0	35
0	9
30	25
0	0
0	21
182	19
0	42
0	38
0	2
25	34
0	12
0	3
13	32
0	9
0	34
0	2
0	48
0	48
23	0
0	1
9	21
0	14
0	10
0	21
0	19
4	5
0	0
12	9
0	2
8	0
0	3
62	53
12	13
54	23
0	19
0	8
0	2
0	19
6	18
11	6
3	26
5	1
0	25
0	47
0	46
11	3
0	7
6	6
3	4
26	41
0	8
0	8
48	11
0	21
0	82
15	18
0	16
14	2
0	0
65	1
58	71
0	127
0	47
0	0
37	70
0	1
39	7
35	21
1	13
38	11
29	17
0	14
2	1
105	9
136	93
0	87
0	46
0	73
0	89
0	70
2	77
59	7
25	99
0	10
0	5
0	12
0	12
0	60
2	12
4	0
15	2
11	62
0	13
24	117
0	15
3	50
5	476
71	79
0	14
1	14
0	17
0	3
0	0
11	27
0	10
39	40
0	4
0	10
2	18
0	10
0	12
0	6
0	12
14	20
0	20
0	36
0	50
0	6
0	19
0	20
0	33
29	42
18	142
0	64
0	18
52	139
31	78
15	0
0	32
64	41
14	36
0	36
0	1
0	29
0	3
9	38
57	43
0	20
0	43
23	56
15	45
0	41
0	10
0	18
1	30
33	20
0	30
0	24
85	10
2	0
1	10
7	10
4	7
7	45
16	86
12	29
0	109
0	191
75	361
0	5
0	34
0	16
6	103
0	31
0	40
0	36
3	0
10	9
473	530
0	24
47	54
0	34
9	39
0	250
0	228
0	234
0	4
0	2
3	0
34	69
3	18
6	19
0	19
0	4
22	9
2	0
0	4
0	13
18	13
0	10
0	9
0	10
40	6
78	66
17	342
27	17
0	22
42	30
13	37
209	26
22	15
0	13
4	1
0	6
22	27
0	11
58	128
10	22
60	15
9	0
0	114
0	128
0	26
0	58
6	44
0	14
0	0
4	0
30	11
0	0
2	28
0	26
1	26
9	11
49	25
0	8
22	0
8	13
0	14
0	5
0	4
5	4
0	5
8	0
0	278
0	292
5	294
0	247
0	14
39	34
1	12
0	2
0	22
5	2
0	2
0	2
9	6
0	6
0	25
42	25
17	25
0	10
3	64
20	64
0	25
33	4
18	0
16	42
0	9
0	14
4	40
0	12
0	12
2	9
0	9
0	14
19	11
0	30
7	30
0	0
0	30
266	85
0	129
0	129
22	34
28	18
2	8
4	34
13	8
0	8
0	18
9	0
112	0
13	13
0	45
0	39
0	7
0	1
0	1
0	1
10	0
0	43
0	25
0	43
5	25
0	23
9	19
0	14
2	12
0	8
163	2
0	0
0	11
7	15
14	15
8	1
56	35
0	31
31	1
20	1
0	11
0	15
0	68
0	0
0	11
0	29
15	41
1	41
0	2
69	15
0	60
249	224
0	136
0	12
0	3
0	0
11	9
99	294
0	63
0	33
0	65
15	6
22	3
0	135
1	151
0	49
0	15
0	2
5	0
0	48
0	4
76	5
0	18
1	28
0	28
0	6
0	2
44	22
6	20
12	14
0	2
20	0
1	2
0	0
218	45
5	5
0	1
0	6
0	0
4	7
0	7
86	0
92	39
63	9
57	9
0	15
0	10
0	32
0	4
10	5
4	17
22	35
16	28
0	13
2	13
0	2
47	0
42	143
0	37
0	142
0	45
0	38
0	32
0	11
11	1
0	3
4	3
22	24
0	1
28	1
0	22
55	115
0	54
0	18
0	8
0	3
70	0
0	34
0	30
0	5
0	3
10	3
5	23
0	5
0	105
0	109
2	10
0	11
0	11
14	56
1	56
2	5
63	86
19	24
0	44
0	19
0	40
0	2
0	15
0	12
11	18
0	29
0	52
224	68
0	4
0	64
0	6
0	6
88	158
0	116
0	53
30	53
0	42
0	53
12	9
43	65
0	52
0	36
0	17
0	17
0	16
0	14
0	2
0	6
0	6
0	132
0	96
4	47
15	10
32	0
0	1006
0	87
0	148
0	419
0	143
0	22
0	252
0	294
0	979
46	407
37	12
0	10
68	79
0	55
0	33
79	46
7	15
2	5
8	20
45	0
8	4
0	54
65	54
7	54
26	6
0	215
44	233
0	36
0	43
0	25
0	37
32	20
9	6
3	2
0	2
34	5
13	1
69	0
4	0
37	0
12	24
0	24
0	21
56	0
41	279
0	123
147	130
4	4
23	11
0	63
2	0
0	68
23	239
0	235
31	37
0	54
50	0
11	58
101	58
0	11
7	20
1	15
0	8
11	7
10	1
0	98
0	86
7	2
0	4
0	14
8	11
0	7
634	52
8	20
0	4
0	22
34	22
0	23
4	22
0	22
3	22
30	16
0	9
0	16
1	16
0	16
0	9
3	6
61	16
0	49
0	48
0	47
0	7
0	9
0	51
16	31
0	49
4	95
8	70
0	24
5	8
0	5
8	108
18	72
0	6
9	17
0	5
58	12
0	1
20	18
2	9
9	11
0	58
0	18
10	63
0	27
10	21
26	15
0	20
0	11
1	14
0	2
0	5
0	87
0	27
6	37
6	25
1	21
17	33
5	0
0	75
15	285
0	11
2	7
0	22
24	6
0	1
0	0
6	1
0	1
104	21
12	62
0	1
0	0
60	2
7	0
3	59
12	8
0	8
2	0
0	3
0	3
0	60
0	5
0	59
71	0
0	90
0	70
1	90
0	77
3	13
0	3
10	12
16	4
0	4
37	55
6	55
5	39
0	26
0	1
0	12
0	12
0	0
0	0
16	1230
0	63
0	63
0	63
0	63
0	16
72	96
0	81
65	442
16	40
69	29
29	1
102	115
0	17
0	41
2	6
1	125
5	125
0	54
20	32
28	19
15	5
0	4
9	0
3	0
67	74
8	5
0	23
35	33
0	36
6	30
498	242
0	22
5	116
18	16
0	19
2	0
0	111
0	16
3	16
26	3
0	3
0	68
0	68
0	27
12	25
0	19
64	100
4	51
78	104
38	71
34	9
9	1172
0	860
36	41
0	17
0	19
11	19
0	22
0	0
0	1081
53	27
53	20
11	23
10	3
6	3
0	19
1	4
3	27
133	165
0	120
0	39
58	34
0	78
0	78
0	78
0	2
0	6
62	47
4	0
24	8
8	9
0	10
12	20
102	60
0	27
0	66
0	0
22	13
22	63
0	81
18	77
0	6
0	11
0	15
5	48
0	9
13	2
9	1
10	4
15	3
0	3
0	3
27	10
7	3
10	4
0	3
92	83
5	76
0	73
0	91
0	75
0	110
0	26
56	0
0	602
0	618
0	205
0	541
0	244
0	142
0	400
0	133
31	61
8	28
30	64
0	42
3	9
0	28
0	2
6	4
79	15
14	15
38	33
0	26
0	7
8	38
3	18
8	18
0	7
82	24
3	20
10	2
0	0
0	48
11	53
2	8
0	126
0	126
25	68
42	2
91	54
2	51
0	21
0	18
0	6
42	74
17	68
74	76
1	28
0	28
0	13
8	0
0	40
1	40
0	12
4	15
2	15
0	15
0	9
2	6
1	6
0	4
48	0
11	17
0	12
2	9
13	4
65	87
0	33
4	23
0	10
6	10
3	16
1	5
0	16
0	15
0	5
6	46
0	46
0	45
0	18
25	10
12	9
0	41
1	0
70	42
14	39
3	52
0	52
0	17
169	3
0	114
0	135
10	12
0	131
5	134
39	113
25	106
7	7
0	0
17	75
0	39
7	0
46	27
0	23
11	60
1	34
104	168
0	39
0	10
0	103
0	24
0	121
0	7
13	13
0	52
4	0
47	34
3	27
5	7
90	21
0	7
6	2
180	72
2	60
0	9
0	14
16	5
13	6
0	16
40	26
0	16
1	2
0	52
0	4
12	13
0	54
0	50
0	0
0	50
95	48
7	116
0	12
0	21
42	11
1032	3480
5	1
0	2
0	2
56	0
0	7
30	0
4	10
0	2
81	199
5	180
0	135
13	142
0	81
0	79
6	79
0	68
0	3
0	6
0	5
0	10
5	7
0	13
74	42
0	15
0	7
4	10
19	25
4	4
26	48
0	11
6	48
53	31
18	15
9	21
23	199
15	24
15	24
0	41
0	52
0	43
0	92
0	29
0	18
0	29
68	69
4	7
0	3
0	10
0	0
0	21
6	0
0	47
0	47
0	32
3	37
0	37
0	21
7	8
38	13
0	8
2	0
0	10
26	11
6	11
0	43
0	43
0	15
4	0
34	18
0	2
0	71
0	71
28	59
123	77
15	31
28	0
0	0
23	0
25	8
58	30
22	100
0	85
12	93
3	4
9	76
0	76
22	0
8	0
21	8
6	2
0	0
0	45
0	40
0	3
0	3
0	3
0	3
5	8
0	7
3	8
0	7
0	8
0	3
0	3
2	1
0	12
0	8
3	25
0	17
0	3
0	2
12	41
0	41
0	7
11	10
22	3
5	3
122	0
10	34
4	14
75	403
0	33
0	29
0	14
7	5
0	5
60	0
58	0
64	28
0	164
4	164
5	72
22	72
0	20
1	20
8	16
28	5
90	25
99	325
8	3
5	1
0	49
0	49
0	6
17	6
12	6
0	6
9	18
0	18
0	3
0	3
1	3
158	0
0	13
0	17
6	17
1	8
0	8
0	126
4	38
53	38
10	18
12	18
0	25
6	17
12	5
0	644
0	634
0	644
44	171
0	34
15	13
0	13
8	0
0	22
43	22
7	10
4	13
0	67
55	67
0	38
171	10
20	88
23	340
1	36
0	4
46	4
6	9
0	52
0	8
0	273
0	12
3	72
0	72
25	15
6	6
6	9
0	74
29	106
2	74
5	43
198	7
4	5
17	10
14	114
0	26
11	2
0	114
122	176
111	42
16	0
3	20
4	35
0	37
0	17
0	22
26	40
15	40
64	71
0	71
0	62
0	16
2	7
16	5
20	80
36	170
0	55
0	14
0	8
0	15
0	2
100	48
0	13
0	49
0	13
43	97
16	205
0	8
11	0
2	34
0	34
1	8
15	2
0	42
2	48
6	11
162	199
0	154
0	154
6	117
10	1
15	143
84	191
19	191
0	11
0	11
0	13
0	8
0	10
0	13
0	9
0	14
5	4
0	10
0	20
0	25
0	10
19	0
18	64
15	36
10	36
0	1
31	171
32	162
14	54
4	52
4	22
2	2
100	110
0	67
73	40
0	44
25	13
8	13
8	13
0	5
0	6
0	2
22	0
64	9
0	4
60	2
5	4
0	4
10	0
5	5
0	16
51	11
16	16
27	97
0	86
0	11
0	18
0	9
0	1
0	0
4	51
0	77
0	14
6	65
6	83
0	2
4	90
0	5
4	7
0	29
7	83
2	25
0	3
1	77
0	50
7	5
0	28
40	20
13	17
0	15
29	20
0	20
0	13
0	19
22	33
0	39
41	39
3	13
49	4
0	7
0	6
1	7
0	10
65	58
3	58
0	29
108	6
0	256
8	256
0	266
14	210
0	7
14	0
154	16
0	16
0	72
1	26
15	27
68	26
10	4
0	22
10	69
0	51
6	18
0	15
12	7
0	6
9	59
6	49
6	10
0	21
0	31
0	46
0	54
28	46
0	1
0	0
3	10
9	10
0	28
0	30
0	7
0	7
411	356
0	24
103	0
98	15
0	4
4	11
5	145
0	28
0	17
5	117
10	0
1	105
13	0
0	130
0	99
0	99
0	91
0	10
0	9
6	34
0	130
11	0
15	2
40	2
2	3
0	95
6	90
0	88
0	95
11	4
7	3
0	6
0	11
55	59
0	10
6	13
0	40
20	11
0	11
0	19
0	19
79	4
2	0
2	4
0	1
31	77
25	63
0	50
36	63
12	0
32	13
2	13
4	4
5	14
0	1
0	13
2	1
0	5
11	5
0	1
57	48
3	31
4	34
0	22
0	38
0	21
1	0
3	2
2	8
58	147
0	167
0	108
75	0
14	1
8	58
11	33
8	6
40	8
0	10
0	15
0	6
0	54
0	58
0	69
52	15
0	15
8	0
44	29
0	3
2	25
6	34
1	17
0	8
0	24
0	209
0	209
0	209
0	2
1	0
4	11
0	9
0	0
0	117
0	128
0	128
0	32
0	36
0	1
0	1
0	35
0	1
0	1
17	0
0	8
34	56
55	56
11	0
9	13
8	54
25	0
0	114
0	63
15	20
2	20
0	7
28	11
0	11
8	10
49	15
2	3
0	15
24	46
0	28
4	46
6	14
0	33
0	14
0	14
18	28
86	11
4	2
1	9
5	10
4	0
0	4
0	62
0	0
0	0
0	0
0	4
50	8
1	5
0	62
0	4
1	4
23	30
66	142
0	131
62	47
0	0
3	0
13	10
6	1
22	25
1	25
0	25
0	0
0	24
0	12
0	22
0	22
24	56
26	68
3	7
35	36
0	81
0	83
2	95
26	113
21	62
0	24
0	53
1	0
3	1
36	23
30	23
11	11
0	4
1	11
50	0
254	86
3	14
26	17
0	10
13	19
0	23
2	2
99	94
6	7
0	1
0	94
0	76
0	94
0	3
21	3
0	2
11	37
41	2
0	2
0	9
2	35
5	0
96	40
4	1
1	1
0	0
22	1
0	1
0	52
4	31
17	3
0	41
0	0
72	3
20	0
0	56
0	44
0	10
0	1
2	0
1	7
0	5
0	1
0	0
0	51
70	22
0	23
21	1
49	13
0	10
5	52
0	52
0	15
17	23
54	20
0	14
37	33
0	33
29	30
0	179
0	163
7	3
24	37
2	34
0	15
12	22
0	254
7	3
45	13
0	36
14	0
0	6
43	15
26	2
10	10
20	1
42	62
26	40
41	0
0	254
123	12
0	4
0	10
16	31
0	46
0	38
0	46
0	38
0	41
0	33
0	41
0	33
0	46
0	46
0	41
0	41
0	18
24	6
0	5
0	5
0	11
0	2
5	4
0	0
0	6
0	8
14	0
2	5
2	13
0	13
9	10
3	0
0	107
0	72
0	61
0	23
0	13
59	36
19	36
117	60
0	60
6	98
124	7
0	68
0	14
4	9
0	9
0	2
0	5
32	0
71	58
0	11
0	0
0	6
14	47
23	8
0	8
0	86
4	0
0	86
0	59
3	18
2	18
0	15
0	16
0	6
4	3
2	41
169	30
7	32
0	7
18	2
4	5
0	5
0	5
6	6
0	16
39	25
0	19
27	29
0	0
0	0
11	8
16	8
0	37
0	8
4	29
40	8
14	22
0	4
0	20
16	20
24	0
94	66
0	9
1	2
0	11
0	10
0	0
46	9
54	22
0	69
0	1
3	14
0	8
0	13
0	4
22	159
0	146
4	79
28	13
0	8
11	7
0	5
0	0
4	0
38	5
0	84
51	91
5	7
18	0
136	0
1	92
0	92
15	22
82	59
0	56
0	7
0	10
7	10
0	10
0	4
8	0
0	21
0	35
0	21
0	34
0	10
0	0
119	24
26	14
8	4
10	1
36	1
4	77
22	107
51	103
21	53
0	47
57	4
0	16
0	16
0	20
0	20
2	2
99	67
12	17
0	7
29	49
4	54
4	0
0	5
0	0
9	87
0	84
0	18
0	22
24	22
0	16
0	6
8	11
0	11
0	86
2	108
93	118
76	4
5	43
0	8
0	35
9	13
24	13
0	44
0	8
0	46
15	7
59	22
36	1
9	0
0	0
0	6
0	9
0	152
0	149
12	127
0	99
58	74
0	63
0	56
0	68
0	68
0	45
115	51
0	38
0	20
0	26
6	24
5	3
0	12
2	3
19	11
6	1
0	67
0	103
0	103
0	12
9	0
18	70
0	53
0	52
6	4
0	5
67	1
84	32
7	17
0	9
0	6
0	59
0	14
0	94
12	95
0	38
0	82
150	45
11	26
20	22
3	22
0	0
0	4
94	60
0	60
0	60
0	60
0	60
0	16
0	6
0	3
9	23
0	39
7	15
0	5
0	3
0	9
0	6
12	5
0	26
0	19
100	154
6	2
35	22
0	2
0	23
0	21
0	6
15	72
8	5
1	72
0	73
0	72
39	0
0	0
338	333
42	54
0	26
0	32
0	31
0	14
0	18
80	32
2	2
28	2
0	2
6	44
16	46
9	24
17	25
111	56
0	52
1	6
0	12
12	9
30	327
0	468
0	326
0	337
0	337
3	219
0	70
127	19
11	4
0	0
0	154
25	0
0	177
0	167
4	9
4	35
7	7
148	126
0	8
0	5
12	5
15	5
5	19
3	18
0	1
0	1
0	1
0	16
10	35
1	25
0	28
0	16
0	10
0	10
13	11
0	11
54	5
5	0
0	5
16	7
0	2
0	5
0	2
0	18
0	15
9	23
3	22
4	10
4	142
0	0
0	1
0	7
0	1
1	0
0	68
6	68
0	9
4	34
8	15
0	34
0	15
0	15
8	15
0	40
0	6
0	28
0	21
10	15
0	15
0	28
0	3
64	0
5	0
0	0
3	11
24	9
0	9
28	109
10	5
38	14
2	1
0	82
15	76
0	62
14	16
0	4
126	0
0	27
3	46
55	63
0	37
0	43
53	13
0	23
0	21
4	10
0	29
6	19
13	16
23	80
21	37
0	37
0	24
0	24
0	21
0	17
44	36
0	23
17	1
0	1
23	0
0	110
0	110
9	5
19	28
37	93
0	110
0	18
9	10
33	10
0	0
6	0
0	0
8	2
0	2
20	63
20	63
0	55
0	23
0	25
0	25
0	13
4	24
0	50
0	45
4	17
0	40
37	25
0	14
39	0
5	0
0	6
13	42
0	2
0	3
0	9
0	6
40	0
13	13
0	13
7	9
1	9
0	0
8	44
5	34
0	4
3	0
230	49
0	49
1	19
37	5
7	1
0	1
4	0
149	79
10	0
0	23
0	23
0	19
34	2
2	4
0	4
0	14
0	14
0	4
0	12
7	10
0	70
0	99
74	99
4	10
20	12
0	15
11	8
0	10
6	195
0	199
0	199
0	242
0	137
8	9
0	8
31	21
0	21
43	0
0	14
0	14
4	57
0	25
59	38
0	14
6	12
0	20
0	1
0	19
0	0
67	10
5	27
0	19
0	1
45	17
0	16
76	0
0	0
6	109
0	22
0	109
32	34
0	17
26	4
4	0
0	4
0	0
21	12
0	21
45	29
7	29
12	29
0	24
0	98
0	63
8	1
4	11
3	45
0	7
1	3
0	1
0	2
4	3
8	9
0	98
11	0
13	18
0	18
2	3
3	2
0	3
651	617
154	154
0	97
17	2
54	45
0	10
5	13
0	10
12	10
162	7
3	7
0	0
24	7
1	4
0	4
0	4
40	0
0	99
13	99
8	93
15	6
0	15
5	15
0	13
0	11
10	11
0	11
0	5
3	69
0	10
0	0
0	7
0	7
190	86
0	150
0	150
0	109
0	54
0	54
0	0
4	19
1	573
0	170
0	11
3	5
5	5
0	11
110	9
1	15
0	46
0	45
0	12
0	13
1274	3924
0	9
0	62
11	62
1	10
0	7
13	0
0	2
0	37
0	37
62	40
8	31
0	40
3	34
3	27
0	32
0	61
5	67
0	64
0	38
0	38
5	4
53	86
0	28
44	41
0	26
0	4
0	8
0	18
1	11
49	17
6	9
3	20
0	13
4	9
7	9
45	27
0	27
86	0
2	12
0	12
70	16
7	16
3	0
17	6
0	35
0	15
4	13
0	11
0	5
0	254
0	254
0	44
9	90
48	69
0	25
11	6
31	31
0	31
88	95
14	0
10	29
0	2
3	2
21	12
0	11
10	18
0	19
0	0
8	7
9	7
6	7
0	5
0	283
0	4
0	2
0	2
0	0
0	1
0	1
0	1
29	1
69	311
0	1
0	1
9	0
0	35
0	38
0	35
0	38
1	35
19	39
0	37
0	0
0	0
158	47
0	21
93	26
3	24
0	24
0	14
48	56
14	48
0	31
22	15
1	35
0	8
0	8
17	36
0	4
0	4
16	34
0	34
0	12
0	16
53	0
7	0
0	15
0	0
0	0
0	0
39	52
4	279
0	5
0	0
4	0
199	351
0	342
26	11
0	6
25	51
3	47
0	16
0	16
10	28
0	0
23	52
0	4
0	13
0	16
0	109
0	109
3	109
22	29
0	12
119	27
9	12
0	20
0	10
4	25
19	0
0	8
34	0
59	55
15	60
6	38
2	35
0	24
0	11
0	41
0	89
1	24
28	4
0	24
0	66
0	2
0	33
2	3
0	16
0	16
0	1
0	104
0	0
0	0
0	0
17	0
0	104
55	64
0	46
5	13
4	2
0	64
0	47
0	47
22	143
0	143
0	143
0	50
0	50
0	64
0	66
0	48
0	20
0	20
1	128
0	78
0	67
2	5
66	5
12	50
2	50
1	0
157	9
18	15
0	6
0	213
39	230
0	232
0	213
0	232
0	213
7	25
0	41
0	9
6	23
0	0
0	2
84	111
0	14
4	16
0	9
0	12
0	24
16	7
2	4
1	80
0	72
9	34
3	71
0	2
0	29
0	80
0	144
0	211
10	17
0	144
0	140
24	27
0	30
31	24
0	211
0	211
1	211
27	0
37	104
17	133
17	41
0	121
0	37
0	9
0	85
49	0
7	217
1	279
0	145
0	282
0	283
14	1
10	146
54	58
0	42
0	16
0	6
7	6
0	280
58	48
757	733
11	232
0	232
12	6
17	580
44	16
0	16
82	85
0	41
0	70
0	94
2	94
0	6
0	94
0	67
32	48
30	48
11	24
3	0
24	60
53	60
0	60
6	14
115	94
39	4
0	2
4	0
0	0
5	0
4	2
0	1
0	1
50	0
12	0
11	19
0	12
12	11
17	0
36	0
9	20
0	20
0	104
0	104
0	21
41	9
7	9
1	116
18	119
0	46
0	19
0	10
86	2
5	43
7	47
5	47
10	10
0	10
0	10
0	0
0	0
0	7
0	14
3	14
0	7
4	0
7	2
37	13
0	10
227	41
4	27
62	13
0	12
2	4
0	11
0	179
7	179
1	96
1	35
0	2
6	139
0	95
0	9
8	6
58	85
0	126
1	62
12	9
1	41
1	106
4	26
15	46
0	10
38	38
21	0
26	58
1	58
0	5
0	3
0	0
151	2
16	2
7	256
0	350
9	57
0	24
25	4
0	12
0	55
92	0
26	14
0	14
0	1
48	16
0	8
0	3
0	1
6	7
0	1
29	75
1	556
0	172
73	0
21	4
0	4
0	3
0	1
0	1
0	0
0	0
13	0
0	0
123	41
0	18
0	15
25	2
0	5
0	0
10	3
0	84
0	84
33	8
16	4
2	4
9	42
21	41
0	41
0	37
0	9
0	7
1	10
6	0
0	2
6	6
4	161
0	162
211	197
17	42
0	42
7	43
10	3
4	34
0	13
0	12
0	25
1	15
0	3
0	16
0	16
13	0
3	11
0	0
48	52
0	57
0	141
14	4
50	143
0	7
0	4
0	2
7	12
14	11
0	0
0	70
0	13
0	13
0	136
1	21
1	59
0	1
0	1
32	120
0	21
0	126
0	37
4	8
0	0
2	10
4	1
3	1
0	1
1	1
4	4
0	24
16	24
67	104
0	75
137	47
2	19
0	0
0	4
17	21
0	0
9	0
25	8
0	8
0	96
117	40
14	40
1	6
7	1
132	38
4	3
0	9
50	16
0	103
0	103
0	41
83	16
0	11
9	1
0	3
4	0
76	35
0	2
0	27
13	138
0	61
159	1
0	64
44	138
0	1
0	73
0	7
17	119
3	114
41	97
0	98
21	100
0	94
0	66
0	41
0	20
6	30
0	2
15	3
66	0
1	1
0	1
0	1
0	4
0	6
8	6
0	0
32	14
0	14
0	50
0	64
1	52
0	19
53	19
10	18
0	18
0	22
31	27
0	8
2	9
0	7
0	6
0	5
2	3
0	2
0	2
41	45
0	9
27	3
0	4
7	32
0	44
0	46
18	44
0	42
7	2
6	184
0	153
29	17
0	181
0	0
3	161
0	181
0	13
30	73
36	0
12	15
0	0
0	189
0	22
11	223
0	13
2	67
55	104
0	13
0	7
0	3
6	49
29	87
10	2
6	5
51	346
0	331
1	2
4	20
26	32
29	32
0	5
22	47
12	3
0	127
3	18
0	124
3	16
10	10
3	3
5	0
0	124
29	39
48	6
10	61
0	64
0	29
0	1
0	116
0	114
0	14
3	9
47	29
0	4
1	16
13	16
96	37
12	37
0	10
0	5
5	2
25	5
12	5
0	5
0	0
0	20
4	140
0	32
0	3
9	8
0	45
21	25
16	9
18	26
55	10
0	9
0	82
0	20
0	26
2	20
3	20
4	19
1	13
0	2
0	2
0	8
0	20
8	0
0	30
0	30
0	15
87	67
0	24
0	58
0	6
105	97
1	31
0	31
197	28
2	28
2	8
21	176
6	17
3	16
0	176
0	210
0	210
0	210
0	176
9	117
0	117
0	11
0	9
1	14
4	13
0	19
7	6
12	8
76	0
22	3
0	1
0	2
4	0
6	2
65	0
0	59
0	49
12	7
0	1
0	22
0	59
125	51
0	49
79	114
22	0
0	0
2	4
0	7
0	23
0	36
3	114
151	120
0	19
10	13
4	13
11	16
0	15
1	1
8	0
3	2
0	2
0	31
0	31
1	9
86	117
0	12
16	0
0	0
2	41
4	0
2	1
0	5
0	13
0	7
0	11
3	14
0	17
7	13
33	0
2	4
52	3
0	40
0	65
0	66
0	2
0	12
48	91
68	66
47	104
139	104
8	7
31	74
12	0
1	0
0	0
26	0
12	6
4	12
0	1
0	86
19	16
0	11
0	6
0	45
14	42
0	84
9	9
1	9
73	49
0	49
0	3
0	39
14	44
0	43
2	43
0	26
2	41
154	91
1	77
0	53
0	9
0	34
5	51
3	19
0	1
0	0
0	0
0	10
12	2
0	2
5	13
0	10
9	2
0	2
3	0
2	0
2	0
31	141
23	71
0	141
62	31
11	29
64	15
0	2
6	12
22	0
3	0
0	0
134	0
2	0
0	7
0	7
0	7
0	83
7	83
0	2
5	8
18	2
4	9
0	8
12	8
3	22
2	126
2	352
58	39
32	3
0	352
16	157
0	111
0	143
0	20
1	5
5	10
0	12
0	0
0	12
0	12
27	105
0	8
18	3
18	188
10	146
0	140
32	1
0	35
0	17
4	17
0	8
0	2
25	0
0	0
19	0
10	0
10	228
50	39
136	0
28	64
0	76
0	76
1	0
1	511
0	170
7	109
1	1
8	10
2	10
15	8
0	16
0	8
7	13
6	15
0	6
0	3
0	9
28	12
21	0
176	100
0	71
0	56
0	9
8	0
39	146
0	0
3	9
56	8
0	8
41	0
15	0
7	8
4	141
0	42
0	139
27	29
2	29
0	19
3	9
0	23
105	12
1	2
0	10
15	52
0	5
2	59
19	160
0	73
1	20
190	2178
5	0
0	8
0	15
0	0
67	0
0	336
0	335
0	4
0	22
23	59
0	24
0	40
0	0
7	0
0	37
0	28
22	0
0	20
0	20
0	32
79	10
4	33
0	22
2	22
124	0
28	0
126	27
0	43
0	43
0	30
7	12
0	21
11	0
46	46
0	92
0	92
8	24
0	4
0	2
52	5
11	5
164	10
4	3
0	42
0	42
33	0
35	88
3	44
0	2
10	133
2	2
6	1
0	111
0	126
43	46
112	4
5	27
189	58
3	8
36	43
0	42
4	13
9	0
68	6
3	5
0	1
0	1
13	36
39	0
3	161
0	71
0	64
0	6
55	7
28	21
44	16
0	5
63	100
0	161
0	47
0	47
7	0
0	26
3	39
0	21
9	171
0	72
0	64
0	75
0	75
44	145
0	25
0	11
0	5
0	3
1	0
3	0
21	0
0	13
5	13
0	96
25	22
0	16
0	12
7	0
3	0
0	6
2	1
0	5
0	0
34	228
7	42
0	15
0	42
0	40
82	276
66	7
0	7
35	3
0	0
0	3
0	0
0	178
0	134
0	97
0	19
2	19
0	19
57	28
40	29
0	19
0	9
3	21
70	51
0	18
0	47
33	6
0	3
2	19
0	18
138	0
0	21
12	18
65	0
0	7
10	7
15	39
8	0
0	13
51	33
54	51
1	40
6	4
6	4
2	25
14	25
0	14
182	65
0	2
71	72
0	41
0	33
80	20
0	3
10	9
0	6
0	29
6	0
2	5
1	5
9	120
0	110
0	103
0	125
39	25
3	2
25	36
0	2
2	26
52	29
0	29
0	29
56	0
109	61
0	4
0	20
3	0
18	40
0	0
1	0
4	1
33	3
0	0
6	15
71	45
0	33
0	41
2	5
0	41
62	73
0	64
0	64
0	46
7	30
0	0
2	7
1	11
0	16
29	11
45	7
12	0
39	5
1	12
26	61
7	59
0	50
1	1
0	18
0	18
0	16
0	0
0	8
0	8
11	36
0	36
4	20
0	9
1	8
127	51
7	37
17	31
0	0
11	0
1	8
3	0
8	3
0	6
29	12
103	29
56	12
30	12
0	21
0	21
2	0
15	150
0	140
0	135
6	7
0	6
8	89
4	0
9	130
0	5
0	90
2	14
0	83
0	40
0	20
0	189
0	189
6	14
9	0
0	27
14	27
6	12
25	103
0	23
0	96
22	69
3	3
0	3
0	89
0	109
0	109
0	109
51	112
174	4
0	18
0	18
2	11
1	6
147	58
37	36
17	53
5	7
0	7
162	0
0	65
34	104
34	5
0	104
0	8
19	8
0	0
3	22
7	15
5	15
29	4
12	21
16	12
0	17
0	12
0	159
0	23
23	159
3	1
0	13
0	13
546	0
39	30
0	27
0	4
0	25
28	1
47	0
0	1
0	27
0	39
7	39
173	54
0	54
54	25
0	25
0	23
30	25
18	34
0	34
0	34
101	128
0	128
3	0
0	3
29	35
112	27
0	32
2	2
48	325
1	2
0	98
0	99
6	10
241	594
17	8
0	19
201	90
0	7
0	1
0	27
24	7
7	356
0	356
29	12
10	4
30	16
0	23
50	2
17	2
163	20
12	11
0	11
0	70
12	5
0	71
17	5
129	82
0	68
0	10
0	19
116	173
66	3
66	11
0	3
0	3
4	9
0	9
0	74
1	0
25	0
0	7
0	9
0	9
0	5
0	0
3	3
0	3
0	0
0	4
0	4
2	3
0	7
24	7
0	7
8	174
10	174
41	0
0	51
4	6
109	6
2	2
10	35
0	28
0	28
16	2
0	26
7	15
0	10
34	1
0	1
3	1
19	2
152	2
5	0
37	1
76	122
8	120
0	88
13	15
28	6
28	2
32	22
0	22
23	9
26	26
22	179
10	120
44	179
8	1
0	15
11	15
29	55
0	63
0	18
0	16
33	0
13	29
2	1
0	15
0	19
50	0
73	2
1	2
14	0
123	371
5	68
0	303
0	0
283	8
19	8
137	39
0	32
65	15
9	2
10	2
0	13
9	0
183	68
0	36
0	43
0	43
3	0
7	0
0	0
0	0
7	0
0	1
0	21
0	5
0	1
0	1
0	1
0	28
0	69
0	17
0	15
0	16
0	9
4	6
2	12
0	4
6	6
0	72
36	20
0	14
0	23
0	23
0	2
0	41
0	0
0	38
50	13
0	13
1	16
27	3
0	3
0	17
3	51
11	51
0	8
2	0
0	2
0	2
14	15
1	3
4	2
7	5
0	7
20	0
2	9
0	47
0	13
0	13
0	19
0	47
0	16
0	6
0	51
0	7
0	7
0	10
2	10
61	33
28	13
0	26
0	6
0	26
0	15
10	28
1	15
0	16
6	0
0	0
5	13
0	0
0	5
9	5
0	116
0	59
92	60
4	5
0	0
0	0
0	0
147	46
0	39
46	28
80	31
76	57
0	20
5	0
0	58
1	0
16	0
0	10
18	26
5	37
0	7
18	0
0	3
24	4
4	0
38	27
60	23
4	0
0	96
1	50
4	97
0	42
33	11
15	11
9	0
240	13
0	35
0	22
0	21
0	0
0	175
0	175
3	173
24	30
0	27
0	27
0	25
0	113
0	113
3	7
0	3
0	89
21	7
0	93
47	200
0	200
0	85
46	1
0	28
108	61
0	4
23	14
0	18
0	10
0	7
0	3
8	4
0	203
0	217
0	208
0	218
0	11
0	21
6	0
0	58
13	9
1	2
10	12
0	78
65	31
0	6
0	22
4	6
4	25
0	0
0	1
64	0
50	18
11	9
0	10
35	31
9	0
0	0
32	13
0	13
37	35
0	18
85	117
3	90
0	90
0	33
0	127
0	127
0	18
4	50
0	46
0	6
0	4
0	26
51	51
0	15
0	50
143	18
0	18
71	33
16	99
2	82
0	74
25	21
1	59
65	106
0	72
0	115
0	129
0	23
0	26
0	18
0	5
0	480
0	480
0	483
0	483
0	478
0	481
0	24
18	0
51	58
39	86
0	6
0	2
39	196
2	3
398	7
3	12
0	7
0	115
37	16
0	111
0	21
0	21
0	7
0	6
0	1
18	1
2	38
0	38
0	13
0	8
0	7
0	3
12	0
0	13
0	13
72	0
50	22
36	44
0	84
0	86
0	29
16	25
0	1
0	12
0	8
1	5
0	5
0	5
54	0
23	27
22	144
5	59
0	26
0	139
0	139
4	20
0	18
3	12
2	10
24	25
0	24
0	24
0	24
1	1
0	22
0	0
35	17
40	0
201	33
0	33
0	27
53	23
0	13
0	33
1	42
0	42
0	35
7	1
4	1
0	295
52	295
0	34
64	12
2	4
0	5
4	6
0	1
0	1
5	3
0	3
2	148
0	68
0	132
0	145
0	8
23	91
0	25
0	6
54	48
61	9
21	18
0	2
0	2
3	2
1	2
0	51
1	51
0	26
0	12
0	12
24	0
33	10
0	10
4	8
0	39
2	39
9	1
65	15
0	15
91	590
0	203
0	5
0	175
5	27
0	27
0	23
0	23
0	11
7	0
12	0
6	3
10	3
92	0
1	39
0	39
0	13
8	47
0	28
12	26
0	6
8	27
12	0
0	11
9	5
9	2
0	1
39	159
0	36
0	8
0	158
55	3
0	3
0	3
0	57
0	55
0	28
52	42
27	30
0	30
0	4
0	2
8	2
5	3
0	3
7	71
0	71
4	22
10	6
7	0
0	43
0	43
0	20
30	0
11	101
0	82
0	106
49	78
0	30
0	8
63	119
0	0
0	18
0	44
87	44
5	3
0	59
0	9
0	59
150	196
9	36
0	36
0	36
8	24
0	38
2	0
7	3
0	3
32	5
22	1
60	15
0	255
4	255
0	104
2	104
0	35
0	38
0	38
0	38
0	63
8	3
5	6
8	2
0	0
0	0
0	16
8	63
0	49
0	34
0	49
0	49
0	49
17	0
200	115
49	105
0	23
5	80
50	17
0	42
0	102
0	19
0	34
3	10
2	14
0	9
70	9
0	5
1	0
88	344
3	295
7	26
3	7
8	14
3	11
53	50
0	18
8	11
28	69
0	9
0	22
3	6
6	15
3	7
143	30
1	3
25	55
0	9
18	212
153	197
0	32
8	42
1	53
0	121
9	2
3	9
11	20
4	20
0	16
1	0
0	81
0	20
0	85
2	8
107	8
22	0
13	62
0	63
0	135
3	0
0	4
25	53
29	287
0	47
0	9
0	5
0	4
2	5
0	5
47	57
3	24
0	6
0	6
4	33
18	27
0	9
2	3
0	0
43	16
115	16
0	57
2	57
2	14
0	14
7	14
4	0
16	0
204	8
1	0
0	1
0	8
11	7
27	11
7	3
22	11
2	6
0	5
1	0
76	30
0	12
0	1
0	12
0	1
0	15
0	3
10	2
0	5
0	5
0	0
0	0
0	0
0	0
0	1
0	35
0	32
0	32
0	11
95	20
0	0
6	0
6	1
0	14
0	14
208	25
4	12
32	12
0	3
0	71
2	71
0	1
14	4
0	4
89	55
9	2
0	20
26	0
0	21
0	3
39	39
8	85
0	85
47	31
47	19
3	19
0	80
13	96
40	107
3	96
12	92
44	66
0	37
0	0
126	67
0	67
0	31
0	18
2	393
0	391
0	24
0	65
0	36
3	8
20	5
8	19
0	4
0	17
0	11
0	11
9	9
57	12
0	9
72	44
6	3
4	41
11	150
0	23
0	17
17	109
0	11
16	43
0	26
0	28
6	8
7	1
5	6
0	13
0	13
4	2
4	5
0	22
0	20
14	0
5	1
2	48
0	10
0	10
0	3
1	8
25	66
0	9
12	16
0	16
39	6
3	2
0	13
0	4
4	0
5	0
0	2
0	31
24	60
11	24
0	21
0	16
0	9
2	1
4	4
1	5
0	5
0	0
0	0
0	0
15	12
12	48
0	32
0	37
0	55
0	42
0	43
0	10
0	5
2	14
0	43
3	13
0	13
0	0
0	11
34	27
0	22
57	39
0	37
20	5
0	24
0	2
4	5
18	10
19	151
52	33
104	32
8	18
58	7
7	10
0	2
58	6
122	36
3	8
0	16
0	7
0	11
3	18
0	21
10	35
0	22
0	2
15	0
5	29
0	22
50	7
0	0
1	0
57	0
53	46
1	46
0	33
18	20
8	6
0	46
0	3
23	13
0	13
5	75
78	40
0	40
0	39
0	44
0	34
0	12
7	6
0	0
111	5
89	12
3	9
12	3
42	19
1	0
7	12
0	12
5	41
1	18
0	41
0	126
17	25
48	25
0	18
0	2
0	65
97	109
12	32
0	10
7	412
15	18
0	18
0	1
77	75
7	13
8	7
7	7
0	27
0	27
0	19
0	37
59	62
35	39
17	74
0	10
0	35
0	42
50	84
0	31
0	45
650	373
0	212
0	187
0	46
49	68
16	25
27	22
157	84
4	26
4	12
10	39
0	33
7	5
0	5
3	9
3	13
0	8
30	2
147	162
0	22
4	54
0	51
45	62
51	135
0	27
0	110
2	2
1	13
0	13
56	0
170	188
0	95
6	95
22	5
2	1
2	5
4	7
106	0
0	136
0	4
8	4
0	4
107	40
1	3
0	1
210	0
0	268
0	255
0	268
0	261
0	262
0	255
0	268
0	261
0	262
0	103
0	217
0	217
0	220
0	12
15	8
57	73
63	46
2	37
0	37
0	33
1	5
0	33
0	19
0	30
3	14
31	104
38	4
5	4
0	32
48	57
181	101
18	18
0	27
0	53
0	17
0	17
27	26
0	7
19	27
11	73
0	69
26	0
113	133
16	12
0	9
5	11
0	63
52	9
0	6
0	11
92	124
7	9
0	6
60	20
0	6
0	7
0	67
68	5
3	5
0	11
13	8
144	95
55	15
0	7
46	0
30	0
24	3
7	0
55	21
0	21
0	29
0	12
24	33
18	67
0	67
0	67
0	14
8	0
12	0
7	37
0	33
0	37
0	210
2	210
0	15
0	228
125	60
0	42
1	106
76	63
0	46
0	45
0	24
0	24
3	9
15	5
70	35
0	16
3	0
0	3
77	82
2	141
180	216
66	3
5	3
0	126
0	124
10	3
0	7
0	126
31	5
0	5
0	2
32	66
0	66
0	66
1	19
0	4
16	3
0	7
81	15
78	0
5	0
0	66
0	66
52	32
0	1
0	0
0	4
0	3
0	1
0	0
1	0
0	4
5	22
0	21
0	22
0	177
0	173
0	167
0	171
0	24
61	25
39	337
13	312
0	312
0	307
0	307
47	0
27	47
147	69
0	19
4	2
2	48
15	14
0	14
8	14
0	14
0	14
0	2
0	2
0	2
7	8
0	8
2	0
0	0
0	7
4	7
0	38
0	40
0	16
0	16
0	69
0	16
24	49
1	22
3	20
4	14
0	40
30	16
2	28
0	8
4	23
0	38
231	3
164	41
5	79
0	12
0	66
0	10
0	33
0	42
0	26
77	21
0	61
0	57
0	43
0	43
0	43
0	55
0	55
0	45
12	45
0	36
0	45
9	37
0	27
1	9
0	23
0	21
0	10
1	16
0	16
5	14
0	13
0	13
3	5
0	4
0	15
1	15
0	9
233	471
0	132
0	4
0	2
0	0
48	108
56	86
0	51
4	43
3	5
1	33
0	18
13	21
100	24
4	15
0	7
0	7
1	7
18	48
58	17
37	17
4	13
0	13
3	8
1	124
0	125
0	29
0	14
0	13
0	12
0	14
0	9
0	8
4	4
0	0
6	10
0	9
0	129
0	124
0	125
0	139
1	71
12	84
0	12
0	20
0	18
31	116
0	92
0	1
107	3
21	22
0	27
0	33
105	68
2	10
11	5
0	14
0	14
0	13
0	17
2	90
0	90
0	9
0	7
0	16
26	1
97	18
22	296
10	225
0	28
4	1
0	33
14	42
0	23
4	41
0	41
1	17
0	0
5	3
0	1
0	0
7	0
0	14
49	0
12	124
0	48
1	50
0	47
0	5
0	6
0	3
5	14
0	3
0	0
33	36
0	32
0	32
2	4
0	105
0	105
48	0
20	24
15	12
0	12
15	8
0	5
0	7
0	7
1	0
4	12
0	15
0	15
0	7
23	32
1	32
0	64
0	62
0	60
0	72
13	61
41	34
17	32
0	2
8	2
0	2
1	52
0	52
0	29
1	121
37	82
0	10
0	12
15	73
0	8
12	4
5	197
6	197
34	4
20	10
0	11
2	14
11	0
83	82
0	36
9	42
0	81
0	63
0	40
0	0
6	0
0	2
0	32
9	32
0	27
0	27
6	27
0	17
358	23
266	1
15	1
30	11
73	13
0	0
5	19
0	18
14	4
7	11
12	0
0	25
0	25
35	25
5	25
0	8
0	7
0	13
0	30
0	30
0	1
7	1
55	16
10	0
4	0
0	16
0	34
8	8
0	34
12	15
0	174
10	175
7	5
40	55
0	5
0	53
29	85
0	85
0	220
0	215
0	7
72	79
0	0
0	17
17	7
0	2
0	5
254	63
2	28
9	28
54	41
5	0
0	3
5	3
0	30
8	14
0	11
8	14
0	30
157	23
0	23
46	5
0	5
24	548
3	478
0	25
0	24
0	1
6	11
4	50
0	50
1	21
0	62
0	89
33	96
42	0
1	0
0	0
12	95
3	0
30	3
65	30
0	10
0	14
0	51
0	51
0	21
70	0
0	29
0	45
0	29
3	50
0	45
0	13
0	70
0	70
0	38
0	50
7	49
0	0
0	7
0	12
0	7
11	0
4	0
27	0
0	92
0	55
0	92
0	5
0	5
0	3
0	3
1	3
0	0
0	0
128	82
5	41
0	41
0	6
0	86
0	51
0	56
0	25
14	21
5	0
0	5
0	82
9	28
3	11
2	10
5	0
4	28
0	208
0	208
0	208
0	19
26	5
0	3
0	5
9	69
0	51
0	50
13	3
24	22
73	6
10	4
10	4
18	35
0	35
16	96
0	26
0	26
0	71
0	75
0	41
0	57
0	66
0	57
0	24
4	15
0	23
0	13
0	8
0	0
2	0
0	31
62	14
4	26
0	6
158	11
9	8
6	8
13	8
0	23
48	32
0	10
0	7
0	3
3	29
0	8
0	3
23	3
95	94
31	228
0	0
65	0
55	135
3	94
0	24
0	20
26	39
0	26
22	29
0	17
0	17
262	7
48	7
10	6
6	1
14	46
40	46
0	7
58	0
4	63
0	69
0	51
0	51
0	51
0	16
0	16
0	5
0	27
0	27
56	37
0	35
98	26
29	25
0	25
8	17
6	0
4	0
0	0
4	0
0	0
0	25
0	52
6	18
0	0
0	18
0	12
0	2
0	13
17	13
1	16
4	10
0	10
0	12
0	6
0	6
0	8
12	0
37	24
0	5
0	24
133	31
23	28
0	0
1	3
0	10
5	59
0	59
0	1083
26	21
0	64
0	44
0	1170
0	150
55	28
12	15
3	7
13	37
5	16
0	13
149	86
26	29
1	53
14	30
0	32
0	49
9	86
0	67
0	14
0	18
0	14
0	18
4	16
0	30
0	14
0	18
0	14
0	17
121	87
0	86
0	50
0	48
0	31
0	37
0	19
21	8
2	15
3	10
0	5
0	10
0	5
44	5
0	0
0	177
3	5
0	29
0	5
0	8
0	5
0	8
0	155
0	15
3	21
0	177
0	32
1	58
0	32
0	22
8	12
0	12
0	6
0	0
27	1
0	5
11	5
323	51
0	51
14	194
65	53
20	2
0	175
5	11
0	6
8	32
2	4
0	41
0	13
0	11
0	5
0	15
1	14
0	22
0	12
0	11
0	2
0	17
53	197
1	17
2	66
0	11
3	99
2	49
19	132
40	95
0	11
3	48
12	35
7	9
3	0
17	0
0	2
0	1
20	1
2	2
0	18
3	18
0	89
0	84
42	39
0	34
4	4
6	3
0	7
2	3
11	0
28	83
12	27
31	0
6	0
28	19
0	15
0	15
0	15
0	15
0	10
0	10
15	9
14	37
0	5
0	5
0	34
7	11
0	34
109	82
0	36
36	0
54	5
4	5
0	236
0	222
0	11
0	14
0	20
86	7
0	235
28	0
16	4
0	65
0	41
9	65
0	13
1	15
6	15
0	6
13	1
0	109
0	13
0	53
0	0
6	0
18	1
0	0
0	0
0	22
0	42
20	2
9	1
0	7
17	11
0	22
0	4
2	4
0	109
165	77
13	6
0	71
0	36
100	56
0	30
20	27
0	2
7	22
209	47
62	65
26	0
10	0
0	11
0	8
135	132
0	15
0	14
0	50
2	84
0	14
50	6
16	6
7	78
8	1
0	75
0	13
0	4
0	2
0	27
1	4
0	1
0	2
0	1
24	27
0	1
0	4
0	27
0	0
0	2
0	2
6	0
0	0
6	2
0	7
1	5
19	34
0	55
44	47
0	8
7	27
0	27
27	0
12	49
0	51
0	17
0	45
0	4
5	0
0	13
1	0
0	42
0	57
43	5
77	57
5	2
141	73
0	93
21	35
0	10
6	10
147	0
128	48
0	76
0	5
0	98
14	114
78	25
15	21
0	7
2	0
19	289
0	36
19	95
0	81
0	95
0	58
13	0
20	0
6	16
50	25
0	16
0	6
2	5
0	1
13	13
0	25
3	25
0	22
1	17
19	0
67	0
21	0
4	18
23	11
50	14
0	14
0	30
0	15
20	29
62	116
7	0
36	0
97	40
51	16
10	24
14	44
21	67
0	12
21	11
0	14
3	14
0	9
0	24
7	7
99	126
4	115
3	67
5	2
0	67
0	90
0	90
0	90
5	74
7	53
2	43
0	1
0	0
0	10
0	20
0	26
0	21
0	24
13	152
5	19
0	4
4	9
39	19
0	0
0	16
60	61
7	31
84	14
5	22
0	22
0	8
71	263
0	226
21	65
76	68
11	9
0	11
2	3
10	19
7	3
16	60
0	59
27	44
0	49
11	44
6	5
8	19
0	7
1	0
56	6
0	2
8	3
4	32
13	26
0	32
13	5
0	14
5	19
0	13
0	0
36	0
0	2
17	14
4	2
0	7
0	23
2	4
0	21
6	0
1	25
10	8
26	8
32	8
0	65
0	47
2	69
12	412
0	116
0	30
0	20
5	30
5	8
13	7
7	7
36	54
0	97
0	97
4	1
6	0
24	29
30	29
1	16
32	419
1	0
1	1
0	1
0	1
0	119
57	61
0	14
0	74
42	10
41	11
0	23
6	0
13	18
17	22
0	97
0	46
0	91
0	83
6	78
0	25
0	53
9	44
0	44
0	44
0	44
0	40
0	27
0	27
0	11
21	9
8	0
37	16
0	41
33	27
0	23
0	6
2	3
4	0
0	7
9	0
10	0
0	5
13	38
0	35
0	34
0	34
5	28
0	28
0	28
0	28
1	6
1	6
28	19
101	25
0	25
1	7
2	7
3	0
1	0
0	0
0	9
0	9
0	14
0	185
0	161
4	4
1	115
0	182
45	12
0	5
0	12
0	7
49	7
6	36
0	27
39	8
39	32
0	12
43	28
34	25
0	86
8	0
0	7
13	86
5	4
9	47
30	54
2	25
0	20
0	23
0	28
0	15
0	2
19	37
0	39
0	44
0	40
37	37
0	15
0	15
0	14
0	6
0	5
0	13
48	7
239	7
7	37
19	59
23	56
43	21
66	2
0	38
0	4
0	4
60	257
94	5
0	38
1	254
0	258
0	84
0	138
0	135
0	130
0	17
0	32
0	32
16	8
0	23
39	37
12	10
0	4
0	7
0	4
0	4
70	9
0	2
0	2
5	0
0	258
56	26
0	26
51	0
65	0
118	41
0	41
22	5
33	18
10	3
0	55
0	52
5	3
15	9
0	0
0	9
0	45
0	21
0	42
0	45
7	0
0	6
1	6
0	45
4	1
1	38
61	21
0	30
0	5
8	16
0	4
0	7
86	18
5	18
3	32
0	31
8	31
0	43
0	42
28	78
3	62
0	39
52	50
38	0
69	88
27	31
0	21
0	9
5	6
0	67
23	15
0	289
0	254
0	273
0	261
32	273
33	25
48	62
0	18
0	62
13	0
41	14
0	8
34	3
14	30
0	19
0	39
16	11
13	13
7	30
1	10
11	30
0	26
0	19
7	0
0	9
0	9
4	10
0	246
3	28
11	1
2	7
93	17
5	15
21	5
0	12
0	7
55	25
6	70
0	28
2	26
9	28
45	33
27	58
13	56
0	19
2	21
80	4
66	22
0	9
11	5
5	9
0	2
0	4
24	31
0	26
0	4
0	21
0	21
8	34
17	409
0	20
0	17
9	73
28	25
0	16
0	64
0	66
0	23
0	8
15	6
0	26
0	9
17	0
0	0
0	0
30	48
12	49
0	57
0	2
6	2
0	9
3	63
0	35
0	33
0	41
0	69
2	55
3	11
0	0
13	3
11	88
5	46
0	69
0	19
0	2
0	13
11	3
5	0
0	0
6	48
4	0
25	48
38	171
2	7
17	0
0	4
0	6
1	2
0	2
3	0
0	2
0	26
2	26
37	26
1	26
0	7
3	14
0	11
61	114
0	10
168	24
90	162
0	11
23	23
2	28
0	19
0	26
0	26
2	11
29	78
0	9
0	79
14	30
20	0
0	247
0	20
0	210
0	210
23	21
0	125
4	126
0	26
11	9
0	17
0	21
32	111
43	19
0	30
0	13
6	8
47	144
0	26
17	16
0	15
0	15
0	18
0	14
0	5
0	4
0	2
0	8
0	4
0	6
11	2
0	4
0	0
0	0
0	4
0	0
0	0
0	0
3	0
0	0
0	0
15	0
0	15
0	15
57	33
18	33
0	13
0	25
0	25
0	10
2	132
20	58
0	146
0	11
0	39
0	20
0	13
3	13
0	13
0	9
24	100
5	0
20	7
1	133
0	111
4	119
35	124
0	34
0	10
0	13
0	12
1	5
0	2
24	4
0	14
21	19
10	47
0	17
0	47
0	41
9	2
0	15
0	20
0	7
8	1
20	4
41	0
20	24
0	18
25	0
0	51
0	51
0	4
33	4
0	4
31	34
0	9
7	13
40	13
5	30
12	55
29	19
11	13
0	10
1	3
0	36
5	103
54	37
98	14
0	9
41	16
0	16
0	66
4	64
3	2
8	68
39	20
47	60
0	18
7	1
0	1
0	1
0	1
0	1
1	2
0	2
5	0
2	30
14	101
109	95
42	3
0	140
44	144
4	17
0	28
0	13
149	40
12	40
26	71
6	71
0	15
0	9
0	27
0	72
0	72
0	50
3	19
4	19
2	156
0	2
0	2
0	8
0	19
0	16
412	916
11	154
0	14
2	23
0	133
1	30
0	30
1	16
3	16
0	9
18	5
3	92
24	33
5	2
0	8
7	6
0	0
0	0
0	7
0	116
0	116
1	22
0	114
22	13
41	62
17	26
0	10
17	89
8	10
12	33
2	5
16	3
2	10
0	4
4	45
21	45
18	72
0	7
0	39
3	3
20	7
34	32
2	3
9	19
0	45
0	46
0	11
54	150
0	150
0	27
218	5
5	0
40	0
16	122
0	23
0	12
13	209
0	53
0	21
0	21
8	0
106	89
0	49
191	5
88	5
0	4
0	4
0	4
0	4
0	0
0	77
0	77
0	37
13	9
0	37
0	37
7	38
3	27
0	14
0	3
0	12
11	0
0	2
0	2
3	1234
76	0
99	142
0	6
0	12
0	12
0	9
0	142
8	0
50	18
11	18
26	76
13	79
0	86
0	22
0	10
27	49
7	10
0	63
0	92
0	92
0	21
0	90
34	70
0	70
19	6
1	3
16	9
12	11
0	31
0	13
82	35
0	70
62	6
0	141
0	141
5	4
104	8
16	20
2	21
0	17
1	17
60	35
0	39
0	31
0	25
0	25
53	3
0	3
13	1
13	1
27	1
0	8
8	7
9	39
0	54
4	52
0	54
0	54
0	45
4	45
0	14
8	10
2	8
0	2
0	2
1	2
0	2
0	52
0	52
0	45
4	12
3	44
2	44
0	26
1	16
7	110
0	0
13	5
35	5
62	5
0	5
38	14
0	14
0	62
0	62
5	52
31	52
30	15
20	15
2	0
88	2
21	0
3	0
84	43
39	43
3	12
13	2
6	5
5	8
2	40
0	40
0	5
62	40
27	4
3	10
0	3
0	16
0	16
0	16
14	109
13	36
0	46
11	58
0	7
0	127
94	18
7	18
27	67
0	67
1	29
0	31
0	40
38	42
0	23
0	39
0	4
0	2
0	0
58	31
21	31
148	8
0	8
17	0
1	50
0	48
0	27
34	13
4	10
0	13
34	13
5	3
0	0
0	0
13	0
7	11
0	35
0	11
1	41
0	48
0	24
0	0
0	5
0	31
143	0
18	14
17	14
66	22
0	20
8	0
6	20
43	92
0	67
0	75
0	324
28	330
0	6
8	8
0	22
0	21
3	21
0	21
0	1
0	21
0	21
2	0
0	1
46	17
2	11
57	51
0	14
199	1
22	162
0	5
0	7
11	0
38	106
17	4
0	66
62	66
0	63
2	24
0	6
0	24
10	30
0	20
14	63
0	223
0	211
0	201
10	59
1	36
0	36
0	36
0	36
9	11
38	13
0	7
0	6
8	0
0	45
0	43
5	2
0	2
0	0
11	4
0	0
15	11
81	32
13	33
0	0
7	11
3	5
0	5
0	16
32	16
0	60
0	65
5	88
0	22
23	53
0	34
0	13
0	13
72	2
1	2
0	1
2	1
0	0
6	12
0	12
0	0
0	1
26	181
0	183
3	181
0	144
12	116
59	49
11	10
10	1
76	1
4	22
19	12
0	10
3	14
7	18
29	0
27	132
0	132
40	33
39	9
0	14
4	227
0	208
0	208
0	203
0	11
24	5
4	227
268	41
24	0
0	41
5	162
1	10
63	5
0	48
0	10
0	4
0	44
0	5
1	5
24	15
0	10
36	10
1	9
0	3
3	22
1	14
0	72
35	14
10	14
31	8
19	22
112	62
5	4
0	10
0	10
8	8
0	3
2	4
0	3
0	7
32	0
40	36
2	36
14	1
62	4
35	37
4	37
2	242
0	747
0	747
0	56
0	47
5	66
0	66
96	29
21	29
5	8
0	5
3	2
0	0
140	13
0	13
3	0
0	53
82	35
0	4
0	5
0	2
88	297
0	15
0	254
0	29
49	172
8	33
0	77
0	2
0	7
0	0
0	47
0	10
0	19
0	16
10	15
16	103
22	9
0	205
0	205
0	137
18	12
6	9
0	254
47	6
0	3
0	24
59	21
0	58
0	63
0	58
0	36
89	10
0	14
9	14
4	4
21	0
12	8
0	8
6	9
0	9
20	0
0	7
18	0
129	72
0	117
12	117
0	11
0	22
6	5
0	5
87	179
0	116
3	158
0	70
0	93
70	110
1	22
29	25
0	34
0	25
2	25
0	52
0	10
0	16
0	6
9	64
79	120
56	3
4	3
0	48
27	49
0	13
0	13
0	37
0	11
0	24
203	0
0	22
8	22
24	49
0	42
0	42
0	26
0	26
0	26
0	4
0	3
0	5
0	8
0	1
0	1
2	42
0	153
78	25
1	1
118	46
6	16
0	1
3	31
10	18
0	31
0	4
0	3
0	5
0	2
6	0
69	0
0	0
15	0
0	9
0	9
55	68
0	68
0	6
0	6
0	114
0	109
0	107
0	113
0	82
0	78
0	85
9	1
0	19
34	53
37	13
25	9
48	25
1	16
15	24
0	7
0	11
0	14
6	18
14	60
0	60
0	30
27	30
2	7
0	3
0	3
13	3
0	9
0	11
0	50
53	12
62	11
0	42
0	6
0	48
4	9
59	20
67	9
18	52
0	0
0	0
0	21
0	22
0	6
0	22
0	1
0	109
0	109
8	82
20	42
0	82
0	26
0	26
6	21
49	71
33	7
1	3
31	3
7	4
17	24
53	22
0	12
2	1
0	1
0	1
0	1
9	14
0	0
0	0
0	0
0	1
0	1
58	0
0	193
0	193
0	23
0	25
0	25
0	2
8	2
3	50
24	50
17	50
47	53
0	47
0	13
2	5
0	11
0	47
5	37
0	33
0	10
13	14
121	0
41	39
0	22
5	72
0	31
49	29
0	12
8	46
6	10
7	35
0	35
80	8
48	13
0	10
59	37
0	4
0	61
0	61
0	16
0	3
0	3
0	9
0	18
0	13
0	13
0	5
35	1
0	0
0	30
0	21
0	30
0	17
37	0
118	84
0	84
0	74
11	36
0	2
0	36
0	4
0	1
1	1
0	15
0	18
0	8
0	0
0	0
0	0
0	0
2	3
0	43
0	4
8	16
4	46
74	0
21	1
0	94
0	125
22	58
7	22
0	26
1	3
0	276
0	276
6	4
36	4
0	16
7	27
13	45
0	3
5	0
1	105
0	105
0	43
0	27
1	3
13	1
0	9
0	9
8	0
0	7
0	0
0	15
0	8
0	0
0	7
0	10
0	10
0	10
2	0
0	0
4	8
27	54
80	28
0	54
146	1013
0	45
6	49
3	220
6	3
41	913
9	54
0	54
0	44
35	47
0	1
1	0
6	17
226	3
0	44
0	60
0	67
0	67
0	67
0	67
0	67
0	67
0	67
0	66
0	62
0	66
0	72
0	67
0	46
0	31
0	67
0	28
2	28
0	32
0	67
0	20
0	56
0	58
23	58
0	26
0	53
0	53
0	48
0	49
0	51
40	6
0	53
1	4
0	3
0	30
23	23
0	3
0	76
3	16
27	12
0	12
8	113
0	35
8	71
49	0
2	0
0	0
0	7
0	6
11	42
0	55
23	55
0	27
7	16
0	8
6	16
0	17
9	20
5	19
0	19
0	419
72	424
4	85
43	86
7	57
0	52
0	4
0	73
0	89
0	84
0	83
0	33
0	76
50	0
1	0
79	62
0	56
3	1
0	1
0	1
0	5
0	1
1	5
0	1
3	16
0	22
0	19
0	3
0	13
1	0
0	2
5	6
0	9
1	3
0	3
2	6
169	10
3	6
1	4
3	9
10	9
0	9
0	21
20	212
0	123
0	3
3	9
48	168
6	214
0	1
2	1
0	38
94	61
0	61
0	16
0	3
4	6
12	1
1	1
140	114
0	114
72	9
4	6
11	5
5	8
5	1
0	40
7	29
0	22
5	28
0	28
0	30
0	18
2	22
0	27
0	27
0	23
0	30
0	33
201	11
0	3
4	0
6	10
0	10
0	9
0	3
68	0
7	22
2	22
0	11
3	45
9	45
3	0
5	4
2	4
15	0
0	81
0	114
0	169
0	163
4	2
8	116
6	0
1	36
0	4
0	36
0	25
0	27
1	42
0	62
0	45
0	62
2	6
2	0
0	0
0	15
0	30
0	12
49	18
0	10
1	53
0	20
56	31
26	16
0	11
0	21
14	1
0	1
0	53
1	53
0	31
0	67
22	59
0	13
0	15
3	6
0	12
0	4
0	31
0	0
0	2
9	12
0	2
0	3
0	81
44	93
1	93
31	90
1	74
0	10
20	34
5	0
0	0
9	0
0	57
0	57
16	57
0	14
63	27
25	18
3	24
0	91
19	94
8	57
0	57
50	47
0	30
0	47
20	50
0	16
0	50
0	39
34	26
26	39
0	17
0	20
0	6
0	5
4	3
0	2
4	9
0	5
0	30
0	17
0	29
0	2
0	8
1	66
0	66
0	9
0	9
0	3
0	83
0	10
0	10
0	5
0	0
5	90
10	0
37	42
0	24
284	0
45	0
6	91
1	72
0	3
0	2
0	22
3	6
0	136
0	136
0	2
0	4
0	1
0	1
70	30
0	30
0	14
57	14
27	76
5	101
6	101
0	99
0	10
3	31
51	53
0	17
0	13
0	1
0	55
0	24
96	191
0	140
0	38
0	25
0	8
1	2
11	110
0	22
4	2
0	66
0	0
56	106
0	8
4	3
0	6
13	24
0	18
20	0
0	216
58	195
0	214
43	62
0	34
10	21
151	22
0	27
0	16
0	11
0	4
1	1
1	0
8	42
0	42
55	38
0	70
56	32
0	55
1	21
60	4
0	51
35	0
20	0
0	79
0	79
21	78
11	18
3	4
0	4
0	19
21	0
63	151
0	43
0	40
74	37
0	126
0	120
77	1
9	0
0	1
0	10
0	17
0	10
0	10
0	10
0	17
0	10
0	10
30	0
81	47
0	7
9	6
0	20
0	23
4	20
0	9
4	0
4	0
0	28
30	92
9	37
0	55
0	11
2	48
19	41
0	42
0	33
0	22
0	1
0	0
0	0
5	0
8	1
23	8
8	8
1	4
0	10
25	2
76	71
0	4
8	0
20	14
0	8
0	7
0	58
91	27
0	33
12	57
0	8
0	3
0	15
101	2
10	1
13	77
0	18
99	3
18	22
1	15
0	12
89	37
0	12
0	12
0	7
0	11
0	12
4	12
2	19
9	11
0	12
20	0
0	273
0	267
0	265
15	288
0	443
0	28
0	3
0	0
0	4
1	4
0	0
3	443
0	77
3	88
0	68
0	65
0	8
0	18
0	18
0	8
0	18
14	20
21	20
0	13
3	13
0	0
5	0
0	6
0	10
19	0
41	229
5	25
0	25
0	36
0	36
0	36
0	14
4	52
0	52
2	37
218	12
0	24
0	11
0	15
1	9
0	4
85	61
0	74
4	13
1	25
0	12
0	10
3	7
71	0
0	93
0	71
6	70
6	37
4	2
87	2
15	6
5	94
0	17
0	16
7	18
0	18
5	23
0	69
2	86
4	7
51	3
4	69
0	69
19	12
0	12
0	1130
0	1130
0	198
0	26
155	6
39	4
78	83
0	80
2	18
12	29
0	32
0	18
0	4
8	14
0	14
85	0
8	19
0	16
0	4
120	78
13	78
63	134
0	6
32	68
25	25
1	64
9	51
7	45
0	11
0	5
3	11
0	5
0	0
33	474
120	38
27	6
0	8
14	40
0	8
4	21
7	2
0	18
0	8
9	115
2	72
0	66
0	34
0	65
0	0
0	166
30	45
1	45
5	60
0	47
0	122
0	111
0	63
36	10
0	124
0	124
62	67
0	48
0	8
0	113
11	11
3	11
3	113
2	70
16	60
0	77
28	63
43	67
0	11
0	68
58	4
0	41
0	15
0	3
0	2
0	0
0	52
3	12
14	5
4	540
1	31
0	16
0	11
0	30
0	11
102	554
162	7
0	7
0	5
265	38
2	34
18	24
2	3
0	4
0	3
161	289
0	107
0	64
0	10
30	38
5	1
50	15
51	117
3	77
0	17
0	13
11	8
0	6
0	25
73	4
16	4
5	1
77	12
0	12
125	26
4	22
0	17
6	0
0	19
28	62
1	19
18	16
0	16
11	5
0	4
0	294
5	21
0	23
21	22
0	4
40	2
0	12
0	78
0	73
0	2
5	11
0	9
0	7
5	51
0	6
0	294
13	11
0	13
4	28
1	28
0	27
0	27
0	0
3	4
5	9
24	80
0	64
0	2
11	3
0	0
0	2
3	54
0	10
0	8
7	46
0	3
0	36
0	44
4	44
6	11
2	9
31	143
0	164
4	147
66	57
0	0
6	0
1	29
0	19
0	45
3	7
0	3
0	2
0	2
5	43
0	35
0	43
13	2
0	22
130	0
0	210
10	210
0	184
6	26
20	26
22	21
6	13
12	0
0	8
0	8
71	42
6	4
0	11
0	0
11	11
48	220
0	64
12	32
0	32
28	27
2	17
0	18
0	16
4	0
0	5
2	5
1	9
6	2
0	2
4	4
7	0
17	9
32	0
7	12
3	12
33	66
4	64
0	42
61	14
36	16
0	39
5	32
0	20
2	14
0	35
0	6
69	19
206	17
0	12
23	39
9	19
10	7
9	32
8	509
0	509
0	489
0	489
0	39
0	6
0	33
8	13
9	13
0	8
0	17
8	20
17	299
43	16
0	7
0	16
3	0
0	4
3	7
0	10
47	52
4	13
1	23
0	18
0	16
0	21
0	2
67	8
1	10
16	8
0	39
6	39
26	16
0	7
0	27
0	13
116	130
0	22
18	1
0	1
137	193
237	206
13	104
0	133
48	106
130	50
5	54
0	102
40	1
20	8
66	6
55	13
0	28
0	28
0	15
5	15
3	2
10	0
4	13
17	16
0	16
0	58
0	69
18	80
33	69
0	30
3	1
0	10
12	30
22	34
0	0
3	9
0	9
143	353
3	53
0	11
98	14
170	137
0	2
0	70
152	10
0	9
0	61
39	20
13	16
5	16
3	12
0	47
0	47
0	11
41	30
5	30
104	0
3	48
0	3
0	45
0	0
10	25
31	76
128	201
31	61
7	0
0	10
0	18
0	3
0	3
0	57
20	12
0	11
0	12
0	5
3	7
0	25
0	12
0	12
0	25
3	36
0	32
227	229
35	156
73	0
0	137
0	37
0	37
34	10
0	10
3	37
25	73
0	73
32	35
8	11
0	23
0	10
104	0
0	244
0	230
0	18
5	10
32	10
4	47
0	44
18	9
0	463
0	465
0	465
0	4
0	8
0	17
45	11
0	9
0	9
0	4
0	4
0	4
0	4
3	9
0	3
24	0
2	39
0	39
2	29
9	29
38	0
10	43
1	19
0	1
2	23
12	0
0	63
0	63
0	1
0	15
39	17
0	17
9	1
7	1
5	1
52	140
0	36
37	56
0	85
0	2
0	2
0	2
0	2
35	11
0	11
105	74
16	58
0	28
0	59
37	8
2	0
0	3
0	3
0	2
19	99
0	133
0	133
0	10
0	32
0	133
0	201
4	201
0	15
2	20
0	14
7	26
0	45
8	45
1	51
1	55
4	55
0	0
651	268
3	180
16	29
0	9
0	188
0	202
20	0
0	25
0	25
0	15
0	6
0	2
0	6
30	76
0	71
11	38
24	434
15	3
0	27
1	2
0	4
0	4
1	0
47	32
3	32
14	38
64	38
2	6
0	8
0	8
0	34
2	10
0	10
2	8
4	0
0	8
7	52
0	74
298	115
11	16
8	10
0	10
0	11
0	10
3	1
12	38
0	4
0	45
0	45
0	20
31	8
24	26
1	21
10	26
72	2
42	0
7	3
5	3
0	1
67	69
288	80
51	5
4	5
66	103
0	23
118	80
0	37
0	37
19	30
0	4
0	8
0	29
69	90
34	57
0	13
0	70
11	108
23	64
2	15
14	43
0	43
7	3
0	0
3	0
0	3
0	4
13	1
0	54
0	54
0	13
11	23
2	0
3	0
0	23
0	0
0	23
3	6
0	22
5	33
205	13
0	13
38	45
0	101
36	4
2	8
0	37
0	114
5	22
1	5
0	22
2	3
3	17
6	35
4	5
24	33
0	0
0	6
29	6
0	68
0	68
0	68
0	8
1	39
0	0
34	39
0	8
2	11
19	128
0	94
0	92
0	93
43	9
0	8
20	62
24	51
0	35
0	25
11	0
8	0
0	0
192	40
7	6
41	34
114	47
12	83
4	10
0	83
0	32
20	38
0	7
2	12
14	2
4	2
0	12
10	53
15	22
0	53
0	0
1	0
0	52
17	149
7	14
39	446
8	26
15	5
3	5
0	31
0	19
0	5
0	6
0	6
0	0
0	5
1	5
5	40
4	40
49	0
2	1381
0	847
30	0
0	39
0	34
0	35
14	4
0	0
14	6
25	11
18	57
0	9
0	18
0	18
0	16
6	27
9	36
0	1
0	28
7	17
2	1
9	1
0	27
38	157
0	12
8	44
1	3
31	1
1	0
38	14
8	9
7	125
147	120
0	38
11	12
1	12
0	100
35	102
14	116
0	210
0	3
0	4
0	85
0	16
0	93
0	57
9	12
1	10
15	0
0	98
0	98
104	24
0	24
0	229
154	41
0	227
1	64
0	30
0	15
0	55
0	48
0	42
0	44
0	53
0	53
0	31
0	42
0	72
27	47
0	29
0	38
0	4
0	72
0	155
11	646
41	219
3	219
1	20
0	13
0	1
2	14
1	11
0	13
1	6
0	6
64	2
20	27
1	17
0	21
0	11
16	35
42	19
0	35
0	35
0	40
11	0
13	0
47	44
29	157
20	202
157	684
0	52
0	13
0	145
50	64
3	37
9	8
0	20
0	15
90	53
1	35
16	9
0	0
0	0
0	3
5	9
0	7
0	7
70	20
0	10
0	10
0	8
17	8
0	68
0	35
0	35
0	55
95	65
0	16
0	18
7	11
2	156
0	94
0	85
18	85
0	33
2	13
4	6
21	3
2	8
5	8
48	16
3	62
0	9
0	61
0	61
83	111
0	18
0	0
0	8
2	10
3	0
0	0
0	0
1	3
50	0
0	5
0	26
5	5
5	8
15	9
2	8
0	27
15	94
0	93
7	0
0	7
0	5
0	0
11	6
59	22
0	6
3	1
96	18
5	16
3	16
410	0
69	0
35	24
0	21
48	173
0	21
0	6
0	31
0	6
29	0
6	59
0	59
0	1
6	2
0	13
0	10
2	3
0	0
0	10
0	91
0	19
0	26
0	22
0	2
0	1
0	7
0	0
0	0
2	12
0	100
19	11
0	1
52	11
4	4
0	4
4	0
11	81
0	5
0	10
1	17
2	3
43	0
0	74
0	4
0	111
0	21
0	14
1	111
0	13
0	4
0	15
0	4
0	4
0	11
0	4
0	6
0	2
0	0
0	53
0	55
0	88
0	44
0	122
0	58
0	90
0	9
0	8
0	18
2	18
0	125
0	125
0	104
0	106
3	21
19	51
0	8
14	43
19	43
0	14
19	6
42	16
0	1
0	48
28	27
10	129
40	86
84	102
0	94
58	239
0	227
21	0
102	73
2	69
0	103
0	69
0	69
42	78
18	43
0	41
50	125
0	106
8	9
11	3
11	33
14	0
5	27
0	22
27	27
2	1
0	5
0	5
0	7
5	1
11	72
0	72
8	24
24	20
2	20
0	13
0	2
0	4
0	10
0	6
0	74
0	74
0	78
19	28
0	20
0	20
2	28
287	224
9	65
0	27
0	28
0	27
0	9
0	206
0	24
0	6
0	0
0	4
0	14
0	0
1	0
0	8
0	5
26	50
0	9
0	3
2	5
9	42
0	40
0	111
0	6
0	0
0	1
0	9
33	10
9	111
62	43
69	36
0	1
11	0
10	39
39	49
7	110
0	109
0	19
7	3
11	6
52	0
17	222
0	211
1	2
0	0
0	31
0	68
10	40
0	220
0	68
0	53
29	76
21	8
0	6
0	8
0	6
0	8
8	42
15	42
0	19
5	13
14	1
42	41
2	63
0	80
0	80
0	80
0	43
74	0
74	87
109	199
0	82
7	4
0	281
0	52
0	6
11	245
85	371
534	289
0	46
17	18
0	8
0	18
3	14
0	14
0	11
0	6
0	4
26	44
0	31
0	30
0	107
0	50
27	7
3	2
0	5
0	4
0	96
81	117
0	54
0	59
0	156
122	243
0	85
402	160
39	0
5	0
56	125
0	410
0	410
28	46
0	46
17	16
39	25
0	21
32	12
7	3
0	71
7	3
3	57
46	0
0	16
0	16
9	10
29	16
26	0
222	51
0	10
0	9
0	12
17	0
3	13
15	0
25	26
0	6
2	4
0	19
0	11
0	13
0	14
0	12
0	23
0	13
0	15
0	24
99	17
12	18
0	1
36	1
113	36
21	36
15	0
1	26
0	26
0	7
0	7
0	18
4	11
0	89
0	89
0	84
0	100
1	88
0	99
0	17
33	13
2	4
0	2
0	29
39	13
1	3
13	3
3	3
281	37
2	8
1	8
0	9
0	13
0	116
0	28
0	28
4	28
0	12
46	1
16	24
9	50
0	27
0	42
0	41
0	10
0	13
34	16
11	16
0	14
0	2
101	67
40	67
8	49
21	31
0	34
4	15
0	5
0	10
1	1
0	1
4	0
58	2
0	8
0	8
0	10
1064	1949
0	56
12	66
0	53
0	19
0	19
0	12
0	14
0	25
11	3
0	7
5	12
0	12
22	36
10	28
1	36
115	22
24	0
0	105
8	105
0	68
0	4
3	88
0	6
8	13
5	71
1	62
26	4
0	4
1	0
70	1
24	65
4	4
0	1
46	87
77	90
0	66
0	77
0	15
0	60
0	89
0	36
0	55
0	71
0	38
0	6
0	50
5	63
71	40
42	16
0	64
0	13
0	9
10	3
0	25
0	23
0	13
0	56
0	53
23	89
0	22
79	107
0	107
0	41
47	7
60	57
0	94
0	81
0	71
0	57
0	8
0	8
8	60
0	0
67	0
26	4
7	0
3	0
29	28
28	16
3	23
37	5
0	7
0	6
22	7
0	7
0	21
4	0
0	4
4	28
12	21
31	64
0	46
0	64
6	64
0	64
23	64
0	46
7	49
0	0
31	12
11	12
0	87
1	79
8	87
8	0
5	0
5	19
0	15
5	127
156	13
37	15
64	32
12	4
28	9
11	9
0	3
65	28
0	21
0	46
0	46
0	44
0	5
3	41
0	122
0	45
0	112
23	26
10	4
1	0
0	0
0	106
0	49
10	72
0	72
0	72
31	27
0	24
75	57
0	26
5	38
0	57
0	5
0	7
24	2
0	8
30	40
0	42
0	13
21	0
32	8
37	0
0	21
0	21
9	0
4	40
0	40
14	36
0	46
0	60
27	5
1	54
0	64
14	34
0	50
7	8
4	3
36	26
0	5
0	3
0	3
0	3
0	3
0	7
5	0
5	2
0	3
4	5
34	5
0	3
8	3
0	2
13	3
48	19
0	5
1	11
0	101
0	26
0	6
0	107
20	2
0	36
0	36
0	26
2	76
13	76
14	58
0	14
0	117
12	39
17	0
15	52
6	117
0	3
0	5
0	5
0	0
0	3
28	220
0	65
0	7
0	7
0	7
2	7
29	54
6	42
331	46
19	40
3	393
0	364
0	30
0	0
18	138
48	86
0	58
0	4
0	4
12	549
6	113
0	120
6	121
0	116
1	8
0	12
1	12
0	15
0	13
0	11
36	6
0	9
2	4
2	72
31	113
0	40
0	21
90	99
0	8
0	10
0	6
8	0
0	68
10	27
0	24
0	14
1	3
0	10
5	4
26	4
8	25
11	25
0	5
0	5
0	20
0	5
7	55
0	46
4	23
46	2
48	22
0	26
0	12
261	232
0	18
16	7
0	8
27	8
13	4
10	586
0	8
1	8
5	62
0	62
0	32
10	0
34	7
0	84
13	59
8	41
5	36
0	38
0	10
0	2
5	84
0	30
16	0
0	86
28	73
0	6
0	73
0	28
0	7
0	0
0	3
44	112
0	3
0	3
0	3
69	122
150	21
26	28
8	52
1	54
0	16
0	16
0	18
0	16
15	24
0	34
0	27
13	27
0	26
13	10
4	11
0	5
0	27
6	29
50	29
19	19
0	11
0	6
0	6
29	12
0	12
115	0
0	10
0	13
9	7
31	0
6	41
0	6
0	4
0	0
0	47
0	45
48	10
76	11
128	42
0	15
48	53
0	53
10	8
35	80
2	0
0	24
8	65
29	84
14	67
34	104
14	11
0	0
98	46
0	37
9	4
0	0
32	22
4	22
8	12
0	15
2	0
2	2
16	7
79	123
0	123
0	123
6	0
19	29
94	42
0	42
0	135
0	138
0	106
0	138
0	19
31	29
0	42
10	19
0	31
9	101
0	67
0	55
46	15
0	1
0	1
3	0
0	20
0	3
0	20
74	5
20	124
0	83
0	119
0	78
49	16
0	3
0	0
0	3
0	4
0	59
2	7
37	20
47	24
0	46
0	46
0	46
0	22
0	22
0	55
30	55
11	18
114	15
0	51
0	55
0	51
2	69
24	55
0	49
1	7
0	47
57	0
11	34
2	58
5	58
81	97
13	32
0	16
0	16
0	16
4	32
24	21
0	21
2	29
37	20
0	20
14	10
46	0
44	250
0	115
0	22
0	21
30	225
117	9
57	87
0	83
94	69
0	44
32	49
0	2
0	2
0	5
9	17
40	26
0	0
16	12
0	12
0	6
21	6
7	116
17	104
22	43
0	101
0	105
0	114
0	114
31	0
0	11
0	99
38	123
0	6
5	489
0	0
0	18
24	10
0	15
0	7
0	8
0	7
0	13
0	15
5	13
0	13
0	10
106	45
10	130
11	117
0	3
0	4
3	14
0	2
4	0
9	0
21	138
60	39
0	135
0	53
0	4
12	0
69	0
11	1
0	1
45	75
54	27
0	18
0	22
0	11
0	19
3	4
0	11
6	27
0	9
2	13
15	23
0	23
31	5
2	0
0	4
16	1
74	36
44	27
0	28
0	2
48	50
7	34
8	32
11	32
9	16
0	67
0	66
0	62
0	22
34	36
0	36
0	13
0	13
9	56
0	53
0	55
0	2
23	2
6	3
6	30
0	0
19	7
2	237
125	230
97	0
44	82
0	82
7	82
4	2
0	1
0	11
26	1
0	11
92	5
60	35
3	16
108	189
0	9
18	19
4	0
68	211
0	149
13	2
1	34
3	20
0	20
10	62
3	17
0	211
0	22
0	22
15	24
2	24
0	8
0	6
0	6
110	114
0	112
21	24
19	25
0	25
0	53
0	53
4	53
0	36
0	4
18	9
0	2
31	27
14	27
2	15
192	4
0	4
0	15
0	19
0	15
0	10
37	28
0	0
0	5
45	75
0	28
7	63
0	27
0	63
7	22
0	15
0	55
0	55
0	13
0	49
0	15
0	37
0	44
0	6
0	33
0	4
7	0
4	0
0	63
126	158
9	9
27	2
40	28
0	10
0	0
0	76
0	76
0	48
36	30
0	79
0	22
0	16
6	16
2	8
1	30
25	28
0	18
10	33
5	63
0	0
15	20
0	79
22	28
0	28
11	28
0	17
0	24
0	28
8	0
22	38
3	25
23	8
0	0
25	63
82	15
0	5
0	5
6	22
13	44
1	44
0	12
14	30
0	15
43	11
9	4
6	11
18	8
0	0
14	0
0	8
1	9
0	2
0	2
0	16
95	33
26	61
48	6
0	1
0	20
0	5
0	10
44	2
7	4
2	5
0	37
3	31
7	0
7	3
5	6
0	21
0	84
0	7
4	0
0	51
0	22
0	22
0	0
2	0
31	147
3	60
0	36
0	22
16	1
11	126
29	126
151	0
0	94
0	51
6	12
0	49
0	49
122	75
35	75
0	4
3	7
4	7
0	0
2	1
0	11
7	13
0	11
3	0
5	7
0	0
0	75
23	6
125	159
0	16
0	88
0	58
1	21
2	9
3	5
0	21
0	29
0	16
0	16
0	86
0	51
3	70
0	89
0	93
0	93
0	89
0	90
0	2
3	40
0	8
42	3
0	89
11	39
20	2
0	13
0	24
7	25
0	37
29	133
0	139
17	105
13	48
0	14
2	13
1	15
92	7
3	6
0	133
2	16
0	9
0	18
0	27
0	28
0	9
0	19
0	14
0	9
8	47
8	19
0	5
0	0
0	0
1	37
0	1
0	3
0	8
22	12
0	0
0	2
6	3
8	7
0	3
0	3
0	3
0	1
0	3
0	1
0	1
0	3
0	93
8	93
25	18
37	151
9	151
40	110
3	7
8	8
0	4
9	4
103	3
0	2
0	84
50	0
0	88
103	88
4	7
0	5
3	37
17	10
0	22
0	37
12	0
5	1
0	34
0	33
13	34
0	8
2	39
24	39
18	4
23	188
1	188
0	190
0	125
0	135
0	135
0	144
0	14
0	4
47	9
0	6
1	0
69	31
2	3
75	11
1	8
0	5
3	0
11	60
0	3
27	165
6	0
0	186
3	45
0	186
0	122
0	22
341	82
0	8
0	11
146	128
108	152
0	34
0	42
0	5
15	11
94	0
66	23
7	1
2	9
8	4
5	6
9	9
0	0
2	3
0	0
0	9
0	9
2	0
0	2
4	2
1	154
95	159
6	4
11	21
7	9
3	62
0	73
7	16
0	3
129	38
0	15
0	17
0	20
0	22
0	3
0	49
0	49
0	49
0	20
75	0
140	46
0	6
0	4
1	0
0	12
0	12
2	13
3	31
6	11
0	36
0	20
15	17
242	18
46	25
6	1
0	164
6	174
0	164
0	174
0	22
0	138
0	13
61	128
0	13
128	43
0	31
0	39
0	9
2	0
14	81
0	81
0	81
0	20
0	17
0	17
0	9
41	60
124	66
0	14
3	0
0	0
0	0
13	8
0	72
0	67
0	75
33	70
0	10
0	14
0	16
0	33
0	8
7	6
0	8
24	8
94	0
180	0
93	0
3	7
48	25
5	1
0	25
44	21
0	5
0	7
4	18
0	1
0	8
0	17
0	69
0	69
16	0
42	10
0	10
3	0
8	13
0	13
0	8
0	88
0	57
0	34
13	7
0	8
13	8
0	8
34	18
4	18
3	11
0	11
64	11
5	17
0	16
0	5
0	7
0	0
0	10
78	3
16	3
0	28
21	43
2	38
0	35
2	8
10	31
0	29
1	5
0	12
6	0
1	0
0	36
0	41
0	44
0	47
0	153
30	160
0	24
12	106
0	85
0	20
35	29
0	106
4	106
167	111
0	84
0	3
7	0
142	0
0	60
0	85
0	62
7	85
22	0
1	24
0	24
2	20
0	20
1	0
4	9
13	6
0	0
69	117
99	118
0	4
18	126
0	107
0	6
36	155
0	60
0	3
2	3
0	6
43	6
0	0
0	6
2	20
0	2
38	45
0	39
4	7
2	6
2	1
0	23
0	25
2	6
12	6
0	15
0	5
8	6
16	19
4	12
0	13
2	103
0	103
0	103
9	103
87	16
0	16
0	164
0	164
2	43
24	34
4	34
5	25
7	101
3	101
2	7
0	11
0	12
7	0
35	57
123	39
0	15
7	3
0	33
73	53
31	97
36	85
0	20
0	8
0	19
0	19
7	33
0	27
4	33
0	1
2	5
0	3
0	29
30	37
0	3
16	7
0	27
0	27
0	17
0	37
40	2
0	2
139	40
0	7
68	101
10	6
0	3
26	8
0	84
0	0
13	40
3	28
25	21
26	71
4	6
0	19
0	12
0	16
0	40
0	6
6	5
0	5
4	11
0	11
0	5
0	5
0	104
0	104
4	104
0	10
0	24
0	24
10	6
0	6
0	0
16	11
0	11
0	0
22	11
2	11
44	129
0	0
1	45
0	76
3	0
2	13
18	19
17	0
6	19
305	42
0	11
112	0
4	0
4	0
0	0
11	0
39	12
7	68
0	68
17	65
0	58
0	17
0	56
2	5
0	55
0	50
37	0
0	0
0	22
0	33
5	7
2	3
8	6
54	31
30	3
0	13
2	3
2	2
0	4
0	14
26	11
11	9
0	5
0	4
6	2
5	0
67	185
0	144
0	12
0	6
0	10
125	23
0	7
7	67
4	49
0	26
8	5
0	33
0	8
23	68
0	68
0	6
0	3
1	3
1	1
7	6
0	33
0	33
1	0
0	0
0	0
0	12
0	8
0	33
0	33
3	32
0	37
0	3
0	4
13	17
11	17
6	5
3	50
0	47
89	0
41	76
0	76
0	41
3	13
0	41
0	14
0	17
0	62
6	105
0	18
4	0
3	75
35	0
0	11
0	4
0	15
5	4
0	0
6	0
0	64
0	15
5	15
0	6
0	1
6	1
0	165
0	164
0	48
0	35
0	35
0	67
0	54
0	48
0	35
0	35
0	33
0	181
0	193
12	55
35	27
4	5
8	1
11	61
0	124
0	6
23	81
6	49
0	19
2	19
0	6
0	36
1	32
0	36
64	122
0	4
14	19
12	113
1	29
36	3
12	0
39	7
0	116
5	0
6	0
0	64
0	45
0	59
4	22
4	36
0	21
0	8
0	24
0	18
0	28
0	11
0	17
3	1063
0	984
0	346
0	397
0	158
0	4
0	80
0	71
0	44
0	34
0	26
0	20
0	39
0	80
0	0
4	0
42	38
33	20
0	45
4	11
17	3
34	0
30	3
0	13
1	82
0	91
10	35
2	91
0	105
5	61
0	73
5	0
17	0
136	130
34	0
3	19
0	17
16	39
7	0
0	39
2	55
0	50
38	7
0	45
45	57
0	28
0	36
112	175
0	62
0	15
2	74
0	61
0	34
86	29
0	10
66	3
0	63
16	2
0	113
0	113
0	47
0	47
1	8
135	64
0	10
1	4
1	4
46	9
1	77
2	31
0	6
0	15
0	2
0	77
0	19
5	11
90	36
0	10
0	9
0	27
4	27
2	0
5	62
0	75
0	74
4	67
1	62
37	0
0	0
0	6
2	5
0	3
83	64
0	3
1	43
0	65
12	28
9	25
11	13
0	91
0	91
0	96
0	94
0	96
0	74
34	83
0	42
0	83
1	25
0	9
0	52
1	6
0	61
63	8
0	0
8	27
0	46
0	44
46	2
0	32
5	32
0	13
29	32
0	13
5	182
0	40
132	204
98	139
52	104
54	104
0	98
8	105
23	5
0	9
84	10
17	31
30	14
2	0
0	4
5	41
3	14
1	57
8	11
7	15
69	0
43	0
32	27
0	53
0	10
0	98
0	7
0	101
0	60
0	23
0	15
0	14
1	11
1	14
0	1
28	0
0	8
0	126
0	86
157	107
25	6
0	9
2	7
0	3
0	3
0	3
35	84
0	0
1	63
1	63
0	55
0	24
0	15
29	3
4	9
0	1
9	22
1	14
11	21
0	5
0	5
12	2
4	0
0	6
185	10
7	10
108	26
0	11
0	26
2	11
0	1
8	36
0	11
0	51
0	31
0	51
0	39
8	39
217	0
5	79
0	74
92	63
0	5
0	51
0	42
0	48
0	41
0	3
66	130
53	8
0	34
0	7
1	26
26	58
1	0
17	9
69	75
64	56
34	10
18	13
30	97
0	105
30	115
0	46
0	9
0	10
15	34
64	19
0	8
20	8
35	7
41	123
0	8
7	3
0	37
0	37
0	22
0	18
0	14
0	24
0	24
0	15
32	1
0	0
19	1
18	66
0	66
2	7
0	4
12	20
91	25
10	14
55	20
0	10
0	444
0	569
1	43
0	43
0	22
20	8
14	12
0	12
0	10
0	8
0	8
4	8
31	26
51	27
16	11
72	35
0	35
73	75
4	6
43	43
0	30
0	32
0	8
28	8
6	0
9	13
27	154
1	22
3	21
0	31
0	14
6	8
79	0
0	74
36	0
154	60
0	15
50	15
0	4
20	11
0	3
0	3
24	7
3	0
5	12
0	39
0	39
14	12
0	39
0	37
75	108
0	1
0	1
2	25
10	15
0	10
9	6
0	9
0	47
2	47
0	42
3	1
5	22
6	8
72	7
6	81
0	138
0	137
17	116
152	199
65	1044
29	17
1	1
0	12
12	1
2	9
10	11
14	2
9	2
6	6
15	0
0	4
27	0
14	3
8	22
0	3
8	17
89	25
0	26
0	26
0	0
1	0
8	0
0	19
6	0
0	2
0	2
0	34
0	59
0	19
3	65
0	27
0	23
12	57
0	57
0	4
2	11
0	19
0	0
0	15
0	2
0	1
0	5
0	1
1	0
0	7
0	7
4	2
45	463
0	5
1	3
0	0
7	73
0	3
0	35
10	1
0	80
249	16
2	10
14	22
54	0
76	45
102	46
0	8
0	7
15	1
10	3
36	31
0	172
0	40
15	52
0	41
0	32
0	41
0	12
8	11
0	172
4	14
0	0
0	7
0	74
4	79
0	53
26	24
0	11
0	10
0	42
41	17
60	0
16	41
0	72
0	48
21	27
131	50
17	37
0	50
43	0
0	6
2	6
51	2
26	7
0	4
0	41
0	19
0	18
1	37
0	24
0	24
0	26
0	28
19	147
0	25
0	7
0	11
0	8
0	14
6	3
0	14
9	31
187	1031
17	14
0	14
30	0
1	7
112	38
9	22
0	7
55	62
17	52
3	3
6	0
8	0
3	0
2	14
67	56
0	102
0	1
6	14
13	111
8	14
27	4
0	4
13	49
2	17
0	42
36	10
4	6
0	4
29	29
18	156
0	95
19	15
0	12
0	4
3	172
4	45
3	126
13	146
2	8
45	24
0	19
1	8
0	4
4	15
1	25
0	22
78	36
3	18
63	18
0	17
6	17
48	27
0	0
11	18
41	40
2	34
0	10
0	10
104	113
15	81
0	59
3	37
1	14
0	4
0	9
0	8
0	7
0	17
69	53
30	11
0	0
0	4
0	46
0	109
0	109
0	16
0	49
0	49
0	12
3	75
0	75
3	58
0	17
0	7
1	9
0	2
103	177
26	0
8	3
0	174
15	48
0	31
3	0
7	13
1	4
18	65
7	65
0	47
1	86
0	86
0	20
5	4
0	4
0	10
0	36
4	31
0	13
46	1
4	5
0	6
0	5
0	5
0	5
0	118
0	118
0	117
0	111
0	40
0	15
0	1
9	104
0	17
5	4
1	42
0	35
0	171
19	172
0	150
18	1
0	7
4	36
32	36
0	18
0	1
0	7
5	6
1	0
0	0
50	25
0	25
8	19
0	19
63	0
3	4
21	4
16	21
46	0
41	260
0	28
0	112
52	25
0	6
3	15
0	163
0	244
0	54
30	15
0	12
0	50
2	35
10	5
0	5
1	2
1	4
1	4
0	1
0	1
0	8
10	0
8	19
10	4
11	14
0	563
0	370
140	53
21	0
24	12
153	12
27	28
42	23
0	6
0	6
0	6
0	6
0	6
0	6
0	6
0	6
0	6
0	2
5	18
0	7
0	4
0	5
14	16
0	4
0	0
0	0
10	0
0	0
0	8
0	8
0	12
0	31
47	31
1	0
13	0
2	36
22	36
0	15
2	11
80	46
7	15
0	60
27	64
0	37
105	10
0	10
0	10
24	0
42	2
0	2
0	26
0	157
5	7
5	157
6	22
0	22
3	0
3	44
0	54
0	44
0	1
0	40
0	0
1	54
2	5
21	0
0	5
42	21
0	21
3	0
0	5
0	64
0	44
76	9
0	4
0	0
0	60
12	1
11	12
0	12
29	243
0	150
10	93
19	17
19	19
20	17
1	17
52	126
4	215
0	4
1	25
3	25
0	198
0	68
0	37
0	63
31	33
0	45
2	13
16	21
0	59
67	241
0	18
0	13
119	0
57	132
0	18
2	8
0	8
0	77
0	10
0	6
15	12
1	46
15	31
0	4
3	66
0	66
25	29
1	8
1	11
1	18
0	58
7	31
17	26
82	52
27	27
14	2
17	4
0	3
0	3
8	16
0	19
0	56
0	0
0	0
0	0
0	1
10	1
0	0
1	37
55	0
22	29
87	37
22	20
3	13
16	27
0	14
0	3
0	43
20	43
0	19
0	26
1	26
4	36
0	36
24	119
25	134
91	48
0	33
0	12
0	78
0	57
4	9
0	2
0	4
0	7
41	46
4	17
40	130
11	6
0	139
1045	62
0	113
29	40
35	43
0	40
0	28
0	13
41	11
6	4
0	4
160	0
7	123
57	152
0	78
3	17
7	4
0	189
0	189
97	198
0	1
0	84
0	91
4	0
7	0
3	29
0	23
12	9
0	4
3	11
4	2
0	6
0	6
56	10
0	6
6	0
0	0
0	0
5	19
66	14
0	14
0	7
0	7
42	0
0	27
0	42
0	14
36	34
0	20
2	359
71	175
0	70
0	10
0	2
0	1
0	359
4	50
2	50
1	3
56	34
0	21
3	25
0	30
0	15
0	73
0	1
0	1
0	1
0	0
0	0
0	0
1	25
8	2
0	6
9	10
1	21
7	22
22	14
5	22
4	2
0	5
70	70
2	31
0	31
44	0
55	10
8	0
1	10
0	83
0	83
0	7
1	0
4	20
0	89
0	17
0	33
0	18
0	32
0	23
211	410
109	834
0	3
0	23
0	14
0	12
0	18
0	17
0	44
0	5
0	47
0	44
0	27
0	17
0	13
0	5
0	34
0	24
0	20
0	1
0	28
0	28
9	354
0	0
0	36
0	20
0	45
0	54
0	12
0	15
0	15
0	9
0	23
0	5
0	7
0	54
0	9
0	32
0	3
0	25
0	9
0	0
0	29
0	20
0	20
0	29
0	18
0	39
0	29
11	0
0	30
0	13
0	3
0	19
0	195
0	34
1	169
0	165
6	32
0	35
40	0
19	11
5	124
80	0
34	987
0	0
157	76
10	0
0	47
0	47
0	15
0	16
0	6
0	16
0	4
0	2
0	2
0	67
0	49
0	5
0	10
0	8
0	16
0	15
0	15
0	25
4	0
0	50
0	27
0	26
9	0
0	18
86	0
0	13
0	19
0	263
0	6
6	0
6	0
25	19
0	9
0	15
0	6
19	37
0	6
0	115
0	97
10	3
0	3
3	4
13	0
0	10
0	0
7	5
11	0
0	10
0	0
0	4
0	0
0	16
0	0
0	0
1	0
0	0
11	0
6	0
0	0
1	0
3	0
9	0
7	0
1	0
7	0
2	0
5	0
2	0
2	0
4	0
3	0
1	1
9	0
0	0
3	4
3	2
7	0
2	0
9	4
6	0
8	0
9	0
2	0
3	0
4	6
1	0
0	0
2	0
2	0
4	0
2	0
0	0
2	10
5	0
1	10
3	0
0	21
8	0
6	0
12	5
1	0
4	0
4	0
5	7
6	0
8	0
7	0
2	0
7	0
0	0
15	0
4	0
0	0
5	6
7	0
4	0
8	0
8	0
13	0
5	6
11	0
2	0
4	0
8	0
9	0
13	6
4	1
0	3
0	3
16	9
0	0
7	0
2	0
6	4
3	4
1	0
10	0
7	0
2	0
5	9
3	0
10	0
5	0
9	0
0	0
1	0
1	0
0	2
2	0
1	0
0	0
1	0
0	0
2	0
4	0
7	2
2	0
0	0
3	0
4	0
0	10
1	1
0	4
4	1
1	4
4	1
0	5
5	1
0	2
2	0
2	5
4	3
0	0
5	0
1	0
0	0
2	0
0	0
2	0
0	0
3	1
7	0
0	0
1	4
0	0
3	0
4	0
1	0
1	0
3	0
3	0
9	6
3	0
0	0
1	4
0	0
1	4
1	3
0	0
0	0
0	0
0	0
0	0
0	0
0	0
0	0
0	0
0	0
4	0
0	0
1	0
5	0
0	0
6	0
15	5
2	3
2	4
0	0
6	0
0	0
1	0
1	0
2	5
0	0
0	0
0	0
1	0
0	0
4	0
3	4
0	4
0	2
0	2
6	2
6	30
1	2
17	0
0	0
2	20
5	20
109	10
0	10
0	13
11	13
0	17
0	21
0	13
25	4
7	4
1	22
0	22
0	5
0	7
1	7
152	21
5	51
63	120
2	94
3	19
0	11
25	21
11	1
79	82
3	17
24	23
0	14
213	13
7	13
118	50
0	50
40	13
0	13
1	16
2	16
2	6
4	6
0	3
11	9
0	20
7	5
0	14
0	14
0	19
0	20
0	4
10	3
12	34
0	33
0	7
31	21
22	15
0	28
0	32
0	5
12	2
10	2
22	0
40	142
0	9
17	134
0	17
39	67
69	163
42	22
1	6
24	0
0	22
3	6
7	64
0	27
15	17
13	17
0	0
6	0
0	70
0	0
0	78
55	6
0	64
0	30
31	11
1182	8982
1	8
7	26
60	0
0	27
94	32
54	11
0	0
54	12
1	3
0	28
45	6
52	5
0	76
36	0
10	16
4	0
2	0
8	4
9	0
21	54
15	0
4	0
0	73
11	130
0	0
8	0
29	1
12	23
0	6
33	0
9	1
0	0
34	0
3	6
121	4
0	19
0	15
17	63
73	0
0	80
564	9826
6	8
14	0
53	76
15	25
10	0
12	54
17	0
0	479
2	25
19	50
6	0
12	297
111	296
1	0
0	0
28	0
397	4880
47	255
15	24
0	1
27	66
13	35
0	7
23	411
157	412
0	5
0	4
45	505
0	599
0	23
0	34
0	55
8	888
160	88
10	0
66	99
1432	848
98	1
1	87
69	87
2	0
45	48
3	9
24	1
0	0
351	20
391	4929
1062	10270
36	185
19	15
1	2
173	2899
5	390
2	23
37	0
66	13
166	772
4	0
43	125
179	462
0	597
9	0
67	415
167	84
13	60
1	0
8	8
0	8
0	22
3	22
1115	1306
0	4
0	36
0	24
12	6
0	36
0	36
0	36
54	13
0	6
4	7
0	7
25	18
0	18
17	11
2	4
13	6
1	6
0	4
0	4
33	41
30	57
53	83
0	8
3	66
0	67
0	5
9	8
3	9
19	0
4	0
2	32
11	3
40	5
0	4
70	0
1	0
0	69
0	69
84	23
0	13
8	2
0	2
0	0
0	0
98	262
0	42
3	4
4	4
195	395
0	15
0	5
0	9
5	7
2	0
0	16
0	16
0	14
2	4
0	4
4	26
0	13
0	10
0	3
17	3
0	6
0	617
0	1062
6	546
0	681
0	335
0	469
0	74
0	243
0	288
0	624
886	352
0	238
20	84
12	153
846	234
25	44
5	44
63	8
10	2
1	2
4	7
0	7
1	27
7	27
0	648
0	1063
0	367
0	360
0	619
0	393
2	393
2	8
5	3
1	3
0	733
0	1124
0	136
0	472
0	174
0	333
0	97
0	298
0	121
0	674
0	11
6	18
1	10
6	5
10	10
60	12
0	0
0	93
107	42
0	7
0	7
0	2
54	7
0	7
7	9
0	9
0	7
0	219
38	22
0	15
2	3
21	566
11	590
6	89
0	67
0	13
0	17
334	142
0	4
29	0
9	5
0	7
5	90
0	16
0	11
0	20
0	20
3	13
0	6
30	0
2	917
1	521
503	249
25	27
0	23
20	77
8	53
0	664
0	720
0	90
0	475
0	222
0	361
0	627
2	43
9	15
0	26
0	15
0	723
0	723
0	390
0	175
0	524
13	8
2	19
46	30
0	852
0	353
0	40
0	159
0	144
0	640
0	183
0	972
0	591
0	523
0	142
0	276
0	144
0	70
0	75
0	575
42	66
18	4
3	39
0	953
0	203
0	154
0	22
0	582
0	4
39	83
15	266
0	46
0	91
0	1017
0	250
0	864
0	159
0	90
0	470
22	272
0	468
0	118
0	321
0	597
0	15
53	7
0	7
5	21
0	0
0	0
9	24
61	118
2	6
9	556
0	391
0	159
0	366
0	80
0	395
0	190
0	18
24	22
0	0
9	55
0	55
10	1
1	1
0	14
2	8
25	31
0	7
70	17
0	17
0	17
0	42
0	0
2	0
2	45
0	54
44	65
3	41
6	23
2	23
0	40
0	43
0	36
0	33
4	13
2	0
36	0
13	0
12	150
0	149
1	2
0	72
3	81
0	9
16	52
3	52
0	16
0	8
49	18
14	34
9	3
169	736
0	6
7	5
0	17
0	17
9	10
3	0
0	0
18	23
0	11
142	10
0	47
22	87
0	9
0	3
9	617
3	449
3	98
3	14
23	43
1	698
0	606
5	75
9	20
185	395
0	68
62	29
0	16
8	11
0	23
1	28
276	22
0	37
0	39
33	2
0	27
0	36
0	2
0	37
6	54
0	28
0	28
0	28
0	6
13	34
0	34
0	24
0	36
0	24
675	45
0	40
0	74
0	59
0	1
0	22
80	924
0	928
12	331
57	285
2	333
40	275
8	15
103	50
1	7
0	1
43	40
15	8
1	8
207	182
1	6
8	10
12	10
18	26
0	16
23	9
0	2
29	22
0	5
3	8
4	8
33	13
1	4
1	75
119	126
11	13
4	13
0	8
54	41
1	3
0	3
51	27
1	0
0	44
0	29
27	56
26	59
0	7
15	51
8	0
12	16
0	16
4	2
0	2
0	2
0	0
10	56
0	28
2	202
0	133
17	104
18	19
0	0
5	14
16	11
3	13
509	0
32	2
0	54
7	25
0	34
45	13
0	35
0	40
0	50
0	35
0	6
2	8
0	7
0	50
20	71
39	6
0	6
5	2
11	0
27	38
3	5
6	25
0	22
6	58
16	43
0	7
0	5
4	7
0	20
0	20
2	31
5	10
0	3
0	1
8	47
0	46
222	138
0	15
0	2
215	405
3	0
5	7
0	1
0	1
58	12
0	12
44	86
25	39
0	43
0	37
0	437
0	437
0	25
4	4
0	20
2	30
0	24
0	75
69	133
0	80
2	17
47	141
0	63
0	59
6	131
3	76
0	41
9	39
0	18
5	15
34	7
5	7
0	10
17	57
0	56
2	12
107	4
0	4
0	4
0	3
43	3
0	2
46	57
0	26
13	0
22	7
5	11
0	11
0	4
4	4
46	0
17	5
0	5
2	19
1	5
77	5
48	20
9	62
4	13
12	10
6	9
0	9
0	0
20	6
5	3
0	8
0	5
0	5
31	5
0	26
0	26
3	14
0	14
2	8
3	6
11	153
0	99
204	228
29	20
0	16
11	21
0	0
0	5
21	2
8	2
25	12
0	12
4	30
8	39
38	232
0	19
6	6
5	20
0	20
22	22
10	31
0	11
0	9
65	21
0	10
0	72
0	74
0	17
46	2
0	0
6	2
18	29
0	45
0	31
45	3
1	32
0	32
0	15
19	39
0	35
152	232
0	19
109	31
0	24
0	8
0	92
0	97
20	59
0	44
0	15
78	16
0	14
120	31
0	5
3	21
4	45
0	19
8	0
7	19
0	19
0	1451
0	890
103	103
0	80
0	403
10	383
0	604
0	692
2	340
0	140
0	20
0	20
2	304
0	497
0	18
0	186
0	24
0	75
259	41
0	37
284	871
34	2
18	51
0	51
42	5
9	5
42	22
0	22
4	48
0	48
47	31
0	31
8	1216
0	703
184	546
0	395
49	12
27	12
0	0
0	0
0	9
0	6
0	6
5	7
0	0
15	0
201	109
8	57
0	5
5	5
11	2
0	0
0	0
0	73
0	46
4	28
593	182
2	26
75	392
0	11
0	7
5	7
10	0
11	25
0	11
0	3
10	17
43	11
3	0
7	3
36	60
0	47
33	12
0	12
17	19
6	6
1	14
7	14
1	35
6	91
0	37
5	49
2	38
4	5
8	16
8	127
8	44
136	72
6	97
60	24
89	116
41	24
0	4
20	2
2	0
10	163
0	16
0	16
0	131
24	21
0	160
44	144
1	31
42	301
5	137
217	95
0	209
6	209
0	13
0	59
0	43
0	18
0	44
0	17
0	8
0	31
0	37
0	19
11	9
0	34
42	34
0	6
0	21
15	66
28	31
2	232
0	347
0	171
0	317
0	429
0	209
0	425
17	752
237	91
0	244
0	92
61	311
137	559
0	132
0	142
27	148
20	134
10	104
4	255
6	11
0	25
23	4
0	3
21	1
5	8
0	0
14	104
0	43
0	0
0	0
0	0
0	0
0	0
0	0
0	0
0	0
0	0
0	0
0	0
18	42
39	0
15	0
13	16
18	0
9	0
5	12
0	25
26	0
7	9
4	0
2	0
8	0
3	0
1	0
13	0
34	115
3	0
5	0
15	0
14	4
6	0
1	0
2	7
3	0
9	29
2	1
8	0
10	0
20	16
7	0
0	7
41	0
4	4
1	0
7	3
0	12
0	0
16	0
10	0
20	37
7	0
0	0
12	33
18	6
10	0
21	0
9	0
13	0
12	0
21	0
0	0
12	0
25	0
9	0
9	0
12	3
26	5
5	8
8	0
2	36
41	4
12	0
0	0
3	6
6	79
25	11
35	23
11	0
0	1
4	15
5	0
0	9
14	0
0	3
5	0
0	0
3	0
0	21
13	5
15	13
10	86
13	0
17	0
34	64
0	0
0	0
0	0
8	2
2	21
3	0
24	0
4	0
20	0
9	1
0	32
5	0
1	0
0	3
18	2
28	14
0	20
5	0
968	798
6	1
0	0
9	10
4	1
44	0
9	0
3	0
9	6
8	0
39	0
7	0
8	2
7	0
6	15
0	0
21	21
18	0
9	0
1	0
3	0
14	0
0	0
6	1
9	0
82	130
8	0
11	0
1	137
2	7
2	0
10	0
25	0
4	9
5	0
5	0
15	2
27	89
2	0
6	0
8	209
9	0
3	0
0	0
41	0
6	0
39	10
16	0
8	0
7	6
0	173
1	14
0	0
0	15
9	5
13	0
6	0
6	5
0	0
15	28
0	0
12	28
0	0
23	9
5	0
1	98
5	0
0	0
0	0
15	0
28	12
20	0
4	0
27	41
3	5
5	0
0	19
14	14
0	0
2	2
5	0
7	4
5	0
3	2
4	0
19	0
0	0
0	0
13	31
17	15
10	0
7	0
34	51
7	0
17	1
0	12
13	0
6	166
0	0
3	0
13	0
9	2
3	0
16	0
4	1
15	13
9	17
10	0
5	28
5	0
4	0
11	0
4	14
9	0
10	24
5	29
3	2
20	0
5	0
25	4
30	6
1	0
7	0
8	52
3	6
5	2
0	0
27	13
10	0
3	0
12	212
16	0
29	9
0	0
3	0
15	0
2	0
3	0
0	19
18	23
30	13
6	0
19	19
3	5
1	0
23	26
16	0
14	0
17	0
21	0
14	0
12	2
0	21
31	0
2	0
30	91
27	0
16	4
0	0
6	0
4	0
5	2
13	0
8	227
18	11
10	0
10	11
24	92
27	4
19	0
0	0
6	0
23	0
0	0
0	0
15	0
2	0
20	48
19	1
0	0
3	7
3	72
6	0
9	0
5	26
0	5
42	67
10	0
2	3
10	0
23	11
0	28
2	0
6	38
26	4
7	9
1	9
0	201
17	8
17	27
9	0
15	0
5	1
17	0
7	0
16	0
0	0
38	0
9	0
0	3
5	0
3	0
0	7
9	0
1	12
16	0
5	86
24	0
13	0
6	0
12	0
5	0
0	0
3	23
7	0
11	245
11	13
4	13
4	0
27	0
41	8
16	0
20	0
1	0
2	0
18	200
13	0
0	0
3	0
2	2
1	0
4	0
0	0
4	3
10	10
0	0
12	16
4	13
4	50
13	0
4	0
3	0
21	11
12	1
3	0
3	0
0	6
11	208
7	0
18	0
0	0
0	250
3	35
11	0
2	0
15	0
3	23
4	0
12	0
13	0
13	0
0	0
24	0
15	7
12	0
26	0
2	27
12	4
4	29
34	1
10	2
2	0
21	25
1	0
0	36
17	0
2	0
0	99
0	2
9	30
39	0
4	0
3	227
12	0
2	2
53	0
0	1
8	22
5	4
7	0
8	0
16	0
5	0
13	1
19	31
11	19
2	0
10	2
5	30
13	0
16	7
1	0
32	43
0	6
21	54
1	19
0	0
0	0
13	0
6	0
24	0
0	3
0	0
1	46
27	0
1	0
9	0
2	0
4	0
13	0
11	0
18	6
0	1
17	0
7	3
4	0
8	0
9	6
15	0
2	2
1	0
4	0
15	476
8	0
11	0
3	0
16	0
10	0
18	51
3	0
1	0
9	0
0	0
0	0
6	0
34	0
3	0
0	821
21	7
0	12
6	0
15	12
27	0
4	4
4	0
0	0
15	0
5	0
0	0
10	0
11	0
8	0
22	0
0	2
1	0
0	20
3	0
14	0
10	0
29	0
15	0
29	5
9	3
0	0
5	244
9	5
7	6
4	18
0	0
2	0
8	0
14	5
2	0
0	0
12	2
0	12
4	93
0	0
28	0
6	0
19	0
3	0
11	33
12	11
1	0
90	34
8	2
14	0
2	0
7	0
6	0
5	4
0	8
5	0
3	0
13	0
21	0
9	0
7	0
1	0
12	61
0	0
41	0
1	10
0	0
7	0
0	22
12	0
3	2
10	0
0	0
1	0
7	0
23	43
19	0
22	0
10	0
12	49
15	0
1	0
3	0
18	0
5	35
0	0
0	0
2	0
15	0
2	30
12	0
2	5
0	5
97	20
6	2
0	0
0	8
18	0
6	0
13	0
3	0
0	0
9	20
20	0
3	0
5	0
4	0
9	0
8	20
13	0
10	0
13	27
16	508
5	0
7	46
8	0
43	1
2	0
7	2
2	43
20	0
9	0
5	3
6	0
0	29
0	29
19	0
7	0
15	5
14	0
15	0
29	30
15	0
5	35
18	0
12	0
3	0
44	0
13	0
0	15
3	0
20	0
11	0
8	0
4	0
6	0
3	16
3	0
6	0
0	0
6	29
28	0
0	0
5	0
20	2
0	15
14	0
1	72
8	3
28	0
34	2
0	32
17	0
13	10
7	42
39	7
19	0
1	0
8	0
0	0
8	0
0	34
2	0
3	0
10	7
13	0
3	0
11	4
1	0
8	4
2	0
3	0
15	0
49	0
12	0
4	6
17	0
0	11
7	0
6	39
29	0
18	0
11	0
3	0
6	7
0	0
0	0
3	0
0	30
24	21
0	5
61	32
9	0
6	9
7	10
16	0
7	0
14	3
5	0
2	0
11	7
16	0
14	3
9	0
0	90
4	0
10	0
5	5
3	0
0	12
8	0
7	0
8	0
2	0
2	4
0	0
3	2
21	7
36	5
5	10
9	0
11	0
21	0
9	502
7	0
1	0
8	0
6	0
5	0
0	8
1	0
9	0
5	6
0	0
7	6
10	0
12	0
10	0
10	0
5	0
7	0
7	10
6	0
7	0
4	0
9	0
19	0
0	4
8	13
0	65
52	1
2	0
5	0
0	21
4	0
11	0
18	7
6	15
2	6
1	0
9	0
0	0
2	0
4	0
19	0
21	0
3	0
30	0
5	0
7	4
2	0
22	0
6	0
15	1
9	0
6	74
0	34
12	0
18	0
6	0
43	1
9	0
6	0
1	0
6	0
0	9
7	16
0	0
1	0
2	0
5	0
13	0
0	0
8	0
8	0
9	0
11	0
2	33
22	78
67	1
2	1
0	22
6	7
2	130
4	19
8	3
0	0
11	0
0	0
0	0
12	0
12	0
12	0
8	7
8	0
3	0
19	0
25	22
14	27
3	30
6	9
1	0
2	0
8	0
0	0
10	0
1	199
13	21
3	73
11	0
0	0
10	6
0	0
12	1
20	3
3	7
0	0
5	0
23	13
4	0
13	0
14	58
0	30
9	0
21	1
0	0
0	6
0	0
1	0
11	40
5	0
0	29
17	0
7	2
7	0
2	0
0	0
8	0
8	6
2	45
0	4
19	0
14	6
2	0
11	0
5	0
3	0
0	31
2	0
10	10
11	0
4	11
3	0
0	8
19	0
0	0
45	3
42	12
2	38
3	0
27	4
0	1
6	0
11	0
11	7
8	14
6	4
68	0
0	0
31	0
1	0
37	75
7	0
4	0
6	2
7	0
15	15
0	0
1	0
9	0
0	0
15	21
18	9
10	0
6	0
2	0
5	0
1	1
16	0
15	0
12	8
23	3
1	4
2	0
13	0
10	20
4	0
28	0
4	0
0	218
9	0
24	3
2	0
7	3
5	0
17	3
4	66
4	85
0	0
0	22
1	0
7	0
17	4
1	0
22	69
11	0
11	3
7	0
10	14
7	2
0	36
6	0
9	0
4	0
39	0
0	0
7	0
28	8
5	0
5	22
21	28
17	0
0	15
2	0
25	0
8	4
14	0
9	26
0	0
14	39
3	0
5	18
1	0
16	122
12	0
2	11
10	0
16	11
12	17
0	2
41	9
1	0
0	0
12	2
1	5
0	0
5	0
17	4
0	136
0	29
8	0
5	1
3	32
13	0
3	0
8	5
10	0
0	0
1	0
5	0
0	0
11	0
3	0
0	3
7	0
0	2
0	0
5	0
3	3
12	0
2	0
11	0
15	0
4	0
0	144
14	0
0	9
2	0
9	0
23	2
7	24
6	0
20	14
3	0
2	0
6	0
9	0
0	0
9	0
4	360
0	349
4	357
36	26
8	69
0	0
3	352
40	0
0	347
1	35
10	339
31	33
85	79
7	8
6	6
16	0
35	0
15	2
17	0
31	2
4	0
1	0
15	11
30	6
2	0
3	38
6	0
15	7
8	3
26	50
8	0
5	5
7	0
16	0
11	4
9	16
15	0
105	0
3	1
9	0
17	6
8	5
9	9
0	7
26	0
12	45
11	0
0	1005
0	0
1	0
8	214
2	0
13	0
2	2
0	253
6	62
10	1
14	0
14	0
0	9
2	23
17	7
22	0
8	0
6	2
10	7
16	0
7	0
0	1
13	0
3	3
10	5
15	0
11	6
9	0
0	12
18	56
7	13
14	15
1	0
3	0
5	1
31	6
0	41
15	17
6	2
4	0
0	281
4	0
3	6
4	0
22	0
6	0
1	0
2	0
9	45
12	0
44	46
224	1
9	0
25	0
6	0
0	0
3	0
1	0
24	0
49	0
5	0
2	6
0	16
0	6
0	0
1	17
13	0
0	105
5	0
15	0
17	109
8	0
0	0
3	0
0	0
3	0
3	51
1	30
0	0
14	5
19	8
9	2
5	0
16	0
10	5
5	14
6	0
1	16
5	2
3	0
1	0
4	6
0	0
10	244
25	6
626	10658
0	34
8	7
2	0
9	0
0	99
4	114
3	74
0	2
7	0
3	0
8	4
14	0
0	0
10	46
3	0
7	0
4	0
22	0
2	97
4	0
8	39
3	0
10	0
0	18
12	0
8	26
13	0
7	0
10	0
3	9
21	138
3	0
4	0
3	14
14	3
12	1
1	0
1	0
6	12
10	3
9	0
10	1
0	0
4	44
4	0
0	2
8	0
0	3
14	0
7	0
2	8
2	220
5	0
0	0
22	0
6	0
36	0
10	89
36	3
3	4
0	0
7	15
5	11
0	3
3	17
17	7
5	0
14	4
37	301
4	306
15	5
0	0
2	6
1	22
17	32
26	13
6	33
10	23
4	0
0	9
4	91
11	0
62	15
2	0
1	0
17	0
3	0
14	9
0	1
14	0
8	16
18	2
7	0
2	0
3	3
12	0
17	2
4	0
23	0
0	48
2	2
15	0
0	0
4	0
19	3
40	0
31	6
7	13
4	26
4	7
0	25
1	0
1	31
6	0
14	0
29	5
19	0
10	2
12	25
22	0
16	0
18	9
2	9
4	0
2	0
9	0
4	0
16	41
13	0
0	245
16	0
9	47
0	7
3	31
6	0
25	8
14	0
2	8496
12	38
38	0
10	0
5	0
0	0
6	90
27	0
0	0
5	0
11	0
14	0
5	109
21	0
8	0
4	9
16	0
31	3
12	56
0	0
17	0
7	0
9	0
9	0
4	0
0	0
7	63
0	32
5	57
0	68
16	0
7	9
13	0
6	0
5	0
22	3
10	0
21	0
31	5
140	0
73	10
0	71
10	3
10	0
2	9
17	0
9	79
6	41
1	0
29	0
1	313
1	0
5	0
0	0
7	17
3	0
3	0
2	0
18	13
20	26
13	0
9	0
4	0
3	119
0	38
10	0
2	11
11	16
37	19
2	5
0	247
7	0
0	0
12	22
28	19
0	9
6	0
0	5
0	4
0	10
13	0
26	25
1	21
0	0
9	0
2	3
12	0
0	4
22	393
18	87
3	0
28	0
4	0
0	31
0	149
3	13
2	0
12	0
3	3
13	126
2	0
5	0
11	34
36	0
5	0
5	0
8	0
3	0
0	0
7	4
19	0
2	0
10	49
39	0
11	0
12	0
8	0
7	4
0	0
16	211
10	3
6	0
5	0
0	0
0	119
13	0
5	7
0	121
3	189
2	21
6	2
16	15
10	0
19	10
2	35
0	34
3	51
0	116
0	22
0	19
11	0
18	0
2	94
7	0
0	0
8	24
7	0
0	114
0	10
29	0
12	3
4	0
1	0
18	41
3	1
6	115
4	0
0	0
1	0
11	0
7	0
0	67
0	0
7	2
5	88
4	0
0	18
14	10
8	2
4	27
0	14
14	0
0	8
7	0
17	0
5	0
15	0
20	6
14	0
157	53
4	1
8	69
11	0
12	2
10	0
3	83
8	0
3	34
0	9
0	0
0	4
1	18
25	0
47	9
0	46
0	13
4	36
0	225
1	0
0	22
10	0
1	0
10	0
4	0
0	0
9	22
21	0
13	0
20	24
0	2
11	0
12	105
10	4
37	74
25	17
1	0
8	2
21	0
0	0
20	0
31	7
2	2
0	27
0	71
1	91
6	20
5	140
33	31
7	0
9	0
12	0
0	200
2	4
15	26
6	0
9	6
8	3
1	1
3	0
0	22
26	40
12	0
24	9
0	3
3	0
13	0
0	0
141	4
4	16
0	0
49	9
0	0
26	0
3	0
27	25
14	27
3	0
20	0
0	80
1	0
0	104
9	0
3	8
8	0
7	0
0	32
0	18
4	5
0	2
22	0
12	0
3	0
11	3
0	0
2	0
11	24
3	6
14	8
4	0
20	222
17	0
10	53
11	0
22	0
21	0
3	121
27	0
4	8
0	30
7	5
10	0
4	0
13	0
10	23
13	0
23	19
4	0
20	12
4	0
14	0
12	0
12	0
6	0
45	0
4	0
0	0
3	2
0	72
2	110
3	0
7	0
0	19
0	19
10	18
7	2
0	0
7	26
21	4
4	4
5	0
6	3
14	0
0	67
0	663
352	36
0	152
7	0
3	0
41	0
11	0
20	12
13	10
5	5
10	6
20	0
9	156
9	14
19	0
4	7
1	4
6	7
16	0
20	17
18	0
6	0
0	10
3	0
5	0
41	0
15	27
24	4
7	7
15	0
12	102
9	0
11	33
3	0
0	350
7	5
29	0
0	5
10	1
2	0
0	0
18	22
43	6
42	0
0	5
25	3
12	22
8	0
2	2
8	0
6	0
44	0
3	0
2	0
10	0
2	9
28	15
1	0
3	0
0	0
1	0
17	362
4	0
2	0
12	0
20	0
1	20
4	16
0	0
6	4
3	0
6	7
45	0
5	72
13	17
25	0
9	0
8	0
14	0
0	0
6	0
7	0
28	0
1	5
2	0
13	0
16	0
12	0
0	58
6	0
15	0
0	5
19	22
3	31
25	2
0	0
0	0
22	20
12	28
7	0
0	5
7	0
4	0
3	0
0	4
31	8
4	0
23	12
4	0
13	103
0	0
13	0
1	0
11	0
7	0
3	4
39	1
0	0
4	0
0	29
4	11
0	192
1	0
6	0
6	0
10	4
24	13
2	0
8	2
1	10
1	0
0	0
36	0
1	0
10	0
9	0
2	21
8	0
1	0
374	446
13	0
5	16
1	0
4	0
0	0
0	33
3	0
10	0
1	10
0	3
0	1
9	154
20	1
16	0
3	32
24	5
22	2
5	0
4	0
0	0
15	0
0	0
15	53
2	0
33	62
13	4
12	0
3	0
12	23
6	0
9	34
4	0
4	0
7	0
0	0
49	3
29	15
34	13
19	17
23	6
8	0
5	0
7	15
2	4
33	0
9	0
7	197
5	0
13	0
0	12
0	0
30	0
2	0
56	42
3	63
18	9
2	4
11	15
16	0
18	3
0	0
7	20
16	0
6	0
11	0
18	0
8	0
3	0
5	0
26	63
0	4
1	0
21	11
1	0
17	0
3	0
1	0
33	236
5	16
23	6
10	32
3	0
23	33
6	0
0	74
61	0
7	0
5	0
72	3
10	0
115	20
13	50
8	4
11	3
8	45
0	131
9	4
10	17
8	18
4	0
0	66
2	3
8	8
10	0
2	0
25	0
38	0
22	16
0	0
1	0
1	2
5	16
7	0
9	10
17	0
0	0
4	0
5	0
0	24
7	0
0	24
22	0
1	3
9	22
0	11
5	8
8	8
9	2
0	4
0	17
2	0
8	0
3	0
23	0
0	0
4	0
10	0
9	0
8	0
16	0
9	0
0	46
13	2
5	1
24	2
0	2
29	0
56	19
14	7
16	32
12	0
4	0
28	0
38	3
0	6
15	0
9	0
22	0
7	0
0	0
1	67
4	0
16	0
77	1
0	0
18	61
7	2
6	0
9	0
2	0
8	0
18	0
12	12
6	0
8	0
36	1
5	6
14	0
4	85
9	39
11	14
4	0
20	0
52	0
36	0
7	15
4	24
1	4
22	0
21	59
15	75
1	196
2	0
43	0
32	0
1	0
1	0
5	28
3	0
3	0
45	6
1	0
3	10
0	8
0	17
2	29
2	0
20	3
64	4
0	0
0	288
20	0
11	0
17	53
26	0
0	0
20	38
0	0
5	20
26	0
11	0
1	0
3	0
2	52
3	0
9	0
47	7
0	13
1	3
11	0
12	0
33	34
17	2
18	2
6	4
5	0
6	0
4	0
14	4
0	0
23	26
1264	8055
0	0
41	46
37	4
0	0
24	0
5	0
15	3
9	0
12	44
7	0
1	3
20	12
50	0
1	3
53	35
0	5
0	5
3	0
3	0
24	0
11	0
5	3
9	22
0	2
2	5
14	0
7	18
6	0
0	4
12	15
23	15
2	35
6	0
2	163
6	3
6	35
2	23
3	0
4	0
11	0
23	0
20	11
0	7
21	0
17	0
7	0
4	14
14	5
9	0
10	3
2	80
0	5
0	14
0	10
0	10
63	18
17	0
1	0
1	5
70	36
36	2
0	0
2	0
14	5
14	0
0	0
19	3
23	43
153	143
7	0
11	6
12	0
0	14
13	8
6	0
16	0
18	0
17	0
23	0
34	0
35	21
4	8
28	43
29	0
4	22
2	0
1	1
5	9
1	0
0	0
14	117
6	176
3	0
22	0
33	3
3	3
367	370
0	0
0	2
1	4
48	0
0	0
24	0
9	110
1	95
16	0
67	0
14	0
1	0
14	0
0	21
4	0
20	13
25	0
2	0
13	66
2	36
17	8
9	69
10	4
29	0
1	0
6	0
24	0
7	0
13	0
3	0
8	0
0	0
5	0
9	0
0	17
0	201
17	6
46	0
2	0
26	0
3	0
7	0
0	0
11	12
2	0
19	0
20	3
6	0
13	5
25	0
0	3
16	0
5	0
7	0
34	13
7	1
1	0
7	0
2	0
7	0
0	1
6	81
7	31
13	0
0	13
0	26
28	0
65	4
4	0
11	9
8	0
32	3
1	0
2	0
2	0
0	0
31	0
3	1
21	0
14	0
20	0
20	49
9	29
4	0
4	0
12	0
22	1
8	61
6	0
23	1
11	28
5	257
14	0
17	6
4	187
2	0
3	2
0	0
0	0
15	4
14	0
2	4
22	0
6	0
8	0
10	29
14	18
1	0
0	0
1	0
0	16
1	11
9	0
4	0
11	0
0	0
20	0
16	0
4	0
16	4
3	69
4	0
4	0
3	0
4	15
1	0
0	0
16	104
2	43
43	2
3	36
9	0
0	0
116	77
11	5
0	23
1	0
8	0
18	0
0	15
17	0
0	0
1	0
12	0
20	12
10	0
8	0
12	154
0	87
2	6
25	33
16	0
0	127
8	0
10	0
0	0
13	0
1	0
5	0
2	0
0	0
1	1
15	0
15	4
12	0
2	0
5	0
119	79
3	0
0	20
11	5
7	0
2	5
15	0
21	3
3	56
16	12
7	0
3	0
1	17
1	0
7	9
2	22
0	0
1	0
7	3
3	0
27	37
24	0
0	7
0	0
20	0
1	5
6	0
16	1
2	29
8	0
628	459
4	113
2	0
0	156
24	0
9	16
5	0
8	144
0	3
0	17
1	0
3	2
0	12
8	0
3	0
27	73
22	6
3	0
10	0
1	8
0	183
0	126
22	0
8	0
5	0
11	0
0	3
48	0
8	13
15	0
0	21
5	0
7	4
23	127
12	0
17	0
8	0
6	0
9	2
18	0
1	21
0	0
17	2
19	6
12	16
2	0
9	9
5	738
1	0
6	0
8	0
0	9
0	6
4	0
5	5
16	0
0	0
9	2
0	0
1	23
0	0
12	0
0	4
3	0
0	0
12	0
13	11
0	0
32	0
16	5
34	6
9	0
0	0
3	0
4	0
10	3
0	0
12	0
0	0
15	0
4	0
2	0
1	45
1	16
0	17
12	0
14	0
1	0
0	0
4	0
14	0
1	28
124	0
20	0
14	278
20	0
35	0
15	0
9	0
22	14
27	5
9	83
14	0
7	0
8	44
2	0
7	20
5	0
7	49
3	0
25	0
0	0
0	0
3	52
9	0
9	202
5	0
2	0
0	0
0	0
17	5
1	0
17	0
14	0
5	0
1	0
0	14
26	0
3	0
1	2
13	0
0	2
6	112
10	0
15	1
3	0
0	38
4	0
6	5
0	0
17	0
1	6
0	0
12	3
0	26
9	209
12	59
11	0
22	3
0	0
0	41
10	0
27	37
2	0
0	11
0	0
0	0
0	3
9	0
34	0
0	0
5	150
5	0
20	0
8	0
15	25
16	0
11	0
30	18
3	0
2	17
16	28
13	0
0	24
14	1
0	6
1	0
0	0
1	0
25	0
0	46
1	1
10	134
0	0
13	0
17	0
5	12
26	0
0	281
10	34
3	97
2	15
9	20
15	0
11	58
6	0
12	0
0	24
3	0
11	0
3	0
17	7
12	0
117	10
15	1
17	127
4	0
5	43
0	0
19	0
4	185
2	0
6	0
0	0
4	0
29	0
26	2
14	12
6	0
0	24
11	0
0	81
16	7
3	0
1	0
0	0
10	35
36	0
35	24
1	0
0	15
3	0
10	19
28	0
14	0
23	43
6	0
5	16
10	0
19	8
5	0
10	0
0	0
2	5
0	16
0	0
6	0
12	0
0	8
32	0
1	0
0	7
7	0
0	0
20	3
6	0
5	0
1	106
5	15
17	0
7	0
25	0
1	0
12	0
1	43
0	1
0	0
0	0
0	5
0	4
0	15
0	21
43	0
17	0
31	0
0	125
0	202
0	0
1	0
2	0
7	3
8	0
0	64
2	3
32	0
3	0
0	2
21	42
20	0
9	43
15	53
13	4
3	0
0	7
0	0
0	0
7	0
4	107
14	0
36	0
0	122
9	0
20	0
14	4
8	14
14	26
0	22
5	0
10	0
24	0
0	7
12	4
29	0
13	0
0	0
433	188
6	0
0	0
0	2
50	0
15	0
15	0
0	0
0	0
23	6
5	0
24	0
0	3
4	0
7	0
9	0
8	0
0	6
11	8
12	0
2	0
13	5
27	0
5	0
11	15
5	0
0	0
34	0
11	0
17	296
10	1
0	0
0	0
0	1
17	3
3	0
4	12
35	0
11	0
4	7
4	2
5	0
0	2
14	185
2	0
4	5
19	21
0	0
0	0
15	2
16	0
7	4
11	0
16	15
12	0
5	0
17	0
4	0
0	0
2	0
4	0
12	0
0	20
15	0
8	0
0	0
18	0
42	11
41	251
9	0
1	1
6	57
28	0
3	0
6	21
34	72
27	0
0	6
11	0
3	69
4	0
4	0
3	0
10	0
6	1
3	1
43	0
41	0
1	57
5	0
94	33
67	16
11	0
1	0
0	4
10	0
4	96
0	0
12	8
59	55
7	25
4	5
13	10
0	14
3	0
6	34
2	7
32	1
2	83
39	52
11	0
0	787
7	0
3	0
2	0
3	0
19	0
5	0
6	5
25	0
8	57
13	4
20	0
11	21
34	22
40	17
2	0
0	0
12	0
2	0
0	247
0	11
11	0
13	0
13	12
9	2
6	13
10	4
0	12
21	0
22	10
3	0
0	0
0	34
2	0
167	114
62	14
21	7
6	0
0	4
0	11
14	28
6	0
2	0
15	0
8	0
3	7
278	263
2	22
4	4
23	0
266	545
5	0
36	3
19	0
15	0
5	8
10	0
0	39
9	0
10	15
0	2
0	9
15	0
10	0
2	6
2	31
2	2
0	174
8	0
40	715
9	0
0	55
22	0
7	0
2	1
0	0
0	0
0	3
4	0
10	0
3	118
13	0
11	0
0	0
5	0
0	25
14	0
7	0
28	0
3	0
18	53
1	0
60	9
0	275
12	9
3	0
61	0
9	0
5	0
18	0
2	0
0	0
15	0
0	0
4	0
0	139
9	32
3	0
10	0
4	0
25	9
17	5
9	0
6	0
4	0
7	1
1	2
0	20
2	1
2	0
10	124
6	6
30	0
3	24
0	136
3	65
6	0
16	0
9	0
2	0
8	0
0	0
8	88
0	0
2	0
9	4
9	0
2	21
26	37
32	0
2	0
0	18
18	0
3	1
10	0
5	28
12	0
15	6
30	0
322	126
0	8
2	0
0	5
0	16
9	0
4	0
21	0
31	0
9	0
0	1
3	0
7	1
11	6
12	0
5	8
9	0
0	0
1	5
8	5
17	7
6	0
3	120
5	0
11	0
13	16
1	0
29	2
20	0
47	0
4	0
7	174
9	0
28	8
0	0
4	0
4	43
8	57
21	11
3	3
3	12
2	0
26	0
0	264
0	10
17	0
8	7
0	6
5	88
33	13
0	3
2	127
0	10
2	0
0	0
14	0
33	0
6	0
9	2
1	0
0	0
18	0
0	0
19	22
215	215
9	1
0	0
0	0
6	0
10	2
1	4
0	0
36	0
13	0
30	0
33	0
2	0
3	21
0	8
5	6
23	35
6	0
2	7
3	0
6	0
1	2
24	0
1	0
4	0
1	65
27	0
9	0
0	0
3	5
8	0
16	0
2	0
14	0
9	0
3	3
5	0
4	11
12	0
2	0
31	0
9	149
23	0
17	23
21	0
10	28
0	0
46	62
1	0
6	6
3	0
6	0
13	0
31	48
6	5
0	243
6	0
4	0
25	0
16	208
7	1
6	75
3	9
10	13
5	0
4	6
4	22
2	0
17	0
0	11
1	7
5	306
0	0
3	5
5	0
6	0
0	0
2	0
16	0
1	0
13	17
1	46
4	0
17	0
0	0
10	0
0	0
8	0
15	0
1	0
1	6
14	12
11	0
1	0
7	1
0	740
51	0
146	360
4	0
8	41
8	0
7	0
48	7
1	17
8	0
5	0
3	0
72	232
68	106
5	4
2	0
17	0
0	1
14	100
7	46
7	0
12	2
5	3
10	7
0	17
0	0
4	4
9	0
5	0
35	18
22	5
0	317
0	17
2	287
7	0
3	140
24	20
4	9
4	0
15	29
0	9
212	32
4	20
4	18
3	45
0	236
5	3
11	0
0	235
8	185
4	7
33	4
2	0
7	0
40	14
6	0
15	231
0	5
6	52
13	0
4	6
0	0
9	0
55	0
4	0
45	0
17	0
34	3
24	0
235	291
2	0
3092	8685
1	0
0	0
9	0
18	0
4	0
0	7
5	3
15	0
0	0
0	7
0	2
4	0
2	0
0	19
0	43
0	0
0	9
6	23
1	0
17	0
3	0
0	0
31	1
18	0
1	0
0	0
10	0
39	0
3	0
0	0
0	4
0	12
1	0
7	0
7	0
0	0
16	154
45	0
2	0
2	15
5	11
2	0
16	0
6	0
23	0
0	0
0	8
5	0
9	85
3	0
20	10
0	0
4	0
10	4
7	0
6	6
6	0
4	0
13	6
38	26
9	28
5	0
28	0
14	2
11	7
28	7
9	2
13	8
31	72
56	0
328	545
672	684
13	0
4	0
14	0
0	3
0	0
5	31
49	0
9	13
7	3
0	147
18	0
0	174
0	2
14	1
23	2
11	2
0	0
55	5
20	0
4	0
5	0
9	0
10	87
7	0
23	0
30	17
10	23
2	0
10	0
3	140
34	43
0	0
0	0
10	0
2	0
4	23
8	11
6	0
7	9
21	0
0	42
9	0
7	8
10	0
22	0
8	1
6	0
0	0
0	109
3	12
5	0
0	0
3	16
4	0
2	0
8	0
0	42
7	10
6	43
1	0
29	0
0	19
20	6
0	19
2	0
3	2
0	24
2	24
44	23
9	9
3	0
32	0
0	25
5	0
15	0
55	0
25	4
27	0
37	31
5	0
0	0
14	134
7	1
32	1
1	0
6	0
22	12
0	0
3	0
4	1
6	0
22	20
25	13
4	2
26	33
20	36
0	4
66	0
10	0
35	0
5	0
3	10
3	1
1	3
6	0
7	0
4	0
4	0
6	0
0	4
0	208
25	0
13	0
5	0
1	0
0	0
0	219
4	5
19	0
5	0
8	3
16	0
17	6
16	2
3	0
0	0
18	39
6	229
0	5
5	18
0	5
14	3
8	33
25	85
13	0
11	7
0	9
8	0
1	0
3	10
10	0
14	0
34	0
26	1
11	0
1	23
0	0
12	34
1	0
19	10
44	11
3	69
22	0
7	0
0	221
0	6
0	244
5	0
5	0
5	0
0	7
28	19
5	6
21	46
0	20
11	0
30	0
4	0
14	0
2	0
9	14
10	0
12	0
1	0
2	444
12	4
10	0
0	4
14	5
13	0
9	0
27	0
5	80
6	0
23	0
6	1
3	0
2	183
12	14
27	0
4	0
17	0
21	0
21	20
13	6
24	20
5	0
7	0
0	0
9	0
1	0
11	0
33	14
18	27
14	68
5	0
15	10
0	0
3	179
0	9
20	0
1	4
0	0
0	0
5	0
11	5
18	0
4	0
25	4
6	0
28	0
8	0
3	0
2	0
1	5
7	0
769	877
3	0
10	0
13	0
9	0
2	0
13	0
4	0
0	121
0	151
0	19
0	34
0	24
2	0
9	3
4	5
18	0
0	23
8	0
0	0
6	0
0	64
5	306
0	284
0	12
15	0
47	2
2	0
11	1
0	325
342	112
0	0
15	0
15	0
2	0
4	13
4	63
17	0
5	0
4	6
2	0
0	0
0	27
28	0
11	0
1	0
4	0
0	1
408	78
7	0
1	0
0	0
13	0
0	0
23	0
29	0
7	0
17	0
44	0
5	0
0	0
14	5
20	0
5	3
0	0
13	13
8	0
4	4
8	0
0	0
20	0
16	0
5	0
2	8
6	0
0	7
14	15
1	2
7	0
8	0
5	210
24	11
3	2
4	0
7	5
0	0
13	0
5	0
2	19
11	0
2	0
47	63
4	0
10	0
3	0
12	0
21	0
14	0
0	26
10	5
13	22
0	26
0	32
9	26
8	0
10	10
20	0
15	0
0	0
5	0
12	17
8	25
14	0
5	0
20	0
0	0
11	8
5	1
6	14
21	7
9	1
11	0
12	0
0	0
12	20
16	5
13	0
0	0
11	5
4	0
3	0
29	1
7	5
5	0
0	0
5	9
22	0
2	1
0	25
1	0
11	53
0	52
26	112
0	4
12	0
0	0
4	2
11	0
8	11
17	22
4	0
8	0
0	0
0	0
5	0
27	0
15	0
0	15
0	11
0	10
0	0
6	0
1	15
16	0
8	0
4	31
9	0
1	0
13	0
2	0
1	0
4	58
5	0
7	35
21	0
3	0
11	108
4	0
13	0
1	0
0	0
50	4
13	0
13	5
2	0
23	0
7	0
18	0
4	131
0	0
0	3
2	0
4	0
3	0
5	0
29	0
6	0
23	2
6	0
12	13
0	0
24	6
18	17
0	0
7	0
1	0
5	0
10	0
8	0
37	0
2	0
8	0
3	66
15	19
5	34
17	0
1	0
1	3
0	1027
5	0
1	0
15	0
9	0
27	0
0	0
0	121
7	0
0	0
1	118
16	0
0	0
20	0
4	114
1	0
3	59
10	2
0	0
0	36
9	6
4	6
1	82
0	0
6	0
28	0
5	14
4	50
28	2
4	0
6	0
2	45
3	6
3	140
14	0
9	0
10	7
17	13
11	0
14	0
8	0
0	0
0	211
4	0
3	0
8	7
34	46
2	2
19	0
4	0
9	26
6	5
13	5
6	0
14	0
2	0
6	108
21	12
13	4
17	0
0	2
0	63
9	35
0	0
26	0
0	63
5	0
0	0
0	39
3	0
1	0
4	0
0	80
7	0
2	0
0	0
3	0
17	0
1	63
3	6
0	0
17	0
16	0
16	0
53	11
0	29
26	30
1	0
0	0
5	0
7	0
4	585
2	0
4	0
14	41
8	39
6	11
8	0
2	1
12	263
2	0
48	25
3	0
7	10
2	29
10	11
2	0
2	28
28	0
6	498
15	0
2	0
18	0
29	0
3	1
22	18
0	0
15	5
0	0
24	0
0	0
0	0
4	0
19	44
14	0
6	0
28	0
1	0
7	30
3	0
4	0
4	1
6	0
3	0
10	0
10	0
21	23
18	3
12	0
6	1
2	0
1	1
15	0
5	0
33	2
4	0
9	0
11	62
8	0
0	12
7	0
0	0
0	0
9	0
0	0
5	0
26	0
5	40
19	0
6	174
2	0
16	0
3	0
5	0
37	3
11	176
0	0
12	3
11	5
10	0
0	27
0	70
8	0
10	514
4	0
9	0
2	0
1	3
25	0
8	0
14	0
19	0
1	0
12	0
6	0
21	0
0	19
10	0
5	0
15	14
8	89
12	2
1	50
0	0
2	0
8	2
3	0
3	1
15	0
4	0
5	0
36	7
9	3
4	134
0	0
47	0
23	27
0	2
25	3
0	0
5	7
19	20
0	0
25	0
3	0
2	8
22	0
30	1
5	20
10	0
4	7
4	0
0	0
27	0
0	58
17	2
0	4
5	0
8	0
3	3
0	0
24	0
1	6
20	82
12	3
12	6
4	0
1	67
8	5
9	0
8	0
4	25
8	0
3	0
7	12
5	0
3	0
2	6
0	1
0	217
11	0
10	0
0	4
0	11
12	566
1	8
11	10
12	2
2	23
7	0
2	0
2	8
2	0
24	0
2	0
11	7
517	478
175	478
0	43
12	100
1	990
2	0
376	166
1	0
10	0
14	0
0	7
0	0
0	739
21	0
6	1
6	51
15	7
2	4
14	0
10	17
39	14
13	0
4	4
15	1
0	0
17	2
0	30
0	2
18	0
0	0
6	4
12	0
0	9
16	63
11	0
0	30
22	0
0	55
4	0
0	9
1	0
8	1
33	0
19	0
4	1
8	5
27	0
24	8
3	1
0	0
4	0
8	55
11	0
8	0
2	0
12	0
6	79
4	0
23	0
0	3
24	0
5	0
1	5
0	40
0	25
2	0
0	0
33	0
7	4
6	28
7	0
116	74
0	0
1	0
5	20
16	5
7	3
1	1
2	0
0	5
12	0
9	0
8	8
2	0
1	23
28	0
98	52
8	0
0	0
2	0
8	0
0	0
12	0
23	0
36	0
6	271
7	3
7	4
3	0
0	12
23	35
6	0
1	0
38	157
1	0
17	37
1	0
4	42
0	6
6	0
0	0
6	59
0	0
6	0
3	9
17	0
1	0
21	11
1	288
3	0
5	0
11	0
6	3
10	0
13	0
0	0
12	0
8	0
31	0
11	29
9	1
5	0
44	0
1	0
10	20
0	4
9	19
16	4
1	0
2	0
1	0
5	0
7	26
3	0
13	0
20	0
3	26
4	0
18	0
10	9
0	0
27	0
22	0
12	0
0	0
19	28
15	0
15	0
5	0
3	0
4	7
1	0
9	3
0	811
2	1
13	2
18	0
2	6
10	0
7	0
15	0
1	0
10	0
6	13
26	0
8	0
7	0
0	0
2	15
39	4
20	0
7	0
6	0
12	0
14	5
10	21
12	3
0	47
8	0
0	0
9	0
38	0
11	0
52	3
8	15
11	0
56	0
5	0
10	0
12	2
1	0
2	0
15	0
7	0
0	8
0	0
5	0
10	0
0	3
2	0
5	4
12	0
2	2
0	0
5	20
2	0
9	0
0	0
1	0
1	3
9	0
5	12
2	0
2	31
4	2
6	0
31	220
11	0
13	12
15	4
4	6
38	0
3	0
0	87
17	0
6	11
25	0
10	0
0	0
1	15
0	5
19	83
10	12
17	206
21	7
0	0
1	0
3	0
17	0
15	0
5	0
9	0
8	21
1	100
0	21
30	6
12	0
6	0
3	66
25	5
6	0
1	0
7	16
21	0
3	0
10	0
16	0
0	0
21	17
26	40
20	0
0	2
11	0
2	11
18	0
17	0
23	0
9	0
3	0
8	0
1	0
0	0
18	97
4	0
0	96
0	140
0	0
7	0
0	104
4	8
1	74
8	0
7	0
1	0
0	82
8	50
18	0
0	10
17	35
20	0
0	32
2	0
15	0
0	71
13	24
2	0
0	0
2	0
2	5
0	73
9	0
5	0
0	11
0	439
1	0
11	0
0	0
6	0
11	2
2	124
16	95
0	26
13	0
5	35
8	0
8	0
6	0
0	0
25	0
15	0
4	0
32	5
13	46
0	4
2	19
11	0
15	1
22	0
7	0
10	0
2	28
25	1
0	0
9	0
10	5
4	5
8	6
8	0
4	0
12	0
0	0
0	0
303	157
26	15
12	94
26	7
6	0
0	2
4	82
0	0
4	0
4	0
31	75
0	0
1	0
10	0
28	10
3	0
4	0
9	0
5	43
10	0
7	0
35	0
3	0
9	0
29	0
8	0
16	0
0	87
14	421
46	0
15	4
9	0
25	2
0	0
0	0
14	0
7	0
4	733
6	0
1	123
7	37
15	2
2	0
4	0
5	83
0	0
3	22
0	3
2	0
0	125
15	5
0	68
5	0
0	10
15	85
8	0
2	87
0	29
51	0
2	81
9	5
14	0
16	0
0	66
104	101
5	0
17	20
0	23
23	1
7	0
1	0
0	7
5	0
0	0
0	0
10	0
36	5
13	32
1	0
22	0
1	0
16	81
10	0
20	0
4	60
6	0
10	0
19	0
8	0
9	0
5	0
4	2
7	7
30	0
11	21
23	9
1	0
5	0
12	0
4	0
2	0
0	153
20	0
10	185
0	0
0	53
0	0
3	0
16	0
4	1
4	7
4	5
2	0
0	24
16	0
3	0
21	2
15	23
4	0
11	0
0	69
1	15
1	2
0	0
17	17
6	0
11	0
0	22
0	23
0	0
4	0
34	0
8	0
3	145
7	0
4	0
0	0
1	0
11	0
6	0
5	0
14	5
9	0
25	0
16	0
3	0
2	12
21	0
9	0
28	0
19	1
19	0
4	1
17	0
32	28
6	0
2	0
2	121
6	83
5	17
12	0
9	0
9	0
4	0
20	0
31	13
4	3
9	8
13	0
0	32
3	0
6	4
10	0
48	0
10	0
3	9
7	0
5	0
20	0
7	1
7	0
3	0
6	0
9	5
28	0
7	0
27	0
15	0
11	5
15	63
0	14
11	0
22	9
6	0
8	0
16	50
5	0
3	80
2	7
2	0
0	0
19	0
0	0
6	29
6	0
5	0
13	5
0	0
12	3
13	0
17	3
5	0
2	6
3	0
6	0
3	160
4	0
5	0
13	8
2	0
3	0
0	97
8	9
13	0
5	0
13	31
6	9
16	27
21	0
3	158
24	20
0	0
0	0
0	0
6	0
19	0
5	0
12	4
11	51
6	0
10	0
19	0
7	30
1	0
26	1
32	0
10	0
0	1
6	0
33	39
5	18
10	89
28	0
0	32
0	2
9	160
10	7
3	1
11	0
18	0
6	0
16	1
23	5
5	0
6	18
5	0
5	0
0	0
41	0
4	0
12	0
0	0
2	0
4	0
11	0
0	36
0	4
0	24
12	20
3	0
11	0
7	0
45	0
20	7
6	1
7	0
12	31
19	18
21	0
15	0
16	0
1	6
0	0
0	0
7	2
5	0
0	0
7	0
40	0
6	0
6	0
5	0
2	50
18	2
27	0
3	20
1	82
16	137
7	0
0	0
2	0
10	0
5	0
1	0
18	0
18	1
26	0
74	82
16	0
5	0
24	8
1360	1550
8	6
9	3
10	0
21	24
10	0
8	0
5	0
8	0
15	0
6	0
16	0
5	3
21	0
23	0
6	0
5	0
40	0
3	0
25	0
24	0
3	4
17	13
21	35
14	0
7	0
7	7
1	0
19	0
0	0
47	10
8	145
7	0
21	31
9	0
5	1
19	0
10	15
5	0
0	0
3	0
2	9
8	0
2	34
0	0
13	5
1	30
0	1
18	0
11	0
4	0
5	0
8	4
12	0
13	0
0	45
0	25
20	0
2	0
26	14
7	1
22	0
0	0
0	0
24	46
0	3
3	11
15	29
15	0
5	6
18	34
0	2
15	0
3	0
0	0
1	4
5	0
22	1
40	5
4	36
9	9
2	3
17	0
5	0
1	410
0	0
26	10
60	16
15	0
9	0
3	7
8	228
7	0
44	9
0	17
6	0
0	0
7	5
17	5
16	0
4	0
3	0
23	0
13	9
12	0
12	0
11	53
18	0
6	29
0	2
16	5
3	0
0	0
6	0
9	0
11	6
5	0
14	0
37	0
1	1
4	0
6	0
5	0
2	0
2	1
65	0
5	0
2	3
0	0
3	0
23	0
30	1
8	0
25	0
13	0
6	0
5	7
7	0
6	10
8	733
10	0
15	0
1	0
13	46
0	0
9	0
0	0
3	0
0	18
21	2
6	0
14	0
32	6
2	7
25	5
7	0
2	0
5	33
4	1
1139	1722
4	0
0	3
19	290
10	18
5	0
4	0
6	0
0	0
4	1
0	173
10	4
1	0
18	0
2	5
0	14
29	0
4	14
12	0
3	0
22	0
10	0
0	0
1	2
10	0
0	0
4	0
7	0
52	0
9	3
26	0
0	1
29	56
17	0
9	0
11	11
0	0
9	0
22	99
32	0
0	130
7	0
12	0
1	6
3	0
37	24
6	2
6	11
14	1
0	10
11	0
26	0
0	0
1	0
6	0
12	45
9	0
1	0
10	0
763	526
6	4
6	0
10	37
6	14
20	1
4	29
24	0
3	0
3	0
0	0
1	0
32	0
10	0
11	0
15	0
10	0
3	0
13	21
567	368
4	5
0	49
1	0
0	1
6	11
559	637
8	5
16	19
6	0
18	50
6	0
13	0
18	0
2	0
15	12
5	0
18	0
5	0
15	12
10	0
0	0
8	0
39	0
4	48
17	0
3	0
8	0
4	3
0	27
2	0
7	0
5	0
17	8
8	5
0	5
3	0
45	0
10	0
2	0
29	0
3	0
6	0
28	0
187	272
1	0
21	0
50	3
4	0
0	0
8	6
0	41
13	0
16	60
11	0
28	0
16	0
6	0
18	0
0	4
16	40
26	37
5	0
17	18
13	27
17	7
6	1
14	27
10	0
51	0
9	0
13	0
13	26
24	10
5	0
8	0
101	1
11	4
0	163
15	2
9	0
0	84
2	3
7	0
26	6
16	0
6	0
6	0
12	29
0	0
21	0
1	0
0	1
4	0
5	1
16	0
20	89
40	36
26	0
45	7
18	0
20	4
4	10
9	0
17	0
8	7
10	0
2	0
10	0
0	0
15	0
0	690
20	0
20	0
9	0
19	0
0	157
13	4
2	0
10	0
9	116
8	1
4	0
8	0
2	0
14	0
47	34
7	0
29	1
0	0
6	0
6	10
8	0
32	0
24	0
3	3
4	7
1	2
23	118
14	0
5	3
56	6
15	0
14	3
16	0
1	0
14	15
4	5
9	0
16	0
3	1
8	81
10	8
16	0
2	38
0	91
2	0
5	0
31	63
0	0
6	0
8	0
19	0
0	0
7	0
1	0
2	0
9	0
2	10
5	10
7	43
10	215
0	37
3	15
12	81
10	0
28	3
2	120
11	0
7	11
24	0
10	0
0	0
0	0
29	0
4	23
11	0
0	17
6	0
6	0
7	0
32	191
4	0
904	1191
47	3
2	1
2	0
4	0
0	227
0	0
2	0
3	0
38	0
320	6
11	5
4	32
9	3
10	4
2	18
15	0
35	0
7	0
30	0
7	0
131	94
23	0
14	0
11	126
44	0
0	16
4	20
10	0
1	0
23	3
0	76
4	55
5	0
0	13
4	133
17	0
0	0
3	0
0	26
65	7
7	0
5	0
3	0
4	13
3	0
5	10
13	0
11	0
8	108
7	85
1	46
26	0
0	0
0	0
17	0
7	0
19	19
10	11
10	2
4	21
0	2
0	6
21	19
1	0
2	0
6	0
9	0
12	0
0	0
8	2
0	57
13	0
10	0
0	0
15	19
21	0
2	4
15	3
0	0
17	0
18	7
18	2
30	0
4	1
0	0
56	0
30	246
3	44
7	0
28	0
11	20
13	127
15	32
4	0
3	0
6	0
11	56
6	0
0	59
9	14
7	0
15	1
9	0
1	0
8	4
0	0
7	16
3	0
3	0
8	0
5	2
0	0
13	1
7	41
1	0
32	4
11	0
10	2
0	6
19	0
10	0
0	32
15	0
8	0
1	0
3	0
14	0
0	0
1	2
26	38
9	94
5	0
0	0
10	0
1	635
7	0
18	0
3	104
38	3
8	0
11	173
11	0
10	0
29	3
3	0
0	4
0	17
27	0
0	76
5	43
5	19
8	0
3	406
4	2
4	0
3	155
4	0
0	406
14	0
4	0
41	55
46	0
0	0
4	17
4	3
13	10
2	0
810	1141
16	0
9	0
5	107
2	0
21	0
1	266
0	0
7	0
2	0
4	0
10	0
13	0
9	0
11	63
13	0
0	0
28	38
0	19
1	0
4	0
2	0
4	2
8	0
1	0
6	11
7	8
5	0
9	3
4	0
12	0
14	0
4	3
38	0
26	0
1	0
9	0
2	131
6	15
6	18
8	26
46	345
4	0
5	0
2	117
0	46
13	0
6	0
5	5
0	0
0	21
1	0
0	16
7	9
6	0
17	0
3	0
1	0
0	0
0	0
0	0
3	0
17	0
10	4
5	3
12	0
24	0
0	0
8	0
11	3
2	2
18	0
11	0
3	0
3	7
28	0
0	0
3	0
3	5
5	0
11	3
4	0
15	0
4	0
9	0
12	0
0	18
0	32
0	2
4	0
7	0
0	51
4	3
9	17
0	0
4	46
13	0
11	0
5	13
6	0
0	0
0	0
3	0
0	15
7	23
13	18
14	11
0	0
4	0
13	12
4	0
1	0
0	6
25	0
3	0
25	4
0	0
0	0
15	0
0	0
0	0
7	142
7	0
7	6
0	0
0	4
2	0
21	0
15	3
11	2
33	24
7	0
14	8
0	8
0	5
5	17
10	0
0	5
16	16
23	0
28	0
4	110
0	0
0	0
12	0
3	10
4	0
4	0
20	0
15	0
16	0
1	0
8	5
6	0
35	1
16	0
5	0
5	0
11	0
5	16
0	0
2	0
3	0
12	0
29	0
13	63
15	0
0	17
14	19
0	6
17	44
4	28
6	8
7	22
0	0
15	0
25	5
3	29
11	7
7	0
0	0
6	0
17	0
12	32
0	29
4	3
0	33
16	3
14	0
6	1
13	0
2	0
11	0
28	28
4	9
16	1
2	44
0	37
18	3
8	0
0	14
12	9
229	60
10	0
13	18
6	0
16	0
0	0
13	5
11	13
3	0
23	0
2	0
6	20
4	2
0	0
8	0
5	12
12	0
0	0
1	9
7	348
3	3
13	0
4	92
20	8
1	0
23	0
15	7
2	0
17	10
7	0
4	1
5	11
8	0
1	0
3	0
3	0
0	12
3	0
12	0
9	0
8	26
8	0
6	0
1	0
14	0
3	36
28	2
9	0
0	0
6	0
0	0
35	0
7	2
21	3
2	0
4	0
0	0
15	2
3	0
0	0
28	23
0	28
0	0
0	0
4	38
6	0
7	0
5	12
10	19
12	19
17	0
12	0
1	0
13	0
0	0
4	0
0	0
4	0
4	0
13	1
7	4
6	0
0	13
30	36
3	0
1	0
0	10
9	63
20	0
14	0
6	0
2	17
9	36
7	0
4	0
0	0
41	159
3	1
4	0
3	9
16	12
0	98
0	26
6	0
12	35
21	7
7	0
16	11
0	0
28	0
10	38
6	0
28	1
3	0
0	30
5	0
8	0
4	0
9	1
2	0
1	0
10	117
0	0
0	80
1	0
0	2
28	28
1	0
3	44
16	44
15	64
1	0
25	0
6	49
5	2
0	12
93	0
6	2
3	0
13	0
8	18
17	330
5	3
4	15
6	0
3	0
9	0
4	0
2	0
3	0
7	4
16	14
4	7
13	0
19	0
5	0
48	22
20	0
3	0
8	0
6	0
12	0
11	0
0	0
0	0
8	0
0	0
6	0
0	0
8	0
3	0
43	13
17	5
21	0
5	0
1	0
0	85
0	36
6	19
2	2
0	85
19	0
8	12
29	110
10	133
1	3
13	0
17	3
29	11
3	0
14	13
4	0
2	0
16	7
0	5
23	0
3	0
0	0
0	0
3	5
13	3
12	10
0	95
0	0
5	0
12	34
4	0
17	0
0	0
2	37
9	13
0	2
3	0
13	0
12	0
6	0
10	0
10	0
0	60
14	10
17	327
15	1
0	13
31	2
0	0
9	62
6	6
17	0
31	46
15	2
9	5
10	4
0	0
10	0
0	0
4	0
1	62
16	14
65	0
0	74
17	0
6	0
2	151
3	108
20	1
1	0
11	0
1	84
6	0
5	7
0	5
0	0
40	4
0	8
16	0
11	22
12	14
44	0
5	17
10	30
1	2
10	0
34	0
22	0
199	0
400	32
15	5
7	0
9	0
32	113
19	1
2	3
3	0
4	15
2	0
4	44
1	4
0	0
5	0
14	0
3	1
17	2
12	4
25	80
5	20
3	0
0	16
0	0
7	0
0	778
3	0
11	0
5	27
25	12
8	41
8	96
0	5
8	0
9	8
5	17
0	20
6	0
9	0
7	36
15	0
8	0
4	0
8	0
7	0
7	1
0	0
11	0
13	0
5	3
57	0
4	0
14	0
0	6
19	0
6	55
0	0
4	0
76	2
13	3
5	0
7	0
12	30
26	14
14	0
29	10
8	0
0	0
2	0
0	14
0	4
36	0
4	10
45	0
16	61
10	12
0	0
0	0
0	0
8	0
0	11
16	23
0	0
9	72
0	65
13	23
2	0
21	0
7	0
0	11
15	26
6	0
12	13
13	4
8	19
21	0
1	0
18	0
3	0
0	0
0	0
11	0
10	15
0	0
6	5
49	9
1	0
18	3
20	9
13	3
12	9
7	1
0	13
20	32
2	0
14	0
8	0
7	7
10	0
24	0
30	0
2	0
8	0
6	91
12	10
12	204
26	0
3	94
7	0
0	0
0	14
2	35
12	18
7	16
5	13
8	11
4	0
3	0
16	16
2	0
27	0
12	0
18	0
19	0
0	12
20	54
5	2
33	14
0	12
3	0
5	49
19	9
9	45
1	2
12	0
35	24
0	2
10	7
5	55
7	14
11	1
5	0
0	4
37	55
4	0
2	1
1	25
7	6
8	0
2	0
4	21
1	0
2	2
7	2
17	0
0	5
5	21
7	39
1	0
5	34
3	151
4	0
5	31
10	59
11	11
0	23
6	17
17	52
18	0
7	0
0	26
3	0
4	11
8	19
8	0
10	75
40	0
4	0
1	0
3	2
13	4
25	0
10	5
13	0
0	72
13	7
229	247
469	1101
3	149
4	9
56	276
0	35
2	22
1	13
2	0
13	0
14	0
6	28
2	0
18	0
0	36
1	0
25	0
25	0
1	46
13	7
3	25
6	0
1	5
22	0
6	30
2	0
2	0
0	13
0	43
12	6
11	112
7	0
11	9
1	16
12	12
25	81
3	11
29	64
3	7
16	3
1	0
0	5
25	29
10	119
8	0
7	9
29	0
2	26
3	0
20	2
13	16
31	3
5	4
14	0
0	116
2	138
0	2
18	0
0	0
6	54
3	0
10	0
5	0
13	0
0	0
32	7
4	0
7	0
4	12
13	0
5	8
10	0
1	222
2	0
21	73
26	11
19	0
21	0
5	10
19	15
38	2
0	0
61	34
26	15
2	0
30	0
0	5
45	0
5	0
7	0
4	0
0	2
26	0
0	223
3	11
9	0
0	113
0	3
9	4
5	1
11	0
3	0
10	0
11	0
12	0
0	23
4	0
9	0
17	26
4	0
9	0
12	48
5	0
32	0
0	0
42	9
13	53
2	39
21	0
2	51
1	0
6	0
0	3
23	66
0	0
10	35
4	0
1	0
0	0
17	53
10	0
12	0
2	0
8	1
19	0
30	8
8	25
8	0
10	0
3	1
5	4
2	0
1	6
3	10
23	0
12	0
57	23
6	2
42	26
0	11
1	0
13	0
2	0
23	0
3	6
0	5
8	26
6	0
13	0
14	4
0	0
21	3
0	5
14	0
4	7
42	0
2	0
4	0
3	0
2	0
100	412
11	0
8	0
18	0
5	0
5	0
27	21
12	6
2	0
1	0
14	0
14	0
13	2
3	0
4	0
10	0
11	0
41	0
29	1
20	2
10	43
13	0
22	0
0	28
3	20
8	0
24	23
6	0
4	25
10	13
6	0
16	7
0	0
0	0
0	5
1	11
4	23
25	235
9	65
17	0
18	0
12	0
0	0
3	0
2	0
8	0
3	0
0	4
0	0
24	0
15	0
13	3
5	6
13	8
20	50
10	0
7	24
10	0
6	0
0	1
1	0
1	0
5	12
13	12
14	3
3	0
33	0
9	0
0	1
5	0
3	19
24	1
3	3
13	0
21	0
5	0
1150	1277
7	0
263	0
13	0
2	0
9	0
3	12
3	0
0	0
9	0
4	0
0	0
26	0
7	1
7	0
15	0
2	17
7	13
4	0
0	0
0	27
9	0
45	0
19	0
0	8
18	5
6	4
35	0
17	0
6	0
24	0
0	12
8	44
20	0
0	0
0	0
14	0
4	0
7	179
9	446
1	79
4	0
9	68
30	0
16	0
0	0
6	0
3	0
32	0
0	13
3	0
9	3
0	31
3	0
4	0
10	0
18	0
4	0
13	4
2	2
9	524
0	10
12	0
8	2
14	0
2	11
9	0
20	0
14	0
2	1
8	0
5	0
0	0
20	0
11	0
4	16
7	5
3	0
43	0
2	11
2	0
3	25
16	0
18	52
3	0
16	0
24	0
19	0
9	0
4	0
2	0
5	0
6	0
2	7
2	11
10	0
1	0
0	974
18	38
3	21
4	0
13	0
0	0
17	1
0	12
4	126
0	751
12	4
14	49
0	52
13	0
1	0
9	0
1	6
10	3
10	0
0	0
19	0
17	19
0	0
3	31
1	0
21	11
5	13
0	0
7	0
3	0
5	0
6	0
3	1
5	0
4	3
0	0
15	8
19	2
28	0
21	25
14	0
0	3
3	0
107	14
8	0
18	6
42	0
3	0
11	30
0	0
6	0
0	0
28	0
4	24
17	2
0	2
29	0
8	26
9	0
14	20
2	1
1	1
7	4
0	10
8	0
5	0
3	0
9	2
12	0
5	0
5	43
19	26
3	0
7	0
19	5
7	0
7	0
0	54
10	0
8	0
8	0
27	0
7	0
6	0
0	98
15	0
0	5
22	15
8	8
9	4
21	3
15	0
6	0
10	5
0	0
10	9
0	0
0	29
11	0
1	9
0	0
12	1
1	0
12	0
0	0
5	0
8	27
1	0
18	0
7	0
21	0
0	7
0	21
6	0
2	9
9	9
32	0
0	4
21	10
8	0
16	0
15	0
32	0
0	0
0	0
15	0
59	5
5	1
4	0
11	0
12	0
7	0
2	0
2	0
15	40
7	0
0	0
5	0
0	3
0	0
10	562
21	0
11	0
4	0
8	0
16	0
34	0
16	42
2	0
5	0
0	4
0	0
7	0
13	0
7	0
2	0
6	3
10	5
0	2
5	0
25	10
26	12
0	0
5	0
5	0
5	0
39	11
41	0
2	11
3	0
13	0
8	0
0	0
9	27
7	0
8	0
2	0
0	3
19	0
3	2
2	5
4	0
3	0
12	0
4	0
20	0
7	0
8	3
0	176
10	0
5	0
2	9
5	243
14	0
7	13
4	2
2	0
10	0
1	2
2	8
0	2
3	0
32	0
6	0
4	100
21	39
3	0
12	0
18	23
6	0
0	13
29	2
15	6
1	0
6	0
22	4
20	0
19	4
0	0
10	9
0	0
0	0
0	6
7	0
11	16
3	0
15	0
9	28
7	2
8	2
5	0
0	0
5	0
5	5
5	0
4	2
0	0
3	0
0	0
0	0
0	0
1	0
8	0
7	0
8	0
13	0
7	4
24	0
1	0
8	0
1	0
5	2
12	0
2	0
21	0
14	22
20	0
4	0
1	0
8	12
10	90
45	0
8	19
0	0
0	0
4	0
9	15
11	0
0	3
12	0
8	0
0	0
0	0
20	0
13	25
2	1
0	0
20	3
9	0
4	0
0	0
28	0
9	115
14	0
71	0
136	117
19	0
16	0
6	0
10	0
23	44
7	15
1	5
3	2
0	6
50	6
18	0
21	1
4	1
7	0
12	18
15	7
3	0
0	10
0	5
4	309
14	0
15	0
4	0
44	0
6	0
2	4
6	29
11	20
2	9
2	41
8	128
0	0
3	41
22	15
0	0
8	0
8	0
1	0
21	0
13	0
3	7
0	6
4	0
9	7
9	0
2	2
11	0
2	3
7	0
11	0
39	18
5	0
25	0
12	0
35	0
20	0
19	50
6	0
0	20
10	0
11	0
3	15
11	5
3	38
6	1
15	6
9	4
33	1
2	14
25	3
6	3
6	10
13	6
10	35
34	0
1	686
9	17
20	7
12	0
29	64
3	0
27	0
2	0
0	10
7	0
11	16
29	0
2	32
1	1
7	0
2	63
7	8
0	0
15	34
7	0
25	0
5	0
5	0
13	29
7	0
1	92
19	0
29	30
3	0
2	0
13	0
4	13
0	5
21	49
0	16
23	10
26	0
11	2
0	12
0	0
10	8
2	0
7	0
3	16
1	0
7	0
13	6
4	4
2	0
34	0
4	28
2	2
5	0
14	39
11	3
0	6
3	0
4	0
16	0
8	70
19	113
19	0
14	0
4	0
0	0
6	0
3	0
10	0
9	29
2	17
8	0
0	12
99	0
33	0
9	0
28	6
6	0
15	0
10	84
9	3
9	0
32	0
11	0
4	0
43	4
5	0
0	53
1	35
31	10
0	109
0	0
17	85
0	9
2	62
2	0
0	80
1	0
6	21
4	0
0	0
5	82
4	47
10	23
4	3
1	19
9	0
0	0
28	50
16	0
21	0
0	4
16	66
3	39
0	40
0	16
34	0
1	11
7	11
0	12
25	0
2	72
2	17
8	25
19	0
3	0
2	0
6	1
1	0
0	0
2	0
8	0
0	6
12	0
2	0
3	46
0	4
10	0
13	0
19	25
7	4
9	0
14	0
16	0
10	0
9	0
12	0
0	0
4	49
6	0
13	21
5	0
16	0
2	2
14	54
4	181
2	0
29	0
0	51
12	7
7	31
10	0
30	83
12	4
4	0
11	0
6	0
1	0
2	7
27	29
18	15
8	3
12	32
9	0
2	0
0	0
0	74
6	0
0	0
8	0
11	19
3	0
21	0
6	0
7	10
7	0
0	51
1	0
0	0
6	7
2	93
0	0
28	2
0	0
4	0
9	0
18	65
1	0
13	0
29	12
0	22
15	37
12	0
1	0
6	13
5	0
0	3
2	0
13	0
2	192
12	10
17	0
5	3
2	1
7	77
16	2
9	0
4	0
2	0
0	0
0	11
39	39
10	82
12	25
6	0
11	0
16	0
7	22
2	0
9	0
12	1
5	0
0	22
7	0
11	0
51	0
6	0
22	146
1	14
15	0
0	7
5	0
0	0
1	0
26	0
9	0
1	0
3	0
11	0
0	0
6	0
43	13
2	94
17	0
0	0
0	14
6	0
1	0
11	0
35	0
12	29
5	0
24	0
9	0
2	0
6	5
7	0
22	12
4	26
8	12
0	0
9	0
9	0
16	0
1	0
11	0
51	2
6	0
24	2
1	0
13	6
15	29
17	0
3	14
0	0
4	5
6	0
9	15
2	0
2	0
11	0
2	34
8	4
7	0
22	0
0	34
9	0
6	1
0	34
0	15
12	0
21	26
2	0
5	0
2	9
0	0
0	52
12	4
18	0
8	22
0	14
16	2
1	0
25	0
5	13
48	0
4	68
31	0
24	17
30	0
8	0
4	0
13	0
13	0
29	37
0	9
2	11
7	0
17	18
7	0
2	50
8	0
0	4
6	0
34	0
3	0
13	0
21	0
0	0
0	0
12	0
17	0
9	6
0	67
13	0
4	0
13	0
6	13
11	2
7	0
26	0
1	3
3	0
13	0
21	0
17	108
7	0
14	0
21	0
5	2
15	0
9	9
2	0
17	0
26	0
4	2
15	0
10	0
23	501
1	0
19	33
6	0
13	0
5	0
25	0
3	0
2	25
6	0
16	0
28	19
4	2
10	0
14	0
7	0
27	3
12	18
11	9
7	0
18	0
17	0
20	0
5	7
4	0
0	0
11	48
5	11
3	7
4	0
277	405
14	0
0	14
20	0
4	0
21	0
8	16
3	0
9	0
2	0
8	0
7	7
19	11
6	0
1	0
37	5
6	0
6	0
14	0
2	0
6	0
0	0
0	27
13	0
10	0
7	2
5	0
1	0
29	0
0	0
0	5
9	22
16	68
17	28
6	13
3	0
7	0
1	39
35	0
2	0
3	7
3	0
2	1
1	0
0	154
0	0
24	1
21	0
10	0
6	0
8	17
35	0
2	0
15	0
0	22
2	6
1	82
0	0
0	20
12	12
9	0
10	2
2	0
3	9
5	0
1	0
0	0
4	0
17	0
0	0
5	0
2	11
14	0
6	0
9	0
5	11
0	0
1	0
4	0
37	0
11	11
5	0
0	0
12	0
1	0
4	0
8	0
0	11
2	49
22	15
19	188
15	4
0	16
0	0
26	0
9	0
15	0
26	10
0	72
0	0
4	0
35	0
0	41
7	0
10	0
5	0
0	38
2	0
8	3
17	0
10	0
3	0
18	0
5	0
5	0
24	0
3	79
6	0
18	19
4	0
0	12
21	11
8	2
2	0
15	0
23	0
20	0
2	0
30	0
7	0
4	12
2	0
9	0
6	0
8	0
9	0
1	16
5	0
0	0
3	0
3	0
4	4
6	0
1	0
6	1
0	72
8	0
0	0
6	7
7	1
9	0
17	0
7	0
18	0
7	0
3	0
23	20
13	0
17	0
0	0
49	0
7	0
8	0
7	0
3	16
25	0
3	0
12	18
8	4
0	19
4	0
11	0
9	9
15	0
3	180
2	2
10	20
12	10
0	0
14	0
6	4
14	0
0	10
10	8
4	7
12	34
3	12
3	124
0	95
0	32
3	0
3	0
37	7
9	15
0	12
1	5
0	1
3	0
14	0
4	0
3	0
7	0
8	0
0	0
0	0
12	0
7	0
0	0
7	0
9	0
6	0
12	223
44	21
4	0
2	19
18	0
0	0
4	0
10	0
45	0
6	0
3	27
7	1
24	0
7	0
17	22
30	49
0	0
7	1
0	0
8	40
0	0
19	0
33	0
15	6
21	149
0	0
33	0
77	7
7	0
23	0
6	0
2	14
30	0
15	0
0	0
3	4
0	10
6	0
0	12
7	6
18	0
19	12
12	0
2	13
2	0
96	14
8	0
14	0
19	0
3	0
46	7
3	34
23	0
10	0
5	0
3	1
25	0
19	65
11	0
8	7
6	2
7	0
2	0
20	13
10	0
12	106
6	0
0	0
0	0
11	0
37	0
11	6
7	0
0	2
9	0
11	0
24	9
1	0
39	0
0	0
29	0
25	0
0	2
5	0
15	0
5	40
13	4
21	4
27	16
0	0
2	0
4	0
2	0
1	0
5	0
10	0
0	123
3	16
1	4
2	9
2	0
17	0
6	0
9	184
1	0
0	0
5	0
5	7
12	0
7	0
28	0
11	0
19	0
2	0
7	0
3	0
16	22
20	55
7	281
16	0
21	0
7	2
12	0
28	1
3	0
38	0
5	31
2	0
19	0
5	26
1	0
0	24
10	27
0	5
6	0
5	0
10	0
7	0
14	0
0	31
11	101
12	0
11	0
17	3
6	0
21	0
0	9
20	0
7	0
9	48
16	0
2	0
15	0
5	0
22	9
2	0
2	0
4	0
28	0
3	0
6	65
1	10
3	0
1	2
0	0
4	3
0	36
0	174
12	19
0	0
9	0
19	0
14	8
4	0
17	0
4	0
6	23
10	0
16	15
8	0
2	3
56	6
21	0
0	0
10	0
0	22
7	0
6	11
10	16
0	1
13	4
27	5
3	0
225	234
10	0
4	6
2	0
0	3
9	17
17	0
15	33
8	0
0	3
16	0
3	80
0	4
6	0
12	74
2	2
22	0
5	0
4	0
2	0
6	0
5	0
3	35
344	250
23	0
2	43
4	50
0	27
0	8
1	0
11	9
7	0
16	4
15	0
1	0
8	0
4	0
6	0
16	13
4	27
12	0
35	0
4	0
13	1
5	0
8	122
19	162
0	0
39	5
7	0
3	0
1	1
10	0
6	0
6	0
10	0
16	11
11	22
4	104
4	0
18	0
8	12
16	17
13	0
0	232
10	137
8	0
5	0
0	746
0	0
2	0
10	0
0	0
22	74
0	6
37	0
51	24
5	26
18	67
2	90
3	291
8	4
0	63
13	17
8	2
16	4
4	0
9	0
8	0
0	78
6	0
0	85
0	0
7	20
12	0
2	0
29	9
1	26
0	0
13	50
6	6
2	0
0	7
0	5
2	0
21	37
0	65
3	0
0	57
15	14
11	0
19	14
2	0
14	12
0	2
7	5
3	0
1	30
0	0
2	152
4	54
0	36
4	15
385	239
708	1789
15	6
0	27
1	26
7	0
2	0
2	0
2	0
10	165
11	14
14	0
5	0
1	0
4	0
2	0
24	0
22	0
12	0
31	1
0	62
0	0
63	237
2	0
8	14
2	0
217	91
0	72
11	0
4	5
4	0
10	49
7	0
16	36
17	0
23	0
4	0
8	0
3	0
3	0
11	0
0	0
34	5
36	0
16	22
18	2
5	5
11	0
7	0
3	0
2	0
7	0
25	40
26	12
5	1
7	0
11	0
6	29
0	0
41	4
19	1
10	24
13	0
20	4
3	6
4	0
47	5
25	153
9	0
46	5
7	11
12	0
2	0
10	0
20	322
2	18
1	0
8	6
22	4
1	0
0	0
0	0
6	22
2	0
3	2
6	0
1	1
4	0
4	4
1	7
11	7
9	0
6	0
14	0
8	4
30	23
24	8
15	0
30	6
23	0
2	8
4	0
31	10
87	4
4	0
0	0
4	0
0	0
5	0
3	52
24	0
31	0
0	0
2	0
35	0
19	8
16	0
0	0
5	2
17	0
13	0
19	0
5	0
4	0
2	4
6	10
5	134
1	0
0	0
0	16
0	119
32	0
0	0
5	0
0	0
7	5
16	14
11	80
9	0
8	24
5	567
13	2
2	21
8	0
4	0
10	52
10	7
0	22
5	7
0	20
0	7
37	0
3	21
0	0
16	0
18	0
17	0
36	0
0	98
15	0
25	21
3	7
1	0
24	4
17	0
4	0
2	2
4	0
13	27
0	69
37	34
0	0
28	4
14	0
4	0
0	0
29	0
25	2
7	0
12	0
13	0
4	0
23	6
0	0
3	0
5	0
0	3
40	0
6	0
64	0
7	0
20	0
14	0
33	2
22	11
63	0
22	0
25	0
3	0
0	28
3	0
4	0
38	0
0	7
0	5
0	0
0	0
7	0
7	0
9	12
6	0
6	6
3	20
11	0
6	36
9	0
9	113
0	7
0	0
18	9
15	40
0	13
6	3
35	5
60	4
2	0
11	18
7	1
12	0
16	29
27	4
4	8
4	0
7	0
4	0
7	0
9	3
28	0
72	54
5	49
3	5
0	13
13	0
4	0
0	30
5	18
25	3
6	8
52	2
24	0
113	384
18	33
0	180
1147	2066
19	0
35	0
6	0
8	30
4	0
0	0
10	0
5	10
5	0
3	2
37	0
7	0
5	9
2	0
11	113
4	88
0	50
4	0
1	10
0	0
40	0
7	27
136	3
5	0
10	4
14	14
36	14
5	0
18	19
10	0
5	2
6	0
5	0
13	13
16	0
10	0
9	0
0	0
0	0
11	0
3	0
13	0
7	3
23	0
19	11
4	0
5	0
3	0
4	0
11	0
10	0
2	0
38	0
8	4
4	0
2	0
8	0
0	93
2	0
7	0
2	0
26	2
8	18
10	4
9	0
7	0
4	0
17	39
8	0
24	0
0	0
2	0
8	0
1	0
4	30
5	0
62	49
0	0
8	0
2	0
10	0
6	217
12	0
24	2
13	0
6	0
2	0
2	0
5	0
14	0
20	0
17	0
15	28
20	21
0	0
14	0
18	0
7	0
4	0
9	0
3	0
4	0
0	13
0	0
17	2
34	10
9	0
3	6
3	230
21	35
31	39
6	3
10	4
15	0
3	28
10	29
1	51
1	4
6	0
15	0
1	0
4	0
8	0
4	9
6	0
6	0
8	0
21	0
4	2
2	0
11	1
4	0
7	14
12	0
6	61
26	0
0	0
27	0
4	26
0	137
34	1
0	0
0	1
1	27
0	0
21	0
0	0
16	0
5	36
0	126
0	9
11	112
1	0
16	0
538	849
5	12
0	16
0	231
1	0
2	0
66	110
8	331
5	0
5	0
53	1
1	108
173	633
1	0
21	0
301	320
7	0
1	13
0	0
15	25
9	50
14	0
17	0
54	0
7	1
10	32
31	97
16	27
20	1
9	4
0	0
2	10
5	0
9	7
3	46
4	0
13	47
4	86
2	0
20	3
0	31
2	0
27	0
3	10
10	10
4	0
0	46
18	0
18	50
32	7
26	0
8	234
41	28
8	15
2	53
25	3
14	0
0	0
0	6
1	1
33	18
0	2
0	77
0	0
4	0
0	3
23	0
1	162
1	0
12	2
21	0
7	0
3	0
4	4
5	0
18	0
0	0
3	0
6	4
0	0
4	10704
26	26
0	0
7	0
0	4
19	0
48	18
12	4
3	0
10	7
5	16
4	2
40	0
1	0
3	0
20	0
8	0
10	46
10	13
12	5
0	0
8	6
1	740
7	7
30	0
2	1
1	182
0	41
22	26
0	215
5	0
4	27
2	0
3	10
30	240
14	20
2	63
35	0
20	0
7	49
3	0
6	0
6	0
0	0
0	41
0	28
13	0
0	20
7	0
3	65
6	0
15	4
89	554
3	1
0	97
0	188
2	42
11	0
0	23
5	0
16	102
4	4
12	0
16	0
1	6
0	102
12	13
12	0
1	0
3	8
4	0
1	8
2	0
6	34
1	75
12	8
1174	4841
38	2
11	76
0	225
6	0
12	13
10	0
13	0
7	8
1	60
0	0
5	0
1	0
32	0
4	1
0	0
13	8
14	52
66	6
1	0
18	0
11	0
12	0
15	1
17	35
14	6
14	0
0	0
4	0
0	0
1	31
3	0
7	165
10	3
2	0
0	0
1	3
1	0
6	0
19	12
8	17
0	0
0	0
3	0
22	0
3	11
2	0
39	63
0	0
6	6
16	1
2	3
15	6
13	0
0	0
6	0
4	3
3	11
12	0
10	92
14	0
4	18
9	4
24	0
32	0
0	9
21	4
18	0
7	0
5	0
4	5
1	3
10	6
68	11
0	0
35	91
8	0
5	0
0	0
7	0
1	0
28	0
3	31
0	0
10	62
0	4
6	6
39	0
15	0
5	6
13	292
5	0
20	0
1	0
7	0
45	0
23	4
14	0
4	0
5	0
2	0
13	0
8	0
10	0
0	2
6	0
6	0
4	0
10	0
9	0
17	0
13	0
6	0
0	243
20	6
0	12
39	43
11	6
9	0
9	0
2	0
1	0
13	0
15	0
17	0
1	0
7	135
3	0
3	3
2	0
0	0
1	8
18	92
18	0
1	0
17	7
9	0
4	0
2	17
24	1
2	0
8	0
0	0
3	0
15	13
1	9
10	0
4	315
0	3
1	3
0	0
0	0
3	0
26	0
15	1
11	0
27	2
0	9
0	2
8	53
5	0
31	31
13	146
10	14
9	12
2	0
12	0
38	1
7	37
7	9
10	5
3	4
0	22
67	11
0	11
0	60
5	1
0	0
16	13
9	5
7	17
5	0
24	9
48	0
68	0
30	0
0	0
2	0
20	0
0	0
18	0
8	43
14	0
5	0
1	0
11	4
7	0
4	0
28	23
19	10
0	217
42	6
2	0
4	0
26	18
10	0
3	0
23	22
7	16
6	0
10	0
0	0
14	0
11	0
8	3
4	9
10	5
8	0
2	0
11	0
19	1
2	8
6	2
29	0
0	0
0	0
0	0
10	0
9	0
26	0
45	23
3	0
7	0
2	103
8	0
0	7
34	0
487	120
3	9
14	4
0	0
5	4
0	0
1	0
0	13
8	17
1	0
0	10
16	0
13	4
13	0
0	10
14	2
19	10
5	3
6	0
5	1
13	1
8	94
0	65
722	1038
5	13
15	0
8	1
7	82
5	2
5	0
12	46
2	0
4	0
0	5
0	9
42	0
0	31
5	127
4	11
17	7
0	0
0	0
8	0
2	0
9	17
12	0
0	0
8	1
8	0
2	3
2	0
4	0
15	23
1	0
0	9
0	14
14	4
15	4
2	0
2	1
3	36
4	0
0	26
21	7
0	11
17	0
37	6
6	71
1	37
10	656
2	0
14	0
0	0
3	2
0	0
17	0
11	0
26	8
0	112
11	0
0	66
0	0
11	8
5	0
6	0
1	26
4	0
25	0
49	3
1	0
0	48
4	41
8	0
17	0
13	0
5	0
0	31
35	0
7	6
4	0
14	0
20	15
8	6
26	7
21	17
0	0
31	2
1	12
15	0
10	0
0	60
2	0
7	0
5	0
14	0
7	0
30	33
0	31
0	0
7	0
30	0
0	6
5	0
13	0
7	38
20	0
3	0
1	12
39	1
22	0
33	0
21	2
14	0
24	31
12	1
9	0
32	0
1	0
367	29
11	7
1	0
15	0
22	0
0	135
31	0
0	12
8	23
3	0
2	2
0	0
5	2
4	3
1	0
0	23
27	0
13	0
0	0
5	0
33	0
6	0
18	0
22	0
8	2
8	84
43	0
3	0
48	0
1	23
4	0
11	0
47	0
0	0
1	0
9	0
7	58
0	0
1	764
17	7
0	0
7	0
12	9
6	0
5	8
11	29
27	4
1	0
12	0
9	0
4	57
10	0
4	57
0	215
1	52
5	4
7	0
0	0
21	7
16	1
6	3
0	30
0	0
22	0
12	0
19	1
1	20
8	7
2	0
13	0
31	12
9	0
15	3
4	9
0	198
9	4
0	54
0	8
8	0
2	0
0	0
0	2
28	108
0	20
2	118
0	0
6	93
9	22
13	10
7	2
7	2
24	0
14	0
0	16
9	9
71	72
76	46
3	0
0	9
7	13
0	37
4	0
0	60
3	0
0	37
12	0
7	6
0	0
45	48
6	0
4	93
9	36
13	0
0	18
4	0
0	0
7	0
9	0
6	0
2	0
26	0
2	0
14	9
42	6
8	0
52	5
2	36
8	4
3	141
0	0
18	0
0	7
11	13
15	0
4	9
7	0
22	0
6	0
0	29
9	7
10	0
4	0
0	11
36	129
0	15
36	0
8	0
21	8
1	0
1	57
3	0
21	0
74	0
31	27
8	15
11	0
16	0
4	0
0	0
12	0
12	0
7	30
3	9
3	1
36	13
3	23
0	1
8	0
0	30
4	0
7	0
4	0
3	51
0	0
0	0
12	0
18	52
0	6
11	0
35	29
12	0
2	10
17	0
16	0
8	1
16	5
9	1
20	0
1	0
1	4
2	6
22	9
0	0
6	2
3	0
2	0
12	4
0	54
1	215
23	0
0	0
9	0
2	0
57	95
29	4
0	0
3	30
6	15
0	23
18	0
9	0
17	18
2	4
4	0
2	4
3	0
13	83
35	2
34	0
2	22
0	0
0	0
27	0
28	47
16	0
15	0
9	2
59	75
17	0
12	0
4	7
49	62
0	3
14	9
0	8
20	25
4	0
41	0
16	0
0	16
23	0
1	16
1	0
3	0
12	0
8	0
29	0
25	4
0	0
1	0
7	26
10	0
0	7
0	0
37	6
4	110
4	8
25	5
14	0
390	522
2	0
0	0
1	0
20	0
4	22
11	0
41	29
45	1
20	0
5	4
0	231
6	0
0	0
11	248
0	0
6	0
1	0
4	13
0	22
1	0
4	0
2	21
6	4
8	0
10	0
7	0
52	0
5	16
42	0
20	44
17	1
6	6
3	22
1	0
5	55
3	5
2	55
19	33
3	0
9	32
1	0
1	39
0	3
36	0
10	6
19	0
4	0
2	1
0	26
3	146
0	0
16	0
11	41
4	0
9	0
0	6
12	0
42	12
4	4
0	0
4	0
0	6
13	0
3	0
41	6
14	0
7	7
0	10
2	18
0	0
2	0
0	0
6	0
12	0
17	62
7	0
26	11
1	2
16	35
12	7
4	0
7	0
33	0
12	41
2	0
19	12
2	2
24	13
4	4
5	76
3	43
0	0
0	0
0	0
6	0
0	0
2	0
23	19
59	0
4	11
5	0
0	23
1	0
0	23
11	0
6	0
9	7
8	0
6	0
13	0
5	0
3	0
0	0
6	12
8	0
1	9
5	0
35	0
0	0
13	7
0	12
13	103
37	0
23	0
23	0
0	0
19	1
10	322
4	41
1	0
6	0
8	0
7	0
0	0
0	0
5	6
0	0
9	5
19	0
8	0
10	0
74	0
4	47
25	1388
1	9
4	0
3	0
2	0
29	5
5	0
0	11
12	1
12	0
3	0
10	30
5	0
4	2
1	0
1	8
11	67
6	0
6	0
0	0
12	0
14	0
0	0
10	38
17	0
4	8
14	7
0	3
5	0
16	0
6	0
3	0
22	0
0	5
4	4
11	0
1	0
6	0
12	23
1	0
0	7
0	4
15	2
3	0
3	0
7	2
0	773
5	7
6	0
18	18
12	1
4	0
0	132
8	3
2	7
0	0
15	0
119	168
16	0
11	0
13	0
582	284
7	4
19	0
7	0
6	0
3	0
6	0
16	0
9	0
0	0
2	0
6	0
2	0
0	78
926	848
0	108
25	0
0	0
4	0
0	231
0	3
13	18
11	0
4	0
22	0
35	0
24	0
0	0
1	0
11	0
8	0
82	7
87	39
1	35
0	0
8	0
7	0
3	65
30	5
9	0
62	633
10	166
5	0
14	0
25	5
800	5
43	7
22	5
14	102
22	4
48	30
613	534
17	0
5	0
3	0
0	0
9	9
22	4
17	0
3	0
8	3
8	0
17	59
9	8
11	0
4	0
56	0
13	0
18	0
9	0
4	0
37	0
3	0
10	0
0	0
5	0
7	185
7	0
9	1
34	0
27	0
5	0
17	0
0	14
19	0
4	0
9	0
0	0
0	30
4	18
5	0
2	0
0	0
5	0
0	0
7	0
3	0
22	5
6	0
6	0
0	0
10	0
2	0
3	66
13	0
6	0
6	0
7	4
4	0
6	0
3	0
3	2
12	0
5	0
5	0
8	0
32	0
0	0
0	0
0	0
2	0
1	0
0	0
9	0
1	0
38	64
0	19
2	83
26	4
8	0
7	20
3	30
2	0
7	11
11	0
0	71
6	16
1	0
5	0
5	1
1	8
67	0
3	21
13	11
5	0
0	0
1	7
0	0
10	2
0	0
0	0
19	0
4	0
7	0
23	0
22	0
24	11
0	0
30	0
14	5
18	0
32	4
20	0
7	4
14	0
27	2
8	0
1	0
5	0
17	10
21	16
0	55
5	0
0	0
14	0
0	54
6	47
0	0
6	0
18	0
0	0
7	0
15	0
10	0
19	55
0	0
16	0
4	4
0	22
3	0
11	0
22	27
4	0
0	18
0	7
2	0
1	0
21	26
0	19
4	4
0	3
10	0
24	0
5	0
0	8
25	0
14	0
1	0
0	31
6	35
31	0
0	0
0	15
6	281
11	0
20	0
2	21
5	8
8	6
5	0
19	0
8	0
16	0
10	2
0	2
1	0
3	0
8	0
13	33
32	1
24	0
3	0
0	14
9	0
8	58
5	0
26	7
9	0
14	1
18	0
2	0
0	72
10	0
13	20
16	26
9	29
6	0
8	0
9	0
0	16
48	18
2	25
25	0
0	0
12	4
11	43
13	0
4	0
22	8
21	27
7	0
43	0
4	7
0	0
8	4
3	69
5	0
7	0
21	0
0	0
8	22
0	0
5	37
0	0
5	3
3	0
0	11
1	0
40	19
18	0
108	150
19	7
10	0
4	0
20	0
35	4
8	1
0	0
11	32
0	13
3	26
18	23
4	0
9	5
10	0
5	0
9	0
8	13
1	19
20	29
5	0
5	0
11	26
0	0
0	6
26	37
78	10498
37	0
3	7
8	12
13	0
12	0
3	9
8	0
24	0
6	46
3	6
0	27
37	27
0	0
20	455
3	0
0	46
13	0
0	0
12	0
26	0
11	0
16	14
3	523
7	0
5	54
42	0
15	0
11	0
0	152
12	1
20	0
6	0
14	0
16	0
3	0
19	9
4	51
3	0
19	4
4	0
57	70
14	8
10	52
12	0
12	0
5	27
27	10
10	0
2	28
5	2
6	29
21	65
0	36
8	0
2	0
52	0
0	9
2	7
23	40
2	11
9	11
8	16
28	0
10	1
4	33
10	0
0	4
17	0
5	0
13	247
1	0
0	247
13	0
32	0
15	0
0	0
617	612
1	0
9	0
392	912
296	191
13	10
7	0
13	0
131	303
22	0
19	0
10	0
20	0
3	0
9	0
2	0
6	0
2	0
38	2
4	0
10	0
0	0
6	9
16	0
10	0
0	0
9	0
7	0
1	0
5	13
7	0
6	6
8	2
31	16
24	17
6	0
0	0
22	0
1	0
5	8
21	0
12	0
4	55
21	31
18	10
16	0
12	5
17	5
13	0
0	2
6	0
9	8
28	0
16	0
0	2
4	0
23	4
150	79
6	4
0	16
0	1
0	0
13	0
17	0
55	0
16	0
4	28
1	8
5	19
4	0
11	45
0	0
9	0
1	65
0	9
7	0
4	11
0	0
4	44
3	11
45	10
22	0
5	0
7	0
10	0
0	0
5	0
9	0
8	10
5	11
4	10
17	0
25	0
11	0
2	74
3	0
5	0
23	0
9	0
5	2
6	56
7	4
4	72
8	3
2	28
10	1406
17	11
5	0
0	23
7	3
2	5
3	0
12	5
11	0
3	11
11	0
19	0
28	140
7	0
10	0
3	0
11	31
1	0
9	27
3	0
16	20
1	0
0	15
6	22
3	11
0	20
10	13
18	31
12	53
1	1
17	0
31	0
0	13
4	0
10	0
4	114
6	24
8	28
2	8
14	0
7	21
35	0
78	11
0	0
19	0
10	77
4	0
8	0
0	150
9	4
26	0
0	0
7	0
7	0
3	13
0	13
16	2
38	0
39	2
0	828
9	2
5	11
2	0
6	65
4	0
38	0
5	0
5	92
30	0
6	0
42	74
16	0
90	7
6	0
2	2
5	0
19	25
12	0
3	2
4	0
17	0
6	0
23	0
33	20
0	14
27	63
2	0
140	134
25	0
14	49
3	5
0	6
0	0
23	0
54	11
0	11
7	14
30	9
0	0
20	0
15	1
5	0
0	0
28	78
50	9
0	0
3	0
22	0
11	3
7	0
0	3
5	0
40	0
18	1
11	2
77	0
5	0
2	0
17	110
7	0
2	37
8	0
5	17
8	16
3	28
19	0
11	0
2	0
8	3
0	0
1	8
4	0
2	0
9	0
7	0
22	34
1	5
0	0
6	0
4	0
5	0
7	0
19	0
6	36
13	4
4	0
10	11
2	24
7	5
26	16
0	0
30	5
0	0
20	2
17	0
13	0
27	0
6	0
4	4
26	1
3	0
15	0
10	0
4	12
6	0
7	0
7	7
1	0
0	0
14	0
5	0
33	1
0	2
5	0
0	3
3	1
20	2
3	0
19	0
11	0
0	0
7	0
14	0
0	0
10	109
6	0
2	0
8	2
39	7
34	10
16	0
17	20
0	0
22	1
0	0
24	372
3	0
24	13
12	0
8	0
0	3
11	6
1	0
3	0
11	0
16	0
9	0
2	0
0	25
40	0
36	1
0	5
6	0
4	0
3	0
14	6
12	7
3	0
8	22
0	20
25	123
1	20
0	6
5	0
42	5
6	3
1	8
0	102
26	8
29	19
2	10
0	186
41	41
5	12
18	0
4	60
0	37
1	16
26	0
53	0
10	1101
5	0
6	49
12	2
0	200
16	1
7	0
17	0
0	135
7	0
4	0
0	6
4	2
10	0
11	7
3	4
3	0
25	0
10	0
4	1
0	47
0	14
8	1
1	6
0	126
0	0
0	0
19	0
6	0
10	0
5	0
14	0
6	0
12	0
11	0
3	1
2	0
5	60
7	7
18	9
21	0
27	0
61	0
8	0
9	4
11	0
11	17
8	0
5	0
10	17
10	0
0	23
13	0
17	0
5	0
27	1
4	3
6	0
3	0
9	0
33	0
11	3
5	0
2	5
0	10
3	12
0	0
13	4
14	0
14	0
6	0
8	0
24	0
10	52
6	5
26	1
10	0
5	0
12	0
15	0
5	0
2	0
9	0
0	11
3	0
39	6
12	0
3	0
1	52
69	1
4	0
28	0
1	7
1	0
0	21
5	81
4	0
1	4
8	6
6	17
2	3
2	0
0	0
3	2
21	17
5	0
7	0
1	2
24	0
0	0
8	10
42	71
0	0
31	18
0	15
11	0
7	0
1	0
2	0
0	0
6	0
12	55
0	9
0	43
13	0
3	0
8	24
5	1
4	0
0	17
0	55
3	3
7	0
18	5
12	0
8	0
1	0
0	0
3	0
16	3
72	12
4	0
7	1
68	42
27	0
0	26
10	0
29	0
5	2
25	0
10	0
4	0
0	0
22	0
9	0
0	0
41	0
16	40
9	4
13	0
0	0
0	0
6	5
25	0
0	0
1	4
2	0
5	0
2	1
0	0
2	0
2	0
11	0
0	0
2	3
4	0
11	0
11	0
2	0
7	0
4	7
0	3
18	0
10	0
0	0
18	4
5	0
32	0
29	47
52	0
7	0
1	0
0	0
11	2
4	3
16	0
0	15
4	0
5	54
0	0
34	0
0	0
0	1
6	0
1	0
5	46
2	15
0	6
7	0
5	0
14	12
10	0
16	6
6	17
0	0
2	12
6	37
178	0
6	10
9	50
30	80
9	0
25	2
2	168
2	29
6	0
8	29
0	0
113	52
16	0
12	0
1	0
16	16
14	0
6	0
0	0
29	0
0	0
4	5
1	0
12	0
3	18
29	0
78	65
1	8
9	28
51	2
14	0
10	0
15	30
16	2
12	29
16	0
0	0
6	0
11	0
14	19
19	0
8	0
3	8
6	0
20	0
260	73
9	0
10	7
14	46
4	26
11	18
25	88
0	7
12	3
2	0
20	9
5	5
29	8
0	31
281	155
1	0
14	0
5	6
23	0
17	0
9	4
10	4
10	0
8	12
16	7
7	0
19	0
25	0
21	14
0	4
5	0
15	0
0	5
4	37
14	0
5	0
34	21
48	0
11	0
20	0
34	0
2	0
12	4
0	0
10	9
4	127
10	46
2	0
1	0
5	0
23	20
4	0
10	0
6	54
9	0
30	0
15	0
6	1
32	0
10	0
0	16
2	0
9	0
4	0
1	395
35	0
11	9
12	0
1	0
55	0
0	0
5	0
30	12
29	11
0	9
0	0
0	0
0	0
0	1
0	6
0	26
0	12
0	0
3	0
0	0
7	0
18	0
7	0
11	0
4	0
11	0
0	0
7	0
10	0
0	0
7	0
2	0
5	0
35	0
13	0
19	0
9	0
0	0
2	0
10	0
18	0
0	0
58	0
6	0
0	0
6	0
9	0
0	0
15	0
9	0
29	0
0	0
6	0
3	0
19	0
0	0
31	0
0	0
10	0
23	0
29	0
1	0
34	0
2	9
95	36
0	35
17	22
0	16
21	0
19	3
0	3
3	0
9	0
0	14
24	14
10	0
3	15
0	12
10	1
1725	1
7	4
9	14
87	65
5	5
7	10
0	3
20	6
3	24
0	24
23	4
0	4
2	75
0	46
1	556
0	450
17	6
11	6
6	1
1	11
0	11
54	8
0	8
0	5
8	47
0	47
8	47
0	47
0	46
0	47
0	47
0	35
5	5
0	6
85	41
243	41
7	0
1	7
4	63
23	12
7	706
2	36
0	36
17	22
0	0
0	5
2	0
11	0
62	12
0	9
39	23
0	10
2	0
8	29
0	36
10	58
0	22
179	46
0	20
12	35
79	6
4	6
101	16
0	16
3	0
14	0
13	0
0	0
19	62
0	52
37	77
0	43
6	20
9	514
0	524
64	240
0	35
12	0
2	0
0	0
15	18
3	13
8	29
14	29
0	1
171	54
3	0
0	19
0	66
0	63
19	66
23	3
0	3
10	148
4	0
60	17
0	11
13	19
0	21
7	2
5	12
0	12
116	41
2	14
0	14
0	2
0	2
16	1
24	29
0	29
0	608
0	946
0	387
0	323
11	0
14	27
4	30
4	26
0	40
0	4
11	1
23	4
25	0
11	11
0	13
0	2
10	2
0	0
2	30
10	7
3	7
0	1
40	12
0	12
74	50
0	8
0	90
7	4
0	4
4	0
5	17
2	2
0	2
0	4
7	5
89	7
0	4
3	13
0	11
18	0
24	14
0	6
5	46
4	46
0	15
49	9
4	9
35	24
0	15
2	5
0	7
29	2
37	11
4	10
3	9
10	14
0	14
13	479
3	5
0	8
2	8
1	8
0	8
0	86
0	51
0	86
2	3
65	3
18	14
0	14
38	0
47	8
0	8
0	32
0	31
0	29
21	88
0	202
0	145
1	0
6	26
0	3
0	3
10	3
0	0
0	112
31	38
0	38
0	285
3	285
0	77
3	283
0	129
10	0
0	6
0	26
0	13
0	20
0	66
0	43
0	54
12	38
0	24
16	18
0	18
0	19
0	23
0	7
2	1
5	32
0	31
0	3
16	90
133	74
0	8
0	5
0	7
12	7
3	252
10	7
10	38
0	28
233	36
14	35
0	33
33	17
0	11
3	10
0	10
6	0
47	6
0	4
12	0
0	31
0	15
3	28
54	18
1	31
6	7
0	10
5	1
0	2
8	1
2	7
0	7
14	7
0	7
14	0
4	5
0	5
26	13
0	0
7	0
1	17
0	16
0	0
17	14
13	10
0	13
1	9
0	16
12	4
83	11
0	12
0	16
8	11
9	39
3	101
14	246
0	116
0	115
3	0
0	99
5	0
32	12
20	25
0	10
17	34
35	4
201	4
3	39
6	2
13	1
21	2
0	2
0	404
0	298
0	43
0	96
4	91
2	4
9	9
0	9
4	28
0	16
61	12
8	7
26	319
0	55
4	13
0	13
1	45
0	45
0	23
0	5
14	0
5	0
8	25
0	32
8	7
0	7
33	3
2	27
0	18
0	8
26	8
9	1
16	4
15	4
46	10
11	24
0	24
13	0
15	6
0	6
9	4
6	66
1	71
9	55
0	2
134	1
0	1
44	23
0	21
0	3
0	15
0	10
8	0
37	53
0	52
0	20
0	16
3	2
0	4
0	4
3	0
3	13
0	13
0	12
0	12
0	2
5	2
7	23
0	23
6	0
21	22
0	21
0	21
382	98
25	88
20	6
0	6
10	20
0	20
83	53
0	8
8	12
0	12
0	78
0	67
3	3
0	0
22	6
3	36
0	36
26	8
0	8
165	673
0	313
9	0
40	0
0	4
3	4
31	15
23	28
0	15
28	5
0	5
10	10
0	10
10	0
14	12
0	3
3	8
2	9
8	65
0	8
8	8
0	8
0	8
6	8
70	12
0	4
9	0
0	0
7	193
0	169
16	17
29	35
12	11
0	7
1	6
17	140
0	108
0	11
0	70
9	86
33	0
9	0
0	0
0	86
0	0
1	17
0	17
0	3
0	0
29	0
59	35
6	24
0	11
5	10
0	9
8	15
0	4
159	90
11	32
1	32
0	2
21	143
0	8
0	36
0	53
23	7
0	7
0	57
0	33
0	21
3	0
186	69
3	10
11	10
7	0
26	0
7	7
0	7
81	12
9	4
35	12
0	3
22	0
0	0
4	11
12	6
0	6
0	0
12	3
5	13
5	0
1	3
2	6
0	442
2	40
7	41
13	3
0	3
28	76
0	34
2	40
0	26
160	62
0	26
6	36
4	39
14	95
0	0
6	1
2	57
10	0
0	181
10	242
0	408
4	4
13	4
40	49
0	49
16	13
0	13
0	4
5	4
11	2
0	2
0	23
15	16
8	159
0	101
13	73
0	73
16	64
0	16
41	10
0	6
0	2
10	0
0	1
0	7
41	10
7	5
1	0
68	14
0	11
0	31
0	31
4	12
2	12
0	3
51	180
0	180
0	137
2	0
34	5
0	164
35	36
0	25
5	3
0	3
2	22
6	22
3	0
2	44
0	0
16	2
0	1
3	0
1	0
9	1
3	14
18	10
0	4
0	21
0	25
499	2801
0	12
26	80
12	15
1	13
3	0
0	0
20	0
0	53
0	45
89	40
0	9
7	0
8	10
34	10
0	0
8	16
3	2
1	366
0	364
3	11
0	11
40	0
13	0
23	2
11	0
7	0
3	0
1	0
3	0
7	0
4	14
6	0
0	0
6	0
9	0
1	0
4	4
9	0
49	0
22	0
1	0
0	3
2	0
29	0
22	0
8	0
5	0
10	12
23	28
16	2
4	0
2	0
1	0
6	24
0	0
0	0
21	0
7	0
0	0
0	0
9	0
10	0
20	0
0	0
0	0
4	0
4	1
11	14
7	3
11	0
0	0
1	0
0	0
19	0
4	0
11	17
6	0
0	0
20	0
0	19
44	2
3	0
17	10
8	0
3	0
3	0
4	0
26	10
0	1
4	0
14	0
4	0
19	0
0	0
0	0
13	2
5	2
12	5
3	0
0	0
0	0
33	0
0	0
13	0
1	0
6	2
3	0
0	0
0	31
0	0
0	0
4	5
0	0
0	9
4	0
6	0
36	0
5	0
1	0
0	0
0	0
1	0
16	0
7	4
3	0
0	6
0	9
3	0
0	0
20	0
5	0
14	0
12	0
5	0
0	0
19	0
17	0
16	4
5	16
6	0
3	16
17	0
1	0
19	0
10	0
7	2
16	0
14	0
2	0
21	0
5	3
24	0
16	0
18	3
338	1
8	0
4	0
0	0
30	0
13	0
14	0
6	0
3	0
10	0
0	3
13	0
2	3
16	3
5	1
1	1
2	3
13	0
8	3
8	0
6	0
16	0
27	7
10	0
44	0
9	7
4	0
14	0
16	0
13	10
17	9
13	0
16	0
5	0
8	9
13	0
4	0
0	16
16	3
12	0
9	5
4	0
7	0
19	2
0	0
39	32
4	0
0	4
0	0
15	0
10	0
22	0
0	0
18	0
0	0
0	1
8	0
3	1
26	0
8	0
5	0
3	0
11	10
6	188
17	0
2	0
9	107
0	10
0	9
0	9
0	10
0	37
0	10
0	15
0	66
4	184
0	14
0	8
11	96
0	182
0	65
0	15
5	184
6	10
3	57
10	223
0	20
25	110
0	870
0	0
0	122
6	51
84	165
28	56
19	21
2	0
2	0
0	0
2	2
4	0
0	0
0	0
0	0
3	1
1	0
0	378
0	86
0	916
0	468
20	0
0	487
0	66
0	476
0	30
0	760
0	443
7	0
5	0
8	4
1	353
7	0
0	1009
0	6
26	67
6	0
0	443
11	0
0	491
17	97
9	0
7	0
2	17
23	24
0	14
4	10
0	381
12	7
15	0
10	4
24	0
0	937
0	122
7	11
2	0
0	0
0	64
0	491
0	689
0	990
1	0
0	744
0	65
5	0
2	36
3	4
6	0
0	21
4	535
0	70
0	427
9	598
4	199
0	891
0	10
13	0
2	36
5	0
1	3
11	0
0	920
5	0
2	13
5	21
12	400
0	0
0	14
1	521
0	3
0	984
0	406
0	891
6	16
0	27
20	0
9	227
0	0
3	0
1	13
18	22
1	65
2	398
6	13
0	198
0	109
0	0
0	882
9	0
10	0
4	0
0	408
0	414
5	84
4	0
17	8
0	49
20	20
0	0
2	0
0	506
0	79
0	471
10	26
6	0
0	997
0	13
0	6
1	1
0	265
4	0
7	47
4	3
1	10
0	0
1	31
0	915
0	22
0	9
3	119
13	8
3	327
0	0
6	152
2	49
10	6
0	0
2	175
2	1057
19	150
0	14
0	6
2	46
0	0
0	9
14	0
4	15
0	28
0	28
0	489
0	984
5	0
5	0
0	890
0	599
0	0
6	12
0	638
17	0
0	6
0	1
3	317
1	687
3	527
5	297
1	11
0	470
8	6
0	420
0	570
3	568
0	483
0	589
11	0
1	18
1	15
0	884
0	16
5	58
6	0
3	14
2	0
5	5
4	8
15	22
1	13
0	230
8	22
5	12
0	200
0	227
0	42
0	8
2	0
5	0
0	0
11	0
4	0
2	0
1	0
6	0
0	950
0	1009
0	817
2	0
0	11
0	684
8	0
14	0
8	8
15	0
8	0
0	0
7	0
0	860
1	405
0	319
14	216
0	21
3	138
0	0
10	0
0	1
0	610
0	610
5	0
0	0
0	13
0	0
0	610
2	547
6	48
0	65
19	7
10	6
2	4
42	115
19	133
0	23
0	114
2	0
25	12
6	13
38	21
57	8
3	0
0	617
1	0
7	0
10	0
2	88
9	76
5	14
5	89
0	916
4	275
38	44
6	0
0	395
0	313
15	525
2	178
9	660
0	472
0	15
0	1062
0	487
4	144
5	64
0	740
6	188
1	328
0	15
5	554
2	499
2	372
0	477
25	78
11	1
14	78
0	0
10	0
0	0
3	0
0	765
0	977
2	193
5	220
0	448
0	72
13	93
0	85
0	171
0	0
0	760
0	1016
5	197
10	1
12	126
5	159
0	271
6	165
20	32
2	105
3	265
0	20
0	31
2	129
0	887
0	270
55	63
0	0
5	63
1	35
0	10
8	0
4	0
0	521
11	0
2	201
136	362
7	1
6	2
2	0
14	0
0	30
0	0
20	15
0	0
34	2
1	0
49	41
3	0
0	469
0	76
0	73
0	36
1	404
10	22
1	746
8	0
27	2
13	5
0	472
56	115
4	0
0	25
0	808
8	431
4	0
0	0
14	24
0	572
2	131
7	325
0	448
120	38
29	71
18	34
0	0
0	28
6	139
25	100
11	181
0	817
0	108
0	404
0	620
0	826
21	0
0	459
30	17
0	886
0	863
0	533
7	581
0	1
0	62
0	327
0	538
0	176
16	31
0	1062
0	533
0	36
1	476
3	0
50	0
3	395
6	1
6	0
0	828
0	0
0	236
0	0
3	64
9	0
11	0
5	9
3	18
11	3
0	1
0	33
23	11009
0	394
1	539
0	260
4	1314
13	5740
11	51
0	872
38	0
0	282
0	327
0	1006
0	615
16	0
5	15
1	20
2	18
0	31
3	429
1	10
3	0
29	115
12	104
0	44
9	99
0	474
0	23
17	544
0	1023
2	0
3	28
0	21
5	483
3	65
1	136
0	99
0	84
0	64
4	26
11	0
0	223
3	289
49	19
36	107
0	676
0	942
4	37
2	608
17	0
3	15
3	5
0	333
3	31
7	280
6	30
0	437
44	32
0	606
0	0
0	9
0	3
0	703
28	154
0	560
104	64
0	855
10	0
4	10
14	11
3	6
12	0
24	188
7	0
17	5
28	191
5	1
24	149
4	56
14	125
6	190
15	258
14	229
23	0
8	17
2	182
3	409
2	57
0	225
1	136
52	557
0	7
2	523
0	859
9	12
17	20
1	8
12	118
0	322
0	12
1	0
0	99
0	456
1	760
0	611
0	297
12	0
5	264
0	447
13	0
0	617
22	8
9	832
25	93
3	625
0	262
3	7
0	285
8	2
0	518
0	256
0	74
0	0
0	0
0	6
0	594
0	92
2	2
0	94
0	441
0	1023
0	866
0	14
2	0
0	303
0	759
0	835
3	512
25	24
14	87
13	332
0	115
10	10
0	847
0	845
31	62
17	3
1	347
0	222
15	79
26	31
22	0
3	7
1	2
4	20
4	51
0	546
0	861
1	0
0	129
0	4
0	23
8	6
8	162
12	136
8	122
30	165
39	70
9	8
2	146
0	284
42	167
0	5
23	14
11	49
0	110
0	115
0	125
5	0
0	860
0	338
0	0
0	26
13	0
21	0
0	600
2	0
0	0
1	29
0	966
6	0
0	10
13	38
2	27
3	60
0	33
0	0
4	0
0	8
2	0
0	922
1	1
7	16
17	0
0	8
0	542
3	16
0	0
0	9
24	28
0	27
0	9
0	70
0	28
0	26
0	29
0	9
0	27
0	25
0	7
2	0
0	871
0	467
23	0
6	0
1	4
2	17
0	4
3	1
2	248
0	173
5	27
0	542
12	0
0	68
18	0
8	199
2	352
0	0
0	851
23	0
1	4
4	22
0	387
0	7
0	893
0	36
0	42
0	18
0	78
2	373
0	38
0	18
0	80
0	578
5	0
6	18
43	0
3	51
0	29
2	0
2	465
0	8
12	334
7	8
48	0
2	0
3	310
0	68
3	39
0	96
5	68
6	289
0	600
3	378
0	36
0	917
0	884
0	700
0	375
0	44
43	25
0	55
2	23
7	0
3	39
5	96
0	69
0	999
8	28
9	0
11	0
1	0
0	0
1	303
5	7
0	0
0	2
0	66
0	595
11	0
4	0
12	272
0	919
0	774
10	3
0	2
0	3
4	0
4	0
0	495
5	0
0	0
0	767
18	0
23	0
30	97
44	51
50	12
50	41
13	104
0	33
0	463
12	2
46	36
0	14
17	0
2	4
0	0
4	0
0	12
11	0
0	27
8	3
0	7
0	21
0	626
0	0
1	0
0	0
2	6
0	2
0	0
0	346
0	578
0	81
0	7
0	34
0	22
0	19
0	225
0	970
3	6
0	168
0	37
6	0
0	70
1	15
0	4
2	0
15	2
13	2
0	102
11	0
3	30
6	127
0	0
22	33
21	18
1	0
30	27
2	580
9	250
0	316
0	270
3	11
0	12
12	2
4	0
0	225
6	13
9	20
0	15
0	1
0	18
12	0
1	10
0	541
0	487
0	442
10	189
0	378
10	0
6	10
9	32
0	261
4	251
0	699
5	254
0	225
2	842
0	632
0	438
0	168
0	519
0	957
3	0
0	66
6	248
2	53
0	985
4	860
0	25
0	69
0	64
8	11
1	20
5	20
0	10
27	32
16	0
0	1
0	12
6	3
0	9
6	5
2	27
10	0
5	3
5	401
2	0
19	0
15	19
5	0
5	722
16	695
0	28775
0	10166
0	9585
0	254
1	198
4	68
0	9
0	32086
14	0
5	0
0	559
14	11
3	0
0	23732
24	46
14	0
1	681
0	921
21	0
25	0
35	4
0	3
0	532
0	906
0	767
1	385
0	27462
8	0
6	0
0	18708
13	0
39	21
0	0
0	535
4	214
0	0
0	12
0	3
10	2
3	128
8	48
2	827
8	0
11	0
0	1003
16	692
0	1015
5	10
0	368
0	28
17	10
12	0
8	0
0	461
4	0
8	0
2	0
0	739
0	901
0	784
0	316
0	4
0	545
0	12
0	688
37	50
0	947
0	683
8	0
0	645
0	503
0	443
15	0
0	69
1	0
6	0
0	23
13	14
1	42
3	0
14	0
2	5
0	12
10	15
7	3
22	0
15	0
5	19
0	24
4	15
0	19
11	2
5	0
15	0
6	0
0	8
47	313
8	0
0	0
0	5
9	0
0	8
1	19
0	642
1	0
7	16
9	7
0	927
0	505
0	499
9	0
19	0
3	22
2	20
0	20
0	20
1	0
4	0
23	57
0	10
0	1027
15	2
0	688
34	15
0	0
4	0
12	0
2	18
7	41
12	9
5	0
2	17
0	22
3	9
0	17
0	22
3	1
6	0
9	0
0	35
21	249
9	0
10	0
21	0
3	13
38	6
11	24
4	4
39	44
1	17
0	5
5	0
5	1
0	0
1	0
39	156
8	0
31	36
7	0
29	28
10	0
4	0
19	0
0	0
0	0
3	7
0	36
31	314
0	8
2	29
12	7
0	0
2	0
31	11
0	5
15	0
4	0
6	118
8	24
1	3
79	307
194	13
226	58
0	21
0	54
11	0
10	5
0	11
0	42
5	0
8	0
10	0
11	0
8	5
34	38
22	0
2	0
18	18
29	0
3	3
61	129
0	0
0	7
5	80
0	80
6	11
5	5
83	0
0	14
0	7
27	14
0	34
1	0
11	14
0	0
3	2
155	269
4	31
16	13
0	21
8	0
0	118
0	7
0	53
0	28
0	0
0	0
0	6
3	0
16	0
8	10
18	6
30	0
3	16
19	5
4	0
13	0
0	1
5	0
2	0
2	0
3	0
4	0
0	0
0	17
0	54
2	19
0	17
2	18
13	21
0	74
15	104
0	0
0	0
6	1
12	0
3	17
0	42
0	30
2	0
0	17
2	20
10	0
0	104
17	14
13	0
10	0
5	0
14	0
13	0
0	32
0	0
0	4
5	5
2	89
9	32
0	0
5	28
2	71
9	12
1	17
0	10
0	15
14	0
23	8
4	57
10	14
4	0
13	74
6	74
0	0
16	0
24	23
13	42
6	0
15	35
0	65
1	60
7	0
2	63
31	5
0	63
1	0
15	1
0	35
8	3
0	45
0	53
0	0
13	4
0	48
0	42
7	2
0	47
0	37
0	40
0	4
0	0
18	18
19	16
32	15
0	47
0	0
8	20
0	3
8	0
0	4
4	0
28	3
1	1
17	0
24	0
0	0
8	0
0	0
4	5
0	0
0	59
4	11
13	9
0	0
5	0
2	1
3	36
0	441
12	0
23	0
6	1
12	0
1	18
0	993
0	1
0	357
6	0
0	831
0	754
0	9
0	6
12	54
0	18
13	0
17	0
5	6
3	17
20	0
0	0
0	570
3	0
0	0
9	4
0	42
0	0
4	0
5	189
0	41
0	55
7	66
5	19
2	35
2	9
8	0
6	139
3	6
8	0
4	0
14	0
16	0
5	0
0	0
10	0
16	0
22	0
3	14
2	370
9	0
2	0
0	0
3	0
10	0
0	15
34	8
21	0
0	0
0	855
0	0
1	1
4	0
19	0
22	0
39	0
0	397
0	689
0	0
0	1031
0	0
0	874
8	22
5	0
0	581
4	191
2	1
1	0
0	439
8	0
4	44
8	5
17	0
36	0
2	0
17	38
2	4
1	2
27	12
0	2
3	0
0	4
5	8
1	4
2	0
0	2
2	32
4	0
6	0
0	21
6	3
11	0
0	61
0	60
0	9
12	0
3	0
4	56
6	10
5	0
15	1
12	0
0	1
14	14
3	74
23	0
0	0
4	0
12	0
27	0
2	21
18	6
20	0
138	176
12	8
10	0
0	8
4	26
16	100
1	0
3	0
0	0
26	6
0	0
0	3
2	21
11	38
16	0
0	8
30	27
35	0
51	140
16	4
0	9
2	0
0	0
28	0
20	15
0	4
20	0
11	0
13	0
2	11
0	10
15	0
22	0
0	3
2	0
4	18
1	5
11	0
1	4
0	0
21	4
0	0
0	6
0	12
0	3
9	0
0	0
26	0
13	1
0	0
0	0
23	161
3	34
24	0
11	0
2	0
1	2
0	0
13	0
15	4
1	0
6	0
4	37
24	34
10	0
6	0
4	0
8	0
9	0
5	0
5	0
20	0
18	0
13	14
13	0
18	6
50	0
17	0
23	0
17	2
0	0
15	36
14	11
12	22
8	32
7	22
1	0
2	0
26	0
2	62
2	18
34	0
0	0
4	0
0	9
1	3
0	2
4	0
10	0
4	0
0	0
11	0
20	0
6	0
10	0
8	0
7	15
6	0
53	26
17	0
0	0
0	0
33	18
1	10
15	9
6	0
10	0
21	0
0	0
5	0
0	0
0	0
2	0
35	3
7	1
14	0
15	24
4	0
4	11
7	0
0	0
5	0
6	0
12	4
28	7
2	0
0	0
0	0
2	0
13	0
0	0
0	0
0	257
9	0
0	251
0	21
11	2
19	0
14	0
24	9
4	0
9	5
0	0
7	0
11	0
18	5
6	13
1	0
15	5
0	11
2	181
2	0
1	187
4	63
7	0
0	0
12	6
13	0
2	0
9	8
9	0
3	0
14	0
0	2
6	0
1	0
11	0
2	0
32	4
14	2
18	108
5	0
24	0
15	2
14	9
0	0
10	0
0	0
23	0
4	0
19	0
1	0
12	0
3	0
20	3
15	54
1	0
0	0
11	7
14	0
6	3
7	0
19	0
1	0
19	0
1	0
18	0
26	0
20	7
15	11
9	24
4	13
8	10
4	9
0	2
3	7
0	0
5	8
11	27
4	0
16	0
49	3
0	4
21	0
25	0
21	0
2	0
0	0
0	3
26	0
0	173
8	6
0	227
11	0
20	5
23	4
0	0
2	0
5	2
0	0
4	0
0	0
10	0
13	8
4	0
3	0
5	0
8	0
14	36
13	16
0	0
4	1
0	0
23	0
13	0
2	0
0	130
1	0
20	0
10	199
4	193
19	0
66	1
11	0
0	0
24	21
4	3
1	9
2	0
1	0
4	0
0	0
0	0
51	27
0	267
0	101
3	0
9	0
12	0
1	102
0	0
84	309
32	3
8	0
4	0
0	411
5	0
0	311
10	0
14	0
0	36
3	69
0	69
0	69
1	0
3	534
5	0
0	0
13	0
0	0
0	30
2	0
0	16
0	5
2	0
0	0
1	0
2	0
2	0
0	0
3	0
0	0
0	0
25	0
3	0
0	0
7	0
24	3
0	43
7	0
3	0
6	750
0	381
0	28
21	3
9	0
6	0
0	0
3	0
1	0
4	4
0	109
5	0
1	0
2	0
5	0
2	325
6	0
3	77
0	40
0	7
0	80
0	0
7	0
0	370
0	4
0	0
0	0
4	0
0	0
0	0
8	0
1	0
2	0
4	0
4	191
0	392
0	82
35	25
0	0
9	0
10	7
14	0
0	384
0	0
14	0
0	439
0	478
0	753
0	374
0	795
23	0
185	856
60	1
0	0
13	0
1	381
23	2
0	72
4	19
13	2
0	17
21	0
20	0
2	0
17	0
23	0
19	18
9	0
24	0
6	0
10	17
3	0
33	13
9	3
12	0
5	0
28	16
10	0
16	0
0	510
12	3
0	0
0	0
8	0
0	0
2	0
0	109
0	882
1	0
0	1009
13	25
0	13
8	8
2	3
3	0
19	5
2	0
11	0
4	4
11	0
8	6
13	0
49	47
1	419
0	561
1	0
7	6
8	0
0	414
4	1
16	0
0	31
0	4
6	94
4	0
1	19
0	69
0	488
0	0
0	0
0	907
0	420
0	863
1	0
0	219
4	11
0	686
22	99
11	0
25	0
11	0
7	3
0	490
0	245
61	96
0	684
7	8
13	0
9	3
0	0
27	0
0	882
0	18
36	2
21	79
3	72
0	19
0	0
17	0
0	5
0	19
0	0
0	35
13	36
1	103
0	3
12	0
0	5
19	0
4	102
117	462
4	23
0	19
3	35
5	27
9	40
2	39
2	0
15	0
8	0
0	0
0	40
8	0
13	0
0	738
16	0
0	406
1	287
1	129
0	8
3	5
6	0
16	0
14	0
19	54
5	194
0	662
0	996
0	827
3	0
14	0
0	478
0	11
5	199
0	403
0	36
3	101
3	0
0	381
9	0
7	108
0	0
10	24
0	144
6	40
17	126
22	0
0	15
7	0
7	0
0	12
8	0
0	8
2	0
1	81
4	546
38	0
6	21
7	6
0	0
1	1
0	11
18	3
9	0
2	0
22	13
0	48
13	120
0	10
19	17
0	914
0	60
0	10
0	866
3	0
7	222
0	4
0	4
13	0
0	560
0	24
12	0
0	34
0	0
12	0
4	321
0	0
3	7
0	2
12	0
1	19
0	263
2	10
0	261
1	323
0	103
0	32
0	49
3	150
0	66
9	0
0	31
20	0
3	0
18	257
44	71
37	0
14	0
0	809
0	0
0	749
21	4
5	1
0	0
0	69
0	476
0	0
61	84
0	263
3	0
0	0
0	261
2	2
0	0
4	18
0	0
2	43
14	0
0	0
20	0
0	72
11	0
2	32
0	0
4	0
6	0
0	0
0	0
0	0
0	6
17	179
13	0
24	0
7	19
0	0
5	0
0	6
0	26
0	0
0	0
0	388
0	66
0	510
5	311
0	8
0	1
14	2
0	69
31	17
0	608
4	27
0	0
2	128
3	0
0	891
0	25
4	0
2	10
0	865
2	0
13	0
0	450
2	0
4	2
6	0
14	0
29	18
0	168
0	96
9	0
0	0
113	25
0	3
0	82
1	0
0	0
0	32
11	2
0	0
8	0
0	15
3	2
3	0
1	13
8	0
5	466
0	1
0	561
3	0
3	0
5	1033
10	0
5	0
17	5
0	97
3	356
8	3
6	287
4	2
0	16
0	0
9	0
8	3
0	357
30	15
2	0
0	542
0	448
1	0
26	0
12	0
0	26
1	23
0	0
0	148
0	0
1	0
2	125
0	12
3	4
0	4
11	0
0	6
0	546
4	0
0	4
82	28
0	1
66	17
22	0
6	15
4	0
2	59
0	17
3	0
0	0
60	1
0	10
15	0
0	17
2	0
0	546
4	8
0	405
2	594
1	622
2	45
2	55
10	31
8	0
3	531
1	747
12	1
0	767
0	3
0	5
0	4
7	0
3	0
5	0
0	448
2	7
4	145
3	958
7	441
0	731
4	587
0	72
13	0
17	197
5	45
0	472
5	369
0	434
9	148
0	15
7	274
0	225
8	105
332	9779
2	2
2416	969
0	26
7	6
1	4
11	17
8	0
4	0
1	724
11	36
8	120
15	0
3	0
3	0
33	251
18	0
20	15
6	26
0	1016
4	304
4	0
0	0
5	0
7	7
0	136
0	340
6	52
1	42
9	2
0	8
0	556
0	0
0	8
3	617
1	66
0	323
0	12
0	99
1	239
5	226
0	468
0	262
0	257
0	16
0	91
6	0
0	36
0	818
3	13
5	471
10	0
0	562
0	401
0	0
0	4
21	13
0	0
6	0
2	0
36	0
11	0
14	40
2	0
0	97
0	10
6	0
0	390
0	5
0	0
0	0
3	7
0	0
2	0
10	0
0	62
4	146
0	64
142	11
24	3
17	5
16	25
4	0
1	0
18	0
14	0
5	0
12	0
0	326
0	8
8	0
11	2
0	4
2	448
13	0
0	4
1	0
5	0
17	2
0	337
38	0
8	0
0	0
1	858
0	68
0	1023
0	18
25	610
0	31
0	0
3	0
10	0
23	0
17	0
0	388
0	15
