UniqueCount	AmbigCount
0	0
0	0
0	0
0	0
0	0
0	0
0	0
0	0
0	0
0	0
0	0
0	0
0	0
0	0
0	0
0	0
0	0
0	0
0	0
0	0
1	6
0	6
1	1
0	1
0	0
1	0
1	0
0	0
0	3
0	3
0	3
0	48
0	48
0	0
1	0
0	0
1	1
0	0
0	1
1	9
0	1
12	15
0	5
0	0
0	2
0	2
12	20
2	4
0	4
49	19
0	5
0	3
0	3
6	0
4	2
0	2
5	1
0	3
5	13
0	11
9	8
0	2
25	6
1	5
0	5
0	11
0	1
2	0
0	1
27	11
0	18
1	95
0	2
0	2
2	4
5	19
0	19
5	6
0	1
1	34
2	1
1	10
0	10
9	14
0	6
0	3
6	10
0	18
13	53
1	1
2	4
0	4
4	13
0	8
0	1
0	1
0	3
0	0
0	48
0	48
0	0
0	1
0	1
5	0
0	0
9	2
3	24
0	24
2	0
0	5
1	0
0	2
0	2
3	7
0	0
2	13
0	0
0	3
0	0
0	2
0	2
4	2
0	1
0	1
1	6
0	1
0	1
1	1
0	0
0	1
2	5
0	8
0	3
0	3
1	21
0	14
0	0
0	0
18	3
0	0
0	0
0	0
0	0
0	0
1	0
0	0
0	0
14	8
0	9
0	9
0	0
0	0
1	1
0	1
0	1
3	0
1	0
0	0
0	0
0	0
0	0
7	0
7	0
36	0
7	0
10	0
3	0
2	0
9	0
1	6
0	6
15	0
9	0
2	0
1	0
2	0
8	0
0	0
3	0
4	0
0	0
1	0
0	15
0	15
0	1
0	1
0	0
0	0
0	0
17	21
0	21
4	0
9	0
6	0
7	0
3	0
1	0
1	0
7	0
0	2
0	4
0	1
5	1
0	4
0	10
0	10
9	0
0	0
14	4
0	4
10	2
0	0
1	0
4	0
22	31
5	14
0	0
3	1
6	1
14	2
0	2
0	2
0	14
0	14
0	27
0	5
0	3
0	1
0	14
2	3
0	8
0	3
0	28
0	5
147	3
1	11
0	0
0	1
0	11
2	1
0	1
0	7
0	7
0	0
0	0
0	0
0	0
1	0
0	10
0	10
5	10
1	0
6	5
0	5
96	14
0	14
2	19
0	11
0	1
0	1
10	14
0	11
7	59
171	58
0	59
11	1
0	48
4	139
8	58
0	22
0	14
0	117
0	14
6	6
0	69
7	69
1	0
6	107
0	40
8	14
0	6
0	14
0	0
0	0
0	0
1	2
1	2
0	2
3	0
1	0
2	0
2	0
4	0
10	0
2	2
0	2
2	1
15	0
37	0
3	0
1	1
7	0
12	5
2	0
0	1
0	1
3	0
0	0
0	0
1	65
0	21
0	7
0	19
0	9
0	13
0	7
0	19
0	0
0	0
0	21
27	6
0	6
0	15
0	36
0	36
30	36
10	38
0	15
2	0
2	0
0	0
6	0
4	0
0	3
0	3
3	16
7	3
0	3
1	8
0	3
66	38
1	0
6	6
0	6
1	6
0	3
0	10
1	10
26	10
0	1
12	12
1	1
0	28
0	28
0	32
0	1
1	1
0	7
0	11
0	1
0	0
0	0
0	0
0	32
0	1
0	1
7	0
2	0
63	18
22	7
0	7
0	1
0	3
0	2
4	1
2	0
5	23
0	23
12	14
0	0
0	0
0	0
0	0
0	0
0	0
0	0
0	0
0	0
0	0
0	0
0	0
0	0
0	0
0	0
0	0
0	0
0	0
0	2
0	2
0	0
2	0
8	1
0	1
0	1
6	1
13	1
2	1
1	1
0	1
1	36
3	36
4	3
0	3
0	0
0	0
0	0
0	0
2	0
3	0
0	24
0	24
1	0
0	1
0	1
0	0
0	0
1	0
0	1
0	1
2	0
12	0
0	0
0	0
0	2
0	2
0	33
0	19
0	19
0	2
0	2
0	2
0	2
2	0
54	18
0	0
0	0
0	0
1	0
0	0
0	0
1	73
0	73
3	12
0	12
0	0
0	0
3	0
3	0
0	0
0	0
0	0
0	0
0	0
1	68
0	68
0	0
0	0
0	0
0	0
0	38
0	38
5	0
13	259
0	219
0	218
13	106
0	29
1	28
148	86
9	217
2	0
0	0
0	0
0	0
0	172
0	172
0	1
0	1
0	0
10	3
74	55
0	0
0	0
0	0
0	0
0	0
3	0
2	273
0	273
3	0
19	202
36	69
0	2
5	2
1	0
4	0
0	0
1	0
0	0
0	0
0	0
0	0
0	0
0	0
0	0
0	1
0	1
0	0
0	0
0	0
2	0
0	0
0	0
0	0
0	23
0	23
0	171
1	10
0	9
0	0
2	23
3	41
0	1
0	1
6	0
12	0
16	0
84	24
5	0
0	0
11	0
21	1
0	0
0	0
0	11
0	11
0	3
0	3
0	1
0	1
0	213
0	213
0	0
0	0
1	3
0	3
0	3
0	23
7	96
0	18
0	18
0	3
0	1
0	1
7	0
0	253
0	252
0	0
13	3
0	0
1	98
0	98
2	112
0	112
6	44
0	44
6	30
99	23
0	1
0	1
0	0
0	106
0	106
4	0
25	81
44	46
0	0
0	0
1	0
0	0
1	0
0	0
2	5
0	2
0	2
2	0
3	0
0	0
1	0
0	0
0	0
0	0
0	0
0	0
0	0
0	0
0	0
1	8
0	4
0	4
0	29
0	29
39	0
0	62
0	45
0	62
33	72
1	0
0	10
0	0
0	7
0	7
0	2
0	2
0	2
55	87
0	0
0	0
0	30
0	0
0	0
2	0
52	81
4	0
71	35
0	1
0	1
0	19
0	19
6	3
17	7
0	0
4	93
0	91
0	0
0	0
0	2
0	2
0	0
1	0
0	0
0	0
0	0
0	2
0	2
0	1
0	1
3	2
0	2
0	2
0	0
0	0
0	0
3	0
0	64
0	64
6	0
0	1
0	1
3	0
1	0
1	0
0	1
0	1
0	0
0	0
3	0
4	0
0	0
0	0
1	1
6	1
0	0
0	0
6	0
0	0
0	0
0	1
0	1
0	0
3	1
1	1
3	1
0	1
0	1
2	1
1	0
0	1
0	1
0	0
0	0
2	0
0	0
0	0
0	2
0	2
3	2
0	3
0	3
0	0
0	0
0	4
0	4
4	0
0	2
0	0
0	0
2	1
1	0
1	0
0	0
0	0
0	70
2	3
0	0
0	1
0	2
0	0
0	0
0	0
0	0
0	0
0	0
0	0
0	0
0	0
0	0
0	0
0	0
0	0
0	0
0	0
0	0
0	0
0	0
0	0
0	0
0	0
0	0
0	0
0	0
0	0
0	0
2	0
0	0
0	0
0	0
0	0
0	0
0	0
0	0
0	0
0	0
0	0
0	0
0	0
0	0
0	0
1	0
0	0
0	0
0	0
0	0
0	0
1	0
0	0
0	0
0	0
0	0
0	0
0	0
0	0
0	0
0	0
0	0
0	0
0	0
0	0
0	0
0	0
0	0
0	0
0	0
0	0
0	0
0	0
0	0
0	0
0	0
0	0
0	0
0	0
0	0
0	0
154903	149
46697	61
228709	8875
74922	95061
26	33347
438	30967
24	103597
609	76889
10463	9
62	88367
140165	90454
122556	4806
129788	4
47	5
0	8
0	8
0	5
1	5
2	0
0	0
0	0
0	0
0	2
0	2
0	0
0	0
14	83
0	2
0	0
0	0
0	81
502	135
0	62
0	61
0	14
13	41
0	21
0	18
0	69
0	76
0	1
0	0
0	1
0	1
0	2
20	2
0	0
0	0
0	62
0	2
0	2
0	2
0	2
7	25
23	21
2	0
0	3
0	0
0	0
0	34
0	65
5	64
41	0
60	99
0	99
54	5
4	24
0	0
0	0
0	0
4	0
0	3
3	0
0	41
2	11
0	0
39	41
0	27
61	21
0	17
0	18
0	15
0	0
1	0
0	0
0	0
0	4
1	4
5	10
0	3
0	1
2642	1691
119	32
0	32
0	32
15	6
0	4
0	0
0	12
0	12
0	0
0	0
192	126
2	4
0	4
12	0
3	121
0	91
88	95
4	11
6	0
0	2
0	71
0	2
0	11
0	2
0	6
0	32
22	3
137	32
0	46
0	13
0	45
2	1
17	11
0	11
0	11
0	11
1	0
6	0
3	0
0	11
0	11
1	1
0	2
1	3
1	3
0	2
0	0
0	0
0	40
9	32
0	2
0	0
1	5
7	29
0	1
0	168
0	168
2	63
7	0
1	0
0	32
4	0
0	0
0	1
0	1
0	0
3	12
3	12
0	0
0	2
0	2
0	2
0	0
0	2
0	0
0	0
2	1
0	1
0	1
0	0
1	2
0	0
185	68
1	56
0	52
0	41
184	21
0	6
3	0
0	0
0	15
0	0
0	0
3	1
0	2
0	0
0	0
0	0
0	0
0	0
0	0
0	0
0	0
0	0
0	0
0	0
0	0
0	1
0	0
0	0
0	7
1	7
2	47
0	27
0	44
0	7
0	28
0	24
0	1
3	3
1	3
1	29
101	26
0	0
0	0
0	5
499	31
0	25
0	31
0	0
78	23
13	6
0	2
18	76
0	32
0	0
0	1
0	0
0	0
5	1
0	0
1	21
51	40
0	7
6	33
0	5
80	5
8	3
10	3
11	3
86	0
0	31
0	1
0	0
17	30
0	0
23	14
0	1
13	369
81	22
0	360
0	9
49	0
0	0
3	14
0	9
0	9
5	11
16	14
0	9
0	9
0	2
0	0
0	0
3	0
21	5
0	23
0	23
0	17
454	360
0	969
0	969
1	1
3	0
166	18
0	4
0	18
0	0
0	32
0	32
1	2
55	22
37	35
0	20
2	0
40	60
75	59
0	23
360	4
0	6
0	0
0	6
0	2
0	2
0	0
0	0
2	0
52	3
17	0
0	2
0	2
6	2
0	2
1	2
0	2
0	2
0	0
0	0
98	81
11	81
0	59
5	0
0	0
0	0
0	0
4	0
0	0
0	2
0	0
0	3
1	3
2	1
0	3
0	0
7	2
0	2
413	15
0	0
0	0
0	4
0	15
0	3
6	4
25	5
5	36
0	0
138	36
0	4
0	15
0	13
0	13
0	0
0	0
0	0
0	0
0	0
0	0
0	0
0	0
0	0
0	0
8	2
5	8
0	8
0	2
0	0
107	15
0	6
0	5
1	4
0	0
0	15
11	0
23	67
0	67
12	220
398	223
0	0
0	16
2	0
0	0
0	0
0	3
0	16
0	0
0	0
0	15
0	2
30	13
0	13
2	13
472	14
39	13
171	0
3	8
1	7
0	3
124	0
0	9
0	0
0	0
0	0
0	8
0	0
4	9
236	0
32	3
50	12
1	0
0	0
13	25
79	1
0	1
0	0
1	0
45	56
0	51
0	0
2	3
15	6
5	1
0	6
0	43
0	42
0	2
0	1
0	0
0	7
0	0
70	25
0	8
0	24
0	6
0	13
13	14
3	14
6	42
0	12
0	2
1	4
13	14
3	0
0	2
0	1
0	0
0	1
1	1
0	3
0	3
0	3
0	3
438	0
146	191
27	192
1	169
8	0
2	10
0	5
0	5
0	5
0	5
0	3
0	3
0	8
35	1
0	1
565	680
2	681
7	157
0	1
0	1
0	4
6	0
24	5
0	4
19	5
19	107
2	158
30	158
0	40
0	91
0	31
0	5
0	8
0	5
12	36
4	60
0	5
0	0
79	28
0	28
49	32
2	0
0	23
0	23
0	23
60	90
0	78
10	26
0	18
0	3
4	0
1	2
1	0
0	2
7	1
1	8
1	53
0	5
25	53
11	24
26	24
0	12
11	45
0	8
0	9
0	0
0	1
0	12
0	0
0	0
0	94
0	95
1	3
0	2
0	3
0	3
0	3
11	4
0	0
39	0
252	40
0	40
4	1
0	0
0	68
0	51
0	53
0	29
0	26
0	26
0	26
0	26
0	30
45	25
0	27
0	30
2	20
0	14
42	2
0	1
5	1
16	5
4	1
0	1
0	1
0	68
6	16
7	27
0	17
3	0
18	0
4	0
0	7
3	8
4	1
21	16
0	1
24	0
9	0
0	0
42	25
0	25
0	24
0	0
0	0
0	1
0	1
55	31
0	42
0	1
0	36
0	35
6	0
1	64
2	41
0	27
0	13
0	1
3	0
0	1
0	10
1	0
0	1
0	0
0	3
0	3
0	61
0	7
0	7
0	0
0	0
0	0
0	0
78	61
3	6
0	0
1	12
0	7
0	56
9	42
3	0
289	54
0	2
0	1
2	57
0	28
0	6
2	2
0	0
3	10
0	10
49	13
0	7
0	3
21	7
5	6
0	0
1	54
7	35
0	9
0	4
0	3
9	0
0	0
0	12
0	0
4	0
0	0
0	0
1	0
16	45
5	45
4	0
1	32
10	3
1	0
0	0
0	0
37	56
0	50
0	50
0	11
0	1
95	0
18	0
0	56
35	54
6	46
0	33
4	33
0	25
0	0
0	1
0	30
6	6
0	9
0	6
0	9
0	0
0	3
0	0
0	0
0	0
0	3
5	0
0	0
11	0
0	0
26	667
0	699
0	449
0	449
68	515
14	425
0	9
1	0
0	16
70	6
0	0
1	0
42	1
46	0
0	3
0	0
0	32
2	0
643	1
6	1
0	12
0	9
0	9
0	2
17	2
0	2
0	1
3	2
0	0
0	0
0	0
0	7
0	7
0	2
0	0
0	1
11	2
3	2
0	0
5	107
0	143
4	109
1	80
0	3
2	141
166	4
7	5
0	0
0	0
0	0
92	175
0	34
0	50
14	113
22	11
0	108
0	22
0	22
0	0
0	7
4	79
2	1
31	125
13	125
0	1
237	23
1	14
0	1
0	0
2	7
80	16
0	7
0	9
0	10
1	10
0	2
7	21
0	21
43	11
1	7
0	5
0	0
0	1
0	0
0	4
0	4
0	0
0	0
0	0
0	4
1	0
0	6
0	5
1	6
3	11
51	77
0	6
0	2
4	9
0	0
0	0
0	0
1	0
0	9
18	6
0	6
4	5
0	32
0	0
0	24
0	0
21	1
0	0
1	24
20	8
3	0
0	0
0	24
0	5
0	32
0	12
0	32
0	8
138	2
0	1
0	1
0	0
0	0
0	0
0	10
0	10
29	16
0	16
9	28
1	1
10	0
0	14
4	6
4	6
7	6
0	6
0	3
2	0
31	25
0	3
0	3
5	3
0	3
0	3
0	8
0	0
0	0
1	0
8	2
0	22
4	155
0	155
0	142
219	155
0	155
19	102
0	47
0	26
0	0
0	0
0	0
5	0
0	0
0	102
416	36
0	35
24	36
0	15
0	3
0	0
0	1
1	1
0	1
0	0
49	86
0	77
0	5
1	5
10	17
0	5
0	0
0	0
0	0
0	0
0	2
22	76
0	0
0	1
0	1
0	51
0	0
0	0
0	69
263	26
82	77
0	27
3	28
4	12
1	1
9	11
1	1
0	48
0	12
9	5
3	5
0	0
3	4
0	291
0	308
0	297
0	0
5	0
0	294
1	2
0	43
0	83
0	25
11	35
0	35
17	44
33	44
0	16
0	0
10	0
1	6
0	4
3	2
0	6
0	2
9	6
7	10
1	6
1	0
118	3
2	0
0	4
27	9
0	9
4	19
0	7
0	5
0	5
0	7
0	0
0	7
0	5
0	1
0	2
0	1
3	2
0	1
0	1
9	27
1	27
24	26
65	0
0	0
0	0
15	4
0	4
0	0
3	0
0	1
0	3
0	16
0	1
0	184
0	184
0	166
0	138
5	92
0	8
0	0
19	1
24	2
3	2
0	1
0	1
0	0
0	1
0	1
0	1
0	1
0	1
5	1
1	0
0	14
0	13
15	21
6	30
28	0
4	4
0	9
0	34
0	34
743	27
0	34
0	49
9	36
0	24
0	21
18	58
2	57
8	3
0	30
21	27
3	18
0	18
3	14
0	14
6	0
279	5
152	32
57	27
1	0
0	2
12	143
27	321
0	320
0	2
0	5
0	2
0	2
106	0
0	0
9	20
1	21
2	13
0	12
3	13
0	0
0	6
0	20
0	6
0	20
0	15
390	148
10	83
8	91
5	57
0	7
3	3
2	0
0	2
0	0
5	0
0	1
0	0
362	31
1	1
0	2
0	22
0	190
0	0
0	0
13	21
0	0
4	0
0	1
0	0
0	11
0	190
0	11
65	8
0	2
0	5
0	5
0	3
0	0
0	1
0	1
0	0
0	7
0	7
0	7
0	7
0	0
0	3
0	4
0	4
0	0
0	6
0	0
0	0
0	3
0	1
0	0
0	0
0	2
0	3
4	9
3	4
0	4
0	0
0	4
32	22
84	22
386	1
1	0
3	0
4	1
1	0
1	13
0	13
5	13
3	2
0	2
13	30
0	30
3	11
0	55
0	55
0	0
4	0
5	43
0	11
0	13
0	34
0	1
0	0
1	23
0	7
0	0
0	0
0	0
0	0
0	0
383	11
7	9
0	6
0	2
0	2
0	0
6	0
0	0
0	0
1	43
0	43
0	0
52	0
21	0
10	0
0	21
4	21
0	21
0	10
6	7
446	0
0	32
0	32
0	26
0	19
0	11
0	18
0	10
0	3
1	0
0	0
2	1
0	1
0	1
0	4
82	68
0	66
0	72
0	23
139	25
0	0
0	1
3	0
0	0
0	1
3	2
0	2
132	0
0	1
0	21
0	20
0	2
0	6
0	0
0	0
1	0
1	0
18	8
0	1
12	8
0	1
3	0
0	12
25	6
56	15
0	0
2	0
16	15
65	0
71	95
0	74
0	29
0	0
0	0
2	0
5	21
10	1
4	0
0	0
4	0
0	0
7	31
2	82
0	77
3	57
0	25
0	11
8	3
0	12
0	4
2	7
0	9
0	0
2	2
32	1
0	0
20	3
0	0
0	0
18	3
27	4
0	3
0	4
2	16
5	22
1	16
9	13
0	10
0	11
0	3
1	40
15	1
0	2
0	2
0	0
1	0
0	10
2	7
0	52
19	52
1	52
0	12
7	3
0	0
0	2
1	3
0	2
0	2
25	2
0	8
2	8
0	0
0	0
16	1
4	3
0	0
8	9
0	0
18	41
0	6
0	2
0	0
0	0
1	0
11	0
0	35
1	34
0	9
0	48
0	14
0	10
0	1
0	2
386	48
20	36
6	36
9	36
57	22
0	21
14	86
0	0
0	86
0	8
6	75
0	76
0	8
0	0
0	1
0	76
0	73
2	4
0	4
0	0
1	5
0	5
0	1
0	0
0	1
0	1
0	5
0	5
204	1
1	118
0	118
403	94
5	47
0	0
2	13
0	13
4	13
7	11
1	0
0	12
0	2
0	2
3	1
0	1
21	7
0	0
0	7
0	6
0	1
0	9
0	9
63	0
76	2
0	1
1	0
0	0
1	7
1	9
0	1
0	0
0	7
28	0
0	0
0	11
0	11
3	1
10	12
1	11
2	5
0	10
28	7
0	11
0	0
0	0
0	8
0	0
46	3
2	8
0	1
17	2
42	37
0	38
0	48
2	20
0	4
3	20
0	11
0	0
0	0
0	0
2	0
0	2
8	28
0	13
0	18
0	0
0	2
1	3
15	51
0	1
0	0
0	14
4	14
0	0
0	1
0	6
0	6
17	0
0	10
0	1
0	10
0	10
1	0
0	3
4	6
0	8
0	8
0	0
0	1
0	1
0	1
0	2
0	1
3	0
2	7
0	1
0	0
0	2
0	1
0	1
0	13
3	11
0	11
0	0
2	0
0	3
0	0
0	2
27	7
0	132
2	115
395	135
1	0
0	0
0	0
0	3
2	1
0	0
0	7
0	1
0	34
29	34
1	0
0	0
0	0
11	0
0	1
9	1
0	0
0	0
0	2
0	4
4	11
113	99
0	0
0	0
1	0
0	0
0	3
11	3
0	2
372	2
0	3
14	4
0	22
0	22
3	22
0	25
8	25
0	1
0	1
1	16
0	2
209	16
0	283
0	8
3	0
0	33
1	48
0	59
3	283
0	283
0	1
0	0
0	4
0	2
4	8
0	0
4	6
1	2
0	2
0	2
0	0
0	0
0	0
0	0
1	2
1	2
0	2
22	2
0	0
4	0
0	3
0	6
22	8
0	7
1	12
7	5
3	5
2	0
2	86
0	41
12	36
0	9
2	1
0	78
0	0
0	0
42	79
3	0
0	16
1	16
13	19
0	1
58	1
0	0
0	3
0	1
0	3
2	1
2	0
0	0
5	0
0	3
0	0
0	0
40	3
15	18
1	86
0	22
88	0
0	2
0	2
0	0
45	23
0	50
16	93
9	82
11	85
77	82
0	0
0	0
11	32
87	17
0	29
0	17
77	32
0	9
0	3
0	10
0	0
0	13
0	16
0	16
16	18
1	0
60	0
90	0
3	3
0	12
0	0
0	10
0	49
53	49
3	0
0	2
13	2
0	2
0	2
0	2
6	2
19	2
6	0
4	0
3	0
0	0
0	1
0	1
0	15
0	14
0	16
11	17
1	15
0	22
4	13
1	0
38	9
8	22
0	0
0	0
6	0
1	3
0	1
7	1
6	19
242	19
3	6
0	5
0	0
1	6
19	3
0	1
1	1
1	38
7	1
0	0
0	24
0	31
0	0
0	39
0	38
6	3
4	0
141	1
0	0
4	2
3	4
0	4
0	4
0	5
0	1
0	0
0	7
0	5
0	22
3	1
0	22
0	6
0	8
0	23
0	6
3	6
0	4
0	0
0	0
0	0
0	0
0	0
0	1
3	1
0	0
0	0
3	1
2	0
0	0
0	0
12	6
11	4
1	3
0	4
0	6
0	0
18	0
234	6
3	6
15	18
7	17
3	0
0	156
0	158
0	160
8	28
12	17
2	148
1	11
7	3
6	1
0	1
0	156
13	5
0	2
0	0
10	20
0	43
4	43
0	42
0	2
2	2
11	11
0	3
0	5
0	21
0	21
236	0
51	5
364	5
67	6
1	4
0	2
5	0
15	0
0	1
0	353
0	3
0	356
4	353
0	0
48	27
0	160
2	46
0	5
7	5
1	5
0	5
2	0
0	5
0	0
1	0
0	0
0	0
51	0
506	0
1	87
0	89
0	90
0	63
0	63
0	66
1	64
0	13
0	2
0	3
0	0
0	6
0	1
0	11
0	4
0	5
0	4
0	5
0	5
1	6
0	1
0	1
0	5
0	0
0	0
1	26
0	26
0	6
0	1
2	6
0	6
2	24
72	0
0	0
0	11
0	13
0	11
0	13
0	6
0	6
0	2
0	11
0	11
0	2
0	0
0	0
1	0
1	0
38	0
4	18
0	17
0	17
0	6
0	6
0	6
15	45
0	61
4	68
15	101
0	13
0	75
1	0
1	0
3	69
0	0
0	88
4	62
0	65
0	78
2	8
0	0
0	1
4	0
0	7
0	2
0	8
0	9
3	43
0	5
4	5
0	2
0	3
8	42
0	5
18	103
10	1
10	22
8	103
3	0
0	0
1	0
0	0
0	9
0	9
27	15
1	11
0	20
94	45
0	44
0	0
5	0
0	0
1	0
0	1
6	3
1	23
25	20
1	21
0	14
9	0
8	0
64	101
2	100
0	93
0	45
1	0
3	1
0	1
0	1
0	4
0	4
0	23
0	17
0	0
14	3
4	1
0	2
36	9
0	0
2	9
7	28
77	3
0	37
0	37
0	24
0	8
0	12
0	12
0	0
0	0
0	0
0	0
5	14
0	0
0	2
11	2
11	4
20	104
0	27
0	27
0	55
0	55
0	30
1	5
0	33
0	40
2	0
0	1
0	0
1	0
6	0
2	0
0	1
0	1
1	0
2	23
0	60
0	60
3	8
0	0
0	8
16	0
7	21
0	4
0	4
1	17
1	12
0	14
0	6
51	112
0	9
8	15
0	16
0	0
0	0
0	0
146	26
0	25
0	4
46	3
0	3
40	11
0	0
0	1
0	1
15	0
1	0
0	10
0	5
0	0
0	0
7	1
0	1
1	50
0	9
0	8
0	3
0	6
0	0
2	0
29	18
0	0
18	42
2	28
0	131
0	41
0	19
0	2
8	0
0	14
0	41
0	131
0	6
48	6
0	6
0	6
0	0
1	6
0	5
0	1
0	6
1	0
0	0
3	0
0	1
0	6
0	1
1	29
31	50
196	86
0	86
9	0
0	1
6	1
0	1
2	4
0	0
5	0
0	4
3	20
1	20
0	3
8	3
5	0
0	0
20	1
10	5
81	24
0	17
4	1
2	12
4	17
0	9
0	9
57	3
0	30
0	21
0	14
0	3
11	0
31	19
1	17
0	0
1	0
2	2
1	0
34	4
31	4
2	1
0	3
4	7
0	0
0	13
1	13
21	11
0	62
6	62
0	54
0	24
0	4
6	8
0	0
0	7
0	8
0	0
0	8
1	6
0	35
6	35
47	17
2	28
11	7
0	0
3	0
3	0
1	13
6	0
0	2
0	33
7	31
0	4
10	25
0	2
2	28
0	28
3	17
1	16
0	22
0	3
0	19
0	3
83	17
0	17
0	3
0	0
5	2
10	17
24	3
0	1
0	2
0	2
0	2
43	25
0	14
5	50
2	9
0	6
0	0
3	0
244	15
0	12
0	8
0	8
2	11
0	11
0	8
0	8
0	11
0	11
0	3
0	0
20	0
0	0
0	0
0	0
31	38
0	43
0	43
36	21
0	18
0	13
180	47
3	34
0	34
19	8
27	6
31	7
1	29
0	25
10	2
5	5
0	5
0	6
0	5
0	23
0	3
0	1
0	0
0	18
4	1
0	0
0	0
0	24
0	6
3	3
0	3
0	19
490	0
0	0
0	0
0	17
0	13
7	19
0	4
0	0
0	1
0	1
0	1
15	1
0	0
0	1
0	1
0	1
0	0
17	0
1	0
0	3
2	2
22	3
3	3
0	3
1	3
0	2
1	0
0	0
0	0
20	12
0	8
2	10
0	5
2	15
0	19
31	111
0	106
0	7
0	106
38	198
0	14
4	198
3	4
0	0
0	194
0	192
50	32
0	7
0	27
9	0
15	0
10	12
0	16
0	12
29	19
0	11
0	7
0	9
80	2
0	0
0	55
0	55
12	0
11	0
0	0
0	0
0	0
0	0
0	0
60	0
2	0
0	28
0	6
1	17
2	4
0	16
0	0
2	0
0	0
0	0
10	47
12	53
0	7
1	11
0	1
0	0
48	9
0	4
1	4
0	41
0	4
0	0
2	5
4	12
8	12
0	0
0	0
0	8
0	40
22	1
0	0
2	0
67	1
0	0
0	0
1	2
0	2
0	20
0	20
6	4
0	11
10	3
0	19
0	16
0	0
0	0
0	0
0	16
2	0
0	0
0	0
220	13
7	13
178	53
0	14
0	13
0	3
0	40
0	4
0	4
0	0
0	3
0	3
0	3
0	20
0	20
34	31
0	27
6	15
0	4
0	1
0	3
0	1
0	1
0	0
0	12
13	21
0	0
0	0
0	0
5	0
0	9
0	20
1	16
8	17
0	6
14	1
0	0
0	1
153	18
0	0
0	1
16	2
0	1
0	0
0	0
0	1
0	1
0	40
0	0
3	0
0	0
0	0
0	40
0	41
0	5
0	35
74	46
0	0
0	0
6	3
30	162
0	162
2	0
0	105
0	38
0	1
0	3
2	3
0	3
0	0
0	0
3	0
4	3
0	28
51	0
45	82
2	122
0	18
50	484
0	484
0	0
5	154
7	0
0	141
68	19
0	14
0	6
475	13
0	19
0	21
0	76
0	0
0	176
0	0
0	0
12	176
0	0
0	3
0	2
0	2
0	1
2	3
0	0
0	2
0	2
11	0
18	46
4	44
4	0
9	11
19	19
3	0
7	9
0	2
0	0
3	2
4	14
16	0
437	0
81	15
0	115
5	79
3	0
10	0
10	38
0	2
1	13
0	11
1	197
0	0
7	0
81	193
0	4
0	1
6	13
0	13
0	12
0	3
2	0
0	0
0	0
8	52
22	53
0	0
0	0
0	4
0	1
0	1
3	5
0	5
0	5
29	71
0	2
0	1
0	35
0	32
0	3
0	3
0	1
0	3
0	4
3	12
0	0
1	10
0	12
1	101
2	84
33	88
0	11
0	8
0	31
0	3
0	15
42	0
4	0
0	0
5	1
0	1
0	40
2	68
36	49
3	31
7	26
0	1
0	4
0	13
0	13
0	0
0	255
77	255
0	64
0	6
208	142
0	64
178	15
23	0
0	24
0	24
10	29
0	22
0	7
0	0
0	24
10	12
2	17
0	17
0	4
5	4
0	0
0	53
4	53
0	21
3	55
0	23
0	105
89	100
0	11
0	72
0	52
0	0
109	72
0	24
0	8
30	0
2	55
0	55
0	63
0	62
193	89
1	0
0	6
0	9
0	7
0	5
0	4
0	0
34	85
0	2
0	3
0	71
7	1
0	0
0	0
6	1
5	0
0	0
0	0
0	0
19	0
0	38
0	1
0	22
0	0
2	0
1	15
0	36
0	15
3	0
0	0
53	29
17	29
0	27
0	22
8	9
70	214
3	0
0	162
0	214
1	0
0	13
0	14
0	1
0	1
0	1
0	1
0	0
0	2
1	0
0	1
2	0
0	0
1	2
0	1
0	0
0	1
3	1
0	1
0	4
43	14
0	3
0	3
22	0
150	15
0	7
4	0
0	1
0	1
32	12
0	12
0	12
348	0
6	0
5	1
4	7
0	7
6	7
322	8
5	132
0	148
1	8
7	148
0	4
0	2
0	10
16	5
0	1
0	0
1	0
0	0
0	25
0	25
0	2
11	2
0	1
14	4
0	0
54	12
90	4
38	27
2	37
0	19
0	29
1	32
0	8
27	77
3	36
5	0
15	82
0	1
4	1
100	0
28	0
5	11
9	21
0	21
0	21
0	0
0	0
0	64
29	112
0	80
0	17
0	17
2	17
0	15
0	15
0	11
9	29
0	10
0	50
0	18
0	151
0	17
0	170
0	41
0	160
0	52
0	39
0	0
0	114
0	24
0	2
0	25
7	25
0	9
5	22
0	7
0	8
0	8
102	51
0	42
0	42
1	42
0	111
0	42
173	111
0	40
0	40
0	38
0	31
0	0
0	9
0	2
0	2
0	2
0	2
0	2
0	2
0	10
0	49
0	2
0	2
0	1
0	0
35	2
0	2
0	0
0	0
0	617
22	607
13	0
0	29
0	87
0	0
2	0
0	88
3	87
11	0
0	0
0	0
15	2
0	2
4	93
0	3
0	2
0	2
1	2
49	2
0	1
0	1
0	2
1	0
0	0
0	0
0	25
18	0
0	0
0	0
3	15
0	11
0	6
44	9
16	0
0	0
0	0
2	75
0	67
4	5
80	66
0	1
0	0
0	17
0	17
0	6
4	16
0	0
0	0
0	16
6	0
0	0
166	0
57	2
0	1
0	0
3	0
0	0
0	0
0	0
0	0
1	1
0	0
0	0
2	10
19	4
0	1
0	2
12	0
0	0
0	0
0	92
0	92
0	0
0	5
0	2
0	3
1	0
0	7
0	7
0	7
0	0
16	0
0	47
0	44
0	14
0	36
0	43
0	47
2	47
1	12
2	2
0	0
4	10
0	9
6	1
11	3
0	4
0	0
29	0
0	0
0	0
0	0
0	0
1	0
26	39
0	26
0	29
16	31
41	1
0	1
0	0
0	11
0	2
4	18
69	18
0	2
5	2
390	30
0	98
0	86
0	84
3	4
0	4
0	2
8	2
0	52
0	9
0	59
603	0
0	2
0	52
12	12
0	8
0	7
0	8
0	7
0	4
0	4
1	18
0	19
0	18
0	18
0	17
0	3
4	1
0	3
1	0
0	3
0	0
0	1
0	9
4	83
25	83
5	83
0	83
0	89
0	83
0	86
2	83
0	18
0	10
0	13
0	7
0	8
0	8
0	0
0	0
39	1
0	84
0	89
0	86
0	83
0	83
0	35
3	0
0	0
0	0
0	0
0	0
0	0
0	35
10	0
29	19
13	2
2	4
0	2
0	0
0	0
0	0
1	0
1	0
0	84
41	80
0	69
151	57
0	54
0	59
0	7
0	1
0	8
80	90
134	0
12	3
0	3
0	0
2	0
0	0
13	11
23	30
0	0
28	28
0	27
2	1
0	1
0	1
2	1
0	0
0	5
0	0
3	5
0	0
2	0
5	12
0	8
21	24
0	1
0	1
5	1
0	4
0	0
4	0
1	0
0	2
0	16
0	4
0	3
2	60
0	68
0	66
0	56
0	56
0	56
0	68
0	0
42	0
11	0
1	0
0	0
5	5
0	1
0	1
0	0
0	3
0	3
0	3
0	3
0	0
0	43
0	56
0	56
0	35
0	6
0	2
0	4
2	3
0	3
0	5
0	5
1	1
2	6
2	355
0	355
0	16
0	15
0	16
0	15
0	8
2	38
9	1
0	38
55	0
23	0
0	0
1	17
86	17
0	0
0	0
4	0
0	0
0	17
0	17
2	17
8	16
0	18
1	0
0	1
0	2
0	0
109	17
81	16
0	9
0	0
4	0
0	17
5	0
86	0
0	43
0	43
0	42
0	1
0	0
2	42
11	1
0	1
1	2
0	2
0	2
0	0
0	0
0	0
0	0
0	0
4	0
0	20
0	20
0	20
0	8
1	8
21	8
2	4
0	0
0	1
5	11
4	2
0	2
0	43
0	49
0	0
0	0
0	0
0	28
6	46
0	0
0	0
0	0
0	3
1	0
170	82
0	37
14	24
3	23
0	26
0	8
9	0
0	1
0	0
0	33
0	41
1	33
3	41
8	113
6	113
17	3
0	3
3	0
27	0
11	24
0	24
0	2
0	0
8	0
0	9
0	9
0	8
0	9
7	9
0	3
0	1
0	0
19	110
0	70
0	59
0	110
0	0
11	0
72	0
16	232
0	232
0	232
4	0
2	1
0	1
0	15
0	15
0	1
0	1
0	1
0	1
8	7
3	5
0	6
0	3
0	3
0	0
1	0
0	0
1	0
35	0
32	0
0	3
0	4
0	4
5	0
439	24
1	0
0	3
0	0
0	0
0	3
253	448
15	0
49	132
0	132
4	16
0	14
0	2
1	1
42	4
0	7
45	0
10	4
0	4
0	0
0	6
0	4
0	4
128	1
0	0
148	59
0	5
221	9
0	0
0	0
2	0
20	4
0	4
0	0
0	0
9	79
0	126
0	123
0	0
2	99
0	18
0	3
0	0
0	3
0	21
0	23
0	52
0	52
0	4
0	4
0	52
8	3
0	49
10	51
0	51
0	5
68	0
10	0
0	0
0	0
9	0
16	10
87	10
344	0
56	4
0	4
0	3
3	0
7	0
1	0
46	24
16	25
0	0
44	11
0	7
0	30
3	16
22	53
0	45
0	0
0	0
22	29
2	2
0	2
15	2
3	0
2	1
12	1
1	0
19	1
0	0
11	1
0	1
28	113
4	28
0	28
0	28
0	1
0	0
0	1
0	1
0	1
0	1
0	23
0	23
27	15
0	16
0	8
0	8
0	0
0	7
0	0
0	7
0	0
0	8
0	3
0	0
0	9
0	9
0	11
8	10
0	11
0	0
0	1
12	0
9	10
0	11
0	4
0	2
0	3
0	0
0	0
0	0
9	74
1	63
4	0
8	7
0	7
3	7
0	7
7	1
1	0
2	1
23	0
0	36
0	36
0	36
0	36
0	36
0	36
0	36
0	36
0	36
0	34
0	3
0	1
1	0
0	0
1	7
4	36
0	115
87	115
14	1
31	6
0	0
0	0
12	3
0	3
4	0
1	0
3	0
2	443
47	443
7	5
0	4
0	4
0	1
0	99
0	104
0	104
0	104
0	104
4	104
0	103
0	98
0	5
75	0
46	261
5	255
7	171
0	10
0	7
0	254
0	109
0	102
0	49
7	3
0	0
11	0
0	67
0	3
22	4
0	5
0	1
0	2
0	1
83	501
11	8
1	8
18	32
0	10
16	22
0	0
5	8
0	2
0	9
12	1
0	47
1	4
0	5
0	4
0	0
2	4
5	4
389	120
2	119
148	119
0	119
2	107
100	107
0	1
1	3
0	3
0	1
0	2
2	0
2	0
4	42
1	22
0	1
3	41
29	15
16	2
0	3
0	2
0	1
0	1
0	0
19	36
0	18
0	0
0	36
9	14
7	9
0	6
0	9
0	9
0	2
0	0
99	1
1	1
0	0
3	0
21	5
122	5
4	5
5	38
0	22
0	1
0	0
0	0
0	2
15	27
0	1
56	16
195	33
3	0
0	0
6	2
0	1
0	1
0	96
0	54
7	90
24	42
1	108
0	8
7	8
0	17
8	30
11	30
0	11
0	11
13	0
0	0
0	0
6	0
0	0
8	9
0	19
3	11
0	0
0	6
0	0
8	15
6	61
0	56
1	39
0	14
0	250
0	250
0	0
0	0
0	16
0	16
1	15
0	0
2	62
0	35
0	29
0	0
1	0
0	0
0	28
1	0
0	0
0	0
0	17
0	0
0	0
0	0
0	54
0	54
0	6
0	51
0	8
0	0
30	28
0	28
25	0
0	0
1	0
0	0
0	0
0	0
0	0
0	0
0	0
0	0
1	0
0	14
0	13
0	10
0	17
0	5
0	7
0	0
6	7
130	14
1	1
1	0
1	0
0	5
0	2
0	17
4	15
4	1
70	50
0	51
0	36
0	27
0	12
3	1
0	2
0	5
0	0
0	0
4	1
0	1
25	25
0	14
0	18
291	51
21	42
0	302
563	392
0	191
0	0
0	0
0	0
1	0
0	0
1	0
45	21
0	21
0	19
1	19
0	19
0	18
0	10
0	0
0	0
0	16
0	43
7	39
0	38
0	39
0	3
0	61
5	40
0	35
0	11
0	5
1	4
0	4
0	3
0	3
0	0
0	1
0	0
0	85
0	88
0	88
0	0
1	3
3	3
1	0
188	87
0	81
0	51
0	38
0	34
0	39
0	34
0	5
0	0
0	78
0	6
2	10
0	10
0	2
3	0
1	0
0	3
24	1
0	1
0	0
10	607
46	64
0	87
0	76
0	72
0	37
0	31
0	17
0	1
0	10
0	0
0	0
2	0
0	16
0	0
0	15
0	0
0	72
0	24
2	1
0	0
0	0
32	24
1	2
0	2
0	0
0	0
46	0
0	0
249	22
3	3
0	3
0	2
0	3
0	0
0	8
0	16
0	19
108	0
0	104
3	104
0	3
0	13
0	24
0	30
5	8
0	2
0	30
24	23
0	17
0	0
0	5
0	0
0	0
0	0
0	0
0	0
0	23
0	77
0	77
2	9
0	6
0	30
0	0
8	0
7	0
0	0
34	55
4	38
6	672
5	672
7	7
0	0
0	56
0	0
0	0
0	0
82	0
0	0
0	56
32	39
0	0
0	1
2	1
0	5
2	5
0	20
0	38
0	38
16	4
4	134
0	8
0	135
0	0
0	1
0	1
5	0
0	54
24	54
0	1
0	1
0	0
0	1
0	0
0	0
0	2
0	2
10	2
34	7
0	0
1	0
1	14
0	0
2	1
8	22
0	14
0	9
123	332
3	81
0	188
0	184
0	31
21	11
0	11
0	0
0	10
1	4
2	2
3	2
0	0
0	10
5	0
0	0
5	5
0	16
0	1
8	13
3	6
0	0
37	168
0	168
0	20
0	10
4	0
0	1
1	3
47	31
1	32
0	5
21	10
0	10
0	0
0	0
2	33
0	33
0	0
2	1
0	0
0	3
0	0
17	1
0	1
2	1
8	10
2	10
5	10
4	1
3	0
0	13
9	14
1	9
12	3
1	3
118	5
0	7
0	7
23	9
3	10
0	10
0	0
6	0
0	0
15	37
9	37
0	13
0	0
0	0
0	0
3	0
0	0
0	1
0	0
0	0
12	16
0	17
2	19
0	4
3	2
0	2
0	0
45	18
341	331
24	323
7	9
5	15
14	0
0	8
0	7
5	6
19	0
0	2
0	2
0	0
0	19
112	25
0	11
3	0
0	0
0	2
10	28
0	27
0	1
0	1
3	2
0	22
0	15
1	1
0	4
6	6
0	3
32	0
0	0
9	0
13	12
0	2
0	2
6	5
0	1
0	2
0	3
0	3
0	3
2	0
0	0
0	3
0	0
0	0
0	0
1	0
0	0
1	0
142	123
0	123
4	4
0	51
0	18
2	4
0	14
0	18
0	4
0	2
14	0
28	12
0	0
17	33
0	0
0	0
0	18
90	34
0	17
0	8
0	17
4	16
0	15
0	15
0	11
2	15
2	11
0	1
8	4
0	1
0	1
0	9
0	9
0	7
9	13
0	10
0	6
0	0
1	0
0	3
0	3
4	10
84	0
9	2
4	0
36	32
0	17
108	40
0	23
0	0
0	0
3	278
0	294
5	94
4	97
94	87
0	68
0	31
1	29
1	29
0	27
0	27
2	0
17	33
0	33
4	21
1	21
0	29
0	29
47	12
0	0
1	1
2	1
0	0
0	0
0	1
7	53
0	49
0	6
0	12
0	0
0	0
18	6
0	0
0	27
0	97
0	0
143	20
8	2
259	98
66	23
3	0
1	0
388	12
3	7
0	12
0	11
0	14
0	11
65	16
9	20
0	20
1	1
17	1
0	15
11	0
0	11
0	10
0	11
0	2
137	12
8	0
5	11
1	12
1	11
31	9
0	8
0	9
0	0
1	0
0	0
2	1
2	0
9	40
0	40
55	0
0	0
0	0
0	0
3	0
0	2
0	2
0	2
0	2
250	108
0	44
192	45
1	0
1	0
0	33
0	10
1	19
2	56
1	2
0	54
2	2
13	54
26	10
0	10
0	0
6	2
4	2
9	1
45	9
2	3
0	0
0	14
0	14
0	6
0	19
1	19
0	0
0	0
0	0
0	0
5	8
14	8
0	0
0	0
0	0
2	5
0	3
8	5
1	5
0	1
0	3
12	0
13	0
2	5
0	5
4	40
8	0
0	40
1	0
16	120
12	125
0	0
1	0
0	0
3	6
0	5
0	0
0	0
0	3
0	0
0	0
12	50
0	50
0	49
12	5
0	5
3	2
2	0
0	4
0	5
0	5
23	8
1	0
0	0
1	2
0	11
3	12
0	11
23	2
657	0
1	9
12	9
0	0
126	93
0	13
2	0
56	80
1	0
3	0
15	12
0	0
12	8
0	8
0	8
34	19
0	19
0	1
0	0
0	0
5	0
0	2
0	1
0	0
0	0
0	0
0	0
0	1
23	1
2	1
30	149
0	9
0	11
0	10
0	13
0	11
0	0
0	2
7	9
0	11
0	9
0	10
0	10
6	8
0	0
7	2
0	0
0	147
16	23
1	0
5	23
5	0
0	0
0	0
0	0
0	0
0	0
0	0
68	6
0	6
8	66
2	4
14	62
0	7
0	15
0	13
0	6
0	0
0	22
0	22
0	0
0	0
0	0
0	0
5	0
6	0
0	0
3	4
0	0
2	0
0	0
0	0
1	4
5	121
0	3
0	118
0	116
0	0
0	0
0	0
0	1
0	21
0	26
0	1
0	0
4	22
5	20
0	26
79	13
0	4
607	9
0	3
2	0
7	1
0	8
0	1
0	1
2	0
1	0
45	3
0	3
87	3
4	0
0	1
94	3
1	1
0	3
11	0
0	1
21	129
39	129
0	0
0	1
17	11
0	3
0	3
22	8
11	8
4	0
0	7
0	3
0	0
0	0
0	4
0	25
0	57
0	1
0	54
0	1
1	0
0	0
0	1
0	0
0	0
0	26
0	26
0	26
0	20
0	1
6	24
0	22
0	21
0	0
0	0
0	24
16	35
0	0
1	0
6	1
0	34
1	20
0	20
9	0
19	3
0	5
0	5
10	1
1	0
3	0
0	3
0	10
0	10
0	10
0	4
31	3
101	32
0	19
3	11
0	11
1	27
0	3
0	2
0	1
0	1
0	0
0	1
74	19
0	12
0	11
0	11
0	47
15	47
0	4
0	22
0	25
8	6
9	19
0	22
0	19
0	26
33	33
0	13
42	8
174	8
43	45
5	45
5	44
0	0
0	0
0	22
0	24
0	10
0	8
0	3
0	3
3	3
0	0
9	13
77	4
5	3
42	7
0	0
0	4
0	4
3	1
0	1
5	3
3	1
0	0
0	28
0	28
0	123
1	123
0	123
1	123
0	5
0	5
0	5
100	16
0	14
0	16
6	34
0	12
101	4
0	2
0	0
13	0
41	0
0	0
2	0
0	7
0	7
0	0
0	0
0	3
0	1
0	1
0	1
0	3
0	0
1	0
0	4
0	4
0	0
0	0
0	0
0	0
0	0
175	29
1	1
24	0
0	27
35	4
39	8
0	12
16	7
0	12
0	0
0	5
1	0
0	1
0	1
0	1
0	1
0	192
11	192
4	15
0	12
1	9
8	9
0	0
0	0
5	0
8	0
0	6
0	7
1	0
0	1
12	16
3	15
0	9
0	9
0	2
1	12
40	13
0	8
0	12
8	32
0	0
100	0
0	0
0	0
0	0
0	3
0	0
0	1
0	7
0	2
0	1
22	157
0	157
6	0
15	38
15	1
0	1
0	38
0	1
0	38
0	0
0	0
81	18
0	10
17	1
0	0
0	0
1	0
2	3
0	3
0	3
9	24
0	24
0	24
0	9
0	9
0	24
0	24
0	1
0	0
0	1
0	1
0	1
0	329
0	329
2	0
0	0
2	15
0	19
7	14
0	17
3	0
0	1
0	1
2	0
0	1
11	1
45	1
0	1
118	70
0	23
0	14
0	5
0	3
0	1
0	1
0	3
78	2
0	2
0	2
0	2
0	2
0	2
0	0
1	1
0	2
0	0
0	1
0	0
2	0
87	0
62	40
10	40
0	39
0	37
0	21
0	5
0	1
0	1
0	10
0	0
0	7
4	9
0	6
0	8
13	3
73	0
0	0
4	9
0	9
2	8
0	7
0	1
0	0
0	6
0	7
0	6
8	0
4	0
0	0
4	0
2	0
48	22
0	22
12	0
0	28
0	45
0	0
4	0
0	71
59	0
14	2
0	1
0	2
0	2
0	2
0	36
14	93
22	36
0	45
0	1
0	11
0	14
42	0
0	21
0	25
0	13
0	0
0	0
0	0
0	12
0	0
0	0
62	145
175	727
4	26
0	24
20	28
5	23
0	21
3	6
0	6
0	0
0	0
9	11
1	0
0	0
0	0
0	9
0	17
88	25
80	2
0	0
0	2
0	0
0	2
0	6
0	5
14	6
0	19
0	19
0	6
0	6
0	17
0	0
6	13
0	13
1	14
13	10
0	0
2	0
0	1
96	19
1	11
5	3
0	0
0	0
0	3
0	154
4	10
7	0
0	0
1	2
0	2
0	0
0	0
4	1
0	10
0	854
1	857
23	881
0	868
0	868
1	1
0	15
0	15
0	15
0	0
98	153
0	2
0	50
0	1
0	0
0	0
3	103
4	80
6	0
288	26
0	25
1	5
0	0
0	0
3	1
0	15
20	452
0	452
0	177
0	152
126	61
28	164
56	0
0	2
0	22
7	1
54	2
0	1
0	0
6	1
0	49
142	11
35	25
0	25
2	9
0	9
0	0
1	0
0	2
0	7
0	0
0	6
1	56
1	63
0	1
0	1
0	14
0	15
0	15
0	17
295	107
1	15
3	41
0	14
2	15
0	1
0	800
0	17
0	741
0	1
3	1
32	835
0	7
0	1
85	7
0	0
0	3
0	3
21	0
13	49
5	47
3	35
4	0
1	0
5	0
0	88
0	64
2	0
3	0
0	0
0	0
0	10
97	17
2	5
0	0
0	100
1	77
0	77
0	0
0	0
34	3
8	0
0	1
2	7
0	1
0	1
0	1
1	3
0	2
7	7
0	23
4	10
0	0
2	12
71	3
8	4
0	5
0	3
0	16
0	14
14	17
1	34
0	47
0	25
0	8
4	8
1	22
5	2
0	0
0	2
0	4
1	36
14	5
0	29
2	83
0	81
0	1
2	1
0	1
0	0
0	1
0	1
0	1
0	1
0	21
0	25
194	21
0	9
0	21
6	10
3	10
5	21
0	21
7	20
0	3
53	2
9	1
1	9
0	0
0	1
4	6
0	6
0	80
13	46
0	25
0	5
0	27
2	4
2	0
0	81
0	80
0	510
0	7
0	1
0	2
1	0
0	33
7	22
10	12
16	8
0	0
0	5
0	0
0	0
0	2
0	1
0	2
0	0
0	2
110	4
49	26
0	24
170	41
0	41
9	34
0	1
15	15
0	13
6	15
0	1
1	1
1	0
11	29
0	26
0	3
6	4
0	2
0	0
5	20
0	6
113	6
0	0
20	14
0	0
0	0
1	0
0	4
0	14
0	14
2	0
0	0
0	0
0	0
0	0
0	0
256	9
0	20
7	19
0	0
0	0
0	0
0	20
72	43
0	43
0	3
4	0
80	29
0	8
33	5
0	27
0	3
0	3
0	3
0	16
0	0
0	0
0	0
0	0
0	9
2	2
0	6
0	12
0	7
0	17
0	7
16	54
0	6
1	62
0	42
9	40
0	30
1	42
0	33
0	32
0	6
0	8
0	7
0	14
16	16
0	8
0	7
0	0
6	0
0	17
0	24
114	21
3	10
36	0
0	11
0	1
0	6
1	0
5	5
0	0
0	2
0	2
0	5
0	5
0	5
11	15
0	15
0	14
0	15
0	0
0	0
2	0
0	2
0	6
0	0
1	0
0	0
5	2
0	0
6	1
5	0
0	1
0	1
0	0
0	1
0	6
0	14
0	16
2	16
0	6
0	7
0	59
0	59
0	4
0	5
0	1
0	1
23	15
3	30
0	2
2	21
16	22
67	13
0	48
0	6
35	48
0	0
0	0
4	13
0	13
0	14
20	19
0	9
0	6
5	7
2	7
0	17
0	0
0	4
0	10
0	3
10	14
7	13
3	20
0	3
0	2
0	2
0	0
0	0
0	0
0	1
0	0
0	0
16	16
0	3
5	57
0	70
0	57
0	54
17	51
0	2
0	0
0	25
2	24
0	3
0	22
0	0
0	0
0	6
0	0
0	0
5	0
0	0
1	0
0	42
9	17
0	17
2	1
0	0
0	1
0	1
0	1
0	1
0	115
0	115
77	5
0	0
0	0
9	0
1	0
0	57
0	70
0	1
0	1
0	0
1	0
63	7
0	7
1	1
10	4
4	5
0	4
0	6
0	1
144	5
282	29
2	23
5	14
0	4
36	9
0	9
0	9
0	6
1	0
5	2
0	2
0	0
2	0
362	12
0	12
0	1
3	1
0	0
0	0
0	0
4	7
2	8
0	0
0	0
0	0
0	0
0	0
0	0
0	0
63	56
3	13
0	9
0	12
0	162
0	9
3	156
0	162
12	169
0	153
0	151
57	167
0	78
0	65
9	51
3	34
0	0
96	3
3	3
0	0
0	0
2	41
3	0
0	0
0	2
0	41
4	15
3	64
0	23
4	61
1	14
0	57
0	7
3	7
0	0
3	24
0	18
0	1
0	26
0	11
1	5
0	135
2	146
0	119
40	1
0	156
10	4
0	4
0	1
0	8
17	7
0	6
0	12
0	5
0	0
3	0
0	7
0	0
0	0
0	1
0	5
105	16
0	5
0	14
12	16
0	10
0	0
0	0
0	0
0	1
1	0
23	36
3	35
0	1
5	2
6	19
1	18
8	3
11	3
2	52
0	10
0	52
1	0
0	1
0	0
0	6
0	6
24	10
16	6
0	5
0	1
94	1
44	9
2	9
0	1
1	126
0	4
0	0
0	3
0	126
2	11
2	11
13	11
0	0
0	0
1	6
14	6
28	3
0	0
0	1
110	13
2	10
1	0
1	1
4	1
0	1
0	1
0	1
0	1
0	1
0	9
0	9
0	3
0	3
0	3
0	105
0	115
0	115
2	40
0	40
0	40
0	0
0	11
0	116
34	0
0	0
1	1
1	0
22	67
0	49
1	13
0	0
0	0
3	0
9	0
3	0
1	30
0	55
0	0
25	0
3	4
19	102
0	4
44	2
13	17
0	3
370	0
0	3
2	0
0	3
0	3
0	122
13	46
0	4
0	8
0	2
4	5
1	122
3	10
55	11
0	8
0	9
0	8
1	7
1	10
0	0
0	0
14	9
0	2
0	1
0	1
0	27
6	27
0	11
0	12
0	11
47	99
0	98
0	95
0	1
4	0
12	5
125	2
10	2
3	14
4	12
11	0
0	1
0	0
45	31
0	31
0	20
0	14
0	14
0	1
26	20
2	1
0	0
5	0
1	36
0	26
0	15
21	18
0	0
0	0
2	0
0	93
8	33
0	27
0	22
0	22
0	36
0	2
0	2
8	0
0	0
0	63
0	0
0	2
1	0
0	2
0	0
0	0
0	0
0	2
0	0
10	1
0	0
9	0
121	6
0	6
0	0
13	4
0	0
0	2
0	0
5	0
2	9
0	9
11	6
0	5
0	5
1	0
0	0
0	0
0	5
0	3
0	5
0	0
13	0
14	1
15	131
0	81
2	0
8	17
3	18
0	11
0	0
0	0
19	90
17	125
0	44
0	30
5	16
0	4
16	0
4	0
113	0
9	0
10	8
0	3
20	71
0	3
0	70
0	0
0	59
0	1
25	1
0	0
0	1
52	0
0	0
8	0
0	0
0	0
0	0
0	0
2	4
0	19
2	0
0	0
0	15
0	15
0	4
0	19
30	12
1	9
0	1
0	0
0	1
32	20
0	4
1	0
0	5
2	1
0	1
0	5
3	1
2	1
0	1
0	0
0	0
0	0
35	78
16	79
42	21
7	24
0	0
2	3
0	3
0	0
21	16
0	0
0	15
0	2
0	0
0	9
0	9
0	9
0	0
0	0
9	0
0	0
0	0
0	0
0	0
0	0
0	0
0	0
51	8
4	8
1	8
1	0
58	32
0	31
0	0
3	22
0	43
0	1
0	2
0	0
0	2
0	2
1	59
0	0
10	60
0	9
0	0
3	1
1	5
0	5
4	5
0	0
0	0
0	0
0	0
0	0
1	0
11	101
27	24
0	11
0	0
0	36
46	54
338	33
1	2
1	0
0	4
0	5
6	0
1	0
28	0
0	0
9	5
0	0
0	0
6	0
0	0
0	2
15	0
2	0
1	240
0	41
0	11
0	199
0	2
1	7
0	0
0	0
1	2
0	5
2	3
0	3
0	3
9	8
0	8
16	14
0	1
0	0
0	3
0	12
1	1
0	0
1	1
0	13
7	24
1	24
0	6
1	6
620	2
0	0
0	2
211	176
0	158
20	1
38	8
12	0
1	10
4	10
3	100
0	88
74	99
0	0
0	188
0	174
0	19
0	5
0	0
0	0
0	0
0	0
26	188
0	3
0	8
0	8
2	4
0	19
74	18
0	8
0	13
4	0
15	0
17	38
0	29
0	24
80	27
0	15
1	10
3	0
0	15
7	1
1	22
59	22
1	19
0	0
0	0
0	0
0	0
0	2
19	2
0	0
0	0
0	0
1	0
0	0
0	0
2	0
0	5
0	5
4	0
40	0
0	0
21	179
170	178
725	0
0	2
0	3
3	2
0	0
0	0
0	0
1	0
16	1
1	14
0	14
1	14
0	8
0	8
0	7
0	2
6	2
0	0
0	17
0	0
0	0
0	9
0	9
0	9
0	9
0	0
0	17
8	2
2	1
30	2
0	1
0	2
1	0
0	13
0	13
0	5
0	2
0	2
3	1
0	14
0	14
0	8
0	0
2	1
0	0
0	3
0	5
0	2
8	0
0	5
97	0
1	3
0	3
2	6
0	6
0	2
0	58
0	13
0	15
0	9
0	18
1	7
0	0
0	1
4	55
0	0
40	0
2	0
0	25
0	25
0	1
0	0
0	0
19	9
6	41
0	10
117	44
0	44
4	34
0	6
184	248
38	245
0	249
1	222
2	4
0	3
0	32
6	29
0	0
0	36
0	36
0	5
1	4
1	4
0	4
0	2
10	0
3	0
0	0
0	5
0	5
0	7
0	5
0	3
0	0
0	2
7	61
3	28
0	28
0	0
0	44
0	61
1	0
0	0
0	0
1	0
4	21
199	34
0	3
0	16
0	3
0	3
2	0
0	39
16	45
7	0
0	0
0	0
0	4
0	6
1	3
17	16
2	10
0	7
5	0
0	0
3	6
1	2
0	2
0	2
3	2
11	88
0	0
0	6
0	6
2	20
0	2
0	0
1	74
5	81
0	83
0	49
0	7
0	23
1	23
0	19
20	19
4	0
0	6
0	2
0	7
0	4
0	0
8	0
4	0
0	18
6	12
0	18
0	13
0	0
0	0
4	0
59	0
0	0
13	0
48	15
0	0
0	0
10	0
32	2
0	2
54	3
0	3
8	0
3	4
12	0
0	0
4	26
0	26
0	0
11	0
3	0
11	22
0	22
7	15
10	17
5	22
1	12
0	10
0	4
0	0
0	0
0	0
0	0
0	0
0	2
591	21
0	18
5	3
20	0
1	0
64	14
5	0
201	16
1	14
0	0
1	1
0	1
0	0
1	1
3	2
0	9
3	0
0	10
0	15
11	35
0	36
0	32
2	36
0	0
6	0
0	0
0	0
0	7
0	6
0	6
2	0
0	0
0	1
0	1
0	1
0	134
2	90
0	36
0	35
0	154
0	154
0	6
13	11
3	11
0	0
0	0
0	0
36	0
28	73
59	73
7	0
168	2
3	2
67	22
0	11
8	1
2	5
0	4
7	5
0	5
45	3
45	18
0	3
2	3
0	8
0	7
0	3
0	0
0	25
0	25
0	25
0	15
0	25
0	2
9	3
0	3
140	136
18	45
0	36
0	35
0	2
3	36
6	28
4	14
1	14
1	0
4	0
0	0
24	54
0	37
65	3
2	3
0	20
0	2
10	8
0	41
0	72
300	109
0	103
0	20
0	15
0	15
0	2
131	109
0	109
0	2
0	0
0	0
0	0
15	7
0	1
0	2
8	0
5	1
3	1
8	2
1	0
0	1
22	1
0	0
1	1
0	1
0	1
0	0
0	0
0	0
0	0
0	0
0	0
0	421
3	456
0	395
0	17
25	9
0	4
0	452
0	141
10	152
0	149
0	1
0	3
6	4
3	0
0	143
0	141
0	156
0	20
5	19
0	19
0	12
0	11
5	11
0	0
0	20
0	32
0	32
0	36
19	25
0	5
0	2
0	6
0	2
0	9
0	0
0	0
0	1
1	0
10	11
0	0
1	0
0	0
1	0
0	2
0	25
0	36
3	28
0	1
0	4
4	33
22	0
36	1
2	1
21	516
0	30
4	0
0	0
1	0
0	0
4	503
21	18
0	16
0	3
0	7
0	0
0	4
75	0
0	11
0	6
1	5
1	0
3	1
0	6
0	0
0	0
5	0
4	34
0	34
0	5
1	0
7	0
7	0
2	31
0	0
0	0
0	0
0	0
0	31
3	31
8	16
0	14
2	0
1	2
0	0
0	2
0	8
9	0
0	2
0	2
40	7
0	1
0	3
0	0
0	5
0	5
4	2
90	3
0	4
1	7
4	22
1	23
0	12
0	12
0	9
1	22
1	0
0	0
0	0
0	0
0	1
0	0
0	22
0	5
0	4
0	7
3	4
128	7
0	4
0	3
15	4
3	0
4	0
0	4
0	4
0	2
0	2
0	4
49	5
46	0
2	0
22	0
10	53
2	53
23	3
1	4
0	4
0	0
1	1
41	4
2	5
7	9
3	9
1	1
0	9
0	0
1	0
0	0
73	83
0	0
1	3
0	0
0	1
0	1
0	0
0	0
0	81
0	71
0	0
0	7
0	0
0	24
0	1
0	24
0	0
1	2
7	0
0	0
9	23
221	0
4	24
0	16
0	16
0	4
0	2
0	3
0	1
0	1
0	0
0	65
28	65
25	0
86	1
0	1
0	0
0	4
0	4
0	1
3	0
75	298
0	0
9	0
44	298
1	8
27	0
0	0
1	107
0	201
13	27
8	36
0	26
21	26
0	6
19	11
0	2
1	0
0	7
0	2
0	1
0	0
1	0
0	0
0	0
0	0
0	2
0	0
3	0
0	84
1	59
0	99
0	119
0	31
0	5
1	0
0	0
14	16
0	0
0	2
0	0
6	2
0	156
6	35
0	35
54	35
8	35
0	9
0	0
0	1
0	0
0	0
0	1
0	46
0	46
0	46
0	46
3	46
0	1
0	2
0	30
0	27
0	0
0	2
0	23
1	30
0	19
0	18
0	5
3	2
0	57
44	59
0	2
0	0
0	2
0	2
0	0
1	3
0	3
1	1
0	1
29	0
3	40
1	39
0	2
5	12
0	2
0	3
184	3
2	20
0	2
0	2
4	3
0	15
0	0
0	15
0	0
10	25
0	25
0	25
0	0
3	0
212	111
0	15
2	0
0	12
5	8
0	8
0	0
0	0
0	0
11	0
0	2
0	16
0	16
2	0
98	8
0	3
342	3
0	3
0	0
0	0
0	0
49	3
11	0
51	3
0	5
6	1
0	15
13	7
3	39
0	29
24	5
27	2
75	0
62	2
4	6
0	0
7	0
49	17
1	1
0	6
0	6
0	2
0	9
46	22
1	12
0	2
4	2
0	21
0	26
0	13
4	0
1	18
0	0
60	8
0	15
0	1
104	10
0	10
0	10
1	1
0	0
0	0
1	0
0	0
0	0
0	37
4	38
0	3
1	0
0	0
0	12
5	2
1	2
5	0
0	12
1	9
0	5
0	5
0	15
0	12
0	9
0	12
0	5
13	12
1	1
0	7
33	209
0	195
0	73
1	0
7	195
16	48
21	49
0	54
0	57
0	14
5	16
0	12
0	0
0	17
0	63
23	7
3	5
0	4
0	1
0	6
287	78
9	218
0	0
0	11
4	12
0	12
0	4
0	4
0	0
0	0
5	9
0	6
0	2
0	0
0	2
0	0
8	4
22	14
0	0
0	0
1	14
0	0
5	0
0	1
1	8
2	8
25	8
0	2
0	1
9	4
0	5
0	9
0	15
12	2
27	15
0	28
0	6
0	141
0	137
15	141
0	75
0	72
0	74
0	0
0	13
0	120
0	120
0	29
0	30
0	128
0	31
46	0
1	0
0	0
0	0
2	0
0	0
7	3
0	5
0	7
0	4
0	0
0	0
0	7
30	6
0	6
1	1
0	1
0	2
0	7
0	0
0	1
2	4
2	3
0	25
0	25
0	3
3	0
4	0
0	0
0	0
0	0
26	147
0	98
0	93
0	47
0	0
4	0
0	0
0	8
0	0
0	1
1	9
10	53
0	44
0	14
2	0
0	0
0	147
0	147
149	89
0	7
34	89
6	42
1	26
0	40
0	1
0	2
10	7
9	0
1	122
71	0
0	0
1	93
2	122
4	1
6	9
17	33
0	45
0	43
105	50
4	27
0	41
0	41
0	14
1	0
0	9
14	0
0	0
0	1
0	0
0	1
0	0
0	1
1	0
2	0
0	1
0	1
0	2
5	14
0	0
0	1
0	0
0	0
0	4
0	2
0	4
0	6
49	0
0	5
0	5
0	5
0	2
0	0
0	5
327	54
0	36
25	27
0	0
3	7
0	34
0	14
2	8
2	7
1	6
0	3
0	0
0	0
0	0
4	0
0	2
12	15
16	0
0	0
5	0
4	0
0	0
112	50
0	0
0	0
2	0
16	12
4	42
0	9
0	5
0	1
0	4
0	4
0	0
0	0
2	19
5	20
0	20
4	1
0	15
0	15
0	13
0	9
4	21
0	11
0	27
0	8
7	0
2	0
0	3
0	0
0	3
0	0
1	8
0	0
2	0
29	9
0	9
18	3
8	0
22	0
0	0
25	80
0	65
89	79
18	46
0	0
0	0
12	20
5	1
4	23
0	27
0	50
0	0
8	331
212	338
0	9
0	0
0	1
1	0
2	0
0	0
0	0
1	0
0	0
26	3
0	55
4	69
0	48
0	45
0	52
0	0
0	0
0	0
0	0
4	18
0	18
3	3
0	0
0	0
17	0
0	0
0	0
2	0
0	0
0	0
0	0
0	0
0	1
1	5
0	5
1	0
1	0
17	0
0	0
0	0
0	0
90	278
0	278
0	206
102	4
12	160
0	155
0	155
12	20
0	92
705	324
0	114
0	309
0	0
0	6
0	13
0	7
0	6
4	6
0	0
0	109
2	63
0	25
2	40
0	50
0	7
1	6
3	0
76	8
0	16
0	16
0	0
21	0
1	0
0	0
306	0
0	0
0	43
2	33
0	17
6	0
20	87
0	0
0	0
0	0
0	82
0	0
6	0
163	87
13	1
0	0
0	0
2	6
0	6
0	8
0	8
2	0
17	8
284	123
17	345
2	102
0	320
0	138
124	329
0	232
0	163
0	76
6	1
21	160
8	0
0	1
10	7
22	5
0	5
2	5
0	0
0	1
0	1
0	1
0	0
0	1
0	1
0	1
0	74
0	74
2	27
5	27
7	37
6	37
3	3
0	0
0	0
0	3
2	26
5	6
0	26
0	26
0	23
0	23
0	23
1	0
0	21
0	1
0	1
0	0
0	6
0	5
9	9
0	0
0	4
0	3
0	1
0	2
0	2
22	0
0	21
22	21
0	15
0	0
0	0
0	0
0	0
313	201
0	6
0	0
0	13
0	0
0	11
0	160
1	7
1	0
0	6
0	6
2	11
0	0
0	7
0	26
0	9
4	0
0	30
0	30
0	0
0	8
23	8
15	0
39	8
0	1
0	0
6	1
0	4
479	0
0	5
7	2
1	1
0	4
0	8
0	8
0	1
7	75
0	3
0	39
0	10
0	9
9	4
0	13
10	57
78	17
38	17
8	10
16	185
4	163
0	145
0	4
12	1
0	1
30	51
0	0
2	51
4	21
10	21
0	14
0	11
0	10
0	10
0	9
17	8
0	8
0	0
0	3
0	3
0	1
0	1
2	1
3	98
0	18
0	1
0	26
8	119
0	24
0	0
0	0
0	0
0	0
0	0
0	0
0	0
0	0
0	0
0	0
0	0
0	0
0	0
8	3
0	2
0	2
8	0
1	31
0	30
0	30
0	27
0	25
4	27
0	22
0	21
0	9
4	5
55	25
0	0
0	6
0	6
1	3
0	1
4	0
0	4
0	6
39	22
0	1
0	1
0	5
0	4
8	45
4	21
0	10
0	22
0	22
0	21
0	30
162	8
0	8
0	10
0	10
0	1
0	0
0	0
0	0
0	2
0	0
0	0
1	0
0	21
2	4
0	4
4	7
19	4
0	3
6	0
11	3
178	3
0	54
0	8
1	15
0	0
6	180
0	81
150	95
0	79
0	0
0	211
0	124
3	0
2	0
8	35
0	200
0	6
0	2
1	2
7	0
1	4
122	6
155	8
5	4
177	18
0	12
5	20
0	19
0	34
1	35
0	17
0	13
0	5
0	5
0	3
0	3
0	3
8	5
0	0
0	22
0	11
0	12
0	20
0	10
0	9
4	25
117	31
0	31
52	0
0	0
0	0
0	0
3	13
0	4
85	0
9	1
0	0
0	0
6	0
0	3
0	3
3	5
0	5
211	34
0	34
0	13
2	0
83	3
0	4
0	4
0	0
144	210
9	215
39	5
0	5
1	6
1	1
0	0
0	8
27	8
0	6
0	0
3	1
0	4
0	3
0	3
0	1
74	3
3	3
1	1
1	0
0	58
0	1
4	1
0	15
0	0
0	17
27	44
8	19
0	59
0	122
1	100
11	52
0	1
2	2
0	0
14	0
0	0
0	0
0	0
43	10
0	2
0	9
0	9
0	0
0	0
0	10
136	189
0	73
0	72
0	1
3	6
5	1
36	0
0	22
0	55
0	54
0	1
4	6
108	12
15	7
0	11
73	3
0	0
4	1
0	1
0	1
0	1
0	1
0	0
0	0
0	0
0	0
0	0
0	0
0	1
84	0
0	1
0	2
0	2
0	2
0	2
6	0
0	127
0	132
0	132
0	120
0	121
0	121
0	120
0	0
11	2
0	18
0	3
3	0
0	35
1	35
327	25
2	23
0	23
0	23
0	23
2	26
0	45
0	1
0	3
15	0
0	14
0	2
0	1
0	0
6	13
5	2
2	3
0	8
0	13
0	0
0	9
0	10
0	0
0	10
0	23
0	20
6	0
17	4
10	0
5	6
6	115
0	73
12	0
34	3
2	7
0	2
0	2
0	2
0	0
0	0
0	0
0	0
12	27
13	132
31	28
3	28
17	0
0	2
0	1
0	24
0	24
0	80
0	19
622	87
0	79
0	41
0	8
5	6
0	1
0	6
0	39
0	42
0	4
62	163
9	1
16	162
0	9
0	21
0	94
12	625
0	83
0	1
0	1
0	0
0	3
0	0
2	614
0	4
0	0
0	16
0	4
0	5
1	1
0	15
3	14
0	5
0	0
0	1
0	1
0	0
0	22
8	22
1	141
45	141
29	13
0	7
0	6
53	6
152	17
4	0
1	0
0	1
0	1
0	1
0	17
14	0
0	3
0	0
0	3
6	0
3	1
0	1
0	0
0	0
0	3
1	3
0	3
2	0
43	23
0	3
0	0
0	23
2	0
5	0
0	14
0	5
0	4
3	3
0	3
0	4
9	3
0	4
0	3
0	3
0	3
18	13
0	0
0	13
0	5
0	5
4	1
0	1
0	0
1	1
13	1
0	0
99	4
1	42
0	5
1	4
27	27
83	36
0	0
104	5
0	5
12	2
0	0
0	0
0	0
0	0
0	10
0	6
0	10
8	0
0	5
17	9
0	6
0	6
0	0
77	0
0	0
0	91
0	91
0	55
3	48
0	5
0	9
0	9
0	1
2	1
8	2
2	103
0	104
3	104
2	52
81	52
1	0
11	9
0	5
17	0
1	5
0	0
0	2
0	1
0	2
0	1
11	2
4	0
0	1
0	0
0	0
0	11
0	2
0	0
0	0
1	0
0	8
7	11
232	2
0	2
7	7
0	7
1	1
0	1
0	1
0	1
0	1
0	1
0	1
0	1
0	1
0	1
0	1
0	1
0	1
0	1
0	1
0	1
0	1
0	0
0	0
0	0
0	0
0	0
0	0
0	0
0	0
0	0
0	0
0	0
72	10
0	1
0	0
0	9
0	0
0	0
32	21
26	20
0	15
0	15
170	38
0	5
0	0
0	33
4	1
0	18
8	0
0	0
64	8
0	8
37	5
0	5
0	21
0	7
0	7
4	0
0	0
0	0
0	0
338	50
3	47
0	50
0	50
6	46
0	5
3	20
0	0
0	0
3	17
0	1
0	0
0	0
0	0
3	12
0	6
0	0
0	6
0	8
19	7
1	7
0	4
9	8
0	9
70	12
0	6
12	19
0	18
3	0
0	0
0	0
6	0
0	13
1	7
31	3
7	8
65	1
6	1
38	7
0	3
0	0
0	3
3	0
0	0
15	36
0	29
0	7
7	0
0	0
5	0
0	0
12	0
2	0
3	14
0	14
0	0
0	0
0	0
1	0
74	29
3	30
0	2
1	1
0	1
0	1
0	0
0	0
8	23
1	4
4	19
2	2
0	2
24	30
106	30
0	10
0	0
0	0
3	0
0	0
1	0
0	0
0	0
0	0
0	0
0	0
2	0
0	4
0	15
0	30
0	15
5	23
391	106
0	106
1	7
6	0
0	0
1	8
0	8
126	21
0	21
0	5
0	96
1	96
0	0
10	3
5	0
0	1
0	1
19	0
0	0
7	20
0	20
1	19
7	24
4	0
0	21
16	0
4	168
0	168
0	162
0	162
7	167
8	3
0	8
0	8
13	6
0	5
1	5
0	6
0	6
0	6
0	5
63	5
0	5
0	6
0	5
0	6
0	5
0	5
0	5
0	5
0	5
0	5
0	0
0	0
0	4
17	9
0	1
0	6
117	109
0	37
1	72
0	0
2	11
0	11
4	0
0	3
0	0
0	221
9	116
2	8
0	44
4	4
6	218
4	100
1	100
0	100
0	50
3	44
103	124
0	124
3	0
0	2
0	0
1	0
0	47
44	0
0	0
0	0
0	0
0	0
16	1
0	1
0	0
0	0
0	0
0	0
0	0
253	237
0	156
0	122
0	171
413	258
13	180
0	308
0	255
2	0
2	1
10	1
0	171
0	0
73	81
1	20
0	0
3	0
0	1
103	4
0	16
0	54
1218	280
2	53
9	16
0	31
0	4
3	51
4	51
0	0
7	46
4	46
0	30
174	21
46	0
1	0
0	8
13	13
14	11
0	7
0	0
0	0
0	0
0	1
0	0
3	0
0	0
22	0
0	8
6	37
0	12
0	4
0	0
7	25
3	5
0	4
17	50
2	45
0	5
52	1
0	0
4	0
0	0
1	0
3	0
44	9
3	2
96	1
5	1
21	12
0	13
8	8
0	3
18	53
7	21
0	53
0	4
2	21
1	0
0	3
0	3
0	144
0	144
0	144
3	136
0	1
0	7
0	7
0	3
0	3
0	3
0	5
0	2
0	3
0	0
0	0
1	0
0	0
0	0
0	0
3	0
0	5
0	5
0	5
0	5
0	5
0	5
0	0
0	5
0	0
84	2
0	2
3	1
5	0
1	5
9	5
0	0
0	0
0	3
37	3
0	0
0	0
0	0
0	0
0	0
110	91
0	9
0	10
0	9
0	7
8	69
0	84
42	31
0	26
0	24
0	9
0	4
0	31
0	1
4	1
0	1
0	0
0	2
1	2
59	0
1	0
36	15
0	15
2	0
13	0
2	0
3	5
0	0
4	0
0	5
7	1
0	1
29	2
6	1
0	10
0	11
17	94
0	94
0	0
0	7
0	7
0	3
0	5
0	5
0	3
1	2
0	2
0	4
0	0
0	0
0	0
0	0
4	175
0	219
0	75
0	0
0	44
0	0
7	3
12	22
8	22
0	17
17	0
0	4
0	0
0	0
0	0
1	0
78	9
4	9
37	0
33	28
0	27
0	0
1	3
0	5
131	43
8	41
22	5
0	0
0	2
124	48
13	36
6	1
1	3
0	2
0	18
2	18
0	3
0	2
0	2
1	0
0	16
0	4
0	4
0	0
0	1
2	0
0	0
5	0
1	1
1	4
17	5
34	16
0	12
0	5
0	4
2	0
0	0
6	1
0	4
0	4
0	0
43	35
0	34
0	35
1	24
1	14
0	0
144	41
0	29
3	0
0	12
0	0
1	11
0	11
0	0
0	0
0	3
17	2
4	2
0	0
1	0
0	0
7	0
64	0
10	0
6	0
0	0
23	0
12	6
10	6
0	0
0	0
5	0
0	0
0	0
0	0
0	0
0	0
8	4
0	4
0	0
0	0
0	0
0	0
15	1
0	0
2	0
0	1
0	1
0	1
0	1
4	1
119	0
0	0
0	0
0	6
1	0
10	35
0	33
5	33
0	0
2	0
0	0
1	0
0	47
276	47
0	0
0	0
2	8
0	8
90	18
1	17
0	13
0	9
9	10
0	7
0	1
0	1
0	1
33	17
0	6
0	7
1	5
0	34
0	34
0	34
0	3
0	3
3	17
21	17
0	0
0	1
0	1
0	1
0	5
0	7
1	7
0	7
0	1
0	1
0	1
12	0
3	3
0	2
0	3
81	145
0	145
0	0
1	100
1	0
0	0
0	0
0	0
1	0
0	0
0	0
0	1
86	1
3	1
0	3
2	7
150	11
0	7
0	2
0	3
0	7
0	1
0	1
0	1
0	1
0	6
7	6
0	6
1	6
0	6
10	10
0	2
4	1
0	1
0	0
0	0
2	1
0	0
0	1
0	1
39	0
166	7
1	6
2	6
0	8
0	8
1	0
89	14
0	8
0	9
0	14
0	0
0	3
22	3
0	0
8	0
0	3
17	1
217	0
1	10
0	2
5	1
0	1
71	7
0	1
13	13
0	0
0	0
0	0
1	0
0	5
0	2
0	0
0	0
0	0
0	0
20	4
0	4
0	2
0	2
0	2
0	1
15	7
0	7
0	0
4	0
8	0
1	59
0	59
0	0
0	0
6	17
0	0
0	13
20	0
0	1
0	1
0	37
0	39
2	8
32	69
0	67
449	47
0	14
1	13
0	7
458	12
0	4
0	3
4	1
0	0
2	2
0	2
0	2
6	1
31	20
0	20
3	4
1	4
0	0
61	2
0	0
1	0
9	20
0	20
0	15
20	2
0	0
0	0
0	0
0	0
0	0
0	0
0	148
217	148
0	50
5	1
2	0
0	8
4	46
0	25
4	35
4	25
7	1
0	1
0	0
18	1
1	0
0	19
0	1
0	0
0	0
7	5
0	19
3	18
0	18
14	5
0	5
5	8
0	15
0	2
12	15
0	2
16	2
6	2
24	2
0	9
2	0
0	0
0	1
0	1
0	0
5	6
4	5
0	12
0	11
0	3
0	3
0	0
1	0
0	0
0	0
0	0
83	5
3	4
0	2
0	2
0	0
11	0
37	49
0	44
0	5
15	5
6	0
0	5
0	49
1	9
17	9
0	5
1	3
0	3
4	2
26	8
1	3
0	21
2	7
3	19
0	12
0	22
0	0
5	0
0	0
0	37
6	19
0	6
0	6
0	5
0	3
35	3
0	3
0	5
0	5
0	5
126	1
0	0
148	10
2	1
0	2
0	2
18	2
0	2
24	0
26	0
15	7
0	7
4	8
0	0
2	1
0	2
0	5
0	5
1	5
0	17
1	16
1	4
0	0
0	1
0	4
0	0
3	0
3	0
0	0
30	0
0	0
1	0
0	0
0	0
0	0
0	0
0	1
0	0
0	0
0	1
24	48
0	0
0	48
0	10
18	3
1	0
0	2
3	0
4	3
0	3
54	0
5	13
0	3
0	13
0	0
0	0
0	13
1	6
34	8
0	5
0	0
0	0
0	0
0	2
0	1
0	1
0	0
0	0
0	0
0	0
0	0
0	2
0	2
0	8
0	11
0	4
0	11
0	11
0	7
0	11
5	340
0	56
0	5
0	2
0	0
0	0
0	0
0	0
0	0
4	0
0	340
0	340
0	340
3	29
0	10
0	9
0	25
0	0
1	0
0	10
232	13
0	0
0	0
0	16
8	14
4	18
17	4
0	1
0	5
0	1
0	4
0	6
4	0
0	2
0	3
0	3
0	1
0	0
0	0
4	0
0	41
0	39
4	34
0	3
0	0
10	10
38	10
0	0
0	0
3	9
42	5
0	4
2	0
0	0
0	1
0	1
0	1
0	1
0	1
0	0
0	1
0	1
1	1
5	6
0	15
0	6
106	9
12	47
254	43
8	37
0	21
0	0
3	9
0	0
2	0
22	5
1	10
6	47
0	3
2	3
0	0
0	1
0	1
47	89
0	89
0	49
0	0
0	0
1	0
0	10
0	0
0	7
0	10
0	0
0	10
6	102
0	91
0	91
0	13
0	0
0	0
2	0
0	0
0	0
0	11
5	0
0	12
0	11
3	12
1	0
0	0
0	4
0	1
4	13
0	1
72	21
0	1
0	1
0	1
0	1
0	1
0	1
0	0
0	0
134	0
12	326
0	0
3	0
3	0
2	0
3	0
0	326
0	1
0	20
4	21
2	4
3	4
0	3
2	0
0	0
0	0
0	2
0	7
0	1
0	1
0	1
0	0
0	0
925	172
27	186
40	87
0	1
0	13
0	11
0	11
0	11
0	0
87	3
5	13
1	5
7	5
0	6
3	61
3	61
0	0
0	7
0	8
0	48
29	8
0	0
1	3
12	45
0	8
0	1
0	3
0	3
3	3
106	113
0	1
3	0
0	0
0	4
2	11
0	0
0	0
0	0
201	17
0	17
54	41
0	4
0	34
89	3
0	1
0	1
0	2
139	40
1	6
0	6
2	64
0	74
0	36
0	0
15	11
0	11
0	1
56	1
19	11
0	4
3	0
0	10
0	63
0	14
6	4
0	2
0	4
0	1
0	1
0	1
0	0
0	1
0	1
0	64
88	2
0	1
2	1
0	0
0	1
1	0
0	0
1	13
0	11
2	0
1	10
6	22
0	14
0	1
73	15
13	15
0	0
12	35
0	35
1	22
0	2
0	0
8	0
0	2
0	0
0	0
0	2
0	2
1	2
0	2
1	1
0	18
0	22
1378	298
0	17
0	21
0	17
0	11
6	9
9	10
3	4
0	0
0	3
0	0
0	0
5	0
4	0
0	24
23	17
67	158
1	0
2	1
0	0
0	10
0	11
0	26
100	31
0	129
0	27
0	0
0	2
0	2
0	2
0	8
4	6
1	3
3	0
215	0
34	1
1	1
0	4
1	0
16	3
146	3
0	2
0	0
10	2
4	1
3	2
2	1
5	40
37	146
0	0
48	196
37	27
0	27
0	2
0	0
1	20
0	17
14	24
5	24
0	0
15	0
0	0
0	0
1	0
172	1
0	0
40	16
5	1
36	18
0	18
0	0
0	0
0	1
13	9
0	7
0	7
2	0
2	1
0	3
0	0
0	0
71	0
1	0
0	0
0	0
0	0
65	0
0	0
0	0
1	0
0	0
0	0
68	92
0	92
3	63
0	63
0	45
0	41
0	38
0	0
0	3
0	0
0	0
0	0
0	0
0	0
16	3
0	3
0	2
0	3
0	3
0	2
0	185
0	255
0	1
0	15
0	11
0	9
4	0
0	0
99	35
4	35
0	20
0	20
0	10
11	47
0	29
0	36
0	0
2	4
19	10
3	3
2	3
8	2
11	10
0	10
0	0
0	0
0	12
0	12
0	3
0	7
0	3
0	3
1	0
1	0
0	11
0	11
11	299
44	299
7	0
0	2
0	2
633	162
0	31
2	3
0	131
33	20
0	13
10	1
0	0
3	0
0	0
0	0
2	3
0	0
0	17
0	1
8	4
0	4
0	1
0	1
0	1
2	0
9	2
0	2
2	10
0	6
9	1
20	44
11	56
2	35
0	52
1	0
0	0
0	13
0	13
1	0
1	0
9	0
0	0
0	0
0	0
1	0
0	13
0	9
0	9
0	9
0	9
0	9
0	2
22	15
82	15
0	6
6	3
0	75
0	69
0	7
0	10
0	0
0	0
0	0
0	0
0	0
3	2
0	75
7	106
9	106
0	12
5	23
0	2
0	2
0	2
0	0
0	11
0	0
37	0
0	0
0	0
0	0
0	0
0	0
2	0
1	0
0	0
2	0
5	0
88	1
0	1
1	0
5	0
0	0
19	86
0	72
0	59
1	60
0	69
0	50
35	5
0	0
0	0
0	0
0	1
0	1
8	7
0	1
0	0
0	0
0	4
0	3
4	0
0	5
0	1
0	30
0	31
0	31
0	1
0	0
0	30
0	1
77	0
85	0
0	0
0	0
0	2
0	2
0	0
0	0
0	2
1	2
0	2
0	2
0	2
0	2
9	2
50	76
0	51
6	47
0	0
0	8
5	45
67	10
0	50
29	13
1	0
0	2
3	11
13	0
0	5
0	7
0	0
0	0
4	30
0	0
6	19
0	6
4	2
0	19
14	1
86	7
16	17
1	0
1	0
0	0
0	1
0	1
10	0
31	0
0	11
0	11
0	2
2	3
34	3
0	1
0	0
0	7
0	98
0	9
0	18
0	44
1	36
0	23
0	50
0	96
0	0
0	0
0	0
3	0
12	12
0	10
0	2
0	10
0	6
0	11
4	22
0	0
0	9
0	0
0	0
3	13
32	11
21	11
20	7
1	0
0	7
0	0
1	12
2	12
0	10
0	0
2	0
0	7
71	7
0	0
8	7
0	7
0	0
0	0
0	0
1	0
58	74
2	70
16	70
115	32
16	29
8	0
0	0
0	0
0	4
1	3
0	3
2	0
0	0
5	0
4	1
9	0
0	0
0	0
1	0
0	20
226	47
0	9
1	0
0	0
1	0
0	0
6	13
2	22
4	1
25	2
6	0
51	0
7	0
0	0
0	22
0	22
0	11
0	4
3	4
0	0
0	1
0	0
3	0
35	24
0	24
55	4
0	4
57	0
2	0
5	4
0	1
0	25
9	12
3	0
0	0
0	42
0	50
17	50
0	29
0	0
0	25
6	44
28	14
3	19
0	20
123	22
0	14
0	4
0	2
1	0
0	0
1	0
0	0
0	2
0	10
0	10
0	9
0	10
0	10
0	4
98	1
2	1
0	0
0	0
0	0
195	1
0	0
1	2
0	2
13	4
0	2
0	9
6	9
25	0
183	36
0	3
99	12
2	14
0	35
0	35
0	5
0	2
0	10
1	14
4	34
0	17
0	5
0	3
0	7
0	4
2	1
0	3
0	3
0	0
0	0
0	0
0	0
0	5
0	5
0	5
0	1
0	6
32	6
0	6
0	0
10	0
16	16
0	0
0	16
0	10
0	7
0	7
0	11
0	0
0	2
0	2
14	2
1	1
0	2
0	2
1	2
75	5
0	5
1	0
9	34
0	26
0	25
0	2
56	52
3	44
0	51
0	35
0	35
0	0
0	0
1	0
0	0
0	0
0	0
2	15
0	0
2	0
0	15
0	15
12	19
0	0
1	0
0	0
0	10
0	1
0	13
24	7
0	4
0	0
62	33
135	30
1	12
0	31
0	0
0	0
0	0
0	8
0	4
0	4
0	8
0	8
0	8
2	0
0	0
1	3
0	3
0	3
0	3
0	0
0	0
0	14
19	86
3	86
3	2
0	2
18	16
0	16
0	16
0	16
0	2
0	20
12	21
0	17
0	12
0	7
3	5
1	0
0	1
0	0
0	4
36	0
97	9
38	9
0	9
0	0
1	0
0	0
12	1
2	2
0	2
0	2
0	0
0	1
0	1
0	8
0	8
18	0
14	2
0	5
1	0
0	2
0	0
0	3
0	0
0	0
3	0
0	3
0	5
0	8
1	9
0	7
133	2
0	1
79	5
0	5
0	0
26	5
0	5
2	0
1	0
10	3
0	12
0	11
3	12
0	2
1	18
0	11
0	0
0	1
1	6
27	1
0	2
2	0
0	6
14	0
1	0
0	4
8	0
0	4
2	30
0	29
6	45
0	30
0	40
0	0
183	0
0	0
5	3
0	2
0	1
0	1
0	1
4	0
0	0
7	1
1	1
2	1
0	0
1	1
0	5
0	5
20	42
0	42
0	21
1	1
1	1
5	1
0	1
0	0
0	16
2	16
0	0
0	0
0	0
0	0
0	0
3	12
0	0
0	8
85	161
0	127
68	168
0	21
0	15
0	77
17	90
0	161
1	16
0	3
0	0
0	0
0	0
0	0
2	11
0	1
0	0
0	11
0	12
1	0
0	0
3	1
1	12
0	11
0	12
9	11
0	14
0	7
2	8
3	1
0	1
0	4
231	103
0	0
0	2
2	2
393	101
2	0
0	8
0	0
151	7
0	1
0	1
0	1
0	1
0	1
0	1
0	1
0	0
0	0
0	0
0	0
0	0
149	35
85	35
11	23
8	48
14	60
0	74
9	5
0	0
0	0
1	1
0	2
6	1
2	0
59	52
0	68
0	13
52	13
0	11
3	0
0	2
43	18
4	9
2	7
17	9
11	22
0	22
0	9
0	0
4	0
0	0
0	1
0	1
6	1
0	1
0	0
0	0
0	0
0	1
0	3
0	3
30	23
2	1
129	18
0	18
2	10
0	4
7	1
0	1
152	0
1	3
2	3
1	0
0	0
0	2
0	0
25	30
1	22
0	20
0	21
2	27
0	16
0	14
0	7
0	0
0	0
0	148
21	203
0	98
0	86
0	0
0	3
0	3
0	35
3	35
0	1
0	1
0	1
5	1
0	98
0	98
2	9
0	1
0	0
0	0
8	18
0	4
16	15
0	8
0	5
0	15
0	25
194	9
34	8
4	0
23	222
0	7
11	221
1	2
61	53
14	50
9	16
6	4
0	4
0	4
0	0
0	3
0	19
13	23
0	7
8	7
0	5
39	7
6	14
0	12
2	7
5	5
0	1
5	0
0	0
0	2
0	0
25	2
0	8
0	8
0	8
0	4
0	6
1	1
1	6
0	1
100	6
0	6
0	6
386	5
0	4
1	20
0	16
0	3
4	13
0	27
5	28
1	14
0	14
10	24
4	24
0	23
0	21
4	1
0	1
0	1
0	1
0	16
0	67
2	73
29	2
2	0
4	84
3	6
0	6
0	6
6	2
4	6
0	6
4	0
0	0
74	63
16	29
0	1
0	1
0	0
72	28
0	40
318	90
52	54
0	51
3	0
19	0
0	0
7	0
0	5
0	19
0	7
0	0
15	6
0	0
0	3
0	6
11	14
7	1
3	2
0	0
7	0
37	0
1	0
20	7
1	3
1	0
0	1
1	22
0	16
0	22
0	22
1	1
170	16
3	0
0	16
0	4
4	277
0	277
0	277
8	360
0	13
7	1
0	368
2	8
0	8
2	3
6	0
0	0
90	67
1	59
0	14
0	22
0	17
8	3
5	0
33	0
37	16
0	9
2	11
0	1
0	0
0	0
0	0
0	0
51	30
1	26
0	30
5	6
2	0
0	0
8	0
1	1
0	3
0	3
0	3
0	1
1	0
0	0
0	0
0	7
9	8
2	8
1	1
1	0
0	36
0	0
8	36
0	0
62	0
31	1
1	1
0	1
0	6
0	6
0	6
0	6
0	6
0	5
0	29
89	28
0	8
0	2
0	8
11	6
0	0
0	0
0	0
0	0
8	0
0	1
0	0
0	0
53	9
0	29
0	25
2	25
12	6
14	0
0	6
0	0
26	1
0	48
0	53
0	33
0	1
0	0
0	0
0	0
9	4
1	6
0	6
0	8
0	6
0	3
0	3
0	3
0	4
0	0
21	0
0	2
0	0
1	0
0	63
47	63
7	5
0	3
0	4
0	4
0	14
0	14
0	14
0	14
0	0
0	0
0	1
0	2
0	2
0	2
0	3
0	19
0	19
0	5
0	2
0	5
10	4
0	1
2	4
0	4
0	10
0	7
0	10
0	10
10	0
0	0
0	3
0	0
0	0
0	0
3	3
3	0
0	0
0	3
0	4
5	0
3	11
33	1
0	1
46	35
8	41
0	26
0	23
0	22
0	23
0	18
0	11
0	13
0	10
0	13
0	5
0	8
0	12
0	2
0	0
0	7
31	2
0	1
0	0
37	4
9	4
2	0
2	15
0	15
0	1
0	0
0	1
0	38
48	38
0	4
0	4
6	4
0	0
0	2
0	2
1	0
0	0
51	14
115	28
28	163
0	7
0	33
0	2
0	2
0	2
0	2
6	4
2	0
0	0
0	2
4	2
0	86
0	86
0	1
0	1
0	0
0	0
2	49
0	0
4	5
154	400
13	133
0	112
0	1
0	24
9	88
62	397
0	399
0	11
0	14
0	11
0	9
5	0
0	0
0	5
0	0
5	0
1	0
0	0
1	0
0	5
0	12
0	43
0	12
0	1
0	43
0	8
0	8
0	2
0	0
2	0
0	0
17	16
0	0
3	5
0	7
4	99
0	40
1	0
0	0
0	0
2	0
0	12
0	0
0	0
0	43
0	87
6	92
0	3
18	1
0	0
0	0
0	0
0	1
1	1
0	19
3	20
167	30
0	12
1	9
0	28
4	0
4	19
57	0
11	3
1	1
3	3
1	3
0	2
0	0
1	10
0	10
0	0
0	0
0	0
22	4
16	4
0	5
0	5
0	4
3	0
77	0
0	0
0	0
0	18
2	14
6	75
0	14
0	14
11	1
0	0
0	2
0	1
0	2
1	0
2	14
0	0
4	0
0	0
15	7
0	7
3	0
1	0
7	1
70	5
0	34
0	1
10	33
0	30
176	0
10	25
0	22
5	17
114	0
255	39
23	1
0	24
0	24
2	18
0	0
0	1
1076	6
4	3
19	3
0	3
10	303
580	306
22	5
0	5
17	0
7	14
0	15
0	6
0	23
0	26
0	25
0	7
0	2
0	0
3	19
18	7
3	0
15	0
0	0
1	11
0	7
1	4
0	4
0	10
1	10
0	10
5	10
0	0
1	15
0	7
2	15
0	15
17	0
0	52
1	275
0	271
0	168
0	145
3	129
20	36
0	5
0	0
0	0
1	0
2	0
19	0
0	0
0	0
5	43
0	0
43	2
1	0
0	1
0	1
3	0
0	14
21	14
0	0
1	30
0	0
8	0
16	2
0	0
0	6
0	6
12	12
0	19
0	3
0	4
0	0
10	0
0	0
0	1
0	1
0	0
41	31
12	13
0	11
0	8
0	18
0	1
4	0
0	0
0	17
0	10
1	3
0	22
3	3
0	1
0	3
0	3
0	2
0	2
0	2
0	2
0	21
21	1
0	0
0	0
0	0
54	27
0	27
57	2
3	65
0	52
2	65
0	35
0	3
2	2
9	2
0	2
0	2
0	2
0	2
0	2
0	37
0	38
0	34
2	10
0	9
0	1
6	3
0	1
0	1
0	0
0	0
35	100
64	106
0	35
64	4
3	0
0	0
0	0
25	4
5	30
0	5
0	25
0	3
0	4
3	2
0	11
0	1
0	2
7	21
1	22
0	2
0	0
42	0
55	111
2	0
0	48
59	69
0	0
0	0
13	378
0	0
3	20
16	101
0	13
0	8
69	362
79	0
21	3
0	1
0	0
4	0
40	2
127	0
0	0
9	158
1	150
244	8
54	0
1	1
4	77
4	7
0	3
0	37
0	0
0	0
0	0
0	3
0	3
0	0
25	95
1	4
26	3
5	7
53	21
0	21
1	0
0	6
283	6
9	0
6	0
28	3
0	3
0	478
0	478
0	16
0	15
0	1
17	3
0	2
0	0
0	0
0	4
6	51
0	59
122	5
0	3
0	1
2	1
2	2
5	0
0	0
1	0
0	0
102	0
1	0
3	0
11	21
6	17
17	14
0	7
2	3
0	3
0	2
0	2
0	0
0	2
6	9
0	9
281	45
3	11
50	2
0	0
0	0
0	5
0	0
11	0
8	16
0	7
5	20
29	21
22	14
0	29
35	15
0	8
0	4
0	3
17	148
6	2
0	116
0	116
0	128
0	0
2	0
52	93
0	190
4	172
25	6
3	2
0	6
0	9
0	9
0	8
0	9
6	3
38	4
0	2
0	2
35	3
0	2
0	12
14	133
0	121
0	45
6	29
0	2
0	0
0	3
0	0
0	0
0	3
1	10
20	2
0	0
0	0
0	2
0	0
1	3
0	3
0	0
0	0
0	0
0	0
0	0
0	0
0	0
19	19
0	18
0	12
1	0
0	6
0	6
0	6
0	6
0	0
56	0
18	42
102	161
45	1
7	124
0	1
0	4
0	7
71	119
0	164
7	45
9	0
5	127
0	127
0	44
0	1
0	0
0	0
0	0
3	0
0	93
0	0
1	0
0	0
0	0
0	0
0	0
0	0
22	0
0	2
0	0
0	0
0	0
0	2
34	54
0	72
30	71
9	35
0	4
256	12
0	2
5	15
13	6
0	0
0	2
3	54
1	59
4	59
0	49
0	40
0	7
43	0
0	6
0	0
26	1
0	1
3	0
0	0
3	0
0	0
0	0
0	5
3	0
5	5
0	0
2	3
53	2
4	0
3	1
5	1
0	10
0	7
0	1
0	6
0	4
0	7
3	0
4	3
1	21
0	11
0	71
0	16
0	19
0	1
67	6
7	6
0	0
4	0
30	9
41	9
0	30
0	30
1	3
1	1
62	1
7	1
28	1
0	0
0	1
0	0
1	4
0	0
0	15
0	16
0	15
0	12
0	3
0	1
0	1
0	0
0	0
0	0
6	0
0	1
0	4
4	32
0	32
0	30
1	26
0	4
1	0
2	0
0	0
0	2
0	1
1	0
85	21
0	18
0	10
4	12
56	13
0	12
0	13
0	12
0	13
0	15
0	15
1	13
0	13
0	13
0	12
0	11
0	1
0	2
0	2
11	0
33	0
26	8
0	5
52	10
0	6
0	0
0	0
0	3
0	0
0	1
0	0
2	0
0	0
0	0
0	0
12	0
0	0
0	0
4	0
73	117
10	106
0	102
0	1
2	1
0	0
0	0
13	1
0	1
0	34
11	66
0	1
0	0
0	1
2	1
0	2
0	42
4	8
1	0
0	62
0	3
0	3
0	30
37	26
0	12
0	3
0	0
0	26
6	1
1	1
0	0
8	0
76	0
25	31
6	13
23	13
0	0
7	9
0	9
29	19
0	8
3	14
1	2
0	13
0	12
140	21
1	9
1	0
21	16
2	16
0	3
15	16
0	0
1	0
0	0
78	0
80	38
0	9
4	0
0	34
0	23
2	5
56	104
7	0
0	0
4	96
0	53
23	5
5	5
4	0
0	0
11	31
0	3
27	1
0	0
0	1
3	0
0	0
0	0
8	74
0	74
0	3
1	0
0	3
6	10
88	668
0	668
7	0
0	0
0	0
0	0
0	22
0	22
0	16
6	15
0	14
0	0
0	4
2	5
0	1
0	0
3	0
0	0
0	0
0	0
151	0
0	10
1	12
5	66
0	66
2	29
0	28
0	4
0	12
0	4
0	1
14	7
0	30
0	6
0	1
0	0
0	0
0	0
0	0
1	0
6	0
6	42
0	75
0	26
0	44
0	16
0	8
15	1
12	2
5	28
37	0
0	39
0	4
0	6
0	6
0	6
8	3
0	2
48	2
11	2
0	0
4	0
1	1
0	1
0	0
0	0
0	0
0	0
16	2
3	23
0	25
0	25
0	27
0	0
0	6
0	0
0	4
78	0
0	2
0	1
0	2
28	22
0	5
9	12
5	5
0	3
0	2
0	9
0	0
0	9
44	2
0	5
0	5
26	1
1	1
0	0
2	0
1	0
1	42
13	34
0	13
0	2
20	6
2	0
0	68
0	10
0	5
0	2
0	7
1	0
2	12
0	1
0	23
0	24
0	68
0	1
0	6
0	6
0	0
0	6
6	2
7	0
0	0
0	1
1	0
0	1
0	0
0	2
0	2
49	21
4	29
5	6
0	6
0	23
14	0
11	91
0	91
174	44
1	0
0	1
0	1
0	3
0	1
0	1
0	0
0	3
0	5
0	5
4	5
3	7
0	3
0	3
1	2
0	1
24	11
0	11
9	27
0	2
0	2
0	1
0	1
1	1
46	60
0	0
1	19
0	70
20	22
12	70
30	19
45	2
2	0
15	4
0	7
0	4
0	6
2	3
8	1
1	0
3	1
0	117
2	119
0	94
1	2
0	0
0	0
0	0
0	119
0	20
1	3
0	6
0	17
4	0
16	16
0	16
0	19
0	17
41	16
134	14
3	11
0	0
1	14
0	14
4	0
0	0
0	12
0	0
0	4
32	1
3	5
8	13
0	3
2	2
0	2
0	2
3	0
0	1
0	1
2	0
0	0
0	0
7	0
0	9
25	10
0	9
10	10
0	9
0	9
0	3
23	1
4	1
2	6
0	11
0	5
0	5
16	32
0	12
0	27
8	27
0	27
9	24
0	25
45	30
9	23
1	21
0	15
0	10
0	9
0	17
0	6
0	1
0	6
0	6
0	6
0	6
0	1
11	6
0	7
0	6
0	0
8	11
8	21
2	6
0	27
94	103
0	0
9	73
0	7
1	75
3	0
2	9
5	6
0	9
0	0
2	0
0	17
10	17
2	0
0	0
0	0
12	6
1	6
0	0
10	0
11	0
0	0
0	0
5	0
27	0
0	1
0	0
0	0
11	0
5	0
5	6
0	1
1	7
5	4
0	73
0	97
0	173
0	174
0	189
3	16
0	0
0	89
0	0
0	155
0	177
0	189
127	0
55	40
0	40
2	52
11	57
0	1
0	26
0	1
1	1
14	2
23	1
8	30
223	25
1	25
8	19
35	19
32	93
13	51
0	60
0	0
14	105
0	0
4	0
4	42
5	34
0	93
0	15
1	0
2	0
0	25
12	25
16	4
0	17
0	7
0	7
0	12
25	10
0	1
0	1
8	8
1	22
3	14
221	0
0	0
0	18
3	30
0	24
1	16
16	2
2	1
0	1
46	31
0	1
0	0
0	0
3	27
0	1
0	1
0	1
0	1
0	1
0	1
6	1
0	4
3	5
0	1
0	0
0	1
5	35
0	0
0	0
0	2
0	2
0	0
4	1
0	1
0	95
0	12
8	95
8	68
2	20
0	56
185	114
0	0
0	0
0	11
0	55
222	106
1	70
0	36
5	0
53	16
0	4
2	7
0	2
8	3
0	0
3	1
0	3
23	14
32	14
0	14
0	14
3	14
38	0
0	23
0	79
0	39
0	30
0	21
0	54
0	10
0	8
2	0
3	1
0	1
0	19
1	3
0	14
1	79
6	3
0	0
0	0
4	0
0	0
0	0
2	0
0	0
3	0
1	0
0	3
0	3
0	2
0	2
18	2
0	27
0	31
15	6
0	9
0	1
5	0
7	2
47	0
0	4
0	0
4	4
2	4
3	1
7	2
0	1
0	1
0	1
0	1
0	1
0	1
0	0
0	0
42	2
0	0
3	0
4	2
1	20
1	20
0	8
0	4
8	1
2	12
10	2
0	2
0	1
0	1
0	1
10	3
0	0
1	0
14	72
0	72
0	6
0	41
0	1
115	26
0	4
0	4
0	4
7	9
0	9
0	20
2	20
0	0
0	0
0	0
0	7
0	7
0	113
50	113
0	44
2	64
0	0
0	56
0	27
0	187
0	187
0	72
31	1
3	1
0	1
0	1
0	1
0	1
0	40
57	0
0	0
155	25
0	0
4	4
3	5
0	4
0	26
0	1
0	3
0	3
0	3
0	3
27	25
0	4
57	46
0	6
0	0
0	1
27	0
2	0
0	0
0	0
0	0
0	0
0	0
3	0
0	0
22	0
0	8
0	8
4	5
0	3
1	0
3	0
75	0
0	0
1	0
4	11
0	7
2	4
15	64
3	5
0	0
0	0
26	0
24	12
0	0
0	0
3	0
0	0
214	76
14	1
1	1
2	12
0	12
3	5
0	5
0	4
0	0
0	3
0	3
13	3
0	0
0	3
0	0
2	0
0	0
0	0
0	0
1	3
0	2
0	0
0	1
0	3
0	2
25	8
0	8
0	0
0	0
20	4
0	1
20	0
3	0
0	3
139	240
7	196
0	202
8	0
1	2
6	29
0	29
5	30
0	25
0	4
0	2
0	0
6	7
0	7
26	28
19	33
0	28
0	0
0	4
34	21
0	28
6	7
2	23
0	11
0	11
44	16
2	24
2	25
2	24
4	25
2	14
0	14
0	14
0	0
5	0
0	0
1	0
51	12
0	6
0	6
3	0
1	5
0	0
11	69
0	47
0	50
2	1
0	2
1	70
35	0
0	3
0	3
0	3
0	2
0	1
0	0
0	0
0	0
0	0
0	0
0	0
0	0
25	267
0	0
8	267
0	0
0	3
18	6
0	3
0	0
0	3
0	0
0	0
4	0
1	0
0	0
2	0
1	0
0	0
2	0
6	0
0	0
0	0
0	291
2	0
0	5
0	6
0	33
0	0
3	78
54	147
7	57
8	7
0	4
1	2
8	73
1	0
0	2
0	0
0	1
0	1
0	0
0	0
0	1
0	0
0	0
0	0
0	1
0	1
0	0
3	19
129	19
0	14
5	4
0	0
27	0
9	0
0	15
24	29
36	43
0	20
0	9
0	22
2	2
9	0
9	19
13	17
4	20
0	18
4	18
0	18
0	19
0	16
0	9
11	0
9	5
0	3
0	3
0	3
0	5
0	7
0	16
2	4
0	4
27	46
1	1
0	5
0	5
0	1
0	0
0	6
0	16
14	0
0	1
0	0
0	19
0	6
0	6
0	5
0	0
0	0
0	0
2	0
0	0
0	0
4	0
99	34
0	34
1	4
0	1
20	138
3	146
0	0
0	15
130	34
6	60
88	6
0	23
0	5
0	12
0	10
104	60
0	5
0	0
5	0
0	5
10	63
6	63
54	35
1	3
0	37
0	5
7	0
33	0
0	0
29	12
0	1
6	12
0	6
0	8
0	11
0	0
0	217
7	215
0	215
0	215
0	217
11	0
0	0
2	5
0	4
0	1
0	1
0	1
2	0
0	0
378	260
27	53
0	89
26	56
7	0
3	0
0	2
9	48
4	0
0	0
27	0
0	0
0	0
0	0
0	1
2	0
5	0
0	0
0	4
0	3
0	0
0	0
3	0
0	0
0	4
0	0
9	0
399	1
0	0
0	5
0	10
2	5
2	5
3	0
0	13
1	13
0	2
0	0
0	0
6	0
56	0
234	74
3	74
15	20
0	8
0	12
0	11
0	13
0	22
9	22
0	0
18	126
24	184
0	474
18	567
8	2
0	17
99	5
3	5
6	4
0	1
4	3
1	0
0	2
8	108
0	11
0	108
0	8
25	9
0	7
0	0
11	26
0	26
0	0
0	0
0	1
1	11
0	6
0	5
0	7
18	0
1	0
3	0
0	18
0	0
1	0
0	7
0	0
0	18
21	0
0	0
0	7
0	13
4	16
18	17
0	19
51	0
104	10
0	2
0	10
0	0
1	0
0	1
51	15
0	24
0	9
28	33
565	31
0	36
0	2
5	0
0	4
0	0
0	4
4	0
4	5
0	3
0	8
15	28
0	3
0	28
5	7
0	21
17	19
0	1
8	27
0	0
10	2
0	4
0	1
0	18
79	18
0	17
0	3
0	3
0	1
0	0
0	0
33	3
19	0
31	16
0	12
0	10
0	11
0	2
0	2
0	2
0	2
1	0
0	0
0	0
0	7
0	7
0	7
0	0
0	8
0	8
0	0
39	0
0	35
5	21
0	12
0	21
0	11
0	22
0	0
0	0
0	0
0	0
0	1
0	1
0	0
1	0
0	15
4	5
0	0
0	26
0	0
0	37
0	6
0	0
0	4
0	0
0	0
0	0
2	4
0	2
5	9
0	37
0	130
0	130
0	6
0	3
0	7
9	8
12	6
0	0
3	2
0	1
37	1
53	0
0	0
0	0
0	0
2	3
1	32
4	25
0	29
0	9
0	9
0	3
5	77
12	59
0	44
0	25
0	24
0	1
0	0
0	1
0	1
0	6
1	6
0	9
0	1
7	5
0	1
41	13
0	1
0	0
3	4
13	9
0	8
1	1
0	2
0	1
0	63
12	0
11	0
8	0
0	0
3	0
0	2
0	47
0	0
98	95
1	48
0	0
0	0
0	39
11	24
0	24
0	1
0	0
6	11
0	0
12	56
0	11
0	15
0	3
0	1
0	25
0	4
0	0
0	26
2	53
4	22
0	261
52	97
5	97
0	127
0	12
0	125
0	1
0	0
0	0
0	1
0	1
0	53
5	12
4	10
0	10
8	8
2	1
0	2
0	2
3	2
86	10
0	10
3	0
0	0
5	0
0	12
0	5
0	6
9	2
3	0
6	2
238	0
0	4
20	41
0	41
0	38
2	32
0	18
4	16
2	17
0	0
8	0
14	1
132	0
0	0
226	168
0	168
3	0
4	0
0	0
0	0
0	46
9	59
0	0
0	0
0	56
0	56
25	5
6	0
100	1
64	0
0	55
12	0
0	0
5	0
0	0
236	0
150	98
0	3
3	98
2	20
75	8
0	8
0	12
1	3
0	3
0	6
0	12
2	6
0	2
6	2
9	7
0	5
24	0
0	0
1	2
10	0
12	4
0	13
0	4
7	19
0	7
38	0
2	6
12	13
0	3
0	0
0	15
0	5
0	3
0	5
0	3
0	2
0	2
0	3
0	1
0	2
0	6
7	6
0	226
99	227
0	208
189	120
0	74
0	78
33	8
0	15
0	14
0	0
0	9
0	8
2	0
26	0
0	0
0	237
11	0
0	237
0	0
0	10
3	6
5	10
0	35
32	39
0	0
3	15
0	21
0	0
0	0
0	0
0	0
0	0
0	0
0	0
0	36
75	0
0	30
0	29
0	29
0	91
0	90
0	0
8	0
0	0
0	0
63	50
0	50
0	2
0	2
45	5
5	2
0	0
0	2
0	22
21	22
0	22
0	1
0	1
0	0
0	0
9	0
4	24
0	24
2	2
1	14
0	14
0	1
340	119
577	115
85	103
14	0
52	8
15	2
0	0
0	2
0	0
2	0
0	0
0	64
0	64
0	65
2	19
0	48
8	18
11	0
8	2
0	0
0	0
0	47
10	0
37	93
0	93
0	85
2	7
4	5
3	10
0	5
32	596
0	592
41	92
0	0
53	8
0	2
0	0
0	0
0	4
0	6
0	2
1	2
0	1
4	3
0	1
0	0
45	83
0	83
1	81
0	0
20	51
0	41
0	0
0	46
223	51
0	0
0	0
0	0
0	2
0	2
0	0
0	0
17	29
0	32
0	12
99	12
94	12
0	12
234	0
0	7
0	0
8	0
0	0
0	0
0	47
16	47
109	50
0	24
13	42
0	29
0	29
2	3
0	3
4	0
2	0
1	77
0	77
25	0
0	3
0	3
0	3
0	0
0	0
0	0
0	3
0	0
15	19
0	3
4	0
1	0
5	18
539	19
0	0
4	1
4	0
0	0
0	0
8	0
0	0
1	0
0	0
27	0
10	6
10	1
0	0
0	0
168	20
0	20
0	20
2	10
0	5
1	1
3	0
0	1
0	0
293	16
70	13
0	7
0	3
0	3
0	0
2	3
196	32
0	35
0	10
0	13
0	0
3	0
1	6
0	1
0	0
0	3
3	3
0	0
2	0
9	20
17	43
0	36
0	43
3	0
0	9
20	0
0	0
1	0
0	0
9	0
136	13
0	11
0	8
4	3
0	0
0	1
0	0
0	0
0	1
0	0
0	1
0	1
121	3
0	1
0	2
2	2
5	0
4	0
45	7
0	0
0	0
0	0
0	0
0	0
0	0
0	0
0	0
4	1
0	0
0	0
0	0
19	5
1	0
0	0
2	5
23	64
0	74
0	57
0	10
0	17
0	34
0	13
0	10
0	3
0	3
0	4
0	24
0	6
0	6
24	0
17	4
0	4
0	0
0	0
0	4
0	0
0	0
0	4
0	0
0	0
0	4
3	4
0	4
26	4
0	0
0	7
0	0
0	4
0	0
3	4
0	7
0	0
0	4
0	7
63	46
0	51
0	6
0	1
0	0
0	5
9	0
0	5
0	25
53	44
30	2
0	2
0	0
11	163
0	0
0	5
0	0
0	163
104	0
20	39
10	47
0	11
8	0
12	0
0	0
0	0
0	0
0	11
3	0
0	0
0	0
0	0
0	0
0	0
93	132
0	130
0	114
6	10
26	16
0	3
3	56
0	47
1	0
0	0
1	0
182	459
0	459
5	2
0	1
0	1
0	1
0	4
16	14
19	14
0	10
0	5
0	5
0	5
0	4
6	0
0	4
1	4
0	0
0	0
0	0
0	0
0	0
1	45
1	16
1	8
0	26
0	21
0	45
0	45
0	109
0	175
0	3
0	1
0	0
230	172
0	0
0	0
0	109
14	121
0	122
4	2
8	10
1	2
0	7
8	7
0	27
0	122
31	25
1	26
3	26
0	0
0	24
10	32
0	1
0	7
0	7
0	8
0	0
0	37
5	8
0	37
15	0
1	0
1	0
350	1
0	1
0	0
0	0
0	0
0	0
36	2
0	0
35	2
0	0
0	0
6	15
0	3
0	10
0	1
14	1
29	1
0	9
0	0
0	1
0	0
11	12
70	19
0	19
2	9
452	9
0	1
0	3
0	3
0	9
0	0
0	2
0	2
0	2
10	3
0	3
0	16
0	16
0	19
1	6
0	0
0	0
0	0
0	0
0	0
7	10
1	25
24	25
0	0
0	0
16	22
0	11
97	32
0	32
4	7
3	4
112	4
5	11
3	11
0	0
635	679
5	798
0	188
0	2
0	2
3	8
0	8
0	3
0	63
0	63
5	6
0	3
1	13
4	0
0	0
0	49
0	4
0	2
1	4
8	0
0	0
0	0
0	0
0	11
1	0
21	31
4	31
0	24
16	17
0	23
0	23
0	18
0	2
3	0
0	0
0	0
0	0
0	1
3	27
0	9
0	123
0	123
3	0
0	0
0	94
0	43
0	123
161	1
7	5
45	31
304	20
7	9
0	6
0	25
0	0
0	0
0	0
4	0
6	61
0	395
0	395
0	0
0	0
0	0
55	2
0	0
0	0
0	0
1	14
7	14
0	6
28	6
0	4
0	3
0	1
0	0
0	3
3	0
0	2
0	2
4	0
0	0
0	0
0	0
0	0
0	91
0	87
158	108
8	64
0	36
0	9
0	9
0	0
0	4
0	0
17	0
0	26
0	2
1	0
0	21
0	26
2	3
4	3
5	0
3	8
0	7
85	7
0	2
0	48
0	2
0	51
175	26
2	106
0	114
0	110
0	179
5	84
3	8
0	2
6	2
7	1
9	96
78	12
4	12
0	12
1	12
12	8
0	0
7	11
0	12
0	3
0	1
6	31
0	32
0	32
0	32
58	96
0	97
1	206
80	78
0	51
377	340
0	0
0	158
0	128
0	85
0	6
0	0
16	9
0	9
12	0
0	32
0	88
0	12
37	2
0	1
0	1
0	0
0	0
0	0
0	0
0	2
0	2
0	2
0	8
0	1
0	2
11	2
1	0
1	7
0	5
0	2
5	11
53	16
0	14
0	0
0	1
12	7
0	8
0	7
0	6
5	1
0	0
0	4
0	6
0	0
0	1
0	0
0	0
0	42
9	10
0	3
0	2
0	2
0	4
0	0
0	2
0	42
12	4
0	2
12	11
0	2
0	0
0	0
1	18
0	12
2	0
0	0
0	0
0	0
0	114
0	0
0	3
0	2
0	0
0	0
1	0
19	0
0	0
43	8
2	6
0	33
0	34
0	4
117	30
9	9
0	9
3	8
0	1
0	1
0	0
28	1
18	27
0	26
0	4
1	1
3	26
0	4
0	0
0	0
3	4
1	4
0	56
184	56
0	14
7	31
4	3
0	8
75	8
0	0
0	0
0	9
0	5
0	7
80	181
0	81
72	16
1	16
2	0
0	0
31	2
0	1
4	2
0	0
0	0
0	0
0	0
1	5
4	26
0	24
0	12
0	10
3	3
1	7
0	1
0	7
3	69
0	69
28	1
2	0
0	0
71	50
0	46
11	9
0	61
0	61
4	0
0	0
0	23
0	18
0	18
0	0
0	2
0	0
0	0
0	18
23	7
0	7
0	7
2	1
0	0
96	3
73	3
0	3
0	2
6	0
3	0
0	0
8	0
0	0
0	0
0	123
46	123
3	8
106	21
0	1
0	5
0	15
0	5
0	0
0	1
6	67
2	79
0	1
0	1
55	3
0	2
0	1
0	1
0	25
0	5
21	5
0	0
0	0
0	0
0	5
245	0
0	0
0	0
22	7
0	16
0	0
0	0
0	23
3	0
0	26
19	28
0	2
0	0
0	5
0	8
17	19
0	0
0	19
18	9
56	23
19	3
0	3
79	0
26	0
5	91
8	116
0	91
10	13
61	20
7	4
0	3
0	3
0	4
0	71
0	74
0	5
1	4
0	11
1	51
1	0
0	4
1	0
1	49
0	15
32	13
222	15
0	5
0	5
66	6
32	6
4	0
0	4
0	4
2	2
19	0
0	0
0	0
17	92
0	0
3	0
4	1
0	93
0	0
0	0
4	92
8	32
0	30
0	32
0	0
0	22
20	22
0	22
30	0
0	0
52	126
8	126
14	2
0	2
1	2
0	0
10	11
0	8
5	1
0	1
2	0
1	0
3	3
27	0
7	110
0	0
0	9
0	0
0	0
0	3
28	6
0	0
0	9
0	23
0	23
0	22
0	3
0	1
0	6
9	0
0	12
0	8
8	11
1	0
1	0
0	2
0	0
0	11
0	1
0	1
4	1
0	0
137	0
19	26
0	26
1	0
3	0
0	0
0	0
5	196
8	200
0	40
0	28
0	1
0	0
0	0
25	6
0	0
0	0
0	0
12	0
2	0
2	16
0	16
0	14
0	13
0	1
0	9
0	0
0	9
2	0
0	0
0	2
0	0
0	7
0	0
0	7
0	0
25	4
2	0
11	0
7	0
334	14
0	11
3	8
0	3
0	13
0	463
5	0
2	0
0	474
9	2
0	5
2	4
1	0
0	0
0	3
0	0
6	0
0	0
0	0
0	0
0	0
0	0
0	0
2	0
1	72
0	65
0	0
0	0
0	79
5	14
0	14
2	3
151	14
0	14
0	6
0	152
0	164
0	4
0	0
3	12
0	56
3	57
0	7
3	22
0	22
0	31
0	8
0	1
4	0
5	0
1	2
0	6
0	28
12	31
6	0
589	9
3	0
4	4
0	3
0	3
0	0
1	0
10	11
35	10
0	2
0	1
2	0
4	0
12	5
0	5
0	3
2	0
0	0
20	1
0	1
16	4
0	1
2	1
2	0
0	0
0	0
37	21
49	21
0	6
19	58
0	58
0	43
0	40
9	25
0	6
0	0
0	0
0	0
3	0
0	0
2	25
0	0
9	28
2	0
0	0
0	22
16	22
0	0
0	0
0	21
0	21
4	3
0	2
0	1
2	64
20	63
0	7
0	1
0	1
0	0
0	1
0	0
0	0
0	0
12	0
2	0
0	1
6	3
1	7
0	0
0	2
2	4
7	1
3	3
4	6
19	0
0	0
12	38
0	22
0	38
0	1
0	1
0	1
0	1
0	0
0	0
0	0
0	12
1	0
0	0
0	10
28	0
9	2
0	2
82	6
0	24
48	74
0	4
12	41
0	71
0	76
0	80
0	80
0	0
0	0
0	3
0	5
0	0
0	0
0	30
1	68
0	68
0	54
0	37
0	54
8	0
0	56
338	181
202	181
2	0
1	13
81	22
1	22
2	0
1	12
14	12
1	10
16	8
0	6
0	5
0	2
0	2
3	2
0	2
0	12
14	7
28	3
1	0
0	0
0	0
3	0
0	0
0	0
0	0
1	0
0	0
0	4
10	13
1	11
0	2
0	2
0	0
3	0
0	0
0	0
20	0
0	0
0	0
22	0
22	22
0	15
188	26
0	0
0	0
20	0
3	5
78	48
0	1
0	6
0	14
8	23
0	13
0	19
0	10
1	3
12	3
0	5
0	2
13	11
0	11
0	0
1	3
0	22
0	1
0	20
0	1
0	1
64	0
21	0
0	31
0	216
0	72
46	29
45	30
8	34
89	28
0	0
265	23
0	10
0	5
26	0
3	0
9	0
10	0
0	276
6	7
3	2
0	7
0	0
0	0
0	0
0	3
0	4
0	3
0	4
28	90
0	88
0	7
0	5
102	5
0	1
0	1
0	0
7	0
0	16
36	9
0	2
2	2
281	148
0	47
0	126
22	114
0	9
0	1
1	1
0	0
0	7
1	1
0	109
38	0
9	0
0	42
0	39
0	43
0	67
0	15
1	33
5	18
106	21
0	70
21	13
0	19
0	8
8	7
0	7
9	19
0	19
7	5
3	5
75	28
26	28
73	97
12	36
0	3
16	61
6	77
0	10
0	12
0	13
0	3
2	0
0	0
1	0
0	68
0	4
0	68
0	3
0	4
0	4
30	58
3	57
0	6
49	5
0	4
0	4
5	7
0	8
7	0
0	0
0	0
0	8
0	31
0	48
0	48
0	0
0	0
0	10
0	3
0	0
54	0
0	0
5	2
15	2
127	20
0	7
1	0
0	0
0	9
2	1
0	0
0	0
0	0
0	0
21	1
0	0
0	3
0	0
0	3
0	3
92	304
9	266
24	304
4	43
0	1
0	1
0	43
5	55
0	9
0	0
0	41
0	24
2	5
2	51
11	5
7	0
0	0
5	0
0	5
0	4
0	1
0	1
0	1
0	0
0	3
0	3
0	3
0	4
0	0
0	3
17	3
0	5
51	56
2	51
390	15
18	6
7	1
4	5
13	0
5	11
0	1
5	1
0	0
0	1
73	46
38	46
3	0
10	14
0	4
0	14
0	4
1	12
0	9
18	12
34	2
0	3
0	3
3	0
11	50
12	50
18	21
0	21
52	341
5	340
0	168
3	53
0	0
0	5
0	5
27	3
97	0
5	0
1	16
0	1
0	3
0	5
8	0
0	0
0	0
0	0
0	75
2	18
0	0
0	0
0	3
0	3
0	0
0	4
0	0
1	0
12	18
0	0
0	3
0	11
0	14
0	13
0	16
0	12
0	3
47	0
0	0
0	0
0	0
1	0
135	0
0	0
0	0
25	7
575	7
0	2
17	44
0	8
3	1
3	37
1	18
0	3
0	12
0	0
7	0
0	3
0	0
0	0
0	0
0	2
22	29
0	18
0	24
1	6
6	21
0	2
0	24
0	5
4	5
13	21
0	15
50	21
0	15
0	0
11	87
0	2
0	1
0	52
0	85
0	243
0	244
0	214
0	1
0	0
0	0
0	0
0	250
11	19
95	2
0	3
7	1
0	0
0	1
5	0
2	26
0	0
0	0
140	30
15	49
0	49
0	75
0	68
0	45
0	71
0	50
0	11
0	11
0	0
1	0
1	0
1	0
0	0
0	0
0	0
0	0
4	99
0	99
0	81
2	0
59	10
0	0
0	5
13	10
2	4
20	4
0	2
1	1
0	0
0	1
1	1
7	36
0	23
163	27
1	0
0	1
0	10
3	6
0	0
3	0
1	0
296	563
0	17
27	546
0	212
7	53
2	267
104	167
96	124
1	24
1	104
0	108
7	124
0	117
0	123
2	133
2	14
0	3
1	0
4	33
0	6
0	4
0	22
29	17
1	16
24	5
6	3
0	31
9	1
0	1
0	1
0	0
0	0
560	39
0	38
0	11
1	4
0	4
0	0
0	167
2	167
12	4
1	1
3	0
0	0
0	4
0	4
2	2
0	4
1	3
6	3
2	6
0	5
0	2
0	2
72	17
106	6
0	6
0	0
0	0
0	6
0	2
0	6
0	0
0	0
0	0
0	6
0	4
1	2
0	1
0	1
0	1
0	0
0	0
0	0
0	8
0	2
0	2
0	2
0	0
0	0
7	0
0	0
0	0
7	17
34	12
4	12
0	4
85	4
0	3
0	0
19	0
0	13
20	37
0	15
7	33
12	0
0	0
0	6
11	13
0	13
0	8
0	1
0	7
44	1
0	0
0	1
0	1
0	0
3	39
5	26
0	2
0	2
0	18
5	1
0	0
0	28
136	25
33	9
0	9
19	9
0	13
7	0
0	9
372	104
0	99
253	97
13	74
0	74
0	5
11	0
0	8
0	0
0	0
0	0
6	0
0	0
0	6
21	87
0	10
0	1
1	99
1	94
0	94
0	1
109	51
0	51
8	0
0	0
0	0
1	10
2	9
13	12
0	1
0	0
0	1
0	0
0	1
0	0
4	35
0	79
4	35
9	4
0	4
0	0
7	6
0	0
0	71
0	53
20	3
3	1
0	1
1	1
88	36
0	34
0	20
4	5
0	1
1	0
6	0
0	31
0	5
1	103
0	103
0	0
32	6
0	6
21	4
7	1
0	1
0	3
0	1
0	210
0	210
0	2
0	2
7	0
1	2
6	26
0	14
1	0
0	0
0	212
0	7
4	0
0	0
2	0
0	0
37	0
1	4
10	52
0	52
0	0
1	0
0	0
230	114
10	117
3	0
0	0
0	0
0	0
0	0
0	2
0	0
0	0
10	5
13	0
0	0
0	0
73	1
0	1
0	12
0	9
0	6
0	9
0	9
0	0
0	9
2	208
0	208
236	182
0	0
0	20
0	20
0	0
0	0
4	0
0	5
3	0
1	69
0	23
139	20
0	11
0	16
0	5
0	9
70	76
0	2
0	1
65	5
0	3
17	0
4	6
0	6
0	0
0	0
4	6
0	2
0	8
0	8
0	2
31	1
2	1
0	13
0	0
37	13
1	0
0	4
0	4
3	5
3	5
0	2
0	0
1	0
0	1
0	1
0	1
0	0
4	4
0	1
0	0
0	35
1	34
101	0
0	14
110	54
16	154
0	2
0	7
0	2
0	47
0	46
58	47
31	52
0	54
0	54
7	0
258	0
11	0
68	2
0	2
0	2
0	13
24	34
0	10
0	9
0	6
0	24
0	23
0	0
0	1
13	24
0	0
3	0
2	0
91	0
0	6
28	6
0	91
0	42
0	13
0	26
0	25
13	1
0	26
0	0
1	16
0	23
0	11
0	0
413	226
9	212
0	3
0	0
20	9
303	18
0	9
7	3
0	9
0	28
0	75
7	88
0	0
1	57
2	0
0	7
1	10
0	10
1	1
0	9
0	12
0	1
1	12
1	0
0	0
2	0
355	45
0	17
11	1
0	12
0	0
0	2
0	2
0	0
0	12
0	39
16	10
0	10
2	3
1	0
0	0
0	0
0	3
22	0
0	0
8	0
0	0
0	3
0	0
0	6
14	19
34	19
0	14
21	0
0	0
0	26
17	49
0	7
0	7
1	7
0	7
0	4
0	73
7	0
0	0
2	47
0	0
0	0
0	0
1	7
1	7
56	0
0	0
2	0
0	0
0	0
0	0
1	8
0	8
0	8
0	0
0	0
0	0
0	0
0	28
0	28
20	0
0	0
0	0
28	28
346	0
0	1
0	0
3	0
0	1
7	2
0	13
0	0
0	0
0	0
0	0
0	0
0	0
0	10
7	10
0	0
0	0
0	0
0	0
0	1
24	74
0	72
34	127
0	126
62	4
0	4
0	1
0	4
0	3
15	0
44	0
1	0
0	0
8	4
0	3
1	0
0	0
2	5
0	5
0	1
1	3
0	5
37	9
0	9
0	5
0	119
0	3
0	5
0	8
11	19
9	14
0	2
0	1
0	7
11	132
251	0
1	4
32	39
0	39
3	8
0	30
0	22
2	6
0	1
0	0
0	1
0	0
0	1
0	0
1	19
1	0
0	1
11	1
0	22
0	22
0	65
0	67
39	0
0	1
6	9
0	9
2	0
37	127
0	876
0	752
0	101
0	68
0	10
0	10
0	10
30	10
0	0
0	0
17	6
0	6
46	6
17	24
0	20
0	12
1	0
26	6
0	4
0	4
0	3
0	5
19	3
0	3
0	4
5	7
0	3
0	4
0	3
21	85
91	85
0	0
4	0
0	0
2	13
0	13
1	17
0	4
0	19
0	9
0	9
0	0
0	9
6	21
11	19
5	11
0	0
0	1
0	57
0	96
0	72
0	0
0	17
0	17
0	2
0	6
0	5
0	26
0	26
3	14
0	0
0	9
15	9
2	0
0	3
0	0
4	10
23	10
0	5
0	11
0	9
0	4
0	11
0	9
0	1
0	18
25	19
0	6
43	6
44	5
7	11
0	9
60	5
11	2
5	6
8	0
0	0
1	2
47	370
840	364
0	11
27	95
0	109
0	12
0	31
12	31
46	17
0	39
0	11
0	37
12	62
19	0
0	40
0	15
0	34
0	40
0	9
0	40
0	14
0	3
11	0
1	10
1	2
0	7
0	0
0	10
176	0
0	0
43	0
0	6
0	6
0	11
0	7
0	0
0	0
0	11
59	0
97	59
66	59
1	14
0	14
0	14
0	0
0	0
8	4
0	4
3	4
0	0
0	0
0	0
3	0
21	5
5	0
0	15
4	16
9	16
12	114
0	114
0	7
2	14
0	91
1	91
0	91
0	2
0	82
0	2
28	0
36	83
13	32
0	1
5	30
0	1
0	1
0	0
0	5
3	0
0	0
8	0
0	0
0	0
0	0
0	0
0	6
20	6
0	1
0	0
3	3
4	0
0	0
0	0
0	2
0	2
0	5
0	5
0	5
0	5
0	0
2	0
0	0
0	0
0	5
0	0
7	3
0	0
12	54
0	23
0	1
0	3
1	23
54	10
1	0
0	38
57	3
7	3
37	0
2	0
0	1
0	1
191	343
0	2
0	2
7	13
0	12
0	12
0	13
12	21
0	33
0	33
0	41
0	113
20	113
534	18
0	108
0	2
0	0
0	0
76	37
0	37
1	3
8	10
0	2
0	1
1	0
0	0
0	1
0	1
0	2
15	49
6	37
0	44
0	8
0	0
0	0
0	0
6	0
28	47
0	0
0	0
0	47
0	47
206	0
18	7
0	7
1	3
1	3
2	0
0	0
1	8
0	3
24	1
0	2
0	41
0	0
0	41
0	2
0	2
0	73
101	78
0	16
0	6
0	0
1	0
0	0
0	0
26	0
0	4
0	0
1	0
0	1
0	11
0	1
0	0
0	0
2	3
1	2
0	4
0	0
0	12
0	0
0	18
0	18
0	18
0	6
1	25
137	18
19	37
9	0
254	14
0	3
0	6
10	0
18	42
60	42
1	2
99	0
9	0
0	0
0	0
0	0
0	0
2	0
0	0
0	0
3	38
4	36
0	14
0	17
0	0
0	0
0	88
0	2
1	2
4	2
0	88
31	7
7	7
0	46
0	46
0	46
0	45
6	6
159	0
1	1
0	2
0	2
0	0
0	0
0	46
13	22
0	22
0	0
9	0
23	12
1	12
0	2
0	2
0	2
0	0
0	2
0	2
7	5
0	9
0	4
0	4
0	1
0	6
0	0
35	2
0	0
6	2
1	0
0	8
1	8
0	8
0	0
0	13
0	0
3	19
0	16
4	0
0	0
0	0
1	0
0	8
0	1
2	1
1	8
4	10
4	0
1	1
0	18
0	11
0	5
0	1
0	112
0	113
15	119
2	0
0	0
0	1
3	6
0	6
2	15
0	9
0	7
0	9
9	19
0	1
0	3
2	54
5	48
2	0
3	0
0	0
0	0
0	0
0	20
0	31
0	0
0	0
1	1
11	31
0	2
0	0
0	0
0	7
0	5
2	9
3	10
0	0
0	0
0	0
0	0
0	0
0	0
0	0
0	6
9	6
3	6
8	6
21	29
50	4
0	4
0	0
0	0
0	1
0	4
0	3
13	10
0	1
34	6
233	6
2	12
0	0
0	5
99	13
0	5
31	0
5	9
0	2
1	2
32	10
2	5
0	2
0	0
0	0
87	2
2	47
5	47
0	44
34	1
0	7
0	0
0	10
0	5
0	9
31	19
0	12
0	44
15	21
1043	77
0	162
0	75
0	153
46	167
0	1
0	1
0	1
18	182
406	161
0	0
55	5
7	41
0	37
0	24
3	10
0	7
3	2
0	2
0	2
0	2
20	3
38	3
0	0
0	1
2	4
0	2
1	2
0	5
0	0
7	0
0	6
2	0
123	13
0	7
0	12
0	12
1	4
8	1
0	2
1	12
0	2
5	33
1	207
0	34
0	33
0	0
4	88
0	0
10	0
0	42
0	43
0	4
0	0
1	1
0	0
0	0
2	0
0	40
6	40
2	44
1	5
0	0
0	2
0	1
0	2
0	1
2	1
0	1
0	1
0	0
0	0
0	2
0	16
0	7
0	0
0	5
0	18
0	0
0	2
11	5
5	18
0	0
0	5
0	6
17	7
77	14
0	14
4	0
0	1
0	1
0	0
1	5
0	5
0	4
0	0
15	28
0	1
35	28
0	1
0	0
0	7
0	42
0	42
0	1
0	0
0	2
4	2
0	2
21	136
0	13
1	0
0	135
17	75
0	49
1	9
0	0
7	3
0	12
11	9
8	11
0	75
3	0
0	0
0	0
1	0
63	0
0	2
0	2
49	32
0	0
34	18
0	4
12	81
0	81
1	2
0	2
67	0
14	45
0	45
0	1
2	0
0	2
0	0
0	0
0	0
0	1
15	1
0	0
0	1
0	0
1	4
0	4
0	4
0	0
0	0
0	0
0	0
0	8
0	8
0	10
0	28
0	4
0	2
0	0
0	24
0	0
27	25
0	0
0	2
0	0
3	2
0	2
0	2
1	1
0	1
0	1
1	0
4	0
0	0
0	0
0	0
0	127
3	3
0	127
86	0
14	29
70	38
0	5
0	0
0	8
0	8
0	0
0	0
0	11
54	39
3	39
7	9
6	12
2	8
14	1
0	1
0	9
0	9
1	0
0	0
0	0
0	18
0	0
0	0
43	2
0	0
0	13
0	1
0	0
0	0
38	0
0	5
0	18
0	4
4	17
4	17
0	0
0	3
1	4
14	10
0	4
0	3
0	4
0	2
0	3
6	4
0	3
3	19
12	27
0	17
0	3
0	13
0	3
0	1
0	0
0	17
0	19
18	24
0	15
1	11
0	5
0	1
38	1
26	7
8	38
0	31
0	0
0	38
0	0
0	45
14	30
54	0
0	0
0	0
0	0
0	35
0	35
0	17
0	0
1	32
0	35
2	9
0	9
0	3
2	37
0	37
1	2
0	2
519	0
0	57
0	57
0	57
0	57
18	2
0	64
0	64
2	0
9	0
3	56
1	2
0	56
0	56
2	1
0	55
0	0
2	55
5	8
1	8
5	0
0	7
0	7
0	0
0	2
11	5
4	5
0	0
0	0
0	0
247	99
0	38
7	5
0	5
2	41
1	3
5	30
2	27
21	10
10	10
0	5
0	3
0	10
0	3
0	0
0	0
0	48
0	62
0	87
0	33
0	0
0	0
0	0
0	2
0	0
36	7
0	6
5	6
0	0
0	0
0	0
0	1
0	1
0	0
0	6
0	117
1	19
40	123
0	15
0	1
0	117
43	0
2	12
0	4
0	2
1	1
42	1
0	0
0	0
1	2
0	2
13	27
0	23
0	23
0	23
3	9
0	6
0	6
1	0
4	5
0	0
0	2
0	1
0	0
3	4
57	78
0	71
0	16
8	0
0	0
0	48
0	50
0	6
0	7
0	2
0	46
0	13
0	7
0	3
7	10
0	54
2	0
0	31
5	14
0	31
21	8
3	8
10	7
49	6
0	0
0	1
0	0
0	1
0	0
1	0
0	0
0	1
0	1
0	21
0	16
0	2
0	2
0	2
0	2
4	30
0	0
0	38
0	68
0	25
4	27
8	7
3	8
0	0
2	3
0	0
1	0
0	0
0	0
0	0
0	0
7	12
0	0
1	12
15	0
0	0
45	0
339	2
0	1
8	0
0	0
4	0
0	4
17	13
1	4
0	11
0	4
0	4
0	2
0	4
6	0
0	2
0	0
5	0
0	0
0	0
0	0
3	0
0	9
26	0
1	78
0	1
10	86
1	1
0	9
0	0
0	0
7	13
1	0
2	0
0	0
4	0
9	0
0	1
0	12
0	5
0	5
0	10
0	25
46	26
0	3
0	2
0	0
14	16
4	0
6	0
145	28
0	25
82	28
0	1
1	8
0	5
0	7
0	5
0	2
0	2
0	2
0	1
0	3
0	1
0	3
0	1
0	3
0	1
0	1
0	1
0	1
0	0
0	0
0	0
0	0
0	0
1	4
0	4
228	6
0	0
0	6
0	6
1	6
2	3
5	1
37	2
3	7
30	7
4	6
34	0
13	6
0	0
3	0
19	26
0	26
0	0
0	13
0	13
0	17
0	39
0	39
0	1
0	6
0	0
4	9
0	1
6	1
165	0
58	113
0	105
12	100
0	2
0	0
10	10
0	0
0	8
0	0
0	2
42	2
2	0
0	0
0	0
2	46
1	67
0	24
0	0
0	5
0	0
0	5
0	6
0	2
22	13
50	21
16	0
6	8
0	5
12	13
6	5
28	0
0	5
0	6
5	0
0	0
1	0
1	3
4	3
0	0
1	0
4	7
18	7
0	1
0	1
0	1
0	0
0	2
0	2
0	2
43	0
11	2
0	0
0	2
190	3
0	0
0	0
0	0
0	2
5	2
0	0
0	0
0	0
0	0
85	1
0	1
31	32
17	34
33	0
0	0
4	2
0	1
0	11
0	0
0	0
0	0
0	0
0	0
66	4
5	8
2	22
0	18
0	18
29	23
30	13
0	11
5	20
0	0
6	0
0	0
0	0
2	0
54	7
0	3
0	3
0	0
0	0
0	2
0	2
0	2
138	491
1016	509
16	64
8	217
57	12
0	63
0	59
23	4
0	63
0	1
0	1
0	58
32	170
21	170
4	136
41	1
0	1
20	3
0	14
0	12
20	16
1	0
0	4
0	1
0	4
7	18
68	55
0	8
1	0
0	37
3	3
0	3
0	0
1	0
0	1
0	14
1	11
0	1
0	0
0	2
0	2
0	0
1	26
0	1
0	26
0	0
0	0
0	9
0	16
0	10
0	30
10	17
17	5
1	12
0	0
0	1
0	5
0	20
1	5
3	20
0	4
0	5
29	1
19	0
0	28
0	24
0	14
0	2
0	1
0	9
2	9
7	1
0	9
0	7
3	8
18	8
101	26
0	18
7	13
0	1
2	5
78	44
0	23
9	1
0	21
29	69
0	2
0	0
6	0
0	67
0	52
4	9
0	9
0	0
1	4
16	8
0	8
4	8
0	2
6	2
0	2
0	0
0	0
0	0
0	0
0	0
5	13
37	13
0	0
7	0
0	12
101	22
0	8
0	8
5	40
0	40
92	0
0	15
0	0
0	2
0	15
0	3
0	3
0	3
0	1
1	1
0	1
7	6
42	53
0	50
0	0
0	0
0	12
11	14
93	12
3	4
2	9
0	11
0	14
0	13
0	9
9	12
4	6
0	1
0	1
0	6
0	15
21	33
0	15
0	33
0	4
0	1
0	10
0	0
19	11
0	11
40	17
0	17
0	4
87	3
0	18
0	3
12	1
0	2
35	15
34	42
3	25
0	17
0	0
89	0
0	26
0	20
0	23
0	0
0	1
0	50
0	50
4	9
1	24
2	25
0	3
0	51
0	51
9	1
0	0
7	51
12	66
4	66
0	26
0	2
0	2
2	4
8	25
0	17
0	1
3	3
48	0
0	0
0	0
0	0
0	0
1	0
4	1
0	1
0	0
2	0
1	0
4	0
9	57
0	57
0	26
0	12
0	1
0	1
1	1
0	0
0	1
0	1
0	1
0	0
0	0
0	0
11	0
0	10
0	22
78	206
4	22
0	19
0	5
0	54
0	2
0	0
0	4
0	0
0	0
0	9
2	0
90	43
5	42
0	38
0	32
18	7
0	0
0	2
2	0
0	0
1	0
0	9
34	31
38	28
0	25
0	48
0	0
0	0
2	48
0	40
0	32
0	0
0	0
0	2
0	40
0	32
0	32
21	0
0	0
0	0
0	4
0	0
123	1
0	0
35	3
15	105
0	0
8	108
24	0
72	71
0	125
0	1
12	107
15	3
19	1
0	0
2	1
0	0
12	0
26	189
6	189
5	6
0	3
0	2
6	3
0	1
31	18
0	36
0	39
0	39
4	39
0	54
4	54
39	39
0	0
0	0
0	14
0	6
0	1
0	8
5	8
0	0
0	0
0	9
0	52
0	4
0	45
0	0
0	5
0	8
0	15
1	6
0	32
0	71
12	67
0	55
0	47
0	43
2	16
0	0
0	0
15	3
3	0
15	10
0	0
0	0
0	0
0	10
17	5
0	0
0	1
0	1
0	0
0	0
0	0
0	1
4	5
1	1
0	0
0	0
0	3
1	0
0	0
13	4
0	4
0	1
0	3
49	42
0	1
4	0
1	0
26	0
0	0
0	3
0	1
0	3
0	1
0	1
0	3
1	1
7	0
0	0
2	7
2	7
1	7
1	7
30	3
0	3
7	1
10	0
1	0
0	1
0	7
0	7
6	1
0	1
0	295
12	38
0	185
2	295
0	223
0	237
11	18
5	141
0	41
8	41
123	41
0	0
20	4
0	0
6	0
1	3
0	0
4	0
2	0
0	0
0	1
1	12
0	5
5	5
0	12
4	9
0	0
6	23
0	0
0	22
0	1
0	3
51	287
6	291
5	56
1	44
151	10
0	2
0	45
0	45
1	0
0	10
0	33
0	0
6	24
12	0
17	22
0	2
0	0
8	0
25	22
9	5
4	5
13	70
112	70
0	0
10	0
2	0
0	0
0	0
0	1
18	1
41	1
0	1
0	23
0	20
0	4
231	14
0	2
0	1
1	0
0	0
0	0
2	0
0	0
7	3
0	4
0	7
0	0
0	4
0	0
0	0
0	0
1	5
0	6
0	6
0	0
0	0
0	0
0	0
1	0
0	0
0	58
0	8
0	56
7	0
0	0
3	62
0	56
0	30
166	22
0	1
0	1
30	22
0	86
0	86
0	2
6	64
6	0
1	0
0	0
2	0
28	0
4	0
8	66
3	104
16	78
17	83
2	48
58	86
11	65
37	101
0	45
0	27
0	0
5	24
21	29
0	4
0	7
43	14
0	3
0	0
5	3
2	1
0	1
1	0
0	1
1	0
0	3
6	0
14	19
0	19
19	1
12	17
5	17
0	2
0	0
43	0
7	7
5	7
0	7
0	12
0	12
8	3
0	0
0	15
5	15
0	0
0	0
0	15
0	15
3	0
0	0
20	3
0	3
3	12
0	14
1	2
0	1
0	3
0	1
0	1
3	11
0	8
0	1
3	2
0	0
0	2
0	0
0	1
0	1
0	1
0	1
0	1
0	1
0	1
1	1
0	2
0	3
0	0
0	1
0	1
1	1
43	2
97	7
153	41
0	0
0	0
6	41
2	0
31	733
0	127
0	20
0	20
0	62
0	6
2	700
0	14
0	7
0	21
110	19
19	53
0	2
0	0
0	2
0	1
0	1
3	2
0	2
4	2
0	0
0	30
0	61
0	61
0	0
14	48
0	49
0	0
0	0
0	30
0	11
0	11
17	15
842	116
0	51
0	104
0	114
0	29
6	16
0	11
0	22
0	12
0	5
11	5
0	0
0	2
6	1
0	2
0	4
0	2
0	0
0	0
3	2
0	1
1	1
14	1
1	1
0	1
0	1
3	0
79	30
3	83
0	85
0	2
0	8
33	4
2	0
0	0
0	6
0	7
0	7
303	4
0	2
0	0
0	0
0	15
1	15
0	4
0	0
6	0
43	0
0	6
0	6
0	6
35	5
0	0
0	54
0	16
0	1
4	1
0	53
0	369
17	337
0	0
0	4
0	113
0	242
8	5
24	112
23	28
0	22
0	8
5	5
0	0
3	0
16	188
0	188
8	16
0	1
16	0
0	5
8	9
0	9
14	4
8	8
0	3
0	4
0	7
0	8
4	0
0	0
0	0
0	0
1	39
10	39
0	7
0	7
0	7
11	7
0	0
20	0
5	0
0	32
0	31
0	32
7	43
0	14
6	3
3	0
0	0
1	0
0	0
1	0
0	31
0	4
4	4
0	0
0	0
0	0
501	107
0	107
0	0
0	2
0	3
0	79
0	2
0	23
0	5
17	12
2	6
12	6
0	2
0	4
0	1
1	0
0	23
13	13
0	7
0	7
0	7
0	7
0	18
0	18
0	12
0	12
0	12
0	12
0	5
22	20
0	0
0	3
0	6
0	6
0	9
5	0
12	9
8	34
3	2
17	0
0	0
3	0
3	0
1	0
0	6
5	7
3	6
0	0
1	30
0	34
14	3
0	15
0	0
14	14
2	16
0	16
0	16
0	34
0	23
50	8
0	14
0	17
0	24
0	22
0	41
86	7
0	3
0	0
2	0
0	0
0	0
0	0
0	0
5	1
2	0
0	0
0	49
11	49
0	0
3	19
194	42
37	0
0	0
0	0
102	43
0	43
4	0
27	9
0	9
0	1
63	111
1	109
2	0
80	4
0	7
0	4
0	0
0	3
3	2
0	2
0	2
0	1
30	18
0	1
2	21
1	0
0	9
19	1
0	10
0	9
0	5
0	9
0	7
2	0
0	0
0	0
13	20
8	20
3	1
0	1
9	5
0	5
0	0
3	0
1	5
5	1
1	3
0	3
0	3
0	0
0	0
1	0
0	0
0	0
26	0
0	0
0	0
368	0
0	7
3	10
3	4
0	3
0	40
0	40
0	3
0	0
0	0
0	3
0	3
119	9
0	9
0	2
47	33
20	0
0	0
0	33
0	15
6	1
1	0
39	8
0	0
0	0
0	0
0	19
0	19
0	63
0	65
0	18
18	17
0	10
0	3
16	0
0	0
0	1
0	5
1	0
0	0
0	0
0	0
0	0
0	0
0	0
24	47
2	27
0	28
0	1
0	0
0	0
0	37
0	28
0	40
114	4
110	76
0	76
0	70
0	15
0	34
34	31
0	15
0	3
0	3
0	3
0	3
0	3
3	0
1	3
5	0
26	0
0	3
0	1
0	3
0	5
0	0
0	0
5	0
0	0
0	0
71	3
77	13
0	13
34	79
0	1
0	56
0	79
0	2
0	0
0	9
0	9
0	0
0	5
10	0
0	0
0	46
0	23
0	46
0	3
1	33
0	0
0	0
31	1
0	2
0	2
0	2
0	0
0	0
0	1
0	0
1	2
0	2
0	0
0	0
0	0
3	0
0	39
0	33
0	12
0	1
0	0
0	0
0	0
0	0
0	0
0	0
0	0
2	0
0	0
0	0
1	2
1	0
0	0
0	2
0	2
1	8
0	10
0	13
0	3
1	0
0	0
0	0
0	0
0	0
0	5
2	0
0	0
0	0
0	2
0	0
0	0
0	2
0	1
0	1
4	9
0	9
0	4
0	1
0	1
0	3
0	4
0	4
0	0
0	2
8	35
0	35
1	12
1	0
0	11
63	89
59	92
0	13
0	15
0	16
13	31
0	25
0	5
2	0
3	8
0	0
1	8
0	8
0	8
2	0
2	0
0	0
0	0
121	0
1	1
0	2
0	5
0	5
149	5
1	0
1	1
17	0
0	0
11	0
0	0
144	21
0	0
0	20
45	1
0	0
0	0
0	11
0	63
0	8
9	0
4	7
117	9
17	16
1	15
115	15
1	10
21	16
0	3
15	2
0	2
254	1
0	1
0	0
1	0
1	0
0	25
0	6
0	25
0	6
1	2
24	28
0	2
0	0
0	0
0	0
0	2
0	2
3	4
0	1
2	0
0	1
0	9
0	0
0	9
8	0
0	1
5	10
1	0
0	0
0	0
4	6
0	9
0	6
0	0
0	3
0	3
0	0
0	0
0	37
0	37
0	27
0	27
0	8
0	4
7	0
0	4
0	4
0	1
0	38
1	17
0	15
0	0
12	42
50	38
0	3
0	38
0	11
0	0
1	0
0	0
0	4
0	3
19	11
3	0
0	11
34	9
0	9
0	0
4	0
0	33
0	0
0	0
0	1
7	33
79	6
9	19
0	2
0	5
0	1
0	0
24	4
443	10
0	1
11	0
0	1
0	1
0	2
2	2
0	1
0	1
0	1
23	9
0	9
6	0
19	2
0	2
12	0
41	13
0	10
0	10
0	0
4	1
0	1
0	3
0	2
17	5
0	0
0	0
14	2
0	2
116	0
7	12
0	5
0	3
0	1
32	11
12	4
0	4
0	4
0	4
3	3
173	23
3	23
0	12
0	12
0	4
0	4
9	0
6	13
0	13
0	2
5	2
0	5
0	5
0	1
0	1
36	0
2	0
0	0
0	0
2	1
80	3
0	4
2	4
0	1
8	5
0	5
23	13
6	2
0	0
0	9
0	0
0	20
0	7
0	7
0	0
8	17
0	4
0	7
0	3
0	7
4	5
0	5
14	12
7	0
9	38
0	33
0	26
0	7
0	4
0	6
0	4
13	5
0	0
37	0
0	3
2	3
0	0
2	0
8	0
20	49
4	49
111	12
29	12
0	14
51	13
0	0
0	0
0	0
0	0
0	39
6	14
0	39
96	40
0	40
0	2
6	1
3	1
0	2
0	12
14	37
0	25
2	18
0	1
16	23
38	23
17	0
12	0
0	2
4	2
0	1
0	0
0	0
4	0
2	0
8	4
7	4
10	0
3	5
3	2
20	3
0	0
0	52
0	52
1	0
0	1
0	6
0	0
0	4
0	0
0	6
0	27
3	0
0	30
26	0
3	0
3	0
131	2
0	1
0	0
1	1
13	1
0	0
0	0
2	0
0	1
0	0
3	0
0	8
0	8
45	28
0	23
8	21
0	17
0	7
5	14
0	3
0	0
1	15
3	15
9	12
0	2
0	1
0	8
0	0
0	0
0	0
0	0
0	0
9	21
0	4
0	5
16	26
0	1
7	0
35	56
0	6
0	36
33	58
2	4
0	3
1	17
0	39
2	1
2	36
0	36
1	7
14	7
2	22
0	0
0	0
3	14
0	14
15	14
0	1
0	1
3	38
3	38
5	0
1	7
0	3
0	0
0	0
6	1
0	1
64	16
0	12
0	8
0	7
0	7
0	0
1	8
0	0
0	0
0	2
0	2
0	2
0	2
36	12
0	10
1	6
0	6
0	6
0	8
0	8
0	0
0	9
1	1
6	9
0	2
10	9
79	7
0	3
77	8
11	7
0	2
0	2
3	0
3	0
19	14
2	11
2	10
0	10
0	1
0	0
13	6
0	6
71	11
8	61
0	36
0	7
0	6
0	6
0	101
9	100
10	18
13	12
168	2
7	2
1	2
30	27
3	26
0	27
2	25
0	20
0	21
0	1
0	2
22	0
28	76
0	30
0	20
0	28
0	17
0	4
0	52
1	1
11	1
107	17
0	11
0	18
0	18
0	4
0	7
0	1
1	1
0	0
22	0
2	16
0	5
0	15
0	6
3	6
0	5
3	0
0	5
0	5
0	4
0	5
0	5
0	0
0	0
0	0
22	4
0	6
0	13
0	6
0	2
0	6
1	6
0	1
4	0
32	16
0	16
0	0
1	35
0	36
0	27
7	4
7	2
5	2
2	1
0	1
6	4
1	0
0	0
0	4
0	0
0	0
0	2
23	0
1	20
0	7
7	0
0	1
2	5
22	9
0	9
0	90
0	28
0	88
5	0
0	0
0	14
0	97
4	45
0	45
0	8
5	73
0	72
2	1
19	1
0	0
10	2
0	11
0	2
15	9
0	0
0	12
125	0
7	47
32	47
0	0
0	0
0	0
1	1
10	11
7	1
1	1
0	2
0	2
0	1
0	13
0	9
0	1
0	1
0	1
0	0
0	1
5	129
0	63
0	3
0	1
0	0
10	0
0	0
0	0
10	0
0	1
0	1
0	65
5	0
30	0
0	47
176	94
0	67
1	47
0	8
0	0
0	11
0	0
13	12
0	5
0	8
0	12
0	11
10	0
0	29
18	30
0	4
5	33
0	14
0	17
0	14
0	11
0	3
0	6
4	22
7	84
5	53
4	53
0	50
0	21
24	0
0	20
0	0
0	0
0	84
3	16
28	24
35	22
0	18
0	8
0	0
5	0
15	0
0	8
0	8
0	0
0	0
0	0
0	0
5	0
0	0
0	0
14	34
0	16
0	13
10	30
5	67
8	25
0	14
3	46
0	24
136	9
0	9
3	3
0	1
0	0
27	0
123	7
2	0
97	35
0	10
0	1
0	1
4	8
0	2
0	1
0	1
0	4
0	0
35	23
151	80
0	11
0	8
0	4
0	4
0	4
0	181
1	181
24	7
2	2
2	13
0	9
0	7
0	13
0	5
0	5
0	3
0	7
0	73
0	31
1	20
1	1
0	0
0	0
0	0
0	0
65	75
0	7
0	3
1	0
0	50
0	57
9	41
0	4
1	9
0	5
0	13
131	1
15	31
0	4
0	7
7	5
0	0
0	2
4	3
0	0
12	0
3	1
0	1
0	0
0	0
0	0
0	31
0	0
65	38
0	10
8	52
0	49
0	0
1	36
0	30
14	0
6	2
0	2
1	0
0	0
0	27
3	31
4	7
0	34
0	1
0	0
14	20
0	9
1	7
12	0
54	134
212	119
0	0
18	31
0	14
0	2
0	3
0	4
1	1
0	1
0	1
0	1
0	1
0	1
0	0
0	3
0	0
0	0
0	2
49	0
0	0
0	0
0	0
2	0
4	18
1	4
0	14
0	3
0	0
2	10
0	12
0	10
0	0
0	0
1	1
0	0
0	2
0	6
0	4
5	1
0	1
0	0
8	0
0	0
0	0
0	0
3	0
0	0
0	0
0	0
33	7
0	5
1	7
0	3
1	0
0	1
2	0
0	94
0	0
0	25
0	44
0	44
0	2
0	22
0	28
10	22
0	22
11	28
4	7
0	1
0	6
0	8
2	7
7	0
0	0
55	9
19	261
4	260
17	260
7	10
3	0
0	0
0	0
0	0
5	57
0	44
42	20
0	24
0	3
0	15
0	1
1	0
0	2
0	0
0	0
0	2
0	0
0	0
0	0
0	0
0	0
0	2
1	0
4	2
23	14
0	3
0	0
0	1
0	0
0	11
0	0
8	1
0	1
1	0
8	1
0	1
0	0
10	0
69	0
3	4
0	4
0	2
0	2
0	1
33	1
62	97
0	5
0	32
0	16
0	94
0	1
0	1
0	0
0	0
15	6
0	5
20	28
1	10
0	19
0	18
0	8
0	8
0	8
2	0
0	0
0	0
0	0
0	1
0	0
0	0
0	0
0	0
0	0
0	50
3	51
5	40
0	20
2	16
23	9
11	9
0	16
10	7
0	7
0	3
35	0
0	3
0	2
0	2
5	0
0	0
1	0
14	7
0	7
0	18
0	35
0	33
0	0
1	85
1	104
4	70
0	68
0	2
13	0
5	2
0	2
27	0
5	0
0	0
0	35
0	1
0	34
0	0
0	0
0	0
0	0
112	0
0	0
9	3
0	0
0	0
0	0
26	186
19	184
0	172
3	86
0	1
6	0
55	0
0	17
35	17
0	1
1	0
0	0
0	0
0	0
0	0
125	162
0	88
0	158
0	158
3	4
24	5
0	3
0	1
34	1
28	84
40	39
0	45
0	11
0	1
0	1
0	0
5	1
0	0
0	0
0	0
1	0
18	5
0	0
0	5
0	5
1	4
0	0
1	0
0	0
23	12
0	9
3	5
0	5
3	56
0	56
0	0
0	0
0	1
1	6
3	1
2	0
0	0
0	0
0	3
0	3
1	0
4	2
0	2
35	2
4	4
49	5
0	8
5	7
21	64
0	21
0	19
13	0
330	1
27	11
2	10
0	6
1	0
0	6
0	14
0	0
0	0
0	0
4	0
1	0
0	8
0	0
0	6
37	4
0	4
0	7
1	28
0	28
0	0
12	0
1	15
1	27
0	15
0	0
0	0
0	0
8	0
0	0
1	0
0	0
1	39
0	0
0	0
0	19
0	19
0	0
0	0
41	18
0	1
23	0
0	0
0	0
1	0
0	0
0	0
0	0
10	235
0	236
1	236
0	236
0	0
2	108
0	105
0	91
5	39
2	19
1	5
39	8
1	0
7	0
1	9
13	11
3	2
0	0
1	0
67	0
20	1
20	4
0	4
0	0
23	0
3	1
0	0
85	29
10	30
1	1
0	0
0	7
1	7
0	7
0	0
7	2
16	0
0	5
0	5
0	3
0	3
0	0
0	17
0	17
0	0
0	15
0	156
0	146
0	142
0	134
0	159
0	1
4	0
3	5
0	0
1	4
11	5
0	1
1	0
0	0
0	27
1	27
0	26
0	4
0	4
0	3
0	32
1	32
0	21
0	8
0	4
0	2
1	4
0	0
2	0
2	1
0	1
6	1
0	1
3	0
125	9
0	9
0	6
0	18
0	19
1	11
0	13
0	17
0	17
6	2
0	17
0	0
0	9
0	6
97	61
0	54
2	8
0	1
0	0
0	1
0	1
0	1
6	56
3	3
0	56
31	0
0	0
0	0
0	0
3	0
215	18
2	9
0	12
0	3
0	3
3	0
0	0
0	0
0	0
2	0
4	0
22	0
0	0
0	0
1	0
0	0
7	3
0	3
0	3
0	0
0	0
0	0
0	0
0	30
3	21
0	30
32	0
1	0
22	0
0	0
0	0
0	0
0	4
0	4
2	4
0	1
0	11
3	31
5	3
0	0
4	4
0	8
5	25
0	8
0	5
0	6
0	3
0	13
0	13
1	2
0	0
2	0
11	0
0	0
0	9
0	9
11	0
0	0
0	0
24	18
0	18
1	23
6	23
20	23
0	21
22	87
0	0
0	2
0	80
0	2
0	2
0	1
18	79
0	22
3	0
0	0
16	17
0	17
0	12
0	0
0	0
0	1
61	2
0	0
0	0
0	17
0	13
0	7
0	0
0	4
0	2
0	2
0	7
26	0
4	1
1	0
0	0
0	0
0	116
43	90
19	30
0	89
0	90
0	4
0	5
0	4
0	4
0	1
0	1
0	1
9	2
0	0
0	58
103	178
0	0
0	4
2	36
0	3
0	0
4	58
0	190
0	190
521	99
9	23
1	27
0	9
3	11
0	3
0	4
9	4
1	3
3	5
0	1
1	0
63	0
16	0
47	4
0	0
4	36
0	6
78	36
93	5
4	5
0	26
9	4
0	91
0	0
0	0
0	0
20	97
9	2
4	12
0	14
0	24
0	2
0	0
0	0
0	0
0	24
72	5
3	0
1	0
1	10
0	10
3	10
0	10
0	8
0	0
0	6
17	7
16	1
0	77
9	92
0	47
0	32
0	0
0	0
0	0
0	0
0	0
8	0
1	1
0	0
0	1
0	0
0	0
0	0
1	4
0	4
0	4
86	15
8	14
0	11
0	4
23	24
0	2
0	1
0	0
0	0
16	74
0	6
0	0
11	6
0	0
18	3
1	7
0	7
1	7
0	7
0	3
0	3
1	19
0	11
0	17
0	18
1	0
0	15
0	0
0	2
0	3
0	2
0	3
0	2
0	2
0	2
0	2
0	2
0	2
0	2
0	2
0	3
0	0
0	0
0	2
0	2
0	0
1	1
26	12
50	1
0	8
0	10
0	5
0	10
1	10
35	8
0	0
0	0
0	0
1	1
0	0
0	1
1	19
1	17
0	19
0	10
0	2
4	2
0	2
22	0
0	0
0	0
0	187
7	188
0	81
1	44
3	36
0	35
0	36
0	0
0	0
2	6
0	0
6	54
0	47
0	0
0	0
0	33
266	1
0	1
0	0
2	0
9	12
0	12
0	0
0	0
0	0
3	0
0	0
0	0
0	0
0	0
1	1
3	0
0	62
0	62
0	1
36	4
0	1
0	3
0	0
11	0
0	0
0	0
83	7
0	7
0	0
0	0
0	0
0	2
0	2
0	2
0	0
0	0
0	0
0	0
0	0
1	2
0	2
0	0
0	0
35	8
6	8
0	0
0	0
0	0
0	8
13	4
0	0
0	0
0	3
10	45
41	88
0	77
0	119
0	72
0	49
0	27
0	119
20	31
0	3
0	2
0	2
0	2
0	17
0	17
0	16
0	0
11	12
5	15
0	0
0	1
0	10
0	10
41	4
0	0
0	0
0	4
0	0
0	2
0	2
0	0
0	21
5	26
33	58
0	55
0	2
30	95
0	95
2	1
0	1
58	0
8	3
0	0
0	3
0	3
1	5
2	5
1	3
0	0
5	0
0	3
3	6
1	1
66	4
0	1
15	1
15	4
11	10
5	39
0	0
2	0
0	39
0	17
0	6
0	17
2	1
2	0
0	1
0	1
0	0
0	0
2	1
1	83
3	1
0	1
2	0
0	0
41	9
2	7
0	7
0	0
14	7
0	11
5	11
843	262
1171	278
39	1
1	1
16	30
99	30
1	0
0	15
0	0
0	0
0	53
0	54
0	54
1	31
4	0
0	0
0	0
0	0
0	0
55	70
0	49
0	1
1	3
0	0
10	0
0	2
17	5
0	7
0	2
0	0
0	0
0	0
40	17
5	0
66	1
142	497
0	497
0	16
0	16
0	16
0	16
0	4
0	2
0	1
0	0
1	1
6	1
0	1
0	0
4	0
0	0
10	6
0	6
7	1
95	0
129	1
0	1
0	0
34	4
4	0
0	0
0	0
10	0
0	0
0	0
0	4
0	44
5	2
3	2
0	44
0	1
0	1
3	1
19	61
0	1
0	0
0	60
0	0
5	1
0	0
2	1
0	0
6	59
0	0
0	0
290	3
2	1
1	1
0	1
5	4
0	4
15	13
0	7
2	0
0	4
0	3
2	8
55	16
13	16
0	0
0	0
0	0
0	0
0	0
6	46
1	46
0	0
0	0
11	44
0	39
0	7
1	2
0	34
0	2
1	0
0	16
91	37
0	59
0	59
0	59
0	59
3	5
0	5
0	2
2	2
0	0
0	0
8	11
1	4
0	11
4	5
0	0
0	0
3	1
0	0
42	0
4	0
0	0
0	0
0	0
0	0
3	0
0	0
1	27
0	6
0	6
0	8
1	10
2	0
31	4
7	4
1	0
45	0
1	0
3	0
0	0
3	0
9	0
377	133
304	41
0	33
0	43
4	27
0	115
0	0
0	0
1	0
0	0
0	1
0	0
19	24
0	0
0	24
53	21
3	24
37	11
0	0
0	0
0	0
0	0
0	147
0	147
151	43
1097	46
0	5
0	9
84	46
0	38
11	47
3	1
0	1
61	1
0	0
1	1
0	1
69	3
0	1
0	3
1	3
1	2
1	2
0	0
0	0
0	0
0	0
0	0
12	18
0	18
10	17
0	17
0	13
0	8
0	3
0	7
0	3
31	3
2	3
1	3
0	0
0	1
0	0
4	0
1	1
1	6
0	0
0	0
2	0
0	6
16	53
6	61
0	0
0	0
6	13
1	3
2	0
36	0
7	0
0	23
0	23
1	18
15	11
0	0
0	0
1	0
0	1
0	0
0	0
32	128
0	9
0	23
0	119
0	3
0	6
1	10
0	3
0	10
0	0
0	0
0	14
6	16
0	8
0	1
0	2
0	7
6	0
0	11
2	7
0	0
0	4
0	11
0	11
0	0
1	0
8	49
9	49
0	49
0	49
9	50
0	0
1	72
13	4
0	5
0	52
7	72
0	0
0	2
0	1
0	2
1	2
0	0
0	1
12	103
0	94
0	99
0	2
0	3
0	0
0	94
22	31
0	23
0	18
0	24
0	23
0	18
0	24
79	0
2	0
0	0
129	28
17	0
4	28
6	5
0	5
0	0
0	2
7	17
5	15
9	1
0	1
29	5
0	0
0	5
94	55
179	54
2	13
4	0
8	1
0	0
0	23
0	14
0	17
0	23
0	9
0	6
15	19
7	0
6	4
0	11
18	3
16	0
15	12
1	12
0	1
0	0
0	1
0	0
0	178
1	179
2	71
0	0
0	0
0	0
44	11
0	9
3	5
0	7
1	1
16	2
5	8
0	8
0	1
0	0
0	0
0	0
3	0
0	2
1	0
0	0
3	3
0	0
0	0
0	0
0	5
0	0
2	16
0	2
0	0
0	14
0	9
0	0
5	17
3	0
0	0
6	4
1	0
0	0
0	0
0	0
0	0
0	0
3	7
3	7
16	0
6	0
0	0
247	10
0	10
0	8
2	0
0	10
2	1
0	1
3	13
0	0
0	12
120	62
0	62
0	0
0	1
0	13
0	456
0	462
0	462
64	0
9	6
0	5
0	4
12	15
102	15
8	14
0	0
31	10
0	0
1	0
1	0
0	10
0	7
0	7
0	4
0	33
0	33
0	6
0	48
0	12
1	0
0	0
258	24
0	36
2	27
0	89
92	55
0	26
0	15
0	11
8	6
0	12
0	89
0	13
0	16
13	35
0	23
0	1
0	1
15	0
8	3
0	0
0	0
0	0
0	0
1	0
0	1
0	1
3	1
0	0
0	0
238	0
0	0
1	0
0	2
0	0
0	2
2	70
1	104
0	104
1	1
2	45
0	98
0	0
0	0
0	0
13	0
5	0
59	0
0	0
8	32
28	31
217	32
3	0
0	6
0	0
163	0
34	0
9	0
23	0
56	63
0	0
0	0
2	0
0	0
0	0
3	0
6	19
0	1
77	1
1	0
0	13
1	13
1	19
11	19
1	0
14	9
0	24
0	9
0	9
0	0
0	6
64	5
33	0
72	7
0	2
3	5
0	5
0	2
0	2
15	8
0	8
1	27
0	30
0	2
0	2
0	1
0	0
0	1
0	1
0	3
0	0
0	1
1	3
0	0
0	1
0	0
0	1
0	0
0	0
0	0
0	0
0	0
0	0
0	0
0	0
0	1
0	1
0	1
0	3
0	0
1	0
0	1
0	28
0	12
0	28
0	0
85	72
0	87
212	162
21	20
0	5
0	20
56	14
51	18
0	5
0	1
0	0
0	3
0	9
0	5
0	0
0	0
3	131
1	30
11	30
52	0
0	124
0	30
8	0
0	111
8	0
0	0
0	7
10	6
0	4
0	0
0	7
0	7
2	2
2	0
0	15
0	0
77	30
6	30
3	14
0	18
0	7
0	0
0	8
14	23
0	21
6	20
0	20
3	7
0	6
0	6
0	4
0	6
0	7
0	6
0	8
1	9
77	0
58	123
0	90
0	123
0	11
0	0
4	0
10	28
0	0
0	28
108	69
0	69
11	67
2	53
0	28
0	6
0	6
7	4
2	4
1	1
0	2
15	19
0	19
0	11
1	0
0	0
0	11
38	21
0	9
0	6
3	0
0	0
1	12
0	0
0	1
0	1
14	0
0	0
187	0
362	5
1	0
0	0
75	5
1	19
1	20
1	21
0	2
0	29
0	44
0	20
0	13
0	16
0	16
2	0
104	25
0	25
3	0
25	45
0	45
2	21
3	0
0	20
0	9
58	0
0	2
0	1
8	1
10	7
0	12
0	5
0	0
0	1
0	13
0	10
13	5
2	3
0	0
0	13
139	3
0	2
0	1
1	1
0	0
0	2
0	0
0	33
0	33
22	20
0	17
0	11
0	16
0	0
0	5
8	21
0	5
0	16
0	4
74	0
0	0
0	0
0	63
35	63
0	1
0	1
0	5
0	2
77	2
0	22
6	14
0	11
0	6
7	0
0	0
0	0
0	3
3	0
0	0
1	1
0	0
0	2
0	0
0	0
0	1
0	0
5	0
0	85
0	82
12	59
12	68
2	26
3	22
6	22
1	0
10	2
0	13
326	14
7	0
0	116
184	29
0	62
0	88
1	45
0	18
41	30
0	30
1	19
0	19
39	19
1	19
0	26
0	343
0	20
0	6
9	6
0	0
0	1
0	1
6	89
7	13
32	79
0	320
0	1
40	4
0	4
3	14
3	0
0	0
1	0
3	0
0	0
6	33
1	9
1	1
0	23
0	33
0	1
5	1
0	1
0	0
1	5
10	34
0	2
0	109
63	109
7	19
0	19
0	9
0	0
0	0
0	0
7	0
38	74
7	156
0	156
0	0
0	72
0	156
4	0
0	0
0	83
0	83
168	73
0	71
0	47
9	0
0	0
0	0
0	0
0	0
8	28
0	15
4	15
0	3
0	11
0	11
0	3
0	0
342	32
0	32
14	16
50	22
0	4
0	18
10	10
17	13
0	9
6	9
0	0
0	0
0	0
0	0
0	0
0	0
0	0
20	34
0	22
0	18
0	0
0	3
0	8
0	0
168	0
7	0
0	0
0	0
0	7
1	7
0	5
0	3
0	3
13	0
2	0
12	6
0	0
0	3
0	0
0	0
0	0
129	41
0	66
5	0
20	25
0	0
0	0
11	5
10	19
102	41
0	9
2	4
16	4
0	10
0	2
2	6
34	0
0	0
0	28
0	1
0	0
7	27
0	27
0	0
0	0
0	0
0	2
8	0
9	2
1	6
0	2
0	16
0	1
0	0
13	0
3	6
0	0
0	1
0	16
63	0
82	28
16	28
2	0
256	0
37	19
11	17
0	17
132	0
15	0
0	0
0	0
9	0
0	0
0	0
0	0
0	0
0	0
0	0
0	0
0	0
0	0
0	0
0	0
0	0
0	0
0	0
0	0
0	0
0	0
0	0
2	3
2	9
2	8
0	2
0	0
0	20
4	12
1	0
0	20
0	1
0	0
66	26
0	35
0	21
0	1
0	0
0	0
0	9
0	11
0	15
0	17
0	5
0	8
0	2
7	11
17	0
36	148
1	137
0	73
3	33
0	19
2	15
0	23
13	3
0	4
0	3
16	4
0	3
0	4
0	1
209	60
0	15
0	4
0	41
0	5
1	0
18	0
0	0
0	0
0	0
0	14
0	25
0	0
18	25
0	0
0	3
0	0
75	26
6	26
18	0
4	4
2	4
20	19
9	18
0	3
3	0
20	0
0	0
0	8
0	15
5	21
0	17
0	12
0	17
0	17
2	11
0	9
119	0
0	1
7	1
4	14
0	8
25	56
0	14
55	27
0	30
0	0
174	71
0	4
0	9
0	5
0	5
0	2
0	1
13	0
1	0
10	0
0	5
9	5
0	3
0	0
2	0
1	2
0	0
107	2
1	0
0	0
0	0
7	13
0	267
4	6
0	0
7	4
0	9
0	0
0	0
0	5
3	0
42	267
0	0
390	2
1	0
2	6
0	8
4	2
0	0
2	0
8	6
0	6
0	0
332	3
1	3
10	37
0	37
13	0
436	609
4	0
2	609
151	0
0	62
0	15
0	68
29	79
0	0
0	26
0	12
0	12
0	0
59	2
9	2
2	11
0	0
0	0
0	0
0	0
3	2
0	5
0	6
0	10
0	6
0	7
0	7
0	23
0	4
0	23
0	0
3	4
13	12
0	9
2	7
0	10
1	9
3	8
1	4
0	0
0	0
0	5
16	5
0	0
1	0
5	133
0	60
0	64
0	15
0	0
26	29
0	29
0	24
0	24
0	15
0	6
16	14
34	0
4	13
0	13
0	15
0	2
19	19
0	13
0	1
0	0
0	0
0	0
4	6
0	41
6	39
1	37
0	17
5	6
0	15
11	15
0	15
0	1
3	36
4	36
0	4
0	1
7	2
0	2
46	0
0	2
15	0
0	1
0	0
0	7
1	0
0	1
0	1
120	53
86	54
0	1
0	1
36	10
0	2
0	3
8	8
0	0
0	1
0	0
0	0
4	3
171	171
0	594
0	243
2	291
0	589
0	22
27	10
0	2
0	2
16	0
0	8
1	1
23	8
0	0
1	0
0	1
19	4
0	4
0	4
0	98
0	8
119	75
0	39
14	0
46	57
0	40
0	57
0	7
0	0
2	2
0	1
0	0
1	1
0	0
0	0
0	1
0	2
0	387
0	164
0	54
7	0
0	6
0	6
16	6
0	3
0	0
0	0
40	0
2	121
0	35
0	71
0	39
5	386
0	47
0	24
0	27
0	2
0	2
0	2
0	0
0	0
5	0
9	0
7	0
10	8
10	8
0	6
39	9
55	0
2	4
1	6
0	12
0	0
0	0
29	7
0	10
0	4
18	4
10	25
0	25
33	109
12	54
0	87
1	6
4	0
0	61
52	1
0	0
0	1
3	0
0	0
0	0
0	15
56	23
5	17
0	0
2	0
0	15
0	44
0	27
0	21
31	8
0	9
0	1
1	2
3	26
0	8
0	7
3	22
4	57
0	3
0	35
1	1
0	626
0	8
13	0
5	29
1	32
0	32
0	32
38	0
0	1
51	8
0	3
0	9
57	3
10	1
56	67
0	67
0	25
0	16
0	25
5	24
0	22
72	0
0	0
0	0
0	0
186	1015
0	574
0	166
40	32
2	0
0	32
9	54
167	25
0	25
0	14
3	3
0	3
0	0
5	0
0	8
6	1
0	1
2	85
0	13
0	39
0	39
0	16
0	14
0	0
0	0
0	0
7	7
0	0
2	1
0	0
0	0
1	0
0	0
6	20
0	1
41	13
0	13
0	13
0	13
0	12
0	8
0	7
0	3
0	1
5	2
0	11
0	7
0	13
0	5
0	2
0	2
33	2
0	0
0	10
0	10
10	14
0	11
318	1
0	1
0	3
2	3
21	160
0	139
0	7
0	1
1	5
0	0
1	5
0	8
8	0
9	14
0	25
141	36
15	421
0	421
0	21
0	21
1	21
39	175
58	161
16	37
6	28
0	2
180	17
0	5
0	1
1	12
80	14
3	12
0	0
0	2
13	0
0	0
0	2
0	2
0	0
0	180
0	192
0	192
0	1
0	0
0	0
0	1
0	0
0	32
0	32
0	0
0	0
16	0
3	3
0	0
0	3
0	0
0	3
0	0
0	0
0	0
1	0
3	0
4	2
0	2
0	0
0	0
0	0
4	13
0	0
38	14
0	11
0	0
1	0
0	669
0	42
0	0
0	0
0	0
0	0
0	0
0	0
0	0
0	0
0	0
19	18
139	18
18	10
0	18
0	80
0	65
0	16
3	13
0	5
0	6
0	6
0	6
36	4
2	4
0	1
0	3
0	0
1	0
0	0
1	7
0	7
0	2
0	200
0	210
0	187
0	51
0	51
37	16
0	1
2	4
0	3
0	3
0	3
10	6
0	6
0	1
0	0
0	1
0	0
0	4
2	0
0	4
146	217
0	201
0	216
18	165
0	59
0	78
0	59
0	0
0	0
0	181
1	81
0	28
2	107
1424	914
30	1
0	1
2	0
2	28
1	27
0	11
0	9
0	13
0	141
9	7
0	0
89	21
0	1
7	21
14	1
0	2
0	0
0	2
0	28
0	0
0	7
0	8
0	8
20	53
0	1
0	0
0	0
0	1174
1	158
48	9
0	438
0	21
4	129
77	128
0	7
9	1
0	6
0	0
11	1
460	3
0	13
4	5
2	1174
7	2
4	2
19	102
8	8
74	53
15	51
0	28
0	10
0	83
0	24
1	90
0	90
8	0
4	4
2	0
2	1
0	7
31	6
2	14
0	12
0	4
0	14
160	21
0	15
10	10
0	8
1	7
43	36
0	0
0	13
0	17
0	2
0	0
0	18
0	18
109	0
100	0
0	0
0	0
0	0
0	14
0	0
0	2
0	2
0	2
0	0
3	0
0	2
24	0
0	3
4	24
1	21
11	2
0	2
0	5
0	188
0	127
45	27
3	17
0	17
17	10
1	3
0	0
1	18
13	18
2	9
0	18
0	4
0	0
2	4
0	4
0	1
0	3
0	3
0	1
0	1
0	1
0	0
92	7
4	5
0	0
1	2
16	0
0	0
11	3
0	3
0	2
2	5
0	2
0	4
4	4
29	170
0	0
0	0
0	12
0	18
10	13
115	2
0	63
0	66
52	68
0	8
0	0
0	0
0	0
0	9
0	0
0	0
1	0
0	11
0	11
1	0
5	5
0	3
0	3
0	2
0	3
4	3
0	0
7	6
28	52
0	25
0	12
0	15
2	1
0	52
71	0
19	15
3	305
4	7
31	168
3	6
0	10
0	7
62	22
0	22
0	47
0	20
14	24
0	50
25	0
0	41
0	20
1	83
0	82
56	82
18	0
10	0
0	0
1	0
1	0
0	17
0	13
0	13
0	152
0	210
0	31
0	96
0	1
1642	273
6	178
20	129
1	0
0	14
0	14
7	13
0	9
0	8
0	8
39	5
0	3
0	3
0	4
3	3
0	5
41	5
0	1
16	8
246	16
2	18
0	20
7	22
15	1
8	38
0	1
0	0
96	1200
0	8
0	3
0	16
0	66
0	0
0	0
0	10
0	24
8	27
65	72
0	257
6	100
6	1
0	31
3	0
0	12
82	13
0	12
2	9
0	1
1	0
0	0
31	33
0	2
0	0
6	190
17	3
2	67
0	67
2	205
72	230
46	31
6	8
0	4
7	130
0	0
261	137
0	0
2	0
0	0
2	0
76	24
9	1
5	23
0	75
0	2
0	2
0	1
0	2
0	0
1	1
2	1
0	1
3	2
2	73
0	11
3	0
3	45
0	45
0	30
0	8
0	0
15	7
0	5
0	32
0	0
0	30
0	30
6	1
0	22
0	5
29	15
3	15
174	50
2	50
2	50
4	1
0	24
0	0
1	0
43	108
9	3
0	0
0	108
0	2
3	1
0	2
14	23
0	0
17	35
14	29
0	0
0	6
0	1
0	1
91	1
6	1
0	0
1	0
21	2
0	0
2	0
0	0
0	0
32	3
0	3
9	20
47	21
0	9
0	0
0	2
0	1
0	8
0	8
31	8
0	0
6	35
0	4
44	28
5	9
1	2
0	13
2	8
0	1
1	2
448	248
0	245
0	245
0	245
0	107
0	87
0	0
18	6
3	0
0	1
0	0
0	0
3	8
0	0
0	0
0	0
0	1
0	0
1	5
0	0
24	0
0	3
12	2
0	1
16	0
0	0
0	0
0	0
5	0
4	10
7	4
4	2
0	4
0	12
0	10
0	8
40	2
0	2
0	2
1	0
0	0
0	10
38	51
0	51
0	41
1	1
0	3
0	2
0	74
19	76
0	76
17	4
0	3
3	1
0	2
0	3
0	4
127	14
87	12
0	8
0	3
0	10
0	2
0	1
0	0
1	10
0	134
34	134
3	3
4	3
7	1
0	1
0	163
6	163
3	163
365	66
0	0
0	0
0	0
0	0
0	0
0	0
0	0
0	0
0	0
0	0
10	0
15	0
7	0
12	35
0	35
0	1221
2	5
8	527
0	665
0	477
3	406
0	387
0	19
534	1221
1	1212
0	0
0	0
0	548
0	531
4	64
0	3
0	60
0	3
180	8
0	4
22	6
0	4
0	3
2	0
0	0
0	3
1	4
112	15
0	9
12	21
0	21
8	0
12	6
0	18
0	21
0	36
1	123
62	139
5	27
1	0
0	0
0	32
10	18
3	2
0	1
0	0
0	14
1	0
3	13
0	15
0	5
1	6
0	0
0	0
0	0
0	0
0	8
5	13
3	5
0	0
0	0
0	0
1	18
0	18
0	0
1	4
0	1
0	0
1	0
2	65
0	4
0	2
4	8
0	0
0	56
0	13
2	1
0	0
8	1
0	0
0	1
0	0
0	0
0	0
0	1
0	0
3	0
0	0
0	0
0	0
0	2
0	6
0	6
0	10
0	3
0	3
0	3
0	5
0	0
0	2
9	3
1	2
0	2
1	2
2	1
211	0
2	1
1	0
0	2
0	2
3	1
0	1
0	0
0	0
12	9
0	0
0	0
0	3
0	0
0	0
0	9
0	2
0	0
1	14
3	13
0	11
2	6
0	0
1	1
0	2
0	0
1	0
0	1
0	0
1	5
0	4
0	3
0	3
0	0
0	1
4	1
0	1
2	0
0	1
130	131
0	8
0	33
0	36
0	0
6	49
0	3
0	0
10	11
35	46
1	0
0	0
0	46
0	23
17	54
13	0
3	4
1	0
7	7
6	4
0	1
0	1
0	1
0	7
0	7
0	2
1	0
3	0
0	1
3	0
5	0
0	0
0	0
0	15
0	32
6	42
0	0
0	14
0	0
154	0
0	11
7	1
6	10
10	4
0	7
0	0
0	0
1	2
0	0
55	1
0	1
1	1
0	1
0	6
0	20
57	20
179	7
0	1
0	2
0	151
21	151
0	12
2	11
13	3
10	15
0	13
9	13
0	5
8	12
0	2
0	1
0	1
0	1
2	4
1	0
1	9
12	9
0	1
0	9
2	0
0	33
0	0
0	37
17	58
0	56
10	4
0	3
1	0
0	0
42	26
3	8
0	18
32	5
4	5
8	0
9	6
10	0
13	1
0	0
0	1
0	0
0	1
0	7
7	7
89	112
0	112
20	4
22	36
290	0
16	5
0	2
0	2
8	25
0	8
0	0
4	16
8	6
26	6
26	7
0	3
0	4
0	2
34	14
7	14
49	6
0	6
5	0
15	0
0	0
2	180
0	189
0	5
25	1
0	0
1	1
0	2
6	0
1	0
0	18
0	12
38	18
0	9
0	1
0	0
0	0
16	0
63	27
1	87
0	99
0	83
0	4
0	5
0	0
0	2
7	17
0	7
0	6
1	18
0	7
1	4
0	4
0	18
0	8
4	5
0	6
0	13
0	1
0	2
0	0
2	12
2	2
0	43
0	43
0	43
0	45
0	1
2	1
13	94
1	82
0	4
1	4
0	13
0	1
0	1
3	0
0	9
1	0
125	160
4	123
47	72
4	0
0	81
10	11
15	20
0	0
0	0
0	0
6	0
8	15
2	15
0	3
6	20
0	2
0	2
1	20
14	13
13	13
21	9
4	150
85	139
7	128
1	102
0	13
3	7
0	5
1	5
0	0
0	13
1	42
0	27
0	26
0	2
0	0
0	2
3	2
0	2
0	7
0	1
0	1
0	10
1	4
0	3
0	3
0	9
0	0
70	1
0	0
50	80
0	0
1	1
1	0
0	0
37	75
3	9
0	0
0	75
5	9
0	1
4	8
6	8
0	4
5	5
5	0
1	0
2	4
0	0
0	4
0	5
0	5
2	2
0	7
0	7
0	4
0	0
8	1
0	1
11	4
0	4
0	13
6	6
0	12
0	11
11	13
118	13
13	12
1	0
0	1
23	31
0	1
0	139
0	139
1	4
1	1
3	54
18	13
0	13
0	0
0	4
81	2
22	2
0	2
10	2
0	2
0	1
0	0
55	5
0	0
0	0
5	0
0	5
0	14
0	4
11	38
0	6
0	0
8	5453
22972	5580
14	1
0	0
0	0
0	3
0	12
0	0
0	6
0	4
0	1
0	0
1	26
0	0
0	0
0	0
0	381
1	20
0	0
0	0
0	6
0	20
0	0
0	0
20	16
0	2
0	0
11364	63680
0	0
0	22
0	0
103175	52010
0	1
0	6
0	29
377	30404
75	26027
1816	26750
917	13802
0	32
0	24
0	0
1	27
0	29
0	0
0	0
0	0
119	58
0	0
0	24
0	3
0	0
0	4
2	5
7	24
0	0
13	29
68	25
0	1
753	17851
65	0
0	0
0	6
0	0
0	0
19	0
0	2
3	209
0	0
164	206
0	3483
0	1
0	36
0	5
4807	15815
360	5460
18670	68780
0	22
0	23
0	0
0	0
5	0
0	0
0	6
0	4
1	9
0	0
0	0
0	0
4	3
0	9
0	2
0	0
0	2
8	11
0	0
0	0
10	0
0	1
0	6
0	0
1	0
5	0
0	0
0	6
1	0
0	14
33	28
0	0
235	0
0	0
0	19
1	21
0	3
0	10
2287	86887
6	1
2	0
0	0
2	1
188	0
270	0
28286	26832
0	0
0	5
0	16
0	12
0	16
0	16
0	16
0	6
0	0
0	17
0	12
0	24
1	0
0	0
615	6403
43	17398
0	7
0	36
0	3
0	0
0	0
0	1
0	8
0	169
20	8
0	0
0	11
1	1
0	21
0	22
0	18
0	0
0	11
0	0
0	0
2	0
0	6
0	20
403	165
0	11
492	24782
0	0
0	4
0	11
0	0
0	2
0	19
2126	32560
93	5320
114	5615
430	6574
169	6060
1124	11152
408	18922
6	8884
9	6278
0	1153
0	0
0	0
0	0
0	23
0	0
1	1
0	0
0	0
0	0
0	5
0	0
0	5
0	40
0	0
0	6
19	9
0	0
0	20
193	295
0	1
66	43
0	124
0	31
0	5
0	21
0	6
0	3
0	4
0	0
0	0
0	3
0	2
0	0
2	0
33	0
0	0
0	9
0	0
24	0
0	0
1	10
0	0
17	1
0	0
0	0
0	34
0	26
67	1
1	10
0	1
0	1
0	14
18	19
3	0
81	0
0	6
0	53
36	95
0	95
1	4
0	0
505	30843
1	3
0	0
11777	97548
0	0
1	0
1	0
0	2
437	439
9	0
4	80
15	79
1	37
1	25
0	5
0	3
0	3
0	0
0	3
0	10
0	0
0	3
1	0
0	0
0	0
0	8
0	7
0	0
0	1
0	3
0	1
0	1
0	1
0	0
0	2
1	0
1	0
18	57
12	0
11	57
29	20
0	3
1	3
0	3
0	0
0	0
6	0
12	7
0	0
1	20
0	19
3	17
0	0
0	0
3	0
0	22
26	39
2	38
36	38
0	35
34	47
0	47
0	2
1	0
0	0
0	46
0	34
4	30
0	3
1	21
0	21
0	0
0	0
1	0
0	46
0	6
0	6
44	59
489	53
0	62
9	59
0	38
0	3
1	2
2	3
0	3
6	102
0	105
1	12
0	1
0	3
0	105
12	0
25	11
0	10
0	4
0	2
0	7
0	0
0	7
41	5
0	5
2	0
0	0
0	0
0	0
51	44
0	44
0	20
13	11
4	40
2	0
1	7
0	83
0	89
12	44
5	32
0	7
0	6
1	3
166	28
0	3
0	1
0	1
0	0
1	0
2	30
0	54
0	34
0	20
12	20
0	34
0	19
0	175
0	175
2	175
0	3
6	163
0	1
0	1
10	12
0	0
1	2
4	0
37	71
6	39
0	39
0	1
0	38
0	21
7	11
38	55
0	8
0	8
11	7
0	6
0	0
0	1
0	0
0	0
0	0
0	2
0	3
0	8
0	0
3	0
1	11
0	1
113	29
0	21
22	6
0	6
73	57
0	2
2	1
0	4
0	0
0	0
20	10
7	10
0	23
0	41
0	30
0	37
0	41
0	6
0	27
45	26
0	17
3	0
4	23
0	1
0	59
8	23
0	14
1	58
47	81
1	0
0	81
0	14
0	14
2	1
0	1
3	1
1	1
0	0
0	0
0	0
0	1
3	0
42	17
0	3
1	15
2	0
2	0
0	14
0	14
0	24
3	24
0	14
0	0
0	10
2	10
11	21
7	10
812	0
3	0
0	0
1	5
0	5
0	0
3	0
8	8
0	8
14	157
0	94
0	1
0	7
1	3
0	111
0	63
0	30
0	78
429	173
0	0
0	60
4	10
0	7
1	53
1	3
0	29
23	28
0	0
0	0
3	5
0	35
17	0
0	16
0	21
0	30
0	31
0	0
0	14
0	0
0	0
6	2
0	18
1	2
0	1
1	0
0	20
0	15
0	4
0	4
0	18
0	35
13	35
0	20
6	37
0	16
169	340
0	124
0	84
0	36
0	15
1	0
0	0
6	0
0	0
53	0
0	0
0	0
0	352
0	352
0	187
5	9
0	6
15	9
1	0
5	0
3	0
0	0
0	0
0	0
0	0
2	54
0	0
2	0
105	16
0	13
0	4
0	4
0	0
3	6
0	2
0	0
0	0
0	0
11	6
11	13
0	9
0	11
13	0
6	14
11	7
2	7
7	54
34	50
0	21
0	57
0	2
0	0
1	0
0	12
0	14
90	0
106	51
0	50
0	15
0	7
0	2
0	22
0	35
116	0
1	0
10	123
0	135
0	101
0	86
0	0
1	0
0	0
0	0
18	0
0	0
0	3
0	3
16	0
18	23
0	21
0	25
0	27
201	70
0	3
0	2
0	0
20	6
0	0
10	10
0	1
0	4
8	3
14	11
0	3
7	0
15	0
0	0
14	243
52	99
1	40
0	2
0	1
0	2
0	0
0	0
276	0
76	14
26	14
0	1
1	1
0	0
1	3
0	3
105	0
0	3
0	4
0	4
0	3
0	2
13	0
11	1
0	1
0	1
0	0
1	0
0	2
4	0
10	7
0	7
3	2
0	4
1	4
144	41
1	0
3	0
0	0
0	41
6	0
0	0
0	0
0	0
28	221
107	221
0	4
18	0
77	5
0	3
1	0
0	2
0	0
2	10
0	0
0	8
2	8
9	0
5	0
0	0
0	0
0	28
0	28
110	28
0	2
0	1
0	2
0	0
0	2
0	2
3	2
3	0
0	0
0	0
0	0
0	0
5	17
3	20
0	2
1	2
15	0
1	0
0	1
9	2
17	7
0	10
2	0
1	3
8	0
9	2
3	2
0	0
0	0
8	17
0	0
0	4
0	4
0	25
1	23
0	0
37	5
0	1
41	1
1	0
20	37
0	37
0	8
0	0
0	0
0	0
0	0
0	0
0	0
0	48
1	48
0	34
0	42
9	42
0	1
0	1
0	0
0	0
0	0
6	6
0	1
43	15
1	15
0	12
0	10
0	10
0	1
1	1
8	1
0	1
0	5
0	4
1	4
77	32
0	18
0	4
0	7
1	0
0	3
0	0
0	14
25	16
0	1
0	3
0	2
1	2
0	2
12	2
1	4
4	2
0	13
4	1
47	3
28	3
0	8
4	9
0	1
0	1
0	0
1	7
35	1
0	1
0	4
0	2
0	2
0	4
1	1
0	1
0	0
13	1
118	0
0	5
9	5
1	121
0	37
24	121
28	3
0	0
8	31
3	10
0	0
0	0
0	0
0	0
10	13
75	13
2	11
2	7
5	16
1	7
22	7
0	1
0	0
0	15
1	17
0	1
0	1
0	56
57	59
14	59
1	3
0	3
73	14
110	21
1	0
0	0
0	0
0	0
22	3
0	24
5	21
0	0
11	20
90	27
0	7
97	3
0	0
0	0
1	33
0	8
0	25
1	0
0	33
0	33
0	0
2	0
218	0
0	81
0	64
0	1
0	0
0	16
1	15
0	14
8	2
0	0
29	7
0	3
0	3
0	0
0	0
0	6
0	3
0	1
0	3
0	0
0	0
0	0
0	0
0	0
0	78
1	0
0	0
2	27
0	27
0	0
0	0
29	78
30	75
0	75
16	0
0	23
0	22
0	23
0	20
0	19
0	20
0	20
0	19
0	20
0	20
0	19
0	20
0	0
3	9
6	44
0	44
0	2
0	9
0	1
0	9
33	9
0	9
0	9
4	25
0	17
0	3
0	14
1	20
3	4
0	19
12	14
3	4
7	4
0	4
0	104
0	0
0	104
10	9
0	8
1	0
2	3
15	11
0	0
0	1
3	10
0	8
1	5
0	4
2	5
20	0
0	10
8	10
0	0
0	0
0	0
0	18
0	8
81	251
0	177
0	8
4	0
107	243
2	1
0	0
2	0
0	0
0	0
0	0
0	0
0	0
0	0
1	1
9	0
0	0
0	0
26	0
0	0
93	6
191	4528
0	5
0	5
0	5
0	5
0	5
0	5
0	5
0	0
0	79
0	74
7	75
0	50
0	12
26	45
0	31
0	4
0	2
0	0
0	1
0	1
0	1
0	1
0	74
0	74
0	79
0	63
0	450
0	2
0	21
0	10
0	10
0	1
36	10
244	5
0	5
0	3
0	3
1	0
770	1
0	6
0	17
6	23
0	11
0	12
0	17
0	15
0	2
0	2
0	2
0	6
2	0
0	0
1	4
4	0
1	0
0	0
0	0
0	0
315	98
0	98
3	536
1	536
1	0
0	0
0	1
8	0
0	17
0	45
0	16
0	16
2	33
0	44
0	33
0	14
0	25
0	0
0	0
0	0
0	4
0	4
0	8
0	1
850	0
104	225
0	227
15	224
45	13
0	68
154	10
2	0
2	0
39	81
18	1
54	7
0	2
7	1
0	0
0	0
0	0
0	0
2	0
3	0
0	0
14	2
46	56
0	43
1	0
5	0
0	0
5	35
0	3
0	0
7	35
7	8
0	4
32	4
0	3
0	0
0	70
0	1
0	0
0	65
0	1
0	25
0	24
0	0
0	0
0	6
12	115
4	75
0	55
0	46
0	19
93	48
0	48
1	26
12	26
9	26
5	25
0	8
0	8
0	1
0	0
5	5
4	1
4	0
0	1
0	0
0	0
0	5
0	5
1	5
0	7
0	5
6	9
0	5
0	2
6	2
0	0
21	19
0	19
0	0
0	4
20	0
0	0
3	1
4	1
21	1
0	1
58	57
0	57
0	41
69	38
0	9
0	4
0	2
1	2
2	2
0	0
0	2
7	2
0	13
0	13
21	30
5	30
0	22
15	34
0	12
0	31
1	15
0	15
0	96
150	363
0	96
126	124
0	2
0	363
58	49
6	49
22	10
1	10
0	1
0	0
0	0
0	13
0	13
0	5
1	11
0	12
0	12
0	11
0	20
0	11
0	11
10	8
0	8
0	2
0	2
7	8
0	5
0	6
0	7
0	7
49	17
0	1
0	1
3	23
2	9
0	2
0	6
0	6
0	1
2	12
30	96
0	31
0	9
107	7
1	2
12	7
0	2
0	7
20	14
0	13
0	0
0	4
20	6
0	6
0	0
66	14
0	3
0	0
0	1
0	1
0	14
1	1
0	2
51	2
20	22
1	22
0	23
1	22
0	23
0	1
0	0
0	0
1	1
0	0
0	0
0	0
0	23
1	9
0	9
0	6
0	6
3	8
1	109
0	6
50	16
27	16
190	7
0	7
0	0
1103	58
0	58
0	30
229	86
65	90
2	47
0	16
40	4
7	3
0	3
0	107
0	4
3	3
9	3
1	0
0	2
0	274
0	274
0	257
0	19
0	3
7	0
0	1
0	0
2	0
56	14
0	3
0	1
4	0
0	10
12	0
63	105
0	91
0	86
0	20
1	3
0	2
0	3
2	2
5	2
0	1
0	1
0	0
0	0
88	0
34	13
0	10
0	0
0	0
0	0
0	0
0	0
2	32
37	4
0	0
0	3
4	28
0	24
1	18
4	4
0	4
0	1
74	30
0	5
0	1
45	39
0	3
0	2
0	2
0	0
0	0
1	1
0	1
0	0
0	125
0	24
0	63
0	63
0	52
0	15
10	3
0	1
186	0
0	2
2	18
0	4
0	1
0	2
0	2
0	1
3	0
0	1
3	21
154	35
4	10
0	4
3	25
1	0
0	5
1	2
0	5
10	0
0	8
0	4
0	4
0	3
0	0
6	0
100	22
11	22
4	13
1	10
3	41
0	116
0	125
0	88
0	1
0	0
2	8
0	0
0	8
1	0
0	0
2	33
0	31
0	6
185	233
0	18
57	135
1	0
1	0
97	225
21	129
11	1
0	100
2	130
0	133
1	171
0	130
0	105
1	133
266	119
0	86
0	59
0	56
27	55
0	54
0	1
224	0
0	120
0	23
0	3
0	4
0	4
0	1
0	2
0	2
0	2
50	7
0	7
0	4
0	3
37	25
0	0
61	8
0	0
7	1
0	5
35	9
27	54
0	52
0	55
0	50
0	53
0	3
1	3
0	0
9	0
117	0
12	1
2	1
6	1
1	0
0	17
0	18
0	6
0	17
7	33
106	19
0	33
0	22
0	17
0	37
0	37
0	37
0	37
1	56
0	20
2	132
26	115
0	14
0	14
20	0
11	29
12	29
0	25
0	0
23	33
4	7
0	1
0	0
0	1
4	0
0	26
80	0
0	26
4	2
0	2
0	0
3	0
0	0
1	0
0	0
2	161
16	17
7	17
300	43
0	49
8	23
3	6
0	9
0	10
4	6
0	5
21	1
1	3
0	16
3	0
2	0
14	29
1	29
0	43
0	33
3	43
0	43
0	43
0	43
0	151
0	146
0	12
42	0
0	0
0	0
0	6
2	0
0	1
0	0
0	0
11	61
0	0
0	0
0	0
0	0
0	7
1	6
1	0
0	0
1	0
6	9
56	3
0	43
37	43
65	126
0	40
0	121
4	7
288	113
0	7
0	0
0	0
0	6
0	0
17	2
1	47
0	40
0	34
0	32
85	220
0	218
0	2
0	0
0	0
1	0
0	0
0	0
0	0
0	49
0	6
0	0
0	41
24	40
6	15
0	1
11	7
2	8
0	1
5	22
0	20
0	22
0	3
5	23
0	17
0	2
0	2
2	2
0	0
0	0
44	0
7	6
0	6
0	6
4	24
4	7
4	0
8	200
0	17
6	42
0	13
55	22
16	4
0	114
0	146
0	41
3	31
0	112
0	189
26	42
0	42
0	32
7	96
0	96
0	35
0	15
0	10
0	14
4	7
0	6
0	11
0	2
0	1
0	9
1	1
0	0
1	20
0	0
0	4
0	4
0	4
8	14
0	2
0	10
11	10
0	3
0	3
0	8
7	8
24	32
1	31
0	31
0	31
0	31
0	31
0	32
0	3
0	0
0	0
0	1
0	1
0	1
0	1
10	22
4	0
0	13
1	15
0	11
0	11
0	2
17	67
3	68
0	0
0	1
8	9
0	8
2	1
2	5
0	3
10	3
0	2
6	0
1	2
1	28
9	28
51	12
0	20
0	16
15	5
0	5
0	2
11	7
7	1
1	3
0	3
5	3
7	0
3	0
3	0
0	0
0	3
1	25
0	15
178	26
43	10
45	6
0	6
0	120
0	119
379	1
25	65
6	63
0	0
0	6
1	6
1	4
0	0
0	0
0	0
0	0
0	0
0	2
0	18
0	18
79	16
0	3
0	22
18	22
0	1
29	1
4	2
6	76
0	76
0	31
522	88
0	88
2	3
0	1
0	1
0	278
0	278
0	266
11	73
0	37
25	37
0	0
5	0
0	44
8	44
4	4
0	4
0	0
657	14
0	8
238	3
1	3
7	4
0	1
2	4
16	1
28	378
34	378
15	34
4	0
55	34
0	220
27	221
156	23
16	23
13	1
6	0
0	33
8	33
0	0
0	8
0	1
0	31
14	18
0	16
0	1
0	1
6	5
0	0
1	5
0	25
0	25
0	0
0	0
0	0
0	1
0	15
2	7
22	15
0	25
0	0
0	0
0	0
0	81
7	2
0	2
1	2
0	2
0	2
0	2
1	2
0	2
0	2
0	0
1	10
0	4
0	10
0	11
0	13
0	2
0	4
0	7
0	7
0	6
2	12
0	12
0	5
0	10
0	10
0	0
0	0
1	0
0	2
0	2
0	2
0	4
0	4
16	3
0	1
0	2
1	2
0	183
13	183
38	92
11	8
0	39
19	17
0	8
2	0
0	4
394	3483
14	1
1	1
0	1
0	1
0	1
0	1
2	1
0	0
0	0
0	0
5	0
0	0
0	0
0	0
0	0
0	0
0	0
0	0
1	0
0	0
0	0
5	16
15	3
0	10
13	10
0	3
0	3
0	8
0	5
0	16
0	7
0	7
1	12
0	5
0	29
0	27
88	24
0	9
6	0
0	0
6	42
1	0
0	22
0	34
0	1
0	9
0	0
7	33
0	0
85	8
0	7
1	1
0	1
0	0
3	1
0	0
82	0
6	30
369	2
0	28
1	1
0	1
0	1
0	0
0	0
0	0
0	0
12	14
0	15
0	15
0	0
0	17
0	17
0	4
0	4
39	0
0	32
0	5
0	0
2	0
17	0
12	2
14	2
2	14
0	39
0	6
0	0
0	0
22	105
0	5
0	1
0	10
0	22
0	32
0	33
0	87
0	35
10	2
7	22
385	3
0	3
0	0
852	0
1	0
45	0
0	0
0	0
0	0
0	3
0	3
87	10
1	2
0	2
0	8
0	183
0	256
0	55
0	3
2	301
0	55
0	52
0	0
0	14
0	0
0	2
0	0
0	0
0	0
1	0
3	0
1	0
1	58
11	168
0	8
9	168
0	5
0	37
0	22
20	6
3	18
267	61
0	1
0	3
0	29
0	6
0	29
0	45
0	45
0	0
0	0
0	45
9	0
148	0
0	5
0	6
26	1
36	37
3	32
0	0
4	35
0	0
0	12
0	4
10	0
0	8
61	104
693	97
24	90
77	67
0	63
0	30
15	17
51	0
8	6
0	5
0	211
0	204
21	211
0	11
1	22
0	53
156	145
2	58
0	55
0	38
0	30
0	30
4	30
0	19
0	0
0	0
0	0
280	6
565	212
3	207
0	1
0	5
0	0
25	0
1410	155
20	155
21	26
62	23
71	6
42	0
434	0
0	3
0	3
32	0
13	32
0	9
1	27
275	70
3	40
0	2
24	32
1	11
0	11
0	1
0	36
2	36
0	1
2	10
37	26
0	15
37	16
0	72
0	13
7	1
2	1
0	0
0	72
14	102
5	102
33	13
0	5
1	8
2	0
0	0
0	102
0	0
0	0
0	0
0	0
0	0
0	0
0	0
0	0
0	0
0	0
0	8
0	6
5	3
17	3
0	6
2	6
0	6
0	16
2	16
16	19
8	19
0	8
0	12
0	7
0	5
0	4
0	5
0	0
1	6
0	3
1	5
68	60
6	12
0	14
0	33
0	29
3	29
48	13
0	0
1	0
2	4
0	4
17	21
0	5
0	0
0	20
8	11
0	9
0	4
8	2
0	9
0	84
0	4
22	99
0	1
2	82
0	10
0	21
0	28
0	16
0	32
46	43
0	17
0	14
0	4
0	16
43	30
20	4
0	50
15	28
0	3
7	3
0	3
0	50
2	0
0	2
0	0
0	2
8	0
0	21
0	5
4	16
0	1
5	1
3	0
0	9
11	11
0	4
0	5
0	0
0	1
0	1
3	3
0	0
0	0
0	0
143	65
0	14
0	16
0	49
17	64
0	11
0	0
0	0
1	0
0	6
0	6
0	0
0	64
29	23
8	8
0	6
0	6
6	0
48	0
0	0
3	11
1	1
0	7
92	7
4	0
0	0
0	3
10	69
0	50
0	6
24	0
1	55
3	146
0	251
0	251
1	203
4	0
3	0
23	0
0	2
0	2
2	39
0	10
0	9
0	9
0	3
0	4
0	1
0	0
0	4
0	5
3	1
2	4
0	0
0	0
0	9
0	22
2	24
0	19
0	17
0	5
5	0
4	4
0	58
0	58
0	25
0	0
0	0
0	25
20	54
43	37
0	37
0	36
0	4
0	3
53	11
5	3
0	41
0	6
35	3
27	6
1	0
1	0
0	4
0	3
0	3
0	3
0	3
0	3
0	4
0	4
0	3
0	3
0	3
27	0
17	59
0	59
0	57
0	3
5	3
0	2
1	0
0	15
2	13
0	5
0	0
71	13
2	1
0	1
150	0
43	25
0	25
52	121
0	109
0	113
0	6
1	0
0	0
0	0
0	0
9	0
41	38
420	37
6	17
0	1
0	23
3	1
0	0
0	0
0	0
1	0
0	0
0	23
14	69
0	0
29	9
0	7
0	65
0	27
0	23
0	8
0	17
0	8
0	21
0	8
0	0
0	9
12	24
0	16
4	0
0	9
14	0
0	0
1	26
6	0
56	3
0	0
0	3
2	0
0	0
3	3
2	0
0	0
0	0
0	17
0	23
0	21
18	670
0	43
4	23
0	44
2	18
8	5
9	21
2	44
0	3
1	0
0	0
291	13
0	1
0	1
34	21
25	38
0	12
5	2
0	0
1	0
0	2
8	4
0	1
330	43
0	43
30	0
0	5
0	0
0	0
0	0
0	0
0	0
0	0
0	0
0	0
0	0
0	0
3	24
8	7
0	7
0	7
1	0
10	0
0	3
0	3
0	0
4	0
0	0
74	26
0	23
1	1
9	1
0	1
3	2
0	0
0	0
0	0
1	0
0	16
0	57
0	116
1	0
6	116
0	0
0	95
16	2
2	2
19	115
5	0
2	2
9	2
4	156
0	2
0	5
12	154
2	75
0	3
0	0
166	22
30	6
0	16
1	30
15	18
0	7
0	7
114	0
0	19
2	3
1	0
3	3
0	3
466	2
9	7
0	2
0	0
0	1
0	3
0	1
0	11
0	15
0	74
0	74
3	74
5	11
2	4
0	2
1	1
3	7
76	24
629	4
0	21
5	0
0	0
0	0
36	0
0	0
0	0
0	0
235	47
1	47
0	11
0	11
4	0
7	33
0	27
0	33
15	14
1	1
3	0
5	0
0	6
0	3
0	3
0	2
2	3
0	0
0	0
409	0
284	95
0	86
24	42
0	4
0	4
0	2
3	0
31	0
336	10
0	63
65	75
0	25
0	57
0	63
0	62
24	349
79	349
0	0
198	58
0	5
1	1
0	1
0	1
7	5
0	3
12	0
0	0
8	65
38	6
0	4
0	4
0	5
0	31
16	18
0	17
0	18
3	0
0	0
0	0
0	0
0	0
1	0
0	0
88	2
3	2
5	2
7	2
6	65
0	65
0	11
17	8
5	12
0	1
2	0
0	0
0	0
2	2
0	0
2	4
0	4
0	2
0	0
0	0
0	0
0	0
0	0
0	4
0	0
218	16
5	16
13	0
0	0
0	6
3	24
0	6
0	19
0	19
0	19
4	231
0	231
4	226
0	211
0	132
1	2
1	1
0	0
0	27
0	27
0	19
0	14
62	19
0	42
3	42
32	1
0	1
0	1
0	1
0	1
0	1
2	1
0	12
0	11
0	22
216	48
0	8
1	0
0	0
1	0
0	2
0	0
0	32
0	19
0	43
7	11
123	59
0	20
5	0
77	82
3	70
82	22
0	4
1	0
22	35
0	35
0	0
0	0
0	0
3	31
0	4
36	35
0	10
0	90
2	90
0	98
4	0
6	19
0	17
1	17
0	9
0	0
0	36
0	22
1	17
0	36
0	2
0	0
0	2
0	2
0	2
0	1
0	1
0	0
41	12
0	0
0	12
8	0
0	0
0	0
0	0
27	55
0	55
1	4
141	4
21	191
0	4
0	191
0	4
0	0
4	0
188	0
14	2
0	2
6	2
0	0
7	0
0	0
3	26
0	26
0	21
0	9
7	2
0	4
0	4
5	4
34	2
0	801
1	448
23	329
2	34
168	362
0	73
0	293
1	61
0	404
1	14
0	3
6	4
0	6
300	193
7	151
8	154
25	38
8	39
84	11
1	11
0	0
0	9
0	9
75	114
0	11
0	55
0	100
8	104
1	3
0	2
36	0
10	8
0	8
0	1
11	4
11	2
1	0
0	0
1	10
0	2
5	0
0	9
0	9
1	9
0	9
0	7
0	9
0	9
0	4
0	10
73	10
4	0
2	0
1	0
0	1
25	1
0	1
2	1
0	0
0	102
1	102
75	16
3	16
0	14
0	11
0	1
1	1
0	1
0	0
39	162
8	15
0	177
0	4
1	13
0	5
1	13
4	14
0	2
1	0
0	11
0	12
0	12
3	12
0	16
0	4
48	0
2	0
1	56
0	26
0	56
0	53
0	24
11	23
0	7
0	3
0	1
6	20
0	1
5	0
6	0
0	0
0	19
9	4
0	0
1	0
0	0
0	4
3	1
7	11
258	37
1	34
0	3
0	1
0	5
6	20
26	20
33	14
8	21
0	24
13	26
3	25
0	13
6	0
1	1
0	26
4	0
0	39
8	0
1	22
0	25
24	97
2	0
1	0
0	49
0	74
37	69
0	2
0	0
0	3
0	2
3	0
1	1
0	0
1	4
0	0
1	0
0	0
0	0
0	2
0	4
2	19
0	4
0	0
0	0
0	124
0	0
0	124
0	0
4	0
9	7
0	7
26	20
0	20
4	1
0	0
97	37
0	26
2	20
0	15
0	0
0	0
40	2
0	2
3	0
7	0
0	98
0	1
2	13
1	7
3	13
0	16
6	2
13	8
30	11
94	0
1	19
2	19
2	121
0	124
0	108
1	6
0	4
0	0
0	3
0	3
0	3
1	3
0	3
0	3
0	3
0	3
0	3
6	0
0	0
0	56
295	33
0	56
234	0
4	0
1	0
42	0
0	13
0	0
0	13
107	10
0	10
1	0
0	0
0	0
0	0
0	0
5	5
5	2
0	3
88	2
0	2
0	2
4	0
0	0
40	778
0	762
7	0
0	0
0	0
8	3
0	3
0	0
23	8
0	3
0	5
0	6
0	1
0	1
57	0
2	0
0	0
401	6
0	0
0	2
0	4
16	2
0	2
12	12
83	4
42	12
11	5
0	13
0	0
2	19
0	19
0	6
2	2
0	0
15	14
0	0
0	14
32	42
0	42
23	8
180	50
0	50
0	1
6	0
0	0
0	0
0	0
0	3
0	0
28	4
4	3
0	4
2	2
0	1
0	0
27	42
0	9
3	1
0	0
0	2
0	2
0	0
0	0
0	254
0	55
0	36
30	56
0	54
21	28
162	0
34	198
72	1
0	54
0	26
1	15
0	13
0	8
0	19
218	105
0	105
0	0
0	0
0	3
0	1
0	4
158	145
63	73
0	65
1	3
226	163
0	42
0	42
3	16
0	0
2	10
0	10
0	3
0	0
0	0
0	0
0	0
0	0
0	0
0	0
0	0
0	0
0	0
0	0
45	3
0	0
9	0
2	0
0	32
0	32
0	3
234	32
0	31
11	3
0	0
0	0
0	1
0	0
0	0
0	75
0	46
0	38
0	75
0	75
3	71
0	9
0	1
0	1
0	1
1	0
0	18
1	1
0	0
1	0
0	21
10	24
0	50
66	73
0	10
0	1
0	106
5	106
5	0
0	2
69	2
0	0
23	0
0	0
30	8
0	15
13	2
2	9
0	1
14	2
0	24
0	23
0	9
0	7
0	23
0	23
268	1097
51	1102
0	38
18	33
0	0
0	2
0	0
0	2
0	0
1	5
0	5
0	0
3	0
1	15
0	15
0	6
7	22
0	22
11	5
0	13
5	13
0	3
0	0
6	8
0	7
0	5
7	7
0	0
4	95
26	95
2	7
0	6
0	0
0	9
0	8
131	0
0	6
78	36
0	19
0	15
2	9
0	23
0	17
31	17
2	0
0	2
0	1
0	1
0	1
0	16
0	1
0	0
0	5
0	5
0	2
0	2
0	2
0	2
658	57
0	57
38	8
15	17
14	71
1	81
0	29
0	24
0	0
0	44
0	11
0	21
0	3
0	3
0	0
0	0
2	0
0	6
0	6
1	8
0	2
0	0
2	0
0	7
0	20
0	20
0	16
0	3
0	0
39	29
0	3
0	3
1	22
114	2
0	2
3	63
143	63
0	13
1	0
4	0
1	0
0	28
1	28
6	0
52	74
0	74
6	30
17	29
0	0
52	0
0	58
0	58
0	8
0	10
22	69
3	70
0	69
5	9
0	1
0	72
0	77
0	37
0	77
0	77
0	7
0	43
0	4
2	12
0	37
0	0
0	1
1	9
0	4
0	9
0	9
1	4
0	3
1	5
8	52
11	180
61	180
77	142
2	144
1	2
0	2
6	1
0	3
0	33
0	33
110	34
0	12
74	22
3	4
4	4
2	63
0	63
0	63
2	18
0	3
13	5
0	5
0	1
1	0
0	0
0	1
8	0
6	12
0	6
19	7
0	0
0	2
0	2
1	5
0	5
0	0
0	9
0	2
0	5
4	13
0	12
0	5
0	5
0	5
0	0
0	5
0	5
39	27
179	95
0	93
0	150
0	124
6	98
0	1
5	3
0	0
0	4
44	17
5	1
30	1
19	1
164	188
0	169
0	99
0	17
1	0
225	43
0	56
0	2
8	0
0	14
0	0
0	9
5	9
0	1
0	1
0	0
0	8
0	7
20	4
0	2
0	11
0	11
0	2
0	1
5	0
0	0
0	0
0	11
14	4
0	15
21	0
4	0
32	326
0	326
0	2
0	2
0	2
0	0
0	1
1	1
0	1
0	2
19	199
0	99
0	2
0	2
4	2
0	2
14	2
0	2
0	2
18	1
34	20
0	4
0	3
0	16
0	13
0	273
0	0
0	169
8	110
12	11
0	95
3	0
5	141
2	141
0	270
0	9
48	33
0	25
2	4
0	3
0	3
0	0
7	4
0	0
0	0
0	25
0	2
0	25
0	1
0	10
107	6
1	6
0	10
14	8
57	3
2	4
0	3
0	0
4	343
0	317
16	87
1	30
0	78
0	0
11	23
0	0
171	0
0	0
0	23
0	2
13	29
3	13
0	0
0	29
14	13
1	20
0	0
0	0
3	0
0	0
0	0
0	5
0	3
0	5
0	23
0	0
0	0
0	0
1	0
5	0
8	42
2	30
100	8
0	0
0	0
0	0
0	3
3	5
0	0
9	6
0	7
12	2
22	12
7	9
22	0
0	10
0	27
0	25
0	25
0	2
27	0
0	19
0	19
0	12
0	12
3	13
0	13
0	3
0	3
6	3
0	0
0	0
0	0
0	0
0	0
194	1
0	23
0	23
0	24
0	24
0	24
0	4
0	0
0	0
14	68
0	0
2	74
8	68
18	7
5	14
0	8
4	1
5	0
0	0
4	0
3	7
0	6
4	9
0	20
65	0
1	51
0	51
10	14
0	23
16	40
3	11
265	23
0	0
5	0
0	46
0	62
0	4
0	0
0	0
0	0
1	0
1	0
0	13
0	62
7	11
0	9
0	0
43	22
239	18
0	0
0	4
60	159
0	108
0	62
0	59
0	55
0	5
13	50
0	201
14	8
0	201
0	0
0	0
5	288
0	28
0	31
1	1
27	0
45	20
10	20
0	34
232	287
233	88
18	98
0	96
5	157
0	1
7	152
0	5
1	0
1	1
0	0
0	12
0	5
0	0
0	2
0	0
0	0
0	3
0	32
115	30
0	0
0	3
0	0
20	6
1	30
2	0
4	117
60	117
32	83
0	83
107	35
0	0
0	0
0	0
27	46
0	25
11	13
103	9
0	6
18	0
1	4
266	70
0	61
9	3
2	0
1	0
0	14
0	0
0	0
0	14
0	0
1	200
14	4
0	4
0	103
0	45
0	1
0	8
0	20
0	16
0	10
0	4
27	0
0	80
1	80
8	11
4	11
1	11
0	40
0	17
0	8
4	1
0	0
14	6
0	0
1	0
29	8
26	0
0	0
13	6
0	6
0	12
22	57
0	12
229	1
6	1
24	16
0	13
0	12
0	12
0	50
638	46
0	3
0	46
0	8
0	0
0	12
0	12
0	17
0	50
72	62
0	35
6	50
0	59
0	11
0	12
328	101
0	12
0	1
19	0
0	102
24	8
5	211
0	8
0	8
0	8
9	1
1	105
0	11
0	15
0	1
0	0
0	0
1	0
0	0
11	14
1	1
3	1
89	16
1	2
0	1
1	0
1	0
0	0
16	0
0	0
18	8
2	4
0	0
0	0
63	0
61	9
14	23
0	22
2	9
0	8
0	8
0	8
0	8
0	8
0	8
0	8
0	8
0	8
0	8
0	8
0	8
0	8
0	8
0	8
0	8
0	0
5	5
0	1
0	0
8	0
0	9
244	326
7	1
0	5
13	1
24	13
11	0
0	321
12	0
2	12
0	12
0	8
0	0
0	18
0	18
1	14
0	14
39	13
20	0
0	8
0	9
0	9
0	11
0	8
36	71
0	47
3	41
9	2
0	16
8	27
63	27
4	2
191	236
2	223
0	13
8	0
1	13
176	159
0	4
3	146
0	122
0	71
0	56
3	56
0	0
0	0
0	0
0	0
1	31
34	6
28	6
7	93
0	89
0	2
0	0
618	1667
0	1667
2	753
0	743
0	1
9	0
4	0
1428	8
484	8
0	20
0	4
2	4
0	4
0	1
0	0
6	0
0	0
24	20
4	20
18	7
47	97
0	15
36	241
31	15
0	32
50	54
0	15
0	52
86	2
4	1
0	5
0	5
1	4
0	0
0	0
0	8
95	0
26	18
6	18
6	0
47	2
0	0
0	0
0	0
0	0
0	2
3	0
17	0
1	0
81	26
5	25
3	0
1	0
1	1
0	1
96	97
0	82
0	83
0	82
10	67
0	27
0	0
0	0
50	4
39	0
1	19
603	94
181	13
1	9
1	0
0	0
1	2
0	2
0	2
5	75
4	39
0	0
0	39
0	0
0	39
38	148
4	148
5	130
11	14
0	0
0	0
0	14
44	0
102	10
4	10
186	3
23	4
0	0
0	4
0	0
0	0
0	0
8	32
0	32
35	41
0	40
0	5
0	6
100	111
46	105
0	81
142	21
25	7
3	0
94	0
3	0
12	3
0	1
0	3
1	0
2	42
1	42
11	18
0	6
0	6
0	2
0	0
0	2
0	4
0	4
0	1
0	0
0	0
5	0
0	0
2	0
0	0
0	0
0	68
0	68
0	71
15	66
54	22
19	22
0	0
0	0
0	0
0	0
0	0
0	0
0	0
53	9
1	0
0	4
15	91
0	79
183	13
15	0
5	4
0	1
1	0
85	282
0	35
0	26
0	282
0	137
0	30
0	0
22	25
0	0
0	20
5	0
0	112
0	3
0	24
0	0
79	21
87	16
0	16
89	50
25	64
0	2
19	9
6	6
0	11
1	2
37	70
0	32
0	0
9	0
1	1
5	0
0	68
3	24
0	17
0	2
1	0
4	12
0	0
1	0
1	13
0	0
0	7
0	0
1	0
0	0
0	14
0	0
0	0
0	0
0	1
0	0
3	14
0	4
81	2
0	0
54	80
100	5
0	5
0	81
4	0
0	3
5	0
11	1
0	2
0	2
0	2
7	2
0	1
0	1
2	1
0	1
2	0
13	5
0	4
265	4
1	1
2	2
1	3
1	3
2	35
97	35
0	0
0	0
0	4
0	53
33	340
36	340
11	142
11	4
0	1
0	1
0	2
0	77
0	77
0	77
0	7
0	0
0	0
0	73
0	73
0	73
0	73
0	73
1	71
1	0
0	55
0	4
2	0
7	0
0	0
0	71
0	71
173	7
5	12
1	3
1	3
0	0
0	0
74	26
0	4
0	24
0	6
0	6
0	1
0	139
0	0
0	0
0	139
7	134
0	0
2	18
1	18
0	18
0	18
0	18
2	18
51	10
0	10
7	0
0	0
0	1
199	0
0	0
1	0
0	1
0	0
0	1
0	3
0	3
15	9
0	0
5	3
0	6
0	3
0	3
81	84
0	83
0	57
29	17
0	17
0	21
5	13
65	18
17	82
0	84
0	80
153	58
0	42
0	0
0	0
5	150
0	70
0	150
0	60
0	32
0	14
0	0
1	0
0	0
0	14
0	0
3	0
0	0
0	0
0	0
5	0
23	5
0	41
0	41
0	41
62	111
0	217
0	32
4	8
0	80
2	114
0	115
26	109
0	33
0	31
0	33
0	31
0	29
0	31
0	2
17	0
13	10
0	4
0	6
2	0
0	0
0	0
0	0
1	0
0	10
0	0
0	3
0	39
0	39
9	35
5	36
26	20
0	0
0	0
128	25
20	18
0	7
0	25
38	2
7	6
68	16
0	26
12	26
8	4
13	4
3	2
8	0
412	11
10	7
0	4
0	0
0	53
4	0
0	4
0	4
1	17
0	13
0	2
0	3
2	0
0	0
0	0
0	2
0	3
0	13
0	13
0	13
0	13
0	14
0	13
7	14
0	12
0	11
0	13
1	27
28	36
3	18
0	0
0	0
8	3
35	0
1	1
2	5
0	5
0	5
0	0
0	0
2	0
604	15
0	15
11	0
0	30
0	37
0	38
0	30
0	27
0	9
5	2
0	2
0	1
1	0
69	52
3	47
0	4
5	5
12	1
0	1
0	11
0	11
9	20
2	4
4	4
0	3
24	0
2	1
0	1
0	1
31	15
0	15
9	34
0	32
13	12
0	2
27	43
0	43
2	11
1	0
0	0
0	0
0	0
0	1
3	1
0	1
0	1
0	0
0	0
10	0
2	0
0	0
0	0
1	0
20	8
0	7
0	1
0	0
0	1
0	0
0	0
0	0
0	0
0	0
0	2
4	3
14	2
12	20
1	16
2	7
1	20
0	20
0	0
18	18
2	0
1	1
0	0
0	0
0	0
0	0
0	0
0	0
0	17
47	28
0	28
257	360
33	348
4	316
0	7
13	8
37	12
23	60
0	57
7	37
0	17
0	12
10	1
4	12
24	12
0	2
0	2
25	0
0	0
0	2
0	2
0	0
1	3
34	142
0	5
0	142
10	11
0	11
0	0
0	10
0	0
25	3
6	63
0	0
0	60
4	1
3	0
0	68
0	68
0	68
0	60
8	68
18	98
0	94
15	90
3	51
6	4
0	3
58	0
6	3
105	13
0	13
4	38
0	41
0	1
1	1
0	1
2	11
0	7
0	4
0	21
0	21
0	21
0	21
0	9
2	17
0	17
0	8
35	2
0	4
1	0
2	59
117	18
0	40
0	15
0	0
2	0
0	2
3	5
15	47
14	42
60	78
4	68
0	73
0	33
0	21
61	5
2	8
53	49
0	4
0	4
0	3
14	0
0	0
4	20
0	1
2	20
0	17
0	0
67	115
7	0
47	68
9	6
0	1
2	1
0	1
2	66
0	42
0	33
0	32
0	42
2	43
0	3
0	1
0	1
0	26
0	40
0	32
0	1
14	20
0	10
0	4
0	101
2	104
0	104
0	0
0	0
8	3
21	0
79	92
1	92
0	7
1	8
21	1
1	53
44	18
0	13
1	18
0	13
0	1
0	22
0	38
70	21
0	21
14	0
1	0
0	0
74	1034
0	1034
0	35
0	42
0	0
0	31
0	30
1	67
0	66
0	0
0	6
0	35
0	34
0	35
0	0
0	6
0	0
0	0
4	6
7	10
0	1
0	4
30	25
33	4
1	22
0	18
0	18
0	25
0	21
30	2
0	29
0	22
23	3
0	1
19	0
0	1
0	1
0	0
0	0
0	0
0	1
1	37
5	37
0	12
207	21
0	3
0	2
5	5
0	5
0	1
0	9
0	0
1	1
0	1
0	0
0	1
2	4
0	0
1	0
0	3
0	1
0	0
0	0
13	9
0	4
29	22
0	22
7	18
0	0
2	0
2	0
0	5
0	5
26	37
2	35
0	3
2	0
0	2
3	1
225	2
4	25
0	25
0	16
0	17
13	11
0	10
1	3
0	11
106	0
0	0
21	11
1	11
58	6
0	4
176	3
16	38
0	37
0	4
671	157
1	107
1	50
45	24
0	33
0	23
0	15
0	24
0	15
0	9
0	7
8	18
0	6
0	5
15	15
0	14
0	1
2	0
0	1
3	0
3	1
2	1
0	3
26	5
0	3
0	0
0	0
0	0
0	0
442	151
4	151
0	19
0	19
0	8
3	0
13	10
2	0
0	2
7	7
0	10
0	3
4	9
0	0
0	18
0	40
57	21
26	5
85	5
0	0
0	0
5	0
1	0
0	1
0	1
0	1
0	3
0	3
0	1
66	503
3	504
3	190
1	74
0	0
9	2
0	1
0	1
0	3
0	3
1	1
0	1
120	25
1	21
0	37
142	37
63	34
0	0
27	7
3	14
2	0
2	0
0	23
0	21
0	3
0	0
0	34
0	33
0	209
0	0
0	0
1	0
0	0
2	1
5	20
0	17
0	18
0	211
0	42
0	42
40	32
164	101
0	101
0	1
0	8
0	7
73	141
0	141
0	134
0	149
14	132
50	111
0	115
0	30
0	3
22	15
34	59
0	35
0	59
0	2
0	0
5	270
0	270
25	329
32	334
0	275
0	183
46	175
0	1
5	4
0	0
14	11
0	1
0	0
2	1
0	5
95	1
0	1
6	1
2	1
136	30
0	30
0	10
0	0
1	0
0	0
0	10
0	10
1	0
0	10
6	0
0	10
0	3
0	1
0	1
0	1
0	1
0	0
11	22
0	0
88	0
0	35
132	8
16	8
3	10
0	10
0	10
0	10
2	0
0	0
0	0
0	8
0	0
0	0
0	0
0	3
0	0
44	21
0	20
14	8
1	9
0	2
2	0
0	0
0	0
0	8
0	647
0	647
164	0
6	0
0	0
0	0
0	2
0	2
0	2
0	0
1	0
0	2
0	8
0	3
0	3
0	3
0	3
0	3
0	3
4	10
0	0
2	0
39	197
13	185
0	37
15	1
0	130
3	0
1	69
1	69
2	69
0	0
3	0
0	0
0	0
4	10
0	10
1	10
0	0
1	9
0	4
0	4
9	6
0	6
4	3
0	0
1	0
0	0
13	136
0	79
0	52
0	28
78	89
0	0
0	0
3	7
1	7
15	44
3	44
3	0
0	15
5	15
0	2
0	0
0	1
0	1
76	50
0	29
0	16
0	10
0	10
0	1
0	0
0	0
0	0
0	0
0	0
0	0
0	0
15	1
9	5
1	0
0	192
0	117
0	117
25	62
12	63
0	129
17	122
0	0
2	3
1	122
0	127
0	127
0	36
114	36
0	5
0	5
1	0
2	0
0	0
0	2
0	2
0	0
60	21
0	20
1	21
0	7
8	7
2	1
0	7
97	102
1	83
5	5
0	5
0	119
0	119
0	119
16	119
0	7
0	2
10	17
0	2
0	0
0	15
0	1
0	6
0	4
0	3
21	5
0	6
0	2
0	0
0	0
528	0
1	46
0	46
0	1
3	624
0	11
3	622
0	5
7	9
52	5
13	60
0	60
0	0
0	1
2	78
3	72
3	73
0	78
9	47
0	9
0	8
0	39
3	31
11	26
8	1
0	1
13	161
0	154
56	4
0	4
0	26
0	3
0	158
0	3
0	3
0	2
0	1
12	1
0	0
0	0
0	0
0	1
4	1
0	23
0	14
0	68
0	9
0	0
1	0
0	0
0	11
0	11
80	8
0	0
1	8
14	4
0	0
1	8
8	0
5	0
1	1
0	10
0	15
27	15
0	10
0	0
4	1
0	0
0	0
4	0
3	0
0	0
0	0
29	30
24	3
0	28
48	37
0	37
0	4
0	12
0	4
0	12
1	0
110	0
0	0
145	10
13	15
0	15
0	2
339	7
1	0
0	0
0	0
0	0
0	0
0	0
0	4
0	4
0	5
4	2
0	0
0	0
0	0
1	0
0	0
32	0
0	0
0	0
47	4
0	4
4	2
3	2
2	5
0	8
0	5
0	8
4	148
12	148
0	1
0	0
17	170
12	7
8	170
8	5
0	0
1	5
0	1
3	0
0	18
0	11
6	10
0	1
0	10
1	0
0	9
0	13
0	0
4	1
1	5
0	0
2	0
0	4
0	3
0	3
1	0
0	0
1	3
0	3
222	47
0	47
17	0
1	17
0	31
0	31
2	16
76	173
1	1
0	1
0	12
16	8
0	10
0	7
2	0
0	1
0	0
0	0
0	0
0	3
0	5
0	3
5	1
0	0
0	1
401	0
0	0
0	15
0	13
0	18
0	10
6	2
10	0
0	0
486	0
0	33
0	35
7	26
0	3
0	3
0	1
0	18
2	3
1	0
0	18
482	33
174	9
1	2
1	7
0	20
0	20
0	0
3	0
13	5
0	14
0	14
6	1
0	0
1	0
1	0
0	0
0	1
0	77
0	38
1	64
0	77
0	0
1	4
8	13
0	13
10	98
0	97
0	82
13	0
0	42
0	40
0	2
4	6
4	0
48	24
22	24
32	134
3	116
16	134
53	29
64	135
0	141
0	1
0	1
0	4
1	4
0	0
0	0
0	0
362	194
6	146
10	127
40	101
237	48
0	39
20	172
20	3
0	171
16	42
0	4
4	4
2	4
0	4
30	20
0	2
0	9
0	9
0	8
0	0
0	0
0	0
1	46
0	46
2	0
0	33
0	33
0	33
0	2
3	10
0	10
65	7
6	85
8	79
0	6
0	6
8	6
4	6
19	85
0	85
21	128
2	113
0	15
0	8
24	293
0	1
1	200
46	200
0	58
0	9
0	6
30	0
2	4
0	1
21	58
21	98
0	40
0	0
0	6
0	6
0	6
6	13
33	336
0	365
18	345
0	371
2	5
68	25
10	25
17	16
3	0
0	0
0	0
0	0
0	0
0	0
0	0
0	0
0	0
0	20
113	33
0	6
0	0
0	30
0	7
10	2
5	0
8	0
10	5
0	0
5	22
29	8
0	0
1	89
0	63
0	8
28	20
19	51
0	11
0	17
0	9
0	9
0	19
23	25
0	14
1	14
0	7
2	91
0	15
0	87
11	3
0	11
0	15
0	28
0	57
0	9
27	8
8	7
6	7
0	0
19	0
0	0
0	0
0	43
0	43
0	23
20	240
0	240
61	28
1	19
0	3
1	2
0	7
21	2
0	16
0	16
0	2
0	1
142	0
0	38
0	6
0	31
0	2
2	1
1	0
0	87
1	33
36	113
0	9
60	9
241	54
0	21
6	21
0	9
0	37
8	36
4	36
12	0
10	13
0	2
3	2
0	0
110	0
0	0
1	0
6	0
31	0
0	42
0	2
0	0
0	0
11	40
39	45
0	22
15	123
0	12
4	4
12	0
2	75
0	75
1	70
0	0
0	1
0	1
2	2
0	0
7	4
0	1
0	1
77	13
72	13
0	13
2	0
0	10
0	10
10	10
76	10
0	7
0	7
0	4
638	120
12	69
3	58
15	54
7	22
0	0
52	23
0	46
0	48
47	5
0	0
58	10
67	2
26	11
0	105
168	50
0	50
2	9
0	9
0	9
0	9
0	9
0	9
0	9
3	6
0	6
0	0
0	0
0	0
11	28
1	21
0	21
0	1
0	19
141	26
6	11
0	1
17	140
0	139
7	0
3844	1
10	0
0	28
0	28
18	15
0	9
0	19
64	28
0	28
3	15
0	20
0	6
0	1
0	0
3	0
0	0
1	1
10	24
21	23
119	21
0	21
0	3
0	0
316	4
0	3
3	2
0	1
0	1
0	0
0	0
0	0
0	0
168	405
21	427
54	26
15	0
0	17
66	20
19	20
155	55
0	55
11	0
3	0
0	80
0	61
0	40
0	49
0	28
0	28
0	26
0	36
0	36
0	37
51	21
1	6
0	5
17	16
0	0
0	11
0	11
181	19
117	34
3	11
30	11
0	11
0	12
9	3
1	0
0	114
0	101
0	80
0	9
8	9
6	0
0	85
0	34
0	35
0	77
0	77
0	19
0	4
1	4
0	1
0	106
1	0
10	0
2	0
0	0
0	2
0	2
0	150
24	149
11	10
0	0
0	6
0	0
5	113
1	23
3	1
0	1
241	564
4	569
4	350
0	15
129	57
0	43
2	0
7	14
86	0
24	37
0	28
5	7
1	11
0	7
5	4
17	8
0	4
0	3
6	4
572	3
2	3
0	3
15	3
39	0
1	127
0	126
0	107
1	0
1	100
0	36
7	0
0	4
1	4
208	0
0	0
82	66
1	66
0	0
3	1
0	0
0	0
0	0
0	0
0	0
0	0
0	53
13	53
1	0
301	0
0	32
1	108
0	29
41	57
0	24
0	1
0	1
10	3
5	0
0	0
13	0
7	77
0	33
5	75
0	114
0	67
43	3
0	0
23	112
0	1
0	1
0	1
0	1
0	1
9	0
0	1
0	1
0	1
0	1
0	0
0	11
0	19
0	20
0	10
0	6
0	5
0	4
0	7
0	7
0	7
0	7
0	7
0	5
0	0
0	0
0	0
181	349
0	296
0	332
0	349
0	440
0	177
0	141
0	118
5	330
10	0
0	4
1	15
4	16
9	13
10	0
65	21
9	17
0	0
42	4
0	1
0	1
0	10
27	67
0	0
0	64
0	16
29	0
0	16
0	1
1	0
0	2
0	3
4	88
0	5
48	0
25	37
0	37
0	1
0	2
0	1
0	1
0	1
34	1
6	10
0	6
0	6
3	0
0	0
0	0
0	2
0	6
0	0
0	0
0	2
0	0
0	0
0	0
0	0
1	0
0	0
1	0
0	0
0	0
18	63
5	0
0	6
4	8
4	1
0	0
0	1
1	0
0	10
0	8
0	2
0	74
0	66
61	74
0	66
0	0
0	0
7	5
10	0
1	0
131	60
5	60
0	0
0	0
12	204
0	218
0	70
302	70
6	1
8	10
0	8
0	26
6	9
0	11
0	11
0	9
27	27
0	24
0	5
0	8
5	20
0	4
55	268
0	4
0	4
0	8
158	0
69	0
57	44
16	37
0	39
0	0
0	0
0	0
1	0
39	0
0	0
0	0
0	0
10	10
0	0
12	12
0	12
10	5
1	7
1	7
0	4
0	4
0	0
6	1
0	0
0	0
0	0
2	0
1	9
46	10
0	6
68	19
0	19
0	0
0	3
14	0
3	0
8	98
5	15
6	15
0	98
0	0
0	0
0	92
1	92
0	8
0	0
0	0
11	0
233	52
0	35
0	1
7	0
81	1
0	1
0	9
600	9
0	69
0	4
0	0
0	0
0	58
0	13
0	4
0	20
1	20
0	13
0	69
0	9
0	13
13	0
0	8
0	56
62	59
0	47
0	7
0	15
0	7
0	1
0	0
0	0
0	0
5	26
4	30
0	0
0	8
2	8
0	18
2	5
18	17
0	131
0	131
0	107
0	106
0	106
0	0
11	14
6	4
0	28
0	11
1	11
0	1
0	0
0	1
0	1
9	1
0	1
17	32
1	0
22	44
0	6
0	8
164	19
0	19
0	1
0	3
0	3
41	78
19	81
0	31
186	31
18	43
0	46
0	44
0	26
8	1
0	239
0	239
0	41
19	35
0	53
0	35
0	53
0	12
0	4
0	0
6	365
3	0
0	2
12	260
0	155
0	6
0	89
6	358
18	230
57	30
0	29
2	15
0	1
5	0
0	22
57	54
45	20
129	55
1	4
0	4
9	4
2	0
18	0
2	0
0	0
163	33
9	21
0	37
37	584
0	582
0	292
106	295
0	9
39	15
34	10
3	1
0	0
1	0
0	0
0	1
9	174
0	0
0	0
0	41
0	4
2	18
0	4
1	3
3	0
0	36
12	173
0	0
0	10
0	7
1	10
1	14
0	14
6	10
26	2
0	0
0	0
0	0
1	2
7	3
0	0
0	0
0	0
0	12
10	5
206	17
0	5
9	60
2	12
29	323
3	10
0	0
39	425
0	1
31	120
25	1
16	1
0	0
0	5
0	8
0	5
0	5
0	9
0	13
62	48
23	48
5	37
42	35
3	10
1	0
2	0
25	13
15	40
0	2
0	2
0	3
0	0
0	3
328	38
0	12
0	2
0	3
0	3
0	1
0	1
0	1
469	0
0	1
0	0
0	0
0	0
0	0
0	12
6	13
1	50
0	10
0	12
408	79
0	736
0	738
0	736
0	4
0	2
0	2
0	2
0	2
0	2
0	4
0	4
0	2
0	2
0	2
0	4
0	2
22	2
0	9
0	0
6	9
0	22
6	22
0	742
0	742
3	2
0	2
0	2
13	1
1	1
12	28
1	7
1	0
1	0
0	21
10	11
0	2
0	10
10	10
5	1
2	18
0	9
5	6
0	11
44	1
0	1
0	41
5	13
0	41
5	10
0	0
0	0
16	0
0	5
3	10
0	11
0	11
0	11
0	0
2	11
0	20
0	0
1	2
0	2
0	0
0	16
0	16
0	7
0	47
0	31
0	1
6	1
0	35
135	92
0	1
0	0
0	57
0	55
150	16
297	162
17	146
0	1
4	0
15	14
0	7
0	0
1	7
0	7
0	0
0	13
0	13
0	7
0	13
0	0
0	0
0	13
0	6
1	0
0	0
0	0
0	0
0	7
0	7
1	0
10	0
21	7
20	27
2	48
4	26
7	32
140	96
0	26
21	75
289	32
0	32
33	528
32	13
0	1
0	0
0	0
0	13
2	0
0	0
14	375
79	5
7	5
1	0
0	1
0	0
0	13
0	8
0	13
0	0
0	0
0	0
4	8
0	8
0	5
0	1
0	5
1	0
0	0
0	1
0	0
0	1
0	0
0	4
10	0
36	44
0	10
0	27
7	23
628	198
0	0
12	0
2	1
0	0
0	0
0	1
0	0
4	1
0	1
0	359
2	359
2	98
0	0
305	14
0	14
0	0
2	0
10	0
2	0
96	63
6	0
0	0
0	0
0	0
0	0
0	6
0	4
0	3
0	3
0	3
0	3
0	17
32	0
0	13
0	23
0	17
0	0
0	0
0	0
0	0
0	0
0	8
0	8
0	1
0	2
0	0
0	8
0	0
74	38
4	4
0	47
1	45
0	31
0	18
0	24
0	0
0	0
15	6
0	0
0	5
0	5
11	1
0	5
0	5
0	5
0	5
0	5
173	0
28	0
0	0
0	0
1	18
0	0
0	1
0	6
4	10
0	0
3	0
23	0
0	12
3	12
0	0
0	10
0	10
0	1
0	25
34	29
0	3
3	4
0	9
0	4
0	4
0	3
0	1
6	13
2	0
0	0
0	18
0	18
0	30
0	24
0	85
26	73
1	4
0	4
0	40
3	40
6	2
53	29
8	1
420	187
6	88
0	155
0	18
180	85
296	65
0	85
0	47
1	3
0	9
0	10
0	10
0	10
0	7
0	3
0	4
0	3
0	3
0	3
0	4
0	1
2	1
0	0
0	0
0	2
0	349
0	349
0	0
0	0
0	1
0	1
0	1
0	0
1	15
0	40
0	40
0	10
4	6
0	8
0	27
0	27
0	21
0	36
552	51
0	51
36	0
6	2
0	2
0	1
0	1
0	37
0	38
0	43
2	0
0	0
0	0
14	76
0	78
0	15
8	35
0	5
16	11
0	22
0	1
0	2
4	6
8	0
0	0
0	0
0	0
0	2
0	0
3	8
0	0
0	0
0	0
181	41
0	35
0	11
0	1
3	2
0	0
5	1
0	3
1	6
1440	119
21	0
63	371
0	371
0	367
0	4
0	4
0	265
0	265
0	0
0	244
0	14
0	31
3	0
7	59
4	59
0	57
1	0
4	57
2	1
5	2
0	0
0	0
0	0
7	129
0	127
0	38
0	5
11	8
4	0
0	13
13	1
0	5
4	1
0	2
815	26
0	0
0	0
0	0
0	0
0	3
1	1
0	1
0	3
1	0
0	0
8	245
1	0
0	174
31	249
35	122
1	3
36	0
17	45
1	0
13	12
43	16
0	14
0	1
0	0
59	11
226	177
7	177
42	122
0	115
0	116
0	113
0	112
7	25
4	107
13	84
0	107
0	113
184	313
283	27
1	0
0	2
0	25
0	0
0	0
0	0
0	5
1	11
4	15
0	9
2	9
41	341
48	9
4	0
11	9
89	132
64	305
0	6
4	0
3	0
5	0
0	0
0	8
22	9
0	7
30	7
0	1
0	6
0	0
7	5
0	5
0	0
12	2
38	1
0	0
0	0
0	8
53	7
0	2
0	0
0	1
0	8
0	7
0	7
0	8
0	2
0	2
0	0
142	5
0	5
0	0
24	8
3	13
10	20
0	11
3	14
0	10
0	3
0	0
0	0
0	0
0	2
1	0
3	0
0	0
0	0
0	0
0	0
27	45
0	44
0	2
0	0
2	1
12	12
0	12
0	10
0	163
0	72
0	13
0	5
11	0
15	3
0	0
0	0
3	0
23	1
5	3
0	0
0	5
0	167
9	0
22	1
0	1
2	0
0	3
8	7
0	7
0	3
0	3
0	3
0	3
4	3
1	3
0	57
0	57
0	2
0	2
0	1
0	16
0	57
2	27
0	27
0	0
0	0
0	6
0	6
5	0
161	101
0	100
26	27
0	22
0	16
0	10
0	2
22	23
0	23
661	0
186	0
10	4
0	4
11	11
0	127
40	127
4	7
0	0
66	31
0	2
1	8
0	2
8	7
0	8
0	8
0	2
0	0
13	62
1	58
5	7
18	58
27	89
0	99
0	1
0	82
0	25
1	0
0	0
25	119
275	153
1	0
0	0
1	0
0	153
0	155
0	0
0	63
8	63
0	1
0	0
0	0
0	0
3	0
17	26
0	21
0	26
25	16
0	14
2	3
0	39
1	5
0	38
4	2
10	9
24	7
55	27
9	0
4	27
159	40
0	28
10	9
0	1
0	8
0	1
0	0
0	3
3	2
12	11
0	10
30	0
0	0
4	13
0	12
6	11
103	0
169	18
3	38
83	36
6	13
0	5
7	75
6	13
0	1
1	12
169	12
0	0
0	0
0	0
2	6
0	14
0	14
0	6
0	6
4	7
0	2
0	2
1	32
0	1
0	0
6	0
3	16
0	11
0	6
41	25
0	22
0	14
0	0
0	5
2	0
15	89
0	77
16	32
195	13
21	13
0	18
32	28
0	4
103	123
17	133
0	0
0	10
0	1
9	14
0	0
0	0
1	0
0	0
0	0
54	145
29	44
52	146
0	0
0	22
36	6
0	11
0	23
0	22
7	0
0	1251
0	1258
6	1054
0	233
0	837
0	1
0	165
10	159
33	137
0	6
6	12
25	332
0	313
0	0
0	1
0	315
0	2
1834	81
0	6
0	10
0	0
0	0
1	10
4	75
0	0
0	0
0	0
12	34
0	17
1	31
0	0
1	0
0	18
1	2
0	14
0	3
0	14
26	3
0	0
0	0
1	3
17	0
0	0
14	0
0	0
0	5
0	5
63	0
79	82
1	58
0	8
0	2
6	6
0	1
12	5
0	4
46	0
0	0
0	0
4	0
0	8
6	2
0	3
103	117
53	117
6	4
3	11
0	11
22	12
0	5
0	3
0	3
0	1
0	0
0	0
3	3
0	3
0	10
9	13
0	6
0	6
0	10
0	10
4	52
0	31
0	15
0	22
0	21
5	1
8	36
6	0
33	15
40	309
2	3
13	2
0	0
0	0
1	2
6	102
5	102
0	94
3	39
32	513
3	4
25	2
7	4
2	18
51	16
0	2
59	1
0	1
0	1
6	1
0	0
0	1
0	11
0	35
1	0
1	0
0	4
0	4
0	4
60	66
0	62
13	22
0	46
2	190
505	190
0	6
0	48
0	39
0	26
0	26
291	2
5	0
0	0
0	1
0	0
0	1
0	1
0	6
0	6
0	1
0	1
0	23
0	3
2	36
2	38
2	38
0	151
69	146
6	0
0	0
3	5
11	24
0	5
1	0
0	1
4	1
0	22
0	22
0	7
0	7
19	1
0	0
7	109
3	3
5	3
2	0
0	99
0	10
6	4
2	2
1	1
0	3
3	103
2	19
8	19
2	8
9	4
0	16
4	70
1	70
0	43
57	121
7	4
0	117
2	46
1	0
154	38
0	0
4	18
2	38
168	25
19	12
0	12
6	3
0	2
44	14
221	31
0	19
0	48
9	48
0	4
0	42
16	19
0	13
0	7
0	4
0	2
0	5
0	4
0	1
0	4
23	22
0	41
310	85
0	61
0	4
3	3
74	49
0	59
0	5
0	5
4	0
0	0
3	0
6	0
0	11
0	0
0	0
0	0
0	0
0	0
0	16
0	5
50	349
27	349
2	1
11	55
0	31
0	0
0	10
0	10
0	0
0	10
0	27
3	15
8	46
0	11
23	13
0	5
3	12
201	44
0	11
42	28
0	19
0	7
0	7
0	7
0	7
0	19
0	7
0	7
0	4
0	7
0	7
0	7
0	7
0	16
0	16
0	7
0	7
0	7
0	7
0	7
0	5
0	1
7	4
0	5
2	1
0	0
3	0
0	19
0	9
0	6
0	6
0	6
0	6
0	9
0	6
0	3
0	9
38	0
1	0
0	5
0	6
0	4
0	4
3	4
4	2
0	2
11	156
4	79
0	156
0	0
0	0
0	5
1	5
0	10
6	29
0	16
7	11
92	11
0	29
0	6
3	0
0	0
0	0
0	29
103	32
0	4
0	4
7	26
75	26
1	88
0	100
0	78
97	74
2	84
5	89
0	0
0	1
0	1
32	70
0	72
0	6
0	0
0	0
0	0
0	0
0	31
273	63
0	63
0	8
19	52
4	0
0	0
2	9
7	52
4	0
2	24
0	18
0	18
7	1
0	8
0	8
0	13
1	0
0	1
0	0
0	1
175	23
0	18
10	0
38	0
0	14
11	38
10	7
0	0
1	1
5	0
0	0
0	2
0	0
41	8
0	7
6	20
93	202
0	45
0	121
0	2
0	36
3	27
4	94
53	94
0	0
0	0
0	6
0	6
0	6
0	1
2	5
3	0
3	44
0	3
0	91
9	91
1	16
1	0
5	0
11	19
0	9
0	18
0	1
0	1
1	0
0	0
0	0
11	0
0	0
0	19
0	16
0	18
1	0
0	0
5	0
4	24
0	24
3	0
0	21
0	3
14	25
0	5
0	5
0	5
0	13
0	1
0	10
7	15
0	3
0	3
0	1
0	0
0	1
0	3
0	21
0	1
0	1
0	1
0	13
4	4
0	0
0	21
4	561
0	540
0	505
89	44
1	44
11	68
48	34
0	41
0	0
1	1
1	0
0	1
10	14
17	0
0	9
2	9
0	1
0	7
21	167
0	161
0	159
1	8
20	438
0	27
0	27
0	6
16	18
2	21
1	0
0	3
0	16
20	8
0	1
2	2
5	7
1	2
1	2
0	43
0	4
5	92
0	86
107	103
0	86
0	78
13	7
0	2
10	14
0	0
21	0
2	6
54	113
0	14
0	0
0	21
0	26
0	1
0	0
0	1
4	18
0	0
0	0
0	0
0	0
0	0
0	12
0	0
1	31
0	0
28	0
8	1
1	16
0	28
0	65
0	6
150	48
517	120
7	36
0	113
91	7
0	0
0	0
0	0
2	42
1	42
0	5
0	26
3	6
29	27
7	397
97	5
33	7
8	0
0	7
9	6
0	0
0	0
0	0
0	2
1	2
2	1
1	11
0	11
0	4
20	8
1	1
0	0
4	2
4	7
2	0
4	0
146	597
52	175
10	164
0	157
0	156
0	7
0	0
3	0
4	24
13	11
0	5
0	6
0	6
0	15
7	15
0	5
1	0
5	5
0	8
0	12
0	12
0	9
0	0
2	14
16	3
0	0
9	0
0	0
0	0
0	0
0	0
0	0
1	0
4	0
0	0
18	0
3	44
0	44
0	18
0	29
0	9
0	9
0	9
0	9
0	9
0	9
0	9
0	9
0	9
0	9
0	9
0	9
0	20
0	20
1	9
0	5
0	5
0	0
0	0
0	0
8	70
0	57
0	34
0	9
0	9
0	9
0	7
0	7
3	1
0	0
0	0
0	1
0	1
24	66
0	0
13	4
0	34
0	34
0	34
12	7
2	5
2	13
0	0
0	2
0	13
183	0
35	0
12	0
0	0
449	99
0	99
0	73
1	0
5	0
0	0
7	3
0	3
1	2
0	4
31	5
4	4
0	23
0	23
20	4
22	0
0	0
0	4
0	5
141	0
0	2
0	5
0	7
0	2
0	2
0	2
0	2
0	7
0	2
222	0
20	32
1	0
45	476
0	206
4	0
5	0
0	0
13	0
0	0
56	0
0	0
0	0
5	0
32	24
0	24
0	16
0	4
65	21
0	21
20	3
16	16
28	0
8	16
0	16
0	4
5	0
0	3
6	3
143	3
0	0
1	3
0	3
8	3
7	20
17	20
0	9
0	0
0	0
24	0
0	0
3	0
1	0
0	28
0	1
0	1
2	5
0	36
14	41
0	41
0	36
0	2
0	36
0	22
63	34
0	35
1	0
318	94
0	88
0	58
1	13
0	40
0	33
0	33
0	17
18	0
0	9
0	0
3	8
0	3
0	3
6	0
0	0
0	0
0	31
0	20
7	10
1	1
0	3
0	1
0	4
0	0
0	5
0	0
0	3
0	3
0	0
0	0
0	1
0	0
0	10
72	401
5	40
26	277
0	91
0	35
0	34
30	272
0	43
0	43
250	306
0	267
0	111
0	116
0	108
3	104
10	107
0	0
9	0
0	19
0	19
0	3
35	438
0	10
35	43
0	7
0	12
0	6
0	6
0	2
0	15
0	0
0	0
0	0
0	42
4	48
2	5
0	7
0	2
0	0
0	0
0	0
0	0
0	43
1	0
10	2
0	0
33	1
20	34
35	37
0	0
0	7
0	23
0	6
0	7
0	2
5	9
27	12
0	12
0	5
0	3
0	0
352	2
1	2
11	1
1	0
0	0
5	0
21	3
120	7
337	0
3	0
21	172
0	172
0	168
0	167
0	2
0	0
9	1
0	2
0	2
0	2
0	1
3	0
38	2
2	4
4	10
2	13
0	11
0	13
0	3
0	4
0	4
37	30
8	20
3	6
19	151
0	151
0	151
3	139
25	139
0	132
0	135
0	1
0	0
0	0
0	0
0	0
7	1
0	0
1	0
0	0
0	1
0	1
0	0
0	0
0	0
0	0
3	0
2	0
2	1
173	5
0	9
3	4
0	4
0	4
0	9
0	3
0	10
0	0
1	0
0	5
2	0
0	6
0	3
8	11
0	13
15	53
0	5
0	4
104	2
0	3
0	12
0	3
0	7
0	1
0	0
0	54
0	2
0	4
0	8
0	4
3	3
1	4
0	9
0	4
0	5
0	8
3	0
0	0
129	136
0	2
70	149
0	9
0	55
0	6
2	104
0	3
1	0
1	0
0	10
0	119
0	15
35	5
32	2
88	10
0	8
2	8
0	14
791	17
0	6
0	3
0	17
0	0
2	0
248	26
49	1
0	2
13	31
0	6
0	26
0	14
1	10
7	2
0	2
76	1
0	0
1	0
0	1
23	26
9	34
0	12
0	25
0	0
0	0
0	0
0	8
0	18
0	0
0	1
0	0
0	1
0	0
0	1
0	0
8	2
182	12
0	0
5	14
4	540
3	540
34	23
15	31
0	19
8	13
0	0
1	10
13	13
0	4
53	4
4	1
0	3
9	11
0	30
97	42
0	0
2	5
0	2
0	3
6	14
155	89
1	0
0	1
14	5
35	2
8	84
618	37
0	41
0	41
0	0
0	10
0	3
0	10
0	15
0	10
0	3
0	3
0	3
0	3
0	10
0	7
0	7
0	1
0	1
0	7
0	12
0	7
0	7
0	8
0	8
0	0
0	15
3	13
0	24
20	92
2	28
0	18
0	28
0	30
0	60
3	0
2	27
0	27
42	27
18	27
104	10
20	25
0	10
0	113
8	78
94	17
0	117
2	1
13	1
0	16
0	3
4	0
0	3
0	3
0	3
0	77
1	77
0	18
0	12
0	0
224	47
2	55
2	46
0	8
0	8
5	1
0	1
8	0
1	10
0	10
0	9
0	3
0	3
0	1
0	0
0	1
76	23
14	16
0	5
5	4
5	0
0	0
0	0
0	0
139	116
0	70
23	39
34	8
968	131
53	8
0	131
0	27
3	27
0	1
0	27
0	4
0	0
0	4
0	0
0	0
0	4
0	7
0	7
0	6
0	7
0	6
0	8
0	13
0	1
4	2
20	13
2	0
12	7
5	2
2	20
60	27
0	9
1	11
36	21
0	28
0	18
0	6
1	6
4	2
0	2
0	2
0	24
29	0
0	0
242	8
0	7
7	1
68	219
0	21
3	95
3	16
0	0
0	0
0	2
0	7
0	7
0	4
4	4
5	4
12	10
2	1
6	0
14	63
22	0
0	63
1	0
0	6
6	18
0	57
78	36
0	36
9	3
0	0
0	0
0	0
0	0
68	30
0	25
137	7
0	35
0	35
48	35
0	32
0	0
0	3
0	15
0	0
0	10
0	10
3	10
0	0
0	0
0	0
0	0
1	0
0	0
0	0
0	3
0	1
0	3
0	2
5	9
0	9
46	264
0	88
0	103
0	197
0	9
0	60
0	51
0	253
0	66
0	4
1	3
3	3
1	2
0	0
0	0
0	0
1	23
0	5
3	1
1	1
0	1
0	0
0	0
5	56
0	29
0	12
0	8
12	16
0	12
0	0
0	0
0	0
0	0
0	0
0	0
3	16
4	312
21	54
0	221
2	1
20	0
0	82
18	82
8	38
3	37
0	0
3	0
0	139
63	135
0	0
18	133
120	118
104	49
0	49
43	1
16	74
1	0
6	5
0	0
0	74
0	5
0	22
56	0
0	0
0	0
0	0
1	0
0	0
0	0
0	2
1	2
1	1
82	37
0	37
0	37
7	37
0	0
4	9
0	5
63	7
0	22
0	73
0	65
0	65
4	5
0	8
0	66
0	36
2	39
0	23
0	23
0	12
0	7
0	1
1	9
1	0
0	86
0	86
0	12
0	23
0	42
0	2
0	2
0	2
6	2
90	2
0	2
0	2
0	2
0	2
8	2
0	0
3	0
16	0
0	1
0	1
0	1
2	1
1	0
0	0
0	0
0	0
1	1
694	330
0	281
0	115
4	104
0	104
0	104
0	99
0	104
0	104
0	104
0	99
0	99
0	99
0	64
0	16
0	21
0	16
0	21
0	16
1	21
0	0
0	6
5	3
24	0
17	1
27	8
0	51
24	25
40	44
4	4
0	38
6	16
0	0
1	0
4	0
12	109
0	109
348	2
0	0
2	0
0	2
0	0
0	10
231	16
0	0
30	0
1	1
144	116
2	116
0	8
111	0
3	0
1	0
41	621
2	1
0	0
32	11
0	0
1	35
0	0
0	11
7	20
0	98
1	4
45	0
56	27
0	621
64	22
0	22
22	22
1	22
0	0
0	6
6	6
41	6
0	7
0	33
0	28
41	157
0	157
0	5
0	1
0	3
6	1
0	0
5	0
8	7
0	3
0	8
0	73
15	54
0	27
0	23
32	8
1	0
1	0
0	0
0	0
0	1
0	2
0	73
173	10
2	1
9	58
0	10
61	5
0	2
0	1
4	0
0	0
0	0
0	5
0	5
5	7
1	4
0	0
0	3
0	0
0	0
0	0
25	34
11	0
0	2
0	2
1	39
77	89
92	89
13	10
1	3
0	9
165	8
0	8
0	7
0	7
8	5
0	0
40	0
6	52
0	52
13	35
0	1
0	34
2	19
0	19
0	21
0	17
0	32
0	5
0	0
0	0
0	0
0	0
0	13
0	1
0	7
7	0
0	6
9	12
0	0
0	11
0	9
0	1
50	0
0	23
5	0
22	148
14	161
12	24
0	37
0	34
0	13
0	3
0	8
0	2
5	2
2	8
11	43
0	47
0	0
0	1
0	392
31	392
0	6
2	6
3	6
1	0
0	257
0	7
0	7
0	6
7	6
2	0
9	63
29	0
0	63
31	0
0	0
0	0
24	0
0	0
0	0
0	0
0	0
0	0
0	0
20	10
19	1
21	54
4	36
0	20
0	13
0	13
0	15
0	11
0	0
0	0
0	2
0	48
106	38
0	30
0	0
0	2
20	6
0	0
0	4
3	0
15	15
0	15
55	9
0	6
1	5
0	1
0	0
0	6
1	0
0	17
3	4
0	1
0	6
0	24
37	54
9	64
0	13
0	0
0	0
10	0
16	0
0	1
7	45
0	0
5	0
0	16
21	11
20	16
0	5
0	10
6	5
0	0
0	0
0	0
1	0
0	0
1	5
0	6
1	2
0	0
0	2
13	2
0	5
0	2
0	17
193	283
0	280
10	3
1	3
4	34
0	34
0	4
0	2
0	2
0	2
0	4
6	2
0	1
0	1
0	1
1	0
27	2
95	60
0	57
0	18
0	0
0	8
0	3
0	5
0	1
0	4
0	0
6	0
61	18
0	12
0	9
0	33
5	33
4	0
6	10
0	3
0	3
0	9
1	11
0	11
0	8
1	7
1	0
0	0
0	0
0	0
0	5
0	21
0	21
104	20
0	2
18	0
0	1
0	0
0	0
1	17
0	16
0	9
84	5
1	4
0	0
2	1
0	1
2	0
739	6
0	3
0	0
104	3
0	6
0	6
0	6
0	6
0	5
0	3
0	5
0	3
0	6
0	6
0	5
0	7
0	7
105	591
26	598
0	7
7	5
5	0
39	45
0	45
4	16
0	44
1	40
2	28
0	25
0	58
0	58
0	12
0	12
107	14
0	1
0	6
0	2
2	0
32	4
0	4
0	11
1	31
87	29
1	0
0	1
1	29
16	3
16	13
0	10
0	16
0	7
0	7
0	6
0	6
0	6
0	7
0	6
0	7
0	6
0	6
0	4
0	9
0	0
0	3
0	3
0	0
0	0
0	0
0	0
0	0
0	0
0	0
0	0
0	0
0	1
0	0
0	1
0	1
3	0
0	1
0	2
0	1
4	12
1	12
0	2
53	20
0	7
0	7
0	0
0	5
9	5
0	2
0	0
0	0
0	0
0	3
1	15
8	104
0	104
264	91
0	62
0	2
88	85
1	85
0	6
0	6
0	1
29	6
0	0
0	0
190	0
4	32
28	25
3	25
0	0
0	12
0	23
4	23
0	9
0	337
0	337
0	32
0	27
0	7
0	5
0	6
1	1
3	17
1	17
2	2
1	0
14	74
0	74
0	71
0	54
0	0
31	13
0	7
0	4
0	4
1	0
27	0
2	0
1	0
74	56
0	71
15	31
0	71
23	18
0	4
0	4
0	4
0	2
11	6
0	0
0	18
3	0
94	36
0	36
9	102
0	102
0	2
1	11
48	14
0	0
7	0
9	5
0	2
0	44
9	57
17	57
4	24
2	23
0	19
0	1
9	6
0	0
2	20
18	12
0	0
2	33
9	24
7	25
1	21
116	3
0	6
0	3
2	6
0	1
5	0
0	0
0	0
0	1
0	8
0	6
5	2
142	83
0	88
0	85
0	75
3	5
0	3
0	1
12	0
0	0
0	0
4	0
0	0
0	22
3	33
1	30
6	32
0	22
0	25
20	49
0	45
2	26
0	21
0	1
4	0
0	93
2	28
0	24
0	24
0	60
0	22
6	5
0	51
0	18
0	0
100	0
188	6
2	6
0	5
12	32
1	32
0	0
0	1
0	0
0	0
0	0
0	0
1	4
0	0
0	0
59	4
18	43
24	265
4	250
0	1
0	89
17	0
0	61
5	69
0	0
7	72
0	3
0	3
101	101
0	13
0	0
2	2
20	69
9	7
0	2
0	7
2	0
0	0
6	0
0	0
0	0
0	0
590	170
0	174
1	2
0	2
0	178
0	2
0	177
0	1
0	118
10	2
16	165
0	0
84	1
2	59
6	274
0	118
0	7
0	0
3	82
5	45
0	39
0	74
0	0
0	1
0	1
0	21
15	55
0	2
4	7
1	7
6	2
0	0
3	49
0	3
0	48
0	9
0	0
0	1
0	0
0	1
0	25
11	3
0	8
0	37
12	4
3	4
0	1
0	1
55	68
2	73
41	23
1	60
0	59
2	44
0	45
2	13
0	0
0	11
0	124
13	124
0	17
3	2
3	0
0	0
0	0
1	0
59	277
7	42
6	296
0	0
0	105
4	55
0	7
0	7
0	36
0	2
3	4
22	47
4	36
0	0
1	19
139	0
1	0
0	0
0	0
149	0
0	2
3	4
12	2
0	2
0	2
0	0
2	2
0	1
0	1
0	1
16	0
24	0
0	0
0	0
6	0
0	19
0	19
0	18
0	18
3	0
1	1
0	4
43	3
0	1
0	1
55	0
0	3
11	1
0	20
0	20
0	20
20	10
0	5
15	5
0	18
0	18
0	18
0	7
3	44
0	45
0	3
8	1
0	9
48	9
61	72
0	74
0	86
0	82
0	79
3	61
0	73
0	41
0	19
80	19
0	1
1	0
0	26
0	22
2	29
0	24
0	13
0	4
0	2
2	2
0	0
0	0
4	166
102	46
0	166
0	61
0	61
0	125
0	125
134	1
4	0
0	3
2	25
12	44
1	21
0	14
28	0
9	26
0	26
0	26
2	26
0	20
1	0
1	0
0	0
13	75
0	76
0	76
0	76
0	77
0	76
0	76
0	76
7	2
5	1
0	75
0	75
51	15
86	57
2	42
0	0
0	4
0	10
239	10
5	3
0	7
0	10
0	0
0	7
7	18
161	172
0	8
2	1
3	9
1	22
0	86
0	129
15	0
7	1
0	1
3	2
166	9
4	2
9	133
648	108
8	71
0	87
0	55
0	4
0	0
0	31
0	1
2	0
64	54
1	24
0	6
0	20
0	53
10	0
0	0
0	0
0	0
4	213
0	104
0	178
0	8
0	12
0	10
96	202
284	79
682	29
0	60
0	12
38	3
0	0
0	0
0	0
1	0
0	7
54	62
0	0
10	0
2	17
17	34
7	41
0	19
0	1
0	4
0	1
11	1
25	10
0	2
1	0
0	1
0	9
1	7
0	0
0	0
80	0
0	0
6	0
0	0
4	2
0	2
31	59
0	49
121	89
7	36
0	3
31	3
0	16
0	16
0	10
0	7
140	95
2	95
4	0
57	3
0	0
0	3
36	0
24	46
10	7
0	6
0	7
0	5
0	1
0	3
1	3
0	0
1	0
2	66
0	68
0	2
18	0
82	102
1	67
0	11
0	7
0	7
0	3
0	1
0	11
0	1
3	0
75	15
4	15
2	26
0	7
179	103
0	66
0	66
0	1
0	1
18	0
4	22
0	0
0	0
32	8
0	0
0	0
0	0
2	8
136	2
0	8
86	0
0	0
0	0
0	0
0	0
0	0
0	0
1	0
0	29
1	28
6	28
0	41
1	41
118	43
0	0
0	34
0	1
0	1
0	2
0	1
0	3
0	0
14	9
43	16
7	16
56	7
302	271
0	271
0	54
0	8
0	0
17	11
208	9
0	4
3	6
0	1
0	1
7	3
0	0
12	2
209	9
0	3
0	5
0	6
6	2
7	10
6	3
0	3
3	1
3	32
0	31
2	468
41	476
14	0
0	10
0	10
0	9
0	0
0	0
1	4
0	15
0	6
6	7
107	7
117	9
0	16
3	6
9	0
0	0
44	5
0	3
0	3
0	3
0	3
14	5
0	3
0	0
106	6
1	6
0	7
4	569
2	16
0	27
0	31
76	34
0	11
0	0
0	0
35	0
0	569
0	2
0	2
0	1
0	11
0	1
0	1
0	1
0	1
0	1
21	5
0	0
0	1
0	1
0	11
0	11
0	7
1	31
3	31
8	3
102	0
7	81
0	81
9	46
0	49
0	1
0	31
168	24
0	24
0	24
0	0
7	0
14	24
3	0
0	0
66	31
0	31
42	18
1	60
0	41
0	5
0	1
0	12
0	73
0	0
363	94
0	0
0	0
0	3
0	7
0	10
0	7
6	7
0	0
0	0
0	0
0	0
0	0
0	0
0	0
0	22
0	22
0	13
0	11
6	11
9	6
26	1
0	13
0	22
1	0
0	0
30	18
7	16
0	82
0	82
0	2
1	0
0	3
5	3
0	0
0	3
0	14
0	36
3	4
0	4
0	73
79	60
4	5
1	0
3	49
0	0
2	73
0	73
12	0
0	20
0	5
0	5
0	2
1	24
0	18
0	103
2	103
0	14
0	10
175	27
0	27
1	0
0	0
33	29
0	29
0	0
11	0
0	0
34	11
22	33
0	39
0	2
15	15
88	0
142	0
0	7
0	4
98	179
0	177
1	32
7	14
61	138
82	27
0	22
0	8
0	2
72	26
0	11
22	4
0	3
31	3
4	59
0	58
0	3
8	0
0	11
52	15
10	60
2	2
9	2
23	1
8	1
269	44
0	7
25	26
0	37
5	37
0	2
0	0
0	0
0	0
0	0
0	5
0	5
0	4
0	5
0	4
2	0
0	1
0	0
0	19
9	39
1	7
58	32
0	0
4	3
22	4
0	2
0	10
13	55
8	34
0	26
2	2
7	5
0	0
0	5
0	3
1	3
0	3
0	0
0	0
919	15
12	15
0	0
0	1
0	1
0	3
0	3
33	32
0	20
0	27
0	30
0	9
1	0
0	0
16	9
1	1
0	4
1	0
0	11
2	30
0	31
53	32
0	16
0	24
0	12
0	4
0	23
0	11
3	23
0	22
0	8
0	0
0	8
1	48
0	48
0	0
68	18
0	3
0	0
0	8
0	25
0	7
23	6
13	156
94	153
1	3
1	2
2	0
0	0
0	0
6	1
0	1
5	10
17	6
6	4
9	15
13	2
1	15
7	12
0	2
0	5
0	5
0	5
0	2
0	2
2	0
12	0
4	1
0	0
0	1
0	1
8	4
15	0
1	0
0	4
3	4
0	2
0	1
2	0
0	0
5	2
58	23
0	0
0	0
21	9
0	2
0	7
0	20
0	15
0	16
6	21
0	0
12	45
0	0
0	2
2	0
0	0
0	0
0	0
9	41
0	0
0	45
0	3
0	0
0	0
0	39
0	46
0	5
0	2
0	2
5	2
0	0
11	0
134	4
1	2
0	2
1	0
0	0
17	2
101	32
15	35
52	22
0	1
5	13
0	0
95	26
0	26
0	8
0	3
1	31
5	4
0	31
234	20
15	23
0	3
0	44
0	44
6	32
10	1
0	40
0	0
6	1
2	1
9	29
0	8
121	103
0	103
1	21
2	3
3	1
0	0
0	0
0	0
0	0
9	108
2	108
0	20
306	31
0	31
0	0
0	0
1	1
0	1
0	0
2	1
0	0
0	0
0	0
0	23
0	6
0	1
0	1
0	20
0	92
0	56
295	149
0	112
4	0
4	148
27	0
0	4
0	7
2	7
0	0
7	1
22	1
0	1
0	1
0	0
0	0
0	0
1	0
1	6
0	1
13	1
0	6
0	0
0	0
0	0
1	0
0	3
1	13
0	9
0	20
0	0
0	0
0	12
26	35
372	19
1	19
0	0
326	0
0	0
0	0
1	235
6	234
0	183
0	21
2	17
16	0
2	0
14	0
0	19
0	9
0	8
1	1
0	1
0	0
0	8
4	10
0	10
0	1
0	0
0	62
17	55
0	69
19	1
478	36
58	0
17	0
17	7
0	7
36	0
0	0
1	0
13	12
0	0
8	15
0	15
8	1
0	1
31	4
0	2
20	28
2	1
0	28
0	0
0	11
73	20
0	17
0	20
0	20
28	15
0	8
0	7
0	8
0	7
0	5
0	4
1	4
2	2
0	0
0	0
4	0
2	0
0	36
0	38
0	2
0	0
0	2
0	0
0	2
0	0
56	99
0	99
0	93
3	5
8	0
1	10
0	9
0	2
0	1
0	5
70	10
0	6
0	3
2	3
0	3
199	28
0	28
1	0
292	87
0	87
0	5
0	5
0	0
26	6
3	1
3	7
1	18
0	33
0	42
0	42
0	1
0	0
0	0
7	0
0	0
0	2
0	16
0	7
0	0
0	33
60	3
0	54
0	51
21	1
41	7
2	2
0	0
0	54
59	15
55	5
6	3
0	3
93	173
0	173
0	142
60	104
0	33
0	12
70	12
1	8
0	0
2	16
177	0
1	0
0	11
0	11
0	1
0	0
0	0
0	0
0	656
0	656
0	86
0	40
0	40
0	5
0	382
0	1
1	80
0	1
0	1
9	8
2	8
30	89
1728	96
7	2
0	2
85	207
20	2
0	204
5	69
0	69
0	62
1	4
6	20
7	9
1	0
0	0
0	15
1	18
0	0
3	0
0	0
8	50
0	50
39	19
128	9
0	4
0	4
13	4
0	1
7	3
0	43
0	131
0	42
0	36
0	0
24	131
0	138
1	2
0	2
0	1
25	11
0	11
11	1
0	0
4	13
0	12
6	284
0	284
0	14
0	14
1	48
1	22
0	21
0	32
0	9
0	7
0	2
0	1
5	0
0	2
0	2
0	1
0	2
0	1
6	67
0	190
22	65
0	11
0	138
0	18
0	11
2	13
0	8
0	8
0	17
7	19
1	4
0	3
0	2
4	5
53	129
4	13
0	21
0	3
0	188
22	28
4	3
29	10
0	34
4	24
30	25
0	20
28	19
0	1
0	0
0	17
194	57
0	40
0	40
0	40
0	0
3	1
0	0
0	0
0	0
0	0
2	3
0	3
0	0
2	0
0	4
4	2
0	0
0	0
2	0
9	2
4	4
0	0
30	102
10	107
0	233
12	85
95	85
16	73
10	68
0	194
149	73
0	73
0	116
0	39
43	112
509	19
10	27
3	0
0	0
6	11
0	7
0	298
0	0
0	0
1	179
0	0
14	3
0	3
0	160
0	295
0	298
17	84
0	81
0	84
0	56
3	58
25	40
0	9
0	8
0	8
0	9
0	0
9	3
0	0
0	0
0	0
0	0
9	0
7	4
0	0
0	4
0	4
23	1
0	0
0	1
0	1
0	0
0	0
0	0
0	0
0	1
0	1
0	1
0	1
1	1
8	8
0	1
1	0
0	0
0	0
2	0
0	0
0	0
3	0
0	2
0	5
0	7
7	117
10	117
9	45
42	45
371	29
3	0
66	0
31	18
0	18
0	3
0	16
0	14
0	10
6	17
0	43
0	26
0	29
11	25
1	0
4	3
0	18
3	0
0	0
0	22
0	0
72	22
22	0
0	0
0	1
36	495
1	446
62	0
0	13
0	47
39	5
0	31
2	0
0	11
8	0
0	10
0	11
226	0
0	4
0	6
1	71
0	10
0	64
0	1
0	1
0	6
3	11
0	11
0	0
5	155
0	0
0	10
13	8
25	155
38	60
0	4
0	2
0	2
0	60
0	1
4	13
0	6
0	12
0	6
1	4
1	5
2	5
0	5
0	3
2	0
1	0
1	0
53	20
0	80
4	13
18	77
544	0
10	0
13	1
0	1
3	1
5	2
0	2
55	1
47	2
0	0
3	0
6	0
3	0
0	0
0	1
0	1
1	1
81	142
0	142
0	0
6	62
0	58
0	32
0	0
0	0
1	0
0	0
0	0
0	3
0	3
1	163
0	163
0	33
0	5
0	28
5	8
1	0
2	8
2	61
2	61
174	89
126	5
0	0
0	0
1	0
0	5
0	0
0	68
8	73
3	54
0	3
0	3
0	0
0	3
0	2
0	6
21	5
762	0
73	75
0	27
0	52
0	8
35	8
2	8
0	1
4	6
0	6
247	21
6	12
0	0
18	3
0	0
0	3
0	52
51	387
0	9
0	104
1	100
0	1
0	338
6	0
4	20
5	28
61	28
24	28
0	31
0	11
0	11
0	3
3	7
0	3
0	5
0	1
0	2
1	18
0	2
0	2
0	0
0	0
3	7
2	39
0	11
0	11
2	11
0	14
0	0
6	4
7	6
17	0
6	21
0	6
0	2
0	3
2	9
236	5
0	2
0	3
0	6
0	6
0	6
0	4
11	57
0	57
0	0
7	0
19	8
0	0
3	9
0	3
0	0
0	77
91	78
0	56
32	10
0	29
0	3
0	1
64	22
3	1
6	61
17	61
3	1
4	8
43	2
6	0
26	2
2	3
6	4
0	3
19	83
0	2
1	3
3	1
0	1
102	8
0	0
0	8
60	0
27	0
0	2
0	0
0	0
0	2
0	2
0	1
0	24
0	2
1	3
0	6
0	2
0	3
59	67
0	109
0	8
4	14
4	0
0	0
0	117
3	59
0	7
53	201
0	39
0	45
0	0
0	2
0	0
0	0
0	1
0	0
0	54
0	14
1	29
0	0
0	156
0	12
6	6
50	63
0	86
1	41
0	32
0	37
0	7
0	61
0	61
56	4
0	2
0	2
0	3
0	3
0	0
0	0
0	0
0	0
0	0
0	0
29	3
0	3
0	6
7	4
0	126
0	129
0	6
0	18
2	92
26	4
1	0
3	0
1	0
0	17
14	0
36	147
22	0
0	147
0	4
0	1
4	5
0	3
0	2
0	1
2	0
0	0
0	0
0	0
0	0
7	26
0	13
0	7
0	0
0	7
0	4
12	23
0	8
0	24
0	24
0	24
2	1
0	10
0	4
426	6
131	3
28	1
0	1
0	1
0	3
0	354
7	356
0	2
0	0
9	0
6	0
0	1
6	0
9	0
0	136
5	153
0	78
0	77
0	78
28	0
0	2
0	2
0	2
2	19
0	19
0	0
9	0
0	0
0	0
0	0
8	0
0	0
0	0
0	0
0	0
0	0
0	0
30	136
0	25
0	0
0	0
0	0
0	136
7	0
0	0
1	14
0	14
3	3
0	2
280	0
2	4
0	308
4	308
0	308
0	313
4	13
0	1
1	0
0	0
42	5
0	0
691	0
0	0
4	0
3	0
0	23
12	2
9	3
0	6
0	8
4	2
0	4
68	20
0	47
0	0
25	0
0	0
0	31
0	16
1	47
1	0
0	0
0	0
0	32
0	32
0	32
0	15
0	32
7	17
0	18
0	2
0	15
0	15
0	30
35	0
0	4
0	3
28	4
3	1
0	172
0	67
0	18
0	67
0	3
0	2
0	43
1	0
7	75
8	93
3	73
0	18
0	172
0	10
0	7
0	10
265	3
0	2
271	8
12	185
0	7
2	55
0	23
0	17
0	64
45	518
15	518
0	1
17	0
0	7
0	7
0	1
12	1
0	0
0	0
0	0
0	0
3	3
0	0
4	0
0	9
2	14
0	5
25	82
120	119
17	116
0	18
6	432
1492	1865
0	285
0	432
0	0
1	0
28	4
37	4
43	21
0	21
44	8
0	8
14	0
0	0
0	0
0	0
0	0
0	0
0	0
0	0
0	22
0	12
0	22
0	0
0	605
292	739
0	585
0	586
0	586
0	713
2	0
322	3
0	54
0	17
0	90
0	84
0	89
0	52
0	11
0	1
0	14
4	1
83	26
0	41
204	154
0	182
0	81
0	3
0	2
0	23
0	13
0	0
0	101
4	2
0	2
0	20
7	20
37	26
0	1
0	30
0	10
16	90
0	47
6	44
25	4
0	4
2	9
0	1
0	0
0	0
2	4
0	4
0	0
2	0
0	0
0	0
2	32
0	12
0	0
1	7
1	0
0	0
0	6
0	32
0	176
0	176
34	12
4	3
58	0
0	22
0	14
24	0
0	6
7	21
0	19
0	5
0	4
0	0
5	0
0	0
0	0
0	0
0	0
0	1
1	1
0	0
0	5
0	23
0	19
0	5
33	32
0	32
12	32
15	10
43	60
140	11
63	60
0	21
3	49
0	8
0	2
163	0
0	6
24	6
0	4
0	0
1	0
1	0
76	16
0	16
0	10
1	4
0	0
0	0
32	13
0	0
0	4
3	0
61	92
0	92
0	9
24	9
1	0
14	1
0	1
5	17
28	21
0	15
0	28
0	20
6	0
0	0
18	27
27	6
2	6
0	4
188	0
16	45
0	30
1	8
1	8
2	22
1	18
8	4
0	56
0	56
0	59
0	3
0	60
4	0
0	3
0	50
0	4
0	13
0	101
0	98
0	110
0	125
0	125
0	5
0	2
0	0
0	3
0	24
10	35
0	14
0	15
2	1
0	1
89	7
561	7
0	46
0	7
0	7
8	10
0	10
0	4
0	4
0	3
31	3
610	30
208	30
1	18
0	8
0	2
5	2
0	2
43	0
9	0
1	0
3	80
0	0
0	80
0	0
0	1
0	3
0	3
0	0
0	3
1	1
4	0
2	54
0	2
0	0
0	0
0	0
0	2
0	0
0	2
0	2
0	3
0	3
15	10
0	10
1	1
5	2
0	1
92	3
1	0
119	10
0	10
0	10
0	10
1	14
0	0
0	47
5	1
31	12
118	3
0	12
0	3
0	10
0	0
17	0
1	0
0	24
47	64
0	95
0	63
0	55
0	60
0	50
0	47
0	2
22	5
96	45
2	12
5	12
22	82
8	84
0	1
20	83
0	1
0	27
0	0
18	2
3	4
0	10
0	142
0	142
0	2
0	94
8	6
16	3
515	90
0	1
3	43
0	7
0	28
1	1
0	0
4	15
0	43
68	42
9	13
0	13
2	3
0	0
0	32
0	40
0	0
0	7
10	27
2	0
15	16
612	15
20	2
26	2
11	0
14	13
0	2
0	13
0	2
0	9
0	6
0	0
1	9
0	0
0	0
259	10
0	9
0	6
13	6
5	0
0	15
16	14
0	0
0	2
0	0
1	6
0	1
0	4
0	4
0	1
0	1
0	1
0	1
0	1
0	0
0	0
0	0
3	0
0	214
0	22
4	0
1	0
0	0
3	0
0	0
0	0
0	1
0	3
0	2
211	6
0	0
0	2
0	0
0	2
3	0
2	2
0	0
0	0
5	25
0	18
0	8
2	0
0	3
12	0
4	3
6	3
7	0
4	0
0	1
0	1
0	1
0	0
0	18
11	18
75	12
0	9
20	1
0	1
2	1
0	117
3	119
0	247
0	233
4	93
5	1
0	142
0	127
0	1
0	127
0	5
2	5
1	5
0	0
0	2
1	0
0	1
0	2
0	2
0	3
0	5
0	5
0	25
2	3
0	1
0	3
0	3
95	29
0	0
8	27
0	23
0	11
0	22
0	26
0	7
0	6
0	3
0	2
13	9
0	1
28	35
5	36
0	8
0	11
0	11
0	0
328	0
52	148
0	147
0	141
1	0
2	0
3	9
0	8
0	0
1	0
14	2
111	2
0	0
0	294
0	294
0	0
3	32
3	0
0	3
2	0
0	0
0	2
1	3
0	2
0	9
133	36
0	5
0	5
5	1
4	2
0	2
26	24
22	24
0	4
0	0
0	0
0	0
0	0
0	0
7	61
0	79
0	47
44	33
3	0
5	0
0	0
0	0
0	0
0	24
3	0
1	0
0	3
0	3
0	3
0	3
1	2
24	0
0	11
1046	0
14	3
177	20
1	0
5	17
20	7
0	7
0	6
0	1
0	6
0	6
0	5
0	5
0	0
0	0
2	0
0	0
7	4
0	5
8	7
0	2
0	2
75	0
73	0
19	4
4	0
0	4
14	1
0	1
3	15
0	15
1	15
0	88
100	0
3	0
0	2
22	24
0	14
0	10
0	0
0	0
0	3
0	88
14	52
0	48
0	0
1	50
0	0
0	0
24	9
2	9
7	0
0	0
0	1
0	7
1	7
2	2
0	2
0	1
0	0
0	0
0	1
0	1
2	0
47	104
0	3
0	5
0	3
0	104
1	1
0	1
5	1
0	0
0	0
0	0
0	4
2	3
11	40
4	44
10	44
1	1
26	43
0	8
0	99
0	99
0	9
0	16
0	0
0	1
2	0
0	0
2	1
4	56
9	76
0	37
0	0
2	0
0	10
0	10
4	31
0	31
0	6
0	13
0	0
2	0
0	38
0	16
3	15
0	8
0	1
0	0
0	0
0	0
10	40
11	10
0	8
0	10
4	0
176	62
72	85
0	29
0	13
5	0
149	0
0	22
0	36
82	35
0	0
0	5
0	5
0	0
0	0
0	0
7	19
0	7
0	0
0	0
7	24
3	28
104	16
0	22
79	5
0	205
11	217
0	98
6	1
0	0
0	0
0	212
60	6
4	18
0	18
0	14
0	96
0	96
1	0
0	0
0	0
0	0
0	0
0	0
0	0
2	0
2	0
36	3
3	2
0	2
0	1
0	60
32	60
0	0
0	0
8	78
69	86
4	6
35	6
0	5
10	0
9	0
4	5
1	31
0	35
0	6
3	2
7	5
9	3
65	56
0	42
0	14
0	6
2	3
0	3
0	3
0	0
0	0
0	0
0	0
0	0
0	0
0	0
0	0
0	0
0	3
0	3
0	1
0	9
0	0
0	1
2	9
1	1
0	0
0	1
0	1
0	0
0	0
0	0
0	1
7	1
11	0
0	0
0	2155
25	2144
6	1082
0	37
190	19
0	19
0	10
0	12
0	12
0	0
0	3
0	3
22	219
21	219
0	13
0	13
0	0
0	2
0	3
0	9
252	6
0	1
2	1
4	1
0	1
0	0
1	7
0	7
0	0
0	0
0	7
15	0
0	208
73	208
41	13
7	8
87	43
32	19
10	25
0	147
0	147
5	178
0	112
4	124
0	178
0	2
0	117
0	65
0	16
0	1
0	0
0	0
0	1
0	1
3	1
1	0
3	28
0	6
7	0
1	6
0	1
5	6
0	0
1	3
11	178
0	176
0	2
77	1
0	469
14	12
3	468
0	27
0	8
0	13
0	13
10	289
0	1
0	3
0	282
16	289
0	287
0	0
11	180
12	1
20	0
0	2
0	2
0	1
6	124
3	124
0	4
1	0
9	0
0	7
2	9
0	7
1	1
0	1
0	1
0	23
0	5
2	2
0	2
1	0
2	3
0	0
51	12
0	4
4	23
13	28
0	5
0	5
148	5
1	1
3	11
3	12
0	1
0	0
0	6
2	38
0	0
0	0
2	10
0	10
1	0
0	0
1	0
7	37
3	17
0	0
0	21
0	21
0	21
0	21
0	21
0	21
0	5
0	16
2	4
3	16
1	14
440	14
850	0
14	7
0	0
0	7
110	5
0	6
0	6
0	6
0	6
0	3
0	0
0	0
0	0
0	0
1	214
0	22
25	12
0	11
2	773
0	773
0	626
1	0
2	1
0	0
100	0
5	26
4	14
8	4
0	18
0	0
0	0
0	0
0	0
0	0
0	0
0	0
0	0
185	111
0	48
0	38
0	3
3	0
7	19
0	19
18	5
0	4
0	2
0	1
0	0
0	0
0	0
49	6
3	6
0	6
0	6
0	19
0	19
2	4
0	8
4	270
0	1
377	2
0	1
0	4
16	11
1	0
0	6
2	3
0	0
50	75
0	75
18	2
0	2
3	2
0	0
0	0
0	0
0	2
68	11
0	5
2	0
0	10
0	7
2	9
0	0
1	0
0	2
0	0
2	3
0	4
30	18
0	0
0	4
0	1
7	0
15	0
0	0
0	0
0	0
0	1
1	0
0	1
76	4
0	51
0	50
0	1
0	1
0	0
2	2
0	2
0	2
0	2
0	25
241	25
1	2
20	5
4	4
1	13
0	0
33	8
0	8
0	8
0	1
0	1
1	0
622	92
0	1
42	0
3	92
29	11
0	11
0	0
30	0
2	9
9	0
0	5
0	0
0	2
0	0
0	0
0	2
0	0
0	0
0	9
0	1
0	1
0	61
0	13
1	106
85	1
0	1
0	0
0	0
0	0
0	4
0	4
0	3
0	121
0	15
0	56
0	0
29	124
2	5
0	1
2	2
0	2
0	4
1	0
3	0
402	0
56	18
0	17
0	4
4	0
8	1
0	1
0	14
11	17
0	1
0	3
6	13
1	0
148	122
13	122
59	122
16	122
51	21
0	17
83	10
0	4
0	1
0	0
2	3
6	3
4	3
15	30
0	14
0	14
1	14
0	5
2	6
0	7
0	7
5	9
7	14
60	0
101	13
294	13
47	11
83	11
38	124
6	130
75	116
0	52
0	34
0	52
75	42
0	22
1	72
0	74
0	0
0	51
0	51
0	1
0	1
0	1
0	0
0	51
45	97
0	0
0	1
0	0
0	0
3	0
4	2
10	3
2	0
0	1
0	0
0	6
2	2
184	90
28	162
4	85
112	24
16	24
3	0
1	0
4	1
2	13
0	16
0	0
21	3
0	0
0	3
0	12
0	5
0	0
11	0
0	12
7	0
1	0
16	29
0	29
0	9
0	48
0	305
0	0
5	2
0	12
0	0
33	278
22	0
0	0
0	0
0	0
583	0
0	13
18	7
0	6
0	1
15	0
2	29
0	18
0	15
0	0
0	12
0	0
0	20
5	16
0	0
24	23
67	470
1	15
1	8
0	8
0	456
0	0
2	0
0	0
0	0
0	41
0	41
0	1
2	2
0	19
0	3
0	3
5	9
0	0
0	0
5	2
0	9
13	0
0	0
15	0
0	17
53	20
0	70
1	2
191	62
3	5
0	1
38	53
0	20
0	3
11	4
5	4
0	0
12	4
0	2
1	0
0	69
1	8
0	5
0	0
2	1
27	69
42	221
0	221
0	138
44	21
3	16
0	11
0	115
0	106
0	51
31	69
174	130
0	68
0	73
0	73
1	78
0	57
41	16
0	8
0	14
0	5
0	2
0	0
30	22
0	7
53	0
2	0
0	117
0	6
0	79
0	80
0	52
1	8
114	0
21	8
0	4
2	4
0	0
0	12
31	13
0	0
2	2
0	0
0	0
0	2
0	1
0	1
19	0
41	0
0	0
0	0
6	24
0	2
1	0
3	40
395	40
0	6
0	6
97	365
0	365
19	29
0	29
1	0
10	59
0	48
10	51
0	84
0	96
0	137
42	129
0	37
0	88
1	1
0	0
0	1
8	102
0	1
1	0
3	2
58	4
13	37
23	37
203	131
0	17
0	0
3	0
136	9
0	6
73	4
0	2
20	2
0	6
0	6
0	0
133	14
2	0
0	7
0	0
0	0
0	7
5	0
12	10
3	3
0	3
54	118
0	11
0	14
0	14
0	14
9	11
21	591
235	591
17	9
0	9
0	0
0	212
0	212
0	212
0	212
0	212
0	212
0	18
4	0
1	204
0	212
0	111
0	111
0	65
0	65
2	0
4	63
2	0
3	8
0	8
0	8
0	4
0	3
0	2
0	2
3	2
1	0
111	7
2	7
4	48
0	48
0	7
0	3
0	27
0	2
0	22
2	20
0	25
169	25
0	12
15	31
7	38
0	38
9	58
6	40
0	28
0	34
170	208
11	208
204	15
0	7
6	4
19	0
24	7
0	35
0	0
0	32
0	12
0	34
0	0
0	0
0	58
0	20
3	50
1	50
0	7
0	16
0	0
0	0
1	0
0	50
1	0
4	47
0	7
0	0
0	2
0	2
0	8
0	0
0	2
0	0
0	0
1	3
0	7
4	7
0	0
0	18
0	0
0	0
0	0
0	0
0	0
0	0
0	0
0	0
0	0
9	5
0	20
41	19
1	28
2	20
0	10
0	9
0	7
0	1
0	0
0	0
97	21
21	21
0	11
0	0
0	0
39	48
0	55
0	45
8	2
0	13
6	41
9	0
0	21
1	21
0	0
0	0
2	0
1	1
3	9
0	8
0	0
8	1
118	12
0	8
0	4
1	0
0	1
13	1
87	1
0	0
0	0
0	0
150	26
0	22
1	15
0	12
0	12
0	6
0	1
6	35
0	24
0	17
0	2
0	0
0	5
2	5
0	20
110	22
0	22
0	0
0	0
40	25
11	25
953	213
0	221
251	13
0	26
0	2
58	15
0	49
0	49
202	12
0	49
0	49
0	49
0	29
0	1
0	1
0	0
0	4
0	0
0	4
0	0
5	6
0	3
2	5
0	0
0	6
6	0
0	1
0	0
0	6
0	14
56	3
102	12
0	12
0	0
4	10
0	12
0	11
0	2
0	5
3	0
2	0
0	104
2	0
2	0
0	0
0	0
0	0
0	0
8	103
87	45
0	34
31	52
1	14
35	27
14	26
15	96
124	96
0	89
3	89
0	0
0	0
19	2
114	63
95	52
0	58
0	34
0	21
0	5
0	0
13	10
0	10
0	0
70	17
0	10
0	8
0	8
0	6
0	0
1	10
0	17
15	0
0	5
5	11
0	6
3	0
0	17
0	0
3	0
4	0
0	0
4	0
0	10
0	1
3	1
0	0
0	0
0	0
667	19
1	19
4	16
0	13
0	6
0	13
211	17
0	6
0	0
0	0
2	0
0	0
1099	0
0	3
0	3
2	88
0	57
0	4
18	35
3	32
0	15
0	0
16	6
0	3
0	2
25	20
0	9
4	0
15	32
0	41
18	75
0	19
0	30
1	44
15	7
0	22
0	22
0	22
18	34
0	6
2	5
0	26
0	2
0	0
0	0
0	27
0	6
0	83
94	19
3	5
0	1
36	2
3	0
22	28
0	23
0	4
1	8
0	0
0	0
13	21
0	0
0	0
0	1
0	1
114	0
125	6
3	17
1	6
0	7
12	12
0	0
149	353
306	353
0	0
32	37
38	34
5	34
0	16
0	1
0	1
1	6
42	3
10	7
1	7
0	2
0	2
0	2
3	5
0	40
0	37
0	40
7	0
50	18
0	15
0	1
0	3
0	0
13	0
0	3
0	2
0	0
0	0
0	0
15	3
0	1
0	1
0	0
1	0
9	0
0	0
0	0
0	4
3	4
0	4
16	9
1	9
1	0
0	3
198	0
21	2
0	0
0	0
0	35
0	6
29	28
0	2
1	0
0	3
0	0
0	2
4	2
0	2
11	0
4	1
2	1
0	0
0	2
0	2
2	2
0	3
13	4
0	3
1	53
0	45
4	0
0	64
21	64
47	13
1	4
0	3
0	4
508	0
1	0
1	0
18	0
28	17
85	16
0	16
1	16
12	1
3	1
0	1
0	1
28	17
0	17
0	2
0	0
3	0
0	61
0	0
0	10
0	10
0	30
0	61
2	38
0	336
0	357
0	54
8	105
22	29
0	108
0	116
0	26
0	30
5	88
1	309
0	40
0	2
16	2
0	1
8	1
0	0
0	0
4	6
0	6
60	0
83	524
0	2
0	2
0	2
0	0
8	0
5	0
0	147
212	38
0	8
1	8
0	1
4	2
0	7
0	7
0	5
0	4
13	4
2	5
0	2
0	2
6	2
0	2
1	0
0	0
0	0
0	0
0	0
0	0
0	3
5	4
0	0
0	0
0	2
5	0
2	0
8	2
3	0
0	2
0	2
0	2
0	0
3	0
13	0
0	0
0	0
0	0
0	0
0	0
22	4
0	3
0	1
0	1
2	1
83	10
0	5
0	14
0	15
13	14
0	11
149	0
49	0
6	6
0	8
0	3
4	2
5	6
0	11
0	60
0	0
0	0
0	14
9	0
0	7
78	137
49	127
3	12
0	12
2	19
0	14
0	7
9	7
0	1
0	35
0	33
5	4
0	11
7	10
6	7
0	0
7	7
0	0
28	21
0	21
11	12
21	15
9	15
4	4
23	7
32	18
0	187
0	187
42	3
3	4
0	4
6	0
3	0
0	0
40	0
6	0
80	18
17	129
0	127
0	144
0	65
0	7
1	0
31	114
0	8
0	22
0	109
28	8
0	8
0	5
64	25
0	19
0	18
0	20
0	23
4	17
6	0
3	0
0	169
19	217
0	0
0	46
3	0
159	622
0	471
0	51
4	0
293	173
5	11
35	48
0	9
0	0
99	37
182	39
147	26
0	5
0	9
0	0
0	1
0	0
0	15
35	4
0	0
15	15
0	10
24	34
0	33
0	27
4	25
0	6
0	0
0	10
0	0
0	0
15	15
0	0
0	0
0	0
0	0
0	15
4	42
176	84
17	34
0	37
0	66
0	46
0	49
25	38
0	47
15	0
2	24
0	0
65	4
5	0
16	4
0	3
2	8
0	8
1	0
0	45
0	44
0	52
10	52
27	78
0	19
0	12
35	30
0	18
9	0
9	22
0	19
0	17
1	11
0	2
0	0
0	0
0	0
138	2
12	54
0	4
37	50
0	2
0	2
192	2
22	78
19	72
0	67
0	76
0	64
0	55
0	0
4	3
3	0
51	2
17	1
7	1
1	2
0	0
0	2
10	25
0	2
0	24
20	9
1	0
244	7
0	7
0	0
0	86
0	86
1	86
24	53
142	115
4	159
0	54
0	82
0	54
1	163
0	32
0	35
1	172
0	84
0	8
8	26
3	80
0	0
0	11
0	0
0	0
6	12
0	10
0	0
5	40
0	40
70	0
0	0
0	3
4	3
0	0
0	83
0	289
0	88
7	2
105	8
7	8
3	289
3	3
0	3
13	2
0	25
17	30
0	5
0	2
0	2
0	1
0	1
0	0
0	0
0	0
0	14
0	29
0	29
0	29
0	4
1	2
0	1
8	2
16	12
0	3
2	2
0	12
0	3
0	2
0	0
0	14
0	14
0	15
12	15
2	0
0	13
0	9
0	9
0	14
0	286
3	279
0	99
62	153
0	30
5	127
0	197
19	75
0	1
37	13
0	13
14	1
0	43
0	24
5	7
0	1
4	1
2	16
13	5
0	5
1	19
126	17
0	9
5	0
1	4
0	12
57	31
0	38
10	38
12	0
4	2
0	6
0	0
0	0
0	11
0	2
0	0
0	6
0	2
0	2
0	2
2	1
0	1
0	1
1	8
4	8
0	6
0	5
0	6
0	0
0	5
0	0
0	3
7	15
0	14
437	11
0	3
39	56
0	13
0	22
0	321
0	321
0	0
0	0
1	0
1	1
7	0
5	6
0	7
0	70
179	77
0	10
0	5
0	0
0	0
0	0
0	71
3	0
0	48
0	32
0	16
17	5
3	0
9	47
0	9
0	52
43	54
46	20
80	21
0	21
0	0
134	31
18	21
41	0
0	18
8	0
126	24
1	24
1	44
10	53
0	0
3	4
0	43
0	28
0	0
0	0
5	200
62	207
6	6
0	16
47	63
0	2
0	9
0	54
5	3
0	2
0	13
0	0
0	0
0	13
42	60
2	34
4	28
0	0
0	2
131	26
1	0
1	2
0	2
0	72
0	5
1	3
0	5
90	12
40	4
0	6
0	11
3	2
0	63
4	5
0	5
30	171
0	18
0	101
0	145
65	95
0	38
1	0
0	0
0	0
0	0
0	47
125	50
0	7
0	3
0	0
0	31
0	13
0	14
0	14
6	4
0	13
0	13
0	0
0	0
0	31
0	31
19	0
0	4
0	4
1	0
2	1
0	0
6	7
0	7
4	8
0	1
0	0
2	0
0	0
139	6
0	6
0	3
0	3
0	2
1	1
0	1
1	0
4	8
58	0
0	0
0	0
0	0
3	0
3	27
0	0
0	27
0	25
28	9
0	7
0	0
3	8
6	33
1	3
4	9
0	9
0	9
18	37
0	31
4	14
201	45
0	20
0	24
0	24
2	123
119	347
0	246
0	16
0	23
0	5
130	1
3	1
0	0
68	9
18	13
5	11
0	5
55	2
64	0
0	2
10	2
12	2
0	3
0	3
1	1
1	1
0	1
0	0
12	1
4	60
0	64
28	55
0	18
0	22
0	0
2	1
0	24
0	12
0	25
2	17
57	0
0	3
0	3
0	3
1	0
1	0
2	8
0	0
0	0
0	0
5	0
8	24
0	24
4	131
34	131
3	7
0	7
0	0
3	0
0	10
0	0
81	2
0	2
37	22
14	13
0	11
0	10
12	27
5	4
13	148
0	148
2	140
0	140
0	1
0	0
1	0
0	126
0	0
3	0
158	0
0	24
7	18
0	23
0	18
4	8
1	5
0	5
1	0
0	0
0	0
0	0
0	0
0	0
11	0
29	0
0	6
0	6
0	0
0	0
0	2
86	0
4	0
0	0
7	6
27	4
7	0
11	1
0	114
0	105
0	46
0	114
0	0
40	8
0	16
63	43
16	46
12	51
3	0
1	15
1	0
0	30
101	0
0	0
1	0
0	39
0	44
0	0
0	0
2	3
0	8
27	32
142	0
0	32
233	24
0	92
0	10
3	5
3	4
0	10
0	10
0	0
0	92
3	0
2	11
0	8
0	8
31	8
0	8
0	0
0	2
67	2
23	1
0	0
0	0
1	48
6	48
122	39
0	6
0	4
7	37
0	12
0	6
0	12
0	6
0	7
2	7
0	6
0	6
0	6
1	6
0	4
0	7
0	4
0	4
0	6
0	6
0	0
14	3
5	9
2	50
0	32
0	23
25	1
11	0
3	21
0	0
0	0
0	0
0	0
0	0
0	1
0	1
0	17
0	71
0	71
0	10
0	8
0	3
1	0
162	225
0	222
148	212
3	3
0	0
883	408
0	1
0	0
0	2
0	0
0	1
34	2
8	31
0	2
0	2
0	80
0	65
0	328
2	0
0	2
1	2
0	46
8	46
0	46
18	20
15	45
130	37
0	41
0	15
41	0
0	0
88	8
0	3
0	7
0	0
0	3
0	0
0	5
2	0
1	4
21	52
13	13
0	0
0	34
1	0
0	0
2	34
49	13
0	87
0	79
0	14
10	3
0	3
0	10
0	1
43	11
0	8
0	1
0	10
0	10
6	54
0	51
0	122
0	125
0	2
0	3
0	0
0	2
2	0
0	1
0	2
0	0
3	3
2	2
1	1
16	56
0	56
0	9
0	10
0	5
21	15
2	56
33	0
0	74
0	6
0	2
0	2
3	0
0	2
0	2
8	36
2	0
0	0
0	74
0	5
0	72
5	41
0	41
0	57
0	73
0	0
16	31
0	0
0	0
11	36
0	0
5	0
0	265
0	266
0	10
0	4
0	0
0	0
1	2
0	5
0	5
0	0
0	12
0	1
2	0
354	12
130	11
0	7
19	0
2	5
0	6
0	4
0	4
17	5
0	1
1	1
0	0
0	5
12	98
0	42
10	0
0	0
1	4
10	32
20	26
13	53
14	3
0	0
0	65
6	4
45	22
0	22
84	24
0	13
140	85
338	85
0	28
3	2
0	2
1	0
0	0
0	0
0	0
0	0
9	0
7	104
0	2
8	2
0	98
0	96
0	100
3	30
0	0
0	30
0	0
1	97
199	117
5	0
0	0
44	5
11	5
11	0
0	4
0	4
51	52
3	52
0	44
0	34
0	2
0	4
20	0
0	39
0	36
0	28
0	0
1	0
0	0
21	39
0	21
0	22
0	21
0	19
0	7
0	1
0	17
0	18
3	1
0	25
0	10
1	3
0	3
0	12
0	8
0	0
0	4
0	4
0	4
0	4
0	0
0	4
0	4
0	9
0	4
0	0
0	0
0	0
0	1
0	1
0	3
0	1
0	1
0	0
0	1
0	0
0	1
0	1
0	0
3	6
0	3
0	1
0	12
0	0
35	5
29	5
0	8
0	42
2	42
2	8
0	5
0	5
0	5
2	5
0	9
1	5
7	12
0	2
8	6
11	17
3	5
0	0
0	0
0	0
1	0
4	12
139	83
133	75
1	0
0	0
18	4
2	3
0	3
0	4
0	0
0	8
10	1
0	1
2	0
0	0
0	0
14	47
0	1
0	6
0	45
11	46
0	151
0	215
0	1
144	210
12	6
6	2
0	86
25	1
26	21
2	0
0	25
0	6
374	32
0	32
1	0
7	0
17	0
17	5
2	0
0	39
7	39
38	8
0	4
0	17
6	0
4	0
1	23
1	0
11	28
11	107
1	93
77	93
0	0
0	2
1	6
2	20
25	0
46	36
0	0
0	0
1	3
6	36
4	30
0	4
60	0
0	0
0	0
4	0
0	0
0	0
1	2
14	14
0	0
0	0
16	0
0	0
0	2
14	33
3	33
3	69
0	46
0	6
0	16
6	17
160	67
6	21
0	5
0	7
10	3
0	6
0	30
0	45
0	17
0	52
0	4
0	16
5	73
0	93
0	9
0	4
0	4
4	4
4	0
0	0
0	0
25	3
14	91
0	64
148	44
37	29
39	58
1	0
4	0
10	2
4	0
1	0
8	0
0	11
13	7
1	9
18	0
0	0
29	112
4	3
0	7
6	1
0	0
0	0
0	0
0	0
2	17
12	116
0	43
5	74
4	10
0	74
0	35
0	0
0	0
0	112
0	19
0	33
0	6
0	33
0	5
0	5
0	32
4	6
2	5
0	4
0	5
44	0
10	0
0	5
4	8
0	2
0	3
0	3
3	0
0	0
20	52
2	23
6	19
0	52
0	0
2	16
3	23
252	0
5	51
2	51
0	8
0	5
0	0
0	0
0	0
0	0
0	3
9	0
0	3
0	0
0	0
0	0
389	0
14	0
0	5
28	2
0	2
0	26
0	0
0	0
2	0
1	0
0	0
0	0
0	2
186	12
21	11
1	11
6	11
6	17
11	77
265	78
0	48
0	15
2	1
0	1
0	112
10	114
0	97
3	20
0	9
0	0
0	6
0	25
9	12
4	3
0	9
0	26
0	5
7	20
7	1
0	2
0	3
0	2
0	1
0	1
3	196
0	27
0	41
0	0
0	0
0	0
2	1
0	1
0	37
0	195
0	0
0	1
0	1
0	0
2	0
5	15
0	19
0	15
0	15
10	22
0	13
1	5
0	0
6	36
17	0
12	102
89	0
2	0
0	3
0	1
0	0
4	0
0	0
0	0
0	0
0	0
0	34
119	105
0	3
0	23
2	10
242	12
11	34
0	26
35	26
0	1
0	13
26	0
1	0
5	13
1	4
0	4
12	56
0	56
0	1
0	0
0	0
2	1
0	0
113	0
0	19
0	19
0	461
0	472
0	8
0	105
0	19
7	17
0	7
0	472
28	12
0	0
0	0
2	11
0	0
1	12
0	0
0	0
0	1
0	0
0	4
0	1
34	0
0	3
10	2
0	2
0	2
12	67
17	71
61	35
54	0
0	0
112	1
0	1
0	1
66	0
0	1
0	0
0	1
6	40
0	49
0	3
0	0
3	36
8	0
13	60
29	11
3	1
0	6
0	2
0	0
0	4
0	5
1	6
1	20
4	19
0	0
2	3
0	3
0	3
1	0
0	2
0	2
4	3
1	49
0	48
0	2
0	0
258	168
1	0
0	12
0	13
0	9
0	1
3	12
0	10
0	5
47	46
3	40
0	3
0	0
1	0
0	20
0	5
70	13
0	5
0	0
0	0
0	0
2	1
63	9
0	3
208	64
0	64
15	0
0	5
0	37
0	37
0	5
1	5
0	0
0	0
0	1
0	1
0	2
0	1
0	1
0	1
0	1
0	32
0	31
0	32
0	19
0	13
0	12
0	6
0	10
76	9
1	7
0	7
0	0
0	5
0	1
0	7
9	6
0	12
0	10
11	22
10	10
96	0
0	5
0	5
10	0
17	0
13	10
100	9
9	2
6	10
9	5
4	6
18	55
4	4
0	1
0	8
0	8
0	8
0	55
53	0
6	13
1	13
0	16
0	16
71	3
0	0
0	0
0	0
0	0
0	0
2	0
105	54
41	54
0	9
0	9
0	9
20	10
0	10
3	4
0	0
3	0
2	9
0	22
0	15
0	16
12	19
13	35
0	30
0	31
0	30
0	30
0	30
3	157
0	162
0	35
5	29
1	31
0	31
0	0
0	0
0	25
10	25
3	0
1	0
0	0
0	0
0	0
0	0
0	6
0	6
0	1
0	6
3	6
0	0
0	0
6	1
0	6
26	285
4	12
0	284
0	88
0	32
16	1
3	13
0	7
38	21
39	5
22	4
10	17
271	40
0	48
2	8
0	7
41	0
3	11
0	14
7	1
3	0
0	3
0	0
0	5
0	0
1	1
0	5
0	2
6	0
0	0
0	43
1	38
0	43
0	38
0	44
0	41
0	32
0	0
35	7
0	0
0	0
0	0
4	0
0	1
0	0
2	1
0	3
6	3
5	9
0	1
0	24
3	11
2	1
12	1
0	25
0	12
0	1
0	9
0	1
0	0
0	9
0	1
0	9
0	11
0	0
2	0
0	20
0	0
0	0
9	12
1	23
57	0
228	0
74	127
0	155
109	28
4	6
0	5
0	5
0	5
0	2
0	0
0	0
0	29
0	29
0	3
81	124
0	124
75	43
0	100
0	95
0	10
1	15
0	7
0	0
0	0
0	0
2	0
0	1
11	14
0	0
1	12
25	0
198	0
5	0
0	15
0	12
6	12
0	0
0	0
11	3
4	0
0	12
53	49
12	0
0	1
0	1
0	1
0	0
0	0
0	1
0	49
0	242
0	13
0	0
0	13
0	18
5	5
37	18
55	7
0	0
0	313
0	313
0	144
0	144
0	2
0	7
8	2
0	1
0	5
0	1
34	7
0	0
1	7
2	90
0	90
0	1
19	3
0	24
0	3
434	151
0	137
0	122
90	43
0	40
0	43
2	3
235	5
4	8
12	0
1	12
0	6
0	3
0	10
0	11
6	12
13	12
3	12
0	0
0	4
0	3
0	3
0	22
0	149
4	149
0	0
79	125
0	7
0	0
0	0
1	0
2	0
0	0
0	14
0	14
0	14
0	0
0	0
4	0
0	119
0	0
8	0
0	0
1	0
0	3
2	3
0	0
11	116
20	60
151	62
0	62
0	28
0	28
0	27
0	54
0	8
0	18
0	18
0	10
0	7
0	4
8	4
0	10
0	7
0	1
1	0
0	5
0	0
0	0
0	0
2	0
0	18
0	47
0	14
13	43
0	7
0	14
0	55
0	0
0	54
0	3
0	0
3	0
0	2
0	3
0	3
7	0
0	2
0	2
0	10
4	17
0	17
8	17
2	8
8	24
0	24
21	18
0	20
0	18
21	23
0	4
0	4
0	0
0	2
10	11
0	72
0	29
36	29
7	76
0	76
0	2
0	0
0	41
1	0
18	1
2	15
0	6
3	1
4	8
0	8
0	0
0	0
1	0
70	86
0	43
0	40
0	34
0	49
8	63
67	63
65	0
5	12
0	13
46	113
0	113
10	65
0	20
2	50
16	23
0	42
0	0
0	0
0	0
1	391
0	530
0	10
4	18
0	30
0	30
4	531
0	530
0	531
0	155
0	9
0	8
21	2
0	21
0	9
0	0
0	0
20	19
68	22
43	28
3	0
2	4
0	0
68	101
2	113
0	33
1	34
0	30
5	34
0	12
0	0
0	0
0	0
4	4
14	10
25	1
0	0
0	10
0	114
70	114
0	2
3	12
0	0
3	1
19	28
0	3
10	20
0	24
0	6
7	46
0	46
0	37
0	37
0	2
0	0
0	0
0	0
1	0
1	0
2	11
0	11
0	0
198	346
0	320
0	0
0	9
0	7
0	68
0	9
1	58
0	50
0	1
0	4
28	61
40	61
2	18
0	18
0	6
0	3
7	0
13	0
958	40
0	37
0	1
0	3
0	3
14	11
0	11
0	8
0	0
3	3
0	3
0	3
12	3
0	0
0	1
0	14
2	0
37	14
48	3
0	0
5	5
0	2
1	7
0	12
0	7
1	2
2	0
0	0
0	0
3	1
35	0
0	0
7	26
0	26
0	26
0	26
0	26
0	0
0	26
0	0
0	26
0	0
0	274
0	213
0	62
0	3
0	8
0	285
7	87
1	82
0	0
1	0
0	76
0	41
0	51
35	29
0	17
1	20
0	14
0	14
0	18
0	24
0	16
0	14
0	12
0	20
0	8
0	18
0	7
0	4
18	0
0	3
0	0
0	0
0	0
0	0
0	0
3	2
0	2
0	2
0	0
1	30
0	30
8	11
0	2
25	138
0	211
0	130
0	0
6	73
0	194
2	3
2	2
21	3
0	1
0	4
0	7
0	13
0	9
0	5
0	0
0	1
0	0
5	0
0	0
0	3
35	3
2	11
3	11
1	4
35	1
4	2
0	4
0	0
0	0
4	6
0	4
0	4
0	5
1	0
0	0
0	0
0	0
0	0
0	0
0	4
5	119
0	117
0	86
0	11
1	5
28	18
0	0
5	0
0	9
0	14
130	18
0	60
0	60
0	60
0	60
0	0
0	0
0	0
2	0
3	42
0	54
0	0
78	0
81	10
1	4
1	0
0	6
0	7
2	11
0	0
2	3
0	1
8	2
64	0
23	0
34	33
52	28
11	22
325	377
0	18
0	0
1	0
0	39
0	162
5	163
0	1
0	0
9	0
0	5
0	12
0	9
99	11
0	10
6	2
0	2
2	18
0	0
4	15
0	15
0	15
3	0
3	0
3	0
0	0
0	0
19	0
0	0
84	141
153	122
0	120
0	25
3	28
0	25
0	25
0	25
45	10
0	10
3	10
2	10
0	10
7	15
8	10
8	10
0	0
0	10
0	1
18	146
11	0
0	0
25	10
7	10
616	53
0	4
17	12
0	44
4	10
99	27
0	1
18	10
11	27
12	0
0	8
70	0
14	5
0	5
11	13
21	12
2	6
0	12
0	1
5	85
0	12
90	32
15	32
0	22
1	1
1	0
0	0
99	0
1	0
14	1
0	1
0	1
0	1
0	1
0	1
0	1
0	1
1	1
0	0
0	1
0	74
0	70
0	64
9	68
0	64
0	0
0	13
0	0
0	1
0	1
0	16
6	16
3	4
0	1
11	0
8	0
9	3
0	3
14	77
0	2
0	0
19	1
0	0
1	75
8	7
4	0
11	43
0	76
0	72
39	82
180	0
7	1
46	12
0	15
0	1
15	22
0	7
0	1
0	0
7	0
1	104
24	94
0	37
0	2
12	2
0	7
0	0
1	0
1	0
0	5
0	2
25	2
10	38
0	38
0	7
0	0
0	1
2	1
0	0
2	0
0	0
1	1
0	1
2	0
3	12
64	6
4	25
0	14
0	14
0	15
1	7
0	7
0	3
0	1
2	2
0	5
0	5
9	0
20	17
4	16
0	0
0	0
0	3
0	3
0	61
29	27
7	9
1	7
553	25
0	0
0	18
0	18
0	14
0	6
125	22
13	3
21	2
36	2
13	5
0	5
0	0
0	0
0	0
0	0
0	0
0	22
0	4
0	100
0	100
0	0
0	93
0	92
0	6
0	0
10	6
0	4
0	6
0	7
0	7
3	334
2	21
0	14
0	7
0	13
2	3
3	0
0	0
0	6
0	341
0	340
97	2
739	36
0	5
11	36
1	1
84	2
0	1
5	0
10	0
0	2
0	0
0	5
47	12
19	20
0	7
0	10
0	3
0	3
105	0
2	56
3	56
8	46
16	31
0	0
7	7
0	1
1	6
0	6
80	0
23	63
0	61
31	2
0	0
0	0
0	0
0	0
0	2
1	3
55	43
0	9
0	34
4	34
0	20
0	19
0	37
0	0
34	120
37	120
0	9
3	3
0	0
13	18
0	7
94	316
0	4
0	5
0	0
0	1
28	311
0	0
2	0
0	5
0	136
2	160
0	3
1	156
0	0
8	157
0	13
4	13
18	13
10	0
16	0
0	74
37	172
0	74
14	6
0	116
0	0
0	5
0	77
0	104
5	6
4	3
0	8
0	42
0	2
2	0
12	52
1	12
0	11
0	16
3	0
24	104
7	1
0	0
0	0
0	0
328	48
3	1
3	2
0	1
0	1
0	35
2	1
5	5
0	0
0	14
0	16
5	0
226	51
376	58
68	18
1	8
15	19
0	5
0	6
0	4
0	6
0	3
0	1
0	6
7	0
114	29
0	17
132	3
2	0
4	38
0	38
0	14
20	14
84	14
3	0
0	0
0	0
129	28
0	0
0	2
0	0
0	0
0	28
10	13
0	13
0	0
0	3
0	2
0	2
0	0
0	0
0	0
0	2
5	7
0	7
1	4
0	3
0	3
0	0
2	0
0	0
0	0
0	46
0	1
1	27
2	5
54	13
0	2
0	2
92	6
0	5
0	2
0	2
0	1
0	377
0	370
0	21
0	15
11	11
0	376
0	12
10	27
6	1
0	1
27	146
0	146
18	48
0	18
3	51
2	0
161	221
0	223
0	16
0	16
0	0
7	1
1	11
7	182
0	182
0	96
0	16
0	47
1	70
0	11
0	10
0	8
0	8
0	8
0	8
0	0
78	72
2	7
0	65
3	0
34	1
0	10
0	1
6	39
0	121
0	345
0	82
64	425
26	31
3	8
0	21
0	257
0	121
3	10
0	0
1	10
0	10
0	68
0	6
0	6
30	61
0	1
3	7
7	23
1	0
0	36
0	1
0	0
0	0
0	2
0	2
0	23
0	20
248	0
1	57
5	45
0	0
1	45
1	0
3	57
0	0
0	0
0	0
0	0
0	0
24	34
7	40
0	7
0	15
2	15
147	10
1	9
8	13
2	0
14	0
7	4
0	0
0	4
0	1
9	2
9	3
5	0
62	32
0	58
0	58
0	58
2	9
0	0
22	168
0	142
0	0
0	4
11	8
0	0
0	8
0	65
3	61
0	41
0	0
0	2
1	0
0	65
9	3
0	3
0	3
1	21
0	6
5	1
0	1
316	14
0	14
0	0
448	14
0	11
0	1
0	0
1	1
0	4
12	21
0	7
3	0
29	23
1	18
0	22
3	6
2	1
1	0
0	42
0	0
16	0
0	0
0	42
1	26
0	7
0	7
667	4
1	0
5	19
0	4
0	0
2	0
0	0
0	8
0	0
0	0
0	0
0	1
0	0
0	4
0	14
0	8
0	4
0	10
0	9
0	9
0	9
0	30
0	26
0	30
0	30
0	26
0	0
5	0
200	1
0	0
0	0
0	0
0	0
0	0
0	47
8	10
0	42
0	1
0	22
0	51
0	1
1	1
2	0
5	21
42	54
151	0
7	16
0	4
0	5
10	2
2	3
0	3
0	3
0	3
0	3
0	2
1	26
0	3
38	443
16	751
0	742
11	3
0	0
9	6
187	0
0	43
7	3
0	0
0	0
0	0
0	0
1	9
1	0
0	0
3	9
0	43
0	28
132	16
0	1
0	57
0	0
1	19
4	9
0	65
0	891
0	40
0	886
0	993
87	4
3	963
0	857
0	0
0	0
0	3
0	3
0	0
0	0
0	218
0	794
0	14
1	14
0	1
7	0
3	53
1	3
0	1
0	35
1	36
0	0
0	0
13	37
0	0
0	0
0	21
0	160
0	179
0	14
0	13
0	14
0	10
0	14
0	14
0	10
0	10
0	1
0	1
63	0
1	0
100	9
0	2
0	1
0	0
0	0
6	0
471	0
3	9
0	3
0	9
4	0
0	29
0	29
1	0
0	0
0	18
0	0
0	0
0	1
0	0
3	9
0	8
12	0
1	0
0	12
0	12
2	13
0	12
0	12
0	12
0	10
4	0
0	0
5	7
0	0
0	9
1	5
0	2
0	2
0	18
0	12
0	18
4	0
0	18
2	18
42	21
0	2
0	2
0	4
0	1
3	4
0	1
0	1
1	3
2	2
102	2
0	2
0	2
0	0
16	218
0	358
0	20
0	222
0	41
0	29
21	271
116	271
50	83
9	1
0	0
9	0
4	0
3	0
32	44
0	109
45	489
0	0
43	473
46	119
0	13
0	119
0	119
0	112
357	13
0	13
0	52
262	64
0	25
0	13
58	13
262	21
1	2
264	120
0	0
0	24
0	0
0	112
0	0
0	112
0	112
0	8
0	6
0	8
5	0
10	0
0	34
0	9
0	34
0	0
1	0
0	0
0	5
1	0
0	2
0	0
436	10
101	23
0	1
0	14
0	1
36	4
0	1
4	21
0	0
55	32
3	32
4	44
82	88
0	1
0	84
0	92
0	12
15	12
34	42
0	0
0	0
8	67
0	0
1	1
1	67
0	52
0	0
5	0
5	86
7	86
19	102
277	102
0	81
0	81
0	93
0	93
0	5
0	4
1	4
0	0
4	0
0	0
0	0
9	0
1	5
3	54
0	53
7	43
0	2
3	2
0	3
0	5
0	2
3	0
0	5
2	36
0	54
19	265
0	268
0	43
43	230
0	1
0	2
0	2
0	0
931	25
0	3
0	24
0	11
0	11
0	4
38	2
13	2
0	0
0	0
6	7
0	7
1	2
21	19
2	7
69	19
85	85
1	85
0	0
0	1
0	1
0	1
0	0
0	9
0	14
1	14
2	9
0	0
0	2
0	0
0	32
139	210
20	210
4	17
0	17
0	12
0	0
12	0
0	0
13	0
0	0
0	0
0	0
23	66
186	74
14	52
0	4
1	0
1	0
2	0
0	0
0	16
0	0
3	16
12	0
0	4
3	4
19	0
0	8
464	17
24	7
0	4
19	30
0	26
0	4
1	4
51	0
0	0
0	1
1	2
30	235
645	208
1	214
0	223
0	120
0	26
0	12
44	70
23	1
0	32
40	66
0	33
0	34
116	29
2	26
0	10
0	10
0	10
0	10
0	10
0	13
0	8
0	0
30	3
0	0
0	1
3	0
0	6
0	0
14	8
0	2
3	0
8	6
2	6
0	5
7	0
0	0
4	4
0	4
4	39
0	1
79	39
8	0
2	6
0	6
0	234
0	234
0	100
1	1
2	0
0	0
0	0
0	8
0	0
0	3
0	0
1	0
47	68
1	0
0	17
0	8
0	68
17	10
0	10
0	2
0	1
0	43
85	36
0	26
0	13
0	13
0	43
1	34
4	29
12	43
0	15
1	34
0	13
0	14
0	42
0	10
32	8
0	14
0	4
16	4
179	1
0	4
0	3
38	2
29	2
0	1
0	1
0	1
0	0
5	3
0	3
0	11
0	11
0	11
2	0
0	0
6	11
0	11
0	6
0	0
0	0
2	8
4	9
1	6
2	11
0	67
11	67
0	20
6	20
0	13
51	29
0	26
0	34
1	34
2	35
0	34
0	1
0	14
4	1
0	1
1	1
0	1
0	37
0	22
0	13
0	13
0	5
1	22
0	21
0	16
0	16
0	16
0	8
0	18
0	6
0	9
0	0
0	9
0	9
0	22
0	4
0	4
0	4
0	4
0	4
0	0
0	8
20	20
0	15
3	1
108	0
0	0
0	18
0	0
0	152
0	2
0	1
5	0
0	7
16	5
1	5
6	44
4	153
0	162
2	0
372	167
0	1
0	36
0	36
0	24
9	16
3	18
0	4
0	14
0	3
0	2
0	3
0	4
0	2
0	1
145	210
0	0
46	0
3	0
125	20
0	14
1	10
0	7
0	7
0	4
1	0
0	43
0	28
13	3
0	1
0	10
0	10
54	0
0	2
0	2
0	52
0	52
2	4
186	234
0	210
4	18
0	45
0	1
20	1
1	2
0	2
0	1
0	5
0	5
0	5
0	8
21	9
0	4
0	1
0	1
5	4
0	0
0	0
0	6
0	6
0	0
0	2
0	2
0	2
0	60
0	42
0	60
0	360
0	360
241	4
0	71
0	71
16	60
0	0
6	2
1	0
3	1
0	1
3	19
0	2
192	1
8	1
8	112
13	55
0	55
0	0
0	5
0	5
0	5
12	3
22	0
4	13
4	12
0	12
0	12
0	11
0	1
0	1
0	1
0	1
1	1
0	1
0	1
6	5
0	5
0	19
0	0
22	19
2	4
7	23
0	23
0	15
2	13
2	4
2	2
0	1
0	0
0	0
0	0
0	0
960	0
53	122
0	33
639	24
0	18
0	13
61	0
21	0
0	19
0	35
0	1
19	1
0	2
0	1
16	2
123	54
0	33
1	6
0	25
108	58
31	31
7	2
27	2
0	0
0	1
0	0
5	1
1625	164
4	4
13	0
52	20
0	20
0	165
0	14
1	41
0	6
11	147
3	6
6	1
2	4
2	126
0	31
0	9
3	0
0	3
0	0
0	0
26	126
0	149
163	97
0	165
0	70
8	68
14	29
0	6
0	6
0	149
0	0
1	4
0	4
0	0
0	0
1	0
4	0
0	0
0	0
0	0
0	3
0	3
0	3
0	3
0	3
0	3
0	0
0	0
0	0
0	1
3	7
0	7
0	7
0	7
1	26
0	13
0	23
0	8
0	2
0	23
100	24
0	24
0	142
0	113
2	4
116	168
0	73
0	138
149	0
0	0
0	0
35	10
0	1
1	0
120	65
0	4
0	1
0	45
0	48
1	61
0	3
0	3
0	0
0	0
2	0
0	61
24	61
0	44
2	0
11	9
0	2
0	0
0	0
0	0
0	1
4	0
0	0
0	0
0	0
0	0
0	7
0	17
0	330
0	330
0	330
35	291
0	287
4	59
0	28
6	37
7	44
0	22
0	22
0	147
0	111
0	99
0	104
0	58
25	3
2	107
3	145
435	139
0	0
1	2
2	0
8	15
0	15
325	18
0	12
5	0
3	1
7	584
0	24
0	77
0	77
1	49
0	59
25	318
0	318
0	32
125	94
6	8
0	93
2	0
8	17
0	17
0	7
4	0
11	0
12	73
0	63
0	37
102	11
29	431
0	19
80	33
0	15
0	28
2	0
0	2
15	9
6	0
0	0
0	0
160	5
11	5
1	0
6	3
0	6
0	31
175	31
0	2
236	131
0	16
109	21
0	43
0	122
0	71
5	35
0	0
0	6
1	8
0	37
33	78
125	262
41	42
19	28
0	3
0	1
0	2
3	0
4	0
0	0
1	0
0	0
0	8
27	0
2	10
0	6
61	24
2	71
0	63
0	60
2	4
0	1
0	46
0	61
0	106
0	81
6	81
58	98
18	28
0	3
4	26
0	1
0	2
305	103
0	100
58	33
0	31
0	6
0	5
48	3
48	3
4	1
0	1
14	23
0	0
11	85
13	85
10	44
0	26
3	41
0	24
4	14
2	21
0	2
0	27
1627	8
0	22
0	37
0	0
1	0
0	22
74	37
1	2
0	0
1	1
10	0
0	3
1	2
0	2
22	11
0	0
0	11
0	5
0	5
0	1
0	1
0	1
70	68
0	13
0	51
1	61
9	6
12	6
0	4
3	4
0	11
13	15
0	7
0	0
0	0
4	1
15	12
88	30
63	30
8	13
0	27
0	27
0	83
0	6
0	57
0	109
5	11
0	8
4	0
0	6
2	1
0	16
0	0
1	0
5	0
66	92
0	0
0	1
0	22
0	19
7	19
0	0
261	2
0	1
108	251
0	251
0	226
0	228
4	168
1	8
0	49
0	0
0	0
0	4
0	9
2	34
0	68
8	24
0	0
0	1
1	1
0	68
16	50
0	37
0	10
2	8
5	6
0	4
1	40
783	0
12	2
2	2
0	2
0	1
0	0
3	78
0	61
41	0
25	30
0	0
0	0
0	1
0	1
129	0
0	0
0	0
0	0
15	0
10	6
0	6
0	7
5	8
8	6
0	5
31	4
0	7
0	6
0	7
6	23
2	14
0	14
25	6
225	16
0	16
32	0
14	9
0	9
3	24
0	19
0	8
0	9
0	9
0	9
0	9
0	1
31	277
0	4
0	272
23	13
0	1
192	12
0	12
374	65
0	65
0	65
96	8
2	8
0	2
0	8
105	0
0	100
0	64
0	34
3	26
59	66
75	36
30	7
0	6
173	0
8	1
0	0
0	1
0	0
0	9
0	0
0	1
0	0
0	9
9	15
0	0
0	0
3	1
0	3
0	0
0	12
0	1
37	0
0	0
0	0
156	0
191	139
0	119
0	5
0	184
0	83
22	15
0	15
0	119
153	0
0	0
0	0
22	17
26	15
12	5
18	5
0	4
2	1
0	2
4	6
0	6
11	1
17	5
0	90
2	86
8	107
0	86
0	3
0	86
0	88
0	1
0	105
1	34
0	0
2	1
0	49
0	90
20	18
3	2
0	0
0	65
59	78
0	69
10	65
0	57
0	9
0	8
0	8
0	0
0	9
0	8
171	3
3	3
4	1
0	1
103	9
0	9
0	9
0	17
0	7
11	153
5	153
4	60
0	60
14	0
5	0
0	1
6	13
0	0
0	3
0	3
38	2
0	0
2	1
0	0
3	0
0	1
0	1
0	1
0	39
67	39
0	30
1	16
0	8
0	24
2	24
16	5
2	0
0	0
8	0
0	0
0	5
13	25
0	2
8	17
65	42
0	14
7	46
0	7
0	46
0	5
5	3
6	0
0	0
1	0
0	0
0	1
16	2
4	16
6	5
0	6
0	0
0	0
9	11
0	26
0	8
0	7
5	22
0	17
0	95
0	2
5	2
0	0
8	0
0	0
36	13
22	86
0	2
0	0
13	8
30	0
0	15
0	0
0	0
0	15
0	15
0	0
343	16
3	4
5	6
7	11
28	8
0	4
6	64
0	1
0	0
0	0
0	32
8	0
125	64
9	1
0	1
0	0
0	21
0	19
0	2
0	12
0	2
4	3
0	0
0	2
85	41
0	41
0	0
0	0
0	0
0	0
0	34
9	26
0	26
0	849
0	606
3	827
3	17
0	2
0	635
0	0
0	0
2	0
0	17
0	30
5	255
10	0
0	9
0	23
0	3
21	18
0	1
0	1
32	1
9	65
0	57
0	57
3	36
0	36
0	32
0	39
0	0
0	0
0	0
0	0
207	30
0	70
0	3
1	43
2	3
41	38
0	8
0	38
5	28
0	38
0	4
0	582
0	570
0	576
160	16
31	4
0	2
0	0
0	0
1	0
0	288
0	31
0	31
0	12
0	12
5	0
0	1
0	1
0	2
15	106
0	18
0	26
60	26
0	26
196	34
0	0
0	0
0	33
0	0
0	1
0	0
4	12
0	12
0	26
0	28
0	28
1	14
113	11
0	7
19	128
0	25
1	82
0	7
81	0
0	75
19	90
0	90
321	75
2	75
15	17
138	12
29	0
24	11
2	11
153	30
0	1
0	1
0	1
1	4
0	0
0	0
0	0
0	0
0	0
0	3
0	3
4	0
17	2
9	10
0	8
10	0
39	6
3	0
0	4
0	2
29	13
9	2
0	11
29	15
3	15
0	11
0	5
0	0
0	0
29	24
7	24
4	17
96	19
0	3
301	23
0	12
0	12
73	84
0	82
9	25
1	9
0	9
0	5
0	2
0	2
0	2
0	2
4	1
2	3
0	7
0	18
1	18
25	48
8	48
0	49
0	37
0	34
213	22
3	6
0	0
8	2
0	2
0	1
0	4
0	4
3	2
0	2
46	19
0	0
30	19
3	51
17	61
0	51
475	0
2	24
0	1
0	9
26	24
10	25
4	13
11	25
8	26
34	30
0	0
0	0
0	32
1	33
0	1
0	5
2	0
0	0
0	1
0	5
47	4
1904	0
0	4
0	4
12	4
6	0
5	48
0	1
8	1
0	0
0	0
0	0
0	0
26	0
21	1
0	160
0	0
1	0
3	15
87	75
404	238
18	288
2	15
0	43
6	2
54	196
3	0
0	196
0	17
2	8
0	13
0	0
0	0
0	0
3	9
0	0
1	0
4	6
0	7
0	6
0	2
0	25
0	16
0	11
0	7
1	0
3	0
0	0
4	3
7	1
8	1
0	1
1	0
0	6
0	0
221	22
0	22
0	4
52	11
35	12
62	27
0	27
0	0
72	740
317	875
0	235
0	4
1	7
7	3
0	0
0	1
1	8
1	0
0	0
0	7
32	290
0	198
0	282
0	21
0	0
0	0
0	8
0	8
0	1
0	8
7	8
0	8
0	1
2	0
64	0
5	0
21	14
4	23
0	1
0	1
0	0
0	9
0	0
0	0
2	0
0	1
0	1
0	1
0	19
27	30
0	3
0	6
0	6
1	18
0	11
195	18
0	5
0	7
0	1
0	7
15	0
33	74
0	33
0	69
0	73
0	169
55	169
3	0
6	28
0	41
0	50
0	0
0	61
0	28
1	7
5	3
1	6
0	0
0	1
9	1
0	0
10	22
16	0
177	11
0	0
0	11
4	0
2	3
1	0
0	0
10	26
1	65
0	26
0	26
4	21
0	24
15	39
10	39
0	1466
0	1466
17	33
768	39
0	21
20	5
0	1
35	0
0	0
14	29
0	13
0	4
0	19
0	0
58	0
68	3
0	0
2	0
0	24
0	24
0	5
0	0
0	0
2	0
0	0
0	0
0	1
0	1
0	0
0	0
8	394
3	5
0	5
0	0
0	0
0	1
0	1
0	7
0	10
0	1
0	0
0	0
3	1
0	0
0	6
0	3
4	0
17	37
0	0
2	37
71	180
36	7
3	1
0	0
0	0
9	0
0	0
2	6
0	10
10	8
0	16
0	8
0	6
1	5
0	0
0	8
0	6
1	0
0	1
0	2
0	0
800	0
1	9
0	15
0	15
52	98
0	94
13	57
4	58
65	0
0	0
0	3
0	5
0	3
0	5
2	5
0	5
0	5
0	5
0	5
0	5
0	5
171	135
13	16
12	0
12	40
68	0
2	0
4	23
0	39
0	7
0	4
17	0
22	12
2	3
17	50
28	49
19	13
0	0
0	6
65	1
0	5
1	12
5	4
0	4
0	4
23	22
265	141
0	172
42	69
0	143
0	55
2	182
0	21
6	28
6	38
0	40
5	18
0	22
0	20
0	10
0	1
0	0
3	0
3	0
9	1
0	0
0	2
0	2
0	0
0	0
0	0
1	1
0	2
1	2
0	38
0	1
1	0
0	1
17	7
0	7
0	2
0	2
0	2
0	2
0	0
6	199
0	190
3	0
10	220
3	50
0	41
10	1
2	1
62	10
0	5
0	1
0	0
8	10
10	11
0	1
16	36
2	36
0	2
61	37
0	37
0	9
0	1
0	11
36	274
5	271
0	4
0	1
0	0
4	1
0	274
0	1
46	1
0	1
0	1
0	1
0	0
0	0
0	558
8	139
0	33
0	61
0	61
0	63
0	61
12	41
0	49
0	55
0	58
0	42
36	58
276	32
0	10
0	1
2	1
0	1
0	12
1	0
0	2
0	18
21	0
3	0
0	1
15	1
16	13
0	557
0	555
0	557
0	2
0	2
0	1
0	1
2	1
0	0
0	1
0	1
10	19
0	2
1	0
1	0
2	0
0	0
0	0
0	0
0	0
0	0
4	0
0	3
0	3
0	3
0	3
0	0
0	0
26	23
0	19
0	10
0	7
6	7
0	4
0	0
0	0
0	1
6	1
0	0
0	0
0	1
0	1
3	1
0	1
95	0
3	0
1	0
0	0
1	0
0	14
0	14
0	4
0	2
1	0
0	0
0	14
0	14
0	1
0	1
979	1
8	1
12	20
1	20
20	102
0	102
1	0
0	3
11	4
0	0
0	4
30	11
28	9
0	9
64	18
5	11
5	2
10	18
7	34
0	15
0	4
0	16
0	0
1	0
1	0
3	1
0	82
176	82
2	72
7	71
0	72
0	78
0	9
33	0
40	0
1	0
62	132
57	132
81	0
9	0
0	0
4	0
8	26
2	40
0	40
0	1
0	23
0	3
0	19
108	79
0	64
0	9
0	7
0	0
0	0
0	0
0	0
0	0
358	17
1	21
0	4
5	0
0	2
215	68
0	60
0	49
73	32
0	0
0	15
0	15
31	3
0	0
0	1
0	3
0	1
15	145
0	29
0	14
0	125
7	129
0	14
0	2
5	0
0	0
0	10
0	10
3	15
0	2
8	1
0	2
0	1
0	8
2	3
4	8
0	310
20	310
4	129
0	129
0	3
0	4
0	4
284	4
0	3
0	3
0	3
0	3
0	3
0	1
14	0
6	0
0	2
3	3
0	5
5	6
0	1
0	2
0	5
13	0
5	193
0	45
0	20
0	0
18	2
21	0
0	2
0	2
4	0
7	13
0	2
2	3
3	13
0	2
0	2
0	0
2	1
0	1
0	0
489	13
0	13
0	148
15	148
0	148
0	148
6	5
1	32
0	32
1	143
1	2
0	1
0	1
0	1
0	1
0	0
1	0
0	0
0	0
9	33
18	9
0	26
0	697
15	9
1	3
0	9
0	9
0	1
0	19
0	15
1	14
4	1
13	5
3	5
0	0
49	63
0	24
0	5
1	42
2	3
0	4
0	1
9	1
0	40
3	37
4	31
11	24
0	24
138	5
0	0
0	26
0	4
98	5
0	5
0	2
0	0
0	0
223	712
12	14
0	14
0	4
0	0
0	11
13	14
0	0
0	0
18	6
0	6
8	6
0	6
0	10
0	10
0	7
0	150
0	150
0	154
11	154
0	126
4	25
0	4
0	0
0	0
0	0
0	16
5	18
0	26
0	3
0	0
0	0
1	0
1	0
0	0
0	0
24	0
0	0
0	0
0	0
1	0
0	0
2	0
0	0
0	0
0	2
11	3
1	1
0	2
2	0
0	0
118	11
0	3
3	0
2	0
6	3
0	0
0	2
0	1
4	0
5	3
0	0
1	3
22	8
2	8
5	2
0	0
0	3
0	3
5	0
14	3
2	3
8	0
0	47
24	47
0	36
0	0
0	1
0	1
0	1
0	0
0	0
0	0
1	0
0	20
0	5
1	13
0	13
0	0
4	8
87	6
9	16
0	3
60	40
0	40
8	10
0	5
5	10
1	0
260	0
14	310
1	0
0	0
0	85
11	107
2	86
0	108
0	0
0	0
0	0
0	0
1	1
0	0
0	0
0	17
79	0
0	2
0	7
35	19
2	2
0	1
1	0
0	12
3	0
7	0
140	30
0	30
0	30
19	48
0	29
0	16
2	3
0	13
3	18
9	2
0	15
8	21
3	15
0	0
0	0
0	0
0	0
0	22
0	19
0	6
0	37
0	31
16	1
0	1
167	0
6	29
0	30
0	31
0	31
0	0
0	0
0	1
0	1
0	3
0	1
0	0
0	0
0	0
0	0
1	0
0	1
0	0
26	10
7	10
6	1
4	0
56	2
0	0
0	0
0	2
0	0
2	0
130	0
0	0
0	2
0	2
0	2
0	80
0	23
6	74
0	25
21	8
0	0
0	5
0	26
0	0
0	0
1	1
5	13
0	13
0	3
0	11
3	1
0	1
0	0
0	5
9	10
0	1
0	10
1	0
0	1
46	121
8	122
0	20
0	3
0	2
0	0
17	0
0	0
0	0
10	45
5	14
3	7
7	39
28	29
0	30
2	29
20	25
29	14
0	286
0	7
0	208
0	1
11	1
1	10
0	0
4	1
0	7
0	1
0	8
0	7
876	322
8	320
0	304
0	242
0	176
0	176
0	180
0	1
0	2
0	0
1	0
0	0
37	3
0	3
0	0
0	0
0	1
0	3
0	1
0	0
21	37
12	26
0	22
0	0
0	0
0	22
12	39
21	37
1	1
0	1
5	0
18	0
0	0
0	0
0	0
2	13
0	1
0	13
16	25
0	51
0	21
0	20
0	22
12	36
11	22
0	34
8	20
0	14
0	14
0	2
3	0
0	0
2	20
0	0
1	4
5	0
83	16
1	0
0	5
0	10
0	10
114	2
0	1
1	1
0	2
5	49
3	202
0	0
0	2
118	0
0	0
0	0
0	0
48	0
11	5
0	4
2	2
0	4
79	5
0	1
0	2
0	0
54	5
0	1
0	1
17	0
0	4
23	16
0	19
2	14
7	16
84	41
4	0
0	0
14	0
1	0
17	5
35	7
0	0
0	0
0	0
0	0
1	0
0	8
0	1
268	28
0	13
28	9
20	7
33	5
2	4
308	741
0	8
0	675
0	70
0	58
0	29
51	61
0	16
0	87
3	0
7	0
0	15
15	112
0	73
0	64
97	33
0	9
4	2
45	87
0	85
0	82
0	67
0	9
0	2
0	67
3	0
0	0
0	0
37	0
9	0
18	11
10	18
0	11
24	61
0	63
0	5
158	229
0	20
0	5
0	4
34	69
0	33
13	0
16	33
0	6
10	6
0	2
0	2
0	2
0	1
5	0
24	16
0	8
21	16
5	22
170	169
0	147
8	98
17	109
21	22
17	22
0	22
65	9
0	0
31	0
0	9
348	20
0	18
0	5
0	18
0	1
0	8
4	8
0	1
0	1
0	1
0	0
53	9
0	8
0	0
0	0
1	28
12	39
0	2
0	11
1	21
0	14
0	0
0	0
35	28
1	6
0	24
0	53
87	53
0	0
11	4
0	0
0	4
25	0
0	0
0	0
9	0
0	1
0	0
1	0
20	35
0	26
0	20
0	2
0	8
0	28
0	2
0	2
0	1
6	7
0	0
2	2
9	8
10	22
1	21
0	15
1	2
0	1
43	0
0	31
0	34
0	34
0	15
0	15
0	3
16	3
0	2
0	3
0	1
20	2
3	0
0	0
9	194
0	78
13	47
9	147
0	97
0	0
125	30
0	44
21	193
16	148
10	5
208	19
2	4
55	49
0	81
0	81
0	41
5	0
2	0
0	0
0	3
0	42
1	50
7	13
0	9
0	11
0	0
2	2
3	37
34	10
0	0
0	10
0	0
87	34
0	51
0	51
0	0
0	0
1	5
1	5
0	4
0	0
0	1
1	0
0	5
4	0
38	14
40	30
0	27
0	12
0	13
0	0
1	1
10	2
0	11
0	8
3	16
0	7
0	5
0	2
19	106
0	1
2	2
5	0
0	4
0	52
0	51
44	58
1	58
0	5
1	5
1328	5
2	0
0	0
0	0
22	7
0	3
5	0
0	0
5	0
0	0
0	4
2	0
0	0
0	4
0	0
0	11
4	11
0	4
7	8
3	2
2	7
11	25
10	25
0	0
5	37
0	18
0	15
0	0
0	1
135	31
0	12
0	0
0	1
0	1
0	0
0	0
36	2
0	112
0	107
0	9
0	1
0	19
0	18
0	2
0	1
0	1
0	1
0	6
0	6
0	1
2	6
0	1
0	0
0	5
0	0
0	0
0	0
0	0
0	0
0	5
0	0
0	0
0	5
0	5
0	5
0	5
0	5
0	5
0	5
0	0
0	0
3	0
0	0
0	2
1	2
0	2
2	1
0	0
0	10
174	47
2	37
107	5
0	5
0	1
15	0
0	0
0	0
0	0
1	0
12	0
0	0
1	1
0	0
0	0
0	0
2	0
0	0
0	0
0	0
0	0
0	0
0	0
0	0
0	0
0	0
8	0
0	20
0	20
3	20
0	2
1	2
0	1
8	0
0	3
2	0
0	17
5	19
7	4
0	0
0	15
0	2
38	30
0	30
12	69
1	1
0	0
0	1
3	148
0	156
0	168
0	157
14	189
0	179
19	1
124	0
111	1
0	0
46	79
4	0
2	79
0	48
0	48
0	48
0	0
0	0
0	34
0	5
0	2
0	0
0	1
0	1
0	27
0	48
13	11
0	29
0	29
0	22
0	11
0	11
0	0
18	241
1	4
0	245
0	0
0	241
0	1
8	51
0	20
0	12
0	14
12	0
18	17
11	16
0	12
9	0
1	0
0	1
0	1
0	1
27	212
3	212
1	45
0	0
98	4
14	3
0	3
2	8
0	0
0	105
0	27
0	14
261	196
0	99
0	13
0	3
0	3
0	17
0	14
0	14
0	33
0	14
0	14
0	0
0	0
1	0
7	0
0	16
0	24
0	26
4	3
11	3
0	0
1	2
53	2
29	0
18	0
2	4
0	0
0	4
0	13
0	13
0	0
38	16
0	4
0	4
0	16
0	6
4	2
1	2
6	9
49	1
0	1
0	0
0	0
332	371
0	385
0	14
0	0
0	1
22	56
0	61
15	64
0	5
0	10
0	0
0	53
0	5
16	10
0	9
0	4
0	0
2	0
26	0
6	347
26	345
3	335
0	288
0	288
0	0
12	299
0	388
15	269
7	269
9	182
7	8
32	4
0	4
1	0
20	192
0	0
0	192
775	75
141	95
0	3
0	0
0	16
0	15
0	0
0	2
594	9
4	7
0	0
9	51
11	51
15	1
0	0
22	0
58	0
14	0
0	71
0	6
0	41
2	71
0	9
0	35
15	49
0	71
0	1
1	34
18	43
0	27
1	4
451	55
6	39
0	45
0	0
2	0
2	1
0	0
2	0
9	4
0	6
0	15
0	31
0	5
5	6
0	3
0	4
0	4
2	0
4	0
0	0
32	0
0	4
0	0
0	0
0	0
0	0
0	0
0	1
0	0
0	1
0	3
0	9
0	9
1	2
5	9
17	9
15	31
13	31
24	16
0	16
3	0
0	0
4	17
0	22
0	20
0	5
0	0
0	5
1	10
5	2
1	0
0	0
0	0
13	1
40	1
12	1
1	51
1	51
18	20
3	40
1	15
0	0
0	2
0	46
9	5
0	4
6	5
0	3
0	3
0	3
0	0
1	1
0	0
0	0
0	0
3	2
88	105
4	61
7	61
17	61
0	0
17	31
0	15
5	1
4	1
148	55
3	36
0	8
1	28
0	128
0	115
0	78
9	90
0	77
0	69
12	52
805	51
0	3
0	0
0	4
0	0
21	0
211	49
1	31
48	18
23	5
5	0
0	0
145	45
0	40
0	5
75	5
0	3
0	0
0	44
3	6
0	6
2	17
0	7
0	2
9	168
1	1
0	0
0	165
0	169
3	0
174	112
10	32
0	32
0	3
54	5
3	1
0	2
0	3
32	36
0	36
0	3
0	1
0	0
0	1
0	1
0	1
5	0
25	23
0	10
1	6
0	1
0	3
0	1
0	3
21	15
0	13
0	36
0	38
0	1
1	1
0	37
0	10
25	10
0	5
3	0
0	38
0	38
60	94
108	39
1	39
0	33
0	4
1	10
0	6
18	4
0	1
0	9
0	8
0	9
0	9
0	8
0	6
0	3
0	9
0	8
0	3
0	4
3	11
0	4
0	5
79	0
0	0
0	0
0	0
0	0
0	0
95	54
0	4
0	4
0	34
15	3
14	25
289	75
8	3
0	4
0	4
27	31
0	7
0	12
0	13
0	28
0	14
41	46
0	5
0	34
0	10
0	8
0	10
0	10
52	7
7	7
23	123
3	123
0	0
0	0
0	0
0	0
0	0
0	0
0	0
1	0
13	0
77	31
0	33
42	48
0	34
0	0
0	6
2	5
1	13
14	7
61	0
3	0
0	2
3	9
1	22
0	15
4	0
0	0
4	0
0	16
7	27
0	27
0	6
6	6
6	3
0	0
5	0
1	0
0	0
0	2
1	0
0	0
137	5
9	0
0	0
12	70
0	1
81	21
0	4
0	6
2	68
11	4
1	0
1	27
0	0
0	21
0	21
0	21
0	11
0	11
0	11
0	5
2	5
3	10
0	10
14	0
0	5
0	0
1	23
0	6
29	240
103	0
13	240
0	185
0	44
0	42
128	61
0	45
0	39
0	16
0	19
132	25
0	12
0	5
0	5
0	2
0	6
0	6
0	24
0	4
0	12
0	2
0	2
0	2
44	0
31	23
0	26
38	26
0	221
0	6
0	6
523	3
173	216
50	11
3	0
0	1
0	11
6	0
52	10
0	10
6	10
0	11
0	1
44	0
0	1
0	0
0	1
0	16
0	0
0	0
2	16
0	12
0	26
0	26
0	38
0	25
0	23
0	1
0	7
0	4
0	0
25	25
0	13
0	5
0	12
0	1
0	0
0	0
0	0
0	5
0	0
0	0
0	0
0	0
0	0
7	12
0	0
0	0
37	1
0	6
0	5
0	5
7	9
0	5
0	5
0	1
0	0
38	0
0	0
3	0
39	0
4	15
0	13
0	13
0	7
3	4
11	4
0	2
83	93
0	14
44	38
22	24
11	0
39	0
12	73
0	23
3	14
0	12
3	12
0	12
34	10
0	12
0	1
0	10
0	10
1	0
0	1
0	3
2	1
0	2
0	0
5	5
1	0
0	4
7	7
0	5
1	2
0	0
0	0
0	10
3	4
0	1
0	26
2	26
0	26
0	8
0	8
0	8
0	2
0	2
0	0
15	6
0	6
0	0
0	0
0	0
0	0
77	21
1	21
75	17
5	2
68	0
2	1
0	1
0	0
0	1
2	8
0	6
0	6
13	1
36	0
0	82
35	82
0	82
0	0
0	48
0	0
0	0
1	0
0	0
0	52
0	0
0	9
6	52
45	54
21	29
8	19
0	37
0	10
0	6
37	1
0	0
0	1
2	2
7	2
21	2
1	0
0	0
0	2
200	114
0	18
3	63
29	5
2	96
2	18
3	47
10	51
2	0
27	58
0	57
0	50
298	28
0	31
11	29
0	5
0	0
0	0
0	0
0	0
0	1
0	4
0	1
0	4
2	0
0	0
0	1
0	0
0	0
0	1
0	0
5	0
0	0
86	40
0	42
1	19
0	16
0	18
0	6
7	12
0	7
0	39
0	0
0	0
0	9
14	93
0	88
2	86
0	0
0	4
3	104
0	0
0	79
91	74
0	72
0	5
0	2
7	0
0	15
0	15
36	15
1	12
9	49
0	43
0	40
0	27
22	50
0	53
0	4
82	0
0	0
4	4
0	4
0	88
4	88
0	0
0	25
0	6
1	16
9	17
0	4
2	4
0	0
0	0
0	0
0	46
5	46
9	0
0	0
143	0
3	0
224	3
0	2
1	0
1	0
34	168
0	159
0	154
0	26
0	180
17	47
5	47
1	21
0	4
1	27
0	13
0	27
85	5
5	5
1	5
3	1
12	1
0	3
0	3
0	4
0	3
2	3
0	0
0	4
1	4
0	0
8	1
217	21
0	21
2	0
2	8
2	9
0	0
3	3
29	24
0	24
1	1
0	5
16	47
0	47
0	49
0	0
0	48
0	5
2	0
37	133
0	133
0	114
0	131
0	0
0	0
0	0
3	25
2	0
0	1
0	29
309	0
0	2
0	2
0	0
3	2
0	2
0	2
0	0
125	45
3	59
0	1
0	1
0	1
0	1
16	1
0	1
0	1
5	1
0	1
35	76
0	16
20	176
0	74
0	72
0	14
0	60
0	60
32	60
0	22
0	103
0	5
0	3
2	3
2	3
0	3
0	0
0	0
0	0
51	4
4	3
0	1
0	3
0	1
0	2
9	0
72	19
0	2
0	2
0	19
0	182
0	182
0	35
1	30
3	16
68	66
38	65
42	65
0	45
6	13
41	18
0	5
0	5
61	0
13	41
3	96
0	28
0	97
7	27
0	27
1	5
116	9
0	9
0	5
1	1
0	1
24	4
0	6
3	3
0	1
0	1
0	1
53	107
1	6
0	0
3	4
0	4
0	0
20	0
93	103
0	130
0	80
0	80
3	8
6	1
0	23
0	39
4	39
37	0
0	25
0	7
0	30
0	30
0	30
0	30
0	30
0	30
0	30
0	30
0	30
0	1
0	29
0	29
0	29
0	36
0	30
0	7
2	0
0	25
7	1
0	0
37	4
0	38
0	38
1	0
0	7
0	7
0	1
0	0
0	1
0	1
0	0
0	1
0	8
0	8
1	51
0	33
0	18
6	16
0	25
0	25
1	0
11	235
0	9
0	6
153	234
0	8
27	4
15	49
0	3
0	5
0	193
3	193
0	5
0	4
1	2
0	0
0	20
0	0
3	12
0	11
0	8
0	13
0	0
0	13
46	0
0	6
2	6
0	0
4	5
1	60
1	40
26	25
0	13
10	13
2	169
0	169
29	1
14	39
0	33
0	3
0	4
3	0
0	0
0	1
12	5
4	3
0	0
0	2
2	16
1	16
62	0
23	0
73	2
0	1
55	0
16	4
8	11
6	11
0	2
0	2
1	1
0	0
6	393
0	0
1	393
0	390
0	393
1	0
0	0
2	392
0	1
0	1
2	0
0	0
0	23
0	0
0	0
0	27
0	27
3	27
0	27
3	27
0	27
0	27
0	27
9	0
13	0
18	0
11	0
392	0
4	6
0	6
0	5
10	49
45	48
2	0
47	15
0	102
0	120
18	15
0	25
0	14
0	387
0	39
5	0
1	380
0	7
15	7
0	2
0	0
3	4
11	28
149	28
2	23
6	2
1	0
2	0
1	11
0	2
0	2
203	13
0	13
0	0
0	0
17	35
0	24
0	28
0	0
0	0
0	2
1	12
2	12
11	2
0	2
0	1
2	1
0	1
0	0
0	0
542	0
3	18
0	13
0	0
55	32
7	70
0	62
10	0
2	103
0	0
0	2
1	2
0	2
0	1
2	4
1	1
61	28
0	9
0	102
5	9
49	87
0	3
0	88
0	75
34	51
0	51
4	29
4	0
0	18
54	164
0	92
0	2
0	0
0	1
0	1
0	0
0	5
0	11
0	0
0	0
2	18
0	0
6	5
0	0
0	0
4	5
3	5
0	5
22	1
2	1
0	1
6	8
4	8
47	43
0	39
0	43
2	0
0	0
26	0
98	0
0	0
3	0
0	12
3	12
0	1
0	7
0	1
0	1
0	0
0	1
0	3
0	3
1	8
0	0
0	0
0	0
0	5
0	39
0	121
46	121
4	19
0	23
0	12
0	6
0	14
0	4
0	10
0	3
0	0
3	0
3	4
0	18
0	26
0	0
42	124
0	35
0	0
0	1
15	1
72	9
0	8
0	2
0	67
0	0
0	0
0	0
0	0
0	107
70	29
4	28
0	1
0	56
0	17
80	39
0	30
0	290
0	290
1405	152
61	152
1	13
11	17
0	87
0	9
1	78
0	0
1	1
0	8
0	2
0	1
29	118
3	1
3	1
1	5
1	0
10	4
0	0
0	0
0	0
1	0
0	4
13	0
0	24
0	24
0	24
0	1
32	0
0	21
0	21
0	23
0	21
0	0
0	0
12	59
0	23
1	0
41	49
1	49
0	0
41	20
0	4
0	6
0	0
0	0
0	0
0	2
0	7
10	80
18	78
0	75
0	76
235	26
0	29
3	1
5	11
0	13
0	2
0	6
0	6
0	6
0	0
1	0
0	51
0	0
0	0
0	0
8	12
0	0
2	0
76	158
0	158
10	0
0	0
0	0
2	0
0	173
0	173
9	0
188	12
3	0
25	12
0	30
0	14
0	8
1	1
1	0
0	11
0	1
347	98
33	7
2	7
0	7
20	2
4	16
0	6
0	3
12	85
0	0
0	0
1	0
0	0
0	0
0	0
40	190
17	11
0	4
51	11
0	5
0	5
4	42
0	0
2	0
2	0
42	113
4	71
0	74
0	0
0	0
0	13
2	7
6	4
0	3
0	5
0	3
16	8
20	156
0	231
0	2
0	2
0	492
0	492
2	1
0	1
0	11
16	93
55	94
0	13
0	34
0	34
0	7
0	56
0	0
274	77
0	6
0	6
18	27
67	27
154	49
7	45
0	23
0	0
11	13
19	3
0	132
0	132
0	131
0	20
0	18
8	82
0	92
0	71
0	8
0	92
0	92
0	43
0	44
1	23
11	5
53	2
1	2
0	2
4	0
7	0
0	2
0	2
0	2
0	4
0	2
3	4
2	2
14	6
1	0
0	0
0	4
0	0
0	0
2	7
0	9
1	9
84	12
0	48
1	10
0	36
0	1
0	1
0	36
0	36
5	23
0	4
27	96
1	83
0	14
0	0
29	26
3	30
13	13
0	2
0	0
1	18
3	52
49	24
203	24
0	0
1	0
0	0
0	0
0	33
0	10
199	1
12	0
0	1
93	3
0	3
186	327
0	0
4	28
0	5
166	9
38	9
0	2
3	20
2	9
0	9
26	241
3	238
0	205
10	37
7	19
1	19
0	19
0	18
0	17
0	8
5	15
2	0
0	0
62	0
1	18
0	1
15	28
0	24
0	8
0	8
0	7
1	4
0	0
5	0
0	0
0	2
0	0
0	0
0	0
5	0
0	0
5	29
0	0
1	0
0	4
24	0
0	0
0	1
0	29
11	6
0	6
0	2
5	2
0	48
0	17
424	30
0	35
0	55
0	55
46	2
0	2
52	42
61	4
0	5
5	0
1	32
0	1
0	4
6	0
0	0
7	5
0	81
0	13
0	7
0	2
0	0
138	13
27	8
0	13
0	13
10	47
0	47
0	47
11	4
16	1
0	13
0	81
19	0
0	0
0	0
75	3
1	1
0	1
4	1
0	3
0	0
1	1
57	6
40	6
2	0
3	6
32	5
1	1
0	1
0	3
0	2
14	16
0	16
0	1
0	1
1	4
0	0
0	10
3	15
0	0
5	1
0	9
0	0
105	9
0	6
0	7
163	18
0	10
0	11
2	48
0	0
0	0
0	4
2	7
59	51
0	1
0	1
0	1
0	1
0	50
1	8
0	55
0	197
0	166
6	157
0	12
51	55
57	12
1	169
287	0
0	303
24	103
0	200
197	20
0	0
279	300
0	0
44	0
2	300
8	31
0	30
1	25
0	5
0	0
9	0
11	0
5	0
0	0
0	26
3	57
0	3
1	3
0	0
0	0
0	0
0	0
0	0
0	3
0	0
0	0
0	0
0	0
0	0
0	0
0	3
2	0
6	0
0	37
0	0
239	38
96	7
159	28
0	28
0	0
0	1
0	1
0	12
5	23
5	24
0	6
0	1
0	1
3	0
0	23
0	24
0	0
0	4
0	4
0	2
0	0
0	2
0	2
0	2
372	0
35	307
9	96
1	0
0	0
1	21
9	8
0	14
58	20
0	5
0	4
0	4
0	8
0	4
0	1
0	0
1	2
0	2
0	1
0	0
0	0
0	0
15	7
0	6
2	5
0	5
219	0
47	0
121	52
6	45
10	18
0	7
0	7
4	7
0	7
3	1
130	7
12	42
0	11
0	26
1	0
0	11
0	42
0	0
30	0
0	0
0	0
14	17
0	0
0	0
180	17
4	0
0	0
0	0
11	47
1	7
0	40
10	39
0	7
600	25
12	38
24	51
0	29
5	39
1200	0
87	0
0	0
24	29
0	17
0	20
0	23
0	29
0	3
0	0
3	0
0	6
0	32
1	1
0	27
0	1
0	1
2	1
10	4
3	8
0	4
123	117
0	36
0	19
0	91
0	13
0	51
2	67
0	6
0	13
0	7
0	0
0	0
0	0
0	7
388	216
0	202
0	176
0	135
21	138
14	131
0	113
0	79
0	93
5	77
0	76
0	60
0	35
0	4
0	0
31	16
0	16
0	16
0	6
0	0
1	1
0	16
0	15
0	15
5	15
0	33
0	21
0	28
0	12
5	8
0	11
62	36
0	8
0	1
0	1
0	27
0	0
0	0
124	0
3	25
64	25
11	3
0	2
38	7
1	3
0	4
0	2
0	2
0	2
0	1
0	52
0	82
0	233
0	3
0	0
3	0
1	127
0	0
0	82
0	177
211	0
25	1
0	0
333	29
0	6
12	1
0	0
0	0
5	4
6	7
0	1
5	8
0	5
0	0
1	0
30	279
16	0
0	16
20	16
0	7
0	4
0	3
1	0
0	9
0	10
0	11
0	9
0	10
1	7
1	0
0	0
0	1
0	0
0	0
0	1
0	1
0	10
0	8
0	0
0	0
2	14
0	7
0	7
6	1
74	1150
10	2
0	0
22	126
0	9
0	51
5	4
3	4
0	0
0	0
21	0
6	103
1	101
0	104
0	39
1	0
0	0
6	0
0	3
0	2
283	197
0	197
120	279
0	2
0	1
694	466
1	488
0	29
0	51
53	7
5	2
5	3
19	3
0	3
0	3
11	3
1	3
0	0
2	0
5	0
10	3
0	3
0	10
0	9
3	0
0	1
0	0
0	1
0	0
1	0
2	0
3	0
0	0
0	0
112	1
14	0
0	10
0	14
0	37
0	34
8	10
0	379
0	0
0	47
23	367
49	2
0	0
0	1
0	11
0	11
0	11
0	0
24	11
0	11
0	11
0	11
0	11
0	11
0	11
0	11
0	11
0	11
0	0
1	0
13	13
0	13
21	116
0	6
4	4
1	37
0	0
43	14
79	14
0	3
9	7
50	17
5	19
0	11
5	21
0	17
0	0
0	0
1	4
0	0
1	0
1	1
2	1
0	0
1	0
0	0
160	46
0	36
0	9
0	1
0	9
14	22
5	3
0	2
0	1
0	21
259	5
0	4
1	4
1	3
79	6
0	5
15	1
0	0
14	2
0	2
9	1
17	1
0	1
0	1
0	1
0	1
0	0
7	0
152	5
0	1
0	1
0	13
8	13
0	9
0	9
1	9
0	1
0	0
0	1
0	479
0	1
4	13
0	3
8	481
0	3
0	1
0	3
0	3
291	478
0	34
0	0
10	3
0	2
9	3
0	18
0	1
0	0
2	18
2	18
0	1
38	13
0	11
34	11
0	0
0	0
0	7
0	7
8	0
0	0
0	7
0	0
0	0
1	7
42	69
0	38
0	20
0	59
0	6
23	50
9	24
0	0
0	2
4	8
2	3
1	70
0	69
0	41
0	2
48	34
5	11
0	8
37	15
0	9
0	17
0	11
93	13
0	5
0	4
0	19
0	3
0	3
0	3
0	0
0	0
0	0
0	0
7	0
0	7
15	12
0	2
0	6
0	1
0	8
0	2
16	3
1	2
0	2
28	3
15	110
0	10
1	0
200	1
0	1
1	1
0	0
7	0
0	0
0	0
0	11
2	11
0	11
3	3
0	3
23	80
0	2
0	0
1	8
0	80
5	1
0	1
0	2
0	28
0	0
0	26
36	4
0	7
15	26
41	18
2	18
36	23
0	23
0	10
0	6
0	1
0	1
0	0
18	82
12	82
1	0
0	11
0	113
0	65
5	13
45	7
11	29
3	11
0	11
0	7
0	4
16	23
0	38
0	1
0	1
0	41
45	37
0	37
0	2
0	8
0	2
0	0
0	1
91	0
0	0
0	0
0	0
0	0
0	0
0	0
0	4
35	4
0	0
0	0
0	0
0	1
2	1
2	0
137	23
129	52
0	30
161	24
0	2
0	0
0	0
0	0
44	0
0	0
16	1
2	25
62	0
0	3
1	4
0	3
0	3
0	1
76	22
8	21
0	0
1	0
2	0
0	0
2	0
0	0
2	49
18	41
0	9
0	9
11	3
0	0
21	7
0	7
0	0
0	0
0	0
3	3
9	13
3	13
0	13
0	14
6	51
0	38
8	39
19	14
112	31
0	16
3	1
5	1
0	16
0	15
4	6
1	0
0	0
0	17
0	118
0	120
0	113
0	179
0	1
3	116
0	55
0	33
0	32
0	26
38	5
0	0
81	13
0	9
5	16
0	13
28	12
0	11
0	1
2	3
2	0
14	188
0	189
0	188
0	11
3	1
0	1
4	6
4	6
18	28
0	28
0	3
0	8
4	5
0	4
2	0
0	0
0	0
3	1
0	0
0	1
0	0
0	0
4	60
0	0
0	60
9	5
0	1
22	183
0	178
0	9
16	0
68	27
1	44
14	15
1	3
12	28
0	4
7	15
8	12
11	9
0	3
1	3
4	3
6	18
0	2
0	20
1	16
37	58
0	50
17	9
0	0
3	0
0	0
4	1
0	1
0	0
0	0
0	1
0	15
0	2
22	0
14	15
17	15
0	14
0	3
0	16
23	9
0	1
0	19
0	8
1	4
0	0
0	0
1	19
1	0
75	79
0	18
61	22
0	24
0	50
2	17
0	3
37	41
0	1
5	6
0	2
0	2
0	0
0	2
1	2
0	0
1	0
0	2
0	57
113	1
0	1
0	0
119	79
9	38
0	0
1	0
0	0
55	1
92	40
0	39
34	12
0	2
460	9
127	9
1076	6
160	0
0	0
0	7
0	7
0	7
0	7
0	3
34	18
1	18
2	23
0	41
0	9
0	52
0	39
0	39
4	62
0	36
0	14
0	12
0	10
0	9
2	75
0	15
0	19
0	9
0	75
0	41
131	7
0	41
0	4
0	9
0	5
0	5
0	9
0	24
0	10
0	9
0	47
0	65
0	5
0	9
0	12
0	10
0	9
46	14
0	13
5	6
17	36
0	34
0	36
0	14
0	2
0	1
0	0
0	1
0	1
0	3
0	0
2	5
6	54
0	51
19	0
11	0
26	0
1	0
5	0
11	5
0	5
0	8
0	11
71	7
0	3
0	1
0	1
0	0
0	0
0	7
4	0
1	0
0	3
0	0
0	8
14	1
17	0
0	31
30	52
0	0
0	21
0	0
0	0
0	0
0	0
0	0
0	21
1	2
1	19
4	19
0	0
0	0
0	0
0	0
1	1
0	0
2	7
0	7
0	8
0	2
0	6
2	3
2	9
0	1
1	0
24	14
0	10
0	12
52	11
0	0
0	0
1	52
0	10
0	10
26	18
1	0
0	1
2	0
15	20
2	4
0	0
0	4
0	0
0	8
0	0
0	0
0	2
0	3
0	8
0	0
0	10
20	28
0	0
0	0
0	0
0	28
1	5
5	0
0	2
0	6
1	0
2	0
0	0
0	3
4	6
0	1
1	0
1	0
5	30
0	26
0	26
6	13
0	98
2	52
0	52
16	98
1	0
7	0
16	7
29	3
0	0
0	0
0	0
0	0
0	3
2	3
0	0
1	0
59	76
0	83
0	19
1	13
0	4
19	3
0	1
0	28
5	113
0	113
0	26
0	0
1	1
0	1
0	0
0	0
0	0
0	0
0	0
0	0
0	0
0	82
10	14
0	13
0	1
0	1
10	0
43	5
5	20
0	20
0	15
1	6
0	1
0	0
32	6
0	6
0	0
9	0
0	0
0	1
107	23
0	23
0	6
0	1
1	0
0	0
0	0
0	1
0	1
0	0
0	1
1	3
0	1
0	1
0	1
7	5
0	5
2	5
0	5
1	0
0	0
0	5
0	5
0	3
0	0
0	0
10	2
1	7
1	7
0	7
82	27
0	28
2	27
0	9
0	7
0	11
0	8
0	5
3	27
15	31
110	27
2	15
0	3
0	6
0	8
0	2
0	2
0	7
0	7
0	1
0	7
2	18
0	21
7	70
0	0
141	0
23	87
9	35
0	69
2	11
0	14
0	1
0	4
1	12
0	1
0	7
0	12
0	4
0	0
0	6
0	34
0	34
0	0
0	0
0	13
0	15
0	15
3	10
1	15
0	44
2	45
0	45
18	546
30	12
10	12
0	546
171	5
25	1
0	5
0	83
0	83
0	0
149	131
0	1
3	130
0	33
0	17
0	3
1	0
0	0
6	0
29	90
0	16
19	2
0	9
0	13
1	2
0	0
0	33
0	106
16	74
0	4
0	73
0	19
0	14
2	2
0	39
450	292
0	11
344	271
0	177
18	32
78	32
0	32
14	0
32	55
663	41
92	193
0	35
6	109
0	109
9	65
7	65
98	60
73	227
36	229
10	218
8	138
5	2
4	1
17	0
18	93
0	93
1	0
100	33
0	47
4	3
0	0
0	0
0	3
6	0
0	0
2	0
0	0
0	0
0	92
0	29
0	0
61	98
0	9
0	17
2	0
0	0
0	9
32	0
0	5
0	5
0	5
0	0
0	1
0	1
0	1
0	267
9	533
0	39
0	36
0	480
0	103
33	72
0	72
22	4
14	0
16	32
0	32
302	0
0	16
0	14
0	118
0	111
0	5
0	5
16	2
0	0
0	0
0	0
0	2
4	63
0	10
0	0
6	0
0	17
0	17
73	77
0	10
0	1
3	68
0	1
0	0
31	52
3	16
0	23
48	52
0	8
27	1
4	1
0	1
2	12
129	27
24	68
0	68
0	68
0	27
0	43
0	28
0	14
0	3
1	18
0	68
0	9
12	21
0	0
2	17
0	21
0	19
0	18
0	4
14	0
8	0
0	7
0	6
39	6
0	4
13	21
1	5
55	8
19	3
0	4
0	6
0	2
65	0
1	4
0	4
0	0
160	2
3	0
0	1
4	2
0	6
0	4
2	4
1	0
2	0
0	0
0	0
0	0
0	0
0	0
0	2
0	3
0	3
0	0
0	24
0	51
0	0
0	0
2	44
0	8
28	13
241	4
1	4
46	1
0	1
533	3
1	13
0	14
25	3
67	350
0	349
0	277
0	220
0	221
9	31
0	33
1	13
0	8
0	8
2	17
35	34
0	34
0	0
0	0
0	2
22	2
0	78
0	78
0	72
13	3
4	0
2	0
325	0
0	2
3	2
0	10
0	10
3	10
6	0
2	0
246	464
43	473
1	428
0	305
0	8
0	8
0	1
0	6
0	0
0	0
0	3
0	0
0	0
1	0
1	123
0	112
0	1
0	0
0	0
0	0
0	17
35	98
0	123
0	3
82	73
0	13
0	73
8	2
0	2
0	2
5	69
0	46
0	44
6	66
29	67
0	0
0	35
0	44
0	0
0	46
0	32
4	66
0	0
0	66
0	0
0	0
4	10
31	35
0	35
0	25
3	37
32	31
0	19
0	8
0	13
0	13
3	2
0	9
0	1
0	1
19	257
0	254
0	2
0	0
0	3
0	0
9	5
65	19
0	17
0	5
17	2
0	14
2	6
0	70
8	97
0	29
11	16
82	27
34	11
2	6
3	1
0	5
11	6
19	7
0	0
0	3
112	2
3	2
0	32
67	56
6	0
0	56
0	11
0	5
0	11
5	0
0	0
0	0
0	40
96	4
0	4
0	8
0	16
0	8
0	21
7	21
0	14
83	0
0	0
0	0
5	0
35	0
112	28
0	28
0	28
5	23
2	11
129	6
0	11
2	7
0	0
0	0
11	0
12	82
2	1
0	15
3	76
0	81
0	6
5	0
0	0
0	0
0	0
3	0
0	32
0	1
0	0
0	17
6	0
0	17
0	0
0	17
0	32
178	415
0	191
18	193
0	3
0	415
0	191
131	41
0	0
3	0
55	38
0	29
0	27
0	43
3	26
0	0
3	7
13	18
0	10
0	8
0	0
0	7
0	7
0	74
0	0
0	10
25	74
0	33
0	39
0	39
0	39
0	10
1	1
0	0
1	9
9	265
91	284
0	0
65	12
0	23
5	22
59	49
0	53
5	42
0	14
0	34
1	7
0	9
0	4
0	8
0	1
0	0
0	0
1	0
0	34
0	57
0	54
0	55
0	57
0	54
0	57
0	54
0	54
0	57
0	56
0	23
0	55
0	55
0	54
0	55
0	54
0	57
0	57
0	55
0	9
0	13
4	13
8	49
0	0
0	0
0	0
0	0
0	0
0	47
0	47
2	0
1	0
0	0
0	0
0	1
0	1
0	1
0	0
1	0
80	2
0	0
0	0
0	0
0	72
44	73
0	1
4	6
0	15
0	0
60	31
2	22
0	0
0	0
6	0
0	0
0	2
248	0
85	3
0	3
0	1
0	1
0	0
193	0
0	24
0	25
0	11
2	1
0	3
0	3
0	14
0	24
27	26
0	6
3	2
0	2
0	1
22	3
19	8
0	1
1	7
9	7
0	2
0	0
0	5
0	5
0	1
0	2
8	0
0	1
12	1
0	1
0	0
1	14
0	8
0	15
49	13
0	13
0	8
0	8
0	8
0	10
0	9
0	8
0	7
6	10
0	7
0	7
0	7
0	6
0	6
0	15
1	10
0	8
0	7
0	0
0	0
0	0
0	2
4	0
4	0
0	0
0	0
0	4
2	4
0	4
7	3
0	0
0	0
0	0
0	0
0	0
0	0
76	1
0	20
0	0
0	0
0	1
0	4
0	4
0	1
0	2
0	0
0	1
19	6
0	1
0	1
0	3
0	1
0	2
0	0
3	13
0	13
0	8
1	0
0	6
4	7
0	7
0	94
12	44
0	0
1	0
0	89
0	0
118	89
48	89
3	0
0	3
0	0
0	13
0	4
4	4
0	1
1	1
0	3
0	4
0	1
10	26
13	24
1	5
0	2
0	2
0	2
0	0
1	0
0	0
82	61
0	61
0	27
0	17
49	52
0	52
4	42
250	396
12	29
0	377
24	333
20	4
14	5
10	22
0	2
1	0
5	2
1	2
0	2
0	2
4	0
0	17
1	14
0	17
3	11
0	61
20	46
0	50
0	13
0	8
0	41
0	0
0	3
3	44
0	9
0	0
0	0
0	0
0	1
0	8
0	0
3	1
180	11
1	1
2	0
0	3
0	6
0	0
1	0
0	4
0	3
3	0
27	87
0	15
0	7
0	15
4	9
14	0
0	8
0	8
7	8
0	8
0	8
0	12
5	70
0	0
0	0
0	0
21	8
0	8
1	0
1	0
2	2
0	2
0	3
0	3
0	4
0	4
0	1
0	3
0	0
0	0
0	0
0	0
0	0
0	0
19	0
22	19
4	4
0	7
0	4
1	0
0	0
0	12
14	27
0	6
0	27
0	202
14	202
1	10
0	1
0	0
0	0
0	0
0	4
0	0
0	1
4	16
0	0
0	0
0	1
0	0
0	0
0	16
0	1
1	1
0	1
0	4
0	1
5	5
0	0
0	0
0	0
1	1
0	12
0	12
99	122
30	106
569	143
0	94
4	20
0	38
0	0
0	0
3	0
13	20
0	22
3	24
0	22
0	2
16	3
4	12
0	1
5	2
2	0
0	9
0	0
0	0
4	8
6	0
0	0
0	1
2	4
0	0
0	1
0	0
0	0
0	0
9	25
5	24
0	21
0	99
0	53
29	1
0	3
0	3
0	2
0	2
0	0
0	0
0	0
0	2
0	0
0	0
0	0
3	0
0	1
69	0
24	81
36	35
0	35
1	9
0	29
0	10
0	16
36	10
10	4
0	4
0	4
0	10
0	4
1	4
0	7
0	30
1	23
0	24
0	0
3	22
0	5
0	11
0	0
8	11
10	20
0	6
0	13
0	14
5	0
0	0
10	0
0	0
0	0
1	9
28	27
0	27
0	1
9	33
0	0
0	0
0	0
2	0
0	16
36	26
0	24
4	28
0	22
0	55
45	10
8	10
16	55
0	0
0	1
1	0
2	0
143	1
0	2
0	2
0	2
29	15
0	9
0	0
1	0
0	0
0	0
0	14
5	1
1	1
0	46
89	47
1	1
14	21
0	21
162	2
4	15
0	2
0	2
3	20
1	18
0	6
0	0
0	5
0	6
8	2
0	2
2	13
0	0
0	13
0	13
0	0
0	0
0	0
0	7
0	11
0	0
2	0
25	0
0	20
47	20
1	0
0	0
0	16
156	69
25	65
2	28
2	3
24	3
0	78
0	127
7	2
0	134
0	124
0	120
0	29
0	10
0	99
0	134
0	134
0	134
0	134
0	1
0	134
0	94
0	2
0	0
0	134
4	0
29	1
0	0
0	0
2	10
0	1
0	1
0	10
0	0
0	9
0	0
10	2
62	15
0	78
2	0
0	0
23	72
1	15
13	7
0	0
0	7
0	7
1	1
0	4
4	3
0	4
8	6
17	6
5	3
0	0
0	0
0	3
0	0
0	3
0	0
1	3
0	3
0	6
0	6
1	0
60	7
5	0
5	7
108	0
2	0
0	0
0	0
0	0
0	0
0	0
1	7
0	7
0	0
0	0
0	0
0	179
0	51
298	223
0	99
3	64
0	67
0	53
0	54
0	10
0	0
0	0
0	1
2	1
0	95
3	0
259	99
0	98
0	4
1	1
0	0
174	0
184	0
103	147
0	65
0	103
0	37
0	10
0	1
0	1
0	3
0	3
0	3
3	4
15	3
0	1
0	0
0	0
58	84
0	84
0	1
28	0
1	0
0	0
0	0
0	0
345	0
5	6
24	28
0	0
10	4
0	27
2	1
0	1
0	4
57	1
0	0
0	1
0	1
0	1
0	0
0	0
0	0
12	29
6	2
0	0
0	0
3	0
5	0
0	25
0	18
0	15
0	17
13	20
0	10
0	15
0	2
0	21
0	21
30	0
0	15
0	9
0	0
0	20
0	1
0	20
0	20
0	20
0	1
0	1
0	1
0	20
37	2
1	18
12	18
0	11
0	5
0	5
6	1
0	1
1	4
0	0
0	1
0	0
0	0
0	0
0	0
22	1
220	322
18	319
1	5
4	323
0	183
0	5
0	5
0	5
0	5
2	318
25	318
5	0
0	0
0	16
0	16
114	8
0	7
0	2
5	0
112	8
0	0
5	4
0	4
0	1
1	2
4	27
0	14
42	10
0	0
0	26
0	17
368	9
0	0
0	8
1	7
3	115
40	97
0	5
0	17
0	13
4	31
2	2
1	1
0	2
1	1
8	0
0	0
3	0
3	3
0	2
0	0
0	0
0	2
0	1
1	2
0	2
2	17
15	17
0	23
0	23
4	7
22	4
0	1
0	1
0	1
0	0
0	0
0	0
0	0
0	23
108	49
20	49
1	1
7	0
3	1
10	0
0	0
0	0
7	0
38	113
3	77
0	1
0	2
0	0
251	13
0	2
0	3
0	8
25	22
0	4
4	4
0	0
0	0
106	10
0	0
0	1
3	9
2	9
0	6
0	5
0	0
0	0
0	0
0	0
122	37
0	37
0	37
96	26
0	21
8	65
139	67
60	2
0	1
0	2
2	2
0	1
6	17
0	16
90	14
0	1
2	2
0	3
0	39
0	21
4	43
0	17
0	3
39	1
0	17
0	3
0	0
0	14
0	18
0	4
0	0
0	14
0	38
0	0
0	0
0	14
8	24
0	17
90	40
0	33
31	28
0	37
0	0
0	2
0	0
31	0
10	17
16	19
11	19
9	20
0	2
3	0
0	0
0	13
0	13
15	1
0	0
1	0
0	0
0	5
0	0
0	0
80	0
132	60
0	16
0	2
10	2
0	3
0	1
0	1
11	1
0	1
1	0
2	47
0	12
2	6
0	39
0	22
0	74
0	40
21	34
0	80
1250	42
11	6
0	1
4	0
0	4
0	4
8	4
4	4
3	4
0	9
0	9
0	0
0	14
3	14
0	8
1	4
0	4
8	73
0	68
17	52
0	52
0	24
0	8
0	8
10	8
1	8
5	0
0	8
83	16
0	6
0	3
30	3
0	0
0	0
1	3
0	0
0	0
6	3
0	9
0	8
25	119
0	119
0	54
0	0
34	4
0	1
1	3
21	3
0	3
1	96
0	96
0	96
0	96
31	96
0	93
0	3
0	3
0	50
0	50
0	3
0	1
0	0
0	2
120	176
0	175
0	0
0	0
173	231
0	221
0	12
0	231
1	6
20	23
0	3
0	6
0	1
0	3
0	3
0	20
0	0
0	0
0	19
7	20
17	77
0	77
0	17
0	0
2	0
22	8
33	0
15	2
0	0
5	2
2	0
5	0
0	0
88	45
3	42
3	42
6	38
0	3
80	4
6	7
7	11
0	11
0	2
0	9
0	3
0	0
0	0
0	0
0	0
0	0
0	11
109	4
0	0
0	0
7	4
0	12
3	12
0	12
37	128
0	141
0	141
7	62
0	0
0	14
10	0
20	0
0	0
4	0
0	0
0	0
0	4
0	0
0	0
0	4
0	65
0	64
0	1
0	1
0	288
10	289
4	0
1	0
3	1
107	22
0	22
7	21
11	21
21	20
0	20
0	20
2	0
121	2
17	0
8	19
0	0
0	19
0	19
0	0
103	112
0	112
30	45
4	16
0	1
0	13
0	5
0	7
0	2
0	2
1	0
1	22
47	0
76	0
0	8
0	0
0	79
9	92
0	22
0	9
0	0
0	9
62	77
6	77
78	71
0	64
0	57
0	52
2	29
0	29
3	29
0	29
0	26
1	7
1	21
32	17
0	17
0	2
0	0
95	0
0	0
0	0
42	23
0	0
0	0
0	2
29	22
64	4
0	0
0	0
0	0
0	1
0	21
0	21
258	41
0	26
0	3
0	21
56	30
0	12
0	24
0	26
0	26
0	41
19	54
108	15
0	13
0	5
8	38
0	36
0	1
0	1
0	1
0	1
0	0
0	0
0	7
17	27
0	24
5	15
0	10
0	9
14	18
0	4
0	4
4	0
0	1
1	0
0	16
9	0
0	0
62	20
0	3
0	0
2	25
0	17
0	14
0	17
3	24
0	15
2	11
0	2
0	3
0	3
0	3
0	0
0	5
0	0
0	0
0	0
0	5
0	0
0	0
3	0
5	0
20	27
13	1
19	0
1	0
0	206
0	14
2	0
5	2
0	24
0	0
0	3
1	3
0	0
0	0
0	206
0	30
0	2
0	0
0	15
54	47
0	39
0	26
18	2
0	2
0	1
0	1
3	1
14	0
0	2
212	35
13	41
85	60
0	36
0	6
0	5
0	0
0	0
0	0
0	0
0	0
0	3
0	0
3	37
0	0
0	0
0	6
0	6
0	0
0	0
0	0
0	0
0	0
0	0
0	0
1	1
0	0
127	34
0	0
0	3
1	3
18	3
564	53
9	0
1	5
0	1
0	4
0	0
0	0
0	0
0	0
0	0
5	1
0	3
0	1
0	4
0	0
0	0
0	0
0	0
0	0
357	31
1	29
0	0
30	243
2	243
540	0
27	6
0	2
0	2
0	2
0	6
0	2
0	0
0	0
0	2
0	0
1	4
2	1
0	2
1	0
0	0
0	1
0	1
12	13
0	8
0	5
10	5
8	6
36	64
0	64
0	0
0	1
8	7
0	7
0	56
0	27
8	106
0	0
2	115
0	160
0	117
108	0
3	0
18	3
16	3
0	2
7	2
0	0
1	0
3	0
20	0
84	33
0	5
0	15
1	0
0	14
0	8
0	16
0	28
0	8
36	0
28	38
0	0
6	1
0	20
0	0
1	6
0	6
0	3
21	27
0	12
60	301
12	7
0	0
0	15
0	0
0	0
0	7
0	5
0	24
0	24
0	18
0	334
0	334
0	334
0	334
0	50
0	50
0	49
0	0
0	0
17	318
6	1
0	0
1	4
7	0
18	0
0	5
8	5
0	2
0	88
0	30
3	30
0	59
0	27
0	17
0	10
4	11
0	10
0	11
0	118
1	118
0	0
41	14
4	0
6	0
3	1
0	0
0	1
0	2
0	5
0	5
0	77
1	77
116	77
0	0
2	78
0	1
12	8
11	3
0	1
0	1
0	1
0	1
0	1
0	1
2	1
0	0
0	0
2	3
0	0
0	0
0	0
1	0
5	177
41	177
0	65
0	65
0	32
0	2
13	30
10	30
7	24
0	16
18	33
11	14
0	2
0	2
0	3
0	3
7	3
137	4
0	16
0	4
21	3
0	3
136	0
24	3
5	0
36	3
5	0
13	0
10	18
3	18
13	0
7	0
2	2
0	1
0	1
0	2
0	6
0	3
0	1
0	3
0	3
3	1
4	4
1	0
0	6
1	4
9	4
15	4
23	5
66	6
0	3
14	2
0	14
11	6
0	3
0	5
0	3
0	2
0	4
0	0
0	0
0	0
0	0
0	2
0	4
0	5
0	4
0	2
1	4
0	2
0	0
0	5
0	2
596	1
0	1
0	0
0	22
0	13
0	5
0	22
6	38
7	1
0	3
0	38
0	23
12	0
68	11
1	12
0	5
2	3
0	2
0	0
0	1
0	1
0	0
17	11
1	9
0	2
649	0
1	11
18	130
0	32
0	1
0	34
0	130
0	65
0	69
0	10
0	29
5	69
5	67
43	0
0	64
0	9
0	0
0	73
67	71
7	73
0	54
2	2
11	32
0	3
39	0
0	2
14	42
0	4
17	103
0	101
0	50
0	42
0	0
1	0
2	1
0	46
0	48
0	50
0	4
4	2
0	2
7	21
3	2
9	53
0	26
0	19
1	2
0	16
0	6
0	224
5	224
6	3
0	43
13	49
0	164
61	163
0	6
1	0
0	2
0	2
0	11
0	3
0	5
0	29
0	49
14	8
7	0
0	1
27	6
0	0
0	20
0	20
0	1
0	8
0	19
0	1
0	1
0	43
0	42
2	3
0	29
0	2
0	1
9	0
0	0
1	0
0	0
11	15
0	4
73	4
1	3
2	66
0	1
0	4
0	6
0	11
0	119
7	42
0	55
0	60
1	41
0	44
0	54
0	39
0	41
0	48
0	46
0	31
0	26
0	13
1	95
0	81
0	17
2	8
0	5
0	116
0	173
2	131
1	11
0	19
0	1
0	1
0	1
0	173
0	173
0	173
1	1
43	29
0	1
0	4
0	26
0	18
0	11
3	9
8	5
3	8
0	2
0	6
0	9
0	3
0	14
0	4
0	8
0	7
0	16
0	15
0	259
35	276
0	256
0	11
1	1
0	0
4	1
0	5
0	1
0	5
0	1
83	255
0	3
0	3
2	5
0	56
0	56
0	47
0	21
1	4
0	0
103	5
0	5
0	4
0	0
0	0
0	0
0	2
0	2
23	59
21	59
0	55
4	0
0	17
0	182
11	184
0	18
0	7
0	6
1	0
0	0
0	0
0	0
0	80
0	96
0	3
81	0
0	2
20	2
0	31
3	2
0	1
4	1
1	17
0	29
4	0
14	0
0	0
0	0
1	0
0	6
0	6
0	6
0	0
0	0
0	0
7	0
0	0
0	0
2	0
0	0
0	0
6	0
0	7
0	7
0	3
0	3
0	3
0	8
0	8
0	60
0	57
0	58
0	58
3	28
0	24
7	4
0	4
0	2
1	4
0	14
12	16
0	19
44	7
0	7
122	32
2	9
0	26
0	0
5	1
0	22
1	14
0	14
20	1
0	9
584	13
10	14
0	1
24	1
0	1
10	1
0	1
114	0
2	0
0	1
0	1
0	0
0	0
72	397
11	396
0	13
1	286
0	0
0	0
209	0
106	479
0	479
0	404
10	3
0	0
27	0
3	0
8	1
4	6
0	2
0	6
0	0
0	6
0	33
0	33
0	15
8	15
0	15
9	0
2	55
0	97
0	101
13	37
5	37
0	53
0	46
0	55
0	59
0	51
20	0
8	0
1	4
660	105
0	101
6	4
114	0
3	19
1	19
20	19
0	8
0	4
0	4
0	0
26	0
0	0
2	0
4	210
0	208
0	181
8	204
0	23
0	11
0	0
0	0
0	4
0	10
34	0
0	1
3	8
62	28
0	28
0	28
0	16
5	0
0	12
0	20
0	20
0	12
0	20
0	12
0	20
0	12
0	0
0	0
2	0
11	5
20	4
2	4
0	4
0	6
230	23
0	0
9	1
10	5
0	0
0	0
9	0
9	0
0	23
0	13
0	13
10	14
0	1
0	9
0	9
0	6
0	6
0	1
0	7
0	7
1	29
0	6
11	12
0	12
0	11
16	4
0	4
0	4
0	4
3	0
0	6
0	0
0	0
1	7
39	71
1	0
0	1
2	0
0	0
0	0
0	0
0	0
3	0
5	0
6	12
16	18
0	18
2	18
0	7
17	1
16	1
1	1
0	1
0	1
0	27
0	27
0	3
0	22
10	4
0	20
0	20
17	1
0	1
0	0
0	0
0	0
5	18
0	3
17	7
2	7
13	15
0	15
1	32
0	34
0	1
0	15
3	10
52	7
47	7
62	37
0	11
0	8
0	37
0	41
0	41
0	17
0	1
0	3
0	1
0	2
0	4
4	0
765	4
0	4
0	3
21	1
0	1
129	4
0	4
402	6
0	5
0	0
0	1
0	5
7	102
0	57
0	102
0	3
0	97
2	3
110	36
3	0
229	3
0	3
147	211
0	211
6	201
3	149
0	106
0	100
0	99
0	69
13	110
43	131
4	106
2	10
0	10
8	15
0	15
36	15
0	13
451	41
0	10
0	0
0	4
0	0
0	0
0	0
4	33
0	3
1	0
0	132
0	127
0	116
0	119
10	56
68	57
9	48
4	45
0	89
9	294
18	270
56	24
14	9
0	13
0	16
3	12
19	32
0	4
0	4
0	0
6	8
2	36
0	5
0	5
71	4
4	0
34	13
0	16
3	81
3	0
0	12
0	2
0	5
12	80
265	57
56	54
0	32
0	30
9	138
0	86
0	13
0	13
7	0
1	0
0	0
0	0
36	8
24	22
9	19
0	6
0	3
5	3
0	14
5	4
0	2
0	15
79	4
6	4
0	0
3	12
0	12
1	12
0	0
0	0
0	0
0	5
1	0
14	0
0	0
0	10
0	0
0	0
46	65
0	23
0	90
166	92
0	73
0	27
0	28
0	12
0	12
31	5
0	9
14	26
0	90
0	6
5	113
1	113
0	0
0	0
0	2
0	1
1	84
0	74
108	103
353	118
9	48
0	23
41	10
3	8
1	2
3	0
1	1
0	2
0	4
0	0
1	4
1	0
1	0
0	0
0	4
0	0
0	2
0	4
0	4
0	2
9	6
18	1
0	0
26	0
0	0
7	1
0	1
30	0
7	1
0	1
0	0
0	0
0	0
17	80
0	80
32	80
12	0
1	0
47	0
2	9
0	9
10	4
0	1
2	0
2	0
0	0
0	10
0	10
0	0
0	2
138	77
0	77
114	16
0	0
0	16
46	5
0	0
1	3
2	84
0	90
308	149
0	32
28	32
0	3
6	0
43	26
0	18
0	0
0	0
332	0
2	14
0	14
0	55
0	55
12	64
0	49
1	46
0	21
3	20
0	0
1	0
0	6
6	92
0	2
5	6
21	90
0	7
2	0
0	1
171	0
3	1
0	1
0	32
21	55
5	54
8	7
0	2
1	17
6	34
4	29
0	34
0	11
2	5
55	0
126	0
4	35
0	26
0	4
0	5
0	0
0	9
0	0
0	0
47	0
4	18
42	23
3	5
0	17
0	13
4	3
0	0
0	3
11	12
0	2
5	10
0	8
0	17
0	18
0	17
0	18
0	17
0	18
0	2
28	119
0	26
0	113
0	106
5	7
0	7
0	80
6	4
0	8
0	5
0	75
0	5
4	66
81	0
1	0
0	3
0	8
0	3
0	26
0	26
0	3
1	23
0	3
0	0
0	0
7	0
0	9
0	9
0	8
384	157
0	11
0	125
2	107
0	7
0	7
0	36
0	7
0	0
4	5
1	1
0	4
24	1
5	32
0	5
0	5
0	2
0	1
0	1
0	0
0	0
0	1
0	1
0	1
0	1
0	6
5	27
0	8
0	3
7	20
2	0
26	0
32	0
2	0
0	0
0	0
0	0
0	0
0	0
12	12
0	7
0	8
0	6
5	11
0	2
19	5
3	3
0	2
1	7
0	1
70	39
0	22
0	27
2	0
29	0
4	7
0	7
0	3
0	1
33	22
0	50
0	14
0	22
0	42
0	18
1	20
0	11
4	52
0	52
0	23
0	0
84	8
0	1
2	0
1	10
0	9
0	1
0	11
0	12
0	3
0	4
0	9
9	5
0	5
0	34
0	32
0	68
2	68
17	0
0	23
0	3
14	3
0	3
0	0
11	0
36	4
5	0
0	2
0	3
0	1
0	4
0	0
0	0
0	0
0	4
0	0
0	2
0	2
0	2
0	3
0	2
0	0
0	0
10	2
0	0
0	0
0	4
0	5
3	9
20	16
0	18
0	2
0	2
3	9
3	3
0	26
4	60
0	60
0	18
28	13
3	13
4	13
0	18
0	14
0	10
0	2
0	1
0	1
9	21
0	15
1	8
7	5
0	4
0	3
2	6
0	3
0	1
0	3
0	1
0	2
0	1
0	2
0	2
0	0
0	14
26	39
0	1
11	2
1	0
0	0
0	27
181	31
0	0
0	16
12	20
3	1
4	2
41	120
2	120
174	55
149	9
0	2
0	0
3	0
0	0
0	0
0	151
9	4
0	151
11	15
3	7
0	2
0	7
0	14
0	193
0	193
0	9
0	9
0	7
11	2
4	2
0	5
0	3
0	44
0	290
11	16
229	254
8	10
19	28
1	16
450	1
0	5
0	6
0	1
1	0
5	16
0	21
5	37
0	2
0	21
14	4
0	4
0	21
0	4
0	30
0	4
11	28
126	63
3	44
7	51
21	0
65	7
0	7
0	9
1	8
1	8
0	8
1	9
0	0
0	0
0	0
0	0
0	0
0	0
0	0
10	0
0	1
0	1
3	1
0	8
0	8
0	8
37	0
26	0
1	0
1	0
1	20
0	26
0	2
0	2
0	26
17	36
2	38
20	47
0	3
0	0
6	35
0	5
117	16
139	23
0	8
59	1
16	1
0	1
0	4
0	0
0	15
0	7
1	17
0	9
0	3
85	5
0	3
1	5
0	0
0	1
0	1
0	2
0	19
18	873
0	0
0	17
0	194
0	25
190	335
0	229
3	3
0	1
0	9
0	3
15	44
0	0
11	10
4	10
2	3
0	6
3	6
9	8
200	19
0	16
0	7
0	1
18	3
6	0
0	0
0	0
8	26
11	20
0	26
9	0
0	5
0	5
0	4
0	0
3	4
1	4
0	1
0	4
0	1
4	0
0	24
141	24
0	24
28	20
3	15
0	11
0	0
7	2
1	3
1	0
0	2
2	0
0	0
7	0
0	0
40	260
0	260
2	13
3	0
3	10
0	16
1	16
29	4
0	14
9	15
0	18
0	22
13	13
0	11
0	7
0	4
0	3
0	4
0	3
0	0
21	18
10	19
0	13
0	1
0	3
0	1
0	1
0	1
0	0
0	1
0	6
22	6
8	1
3	1
277	272
9	272
150	159
11	2
2	0
0	1
0	1
0	77
0	77
1	1
0	2
1	2
0	1
0	0
105	807
1	0
36	42
1	0
0	0
0	1
0	14
6	0
0	4
0	0
0	4
22	1
0	1
0	0
0	0
1	0
0	0
0	0
1	10
194	9
0	1
84	67
0	15
0	19
0	43
0	53
1	53
0	17
0	2
0	53
74	14
0	0
0	0
3	20
0	0
2	12
0	0
5	1
297	2
0	2
11	6
0	6
14	8
12	24
1	18
0	24
7	50
0	0
18	124
0	0
26	1
0	4
2	19
0	1
0	0
0	3
11	8
4	3
2	0
0	13
1	8
4	3
43	5
45	10
0	9
19	8
3	0
3	0
167	80
0	69
0	2
0	13
0	64
0	0
0	20
1	0
0	0
0	732
0	732
2	718
3	95
0	438
1	439
0	354
0	356
0	0
3	16
0	13
1	16
0	1
0	0
0	0
0	11
6	8
7	16
0	30
0	25
0	6
0	6
0	10
0	27
16	159
25	33
30	10
0	38
137	22
0	16
4	174
0	133
0	0
0	0
0	0
306	179
11	19
0	10
0	8
0	13
0	2
0	0
0	0
0	0
0	0
1	0
0	8
0	10
0	15
12	8
7	4
0	4
0	0
0	4
8	0
21	87
0	83
21	14
1	2
0	6
0	2
1	0
0	0
6	4
0	0
0	0
570	194
0	194
0	104
0	94
16	6
4	0
0	0
0	0
30	0
0	0
0	1
11	2
0	2
4	0
0	1
0	0
0	21
9	163
0	3
0	160
0	21
50	28
197	17
1	65
1	2
0	7
1	3
0	3
14	67
96	30
0	3
0	1
5	0
7	8
3	2
0	6
0	6
0	1
8	0
0	0
30	68
0	21
0	12
2	12
0	9
7	36
0	49
0	0
11	2
14	0
0	8
0	7
26	6
119	18
0	4
0	1
0	0
38	0
0	0
0	4
1	0
0	0
0	0
2	2
6	1
51	32
9	22
0	32
0	4
0	2
0	1
0	1
0	1
0	5
0	409
0	406
0	409
0	383
0	380
0	0
0	0
0	0
0	0
0	0
0	0
0	0
0	0
6	0
11	0
61	0
15	2
31	11
0	0
0	0
5	2
0	18
10	18
0	1
0	0
2	0
1	0
9	0
176	3
0	3
10	0
0	0
0	0
5	1
0	1
0	0
0	0
127	75
1	75
3	11
0	0
0	10
56	8
0	2
0	0
1	0
0	8
115	0
37	0
0	0
14	11
0	1
15	1
0	15
0	3
0	1
13	2
0	0
0	0
104	0
13	0
35	0
46	733
0	717
0	117
0	18
0	8
1	1
4	17
0	17
16	0
37	1160
1	2
0	6
0	6
0	6
0	50
1	2
0	1
0	7
4	7
0	1
258	0
0	6
46	125
0	24
0	14
0	1
7	0
0	0
0	0
3	0
1	0
1	0
5	0
0	0
0	0
9	57
1	57
0	49
0	41
0	31
0	2
10	11
2	63
1	2
0	1
1	0
0	61
7	0
57	29
4	3
28	27
1	0
54	22
0	17
163	9
20	12
2	0
3	0
0	5
77	1
0	1
0	126
4	126
0	10
0	8
0	10
4	1
0	1
0	1
1	12
0	2
0	3
0	3
8	1
0	1
2	8
0	1
0	0
501	103
0	6
705	1
0	78
7	95
0	95
0	95
0	79
9	20
0	5
4	0
15	0
0	0
0	0
69	0
16	5
3	5
0	0
5	2
0	0
159	71
0	88
7	89
9	43
0	13
0	10
0	10
0	9
0	10
0	10
0	12
0	10
0	10
0	11
0	9
0	8
0	1
0	4
0	0
10	6
0	6
0	0
0	0
0	0
0	0
0	0
3	1
0	7
12	0
0	3
0	6
1	0
2	1
111	73
0	5
0	69
2	2
0	0
0	0
225	3
41	33
0	33
5	5
0	5
1	2
9	0
0	5
0	5
0	1
0	0
5	19
2	74
4	74
0	79
0	24
0	29
0	34
0	0
0	0
0	0
0	0
0	65
0	9
149	361
0	43
1	361
68	47
0	0
3	0
7	47
0	0
2	17
0	215
23	222
0	0
3	2
0	217
0	18
0	77
0	75
0	0
0	4
0	0
5	4
1	1
0	0
11	0
3	0
0	0
0	0
0	0
0	77
0	12
0	12
0	0
0	1
0	47
0	1
0	43
1	0
0	0
2	0
1	2
0	2
3	34
0	0
0	0
0	31
0	31
10	31
22	33
0	43
2	51
0	38
0	42
0	32
45	26
0	20
0	0
1	0
4	6
0	0
5	2
53	134
2	33
17	33
0	0
15	33
0	20
96	37
0	44
18	44
6	2
0	0
0	28
0	370
0	371
0	371
0	41
0	0
37	16
0	12
30	8
0	7
6	2
0	4
1235	52
13	0
18	0
0	12
0	4
1	30
0	4
0	0
0	0
149	33
3	33
0	0
0	9
0	3
0	108
1	246
0	63
0	1
4	0
2	0
0	2
0	2
5	29
0	29
4	11
1	18
0	11
221	0
38	58
12	58
5	0
64	42
0	41
0	22
0	75
2	75
0	0
0	0
0	0
1	0
0	0
2	0
1	14
0	7
4	1
0	20
0	23
0	88
0	29
4	0
0	0
11	1
0	0
81	13
0	0
0	5
0	82
4	82
0	0
0	6
0	0
0	0
0	5
6	0
23	2
0	9
0	2
144	49
0	8
9	0
8	8
0	8
0	8
0	1
15	208
0	100
128	125
0	11
0	9
21	0
0	0
0	109
0	87
0	0
0	0
0	0
31	0
0	52
0	1
48	33
118	18
0	18
0	18
59	6
3	3
26	0
34	1
0	1
0	0
0	0
0	0
48	0
14	0
43	53
7	51
0	13
0	11
71	0
0	15
0	15
0	11
27	11
0	0
0	71
0	71
0	71
0	0
0	159
135	186
9	174
0	172
7	48
0	42
4	0
2	7
48	161
216	76
0	0
0	0
0	0
3	0
0	0
0	0
0	3
0	3
6	0
0	4
43	3
0	0
0	0
0	0
4	4
0	0
1	0
3	0
0	0
59	26
33	124
0	113
0	37
0	90
3	0
0	0
4	0
6	125
0	177
0	53
0	1
0	1
89	1
8	1
0	1
0	0
0	63
0	61
0	0
0	0
11	64
0	0
0	1
0	10
5	14
0	1
0	11
0	8
0	0
0	0
0	11
0	9
4	8
0	8
0	8
0	7
0	7
0	7
0	4
0	8
0	0
6	2
0	0
0	5
0	2
0	2
0	59
0	66
8	20
2	62
0	0
26	20
5	57
0	5
7	0
0	4
0	0
0	0
1	0
2	0
0	0
38	158
0	158
40	160
12	139
0	109
4	0
0	58
0	58
16	9
0	9
51	44
0	16
0	0
3	29
16	33
5	1
20	47
0	47
2	37
0	37
166	29
0	29
4	2
0	0
0	126
8	31
16	4
2	0
1	0
9	0
0	2
4	1
28	66
3	78
0	18
5	18
31	9
0	0
4	9
4	10
0	11
0	11
7	4
1	0
0	0
1	2
0	0
0	2
14	2
0	2
0	2
0	2
0	2
0	0
0	0
3	0
0	1
15	1
0	14
16	8
0	20
52	0
7	2
0	0
0	0
0	0
3	0
66	31
0	18
0	15
0	0
2	123
0	130
11	114
0	0
26	29
0	29
150	47
0	47
7	4
1	2
0	1
0	1
1	0
2	0
0	0
0	3
0	3
0	0
0	3
64	1
0	4
0	5
0	2
0	1
0	0
0	1
2	0
5	3
14	15
0	6
0	0
0	10
0	2
0	3
3	1
0	2
0	2
0	0
0	1
0	2
1	2
7	0
0	0
0	32
0	32
4	18
0	26
1	0
15	14
31	57
4	1
0	1
0	96
0	0
15	10
0	10
0	0
37	60
0	50
0	7
0	2
0	0
29	0
0	1
11	38
24	7
0	7
2	7
0	3
0	7
49	17
21	26
17	16
0	10
0	8
0	0
0	5
20	72
131	72
0	0
0	0
0	0
0	0
0	0
28	16
0	16
6	16
0	13
9	0
0	3
0	0
0	3
0	3
0	0
0	3
21	31
0	7
0	28
0	9
0	0
4	1
0	10
4	3
0	3
0	1
1	6
1	24
0	67
0	63
1	0
28	61
0	1
0	1
1	0
6	7
0	11
0	39
0	0
0	2
2	32
0	10
1	3
199	3
1	0
1	19
91	11
1	238
0	243
0	57
0	15
0	15
0	0
0	0
0	4
99	330
0	330
51	0
13	0
2	0
0	0
2	1
0	1
10	0
0	0
2	15
24	3
1	6
11	13
38	70
2	69
0	68
0	22
0	22
2	17
129	24
0	21
0	19
0	17
2	17
0	2
0	2
0	5
0	0
0	0
0	0
0	0
1	0
0	0
0	0
0	2
32	0
486	3
4	0
0	0
0	0
0	41
7	16
0	19
0	19
0	82
0	42
3	40
0	48
0	32
1	7
1	7
29	0
7	4
1	49
0	49
6	16
0	9
66	0
3	0
4	46
0	46
28	0
63	9
0	9
0	9
0	10
0	10
0	3
0	8
0	1
0	0
0	0
268	15
0	7
2	11
0	2
9	8
1	10
18	3
46	0
0	3
0	0
1	1
1	1
0	0
0	0
0	1
3	0
0	0
0	0
0	0
0	0
0	0
0	0
22	0
0	12
0	12
5	9
0	2
316	0
0	1
0	0
4	1
0	2
0	1
1	1
9	19
0	13
0	13
0	3
20	1
14	0
0	0
17	24
18	8
12	8
2	6
0	6
0	2
0	0
58	1
171	19
16	18
0	1
0	38
0	4
0	3
0	0
0	0
2	0
97	57
0	0
0	35
0	58
0	57
0	32
0	56
0	59
0	57
0	0
0	0
0	0
0	53
0	57
0	32
0	0
0	0
0	0
0	4
0	36
0	56
0	55
0	1
0	1
0	25
0	55
0	3
4	110
0	0
3	0
0	23
1	10
0	2
0	2
0	2
0	0
2	95
8	22
4	42
16	16
0	15
0	15
0	17
0	12
0	4
17	13
61	36
0	31
0	22
0	4
0	2
0	3
0	3
0	3
114	1
0	0
31	7
0	7
0	3
0	0
0	1
0	1
0	25
0	8
0	19
17	21
0	16
1	5
27	0
28	0
50	0
1	0
0	0
40	17
2	14
0	20
17	0
3	39
23	0
3	0
0	39
210	143
13	143
0	39
56	9
5	9
11	0
1	0
0	5
0	5
0	5
4	0
7	0
0	5
0	9
6	13
0	13
0	4
0	1
0	4
1	5
0	4
0	4
0	0
0	0
0	0
0	0
0	0
0	0
0	0
0	0
0	0
0	0
0	0
0	0
1	1
0	1
146	44
0	26
4	18
3	1
0	1
7	19
33	98
3	17
1333	111
0	109
0	92
0	107
11	0
0	11
0	13
0	13
2	0
0	0
5	12
0	11
0	68
40	67
1281	9
7	9
0	1
2	0
5	26
15	31
16	7
0	0
22	96
6	96
0	13
0	31
0	90
0	29
0	90
4	90
1	1172
10	3
0	2
51	80
0	0
7	0
0	79
192	33
0	30
0	31
7	23
0	19
0	7
2	0
0	0
2	0
4	3
1	1
0	1
0	0
31	82
10	81
13	66
3	16
0	4
0	0
7	49
0	31
0	31
0	2
0	2
0	2
0	1
0	1
0	0
0	0
0	0
0	0
0	1
997	171
0	13
8	158
0	0
0	2
0	0
0	0
0	9
0	9
0	0
0	0
102	157
0	143
0	9
2	1
97	95
0	95
0	46
1	0
31	34
18	1
0	11
1	18
31	10
0	19
18	4
0	2
37	2
0	4
0	2
0	2
0	22
0	2
3	0
10	6
0	16
3	34
0	28
3	20
243	45
11	44
0	42
0	1
0	38
2	0
1	1
6	259
4	259
0	250
0	0
19	61
19	80
16	83
0	9
0	6
12	26
0	21
0	19
0	15
0	11
0	0
0	0
0	0
0	0
0	0
82	0
17	0
0	4
0	4
0	4
0	4
0	4
0	4
0	4
0	1
141	26
2	0
36	4
9	0
6	0
0	0
0	15
0	15
0	4
0	0
0	7
2	5
0	2
0	26
75	8
0	7
0	1
0	3
155	26
1	3
0	0
0	3
3	20
0	3
447	483
0	481
68	5
0	1
4	6
0	4
0	4
86	0
0	4
0	4
0	3
51	14
52	1
0	13
0	19
1	19
0	12
11	265
0	265
227	0
4	4
0	4
49	0
1	0
0	0
0	0
26	0
48	37
0	33
25	5
0	1
0	4
13	9
7	10
0	4
0	1
0	0
0	6
7	28
16	5
0	17
0	17
0	0
3	18
0	0
0	0
0	0
1	0
0	0
0	0
0	0
9	0
0	0
12	8
10	21
0	21
0	16
0	0
0	4
0	19
14	0
0	0
0	5
0	8
22	21
0	13
0	3
6	3
2	8
0	11
18	6
190	32
7	8
0	0
0	26
35	126
0	66
0	38
0	83
0	17
6	1
1	0
0	38
1	38
1	20
1	1
0	1
0	79
1	79
0	62
0	53
0	38
0	16
0	5
0	5
0	8
0	1
2	0
8	2
0	11
0	52
0	7
0	6
0	7
143	19
0	0
0	19
1	0
4	0
42	24
0	1
0	17
0	83
54	135
0	22
5	6
0	0
2	69
19	0
17	184
161	37
5	21
52	22
7	26
0	55
0	2
0	53
18	13
0	12
0	13
0	21
8	72
14	75
0	14
7	14
0	1
2	4
0	4
0	0
0	17
0	0
0	8
4	0
68	0
10	1
0	0
0	0
156	0
1	0
63	9
105	3
0	3
0	15
0	14
0	14
0	14
0	13
0	14
0	14
0	6
0	4
0	6
0	0
0	2
0	2
4	0
0	0
0	6
21	4
16	32
356	1
6	0
0	0
7	0
1	0
0	0
0	0
101	45
0	45
0	26
0	1
0	0
0	20
0	0
1	3
0	25
0	0
0	16
2	0
0	0
0	0
0	1
0	1
3	1
0	58
1	1
6	57
0	0
6	3
4	0
0	31
3	22
0	9
3	0
72	77
0	9
0	20
0	20
0	10
0	7
0	9
0	1
0	1
0	0
37	47
1	36
0	50
0	35
0	0
4	0
10	19
3	0
0	0
4	0
0	42
0	42
0	2
0	2
0	2
7	40
1	1
1	1
0	0
3	0
8	0
0	0
0	0
2	5
72	5
0	3
0	3
0	0
0	0
0	0
45	1
1	0
4	0
4	43
14	81
0	23
0	15
0	48
0	32
0	8
6	1
0	0
0	0
0	0
0	3
10	2
0	0
5	0
0	3
40	5
138	227
48	242
0	29
0	22
0	5
0	0
0	0
1	0
3	0
9	1
7	15
6	0
6	0
0	0
0	0
1	0
0	43
15	12
0	0
1	0
0	0
2	0
15	96
17	76
0	24
0	20
0	0
137	7
41	7
47	0
7	0
0	7
0	34
0	34
0	33
0	28
0	0
0	0
15	0
1	0
0	7
0	0
0	11
0	3
0	4
1	3
0	3
4	0
0	24
0	1
0	0
0	30
0	16
0	11
10	14
4	7
4	5
0	7
0	2
3	2
53	33
0	33
0	0
7	0
2	0
0	0
0	0
0	0
0	0
0	0
0	0
7	7
0	5
0	4
50	20
0	12
0	8
7	4
0	0
1	0
0	4
0	0
90	0
278	78
0	81
0	16
0	22
83	15
4	1
3	0
46	53
29	46
11	44
0	10
0	1
777	0
190	95
0	37
0	73
0	70
0	63
5	3
9	0
5	33
0	6
0	4
0	2
0	17
0	3
0	0
0	11
0	0
21	2
0	2
1	0
4	2
0	2
0	0
1	0
0	5
0	10
3	1
0	10
0	10
1	0
0	1
0	1
0	2
14	25
0	15
696	25
0	20
0	2
182	0
31	2
19	41
244	58
0	30
0	8
10	10
0	0
0	0
0	3
0	5
9	2
16	6
2	0
11	50
0	50
0	36
5	13
0	20
0	25
0	24
2	11
0	30
15	5
19	30
0	19
8	19
0	4
7	1
1	1
0	1
0	1
37	0
0	22
0	25
0	28
0	4
7	13
9	28
0	4
0	4
0	2
0	2
0	8
1	3
1	14
5	18
11	24
6	7
56	25
0	25
0	1
0	1
0	20
20	2
19	1
3	1
59	47
7	46
0	39
0	37
0	2
0	25
42	23
8	0
14	0
4	0
18	51
0	45
0	32
36	22
0	0
0	2
0	7
0	0
0	43
0	8
0	46
0	46
0	7
13	8
0	0
0	0
0	42
0	4
63	29
5	29
0	24
5	17
0	12
0	7
9	7
0	8
0	0
0	2
0	2
1	2
0	2
0	0
0	49
0	2
0	0
0	0
1	47
8	40
0	2
0	7
0	43
7	37
16	1
1	0
0	0
0	1
0	2
0	0
13	69
0	71
0	69
2	71
0	63
73	13
29	38
0	5
114	74
0	1
1	49
0	50
0	51
0	15
0	3
0	0
0	0
5	78
2	3
0	3
0	1
1	0
0	0
42	0
0	1
4	1
530	3
4	1
0	1
25	6
9	3
3	0
0	3
0	2
0	2
0	0
0	16
49	16
0	0
0	0
14	38
6	0
0	41
0	0
0	30
0	30
1	3
8	33
2	3
2	11
0	30
102	54
0	32
0	0
90	0
0	10
0	4
0	7
1	10
0	0
0	0
0	10
0	0
8	0
122	9
6	3
5	6
0	0
123	33
8	31
0	6
0	6
0	0
4	6
19	0
0	11
0	58
0	60
82	418
1	42
0	165
0	172
0	415
0	325
0	307
0	28
17	0
14	123
14	0
3	119
0	119
0	0
3	0
63	420
0	404
8	3
0	1
0	16
1	0
0	0
0	0
0	0
0	0
1	0
0	10
0	27
2	28
0	10
0	12
0	13
0	3
2	13
0	22
4	23
4	22
0	1
0	1
0	0
3	46
0	46
22	1
3	1
70	0
13	59
1	55
2	3
0	4
29	0
6	0
0	22
72	65
5	0
0	0
93	90
2	89
0	1
141	21
0	8
0	15
0	6
64	0
0	0
0	0
1	0
0	0
1	0
4	0
0	5
3	5
3	4
2	0
16	28
0	13
11	15
6	5
258	4
1	4
3	33
0	4
0	1
0	29
0	1
47	32
0	32
3	32
3	0
0	4
0	3
3	45
5	27
0	44
0	32
4	2
7	3
19	45
0	43
1	55
0	0
0	0
0	1
0	3
17	94
0	94
90	33
0	32
0	27
0	21
0	16
0	21
162	0
0	25
0	25
0	0
0	0
74	8
0	8
16	1
7	0
5	5
0	0
0	172
8	172
0	29
0	29
4	8
9	10
9	15
0	14
0	59
0	57
13	58
0	49
8	60
36	2
0	57
0	22
0	9
0	30
0	58
0	2
86	39
0	40
0	31
0	31
0	31
1	32
0	0
0	0
93	3
0	1
0	0
0	0
0	0
71	39
1	39
0	3
0	3
7	17
0	0
1	0
2	0
0	0
0	0
7	4
3	4
13	4
6	4
4	4
1	4
0	4
0	4
0	0
0	0
1	0
1	0
2	0
79	1
0	1
0	1
0	3
10	0
0	32
0	33
11	33
0	1
0	0
0	0
342	0
0	0
28	1
0	20
130	20
88	3
5	3
10	0
0	0
0	0
76	16
0	16
0	16
2	0
56	0
0	0
6	0
0	0
13	0
0	0
0	0
0	0
0	0
1	0
0	15
1	15
6	0
4	40
0	32
2	7
0	18
0	31
81	217
0	212
0	200
30	13
133	210
0	1
27	216
0	48
85	45
4	0
12	17
19	72
0	62
414	77
0	13
34	51
10	70
0	99
0	100
17	95
0	99
314	95
50	104
203	70
1	5
0	7
10	147
0	142
0	104
0	19
0	3
7	3
0	2
0	0
0	0
0	28
0	0
0	0
0	0
0	148
2	25
0	18
7	20
2	15
0	3
0	10
0	0
1	0
0	2
0	1
51	36
0	33
0	4
11	29
2	3
13	29
0	6
0	1
0	2
0	0
0	2
14	0
5	0
0	0
1	0
6	6
10	17
0	7
0	3
0	6
86	8
0	0
6	2
0	86
1	4
3	86
0	4
0	1
4	1
0	1
5	3
5	1
5	0
4	5
0	8
10	2
1	1
6	2
37	111
0	75
0	0
0	52
0	0
0	0
0	0
4	0
175	42
0	26
0	40
0	0
2	14
0	14
0	0
1	21
44	0
154	10
0	10
10	72
0	72
0	11
0	0
3	0
0	0
0	9
54	16
0	7
0	7
0	16
7	0
0	6
13	3
0	0
0	0
0	0
0	3
0	0
13	14
2	8
0	11
44	11
0	0
4	5
106	0
0	22
0	7
5	6
0	0
0	2
0	0
0	2
0	22
47	0
1	0
36	88
2	0
0	88
30	37
1	11
4	33
8	28
9	29
2	6
0	29
63	8
13	25
2	0
0	1
0	1
2	44
0	44
0	46
0	46
0	44
0	7
2	9
0	43
30	0
0	0
0	5
0	5
8	4
0	0
19	168
0	136
0	129
6	100
0	101
0	128
2	1
0	1
14	0
0	2
10	17
0	1
4	2
0	7
0	7
2	0
6	7
0	38
0	11
16	17
0	1
0	0
1	6
0	0
2	15
3	7
0	15
0	0
28	28
2	28
0	0
22	0
0	25
0	25
1	20
0	22
0	22
0	1
5	1
0	0
2	20
0	25
0	20
21	20
0	0
0	3
121	27
17	14
0	20
0	4
0	1
0	0
0	0
0	3
0	1
1	3
0	0
0	0
0	5
43	2
32	1
0	1
0	1
0	1
3	64
0	64
0	64
2	0
17	68
0	0
8	0
9	80
0	1
0	4
0	4
0	3
0	1
0	0
0	4
0	0
2	0
10	508
10	144
21	441
0	53
46	540
0	333
0	1
0	0
0	57
0	5
0	0
0	0
0	1
0	1
0	17
0	25
1	57
0	27
10	47
10	11
0	19
0	1
0	5
17	0
0	6
1	4
9	2
0	2
0	20
0	0
3	27
0	0
8	27
3	47
0	15
0	24
35	4
0	4
0	24
28	24
0	2
0	14
0	19
20	0
11	14
0	0
0	19
8	175
0	193
0	18
0	1
0	160
3	1
0	2
0	160
0	160
0	0
0	0
26	0
2	0
0	0
0	0
208	40
0	39
1	42
0	39
6	39
0	0
0	4
0	0
0	2
0	38
0	6
116	42
79	19
0	0
0	16
1	18
15	0
1007	23
0	12
0	11
3	2
139	120
78	313
24	0
8	0
21	1
25	7
0	2
0	0
0	0
0	2
0	0
0	0
0	0
0	0
0	0
0	2
0	2
11	0
3	0
0	0
1282	67
8	70
0	20
4	0
0	0
0	0
2	0
0	0
34	22
4	5
0	4
0	22
0	66
0	70
0	0
0	4
1	0
0	1
0	0
0	21
1	6
0	1
0	6
0	6
0	1
0	0
7	0
0	0
0	0
81	56
5	72
0	155
199	633
0	51
0	61
0	49
0	126
0	50
4	1
71	20
0	1
40	20
0	1
0	2
0	6
0	15
2	26
0	21
132	13
213	2
0	3
0	3
3	69
1	63
0	12
0	69
0	17
6	10
2	17
0	10
7	0
2	0
0	0
9	0
0	353
0	353
0	264
0	263
0	97
0	1
31	54
7	15
0	14
16	37
2	12
0	6
0	1
0	0
70	1
0	0
1	0
4	13
0	6
6	7
0	2
0	0
0	0
0	0
0	0
0	0
0	0
0	0
0	0
0	1
0	0
0	1
0	128
0	128
0	0
0	0
1482	61
4	0
3	29
0	58
13	4
0	4
19	1
1	1
0	2
0	3
0	3
0	12
0	12
0	2
0	2
0	1
10	0
0	12
71	56
0	40
0	51
3	0
3	28
0	28
0	2
7	42
0	7
0	9
0	58
0	58
0	58
15	117
6	32
6	106
0	77
1	80
0	3
1	1
4	29
0	30
1	30
0	1
2	0
4	9
0	16
0	13
0	20
0	20
1	5
1	6
1	6
0	0
0	0
0	16
56	104
0	106
1	105
0	16
0	96
0	4
0	52
0	52
0	52
0	52
0	0
0	0
0	1
0	0
0	2
0	41
3	61
12	61
9	45
0	5
0	18
0	18
0	1
0	26
2	2
27	62
6	62
1	10
0	59
6	1
3	62
9	22
0	26
4	0
11	1
0	1
0	0
0	1
0	1
0	17
0	17
11	45
7	0
0	4
3	1
0	2
0	1
0	4
2	0
0	72
0	68
0	0
1	15
17	66
1	31
0	31
18	34
0	0
5	0
0	3
2	0
0	17
1	0
0	85
16	85
0	85
0	0
31	19
0	1
2	10
1	18
1	0
1	0
0	14
0	0
3	12
0	12
0	12
1	23
1	12
0	9
0	0
5	0
4	5
0	5
21	4
0	4
79	5
0	4
233	0
6	0
15	0
8	3
0	3
23	21
2	11
0	6
0	6
0	0
0	0
0	6
0	10
2	6
9	37
0	113
5	310
0	308
0	30
0	277
0	23
0	23
37	45
0	2
2	0
1	2
0	19
0	19
4	19
0	19
0	19
5	46
0	37
0	0
0	46
0	1
0	1
185	195
0	22
89	40
0	13
6	2
4	0
0	2
13	59
0	26
7	1
0	3
3	2
3	0
0	0
13	7
18	18
2	49
0	11
301	4
178	0
2	0
15	32
0	31
0	4
10	28
0	26
0	22
6	15
0	11
44	4
8	8
0	6
39	0
1	1
2	1
0	4
0	7
5	1
24	19
0	14
3	11
0	0
3	0
55	39
0	168
0	168
1	159
25	81
0	75
0	79
15	79
68	112
0	10
0	2
0	105
1	1
0	1
0	3
1	463
0	487
3	338
0	353
0	43
0	8
0	1
24	8
0	0
1	4
0	14
1	16
0	161
0	161
11	13
0	6
0	2
0	25
0	6
0	2
0	4
0	65
0	0
0	11
7	5
0	5
0	65
0	7
0	7
1	3
1	1
134	171
3	0
13	0
0	0
2	0
12	5
0	5
4	8
0	4
22	8
3	0
30	11
0	5
0	3
0	1
0	45
6	26
0	27
0	27
0	20
6	0
0	46
149	12
3	12
0	1
0	75
9	75
0	2
1	2
2	0
0	38
39	0
0	0
112	256
0	256
0	12
0	12
7	29
0	0
5	5
0	29
4	0
47	7
0	9
0	5
0	10
14	489
0	491
0	67
0	0
3	43
13	43
20	77
0	110
0	24
0	0
0	33
0	0
0	36
0	18
0	18
0	0
0	95
0	33
0	92
0	107
0	13
3	69
0	26
36	84
0	76
0	53
0	64
0	51
0	46
0	16
256	4
0	2
38	1
0	1
0	0
29	0
0	7
0	10
0	0
1	3
6	1
3	3
0	3
0	3
27	0
17	521
22	514
0	475
0	476
0	211
0	2
9	2
133	40
36	40
8	12
1	30
0	12
0	6
0	12
1	15
0	10
0	8
0	9
0	0
44	50
0	50
9	0
0	5
6	2
1	0
0	4
0	0
0	2
140	2
0	0
1	0
18	0
92	7
2	0
0	7
0	0
3	0
0	28
2	28
1	0
11	0
63	28
0	0
29	20
3	20
0	19
0	17
3	16
0	14
1	3
0	23
47	0
1	12
0	8
0	14
1	12
17	10
0	5
0	8
1	9
0	4
0	4
5	3
14	0
6	5
0	5
0	5
0	2
5	2
0	11
0	0
0	0
0	11
0	0
0	4
0	1
9	5
0	0
0	11
4	11
0	0
0	0
6	0
0	0
2	0
0	0
0	0
0	0
0	0
0	0
0	0
0	0
0	0
0	0
0	2
1	2
5	118
0	1
33	118
100	27
1	14
2	4
7	10
31	65
0	61
3	35
17	26
0	5
0	4
0	1
11	31
36	30
70	0
2	0
0	1
128	20
0	19
0	0
3	1
3	0
2	0
2	0
1	0
11	1
125	45
42	62
5	11
0	11
0	2
0	2
0	286
0	286
8	0
0	3
0	1
0	3
114	5
2	10
19	10
0	0
0	0
7	0
0	3
95	0
4	0
0	73
10	73
15	54
0	0
2	0
0	1
0	0
0	0
115	45
1	45
0	72
0	19
0	19
0	32
2	0
28	7
0	2
0	7
0	7
0	7
0	6
0	2
16	2
0	0
0	0
1	0
1	1
0	0
0	0
13	0
0	0
0	0
11	0
7	0
0	0
0	0
0	0
0	6
0	6
0	6
47	8
11	1
0	0
4	0
1	2
10	6
0	6
1	0
19	0
3	2
0	2
31	0
0	0
0	0
29	11
0	0
0	0
0	11
20	3
17	0
0	1
2	14
0	14
19	0
0	8
0	0
0	1
14	1
0	0
0	0
1	0
2	0
0	0
194	5
0	3
0	0
5	24
0	24
0	17
0	3
0	1
2	0
496	0
1	1
2	1
0	7
2	257
13	248
0	257
0	1
0	9
0	7
7	3
4	0
0	9
0	7
0	36
0	35
0	38
0	36
0	37
1	1
0	2
43	1
0	0
0	0
0	1
7	35
15	13
18	13
2	0
0	0
0	1
0	1
0	23
0	29
120	80
0	21
23	1
29	0
0	72
5	1
0	1
0	1
16	26
9	26
50	256
11	253
0	255
0	2
0	0
0	40
9	29
0	29
3	22
0	2
0	3
0	3
0	0
13	25
1	1
9	44
0	0
1	0
11	6
1	1
1	46
0	46
0	13
0	13
0	12
0	12
1	12
0	1
0	1
93	8
8	2
2	2
2	0
0	0
0	8
0	0
0	8
0	1
4	1
0	1
4	29
0	4
15	21
0	3
0	11
0	1
0	17
2	2
0	2
0	5
0	0
0	0
0	0
1	3
0	1
166	4
120	0
1	0
0	0
0	0
221	33
2	30
0	30
0	30
1	0
0	0
0	0
1	0
1	6
4	4
1	0
0	2
6	236
22	36
0	202
0	23
25	7
1	7
70	2
0	3
0	3
0	1
0	1
3	1
0	2
0	0
283	0
0	28
0	23
0	18
23	0
35	1
0	0
0	1
586	89
0	88
6	85
0	61
3	0
0	0
1	0
0	9
1	0
0	0
1	0
0	0
0	0
0	0
38	0
18	3
0	3
0	0
1	0
2	20
0	20
0	2
0	2
5	185
28	185
45	20
70	0
29	1
4	19
1	4
43	0
40	0
2	4
0	1
25	1
62	16
0	1
162	14
0	16
0	16
2	13
0	0
90	0
5	11
2	0
0	0
0	2
2	0
3	2
5	3
0	3
0	2
0	18
1	18
0	10
13	0
640	0
0	33
0	36
4	3
0	0
5	33
4	1
0	0
107	0
0	15
2	0
13	5
4	5
0	10
14	7
39	28
0	45
0	46
49	6
0	6
13	45
18	27
5	13
0	3
0	18
0	18
1	7
0	3
0	7
1	15
4	0
0	0
0	1
0	1
0	1
0	1
0	1
0	18
0	18
0	11
2	0
2	0
0	2
0	38
0	21
1	11
153	0
6	0
43	107
21	108
0	64
0	20
0	0
1	0
1	0
2	6
3	6
409	5
1	0
0	0
6	5
0	7
0	7
0	7
0	7
0	1
0	0
0	6
0	1
0	0
0	1
33	32
0	1
0	1
28	32
0	8
0	8
8	36
0	2
2	1
0	0
0	33
1	34
0	1
0	0
5	1
0	1
16	2
3	0
0	0
1	0
7	1
0	0
0	1
310	8
423	8
6	104
0	14
0	12
3	0
0	0
0	67
5	67
0	58
43	36
0	44
4	62
0	19
18	31
0	23
0	14
36	45
0	81
0	11
0	4
0	0
0	81
18	15
0	3
0	5
25	995
15	0
4	0
129	0
0	0
0	1000
0	16
0	26
0	26
0	26
0	1
0	0
0	0
0	12
0	12
4	10
0	26
200	0
1529	73
0	96
4	32
0	35
1	47
2	39
0	21
0	8
28	35
0	7
1	3
0	13
479	0
0	88
0	0
0	6
3	2
3	2
1	72
0	18
11	244
0	66
32	241
21	2
16	85
5	83
0	3
4	5
0	3
0	3
0	0
3	1
1	6
0	0
0	0
55	57
0	50
0	50
1	74
124	74
16	34
0	34
0	6
0	17
0	7
0	0
0	0
0	0
2	0
0	0
0	12
0	0
45	0
0	10
0	10
0	10
0	10
0	10
1	10
0	7
5	2
0	2
0	4
26	4
93	82
0	78
0	7
26	31
1	40
10	7
0	24
10	31
5	0
20	31
1	6
0	0
0	0
58	93
0	93
0	85
0	86
0	65
0	65
0	19
0	0
0	1
0	0
0	0
0	14
2	0
0	0
27	95
24	95
0	66
0	45
0	30
0	14
0	0
0	1
0	0
0	3
0	1
0	3
0	3
5	1
10	2
0	0
0	25
0	6
18	18
0	8
0	0
0	4
0	18
1	7
0	11
0	18
2	48
7	1
62	47
1	0
1	3
0	3
0	3
0	3
73	173
0	173
1	1
0	0
18	0
33	99
0	99
0	0
0	0
0	8
0	6
0	2
0	153
0	54
32	108
0	108
0	50
0	0
0	2
0	0
0	42
0	37
0	42
0	5
0	0
0	0
1	46
5	14
0	2
0	2
0	4
1	1
59	11
1	1
0	2
0	2
0	0
0	0
0	0
0	0
3	1
0	6
0	0
0	0
18	4
0	1
17	4
3	5
2	18
0	14
0	5
6	12
0	0
0	7
0	3
0	0
0	7
0	2
0	9
0	284
0	284
392	307
0	126
0	109
0	118
9	48
0	4
0	0
5	677
0	336
0	4
0	4
8	4
8	31
0	2
0	2
3	0
1	0
0	24
0	25
0	21
86	68
1	1
0	0
0	0
0	0
0	4
0	0
0	14
0	4
0	66
0	0
1	7
2	19
12	6
0	2
1	3
0	2
0	0
6	10
0	7
18	17
0	14
0	17
17	17
0	15
0	0
2	1
0	1
0	0
11	0
0	11
0	11
0	0
0	1
0	0
0	2
0	0
0	2
0	0
7	3
43	28
9	26
2	0
6	0
120	58
0	25
0	25
0	58
0	0
0	0
1	0
1	12
0	50
0	47
6	7
0	13
181	22
0	12
23	13
5	3
0	0
9	2
0	2
0	60
20	0
0	3
5	3
0	3
0	0
0	3
0	3
23	100
0	65
0	100
0	65
3	108
0	98
0	13
0	3
3	71
0	1
0	6
0	23
0	1
8	12
0	11
1	11
0	1
0	0
0	0
0	0
0	1
0	1
0	0
2	1
0	0
0	0
5	0
0	11
6	0
18	0
0	0
0	0
64	11
10	7
23	23
0	7
0	7
0	1
0	0
8	2
3	7
0	7
0	3
1	122
33	0
0	1
3	11
0	0
0	122
13	31
0	3
0	0
6	3
0	0
1	0
0	5
0	29
6	10
0	6
0	3
0	6
0	5
0	7
0	5
0	4
0	18
0	2
0	1
0	1
61	2
0	2
51	10
43	0
0	2
120	7
10	8
6	2
6	4
13	4
0	68
50	75
5	62
67	94
1	82
0	0
0	0
0	12
5	0
2	194
1	175
0	194
23	130
0	45
0	3
0	0
9	0
0	0
0	2
3	724
3	38
0	675
0	40
0	95
0	6
10	1
0	92
289	115
0	2
0	6
0	68
0	26
1	1
18	0
0	13
22	125
0	11
0	11
2	4
0	4
0	0
6	0
1	1
0	0
0	0
39	0
0	0
394	63
1	63
4	1
66	37
2	29
0	0
0	5
0	0
0	36
12	0
3	36
0	19
2	19
0	18
0	18
0	1
1	0
2	0
12	8
0	0
0	51
0	51
0	51
0	22
33	138
0	138
0	0
4	0
0	0
0	3
0	3
7	3
3	11
0	4
0	5
1	1
30	4
0	0
0	3
0	0
18	95
10	0
0	95
2	8
0	40
0	40
1	8
0	10
0	39
0	10
0	40
0	11
0	11
99	7
41	7
0	7
0	7
0	0
0	0
0	0
1	0
10	21
0	13
1	70
33	62
0	8
0	34
1	1
1	0
4	1
3	93
0	92
18	6
0	91
0	3
8	44
0	1
0	1
2	2
10	1
0	1
0	1
0	1
0	1
0	1
1	8
0	8
0	2
12	56
0	57
12	0
2	5
0	9
0	3
4	5
0	4
0	4
0	4
0	9
0	9
32	27
0	23
0	7
0	1
1	7
0	7
0	2
0	0
0	3
0	4
0	3
0	18
12	15
0	1
0	1
0	1
0	1
0	1
1	0
2	14
1	10
44	0
3	7
5	9
0	0
24	12
0	0
2	0
0	9
0	0
0	7
47	2
33	2
1	0
2	14
0	14
0	14
0	13
0	0
0	0
0	4
0	4
0	7
0	6
0	4
9	5
0	2
1	1
0	1
2	2
0	2
0	0
0	0
0	723
0	723
100	705
9	16
0	16
0	4
0	0
0	4
1	4
0	4
199	86
0	86
2	4
0	57
1	23
2	0
1	0
0	0
0	0
1	0
3	1
1	29
0	0
5	42
0	81
2	18
52	19
0	22
3	19
43	70
0	1
0	2
0	2
0	0
0	2
0	2
0	2
0	0
0	2
1	0
0	0
0	0
0	16
14	8
2	11
29	6
0	6
0	1
0	1
0	7
3	48
0	48
1	1
0	0
0	0
2	0
0	0
0	0
0	0
1	36
1	34
0	54
3	58
0	32
43	0
0	5
0	0
1	3
0	2
0	20
6	20
0	20
13	0
0	1
0	1
0	0
0	77
0	0
0	71
0	81
0	81
1	14
0	14
6	10
5	10
9	11
0	8
0	8
52	36
1	36
1	18
61	10
1	4
13	1
22	7
0	5
0	1
0	1
94	14
0	14
0	2
10	3
21	51
0	1
0	49
0	48
31	15
1	6
1	6
0	6
2	15
0	7
4	0
19	55
0	54
27	258
0	87
0	2
0	0
0	114
0	107
0	51
0	106
0	116
0	0
0	113
0	16
0	5
0	5
0	5
0	5
0	5
1	5
0	2
0	91
7	48
0	61
1	16
1	16
12	13
84	16
0	91
7	11
0	11
19	14
11	3
7	0
0	0
1	0
1	0
2	0
0	14
140	15
2	11
0	0
0	0
25	164
24	140
0	1
5	5
0	0
6	49
2	3
2	15
0	3
30	0
6	35
0	12
0	26
0	13
0	13
0	7
5	11
3	23
0	40
26	49
0	12
2	0
1	0
0	40
0	40
10	0
8	62
0	13
0	13
5	62
24	0
0	81
0	42
0	24
0	0
38	81
7	9
22	9
3	9
0	0
12	50
0	0
0	0
0	9
0	16
2	16
0	13
0	13
0	13
2	0
13	0
0	7
0	7
0	86
43	98
0	8
0	69
0	56
25	45
5	13
1	13
0	8
1	3
0	1
4	1
2	1
0	1
1	0
0	0
0	0
0	0
0	0
0	1
2	0
3	106
0	119
0	99
0	92
0	63
0	63
145	48
3	45
82	23
0	4
0	3
0	13
84	57
0	41
0	30
0	16
0	12
1	12
2	0
7	15
0	7
17	0
0	22
43	0
1	0
111	209
0	12
55	68
0	65
5	31
60	2
0	1
31	0
35	19
37	18
0	1
5	65
0	3
0	142
152	207
0	208
0	1
2	0
5	0
2	0
0	3
75	35
0	30
0	3
0	3
0	7
0	2
0	3
1	1
0	1
116	4
0	4
0	1
0	3
0	72
20	80
0	15
19	28
2	28
0	47
2	3
0	3
2	44
41	4
3	4
0	51
0	51
0	6
0	7
4	1
47	103
300	124
4	118
0	124
0	121
0	0
246	2
29	18
0	16
0	8
9	210
0	212
0	21
0	12
0	0
0	0
3	1
0	0
0	212
0	17
0	0
0	17
0	1
0	0
5	7
10	15
0	5
5	0
28	0
75	18
0	18
146	166
5	166
1	160
0	0
6	2
43	3
0	0
45	2
0	3
0	1
0	1
0	0
15	17
1	3
6	5
0	1
0	0
0	5
110	34
0	34
0	1
0	0
2	0
2	119
0	117
0	41
23	37
0	52
0	25
0	25
0	5
0	0
0	1
0	1
0	0
0	0
0	0
0	50
0	2
0	0
0	0
0	0
0	0
0	0
0	3
6	3
1	0
12	2
0	0
0	52
0	52
231	19
3	9
5	26
0	25
5	1
0	12
4	8
0	7
0	0
0	2
0	0
5	0
9	3
0	43
0	8
0	0
0	31
0	12
21	32
0	3
4	3
0	3
0	0
1	7
0	7
44	62
1	12
0	0
0	0
0	0
2	0
26	53
0	53
0	21
6	0
118	94
0	0
0	1
0	64
4	93
1	0
0	0
1	0
39	47
0	46
1	3
2	1
2	14
1	51
0	35
36	16
0	5
6	0
1	24
66	8
0	1
0	7
0	7
0	0
13	0
0	0
0	7
36	7
0	15
180	62
0	3
0	9
0	0
0	9
2	0
0	0
0	0
29	33
0	0
1	0
0	59
0	1
31	0
0	12
23	211
7	17
2	16
7	197
0	1
0	13
0	0
5	12
1	14
4	7
0	1
0	1
0	0
0	5
0	20
1	69
0	0
1	0
4	73
0	0
2	73
0	56
0	69
0	28
0	62
16	14
0	4
0	0
0	10
0	2
0	2
0	2
0	0
16	0
0	3018
39	12
10	8
0	3018
0	10
0	0
3	0
0	0
4	66
1	26
8	1
0	1
6	0
0	29
7	26
1	6
0	5
8	2
0	6
1	0
8	2
0	0
3	1
0	0
0	5
0	5
0	5
0	0
4	0
0	0
0	0
0	0
0	0
0	97
119	97
0	35
312	35
8	4
448	276
0	276
0	273
0	277
0	0
0	0
0	0
1	4
5	0
33	1
0	0
0	1
1	2
0	2
14	49
0	49
0	42
0	0
3	0
0	0
9	0
2	0
0	6
0	6
4	6
41	16
0	16
0	10
5	400
216	400
0	0
0	0
0	0
1	16
3	1
0	0
13	1
0	0
8	6
0	17
0	15
1	84
30	87
0	55
1	42
0	6
0	0
0	182
0	26
0	0
9	145
0	33
0	181
0	33
168	20
13	20
3	2
41	2
6	77
0	77
0	77
31	5
0	3
0	3
0	3
0	3
0	3
0	3
0	3
0	3
0	3
0	3
0	2
1	2
1	2
0	0
13	65
1	0
0	2
0	4
0	0
0	0
3	0
6	0
0	3
41	11
0	10
0	0
0	0
123	25
0	25
3	21
0	21
0	0
0	0
0	0
0	0
0	0
7	2
0	2
1	1
70	10
8	0
0	0
0	1
0	1
0	0
1	2
0	7
1	2
17	24
0	11
0	11
0	11
0	11
0	11
10	20
0	20
32	11
0	12
8	13
6	224
2	225
0	230
0	227
0	0
0	9
2	0
9	3
1	3
0	3
0	3
0	14
0	1
2	8
0	16
19	14
1	11
0	3
0	0
2	1
0	5
0	0
0	4
0	0
1	19
0	0
0	0
0	0
0	49
0	49
0	47
3	57
0	13
0	0
0	0
0	0
2	29
441	27
0	6
8	5
2	57
0	57
54	0
2	28
3	30
5	16
2	0
10	4
1	0
64	117
0	3
0	3
0	0
0	10
0	2
0	0
14	0
0	2
0	4
1	4
0	3
0	0
0	104
597	83
34	81
15	66
0	65
0	0
7	16
112	72
0	16
7	2
0	2
12	2
0	72
1	13
3	150
16	128
0	0
0	25
1	2
0	1
11	47
6	47
0	11
0	11
0	6
52	17
35	37
10	3
0	10
0	10
69	0
31	48
0	38
2	27
0	0
1	0
0	0
0	2
1	0
9	31
0	19
0	1
0	1
42	266
39	283
3	326
0	2
2	330
0	274
0	12
10	265
4	5
0	6
97	276
0	0
93	7
0	3
0	2
31	3
0	208
51	222
2	0
0	53
0	0
0	1
1	1
0	2
13	63
0	33
24	0
0	82
304	82
0	8
0	8
0	5
0	5
4	5
0	3
3	0
2	1
40	81
0	81
2	1
0	11
16	233
2	233
0	158
0	44
1	3
1	2
0	2
4	0
2	5
135	25
9	0
0	3
0	3
0	25
124	88
73	15
3	77
0	312
148	0
0	159
1	158
29	159
124	112
0	0
19	2
8	8
9	3
148	0
0	2
0	2
317	39
3	38
0	30
0	39
0	64
0	3
14	49
0	2
6	69
10	13
0	13
0	16
0	2
0	15
0	3
0	2
0	4
0	2
0	2
3	24
1	1
0	4
7	4
94	4
5	12
4	9
1	8
2	14
0	0
6	0
12	5
74	19
0	0
1	8
0	0
6	0
335	14
0	8
1	20
18	12
89	342
1	51
0	56
0	290
2	0
0	0
0	1
0	0
2	3
14	1
1	0
0	0
18	5
11	4
3	0
0	1
2	2
0	2
0	0
2	0
0	0
11	17
0	0
0	0
0	0
0	0
0	0
10	17
0	0
0	1
14	119
0	117
0	193
2	6
0	6
1	1
0	6
13	193
13	15
0	17
0	8
0	7
0	7
6	7
0	0
10	21
0	6
0	2
0	3
0	9
8	25
0	1
6	43
0	8
0	9
0	25
2	0
0	0
0	0
1	1
108	1
0	1
0	0
62	0
207	3
2	3
9	49
0	40
0	33
6	17
0	19
1	1
0	0
0	0
0	9
0	16
0	0
0	0
0	16
2	42
0	0
0	42
351	0
0	1
0	0
29	0
5	0
27	6
0	1
0	0
0	0
0	5
0	0
0	0
0	0
0	0
47	9
3	9
10	50
10	12
13	8
3	10
6	1
3	0
0	2
122	4
0	1
18	31
6	31
2	7
24	10
4	14
3	142
0	138
0	138
0	5
7	15
0	15
0	15
53	0
0	0
3	0
0	0
0	0
0	0
0	0
0	0
3	0
0	70
17	70
0	1
0	1
0	0
0	40
1	1
10	81
0	81
3	60
6	0
1	80
0	102
0	102
2	88
0	2
1	0
6	0
0	6
5	6
0	0
0	0
0	0
2	13
2	14
0	14
5	14
417	14
28	14
42	65
20	33
0	14
0	7
2	7
56	7
1	6
0	6
7	5
0	5
5	6
0	7
0	7
2	0
0	21
0	7
1	3
0	0
0	0
1	0
0	1
0	1
0	0
0	0
178	127
7	128
32	45
56	45
137	1
10	248
0	38
0	227
0	39
0	1
200	4
0	2
30	0
0	0
166	34
3	22
0	22
0	21
1	0
0	0
91	2
0	0
57	6
1	11
0	12
0	12
0	0
0	0
0	0
23	8
0	6
0	0
1	0
1	0
10	152
2	152
0	99
0	35
25	4
0	0
2	0
0	2
37	2
0	0
0	0
2	13
0	1
60	1
15	75
0	1
20	8
1	43
0	138
6	6
0	1
0	20
0	101
5	9
13	9
3	9
0	0
0	0
0	0
3	14
0	38
128	38
0	5
0	5
43	75
0	0
0	1
0	1
0	33
0	26
0	0
0	0
3	73
32	7
0	0
0	8
3	45
0	0
0	45
2	1
0	1
0	0
0	4
4	0
0	0
0	0
2	1
26	5
0	2
0	2
0	480
14	484
0	67
0	23
6	0
0	0
0	3
4	12
16	54
0	28
0	10
95	5
0	54
3	13
1	18
8	91
116	120
0	91
0	7
0	86
0	112
158	112
4	11
10	47
0	3
0	3
19	46
0	46
0	46
6	42
86	4
0	4
32	0
3	13
1	3
26	42
0	42
0	11
0	1
0	1
0	28
0	22
0	7
0	0
0	6
0	3
0	2
0	0
2	4
5	28
7	7
1	5
0	3
0	27
0	0
5	18
3	18
0	18
0	18
0	16
1	0
1	1
7	0
19	47
0	64
59	24
0	65
0	0
0	45
0	26
10	0
0	0
68	0
0	34
0	65
16	2
0	6
0	4
1	1
0	1
0	1
0	1
0	21
41	3
1	3
0	1
0	0
0	0
0	7
0	7
0	0
0	31
0	31
0	52
0	28
0	21
0	0
0	57
0	23
0	57
0	26
0	35
0	35
0	2
0	7
7	26
0	37
0	1
5	1
1	0
37	52
0	9
12	43
0	7
0	0
0	13
0	69
0	13
1	0
0	36
16	64
0	181
24	71
0	32
0	54
3	0
0	0
0	0
0	0
0	126
2	6
0	129
11	129
0	11
108	54
10	54
0	14
35	44
0	1
16	37
20	37
0	118
0	119
0	19
0	18
0	4
3	0
0	33
1	35
6	2
5	57
43	57
2	33
0	6
5	28
25	6
0	0
0	0
6	30
0	2
0	2
0	16
0	14
33	43
12	2
0	2
0	20
0	19
1	14
0	38
0	38
7	189
0	9
0	47
0	42
0	17
0	6
0	2
0	2
0	3
0	3
0	2
0	2
0	2
3	1
0	44
65	89
1	12
0	6
0	8
0	6
0	6
0	20
0	0
0	2
0	14
0	0
0	20
6	2
0	10
0	5
0	5
0	5
0	0
0	5
45	286
0	286
1	10
16	3
17	19
0	1
0	5
0	18
0	1
0	0
44	0
0	1
1	0
0	0
5	1
0	0
0	3
6	7
23	7
3	7
0	0
10	7
5	7
3	7
0	2
2	1
0	2
4	1
6	0
0	303
0	29
0	304
0	304
0	303
3	303
1	44
61	29
26	28
13	7
1	7
2	1
0	0
0	0
0	0
0	0
0	0
0	6
0	3
0	4
1	0
0	2
0	18
0	8
0	6
0	33
0	69
0	53
3	2
0	12
5	5
6	39
7	39
0	34
25	3
0	3
120	4
0	43
0	36
0	21
0	0
34	1
0	8
1	81
0	77
0	57
33	22
0	23
46	25
1	11
0	8
0	4
4	20
0	3
0	20
0	1
0	4
1	14
0	22
8	2
0	2
0	3
17	13
0	30
69	6
0	6
9	0
185	0
0	55
0	47
0	39
0	24
3	31
54	45
33	9
3	63
0	8
27	49
0	36
0	42
4	39
0	27
0	22
0	0
2	0
0	11
0	12
0	2
0	9
0	111
25	7
1	0
0	110
69	110
0	14
0	18
0	9
1	2
0	1
0	5
0	4
0	0
0	4
0	1
8	369
0	369
21	302
0	42
0	51
7	0
71	7
27	18
4	9
32	9
0	9
0	1
1	0
3	1
3	57
0	3
15	4
0	3
0	6
0	0
0	3
0	0
0	0
0	4
8	3
1	6
0	4
0	6
0	6
0	17
0	20
0	15
0	14
0	14
0	9
0	9
0	12
0	10
0	8
0	8
0	1
0	0
0	0
0	0
0	0
0	0
0	3
0	0
0	0
8	0
0	23
6	23
0	23
0	0
2	31
0	1
0	6
0	6
3	0
0	5
0	0
1	13
3	15
0	7
1	4
1	3
0	2
115	137
1	137
4	0
3	25
0	25
0	25
146	28
2	1
5	1
1	30
16	10
8	21
0	10
0	10
0	8
0	8
0	8
0	8
0	19
0	0
0	0
0	20
0	19
0	11
0	9
0	14
4	7
4	3
1	0
0	4
0	4
1	4
1	1
4	0
0	1
157	17
0	3
0	14
22	104
8	41
0	13
0	18
0	24
0	16
1	0
25	59
0	43
46	59
0	7
2	9
0	9
0	9
211	0
0	0
0	0
0	0
1	0
1	6
2	4
1	0
86	0
6	8
0	0
3	2
17	5
195	150
0	20
0	0
0	150
1	22
0	21
3	11
0	3
0	3
0	3
0	3
1	0
0	4
0	30
28	12
6	6
0	0
0	12
0	0
0	1
1	1
0	0
0	0
0	20
464	116
0	62
111	62
0	52
0	5
0	3
0	8
0	13
4	61
148	7
0	57
62	5
0	4
0	1
0	1
0	1
0	1
0	1
1	0
0	0
0	608
98	611
112	142
0	122
0	66
131	4
1	4
0	0
0	0
1	0
1	0
7	276
0	287
0	203
0	38
0	1
11	6
0	0
0	1
53	6
14	3
6	3
126	5
0	9
0	1
76	5
0	0
0	0
0	5
10	2
0	16
0	24
0	16
0	16
0	21
0	16
0	16
0	1
0	5
0	24
0	5
0	0
0	0
0	22
2	19
5	14
5	19
0	846
2	851
6	346
879	1091
0	434
0	36
29	10
91	57
1	2
1	0
2	1
3	0
0	0
0	51
8	5
0	0
0	0
68	0
0	0
0	0
19	12
0	0
16	0
28	20
0	22
0	9
0	4
1	6
0	1
0	0
0	0
0	13
13	13
7	0
0	2
3	5
156	64
0	50
277	34
0	34
10	14
0	20
0	8
18	5
0	29
0	5
43	0
0	13
0	13
4	7
1	7
94	202
0	26
0	0
3	0
1	0
0	0
0	3
1	0
1	0
0	2
0	189
69	1
3	1
4	0
2	22
5	4
0	4
0	0
1	0
0	9
0	9
111	0
3	18
0	27
0	4
4	1
0	11
0	1
144	105
10	90
0	16
8	35
0	44
0	3
0	0
2	0
11	12
0	0
0	72
0	13
0	12
12	2
22	2
4	0
2	5
1	5
0	5
0	0
0	0
0	0
0	0
22	129
21	129
4	94
5	20
10	35
3	35
2	18
3	0
0	8
0	7
2	10
0	8
0	3
1	25
0	21
2	17
0	2
0	5
1	1
10	6
1	6
0	0
0	1
0	1
2	0
0	6
4	9
0	6
0	0
0	6
0	0
0	6
3	0
0	1
1	5
0	5
0	1
0	0
1	0
0	2
0	0
0	0
0	2
128	81
5	8
1	0
0	2
6	0
0	2
313	56
3	29
0	22
0	10
0	0
0	0
0	0
0	0
66	66
14	1
1	1
0	1
28	5
29	4
0	9
2	9
40	21
0	26
0	12
13	17
0	3
0	78
2	71
0	45
3	4
0	0
0	0
0	21
14	0
37	0
25	0
0	35
0	11
19	35
11	1
23	17
0	5
177	17
0	5
7	17
0	2
0	1
0	0
20	3
0	3
1	2
0	6
3	2
0	6
0	1
0	10
0	1
0	1
0	10
22	14
0	1
0	1
0	6
0	9
17	14
8	1
0	30
0	37
0	39
73	25
1	0
0	0
0	0
0	30
31	55
188	390
1	390
1	38
3	0
3	0
0	17
0	132
0	5
0	5
0	5
77	5
0	5
0	0
0	0
0	0
0	0
0	0
47	15
1	12
1	15
0	13
0	0
0	0
10	13
1	13
2	1
0	1
0	1
0	1
0	1
0	0
0	140
10	108
0	9
0	122
0	72
93	0
235	167
0	174
0	28
14	13
20	19
1	5
2	18
0	6
0	1
0	258
21	289
8	6
0	6
0	1
4	0
5	0
0	0
0	1
0	1
2	0
0	7
0	7
7	3
0	1
1	16
0	44
0	40
0	40
0	0
0	14
0	56
1607	2
4	1
1	1
0	1
23	43
14	43
0	0
13	10
0	7
11	63
10	5
0	5
75	3
11	58
0	7
0	2
0	2
0	5
0	0
0	1
0	1
0	2
0	2
30	31
1	9
0	7
0	7
0	6
10	4
1	1
0	0
0	0
3	0
1	0
9	6
0	0
2	22
21	9
189	14
0	11
4	0
0	4
0	2
2	19
0	7
6	2
0	7
0	0
0	0
0	9
0	8
0	10
0	9
0	2
0	3
0	0
0	2
11	17
6	15
2	14
0	7
7	12
6	0
0	3
0	3
0	61
3	61
17	20
0	20
0	1
0	1
0	1
0	1
0	0
1	0
0	14
0	3
0	3
2	0
0	12
0	12
2	0
0	0
16	0
0	0
0	0
96	145
3	143
3	6
2	20
1	0
0	0
1	93
2	0
6	6
0	93
0	0
3	1
0	1
21	0
0	7
0	57
0	4
0	1
0	0
0	0
0	1
0	57
12	24
0	59
0	22
0	22
0	7
0	0
0	59
0	59
21	53
46	53
12	233
62	233
25	36
0	37
0	2
0	4
0	34
5	0
0	13
0	146
0	1
0	147
0	146
0	145
0	0
0	145
0	146
1	147
0	39
0	0
0	2
13	39
0	2
2	1
0	2
0	121
5	6
171	77
1	72
0	0
25	5
0	0
11	8
0	8
0	0
2	4
0	21
1	11
4	18
2	14
0	21
95	7
94	7
138	29
0	10
0	19
0	0
0	1
0	1
0	1
0	21
28	47
0	31
0	45
0	33
0	12
0	1
0	0
0	1
1	0
0	1
17	46
7	62
6	61
50	41
0	40
0	52
2	4
0	4
0	2
0	2
0	34
0	34
0	0
5	1
40	1
0	1
1	1
2	0
32	0
5	6
0	5
0	4
1	4
0	94
0	80
48	87
13	283
4	94
0	150
0	11
35	114
353	187
363	229
48	36
0	36
0	0
0	0
7	3
0	2
0	2
0	0
3	1
0	1
0	0
0	3
0	1
20	8
0	5
0	5
0	6
0	0
0	0
0	8
0	8
0	5
1	14
3	104
0	79
12	78
132	16
1	1
1	15
177	0
50	13
3	13
0	13
4	0
2	0
0	0
0	0
0	0
0	0
0	0
0	40
354	41
7	5
0	5
0	5
0	5
0	5
2	3
0	3
0	3
0	0
0	0
0	0
0	0
0	0
0	5
45	1
0	1
0	4
0	4
0	4
1	1
0	0
0	0
0	0
0	4
125	27
0	27
1	1
1	1
9	7
2	15
47	47
1	11
0	10
0	11
0	48
0	7
0	8
0	7
0	12
0	0
0	2
0	1
0	2
0	0
5	11
27	11
346	16
7	0
3	10
10	8
0	0
5	0
0	0
0	0
0	2
0	10
352	20
0	1
0	3
0	1
0	3
46	20
0	17
0	21
21	17
133	264
0	5
7	137
0	40
21	181
40	61
0	80
0	100
2	66
0	36
0	64
0	173
74	2
0	37
1	26
14	25
0	25
0	34
0	0
0	0
0	1
0	1
0	47
0	47
0	3
13	9
0	8
0	1
36	5
9	5
0	2
12	23
1	21
0	0
0	0
0	3
0	62
0	62
0	62
0	0
2	0
0	25
9	3
10	7
0	2
0	84
0	31
0	0
2	0
3	43
3	38
17	2
0	0
0	5
14	45
0	45
0	129
0	8
0	127
37	1
50	2
4	124
47	2
0	0
3	0
2	2
6	60
2	74
0	57
0	17
0	17
0	3
0	26
1	4
0	0
0	4
0	4
14	0
0	0
0	0
1	0
0	26
0	24
0	5
5	47
0	29
0	34
0	34
0	0
12	39
0	40
5	0
0	1
0	1
0	0
2	0
1	0
1	0
0	0
0	0
2	0
0	53
19	0
9	0
12	25
0	2
0	2
0	2
4	59
11	59
0	59
0	0
1	9
0	9
0	4
0	2
0	6
4	18
106	0
4	2
82	44
0	1
12	49
42	52
1	12
2	46
0	6
0	26
0	25
107	117
0	117
2	2
0	0
112	2
7	2
0	2
0	0
14	19
0	25
0	12
0	7
25	20
0	2
0	19
0	0
0	1
0	19
0	0
8	19
294	79
0	61
3	4
1	1
0	79
0	102
0	102
0	2
0	5
2	5
0	104
0	104
0	0
0	0
0	0
0	2
0	3
38	1
1	8
0	1
0	8
30	4
519	1
36	10
0	2
5	1
28	1
8	0
0	3
0	4
0	1
0	5
1	0
316	94
0	0
2	0
0	49
16	0
0	39
78	7
0	0
11	6
0	0
42	4
0	0
0	0
0	0
0	5
0	6
0	3
0	37
0	22
0	49
0	64
0	19
0	16
1	16
1	0
3	4
1	4
0	3
0	6
17	3
0	33
0	33
0	1
0	6
0	6
0	1
1	0
6	3
17	3
16	0
0	165
1	0
0	5
3	144
5	163
0	13
0	7
32	0
0	112
2	112
0	11
0	0
1	23
0	20
0	20
0	15
0	8
0	1
13	9
0	0
0	3
8	0
0	0
10	11
0	0
0	0
0	1
1	1
0	49
0	357
9	42
1	0
0	2
0	394
0	28
0	28
0	0
0	0
3	0
0	6
0	0
0	0
0	28
0	5
0	5
32	5
0	5
97	1
0	0
2	11
30	1
1	11
0	7
4	13
3	0
0	6
3	9
19	4
0	26
0	39
14	23
4	10
5	7
2	6
11	24
0	0
0	0
25	1
26	27
5	0
0	0
3	0
10	9
32	6
1	2
0	2
0	0
0	0
0	0
0	0
0	4
5	6
0	1
10	20
0	35
0	17
101	18
43	0
0	11
51	201
21	209
8	42
0	0
0	6
0	6
0	3
0	3
29	0
0	6
0	6
0	15
64	15
0	14
0	13
1	4
3	9
0	2
0	6
0	1
18	23
1	12
91	0
27	159
0	149
0	158
0	160
0	145
0	146
0	140
21	108
0	107
0	71
0	71
0	71
0	71
0	71
0	71
1	71
0	46
0	46
0	46
0	0
1	0
0	2
0	158
0	158
0	158
0	158
0	78
0	78
1	3
0	12
5	5
6	0
3	0
0	0
12	13
0	13
0	0
0	4
0	0
0	14
1	24
251	21
1	17
15	15
0	21
81	61
3	61
0	35
0	0
53	0
171	12
0	26
28	31
0	5
14	0
2	0
8	0
0	42
1	19
1	0
1	0
0	38
486	58
0	0
13	71
132	495
27	441
32	426
0	68
0	4
0	4
0	2
12	2
0	2
2	3
0	1
0	2
320	49
9	39
0	25
0	17
0	1
47	7
4	6
0	0
1	0
0	0
0	0
0	6
0	4
1	2
36	0
0	0
1	0
0	1
0	4
0	3
0	4
0	1
0	2
0	2
12	2
0	0
0	2
2	2
0	0
9	19
0	19
0	19
2	0
0	15
0	0
0	6
46	18
2	77
0	77
0	1
1	0
0	0
8	6
0	0
0	0
0	2
223	0
47	21
0	21
2	4
1	3
0	3
23	0
0	22
33	0
0	0
5	0
2	2
0	1
0	1
13	1
29	1
0	1
0	1
1	13
0	12
0	0
0	58
0	51
2	52
2	41
0	19
27	0
3	0
0	9
13	10
15	66
7	7
0	7
0	6
17	5
0	4
705	4
1	5
0	1
0	23
0	49
30	49
2	143
5	143
0	143
0	143
0	143
5	143
0	0
4	26
0	2
4	25
0	0
5	0
0	0
0	0
0	0
0	0
72	0
26	23
0	15
0	8
13	1
6	0
36	20
41	0
3	3
0	3
0	4
0	4
2	4
0	3
0	0
0	0
1	0
0	1
0	97
0	108
51	217
3	96
0	139
1	32
0	38
0	48
0	55
9	53
66	46
0	3
0	3
0	0
0	0
0	38
0	27
2	38
3	35
0	30
9	69
0	69
29	60
78	1
3	0
3	18
0	30
4	4
35	30
0	0
0	0
12	0
115	369
7	8
4	14
2	1
23	0
1359	369
0	31
18	29
2	0
218	152
8	152
0	0
0	0
97	8
218	14
14	14
0	0
0	138
17	111
4	27
6	0
8	3
0	3
0	24
0	1
23	1
2	24
28	21
0	6
0	2
6	4
0	0
0	3
0	1
2	1
0	15
0	20
13	19
0	2
0	6
24	7
0	8
0	12
82	18
105	0
661	8
2	8
0	1
1	1
5	6
17	41
127	27
0	27
22	37
0	44
15	36
0	20
0	20
0	0
1063	491
0	532
39	1
0	1
2	0
0	44
0	40
99	58
0	37
0	51
61	43
1	73
0	4
0	5
0	3
0	68
1	30
4	27
0	28
0	18
0	6
0	2
4	2
0	0
0	2
0	2
23	0
14	2
8	0
0	5
5	3
0	0
4	5
61	9
2	4
19	10
0	0
0	0
0	0
3	0
0	8
0	0
0	7
0	2
0	6
10	28
0	0
63	10
1	4
2	4
0	0
0	3
29	0
0	0
93	12
0	6
7	7
6	11
0	47
8	23
5	14
0	18
0	3
1	0
0	0
0	16
0	3
0	22
0	3
0	3
0	0
0	6
132	37
0	13
84	44
4	9
0	0
1	44
1	0
0	0
266	2
0	0
0	4
0	2
123	7
1	7
0	31
0	31
0	0
0	0
0	0
125	14
6	14
0	8
0	8
0	6
0	0
3	2
0	2
1	2
49	1
5	1
0	14
0	25
0	11
0	12
0	12
0	1
4	0
0	0
3	2
0	5
11	15
0	15
3	0
0	0
0	0
0	0
2	4
11	1
0	12
0	12
30	53
7	0
10	1
2	48
11	5
0	5
0	46
0	48
0	1
0	11
0	11
0	11
0	0
57	11
0	11
59	54
1	5
0	5
0	5
0	17
0	15
0	1
1	11
15	41
0	14
0	39
2	5
0	5
2	3
0	1
0	2
0	1
0	4
0	5
0	0
0	0
7	14
0	12
0	2
0	0
24	53
1	0
0	0
0	0
0	1
6	11
0	15
6	0
0	0
6	0
0	0
0	0
0	0
256	65
0	0
17	65
24	4
5	47
3	4
1	0
0	0
10	0
0	10
0	1
1	314
0	321
0	0
0	0
0	0
7	1
24	15
0	15
260	47
0	96
0	10
0	4
0	27
0	113
0	9
0	4
0	0
7	4
4	0
41	1
0	46
1	3
0	0
20	140
0	35
13	110
101	5
0	17
1	0
47	6
0	20
0	0
0	0
57	14
0	0
0	8
0	0
2	0
1	0
0	0
0	0
0	3
3	3
0	2
0	3
4	25
0	3
50	69
1	0
0	0
0	11
0	51
0	51
0	2
6	1
0	1
0	0
0	0
1	0
0	0
0	5
0	5
1	0
138	49
1	49
2	52
0	43
0	52
0	52
0	49
0	9
0	9
0	9
0	4
0	6
0	4
1	0
0	0
0	0
0	0
38	0
5	0
0	0
6	192
36	188
6	4
1	8
0	8
0	8
5	5
0	5
0	0
0	0
10	0
0	2
0	0
0	0
0	0
0	2
0	0
0	1
0	1
0	0
0	0
0	0
0	1
4	46
12	35
0	16
0	16
0	0
0	0
1	10
0	2
30	0
4	5
0	0
91	34
8	39
0	10
2	0
0	0
15	4
0	1
2	6
46	5
23	4
0	5
22	6
2	11
0	4
1	7
0	2
6	0
1	2
0	2
2	1
10	0
0	3
0	3
0	5
584	0
0	16
0	16
0	4
1	0
0	0
0	0
0	2
0	2
3	0
7	2
1	0
0	2
0	5
0	2
9	2
261	35
6	28
4	51
0	23
0	38
0	5
27	63
0	29
0	2
0	22
4	40
1	0
0	0
0	5
5	4
0	2
0	0
0	0
0	5
0	5
5	0
111	46
0	48
0	2
1	37
1	43
0	40
0	28
0	5
2	1
0	0
1	0
0	0
0	0
0	1
55	143
6	28
1	1
299	155
0	44
6	0
124	17
0	10
0	0
0	2
0	0
0	0
0	0
251	14
3	0
0	0
345	13
48	39
0	44
0	41
0	11
0	19
0	2
0	0
0	6
9	0
0	0
0	6
4	0
0	2
0	18
0	0
0	14
0	14
0	13
0	13
0	1
0	9
0	0
12	8
0	3
0	1
0	0
0	1
0	1
0	0
0	0
0	0
0	10
174	10
22	5
44	1
0	0
0	0
0	1
2	96
0	90
0	90
0	67
0	101
0	30
0	18
0	151
7	59
4	146
4	37
0	10
0	1
292	0
12	77
0	97
48	7
0	1
6	59
4	11
13	0
0	0
6	0
0	14
0	14
0	14
0	14
0	14
0	14
0	7
0	0
1	0
0	10
0	10
66	0
5	72
0	72
13	72
39	72
0	63
0	2
0	0
0	0
31	22
37	0
96	1
0	23
0	0
4	45
0	44
380	347
0	253
0	60
6	86
26	43
0	21
0	25
0	52
0	11
15	23
0	1
0	5
0	16
6	2
0	11
6	0
0	1
0	19
19	19
9	6
0	1
0	1
5	3
0	1
0	0
0	0
0	0
24	0
35	0
0	0
82	4
231	2
0	0
6	0
58	2
2	1
0	1
0	3
0	3
0	0
0	2
0	2
0	3
36	0
0	0
0	0
0	0
0	0
1	0
2	0
1	0
22	20
12	16
0	73
0	41
1	1
0	71
0	0
3	52
10	34
22	23
0	8
2	15
0	11
43	0
1	0
4	15
44	15
3	4
8	9
0	15
2	0
3	0
0	0
0	0
0	0
0	0
5	0
777	244
0	255
166	46
23	58
0	29
0	7
0	2
0	7
0	65
0	65
198	22
15	27
0	27
93	4
23	14
0	13
43	2
0	0
1	2
0	2
0	9
6	14
0	4
0	7
0	7
0	4
0	0
0	0
0	0
0	0
25	56
0	0
0	0
0	0
2	0
2	0
15	0
1	29
0	0
16	34
68	14
0	0
0	4
0	0
0	4
0	19
0	58
19	13
3	6
0	13
440	43
0	0
0	16
0	22
22	0
547	43
0	0
449	20
72	17
1	17
0	0
4	0
0	0
0	0
74	12
5	0
0	5
6	48
0	1
0	3
0	18
0	21
0	1
0	1
0	0
0	0
0	0
0	0
0	0
0	0
2	2
70	94
5	34
7	40
132	96
0	7
0	66
1	2
0	0
0	0
0	0
0	0
0	8
3	7
0	13
0	7
1	6
0	1
0	0
0	19
8	19
0	0
1	0
0	0
0	0
0	0
326	84
0	28
1	55
0	1
0	1
0	137
12	63
0	33
0	11
0	10
0	23
0	4
0	4
0	11
0	0
0	0
0	8
0	12
0	19
265	5
25	2
0	10
5	1
1	0
0	1
0	1
0	1
30	37
0	37
0	0
0	0
3	0
0	0
0	7
0	0
0	12
1	109
0	111
1	56
1	2
0	2
36	125
0	120
7	131
1	0
19	4
0	131
1	12
0	4
0	0
0	8
4	3
3	7
0	10
0	10
0	0
0	0
0	0
0	8
0	8
215	123
0	5
0	3
0	12
0	2
0	11
0	1
0	0
0	0
11	96
4	11
0	10
0	4
81	0
21	10
0	6
0	1
0	0
9	7
0	4
0	4
98	20
0	13
0	31
0	30
0	10
283	13
28	4
0	3
1	0
0	0
0	0
1	0
0	0
4	5
0	5
1	2
0	2
0	1
3	6
0	6
0	1
7	2
0	2
0	0
0	0
0	0
0	7
1	0
6	1
0	0
0	1
0	7
147	14
1	0
4	0
4	0
3	8
0	8
0	0
0	0
0	0
0	0
0	11
76	37
0	2
0	0
0	0
0	0
11	3
0	26
0	9
11	0
4	10
1	21
8	3
0	0
0	181
0	159
0	2
0	181
4	6
0	0
86	28
4	15
44	78
11	8
0	8
0	0
0	2
1	1
0	0
3	0
1	22
6	0
0	0
24	4
0	4
0	17
9	0
32	0
0	14
0	0
1	0
18	102
3	104
4	113
0	85
1	11
0	73
0	65
0	71
0	0
1	0
0	4
0	1
5	0
77	58
0	42
1	42
273	40
0	28
0	0
0	2
0	1
22	0
0	10
0	39
7	26
8	1
4	1
1	1
0	1
0	2
0	1
0	2
0	1
12	1
0	6
0	14
0	0
1	0
51	156
2	134
0	6
0	6
0	128
44	40
0	14
0	0
0	4
3	21
0	6
15	130
4	125
11	3
13	2
90	3
63	0
14	0
1	0
7	0
124	171
15	171
0	155
2	155
6	96
8	2
46	3
44	0
0	1
49	35
4	35
16	7
0	0
0	0
1	0
0	0
3	2
0	2
1	0
0	0
1	0
72	27
0	22
0	25
1	17
0	14
6	1
0	1
0	0
0	0
34	4
17	1
1	0
0	0
0	0
5	0
2	4
0	0
0	0
0	0
5	9
6	9
0	1
0	1
0	0
17	0
0	0
0	0
27	0
0	0
0	0
0	171
0	363
11	146
13	142
0	6
0	196
1	31
305	95
0	95
236	82
0	18
0	18
2	8
0	7
0	3
0	7
0	2
0	4
1	4
1	0
0	4
0	5
0	5
0	4
0	5
44	14
0	14
0	7
0	6
244	0
25	0
21	2
0	19
5	23
0	6
0	8
0	2
4	2
4	0
0	0
2	0
10	0
1	0
0	2
0	2
0	0
0	2
0	2
1	1
1	1
4	1
8	0
18	44
0	25
0	15
0	9
1	0
0	40
0	10
0	10
11	17
0	10
0	10
0	22
0	22
0	10
2	1
6	1
0	2
0	0
0	0
0	11
0	4
8	4
0	5
15	0
0	0
0	55
0	61
0	66
0	41
0	22
0	19
17	13
0	0
542	233
192	207
2	234
17	80
9	60
0	6
0	64
0	25
0	0
0	1
87	0
20	5
0	5
0	4
0	1
0	1
0	1
0	1
0	0
0	0
0	1
9	8
0	8
10	1
2	8
0	0
20	63
0	63
2	21
70	5
0	4
0	0
7	2
0	2
97	2
0	2
0	0
36	17
36	2
8	2
0	2
12	9
4	0
13	10
0	1
0	69
2	0
2	123
0	123
0	21
0	0
1	0
243	3
0	3
0	1
0	0
0	182
0	181
11	184
0	30
0	39
0	21
0	25
0	23
16	3
2	4
3	15
0	13
5	0
0	0
1	18
0	27
0	10
0	0
8	2
0	0
0	0
0	2
0	1
486	10
0	0
1	0
0	4
0	1
0	4
0	8
2	4
0	4
70	40
1	2
0	0
0	0
2	0
0	3
0	1
0	0
0	2
43	0
0	0
0	0
0	0
1	0
0	0
0	61
0	59
0	120
41	82
16	12
15	80
0	41
0	0
5	44
76	91
0	65
0	88
0	32
0	64
0	76
0	39
14	0
0	0
0	1
0	179
0	179
127	0
34	0
24	204
1	4
0	2
9	202
0	5
0	1
0	0
0	1
3	3
21	69
0	0
51	9
1	3
0	2
2	0
0	16
0	8
7	0
0	0
21	34
0	0
0	0
3	0
1	0
7	8
0	0
0	0
0	0
3	0
6	13
0	5
0	5
0	5
1	5
0	5
1	5
1	0
0	8
0	0
2	0
81	90
4	83
181	100
0	42
0	0
1	0
54	12
0	7
1	3
0	0
0	0
2	2
0	2
0	0
420	895
35	31
0	5
0	30
0	1
0	0
0	29
1	0
14	0
9	33
0	20
0	6
0	0
5	1
97	4
2	4
0	2
9	0
9	0
0	1
0	1
0	1
7	3
0	3
0	3
0	3
1	0
0	0
0	3
3	4
3	11
0	3
1	3
4	0
20	100
0	54
18	100
37	4
4	2
0	4
0	1
0	1
0	1
0	0
0	1
2	17
8	0
3	0
22	12
0	12
237	0
0	47
0	97
0	0
0	0
0	0
0	0
0	97
10	23
0	9
16	25
0	1
0	12
4	18
0	40
0	0
0	0
0	0
11	1
0	0
0	0
0	0
0	12
0	40
1	0
0	0
8	86
0	41
16	28
87	0
0	44
0	0
0	0
0	1
0	0
0	1
0	12
8	14
0	14
0	0
0	1
2	1
0	0
0	0
0	0
0	0
0	0
0	0
0	0
0	1
4	6
0	1
0	1
3	2
0	2
0	4
0	0
0	4
0	0
0	3
0	2
0	1
0	1
0	1
131	0
10	5
0	5
0	5
0	11
17	16
0	13
0	8
1	0
0	0
0	0
99	33
0	33
0	1
0	1
0	0
128	42
2	16
0	0
0	30
0	0
3	54
64	21
0	263
0	9
3	242
0	52
0	4
0	33
0	11
0	2
0	2
0	10
5	0
0	52
2	0
59	0
0	5
0	22
2	0
1	0
5	62
25	0
12	44
0	44
16	13
7	12
6	0
0	0
0	0
36	0
0	2
1	2
0	1
0	1
0	0
1	2
4	0
3	0
102	81
16	79
0	1
0	0
3	0
1	3
0	3
0	3
0	0
0	0
0	3
1	3
0	3
0	3
0	3
4	0
0	1
10	23
1	81
3	69
173	79
0	21
1	11
67	118
4	107
0	47
0	28
0	28
0	11
23	35
2	14
0	14
0	13
0	5
14	7
1	7
0	4
0	5
1	0
3	2
0	6
0	3
0	6
5	12
12	8
1	8
0	8
0	4
0	0
0	13
8	9
0	1
4	5
9	10
0	10
1	3
2	0
0	0
0	2
0	2
0	0
0	2
0	31
0	11
0	18
1	86
0	11
4	75
0	0
0	13
44	135
0	17
0	13
0	136
1	29
0	153
0	6
212	0
0	0
0	0
21	37
2	0
0	3
0	3
4	181
0	181
0	10
1	0
1691	177
0	118
481	103
0	94
0	81
0	90
0	81
0	84
19	72
0	37
0	37
6	30
0	8
0	8
0	4
42	0
6	3
0	3
0	1
0	0
0	0
0	1
0	1
0	1
5	0
0	0
3	0
1	0
0	0
0	0
0	0
0	0
16	59
0	49
0	48
0	22
63	20
0	21
0	21
0	1
0	59
0	44
0	41
0	40
15	14
0	12
0	0
0	2
0	2
0	2
1	1
24	0
0	2
3	0
0	1
0	0
0	1
0	1
0	1
0	1
0	1
0	2
2	0
0	0
0	0
13	28
1	28
0	5
0	2
0	2
2	7
0	7
1	4
0	4
0	4
0	4
6	0
60	38
3	13
0	27
6	27
0	27
0	0
0	0
0	27
0	178
0	178
0	178
98	2
0	18
31	11
0	2
15	6
1	80
0	80
0	6
0	0
2	0
0	0
4	5
0	9
0	0
0	1
0	5
0	0
0	3
2	3
7	1
0	1
0	0
73	26
10	26
0	1
0	0
0	8
0	11
0	1
0	0
0	11
0	1
9	0
0	1
0	1
391	822
32	660
0	5
0	2
14	41
0	17
0	11
44	0
0	0
0	0
3	0
77	135
9	132
1	1
2	0
83	38
2	1
153	36
1	0
10	230
12	25
0	25
0	9
2	0
0	10
0	0
0	9
68	165
51	20
1	0
0	3
2	1
11	6
0	6
0	2
0	2
0	2
1	5
1	4
11	1
11	0
0	0
467	0
0	0
2	0
24	0
1	0
5	0
0	0
0	0
0	6
59	23
1	2
0	1
0	0
153	57
0	44
0	0
0	13
0	13
0	62
0	49
0	24
6	1
201	18
0	17
7	5
5	2
137	2
0	0
0	1
2	0
11	0
6	56
1	58
3	5
0	5
0	10
0	12
0	10
0	2
3	0
0	9
0	0
2	0
3	9
5	0
0	6
0	0
0	0
0	0
6	0
513	209
18	0
57	11
27	2
31	8
0	9
14	1
1	7
0	0
5	0
0	6
0	30
38	154
0	24
0	130
0	131
0	6
0	3
0	1
1	1
0	25
13	0
0	12
3	12
0	3
1	3
14	75
2	75
19	55
7	56
239	26
10	1
3	8
0	2
0	1
0	1
9	0
0	0
0	0
0	0
0	102
0	102
1	105
0	105
0	105
0	24
156	22
13	37
0	37
0	102
125	14
31	8
14	20
35	17
3	2
12	11
0	0
14	5
0	3
0	0
0	2
1	0
0	0
0	0
0	0
0	0
0	0
51	529
0	529
5	505
0	2
0	5
0	11
0	4
0	0
153	0
0	0
1	0
0	0
0	0
42	50
23	33
46	10
0	2
6	2
0	0
0	0
10	13
4	11
0	0
0	1
0	1
2	9
0	0
0	2
6	7
0	1
0	5
0	22
0	0
77	252
1	238
0	74
0	3
0	93
0	92
0	9
0	32
2	4
0	13
0	12
0	34
1	12
0	3
0	5
0	0
0	0
0	64
0	11
0	0
39	10
5	27
0	1
0	1
0	0
0	0
0	0
1	0
0	34
1	34
0	0
49	1234
13	1220
2	1220
0	1227
0	1234
0	1234
0	1234
4	1211
188	1205
0	50
0	1
0	1
26	0
2	1
1	0
0	0
3	3
0	0
14	0
5	0
2	0
2	0
0	4
2	3
190	3
0	6
3	6
0	2
0	3
0	3
1	0
0	1
105	15
0	15
2	0
0	0
22	5
0	5
55	83
36	174
0	23
1	174
0	23
1	1
16	152
14	201
5	201
129	3
0	62
0	62
50	64
14	0
3	1
5	3
0	62
0	103
0	97
2	40
7	23
12	30
0	0
3	6
52	0
0	0
3	0
3	56
4	56
0	56
0	13
1	0
4	1
7	121
0	2
76	347
0	330
1	0
7	347
2	82
3	65
0	82
0	45
14	19
0	17
0	0
0	0
0	0
12	241
2	9
3	15
0	18
0	0
0	0
0	0
0	22
28	1
0	1
78	0
0	249
9	67
11	39
4	0
0	1
0	0
0	1
0	1
0	1
0	0
0	0
0	7
0	7
421	1
3	6
23	0
13	24
6	24
1	0
0	50
0	0
3	2
21	50
0	0
0	42
0	42
0	0
0	0
1	4
22	9
0	2
4	0
6	58
0	2
1	10
0	39
20	480
0	8
0	239
175	472
4	7
0	4
0	3
0	2
6	4
0	1
0	1
0	2
0	1
0	2
0	0
5	10
0	10
0	10
0	3
0	0
3	3
0	3
0	1
0	3
3	32
5	32
1	2
1	7
0	7
0	88
0	7
0	0
0	3
2	88
49	11
0	11
19	1
12	1
7	1
2	0
0	0
43	1
0	259
0	259
31	68
120	64
0	0
0	0
0	69
6	0
0	0
0	5
5	12
0	27
65	27
0	8
4	8
0	8
31	111
0	5
302	120
0	22
13	13
44	22
75	249
0	1
0	2
0	2
20	1
0	0
0	2
10	7
4	11
0	11
0	3
9	11
0	10
0	0
0	0
85	0
0	13
0	23
0	5
0	5
0	3
0	3
1	3
2	1
35	2
0	2
0	26
4	5
0	170
82	155
1	0
0	32
93	12
0	116
0	3
0	10
76	123
0	1
23	0
2	0
36	0
0	12
0	29
0	30
7	30
0	13
3	0
10	0
14	65
9	16
0	12
44	67
0	1
0	0
0	0
0	37
0	37
0	37
0	37
2	3
0	4
0	4
0	2
0	4
21	0
1	0
0	4
0	0
0	0
0	0
2	0
0	0
3	0
1	0
3	11
0	11
0	12
0	9
0	12
0	2
4	9
1	0
0	1
0	20
0	20
0	20
11	0
7	0
12	0
0	2
0	2
5	412
5	412
0	0
8	10
0	10
2	2
3	0
18	13
0	13
0	8
2	0
5	4
3	4
0	1
0	0
4	0
8	10
0	28
0	28
0	5
0	11
1	11
10	4
3	0
0	40
0	54
107	173
0	3
0	52
6	0
0	1
0	2
1	1
0	133
0	0
5	1
3	1
52	77
18	39
4	10
0	21
0	21
3	5
0	24
13	27
5	1
19	26
9	16
2	14
2	9
330	2
2	2
16	48
0	48
150	44
0	10
0	2
0	2
0	0
34	4
200	10
0	0
0	4
2	6
9	0
0	4
0	0
0	0
0	3
2	3
0	6
0	3
0	2
0	0
0	2
0	4
0	2
3	2
2	11
0	0
2	0
0	7
0	7
486	0
1	0
0	0
0	0
1	0
3	136
0	136
0	72
13	627
0	620
0	120
0	107
0	0
0	1
1	0
0	16
21	134
27	47
0	47
0	47
0	0
45	0
29	0
655	51
0	1
0	1
1	5
0	0
0	0
0	51
0	0
0	28
0	0
3	0
0	5
2	6
0	0
0	47
0	47
0	47
0	47
175	173
4	185
5	112
69	0
2	0
37	133
0	114
0	114
0	28
0	18
0	18
0	11
0	28
7	0
0	1
33	4
50	0
0	28
0	14
0	14
3	10
0	0
0	28
0	3
0	23
0	23
130	79
0	133
1	138
0	5
0	39
2	28
0	23
16	28
103	1
3	186
2	177
0	168
1	9
0	12
0	2
0	4
0	0
0	0
60	11
0	11
19	11
1	11
5	5
23	0
41	5
0	0
1	5
4	0
0	28
0	0
0	0
5	3
0	1
0	0
5	0
14	29
0	1
41	31
0	0
0	11
0	8
4	0
3	0
352	108
0	108
0	83
0	68
0	67
0	2
2	0
0	0
38	50
7	1
0	1
0	0
0	0
175	539
444	547
0	0
0	10
0	0
0	0
0	2
276	74
0	73
0	81
0	134
0	17
13	111
0	64
63	19
0	57
2	284
6	351
0	130
0	8
0	0
0	42
0	0
0	0
0	0
0	0
0	0
1	0
2	16
15	12
0	16
0	10
0	1
1	0
0	2
0	0
0	2
0	2
3	0
1	0
0	0
0	0
58	3
10	0
0	0
1	5
0	8
8	8
1	10
0	8
0	7
0	3
0	0
0	0
3	3
0	1
0	1
30	13
0	40
0	33
0	4
12	26
18	5
36	11
29	4
1	267
0	279
0	279
0	279
0	310
2	0
71	2
0	1
0	43
5	2
1	0
0	9
9	43
1	10
0	0
0	9
0	0
0	10
0	10
0	0
0	0
0	9
0	0
0	1
0	0
0	8
0	84
0	87
0	34
5	12
0	2
0	2
0	1
4	0
0	0
4	3
3	0
8	13
6	15
54	27
5	39
0	39
1	0
0	1
0	1
7	1
1	1
0	0
21	0
0	0
0	0
0	0
0	0
0	0
0	6
0	6
0	3
2	4
0	4
1	72
2	72
2	0
0	1
0	1
2	1
33	28
0	0
0	4
0	56
1	1
43	61
0	42
9	156
8	86
246	202
0	64
28	124
4	99
7	94
12	27
0	0
2	17
0	1
17	7
0	3
0	2
8	7
0	7
0	0
67	198
0	195
0	30
30	34
0	23
0	9
0	8
0	8
0	8
0	7
0	7
0	8
0	8
0	8
0	6
0	4
0	4
0	4
0	9
4	0
0	0
0	4
0	5
2	1
0	61
10	67
0	0
6	3
5	1
0	67
6	0
36	0
54	0
41	0
0	67
0	67
1	227
0	53
1	63
1	46
0	46
0	26
0	13
0	15
0	16
0	6
0	1
0	113
12	9
10	463
0	0
339	538
523	1
83	38
94	443
0	407
0	143
0	2
18	0
0	1
8	10
0	10
0	0
2	0
8	2
0	2
0	1
0	0
20	2
0	2
0	0
0	0
0	1
0	0
12	0
0	0
0	7
0	7
13	0
0	2
0	5
21	5
1	21
0	2
0	2
0	0
0	3
0	2
0	2
1	0
1	100
0	24
59	81
0	2
0	2
1	3
0	0
0	0
113	2
3	2
8	5
0	5
9	20
0	16
0	0
0	0
24	112
0	106
8	112
0	132
0	21
3	132
3	0
24	1
0	1
0	0
0	0
0	4
0	0
0	4
9	25
5	25
0	0
0	0
16	0
8	45
0	45
0	10
0	8
15	10
1	0
2	13
42	64
4	65
75	65
18	58
41	27
0	8
21	111
0	0
0	0
34	0
0	0
684	279
0	199
17	91
3	51
5	17
13	4
0	2
1	0
249	148
0	31
4	24
11	1
0	10
2	10
0	1
15	1
81	12
0	169
0	81
0	169
0	4
13	10
13	4
0	6
0	0
0	1
0	73
0	2
0	169
23	2
1	13
0	13
0	10
0	0
0	0
0	5
0	4
16	4
0	0
0	0
0	0
169	81
87	41
12	333
0	303
6	0
2305	206
7	222
1	56
6	68
0	60
0	19
1	19
0	0
0	0
17	8
8	9
0	0
0	0
5	0
6	0
0	0
0	0
0	0
6	0
0	0
33	211
0	13
0	207
68	49
0	20
37	216
0	25
0	14
0	0
1	98
10	0
0	96
218	31
8	23
5	3
0	27
101	59
25	31
0	37
97	0
0	0
3	0
31	29
0	29
0	0
0	0
0	64
6	28
0	101
0	105
15	6
42	79
0	7
9	41
1	6
0	29
0	20
1	35
13	24
1	24
3	5
0	12
0	2
0	0
0	0
0	2
12	33
0	5
0	4
0	5
0	2
0	0
0	0
3	0
0	0
0	3
0	23
0	30
0	1
0	2
23	3
0	10
4	10
13	10
3	0
35	0
176	0
0	0
0	121
0	5
0	0
0	0
0	4
0	17
0	0
0	0
0	0
0	0
0	0
5	115
3	0
0	0
0	11
8	23
2	22
20	8
4	1
0	1
0	36
0	36
0	0
0	1
2	0
31	11
0	11
0	0
0	0
0	0
0	174
6	54
0	54
0	3
0	6
2	1
2	7
68	0
0	10
1	10
3	3
0	0
0	0
0	6
0	0
11	0
0	0
0	0
1	0
1	2
0	3
3	1
1	14
0	24
0	11
0	11
0	54
0	15
0	59
2	51
0	3
2	56
31	97
1	90
3	0
0	66
17	2
0	1
224	319
0	147
0	7
10	14
0	19
0	20
0	18
13	17
0	1
17	4
0	1
0	1
0	0
1	0
0	0
1	62
3	3
3	3
0	1
0	1
43	0
156	172
0	173
1	1
0	1
2	0
0	200
9	211
0	0
0	0
0	0
0	1
0	11
6	7
0	7
2	0
17	0
0	4
49	15
0	20
5	22
11	9
0	0
0	11
0	0
0	0
1	0
13	0
16	15
0	13
3	4
258	481
0	471
16	17
0	20
0	12
0	8
11	3
0	3
2	0
0	0
0	0
0	2
0	2
71	12
0	0
0	12
0	0
6	3
0	316
152	133
0	58
0	17
85	36
0	322
0	3
0	2
12	73
10	6
0	6
440	54
0	51
0	3
0	0
260	1
7	0
0	1
69	0
0	53
0	56
0	6
0	4
15	92
5	1
5	4
2	98
39	98
4	0
3	0
53	40
0	0
0	151
0	142
11	63
1	67
15	20
11	1
0	1
0	1
0	0
0	0
0	0
0	0
12	18
9	11
3	1
0	9
18	15
53	170
16	175
3	152
1	57
0	12
24	5
2	14
2	0
0	0
0	1
81	5
61	8
0	5
18	0
0	0
0	8
14	47
0	18
0	34
39	22
0	9
1	35
0	20
0	16
31	29
2	3
0	3
0	3
34	0
0	57
0	246
0	81
0	0
0	18
1	207
4	43
0	0
38	43
0	18
17	8
21	90
0	6
9	3
0	0
0	1
796	0
0	11
3	12
0	1
0	0
0	1
139	45
33	36
46	9
0	31
0	35
2	38
0	55
0	27
0	131
1	19
0	0
0	13
0	18
0	0
4	0
0	55
0	55
0	3
1	14
1	19
0	0
0	0
2	11
13	11
11	10
3	19
4	0
10	18
0	16
3	4
0	2
1	4
0	4
0	4
3	1
0	1
0	4
0	0
0	2
19	202
0	75
0	180
0	5
0	0
0	11
0	11
0	11
0	10
0	5
35	4
0	4
0	4
1	0
49	5
0	4
1	5
54	52
0	52
0	26
0	9
1	7
0	9
67	0
19	50
0	47
143	109
0	25
0	13
0	38
0	34
14	77
49	2
20	1
22	1
0	37
6	36
485	57
52	5
0	0
0	0
0	0
0	0
62	24
0	15
0	5
0	2
0	7
0	8
0	21
0	0
0	12
0	1
0	8
0	1
0	0
3	8
0	6
0	1
0	2
0	21
7	99
0	0
15	11
0	10
0	11
0	0
4	0
6	4
0	5
2	27
0	27
2	24
0	24
0	20
0	20
0	2
0	0
0	0
0	0
0	0
0	0
1	0
235	0
2	0
102	0
214	0
0	3
226	51
12	51
167	0
91	6
0	8
0	8
0	8
7	8
39	12
28	12
4	0
0	2
0	3
0	0
0	1
106	19
33	75
0	75
7	0
69	27
115	0
2	59
1	89
0	2
1	5
7	0
11	45
0	108
0	108
21	23
3	11
12	9
3	7
14	4
13	1
0	24
4	0
4	0
0	24
0	1
0	3
0	0
0	0
0	3
0	0
0	0
3	0
0	15
0	15
0	15
0	11
0	11
0	12
0	12
1	11
0	4
44	4
0	1
0	1
0	1
17	26
0	56
0	30
4	31
108	20
0	9
0	9
0	6
0	1
0	4
0	4
0	1
0	7
642	179
0	179
0	39
0	39
148	0
22	52
9	46
0	33
0	0
63	13
0	1
0	21
0	115
0	109
8	86
0	3
0	3
46	297
8	297
3	261
3	140
0	131
22	0
1	17
1	31
0	5
0	17
490	169
0	87
19	89
9	14
1	14
0	3
0	1
47	7
93	7
0	1
2	0
1	0
1	8
0	74
0	8
10	74
0	0
0	24
1	0
0	7
0	7
0	0
0	2
0	71
0	11
3	11
0	39
37	71
0	6
0	4
0	4
0	11
0	35
0	1
0	14
0	4
0	10
0	39
0	1
0	22
0	9
3	0
1	1
0	2
4	26
8	121
0	135
0	28
0	28
0	27
4	3
0	3
69	22
53	29
0	21
1	0
7	5
0	5
0	1
0	1
5	0
4	0
0	0
0	0
0	0
0	0
0	0
0	0
1	0
2	18
0	18
8	1
0	0
2	0
0	22
79	59
64	59
2	48
22	41
7	22
4	9
0	9
5	0
14	18
95	15
5	16
44	3
81	1
0	0
0	0
0	0
0	0
0	1
0	166
0	166
0	151
0	0
0	0
0	0
0	0
0	0
425	40
0	13
0	25
8	0
0	17
1	24
0	1
1	1
3	2
13	0
1	0
0	14
4	14
0	20
2	20
1	0
24	17
0	3
0	0
1	0
7	57
0	44
0	26
0	24
0	36
0	3
11	7
0	5
2	0
0	0
0	0
0	37
0	8
2	8
0	49
0	56
1	4
92	6
1	0
0	0
0	35
4	56
0	40
0	40
19	21
0	52
0	10
0	2
0	43
0	21
5	9
0	2
0	12
0	18
1	0
0	0
0	10
0	0
0	0
0	10
0	10
10	21
0	2
115	2
51	6
44	20
143	25
77	25
392	31
0	3
1	0
106	3
0	3
90	373
15	373
52	0
3	0
0	0
0	0
0	0
0	0
0	86
0	89
4	6
0	8
1	13
77	5
14	5
0	1
0	1
142	22
131	22
5	3
0	4
58	5
0	5
0	2
0	9
0	8
0	0
1	7
0	0
0	6
41	0
34	315
19	148
4	75
70	28
0	28
0	12
0	0
2	40
8	14
0	14
0	4
0	0
17	0
0	26
70	98
27	4
7	0
5	72
0	16
0	16
1	1
0	16
0	108
7	35
0	26
0	26
0	26
0	0
0	0
0	4
0	3
0	3
0	3
0	5
3	126
1	126
1	0
3	315
5	314
1	314
0	272
0	274
50	128
0	2
0	4
0	1
0	2
3	0
1	0
95	74
0	92
0	92
329	87
1	0
0	87
1	0
48	2
204	0
22	12
297	0
22	138
55	140
0	149
0	149
0	149
0	107
0	3
26	82
0	59
0	80
0	5
0	5
0	0
6	0
6	0
34	6
44	72
2	72
0	0
174	311
0	384
0	175
15	126
0	125
0	6
0	1
0	1
5	4
0	20
1	20
0	4
0	2
0	0
1	1
8	1
1	0
4	0
16	60
0	59
14	0
39	9
0	4
83	0
5	4
0	4
15	9
13	0
0	5
6	0
0	0
0	0
0	0
4	38
0	2
74	38
0	18
0	0
3	18
0	0
14	5
55	0
0	1
0	1
32	2
6	2
0	2
0	2
3	2
1	5
0	13
0	13
0	0
0	0
1	1
0	1
0	1
0	1
0	1
0	1
0	1
0	0
2	0
0	0
0	2
0	2
7	38
0	0
16	38
0	2
26	13
28	23
15	0
4	0
0	0
1	0
0	6
0	10
0	0
7	8
0	3
1	4
0	0
37	0
0	9
0	2
1	31
0	10
20	217
0	259
0	259
27	216
0	0
0	0
0	0
0	9
0	0
2	42
2	75
3	14
0	11
0	8
0	4
0	4
9	2
0	2
0	0
69	0
0	0
0	16
4	16
0	40
5	40
13	18
0	35
6	9
22	0
0	0
67	38
6	29
0	35
0	27
0	29
13	125
8	52
13	19
1	19
0	9
1	3
0	3
0	0
2	0
1	0
0	0
23	73
55	0
0	7
1	7
59	0
9	57
1	42
6	4
5	13
6	20
7	2
0	0
0	0
0	0
79	8
2	27
0	27
0	27
0	0
0	0
0	27
0	0
1	0
0	0
0	0
0	0
21	7
0	6
0	5
0	0
0	0
0	0
0	0
0	0
0	0
1	0
0	0
0	0
0	0
0	0
3	0
0	0
0	0
5	94
2	47
35	130
8	127
1	130
0	127
0	120
23	119
0	118
26	118
0	7
3	3
47	685
0	0
1	0
0	0
0	109
0	17
0	25
23	375
75	440
0	72
22	4
0	12
0	55
0	0
48	16
23	51
1	51
14	0
1	4
0	5
2	3
44	46
1	43
0	0
2	0
0	0
26	73
32	0
0	2
1	61
59	205
0	0
0	58
63	48
0	32
114	66
0	38
206	68
172	68
2	13
0	13
15	15
0	4
0	12
0	1
0	0
0	0
0	0
0	4
1	8
0	0
0	5
0	0
1	0
34	3
0	3
0	3
0	2
0	6
0	5
0	4
2	152
8	159
0	7
1	0
0	0
1	2
0	3
0	9
0	13
0	0
0	13
0	2
65	201
1	201
26	13
11	2
19	175
1	0
0	0
11	0
0	53
0	91
0	91
0	1
1	1
0	0
0	8
14	1
5	4
16	9
0	3
2	31
0	5
0	19
0	8
0	8
0	25
0	0
0	17
0	17
1	0
0	0
0	1
0	5
1	0
0	19
0	0
0	14
0	14
0	1
29	2
0	13
0	0
5	0
1	5
0	1
1	1
6	17
0	9
0	0
6	0
0	0
0	0
0	0
0	0
0	86
5	86
2	35
0	1
0	0
0	7
0	0
0	0
0	14
2	18
2	17
0	7
6	0
7	5
0	7
0	6
0	4
0	0
0	0
0	0
0	60
0	92
0	57
0	2
0	33
1	46
0	41
0	57
0	57
0	45
0	5
2	0
0	44
14	1
0	1
0	44
0	11
68	13
0	4
0	3
0	0
0	0
1	11
0	0
11	9
0	5
17	5
0	0
0	0
0	5
0	2
4	15
0	16
0	16
76	306
0	221
0	5
0	304
0	1
0	305
0	278
5	306
0	277
19	271
10	298
0	71
24	71
4	24
0	7
40	27
5	0
0	10
265	0
0	0
45	2
0	0
0	0
17	1
24	0
0	0
5	0
5	1
0	0
5	1
1	43
2	44
0	4
0	0
0	0
0	0
0	0
3	2
0	0
0	1
1	5
0	1
0	0
395	0
0	18
0	3
0	7
18	16
5	0
0	0
12	23
1	23
0	15
0	8
0	7
0	1
2	1
0	2
0	0
2	0
162	0
94	47
11	6
21	4
1	0
0	0
7	0
0	0
0	0
0	0
0	0
2	2
18	2
7	0
131	183
0	183
2	0
0	9
0	47
1	8
0	8
0	1
0	1
0	1
0	8
0	1
6	4
14	104
0	78
20	93
243	15
1	13
0	10
0	0
47	13
21	14
0	10
32	1
0	1
1	1
0	1
10	7
3	7
0	0
0	7
2	83
2	83
0	35
0	0
2	2
21	63
0	57
0	10
7	2
0	0
0	0
0	0
3	0
0	8
10	144
0	73
0	4
6	0
0	138
96	1
5	51
0	54
0	53
0	53
0	4
332	2
5	2
5	0
2	30
0	25
0	29
0	0
15	7
0	0
0	6
12	6
1	0
30	40
1	40
0	12
0	12
0	1
0	1
152	32
0	26
11	13
0	54
36	67
0	18
0	13
0	176
0	176
18	1
0	6
124	108
0	7
0	7
3	114
0	7
0	7
0	9
9	1
1	11
2	0
0	20
1053	137
0	137
33	19
0	1
20	18
0	3
143	5
13	5
39	123
0	123
4	59
0	51
0	31
1	1
7	2
0	44
0	44
3	2
3	0
0	0
0	0
5	0
102	113
15	130
0	16
0	7
0	8
0	1
0	22
0	22
0	0
10	20
0	1
0	15
26	2
0	2
0	13
15	0
0	10
1	1
0	0
13	1
0	0
0	0
0	2
13	5
0	5
281	25
21	25
0	11
3	0
0	0
8	103
9	104
0	104
147	184
0	111
0	95
0	73
0	4
0	28
0	103
0	113
0	61
0	9
22	3
38	27
0	0
0	27
19	27
14	0
15	142
0	0
80	138
0	0
0	0
0	53
4	78
0	8
0	8
0	1
1	0
6	69
2	37
0	1
0	1
8	0
50	73
84	0
0	0
0	0
19	70
0	2
25	2
22	1
0	0
0	0
0	1
1	0
59	9
5	54
0	0
1	0
77	17
64	55
0	0
0	0
2	0
3	9
0	9
40	22
0	10
0	5
0	3
1	4
9	2
0	14
2	14
0	4
0	4
45	14
0	3
0	2
2	0
0	0
0	0
0	0
1	1
0	1
15	73
15	73
0	1
0	1
16	142
0	63
11	140
0	5
0	90
109	131
16	55
1	62
13	59
0	51
2	9
9	35
0	0
2	0
0	2
0	2
4	0
1	5
0	5
11	2
0	5
0	0
0	5
0	1
0	7
20	6
0	6
0	6
0	0
8	0
12	19
0	17
0	6
12	0
1	5
0	9
0	0
0	172
4	173
0	41
58	21
8	2
0	2
0	1
0	1
0	1
1	0
5	2
0	1
0	0
1	0
0	2
97	85
4	72
0	34
8	12
16	8
6	20
0	7
1	0
1	20
0	3
0	0
134	17
46	2
8	2
0	2
0	2
0	0
0	0
8	2
3	10
0	1
1	7
0	3
11	1
0	22
0	23
0	12
6	23
145	11
0	19
0	26
0	6
0	5
1	0
4	13
0	0
0	17
0	17
6	0
6	9
16	9
2	0
20	17
0	9
0	17
5	4
0	2
0	0
62	19
0	0
5	0
0	3
0	20
10	21
0	5
0	16
0	6
0	4
0	0
2	17
1	0
3	3
5	12
0	16
2	10
14	11
48	70
15	89
0	28
3	11
44	102
7	102
0	3
3	61
95	47
7	38
0	37
5	33
8	4
0	4
0	4
1	0
0	0
11	0
0	0
0	0
0	19
24	19
61	93
0	93
0	15
0	0
38	89
0	85
0	13
187	107
0	107
0	2
0	19
1	0
0	7
0	7
0	0
0	0
0	0
443	169
1	27
0	11
0	8
0	8
1	10
0	9
0	7
0	1
0	1
0	0
0	0
0	23
0	23
0	2
0	3
0	0
43	0
0	0
39	17
83	17
60	1
35	1
3	37
918	136
0	9
0	8
0	3
0	110
4	1
2	118
14	12
0	1
2	20
0	19
2	1
0	0
0	1
0	0
0	2
3	3
0	4
2	3
0	6
0	3
0	2
2	2
0	0
1	1
0	1
0	0
0	1
0	1
3	0
4	0
0	6
3	21
0	44
241	45
65	14
42	31
0	31
0	18
0	14
0	24
0	2
3	44
82	70
0	41
2	0
8	0
171	11
0	9
4	1
0	68
2	30
4	30
0	11
0	0
5	7
0	5
59	33
0	7
0	3
0	0
0	3
4	0
0	14
0	0
5	4
3	4
102	143
0	2
0	134
1	0
2	56
14	8
0	1
2	140
6	54
0	50
0	53
4	19
15	42
1	32
0	32
0	22
0	16
0	12
1	1
0	1
0	34
0	34
0	34
0	1
28	0
4	4
7	16
0	19
0	4
0	1
0	2
0	2
58	84
4	1
0	1
2	84
0	2
0	1
1	0
423	0
0	0
0	18
0	18
0	7
0	7
0	6
0	0
2	6
0	0
10	7
20	7
0	7
16	25
0	6
0	21
0	0
0	1
42	0
131	68
60	0
0	1
0	1
65	22
21	0
3	7
0	6
0	0
0	7
0	0
0	0
0	6
2	1
0	1
0	28
0	28
0	28
0	3
3	3
0	0
0	0
0	3
0	0
0	8
0	8
0	2
0	10
0	8
0	8
0	18
0	18
0	0
0	1
1	0
21	86
0	86
0	28
8	0
3	3
0	0
21	0
0	1
0	0
0	5
0	0
0	5
0	5
4	0
0	5
8	1
5	0
25	21
0	6
389	127
0	127
3	10
2	2
0	0
0	2
1	0
0	177
22	1
0	0
46	0
0	6
0	6
0	6
0	6
0	6
1	0
212	0
38	0
0	42
5	17
0	20
6	40
0	0
9	34
6	0
18	11
2	9
0	0
22	33
28	31
84	24
0	8
2	134
0	134
3	16
11	18
0	15
2	9
0	48
2	48
0	5
0	23
10	91
3	21
17	1
0	1
0	0
30	0
0	2
34	5
0	2
0	1
0	1
0	0
0	0
0	0
0	0
0	0
0	0
0	0
0	1
0	1
0	1
1	5
1	6
4	5
0	6
0	6
0	2
5	1
1	0
0	0
0	0
0	1
0	1
0	0
0	0
0	44
5	29
11	15
15	31
0	7
0	1
0	3
20	7
1	31
0	0
0	32
0	0
0	32
1	0
0	32
0	0
3	6
5	10
8	48
0	34
0	31
0	35
0	30
3	0
3	0
0	19
3	35
2	18
123	18
0	15
0	0
0	14
1	29
0	0
0	0
0	0
0	3
0	0
51	0
0	0
2	20
2	20
31	0
14	0
0	0
0	1
0	0
0	1
122	26
0	26
1	0
0	0
0	0
5	0
40	14
1	0
0	0
0	2
0	2
1	3
0	1
198	261
4	3
4	246
0	199
22	5
11	65
2	60
0	60
0	4
0	4
40	0
1	0
42	26
0	0
0	25
0	1
5	0
27	37
6	20
0	0
0	0
0	1
0	0
0	19
0	22
16	7
4	16
5	1
0	35
0	32
0	52
11	51
15	42
0	34
0	8
0	29
0	12
16	4
0	1
3	87
0	7
0	7
149	19
1	1
0	0
0	20
1	0
0	8
0	2
0	1
0	10
0	3
0	7
0	8
2	1
0	0
0	0
0	57
0	72
291	0
0	0
12	30
0	30
1	7
0	0
3	0
0	93
0	44
0	20
58	85
422	381
208	381
0	0
0	12
0	9
0	8
0	0
0	0
0	5
1	0
3	0
0	0
3	5
0	5
17	3
3	2
13	9
0	9
0	10
0	10
0	7
0	7
80	70
0	6
2	0
5	0
0	2
0	2
19	52
0	0
0	39
4	49
16	4
0	8
0	1
7	6
0	0
18	37
0	28
9	79
0	20
0	29
0	43
0	0
0	28
70	53
0	33
4	0
0	28
0	16
37	15
42	16
0	0
0	0
1	240
0	7
24	14
0	1
1	0
0	0
0	0
0	0
0	48
0	0
0	243
0	56
1	1
48	4
0	3
0	10
0	10
0	7
0	1
1	0
22	0
62	18
25	14
3	14
0	0
8	3
0	3
0	3
0	33
15	33
11	38
9	38
6	28
0	185
0	11
0	97
39	215
0	230
0	0
35	0
0	0
1	0
0	0
0	0
9	0
3	0
13	0
164	5
0	0
0	5
102	122
0	63
0	122
0	0
0	1
3	0
0	37
0	67
575	464
40	470
417	3
2	8
0	8
0	8
0	0
75	25
0	13
0	3
184	25
0	15
53	364
0	364
5	84
0	39
0	7
0	47
0	5
0	49
3	38
0	5
16	0
0	6
3	33
2	0
0	15
2	51
0	0
0	0
5	18
0	20
48	40
31	51
0	2
47	16
0	4
0	4
0	0
3	50
49	90
0	84
0	47
0	55
18	49
0	8
0	1
0	8
2	0
14	8
2	1
0	1
0	0
1	0
16	11
7	8
0	0
0	0
17	1
0	1
1	3
0	4
5	5
0	110
2	0
0	3
46	106
62	0
69	21
0	11
7	11
7	4
0	0
0	2
0	4
8	42
0	115
114	18
55	10
0	8
0	8
0	134
0	0
0	4
0	0
31	38
0	36
0	38
0	29
0	19
0	17
0	12
0	14
0	4
2	0
3	2
4	2
0	1
1	0
1	1
2	0
20	0
31	0
0	0
55	10
0	5
0	8
0	2
0	3
1	0
0	0
0	1
546	544
54	135
0	115
0	525
1	24
0	24
3	10
0	0
0	0
0	0
0	3
1	0
345	9
2	5
256	22
8	3
0	3
0	3
0	3
20	189
1	178
0	66
1	0
3	0
0	0
9	0
0	0
0	0
9	21
0	19
10	8
0	3
27	8
0	3
2	2
18	0
91	2
0	0
17	8
4	63
0	35
0	59
23	0
0	0
0	3
0	3
0	1
17	1
0	111
0	111
2	0
0	68
31	502
0	487
0	487
0	4
6	351
41	405
94	0
0	0
506	271
0	271
0	26
0	0
0	9
54	6
0	6
0	3
69	73
29	2
2	2
0	28
0	1
0	1
0	0
0	3
0	3
153	6
0	28
28	4
10	3
1	3
4	1
0	1
0	1
0	0
2	0
24	21
1	21
28	10
2	11
0	1
0	0
7	16
0	15
7	16
0	7
0	8
83	39
0	39
0	11
0	6
0	1
5	18
0	3
0	0
4	4
0	1
0	80
0	80
0	9
57	31
2	29
0	18
10	10
0	0
0	0
2	0
9	11
0	1
0	1
0	124
0	1
0	8
0	0
8	30
29	123
0	0
0	1
2	29
35	31
0	34
0	23
1	0
1741	8
0	8
0	2
0	2
0	1
331	45
1	43
2	55
0	55
0	0
0	13
0	0
4	0
0	14
0	5
0	1
28	0
48	68
0	16
8	70
0	51
31	51
0	2
0	5
0	5
0	6
3	5
1	6
0	5
2	0
6	2
0	22
5	13
6	33
0	5
24	12
0	8
0	12
56	8
0	4
2	0
0	28
0	28
34	14
0	0
0	0
1	0
66	0
1	0
0	0
0	0
0	0
0	0
0	0
0	0
0	0
46	2
1	0
0	1
14	1
0	2
0	2
23	84
138	80
0	88
0	1
0	9
0	9
0	9
0	9
0	0
0	9
0	0
0	0
0	0
0	0
0	9
1	1
13	45
4	41
0	209
0	195
5	0
1	0
0	0
0	0
0	0
0	0
0	0
0	0
2	0
0	0
0	0
1	0
4	86
0	86
1	0
0	2
2	1
17	0
0	0
0	149
10	149
63	143
1	59
174	0
0	17
0	17
0	0
0	0
5	7
0	6
0	4
11	0
98	7
0	1
1	6
106	0
0	0
5	38
0	0
0	0
0	0
0	64
0	12
2	26
123	25
0	25
0	13
0	25
0	13
0	13
0	25
0	25
2	1
27	24
0	23
0	0
0	7
11	32
0	30
0	20
186	0
6	20
0	20
0	20
48	21
0	20
0	21
3	20
0	0
4	80
0	80
2	0
0	0
3	15
0	112
0	1
0	92
6	113
1	2
0	0
0	0
0	112
3	51
0	106
3	0
0	5
4	5
1	0
4	0
4	0
7	24
0	0
1	7
5	50
0	0
0	0
0	106
7	2
0	1
0	2
23	41
0	0
0	0
0	0
1	0
17	40
24	16
0	2
26	14
0	13
2	7
0	9
0	4
0	9
0	0
0	37
0	37
2	25
0	11
2	0
9	14
0	14
0	1
0	1
3	1
2	1
0	42
0	24
0	11
0	5
3	11
0	6
0	4
1	0
0	0
0	0
0	0
1	1
0	6
0	20
0	28
5	22
0	0
0	0
21	59
0	29
22	8
22	8
0	1
0	4
0	4
4	2
0	3
0	3
0	2
44	2
5	2
2	2
14	0
0	0
6	0
5	6
0	6
8	2
0	3
9	2
1	5
4	1
0	1
0	2
0	4
0	15
6	1
16	15
0	2
0	10
0	4
46	32
15	27
0	20
0	16
0	3
1	3
0	0
5	0
0	0
0	3
0	0
0	11
10	165
6	165
1	1
2	0
0	0
0	0
1	0
0	0
112	51
0	47
0	35
0	19
515	0
0	1
0	1
0	0
0	0
192	8
220	8
0	8
0	0
4	10
0	10
1	10
34	188
0	186
1	130
0	73
3	0
0	9
0	14
0	71
0	1
0	6
1	0
0	0
0	2
1	3
0	0
0	0
0	0
0	0
24	60
0	3
0	0
0	29
0	29
2	2
0	0
0	16
19	28
0	27
3	0
0	24
0	48
0	46
21	16
0	24
0	23
0	9
0	0
0	0
0	10
0	0
6	0
0	0
0	63
5	68
23	1
6	1
281	8
0	8
0	20
0	20
0	19
12	19
3	34
0	34
7	0
4	7
1	3
1	3
0	2
0	0
0	0
0	6
0	11
0	11
0	1
0	1
1	1
2	0
0	7
0	7
0	1
0	0
17	20
4	18
0	20
26	7
0	43
23	67
0	1
12	3
0	3
0	0
0	0
0	11
2	11
0	2
0	0
0	2
0	2
109	466
0	126
0	367
0	1
7	2
0	1
3	1
35	6
1	0
0	1
0	2
0	0
0	1
2	0
0	1
0	1
13	3
0	1
0	0
0	0
2	0
0	0
1721	34
0	28
0	0
11	0
0	2
4	4
51	26
0	28
5	0
0	0
0	0
51	23
0	1
15	1
0	1
0	0
0	0
0	0
11	21
0	21
4	22
0	0
0	0
0	0
0	0
0	0
0	0
0	0
0	0
0	0
0	0
0	0
0	0
0	0
0	0
114	143
26	121
8	9
0	4
0	6
1	5
92	3
1	1
98	5
0	5
7	0
0	0
1	0
0	0
4	59
0	59
30	10
0	0
1	1
4	2
1	80
3	47
0	8
13	4
0	13
6	13
0	1
0	1
3	8
0	2
11	3
1	8
1	0
0	0
6	144
0	144
0	23
3	12
2	3
0	49
0	16
0	0
0	0
1	0
7	9
0	0
23	45
0	4
0	20
0	7
0	36
449	35
0	0
0	1
0	0
0	0
35	14
0	17
0	1
1	1
2	0
190	0
0	358
0	21
5	11
18	7
12	19
5	0
0	4
9	1
19	10
16	358
46	15
0	15
19	3
0	3
39	0
2	0
0	0
2	21
0	2
1	2
34	62
9	60
0	31
30	0
0	2
0	5
4	4
10	4
0	4
0	4
0	0
24	0
15	0
77	21
7	21
57	52
3	11
1	1
35	10
2	0
0	0
0	0
0	9
0	9
5	9
25	13
0	13
0	9
0	9
0	6
561	162
3	94
0	7
0	4
189	4
0	1
471	13
26	91
45	38
8	18
0	9
16	31
2	0
0	1
0	57
0	11
0	52
0	52
0	5
0	0
30	24
1	20
136	24
0	21
0	14
0	0
0	0
0	0
0	20
3	0
56	13
16	6
4	9
5	8
19	0
12	0
29	0
1	19
0	18
0	3
0	2
0	2
0	2
0	2
0	1
0	73
11	73
0	0
11	0
0	0
0	0
0	0
9	0
1	0
6	0
205	2
0	2
0	10
0	9
0	9
0	10
0	2
31	33
25	67
146	2
0	17
16	7
9	8
0	12
0	6
0	52
10	75
25	131
24	431
46	431
79	178
0	164
0	147
214	145
0	142
0	2
11	46
12	18
0	16
0	17
0	5
18	1
165	2
12	1
0	1
5	2
0	0
2	0
39	0
1	0
353	3
48	390
13	48
4	48
0	7
0	39
486	11
49	11
0	0
17	21
0	4
0	21
3	1
0	0
0	0
8	11
0	16
0	16
0	16
0	16
0	16
0	16
0	16
13	1
2	0
0	0
0	0
0	0
0	0
0	32
0	32
82	3
186	51
0	0
0	1
3	1
1	3
0	17
0	0
0	16
0	19
0	9
0	7
121	5
0	0
0	0
3	0
0	0
122	24
0	1
0	1
0	1
0	1
0	1
0	1
0	1
0	1
0	2
0	2
0	2
0	1
0	0
3	0
3	0
1	2
4	5
0	0
0	5
0	0
0	0
37	27
26	27
33	21
2	3
0	3
0	1
0	0
0	2
0	4
31	55
0	3
0	4
0	5
0	8
0	7
0	0
0	0
0	0
0	29
0	0
0	1
19	38
40	4
0	0
0	35
12	3
0	0
10	0
1	0
42	239
45	56
0	91
0	51
516	99
0	99
3	14
1	3
0	13
9	6
67	49
0	8
302	4
0	243
0	140
0	32
0	33
0	39
0	39
9	1
0	1
0	140
0	6
24	6
0	6
23	6
0	6
0	103
0	103
0	7
4	1
0	103
0	103
0	103
6	4
8	3
0	1
30	39
0	35
0	10
14	4
0	14
0	2
0	10
0	10
0	1
0	0
0	8
0	5
1	5
0	5
0	3
9	3
0	3
108	172
0	172
0	176
0	53
0	57
0	19
0	0
0	0
1	8
0	3
32	3
0	2
1	1
0	10
0	0
4	16
6	0
0	0
0	6
1	3
5	35
5	6
0	0
5	0
0	1
93	37
0	37
0	0
0	0
0	0
0	0
0	0
0	6
1	6
0	0
13	0
12	4
0	12
0	4
0	4
0	69
0	69
4	161
0	161
0	203
2	9
0	9
2	0
0	0
0	4
0	4
0	0
0	1
0	0
6	0
0	0
0	0
0	4
0	0
0	0
35	0
0	69
10	0
0	0
0	0
4	0
0	7
23	0
0	0
0	0
0	69
0	17
2	5
53	48
9	42
0	23
0	16
0	23
0	0
0	0
158	37
0	0
21	0
18	0
8	52
0	5
176	132
0	132
7	0
0	98
4	10
182	32
0	4
31	4
0	0
50	0
3	12
0	0
0	6
0	29
5	5
0	1
0	0
0	18
0	0
0	4
5	0
0	0
0	0
0	0
0	0
0	0
0	0
0	1
0	19
0	29
106	18
0	29
0	23
0	19
0	24
0	0
2	1
0	1
9	22
0	22
0	22
5	20
6	19
0	13
0	0
0	6
1	6
0	6
18	6
0	0
0	10
7	0
0	0
3	12
0	12
26	0
0	20
2	20
0	6
0	9
6	10
0	9
18	6
0	9
0	9
0	9
1	0
0	0
0	0
0	0
0	0
0	0
0	0
0	0
0	0
0	0
0	0
0	0
0	0
94	6
0	6
3	0
1	0
73	0
172	170
0	2
17	169
150	33
0	66
24	66
13	65
4	60
29	33
0	0
0	0
8	33
0	2
204	3
0	3
0	3
0	3
0	2
0	0
0	1
0	1
0	0
0	0
0	0
0	0
0	0
5	0
0	1
2	0
0	0
0	1
0	1
0	0
6	0
0	1
0	26
0	36
0	23
1	28
0	18
0	18
0	2
10	26
0	7
0	5
0	0
0	5
0	5
0	0
57	8
0	8
0	0
0	0
0	0
2	0
0	5
0	7
4	11
0	11
7	0
0	0
0	0
0	0
1	0
0	0
0	1
0	1
2	9
3	3
29	38
0	36
55	34
0	6
0	5
0	6
0	0
25	40
0	39
0	2
0	2
5	2
16	2
0	1
0	16
0	33
0	42
3	4
14	27
0	0
0	8
0	8
13	253
0	252
39	0
1	26
0	52
23	40
0	39
0	1
0	1
0	0
16	18
0	17
0	17
8	6
3	1
0	9
5	4
0	0
0	1
0	6
68	11
2	13
53	6
0	6
1	6
0	2
0	0
0	0
15	0
1	7
2	0
79	20
8	8
0	0
1	0
0	12
0	0
8	0
6	0
0	0
0	4
0	0
0	4
0	0
3	20
0	1
1	19
15	4
1	1
43	10
0	15
10	8
2	29
0	29
10	29
13	20
3	8
0	2
0	0
0	12
0	0
0	12
5	0
2	1
2	0
4	15
0	5
0	0
0	0
29	71
2	0
0	32
0	71
0	6
0	6
0	2
6	2
0	2
0	0
203	1
1	1
0	2
1	1
1	96
42	16
12	17
0	20
0	7
0	12
76	26
396	22
39	22
425	8
0	8
0	1
0	1
0	0
0	1
0	0
142	122
0	117
0	84
0	71
5	3
0	26
1	71
0	16
0	6
0	4
67	64
0	27
5	10
3	10
222	0
339	99
27	10
0	0
1	0
0	0
0	0
1	94
0	4
107	65
0	6
1	3
0	0
0	5
0	0
8	8
12	4
0	54
13	4
35	4
0	1
11	23
5	26
44	21
3	4
0	0
11	0
73	47
29	47
8	47
2	0
29	0
171	0
2	4
70	1
4	12
0	5
0	5
0	11
0	7
0	7
0	13
0	2
1	0
1	0
0	13
0	15
29	68
19	16
0	0
0	0
0	0
0	7
2	2
55	0
2	6
63	1
14	3
0	0
0	5
6	0
0	18
0	22
2	4
22	91
4	83
0	43
9	24
8	24
56	12
0	0
1	0
15	1
14	0
18	0
3	0
1	0
0	11
0	11
0	10
0	0
0	0
0	0
7	144
1	0
96	144
0	3
0	3
0	1
0	3
0	291
0	237
0	28
0	0
0	1
0	3
58	0
0	0
0	0
5	266
0	3
0	240
26	28
0	30
5	4
0	25
4	4
0	0
0	9
0	3
4	3
2	0
29	0
0	217
0	254
14	254
0	354
0	165
3	8
0	0
0	92
0	92
8	41
0	0
4	0
144	0
1	2
19	0
179	354
0	5
11	5
59	44
0	1
0	0
0	1
0	5
7	21
0	48
0	9
2	143
0	154
11	73
0	67
0	0
7	0
0	0
0	48
0	1
0	15
0	0
317	15
0	0
9	2
0	0
10	2
38	0
5	1
0	1
0	0
0	0
0	0
0	0
0	0
0	0
0	0
0	0
0	0
2	110
36	109
0	91
0	16
0	0
0	0
0	0
0	0
0	0
0	0
0	57
0	47
271	65
0	65
0	8
131	49
0	14
0	36
0	0
17	32
17	46
15	30
0	2
0	0
0	0
0	0
0	0
0	0
0	0
0	0
0	0
30	91
1	2
3	9
0	43
0	0
0	97
0	0
0	1
4	0
0	0
183	43
0	33
3	33
0	33
0	12
0	28
12	3
0	22
2	8
7	28
0	1
30	1
0	0
1	0
0	0
0	0
11	32
0	5
0	5
0	32
0	0
1	0
0	0
4	0
38	27
0	0
0	0
1	2
28	5
2	0
0	0
0	0
0	4
0	3
0	1
0	1
0	1
0	0
0	22
0	8
0	16
14	15
0	10
8	12
0	4
0	4
8	0
0	0
1	0
0	2
0	1
6	12
1	39
0	39
0	11
133	16
0	5
0	63
0	63
0	62
0	63
0	62
0	63
1	62
2	7
0	0
0	0
0	0
0	0
4	26
0	0
0	53
3	58
0	52
17	0
0	0
0	0
0	0
0	0
3	0
2	2
0	2
0	11
0	2
0	0
0	0
0	0
0	0
0	0
1	1
2	1
7	0
0	60
5	60
0	0
3	15
0	9
3	2
0	0
7	16
1	4
1	16
0	0
0	3
82	0
32	0
5	22
0	0
13	19
6	22
1	0
0	0
1	0
0	141
9	179
0	68
8	0
1	1
100	16
0	2
0	2
21	3
137	52
0	11
0	35
0	0
10	0
0	18
1	3
5	1
0	0
28	15
0	3
2	0
1	49
0	18
33	13
0	8
279	42
12	42
0	12
0	12
0	5
0	8
7	5
0	14
0	15
0	35
0	0
1	1
0	2
17	53
0	53
0	50
0	50
0	40
14	43
0	41
0	35
0	2
110	0
0	0
2	5
2	5
0	7
0	7
0	5
0	3
0	0
0	0
0	0
8	0
0	3
0	3
0	5
0	28
0	23
2	19
0	0
78	10
12	92
43	49
0	50
8	4
24	9
0	6
5	2
0	10
0	9
0	9
0	9
0	9
5	0
1	0
0	0
7	2
9	2
12	0
0	4
0	4
0	0
0	0
0	0
28	21
0	21
6	0
155	68
0	12
0	0
0	0
0	25
0	0
8	1
0	1
0	1
0	1
0	1
6	99
0	0
8	17
0	17
0	0
0	99
0	0
0	0
0	0
5	0
0	0
1	0
0	2
0	1
5	63
0	63
0	51
0	60
0	49
0	49
0	5
0	4
0	36
10	29
0	17
0	38
0	9
10	28
0	3
7	14
2	23
0	2
0	0
0	0
0	0
2	0
0	63
0	41
42	41
0	41
10	41
0	0
0	0
0	0
1	0
7	0
2	32
0	6
7	38
12	0
0	1
4	1
9	32
0	0
0	38
0	6
0	32
0	6
109	0
164	24
0	23
0	13
0	0
0	7
8	33
0	33
0	0
0	7
0	5
0	0
0	7
3	38
0	41
1	11
0	16
0	1
1	0
0	2
0	1
0	1
0	1
0	12
0	12
0	12
0	9
1	12
0	42
0	0
0	45
0	39
0	99
0	0
0	30
45	39
0	0
0	83
0	24
0	0
0	0
0	3
0	39
0	26
0	21
0	22
0	50
0	18
0	25
63	14
0	44
6	13
0	14
48	13
1	11
84	0
0	5
0	12
0	50
150	0
4	1
0	0
0	0
2	0
0	0
0	0
0	2
0	5
1	1
2	0
0	0
0	3
0	0
0	3
0	0
0	0
0	0
1	3
0	3
0	0
3	0
0	1
0	4
7	8
0	0
0	1
1	0
3	0
10	0
22	3
2	3
7	1
7	1
0	1
37	13
0	2
0	2
1	0
5	0
0	11
0	10
0	5
0	5
0	10
0	5
0	3
0	3
0	3
0	10
0	0
1	3
22	1
0	1
23	4
0	1
0	0
0	1
0	0
0	0
0	1
0	1
0	1
3	0
2	4
0	4
0	3
0	3
3	3
0	1
0	1
6	1
0	0
0	0
0	0
17	0
0	0
0	0
0	0
23	0
25	48
0	27
0	31
0	0
0	79
91	23
2	0
0	20
12	7
5	7
0	6
0	0
0	4
26	36
0	7
10	9
0	0
0	34
1	278
0	235
51	43
0	33
0	13
0	13
0	1
0	0
0	1
0	1
0	1
0	0
0	0
0	0
0	0
0	0
0	0
0	0
0	1
0	1
1	12
17	12
0	1
2	1
0	0
0	1
0	0
55	4
42	4
0	0
15	64
2	2
0	2
0	2
0	0
0	0
1	0
0	0
6	62
0	54
35	0
46	21
0	8
5	23
94	23
0	7
1	0
0	0
0	7
0	0
0	0
0	0
2	0
17	2
69	1
0	1
2	0
0	1
1	0
221	155
0	32
54	103
0	6
0	143
23	5
8	19
22	5
1	5
0	24
8	8
0	8
0	4
0	0
0	0
7	5
29	5
9	5
2	3
0	0
12	4
4	5
5	5
0	1
0	5
0	1
0	0
0	1
0	1
0	49
20	49
1	0
0	0
258	15
53	1
9	39
0	0
3	21
1	10
4	39
28	36
0	237
7	237
30	237
15	7
0	7
0	6
0	5
0	6
2	27
0	1
0	6
0	5
0	6
0	5
16	7
0	2
0	5
32	22
0	18
2	14
748	170
4	167
7	0
3	3
6	10
7	1
0	3
2	3
9	16
0	15
1	1
0	0
262	166
0	5
0	5
0	24
0	0
0	0
15	29
0	7
0	33
0	33
12	33
0	0
1	0
0	51
0	51
0	3
436	22
0	13
29	0
99	166
0	9
17	1
80	0
2	10
26	12
0	5
0	10
0	10
0	10
0	7
0	0
0	0
10	1
0	1
0	1
0	1
0	1
0	0
15	2
3	2
1	9
1	8
0	12
1	1
9	2
4	0
0	1
0	0
0	4
0	14
0	0
0	29
0	29
11	107
29	107
0	495
0	48
0	21
0	23
0	6
29	521
0	8
0	1
0	1
6	2
0	6
3	0
5	12
3	2
3	8
0	3
0	6
0	1
4	0
0	0
0	0
0	11
0	1
0	0
2	0
0	6
0	63
0	63
0	8
0	1
4	0
0	1
6	0
0	3
0	12
0	11
0	10
0	33
0	0
0	3
471	2
1	0
0	33
0	3
2	15
3	0
0	0
0	0
11	1
0	1
9	0
0	0
0	36
15	36
0	1
0	1
19	17
0	17
0	14
0	14
74	68
0	13
0	11
0	11
0	11
0	5
0	9
5	54
4	1
15	117
0	26
0	92
0	93
0	80
0	1
1	3
0	2
0	1
0	1
3	34
0	28
44	21
0	0
0	2
1	0
7	1
2	1
43	15
6	0
119	37
0	0
637	87
5	82
5	82
0	24
61	3
79	0
0	0
87	71
0	50
1	4
143	40
56	4
0	4
31	18
0	0
0	3
0	17
0	11
19	6
0	6
0	5
14	3
0	5
404	5
125	0
207	15
0	114
671	144
0	144
0	31
1	37
0	23
13	85
0	1
0	0
0	0
0	0
0	4
0	21
0	37
4	2
0	1
0	4
0	11
0	2
0	3
176	7
0	5
0	2
0	9
4	9
1591	1
5	1
19	0
0	34
13	34
0	34
25	34
0	1
0	0
7	0
0	4
0	4
8	73
0	32
0	62
0	70
0	76
11	39
1	57
0	37
2	5
0	14
0	7
0	31
8	30
0	9
0	5
2	27
18	39
0	0
0	0
0	0
0	1
0	0
2	0
2	0
1	0
7	0
1	0
14	4
1	4
6	0
0	0
0	0
0	0
0	0
0	0
0	0
0	0
0	0
0	0
0	0
0	0
0	0
0	0
0	0
13	0
0	0
0	0
0	0
0	0
37	0
275	36
0	4
0	0
0	14
19	0
4	81
0	81
13	2
0	0
7	0
0	0
0	15
8	46
0	0
0	0
114	0
0	5
0	16
0	12
7	0
54	364
1	364
297	142
4	142
21	0
0	0
0	0
0	0
0	0
0	5
0	2
0	2
0	2
0	0
0	5
0	11
181	0
0	10
1	0
0	1
0	1
0	4
0	4
0	4
1	4
0	1
0	0
1	0
1	4
0	0
4	2
1	1
21	52
0	8
0	52
0	13
0	6
0	6
0	6
2	5
2	0
0	5
0	12
1	6
200	8
1	1
0	2
0	2
0	5
0	2
0	2
0	213
2	4
31	40
0	29
0	14
0	15
0	8
0	5
0	24
2	13
0	2
3	3
1	13
16	13
0	0
0	0
0	0
0	0
0	0
4	0
0	0
0	0
0	13
6	21
0	22
0	41
0	0
0	41
2	12
19	25
0	24
61	1
41	0
214	16
51	96
0	0
0	0
0	0
0	2
0	0
0	2
0	110
0	517
0	530
1	23
0	8
0	1
0	1
9	2
0	1
3	36
3	22
0	5
0	5
0	5
0	5
0	5
0	18
0	0
0	0
0	0
0	36
19	10
0	10
3	0
0	4
2	4
0	45
0	44
0	45
25	32
0	2
0	0
0	37
7	37
0	0
1	8
3	8
0	10
2	10
0	0
0	0
0	2
0	0
0	59
0	67
0	40
34	24
0	10
0	5
0	0
0	0
0	0
0	7
45	0
11	0
0	0
0	1
4	1
3	1
0	1
0	4
0	4
0	4
21	10
4	0
0	0
0	39
2	15
0	9
0	15
75	10
0	0
29	12
0	12
0	12
0	2
0	0
0	2
0	0
4	13
12	17
0	6
0	16
0	1
0	0
10	8
362	219
0	0
0	0
1	0
4	0
395	1
37	0
2	1
0	0
0	0
4	0
1	0
0	1
1	0
0	38
72	48
6	74
71	38
133	27
0	1
2	1
2	1
35	1
1	0
12	22
0	20
0	14
0	0
40	3
26	22
10	22
0	10
9	1
0	1
1	1
0	0
1	1
0	0
0	0
3	1
0	2
0	2
0	0
0	0
1	0
0	1
0	1
0	9
0	9
0	3
0	3
7	9
2	9
4	0
106	11
0	0
20	0
3	17
2	11
0	0
0	0
33	5
54	94
42	91
1	57
0	0
3	0
0	0
26	8
0	8
0	7
0	9
0	1
11	3
0	2
15	0
7	0
2	0
16	1
2	1
0	0
0	2
0	2
43	57
0	86
23	88
14	41
0	2
0	1
29	53
11	0
0	81
1	13
0	3
0	29
0	3
5	81
210	58
0	58
158	71
0	11
0	1
0	60
0	44
0	5
84	43
0	35
0	49
20	47
0	5
0	7
8	4
16	73
0	1
0	3
29	2
0	0
0	0
0	0
6	9
0	25
1	14
0	8
1	16
0	0
1	10
0	11
0	23
0	2
0	0
1	2
11	0
0	0
0	0
0	0
0	0
2	0
0	0
0	0
8	10
26	12
0	4
0	70
0	70
2	0
3	4
0	0
10	0
70	20
6	12
2	8
0	1
0	1
0	0
59	0
54	3
11	3
3	10
37	10
32	11
0	0
0	0
0	0
0	0
0	1
67	1
0	1
0	1
0	1
0	0
27	6
0	0
7	0
0	17
132	15
10	16
0	0
56	72
1	0
11	0
0	0
0	0
1	0
4	72
0	2
299	51
0	33
0	2
4	6
0	6
1	1
0	1
0	1
0	0
0	0
1	2
1	0
0	0
0	0
0	0
0	1
37	42
0	42
31	21
0	22
15	26
0	16
0	26
0	4
17	5
0	0
0	0
0	0
699	0
5	5
2	5
0	0
0	0
0	0
0	533
0	543
10	0
0	0
100	67
0	48
0	10
0	0
1	0
0	2
0	1
4	5
0	10
44	4
0	0
4	4
17	0
0	6
2	6
221	2
1	0
20	0
7	17
58	22
0	17
0	0
0	0
0	0
0	4
0	0
0	4
0	5
0	4
0	1
0	0
0	0
2	0
0	5
0	4
42	3
15	3
1	0
110	18
0	17
0	12
0	11
18	11
1	2
0	16
0	16
0	0
25	3
0	0
2	3
0	3
0	3
0	0
38	0
2	0
2	12
1	12
6	10
0	10
0	10
0	12
1	0
123	0
0	0
1	0
0	0
1	0
56	0
2	0
0	0
0	0
49	15
47	7
0	8
0	0
0	0
0	0
0	3
4	0
47	9
2	9
0	7
0	7
0	8
235	8
189	10
121	22
4	21
12	24
0	11
127	14
6	12
0	7
0	0
0	0
0	0
11	6
0	0
0	0
10	10
0	10
103	25
0	2
0	2
11	27
6	0
0	23
0	43
0	43
0	1
0	0
0	15
0	0
0	20
0	0
0	1
0	0
0	1
0	1
0	0
1	0
0	0
5	7
0	7
0	0
0	0
6	11
0	13
4	7
0	0
0	5
0	5
129	239
0	236
1	60
22	139
0	139
9	30
49	0
0	256
31	256
0	14
0	14
0	2
0	9
27	48
11	35
0	13
3	9
0	9
8	48
0	8
0	7
0	0
0	22
4	6
0	1
0	27
0	19
0	19
0	10
0	9
0	25
0	0
0	7
0	0
1	0
0	1
0	19
0	21
1	21
0	9
0	9
4	2
0	2
0	2
0	0
13	66
3	66
3	0
0	22
0	12
31	101
0	99
35	14
0	0
0	0
0	0
2	0
0	0
0	0
0	0
0	0
0	0
0	0
0	0
0	0
0	0
17	27
4	27
0	25
0	25
2	10
34	0
0	1
1	0
1	0
0	0
0	0
0	0
0	0
0	0
0	0
7	34
0	0
14	0
0	2
0	2
0	13
0	2
12	27
240	5
0	5
0	2
0	0
0	0
10	40
0	40
0	0
2	0
0	0
0	0
0	0
0	0
0	0
17	0
0	0
0	0
14	73
0	4
5	4
0	65
6	0
0	12
19	10
2	9
27	84
0	87
0	51
0	33
0	1
7	4
0	0
0	4
0	17
7	4
0	6
0	2
0	0
0	10
19	10
83	4
0	9
3	6
0	6
0	1
9	5
1	1
4	1
0	4
1	0
0	0
3	26
18	0
0	152
0	152
0	3
0	40
0	15
42	16
0	24
0	35
71	42
0	0
0	31
9	8
0	8
373	84
0	84
20	0
0	6
5	32
0	32
0	27
0	32
0	17
103	43
0	43
0	23
0	13
0	19
0	0
0	17
0	0
0	0
0	0
0	0
0	0
11	23
3	8
0	7
0	0
0	14
5	34
16	2
132	106
0	100
115	192
0	17
1	118
0	2
0	136
2	136
0	5
9	0
33	20
83	20
0	8
2	0
0	0
0	0
1	4
0	3
5	311
0	307
26	43
7	234
0	3
0	4
0	4
0	5
6	1
0	4
2	0
8	21
0	17
7	17
4	24
0	7
0	0
0	1
0	2
0	2
6	38
0	38
0	19
0	0
0	0
99	203
0	2
0	201
3	0
112	162
0	150
0	150
0	235
21	235
0	114
210	230
57	236
0	0
17	3
4	2
0	2
0	3
0	9
4	41
0	2
0	2
1	0
0	20
0	2
0	2
16	159
0	41
0	0
2	159
0	7
0	2
0	7
0	58
0	7
0	7
0	2
0	7
0	2
0	58
0	58
0	58
0	58
0	58
0	21
0	25
0	24
3	1
1	1
2	52
11	85
58	72
4	42
0	26
2	26
29	2
15	21
113	13
0	27
0	27
0	0
7	25
3	27
0	26
0	26
0	89
2	3
3	2
0	0
0	3
2	3
0	1
0	1
0	1
0	4
0	89
0	90
0	2
0	1
0	0
3	1
0	14
1	0
0	2
0	8
0	9
2	7
0	5
4	2
0	0
0	7
0	11
1	0
0	0
21	143
0	143
3	1
2	1
0	0
0	0
0	0
0	7
0	7
5	7
0	0
0	0
1	0
0	0
4	0
0	0
0	0
0	0
0	0
0	0
0	0
0	0
2	0
93	0
9	26
0	17
0	10
0	18
3	0
0	10
0	0
0	53
0	53
0	4
0	4
0	4
0	3
2	4
0	95
0	95
120	16
0	8
15	36
0	6
32	11
0	6
0	7
0	5
0	0
0	0
3	0
275	34
0	9
0	33
0	2
175	23
49	23
0	23
3	52
0	53
0	53
0	2
0	0
0	50
4	1
0	1
24	26
0	26
0	24
0	30
0	20
0	19
0	17
0	27
2	27
0	12
0	13
1	7
1	0
1	2
0	0
0	0
136	121
3	94
0	61
56	115
0	83
0	37
164	54
0	46
1	4
1	73
3	73
28	12
1	2
0	12
0	2
0	1
0	0
5	0
0	0
100	10
98	0
1	48
70	4
0	4
0	4
2	47
0	46
2	0
5	18
0	17
0	17
4	17
2	17
0	17
0	17
0	16
0	12
0	0
0	2
0	0
0	0
0	0
0	0
0	0
0	17
0	15
0	12
0	3
0	3
0	1
2	0
1	1
0	0
0	8
0	80
0	95
0	3
0	2
4	1
25	8
13	1
0	36
0	1
93	88
6	65
21	41
2	1
10	1
0	37
18	97
0	97
0	71
0	71
0	37
0	0
0	18
0	41
0	25
2	41
1	26
0	20
0	26
0	11
0	0
10	16
1	10
0	10
0	14
0	8
0	1
0	6
90	24
0	24
0	0
0	0
0	0
11	1
0	1
0	1
2	1
0	13
6	2
0	1
5	1
9	0
14	8
30	3
0	8
12	6
9	6
40	4
0	0
0	0
7	4
3	0
0	59
0	601
0	601
0	59
6	21
8	21
0	20
2	0
0	21
0	20
0	21
96	1
0	1
0	342
0	344
0	11
60	11
10	87
0	75
151	64
798	98
0	77
0	23
0	2
0	2
0	0
8	13
0	15
1	10
0	5
0	0
0	3
0	12
1	12
1	1
0	0
2	0
0	38
0	25
0	38
0	23
1	1
0	17
55	0
29	14
0	6
1	6
0	0
2	1
0	1
0	7
1	4
0	0
1	0
3	0
0	2
0	2
0	0
121	0
0	14
0	0
0	0
0	0
0	0
0	0
0	6
16	6
12	3
8	3
211	0
0	3
0	0
0	79
0	79
0	0
4	0
7	0
0	0
0	0
8	0
0	0
5	32
5	32
0	32
12	27
10	27
24	81
0	1
0	0
3	0
0	94
0	96
2	4
0	3
2	1
0	10
0	10
0	10
0	10
0	10
0	10
0	6
43	1
27	12
0	16
0	19
1	0
0	19
0	0
3	27
19	5
8	11
0	32
0	109
0	142
0	74
0	33
1	0
0	0
0	0
0	0
0	0
0	0
0	0
0	0
0	8
14	8
0	35
4	11
2	11
0	0
0	0
6	0
0	0
0	0
2	347
14	347
0	7
0	21
0	32
7	32
26	1
0	1
24	0
0	0
33	29
51	1
40	1
0	2
0	1
2	6
0	6
0	6
0	2
3	2
0	6
4	0
0	3
0	3
2	7
0	6
0	4
0	1
0	0
0	1
0	0
5	7
37	0
0	1
0	1
0	1
0	1
0	1
0	0
0	0
0	0
0	0
0	0
0	0
0	0
1	0
0	1
4	51
0	8
41	26
37	51
0	0
3	8
0	2
0	2
0	7
6	0
24	8
48	10
28	14
0	8
0	0
0	7
0	6
0	10
0	5
2	5
0	3
0	2
0	1
1	12
0	2
9	0
0	12
0	2
0	2
0	0
0	1
0	1
1	0
0	0
2	27
0	25
0	22
0	2
0	1
2	62
0	1
0	61
9	2
0	62
0	2
8	3
0	3
0	1
0	3
1	1
3	0
11	30
0	19
0	23
0	25
0	21
0	3
0	0
0	0
0	9
5	10
0	10
4	70
61	30
0	145
0	186
10	130
0	40
0	15
0	30
0	15
2	42
0	38
0	0
0	0
122	34
4	34
2	34
36	22
0	8
0	1
0	2
1	0
0	22
0	0
0	0
0	8
2	6
0	3
0	3
0	6
0	59
0	53
0	53
0	59
0	53
0	1
307	0
21	0
0	0
0	0
65	0
0	2
0	2
0	1
52	0
0	0
3	34
3	34
2	17
0	17
2	20
94	38
9	26
0	25
0	11
0	43
0	16
0	51
86	3
0	3
0	6
0	7
0	6
0	6
0	7
0	0
0	0
2	0
0	1
0	1
0	1
49	0
0	0
1	0
0	52
9	206
153	199
2	151
0	144
64	151
10	121
6	23
0	7
2	0
0	6
0	0
2	6
0	6
1	10
0	22
0	23
0	10
22	35
0	29
0	32
0	15
0	4
0	1
0	1
2	5
0	1
8	17
0	17
0	0
19	11
0	1
0	1
8	88
0	8
5	79
0	56
0	61
3	50
0	30
1	18
0	18
1	18
24	0
0	1
2	0
2	1
6	0
0	12
0	10
0	11
0	11
0	6
8	1
0	5
5	4
29	6
450	13
264	13
0	1
0	15
0	15
0	149
0	160
740	285
4	149
1	24
0	0
0	212
0	212
0	22
0	22
0	2
1	8
0	8
0	10
1	0
0	0
0	3
0	2
0	0
6	0
0	10
0	4
0	4
1	0
0	0
0	4
98	0
2572	0
0	11
0	11
6	11
0	11
0	8
0	14
0	17
2	26
0	22
0	7
265	342
28	342
92	23
4	23
72	29
8	16
1	15
0	5
0	0
0	0
7	2
12	2
0	21
10	21
1	29
161	22
0	18
0	2
0	18
216	0
0	0
0	0
5	5
1	8
4	0
3	1
0	1
0	0
7	0
66	0
3	8
0	8
2	3
0	6
0	8
0	5
2	8
0	8
0	4
2	4
4	4
0	8
0	6
0	6
0	6
0	2
0	2
31	8
2	8
3	0
165	5
32	5
0	0
33	0
0	10
0	10
7	13
0	3
0	3
0	0
2	3
0	6
1	13
0	2
29	3
4	49
7	36
0	0
12	0
6	0
0	0
4	13
1	11
0	1
0	2
0	1
0	12
0	2
0	1
125	17
0	8
0	9
37	10
0	4
0	4
1	0
0	0
0	6
0	6
0	5
4	10
226	150
0	33
0	43
0	10
43	150
6	31
22	0
0	13
0	11
0	11
0	24
0	13
60	12
0	6
0	485
15	493
0	75
1	76
15	2
0	2
14	0
0	38
0	37
0	39
0	40
0	38
0	1
13	1
0	25
12	25
0	25
0	8
0	2
0	2
3	2
0	0
0	0
0	0
0	0
8	0
21	302
3	24
7	24
0	278
0	3
2	3
0	2
0	0
1	0
2	0
0	0
5	13
134	5
9	1
27	1
0	1
0	0
27	3
0	3
8	2
1	0
1	2
0	0
1	0
0	7
0	7
11	7
9	4
11	7
5	0
0	3
10	0
1	0
0	0
0	0
0	0
0	0
0	0
0	6
0	5
0	36
0	9
0	0
0	5
0	8
54	36
0	0
35	6
0	5
1	5
0	1
0	1
3	0
4	21
17	5
0	111
0	10
0	28
248	104
0	0
1	2
0	2
28	23
54	11
0	0
0	0
15	0
0	4
0	4
2	4
0	0
0	0
10	11
0	46
0	11
1	47
0	0
0	0
0	0
0	0
0	6
0	29
17	11
0	11
8	140
0	1
0	0
0	139
0	0
5	88
44	138
2	0
5	118
2	13
0	18
22	13
0	9
3	9
0	3
0	7
4	0
0	4
0	18
0	18
0	4
1	5
0	22
0	34
0	34
0	33
0	15
0	1
1	10
0	13
31	36
17	10
0	4
0	0
0	0
0	3
11	203
0	3
20	0
3	0
0	0
0	0
0	0
0	0
1	2
0	4
0	10
21	10
0	1
0	0
0	4
1	0
0	1
0	4
0	4
11	1
509	174
0	179
11	36
0	11
0	1
0	1
0	5
0	6
0	1
0	1
7	4
4	200
0	43
0	10
4	3
0	141
0	175
3	48
0	0
0	53
0	0
0	53
64	14
30	44
0	53
0	45
5	5
0	35
0	200
0	1
0	11
0	11
0	1
0	0
4	1
0	32
0	15
21	37
41	54
4	52
9	52
0	54
0	19
7	0
96	3
7	2
1	5
0	3
0	5
0	5
0	5
0	4
0	3
7	1
0	2
0	2
0	2
6	4
0	5
0	22
0	0
0	19
0	17
0	14
2	0
0	0
88	0
5	76
59	14
0	57
35	200
0	157
0	47
0	0
1	0
0	1
2	23
10	40
0	8
9	0
5	3
125	5
18	2
14	0
8	0
23	0
61	30
0	73
0	58
211	26
0	211
0	211
0	39
517	12
0	12
0	7
0	3
0	1
168	1
0	1
9	1
0	0
0	0
0	0
0	0
0	0
0	0
0	0
0	0
0	0
1	0
0	0
0	12
6	12
0	2
0	7
0	30
0	3
0	6
10	33
0	0
0	0
0	0
216	27
0	45
0	9
0	4
0	4
0	4
4	0
0	4
2	4
0	0
0	53
0	4
89	49
0	23
107	76
0	80
214	79
0	59
0	113
0	117
0	105
0	106
2	0
0	2
0	3
0	3
0	1
0	4
0	5
0	4
3	3
3	1
1	5
0	9
0	7
5	3
5	0
14	89
19	92
0	4
0	94
431	2
0	2
36	142
13	142
0	31
15	65
0	11
0	9
11	2
8	2
0	2
0	2
0	36
0	6
0	0
89	22
111	4
0	57
0	58
0	202
0	0
1	1
0	0
0	1
0	2
0	52
0	65
26	0
11	58
20	1
1	41
0	19
7	0
60	12
0	15
0	4
34	28
0	28
0	22
2	22
1	0
9	13
0	10
23	10
95	98
0	63
7	51
15	51
0	10
0	10
0	4
39	9
0	4
20	5
1	5
0	1
0	0
203	409
0	409
0	0
108	3
30	16
0	0
0	1
2	1
1	2
355	50
13	30
16	30
0	2
0	0
16	21
0	0
116	0
3	2
0	2
23	5
38	3
159	19
1	13
46	15
8	14
0	7
0	7
0	14
0	14
4	14
0	2
3	9
13	0
0	0
0	12
0	13
0	1
0	9
0	7
0	7
0	5
0	0
3	2
0	0
0	9
0	0
0	0
0	1
0	0
0	9
0	1
0	20
0	19
0	19
0	6
0	7
36	0
0	0
7	13
2	0
0	0
0	0
0	8
0	0
0	0
0	0
0	0
0	0
0	0
1	0
0	0
0	0
95	0
0	0
0	302
269	308
20	6
5	0
0	94
34	111
0	59
122	16
3	12
0	6
0	4
0	2
0	3
371	94
0	59
4	100
1	95
3	97
0	0
0	2
0	161
0	65
7	167
0	106
0	70
0	109
0	140
0	5
0	0
0	19
0	1
0	0
0	36
0	161
0	314
0	318
0	279
5	7
84	7
0	4
0	4
2	4
25	94
0	8
0	19
0	25
0	96
82	12
0	23
0	0
0	4
0	3
0	1
0	2
8	2
0	1
0	1
0	1
0	0
0	1
0	1
0	0
0	1
0	1
0	0
0	1
0	4
7	31
0	27
0	27
7	14
0	4
0	6
0	31
126	16
36	7
0	2
0	2
7	0
1	0
10	15
2	31
9	10
0	4
0	2
1	2
0	2
0	0
0	0
0	4
0	0
0	25
0	0
0	0
0	0
8	26
0	12
15	13
6	26
0	3
0	0
0	4
0	0
11	208
12	207
190	169
0	153
5	8
0	12
2	12
9	0
0	0
0	0
7	0
0	0
1	0
0	0
0	1
0	1
8	20
0	19
0	19
0	0
1	0
0	0
0	0
42	21
1	21
13	90
0	14
0	91
235	270
10	181
0	53
0	12
0	45
0	0
0	5
0	0
0	2
5	4
5	4
0	43
303	43
30	22
190	22
1	27
0	8
8	28
518	27
0	22
0	22
0	25
0	16
0	8
0	14
0	13
27	0
0	36
0	36
3	3
0	4
185	199
0	3
0	1
35	4
0	5
0	5
0	5
1	0
10	1
13	0
0	1
6	2
0	2
0	0
0	0
1	31
0	40
0	45
0	42
0	45
0	45
0	76
0	77
3	24
1	24
0	16
102	80
0	16
0	0
4	2
0	0
0	0
1	4
51	8
0	7
0	8
0	1
0	0
0	36
0	10
79	10
0	0
5	5
17	18
0	1
337	252
3	140
22	1
1	251
0	0
5	0
3	13
608	0
66	291
0	13
0	275
0	285
0	204
14	2
36	2
0	5
8	0
0	20
0	20
2	58
3	20
0	16
0	15
0	16
0	12
1	0
0	20
0	0
3	0
35	0
0	51
0	0
0	51
1	29
9	29
0	0
0	2
0	2
0	0
0	2
1	17
306	0
5	8
11	12
0	0
19	3
73	7
6	1
0	2
0	10
1	2
4	1
0	1
0	10
0	10
0	10
0	9
0	11
0	9
0	11
0	6
2	2
0	22
0	22
3	1
5	36
0	36
0	1
0	5
0	0
0	1
0	1
0	18
206	11
0	11
0	3
0	8
0	3
0	8
0	1
0	0
0	0
35	0
0	0
0	0
0	0
0	3
0	3
0	0
0	2
0	2
0	5
0	7
0	77
0	0
0	0
0	1
2	0
0	5
0	1
0	57
14	56
0	1
0	0
0	0
2	0
16	7
0	4
0	4
5	0
23	0
1	0
22	1
3	1
0	9
0	9
250	5
0	2
0	3
0	0
8	11
2	44
0	33
0	5
0	6
0	6
0	2
18	30
0	0
1	0
0	0
0	0
0	30
0	3
249	17
0	6
1	1
0	6
0	3
0	3
6	0
1	0
8	0
0	3
0	61
65	33
0	26
0	22
8	29
0	62
97	0
16	2
0	1
17	0
0	2
0	4
1	5
31	57
0	51
0	19
0	19
0	17
0	0
0	2
0	0
0	0
0	0
0	0
0	0
0	0
1	0
292	0
0	6
2	9
0	9
0	6
0	0
0	41
0	0
0	41
114	30
7	29
1	0
0	40
53	2
0	0
0	0
0	2
0	0
34	0
0	7
0	7
7	0
0	0
0	0
0	0
0	0
0	0
22	75
0	60
0	0
0	5
0	0
16	75
6	69
43	63
1	4
0	4
136	46
16	1
15	1
30	212
0	179
19	179
94	100
0	116
0	16
1	0
0	0
0	0
0	17
16	230
0	1
5	12
0	18
2	3
0	3
1	234
1	5
2	0
0	0
0	3
0	3
34	25
0	6
3	66
0	67
0	44
170	46
10	43
70	9
168	3
0	28
0	66
68	5
0	3
0	4
7	4
10	28
2	14
0	5
3	1
0	1
1	14
172	23
0	3
19	0
0	20
152	46
0	46
0	26
0	2
25	0
4	2
0	0
0	2
7	328
0	81
0	54
0	57
7	81
0	78
0	5
576	61
4	4
0	5
0	53
2	0
0	53
0	151
0	0
311	88
4	63
0	1
0	0
0	1
0	1
0	1
0	318
50	318
66	369
0	0
14	21
0	21
3	99
0	99
1	85
0	25
0	26
0	26
16	36
0	10
0	0
5	0
0	0
0	1
15	252
0	252
0	16
0	13
0	49
0	7
1	110
4	13
0	105
0	0
0	11
0	61
0	24
0	1
8	2
0	2
2	0
1	0
0	0
0	5
0	2
0	0
3	2
0	0
0	1
18	3
0	5
39	9
0	2
0	1
0	8
0	6
6	1
0	0
0	7
3	9
0	9
2	1
0	1
0	0
19	55
0	30
0	1
0	2
0	17
0	37
0	48
0	48
17	65
0	69
0	28
1	28
0	32
0	17
3	0
0	0
0	3
0	1
1	0
0	1
18	8
0	0
0	5
0	8
127	21
4	1
0	0
1	1
0	1
12	0
0	0
0	15
1	18
76	42
3	41
0	35
0	31
155	25
0	0
1	0
0	0
5	2
0	0
9	2
16	2
0	2
3	0
0	2
17	2
0	2
1	2
31	18
0	0
6	18
0	9
44	34
5	34
13	16
0	0
0	7
8	34
28	102
1728	494
0	46
9	117
38	66
20	62
477	66
0	0
8	11
0	16
5	100
0	18
11	0
3	5
72	24
0	18
3	29
0	28
0	0
0	0
0	0
0	28
0	0
48	49
24	49
0	49
7	40
9	33
192	52
0	38
0	52
16	24
0	3
2	2
7	2
3	1
5	0
1	165
32	158
0	69
0	4
2	2
7	0
10	57
0	4
0	15
0	17
0	17
0	0
4	0
0	0
0	11
0	10
2	1
0	0
0	0
0	0
0	48
20	114
0	88
19	84
0	58
4	14
0	2
0	114
0	72
0	3
0	3
0	3
0	17
0	17
0	17
0	0
1	0
0	28
0	28
3	8
0	8
1	28
0	28
1	0
0	9
0	4
0	6
0	6
0	5
1	7
0	637
0	659
10	732
0	637
1327	726
0	629
0	667
0	514
0	655
0	587
0	736
0	596
30	422
1469	394
0	27
0	44
6	51
2	112
0	22
176	68
11	0
25	0
424	56
0	50
0	29
10	50
0	44
3	6
0	2
0	2
0	0
10	0
15	32
0	34
0	3
0	12
0	14
0	2
8	5
0	2
15	19
45	47
0	28
0	14
0	39
4	13
0	1
1	13
0	0
0	1
1	2
0	0
16	0
1	0
0	0
0	0
2	0
0	5
4	1
1	0
0	0
0	59
2	0
0	59
0	1
0	59
8	44
39	156
8	151
0	38
3	148
1	3
19	0
0	2
6	3
0	0
0	2
0	0
0	121
5	121
46	123
2	5
0	0
0	5
6	0
0	45
4	45
0	42
56	207
10	12
0	1
2	4
14	3
0	1
11	205
0	11
0	11
0	0
0	1
0	1
16	0
0	0
17	0
0	0
0	23
1	0
0	6
0	6
2	2
34	23
0	17
68	1
2	6
0	9
2	0
0	6
76	11
0	3
2	2
9	0
16	1
3	1
15	6
0	20
0	20
0	20
0	20
0	20
0	20
0	20
0	20
0	19
0	19
0	18
0	18
0	19
0	20
78	42
1	20
0	20
0	19
0	2
0	6
0	6
0	1
0	0
5	0
0	0
0	34
0	13
2	40
0	2
0	35
18	2
11	14
0	35
2	21
2	0
0	1
0	0
0	1
0	0
0	12
0	32
8	26
26	0
55	31
0	29
0	31
0	32
0	111
4	20
0	85
0	1
2	0
0	8
0	111
0	0
163	19
6	19
9	2
0	4
0	4
0	0
0	0
0	4
0	0
7	5
0	0
0	4
3	19
0	3
0	18
0	24
6	24
0	47
0	47
0	15
54	0
22	45
374	21
2	0
0	5
0	11
19	0
0	25
0	25
0	2
0	2
0	0
48	12
2	0
0	0
0	124
0	4
0	4
0	113
0	102
0	33
14	26
0	23
3	0
0	124
9	17
25	17
0	0
0	7
0	0
6	0
5	18
0	24
3	1
0	8
71	26
6	8
8	23
555	0
0	3
0	3
0	1
0	3
0	3
0	2
0	0
3	11
7	1
0	2
0	0
0	0
0	2
0	5
0	4
12	0
0	0
0	1
0	5
0	65
0	74
0	4
24	0
8	15
0	15
0	9
0	0
12	0
0	9
1	9
3	0
66	0
0	0
0	0
0	0
0	0
0	0
0	0
0	0
0	0
0	5
0	3
1	0
1	0
0	0
0	0
0	0
2	5
0	5
0	5
0	5
0	0
117	0
0	0
0	0
0	0
2	1
0	5
0	9
0	4
2	0
0	0
3	0
1	0
0	0
0	8
1	0
0	7
0	9
0	2
0	2
0	1
5	1
0	1
0	8
0	8
0	9
0	9
0	19
0	11
3	17
0	0
0	2
0	0
0	0
0	59
0	35
0	34
0	0
0	24
0	17
22	0
4	20
0	20
0	4
1	1
0	13
76	52
0	30
0	6
0	29
0	30
74	0
22	18
0	16
0	16
0	17
0	15
48	14
0	14
0	14
1	0
20	2
14	0
1	21
0	21
18	34
0	0
0	0
13	11
4	2
204	1
0	1
0	0
27	0
0	0
0	0
7	1
0	0
16	1
135	3
5	6
0	6
1	3
1	0
0	0
383	0
0	27
14	25
5	14
12	2
5	0
0	0
1	2
0	0
0	2
0	2
0	2
0	2
0	2
0	237
0	237
2	172
0	200
3	0
0	0
0	0
1	0
0	0
5	0
0	0
0	0
0	0
0	3
0	2
0	2
2	0
51	13
0	7
0	25
0	26
0	0
0	24
0	0
2	3
0	26
4	57
2	57
0	2
0	0
0	0
0	0
0	2
1	2
0	5
3	0
0	5
0	0
0	0
0	2
0	22
1	10
19	5
0	5
0	6
0	6
0	6
0	1
0	0
0	0
0	0
2	0
0	0
1	0
0	0
0	22
2	34
0	13
9	15
0	4
0	15
0	6
8	12
0	4
0	19
0	9
0	4
0	11
0	10
0	4
0	4
3	6
4	4
7	4
0	4
0	0
0	0
0	0
0	34
0	6
0	6
0	13
0	14
0	12
0	20
19	32
0	12
0	3
3	3
0	1
0	0
0	1
0	1
0	1
0	2
1	0
8	0
22	2
0	2
7	0
1	9
5	9
0	0
7	3
0	3
1	115
0	9
0	115
0	3
0	0
8	0
0	0
0	22
1	0
0	0
0	0
4	0
2	11
24	75
0	88
0	78
0	75
0	25
8	32
3	0
0	0
0	18
0	17
0	18
49	156
21	24
0	12
0	156
0	1
532	1
0	1
57	26
0	1
3	25
8	22
0	12
0	12
0	0
0	23
1	5
3	13
0	2
0	2
0	23
30	35
0	34
4	10
7	58
25	58
4	92
249	27
0	9
2	0
0	1
36	64
173	18
5	18
24	56
0	56
0	4
0	4
0	72
1	72
68	15
0	9
0	0
0	53
53	1110
0	15
66	14
1	14
0	4
0	2
0	1
0	0
0	75
0	119
12	119
0	40
0	11
15	32
0	0
0	16
0	2
0	27
0	0
1	20
0	3
0	255
0	92
0	81
2	459
3	0
4	459
16	14
5	3
0	17
0	0
5	0
0	0
1	2
0	0
2	0
49	0
6	0
10	7
0	4
9	6
0	3
7	2
9	0
0	1
0	4
0	1
1	2
0	0
4	0
50	76
8	76
0	2
0	4
0	0
0	4
16	11
0	2
0	16
0	2
0	2
0	2
0	2
0	1
0	0
36	19
0	6
137	21
0	12
1	0
1	0
26	2
1	2
0	9
0	9
0	23
0	8
0	14
0	7
0	6
0	5
0	23
0	17
129	135
2	134
44	103
0	2
0	6
1	6
0	1
0	1
0	0
19	14
0	1
3	19
0	0
0	19
20	19
11	18
2	18
0	2
0	7
0	0
0	0
0	1
0	2
0	9
5	9
1	35
0	1
0	34
56	32
0	4
0	33
4	1
28	19
1	3
0	10
29	15
0	7
0	8
0	8
1	8
0	8
0	0
0	0
0	0
0	15
6	15
0	7
1	1
0	1
0	2
5	40
104	40
0	23
0	8
8	3
0	2
9	249
4	4
2	1
0	14
26	245
1	22
0	22
92	3
0	12
4	1
3	1
6	4
1	4
11	0
0	4
12	4
0	0
1	0
1	0
0	0
2	0
0	10
1	13
0	3
0	0
0	1
0	2
0	0
0	0
0	0
16	10
1	0
0	0
0	0
0	7
0	0
0	0
0	0
0	10
3	0
4	12
0	0
0	9
0	1
5	1
0	1
0	1
0	1
0	55
17	55
348	0
5	0
21	126
0	103
1	52
0	4
22	120
6	25
0	41
3	29
0	15
0	16
1	47
28	11
0	63
0	62
0	1
0	10
0	4
6	30
0	18
0	8
1	18
4	6
0	48
0	48
0	48
0	4
8	0
1	11
0	11
1	8
0	3
6	2
0	2
0	5
34	132
0	132
4	95
0	22
2	4
2	0
0	0
0	0
0	0
0	0
436	45
0	0
0	0
0	9
0	39
0	33
0	36
1	0
0	0
0	0
0	1
1	0
1	3
0	1
0	1
0	0
239	43
0	21
0	10
0	10
0	10
0	10
0	10
0	10
0	10
0	10
0	10
0	10
0	10
0	10
0	10
0	10
0	10
0	10
2	0
0	0
7	13
1	0
0	0
3	51
20	52
0	1
0	4
0	1
0	10
0	10
72	46
0	0
0	46
21	38
1	38
2	38
0	32
0	22
0	0
18	28
14	95
138	198
1	196
17	49
9	2
0	0
1	0
3	0
0	8
0	4
0	8
0	177
0	202
0	140
0	121
1	73
0	10
0	0
0	68
0	0
0	68
0	68
1	7
0	7
28	0
23	12
0	7
18	7
0	79
15	79
4	40
18	16
0	5
14	5
3	1
82	125
4	134
3	75
0	51
0	22
34	15
0	7
0	7
43	2
18	1
0	1
0	1
0	5
43	5
135	3
14	3
56	591
0	591
0	151
0	591
0	224
0	218
0	213
0	45
0	198
0	28
0	169
0	2
0	4
0	4
0	1
52	12
3	12
0	9
1	1
1	0
0	0
23	0
27	3
1	3
0	0
7	0
0	0
9	3
0	1
0	3
0	14
14	25
0	19
7	7
1	8
0	19
1	17
0	4
0	17
0	24
11	0
0	2
0	2
0	7
0	0
1	0
0	2
0	7
3	4
0	4
0	2
6	3
0	1
1	1
0	1
0	0
0	0
0	0
0	0
3	0
103	36
0	1
3	29
0	3
0	0
0	11
4	27
0	26
1	3
105	5
1	0
41	0
4	7
30	6
2	0
40	82
291	82
0	82
0	52
0	13
0	0
2	0
43	113
0	1
2	20
0	4
0	0
0	20
3	37
0	10
0	8
0	0
0	0
0	0
4	3
1	2
0	177
0	176
14	171
0	87
0	13
0	3
0	4
0	4
30	1
0	1
0	165
8	93
173	230
6	6
2	6
0	0
0	5
111	17
1	3
4	15
0	2
0	1
0	2
0	0
3	0
0	0
0	14
12	1
0	0
0	1
0	1
0	1
2	14
0	7
0	7
0	4
2	1
0	3
11	40
1	39
0	11
0	0
0	1
0	1
5	3
0	3
0	4
0	3
0	4
32	0
0	89
0	89
0	8
0	0
0	1
137	7
5	6
0	8
1	15
0	15
0	10
0	20
0	20
0	2
0	0
0	5
0	4
2	3
37	0
0	14
6	2
7	37
0	2
152	47
0	47
11	2
0	0
560	7
0	3
0	0
0	4
93	0
0	1
4	1
7	36
0	36
0	5
1	25
1	249
1	245
0	242
1	12
0	3
5	4
0	43
0	27
0	27
0	5
0	0
0	21
0	7
6	20
52	0
6	3
0	2
0	44
0	7
0	7
2	5
0	0
0	1
0	0
636	43
0	0
0	0
16	7
0	22
6	45
0	45
0	0
1	0
30	571
0	570
0	26
9	14
0	0
0	0
0	0
0	0
0	0
0	0
0	1
0	1
0	1
4	4
31	0
0	0
0	0
599	97
9	97
0	2
0	2
0	2
0	0
0	2
0	0
0	1
0	1
0	0
5	0
0	0
0	0
0	0
0	0
2	0
0	14
21	4
0	17
0	3
30	1
40	26
0	13
0	4
1	5
0	1
3	0
0	0
12	26
1	4
11	4
55	63
3	63
0	46
0	46
0	36
0	32
0	27
0	18
8	17
2	1
0	4
0	0
0	1
0	5
0	1
0	1
0	1
0	5
0	1
0	2
0	5
0	4
0	1
0	7
41	17
3	15
0	7
1	7
24	5
0	2
22	2
8	3
17	3
8	51
28	83
25	59
48	46
0	4
0	0
2	3
0	2
4	36
0	1
0	1
14	1
7	45
0	0
0	2
0	2
0	0
0	0
2	1
4	0
9	19
11	54
5	19
0	15
12	7
5	12
0	1
0	3
0	5
15	54
0	19
21	30
0	22
0	7
2	10
0	7
0	4
0	1
18	0
1	1
4	12
4	34
2	1
0	21
0	0
0	0
0	21
2	5
0	21
7	4
1	41
3	41
13	36
0	27
3	12
1	0
0	0
8	0
0	14
15	47
0	48
3	41
11	10
2008	42
0	42
103	33
0	7
0	0
69	0
0	0
1	0
12	1
8	8
0	9
0	9
0	1
0	1
0	61
0	39
0	21
1	46
0	14
83	267
1	6
0	23
0	1
8	0
12	29
0	20
0	4
8	0
0	228
0	23
2	19
60	10
20	32
0	10
0	6
0	6
0	6
7	0
0	0
4	6
0	0
1	0
2	6
0	2
235	23
0	41
0	302
3	302
0	0
0	3
2	0
1	18
152	18
1	1
1	59
0	152
2	99
0	1
0	1
0	1
1	1
0	2
0	0
0	13
0	13
0	13
2	13
0	13
7	13
0	13
0	13
1	0
0	0
0	4
0	13
666	4
3	6
0	2
118	7
1	0
17	60
0	60
2	0
0	5
387	226
0	226
45	5
0	5
0	0
0	0
413	5
0	8
21	4
0	0
4	44
0	13
7	83
0	50
175	49
0	11
0	28
0	14
0	68
1	29
0	29
0	6
0	11
43	22
0	22
0	14
3	16
0	7
3	4
0	0
0	4
0	3
0	3
0	3
0	2
4	1
0	2
105	22
13	165
0	13
6	152
29	0
1	3
4	3
205	48
0	6
0	20
0	6
0	7
29	7
0	5
1	0
0	0
0	0
0	0
0	0
0	5
3	26
0	18
0	3
40	29
146	46
2	29
0	3
25	55
0	55
0	12
0	9
5	3
2	3
0	0
0	0
0	0
1	0
3	0
0	0
0	0
28	5
0	0
0	0
1	9
80	6
0	36
4	36
0	6
0	0
0	0
0	1
0	1
0	1
1	0
4	0
0	36
0	3
0	3
0	3
5	33
0	10
0	10
4	6
0	26
28	78
7	0
14	0
169	1
14	1
57	11
30	11
0	0
0	1
0	12
110	164
0	195
76	12
0	43
0	42
4	0
1	0
97	65
0	22
0	16
0	22
1	0
0	0
0	12
5	4
0	5
0	79
0	79
0	0
64	18
0	18
0	0
6	0
0	0
3	0
0	0
41	38
0	30
0	29
0	4
1	4
160	4
0	0
0	3
0	4
18	4
180	37
99	21
6	37
0	7
0	25
2	11
0	0
6	0
6	38
0	16
54	16
0	10
0	7
0	7
0	7
5	1
0	1
0	1
0	0
0	16
0	2
2	2
7	0
122	12
0	4
0	8
0	10
2	6
0	1
0	0
5	0
0	0
0	0
0	42
0	13
0	0
1	0
1	0
0	0
6	32
673	1
72	40
4	39
31	14
11	24
24	24
5	0
60	93
2	158
0	101
0	82
75	70
0	73
0	83
0	25
0	6
0	18
0	9
0	0
0	5
1	484
37	400
0	312
6	311
0	1
17	2
15	4
0	66
0	67
0	86
0	61
7	2
0	0
0	2
0	2
0	0
11	0
0	0
0	9
37	504
0	12
0	19
0	7
0	8
0	7
0	20
0	8
0	12
3	0
0	3
22	64
0	6
10	57
15	66
0	67
0	21
4	9
1	1
0	0
1	3
0	4
570	0
715	107
54	21
3	0
7	86
6	0
0	0
309	0
18	5
12	7
0	0
19	5
15	2
6	2
167	0
0	2
0	2
0	4
9	4
13	18
0	18
0	2
0	1
0	3
0	11
10	58
6	21
9	20
1	39
0	1
2	1
0	0
8	0
0	0
0	0
1	1
0	7
6	8
0	7
3	0
0	0
2	0
0	5
29	5
0	3
0	0
0	0
0	0
7	0
206	93
0	93
2	6
0	54
0	52
1	7
0	7
3	7
12	101
0	2
0	0
2	99
1	35
7	36
0	32
0	32
0	32
0	32
29	0
0	0
2	10
1	10
0	0
4	0
0	3
0	3
0	31
0	31
0	31
0	32
0	3
0	1
0	1
0	0
0	0
0	0
222	0
22	288
0	288
0	10
0	0
6	0
0	0
393	29
0	0
0	24
0	7
44	29
1	23
0	0
0	3
0	0
0	0
0	0
0	0
0	0
0	6
14	14
0	0
0	0
0	0
1	21
2	0
0	23
0	11
0	1
0	23
0	15
0	22
0	2
0	12
0	2
34	10
2	0
8	0
16	0
0	1
0	1
16	0
11	0
2	19
0	41
88	143
0	119
0	0
0	2
0	0
0	12
0	12
205	169
14	169
40	0
4	3
0	0
20	43
5	43
0	31
0	3
0	0
0	3
0	2
44	0
119	25
0	25
0	0
0	0
313	1
0	0
0	9
0	6
0	9
1	2
0	6
0	0
0	0
0	6
0	0
0	0
0	0
0	0
0	0
0	0
0	6
1	0
5	20
77	8
0	3
34	43
11	3
0	13
0	0
5	3
0	0
1	1
18	2
0	1
1	0
0	0
5	1
0	2
0	2
0	0
18	114
2	116
0	69
21	7
0	6
0	5
0	8
0	6
0	55
1	12
0	12
1	0
0	12
0	12
0	0
47	12
0	0
0	0
0	0
0	0
2	0
33	31
1	28
0	28
0	0
43	3
1	25
3	25
0	4
0	4
0	0
59	0
1	0
222	16
14	7
0	8
61	7
3	0
0	9
1	2
0	1
6	1
0	0
0	43
0	13
3	0
3	36
0	4
0	4
0	0
66	0
9	0
68	14
0	14
28	4
0	2
0	0
0	2
0	4
4	0
0	3
0	3
0	3
0	0
0	1
9	0
6	35
0	30
1	0
0	0
1	2
4	0
3	5
127	177
347	170
298	0
234	0
0	205
5	208
5	33
1	143
5	4
2	1
9	2
6	0
2	0
0	0
0	2
0	2
0	2
0	2
6	2
0	0
0	0
0	0
0	0
0	0
7	0
0	0
0	0
0	0
0	0
0	0
0	0
0	0
0	0
0	0
1	0
20	2
0	2
0	86
0	88
0	42
0	88
0	79
0	40
18	17
79	6
0	6
0	1
115	2
0	2
140	0
0	72
0	72
0	72
35	51
0	48
0	25
0	10
0	9
0	4
0	0
1	1
6	4
0	0
85	0
6	0
22	0
0	17
0	17
17	2
0	2
1	23
0	24
0	2
2	18
1	18
0	8
13	7
0	7
0	6
0	7
0	7
0	8
0	8
3	0
0	0
0	0
0	0
0	1
0	1
21	3
0	3
0	0
0	1
6	0
1	1
0	1
0	0
22	3
6	3
0	1
0	5
0	4
18	1
0	1
2	0
0	0
1	0
0	0
0	0
0	0
5	0
0	0
0	67
68	69
0	7
0	52
0	3
0	3
77	55
0	52
2	28
0	0
1	8
12	0
5	5
2	0
1	0
0	0
15	2
0	1
0	1
0	0
0	9
0	9
0	9
0	1
378	0
0	0
0	0
1	0
5	0
0	0
0	7
0	7
0	1
40	6
22	11
0	0
0	5
0	0
9	0
0	0
10	45
0	39
3	6
0	7
1	0
1	6
0	1
0	1
0	1
0	1
0	0
2	6
0	6
0	3
0	3
47	0
4	86
0	80
5	86
1	9
0	9
0	6
0	6
0	3
5	2
1	2
0	7
0	7
0	5
3	252
0	258
0	62
4	0
0	3
0	0
0	0
0	2
0	2
0	2
1	0
184	8
0	8
57	73
0	47
3	4
0	1
0	2
0	2
3	4
18	4
8	1
0	0
3	1
177	1
20	1
81	0
0	4
0	4
0	4
0	4
0	1
0	1
0	0
2	5
0	4
0	0
0	280
0	0
0	9
5	0
31	271
2	14
0	14
0	0
122	67
0	8
0	0
5	0
80	6
6	5
0	0
0	1
1	1
4	1
13	8
0	8
0	8
10	28
2	28
0	0
11	16
2	13
0	3
23	11
26	2
0	0
45	21
4	20
0	14
0	5
7	1
2	11
0	24
0	29
1	32
0	0
0	0
0	0
0	0
0	0
0	0
0	0
0	0
275	86
26	31
7	41
0	6
10	11
0	50
7	54
0	43
16	26
4	26
51	24
0	4
0	1
0	2
0	10
0	0
1	10
1	2
0	7
0	7
0	0
0	0
0	0
46	88
2	88
0	70
0	85
7	0
0	0
0	0
1	0
62	0
12	0
3	8
45	71
0	56
0	36
9	5
0	26
3	1
0	1
0	0
0	0
0	0
0	0
267	185
0	184
1	1
4	1
0	1
5	22
5	26
0	10
0	9
0	5
0	5
0	1
5	0
0	0
0	0
0	0
0	0
0	0
0	0
3	0
7	31
0	31
0	31
0	22
0	22
0	0
5	0
71	47
0	21
2	47
0	0
11	8
16	103
0	103
0	82
0	1
0	1
0	0
1	0
6	16
0	17
277	13
0	0
1	1
2	0
2	0
6	172
3	167
0	159
0	96
0	52
0	0
20	53
0	2
2	11
0	11
0	9
9	0
0	12
7	28
0	4
84	5
0	4
11	33
85	33
0	0
0	0
3	0
40	25
35	2
0	0
0	2
0	4
0	0
0	0
3	3
0	0
0	0
8	4
9	17
0	0
0	46
4	16
0	35
0	30
0	28
0	0
0	3
0	1
30	28
3	0
0	28
7	16
9	16
2	11
9	7
0	7
0	7
40	2
0	2
0	2
0	0
0	11
0	5
0	11
0	9
0	0
0	11
0	4
0	5
0	1
0	1
0	1
0	5
0	8
21	46
0	28
6	35
0	5
11	5
0	20
2	0
2	3
0	3
20	0
0	5
2	306
0	4
5	0
0	2
6	303
0	2
0	100
22	20
4	2
0	13
0	5
0	45
99	121
3	4
52	54
3	51
3	51
0	11
3	5
0	0
0	0
6	0
0	0
0	0
0	88
12	23
0	61
30	15
0	6
42	11
8	6
1	45
2	0
1	11
3	68
0	52
2	65
874	47
40	4
0	19
9	2
74	2
115	20
0	6
11	0
0	0
0	35
0	38
0	36
1	9
0	0
0	70
1	0
2	2
5	2
472	66
0	33
11	43
10	0
0	28
0	23
0	0
0	13
27	18
3	0
3	0
56	16
11	252
0	180
0	58
12	26
3	27
0	16
3	10
29	4
0	0
0	0
8	1
0	10
0	8
1	1
0	3
0	26
0	15
0	0
0	9
1	6
0	1
0	26
0	8
0	5
0	4
0	1
1	51
0	31
15	132
0	24
0	3
0	18
0	2
0	12
0	12
36	12
0	19
0	12
0	0
29	21
0	20
1	7
1	0
2	0
4	400
27	403
0	15
0	0
0	0
34	333
0	144
156	386
0	219
43	64
7	6
13	1
0	0
6	7
5	6
0	7
2	0
0	0
150	114
0	26
29	26
0	49
31	75
0	1
0	11
0	1
1	1
0	35
0	40
0	43
0	3
0	98
30	0
0	10
0	43
0	114
0	4
0	4
0	4
0	0
19	59
0	59
0	19
0	19
0	0
11	0
186	4
176	4
50	13
0	0
0	4
0	13
8	0
7	29
0	10
0	1
0	1
3	26
0	9
0	26
1	9
0	5
3	22
1	17
0	0
0	0
0	26
0	41
0	26
0	26
3	6
8	10
134	24
0	3
9	6
6	1
5	0
0	93
0	89
0	1
0	33
0	98
9	41
0	41
0	3
24	7
0	20
1	0
1	14
73	14
18	42
1	7
0	31
0	32
0	32
0	0
0	2
8	1
0	18
5	18
3	1
0	0
0	0
0	0
0	2
0	0
0	0
2	15
0	17
0	29
0	27
0	27
0	27
0	14
0	13
0	20
0	14
0	2
0	2
5	7
0	0
0	13
1	0
0	13
0	16
0	1
0	0
0	15
0	2
0	15
0	15
0	15
7	0
132	12
0	1
0	0
0	0
8	23
0	0
464	63
0	0
9	14
0	12
0	63
0	1
0	1
0	6
2	6
0	6
62	59
0	0
5	0
0	0
0	0
0	0
0	17
0	0
0	0
26	59
0	17
10	17
10	0
3	12
0	0
142	25
0	24
22	26
0	26
0	3
0	1
0	1
3	1
1	1
0	1
31	0
17	0
87	1
48	4
3	4
10	5
0	4
0	1
0	0
0	2
0	0
0	0
2	2
0	2
0	0
5	0
0	0
0	0
3	2
0	1
0	2
35	2
0	0
0	0
0	0
0	0
0	0
0	0
0	0
473	0
0	13
0	100
46	92
7	7
1	87
5	0
0	0
0	39
0	25
39	110
0	100
2	0
1	1
0	0
1	0
0	49
24	4
0	2
10	12
17	11
548	0
19	0
0	147
0	3
0	5
0	0
0	3
0	8
0	139
88	96
0	8
14	0
0	94
0	94
51	10
4	0
13	0
341	61
5	61
0	54
29	44
31	32
0	10
0	10
1596	8
2	7
0	1
3	3
40	1
9	1
0	137
4	143
0	109
13	10
0	99
0	5
0	5
0	23
0	23
0	14
0	0
30	0
0	0
4	5
0	3
0	0
3	0
14	0
2	0
0	0
0	22
0	22
0	27
3	25
0	2
0	5
0	0
3	0
3	7
18	104
0	87
0	50
1	6
0	0
0	1
0	1
0	10
1	0
0	3
3	6
4	10
0	1
0	4
0	0
0	0
0	4
0	0
25	0
13	46
0	48
979	48
0	7
0	7
2	0
5	8
14	0
0	0
0	9
17	27
0	22
0	7
0	7
1	0
0	0
0	0
0	0
0	5
0	0
0	4
0	6
0	3
0	2
0	2
0	2
0	0
0	2
571	153
0	159
0	150
0	159
0	4
1	7
0	8
0	0
1	0
0	0
0	0
1	6
0	1
0	1
0	0
1	0
97	5
1	5
0	3
31	2
0	2
12	9
0	97
0	97
59	205
0	207
0	0
0	0
0	0
18	0
29	32
0	32
0	11
3	0
0	0
83	3
7	2
0	0
13	1
3	13
0	36
0	36
0	2
0	0
16	26
1	6
3	0
0	11
282	509
347	509
3	67
9	70
0	1
2	0
6	0
0	0
0	68
4	1
14	1
3	1
2	67
1	66
0	1
68	29
0	20
0	24
121	20
8	3
0	0
140	139
0	0
0	22
0	139
97	8
0	20
12	2
27	15
275	13
0	1
0	1
8	1
0	1
0	0
0	0
4	0
0	0
0	1
0	0
0	4
0	3
0	3
0	0
5	10
5	0
22	1
1	0
0	7
0	14
1	14
0	0
0	0
0	0
0	0
0	0
0	1
0	14
82	1
0	0
6	2
4	0
0	0
1	2
0	178
70	178
1	0
0	0
3	0
3	0
3	0
0	0
46	141
7	148
3	4
0	0
1	0
0	0
0	0
0	0
0	0
0	6
4	0
0	10
0	31
20	6
28	3
0	15
0	4
0	0
0	0
0	28
18	9
0	2
0	6
0	4
0	4
271	11
562	20
3	7
0	7
0	6
0	0
0	0
0	8
0	8
0	7
17	7
0	1
0	0
0	1
0	8
3	13
67	25
0	2
0	0
0	48
3	47
0	0
18	12
0	0
269	2
0	2
0	0
0	0
0	0
0	0
1	148
1	0
0	0
0	0
0	7
0	7
3	59
2	43
0	0
0	4
1	2
0	7
1	7
0	2
4	1
0	1
4	0
355	20
10	7
104	34
16	0
0	0
75	34
0	22
11	32
10	48
0	0
3	53
1	1
0	0
0	1
0	1
0	0
1	0
0	0
1	0
1	0
0	1
7	11
0	1
2	1
2	0
134	2
7	4
0	0
33	0
0	6
65	39
0	23
0	0
4	141
0	139
41	30
943	15
24	15
0	1
0	1
0	1
0	32
0	32
0	0
565	64
4	59
3	34
0	17
0	0
0	3
0	0
4	49
0	67
0	39
2	41
4	51
0	41
0	10
0	4
0	4
0	22
0	4
9	16
0	11
0	11
4	2
0	2
0	2
0	0
2	0
0	243
3	0
13	243
28	3
0	0
0	0
0	0
7	3
0	0
111	38
0	5
0	36
25	3
0	69
0	66
0	2
0	2
4	0
0	50
0	46
9	43
0	12
17	12
0	0
0	0
114	144
38	147
0	113
0	56
22	56
0	25
0	26
3	5
4	1
0	1
0	0
0	0
0	0
0	2
1	0
0	0
18	2
0	0
8	0
3	0
0	1
0	4
3	2
40	195
1	195
6	2
0	10
1	2
46	16
0	13
0	3
0	0
1	1
4	9
5	0
7	2
0	5
6	1
0	1
3	0
59	3
0	3
0	0
0	0
0	0
0	8
0	8
0	8
0	0
0	0
0	0
0	0
0	0
1	0
481	200
230	201
0	4
0	5
0	5
0	5
0	0
0	0
0	0
0	0
0	0
0	149
1	4
55	35
1	387
0	384
31	11
0	8
0	0
32	9
0	7
15	44
0	46
0	0
55	143
25	8
1	3
0	218
0	89
0	9
4	148
0	79
12	84
0	0
27	5
2	0
353	136
1	0
0	2
0	3
0	0
0	10
0	0
5	8
15	3
0	3
0	2
12	106
0	91
0	90
0	1
0	0
0	0
1	1
2	0
5	81
0	1
0	1
0	13
0	0
102	16
0	106
5	46
0	40
0	0
6	46
2	33
0	2
0	1
0	0
2	30
0	2
0	1
12	1
0	1
81	35
42	12
0	9
19	23
5	0
0	9
218	23
68	26
0	6
35	42
16	70
0	21
0	0
0	8
0	2
0	4
0	3
0	2
6	1
0	3
0	3
0	6
0	4
0	1
0	1
0	0
1	6
38	28
0	22
29	27
0	1
0	0
0	0
0	1
0	34
0	3
0	34
18	6
0	16
0	3
7	1
0	0
0	0
2	0
0	1
0	6
0	6
0	6
0	0
0	0
0	0
3	5
53	27
4	25
7	34
0	34
11	34
11	14
11	0
23	11
2	0
294	164
0	74
2	31
0	145
1	0
0	3
0	31
0	0
50	120
0	1
0	0
8	4
5	2
0	2
0	2
0	0
0	2
18	63
0	63
1	2
0	0
19	3
35	67
0	67
5	8
0	8
0	11
0	11
0	11
1	0
33	7
0	28
0	9
28	7
3	0
0	0
0	0
0	28
0	44
2	227
0	193
0	146
0	109
0	89
0	74
1	64
0	5
6	20
0	36
1	23
0	227
0	50
0	16
0	13
0	15
0	15
0	4
0	12
0	0
0	0
4	11
0	4
0	2
0	0
0	16
0	1
0	8
0	8
0	9
0	8
0	6
0	822
45	817
0	1
7	950
108	11
2	825
5	11
0	50
3	0
164	961
14	13
0	1
4	12
47	3
0	27
0	0
2	4
0	0
0	0
0	0
0	0
0	0
7	11
0	1
159	43
0	41
0	25
0	14
209	0
5	0
0	5
0	8
0	8
4	6
652	9
4	19
65	19
0	9
20	0
0	5
0	10
0	0
33	26
0	26
0	1
4	1
2	0
19	6
0	6
0	6
0	0
0	6
7	10
8	14
0	7
2	10
0	4
0	4
0	0
0	0
409	0
5	1
0	1
0	1
41	1219
0	1216
37	698
0	4
0	2
0	2
0	1
11	8
0	2
0	2
0	4
2	4
0	1
0	24
0	6
0	20
1	20
0	12
0	0
0	24
13	19
0	14
6	17
12	3
6	16
0	1
0	3
0	0
4	12
0	9
0	2
10	59
3	59
1	0
1	58
1	0
220	1
4	0
188	0
35	0
0	4
5	8
0	3
6	0
0	0
11	0
40	0
3	53
19	53
2	51
30	51
23	8
0	40
0	1
105	32
0	32
0	14
40	38
0	38
0	24
0	8
0	59
0	59
0	0
1	3
0	3
59	18
2	7
6	2
0	2
6	2
1	2
18	18
0	0
3	18
22	51
2	49
0	3
6	25
0	24
1	35
38	2
0	5
0	2
12	28
0	31
30	9
32	5
9	5
4	0
6	0
0	0
0	0
0	4
6	4
0	3
0	3
5	2
0	2
2	12
3	12
2	38
0	0
0	3
0	3
0	3
0	0
2	1
0	8
0	8
7	3
0	0
0	0
0	1
0	1
0	1
0	1
0	0
0	0
0	0
0	0
0	2
2	0
0	0
0	5
4	8
0	6
0	6
0	6
0	6
19	11
0	0
0	0
0	0
3	0
23	41
5	5
1	37
5	7
0	8
0	20
0	20
0	11
0	11
0	10
0	3
0	14
3	1
0	1
13	0
0	0
1	0
0	13
85	13
0	13
0	11
0	13
4	11
0	0
13	31
0	0
5	0
0	0
0	0
0	0
5	0
2	0
7	54
0	53
0	27
126	5
0	1
1	5
141	122
22	117
0	93
0	88
0	41
0	0
0	0
26	42
0	94
0	99
0	48
111	64
364	52
0	0
89	132
0	132
0	123
1	23
10	0
0	0
0	0
0	0
0	0
4	0
0	0
2	0
0	0
0	0
0	0
4	0
45	16
19	16
48	0
0	0
106	4
0	4
11	2
0	2
0	2
0	1
1	6
12	6
0	0
0	0
0	0
0	0
100	256
0	256
1	4
0	15
0	15
4	15
0	0
0	4
0	0
0	0
14	4
53	34
0	26
0	0
0	5
0	5
1	0
0	0
0	13
2	3
0	4
0	0
7	21
0	21
229	21
0	14
0	0
0	7
0	0
334	0
3	0
372	32
0	13
0	0
0	0
2	21
0	36
21	37
0	131
0	131
0	17
0	16
0	16
0	0
7	138
34	0
0	0
0	0
0	0
16	3
0	3
0	0
0	0
3	0
4	1
17	19
0	0
0	0
6	1
0	14
21	14
0	0
7	2
108	1
1	0
0	1
44	1
0	5
13	5
0	12
0	12
0	7
0	12
0	8
0	8
0	6
12	12
0	76
0	76
0	0
0	0
0	9
0	9
1	1
0	0
0	0
0	346
31	228
37	202
58	175
7	0
0	346
11	2
0	0
16	0
136	65
1	2
2	0
2	0
0	55
0	33
38	35
0	1
2	16
0	14
39	1
51	0
0	0
0	0
0	0
0	0
0	0
1	21
0	1
73	2
7	2
0	0
27	50
0	6
14	0
0	0
2	19
0	15
0	7
0	0
0	4
0	0
5	226
0	214
3	16
0	2
0	2
0	1
0	118
0	118
0	115
0	115
0	33
5	3
0	3
146	0
0	62
0	62
39	39
154	16
1	0
12	293
0	295
26	295
0	262
0	0
8	0
1	0
120	59
0	55
1	0
0	0
131	3
5	12
0	12
0	8
0	9
5	0
0	2
31	31
0	1
21	79
0	18
12	11
0	7
76	54
0	5
5	8
0	25
3	5
0	3
0	4
0	33
0	49
0	0
5	0
0	0
0	0
0	13
0	13
0	7
35	12
0	13
0	13
24	17
17	11
1	11
61	11
0	11
7	0
0	95
17	26
87	22
6	93
1	24
1	0
49	112
74	91
81	44
7	35
1	33
0	8
0	0
1	0
0	0
10	15
0	49
0	49
0	14
20	5
0	0
0	0
1	14
112	10
72	51
7	29
0	24
14	5
0	0
7	7
0	4
0	5
0	2
0	2
0	2
0	3
420	275
176	426
0	96
1	80
0	177
0	38
0	11
0	12
0	12
0	0
0	0
0	0
9	2
0	5
13	12
0	12
5	3
0	75
0	102
132	134
0	121
0	13
5	0
0	52
0	3
7	58
21	4
0	19
0	77
82	247
0	25
0	251
0	16
0	5
0	13
0	5
1	3
0	0
0	0
0	0
1	0
0	16
12	50
0	24
5	18
0	0
2	29
0	16
0	26
0	6
0	3
0	0
0	3
1	7
2	0
1	3
0	17
0	17
0	1
4	2
0	0
4	0
0	0
0	13
0	6
0	2
0	0
0	0
0	7
0	13
0	13
0	4
0	14
0	13
0	4
5	0
0	0
0	9
0	0
5	8
19	11
31	20
0	9
0	20
0	2
0	1
318	6
0	1
3	66
0	3
91	1
0	1
10	97
0	97
0	81
65	25
0	8
0	3
0	0
0	0
4	1
2	0
2	0
2	0
0	0
3	0
0	0
0	0
0	18
32	18
0	7
0	3
0	0
51	0
31	53
0	51
0	1053
719	1545
0	2
5	844
0	0
2	2
12	0
0	0
0	0
0	0
0	0
0	0
0	0
0	0
0	0
0	0
0	0
3	0
0	0
65	0
4	1
0	1
6	0
22	0
0	245
0	18
11	8
18	506
13	512
128	0
14	243
0	237
0	238
0	3
2	144
25	226
0	140
0	19
0	7
0	7
15	9
23	7
0	3
2	2
2	2
0	1
4	197
0	216
0	216
0	163
25	167
0	42
0	42
79	0
1	0
315	80
0	80
0	6
71	8
0	0
14	0
0	0
8	10
6	6
0	5
0	2
1	2
0	0
71	65
0	65
0	25
58	52
1	21
0	21
0	23
0	10
0	4
0	16
0	0
0	0
0	0
4	0
336	38
6	4
0	16
0	17
17	2
4	13
0	0
0	0
0	6
515	51
0	16
0	19
0	21
0	0
6	20
12	14
36	7
23	1
7	18
0	4
1	1
0	1
2	1
543	132
188	87
0	132
1	108
0	109
0	0
0	129
0	129
0	0
26	2
0	1
1	0
0	13
0	13
0	13
3	6
0	0
0	0
0	3
0	1
0	1
0	0
0	2
0	0
0	6
76	6
0	0
0	0
2	0
1	0
5	1
0	1
0	0
0	0
0	1
0	0
55	24
0	23
1	2
2	22
0	21
1	1
74	1
37	7
0	7
4	0
299	118
0	118
2	0
0	32
2	11
3	15
0	1
4	0
9	254
9	245
0	78
98	125
0	87
7	17
0	78
0	5
0	5
22	6
0	6
51	1
0	0
35	0
0	0
0	6
0	6
0	3
0	2
0	5
0	0
0	5
0	5
0	2
0	4
0	2
1	2
0	0
2	0
0	0
3	0
0	0
2	4
1	1
0	1
0	0
0	0
0	10
0	10
1	6
0	6
9	0
0	22
0	107
12	106
56	16
74	16
2	2
8	5
0	3
0	0
5	0
0	0
2	0
0	0
1	0
1	0
10	0
0	60
0	12
2	27
2	0
1	108
0	92
0	92
0	92
0	108
0	108
0	108
0	5
0	5
2	6
0	0
2	0
1	15
1	0
0	0
0	15
0	2
0	1
0	0
0	2
13	0
4	7
0	7
0	1
19	1
5	0
0	0
0	0
0	0
0	0
0	0
0	0
2	0
4	0
0	0
3	0
18	0
1	30
1	30
0	30
161	6
1	0
0	0
1	6
100	9
0	7
0	7
8	8
0	5
2	3
0	3
0	1
0	1
0	1
6	1
187	13
0	7
0	13
0	8
217	90
0	83
0	0
8	8
2	8
0	0
0	0
0	3
0	4
36	6
0	6
0	3
0	4
0	8
1	8
126	7
60	1
0	1
2	2
1	10
0	7
0	7
7	1
2	75
0	7
0	25
0	0
0	25
0	0
0	73
1	0
0	0
0	0
0	3
0	3
0	3
0	3
0	0
9	0
7	5
0	4
6	0
229	9
1	0
0	0
1	0
0	9
0	11
0	11
5	7
0	3
0	23
2	23
0	2
114	0
25	0
0	7
58	157
2	21
0	27
0	33
0	27
1	1
0	31
8	25
1	32
1	0
0	0
0	6
0	6
33	0
79	12
78	12
0	10
2	8
0	2
20	0
0	10
10	95
17	112
302	64
0	74
0	69
0	74
0	16
0	7
2	0
0	1
0	106
25	104
8	4
0	44
0	94
0	8
0	1
0	44
1	64
0	60
223	0
7	0
4	0
17	10
0	9
0	6
0	3
0	0
0	28
2	32
0	0
0	24
1	7
0	20
7	20
0	7
1	0
34	10
0	0
6	10
2	8
12	41
0	30
2	14
0	23
2	11
0	0
0	0
0	0
5	0
20	8
0	2
0	2
0	1
0	1
51	44
0	7
0	32
23	0
0	0
0	43
2	0
0	16
0	29
0	25
2	12
0	60
10	17
8	19
0	12
3	18
0	11
0	9
1	1
0	0
0	9
0	9
45	85
0	5
0	16
0	31
0	16
0	53
0	19
1	0
0	0
0	0
11	1
0	0
10	13
6	11
0	13
0	5
2	9
0	0
0	6
45	7
2	6
5	0
0	1
5	0
0	109
0	36
0	23
0	13
0	13
1	0
0	0
0	0
0	0
0	109
0	66
29	66
0	0
184	125
0	77
0	97
0	106
0	4
0	97
102	69
28	5
1	0
0	5
1	4
0	2
80	0
0	1
3	1
0	0
66	22
3	9
0	7
0	10
0	15
0	122
0	122
0	0
9	0
0	14
6	14
0	1
69	29
0	3
0	0
1	14
0	29
1	0
0	0
0	0
0	4
0	8
0	2
0	4
17	0
0	0
0	0
2	6
0	6
0	0
3	4
65	0
9	2
0	1
0	1
0	2
0	0
10	0
0	1
0	1
0	1
5	0
0	24
2	2
0	24
0	21
0	12
0	0
32	22
9	22
1	15
0	15
0	4
0	0
1	4
0	4
0	10
0	10
1610	0
2	15
0	2
33	0
157	51
0	40
0	11
3	46
0	0
3	8
2	46
13	0
0	4
0	5
0	1
0	0
0	0
2	1
1	0
0	0
0	0
0	0
3	14
0	57
8	0
0	47
5	6
79	0
0	0
1	11
3	33
1	22
104	0
31	3
0	7
0	7
0	7
0	7
0	7
56	0
18	1
9	0
0	0
2	2
5	0
100	68
0	58
7	59
51	15
0	0
0	2
0	0
3	2
0	0
0	2
0	177
0	172
2	177
7	149
3	0
58	0
0	0
0	0
0	0
195	0
258	224
0	4
0	2
0	0
0	1
0	0
9	219
65	1
0	1
1	1
19	0
1	1
0	1
0	1
13	0
0	0
30	9
0	37
45	2
1	1
0	37
0	37
0	2
0	2
0	2
0	0
93	11
0	11
0	0
18	108
3	13
0	31
10	64
6	7
0	7
0	9
0	3
32	0
0	0
0	0
0	0
0	0
0	6
0	6
5	16
0	69
75	62
0	12
70	5
57	49
0	2
0	119
0	113
0	16
0	119
124	118
36	9
0	23
0	0
4	7
0	11
0	6
7	2
32	6
0	4
0	1
0	1
3	3
4	4
0	3
37	4
11	4
13	0
3	57
0	59
0	53
0	13
0	7
0	7
0	4
0	4
1	0
0	0
7	4
0	0
1	0
3	2
12	2
9	2
0	2
21	2
0	2
0	0
1	0
0	0
1	3
0	3
0	0
0	0
0	0
0	0
0	0
1	0
67	118
0	109
36	13
0	12
2	0
0	1
0	0
8	3
47	1
0	1
0	6
17	6
0	6
2	3
1	3
0	0
0	0
5	1
0	1
26	128
0	3
0	3
14	24
0	5
0	10
0	5
0	135
447	13
0	230
0	230
150	215
0	3
0	6
0	6
1	0
2	0
14	0
0	0
0	66
0	66
172	65
0	24
0	1
5	0
230	44
2	0
0	44
0	0
1	0
0	314
1	312
1	314
0	64
0	52
0	53
0	8
0	12
0	3
0	64
0	64
0	64
0	63
0	65
0	3
3	0
0	0
0	0
0	3
0	26
0	26
2	17
0	16
0	16
0	0
79	2
1	2
0	0
0	0
7	5
0	35
10	45
0	42
29	33
0	44
0	50
10	9
0	2
0	5
2	0
0	2
0	2
2	0
0	2
60	90
0	4
21	13
0	63
0	0
5	0
0	0
19	7
0	7
2	0
1	7
0	7
8	30
92	6
0	5
0	1
1	1
1	2
2	19
0	23
0	6
0	10
0	0
0	0
1	0
0	4
0	0
1	3
2	0
0	1
3	11
2	0
0	2
0	8
0	11
122	8
0	18
0	11
0	1
0	4
0	0
6	116
12	34
0	104
1	3
0	3
0	0
0	0
1	0
1	0
4	34
62	34
22	26
49	27
4	35
0	29
0	23
10	9
0	2
0	2
0	2
0	0
0	0
0	0
0	28
1	28
0	28
0	21
0	23
112	24
0	0
0	0
2	0
0	24
0	0
3	0
0	0
0	0
11	15
0	15
0	0
0	6
0	6
9	3
1	2
2	1
10	5
0	10
0	1
0	3
0	3
0	3
1	0
5	10
0	0
0	2
3	2
0	0
0	9
0	1
0	0
10	0
0	0
4	0
100	36
1	20
1	9
4	241
0	193
0	193
22	553
0	553
6	18
0	21
61	21
0	27
0	10
0	35
8	14
0	6
0	1
12	5
2	0
4	4
2	31
3	29
0	27
0	25
48	26
5	1
0	1
0	1
46	8
1	0
0	0
0	0
2	0
0	0
5	1
0	2
0	0
3	2
0	117
10	31
0	82
0	33
0	3
0	0
6	117
0	2
0	40
903	64
0	3
4	2
0	3
504	15
0	15
7	7
36	47
0	38
1	47
18	26
0	0
0	38
0	8
6	0
1	0
0	11
0	8
1	0
0	3
1	30
4	2
0	0
0	1
0	12
0	27
0	3
0	11
0	2
0	2
5	27
0	1
166	72
102	18
0	72
0	38
5	27
0	27
0	42
0	10
9	31
0	36
0	5
47	7
2	0
0	7
0	1
0	4
0	5
24	97
0	99
0	0
0	1
0	1
20	10
0	14
0	4
0	22
5	0
0	0
0	3
0	0
0	22
0	4
0	1
0	1
0	1
0	1
0	1
0	1
0	0
0	0
0	1
0	129
0	121
0	109
0	12
8	10
5	29
29	0
0	0
0	257
1	0
0	257
0	0
0	1
3	589
97	597
0	64
0	239
0	129
275	129
0	35
0	71
0	35
0	71
0	71
0	35
0	35
0	71
0	33
15	69
0	114
408	179
0	69
0	54
0	14
0	2
51	14
0	0
13	2
0	12
15	3
0	3
11	27
0	27
0	14
0	24
2	0
0	27
36	17
0	16
13	0
0	0
1	0
1	0
19	0
0	8
0	0
0	0
19	0
0	2
0	0
3	11
0	11
0	2
0	0
1	2
0	0
0	2
0	0
0	0
0	0
0	0
0	0
0	0
8	0
15	4
0	4
0	19
0	9
0	8
0	10
0	8
0	8
2	8
34	8
17	7
0	0
0	0
0	2
0	19
0	1
0	1
0	1
3	0
0	0
2	0
1	2
4	2
3	27
15	26
0	1
6	158
0	3
0	0
118	63
0	63
0	0
125	179
0	98
0	4
0	179
0	2
24	3
0	2
8	2
0	48
21	48
0	45
0	29
0	0
0	0
0	22
0	6
0	0
4	3
0	0
0	6
0	0
1	0
0	9
0	9
24	21
0	0
1	12
1	9
0	17
0	4
23	8
0	16
98	1
2	127
410	495
0	495
6	419
2	51
0	3
46	40
0	7
0	1
0	0
0	32
0	32
9	44
201	53
0	45
2	45
0	5
4	21
5	123
0	112
19	11
0	23
0	8
138	190
0	190
2	19
77	0
1	22
0	22
5	22
62	68
4	0
0	0
0	0
7	7
0	109
0	106
1	105
0	9
4	9
0	5
0	4
2	0
0	1
2	0
0	1
0	1
0	6
0	6
0	5
0	2
0	0
0	5
0	3
6	13
0	32
5	14
0	0
5	19
0	5
0	5
0	69
2	91
0	23
0	26
0	25
0	64
4	0
0	3
8	0
5	4
1	1
13	1
40	0
0	1
4	0
0	0
34	0
35	15
0	20
0	35
0	0
0	17
7	0
1	0
17	17
0	35
58	141
0	141
0	132
0	132
156	135
0	129
1	19
0	5
0	0
0	0
5	0
0	0
3	0
0	0
29	68
7	0
0	0
0	1
0	1
0	0
20	2
2	2
7	2
0	5
0	0
22	3
0	0
0	0
4	0
2	7
0	119
0	1
4	108
3	107
21	108
19	73
0	67
0	7
23	42
1	42
0	9
0	30
0	30
0	9
0	4
0	4
0	3
0	0
0	0
0	14
0	0
2	11
11	9
1	4
0	0
1	0
0	0
36	26
4	33
0	6
11	44
0	2
0	44
0	9
27	42
0	18
0	18
2	0
0	0
30	8
10	32
0	32
19	2
7	0
0	0
660	1
0	1
114	1860
26	1857
0	918
13	112
0	41
0	5
0	1
0	2
0	2
0	2
0	12
8	12
6	3
0	1
45	0
2	8
0	0
0	1
0	8
0	0
4	0
0	4
1	203
0	203
0	177
0	203
0	203
0	17
625	32
5	2
2	41
1	79
3	5
0	0
1	2
0	4
2	1
1	3
2	1
0	1
6	2
10	6
0	8
0	59
0	19
0	32
0	40
0	18
0	0
0	13
0	13
0	0
0	6
24	15
0	5
0	5
1	5
0	1
0	2
0	5
0	4
20	8
0	1
10	4
67	4
0	6
0	7
0	6
0	4
0	4
0	0
16	18
0	15
0	15
50	15
0	18
0	0
19	36
0	36
0	0
0	0
0	22
30	0
0	0
23	46
0	0
1	2
0	0
0	0
4	0
0	2
0	0
3	2
0	0
0	8
0	33
30	33
0	0
0	0
0	11
0	379
0	25
0	108
0	165
2	236
0	198
0	198
0	83
59	356
20	0
0	2
1	4
0	0
0	22
0	0
1	0
0	0
0	15
0	3
0	22
4	34
3	15
9	45
0	206
0	1
2	8
1	2
0	178
216	32
3	52
0	5
0	4
0	1
0	1
0	1
0	0
0	1
0	0
0	64
0	14
145	50
23	0
0	0
0	0
0	0
0	0
0	0
0	0
3	1
0	1
0	0
10	35
206	35
0	22
0	0
0	8
128	120
3	120
5	119
13	119
0	119
4	16
79	1
0	1
2	1
0	1
0	1
0	1
95	30
8	0
0	30
0	15
0	15
0	6
0	0
0	0
0	1
2	5
0	1
3	0
61	0
0	0
0	0
61	99
0	113
0	21
4	1
76	52
105	0
357	0
1	8
0	8
3	3
0	8
8	10
0	3
0	2
0	2
0	1
0	0
1	0
7	0
6	0
0	0
47	0
20	44
0	44
0	37
13	0
48	6
0	37
5	47
178	11
1	0
14	0
0	0
18	0
14	62
9	62
10	56
5	0
7	462
0	1
49	541
0	22
0	203
0	22
0	3
254	0
1	530
0	533
0	4
0	1
0	10
0	3
0	3
2	9
0	0
0	9
0	33
308	33
0	4
0	9
0	9
3	44
0	44
91	336
1	0
0	8
0	336
0	8
0	21
5	21
0	8
0	8
0	2
0	0
0	1
0	6
0	0
0	0
0	6
13	8
2	6
0	5
13	1
78	0
47	0
11	0
24	0
0	1
0	1
0	13
0	2
8	1
2	11
1	0
0	0
0	1
5	0
0	2
0	0
0	2
0	0
3	0
0	1
0	1
0	1
1	1
0	1
0	0
0	1
93	0
2	90
0	21
0	20
0	86
15	3
0	0
6	0
12	0
1	3
0	0
24	2
0	0
0	1
0	1
0	6
19	13
0	8
0	13
0	61
0	61
0	23
0	6
0	4
0	4
0	1
9	0
0	3
0	3
213	0
4	5
2	5
0	6
3	6
0	6
0	0
0	0
0	0
0	19
0	19
0	7
19	8
4	8
0	8
0	10
0	2
9	0
10	17
0	17
2	5
13	0
0	0
63	0
0	23
0	23
0	16
0	23
1	11
0	12
0	1
0	1
0	2
0	1
0	0
0	6
0	6
0	8
0	6
0	0
0	0
7	2
10	4
0	4
52	0
0	0
187	47
0	5
0	43
0	8
0	8
0	3
31	9
0	0
0	9
0	4
0	4
0	6
9	6
5	2
0	1
23	86
0	69
42	20
484	20
0	0
2	0
14	271
0	16
0	0
6	258
19	68
0	53
0	20
0	47
35	8
3	8
0	0
3	0
0	8
18	7
0	29
42	3
20	3
92	41
97	0
398	10
0	8
100	0
0	3
0	25
0	0
57	3
0	20
0	25
0	8
0	9
0	46
0	46
6	19
0	0
0	3
0	3
6	3
0	2
5	0
0	0
2	0
0	0
19	5
0	0
2	15
3	14
9	15
2	5
235	7
9	4
0	9
58	0
0	9
0	59
0	67
0	62
9	0
0	10
0	10
0	0
0	2
0	2
0	2
0	2
2	10
0	2
0	5
0	10
0	2
0	5
0	13
23	13
0	13
0	12
0	0
4	10
3	10
16	35
35	31
39	35
0	0
60	10
7	15
0	2
0	7
6	2
0	2
0	2
0	2
0	2
37	13
0	13
0	1
1	0
0	0
6	0
0	16
0	16
0	5
24	3
0	0
0	0
0	0
4	6
0	20
0	20
70	0
0	0
126	5
0	4
3	0
0	1
28	0
0	0
0	1
0	7
3	11
4	1
0	0
1	1
0	10
16	2
0	0
49	50
0	42
16	33
0	21
0	20
6	20
0	19
0	0
0	7
0	7
2	0
7	4
0	0
2	9
5	4
18	4
0	0
0	9
0	61
0	88
0	96
0	96
33	108
0	107
0	0
0	0
0	1
0	25
0	59
13	0
0	96
3	0
0	0
5	86
0	1
0	17
0	2
1	1
3	0
1	7
0	0
0	7
0	0
0	12
0	13
0	12
0	12
0	12
0	11
0	6
0	15
0	11
33	0
18	67
0	42
0	43
5	30
0	31
7	23
0	21
0	38
0	34
2	0
0	0
0	0
0	3
0	3
0	4
13	26
0	1
23	37
0	1
0	48
0	5
27	47
16	33
128	33
0	0
14	18
0	4
0	16
0	19
0	11
0	24
9	14
0	0
31	101
6	101
4	0
0	2
0	2
4	3
0	3
1	0
3	0
0	0
1	2
0	1
179	1
27	0
0	2
0	2
1	1
0	2
0	0
2	0
0	0
0	0
0	0
0	0
0	0
0	0
0	0
1	0
0	26
0	0
0	32
0	0
0	0
0	32
41	0
8	6
122	23
0	16
2	2
0	6
31	110
0	110
0	35
55	15
0	10
0	0
0	6
0	0
1	0
1	0
0	0
0	9
0	0
18	127
0	34
0	3
0	3
1	81
20	0
0	125
0	1
3	0
0	0
0	0
8	112
7	0
46	9
0	9
3	0
4	0
0	6
34	4
0	3
0	0
0	1
0	0
10	0
1	0
0	0
0	0
0	1
0	0
0	1
112	14
0	14
5	0
0	210
20	210
0	160
2	13
1	30
27	13
0	1
0	14
48	59
75	0
0	4
0	22
0	15
0	49
0	55
5	0
0	13
1	0
0	14
17	3
0	36
0	33
0	32
0	35
0	30
0	19
0	16
0	6
2	6
1	0
357	19
1	2
193	16
0	9
0	0
0	16
0	17
0	17
2	2
3	2
5	18
39	172
0	8
0	136
0	165
11	25
0	20
0	13
2	13
0	2
11	15
0	0
0	0
3	11
0	15
2	1
0	2
0	2
3	2
0	0
3	0
0	6
15	17
0	17
12	7
26	6
1	0
0	0
27	7
9	20
0	19
2	7
1	0
0	0
24	2
0	0
0	0
0	2
6	0
0	0
8	2
2	3
0	2
1	79
0	79
8	56
10	2
0	4
0	4
0	2
0	39
1	19
0	19
3	19
52	1
0	4
0	43
165	0
1	0
0	0
0	0
1	0
6	0
25	11
0	8
0	11
1	116
0	116
0	0
0	7
7	5
5	7
7	0
5	0
1	0
14	0
1	0
39	65
0	65
74	310
138	158
0	159
2	159
0	310
0	228
6	0
0	0
0	4
0	4
13	0
59	45
58	51
1	8
0	2
28	231
0	4
0	4
0	24
0	24
24	137
0	4
0	0
0	2
20	220
1	181
0	12
0	12
0	5
0	12
0	1
1	12
3	1
6	0
4	0
14	10
0	3
5	0
94	15
0	7
0	7
0	7
0	1
1	6
28	21
0	26
1	0
7	1
2	10
116	0
207	0
10	4
0	0
17	4
8	9
0	10
25	17
0	9
9	1
0	1
1	1
0	0
0	0
3	0
3	1
0	1
0	1
0	1
4	0
0	0
48	28
2	0
113	3
4	15
0	3
23	34
0	16
7	0
0	29
0	33
0	0
13	5
0	5
0	4
8	126
5	130
1	0
0	0
0	0
15	73
1661	62
0	46
8	20
2	12
29	19
0	9
4	14
0	14
0	2
2	5
0	5
5	7
1	0
1	267
0	0
1	0
5	1
0	1
38	135
125	132
21	23
5	14
18	19
0	0
13	1
8	0
0	19
1	132
344	132
0	3
6	4
97	92
0	6
0	6
93	96
0	2
0	8
0	8
0	4
0	4
0	3
4	0
3	13
0	14
0	13
213	2
0	1
2	0
0	9
0	4
3	10
0	5
0	2
0	7
0	7
0	3
0	0
4	5
0	5
31	18
0	38
2	3
0	18
0	0
6	0
64	0
11	1
0	0
1	0
0	49
11	2
0	2
0	20
0	22
206	20
40	0
0	0
0	0
0	0
0	0
24	0
0	0
8	0
6	9
0	22
5	22
0	18
13	1
30	1
0	0
0	0
1	0
0	3
0	5
0	0
1	4
0	3
6	2
7	2
0	0
770	4
0	4
194	9
20	9
2	4
0	2
78	23
0	11
0	13
0	21
1	0
0	0
0	9
0	0
15	13
1	12
16	5
5	0
0	17
0	14
0	13
0	30
5	30
0	7
5	12
1	0
0	47
0	14
0	7
4	10
556	31
0	47
0	237
19	0
181	245
0	8
0	0
3	4
0	0
3	0
6	4
1	0
1	4
0	2
0	2
0	0
1	2
0	0
0	0
0	1
0	1
0	0
1	1
0	0
52	27
0	27
18	24
0	0
0	0
6	34
0	24
0	10
0	10
0	6
16	10
0	35
0	35
2	8
0	3
0	0
4	3
3	3
8	3
0	3
1	8
0	0
1	5
0	10
5	33
0	20
0	33
0	16
1	4
141	0
316	4
0	7
0	11
14	0
58	22
5	22
1	0
1	7
0	7
29	60
0	7
15	33
28	33
0	4
0	1
6	3
0	0
0	0
5	0
0	0
0	0
0	2
0	7
0	7
0	2
5	25
1	16
0	7
0	11
0	323
0	332
0	262
1	211
0	172
0	9
34	0
0	2
1	4
0	1
0	2
0	0
0	1
0	0
0	1
7	0
0	3
0	7
5	3
0	25
0	1
0	1
11	29
0	0
0	28
0	28
0	4
8	0
9	8
0	9
0	9
2	7
4	35
0	4
1	0
1	7
0	5
2	0
0	2
0	0
0	3
0	0
0	4
0	0
18	17
0	10
0	15
0	4
55	27
2	23
0	0
4	0
2	0
0	4
806	8
0	2
0	2
0	2
0	0
0	7
2	14
0	3
0	3
1	0
219	267
0	267
215	8
0	8
326	10
0	3
1	1
17	0
0	1
1	4
1	4
5	2
0	1
0	3
1	1
0	0
3	2
0	1
127	428
0	428
68	34
0	7
1	18
1	6
5	0
0	0
0	25
0	3
0	3
0	0
0	3
0	5
0	5
63	79
1	79
22	58
1	58
12	0
0	147
2	50
24	5
0	5
0	2
0	2
0	0
102	158
3	152
0	45
11	1
5	1
0	1
5	2
0	8
36	57
0	1
0	1
1	0
6	0
3	0
9	49
0	6
0	3
5	55
0	55
3	52
0	115
15	342
0	340
0	28
0	1
7	6
7	0
0	0
0	316
0	316
3	304
24	0
1	0
0	0
20	0
0	17
23	17
0	1
0	69
399	446
47	298
0	57
8	67
0	134
118	4
0	4
4	0
4	0
3	0
0	36
0	36
30	4
0	0
0	2
0	2
0	0
0	3
0	3
8	0
5	1
0	1
110	16
12	3
0	2
3	1
6	1
0	1
0	2
0	2
0	0
6	13
0	4
0	0
0	0
11	32
0	32
1	35
0	33
0	20
0	0
0	0
0	0
7	0
3	2
0	1
0	3
0	1
0	3
20	15
0	2
44	15
0	0
2	0
24	67
0	16
1	7
0	65
9	2
1	56
42	0
0	28
0	9
0	28
0	4
0	5
0	4
0	4
0	26
0	20
0	20
0	21
0	3
0	0
0	1
0	5
0	4
0	4
0	4
0	4
0	4
20	16
9	3
0	3
14	0
0	0
5	9
0	9
263	35
0	38
12	29
0	17
0	7
0	0
2	0
0	1
0	27
23	17
0	17
2	0
0	0
3	0
34	10
3	8
2	6
0	4
15	9
9	0
0	0
0	2
0	2
0	0
0	0
0	0
0	2
0	2
1	2
0	6
0	6
0	6
0	4
76	21
0	21
0	1
0	1
0	0
0	1
47	0
90	0
188	61
0	61
0	4
12	36
5	2
48	106
2	0
0	106
0	106
4	0
2	0
58	53
0	53
9	0
0	0
7	0
5	0
0	7
0	1
117	23
0	1
0	0
2	21
14	15
0	17
0	4
0	0
0	0
28	0
175	0
1	7
0	0
0	0
0	0
12	28
35	89
11	28
0	66
79	51
32	26
0	13
0	1
5	7
31	29
0	29
0	0
2	0
5	0
1	0
0	3
0	0
0	1
3	0
5	35
0	0
0	0
1	0
1	7
0	7
0	1
0	0
0	1
0	1
40	20
0	20
34	26
8	27
4	0
0	0
5	0
55	3
9	13
1	17
0	0
13	7
5	2
0	1
11	6
13	0
0	13
12	1
1	0
12	7
0	7
0	0
3	9
0	9
0	6
1	14
0	13
0	1
0	13
4	0
0	0
0	7
12	7
0	36
0	36
0	1
0	0
0	22
1	6
0	33
9	42
32	0
0	0
4	0
0	6
27	59
1	6
0	59
31	7
0	0
1	15
1	0
23	72
0	77
0	1
0	1
0	1
0	848
14	848
8	1
0	41
23	240
0	239
0	11
0	14
0	14
28	1784
0	1068
0	1795
0	4
0	190
0	3
0	13
0	13
0	1
1	0
0	0
1	0
2	0
0	0
5	1
25	6
28	5
0	1
0	1
0	1
0	1
0	1
0	1
10	1
0	0
111	0
30	59
0	4
4	0
0	70
0	70
0	3
13	2
94	4
4	4
4	1
0	5
0	0
4	38
0	16
0	27
0	0
0	10
0	0
8	10
0	10
0	4
0	1
0	1
0	0
0	6
151	6
0	17
0	26
0	24
1	14
0	5
0	20
0	41
0	53
0	10
8	10
189	26
0	2
0	5
8	0
0	48
43	0
0	0
0	0
0	5
0	5
0	5
0	5
0	5
0	0
0	0
350	64
4	0
0	5
0	5
0	5
0	5
0	3
0	3
0	1
1	0
0	46
46	46
0	0
0	0
2	0
0	0
0	32
0	32
2	0
5	0
17	2
2	2
0	2
0	0
0	2
12	7
0	7
9	7
0	0
0	0
0	0
0	0
6	0
37	0
0	1
0	5
0	7
0	7
0	0
0	0
2	7
6	7
9	0
0	0
0	0
5	31
2	36
0	0
0	4
0	4
0	2
27	15
0	1
1	1
0	1
0	1
0	11
709	118
74	114
22	6
0	6
0	4
0	0
0	2
0	0
1	2
0	5
0	5
0	43
3	43
0	2
82	14
0	14
16	22
5	5
0	4
0	0
28	65
4	65
0	2
0	0
8	0
61	0
0	5
0	9
0	0
0	0
0	0
0	0
0	12
0	14
0	14
4	10
0	5
0	5
0	5
0	5
0	5
0	5
0	0
0	0
7	0
0	0
0	9
0	9
0	5
5	0
8	0
5	18
40	8
0	0
0	0
0	10
0	0
30	2
0	2
0	1
0	0
1	6
0	6
0	12
0	12
3	6
94	50
0	27
1	0
0	27
11	36
71	18
106	10
0	5
0	12
104	18
0	18
3	0
63	45
21	41
11	12
0	4
4	107
0	107
6	5
0	1
0	1
0	3
82	0
0	2
0	2
0	5
0	5
0	2
0	0
0	0
3	0
8	11
0	11
0	0
4	1
36	4
32	11
0	11
0	0
2	0
0	2
3	1
0	1
0	0
6	2
4	20
0	6
7	14
0	1
0	0
0	0
6	0
0	1
5	0
0	0
1	0
0	0
0	0
0	0
0	0
0	0
38	48
0	48
2	262
71	262
0	2
7	2
4	0
7	233
0	124
23	2
0	96
11	108
338	126
2	126
237	139
4	3
3	3
0	2
0	1
0	1
0	0
0	0
1	0
4	3
23	3
0	3
0	3
0	3
0	19
0	13
0	1
10	1
1	1
0	0
0	0
0	0
0	0
0	0
0	0
0	0
0	0
0	0
3	121
0	151
0	157
0	150
0	23
154	232
0	199
81	23
10	23
0	17
0	11
0	13
1	17
0	2
0	13
0	2
0	10
0	5
0	0
0	14
0	36
0	37
11	48
76	9
0	2
0	2
0	8
0	1
0	19
0	11
21	39
3	35
0	17
416	131
0	126
5	13
0	5
0	0
13	37
7	1
1	18
0	0
1	2
0	3
0	14
0	14
4	9
58	0
9	103
0	144
0	26
0	0
0	39
4	45
15	1
0	0
1	1
0	1
2	1
6	7
0	7
0	144
0	1
0	1
55	0
148	11
0	9
0	9
0	10
0	8
0	3
0	2
0	1
0	1
3	1
1	0
0	9
314	18
3	0
0	0
0	0
0	0
23	16
0	2
148	18
27	0
0	0
0	0
21	29
0	3
0	0
0	23
0	11
0	1
7	0
0	11
0	0
55	1
1	0
0	15
0	0
0	15
5	0
0	0
0	5
0	17
36	14
0	3
5	10
0	9
0	9
26	9
8	6
0	13
1	12
0	6
8	0
2	0
230	43
218	43
13	48
0	18
215	1
0	82
3	82
0	28
0	0
36	0
0	0
1	2
9	34
29	1
19	1
0	0
0	106
0	140
61	140
0	30
0	24
0	0
0	17
0	17
0	0
0	129
1	160
0	27
0	160
5	82
6	33
0	33
0	11
0	2
0	0
0	2
0	4
0	1
28	77
2	20
22	16
6	0
80	15
39	19
26	22
0	0
1	22
0	0
0	0
0	12
0	6
0	6
0	4
3	4
0	0
0	0
0	0
0	0
7	469
0	175
0	4
16	0
0	8
0	180
242	478
10	3
0	18
21	18
22	114
14	114
0	14
0	14
0	4
284	15
0	15
202	0
0	0
0	13
0	13
0	5
8	83
0	26
1	7
42	3
0	20
0	32
0	9
0	6
0	23
0	24
0	3
17	0
0	0
0	0
15	8
0	34
3	0
953	1
2	1
27	1
1	0
3	60
0	60
0	16
0	16
0	3
2	1
0	1
65	46
11	46
3	0
0	0
0	0
12	0
0	0
0	6
0	16
21	38
0	29
0	38
24	10
60	19
2	19
0	0
0	0
0	0
26	2
0	2
3	5
23	6
534	21
17	8
0	5
0	18
0	160
13	160
0	151
1	2
0	2
0	2
0	14
0	14
39	41
0	34
5	26
0	7
0	0
0	0
2	0
0	0
5	19
0	12
4	6
176	3
0	22
1	20
5	0
0	0
0	0
25	6
0	3
0	1
0	3
0	2
6	7
0	1
7	9
0	9
0	8
0	6
0	126
0	132
0	0
0	1
7	0
0	0
251	271
0	94
0	73
0	28
1	16
0	22
0	5
35	6
0	8
0	21
0	67
9	3
0	3
0	3
1	0
0	2
0	0
1	0
0	12
3	0
3	0
0	0
0	16
3	16
70	245
1	3
0	3
0	0
0	0
0	0
70	40
12	39
3	37
30	32
0	20
0	20
0	2
0	0
0	1
1	1
0	2
0	0
0	0
4	0
0	2
204	25
22	1
0	0
2	0
0	0
0	24
0	7
1	2
0	0
0	20
7	4
0	1
0	4
19	13
0	10
0	10
4	9
0	9
7	6
0	7
17	334
173	230
15	147
0	266
1	211
0	143
0	3
0	3
0	4
0	4
0	4
0	2
0	0
0	0
217	86
0	3
3	0
0	1
0	0
0	83
1	0
0	40
0	40
8	23
9	13
0	2
11	11
0	2
0	33
0	33
5	0
0	1
17	1
2	1
0	13
0	14
0	13
65	26
215	20
4	20
9	20
120	10
0	10
0	3
0	0
3	0
0	0
1	0
0	0
0	3
0	3
0	0
0	0
0	2
0	2
6	43
0	8
29	38
3	6
0	0
0	24
0	36
0	43
0	60
34	60
0	0
1	0
0	0
0	0
0	0
199	0
0	15
0	3
27	19
4	7
0	11
47	6
19	0
52	22
1	1
4	17
72	21
385	18
0	18
0	4
0	18
0	4
110	0
401	0
0	0
7	0
7	34
1	34
0	6
0	0
3	5
0	0
3	3
0	0
0	9
0	9
0	0
0	9
0	12
0	12
0	11
479	8
0	8
3	4
0	4
0	1
0	2
0	2
0	0
14	10
0	0
0	0
0	0
0	10
0	0
0	0
12	4
0	0
0	4
0	3
2	6
0	4
0	4
1	1
0	0
0	0
2	3
44	3
3	2
0	11
108	38
9	50
0	44
0	0
20	5
14	5
0	1
116	3
17	16
1	13
0	0
0	4
0	16
0	15
1	9
0	5
8	0
0	5
0	11
5	11
0	68
0	125
0	127
0	155
0	5
0	7
4	43
0	155
0	3
12	5
0	4
0	6
0	0
0	2
0	0
0	2
0	0
1	0
1	0
0	0
0	2
0	3
0	0
0	1
0	1
6	0
5	1
13	1
0	0
0	10
0	10
33	19
0	10
0	16
0	4
0	0
0	0
1	3
0	3
74	55
162	55
0	20
0	2
2	2
0	0
9	0
0	14
38	27
3	0
0	11
7	11
0	0
0	0
0	0
33	0
2	0
1	0
13	3
0	3
0	3
0	3
5	3
1	4
0	18
5	18
0	18
3	13
448	92
0	89
0	26
6	2
10	11
3	0
45	15
0	13
1	0
0	0
2	6
0	5
0	19
13	15
0	8
0	0
0	15
7	7
2	19
0	14
0	8
2	28
0	1
3	0
0	28
24	2
0	2
0	19
0	19
0	7
29	48
0	47
0	0
0	23
0	6
0	0
1	0
5	0
510	28
7	0
0	0
3	4
0	4
0	4
0	35
0	9
0	35
0	29
0	29
1	1
0	1
0	29
1	0
7	0
0	0
0	0
1	0
0	0
19	17
2	17
1612	0
193	0
4	0
1	16
121	3
74	21
0	19
0	12
0	11
0	0
0	4
0	27
0	17
0	10
3	0
0	8
0	4
0	8
0	0
52	4
0	5
0	5
4	0
0	0
0	0
0	0
1	1
0	0
4	11
3	11
0	12
0	13
3	1
0	0
0	0
0	0
0	0
0	27
0	14
0	6
0	7
3	8
3	7
0	4
0	5
73	22
0	8
472	10
245	15
2	20
179	158
37	139
39	0
0	0
2	3
0	3
0	0
14	1
0	3
0	3
0	3
19	1
0	1
53	21
3	21
1	0
0	13
0	14
0	8
0	10
4	36
1	25
0	23
0	17
0	8
1	0
2	3
11	8
0	5
0	5
43	5
0	53
40	53
0	7
8	2
1	0
0	0
4	2
103	4
0	0
3	1
0	0
0	0
1	0
421	0
7	199
0	41
0	26
0	4
4	0
0	180
6	6
0	6
0	188
0	188
1	188
18	197
0	97
0	9
0	0
33	0
53	69
0	0
1	60
0	60
0	60
3	0
15	77
0	77
0	57
66	4
0	1
0	1
4	0
196	0
2	0
0	1
0	1
0	2
0	2
0	0
0	4
0	3
0	4
26	4
0	0
0	1
10	23
0	1
11	1
0	0
0	0
128	53
90	74
0	240
94	274
0	53
8	12
0	2
158	44
94	38
0	20
1	172
3	50
0	50
0	4
5	41
22	41
2	1
0	41
0	0
0	0
0	0
0	0
0	0
0	0
0	0
0	0
2	1
0	0
0	1
0	0
2	0
0	0
3	0
1	12
0	4
6	8
0	7
0	15
0	4
1	1
0	1
0	13
0	13
0	2
29	11
6	14
0	14
0	6
2	1
0	1
4	4
4	4
0	34
99	36
0	5
0	4
5	3
906	0
332	93
0	0
2	12
11	12
0	4
0	4
0	3
0	3
0	0
4	0
0	0
0	0
58	93
0	120
11	41
0	3
213	137
10	150
0	82
2	39
3	1
17	22
0	22
0	3
0	11
0	1
0	79
0	90
0	82
4	21
0	27
13	1
0	0
0	27
0	27
4	6
27	15
5	1
0	15
0	14
11	8
4	8
0	8
0	11
17	37
2	68
0	0
0	5
0	5
0	5
0	7
0	2
14	2
2	46
5	0
0	17
4	37
0	22
0	1
0	1
0	0
3	0
20	17
0	1
0	16
0	16
0	0
0	4
0	4
0	4
0	4
0	1
0	1
0	1
0	1
0	1
1	0
0	16
0	16
0	3
0	16
1	80
0	29
148	52
7	1
0	52
0	1
6	13
0	13
9	13
180	30
0	1
3	0
3	18
0	31
19	13
3	13
0	9
28	11
0	7
3	2
3	10
0	10
180	0
0	0
16	43
0	0
129	43
5	0
0	0
3	70
0	70
0	47
2	37
2	0
0	29
1	1
0	0
0	1
3	3
0	3
0	0
0	2
0	2
0	1
0	0
0	0
0	2
2	3
0	0
0	0
0	0
0	23
0	88
26	70
0	53
0	55
0	11
1	469
0	34
1	0
66	468
13	14
9	14
0	7
0	7
0	0
0	0
0	0
0	1
0	0
0	0
0	1
3	6
0	6
0	0
0	0
2	0
0	0
0	0
0	0
0	0
0	0
22	0
0	50
0	46
0	50
0	11
0	1
0	0
0	0
20	79
0	56
0	10
4	0
1	45
0	23
13	45
2	14
1	3
0	6
0	12
19	11
175	2
0	3
2	2
0	0
0	0
0	0
0	0
5	0
0	0
0	1
2	3
0	3
0	0
5	0
0	0
0	0
0	0
162	1201
0	0
0	0
0	0
545	16
0	0
0	16
1001	8
63	8
0	18
0	7
0	5
0	0
23	11
0	2
25	11
86	11
0	2
0	2
26	3
0	0
2	1
0	1
0	7
0	7
0	19
0	74
0	0
0	55
0	19
21	59
0	58
0	53
0	52
0	11
0	5
0	6
0	2
0	5
0	7
409	5
1	36
0	36
5	2
0	1
0	0
0	8
0	8
4	1
124	16
0	14
1	14
0	6
0	6
0	3
0	3
0	0
15	0
0	3
0	7
113	41
513	49
0	33
0	26
0	16
1	90
2	0
3	0
2	122
1	0
0	254
0	2
0	0
0	0
2	2
0	2
0	254
27	4
12	354
0	2
4	0
0	6
0	3
0	6
79	9
0	9
0	1
0	1
2	0
77	6
1	0
156	323
2	6
0	6
0	1
0	6
0	1
0	1
0	5
46	4
3	1
0	0
6	3
54	1
0	1
17	369
0	8
0	6
0	0
0	0
0	8
0	0
0	1
0	3
0	0
0	8
0	0
0	9
0	0
0	36
12	196
1	0
200	0
0	0
0	0
1	0
0	14
0	14
21	16
20	12
2	4
10	2
72	167
3	167
0	0
4	0
5	28
0	27
0	3
11	1
0	0
0	1
0	0
3	30
0	30
0	7
0	5
0	1
13	7
2	3
19	229
0	229
0	212
344	210
0	211
1	227
0	210
3	14
122	6
0	3
0	5
25	0
16	2
0	3
8	3
0	0
0	59
1	52
0	59
0	52
9	48
184	0
0	0
0	0
4	0
29	9
0	9
2	42
3	20
0	0
5	0
0	0
8	0
21	0
1	5
0	1
0	0
10	6
9	6
10	4
0	2
0	0
0	0
4	0
32	3
8	0
0	3
0	46
27	602
0	145
0	145
0	0
0	3
0	0
0	0
14	0
0	1
0	0
4	0
18	8
0	2
0	0
0	0
0	5
0	3
0	506
0	0
2	11
0	1
0	0
0	0
1	613
0	613
0	0
0	0
755	0
0	4
0	27
0	27
14	27
0	0
0	1
0	1
0	2
0	2
0	1
0	1
0	0
927	150
0	150
0	150
0	5
0	145
0	90
0	87
10	12
16	9
0	10
4	1
0	4
0	1
0	0
0	5
0	16
0	16
0	2
27	16
1	16
0	0
3	1
0	1
3	3
1	6
0	3
242	0
3	15
0	15
0	0
0	0
0	0
1	1
1	1
15	0
0	1
0	0
0	31
1	34
0	3
0	0
0	7
0	7
0	2
0	2
0	0
8	0
19	8
10	5
0	0
0	0
0	0
0	5
0	0
2	0
26	14
0	6
0	0
0	6
0	6
0	0
0	8
0	20
18	38
0	34
22	17
10	19
6	11
7	10
0	11
69	18
23	9
0	25
1	44
0	32
4	43
0	26
0	24
0	0
0	2
0	2
0	31
48	0
0	0
0	0
0	2
0	13
0	14
0	14
0	14
0	13
3	2
0	0
5	2
0	2
0	3
3	13
0	35
2	35
0	40
15	0
0	0
56	29
171	1
0	0
0	0
0	0
1	1
0	0
7	0
0	0
20	0
0	0
0	1
0	1
5	0
0	0
0	119
0	119
0	119
0	1
4	3
0	3
13	10
0	0
0	8
17	11
4	67
14	15
0	1
28	14
5	0
24	2
0	2
51	959
1	4
0	4
0	5
0	889
16	2
0	30
170	1
0	1
0	0
0	1
1	95
4	14
0	14
88	14
3	0
0	0
0	0
220	81
5	0
0	10
0	10
0	10
0	2
13	0
61	32
2	32
5	12
0	19
0	31
98	210
76	205
1	69
0	79
7	68
82	131
7	2
0	2
0	2
9	0
14	11
0	8
31	31
0	4
0	0
0	27
415	193
5	7
0	42
0	59
3	2
29	98
0	54
1	87
0	54
0	18
0	0
0	1
1	0
0	1
0	18
0	7
0	7
0	0
0	2
1	2
0	0
0	0
2	0
0	29
0	29
0	0
17	19
0	5
4	3
0	3
0	2
0	2
0	2
68	35
0	62
0	0
4	39
0	14
0	27
26	6
0	39
0	15
3	26
50	26
0	25
22	1
0	6
28	2
0	2
4	0
0	23
0	22
6	34
6	34
0	39
0	36
6	14
5	17
0	1
24	28
0	28
0	4
79	31
0	26
0	0
5	10
0	29
1	24
0	26
0	0
0	0
3	2
2	2
2	3
40	8
0	25
0	6
0	9
0	9
0	9
0	28
2	1
0	0
0	0
0	0
0	8
0	8
0	8
1	9
0	20
4	0
1	20
0	0
1	1
0	0
0	11
0	11
0	11
0	64
0	11
0	31
0	6
6	0
18	53
0	4
54	168
0	54
0	19
0	36
22	18
0	0
1	0
0	6
3	18
0	6
0	0
11	14
0	12
2	2
0	13
0	2
0	11
0	11
0	11
0	0
7	0
12	0
0	2
0	8
0	7
2	7
0	0
0	0
7	0
86	122
273	608
21	595
14	12
0	5
0	0
2	24
0	2
3	1
0	1
3	0
32	102
0	69
5	58
7	54
2	0
0	0
17	32
259	26
0	34
14	8
1	0
1	8
1	14
0	13
74	35
0	35
0	0
0	1
0	1
0	0
0	0
0	0
1	0
0	2
0	2
13	39
0	3
0	32
219	216
0	91
4	95
0	31
0	83
0	18
0	6
0	0
0	0
0	0
9	0
3	16
0	16
0	1
0	16
0	0
1	0
0	0
36	0
0	7
0	7
0	0
7	1
0	0
0	0
5	1
47	190
0	190
0	143
281	4
4	5
8	1
0	0
2	99
0	99
32	25
0	6
1	2
0	0
0	1
52	86
0	54
9	68
0	22
0	22
30	21
0	21
7	0
5	0
6	21
3	14
0	4
0	4
2	4
17	68
1	51
0	66
0	26
0	3
4	30
0	0
0	102
340	105
0	29
0	1
0	2
23	1
7	52
0	53
0	62
0	68
0	113
0	0
25	60
0	15
0	14
0	113
74	8
4	1
9	11
0	10
2	0
0	1
6	9
401	6
0	3
139	24
0	24
0	3
0	7
0	7
0	0
0	0
0	0
0	3
0	5
10	5
0	3
0	9
0	50
0	50
0	50
0	10
0	10
23	47
369	42
310	36
0	0
0	22
148	6
28	50
0	12
1	14
0	2
0	0
195	2
6	1
1	2
142	172
3	33
0	44
0	2
6	7
1	5
0	2
0	1
0	0
5	12
0	11
60	18
0	29
60	38
42	31
0	29
0	19
0	19
4	1
2	0
0	13
10	1
0	8
6	23
0	23
12	61
2	0
0	0
0	0
0	0
0	0
3	0
0	0
21	0
0	0
0	5
0	5
0	0
6	5
0	39
0	14
0	36
0	54
0	50
0	27
0	13
3	0
0	0
25	0
0	27
3	68
0	13
683	3
13	5
0	2
0	0
7	7
0	7
0	17
0	11
5	7
0	0
9	0
0	6
0	1
15	4
0	3
0	3
0	3
7	0
7	0
0	0
6	0
441	5
0	0
182	2
0	2
0	0
0	11
11	11
0	0
0	0
0	0
0	0
0	0
0	0
0	0
0	11
0	0
0	0
0	0
2	0
6	0
0	0
160	0
11	0
3	380
0	401
0	16
0	0
8	21
50	9
0	9
9	2
0	1
0	8
0	1
0	0
0	2
0	0
0	0
0	0
7	0
0	0
0	0
0	0
28	23
0	0
0	488
0	480
0	6
0	0
0	6
0	3
0	61
3	61
53	23
13	9
0	6
0	2
0	0
129	13
5	14
6	0
6	2
0	100
0	100
0	16
1	100
0	0
0	0
1	0
0	0
0	0
0	42
0	0
85	372
0	14
0	13
0	0
0	3
6	8
0	0
1	0
0	8
0	3
0	0
0	5
0	0
0	5
0	9
173	0
18	53
26	53
0	39
0	39
1	21
0	20
0	0
0	1
1	34
0	4
0	5
0	3
0	2
0	1
81	255
1	366
88	421
0	0
0	1
0	6
305	406
0	275
4	0
0	0
0	7
4	80
0	80
0	0
0	0
0	0
0	0
0	7
42	188
0	28
0	26
1	11
0	29
9	0
0	4
0	17
0	49
0	12
0	5
452	50
0	3
0	0
225	21
12	110
0	109
2	112
0	129
0	129
0	21
0	1
1	2
108	143
9	143
55	163
38	158
0	143
20	139
0	106
0	0
0	0
0	0
64	11
0	11
0	1
11	0
0	2
0	18
0	31
0	0
5	2
0	2
1	0
50	0
5	2
0	2
0	0
30	11
0	11
16	7
2	0
0	0
0	33
0	0
6	0
7	1
13	2
6	74
0	2
1	1
1	0
3	0
0	0
0	346
0	56
0	7
0	0
2	345
0	9
0	9
0	0
9	0
70	28
3	10
150	10
0	22
0	22
0	5
0	22
7	0
1	0
0	7
0	2
3	2
0	0
0	0
0	0
0	0
0	0
0	0
0	0
10	0
14	8
0	0
2	0
270	50
0	50
1	1
0	46
0	14
0	14
0	14
4	6
1	5
0	14
0	5
0	14
0	14
0	14
3	0
0	0
0	11
2	11
0	11
15	4
0	4
1	0
178	51
2	48
0	24
0	26
0	5
0	5
0	0
1	0
0	3
0	0
2	5
2	3
0	0
0	0
0	0
0	0
0	75
0	60
0	16
7	66
24	14
9	0
2	0
0	0
0	0
0	1
1	2
0	1
326	0
0	1
16	1
2	0
150	31
0	18
0	4
100	109
0	79
0	61
4	41
0	1
0	1
5	1
0	2
1	2
0	2
0	2
0	2
0	2
0	2
0	0
700	108
5	128
5	88
0	90
0	45
84	72
0	35
0	21
0	20
0	15
0	1
0	45
0	1
0	1
0	0
3	8
45	24
0	8
0	15
0	0
10	3
0	3
1	2
0	0
0	0
0	1
0	0
0	0
7	1
0	0
0	1
0	2
0	1
3	0
0	1
0	0
11	2
0	0
0	1
0	1
0	1
0	0
0	0
0	0
417	36
0	33
0	14
0	13
0	13
0	20
73	25
0	10
0	10
0	15
0	0
0	0
5	1
18	0
8	10
1	2
0	54
4	19
1	304
0	294
2	9
15	1
18	3
22	3
2	2
10	0
0	0
1	9
0	9
3	9
8	27
0	31
0	38
8	31
5	7
0	4
0	4
0	4
0	3
28	43
0	37
4	16
4	8
0	8
0	0
0	0
0	0
2	0
195	1
58	19
1	0
55	19
0	19
0	19
4	21
54	58
6	57
0	2
0	1
33	15
0	1
0	13
0	13
0	1
0	0
0	0
1	0
0	0
0	40
0	15
7	0
18	34
0	0
1	34
6	0
0	8
0	35
0	13
0	3
0	0
0	0
0	0
0	0
0	0
0	0
0	0
0	35
72	0
0	0
0	0
6	0
4	1
0	1
0	0
0	0
0	0
0	0
1	1
0	1
0	0
25	0
0	12
8	0
0	11
49	11
0	1
0	1
0	0
3	0
3	0
8	20
0	20
69	0
0	0
0	0
20	0
0	0
0	0
0	0
43	56
0	50
0	25
0	14
0	7
6	23
0	0
0	0
4	0
3	6
300	117
1	114
0	112
0	3
0	1
0	0
2	0
1	0
56	18
0	5
0	0
61	39
1	39
3	22
0	11
20	0
0	1
0	3
0	3
0	2
0	3
0	0
1	21
0	20
0	21
0	21
11	48
2	0
1	0
0	48
0	2
0	1
5	14
151	0
0	0
1	0
0	14
16	28
87	52
33	2
10	0
9	4
0	0
8	0
0	0
0	0
62	71
0	23
1	50
0	27
0	3
10	48
3	14
405	2
0	2
0	0
1283	2
0	0
0	2
0	0
0	0
0	0
0	0
2	2
0	1
18	0
1	0
1	0
0	0
4	0
3	2
0	2
0	2
0	0
9	2
0	0
0	59
0	59
0	52
0	4
0	3
33	0
0	5
39	58
0	41
4	17
0	1
0	1
0	1
14	1
0	1
0	0
0	0
0	0
210	51
4	50
65	115
14	21
3	0
15	1
0	0
0	84
1	8
0	8
3	8
0	77
7	4
0	0
0	8
3	2
0	2
0	0
0	0
0	0
1	0
0	0
0	0
0	5
0	0
1	6
1	5
0	4
0	0
0	2
0	0
0	0
2	91
1	4
0	21
28	0
0	21
4	4
0	4
12	7
0	2
552	236
9	235
282	21
3	1
0	0
0	3
0	3
0	1
0	1
77	99
9	76
0	7
13	18
14	18
13	6
0	1
0	0
0	0
0	3
0	3
0	0
2	1
0	0
0	1
0	0
1	1
5	0
13	397
202	212
111	69
3	185
1	0
0	0
4	0
0	0
1	281
0	275
9	192
1	0
5	0
3	6
0	0
0	0
0	3
0	3
0	16
0	16
0	22
0	21
0	22
1	0
0	2
0	0
8	1
5	0
0	1
0	1
0	1
1	1
6	1
7	28
4	23
53	585
2	7
16	0
14	0
0	0
1	0
0	0
1	0
1	0
1	0
52	345
0	4
27	5
0	2
0	5
0	0
0	11
0	7
0	1
0	1
0	1
1	0
32	0
0	0
220	17
0	17
0	17
0	11
0	11
0	1
9	4
3	2
0	0
1	4
0	4
0	0
0	0
0	0
10	4
7	0
0	0
0	4
0	0
0	0
0	4
0	0
0	0
4	17
0	0
0	0
2	0
0	0
0	4
0	4
63	30
4	3
0	24
0	4
0	0
0	16
68	31
0	31
0	0
0	0
0	0
0	2
0	0
1	0
0	0
0	1
46	65
0	65
0	34
0	35
197	111
0	0
0	1
0	1
85	1
0	2
4	2
0	0
0	0
0	0
31	26
0	4
3	2
0	11
1	11
0	11
0	11
7	3
0	2
2	1
0	1
1	0
0	2
0	2
1	2
4	1
0	1
0	0
0	0
0	0
1	0
4	0
1	517
0	526
48	34
4	0
11	0
2	0
47	1
0	0
0	0
0	2
644	45
2	0
108	4
0	4
15	30
11	19
9	94
0	65
1	55
12	1
9	3
0	14
2	14
46	14
0	14
0	8
4	0
33	14
0	0
0	0
1	2
0	2
2	0
0	4
0	0
0	4
0	1
0	1
11	7
35	0
2	7
0	4
0	5
3	0
0	0
2	1
1	0
1	0
0	1
0	1
0	2
14	2
0	36
0	36
1	21
0	18
4	17
3	17
0	16
0	0
1	1
0	1
33	301
7	308
5	7
13	120
0	118
0	98
1	0
2	87
0	42
0	0
15	73
75	17
0	0
81	14
0	0
16	93
0	92
0	10
0	10
0	7
0	7
0	3
0	81
8	44
100	1
4	1
0	1
16	30
15	28
26	0
8	24
0	18
0	10
0	10
0	3
317	1070
504	1071
1	286
0	659
0	19
0	28
0	15
0	16
0	6
1	0
0	0
0	19
0	4
0	0
0	2
0	52
0	3
0	0
0	1
4	2
0	4
0	10
0	0
0	0
0	0
0	52
0	71
0	54
0	71
47	2
0	2
0	2
1	2
0	0
0	0
0	2
0	1
340	0
0	2
16	100
16	7
0	97
4	62
19	0
0	0
1	4
0	4
0	4
9	4
1	26
0	10
0	27
0	27
0	20
0	20
6	0
0	0
0	0
0	0
1	20
0	15
0	0
4	0
8	0
0	13
1	0
0	52
14	41
6	38
0	38
0	15
0	15
30	6
0	1
0	1
37	62
2	0
0	2
0	12
0	5
27	24
0	0
0	4
0	0
0	0
1	4
0	0
0	4
0	0
0	17
0	2
4	1
4	50
1	45
0	45
0	21
0	2
33	0
0	0
1	4
9	26
0	26
0	11
0	9
0	5
0	0
0	0
10	0
83	61
14	87
8	43
2	6
0	5
0	10
0	7
1	6
0	1
0	6
2	0
0	0
0	0
0	25
1	100
12	100
18	16
4	18
16	0
0	0
0	0
0	2
35	44
44	31
0	5
2	4
0	21
0	16
0	6
0	0
16	15
4	0
0	5
0	0
0	0
0	2
0	0
0	0
0	2
0	5
33	16
0	11
0	11
0	11
0	0
24	1
0	0
0	2
0	2
49	4
0	2
0	0
0	0
4	0
0	0
0	0
0	0
0	0
8	2
2	9
0	3
0	0
0	6
0	0
2	0
1	9
3	10
9	12
0	6
0	17
0	11
14	12
25	16
59	85
8	4
0	0
0	0
0	0
0	7
4	5
0	7
0	7
1	13
53	27
37	22
0	8
0	5
62	146
0	142
1	101
0	19
0	19
19	61
0	79
0	79
0	79
0	7
0	7
4	0
0	4
0	1
196	143
0	124
158	29
0	59
0	62
0	38
12	15
1	14
1	4
1	0
0	4
0	4
0	0
0	0
2	1
1	1
0	0
0	0
0	2
7	4
0	0
1	4
1	4
1	1
0	1
0	0
0	0
7	1
0	15
0	0
43	14
0	0
0	0
0	0
0	0
2	0
0	0
0	26
0	26
0	26
0	26
0	26
0	22
0	26
2	24
0	33
26	0
179	24
0	21
1	0
0	33
14	48
0	61
4	10
24	13
42	1
0	1
5	1
0	0
0	0
4	0
0	1
0	0
1	0
0	0
0	0
11	0
218	2
0	46
0	48
4	8
0	45
7	1
0	1
0	0
0	6
0	19
162	18
0	14
0	1
0	1
0	1
0	5
4	1
0	9
0	14
0	1
2	9
0	1
0	1
0	1
0	1
0	1
0	0
1	0
3	0
0	7
0	7
0	7
0	0
1	0
0	0
0	0
0	0
27	12
356	162
0	162
8	9
0	4
0	4
0	4
15	4
0	3
0	3
0	3
6	8
0	0
0	8
0	7
82	13
0	13
0	0
0	1
1	1
0	30
0	30
0	24
0	3
0	9
0	0
0	0
38	0
0	3
0	24
0	4
0	4
0	0
1	0
4	0
118	3
0	3
0	3
0	0
0	0
0	3
0	0
0	1
0	0
0	0
0	2
7	11
0	11
286	68
0	68
43	17
0	16
22	7
4	14
0	8
0	0
0	6
0	14
0	8
13	1
0	1
0	1
1	0
3	0
0	0
1	1
0	0
3	5
0	0
3	24
3	5
0	13
1	1
0	24
11	0
3	0
7	0
0	0
22	1
0	1
0	1
0	0
12	1
12	4
16	4
0	0
0	0
2	0
10	2
0	0
6	3
0	0
0	3
20	0
0	0
0	15
42	18
0	1
6	11
3	11
0	2
0	5
0	0
0	44
0	4
0	0
0	60
16	78
28	12
0	3
331	28
155	15
0	65
13	69
0	32
0	3
0	6
2	0
0	0
0	2
0	8
0	32
8	0
2	17
2	16
1	16
0	1
0	0
0	2
2	0
0	1
0	0
0	6
0	1
3	6
0	6
2	0
0	0
0	89
6	11
10	82
10	4
0	5
53	50
0	223
73	50
0	222
2	2
5	40
28	189
0	52
2	23
0	18
0	0
0	5
0	0
0	0
1	0
2	2
0	0
0	34
0	43
0	79
6	24
0	12
0	5
0	8
0	19
0	3
0	3
0	1
0	3
0	3
0	1
0	0
0	0
9	10
0	14
0	71
0	0
9	0
0	3
0	0
175	51
0	51
4	3
11	48
14	0
0	0
2	0
702	0
0	28
0	19
14	26
14	19
1	22
173	7
0	4
61	14
0	177
0	22
3	10
0	173
0	2
7	104
28	0
9	8
0	7
0	8
457	131
1	131
2	128
3	110
0	0
383	38
0	37
1	0
2	4
12	4
0	4
0	121
5	4
6	2
0	27
0	0
2	1
18	99
0	121
0	0
0	0
3	99
0	97
0	74
0	22
4	3
0	0
17	2
1	0
28	2
354	0
1	7
0	0
2	0
0	0
0	1
4	1
2	9
0	7
239	9
290	8
27	6
1	6
4	0
0	0
0	0
9	5
0	5
0	1
1	1
0	1
0	1
0	0
12	0
0	0
0	0
2	0
0	0
0	10
0	12
0	12
4	10
0	9
0	0
0	0
2	0
0	0
34	39
1	2
0	49
0	6
23	53
1	0
4	0
0	68
0	0
0	1
6	1
0	1
0	1
0	1
1	0
0	0
0	0
4	3
3	3
3	0
0	0
0	12
1	15
0	0
4	0
0	15
0	16
0	17
0	12
1	0
0	18
0	54
28	56
0	5
4	0
78	5
10	52
0	236
9	4
9	235
6	0
17	219
110	1
0	0
0	0
0	0
2	0
1	8
0	8
490	73
5	73
0	68
80	0
4	0
16	0
0	0
4	0
12	0
3	0
0	1
0	1
0	94
5	24
0	36
0	57
0	50
8	70
1	10
3	12
0	2
0	49
36	0
0	3
28	3
92	0
0	0
0	0
0	4
11	4
0	0
1	0
1	0
1	16
0	2
0	14
0	0
0	2
0	0
0	0
0	16
0	37
0	48
0	13
16	14
0	11
2	5
555	4
0	4
1	0
1	4
0	0
0	0
0	0
0	0
57	1
0	1
0	1
0	1
7	67
0	67
218	61
6	12
0	4
0	8
0	0
0	0
12	5
1	0
0	45
1	1
7	2
0	3
0	2
0	25
0	24
3	59
0	45
0	8
0	0
0	0
1	0
0	0
0	0
3	4
0	0
0	9
0	4
4	2
4	0
1	56
0	56
0	135
0	58
0	80
0	48
20	12
0	0
0	0
0	0
1	0
0	18
0	0
2	27
0	47
0	136
170	0
3	0
1	0
0	9
18	7
0	9
0	6
0	9
0	10
0	0
0	0
0	0
0	0
0	0
119	0
563	40
0	39
47	7
4	0
1	144
0	132
0	144
0	40
228	12
0	1
0	0
0	5
0	5
11	1
0	0
0	2
0	5
0	2
0	2
2	0
0	1
0	1
0	23
0	26
21	7
0	2
3	27
0	24
0	30
0	28
15	31
0	22
0	28
0	18
0	7
0	9
0	9
0	7
0	2
0	8
1	7
0	8
0	4
0	6
0	1
0	0
7	3
0	1
11	0
0	30
0	0
3	0
0	20
0	12
0	4
0	20
333	5
0	2
1	2
0	2
0	0
7	0
17	20
0	25
0	9
0	3
0	0
32	33
21	4
0	0
244	4
0	57
0	57
7	57
122	5
1	0
21	49
0	2
0	2
0	1
0	1
0	2
0	2
0	0
0	47
9	0
0	0
0	0
2	1
38	32
0	32
1	0
13	17
0	17
0	1
0	4
0	0
2	0
0	7
1	3
0	7
2	3
0	3
2	3
41	3
1	3
0	2
81	33
46	40
0	0
0	20
0	37
5	9
1	0
0	0
2	7
0	1
0	0
0	0
1	0
2	0
0	0
1	0
0	0
1	0
0	0
0	0
54	13
0	0
19	2
3	2
0	12
0	36
0	7
0	7
2	11
0	0
0	0
0	0
342	0
3	0
3	19
0	16
0	2
2	6
0	19
0	3
6	8
5	11
0	6
28	0
14	0
0	0
9	0
60	39
2	44
0	46
11	2
0	0
2	0
0	0
0	0
0	0
8	0
5	8
2	0
0	71
0	74
0	62
2	61
0	10
0	0
4	2
9	11
0	171
0	171
2	0
4	168
46	114
30	199
69	204
40	7
0	7
20	4
94	4
28	6
1	3
0	2
8	1
0	1
0	0
0	6
0	6
13	11
5	11
61	0
2	0
2	0
3	19
1	1
0	18
0	14
3	16
0	57
3	298
0	96
0	292
0	3
1	6
17	289
0	0
0	64
0	32
0	0
7	53
0	48
0	19
3	19
0	15
13	0
2	5
5	0
2	3
0	13
17	3
0	67
4	67
1	1
6	10
0	9
0	2
0	9
0	0
14	9
0	0
0	1
0	5
0	5
1	8
0	3
0	8
0	0
1	0
0	0
0	0
0	0
13	43
0	37
0	37
1	25
4	8
0	12
0	34
0	36
0	8
0	8
0	25
11	25
0	24
0	26
0	10
0	12
0	2
0	1
0	1
10	1
0	0
0	0
8	7
0	10
11	0
0	6
28	23
0	17
0	13
8	0
6	5
0	5
0	2
0	0
0	1
0	2
0	0
0	0
9	2
0	31
0	12
0	13
0	12
0	14
0	14
0	1
0	0
0	32
44	8
17	0
1	6
0	6
3	19
6	19
0	22
3	19
0	22
0	21
1	0
14	134
0	257
251	308
0	72
4	6
1	6
2	5
0	6
0	2
1	0
32	252
0	240
3	0
1	1
0	6
73	6
0	240
0	3
0	21
11	21
46	30
0	30
0	13
9	3
0	5
0	5
2	5
0	2
0	0
0	3
1	2
0	1
0	7
0	1
0	0
32	6
6	7
0	67
0	65
0	51
0	4
0	2
0	51
71	142
0	137
0	62
0	6
0	8
0	13
2	1
1	0
0	0
0	0
0	0
1	0
0	1
0	0
0	0
27	32
0	0
4	32
0	0
16	37
0	37
77	4
0	9
56	9
71	0
8	3
0	3
0	59
0	59
7	0
44	26
1	3
1	8
0	25
1	5
11	39
0	20
0	15
0	36
0	36
0	0
0	0
1	4
3	0
1	4
322	132
0	131
0	126
25	22
5	6
0	3
0	3
6	3
0	0
1	1
0	1
0	4
0	60
0	62
0	21
0	11
0	0
0	2
0	1
0	2
5	4
0	4
0	1
0	2
0	2
64	0
12	265
79	265
1	0
2	1
0	1
143	21
6	21
0	0
0	0
0	0
7	0
1	0
2	0
1	0
55	40
1	40
0	34
0	13
4	24
0	20
0	15
0	19
0	3
16	0
0	12
0	13
0	13
0	17
0	14
0	13
0	13
0	22
0	13
0	4
0	4
0	12
0	0
0	1
0	0
0	2
0	36
0	13
22	8
0	7
0	7
0	7
0	0
0	0
1	0
0	0
2	3
0	1
0	7
35	4
0	0
0	0
1	0
5	0
0	4
3	0
3	0
0	6
0	6
0	6
0	3
0	0
151	339
3	0
12	0
77	1
18	52
0	49
2	46
2	56
0	8
0	8
0	1
0	44
0	44
0	8
5	37
7	7
54	302
0	2
0	2
0	5
0	2
0	0
1	0
0	1
0	1
0	1
0	4
0	0
0	0
3	12
3	10
0	0
0	12
86	1
0	0
0	0
0	1
2	0
0	0
0	0
0	3
0	0
0	3
0	53
0	58
39	53
10	0
0	16
95	16
1	0
3	0
2	0
2	0
1	0
0	35
0	0
0	88
29	0
85	5
0	3
0	1
0	0
1	0
0	0
0	0
26	144
120	275
0	21
158	0
7	9
34	0
0	578
0	578
0	89
38	24
1	5
0	14
0	3
0	4
0	0
24	0
0	578
77	28
0	5
1	1
0	0
0	5
0	22
0	0
0	10
0	0
0	0
1	43
8	43
171	260
2	7
0	0
0	0
0	0
0	0
0	0
0	7
1	0
3	16
0	6
1	12
9	6
1	0
0	0
68	4
0	4
1	0
0	0
0	44
0	44
0	18
0	26
0	18
0	40
0	164
0	4
0	11
0	4
0	7
0	0
6	0
0	3
0	8
0	15
0	3
0	3
0	1
0	1
1	2
0	1
0	14
0	26
0	0
0	0
0	0
0	0
0	6
0	0
1	0
5	0
1	22
14	1
3	10
0	0
0	0
0	0
0	0
0	1
0	1
0	0
1	0
0	0
50	10
11	9
13	122
0	111
0	62
0	41
0	37
6	15
2	6
0	0
991	374
40	374
0	2
126	21
0	17
4	0
0	15
13	60
0	0
0	6
0	1
0	53
1	0
5	51
3	48
0	49
0	51
2	28
0	21
0	0
0	0
2	1
0	8
0	1
0	3
0	9
0	2
0	55
0	48
0	48
0	1
0	1
1	2
0	26
0	1
0	1
4	22
0	26
390	105
0	0
0	0
0	105
59	38
0	13
0	21
0	38
0	3
0	21
19	19
0	20
1	20
0	15
0	15
0	6
51	0
5	8
7	146
0	146
0	0
1	0
0	1
0	8
0	50
0	15
0	56
0	20
0	5
0	30
0	21
0	18
0	5
0	192
3	192
2	0
17	20
0	20
0	15
0	8
0	8
0	0
0	0
0	0
0	0
2	0
0	7
47	18
0	11
0	18
0	6
0	8
1	3
0	11
2	1
0	3
0	1
1	4
0	6
0	13
2	11
0	12
0	12
10	3
9	0
79	37
0	23
1	0
77	0
0	12
1	12
6	12
0	0
3	0
22	12
15	12
57	0
0	8
0	8
1	0
2	0
28	1
0	1
0	1
12	14
0	14
0	9
0	8
0	0
0	0
0	1
3	1
0	0
0	0
0	0
13	0
1	0
0	7
0	0
0	7
0	9
0	9
0	7
0	0
48	0
2	16
0	5
0	19
0	15
1	18
4	18
0	2
3	5
0	2
0	2
0	0
3	0
3	0
0	19
0	2
0	6
0	6
0	0
0	20
0	2
6	6
0	71
3	3
0	0
10	85
0	4
5	4
0	4
2	0
40	36
0	36
5	16
0	11
0	4
0	3
0	0
0	0
0	0
0	0
0	2
0	0
79	17
0	0
0	17
0	11
0	1
0	4
0	4
1	4
15	4
5	3
0	25
0	31
7	25
0	6
0	6
66	1
0	0
4	0
0	1
0	1
0	7
0	3
0	2
0	0
0	0
1	0
0	2
6	32
3	1
7	31
4	1
0	30
1	6
21	43
0	25
0	19
0	5
0	5
0	1
0	1
9	20
1	0
70	0
0	0
0	24
0	0
0	24
0	13
0	15
0	3
20	27
0	2
0	2
2	0
0	5
0	0
1	1
0	0
0	1
0	0
351	0
3	180
57	188
5	178
0	9
15	16
0	1
0	8
1	4
0	4
0	3
1	0
0	7
0	9
0	0
0	0
2	4
4	0
0	0
3	55
205	55
2	25
0	0
0	0
36	6
0	6
12	6
0	6
0	6
0	2
0	2
0	2
0	0
0	0
0	0
5	22
0	14
0	0
0	0
0	0
0	2
1	0
6	24
0	14
0	18
0	2
0	8
0	4
0	3
0	1
0	5
20	2
0	2
0	2
4	1
0	0
11	1
1	0
0	0
1	0
0	0
0	0
0	0
0	7
0	0
12	8
8	6
0	4
0	0
10	0
21	0
1	0
0	0
0	9
78	9
0	9
0	1
0	0
0	3
0	0
0	0
0	0
19	12
1	10
0	2
124	0
100	1
568	0
0	68
5	0
5	32
0	0
133	4
0	68
296	0
0	11
12	9
15	9
0	2
0	2
0	2
0	1
0	0
0	0
33	149
0	7
0	7
0	64
0	1
2	0
0	111
0	84
22	25
0	9
0	0
0	0
7	50
0	0
10	15
0	15
0	135
61	135
0	4
0	0
0	123
44	127
0	127
80	163
0	131
0	1
14	35
0	1
0	2
0	0
0	0
0	1
4	0
0	1
2	3
0	1
2	1
10	0
0	8
64	8
1	0
0	0
0	0
0	0
75	16
0	40
5	0
4	5
0	2
16	3
0	50
185	52
0	1
0	1
0	14
0	0
0	0
0	6
0	1
0	1
0	0
3	0
0	0
0	4
0	1
3	6
97	0
93	9
0	2
0	1
0	1
0	8
12	159
64	0
8	2
24	0
41	0
0	0
1	105
0	2
0	84
0	106
0	19
10	33
0	14
0	13
0	0
3	4
0	4
0	4
0	37
0	37
0	37
0	4
0	3
0	3
0	3
0	0
0	2
0	4
4	20
0	20
0	3
0	3
0	3
7	21
0	8
13	19
1	9
115	8
0	5
9	0
0	12
412	58
0	9
0	10
0	5
2	12
97	17
276	10
3	17
0	3
5	1
0	1
0	1
0	0
0	0
0	0
2	44
0	9
0	272
0	272
0	2
3	0
15	2
0	19
4	1
0	39
0	3
22	263
143	0
0	320
0	3
0	2
6	2
0	77
0	65
18	304
0	29
0	320
3	0
0	0
17	0
1	2
38	2
33	81
0	11
1	0
0	0
0	0
21	0
2	0
0	1
37	73
4	74
0	2
7	43
12	43
0	43
12	20
0	12
5	1
0	1
170	1
1	1
1	0
0	0
26	0
0	20
0	19
52	0
32	54
10	0
0	2
0	2
0	1
4	0
0	1
0	0
0	0
0	0
10	1
0	0
0	1
0	1
2	1
0	1
7	63
1	0
0	9
8	9
0	0
0	0
24	230
4	215
104	70
224	161
0	0
313	161
3	14
0	14
1	0
0	0
0	0
0	1
14	0
0	0
288	19
7	19
0	1
1	1
0	1
0	5
2	5
39	12
36	5
11	34
0	12
0	0
0	0
0	0
0	0
0	6
1	0
0	5
0	5
4	207
9	187
0	200
0	198
1	173
9	50
1	92
122	181
0	175
0	100
0	79
0	91
2	97
14	78
0	0
0	98
2	6
9	6
6	1
0	61
0	59
5	0
3	2
3	51
6	2
0	0
0	48
81	20
34	64
2	25
8	2
2	0
1	98
19	177
0	3
2	0
15	22
0	22
0	1
0	1
21	36
0	36
10	11
0	2
0	2
0	1
0	2
6	25
28	25
0	149
0	63
0	0
0	0
0	29
0	0
0	0
0	1
1	22
0	149
0	0
49	205
0	205
0	1
0	1
0	0
8	0
9	0
211	3
0	0
0	3
0	0
0	0
2	1
0	1
1	34
0	1
0	0
0	1
0	0
1	0
86	16
5	0
721	0
0	0
0	0
115	0
9	0
1	1
2	1
10	1
1	0
20	0
1	1
32	0
0	1
2	1
45	3
0	3
0	0
6	0
0	3
14	11
0	20
0	14
1	0
0	0
0	0
6	4
7	0
0	3
34	1
0	1
0	1
0	1
0	1
1	1
4	48
0	15
0	23
0	23
7	24
1	22
0	15
31	12
0	0
0	3
0	2
0	1
4	0
22	2
25	52
146	54
2	13
0	11
3	4
0	5
0	4
0	33
3	12
3	25
0	72
5	106
48	119
0	0
0	25
0	14
0	13
0	0
6	0
0	77
2	11
0	6
0	71
0	5
0	0
1	66
16	5
0	0
2	0
7	5
0	1
0	0
0	0
22	0
1	0
4	0
0	0
9	30
0	30
4	12
1	10
0	10
3	8
0	8
2	3
0	58
0	58
0	0
0	0
0	55
0	44
0	1
0	0
70	32
4	32
0	0
2	65
23	4
0	4
0	2
0	2
0	3
0	0
0	7
0	2
0	2
0	5
0	0
0	8
1	4
26	43
43	23
0	29
0	28
1	0
0	2
0	1
0	0
0	4
15	11
0	10
0	8
0	0
28	0
0	1
0	1
0	1
0	1
0	1
0	1
0	1
0	1
4	12
6	16
0	3
0	2
3	3
0	0
0	0
6	0
0	3
0	16
0	0
42	7
14	7
8	1
0	1
2	0
0	0
0	0
84	39
0	39
27	0
3	9
0	1
0	1
0	0
1	0
0	0
0	0
2	8
0	208
8	93
56	208
3	0
15	17
6	17
0	0
2	19
1	17
5	16
3	0
11	10
15	0
0	0
0	0
6	0
5	3
1	0
10	0
0	10
9	0
0	4
0	4
0	4
8	3
22	0
0	5
0	5
0	1
0	5
0	42
9	59
0	6
4	0
0	11
0	58
21	3
0	3
0	0
3	28
0	32
0	2
0	2
0	56
0	56
2	0
0	1
6	78
0	78
100	17
0	31
0	5
0	27
0	31
0	17
4	8
0	0
6	10
0	1
0	50
17	0
0	30
0	9
0	11
8	1
0	22
0	18
0	18
0	14
0	4
1	0
8	3
0	5
6	0
68	8
3	8
0	11
2	0
1	1
1	0
0	11
4	9
220	30
1	7
26	4
0	11
6	19
22	31
0	141
5	0
45	190
0	164
0	0
3	29
0	0
0	29
0	2
1	0
41	29
22	2
4	55
22	55
36	16
0	16
0	16
1	0
0	1
0	1
0	1
28	0
33	10
17	10
17	125
0	122
0	0
0	0
0	1
0	1
3	0
0	0
22	0
3	20
0	20
0	0
0	12
0	0
0	12
1	19
0	0
0	19
0	0
1	19
6	0
16	9
0	8
1	7
0	8
0	8
0	0
0	25
0	27
0	4
9	3
0	3
12	9
0	16
0	16
6	26
60	13
0	0
0	0
0	1
5	2
1	6
23	11
6	5
6	0
4	0
52	0
0	34
0	0
0	34
2	2
0	2
0	1
19	0
0	0
0	1
0	0
2836	514
0	490
0	218
0	61
0	180
0	180
0	204
0	204
0	15
0	5
7	167
0	15
0	15
0	0
0	0
1	2
1	2
0	3
0	3
1	4
1	4
0	0
0	0
0	0
0	0
0	0
0	0
0	0
0	0
24	2
0	2
62	95
1	76
0	85
0	1
0	95
0	0
0	75
6	17
22	22
3	10
0	1
0	21
0	6
1	2
1	0
7	0
0	0
5	19
0	19
3	0
12	0
0	17
0	17
0	33
0	39
0	39
0	4
0	0
1	2
1	2
0	2
0	2
1	0
0	6
23	0
1	6
9	0
2	0
0	0
0	0
0	2
0	6
22	3
107	8
0	8
3	18
2	18
0	5
6	5
0	5
16	13
1	13
0	1
0	23
0	24
0	9
11	7
0	1
0	7
0	3
3	2
67	43
0	16
2	0
0	36
0	37
19	29
9	0
1	0
2	2
0	1
0	1
0	1
0	2
0	0
1	0
0	0
0	1
0	1
1	0
60	29
3	0
0	0
36	32
0	9
12	0
0	9
1	8
0	9
0	14
0	2
4	5
4	5
0	20
0	75
0	0
10	167
0	6
0	5
0	1
0	0
0	0
0	2
15	71
0	6
0	1
0	0
9	22
115	9
70	7
0	5
1	3
0	3
0	3
2	0
0	0
6	8
0	8
0	0
47	52
16	39
14	30
0	38
0	18
4	0
5	43
0	42
0	0
0	0
0	6
0	5
0	0
2	11
19	4
0	4
0	4
0	4
0	1
0	0
0	1
1	1
5	1
12	8
0	8
0	8
0	0
0	0
0	0
3	6
6	9
0	0
0	0
0	0
6	3
0	0
443	42
0	8
0	42
5	3
0	5
0	1
0	5
0	28
2	3
0	5
0	5
0	5
0	5
4	0
163	82
0	82
0	74
0	1
0	1
0	0
0	20
3	20
4	0
0	2
4	6
0	6
0	2
5	2
0	0
1	0
45	0
3	37
0	12
0	12
0	0
11	1
0	0
0	1
0	0
0	1
0	0
0	1
0	1
0	10
0	0
0	0
3	13
0	2
220	10
0	10
0	0
0	4
0	18
0	4
37	14
2	0
3	1
8	4
19	1
0	3
3	1
0	0
0	34
40	134
0	0
0	19
1	0
0	2
0	2
0	0
0	0
7	111
0	60
107	20
17	10
0	7
0	10
0	3
3	0
0	9
0	1
0	32
0	32
0	1
445	58
0	50
0	38
0	38
0	0
0	0
3	0
96	190
1	194
0	23
0	20
0	21
0	6
0	10
1	0
290	188
0	188
6	0
0	0
0	6
32	0
0	0
0	4
0	0
3	0
1	0
135	0
6	0
6	0
182	12
19	12
8	0
0	5
0	5
14	22
386	26
0	12
0	12
0	12
0	0
0	3
0	3
0	3
0	0
0	3
14	0
130	86
0	8
204	84
2	0
4	0
2	0
38	0
35	0
17	4
0	4
0	0
12	1
9	25
0	17
0	13
0	14
0	9
0	16
0	1
0	2
2	2
0	3
8	3
8	41
0	40
6	41
8	25
0	16
0	9
0	12
0	4
31	0
0	12
0	0
18	0
1	4
0	13
12	0
0	11
6	13
7	6
11	6
1	6
8	37
0	30
0	10
0	9
0	12
0	10
0	1
0	5
0	41
0	58
0	57
28	55
0	1
6	0
36	0
1	3
239	0
0	6
0	6
0	1
0	1
3	0
0	0
4	1
0	0
17	28
14	17
0	17
4	8
17	9
0	9
4	0
69	0
3	0
18	5
1	5
0	5
0	3
0	20
99	43
2	1
5	0
0	28
0	3
0	21
0	3
3	26
0	26
5	22
0	1
17	22
0	172
5	42
25	8
0	30
0	2
1	30
0	2
0	37
7	1
0	37
2	0
211	0
0	3
326	173
0	9
0	6
0	0
0	0
9	0
0	0
14	12
43	42
0	18
0	34
64	57
52	56
1	2
0	2
0	2
0	39
0	39
0	23
0	40
400	125
0	0
4	21
1	1
0	103
2	3
0	0
0	0
4	27
1	20
0	5
0	0
1	7
0	0
0	32
0	9
0	2
0	32
0	3
2	10
0	3
1	0
0	10
1	1
337	6
0	8
0	8
2	9
0	9
0	6
0	6
8	0
0	9
0	13
0	9
0	13
0	9
0	13
0	0
0	2
0	3
0	5
0	1
2	0
0	2
66	0
0	0
3	9
0	11
39	42
0	13
0	5
38	4
0	2
0	2
8	11
0	0
0	0
0	1
2	3
0	1
250	0
0	22
0	22
62	12
5	1
1	0
18	11
18	11
168	0
109	15
0	15
84	10
1	0
44	0
0	1
110	10
0	10
21	0
0	0
232	3
0	3
15	23
0	9
4	4
0	15
23	1
0	1
0	0
0	0
1	11
0	61
2	1
0	55
0	54
0	61
10	56
0	54
0	58
2	51
0	0
29	11
0	17
106	80
20	2
14	3
0	3
0	80
0	80
40	0
1	0
113	96
0	15
0	1
0	0
0	81
40	5
43	52
0	49
0	1
0	1
2	18
3	0
0	0
0	3
0	4
0	4
0	2
2	2
0	2
3	3
0	1
2	0
0	2
0	21
0	21
0	15
3	3
5	3
4	0
12	4
0	3
0	1
0	1
0	1
0	1
0	1
7	1
0	1
0	0
0	0
1	0
0	0
0	3
100	1
0	0
0	1
8	15
1	0
1	1
13	1
24	0
11	3
35	0
1	8
0	8
0	7
0	6
0	18
4	18
0	18
0	18
0	21
0	22
0	22
0	35
0	36
29	35
0	18
0	4
20	1
4	30
0	0
0	5
0	48
0	48
0	22
4	20
23	20
6	5
0	0
0	18
26	119
0	48
0	5
0	119
0	2
22	20
9	9
0	1
1	20
6	49
0	49
0	0
4	10
0	15
0	0
6	5
0	0
0	0
0	49
20	31
116	2
0	2
39	24
0	2
0	0
0	2
8	30
0	6
0	22
0	30
0	30
14	24
0	0
36	85
0	29
1	87
0	101
0	43
17	88
0	42
0	36
0	36
0	2
0	71
0	10
0	10
0	38
0	27
0	25
0	46
1	96
0	36
0	30
0	19
9	32
0	60
0	93
0	41
0	1
0	56
478	26
0	15
19	21
1	5
0	5
6	0
7	0
0	0
101	92
0	88
0	3
1	0
6	11
0	9
13	1
0	2
1	0
4	1
0	61
0	61
0	61
0	0
0	3
0	0
46	0
0	6
6	5
20	24
0	9
0	2
0	6
0	17
0	0
1	0
0	18
12	26
2	26
0	62
0	62
0	59
0	59
0	59
0	59
0	59
0	59
0	20
1	0
3	0
0	59
3	25
10	25
0	18
4	4
0	0
0	4
7	0
1	144
0	144
0	144
0	0
0	0
0	72
2	1
85	243
1	121
0	117
0	37
0	36
25	30
0	33
0	147
9	11
0	11
0	7
0	7
1	0
0	1
0	3
0	0
0	2
0	0
0	0
0	93
0	93
0	21
18	0
0	5
0	2
30	0
0	0
0	0
0	0
0	0
46	0
52	0
0	2
7	19
0	1
131	0
4	0
0	0
0	0
0	0
3	33
0	33
0	33
0	23
0	17
3	0
0	0
17	0
0	0
5	0
0	0
0	2
5	1
0	0
0	0
0	0
0	0
1	0
1	0
9	3
71	12
0	11
0	11
0	10
0	6
0	8
2	8
0	3
3	5
60	51
0	0
0	41
0	1
0	41
0	1
6	51
0	51
0	0
2	0
1	7
0	0
20	61
0	32
0	0
0	0
10	10
8	0
15	18
0	25
1	0
0	72
29	76
0	4
1	1
13	0
0	0
0	7
0	7
0	3
8	0
11	14
0	14
0	10
0	0
49	145
1	0
7	0
0	145
0	2
132	14
0	2
0	1
0	9
1	1
0	1
0	3
0	44
0	17
0	16
0	11
0	27
3	0
0	0
0	0
5	0
24	84
0	114
0	114
0	36
0	0
2	1
0	29
186	0
0	23
0	20
0	4
1	18
0	22
47	5
0	1
1	22
3	0
0	1
0	0
10	4
0	8
4	8
0	4
2	55
12	55
0	3
0	0
14	106
0	0
24	61
173	105
2	3
0	3
0	3
0	1
4	0
0	0
38	0
0	101
143	61
5	42
0	0
0	0
0	0
0	11
0	11
0	7
29	6
2	6
0	3
0	3
0	2
0	3
5	45
0	4
0	47
2	15
5	15
0	0
5	0
0	30
66	30
0	7
10	21
1	20
0	1
0	0
345	2
37	2
0	58
76	58
0	4
0	0
3	1
4	13
25	3
0	4
0	13
0	13
0	3
0	24
0	10
0	10
3	0
0	24
0	10
0	18
2	18
25	82
0	128
0	5
0	2
0	128
0	128
4	27
23	6
0	4
0	5
0	6
13	16
0	7
0	0
0	0
0	0
0	0
0	0
0	0
121	82
21	48
0	420
0	440
1	31
1	30
0	22
4	411
0	405
0	450
3	74
0	75
0	0
0	1
0	0
0	1
0	1
13	65
0	4
0	2
3	0
0	42
0	18
0	16
0	0
7	18
0	17
0	0
0	18
5	0
0	5
3	4
7	21
8	8
0	32
5	34
4	26
0	24
0	17
11	16
0	7
2	8
11	4
8	1
2	15
0	15
0	9
9	1
18	1
0	0
92	29
6	26
0	0
3	0
134	7
0	0
0	1
27	29
1	28
0	13
5	1
9	47
0	2
20	61
0	3
0	3
1	55
0	45
2	45
152	44
0	51
0	0
0	0
15	10
0	10
1	2
0	3
0	3
75	21
0	0
0	185
6	64
2	180
0	0
0	0
0	5
0	145
0	0
0	57
0	185
65	1
0	1
8	5
3	0
0	5
0	5
20	0
0	1
0	1
0	6
4	6
58	9
0	1
11	1
4	37
0	0
0	42
0	15
0	1
3	0
6	8
0	0
58	3
10	3
6	2
0	2
0	23
0	23
0	9
0	8
0	0
0	9
0	4
0	4
1	0
2	0
0	0
1	0
18	24
95	0
0	6
14	6
0	6
0	6
2	6
1	0
27	6
0	0
0	0
0	0
0	0
2	4
0	59
0	0
1	0
2	13
4	112
1	112
17	60
12	32
0	5
0	5
0	4
0	10
15	13
0	3
1	3
52	13
0	13
0	13
54	52
1	3
0	3
0	0
2	0
0	13
0	0
16	3
58	51
8	25
0	3
2	27
19	27
0	30
0	29
6	33
0	8
1	1
0	55
55	0
3	3
0	3
0	3
0	22
0	3
0	15
0	22
20	7
0	7
0	3
0	0
0	0
1	0
11	30
3	0
0	13
0	13
0	0
0	8
0	10
10	9
11	10
13	9
108	28
0	26
21	16
0	0
0	0
0	1
2	42
8	44
7	65
0	41
0	0
0	1
3	0
0	22
0	14
3	0
14	44
0	44
0	39
0	39
622	3
6	4
3	4
0	4
22	183
0	24
0	27
0	3
4	16
0	16
0	0
1	1
0	1
1	2
0	2
33	20
0	0
1	1
82	18
0	26
0	26
0	3
6	82
5	82
0	0
110	9
2	8
125	36
8	38
6	2
0	22
6	0
57	1
1	1
14	0
2	1
0	14
0	14
0	1
0	5
0	5
0	5
0	2
0	7
32	32
0	19
0	1
4	42
2	4
0	1
0	1
10	0
0	0
34	2
0	0
1	0
0	0
97	0
5	0
0	39
0	41
0	42
0	1
3	10
72	75
0	0
0	8
0	5
0	2
0	2
0	30
0	2
0	1
3	1
2	0
0	74
0	74
0	3
1	78
2	45
0	1
0	78
2	52
0	52
0	0
618	6
0	6
0	5
7	0
99	0
173	4
0	4
0	0
4	1
0	1
60	34
0	157
0	0
0	3
0	4
43	22
9	29
0	9
22	14
0	9
3	0
0	23
0	22
33	2
0	2
56	195
0	4
0	4
0	0
0	4
0	4
1	0
0	0
108	229
0	3
0	5
0	5
24	412
0	25
7	25
0	0
9	19
4	17
0	6
0	6
0	4
0	3
0	5
3	2
0	0
3	4
0	2
0	1
0	1
0	0
0	0
155	0
25	0
0	0
0	0
0	0
0	1
0	1
17	346
205	24
0	5
0	24
23	13
0	3
0	0
0	0
0	0
0	0
0	0
1	0
0	0
3	0
0	0
0	0
105	34
0	3
0	3
0	31
0	7
0	27
0	7
0	0
2	4
10	7
9	14
0	5
0	5
0	5
0	5
0	0
0	5
1	1
0	1
0	2
0	2
0	7
0	2
0	1
0	1
0	7
0	0
7	6
0	6
2	0
0	19
0	31
2	33
0	0
0	0
1	0
0	14
11	9
3	0
0	0
3	0
107	18
2	19
0	3
0	3
0	0
0	3
25	3
0	0
0	11
0	11
4	15
27	20
0	20
0	0
2	0
21	19
0	19
0	16
0	11
0	0
0	0
2	0
0	0
3	25
5	13
23	24
0	16
0	8
1	12
0	24
0	12
0	25
3	24
0	23
13	0
0	0
13	0
0	0
0	0
216	168
121	167
7	25
46	25
0	0
0	0
4	14
0	0
2	0
0	6
2	0
2	6
0	0
0	4
0	0
0	2
0	6
112	0
57	0
0	0
2	0
0	0
0	31
0	70
0	18
0	15
0	32
0	71
0	60
0	59
0	10
0	3
451	0
107	31
6	29
0	12
98	26
0	16
1	10
3	8
0	0
0	0
0	0
0	0
0	0
2	1
0	0
0	1
0	0
0	0
177	0
1	116
1	10
0	7
7	7
0	9
0	55
0	117
10	0
12	0
70	23
0	66
0	55
29	5
2	17
87	13
0	10
4	1
0	0
0	0
0	117
473	304
9	276
19	241
1	1
0	1
0	0
0	1
0	1
0	1
0	5
0	0
0	0
0	0
0	0
0	5
1	39
0	20
4	11
0	39
2	2
0	2
22	0
3	11
0	16
59	3
36	16
0	0
2	2
0	0
0	0
1	2
0	1
0	0
0	8
4	20
0	2
30	8
25	0
4	0
0	0
0	0
3	0
0	0
0	206
0	206
0	1
0	1
0	1
0	0
8	9
3	59
4	60
0	4
2	0
101	3
2	1
0	0
0	0
3	1
0	0
0	0
2	3
0	0
0	0
0	3
4	8
0	8
0	3
0	3
208	181
0	180
0	1
0	0
0	1
10	0
0	0
2	13
3	21
35	21
0	6
0	13
4	1
0	10
0	14
0	14
35	331
11	0
1	2
0	0
0	12
0	12
0	12
0	2
0	2
0	2
1	2
0	62
4	62
4	65
0	65
0	56
0	22
0	7
0	0
0	0
0	1
0	1
0	0
0	7
2	1
0	1
62	20
0	10
0	0
7	21
5	0
0	0
0	41
6	0
24	2
0	2
0	2
1	2
1	0
0	8
30	8
19	7
2	1
0	8
0	0
152	89
0	0
0	89
0	0
0	11
2	0
0	29
14	0
17	3
0	0
0	0
1	18
0	0
2	18
70	98
1	98
3	8
0	8
29	8
0	0
13	52
0	52
4	9
3	0
1	0
0	14
0	14
0	5
502	10
7	12
1	5
0	0
4	4
0	3
0	8
11	8
0	1
0	0
0	8
0	0
0	10
0	8
0	0
23	21
0	21
2	16
2	16
0	9
0	5
0	5
47	0
4	19
0	19
0	4
0	5
31	33
0	0
0	30
0	3
8	2
1	5
0	3
3	0
6	3
10	5
9	7
179	47
8	6
0	2
0	7
22	7
0	2
0	2
0	2
0	4
2	5
0	7
1	0
5	0
7	1
17	188
0	9
0	13
1	13
0	0
0	127
0	2
2	2
0	188
3	0
4	0
415	0
3	0
0	0
0	4
0	4
0	4
31	16
0	16
18	14
0	14
0	13
0	7
0	4
9	2
8	0
122	22
0	20
0	0
0	0
8	0
13	0
0	2
0	0
245	5
0	0
12	0
0	0
0	0
0	0
0	10
6	11
0	1
2	12
2	1
0	3
0	0
0	1
10	22
0	22
3	20
1	20
5	19
0	2
0	18
0	2
3	4
0	0
0	4
1	2
0	0
0	0
3	0
18	1
1	17
4	68
0	5
0	2
0	2
36	55
0	12
30	0
128	0
6	0
1	0
0	0
46	0
0	0
0	1
1	0
49	23
62	23
5	14
245	1
0	1
19	246
13	246
1	246
0	0
0	0
0	0
0	0
406	118
0	6
2	21
0	19
45	50
0	50
0	45
12	21
0	17
0	6
0	5
0	5
0	1
180	3
0	0
1	3
0	3
88	0
55	0
0	7
0	7
0	0
0	4
0	7
0	7
0	1
0	4
1	0
0	7
0	1
0	1
349	6
0	0
1	0
0	0
0	1
0	1
48	17
0	7
3	1
0	1
7	2
2	17
2	10
0	10
3	20
0	13
0	16
1	25
15	33
4	29
0	5
13	0
26	0
18	5
14	24
0	28
0	8
0	8
23	0
24	105
0	101
0	95
1	0
358	2
0	0
0	2
5	0
23	0
0	0
115	0
6	1
0	11
0	11
8	11
33	6
1	6
0	1
0	10
0	10
0	0
0	35
0	35
0	35
19	73
0	3
0	5
0	0
0	0
0	0
0	8
17	0
0	0
38	2
0	2
0	2
0	2
0	1
0	0
0	0
16	13
0	14
0	13
0	13
0	11
0	10
0	10
0	10
0	10
0	0
0	0
0	1
0	3
0	2
0	1
0	1
5	1
0	0
1	0
0	0
0	0
4	0
3	0
8	0
10	3
6	12
0	12
0	0
13	0
5	14
0	7
20	473
28	473
0	144
0	6
1	0
0	0
0	10
0	10
0	6
0	6
33	8
0	3
0	5
1	0
4	7
3	0
8	1
1	0
35	1
0	0
0	0
95	342
2	0
0	0
232	0
1	0
86	28
3	26
0	10
1	2
0	0
0	1
1	1
47	217
5	67
828	181
50	128
5	22
0	49
0	50
22	31
2	7
19	10
0	73
0	0
131	0
7	69
8	12
0	1
1	3
0	3
0	10
0	45
3	54
0	37
0	64
4	78
1	1
0	29
2	58
0	1
4	2
4	1
0	12
0	10
0	6
0	59
0	8
98	87
0	6
0	8
0	6
0	5
0	3
0	22
0	8
2	19
0	8
0	1
0	1
0	1
0	10
0	2
0	2
0	2
0	0
0	7
0	2
0	2
0	0
3	0
63	3
58	46
136	40
0	1
2	1
0	1
0	1
0	0
0	375
0	380
12	40
0	19
0	19
0	26
10	16
0	13
0	7
0	4
0	3
2	0
0	1
1	0
0	0
16	4
0	3
0	3
133	407
3	401
0	18
0	113
0	113
1	113
2	28
4	0
0	20
0	3
0	1
0	0
0	19
2	0
0	1
0	0
18	1
0	1
0	1
0	1
0	1
0	1
0	1
0	1
0	1
3	1
10	1
0	1
0	7
0	5
0	7
0	5
0	6
1	0
290	2
1	2
0	0
0	13
0	0
0	15
0	15
31	33
0	6
2	8
7	10
0	16
0	16
0	16
5	2
0	2
0	1
22	28
0	0
4	4
3	5
10	1
0	16
47	25
0	47
43	22
0	13
0	35
27	0
43	47
6	58
0	28
29	161
25	124
0	116
0	70
40	0
0	0
0	0
36	104
5	98
20	40
0	8
0	3
0	0
1	0
0	1
0	1
0	0
0	0
0	34
67	4
0	38
0	35
1	1
0	24
15	0
5	19
10	0
0	37
0	22
10	37
75	0
256	30
5	31
2	2
49	2
44	53
0	0
59	49
0	0
1	13
0	0
0	0
0	0
32	0
1	0
0	2
0	1
0	1
0	0
1	36
2	0
14	22
52	9
0	12
0	24
2	0
0	0
9	0
0	0
51	1
0	1
3	0
0	0
5	5
0	5
0	68
0	0
0	10
0	73
4	0
0	7
0	7
0	0
0	25
0	25
0	25
0	4
0	0
58	29
0	29
6	2
3	10
6	2
0	2
106	3
0	3
0	0
6	2
1	2
0	1
0	1
22	27
0	14
0	2
0	5
15	124
8	124
0	135
0	1
4	1
0	0
0	11
8	0
0	11
0	11
0	11
0	11
0	6
5	24
0	23
0	23
0	13
1	1
17	0
0	1
0	1
13	0
5	0
0	42
2	0
0	0
0	4
0	4
0	2
1	4
2	6
3	6
4	18
0	17
20	6
0	1
70	3
0	2
38	25
3	25
9	25
0	0
7	0
0	0
0	383
0	383
7	1
0	1
29	8
11	1
3	5
7	36
0	29
1	29
0	1
0	0
0	0
0	0
0	2
0	4
0	2
4	1
0	3
0	4
0	0
0	70
51	19
0	65
0	61
0	71
0	71
0	61
2	2
0	7
0	7
0	0
2	1
0	358
18	0
0	25
1	358
0	9
22	18
1	10
0	11
5	26
0	10
0	3
0	1
0	0
5	1
0	1
9	0
516	156
0	156
0	0
0	0
0	0
0	0
0	0
0	0
0	3
4	0
0	0
5	3
4	0
23	1016
26	1016
0	38
0	38
26	12
312	0
13	1
1	1
15	15
1	14
10	69
0	15
0	18
7	14
0	8
0	111
0	142
3	142
5	4
4	6
0	4
87	89
0	89
2	4
1	63
0	70
0	70
14	25
0	2
250	71
6	4
46	0
956	576
0	446
0	253
0	20
67	3
16	22
2472	379
15	1
2	1
6	15
0	15
0	0
0	15
0	4
0	3
0	2
0	1
318	87
0	0
0	0
3	71
0	31
0	4
0	4
2	3
2	0
22	16
2	17
0	10
0	5
0	6
0	0
0	0
0	1
0	2
0	2
5	4
0	4
29	12
0	9
10	0
19	12
5	6
0	3
0	5
0	10
0	9
4	0
0	0
24	2
0	2
12	0
180	0
19	13
0	13
4	0
0	1
0	1
45	2
14	2
11	6
0	2
0	2
1	0
0	0
0	0
5	27
2	27
0	14
0	10
2	0
47	207
0	204
4	0
0	0
0	3
0	4
2	4
0	1
33	1
0	0
0	1
0	66
0	0
0	10
0	0
0	0
0	66
10	0
0	0
0	4
0	3
10	5
13	9
3	9
0	3
4	2
0	2
0	1
0	0
2	0
0	0
0	1
1	1
0	1
2	0
0	0
0	6
4	6
0	6
2	6
159	52
0	5
0	4
0	2
0	3
0	0
7	1
41	0
0	1
4	56
0	33
0	39
11	39
1	0
1	0
0	6
0	6
0	4
0	1
2	2
2	1
5	1
0	1
0	1
0	0
0	0
0	0
0	0
1	25
0	25
16	126
0	0
25	56
0	2
1	21
0	5
1	5
0	0
0	5
0	5
11	56
0	24
7	6
0	5
37	1
0	1
0	1
1	1
0	0
2	40
5	56
0	41
5	45
0	60
0	1
0	0
0	0
0	1
0	14
0	11
0	1
0	1
0	0
1	5
0	10
0	7
0	7
0	0
2	4
0	0
0	26
0	26
0	2
0	3
2	23
0	7
38	82
0	82
197	0
61	0
0	0
89	2
0	2
2	0
18	214
69	162
133	143
5	146
0	16
4	16
8	2
1	137
1	120
0	101
0	52
0	8
0	4
0	10
0	4
1	0
5	1
0	7
59	0
20	1
0	0
9	16
0	15
2	2
1	10
0	10
0	337
1	337
0	18
0	4
0	0
0	5
0	11
0	12
1	12
0	3
1	12
1	7
0	26
0	26
0	4
180	1
30	34
0	31
0	31
0	18
0	25
8	16
0	3
0	2
0	2
0	1
11	102
39	48
77	28
0	27
18	10
0	44
0	13
1	44
26	13
6	12
3	0
6	3
0	3
0	2
62	6
0	6
24	21
0	19
0	15
2	2
0	0
3	6
0	6
0	6
6	0
1	1
0	10
0	6
168	1
6	47
0	47
52	87
0	87
1	78
4	71
0	3
54	6
19	6
4	6
9	68
5	5
0	5
2	0
0	0
0	0
0	0
0	0
135	235
188	125
23	233
1573	230
177	15
0	3
0	0
0	4
0	14
19	6
3	7
0	5
176	1
1	1
0	1
0	0
65	34
9	16
0	0
0	2
0	22
0	2
0	1
0	35
1	46
3	6
3	21
0	7
0	8
0	2
0	2
0	0
0	0
0	8
9	3
0	3
72	8
12	7
0	1
0	0
1	0
0	0
0	1
0	0
0	7
0	0
0	0
33	7
1	0
0	0
0	0
3	7
0	3
8	15
0	3
0	3
0	3
0	106
36	117
0	13
0	0
0	0
0	0
1	69
0	0
0	0
0	0
0	27
0	3
0	104
0	3
0	0
1	2
6	104
38	0
0	32
0	24
0	37
5	7
0	0
0	0
122	176
0	0
0	4
0	4
0	176
0	29
0	22
0	0
0	27
2	22
28	0
21	27
0	0
3	0
3	0
0	10
2	12
0	44
0	44
0	10
0	0
0	3
0	4
30	2
0	2
0	0
23	0
0	40
0	1
0	26
0	17
0	16
0	8
0	8
0	8
0	7
0	7
0	8
0	14
0	14
0	1
11	14
13	4
36	0
2	0
7	10
1	2
0	0
12	0
0	0
4	8
0	18
0	18
3	17
0	7
1	7
5	5
0	40
19	2
10	348
8	357
2	9
0	1
0	1
2	0
11	39
12	4
0	6
0	2
0	3
3	0
0	31
96	16
0	16
1	0
0	2
0	2
0	0
0	0
0	2
0	2
1	0
326	11
0	9
0	0
19	6
0	3
0	5
3	6
0	5
2	0
0	5
0	5
1	0
2	0
0	0
0	0
0	0
0	0
0	0
0	0
39	0
0	0
0	7
0	0
0	0
0	0
0	0
0	0
4	0
0	126
0	2
3	4
0	5
5	132
3	21
0	2
0	19
6	14
0	5
0	3
1	0
0	0
0	0
0	0
2	0
0	0
128	6
0	6
1	0
2	0
2	0
0	4
0	0
0	2
0	0
0	6
0	4
31	31
7	31
0	1
0	0
0	0
0	0
5	0
173	19
3	1
0	1
1	0
0	0
0	0
4	0
0	2
0	0
0	0
2	0
0	1
0	19
0	13
0	0
1	16
0	0
0	6
0	23
1	2
3	5
18	18
8	13
0	0
6	0
846	559
11	526
5	542
0	19
0	459
0	542
0	112
0	46
0	46
0	46
0	46
0	46
14	46
1	0
0	0
0	0
685	6
1	45
5	13
0	32
208	256
0	256
0	39
0	27
0	36
0	11
0	35
0	22
0	5
22	0
11	0
23	28
0	115
3	127
6	20
0	48
0	48
0	38
0	31
0	31
0	31
0	20
0	2
1	1
0	1
0	0
2	5
0	0
0	0
0	1
0	1
22	45
839	76
0	7
0	0
0	4
0	0
4	0
0	0
8	4
15	31
3	62
0	3
0	3
190	0
3	12
0	14
0	14
0	3
0	3
0	0
0	0
0	0
0	3
2	3
2	0
0	0
19	18
4	18
0	7
0	4
0	0
2	0
2	1
0	1
2	3
0	0
235	43
0	24
8	5
0	0
1	0
16	0
0	0
33	10
0	0
2	10
1	0
67	4
5	0
37	76
12	21
0	25
0	2
10	2
0	43
0	165
0	8
0	3
3	0
0	142
0	1
1	1
8	0
0	24
0	23
33	0
0	0
0	0
17	33
4	35
0	34
22	39
7	57
0	34
0	52
0	22
1	17
0	11
1	18
0	2
0	9
0	5
0	4
22	6
0	0
6	33
0	33
0	13
0	8
0	6
0	0
1	6
0	5
42	0
0	0
18	7
0	7
0	2
0	0
3	5
39	15
0	7
3	10
0	8
0	5
0	8
50	18
0	1
0	17
9	4
0	4
1	60
34	66
0	66
44	13
3	2
32	302
0	303
0	238
0	2
0	3
0	1
114	65
22	160
0	37
88	3
0	3
3	0
3	0
0	2
0	9
0	8
184	64
1	60
54	48
0	38
0	22
0	34
0	7
27	106
0	108
10	6
0	6
0	9
0	24
0	6
0	43
0	43
3	43
0	43
0	28
0	38
0	0
0	2
0	1
0	15
0	23
5	3
0	24
9	9
21	9
0	6
29	0
0	0
97	68
3	63
1	6
0	1
0	1
0	0
99	228
8	29
0	228
7	19
0	4
25	0
10	2
13	0
14	30
2	9
0	165
0	165
0	14
0	15
0	167
0	169
24	157
0	14
0	2
0	2
0	1
5	5
0	1
0	0
0	2
0	165
9	5
0	30
7	0
0	1
0	1
44	1
0	0
5	2
0	1
0	28
0	9
0	9
0	0
0	0
0	0
5	0
139	0
0	0
0	0
0	0
0	0
0	169
151	169
72	5
0	1
36	0
240	0
116	24
0	9
0	6
0	17
0	0
1	0
0	0
0	5
0	5
0	0
168	0
0	3
1	89
0	0
0	2
1	86
76	4
2	4
3	0
2	0
0	0
1	3
0	2
0	2
42	27
0	26
0	20
42	49
0	49
0	29
0	28
1	3
16	9
21	1
0	24
0	24
0	24
27	0
0	0
54	12
0	9
0	0
2	0
1	0
1	0
0	3
0	0
0	3
0	0
0	0
0	0
0	0
0	0
4	0
0	0
2	0
0	0
0	0
2	0
0	0
0	121
0	121
0	3
0	21
0	18
19	34
9	15
0	34
9	15
0	1
0	1
0	1
0	0
0	0
0	0
0	0
0	0
0	0
0	0
0	9
0	9
0	0
0	21
0	21
0	1
0	0
0	0
1	0
42	6
0	6
0	0
62	55
0	48
0	29
0	26
0	19
6	1
0	8
0	63
0	63
0	15
17	6
0	6
0	0
0	3
0	1
1	0
0	0
0	0
0	1
0	1
0	59
0	3
0	0
0	59
0	7
18	9
0	1
0	2
1	0
0	23
0	13
0	13
0	1
5	5
0	13
0	0
0	2
1	5
3	0
0	0
0	6
0	4
0	0
0	0
0	0
0	7
239	0
0	17
0	18
0	18
4	22
0	1
8	154
0	25
0	10
70	7
0	10
0	1
0	0
0	1
14	144
5	18
0	21
1	5
0	4
0	3
0	48
0	48
0	48
0	3
0	0
0	22
0	12
0	16
0	15
0	15
0	11
0	10
25	6
2	13
38	11
6	1
0	11
7	15
6	7
11	11
20	0
0	1
0	0
3	1
1	0
142	7
5	4
13	6
11	0
0	3
0	3
15	3
0	0
0	3
13	3
0	125
4	9
2	0
0	1
6	10
2	127
0	127
2	2
0	2
0	2
0	1
0	0
0	0
1	16
0	15
0	14
0	14
0	7
0	10
0	9
24	10
8	10
33	9
0	54
0	54
60	14
2	0
0	4
4	0
9	0
0	54
0	1
0	0
0	5
0	5
0	5
0	3
0	4
0	3
2	5
0	2
0	1
63	11
2	11
0	11
0	0
1	0
0	0
0	0
0	0
1	0
254	26
3	26
0	1
0	0
0	39
0	16
0	38
0	38
0	36
0	13
0	38
0	15
0	3
173	40
0	15
5	22
32	16
533	53
445	0
0	53
0	13
0	19
2	21
0	21
0	20
0	1
0	5
1	2
0	20
0	1
0	12
0	0
0	20
29	49
0	41
0	0
0	0
0	15
0	15
41	0
5	0
1	0
56	33
0	29
2	4
1	5
2	8
0	0
15	10
0	2
0	2
0	2
0	1
0	817
0	817
0	527
22	0
0	1
144	1
0	1
0	1
0	1
0	817
0	815
41	1
21	99
0	817
11	830
0	8
5	8
0	3
0	0
2	0
0	5
29	5
0	9
9	0
0	0
0	0
0	9
6	6
0	6
4	3
0	3
0	0
14	3
20	13
77	13
0	0
3	78
36	75
0	42
0	19
0	6
0	1
0	1
0	3
0	5
0	0
0	1
0	2
0	3
13	3
2	0
0	0
18	6
0	6
181	19
0	8
0	14
0	11
2	0
0	0
0	0
1	4
1	1
0	6
0	38
0	38
0	0
87	228
5	121
71	82
0	38
0	41
0	9
19	41
0	16
61	6
2	6
5	9
0	9
0	7
32	115
0	68
0	115
1	4
86	614
0	115
1	44
5	503
0	1
2	1
0	1
5	3
0	3
1	3
0	0
1	0
26	0
12	0
0	0
1	1
0	0
0	1
0	0
7	8
0	8
0	8
0	2
0	0
0	2
0	2
0	3
0	0
0	0
0	0
8	0
2	38
0	38
0	17
0	23
0	1
0	21
0	15
16	20
0	20
0	4
0	25
0	2
0	39
0	37
0	0
0	0
0	0
0	0
0	1
0	0
67	0
50	5
1	0
0	2
0	2
0	22
0	0
8	1
0	1
49	1
0	1
35	76
0	76
0	0
0	0
0	23
5	40
0	40
13	32
0	3
2	0
1	8
1	2
16	12
0	1
0	9
0	1
0	3
0	1
0	8
4	3
13	19
13	4
0	4
0	3
0	15
0	15
0	15
0	15
41	0
0	0
0	2
0	2
93	0
2	11
0	4
0	1
0	1
0	4
0	22
2	22
0	5
0	0
0	0
0	0
0	0
0	0
0	0
0	0
0	9
3	1
0	1
0	0
0	2
0	1
10	2
0	2
40	59
0	59
1	21
0	21
0	14
0	2
0	0
5	58
7	58
0	9
0	9
9	8
0	0
10	1
0	1
0	0
2	0
0	0
0	0
0	0
1	0
0	0
0	0
0	0
0	0
0	0
14	15
0	3
2	0
0	12
7	0
0	12
2	12
0	2
0	94
0	94
0	53
0	37
7	38
0	0
1	15
0	16
31	16
0	15
0	16
0	2
0	3
0	3
0	2
4	1
0	0
0	0
18	6
2	6
4	0
0	0
0	0
0	1
0	1
0	1
2	0
7	63
47	69
0	11
0	0
0	2
0	0
9	9
0	9
11	9
0	0
0	0
0	127
0	126
0	127
0	126
0	0
34	62
556	51
0	62
2	50
423	37
8	41
0	0
0	0
0	1
0	100
102	7
69	93
0	0
1	0
0	0
4	118
0	118
26	0
10	0
0	0
0	0
0	2
0	10
0	8
0	4
0	4
0	4
1	4
0	3
0	3
0	3
1	2
0	0
4	20
1	18
11	18
0	3
6	8
20	4
0	0
45	17
1	17
3	1
1	1
12	34
0	35
0	35
0	19
0	24
0	9
4	2
0	0
0	1
0	1
74	254
5	9
0	0
0	9
0	1
0	1
0	1
0	0
101	254
5	416
0	416
0	21
0	23
0	37
0	37
0	50
7	49
0	49
0	18
4	20
0	1
1	29
0	2
0	2
7	2
0	3
0	28
0	1
0	22
0	20
1	3
0	35
26	32
1	0
0	9
2	1
5	1
8	1
0	0
0	0
0	4
0	1
0	4
0	0
0	12
0	12
0	12
0	12
7	12
0	12
7	0
0	0
2	2
0	0
11	0
589	23
0	10
0	16
4	25
18	27
183	140
0	8
0	100
9	95
6	57
1	0
0	50
0	4
20	0
2	0
0	1
0	56
2	1
17	0
0	39
1	3
84	4
1	2
0	0
24	17
0	28
27	37
44	14
21	20
0	11
5	4
3	0
2	0
2	0
0	0
1	0
0	0
0	0
0	0
0	0
0	0
0	0
0	0
0	0
0	0
2	0
0	0
0	0
0	0
1	5
0	5
1	5
0	5
0	0
0	0
30	0
28	1
0	0
24	53
0	36
0	32
0	0
0	0
0	0
0	0
10	1
7	51
0	45
0	51
5	30
10	20
0	7
0	1
0	0
0	0
0	1
2	2
0	2
0	0
15	18
0	18
0	14
0	14
0	14
0	14
0	59
0	9
0	9
0	8
0	53
0	0
3	35
0	0
0	0
0	0
0	0
0	0
0	6
1	4
0	0
4	35
13	35
0	5
0	5
0	3
0	1
1	0
0	0
0	5
0	5
53	22
4	20
0	5
17	0
409	0
0	6
0	0
1	3
0	6
1	10
0	10
136	0
0	32
0	47
76	19
0	7
0	1
0	1
2	1
15	15
9	33
0	0
5	13
0	13
14	9
1	0
1	4
0	4
148	0
0	0
16	0
0	29
0	30
10	22
0	20
0	21
0	7
0	21
0	21
0	13
611	138
36	138
0	18
11	24
0	20
0	7
4	7
0	7
1	1
0	3
0	5
0	2
0	6
4	0
1	0
0	0
6	0
24	5
0	5
65	220
0	5
0	101
14	0
0	57
6	1
1	0
0	0
0	1
0	17
27	16
0	5
0	0
0	0
0	0
0	5
0	0
0	0
0	23
0	23
0	14
0	1
3	2
7	12
0	0
4	0
0	0
172	2
0	1
8	0
0	0
17	6
0	1
0	1
2	0
0	6
25	2
0	1
4	0
0	1
39	82
0	34
0	81
139	22
0	22
18	6
0	4
0	30
5	60
1	56
26	56
0	25
0	29
12	35
0	7
0	1
0	0
0	7
31	13
0	1
1	6
0	0
0	7
155	729
2	143
2	60
2	19
0	7
176	37
0	37
0	0
102	10
1	291
0	291
0	272
0	77
250	96
0	49
0	0
0	22
0	0
123	6
0	76
0	0
0	0
0	0
0	0
0	76
0	6
0	19
0	26
0	18
0	26
0	11
0	0
0	0
5	1
0	0
23	100
0	102
1	89
0	0
0	0
11	0
0	185
31	185
0	0
0	7
25	10
0	1
0	4
0	4
0	4
2	0
8	0
33	7
1	0
0	0
0	0
0	0
4	7
60	9
0	8
0	5
0	30
0	0
0	31
3	1
21	7
2	2
5	1
19	0
2	21
0	1
20	1
0	0
42	9
5	0
0	0
32	20
0	0
3	20
36	9
284	42
0	4
0	42
49	11
0	11
0	0
0	0
4	0
5	2
8	2
0	18
0	0
0	17
0	16
15	16
0	14
0	14
0	15
8	0
7	15
0	16
555	310
0	309
3	9
273	232
0	48
0	45
12	15
15	13
0	67
15	76
0	66
0	5
0	0
0	0
2	3
0	38
0	7
1	156
0	7
0	11
0	8
2	51
0	51
0	4
2	4
0	0
4	0
44	39
0	40
1	21
0	22
0	17
14	0
1	0
11	31
0	28
0	6
317	17
0	103
0	195
0	84
0	127
0	83
46	4
0	12
0	50
3	101
0	99
10	51
0	0
0	26
0	75
22	6
0	6
0	4
0	3
2	4
0	0
0	0
0	0
4	0
1	0
0	0
0	0
4	0
0	6
0	3
0	7
0	0
19	2
1	3
0	0
0	2
0	0
0	0
1	1
0	0
12	159
0	3
0	156
0	0
10	64
4	64
0	1
0	5
9	310
390	251
0	3
0	0
0	0
0	3
0	0
0	0
0	0
0	57
0	20
0	20
0	0
1	0
0	0
0	0
0	0
0	0
0	7
14	37
0	0
0	0
13	14
0	14
0	0
0	0
2	0
5	0
6	44
0	92
0	67
4	22
0	20
0	22
0	3
112	1
0	1
0	198
18	185
0	59
82	230
22	74
0	168
0	184
1	49
0	37
0	208
0	0
104	6
0	0
0	0
1	0
201	21
4	20
25	2
0	2
0	1
0	0
0	1
1	1
7	1
0	1
0	0
4	0
105	155
0	155
0	0
0	45
0	45
0	4
0	35
7	3
13	1
7	34
0	24
0	0
5	0
0	0
0	0
0	0
0	0
14	0
14	1
6	0
0	0
0	0
2	1
6	2
0	2
0	2
0	11
0	0
1	11
0	4
0	0
0	0
127	0
0	0
4	0
0	0
0	0
0	0
1	27
0	0
4	0
0	0
164	17
188	3
11	11
10	5
0	5
28	3
0	3
3	0
0	3
7	0
6	3
1	0
84	0
0	3
5	3
0	397
0	402
0	2
0	402
0	9
10	8
47	9
0	7
0	8
0	2
1	0
51	1
1	3
0	3
1	2
22	1
34	1
2	29
0	29
12	23
0	5
0	13
0	0
1	0
31	1
11	1
4	0
0	46
0	55
0	55
0	7
34	0
0	0
0	1
0	1
0	0
0	0
615	0
35	122
11	9
19	18
0	0
155	113
2	0
45	0
0	1
1	0
7	2
0	2
0	0
0	0
0	1
0	3
1	19
0	19
67	0
39	1
44	12
0	4
16	126
0	127
0	107
0	111
0	111
32	111
13	69
7	0
3	3
3	6
0	1
2	1
3	237
0	299
3	10
0	7
0	6
9	2
1	3
6	2
15	278
23	157
139	7
1	0
7	0
0	6
0	4
0	4
0	6
0	4
0	0
0	0
1	0
0	0
12	3
1	3
0	1
0	0
0	0
0	0
0	0
0	5
0	0
0	2
0	0
0	5
0	0
1	0
0	0
0	7
2	7
0	7
0	3
9	54
0	5
0	2
0	54
4	5
1	4
2	2
7	3
0	2
0	45
0	59
4	35
0	52
0	31
0	40
0	43
0	56
0	12
42	1
0	1
0	0
2	0
0	0
0	0
1	1
7	0
38	1
13	23
0	15
0	2
0	3
0	3
0	0
1	0
0	1
0	1
229	163
0	0
6	159
0	4
0	6
0	5
3	0
0	0
0	2
0	6
19	0
11	63
160	62
0	3
2	4
27	107
0	126
0	109
12	128
36	0
0	4
0	1
0	2
0	0
5	1
0	0
0	0
100	0
36	0
33	7
3	7
9	37
429	255
52	12
126	0
0	218
51	56
5	30
0	17
3	0
153	12
0	25
0	25
89	0
0	0
0	0
0	0
210	29
5	29
1	20
1	1
0	0
1	2
3	0
1	12
11	14
54	36
0	0
4	2
6	0
11	26
0	6
0	0
4	1
0	0
2	0
0	0
11	23
0	0
0	3
1	0
13	19
0	17
14	1
0	1
1	1
0	4
0	3
0	4
0	0
66	27
0	5
4	20
0	20
0	0
0	4
0	2
0	3
0	4
0	3
0	2
2	1
8	1
0	1
0	0
0	3
3	3
0	1
20	80
0	64
0	64
0	66
0	67
1	434
7	72
7	70
1	480
3	480
44	0
156	23
3	9
0	0
0	14
1	0
0	2
0	2
0	2
77	4
2	0
0	4
129	248
54	248
0	53
0	72
0	42
22	50
0	16
21	70
0	2
2	0
1	0
0	61
0	64
0	4
0	8
1	22
0	2
9	22
18	6
0	6
6	0
10	39
0	28
0	0
0	117
0	122
13	0
0	0
9	0
81	22
0	21
3	6
0	1
1	0
1	0
3	0
0	0
0	0
0	1
0	0
0	4
3	0
16	67
0	67
2	0
2	7
3	7
0	0
337	20
883	20
11	0
29	11
0	7
0	32
0	0
17	12
9	0
0	12
5	10
25	10
4	62
0	6
5	57
18	1
65	3
0	0
0	0
47	324
12	307
0	215
4	4
0	4
8	1
0	17
0	17
0	0
24	155
0	25
0	130
0	128
39	13
0	13
63	43
16	3
19	0
0	0
3	127
0	127
9	7
2	7
19	43
35	6
0	1
9	6
80	0
0	0
0	0
4	19
0	11
1	1
0	16
0	4
2	0
0	0
0	0
0	13
0	13
0	6
9	6
4	6
0	0
0	4
3	0
23	38
0	16
13	33
24	15
68	15
0	36
9	9
9	128
1	0
3	3
95	62
0	48
19	10
1	5
0	0
3	1
0	26
0	1
5	1
0	18
0	16
2	16
0	13
0	9
19	0
0	2
0	2
6	3
0	3
0	1
0	0
2	0
0	2
1	2
1	5
0	1
1	2
0	5
0	6
0	28
29	28
0	13
0	17
0	20
1	1
0	4
1	37
18	47
0	42
0	44
0	10
0	37
5	18
0	13
0	9
0	15
0	4
0	5
0	3
0	4
0	1
0	0
0	0
0	2
0	0
0	0
1	1
2	14
10	0
50	0
33	3
0	0
2	0
0	1
1	0
0	0
6	1
8	0
2	2
0	2
0	2
0	0
0	2
7	0
91	3
3	0
0	20
0	18
0	10
0	11
0	6
0	5
0	7
0	0
0	8
2	1
0	2
0	8
0	0
0	0
1	0
112	1
2	0
0	0
1	0
0	72
0	24
2	22
0	70
0	48
0	11
0	0
0	11
0	0
0	153
0	153
0	0
121	0
0	25
0	25
0	199
0	199
37	183
0	182
0	5
0	0
0	0
0	0
0	0
9	0
0	0
0	0
145	9
0	0
3	6
0	7
1	0
1	9
17	4
0	3
37	8
0	0
139	127
3	134
0	14
5	14
18	6
0	0
3	3
0	3
0	3
0	14
0	7
0	7
1	0
0	0
0	0
0	7
0	2
0	0
1	0
1	0
2	2
2	0
0	1
0	0
0	0
26	0
0	1
0	5
23	22
0	3
3	17
0	4
14	1
0	1
8	0
1	0
6	0
0	8
130	472
0	464
1	0
0	8
35	95
10	2
0	95
0	0
7	0
30	19
0	19
197	42
23	23
16	4
0	12
0	25
11	62
0	7
1	46
0	2
8	49
0	172
0	0
0	0
71	244
0	72
81	155
88	251
0	80
108	196
5	0
0	2
0	3
0	50
2	51
0	71
0	64
0	54
22	54
81	29
0	53
0	64
4	0
20	54
106	54
0	0
0	33
0	12
0	12
0	0
0	54
9	143
0	0
4	231
13	231
0	229
8	48
0	81
67	376
0	376
0	0
3	1
2	1
0	4
0	3
0	3
0	6
0	1
3	1
2	0
0	0
0	0
0	0
0	0
0	4
3	5
0	2
0	5
2	11
1	0
0	0
0	15
0	15
0	0
19	6
0	3
0	0
0	1
0	1
0	3
14	155
4	0
0	0
2	0
0	0
0	24
0	24
1	0
63	23
0	23
0	2
0	0
5	41
0	0
11	49
1	3
2	3
25	40
9	32
6	32
1	0
1	0
2	27
0	0
2	0
0	0
157	0
8	0
7	0
0	0
1	0
0	0
0	0
0	0
1	4
0	2
0	2
0	2
0	2
9	11
0	9
0	1
157	0
0	5
0	5
0	1
3	6
2	7
6	3
0	4
0	463
0	0
1	2
1	2
0	1
103	7
0	7
0	7
0	4
1	0
0	0
0	463
0	0
0	2
0	2
22	14
0	14
11	7
1	0
1	5
5	2
0	18
0	18
0	5
0	5
0	5
0	7
4	0
0	0
2	0
3	20
2	1
0	1
12	3
0	0
0	3
10	0
174	43
0	43
1	13
0	4
1	6
0	6
19	11
4	11
0	6
0	8
0	8
0	0
6	17
33	25
0	6
0	4
1	19
4	3
5	3
24	0
122	37
0	34
0	0
162	62
9	70
41	61
2	57
0	0
29	0
0	29
0	31
25	41
0	0
131	15
95	20
3	11
0	5
0	0
125	2
0	4
1	2
0	2
2	13
7	1
0	0
0	7
0	14
0	14
0	13
14	7
0	3
0	5
0	20
0	0
2	0
0	0
0	0
1	0
0	0
4	0
0	1
1	0
0	1
0	1
0	3
0	22
0	2
0	1
4	51
0	51
0	21
0	4
12	0
22	6
46	6
0	0
0	0
0	0
0	0
151	163
0	163
10	0
0	0
0	10
0	11
22	11
0	2
1	7
0	0
0	2
0	0
14	0
0	5
2	79
0	53
0	41
29	5
0	2
0	10
11	0
0	0
0	0
0	1
23	20
315	20
30	11
0	26
123	48
0	8
0	2
6	5
12	43
0	2
0	2
0	1
153	1
0	2
0	2
19	39
3	5
42	34
2	0
0	1
0	0
0	8
0	0
0	0
22	74
2	65
0	0
0	1
2	1
15	0
0	0
0	0
0	0
0	0
0	0
8	5
0	5
0	1
0	1
0	14
9	81
0	1
0	0
0	14
0	16
9	0
0	69
25	83
0	14
0	1
1	1
0	0
14	2
0	68
0	67
0	1
0	3
7	25
0	25
1	0
0	0
0	5
0	5
41	63
110	66
2	12
4	9
32	0
0	0
0	9
0	0
0	0
0	0
0	0
0	0
0	0
0	0
3	0
0	0
0	0
0	0
0	0
0	0
0	0
0	0
0	0
0	0
0	0
0	0
0	0
0	0
0	0
0	0
0	0
0	0
0	0
0	0
0	3
0	2
0	0
0	0
0	0
0	0
0	0
0	0
0	1
0	0
0	1
0	3
6	0
2	0
0	74
0	74
0	8
0	3
0	2
0	0
0	2
0	2
0	2
1	13
0	13
0	13
0	2
9	0
40	17
7	29
0	0
0	0
0	0
8	23
1	23
0	6
14	0
0	0
0	0
0	0
0	1
0	0
1	0
0	23
56	0
0	23
0	84
36	171
28	166
0	64
0	5
0	4
28	30
0	26
0	0
0	0
2	0
1	2
0	2
50	0
4	9
0	8
0	5
0	8
0	6
0	5
0	4
0	11
0	13
0	4
0	4
3	5
0	11
0	18
0	12
21	5
0	10
0	5
0	0
0	10
4	0
0	0
0	0
0	0
0	0
0	0
3	0
0	0
1	7
0	9
14	22
0	0
0	0
0	0
3	43
190	0
0	9
44	41
11	41
6	38
6	38
0	37
24	17
1	0
53	0
6	0
5	20
0	76
0	76
2	633
0	586
970	72
0	19
39	566
0	586
1	0
0	1
0	1
0	7
0	8
11	11
25	258
0	1
9	24
16	24
5	0
111	26
3	0
6	44
0	61
12	11
0	5
12	6
0	1
3	6
0	68
75	56
0	56
0	69
10	18
0	4
0	7
17	0
12	0
1	3
0	4
0	0
4	3
0	14
4	23
0	0
0	6
0	13
2	1
5	18
1	1
0	1
184	2
45	0
77	2
47	0
0	48
0	45
6	46
1	45
0	46
0	51
0	56
183	51
0	48
0	0
0	51
1	1
2	1
13	0
0	0
0	6
0	6
0	6
0	4
0	4
9	2
0	2
0	0
34	0
0	0
2	0
1	0
0	1
0	7
0	6
394	0
0	1
0	1
0	1
31	0
1	10
0	0
0	0
7	10
2	0
1	0
0	0
0	5
4	126
50	126
2	0
2	0
2	66
0	1
0	0
1	0
5	0
126	0
6	20
0	20
0	1
26	2
0	2
0	1
0	6
15	1
0	0
0	6
48	0
20	0
15	183
36	3
0	3
0	0
2	0
0	0
2	0
0	0
19	0
0	0
0	0
0	0
0	0
0	0
0	1
52	34
2	3
0	2
5	19
30	2
0	2
0	31
0	5
177	14
0	14
0	2
1	4
0	0
0	0
36	3
3	3
1	0
0	0
0	0
14	85
35	24
0	90
0	0
3	0
39	90
15	91
0	1
0	0
14	40
0	42
3	0
5	12
0	12
0	12
0	0
0	0
0	14
0	4
0	1
97	14
0	0
0	0
1	16
4	0
1	0
57	4
0	3
2	2
0	1
0	2
5	0
0	1
27	59
0	58
0	0
21	257
0	183
50	259
0	18
11	0
204	21
0	1
0	0
0	14
0	0
0	21
0	9
0	9
0	5
24	22
3	12
1	10
48	22
0	31
0	16
0	4
0	15
8	0
0	3
0	3
0	29
0	31
4	131
0	1
2	136
0	117
0	5
1	0
0	0
0	1
1	98
21	22
0	22
0	0
3	0
0	8
4	7
0	8
2	8
0	0
1	8
6	7
3	7
1	7
0	3
0	7
50	12
0	12
3	15
3	18
0	33
0	33
0	2
0	2
0	2
0	11
6	59
0	53
0	54
0	56
17	17
0	3
32	6
0	11
0	99
0	98
0	8
0	3
13	5
2	0
42	4
0	4
4	14
1	25
10	25
0	2
0	2
32	75
52	9
5	2
3	2
4	0
0	0
0	0
0	0
0	0
179	0
0	0
40	3
0	2
0	0
0	1
46	4
2	4
1	0
0	0
1	0
0	0
0	0
0	0
0	0
0	3
1	7
0	4
33	18
0	15
0	50
0	66
18	15
0	15
33	0
0	0
0	19
0	19
8	1
9	57
16	57
0	5
0	3
0	3
0	0
0	5
176	29
5	29
20	21
0	1
4	1
0	0
54	4
0	2
0	0
0	0
0	0
0	0
0	0
0	0
1	2
1	0
9	0
1	1
0	1
0	0
0	0
0	0
0	0
0	1
0	1
29	1
0	1
0	0
2	0
0	1
6	30
0	0
2	1
0	1
0	0
0	0
1	0
1	0
0	0
0	13
0	13
2	2
0	58
0	58
199	90
0	24
0	24
0	21
1	2
27	42
32	42
0	5
9	5
4	7
0	2
7	41
3	1
0	10
137	0
0	2
1	1
0	1
0	34
1	0
0	27
0	0
2	35
0	13
20	21
0	19
0	1
0	0
0	5
0	5
0	5
0	0
0	0
5	18
0	18
0	0
3	4
0	4
19	4
0	26
0	0
0	21
0	52
29	52
0	0
0	58
0	58
0	28
0	5
0	2
0	0
0	0
0	0
2	0
0	63
60	63
7	58
0	1
14	1
0	0
1	32
0	22
14	12
0	12
194	8
0	0
9	2
0	2
0	6
0	6
94	14
0	4
0	17
0	16
2	3
1016	102
0	102
0	2
0	17
1	17
0	1
35	14
0	0
0	9
0	14
2	3
1	0
0	0
0	0
0	0
20	15
4	15
66	4
0	2
0	0
0	0
1	2
1	0
0	0
0	0
5	0
0	0
0	0
3	7
12	9
42	14
9	14
0	13
0	0
0	0
178	32
5	34
4	28
0	21
3	10
59	0
0	0
0	0
0	0
0	0
0	0
0	0
0	0
9	31
0	7
0	5
0	5
0	1
0	1
1	0
0	0
3	1
171	71
0	71
0	31
8	14
5	0
5	54
236	134
0	134
0	108
528	59
0	7
19	0
0	16
0	16
0	16
0	0
2	79
0	79
0	11
0	9
0	2
0	5
106	29
0	29
4	23
0	106
0	128
34	56
0	16
1	28
0	26
8	4
0	1
0	104
226	93
0	31
0	0
2	0
4	0
93	31
0	0
0	0
2	83
0	83
0	32
3	32
0	3
0	3
11	3
0	1
91	98
269	98
5	6
0	56
0	58
0	9
0	27
0	6
32	14
0	9
0	3
0	3
0	3
0	16
56	33
0	16
0	3
0	16
0	3
0	31
0	3
0	0
0	12
9	8
0	0
0	11
0	5
0	5
0	2
1	0
0	6
0	6
1	123
0	19
0	28
0	29
24	152
4	145
40	46
0	46
0	11
0	3
1	29
0	1
0	6
0	0
48	0
1	2
0	0
3	32
3	3
0	3
3	3
24	32
27	29
0	7
0	23
6	29
0	36
6	53
3	53
8	33
1	6
13	7
0	1
0	1
0	1
0	0
271	303
0	325
0	331
0	32
0	32
9	7
0	7
1	0
0	9
0	0
0	0
4	9
0	0
9	1
0	1
12	7
0	7
0	22
0	50
0	50
0	35
0	86
0	49
13	0
0	0
8	105
0	103
233	20
0	1
0	1
0	26
0	27
0	26
120	27
0	1
1	6
88	0
0	6
0	6
0	392
2	392
0	8
0	1
0	1
0	1
0	0
24	12
0	3
1	1
0	6
0	1
119	20
0	0
0	4
0	11
2	44
0	0
0	1
5	44
27	23
169	14
0	0
1	4
0	4
0	2
6	14
139	14
7	1
43	5
261	0
33	0
2	36
1	7
166	244
0	82
0	7
0	244
0	244
0	0
0	7
10	71
2	9
0	7
0	55
4	46
0	21
0	0
4	2
0	2
2	3
0	1
0	1
0	0
1	0
0	9
0	9
0	18
0	18
0	18
0	3
24	45
3	45
0	45
0	0
1	14
0	8
35	11
0	4
0	1
0	1
1	1
2	1
4	1
0	0
0	0
2	1
0	1
0	2
8	2
0	2
1	1
1	2
0	2
0	0
0	0
5	2
365	0
13	21
15	47
37	23
0	4
51	57
0	21
1	1
0	1
0	0
0	0
0	0
0	0
0	0
13	94
3	85
0	94
195	57
20	0
0	0
7	1
0	1
0	11
0	0
4	0
0	0
2	4
0	3
0	2
0	0
2	48
219	47
155	13
0	41
0	0
0	5
3	5
0	0
5	5
0	0
83	9
0	32
0	32
0	565
0	565
0	9
0	9
0	0
0	5
0	0
0	23
0	11
1	25
38	25
0	23
3	1
0	0
0	1
0	3
0	3
0	2
0	0
0	1
0	2
3	2
0	0
0	0
0	3
48	74
3	74
1	0
5	88
0	81
0	81
0	81
0	8
0	88
0	0
5	0
30	127
214	127
0	7
0	6
0	6
0	69
0	37
0	42
0	76
104	40
0	40
0	73
0	4
265	5
0	19
47	7
3	36
0	74
0	52
0	73
4	108
52	108
5	12
32	2
1	2
0	2
6	0
191	76
0	21
238	61
0	2
0	9
0	23
0	15
2	18
112	31
60	0
0	0
0	6
0	7
0	3
0	3
0	6
0	6
0	3
0	4
0	6
0	1
0	1
0	1
0	5
0	0
3	0
0	0
1	1
0	0
1	12
0	12
0	1
0	0
0	0
0	0
0	3
1	3
0	1
0	3
0	0
2	3
0	0
48	11
30	8
61	140
69	143
0	128
0	11
2	1
2	1
2	8
9	3
0	3
372	51
0	0
0	0
0	5
2	43
0	0
31	35
243	35
0	0
0	0
0	1
27	241
0	12
2	12
16	2
0	27
0	3
3	6
9	3
0	1
24	235
67	56
0	47
0	50
0	38
7	1
54	2
122	7
1	0
0	0
78	14
0	9
0	0
60	14
27	12
0	4
0	8
120	254
0	254
5	0
12	27
59	25
12	0
0	27
25	27
3	0
13	4
8	3
1	2
4	2
3	4
0	3
87	15
0	16
0	1
0	0
0	2
0	0
3	1
11	0
21	90
12	90
0	98
0	98
92	90
0	0
2	1
0	0
1	0
0	0
0	71
0	71
3	13
0	4
1	0
0	0
0	0
0	20
9	20
7	7
0	5
16	38
0	3
0	4
0	1
0	0
1	0
0	0
18	2
11	1
0	0
2	0
3	1
0	0
0	67
0	1
0	46
2	67
0	0
631	0
0	0
0	0
0	0
0	0
3	0
2	6
0	6
0	6
0	6
0	2
1	0
5	2
0	2
4	1
0	0
0	1
10	41
23	30
3	2
0	0
0	0
34	0
0	0
0	0
0	0
0	14
0	14
0	5
0	0
0	0
0	0
0	0
0	14
0	12
0	12
0	13
2	12
0	6
0	1
4	0
0	10
10	10
1	1
2	2
0	2
260	10
0	10
0	8
5	105
0	23
0	14
1	1
1	1
0	3
8	1
0	1
0	0
0	14
0	6
0	0
9	84
40	4
26	7
0	3
0	0
250	345
3	16
18	46
0	329
0	116
36	116
16	76
16	40
1	54
0	0
259	8
286	534
4	553
0	56
0	46
0	14
4	80
0	3
0	0
9	7
19	3
0	1
217	13
2	0
0	0
0	0
0	0
0	0
0	11
0	0
0	0
35	12
0	1
11	1
2	171
7	182
2	169
0	0
0	0
0	0
4	0
17	150
1	102
0	0
1	0
0	3
139	42
0	0
0	10
0	1
4	1
0	24
0	54
7	0
0	4
2	23
0	54
1	1
13	14
0	14
0	7
0	1
2	1
3	1
8	10
5	1
0	0
1	0
0	0
0	0
0	7
0	1
20	11
0	10
0	1
0	0
7	4
0	0
15	4
0	0
0	4
123	28
1	28
35	21
147	0
28	0
2	0
0	7
0	7
0	7
0	1
8	2
0	1
0	2
2	4
0	0
22	41
0	5
10	11
21	61
36	1
2	0
0	0
0	3
128	42
228	36
35	36
2	6
0	6
88	86
0	1
0	68
31	0
4	0
68	15
0	45
0	11
27	21
1	21
0	42
1	38
2	21
3	27
0	55
19	0
3	55
0	31
0	10
3	0
4	248
16	199
0	200
0	199
0	195
4	56
0	57
86	3
2	1
0	3
50	0
30	1
18	29
0	26
0	29
0	23
1	18
0	12
0	4
0	3
0	0
0	0
0	0
0	0
0	0
17	0
0	0
20	0
139	0
2	2
0	2
0	1
4	1
1	0
0	20
0	20
0	3
0	2
0	2
55	2
0	0
13	2
6	0
0	146
0	149
71	47
0	47
382	32
4	0
1	13
0	4
0	9
10	1
0	1
0	7
0	4
0	3
2	3
1	3
0	15
137	435
0	1
8	3
33	63
0	59
0	74
0	73
0	11
0	11
0	11
0	1
0	6
0	6
12	4
0	4
0	0
0	2
0	0
0	0
47	0
0	0
310	14
26	3
0	11
1	15
1	15
0	12
0	1
2	5
0	0
0	4
0	16
0	15
3	0
13	23
0	28
1	18
0	16
9	0
0	21
0	16
0	16
0	16
202	93
3	93
0	57
28	1
153	153
0	3
0	6
0	153
0	17
57	35
14	40
0	5
0	0
503	0
54	15
0	8
0	9
0	9
0	0
0	15
1	0
0	0
0	0
1	10
2	2
0	0
0	8
0	5
0	5
1	33
5	33
0	9
0	1
13	74
0	74
0	74
53	74
0	72
11	1
1	0
2	0
2	88
0	70
5	43
0	37
0	31
0	33
0	11
5	5
0	5
21	0
0	0
0	20
8	0
0	0
0	0
1	7
0	3
0	3
0	3
0	0
76	37
7	34
7	35
0	34
21	35
0	11
4	12
84	32
0	15
0	13
0	10
3	12
2	3
4	7
0	7
0	2
0	0
0	0
0	0
1	2
5	2
0	2
0	0
0	1
0	1
7	2
0	2
69	0
19	3
0	2
0	2
0	2
9	2
0	0
3	2
24	1
0	0
1	1
0	0
1	2
28	12
0	11
22	14
0	14
1	7
20	7
0	4
0	3
1	3
0	0
0	0
0	0
7	1
0	1
36	146
4	144
22	9
7	0
0	0
0	0
1	28
0	3
0	0
1	0
0	0
0	0
0	1
0	16
2	25
4	11
0	11
22	86
0	86
0	18
0	0
4	1
0	16
10	16
2	8
0	4
18	11
0	11
6	0
1	0
0	19
0	37
0	37
0	0
0	1
0	2
8	10
0	7
0	7
0	7
0	10
0	7
0	0
0	0
0	0
0	0
1	0
0	0
0	0
0	0
1	8
0	0
0	8
3	8
0	3
0	3
0	3
9	0
452	3
0	8
0	10
0	10
0	0
5	21
0	21
3	9
0	10
0	7
0	5
0	5
0	0
0	0
0	9
0	9
0	6
0	2
0	52
16	58
1	40
0	6
7	5
0	5
0	3
0	1
0	1
0	3
0	0
0	0
0	0
0	1
0	2
238	0
0	6
0	6
0	6
0	4
0	4
0	1
3	1
9	7
7	100
0	67
18	111
2	10
0	4
1	67
0	2
143	42
0	33
3	0
6	12
0	12
0	1
8	120
10	1
0	120
0	16
18	19
0	16
30	11
0	8
0	3
0	2
0	0
4	6
0	6
0	1
0	0
34	1
0	0
0	7
15	32
0	36
0	18
14	6
0	6
1	6
0	6
0	6
0	4
0	0
5	136
71	136
1	0
0	2
2	2
0	0
0	6
211	63
2	6
0	1
0	0
0	57
25	1
8	9
6	56
0	56
1	10
0	2
0	45
4	4
0	45
0	1
0	2
0	2
112	0
4	0
11	11
0	0
0	0
0	0
0	43
0	0
0	0
0	43
0	1
6	1
0	1
0	0
0	1
0	0
1	1
20	28
0	0
2	0
0	0
4	15
0	0
2	16
0	3
0	0
0	15
2	14
0	19
0	19
0	0
0	0
568	118
5	118
47	34
0	30
0	0
0	0
345	0
0	0
0	17
22	59
12	0
0	1
0	0
1	0
22	2
0	2
35	27
0	27
3	28
2	14
34	14
0	6
1	2
0	3
0	3
0	16
45	0
0	1
16	1
135	90
0	22
0	26
0	12
1	12
0	11
0	17
0	12
1	9
0	13
0	11
0	64
0	4
1	4
0	7
0	0
1	2
0	1
4	0
0	1
5	0
5	6
0	6
129	0
84	57
0	53
0	12
0	0
3	0
0	0
33	0
0	0
25	2
331	2
0	0
0	0
97	16
0	0
100	29
0	31
0	26
0	26
0	23
36	16
0	2
0	2
76	13
1	11
2	35
4	30
24	34
16	26
0	30
0	30
0	30
30	1
0	0
0	1
0	0
0	1
0	0
0	1
1	2
0	0
0	0
0	2
0	0
0	1
1	42
6	0
4	19
8	12
10	16
110	34
29	48
121	3
5	3
0	3
0	0
0	0
26	0
96	141
0	5
30	136
5	2
32	10
55	15
5	5
17	10
0	9
0	10
18	7
0	0
1	0
5	20
0	0
2	0
0	14
21	24
4	9
5	1
0	1
0	1
46	17
103	0
29	17
15	18
0	18
0	16
15	16
0	15
2	12
0	1
0	0
10	1
0	0
0	104
0	104
9	2
0	0
0	0
0	0
5	4
14	65
15	20
0	14
0	12
2	8
0	8
32	7
38	124
388	16
0	16
24	2
1	20
0	106
0	91
90	10
1	3
0	3
0	8
0	8
0	8
0	8
0	8
2	8
1	8
0	0
0	0
4	14
6	0
0	0
0	0
0	8
0	8
1	2
457	3
0	3
2	59
2	0
5	59
3	67
15	150
165	150
4	3
0	0
0	14
0	5
1	0
0	0
0	0
0	0
14	39
1	0
0	0
0	7
0	0
32	13
0	1
0	7
1	12
4	12
3	3
2	3
0	0
0	166
247	183
0	0
0	0
0	1
0	1
0	1
0	70
0	0
1	70
9	0
1	18
1	17
0	1
0	1
0	2
0	16
0	0
0	14
0	16
189	59
0	59
108	8
0	16
8	16
18	18
0	16
0	5
1	36
3	0
0	0
16	117
79	117
39	8
0	0
1	0
0	0
86	6
13	6
0	6
1	6
150	6
8	12
339	355
0	0
0	8
9	8
5	3
0	4
0	45
16	45
0	4
0	2
0	2
0	2
0	0
1	2
6	0
1	0
0	0
152	0
0	2
0	16
123	308
0	19
0	316
0	4
10	2
0	0
0	0
0	1
0	2
1	2
0	2
5	2
0	1
0	2
0	7
0	157
0	155
12	156
1	0
0	0
12	8
0	8
13	15
0	6
0	4
0	9
0	32
1	32
0	19
9	19
0	5
0	7
0	15
27	5
9	16
0	6
0	63
0	63
0	63
0	63
0	63
85	0
126	0
11	62
0	62
0	78
0	78
4	53
0	10
0	0
0	0
1	2
0	0
0	0
0	0
9	42
0	31
0	0
87	1
0	0
0	16
0	10
31	10
0	4
0	0
2	0
0	7
2	0
0	8
0	5
0	8
0	20
0	14
0	1
0	0
0	0
0	27
0	42
88	0
5	1
87	0
1	5
0	5
0	0
5	1
0	0
0	20
0	6
1	11
0	14
1	9
0	3
0	0
0	0
0	0
0	2
0	51
2	54
21	43
0	2
0	2
0	2
0	0
4	0
394	29
0	21
9	3
0	0
0	5
0	0
0	0
0	4
0	5
0	0
1	0
0	0
4	0
0	7
0	6
0	6
0	6
0	0
0	0
0	0
0	22
0	2
93	0
3	25
0	7
0	32
5	16
0	16
0	0
16	0
0	115
356	112
0	115
120	0
1	0
0	0
13	0
0	0
1	0
1	0
0	0
19	16
0	0
0	16
0	0
41	14
0	14
28	6
0	6
0	0
0	6
46	16
0	6
83	30
0	14
0	8
0	7
5	400
0	403
0	206
0	202
0	54
20	1
0	3
8	1
12	0
0	18
45	22
0	0
0	0
0	16
0	15
0	325
0	334
0	334
0	334
0	104
0	317
0	317
0	317
0	317
0	0
0	3
0	0
33	0
1	3
21	198
62	198
0	15
0	326
1	107
1	4
0	0
0	4
0	5
0	5
110	206
0	149
24	193
1	165
0	0
0	0
0	0
2	5
3	3
0	5
0	4
0	2
0	3
0	2
70	3
0	0
0	3
0	1
97	4
0	0
0	0
3	2
0	5
20	28
7	28
0	48
0	20
0	55
0	55
0	12
0	12
0	12
0	8
0	138
2	126
0	37
8	76
0	26
0	12
0	8
0	16
0	4
0	5
0	0
0	0
0	0
0	0
1	1
0	0
6	1
4	9
0	8
32	6
3	9
0	4
0	5
0	6
0	0
0	0
0	1
0	0
0	1
10	6
24	14
0	13
0	4
3	0
0	0
0	3
0	0
0	0
0	0
1	0
0	0
0	0
0	2
3	2
4	54
15	76
0	53
0	22
5	70
0	31
0	28
0	28
0	27
0	27
0	31
0	2
49	54
0	76
9	73
12	41
0	0
0	9
1	5
0	0
0	2
0	4
0	9
0	9
0	0
9	9
0	1
0	1
0	0
0	1
0	1
17	4
0	4
4	1
0	0
0	0
0	0
0	0
0	0
1	0
0	0
8	183
0	182
0	147
0	142
9	197
79	276
0	83
0	276
15	3
4	3
0	0
183	70
13	70
0	4
19	4
19	55
3	51
0	54
0	20
0	0
0	0
0	1
76	8
13	10
0	0
0	2
0	0
0	3
0	3
0	0
0	0
0	0
0	2
0	3
26	135
124	134
0	2
0	2
0	2
0	0
3	0
0	0
1	0
0	378
0	378
0	260
0	215
0	0
14	8
19	226
0	179
0	12
0	8
11	14
5	4
80	5
4	3
0	1
0	0
1	0
0	18
23	2
0	5
0	17
1	17
15	1
0	0
0	0
1	6
0	4
0	18
303	78
0	70
0	53
1050	216
0	41
0	11
5	14
0	162
0	12
1	12
227	22
0	22
6	34
0	23
0	23
3	15
0	1
0	25
0	25
0	15
0	0
0	11
0	11
0	11
0	11
6	2
14	4
17	67
7	67
0	94
10	94
1	12
8	0
1	0
0	0
0	0
0	1
0	0
0	0
195	8
3	7
2	7
0	7
3	60
0	60
0	58
0	43
6	42
39	64
0	21
0	7
0	0
0	1
0	0
0	0
0	0
0	0
0	0
37	53
0	53
0	53
3	1
0	1
4	8
0	8
0	8
1	7
2	36
7	24
0	14
5	21
3	13
0	0
209	71
1	0
16	1
7	67
17	4
0	2
0	0
0	0
0	0
50	13
0	13
0	37
0	21
0	0
2	31
0	34
23	36
0	37
21	5
0	5
0	3
627	0
1	0
0	0
2	13
1	0
0	0
0	10
0	0
0	3
27	0
0	0
2	0
9	1
80	175
0	175
0	161
5	1
3	93
0	0
12	181
57	1
0	1
27	92
0	56
0	1
16	36
0	7
0	7
0	27
3	2
5	27
35	26
5	25
0	0
2	0
0	1
0	27
0	27
0	27
0	27
0	5
0	47
0	216
0	216
0	216
199	422
0	4
0	20
0	20
0	20
0	48
2	26
0	0
47	240
0	240
118	0
5	0
0	0
44	6
0	6
0	6
13	6
0	6
0	6
0	5
0	0
0	0
0	0
0	5
0	0
4	453
0	460
0	72
1	114
0	29
0	2
0	1
0	0
10	21
1	0
7	2
0	1
103	14
1	4
2	1
6	10
63	6
0	4
0	2
6	3
0	3
23	15
397	15
0	0
5	0
13	12
0	0
0	9
0	0
0	0
0	0
0	2
0	2
0	0
0	0
0	0
0	0
0	0
0	2
0	0
1	1
5	1
0	2
0	0
0	0
0	0
0	1
0	9
0	11
0	11
0	11
0	14
22	13
0	13
9	0
79	65
0	59
26	0
4	58
16	2
7	51
0	58
10	61
0	61
0	61
0	58
0	0
6	0
166	22
0	416
0	423
0	121
0	20
0	14
0	0
0	1
0	1
0	1
6	4
0	45
0	26
9	32
0	6
2	23
1	6
0	11
14	80
0	5
0	0
9	87
0	12
0	22
0	21
2	21
9	59
1	59
0	0
0	7
0	7
0	6
26	38
0	22
7	21
0	21
0	32
0	31
0	31
0	0
0	0
0	0
0	0
0	0
0	0
12	16
2	0
0	0
0	1
0	0
0	1
4	13
0	1
0	0
37	8
25	3
9	4
0	4
0	3
0	4
26	1
0	1
0	0
0	41
0	41
0	32
5	41
68	0
1	0
0	0
0	0
0	0
9	10
2	0
0	18
47	19
1	19
0	4
0	0
4	0
15	56
0	3
0	16
18	30
0	2
0	2
0	0
0	233
0	19
0	35
0	19
0	19
0	28
0	28
0	233
7	145
7	25
0	9
0	9
0	11
114	11
0	10
0	0
1	0
0	11
57	56
0	2
11	90
0	2
4	52
50	26
0	17
0	0
0	0
0	23
0	28
0	129
0	148
0	1
1	163
0	163
154	156
489	173
1	153
5	83
0	51
0	14
0	13
23	1
0	0
18	0
3	6
0	9
25	0
13	15
0	4
0	4
10	30
0	10
17	11
1	24
1	24
0	26
0	5
0	2
18	5
6	0
0	1
0	1
0	1
10	2
1	1
1	0
0	0
0	1
0	1
0	10
0	1
0	10
0	12
0	7
0	12
0	8
0	2
0	6
0	0
0	6
0	6
0	6
0	1
0	5
0	5
0	0
0	5
0	0
0	0
0	5
0	12
0	22
0	41
0	54
0	43
0	43
11	4
3	1
34	122
0	124
3	0
2	0
2	4
7	53
0	18
0	55
0	1
0	1
0	5
0	0
65	0
1	0
0	5
6	6
0	1
0	1
0	1
0	0
0	0
4	0
0	22
0	21
0	21
0	54
0	2
0	2
0	2
0	78
0	79
0	4
0	4
0	2
0	6
0	6
7	0
2	0
0	36
0	33
0	30
0	4
0	28
0	0
26	18
0	0
1	0
0	0
0	6
0	2
3	0
0	10
0	9
0	1
49	22
1	22
0	12
0	0
0	2
0	0
0	0
9	515
2	0
0	0
0	18
3	515
0	14
0	14
1	14
10	2
36	28
41	26
1	24
0	0
1	0
1	2
0	1
65	6
0	6
84	0
3	16
10	7
0	15
0	3
2	2
1	3
2	14
1	4
0	4
0	28
15	20
2	0
35	11
11	1
34	1
2	0
103	9
22	23
0	14
0	12
0	35
0	35
0	15
155	13
49	6
0	1
1	0
3	4
0	7
0	4
0	2
0	3
0	44
5	14
0	17
0	44
2	0
0	1
0	0
3	1
0	0
0	0
64	4
0	0
0	3
0	4
6	0
2	10
0	10
0	5
0	0
4	0
0	0
9	0
1	1
0	1
0	0
0	2
0	2
0	2
0	1
0	1
0	0
0	0
3	40
0	32
27	39
2	7
13	29
0	5
0	1
5	22
3	1
0	12
0	3
0	3
0	3
2	3
0	3
0	14
0	14
0	7
0	14
0	3
0	3
0	4
0	9
1	0
17	1
13	0
17	13
0	13
4	1
5	10
10	27
0	0
0	31
12	31
3	0
2	0
0	0
0	0
13	0
0	0
0	2
13	76
0	74
4	0
0	4
0	13
43	10
60	1
0	0
0	0
0	1
0	15
0	15
0	15
0	2
0	4
44	19
0	12
0	19
8	7
0	0
0	16
0	16
0	1
0	1
11	9
0	8
1	9
0	6
0	1
0	4
0	8
0	4
0	0
11	27
0	2
0	38
0	50
4	50
0	0
0	12
2	0
0	0
0	2
0	65
0	65
0	65
0	65
0	65
0	65
0	65
0	65
20	7
1	4
2	3
3	1
0	6
0	6
0	1
0	7
0	0
0	0
0	0
0	0
20	7
0	7
3	3
0	7
0	7
0	0
0	3
0	2
329	15
0	15
43	39
7	34
0	20
0	10
0	3
0	3
0	0
28	0
7	3
4	3
9	4
0	3
6	4
0	0
278	11
0	13
1	6
7	5
51	25
0	2
30	53
0	53
0	33
3	3
41	3
0	3
0	3
6	0
61	1
0	1
0	1
1	2
0	2
2	0
29	11
0	11
80	10
0	10
0	10
0	0
54	1
0	17
0	17
0	11
0	1
1	1
10	1
0	5
0	10
0	1
1	1
0	0
4	0
19	58
0	38
2	19
0	18
0	10
0	0
0	0
1	0
0	0
0	0
2	58
24	29
0	15
0	27
0	2
0	25
0	0
5	2
0	2
70	29
9	26
0	23
0	3
9	2
13	0
0	2
0	18
0	18
0	18
0	18
2	1
0	1
3	0
0	30
1	35
0	32
0	19
973	8
22	6
0	6
61	0
3	0
8	33
3	33
0	0
0	0
0	0
0	0
0	0
1	0
45	5
12	0
0	0
2	0
0	0
0	48
0	48
156	13
0	23
17	0
6	0
59	35
0	1
0	29
4	0
0	0
14	33
0	0
0	0
12	33
8	0
5	30
4	34
19	0
835	1
13	20
0	8
30	19
2	18
0	1
0	0
636	329
841	70
0	245
0	48
18	3
0	5
0	3
16	5
0	2
16	82
0	39
2	71
1	0
0	17
0	16
0	5
18	657
26	654
3	70
6	6
0	11
0	10
0	10
14	4
0	0
0	5
0	0
0	0
0	5
0	13
3	0
8	2
0	2
0	0
0	2
0	0
0	0
0	0
0	0
1	0
0	0
0	0
14	1
0	1
3	0
0	0
0	2
0	2
2	10
0	10
3	298
129	298
0	38
1	21
1	121
0	15
0	21
4	22
0	3
0	11
0	0
0	109
0	7
15	16
0	16
0	0
0	0
0	2
3	2
1	0
0	1
4	12
14	17
0	17
75	6
0	0
74	28
19	16
22	2
22	15
0	33
48	31
16	9
0	8
0	5
0	5
0	5
0	5
0	5
2	0
0	15
0	14
47	0
13	5
50	33
0	31
0	24
0	8
0	0
12	7
6	4
0	332
10	524
1	53
0	42
34	293
0	319
0	319
14	26
37	296
26	455
0	95
0	95
0	7
0	1
0	23
157	611
0	611
0	122
107	87
0	87
0	16
0	12
0	0
0	0
0	0
0	4
0	4
7	9
622	1
71	1
0	28
0	28
76	5
0	5
1	0
0	0
0	0
1	0
0	0
0	0
1	0
0	0
0	0
0	0
17	2
0	0
0	0
0	2
12	3
0	1
0	0
0	0
0	0
0	0
0	0
0	0
6	3
2	162
0	21
0	159
0	1
1	1
4	0
21	282
0	184
0	5
29	9
0	3
0	2
4	2
0	2
1	0
0	66
0	66
0	66
0	66
20	6
1	5
0	66
0	6
0	67
0	67
0	65
0	0
0	66
1	6
0	2
0	2
1	2
5	41
0	70
0	6
1	59
0	5
7	6
0	0
5	6
116	335
0	335
280	238
0	8
1	2
33	15
0	15
0	12
0	5
11	5
0	5
0	0
0	0
0	102
1	110
0	115
16	118
0	65
0	18
0	3
8	0
20	9
0	9
0	7
0	5
10	3
0	3
2	0
3	2
0	1
0	0
0	0
0	0
17	0
1	0
4	0
0	69
3	1
0	0
6	2
3	0
0	0
7	12
33	12
0	5
8	7
0	0
0	7
5	6
0	0
0	4
0	0
3	0
0	7
5	7
1	2
0	1
0	1
0	1
0	23
0	43
6	102
16	87
8	93
0	0
0	1
0	93
1	87
1	36
2	0
0	0
0	0
0	0
0	1
67	35
0	11
1	5
0	4
0	29
1	30
5	8
15	24
4	20
2	6
1	3
0	4
3	29
0	29
0	0
8	23
0	23
0	23
29	6
0	6
0	34
1	12
50	49
0	0
0	0
1	0
0	7
0	0
0	3
0	4
23	5
0	1
0	2
0	1
0	5
0	6
0	3
0	3
0	4
40	9
8	14
0	5
0	4
4	4
4	1
155	122
0	6
0	41
0	72
0	89
0	119
0	1
0	0
0	0
0	4
0	4
81	25
0	93
70	6
0	292
1	311
0	129
0	32
0	21
0	21
0	21
0	21
0	22
0	0
0	0
0	0
0	0
0	0
0	0
0	3
3	0
9	25
0	0
1	9
0	9
5	3
0	304
0	308
0	0
14	15
0	15
40	107
0	12
0	0
14	87
2	87
0	86
0	0
0	75
5	9
0	6
0	3
0	0
1	0
1	3
0	0
0	3
5	48
1	48
0	3
9	0
10	3
0	0
0	2
1	1
0	1
0	1
0	9
0	9
34	2
0	2
0	2
2	2
0	3
0	3
17	2
0	2
18	17
0	17
4	13
3	1
0	71
17	83
0	62
0	52
0	141
7	53
0	141
0	42
3	1
0	42
0	144
0	55
0	0
0	0
0	1
0	54
0	1
0	22
226	149
1	38
0	8
0	0
32	2
4	21
3	21
2	21
29	78
0	41
0	87
0	32
9	785
6	785
2	127
1	21
8	1
92	22
5	22
4	1
0	7
0	4
0	0
0	0
40	76
13	71
0	54
6	47
0	19
36	16
37	19
1	19
12	47
0	19
0	0
5	0
1	0
0	0
58	2
94	63
0	28
12	59
4	0
0	0
0	0
0	2
0	10
0	7
0	0
0	0
0	2
9	24
0	2
0	7
0	3
63	31
0	26
9	44
8	5
145	14
103	36
0	0
2	0
132	1
0	0
0	22
0	16
2	4
11	2
4	1
16	7
22	9
6	5
0	3
4	0
1	5
0	2
0	1
0	0
1	5
63	5
0	5
0	16
22	15
0	16
5	12
5	8
5	0
39	121
0	120
0	119
5	0
0	0
1	0
2	0
0	0
0	0
0	0
0	0
2	12
0	6
43	8
0	0
0	8
2	8
0	6
0	0
1	1
50	18
0	0
0	17
20	0
13	0
0	9
8	12
0	13
17	27
2	17
0	12
2	4
9	8
0	0
0	0
0	1
0	10
0	1
0	12
15	2
0	2
0	0
0	0
150	0
9	22
0	10
0	18
0	49
0	11
0	10
0	7
0	0
0	2
27	19
15	38
0	4
2	0
0	10
6	65
0	78
0	8
0	1
0	1
9	2
0	13
29	5
18	12
98	89
10	71
0	71
0	49
0	69
0	37
0	9
3	2
0	4
5	7
0	9
15	156
0	157
0	106
0	2
105	60
12	40
84	15
0	54
37	0
38	155
0	155
8	120
0	106
12	79
0	11
0	79
2	3
0	0
0	0
2	0
0	0
0	0
1	6
6	7
0	5
4	2
12	2
0	1
0	2
0	0
0	1
1	12
2	6
0	6
0	35
0	35
6	0
0	0
0	0
13	28
0	28
0	18
0	0
0	0
0	0
4	0
0	0
57	0
0	1
0	1
0	0
0	18
3	32
0	6
0	6
0	6
0	7
0	7
0	0
7	5
0	0
0	5
0	4
0	5
0	0
0	4
0	4
0	0
0	0
0	4
59	1
0	2
0	2
0	0
0	0
0	2
8	12
2	12
0	0
36	3
0	3
0	3
0	0
0	0
1	9
0	2
1	2
0	0
0	2
2	49
296	49
79	29
8	21
2	10
5	0
0	0
1	0
0	6
2	11
0	8
0	6
9	11
0	71
9	7
0	7
3	71
0	5
15	104
0	15
57	98
0	2
0	20
0	20
0	6
0	14
0	0
1	0
2	0
11	21
0	26
5	20
2	0
0	4
0	17
0	30
1	30
0	14
0	14
14	37
0	9
0	2
0	16
0	0
2	0
13	42
0	0
0	0
1	1
0	0
0	0
0	0
0	0
0	22
0	24
0	21
0	8
0	7
0	9
0	23
57	3
0	3
0	5
0	4
0	0
0	0
0	5
7	2
0	2
0	6
0	16
0	4
1	0
0	0
4	0
323	106
0	19
0	19
2	0
1	0
0	87
6	22
0	22
0	1
1	10
0	0
172	4
3	87
0	87
0	59
1	0
4	0
5	87
0	6
4	7
0	2
16	2
0	1
2	1
0	0
5	0
0	0
44	0
0	0
28	0
0	0
13	8
0	2
2	7
0	1
0	0
0	3
0	3
0	0
0	4
4	3
1	1
0	1
0	1
0	0
4	79
0	54
101	53
91	21
3	0
0	6
0	6
7	0
0	0
0	0
0	0
0	0
0	6
0	6
0	0
0	0
0	0
0	0
7	53
0	47
23	38
0	52
0	29
0	5
0	2
0	2
0	2
0	35
5	52
0	52
0	0
1	5
0	52
66	171
0	130
0	4
1	167
0	0
0	51
12	7
0	0
0	2
1	2
0	90
18	90
58	21
0	21
0	41
0	0
0	4
0	1
0	0
0	0
0	20
47	58
0	39
0	42
0	27
0	33
0	30
0	42
62	7
0	3
0	3
0	3
0	0
0	4
0	4
0	4
0	2
2	3
0	2
0	0
0	0
0	0
0	0
0	0
0	0
0	0
0	0
94	4
8	5
15	10
0	13
2	0
1	165
4	34
59	167
77	93
0	38
0	56
0	56
0	56
0	27
0	32
3	145
0	115
0	28
0	26
11	31
0	41
5	3
5	0
19	0
2	0
2	0
26	1
1	0
7	1
1	0
9	49
3	11
0	45
0	6
0	0
0	38
0	9
0	9
2	0
4	57
0	2
44	48
0	16
0	2
0	1
4	1
0	1
2	0
0	0
0	0
0	0
0	1
5	0
18	110
0	28
0	109
0	19
0	4
1	2
0	29
24	0
1	3
1	1
0	1
0	3
0	2
0	3
0	4
0	4
0	14
0	14
0	1
0	0
1	4
5	1
0	4
0	5
5	0
0	1
0	4
0	1
0	1
1	3
1	0
5	0
0	0
9	19
0	0
10	0
0	0
0	4
0	4
0	0
7	0
0	68
5	68
0	13
1	0
0	1
3	2
1	1
0	0
0	7
28	0
4	0
8	0
30	45
0	5
0	1
0	0
0	37
0	0
2	0
0	8
2	8
0	0
0	3
0	1
0	1
0	1
0	0
5	0
10	93
0	93
7	93
24	0
84	91
0	0
0	0
0	2
0	5
0	5
1	8
0	2
0	12
6	12
32	5
6	11
0	1
0	3
0	16
0	14
0	7
0	4
0	4
0	14
0	1
0	1
0	13
0	13
0	8
2	1
3	1
5	2
0	2
0	1
1	1
0	0
106	10
0	2
0	0
15	11
0	15
0	11
0	9
0	4
2	3
0	4
0	1
0	1
0	4
6	5
10	3
0	2
0	2
5	2
0	1
0	1
0	1
0	6
0	6
7	15
0	0
17	10
15	10
0	4
0	0
0	5
0	38
0	38
0	1
11	0
0	0
3	2
0	2
1	20
0	0
0	10
4	32
28	110
0	0
45	133
1	137
0	43
0	4
0	7
0	7
4	6
0	5
3	0
0	7
25	11
21	0
0	0
0	0
0	0
105	0
13	12
3	12
0	10
0	8
4	4
1	0
2	1
0	0
0	0
0	0
28	0
38	2
0	2
72	59
0	0
0	0
0	58
0	55
0	54
0	0
41	31
0	20
0	7
2	10
5	22
0	20
0	17
3	0
6	0
0	2
366	0
30	68
0	58
59	3
63	19
0	0
0	0
191	91
0	91
0	29
0	25
0	17
2	17
0	0
13	7
0	17
0	29
4	29
0	4
10	0
0	2
17	32
72	175
4	32
0	4
0	3
19	3
0	0
0	0
0	6
0	6
0	0
0	0
0	147
1	6
2	6
214	1
3	0
7	11
133	34
0	34
0	19
1	6
1	2
0	5
0	1
0	0
0	1
87	76
0	33
0	0
0	0
0	0
0	0
2	0
0	76
0	0
0	4
0	0
0	2
0	2
0	4
0	0
0	0
0	13
0	122
51	168
12	24
0	1
0	0
0	1
0	1
0	1
0	0
0	0
17	143
8	7
1	6
1	2
1	2
0	1
3	0
0	0
3	4
6	0
9	10
0	2
0	2
8	14
0	2
0	16
0	16
0	15
0	0
0	0
0	0
58	58
0	56
0	2
0	0
0	2
3	1
0	1
0	1
0	67
0	75
593	52
9	14
0	186
48	192
5	30
13	16
0	4
0	19
0	59
0	18
0	0
0	0
2	43
5	0
1	0
0	0
1	0
12	25
0	49
0	66
0	46
0	46
1	78
0	1
26	76
5	53
0	61
1	49
9	5
0	2
100	42
0	42
59	2
0	0
0	0
0	0
0	1
1	1
0	1
0	1
2	0
0	0
0	0
2	4
5	0
0	0
0	0
177	9
16	8
0	8
0	2
0	2
0	2
0	0
2	1
0	8
24	54
10	27
1	0
5	52
0	0
1	33
0	3
37	3
0	34
0	13
11	188
0	128
0	188
2	39
0	3
0	2
0	9
0	4
0	0
0	1
4	0
0	0
0	41
64	8
0	3
61	1
0	0
0	25
0	0
11	25
20	31
1	31
2	8
0	21
0	0
0	0
1	0
1	0
0	0
8	13
0	13
11	12
0	9
0	0
0	0
0	0
44	77
11	13
28	72
12	331
0	217
53	325
0	4
8	222
9	4
0	5
0	4
0	5
540	220
3	11
0	189
0	8
18	7
0	90
0	0
0	0
2	1
2	1
0	0
7	1
5	141
7	11
0	111
1	5
2	209
0	63
0	6
0	5
30	35
0	11
0	0
6	9
0	0
0	6
6	63
0	63
0	8
11	6
188	74
10	76
12	48
11	34
3	0
0	0
16	42
0	26
0	17
3	1
39	126
0	0
0	18
0	42
0	42
85	9
0	9
0	5
0	2
0	2
0	0
0	0
0	0
0	14
0	16
22	11
0	21
0	0
0	2
0	0
0	1
1	3
7	3
0	3
1977	0
292	112
1	4
19	8
0	3
0	108
32	31
0	1
0	1
0	1
0	29
2	0
0	15
0	7
1	5
1	3
0	5
0	0
0	1
0	3
0	0
0	5
0	5
143	20
3	5
0	19
0	3
0	0
0	0
0	0
3	8
5	8
0	5
0	4
0	1
109	0
0	0
0	35
0	3
1	3
0	0
0	0
0	35
61	0
0	0
0	1
0	2
0	1
3	2
0	2
0	1
0	1
4	1
0	1
15	1
0	0
72	8
0	37
0	38
49	14
0	3
0	5
0	13
0	4
0	13
33	2
0	1
0	2
3	2
0	0
1	0
2	0
0	1
12	1
8	3
0	2
1	0
0	1
5	0
17	18
34	18
44	5
3	4
0	4
0	0
0	0
1	0
0	1
24	39
0	41
1	12
5	12
3	3
46	1
0	20
0	6
0	6
0	1
133	86
0	0
0	2
0	2
0	3
138	81
1	3
0	14
0	2
0	2
0	2
0	1
0	10
6	10
0	2
0	16
30	16
4	0
0	0
0	0
0	2
7	23
7	6
26	31
0	32
0	20
10	44
0	8
3	20
0	3
0	0
3	2
1	2
0	1
0	2
0	0
33	22
2	23
0	0
2	1
2	0
0	0
0	48
13	48
65	5
3	15
27	5
3	6
2	6
0	5
13	0
0	0
0	0
2	3
33	4
8	2
0	0
0	3
0	1
0	1
200	0
28	93
0	93
0	12
0	0
0	93
45	18
430	15
63	18
7	10
0	5
0	0
1	14
0	14
41	3
17	3
0	2
43	255
0	45
0	10
4	6
6	4
10	0
0	188
7	212
21	212
14	5
3	4
0	4
0	6
0	1
23	16
0	13
2	3
1	0
16	0
7	14
2	11
0	7
0	10
0	0
6	20
150	60
0	60
3	2
0	3
2	0
32	0
0	0
6	19
0	20
0	1
8	9
1	9
4	0
0	1
0	1
0	0
11	0
1	0
1	1
0	9
0	0
0	0
0	9
0	9
0	9
0	0
0	0
2	0
0	1
0	2
0	21
0	0
0	27
0	0
0	17
2	12
0	2
0	4
0	4
0	1
0	3
2	0
0	3
0	3
0	0
135	159
2	7
4	7
39	0
1	0
1	0
0	19
0	14
0	0
0	14
0	14
0	19
2	0
0	3
0	40
1	0
0	37
0	0
1	0
2	0
9	2
0	0
9	158
11	154
0	6
169	0
0	0
0	0
1	0
17	34
0	10
6	5
0	7
0	35
0	5
0	17
0	30
0	30
0	5
0	10
0	31
0	6
0	5
0	9
0	24
0	9
0	9
0	23
0	19
0	18
0	2
1	14
0	18
0	3
0	22
79	22
0	12
0	0
0	0
8	7
0	2
0	2
1	2
1	2
0	0
0	0
1	0
0	21
0	3
1	3
0	18
0	21
20	103
0	66
24	6
0	41
1	0
0	0
0	0
0	0
0	0
1	45
65	52
3	30
0	29
0	9
0	6
0	1
0	0
0	0
2	1
0	1
0	2
0	3
0	3
0	3
0	1
0	0
0	1
0	14
23	25
0	3
0	19
0	3
1	1
2	0
0	0
0	1
0	3
41	0
0	148
4	148
2	127
3	111
0	0
2	0
0	65
13	0
20	0
0	0
0	0
0	0
0	0
3	31
0	31
0	0
0	3
0	4
0	2
0	0
21	0
56	18
1	2
0	16
0	0
0	15
7	12
0	2
0	3
0	1
0	4
3	0
0	3
0	0
0	25
0	34
3	0
2	12
0	0
8	12
18	9
0	975
0	975
4	4
17	0
57	5
0	9
0	5
8	5
0	5
0	338
0	30
212	538
0	433
0	54
0	3
13	307
0	338
44	7
2	3
4	7
0	3
0	1
0	1
0	1
0	0
0	0
0	0
9	4
0	2
0	0
0	2
0	0
632	226
0	64
8	226
279	7
165	7
0	6
0	3
0	0
0	0
4	0
0	2
0	2
113	0
34	29
0	23
0	4
2	9
9	14
0	4
0	1
0	4
4	0
0	7
0	7
0	0
81	0
0	5
7	1
0	11
0	27
42	38
0	27
0	4
0	3
0	9
0	8
0	0
0	30
2	6
0	6
0	2
122	0
0	0
0	0
0	0
10	0
0	0
4	3
0	3
19	54
0	0
0	37
29	39
0	41
0	8
4	19
2	37
26	37
14	0
0	114
0	110
0	114
1	5
0	0
0	46
0	46
0	1
0	1
0	0
16	0
11	1
3	0
0	1
0	1
0	3
0	3
0	3
0	3
40	3
0	0
0	0
0	0
0	0
7	31
0	3
0	2
0	1
0	0
3	1
0	1
0	1
40	0
0	26
0	26
0	5
0	10
0	26
0	54
0	59
4	0
0	28
0	3
6	5
0	4
1	12
0	0
2	12
156	4
1	23
0	15
0	35
0	52
20	8
0	28
2	0
0	0
0	36
105	4
1	93
2	1
179	33
0	21
0	1
0	0
0	0
0	0
1	14
0	11
8	14
1	10
0	1
0	4
0	1
0	0
0	0
0	0
0	1
0	139
0	7
0	0
1	0
0	20
0	0
0	0
0	0
0	50
0	0
0	139
0	121
1	0
9	15
0	12
0	1
0	2
0	0
0	0
0	10
0	5
2	8
2	5
0	1
3	1
0	1
0	0
26	8
0	0
0	5
0	8
0	1
30	53
0	2
1	0
0	0
0	2
0	0
0	4
13	6
3	2
6	1
0	0
0	0
1	0
0	2
0	1
0	10
0	9
0	6
0	3
9	11
3	11
0	0
0	0
2	0
0	0
0	0
9	1
0	1
2	1
0	1
13	18
0	1
7	0
3	0
0	1
0	2
0	1
0	2
1	0
57	3
2	2
1	0
20	19
0	19
57	16
0	2
0	2
1	0
299	0
0	0
2	0
71	2
0	2
0	2
0	5
0	5
0	4
2	14
0	12
0	22
0	42
34	54
10	87
0	87
0	87
0	0
0	0
0	3
0	3
14	0
3	11
0	11
0	11
1	0
0	0
0	0
0	8
0	8
0	7
25	15
10	15
0	145
0	92
0	144
12	152
1	150
0	0
0	20
0	20
0	0
62	237
4	5
0	1
0	2
0	2
1	0
3	0
2	2
2	3
0	5
0	5
0	0
0	0
0	2
0	2
0	11
0	0
0	11
0	0
0	0
1	0
0	0
20	1
0	1
0	0
127	25
0	25
0	0
0	1
5	0
6	8
2	8
44	193
13	205
0	34
0	30
3	21
0	3
0	1
0	0
3	0
1	0
0	2
0	0
52	0
0	3
5	3
1	42
0	42
0	42
0	2
0	2
2	0
0	0
0	0
0	0
2	0
25	41
30	2
2	3
0	3
0	3
0	2
0	2
1	0
1	0
0	1
0	0
0	0
7	0
0	0
6	0
3	16
0	16
0	0
0	0
0	0
4	29
5	3
0	22
34	3
0	21
0	4
3	25
0	0
0	18
10	1
0	0
0	0
0	0
0	0
0	0
0	9
0	1
1	0
0	11
8	25
12	0
0	46
19	86
0	5
0	5
0	1
0	1
1	1
1	4
1	0
67	18
8	26
2	22
0	150
1	150
0	9
0	21
4	13
7	7
64	3
0	4
20	15
0	1
205	23
0	1
0	7
0	0
0	0
0	0
0	0
2	24
0	7
1	2
0	0
0	2
7	6
0	6
0	30
0	2
1	1
0	45
20	4
0	131
0	7
0	71
0	152
0	152
0	153
2	0
0	0
0	0
0	2
54	20
0	20
0	14
0	2
0	7
10	4
0	25
2	14
15	24
0	2
1	11
0	0
24	16
0	16
5	0
16	23
0	23
0	17
7	16
0	16
40	0
0	323
415	323
0	8
0	7
0	3
0	3
0	4
0	9
0	0
0	4
1	0
0	6
6	7
0	2
0	2
5	11
0	11
1	3
2	8
1	7
41	28
3	28
0	0
3	0
1	0
106	31
15	16
11	23
3	0
1	14
0	14
0	0
22	0
30	8
0	5
1	5
5	8
0	0
2	3
49	3
0	3
0	0
0	0
0	34
0	34
0	21
0	21
0	12
0	10
0	8
0	9
0	4
0	1
0	4
1	0
0	3
0	28
19	28
2	0
0	26
0	23
3	23
0	11
0	11
0	1
0	0
0	1
3	0
18	14
4	0
0	6
0	3
0	0
5	0
0	0
0	0
1	0
0	0
0	0
0	0
41	30
0	30
5	61
0	60
5	24
5	37
14	12
126	36
3	0
3	6
3	4
0	4
0	1
0	1
0	1
10	0
47	22
0	1
8	21
148	10
0	10
0	0
0	0
0	0
24	20
0	20
0	0
4	2
5	0
0	105
2	96
4	100
5	16
0	9
2	0
0	9
1	0
0	12
0	0
15	8
0	11
1	2
0	0
0	2
18	11
2	20
0	18
0	18
2	30
0	9
0	11
0	11
0	1
0	2
5	1
4	0
0	0
0	0
0	0
0	0
0	0
0	0
28	0
0	0
0	0
0	0
0	8
0	9
0	8
0	8
48	16
0	9
1	0
3	10
24	2
0	2
0	0
0	16
48	6
0	6
52	0
8	0
0	0
31	11
3	1
0	1
0	10
13	9
7	0
0	0
0	0
0	0
0	0
6	5
1	0
0	0
1	0
0	0
0	4
0	15
0	15
0	3
0	0
0	0
0	0
12	0
3	1
0	1
1	5
0	5
0	1
7	25
56	33
0	3
0	10
2	4
4	3
1	4
0	3
0	1
0	1
0	0
0	6
0	6
3	2
0	2
3	0
6	0
0	0
1	0
2	1
0	1
0	0
0	1
0	1
0	21
265	173
3	173
0	19
0	2
0	2
0	28
55	1411
1	1385
11	1319
47	0
21	4
0	2
19	0
2	0
42	15
64	34
0	30
0	1
0	22
0	0
112	1
2	22
0	0
83	22
0	2
0	0
2	1
0	0
9	20
33	0
0	0
14	0
6	0
0	0
0	2
1	3
0	3
0	2
0	2
0	0
2	7
0	0
10	0
5	32
0	0
0	3
0	0
5	0
0	0
0	7
83	0
0	0
0	0
0	0
0	0
0	0
0	51
0	0
0	0
22	7
0	51
70	7
25	16
0	16
0	16
93	16
23	27
0	24
0	0
0	27
1	0
0	0
0	0
0	0
0	0
0	84
0	84
0	0
0	0
0	0
0	1
0	1
0	0
0	0
0	0
1	1
422	0
0	0
5	0
0	0
208	0
0	0
0	7
16	7
2	3
0	0
0	6
14	49
52	49
0	5
0	5
167	20
0	20
0	4
0	0
11	14
0	12
13	105
0	96
1	96
1	7
0	5
2	8
15	7
0	0
0	0
0	0
0	0
9	0
0	105
0	9
0	0
0	2
7	2
0	2
8	96
0	79
0	0
24	35
0	76
0	0
14	4
0	0
0	105
67	30
0	70
10	68
2	1
1	1
0	1
3	9
0	0
0	0
0	4
1	5
0	5
24	124
0	0
39	124
81	31
39	31
250	31
16	4
16	32
0	5
0	1
0	4
0	5
0	1
21	25
0	3
0	43
1	43
0	5
37	15
40	14
5	2
0	1
3	0
0	1
0	0
0	0
0	0
41	0
0	13
41	6
7	0
2	0
49	0
1	6
1	0
0	5
0	4
0	4
0	4
0	0
0	0
0	0
0	1
0	166
0	166
13	146
12	146
0	128
0	67
0	2
0	166
0	72
1	0
2	121
0	116
4	121
0	117
0	7
0	19
0	6
1	13
0	15
0	0
9	19
100	0
55	1
0	1
12	0
0	3
1	1
0	3
159	2
0	1
0	3
395	173
38	183
2	168
0	151
12	1
13	1
2	0
0	0
0	0
10	22
0	16
1	24
0	14
1	3
0	0
0	0
0	6
9	6
2	14
0	12
2	1
0	0
0	0
0	8
0	1
0	13
10	1
8	3
9	1277
0	37
6	4
1	4
3	2
0	1276
35	1274
0	29
0	3
36	3
0	0
5	0
5	33
0	33
0	20
0	12
0	18
0	10
0	4
5	0
11	4
144	3
0	2
0	2
7	2
0	2
0	1
0	1
0	0
0	0
0	7
7	6
0	4
2	0
0	2
6	1
6	3
0	45
37	43
0	0
2	2
350	53
0	53
13	53
0	5
11	2
0	55
0	55
0	55
0	16
2	7
0	6
0	6
0	4
0	5
0	9
0	20
0	22
13	39
2	26
0	38
0	9
0	9
0	20
0	21
0	11
0	21
0	20
0	8
5	18
1	23
27	48
15	41
9	30
0	3
0	4
2	0
0	5
4	0
185	18
0	18
2	286
0	2
0	2
3	2
0	2
2	4
0	0
0	0
0	4
0	4
0	0
0	15
3	245
0	260
1	260
0	249
2	5
2	20
0	5
46	4
0	0
145	439
8	8
0	6
1	8
0	1
4	0
0	1
898	23
19	23
21	3
0	34
2	1
2	0
0	26
27	36
93	34
5	3
1	3
1	3
13	3
0	10
144	15
0	3
0	2
16	0
2	8
0	8
0	8
3	1
12	1
0	0
0	0
0	0
0	0
14	48
1	0
73	48
0	47
8	1
60	47
50	12
0	3
0	3
0	10
0	15
1	0
0	3
18	0
5	16
0	8
0	8
0	8
1	6
0	6
1	11
0	11
1	6
0	2
0	2
0	1
0	0
0	0
0	1
0	0
0	2
6	3
4	4
0	4
15	14
0	4
1	13
0	3
0	10
0	10
4	1
2	7
0	0
7	0
0	0
1	6
0	0
105	5
0	6
1	6
0	0
0	0
4	0
0	0
12	208
4	196
0	177
0	208
12	148
0	42
0	19
0	0
0	1
34	14
17	0
10	2
5	2
0	0
0	8
0	0
0	8
0	2
0	4
0	0
0	2
27	1
3	1
0	1
0	46
0	34
19	51
7	0
2	1
0	3
7	0
466	225
1	119
0	79
0	45
0	84
38	6
0	1
20	7
0	7
2	7
4	7
39	0
1	0
0	0
8	6
14	3
0	3
6	1
3	1
13	7
3	11
0	2
0	1
3	0
0	0
0	3
0	3
0	1
0	1
0	16
0	14
0	2
0	2
0	0
0	0
10	0
6	18
2	8
0	0
1	0
0	0
2	0
0	0
0	85
12	142
5	10
0	0
0	99
0	99
0	0
5	5
1	0
0	0
54	4
10	0
5	0
28	0
0	10
5	4
0	10
0	1
5	0
0	4
0	0
0	0
0	5
1	28
0	13
0	11
0	11
0	11
0	2
0	2
0	0
8	0
4	0
48	26
215	57
0	34
0	49
5	8
0	0
0	7
0	57
8	29
0	1
0	0
0	10
46	33
3	3
1	0
0	3
0	3
0	0
0	0
258	293
24	299
0	7
0	2
4	2
0	0
0	0
0	0
0	0
0	0
0	0
0	0
1	0
2	0
0	0
1	0
0	21
0	21
26	6
0	1
114	3
0	1
0	2
3	1
6	20
2	4
3	4
3	12
0	31
0	1
0	2
0	0
0	21
0	0
0	21
0	20
2	0
0	10
0	17
0	18
2	17
5	11
0	5
0	6
0	2
0	3
5	0
0	0
10	0
1	0
0	0
0	0
47	5
3	0
0	0
0	5
0	0
0	0
26	4
0	3
0	3
0	3
9	12
0	2
0	12
0	1
0	1
0	0
20	0
0	1
1	0
0	0
0	4
0	4
0	3
11	4
0	4
13	44
1	0
1	0
2	0
127	43
51	9
0	20
4	20
0	8
0	0
0	0
0	8
0	2
0	0
0	0
6	393
0	180
0	277
4	275
0	361
0	6
12	3
0	20
2	0
220	349
0	51
0	60
10	4
38	7
2	4
18	8
0	1
0	143
1	13
0	32
0	2
0	2
0	0
1	0
0	0
0	8
0	15
0	1
1	1
0	2
9	0
4	1
0	0
0	2
0	2
0	0
0	2
0	0
0	2
0	2
0	2
0	2
0	2
0	2
12	41
0	26
0	41
4	0
0	0
11	0
2	3
4	5
0	3
0	1
0	9
2	9
0	12
9	12
0	4
1	0
0	0
0	0
10	145
2	145
2	69
39	54
0	51
0	44
0	40
0	3
1	3
7	0
0	36
0	69
0	51
0	0
20	62
0	0
0	49
0	4
189	0
6	0
8	0
338	126
0	94
0	55
131	0
0	25
12	25
0	4
2	1
35	18
0	2
0	2
0	2
76	0
397	2499
0	2915
0	473
0	3
0	3
4	3
0	0
1	1
0	0
0	1
2	0
163	0
1	3
0	1
0	0
0	1
0	0
12	8
30	55
3	24
0	20
5	4
2	450
0	4
13	3
10	4
193	4034
50	128
0	126
9	0
0	12
27	12
0	5
0	1
8	11
21	11
0	36
7	36
7	23
28	24
0	1
0	0
0	0
12	5
12	387
2	8
0	8
2	1
5	0
1	2
0	2
11	0
0	0
0	0
0	2
4	4
0	5
2	2
12	1
0	5
48	2
0	2
0	1
0	2
0	0
9	0
14	0
0	0
7	0
0	1
0	4
0	4
0	4
0	3
0	2
0	2
0	2
8	223
0	203
0	203
98	203
1	55
0	91
0	12
0	15
14	15
0	0
0	0
0	8
0	0
0	0
0	3
0	0
0	0
0	0
0	0
0	0
0	0
0	6
0	11
0	11
0	0
23	17
1	17
5	3
28	140
37	23
125	4
2	4
0	4
0	0
6	0
0	0
0	47
0	0
903	47
0	4
194	4
0	4
0	13
0	9
15	11
2	0
0	2
0	4
2	4
0	118
2	0
0	0
0	0
35	118
0	0
6	50
0	35
0	6
0	1
0	6
0	3
0	2
99	8
1	7
0	4
0	4
8	1
0	5
0	5
2	5
0	5
12	3
0	1
38	17
0	17
57	2
24	3
0	3
0	2
0	0
0	1
2	1
0	1
40	10
0	7
175	25
12	22
961	4740
90	84
0	46
17	1
0	18
56	18
1	18
0	5
0	1
0	0
3	0
1	0
0	10
0	2
0	2
7	5
0	8
0	2
0	2
0	1
28	1
0	0
106	0
49	0
0	0
0	0
0	0
21	277
5	303
0	8
0	10
3	7
17	10
0	0
0	0
0	8
0	34
175	2
0	1
15	1
0	14
0	14
4	33
0	0
0	26
0	27
0	5
684	119
53	119
113	4
11	4
4	0
94	210
7	0
60	126
0	120
2	13
7	13
8	26
0	26
0	4
14	58
3	38
0	36
35	27
4	62
0	62
229	70
0	63
0	54
0	119
0	0
0	0
0	0
0	0
1	3
0	3
3	22
0	19
0	22
0	10
0	13
0	0
3	0
0	18
0	16
0	21
0	21
0	0
18	18
0	21
0	3
1	1
2	7
0	0
0	2
0	1
0	1
2	0
0	2
13	6
34	2
0	2
0	8
6	1
0	3
2	0
0	0
410	3
1	3
1	0
2	0
9	28
0	28
10	9
1	4
0	4
0	2
0	2
0	2
6	18
0	2
0	2
0	3
0	2
0	2
0	2
1	18
1	0
0	0
0	0
0	0
0	0
9	0
0	12
0	12
6	7
0	7
0	66
0	66
2	66
0	66
0	0
2	297
248	299
0	11
0	11
4	0
4	13
0	13
359	19
0	16
4	14
18	7
7	10
0	2
4	0
0	2
4	2
0	5
0	2
1	1
0	0
0	45
0	45
70	59
0	49
0	59
3	6
0	6
3	14
0	14
15	0
0	0
0	0
0	4
0	4
12	4
0	3
0	3
1	0
1	0
17	0
0	0
0	0
4	0
0	0
0	4
0	2
0	19
0	19
0	19
0	19
0	19
0	19
0	19
0	19
0	19
0	19
0	19
0	19
0	19
0	19
0	19
0	19
0	19
0	19
0	19
402	150
5	0
1	7
0	7
0	2
0	33
0	33
0	33
0	2
0	34
0	34
0	34
74	22
0	13
3	10
1	69
1	2
0	7
0	5
0	0
0	0
14	6
12	8
7	72
0	6
0	8
0	11
0	11
28	20
0	2
0	1
0	0
0	1
0	0
0	0
2	2
10	185
0	185
0	6
8	0
0	0
0	0
0	26
12	30
152	54
0	33
0	2
0	1
0	1
15	1
70	25
0	0
3	24
0	1
0	24
0	1
0	33
0	17
0	26
0	8
0	21
0	0
0	21
0	0
0	33
11	32
0	32
1	0
0	6
161	0
160	2
0	64
0	2
0	6
346	1
26	1
6	0
1	0
19	11
16	11
12	11
1	0
1	48
0	48
23	0
0	4
0	4
4	28
0	23
0	24
3	4
0	63
0	67
0	67
6	68
205	58
0	7
4	2
0	0
3	0
0	1
1	0
7	0
367	54
0	53
1	26
0	42
0	42
0	50
0	50
245	0
0	52
5	26
0	57
0	1
0	0
0	0
0	0
0	6
4	26
0	59
0	0
0	1
32	122
1	103
0	85
0	20
12	20
0	17
2	18
0	13
0	0
276	54
6	52
5	2
1	13
0	13
0	13
0	13
0	13
14	1
5	35
5	0
0	0
0	0
8	3
0	2
0	30
0	10
1	0
0	0
9	33
0	33
0	8
2	0
0	0
0	0
3	0
0	0
18	135
0	56
19	135
0	41
4	34
48	1
15	34
2	53
0	53
0	29
0	3
0	1
0	1
0	1
0	1
0	1
0	1
0	6
0	6
0	0
0	0
0	34
0	0
0	157
1	157
0	50
1	50
0	7
8	10
0	0
0	2
3	34
82	18
0	18
0	0
4	3
16	32
76	245
118	0
0	0
207	21
10	19
0	2
3	0
0	0
0	0
1	1
0	1
0	0
4	67
3	9
0	8
2	3
0	0
0	0
4	3
126	0
0	0
2	107
0	107
1	2
5	2
0	2
1	0
20	0
369	124
0	42
0	9
0	0
0	9
55	38
2	38
33	36
12	30
0	2
0	4
1	2
9	147
25	164
0	156
24	164
0	164
335	0
30	1
0	0
0	0
0	1
87	133
0	15
5	114
0	24
0	24
0	1
36	34
0	34
0	1
0	11
13	2
0	0
0	11
84	9
14	11
2	10
0	3
15	1
1	0
4	0
0	2
1	0
2	4
7	1
0	0
4	0
0	0
0	3
2	0
0	7
0	4
1	1
20	36
0	18
0	1
37	4
20	33
0	3
0	3
17	142
0	11
0	0
0	0
0	0
0	3
0	0
0	0
0	11
0	5
0	0
0	0
0	0
0	11
0	0
0	11
0	0
0	0
0	0
0	0
0	0
0	0
0	0
0	13
0	5
6	0
0	11
0	135
0	135
0	135
6	13
0	12
1	11
0	11
0	0
26	1
2	1
0	10
0	1
0	3
0	2
4	1
0	0
3	12
0	0
3	141
12	0
0	135
0	0
0	0
0	0
0	153
119	3
5	3
41	618
3	618
0	97
54	37
6	5
0	37
0	1
1	2
28	1
6	2
21	2
0	2
0	2
0	2
0	3
0	0
0	0
0	0
0	7
0	7
24	0
14	314
0	329
0	239
17	206
0	218
13	198
0	198
0	200
4	188
0	112
0	119
0	78
0	47
3	23
85	21
0	12
23	0
0	0
0	0
0	1
0	3
0	2
0	2
0	3
2	0
0	2
8	0
72	6
0	6
1	0
3	0
9	1
0	0
6	2
0	1
47	157
0	20
3	243
0	13
0	102
0	0
3	0
0	0
0	0
0	0
0	124
0	137
0	0
0	65
5	130
14	142
0	233
57	419
0	340
6	17
0	3
0	1
0	0
0	3
0	1
0	1
0	3
1	2
0	4
0	4
151	65
4	29
0	58
0	0
6	2
0	2
0	2
48	14
0	14
0	23
0	23
24	22
0	20
0	17
0	19
0	3
0	0
2	17
0	17
0	0
22	138
0	135
8	0
99	12
6	49
323	0
6	4
0	4
0	0
42	39
4	37
0	37
0	29
12	21
0	16
4	21
0	21
4	4
1	2
47	3
0	13
0	3
6	1
100	1
0	1
0	2
4	1
14	2
0	0
2	2
0	2
2	13
2	4
0	3
0	15
58	46
0	0
0	31
2	0
29	14
0	12
0	0
0	10
12	1
1	1
27	75
40	72
1	64
0	17
3	16
21	1
0	17
1	0
51	18
0	18
21	77
0	1
7	136
11	27
103	136
1	0
0	20
4	0
6	0
0	23
0	26
1	3
0	4
0	13
1	0
0	1
0	0
0	1
0	1
0	0
0	0
0	0
0	2
24	3
0	26
0	1
0	0
0	1
15	1
0	1
142	83
0	62
1	0
2	0
6	67
0	1
3	1
0	0
6	0
4	11
0	111
70	168
0	12
35	20
0	161
2	0
3	0
0	15
23	4
0	86
5	4
101	1
200	59
0	58
82	58
0	34
31	49
0	27
0	0
0	44
0	24
0	0
0	0
0	1
0	0
0	0
5	1
0	9
33	9
87	82
8	60
0	5
9	27
0	5
9	1
2	1
41	555
11	555
0	555
0	175
0	175
0	175
91	175
0	55
0	42
0	0
20	24
7	0
0	50
520	46
0	45
0	37
147	1
0	36
0	0
96	13
2	2
0	0
0	11
0	0
0	0
0	0
0	0
0	1
0	1
0	0
0	0
0	0
1	1
0	0
0	0
0	8
4	19
0	0
0	0
0	13
4	18
0	0
7	0
42	25
365	50
140	26
0	2
0	1
3	1
2	1
0	25
0	126
0	1
0	119
0	1
0	150
0	22
70	21
14	3
2	3
0	1
0	0
0	1
0	0
0	0
68	1
0	2
0	35
4	0
0	35
0	34
89	0
0	4
12	22
0	22
0	18
2	6
0	4
0	7
0	0
0	0
1	0
0	0
0	0
0	2
0	4
0	2
0	10
22	23
109	70
0	81
75	30
0	15
0	42
52	59
0	25
0	44
0	31
0	63
52	2
0	2
0	15
4	4
12	4
9	4
0	4
0	0
0	2
0	0
0	9
0	8
8	2
0	2
113	32
0	1
0	1
0	32
4	158
0	7
0	0
0	162
0	93
0	120
0	3
0	120
0	2
0	93
2	103
14	23
1	23
0	19
0	4
0	3
9	8
10	4
0	1
0	2
0	1
1	6
5	5
0	12
0	12
0	5
11	5
0	4
0	0
0	0
1	0
0	27
94	122
0	3
21	97
5	9
0	1
0	0
0	0
0	0
0	0
0	4
0	2
3	0
0	0
0	0
92	245
0	5
9	25
0	0
60	68
0	1
0	1
0	68
5	0
0	0
0	7
0	7
0	2
0	42
0	1
10	11
0	0
163	10
3	8
1	1
0	0
0	0
0	0
1929	839
0	1
90	1
342	17
0	6
0	6
2	18
10	15
7	2
0	0
0	0
0	0
1	0
1	0
8	0
0	0
0	0
0	46
0	6
0	41
0	41
3	41
9	1
0	1
2	0
35	0
4	4
0	4
5	0
0	332
27	316
0	273
24	310
0	0
4	0
0	0
3	313
16	314
0	312
0	73
0	43
0	5
1	0
1	0
0	0
0	2
0	2
0	0
1	0
0	0
0	0
0	0
0	0
0	4
0	4
0	2
0	0
0	0
0	0
14	68
7	68
0	19
0	13
0	6
8	18
0	5
3	3
0	3
0	0
0	5
10	3
0	3
32	14
0	14
0	14
0	11
0	2
0	1
0	0
0	0
130	243
0	39
5	39
200	11
65	2
0	4
0	4
1	2
12	2
0	6
21	2
0	2
0	15
0	0
0	107
0	107
0	0
0	0
0	1
1	0
0	0
0	0
3	0
114	0
0	0
0	0
90	4
0	66
34	197
0	31
0	43
0	165
2	20
0	20
0	3
0	3
2	4
520	1
0	1
29	132
5	132
8	12
229	57
2	54
2	30
123	33
4	27
0	5
10	3
0	6
10	19
93	67
0	39
0	41
0	3
1	0
0	2
0	0
0	7
6	0
0	17
8	18
0	8
0	16
0	16
0	1
0	0
0	4
0	4
0	0
0	29
0	30
5	30
0	29
0	0
0	5
0	5
19	35
2	37
1	8
8	14
0	8
0	11
8	0
0	0
13	6
0	7
43	7
0	2
0	3
1	0
0	0
0	23
3	0
0	0
155	38
2	43
1	39
5	30
0	21
4	2
2	0
305	1079
0	1079
12	0
3	38
0	5
0	5
0	0
0	0
0	0
3	0
0	2
0	1
0	1
3	34
144	44
0	26
2	15
1	0
62	25
0	15
79	16
3	0
0	3
0	0
0	0
17	0
3	0
1	4
10	4
0	4
0	8
0	14
0	15
0	15
0	3
4	2
0	2
1028	100
0	100
0	89
5	89
32	9
0	0
0	2
0	0
0	0
0	2
0	0
4	2
0	2
147	1
14	1
1	6
0	6
0	1
2	0
65	8
48	1
16	7
0	0
19	0
151	38
0	18
21	20
0	14
0	17
0	23
0	24
305	4
0	4
0	1
92	169
0	169
0	0
0	0
0	1
2	5
4	0
0	8
0	10
0	7
0	216
0	0
0	212
59	13
0	3
0	1
0	4
0	4
0	2
2	1
0	1
7	42
0	15
1	42
18	15
0	37
0	0
3	35
6	4
113	0
138	33
0	0
9	3
0	1
0	1
0	10
0	11
0	11
3	0
0	1
0	10
14	5
3	5
0	0
0	4
0	1
0	0
1	1
15	0
55	12
0	7
0	4
0	5
0	4
4	0
28	53
49	53
9	36
0	5
11	52
3	52
0	49
2	44
0	0
6	1
0	1
0	309
0	312
0	38
0	150
10	113
0	116
0	0
0	0
2	15
5	15
6	4
1	125
1	1
0	125
10	4
0	7
0	4
102	64
0	0
235	15
0	44
90	57
5	0
0	14
1	14
0	4
0	1
0	1
0	1
0	1
0	1
0	1
48	28
6	28
3	25
19	20
0	19
4	3
0	1
1	0
0	1
0	0
0	20
30	43
96	33
4	29
0	12
0	0
0	0
0	0
0	0
1	1
0	1
0	9
31	9
0	1
1	0
2	1
0	0
70	1
0	1
16	0
0	0
2	1
0	0
264	1
7	2
0	2
0	0
0	10
1	13
0	9
0	13
7	19
0	7
0	19
0	19
30	12
0	2
119	2
0	0
1	0
2	0
10	0
40	1
9	1
5	4
32	13
0	10
5	3
2	1
0	0
223	95
0	2
1	95
1318	207
44	332
3	157
0	152
1	325
0	110
0	122
0	138
0	63
0	47
0	7
4	1
6	92
0	0
1	61
0	59
0	59
0	1
2	1
0	1
0	12
0	12
0	8
1	1
0	0
1	0
0	0
0	0
4	0
0	2
0	2
868	0
0	0
3	0
13	8
0	8
19	1
0	0
0	0
0	0
0	0
0	12
0	12
0	12
12	6
25	15
0	15
2	8
0	8
0	3
15	3
0	2
171	501
0	370
16	481
0	367
24	0
0	130
7	501
16	15
76	15
0	11
3	0
5	0
0	0
0	0
10	1
0	1
39	3
0	10
0	22
1	22
0	1
5	6
2	0
30	0
0	3
0	3
0	0
42	224
0	8
18	26
17	22
262	19
23	63
0	61
6	21
0	15
0	0
0	0
5	0
38	19
0	19
0	0
0	149
0	9
0	9
4	149
4	148
11	2
1	7
0	150
1	22
0	22
0	15
0	22
56	23
0	18
0	5
2	0
49	28
0	28
0	10
5	19
18	6
0	14
0	17
213	3
0	2
0	2
0	0
0	2
1	18
0	10
8	10
8	8
16	287
0	11
6	0
81	71
82	100
0	44
0	44
483	18
1	4
0	3
0	4
37	2
1	0
0	0
0	0
0	0
1	0
10	3
0	3
0	3
0	3
8	0
10	0
6	0
25	0
0	1
0	1
0	1
2	2
9	2
5	1
0	1
0	0
0	0
0	1
0	2
0	0
0	1
0	1
0	1
0	1
6	1
0	1
0	161
0	31
297	0
295	25
0	25
2	13
0	3
0	0
0	0
0	3
0	3
0	0
0	3
0	3
0	3
0	3
0	13
1	0
41	22
0	19
0	22
0	21
4	20
0	0
0	0
1	19
228	130
19	111
11	108
18	1
0	1
22	0
5	145
48	34
1	20
0	0
0	0
0	2
0	3
0	2
2	57
26	11
0	45
48	58
0	32
0	36
0	5
0	37
25	19
3	19
0	10
1	0
109	1
16	6
0	6
134	6
0	1
0	0
0	0
0	0
0	1
0	0
0	0
0	1
89	0
0	105
24	182
2	23
6	21
0	10
0	13
0	5
0	5
0	5
0	9
0	9
0	9
0	9
0	4
0	50
3	15
0	0
0	7
0	7
0	7
0	7
0	0
0	0
0	0
0	7
0	0
18	7
0	4
0	4
0	4
0	13
0	3
0	8
0	5
0	5
0	0
5	0
13	11
0	11
0	0
0	2
10	2
0	19
3	7
0	7
0	184
28	0
111	194
128	59
4	2
0	1
5	5
3	3
0	3
7	70
0	0
0	67
2	97
0	37
3	3
6	2
4	8
0	57
19	44
0	97
1	3
9	4
0	32
8	30
15	30
0	2
14	2
0	9
0	9
0	1
0	6
0	0
0	30
0	18
0	0
10	11
129	48
0	40
0	42
0	3
0	47
20	17
0	0
0	1
0	47
48	0
0	0
189	9
0	10
0	2
0	2
11	1
0	1
0	5
0	5
0	5
0	5
0	9
0	9
0	9
0	9
0	5
0	5
0	5
0	5
0	4
14	64
0	15
0	63
0	1
6	0
0	0
20	10
20	18
0	4
0	17
11	69
0	73
0	5
2	15
0	8
35	4
11	19
31	19
0	8
1	5
13	3
2	5
0	12
182	15
286	10
1	7
21	8
21	0
28	0
137	3
48	0
2	0
0	0
0	2
0	1
0	0
891	0
217	20
0	20
2	44
0	4
0	21
0	23
0	21
0	26
0	24
0	21
0	119
277	46
5	0
0	12
0	92
0	38
113	111
0	3
153	82
0	62
0	67
0	3
0	3
0	48
0	35
9	2
0	18
0	1
2	1
0	1
2	1
0	3
0	0
33	0
4	1
4	17
0	17
0	17
0	16
0	16
0	2
1	3
11	24
4	17
3	0
42	0
28	0
0	0
5	0
0	0
16	0
1	1
0	0
0	1
42	218
6	217
0	143
0	1
64	1
22	11
19	11
0	11
0	9
0	6
0	12
68	176
18	101
134	0
255	0
0	11
14	39
0	7
68	90
1	35
0	7
0	45
0	10
0	30
47	44
0	7
0	1
3	41
0	0
0	0
0	2
13	40
10	46
95	0
258	247
29	231
0	168
4	82
0	13
0	13
0	0
0	0
33	25
34	40
1	8
0	1
29	8
0	1
1	0
0	16
36	0
12	9
0	9
0	41
0	41
0	0
29	12
8	43
0	44
0	30
0	29
0	13
13	1
0	1
24	5
0	5
1	1
0	5
0	3
2	3
0	1
5	0
0	2
3	3
0	3
6	31
43	31
142	12
13	2
0	2
1	43
14	41
0	26
218	84
1	14
0	62
0	6
0	37
0	0
0	0
10	0
67	0
17	4
3	1
0	2
0	0
0	2
0	3
0	0
0	2
0	0
7	0
0	0
0	0
4	0
12	0
27	16
0	15
0	12
13	2
0	2
0	0
3	0
6	0
0	16
0	9
2	1
0	1
21	56
0	47
0	1
0	47
0	24
0	10
0	7
1	69
18	33
3	54
0	16
0	13
0	16
0	13
0	16
0	10
2	32
5	32
17	34
0	5
19	30
19	16
1	8
0	4
0	4
0	0
230	220
0	82
148	213
0	221
0	6
2	0
1	0
0	0
0	0
0	32
1	0
3	132
43	170
1	4
0	1
0	9
5	1
1	1
6	119
150	166
7	14
0	14
0	12
1	0
0	1
0	5
0	14
18	1
0	1
41	0
0	16
0	16
8	39
0	28
0	0
37	11
12	486
0	33
189	24
51	523
0	513
0	11
0	59
0	18
0	67
0	3
33	85
3	94
0	48
5	11
113	8
87	9
0	9
4	12
0	12
1	0
1	41
17	36
3	1
2	0
0	41
10	138
0	219
201	167
5	41
113	332
0	12
0	12
0	10
121	284
0	276
0	37
0	35
0	5
0	7
0	7
23	0
2	12
0	16
0	13
0	17
0	12
0	18
2	9
0	1
18	10
0	12
5	4
28	24
0	6
0	7
10	0
3	0
0	8
0	8
0	3
0	4
1	4
1	4
2	2
0	0
0	0
9	0
14	5
0	5
37	0
2	9
0	9
0	3
10	0
14	0
0	0
74	0
0	45
0	28
0	45
8	50
0	47
142	152
0	105
0	106
0	2
0	2
14	63
1	63
24	1
0	1
0	1
0	9
1	0
9	143
0	37
0	0
13	143
0	51
0	51
4	3
0	2
0	3
4	6
0	1
0	0
0	0
0	3
7	0
266	18
3	17
2	17
1	0
0	15
0	41
0	41
0	30
0	0
0	0
1	10
0	0
0	0
0	24
2	0
0	24
0	7
0	13
2	13
0	5
0	1
57	2
52	19
11	0
28	15
0	2
1	15
3	0
0	17
0	17
2	0
0	0
0	1
2	1
0	1
0	1
0	0
0	2
1	0
0	1
0	2
0	0
9	3
0	2
0	1
0	3
0	2
31	46
0	3
29	60
0	14
7	9
1	0
5	1
9	63
102	57
0	6
0	6
0	3
6	0
52	46
0	46
0	45
0	0
30	29
0	8
2	3
0	0
1	0
0	0
2	0
0	0
0	0
0	0
0	0
0	0
0	0
0	0
3	0
0	0
0	11
4	2
125	31
0	2
0	0
0	0
0	0
0	5
0	0
0	23
2	25
0	25
0	18
0	0
0	23
14	9
2	3
11	7
29	2
4	8
0	8
0	0
0	13
0	13
0	11
47	0
0	0
0	43
3	5
0	5
1	6
0	18
0	14
56	0
0	0
0	0
0	57
4	57
0	2
0	2
0	2
0	2
0	1
0	3
6	75
8	71
0	37
0	0
0	3
0	0
0	9
0	0
1	1
12	2
0	2
1	0
163	11
3	11
0	0
0	11
0	0
0	0
0	0
0	0
0	11
1	1
113	1
0	0
1	0
61	1
0	1
0	1
0	63
0	63
0	63
0	8
0	0
4	0
0	0
0	0
0	0
0	0
1341	76
1	36
0	2
0	40
28	5
0	4
0	4
0	4
1	5
99	0
1	2
0	2
0	1
0	11
0	0
4	0
0	0
2	0
0	0
13	11
19	4
32	0
9	4
3	4
0	0
0	50
524	81
1	34
28	28
0	37
0	0
0	2
0	28
3	1
0	1
0	1
7	0
0	5
0	5
411	5
0	5
0	4
2	0
0	0
5	0
2	0
1	0
10	0
17	0
8	9
0	9
1	0
0	21
0	20
0	3
0	16
0	11
4	16
0	14
12	11
0	15
32	11
25	4
0	438
0	438
0	4
10	238
0	8
0	22
0	4
112	19
12	15
0	0
3	1
0	1
1	0
0	0
23	0
34	146
0	146
4	0
0	6
0	0
1	0
0	0
0	9
0	9
6	10
0	13
0	8
2	6
1	1
51	0
56	3
0	3
1	0
5	4
0	2
336	2
3	1
15	1
0	4
0	3
5	1
60	2
0	2
0	2
38	17
7	33
9	34
0	1
0	4
199	0
2	1
0	1
0	41
14	17
0	1
0	0
0	24
0	5
1	29
8	27
0	25
0	9
3	0
3	1
3	1
0	0
1	0
0	2
0	0
1	0
0	2
0	96
0	81
241	12
1	8
0	9
20	9
0	0
1	2
0	1
0	1
0	29
792	75
0	18
33	28
19	55
1	31
0	3
0	3
0	0
0	3
12	110
4	110
0	110
67	63
16	107
70	104
0	0
0	5
0	21
0	0
0	15
0	17
9	41
0	18
0	36
0	0
0	11
0	0
16	191
1	191
5	11
0	0
0	0
0	11
0	6
0	22
0	22
0	66
67	44
0	5
5	5
0	0
0	22
26	378
0	3
18	380
0	380
0	26
0	1
0	342
0	63
6	0
232	0
45	110
365	0
61	0
1	17
17	29
0	0
0	26
0	0
13	0
15	6
4	6
18	4
1	0
9	679
204	679
0	279
0	0
0	0
0	0
103	6
0	4
21	4
0	4
0	0
0	0
4	62
0	62
0	92
3	84
1	73
10	25
0	33
2	0
4	0
0	1
0	30
10	12
0	5
2	3
3	29
0	40
0	14
21	7
0	12
0	1
1	0
0	0
23	19
0	0
33	49
0	4
5	10
0	2
0	24
1	51
0	10
0	1
0	1
0	1
0	0
0	0
0	0
0	0
1	0
5	0
1	4
0	4
1	4
13	2
0	1
0	5
0	1
0	5
4	25
0	0
601	0
26	134
0	14
2	7
12	8
0	1
0	0
0	0
18	103
0	24
1	45
36	693
0	438
1	402
0	1
1	0
0	0
0	258
0	4
0	3
0	3
0	0
19	0
2	3
12	0
9	0
0	1
0	23
1	23
94	17
0	6
0	12
0	0
0	0
0	0
0	0
2	5
0	5
1	0
0	0
0	0
0	0
0	0
2	0
1	0
4	0
165	0
0	0
55	63
0	60
62	40
0	25
0	0
0	2
0	0
0	8
85	8
0	135
0	134
3	41
97	41
6	62
0	24
7	35
2	24
0	0
42	40
0	14
0	2
0	1
0	0
22	18
3	22
0	21
0	0
1	0
36	3
0	55
2	0
0	2
0	2
23	2
0	0
68	0
0	4
0	4
0	0
45	51
0	25
12	5
6	54
7	28
0	63
0	63
0	5
13	0
10	0
16	68
0	42
460	36
0	1
5	4
2	0
6	22
20	27
60	18
36	19
65	11
4	38
0	28
23	29
0	24
0	13
15	13
0	18
0	20
0	6
9	5
11	56
15	0
94	55
21	0
329	142
0	21
0	56
24	124
0	5
0	35
0	7
0	3
1	8
0	14
0	0
0	27
8	6
0	36
0	36
0	7
0	0
5	43
0	0
0	40
0	0
0	2
0	0
26	62
12	20
0	23
0	0
1	47
0	0
7	1
0	1
0	1
30	11
0	6
0	5
1	6
29	1
0	2
1	4
7	0
22	20
33	27
5	1
20	1
0	0
0	0
0	4
0	0
7	13
0	13
2	1
1	1
0	1
0	178
2	178
0	150
0	158
0	18
0	3
0	9
5	4
0	4
0	11
0	0
181	214
0	214
1	0
1	0
298	74
3	74
9	105
0	0
0	8
7	12
0	8
5	0
0	0
183	0
0	23
49	5
1	5
3	18
41	1
1	1
0	0
0	0
2	69
0	28
1	21
0	21
0	0
0	11
0	11
0	4
5	8
1	4
0	0
0	0
0	8
0	5
0	5
0	1
5	21
0	21
0	12
0	1
2	5
0	1
0	0
0	0
0	1
0	0
0	0
2	0
0	3
0	31
0	31
0	0
9	9
0	4
19	146
0	146
15	11
19	42
0	4
0	1
0	1
0	4
0	1
0	3
0	0
0	0
0	0
2	39
0	39
0	41
10	29
0	32
4	29
0	0
32	19
0	7
8	48
219	21
0	10
0	0
0	0
3	0
3	11
0	5
34	111
0	111
0	110
40	2
0	81
17	7
0	105
0	1
0	1
0	98
2	7
54	69
0	11
0	12
0	1
1	1
0	2
0	0
1	2
0	11
0	38
13	80
245	11
70	35
12	26
0	35
0	35
1159	57
1	57
0	15
0	3
99	12
2	0
9	6
0	6
0	0
156	106
0	106
22	14
0	3
0	0
0	2
0	0
0	1
0	31
0	96
0	23
37	262
0	264
0	250
16	212
0	104
15	54
0	38
1	0
3	0
340	0
32	41
0	39
0	2
379	29
0	29
9	0
0	28
42	29
0	1
0	22
0	171
0	24
1	40
6	3
0	3
0	3
0	0
0	1
756	227
0	128
0	2
3	79
0	1
0	13
3	7
0	10
0	2
0	2
0	18
7	21
0	5
0	5
0	5
0	8
0	6
0	0
4	0
0	0
0	0
35	5
0	5
41	51
0	1
0	0
1	0
0	30
0	2
0	44
0	37
49	39
0	39
226	0
0	0
1	0
0	164
0	43
0	161
0	66
0	27
50	54
0	55
1	39
0	12
1	1
1	164
0	0
0	0
0	42
0	42
0	42
0	18
1	18
0	5
1	18
7	21
0	0
0	0
1	0
0	0
4	17
33	16
0	14
0	6
0	8
1	0
0	0
8	0
255	0
55	0
0	0
2	0
0	0
0	0
0	0
2	0
0	3
1	137
0	113
0	0
0	0
0	2
0	2
0	42
10	131
1	2
0	2
1	2
1	3
126	4
0	4
0	0
9	0
1	0
0	40
1	38
0	37
0	23
0	16
6	3
1	53
85	211
0	106
0	0
0	69
0	1
0	4
2	10
0	2
0	35
0	34
0	0
1	26
0	16
0	0
10	6
0	17
1	20
0	4
0	19
44	3
0	11
0	4
0	4
145	0
0	0
0	5
12	7
0	7
1	1
0	0
0	5
5	7
0	2
0	0
0	1
0	14
0	7
0	9
20	9
0	30
0	30
2	6
0	0
0	4
2	23
0	23
0	7
11	24
5	18
11	14
0	14
0	0
3	5
0	6
0	6
5	5
10	0
0	24
4	12
0	12
2	0
14	45
14	45
0	0
0	0
0	12
0	12
0	0
1	10
0	0
0	0
9	12
2	2
29	0
0	6
0	12
0	7
158	5
0	2
0	2
0	0
0	0
0	0
2	0
0	0
0	2
0	10
0	2
0	2
0	0
0	10
30	42
0	23
36	63
0	1
0	1
0	1
2	0
4	5
0	851
0	5
0	218
0	3
0	368
199	848
0	2
0	2
0	2
0	2
55	79
6	48
0	2
0	2
0	2
0	2
0	2
0	2
0	2
0	435
0	2
0	2
0	2
0	2
0	77
0	1
0	1
0	1
0	1
1	0
5	0
0	0
3	641
0	604
31	0
0	643
0	643
0	643
110	0
0	2
0	8
0	8
0	2
1	0
4	0
0	38
0	3
0	0
36	1
0	1
0	3
22	326
2	326
0	35
9	1
1	2
11	23
0	1
2	1
0	1
1	1
7	10
1	12
0	16
11	37
0	35
0	3
205	0
0	41
0	41
0	3
9	1
2	0
5	18
0	67
34	201
0	0
3	0
0	4
0	201
16	38
0	38
0	0
5	0
6	4
0	4
0	0
0	1
0	1
0	0
122	27
0	11
3	33
15	117
147	126
13	102
3	4
0	7
0	32
0	53
0	6
34	6
5	9
6	0
0	0
0	19
0	19
0	19
0	19
0	5
0	3
0	3
0	3
8	43
17	56
0	0
0	13
0	13
0	7
0	0
0	0
0	0
37	32
1	32
0	1
1	0
3	0
0	5
11	9
0	0
0	6
2	6
5	9
16	3
1	0
1	0
0	14
0	11
0	11
0	14
0	7
0	9
58	21
0	21
0	0
0	0
0	0
2	24
0	0
13	2
0	0
0	0
0	0
0	0
0	2
0	0
271	2
4	0
1	5
0	5
41	0
9	0
2	0
0	0
0	0
0	0
0	0
16	3
0	0
0	0
0	1
9	1
0	0
96	0
0	0
0	0
1	0
0	0
5	6
52	56
0	0
0	51
0	41
3	5
0	0
0	0
0	2
0	2
0	0
3	1
0	0
0	57
1	41
0	5
5	29
0	1
0	16
4	0
0	0
0	1
5	0
0	0
0	0
0	0
0	1
2	0
0	0
2	0
2	1
0	0
0	0
0	0
0	1
0	2
0	1
4	2
0	2
0	2
0	0
0	0
0	16
0	16
0	3
0	2
1	4
0	2
14	2
0	2
282	4
83	91
0	3
0	0
0	88
4	2
0	2
9	0
1	8
0	13
0	3
0	0
35	41
0	19
0	9
16	22
0	1
21	0
11	0
10	4
0	1
20	64
0	0
0	64
2	66
36	9
0	2
4	0
0	66
0	7
2	7
0	8
0	114
180	112
4	0
0	0
0	25
1	0
0	0
3	0
0	0
0	0
0	0
0	0
0	0
14	0
1	109
0	75
8	41
0	46
0	0
0	108
0	28
0	28
0	0
0	0
0	2
0	0
8	29
0	13
0	15
11	2
0	0
11	1
7	0
8	3
11	29
0	29
7	0
5	21
13	19
0	102
16	7
0	140
220	247
0	11
0	12
2	9
0	0
0	3
0	5
0	5
0	3
0	3
1	4
0	0
1	0
0	0
0	4
10	45
14	6
0	6
0	4
0	0
0	0
0	0
0	0
1	0
2	0
0	123
0	31
0	120
24	26
0	29
0	9
0	16
0	27
0	3
0	19
0	3
0	18
0	1
0	0
0	29
0	4
0	4
0	4
11	44
0	50
0	0
0	0
2	0
0	0
1	2
0	10
0	4
2	1
0	1
24	0
0	18
0	18
0	0
0	4
5	3
0	0
0	3
0	146
0	11
10	0
29	94
7	94
0	0
0	30
0	28
0	30
14	3
0	30
0	28
0	30
37	71
0	71
11	93
0	30
0	8
0	6
0	6
0	54
0	63
53	41
0	1
0	19
1	39
44	823
0	823
18	3
0	3
12	31
1	30
633	8
0	0
0	0
0	0
0	8
4	3
0	0
83	24
0	17
0	0
0	0
0	26
0	38
15	38
0	8
2	0
0	25
0	25
0	1
0	18
0	18
0	18
0	8
0	3
10	3
2	0
0	0
0	3
0	0
0	0
0	0
11	0
12	13
0	8
0	6
0	8
0	6
0	4
0	6
0	1
0	5
10	31
3	31
0	10
7	0
0	0
2	2
0	2
0	2
0	2
0	0
8	0
11	2
4	50
0	12
0	26
1	4
34	60
0	60
0	0
0	0
1	3
0	2
24	6
10	17
0	17
20	17
0	3
1	3
0	1
0	0
3	0
5	4
0	0
0	0
0	0
2	0
0	51
1	51
0	41
0	0
2	0
0	0
0	1
0	0
0	0
0	0
0	1
0	1
0	0
0	1
0	1
1	15
0	2
0	15
88	29
0	16
0	12
0	5
4	3
0	6
0	13
449	14
0	10
3	10
0	1
16	0
0	12
0	12
0	10
0	0
17	27
291	33
0	2
0	7
0	0
132	0
10	0
0	1
0	1
7	13
0	13
0	35
0	17
0	18
0	14
0	15
2	14
0	12
0	1
0	0
3	0
0	1
0	1
0	1
1	1
0	15
0	14
553	136
4	41
1	0
0	136
16	0
0	2
3	8
0	15
0	0
0	0
0	0
1	0
1	0
14	0
53	10
0	0
0	2
0	0
0	6
0	161
0	100
171	1670
26	1671
22	1636
33	1631
0	1
24	42
267	38
13	53
0	24
0	25
6	8
0	3
0	4
5	0
0	15
0	10
0	13
4	0
5	78
0	16
0	4
1	0
0	1
3	72
0	7
0	3
10	9
2	6
0	0
92	66
0	66
0	0
0	0
401	19
0	0
2	0
0	11
0	0
9	3
0	3
2	0
0	3
0	0
0	0
3	1
0	0
0	11
0	14
0	14
83	17
24	18
0	22
0	22
0	83
2	28
1	1
2	3
4	83
37	258
0	183
23	0
0	1
4	14
0	258
0	40
284	40
0	83
2	0
1	0
0	0
0	0
0	0
39	153
0	152
0	10
6	8
0	0
27	0
14	11
852	0
0	0
4	0
0	0
9	4
0	4
0	41
0	37
8	32
0	23
0	23
3	29
1	1
0	21
0	0
0	0
0	0
0	0
0	1
3	1
1	2
0	2
0	94
0	43
0	43
0	1
0	3
0	3
5	209
0	171
0	140
0	21
20	67
0	21
1	299
0	281
0	1
64	31
8	31
1	0
0	9
21	21
0	6
0	13
0	0
1	0
0	0
0	15
25	16
0	10
447	0
141	252
0	233
0	7
0	0
0	0
0	0
0	29
148	84
0	84
2	2
0	30
0	2
13	0
0	0
338	1
1	4
1	4
0	3
0	4
0	4
0	4
0	0
0	0
209	225
0	225
10	1
0	1
0	0
1	6
0	6
0	6
0	3
0	3
2	0
0	2
0	0
0	2
1	82
3	82
0	0
0	59
112	21
0	21
183	15
0	14
0	5
0	0
0	2
1	12
0	10
27	9
0	10
0	10
16	5
0	9
7	2
2	3
4	2
0	18
0	7
0	18
50	29
0	29
55	23
0	5
279	197
42	197
0	13
30	8
0	8
5	52
2	52
8	1
2	45
0	38
0	0
0	181
41	185
5	32
1	0
0	0
169	37
0	23
0	11
0	4
4	1
4	1
0	1
7	0
0	15
0	15
0	5
274	20
0	26
8	13
0	10
0	18
2	1
72	22
85	15
0	48
3	60
30	45
7	50
4	8
7	16
0	0
0	16
12	22
0	2
2	10
1	10
0	6
52	122
0	48
1	119
5	122
0	48
0	22
3	65
0	64
0	6
0	56
0	54
0	54
0	56
0	20
4	56
0	56
0	9
23	16
0	16
0	0
8	0
0	0
6	0
0	0
0	11
6	11
0	11
0	11
0	8
0	1
17	37
9	5
7	1
1	9
0	0
0	0
10	36
15	4
0	0
0	0
0	0
7	0
0	6
0	0
0	285
1	280
0	166
2	6
1	0
0	6
0	1
1	1
63	24
0	27
0	25
0	22
0	0
0	0
0	4
0	4
0	0
21	212
23	145
0	77
3	0
0	93
4	96
3	17
3	25
31	30
0	14
18	9
0	1
232	34
4	27
3	20
0	19
1	16
2	0
0	0
3	4
1	2
0	4
4	2
6	1
0	0
109	0
38	2
8	131
4	134
0	121
1	0
0	0
1	2
0	2
0	2
1	1
2	3
0	3
1	4
0	9
2	12
0	2
0	2
0	2
0	2
0	0
0	0
0	3
0	0
0	0
36	10
45	9
0	1
13	0
0	11
1	124
161	8
0	17
0	7
0	48
8	4
38	234
67	143
0	80
113	125
0	20
0	70
0	165
58	84
0	53
0	64
0	55
63	12
0	11
0	8
0	22
0	30
13	12
19	4
0	65
4	62
0	62
22	50
4	3
0	0
0	2
0	1
0	1
1	1
0	0
4	4
14	4
60	7
3	5
0	5
0	133
0	4
0	2
0	0
0	121
0	0
16	129
18	170
0	9
0	7
49	162
7	5
4	0
0	0
2	0
0	5
0	5
0	1
0	0
263	0
0	4
0	4
0	2
0	37
0	2
45	37
34	5
15	93
0	88
2	0
10	6
0	0
3	6
0	6
0	40
0	9
0	1
0	1
0	0
4	0
0	0
0	0
0	0
0	0
1	0
0	0
0	1
0	133
0	133
0	31
0	6
0	6
0	30
0	5
4	29
0	11
0	39
0	14
0	4
0	4
0	21
0	19
0	3
8	0
0	0
1	14
16	14
0	10
35	0
3	0
0	0
0	0
0	0
0	0
3	16
15	5
0	4
0	14
23	31
3	13
0	28
0	0
0	5
45	92
0	8
0	10
5	103
2	9
135	0
30	0
0	22
0	22
2	2
0	4
1	3
4	4
5	15
14	2
0	2
0	2
0	0
9	16
0	16
0	32
58	133
0	130
11	68
4	75
0	102
7	0
19	6
14	59
0	59
0	31
0	13
0	5
11	4
2	0
0	0
36	9
15	43
3	26
2	1
16	41
0	22
1	21
2	16
37	27
5	0
0	0
3	10
0	10
0	1
0	652
7	628
3	302
11	167
0	173
0	347
9	321
0	0
0	0
0	3
65	3
0	1
0	0
8	0
3	0
0	0
0	81
0	160
0	5
0	6
0	1
0	3
0	157
3	71
0	82
8	2
4	2
0	2
0	1
0	0
1	0
2	7
5	0
0	7
0	7
1	9
8	0
32	7
0	1
0	1
1	7
3	10
0	8
0	8
0	0
2	0
0	0
0	0
0	0
0	2
0	0
0	0
1	0
2	1
3	16
0	15
1	19
0	13
0	13
0	13
6	2
18	2
0	0
8	0
100	26
7	29
10	1
11	28
3	28
149	286
0	302
0	241
0	214
0	215
0	215
0	201
2	216
0	57
0	16
0	16
0	276
0	278
0	167
21	27
0	77
0	75
0	1
0	1
0	0
0	2
0	138
0	135
0	39
5	48
47	43
13	30
2	76
96	41
36	26
14	12
2	14
108	10
5	3
0	7
5	0
50	25
1	1
0	25
1	0
1	0
2	0
0	3
0	3
0	3
0	3
0	1
63	34
0	34
0	12
0	25
23	46
0	48
8	1
0	1
0	5
0	1
0	1
0	17
0	17
0	17
0	2
0	0
0	15
0	15
0	9
106	17
2	16
1	13
6	0
37	92
0	92
0	13
0	13
0	0
0	0
0	1
0	0
0	1
0	7
0	7
0	1
0	1
10	1
4	0
1	1
0	0
0	5
0	5
4	5
0	4
50	0
57	4
0	0
0	4
5	0
0	0
0	0
0	1
9	31
12	22
0	22
0	0
3	0
11	0
0	5
2	5
0	5
1	4
0	6
51	21
0	20
0	14
36	40
892	5
1319	618
10	0
0	0
0	56
0	57
0	5
1	3
0	3
6	15
0	4
15	10
2	10
18	36
0	4
0	12
0	4
11	28
1	254
892	254
4	3
4	165
9	13
0	21
0	21
0	21
0	21
0	20
0	20
0	20
0	7
0	22
0	2
0	1
0	5
19	37
3	2
6	15
0	1
0	0
0	1
0	28
0	10
138	0
7	0
2	12
0	12
133	12
0	31
8	31
0	21
0	24
0	28
0	15
4	13
0	15
0	9
0	9
0	8
0	8
0	8
0	10
0	10
0	6
3	5
0	6
0	6
13	9
0	9
3	0
0	0
0	52
3	11
0	51
143	99
0	0
0	16
0	2
0	26
0	8
0	8
0	8
0	8
0	2
12	4
0	0
4	1
0	1
0	0
5	10
0	5
0	6
0	7
1	9
0	6
0	0
0	0
0	9
0	0
1	0
2	0
0	0
0	0
0	0
0	0
0	0
0	0
20	0
45	0
7	0
5	3
0	3
8	0
0	17
3	1
0	16
2	0
0	0
1	0
0	10
0	0
0	6
0	0
0	2
0	2
0	2
1	0
0	0
0	4
0	0
0	8
0	4
0	10
0	19
3	41
2	40
0	22
0	34
0	3
0	44
3	50
10	41
0	19
0	11
0	14
0	14
0	13
0	2
2	0
0	2
2	0
29	4
2	4
13	3
0	1
4	0
0	0
0	0
1	2
0	11
0	6
0	4
0	7
2	1
17	94
0	6
0	4
15	80
0	81
2	46
2	89
12	65
8	69
0	21
0	0
32	4
8	4
7	25
0	22
130	1
30	7
0	0
0	0
8	4
0	6
0	1
0	0
2	0
2	4
0	4
22	53
0	19
0	7
0	4
0	4
0	2
23	0
96	2
3	0
1	85
0	68
1	2
2	0
0	10
0	8
2	8
52	65
0	60
9	60
1	0
10	8
0	6
0	6
4	3
0	3
0	3
0	1
9	4
0	1
0	1
0	0
0	0
0	0
0	1
5	57
0	17
25	8
0	66
14	78
293	78
29	38
10	59
0	59
2	21
50	0
15	7
0	6
5	8
0	3
0	2
0	1
0	0
0	1
0	0
0	0
0	1
0	20
0	20
0	5
0	0
0	14
0	0
0	0
6	0
23	28
0	18
0	18
1	10
0	0
1	0
0	8
0	0
0	28
4	0
0	0
0	0
3	0
65	118
0	63
0	13
4	70
0	1
0	0
4	1
0	0
0	1
0	2
0	1
0	2
0	1
1	6
0	6
0	6
0	7
0	7
0	7
0	6
0	1
0	1
0	1
0	1
0	0
0	1
946	0
38	24
0	39
14	73
0	56
0	1
0	1
6	1
0	0
0	0
0	0
0	0
12	0
0	4
0	4
0	69
1	69
0	68
0	146
0	68
5	0
60	194
0	48
0	194
11	0
0	0
0	14
0	14
0	14
0	4
10	0
365	45
46	45
0	39
74	3
7	1
0	1
0	39
11	0
2	0
3	6
9	3
0	0
0	3
1	0
2	0
0	0
9	12
0	12
0	134
41	203
0	12
2	55
0	7
0	79
1	124
0	6
20	10
0	5
2	5
3	0
11	0
19	0
15	29
3	7
0	6
0	6
0	6
48	6
43	92
26	92
0	0
4	0
0	41
0	20
0	11
0	19
0	1
0	11
27	28
3	52
0	0
0	0
26	7
7	1
0	0
3	5
5	11
0	62
0	62
19	1
0	1
0	0
7	0
6	0
0	9
4	9
8	10
0	6
4	1
0	8
0	8
0	14
0	10
0	0
86	13
0	20
147	32
0	31
9	18
46	18
1	0
3	7
0	3
0	4
0	49
0	37
0	29
0	29
1	13
1	19
0	39
0	29
0	0
0	0
0	1
1	0
0	0
102	62
0	62
0	27
0	0
0	0
0	0
0	0
0	27
0	28
0	27
0	28
0	27
0	27
0	26
0	26
0	1
2	6
0	7
1	7
14	4
0	4
0	1
3	0
3	173
0	8
12	164
0	0
101	0
0	36
0	21
446	0
25	13
0	12
14	4
0	3
65	0
6	12
0	12
0	8
0	17
13	17
0	18
0	5
1	2
1	0
1	0
0	0
5	12
0	0
0	0
0	358
0	376
2	297
0	223
0	53
43	0
5	1
2	0
4	6
0	6
16	7
0	7
1	4
0	4
5	0
0	1
0	2
0	16
38	73
5	0
0	1
0	4
0	4
0	3
1	2
0	3
0	1
0	2
90	4
0	2
200	2
2	16
0	0
0	1
344	55
0	45
0	34
0	1
0	96
0	96
0	8
10	29
0	16
1	19
0	18
0	8
61	0
0	0
0	0
0	0
24	353
4	344
3	334
6	332
5	332
10	332
2	303
0	34
0	353
0	4
0	0
0	4
3	23
15	39
7	15
0	13
0	20
0	6
43	107
0	109
0	8
9	16
28	3
0	7
0	12
0	12
0	12
0	9
11	0
733	614
0	90
5	93
939	67
11	0
0	0
19	0
0	3
0	17
0	11
4	17
0	2
0	0
0	2
0	0
17	19
27	14
0	13
0	1
0	13
0	13
3	0
0	0
0	0
226	19
5	0
0	0
0	12
2	12
19	0
41	22
0	54
1	46
0	2
0	2
0	0
0	0
0	0
0	0
0	0
0	0
0	43
0	2
26	53
26	67
0	0
0	0
4	0
0	31
15	36
9	33
1	33
3	88
0	85
0	74
0	42
0	43
0	43
0	43
0	43
0	2
2	0
0	31
1	0
2	0
1	0
0	30
0	30
27	0
0	0
0	30
14	0
0	0
0	0
0	29
0	45
0	0
15	0
0	88
0	88
26	0
2	0
0	0
138	139
11	138
4	17
6	2
0	2
0	2
2	142
19	142
0	36
5	17
5	18
0	8
0	0
0	4
0	0
10	4
0	0
3	1
3	0
6	0
0	5
0	5
2	0
25	3
0	5
0	2
0	1
0	1
13	2
28	18
15	6
0	0
0	6
0	0
25	0
0	8
15	7
0	7
0	17
47	17
28	31
17	0
0	31
2	0
0	36
4	69
0	2
0	4
2	69
0	8
0	8
0	2
89	0
12	3
0	2
0	2
0	1
0	0
0	1
0	1
0	1
0	1
0	1
49	208
17	17
0	4
48	1
4	5
49	6
69	194
8	5
0	5
151	8
3	2
3	0
0	0
9	4
4	4
1	0
0	37
0	37
0	8
0	15
0	15
0	2
0	0
0	1
2	8
2	0
0	0
0	0
0	8
4	1
0	43
0	13
2	43
0	1
251	6
9	6
6	6
13	13
0	13
3	7
0	3
786	10
1	4
0	6
0	3
0	5
0	3
71	4
0	2
7	2
2	0
2	2
0	1
7	25
0	25
0	0
0	0
16	6
0	6
0	15
0	12
5	15
0	0
0	0
0	0
0	0
329	1153
5	10
0	4
0	0
0	10
0	5
0	5
151	1
6	0
0	1
0	0
0	1
0	0
0	2
2	5
0	0
0	29
0	25
0	14
3	5
4	5
0	0
0	2
0	0
0	0
0	2
0	2
0	2
0	0
0	1
0	2
256	12
11	1
1	9
0	0
3	2
1	1
17	15
0	10
3	76
0	9
0	76
0	0
4	0
0	0
0	0
33	21
210	21
0	2
0	1
2	0
0	0
0	0
0	0
0	0
0	0
10	0
0	0
0	0
0	0
0	0
0	228
0	141
0	19
0	260
175	14
6	7
0	6
0	0
16	0
306	82
9	83
0	83
0	0
5	0
0	122
0	118
1	0
1	0
0	77
0	77
0	77
0	15
29	27
0	17
0	18
4	5
0	6
0	5
0	6
0	3
0	4
0	47
0	9
10	48
0	10
0	0
154	68
0	68
1	1
2	1
0	42
2	56
80	67
0	74
0	109
216	109
5	0
0	0
4	0
0	40
0	95
0	15
0	9
4	33
0	20
2	20
0	30
7	3
0	30
1526	0
0	71
0	69
0	0
0	3
4	1
1	1
0	0
6	8
0	4
0	8
4	3
0	31
0	25
3	3
4	3
0	4
0	3
0	0
0	0
0	0
0	5
0	0
2	0
2	0
1	37
5	176
3	2
0	60
0	5
108	78
0	223
0	0
167	13
215	92
4	0
0	7
1	1
4	2
0	23
0	16
27	0
0	0
0	0
27	11
223	0
3	0
0	0
0	11
2	0
0	0
0	2
11	0
0	0
0	0
0	2
18	10
46	0
3	1
0	9
6	4
0	4
0	0
0	0
10	29
0	29
0	27
0	6
0	8
0	20
0	36
0	24
0	27
0	8
0	2
4	50
0	7
0	45
0	2
0	10
0	14
0	4
0	0
0	0
0	0
0	0
0	0
25	56
0	58
0	33
42	187
0	217
0	189
0	44
0	30
4	7
0	7
0	5
0	5
0	2
165	41
18	89
0	0
2	0
0	0
0	0
6	0
1	3
269	132
0	42
10	4
0	72
4	18
0	6
0	15
0	15
8	6
0	0
3	7
0	6
16	6
6	0
0	1
0	0
0	13
2	18
0	1
0	0
0	0
0	3
0	5
0	3
12	2
47	2
9	2
0	0
6	0
1	524
0	522
0	28
0	4
0	4
2	5
0	2
2	13
1	65
0	65
42	50
4	51
0	36
0	36
0	36
6	17
0	15
1	0
5	0
0	4
3	0
7	5
0	0
3	1
0	0
0	1
69	0
66	0
0	119
0	118
0	118
0	119
0	118
0	119
0	118
0	118
82	161
0	0
0	1
6	1
107	160
18	15
1	14
0	1
0	7
0	7
0	7
0	5
2	5
2	1
0	1
0	0
0	0
5	0
97	8
0	3
15	70
0	46
0	0
4	0
0	21
1	19
0	14
8	17
0	6
0	0
0	1
11	12
0	12
0	5
11	5
0	2
3	6
54	0
0	0
0	0
0	0
40	0
64	45
0	30
13	4
5	4
0	5
0	5
29	209
0	194
0	206
4	3
0	3
3	0
1	25
2	25
11	25
7	13
19	5
4	0
6	26
0	26
0	1
0	1
83	11
140	11
265	207
0	151
0	8
0	6
1	0
3	0
0	2
0	1
42	30
0	30
2	0
272	0
0	12
0	52
0	34
0	34
0	58
0	33
0	8
0	8
0	2
0	60
0	7
0	11
0	15
0	8
5	8
0	8
0	12
17	13
8	13
0	13
0	0
15	0
1	0
0	0
113	20
0	20
4	18
0	8
0	17
145	38
17	15
3	0
0	0
0	8
0	9
5	377
1	183
0	18
1	16
10	195
20	49
0	17
6	7
6	0
137	13
2	15
0	1
3	16
0	2
0	3
0	13
0	2
124	9
0	10
0	6
121	5
0	1
0	0
3	0
30	98
0	0
1	0
0	0
2	98
18	1
1	1
4	1
0	92
0	0
0	0
0	0
0	17
0	4
1	18
0	1
0	1
1	2
0	2
16	17
0	0
0	21
0	21
0	21
1	71
15	70
0	6
1	11
23	69
0	0
2	61
0	6
53	12
11	25
3	13
0	15
0	2
0	14
0	8
5	0
0	0
0	19
0	19
0	11
0	0
0	0
0	0
3	8
8	23
71	25
0	0
0	0
0	2
3	22
0	34
0	6
24	11
0	3
120	61
0	3
0	3
0	2
5	0
0	11
0	23
0	0
0	31
0	0
8	0
0	34
0	34
13	34
11	0
0	1
0	0
3	4
0	3
0	3
0	4
0	0
0	1
0	1
7	1
0	1
2	7
0	7
125	15
0	5
5	6
0	2
0	0
1	0
0	0
0	0
0	2
0	0
0	2
0	2
0	3
0	10
0	2
0	12
0	11
17	1
0	1
0	26
0	24
2	27
0	25
0	27
0	2
0	2
0	10
0	0
0	44
3	2
0	2
44	102
5	99
0	3
4	337
0	334
72	3
0	6
0	3
1	3
0	3
15	0
0	71
0	71
0	250
0	146
0	3
0	0
820	304
0	37
5	6
0	7
5	7
121	0
4	47
0	65
0	85
0	47
3	0
0	33
0	3
0	16
0	0
0	5
2	0
0	4
1	6
0	7
0	6
0	1
7	7
2	7
8	5
0	2
1	2
15	0
1	128
28	43
0	51
1	36
5	8
0	377
0	365
0	15
0	6
4	25
12	27
0	13
0	25
27	13
0	13
1	9
13	16
3	13
0	0
0	0
0	3
0	6
0	6
0	1
6	3
0	3
143	6
22	5
0	1
0	0
1	0
0	4
10	1
851	34
2	2
0	9
0	5
15	11
0	0
24	3
206	1
2	0
0	0
0	2
0	0
196	420
4	0
0	0
1	0
19	30
0	27
0	27
104	72
2	2
0	3
0	65
0	39
0	38
7	24
0	38
12	8
0	8
0	8
1423	52
9	3
0	2
9	79
0	105
0	14
0	4
0	17
0	31
10	8
0	17
5	4
0	3
13	2
0	5
0	1
0	33
0	0
6	3
4	26
0	26
1	7
1	2
3	2
0	2
0	2
0	1
0	0
22	0
34	0
1	6
588	29
4	40
0	18
21	5
27	145
0	54
0	95
0	3
0	68
0	8
7	63
7	63
0	120
0	0
4	0
26	10
0	7
0	2
0	34
0	34
0	34
0	34
0	4
2	1
0	4
1	0
0	0
0	24
0	0
72	60
36	29
0	52
0	23
0	0
4	0
0	0
0	8
12	13
6	2
0	40
1	17
0	24
0	23
0	24
8	120
0	2
0	2
0	118
1	0
0	0
0	67
23	16
0	33
0	16
0	33
7	53
0	11
0	25
0	2
0	3
0	1
0	5
0	22
0	8
0	1
0	5
0	44
0	5
5	6
9	6
0	4
0	0
0	0
219	20
0	9
0	36
0	3
0	25
2	0
0	25
8	16
0	0
14	0
16	32
25	32
223	94
45	94
0	11
1	0
0	0
0	0
0	0
0	0
0	0
2	10
0	10
2	10
1	12
75	43
31	31
0	10
4	0
0	0
10	70
0	71
2	70
44	27
0	0
0	0
0	0
0	0
0	0
0	0
0	1
7	61
0	36
0	35
2	0
0	5
0	81
10	12
0	0
6	0
10	8
0	8
31	8
0	1
2	2
0	0
40	36
0	1
0	0
0	0
0	6
6	6
0	2
0	1
9	31
1	2
0	19
0	19
0	22
0	12
0	0
0	2
0	3
110	12
16	0
1	0
20	6
0	2
0	0
1	0
0	2
61	7
0	7
0	0
0	0
0	0
1	504
0	51
0	501
2	22
36	1
0	1
0	0
3	4
4	245
0	198
2	253
0	24
0	34
135	74
8	14
207	14
11	4
35	59
4	17
0	43
0	5
249	57
2	11
0	35
0	41
0	100
9	63
1	4
0	4
0	0
1	0
0	0
0	0
0	0
2	0
20	813
18	805
0	491
0	14
15	481
0	1
0	1
0	1
0	3
3	0
3	3
258	419
15	419
0	0
0	0
0	1
525	0
128	9
2	8
0	0
0	1
0	1
5	10
0	4
43	12
18	10
0	5
0	0
0	2
2	13
0	4
0	11
0	13
0	13
0	4
6	0
4	0
9	7
0	0
0	0
0	0
2	1
1	0
1	0
66	5
0	1
18	6
0	6
0	3
0	7
85	4
0	4
6	0
0	0
0	0
18	9
0	9
0	15
0	15
4	2
2	0
103	23
0	22
0	20
0	15
0	16
0	7
0	0
0	0
0	1
1	0
237	0
0	0
1	153
0	153
1	85
0	155
5	168
0	89
0	81
46	20
0	0
148	0
1	0
9	34
8	3
0	30
1	0
0	0
0	0
0	2
0	33
0	25
3	8
0	28
0	1
0	0
1	19
0	5
0	0
0	1
9	2
4	0
0	0
35	6
0	2
0	6
0	7
0	2
0	13
0	7
0	7
2	6
0	0
0	0
2	0
54	17
1	17
0	0
1	24
0	7
0	11
0	11
0	7
0	9
0	11
1	9
24	31
0	31
4	2
0	6
0	2
0	2
1	0
0	1
32	28
355	28
1	0
0	0
10	2
0	0
16	0
0	10
0	6
3	1
0	1
0	0
0	0
0	27
23	55
0	55
0	22
1	1
0	0
0	35
49	50
0	4
0	4
44	47
0	28
0	16
0	32
0	11
0	9
0	1
0	0
0	1
0	0
0	0
0	0
3	0
5	0
4	0
0	4
0	2
0	2
0	0
0	36
1	2
0	2
893	139
3	137
0	67
52	10
1	42
0	44
0	0
6	8
0	8
0	8
0	0
0	15
0	9
16	4
0	4
0	1
1	1
96	5
3	25
1	0
6	0
0	4
0	3
0	0
1	0
2	1
11	7
0	7
13	3
1	0
5	69
17	69
0	12
2	36
43	26
0	26
0	24
0	5
0	2
0	0
1	1
0	0
0	11
0	11
219	0
29	0
1	0
0	0
0	0
0	45
39	183
1	40
0	35
680	145
8	2
1	1
25	37
220	155
5	59
0	155
0	7
0	7
0	6
0	13
0	13
0	0
2	0
0	4
0	1
0	1
0	1
6	4
0	4
0	1
0	1
0	4
8	3
15	7
4	7
0	3
0	1
0	13
0	13
8	11
9	11
1	7
0	7
0	0
0	0
6	35
2	4
14	3
0	2
0	2
3	0
5	4
9	83
0	117
0	117
0	64
2	78
50	9
0	7
0	0
17	2
6	92
0	75
0	32
0	24
1	9
5	18
0	12
0	1
59	27
1	27
0	19
0	0
0	0
0	0
0	0
0	0
0	0
2	0
0	0
0	0
0	0
2	4
0	4
0	0
14	0
6	4
0	0
5	0
1	4
1	4
0	91
6	4
8	4
3	30
0	87
0	0
0	13
0	5
0	65
0	65
0	64
0	8
15	12
5	12
20	2
0	2
0	0
0	0
0	0
0	0
0	12
21	13
0	1
0	3
0	3
5	3
7	5
2	0
0	0
0	10
11	10
0	10
0	6
0	56
0	18
2	9
0	0
8	0
22	1
0	56
12	51
74	128
0	27
0	128
0	51
0	40
0	35
9	26
6	25
4	9
606	12
0	0
6	56
14	0
0	45
7	55
0	50
0	50
8	55
0	36
4	58
2	58
0	0
0	13
0	5
0	0
0	22
1	22
0	8
0	38
0	0
2	5
2	5
14	50
86	15
0	15
6	15
0	0
4	0
2	0
0	0
0	0
1	0
11	35
5	0
0	15
0	0
0	0
0	0
0	0
113	71
9	25
285	8
0	13
1	3
3	3
2	0
3	3
0	20
0	20
0	20
3	20
0	20
0	20
0	20
0	0
0	20
1	0
11	13
0	1
0	3
0	1
0	1
1	1
0	1
0	0
0	0
0	14
0	10
0	8
4	4
0	158
0	158
36	107
0	109
2	32
9	18
0	19
0	3
740	19
11	17
5	18
49	0
0	5
2	27
16	44
9	39
0	39
0	3
0	31
0	0
0	5
1	0
1	26
7	5
2	0
0	7
0	7
0	7
0	7
0	4
0	4
0	4
0	4
100	21
0	40
114	34
0	17
0	1
14	19
5	2
8	2
0	9
0	9
0	32
0	33
27	115
25	112
13	113
82	2
0	3
7	48
0	45
28	92
0	156
0	30
0	3
0	0
0	4
0	3
14	10
0	156
0	19
0	19
0	19
0	168
0	24
0	19
0	4
0	153
0	0
2	0
0	1
0	0
0	1
1	4
0	0
0	0
0	4
0	0
0	0
2	5
0	5
1	0
2	0
25	10
0	1
0	19
775	0
0	0
0	105
0	8
230	119
19	6
0	0
0	1
0	0
0	0
0	0
0	0
1	357
0	58
48	511
10	2
0	24
262	87
0	4
0	78
0	70
8	8
11	69
0	69
0	13
4	2
0	0
0	0
0	0
0	0
0	0
0	0
0	3
0	3
0	0
5	3
4	20
3	3
0	171
1	7
0	18
0	87
468	97
0	57
0	106
0	105
4	34
0	34
16	36
0	18
26	20
0	17
1	10
13	6
0	1
0	1
0	1
0	0
0	3
14	11
295	35
2	0
0	35
10	11
25	0
0	0
42	0
7	3
0	3
0	6
0	6
0	6
0	6
0	0
0	6
0	0
21	17
0	7
0	0
0	10
0	0
1	6
0	8
12	75
7	34
0	23
161	22
0	11
17	111
1	120
0	73
129	34
5	17
0	1
6	0
0	4
2	5
0	0
8	4
0	2
0	2
1	0
0	5
3	1
0	7
1	7
32	27
5	27
10	17
0	0
0	1
35	11
1	0
1	0
0	0
0	0
0	0
0	5
0	5
0	1
0	9
0	1
0	1
1	5
0	6
0	6
0	1
0	0
0	0
54	164
9	0
178	0
14	51
0	44
35	47
0	7
26	1
0	1
71	28
0	28
0	0
0	81
0	61
1	68
0	71
1	110
0	111
0	17
0	16
0	60
0	109
13	1
0	17
0	53
10	118
0	16
0	17
0	17
0	126
21	126
0	1
0	1
0	1
0	1
0	1
0	1
0	0
0	0
0	0
0	0
38	4
2	61
0	53
18	75
104	395
5	28
0	7
0	190
0	60
238	388
384	377
0	2
0	128
0	25
7	0
0	1
0	1
21	1
0	1
0	1
6	0
0	0
5	7
0	1
0	0
0	37
0	213
10	92
11	94
0	18
0	7
6	2
2	0
0	0
0	219
0	26
24	26
5	1
0	1
2	2
0	5
77	0
8	30
3	22
0	13
958	246
0	246
0	45
0	0
0	0
0	8
3	8
0	1
0	1
0	1
0	1
0	1
9	10
0	11
0	8
0	2
113	24
12	0
8	32
0	1
0	0
16	2
0	1
0	0
30	0
1	3
0	25
0	9
0	0
0	0
0	9
46	9
0	25
0	2
0	5
25	5
0	2
0	2
1	2
47	72
0	48
0	25
9	3
0	0
0	3
0	3
0	3
0	3
0	1
0	81
0	81
0	58
13	270
0	19
1	0
0	0
23	0
0	0
1	26
6	14
0	14
0	21
265	21
38	17
30	17
0	17
16	48
0	48
0	14
0	11
0	6
0	1
0	0
3	0
6	0
0	19
2	0
0	0
0	0
0	0
0	0
0	52
0	52
51	58
0	60
0	15
0	15
11	1
0	0
1	2
1	17
2	0
21	7
0	28
1	27
2	4
0	4
0	3
10	0
254	59
9	59
0	10
0	18
0	0
0	77
0	198
0	198
0	52
0	52
0	171
0	171
0	189
0	1
0	1
0	13
0	13
0	0
0	2
1	2
0	2
0	0
0	0
0	12
0	20
5	3
0	6
17	20
0	93
0	62
286	105
0	6
1	71
37	51
0	67
0	0
0	0
163	68
0	66
17	2
1	2
0	14
0	28
0	316
3	315
0	273
452	126
0	98
0	4
19	13
0	24
0	31
0	6
1076	0
26	37
0	34
0	0
0	0
0	0
0	0
0	1
0	0
0	24
23	35
6	39
0	18
0	4
64	0
24	124
0	21
1	2
2	117
101	26
5	26
0	1
0	0
0	4
0	4
0	9
0	26
0	89
0	35
43	97
0	16
0	9
0	4
0	9
0	8
4	22
2	7
0	59
10	79
14	1
115	14
7	0
0	0
0	0
0	4
551	78
24	71
0	5
24	142
0	139
0	125
0	111
0	109
0	62
0	0
73	0
68	10
0	9
0	0
0	1
31	50
1	0
0	0
0	0
0	0
0	0
0	0
0	0
0	1
0	0
65	49
0	28
1	5
0	28
3	199
0	62
0	70
0	10
0	12
0	11
0	6
136	17
28	194
3	122
0	130
6	113
7	249
254	248
0	7
0	2
0	3
0	1
0	1
0	2
0	1
0	0
0	87
0	86
28	1
0	1
4	0
2	0
30	3
0	3
0	0
0	1
0	181
1	145
0	193
1	41
0	31
5	36
10	41
4	0
114	8
5	12
7	16
0	0
2	7
7	0
0	1
4	1
0	7
3	2
1	2
0	2
125	13
0	2
0	2
0	2
6	0
0	27
0	20
0	7
34	65
0	44
0	47
0	4
0	48
0	4
0	27
1	27
2	27
0	24
0	18
0	8
0	0
0	0
92	4
0	2
3	16
0	16
0	10
0	61
1	70
1	0
0	62
0	14
0	2
0	7
0	6
0	6
1	5
0	4
0	4
0	2
0	2
0	2
13	13
0	8
1	0
0	1
0	0
0	6
0	6
0	4
0	0
0	0
0	2
0	2
0	7
11	7
0	0
4	0
5	0
2	0
0	1
3	3
0	0
0	1
0	1
3	3
0	1
18	1
6	1
0	3
0	31
0	0
92	68
0	61
0	30
0	4
0	0
0	0
0	20
0	0
0	0
4	0
41	88
0	86
1	60
1	35
0	29
4	14
0	1
0	1
0	0
3	0
0	0
83	185
0	185
0	0
0	0
14	0
0	13
21	48
0	30
0	11
218	9
0	23
0	0
2	6
119	3
0	1
24	0
5	11
9	4
649	19
3	18
0	3
0	0
5	0
0	0
1	0
13	13
0	0
0	2
0	2
0	1
1	0
0	1
0	8
0	720
0	720
0	109
0	18
1	0
0	0
4	5
0	1
2	1
0	0
1	3
0	1
1	0
2	1
0	34
0	34
2	6
0	0
0	2
0	0
0	0
0	6
0	2
0	85
0	85
0	0
1	0
44	1
122	36
17	7
0	8
0	0
0	6
0	1
0	6
0	8
178	82
0	82
29	97
1	73
8	0
1	317
0	317
7	0
2	4
4	15
4	1
1	0
0	1
0	1
27	61
0	56
0	52
0	21
0	8
0	0
0	0
0	0
5	0
28	0
0	1
0	2
0	2
0	2
0	2
0	0
0	0
0	4
0	1
0	1
57	35
0	32
25	34
0	7
19	0
9	0
0	4
104	12
0	12
26	2
1	18
4	4
251	206
4	174
3	10
0	44
0	3
4	3
0	0
0	0
46	51
5	1
0	7
0	1
0	46
0	5
34	9
117	54
0	35
0	35
0	26
0	28
0	24
6	25
0	1
1	0
0	0
0	0
0	4
0	4
0	4
0	148
0	0
9	5
10	101
1	148
8	0
89	108
0	108
2	15
0	36
11	0
3	2
0	2
0	84
16	18
10	6
1	0
6	1
0	84
22	0
327	0
1195	0
65	24
95	24
84	26
60	0
0	0
22	1
0	1
0	0
0	0
0	21
0	12
3	26
0	3
1	20
0	1
0	1
3	16
0	1
0	1
5	0
0	2
0	8
34	9
0	5
175	476
0	476
0	42
0	6
0	3
3	0
0	3
0	3
26	5
0	5
7	4
0	4
0	8
0	8
44	48
2	48
0	19
0	14
8	0
3	20
154	19
33	38
3	12
51	1
0	3
2	0
0	0
0	4
0	67
2	40
217	99
2	24
342	0
721	0
5	0
6	17
0	3
0	2
0	4
0	2
4	12
5	14
0	0
0	1
0	7
3	7
0	1
4	0
13	0
51	31
0	77
1	30
0	14
37	30
10	0
0	79
0	6
0	77
0	1
0	3
1	3
15	20
0	20
0	0
67	14
0	13
4	8
2	3
0	4
4	1
23	1
11	10
0	10
160	6
0	2
0	1
2	5
32	5
0	3
0	2
65	3
0	3
0	5
0	27
0	27
0	5
0	9
3	8
0	0
3	24
0	1
0	1
0	1
0	1
0	4
0	0
11	4
10	0
0	4
0	9
0	0
54	153
7	153
0	12
0	0
0	0
10	0
31	38
0	18
0	0
4	1
0	1
0	1
0	2
0	2
0	0
3	14
0	2
0	11
0	3
0	0
98	11
4	0
0	14
4	1
0	1
0	0
0	0
0	0
17	3
0	0
118	16
0	16
0	8
0	7
0	0
0	0
0	11
7	9
9	18
0	4
0	24
0	27
0	27
4	0
2	15
0	15
0	15
0	5
4	24
2	24
0	11
0	0
0	3
0	57
0	9
0	11
0	6
7	5
0	4
29	57
0	3
6	15
0	21
3	22
28	3
3	0
10	9
0	0
0	2
0	0
0	2
180	225
14	225
8	2
2	69
0	2
0	9
0	9
0	9
0	9
0	0
0	0
51	51
11	36
1	43
10	15
0	17
21	4
0	12
0	11
45	95
64	95
0	8
0	148
107	3
0	148
0	17
60	158
0	8
0	6
0	1
0	141
10	50
0	54
0	34
0	30
0	4
0	6
0	36
4	56
0	24
0	24
0	23
0	13
0	10
0	2
0	81
0	150
0	150
53	150
0	138
0	6
0	40
0	52
0	1
0	0
0	0
1	0
0	18
24	18
0	9
13	0
1	0
82	2
0	2
0	3
0	3
9	27
9	3
0	27
0	3
0	6
4	11
15	32
0	28
12	5
47	3
27	25
0	0
0	22
110	26
5	30
13	36
23	69
6	69
4	31
0	26
0	26
0	4
0	3
0	0
5	13
0	26
2204	103
0	99
0	83
0	14
0	14
0	15
0	1
7	4
16	3
0	8
0	9
0	14
0	2
0	0
0	12
0	65
115	238
0	225
0	77
0	77
19	75
0	63
0	62
9	46
4	89
0	90
0	4
6	46
7	24
6	20
11	1
91	136
0	4
4	135
1	0
38	0
0	2
0	2
188	92
37	91
0	6
2	5
0	5
5	43
31	44
0	44
1	22
3	2
7	0
0	0
179	551
0	537
0	23
0	404
0	133
0	158
7	244
7	0
0	0
467	0
1	0
13	1
4	69
27	12
0	106
0	178
0	10
0	10
0	8
0	2
0	63
0	102
503	200
0	7
0	7
0	2
5	2
1	2
0	0
0	0
0	0
1	0
0	5
0	0
0	0
3	0
0	7
102	802
0	4
1	0
2	17
0	275
13	3
36	41
0	32
9	96
0	26
12	19
0	96
43	80
0	5
0	2
0	2
0	0
0	16
0	2
2	17
5	0
0	13
0	42
0	0
0	64
0	17
7	0
0	11
0	0
0	0
0	71
33	0
43	0
0	0
56	74
0	74
3	27
0	18
4	0
1	0
0	0
0	0
40	46
0	16
0	7
0	1
0	0
0	0
0	1
0	1
0	0
3	0
1	7
1	13
0	0
24	13
7	299
4	299
0	56
0	14
320	104
2	2
0	2
230	0
6	0
33	3
0	3
0	3
0	0
0	0
0	0
0	26
0	82
1	82
0	48
0	39
16	63
0	3
0	3
0	3
0	3
0	3
2	0
2	3
11	5
0	0
0	3
0	0
1	1
0	0
84	0
0	0
0	1
3	1
25	16
0	16
0	1
0	1
331	0
0	2
0	5
0	3
1	11
9	8
2	2
1	6
0	0
4	0
0	12
0	0
0	0
0	0
0	0
0	12
46	48
0	6
0	0
4	0
69	42
74	0
4	0
0	0
0	3
0	0
0	3
0	0
0	0
0	0
80	115
8	3
37	101
0	2
0	1
0	101
92	112
0	52
0	51
1	2
0	0
0	2
0	8
0	8
0	8
0	8
0	5
7	0
38	80
1	2
0	2
0	0
0	2
0	15
1	12
0	12
3	2
0	4
0	2
0	1
12	12
0	1
0	11
116	166
0	7
0	33
0	0
4	8
0	8
500	105
0	13
0	8
0	2
8	64
0	46
0	46
0	46
0	9
2	109
79	47
0	80
0	8
5	4
0	4
0	0
28	103
13	43
0	59
7	60
33	48
6	2
0	50
8	35
105	33
0	35
0	0
0	0
46	0
0	0
0	0
8	0
18	8
10	71
98	71
0	0
0	0
1	0
57	118
0	19
0	13
0	0
1	99
0	0
1	97
283	59
0	2
0	2
0	0
53	10
0	10
0	0
3	4
0	0
0	10
0	0
0	11
0	11
6	0
1	4
5	5
0	4
0	4
0	5
0	5
2	1
0	0
1	1
0	0
0	0
0	1
112	76
3	4
15	13
0	0
0	4
0	0
0	0
6	13
0	1
18	2
11	2
0	1
0	7
0	3
1	0
1	5
3	1
0	0
11	17
2	0
0	1
26	1
0	16
0	11
4	1
0	1
4	0
0	0
11	1
32	16
4	75
0	2
1	0
8	63
3	2
11	4
18	15
3	15
6	15
74	17
0	17
0	0
9	0
164	15
0	8
0	8
0	7
0	15
0	3
0	3
15	1
8	26
0	1
0	0
0	1
0	0
0	2
0	1
0	0
0	0
49	80
0	9
23	59
0	50
5	55
5	80
119	32
0	30
0	30
0	3
0	0
0	0
0	4
0	4
31	5
0	0
0	0
0	4
0	0
0	2
0	0
0	2
2	13
0	13
0	3
0	3
0	1
0	2
0	1
0	2
0	0
6	110
0	7
0	1
93	107
3	49
2	0
0	14
51	18
0	24
0	24
0	0
0	20
0	0
7	1
4	8
0	1
0	7
25	10
1	2
0	1
0	2
0	6
1	29
62	28
0	28
0	18
83	1
0	0
5	1
7	1
0	1
4	13
60	24
23	149
0	470
0	486
36	238
0	74
0	239
0	2
0	42
0	18
0	16
0	15
11	0
1	3
36	68
0	5
10	7
0	6
7	35
0	917
0	885
0	890
0	1
4	0
3	0
37	333
7	10
9	16
1	15
0	12
3	1
0	0
0	1
0	26
12	26
0	20
0	0
0	20
30	20
92	40
5	101
0	22
0	32
11	21
20	22
1070	86
70	45
0	52
2	5
0	5
27	80
0	36
8	36
4	8
6	3
0	0
0	10
0	13
0	0
0	55
43	46
0	2
0	2
1	1
10	20
0	1
0	23
0	23
0	23
5	33
20	42
0	20
62	5
2	4
0	9
0	2
0	0
0	0
0	2
22	0
0	33
0	36
0	36
0	33
0	0
40	8
0	2
0	1
0	6
1	0
0	0
0	0
10	1
0	1
0	3
19	3
12	8
0	5
0	19
12	19
0	5
99	0
1	0
11	47
0	6
0	1
0	46
0	0
0	14
2	0
0	1
0	0
25	15
0	1
0	1
0	0
0	1
435	5
18	268
0	268
2	38
5	12
0	0
0	38
0	0
0	0
0	12
3	0
108	0
12	2
3	91
0	91
3	4
0	4
0	11
0	11
1	0
2	13
0	4
0	13
0	4
0	1
3	3
0	3
1	3
0	3
285	0
1	0
0	0
3	10
3	10
1	0
4	2
0	2
0	0
0	0
0	0
0	17
3	37
0	5
0	8
0	9
2	9
5	10
0	0
6	10
0	28
1637	955
2	725
0	101
0	2
0	0
4	0
43	248
0	185
0	8
0	228
7	7
20	4
0	135
0	137
0	5
0	0
0	0
0	0
0	4
0	0
5	0
0	0
0	2
0	2
0	0
0	2
197	4
29	2
3	0
0	0
9	0
1	0
0	0
360	19
3	1
0	2
0	0
0	3
1	2
0	2
21	0
24	29
92	27
16	25
1	17
0	17
0	5
0	1
0	1
0	0
0	1
0	0
0	0
0	0
0	0
0	0
17	186
0	11
0	184
0	43
0	13
0	36
0	20
0	0
0	9
0	9
9	19
0	10
45	1
0	7
11	69
0	8
0	2
0	0
0	2
5	0
0	2
0	2
0	0
0	1
1	0
1	9
0	9
0	69
0	69
12	0
10	8
0	8
1	5
0	5
0	0
75	66
38	12
0	18
0	7
0	24
0	0
0	4
0	0
4	54
0	17
0	22
44	28
0	0
0	28
0	12
0	12
171	401
0	311
0	133
13	125
0	120
0	115
0	0
4	9
0	5
0	3
0	0
0	0
0	0
0	0
0	0
1	0
0	0
0	7
0	9
2	5
1	5
2	0
0	39
0	2
0	2
0	17
0	2
0	1
0	9
0	13
0	61
17	26
15	8
0	7
30	82
0	80
0	2
103	76
7	0
0	0
3	76
36	0
9	0
0	98
67	98
10	98
45	1
0	525
107	619
0	104
0	165
0	66
0	145
79	42
17	0
0	1
0	1
41	9
4	3
21	0
0	0
2	0
0	0
0	0
0	0
173	0
8	431
0	312
444	404
0	1
18	7
0	292
4	0
0	310
5	349
0	333
94	214
0	301
18	0
4	22
76	22
0	7
1	1
2	0
0	0
0	0
1	0
0	195
0	126
4	0
0	0
0	8
16	2
0	1
147	31
82	41
0	2
0	24
5	5
0	35
1	4
0	4
0	4
29	8
0	1
0	4
6	16
0	16
0	1
0	8
100	13
0	22
0	22
0	14
0	0
0	0
0	150
14	82
5	150
4	14
3	11
0	8
1	0
0	0
0	8
6	5
0	0
3	3
0	3
72	0
0	0
57	15
0	4
2	11
0	20
0	16
15	23
0	17
1	5
2	3
0	4
0	1
0	1
0	0
0	0
4	6
0	0
0	0
0	0
0	0
63	5
0	2
0	4
22	299
0	12
7	4
0	271
5	1
0	1
0	0
18	3
0	3
62	3
17	159
0	2
2	0
19	0
2	0
0	157
3	9
0	10
5	5
0	8
0	1
0	7
0	2
0	5
31	0
0	54
0	19
2	54
0	21
1	2
0	1
1	2
8	0
0	0
6	34
0	34
4	26
0	0
0	0
1	1
0	1
0	0
0	0
1	68
0	18
0	18
0	18
0	18
0	11
61	19
0	14
13	53
1	5
45	9
41	0
258	292
0	2
0	72
0	1
0	283
46	283
0	154
7	30
13	5
0	0
0	0
0	0
0	0
10	32
4	0
0	12
2	25
0	24
2	15
82	55
0	5
65	88
12	16
0	48
3	0
0	52
0	34
0	34
6	0
0	0
0	16
3	16
0	2
4	12
1	12
19	120
0	5
16	120
5	14
7	0
0	53
0	41
2	5
0	5
0	33
7	33
0	7
0	0
0	71
6	3
2	2
2	3
0	0
0	0
0	1
1	0
2	35
27	43
0	42
0	32
3	30
0	12
0	12
0	12
0	0
0	0
6	2
1	0
0	1
0	0
0	0
0	0
32	24
0	7
0	1
0	0
36	1
44	32
0	32
0	29
0	0
0	1
0	0
1	5
0	1
0	0
0	0
2	1
1	3
0	3
0	3
17	5
6	3
0	2
0	0
13	297
0	47
0	47
0	288
0	48
0	298
0	4
5	0
0	33
0	28
0	0
0	16
0	1
0	4
0	16
0	1
16	85
4	82
11	84
0	14
0	3
0	3
2	2
2	0
54	45
24	45
1	0
0	0
0	0
44	25
1	23
3	20
0	13
34	10
0	2
0	0
0	0
21	43
13	43
0	10
0	29
0	29
10	16
5	0
356	21
16	13
0	35
0	35
0	0
87	88
15	88
16	1
0	2
0	2
0	3
0	0
0	6
0	6
0	6
0	2
0	2
0	2
0	1
0	0
0	0
0	0
62	0
5	5
0	0
0	5
13	0
10	16
0	11
2	6
1	1
0	1
1	13
1	6
0	7
0	6
8	0
1	14
0	14
0	14
0	3
6	0
0	0
0	26
2	0
9	20
18	20
27	60
2	60
0	29
460	4
0	36
0	36
0	25
0	33
0	23
60	23
5	25
0	0
0	0
15	226
0	63
2	0
101	79
0	109
2	207
0	2
12	184
0	19
0	8
0	134
0	13
0	180
0	5
0	16
0	8
4	0
27	132
46	132
0	0
60	0
0	0
3	0
51	14
0	4
0	2
0	2
4	0
0	0
0	10
6	9
0	9
7	2
0	10
0	6
4	6
0	14
12	9
0	0
0	9
97	28
4	31
0	9
0	29
41	31
128	241
0	0
0	8
0	5
72	0
0	18
11	0
0	31
1	5
112	248
6	246
0	199
7	199
0	63
0	65
3	65
0	37
2	0
0	1
0	0
0	0
0	1
0	1
116	14
0	3
0	1
6	3
6	11
4	1
154	214
0	54
22	177
45	56
9	7
2	30
3	41
3	55
19	35
0	37
0	43
0	36
0	67
0	8
0	2
0	8
14	32
5	1
3	0
0	1
0	0
7	7
2	0
0	11
0	11
0	3
0	10
0	10
0	5
35	6
52	27
0	6
0	0
0	4
17	4
4	4
0	16
0	16
0	5
4	0
2	9
0	0
2	30
0	30
1	45
14	47
0	37
6	0
0	0
1	0
9	0
11	0
87	281
0	220
2	279
0	0
1	21
2	21
2	0
7	1
3	0
5	0
0	0
0	12
0	11
0	0
0	0
0	0
0	1
4	0
0	1
0	0
0	0
0	0
0	1
0	2
0	1
0	0
0	1
0	11
0	7
0	0
0	0
87	7
0	7
1	44
2	45
2	0
0	0
279	0
5	31
0	0
5	102
6	44
0	43
0	28
6	5
0	5
77	0
4	0
18	15
0	94
3	94
16	15
250	15
0	81
14	90
53	62
4	0
16	11
31	33
1	0
12	1
0	20
0	20
0	0
28	0
5	0
0	0
2	1
0	1
1	0
0	0
0	0
4	0
0	6
0	6
0	6
0	1
0	1
0	6
21	23
3	23
3	20
0	20
0	14
2	0
0	0
8	2595
0	2595
7	2595
8	14
0	7
6	1
0	1
24	0
6	28
89	28
10	10
1	0
13	253
201	254
0	4
584	0
78	98
5	171
0	56
0	0
30	0
0	3
0	9
0	0
0	145
0	1
12	22
0	22
7	0
2	0
0	0
0	39
10	37
3	39
4	29
102	0
3	0
58	4
50	89
1	12
6	0
0	95
5	35
10	15
0	0
6	10
0	10
0	8
0	0
0	6
14	62
74	62
54	6
0	6
0	5
0	1
0	0
0	0
47	125
17	151
0	122
0	35
0	22
0	31
0	0
27	6
1	9
0	17
0	5
19	16
3	25
0	1
6	0
0	18
0	18
6	1
50	38
1	63
0	26
1	0
196	496
0	452
0	452
1	368
4	0
29	429
29	494
68	494
0	4
0	1
0	4
0	1
0	1
0	1
0	1
0	1
2	0
0	1
0	2
0	5
0	3
1	0
14	57
31	46
14	46
0	0
120	599
11	598
2	18
3	18
2	6
5	0
156	291
0	184
59	11
0	154
7	93
9	93
2	93
0	34
0	5
0	0
4	0
129	2
0	0
366	0
0	0
0	0
2	0
1	2
0	1
3	2
1	1
95	232
0	228
4	4
0	81
2	0
0	3
0	2
9	34
0	42
1	14
16	33
13	5
0	0
25	5
4	0
3	0
0	1
0	5
3	2
0	0
0	4
0	3
0	0
0	1
12	1
5	1
0	0
4	3
0	3
0	0
0	0
1	1
0	37
172	37
0	0
0	0
0	1
0	0
0	2
3	2
6	14
6	14
0	0
10	0
1	573
5	573
0	595
21	563
0	17
3	0
22	1
0	1
0	3
2	76
0	79
13	42
1	42
0	0
2	8
0	8
0	2
0	0
4	0
0	0
21	33
1	12
1	3
0	21
0	7
0	25
0	32
54	30
1	0
3	1
0	0
2	0
0	4
0	5
0	3
0	3
43	42
0	0
45	0
99	9
0	0
1	9
43	83
0	76
0	16
0	9
0	0
1	9
7	0
0	9
0	8
0	9
0	2
0	0
0	1
2	3
0	9
0	1
27	1
16	0
0	0
0	39
7	11
0	11
0	39
3	1
0	0
0	4
0	12
41	111
0	5
3	2
1	105
5	1
0	1
0	2
0	2
118	37
1	0
0	37
1	0
33	138
2	112
0	102
0	138
24	1
97	8
8	3
0	0
17	10
0	0
0	10
0	5
0	5
4	0
0	0
103	35
12	32
5	24
0	23
0	26
0	22
4	0
1	2
1	1
7	77
0	78
0	4
87	0
12	0
19	7
11	2
0	1
2	1
0	1
0	2
0	3
0	10
0	8
0	7
11	1
0	0
3	0
31	4
0	2
2	6
0	8
1	7
0	6
0	7
0	127
0	127
0	127
0	0
4	0
3	0
0	0
0	0
0	17
0	19
8	19
0	3
12	32
0	15
0	15
0	31
0	0
0	0
2	0
0	0
12	252
7	252
0	4
0	3
5	247
43	0
0	3
0	3
0	12
0	12
0	7
6	7
0	7
10	7
134	74
1	1
0	74
11	58
0	13
0	58
0	2
0	23
0	2
0	2
1	14
24	1
0	1
3	0
79	4
2	0
0	4
2	32
0	2
0	5
0	5
0	5
10	5
0	3
0	32
0	2
0	2
28	72
17	103
0	61
24	30
0	0
10	0
43	2
1	0
18	13
0	13
0	13
0	0
0	2
0	2
0	2
0	2
53	50
20	52
0	0
7	2
0	3
0	20
0	21
1	21
28	112
0	6
0	111
0	0
0	0
5	104
20	92
25	9
0	4
0	9
20	0
612	64
1	63
1	15
0	0
1	1
0	1
0	0
171	12
5	0
1	0
0	12
0	8
0	12
0	0
0	0
0	0
1	2
0	0
0	0
0	1
0	2
0	0
25	10
2	4
13	4
5	2
5	0
0	0
0	4
0	2
2	1
0	3
0	0
11	0
3	0
0	38
0	15
0	0
2	0
2	0
0	12
0	10
0	2
0	0
0	26
65	14
0	21
96	7
198	54
0	50
9	54
0	54
0	4
25	16
47	16
0	12
1	7
0	7
14	4
4	21
0	15
3	0
0	2
2	3
0	0
0	0
0	133
0	0
7	1
0	3
0	0
0	0
5	2
3	0
1	0
6	0
10	114
5	4
0	0
0	133
267	0
0	0
0	0
17	1
0	5
0	5
0	5
0	5
0	5
0	5
0	5
0	5
0	5
0	5
0	5
0	5
0	1
63	1
0	1
0	2
0	3
0	0
8	0
0	0
2	2
0	2
5	0
0	1
5	0
0	0
0	0
5	0
0	276
0	257
0	78
0	43
0	18
19	150
2	150
351	240
0	237
8	109
51	0
0	18
0	3
36	15
0	15
0	3
0	1
4	0
35	158
0	0
0	0
0	4
42	155
2	0
0	0
0	3
0	0
0	3
0	1
0	0
0	0
0	0
0	0
0	0
0	0
0	1
47	6
3	0
0	0
50	6
0	9
0	9
0	9
0	0
0	0
26	1
0	1
171	6
0	0
0	0
28	24
48	24
0	31
0	25
0	6
87	25
2	0
0	39
0	102
24	112
1	0
63	261
0	47
0	1
0	35
0	28
5	0
17	31
27	3
0	247
2	0
3	10
0	7
0	9
1	6
0	29
0	12
5	7
5	18
0	8
5	5
0	5
0	1
1	0
7	6
0	73
22	75
0	2
3	0
13	0
1	26
0	26
53	54
17	101
0	81
1	5
0	20
4	20
0	20
0	1
1	0
0	0
0	1
0	0
0	1
0	0
0	0
266	10
5	11
2	1
18	0
4	0
3	119
50	168
132	150
15	90
0	85
145	18
0	2
0	2
0	2
0	2
1	0
43	20
0	5
0	3
21	1
5	0
3	0
0	0
0	1
56	257
0	253
0	14
4	1
12	1
0	0
0	0
0	0
0	0
3	146
11	184
14	185
14	0
0	35
0	0
0	35
0	0
7	0
0	5
0	0
0	5
19	3
3	5
15	1
1	0
0	0
0	0
0	2
0	1515
0	1513
17	1492
0	1405
22	47
0	47
0	39
0	88
0	88
0	80
29	21
0	80
0	23
0	16
0	12
0	0
0	0
0	0
18	59
22	15
0	84
0	14
0	14
0	1
2	0
9	33
0	8
0	8
4	0
0	1
24	1
13	8
1	25
0	3
0	0
4	30
0	20
2	26
0	17
0	6
0	14
22	10
53	75
9	75
1	67
0	0
4	0
38	3
0	3
0	3
0	3
0	3
0	1
0	0
0	0
2	1
0	2
0	0
0	0
0	0
0	0
0	1
4	0
0	2
0	2
6	10
0	3
31	12
0	5
0	11
0	11
0	4
6	15
9	2
0	15
0	15
0	15
3	0
0	0
451	66
15	8
0	4
0	5
0	18
0	12
0	2
88	0
0	0
1	0
3	0
1	14
25	43
30	5
64	32
165	58
0	58
0	37
0	2
5	2
56	673
0	784
0	619
0	582
0	582
0	302
0	121
118	7
5	1
0	1
0	115
18	0
0	29
0	19
0	2
0	13
0	0
21	2
0	0
2	0
0	0
0	0
3	18
1	3
0	2
1	0
0	15
0	3
0	4
0	4
0	2
0	0
0	0
0	0
4	4
0	4
5	10
0	7
0	3
82	9
0	9
0	7
5	2
0	21
0	17
0	10
9	15
3	2
1	22
0	10
0	2
0	3
0	3
0	0
0	11
0	11
0	4
9	7
0	7
0	4
0	2
0	0
0	0
0	1
0	1
0	0
0	1
0	0
0	0
0	7
0	1
21	21
0	21
3	0
0	0
7	1
0	1
4	15
43	5
2	2
0	0
0	7
0	6
0	5
3	4
0	1
508	0
0	1
2	36
144	91
0	16
5	52
14	0
0	55
0	21
1	0
0	34
3	0
37	16
7	51
5	13
0	13
0	3
0	3
0	3
0	3
14	3
0	2
22	4
0	4
0	0
0	28
0	28
0	0
4	21
5	42
0	23
0	0
18	2
207	2
0	0
2	0
0	0
4	2
0	2
16	55
2	55
0	24
0	19
0	6
0	6
0	3
1	5
0	25
0	25
0	1
0	9
7	3
0	3
137	0
0	0
7	0
15	9
1	3
1	0
0	2
0	2
5	0
15	17
8	17
2	1
0	0
0	0
5	27
0	26
0	0
11	0
263	128
0	128
0	43
4	6
17	4
0	3
0	1
11	0
8	0
0	24
0	29
0	1
3	1
0	0
0	0
0	24
0	24
0	0
0	3
0	24
0	1
0	5
116	5
0	1
0	4
0	0
1	0
0	0
2	402
0	402
0	402
0	426
0	156
8	0
0	0
18	20
0	20
20	0
0	0
0	0
0	13
0	8
36	28
0	8
0	0
0	22
0	0
0	23
0	3
99	4
4	8
0	8
0	18
17	23
0	5
102	0
1	0
56	97
0	43
0	87
26	24
0	23
7	10
8	0
0	2
0	0
52	26
0	27
12	7
0	7
1	11
0	11
0	46
0	40
3	0
0	0
2	35
0	0
1	0
0	0
0	0
0	11
19	33
0	46
0	0
6	7
0	7
0	0
6	0
0	0
56	282
859	1105
0	582
2	0
5	1
1	0
0	0
0	0
0	0
114	2
0	2
2	0
17	0
2	0
0	0
0	0
6	0
0	38
41	38
3	17
0	0
0	5
3	5
0	5
1	1
78	7
0	7
13	0
17	4
0	19
0	0
0	2
0	2
252	59
0	74
0	74
0	15
3	12
0	12
0	0
0	4
1	55
0	5
0	1
30	0
0	0
0	1
305	1
15	1
1	7
0	7
0	0
0	2
216	1412
0	2
0	12
15	12
11	4
0	3
12	3
3	4
0	11
0	11
47	10
2	4
0	9
2	4
4	3
0	2
0	6
2	6
0	6
0	2
0	2
0	0
36	34
0	10
0	13
0	10
0	2
0	0
0	3
0	8
1	0
1	0
4	3
0	0
0	3
0	3
7	10
0	10
78	0
2	4
0	4
128	5
0	4
1	1
5	0
0	8
0	3
3	2
5	3
0	3
0	22
0	22
6	12
2	39
15	29
0	0
1	0
1	1
0	1
32	13
10	1
20	15
0	4
0	1
62	5
0	0
0	7
0	6
0	0
0	6
0	11
23	29
0	0
0	72
1	0
0	0
3	0
0	0
0	2
0	0
0	0
117	0
178	48
0	6
0	2
5	0
0	5
0	16
0	5
0	16
0	5
32	40
0	39
2	0
0	0
19	1
0	0
27	1
0	9
0	9
0	5
30	73
1	67
0	41
34	31
1	16
0	12
0	12
23	8
0	0
0	0
20	17
0	17
0	1
0	0
55	20
17	13
0	12
0	7
0	7
0	7
125	203
0	240
0	30
0	6
0	1
89	1075
0	1072
19	6
0	6
33	26
6	20
7	21
0	21
3	12
0	0
0	13
0	0
0	0
0	9
0	40
0	40
0	39
0	17
0	3
40	10
0	0
0	0
0	0
0	9
0	0
0	10
14	0
19	88
2	88
1	57
0	27
0	9
0	0
0	22
0	132
0	25
8	4
0	22
0	131
0	0
0	89
3	3
0	14
0	14
0	2
0	41
0	3
1	0
0	0
37	1
0	41
11	41
0	13
1	8
54	0
0	41
0	5
0	5
9	6
0	6
0	6
0	11
0	11
2	11
0	12
0	6
0	0
0	0
56	493
0	486
0	18
0	3
18	0
5	7
1	7
2	0
202	1
6	2
0	1
2	27
2	28
0	29
0	27
0	29
0	27
3	71
0	73
0	39
0	25
0	1
0	2
15	13
0	1
0	0
0	0
0	0
0	0
2	1
0	0
0	21
1	11
2	5
3	11
0	0
0	5
0	21
0	14
0	43
4	9
0	12
0	11
1	5
0	9
13	8
0	36
0	36
25	43
1	0
133	182
7	247
1	30
1	213
0	54
0	9
0	167
6	0
0	9
17	39
0	6
0	16
0	42
2	1
2	10
0	6
9	5
0	4
0	4
0	4
0	41
288	381
63	31
1	10
0	10
0	0
0	24
7	0
0	0
135	46
0	24
0	28
0	84
0	84
0	0
0	86
0	21
14	11
48	11
4	3
0	1
21	2
40	3
5	3
0	2
16	16
44	16
0	1
0	0
0	2
40	3
10	13
0	0
0	0
30	0
0	0
5	0
0	0
11	0
91	0
25	0
0	1
0	1
0	14
0	14
0	3
81	3
0	3
0	14
3	14
0	2
0	0
0	0
4	0
0	4
0	4
10	4
3	0
0	0
0	0
0	0
0	0
0	1
0	42
7	42
0	1
0	0
34	12
12	2
0	0
250	13
7	13
62	11
0	11
0	1
0	0
0	124
38	124
0	34
5	11
0	0
34	43
0	53
0	0
0	0
29	24
0	30
4	26
25	0
0	9
3	16
1	0
12	6
0	0
16	6
4	0
35	111
2	111
0	1
0	1
0	0
265	0
8	0
4	24
0	27
14	34
0	30
3	0
0	4
0	13
11	0
3	2
0	2
0	0
27	4
0	0
1	0
0	0
0	0
1	4
15	51
0	29
0	5
10	0
25	10
0	10
0	10
0	0
0	0
0	1
0	0
5	1
0	0
256	107
5	6
0	4
7	1
0	4
0	3
1	0
0	139
0	139
7	0
1	0
0	0
98	33
6	14
2	14
0	29
0	0
0	1
0	0
0	0
0	0
0	28
11	346
1	346
502	348
12	121
6	121
0	121
2	2
9	25
0	2
0	7
11	14
0	4
0	1
0	8
0	7
0	2
1	0
0	0
95	76
0	74
0	86
0	5
42	84
0	3
0	0
0	0
22	13
21	30
0	0
2	82
0	78
1	55
0	83
0	41
1	44
0	0
0	0
14	9
0	2
0	28
0	3
0	0
0	0
2	5
0	4
2	4
0	0
0	0
2	0
0	0
2	0
13	33
0	7
274	31
7	28
0	0
0	1
1	14
0	12
1	12
4	0
0	0
0	20
258	118
3	118
0	3
10	0
171	50
58	31
0	25
63	43
0	142
0	142
0	106
70	22
0	1
2	3
3	0
2	0
15	0
0	0
0	0
12	16
0	6
91	0
0	6
8	16
0	0
0	7
0	0
3	16
0	16
6	49
0	50
27	52
0	49
0	21
0	2
0	0
0	37
0	0
0	0
39	1
0	0
0	0
0	0
0	0
0	0
0	0
0	0
2	1
0	1
0	84
0	180
15	180
0	0
12	0
7	6
0	6
0	2
95	7
0	6
0	1
0	0
0	0
0	0
2	0
0	0
0	0
74	68
0	2
4	0
0	0
1	66
0	7
0	7
23	7
0	4
0	0
7	76
0	27
25	5
1	72
0	0
0	21
11	72
1	2
1	7
4	0
0	15
0	1
0	228
0	0
1	48
0	20
1	33
7	33
0	20
0	16
0	1
0	15
119	61
1	1
1	0
12	99
0	69
1	0
5	1
7	3
23	3
0	25
29	85
2	12
0	194
0	15
0	195
0	15
1	0
0	0
9	0
0	195
48	84
5	0
20	6
0	6
0	0
0	0
0	421
0	421
0	44
0	4
5	4
0	2
0	0
1	0
108	35
32	35
0	17
7	2
6	3
1	0
1	8
0	8
0	8
0	5
46	180
0	9
0	0
0	0
0	110
12	102
1	15
17	128
124	60
0	3
0	41
6	16
7	87
9	16
1	16
95	78
17	16
0	15
0	15
0	33
0	16
4	0
0	18
0	18
0	8
188	96
0	16
0	95
1	12
34	19
0	1
0	1
264	27
3	27
2	0
3	225
21	2
0	1
0	224
0	230
0	227
0	226
1	225
0	65
0	65
0	16
0	11
3	24
11	2
0	29
4	4
78	18
21	0
6	1
0	1
0	1
1	0
0	0
383	0
0	4
0	3
0	0
0	0
1	14
1	4
107	90
0	90
113	67
10	0
0	0
2	3
0	1
0	5
1	13
0	67
16	35
0	2
22	0
0	0
26	25
0	25
1	0
7	2
0	4
0	4
0	3
0	3
0	0
6	18
0	2
44	4
0	4
1	2
0	0
0	0
0	2
0	3
0	3
0	2
1	2
0	2
0	2
2	0
0	2
4	2
0	2
0	165
0	118
0	0
0	31
6	170
29	127
89	335
424	335
19	0
2	276
2	0
3	0
0	0
9	0
46	12
0	12
0	3
0	14
0	2
0	0
3	0
0	4
1	4
0	14
18	69
0	69
84	20
0	20
0	0
0	7
7	7
2	1
0	1
0	3
0	1
488	78
0	73
1	7
0	4
0	7
2	24
0	0
0	0
0	0
0	0
1	0
0	0
0	0
0	3
0	0
2	14
0	3
0	0
0	0
5	0
58	31
0	24
0	31
12	29
0	29
33	18
0	8
1	16
0	0
0	0
0	0
186	0
2	0
0	7
0	7
0	1
0	15
0	15
0	0
0	0
1	0
0	0
1	0
0	0
0	1
0	22
12	83
12	5
6	3
0	83
39	87
0	85
0	85
0	9
0	0
0	0
0	18
0	10
0	15
0	16
72	26
0	0
5	2
2	42
4	20
0	20
16	0
0	5
0	3
0	1
0	0
0	0
3	0
0	0
3	0
13	0
2	20
8	11
65	0
1	1
0	27
0	27
0	0
1	29
0	5
5	16
1	7
7	7
0	6
2	4
0	12
2	8
19	1
6	5
0	1
0	4
0	4
4	0
1	0
487	18
0	17
0	1
0	0
0	0
12	31
0	0
0	0
11	7
0	4
91	1
6	0
0	0
1	176
0	30
0	177
65	7
0	7
0	3
0	0
0	1
218	0
0	0
1	0
6	8
0	1
9	12
9	23
0	18
1	5
29	346
0	3
0	5
0	1
0	0
17	0
0	60
0	60
0	10
0	6
38	70
0	20
0	60
0	0
1	0
0	65
0	40
45	0
0	3
0	3
0	3
10	0
0	3
0	1
0	1
666	2
263	2
204	12
5	29
0	29
0	13
1	3
0	5
8	0
100	154
0	179
0	179
5	6
0	0
0	2
61	0
19	0
176	3
0	1
0	3
0	3
12	0
191	301
0	266
0	19
30	40
4	0
0	2
0	3
0	3
5	11
60	5
0	6
14	6
2	0
6	5
0	5
0	0
0	0
59	1
0	0
0	0
0	0
10	8
1	0
8	62
0	38
0	38
0	1
106	0
14	0
16	0
0	4
33	11
0	50
0	0
0	0
2	0
0	0
1	2
0	2
9	292
0	5
0	5
0	16
0	16
115	292
0	3
0	0
0	0
0	0
0	0
0	0
11	0
0	0
3	0
0	31
98	1
8	1
0	0
2	0
0	0
0	0
2	0
0	0
0	0
26	33
2	6
0	0
0	6
0	2
4	21
27	0
0	0
33	16
0	0
0	16
0	10
0	28
0	23
0	18
13	2
0	2
0	0
97	99
116	100
0	5
0	2
1	5
147	42
0	3
0	39
8	0
0	0
5	0
0	53
30	0
0	37
37	53
272	0
0	0
0	0
0	3
69	0
1	7
17	7
4	7
0	1
2	6
0	6
2	4
19	4
0	1
441	11
0	0
12	9
0	16
0	3
115	16
0	1
0	0
0	0
0	9
6	0
0	0
4	0
14	198
0	98
0	171
2	147
26	5
1	1
4	1
0	0
0	1
48	18
0	18
0	18
40	0
254	109
0	29
0	63
0	3
8	76
0	1
0	0
0	19
35	27
0	5
0	3
454	252
0	242
0	254
1	5
0	256
415	194
0	189
0	189
0	66
3	42
0	2
0	1
0	8
0	17
40	8
7	1
1	0
12	9
19	0
45	86
1	86
0	63
8	0
0	2
0	2
0	4
0	0
2	0
0	0
31	38
1	38
9	33
0	18
11	12
10	10
0	9
2	3
0	0
0	0
0	0
4	0
0	0
0	1
2	1
20	26
5	14
3	23
0	5
0	5
0	0
38	58
0	58
0	20
0	5
0	0
1	7
0	0
1	11
0	0
0	8
2	2
1	11
0	5
0	2
0	109
0	109
11	30
0	0
0	4
16	4
0	2
3	37
0	30
0	8
3	3
0	0
0	0
0	8
0	43
0	43
0	43
10	41
418	13
0	10
0	4
0	1
0	0
41	3
6	2
2	3
0	0
0	0
542	0
0	10
95	30
3	0
3	30
0	0
15	0
0	0
0	1
0	0
0	0
1	0
28	20
76	6
0	19
0	12
0	344
0	33
98	351
1	1
0	3
0	3
1227	0
246	47
0	47
0	27
0	27
13	2
37	1
0	1
0	47
0	30
0	30
184	102
0	102
30	0
0	4
0	4
2	4
4	0
5	0
2	0
325	345
0	341
14	4
0	2
4	14
14	10
0	4
0	0
83	570
0	4
0	312
0	312
5	60
31	117
18	60
0	59
13	49
0	3
0	2
0	11
15	2
0	43
0	43
7	62
47	58
26	188
0	190
70	36
47	24
28	2
14	3
0	3
0	92
13	18
0	90
6	16
87	41
0	39
1	0
0	2
32	29
57	13
102	15
0	2
0	0
0	1
0	1
0	28
0	0
3	0
0	80
0	168
0	168
3	84
0	0
39	84
0	84
49	0
0	83
0	84
0	84
0	98
15	13
0	13
60	304
0	304
19	0
0	42
0	0
289	0
17	56
26	96
0	84
0	84
9	54
0	28
27	63
0	28
6	5
0	5
0	0
5	15
19	15
0	12
12	3
20	48
15	46
0	34
7	2
7	4
8	4
26	8
0	8
9	2
16	15
19	66
24	21
13	66
24	0
2	1
10	0
2	8
0	8
0	3
0	3
0	2
1	5
0	0
0	4
0	4
2	0
49	0
0	0
7	0
440	821
4	179
0	642
0	9
284	10
0	10
155	34
0	26
25	0
1	0
0	0
0	0
0	0
51	3
0	2
0	2
0	2
0	0
4	0
0	0
1	0
0	0
0	1
0	0
0	0
0	1
4	5
0	5
0	90
0	85
2	34
0	12
0	12
0	2
61	22
7	2
0	1
2	1
0	108
7	5
0	1
0	10
0	10
0	0
0	14
0	0
0	14
59	18
3	18
1	0
1	3
0	3
0	3
0	4
1	4
0	1
1	0
0	0
0	0
3	3
0	0
0	0
0	0
0	3
56	1
1	0
0	8
0	0
0	0
0	0
0	8
0	0
0	0
0	8
0	0
0	0
0	0
0	0
3	3
3	0
0	6
0	0
0	6
0	1
146	4
0	0
0	4
0	0
0	0
0	4
0	0
0	0
3	0
0	16
0	8
39	13
0	0
0	0
0	0
0	0
23	14
0	14
3	12
6	12
67	46
1	18
21	0
1	16
1	0
23	0
0	2
13	5
2	28
0	2
3	0
2	1
39	1
0	0
6	24
28	24
0	0
0	209
7	76
49	244
0	97
155	12
12	9
6	0
506	41
0	50
0	9
0	8
0	0
0	599
0	599
21	437
2	5
0	5
0	5
0	5
0	591
0	591
2	0
0	0
0	586
10	0
0	586
62	794
0	794
0	424
12	0
12	210
39	7
0	0
16	21
0	32
0	2
0	0
0	0
25	11
0	25
0	26
0	23
0	27
0	3
0	4
0	0
0	3
0	4
0	3
1	3
9	9
53	64
0	0
0	39
5	10
4	63
0	0
0	1
2	0
169	33
6	31
0	7
13	7
0	1
0	1
9	4
0	4
18	82
0	10
78	99
0	13
0	13
0	3
0	13
0	13
0	0
4	106
0	88
0	0
0	1
0	39
15	80
0	6
0	106
56	11
0	6
39	9
80	149
0	75
0	133
5	33
0	11
8	25
0	130
0	143
3	155
0	0
0	4
0	15
0	7
0	70
0	70
0	70
0	70
0	69
0	69
0	13
0	0
37	36
37	23
0	0
0	0
15	42
2	13
1071	28
0	5
0	0
0	37
2	5
0	37
0	0
0	0
0	0
0	0
0	0
4	0
38	12
0	12
0	12
4	0
0	0
0	0
3	0
0	0
0	0
17	0
43	34
47	80
0	90
0	90
0	43
9	42
0	0
0	3
0	3
0	0
0	0
0	0
17	0
25	70
71	241
9	66
0	4
0	175
0	175
0	3
0	3
0	0
0	0
3	1
0	12
0	12
0	12
0	3
0	6
0	0
4	2
10	0
183	4
0	4
0	6
14	6
0	5
0	4
3	10
0	10
0	10
1	0
4	0
0	76
22	76
0	4
90	22
0	17
0	10
1	4
0	0
0	0
2	4
0	0
17	237
2	20
0	165
0	237
0	2
4	205
0	2
3	1
11	203
97	7
49	11
2	1
0	1
0	0
3	1
0	20
0	20
0	7
0	11
0	11
0	0
6	1
0	1
38	1
0	19
8	19
20	3
78	28
0	28
24	76
0	56
0	2
0	45
2	0
0	0
0	7
0	7
0	0
4	0
0	0
0	1
2	1
37	0
35	121
0	89
0	34
0	16
0	6
36	7
0	0
1	7
2	0
0	3
2	0
18	1
5	1
289	40
12	13
0	4
0	40
13	1
0	1
0	1
0	12
0	6
0	11
16	3
53	1
0	0
0	0
0	1
16	0
0	0
0	0
27	54
0	52
23	1
0	0
3	0
0	8
0	8
0	6
2	0
3	159
0	80
0	174
20	173
2	113
0	18
24	10
0	0
1	132
0	5
181	5
0	0
0	15
0	0
1	15
234	36
10	4
0	4
0	4
1	4
0	16
0	0
0	0
0	0
18	15
0	0
14	0
0	49
1	49
0	13
0	13
0	65
0	65
0	65
0	65
0	95
4	15
5	0
21	4
0	4
4	0
0	16
34	95
0	10
0	6
0	10
0	10
0	10
1	0
427	81
87	79
0	27
6	39
224	33
0	8
0	78
0	32
1	10
1	0
0	1
0	0
9	6
0	0
2	6
100	336
0	327
0	5
0	0
2	4
0	0
95	115
0	12
1	1
11	78
0	2
0	29
16	6
1	31
3	16
141	4
0	0
3	10
0	6
49	689
612	594
0	1
11	15
2	30
0	432
2	0
2	35
3	4
1	4
2	0
0	0
0	19
0	1
0	19
14	66
23	66
1	0
18	13
0	13
0	6
4	0
0	1
33	73
37	141
0	64
0	6
0	5
0	5
0	0
0	0
54	45
0	8
0	0
0	0
5	37
2	37
0	5
0	6
1	2
0	0
6	0
0	205
1	205
0	37
0	36
8	36
5	0
5	1
289	5
1	0
0	5
2	5
1	0
51	5
4	4
14	5
2	4
0	5
0	0
68	14
0	2
0	0
0	2
0	0
0	9
0	0
3	0
0	0
0	0
0	2
0	1
1	2
0	2
9	1
0	9
0	11
0	11
0	3
468	13
0	0
39	0
2	1
0	10
0	10
47	11
1	3
305	3
1	0
0	22
2	22
0	1
2	1
0	1
88	31
0	0
0	4
3	4
0	0
0	0
6	27
1	92
0	88
4	5
8	6
0	6
0	82
92	163
12	160
1	161
10	157
7	31
0	12
0	2
4	6
0	6
0	1
0	0
0	47
0	47
0	10
0	75
0	26
0	6
14	0
5	1
0	0
0	3
0	0
0	0
0	0
54	3
0	3
23	5
0	0
0	13
0	937
0	3
0	3
74	924
0	3
4	1
0	1
0	1
0	0
2	0
0	1
2	4
0	4
0	0
1	0
0	0
0	0
2	0
2	0
0	7
1	1
0	1
0	1
7	1
44	9
0	1
23	23
0	24
6	1
0	0
0	17
0	0
1	0
0	0
0	0
0	17
0	22
0	15
0	14
0	13
0	11
0	1
0	0
10	11
0	11
0	9
0	2
1	4
15	0
22	71
0	71
0	65
0	48
0	36
0	2
0	0
0	0
0	0
0	2
0	1
0	1
0	0
0	2
2	2
0	2
43	37
0	37
0	22
0	14
0	0
1	0
0	1
8	9
24	7
40	10
11	8
94	7
3	1
0	0
9	0
76	7
0	1
0	1
0	0
0	0
2	3
0	6
4	20
0	4
0	0
0	0
7	18
0	7
39	0
0	0
0	0
55	0
110	28
0	28
0	5
0	5
10	5
0	28
1	0
56	39
0	39
3	2
65	14
0	14
0	7
0	16
6	11
0	8
2	6
0	1
41	1
61	1
0	0
113	1
134	3
0	1
0	6
0	6
0	78
0	52
0	71
0	12
6	36
20	36
0	50
0	0
0	97
18	104
1	41
0	0
0	23
67	13
0	13
0	0
14	7
1	4
3	1
0	1
0	7
0	12
0	11
0	2
63	76
35	2
25	96
0	16
0	2
0	7
51	101
3	19
0	19
392	326
0	379
0	311
0	6
24	7
0	75
0	3
13	9
0	1
0	0
5	9
0	6
2	0
0	0
0	3
0	3
0	5
35	5
18	20
0	2
0	2
0	2
8	96
180	283
0	84
0	200
1	0
1	4
0	4
16	0
67	17
0	37
15	37
5	0
0	0
4	1
0	1
126	0
0	12
0	7
0	7
0	7
39	2
2	0
2	0
44	0
0	31
0	31
0	31
0	31
0	31
0	31
0	31
0	31
0	31
0	10
0	37
0	37
0	37
0	15
7	0
6	43
94	43
0	6
0	7
0	7
2	0
0	6
0	1
0	4
0	1
1	0
3	0
0	0
0	4
16	24
66	29
17	23
0	19
0	18
0	5
0	5
0	1
1	0
136	552
0	568
0	354
3	0
2	21
13	21
0	6
2	2
0	4
22	2
0	2
0	0
4	16
1	0
0	0
12	1
0	0
0	0
0	8
242	8
0	8
0	0
65	28
73	50
26	0
0	0
8	0
1	0
1	1
2	0
2	0
0	0
0	7
0	1
10	8
0	9
0	9
0	9
0	2
0	0
4	0
0	11
0	11
0	11
0	35
0	34
0	11
0	51
32	6
0	5
20	25
19	17
0	13
0	14
0	9
0	9
0	0
3	0
196	30
0	27
1	0
0	1
3	95
0	102
9	73
39	3
0	3
0	104
0	93
0	0
0	1
0	104
23	40
0	40
0	7
3	25
0	28
0	19
0	0
0	0
0	0
0	0
19	0
8	0
0	0
0	28
0	28
36	21
9	22
0	21
6	40
0	18
0	13
0	11
26	15
0	16
6	0
0	0
0	0
0	43
0	43
0	40
0	40
0	3
22	3
16	45
2	42
0	42
0	42
0	42
108	0
2	9
55	167
0	0
1	0
1	165
0	1
0	3
0	2
3	3
0	2
0	0
0	0
0	0
3	0
0	0
1	0
0	1
0	0
0	1
1	5
0	5
0	4
0	3
0	21
0	5
2	18
7	19
1	3
0	3
0	5
18	1
3	8
0	4
3	3
0	6
292	0
295	80
3	88
0	60
0	39
0	0
1	13
1	6
0	3
36	2
0	120
0	50
0	0
0	0
0	0
0	54
0	135
0	1
0	1
0	0
31	135
0	0
0	0
0	0
1	0
0	4
0	1
0	0
0	0
3	50
0	9
0	19
3	13
0	10
0	0
0	0
0	0
12	267
0	235
0	0
0	0
0	2
31	57
3	40
0	54
0	53
0	8
58	8
0	3
41	0
119	3
0	3
0	0
0	0
9	0
4	1
32	30
91	30
0	10
0	17
1	8
0	42
0	42
0	4
0	2
0	2
0	2
0	2
0	2
0	0
0	0
0	0
2	0
0	0
0	42
0	42
0	42
0	44
3	39
3	43
0	30
2	3
0	2
12	41
0	36
0	6
350	15
8	16
0	16
0	30
48	21
0	0
0	0
0	76
0	81
0	81
0	24
15	63
0	59
0	1
0	20
0	28
51	20
130	47
1	38
7	45
0	14
21	0
0	12
4	18
0	15
7	66
0	66
0	3
0	1
0	1
4	0
0	0
0	0
0	19
9	0
4	17
0	25
3	13
0	11
0	2
0	13
0	0
1	8
0	1
0	1
2	7
0	6
0	6
0	2
0	31
0	31
10	0
3	3
4	8
0	8
3	1
0	1
0	0
0	0
1	0
8	65
0	73
0	73
0	0
0	0
0	0
0	2
0	2
0	39
0	39
4	30
43	30
12	30
0	0
4	0
0	0
0	9
0	9
0	6
6	25
2	38
0	10
0	18
6	29
0	14
3	0
1	49
0	49
74	9
8	1
2	9
3	9
0	2
14	6
0	1
10	57
0	67
0	31
0	29
0	0
2	2
0	0
0	25
12	25
0	21
0	8
0	8
0	8
1119	3
598	7
27	7
1	1
0	1
0	0
7	5
0	0
0	0
0	5
5	0
0	11
0	3
164	11
27	80
0	19
2	16
0	77
0	3
0	3
0	0
1	0
82	7
1	0
3	0
0	7
0	52
30	30
0	52
3	8
0	28
0	28
1	1
7	1
0	0
0	0
25	5
0	5
0	58
0	54
0	11
169	165
0	4
0	41
2	8
0	0
0	2
1076	183
7	159
0	76
17	24
1	0
0	0
0	0
0	17
0	9
0	4
1	0
0	17
8	0
0	0
49	0
0	0
4	76
0	68
3	8
0	8
0	3
0	0
2	15
0	15
0	0
0	6
0	16
1	16
3	1
0	1
0	1
0	15
0	0
1	0
8	3
0	2
0	0
0	2
0	2
0	0
154	0
0	2
0	6
0	2
0	6
0	6
0	0
0	179
0	179
0	89
0	117
7	113
0	1
0	10
0	34
0	10
11	2
1	0
25	0
0	502
0	207
4	502
0	1
0	8
0	0
0	0
0	8
0	2
0	8
306	400
18	39
0	39
0	0
3	56
0	9
0	16
0	36
34	6
0	0
1	4
0	26
17	15
0	6
0	3
0	0
0	13
0	15
0	15
0	15
0	2
6	4
0	0
1	4
17	123
0	81
0	114
7	0
16	84
89	10
1	1
1	10
0	0
0	0
1	25
0	7
4	7
0	45
0	63
0	22
0	11
0	29
0	5
0	3
4	6
0	6
0	6
0	3
0	0
0	0
0	4
11	0
0	4
0	0
352	26
0	11
0	0
13	0
0	6
14	3
7	1
0	0
0	0
9	8
0	0
0	1
17	0
467	70
6	21
0	0
13	0
10	12
1	70
0	5
0	4
8	10
0	8
9	7
0	6
5	2
27	0
37	9
2	0
0	9
37	17
68	17
0	0
42	0
8	31
0	39
0	16
0	16
0	19
0	6
0	2
0	3
0	10
0	10
196	159
0	131
44	7
8	6
0	7
19	6
7	1
10	1
0	0
19	0
0	0
0	7
0	8
0	1
0	1
0	1
0	0
1	1
0	6
14	7
0	6
0	6
0	6
0	6
0	1
0	2
0	1
9	1
147	14
0	11
0	14
29	70
21	69
0	1
0	0
0	49
110	47
0	47
0	154
7	16
1	65
0	25
0	348
0	253
98	7
6	1
0	1
1	1
2	13
0	14
77	8
2	0
5	5
0	5
0	5
0	158
175	400
0	236
0	20
0	20
0	20
0	20
0	4
0	4
0	20
0	20
0	20
0	154
406	115
0	115
0	39
0	39
0	35
0	36
0	13
15	1
2	7
0	6
0	15
0	5
0	4
103	15
0	0
0	164
2	2
0	22
0	2
0	1
0	0
1	1
0	153
0	18
3	21
0	164
0	2
0	13
0	2
0	0
4	0
0	0
0	0
0	0
0	0
0	0
7	0
287	24
0	24
10	24
6	7
5	1
0	6
8	15
0	14
18	15
23	9
5	27
0	21
0	23
0	1
0	29
4	29
0	30
0	2
0	9
0	0
2	40
4	129
85	40
4	92
0	39
0	28
2	13
4	37
7	14
0	2
0	13
5	7
2	6
1	0
2	0
4	3
0	2
5	2
0	3
0	0
0	0
10	32
0	28
6	23
0	24
11	12
1	12
0	2
0	12
2	0
13	21
1	10
108	0
0	0
19	1
0	1
0	1
0	1
0	1
0	1
0	1
3	0
12	6
0	0
0	0
0	7
0	0
0	7
93	30
0	119
7	0
187	108
9	6
0	148
0	65
0	13
0	87
0	58
205	5
0	77
5	0
2	1
0	31
0	28
0	23
0	11
0	5
4	4
0	1
3	0
0	92
0	28
0	45
0	3
2	2
7	0
0	1
0	0
0	15
0	21
7	2
5	0
0	0
22	3
0	13
0	6
10	0
0	94
474	170
28	23
0	147
0	51
158	53
0	36
61	34
0	0
0	2
69	13
1	14
2	1
1	1
0	0
3	0
36	8
0	51
0	50
0	6
4	91
0	51
87	50
32	51
2	40
11	0
0	43
0	29
0	9
0	6
0	17
0	7
0	5
0	7
0	7
6	17
0	5
0	7
0	12
0	7
0	2
0	2
1	2
0	4
0	0
0	1
0	4
236	2
0	6
9	7
0	1
1	5
0	5
4	0
40	85
0	85
3	50
0	56
0	5
2	0
0	3
0	0
0	23
0	18
11	1
11	18
3	0
63	40
0	40
3	2
0	0
0	0
4368	0
161	38
0	147
0	18
0	169
0	25
35	13
2	9
0	3
0	1
132	82
0	110
48	190
0	183
0	178
0	128
3	0
1	0
0	6
182	53
0	5
0	3
4	0
0	0
52	47
0	53
8	7
0	5
0	6
5	0
99	1
2	0
4	10
3	10
88	3
0	3
0	3
0	0
13	3
21	46
0	0
5	0
85	64
78	62
2	2
3	34
6	34
9	8
13	8
0	4
0	4
0	0
0	1
0	0
131	107
0	107
0	1
1	0
0	1
0	62
0	62
0	58
0	15
1	7
1	6
0	0
0	0
0	10
0	23
0	34
0	32
2	38
3	38
8	17
0	6
9	0
19	40
0	0
0	29
3	7
0	1
25	16
15	11
0	11
0	3
301	160
0	38
9	124
351	124
2	115
0	0
1	0
0	4
2	0
0	3
0	3
99	3
0	30
24	3
0	0
11	27
0	0
0	0
1	13
18	0
0	13
0	3
0	1
0	3
0	1
0	9
0	14
0	8
0	6
21	5
0	4
6	5
1	0
0	0
0	0
0	0
0	0
0	0
1	0
1	0
60	26
51	27
0	47
0	20
26	53
9	71
0	38
0	3
0	3
1	3
7	0
23	0
8	0
25	19
0	33
0	19
0	1
1	0
106	34
4	34
0	33
5	73
0	0
2	0
0	0
0	0
0	252
10	248
0	1
0	5
11	0
9	0
0	1
3	0
2	40
0	41
0	47
0	25
0	22
0	16
1	11
0	10
0	41
4	2
0	2
0	2
0	2
0	2
0	2
0	8
0	2
29	14
0	6
23	17
0	2
89	14
0	14
0	1
2	0
6	0
0	0
0	1
0	1
0	8
2	13
0	11
0	11
0	11
0	12
0	11
0	12
0	12
3	4
1	5
7	1
417	118
0	118
1	26
0	24
0	0
5	0
3	0
0	3
0	3
0	4
0	247
0	170
0	0
0	32
0	244
22	25
0	18
0	11
0	5
43	5
18	37
0	34
59	21
22	15
0	0
3	0
48	0
1	14
1	2
0	2
3	14
1	3
1	6
0	6
1	6
0	4
0	0
0	2
0	1
0	0
4	5
0	5
0	5
0	2
10	8
0	2
0	2
0	0
0	1
0	0
0	1
105	17
328	17
4	58
2	59
6	59
39	61
4	2
0	1
0	5
0	0
6	34
8	2
0	1
0	58
0	74
0	6
0	20
0	20
0	36
0	0
0	0
0	0
7	0
4	1
50	1
7	0
0	0
0	0
1	0
0	0
63	0
0	0
0	0
1	0
0	74
1	1
0	1
11	0
91	0
33	15
0	15
7	0
7	0
15	0
0	7
0	6
6	0
1	1
0	0
0	1
0	1
0	0
0	1
0	1
0	0
0	0
0	0
0	8
0	1
0	8
2	1
0	8
0	0
3	3
0	0
5	0
84	0
0	0
91	15
3	13
0	11
0	18
0	17
4	23
0	6
0	6
4	2
9	0
20	97
6	25
0	25
0	1
0	0
0	96
1	0
1	82
0	12
0	16
0	15
6	16
6	3
268	268
0	22
0	268
1	0
19	0
0	0
30	22
193	158
0	2
0	11
0	2
4	2
23	9
2	1
4	19
0	5
0	7
2	0
0	7
0	11
2	12
0	584
0	50
7	0
0	140
287	140
4	4
13	4
0	0
0	0
2	3
8	15
0	0
0	4
0	12
47	46
55	26
0	22
0	1
0	11
121	0
11	8
0	0
1	0
3	0
0	0
0	0
2	0
0	3
0	3
0	0
0	0
0	4
2	47
0	1
0	0
1	10
7	4
0	3
0	10
0	8
0	3
0	0
0	0
0	3
0	0
27	0
0	0
0	0
77	14
4	3
0	10
0	0
0	0
0	10
16	18
0	3
0	4
0	16
0	25
6	25
5	0
0	5
1	4
27	62
2	59
0	18
0	27
0	1
0	13
0	11
0	0
0	0
10	3
3	0
10	3
45	17
0	0
2	0
0	0
0	1
3	1
0	1
0	0
3	1
0	2
0	2
19	28
0	28
0	3
0	21
0	9
16	31
0	7
32	3
60	119
0	16
1	3
13	39
0	38
0	23
0	13
34	8
3	17
0	1
0	17
0	13
9	0
0	584
0	6
0	31
0	31
7	1
0	0
0	0
0	0
1	1
0	1
0	14
4	7
89	14
0	1
0	0
0	0
2	23
2	25
0	4
0	5
0	7
0	9
0	4
0	0
0	0
0	0
0	0
0	0
0	7
0	0
0	0
0	5
0	5
0	16
0	0
0	5
0	0
3	7
0	7
0	7
0	0
0	0
0	0
198	25
73	25
0	6
0	7
0	7
0	1
0	44
45	22
0	280
0	6
0	65
0	4
0	2
0	1
0	1
0	0
6	259
0	0
4	1
8	99
0	48
1	52
64	63
0	17
0	19
0	6
2	6
0	6
0	18
6	8
2	46
0	3
48	10
0	3
0	10
0	5
0	0
0	0
0	3
0	1
0	0
7	0
55	2
2	7
0	7
4	0
5	5
0	5
6	8
19	8
0	0
8	1
0	0
0	1
3	1
0	1
0	1
1	0
2	2
1	2
0	0
0	5
1	13
11	8
187	10
0	5
15	2
0	2
0	2
0	2
0	2
3	2
24	13
50	21
0	10
3	3
0	3
0	3
0	0
0	0
1	0
21	0
0	0
2	3
3	32
70	26
60	11
0	47
269	69
0	0
0	38
0	2
62	42
3	39
4	31
1	31
0	3
0	0
0	4
0	2
0	2
0	1
2	3
0	3
6	57
0	30
0	30
0	31
0	2
0	1
153	605
6	480
0	1
0	2
0	394
43	9
0	9
0	0
0	0
0	0
0	0
38	82
9	1
0	0
0	0
0	0
0	0
0	0
0	0
0	38
0	38
0	7
0	38
90	0
13	7
16	6
0	1
2	31
2	0
0	9
1	0
0	0
6	0
0	0
0	34
3	34
0	71
0	0
0	4
0	3
1	2
4	3
0	0
2	0
0	39
0	70
0	0
10	34
0	34
0	0
30	0
0	0
5	0
14	9
0	3
0	1
10	28
0	12
0	27
2	27
2	0
9	2
0	0
130	22
114	22
1	13
1	13
0	13
0	6
0	0
1	49
0	49
0	18
1	1
0	22
0	33
18	41
6	5
0	12
0	0
2	10
35	7
1	2
0	31
0	80
267	0
108	26
0	4
0	0
0	2
0	0
0	26
1	0
13	1
0	1
44	80
27	354
0	385
0	21
0	31
58	96
9	37
3	13
3	28
0	28
0	0
0	27
38	20
0	20
10	0
2	0
13	17
10	16
0	13
1	0
16	5
0	20
59	0
1	34
0	34
0	0
22	1
6	13
0	18
0	10
3	10
21	15
0	10
0	8
0	1
0	1
7	0
0	0
0	0
48	0
33	0
0	21
2	21
4	7
0	36
4	36
0	36
0	36
0	21
7	21
0	10
41	9
0	9
0	0
6	0
1	0
0	0
0	37
0	37
0	21
0	2
0	3
0	3
0	2
0	2
4	8
1	0
1	0
5	0
39	0
0	0
4	3
0	3
0	5
0	5
1	37
3	37
23	12
3	11
2	0
32	0
1	0
3	0
100	29
22	29
0	10
0	7
2	0
1	0
2	1
0	1
0	1
9	2
2	1
0	0
0	0
0	1
1	1
0	1
77	33
5	37
0	6
6	9
0	2
0	70
50	1
0	1
3	4
0	4
0	5
0	4
12	4
552	225
0	89
0	224
0	3
0	0
0	3
200	11
18	11
183	0
0	0
8	0
3	17
0	15
0	13
46	22
0	22
0	24
8	24
0	0
0	0
0	0
1	0
10	26
0	48
0	26
0	80
0	82
0	60
3	0
0	5
0	27
509	0
20	1
7	1
2	1
0	0
0	0
0	0
4	11
0	5
0	5
0	1862
78	1864
0	30
0	0
0	3
0	0
0	0
0	0
0	3
0	0
0	0
0	0
0	0
183	110
0	8
17	8
0	109
307	1
10	26
0	0
0	0
0	0
5	27
11	0
0	54
73	54
0	20
14	3
0	0
0	3
3	4
0	3
0	20
0	1051
0	1037
0	988
5	271
4	16
0	17
0	13
0	13
0	0
67	12
0	4
0	0
18	1
1	17
0	14
2	3
0	3
0	0
0	1
4	0
34	9
64	7
10	6
0	3
4	3
3	2
0	42
0	45
144	21
0	162
0	165
10	162
0	0
4	9
0	9
1	3
0	3
34	0
0	0
0	0
1	0
3	0
0	0
0	0
0	0
29	0
4	32
0	32
0	32
0	29
1	27
2	2
1	0
0	0
384	43
3	80
26	52
0	67
2	70
28	16
157	0
10	693
3	693
18	57
10	9
12	0
10	263
0	188
0	184
0	179
0	3
23	3
0	263
987	11
3	0
0	11
1	21
5	3
10	0
0	5
0	3
0	0
0	5
0	0
0	0
69	29
0	5
6	5
0	24
0	21
0	0
1	6
0	33
1	6
6	6
13	0
20	8
63	30
0	1
0	0
0	0
9	0
0	0
0	0
0	0
0	0
4	0
47	23
2	23
4	0
56	2
1	0
0	0
0	21
0	36
0	36
0	3
0	3
24	28
0	28
29	26
1	26
0	1
0	0
1	0
0	0
436	12
0	12
5	0
0	2
199	136
0	3
0	25
0	3
276	257
0	8
0	121
0	130
43	27
0	7
0	7
0	0
0	1
2	0
0	0
0	0
0	0
0	0
1	0
1	19
43	1
0	437
0	437
0	98
26	1
0	1
0	439
15	0
0	0
0	2
8	2
0	8
0	8
0	8
0	2
4	0
0	49
67	49
3	1
0	0
3	48
0	48
25	8
0	8
0	0
0	0
1	0
671	253
0	269
1	269
0	15
0	70
1	0
0	2
14	128
0	52
0	116
0	11
0	84
202	108
4	4
18	8
0	32
0	2
0	3
1	3
0	0
0	0
0	1
27	122
74	148
14	1
3	1
0	4
246	49
0	0
0	0
0	0
0	0
0	0
898	0
0	2
2	2
46	16
0	5
0	4
0	1
0	1
0	1
0	2
0	0
0	8
0	11
0	0
2	0
0	1
0	8
11	0
0	0
8	1
0	0
0	0
2	27
6	0
0	27
0	0
0	2
0	10
0	8
1	8
178	0
0	0
1	0
0	2
0	2
110	200
0	200
0	2
0	2
3	82
0	81
0	58
0	59
0	14
0	32
0	14
0	0
0	0
6	7
11	31
41	10
39	4
5	31
5	16
0	3
0	10
0	1
0	1
0	4
0	4
1	33
42	33
1	2
0	22
0	20
34	0
0	8
4	40
0	55
16	36
89	36
0	20
0	4
0	18
6	3
38	4
101	31
4	33
0	1
0	0
0	0
0	0
0	0
0	38
0	27
0	64
0	77
15	18
25	9
0	18
0	0
0	0
0	0
3	18
30	1
2	1
8	1
0	0
13	16
8	16
1	1
0	2
0	2
0	0
0	0
0	2
0	0
0	2
0	2
0	0
0	2
10	0
0	49
1	49
0	6
0	0
0	0
2	0
3	0
0	19
114	19
2	17
11	16
0	14
0	1
2	4
0	1
0	14
8	23
0	7
0	14
8	30
117	0
3	7
0	5
1	85
0	1
91	86
0	4
5	70
2	0
3	24
0	24
9	0
36	1
0	1
9	0
0	0
18	77
0	51
0	0
0	0
0	0
0	0
0	3
0	40
0	66
0	0
16	65
3	0
8	27
0	13
0	26
0	26
6	0
438	159
0	159
0	109
4	12
0	0
0	122
0	4
0	0
0	0
11	47
0	47
0	38
0	0
0	0
0	0
0	0
2	0
0	4
0	0
0	1
0	4
278	0
0	0
0	167
1	178
0	11
2	2
0	5
0	0
0	221
0	221
1	3
0	3
0	1
0	0
2	59
0	0
2	0
0	121
0	121
0	107
0	104
0	10
6	0
2	0
0	1
3	0
0	1
0	0
0	0
0	1
0	0
0	0
0	0
0	0
0	0
0	0
0	0
0	1
4	272
18	270
0	272
167	3354
0	11
7	104
11	604
1	2
50	3320
4	9
0	9
0	14
63	14
0	0
10	0
0	7
1059	0
0	14
0	18
0	16
0	16
0	16
0	16
0	16
0	16
0	16
0	16
0	16
0	16
0	17
0	22
0	9
0	17
0	20
0	8
0	8
0	9
0	20
0	12
0	14
0	15
11	15
0	9
0	9
0	9
0	16
0	13
0	16
7	1
0	13
0	0
0	1
0	23
8	12
0	2
0	22
2	20
0	17
1	17
1	38
0	6
1	7
30	0
0	0
0	0
0	3
0	0
14	284
0	683
206	706
0	195
103	122
0	18
11	121
0	101
0	5
9	9
0	9
0	28
5	29
0	147
147	153
4	124
0	104
0	4
0	46
0	47
0	40
0	40
0	38
0	39
199	0
0	0
17	10
0	9
2	2
0	2
0	2
0	2
0	2
0	0
0	2
1	0
5	3
0	2
0	0
0	0
0	1
0	0
0	1
0	2
0	0
0	0
0	1
15	1
0	0
0	1
1	11
129	11
19	11
0	1
70	240
0	39
0	0
0	2
48	56
11	224
0	0
1	0
0	4
19	129
1	129
0	2
0	0
0	0
3	0
0	0
18	128
0	128
22	16
3	16
9	6
2	5
2	0
4	4
0	0
0	0
2	0
0	0
1	0
0	0
4	4
3	7
0	7
0	0
0	1
0	1
258	9
0	1
3	1
0	1
0	1
0	0
0	0
11	0
21	68
3	68
0	0
0	3
3	3
8	0
0	0
0	0
2	0
0	8
0	152
0	259
0	247
0	0
0	244
0	0
1	1
0	0
0	1
0	1
0	1
0	37
0	80
0	32
0	80
0	5
3	0
0	0
0	27
0	10
0	0
11	24
0	25
1	4
0	18
6	27
3	24
0	19
0	38
7	1
0	1
0	14
0	14
0	7
0	34
67	33
0	2
0	3
0	2
0	6
2	1
0	53
0	0
0	3
13	5
0	0
0	0
0	60
6	9
2	10
2	10
0	9
0	1
2	1
0	0
0	0
0	0
0	21
0	21
0	21
0	4
13	3
3	0
0	0
0	12
1	14
2	9
2	9
11	2
1	1
0	2
12	34
0	22
0	34
0	6
14	10
23	6
0	5
0	5
0	0
0	0
2	0
0	0
0	1
0	1
0	40
0	5
4	39
0	3
0	0
0	34
0	34
0	4
0	4
0	0
0	54
0	25
0	12
0	1
0	0
4	54
0	0
4	1
0	0
237	0
96	0
6	92
3	87
4	9
0	9
0	14
2	0
0	342
0	342
0	2
0	1
0	2
0	2
28	18
0	18
0	2
72	2
2	10
0	27
24	35
0	27
0	0
0	9
0	5
0	10
0	2
0	7
0	8
0	4
95	209
0	195
0	96
0	9
0	2
0	0
11	56
2	26
2	0
0	43
0	0
22	32
0	6
6	3
0	0
7	8
0	8
0	0
0	1958
240	1912
0	1927
73	91
0	78
8	27
459	41
0	25
0	15
0	18
0	23
5	3
0	0
19	17
0	17
13	3
0	7
3	4
0	19
13	24
56	24
0	7
1	0
0	0
0	46
0	52
68	135
5	8
2	0
0	0
15	88
1	0
15	58
0	47
0	47
0	4
0	9
0	9
101	2
0	0
1	2
0	1
0	5
0	1
0	1
0	1
0	5
0	1
0	1
8	0
172	8
0	0
1	1
0	1
0	1
1	7
0	6
9	0
1	0
0	16
31	18
6	15
0	3
0	0
5	7
22	34
0	6
0	32
0	5
0	0
2	0
1	5
0	5
0	5
7	1
2	1
0	1
0	1
0	0
15	11
0	1
2	0
18	28
0	19
0	22
0	31
150	23
0	7
1	32
0	0
2	0
0	22
50	1
5	0
3	20
0	6
77	0
5	7
0	0
0	6
2	7
0	7
0	7
0	1
0	1
0	3
2	2
0	3
2	0
0	6
1	0
0	122
0	122
0	119
13	125
0	150
0	66
0	2
0	5
0	2
0	2
0	9
1	150
0	17
3	22
0	17
0	9
0	5
0	7
0	7
0	7
0	7
6	52
28	52
0	3
29	2
5	0
1	0
0	1
0	2
109	0
28	48
0	12
0	12
0	12
0	12
0	12
0	7
0	28
0	28
1	15
226	14
0	5
0	3
0	4
0	1
0	0
226	5
13	16
1	2
0	11
0	0
0	4
1	4
105	0
0	58
1	35
6	34
1	11
0	0
38	0
54	1
5	61
0	1
0	1
1	1
0	1
1	6
23	22
0	26
0	2
463	0
0	6
0	22
1	9
0	9
0	426
0	426
0	46
0	7
75	4
56	4
113	117
0	117
1	8
0	5
0	2
0	3
0	0
2	0
0	0
110	0
24	13
0	11
0	4
14	213
5	213
23	11
0	5
3	6
5	0
3	3
0	3
4	0
0	10
0	7
0	10
0	2
3	0
11	34
22	14
5	7
0	11
40	18
0	3
1	3
0	0
0	2
0	1
15	412
3	175
0	147
0	106
0	81
0	0
0	456
36	26
0	26
26	80
0	78
0	15
0	12
0	1
0	0
0	15
0	15
14	66
0	65
0	1
0	19
27	2
0	2
1	19
0	7
1	3
0	8
2	4
24	7
2	6
0	11
9	4
0	16
0	0
0	0
0	0
0	0
0	27
1	10
0	0
0	74
0	8
0	1
0	1
0	11
0	9
100	134
14	5
0	5
0	4
60	115
0	114
3	39
0	0
0	1
0	0
46	66
0	22
0	4
0	1
10	8
0	0
16	2
7	8
0	6
0	0
0	0
0	0
0	0
1	0
31	0
18	0
0	0
31	9
0	8
50	36
0	13
0	10
0	0
0	27
3	33
0	27
6	0
0	0
52	27
0	0
0	57
2	21
0	19
53	14
7	0
8	0
0	0
0	17
0	17
0	0
0	2
3	2
0	13
0	16
0	0
0	57
11	4
0	5
22	60
0	60
0	40
0	27
0	12
1	0
134	12
6	21
0	20
0	4
7	7
0	0
0	7
4	50
0	35
0	22
24	21
0	5
0	11
0	15
1	15
0	1
0	1
10	2
0	3
0	1
7	63
0	0
0	0
1	8
0	53
0	10
13	6
0	6
0	0
0	0
36	11
3	10
0	11
4	0
0	1
133	0
0	45
21	46
0	38
14	8
26	5
63	0
4	0
0	0
0	0
0	0
205	23
0	20
0	1
2	0
0	1
55	113
0	95
6	4
0	1
8	5
0	1
0	2
0	3
0	0
0	1
0	0
0	1
1	0
0	3
1	0
3	3
6	3
2	0
1	2
0	2
12	90
1	89
0	43
119	30
2	1
0	1
7	1
0	1
0	0
0	2
0	0
15	2
54	7
0	2
15	83
7	17
4	12
0	78
5	29
0	29
0	26
0	26
1	3
0	1
0	2
5	2
2	2
0	2
0	2
9	6
9	37
74	7
0	2
0	4
0	0
0	0
1	0
0	0
106	25
0	5
5	25
0	7
0	7
0	25
0	1
8	5
0	12
3	13
0	20
18	20
1	0
0	0
0	0
0	0
48	18
0	5
0	0
0	0
34	34
592	262
2	254
0	248
5	216
500	131
0	120
0	8
7	0
9	2
58	2
77	18
0	2
0	2
0	0
5	19
1	3
1	0
3	16
6	6
0	6
0	12
0	21
8	21
20	10
0	0
0	0
0	13
32	35
4	36
2	0
0	0
0	0
232	42
3	9
7	14
217	9
105	108
0	0
0	60
127	8
0	2
0	91
17	3
0	2
3	2
0	2
0	16
0	16
0	5
2	0
0	0
890	0
1	138
3	4
0	134
2	0
8	56
12	23
130	143
8	17
7	0
1	0
0	0
0	0
0	0
0	6
4	3
0	2
0	3
0	1
0	0
1	3
0	3
0	3
0	3
9	45
0	39
60	330
96	306
19	0
0	228
0	2
0	2
6	6
0	6
9	5
32	37
0	37
25	5
12	0
0	0
0	0
169	0
0	59
0	53
0	8
6	0
2	0
4	133
0	133
42	11
0	59
0	59
0	58
0	3
0	40
0	28
89	20
0	10
0	18
0	16
3	16
0	13
0	12
2	9
0	1
1	0
8	27
0	27
4	31
5	31
1	0
0	7
6	3
0	0
0	4
16	0
0	28
0	28
0	0
0	5
5	7
0	7
0	5
5	5
0	5
132	122
0	12
4	8
0	19
0	0
0	2
0	2
0	0
9	3
0	3
679	32
57	31
0	2
0	14
19	4
0	0
0	0
6	0
0	2
38	33
0	41
0	41
9	11
0	14
0	41
0	18
0	18
0	0
0	0
0	19
1	5
0	21
4	21
0	205
6	209
8	209
6	0
76	18
4	94
1	43
1	1
0	83
0	125
0	0
0	13
0	13
0	6
0	2
0	2
0	2
1	5
0	5
0	3
24	86
11	3
0	4
0	0
0	0
3	0
0	0
62	55
0	55
22	24
95	24
2	4
0	1
2	4
0	16
0	0
0	0
0	0
0	0
0	0
8	2
0	5
432	129
0	1
0	2
0	2
0	2
0	2
0	1
14	7
0	0
0	10
0	10
0	5
42	19
12	0
3	0
13	0
6	0
6	0
0	0
0	0
0	0
20	170
845	171
18	0
0	0
18	369
0	0
469	369
0	28
0	28
7	22
0	0
0	1
0	23
88	59
3	186
0	3
0	188
9	51
2	79
2	57
49	65
0	65
4	34
0	1
2	1
0	34
0	1
3	0
0	21
0	21
0	5
72	13
1	11
17	10
0	5
0	0
0	3
1	1
1	51
3	48
1131	12
0	13
6	17
0	163
17	4
0	0
1	5
0	210
5	13
0	3
0	13
2	2
0	10
1	7
3	0
9	7
0	3
1	3
14	16
0	13
0	13
0	13
0	3
6	7
0	7
3	2
0	0
0	0
6	362
0	359
0	359
0	359
11	1
0	2
86	354
50	32
0	9
0	27
0	0
0	1
0	1
158	65
2	0
35	65
312	86
0	11
2	0
0	11
0	5
6	9
0	5
3	5
2	0
0	0
0	5
434	32
1	27
0	32
0	5
19	0
0	11
22	27
0	0
21	68
0	6
1	0
0	0
1	48
0	33
0	7
0	20
0	22
0	2
0	5
27	5
0	11
0	11
5	0
0	85
0	45
38	0
0	25
0	17
0	19
1	3
0	2
7	18
20	21
7	8
0	2
0	4
0	4
0	3
2	10
1	3
0	0
7	1
5	2
1	0
50	0
0	10
5	212
1	28
1	31
1	26
0	0
0	0
10	13
2	15
5	208
252	65
0	49
2	2
1	2
0	115
2	115
1	116
0	126
0	8
0	8
0	9
0	0
0	10
0	10
0	2
2	2
0	0
0	14
0	14
73	29
0	29
0	25
121	110
0	42
0	99
0	33
0	9
0	46
0	47
0	41
0	47
0	41
0	43
0	8
0	9
0	23
21	9
0	7
0	8
0	1
0	23
0	8
0	55
33	55
3	55
1	5
0	2
0	0
1	3
0	1
0	2
0	0
0	3
147	1
20	4
0	2
0	3
0	2
3	47
9	43
0	45
0	45
0	34
5	0
3	0
18	2
26	70
67	200
35	118
0	168
0	16
0	19
28	91
0	10
7	2
15	0
0	4
15	21
0	85
2	8
0	7
4	6
0	0
4	1
0	0
1	2
332	9
0	0
0	0
0	4
4	4
0	35
0	20
0	25
0	22
59	24
0	5
0	8
0	1
0	8
0	7
0	107
3	107
0	73
0	0
0	0
11	0
0	0
0	0
240	70
0	16
0	5
0	19
0	19
16	19
0	9
0	4
0	4
0	0
0	0
0	0
0	0
1	0
10	0
0	0
0	0
0	0
3	0
1	0
0	0
0	0
5	23
0	15
0	0
0	13
0	1
0	1
2	3
45	48
0	22
1	12
219	46
0	1
0	1
875	0
57	0
54	30
0	26
42	67
0	49
0	7
0	11
0	4
4	0
20	42
0	38
0	0
11	24
0	1
0	3
0	2
0	0
0	1
0	13
0	1
0	2
0	2
0	0
0	0
0	0
0	0
0	0
0	1
0	14
27	16
8	16
22	12
2	2
0	2
9	0
0	65
0	29
0	78
0	80
5	4
7	0
0	35
5	0
0	28
0	10
0	6
3	28
1	22
0	5
0	23
0	5
0	5
0	12
0	6
0	4
0	1
0	1
0	54
0	71
0	171
0	45
0	242
0	73
0	173
9	12
0	2
0	3
7	3
0	261
0	261
0	209
0	232
0	2
5	4
3	0
12	4
6	1
0	2
45	2
23	2
0	1
0	2
2	0
17	29
1	16
11	0
0	13
7	61
0	65
9	0
122	35
0	5
0	42
0	5
0	5
10	40
8	40
0	40
318	630
0	561
1	110
3	28
1	81
72	0
17	24
1	15
35	24
3	1
0	1
0	17
1	18
0	0
0	2
0	2
0	2
38	11
5	11
0	8
0	0
0	0
0	4
0	1
0	7
0	7
0	7
2	5
0	5
0	5
0	1
39	28
1	5
0	0
0	0
0	0
0	0
0	28
8	60
0	34
0	12
0	13
0	32
0	2
6	0
0	12
0	3
45	82
0	2
0	0
0	0
7	80
0	10
0	20
0	1
0	0
0	1
0	0
24	3
7	20
147	101
34	1
3	0
1	0
2	100
13	4
4	16
0	16
0	7
0	1
1	0
3	0
7	22
0	21
0	0
0	0
0	1
0	8
3	3
0	22
0	2
0	2
1	3
1	2
0	1
0	1
0	1
0	1
9	20
44	48
0	36
1	1
1	0
7	71
1	67
0	78
0	78
0	78
0	66
14	0
31	253
46	268
0	202
4	15
0	568
0	38
0	6
1	564
26	65
1260	642
0	56
1	0
0	0
0	0
1	83
0	79
0	81
1	12
0	42
169	219
0	199
0	154
0	16
0	8
9	1
20	0
1	1
0	1
0	1402
552	1765
0	946
0	1048
0	23
34	86
0	21
866	164
26	0
14	0
17	152
0	30
0	30
54	63
0	63
5	46
6	48
0	8
16	0
0	0
0	14
0	2
0	8
19	0
0	41
0	41
6	35
119	41
6	0
10	209
0	3
0	3
0	3
0	1
2	69
3	1
2	205
0	19
2	6
1	0
0	2
0	2
0	3
0	3
0	42
0	4
0	4
0	45
13	2
7	44
0	0
9	0
219	19
2	19
0	0
3	37
0	37
0	0
0	3
0	18
0	18
1	15
0	15
0	15
0	15
0	15
0	15
0	2
18	0
0	0
0	0
0	20
96	20
0	0
38	0
10	1
94	3
0	0
0	0
0	0
0	0
0	16
0	3
0	3
26	3
0	0
3	0
7	32
9	60
0	33
0	50
0	29
0	7
0	1
5	0
0	0
0	0
0	0
32	8
192	8
1	7
14	7
0	3
12	1
0	0
0	1
0	1
0	1
0	0
41	0
4	0
0	0
0	0
99	272
0	3
8	3
0	1
0	1
0	0
0	0
0	1
0	1
0	0
0	0
0	1
0	1
74	55
3	53
2	54
20	3
152	0
7	10
0	10
0	4
0	3
3	2
0	0
0	0
0	1
0	1
5	5
0	5
0	0
3	0
5	10
2	0
0	0
252	128
2	128
0	39
0	35
0	16
0	20
0	20
0	5
0	8
0	13
0	2
3	1
0	4
2	9
3	2
6	4
0	6
2	6
0	1
3	1
0	1
0	3
0	1
0	19
0	19
3	23
0	1
125	37
0	37
0	22
85	6
16	127
0	123
0	93
0	41
0	16
0	2
0	2
4	9
0	0
14	0
2	0
3	5
0	5
0	0
6	0
0	0
3	0
0	0
0	0
9	0
0	0
0	65
7	0
0	1
0	4
83	65
1	28
0	2
0	28
0	29
0	27
19	31
0	2
2	3
0	0
52	4
15	4
0	63
3	50
0	63
1	0
0	0
10	13
0	13
1	42
198	3
28	14
152	20
0	2
0	0
0	0
0	0
11	3
0	2
0	16
0	16
0	16
0	4
11	271
0	290
0	217
0	136
8	49
192	4
0	0
0	0
0	15
0	7
9	8
0	8
0	8
5	1
0	1
115	54
0	43
9	55
0	54
4	11
0	5
103	9
0	8
7	11
0	11
0	2
2	2
0	3
0	0
0	15
1	15
0	0
4	82
3	82
1	3
0	30
1	30
0	0
5	263
0	271
22	210
3	147
2	21
4	1
8	18
0	0
0	1
0	1
0	13
0	13
0	1
33	5
0	1
0	0
8	0
4	0
1	0
1	0
0	0
2	0
119	34
0	0
0	0
0	41
0	86
0	17
0	110
4	0
0	7
0	7
0	1
1	0
0	0
10	2
0	3
0	267
10	20
29	0
26	21
0	267
0	0
0	9
0	9
0	0
0	0
3	15
0	6
20	3
0	6
0	6
0	3
5	4
0	3
1200	104
29	134
0	56
0	55
0	6
0	0
9	70
2	12
0	63
0	2
0	2
1	38
0	260
0	275
12	282
0	275
0	1
0	13
1	0
2	5
0	27
0	0
81	12
0	32
0	19
20	221
11	192
0	182
0	42
51	48
0	14
0	1
0	3
3	0
0	207
2	4
0	4
0	3
0	0
0	0
0	0
4	0
0	3
23	3
0	2
0	1
0	2
0	53
67	209
0	53
1	185
17	0
161	53
0	53
0	46
37	45
0	11
5	0
0	0
3	0
0	0
0	28
0	2
0	2
0	0
3	0
0	0
13	0
4	4
3	268
4	192
2	103
0	41
0	41
0	0
0	0
1	268
0	40
0	0
0	10
23	42
0	18
0	40
0	31
0	4
2	0
0	4
16	33
0	4
0	4
0	4
113	68
366	49
1	36
0	41
0	8
0	1
0	1
0	11
0	15
30	11
0	10
1	6
0	2
0	2
3	0
0	0
0	0
0	2
19	26
134	26
19	19
0	6
0	6
0	2
4	6
0	6
374	0
0	1
0	3
2	2
0	0
7	14
0	4
0	13
3	0
0	18
0	22
58	49
3	52
185	6
0	3
0	6
0	6
1	0
12	12
0	0
0	6
0	2
183	100
5	100
11	34
16	23
0	0
29	2
0	0
7	0
0	0
73	22
2	4
5	21
0	4
39	0
0	0
1	0
47	46
0	46
0	46
0	0
3	0
3	1
0	1
0	31
0	32
0	24
0	32
0	7
0	0
0	0
0	0
0	0
1	1
0	1
0	1
49	0
0	0
0	0
1	0
0	4
0	0
0	4
110	0
2	37
0	26
0	35
0	41
27	6
0	0
0	0
0	0
0	0
0	110
0	0
12	54
201	102
0	4
0	4
0	4
0	3
0	3
1	18
64	18
3	0
46	9
0	16
0	16
0	14
0	17
64	12
0	6
0	5
0	6
65	0
6	0
1	139
17	134
95	25
10	35
0	18
0	18
0	18
7	35
0	5
0	5
3	0
3	2
0	2
1	0
138	0
25	1014
0	405
0	3
0	20
94	1011
8	1
50	31
0	20
14	19
0	18
1	20
0	0
0	1
0	0
0	1
10	20
0	0
3	14
0	14
0	4
20	5
0	16
0	16
0	6
0	14
0	11
0	11
0	11
22	0
0	0
0	9
4	9
0	0
2	43
0	0
0	3
2	3
0	6
0	0
0	0
0	0
6	0
0	1
4	8
0	8
0	3
14	7
0	5
41	16
0	0
0	1
1	14
0	1
5	3
3	3
28	79
14	73
0	75
0	24
0	17
0	0
109	0
0	3
0	3
97	73
40	3
0	3
0	1
0	1
0	50
1	1
0	26
8	55
24	1
6	67
5	10
0	10
53	0
8	0
1	0
4	0
242	146
12	49
0	140
0	1
73	8
0	6
25	12
3	12
5	5
0	123
0	123
0	122
0	40
6	156
0	156
0	0
0	76
2	33
0	11
0	33
0	0
15	0
0	0
2	5
0	0
3	5
3	68
125	58
319	0
60	14
0	14
0	14
2	2
0	0
0	0
2	0
0	2
1	2
78	30
0	0
35	61
0	3
2	26
0	8
469	195
0	33
0	0
2	3
1	1
0	2
9	167
0	19
0	195
0	4
0	4
35	0
2	0
0	0
0	11
0	11
305	64
1	64
19	2
0	2
0	2
0	4
0	8
1	8
0	7
0	0
5	1
1	4
83	11
39	10
15	5
61	0
0	0
0	9
0	9
0	9
0	1
34	100
0	0
0	0
11	84
0	100
18	43
0	34
0	25
3	16
0	10
0	16
0	16
0	2
0	11
0	2
0	11
0	11
0	1
0	4
2	0
0	0
0	0
0	41
40	27
0	5
4	0
31	0
0	16
5	16
0	20
0	20
0	7
5	0
0	11
0	0
0	0
1	0
0	0
2	1
10	1
0	0
0	14
3	18
0	0
2	7
0	27
1	2
0	2
2	2
0	0
0	0
0	0
4	0
7	26
0	2
13	0
0	0
5	4
98	28
0	7
0	7
2	30
52	12
0	12
0	7
66	26
0	3
9	9
0	0
0	9
18	1
0	1
2	0
0	0
0	0
0	1
0	1
0	4
18	6
4	16
27	4
0	1
0	3
0	1
0	1
3	0
0	0
0	0
0	30
2	24
1	2
2	2
9	15
0	18
0	103
0	16
1	0
0	87
1	11
0	16
0	8
0	8
11	113
0	33
0	31
0	2
0	4
16	200
29	200
83	0
0	7
0	1
3	2
0	1
0	1
40	14
95	14
0	2
0	2
0	2
0	0
2	0
0	4
2	4
0	5
0	1
7	4
4	4
0	14
238	0
108	33
0	1
3	25
0	9
3	1
3	0
2	0
0	3
0	4
0	1
0	1
0	17
1	15
0	15
0	17
0	17
0	17
0	17
25	50
0	0
0	2
0	35
3	4
0	17
2	1
2	0
0	0
0	1
0	0
0	1
14	24
0	24
25	17
0	6
0	2
1	0
0	0
6	0
0	0
0	24
0	0
0	0
0	0
0	1
0	1
0	0
0	0
1	0
1	0
26	36
2	7
0	0
0	0
0	0
0	29
0	0
0	0
0	0
1	18
0	0
0	0
0	0
3	18
0	0
0	0
0	0
0	0
0	0
0	0
0	0
0	0
0	55
16	47
10	33
237	377
23	377
17	327
0	0
2	0
0	0
0	0
50	4
0	4
0	291
87	0
0	112
203	112
1	14
0	0
8	29
2	29
0	10
0	10
4	0
1	0
0	4
0	4
6	4
0	1
0	25
14	25
30	0
97	722
3	709
0	706
0	683
0	40
0	31
3	36
0	0
0	16
1	5
0	4
0	0
6	1
0	2
21	1
0	1
0	0
2	4
10	18
0	6
5	41
0	0
0	784
3	17
0	784
0	5
0	24
44	8
0	1
0	0
27	35
106	56
0	5
0	9
0	0
7	4
245	0
143	3
1	0
1	1
1	0
0	0
23	1
0	1
4	1
0	1
0	1
0	0
0	0
0	0
0	0
0	34
19	34
0	0
1	2
0	0
18	25
0	25
0	0
0	0
384	24
0	9
0	9
0	10
0	10
0	4
0	8
0	8
0	8
0	2
106	0
25	7
0	7
0	6
7	0
0	9
1	9
21	1
0	6
3	6
0	1
0	0
5	0
412	6
19	5
6	3
0	11
0	11
0	11
0	11
0	8
5	20
0	4
9	20
0	4
648	67
0	23
0	67
0	1
32	0
5	13
0	13
0	13
0	5
0	3
0	3
0	0
3	91
22	91
0	0
0	0
0	0
0	0
0	0
0	48
0	51
0	48
15	48
0	2
0	1
0	2
0	40
0	0
0	0
0	0
12	0
359	0
534	0
16	0
1	2
98	31
0	1
0	31
4	8
0	7
0	3
0	28
0	2
2	26
0	7
0	2
0	2
1	0
9	0
0	0
0	0
17	4
0	4
0	2
0	11
0	11
0	0
1	8
0	0
2	1
1	1
2	1
0	1
6	21
0	23
205	19
6	25
0	46
0	15
0	3
0	2
0	43
3	0
0	0
0	1
5	6
0	6
0	3
0	0
6	3
0	35
2	5
0	13
0	0
0	3
0	47
0	47
0	1
0	1
0	11
2	11
0	1
61	740
0	665
2	75
97	80
0	743
0	742
1069	876
0	629
0	6
0	4
180	2
0	460
0	665
0	467
9	781
150	0
6	8
0	8
0	8
0	6
0	0
0	2
1	2
0	0
30	357
229	359
0	7
8	376
0	284
0	2
14	27
9	23
0	1
1	1
0	5
35	5
0	2
0	2
14	31
0	2
40	32
0	32
1	2
2	2
12	2
0	17
0	23
0	1
0	0
0	0
0	0
29	2
35	33
9	33
0	15
0	12
0	12
0	12
0	12
1	0
0	0
0	21
0	21
1	1
16	7
10	7
6	4
72	127
1	127
0	4
0	2
0	6
0	0
2	34
173	15
0	11
0	0
0	30
55	30
74	205
41	205
0	0
0	0
2	1
0	1
0	5
2	4
0	5
0	0
0	0
0	0
0	4
1	1
0	0
0	0
0	1
0	1
0	0
0	1
10	13
0	13
16	3
0	1
12	22
22	3
0	0
0	0
0	11
0	0
9	12
0	9
6	5
17	69
0	1
0	3
0	3
0	0
0	65
0	0
4	6
0	6
0	1
0	1
0	0
0	0
0	13
0	13
0	13
0	0
0	29
0	38
3	2
0	1
0	1
14	0
0	0
0	0
5	0
0	0
127	118
0	5
0	51
0	64
0	0
0	0
52	44
6	1
4	41
45	9
0	5
343	0
0	0
2	0
0	0
33	0
0	2
2	4
0	4
0	5
0	5
0	0
0	5
0	0
1	1
0	1
3	0
0	0
0	0
0	1
2	1
0	1
1	1
56	20
8	1
1	16
0	1
0	1
0	1
0	3
28	9
4	9
0	0
0	0
4	0
3	0
14	62
0	48
0	0
0	0
0	0
14	2
0	0
8	48
0	32
0	16
0	15
0	0
0	0
49	9
0	7
0	0
0	2
0	0
2	0
1	3
0	8
0	7
0	0
0	0
0	0
0	0
0	0
0	7
0	8
1	38
0	40
0	0
0	0
15	21
0	21
1	8
8	5
0	5
325	0
37	27
0	27
0	0
3	0
0	0
0	7
0	7
0	4
0	7
0	3
2	3
3	5
16	0
0	0
0	0
0	0
6	0
0	0
0	0
0	4
0	6
0	6
3	2
0	1
10	0
0	25
0	25
0	20
0	19
0	19
0	26
0	25
0	20
0	19
0	19
0	10
0	127
0	130
2	4
1	1
1	0
0	0
2	10
0	25
0	1
97	236
10	175
0	8
0	4
0	1
0	18
0	8
0	18
11	38
0	13
1	5
5	11
1	4
20	1
0	0
7	4
3	35
3	0
1	0
0	5
0	4
0	5
8	11
1	12
7	12
0	10
0	7
0	7
0	8
0	2
0	1
2	72
0	35
0	20
0	13
0	2
0	0
0	228
1	231
0	85
0	73
0	54
0	8
0	17
0	228
11	0
1	6
12	12
12	10
0	32
1	9
8	22
18	0
16	0
0	0
8	141
2	138
5	83
1	137
0	143
3	88
0	118
0	2
0	0
11	12
39	0
1	0
0	0
18	26
0	0
0	17
1	1
0	1
1	0
0	136
54	160
0	94
0	142
178	37
0	154
0	70
11	10
0	5
0	4
13	3
0	1
66	0
0	9
2	1
0	13
0	14
0	5
0	2
0	0
92	2
0	2
1	0
3	3
1	3
0	19
0	3
0	0
0	0
0	2
0	19
4	23
0	22
100	28
0	2
0	1
0	2
0	2
1	0
0	30
0	20
0	11
4	30
0	10
41	9
1	9
0	3
6	4
0	0
40	9
0	0
0	5
0	10
5	11
0	11
1	0
0	9
0	8
0	9
0	8
0	8
0	10
49	10
0	8
0	8
11	6
0	1
0	9
0	5
0	7
2	6
0	5
0	8
0	1
0	1
4	0
0	2
0	2
0	1
3	5
0	4
17	400
0	60
15	394
210	265
5	129
6	69
0	60
0	62
6	4
0	2
18	3
7	3
20	4
0	0
0	13
0	120
0	4
0	125
2	33
0	0
149	0
9	0
2	2
0	87
0	8
0	159
0	6
0	144
0	76
0	49
0	24
0	21
20	9
6	17
0	1
55	0
0	1
4	192
0	113
389	63
3	46
0	46
0	38
0	12
0	12
0	9
6	20
1	0
5	8
0	8
0	5
0	4
0	0
8	0
0	4
0	0
10	14
0	11
163	10
0	5
0	5
0	0
1	3
0	3
214	0
2	0
9	0
0	0
0	0
0	0
0	0
1	7
0	0
0	10
0	3
0	10
0	0
0	0
101	0
0	89
0	90
14	9
0	4
0	9
0	6
0	9
0	6
0	0
10	11
107	9
0	12
0	6
0	0
31	67
0	0
2	2
3	21
3	7
14	1
3	0
4	186
0	187
6	187
4	125
0	14
0	0
8	6
10	1
0	3
25	3
6	1
10	15
0	3
0	1
0	23
0	23
0	20
0	16
0	1
0	0
0	0
0	0
5	0
0	0
4	0
53	48
0	48
1	4
0	5
4	0
28	2
2	0
7	5
0	5
0	15
0	26
0	9
0	9
0	4
0	0
0	0
0	0
0	0
1	1
0	1
7	0
13	33
50	33
5	0
40	6
0	6
97	2
3	0
27	39
0	9
0	39
0	9
3	0
0	0
3	0
1	96
0	10
7	1
0	23
0	22
40	20
122	7
0	87
7	0
19	8
0	6
68	10
0	9
32	1
0	0
0	3
7	3
0	0
9	33
3	51
0	48
18	30
0	48
0	36
34	33
0	0
0	1
4	32
6	6
0	26
0	3
0	6
0	41
7	41
0	36
0	0
3	20
0	0
14	0
1	10
0	208
3	208
5	139
209	403
17	533
16	1
7	2
0	45
2	2
4	0
0	0
2	0
0	2
1	2
1	0
0	2
36	1
13	11
12	10
0	8
7	19
11	19
0	22
0	22
8	0
0	0
2	0
0	3
0	0
0	0
0	0
0	3
0	5
0	3
0	6
0	4
0	2
9	7
0	7
0	1
3	0
0	3
0	0
0	2
0	0
0	0
0	0
0	0
0	0
0	2
0	0
0	0
19	77
0	2
0	0
0	1
23	8
0	0
0	5
1	0
0	9
24	3
4	14
6	14
6	0
113	21
38	21
0	0
0	0
1	0
0	0
2	6
2	84
0	34
25	27
1	28
0	10
0	25
0	5
7	9
0	79
0	6
0	0
0	2
0	3
1	19
0	131
4	0
0	5
0	0
0	17
24	9
224	0
0	53
0	62
0	47
4	39
207	31
4	31
3	17
5	0
0	0
3	0
4	0
4	1
0	0
1	6
0	7
0	3
0	6
0	7
4	14
0	14
0	2
8	26
0	2
0	3
0	0
0	1
0	1
0	0
0	1
22	46
39	91
5	15
0	13
3	2
1	13
28	2
0	0
0	2
14	15
52	12
9	3
1	0
9	0
5	0
11	0
4	2
0	9
0	0
0	0
0	11
7	0
5	4
2	4
4	13
0	7
0	8
74	37
0	36
1	1
0	0
28	73
0	67
99	35
2	35
2	0
5	131
52	6
4	110
43	131
1	7
48	4
0	1
0	1
0	0
2	3
0	4
0	4
12	6
8	19
338	19
0	83
0	82
72	78
1	1
0	0
4	6
0	3
0	3
0	3
143	91
0	86
0	6
0	3
0	2
0	0
0	4
0	0
0	0
0	5
27	49
7	34
0	0
1	27
0	15
1	25
0	25
0	4
0	4
0	4
0	3
31	34
0	33
18	26
0	8
0	6
0	7
0	2
158	38
7	1
4	0
0	37
25	36
0	29
0	0
1	1
4	6
1	3
0	3
0	3
0	6
0	6
0	2
1	0
0	0
1	2
0	97
4	97
0	19
100	4
8	3
0	7
0	3
0	3
7	3
0	154
0	153
0	138
0	123
0	15
0	12
0	0
1	141
0	41
0	6
0	78
0	80
1	69
1	69
0	31
5	0
0	1
7	11
1	11
0	1
0	0
10	2
4	2
1	0
0	2
124	86
0	86
1	11
2	11
6	0
3	2
18	2
95	29
9	0
19	365
0	225
0	240
129	150
0	3
10	11
0	60
0	364
0	203
4	55
0	75
0	203
0	21
3	1
0	1
0	0
0	1
0	0
0	0
0	0
0	0
0	0
0	19
8	0
3	0
0	16
0	11
209	9
2	0
4	63
930	63
18	25
94	25
0	3
0	9
0	2
0	6
0	0
0	5
0	6
0	0
0	7
1	7
1	1
0	0
0	0
0	0
5	1
0	0
0	1
1	1
0	0
0	0
0	0
0	0
0	0
0	61
61	61
2	0
0	0
54	11
65	11
27	10
17	7
74	116
2	1
0	3
1	3
0	1
38	0
0	0
0	0
73	0
39	0
0	0
0	18
0	43
0	0
0	44
0	3
0	3
0	0
0	3
0	54
2	3
0	0
0	3
0	0
0	54
5	37
2	0
0	37
31	5
0	5
0	0
0	0
0	132
0	78
13	0
0	0
0	0
0	132
29	1
0	1
0	1
3	14
0	6
0	8
2	0
1	0
16	0
1	0
20	24
2	35
0	0
1	7
4	7
0	29
0	76
0	2
0	76
1	2
0	18
3	0
0	24
0	9
4	15
0	2
0	0
214	0
12	70
0	37
1	11
0	11
0	20
0	0
0	0
0	0
0	21
0	15
0	8
3	12
0	12
6	7
0	7
0	0
0	0
111	86
0	81
69	74
10	32
7	5
3	1
1	3
0	3
0	2
1	3
0	19
0	87
0	13
0	13
0	13
0	24
43	11
0	0
1	68
29	1
4	11
52	65
13	4
0	29
5	33
0	30
0	2
0	0
1	0
0	0
0	2
0	2
2	4
0	4
33	132
8	135
156	88
0	22
0	8
0	19
0	14
4	4
0	0
0	0
0	1
52	12
5	5
11	22
4	0
0	7
113	7
0	19
147	202
27	204
0	203
0	62
0	9
8	6
6	1
0	0
488	0
75	302
249	308
0	16
0	1
7	0
0	81
0	81
14	72
1	0
0	6
0	6
1	0
0	0
0	0
0	0
0	0
0	0
0	0
1	0
0	1
0	1
1	4
0	1
0	0
0	1
0	1
0	3
26	4
0	4
0	0
0	0
1	0
5	55
0	60
0	54
4	6
0	5
6	488
207	408
0	157
0	8
0	5
0	0
1	488
1	33
0	33
6	24
8	1
0	1
0	4
0	4
0	2
0	110
0	6
0	5
0	0
1	0
0	0
0	0
5	33
2	0
0	3
1	3
0	57
10	30
22	55
2	30
4	6
0	1
15	8
0	57
0	57
73	0
7	2
3	0
0	2
1	20
0	20
0	3
0	0
17	26
0	43
0	4
0	48
0	34
0	7
0	1
6	13
4	16
0	0
0	3
0	2
0	1
0	2
0	2
0	92
0	5
0	1
0	92
0	8
0	1
0	1
0	5
0	1
0	13
0	13
0	0
0	2
0	2
0	30
0	0
0	0
0	11
0	28
0	0
0	0
0	0
0	0
0	9
0	24
0	11
0	1
0	3
0	17
0	10
0	0
0	1
0	1
0	0
0	9
0	0
0	0
0	3
0	26
0	8
0	0
1	0
0	0
0	8
0	0
0	12
3	29
0	14
1	246
0	242
0	0
0	1
4	0
10	6
0	6
136	0
3	21
1	0
325	176
30	0
0	99
0	99
0	9
0	2
0	0
1	3
0	1
0	1
0	1
0	1
0	6
0	0
0	0
0	2
0	62
0	61
1	2
0	6
0	0
2	0
0	3
0	1
0	0
0	26
8	0
0	10
0	2
0	22
0	0
1	0
0	0
33	21
0	4
0	1
0	1
4	11
0	7
0	49
0	31
0	0
1	0
0	0
1	0
0	0
0	1
3	1
1	0
0	0
0	1
0	0
1	0
3	80
0	1
0	0
2	2
0	0
0	0
0	0
2	0
1	0
0	0
0	0
2	0
0	0
1	0
1	0
1	0
1	0
0	0
0	0
0	0
0	0
0	38
0	0
4	0
7	0
46	0
16	0
1	0
31	0
1	0
0	0
3	0
0	0
0	0
8	0
1	0
0	0
6	0
1	0
16	1
0	0
1	0
0	0
0	0
1	0
0	128
5	1
0	0
0	0
0	0
0	0
3	0
0	0
1	0
3	0
0	0
0	0
0	0
0	0
9	24
0	2
0	0
2	1
1	0
0	0
0	2
0	0
0	0
4	1
6	0
0	0
1	0
1	0
0	0
36	50
1	1
0	1
2	1
40	26
6	0
0	0
0	0
3	1
0	1
0	0
69	4
0	0
0	0
30	79
0	0
2	0
0	0
0	0
0	0
1	3
8	42
1	0
0	0
1	0
0	0
0	0
0	0
0	0
3	0
0	0
2	0
0	0
1	0
28	0
0	0
8	0
1	0
0	2
2	0
1	0
0	30
5	9
28	0
8	0
0	0
3	20
0	0
2	3
0	0
0	0
6	0
0	0
0	0
0	0
3	0
0	0
0	0
1	0
2	0
0	0
0	0
0	0
1	0
0	0
0	0
2	0
1	0
0	0
0	0
0	0
4	0
0	0
0	0
0	0
0	0
0	0
0	0
0	0
0	0
0	1
0	0
5	0
0	0
4	0
0	0
2	0
0	0
0	0
1	0
0	0
0	0
0	0
0	1
0	0
0	0
1	0
2	2
0	0
0	0
1	0
0	0
1	0
0	0
0	0
0	0
0	0
0	0
0	0
0	0
0	0
1	0
0	0
0	0
0	0
9	2
0	2
0	7
0	7
0	7
0	8
0	6
165	0
0	0
0	7
0	7
3	19
0	19
0	16
12	0
10	17
4	31
0	12
0	11
0	12
52	0
1	4
20	8
0	0
2	3
0	3
14	0
0	0
12	3
0	3
141	15
3	15
0	6
0	6
6	0
0	0
0	0
0	0
0	0
0	0
0	0
0	0
0	0
0	0
0	0
1	47
5	4
0	4
0	0
21	1
4	0
0	0
0	0
0	0
2	2
1	2
16	0
75	7
0	1
44	336
0	20
105	70
10	35
60	2
1	0
194	0
0	2
0	0
2	141
0	13
4	12
48	81
0	0
5	0
0	6
0	0
0	29
7	0
0	5
0	2
56	42
248	660
0	5
6	4
500	0
0	32
279	78
152	0
0	0
278	29
0	0
0	21
22	0
78	20
1	22
1	0
4	0
3	0
23	0
1	2
1	0
4	0
0	0
0	0
0	4
1	11
0	0
0	0
59	1
29	33
0	2
34	2
8	0
0	0
3	0
0	0
62	0
0	21
0	3
7	14
203	0
0	31
91	680
83	42
0	0
191	281
28	31
0	0
0	0
14	4
0	24
0	2
0	1
0	0
0	29
3	16
0	0
0	0
0	0
31	320
7	14
5	1
0	0
1	4
1	1
0	0
1	29
8	31
0	0
0	8
7	33
0	45
0	3
0	1
0	3
0	81
23	11
7	0
2	5
141	43
17	0
2	2
1	3
0	0
8	5
1	0
12	0
0	0
33	2
45	341
122	788
1	11
0	3
1	0
17	196
1	16
55	14
7	0
6	1
7	35
0	0
1	8
7	32
0	45
0	0
11	28
84	36
1	9
0	0
3	0
0	0
0	3
1	3
130	94
0	6
0	3
0	1
1	0
0	9
0	9
0	9
20	3
0	1
0	1
0	1
4	7
0	6
0	0
0	0
0	0
0	0
0	0
0	0
6	0
130	45
71	102
0	1
0	100
0	92
1	1
33	10
0	10
27	0
0	0
0	45
5	1
40	14
0	5
169	1
4	0
0	11
0	11
13	1
0	1
0	0
0	0
0	1
0	1
4	54
0	2
0	0
0	0
16	31
0	1
0	1
0	0
0	1
4	0
0	4
0	4
0	4
0	1
0	1
0	1
0	6
0	7
0	0
0	0
0	0
0	25
0	74
3	22
0	23
0	13
0	9
0	1
0	1
0	6
3	19
1448	167
0	67
5	5
0	37
951	82
3	0
0	0
1	0
0	0
1	0
0	0
0	0
0	4
2	4
0	33
0	42
0	15
0	13
0	35
0	98
5	98
0	9
0	0
1	0
1	41
0	46
0	0
0	16
0	1
0	16
0	0
0	13
0	1
0	22
0	1
1	1
0	0
1	0
1	0
5	1
0	1
0	7
4	1
2	0
0	0
0	0
79	7
0	7
0	0
0	0
0	0
0	11
0	1
0	1
0	0
4	24
1	29
5	21
2	16
0	3
0	3
321	72
0	0
6	0
3	0
0	0
1	5
0	40
0	28
8	21
0	32
14	30
0	12
2	0
4	31
0	22
40	17
9	1
0	0
0	3
0	2
4	28
0	23
0	1
0	14
0	1
0	14
0	29
2	1
0	2
0	51
0	7
0	32
0	42
0	14
0	1
0	31
1	0
2	4
2	5
0	47
0	16
0	0
0	3
0	2
0	25
0	3
0	39
0	20
0	36
0	2
0	9
0	2
0	3
0	0
0	20
4	1
4	0
1	1
0	38
0	12
0	3
0	1
0	20
0	1
2	2
2	18
0	0
0	5
0	37
0	12
0	59
0	2
0	0
0	17
0	4
0	20
0	3
0	14
1	17
0	1
74	0
0	0
2	2
0	0
0	0
0	10
15	8
0	0
2	17
0	14
0	0
0	8
0	1
0	14
0	1
0	1
4	1
0	0
2	6
0	6
1	1
0	1
0	36
0	26
22	57
2	22
21	1
0	1
0	0
0	8
1	0
0	0
6	1
0	1
1	1
0	6
11	17
0	17
0	5
0	5
0	4
0	4
0	4
1	0
1	0
0	0
1	9
0	9
1	3
0	2
0	6
0	4
5	30
0	30
0	8
0	0
6	7
3	7
0	0
270	65
0	22
1	8
0	6
0	6
0	6
0	0
1	0
0	7
0	7
10	0
0	0
2	2
1	4
0	2
3	34
0	23
0	7
2	2
0	1
0	43
0	29
5	6
1	4
149	397
0	352
1	8
0	2
0	1
0	1
0	1
2	2
0	0
0	0
2	0
0	0
0	0
0	0
0	0
0	0
0	0
0	0
0	0
0	0
0	2
0	2
0	2
0	2
0	2
55	1
0	1
0	2
0	1
0	0
0	0
10	67
0	65
5	848
40	829
0	296
36	160
2	0
11	2
0	0
0	0
1	2
0	1
0	1
24	27
0	0
0	0
6	0
15	4
0	3
21	0
0	0
8	1
0	0
0	0
0	0
14	1
0	0
16	220
164	241
1	0
1	0
0	0
6	9
0	0
0	0
48	5
0	0
0	0
0	0
1	3
2	6
0	2
9	4
0	0
3	22
0	22
0	0
0	0
0	0
1	0
1	1
0	0
0	7
0	4
3	1
0	7
0	0
0	0
0	0
0	0
60	1
5	1
0	27
1	17
0	12
8	0
0	11
0	11
0	11
0	12
0	4
0	5
0	0
0	9
1	4
11	0
2	0
0	0
0	0
4	0
0	0
0	0
0	0
0	20
10	7
0	0
0	0
0	0
0	4
0	4
0	1
0	4
0	4
0	0
4	5
0	5
641	305
0	16
0	0
30	23
1	0
0	0
1	0
0	0
10	8
0	8
4	74
0	5
0	5
0	4
0	34
0	34
0	1
7	3
0	3
0	1
0	2
0	199
10	7
0	199
0	0
0	203
0	29
0	146
2	7
1	0
9	68
7	68
0	11
0	2
4	7
0	0
0	23
7	7
0	7
0	1
7	1
0	2
0	2
0	1
3	1
0	1
13	3
0	0
0	0
0	0
0	5
0	5
0	0
0	0
7	0
5	6
0	6
0	1
0	0
12	0
1	0
1	1
2	2
2	1
0	1
0	1
0	0
12	0
1	0
0	0
0	0
0	0
0	0
0	9
0	9
0	0
0	0
3	0
1	0
6	294
0	263
179	293
3	7
0	5
0	5
0	0
0	0
0	0
1	0
2	2
0	2
0	2
0	2
19	47
0	13
8	1
0	2
0	2
32	39
3	8
0	2
0	0
6	4
0	3
0	4
0	4
0	2
9	4
0	1
0	3
0	2
0	2
0	2
5	0
0	5
0	5
0	5
0	2
0	5
14	23
0	3
11	10
0	6
0	0
0	54
0	56
2	3
0	2
0	1
27	3
0	3
86	4
0	1
0	5
0	7
0	5
0	0
0	1
0	1
0	99
0	53
14	12
0	9
0	14
0	12
0	33
0	28
0	15
0	1
0	0
0	0
0	6
0	16
0	0
0	1
0	1
0	1
29	32
0	11
18	112
175	30
3	6
0	6
2	0
7	3
8	0
0	0
1	13
0	14
3	1
0	1
0	83
0	45
9	15
0	9
6	1
26	1
0	1
0	1
0	1
0	0
0	0
0	0
0	0
0	1
384	11
0	15
0	0
2	0
34	3
0	3
0	0
0	54
0	10
2	10
39	11
0	8
210	255
10	191
0	1
0	1
0	0
5	3
0	1
0	4
3	6
0	2
1	2
0	2
3	6
0	15
0	0
0	0
1	0
4	0
1	4
1	4
0	9
5	28
0	2
8	8
6	8
2	0
4	0
0	14
1	1
9	6
0	6
18	48
9	53
7	48
0	0
0	0
0	0
10	397
0	2
0	0
0	273
1	1
0	396
15	303
2	1
0	14
1	9
251	54
0	19
0	19
0	3
0	10
0	44
0	1
0	4
0	0
0	0
0	44
0	42
0	87
4	45
0	151
204	151
0	23
0	87
0	1
1	1
0	10
5	16
0	2
0	13
0	11
0	3
0	16
0	27
9	24
0	40
0	6
4	20
30	48
0	23
0	15
3	19
0	13
0	7
1	23
3	7
0	6
12	0
0	0
1	0
0	0
0	0
4	53
0	10
0	0
0	0
0	0
0	0
0	0
0	0
0	0
0	0
0	0
3	0
0	1
29	16
4	0
1	0
1	0
1	0
1	0
0	1
1	0
0	0
0	3
3	0
0	0
2	0
1	0
0	0
0	0
5	5
0	0
0	0
0	0
5	0
0	0
3	0
0	0
2	0
0	3
2	1
3	0
1	0
0	0
3	0
0	0
12	0
2	1
0	0
0	0
1	1
0	0
2	0
0	0
5	4
2	0
0	0
1	5
0	0
0	0
10	0
0	2
1	0
1	0
15	0
1	0
5	0
3	0
7	0
0	0
0	0
1	1
5	0
0	0
0	1
6	0
2	0
0	0
1	1
1	5
2	4
5	3
1	0
1	1
0	9
0	0
0	3
1	0
0	18
0	2
2	0
2	0
0	4
1	0
4	0
0	3
1	0
4	0
3	6
2	0
0	0
0	0
3	0
0	1
0	0
0	0
3	0
9	0
5	0
0	26
3	0
2	0
0	0
2	0
0	0
0	12
0	0
78	55
7	3
3	0
0	0
7	2
5	0
1	0
0	0
4	0
0	0
1	0
0	0
2	0
5	0
0	0
1	0
2	5
2	0
0	0
2	0
0	0
1	0
0	0
0	0
0	0
5	16
2	0
1	0
0	13
0	0
0	0
0	0
1	0
0	0
1	0
0	0
0	1
16	7
0	0
0	0
0	15
1	0
0	0
0	0
2	0
5	0
5	2
0	0
2	0
2	0
0	11
2	1
0	0
1	0
0	0
2	0
0	0
5	0
2	0
4	1
0	0
0	2
0	2
3	0
2	0
0	4
0	0
0	0
0	0
1	0
0	1
2	0
0	0
1	4
0	0
0	0
0	3
3	1
0	0
2	0
1	0
0	0
0	0
0	0
7	0
1	0
0	0
6	0
9	0
1	0
0	0
0	0
6	10
1	0
10	0
0	1
1	0
0	12
0	0
1	0
7	0
0	0
0	1
6	0
1	0
0	2
0	1
4	0
0	2
0	0
0	0
0	0
0	0
2	0
3	3
0	0
1	0
0	0
0	0
3	0
2	1
2	0
2	0
9	1
2	5
0	0
0	0
6	2
0	0
1	0
0	21
10	0
1	3
0	0
0	0
5	0
0	0
2	0
1	0
1	3
5	1
2	0
0	0
0	3
0	0
1	0
0	0
0	0
2	0
3	0
1	0
0	0
0	36
5	0
0	0
10	20
2	0
5	1
0	0
0	0
0	0
0	0
0	0
0	19
0	0
0	0
2	1
1	2
2	0
1	0
1	0
0	0
0	0
0	0
0	0
1	0
0	0
0	7
1	0
1	0
0	1
1	60
0	0
1	0
0	2
2	7
8	18
0	0
3	1
1	0
6	0
2	0
3	0
0	1
0	0
1	2
1	0
0	28
3	2
0	1
2	0
2	0
62	4
0	0
10	0
5	0
0	0
9	0
0	0
0	0
4	0
3	0
0	0
1	0
0	2
1	0
0	2
0	0
0	0
1	0
0	0
1	0
0	0
1	0
0	0
0	12
0	0
0	0
0	0
3	0
79	11
2	0
0	0
0	0
0	0
0	13
0	0
2	0
6	0
0	0
0	0
0	0
1	0
7	0
4	3
0	0
4	1
4	2
1	2
0	0
0	0
1	0
2	0
0	0
0	0
0	0
0	0
0	8
0	0
7	0
0	0
1	13
0	1
0	0
0	0
2	0
1	1
0	0
0	0
1	0
4	0
0	0
3	0
1	0
1	0
1	0
0	9
1	0
0	1
2	0
2	0
0	0
6	3
2	0
0	7
5	0
0	0
1	10
0	8
2	0
0	0
0	0
0	23
0	0
1	1
5	0
0	0
0	6
0	0
0	0
3	0
4	0
2	0
8	0
12	8
6	8
0	0
0	0
1	2
0	0
2	2
0	0
0	2
0	5
4	3
0	6
0	0
2	0
11	0
1	0
5	0
0	1
0	0
0	0
10	0
4	0
0	0
0	0
7	0
2	0
3	0
2	0
5	0
3	0
1	0
2	0
0	0
3	12
4	0
0	4
0	0
3	0
1	36
0	0
2	0
0	0
9	0
12	0
2	9
1	0
0	0
2	0
1	0
0	0
5	0
1	0
0	0
0	63
2	4
0	4
15	0
2	3
0	0
1	0
2	0
0	1
2	0
0	0
0	0
0	0
0	0
1	0
15	0
0	0
3	0
0	0
1	0
0	0
0	0
0	0
0	0
0	0
0	3
0	0
0	10
2	0
8	0
14	2
0	0
0	0
2	0
2	0
0	0
0	0
0	0
2	5
0	8
0	1
5	0
2	0
2	0
0	0
3	0
0	0
0	0
17	5
0	0
3	0
0	0
1	0
0	0
1	0
0	0
0	0
0	0
4	0
0	0
0	0
0	0
0	0
0	14
2	0
5	0
0	2
0	0
4	0
0	9
20	0
0	0
0	0
0	0
3	0
0	0
0	2
0	0
0	0
0	0
1	1
2	0
4	0
1	0
0	0
2	0
0	0
0	0
0	0
17	0
4	7
2	0
0	0
1	0
561	2
0	0
0	0
4	15
0	0
1	0
3	0
1	0
1	0
8	3
0	0
7	0
1	0
0	0
0	0
2	17
0	0
3	0
2	2
0	29
0	0
0	35
0	0
9	0
0	0
1	2
0	12
0	0
0	0
0	1
3	0
0	2
0	2
0	0
0	0
4	0
0	0
0	0
0	2
2	0
0	20
1	0
1	0
0	0
176	2
0	0
0	1
1	0
0	0
0	0
11	0
0	0
0	0
5	1
2	0
0	0
2	0
0	2
0	0
1	0
0	0
1	0
0	2
1	0
2	1
0	6
2	0
3	0
0	2
1	0
0	0
1	0
5	0
3	0
0	0
3	0
2	0
0	0
0	3
0	0
0	0
0	1
0	0
3	0
1	4
0	0
1	0
0	0
0	0
3	0
7	0
1	0
2	0
0	0
3	0
1	0
1	3
22	0
0	0
0	0
0	0
1	1
1	0
0	0
1	0
0	2
6	3
0	2
1	1
0	0
0	0
0	0
4	0
4	0
4	0
0	0
1	0
4	0
1	0
0	0
0	0
0	7
0	0
1	1
1	1
0	0
0	0
1	0
1	0
2	0
6	0
0	0
0	0
0	0
3	0
4	0
4	0
0	0
6	0
3	0
1	31
0	0
5	0
2	0
0	0
0	0
1	0
0	0
0	0
6	0
0	0
1	4
2	0
6	0
3	0
0	0
0	0
7	0
0	0
2	0
5	0
0	0
1	1
0	0
0	0
0	2
0	8
15	0
0	0
0	0
1	0
2	0
1	0
0	0
1	0
0	4
0	0
0	0
0	0
0	0
0	0
4	0
0	0
0	0
0	0
0	0
1	0
0	0
0	0
0	0
3	0
0	0
1	14
0	2
1	0
2	0
0	0
7	1
0	0
1	0
1	0
2	0
0	0
0	3
0	0
0	0
0	0
2	0
4	0
0	0
3	0
0	0
1	0
0	0
0	2
0	5
13	1
14	8
0	6
0	0
0	6
2	3
0	2
0	0
0	0
0	0
0	0
0	0
2	0
0	0
0	1
1	0
0	0
2	0
9	0
6	0
1	0
56	64
0	0
1	0
1	0
0	0
10	0
4	15
1	1
0	20
1	0
0	0
1	0
1	0
1	0
1	1
0	0
0	0
0	0
0	1
0	0
0	0
3	11
0	12
1	0
3	0
0	0
0	0
1	0
0	0
1	6
2	0
0	12
0	0
29	0
0	0
0	0
0	0
0	0
0	0
0	0
0	0
0	0
0	0
0	0
1	0
0	0
0	0
0	3
2	0
1	1
0	0
0	1
0	1
0	0
0	0
0	0
9	0
12	2
2	15
3	0
40	4
0	1
10	0
0	0
0	0
1	1
2	1
3	0
0	0
1	0
0	0
9	2
0	2
2	0
0	0
5	0
0	3
0	0
5	0
2	0
0	0
0	0
28	0
1	0
0	0
0	0
3	0
0	0
0	0
0	0
0	1
5	1
0	4
0	0
0	0
3	1
0	0
0	0
1	0
0	21
9	0
1	0
1	0
3	0
0	0
7	0
0	4
0	17
0	0
0	10
1	0
0	0
2	1
1	0
3	7
0	0
2	0
0	0
1	0
3	7
0	1
2	0
0	0
0	0
5	0
1	0
2	0
10	0
0	0
0	12
2	0
7	0
0	1
1	4
0	0
1	0
0	0
0	4
1	2
3	5
0	0
0	11
0	0
2	6
0	0
1	0
9	0
4	0
0	4
0	0
3	0
0	0
0	0
0	0
2	0
0	0
0	1
132	9
0	6
5	2
2	0
0	0
2	1
0	0
2	0
1	2
2	0
0	0
0	0
0	0
0	0
4	0
0	0
1	0
15	0
0	0
0	0
1	0
0	0
0	0
9	0
0	0
0	0
0	0
0	12
8	0
0	0
1	1
2	0
2	0
8	4
0	0
0	0
1	0
0	0
0	0
0	0
0	0
0	0
0	21
0	21
0	21
2	1
0	6
0	0
0	20
4	0
0	20
0	1
0	21
7	1
3	7
0	0
0	4
0	0
7	0
2	0
6	0
4	0
0	0
0	0
0	0
4	2
0	0
0	3
0	0
0	1
0	0
5	3
0	0
0	1
0	0
0	0
0	0
6	1
0	0
2	0
1	1
13	0
1	0
0	0
1	1
2	0
17	0
0	0
0	0
0	114
0	0
0	0
0	15
1	0
6	0
2	1
2	14
2	2
11	2
0	0
2	0
0	0
0	0
6	0
7	0
3	0
2	0
2	0
1	0
0	0
1	3
2	0
0	1
0	0
2	0
1	5
0	0
1	0
5	7
0	4
0	0
0	0
0	0
1	0
2	1
2	0
0	0
0	0
2	0
0	22
0	0
0	0
2	0
8	0
1	0
0	0
0	0
0	7
4	0
2	7
37	0
3	0
2	0
2	0
0	0
1	0
0	0
3	1
10	0
0	0
1	0
0	1
0	0
0	0
0	1
0	0
0	21
0	0
1	0
3	2
0	0
0	0
0	0
3	0
0	0
0	1
0	6
0	0
2	0
0	5
1	0
0	0
5	0
0	0
0	0
0	0
0	1
1	0
1	0
0	0
0	4
0	0
0	19
2	2
195	1863
0	0
0	4
2	0
1	0
0	21
0	19
1	17
0	3
2	0
10	0
3	0
2	0
0	0
0	9
0	0
1	0
0	0
2	0
1	258
0	0
0	1
0	0
0	0
0	6
0	0
1	3
1	0
0	0
0	0
0	1
0	13
3	0
2	0
1	0
4	0
2	0
0	0
0	0
0	0
0	0
0	0
0	0
0	0
1	8
0	0
0	0
1	0
0	0
1	0
0	0
0	0
0	15
0	0
0	0
0	0
5	0
8	0
2	14
3	3
2	0
0	0
1	0
4	11
0	0
0	0
0	0
0	0
0	1
3	17
0	90
0	0
5	0
40	21
0	3
2	2
0	3
2	5
7	2
0	0
0	0
1	13
3	0
4	2
0	0
0	0
0	0
0	0
0	0
0	0
4	0
0	0
2	0
0	0
0	0
4	0
2	0
0	1
0	0
1	0
0	8
0	1
4	0
0	0
0	0
2	0
0	0
7	0
0	1
0	0
0	0
3	0
1	4
6	3
4	0
0	0
4	0
0	0
3	0
17	5
1	0
0	0
5	1
1	4
1	0
2	0
0	0
0	0
1	2
0	0
0	13
3	0
1	9
0	0
0	15
0	0
1	0
5	0
0	763
0	0
3	0
1	0
0	0
0	0
3	4
4	0
0	0
0	0
6	0
0	0
5	9
1	0
1	0
1	5
3	0
4	0
12	25
0	0
3	0
3	0
0	0
6	0
2	0
0	0
0	1
0	1
1	8
0	3
4	0
0	3
4	0
1	0
0	0
18	2
0	0
1	0
8	0
14	0
2	2
0	14
0	0
0	0
0	2
1	0
0	5
1	25
8	0
0	0
10	14
0	0
2	0
4	0
0	1
3	0
1	0
0	0
1	0
0	0
7	0
3	0
1	0
0	5
0	7
12	0
0	0
0	0
2	2
0	0
0	13
4	0
0	0
4	0
14	9
0	2
1	0
0	1
0	0
4	0
2	0
0	1
3	9
0	0
0	0
0	1
2	0
0	0
9	28
4	15
0	0
8	0
0	0
0	1
0	13
0	0
0	0
3	0
0	0
0	13
0	0
0	0
10	2
9	0
3	0
0	0
3	0
3	0
0	0
2	0
1	0
1	0
5	23
1	0
1	0
0	0
0	0
1	0
4	0
1	18
8	0
1	0
0	0
0	0
1	8
0	0
0	7
0	8
1	23
4	0
6	0
4	17
0	0
0	6
1	1
0	11
1	2
0	8
0	1
0	0
0	0
8	0
0	6
2	0
0	0
74	177
5	0
6	8
1	0
0	0
0	0
1	0
1	0
8	3
1	0
0	8
0	0
0	0
4	0
1	0
0	0
0	10
0	0
0	0
1	5
1	0
2	1
2	0
2	0
13	4
0	1
9	0
1	0
1	0
2	0
3	0
16	0
0	0
24	0
19	4
13	1
0	3
1	0
8	0
2	0
0	5
4	1
0	11
0	0
0	0
0	9
0	1
0	0
3	0
0	2
0	1
1	0
0	37
0	0
7	167
4	0
0	0
3	0
0	0
0	0
1	0
0	0
0	0
10	0
0	0
1	0
2	3
0	0
3	8
1	2
1	0
2	0
0	0
0	0
5	0
0	0
0	0
0	2
0	7
0	7
0	1
0	9
1	7
1	0
0	0
3	0
1	18
5	2
0	1
0	0
0	0
2	0
4	0
0	0
0	1
11	3
1	0
2	1
1	1
2	0
0	0
0	0
16	1
1	5
0	0
6	3
0	0
3	0
0	0
54	8
0	0
0	0
34	0
0	15
0	0
0	8
3	0
0	0
0	0
0	0
0	1
3	0
3	3
0	1
0	0
7	0
0	2
0	0
2	0
1	0
0	25
3	4
8	2
0	0
1	16
8	0
0	5
0	0
5	0
0	0
4	21
0	0
7	2
2	26
0	0
0	0
1	0
0	0
2	1
6	0
1	1
7	0
1	0
2	0
0	0
4	0
0	0
0	0
11	0
0	0
1	0
0	0
0	2
1	7
2	0
2	1
0	3
0	0
5	4
1	0
1	0
8	58
3	0
1	0
0	0
1	0
1	0
0	4
1	43
21	3
1	30
4	0
0	0
3	0
6	0
0	0
5	1
0	0
4	0
0	0
1	19
3	0
0	0
0	4
0	0
0	1
2	0
0	3
4	0
0	0
0	1
6	0
4	0
13	0
1	1
3	0
0	1
0	0
0	2
0	0
6	3
1	0
4	22
0	0
1	0
0	0
1	0
0	0
8	0
3	5
5	0
16	0
0	2
0	3
1	0
5	0
4	0
2	0
1	0
3	0
0	0
1	0
1	0
0	1
0	0
0	0
6	0
13	0
0	0
0	35
0	0
1	0
0	0
3	0
0	1
0	0
2	0
0	0
2	0
0	1
4	0
33	60
4	0
4	0
1	0
2	0
139	0
0	0
10	0
0	0
8	0
0	0
0	0
0	0
2	0
2	0
0	3
1	0
1	0
0	0
1	4
4	12
3	0
0	0
0	0
3	0
2	1
3	0
0	2
2	0
0	0
1	0
0	0
1	0
0	0
0	0
0	0
0	20
2	0
4	0
0	0
1	0
3	0
0	0
4	0
0	0
2	0
0	2
0	1
0	34
0	0
1	0
4	0
3	0
4	2
0	0
0	0
2	0
4	0
0	0
12	0
0	0
1	0
3	0
0	2
3	0
0	0
14	30
0	0
6	7
1	0
3	0
0	0
1	3
0	0
1	0
0	1
1	0
0	0
4	12
2	0
4	0
4	1
0	6
0	0
3	0
1	0
0	0
1	0
0	0
0	5
0	0
7	7
14	2
2	0
0	0
0	0
4	0
0	5
0	0
1	0
3	0
0	0
4	0
3	0
1	2
0	0
4	0
1	0
0	0
4	2
2	0
2	0
2	0
0	15
0	0
1	0
0	2
1	0
3	0
4	0
4	10
1	6
0	1
2	2
2	3
0	0
0	0
1	0
5	0
3	0
4	0
2	0
5	0
3	0
0	0
1	0
2	12
2	0
1	0
4	2
2	0
6	0
2	0
1	0
7	18
0	0
0	1
0	8
0	0
15	13
0	0
2	6
4	0
2	0
2	0
9	0
0	0
9	5
0	2
0	0
0	0
0	4
0	11
6	3
0	3
4	5
0	0
0	0
1	0
7	3
0	0
0	0
3	0
16	0
6	1
6	0
4	0
0	1
3	7
1	0
4	0
0	0
3	0
0	0
0	0
0	3
3	0
0	3
0	0
1	2
0	0
0	1
4	0
1	0
0	0
3	3
0	2
3	0
1	0
1	0
0	0
1	0
2	0
0	0
0	0
0	0
2	0
4	0
0	2
2	0
0	0
7	0
0	0
1	0
19	5
0	0
5	3
1	0
4	1
87	0
4	0
2	0
3	0
0	0
1	3
13	0
0	0
0	8
0	0
0	0
5	0
0	0
2	3
0	0
0	0
6	0
0	0
1	0
5	0
1	0
9	0
7	0
3	0
0	1
0	0
0	3
1	7
4	1
2	0
1	0
4	0
8	0
2	0
0	2
1	0
2	0
0	4
18	12
0	17
2	0
0	0
2	0
1	0
6	0
2	2
0	0
3	1
5	1
0	0
1	3
8	0
0	0
1	0
0	0
2	1
4	0
1	0
3	28
2	0
6	0
1	1
2	0
0	0
3	2
0	0
0	2
3	2
2	0
4	0
0	0
1	5
1	2
0	0
4	0
0	0
3	0
0	0
0	0
3	6
0	1
1	0
33	15
7	0
0	0
2	0
1	1
0	0
5	3
137	535
0	0
9	7
5	1
1	0
1	0
1	0
5	0
5	0
3	4
8	0
3	0
0	0
5	0
0	0
1	1
0	1
1	4
0	0
0	0
2	0
21	0
0	0
2	2
0	0
0	3
0	0
0	4
0	0
0	0
2	4
0	1
0	1
2	0
0	12
5	0
0	1
0	6
1	0
0	0
1	0
0	0
5	2
0	0
0	0
1	0
0	0
1	0
3	0
0	0
0	0
1	14
0	0
0	3
0	0
0	0
1	0
2	0
0	0
0	0
0	8
0	2
0	0
2	1
0	0
6	0
0	0
7	2
3	17
15	12
1	0
2	0
1	0
0	3
1	0
6	0
29	0
2	0
2	0
2	0
2	0
2	1
2	1
8	9
5	0
0	0
3	0
0	0
2	4
1	0
0	0
1	6
0	16
0	0
0	0
4	0
3	2
166	121
0	0
0	0
0	0
3	0
0	0
1	0
0	8
3	5
0	0
10	0
2	0
1	0
8	0
0	2
0	0
14	2
0	0
7	0
6	36
1	4
13	7
0	5
0	0
20	0
0	0
1	0
2	0
3	0
6	0
0	0
0	0
0	0
1	0
2	0
0	0
0	15
1	1
0	4
0	0
9	0
0	0
0	0
0	0
4	1
2	0
0	0
0	0
0	0
11	3
0	0
1	0
36	0
1	0
0	0
8	0
0	0
0	0
0	0
0	0
3	0
0	0
0	5
1	8
4	0
0	4
0	4
13	0
0	5
0	0
1	0
0	0
7	0
0	0
1	0
0	0
2	0
1	0
8	0
6	0
1	0
3	0
6	1
0	0
2	1
0	0
0	0
0	0
1	0
0	0
1	0
0	0
0	20
1	0
9	0
1	14
1	0
0	0
0	0
0	0
0	0
0	0
0	0
69	0
1	0
0	0
2	1
8	2
0	0
0	0
0	0
0	1
0	0
2	0
6	1
0	0
0	0
7	0
4	0
5	0
2	0
1	11
0	0
0	0
0	0
0	1
4	0
4	0
2	15
0	0
4	0
18	12
1	0
0	0
7	7
0	0
0	4
5	0
1	0
64	0
0	1
2	0
1	0
0	0
1	0
1	0
0	0
0	0
0	4
0	13
2	0
17	2
2	0
0	11
0	0
1	0
0	0
0	0
5	0
0	0
1	0
0	0
0	0
10	0
3	3
0	0
0	0
0	0
19	4
1	0
0	3
4	0
31	0
0	0
0	0
11	0
1	0
3	3
1	0
0	0
0	0
3	0
0	7
1	2
7	0
2	0
2	0
3	0
2	5
19	0
0	0
1	0
5	0
2	0
0	0
3	0
0	1
3	0
92	55
5	18
0	0
0	19
12	0
0	2
5	0
2	23
0	0
0	10
3	0
1	0
0	2
5	0
2	0
9	4
4	0
3	0
1	0
0	5
0	15
0	5
1	0
0	0
0	0
4	0
0	0
10	1
0	0
4	0
0	10
2	0
9	0
1	7
17	0
1	0
0	0
1	0
6	1
2	0
1	4
0	0
7	0
0	1
1	5
1	0
16	1
0	56
0	0
1	0
1	0
0	3
0	0
0	0
0	4
22	0
1	0
7	1
0	0
0	5
0	0
2	0
0	0
0	0
3	0
10	0
2	0
0	0
6	0
1	1
1	1
2	0
0	0
2	0
2	0
5	0
1	0
2	0
1	0
7	0
0	0
0	0
0	6
1	2
0	16
10	0
3	0
0	0
0	0
0	0
4	0
0	11
17	0
4	0
3	15
1	0
5	0
3	0
1	0
0	0
12	0
2	1
1	0
2	2
1	4
0	0
0	0
2	0
1	12
1	0
1	0
0	0
0	0
3	4
0	0
0	10
8	0
0	0
3	0
3	0
3	0
0	0
3	0
1	0
0	0
1	0
0	2
1	0
1	0
0	0
4	0
0	0
7	9
0	0
1	0
0	0
0	9
0	0
0	0
0	0
3	0
1	0
0	0
0	3
0	58
6	19
2	9
3	0
5	4
0	0
0	0
0	0
26	0
0	0
0	2
0	0
0	0
5	0
4	0
11	0
1	0
0	16
6	0
4	0
0	0
1	1
0	0
0	0
58	4
0	0
0	6
0	7
1	0
0	8
61	0
0	3
1	0
2	0
0	0
2	0
3	5
0	0
2	14
0	0
11	0
0	0
3	0
2	0
0	22
1	5
0	22
0	0
1	1
1	0
6	5
7	0
9	0
0	8
0	0
8	0
4	0
14	5
3	0
32	1
0	2
0	24
5	0
0	1
4	0
3	0
0	6
0	0
0	0
0	0
2	0
0	0
14	0
2	0
1	0
0	8
8	0
0	12
4	0
0	0
3	0
0	0
4	7
14	0
0	5
0	0
0	6
0	0
1	0
0	0
0	0
1	5
3	0
1	2
2	0
17	0
16	0
0	0
1	0
0	3
0	0
1	0
3	0
0	0
0	0
0	1
0	0
0	0
0	0
0	0
4	1
1	0
4	0
0	10
0	0
0	0
1	3
1	0
2	0
0	0
0	5
0	1
0	0
1	0
0	0
0	0
0	13
0	2
1	0
6	0
8	0
1	5
0	15
0	0
0	0
0	0
0	0
9	0
0	5
0	0
8	1
1	0
1	0
0	13
6	0
5	3
0	5
1	0
1	0
0	0
1	0
0	0
0	0
2	12
2	0
11	0
0	13
1	0
2	0
4	0
2	0
0	5
0	2
1	0
0	0
3	0
0	0
0	1
0	0
3	0
0	0
34	12
2	0
1	0
1	0
11	0
2	0
1	0
0	0
0	0
0	0
0	0
6	0
0	0
2	0
3	0
0	0
2	0
0	1
2	1
0	2
0	0
2	3
0	0
23	0
0	2
1	0
0	0
4	0
0	0
4	27
5	0
1	0
0	0
0	0
0	1
0	0
0	0
13	0
1	0
0	2
0	0
0	0
0	1
3	11
1	0
5	0
3	5
0	0
2	0
5	0
3	0
2	0
0	0
6	0
2	0
0	0
4	0
0	0
2	0
0	0
5	1
4	0
0	4
0	0
4	0
2	0
1	0
4	0
3	33
0	0
4	1
1	1
5	0
1	0
0	2
10	0
2	0
0	0
0	0
0	3
0	0
0	0
0	0
1	0
5	0
2	1
387	0
6	0
0	7
0	0
58	0
2	2
9	0
0	0
0	0
0	0
1	16
0	0
0	0
1	9
0	0
1	0
2	0
1	3
0	0
1	9
9	0
5	0
2	5
4	3
0	0
1	63
0	0
1	0
0	2
4	0
3	0
0	0
22	0
2	0
2	4
0	0
1	0
1	2
4	0
19	0
6	0
3	0
0	0
1	0
0	13
0	0
3	0
4	0
3	0
2	0
29	0
4	0
0	0
2	0
4	0
0	0
0	0
0	2
0	0
29	4
4	0
1	0
0	0
0	0
0	2
1	0
9	0
1	0
1	0
0	0
5	1
38	26
2	1
2	0
1	0
142	52
2	0
1	0
1	0
1	0
1	0
1	0
0	108
0	0
0	0
0	0
0	5
13	0
4	0
2	2
1	2
2	0
0	14
3	0
5	99
1	0
5	13
3	0
22	0
0	3
0	0
0	0
0	0
4	0
4	0
0	22
2	0
0	0
0	0
3	0
0	2
1	0
5	0
0	0
1	0
3	3
2	0
5	0
0	31
6	4
0	0
14	0
3	0
4	0
0	0
1	0
0	0
0	0
0	0
2	0
0	10
0	2
0	0
1	0
0	0
10	0
20	0
1	0
0	0
8	0
6	0
0	0
0	0
0	1
1	0
1	17
6	1
11	0
1	2
0	8
0	7
0	0
1	0
2	0
0	0
4	0
0	0
1	4
0	0
0	0
0	0
1	0
8	2
4	5
0	0
2	0
0	5
0	0
0	0
1	0
0	0
0	0
0	0
4	0
26	9
0	0
0	0
0	0
0	0
2	0
0	0
0	0
8	0
0	0
0	0
0	0
0	1
0	3
16	0
0	5
0	0
0	0
1	0
8	0
1	0
0	0
6	12
2	0
2	0
3	1
0	0
5	0
1	0
5	0
6	0
0	14
11	1
1	0
0	0
0	0
0	0
1	1
10	2
0	0
1	0
0	0
14	0
0	12
0	1
4	0
11	0
0	7
0	10
5	0
0	4
4	40
0	0
0	0
0	0
0	0
10	0
2	0
4	1
0	0
0	0
1	0
0	3
6	2
19	8
1	0
0	0
8	0
3	0
3	0
20	9
0	0
7	0
0	0
11	0
1	0
1	0
6	2
0	0
0	4
3	5
0	0
0	0
0	1
1	0
0	0
2	0
0	0
0	0
5	7
12	0
0	0
2	0
0	4
1	0
0	0
5	0
0	0
1	0
4	0
0	0
4	0
3	0
0	0
0	0
1	11
6	0
0	0
8	0
3	5
0	0
6	17
1	0
1	0
0	0
3	0
4	0
4	8
1	1
0	20
5	0
0	0
3	0
2	26
9	0
6	6
0	2
0	3
0	0
0	2
1	2
2	0
17	0
0	5
0	1
0	21
0	0
1	0
4	0
7	0
0	0
3	0
3	0
6	0
4	0
24	145
0	0
1	0
0	0
3	0
1	0
0	0
2	0
0	0
1	4
1	1
9	0
0	0
0	0
0	73
10	0
19	119
0	0
1	3
1	0
1	0
3	1
1	0
0	0
1	0
0	0
11	33
0	8
0	0
2	0
1	0
0	1
2	12
2	10
1	0
0	0
0	0
1	0
0	0
0	0
29	6
0	0
0	0
0	20
2	0
2	17
0	0
0	14
4	0
9	705
5	3
2	1
1	0
96	41
1	0
25	1
3	2
8	3
22	42
0	15
0	0
0	0
0	20
1	11
0	0
4	0
0	0
1	0
6	0
3	0
1	20
1	0
0	2
0	0
2	0
0	0
2	0
16	0
0	0
7	0
3	0
3	0
2	0
30	14
1	0
408	690
1	0
1	0
0	0
4	0
16	0
1	0
2	0
2	0
2	0
22	0
0	0
9	0
1	0
0	0
0	60
0	0
2	1
4	5
0	0
1	0
0	0
1	0
1	0
2	0
0	0
0	0
0	0
13	0
12	0
0	0
4	4
3	4
4	0
0	0
3	0
0	0
2	16
1	0
0	0
0	5
1	3
0	0
1	0
7	0
10	0
4	0
0	0
2	0
0	10
0	0
3	0
2	0
1	0
0	0
4	0
0	0
6	0
6	0
0	0
4	1
0	10
4	0
6	0
1	0
14	3
1	0
3	0
4	3
32	7
14	0
157	52
58	68
5	0
1	0
0	0
0	0
1	0
0	0
44	0
2	6
0	0
0	8
2	0
0	8
1	2
0	0
0	0
5	0
0	0
4	0
0	0
0	0
2	0
0	0
0	2
2	0
11	0
5	1
5	0
0	0
3	0
8	705
34	21
0	0
0	0
0	0
2	0
1	0
0	0
0	0
0	4
0	0
1	64
8	0
2	2
2	0
9	0
3	0
0	0
2	0
0	5
0	0
0	0
0	0
4	7
1	0
0	0
2	1
0	64
0	0
15	60
1	0
1	0
0	8
0	0
0	3
1	0
5	0
0	5
0	7
1	2
0	0
0	0
2	0
0	8
0	0
6	0
5	0
0	0
1	0
1	1
2	0
0	0
0	17
0	0
4	0
2	0
1	0
3	0
0	0
0	0
1	0
12	0
0	0
0	0
2	0
0	2
2	6
0	0
2	0
1	0
5	0
0	0
0	1
0	0
0	0
3	0
0	0
0	0
1	0
4	0
0	0
0	8
5	0
2	0
0	0
3	0
0	0
0	11
1	0
1	0
9	0
0	0
6	0
7	0
1	0
0	0
0	0
2	9
2	10
0	0
1	3
0	0
0	2
3	5
2	7
0	0
1	0
0	0
2	0
0	0
2	2
2	0
0	0
3	1
2	1
8	0
0	0
0	0
4	0
0	0
1	2
220	17
0	1
6	0
9	0
0	21
0	0
0	17
3	0
0	0
2	0
0	0
3	2
11	0
0	5
0	0
2	0
10	0
12	0
2	0
5	1
3	2
2	0
1	0
0	0
0	24
0	2
2	0
0	1
10	2
4	0
4	0
4	0
2	15
0	0
4	0
1	0
0	0
0	17
0	0
1	0
26	0
2	0
0	0
2	1
4	0
2	1
0	0
0	0
1	0
4	0
0	0
1	0
5	4
2	1
1	1
3	0
4	0
3	1
0	6
0	1
7	0
2	0
0	0
0	0
0	0
0	0
0	0
0	0
2	0
2	0
7	0
11	0
0	0
2	0
0	0
0	0
89	96
2	0
0	0
0	0
2	0
2	0
0	0
1	0
1	26
0	6
2	9
0	2
1	10
1	0
0	0
1	1
9	0
0	5
2	0
0	0
5	0
0	6
2	14
0	16
0	0
4	0
7	0
1	0
8	0
0	17
26	14
0	0
4	0
3	0
1	0
3	0
1	2
2	0
0	0
0	2
0	0
0	0
0	6
6	0
8	0
1	0
1	0
0	0
70	1
7	0
0	0
0	0
0	0
2	0
1	0
17	0
3	0
7	0
103	0
0	0
0	0
3	1
4	0
5	0
0	0
1	0
3	0
0	0
4	0
0	0
2	0
2	0
0	0
1	0
0	0
2	0
4	1
2	0
6	0
0	0
1	6
4	2
4	1
2	0
1	0
0	0
0	1
0	0
3	12
0	0
1	0
1	5
0	0
0	0
2	0
0	0
2	0
7	0
0	6
0	2
3	5
0	3
4	5
3	0
1	0
0	0
11	0
0	0
0	0
0	0
1	4
0	6
8	0
1	0
0	0
0	0
7	2
0	0
1	2
1	0
0	1
8	0
0	0
0	0
3	9
7	0
3	0
1	0
0	0
1	0
2	0
3	0
5	11
0	0
0	1
4	0
0	0
0	0
1	3
0	0
0	6
0	8
5	9
2	0
0	0
1	0
4	0
0	0
5	1
0	1
1	0
4	0
0	0
0	0
1	0
7	0
0	0
0	7
0	0
0	2
0	0
0	0
0	7
0	0
4	0
6	1
2	0
5	0
1	0
1	0
0	0
1	5
2	0
1	2
1	0
5	0
4	9
6	0
0	0
3	0
0	0
7	0
5	0
1	0
0	0
5	0
1	0
1	0
4	16
0	0
0	0
0	4
1	0
0	0
0	0
12	0
3	0
5	5
6	0
2	0
1	0
4	0
12	0
0	0
1	0
0	4
2	0
5	0
0	0
16	0
0	0
2	0
2	6
0	1
0	9
2	0
0	0
0	0
2	95
1	0
2	0
0	0
0	0
0	0
0	0
0	26
0	0
0	0
1	9
2	0
2	0
3	0
1	9
4	0
1	1
0	1
0	2
0	1
8	0
0	0
0	6
7	0
0	0
6	0
0	1
1	7
7	3
0	0
9	0
0	4
7	2
0	15
5	0
0	0
0	0
6	0
0	0
0	0
2	0
0	0
0	13
5	0
0	0
6	0
3	0
9	0
4	0
1	0
0	0
0	0
1	0
1	0
0	0
0	0
0	13
0	0
8	0
3	0
0	0
0	1
0	10
0	0
0	0
0	1
4	0
0	2
0	1
0	0
0	0
2	0
1	6
0	0
6	0
0	0
11	0
0	0
0	8
0	3
1	0
8	0
4	0
2	0
13	0
0	2
5	0
0	0
1	0
2	0
0	0
3	43
0	0
2	0
0	3
1	6
2	0
0	0
0	0
5	23
0	0
1	5
0	0
4	1
0	1
1	5
0	0
0	6
3	3
7	27
0	0
0	0
0	0
3	2
0	0
0	4
2	0
5	0
0	0
3	0
2	0
10	0
2	0
4	4
1	0
0	0
5	0
1	0
2	1
0	0
0	0
0	0
0	0
0	0
0	0
6	0
14	2
3	1
1	0
0	0
0	0
12	0
6	0
1	0
4	0
1	0
5	0
4	2
0	0
0	0
1	3
0	0
0	0
0	0
1	0
0	0
0	0
1	8
0	0
2	10
0	0
5	0
0	0
0	0
1	0
1	13
2	0
3	0
1	12
10	0
0	3
9	43
0	0
0	25
0	0
1	0
0	0
0	0
0	0
2	0
0	0
17	0
0	0
0	0
0	0
1	0
0	7
5	0
0	0
0	0
0	6
2	2
0	9
0	0
0	0
0	0
1	0
0	0
3	0
1	0
4	0
3	0
0	0
3	8
4	0
20	0
1	2
0	0
1	1
0	0
1	0
2	8
0	0
0	0
1	0
0	1
2	0
7	0
3	0
0	0
1	3
1	0
0	0
376	0
0	5
1	0
0	0
0	0
1	0
0	0
0	0
18	0
0	6
3	7
5	2
0	1
2	0
0	4
1	1
4	0
3	0
1	2
6	0
0	0
0	0
0	0
0	0
0	0
0	1
0	13
0	0
3	0
0	0
0	3
0	41
0	0
0	2
1	0
1	1
0	0
0	0
0	3
1	0
4	0
0	0
5	0
48	40
10	14
0	2
0	12
0	56
0	0
59	8
1	0
1	0
0	0
0	1
0	0
0	26
8	0
0	1
0	8
1	5
0	0
1	0
0	2
13	5
0	0
0	2
1	0
0	0
2	0
0	6
0	0
0	0
1	0
0	0
4	0
0	0
1	6
1	0
0	2
10	0
0	9
0	0
0	3
0	0
2	0
7	0
6	0
0	0
0	3
0	0
4	0
1	0
0	0
0	0
0	6
2	0
5	0
1	0
6	0
1	8
10	0
7	0
0	1
5	0
1	2
0	3
1	4
0	19
2	0
1	0
2	0
0	6
2	0
0	0
10	9
1	0
0	0
13	0
0	1
6	0
0	0
0	0
0	0
2	0
4	0
2	0
0	2
0	2
1	0
6	1
3	0
0	0
1	0
5	0
0	0
14	0
1	0
0	0
0	13
0	0
3	1
1	0
3	2
14	7
3	1
6	0
1	9
2	0
3	3
0	0
4	4
0	3
0	0
0	0
0	6
0	0
1	0
0	0
16	0
1	0
3	0
0	16
0	0
3	0
1	0
0	4
0	0
3	0
0	0
1	0
3	0
2	0
2	5
0	0
0	0
4	0
0	0
8	4
5	0
0	0
1	5
0	0
0	0
1	0
0	0
1	0
5	0
1	0
0	0
1	1
1	0
0	0
1	0
0	0
1	0
0	0
0	0
1	0
3	2
6	0
1	0
1	0
4	0
2	0
9	0
0	0
0	78
2	0
0	0
1	0
7	13
0	0
3	0
2	0
0	0
0	0
2	0
2	0
2	0
5	0
0	0
9	4
3	0
4	0
0	0
0	0
0	0
2	11
0	0
7	0
11	2
4	0
0	0
1	0
1	0
1	0
3	0
2	1
0	0
8	0
2	0
3	0
23	0
0	0
2	0
1	0
0	0
0	0
0	0
0	0
0	0
0	0
0	0
1	4
1	0
9	0
2	0
2	8
0	0
3	0
0	0
9	0
0	1
3	0
0	0
1	11
1	2
0	1
0	0
5	19
5	0
3	1
2	1
10	4
5	0
1	0
0	13
7	0
0	2
5	0
0	0
0	0
2	2
0	0
8	5
2	2
4	10
11	3
0	0
5	0
3	0
13	0
7	0
3	0
0	0
6	0
1	11
0	0
7	0
1	0
0	0
1	1
3	1
0	0
2	0
18	14
5	0
1	0
4	0
3	0
0	0
19	1
9	1
4	0
1	0
2	0
1	5
0	0
1	0
1	0
0	3
3	0
1	0
0	0
0	0
4	8
0	0
0	26
0	12
1	0
2	0
0	17
16	2
2	8
0	0
0	0
0	0
0	6
2	5
0	0
0	8
2	7
5	0
0	0
0	0
0	0
0	4
8	0
1	0
0	0
0	0
1	0
0	10
0	0
1	6
0	2
0	31
0	0
2	0
0	0
1	0
0	0
0	3
0	3
0	1
2	0
0	0
1	0
0	0
1	0
0	0
4	0
6	0
1	0
0	2
0	3
1	3
0	6
2	0
1	1
1	0
5	0
1	0
0	27
0	0
0	0
0	0
2	1
0	0
1	0
0	0
2	0
0	0
0	0
0	0
15	4
1	1
0	13
0	0
0	0
0	1
1	5
0	0
1	0
0	0
1	9
0	0
0	0
5	0
16	5
0	0
0	0
0	0
1	2
0	0
0	0
1	1
1	0
3	0
1	0
25	0
1	0
0	13
0	28
2	0
3	0
1	0
0	0
0	0
0	0
0	0
6	0
0	73
1	0
0	4
0	3
0	0
0	0
0	0
0	2
0	0
11	0
4	1
1	0
0	5
0	0
0	10
1	0
0	2
0	1
2	0
0	11
0	0
1	0
0	2
0	3
4	0
0	2
0	4
1	10
0	0
4	3
0	1
11	0
4	0
0	0
0	1
0	0
0	0
0	0
32	0
54	1
0	7
0	0
12	0
0	0
1	3
0	0
1	0
0	4
0	0
4	0
0	0
0	0
0	0
1	0
0	1
0	3
1	0
9	4
2	0
0	0
2	0
0	0
1	0
0	0
2	5
5	0
1	13
0	0
1	14
0	0
0	0
0	0
0	0
1	0
0	0
1	0
0	10
1	0
0	0
2	0
5	2
1	0
3	1
0	2
0	0
0	0
4	0
5	1
1	0
1	0
0	9
0	0
0	0
0	0
4	0
0	0
0	9
4	0
2	0
0	0
0	0
1	0
0	0
0	0
0	0
0	0
2	0
0	0
0	0
0	1
7	0
1	0
0	0
7	0
2	0
3	0
1	0
3	3
0	0
0	3
2	5
0	3
3	0
1	0
0	0
1	0
0	0
1	0
1	0
0	0
0	0
1	0
0	2
0	0
0	0
0	0
2	0
0	0
0	5
0	0
5	0
2	0
1	0
0	0
2	0
0	0
5	0
0	0
0	0
1	0
7	0
0	0
3	5
0	10
2	0
9	3
2	0
0	0
0	7
0	0
7	12
4	8
0	0
1	0
15	0
0	0
0	0
2	0
0	0
0	0
0	0
1	0
0	0
2	5
0	0
0	0
0	0
1	0
0	7
0	0
1	0
1	6
0	0
0	0
0	13
4	0
1	0
0	0
6	0
1	0
4	2
2	2
3	19
7	1
2	0
0	0
0	0
0	0
0	0
2	0
1	1
3	0
0	0
4	0
5	0
7	3
2	0
1	0
4	0
7	0
0	0
0	0
4	2
0	0
0	2
8	0
0	8
2	0
2	6
3	0
1	0
0	0
1	0
1	1
7	0
13	4
0	0
3	1
2	0
2	0
1	0
4	0
0	0
1	0
0	0
3	0
0	0
0	0
0	1
3	0
0	0
0	6
0	0
0	0
0	0
95	0
3	2
2	0
3	0
2	0
1	5
1	0
4	0
16	0
0	0
0	0
0	0
0	0
1	0
1	0
1	0
3	0
0	0
7	0
0	0
3	13
3	5
0	0
0	3
0	5
0	11
0	0
0	0
3	0
1	0
0	0
0	0
0	0
1	0
5	0
4	4
1	0
0	0
4	5
267	284
0	0
0	0
1	0
1	5
5	0
0	0
2	0
6	0
2	0
1	0
0	1
0	0
0	0
1	0
0	0
2	0
1	0
0	0
12	0
7	0
2	0
2	1
12	0
4	1
0	0
0	2
0	0
1	0
1	0
3	2
2	15
0	0
1	1
1	0
0	0
12	0
0	2
0	0
0	0
1	0
1	0
0	0
0	3
0	0
2	0
0	4
0	0
7	0
1	0
1	0
0	0
0	0
1	0
2	0
5	2
0	5
11	0
0	0
8	1
2	0
17	0
0	0
0	0
0	8
0	0
0	0
3	1
0	0
1	3
3	1
0	0
1	0
0	0
0	0
3	0
2	0
6	0
0	0
0	6
0	0
0	0
9	0
4	0
0	21
0	0
2	0
2	0
0	0
6	0
0	0
6	11
3	0
2	1
0	8
4	0
0	0
0	2
3	0
10	0
0	0
3	0
0	0
0	0
2	0
11	0
2	7
4	0
0	0
0	0
0	0
0	0
0	0
7	0
2	0
0	0
1	0
6	0
9	0
0	0
0	0
2	0
0	0
9	0
0	0
6	0
0	0
0	0
0	0
10	0
7	0
6	0
1	0
3	0
2	0
2	0
1	1
1	0
3	1
3	59
1	0
0	0
1	0
1	1
1	0
135	0
0	0
1	0
0	0
12	0
1	0
0	0
1	0
0	9
2	2
0	0
0	0
0	5
0	0
85	123
11	0
0	0
8	18
0	1
0	0
2	0
0	0
0	0
0	0
0	23
1	0
0	0
0	0
1	2
0	5
0	0
1	3
1	0
2	0
2	0
0	0
0	0
4	0
0	0
2	0
0	0
3	0
7	0
2	5
1	0
0	0
1	5
2	0
0	0
0	1
0	0
0	0
2	9
4	0
0	3
0	0
0	0
0	0
0	0
4	11
0	0
0	0
2	0
0	1
1	0
1	0
0	0
1	0
7	0
0	2
5	0
0	0
11	0
51	33
1	2
0	0
0	1
0	0
3	0
0	1
10	0
1	0
0	0
1	0
0	0
14	0
1	0
0	0
0	0
1	0
1	0
3	0
45	28
0	0
1	1
0	0
0	0
4	0
44	48
0	0
6	0
7	0
2	8
0	0
13	0
1	0
1	0
14	0
0	0
0	0
0	0
6	0
1	0
0	0
0	0
8	0
0	12
0	0
1	0
0	0
3	0
0	1
0	0
4	0
2	0
2	5
0	0
0	2
0	0
6	0
0	0
0	0
1	0
15	0
2	0
1	0
9	23
1	0
1	0
2	0
0	0
1	0
2	0
2	12
0	0
6	1
2	0
2	0
1	0
0	0
2	0
0	0
3	11
0	1
0	0
1	17
1	6
1	0
0	1
1	3
0	0
18	0
24	0
30	0
0	13
17	0
0	0
3	0
13	0
0	0
0	20
1	0
5	0
1	2
0	0
0	0
11	0
0	0
1	0
0	0
3	0
0	0
44	0
0	0
1	0
2	0
7	1
0	0
1	1
6	2
4	0
2	0
0	0
6	1
0	0
2	0
1	0
1	0
3	0
0	0
0	0
0	0
2	0
0	44
2	0
4	0
3	0
2	0
1	10
5	0
4	0
1	0
2	16
3	0
58	0
3	0
1	0
1	0
0	3
0	0
0	0
0	0
0	0
0	0
0	0
30	0
0	0
8	0
3	0
0	0
12	56
12	0
1	2
13	0
3	0
16	2
1	0
10	0
0	3
0	1
1	3
0	0
3	0
0	15
0	1
2	0
2	12
0	20
0	0
0	0
1	4
0	0
0	0
0	0
0	0
0	1
0	0
1	0
0	0
1	0
0	0
0	0
3	2
5	18
0	0
0	5
2	3
0	0
6	0
1	6
4	0
5	1
0	0
4	0
0	0
0	0
5	0
0	0
0	0
0	9
0	0
3	0
1	0
1	2
0	0
78	64
2	2
0	0
2	0
4	0
0	13
0	0
0	0
0	0
2	0
20	0
5	13
8	9
0	0
0	2
0	5
2	0
7	0
3	0
3	0
6	0
10	11
1	0
1	0
0	3
0	0
7	2
3	2
2	0
1	0
4	1
1	25
0	3
1	0
0	0
0	345
0	0
0	2
5	0
0	1
29	0
0	0
9	0
0	0
3	8
0	0
5	3
8	0
1	0
11	43
1	16
2	1
0	0
0	0
2	0
2	0
3	0
13	1
1	4
0	0
0	7
1	0
1	0
3	1
0	0
0	0
0	0
0	0
0	0
0	0
0	0
5	5
1	0
0	0
3	0
2	5
17	0
0	0
4	1
0	1
5	0
2	0
0	0
1	1
7	0
0	0
21	0
10	21
1	0
0	0
9	0
2	6
6	8
5	12
0	0
0	0
0	0
0	5
0	0
0	15
3	4
2	0
6	1
4	0
0	1
17	0
0	0
1	0
0	0
2	0
5	0
1	1
0	0
2	1
2	0
0	0
18	0
2	0
2	0
0	3
2	0
0	0
0	4
2	0
0	0
0	1
0	0
4	0
0	0
0	1
1	3
1	9
0	0
0	0
1	0
0	36
0	0
4	0
4	8
7	0
2	0
4	8
3	0
1	0
31	0
0	0
0	0
0	0
2	0
0	25
0	1
9	12
0	0
0	11
0	0
2	0
24	217
3	0
0	11
0	0
1	0
1	3
5	0
0	0
2	0
1	1
3	0
0	0
48	91
0	0
0	0
0	2
2	0
9	0
2	21
0	0
1	0
0	0
0	0
1	0
0	0
0	0
2	4
1	0
0	0
6	3
0	0
0	0
0	0
0	0
0	0
0	0
0	0
1	0
7	3
1	0
2	2
0	0
0	0
0	0
1	0
0	0
3	0
1	0
0	0
0	5
6	10
0	2
3	0
8	33
2	0
1	0
1	171
5	27
0	0
1	0
0	0
0	0
0	1
1	0
0	0
0	0
0	0
11	0
0	0
0	0
0	0
0	0
0	0
1	0
1	0
1	5
0	0
2	0
0	0
0	0
3	0
1	0
0	0
3	0
1	0
0	0
3	0
3	0
0	0
0	0
0	3
2	0
5	0
1	0
0	0
0	0
1	0
100	0
0	1
4	5
0	4
0	0
4	0
0	3
0	0
2	3
0	0
0	27
7	0
2	0
2	3
4	0
6	0
0	0
1	0
2	1
1	0
1	2
12	0
0	0
8	0
3	4
0	0
0	0
2	1
7	0
0	0
9	0
0	0
0	0
0	0
3	0
0	0
1	16
1	0
7	13
2	0
0	0
0	0
1	0
0	0
2	2
5	1
0	0
0	1
3	3
0	0
10	0
2	0
0	6
6	3
8	0
7	0
2	40
0	0
1	0
0	0
1	0
0	0
0	0
1	0
9	0
2	1
0	0
0	0
2	0
2	0
8	0
0	0
0	0
4	0
0	0
3	0
0	0
0	0
23	0
5	0
7	23
3	0
0	0
0	0
0	0
0	2
1	0
3	0
0	5
1	0
0	0
7	0
0	0
0	0
6	0
0	3
0	0
8	0
0	4
2	5
0	0
1	2
2	0
1	0
0	0
0	0
1	0
2	0
2	4
0	0
7	0
0	9
0	3
4	1
1	1
0	10
0	0
21	0
1	0
3	0
1	0
3	0
0	0
7	1
4	8
0	0
4	0
0	0
0	0
0	0
0	0
4	0
2	0
10	0
1	0
0	0
4	21
4	0
1	0
0	9
1	0
1	0
2	0
0	0
2	0
1	0
1	0
2	0
4	0
0	0
0	0
3	0
1	0
0	0
2	0
0	0
0	0
6	10
1	0
1	0
0	0
6	0
0	1
3	1
1	0
1	0
2	0
1	0
6	0
0	0
3	0
0	0
0	0
0	0
6	3
1	0
4	0
3	1
0	1
4	3
0	0
2	8
2	0
1	0
0	5
4	7
11	3
3	0
0	0
0	0
4	0
0	0
2	0
2	0
0	0
2	0
6	0
5	0
1	0
0	0
0	2
0	0
2	0
0	4
1	2
0	0
15	0
1	0
4	6
0	2
1	0
1	0
0	0
14	12
0	0
0	0
4	0
0	1
0	9
2	10
0	0
18	0
2	0
0	0
3	2
0	0
5	0
0	4
2	0
8	0
0	0
0	26
0	0
4	0
1	0
1	0
2	0
0	0
1	8
3	0
1	6
3	0
0	0
4	4
0	0
3	4
2	1
2	4
0	0
3	0
10	13
1	0
0	1
11	0
0	0
1	0
1	0
0	0
6	24
2	0
0	6
1	0
0	0
0	0
0	0
2	0
0	0
6	0
2	0
3	6
0	0
0	0
6	0
17	2
1	0
0	0
0	0
0	0
3	0
2	0
0	0
0	0
1	0
0	0
0	0
0	0
0	0
0	0
2	0
13	0
1	0
0	0
1	0
0	103
0	2
1	8
2	1
0	103
1	0
0	3
2	6
11	6
0	1
4	0
0	0
2	1
6	0
1	0
0	0
0	0
15	0
0	0
6	0
0	0
0	0
0	0
1	0
1	0
5	0
0	9
0	0
0	0
6	2
2	0
1	0
0	0
0	1
3	0
0	0
1	0
1	0
14	0
0	0
0	0
13	4
1	7
1	0
5	18
1	0
0	0
9	0
0	0
2	11
9	1
8	0
0	0
0	0
3	0
0	0
0	0
0	0
0	0
0	0
0	3
3	0
1	0
0	24
9	0
1	0
1	353
4	41
4	0
0	0
9	0
3	8
0	0
11	0
0	0
0	0
8	0
0	0
4	0
0	3
8	0
0	0
3	0
1	3
0	0
2	0
2	0
11	0
69	0
27	2
0	0
0	0
0	0
6	14
2	0
0	0
1	0
1	4
1	0
2	0
0	0
0	0
5	0
1	0
3	0
3	0
1	0
16	1
0	3
0	0
0	0
0	0
0	0
0	58
1	1
0	0
1	0
0	0
1	2
0	11
0	1
0	0
1	2
2	0
0	5
4	0
0	0
0	0
7	0
2	0
0	0
2	0
4	0
0	0
3	0
1	0
0	0
0	0
14	0
2	0
0	0
0	1
5	0
0	6
0	0
0	0
104	1
0	0
1	0
0	0
2	8
2	3
1	0
0	2
1	0
2	0
1	0
0	2
0	0
1	0
0	0
1	0
3	3
1	4
0	0
0	0
0	0
2	0
6	0
1	2
0	0
0	3
0	8
0	2
3	0
12	0
6	0
0	1
0	6
0	0
0	0
1	0
4	3
0	0
2	0
4	0
0	1
0	0
0	0
1	0
1	1
0	0
0	0
6	0
0	0
1	1
8	1
1	0
1	1
1	0
5	4
1	5
0	0
1	0
8	0
2	0
1	0
7	0
3	0
0	0
2	0
0	3
0	2
0	7
6	0
0	8
0	0
0	0
0	2
0	0
1	3
0	0
3	0
0	0
0	0
7	0
3	2
0	0
5	0
27	0
5	0
43	0
0	1
1	1
0	0
1	0
0	0
0	0
2	3
1	0
1	18
0	0
0	0
29	26
0	7
0	3
2	6
1	0
0	0
9	0
0	0
4	3
0	0
3	0
1	0
2	0
0	0
0	0
0	0
1	0
0	4
0	0
1	0
0	1
0	0
3	2
0	0
4	0
6	13
0	0
2	4
2	16
1	0
3	3
0	2
1	3
8	0
0	0
0	0
0	0
0	1
0	0
1	0
4	7
6	0
1	0
0	0
0	0
0	0
1	0
2	0
13	0
0	3
7	1
13	19
47	186
1	15
0	3
4	24
0	1
0	2
0	0
0	0
0	0
5	0
3	65
2	0
11	0
0	3
0	0
6	0
1	0
0	2
3	0
0	0
2	0
0	0
3	0
0	10
2	0
0	0
0	0
1	3
2	0
7	10
0	0
4	0
5	2
3	0
2	3
0	8
4	8
0	0
0	0
0	0
0	0
3	3
0	12
0	0
5	0
10	0
1	1
0	0
2	0
0	1
2	0
5	0
73	0
3	6
0	12
0	0
1	0
0	0
1	1
0	0
0	0
2	0
1	0
0	0
1	0
1	0
0	0
0	1
0	0
6	0
0	0
11	20
0	0
5	10
10	3
2	0
0	0
0	5
0	0
0	0
0	0
16	11
0	3
0	0
7	0
0	0
0	0
0	0
4	0
0	0
0	1
6	0
1	7
2	0
0	0
1	6
13	0
3	0
3	0
0	0
0	0
6	0
3	0
0	0
0	0
0	0
1	0
0	1
3	0
6	1
2	7
0	0
8	0
0	0
7	0
0	3
1	3
9	1
2	6
0	2
1	0
0	1
2	4
0	0
0	5
1	0
5	0
0	0
3	3
1	0
8	0
1	0
4	0
3	0
4	1
1	2
4	0
0	0
0	0
3	0
0	0
1	0
0	0
14	0
2	0
6	0
0	0
4	0
0	0
0	0
0	0
0	0
1	0
0	1
0	0
1	1
0	0
0	0
3	0
0	0
8	0
0	0
1	0
0	0
2	0
0	0
0	1
0	0
0	0
4	27
3	0
4	0
1	0
0	0
0	0
2	8
0	2
4	0
0	0
4	0
0	0
4	0
0	0
5	0
0	0
5	0
26	0
2	0
12	1
0	0
0	0
0	0
1	0
0	10
9	0
8	2
0	0
3	0
2	0
0	0
0	0
0	0
0	0
1	0
1	0
1	0
6	16
9	4
6	1
2	0
0	0
0	0
0	0
0	0
0	0
0	0
0	0
1	0
0	0
0	0
0	3
2	0
0	0
0	0
1	0
0	4
3	0
5	0
0	0
0	0
0	0
4	0
0	4
1	0
1	0
3	0
2	0
0	4
1	0
0	1
6	0
0	0
1	0
18	0
0	0
96	75
2	0
7	0
6	0
1	0
1	0
0	1
0	0
0	0
4	0
1	0
0	0
136	0
2	0
3	0
0	0
6	1
0	4
6	0
0	0
0	12
0	0
1	0
5	0
3	5
7	0
3	0
4	0
8	0
0	0
3	0
0	0
11	9
5	0
0	0
4	0
1	0
0	0
34	93
1	29
0	6
1	0
2	7
6	0
11	0
0	0
0	0
1	0
13	0
3	3
0	0
5	0
14	5
1	0
0	0
0	0
0	0
9	0
1	0
0	0
3	36
0	5
4	0
2	0
0	0
0	2
4	0
0	0
2	0
0	0
0	0
14	0
2	0
1	0
8	0
4	4
3	0
2	0
5	0
0	0
3	0
0	0
1	0
1	8
0	0
1	0
0	0
5	0
5	0
9	0
1	0
3	0
1	0
0	0
4	0
10	0
0	0
0	137
2	5
2	6
2	0
6	0
0	0
0	0
0	1
0	16
0	72
0	0
2	2
0	6
0	0
0	0
0	0
6	0
2	0
0	0
1	0
72	0
0	3
0	0
0	0
0	0
3	0
3	0
9	0
3	0
3	0
0	0
2	0
0	0
9	0
0	0
1	0
0	2
0	0
2	0
5	10
3	0
0	0
4	0
26	0
1	0
14	4
27	0
2	0
1	2
1	0
5	0
4	0
18	0
0	0
0	0
0	2
1	0
1	0
0	0
0	0
0	0
0	0
0	1
1	0
15	0
0	0
4	0
2	3
5	0
5	0
0	6
0	3
1	0
2	0
6	0
1	0
3	0
0	7
0	0
1	0
3	0
1	0
1	0
2	0
0	9
1	0
0	0
6	0
0	0
8	1
0	0
4	0
2	0
6	0
1	0
0	0
1	0
0	6
4	0
2	2
0	0
1	0
1	0
0	0
0	0
0	0
0	4
0	0
0	0
1	0
3	0
0	7
1	3
0	0
0	0
5	1
5	0
0	6
1	0
6	0
0	0
0	0
6	0
0	0
0	0
1	0
171	0
0	0
0	0
5	0
0	0
1	0
0	0
0	0
10	11
9	0
0	0
1	0
0	0
0	0
0	34
0	0
3	0
0	0
1	0
4	0
211	0
0	8
0	0
0	0
1	1
0	0
1	0
7	0
0	0
0	0
0	0
4	0
0	1
0	0
3	0
0	1
0	0
0	0
1	0
0	0
2	1
15	0
18	38
2	0
2	0
0	0
3	0
18	7
8	0
1	0
1	0
0	0
4	0
37	4
0	0
1	0
0	0
0	0
0	0
2	0
2	0
0	5
0	22
0	0
0	0
0	0
7	6
2	0
1	3
0	0
1	0
0	0
0	0
0	0
0	0
0	0
0	0
0	0
0	4
2	4
1	0
2	0
5	3
0	0
0	3
0	0
3	0
1	0
5	0
1	0
0	0
3	0
2	0
6	0
0	0
0	0
0	7
2	0
0	0
1	0
5	0
1	1
1	0
1	0
0	1
0	2
5	0
2	0
2	0
0	0
0	0
1	0
0	0
0	0
0	0
0	0
1	0
11	0
0	0
0	0
1	1
0	0
0	0
10	0
0	0
0	0
0	0
1	0
7	0
5	0
6	0
4	0
1	0
3	0
5	6
14	0
0	2
0	0
0	0
0	0
4	2
1	0
0	0
0	0
0	0
0	0
0	3
2	0
0	2
3	0
4	0
3	0
11	0
0	0
0	0
7	0
1	18
10	0
10	0
20	5
3	0
6	0
9	0
4	0
4	0
2	2
0	1
5	0
0	1
10	0
2	0
2	1
7	0
5	0
4	0
0	0
2	0
0	0
0	1
4	28
5	0
0	0
4	0
4	0
1	0
0	8
0	5
4	1
4	2
0	16
2	18
1	0
1	16
0	0
0	0
0	0
0	0
0	0
0	0
3	0
0	0
0	2
0	0
2	0
0	0
0	0
0	0
0	0
1	0
2	0
52	2
0	0
128	0
5	0
0	0
12	0
4	4
0	0
0	0
0	0
6	0
0	1
0	0
2	3
1	0
4	0
0	0
0	0
0	0
12	0
1	0
1	1
0	0
3	2
5	0
4	44
3	1
9	0
23	0
1	3
0	0
1	0
10	0
0	3
2	0
1	0
0	0
3	1
3	0
0	0
1	8
2	0
0	0
1	4
3	0
2	0
1	0
1	0
0	0
0	0
1	5
2	0
4	0
0	0
0	0
1	0
1	4
0	0
0	2
3	6
0	1
5	0
0	0
0	1
0	0
1	1
1	0
0	0
5	0
2	0
0	0
1	0
0	0
3	0
3	0
1	0
0	0
1	0
2	2
3	0
0	0
0	0
1	0
2	0
1	7
4	3
10	0
6	0
4	0
0	0
0	0
0	0
0	0
1	5
0	2
0	0
0	0
24	0
10	0
1	0
3	0
2	0
1	0
1	13
0	0
0	0
14	0
0	0
0	0
1	0
0	1
0	4
1	1
2	1
3	2
0	0
2	4
0	0
0	9
0	0
0	2
2	0
3	11
2	0
0	0
0	8
1	9
0	1
0	0
0	0
0	0
0	0
9	4
10	0
25	0
2	0
0	0
22	12
0	7
0	0
9	0
0	0
0	0
0	0
10	0
0	5
0	0
0	1
6	0
2	0
1	0
0	0
0	0
0	0
3	0
0	0
0	0
0	0
0	1
2	1
0	0
1	0
8	0
6	1
1	0
3	0
10	0
5	0
0	0
0	0
1	0
0	0
0	0
3	0
5	4
2	0
1	0
0	0
3	9
1	12
8	0
1	0
0	0
0	0
0	0
0	0
2	2
2	0
0	0
6	0
3	0
1	0
0	13
8	1
1	1
0	0
0	0
1	0
0	0
0	0
1	6
0	0
0	0
2	0
1	1
0	0
1	0
1	0
1	1
0	0
0	0
1	0
0	0
0	0
0	2
0	0
1	0
0	0
1	0
1	0
2	6
0	0
0	0
1	8
0	1
1	6
0	0
8	0
0	0
7	0
0	0
0	0
3	0
4	11
0	2
1	0
0	4
0	3
2	9
11	0
0	0
1	0
1	0
0	0
0	2
2	3
3	5
0	6
0	0
0	0
2	0
0	1
0	0
2	0
0	0
0	0
0	6
1	0
3	0
2	0
1	0
0	13
0	0
4	0
0	1
3	0
0	0
9	0
2	0
0	0
0	0
0	0
1	0
0	0
3	0
1	0
0	6
5	0
0	0
0	1
1	0
0	0
42	0
336	0
0	0
0	0
0	0
2	0
0	0
3	0
0	0
0	0
0	3
0	0
0	0
2	0
5	0
1	0
0	0
0	1
4	1
0	0
1	0
0	0
5	1
0	1
2	0
0	20
0	0
0	0
1	0
0	2
0	0
0	0
1	0
0	2
1	0
0	0
0	0
0	2
0	0
0	0
0	2
0	0
3	0
6	1
0	0
0	0
4	0
0	1
2	8
0	0
0	0
0	0
0	0
2	1
0	0
1	0
14	43
8	0
2	7
4	0
1	0
0	0
1	0
3	0
0	0
2	0
6	6
0	2
0	2
1	0
14	7
1	0
0	8
1	0
0	0
0	0
1	0
0	0
2	0
2	0
0	0
1	0
0	0
2	0
5	1
0	19
0	0
1	0
4	0
0	0
0	0
1	3
2	0
1	0
0	0
0	0
5	0
1	15
0	0
0	0
3	0
0	3
0	0
1	2
0	0
16	0
3	0
0	0
0	0
2	0
0	27
2	0
1	2
2	0
2	0
0	0
6	0
0	0
1	5
2	0
4	0
3	2
0	0
1	0
0	0
1	0
0	0
5	2
5	0
0	0
3	0
0	0
5	0
1	0
0	0
0	0
8	13
1	0
0	0
2	0
44	52
1	0
1	1
2	0
0	0
4	0
0	2
0	0
0	0
0	0
30	0
1	0
0	0
0	0
1	0
0	0
8	0
4	0
1	0
5	0
4	0
0	1
0	3
0	0
3	0
0	1
0	0
0	0
1	0
1	0
0	0
0	0
3	8
0	4
0	1
6	0
0	0
0	7
3	0
4	0
0	0
4	2
2	0
1	0
0	13
0	0
0	0
2	0
0	0
0	0
2	0
0	0
3	0
0	0
0	1
0	2
0	8
0	0
0	4
0	0
2	0
0	0
0	0
0	6
0	0
0	0
0	0
0	0
7	0
0	0
1	0
0	1
0	0
0	0
3	0
0	1
0	0
0	0
0	0
1	0
5	0
0	0
0	0
2	0
0	0
0	0
2	0
0	1
2	7
3	0
1	14
7	0
75	19
0	0
3	0
0	0
0	0
13	2
0	16
0	0
0	0
42	0
0	0
1	0
27	0
0	0
1	3
0	0
11	0
3	0
0	0
8	0
6	0
0	0
6	0
0	0
2	13
0	0
8	5
1	0
0	5
12	3
0	0
0	0
0	0
0	0
5	0
0	0
4	0
2	0
0	1
0	0
1	0
0	0
4	0
0	0
0	0
0	0
0	0
3	0
0	0
0	0
0	0
2	0
1	0
0	1
0	0
0	0
1	3
4	0
0	0
6	0
2	0
0	0
0	0
0	0
1	0
6	0
4	0
1	0
2	0
0	0
2	0
0	0
0	0
3	1
0	0
0	0
0	0
0	0
1	0
0	0
1	0
1	0
0	27
0	4
9	3
2	1
0	0
6	0
1	0
6	0
1	6
0	10
0	1
0	5
0	0
3	3
0	3
0	1
0	1
0	0
1	0
0	1
0	7
0	1
3	0
0	0
2	0
0	0
0	0
3	0
2	0
0	0
0	0
5	0
1	0
0	0
3	0
5	0
0	0
0	12
5	11
1	0
0	4
1	0
0	0
1	0
3	0
81	0
0	0
0	1
0	0
0	0
2	0
0	4
11	13
1	0
1	0
0	0
2	3
0	0
7	0
2	0
3	0
2	1
0	0
6	0
8	10
0	0
3	0
3	0
0	3
2	0
0	0
0	0
0	1
0	2
0	0
0	0
0	0
0	0
0	0
1	0
2	0
0	0
7	3
0	0
5	0
0	0
0	0
1	0
4	1
0	0
1	0
0	0
0	0
0	1
0	1
0	0
3	0
2	0
2	0
0	0
4	0
6	0
1	9
0	0
0	0
0	0
0	0
0	0
0	0
1	0
0	0
2	0
0	0
2	0
0	0
0	0
0	0
2	0
0	0
0	0
4	0
5	0
0	2
1	0
0	0
6	2
0	0
1	0
1	0
2	0
0	0
0	0
3	0
0	5
1	2
3	0
0	0
1	0
1	0
2	0
5	10
0	0
0	0
1	0
0	0
1	0
0	0
1	0
0	0
2	0
0	0
3	0
2	0
0	1
1	6
4	20
0	0
1	0
1	0
0	0
2	0
0	0
7	0
3	5
0	0
3	0
1	2
0	0
0	0
1	5
0	2
0	0
0	0
3	0
0	0
2	0
0	1
14	6
2	0
1	0
6	4
0	0
1	0
0	0
4	0
12	0
1	1
0	0
6	0
0	0
0	0
0	0
0	0
5	0
3	0
3	0
4	0
1	6
1	0
2	1
0	0
0	0
0	0
0	6
0	25
0	0
2	0
1	0
1	0
0	2
0	0
1	0
0	0
2	4
1	0
3	1
2	0
1	2
6	0
2	0
0	0
0	1
0	3
6	0
0	0
1	0
0	0
1	0
4	2
0	0
36	29
0	0
1	0
1	0
1	0
0	4
1	0
3	4
1	0
0	0
2	0
1	11
0	0
2	3
0	3
0	1
5	0
0	0
0	0
13	0
0	0
2	0
3	16
22	16
0	0
0	2
0	8
0	6
0	1
2	0
0	2
0	0
5	0
7	0
4	0
0	0
0	0
0	0
5	2
0	0
2	0
0	0
0	0
1	0
0	0
0	11
1	8
0	0
78	5
0	0
0	0
21	0
1	0
16	0
5	0
1	0
3	1
3	4
3	16
0	0
7	0
2	0
1	0
9	0
0	17
6	10
0	0
0	0
0	61
0	0
1	0
0	0
0	0
4	6
0	0
2	0
1	1
0	0
6	6
0	9
0	23
2	0
0	70
2	3
0	0
2	0
1	0
0	0
0	0
0	1
5	0
0	10
0	0
0	6
0	0
0	0
24	1
0	1
0	0
0	1
0	0
2	0
1	0
0	0
0	0
2	5
0	4
0	0
0	8
12	0
4	0
18	0
4	0
1	5
0	0
0	0
0	0
1	3
0	0
0	9
2	0
0	0
0	0
23	6
65	100
3	1
4	3
0	3
0	0
0	0
0	0
1	0
3	13
3	0
9	0
0	0
0	0
0	0
1	0
7	0
0	0
1	0
1	0
0	4
0	0
3	17
1	0
7	1
0	0
9	15
0	6
1	0
1	0
3	0
6	9
0	0
9	1
0	0
8	0
0	0
0	0
0	0
32	1
0	0
2	0
5	0
1	0
0	0
11	8
1	0
4	0
1	0
0	0
0	0
0	0
1	5
14	2
1	0
2	0
0	0
1	37
0	0
16	0
2	0
0	0
3	0
0	0
0	0
3	0
13	0
0	21
10	0
3	0
4	1
2	0
0	0
0	0
3	23
4	1
0	0
5	1
1	1
0	0
0	0
0	0
1	5
0	0
1	0
0	0
1	0
4	0
1	0
0	0
0	0
0	0
0	0
0	0
1	0
171	36
3	1
11	0
41	16
4	0
0	1
1	0
5	0
218	0
4	0
0	0
3	0
0	0
0	0
0	6
1	0
2	0
0	0
0	0
2	0
3	0
5	0
0	0
2	1
0	0
5	0
1	0
1	0
2	0
0	0
0	1
3	16
1	0
0	0
0	3
0	5
0	0
6	0
0	0
0	0
6	3
0	4
2	9
0	0
1	1
4	31
1	1
2	0
1	0
0	0
1	5
35	44
0	3
1	0
0	1
0	44
112	7
0	0
4	0
7	0
0	0
0	0
7	0
14	100
22	0
14	4
5	0
0	0
1	0
5	0
0	0
0	0
0	0
6	2
0	6
4	1
0	0
3	0
3	0
4	0
0	0
1	0
2	0
0	0
0	0
0	0
0	0
6	0
0	1
10	0
1	1
0	0
1	0
0	0
3	0
0	0
3	0
5	0
3	0
1	0
5	0
7	0
0	0
0	0
1	5
0	0
7	0
6	0
0	41
0	1
1	0
0	0
0	0
3	0
2	0
0	0
0	0
1	7
6	0
0	16
4	0
1	11
0	1
3	0
0	0
3	0
0	5
3	0
4	0
9	0
0	0
0	0
1	0
0	0
0	0
8	2
2	0
1	0
0	0
0	0
0	0
0	1
15	0
4	5
2	5
6	0
0	0
61	0
0	0
4	3
4	3
7	0
3	0
0	0
0	0
7	16
1	1
0	11
108	102
1	0
26	1
3	0
1	0
1	0
0	0
0	0
0	0
0	0
0	0
2	0
0	0
0	18
3	0
1	3
1	3
0	4
0	0
1	1
2	0
7	0
4	0
9	0
6	0
0	0
1	5
4	0
0	0
2	2
0	0
0	0
1	0
2	0
11	0
5	0
0	0
2	0
2	0
0	0
2	0
1	0
2	0
3	0
4	0
3	3
0	0
2	5
2	0
0	0
4	0
0	0
0	0
52	0
0	1
2	0
1	0
1	0
0	15
0	0
0	0
0	0
2	0
0	0
2	0
1	0
0	0
0	0
10	8
0	0
1	0
2	0
2	0
2	0
3	0
1	0
0	0
7	3
0	0
0	0
0	0
1	0
0	19
3	0
2	1
0	0
0	0
0	0
0	0
0	0
0	0
0	0
4	0
1	0
0	3
0	0
0	0
6	0
2	0
0	0
1	0
4	0
0	0
0	1
1	0
6	0
2	1
2	0
7	2
0	18
16	28
4	1
2	0
2	1
2	0
0	6
2	8
4	10
11	0
0	0
1	0
0	0
3	0
8	0
0	5
2	0
0	0
5	0
15	0
0	0
0	2
1	0
1	0
0	0
2	0
2	10
1	0
0	0
2	0
2	4
0	13
25	0
0	0
0	0
0	0
1	0
0	0
0	0
1	0
3	32
0	5
0	2
0	13
0	1
2	0
60	47
1	3
0	12
0	17
2	0
1	0
9	2
3	11
4	0
1	0
18	0
0	14
29	244
0	0
2	0
37	37
0	0
0	0
3	0
14	3
3	4
1	0
2	0
5	0
0	2
0	0
5	22
11	3
36	0
0	0
0	0
1	0
1	0
1	0
7	1
0	0
2	5
0	22
0	0
3	0
0	15
0	0
0	0
0	0
5	0
0	0
0	2
4	0
0	2
2	2
5	0
2	20
0	1
1	1
1	9
7	1
1	3
3	0
0	0
0	0
0	0
0	0
0	1
0	0
20	0
0	0
6	0
0	13
1	0
1	0
3	0
0	0
0	0
1	0
4	0
1	0
0	0
0	0
2	0
0	0
14	915
4	0
0	0
2	0
0	0
6	0
5	4
7	1
4	0
1	0
0	3
1	0
16	0
0	0
1	0
4	0
0	0
2	19
0	1
1	0
4	0
2	3
0	47
3	0
15	0
3	0
1	27
0	2
2	6
0	37
0	0
2	0
0	0
0	0
10	21
70	49
0	3
11	0
5	0
2	13
0	0
0	0
0	0
0	0
0	7
1	11
1	0
0	3
0	0
0	16
0	0
3	0
8	34
8	0
0	19
0	29
0	1
11	0
0	2
0	1
2	14
4	0
0	0
0	0
0	0
0	9
4	2
2	0
0	0
3	1
0	0
0	1
0	0
1	7
3	4
13	1
158	583
3	0
0	3
0	37
1	0
0	0
3	0
1	0
1	7
0	27
1	0
1	0
1	0
1	0
5	0
0	0
0	0
0	7
202	0
0	0
5	0
2	0
4	0
19	1
0	2
0	0
1	0
6	0
0	0
0	0
1	1
0	0
3	10
1	0
0	0
0	0
0	1
0	0
4	0
0	0
0	2
1	0
0	0
0	0
2	0
0	0
0	0
4	3
2	0
0	0
1	1
0	0
3	3
3	0
0	0
1	0
2	0
1	0
1	0
17	26
0	0
0	0
0	3
8	0
1	0
0	0
6	0
0	0
0	0
1	0
0	0
1	0
0	0
6	3
0	0
0	7
6	0
0	2
1	0
5	0
0	0
6	0
0	18
0	0
15	27
1	0
4	0
2	0
1	0
1	0
0	29
0	0
3	1
0	0
0	0
112	0
0	0
2	0
8	1
0	0
0	0
162	0
0	0
1	0
0	0
0	0
9	0
6	0
2	0
0	0
0	0
3	0
1	0
2	18
0	2
0	1
2	1
0	0
8	0
1	0
0	0
1	0
8	0
3	0
1	0
0	0
1	11
1	0
1	0
2	0
4	0
0	0
6	12
0	0
0	0
1	3
0	0
1	0
2	6
3	0
4	0
12	0
7	0
3	0
0	0
0	1
0	0
1	15
0	0
2	4
1	0
0	0
0	0
3	0
9	0
0	0
4	0
0	0
0	2
1	3
0	0
3	7
2	13
0	1
1	8
0	0
2	0
8	0
4	10
2	0
0	1
0	0
0	4
7	0
0	1
0	5
5	0
1	0
4	0
4	2
1	3
4	0
5	1
5	0
0	0
0	0
0	0
1	0
4	0
1	0
2	0
0	4
0	0
1	0
0	0
2	0
0	0
1	0
1	2
3	1
0	11
1	0
1	0
0	0
6	1
1	0
0	0
0	3
0	0
3	0
1	2
0	0
3	0
0	0
0	0
1	1
0	0
0	0
0	3
2	0
1	0
0	0
3	0
11	0
0	0
0	0
0	0
3	0
0	0
6	0
35	9
2	0
2	0
0	3
3	0
0	1
7	0
47	13
0	7
0	0
0	0
1	4
2	0
6	0
0	2
4	0
2	0
0	5
1	0
6	0
3	0
4	28
1	0
3	3
0	0
0	0
0	0
0	0
4	15
0	8
119	138
6	28
7	0
0	0
5	15
4	0
1	0
0	3
0	0
0	0
0	0
0	0
10	0
0	6
0	5
0	0
0	3
0	0
0	0
1	0
0	0
3	0
9	0
0	0
1	0
0	0
0	0
1	0
2	0
23	2
0	0
0	0
0	1
3	0
2	0
4	0
4	0
0	2
2	0
0	4
0	0
0	2
0	0
0	1
0	8
0	1
1	41
0	0
2	0
0	0
0	0
0	0
0	0
2	0
2	0
3	7
8	0
0	3
0	0
8	0
0	0
0	0
0	5
0	0
0	0
0	0
0	0
0	6
0	5
0	0
2	0
4	0
0	0
0	15
9	0
4	0
1	0
2	0
6	4
1	0
3	1
13	3
2	0
11	0
3	1
1	0
0	0
0	0
0	0
0	0
5	0
0	0
2	0
6	10
0	15
2	0
1	0
3	0
0	0
0	0
0	0
1	10
13	0
0	0
1	0
9	0
1	0
7	0
3	0
3	0
9	3
0	0
3	0
1	0
0	0
31	0
9	2
0	0
0	0
3	0
0	11
4	0
0	13
4	3
0	0
0	0
1	0
2	1
0	0
0	0
0	4
8	0
0	0
0	0
2	0
1	0
0	0
4	0
9	0
11	1
1	5
11	0
0	0
7	0
0	18
0	0
0	0
3	0
0	0
3	0
0	0
0	18
0	0
3	65
3	2
0	0
0	0
1	3
0	0
0	0
8	5
0	1
0	0
0	0
1	0
2	10
0	0
0	19
0	15
1	9
0	0
0	0
1	0
0	1
5	1
9	0
0	0
1	0
0	0
4	0
0	0
0	1
1	1
0	0
0	0
2	3
3	0
0	0
0	0
1	14
1	0
0	7
0	0
2	0
0	0
0	0
0	0
6	1
0	7
3	13
0	0
1	3
0	0
0	1
1	0
0	0
1	0
0	0
0	0
1	0
12	8
0	2
0	0
0	1
0	0
0	1
0	0
4	7
0	0
0	1
3	0
0	1
0	0
1	2
3	0
0	3
0	4
7	0
0	0
0	0
2	0
5	0
4	0
0	0
2	0
14	0
1	0
6	1
1	0
0	0
8	0
0	3
0	0
0	19
1	0
0	0
3	0
4	1
0	0
0	1
11	0
3	0
5	0
0	2
0	1
7	8
0	0
0	0
14	15
0	0
10	0
2	0
0	1
2	0
0	10
5	0
0	0
18	0
1	5
0	7
0	0
1	0
0	0
0	0
0	0
0	0
1	10
0	2
0	0
4	0
0	2
0	0
2	0
0	0
3	0
4	0
0	0
0	4
0	0
0	0
5	0
3	2
0	0
0	0
1	8
3	0
0	0
0	0
0	0
2	2
6	0
0	0
1	0
0	0
0	0
0	0
1	1
0	0
2	0
0	0
1	0
2	3
0	7
1	15
7	0
0	0
16	0
0	0
6	9
12	0
0	0
2	0
0	5
2	7
5	0
0	0
10	0
3	1
0	0
10	1
5	0
2	10
35	0
2	0
2	0
0	0
0	0
0	0
10	6
5	0
4	0
2	0
5	12
0	0
0	0
1	0
9	8
0	1
5	0
0	0
0	3
3	0
9	0
1	0
0	0
1	0
8	1
1	0
5	0
0	0
1	0
3	0
2	0
0	0
2	0
4	2
20	0
0	0
5	0
5	1
0	61
2	0
16	0
16	0
39	46
1	0
0	0
1	0
0	0
2	1
5	0
9	8
22	0
2	0
2	0
0	4
2	0
1	0
3	11
3	0
2	0
0	0
0	1
5	4
0	0
3	0
0	0
0	0
6	0
10	0
0	0
6	0
0	0
230	0
5	3
0	0
0	0
0	0
0	0
0	3
1	3
0	4
7	7
1	0
0	3
1	0
0	35
0	6
3	0
1	0
5	0
1	0
0	0
0	0
0	10
0	0
2	0
0	0
0	1
0	0
0	0
1	0
2	0
0	0
0	0
1	0
0	0
0	0
0	0
11	0
1	0
0	0
3	5
0	1
0	0
6	0
3	0
0	4
0	0
2	8
21	0
118	2
0	1
1	1
3	0
3	0
4	0
1	0
0	4
0	0
0	0
0	0
6	0
0	0
9	14
0	3
0	0
7	0
0	1
4	0
1	0
0	0
24	7
6	0
2	0
6	0
0	12
1	0
0	2
7	0
4	0
1	0
0	0
0	0
2	0
2	0
3	0
0	0
0	0
1	0
0	1
0	0
6	0
0	0
1	0
1	0
1	6
1	0
5	0
4	0
0	0
0	0
0	24
5	3
1	1
0	0
3	0
0	0
0	0
1	0
0	0
0	3
0	0
0	0
0	1
2	0
216	0
0	19
12	5036
0	1
0	0
0	0
0	0
7	2
5	0
1	3
2	0
4	0
0	0
3	8
2	0
2	0
1	0
0	0
0	1
0	0
3	0
0	0
0	0
2	0
0	0
5	6
1	0
0	0
1	1
0	0
1	0
3	0
0	0
0	0
1	1
0	2
2	0
3	0
1	0
0	0
4	2
2	0
0	1
0	0
1	0
1	0
27	0
0	0
0	59
0	0
0	0
9	1
0	0
3	0
0	6
1	1
0	0
0	0
2	0
6	5
0	0
1	0
2	0
42	29
1	0
4	0
1	0
0	0
1	0
3	0
5	0
0	0
0	0
0	0
0	0
0	0
0	1
62	48
0	14
1	0
0	0
0	0
0	17
0	0
9	0
9	0
3	0
2	0
34	0
0	0
3	0
0	0
1	0
0	0
3	0
10	7
3	2
0	0
0	3
0	0
0	28
4	0
9	0
12	244
0	10
0	0
0	0
4	7
72	0
5	2
1	0
3	13
4	0
18	1
58	38
0	0
2	0
0	0
0	0
1	5
7	0
6	0
3	0
1	0
1	0
6	21
3	2
3	0
0	0
1	0
2	0
5	0
8	0
1	0
5	0
9	0
1	0
0	0
1	0
0	15
0	0
1	0
1	0
1	0
0	0
4	0
0	1
5	0
1	0
2	0
1	0
1	3
0	1
0	0
0	0
0	0
1	0
0	0
4	0
6	0
12	4
0	0
0	0
0	0
2	0
1	0
5	21
3	0
3	0
1	0
0	1
0	0
0	0
8	0
0	0
0	0
0	0
0	0
0	0
3	0
0	0
0	0
0	0
0	0
3	0
0	0
0	0
2	0
5	3
0	9
0	15
2	0
0	0
1	101
0	0
0	0
2	0
1	0
2	5
2	1
0	0
10	0
0	0
0	0
9	0
1	0
0	0
0	0
1	0
5	3
1	0
1	1
0	0
0	0
0	0
0	0
3	0
1	0
2	0
0	0
1	0
0	0
7	0
0	0
7	1
3	0
1	0
9	0
5	0
4	0
0	0
0	0
2	3
5	1
0	11
0	0
0	0
0	0
0	5
0	3
3	0
1	0
9	0
0	0
3	0
3	0
1	0
4	6
0	0
1	0
0	0
0	1
0	0
0	0
0	9
0	0
0	0
0	0
0	0
0	0
6	7
0	1
1	0
2	0
3	0
77	0
0	0
0	0
9	0
23	0
13	0
2	3
1	2
1	0
0	0
0	1
0	22
2	1
10	1
0	0
0	2
2	0
1	0
0	0
0	0
0	0
0	0
0	2
1	0
0	0
0	0
13	1
2	1
6	0
5	0
0	1
8	0
3	4
0	0
0	2
0	0
0	0
0	0
0	0
2	10
3	0
2	5
2	0
1	7
0	0
1	0
1	0
0	0
3	0
0	0
2	0
3	0
0	0
3	5
0	0
0	0
0	0
2	4
2	0
3	0
0	0
0	0
3	0
1	4
0	0
2	0
10	0
0	0
0	1
0	0
1	6
0	0
0	0
0	0
0	1
1	0
11	1
3	0
22	37
3	2
1	0
0	0
9	0
7	0
2	0
0	0
0	8
0	9
1	10
102	14
0	0
6	0
0	0
0	0
0	0
1	6
0	0
17	2
0	0
0	0
4	2
1	0
0	0
5	1
17	1885
9	0
1	0
3	8
5	0
3	1
0	0
2	0
0	0
1	1
0	0
0	4
9	2
0	0
0	32
0	0
0	5
6	0
1	0
1	0
0	0
4	0
7	2
0	35
1	0
0	3
29	0
1	0
0	0
0	8
0	0
7	0
0	0
3	0
37	0
2	0
3	0
4	15
0	0
0	0
0	0
9	9
0	0
1	1
9	4
3	0
2	0
15	1
0	0
0	11
0	0
3	5
0	1
0	4
1	0
1	0
5	0
0	0
3	0
6	2
0	0
1	0
0	1
2	0
4	0
2	2
0	0
1	0
3	0
0	0
4	25
2	0
0	25
5	0
2	0
1	0
2	0
80	43
0	0
0	0
44	67
39	16
2	3
3	0
1	0
6	15
4	0
6	0
0	0
3	0
0	0
1	0
1	0
3	2
0	0
8	0
0	0
2	0
0	0
4	1
1	0
2	0
0	0
3	0
1	0
0	0
26	1
3	0
0	0
5	2
1	5
2	2
1	0
1	0
2	0
6	0
1	0
2	0
1	0
0	0
1	3
4	4
1	0
15	0
63	0
9	0
1	0
0	0
1	3
1	0
1	0
0	0
0	0
0	0
11	12
5	1
0	2
0	0
0	0
0	0
2	0
2	0
13	0
4	0
0	0
0	0
1	0
0	6
0	0
1	0
0	19
0	0
0	0
0	0
2	0
0	6
1	3
0	0
2	0
0	0
1	0
2	0
0	0
5	0
0	0
1	0
0	2
1	0
7	0
0	0
1	0
5	19
2	0
2	0
1	0
0	0
5	4
55	91
4	0
0	10
0	0
0	11
3	5079
8	0
0	0
0	10
1	0
2	58
3	0
1	0
2	0
1	1
5	0
3	0
0	2
0	0
0	0
0	0
12	145
1	0
2	1
0	0
7	6
1	0
0	0
4	1
0	0
0	5
0	4
1	8
1	4
0	0
0	0
12	0
0	0
2	0
0	0
0	7
0	1
2	0
0	0
6	0
10	7
9	0
13	0
0	0
0	0
0	2
0	0
5	0
0	3
1	0
1	0
0	0
1	0
2	0
0	1
0	0
2	0
7	0
14	5
0	65
2	0
0	4
1	0
5	9
0	0
0	0
1	0
13	16
2	0
4	0
1	3
1	0
11	0
0	0
0	2
24	0
0	6
6	0
0	0
0	0
5	0
81	0
1	0
3	0
0	5
2	8
5	0
9	20
7	0
0	15
2	0
0	0
0	0
3	0
2	0
0	0
3	0
14	0
0	0
11	0
33	0
7	0
1	0
5	6
5	0
0	0
0	0
9	0
3	0
0	0
0	0
1	0
2	0
9	0
0	0
84	0
0	0
0	0
2	8
0	0
1	2
0	0
3	0
1	2
0	3
7	0
1	0
0	0
1	0
0	0
0	0
0	0
0	0
0	0
0	0
3	6
0	0
0	0
0	0
0	0
0	0
3	0
0	0
3	12
0	0
3	0
1	0
1	0
0	0
4	0
0	0
3	6
0	0
158	7
0	0
0	0
9	0
3	0
4	1
0	0
11	0
2	0
0	0
0	2
6	0
0	0
0	24
1	0
0	0
4	0
0	0
4	0
0	8
1	0
0	0
0	1
0	0
7	0
11	0
7	0
0	0
0	0
1	0
0	0
0	13
0	0
0	0
0	0
4	0
3	0
2	0
0	1
0	0
8	0
2	0
4	17
0	0
0	2
1	1
0	0
1	0
1	0
0	0
0	0
8	0
9	0
0	0
2	0
0	0
5	0
8	0
7	1
7	0
2	0
9	0
5	0
5	2
0	0
0	0
2	3
1	17
1	3
0	0
0	0
2	0
1	0
0	0
0	6
4	0
9	1
3	6
0	6
13	0
0	1
3	0
1	0
0	5
0	0
6	0
119	0
3	84
1	0
0	9
0	4
0	10
0	0
5	0
5	0
0	11
4	0
7	0
0	0
3	0
4	0
1	0
0	0
0	0
0	0
0	0
1	0
0	15
0	1
0	0
0	0
3	13
0	0
0	1
0	1
0	0
9	0
4	0
53	0
0	0
0	0
12	0
0	0
0	0
0	2
9	1
2	1
2	0
4	0
9	0
2	0
3	2
0	0
2	2
1	0
0	0
3	0
7	0
5	2
0	0
0	0
0	0
1	1
0	0
1	0
2	0
0	0
4	0
0	0
0	0
3	0
0	0
10	0
0	0
8	0
1	0
1	0
0	0
1	0
0	0
0	5
3	0
2	0
1	0
2	0
3	0
1	0
0	0
0	0
0	0
8	2
4	0
9	21
0	0
0	0
0	7
12	0
5	0
0	0
0	0
11	0
2	4
1	3
0	0
0	0
3	0
0	2
0	0
0	0
0	0
3	0
1	1
1	0
0	0
0	0
12	0
2	2
0	0
9	14
0	0
6	3
0	1
2	0
5	0
0	0
0	0
0	0
1	0
2	10
0	0
1	0
10	0
0	0
4	1
1	0
0	0
0	5
0	4
1	1
2	0
1	0
0	0
1	0
0	0
5	0
0	0
0	0
9	1
0	0
1	0
11	2
4	0
0	0
0	0
2	0
1	0
1	0
0	0
0	0
0	0
0	0
7	0
1	0
3	0
1	4
0	0
2	0
0	0
0	0
3	3
9	0
2	0
0	0
0	0
1	0
0	0
0	0
0	0
4	0
6	0
0	0
0	1
0	0
5	0
1	0
3	0
0	0
2	1
1	0
2	0
0	0
0	0
7	0
1	0
1	0
0	7
5	0
0	0
0	0
0	0
11	0
1	16
3	0
0	1
0	0
4	2
1	0
13	0
0	0
0	0
3	0
0	0
0	1
0	4
0	0
5	0
0	0
1	0
1	0
0	1
1	1
1	0
2	0
0	5
28	0
6	6
6	7
4	8
2	0
0	0
0	6
0	18
7	0
0	3
0	0
12	7
2	2
1	0
0	0
0	1
0	0
0	0
0	0
0	0
3	0
1	0
0	0
0	0
1	7
90	0
8	12
1	0
3	2
39	0
0	0
6	0
4	4
3	0
2	0
3	0
0	0
1	0
0	0
5	1
7	0
0	0
1	0
9	0
0	0
30	3
0	0
5	10
4	0
3	6
3	3
6	8
0	0
0	0
0	0
6	1
0	0
64	5
0	24
27	11
0	0
14	0
4	1
2	0
2	0
3	0
0	1
1	0
0	0
0	0
4	0
10	0
2	0
1	7
0	0
2	0
1	0
1	0
7	3
0	0
0	0
115	29
32	0
1	0
0	0
4	0
0	0
3	0
1	0
6	3
0	13
0	5
2	0
0	0
1	0
8	14
0	0
0	0
0	3
0	0
4	0
4	0
1	0
4	0
4	0
0	2
11	0
1	0
1	0
1	23
1	0
0	0
0	0
2	1
2	0
0	0
0	0
0	1
5	2
0	2
0	0
0	0
0	0
0	1
0	3
0	1
0	1
0	0
0	0
0	0
1	0
1	0
0	0
3	0
3	0
0	0
0	0
2	0
31	0
0	0
0	0
0	0
0	0
3	0
3	0
63	0
4	0
0	0
0	0
2	0
0	0
0	0
16	0
2	0
0	0
0	0
4	0
0	0
2	0
6	0
0	0
0	0
0	0
9	0
9	0
5	0
6	0
0	0
1	0
1	0
2	0
2	0
6	0
0	1
22	8
0	8
0	2
0	1
1	0
4	2
2	2
0	0
2	0
0	3
2	3
0	0
0	0
0	0
1	0
128	0
3	3
2	3
613	118
0	17
22	9
0	1
5	0
34	45
0	43
0	1
0	0
7	49
0	14
2	38
0	32
3	0
3	0
0	0
0	0
5	0
3	0
0	0
0	1
0	3
0	3
0	3
0	3
0	3
0	3
1	3
0	2
4	0
0	0
114	9
250	9
1	0
0	0
5	21
11	2
3	34
1	10
0	3
10	20
0	0
0	0
0	0
1	0
17	0
0	0
217	40
0	40
23	7
28	110
0	96
2	104
0	6
1463	12
0	4
0	8
1	0
0	0
457	5
0	5
3	0
1	0
5	10
0	10
2	7
0	6
7	23
0	4
4	5
28	1419
1	1423
6	30
0	2
0	0
0	0
0	0
1	3
2	0
1	3
2	3
0	1
20	13
0	0
0	1
0	15
0	15
11	15
19	1
0	1
2	11
1	0
101	32
0	27
1	3
0	4
0	0
0	0
0	0
55	12
0	24
0	24
2	9
0	9
3	2
2	2
0	2
1	30
0	32
0	7
0	15
0	0
2	6
0	1
0	1
0	64
0	4
1	0
3	0
2	0
9	0
2	0
0	0
1	0
0	0
1	12
3	0
0	0
0	0
6	4
0	4
108	25
0	3
0	23
0	0
0	0
0	0
6	0
4	0
0	0
0	0
0	0
249	12
0	12
1	5
0	3
1	0
2	4
0	1
0	3
0	3
0	0
3	0
0	0
1	1
0	0
1	0
0	1
13	1
14	1
0	1
1	1
0	8
0	8
1	28
0	0
0	1
0	1
0	1
0	1
0	5
0	4
0	5
0	0
19	0
1	2
0	2
12	0
3	1
0	0
0	2
0	2
0	2
4	7
4	8
0	6
0	0
0	6
2	0
1	3
1	5
0	2
0	16
2	1
0	1
6	66
7	66
0	11
0	15
0	6
0	0
0	1
0	1
0	0
0	0
0	6
0	3
0	6
0	24
0	24
8	11
0	11
0	1
0	4
1	0
2	0
2	0
0	0
0	3
44	41
278	36
0	6
0	4
0	7
3	7
0	11
1	0
0	1
0	1
1405	9
8	8
0	7
30	7
0	6
0	1
0	1
1	0
63	1
0	0
1	0
0	3
0	1
0	0
4	3
0	3
1	0
0	1
0	0
0	0
2	0
0	0
0	0
0	0
0	0
6	0
0	5
0	5
0	0
0	0
0	0
0	5
0	5
0	0
3	11
0	0
0	1
0	1
0	12
1	0
45	3
0	0
0	2
0	2
4	8
62	37
13	43
0	27
0	26
0	0
0	9
1	0
10	0
13	0
2	0
5	0
0	0
96	0
0	35
0	1
2	21
7	0
0	0
0	41
0	26
0	0
0	2
4	5
2	1
0	1
0	1
1	3
0	3
5	0
1	0
9	58
0	6
4	10
0	10
2	8
0	8
0	0
0	1
0	0
0	0
0	1
0	2
0	0
0	0
1	0
0	8
0	2
0	5
8	5
0	4
12	5
20	1
6	1
1	2
0	2
2	0
4	2
0	2
0	0
0	5
2	5
14	6
0	1
13	4
0	4
3	1
0	0
0	0
0	16
0	3
8	0
3	9
0	8
0	3
0	3
9	0
0	0
0	0
1	0
7	1
0	1
0	4
0	4
0	0
0	0
0	6
0	6
0	0
5	56
0	50
0	50
33	2
2	3
8	2
0	2
5	3
0	3
10	4
0	0
0	1
0	1
0	15
0	11
1	1
0	0
3	5
5	10
0	10
2	1
0	1
15	76
0	20
1	0
22	0
0	0
0	0
1	0
14	8
0	8
9	0
0	0
6	0
0	0
10	0
5	1
0	1
0	0
0	1
0	8
0	0
2	5
0	5
0	0
0	0
149	35
0	2
2	0
0	0
0	37
0	22
2	11
0	13
28	9
3	0
4	9
9	87
0	38
0	0
0	66
3	15
8	0
6	21
0	8
0	15
3	0
0	0
0	0
0	6
0	3
42	0
1	1
1	1
0	1
2	0
0	0
18	42
0	3
40	51
54	42
3	42
0	3
10	23
0	0
0	4
5	5
12	0
0	0
0	11
0	9
0	9
7	3
235	62
5	13
9	13
5	0
13	0
1	0
0	0
57	0
0	0
15	2
0	1
5	1
0	1
1	0
1	0
0	0
0	0
1	1
0	1
0	0
2	0
0	0
0	21
0	2
2	1
0	0
0	0
6	3
0	2
3	10
0	9
8	3
0	1
223	488
27	488
5	25
1	14
239	25
1	2
0	0
0	3
0	13
0	14
6	0
3	0
2	5
0	5
3	1
0	1
0	0
1	0
0	1
0	1
0	4
3	2
0	6
0	4
14	14
0	9
8	6
0	2
14	1
0	0
0	1
0	0
0	3
0	2
9	2
2	0
0	0
110	1
0	1
0	2
0	2
0	1
3	0
0	0
8	36
7	36
0	12
1	0
6	0
1	9
9	7
0	6
1	3
2	3
0	2
2	2
0	0
3	3
0	0
0	1
0	1
1	0
2	0
2	0
0	8
29	8
4	6
0	7
0	6
30	190
1	2
6	10
2	0
1	3
3	0
0	0
3	0
0	62
0	95
53	4
0	1
3	0
0	0
0	0
0	0
3	22
0	1
2	30
0	28
1	6
0	5
10	1
0	0
37	0
0	0
3	0
0	0
0	0
1	0
0	0
4	0
6	0
0	0
1	0
0	0
0	0
2	0
4	0
5	0
1	0
1	0
0	0
0	0
2	0
5	0
0	0
0	0
2	0
0	0
0	1
0	0
0	0
1	0
0	1
0	0
0	0
5	0
0	0
0	0
0	0
2	0
0	0
1	0
0	0
0	0
3	0
1	1
0	0
1	0
2	0
0	0
0	0
0	0
0	0
0	0
0	0
0	0
0	0
7	0
1	4
0	0
0	0
4	1
0	0
4	0
1	0
1	0
4	0
0	0
0	0
2	0
0	0
8	0
1	0
1	0
0	0
0	0
0	0
0	0
0	0
0	0
161	0
3	0
0	0
1	0
0	1
0	0
0	0
3	1
0	0
0	0
0	0
0	0
0	0
0	0
0	1
4	0
0	0
0	0
0	0
0	0
1	0
0	0
0	0
0	0
0	0
1	7
0	0
3	0
2	0
0	0
1	0
2	2
1	0
0	0
2	0
0	0
0	0
1	0
1	0
2	0
0	0
0	0
4	2
1	0
0	0
4	1
3	0
0	0
1	0
3	0
6	0
0	0
1	1
41	0
4	0
1	0
0	0
0	0
5	0
1	0
9	0
0	0
1	0
1	0
0	0
0	0
0	0
0	0
0	0
0	0
0	0
0	0
0	0
2	0
6	0
2	0
4	0
0	0
0	0
0	0
1	0
1	0
1	0
5	1
2	0
1	0
0	0
0	0
10	0
0	0
0	0
3	0
1	0
1	0
0	0
3	0
4	0
0	0
6	11
0	0
0	0
0	0
5	0
0	0
0	0
0	0
1	0
0	0
0	0
3	0
11	0
0	0
11	1
1	0
0	2
2	3
3	17
0	0
0	0
0	12
0	2
0	2
0	2
0	0
0	1
0	0
3	7
0	5
0	11
0	0
2	1
4	4
0	12
0	4
11	7
3	10
1	3
3	10
2	15
0	1
1	5
0	164
0	0
0	12
3	5
12	24
4	9
0	0
0	0
0	0
1	0
2	2
0	0
0	1
0	1
0	0
0	0
2	0
0	14
0	1
0	51
0	14
0	0
0	3
0	0
0	12
0	0
0	40
0	9
6	0
0	0
2	1
0	10
2	0
0	62
0	0
2	3
0	0
0	9
0	0
0	8
2	23
4	0
4	0
0	0
2	0
0	0
2	0
0	11
4	2
0	0
2	0
0	0
0	55
0	14
0	1
1	0
1	0
0	3
0	8
0	45
0	55
0	0
0	42
0	3
0	0
0	2
0	0
1	0
2	2
0	19
0	1
0	13
0	29
6	46
0	48
0	0
1	0
1	2
1	0
0	0
0	0
0	50
0	0
0	6
2	0
0	3
0	0
0	0
1	16
0	0
0	63
0	15
0	48
1	0
0	195
5	0
1	28
0	0
0	0
0	1
0	14
0	1
0	15
0	0
4	35
0	6
0	0
0	46
2	0
0	0
0	0
0	14
0	3
2	4
0	0
1	0
0	8
1	1
0	3
0	0
0	24
0	3
0	13
2	0
0	0
0	61
0	0
0	0
0	0
0	7
0	0
0	2
0	0
0	0
0	0
1	0
0	63
0	1
0	0
0	4
4	0
0	1
0	0
0	8
0	2
0	0
0	0
0	6
0	72
0	9
0	2
0	0
0	3
0	0
0	3
0	0
2	0
0	3
0	3
0	13
0	63
0	0
0	0
0	53
0	29
0	0
0	1
0	35
11	0
0	0
0	0
0	14
0	63
0	49
17	492
0	0
0	14
7	0
0	8
0	51
3	46
0	33
0	53
14	0
8	1
0	4
0	49
0	1
0	1
5	0
1	5
0	1
1	0
1	1
3	4
0	0
0	5
0	1
0	0
0	4
2	9
0	2
0	2
0	0
0	0
1	0
0	0
0	0
0	0
0	0
0	0
0	55
0	62
0	56
0	0
0	1
0	26
0	0
0	0
0	0
4	0
0	0
0	0
1	0
0	51
0	10
0	12
1	9
0	2
0	4
0	0
4	0
0	0
0	55
0	55
1	0
0	0
0	0
0	0
0	55
0	41
1	6
2	3
2	0
0	0
0	0
0	5
0	7
0	4
3	2
0	0
6	0
3	0
3	3
3	3
0	3
0	25
0	0
0	1
0	0
0	5
0	10
0	3
0	2
0	51
0	27
3	3
0	0
0	1
0	13
0	25
2	4
1	63
0	13
0	1
0	74
0	3
0	8
4	3
0	57
0	16
0	16
0	0
0	29
1	19
0	8
0	12
2	1
0	0
12	1
0	0
0	0
0	0
1	0
2	39
0	59
0	5
0	10
0	7
0	2
2	2
0	3
0	11
0	0
0	40
0	62
0	9
4	0
0	7
0	12
0	25
1	11
1	4
0	7
2	19
0	2
0	1
1	6
0	49
0	11
3	1
0	0
0	2
4	2
0	1
0	0
1	0
0	17
4	0
0	6
12	9
1	0
3	1
0	0
12	0
0	1
0	0
6	0
5	0
1	0
0	0
7	0
0	0
0	24
0	3
0	4
0	0
0	12
2	1
0	41
0	0
5	0
3	0
0	13
5	13
2	1
0	0
0	50
1	13
0	0
3	0
0	1
0	27
0	8
2	10
0	7
11	0
0	4
6	2
1	0
0	1
3	9
3	7
0	16
0	56
0	5
0	14
0	25
0	41
5	0
0	10
5	2
0	48
0	45
0	12
0	26
0	0
0	2
0	17
0	21
0	1
2	0
0	74
0	19
0	0
0	13
0	0
1	0
0	17
5	0
8	0
0	51
0	0
2	2
0	0
0	6
1	0
1	0
0	0
0	3
6	1
0	0
0	2
27	36029
0	17
0	16
0	10
7	4800
11	18558
4	7
0	49
1	0
0	27
0	17
0	62
0	21
6	0
1	0
0	1
0	2
0	0
0	10
0	0
0	0
8	5
1	2
0	0
0	5
0	27
0	0
0	20
0	72
0	0
1	3
0	0
0	30
1	2
5	3
0	6
0	4
0	2
2	11
1	0
0	6
2	8
4	1
2	1
0	44
0	60
0	12
0	32
2	0
0	3
0	2
0	11
0	0
0	4
0	0
0	17
1	1
0	29
0	0
0	0
0	0
0	45
2	7
0	17
6	6
0	35
1	0
2	3
2	0
1	3
2	0
2	14
0	0
1	0
1	21
0	0
4	11
0	6
3	0
2	13
3	14
5	21
5	0
0	0
0	6
0	8
0	2
0	20
0	4
8	19
0	0
0	9
0	47
1	7
0	2
0	0
2	2
0	7
0	1
0	0
0	2
0	10
0	44
0	33
0	8
0	0
0	8
0	22
0	0
0	38
0	0
1	54
5	2
0	14
0	9
0	0
0	9
0	3
0	18
0	11
0	3
0	0
0	0
0	0
0	25
0	6
0	0
0	6
0	14
0	72
0	58
0	0
0	0
0	8
0	42
0	62
0	12
0	1
0	4
1	22
0	9
10	6
0	46
0	49
11	3
6	0
0	11
0	327
2	4
0	0
0	0
0	0
0	2
0	0
0	1
0	32
0	53
1	0
0	5
0	0
0	0
4	0
0	14
0	4
0	0
1	10
6	2
24	13
0	14
0	16
3	17
0	1
0	0
0	0
0	7
0	18
2	6
4	0
1	44
0	22
1	0
0	3
4	0
1	0
0	29
0	0
3	0
0	3
0	61
1	0
0	0
0	0
1	0
0	0
0	1
1	0
1	0
0	7
0	0
0	49
0	2
2	0
0	0
1	2
0	17
0	0
0	0
0	0
10	0
0	0
0	0
0	0
0	1
0	1
0	1
0	0
0	0
0	0
0	0
0	0
0	42
0	9
8	0
0	0
0	0
0	1
0	0
0	0
0	10
0	10
0	3
1	16
7	0
0	3
0	0
0	5
0	19
0	0
0	47
29	0
0	0
3	4
0	12
0	1
0	68
0	1
0	3
0	1
0	0
0	19
0	0
0	0
1	3
2	38
0	0
0	1
10	0
0	0
0	0
0	0
0	14
0	0
0	16
0	0
8	0
0	0
0	11
0	3
0	1
0	9
0	0
0	12
0	36
3	12
0	0
0	55
0	55
0	41
0	11
0	3
14	1
0	1
0	3
1	0
0	1
0	9
0	0
0	62
2	0
6	0
1	0
0	0
0	0
0	5
0	1
0	0
0	0
0	2
0	25
0	0
0	0
0	27
0	47
0	41
0	1
0	0
1	0
0	0
0	0
0	17
0	0
1	0
0	40
1	0
1	0
1	8
13	1
7	1
3	6
2	8
0	0
0	14
0	0
15	2
0	18
0	0
1	0
0	0
0	0
0	0
2	0
0	0
0	0
1	0
0	0
0	20
0	0
0	0
0	0
0	0
0	0
0	0
0	1
0	23
0	0
0	0
0	0
0	9
1	4
0	8
0	60
0	0
0	16
0	0
1	0
0	1
0	1
1	0
6	0
9	0
4	0
0	5
0	0
0	0
0	11
0	0
6	0
12	1
0	0
3	0
1	19
0	16
0	1
0	15
0	0
0	0
3	0
1	0
0	9
0	0
1	0
0	0
0	0
0	0
1	0
0	1
0	24
0	17
0	15
3	17
0	7
0	0
6	1
2	1
0	17
0	15
0	39
1	10
0	8
0	40
0	32
0	10
0	16
0	24
0	53
0	0
0	2
0	12
0	4
0	63
0	44
0	0
0	2
0	0
0	3
0	4
0	0
0	1
0	1
0	0
0	1
0	2
1	0
0	0
0	1
0	0
0	0
0	0
0	1
3	0
0	0
0	1
1	0
3	32
1	37
0	95056
0	33347
2	30967
0	17
0	8
1	4
0	0
0	103597
1	0
0	0
0	19
1	2
0	0
0	76889
3	2
2	3
0	22
0	51
0	0
1	0
4	0
0	0
0	14
0	62
0	26
2	10
0	88324
0	0
0	0
0	59643
0	0
0	0
0	0
0	19
1	6
1	0
0	2
0	0
0	0
10	9
1	5
0	49
2	0
2	0
0	71
0	39
0	68
0	1
0	5
0	1
0	1
28	0
4	0
0	17
1	0
0	0
0	0
0	55
0	57
0	49
1	11
0	0
0	7
0	0
0	19
10	10
0	57
0	28
0	0
0	30
0	16
0	17
4	0
0	0
0	0
0	0
0	0
9	2
0	10
1	0
4	0
3	1
0	0
5	0
0	0
0	0
2	0
0	2
0	0
0	0
0	0
3	0
0	0
0	0
0	0
0	0
19	35
4	0
0	0
0	1
98	0
0	0
0	0
0	31
0	0
0	3
0	0
0	70
0	14
0	17
0	0
3	0
0	2
1	4
0	4
0	3
1	0
1	0
1	4
0	0
0	71
0	0
0	41
2	0
0	0
0	0
1	0
0	3
0	5
1	2
0	0
0	3
0	5
0	2
0	3
0	5
0	1
0	0
2	0
1	2
3	44
1	0
1	0
2	0
0	2
10	1
1	1
8	0
6	2
0	0
0	0
0	0
1	0
0	0
0	0
27	81
0	0
7	2
1	0
10	5
2	0
0	0
12	0
0	0
0	0
2	0
0	17
17	115
0	0
0	0
1	1
0	0
0	0
0	0
0	0
1	0
0	0
11	171
3	9
0	0
23	90
94	3
145	26
0	3
0	4
3	0
0	0
0	17
0	5
0	0
1	0
0	1
2	0
3	0
8	6
2	0
0	0
3	2
2	0
0	0
5	3
0	0
0	4
1	1
0	2
0	1
0	0
1	0
0	0
0	0
2	0
0	0
0	0
10	1
0	0
1	1
11	16
12	8
0	1
0	1
0	0
0	18
0	2
0	4
0	3
10	0
2	0
0	1
0	0
4	0
0	1
0	0
3	0
4	0
0	0
0	0
0	0
0	0
0	0
0	0
0	0
0	0
0	0
0	0
0	2
0	4
0	0
0	4
0	2
3	0
0	2
3	3
0	0
0	0
2	0
1	0
2	5
0	5
0	1
1	0
0	0
0	1
4	0
0	6
0	3
0	0
0	0
0	0
0	0
0	0
0	0
0	0
0	0
0	0
0	3
0	1
0	0
1	1
0	2
0	0
0	2
2	0
0	0
2	0
1	1
0	6
8	0
1	0
1	4
0	4
0	0
1	0
0	2
1	5
0	0
5	0
0	4
10	4
1	0
0	4
1	0
0	4
0	0
3	1
0	1
0	2
0	5
0	3
0	0
2	0
0	5
0	5
2	0
0	3
0	2
0	2
0	0
0	0
0	0
1	4
4	0
0	3
0	0
3	1
0	0
0	0
0	0
0	0
1	0
0	0
0	0
3	0
0	0
0	0
0	0
1	0
0	0
0	21
1	0
0	1
0	0
8	0
0	0
0	1
0	3
0	0
1	0
2	0
0	0
0	0
0	60
1	0
2	4
10	0
0	39
0	33
0	0
0	0
3	0
0	5
5	0
0	0
1	0
0	0
0	0
0	0
0	25
0	0
0	0
1	0
0	1
0	0
0	0
4	9
0	4
1	6
2	6
1	0
0	1
0	3
1	0
1	7
8	0
0	0
1	0
6	0
0	0
0	0
0	0
0	0
5	0
0	0
0	11
0	12
1	0
0	0
0	0
0	0
7	0
0	0
1	0
0	0
0	0
0	39
0	0
1	0
0	0
1	0
4	0
1	0
0	14
0	42
0	0
0	68
2	0
0	68
1	0
0	0
0	25
0	11
0	0
0	0
0	13
2	0
0	4
0	5
1	0
36	0
2	0
0	0
1	0
0	0
1	0
0	0
1	0
0	0
0	0
0	3
0	0
0	0
1	3
3	0
3	0
1	9
3	0
0	0
1	6
0	7
0	0
2	0
0	0
1	6
0	0
0	0
6	0
0	0
0	0
0	0
0	5
1	0
0	0
0	0
73	0
2	0
0	8
9	1
8	0
41	52
0	1
6	0
0	1
0	0
1	0
1	0
0	0
0	0
3	1
1	0
0	0
0	0
2	0
3	0
0	1
6	2
0	0
6	4
1	0
0	0
0	0
0	0
0	0
2	0
0	3
0	0
0	0
0	0
0	0
0	0
0	0
2	0
0	0
0	0
0	0
0	0
2	0
0	0
0	0
1	0
0	0
0	0
2	6
0	0
1	0
1	0
9	0
1	0
0	0
0	0
38	140
0	16
10	0
8	0
0	0
0	0
0	0
0	0
0	0
0	0
1	0
0	10
0	1
1	0
0	0
18	0
1	0
0	0
0	0
0	0
3	0
2	0
5	0
1	0
1	0
5	0
1	0
1	0
1	0
0	0
0	9
1	1
4	2
1	1
0	6
3	0
0	0
0	0
2	6
3	0
1	0
0	0
0	0
0	0
0	0
0	0
5	0
9	0
0	0
0	0
2	0
3	0
0	0
0	0
0	0
7	0
0	0
8	0
3	0
0	0
0	0
0	0
0	2
6	1
2	0
0	0
1	0
0	0
6	0
1	0
0	0
0	0
9	0
9	5
7	0
8	6
0	0
0	0
2	0
0	0
5	0
2	0
2	0
1	2
0	0
1	0
0	0
4	0
65	0
3	0
0	0
0	17
1	0
0	15
0	5
6	0
4	0
0	0
0	0
0	0
0	1
0	0
0	0
1	0
0	0
0	0
1	0
4	0
0	0
5	5
0	0
0	17
0	1
0	0
0	0
1	0
3	0
0	0
1	4
0	0
1	0
5	1
0	0
0	0
4	0
5	0
0	0
3	0
1	0
12	11
0	0
1	0
3	0
1	0
0	0
0	0
0	0
0	0
1	0
0	0
0	0
1	0
0	0
1	0
3	0
1	0
0	0
4	0
0	0
0	0
2	0
1	0
0	0
2	0
0	0
0	0
0	0
0	0
0	0
0	1
0	0
1	0
0	0
0	0
0	0
0	0
1	2
9	15
10	0
4	0
1	0
0	0
2	0
0	0
0	0
3	0
0	3
0	0
0	0
0	15
2	1
0	14
0	0
2	0
12	1
0	0
3	0
0	3
0	0
3	0
3	0
0	0
13	4
0	0
0	0
6	0
1	0
0	9
7	4
0	0
3	0
1	0
0	0
2	0
0	0
0	4
0	0
12	0
16	293
29	300
1	0
30	0
3	0
0	0
582	73
17	0
0	0
0	0
0	0
1	0
0	0
0	0
2	3
0	12
0	1
6	0
93	0
0	0
0	6
0	1
5	14
2	0
0	0
1	0
0	12
0	0
0	14
9	0
3	0
0	0
1	18
0	18
2	18
0	0
0	24
0	0
2	0
1	0
0	0
0	0
0	0
0	1
0	0
0	0
0	0
0	0
0	0
0	0
0	0
0	0
0	0
0	0
5	0
0	0
1	0
0	0
0	0
0	5
0	0
2	0
0	50
0	17
0	3
5	7
0	0
3	0
0	0
0	0
0	0
5	5
0	6
1	0
0	0
3	0
5	0
4	16
0	0
0	6
0	0
2	0
0	1
0	0
0	0
0	11
0	0
0	0
0	0
0	0
0	0
4	0
3	0
0	0
0	0
1	0
0	7
0	7
0	1
16	32
0	0
5	0
17	64
0	0
0	1
0	0
2	3
0	15
0	21
0	60
1	12
0	47
0	0
26	71
5	0
0	0
6	0
4	15
2	0
0	2
0	0
0	0
0	0
3	0
4	0
2	0
3	0
3	0
1	1
0	0
1	0
3	0
5	7
7	0
10	0
1	0
0	0
0	0
4	1
2	0
0	0
0	16
4	3
0	0
0	0
1	0
1	0
2	0
0	6
0	46
3	0
0	62
8	3
0	8
0	0
0	0
1	0
5	0
10	0
0	0
0	0
0	0
1	0
1	0
3	10
0	10
0	17
0	0
0	0
0	0
0	3
2	0
1	0
0	3
0	0
1	7
0	0
0	2
4	8
0	13
0	0
1	0
0	47
0	8
0	35
0	0
0	11
0	0
0	36
4	6
1	0
6	0
4	0
1	0
0	8
0	13
20	14
0	26
7	1
2	0
2	0
1	0
3	0
0	65
0	0
4	0
3	3
0	8
0	2
0	0
1	0
0	0
0	1
0	0
0	1
2	2
0	4
2	0
0	0
0	0
0	0
1	7
26	82
0	1
0	1
0	1
1	11
1	2
1	11
0	0
1	0
0	0
0	0
0	2
3	0
1	0
0	36
3	2
0	9
0	13
0	7
0	0
0	2
0	0
3	0
3	0
7	15
1	12
0	29
0	61
0	47
0	0
3	0
0	13
0	0
0	4
0	21
0	2
1	1
0	0
0	19
4	0
0	6
0	0
1	0
5	3
0	0
0	17
3	0
0	5
0	0
0	0
0	0
0	0
0	0
1	0
0	14
0	23
8	0
0	0
1	0
0	4
0	0
0	0
0	0
5	0
2	0
7	2
0	15
0	6
0	1
3	3
0	54
0	3
0	1
0	45
4	0
0	16
0	4
0	6
0	0
0	17
0	1
1	0
0	2
0	0
7	0
0	12
0	0
0	0
0	2
2	0
0	0
0	8
0	1
0	17
0	23
0	6
0	1
0	2
2	40
0	3
0	0
0	4
3	0
1	0
0	22
491	1247
31	0
2	0
0	53
0	0
0	37
2	0
0	0
0	0
0	5
0	38
0	0
555	1023
0	8
0	0
0	4
0	18
1	0
0	0
6	0
0	0
0	1
8	0
0	0
9	0
1	5
3	0
31	11
0	0
1	0
1	0
0	0
0	1
0	0
0	1
11	62
0	0
3	0
0	5
0	0
4	0
0	1
0	3
0	0
0	0
0	12
0	0
0	12
0	8
0	0
0	1
2	0
0	5
3	0
0	30
2	0
0	0
0	17
0	0
0	48
0	2
2	0
3	2
0	47
0	0
42	0
0	33
0	0
0	0
0	0
0	0
4	1
0	19
0	3
0	0
0	0
5	3
0	0
0	3
0	0
0	0
0	2
0	0
0	0
0	0
0	0
0	0
0	0
4	0
3	0
1	9
0	0
0	26
0	0
4	0
0	66
0	0
0	0
0	0
0	30
4	13
2	1
4	13
0	2
0	0
0	0
0	0
1	0
1	11
4	0
0	0
0	16
0	11
0	1
20	0
5	0
2	10
5	3
0	0
0	8
0	0
0	3
0	31
0	2
0	0
0	0
3	0
0	0
0	12
0	0
1	0
11	2
0	0
2	2
1	0
0	1
0	0
1	10
0	1
0	0
0	0
169	0
0	2
0	0
0	1
0	0
0	19
2	1
0	20
0	32
0	35
1	2
0	2
1	2
0	0
0	24
0	42
26	0
0	24
0	0
0	2
0	0
0	0
0	0
1	0
0	17
1	0
4	14
0	60
1	16
0	37
0	34
0	3
4	0
4	16
0	1
0	17
0	8
0	8
1	17
0	5
3	9
0	20
4	17
115	1592
0	1
355	43
0	8
0	3
0	0
0	0
0	0
0	0
0	35
0	2
0	5
0	0
0	0
0	0
5	16
2	0
3	0
0	0
0	62
4	5
0	0
0	0
0	0
0	0
0	4
1	16
0	2
1	2
0	5
0	1
0	13
0	0
0	0
0	32
0	3
0	7
0	1
0	2
0	8
3	14
0	10
0	9
0	11
0	0
0	4
0	0
0	2
0	46
1	2
0	24
1	0
0	21
0	13
0	0
0	0
0	1
0	0
0	0
0	0
30	0
0	0
0	2
0	0
0	6
0	0
7	0
0	9
0	1
0	0
0	0
0	0
0	0
0	0
0	0
0	2
4	4
0	5
13	1
2	1
0	1
1	1
0	0
0	0
4	0
1	0
3	0
3	0
0	2
2	0
0	0
4	0
0	0
0	14
0	0
0	0
1	0
0	0
0	6
0	25
1	1
1	1
0	0
0	44
0	2
0	72
0	0
5	31
0	24
0	0
0	0
2	1
18	0
10	0
0	19
0	3
