UniqueCount	AmbigCount
0	0
0	0
0	0
0	0
0	0
0	0
0	0
0	0
0	0
0	0
0	0
0	0
0	0
0	0
0	0
0	0
0	0
0	0
0	0
0	0
0	2
0	2
0	2
0	2
1	0
0	0
2	0
0	0
0	0
0	0
0	0
0	3
0	3
0	0
0	0
0	0
1	2
1	0
0	0
9	0
0	0
5	11
0	3
0	0
0	2
0	2
2	0
1	1
0	1
2	0
0	0
0	0
0	0
0	0
0	0
0	0
1	0
0	0
0	8
0	8
1	3
0	1
6	0
0	4
0	0
0	4
0	0
0	0
1	0
64	26
0	0
0	0
0	0
0	0
1	15
0	9
0	9
0	3
0	2
0	10
0	0
0	1
0	1
6	0
0	0
0	0
2	4
0	0
2	0
1	0
0	1
0	0
0	6
0	6
0	0
0	0
0	0
0	0
0	3
0	3
0	0
0	2
0	2
0	2
0	0
5	0
0	0
0	0
0	0
0	3
0	0
0	0
0	0
0	0
0	0
2	1
0	1
0	0
0	0
0	0
1	0
0	8
0	0
0	0
0	0
0	4
0	0
1	0
0	0
0	0
2	16
0	0
0	0
0	16
0	8
0	8
0	1
3	0
0	0
0	1
0	1
0	0
0	0
0	0
0	0
0	1
0	1
0	0
0	0
0	0
0	0
0	0
0	0
0	1
0	1
0	0
0	0
0	0
0	0
0	0
0	0
2	0
1	0
0	0
121	0
11	0
0	0
0	0
0	0
0	0
0	0
0	0
1	0
0	0
0	0
0	0
1	0
0	0
3	0
0	0
0	0
0	0
0	5
0	5
0	0
0	0
0	0
0	6
0	6
2	15
0	15
0	0
22	0
7	0
3	0
0	0
5	0
0	0
0	0
1	0
0	18
0	0
3	0
0	18
0	2
0	2
0	0
0	1
9	1
0	1
0	1
0	1
0	1
8	1
12	2
0	2
0	0
0	0
0	0
5	0
0	4
0	4
0	1
0	1
0	1
0	1
0	1
0	0
0	1
0	0
0	0
0	1
0	1
0	1
52	0
0	6
6	0
0	0
0	6
0	0
0	0
0	1
0	1
0	0
0	0
0	0
0	0
0	0
0	0
0	0
0	0
1	0
1	2
0	2
39	8
0	8
12	8
0	8
0	1
0	1
5	7
0	3
0	16
88	16
0	16
0	0
0	16
10	55
11	10
0	12
0	12
0	43
0	11
0	0
0	60
7	60
15	0
6	100
0	36
2	26
0	21
0	26
0	0
0	0
1	2
3	0
0	0
0	0
0	0
1	0
2	0
6	0
0	0
1	0
0	0
0	0
0	0
1	0
37	0
1	0
1	1
0	0
3	0
2	0
0	1
0	1
4	0
0	0
2	0
0	16
0	8
0	8
0	8
0	8
0	8
0	8
0	7
0	0
0	0
0	8
2	0
0	0
0	4
0	5
0	5
10	4
20	3
0	1
3	0
0	0
0	0
1	0
0	0
0	0
0	0
0	35
0	0
0	0
1	3
0	3
8	33
0	0
0	0
0	0
0	4
0	1
0	0
0	0
1	0
0	0
13	14
0	1
0	9
0	9
0	9
0	0
6	0
1	0
0	0
0	0
11	1
0	0
2	1
0	9
0	0
0	0
3	0
3	0
5	9
4	0
0	0
4	0
0	1
0	1
0	0
0	0
0	4
0	4
0	4
0	0
0	0
0	0
0	0
0	0
0	0
0	0
0	0
0	0
0	0
0	0
0	0
0	0
0	0
0	0
0	0
0	0
0	0
0	3
0	3
0	1
0	1
12	0
0	0
0	0
0	0
9	3
0	3
18	3
0	3
10	5
0	5
35	19
4	19
5	0
10	0
0	0
0	37
5	37
21	0
0	2
0	2
1	0
0	4
0	4
0	10
0	10
0	0
0	0
0	0
9	0
2	0
0	1
0	1
0	0
0	0
0	3
0	4
0	4
0	0
0	0
0	1
0	1
0	0
3	0
0	0
0	0
0	0
1	0
5	0
2	1
0	3
0	3
0	0
0	0
0	2
0	2
0	0
16	7
1	0
0	0
0	0
0	0
1	0
0	4
0	4
0	5
0	5
0	0
0	0
0	1
0	1
0	0
4	17
0	10
0	10
1	8
5	20
3	19
18	3
0	8
2	0
0	12
0	12
0	0
0	10
0	10
0	0
0	0
0	0
12	0
7	1
0	0
0	0
0	0
1	0
1	0
0	0
0	15
0	15
1	0
0	9
3	11
0	1
2	0
0	0
0	0
1	0
0	0
0	0
0	0
0	1
0	1
0	1
0	1
3	0
0	1
0	1
0	6
0	6
1	0
5	0
2	0
0	0
1	0
0	9
0	9
1	5
0	8
0	7
8	0
1	1
0	4
0	1
0	1
0	0
0	0
6	0
23	8
0	0
1	0
0	0
0	1
0	0
0	0
0	0
0	0
0	0
0	0
0	0
0	0
1	8
0	8
0	0
0	0
5	0
0	8
0	8
0	9
0	4
0	6
0	6
0	0
0	11
0	11
0	0
0	10
0	10
5	0
0	1
0	0
1	4
0	4
2	4
0	4
0	1
0	1
6	2
5	2
0	6
0	6
3	0
0	6
0	6
1	0
0	11
3	1
0	0
0	0
0	0
0	0
0	0
0	0
1	0
0	0
0	0
3	0
1	0
5	2
2	6
22	2
0	6
0	0
0	0
0	0
0	0
0	1
0	1
0	0
0	1
0	1
0	0
0	0
6	0
0	6
0	6
0	6
0	3
0	0
0	3
0	0
0	2
0	2
0	0
0	0
1	1
8	4
0	0
0	0
2	7
0	0
0	0
0	0
0	9
0	0
0	1
0	0
0	0
0	1
0	1
1	0
7	0
0	0
0	9
0	9
0	0
0	0
0	0
0	0
0	0
0	1
0	1
0	0
0	0
0	17
0	17
0	7
0	7
1	4
0	12
0	12
0	2
0	2
0	3
4	0
0	2
0	2
0	0
0	0
0	0
2	0
0	0
5	4
0	8
0	8
0	3
0	3
27	0
0	0
0	2
0	2
0	3
1	3
0	15
0	15
0	0
0	0
0	0
0	0
0	0
0	1
0	0
0	0
0	0
4	1
0	1
2	0
0	1
0	0
0	0
0	0
1	0
7	0
0	1
4	0
0	0
0	0
0	0
0	9
0	9
0	0
0	4
0	0
0	0
1	4
7	4
0	0
0	0
0	0
0	1
0	0
0	0
0	0
0	6
0	1
0	0
0	0
1	0
0	1
0	0
0	0
0	0
0	0
0	0
0	0
0	0
0	0
0	0
0	0
0	0
0	0
0	0
0	0
0	0
0	0
0	0
0	0
0	0
0	0
0	0
0	0
0	0
0	0
0	0
0	0
0	0
0	0
0	0
0	0
0	0
0	0
0	0
0	0
0	0
0	0
0	0
0	0
0	0
0	0
0	0
0	0
0	0
0	0
0	0
0	0
0	0
0	0
0	0
0	0
0	0
0	0
0	0
0	0
0	0
0	0
0	0
0	0
0	0
0	0
0	0
0	0
0	0
0	0
0	0
0	0
0	0
0	0
0	0
0	0
0	0
0	0
0	0
0	0
0	0
0	0
178320	126
54618	82
268123	9573
90173	113120
37	38165
516	36053
11	125745
1068	92394
11923	8
46	105908
169193	106733
141666	4612
151664	2
5	3
0	3
0	3
0	1
0	1
0	0
0	0
0	0
0	0
0	0
0	0
0	0
0	0
7	41
1	4
0	0
1	0
0	37
457	96
0	42
0	36
0	3
38	33
0	14
0	13
0	47
0	54
0	0
0	0
0	0
0	0
1	1
12	1
0	0
0	0
0	42
0	0
0	0
0	0
0	0
112	17
10	18
0	1
5	2
0	0
0	0
0	5
0	30
0	30
116	0
21	14
0	14
20	0
0	11
0	0
0	0
0	0
1	0
0	0
0	0
0	25
0	5
0	0
35	25
0	9
35	14
0	12
0	12
0	3
1	0
0	0
0	0
0	0
0	11
0	11
0	6
0	11
0	1
2107	1032
60	6
0	6
0	6
14	1
0	1
1	0
0	4
0	5
0	0
0	0
143	92
0	0
0	0
13	0
0	90
0	48
45	49
4	11
0	0
3	0
0	34
4	0
0	4
0	0
0	4
0	23
11	0
57	22
0	40
0	28
0	39
0	2
6	1
0	1
0	1
0	1
0	1
1	0
0	1
0	0
0	0
8	2
2	2
0	7
0	7
0	2
0	0
0	0
0	36
2	17
0	5
0	0
11	0
10	24
0	0
0	52
0	52
1	21
1	0
0	0
0	11
0	0
0	0
0	1
0	1
0	1
0	15
0	15
0	0
0	0
0	0
0	0
0	0
0	0
0	0
0	1
0	2
0	1
0	0
0	0
0	0
0	0
60	16
0	13
0	13
0	13
68	17
0	9
0	0
3	0
0	8
0	0
0	0
2	3
0	3
0	0
0	0
0	0
0	0
0	0
0	0
0	0
0	0
0	0
0	0
0	0
0	0
0	0
0	0
0	0
0	13
2	13
0	22
0	12
0	22
0	1
0	12
0	11
0	0
0	0
0	0
0	17
56	20
0	0
0	0
0	4
346	22
0	17
0	22
0	0
66	22
16	1
0	1
16	60
0	21
0	0
0	1
0	0
0	0
1	1
0	1
2	19
23	14
3	0
1	14
0	0
65	0
11	0
4	1
3	1
48	0
0	26
0	0
0	0
19	26
1	5
17	19
0	14
3	75
39	16
0	70
0	5
32	0
0	0
0	5
0	5
0	5
0	5
12	4
0	2
1	2
0	0
0	0
0	0
0	0
12	2
0	5
0	5
0	5
185	70
0	463
0	463
0	0
6	0
93	2
0	2
0	2
1	0
0	2
0	2
0	3
38	20
40	34
0	17
0	0
23	45
79	42
0	20
281	0
0	0
0	0
0	3
0	0
0	0
0	0
0	0
2	0
30	0
0	0
0	0
0	0
11	0
0	0
0	0
0	0
0	0
0	0
0	0
72	9
4	9
0	5
1	4
0	0
0	0
0	0
1	0
0	0
0	0
0	0
0	4
0	4
0	0
0	4
0	4
1	1
0	1
148	2
0	0
0	0
0	0
0	2
0	0
4	1
2	0
1	11
0	0
52	11
0	10
0	8
0	6
0	7
0	0
0	0
0	0
0	0
0	1
0	1
0	1
0	1
0	6
0	6
0	0
0	0
0	0
0	0
6	0
42	18
0	3
0	2
0	1
0	1
0	17
4	0
10	43
0	43
10	80
78	85
0	7
0	7
1	0
0	0
0	0
0	0
0	7
0	0
0	0
0	3
0	0
6	3
0	3
1	3
41	3
7	3
154	0
0	0
0	0
0	0
124	0
0	4
0	0
0	0
0	0
0	4
0	0
7	4
171	0
16	3
38	16
0	0
0	0
6	20
85	0
0	0
0	0
0	0
48	24
0	18
0	0
11	1
12	1
4	0
0	6
1	6
0	6
0	0
0	0
1	0
0	8
0	0
81	13
0	4
0	9
0	0
0	4
3	1
0	1
10	13
0	1
0	1
1	0
30	4
3	0
0	0
0	0
0	0
0	0
0	0
0	6
0	6
0	6
0	6
126	0
130	147
15	148
0	141
3	1
0	0
0	0
0	0
0	0
0	0
0	0
0	0
0	0
8	0
0	0
385	450
0	450
6	110
0	0
0	0
0	3
7	0
29	4
0	3
21	4
8	37
0	57
22	57
0	17
0	45
0	13
0	3
0	4
0	5
1	18
0	32
0	3
0	0
61	10
0	8
31	30
0	0
0	14
0	14
0	12
56	72
0	46
0	40
0	35
0	3
1	0
0	1
6	1
1	1
3	1
2	6
0	41
0	1
9	41
1	4
3	4
0	5
7	17
0	0
0	0
0	0
0	1
0	5
0	0
0	0
0	67
0	67
2	2
0	2
0	2
0	2
0	2
9	2
2	0
33	0
58	12
0	12
0	0
1	0
0	16
0	8
0	9
0	9
0	2
0	2
0	2
0	3
0	3
7	2
0	2
0	3
0	2
0	2
7	0
0	0
0	0
0	1
0	0
0	0
0	0
0	16
8	11
2	17
4	1
3	0
6	0
0	1
0	11
0	16
0	9
5	3
0	0
4	0
1	0
0	0
19	6
0	7
0	6
0	1
0	0
0	0
0	0
93	35
0	27
0	9
0	21
0	21
5	0
0	21
0	20
0	6
0	5
0	1
11	2
0	0
0	2
0	0
0	0
1	0
0	1
0	1
0	20
0	1
0	1
0	0
0	0
0	0
0	0
25	5
8	5
0	1
0	1
0	1
0	0
8	0
1	0
146	16
0	0
0	0
11	18
0	0
0	0
3	0
0	0
0	0
2	3
47	1
0	1
0	0
4	0
7	0
8	0
6	45
9	38
0	2
0	0
0	2
5	0
0	0
0	5
0	0
0	0
0	0
0	0
0	0
4	24
0	24
0	0
0	22
24	1
2	2
0	0
0	2
6	8
0	7
0	8
0	4
0	0
51	1
18	1
0	8
9	32
5	26
0	12
0	12
0	6
0	0
0	0
0	15
18	41
0	41
0	41
0	41
0	0
0	0
0	0
0	0
0	0
0	0
1	0
0	0
7	0
0	0
25	354
0	374
0	242
0	242
17	266
3	229
0	7
5	0
0	2
43	2
0	0
0	0
43	0
37	0
0	0
0	0
0	20
1	0
259	0
4	0
8	4
0	4
0	4
0	4
6	1
0	0
0	1
5	0
0	0
0	3
0	1
0	1
0	1
0	0
0	0
0	0
4	1
12	1
0	1
1	79
0	115
7	79
1	70
0	0
0	115
89	8
44	0
0	0
0	0
1	0
28	119
0	13
0	65
9	49
1	1
0	31
0	3
0	3
0	0
2	13
2	33
0	1
17	62
4	62
0	1
83	15
0	9
0	0
0	0
0	8
77	9
0	8
0	1
0	21
0	21
0	12
28	36
8	36
114	12
0	3
0	10
0	0
0	1
1	0
0	1
0	1
0	0
0	0
0	0
0	1
0	0
4	3
0	2
2	3
1	1
78	48
0	6
0	0
7	7
0	1
0	0
0	0
0	0
0	6
9	0
0	0
0	3
0	17
0	0
0	4
0	0
7	1
0	0
20	4
4	4
0	0
0	1
0	6
0	5
0	17
0	13
0	17
0	12
73	0
0	1
0	1
0	0
0	0
0	0
0	8
0	8
22	9
1	9
1	13
1	0
16	0
0	2
0	0
1	0
5	2
0	2
0	1
0	0
24	14
0	0
0	0
12	3
0	9
0	3
0	9
0	0
0	0
0	3
4	1
0	5
7	53
0	53
0	92
51	109
0	109
24	90
0	27
0	21
0	0
0	0
0	0
3	0
0	0
0	90
64	2
0	0
5	0
0	0
0	0
0	1
0	0
0	0
1	0
0	0
54	16
0	16
0	2
1	3
3	6
0	2
0	2
0	0
0	1
0	1
0	1
7	12
0	1
0	1
0	1
0	13
0	0
0	0
0	11
54	10
38	29
0	10
1	10
2	1
0	0
16	17
0	0
0	18
0	10
9	0
1	0
0	0
1	0
0	161
0	181
0	181
0	4
0	4
0	180
1	0
0	52
0	94
0	10
4	3
0	3
10	14
24	14
1	13
0	0
8	0
0	1
0	1
7	1
0	1
0	1
7	10
0	10
36	5
1	10
116	0
33	0
0	0
21	9
0	9
7	4
0	4
0	2
0	2
0	3
0	0
0	2
0	1
0	1
1	2
0	1
10	0
0	1
0	1
0	0
0	0
96	0
46	1
0	0
0	1
4	0
0	0
0	0
0	0
0	20
0	30
3	41
0	20
0	94
0	94
5	84
0	82
1	48
0	17
0	0
4	0
9	1
19	1
0	1
0	1
0	1
0	1
0	0
0	0
0	0
0	0
0	0
1	0
2	5
0	5
2	3
0	5
3	0
0	0
0	0
0	23
0	23
218	36
0	23
0	23
0	5
0	12
0	0
16	29
2	29
7	6
0	47
44	47
0	0
0	5
6	11
0	6
1	5
276	0
132	24
40	24
0	0
0	0
16	100
21	228
0	214
0	19
1	4
0	2
0	2
61	2
0	2
0	25
2	27
1	5
0	1
0	0
0	0
0	1
0	8
0	0
0	7
0	8
328	67
6	42
4	45
0	22
0	0
0	0
0	0
0	0
0	0
2	0
0	0
0	0
172	16
0	3
0	0
0	7
0	96
0	0
0	0
6	19
0	0
0	0
0	0
0	0
0	3
0	96
0	4
13	12
0	4
0	8
0	2
0	0
0	0
0	0
1	0
0	1
0	3
0	3
0	3
0	3
0	0
0	3
0	2
0	2
0	0
0	2
0	0
0	0
0	0
0	0
0	0
0	0
0	0
0	0
0	2
8	19
0	19
0	1
3	19
15	8
24	8
851	9
0	0
0	0
2	0
11	8
5	38
2	38
1	38
3	2
0	2
10	44
0	63
6	12
0	92
0	92
0	4
0	4
6	5
0	2
0	3
0	3
0	0
0	0
1	7
0	1
7	0
1	1
0	1
0	0
0	1
155	10
10	10
0	7
0	1
0	1
0	0
0	0
0	2
0	3
0	17
0	17
7	1
24	1
9	1
2	0
0	7
3	7
0	7
6	2
0	1
173	0
0	30
0	30
0	22
0	22
0	18
0	18
0	14
0	4
4	0
0	0
0	0
1	0
0	0
0	0
46	32
0	31
0	31
0	13
46	14
0	0
2	1
1	1
0	1
0	1
1	0
0	0
48	0
0	0
0	16
0	16
0	0
0	6
0	0
0	0
0	0
1	0
34	7
4	6
18	7
0	6
0	0
0	2
8	1
30	2
0	1
0	1
5	1
10	0
48	92
0	73
0	25
0	0
0	10
0	10
0	19
26	0
0	0
0	1
0	0
0	1
2	7
0	24
0	22
9	21
0	4
0	1
2	0
0	0
0	1
1	0
0	1
0	1
2	1
27	4
0	4
17	6
0	6
0	1
6	6
15	0
0	0
0	0
0	3
0	3
7	15
4	2
0	0
0	7
0	2
13	17
6	0
0	0
0	0
0	0
0	0
0	3
0	3
0	18
7	18
10	18
1	6
0	7
1	0
0	0
5	7
0	0
0	2
3	2
0	13
1	13
0	7
0	0
10	1
0	1
0	0
7	10
0	1
16	26
0	4
0	0
0	0
0	0
0	0
0	1
0	22
0	18
0	5
0	24
0	11
0	5
0	0
0	1
220	26
44	41
0	41
0	41
96	22
0	22
7	40
0	0
0	40
0	35
10	109
0	108
0	35
0	0
0	0
0	108
0	108
0	0
0	0
0	0
0	0
0	0
0	2
0	0
0	2
0	2
0	2
0	2
116	23
1	89
0	89
183	65
1	47
0	8
2	2
0	1
0	1
10	19
1	0
0	1
2	0
0	0
5	3
1	3
11	1
0	0
0	1
0	1
0	0
0	9
0	9
20	0
59	7
0	0
0	1
5	0
0	0
1	13
0	0
0	0
0	0
12	0
0	1
0	11
0	11
3	0
6	6
0	6
7	7
0	3
30	4
0	7
0	1
1	1
0	8
0	0
56	8
4	8
0	7
3	7
30	15
0	15
0	18
0	5
0	0
0	3
0	0
0	0
0	0
0	0
0	0
0	0
0	4
0	0
0	4
0	0
0	0
0	0
6	31
0	0
0	0
0	7
0	7
0	0
0	1
0	2
0	2
1	0
0	5
0	4
0	5
0	5
0	0
0	3
0	13
0	13
0	14
0	0
0	1
0	1
0	1
0	2
0	1
2	0
0	9
0	1
0	2
0	1
0	6
0	6
0	2
2	2
0	2
0	0
1	0
12	0
0	0
6	4
25	0
1	38
1	37
339	38
4	0
0	0
0	0
0	0
2	0
9	0
0	1
0	0
0	24
40	24
0	0
0	0
0	3
5	2
0	3
9	3
0	3
0	3
0	0
1	4
1	4
39	46
0	0
0	0
6	0
0	0
0	0
1	0
0	0
162	0
0	21
3	10
3	36
2	33
0	21
0	4
4	4
0	0
0	0
3	13
0	0
58	13
0	137
0	0
4	0
0	4
0	9
0	31
1	135
0	137
0	4
0	4
0	8
0	10
0	4
0	1
4	14
0	5
8	10
0	10
0	0
0	0
0	0
0	0
0	0
0	0
1	0
0	0
0	0
9	6
0	6
0	5
4	38
0	97
72	92
14	16
0	5
0	0
0	42
0	14
9	15
0	7
6	0
0	41
0	0
0	0
28	43
2	0
0	1
0	0
1	6
0	0
22	0
0	0
6	2
0	1
0	2
5	1
0	0
0	0
0	0
0	0
0	4
5	11
20	11
12	17
1	51
0	17
50	0
0	1
0	6
3	6
8	6
0	23
9	29
10	20
8	15
37	14
0	0
0	0
16	20
67	14
0	27
0	14
49	27
0	2
0	0
0	7
0	0
0	2
0	7
0	3
3	21
0	0
28	0
44	0
1	1
0	1
0	0
0	1
0	45
40	45
0	0
0	0
27	0
0	5
0	0
0	5
12	0
30	0
19	0
5	0
2	0
0	3
0	0
0	0
0	0
1	0
0	0
4	0
0	0
0	34
1	9
0	0
36	6
0	34
0	0
0	0
10	0
0	8
0	3
15	3
0	6
197	9
3	10
0	5
0	0
0	5
4	0
0	6
0	6
0	47
0	29
0	0
0	38
0	38
0	10
0	47
0	47
4	29
0	0
154	1
0	0
0	0
0	1
0	1
0	1
0	0
0	0
0	0
0	0
0	0
0	18
0	0
0	18
0	4
1	4
0	18
0	0
2	0
0	0
0	0
0	0
0	0
0	0
0	0
0	0
0	0
0	0
0	0
0	0
0	0
0	0
0	0
0	10
2	8
0	0
0	1
3	1
1	0
7	0
155	0
1	0
6	14
6	11
4	0
0	47
0	47
0	47
3	3
7	2
0	46
1	2
0	0
2	0
0	0
0	47
7	3
0	0
0	0
4	29
0	20
4	20
0	19
0	0
0	0
0	13
0	0
0	0
0	9
0	9
160	0
8	0
238	0
25	2
0	1
1	0
1	0
11	6
0	0
1	68
0	3
0	70
1	69
0	0
10	7
0	14
0	18
0	2
7	2
1	2
0	2
1	0
0	2
0	1
0	1
3	0
0	0
23	0
301	0
1	48
0	52
0	52
0	41
0	42
0	45
1	44
0	1
0	0
0	3
0	0
0	7
0	6
0	6
0	5
0	6
0	6
0	6
0	6
0	3
0	1
0	0
0	1
0	1
0	1
7	11
0	11
0	3
0	0
0	3
0	3
1	16
49	0
7	0
0	2
0	2
0	2
0	2
0	1
0	1
0	1
0	2
0	2
0	0
0	0
0	0
0	0
0	0
6	0
0	16
0	24
0	24
0	16
0	16
0	16
5	29
0	52
0	23
7	68
0	11
0	27
0	0
4	0
0	23
0	0
0	57
0	16
0	16
0	30
0	5
1	0
0	3
0	0
0	5
0	0
0	5
0	6
3	11
0	2
0	2
0	1
0	2
5	10
0	2
35	67
6	0
0	2
3	67
7	0
0	0
0	0
0	0
0	6
0	0
4	11
0	15
0	12
79	46
0	42
0	0
0	0
0	2
0	0
0	1
7	0
1	5
42	11
2	11
0	0
2	0
8	1
26	61
2	57
0	46
0	13
2	3
0	1
0	0
0	1
0	5
0	5
0	7
0	0
0	6
0	0
13	1
0	0
18	7
0	0
0	7
4	51
20	3
0	58
0	58
0	5
0	4
0	13
0	13
0	1
0	1
2	1
0	1
1	2
0	1
0	0
9	8
10	4
0	64
0	10
0	13
0	22
0	22
0	22
0	0
0	21
0	21
0	0
0	7
1	0
0	0
2	0
0	0
0	0
0	0
3	0
0	13
0	24
0	24
1	1
0	0
0	1
1	0
1	23
0	2
0	1
1	22
1	1
0	21
0	8
10	81
1	1
0	3
0	6
1	0
0	0
0	0
88	20
0	12
0	10
24	5
0	1
20	14
0	0
0	8
0	14
3	0
0	0
0	1
0	1
0	0
0	0
1	1
0	1
8	23
0	3
0	3
0	2
1	2
0	0
0	1
16	15
0	0
0	19
0	17
0	86
0	41
0	22
0	6
9	0
0	13
0	41
0	86
0	0
18	0
0	0
0	0
0	0
0	0
0	0
0	0
0	0
0	0
0	0
5	0
0	0
0	0
0	0
0	26
26	37
129	55
0	55
2	0
1	0
7	0
0	0
1	9
0	0
0	0
0	9
3	2
0	2
0	0
0	0
4	0
1	0
10	0
15	0
52	8
0	7
0	0
0	1
12	1
0	2
0	2
47	26
0	29
0	1
0	0
0	0
0	0
41	15
0	14
0	0
0	0
1	1
4	0
35	0
18	0
0	2
0	0
0	0
0	0
1	2
0	2
29	0
0	31
6	31
0	13
0	8
0	0
9	18
0	0
0	17
0	18
0	0
0	18
0	13
0	23
12	26
23	9
0	22
32	6
0	0
3	0
0	0
0	17
0	1
0	0
0	17
1	17
0	11
0	17
0	0
0	27
0	27
0	25
0	25
0	27
0	15
0	23
0	0
11	15
0	20
0	0
0	0
0	0
8	20
13	0
0	0
0	0
3	0
0	0
29	46
0	11
33	222
2	1
0	4
0	0
4	0
79	3
0	1
0	0
0	0
3	2
0	2
0	0
0	0
0	2
0	2
0	0
0	0
11	0
0	0
0	0
0	0
34	41
0	41
0	41
53	18
0	18
0	15
104	35
0	18
0	18
21	14
30	6
46	0
0	19
0	14
2	1
1	2
1	2
0	2
0	2
0	13
0	1
0	0
0	0
0	10
4	0
0	0
0	0
0	17
0	6
5	0
0	0
0	10
209	0
0	1
0	1
0	11
0	7
2	9
0	1
5	0
0	1
0	2
0	1
2	1
0	0
0	3
0	3
0	0
0	0
2	0
1	1
0	10
9	9
10	8
0	2
0	3
0	3
0	2
8	0
0	2
1	0
40	39
0	1
7	1
0	1
1	13
0	4
28	43
0	43
0	4
0	43
28	142
0	4
0	142
4	0
1	0
0	142
0	142
39	35
0	15
0	32
11	0
0	0
1	13
0	14
0	13
0	14
0	12
0	5
0	7
113	0
3	0
0	55
1	55
10	0
2	0
0	0
0	0
0	0
0	0
0	0
121	0
0	0
0	29
0	2
1	23
0	1
0	16
0	4
8	4
0	4
0	4
22	46
11	60
0	9
0	18
0	1
0	1
28	0
0	2
0	3
0	3
0	3
2	1
0	1
0	0
0	0
0	0
0	0
0	3
0	3
22	2
0	0
0	0
21	2
0	0
0	0
2	2
0	0
0	1
0	1
7	0
0	1
1	0
0	1
0	1
0	0
0	0
0	0
0	1
0	0
0	0
0	0
178	3
9	3
57	30
0	19
0	4
0	9
0	15
0	0
0	0
0	0
0	1
0	0
0	1
0	18
0	18
9	14
0	14
5	2
1	0
0	1
0	2
0	2
0	2
0	1
0	1
5	4
0	0
0	0
1	0
0	0
0	0
0	4
0	3
3	31
0	12
0	2
0	0
0	0
49	30
0	0
0	0
1	8
0	0
0	0
0	0
0	0
0	0
0	69
0	0
0	1
0	1
0	1
0	69
0	22
0	0
0	22
24	23
0	0
0	0
3	1
50	10
0	10
0	3
0	38
0	21
0	10
0	0
7	0
0	3
1	0
0	0
0	0
1	0
0	0
17	0
7	23
0	45
0	11
35	523
0	523
0	0
1	166
11	8
0	137
51	1
0	2
0	0
175	2
0	1
0	3
0	21
0	0
0	110
1	0
0	0
2	110
0	0
0	0
0	0
1	0
0	0
0	0
0	0
0	0
0	0
2	0
35	30
0	28
3	0
0	16
24	23
0	0
0	7
0	2
0	0
2	2
2	15
5	0
78	0
29	8
0	57
0	35
0	0
1	0
2	22
0	2
5	3
0	1
0	99
0	0
1	0
57	94
0	3
0	0
0	4
0	4
0	2
0	0
0	0
0	1
0	0
3	44
9	44
1	1
0	1
0	1
0	1
0	1
4	1
0	1
0	1
16	68
0	1
0	1
0	28
0	46
0	2
0	1
0	1
0	0
0	0
1	30
0	0
0	17
1	30
0	126
0	94
10	107
0	25
0	18
0	60
0	16
0	27
26	0
1	0
0	0
1	0
0	0
2	25
0	30
91	19
5	1
17	1
0	0
0	7
0	9
0	9
0	0
0	144
52	144
0	37
0	0
127	50
0	37
57	6
9	0
0	22
0	21
11	21
0	18
0	2
0	2
0	22
6	11
7	0
0	0
0	0
1	0
0	0
0	20
0	21
0	19
0	32
0	23
0	35
55	35
0	0
0	13
0	13
0	0
11	13
0	7
0	0
0	0
0	37
0	37
0	38
0	38
112	92
2	2
1	4
0	18
10	12
2	17
0	10
0	0
35	29
0	0
0	0
0	17
1	2
0	1
0	0
5	2
0	1
0	0
0	0
0	0
17	1
0	21
0	4
0	3
1	0
0	0
0	12
0	17
0	12
4	0
0	0
28	30
4	30
0	29
0	29
4	15
20	116
1	0
0	89
0	116
1	0
0	13
0	22
0	6
0	6
0	6
0	8
0	1
0	7
4	0
0	0
9	0
0	0
10	0
0	0
0	0
0	1
3	4
0	4
0	0
19	11
0	0
0	0
13	0
49	15
0	9
0	1
0	2
0	1
4	8
0	8
0	8
100	2
3	2
8	0
0	5
1	5
0	5
177	0
0	59
0	69
1	1
0	76
0	7
0	1
0	1
0	1
0	0
0	0
0	0
0	0
0	23
0	23
0	5
0	5
0	5
7	0
0	0
14	0
33	0
18	31
0	53
0	8
0	26
0	25
0	2
3	28
0	16
1	0
5	28
0	13
3	0
36	0
4	0
5	17
9	26
0	26
0	26
0	0
0	0
0	33
11	39
0	38
0	1
1	1
0	1
0	1
0	1
0	0
8	12
0	7
0	19
0	9
0	56
0	9
0	61
0	14
0	61
0	20
0	15
0	0
0	49
0	9
0	0
0	9
0	10
0	2
0	5
0	2
0	0
0	0
82	1
0	1
0	1
0	1
0	37
0	1
64	37
0	1
0	0
0	0
0	0
4	0
0	0
0	0
0	0
0	0
0	0
0	0
0	0
0	0
0	1
0	0
0	0
0	0
0	0
16	0
0	0
0	0
0	0
0	602
18	598
21	4
0	13
0	23
1	0
4	0
1	25
7	25
13	3
0	0
0	0
1	6
0	6
3	89
0	4
0	4
0	5
0	5
32	3
0	1
0	0
0	1
0	0
0	0
0	0
0	66
17	0
0	0
0	0
2	20
0	15
0	11
32	30
22	0
0	0
0	0
5	32
0	24
1	3
68	24
0	0
0	6
0	10
0	10
0	2
11	8
0	0
14	0
0	8
2	1
0	1
135	0
73	0
0	0
0	0
0	0
0	0
0	0
0	0
0	0
0	0
0	0
0	0
9	4
15	1
0	0
0	1
0	0
0	1
0	0
0	28
0	28
0	0
0	4
0	3
0	4
0	0
0	26
0	26
0	26
0	2
0	0
0	53
0	53
0	4
0	42
0	25
0	9
12	9
0	3
6	1
0	0
0	2
0	2
2	0
9	0
0	0
0	0
7	0
0	0
0	0
0	0
0	0
0	0
22	55
0	37
0	9
9	9
39	2
0	2
0	0
0	6
0	5
0	20
9	20
0	5
0	5
278	20
0	56
0	56
0	51
6	0
0	0
0	0
2	0
0	34
0	2
0	34
278	0
0	2
0	34
16	54
0	51
0	51
0	51
0	31
3	1
0	1
13	8
0	9
0	8
0	8
0	8
0	0
12	2
0	1
0	0
0	2
0	1
0	0
0	6
0	46
11	46
0	46
5	46
0	57
0	47
0	46
0	46
0	9
0	0
0	11
0	0
0	0
0	0
0	1
0	0
16	0
0	46
0	57
0	46
0	46
0	46
0	8
2	1
0	1
0	1
0	1
0	1
0	0
0	8
1	1
14	11
1	2
0	5
0	1
0	0
0	0
0	0
0	0
0	0
0	67
24	56
0	63
314	35
0	40
0	35
0	0
0	10
0	16
54	72
51	0
16	2
0	2
0	0
9	3
0	3
12	8
7	19
0	0
6	26
0	24
6	2
0	0
0	1
1	1
0	0
1	1
0	1
1	1
0	0
0	0
0	8
0	3
10	18
0	0
0	0
1	0
0	5
0	4
2	8
0	0
0	8
0	15
0	5
0	0
0	23
0	36
0	36
8	26
0	26
0	26
0	36
0	0
22	1
19	0
0	0
0	1
28	2
0	6
0	6
0	1
0	0
0	1
0	1
0	1
0	0
1	28
0	28
0	28
0	10
0	2
0	1
0	1
0	0
0	0
0	0
0	0
0	7
0	7
0	211
0	211
0	2
0	2
0	2
0	2
0	0
0	6
2	12
1	6
31	0
9	0
0	0
0	5
53	5
0	0
1	0
15	0
0	0
0	5
0	5
18	5
25	1
0	1
4	0
3	1
0	0
1	0
30	13
20	13
0	4
0	1
0	0
0	13
3	0
48	0
0	20
0	20
0	9
0	0
1	0
0	9
4	3
0	1
5	2
0	2
4	2
0	0
0	0
0	3
0	3
0	0
3	2
0	10
0	10
0	10
0	7
13	0
2	0
0	16
0	0
0	0
11	0
0	3
0	3
0	34
0	37
0	0
0	0
0	0
0	22
16	31
0	0
0	0
0	0
0	0
0	0
77	98
0	33
0	13
0	5
0	11
0	1
1	1
0	1
0	1
0	2
0	3
0	1
1	3
2	12
17	12
1	0
0	0
0	0
11	0
3	29
0	29
0	21
0	19
0	2
0	1
0	1
0	0
0	2
4	2
0	1
0	1
1	0
9	44
0	21
0	16
0	44
1	0
3	0
80	0
0	144
0	129
0	122
3	0
0	5
0	5
0	6
0	6
0	1
0	1
0	1
1	0
8	17
2	16
0	7
0	5
0	6
0	1
0	0
0	0
5	0
7	0
11	1
0	0
0	0
0	0
20	0
163	7
0	0
0	1
0	0
0	0
0	0
187	290
19	0
43	89
0	89
5	3
0	3
0	0
9	1
18	3
0	1
15	0
10	0
0	0
0	0
0	5
0	2
0	2
114	0
0	0
165	40
0	21
135	1
0	0
0	0
0	0
0	5
0	5
0	0
0	0
6	40
0	84
0	84
0	0
0	75
0	10
0	5
2	0
0	0
0	10
0	1
0	1
0	1
0	0
0	0
0	1
0	0
5	1
0	1
0	1
0	0
28	0
16	0
1	1
1	1
15	0
15	0
23	0
236	0
10	1
0	1
0	1
1	0
2	6
4	0
21	6
14	2
0	0
23	0
0	0
0	6
0	10
8	53
0	44
0	0
0	0
22	47
1	2
0	2
8	0
0	1
0	0
17	0
0	0
3	0
0	0
0	0
0	1
21	62
0	13
0	14
1	13
0	1
0	0
0	0
0	1
0	0
1	0
0	10
0	10
9	9
0	9
0	1
0	1
0	1
0	0
0	0
0	1
0	0
0	8
0	0
0	1
0	9
0	9
0	3
0	1
0	4
0	0
0	0
10	0
17	4
0	3
0	0
0	0
0	0
0	0
0	0
0	6
10	43
1	34
0	0
3	0
0	0
4	0
0	0
1	0
0	0
5	0
4	0
0	30
0	30
0	30
0	30
0	30
0	30
0	30
0	30
0	30
0	30
0	0
0	1
0	0
0	0
0	13
1	30
0	62
17	62
5	0
9	1
0	0
0	0
2	1
0	1
0	0
1	0
0	0
0	123
18	123
7	9
0	1
0	1
0	0
0	60
0	60
0	60
0	60
0	60
5	60
0	60
0	59
0	1
18	0
35	146
10	133
2	80
0	15
0	1
0	144
0	43
0	33
0	20
0	0
0	1
1	0
4	23
0	0
4	1
0	1
0	1
0	1
0	1
34	347
2	8
1	8
2	19
0	8
30	17
0	0
7	8
0	0
0	5
0	0
0	27
6	0
0	5
0	5
0	0
1	0
0	0
264	37
1	37
82	37
0	37
0	36
24	36
0	0
1	11
0	0
0	0
0	0
0	0
0	0
0	28
0	18
1	0
7	27
6	8
9	0
0	0
0	0
0	0
0	0
0	0
11	7
0	2
0	0
0	7
3	7
0	5
0	0
0	0
0	0
0	0
0	0
66	0
0	0
0	0
0	0
22	2
54	0
8	2
1	88
0	36
8	0
0	0
0	0
0	0
13	15
0	1
19	17
156	84
3	11
0	0
4	12
0	2
0	2
0	76
0	49
1	80
13	32
0	84
2	18
0	18
0	14
6	19
2	19
0	14
0	13
6	2
0	0
0	1
0	1
0	0
13	5
0	19
0	16
0	4
0	15
0	0
1	22
0	29
0	24
1	23
0	2
0	124
0	124
0	0
0	0
0	2
0	2
1	13
0	2
0	14
0	11
0	11
0	0
0	1
0	1
0	11
1	0
0	0
0	0
0	10
0	0
0	0
0	0
0	14
0	14
0	1
0	42
0	3
0	0
37	27
0	27
4	1
0	11
0	0
0	4
0	1
0	1
0	3
0	0
0	1
0	2
1	2
0	5
0	0
0	1
0	1
0	0
0	5
0	0
9	1
49	2
1	0
0	0
4	0
0	0
0	0
0	1
0	7
0	0
22	10
0	9
0	8
1	6
0	2
0	0
0	0
0	0
0	0
0	0
7	0
0	0
28	26
4	15
0	16
284	23
1	15
0	162
456	247
0	84
0	0
0	0
0	0
0	0
0	0
0	0
18	60
0	60
0	11
3	10
0	11
0	9
0	2
0	0
0	0
0	2
0	30
2	31
0	22
6	31
0	1
0	56
0	24
0	37
0	13
0	13
0	0
0	0
0	0
0	0
0	0
0	7
9	0
0	78
0	78
0	78
0	0
0	9
1	9
0	0
84	62
0	62
0	49
0	32
0	32
0	32
0	29
0	0
0	0
0	62
0	0
0	1
0	1
0	0
4	0
0	0
0	0
7	1
0	1
0	1
2	394
14	32
0	47
0	54
0	102
0	43
0	38
0	23
0	15
0	10
0	16
0	16
0	0
0	16
0	8
0	5
0	2
0	102
0	14
4	7
0	5
0	1
9	14
8	17
0	13
0	14
2	0
105	15
0	9
47	6
2	0
0	5
0	5
0	5
0	0
0	6
0	6
0	11
42	0
3	61
0	61
0	0
0	11
0	11
0	26
4	11
0	0
0	26
17	19
0	16
0	4
0	16
1	0
0	4
0	0
0	0
0	0
0	19
0	40
0	40
0	3
0	5
0	27
0	0
2	0
1	0
0	0
5	50
0	47
10	346
2	346
4	3
0	0
0	19
0	1
2	0
0	0
40	0
0	0
0	19
33	44
0	0
0	8
9	8
0	0
9	0
0	8
0	36
0	47
15	1
1	128
0	24
0	128
0	0
0	0
0	0
0	0
0	14
5	15
1	1
0	0
0	0
0	0
0	1
0	1
0	0
0	0
5	0
5	5
0	0
0	0
0	0
0	0
0	0
1	5
0	1
0	4
77	276
4	36
0	123
0	134
0	26
3	13
0	13
0	0
2	0
0	2
0	0
8	0
0	0
0	11
3	0
0	0
1	0
0	12
0	0
2	12
1	2
0	2
36	183
0	183
0	36
0	14
2	0
0	0
0	0
8	49
0	49
0	8
24	1
0	1
0	0
0	0
4	16
0	16
1	0
1	2
0	0
0	0
0	0
9	0
0	0
0	0
7	6
0	5
6	1
0	0
4	0
0	4
4	4
0	2
0	3
3	1
77	2
9	7
0	7
23	0
1	2
0	2
0	0
2	0
0	0
2	14
10	14
0	1
0	0
0	0
0	0
0	0
0	0
0	0
0	0
0	0
0	1
2	1
0	10
1	0
2	0
0	0
0	0
35	8
176	169
1	163
3	0
0	4
7	0
0	2
0	4
1	0
1	0
5	0
0	0
2	0
1	9
74	9
0	8
0	0
0	0
0	0
0	5
0	5
0	0
0	0
0	0
0	0
0	0
1	0
0	0
0	0
0	0
9	0
0	0
18	0
1	9
0	0
0	0
5	4
0	0
0	0
0	0
0	0
0	0
2	0
0	0
0	0
0	1
0	1
0	0
0	0
0	0
0	0
60	43
0	43
0	31
0	82
0	54
7	11
0	22
1	34
0	11
0	11
4	0
15	12
0	2
6	28
0	0
0	0
0	54
88	40
0	36
0	18
0	10
0	9
0	24
0	24
0	19
0	24
0	19
0	1
21	0
0	1
0	1
0	0
0	0
0	0
0	7
0	7
0	5
0	0
1	0
0	0
0	0
0	7
38	0
0	0
0	0
7	17
0	14
27	27
0	14
0	0
0	0
1	287
0	287
1	121
1	129
50	117
0	93
0	28
0	8
0	8
0	9
0	9
0	0
4	6
0	6
3	3
0	3
0	4
0	4
23	3
0	0
0	1
3	8
0	8
4	8
0	0
2	84
0	78
4	0
0	1
0	0
0	0
21	1
0	0
0	11
0	72
0	0
182	17
7	0
166	70
95	11
3	1
0	1
486	2
0	1
0	2
0	1
0	2
0	2
26	6
0	6
0	6
0	0
3	0
0	6
0	0
0	3
0	3
0	3
0	1
32	5
6	0
4	5
0	5
5	4
30	2
0	2
0	2
0	0
1	0
1	0
0	0
1	0
11	11
0	11
41	0
0	0
0	0
0	0
4	0
0	1
0	1
0	1
0	1
84	90
0	46
153	46
1	0
0	0
0	40
0	8
0	30
0	39
0	0
0	39
1	0
18	39
7	14
0	14
0	5
6	6
0	6
1	5
10	11
3	0
0	0
0	0
0	0
0	0
0	4
0	4
0	0
0	0
0	1
0	2
0	11
6	10
5	1
0	0
0	0
0	1
0	0
3	1
0	1
0	0
0	1
3	0
8	0
28	3
0	3
1	18
7	0
0	18
0	0
32	100
0	106
0	0
0	0
0	0
3	18
0	18
1	2
0	0
1	0
1	0
0	0
12	16
0	15
0	15
6	1
0	1
0	0
0	1
0	1
0	1
0	1
40	14
0	13
0	1
0	0
0	15
9	15
0	14
14	1
391	0
9	7
15	7
1	1
101	22
1	5
0	0
4	16
0	0
5	0
11	3
0	0
1	5
0	5
0	5
2	10
0	10
0	1
0	1
0	1
1	0
0	0
0	0
0	1
0	0
0	0
2	0
0	0
14	0
0	0
16	45
0	3
0	4
0	3
0	4
0	4
0	0
0	1
1	3
0	3
0	3
6	5
0	5
5	3
0	0
11	0
0	0
0	45
5	28
0	0
5	28
0	0
0	0
0	0
0	0
0	0
0	0
0	0
31	12
0	12
0	21
10	0
3	21
0	2
0	4
0	4
0	1
0	0
0	27
0	27
0	0
0	0
0	0
0	0
0	0
0	0
0	0
2	4
0	0
6	0
0	0
0	0
0	4
9	80
0	1
0	79
0	74
0	0
3	0
1	0
0	1
0	11
0	37
0	1
0	0
0	36
0	11
0	37
87	15
0	5
328	9
0	12
1	0
0	7
0	11
0	0
0	0
0	0
7	0
6	1
5	1
45	1
1	0
0	1
35	5
0	5
0	0
4	0
0	0
19	42
10	42
0	0
0	0
13	1
0	0
0	0
4	1
0	1
0	0
0	2
0	2
0	0
0	0
0	0
0	39
0	68
0	2
0	68
0	2
0	2
0	1
0	0
0	1
0	1
0	37
0	37
0	37
0	2
0	0
0	16
0	16
0	15
0	0
0	0
0	16
12	14
0	1
0	1
5	0
0	13
0	2
0	2
2	0
17	3
0	3
0	3
1	0
0	0
1	0
0	3
0	14
0	13
0	14
0	13
15	14
82	23
0	11
6	11
0	12
0	15
0	1
0	0
0	0
0	0
0	0
0	0
51	16
0	13
0	8
0	8
1	30
15	30
0	1
0	3
0	8
0	0
9	8
0	8
0	8
0	12
19	12
0	8
40	1
45	1
3	31
1	31
2	24
0	0
0	1
0	9
0	10
0	5
0	4
4	1
0	1
0	1
0	1
0	1
13	10
8	10
27	11
0	1
0	7
0	10
0	0
0	0
8	0
2	0
0	0
0	9
0	9
0	97
0	97
0	97
1	97
0	0
0	0
0	0
59	15
0	15
0	15
6	20
0	14
140	13
0	0
0	0
4	0
32	0
0	0
3	0
0	3
0	3
0	0
0	0
0	12
0	6
0	12
0	6
0	12
1	0
0	0
0	0
0	0
0	2
0	2
0	2
0	2
0	2
9	8
0	0
0	0
0	8
13	0
39	0
0	2
6	2
0	2
0	1
0	1
0	1
0	0
0	0
0	0
0	0
0	150
0	149
1	3
0	5
0	5
0	0
0	0
0	4
0	3
3	1
0	3
0	2
0	1
0	1
1	10
1	9
0	12
0	12
0	3
3	1
32	1
4	1
0	1
5	4
0	0
31	0
0	0
1	0
0	0
0	2
0	0
0	1
0	5
0	1
0	1
1	12
0	12
2	0
11	37
7	0
0	0
0	37
0	0
0	37
0	0
1	0
36	9
0	8
14	0
0	0
0	0
0	0
0	1
0	1
0	0
1	8
0	8
0	8
0	0
0	0
0	8
0	8
0	0
0	1
0	0
0	0
0	1
0	187
0	187
6	0
0	0
0	0
0	5
6	0
0	5
1	0
0	0
0	0
0	0
0	1
5	1
50	0
0	0
69	22
0	7
0	1
0	0
0	0
0	0
0	0
0	1
55	0
0	0
0	0
0	1
0	1
0	1
0	0
0	0
0	0
0	0
0	0
0	0
1	0
37	0
38	8
0	8
0	8
0	8
0	0
0	0
0	0
0	0
0	8
0	0
0	3
0	20
0	7
0	20
6	3
32	0
0	0
0	5
1	5
0	9
0	9
0	1
0	0
0	7
0	7
0	0
22	0
14	3
0	3
9	3
2	3
0	2
0	2
4	0
7	24
0	51
0	0
2	0
0	74
44	0
1	1
0	0
0	1
0	1
0	1
0	9
9	30
12	9
0	21
0	0
0	3
0	3
4	0
0	18
0	18
0	17
2	0
0	0
0	0
0	1
0	0
0	0
9	74
84	428
3	12
0	13
14	12
6	13
0	12
0	1
5	2
0	0
2	1
4	1
1	0
0	0
1	0
0	1
0	4
10	4
107	0
2	0
0	0
0	0
0	0
0	0
0	8
5	0
0	1
0	1
0	0
0	0
0	0
1	0
1	3
0	3
0	6
3	6
0	0
1	0
0	0
197	8
0	0
0	0
0	0
0	0
0	0
0	86
0	6
11	0
0	0
3	1
0	0
0	0
0	1
1	0
0	6
0	350
0	350
2	358
0	361
0	361
0	6
0	0
0	0
0	0
0	0
21	84
0	0
0	13
0	1
0	0
0	1
5	69
0	54
8	0
179	32
0	23
0	10
0	1
0	0
6	8
0	0
8	259
0	259
0	24
0	9
41	48
3	11
30	0
0	1
0	0
1	2
69	1
0	0
0	0
2	1
0	5
64	5
10	13
0	12
0	12
0	13
0	0
0	0
0	0
0	1
0	0
0	1
1	5
0	23
0	0
0	0
0	0
0	0
0	0
0	0
97	27
0	0
3	5
0	0
0	0
0	14
0	217
0	14
0	180
0	7
0	7
2	208
0	0
0	0
64	4
0	0
0	4
0	0
2	0
4	44
1	44
0	33
1	0
0	0
1	0
0	100
0	63
5	1
0	1
0	1
0	1
0	1
52	3
0	1
0	0
0	102
1	28
0	28
0	0
0	0
67	2
2	0
0	3
7	10
0	0
0	0
0	0
0	0
0	0
0	1
0	5
0	4
0	1
0	3
3	8
2	1
0	0
0	0
0	30
0	28
20	30
0	53
0	61
0	41
0	21
0	21
0	20
0	0
0	0
1	0
0	0
0	7
10	1
0	6
4	181
0	180
0	1
0	2
4	2
0	2
0	2
0	0
0	4
0	0
0	9
0	20
45	12
0	0
0	9
0	8
6	8
0	32
0	32
1	32
0	0
20	1
0	0
0	27
0	0
0	1
0	0
0	0
0	11
6	9
0	4
0	4
0	0
1	9
1	0
0	15
0	11
0	136
0	0
0	0
2	0
0	0
0	25
0	24
0	8
7	8
0	3
0	6
0	0
2	0
0	0
5	0
0	0
0	1
0	2
56	2
48	13
0	11
105	145
7	145
0	31
3	0
15	8
0	8
2	1
0	0
0	0
0	0
4	3
0	1
0	1
0	1
2	0
2	0
3	5
0	0
44	0
0	0
13	3
0	0
0	0
0	0
0	0
0	4
1	4
0	0
0	1
0	1
0	1
0	0
0	1
167	29
0	7
8	12
1	0
0	7
0	0
0	7
51	16
0	16
0	0
0	0
90	25
0	7
3	0
0	25
0	7
0	7
0	0
0	11
0	0
0	0
0	0
0	0
0	7
0	0
0	0
0	0
0	0
0	10
0	0
11	59
0	0
1	59
0	40
14	40
0	35
1	38
0	18
0	27
0	17
0	17
0	0
0	4
18	5
0	0
0	0
0	0
2	0
0	10
0	5
56	2
2	2
1	0
0	0
1	0
0	0
0	0
0	0
0	0
0	5
0	5
0	0
1	0
0	0
36	29
0	29
2	0
0	26
1	0
0	0
0	0
0	0
0	0
0	0
0	0
0	0
6	19
0	0
0	26
4	5
0	1
0	1
0	0
0	0
0	20
0	26
0	31
3	31
0	9
0	9
0	33
0	33
0	9
0	9
0	0
0	0
0	0
2	8
0	0
3	6
1	8
46	1
0	27
0	10
16	19
0	0
0	0
13	10
0	6
14	10
33	11
0	5
0	3
3	9
1	3
0	9
0	2
0	0
0	0
0	0
0	6
8	13
5	17
1	7
0	0
0	0
0	0
0	0
1	1
0	6
0	1
0	0
2	25
0	7
0	42
0	45
0	42
0	42
8	3
0	0
0	0
0	3
2	5
0	0
2	3
0	0
0	0
1	2
0	1
0	0
2	0
0	7
0	7
0	3
15	31
0	31
3	2
0	2
0	2
0	1
0	1
0	1
0	32
0	32
85	0
0	0
0	0
1	0
0	0
0	45
0	48
0	1
0	1
0	0
0	0
40	4
0	4
0	0
0	5
0	5
0	5
0	5
0	1
40	3
199	28
0	26
1	14
0	11
65	0
0	0
0	0
0	0
3	0
1	0
0	0
0	0
0	0
303	13
0	13
0	3
0	0
0	0
0	0
0	0
1	4
0	3
0	2
0	1
0	0
0	0
0	0
0	0
1	0
8	28
0	0
0	0
0	0
0	105
0	10
2	101
0	105
5	114
0	98
0	93
62	106
0	38
0	18
8	14
0	0
1	0
42	0
0	0
0	0
0	0
8	20
1	0
0	0
0	0
0	20
0	18
6	42
0	19
0	42
0	15
0	36
1	14
2	14
0	3
6	27
0	18
0	6
0	36
0	10
0	7
0	66
3	70
0	60
8	6
0	94
0	3
0	3
0	2
0	9
12	9
0	6
0	7
0	1
0	0
0	0
0	7
0	0
0	1
0	0
0	1
13	7
0	5
0	7
0	7
0	3
0	0
0	0
0	0
1	0
0	0
3	6
9	6
0	0
0	0
7	1
0	1
5	1
6	1
1	21
0	0
0	21
0	0
0	0
0	0
0	11
0	11
27	11
1	2
0	0
0	0
24	0
31	2
0	1
0	1
0	71
0	0
0	0
0	0
0	71
0	6
0	6
0	6
1	0
0	2
0	5
0	5
7	5
0	3
0	0
27	3
0	0
1	0
5	0
0	0
0	6
0	6
0	3
0	3
0	3
0	7
0	7
5	2
1	2
0	2
0	45
0	42
0	42
0	12
0	12
0	12
0	0
0	10
0	46
29	0
0	0
1	0
1	0
32	11
0	8
2	0
0	0
0	0
0	0
19	0
4	0
0	16
0	20
0	0
16	0
0	0
2	24
0	0
6	0
269	159
0	3
105	0
0	1
1	0
0	1
0	1
0	72
1	30
0	6
0	15
0	0
6	9
0	72
5	3
26	3
0	3
0	3
0	3
0	0
0	0
5	0
0	0
22	0
0	1
0	0
0	0
0	25
0	25
0	13
0	13
0	0
47	86
0	83
0	79
0	3
0	0
4	1
82	0
1	0
0	5
1	5
2	0
0	0
0	0
10	10
0	10
0	10
0	3
0	3
0	0
3	13
0	4
0	1
0	0
0	14
0	14
0	3
4	1
0	0
0	0
3	0
0	35
8	8
0	8
0	6
0	6
0	13
0	0
0	0
8	0
0	0
0	22
0	1
0	11
0	1
0	11
0	1
0	0
0	0
0	0
0	0
13	0
1	0
0	0
30	1
0	1
0	0
1	12
0	2
0	11
0	0
0	0
5	18
0	18
11	19
0	13
0	13
0	0
0	0
0	0
0	1
0	1
38	1
0	1
14	0
6	1
1	40
0	25
0	0
6	5
13	6
0	5
0	0
0	0
5	27
7	55
0	35
0	23
0	6
0	0
10	0
0	0
73	0
2	0
3	2
1	0
19	355
0	0
0	355
9	1
0	325
0	0
8	0
0	0
0	0
34	0
0	0
1	0
0	0
0	1
0	1
1	0
2	12
0	18
0	0
0	0
0	6
0	6
0	12
0	18
19	5
1	3
0	0
0	0
0	0
24	18
0	3
1	0
0	6
0	6
0	6
0	0
0	0
0	0
0	0
0	0
0	0
0	0
34	50
25	50
6	18
20	18
0	0
0	0
0	0
0	0
6	3
0	0
0	3
0	1
0	0
0	3
0	3
0	3
0	1
1	0
5	0
0	0
0	2
0	2
0	2
0	2
0	0
0	0
41	2
8	2
0	2
1	0
158	54
0	22
8	0
3	2
1	2
0	0
0	0
0	0
0	0
0	0
0	11
0	0
9	11
0	2
0	0
5	0
0	15
1	15
0	15
0	1
0	1
0	0
0	0
0	0
0	0
1	106
22	21
0	13
0	0
0	39
40	57
135	12
0	0
0	0
0	0
0	0
5	0
0	0
8	0
0	0
8	0
0	0
0	0
0	0
0	0
0	0
7	0
1	0
4	179
0	31
0	16
0	148
0	0
0	2
0	1
0	1
0	0
0	1
0	0
0	0
0	1
0	0
0	0
5	10
0	1
0	4
0	5
0	5
0	1
0	0
0	0
0	4
8	18
0	18
0	2
0	2
432	7
0	0
0	7
115	88
0	66
58	0
11	20
6	0
0	12
7	12
0	15
0	13
63	15
0	0
0	119
1	94
0	0
1	1
0	0
0	0
0	0
0	0
19	119
0	0
0	6
0	6
0	5
1	9
65	8
4	2
2	3
5	2
10	0
3	24
0	23
0	12
75	23
0	7
2	6
1	0
0	7
2	0
3	1
32	2
4	2
0	0
0	0
0	0
7	0
6	0
17	0
0	0
0	0
0	0
6	0
0	0
0	0
5	0
0	7
0	7
0	0
9	1
0	1
3	117
65	115
468	0
0	0
0	0
0	0
0	0
0	0
0	0
0	0
2	0
1	7
0	7
0	7
0	10
0	10
0	7
0	4
0	4
0	4
0	13
1	0
0	0
0	1
0	1
0	1
0	1
0	0
0	13
0	1
0	0
8	2
0	0
0	2
2	2
0	2
0	2
0	1
0	0
0	0
0	0
0	19
0	19
0	19
0	0
7	0
0	0
0	5
0	0
0	5
3	0
0	0
88	0
1	6
0	6
0	1
0	1
0	2
5	44
0	24
0	26
0	2
0	11
0	8
0	0
0	0
4	45
0	0
3	0
0	0
0	7
0	7
0	0
0	2
0	2
23	23
2	35
0	9
49	8
0	7
0	5
0	1
203	196
71	191
0	196
9	183
2	5
0	0
0	19
18	19
0	0
0	52
0	51
0	16
5	12
0	12
7	11
0	7
1	0
0	0
0	0
0	0
0	0
0	0
0	0
0	0
0	0
0	0
7	16
0	11
0	11
0	0
0	14
0	16
0	7
2	2
0	1
0	5
6	5
56	20
0	0
0	15
0	0
0	0
2	0
1	8
25	8
3	1
0	0
0	1
0	0
0	0
11	2
18	8
5	0
0	0
1	0
0	1
0	8
3	3
0	3
0	0
0	0
3	33
0	0
0	0
0	0
2	9
0	3
0	0
0	33
0	29
0	33
0	14
0	4
0	12
0	12
0	7
0	5
3	0
0	0
0	0
0	2
0	1
0	1
6	1
0	1
0	5
7	7
0	7
0	4
0	0
0	1
0	0
23	0
0	0
9	0
0	4
0	0
0	0
32	0
41	23
0	23
68	0
2	0
3	0
1	0
8	1
0	1
2	3
0	3
0	0
1	2
0	0
8	28
0	28
0	21
10	25
0	35
1	21
0	16
0	7
0	0
0	1
0	0
1	0
0	0
0	0
108	5
0	5
0	0
28	0
1	0
23	0
1	0
27	3
0	0
0	0
0	1
0	1
0	1
0	0
0	0
0	0
0	0
0	0
1	6
5	47
0	47
0	47
1	47
0	3
0	1
0	1
0	1
1	1
0	1
0	1
0	0
0	0
0	1
0	1
0	1
0	60
1	47
0	21
0	27
0	68
0	68
0	1
0	1
0	1
0	0
0	0
0	0
43	0
32	54
29	54
0	0
175	5
0	2
45	15
0	0
13	0
0	1
0	1
10	0
0	0
20	6
28	14
0	6
0	6
0	6
0	6
0	6
0	0
0	7
0	7
0	7
0	3
0	7
0	2
0	6
0	6
64	33
1	16
0	9
0	9
0	1
0	9
1	16
0	16
0	0
0	0
9	0
0	0
9	10
0	6
67	2
3	2
0	1
0	1
1	4
0	25
0	15
195	46
0	43
0	2
0	7
0	7
0	1
117	76
0	76
0	1
0	0
0	0
0	0
4	0
0	0
0	0
0	0
0	0
0	0
32	3
0	0
0	0
11	0
0	0
0	0
0	0
0	0
0	0
1	0
0	0
0	0
0	0
1	1
0	170
0	191
0	173
0	7
20	8
0	7
0	199
0	67
0	98
0	95
0	0
0	0
0	0
0	0
0	94
0	92
0	88
0	3
3	3
0	3
0	20
0	20
0	20
0	0
0	3
0	15
0	15
0	18
3	7
0	15
0	1
0	2
0	1
0	4
0	0
0	0
0	0
8	0
13	18
0	0
0	0
0	0
0	0
0	2
0	21
0	18
24	87
0	16
0	6
4	93
8	0
18	0
0	0
7	179
0	15
0	6
0	6
0	6
0	6
20	172
27	11
0	11
0	6
0	0
1	0
0	0
73	6
0	9
0	9
0	0
1	0
0	9
0	4
0	0
0	0
0	0
6	13
0	13
0	6
1	0
3	0
14	0
0	21
0	0
0	0
0	0
0	0
0	21
1	21
3	0
0	0
3	0
1	10
0	0
0	10
0	4
0	0
0	0
0	0
17	10
0	0
0	1
0	0
0	11
0	10
2	0
15	1
0	0
1	0
0	13
0	3
0	2
0	12
0	1
10	7
0	0
0	0
0	0
0	0
0	0
0	0
0	7
0	0
0	0
0	0
0	0
36	10
0	10
0	0
0	0
9	0
0	2
0	4
0	4
1	2
0	2
0	4
39	10
27	0
0	0
11	0
20	21
3	21
1	0
0	1
0	1
0	0
0	0
40	1
4	1
0	0
3	0
0	0
0	0
0	0
0	0
0	0
43	33
0	0
0	2
0	0
0	2
0	2
0	0
1	0
0	31
0	26
1	0
0	1
1	0
0	27
0	4
0	27
0	2
0	14
0	1
0	6
1	25
160	0
1	10
0	7
0	7
0	1
0	0
0	0
0	0
0	0
0	0
0	50
0	50
6	0
25	0
0	0
1	0
0	0
0	0
8	0
0	0
43	193
0	0
8	0
24	193
0	0
13	0
0	0
2	51
0	116
18	34
6	48
0	26
9	26
0	19
9	12
0	8
3	3
0	7
1	8
0	0
0	0
7	0
0	0
0	0
0	0
0	6
0	0
6	0
0	25
0	15
0	29
0	20
2	5
0	2
0	0
1	0
0	19
0	0
0	5
0	0
15	5
0	40
0	9
0	7
47	7
0	8
0	0
0	0
0	2
0	0
0	0
0	0
2	23
0	23
0	23
0	23
0	23
0	0
0	0
0	23
0	20
0	0
0	0
0	42
0	61
0	44
0	44
0	4
0	2
0	15
1	23
0	8
0	0
0	1
0	1
0	0
0	6
0	6
2	4
1	4
46	0
1	11
0	11
0	0
7	10
0	3
0	9
149	0
0	1
0	0
0	0
0	0
0	1
0	0
0	1
0	0
5	7
0	7
0	7
0	0
5	0
204	89
0	18
0	0
0	3
21	3
0	1
0	2
0	1
0	0
5	0
0	0
0	3
0	3
0	0
51	21
0	14
174	4
0	4
0	0
0	0
0	0
6	4
0	0
28	1
0	7
3	2
1	1
17	22
20	57
0	49
0	4
8	2
10	0
38	24
1	31
0	0
18	0
27	7
2	5
0	0
0	0
0	0
0	24
26	26
1	24
0	6
2	6
0	26
0	24
0	25
0	0
0	17
0	1
46	0
0	3
0	2
47	3
0	3
4	3
4	0
0	1
0	0
0	0
0	1
0	0
0	10
2	10
0	0
3	1
0	0
0	4
5	1
0	1
3	1
0	4
0	3
0	0
0	0
0	15
0	11
0	11
0	15
0	7
4	27
0	0
0	20
24	202
0	206
0	72
0	1
27	206
27	24
5	27
0	23
0	29
0	1
0	17
0	10
0	1
0	5
0	30
7	3
0	0
0	0
0	3
0	3
149	38
6	172
0	0
0	0
0	3
0	3
2	3
0	3
1	0
0	0
10	12
0	18
0	7
0	6
0	6
0	0
11	12
34	11
0	0
2	0
0	11
0	0
48	0
0	0
11	4
0	4
6	4
4	4
1	0
6	1
0	5
0	3
0	2
17	0
13	32
0	34
0	0
0	61
0	61
5	61
0	50
0	50
0	50
0	0
0	1
0	58
0	58
0	20
0	20
0	59
0	20
31	0
0	0
0	0
0	0
0	0
0	0
1	0
1	1
0	1
1	1
0	0
0	0
0	1
26	5
0	5
0	0
0	0
0	0
0	0
0	0
0	0
2	1
4	0
0	2
0	2
0	0
0	2
0	2
0	1
0	0
0	0
3	66
0	54
0	52
0	19
0	0
0	0
0	0
0	5
0	5
0	0
0	5
1	12
0	8
0	0
0	5
6	0
0	66
0	66
118	54
0	0
23	54
13	21
0	6
1	21
0	1
0	1
4	1
0	0
0	20
111	0
3	0
0	11
0	17
2	0
16	6
19	40
0	72
0	44
73	52
6	18
0	63
0	63
0	4
0	2
0	43
10	2
0	2
0	2
0	0
0	1
0	1
0	0
5	0
0	0
0	0
0	0
0	14
0	45
0	0
0	1
0	0
0	1
1	1
0	1
0	1
0	1
7	0
1	1
0	1
0	3
0	1
0	0
1	3
208	54
0	46
14	12
0	0
4	2
0	25
0	2
9	3
1	2
0	7
1	1
0	1
0	0
0	0
0	2
0	4
7	12
14	1
1	0
2	0
0	0
0	1
155	89
0	1
0	1
0	3
16	25
16	67
0	10
0	0
0	1
0	1
0	1
1	0
0	0
0	16
0	16
0	13
4	0
0	14
0	14
0	14
0	17
1	20
0	17
0	20
0	17
0	0
1	0
0	5
2	1
0	1
2	0
4	1
0	0
1	0
33	1
0	1
44	0
0	0
11	2
0	2
31	66
0	45
64	50
2	40
0	5
6	1
6	12
22	5
1	7
0	1
0	8
1	0
0	107
76	117
0	9
0	1
0	0
0	0
0	0
0	0
0	0
0	0
0	1
21	0
0	72
6	96
0	66
0	66
0	72
0	1
0	5
0	4
0	0
6	20
0	20
3	6
0	6
0	2
13	6
0	4
0	1
3	1
0	1
0	0
0	0
0	0
0	0
0	0
0	0
0	0
2	0
4	0
0	1
0	1
0	1
72	269
0	269
0	221
114	6
25	179
0	175
0	175
7	13
0	70
355	205
0	76
0	191
0	1
0	1
0	2
0	0
0	0
0	2
0	1
0	72
2	27
0	9
0	18
0	24
0	3
10	2
3	0
14	0
0	9
0	9
0	0
22	0
0	0
0	0
145	0
0	0
3	24
3	19
0	9
2	0
43	170
0	0
0	2
0	0
0	151
0	0
6	0
136	168
11	1
0	0
0	0
2	1
2	1
0	1
0	1
2	0
5	1
232	76
17	167
4	67
0	153
0	82
15	147
0	91
0	62
0	30
8	0
12	40
12	0
0	1
1	12
4	0
0	0
4	1
0	1
0	9
0	9
0	0
0	3
0	0
0	0
0	0
0	30
0	30
6	7
0	7
1	6
10	6
4	0
0	0
0	0
0	0
5	10
1	0
0	10
0	10
0	10
0	10
0	10
0	0
0	10
0	0
0	0
0	0
1	0
3	0
3	0
0	0
0	0
0	10
0	1
0	1
0	1
5	0
0	9
8	9
0	8
0	0
0	0
0	0
11	0
163	114
0	16
0	0
0	20
0	0
0	12
0	76
0	13
12	0
0	16
0	16
0	20
0	0
0	12
0	20
0	20
12	0
0	16
0	16
0	0
0	9
26	9
1	1
13	5
0	0
0	1
0	0
9	4
328	0
3	12
1	0
0	0
0	12
0	11
0	11
0	0
3	29
0	4
5	17
0	1
0	0
3	0
0	1
15	25
68	2
13	2
1	2
17	332
0	100
0	285
0	0
3	4
0	4
18	13
0	0
8	13
0	15
14	15
0	15
0	11
0	1
0	1
0	1
1	8
0	8
0	3
3	3
0	3
0	3
0	2
0	2
1	67
0	9
0	0
0	11
8	79
0	12
0	0
0	0
0	0
0	0
0	0
0	0
0	0
0	0
0	0
0	0
0	0
0	0
0	0
4	3
0	1
0	1
2	0
0	9
0	13
0	13
0	9
0	6
1	7
0	6
0	4
0	2
12	5
15	16
0	0
0	18
0	18
1	5
0	3
13	0
0	8
0	18
5	9
2	0
0	0
0	3
0	3
14	26
1	11
0	11
0	12
0	12
0	12
0	15
77	11
0	11
0	1
0	1
0	0
0	0
0	0
0	0
0	0
7	0
0	0
0	0
0	12
2	2
0	2
4	9
11	9
0	8
0	0
4	2
116	2
0	42
0	2
0	12
0	0
0	88
0	35
96	47
0	279
0	0
0	395
0	142
0	0
0	0
2	63
0	207
0	12
0	25
0	12
0	13
0	0
115	0
104	0
2	0
99	10
0	0
0	10
1	0
0	1
0	3
0	2
0	2
0	0
0	2
0	0
0	0
0	0
1	0
0	0
1	10
0	8
0	9
0	2
0	2
0	2
4	13
19	15
0	15
23	0
0	0
0	0
0	0
11	17
13	2
68	0
6	12
0	12
0	12
10	0
0	0
0	0
0	2
0	2
165	17
0	17
0	5
0	0
22	3
0	3
0	3
2	0
71	179
0	180
12	1
0	4
4	4
1	0
0	0
0	7
44	7
0	7
0	0
0	1
0	1
0	1
0	0
0	0
13	6
1	0
0	6
13	0
0	41
0	0
7	0
0	6
0	0
0	5
17	20
1	16
0	41
1	67
0	44
1	12
0	0
0	1
0	0
32	0
0	0
0	0
0	0
34	5
0	0
0	5
0	5
0	0
0	0
0	5
82	86
0	30
0	30
1	0
0	3
3	8
0	0
0	8
0	14
0	14
0	0
4	2
42	16
12	16
0	12
30	5
0	0
8	1
0	1
0	1
0	1
0	1
0	1
0	0
0	0
0	0
0	0
0	0
0	1
62	0
0	0
0	0
0	0
0	0
0	0
6	0
0	66
0	67
8	67
0	65
0	65
0	65
0	65
0	1
8	0
0	13
0	0
9	0
0	23
0	23
245	64
0	61
0	61
0	61
0	61
0	61
0	72
2	1
0	1
4	1
0	11
2	4
0	0
0	0
8	10
6	1
0	0
0	0
0	7
0	0
5	0
0	9
0	0
0	9
0	14
0	11
0	0
1	3
1	0
1	9
10	22
0	6
1	1
30	0
0	3
0	0
0	0
0	0
0	0
0	0
0	0
0	0
12	8
6	89
6	10
4	10
14	0
0	1
0	2
0	16
0	16
0	147
0	62
190	161
1	153
3	85
0	8
0	2
0	0
0	2
0	9
0	9
0	1
19	100
1	0
6	100
0	0
0	0
0	57
8	432
0	89
0	6
0	6
0	0
0	0
0	0
4	408
0	0
0	0
0	19
0	0
0	0
0	0
0	19
0	19
0	0
0	0
0	0
0	0
0	0
0	11
0	11
0	125
47	125
33	9
0	2
0	2
15	7
75	24
2	5
0	4
0	0
0	0
0	0
0	19
28	0
5	0
0	0
0	0
10	0
0	10
0	10
0	0
0	0
0	5
0	5
0	5
0	1
31	17
0	12
1	5
0	12
17	0
5	0
0	12
0	10
0	10
0	0
0	0
0	6
3	6
0	6
0	0
0	6
0	6
8	8
0	0
0	12
0	0
0	0
0	0
0	0
0	0
0	0
4	0
0	0
61	0
2	46
0	0
0	0
35	10
59	46
0	0
42	1
0	1
16	1
1	2
7	2
0	0
0	2
3	15
0	6
0	12
5	0
0	1
19	10
0	0
0	0
0	0
60	0
0	0
0	33
0	33
0	21
0	12
0	0
0	3
0	3
0	3
0	3
3	1
4	70
0	74
3	74
0	37
26	37
2	0
14	0
0	1
31	0
0	1
0	0
0	0
0	0
0	0
0	0
14	0
4	0
0	0
2	0
0	0
0	18
0	0
0	0
0	0
0	0
0	18
1	18
164	0
4	0
14	4
0	4
0	1
0	1
0	1
0	1
0	1
0	1
0	1
0	1
0	1
0	1
0	1
0	1
0	1
0	1
0	0
0	1
0	0
0	1
0	1
0	1
0	0
0	0
0	0
0	1
0	1
0	1
0	1
6	1
122	2
0	0
0	0
0	2
1	0
0	0
17	6
36	7
0	6
0	6
186	23
0	1
0	0
0	21
3	1
0	9
1	0
0	0
28	7
0	6
22	5
0	4
0	4
0	1
0	1
1	0
0	0
0	0
0	0
270	47
2	46
0	47
0	47
1	46
0	2
1	3
0	0
0	0
0	2
0	0
0	0
0	0
0	0
6	0
0	0
0	0
0	0
0	0
1	0
0	0
0	0
4	8
0	8
5	9
0	0
3	2
0	1
4	0
0	0
0	0
6	0
0	9
4	0
40	5
5	10
17	1
8	0
13	10
0	7
0	6
0	7
1	0
0	0
7	14
1	5
1	9
0	0
0	0
8	0
0	0
0	0
0	0
0	14
0	10
0	3
0	2
0	1
1	11
70	33
8	33
0	1
0	1
0	0
0	0
0	1
0	1
2	14
0	4
0	10
2	0
0	0
12	24
40	24
0	23
0	0
6	0
4	0
0	0
1	0
1	0
0	0
1	0
0	0
0	0
0	0
0	8
0	22
0	28
0	15
4	28
187	72
0	72
1	0
0	1
0	1
0	5
0	5
59	6
0	5
0	2
0	59
0	60
0	0
0	2
0	0
0	0
0	0
21	0
0	0
1	8
1	8
0	5
0	11
0	0
0	9
2	0
0	48
0	48
0	48
0	48
4	50
0	10
0	2
0	2
0	1
0	0
0	0
4	0
0	0
0	0
0	1
63	0
0	1
0	1
0	0
0	1
0	0
0	0
0	1
0	0
0	0
0	0
0	0
0	0
0	0
32	3
0	1
0	1
85	45
0	12
0	33
0	0
1	0
0	0
0	0
0	5
0	0
0	113
1	60
0	1
0	24
1	1
7	112
5	111
0	112
0	112
1	59
1	55
110	200
0	200
0	0
0	3
0	0
0	0
0	100
54	0
0	0
0	0
0	0
0	0
2	4
0	0
0	0
2	0
0	4
0	0
0	1
132	172
1	68
0	49
0	121
328	163
8	80
0	169
0	163
4	0
1	0
13	0
0	121
0	0
36	72
0	24
0	1
0	1
0	0
70	0
0	8
0	28
464	213
2	153
22	8
0	15
0	5
8	30
3	31
1	0
6	30
0	29
0	18
107	11
34	0
0	0
0	0
1	3
16	4
0	0
0	0
0	0
0	0
0	0
0	0
4	0
0	0
10	0
0	0
0	2
0	2
0	2
0	1
1	1
2	0
0	0
11	32
0	23
0	6
7	4
0	0
0	0
0	0
0	0
2	0
28	9
0	6
47	1
2	1
3	7
0	11
0	4
0	3
9	30
0	13
0	30
0	8
0	5
0	0
0	5
0	5
2	44
0	44
0	44
1	43
2	0
0	0
0	0
0	0
0	0
0	0
0	0
1	0
0	0
0	0
0	0
0	0
0	0
0	0
0	0
0	0
0	27
0	29
0	2
0	29
0	29
0	2
0	0
0	0
0	0
6	0
0	0
2	0
5	0
1	0
6	0
0	0
1	0
0	5
14	5
0	0
0	0
0	0
0	1
0	0
82	63
0	8
0	8
0	0
0	0
2	46
0	52
34	24
0	24
0	23
0	0
0	0
0	23
0	0
0	0
0	0
0	0
0	2
0	2
31	0
0	0
28	9
0	8
1	0
8	0
0	0
9	1
0	0
1	0
0	1
1	0
0	0
8	0
0	0
0	5
0	5
4	49
0	49
0	0
0	9
0	9
0	0
0	1
0	1
0	0
0	0
0	1
0	1
0	0
0	0
0	0
0	0
4	81
0	134
0	20
0	7
0	60
0	1
5	7
6	11
2	11
0	9
4	0
0	2
0	0
0	0
1	2
0	2
57	2
0	2
44	0
29	17
0	17
0	1
0	0
0	0
77	9
12	8
17	19
0	0
0	1
9	1
2	0
14	0
0	0
0	8
0	22
0	22
0	0
0	0
0	1
0	0
0	20
0	0
0	0
1	0
0	0
0	0
0	0
0	0
0	0
0	0
12	3
12	26
0	23
0	3
0	3
2	0
0	0
0	0
0	2
0	2
0	0
31	4
0	3
0	4
0	4
0	1
0	1
94	36
0	33
0	0
0	4
0	1
0	4
0	4
0	0
0	0
0	1
15	2
0	0
0	2
2	0
1	0
0	0
23	0
8	0
21	0
0	0
20	0
25	39
0	36
0	16
0	19
5	19
0	0
0	3
0	0
6	0
0	3
3	1
0	1
0	0
0	0
0	0
0	0
9	1
0	1
0	1
0	1
0	1
0	0
0	0
0	0
72	1
0	1
0	0
1	2
0	0
13	25
0	25
3	25
0	0
0	1
0	0
0	1
0	29
93	29
0	0
1	0
0	8
0	8
162	27
0	17
0	15
0	10
7	8
2	10
0	0
0	8
0	8
4	10
0	0
0	1
0	1
0	4
0	4
4	4
0	5
0	5
1	30
3	30
6	0
0	3
0	3
1	3
0	3
0	28
1	28
0	28
0	0
0	0
0	0
3	0
2	0
0	0
0	0
52	71
0	71
0	0
2	52
0	0
0	1
0	1
0	0
0	0
0	0
0	0
0	2
34	1
0	1
0	1
0	5
51	7
0	5
0	0
0	0
0	4
0	0
0	0
0	0
0	0
0	0
0	0
1	0
0	0
0	0
6	6
0	3
11	0
2	3
0	3
0	3
8	3
0	0
0	1
0	1
7	0
157	18
0	19
0	19
0	14
1	14
0	0
28	6
0	5
0	5
0	6
0	1
0	0
2	0
0	0
0	0
0	0
1	0
114	0
0	0
0	0
1	0
0	0
76	4
0	0
4	7
0	1
0	0
0	0
0	0
0	3
4	0
1	0
1	0
0	0
0	0
16	1
0	1
0	0
0	0
0	0
6	0
20	6
0	6
0	6
0	0
4	0
15	34
0	34
0	0
0	0
3	29
0	0
0	24
1	0
0	0
0	0
0	2
0	2
0	0
13	37
0	37
217	30
0	5
0	5
0	5
234	8
0	8
0	8
0	9
0	0
0	1
0	0
0	1
0	0
14	12
0	12
0	0
7	0
0	0
41	0
0	0
1	0
5	17
0	18
0	17
0	10
0	2
0	2
0	2
0	1
0	0
0	0
0	61
121	61
0	39
41	3
5	0
0	0
2	18
7	1
0	18
0	3
9	7
0	6
0	3
6	0
0	1
0	8
0	2
0	1
0	1
3	3
0	8
0	2
2	2
1	4
0	4
2	2
0	6
0	2
0	5
0	2
13	2
6	2
17	2
5	23
0	0
0	0
0	0
0	0
0	0
11	20
13	19
0	25
0	17
0	10
0	10
0	0
0	0
0	0
0	0
0	0
27	2
0	0
0	1
0	1
0	1
6	7
30	45
0	44
0	13
10	1
0	0
0	1
0	45
0	0
0	0
0	0
10	2
0	2
0	0
11	19
0	4
0	23
6	22
0	23
0	16
0	10
0	0
3	0
0	1
0	25
9	3
0	1
0	1
0	1
0	1
25	1
0	1
0	0
0	0
0	0
47	0
0	0
114	6
0	2
2	1
0	1
0	20
0	20
3	0
4	0
15	6
0	6
6	6
0	0
0	6
0	6
1	17
0	17
0	17
0	4
0	4
1	1
0	0
0	0
0	1
0	0
1	0
0	0
0	0
4	0
0	0
0	0
0	0
0	0
2	0
0	1
0	3
0	0
0	2
0	3
8	30
0	0
0	30
0	5
15	0
6	0
0	2
0	0
2	0
0	0
31	0
1	12
0	0
0	12
0	0
0	0
0	9
0	0
17	0
0	0
0	0
0	0
0	0
0	0
0	0
0	0
0	5
0	5
0	6
0	5
1	6
0	1
0	1
0	1
0	1
0	1
0	1
0	1
0	0
0	1
3	290
0	78
0	18
0	18
0	0
0	7
0	7
1	0
0	2
2	0
0	290
0	290
0	290
2	33
0	10
0	9
0	33
0	0
3	0
0	13
83	10
0	0
1	0
0	11
1	7
0	5
3	5
0	0
3	5
0	0
0	0
0	6
0	0
0	6
0	0
0	0
0	0
0	0
0	0
0	0
0	2
0	2
0	1
0	1
0	1
5	8
16	8
0	1
0	1
0	7
30	2
0	2
0	0
0	0
0	0
0	0
0	0
0	0
0	0
0	0
0	0
0	0
0	0
0	1
1	2
0	1
25	1
7	17
42	11
0	2
0	7
0	0
1	0
0	0
0	0
4	0
2	7
1	17
0	0
0	0
0	0
0	0
0	0
3	9
0	9
0	3
0	0
0	0
0	0
0	2
0	0
0	2
1	2
1	0
0	2
3	45
0	38
0	38
13	5
0	3
1	0
10	0
0	0
0	0
0	4
9	0
0	0
0	0
0	0
0	0
0	0
0	0
0	0
4	2
0	1
39	9
0	0
0	0
0	0
0	0
0	0
0	0
0	0
0	0
34	1
9	248
0	0
0	0
0	0
4	0
0	0
0	248
1	1
0	78
0	77
0	0
0	0
0	0
1	0
0	0
0	1
0	6
0	6
0	1
0	2
0	1
0	1
0	1
574	131
33	137
28	63
0	0
0	6
0	6
0	6
0	6
0	0
24	2
2	10
0	0
1	0
0	0
0	39
3	39
0	0
0	5
0	6
0	22
21	6
0	0
0	1
3	17
0	6
0	1
0	2
0	2
8	2
78	33
0	5
0	1
0	1
0	1
1	2
0	1
0	1
0	1
186	12
0	12
112	131
0	42
0	112
58	42
0	11
0	1
0	10
102	119
0	11
0	11
0	40
0	42
0	18
0	0
22	7
0	7
0	0
36	0
6	7
0	0
0	0
0	0
0	42
0	1
2	0
0	0
0	0
0	0
0	0
0	0
0	0
0	0
0	0
0	42
22	6
0	3
0	3
0	1
0	4
0	0
0	2
0	0
0	0
1	0
4	9
0	11
0	2
0	0
7	1
1	1
0	0
4	37
0	37
0	18
0	6
0	0
4	0
0	5
0	1
0	0
0	0
0	0
0	4
0	0
0	3
0	30
0	42
697	219
0	24
0	33
0	21
0	20
0	12
23	23
0	8
0	0
0	12
0	0
0	0
1	1
0	1
0	13
13	13
33	130
0	0
0	1
0	0
0	12
0	10
0	1
20	1
0	116
0	1
0	0
0	0
0	0
0	0
0	2
2	1
0	0
4	0
53	0
24	0
0	0
0	2
0	0
0	0
42	0
0	0
1	0
7	1
1	0
0	1
3	1
29	24
0	30
0	0
4	78
21	11
0	11
0	1
0	0
0	7
0	6
1	8
7	8
0	0
12	0
0	0
0	0
0	0
81	2
0	0
18	2
6	2
28	15
1	15
0	0
0	0
1	0
22	3
0	2
1	1
2	0
0	0
0	2
0	0
0	0
25	0
0	0
0	0
0	0
0	0
60	0
0	1
0	1
6	0
0	0
0	0
66	60
0	61
0	43
0	43
0	39
0	39
0	28
5	0
0	10
0	0
0	0
0	0
0	0
0	10
1	10
0	0
0	0
0	0
0	0
0	0
0	110
0	160
0	0
0	7
0	3
0	3
0	0
0	0
69	37
2	37
0	17
0	17
0	1
16	20
0	7
0	5
0	0
0	0
15	12
0	0
0	0
1	0
4	0
0	0
0	0
0	0
0	9
0	9
0	1
0	5
0	5
0	0
0	0
0	0
0	0
0	0
10	308
25	308
103	0
0	1
0	1
245	58
1	17
0	1
0	41
4	55
0	39
25	6
0	2
0	0
0	0
0	2
0	1
0	5
0	42
0	0
2	6
0	4
0	2
0	0
0	0
0	0
0	0
0	0
7	20
0	5
0	0
2	31
6	24
0	11
0	22
4	0
0	0
0	6
0	6
0	0
0	4
0	4
0	4
0	0
0	0
0	0
0	6
0	7
0	11
0	7
0	11
0	11
0	7
9	3
82	3
0	0
3	0
0	101
0	95
0	21
0	27
0	8
5	0
0	0
0	0
0	0
6	0
0	101
1	30
1	30
0	7
8	20
0	0
0	0
1	0
1	0
0	10
0	1
33	0
0	0
0	0
0	0
11	0
0	0
3	0
0	0
0	0
2	0
6	0
49	17
0	17
0	0
0	0
0	0
5	51
0	20
0	14
2	38
0	44
0	14
19	4
0	0
0	0
0	0
0	0
0	2
3	6
0	0
0	0
0	0
0	2
0	2
0	0
0	2
0	19
0	24
0	24
0	24
0	6
0	0
0	5
0	0
17	0
8	0
1	0
0	2
0	3
0	3
0	0
0	0
0	5
0	5
0	5
0	5
0	5
0	5
3	5
3	38
0	2
7	0
0	0
0	6
3	11
31	8
0	14
9	21
0	0
0	5
0	16
3	0
0	0
0	0
0	0
0	0
1	28
0	0
0	24
0	0
0	0
0	24
31	10
63	12
19	20
0	10
0	2
0	0
0	1
0	1
0	0
21	0
0	0
0	0
0	0
1	4
4	10
0	10
0	0
0	0
0	48
0	0
0	7
0	27
0	21
0	21
2	27
0	48
0	0
0	0
0	0
4	0
1	7
0	5
0	1
0	5
0	1
0	4
2	8
0	0
0	4
0	0
0	0
2	3
10	1
8	1
18	10
0	0
0	10
0	0
0	11
1	12
0	5
0	0
2	3
4	27
27	27
0	0
4	22
0	27
7	14
0	0
0	0
0	0
14	38
0	38
4	38
59	32
2	31
2	0
1	0
0	0
0	0
73	14
0	14
6	0
0	0
0	0
0	0
22	0
0	0
0	0
2	0
0	11
208	29
0	8
0	0
0	0
0	0
0	0
9	12
100	6
3	0
14	1
0	0
25	0
7	0
1	0
0	12
0	12
0	9
0	22
8	22
0	2
0	0
0	0
0	0
18	16
0	16
4	1
0	1
18	0
0	0
1	1
0	0
0	19
1	12
0	0
2	0
0	43
0	45
3	46
0	33
0	1
0	12
0	50
11	7
0	12
0	12
107	19
0	7
0	0
0	7
3	1
1	4
0	3
0	0
1	3
0	9
0	9
0	9
0	9
0	9
0	2
72	0
0	0
0	0
11	0
0	0
45	0
0	1
0	1
0	1
5	3
0	1
0	0
5	0
0	0
88	12
0	0
62	6
0	20
0	12
0	11
0	2
0	2
0	2
0	3
0	29
0	11
0	0
0	0
0	0
0	1
0	0
0	1
0	1
0	0
0	0
0	0
0	0
0	8
0	8
0	8
0	5
0	1
8	1
0	1
0	0
26	0
25	21
0	0
0	21
0	3
0	0
0	1
0	18
0	0
0	1
0	1
2	0
0	0
0	0
0	0
0	0
14	2
0	2
0	0
9	4
0	4
0	4
0	0
21	24
0	25
0	24
0	24
0	25
0	0
0	0
2	0
0	0
0	1
0	1
0	22
0	0
0	0
0	22
0	22
2	23
0	0
1	0
0	0
0	20
0	1
0	20
20	0
0	0
1	0
31	66
141	62
0	35
0	45
0	2
0	2
0	2
0	0
0	0
0	0
0	0
0	0
0	0
0	0
0	0
0	0
0	1
0	1
0	0
0	0
0	0
0	6
3	31
0	31
4	1
0	1
2	8
0	8
0	6
0	6
0	0
0	6
2	5
0	3
0	3
0	4
0	0
0	3
0	3
0	1
0	1
14	0
88	19
27	19
0	17
0	0
0	0
0	2
8	2
0	2
0	2
0	2
0	1
0	1
0	1
0	0
0	0
11	0
0	1
0	1
2	0
0	1
0	0
0	1
0	0
0	1
3	0
1	0
0	1
0	2
0	2
0	0
41	0
0	0
228	60
0	60
0	0
24	1
0	1
0	0
0	0
3	1
0	3
0	4
0	3
0	1
0	6
0	1
0	1
0	0
1	4
22	0
0	4
3	0
0	4
11	0
0	0
0	0
20	0
0	0
0	6
0	6
3	15
0	6
0	8
0	0
133	0
5	0
5	2
0	0
0	1
0	2
0	1
5	0
1	0
2	1
0	1
0	1
9	2
0	3
0	3
0	3
25	18
0	18
0	7
0	3
0	0
5	0
0	0
0	0
0	1
0	1
0	0
0	0
0	0
0	0
0	0
17	11
0	1
0	11
80	88
0	75
42	93
0	16
0	1
0	28
4	32
0	88
1	17
0	1
0	1
0	0
0	0
0	0
3	17
0	1
0	3
0	17
0	18
0	0
0	0
26	2
0	20
0	16
0	20
1	14
0	17
7	12
2	12
1	0
11	2
0	6
164	41
0	5
0	1
7	1
213	35
0	0
0	0
1	0
89	0
0	2
0	2
0	2
0	2
3	1
0	1
0	2
0	0
0	0
0	0
0	1
0	0
88	38
64	36
0	13
15	38
6	39
0	43
1	0
11	0
0	1
0	0
0	0
5	1
1	2
29	16
0	32
0	1
45	1
0	2
1	0
0	0
14	20
10	0
0	0
15	0
3	0
0	0
0	0
0	0
2	0
0	0
0	0
0	0
8	0
0	0
0	0
0	0
0	0
0	0
0	4
0	4
10	6
0	1
40	16
0	16
0	9
0	0
9	2
0	0
3	0
0	0
0	0
0	4
0	4
0	1
0	0
26	24
0	5
0	2
0	12
0	21
1	2
0	18
0	14
0	0
0	12
0	106
14	154
0	69
0	57
0	1
0	3
0	3
0	26
0	26
0	3
0	1
0	0
7	0
0	59
0	60
0	14
0	11
0	0
2	8
4	17
0	2
13	11
0	4
0	3
0	4
0	20
94	8
3	1
0	1
1	52
0	0
0	52
0	0
70	42
22	39
6	7
0	1
0	1
0	1
0	0
0	0
0	7
6	7
0	0
6	5
0	0
47	11
0	4
0	11
0	3
8	0
11	0
0	0
0	0
0	1
0	1
4	0
0	2
0	1
0	2
0	1
0	19
0	0
0	19
0	0
54	21
0	21
0	21
626	24
0	24
1	13
0	0
0	6
6	17
6	16
26	22
0	11
0	15
1	15
0	15
2	10
4	14
0	11
0	10
0	10
0	10
0	5
0	14
0	13
16	0
0	0
0	17
2	0
0	13
0	13
0	0
1	4
0	4
1	0
0	0
20	11
6	13
0	0
0	0
0	0
18	13
0	14
194	20
23	27
0	25
4	0
40	0
0	0
0	0
0	0
0	10
1	0
0	0
0	3
0	0
0	0
0	3
0	10
7	0
2	0
0	0
9	0
15	0
0	0
4	7
0	7
0	0
0	0
0	7
0	7
0	7
0	7
1	0
98	2
11	0
1	2
0	0
0	136
0	136
0	136
4	191
0	9
0	11
0	187
0	3
0	3
0	3
8	0
0	0
10	32
3	26
0	7
0	12
0	11
7	2
3	0
0	0
28	44
0	44
8	1
0	1
0	7
0	7
0	4
4	3
38	15
2	14
0	15
6	18
0	1
0	0
8	0
1	0
0	0
0	0
0	0
0	0
0	0
0	0
0	0
0	10
2	10
1	10
0	0
0	2
0	11
0	0
5	11
0	2
70	0
22	3
0	3
0	3
0	2
0	2
0	2
0	2
0	2
0	1
0	24
33	16
0	8
0	7
0	8
9	11
3	0
0	0
0	0
0	0
14	0
0	0
0	0
0	0
32	6
0	23
0	10
0	10
41	10
11	8
0	0
2	0
13	0
0	30
0	33
9	43
0	1
0	0
0	0
0	0
1	0
4	0
0	0
0	0
3	0
0	0
0	0
0	0
0	0
0	0
2	0
0	0
1	0
0	0
0	25
30	25
1	2
0	0
0	6
0	6
0	10
0	10
0	10
0	10
0	0
0	0
0	0
0	1
0	1
0	1
0	2
0	10
0	10
0	0
0	0
0	0
8	7
0	0
0	7
0	0
0	1
0	1
0	1
0	1
0	0
0	0
0	0
0	0
0	0
1	0
5	0
1	0
0	0
0	0
0	0
0	0
11	1
17	0
0	0
23	35
0	40
0	17
0	17
0	17
0	17
0	8
0	7
0	8
0	17
0	18
0	1
0	21
0	18
0	1
0	0
0	17
9	16
0	0
8	1
29	1
19	1
0	0
7	10
0	10
0	0
0	0
0	0
0	58
19	58
0	3
0	3
6	4
0	0
0	1
0	1
1	1
0	1
20	5
85	11
9	69
0	3
0	14
0	5
0	4
0	5
0	5
1	2
9	2
0	0
0	5
8	5
0	16
0	16
0	0
0	0
0	0
0	0
2	14
0	0
5	6
55	90
15	42
0	33
0	0
0	14
5	26
38	90
0	90
0	5
0	5
0	5
0	3
1	0
0	0
0	3
0	1
0	0
0	0
0	1
0	1
0	1
0	2
0	12
0	2
0	0
0	12
0	13
0	13
0	5
0	0
0	0
0	0
14	6
0	0
0	0
0	0
1	90
0	68
0	0
0	0
0	0
0	0
0	18
0	0
0	3
0	45
0	80
1	79
0	3
7	9
12	0
0	9
17	0
0	0
0	0
0	8
0	8
52	21
0	16
4	13
0	21
10	0
0	8
11	0
3	0
0	0
1	0
0	0
0	0
0	0
0	1
0	1
0	0
0	0
0	0
66	0
17	0
0	3
0	3
0	3
7	0
74	0
6	0
0	0
0	4
0	4
1	17
0	4
0	4
2	1
0	0
0	0
0	0
0	0
3	0
0	4
0	1
6	0
0	0
12	2
0	2
0	0
0	0
0	0
4	2
0	16
0	0
0	16
0	16
22	0
0	15
0	9
5	12
18	1
190	43
4	11
0	22
0	22
4	4
0	0
1	0
463	3
0	0
2	0
0	3
1	177
659	177
21	14
1	12
12	0
0	2
0	2
0	2
0	89
0	102
0	89
0	32
0	7
0	1
8	23
0	0
0	0
20	0
0	0
0	7
0	1
1	0
0	0
0	1
0	1
0	0
0	0
0	0
12	41
0	28
0	41
0	41
8	0
0	22
8	138
0	134
0	87
0	86
5	62
6	26
0	1
1	0
0	0
0	0
8	0
47	0
0	0
0	0
2	35
0	0
2	3
0	0
0	0
0	0
6	0
0	0
1	0
0	0
0	33
0	0
3	0
20	0
1	0
0	5
0	5
0	9
0	11
0	0
1	4
0	0
1	0
0	4
0	0
0	0
0	0
0	17
9	0
0	8
0	5
0	15
0	2
0	2
9	0
0	12
0	3
0	2
0	15
0	2
0	0
0	2
0	2
0	2
0	2
0	2
0	2
0	15
22	2
0	2
0	2
0	1
24	28
0	28
38	5
0	25
0	25
0	25
0	15
0	0
0	8
3	8
0	8
0	0
0	7
0	7
0	7
0	44
0	44
0	47
3	21
0	21
0	0
4	1
0	0
0	4
0	0
1	0
5	20
12	24
0	15
41	4
6	1
0	1
0	0
1	3
7	19
0	0
0	19
0	0
0	0
0	0
0	9
0	0
0	5
5	14
3	14
0	0
0	0
26	0
10	44
1	0
0	30
26	34
0	0
0	0
7	97
0	0
0	4
36	35
0	4
0	0
32	87
49	0
12	12
0	1
0	1
0	0
11	0
34	0
0	0
9	35
0	36
114	5
34	0
0	1
7	52
6	5
0	2
0	26
0	1
0	0
0	1
0	1
0	1
0	0
10	57
0	3
33	0
2	2
42	1
0	1
0	0
0	4
185	4
9	0
4	0
31	5
0	5
0	340
0	340
0	20
0	22
0	0
24	7
0	7
0	7
0	1
0	1
0	26
0	28
113	7
1	16
0	3
0	3
13	13
0	1
0	1
0	1
0	0
62	5
0	5
0	0
8	1
0	5
3	4
0	0
0	12
0	12
3	10
0	10
0	0
0	0
0	1
0	1
178	26
0	1
24	0
0	0
0	0
0	0
0	0
6	0
0	21
0	5
1	5
21	5
10	6
0	8
19	3
0	1
0	1
0	1
10	112
1	0
0	91
0	91
0	103
0	0
2	0
11	79
0	133
6	124
7	9
2	5
0	9
0	2
0	2
0	2
0	2
1	3
27	0
0	0
0	0
16	0
0	0
0	0
14	93
0	93
0	33
0	10
0	0
0	0
0	0
0	0
0	0
0	0
0	0
23	0
0	0
1	0
0	0
2	0
2	1
0	1
1	3
0	3
0	1
0	2
0	0
0	2
0	1
3	6
0	6
0	2
0	0
0	0
0	0
0	0
0	0
0	0
13	0
20	26
86	81
22	0
2	43
0	0
0	0
1	0
21	43
4	80
1	25
7	0
2	84
0	84
0	30
0	0
1	0
0	0
0	0
1	0
0	48
0	0
0	8
0	4
0	4
0	4
0	0
2	0
3	2
1	2
0	0
0	0
0	2
0	2
9	27
0	53
27	53
19	9
0	0
225	17
0	0
8	25
6	19
0	3
0	0
4	15
9	25
0	25
0	11
0	11
0	1
25	0
0	8
0	0
8	0
0	0
0	0
0	0
1	0
0	0
0	0
0	0
1	0
1	0
11	0
0	0
18	1
0	0
0	2
1	3
0	4
0	3
0	2
6	0
0	1
0	1
1	0
1	9
3	30
0	18
0	44
0	22
0	16
0	1
24	12
0	12
0	10
0	0
18	5
37	5
0	93
0	93
0	5
1	1
74	1
1	0
3	0
0	0
0	1
7	0
0	0
0	0
0	7
0	7
0	7
0	7
1	0
0	0
0	0
0	0
0	0
0	0
0	0
0	0
0	0
11	14
0	14
0	14
0	4
0	0
0	0
0	0
5	0
0	0
0	0
2	0
45	8
0	0
0	0
1	0
7	0
0	0
0	0
0	0
0	0
0	0
0	0
0	0
1	0
0	0
0	0
0	0
0	0
0	0
0	0
20	0
16	0
25	3
0	2
3	2
0	0
0	0
0	0
0	1
0	0
3	0
0	0
0	1
0	1
0	1
0	0
30	0
0	0
0	0
1	0
25	32
4	22
0	30
0	0
0	0
1	0
0	0
1	0
0	0
0	8
3	29
0	0
0	0
0	0
0	0
0	0
0	27
0	13
0	0
0	16
0	0
0	0
0	8
48	33
0	7
0	0
0	0
0	33
1	0
1	0
0	0
2	0
24	0
11	47
0	39
8	39
3	0
26	32
0	32
30	0
0	0
0	0
0	0
0	0
0	6
155	8
2	2
1	0
25	1
0	1
0	0
1	21
0	0
2	0
0	0
80	0
15	9
0	9
0	0
0	9
0	9
3	3
27	43
0	0
0	0
0	42
0	35
14	0
2	0
1	0
0	0
8	15
0	0
24	0
0	0
0	0
1	0
15	0
0	0
3	58
0	58
0	0
0	0
0	8
0	8
82	638
1	638
7	0
2	0
0	0
0	0
0	10
0	10
0	5
4	4
0	6
1	2
0	2
0	0
0	0
0	2
2	0
0	0
0	0
0	0
157	0
0	26
0	26
0	9
0	9
0	2
0	6
0	1
0	4
0	1
0	2
3	11
0	14
0	9
0	2
1	0
0	0
0	0
3	0
0	0
1	0
5	31
0	46
0	18
0	34
0	17
0	3
25	0
4	0
9	17
10	1
0	17
0	15
0	1
0	1
0	1
0	0
0	0
15	0
2	0
0	0
1	0
0	0
0	0
0	0
0	0
0	0
2	0
0	0
0	11
0	11
0	11
0	11
0	0
0	1
0	1
0	0
58	0
0	0
0	0
0	0
0	1
0	0
0	2
0	0
0	0
0	0
0	0
0	0
0	2
5	0
0	10
0	10
10	7
0	4
0	3
2	0
0	0
7	33
23	29
0	0
19	7
7	18
2	0
0	94
0	12
0	4
0	2
0	6
0	2
0	18
0	1
0	59
4	60
0	94
0	2
0	4
0	4
1	0
0	4
12	2
8	0
0	2
0	2
1	2
0	1
0	0
0	2
0	2
20	5
10	16
0	0
0	0
0	16
15	0
29	47
0	47
175	38
0	0
0	0
0	0
0	0
0	0
0	0
0	0
0	0
0	0
0	0
3	0
1	0
0	0
0	0
0	0
0	0
2	7
0	7
5	12
0	0
0	2
1	0
0	0
0	0
44	77
0	0
0	44
0	42
14	41
1	42
16	46
8	0
0	0
16	0
0	0
0	0
0	0
1	0
1	1
0	1
2	0
0	49
0	50
0	24
0	1
0	0
0	1
0	0
0	50
3	13
0	5
0	13
0	5
14	0
5	0
0	9
0	9
0	9
11	15
102	9
12	11
0	0
1	15
0	15
0	0
0	0
0	2
1	0
0	0
5	0
0	0
0	9
0	0
0	2
0	0
0	1
0	0
0	0
0	1
0	0
0	0
0	2
0	1
0	2
6	2
0	2
12	2
0	2
0	2
0	0
25	0
2	0
0	4
0	4
0	0
0	0
9	60
0	14
0	51
18	47
0	47
5	35
0	37
27	47
12	34
0	14
0	14
0	5
0	5
0	1
0	0
0	0
0	0
0	0
0	0
0	0
0	0
1	0
0	0
0	0
0	0
0	0
0	1
1	0
0	6
58	32
0	0
6	36
0	11
0	23
4	0
0	11
0	10
1	11
0	0
0	0
0	19
1	16
0	3
1	0
0	0
5	8
5	8
0	0
16	2
4	0
0	0
0	0
1	0
11	3
0	0
0	3
0	0
12	0
2	4
0	0
0	1
0	1
1	3
0	46
0	48
0	105
0	108
0	124
2	9
0	0
0	41
0	0
0	94
0	111
0	124
45	0
46	39
0	39
9	74
8	32
0	1
0	56
0	1
0	1
9	0
16	0
9	13
114	3
0	3
0	12
12	12
39	29
5	6
0	7
0	0
5	42
0	0
1	0
0	2
11	2
0	28
0	21
0	2
0	2
0	38
15	36
1	6
0	21
0	0
0	0
4	19
3	6
0	0
0	0
13	6
7	190
0	17
105	0
0	0
0	6
2	28
0	11
0	4
2	0
6	0
0	0
33	28
0	0
0	0
0	0
2	24
0	0
0	0
0	0
0	0
1	1
0	2
0	2
0	2
8	2
0	1
0	0
0	0
0	7
0	0
0	0
0	6
0	6
0	0
4	2
0	2
0	8
0	0
1	8
8	14
0	8
0	2
105	35
0	0
0	0
0	1
0	2
83	61
0	23
0	38
0	0
47	196
0	23
6	5
0	6
17	6
0	0
2	0
0	0
10	24
13	24
0	23
0	23
1	23
13	0
0	19
1	62
0	28
0	23
0	19
0	54
0	2
0	1
0	0
0	0
0	0
0	27
0	1
2	10
0	62
1	1
0	1
0	0
2	3
0	3
0	3
0	0
0	3
0	0
0	0
0	0
0	0
0	1
0	1
38	1
0	27
0	35
10	5
0	13
0	4
12	1
14	0
43	0
0	8
0	0
1	8
0	8
0	4
3	8
0	8
0	1
0	1
0	1
0	0
1	0
0	0
0	0
15	0
0	0
0	0
1	0
0	15
1	15
0	1
0	1
2	0
0	2
0	0
0	0
0	0
0	1
4	0
3	1
0	0
0	0
6	40
0	40
0	1
0	27
0	0
22	22
0	1
0	1
0	1
0	1
0	1
0	23
13	23
0	1
0	1
0	0
0	0
0	0
0	56
2	56
0	10
0	26
0	0
0	38
0	1
0	198
0	198
0	119
2	9
8	0
4	0
0	0
0	8
0	9
1	17
29	0
0	0
97	11
0	0
2	0
1	4
0	1
0	6
0	0
0	1
0	2
0	1
0	0
13	6
0	1
10	25
0	8
0	0
0	0
1	0
0	1
0	0
0	0
0	0
0	1
0	0
1	1
0	1
12	0
0	3
0	3
2	2
0	0
0	0
0	0
14	0
12	0
0	0
0	6
0	1
8	4
14	30
13	2
0	0
0	0
8	0
15	2
0	0
1	0
0	0
0	0
111	27
18	4
0	4
2	1
0	1
0	17
1	17
0	8
0	0
0	0
0	0
13	5
0	0
0	0
0	0
0	0
0	0
0	0
1	0
0	5
0	0
2	0
0	0
6	7
0	5
45	0
0	0
1	0
0	0
6	0
0	0
24	0
0	0
0	0
61	117
1	90
0	94
0	0
2	1
6	6
0	6
2	6
0	5
0	1
0	0
0	0
4	0
0	0
11	24
10	32
0	18
0	3
0	4
20	20
0	18
8	5
0	15
0	2
0	2
11	10
0	0
4	0
3	1
0	3
0	0
0	1
0	2
0	0
1	0
0	0
0	0
41	6
0	2
0	0
4	0
0	4
1	0
6	18
0	12
0	14
0	0
0	0
0	20
14	0
0	0
0	0
0	0
0	0
0	0
0	0
0	0
0	0
0	0
0	0
0	0
0	0
8	156
0	0
1	156
0	0
0	0
9	0
0	0
0	0
0	0
0	0
0	0
0	0
0	0
0	0
6	1
0	0
0	0
0	0
0	1
0	0
0	1
0	39
0	1
0	1
0	2
0	6
0	1
0	33
21	52
0	27
0	11
0	10
0	10
1	29
0	0
0	0
0	0
0	0
0	0
0	0
0	0
0	0
0	0
0	0
0	0
0	0
0	0
0	0
8	15
27	15
0	14
11	1
0	0
1	0
4	0
0	2
5	14
11	14
0	14
0	1
0	9
0	0
5	0
4	9
12	7
0	5
0	4
0	4
0	4
0	5
0	4
0	4
4	0
1	1
0	0
0	0
0	0
0	1
0	3
0	29
0	2
0	7
5	12
1	0
0	0
0	7
0	1
0	0
0	7
0	29
0	0
5	1
1	0
0	9
0	1
0	1
0	0
0	1
0	0
0	0
4	1
0	0
0	0
0	0
29	7
0	7
0	0
0	0
13	71
0	70
0	1
0	1
17	9
4	108
94	11
0	33
0	14
0	22
0	25
122	108
0	13
0	0
1	0
0	13
0	26
1	26
6	5
0	4
0	9
0	5
7	1
20	1
0	1
22	0
0	0
2	7
0	6
0	7
0	7
3	0
0	133
1	132
0	132
0	132
0	133
9	0
0	0
0	0
0	0
0	1
0	1
0	1
0	0
0	0
171	158
10	47
0	48
0	29
2	2
1	0
0	0
8	19
0	8
0	8
80	4
0	0
0	1
0	0
0	4
1	3
1	5
0	5
0	12
2	4
0	0
0	0
1	0
0	0
5	12
0	5
1	5
367	0
0	0
0	0
0	0
4	7
4	0
0	7
0	7
0	7
0	1
1	1
0	1
0	1
2	0
147	23
0	23
11	42
0	17
0	25
0	14
0	40
0	36
18	36
0	0
15	57
10	110
0	137
21	138
0	0
0	3
4	0
2	0
1	4
0	4
3	0
0	0
1	0
5	30
0	1
0	30
0	3
0	1
0	0
0	0
6	14
0	14
0	0
0	0
0	3
0	11
0	6
1	4
0	5
8	0
0	0
1	0
0	31
0	0
0	0
0	6
0	1
0	31
6	1
0	1
0	4
0	4
6	4
7	4
0	4
4	0
78	35
0	6
0	35
0	0
0	0
0	5
36	13
0	16
0	3
11	38
374	38
0	51
0	0
11	0
0	0
0	0
0	0
0	0
7	7
0	5
0	7
5	28
0	0
0	28
0	3
0	18
7	15
0	1
0	32
0	0
20	0
0	2
0	2
0	10
56	10
0	30
2	0
0	0
1	0
0	0
0	0
153	2
40	0
27	11
0	1
0	1
0	10
0	0
0	4
0	4
0	4
0	0
0	0
0	0
0	3
0	3
0	3
0	0
0	13
1	13
0	0
43	0
4	31
4	9
0	11
0	27
0	11
0	28
0	0
0	0
0	0
0	0
0	0
0	0
0	0
1	0
0	23
10	1
0	4
0	14
0	0
0	32
0	15
0	0
0	14
0	0
3	1
0	6
3	7
7	1
12	3
0	32
0	97
0	97
0	5
0	4
0	0
16	1
42	0
0	0
4	1
1	0
5	0
66	0
0	0
0	0
0	0
0	0
0	17
1	16
0	17
0	5
0	5
0	5
0	75
1	50
0	48
0	25
0	25
1	14
0	0
0	0
0	0
0	0
0	0
0	3
0	9
29	11
0	9
58	33
0	9
0	6
5	8
7	0
0	0
0	0
0	0
0	0
0	22
15	1
6	0
10	0
0	0
4	1
0	0
0	39
0	0
62	77
1	38
0	0
0	0
0	5
15	20
0	20
0	10
0	0
0	17
0	0
12	26
0	14
0	14
0	14
0	9
0	3
0	3
0	3
0	3
0	12
0	0
0	158
45	66
0	66
0	123
0	5
0	123
0	8
0	0
0	0
0	8
0	8
0	2
40	2
7	2
0	2
3	2
0	0
1	1
0	0
0	1
99	5
0	5
3	0
0	0
7	0
0	24
0	19
0	19
1	4
18	0
9	0
148	0
10	0
9	6
0	6
0	1
0	1
0	0
7	0
3	1
0	0
35	0
5	0
77	0
0	0
85	62
0	62
0	0
12	2
0	2
0	2
0	69
1	71
0	0
0	0
0	37
0	37
0	20
8	1
40	1
57	0
0	36
4	0
1	0
3	1
0	1
68	0
108	49
0	0
0	49
2	29
38	10
0	10
0	10
2	8
0	17
0	2
0	17
0	17
0	17
2	1
0	0
0	0
0	0
0	0
0	0
10	0
9	7
0	3
1	7
7	12
0	10
19	0
0	0
16	0
0	0
0	0
0	0
0	0
0	0
0	0
0	0
0	0
0	0
0	0
0	0
0	0
0	9
14	9
0	253
64	258
0	233
98	160
0	98
0	99
27	16
0	20
0	22
0	0
0	4
0	3
9	0
7	0
2	0
0	112
3	0
0	112
0	1
0	1
0	0
2	1
0	17
9	24
0	0
1	7
0	7
0	0
1	0
0	0
0	0
0	0
0	0
0	0
1	35
70	0
0	7
0	5
0	5
0	49
0	47
0	0
0	0
0	0
0	0
14	37
0	37
0	1
0	4
11	2
0	0
0	0
0	0
0	25
4	26
0	26
0	1
0	0
0	1
0	1
6	0
1	15
0	15
0	5
2	2
0	2
0	0
171	117
154	121
20	103
3	0
13	4
2	1
0	0
0	1
0	0
0	0
0	0
0	68
0	68
0	74
0	10
0	64
1	4
3	0
6	7
0	1
0	0
0	9
3	6
10	82
0	82
1	76
0	1
0	1
9	1
0	0
16	295
0	295
13	41
0	0
39	7
2	0
0	1
0	0
0	4
0	4
0	4
0	4
0	0
0	0
0	0
0	0
30	52
0	52
0	51
0	0
36	22
0	4
2	0
0	22
140	23
0	0
0	0
0	0
0	1
0	1
0	0
0	0
0	2
0	21
0	0
26	0
58	3
0	3
173	0
0	7
0	0
9	0
0	0
0	0
0	72
2	72
202	57
0	34
18	27
0	19
0	19
0	0
0	0
1	0
0	0
1	27
0	27
5	0
0	0
0	0
0	0
0	0
0	0
0	0
0	9
0	0
25	9
0	9
2	0
1	0
10	9
167	9
0	0
0	0
4	0
0	3
0	3
0	1
0	1
0	1
0	1
3	0
12	2
5	0
0	0
0	0
64	23
0	23
0	24
0	15
0	13
0	1
8	0
0	0
1	0
204	7
22	7
1	7
0	0
2	0
0	0
1	0
93	25
0	36
0	14
0	17
0	0
0	0
2	11
0	1
1	0
0	0
0	1
0	1
1	0
13	3
17	31
0	21
0	31
0	0
0	0
3	7
0	0
0	0
0	7
17	5
70	3
0	0
1	3
0	0
0	2
0	0
0	0
0	0
0	0
0	3
0	3
0	0
52	1
0	0
0	1
9	1
0	0
0	0
18	4
0	0
0	0
0	0
0	0
0	0
0	0
0	0
0	0
6	0
0	0
0	0
0	0
1	5
0	1
0	0
0	6
0	49
0	49
0	37
1	4
0	1
0	3
0	0
0	0
0	0
0	0
0	0
0	2
0	5
0	5
12	0
2	14
0	14
0	11
0	8
0	3
0	0
0	0
0	3
0	0
0	0
0	0
1	0
0	0
3	0
0	0
0	0
0	0
0	0
1	0
2	0
0	0
0	0
0	0
0	0
34	31
0	36
0	5
0	4
0	4
0	5
1	0
0	1
0	7
18	19
7	0
0	0
0	0
4	66
0	1
0	0
0	0
0	66
45	0
19	23
5	44
0	14
7	1
3	1
0	2
0	0
0	1
0	14
0	0
0	0
0	0
0	0
0	0
0	0
27	83
0	79
0	79
1	8
19	18
0	5
5	42
0	30
0	0
3	0
1	0
85	85
0	85
9	13
0	13
0	0
0	0
0	0
3	14
7	14
0	0
0	0
0	0
0	0
0	0
3	0
0	0
0	0
0	0
0	0
0	0
0	0
2	0
2	23
0	21
0	21
0	22
0	22
0	23
0	23
0	41
0	47
0	2
0	0
0	0
134	45
0	0
0	0
0	41
2	86
0	86
0	1
21	1
0	0
0	1
0	1
0	35
0	86
3	11
4	11
0	11
0	0
0	25
0	34
0	0
0	4
0	4
3	20
0	4
0	41
0	1
8	41
4	1
0	0
0	0
103	0
0	0
0	0
0	0
0	0
0	0
74	0
2	0
8	0
0	0
3	0
3	12
0	2
0	10
0	0
6	0
2	0
0	10
0	0
0	0
0	0
5	10
61	11
0	11
0	18
324	18
0	0
0	0
0	0
0	17
0	0
2	1
0	1
0	1
9	7
0	6
0	10
0	10
0	7
1	4
0	0
0	0
0	0
0	1
0	1
0	4
0	2
4	2
0	1
1	0
3	5
0	19
10	18
0	18
12	1
10	2
65	0
5	3
2	3
0	1
437	743
11	820
0	360
0	0
0	0
0	1
0	1
0	0
0	39
0	39
4	2
0	1
0	3
1	1
0	0
0	37
0	2
0	0
1	2
1	0
0	0
0	1
0	1
0	19
1	0
9	21
1	21
0	34
13	9
0	16
0	16
0	11
0	0
0	0
0	0
0	0
0	0
0	0
0	5
0	0
0	14
0	14
0	0
0	0
0	9
1	3
0	14
104	0
12	2
15	4
64	3
2	1
0	0
0	4
0	1
2	1
0	0
0	0
3	31
0	140
0	140
1	3
0	2
0	2
52	0
0	0
0	0
0	0
0	2
5	2
1	7
42	7
0	7
0	1
0	1
0	0
0	1
2	0
0	4
0	3
3	6
0	8
0	1
0	1
0	8
0	27
1	19
112	43
1	10
0	3
0	3
0	3
0	0
0	0
2	0
25	0
0	3
0	0
0	0
0	0
0	3
1	12
3	12
3	0
0	3
0	7
39	2
0	1
0	31
1	1
0	32
88	10
1	63
0	69
0	69
0	92
0	58
0	6
0	4
8	2
0	0
4	39
14	2
0	2
0	0
0	0
3	0
0	0
5	12
0	12
0	7
0	12
12	38
0	38
0	38
0	38
39	72
0	72
0	204
36	70
0	41
256	312
0	1
0	116
0	102
0	51
0	12
2	0
79	24
0	24
23	0
0	38
0	51
0	17
12	0
0	1
0	1
0	0
0	0
0	0
0	0
0	2
0	2
0	2
0	5
0	0
0	0
0	0
0	1
0	6
0	0
0	2
1	13
85	11
0	10
0	1
1	1
9	29
0	35
0	28
0	19
0	7
0	0
0	11
0	1
0	0
6	11
0	10
0	0
0	27
14	2
0	2
0	0
0	0
0	0
0	0
0	2
0	27
19	0
0	0
11	2
0	0
0	0
0	0
0	3
0	2
1	1
0	1
0	1
0	1
0	45
0	0
0	0
0	0
0	0
0	0
2	0
0	0
0	0
15	22
7	0
0	44
0	44
0	10
74	26
26	0
0	0
0	0
0	0
0	0
0	0
9	1
12	35
0	34
0	4
7	0
17	12
0	4
0	0
0	0
0	4
0	4
0	53
155	53
0	7
17	17
1	0
1	8
38	8
0	0
0	0
0	0
0	1
0	1
50	123
0	46
40	28
0	28
1	0
0	0
8	14
0	14
1	13
0	0
0	0
0	0
0	0
2	0
1	12
0	10
0	3
0	3
0	1
0	1
0	0
0	9
1	21
0	21
11	0
0	0
0	0
109	19
0	16
8	0
0	43
5	43
4	0
0	0
0	2
0	16
0	16
0	4
0	6
0	0
0	0
0	16
21	13
0	12
0	13
0	13
0	0
49	15
55	15
0	13
0	0
10	0
0	0
1	0
5	3
0	3
0	0
0	104
62	104
1	3
36	13
0	0
0	0
0	8
0	5
0	0
0	0
11	28
15	38
0	0
0	0
17	1
0	2
7	2
0	2
0	14
0	25
16	21
0	0
0	10
0	14
0	21
117	6
0	6
0	1
8	2
0	1
0	7
0	7
0	13
44	7
0	12
6	18
0	0
0	0
0	0
0	4
12	6
0	0
0	6
22	1
42	20
3	1
0	1
22	0
6	0
2	102
17	147
0	119
0	8
63	53
0	0
0	0
0	0
0	0
1	63
0	80
0	0
0	0
0	17
0	46
0	1
0	9
0	0
1	45
0	7
10	5
243	7
0	0
0	0
102	7
21	4
3	0
0	4
0	4
3	0
3	0
0	0
0	0
7	61
0	3
0	0
0	0
0	58
0	0
0	0
0	58
12	16
0	16
0	16
0	0
0	14
0	14
0	14
12	0
0	0
13	9
0	9
2	1
0	1
0	0
0	0
0	20
0	15
0	4
0	4
0	0
0	0
0	4
7	0
3	44
0	0
0	29
0	0
0	0
0	5
26	7
0	0
0	29
0	13
0	13
0	13
0	2
0	0
0	9
39	0
0	8
0	7
2	7
0	0
0	0
0	1
0	0
0	7
0	0
0	0
3	0
0	0
114	0
16	19
0	19
3	0
5	0
0	1
0	1
0	133
4	154
0	29
0	11
0	9
0	1
0	2
31	11
1	0
0	0
0	9
16	0
1	0
15	80
0	80
0	63
0	58
0	29
0	4
0	0
0	6
8	3
0	0
0	1
0	0
0	1
0	1
0	1
0	1
28	0
1	0
9	0
2	0
205	2
0	2
4	0
0	0
0	14
0	222
0	0
0	0
0	228
24	0
0	0
4	0
0	0
0	0
0	0
0	0
1	0
0	0
0	2
0	2
0	0
0	0
13	0
0	0
0	34
0	23
0	2
0	2
0	39
0	9
0	9
0	1
77	1
0	1
0	0
0	52
0	54
0	0
0	0
3	2
0	30
0	30
0	6
0	7
0	7
0	19
0	0
0	0
1	0
0	0
6	1
0	6
0	15
15	20
0	0
567	6
16	6
0	0
0	85
0	85
0	0
0	0
0	1
10	1
0	0
4	0
1	0
0	0
24	2
0	1
0	2
0	1
0	0
17	0
0	0
10	0
0	0
0	0
22	0
0	0
0	0
24	20
6	20
0	20
7	37
0	37
0	24
0	35
7	15
0	4
0	0
0	0
0	0
2	1
0	0
8	12
0	0
5	12
6	0
0	0
0	35
0	35
0	0
2	0
0	0
0	0
0	1
0	1
0	1
0	33
5	33
0	1
0	1
0	1
0	0
0	0
0	0
0	0
0	0
4	0
0	0
0	0
4	1
7	2
0	0
0	0
0	0
0	0
0	0
0	2
24	0
0	0
14	35
0	18
0	35
0	2
0	1
1	1
0	1
0	0
0	0
0	0
0	10
0	0
0	1
0	11
12	0
1	1
0	1
111	11
0	7
18	48
0	0
16	22
0	48
0	66
0	33
0	33
0	4
0	4
0	1
0	1
0	1
1	1
0	10
0	17
0	17
0	15
0	10
0	15
7	0
0	28
360	87
72	87
12	0
1	13
61	8
2	8
0	0
0	6
2	6
0	0
8	0
0	0
0	0
0	0
0	0
3	0
0	0
0	6
3	16
21	6
3	0
0	1
0	1
0	0
0	0
0	0
0	0
2	0
0	0
0	11
26	18
0	16
0	5
0	5
2	0
10	0
0	0
0	0
22	6
1	0
0	0
11	6
27	22
0	21
28	25
0	1
0	1
14	1
0	2
9	17
0	0
0	3
0	17
0	21
0	10
0	14
0	4
0	0
5	1
0	2
0	1
1	2
0	2
0	1
0	16
0	29
0	5
0	19
0	6
0	6
14	0
5	0
0	8
0	90
0	36
7	7
17	15
5	13
26	13
0	0
19	0
0	0
0	0
6	0
6	0
2	0
9	1
0	125
0	2
7	2
0	2
0	0
1	0
0	0
1	7
0	7
0	7
0	7
13	57
3	57
0	9
0	9
98	15
0	7
0	0
0	0
11	1
0	26
7	26
0	3
0	3
139	30
0	11
1	29
2	46
0	5
0	0
1	0
0	0
0	5
0	0
0	18
238	0
3	0
0	10
0	10
0	9
0	10
0	5
0	6
0	0
39	9
0	10
12	3
0	3
0	3
1	19
0	12
0	14
0	9
1	0
1	0
74	6
39	6
42	41
8	14
0	0
17	27
7	33
0	5
0	5
0	6
0	0
1	0
0	0
0	0
0	32
0	8
0	32
0	4
0	7
0	8
12	16
0	16
0	4
11	5
0	0
0	0
1	0
0	0
4	0
0	0
0	0
0	0
1	41
0	54
0	54
0	0
0	0
0	6
0	0
0	0
20	0
0	0
3	1
3	1
14	1
0	0
1	0
0	0
0	1
14	0
1	0
0	0
0	0
0	0
7	0
0	0
0	2
0	1
0	2
0	1
21	224
2	206
17	224
0	38
0	22
0	9
0	16
7	26
0	10
0	9
0	25
0	22
0	9
0	39
12	0
1	0
0	0
1	0
0	0
0	0
0	0
0	0
0	0
0	0
0	0
0	0
0	0
0	0
0	0
0	0
0	0
0	0
40	68
3	67
185	48
11	0
0	0
2	0
21	0
0	9
0	0
0	0
6	0
0	0
13	34
123	28
10	0
0	0
0	0
0	0
0	0
0	5
0	5
23	5
26	4
0	0
0	0
0	0
1	14
3	14
0	20
0	20
89	188
8	179
0	99
0	6
5	9
0	9
0	9
54	4
99	0
1	0
1	24
0	2
0	13
0	20
12	0
0	0
0	0
0	0
2	90
1	1
0	0
0	0
0	4
0	4
0	0
0	0
1	0
0	0
2	2
0	1
0	4
0	7
0	11
0	7
0	11
0	7
0	0
16	0
0	0
0	0
1	0
5	0
39	0
0	0
0	0
13	5
282	5
0	4
8	26
0	5
0	0
3	21
0	17
0	6
0	9
0	0
0	0
0	0
0	0
0	0
0	0
1	0
21	12
0	9
0	13
0	8
0	13
0	2
0	13
0	0
0	0
4	18
0	18
81	24
0	11
1	0
1	10
0	0
0	0
0	10
1	10
0	55
0	54
2	49
0	0
0	0
0	1
0	0
0	56
4	31
4	0
0	0
3	0
0	0
0	0
1	0
2	7
0	0
0	0
66	32
16	11
0	11
0	15
0	11
0	11
0	11
0	0
8	0
0	0
0	0
0	0
1	0
0	7
0	8
0	6
0	8
0	8
4	49
0	49
0	36
0	0
76	13
0	0
0	0
0	3
4	8
8	4
0	4
0	11
0	0
0	7
3	11
4	54
0	47
177	27
1	0
0	1
8	4
2	1
0	0
0	0
0	0
185	445
0	7
5	438
0	114
0	1
0	186
51	128
77	109
0	35
4	96
0	62
3	80
0	62
0	66
2	80
2	0
0	0
0	0
0	10
0	1
0	0
0	1
3	2
1	1
0	0
1	0
0	10
5	0
0	0
0	0
0	0
0	0
427	15
0	15
0	3
3	12
0	12
0	0
0	32
0	32
1	4
0	0
6	0
0	0
0	4
3	4
1	2
0	0
1	0
3	0
0	4
0	3
0	3
0	3
38	14
52	3
0	3
0	0
0	0
0	1
1	0
0	1
0	0
0	0
0	0
0	17
0	16
1	15
0	14
0	14
0	14
0	0
0	0
0	1
0	17
0	0
0	0
0	0
0	0
0	0
2	1
0	1
0	0
20	14
17	7
0	7
0	1
36	0
0	1
0	1
9	0
4	47
5	122
0	70
1	122
12	0
1	1
0	0
13	3
0	3
0	3
0	0
0	0
21	1
0	0
0	1
0	0
0	0
0	23
0	22
0	2
0	0
1	12
0	9
0	7
0	10
20	3
2	0
0	0
4	0
0	3
0	0
0	0
245	93
0	94
140	95
12	84
0	65
0	1
5	0
0	0
0	0
0	0
0	1
0	1
0	2
0	0
6	57
0	11
0	0
0	69
0	47
0	57
0	0
33	23
0	23
4	0
0	0
0	0
6	15
3	14
1	15
0	0
0	0
0	1
0	1
0	1
0	1
2	2
0	36
7	0
8	3
0	3
0	1
25	0
0	0
0	34
0	17
8	0
0	5
0	6
0	5
45	15
0	15
0	14
2	1
0	0
0	0
3	0
0	15
0	0
0	102
0	102
0	0
3	3
0	3
18	11
2	41
0	20
0	0
0	38
0	220
0	220
0	0
0	3
1	0
0	12
3	13
0	3
1	3
0	0
0	223
0	6
43	0
1	0
8	0
1	0
12	0
2	6
7	48
0	48
0	1
0	0
0	1
131	38
2	38
0	0
0	0
3	0
0	0
0	0
0	1
0	0
0	0
0	1
4	0
0	0
0	0
102	2
9	2
0	4
0	4
0	4
0	4
0	4
0	1
0	4
0	100
0	100
156	87
0	0
0	12
0	12
0	0
0	1
0	0
0	0
0	0
0	39
0	5
106	3
0	2
0	2
3	0
0	2
68	41
0	2
0	2
66	10
0	8
5	0
19	10
0	0
0	6
1	0
4	11
0	0
0	0
0	0
0	0
4	0
0	0
0	6
0	0
15	6
0	1
0	4
0	4
5	4
0	3
1	0
0	0
0	0
0	0
0	0
0	0
0	0
0	0
0	0
0	0
0	1
0	1
206	0
0	6
65	23
4	60
0	0
0	6
0	0
0	39
0	35
25	52
12	50
1	37
0	41
13	0
233	0
15	0
36	0
0	0
0	0
0	8
1	13
0	8
0	0
0	0
0	2
0	2
0	0
0	0
9	2
1	0
5	0
1	0
69	0
0	0
1	0
0	37
0	10
0	9
0	12
0	12
2	0
0	12
0	0
0	5
0	12
0	8
0	0
120	84
22	92
0	2
2	0
16	3
158	5
0	3
1	3
0	3
0	0
0	4
0	4
0	0
3	25
0	0
0	1
0	3
0	3
0	1
0	5
0	3
0	3
0	5
0	1
0	1
65	0
42	30
0	15
7	10
0	4
0	0
0	0
0	0
0	0
0	4
0	8
14	4
0	4
2	5
0	3
0	2
0	2
0	4
15	0
0	0
7	0
0	0
0	15
0	0
0	22
7	49
26	46
0	46
3	0
0	0
1	8
21	39
0	0
0	0
0	0
0	0
0	0
0	34
0	0
0	0
4	42
0	2
0	0
0	0
0	3
0	3
56	0
0	8
0	8
0	0
0	0
0	0
0	5
0	5
0	5
1	0
0	0
0	0
0	0
0	25
0	19
9	0
0	1
0	2
16	25
174	1
0	8
0	0
0	0
0	8
1	10
0	17
0	8
0	8
0	5
0	0
0	1
0	1
0	2
19	2
0	0
0	0
0	0
0	0
0	0
36	16
0	16
8	89
0	89
70	0
0	0
0	0
0	0
0	0
2	0
31	0
0	0
0	0
9	2
0	2
0	0
0	0
0	3
0	3
0	1
0	2
0	3
26	0
0	0
0	4
0	63
0	4
0	4
0	4
7	16
1	4
0	4
0	4
0	4
4	64
389	0
0	1
20	9
0	9
0	6
0	8
0	2
7	0
0	0
0	0
0	0
0	0
2	0
0	0
1	25
3	0
0	3
2	3
0	3
1	3
0	11
0	11
37	0
0	0
1	7
0	7
12	0
5	8
0	423
0	418
0	5
0	8
0	2
0	2
0	2
2	2
0	2
0	2
9	2
0	2
79	2
35	20
0	20
0	19
0	0
14	11
0	3
0	4
0	3
0	0
5	3
0	3
0	8
6	11
0	3
0	8
0	3
26	33
68	33
0	0
6	0
0	0
5	1
0	0
0	0
0	0
1	3
0	3
0	3
0	0
2	3
0	1
3	0
0	3
0	0
0	0
0	30
0	38
0	20
0	0
0	13
0	13
0	0
0	13
0	13
0	17
0	17
1	15
0	0
0	0
5	0
0	0
0	0
0	0
4	0
86	0
0	0
0	0
0	0
0	0
0	0
0	0
0	5
0	11
28	12
0	2
42	1
29	0
11	1
0	3
119	0
16	2
3	0
2	0
0	0
0	0
27	183
387	181
0	0
18	29
0	38
0	0
0	10
2	10
24	6
0	16
0	0
0	16
14	17
10	0
0	6
0	2
0	6
0	6
0	2
0	6
0	2
0	2
5	3
2	15
0	24
0	23
0	1
0	38
65	11
0	0
21	11
0	1
0	1
0	3
0	3
0	0
6	0
0	3
72	0
43	37
31	37
0	3
0	3
0	3
0	0
0	0
6	0
0	0
1	0
0	0
0	0
0	0
1	0
24	10
1	0
0	0
1	1
5	1
0	32
0	32
0	0
0	5
0	32
0	32
0	32
0	0
0	27
0	0
6	0
20	28
9	10
0	0
2	9
3	2
0	2
0	1
0	3
0	0
0	0
13	0
0	0
0	0
0	0
0	0
0	11
9	11
0	1
0	0
0	8
2	0
0	0
0	0
2	0
0	0
0	0
0	0
0	0
0	0
0	0
0	0
0	0
0	0
0	0
0	0
4	5
0	1
0	24
0	5
0	0
0	5
10	19
25	1
1	1
0	33
25	0
9	0
19	2
1	2
0	0
0	0
218	171
0	1
0	1
2	2
0	1
0	2
0	2
0	3
0	5
0	5
0	6
0	38
7	38
324	6
0	38
0	0
0	0
0	0
33	45
0	45
1	3
2	8
0	9
1	0
0	0
0	0
2	9
0	9
0	9
8	25
1	13
0	17
0	5
0	0
1	5
0	0
3	0
6	25
5	0
0	0
0	25
0	25
49	0
9	0
0	0
0	0
0	0
0	0
0	0
3	6
0	0
18	0
0	0
0	6
0	0
0	6
0	1
0	1
11	98
37	100
0	12
0	0
0	0
7	0
0	0
0	0
18	0
0	3
0	0
0	0
0	0
0	4
0	1
0	0
0	0
0	0
0	0
0	3
0	0
0	4
0	0
0	4
0	4
0	4
0	0
0	15
107	4
10	19
7	0
186	1
0	1
0	1
20	0
30	11
86	11
0	0
48	0
4	0
0	0
0	0
0	0
0	0
0	0
2	0
0	0
1	33
0	22
0	9
0	4
1	0
0	0
0	93
0	0
1	0
0	1
0	93
19	4
1	4
0	8
0	8
0	8
0	8
0	0
12	0
0	1
0	1
0	1
0	1
0	0
0	8
2	10
0	9
0	0
1	0
10	15
0	15
0	7
0	8
0	8
0	0
0	1
0	1
1	0
0	2
1	4
0	4
0	2
0	0
10	0
8	0
0	0
0	0
9	0
0	6
0	6
0	6
0	0
0	1
0	0
6	3
0	2
2	12
0	12
0	0
0	0
0	0
0	0
7	0
0	0
3	1
0	0
4	0
1	17
0	17
6	1
0	1
0	87
0	91
9	93
0	0
0	0
0	0
0	3
0	3
1	9
0	4
0	5
0	4
0	12
0	0
0	0
0	28
6	24
2	1
2	0
0	0
0	0
0	1
0	11
0	15
0	2
2	0
1	4
15	15
0	0
0	0
0	0
0	1
0	1
0	1
2	1
0	0
0	1
0	1
0	0
0	1
0	1
0	1
0	27
0	27
0	27
3	27
24	38
40	0
0	2
0	2
0	1
0	2
0	0
0	0
8	5
0	2
23	0
148	0
0	12
0	0
0	6
8	17
0	6
4	0
0	2
0	0
1	0
3	1
0	0
0	1
0	0
0	0
128	12
0	44
7	44
3	44
71	0
0	17
0	5
0	17
0	13
0	17
18	26
0	20
0	2
0	1
431	70
0	44
0	32
0	27
18	51
0	0
0	0
0	0
3	72
254	62
0	1
18	1
3	2
3	0
0	2
0	0
0	0
1	0
0	1
0	1
0	0
6	0
7	8
0	0
0	1
0	0
0	0
0	0
0	0
0	0
37	0
0	3
0	2
93	4
0	1
0	6
0	6
0	1
0	0
0	1
0	6
0	0
1	20
0	31
0	20
0	20
0	0
5	21
0	0
9	0
5	16
0	16
0	2
0	0
1	0
0	0
0	0
1	0
0	23
4	24
1	24
0	0
0	0
0	4
0	2
0	4
0	3
10	0
0	2
0	2
0	2
0	0
0	0
0	2
0	1
0	0
0	1
0	2
0	0
0	0
0	8
13	2
0	1
0	2
0	0
0	1
16	2
0	2
0	0
0	0
0	0
0	0
0	1
0	1
0	1
0	5
30	20
0	0
27	15
1	0
0	0
0	5
0	15
0	15
0	0
0	8
7	11
5	11
0	11
17	117
0	14
0	0
0	115
1	44
0	14
0	8
0	0
2	6
0	12
9	6
0	0
0	44
0	0
0	0
0	0
4	0
37	1
0	2
0	2
44	28
0	0
17	4
0	1
0	7
0	7
2	0
0	0
47	0
22	15
0	15
0	0
0	0
0	0
0	0
0	0
0	0
0	3
8	3
0	2
0	3
7	0
3	1
0	1
0	1
0	0
0	0
0	0
0	1
0	1
0	1
0	1
0	17
0	1
0	1
0	1
0	15
0	1
5	5
0	1
0	0
0	0
0	0
0	0
0	0
1	0
0	0
0	0
1	0
0	0
0	0
0	0
0	0
0	45
1	0
0	45
60	0
5	5
41	8
0	3
0	0
0	7
0	7
0	0
0	0
0	10
52	24
5	24
0	1
2	10
32	1
41	3
0	3
0	2
0	2
0	1
0	0
0	0
0	5
0	0
0	0
115	0
0	0
0	0
0	0
0	0
0	0
9	0
3	5
0	5
0	5
0	8
1	8
0	0
0	0
0	5
2	14
0	4
0	0
0	5
0	13
0	4
0	5
0	0
0	22
8	31
0	9
0	0
0	22
0	13
0	0
0	0
0	21
0	29
25	44
0	21
1	18
0	0
0	0
10	0
16	15
3	4
0	4
2	0
0	12
0	1
0	10
4	10
15	1
3	1
0	0
0	0
0	87
0	87
0	41
0	0
0	75
0	87
0	6
0	5
0	4
0	29
0	29
0	0
0	0
336	0
0	28
0	28
0	28
0	28
1	0
0	29
0	29
0	0
16	0
5	30
0	2
0	30
0	30
0	0
0	28
0	8
3	20
0	1
0	1
4	1
0	1
0	1
0	0
0	0
1	0
0	0
0	0
0	0
0	0
167	63
0	28
20	1
0	0
8	37
0	1
0	10
0	9
7	12
4	19
0	15
0	11
0	16
0	0
0	0
0	0
0	11
0	11
0	53
0	42
0	1
0	0
1	0
0	6
0	0
18	0
0	0
6	0
0	0
0	0
0	0
0	0
1	0
0	0
0	3
0	216
0	47
25	216
0	33
0	1
0	216
22	0
0	0
0	0
0	0
0	3
32	3
0	1
0	1
0	0
0	0
10	13
0	15
0	15
0	15
0	13
0	13
0	7
3	0
0	2
0	0
0	1
0	0
0	0
0	1
41	75
0	67
0	9
20	0
0	1
0	19
0	18
0	11
0	5
0	4
0	12
0	14
0	2
0	10
0	12
0	22
5	0
0	17
0	2
0	17
5	0
0	0
1	0
13	0
0	0
0	0
0	0
0	0
1	0
0	0
0	0
0	0
0	0
0	34
0	24
0	0
0	0
5	0
0	0
2	22
0	0
0	78
0	100
0	22
6	29
7	3
4	3
7	0
9	47
0	32
5	0
0	0
0	32
2	32
0	32
2	4
0	0
6	4
6	1
0	0
27	0
214	0
0	0
6	0
0	0
2	0
0	1
0	7
0	1
0	7
0	1
0	1
0	0
0	0
1	0
0	0
0	0
0	0
0	0
0	0
1	0
6	0
0	6
11	0
2	44
0	0
9	55
0	0
0	0
1	1
0	1
1	0
23	0
0	0
0	0
0	0
4	0
0	0
0	0
0	0
0	0
0	2
0	21
30	27
0	1
0	0
1	0
1	25
0	0
1	0
108	3
0	0
49	3
0	0
10	6
0	6
0	6
0	0
0	0
0	0
0	0
0	0
0	0
0	0
0	0
0	0
0	0
0	0
0	0
0	0
0	0
1	0
0	0
0	0
0	0
0	0
0	0
0	0
87	9
0	0
0	9
1	9
0	9
5	11
0	10
9	1
0	0
14	0
0	2
33	0
4	2
0	0
0	0
8	5
0	5
0	0
0	8
0	8
0	14
0	30
0	30
0	2
0	5
7	1
8	6
0	2
1	2
57	0
10	18
0	15
2	6
0	1
0	0
12	4
0	0
0	4
0	0
0	1
13	1
0	0
0	0
0	0
0	21
4	30
0	9
7	0
0	0
0	0
0	0
0	0
5	0
21	12
56	19
0	0
5	2
0	1
6	19
0	1
7	0
0	11
0	1
3	0
0	0
1	0
3	0
1	0
1	0
1	0
0	0
4	0
0	0
0	0
0	0
0	0
0	14
0	14
0	14
20	0
13	1
0	0
2	1
62	8
0	0
0	0
0	0
0	10
2	12
1	0
0	0
0	0
0	0
38	0
0	0
8	29
2	30
16	1
1	0
1	1
0	1
0	13
0	0
0	1
2	0
0	0
1	0
41	0
0	11
4	18
0	7
0	7
7	0
7	0
0	0
3	0
0	3
1	3
0	0
0	0
0	0
5	1
0	0
0	0
6	42
1	42
0	6
0	6
0	0
59	322
431	313
12	28
1	108
1	1
0	2
0	2
0	1
0	2
0	0
0	0
0	1
1	77
32	77
9	63
21	9
0	7
19	2
0	22
0	22
11	16
0	0
0	1
0	0
0	7
0	5
25	10
0	6
0	0
0	4
0	1
0	1
0	1
0	1
0	0
0	1
12	0
0	0
0	0
0	1
0	1
2	0
0	18
0	1
0	18
0	3
0	0
0	8
0	8
0	1
2	18
12	0
9	0
0	0
0	0
10	0
0	14
0	33
0	14
28	33
0	14
0	14
1	6
4	0
0	18
0	13
0	1
0	5
0	0
0	7
0	7
0	0
0	7
0	0
2	0
6	0
106	51
0	39
4	12
0	0
12	0
33	23
0	4
4	0
0	19
22	49
0	1
0	6
3	0
1	42
0	23
8	1
0	1
0	0
0	0
6	16
0	16
0	16
0	0
0	0
0	0
0	0
0	0
0	0
0	0
0	0
9	31
8	27
0	4
4	0
0	1
44	4
0	3
0	1
3	12
0	12
41	0
0	5
0	0
0	1
0	5
0	1
0	1
0	0
0	0
0	0
0	0
6	4
16	9
0	5
0	0
0	0
0	11
0	6
26	11
0	5
0	6
0	6
0	6
0	11
0	6
2	11
0	5
0	0
0	0
0	1
0	1
10	6
0	1
0	6
0	0
0	0
0	0
0	0
3	1
0	1
33	10
0	10
0	0
24	0
0	0
0	0
2	0
0	0
0	0
10	26
1	26
0	0
0	0
32	0
0	22
0	6
0	22
0	0
0	1
0	48
0	48
2	15
0	16
0	19
0	4
0	30
0	30
0	5
1	0
1	30
0	3
1	3
0	1
0	0
0	0
0	0
0	0
0	0
0	0
0	1
22	1
0	1
0	1
0	0
1	0
8	0
0	0
0	0
0	0
0	0
0	0
0	0
21	23
9	23
0	4
0	2
0	1
0	1
0	1
0	0
0	1
0	1
0	1
0	1
0	1
0	0
0	0
0	0
0	0
48	170
0	0
0	23
1	9
0	49
0	0
0	0
0	0
0	0
1	0
0	0
4	0
60	6
0	0
0	0
0	0
0	6
0	0
0	8
0	0
0	0
0	0
0	32
9	53
13	18
0	12
0	25
0	0
0	0
0	25
0	59
0	21
0	0
0	0
0	8
0	45
0	21
0	21
41	3
1	3
0	3
0	3
0	3
135	0
0	0
7	2
17	29
0	0
0	70
12	0
49	12
0	29
0	0
0	61
6	9
5	5
0	5
1	6
0	0
1	0
34	162
0	162
5	5
0	0
0	0
0	0
0	0
3	2
0	15
0	15
0	15
1	15
0	23
0	23
1	15
0	0
0	3
0	21
0	13
0	3
0	11
0	11
0	3
15	0
0	0
0	58
0	0
1	39
0	0
0	0
0	8
0	25
1	0
0	9
9	34
12	34
0	16
0	3
0	3
1	1
0	0
0	0
3	0
2	3
19	2
0	0
0	0
3	0
0	2
1	2
0	0
0	7
0	7
0	0
0	0
0	2
0	2
1	0
0	0
0	0
0	0
0	0
7	0
0	0
1	9
0	9
0	9
0	0
56	49
0	0
0	0
4	0
27	0
0	0
0	5
0	0
0	5
0	0
0	0
0	5
0	0
3	1
0	1
0	0
1	0
0	0
0	0
19	0
0	0
13	0
13	0
0	0
0	0
0	1
0	1
0	0
0	0
0	264
4	2
0	154
0	264
0	189
0	212
0	2
0	114
0	26
3	26
45	26
4	0
6	4
0	0
3	0
0	0
0	0
7	0
4	0
0	0
0	4
0	0
0	0
2	0
0	0
0	0
0	1
18	15
0	0
0	8
0	10
0	0
22	55
4	55
2	9
0	9
26	0
0	0
1	24
0	24
0	0
0	4
0	12
0	0
15	8
5	0
2	1
0	0
0	1
3	0
11	0
9	10
0	10
0	10
23	9
0	1
3	0
0	0
0	0
0	0
0	0
29	0
17	1
0	1
0	27
0	10
0	10
111	3
0	0
0	0
0	0
0	0
0	0
0	0
0	0
20	16
0	7
0	17
0	0
0	16
0	0
0	5
0	6
0	1
0	1
0	1
0	0
0	0
0	0
0	0
0	0
0	0
0	47
0	0
0	47
17	0
0	0
1	20
0	17
0	6
128	3
0	12
0	12
14	12
0	41
0	41
0	0
0	29
0	0
2	0
0	0
1	0
0	0
4	0
10	63
0	151
18	123
1	66
0	41
103	123
10	98
59	102
0	90
0	51
0	0
6	38
10	43
0	2
0	6
52	22
0	4
0	2
3	6
9	1
3	1
2	1
0	0
3	0
0	6
3	0
16	27
0	27
7	2
4	18
0	18
0	0
0	0
24	0
1	4
6	4
0	4
0	3
0	3
0	0
0	0
0	3
2	3
0	1
0	0
0	3
0	3
5	0
0	0
17	0
0	0
0	13
0	14
1	0
0	0
0	1
0	0
0	0
0	0
0	0
0	0
0	0
0	0
0	1
0	0
0	0
0	1
0	1
0	0
0	1
0	1
0	1
0	1
0	1
0	1
0	0
0	0
0	0
9	0
24	11
90	1
56	8
0	0
0	0
0	8
0	0
19	453
0	87
0	16
0	17
0	31
0	2
0	426
0	3
0	3
0	6
37	3
12	48
0	8
0	3
0	11
0	3
0	3
13	3
0	0
6	0
0	0
0	3
0	63
1	63
0	1
3	37
0	41
0	0
0	0
0	2
0	0
0	0
4	2
642	114
0	61
0	100
0	109
0	38
0	10
0	0
0	6
0	14
1	0
1	0
0	0
0	0
4	0
0	0
0	0
0	0
0	0
0	0
2	0
0	0
1	2
9	2
5	2
0	2
0	3
1	0
40	6
3	44
0	44
0	0
0	14
19	0
10	0
0	0
0	30
0	30
0	30
140	6
0	6
0	0
0	0
0	5
2	5
0	7
1	0
2	0
29	0
0	6
0	6
0	6
24	0
0	0
0	17
1	7
0	0
9	1
0	17
0	253
1	242
0	0
0	0
0	66
0	179
0	0
27	98
26	27
0	26
0	10
1	1
0	0
5	0
15	97
0	97
0	14
0	0
8	0
0	7
1	1
0	1
0	13
0	13
1	10
0	13
0	13
0	13
2	0
0	0
0	0
0	0
0	12
3	12
0	0
0	0
0	0
0	0
0	0
11	0
1	0
0	10
0	10
0	10
5	9
0	0
1	0
0	0
0	0
0	0
0	0
0	0
0	10
0	0
0	0
1	0
0	0
0	0
519	58
0	58
0	0
0	1
0	3
0	42
0	6
0	28
0	10
4	18
0	4
6	0
0	0
0	0
0	0
0	0
0	22
19	4
0	4
0	4
0	1
0	1
0	2
0	2
0	2
0	2
0	2
0	2
5	1
14	21
1	3
0	5
0	4
0	4
0	20
0	3
9	18
6	34
12	0
14	0
1	0
0	0
0	0
5	0
2	6
0	6
0	0
0	0
0	6
0	2
0	0
0	1
0	0
8	1
6	2
0	1
0	3
0	28
0	23
19	13
0	13
0	3
0	6
0	5
0	6
52	25
0	14
0	0
0	0
0	5
0	0
0	0
0	0
2	7
0	0
0	0
0	41
0	41
0	0
8	2
177	17
14	0
1	0
0	0
61	7
0	7
0	0
17	4
0	4
0	2
11	108
0	108
0	0
21	0
0	0
0	0
0	0
0	0
5	7
0	5
0	5
0	0
26	8
0	1
1	19
1	0
0	0
0	0
0	8
0	1
0	0
0	1
0	1
0	0
0	0
0	0
9	16
2	19
0	0
0	0
8	11
0	11
0	0
0	0
0	11
0	0
0	5
0	5
0	5
0	4
0	0
0	0
0	0
0	0
12	0
0	0
0	0
158	0
0	1
5	1
0	0
0	0
0	20
0	20
0	0
0	7
0	0
12	20
0	20
99	7
0	7
2	0
47	49
0	0
0	0
0	49
0	13
1	0
2	0
7	1
0	1
0	0
0	0
0	3
0	3
0	17
0	17
0	3
9	3
0	3
0	3
12	0
6	0
0	0
0	2
1	0
0	0
0	0
0	0
0	0
0	0
0	0
33	62
0	49
0	49
0	0
0	0
0	0
0	16
0	15
0	16
68	1
63	34
0	34
0	34
0	3
0	3
14	3
0	3
0	2
0	2
0	2
0	2
0	0
1	0
0	0
4	0
38	0
0	19
0	16
0	19
0	19
0	14
0	15
3	1
0	15
0	14
83	13
19	6
0	6
45	86
0	0
0	72
0	86
0	0
0	0
0	21
0	21
3	0
0	15
14	8
0	0
0	19
0	7
0	19
0	0
0	14
0	0
0	0
13	3
0	3
0	2
0	2
0	0
2	0
0	3
0	1
0	1
0	1
0	1
0	1
0	1
0	1
0	40
0	39
0	4
0	1
0	1
0	2
0	2
0	5
0	6
0	1
0	1
0	1
0	0
0	0
0	0
0	0
0	0
0	0
0	0
0	12
0	12
0	16
0	0
1	0
0	0
1	0
0	0
0	0
0	6
2	0
0	0
0	0
0	1
0	0
0	0
0	1
0	1
0	1
4	23
0	23
1	6
1	5
13	5
0	17
0	1
0	1
0	0
6	0
0	26
0	26
0	1
0	0
2	16
38	56
21	71
0	8
0	16
0	2
13	27
0	14
0	5
4	2
3	1
0	1
6	17
0	17
1	17
0	0
1	0
0	1
0	0
103	0
0	0
0	1
0	5
0	5
104	5
0	2
0	0
0	0
0	0
0	0
1	0
106	13
0	0
0	12
29	0
0	0
0	0
0	12
0	45
0	1
4	0
1	11
59	7
10	18
5	5
38	5
1	2
4	2
0	1
1	1
0	1
181	0
0	0
0	0
0	0
0	0
0	12
0	8
0	12
0	8
2	11
15	21
0	10
0	0
0	0
1	0
0	1
0	1
0	0
0	0
0	0
3	0
0	11
0	9
0	11
0	0
0	0
0	4
0	0
0	0
0	0
4	0
0	24
0	25
0	16
0	24
0	0
0	0
0	0
0	15
0	15
0	14
0	14
4	5
0	9
29	0
1	5
1	5
0	1
0	35
0	35
0	28
1	0
4	40
20	54
0	27
0	54
0	2
0	0
0	0
0	0
0	4
0	0
20	1
0	0
0	0
33	4
0	4
0	0
27	0
0	31
0	0
0	0
0	0
5	31
16	3
8	3
0	0
0	4
0	1
0	1
3	3
90	5
0	0
0	0
0	0
0	0
0	1
0	1
0	0
0	0
0	0
2	12
0	12
0	0
3	7
0	0
6	0
3	17
0	17
0	14
0	0
4	1
0	1
0	8
0	8
17	8
1	0
0	0
0	0
11	0
54	0
7	16
0	10
0	3
0	3
10	16
2	9
0	5
1	5
0	5
0	5
175	17
0	17
0	4
0	4
0	0
0	0
0	0
7	8
0	8
0	1
0	3
0	4
0	4
0	0
0	0
13	1
1	0
0	0
0	1
0	0
105	3
0	1
0	1
0	0
6	0
0	0
20	9
3	8
0	0
0	0
0	7
0	14
0	1
0	0
0	0
16	13
0	2
0	1
0	1
0	1
3	1
0	1
54	0
8	0
3	5
0	5
0	0
0	0
0	0
0	0
0	0
5	0
3	0
19	0
0	23
0	23
0	0
0	0
2	0
23	38
1	38
86	1
31	1
0	23
63	18
0	0
6	1
0	1
0	1
0	13
7	23
0	13
76	25
0	25
0	0
1	0
5	0
0	0
0	3
3	25
0	15
0	1
0	0
3	2
31	2
0	0
6	0
0	0
1	0
1	0
0	0
0	0
0	0
8	0
0	7
2	7
6	0
9	0
0	0
2	0
0	0
0	16
0	16
0	0
0	0
0	0
0	0
0	0
0	0
0	0
0	1
5	0
0	2
61	0
3	0
2	0
78	0
0	0
0	0
2	0
11	1
0	0
0	0
2	0
0	1
0	0
0	0
0	3
0	3
36	5
0	5
3	4
0	3
0	1
3	25
0	0
0	0
1	17
20	9
0	5
0	5
0	4
0	0
0	1
0	0
0	1
0	0
0	0
6	6
0	1
0	1
3	34
0	1
10	0
28	22
0	1
0	32
11	42
1	1
0	1
0	12
0	20
0	0
0	4
0	4
0	1
1	1
0	0
0	0
0	0
3	10
0	21
3	21
0	0
0	0
0	35
0	35
0	0
1	10
0	0
0	2
0	2
5	0
0	0
40	17
0	7
0	9
0	0
0	2
0	1
1	2
0	1
5	0
0	3
0	3
0	3
0	1
43	24
0	21
0	1
0	1
0	0
0	4
0	4
0	0
0	3
0	1
17	3
0	0
7	3
32	1
0	0
20	16
4	26
0	16
0	17
0	0
0	0
16	1
0	1
0	1
0	1
0	0
0	1
1	8
0	0
24	12
4	45
0	24
0	0
0	2
0	2
0	43
2	45
2	3
2	6
143	1
0	1
5	0
25	8
2	8
0	8
3	8
0	6
0	6
0	0
0	0
41	0
11	41
0	4
0	2
0	4
0	2
0	0
0	3
1	1
6	1
52	27
0	26
0	19
0	19
0	1
0	1
0	1
0	0
0	0
13	0
7	1
0	1
0	1
0	2
0	2
0	0
0	0
0	6
0	6
0	2
0	6
0	6
1	0
0	1
0	0
15	1
0	0
1	9
0	0
0	0
0	0
0	0
0	0
2	0
15	1
0	1
0	0
0	3
1	3
0	2
3	0
0	0
7	0
0	0
0	0
1	0
0	0
0	0
0	0
0	0
0	0
0	0
20	0
7	5
0	5
5	2
0	2
0	3
5	0
0	0
0	14
0	1
0	14
0	0
0	0
0	0
0	14
0	14
0	14
0	5
1	11
0	11
0	0
7	0
1	0
15	6
0	6
0	6
18	6
0	0
0	6
88	0
4	23
26	23
0	0
0	0
0	0
0	6
0	7
0	3
1	0
0	0
0	6
0	6
0	7
0	4
0	6
0	6
0	6
0	0
0	9
1	62
0	30
0	0
0	0
0	0
1	0
0	0
0	0
0	0
0	4
0	0
0	32
6	4
6	1
0	25
109	44
0	29
0	21
0	1
2	0
0	1
0	0
1	4
0	1
0	1
0	4
0	1
4	0
0	12
11	14
0	2
4	18
0	4
0	4
0	7
0	3
0	0
0	1
5	15
1	50
6	20
0	22
0	22
0	18
20	0
0	22
0	0
0	0
0	50
0	4
49	6
46	6
0	4
0	3
0	1
0	1
7	0
0	1
2	1
0	4
0	10
0	9
0	4
0	4
0	4
0	4
12	22
0	8
0	7
7	19
0	49
2	15
0	4
5	36
0	18
91	2
0	2
0	0
0	1
0	0
43	0
94	9
0	9
80	45
2	3
0	0
0	0
0	3
0	0
0	0
0	0
0	0
0	0
9	24
128	61
0	20
0	6
0	9
0	9
0	9
0	3
0	3
13	0
1	0
5	2
0	2
0	2
0	2
0	1
0	1
0	1
0	15
0	54
0	20
0	37
0	1
0	1
0	1
0	1
0	1
96	58
0	6
0	0
0	0
0	12
0	9
9	14
0	0
0	0
0	0
0	2
17	8
34	11
1	11
0	13
11	7
0	1
0	2
0	2
0	0
1	2
1	0
0	0
0	0
0	1
0	1
0	11
6	0
26	8
0	0
1	11
0	11
0	0
0	52
0	24
3	1
3	0
0	2
0	0
0	0
0	10
0	39
2	0
0	38
0	0
2	1
4	17
0	1
0	0
8	0
21	25
10	7
0	0
9	40
0	18
0	3
0	6
0	7
0	0
0	0
0	5
0	0
0	0
0	1
1	1
0	7
0	0
0	0
0	0
22	6
0	0
0	6
0	0
0	0
0	22
0	12
0	24
0	6
0	0
0	4
0	4
0	4
0	0
0	0
0	1
0	3
0	3
0	4
0	4
2	2
0	1
0	1
0	5
1	11
0	11
0	1
1	0
0	0
0	0
0	13
8	0
0	0
6	0
0	0
0	0
0	0
0	0
0	33
0	1
0	11
2	28
0	28
0	0
0	2
0	3
1	2
0	1
0	3
2	0
0	0
0	5
0	11
2	11
1	0
0	0
31	17
8	121
0	123
7	122
0	43
17	0
0	1
0	0
0	1
0	74
0	46
32	29
0	28
0	25
0	23
3	0
8	9
0	20
0	0
0	0
0	13
0	0
0	0
0	9
0	9
0	9
0	19
0	16
0	13
0	5
0	6
0	0
0	3
0	0
0	2
0	2
0	9
0	9
0	0
9	0
0	0
0	0
0	0
52	0
0	3
0	3
0	0
0	0
0	0
5	0
66	39
0	0
0	11
0	6
0	33
1	0
0	0
2	0
0	0
12	3
0	2
10	18
0	10
0	16
0	8
0	2
0	2
0	2
0	0
0	0
0	1
1	0
0	1
0	1
0	0
0	1
0	5
0	5
0	10
0	10
5	10
0	4
0	0
5	7
11	7
0	0
7	2
0	0
0	0
24	0
0	0
0	0
0	0
0	0
1	0
0	0
16	0
0	0
0	1
0	20
0	20
0	0
3	89
2	93
0	23
0	22
0	1
10	0
0	6
0	6
22	0
7	0
0	0
0	7
0	1
0	7
0	1
0	1
0	1
0	1
61	0
0	0
8	0
0	0
0	0
0	0
6	183
13	183
0	183
4	112
0	0
1	0
51	0
0	7
22	7
0	0
0	0
0	0
0	2
0	2
1	0
113	174
0	68
0	173
0	173
0	13
1	13
0	13
0	0
8	0
5	44
4	19
1	25
0	1
0	0
0	0
0	0
1	0
0	1
0	1
1	0
2	0
4	14
0	1
0	8
0	13
0	2
0	1
2	0
0	0
2	6
0	1
2	0
0	0
11	32
0	32
3	0
0	1
0	1
0	1
1	1
0	1
0	0
0	0
0	8
0	8
0	8
6	1
0	1
78	0
4	0
23	1
0	1
15	0
4	19
0	2
0	2
9	0
122	0
22	2
0	1
0	0
0	0
0	0
0	0
0	0
0	0
0	0
0	0
0	0
0	0
0	0
0	0
11	0
0	3
0	3
0	17
0	17
0	0
13	0
0	11
0	14
0	11
0	0
0	0
0	0
3	2
0	0
0	0
0	0
0	25
0	0
0	0
0	5
0	5
12	0
1	0
14	15
0	5
4	1
0	1
0	1
0	0
0	0
0	1
0	1
0	124
0	127
0	127
0	127
0	0
0	58
0	52
0	47
3	8
1	0
0	8
19	12
0	0
0	0
0	18
4	18
5	0
0	0
0	0
43	0
6	2
7	2
0	2
0	1
0	0
0	0
0	0
62	8
0	9
0	1
0	0
0	5
18	5
0	5
0	0
3	5
9	3
0	3
0	3
0	3
0	3
0	0
0	11
0	11
0	0
0	11
0	136
0	124
0	122
0	102
0	141
0	5
3	0
7	0
22	0
2	0
1	0
0	0
0	0
0	6
0	15
0	15
0	15
0	1
0	0
0	0
0	2
0	3
0	3
0	3
0	0
0	0
0	4
0	0
2	0
0	0
0	0
4	0
0	0
0	0
98	3
0	3
0	0
0	12
0	12
0	5
0	8
0	19
0	19
0	2
0	14
0	0
0	8
0	0
46	5
0	0
0	8
0	0
0	0
0	0
0	0
0	0
4	55
6	0
6	55
11	0
0	0
0	0
0	0
10	0
99	8
10	1
0	2
0	10
6	10
0	0
0	0
0	1
0	0
0	0
0	0
41	3
0	0
0	3
0	0
0	0
6	2
0	2
0	2
0	0
6	1
0	1
0	0
0	10
8	9
0	10
16	0
6	4
22	0
0	0
0	6
0	6
0	8
0	8
0	8
0	2
0	11
0	26
1	1
0	0
2	1
0	14
0	23
0	14
0	0
1	0
0	0
0	1
0	1
0	0
0	0
0	0
5	0
0	0
1	5
0	5
3	0
0	0
0	0
6	5
0	5
0	10
1	10
15	10
0	8
6	36
0	0
0	0
16	36
0	2
0	2
0	0
13	27
0	10
5	0
0	0
9	5
0	5
0	4
0	0
1	0
1	1
55	0
0	0
0	0
0	5
0	4
0	8
0	0
1	2
0	0
0	0
0	8
12	0
0	0
0	0
0	0
0	0
0	91
21	61
0	30
0	61
0	61
0	10
7	10
0	1
0	5
0	0
0	4
0	0
4	4
0	0
0	57
46	129
0	0
0	0
1	39
0	7
0	0
4	64
0	135
0	135
341	81
3	2
0	2
0	0
6	5
0	4
0	2
4	2
0	0
0	5
0	0
0	0
39	0
16	0
18	9
0	0
0	13
0	2
43	13
43	0
2	0
0	24
0	11
0	43
0	6
0	9
0	1
8	37
4	14
1	15
0	16
0	17
0	8
0	0
0	0
0	0
0	13
23	0
0	4
0	4
0	11
0	0
0	0
0	1
0	8
0	0
0	0
15	8
16	19
0	20
5	25
0	7
0	6
1	3
0	3
0	0
0	2
0	0
9	0
0	3
0	0
0	3
0	1
0	0
3	0
0	4
0	4
0	4
102	31
1	12
0	14
0	3
5	25
0	0
0	2
0	0
0	0
19	50
0	4
0	0
13	4
0	0
18	0
0	1
0	1
1	1
0	1
0	0
0	0
0	19
0	3
0	20
0	20
0	0
0	17
0	0
0	0
0	2
0	2
0	4
0	2
0	2
0	2
0	0
0	0
0	0
0	0
0	0
0	2
1	0
0	0
0	0
0	0
0	0
0	2
14	19
63	17
0	10
0	15
0	3
0	15
3	15
22	14
0	1
2	1
0	1
2	0
0	0
0	0
5	6
0	3
0	6
0	1
0	1
0	0
0	1
8	1
0	1
0	1
0	87
2	88
0	32
4	22
2	22
0	21
0	22
0	0
0	0
0	2
0	0
12	9
0	8
0	1
0	0
0	0
10	0
0	0
2	0
2	0
0	8
0	8
0	1
0	1
0	0
0	0
0	0
1	1
0	0
0	0
3	1
5	0
0	46
0	46
0	0
33	1
0	0
0	1
0	1
5	3
0	1
0	3
32	2
0	2
0	0
0	0
0	1
0	2
0	2
0	2
0	0
0	0
0	0
0	0
0	0
0	0
0	0
0	0
0	0
21	4
1	4
0	1
0	0
0	0
0	4
3	8
0	1
0	0
0	7
6	46
36	72
0	67
0	93
0	64
0	23
0	10
4	93
23	15
0	6
0	2
0	2
0	2
0	34
0	34
1	31
0	0
2	1
3	27
0	0
0	0
0	26
0	29
30	4
0	0
0	0
0	4
0	0
0	0
0	0
0	0
0	9
2	3
15	21
0	21
0	0
19	84
0	84
0	5
0	5
42	0
0	0
0	0
0	0
0	0
1	3
7	3
0	0
0	2
0	0
0	4
0	6
1	0
71	3
0	0
3	1
33	4
5	5
9	37
0	0
0	0
0	37
0	14
0	4
0	14
1	1
0	0
0	0
0	0
0	1
0	0
7	8
0	36
0	8
0	8
4	5
0	5
37	4
2	3
0	3
0	0
0	3
0	3
1	3
320	118
584	125
2	0
0	0
9	24
7	25
0	0
0	7
0	0
0	0
0	37
0	37
0	37
3	18
0	0
0	0
0	0
0	1
0	0
43	18
0	3
0	1
0	1
0	1
2	1
0	0
12	11
0	11
0	0
0	0
0	0
0	0
34	7
7	0
22	2
182	242
0	242
0	5
0	5
0	5
0	5
0	4
0	0
0	0
0	1
1	3
0	0
0	0
0	0
3	0
0	0
11	10
0	10
1	0
65	0
136	0
0	0
0	0
19	0
0	0
0	0
0	0
1	1
0	0
1	0
0	0
0	36
0	0
0	0
0	36
1	1
0	1
0	1
2	19
0	3
0	1
0	17
0	1
0	1
0	0
1	0
0	0
1	16
0	0
1	0
46	0
0	10
0	10
0	10
1	2
0	2
0	6
0	0
1	0
0	0
0	0
4	6
26	17
13	17
1	1
1	0
0	1
0	0
0	0
1	26
0	26
0	0
0	0
7	20
0	15
0	5
0	1
0	13
0	1
0	0
0	8
26	14
0	29
0	28
0	28
0	29
0	1
0	2
0	1
0	0
0	0
0	0
4	4
0	3
0	4
0	3
0	0
0	0
3	0
0	0
28	0
54	0
0	0
0	0
0	0
0	0
1	0
0	0
4	20
0	7
0	7
0	6
5	8
0	1
23	1
1	0
1	1
2	0
0	1
0	1
0	0
6	0
3	0
205	24
56	16
6	16
0	22
0	23
0	15
0	0
0	6
0	6
0	1
0	0
0	0
33	18
0	0
0	18
30	13
0	19
2	8
0	9
0	9
4	9
0	9
0	113
0	113
78	7
347	7
2	0
0	0
57	4
0	4
2	4
2	0
0	0
13	0
0	0
0	1
0	1
77	5
0	5
0	2
0	2
0	3
7	3
0	0
0	0
0	0
0	0
0	0
1	18
0	18
4	18
0	18
0	16
0	5
0	0
0	0
0	0
11	0
4	0
9	0
0	0
0	1
0	0
1	0
0	1
0	5
0	0
0	0
0	0
0	0
3	80
10	87
0	0
0	0
5	7
0	0
1	0
19	0
15	0
0	20
0	20
0	19
10	11
1	1
0	0
1	0
0	0
0	0
0	0
15	103
0	3
0	6
2	100
0	0
0	8
0	8
0	6
0	10
0	0
0	0
0	5
0	7
0	5
0	2
1	2
0	5
15	1
0	5
6	3
0	0
0	3
0	3
0	3
0	0
2	0
3	78
0	78
0	78
0	78
1	55
0	8
0	25
0	1
0	1
0	21
2	25
5	0
0	0
6	0
0	0
0	0
0	0
6	0
1	45
0	36
0	38
0	8
0	4
0	0
0	32
9	9
0	17
0	17
0	17
0	17
0	17
0	17
53	0
3	1
0	1
35	18
4	0
0	18
1	9
1	6
0	3
0	0
0	0
0	0
27	0
0	0
57	6
0	1
0	4
136	32
139	32
1	1
9	0
0	0
1	0
0	7
0	0
0	0
0	7
0	0
0	7
30	11
0	0
0	4
0	0
8	7
5	0
28	7
2	7
0	2
0	2
0	2
0	0
0	153
0	153
1	41
1	1
0	1
0	0
38	28
0	28
1	28
0	10
0	0
6	8
15	8
0	12
0	11
1	7
0	0
0	0
0	0
0	0
7	0
0	0
9	12
0	5
0	6
0	6
0	6
0	5
2	23
0	5
0	5
0	23
0	8
0	5
4	26
0	5
0	5
3	8
6	12
0	12
0	0
0	0
0	0
0	0
3	1
0	1
13	0
3	0
0	0
217	16
0	15
0	16
0	0
0	16
0	0
0	0
3	3
0	0
0	2
13	4
0	4
0	1
0	1
0	3
2	238
0	238
0	238
33	0
2	1
0	1
0	0
10	11
98	10
7	11
1	2
12	3
0	2
0	2
1	2
0	1
0	4
0	4
0	1
0	12
0	12
0	0
0	15
0	3
0	0
1	0
69	1
0	4
0	4
0	6
17	1
0	3
0	0
0	0
5	0
0	3
0	6
1	10
0	4
2	12
0	8
0	0
0	0
17	0
7	0
0	2
0	2
0	1
0	1
0	1
0	11
0	9
20	6
3	0
1	0
194	0
0	0
0	0
0	3
0	1
0	2
0	77
1	99
0	99
0	1
1	72
0	103
0	2
0	2
0	2
11	0
13	0
14	0
0	0
0	1
3	1
17	0
0	0
0	0
0	0
5	0
1	0
2	0
23	0
13	69
0	1
1	1
1	0
0	1
0	1
4	0
21	6
0	3
16	3
0	3
0	27
0	27
0	10
0	10
0	0
0	4
0	33
0	4
0	4
0	0
0	9
33	9
20	0
20	4
0	3
0	3
0	3
0	0
0	0
2	2
0	2
0	5
0	8
0	5
0	1
0	1
0	0
0	0
0	0
0	3
0	0
0	0
0	3
0	0
0	0
0	0
0	0
0	0
0	0
0	0
0	0
0	0
0	0
0	0
0	0
0	0
0	0
0	0
0	3
0	0
1	0
1	0
0	23
0	2
0	16
0	7
28	70
0	45
106	117
5	7
0	3
0	7
17	12
30	6
0	5
0	2
0	0
0	6
0	7
0	6
0	2
0	2
1	50
1	28
7	28
38	1
0	41
0	23
0	0
0	63
9	0
0	0
0	0
0	0
0	0
0	0
0	0
0	0
0	2
0	0
1	24
0	1
84	29
5	29
6	17
0	9
0	1
0	0
0	10
19	4
0	1
3	34
0	34
0	0
0	0
0	0
0	0
0	0
0	2
0	0
0	0
5	2
56	0
3	37
0	22
2	36
0	1
0	1
23	0
0	30
0	1
0	30
51	108
0	108
0	100
2	108
0	93
0	10
0	10
31	0
0	0
1	0
0	1
9	9
0	9
1	9
0	0
0	0
6	9
20	5
0	2
1	2
6	0
0	0
1	3
0	0
0	0
0	0
22	0
0	0
17	0
158	3
6	0
0	1
16	2
17	116
0	88
6	112
0	29
0	25
0	26
0	25
0	23
0	1
0	1
0	0
4	10
0	10
0	0
0	7
0	7
0	0
1	0
0	3
0	0
40	1
1	0
0	0
1	0
3	24
0	24
0	0
0	0
0	0
0	4
0	3
22	2
0	3
0	0
0	4
61	8
0	8
0	0
0	0
1	0
1	1
0	0
0	9
0	9
17	16
0	16
0	6
9	16
0	0
0	3
2	20
0	3
0	16
11	3
29	6
0	0
0	6
0	42
17	42
0	0
0	0
0	0
0	0
60	0
0	20
3	1
0	1
0	0
12	0
0	0
0	0
0	0
3	0
1	0
1	0
0	0
1	1
4	0
0	0
0	1
1	0
1	1
0	96
0	96
17	95
2	46
1	1
0	1
13	0
0	0
0	0
0	0
184	0
0	1
0	75
105	13
0	33
0	65
0	9
0	5
42	17
0	17
6	2
0	2
44	11
0	11
0	3
0	170
0	23
0	16
9	16
0	7
0	0
0	0
9	64
0	25
47	42
0	168
0	1
21	1
0	0
0	8
1	0
1	0
0	1
0	0
0	0
0	14
0	4
0	0
0	13
0	14
0	0
0	0
0	0
0	4
0	4
2	14
0	4
0	11
29	11
23	15
0	15
0	11
0	1
0	0
0	0
3	1
13	48
1	37
0	37
0	0
0	46
0	62
10	1
0	1
5	55
0	55
88	40
0	40
0	31
6	0
0	0
0	1
0	0
1	0
5	18
0	3
2	3
0	0
0	12
0	12
0	0
0	0
193	11
0	11
3	1
18	1
0	0
0	1
1	0
0	13
0	8
1	12
0	0
0	0
0	0
0	2
0	0
0	2
0	2
7	24
0	13
0	4
0	3
0	8
0	8
0	0
80	0
0	0
0	0
0	0
0	2
0	2
0	0
0	0
0	2
2	0
0	0
2	0
0	0
0	0
0	3
1	3
0	3
55	22
0	51
0	1
6	29
0	0
0	0
22	11
0	16
47	34
0	2
1	0
7	0
0	14
0	0
6	14
11	0
0	0
1	15
0	0
0	0
0	15
0	15
0	0
0	0
0	0
0	0
3	0
22	0
0	4
0	0
0	3
0	0
0	0
8	0
0	4
0	0
0	0
0	3
45	0
57	19
2	19
0	0
155	0
34	15
5	12
0	12
63	1
8	0
0	1
0	0
6	0
0	1
0	1
0	0
0	0
0	0
0	0
0	0
0	0
0	0
0	0
0	0
0	0
0	0
0	0
0	0
0	0
0	0
0	0
12	0
1	0
4	0
0	0
0	0
0	15
0	11
0	0
0	15
0	3
0	1
24	5
0	6
0	5
0	0
0	0
0	0
1	1
0	2
0	3
0	3
0	1
0	1
0	0
5	1
18	0
28	99
0	99
0	68
0	18
0	17
0	9
0	9
1	2
0	0
0	1
7	0
0	0
0	0
0	1
104	59
0	6
0	2
0	41
1	14
1	11
21	11
0	1
0	1
0	1
0	1
0	2
0	1
7	1
0	1
0	1
0	1
43	4
13	12
4	6
3	0
0	0
0	4
11	3
0	1
1	0
3	0
0	0
0	2
0	2
0	19
5	16
0	17
0	1
0	1
0	0
0	0
117	0
0	0
0	0
1	2
0	1
4	33
0	1
2	12
2	25
0	1
86	35
0	4
0	3
0	4
0	2
0	0
0	0
14	0
0	0
5	0
0	1
25	1
0	0
1	0
6	0
2	1
0	0
39	3
2	1
0	0
0	0
6	18
0	133
1	9
0	1
0	0
0	16
0	0
0	0
0	8
0	0
19	147
0	0
143	7
0	7
1	23
0	23
0	0
0	0
0	0
1	29
0	29
4	0
163	6
0	6
7	16
0	16
6	0
109	119
0	0
0	119
76	0
0	39
0	8
0	46
19	53
0	0
0	8
0	1
2	1
2	0
39	7
0	7
4	2
0	0
0	0
0	0
0	0
1	0
0	3
0	2
0	2
0	2
0	2
0	2
0	2
0	3
0	2
0	1
0	0
0	0
0	0
0	16
0	7
0	15
7	15
0	11
0	1
0	0
0	2
16	2
0	7
0	5
0	75
0	34
0	34
2	6
0	5
14	3
0	3
0	9
0	9
0	0
0	0
10	14
12	0
8	6
0	6
0	6
0	0
8	2
0	0
0	0
0	0
0	0
0	0
3	1
0	23
0	23
0	23
0	13
1	11
0	13
5	13
0	9
0	0
9	15
0	15
0	1
0	0
0	2
0	0
19	0
0	1
1	0
0	0
0	0
0	16
1	0
0	0
0	0
5	14
4	14
0	0
0	0
26	3
0	1
0	1
2	2
0	0
0	0
0	0
0	0
2	0
184	106
0	293
0	94
0	109
0	260
0	16
6	12
1	1
0	0
24	0
0	11
6	0
2	11
0	1
4	0
0	1
11	3
0	8
0	8
0	59
0	6
73	31
0	26
5	0
18	24
0	17
0	24
0	1
0	0
1	0
0	2
0	8
1	1
0	0
0	1
0	1
0	0
0	138
0	34
0	29
4	0
0	2
0	2
0	2
0	1
0	0
0	0
8	0
0	72
0	16
0	65
0	26
5	138
0	16
0	7
0	12
0	0
0	0
0	0
0	0
0	6
1	0
2	0
1	0
5	10
2	10
0	2
22	6
10	0
0	1
0	2
0	16
0	0
0	0
10	15
0	15
0	0
10	0
9	39
1	39
12	73
11	33
0	65
0	7
0	2
0	34
29	1
0	0
0	0
0	0
0	0
0	1
0	6
14	6
8	5
0	0
0	0
0	6
0	21
0	12
0	8
6	2
0	2
0	2
0	1
0	10
0	8
0	0
0	9
4	20
0	0
0	11
0	0
0	246
0	6
7	0
1	10
0	11
0	13
0	11
17	0
0	2
16	2
0	1
0	2
101	1
16	1
22	68
0	68
0	12
0	9
0	12
3	12
0	12
42	0
0	4
0	4
0	0
62	488
0	277
0	73
6	2
0	0
0	2
7	23
70	10
0	10
0	9
3	2
0	2
0	0
0	0
0	1
1	0
0	0
3	39
0	11
0	34
0	34
0	21
0	17
0	3
0	5
0	0
0	14
0	0
1	1
0	1
1	0
0	0
0	0
0	6
0	0
35	11
0	11
0	11
3	11
0	9
0	0
0	0
0	0
3	0
0	0
0	24
0	8
0	24
0	7
0	0
4	0
11	0
0	12
0	22
0	19
3	24
0	31
213	0
5	0
0	1
0	1
9	57
0	77
0	0
0	3
1	0
0	0
0	0
0	0
28	0
2	12
0	17
48	17
7	144
0	144
0	28
0	28
0	26
13	92
22	91
9	7
0	5
0	0
170	29
0	0
0	0
11	29
65	9
0	4
0	0
0	5
2	1
0	1
1	11
0	11
0	0
0	82
0	102
0	102
1	4
0	3
0	0
0	4
0	0
0	23
0	23
1	0
0	0
16	0
1	0
0	0
0	0
0	0
0	0
0	0
0	0
0	0
0	0
0	0
0	0
0	0
0	0
0	0
0	0
0	1
0	0
24	1
0	1
0	0
0	0
0	245
0	31
0	0
0	0
0	0
0	0
0	0
0	0
0	0
0	0
0	0
16	2
114	2
14	0
0	2
0	39
0	62
0	18
4	18
0	6
0	5
0	5
0	5
19	3
0	3
0	3
0	2
0	0
0	0
0	0
4	13
0	13
0	0
0	54
0	72
0	51
0	25
0	30
24	19
0	0
0	10
0	0
0	0
0	0
14	3
0	3
0	0
0	0
0	0
0	0
6	0
0	0
0	0
73	165
0	159
0	165
3	87
0	30
0	39
0	36
0	0
0	0
0	72
0	42
0	20
5	37
802	555
19	0
0	0
0	0
0	15
0	15
0	3
0	2
7	2
2	31
9	15
0	0
94	12
0	0
0	12
1	0
0	0
0	0
0	0
5	18
4	0
0	7
0	0
0	0
11	18
1	0
0	0
0	0
0	687
0	186
39	0
0	183
0	2
0	26
31	25
0	2
6	1
0	0
0	0
25	0
274	0
0	4
0	2
0	687
6	9
27	9
53	43
0	1
23	16
0	14
0	3
0	1
0	19
0	6
0	22
0	22
12	0
2	0
0	0
5	0
0	10
53	4
0	10
0	4
0	6
0	10
282	15
3	13
9	10
0	10
0	4
21	43
0	7
0	26
0	27
0	6
0	3
0	10
0	10
59	0
36	0
0	0
0	4
0	4
4	4
1	0
0	1
0	1
1	1
2	0
1	0
0	1
6	0
1	2
15	9
0	7
17	1
0	1
5	11
0	101
0	56
15	11
0	7
0	7
2	4
1	3
1	0
0	20
15	20
0	17
0	20
0	3
0	0
4	3
0	2
0	2
0	0
0	0
0	0
0	0
0	0
0	0
32	0
0	0
0	0
0	0
1	0
5	0
11	4
0	4
0	4
0	5
0	0
0	5
4	4
7	92
0	1
0	1
0	2
0	33
6	0
40	1
0	15
0	18
46	18
0	1
0	0
0	0
0	0
0	0
0	0
0	0
1	0
0	7
0	7
0	2
2	0
0	5
0	0
0	0
0	8
1	0
0	3
6	5
15	43
0	30
0	16
0	23
0	0
0	43
108	0
0	9
1	109
2	11
13	53
0	3
0	5
0	15
37	5
1	5
0	47
0	33
2	27
0	39
14	0
0	29
0	33
3	41
3	41
23	41
17	0
18	0
0	0
0	0
2	0
0	1
0	2
0	2
0	73
0	82
0	29
0	31
0	3
825	166
1	137
7	96
2	0
0	13
0	11
0	4
0	2
0	0
0	1
62	1
0	1
5	1
0	1
6	1
0	6
42	5
0	6
27	17
129	8
0	9
0	14
7	6
2	0
14	17
0	0
0	0
15	603
0	6
0	0
0	24
0	48
0	0
0	0
0	2
0	27
1	27
19	49
0	139
2	60
0	5
0	27
2	0
3	5
25	7
0	4
0	0
0	5
0	3
0	3
14	11
0	0
6	1
3	70
5	10
0	36
0	34
0	63
33	78
15	10
2	1
0	1
7	65
6	0
290	65
0	6
0	6
0	0
1	0
67	23
16	0
2	23
0	31
1	0
1	0
0	0
0	0
0	0
0	0
0	0
7	0
0	0
0	31
0	3
8	0
7	55
0	55
1	52
0	2
0	0
7	6
0	6
0	22
0	3
0	19
0	19
0	0
0	46
0	6
16	11
0	11
32	14
0	14
5	14
0	3
1	4
0	0
0	0
8	25
12	0
0	0
0	25
0	13
13	8
0	13
0	14
0	0
2	17
16	16
0	0
0	1
0	1
0	1
36	0
6	0
0	0
1	0
18	17
0	4
2	2
0	4
0	4
0	0
0	0
5	3
12	4
0	3
0	0
0	1
0	0
2	1
0	1
2	1
0	0
6	20
0	1
10	9
6	4
5	4
0	5
1	1
0	0
0	0
344	107
0	107
0	107
0	107
6	50
0	52
3	0
4	3
0	0
0	1
0	0
0	1
1	2
0	1
0	0
0	0
0	1
3	0
0	4
0	2
13	2
0	0
11	7
0	0
7	0
0	0
0	2
0	2
0	0
5	12
0	0
4	0
0	1
0	12
0	12
0	12
3	0
0	0
0	0
0	0
0	0
0	12
4	9
0	9
0	9
0	0
0	0
0	0
0	45
39	48
0	48
10	9
0	8
0	0
0	8
0	11
0	12
67	9
102	1
0	1
0	7
0	2
0	2
0	6
0	0
0	2
0	47
11	47
4	1
0	0
12	0
0	1
0	112
2	112
2	112
138	40
0	0
0	0
0	1
0	1
0	1
0	0
0	0
0	1
0	1
0	1
3	0
0	0
8	0
9	15
0	15
0	663
0	3
0	310
0	356
0	294
1	266
0	244
0	11
365	663
0	660
0	0
0	0
0	317
0	310
2	33
0	0
0	33
0	0
156	7
0	3
6	3
0	3
0	1
0	1
0	1
0	0
0	0
85	6
0	3
4	25
0	25
5	0
2	1
0	24
0	25
0	31
0	21
7	23
0	12
0	0
1	0
0	11
11	2
3	1
1	1
0	0
0	9
1	0
6	3
0	7
0	0
1	3
0	0
0	0
0	0
0	0
0	1
0	13
2	12
1	1
0	1
0	0
0	13
0	13
0	0
10	5
0	0
0	0
11	0
0	39
0	10
0	3
6	3
0	1
0	37
0	13
0	2
0	2
24	2
0	2
0	2
0	0
0	0
0	0
0	0
0	0
0	0
0	1
0	0
1	0
0	1
0	18
0	18
0	24
0	11
0	7
0	6
0	7
0	1
0	4
0	6
0	1
0	2
0	2
0	0
81	0
1	0
2	0
0	0
0	0
1	2
0	1
0	0
0	1
11	18
0	0
0	0
0	2
0	0
0	0
0	18
0	0
0	0
0	9
2	9
0	9
1	0
0	0
0	0
0	0
0	0
0	0
0	0
0	0
1	2
0	2
0	2
0	2
0	0
1	0
0	0
0	0
1	0
0	1
19	14
0	0
0	2
0	2
0	0
1	3
0	0
0	0
0	0
1	3
0	0
0	0
0	4
0	0
0	4
10	0
0	0
0	0
3	5
0	0
0	1
0	1
0	0
0	4
0	4
0	0
1	2
0	2
0	1
1	0
2	0
0	0
0	0
0	33
0	40
4	45
0	0
0	5
0	0
128	0
3	5
3	1
8	4
3	4
0	7
0	0
0	0
3	8
0	8
62	4
0	4
5	0
0	4
4	1
0	11
32	11
41	5
0	0
0	0
0	84
20	84
0	1
1	17
14	2
2	9
0	8
2	8
4	8
0	2
0	40
2	30
11	30
0	10
2	0
0	0
0	1
8	1
0	0
0	1
0	0
0	23
0	0
0	23
13	19
0	19
5	9
0	9
1	4
0	3
35	11
4	0
0	10
2	1
0	1
5	0
2	3
9	1
10	15
0	0
1	15
0	0
0	15
0	2
0	2
29	69
0	69
35	5
9	21
147	0
13	6
0	6
0	6
0	11
0	4
0	0
0	24
13	4
5	13
8	10
0	12
0	7
0	8
24	7
6	9
25	2
0	4
0	0
7	1
0	2
2	51
0	59
0	8
11	0
0	0
0	0
0	1
0	0
0	0
0	27
0	3
40	27
0	1
0	1
0	1
0	1
19	0
64	52
1	104
0	111
0	101
0	7
0	7
0	0
0	0
0	7
0	0
0	6
0	13
0	6
0	0
0	0
0	13
0	0
0	0
0	6
0	7
3	0
0	0
0	0
2	7
0	0
0	38
0	38
0	38
0	38
0	0
0	0
10	69
0	67
0	1
4	2
0	3
0	1
0	0
4	1
0	2
0	0
86	76
8	46
20	28
5	0
0	50
0	16
6	2
0	0
0	0
0	0
0	0
0	6
0	6
0	0
0	11
0	1
0	1
7	11
16	14
7	14
11	14
3	98
28	90
3	88
0	82
0	4
1	1
0	0
0	0
0	2
0	1
0	6
0	0
0	5
0	0
0	0
0	0
0	0
0	0
0	5
0	0
0	3
0	8
4	8
0	0
0	0
0	0
0	0
68	1
0	0
63	39
0	0
0	0
4	0
0	1
10	44
1	6
0	0
0	44
0	5
0	0
1	5
2	9
0	4
0	0
2	0
0	8
2	9
0	0
0	1
0	2
0	2
9	14
0	18
0	18
0	15
1	0
3	4
0	4
1	1
0	1
0	6
0	6
0	5
0	4
21	9
34	9
1	4
0	0
0	0
4	16
0	0
0	57
0	57
0	3
0	0
0	27
3	7
0	7
0	0
0	0
26	0
1	4
0	0
1	12
0	12
0	0
0	0
9	2
0	0
0	0
9	0
0	19
0	8
0	0
18	10
0	3
0	0
1	3669
16373	3723
9	10
0	0
0	0
0	0
0	3
0	0
3	13
0	0
3	1
0	0
0	35
0	0
0	0
0	0
0	120
0	15
0	1
0	1
0	13
0	18
0	0
0	0
10	9
0	1
0	0
3547	27013
0	0
0	16
0	0
38489	22666
0	3
0	8
0	13
112	12479
38	10590
547	10672
351	6153
0	8
0	13
0	0
0	24
0	13
0	0
0	0
0	0
92	51
0	0
0	11
0	0
0	0
0	7
0	6
14	45
0	1
9	36
39	11
0	0
184	7935
17	0
0	0
0	4
0	0
0	0
13	0
0	1
0	6
0	0
29	30
0	1785
0	0
0	21
0	6
1535	6933
175	2491
5767	29522
0	7
0	11
0	0
0	0
1	0
0	0
0	7
0	0
1	0
0	0
0	0
0	0
1	1
0	11
0	0
0	0
0	0
9	14
0	0
0	0
4	0
0	1
0	27
0	0
3	0
3	0
0	0
0	5
1	0
0	6
27	94
0	0
167	0
0	0
0	5
0	14
0	0
0	1
700	31678
6	0
0	0
0	0
5	0
130	0
145	0
9210	11162
0	0
0	18
0	13
0	4
0	14
0	13
0	14
0	8
0	0
0	10
0	8
0	11
0	0
0	0
198	2823
12	8412
0	3
0	21
0	0
0	0
0	0
0	0
3	4
1	72
31	2
0	0
0	8
0	0
0	55
0	14
0	5
0	0
0	7
0	0
0	0
0	0
0	4
0	1
255	112
0	1
154	11574
0	0
0	18
0	7
0	0
5	18
0	58
811	14601
47	2482
70	2450
137	2965
59	2790
439	4931
166	9023
5	3952
0	2753
0	530
0	0
0	0
0	0
0	9
0	0
0	0
0	0
0	0
0	0
0	18
0	0
6	27
0	28
0	0
0	128
16	41
0	0
0	17
486	1132
0	0
35	17
0	69
0	15
0	19
0	56
0	7
0	1
0	5
0	3
1	0
0	0
0	0
0	0
0	0
2	0
0	0
0	3
0	0
37	0
0	0
0	23
0	0
0	0
0	0
0	0
0	13
0	35
4	0
0	8
0	3
0	2
0	58
18	13
1	0
23	0
0	0
0	17
18	48
0	48
0	1
0	0
174	13436
1	0
1	0
3315	36044
0	0
0	0
7	0
0	0
215	373
9	0
0	33
10	33
10	21
0	11
0	5
0	1
0	0
0	0
0	1
0	0
0	1
0	0
4	0
0	0
0	0
0	0
0	0
0	0
0	0
0	1
0	0
0	0
0	0
0	0
0	0
0	0
0	1
0	2
1	0
6	2
0	0
0	23
3	23
0	9
0	14
0	0
11	5
0	10
0	0
2	5
0	4
0	3
0	2
0	0
0	2
0	5
11	21
5	21
15	34
0	32
31	12
0	12
0	0
1	0
0	0
0	55
0	20
0	6
0	5
0	17
0	17
3	2
0	4
1	2
0	53
0	0
0	0
22	82
249	86
0	92
3	82
0	37
0	0
1	1
0	1
0	1
1	14
0	15
1	1
0	0
0	1
0	15
4	0
16	26
0	26
0	22
0	0
0	5
0	0
4	5
4	3
0	3
0	0
0	0
4	0
0	0
13	10
0	10
0	2
22	27
3	44
0	0
0	8
0	67
0	51
9	13
0	12
0	21
0	23
2	23
141	48
0	23
0	0
0	0
0	0
0	0
3	9
0	24
0	7
0	11
0	17
0	7
0	2
0	90
0	90
0	90
0	0
5	88
3	2
0	2
1	5
0	0
0	0
0	0
16	35
2	38
0	38
0	1
0	31
0	25
4	8
11	29
0	4
0	4
12	8
0	4
0	1
0	0
0	0
0	3
0	0
0	0
0	0
1	0
0	0
0	0
1	1
0	0
49	16
0	13
0	7
0	7
43	21
0	2
1	2
0	3
0	0
0	0
4	21
0	21
0	7
0	21
0	19
0	21
0	21
0	2
0	16
25	16
0	5
3	0
0	8
0	0
0	14
0	8
0	4
0	14
31	38
0	0
0	38
0	23
0	23
0	0
0	0
3	0
0	0
0	0
0	0
0	0
3	3
2	0
58	35
0	11
0	24
0	0
1	0
1	9
0	9
0	12
0	12
0	7
0	0
0	7
2	7
2	10
0	7
30	0
1	0
0	0
0	0
0	0
0	0
8	0
0	4
0	4
1	59
0	34
0	0
0	2
0	0
0	66
0	25
0	12
0	23
277	79
0	0
0	37
0	11
0	3
0	26
4	3
0	17
10	17
0	0
0	0
21	4
0	50
2	11
0	14
0	28
0	26
0	39
0	8
0	9
0	8
0	8
1	8
0	17
0	0
0	0
4	0
0	9
0	1
0	0
0	0
0	9
0	39
4	37
0	3
9	38
0	2
102	126
0	61
0	38
0	4
0	0
0	0
0	0
0	0
0	0
39	0
0	0
0	0
0	136
0	127
0	35
1	3
0	2
2	2
4	0
31	0
2	0
0	0
0	0
0	0
0	0
2	52
0	0
0	0
47	22
0	22
0	0
0	0
0	0
0	0
0	0
0	0
0	0
0	0
19	1
2	10
0	10
0	10
1	0
2	13
2	2
0	2
7	31
9	32
0	10
0	31
0	0
0	0
0	0
0	0
0	5
104	0
42	7
0	11
0	1
0	2
0	0
0	31
0	31
80	0
0	0
1	73
0	73
0	45
0	18
0	0
0	0
0	0
0	0
5	0
0	0
0	8
3	8
4	0
10	8
0	7
0	4
0	11
114	22
0	0
0	0
0	0
4	1
0	0
2	3
0	0
0	0
3	0
15	9
1	8
9	2
0	0
0	2
0	79
5	45
1	2
0	8
0	0
1	8
0	0
0	0
88	0
116	11
9	11
0	0
1	2
0	2
0	0
0	0
128	0
0	3
0	3
0	3
0	3
0	0
4	0
0	4
0	4
0	0
0	0
4	0
0	0
0	0
8	9
0	9
1	2
0	4
0	2
75	17
1	0
5	0
0	0
0	17
6	0
0	0
0	0
0	0
37	236
99	236
0	4
11	0
27	0
0	0
0	0
0	0
0	0
0	20
0	2
0	14
6	14
2	5
5	5
0	2
0	5
0	14
0	14
103	14
0	0
0	0
0	0
1	0
0	0
0	0
0	2
0	0
0	0
0	0
0	0
0	0
5	13
2	11
0	1
2	1
36	0
0	0
0	0
2	0
12	15
0	7
0	8
0	0
1	8
9	0
0	0
0	0
0	0
3	35
0	0
0	13
0	13
0	13
0	1
0	0
15	0
0	17
21	17
11	0
4	12
0	11
0	6
0	1
0	1
0	0
0	0
0	1
0	1
0	49
0	49
0	42
0	32
0	32
1	3
0	3
0	0
0	0
1	0
1	1
2	0
18	7
0	6
0	6
0	1
0	1
0	0
1	6
7	0
0	6
0	0
0	0
9	1
48	11
0	8
0	1
0	0
0	0
1	0
0	0
0	1
8	1
0	1
0	1
0	0
0	0
0	0
6	0
0	0
0	0
0	1
3	0
50	1
21	1
0	2
2	2
0	0
0	0
0	0
0	1
29	0
0	0
0	0
0	0
0	0
0	0
3	3
0	3
0	0
18	5
44	0
0	4
6	4
0	30
0	3
3	30
1	4
0	0
4	25
0	18
0	1
0	0
0	0
0	5
1	12
38	6
0	2
0	1
3	20
0	0
47	2
0	2
0	0
0	2
0	2
0	0
0	0
0	42
17	42
17	42
0	1
0	1
30	0
44	5
1	0
0	0
0	0
0	0
6	1
0	1
0	0
0	0
14	4
33	9
0	3
80	5
0	0
0	0
0	6
0	1
0	5
0	0
0	18
0	18
0	0
0	0
94	0
0	5
0	2
0	1
2	16
0	177
0	26
0	11
0	158
0	6
13	8
0	9
0	9
0	0
0	0
0	8
0	8
0	0
0	0
0	0
0	0
0	0
0	0
0	0
0	31
0	6
0	6
5	23
0	17
0	0
0	0
14	31
26	44
0	43
10	6
0	7
0	6
0	7
0	7
0	6
0	7
0	7
0	6
0	7
0	7
0	6
0	7
0	0
1	0
0	19
0	19
0	0
0	4
0	0
0	1
13	5
0	0
0	0
1	7
0	0
0	0
0	1
0	7
1	1
0	1
1	1
0	0
2	0
3	0
0	7
0	0
0	7
8	12
0	10
1	0
2	3
2	7
0	0
0	0
0	7
0	7
0	7
0	7
0	3
12	0
0	13
11	13
0	0
0	0
2	0
10	0
0	19
24	134
0	92
0	19
2	0
35	115
0	1
0	0
5	1
0	1
0	0
0	1
1	1
0	1
0	0
10	0
12	0
0	0
0	0
33	0
0	0
26	5
126	3192
0	18
0	17
0	17
0	18
0	17
0	18
0	18
0	0
0	79
0	79
4	82
0	56
0	15
38	41
0	23
0	7
0	0
0	0
0	0
0	0
0	0
0	0
0	79
0	79
0	80
0	57
0	241
0	0
3	22
0	15
0	1
0	6
8	0
82	2
0	2
0	4
0	0
15	4
206	0
2	2
0	1
2	3
0	1
0	1
0	1
0	1
0	0
0	0
0	0
0	0
1	0
1	0
0	0
0	0
0	0
0	0
0	0
0	0
107	54
0	54
6	327
1	332
0	0
0	0
0	1
2	2
0	14
0	51
0	11
0	12
0	22
0	51
0	23
0	13
0	9
0	1
0	0
0	0
0	1
0	1
0	1
0	1
153	0
66	149
0	149
1	149
5	0
0	31
19	0
3	0
0	0
15	31
29	0
13	8
0	3
0	2
0	0
0	0
0	2
0	2
0	0
0	1
0	0
0	0
28	46
0	24
0	0
0	0
0	2
12	43
0	2
0	0
7	34
1	9
0	5
17	8
0	8
0	0
4	42
0	0
0	0
0	36
1	10
0	7
0	7
0	0
0	0
0	5
8	126
0	54
0	50
0	46
0	33
108	16
4	16
0	6
5	6
1	6
0	6
0	1
0	1
0	0
0	0
0	0
5	6
3	6
3	1
0	0
0	0
0	0
0	0
0	0
0	15
0	15
4	16
0	2
2	1
1	1
0	0
0	1
0	1
0	0
0	0
1	0
0	1
2	0
1	0
5	0
0	0
28	47
0	47
0	31
46	23
1	18
0	0
0	6
0	6
9	0
0	0
0	2
2	2
0	22
0	22
25	13
0	11
0	11
4	17
0	10
0	17
6	7
0	7
0	63
45	277
0	63
92	70
0	1
0	277
7	36
15	36
17	4
0	4
0	4
0	0
1	0
0	23
0	22
0	10
0	1
0	1
0	1
0	1
0	2
0	1
0	1
0	0
0	0
0	0
0	0
9	1
0	1
1	1
0	7
0	7
22	44
0	24
0	0
11	44
3	33
0	12
0	30
0	30
0	24
0	1
17	36
0	3
0	1
67	3
0	0
10	3
0	0
0	3
8	3
0	7
0	0
0	5
2	5
0	3
0	0
31	8
0	0
0	0
0	0
0	0
0	8
0	0
0	0
60	0
1	9
0	9
5	9
0	9
0	9
0	0
0	0
0	0
0	0
0	0
0	0
0	0
0	9
1	18
0	20
0	13
0	16
1	1
0	74
0	12
20	14
9	14
90	1
0	1
0	0
735	106
1	106
0	16
323	167
69	177
7	120
0	35
32	5
2	1
0	1
0	73
0	11
2	0
9	3
0	0
0	0
0	177
0	177
0	170
0	3
0	1
1	0
0	0
0	0
1	0
47	2
0	0
0	0
2	0
0	2
2	2
73	84
0	67
0	77
0	32
1	1
0	1
0	1
1	1
0	1
0	1
0	0
0	0
0	0
15	0
46	1
0	1
0	0
0	0
0	0
0	0
0	0
5	32
8	0
1	0
0	0
0	31
0	29
2	21
0	0
0	0
0	0
74	24
0	9
0	5
21	22
0	0
0	5
0	5
0	3
0	0
0	0
0	0
0	0
0	15
0	1
0	32
0	32
0	18
2	17
1	3
0	3
249	0
0	0
0	24
0	7
0	0
0	0
0	0
0	0
0	0
0	0
0	23
73	15
0	12
0	0
1	3
1	0
0	0
11	0
0	0
3	0
0	18
0	3
0	3
0	1
0	1
1	0
92	10
6	10
0	7
0	7
2	6
0	63
0	69
0	64
0	2
0	0
0	1
0	0
0	1
0	0
2	0
0	8
0	5
0	3
125	128
0	10
55	65
0	1
0	1
50	111
20	57
1	2
0	67
0	68
0	96
0	110
0	68
0	95
0	97
184	43
0	42
0	50
0	26
44	36
2	46
0	0
23	0
0	15
0	1
0	0
0	0
0	0
0	0
0	0
1	0
0	0
54	21
0	12
0	10
0	0
29	20
0	9
36	6
0	1
9	2
0	4
29	7
1	55
0	46
0	48
0	46
0	46
0	1
0	9
0	0
7	0
24	0
1	0
1	0
0	0
0	0
0	1
0	7
4	6
0	6
3	20
33	12
0	15
1	7
0	1
0	10
0	10
0	10
0	10
0	43
0	8
1	81
11	72
1	2
0	2
16	0
0	2
3	2
0	2
0	0
24	56
1	1
0	14
0	0
0	14
2	1
0	54
36	0
0	46
3	3
0	3
0	0
0	0
0	0
0	0
0	0
0	12
17	18
0	18
128	19
0	30
0	17
1	0
0	9
0	9
24	0
0	0
16	18
18	19
0	19
1	0
1	0
4	27
1	27
1	10
0	9
4	10
0	10
0	10
0	10
0	66
15	66
0	19
15	0
0	0
0	0
0	0
11	0
0	0
0	0
0	0
0	74
0	0
0	0
0	0
0	0
0	0
3	0
0	0
0	0
0	0
13	6
37	0
0	25
24	25
48	57
0	35
0	51
6	2
193	43
0	10
0	0
1	0
0	8
0	0
2	0
0	12
0	12
0	12
0	11
44	102
0	102
1	0
0	0
0	3
2	3
0	3
0	3
0	0
0	7
0	0
1	0
0	4
10	4
8	29
0	2
0	0
1	24
0	1
10	16
0	16
0	16
0	4
0	17
0	13
0	0
0	1
1	1
0	0
0	0
24	0
0	17
0	16
0	1
1	31
5	12
2	0
8	94
0	1
12	5
0	0
18	0
8	3
0	47
0	59
0	5
0	2
0	47
0	94
0	41
0	35
0	29
5	10
0	10
0	11
0	9
0	6
0	6
6	5
0	1
0	1
0	0
0	0
0	1
0	1
0	0
0	25
0	0
0	17
0	17
0	20
1	20
0	0
0	31
19	31
10	0
0	0
0	0
1	0
4	20
0	22
0	20
0	20
0	20
0	20
0	20
2	2
0	0
0	0
1	0
0	0
0	1
0	2
0	18
0	1
0	18
0	18
0	4
0	4
0	0
19	38
7	39
0	5
0	0
0	5
0	5
0	0
10	30
0	22
10	0
5	29
3	0
10	0
1	13
92	17
79	8
0	6
2	9
4	1
0	1
0	0
10	8
5	1
0	2
0	2
0	0
12	0
0	0
0	0
0	0
0	2
0	20
0	20
112	20
93	7
1	0
0	0
0	9
0	9
198	0
8	69
13	59
0	0
0	11
0	11
0	1
0	1
0	1
0	0
0	1
0	1
0	0
0	4
0	4
10	4
0	1
0	9
7	9
0	0
13	0
1	0
0	19
0	19
0	10
364	76
0	76
2	16
0	0
0	0
0	61
0	61
0	60
0	53
7	32
28	37
0	6
5	6
0	21
2	21
1	3
0	3
0	0
483	0
0	0
291	0
0	0
16	0
8	0
0	0
14	0
10	266
21	266
3	20
0	2
33	20
0	105
20	105
82	19
41	19
19	0
0	0
0	23
1	23
0	0
0	2
0	0
0	21
3	4
0	1
0	4
0	4
4	8
0	1
8	7
0	53
0	53
0	0
0	0
0	0
1	0
0	21
2	11
18	31
0	53
0	0
0	0
0	0
0	23
0	0
0	0
1	0
0	0
1	0
0	0
1	0
0	0
0	0
0	0
1	3
0	0
0	9
0	6
0	9
0	0
0	3
0	3
3	3
0	3
0	3
0	3
0	3
3	2
0	2
0	0
0	0
0	0
0	0
0	0
0	0
1	1
0	1
11	0
0	0
0	0
1	0
0	21
0	21
5	10
0	0
0	0
26	30
0	10
0	0
0	9
261	1785
28	0
6	0
0	0
0	4
0	4
0	4
1	4
0	4
0	0
0	0
0	0
0	0
0	0
0	0
0	4
0	4
0	4
0	4
1	0
0	4
0	4
2	0
1	0
0	4
9	4
0	0
0	0
0	0
0	0
0	0
0	0
0	0
1	8
0	0
0	10
0	5
26	5
0	5
1	0
0	5
9	26
0	0
1	12
0	22
0	0
0	13
0	0
18	22
0	0
30	9
6	9
0	0
0	0
0	0
2	0
1	0
42	0
1	46
142	11
0	35
0	0
0	0
0	0
0	0
0	0
0	0
0	0
1	5
0	26
0	26
0	0
0	12
0	12
0	1
0	1
33	0
0	41
0	4
2	0
0	0
15	0
1	0
6	1
0	5
0	23
0	6
0	4
0	4
6	46
0	6
0	2
0	6
0	8
0	8
0	8
0	46
0	23
10	0
6	7
293	0
0	0
0	0
474	0
2	0
19	0
0	0
0	0
1	0
0	4
0	4
7	0
0	0
0	0
0	0
0	126
0	175
0	28
0	0
0	199
0	28
0	28
0	2
0	12
0	0
0	0
0	0
0	0
0	0
1	0
1	0
7	0
0	42
5	210
0	8
3	210
0	6
0	63
0	21
14	8
0	17
76	47
0	0
0	0
0	18
0	13
0	29
0	4
0	4
0	0
0	0
0	4
4	0
65	0
0	1
0	0
20	1
11	11
0	11
0	0
1	11
0	0
0	23
0	10
1	0
0	0
5	45
272	45
3	29
11	36
0	25
0	4
3	4
59	0
2	2
0	1
0	29
0	29
0	29
0	0
0	3
0	5
86	52
0	6
0	5
0	2
0	2
0	2
3	2
0	2
0	0
0	0
0	0
81	2
100	80
0	80
2	0
0	0
0	0
7	0
672	81
0	81
9	5
35	5
27	2
11	0
99	0
0	3
0	2
4	0
0	19
0	6
0	14
131	76
0	41
0	1
3	18
1	2
0	2
0	0
0	4
0	4
0	0
0	4
29	14
0	4
12	10
0	29
0	3
4	10
0	0
0	0
0	29
0	83
0	83
13	9
0	6
0	7
0	0
0	0
0	83
0	2
4	0
0	2
0	0
0	2
1	1
0	1
0	1
0	2
0	1
0	1
0	0
1	0
6	1
0	7
0	7
0	7
0	4
0	4
14	20
3	20
0	4
0	9
0	6
0	1
0	1
0	1
0	0
0	0
0	0
1	0
49	31
0	0
0	0
0	0
0	0
0	0
30	0
0	0
0	0
1	2
0	2
6	4
0	0
0	0
0	15
9	0
0	0
0	0
3	0
0	0
0	20
0	0
10	33
0	0
0	20
0	2
0	15
0	4
0	17
0	28
31	28
0	12
0	15
2	14
0	42
34	44
18	14
0	34
24	28
0	0
2	0
0	0
1	34
1	3
0	10
0	10
0	10
4	0
3	22
0	14
1	8
0	0
5	0
7	0
0	11
21	12
0	5
0	11
0	0
0	0
0	5
0	12
0	5
0	1
0	1
117	41
0	0
0	6
0	35
48	37
0	2
0	1
0	1
0	0
0	0
0	0
0	0
0	37
17	15
16	9
0	2
0	2
0	0
9	1
5	0
1	0
0	0
0	11
58	11
0	0
0	0
0	0
3	11
0	7
0	1
0	1
0	27
8	66
0	161
0	161
1	103
14	17
0	10
4	0
0	0
0	0
0	19
1	2
0	2
0	2
0	2
0	2
0	2
0	0
0	3
0	3
2	0
0	0
0	0
1	2
0	2
1	9
1	9
0	9
0	8
0	1
1	0
2	16
0	190
0	190
0	123
0	5
0	6
0	123
9	26
10	12
0	13
2	13
0	4
0	3
9	10
5	4
0	13
0	7
38	0
60	7
0	0
0	0
0	1
0	1
0	1
0	1
0	1
0	1
0	1
0	1
0	1
0	1
0	1
54	0
9	35
0	35
0	34
0	0
7	8
0	5
0	0
0	14
0	11
0	2
1	0
70	12
0	1
0	1
33	0
43	12
0	13
16	85
0	71
0	81
0	5
0	1
0	0
0	0
1	0
3	0
63	72
360	69
0	47
2	0
1	25
10	4
0	0
1	0
0	0
0	0
0	0
0	25
7	36
0	0
9	2
0	2
0	34
0	10
0	5
0	2
0	2
0	0
0	4
0	2
0	0
0	2
2	3
0	2
0	0
0	2
15	0
61	42
16	27
11	25
44	1
0	0
0	1
0	1
0	1
1	1
0	0
0	0
0	0
0	1
0	14
0	13
8	300
0	10
1	23
0	36
0	20
6	0
14	13
0	37
0	14
0	0
0	0
15	7
0	4
0	4
25	16
27	9
0	3
2	0
1	0
11	0
0	0
22	0
0	0
220	12
0	12
19	0
0	0
0	0
0	0
0	0
0	0
0	0
0	0
0	0
0	0
0	0
0	0
0	17
11	1
0	1
0	1
1	0
10	0
0	0
0	0
0	0
7	0
0	0
13	3
0	3
0	0
0	0
0	0
0	0
0	0
0	0
0	0
0	0
0	15
0	28
0	72
1	1
0	66
6	0
0	48
1	0
1	0
22	59
2	0
7	8
12	8
0	183
0	2
0	2
5	181
3	84
0	0
0	0
102	18
20	14
0	5
0	29
0	12
0	5
0	4
34	4
0	23
14	2
0	2
4	0
0	0
113	0
0	4
0	4
0	0
0	0
0	0
0	16
0	21
0	21
0	47
0	49
0	49
1	21
4	3
0	0
0	0
0	20
67	11
312	0
0	6
3	0
0	0
0	0
18	0
0	0
0	0
1	0
42	49
0	49
0	14
0	14
2	1
8	13
0	12
0	13
4	2
0	0
0	0
0	0
1	17
0	18
0	17
0	8
0	18
0	0
0	1
135	0
144	79
0	58
25	47
0	1
0	1
2	1
4	0
5	0
184	5
0	19
15	3
0	0
0	19
0	19
0	19
641	238
44	238
0	0
134	30
0	4
0	0
0	0
0	0
14	13
0	0
77	0
0	0
0	30
2	2
0	1
0	1
0	1
0	11
4	8
0	5
0	8
0	0
0	0
0	0
0	0
0	0
0	0
0	0
9	4
0	4
2	2
0	4
6	32
0	31
0	14
7	6
10	7
0	0
15	3
1	0
0	0
1	3
0	0
0	1
0	1
0	0
0	0
0	1
0	1
0	0
0	0
0	0
0	0
172	28
3	28
11	8
0	8
0	2
0	12
0	6
0	14
0	14
0	14
0	88
0	88
1	84
0	82
0	36
0	0
0	1
0	0
0	3
0	3
0	2
0	1
3	5
0	18
0	18
2	0
0	0
0	0
0	0
0	1
0	2
11	2
0	6
0	5
0	9
117	19
0	8
1	0
0	0
0	0
0	1
0	1
0	18
0	8
0	18
1	2
68	36
0	9
5	0
26	33
4	28
24	7
0	5
0	0
3	1
0	1
0	0
0	0
0	0
0	37
0	6
12	3
0	0
0	87
0	87
0	82
5	0
14	31
0	5
0	5
0	4
0	2
0	26
0	9
0	12
0	26
0	14
0	14
0	0
0	0
0	0
0	0
0	0
0	0
9	0
0	0
0	0
0	2
0	2
0	0
0	0
11	44
0	40
0	1
20	1
6	144
0	1
0	144
0	0
0	0
1	0
53	0
14	20
0	20
34	5
0	4
9	0
0	0
8	28
0	28
0	28
0	13
12	4
0	21
0	21
1	21
1	13
0	127
0	40
12	84
0	15
53	88
0	9
0	25
0	1
0	32
0	5
0	1
6	2
0	1
101	36
1	21
1	21
2	0
0	15
101	13
3	13
0	1
0	6
1	6
10	38
0	11
0	17
0	30
3	27
0	0
0	0
5	0
11	2
0	2
0	1
14	0
5	13
0	0
2	0
14	3
0	13
1	0
0	0
0	0
0	0
0	0
0	0
0	14
0	14
0	11
0	13
48	13
8	0
3	0
1	1
0	0
27	1
0	1
4	1
0	1
0	20
0	20
74	2
6	11
0	1
0	5
0	0
0	0
0	0
0	0
42	107
16	15
0	121
0	3
0	1
0	0
0	0
0	0
0	0
0	0
0	1
0	6
0	6
0	6
0	27
0	21
29	6
1	6
6	259
0	120
0	259
0	239
0	13
13	14
0	0
0	0
0	0
1	19
0	1
0	0
0	0
0	0
4	18
10	2
0	0
0	0
0	0
0	2
12	0
6	18
126	22
0	19
0	4
0	2
0	3
6	12
0	12
33	13
8	15
0	18
1	19
0	20
0	0
0	2
11	3
0	19
4	0
0	13
7	0
4	8
0	16
15	39
0	1
0	0
0	22
0	27
22	24
0	7
0	1
5	17
0	6
0	1
3	0
0	0
0	19
0	0
1	0
1	0
4	0
0	9
0	9
1	23
0	13
0	0
0	0
0	60
0	0
0	60
0	0
1	0
3	2
0	2
13	16
0	16
0	0
0	0
63	23
0	20
0	20
0	11
0	0
0	0
10	1
0	1
0	0
0	0
0	21
0	0
3	10
0	2
4	5
0	3
7	2
4	5
13	3
68	0
4	4
6	4
1	27
0	27
0	27
2	5
0	5
0	0
0	0
0	0
0	0
3	0
0	0
0	0
0	0
0	0
0	0
0	0
6	0
0	14
146	10
0	14
146	0
0	0
0	0
11	0
0	0
0	0
0	0
104	1
0	1
1	0
0	0
2	0
5	0
0	0
0	6
4	6
0	0
10	7
0	6
0	6
7	0
0	0
20	216
0	205
3	0
0	0
0	0
1	1
0	1
0	0
2	11
0	2
0	9
0	11
0	0
0	0
20	0
0	0
0	0
181	10
0	3
0	7
0	0
7	4
0	4
22	5
9	2
6	5
3	4
0	8
0	2
0	4
0	4
0	0
1	1
0	0
26	12
0	0
0	11
28	6
0	6
30	2
205	42
0	42
0	6
1	1
0	1
0	1
0	1
0	1
0	1
3	0
0	0
0	0
0	0
0	0
0	0
21	16
0	3
0	0
0	0
2	0
5	0
0	0
0	0
0	112
0	20
0	17
63	20
0	20
24	9
24	0
50	92
34	0
0	20
0	9
0	7
0	1
0	22
0	22
207	83
0	83
0	0
0	0
0	5
0	1
0	9
124	57
30	63
0	59
0	1
153	100
0	16
0	10
3	0
0	0
0	5
0	5
0	0
0	0
0	1
0	0
0	1
0	1
0	1
0	0
0	0
0	0
0	0
0	0
14	0
0	0
2	0
5	0
0	33
7	33
0	7
272	35
0	23
0	0
0	0
0	0
0	9
1	2
0	3
0	29
0	20
0	22
0	29
0	29
0	67
0	13
0	13
0	1
6	0
0	0
0	0
0	0
0	10
8	10
0	35
0	36
1	64
48	99
0	31
0	13
0	7
0	7
5	1
0	9
30	9
0	9
11	9
0	0
68	6
0	10
2	6
1	4
0	0
5	1
0	16
0	16
0	9
0	9
0	16
0	16
157	749
38	759
0	22
10	17
0	0
0	12
0	12
0	12
0	12
4	16
0	16
0	0
1	0
0	3
0	3
0	0
2	5
0	5
5	2
0	4
6	4
0	2
0	0
0	4
1	1
0	1
4	1
0	0
4	52
33	52
4	0
0	0
0	0
0	2
0	2
64	1
0	2
57	14
0	12
0	12
0	9
0	2
0	2
5	2
1	0
0	0
0	0
0	0
0	0
0	2
0	0
0	0
0	4
0	4
0	3
0	2
0	2
0	3
250	64
0	64
5	2
16	6
18	49
0	53
0	14
0	5
0	0
0	33
0	9
0	13
0	0
7	0
4	0
0	0
0	0
0	3
0	3
0	3
0	3
0	1
1	0
0	3
0	2
6	10
0	3
0	0
0	0
47	4
0	3
0	0
0	10
83	9
0	8
4	55
157	50
0	6
3	0
0	0
0	0
0	23
0	26
0	0
7	4
0	4
3	2
11	1
0	0
34	0
0	22
0	29
0	10
0	5
14	68
0	68
0	68
6	0
0	0
0	25
0	26
0	6
0	26
0	26
0	4
0	23
0	0
3	0
0	6
0	0
0	0
0	4
0	1
0	4
0	4
0	0
0	0
0	3
6	31
13	116
35	116
31	100
8	100
3	0
0	0
5	1
0	0
0	7
0	7
54	7
0	1
20	7
3	1
7	1
0	35
0	35
0	35
0	0
0	2
15	0
0	0
0	0
0	0
1	0
0	0
0	0
0	9
0	3
6	3
0	0
0	0
0	7
1	9
0	9
0	4
0	5
1	0
0	4
1	15
0	2
0	2
0	2
0	2
0	0
0	0
0	2
26	26
166	131
0	11
0	112
0	26
9	8
0	0
1	7
1	0
0	0
14	3
0	0
16	0
60	1
124	96
0	87
0	63
0	8
20	0
126	26
0	37
0	0
0	0
0	12
0	0
0	9
1	10
0	1
1	0
0	2
0	0
0	0
3	9
0	9
0	2
0	2
0	0
0	0
0	0
0	0
0	0
0	9
10	0
0	9
16	0
0	0
11	88
0	88
0	4
0	4
0	0
0	0
0	0
6	0
0	0
0	2
3	87
0	51
0	0
0	0
0	0
0	0
2	0
0	2
0	2
34	12
10	36
0	2
0	1
0	34
0	34
0	80
0	0
0	57
2	44
0	0
0	34
0	0
2	36
7	36
0	80
0	1
17	9
0	8
0	21
0	10
0	10
0	10
11	15
0	4
0	4
0	11
0	1
1	11
0	0
0	5
69	2
0	2
0	18
2	17
25	1
12	2
0	0
0	0
1	67
0	67
4	10
0	4
0	9
0	0
6	9
0	0
22	0
0	0
0	9
7	0
10	1
0	1
0	0
0	1
4	14
0	37
0	10
0	1
3	1
0	1
0	0
0	2
0	3
0	3
0	44
1	0
0	5
0	0
0	0
0	3
14	27
1	45
54	7
0	0
0	0
0	0
0	0
0	4
0	0
0	0
0	7
2	7
15	7
7	12
16	0
0	4
0	19
0	10
0	10
0	0
6	0
0	10
0	10
0	3
0	10
9	10
0	10
0	7
0	0
10	0
0	0
0	0
0	0
0	0
0	0
43	7
0	10
0	10
0	11
0	11
0	11
0	0
0	1
0	1
2	58
0	0
10	59
10	58
5	5
2	13
0	2
2	1
5	1
0	0
1	0
5	8
0	5
4	5
0	28
11	0
5	24
0	24
1	1
0	5
9	40
7	22
88	5
0	0
0	0
0	39
0	41
0	4
0	0
0	0
0	0
0	0
1	0
0	2
0	41
1	6
0	0
0	0
5	25
292	23
0	0
0	2
97	256
0	214
0	17
0	17
0	15
0	5
3	29
0	95
3	8
0	95
0	0
0	0
6	184
0	21
0	25
1	0
12	0
27	19
6	19
0	28
157	184
58	34
9	38
0	37
0	46
0	1
0	46
0	5
1	0
0	0
1	1
0	7
8	3
0	2
0	1
0	0
0	0
0	0
0	11
66	18
0	0
0	7
9	0
7	2
3	18
0	0
4	35
32	35
39	48
0	48
44	35
0	0
0	0
0	0
2	46
0	39
5	10
49	5
0	2
8	0
0	0
212	35
0	29
9	1
0	0
0	0
6	2
0	0
0	0
0	2
0	0
6	82
17	0
0	0
0	76
0	24
0	1
1	1
0	4
0	4
0	3
0	1
23	0
0	57
4	56
3	6
0	5
1	2
0	20
0	19
0	8
7	1
0	0
6	0
0	0
0	0
11	8
8	0
0	0
1	0
0	0
0	3
8	16
0	3
121	0
12	0
1	6
0	6
0	1
0	0
0	54
272	22
0	0
0	22
0	0
0	0
0	2
0	2
0	7
0	48
59	41
0	21
0	48
1	41
0	2
0	2
159	63
0	9
0	4
4	0
0	72
10	7
0	109
0	4
0	4
0	2
18	1
0	57
0	4
0	18
0	0
0	0
0	3
0	3
0	3
2	15
0	0
0	0
63	12
1	7
0	6
0	1
0	0
0	0
9	13
0	13
10	5
0	5
0	1
0	0
38	0
22	5
8	5
0	4
0	5
0	5
0	5
0	5
0	5
0	5
0	5
0	5
0	5
0	5
0	5
0	5
0	5
0	5
0	5
0	5
0	5
0	0
3	8
0	0
3	0
57	0
0	5
119	209
0	0
0	4
5	0
27	3
4	0
0	209
12	0
6	25
0	25
0	12
0	1
0	4
0	4
0	4
0	4
1	4
3	0
0	0
0	0
0	0
0	4
0	0
29	34
0	29
6	13
10	0
0	5
6	17
26	17
1	9
171	150
2	143
0	7
1	0
1	7
104	78
0	6
1	70
0	48
0	39
0	25
2	25
0	0
3	0
3	0
5	0
0	7
1	2
0	2
8	27
0	26
0	1
0	0
363	841
0	841
0	364
0	371
0	0
4	0
0	0
378	0
214	0
0	4
0	0
1	0
0	0
3	0
0	0
0	7
0	0
3	11
1	4
5	15
49	60
0	20
10	116
9	20
0	30
19	58
0	14
0	57
35	1
12	0
0	1
0	1
0	0
0	0
0	0
8	1
17	0
15	1
0	1
0	0
58	10
0	0
1	0
0	0
0	0
0	8
1	0
6	0
0	0
35	13
10	11
1	0
0	0
0	2
0	2
16	30
0	28
0	28
0	28
1	24
1	17
0	0
3	0
16	1
1	1
0	8
66	38
14	6
0	4
0	0
0	0
0	1
0	0
0	1
0	30
4	16
0	0
0	15
0	0
0	15
32	110
0	110
0	97
11	7
1	0
0	0
0	7
25	0
40	2
0	2
115	1
17	0
0	0
0	0
0	0
0	0
2	0
9	37
0	37
37	27
0	18
0	9
0	10
62	79
23	75
0	53
65	6
10	2
2	0
13	0
0	0
8	17
0	1
0	17
12	1
0	40
0	40
6	7
0	0
0	0
0	1
0	0
0	1
0	0
14	0
0	0
0	0
0	0
1	0
0	0
2	0
0	1
0	1
6	33
0	33
0	33
8	29
60	11
4	11
0	0
0	0
0	0
0	1
0	1
0	1
0	0
40	2
0	0
0	2
1	21
0	21
58	0
14	0
0	1
0	1
0	0
37	78
5	4
0	10
0	78
0	36
0	4
0	0
13	18
0	0
0	9
0	0
0	26
0	7
0	13
0	0
44	9
103	5
0	5
74	55
6	85
0	7
17	35
0	7
0	22
1	6
18	60
0	29
0	0
20	0
3	0
0	11
0	58
16	39
0	29
0	12
7	0
2	7
0	0
0	0
0	8
0	0
0	3
0	0
0	0
0	0
0	5
0	0
0	0
0	0
0	0
0	0
0	5
0	3
75	0
0	0
37	29
32	2
1	2
0	29
0	0
0	1
2	0
5	0
0	2
0	2
0	1
16	1
0	0
0	0
0	1
1	0
0	1
7	4
0	19
157	19
0	0
1	18
0	1
0	1
2	30
58	30
0	0
0	0
0	0
0	43
4	235
2	236
0	201
0	0
0	0
0	0
0	15
0	177
0	176
0	176
0	20
0	0
0	7
0	165
0	165
0	164
0	165
0	164
6	144
0	1
0	128
2	29
0	0
24	0
5	0
0	150
0	151
219	20
0	3
0	1
0	1
0	0
0	1
42	14
0	7
0	14
0	2
0	2
0	0
0	23
0	0
0	0
0	23
0	23
0	0
1	10
1	10
0	10
0	10
0	10
1	10
19	6
0	6
2	1
0	0
0	2
117	0
0	0
0	0
0	1
0	0
0	2
0	0
0	0
0	6
0	2
6	1
0	1
0	0
0	0
91	81
0	74
0	78
7	12
0	12
0	12
6	7
21	0
17	29
0	34
0	20
90	11
0	5
0	0
1	0
2	26
0	8
0	26
0	8
0	6
0	6
0	0
0	0
0	0
0	6
2	0
12	0
1	0
0	0
0	0
1	0
29	0
0	0
0	0
0	0
32	34
0	163
0	1
0	1
0	121
2	130
0	135
6	129
0	7
0	7
0	7
0	7
0	7
0	7
0	0
2	2
2	13
0	6
0	7
0	3
0	3
0	3
0	0
1	0
0	6
0	0
8	0
0	35
0	35
10	29
28	28
9	13
0	0
0	1
26	13
2	4
0	9
0	13
8	0
0	4
4	4
0	9
3	9
0	0
5	0
1	0
0	0
305	11
8	9
0	3
0	1
0	49
2	0
0	2
0	2
0	2
0	1
0	0
0	0
0	0
0	0
0	0
0	0
0	0
0	1
0	1
0	1
0	0
0	1
0	1
0	1
0	1
0	1
0	1
0	42
17	57
16	51
0	8
0	0
2	1
42	0
2	0
0	0
0	0
0	0
0	0
0	0
0	0
319	4
0	4
5	0
0	13
0	13
0	13
0	13
0	13
0	0
14	1
0	1
0	0
0	0
36	22
10	22
0	9
0	0
2	0
0	0
0	3
0	3
1	6
0	3
9	4
0	1
3	0
0	1
0	1
0	1
14	13
0	13
0	27
0	23
3	4
0	5
1	23
0	23
0	4
0	0
0	0
0	0
0	0
0	1
2	3
0	1
0	1
0	0
0	0
7	2
0	0
0	0
0	0
2	0
13	7
7	7
0	1
0	0
0	0
0	0
0	0
0	0
0	0
0	0
0	1
6	0
25	1
35	92
9	80
4	13
0	36
0	36
0	0
20	36
0	0
0	0
0	0
0	0
0	0
0	0
0	1
0	1
1	35
48	20
0	20
75	85
17	77
1	65
0	1
4	0
33	24
10	36
0	31
2	18
0	10
0	19
2	0
1	23
17	23
0	0
0	0
12	0
2	1
0	5
0	1
0	1
16	8
20	35
0	1
0	35
0	2
0	2
0	2
0	0
0	0
0	0
0	38
0	0
0	38
2	1
0	0
0	37
0	37
0	37
0	32
5	37
13	10
0	10
15	10
10	0
1	0
0	0
97	0
0	0
84	12
0	12
3	31
0	34
0	3
1	0
0	0
0	2
0	0
0	2
0	9
0	9
0	9
0	9
0	1
5	20
0	20
0	15
15	6
0	14
0	0
0	11
46	3
0	9
0	3
0	0
0	0
0	0
0	0
11	14
13	8
45	103
0	92
0	109
0	86
6	61
179	20
2	11
62	98
0	0
0	5
0	0
19	0
0	0
2	37
0	5
0	37
0	34
0	0
41	126
7	0
37	77
10	29
0	19
9	0
0	0
0	58
0	38
0	21
0	21
0	26
0	26
0	3
0	0
0	0
0	17
0	23
0	18
0	0
6	18
0	1
0	16
0	51
9	75
19	75
0	0
0	0
3	4
12	0
24	54
0	54
0	0
0	14
2	0
10	22
9	1
0	1
0	1
0	1
4	0
2	9
0	9
40	16
0	13
7	5
12	0
0	0
15	230
0	230
4	19
0	29
0	1
0	7
0	20
0	67
0	67
0	0
0	5
0	51
0	51
0	51
1	0
0	10
0	0
0	0
5	19
26	18
0	11
0	3
20	20
29	1
1	13
0	12
0	12
0	13
0	12
15	0
0	21
0	20
6	17
0	0
10	0
0	1
0	1
0	1
0	1
0	0
0	1
15	4
1	4
0	1
237	19
0	0
0	0
1	1
0	5
0	4
0	17
0	0
0	0
3	10
0	0
0	5
4	15
0	0
0	0
0	10
6	9
0	0
4	0
8	1
0	1
12	17
0	17
4	7
3	0
0	0
0	0
0	1
0	1
21	18
0	9
0	7
0	0
0	9
0	0
98	3
3	1
0	1
0	4
0	1
3	2
0	4
0	0
0	2
82	3
0	3
4	1
0	1
31	1
0	0
91	1
63	38
2	37
0	3
390	58
0	51
0	7
28	45
0	49
0	44
0	19
0	23
0	19
0	2
0	2
9	8
0	2
0	0
11	4
0	4
0	0
0	0
0	2
0	0
6	2
3	15
0	6
26	18
0	17
0	0
0	0
0	0
4	1
242	124
1	124
0	29
0	29
0	0
0	0
14	0
0	0
0	0
10	16
0	16
0	12
5	14
0	12
0	26
0	20
9	40
24	7
11	2
0	0
0	0
0	0
0	5
0	6
0	4
2	5
0	11
0	11
0	6
37	372
0	374
0	164
1	40
1	0
7	0
0	0
0	0
0	0
0	0
0	0
0	0
37	14
0	4
0	31
57	31
27	27
0	1
15	4
0	9
0	0
1	0
0	22
0	18
0	5
0	0
0	27
0	14
0	145
0	0
2	0
2	0
0	0
0	0
3	31
0	5
0	21
0	145
0	16
0	16
32	9
124	43
0	38
0	5
0	0
0	0
40	36
0	36
0	32
0	34
1	31
7	28
0	30
0	3
0	0
5	2
21	38
0	30
0	38
0	1
0	0
0	194
0	194
10	160
17	161
0	144
0	94
16	94
0	0
4	2
0	0
6	7
0	0
0	0
3	0
0	1
63	2
0	0
1	2
0	2
50	35
0	35
0	1
0	0
0	0
0	0
0	5
0	1
1	0
0	1
0	0
0	1
0	0
0	0
0	4
0	0
0	4
0	0
13	11
0	2
47	0
0	11
35	5
4	2
1	2
0	0
0	0
0	0
0	0
0	0
0	0
0	0
5	0
0	0
1	0
0	0
0	0
79	19
0	19
11	13
0	9
0	0
3	0
0	0
1	0
0	7
0	367
0	367
87	0
3	0
0	0
0	0
0	3
5	3
0	1
0	1
0	0
0	2
0	5
0	0
0	0
0	0
0	0
0	92
0	92
0	6
1	0
1	0
18	112
16	110
0	8
14	3
0	76
0	0
0	6
0	6
0	6
0	0
0	0
0	0
0	0
0	27
0	27
0	27
1	0
2	11
0	1
0	0
3	4
0	4
4	0
0	0
0	0
0	0
12	86
0	68
0	36
0	16
37	24
0	0
0	0
0	0
0	0
1	31
0	31
1	0
0	16
0	16
0	9
0	0
0	11
0	11
50	55
0	20
0	39
0	23
0	30
0	13
0	0
0	0
0	0
0	0
0	0
0	0
0	0
2	2
1	0
0	0
0	51
0	43
0	43
4	6
9	7
0	46
0	45
0	0
0	3
2	45
0	12
0	12
0	23
52	23
0	0
2	0
0	0
0	0
0	0
0	0
0	0
0	0
31	21
0	21
0	21
0	10
7	10
1	0
0	10
32	71
11	54
6	0
0	0
0	101
0	101
0	101
10	101
0	0
0	1
0	3
0	0
0	0
0	2
1	0
0	0
0	0
0	0
1	0
0	0
0	0
0	0
0	0
193	0
0	32
0	32
0	7
1	411
0	1
1	411
0	0
3	1
13	1
7	35
0	35
0	0
0	0
1	22
13	24
1	21
4	22
0	32
0	0
0	0
2	32
0	34
0	34
6	0
0	0
2	94
0	89
12	0
0	0
0	4
0	0
0	89
0	0
0	0
0	0
0	0
7	0
0	0
0	0
0	0
0	0
4	0
0	4
0	0
0	32
0	22
2	0
0	1
0	1
0	13
5	13
18	18
0	0
0	18
1	1
0	0
0	1
0	1
4	1
1	0
0	10
0	12
69	12
0	10
0	2
1	1
2	0
0	0
5	0
0	0
0	0
1	0
21	18
3	0
0	18
54	31
0	31
0	5
0	5
0	5
0	0
0	0
45	2
0	2
276	10
4	15
0	10
0	6
138	3
0	0
1	1
0	4
0	4
0	2
0	0
0	13
0	13
0	0
0	1
0	13
0	13
0	13
3	0
10	13
32	4
0	4
0	0
20	6
0	6
0	6
0	6
0	5
0	5
0	5
0	5
3	60
23	60
0	0
11	0
5	65
0	13
5	59
0	0
0	0
1	0
0	0
0	0
0	4
0	7
18	40
12	40
0	39
7	39
0	8
0	13
0	0
1	6
2	13
0	5
4	1
1	5
0	0
0	0
0	0
0	0
0	4
0	4
109	44
0	44
1	0
0	13
0	21
0	21
0	16
50	162
0	5
0	5
0	1
7	0
0	0
0	0
0	0
0	0
0	0
0	0
0	0
0	0
0	1
0	0
0	0
0	0
0	0
191	0
0	0
0	6
0	6
0	7
0	6
5	0
12	0
0	0
164	0
0	18
0	12
0	7
0	1
0	2
2	0
0	11
0	1
0	0
0	11
227	18
58	0
0	0
7	0
0	5
0	5
0	0
0	0
2	5
0	2
0	2
10	5
0	0
0	0
0	3
0	2
0	0
0	89
0	46
0	82
0	89
0	0
1	1
1	6
0	6
1	38
0	37
0	39
14	0
0	24
0	20
0	0
1	4
0	0
22	15
7	15
13	68
1	65
10	68
17	13
37	68
0	68
0	11
0	11
0	0
1	0
0	0
0	0
0	0
239	45
2	46
7	28
12	19
160	13
0	2
4	74
17	7
0	69
5	19
0	1
1	1
0	1
0	1
20	8
0	8
0	8
0	8
0	8
0	0
0	1
0	0
0	4
0	4
1	0
0	21
0	21
0	21
0	0
0	15
0	15
42	8
10	58
0	35
3	1
0	0
0	0
0	0
2	18
0	18
10	65
0	39
0	26
0	7
11	116
0	1
0	53
23	53
0	2
0	1
0	1
10	0
0	0
0	0
1	52
8	70
0	20
0	0
0	9
0	9
0	0
15	21
1	117
0	135
10	130
0	152
0	0
71	28
13	28
0	10
0	0
0	0
0	0
0	0
0	0
0	0
0	0
0	0
0	0
0	14
87	23
0	2
0	3
0	20
0	3
3	1
0	0
1	0
0	2
0	3
3	15
16	8
0	0
0	65
0	51
0	8
15	8
2	24
0	8
0	7
0	2
0	6
0	11
8	15
0	1
0	1
0	0
19	40
0	13
0	40
2	0
0	13
0	0
0	13
0	19
0	7
0	1
10	7
0	7
0	1
24	1
0	0
0	0
0	36
6	36
0	25
16	156
0	156
5	8
0	8
1	0
1	0
0	0
28	1
0	6
0	6
2	1
0	0
11	0
0	1
0	0
0	1
0	0
0	0
0	0
0	39
0	1
21	40
4	0
20	0
103	19
0	8
0	8
0	0
0	11
80	8
0	8
13	0
9	8
0	3
2	3
0	1
32	0
0	0
2	0
6	0
7	0
0	29
0	1
1	0
0	0
14	52
27	69
0	37
15	169
0	25
0	1
2	0
0	7
0	7
0	5
0	0
0	1
0	0
1	7
0	0
2	1
0	0
0	0
30	1
36	1
0	1
0	0
0	4
0	4
20	1
37	1
0	8
0	8
0	6
257	103
1	27
15	17
0	20
5	3
0	0
36	27
0	70
0	70
39	42
0	5
29	37
199	22
15	14
0	97
88	41
0	41
0	1
0	1
0	1
0	1
0	1
0	1
0	1
2	0
0	0
0	0
0	0
0	0
22	7
0	6
0	6
0	0
0	5
70	5
14	6
0	5
29	51
0	51
1	0
1731	0
17	0
0	13
0	13
12	12
0	7
0	12
39	12
0	12
0	8
0	5
0	1
0	1
0	1
0	0
0	1
0	0
1	10
7	7
18	5
0	5
0	5
0	1
195	0
0	0
10	1
0	1
0	1
0	1
0	0
0	0
0	0
84	228
3	249
23	1
1	0
0	0
7	6
15	10
116	22
0	21
0	1
0	1
0	103
0	83
0	48
0	113
0	31
0	31
0	37
0	25
0	25
0	31
18	20
5	1
0	11
31	25
0	0
0	15
0	15
25	17
78	28
0	15
18	17
0	17
0	6
3	0
0	0
0	186
0	185
0	103
0	0
0	0
44	0
0	20
0	13
0	13
0	3
0	3
0	2
0	0
3	0
0	0
0	21
1	0
9	8
8	8
2	8
0	8
0	8
0	113
8	108
12	34
0	0
0	28
0	0
0	85
8	36
0	1
0	1
139	203
1	204
1	120
0	5
70	23
0	21
3	0
0	2
226	0
7	20
0	19
1	1
5	15
0	1
4	0
1	0
1	0
0	0
2	0
377	0
5	0
0	0
7	0
11	0
0	29
0	29
0	22
0	0
0	17
0	3
3	0
3	2
1	2
116	0
0	0
99	70
4	70
0	0
0	0
9	3
0	3
0	3
0	0
0	0
0	0
2	57
33	57
0	0
83	0
0	13
5	61
0	37
6	52
0	41
0	8
0	12
7	0
3	0
0	0
8	0
4	20
0	16
1	20
0	20
5	21
73	1
0	0
0	20
0	0
0	0
0	0
0	0
0	0
3	1
0	1
0	1
0	0
0	1
0	0
0	2
0	10
0	10
0	3
0	2
0	2
0	2
0	2
0	2
0	2
0	2
0	2
0	2
0	1
2	1
0	0
90	202
0	155
0	172
0	202
0	269
0	118
0	95
0	63
0	203
0	0
0	1
1	6
0	6
0	5
3	0
66	3
0	0
0	0
4	3
0	1
0	0
1	18
71	19
5	1
0	20
0	13
4	1
0	13
0	1
4	0
1	0
0	0
2	29
0	3
31	0
34	17
0	17
0	0
0	0
0	0
0	0
0	0
23	0
0	5
0	3
0	1
0	1
0	1
0	1
0	1
0	1
0	0
0	0
0	0
0	0
0	0
0	0
0	0
0	0
1	0
2	0
0	0
0	0
9	47
3	0
0	3
0	0
1	3
0	1
0	3
8	2
0	9
0	4
0	4
0	23
0	36
27	23
0	36
0	0
0	0
6	5
6	0
0	0
58	1
3	1
0	0
0	0
0	35
1	38
0	21
127	21
8	1
9	12
0	9
0	14
0	4
0	12
0	9
0	4
7	14
0	6
0	3
0	3
7	11
0	6
29	196
0	2
0	2
0	18
83	0
28	0
50	53
5	48
0	52
0	0
0	0
0	0
6	0
14	0
0	0
0	0
0	0
7	0
0	0
5	9
0	9
7	0
8	4
0	4
0	0
0	0
1	0
0	0
2	0
0	0
0	0
0	0
1	2
10	2
0	2
15	5
0	5
0	1
0	1
13	8
0	0
0	14
4	9
1	9
0	14
0	0
0	0
0	42
3	42
0	8
0	0
0	0
10	0
86	3
0	0
0	0
0	0
28	0
0	0
0	0
412	0
0	22
0	0
0	0
0	0
0	22
0	5
0	5
0	6
0	6
0	0
0	22
0	0
0	5
12	0
0	8
0	47
43	48
0	40
0	3
0	3
0	3
0	2
0	0
0	0
0	0
1	9
2	13
0	0
0	0
0	0
2	5
0	0
1	3
0	49
0	49
0	41
0	41
0	41
0	0
0	21
1	10
0	25
0	14
0	14
0	2
0	2
0	8
0	7
12	1
0	1
3	8
0	0
23	15
0	6
0	8
50	11
0	11
3	1
0	10
0	10
27	27
6	28
0	13
38	13
3	1
0	2
0	28
1	27
0	1
0	49
0	49
0	19
20	46
0	52
0	35
0	47
0	0
0	12
0	12
12	96
0	5
0	0
1	71
0	68
0	13
0	28
0	78
10	40
13	3
0	3
6	0
0	0
0	0
0	1
15	4
3	1
46	4
1	0
0	0
1	0
0	0
3	0
0	0
0	0
62	42
0	19
0	45
35	394
0	394
0	201
42	201
0	5
20	15
10	2
0	6
0	6
0	0
0	0
0	6
0	90
0	0
0	0
0	17
0	3
0	12
0	0
0	0
0	0
0	23
15	87
0	0
0	12
0	11
0	12
0	15
0	15
7	1
0	6
0	0
3	0
0	0
0	6
3	5
0	0
0	1
0	2
0	16
11	4
203	18
0	2
1	33
2	8
10	211
5	1
0	0
21	257
0	0
32	48
19	0
72	0
0	0
0	3
0	3
0	3
0	3
3	4
0	0
293	102
16	101
2	81
30	31
1	0
1	0
0	0
2	16
13	19
0	0
0	0
0	7
0	0
0	5
151	19
0	2
0	2
0	11
0	11
0	11
0	2
0	11
158	0
0	0
0	0
0	0
0	0
0	0
0	12
2	8
0	22
0	8
0	8
142	29
0	77
0	77
0	77
0	7
0	1
0	1
0	1
0	1
0	1
0	1
0	1
0	1
0	1
0	1
0	1
0	1
0	0
0	20
0	1
0	18
1	29
2	28
0	88
0	88
68	27
0	27
0	27
4	0
0	0
12	18
1	1
4	0
3	0
2	17
5	1
0	1
0	31
3	31
2	0
11	0
0	16
0	0
0	1
34	0
1	0
0	51
0	18
0	51
1	12
1	7
0	7
0	7
0	0
0	5
0	3
0	3
0	3
0	0
2	4
0	6
0	0
0	0
0	0
0	0
0	0
0	0
1	0
0	17
0	12
0	0
1	0
0	7
121	30
0	0
0	0
0	18
0	12
47	36
115	104
4	73
0	0
2	0
8	7
0	8
0	0
0	7
0	3
0	0
0	3
0	3
0	7
0	7
0	0
0	0
0	7
2	2
0	0
0	0
0	0
0	2
0	7
0	7
1	0
0	0
6	0
0	1
6	11
0	0
1	2
50	44
0	0
16	34
212	12
0	11
19	458
20	21
0	6
0	0
0	0
0	21
0	0
0	0
15	276
46	2
0	2
0	0
0	0
0	0
0	29
1	14
0	18
0	0
0	0
0	2
0	17
0	6
0	15
0	4
0	4
0	0
0	2
0	0
0	0
0	0
0	0
0	0
4	0
10	19
0	3
0	12
5	12
294	119
1	0
22	0
0	7
0	0
0	0
0	7
0	0
0	0
0	0
0	207
1	207
3	65
0	0
48	8
0	8
0	0
0	0
4	0
2	0
70	45
7	0
0	1
0	0
0	0
0	0
0	2
0	2
0	1
0	1
0	0
0	0
0	101
23	0
0	90
0	102
0	101
0	0
0	0
0	0
0	0
0	0
0	8
0	8
0	2
0	0
0	0
0	8
0	0
40	40
9	15
1	13
1	13
1	12
0	12
0	12
0	1
0	4
9	0
0	0
0	1
0	1
10	0
0	1
0	1
0	1
0	1
0	1
128	0
35	0
0	0
0	0
0	12
0	0
0	0
1	4
12	4
0	0
0	0
1	0
0	7
0	7
0	0
0	1
0	2
0	1
0	2
44	1
0	0
0	0
0	1
0	0
0	0
0	0
0	0
2	9
0	0
0	0
0	0
0	0
0	9
0	4
0	32
48	23
0	3
0	3
0	30
1	28
0	6
43	28
0	2
756	18
0	10
0	13
0	4
126	43
200	38
0	43
0	25
0	3
13	19
0	19
0	19
0	19
0	13
0	6
0	6
0	6
0	6
0	6
0	6
0	1
1	1
0	0
0	0
0	3
0	123
0	123
0	0
0	0
0	0
0	0
0	0
0	0
0	9
0	27
5	27
0	3
3	1
0	0
0	10
0	11
0	6
0	40
330	56
0	57
18	0
2	2
0	2
0	0
0	0
0	11
0	22
0	37
0	0
0	0
0	0
19	44
0	55
0	12
10	11
0	0
2	26
0	13
0	0
0	0
11	1
2	0
0	0
0	0
0	0
0	0
0	2
1	3
0	2
0	0
0	0
83	5
0	5
0	0
0	0
0	0
0	0
4	0
0	0
14	0
590	56
9	0
33	249
0	249
0	239
0	1
0	1
0	155
0	155
0	1
0	148
0	17
0	19
8	0
8	56
1	56
0	48
8	0
7	48
0	0
8	1
0	0
1	0
0	0
0	73
0	72
0	25
0	9
0	0
3	0
0	8
8	0
0	2
1	0
0	0
516	10
0	0
0	0
0	0
0	0
0	0
1	0
0	0
0	1
0	0
0	3
23	97
0	3
0	78
36	97
4	56
0	0
14	0
0	19
0	0
11	6
49	7
0	7
0	0
0	0
23	5
158	72
17	72
31	37
0	28
3	37
0	28
0	28
3	4
4	24
20	8
0	28
0	28
116	353
216	21
0	1
0	5
0	25
0	0
0	0
0	0
0	5
7	13
0	9
0	8
7	8
12	405
42	11
0	0
0	11
109	158
17	175
0	7
4	1
0	0
1	1
0	0
0	6
19	6
0	6
31	3
0	0
0	2
0	0
0	1
0	1
0	0
4	0
29	4
0	2
0	0
0	6
21	6
0	4
0	0
0	4
0	6
0	6
0	6
0	6
0	4
0	4
0	0
46	0
0	0
0	1
8	7
0	1
6	2
0	1
0	1
0	0
0	1
0	0
0	0
0	0
0	0
0	1
0	0
0	0
0	1
0	0
0	0
11	27
0	26
0	6
0	1
4	0
1	1
0	1
0	0
0	18
0	9
0	3
0	6
1	1
6	6
0	0
0	0
4	3
2	3
1	5
0	3
0	0
0	18
1	0
5	0
0	0
0	0
0	10
8	0
0	0
0	0
0	0
0	0
0	0
2	0
2	0
0	28
0	28
0	0
0	0
0	0
0	2
2	28
0	12
0	12
0	0
0	0
1	1
0	1
1	0
48	64
0	63
6	20
0	18
0	12
9	6
0	4
1	10
0	10
435	0
143	0
10	2
0	2
3	3
0	51
48	51
0	5
0	0
16	11
0	0
1	0
0	0
3	2
0	1
0	1
0	2
0	0
12	51
3	41
3	8
2	38
2	41
0	48
0	0
0	37
0	9
0	0
0	0
7	64
241	127
1	0
0	0
0	0
0	127
0	78
1	0
0	70
13	70
0	4
0	1
0	0
0	0
1	0
11	20
0	17
0	18
24	1
0	1
0	0
0	9
0	0
0	15
0	0
1	2
0	2
36	9
18	1
0	8
127	13
0	10
1	2
0	1
0	1
0	1
0	1
0	7
22	1
3	13
0	7
5	0
0	3
11	2
0	2
3	1
42	0
160	6
1	29
15	29
2	6
0	0
2	32
0	7
0	0
0	4
44	4
0	1
0	1
0	1
0	0
0	1
0	1
0	1
0	1
7	2
0	0
0	0
1	29
0	5
0	0
6	0
5	17
0	6
0	5
56	19
0	16
2	7
0	0
0	3
0	0
11	42
0	38
8	16
36	13
10	7
0	13
31	6
0	1
57	72
22	77
0	0
0	5
0	0
1	12
2	0
0	0
0	0
0	0
0	0
45	97
4	26
5	97
0	1
0	1
5	1
0	0
0	4
0	1
1	0
0	388
0	390
16	320
0	92
0	275
0	6
0	56
6	48
11	47
0	0
7	7
17	113
0	101
0	0
0	0
0	106
0	0
1409	45
0	0
0	1
0	0
2	0
0	1
16	44
0	0
0	1
0	1
5	19
0	4
0	19
0	0
0	0
0	9
0	0
0	7
0	0
0	7
32	0
0	0
0	0
0	0
4	0
0	0
10	0
0	0
0	7
0	7
1	1
40	60
0	41
0	1
0	1
0	18
0	1
3	17
0	10
30	0
0	0
0	0
0	0
0	9
0	0
1	0
83	12
22	12
6	1
0	0
0	0
10	13
0	0
0	0
0	12
0	0
0	0
0	0
1	0
0	12
0	46
8	22
0	12
2	12
0	46
0	46
9	21
0	15
0	5
0	20
0	20
0	2
5	17
28	1
10	11
33	252
1	0
7	5
0	0
0	0
0	5
0	3
1	3
0	3
1	2
20	483
3	1
2	0
4	0
1	28
39	28
0	0
14	0
0	0
0	0
6	2
0	0
1	2
0	3
0	11
0	0
5	5
0	7
0	2
1	3
59	26
0	24
5	8
0	15
2	134
299	134
0	4
0	46
0	14
0	11
0	10
144	6
3	1
0	0
0	4
1	2
0	0
0	0
0	4
0	4
0	2
0	2
0	20
0	4
2	20
8	20
0	20
0	91
45	91
7	0
0	1
0	1
19	8
0	1
1	0
4	14
5	14
0	3
0	3
0	2
1	5
1	1
0	0
0	11
1	1
1	0
2	0
1	8
0	3
2	0
0	0
5	0
0	0
0	26
1	0
2	5
0	0
0	0
0	4
18	132
0	132
0	105
56	105
7	12
0	93
0	37
3	0
50	7
0	2
0	0
0	5
70	0
24	8
0	8
0	8
0	8
3	2
85	23
0	21
0	25
6	25
0	5
0	30
26	17
0	13
0	6
0	6
0	3
0	2
0	2
0	2
0	2
1	17
0	9
106	40
0	29
0	0
0	0
36	21
0	29
0	4
0	4
1	0
0	0
0	0
0	0
0	1
0	0
0	1
0	0
0	0
0	0
0	5
0	5
40	267
2	270
7	0
11	79
0	65
0	0
0	4
0	4
0	1
0	4
0	19
0	24
0	21
0	16
6	1
0	18
0	6
222	21
0	1
15	2
0	2
0	2
0	2
0	2
0	2
0	2
0	0
0	0
0	0
0	0
0	0
0	0
0	0
0	0
0	0
0	0
0	0
0	0
0	0
0	0
0	0
0	0
0	0
0	0
0	0
0	0
2	0
2	0
0	2
0	0
0	2
0	2
0	0
0	2
0	0
0	0
0	2
32	0
0	0
0	0
0	0
0	0
0	0
0	0
5	0
0	0
8	60
0	33
0	60
0	1
0	0
0	0
0	0
0	1
8	18
0	17
3	9
99	9
0	56
0	28
0	0
0	0
0	0
0	56
28	5
0	0
0	0
0	6
6	6
1	69
0	78
0	64
45	50
0	53
9	55
2	0
0	0
0	0
11	51
0	51
0	1
0	0
0	0
0	0
0	0
0	32
126	36
0	36
0	1
1	36
0	0
0	0
1	0
15	36
1	0
2	8
0	13
0	8
0	1
0	0
0	5
0	10
0	0
0	0
0	0
0	0
79	7
0	13
7	0
24	0
0	10
17	41
13	1
0	0
9	0
0	0
0	0
0	4
0	0
52	11
0	3
22	19
27	91
0	27
0	64
0	0
0	26
0	23
2	77
11	77
0	1
0	0
0	1
0	1
0	1
6	1
0	0
7	0
0	35
0	14
0	19
6	19
1	5
1	0
1	0
37	120
0	50
0	120
12	10
0	1
7	0
0	1
0	0
0	0
0	0
0	15
0	14
0	15
0	0
2	0
8	0
0	29
0	28
0	1
0	24
0	9
13	23
0	10
0	10
0	9
0	23
0	10
0	21
15	28
0	14
0	14
0	9
0	9
0	10
0	9
0	23
0	10
0	9
0	9
0	6
1	1
1	1
0	23
0	430
0	406
0	397
60	28
0	25
12	36
4	7
4	19
0	0
0	0
3	0
0	0
4	7
4	0
0	7
0	7
0	0
0	7
9	91
0	88
0	87
0	4
10	453
7	19
0	19
0	6
7	17
0	19
0	0
0	2
0	11
7	2
0	1
1	1
6	1
0	0
0	0
0	10
0	1
1	71
0	64
52	81
0	67
0	58
5	0
0	0
2	14
5	0
10	0
3	7
24	55
0	7
0	0
0	5
0	4
0	0
0	0
0	1
11	3
0	1
0	0
0	1
0	1
0	1
0	7
0	0
1	20
0	1
8	0
0	0
0	25
0	29
0	33
0	1
28	8
465	72
0	7
0	71
68	3
0	0
0	0
0	0
0	40
1	40
0	3
0	9
1	5
9	24
1	343
46	5
37	10
1	0
0	10
0	2
0	0
0	0
0	0
0	3
0	3
1	3
0	1
0	1
0	1
13	15
2	0
3	0
8	0
0	15
0	0
1	0
68	252
10	85
3	75
0	76
0	76
0	0
0	5
0	0
0	6
7	6
0	0
0	0
0	0
0	6
0	9
0	3
0	0
0	0
0	0
0	4
0	4
0	4
0	0
0	5
12	7
0	0
5	0
0	0
0	0
0	1
0	0
0	1
1	0
1	1
0	0
2	0
1	16
0	16
0	2
0	9
3	2
0	2
0	2
0	2
0	2
0	2
0	2
0	2
0	2
0	2
0	2
0	2
0	9
0	9
5	2
0	2
0	2
0	0
0	0
0	0
1	123
0	75
0	45
0	11
0	11
0	6
0	5
0	5
0	0
0	0
0	0
0	0
0	0
14	117
0	0
0	5
0	45
0	45
0	45
2	11
0	7
6	7
0	0
0	0
0	7
116	0
30	1
17	0
0	0
158	5
0	5
0	5
2	1
1	1
1	1
1	2
0	2
0	2
0	1
6	2
0	0
0	41
0	41
1	0
1	0
0	0
0	0
0	0
53	0
0	0
0	0
0	0
2	0
0	0
0	0
0	0
0	0
0	0
2	0
6	5
1	0
22	195
0	82
0	0
0	0
0	0
10	0
0	0
25	1
0	1
0	0
4	0
20	4
0	4
0	6
0	2
48	5
0	5
7	2
12	5
11	0
2	5
0	5
0	5
5	0
0	1
6	0
19	0
0	0
0	0
0	0
1	1
15	16
3	15
1	1
0	1
0	0
1	0
0	0
2	0
0	0
0	9
5	7
0	7
0	2
0	10
3	20
0	20
0	14
0	0
0	14
0	8
41	14
0	14
5	0
179	32
0	28
0	25
0	10
0	24
0	14
0	14
0	7
8	0
0	0
0	0
0	0
0	1
0	1
0	0
0	0
0	0
0	12
0	5
6	3
0	0
0	0
0	0
0	5
0	0
0	0
0	0
0	0
0	0
0	0
0	0
0	0
1	0
0	14
25	343
7	18
8	94
0	42
0	17
0	17
16	93
0	31
0	31
133	175
0	159
0	62
0	69
0	67
3	60
3	65
0	0
0	0
1	5
0	5
0	0
26	453
0	6
20	10
0	6
0	5
0	5
0	5
0	0
0	5
0	0
0	0
0	0
0	9
7	20
0	0
0	7
0	0
0	1
0	1
0	0
0	0
0	19
0	0
4	0
0	0
10	0
26	4
8	7
0	1
0	4
0	4
0	1
0	1
0	0
4	2
1	7
0	7
0	4
0	1
0	1
159	0
0	0
7	0
0	0
0	0
0	0
15	8
15	0
94	0
0	0
2	80
0	80
0	80
0	80
0	7
0	0
5	0
0	1
0	1
0	1
0	0
0	0
30	0
3	0
0	13
1	8
0	7
0	8
0	1
0	0
0	1
40	8
6	7
2	6
3	19
0	19
0	19
0	19
3	19
0	19
0	27
0	0
0	0
0	0
0	0
0	0
2	0
0	0
0	0
0	1
0	2
0	2
0	1
0	1
0	0
0	0
1	0
0	0
0	1
67	4
0	5
1	4
0	4
0	5
0	7
0	4
0	8
0	1
0	0
0	3
0	0
0	3
0	3
0	5
0	1
11	12
0	1
0	1
77	2
0	2
0	2
0	1
0	2
0	1
0	0
0	13
0	2
3	3
0	9
0	8
1	3
0	5
0	26
2	8
0	20
0	9
0	0
0	0
63	44
0	0
36	73
0	4
0	40
0	0
0	29
0	0
0	0
1	0
0	0
0	44
0	2
9	1
6	1
19	1
0	0
1	1
0	6
430	6
0	1
0	1
0	6
0	4
0	4
103	24
10	0
0	0
1	25
0	1
0	24
0	20
0	20
15	0
0	0
102	0
0	0
0	0
0	0
5	13
8	18
0	8
2	13
0	2
0	1
3	0
0	7
0	12
0	7
0	7
0	1
0	6
0	6
0	6
0	6
5	1
32	6
0	0
3	8
0	407
0	426
20	18
5	37
0	9
12	1
0	0
0	1
5	8
0	5
26	5
0	1
0	0
3	5
0	1
31	6
0	0
0	0
0	0
0	0
0	3
86	63
5	0
0	0
3	0
28	0
15	63
304	21
0	17
0	17
0	1
0	2
0	0
0	0
0	1
0	1
0	0
0	0
0	0
0	0
0	1
0	1
0	1
0	1
10	1
0	0
0	1
0	0
0	0
0	9
0	9
0	1
0	2
1	2
0	12
1	60
0	43
0	31
2	9
0	9
0	18
1	0
0	22
0	22
10	22
0	22
79	1
4	12
0	1
0	41
1	26
45	12
0	41
3	0
10	0
0	5
0	2
3	0
0	1
0	1
0	1
0	76
2	76
0	15
0	5
0	0
94	18
4	24
0	22
0	15
0	15
0	0
0	3
0	0
0	7
0	7
0	4
0	7
0	7
0	0
0	0
0	0
99	33
119	0
2	0
21	24
0	2
0	1
0	1
0	1
110	118
0	85
23	65
35	7
774	134
43	7
0	134
0	8
0	8
0	0
0	8
0	2
0	2
1	0
0	0
0	0
0	2
0	9
0	10
0	10
0	10
0	4
0	4
0	0
0	0
1	1
7	0
0	0
7	0
2	0
0	6
79	12
0	3
0	8
8	9
0	9
0	2
0	0
0	0
0	0
0	0
0	0
0	13
13	0
0	0
112	0
0	0
2	0
116	182
0	21
0	78
1	20
0	1
0	0
0	0
0	11
0	11
0	6
0	6
0	5
4	3
2	1
8	0
2	6
10	0
0	6
0	0
0	0
2	31
0	32
26	21
0	21
4	1
0	0
0	1
0	0
0	0
34	22
0	7
94	3
0	13
0	13
21	13
0	6
1	0
0	7
0	7
0	9
0	17
0	17
1	17
0	6
0	0
0	0
0	6
0	0
0	0
0	0
0	2
0	1
0	2
0	1
3	9
0	9
14	120
0	53
0	54
0	72
0	0
0	35
1	36
0	82
0	10
0	0
0	0
0	0
0	0
0	0
2	0
0	0
0	12
0	6
0	9
0	9
0	9
0	0
0	0
4	40
0	17
0	4
0	3
1	2
0	8
0	1
0	2
0	1
0	1
0	1
3	0
3	0
3	121
11	25
0	92
0	0
7	0
0	26
0	26
1	17
0	15
0	0
0	0
4	43
8	44
0	0
27	50
19	42
70	29
0	29
29	0
1	47
0	0
0	3
0	0
0	47
0	18
0	7
19	0
0	0
3	0
0	0
0	0
0	0
0	0
1	0
0	0
0	0
88	21
1	21
1	21
0	21
0	0
0	12
0	4
35	5
0	8
0	10
0	10
0	10
2	0
0	1
0	9
0	11
8	9
0	6
0	10
5	9
0	5
0	1
6	1
0	1
0	65
0	65
0	3
0	26
0	58
5	0
0	0
0	0
4	0
60	9
0	9
0	9
0	9
0	8
0	8
0	0
0	0
5	0
0	2
0	2
0	2
0	1
0	0
0	0
1	1
0	0
0	2
659	242
1	219
0	92
0	86
0	69
0	69
0	69
0	69
0	69
0	69
0	69
0	69
0	69
0	28
0	7
0	7
0	7
0	7
0	7
0	7
6	0
0	3
0	3
34	0
17	0
23	0
0	10
2	10
6	9
1	0
0	6
3	5
0	0
22	0
0	0
0	88
0	88
167	0
1	0
0	0
0	0
0	0
0	5
63	9
0	0
14	0
0	0
51	15
0	15
0	1
52	0
2	0
1	0
48	384
2	22
0	11
23	11
0	5
2	15
0	9
0	9
10	35
0	45
0	9
37	9
8	35
0	384
25	23
0	23
14	7
2	7
0	0
0	0
5	1
23	1
0	16
0	52
0	36
21	109
1	109
0	0
0	0
0	0
0	0
0	1
0	0
32	26
0	13
0	26
0	34
17	29
0	5
0	10
3	0
0	0
1	0
4	0
0	0
0	0
0	0
0	34
76	3
3	0
11	59
0	3
39	2
0	1
0	1
3	1
0	1
0	0
0	2
0	2
0	7
6	0
0	0
0	7
0	0
0	0
0	1
14	68
6	5
0	0
0	0
1	18
13	53
41	53
3	13
0	13
0	0
75	2
0	2
0	2
0	2
1	0
0	0
20	0
0	32
0	32
1	63
0	0
0	63
2	14
0	14
0	10
0	9
0	17
0	2
0	0
0	0
0	0
1	0
0	13
0	0
0	2
0	0
0	2
3	13
2	2
0	11
0	11
0	0
38	0
0	6
0	0
16	137
17	142
9	25
0	23
0	22
0	0
0	4
1	11
0	0
0	0
0	2
4	40
0	42
0	0
0	0
0	254
21	254
0	0
0	0
2	0
1	0
0	185
0	0
0	0
0	0
1	0
2	0
0	19
9	1
0	19
11	0
0	1
0	1
12	1
0	1
0	1
0	0
0	0
0	0
0	1
17	13
7	0
3	38
1	26
0	21
0	15
0	15
0	16
0	6
0	0
0	0
0	0
0	38
73	13
0	9
0	0
1	1
12	2
0	0
0	1
1	0
4	1
0	1
57	0
0	0
0	0
0	0
0	0
1	1
0	0
0	8
0	6
0	0
1	2
0	9
22	20
6	30
0	11
0	0
0	0
7	0
1	0
0	0
3	20
0	0
1	0
0	9
6	6
11	9
0	3
0	5
13	2
0	0
0	0
0	0
4	0
0	0
6	3
0	3
0	3
0	0
0	3
19	3
0	3
0	3
0	9
275	233
0	232
2	1
2	1
0	21
0	21
0	1
0	3
0	0
0	0
0	1
5	3
0	1
1	0
0	0
4	0
9	4
32	18
0	16
0	0
1	0
0	0
0	0
0	0
0	0
0	0
3	0
1	0
18	16
0	6
0	0
2	23
0	23
1	0
0	10
0	4
0	4
0	4
0	5
0	5
0	5
4	0
0	0
0	0
0	0
0	0
0	5
0	15
0	14
69	6
0	1
4	1
0	1
0	1
0	1
0	3
0	38
0	13
64	1
0	1
0	0
1	0
0	0
1	0
295	20
0	19
0	0
71	8
0	1
0	1
0	1
0	1
0	1
0	0
0	1
0	1
0	1
0	1
0	0
0	0
0	1
9	210
112	211
0	1
0	0
0	0
48	42
0	38
0	24
0	38
0	26
0	26
0	24
0	27
0	27
0	13
0	13
52	10
0	0
0	4
0	0
0	0
8	1
0	1
0	2
0	12
63	16
0	0
0	1
6	16
4	0
26	4
0	4
0	4
0	0
0	2
0	0
0	0
0	0
0	2
0	0
0	2
0	0
0	0
0	0
0	4
0	0
0	3
0	3
0	0
0	0
0	0
0	0
0	0
0	0
1	0
0	0
2	0
0	2
0	0
0	2
0	2
0	0
0	0
0	3
3	0
3	9
0	9
0	2
23	7
1	0
0	0
0	0
0	12
4	11
0	9
0	1
0	1
0	1
0	9
4	27
6	76
0	76
11	59
0	34
0	1
7	14
0	14
0	0
0	0
0	0
13	0
0	0
0	0
90	0
0	17
2	19
1	19
0	0
0	3
0	3
0	3
0	1
0	157
0	157
0	8
0	6
0	0
0	0
0	1
0	2
0	2
0	2
0	0
0	0
14	76
0	76
0	68
0	36
0	0
12	18
0	3
0	3
0	1
11	1
22	1
0	1
12	0
97	23
0	27
0	14
0	27
15	5
0	3
0	0
0	0
0	0
4	1
0	0
0	5
2	0
83	52
0	52
7	67
0	67
0	0
0	3
40	5
0	0
0	0
2	3
0	1
0	40
0	86
14	86
10	30
0	31
0	28
0	1
4	11
0	0
3	17
2	10
0	3
8	5
0	5
63	5
0	0
55	0
0	2
0	0
1	2
0	1
0	0
0	1
0	1
0	0
0	3
0	4
1	0
49	26
0	26
0	26
0	23
0	0
0	0
0	0
6	0
0	0
0	0
0	6
5	0
0	1
0	5
1	5
0	1
0	1
0	1
2	16
0	16
1	1
0	49
0	9
1	0
0	28
3	14
0	13
0	13
0	11
0	6
13	1
0	22
0	24
0	0
81	9
79	0
1	0
0	0
14	26
3	26
0	0
0	0
0	0
0	0
0	0
0	0
0	9
0	0
0	0
60	0
10	9
20	167
0	165
0	2
0	6
0	2
5	4
4	6
0	2
3	4
0	0
0	0
23	4
0	0
0	0
0	1
0	3
0	20
0	1
0	20
0	1
0	1
3	1
1	0
0	0
0	0
510	137
0	147
0	3
0	3
0	154
0	3
0	154
0	0
0	70
8	0
26	137
0	5
40	6
0	22
5	174
4	70
0	18
2	0
7	95
1	51
0	43
0	89
0	0
0	3
0	0
0	31
16	44
0	12
0	18
0	18
0	12
3	8
0	36
4	1
0	36
0	1
0	0
0	0
0	0
0	0
0	26
10	2
0	1
0	26
0	0
5	4
0	0
0	0
51	63
0	63
6	3
0	62
0	62
4	62
0	62
0	27
0	0
0	11
0	40
6	40
0	5
0	0
3	0
0	0
0	0
0	0
33	127
1	19
3	133
0	0
0	55
6	21
0	3
0	3
0	12
0	0
5	25
15	14
0	9
0	3
1	8
66	0
1	1
0	1
0	1
41	0
0	2
1	7
20	10
0	6
0	2
0	1
0	1
0	0
0	1
0	1
9	0
22	0
0	1
0	1
0	0
0	11
0	11
0	10
0	10
6	0
0	6
1	1
5	1
0	6
0	6
42	4
0	0
0	5
0	17
0	17
0	17
6	0
1	0
1	0
0	9
0	9
0	9
0	0
1	17
0	17
0	1
8	0
0	8
42	8
26	60
0	60
0	63
0	60
0	37
3	37
0	40
0	14
0	0
22	0
0	0
0	0
0	35
0	27
0	33
0	32
0	3
1	3
0	1
0	1
0	0
0	0
5	93
114	61
0	76
0	19
0	19
0	32
0	32
44	10
0	1
2	1
0	0
0	0
1	23
0	19
14	0
22	6
0	6
0	7
0	7
0	6
0	0
0	0
0	0
6	45
0	44
0	45
0	45
0	45
0	45
0	44
0	45
4	1
0	1
0	44
0	44
13	7
35	21
0	14
0	4
0	4
0	2
202	17
1	2
0	2
0	2
1	15
0	15
4	8
70	65
0	7
0	1
0	1
0	16
0	32
0	27
0	0
6	0
0	0
0	13
128	23
0	9
15	88
362	85
0	34
0	25
0	15
3	0
0	0
0	3
0	2
0	2
47	10
0	7
0	0
0	3
0	10
4	8
0	8
0	8
0	1
0	62
0	42
0	50
0	0
0	0
0	0
62	62
263	110
445	21
0	101
0	10
23	0
0	0
0	0
1	0
0	0
0	10
50	45
0	0
3	0
10	9
1	9
23	19
0	0
0	5
0	5
0	0
7	0
4	1
0	1
0	0
0	0
0	0
2	0
0	0
0	0
20	0
0	1
1	12
0	0
2	2
0	2
25	37
0	13
17	59
1	24
0	0
33	0
0	15
2	15
0	4
0	0
42	34
0	34
0	0
18	0
0	0
0	0
43	0
26	17
0	12
5	12
0	12
3	9
0	0
0	3
1	3
0	0
0	0
2	48
2	48
0	0
1	0
66	51
1	26
0	4
0	0
0	0
0	0
0	1
0	2
0	1
0	0
46	6
1	6
0	29
0	11
26	37
0	30
0	9
1	3
0	3
21	0
1	22
0	0
0	0
15	21
0	0
0	0
0	0
1	21
38	2
0	18
28	4
0	4
0	4
0	4
1	0
0	0
0	0
0	0
0	34
1	35
1	34
0	44
0	44
60	46
0	0
0	22
0	3
0	3
0	0
0	3
0	3
0	0
6	0
34	0
9	0
33	0
177	193
0	193
0	55
0	20
0	0
13	3
27	3
0	0
0	0
0	0
0	0
1	0
0	0
6	20
153	17
0	17
0	9
0	0
1	0
1	0
1	0
0	0
0	0
7	3
0	3
1	169
13	172
1	0
0	3
3	10
0	10
0	0
0	1
5	2
0	7
0	1
1	4
23	4
35	0
0	4
2	3
9	0
0	0
31	0
0	0
0	0
0	0
0	0
4	0
0	0
0	0
129	1
5	1
0	2
0	350
1	10
0	27
0	29
41	27
0	19
0	0
0	0
13	0
0	350
0	0
0	0
0	0
0	7
0	0
0	0
0	0
0	0
0	0
7	0
0	0
0	0
0	0
0	7
0	7
0	7
2	13
5	13
0	0
43	0
0	28
0	28
8	20
0	24
1	0
0	8
130	9
0	9
0	7
0	0
0	0
8	7
3	0
0	0
6	1
0	30
28	1
3	38
0	37
0	0
0	0
0	29
0	57
0	0
215	92
0	0
0	0
0	0
0	0
0	0
0	0
1	0
0	0
0	0
0	0
0	0
0	0
0	0
1	0
0	1
0	1
0	1
0	1
1	1
0	0
0	0
0	1
0	14
2	0
0	0
11	23
1	23
0	63
0	63
0	0
0	0
0	0
3	0
0	0
0	0
0	9
0	15
4	1
0	1
0	6
8	5
8	1
2	0
0	4
0	0
0	6
0	6
12	1
0	14
0	2
0	2
0	0
0	8
0	5
0	43
0	43
0	1
0	0
154	9
0	9
1	0
0	0
35	3
0	3
0	0
1	0
0	0
28	4
3	1
0	3
0	0
0	2
29	0
24	0
0	3
0	1
80	112
0	107
0	12
0	3
11	91
76	20
0	20
0	8
0	0
48	20
0	8
9	0
0	2
15	0
8	32
0	32
0	1
1	0
0	6
17	14
0	40
0	0
2	0
24	2
16	2
71	24
0	7
45	24
0	15
1	15
0	0
0	0
0	0
0	0
0	0
0	6
0	19
0	0
0	0
0	0
0	0
0	13
1	0
0	23
18	47
0	0
124	47
0	0
0	1
1	1
0	2
0	20
32	57
2	40
0	30
0	0
9	11
0	0
0	11
7	1
22	1
0	0
0	0
1	0
722	0
17	0
1	1
0	1
0	1
0	5
0	5
69	23
0	23
0	23
0	23
0	23
4	0
0	0
5	2
0	0
0	0
0	0
0	11
3	17
0	18
37	22
0	12
0	20
0	11
0	1
0	20
0	11
0	16
0	19
0	3
1	0
0	3
0	52
2	52
1	0
139	21
1	0
0	0
0	3
0	19
0	1
24	4
2	127
48	126
0	3
0	2
0	1
0	0
0	0
4	3
0	3
2	5
2	2
21	3
7	10
10	4
14	9
6	8
0	0
0	9
0	9
0	8
0	0
0	2
5	0
2	0
1	1
0	1
0	1
0	0
17	7
7	1
0	1
0	1
0	1
0	0
0	0
11	0
0	0
0	1
15	11
0	0
0	0
3	1
0	0
0	1
6	7
0	3
0	6
1	10
0	0
3	22
0	0
0	2
0	0
0	0
0	0
0	0
5	21
0	0
1	22
0	1
0	0
1	0
0	18
0	23
0	0
0	0
1	0
3	0
5	0
0	0
56	0
0	0
0	0
0	1
0	1
9	0
81	4
9	24
20	6
0	2
4	20
1	0
23	8
0	8
0	14
0	8
6	20
9	2
0	20
109	1
13	1
0	0
0	16
0	14
6	9
5	2
0	16
1	0
1	0
0	0
0	8
0	8
105	148
0	148
0	9
16	5
0	0
0	0
0	0
0	0
0	0
3	96
1	96
0	33
119	22
0	22
0	1
0	1
0	1
0	0
0	0
0	0
0	0
0	4
0	4
0	11
0	3
0	0
0	0
0	7
0	60
0	30
161	19
1	10
0	0
0	18
11	0
0	4
0	7
0	7
0	0
14	1
11	1
0	0
0	0
0	1
0	0
0	1
0	0
0	2
0	0
12	0
0	1
0	0
0	0
0	0
0	0
0	1
1	7
0	4
0	13
0	0
0	0
1	3
17	34
152	8
0	8
0	1
197	2
0	0
25	2
0	233
4	228
0	168
0	45
0	42
2	0
0	0
9	0
0	18
0	11
0	1
6	1
0	0
0	0
0	1
3	3
1	3
0	0
0	0
0	24
7	16
0	45
9	1
451	40
33	0
3	0
30	1
0	1
27	0
0	0
0	2
16	27
0	1
0	9
0	9
30	7
0	7
14	0
0	0
10	8
0	0
0	16
0	1
0	1
32	3
0	11
0	3
0	3
9	10
0	11
0	9
0	11
0	9
0	8
0	8
0	8
6	1
1	0
0	0
0	0
2	1
0	46
0	46
0	1
0	1
0	1
0	1
0	1
1	0
19	80
0	80
0	68
0	0
7	0
1	0
0	0
0	0
0	0
0	0
34	4
1	0
0	0
0	0
0	4
91	13
0	13
0	0
227	107
0	107
0	2
0	2
0	0
9	2
1	0
0	2
2	18
0	27
0	27
0	27
0	0
0	14
0	0
89	14
0	0
0	3
0	0
0	0
0	0
0	27
46	4
0	68
0	68
10	0
16	12
0	3
0	16
0	68
40	19
29	19
2	0
0	0
48	158
0	158
0	127
70	78
0	40
0	0
38	0
0	0
0	0
2	8
42	0
2	0
1	5
0	5
0	2
0	0
0	0
0	0
0	405
0	405
0	45
0	40
0	40
0	5
0	232
0	5
0	44
0	0
0	0
16	2
0	2
15	129
996	129
1	0
0	0
42	102
8	0
0	102
5	54
0	54
0	54
0	7
0	14
8	10
0	0
0	0
0	1
0	1
0	0
5	0
0	0
6	34
0	34
38	21
89	17
0	16
8	16
0	17
0	1
11	0
0	9
0	54
5	4
0	0
0	0
0	54
0	60
5	5
0	5
0	5
9	0
0	0
0	0
0	0
13	10
0	10
9	184
2	184
0	0
0	0
0	47
0	18
0	18
0	29
0	0
0	15
2	4
0	0
3	0
0	5
0	5
0	0
0	5
0	0
0	9
0	107
3	10
0	4
0	102
0	5
0	4
0	3
0	3
0	0
0	2
8	33
2	0
0	9
0	0
0	0
19	98
0	2
0	26
1	0
0	106
11	24
3	0
4	0
0	24
0	14
14	21
0	11
2	11
0	0
1	0
0	10
194	79
0	75
0	75
0	70
0	0
1	4
0	1
0	1
0	1
0	1
0	0
0	0
0	0
2	0
0	0
0	0
0	0
0	0
0	0
0	0
0	1
0	0
17	177
12	177
0	169
0	115
586	113
21	101
5	101
0	112
27	66
0	66
0	63
0	22
25	57
171	11
0	11
0	0
0	0
3	12
0	11
0	155
0	0
0	0
0	107
0	0
3	2
0	1
0	102
0	146
0	155
3	67
2	62
0	67
0	45
1	50
14	40
0	8
2	0
0	5
0	5
0	0
0	0
0	0
0	0
0	0
0	0
6	0
0	0
0	0
0	4
0	5
9	0
0	0
0	0
0	0
0	0
0	0
0	0
0	0
0	0
0	0
0	0
0	0
3	0
16	25
0	1
0	0
0	0
0	0
0	0
0	0
0	0
4	0
0	1
0	25
0	24
2	58
1	58
0	12
45	12
196	11
0	0
40	0
7	17
0	17
0	0
0	6
0	4
0	1
2	9
0	17
0	21
0	21
0	11
1	0
0	0
0	1
0	0
0	0
0	1
1	1
48	1
3	0
0	0
0	0
2	430
14	289
48	0
0	5
0	140
20	0
0	135
5	0
1	124
2	0
0	124
0	126
142	2
0	2
0	3
0	9
0	3
0	9
0	2
0	1
0	1
5	15
0	15
0	0
13	121
0	2
1	4
10	3
9	121
28	82
0	0
0	0
0	0
0	82
0	0
1	2
0	2
0	2
0	2
0	2
0	2
0	2
0	2
0	2
0	0
0	0
3	7
46	9
0	66
0	8
2	65
269	0
2	0
2	7
0	7
0	0
14	0
0	0
66	0
27	0
0	0
2	0
10	0
1	1
0	1
0	0
0	0
3	0
25	40
0	40
0	0
0	46
0	40
0	34
0	0
0	0
0	0
0	1
0	7
0	7
0	7
0	90
0	90
0	8
0	5
0	3
7	0
2	0
4	0
0	66
0	66
127	79
88	0
0	0
0	0
0	0
0	0
0	0
0	43
0	43
2	35
0	17
0	11
0	0
0	8
0	0
0	7
34	0
581	0
73	70
0	29
7	44
0	1
14	9
0	9
0	0
0	2
0	2
228	7
0	7
0	0
12	5
0	0
0	0
0	28
20	120
0	6
0	26
7	21
0	0
0	97
0	0
1	9
9	27
80	27
20	22
0	22
0	18
0	9
0	0
0	2
0	1
0	1
0	0
0	0
0	1
0	10
0	10
0	0
0	0
1	5
0	17
0	10
0	4
0	4
0	10
0	0
2	3
4	4
1	0
0	14
0	0
0	0
0	0
0	12
55	0
0	0
0	0
0	0
0	0
0	0
0	0
4	62
0	62
0	0
0	0
0	5
0	0
5	1
0	5
2	0
0	25
17	25
0	22
40	2
0	5
0	9
0	1
48	9
1	0
0	17
0	17
6	0
2	3
28	6
12	0
3	6
0	0
5	3
0	0
5	42
0	0
0	3
0	0
0	0
52	11
0	5
0	6
1	0
2	0
0	1
0	1
0	1
0	1
0	0
0	0
0	11
0	1
1	3
0	3
0	3
0	0
71	46
0	75
0	9
1	17
0	0
0	5
0	88
0	21
0	7
17	98
0	16
0	21
0	1
8	4
0	1
0	0
0	0
0	0
0	17
0	3
1	12
0	0
0	81
0	7
7	6
33	41
0	49
8	21
10	22
0	24
0	10
0	34
0	34
76	6
0	0
0	0
0	6
0	6
0	0
0	2
1	0
0	2
0	2
0	0
11	0
0	0
0	0
1	0
0	99
0	99
0	1
0	18
2	65
9	0
0	0
1	0
10	0
0	18
46	0
44	104
31	0
0	104
0	15
0	0
1	16
0	15
0	0
0	1
0	7
0	8
0	7
0	1
0	1
0	37
0	29
0	20
0	0
0	20
0	0
0	37
0	15
0	11
0	11
0	11
4	2
0	5
0	2
300	2
69	0
16	0
0	0
0	0
0	0
0	142
11	144
0	2
0	0
9	0
1	0
0	0
0	0
16	0
0	83
9	95
0	44
0	44
0	44
2	0
0	0
0	0
0	0
4	12
0	12
0	0
2	1
0	1
0	1
0	1
3	0
0	0
0	0
0	0
0	0
0	0
0	0
5	94
0	19
0	0
0	0
0	0
0	94
0	0
0	0
0	10
0	10
6	5
0	1
20	0
1	0
1	63
0	63
0	63
0	63
0	1
4	0
0	0
0	0
7	0
1	0
433	0
2	0
0	0
0	0
0	41
6	0
26	12
0	11
0	22
2	14
0	8
141	36
0	9
7	9
9	0
0	0
0	0
0	0
1	0
0	0
0	0
0	0
0	15
0	15
0	15
0	3
0	15
0	12
0	12
0	0
0	9
1	6
0	15
45	0
0	0
0	0
31	7
1	2
0	144
0	57
0	25
0	57
0	1
0	1
0	40
0	0
0	82
2	90
0	65
0	26
0	144
0	4
0	0
0	4
256	1
0	0
75	1
3	116
0	5
3	34
0	33
0	25
0	44
14	257
7	257
0	0
18	0
0	4
0	4
0	1
5	0
0	0
0	0
0	0
0	0
4	2
0	1
0	0
0	4
6	5
0	0
14	28
164	70
1	70
1	4
13	232
914	1040
0	142
0	232
0	0
0	0
12	0
92	0
23	0
0	0
34	0
0	0
5	1
0	1
0	0
0	0
0	0
0	0
0	0
0	0
0	16
0	14
0	15
0	0
0	452
188	523
0	448
0	448
0	448
0	518
3	0
168	0
0	55
0	39
0	41
0	40
0	26
0	18
0	3
5	0
0	11
0	0
89	23
0	15
81	42
0	49
0	22
4	0
0	0
0	4
0	4
0	0
0	67
10	8
0	8
0	8
0	8
9	8
0	0
1	8
0	0
14	31
0	21
7	21
8	7
0	7
0	7
8	2
0	0
0	0
0	0
0	0
0	0
15	7
0	7
0	7
2	27
0	17
8	0
6	5
0	0
0	0
6	4
0	27
0	106
0	106
14	9
4	8
33	0
0	10
0	3
36	0
0	0
0	4
0	7
0	3
0	0
0	0
7	0
0	0
0	0
0	0
0	0
0	0
0	0
0	0
0	3
0	7
0	7
0	3
7	22
0	22
11	22
0	3
49	23
86	1
19	23
0	10
5	22
0	8
0	7
93	0
0	3
13	6
0	3
0	0
0	0
1	3
8	10
0	10
0	3
0	3
0	2
0	2
10	3
0	3
0	3
0	1
67	108
0	108
0	9
3	9
0	1
10	0
0	0
0	5
74	42
0	26
0	31
22	37
2	9
0	0
13	24
21	3
2	3
0	1
156	0
10	20
0	17
0	9
0	9
0	9
0	1
3	1
0	12
0	12
0	12
0	1
0	12
2	1
0	0
0	8
0	1
0	0
0	46
0	46
0	46
0	184
0	184
0	14
0	0
0	0
0	5
0	2
9	12
0	2
0	10
0	0
0	0
15	2
147	2
0	7
2	0
0	0
1	10
0	10
0	0
0	0
0	0
15	0
260	11
132	11
1	5
0	2
0	1
0	1
0	0
16	0
7	0
1	0
5	78
0	1
0	78
0	0
0	0
0	0
0	0
1	0
0	0
2	1
0	0
7	65
0	1
1	1
0	1
0	1
0	1
0	1
0	0
0	0
2	6
0	6
11	0
0	0
0	0
0	0
0	0
41	1
2	0
31	6
0	6
0	6
0	6
2	8
0	0
0	68
0	0
28	5
66	1
0	5
0	1
0	4
0	0
4	0
1	0
0	18
15	44
0	51
0	41
0	30
0	41
0	30
0	29
0	0
4	1
39	23
0	15
1	15
12	11
4	29
0	1
6	29
0	0
0	15
0	0
2	0
1	18
0	13
0	97
0	94
0	0
0	85
0	3
0	0
233	85
0	0
0	39
0	2
0	25
0	0
0	0
1	23
0	39
2	3
2	9
0	9
6	8
0	0
0	7
0	7
0	0
0	0
1	6
0	0
3	26
547	26
6	1
25	0
28	0
1	5
0	5
0	5
0	0
0	0
0	0
0	0
1	0
0	0
0	0
151	8
0	8
0	8
3	7
2	0
1	4
4	12
0	2
0	1
3	0
0	9
0	0
0	8
0	8
0	0
3	0
0	0
0	0
0	5
0	0
0	0
0	5
13	0
0	165
0	16
0	0
5	0
1	12
0	0
2	0
0	12
0	6
0	6
0	6
60	6
0	4
0	1
0	0
0	1
0	0
0	1
0	1
1	0
15	15
0	14
0	5
0	0
0	0
139	0
1	0
0	0
1	0
0	0
0	0
0	0
0	0
0	2
0	13
1	13
46	22
0	21
9	0
0	0
0	0
0	51
0	54
0	98
0	82
4	36
0	1
21	47
0	44
0	0
0	44
0	1
1	1
2	1
0	1
0	0
5	0
0	0
0	0
0	0
0	0
0	1
0	1
0	22
1	1
0	1
0	1
0	1
2	5
1	0
21	26
0	21
0	19
0	21
0	26
0	16
0	3
0	1
0	3
0	19
0	2
22	4
0	4
0	18
0	3
0	3
0	0
171	0
16	32
0	32
0	29
0	0
0	0
10	1
0	1
0	0
2	0
12	0
16	0
0	0
0	113
0	113
0	0
1	33
0	0
0	3
0	0
0	0
0	2
2	2
0	2
0	1
82	30
2	5
0	5
1	5
4	5
0	0
25	8
17	8
0	0
1	0
0	0
0	0
0	0
0	0
0	50
0	284
0	273
175	33
1	4
0	0
0	0
0	0
0	0
19	257
0	0
0	0
0	0
0	0
0	0
0	0
0	0
29	0
0	23
332	0
1	4
48	15
0	0
14	11
2	0
0	0
0	0
0	0
0	0
0	0
0	0
3	0
0	0
0	0
0	0
0	0
7	1
0	0
5	0
0	2
0	2
27	0
60	0
11	9
6	4
0	5
2	0
0	0
0	0
0	0
1	0
0	39
29	11
2	0
0	1
18	33
0	32
0	14
0	0
0	2
0	3
0	39
0	27
0	27
0	0
0	27
0	0
0	2
17	3
0	3
8	0
0	0
0	1
0	0
4	0
0	1
0	0
0	0
0	0
0	0
0	0
0	0
1	0
39	36
0	0
0	0
2	0
0	36
0	0
0	0
0	0
0	0
0	0
0	0
0	3
0	0
16	2
37	1
5	1
1	0
5	1
0	9
0	44
0	44
0	12
0	13
0	0
0	0
2	0
2	0
0	0
20	74
1	84
0	22
0	0
25	0
0	6
0	6
1	9
0	9
0	2
0	2
0	1
0	1
0	25
0	1
0	0
0	1
0	1
0	1
0	1
0	0
2	26
4	0
0	0
0	0
3	0
77	30
48	49
0	2
0	3
5	0
43	0
0	36
0	47
3	42
0	1
0	0
0	0
0	0
0	0
0	0
4	5
0	4
0	1
0	0
23	24
0	25
66	23
0	13
38	1
0	114
4	111
0	62
0	0
0	0
0	0
0	109
32	4
14	3
0	1
0	1
0	76
0	76
0	0
0	2
0	2
0	1
0	2
0	0
0	0
0	0
2	0
25	0
0	0
0	0
0	0
0	26
24	26
0	2
0	0
2	36
60	27
1	16
20	16
5	3
3	0
0	0
16	2
1	19
0	36
0	14
2	0
0	12
1	12
29	48
0	37
2	10
0	0
2	0
0	0
0	1
0	0
0	0
0	0
0	0
0	0
0	0
0	0
0	0
0	0
0	23
0	23
0	3
0	5
0	1
0	2
0	5
0	3
6	0
0	1
0	1
0	1
0	1
0	0
0	2
32	0
22	0
1	0
0	684
1	681
1	345
0	6
111	5
0	5
0	0
0	0
0	0
0	0
0	2
0	2
7	45
6	45
0	5
0	5
0	0
0	0
0	0
0	3
88	3
0	2
4	2
0	2
0	0
0	2
0	0
1	0
0	0
0	0
0	0
0	0
0	53
21	53
39	16
12	5
53	22
32	5
4	3
0	80
0	80
8	105
0	127
5	155
0	105
0	0
0	63
0	40
0	27
0	1
4	1
0	0
0	0
1	0
12	0
2	0
0	33
0	17
1	0
1	1
0	0
6	6
0	0
1	0
2	151
0	145
0	6
69	10
0	33
1	0
0	35
0	19
0	6
0	7
0	7
15	154
0	0
0	1
0	149
12	160
0	153
0	1
20	84
12	1
7	0
0	0
0	0
0	0
1	77
0	77
0	7
0	0
1	1
0	0
0	7
0	1
0	6
0	0
0	6
0	19
0	6
0	0
0	0
0	0
1	9
0	1
60	13
0	5
2	34
25	37
0	3
0	1
59	2
0	0
0	1
9	5
0	1
0	2
0	3
2	11
0	0
0	2
11	4
0	3
1	2
0	2
4	2
7	30
0	25
0	0
0	12
0	12
0	14
0	14
0	14
0	12
6	5
0	18
2	4
5	18
5	5
78	5
466	0
14	5
0	1
0	4
53	0
0	2
0	2
0	2
0	2
0	1
0	2
0	2
0	2
0	0
0	165
0	16
20	2
0	2
10	248
0	248
0	213
4	0
2	2
0	0
31	0
2	14
0	10
2	0
0	4
0	2
0	2
0	0
0	0
0	0
0	2
0	1
0	1
154	163
0	55
0	43
0	25
2	0
0	22
0	19
8	1
0	24
0	9
0	2
0	2
0	0
0	0
24	26
11	26
0	2
0	2
0	37
0	37
0	13
0	13
0	146
0	0
266	11
0	0
0	2
36	10
0	2
1	2
1	0
0	0
30	32
0	32
6	9
0	9
8	0
0	0
1	0
0	0
0	0
52	5
1	1
0	0
0	4
0	7
7	8
2	1
1	0
0	0
1	0
5	2
0	0
23	4
0	0
0	0
0	0
0	0
6	0
0	0
0	0
0	0
0	2
0	0
0	2
14	1
0	22
3	22
0	1
0	0
0	0
4	0
0	0
0	0
0	0
0	8
160	8
0	0
11	3
1	3
0	8
0	0
57	0
0	0
1	0
2	0
0	0
1	0
795	46
0	0
13	0
0	46
69	11
0	11
0	0
0	0
2	4
5	4
0	0
0	0
0	0
0	0
0	0
0	0
0	0
0	0
0	0
0	3
0	3
0	31
0	5
0	49
48	4
0	4
0	4
0	0
1	0
0	1
0	1
0	1
0	50
0	2
0	19
0	0
18	57
0	7
0	2
5	7
0	7
0	2
0	0
4	0
171	0
17	10
0	10
0	10
1	1
0	0
0	0
0	1
11	1
0	1
0	0
0	0
1	0
64	145
5	145
33	145
22	132
48	20
0	78
63	4
0	0
0	0
0	0
19	3
0	0
14	0
37	82
0	13
0	13
5	13
0	6
0	5
0	5
0	5
20	0
11	7
18	0
14	4
108	4
19	1
26	1
13	68
10	74
46	65
0	42
0	16
0	41
37	20
0	9
7	44
0	44
0	0
0	29
0	29
0	1
0	0
0	0
0	0
0	29
90	33
0	0
0	0
0	1
0	0
0	0
0	0
25	0
8	0
0	6
0	0
0	1
6	1
126	60
22	77
0	25
37	13
1	13
0	0
0	0
2	0
0	8
0	8
3	0
16	10
0	0
1	10
0	11
0	1
0	0
4	0
0	11
0	1
0	1
56	45
0	45
0	2
0	135
0	296
1	0
3	0
0	95
0	0
42	186
190	7
0	7
0	1
0	1
213	0
0	10
2	13
0	0
0	0
8	0
0	18
0	8
0	8
0	2
0	0
0	0
0	16
6	1
0	0
6	15
76	209
0	4
1	2
0	2
0	197
0	0
0	0
0	0
0	0
0	32
0	32
0	7
0	7
0	4
1	0
0	0
0	18
0	0
0	0
10	0
0	18
4	0
1	0
4	0
0	24
22	35
0	88
0	0
96	83
3	4
0	0
33	80
0	35
0	7
6	7
4	3
0	0
10	2
0	0
0	0
0	82
1	4
0	4
0	1
0	0
18	82
25	97
0	97
0	75
15	21
0	21
0	0
0	78
0	78
0	38
23	75
71	186
0	126
0	127
0	127
1	121
0	103
74	25
0	18
0	19
9	8
0	4
0	4
27	13
0	1
37	0
0	0
0	31
0	3
0	59
0	59
0	35
4	0
20	0
55	32
0	23
5	8
0	1
0	2
11	2
0	0
0	1
0	0
1	0
0	1
0	0
0	0
0	0
39	0
0	0
0	0
3	17
0	0
0	0
0	31
173	15
1	0
0	0
42	256
0	256
14	18
0	18
0	1
11	35
0	25
1	35
0	57
0	72
4	146
79	122
0	28
0	81
0	0
0	0
0	13
9	120
0	0
3	9
0	0
65	10
0	47
18	47
60	48
1	4
0	0
0	0
104	1
0	1
45	8
0	0
7	0
0	0
0	0
0	0
41	8
2	0
0	1
4	0
1	0
0	1
10	0
1	2
1	0
0	0
26	61
0	0
0	0
0	0
0	0
3	0
55	271
123	271
4	1
0	1
0	0
0	182
0	182
0	182
0	182
0	182
0	182
0	33
0	0
0	177
0	182
0	121
0	121
0	20
0	20
0	1
2	19
2	0
7	6
0	6
4	6
0	1
0	1
0	0
0	0
0	0
1	0
108	2
1	2
0	9
0	9
0	0
0	0
0	9
0	0
0	1
0	1
0	9
119	9
0	18
11	25
5	13
0	13
16	83
0	55
0	25
0	50
95	58
1	58
76	8
0	5
0	0
8	0
9	3
0	30
0	1
0	13
0	6
0	23
0	6
0	6
0	51
0	17
0	49
1	49
0	13
0	3
0	0
0	0
0	1
0	36
0	1
1	34
0	0
0	0
0	0
0	0
1	6
0	1
0	1
0	0
0	0
0	2
0	4
0	4
0	0
0	7
0	0
0	0
0	0
0	0
0	0
0	0
0	0
0	0
0	0
2	3
0	7
23	6
0	11
2	6
0	6
0	3
0	1
0	1
0	0
0	0
36	20
5	20
0	20
0	0
0	0
7	11
0	11
0	11
2	1
0	3
0	44
1	0
0	24
11	24
0	0
0	0
1	2
0	0
0	6
0	6
0	5
2	10
16	8
0	5
0	3
0	0
0	10
7	10
41	10
0	9
1	6
0	0
55	17
0	11
4	11
0	6
0	3
0	3
0	0
11	19
0	12
0	4
0	0
0	0
0	8
19	8
0	12
43	18
0	18
0	0
4	0
1	5
0	5
297	64
0	73
75	9
0	9
0	10
5	0
0	10
0	19
36	0
0	19
0	19
0	19
0	9
0	0
0	0
0	0
0	0
0	0
0	0
0	0
10	6
0	6
4	0
0	0
0	5
1	0
0	1
0	1
0	5
0	11
15	0
56	11
0	7
0	0
1	12
0	12
0	12
0	0
0	14
0	1
0	1
0	28
0	1
2	0
0	4
0	1
0	1
0	0
1	21
97	63
0	23
32	56
0	13
6	31
0	10
19	13
86	13
0	13
0	13
0	0
0	0
9	2
57	78
55	77
0	78
0	66
0	17
0	1
1	0
2	4
0	4
0	0
27	9
0	1
0	2
0	2
0	0
0	0
0	10
0	12
7	8
1	1
0	2
0	2
1	0
0	3
0	0
23	0
0	0
0	0
0	0
0	1
0	0
0	0
0	1
0	1
0	1
395	39
1	39
0	3
0	3
0	1
0	1
148	3
0	2
0	1
0	0
2	0
0	0
462	0
0	6
0	6
36	26
0	8
0	2
3	14
0	18
0	18
0	4
0	1
0	1
0	0
5	5
0	0
0	0
10	17
0	17
10	46
0	4
0	28
0	29
18	4
0	16
0	16
0	16
9	20
0	6
14	6
0	6
0	4
0	0
0	1
0	6
0	6
0	65
33	17
1	1
0	1
15	3
0	0
22	6
0	5
0	0
1	0
0	0
0	0
11	49
1	0
0	0
0	1
0	1
90	0
59	3
6	15
3	2
0	3
12	15
0	1
76	182
106	187
0	0
7	3
19	3
0	3
0	0
0	0
0	0
0	16
14	1
1	7
0	6
0	6
0	6
0	6
5	0
0	14
0	14
0	14
3	0
43	17
0	14
0	0
0	3
0	0
11	0
0	3
0	0
0	0
0	0
1	0
2	3
0	3
0	5
0	0
0	3
1	3
0	0
0	0
0	2
0	2
0	2
4	2
4	2
0	0
0	3
69	0
6	0
0	0
0	0
0	38
0	2
5	22
2	0
0	1
0	4
0	0
0	3
1	0
0	3
0	0
1	0
0	0
0	0
0	5
0	5
0	5
0	2
11	2
0	2
0	43
0	27
0	0
0	15
1	15
23	6
2	1
0	0
0	1
223	0
0	0
0	0
8	0
19	6
44	6
0	6
5	6
0	0
0	1
0	1
0	0
26	84
0	80
0	16
0	1
0	0
0	57
0	0
0	5
0	5
0	18
0	57
0	29
0	236
2	243
0	19
0	21
24	13
0	34
0	59
0	7
0	7
16	31
1	224
0	14
0	0
15	0
0	0
0	0
0	0
0	0
4	1
0	1
45	0
29	194
0	3
0	3
0	2
0	0
0	0
6	0
0	147
191	26
0	1
8	1
0	0
0	1
0	4
0	4
0	0
0	1
0	1
2	2
0	1
0	1
0	0
0	1
0	0
0	1
0	0
0	0
0	1
0	0
0	0
7	0
0	0
0	0
0	1
0	0
1	0
1	0
0	0
0	0
0	0
0	0
0	0
5	0
33	0
0	0
0	0
0	0
2	0
0	0
63	24
0	9
1	15
0	9
3	0
39	16
0	10
0	5
0	5
4	11
0	11
78	1
18	0
1	13
0	3
0	0
1	0
1	3
0	5
0	55
0	3
0	1
0	0
0	0
0	0
66	103
32	101
1	0
0	0
0	4
0	4
0	0
2	4
0	0
0	20
0	20
3	0
0	0
0	0
2	0
0	0
9	0
0	0
4	8
0	8
8	9
5	4
2	4
0	0
1	1
31	9
0	45
0	45
4	6
1	0
0	0
0	0
2	0
0	0
43	1
21	0
52	7
6	43
0	41
0	48
0	19
0	0
2	0
14	75
0	1
0	4
0	74
2	3
0	3
0	0
17	11
0	6
0	6
0	9
0	11
6	6
0	0
0	0
0	224
19	242
0	0
0	19
0	0
139	615
0	471
0	62
6	0
221	224
0	11
43	28
0	3
3	0
29	42
118	45
69	16
0	3
0	9
0	0
0	0
0	0
0	4
36	3
4	0
11	3
0	0
0	8
0	8
0	8
0	6
0	0
0	0
0	0
0	3
0	0
0	10
0	0
0	0
0	0
0	0
0	10
5	30
86	86
4	29
0	29
0	56
0	41
0	41
1	38
0	59
4	0
1	7
0	0
20	0
0	0
3	0
0	9
0	5
0	5
0	0
0	68
4	68
0	73
10	73
16	25
0	0
0	4
4	18
0	6
0	0
4	5
0	5
0	5
0	5
0	0
0	0
0	0
0	0
39	7
12	19
0	0
14	19
0	1
0	1
84	0
3	55
15	53
0	50
0	52
0	44
0	32
0	0
1	2
5	0
19	0
0	0
1	4
0	0
0	0
0	0
2	2
0	1
0	2
22	2
0	0
178	0
0	0
0	0
1	29
0	29
0	29
10	13
78	22
4	45
0	20
0	47
0	33
0	45
0	1
0	12
0	59
0	21
0	11
1	3
1	11
0	0
0	1
0	0
0	0
0	1
0	1
0	0
17	41
0	41
37	0
0	0
0	2
5	2
0	0
0	6
0	93
0	10
3	4
49	0
0	0
0	93
0	15
0	15
1	7
0	6
21	6
0	0
0	3
0	3
0	3
0	3
0	1
0	1
0	0
0	0
0	1
0	1
0	1
0	0
0	3
0	1
1	0
11	14
0	1
0	1
0	14
0	1
0	0
0	4
0	2
0	2
0	3
0	3
0	0
0	2
0	2
0	2
0	2
0	96
0	95
0	46
31	69
0	13
1	63
0	59
5	44
0	1
12	22
0	22
2	0
0	23
0	9
0	0
0	0
5	5
9	7
6	0
0	0
1	14
112	16
0	14
5	0
0	1
0	3
18	16
0	16
0	16
5	0
5	0
0	3
4	0
0	0
2	2
0	2
0	0
0	3
0	0
0	0
0	0
3	0
0	0
0	0
0	6
4	6
0	6
0	6
0	6
0	0
0	0
0	0
0	0
0	6
0	6
210	3
0	0
19	71
0	5
0	7
0	57
0	57
0	0
0	0
0	0
0	0
11	0
0	9
0	17
0	67
124	82
0	8
0	8
0	0
0	0
0	0
0	73
1	0
0	48
0	45
0	24
5	0
1	0
10	8
0	0
0	9
25	12
18	1
98	23
0	23
1	0
122	26
18	15
22	0
0	16
0	8
131	27
3	27
0	46
7	64
0	0
1	19
0	58
0	39
0	1
0	1
2	74
42	74
9	1
0	9
51	20
0	5
0	1
0	19
3	5
0	5
0	1
0	0
0	0
0	1
28	15
0	6
4	9
6	0
0	0
73	4
0	0
0	0
0	0
0	142
0	4
0	8
0	16
10	3
149	14
0	49
0	14
0	1
0	129
0	1
0	1
12	165
0	35
0	95
0	155
7	95
0	23
0	0
0	0
0	0
0	0
0	45
76	55
0	4
0	10
1	0
0	1
0	0
0	0
0	0
2	0
0	0
0	0
0	0
0	1
0	1
0	1
25	0
0	6
4	6
0	0
0	1
0	0
0	1
0	0
0	2
0	1
0	0
0	0
0	0
254	0
0	0
0	0
0	0
0	0
0	4
0	1
0	0
0	9
51	0
0	0
0	0
0	0
0	0
0	12
0	0
0	12
0	12
10	4
0	4
2	0
0	10
0	10
1	2
5	0
0	0
0	0
11	39
0	36
8	5
149	30
0	11
0	19
0	18
0	76
98	210
0	151
0	10
0	22
0	0
120	0
0	0
0	0
61	8
30	12
14	16
0	0
44	8
36	0
0	0
0	0
6	0
0	1
0	1
0	0
0	0
0	0
0	0
0	0
4	25
0	34
12	22
0	0
0	9
0	0
1	0
0	25
0	7
0	8
0	8
29	5
0	5
0	0
0	0
0	0
1	0
0	0
0	0
0	0
0	0
2	0
0	8
0	8
0	16
5	16
0	0
1	0
0	0
11	0
0	0
0	0
477	0
0	0
48	6
26	1
0	1
0	1
2	20
0	0
12	76
0	76
0	76
0	76
0	0
0	0
6	2
0	71
0	2
6	0
25	0
0	8
1	6
0	9
0	8
0	3
0	4
0	1
0	0
0	0
0	0
0	0
0	0
0	0
26	1
16	0
0	1
0	1
0	0
0	0
0	0
56	0
2	0
0	0
0	3
14	3
6	0
8	0
12	124
0	111
0	39
0	124
0	0
8	7
0	10
13	17
12	19
1	28
0	0
0	19
0	0
0	12
29	0
0	0
1	0
0	25
0	25
0	0
0	0
9	2
0	1
13	20
71	0
0	18
80	4
0	45
0	5
0	0
0	0
0	10
0	5
0	5
0	45
0	0
0	17
0	2
0	15
13	8
0	8
0	0
0	1
22	2
8	1
0	0
0	0
0	0
0	0
66	23
0	0
0	4
3	24
5	2
0	2
0	2
0	2
0	2
7	2
0	2
0	0
0	2
0	0
0	0
0	2
0	0
0	0
0	0
0	0
0	2
17	0
0	18
8	4
0	7
0	5
19	0
7	0
0	5
0	0
0	0
0	0
0	0
0	0
0	0
0	0
1	1
0	9
0	9
0	6
0	6
0	2
0	0
41	29
4	29
57	26
0	0
3	0
436	246
0	0
0	0
0	0
2	0
0	0
25	0
8	14
0	0
0	0
0	30
0	42
0	216
0	0
0	0
6	0
0	30
5	30
0	30
3	3
4	20
57	17
0	15
0	9
41	0
0	0
87	2
0	1
18	4
0	0
0	0
0	1
0	0
0	0
0	3
2	23
9	27
0	15
2	15
1	0
0	0
0	15
32	8
1	68
0	53
0	31
1	13
0	13
0	20
0	0
15	22
6	3
0	2
0	20
0	20
3	20
0	19
0	45
0	47
0	1
0	0
0	0
0	0
0	0
0	1
0	2
0	0
1	3
0	2
1	1
16	21
0	21
0	9
0	13
0	12
0	8
10	21
8	0
0	33
0	11
0	58
0	58
0	0
0	56
0	56
12	15
0	0
0	0
10	29
31	7
0	33
0	4
0	5
0	7
0	13
0	0
1	10
0	1
0	0
4	7
0	0
0	0
0	81
0	81
0	10
0	0
0	0
0	0
0	0
0	0
0	0
1	0
0	16
0	1
0	0
205	2
269	0
0	0
10	0
0	14
1	14
0	7
0	14
15	8
0	8
2	0
0	0
0	18
3	86
0	33
10	0
2	0
0	0
1	28
1	10
4	65
6	5
0	0
0	47
4	9
46	31
0	27
38	26
0	20
75	25
152	25
0	13
0	0
0	0
12	0
0	0
0	0
0	0
1	0
2	0
5	52
0	4
4	5
0	34
0	29
0	47
0	4
0	0
0	4
0	0
1	29
84	44
4	0
1	0
8	3
10	0
2	3
0	3
0	3
23	22
0	22
0	20
0	13
0	3
0	2
65	0
0	33
0	29
0	25
0	0
0	0
0	0
31	33
0	10
0	10
0	10
0	7
0	3
0	0
0	10
0	10
2	0
0	13
1	5
2	6
0	6
0	10
0	10
0	0
0	10
0	10
0	10
0	10
0	6
0	10
0	10
0	10
0	10
0	0
0	0
0	0
0	0
0	0
0	0
0	0
0	0
0	0
0	0
0	0
0	0
0	0
0	0
1	4
0	4
0	0
0	10
0	0
18	8
23	8
0	19
0	22
0	22
4	1
0	7
0	7
0	7
3	2
0	3
0	2
5	5
0	0
12	3
11	2
4	0
0	0
0	0
0	1
5	3
1	1
143	38
67	38
2	0
0	0
8	1
0	1
0	1
0	1
0	0
0	5
16	4
0	4
1	0
0	0
0	0
10	31
0	1
0	4
0	31
8	30
0	96
0	120
0	2
63	120
10	0
1	0
0	57
23	3
30	20
4	0
0	18
0	5
281	56
0	56
0	0
0	0
8	0
2	13
6	0
0	13
7	13
3	1
0	0
0	0
9	0
1	0
0	11
3	0
0	7
6	19
0	12
18	12
1	0
0	1
0	0
0	10
64	0
35	48
0	0
0	0
0	0
0	48
0	18
0	3
152	0
0	0
0	0
1	0
1	0
0	0
0	12
17	2
0	0
4	0
6	0
0	0
0	12
15	32
9	32
0	40
0	26
0	4
0	17
7	14
53	25
11	12
0	0
0	6
12	3
0	5
0	38
0	38
0	17
0	48
0	0
1	1
0	69
0	89
0	1
0	0
0	18
0	18
0	0
0	0
0	0
4	1
1	65
1	63
117	52
13	27
7	32
1	1
0	0
3	2
1	0
0	0
3	0
0	7
1	1
0	6
30	0
0	0
4	117
4	0
0	0
6	0
0	1
0	0
0	0
1	0
0	31
11	35
0	3
1	20
0	0
0	20
0	1
0	0
0	1
0	33
0	2
0	9
0	2
0	9
0	1
0	1
0	2
0	1
0	0
0	0
0	0
5	0
16	0
0	0
0	0
0	0
0	0
0	0
0	0
0	0
23	73
9	20
2	4
0	73
3	0
2	4
2	20
102	0
0	16
1	23
0	4
0	0
0	6
0	0
0	3
0	3
0	0
1	0
0	6
1	6
0	1
0	1
191	0
1	0
0	3
1	3
0	2
1	6
0	1
0	1
4	1
0	7
0	0
0	0
0	2
72	10
19	7
1	7
1	9
2	18
7	18
43	18
0	4
0	0
0	2
0	2
0	79
3	89
0	79
5	14
0	9
0	6
0	5
0	18
4	2
4	1
1	1
0	11
0	0
0	12
2	8
0	0
0	0
0	0
0	8
0	8
0	58
0	6
0	10
0	0
0	0
0	0
0	0
0	2
0	6
0	58
0	0
0	1
0	2
0	1
0	0
2	32
1	38
0	26
0	26
18	32
0	22
3	0
0	4
2	22
7	0
0	71
32	0
0	0
1	0
0	0
0	10
0	11
0	10
0	11
0	1
0	0
0	19
37	63
0	3
0	7
1	2
80	11
0	15
0	13
12	13
0	5
0	5
10	0
7	0
0	23
1	0
0	0
11	20
0	20
0	1
0	0
0	0
0	1
0	0
38	0
0	5
0	5
0	288
1	288
0	4
0	90
0	4
14	1
0	3
0	288
29	5
0	0
0	0
0	5
0	0
0	5
0	0
0	0
0	0
0	0
0	0
0	0
8	0
0	0
2	2
0	2
0	2
0	20
4	18
87	7
9	0
0	0
90	4
0	0
3	0
35	0
0	1
0	1
0	1
5	27
0	51
0	4
0	0
0	23
7	1
4	49
17	13
3	0
0	12
0	0
0	0
0	0
0	10
0	4
5	20
3	20
0	0
0	0
0	0
0	0
0	0
0	1
0	1
2	12
6	50
0	38
0	1
1	0
108	40
0	1
0	9
0	9
0	9
0	0
0	20
4	10
0	6
44	31
0	26
0	1
0	1
0	1
0	6
1	1
28	6
0	1
0	0
0	0
0	0
0	1
12	5
0	5
86	25
0	25
62	0
0	0
0	39
0	39
0	0
3	0
0	0
0	0
0	2
0	2
0	2
0	0
0	0
0	0
2	2
0	48
0	33
0	48
0	26
0	3
0	4
0	3
0	3
46	4
0	0
0	0
0	0
0	0
0	1
0	0
3	0
0	3
0	3
25	12
2	11
17	0
0	0
0	0
1	0
9	0
0	13
63	9
0	2
16	9
33	5
1	0
5	19
0	0
0	0
0	0
0	0
1	0
0	19
22	0
2	3
0	3
0	5
2	5
49	3
0	3
0	3
0	0
0	6
0	6
2	0
46	55
30	55
0	2
0	2
0	2
0	2
0	4
0	4
0	2
1	0
3	6
0	23
0	17
0	17
4	19
2	7
0	6
0	6
0	6
0	6
0	6
0	72
0	73
0	6
0	6
1	12
0	12
0	0
0	0
0	12
12	12
9	1
0	1
0	0
0	0
0	0
0	0
0	0
0	1
0	0
0	1
0	0
0	0
0	0
2	0
0	1
18	263
4	1
0	263
0	111
7	13
12	0
1	1
0	1
16	21
37	12
6	0
4	8
161	66
0	68
1	12
0	12
50	0
0	14
0	15
3	0
4	0
0	11
0	0
0	11
0	0
1	0
0	11
0	0
45	0
4	0
0	22
0	20
0	22
0	20
0	23
1	23
0	15
0	0
16	5
0	1
0	0
0	0
0	0
0	0
0	0
2	0
0	0
3	0
3	1
2	0
0	17
5	8
5	0
4	0
0	18
0	12
0	3
0	11
0	5
0	0
0	11
0	6
0	4
0	15
0	0
0	0
0	13
0	1
0	2
0	11
0	22
31	0
59	0
27	100
0	116
82	16
0	6
0	1
0	1
0	0
0	0
0	0
0	1
0	13
0	13
0	6
56	4
0	4
26	15
0	33
0	25
0	8
0	12
0	11
0	0
0	0
15	0
6	0
0	2
21	13
0	0
4	10
13	0
158	0
12	0
0	17
0	17
10	17
0	0
0	0
2	4
0	4
0	17
28	9
0	0
0	1
1	1
0	1
1	0
0	0
0	1
0	9
0	174
0	6
0	5
0	8
0	8
1	10
17	4
28	1
0	0
6	229
0	229
0	86
0	86
0	1
0	4
0	0
0	1
0	3
0	1
10	13
0	0
0	13
5	27
0	27
0	0
16	0
0	1
0	0
215	70
0	59
0	33
70	17
0	15
0	17
0	3
124	7
7	0
0	0
0	7
0	0
0	0
0	0
0	7
0	1
4	1
0	1
0	0
0	0
0	0
0	1
0	22
7	95
7	96
0	1
89	69
0	1
0	0
0	0
0	0
4	2
0	2
0	3
0	3
1	3
0	0
0	0
1	0
0	40
0	0
0	0
0	0
1	0
0	0
0	0
0	0
1	40
14	18
74	17
0	17
0	2
0	2
0	2
0	16
0	18
0	19
0	18
0	11
3	0
0	0
0	3
0	10
0	7
0	0
0	0
0	0
0	0
2	0
0	0
0	0
0	19
0	22
0	6
5	19
0	6
0	6
0	37
0	1
0	37
0	5
0	0
0	0
0	0
0	4
0	4
2	0
0	0
0	0
0	1
2	4
0	4
2	4
0	0
0	2
0	2
12	0
0	0
0	0
7	0
0	0
0	0
0	0
0	0
8	0
0	38
0	9
40	9
4	43
0	43
0	1
0	0
0	24
3	0
13	0
8	6
0	3
0	1
0	4
0	4
0	0
0	0
2	0
59	22
0	20
0	9
0	11
0	0
7	10
27	5
64	0
9	24
0	26
71	164
0	163
21	91
0	41
0	74
4	38
0	54
7	0
0	0
0	0
0	142
0	174
0	16
0	28
0	44
0	32
4	169
0	169
0	169
0	72
0	16
0	7
7	2
0	23
0	7
0	7
0	0
7	0
114	4
19	9
0	0
17	0
0	0
27	24
1	25
0	13
0	13
0	9
6	12
0	2
0	0
0	0
0	0
0	1
3	3
7	3
0	0
0	3
0	114
25	114
0	0
8	6
7	0
0	0
25	4
0	0
7	0
0	4
0	0
2	22
7	21
0	16
0	16
0	2
0	0
0	1
0	0
1	0
1	0
1	2
0	2
0	1
91	267
0	262
0	3
0	1
0	4
0	60
0	14
0	26
1	12
0	0
0	1
6	14
23	14
2	14
0	12
0	9
0	9
4	2
19	0
687	4
0	4
0	0
0	0
0	0
10	1
0	1
0	1
0	0
0	0
0	3
0	3
17	0
0	0
0	4
0	30
0	11
24	30
32	27
0	23
0	10
0	2
0	11
5	20
0	11
0	0
0	0
0	0
0	0
0	1
22	0
0	0
1	0
0	0
0	0
0	0
0	0
0	0
0	0
0	0
0	0
0	0
0	125
0	95
0	18
0	0
0	0
0	126
9	105
0	102
0	2
0	0
0	62
0	37
4	38
27	27
0	9
4	11
0	6
0	6
0	19
0	8
0	6
0	7
0	6
0	8
0	9
0	8
0	10
0	3
9	1
0	1
0	3
0	0
0	4
0	4
0	1
12	0
0	0
0	0
0	1
0	56
0	56
8	15
0	0
61	321
0	398
0	286
0	6
6	78
0	391
8	2
0	1
29	2
0	0
0	17
0	19
0	9
0	4
0	0
0	1
0	6
0	0
0	0
0	1
0	0
8	0
1	12
7	12
1	5
23	14
3	13
3	0
1	0
0	0
7	0
0	0
0	0
0	0
0	0
0	1
0	0
0	0
0	0
0	0
0	0
16	106
0	101
0	106
0	35
0	12
3	0
0	0
0	0
0	0
0	0
15	0
0	293
0	293
0	293
0	293
0	2
0	0
0	0
0	0
0	25
0	41
0	0
52	0
203	8
2	4
1	0
0	4
0	2
0	2
0	2
0	0
0	0
0	0
54	0
3	0
6	5
2	0
13	0
169	124
0	5
0	0
0	0
0	39
0	87
1	86
0	1
0	0
3	0
0	3
0	14
0	2
40	11
0	4
4	0
0	0
0	20
0	0
2	14
0	15
0	15
0	1
10	0
6	1
0	1
1	1
10	1
0	1
64	73
125	52
0	51
0	10
4	10
0	10
0	10
0	10
39	3
0	2
1	2
0	2
0	1
3	1
2	1
4	1
0	0
0	3
0	0
6	97
10	0
0	0
1	0
0	0
528	49
0	0
13	1
0	48
1	0
37	25
0	0
2	5
7	21
0	0
0	0
39	0
2	2
0	2
10	12
8	6
0	1
0	6
0	0
5	94
0	9
111	26
18	26
0	20
0	0
0	0
0	0
79	0
0	0
8	0
0	0
0	0
0	1
0	0
0	0
0	0
0	1
1	0
0	0
0	0
0	2
0	1
0	1
0	3
0	1
0	0
0	6
0	0
0	0
0	0
0	1
12	1
1	0
0	0
0	7
16	6
1	18
0	18
13	32
0	6
0	0
24	5
0	3
0	25
3	2
0	0
12	42
0	51
0	51
25	52
139	0
0	0
1	1
1	2
0	2
5	11
0	6
0	0
0	0
10	0
44	228
9	93
0	49
0	0
0	0
0	0
0	0
0	0
0	0
0	0
0	5
32	5
0	31
0	31
0	1
0	0
0	0
1	1
0	0
1	0
0	0
0	0
0	0
0	0
7	11
38	9
7	15
0	4
0	0
0	0
1	2
0	2
0	0
0	0
2	0
0	2
0	2
0	0
36	9
4	16
0	0
0	0
0	0
0	0
0	51
4	19
24	15
5	17
309	18
0	14
0	4
0	3
0	4
0	15
83	9
9	5
33	5
21	5
3	2
0	3
0	0
0	0
0	0
0	0
1	0
0	15
0	6
0	73
0	73
0	0
0	64
0	64
0	11
0	0
4	1
0	0
0	0
0	2
0	2
0	156
1	5
0	6
1	2
0	7
0	1
0	0
0	0
1	5
0	160
0	161
135	0
353	14
0	10
5	14
0	0
60	3
0	2
8	0
3	1
0	3
0	0
0	3
44	3
17	3
0	0
0	3
0	0
0	0
47	0
0	5
0	6
2	4
20	25
0	1
5	9
0	0
2	22
0	22
15	0
15	47
0	47
24	0
0	0
0	0
0	0
0	0
0	0
2	0
28	53
0	2
0	51
6	51
0	36
4	35
0	15
0	0
14	43
23	43
0	3
0	3
0	0
6	9
0	4
64	167
0	2
0	2
0	0
0	0
2	165
0	0
0	0
0	6
0	72
7	178
0	8
11	175
0	0
5	170
0	24
10	24
15	23
13	0
7	0
0	40
18	143
0	40
5	7
0	73
0	0
0	7
0	40
0	76
0	1
0	0
0	24
0	41
0	9
13	0
15	77
0	36
0	27
0	14
1	0
44	85
0	4
0	4
0	0
0	3
171	35
0	0
2	0
0	0
0	0
0	31
0	0
10	3
0	0
0	4
0	11
0	0
158	16
165	38
28	11
0	7
0	19
0	10
0	7
0	0
0	3
0	3
0	3
0	3
0	0
73	6
9	1
52	1
0	0
2	16
0	16
0	11
3	11
33	11
0	0
0	0
0	0
87	30
0	0
0	2
0	2
0	1
0	30
1	2
0	2
0	0
0	0
0	0
1	0
0	0
0	0
0	0
0	0
2	3
0	3
4	0
0	0
0	0
8	0
0	1
0	0
0	1
0	26
0	0
0	20
0	4
59	13
0	3
2	3
20	0
0	4
0	4
0	0
0	0
0	342
0	319
0	12
0	11
24	34
0	335
0	1
5	13
5	2
0	2
0	61
0	61
9	2
0	1
6	29
0	0
77	60
0	61
0	2
0	1
0	0
0	1
0	6
1	157
0	146
0	62
0	6
0	22
0	58
0	17
0	0
0	0
0	0
0	0
0	0
0	0
25	92
3	5
0	87
0	8
25	8
0	34
0	8
5	8
0	56
0	214
0	37
14	258
9	0
0	0
0	0
0	123
0	56
7	15
0	1
0	15
0	14
0	18
0	3
0	6
2	11
0	2
10	7
8	0
0	0
0	0
0	0
0	1
0	2
0	3
0	3
0	11
0	11
104	0
0	43
0	33
0	0
3	33
0	0
5	43
0	0
0	12
0	0
0	12
0	12
23	15
1	19
0	6
0	9
7	2
81	1
2	0
5	1
1	0
13	0
2	1
0	1
0	1
0	0
1	0
6	0
0	2
17	23
0	32
0	32
0	32
0	16
4	0
19	134
0	126
0	0
0	2
7	13
0	1
0	12
0	52
4	51
0	30
0	0
0	2
5	1
0	52
2	0
0	0
0	0
4	20
0	9
2	2
0	2
216	12
0	11
0	1
416	29
0	22
0	1
2	0
0	1
0	14
0	31
0	3
1	0
25	8
4	8
0	6
1	6
0	0
0	0
0	22
0	1
1	1
6	1
0	22
3	8
0	2
0	2
375	5
2	0
2	12
0	5
0	0
3	0
0	5
0	1
0	0
0	0
0	0
0	5
0	0
0	0
0	6
0	1
0	1
1	6
0	9
0	9
0	9
0	9
0	9
0	14
0	14
0	14
0	0
0	0
116	1
0	0
3	0
0	0
5	0
0	0
0	45
10	0
0	45
0	0
0	13
0	22
0	0
0	0
0	0
4	16
33	25
59	0
2	9
0	1
0	0
6	2
0	0
0	0
0	0
0	0
0	0
0	0
3	34
0	0
78	687
21	932
0	932
0	5
0	0
1	4
108	0
0	47
1	0
0	0
0	0
0	0
0	7
1	0
3	0
0	0
2	0
0	47
3	44
85	1
0	0
0	25
0	0
1	0
0	0
0	26
0	392
0	12
0	392
0	430
20	0
2	427
0	389
0	5
0	0
0	3
0	3
0	0
0	0
0	133
1	357
0	7
0	7
0	0
1	0
3	49
0	4
0	1
0	9
0	9
0	0
0	0
2	5
0	0
0	0
0	5
0	7
0	7
0	5
0	20
0	20
0	20
0	20
0	20
0	20
0	0
0	3
0	3
10	0
10	1
129	1
0	0
0	1
0	1
0	0
5	0
206	0
0	11
0	11
0	11
5	6
0	28
0	28
1	0
0	0
0	10
0	7
0	0
0	0
0	0
0	3
0	3
4	0
2	0
0	18
0	18
0	24
0	14
0	14
0	14
0	14
1	0
1	0
7	11
0	11
0	1
1	4
0	0
0	0
0	3
0	15
0	3
1	0
0	1
0	15
9	2
2	4
1	4
0	2
0	2
4	0
0	0
0	0
0	0
4	1
59	0
0	0
0	0
0	0
1	97
0	161
0	14
0	83
0	2
0	4
6	97
30	97
17	28
2	0
0	0
4	0
6	0
2	0
10	50
0	133
27	371
0	0
22	358
31	97
0	8
0	92
0	92
0	90
185	3
0	3
0	9
82	12
0	0
0	3
25	3
188	22
1	1
156	76
0	0
0	33
0	0
0	56
0	0
0	34
0	34
0	0
0	0
0	0
1	0
2	0
1	7
0	0
0	7
0	0
1	0
0	0
0	0
6	0
0	0
0	0
190	5
54	15
0	0
0	5
0	1
14	7
0	1
3	14
0	1
42	32
1	32
29	7
199	15
0	0
0	15
0	15
0	0
7	1
11	8
0	1
0	0
1	21
0	0
1	0
0	21
0	16
0	0
4	0
0	97
9	97
1	98
129	98
0	216
0	216
0	220
0	220
0	2
0	0
1	0
0	0
0	0
0	0
0	0
0	0
7	1
7	53
3	52
1	29
0	0
0	0
0	0
0	1
0	0
0	1
0	4
0	10
0	33
1	90
0	94
0	31
8	96
0	0
0	2
0	0
0	0
537	7
0	1
0	7
0	5
0	5
0	1
17	0
3	0
0	0
0	0
0	2
0	2
0	0
8	0
1	0
32	0
78	61
5	61
0	3
0	3
0	3
0	1
0	0
1	0
0	0
0	0
15	0
0	0
0	0
0	0
0	13
47	98
4	98
0	10
0	12
0	10
0	0
2	0
0	0
0	0
0	0
0	0
0	0
7	32
208	35
4	37
0	4
6	0
0	0
1	0
0	0
0	5
0	0
0	5
2	0
0	1
0	1
15	0
0	17
163	2
26	1
0	0
9	21
0	13
0	0
0	8
82	0
0	0
0	0
5	1
10	155
398	144
0	154
0	174
0	58
0	8
0	6
9	60
2	1
0	34
18	41
0	7
0	7
72	23
3	12
0	6
0	6
0	6
0	6
0	6
0	12
0	6
0	1
0	6
0	0
0	0
0	0
6	0
0	0
3	0
0	0
4	0
2	0
0	0
3	0
1	0
0	0
0	0
0	0
6	11
0	0
33	12
0	0
0	0
0	0
0	134
0	134
0	65
13	1
0	1
0	0
2	0
0	2
0	0
0	0
0	0
2	0
32	68
0	0
0	0
0	4
0	68
13	36
0	36
0	23
0	7
0	79
72	34
0	18
0	14
0	17
0	79
1	40
3	32
2	47
0	22
0	47
0	24
0	16
0	34
0	9
3	1
0	5
0	6
4	5
97	0
0	6
0	5
57	1
26	1
0	3
0	3
0	3
0	0
0	6
0	6
0	4
0	10
0	10
0	0
11	0
1	2
0	3
0	3
0	1
0	0
0	0
0	0
0	2
0	2
0	38
7	35
0	9
2	9
0	1
34	41
0	41
0	42
0	42
4	42
0	42
0	1
0	34
2	1
0	1
4	0
0	0
0	17
0	13
0	7
0	7
0	7
0	26
0	14
0	14
0	9
0	9
0	4
0	6
0	4
1	4
0	5
0	0
0	1
0	26
0	0
0	0
0	0
0	5
0	5
0	2
0	11
10	27
0	25
0	8
34	3
0	2
2	12
0	1
0	35
0	0
0	0
0	0
0	0
15	0
0	0
2	17
2	81
0	87
0	5
249	88
0	1
0	22
0	22
4	16
4	9
3	17
0	6
0	16
0	0
0	6
0	6
0	0
0	0
0	1
79	98
0	0
19	0
0	0
62	10
0	2
0	0
0	0
0	0
0	8
1	0
0	31
0	27
2	1
0	1
0	23
0	23
11	0
0	0
0	1
0	78
0	78
0	1
50	48
0	59
0	34
0	46
0	0
4	0
0	1
0	1
0	1
0	4
0	5
0	1
0	0
18	0
0	0
0	0
0	0
0	6
0	0
0	0
0	3
0	3
0	0
0	0
0	1
0	1
0	43
0	39
0	43
0	169
0	169
261	0
0	61
0	61
11	41
0	0
1	0
0	0
0	0
0	0
0	32
0	14
55	1
6	1
0	24
0	13
0	13
0	0
0	14
0	14
0	14
2	9
22	0
7	15
6	15
0	15
0	15
0	5
4	0
0	0
0	0
0	0
0	0
0	0
0	0
3	3
0	2
0	29
0	0
10	29
2	1
0	11
0	11
0	2
0	5
1	0
1	0
0	0
0	0
0	0
0	0
0	0
933	0
35	120
0	12
307	21
0	2
0	10
54	0
6	10
0	34
0	58
0	9
0	1
0	0
0	0
5	5
70	72
0	24
0	8
0	35
96	59
7	17
0	0
5	0
0	0
0	0
0	0
0	0
1173	152
0	2
1	3
28	21
0	20
0	115
0	9
0	24
0	0
9	95
0	0
4	0
0	1
0	43
0	6
1	2
3	0
0	0
0	0
1	0
28	43
0	94
100	80
0	86
0	66
1	6
6	4
0	1
0	1
0	94
0	0
0	0
0	0
0	0
0	0
4	0
0	0
0	2
0	0
0	2
0	3
0	0
0	0
0	0
0	3
0	0
0	0
0	3
1	3
0	0
0	3
0	3
0	3
0	3
1	12
0	10
0	23
0	3
0	2
0	23
83	17
0	17
0	91
0	80
3	8
50	99
0	46
0	83
74	0
0	2
0	0
26	3
0	2
0	0
78	59
0	34
0	0
0	16
0	20
0	25
0	0
0	0
0	0
0	0
0	0
0	36
25	36
0	32
2	1
6	2
0	5
0	1
0	0
0	0
0	0
0	0
0	0
0	0
0	0
0	0
0	1
0	4
0	272
0	281
0	281
62	247
0	240
0	40
0	12
1	22
3	29
0	22
0	20
0	139
0	99
0	86
0	80
0	44
5	4
1	84
28	129
158	128
0	0
0	0
0	0
2	2
0	1
68	2
0	0
1	0
0	0
2	528
0	33
0	47
0	47
0	38
0	21
21	134
0	134
0	14
46	10
7	6
0	9
0	0
6	35
0	35
0	14
4	0
5	0
0	41
0	41
0	21
24	7
29	291
0	9
71	36
0	9
0	33
0	1
0	4
2	4
0	0
0	0
0	0
85	0
11	0
6	0
0	17
0	0
0	20
90	20
0	0
97	57
0	11
65	20
0	17
0	55
0	34
1	30
0	0
0	6
11	2
0	9
25	43
95	306
12	11
6	6
0	1
0	1
15	0
0	0
0	0
0	0
2	0
0	0
0	0
19	0
0	2
0	0
12	7
1	57
0	44
0	22
0	1
0	1
0	18
0	21
0	35
0	84
29	84
47	30
1	7
0	0
0	7
0	0
0	0
263	116
0	116
36	47
0	47
0	12
0	5
94	0
44	6
0	0
0	0
0	17
0	2
22	87
5	87
0	29
2	20
9	29
0	17
5	16
0	0
0	0
0	22
762	12
0	15
0	21
0	7
0	0
0	13
24	14
0	6
0	0
1	6
22	0
0	6
0	6
0	6
5	25
0	0
0	25
4	1
0	1
0	0
0	0
0	0
44	41
0	6
0	40
0	40
5	0
4	0
0	1
0	1
0	3
15	3
0	1
0	0
0	0
0	0
4	3
23	4
4	4
6	4
0	26
0	26
0	31
0	12
0	15
0	64
10	11
0	9
4	0
0	0
0	0
5	3
0	0
0	0
7	0
51	53
1	0
0	0
0	7
0	10
0	10
0	1
96	6
0	6
9	112
0	112
0	96
0	98
1	80
0	0
0	16
0	0
0	0
0	2
0	2
0	12
0	46
0	13
0	6
0	0
0	0
0	46
2	37
0	20
0	12
1	9
0	5
0	4
0	26
110	0
7	5
1	5
0	5
0	0
0	0
0	56
0	43
31	0
18	27
0	0
0	0
0	0
0	0
118	0
0	0
0	0
0	0
16	2
2	4
0	4
6	2
7	2
0	2
0	2
8	3
0	2
0	2
0	3
0	2
10	2
0	2
5	0
125	5
0	5
2	0
2	2
0	2
0	19
0	14
0	4
0	3
0	3
0	3
0	3
0	1
13	18
0	0
0	16
15	6
0	0
79	12
0	12
81	49
0	49
0	49
53	0
0	0
0	0
0	0
12	0
0	144
0	129
0	66
0	32
38	78
53	14
19	1
0	1
75	0
13	0
0	0
0	0
0	5
0	5
0	0
0	0
0	0
0	0
1	4
0	0
0	0
1	0
0	0
0	0
0	1
0	3
34	0
0	0
0	0
62	0
41	61
0	100
0	9
0	111
0	83
16	22
0	22
0	100
61	0
0	0
0	0
7	20
1	23
5	0
5	0
0	0
3	0
0	1
0	3
0	3
2	0
46	9
0	77
0	76
4	82
0	75
0	4
3	75
0	80
0	0
0	76
1	22
0	0
0	0
0	57
0	77
2	16
2	0
0	0
0	24
13	25
0	24
2	24
0	22
0	3
0	3
0	3
0	1
0	3
0	3
60	4
0	0
0	1
0	1
72	4
0	4
0	4
0	2
0	1
2	75
1	75
4	32
0	32
7	0
0	0
0	1
4	23
5	0
0	0
0	0
8	2
0	0
2	0
0	2
1	0
0	0
0	0
0	0
0	38
31	47
0	28
0	1
0	14
0	17
0	11
4	6
0	0
0	0
4	1
3	0
0	4
7	9
0	0
61	18
37	27
0	16
1	27
0	0
0	20
0	8
0	0
1	2
0	0
0	0
0	0
0	0
4	1
14	11
3	0
0	0
0	0
0	2
0	11
7	14
0	5
0	8
20	25
0	9
0	31
0	0
5	0
0	0
0	0
1	0
10	5
17	41
0	0
1	0
0	23
11	0
0	24
0	0
0	0
0	24
0	24
0	0
312	5
6	1
3	9
1	9
24	0
0	1
14	55
0	4
0	0
0	0
0	38
0	0
60	55
4	0
0	0
0	0
0	22
0	16
0	1
1	1
0	0
12	0
0	1
0	1
34	60
0	60
0	0
0	0
0	0
0	0
0	43
3	6
0	6
0	424
0	299
0	402
1	9
0	7
0	299
0	5
0	5
0	0
0	12
0	16
0	124
16	0
0	12
0	13
0	7
9	8
0	0
0	0
45	23
0	29
0	29
0	29
0	29
0	29
0	27
2	27
0	0
0	0
0	0
0	0
88	21
0	49
0	2
0	28
1	1
35	18
0	4
0	18
0	10
0	18
0	0
0	475
0	457
0	463
120	32
0	14
0	14
0	14
0	14
9	14
0	191
0	12
0	12
0	10
0	10
0	0
0	0
0	0
0	0
11	47
0	10
0	17
72	38
0	38
177	27
0	0
0	0
0	27
0	0
0	0
0	0
2	3
0	0
0	17
0	21
0	21
2	8
87	7
0	5
13	34
0	14
0	16
0	1
23	0
0	15
1	17
0	17
116	9
0	15
2	3
19	0
9	0
2	24
0	24
122	21
0	4
0	0
0	4
7	4
0	1
0	4
0	4
0	4
0	4
0	3
0	0
0	0
0	5
0	0
3	0
0	5
15	2
0	0
0	0
0	2
61	4
9	1
0	3
17	7
0	7
0	0
1	0
0	0
0	0
11	6
3	5
19	2
73	6
0	0
195	15
0	6
0	9
18	29
0	29
16	22
0	6
0	6
0	2
0	0
0	0
0	0
0	0
0	0
1	2
0	6
0	3
1	3
44	84
5	84
0	84
0	74
0	53
158	45
4	16
0	0
10	0
0	0
0	0
0	0
0	0
0	0
0	0
15	18
0	0
20	18
0	8
0	44
0	8
267	0
1	25
0	8
0	10
19	25
6	16
1	10
0	5
1	9
8	10
0	0
0	1
0	35
1	35
0	4
0	4
0	1
8	1
0	3
0	3
48	0
1084	0
0	1
0	1
35	1
6	0
4	65
0	0
3	0
0	0
0	0
0	0
0	0
13	0
18	10
0	156
0	9
0	0
0	5
38	44
132	80
0	104
0	8
0	23
1	0
52	146
1	0
0	146
0	9
7	12
0	7
0	4
0	0
0	0
0	2
0	0
0	0
0	1
0	1
0	1
0	0
1	16
1	14
0	12
0	0
0	0
1	0
0	0
4	0
0	0
3	0
1	0
0	0
0	1
0	0
90	2
0	2
0	1
39	10
29	10
13	12
0	12
0	0
50	1178
266	1273
0	141
0	2
3	2
0	1
0	0
0	0
1	0
1	0
0	0
0	0
2	117
0	83
0	117
0	15
0	1
0	1
0	3
2	4
0	1
0	3
0	4
0	3
0	1
0	0
21	0
2	0
7	20
0	22
0	0
0	0
0	0
0	4
0	0
0	2
0	1
0	0
1	2
0	2
0	12
27	16
0	0
0	1
0	1
0	16
0	15
45	16
0	1
0	0
0	0
0	0
28	0
20	37
0	3
0	29
0	14
0	97
19	97
2	0
0	6
0	35
0	14
0	1
0	27
0	1
0	4
2	2
1	2
0	0
0	2
11	3
0	0
2	24
2	0
74	0
5	0
0	0
6	0
8	0
0	0
0	0
38	6
7	45
0	5
0	4
1	3
1	3
3	34
1	33
0	574
0	574
5	10
232	22
0	7
4	5
0	0
19	0
0	0
5	22
7	18
0	6
0	14
0	6
35	0
44	4
0	3
10	0
0	22
0	16
0	1
0	0
0	0
0	0
0	0
5	0
1	1
0	1
0	0
0	0
15	423
0	3
0	3
0	0
0	0
0	0
0	0
0	8
0	8
0	3
0	0
0	0
0	3
0	0
0	2
0	3
0	0
1	6
0	0
0	6
16	217
40	5
0	0
0	0
0	1
18	1
0	0
2	4
0	1
2	0
0	1
0	0
0	0
0	0
0	0
0	1
0	1
0	0
0	0
0	1
0	0
356	0
6	19
16	21
0	21
15	51
0	54
18	46
0	45
70	0
0	0
0	18
0	0
0	0
0	0
4	0
0	0
0	0
0	0
0	0
0	0
0	0
151	80
7	16
4	0
4	13
162	0
1	0
0	14
0	45
0	4
0	5
0	0
5	4
5	0
14	64
65	75
13	35
0	0
0	0
176	0
0	1
0	31
0	2
0	0
0	0
16	18
86	72
0	66
28	55
0	49
0	57
0	96
0	18
19	15
1	22
0	22
1	11
0	7
0	7
0	7
1	0
0	0
6	0
0	1
3	2
1	0
0	0
0	0
0	0
0	0
0	0
0	0
0	0
0	0
0	22
1	7
9	7
0	7
7	12
0	12
0	7
0	0
0	0
0	0
0	0
1	78
0	72
0	0
4	88
1	45
0	33
19	0
0	0
24	11
0	11
0	11
0	0
10	0
16	0
1	0
2	22
2	22
0	0
23	10
0	10
0	0
1	0
0	1
0	198
6	219
0	35
0	0
1	0
1	0
0	198
0	3
26	3
0	2
0	1
0	1
0	1
0	0
0	317
0	113
0	11
0	22
0	22
0	34
0	21
5	20
0	21
0	33
0	33
0	21
29	42
156	18
0	1
0	0
0	0
0	0
0	1
5	0
0	1
0	12
10	0
3	0
0	0
17	0
9	14
0	317
0	317
0	317
0	0
0	0
0	0
0	0
1	0
0	0
0	0
0	0
1	1
0	1
0	0
5	0
0	0
4	1
0	0
0	1
0	0
0	0
0	0
1	0
2	0
0	0
0	0
0	3
0	3
19	13
0	8
0	7
0	6
4	4
0	5
0	0
0	0
0	0
0	0
0	1
0	1
0	1
0	1
0	1
0	0
25	0
0	0
2	0
0	0
0	0
0	1
0	1
0	1
0	1
0	0
0	0
0	1
0	1
0	0
0	0
718	0
0	0
23	15
1	15
27	40
0	40
0	0
0	1
2	0
0	0
0	0
48	2
16	2
0	2
30	10
1	2
1	0
13	1
3	15
0	1
5	11
0	14
0	0
9	0
5	0
0	11
0	17
129	17
0	21
0	21
0	21
1	10
0	1
14	0
39	0
0	10
23	73
28	73
47	0
14	0
0	0
1	0
0	2
3	16
0	16
0	1
0	11
0	0
0	4
19	15
0	15
0	0
0	0
0	0
0	1
0	0
0	1
0	0
258	12
1	12
0	0
2	0
0	0
64	35
0	25
0	15
316	31
0	0
0	14
0	14
34	3
0	0
0	3
0	3
0	3
2	74
0	7
0	10
0	58
3	58
0	10
0	0
8	0
0	0
0	1
0	1
2	6
0	0
0	0
0	0
0	0
0	1
6	0
8	1
0	249
10	249
8	137
0	137
0	15
0	16
0	16
186	16
0	4
0	4
0	4
0	4
0	4
0	0
0	0
0	0
0	0
2	1
0	13
0	8
0	0
0	0
0	13
8	0
8	129
0	71
0	42
0	0
9	1
13	0
0	1
0	0
0	0
1	3
0	1
0	2
3	3
0	1
0	0
0	1
0	2
0	0
0	0
320	1
0	1
0	34
4	39
0	34
0	34
1	11
0	21
0	16
4	23
1	0
0	4
0	4
0	0
0	0
0	0
17	0
0	0
0	0
2	29
9	8
0	2
0	407
1	1
2	0
0	6
0	6
0	0
3	13
2	0
0	13
9	0
21	0
0	0
0	0
7	28
0	0
0	0
0	28
0	0
0	0
0	10
0	10
0	15
0	21
0	2
18	2
0	8
101	11
0	0
4	22
0	0
18	2
0	2
0	2
0	0
0	0
221	411
2	9
0	8
0	5
0	2
0	9
7	12
0	2
0	2
2	3
0	3
1	3
0	3
0	3
0	3
0	1
0	89
0	89
0	89
0	89
0	87
0	13
0	5
0	0
0	0
0	0
0	16
1	18
0	35
0	4
0	1
0	1
0	0
0	1
0	1
0	0
17	1
0	0
0	0
0	0
9	0
0	0
0	0
0	0
0	0
0	0
0	0
6	0
0	0
0	0
0	0
163	9
0	3
6	2
0	0
0	0
1	0
0	0
0	0
3	0
1	0
0	0
1	0
5	0
0	0
1	0
0	1
0	1
0	1
1	0
9	0
0	0
18	0
0	34
4	34
0	28
0	0
0	0
10	2
0	1
0	0
0	1
0	1
0	0
0	13
0	2
0	1
0	1
0	0
0	1
14	1
3	4
0	0
15	10
0	10
0	8
0	0
3	8
0	0
62	0
15	255
1	0
0	0
0	66
2	90
5	67
0	90
0	1
0	1
0	5
0	1
0	1
0	5
0	5
1	6
27	0
1	3
0	21
12	21
14	10
0	3
0	0
0	0
11	2
1	0
148	17
0	17
0	17
20	24
0	10
0	16
1	2
0	16
5	18
5	0
0	2
1	9
4	1
0	0
0	0
0	1
0	1
0	20
0	16
0	1
0	6
0	6
0	1
0	4
38	0
7	0
0	4
0	5
0	5
0	0
0	0
0	0
0	0
0	5
0	0
0	0
0	0
0	0
0	4
0	1
0	1
1	0
6	5
0	5
28	0
10	0
52	12
0	0
3	2
0	8
0	8
0	8
65	2
0	2
0	1
0	6
0	6
0	35
0	18
4	27
3	11
10	6
5	0
0	0
0	11
0	0
0	0
0	0
4	16
0	16
0	4
0	13
0	1
1	1
0	1
0	9
37	13
0	1
0	12
0	0
0	0
13	71
2	72
0	0
0	1
2	0
0	8
49	8
0	0
0	0
11	20
0	8
0	2
12	13
5	5
0	12
0	11
13	11
9	20
0	245
0	15
0	196
0	2
11	2
0	2
0	2
0	0
0	1
0	1
0	1
0	1
715	231
0	230
0	220
0	187
0	152
0	152
0	153
0	0
0	0
0	0
1	0
0	1
23	1
0	1
0	0
0	0
0	0
0	1
0	0
0	1
11	41
5	26
0	20
2	0
0	1
0	20
9	8
4	5
0	2
0	1
3	0
29	0
0	0
1	0
0	0
0	8
0	0
0	8
6	14
0	38
0	32
0	32
3	36
20	49
5	32
0	52
0	32
0	21
0	21
0	3
0	0
0	0
84	47
0	0
0	0
8	1
46	25
2	22
0	2
0	6
0	6
34	3
0	1
1	3
0	3
11	87
4	232
0	0
0	7
44	0
0	0
0	0
0	0
24	0
2	10
0	8
0	6
0	7
40	3
0	0
0	1
2	8
39	7
0	0
0	0
17	0
0	4
5	12
0	12
0	2
0	9
55	47
0	0
0	0
14	1
37	12
0	4
45	1
0	0
0	0
0	0
0	0
0	0
0	10
0	10
225	27
0	21
11	2
35	2
12	1
1	1
205	353
0	4
0	267
0	115
7	14
0	5
8	28
0	1
0	32
0	0
11	0
0	6
0	54
0	38
0	38
43	23
0	0
0	0
47	80
0	73
0	75
0	63
0	0
0	0
0	63
0	0
0	0
0	0
30	0
8	0
10	11
0	16
0	11
4	11
0	11
0	0
19	239
0	24
0	2
0	5
29	84
0	25
1	4
10	25
0	0
3	0
1	0
0	0
0	0
0	0
1	0
38	30
0	22
10	30
0	3
138	54
0	51
0	16
0	19
6	3
1	3
0	3
38	3
0	0
14	0
0	3
230	10
0	10
0	0
2	1
0	1
0	1
1	1
0	1
0	0
0	1
0	1
27	0
0	0
0	0
1	0
3	2
1	4
0	0
0	0
0	3
0	2
0	0
0	0
54	25
13	21
0	4
0	16
5	16
0	0
0	11
0	0
0	11
3	0
0	0
0	0
1	0
0	1
0	1
2	0
8	11
0	6
0	3
0	0
0	0
0	9
0	13
0	13
0	1
11	21
0	1
13	0
7	20
14	27
0	27
0	18
0	0
0	0
26	0
0	14
0	5
0	5
0	18
4	18
0	0
14	0
0	0
0	0
0	0
2	0
1	0
0	0
17	183
0	89
11	52
1	157
0	85
0	9
107	5
0	20
8	152
30	126
3	3
143	5
0	3
17	26
2	59
0	59
0	17
1	0
0	2
0	0
0	0
0	17
0	9
1	9
0	4
0	0
0	0
0	0
1	0
90	0
0	0
0	0
0	0
3	1
0	19
0	19
0	0
0	0
1	7
0	7
0	0
0	0
0	0
1	0
0	4
0	0
13	8
20	19
0	20
0	15
0	11
0	0
0	0
12	1
0	0
0	0
0	2
0	0
0	0
0	0
4	63
0	0
6	2
0	0
0	0
0	23
0	26
13	26
0	26
0	0
0	0
550	0
1	0
0	0
0	0
5	2
0	3
2	0
0	0
1	0
0	2
0	1
0	1
1	1
0	1
0	1
0	1
0	1
0	1
0	5
0	1
0	1
17	5
5	5
0	0
5	5
0	0
0	0
0	0
0	0
67	25
0	9
0	0
0	0
0	0
0	0
0	0
34	0
0	66
0	65
0	0
0	2
0	5
0	5
0	2
0	0
0	2
0	2
0	3
0	3
0	2
0	3
0	2
0	0
0	1
0	0
0	0
0	0
0	0
0	0
0	0
0	0
1	0
0	1
0	1
0	1
0	0
0	1
0	1
0	1
0	0
0	1
2	0
1	0
0	1
0	2
0	1
0	1
0	1
0	2
135	9
0	7
35	8
0	8
1	3
5	0
0	3
0	0
0	0
0	3
2	3
0	0
0	0
0	1
0	1
0	1
1	1
0	1
0	1
0	1
0	1
0	1
0	1
0	1
0	1
0	0
6	0
0	16
0	16
0	16
0	0
0	0
0	0
0	0
0	4
1	0
0	18
0	12
2	2
0	0
0	12
0	2
4	4
0	4
24	60
1	1
0	1
0	1
1	55
0	53
0	57
1	57
0	67
0	63
7	0
74	0
44	0
3	0
27	26
7	0
0	26
0	73
0	73
0	73
0	0
0	0
0	59
0	15
0	1
0	0
0	0
0	1
0	33
0	73
10	9
0	29
0	24
0	22
0	7
0	1
0	1
8	298
3	0
0	298
5	0
0	298
0	1
3	44
0	15
0	2
0	1
16	0
8	26
2	27
0	25
14	0
0	0
0	2
0	2
0	2
24	161
1	161
0	23
3	0
47	14
1	0
0	14
3	5
0	5
0	92
0	31
0	1
258	149
0	113
0	11
0	1
0	1
0	1
0	4
0	1
0	4
0	1
0	1
0	0
0	0
0	0
3	0
3	22
0	24
0	24
0	5
14	3
0	0
0	0
35	0
21	0
0	0
0	5
0	1
0	5
0	19
0	31
0	13
24	22
0	13
0	13
0	22
0	13
0	12
4	12
0	0
2	1
0	0
0	1
1	0
150	230
0	232
0	5
0	4
0	0
32	7
0	9
17	3
0	0
0	2
0	0
0	3
0	0
12	2
0	0
0	0
0	1
0	1
6	0
18	236
43	218
1	215
0	174
0	170
0	4
4	181
0	262
8	147
37	150
14	79
14	8
46	12
0	12
5	0
31	129
0	0
0	129
506	70
102	78
0	3
0	0
0	9
0	4
0	0
0	0
149	1
0	1
0	0
3	7
3	7
4	5
0	0
7	0
30	4
6	2
0	39
0	8
0	11
0	39
0	8
0	3
4	28
0	32
0	0
3	2
8	26
0	2
0	1
354	45
2	21
0	46
0	0
0	0
0	0
0	0
1	0
0	0
0	1
0	2
0	16
0	2
10	9
0	2
0	2
0	2
9	0
0	0
0	0
20	0
0	2
0	2
0	2
0	2
1	0
0	0
0	0
0	6
0	0
0	1
0	0
0	0
1	0
1	4
4	0
5	6
8	6
36	33
0	33
20	0
6	0
4	5
0	10
0	10
0	5
0	0
0	5
5	9
0	7
0	0
0	0
0	0
4	0
45	0
3	0
0	30
7	30
40	2
4	27
0	0
0	0
0	10
0	10
1	1
0	1
12	4
0	4
0	4
0	4
0	0
2	8
0	1
0	1
0	1
0	0
58	22
5	68
1	68
2	68
0	0
8	19
0	19
5	0
0	0
148	47
1	20
0	19
0	1
0	29
0	28
0	56
5	57
0	56
0	36
8	35
219	35
0	0
0	0
0	0
0	0
5	0
39	14
2	13
24	1
8	0
14	0
0	0
75	7
0	4
0	1
58	12
0	1
0	0
0	7
6	11
0	11
0	1
0	1
0	1
0	92
0	0
0	1
0	91
0	94
0	0
122	69
11	31
0	31
0	0
56	0
5	0
0	0
0	0
32	43
0	43
0	1
0	0
0	0
0	0
0	0
0	0
1	0
7	19
0	13
0	8
0	1
0	0
0	0
0	0
4	8
0	6
0	9
0	9
0	0
0	0
0	9
0	3
37	3
0	3
0	0
0	9
0	9
46	30
101	19
0	19
0	19
1	3
2	5
0	2
0	1
0	0
0	5
0	1
3	12
0	12
0	11
0	0
0	0
0	5
0	5
0	0
0	0
2	19
0	4
0	4
68	0
0	0
0	1
0	1
0	0
0	1
57	8
0	2
0	1
0	5
10	1
0	14
166	20
0	0
0	1
0	1
27	15
0	6
0	6
0	5
0	9
0	1
22	18
0	1
0	10
0	7
0	1
0	4
1	4
7	1
0	1
11	7
0	7
0	1
1	1
0	0
0	0
0	1
0	0
0	0
0	0
11	0
76	24
2	32
24	25
0	17
0	0
0	0
2	0
0	9
4	0
17	0
2	0
0	2
7	3
0	7
0	3
0	1
0	0
0	0
0	7
4	45
0	45
0	22
3	22
4	1
0	1
0	0
1	1
0	1
0	10
0	0
3	0
44	0
16	0
0	0
20	50
0	0
10	16
0	8
0	8
0	50
3	8
3	0
0	17
0	0
0	9
0	9
0	9
0	2
0	3
0	2
0	2
0	2
1	3
0	2
6	0
0	2
0	0
1	19
0	1
39	161
61	2
2	159
0	120
0	30
0	30
157	59
0	35
0	29
0	14
6	14
167	14
0	0
0	0
0	0
0	0
0	0
0	0
0	26
0	0
0	0
0	1
0	1
0	0
6	0
0	16
0	16
43	18
0	82
0	4
0	4
241	4
91	78
30	15
5	0
0	0
0	15
8	0
20	11
0	11
0	11
0	22
0	0
29	4
0	11
4	0
0	11
0	3
0	0
0	0
0	3
0	2
0	75
0	75
0	80
0	50
0	43
0	4
1	2
0	0
0	4
7	38
0	29
0	2
0	9
0	1
0	1
0	0
0	1
0	1
0	1
0	1
0	1
0	1
0	1
2	11
0	1
0	1
11	0
0	0
0	0
0	0
6	5
0	0
0	0
0	0
0	0
37	0
0	0
8	0
24	0
18	14
0	14
0	5
0	5
1	5
6	1
0	0
25	116
0	2
20	13
24	52
9	6
5	1
0	63
0	6
7	25
0	16
1	16
0	16
19	3
0	16
0	0
0	14
0	14
0	0
0	0
0	0
0	0
0	0
1	0
2	14
29	13
0	14
1	1
0	1
0	1
0	0
0	0
0	3
0	0
0	0
12	11
2	11
0	11
0	7
0	7
0	7
0	0
0	0
0	0
1	20
0	20
0	0
0	0
0	0
0	0
27	11
0	10
46	6
7	9
12	0
0	2
0	2
0	0
0	2
1	8
0	8
0	0
11	4
22	0
0	79
28	79
0	79
0	3
0	48
0	1
0	1
0	0
0	1
0	58
0	1
0	3
1	57
1	29
0	25
17	21
0	4
0	1
0	2
57	0
0	0
0	0
1	1
0	1
14	1
0	1
0	0
0	1
40	10
1	7
3	12
12	0
0	3
0	0
2	8
5	8
0	0
31	27
0	27
0	25
174	35
0	29
0	29
0	7
1	1
0	0
0	0
0	0
0	1
0	1
0	1
0	1
0	0
0	0
0	1
0	0
0	0
0	1
0	0
1	0
0	0
34	6
0	16
0	2
1	2
0	3
0	0
0	1
0	10
0	16
0	0
0	0
0	3
6	112
0	109
0	116
0	0
0	0
4	121
0	0
0	108
86	33
0	33
0	2
0	0
5	0
0	8
0	13
21	12
6	7
4	44
1	33
0	30
0	19
11	14
0	18
1	5
42	3
0	3
3	6
0	6
0	98
2	101
0	0
0	30
0	0
0	0
2	0
0	0
0	2
0	2
0	1
0	1
0	33
0	33
0	0
0	0
75	5
4	5
179	0
0	0
0	2
3	0
19	98
0	98
0	92
0	11
0	103
2	30
10	30
0	20
0	0
4	21
0	5
0	36
71	1
19	1
0	1
0	1
10	0
0	1
0	0
0	0
0	0
10	1
1	2
0	16
0	16
0	1
6	2
186	12
0	12
0	2
1	1
5	4
0	0
0	3
7	9
0	9
1	1
0	0
4	24
0	24
0	24
0	1
0	23
0	4
0	0
14	58
0	56
0	44
0	50
0	0
0	0
0	0
0	5
0	0
0	4
0	18
228	0
0	0
0	0
0	0
0	0
0	0
0	0
1	0
39	16
2	22
0	4
0	0
0	0
0	1
12	19
0	19
1	2
0	0
0	0
21	5
0	2
12	82
0	4
0	4
0	3
0	2
0	2
1	3
0	2
0	78
0	2
0	0
1	0
0	0
0	0
1	0
1	0
0	0
39	4
1	0
0	0
0	4
0	1
0	4
7	0
30	1
0	1
0	1
0	1
0	209
0	209
0	52
1	42
6	38
47	97
46	65
15	65
0	51
7	15
108	15
0	0
0	0
63	0
8	32
2	68
0	45
0	85
5	27
0	27
1	0
74	5
0	5
0	0
0	5
0	5
4	0
0	5
0	5
0	0
0	0
0	0
24	92
1	1
1	0
0	0
0	0
0	2
3	2
33	25
0	28
0	13
0	13
0	1
0	3
0	6
0	12
9	12
12	0
0	10
0	5
0	5
0	5
0	5
0	5
0	5
0	5
0	5
0	5
0	5
0	0
0	5
0	5
0	5
0	9
0	5
0	0
2	0
0	7
1	1
0	0
2	0
0	9
0	9
0	0
0	0
0	0
0	0
0	0
0	1
0	1
0	0
4	1
0	2
0	2
0	20
0	7
0	14
2	14
0	19
0	19
0	0
8	167
0	7
0	0
88	167
0	7
2	7
15	121
0	2
0	70
0	197
4	197
0	5
0	3
0	0
0	0
0	16
0	0
3	5
0	2
0	3
0	4
0	0
0	4
33	0
0	10
2	10
0	1
0	0
1	121
0	120
7	39
0	31
6	31
7	169
0	169
40	0
17	32
3	31
0	4
0	4
5	0
0	0
0	0
3	0
0	0
0	0
1	0
0	16
0	16
79	0
11	0
73	0
0	1
25	1
8	0
5	7
0	7
0	0
8	0
0	0
0	0
2	261
1	0
0	266
0	266
0	261
2	1
1	0
0	250
1	0
7	1
1	1
0	1
0	23
0	0
0	0
0	13
0	13
4	13
0	13
5	13
0	13
0	13
0	13
12	0
13	0
7	0
4	0
118	0
0	1
0	1
0	0
6	33
37	33
1	0
12	1
0	25
0	35
1	1
0	11
0	10
0	95
0	3
0	0
0	86
0	9
11	0
5	0
0	0
3	0
1	12
142	12
0	12
8	0
0	0
1	0
1	4
0	0
5	0
9	5
0	5
0	0
0	0
29	29
0	13
0	19
0	0
0	0
1	2
6	18
2	18
8	5
0	5
0	3
0	0
0	0
0	2
0	0
218	0
0	3
0	3
0	0
39	10
4	23
0	23
1	0
11	79
0	2
0	0
1	0
0	0
1	0
2	0
0	0
16	24
0	13
0	77
0	13
9	54
0	0
0	54
0	54
45	53
0	49
2	9
7	0
0	13
27	81
0	42
0	0
0	0
0	0
0	0
0	0
9	2
0	2
0	0
0	0
1	3
0	0
0	0
0	0
0	0
6	0
0	0
0	0
24	0
0	0
0	0
6	3
1	3
28	38
0	38
0	35
0	0
0	0
18	0
78	2
0	2
0	0
0	12
0	11
0	1
0	3
0	0
0	0
0	0
0	0
0	2
0	2
5	4
0	2
0	0
0	2
0	2
0	11
0	69
24	69
2	23
0	25
0	8
0	2
0	3
0	0
0	2
0	2
0	0
0	0
0	0
0	3
0	25
0	0
16	72
0	32
0	0
0	0
16	0
63	25
0	25
0	0
0	11
0	0
0	0
0	0
0	0
0	42
53	15
0	15
0	0
0	44
0	21
40	26
0	39
0	182
0	182
1068	75
134	75
2	1
3	3
0	48
0	1
0	46
0	0
0	0
0	19
0	3
0	2
43	126
0	3
0	0
1	10
2	0
10	2
2	0
0	0
0	0
0	0
0	2
31	0
0	4
0	4
0	4
0	0
9	1
0	1
0	1
0	21
0	21
0	0
0	0
10	26
0	21
1	0
38	68
1	68
0	0
2	13
0	0
0	0
0	0
0	0
2	0
0	0
5	17
10	11
10	7
0	6
0	6
43	1
0	6
0	0
0	7
0	9
0	2
0	4
0	4
4	0
1	0
5	1
1	22
0	1
0	0
0	0
6	18
0	1
2	0
78	228
0	228
29	4
0	3
0	0
3	0
0	69
0	69
1	0
101	8
0	1
4	8
0	11
0	8
0	3
0	0
0	0
0	3
0	1
270	42
29	1
0	1
0	1
27	0
0	5
0	2
0	2
8	60
0	7
0	7
0	0
0	0
0	0
0	0
30	160
30	7
0	4
60	9
0	4
0	8
0	15
0	0
0	0
0	0
31	115
2	99
0	100
0	0
0	0
0	14
0	14
0	9
0	0
0	5
0	0
11	5
20	103
0	145
0	5
0	3
0	331
0	330
2	4
0	4
0	11
4	60
44	64
0	4
0	29
0	29
0	9
0	77
0	5
182	83
0	4
0	4
5	59
70	59
33	31
2	26
0	6
0	0
13	7
2	0
0	33
0	33
0	33
0	6
0	6
11	209
0	251
1	151
0	28
0	251
0	251
0	55
0	55
0	14
18	12
37	12
0	0
0	1
1	1
0	0
0	1
0	1
0	1
0	1
0	1
0	1
0	1
1	1
0	1
0	0
0	0
0	1
0	1
6	13
1	8
6	8
80	4
0	27
0	0
0	27
0	4
0	4
0	27
0	27
0	9
0	0
24	45
0	29
0	16
0	0
42	8
0	33
8	25
0	4
1	0
1	22
1	33
39	36
145	35
0	0
0	1
0	1
0	0
0	14
0	2
83	3
17	0
0	3
32	5
0	5
128	313
0	0
0	31
0	1
67	3
5	3
0	0
7	12
1	2
0	2
19	137
11	131
0	75
7	39
11	2
0	2
0	2
0	1
0	14
0	3
3	13
2	9
0	9
27	0
2	9
0	6
9	9
0	6
0	3
0	4
0	0
3	4
1	0
1	0
0	0
0	5
0	0
0	0
0	0
1	0
0	5
2	0
0	0
1	0
0	0
17	0
0	0
0	0
0	0
3	3
0	3
0	0
0	0
0	34
0	17
147	18
0	33
0	51
0	39
24	12
0	15
12	12
49	0
0	3
5	0
0	9
0	6
0	6
9	0
0	0
12	1
0	53
0	30
0	2
0	0
0	1
105	23
28	3
0	31
0	31
11	21
0	20
0	21
0	0
5	1
0	30
0	53
6	0
0	0
0	0
110	9
0	0
0	0
8	0
0	9
0	0
1	8
6	1
36	1
0	0
0	0
6	3
0	0
0	0
0	3
0	0
9	3
0	3
0	0
0	0
0	0
0	0
0	9
16	15
0	0
4	0
0	6
0	0
29	5
0	6
0	8
42	3
0	1
1	1
0	36
0	0
0	0
0	1
0	0
16	44
0	0
0	0
0	0
0	1
0	44
3	1
0	28
0	78
0	66
5	61
0	26
1	28
21	26
0	87
177	0
0	172
1	8
2	164
30	7
1	0
122	280
0	1
38	0
0	279
18	6
0	6
0	2
0	1
0	0
0	1
20	1
0	1
0	0
0	21
3	27
0	7
0	7
1	0
0	0
0	0
0	0
0	0
1	11
0	0
0	0
0	0
0	0
0	0
0	0
0	7
14	0
23	0
1	70
0	0
17	70
38	0
110	29
5	29
0	0
0	0
0	1
0	3
0	4
0	4
0	3
0	0
0	0
0	0
0	4
0	4
0	0
0	3
0	3
0	3
0	0
0	2
0	2
0	2
137	0
40	184
1	71
0	2
0	0
1	5
5	5
0	13
19	13
0	2
0	0
1	0
0	0
0	0
0	0
0	0
0	0
0	0
0	0
0	0
0	0
0	0
8	4
0	4
4	1
2	1
59	0
26	0
38	15
42	13
0	7
0	3
0	3
3	3
0	2
0	2
93	12
3	29
3	15
0	21
0	0
0	12
0	32
1	2
26	2
0	2
0	0
2	21
0	0
0	0
125	20
5	0
0	0
0	0
5	10
1	0
0	10
3	10
0	0
212	4
1	10
23	13
0	12
1	1
780	0
43	0
0	0
35	8
0	3
1	3
1	3
0	8
0	0
0	0
0	0
0	2
0	18
0	6
0	16
0	0
3	0
1	0
4	2
0	27
0	26
32	30
0	3
0	2
0	29
0	1
0	6
0	20
0	0
0	8
0	0
0	0
0	0
0	0
0	0
285	72
0	70
0	66
0	57
12	58
7	53
0	44
0	36
0	43
2	36
0	34
0	15
0	10
0	1
0	1
20	8
0	8
0	7
0	0
0	0
1	0
0	7
0	7
0	7
0	7
0	31
0	2
0	3
15	29
0	3
0	5
53	16
0	3
0	0
0	3
0	13
0	0
0	0
79	0
7	13
42	13
0	2
0	0
21	0
0	0
0	0
0	0
0	0
0	0
0	1
0	27
0	41
0	137
5	0
0	0
1	0
5	78
0	0
0	41
0	99
231	0
124	15
0	0
138	14
0	8
11	0
0	0
0	0
2	4
2	7
0	0
1	2
0	7
0	6
1	0
17	111
10	0
0	3
20	3
2	0
0	1
0	0
8	0
0	2
0	2
0	1
0	1
0	1
1	0
0	0
0	0
0	0
0	0
0	0
0	0
0	0
0	1
0	3
0	0
0	0
0	3
0	3
0	3
0	14
35	657
3	1
0	0
12	108
0	0
0	46
2	11
1	14
0	0
0	3
33	0
0	60
7	58
0	58
0	18
0	0
0	0
0	0
0	0
0	0
228	71
0	71
42	111
0	0
0	0
376	266
0	283
0	14
0	33
15	2
1	2
5	0
2	0
0	0
0	0
50	0
0	0
0	0
1	0
6	0
17	0
0	0
0	8
0	2
14	0
0	6
0	0
0	5
0	1
0	19
0	19
1	11
0	2
0	0
61	0
3	0
0	3
0	12
0	44
0	45
0	3
4	180
0	2
0	43
4	170
9	10
0	0
0	9
0	0
0	0
0	0
0	2
14	0
0	0
0	0
0	0
0	0
0	0
0	0
0	0
0	0
0	0
0	2
0	0
2	12
0	12
15	110
0	2
0	2
0	48
1	0
24	0
22	0
0	0
11	0
18	22
2	30
0	22
1	4
0	1
0	0
0	0
0	3
0	0
0	0
6	15
1	15
0	0
0	2
0	1
64	15
0	14
0	0
0	0
0	0
15	11
5	0
0	0
0	0
0	11
273	0
0	0
2	0
0	7
64	0
0	0
11	0
0	0
2	0
0	0
3	1
0	1
0	1
0	1
0	0
0	0
0	0
0	0
54	1
0	0
0	0
0	7
9	7
0	4
0	4
0	4
0	0
0	3
0	3
0	254
0	3
1	8
0	0
1	257
0	0
0	1
0	0
0	0
107	246
0	40
0	0
4	23
0	15
0	23
0	0
0	0
0	0
0	0
0	0
0	1
5	16
0	9
5	6
0	0
0	2
0	2
0	2
2	1
0	1
0	1
1	1
0	1
0	0
16	50
0	7
0	2
0	48
0	0
16	47
2	1
0	0
0	0
5	10
0	0
2	28
0	28
0	11
0	5
6	12
2	2
0	2
29	5
0	2
3	4
0	3
53	1
0	0
0	0
0	4
1	0
0	0
0	0
0	0
0	0
0	0
0	0
0	0
1	22
0	29
0	9
0	14
0	8
0	12
2	0
0	0
0	0
0	0
24	0
48	132
0	10
0	0
223	1
0	1
0	0
0	0
14	1
0	0
0	0
0	1
1	1
0	1
0	0
0	0
9	29
0	5
0	0
0	5
0	29
4	1
0	1
0	1
0	9
0	0
0	8
20	1
0	1
19	8
14	4
0	4
61	45
0	20
0	4
0	29
0	0
0	0
0	0
5	30
11	30
0	0
0	1
0	132
0	48
2	10
26	9
14	56
7	8
0	15
0	9
0	16
5	51
0	80
0	14
0	1
0	99
56	22
3	22
0	9
0	9
3	0
0	0
0	8
20	3
0	3
0	3
0	0
0	0
0	3
0	0
0	7
10	7
0	0
0	0
0	4
0	0
0	0
0	0
52	13
83	37
0	39
156	37
0	0
0	0
0	0
0	0
106	0
0	0
17	0
1	10
1	0
0	4
0	4
0	4
0	4
0	0
63	29
23	32
0	6
0	3
0	0
2	0
1	0
0	0
4	28
13	26
6	3
0	3
5	4
0	0
9	13
0	13
0	0
0	2
0	0
0	0
0	8
0	8
0	2
0	2
0	49
0	41
3	48
18	10
24	23
0	3
3	0
11	0
0	3
0	3
1	1
0	0
0	0
0	13
0	41
0	41
0	33
0	93
0	0
8	86
0	34
0	25
0	25
0	15
39	0
0	0
28	2
0	1
1	31
0	29
8	29
0	29
0	0
5	2
2	0
0	17
0	17
0	17
0	12
1	0
0	0
5	1
13	2
7	8
0	9
0	11
0	11
2	0
0	0
3	0
0	0
0	5
0	1
0	0
0	1
0	0
0	0
0	3
0	0
0	3
11	9
0	3
11	80
0	79
0	0
6	0
68	9
0	28
0	0
0	0
13	27
0	3
0	3
0	2
8	11
0	8
9	8
1	8
0	9
0	0
0	2
1	0
15	24
0	24
1	6
0	0
0	4
1	0
0	28
0	28
0	26
26	25
0	1
5	23
0	3
25	0
3	16
6	16
0	10
0	2
0	14
0	0
0	0
0	16
0	10
0	1
0	0
0	0
10	16
0	0
77	51
0	11
86	11
0	17
0	33
0	10
0	0
24	12
0	0
4	0
0	1
0	2
0	0
0	0
0	1
0	0
3	0
0	2
0	49
52	1
0	1
0	0
70	29
1	14
0	0
0	0
0	0
5	1
85	10
0	10
23	3
0	1
180	13
118	13
546	5
97	0
0	0
0	9
0	9
0	8
0	7
0	1
33	6
0	6
1	15
0	12
0	9
0	10
0	12
0	12
0	14
0	11
0	9
0	9
0	9
0	8
0	11
0	12
0	13
0	9
0	11
0	12
52	8
0	12
0	8
0	9
0	9
0	8
0	9
0	11
0	9
0	9
0	12
0	11
0	8
0	8
0	1
0	0
0	1
41	9
0	9
0	0
4	2
0	2
0	2
0	2
0	0
2	0
0	0
0	0
0	0
0	0
6	0
0	22
0	46
0	43
6	0
21	0
15	0
0	0
0	0
8	2
0	2
0	2
0	3
60	2
0	1
0	8
0	8
0	1
0	0
0	0
1	0
6	1
0	1
0	0
0	2
5	5
23	0
0	14
15	17
0	0
0	3
0	0
2	0
0	0
0	0
0	0
0	2
0	1
0	1
0	0
1	2
0	1
0	0
0	0
8	2
1	0
0	0
0	0
0	6
0	1
0	3
0	2
1	15
0	3
0	0
40	18
0	11
0	11
47	11
0	0
0	0
2	25
0	11
0	11
19	11
0	0
0	0
0	0
3	17
0	13
0	0
0	13
0	0
0	6
0	6
0	6
3	0
0	0
0	6
0	0
0	5
8	17
0	0
0	0
0	0
0	17
8	3
0	0
0	0
0	3
0	0
7	0
2	3
0	3
6	0
0	0
0	0
0	0
3	21
1	16
0	16
1	14
0	12
1	14
0	14
14	12
0	0
11	0
5	0
20	3
0	0
0	0
0	0
0	0
1	3
0	3
0	0
3	0
32	64
0	64
0	0
1	0
0	4
5	0
0	4
0	11
6	59
0	59
0	5
0	0
0	1
0	1
0	1
0	0
0	1
0	1
0	0
0	0
0	0
0	43
4	22
0	17
0	5
0	5
4	0
14	1
34	24
0	24
0	16
0	6
0	2
0	0
22	2
0	2
0	0
9	0
0	0
0	2
38	10
0	10
1	3
0	0
0	0
0	0
0	0
0	0
0	0
0	0
0	0
0	0
0	0
0	0
0	0
6	0
0	0
0	0
0	0
0	0
0	0
0	5
0	5
0	4
0	2
0	1
0	1
1	5
6	0
13	5
29	10
0	17
7	16
0	3
0	3
0	10
0	8
0	0
4	16
3	23
49	16
1	13
0	6
0	7
0	6
0	6
0	0
0	0
0	0
0	0
0	0
1	17
0	26
0	38
0	0
48	0
11	60
8	25
0	35
0	3
0	7
0	9
0	1
2	6
0	9
0	13
0	5
0	0
0	0
0	0
0	88
0	88
0	4
0	4
0	5
0	6
0	6
0	1
0	6
0	37
0	38
0	38
0	166
19	0
0	0
0	166
85	0
21	0
0	0
0	42
0	42
0	0
75	40
0	0
0	40
0	29
0	5
0	0
0	1
0	0
2	0
0	4
0	22
18	1
0	1
0	22
0	1
0	0
0	29
0	28
7	23
0	3
0	22
0	3
0	1
1	0
0	2
145	55
0	1
95	45
0	31
6	7
37	7
0	3
18	0
30	62
262	56
43	123
0	53
0	42
0	42
0	39
0	43
62	43
12	60
2	60
10	60
5	54
17	0
0	0
4	0
0	81
0	81
5	0
69	57
0	55
3	0
0	0
0	0
0	0
0	0
0	0
2	0
0	0
1	0
0	70
0	24
9	0
65	71
0	20
0	23
0	5
11	5
0	7
62	0
0	1
0	1
0	1
0	0
0	0
0	0
1	0
0	172
4	332
0	21
0	21
0	319
0	36
4	23
0	23
3	3
39	0
8	35
0	35
178	0
0	22
0	19
2	62
0	54
0	11
0	0
17	0
0	0
0	0
0	0
3	0
5	45
0	7
0	0
10	0
0	2
0	2
20	6
0	4
0	0
1	2
0	0
0	0
19	2
2	14
0	40
38	38
0	26
37	11
0	11
0	11
0	7
55	14
1	30
0	24
0	24
0	8
0	11
0	6
0	5
0	0
0	5
0	24
9	4
1	8
0	0
0	7
0	8
0	8
0	8
0	4
6	0
1	0
0	10
0	6
10	4
0	8
9	9
1	1
24	1
3	0
0	11
0	19
0	10
1	4
7	9
0	19
0	0
38	13
0	0
0	0
0	0
0	2
0	2
1	1
1	1
0	0
0	1
0	1
0	1
1	0
0	0
0	8
0	1
0	1
0	1
0	0
0	7
1	0
0	0
0	7
0	0
1	0
219	0
11	0
148	0
0	0
180	0
8	34
0	34
9	0
21	94
0	92
0	73
0	46
0	48
5	4
0	5
1	0
0	2
0	2
1	13
22	50
0	50
0	0
0	0
0	0
11	0
0	44
1	40
0	40
0	4
0	4
0	0
153	0
0	5
0	6
0	5
0	5
0	6
1	0
0	0
100	230
14	256
3	221
0	184
0	27
0	29
1	0
0	1
0	0
0	0
0	1
0	0
1	0
0	0
27	167
0	142
0	9
0	0
2	9
0	0
0	35
36	112
0	167
0	10
41	21
0	6
0	21
23	0
0	0
0	0
0	38
0	26
0	28
0	34
64	34
0	5
0	16
0	23
0	0
0	23
0	11
0	53
0	5
0	58
1	0
0	0
0	7
28	20
0	20
0	19
0	20
7	19
0	19
0	0
0	0
0	0
0	0
0	0
0	0
0	0
18	190
1	188
0	0
0	0
1	2
0	0
0	0
9	87
0	87
0	72
3	15
0	15
0	10
0	41
12	62
0	21
48	1
131	52
1	1
0	0
8	4
0	2
12	2
19	1
0	0
0	0
99	3
3	1
0	52
29	16
0	1
0	16
0	1
0	0
0	1
3	0
0	0
1	0
0	35
62	4
0	4
0	0
0	23
0	7
0	30
19	37
0	19
12	4
0	4
0	1
0	0
23	0
8	10
0	10
0	10
1	5
4	5
12	2
0	5
4	1
1	0
0	1
4	0
8	17
0	0
0	6
0	17
0	17
0	0
0	0
0	0
0	0
7	0
2	0
0	15
1	0
0	0
0	11
0	0
0	11
0	0
0	12
0	15
83	229
0	132
3	132
0	0
0	229
0	132
84	18
0	1
3	2
11	6
0	6
0	6
0	7
0	5
0	0
3	1
0	2
0	2
0	0
0	0
0	0
0	0
1	49
0	0
0	9
5	49
0	17
0	17
0	17
0	17
0	7
5	0
0	0
0	9
1	210
60	213
0	2
71	11
0	9
4	10
58	26
0	28
5	28
0	4
0	21
0	15
0	0
0	0
0	0
0	0
0	0
0	0
4	0
0	21
0	32
0	29
0	29
0	32
0	29
0	31
0	29
0	29
0	32
0	31
0	29
0	29
0	29
0	30
0	29
0	29
0	31
0	32
0	29
0	24
0	24
0	23
0	29
0	6
0	5
0	0
0	0
1	0
0	28
0	29
1	0
1	0
0	0
0	0
0	0
0	0
0	0
0	0
0	0
41	3
0	2
0	0
0	0
0	35
30	35
0	0
0	1
0	4
0	0
3	8
0	5
0	0
0	0
10	1
0	0
0	1
127	0
33	7
0	4
0	7
0	7
0	0
71	0
0	12
0	17
0	13
0	0
0	0
0	0
0	1
0	2
4	2
0	0
0	2
0	2
0	0
4	0
2	2
0	0
2	2
6	7
0	2
0	1
0	6
0	6
0	0
0	0
1	0
0	0
9	0
0	0
0	0
0	2
0	2
0	2
30	14
0	10
0	5
0	9
0	9
0	10
0	5
0	5
0	5
0	10
0	9
0	9
0	5
0	5
0	5
0	13
0	5
0	0
0	0
3	0
1	0
0	0
0	0
22	0
0	5
0	5
0	5
0	20
13	20
0	20
3	17
0	0
0	0
0	0
0	1
0	0
0	0
19	0
0	18
8	0
0	0
0	0
0	0
0	0
0	0
0	0
0	0
0	0
0	1
0	0
0	0
0	1
0	0
0	0
0	0
15	29
0	29
0	7
0	0
0	0
6	16
0	16
0	46
15	1
0	0
0	0
0	37
0	0
80	37
31	37
0	0
0	0
0	0
0	6
0	8
6	8
0	1
2	0
1	0
0	0
8	1
8	5
12	4
0	1
0	0
0	1
0	9
0	0
5	8
0	0
73	22
0	22
0	19
0	19
31	13
0	13
4	7
111	23
1	11
0	21
2	12
7	1
4	1
0	5
0	1
0	0
16	0
1	0
0	0
0	0
0	0
0	4
0	8
0	35
1	8
0	52
30	38
0	45
0	33
0	27
0	38
2	0
0	0
0	41
0	27
0	0
0	0
0	0
0	0
0	5
0	0
13	0
146	14
0	0
1	2
0	6
0	1
0	6
6	6
0	0
0	0
3	0
19	98
0	0
0	0
0	0
0	0
7	0
0	0
0	0
0	33
0	33
0	33
0	2
0	96
0	1
0	1
0	0
6	3
0	3
0	0
0	0
0	1
0	1
0	0
1	0
0	2
0	2
0	2
0	0
0	0
0	0
0	0
0	0
0	0
0	0
7	0
4	2
0	2
0	2
0	2
0	0
1	0
0	0
10	6
0	3
0	6
0	56
0	56
0	17
0	17
0	0
0	0
0	0
0	0
0	4
0	10
2	18
0	0
0	0
0	6
0	0
0	0
0	14
0	6
0	1
0	1
0	2
0	0
1	10
0	4
0	1
1	0
1	3
0	0
0	0
74	45
13	38
313	47
0	21
4	3
0	9
0	0
0	0
0	0
36	3
0	4
8	12
0	11
0	0
11	4
7	6
0	2
0	0
0	0
4	4
0	0
0	0
1	0
3	0
0	0
0	1
1	0
0	0
1	1
0	0
0	0
0	0
0	30
1	24
0	20
0	86
0	48
15	0
0	8
0	8
0	3
0	3
0	0
0	0
0	0
0	3
0	0
0	0
0	0
2	0
0	2
74	0
37	104
58	31
0	31
2	11
0	77
0	14
0	19
34	2
3	2
0	2
0	2
0	2
0	2
0	2
0	12
0	34
8	17
0	25
2	0
2	29
0	2
0	0
0	0
5	0
12	15
0	6
0	7
0	9
23	0
0	0
14	0
0	0
0	0
0	9
19	37
0	37
0	0
3	40
8	0
0	0
0	0
0	0
0	10
24	25
0	16
5	23
0	14
0	26
13	19
3	6
18	13
0	1
0	0
0	0
0	0
89	0
0	1
1	1
0	1
12	4
1	4
0	0
0	0
0	0
0	0
0	4
0	1
0	1
0	11
2	11
0	0
3	4
0	4
30	4
8	9
0	0
0	0
0	9
0	9
1	4
0	0
0	4
0	4
0	0
0	0
0	4
0	0
0	4
2	4
0	0
0	0
0	0
0	3
0	6
0	0
1	0
4	0
1	11
58	11
2	0
0	0
0	22
121	44
1	38
0	15
0	5
7	0
0	21
0	46
0	0
0	57
0	35
0	35
0	1
0	1
0	27
0	57
0	57
0	57
0	57
0	0
0	57
0	54
0	0
0	0
0	57
0	0
5	5
1	0
0	0
0	8
8	0
0	0
0	8
0	2
0	8
0	0
0	0
30	6
0	34
0	5
0	5
13	29
0	11
2	1
0	0
0	1
0	1
0	1
0	1
11	1
0	1
3	7
14	7
1	2
0	2
0	1
0	0
0	0
0	0
0	0
0	0
0	0
0	0
0	0
1	0
41	27
11	0
23	27
124	0
14	0
0	0
0	0
0	6
5	6
0	0
0	27
0	27
0	0
0	0
5	2
0	43
0	6
48	58
0	10
0	5
0	5
0	5
0	5
0	0
0	0
0	0
0	0
0	0
0	21
6	0
120	40
0	40
0	0
0	0
0	3
104	3
119	0
17	87
0	39
0	85
0	35
0	24
0	0
0	0
0	0
0	0
0	0
0	4
12	0
0	4
0	0
0	0
51	37
0	37
0	5
22	1
0	1
0	4
0	0
0	0
154	0
7	6
13	37
0	1
12	2
0	33
2	0
0	1
0	16
34	0
0	0
0	0
0	0
0	0
0	3
0	0
0	0
5	16
8	9
0	0
0	0
1	0
1	0
0	6
0	6
0	6
0	8
0	8
1	0
0	1
0	1
0	1
0	1
12	0
0	16
0	13
0	8
0	11
0	10
0	4
0	3
0	4
0	2
0	2
0	2
0	12
36	4
0	13
0	9
0	11
0	7
0	7
0	0
0	0
11	7
0	0
0	0
0	0
0	0
0	0
0	0
1	0
111	214
0	211
0	3
1	214
0	146
0	3
0	3
0	5
0	5
0	211
29	211
0	0
0	0
0	21
0	21
75	1
0	1
0	0
0	0
63	20
0	0
1	5
0	5
0	0
0	0
4	26
0	8
8	8
0	1
0	36
0	5
81	5
0	0
0	0
0	0
7	76
36	62
0	2
0	5
0	5
4	21
1	0
0	0
0	0
3	0
5	10
0	0
8	10
4	5
0	2
0	0
0	0
0	7
0	2
0	3
0	2
0	2
1	2
0	17
0	9
1	0
27	7
0	0
0	8
0	0
0	0
0	0
0	8
1	0
0	17
77	40
34	40
0	1
1	0
0	1
4	2
0	0
0	0
5	0
6	53
0	51
0	0
0	0
0	0
113	11
0	0
0	0
0	11
11	14
0	8
1	7
0	7
1	0
6	0
0	0
0	0
4	1
3	1
1	1
0	0
0	0
0	0
0	0
0	0
39	26
0	26
0	21
39	13
0	13
16	84
77	86
58	2
0	2
0	2
0	2
0	0
0	7
0	7
40	1
0	4
2	4
1	3
0	13
0	6
8	23
0	4
0	3
16	2
0	4
0	2
0	0
0	1
0	3
0	0
0	0
0	1
0	15
0	0
0	0
0	1
1	4
0	4
22	2
0	0
4	0
0	2
0	0
0	0
0	0
5	0
1	9
13	10
5	25
7	37
0	1
3	12
0	12
0	12
0	12
8	0
2	16
4	0
0	7
2	7
10	0
0	9
36	0
67	16
0	14
0	6
11	9
0	0
0	9
0	0
1	0
0	0
0	0
0	22
0	10
0	4
0	22
0	12
0	26
0	9
3	12
0	34
640	27
0	2
0	2
0	0
0	0
0	0
3	0
6	0
0	0
0	8
0	8
0	0
0	40
3	40
0	7
0	1
0	1
1	15
0	15
7	11
0	11
0	5
0	1
0	1
3	1
0	1
1	0
0	1
34	21
0	3
0	3
6	3
0	3
0	3
0	3
0	0
0	0
0	0
0	3
0	18
20	89
0	89
0	38
0	0
26	0
0	0
0	0
19	0
0	0
0	53
0	53
0	53
0	53
17	53
0	38
0	0
0	0
0	19
0	19
2	0
0	0
0	0
0	0
47	100
0	100
0	0
0	0
50	46
0	45
0	1
0	46
1	1
15	10
0	0
0	1
0	0
0	0
0	1
0	7
0	1
0	0
0	6
1	9
7	42
0	42
0	8
0	1
8	0
33	15
1	0
5	1
0	0
19	1
0	9
0	9
0	0
70	28
0	28
0	28
5	22
0	0
25	7
1	7
2	14
0	14
0	5
0	1
2	0
0	0
0	0
0	0
0	0
0	0
0	6
50	1
0	1
0	1
0	0
0	4
0	4
4	4
23	62
0	68
0	68
6	27
0	0
0	6
1	0
19	0
0	0
2	0
0	0
0	0
0	7
0	0
0	12
1	12
0	29
0	29
0	0
0	0
0	132
10	132
0	0
0	0
0	0
90	17
0	17
0	17
22	17
12	17
0	17
0	17
0	0
50	1
13	1
7	26
0	0
0	26
0	26
0	7
59	108
0	108
5	43
0	1
0	0
0	1
0	10
0	10
0	0
0	2
0	0
0	13
14	0
52	0
0	2
0	0
0	38
0	38
0	1
0	1
0	0
0	7
24	29
8	29
42	23
0	17
0	17
0	17
1	2
0	2
3	3
1	3
1	7
0	2
0	22
21	8
0	8
0	1
0	1
70	0
0	0
0	0
40	10
0	0
0	0
0	0
5	6
35	5
0	0
0	0
0	5
0	5
0	13
0	13
98	22
0	8
0	0
0	3
26	5
0	2
0	14
0	14
0	3
0	22
16	25
54	4
0	4
0	0
0	21
0	21
0	0
0	0
0	0
0	0
0	0
0	0
0	7
22	14
0	13
0	6
0	2
0	2
13	2
0	1
0	0
1	0
3	0
1	0
0	6
9	0
0	0
71	19
0	8
2	0
2	27
0	11
4	11
0	11
24	11
0	10
0	1
0	1
0	0
0	0
0	0
0	0
0	3
0	1
0	1
0	0
0	3
0	1
0	1
0	0
2	0
8	16
8	0
18	2
0	0
0	124
0	10
0	2
1	2
0	13
0	0
0	0
0	0
0	2
0	3
0	124
0	13
0	7
0	0
0	8
20	29
0	28
0	14
12	1
0	1
0	1
0	0
6	0
4	0
0	0
91	21
6	33
161	52
0	33
0	3
0	3
0	0
0	0
0	0
0	0
0	0
3	0
0	0
2	20
0	6
0	0
0	0
0	0
0	0
0	0
0	0
0	0
0	0
0	0
0	0
0	6
0	0
77	20
0	0
0	6
0	6
4	0
275	44
3	0
6	3
0	0
0	3
0	1
0	1
0	1
0	1
0	0
3	7
2	3
0	6
0	3
0	1
0	0
0	1
0	0
0	0
243	33
0	31
0	0
27	143
0	143
191	0
2	9
0	7
2	7
0	2
0	11
0	2
0	1
0	8
0	1
0	0
0	8
2	2
2	2
1	0
0	0
0	2
0	1
10	11
0	1
0	8
4	10
6	5
35	38
0	38
0	0
0	1
0	4
0	4
0	7
0	6
3	97
0	0
0	97
0	104
0	97
11	0
0	0
5	0
5	0
5	3
12	3
0	0
0	0
2	0
5	0
35	15
0	3
0	7
0	3
0	15
0	9
0	15
0	15
0	9
19	0
15	41
0	0
4	0
0	27
0	0
6	3
0	3
0	1
7	11
0	9
42	197
6	9
0	0
0	2
0	2
0	2
0	15
0	15
0	4
0	4
0	4
0	271
0	271
0	271
0	271
0	64
0	64
0	64
0	0
1	0
13	267
2	0
0	0
0	0
4	0
5	0
0	6
7	6
5	0
0	22
0	0
12	0
0	22
0	16
0	16
0	0
1	0
0	0
0	0
0	61
0	61
0	0
26	13
0	0
0	0
0	0
1	0
0	0
0	2
0	11
0	0
0	23
0	20
52	23
0	0
0	20
0	0
10	1
3	0
0	0
0	0
0	0
0	0
0	0
0	0
1	0
0	0
0	0
0	1
0	0
0	1
0	1
0	0
1	47
15	47
0	29
0	29
0	20
0	0
0	20
4	20
0	20
0	18
1	27
19	23
0	6
0	7
0	6
0	6
20	6
48	7
0	24
0	7
0	0
0	0
70	0
36	1
6	0
64	1
0	0
0	1
7	22
0	22
5	0
0	0
3	1
0	0
0	0
0	1
0	8
0	8
0	1
0	8
0	8
3	7
1	7
0	2
0	8
0	8
4	8
4	8
10	15
16	7
8	2
1	1
0	3
11	1
0	2
0	2
0	2
0	1
0	2
0	0
0	1
0	0
0	0
0	0
0	0
0	0
0	0
0	0
4	0
0	1
0	0
0	1
0	0
222	2
0	2
1	0
0	10
0	5
0	0
0	10
0	14
2	0
0	0
0	14
0	13
0	0
52	10
1	20
0	10
4	1
0	0
1	0
0	0
6	0
0	0
5	20
1	0
2	0
334	0
0	11
0	59
0	12
1	0
0	20
0	59
0	59
0	58
0	0
0	5
0	59
0	58
31	0
0	46
0	1
0	8
0	247
65	241
5	238
0	176
0	0
11	28
0	12
25	4
0	4
16	29
0	0
2	15
0	13
0	1
0	1
0	2
1	0
0	0
0	42
0	42
0	56
0	7
20	5
0	5
21	22
0	0
2	61
0	31
0	24
0	1
0	9
0	1
0	110
1	110
0	0
0	18
24	59
0	138
54	144
0	0
2	0
0	0
0	6
0	6
1	2
0	1
0	22
0	31
1	14
0	0
0	0
9	2
4	0
0	10
0	10
0	0
0	0
0	10
0	0
1	1
0	41
0	41
5	7
0	21
0	0
0	0
4	0
0	0
0	0
0	0
2	13
4	0
53	0
0	0
0	21
0	1
0	1
0	7
0	0
0	138
0	85
0	81
0	85
0	81
0	81
0	78
0	74
0	67
0	67
0	84
0	57
0	46
0	4
4	69
0	52
0	6
10	1
0	0
0	138
0	89
0	83
0	3
0	7
1	1
0	1
0	1
0	89
0	89
0	89
0	0
24	9
0	2
0	2
0	7
0	12
0	11
0	3
6	6
0	2
0	5
0	2
0	2
0	0
0	6
0	0
0	3
0	6
0	6
0	6
0	173
2	201
0	182
0	3
0	0
0	0
0	0
0	0
0	0
0	0
0	2
58	180
0	2
0	0
10	0
0	52
0	52
0	45
0	28
2	3
0	0
73	2
0	3
0	0
0	1
0	0
0	0
0	0
0	0
23	41
15	41
0	31
21	0
0	20
0	83
6	83
0	24
0	15
0	5
0	1
0	1
0	1
0	0
0	38
0	40
0	1
12	0
0	0
1	1
0	32
0	0
0	0
0	0
1	25
0	32
0	4
0	0
0	4
0	4
0	0
0	5
0	5
0	5
0	0
0	0
0	0
0	0
0	0
0	0
0	0
0	0
0	0
0	0
0	5
0	5
0	0
0	0
0	0
0	2
0	0
0	37
0	35
0	37
0	37
0	13
0	2
0	2
0	2
0	0
0	0
0	20
5	21
1	21
42	7
0	7
77	48
0	20
0	39
0	0
0	19
0	30
1	16
0	15
4	2
0	37
453	22
20	22
0	0
66	0
0	3
11	0
0	3
3	0
0	0
6	0
0	0
0	0
0	0
14	132
1	124
0	11
0	98
0	0
0	0
151	0
39	296
0	296
0	247
0	0
0	0
9	0
0	0
1	0
0	9
0	0
0	9
0	1
0	9
0	27
0	31
0	5
0	1
0	19
4	0
0	38
0	70
0	70
0	26
0	26
0	38
0	23
0	38
0	38
0	37
1	0
9	2
4	5
475	77
0	72
10	5
62	0
0	17
0	17
12	13
0	4
0	5
0	1
0	5
11	0
0	4
1	1
0	123
0	123
0	94
1	122
0	13
0	23
1	0
0	0
0	20
0	15
2	0
0	1
8	0
34	6
0	6
0	6
0	4
0	0
0	27
0	34
0	34
0	27
0	34
0	27
0	34
0	27
0	0
0	0
0	0
0	19
30	8
4	8
0	3
0	1
166	17
0	0
4	0
10	6
0	0
0	0
8	0
1	2
0	17
1	6
0	6
2	9
0	1
0	1
0	8
0	1
0	1
0	0
0	15
0	15
0	43
0	14
5	2
0	2
0	2
26	0
0	0
0	0
0	0
1	8
0	4
0	1
0	0
2	3
31	62
0	8
0	0
0	1
0	1
1	0
0	1
0	0
0	1
30	0
6	3
12	12
0	12
0	12
0	7
6	0
6	0
0	0
0	0
0	0
0	10
0	10
0	0
0	2
6	6
0	2
0	2
19	4
0	4
0	4
0	1
0	0
1	23
0	6
19	2
11	2
22	18
0	18
0	15
0	18
0	0
0	18
8	15
13	3
44	3
26	45
0	22
0	18
0	45
0	42
0	42
0	22
0	0
0	0
0	0
0	3
0	3
4	0
369	0
0	0
0	0
15	0
0	0
164	19
0	19
235	3
0	4
0	0
3	2
0	4
3	112
0	50
0	112
0	0
0	88
1	0
70	33
0	0
103	0
0	0
99	90
0	90
0	78
5	63
0	44
0	36
0	34
0	19
8	99
22	85
5	83
1	0
0	0
0	10
0	10
22	9
0	9
460	16
0	5
0	0
0	3
0	0
0	0
0	0
2	28
0	5
1	0
1	94
0	93
0	72
0	73
8	46
95	46
13	45
0	45
0	37
24	199
5	191
24	8
13	18
0	18
0	18
30	18
10	11
0	3
0	3
0	0
1	0
0	8
0	4
0	4
97	0
3	0
11	22
0	22
2	62
10	0
0	11
1	0
0	0
0	62
109	21
17	21
0	12
0	12
3	97
0	68
0	5
0	5
2	0
0	1
0	1
0	1
9	1
11	15
0	0
0	0
0	0
2	0
0	0
5	0
0	0
0	0
33	0
0	0
0	0
0	24
0	35
0	35
0	0
0	0
0	6
0	17
0	0
16	0
0	1
4	19
1	6
0	0
46	39
0	30
0	50
48	50
0	29
0	8
0	8
0	3
0	1
7	0
0	0
20	3
0	50
0	10
4	75
9	75
0	0
0	0
0	0
1	0
0	62
0	52
61	64
171	84
1	12
0	20
28	1
1	1
0	0
0	0
3	0
0	0
1	6
0	0
1	6
0	0
0	0
0	0
0	3
0	0
0	4
0	4
0	3
0	3
12	2
4	0
0	0
33	0
0	0
0	16
0	9
10	0
1	0
0	7
0	0
1	0
0	7
13	47
0	47
31	47
0	0
0	0
17	0
1	1
0	1
0	0
0	0
0	0
0	0
0	0
0	17
0	17
0	0
0	3
190	62
0	62
121	6
0	0
0	6
15	6
0	5
0	1
5	73
0	83
147	89
0	4
5	4
0	0
8	0
6	3
0	2
0	0
0	0
247	0
1	11
0	11
0	25
0	25
8	45
0	25
0	24
0	13
4	13
0	7
0	7
0	4
3	20
0	4
2	5
16	20
0	6
0	0
0	0
111	0
11	20
0	18
7	28
33	129
0	129
24	2
0	1
0	14
4	7
1	6
0	7
0	6
0	0
18	0
82	0
9	34
0	30
0	3
0	3
0	0
0	4
0	0
0	0
15	0
1	1
27	1
0	0
1	0
0	17
3	5
0	0
0	2
2	1
0	0
0	1
0	1
0	26
0	26
0	26
0	26
0	26
0	26
0	13
12	56
0	20
0	54
0	49
2	1
0	4
0	38
0	1
0	7
0	5
0	37
0	7
0	19
52	0
0	0
0	3
0	3
0	3
0	30
0	30
1	3
7	30
0	2
0	1
0	0
0	0
0	6
0	6
0	3
310	98
0	14
0	73
0	56
0	10
0	6
0	20
3	0
6	0
2	3
0	0
0	3
13	3
12	24
0	5
0	5
0	1
0	1
0	1
0	0
0	0
0	0
0	0
0	0
0	0
0	1
1	10
0	1
0	0
0	10
0	0
38	0
38	0
0	0
0	0
0	0
0	0
0	0
0	0
9	14
0	10
0	13
0	11
1	14
0	9
5	7
0	3
0	1
0	6
0	0
37	20
0	20
0	1
0	0
7	0
5	3
0	3
0	12
0	0
15	14
0	19
0	9
0	14
0	21
0	5
0	11
0	0
1	14
0	14
0	12
6	0
20	1
0	5
0	0
0	1
0	0
0	1
0	15
0	15
0	3
0	3
0	14
2	6
0	7
0	15
0	15
0	51
0	51
1	1
0	9
0	264
17	264
0	264
0	0
31	0
22	0
0	0
0	0
0	0
0	0
0	1
0	1
0	1
0	3
0	3
0	0
0	1
0	1
0	1
0	1
0	1
0	1
0	1
5	0
0	0
0	0
0	1
0	0
0	0
10	15
12	15
0	0
0	0
0	1
0	0
0	10
0	2
0	2
7	17
13	11
1	11
0	11
0	17
0	6
0	5
0	0
0	0
0	0
2	3
0	2
0	1
0	0
0	4
0	5
1	2
0	0
0	0
0	1
0	0
0	2
0	0
0	1
0	1
0	0
0	6
9	14
0	0
0	0
0	0
0	0
0	8
28	8
0	0
0	5
3	5
0	1
0	1
47	119
0	119
115	34
87	16
0	1
0	2
3	0
0	0
0	0
0	80
0	0
0	80
13	23
0	7
0	0
0	7
0	14
0	195
0	195
0	1
0	1
0	0
0	0
0	0
2	0
0	0
0	32
0	198
13	7
97	168
4	14
6	13
0	14
133	4
0	5
0	9
0	4
2	0
2	3
0	3
1	33
0	1
0	8
14	0
0	0
0	8
0	0
0	32
0	0
5	38
68	23
0	17
0	23
9	0
69	10
0	18
0	28
3	28
0	28
0	28
0	28
0	0
0	0
0	0
0	0
0	0
0	0
0	0
0	0
0	0
0	0
0	0
0	28
0	28
0	28
4	0
36	0
0	0
0	0
0	8
0	26
3	1
0	1
0	26
7	22
0	22
12	29
0	0
0	0
7	38
0	4
72	11
126	40
0	29
23	0
14	0
0	0
0	3
0	0
0	11
10	2
0	3
0	0
0	20
55	48
0	20
1	36
0	0
0	0
0	0
0	12
0	1
12	412
0	0
0	2
0	83
0	3
49	131
0	93
1	9
0	8
0	3
0	1
10	31
0	1
6	1
1	1
0	0
0	1
0	17
9	9
193	13
0	9
0	4
0	1
2	0
0	5
0	5
0	5
1	10
2	8
0	10
18	0
0	10
0	10
0	2
0	0
3	1
6	1
0	1
2	1
0	1
10	1
0	12
103	3
0	3
7	6
1	2
0	2
0	2
1	0
6	6
0	0
0	0
0	1
0	1
4	0
0	0
28	176
0	176
0	0
1	0
0	11
0	7
0	7
1	0
0	4
4	4
0	19
0	20
13	17
0	14
0	13
0	7
0	6
0	4
0	3
0	0
34	10
12	12
0	4
0	0
0	3
0	0
0	0
0	0
0	0
0	3
6	2
4	2
9	1
0	0
316	298
0	296
138	155
14	0
4	0
0	0
0	0
0	46
0	44
0	0
0	2
0	2
0	0
3	0
27	366
0	0
0	31
0	0
0	0
0	0
0	6
0	0
0	0
0	0
0	0
34	1
0	1
0	0
0	0
0	0
0	0
0	0
1	6
363	8
0	1
29	66
0	4
0	4
0	62
0	63
0	61
0	56
0	0
0	61
23	1
0	0
0	0
6	3
0	0
0	0
0	0
2	0
194	0
0	0
4	3
0	2
3	2
0	4
0	12
0	4
2	41
0	0
9	131
0	0
9	0
0	2
0	2
0	1
0	1
0	0
1	1
0	0
0	0
0	0
0	1
0	0
42	0
1	0
5	0
2	0
0	0
0	0
73	35
0	29
0	0
0	6
0	27
0	0
0	18
2	0
0	0
0	463
0	463
0	451
8	29
0	331
0	331
0	283
0	283
0	1
0	7
0	6
4	7
0	0
0	0
1	0
0	7
0	2
6	5
0	7
0	3
0	2
0	0
0	3
0	6
9	91
20	5
6	3
0	9
73	23
0	23
2	49
0	37
0	0
0	0
0	0
50	56
0	3
0	3
0	3
0	2
0	2
0	1
0	1
0	0
0	0
0	0
0	3
0	3
0	7
5	4
1	0
0	0
0	0
1	4
11	0
4	20
0	19
10	16
0	0
6	2
1	0
0	0
0	0
2	2
0	1
0	1
308	172
0	172
0	79
0	67
4	0
2	0
0	0
0	0
10	0
0	0
0	0
0	2
0	2
0	0
0	2
0	0
0	26
6	68
0	4
0	68
0	26
20	16
104	8
0	33
0	1
0	0
1	0
0	0
0	43
11	15
0	18
0	15
0	0
15	0
0	0
0	0
0	0
0	1
0	1
0	2
15	21
0	2
0	2
5	2
0	0
2	6
0	19
0	0
3	1
8	0
0	1
0	1
114	1
120	10
0	0
0	0
0	0
13	0
0	0
0	1
0	7
0	7
0	7
0	0
1	0
22	24
9	17
0	23
0	0
0	0
0	0
0	0
0	0
0	1
0	251
0	251
0	248
0	228
0	228
0	2
0	0
0	2
0	0
0	2
0	0
0	0
0	0
2	0
4	0
78	0
3	0
7	0
0	0
0	0
0	0
0	39
11	39
0	6
0	0
0	1
1	0
0	0
160	3
0	3
2	0
0	0
0	0
3	0
0	0
0	0
0	0
80	80
0	77
4	24
0	3
0	7
9	6
0	1
0	0
0	0
0	6
95	0
21	0
2	0
21	20
0	8
9	9
0	21
0	1
0	8
1	8
0	0
0	0
18	0
10	0
25	0
71	912
0	884
0	74
0	28
0	6
0	2
6	34
15	34
11	13
7	676
0	15
0	17
0	17
0	17
1	24
0	0
0	1
1	3
0	3
0	1
125	0
0	6
36	107
0	6
0	0
0	0
0	0
0	0
0	0
0	0
0	0
0	0
2	0
2	2
0	2
0	9
0	9
0	8
0	7
0	3
0	0
13	3
0	47
0	1
0	1
0	1
0	38
2	0
12	7
2	0
14	7
0	0
23	18
2	15
85	12
9	12
0	0
2	0
0	3
24	0
0	0
0	32
0	32
0	7
0	4
0	7
0	0
0	0
0	0
2	9
0	0
0	0
1	0
5	0
0	0
0	4
0	0
0	0
330	76
0	8
72	0
0	58
0	76
1	76
0	76
0	46
10	5
0	5
0	0
7	0
0	0
0	0
51	0
0	5
0	5
0	5
2	5
0	5
56	16
0	20
3	20
2	12
0	1
0	0
0	2
0	2
0	2
0	2
0	5
0	2
0	2
2	4
0	1
0	1
0	0
0	0
0	0
10	0
0	0
0	0
0	0
0	0
0	0
0	0
0	0
0	0
3	0
0	0
0	0
0	0
0	5
58	104
0	0
0	104
0	1
0	0
0	0
144	0
3	14
0	14
0	1
0	1
0	0
1	0
0	1
0	1
0	0
0	0
0	16
8	19
5	26
0	27
0	8
0	16
0	11
0	0
0	0
0	0
0	0
0	39
0	28
147	187
0	28
1	187
33	20
0	3
0	1
11	17
0	0
0	12
0	90
3	90
0	0
0	3
0	77
0	3
0	106
0	105
0	0
0	3
0	0
2	5
0	0
0	0
7	1
0	0
0	0
0	0
0	0
0	106
0	6
0	6
0	0
0	0
0	87
0	0
0	82
6	0
0	10
0	0
0	16
0	5
6	51
1	0
0	9
2	21
0	21
4	21
25	26
0	19
3	28
0	16
0	25
0	20
24	11
0	11
0	0
0	0
0	5
0	0
0	0
27	85
0	30
25	30
0	0
7	26
0	7
46	12
0	14
5	14
5	0
0	0
0	3
0	240
0	247
6	247
0	29
0	0
28	0
0	0
21	0
0	0
0	0
0	0
788	8
9	1
3	0
0	3
0	1
4	33
0	0
0	0
1	0
139	32
1	32
0	0
0	3
0	1
0	80
0	211
0	73
0	8
0	0
0	0
0	1
0	1
14	6
0	6
0	6
1	7
0	6
135	0
8	31
18	31
2	0
51	35
0	34
0	3
0	46
7	46
0	0
0	0
0	0
0	0
0	0
0	1
1	23
0	15
1	1
0	7
0	18
0	91
7	34
4	1
0	5
2	2
0	0
48	31
0	12
0	31
0	63
5	64
0	0
0	26
0	1
0	0
0	26
0	5
19	5
0	5
5	14
165	56
0	22
0	0
8	2
0	2
0	19
0	15
1	66
0	44
49	29
0	0
0	0
9	0
0	0
0	34
0	27
0	0
0	0
0	0
28	0
0	7
0	5
42	21
62	0
0	0
0	0
1	1
0	0
39	2
47	8
19	0
0	8
0	8
1	8
96	2
6	0
7	15
2	15
0	13
0	13
26	0
0	1
0	1
0	0
8	1
0	1
0	30
0	30
0	30
0	0
0	69
58	77
10	86
0	76
9	12
0	15
0	0
1	2
34	101
134	43
0	1
0	1
0	1
10	1
0	0
2	0
0	0
0	0
0	0
0	3
19	2
0	0
12	0
0	0
12	2
0	0
0	0
1	0
0	0
28	18
2	81
0	69
0	21
0	63
1	1
0	1
0	1
0	31
0	70
0	22
0	0
0	0
3	0
7	0
0	0
0	0
1	59
0	49
0	0
0	0
6	59
0	3
0	4
1	4
6	9
0	9
0	0
0	0
0	0
0	0
0	0
0	0
0	0
0	0
0	0
0	2
0	4
0	4
0	1
0	3
0	0
0	2
0	0
0	2
0	3
0	4
0	14
0	22
1	18
4	22
0	0
0	9
0	13
0	4
1	0
0	1
0	1
0	0
0	0
0	0
0	0
28	113
0	113
0	47
5	45
0	46
0	0
0	86
0	86
22	33
0	32
10	39
0	1
0	0
5	18
12	38
0	2
8	19
0	19
1	15
0	15
50	18
0	18
3	0
0	0
0	82
9	11
5	7
10	7
0	0
0	0
0	0
2	1
1	41
0	57
0	14
1	14
16	0
0	0
0	0
0	3
0	2
0	2
0	0
1	0
0	0
1	3
0	0
0	3
8	0
0	0
0	0
0	0
0	0
0	0
0	0
1	0
0	1
0	1
0	25
2	0
0	24
34	0
5	0
0	0
0	0
0	0
0	0
18	24
0	0
0	0
0	0
15	39
0	59
8	39
0	0
2	35
0	35
87	13
0	13
7	4
0	0
0	0
0	0
0	0
12	0
0	0
0	8
0	8
0	1
0	8
44	1
0	1
0	1
1	0
0	0
0	0
0	0
11	0
0	2
10	0
0	0
0	0
0	0
0	0
0	0
0	0
8	2
0	2
0	0
0	2
0	2
0	0
2	0
0	0
2	75
0	55
19	51
0	75
8	20
9	13
5	37
9	1
0	1
0	51
0	1
13	7
0	7
0	0
13	28
0	21
0	1
0	1
0	1
13	1
0	1
26	24
25	9
0	9
0	0
0	0
0	0
14	5
9	6
15	9
0	2
0	3
0	0
0	1
3	47
82	47
0	0
0	0
0	0
0	1
0	0
19	4
0	3
0	4
0	3
4	0
0	8
0	1
0	8
0	8
0	1
0	8
2	15
0	1
0	15
0	1
0	0
4	3
0	3
4	13
0	13
0	0
4	1
0	13
0	32
0	31
0	0
10	31
0	0
0	0
0	0
40	18
0	12
0	16
0	0
0	1
6	15
0	3
0	8
192	4
1	0
4	15
20	0
1	117
0	124
0	25
0	9
0	9
0	0
0	0
0	2
69	243
0	243
46	0
0	1
0	0
0	1
1	11
0	11
19	17
22	0
20	64
204	34
12	46
36	54
23	35
0	35
0	28
0	30
0	22
0	10
90	28
0	23
0	21
17	13
16	10
0	3
0	0
0	16
0	0
0	7
3	1
0	7
0	7
0	0
0	0
2	2
39	0
203	4
17	3
0	3
0	1
0	11
7	3
0	18
1	18
0	37
0	26
11	15
0	33
0	11
0	2
0	2
21	0
7	0
20	40
0	40
7	5
0	5
41	0
2	0
4	11
0	11
5	0
77	11
0	11
0	11
0	15
0	15
0	3
0	4
0	3
0	0
0	0
124	0
0	0
0	0
0	1
26	4
0	6
62	11
55	0
0	11
0	0
2	4
0	4
1	0
0	4
0	4
0	0
0	4
0	4
0	4
0	4
0	4
2	4
50	0
1	21
0	21
2	1
0	0
155	0
0	0
0	0
0	0
0	0
0	0
2	0
9	3
0	2
0	2
0	1
1	0
1	1
0	1
14	10
2	9
1	9
3	2
0	2
0	2
1	0
12	3
159	18
4	11
0	7
4	121
0	4
0	0
0	0
0	0
2	0
369	166
0	0
0	117
0	161
0	164
0	117
0	159
0	164
0	164
0	0
0	0
0	0
0	159
0	166
0	117
0	0
0	0
0	0
0	7
0	124
0	161
0	161
0	0
0	0
0	47
0	161
0	0
6	88
0	1
0	0
0	15
0	8
0	8
0	0
0	0
0	1
0	78
6	30
3	60
12	15
0	15
0	15
0	17
0	15
0	7
0	8
25	30
0	21
0	18
0	1
0	0
0	1
0	1
0	0
55	6
0	0
12	1
0	1
0	0
0	0
0	0
0	0
0	15
0	0
0	15
3	3
0	2
2	0
21	6
13	6
101	0
0	0
0	0
12	3
0	2
0	3
4	0
0	32
4	0
13	0
0	32
55	56
18	56
0	8
46	35
1	35
17	0
0	2
0	4
0	3
0	4
0	0
9	1
0	4
0	2
0	2
0	2
0	0
0	0
0	0
0	0
0	0
0	0
0	0
0	0
0	0
0	0
0	0
0	0
0	0
0	0
0	0
0	0
0	0
0	0
0	1
0	1
113	21
0	8
1	7
0	1
1	1
2	7
0	9
1	6
378	23
0	24
0	23
0	21
0	0
4	1
3	9
0	4
0	2
0	2
4	2
0	2
0	42
22	44
904	1
3	1
0	0
0	0
0	21
6	22
12	9
0	0
8	48
13	48
0	5
0	10
0	17
0	9
0	17
0	17
1	604
4	12
0	5
20	34
0	0
0	0
0	25
53	24
0	23
0	23
1	15
0	14
0	6
0	0
0	0
0	0
1	1
0	0
0	0
0	0
29	84
3	3
0	36
6	23
0	6
0	0
11	13
0	20
0	20
0	8
0	0
0	0
0	0
0	0
0	0
0	0
0	0
0	0
0	0
484	78
0	4
0	74
0	0
0	0
0	0
0	0
0	1
0	1
0	0
0	0
68	55
0	41
0	4
0	0
51	38
0	38
0	21
11	0
15	13
2	0
0	13
0	13
5	11
0	11
1	1
0	0
3	0
0	0
3	0
0	1
0	13
0	5
0	3
1	4
0	9
7	11
0	9
1	4
93	45
2	24
0	20
0	21
0	17
1	10
5	11
3	55
1	55
0	52
0	0
7	1
3	2
0	3
0	1
0	0
12	21
0	21
0	20
0	12
0	6
0	0
0	0
0	0
0	0
0	0
35	5
11	1
0	1
0	1
0	1
0	1
0	1
0	1
0	1
0	0
52	24
0	0
16	1
0	0
0	0
0	1
0	21
0	20
0	1
0	0
0	8
0	4
0	0
0	24
71	15
0	10
0	5
0	0
110	11
0	0
0	0
0	0
0	11
0	0
218	237
0	237
32	1
0	1
8	8
0	1
0	1
67	0
0	3
0	3
0	3
48	3
24	0
0	3
0	7
0	8
0	7
2	119
0	119
65	0
3	5
0	5
46	0
0	0
0	0
1	0
28	0
57	43
1	41
53	3
0	1
0	1
15	26
0	1
0	1
0	0
0	0
0	0
6	3
1	0
0	0
0	1
0	0
6	3
0	0
4	0
0	0
6	0
0	0
0	0
0	0
0	0
0	0
18	2
6	33
0	33
0	33
4	0
0	8
0	10
23	0
0	0
1	0
0	1
0	2
0	2
0	0
0	0
0	1
0	1
26	6
272	34
24	6
0	0
0	29
46	92
0	66
0	37
0	37
0	5
1	0
5	0
0	6
3	6
0	0
0	0
0	0
0	52
0	52
0	31
0	38
0	30
0	14
0	4
1	4
0	5
0	0
0	0
8	7
0	0
0	31
0	0
0	0
0	0
54	11
0	1
0	11
0	0
1	0
17	18
0	0
0	11
0	99
54	163
0	36
11	0
0	0
7	99
0	0
15	199
134	69
0	16
42	16
5	31
0	49
0	0
0	49
44	13
0	22
0	13
0	17
2	40
1	50
0	0
0	0
0	4
0	4
0	4
3	0
0	5
1	0
0	3
1	0
29	0
54	13
0	8
0	0
75	0
4	0
97	6
109	1
0	1
0	2
0	3
0	2
0	3
0	2
0	2
0	2
0	3
0	1
0	3
0	0
0	2
0	2
8	0
0	0
0	2
4	2
13	13
588	2
0	0
0	0
0	0
0	0
0	0
0	0
84	60
0	60
0	36
0	0
0	0
0	19
0	0
2	0
6	28
0	0
0	20
2	0
0	0
0	0
0	5
0	5
0	5
0	21
3	0
5	22
0	1
4	3
0	0
0	10
1	10
0	0
8	1
21	41
0	2
0	2
0	7
0	2
0	3
0	3
0	0
0	0
0	0
22	36
0	24
0	36
0	29
0	1
0	1
4	12
1	0
0	0
2	0
0	11
0	11
0	3
0	3
1	3
1	13
5	0
0	0
0	0
0	0
0	0
0	0
0	0
0	0
50	0
0	3
0	3
0	0
0	1
0	0
62	1
0	0
4	0
0	22
18	32
3	16
0	13
0	23
0	22
0	8
7	0
0	0
0	0
1	0
0	8
3	8
0	0
0	7
0	1
38	0
87	206
43	213
0	16
0	9
0	5
0	2
0	1
2	0
0	0
1	10
6	11
7	0
4	0
0	0
0	0
0	0
0	12
15	0
0	0
0	1
0	1
0	0
4	19
10	17
0	1
0	2
1	0
84	1
21	1
26	0
1	0
0	0
0	1
0	1
0	1
0	1
0	0
0	0
2	0
2	0
0	1
0	1
0	1
0	0
0	0
0	0
0	0
0	0
4	30
0	1
0	0
0	30
0	12
0	1
14	4
2	1
1	4
0	1
0	0
0	0
45	20
0	20
1	0
3	0
0	0
0	0
0	0
0	0
0	0
0	0
0	0
13	6
0	0
0	6
27	28
0	9
0	19
18	6
0	6
0	0
0	5
0	5
42	0
105	14
0	14
0	1
0	3
57	3
1	0
1	0
3	22
16	19
1	17
0	3
0	1
600	0
97	87
0	20
2	64
3	57
0	52
3	0
1	0
15	56
0	3
0	2
0	1
0	72
0	19
0	1
0	33
0	0
9	1
12	1
3	4
0	6
0	5
1	3
0	2
0	7
0	8
0	8
0	8
0	8
1	0
0	14
0	0
0	3
0	24
0	14
538	24
0	23
0	3
102	0
20	3
7	38
136	49
0	29
0	8
3	0
0	0
0	0
0	0
0	0
3	0
12	0
1	0
12	52
0	52
0	17
0	4
0	15
0	10
0	11
0	1
0	6
1	0
14	23
0	12
0	10
0	0
7	6
1	6
0	0
0	0
24	0
0	6
0	7
0	7
0	0
0	2
0	7
0	0
0	0
0	1
0	1
0	6
0	1
4	1
0	6
2	5
0	5
31	7
0	7
1	0
0	0
0	7
9	6
8	0
2	0
34	48
14	42
0	38
0	46
0	5
0	25
49	25
0	0
1	0
1	0
8	47
0	42
0	21
35	15
0	0
2	0
0	5
10	0
0	22
0	1
0	21
0	21
0	0
9	0
0	0
0	0
0	21
0	1
71	71
3	71
0	71
17	58
0	57
0	44
36	26
0	1
0	0
0	2
0	2
0	2
0	1
1	0
0	59
0	5
0	1
0	0
1	54
2	54
0	6
0	6
0	21
8	15
10	0
0	0
0	0
0	0
1	1
0	1
2	30
0	31
0	30
0	29
0	25
35	9
18	39
0	1
82	63
0	1
1	34
0	33
0	33
0	7
0	0
3	0
0	0
5	25
0	2
0	0
0	0
0	0
0	0
6	0
0	5
9	5
351	0
9	0
0	0
55	3
8	3
2	0
0	0
0	12
0	12
0	0
3	6
32	4
1	0
0	0
1	35
10	2
0	35
0	0
0	19
0	19
0	6
5	25
0	1
0	24
0	21
65	42
0	31
0	0
63	0
0	1
0	1
0	0
0	5
0	5
0	1
0	5
0	1
12	0
92	29
11	8
3	22
1	0
19	1
1	1
9	5
0	5
0	0
3	5
2	0
0	16
0	11
4	15
83	209
0	29
0	72
0	73
0	209
0	158
0	141
0	21
1	0
0	43
16	0
7	108
0	108
0	0
3	0
24	223
2	200
0	0
0	4
0	23
0	0
0	0
0	0
0	0
0	0
0	0
0	0
0	25
3	25
0	5
0	0
0	15
0	0
1	15
0	2
0	4
1	2
0	0
0	0
0	0
6	8
0	8
12	15
0	15
22	0
4	34
0	31
0	1
0	2
1	0
4	1
0	17
32	28
0	0
2	0
107	89
2	34
1	0
79	3
0	0
0	3
0	0
41	0
0	0
0	0
4	0
8	0
3	3
1	1
0	2
1	1
0	1
4	1
6	13
0	9
1	6
5	1
246	3
0	3
0	25
0	3
0	0
0	22
0	0
4	22
0	22
1	22
0	0
0	3
1	0
0	16
8	3
0	16
0	8
0	3
1	3
2	29
0	24
0	35
0	1
0	0
0	0
0	0
13	69
0	69
69	19
0	19
2	19
0	7
0	7
0	11
37	2
0	5
2	5
0	2
0	0
20	11
0	9
0	0
10	0
5	5
0	0
2	88
1	88
0	17
0	17
1	0
0	11
2	11
0	22
0	48
0	55
11	55
0	36
0	45
4	0
0	37
0	22
0	0
0	22
0	37
0	0
7	26
0	26
0	26
0	26
0	26
6	26
0	0
0	0
72	0
0	0
0	1
0	1
0	1
84	11
0	11
0	0
0	0
3	0
0	0
0	0
0	0
0	0
0	0
1	0
1	0
4	0
1	0
0	0
0	0
0	0
0	0
0	0
0	0
0	0
0	0
1	0
15	0
0	0
0	0
1	0
4	0
0	7
0	12
14	12
0	9
0	0
0	0
191	0
0	0
2	0
0	8
4	8
231	2
15	2
0	0
0	0
0	0
48	15
0	15
0	15
0	0
43	0
0	0
4	2
0	0
9	0
0	0
0	2
0	0
1	2
1	0
0	13
0	13
4	0
2	7
0	1
1	1
0	0
0	1
26	88
0	82
0	74
4	22
147	273
0	6
25	282
0	73
88	73
12	0
14	19
7	37
0	35
110	56
0	8
3	37
4	38
0	105
0	89
0	100
0	105
171	100
31	105
83	81
0	0
0	1
1	88
0	84
0	55
0	6
1	1
44	0
0	0
0	0
0	0
6	15
0	0
0	0
0	0
0	88
0	5
0	2
0	2
1	3
0	1
0	4
4	1
0	0
0	0
0	0
37	33
0	33
0	0
14	26
0	0
4	33
0	1
3	0
0	1
0	0
0	1
17	0
0	0
0	0
0	0
6	1
10	15
0	13
0	0
0	0
28	18
0	0
0	0
0	60
0	5
3	60
0	5
0	0
0	4
0	0
0	0
2	0
0	0
1	0
0	0
1	0
0	0
5	0
24	67
0	45
0	0
0	39
0	0
0	0
0	0
0	0
141	21
0	7
0	21
0	0
0	2
0	2
0	0
0	5
31	0
89	0
0	0
13	51
0	50
0	0
0	0
0	0
5	1
0	1
17	17
0	11
0	11
0	17
9	0
0	11
16	0
0	0
0	0
0	0
0	0
0	0
5	2
2	2
0	4
18	4
0	2
0	1
94	0
2	19
0	4
12	3
0	3
0	0
0	0
0	0
0	19
53	0
0	0
16	29
1	0
0	29
41	65
12	35
0	59
8	52
0	52
4	25
0	17
6	6
0	12
0	0
0	0
1	0
11	27
0	27
1	27
0	27
0	27
0	9
11	6
0	27
32	2
0	2
1	2
0	3
8	3
0	0
19	212
0	177
0	162
5	99
0	99
0	126
3	6
3	6
8	0
0	0
0	12
0	8
4	0
0	2
0	2
0	0
5	3
0	41
0	11
5	18
0	0
0	0
0	0
0	0
0	17
0	9
0	17
0	0
3	7
5	7
0	0
21	0
0	17
0	17
0	13
0	18
0	18
0	0
0	0
0	0
0	0
0	4
0	0
5	0
0	0
0	0
23	8
8	0
1	0
0	0
0	0
1	0
0	0
0	0
0	0
12	12
0	0
0	1
0	11
22	0
15	1
0	1
0	0
0	0
6	60
0	60
0	60
0	0
24	45
0	0
0	0
7	48
0	5
0	5
0	5
0	0
0	5
0	0
0	5
0	0
0	0
4	351
9	91
5	297
0	14
23	362
0	224
0	0
0	0
0	24
0	1
0	0
0	0
0	0
0	0
0	0
0	9
0	24
0	11
0	11
2	0
0	5
0	0
0	1
8	0
0	1
0	1
10	1
0	2
0	0
0	1
0	2
0	1
3	1
0	11
0	11
0	12
27	10
0	10
0	12
18	11
0	2
0	6
0	2
12	0
6	1
0	0
0	2
2	63
0	78
2	15
0	0
0	82
6	7
0	0
0	82
0	82
0	0
0	0
15	0
2	0
0	0
0	0
171	48
0	17
4	18
0	17
0	17
0	1
0	1
0	1
0	6
0	64
0	25
126	72
27	23
0	0
0	9
1	18
9	0
326	3
0	2
0	0
0	0
172	117
95	202
21	0
0	0
23	0
8	1
0	6
0	0
0	0
0	6
0	0
0	0
0	0
0	0
0	0
0	1
0	1
5	0
1	0
0	0
522	27
12	28
0	1
0	1
0	1
0	0
5	1
0	0
50	5
0	1
0	0
0	5
0	23
0	24
0	0
0	1
0	0
0	0
0	1
0	1
0	5
0	0
0	5
0	5
0	0
0	0
0	0
0	0
0	0
36	20
10	35
0	79
124	269
0	15
0	19
0	15
0	75
0	22
4	7
113	16
0	0
10	13
0	0
0	6
0	3
0	10
0	22
0	15
70	9
71	1
0	0
0	0
0	33
0	32
0	5
0	33
0	15
4	2
12	15
0	2
3	0
15	3
0	3
5	0
0	180
0	180
0	127
0	126
0	46
1	0
30	25
0	12
0	12
20	36
0	4
0	0
0	0
0	0
37	0
0	0
1	0
1	12
0	5
4	5
0	5
0	5
0	0
0	0
0	0
0	0
0	0
0	0
0	0
0	0
0	0
0	0
0	65
0	65
0	0
0	0
671	53
0	0
0	23
0	47
15	0
0	0
5	0
0	0
0	0
0	1
0	1
0	1
0	1
0	1
0	1
0	0
12	0
0	1
34	27
0	25
0	24
4	0
0	7
0	7
0	0
5	13
0	0
0	1
0	11
0	11
0	11
2	65
0	18
1	52
0	38
0	39
0	0
0	0
2	10
0	10
2	10
0	1
0	0
0	8
0	16
0	13
0	17
0	14
0	3
3	3
0	3
0	0
0	0
0	14
60	28
0	45
1	40
0	2
0	40
0	4
0	23
0	23
0	23
0	23
0	0
1	0
0	0
0	0
0	0
0	3
2	23
2	23
3	36
0	0
0	29
0	29
0	0
0	19
8	1
22	31
8	31
0	12
0	29
10	0
1	31
4	13
0	13
2	0
0	2
0	2
0	0
1	1
0	1
0	3
0	3
6	28
4	0
0	2
3	2
0	2
3	1
0	1
2	0
0	102
0	101
0	0
0	20
16	97
0	23
0	23
11	23
0	0
0	1
0	0
0	0
0	8
0	0
0	33
24	33
0	33
0	0
33	10
0	2
1	10
0	8
0	0
0	0
0	4
0	0
0	29
0	11
3	11
0	32
0	13
0	0
6	5
0	3
0	10
0	10
2	9
0	9
50	1
0	1
97	0
2	0
6	0
17	6
0	6
5	0
0	0
0	0
0	0
0	0
7	0
0	0
0	0
0	0
4	36
0	50
11	144
0	136
0	31
0	117
0	19
0	19
15	14
0	2
0	0
5	2
0	1
0	0
0	0
0	0
0	0
2	18
0	13
0	0
0	48
0	6
0	6
123	85
0	23
55	39
0	1
1	3
0	0
0	3
38	39
0	5
0	0
0	0
0	0
0	1
0	0
5	1
0	1
1	34
0	11
74	0
148	0
2	0
5	16
0	16
0	0
6	27
0	27
0	26
23	16
0	16
19	3
2	6
0	3
25	3
0	0
0	0
0	0
0	6
1	1
39	3
0	3
0	3
0	0
3	0
54	30
0	34
0	34
0	32
26	65
3	53
0	59
13	59
57	79
0	23
0	0
0	58
0	0
0	1
3	11
0	9
0	12
0	7
0	7
0	5
0	1
0	1
8	0
0	1
0	8
1	14
0	13
0	158
0	158
12	11
0	11
0	3
0	34
0	3
0	0
0	1
0	47
0	0
0	26
4	0
0	0
0	47
0	0
0	0
0	0
0	0
67	103
0	0
0	0
5	0
1	0
20	1
0	1
1	0
0	0
7	0
0	0
15	7
0	0
0	0
0	1
3	34
0	5
0	5
0	5
0	5
0	0
0	34
74	3
4	3
0	0
0	13
1	13
0	0
0	0
0	0
0	9
10	0
5	0
94	219
0	219
0	90
0	90
22	96
0	0
11	0
0	96
0	0
19	2
0	6
0	6
0	6
9	511
0	511
1	67
0	0
5	9
0	9
7	60
0	151
0	21
0	0
0	89
1	0
0	91
0	3
0	3
0	0
0	63
0	89
0	63
0	149
0	1
2	11
0	1
14	19
0	14
0	9
0	14
0	14
0	14
0	4
131	1
0	1
6	3
0	3
0	0
17	0
0	2
0	2
0	0
0	0
5	0
1	2
0	0
0	0
27	2
14	259
16	255
0	239
0	239
0	85
0	0
0	0
30	21
3	21
11	6
0	17
3	7
4	7
0	7
0	6
0	7
0	0
0	2
0	2
28	103
0	103
2	39
4	1
2	1
0	0
0	0
0	0
0	1
66	0
0	0
1	0
3	0
8	0
5	0
0	0
0	0
0	0
0	20
0	20
4	0
18	0
45	20
0	0
14	15
5	19
0	19
0	10
1	13
0	11
0	4
0	19
21	0
0	3
0	3
0	25
0	3
4	25
0	3
0	1
0	9
0	7
0	1
0	1
14	0
29	9
0	1
0	0
0	8
11	0
0	3
0	2
0	2
0	3
0	2
0	3
0	0
2	0
0	0
0	1
0	1
0	0
0	0
0	0
0	0
0	0
0	0
0	0
0	0
0	0
0	0
0	0
0	0
0	0
2	0
0	6
1	6
0	59
0	10
20	58
63	48
1	4
4	0
0	4
23	32
0	30
0	23
13	11
0	2
6	2
0	0
13	5
21	5
79	2
0	2
0	0
72	31
0	18
0	11
12	0
10	0
5	0
0	0
0	0
28	2
87	23
14	30
8	12
0	12
0	0
0	0
0	72
0	72
4	0
2	0
0	0
0	0
87	2
0	2
6	2
0	0
0	0
1	1
0	0
54	0
1	0
0	22
11	22
8	11
0	0
1	0
0	10
0	0
0	0
84	44
0	44
0	64
0	22
1	18
0	24
0	0
22	8
0	5
0	8
0	8
0	8
0	8
0	4
2	8
0	4
0	4
0	0
0	8
0	0
0	0
6	0
0	0
0	1
6	1
14	0
0	0
1	0
1	0
0	0
0	0
0	0
44	3
8	0
0	0
23	0
0	3
1	0
0	0
0	0
2	0
0	0
0	0
34	0
0	0
0	5
13	19
0	1
0	1
0	14
6	6
7	0
0	5
0	1
0	1
24	0
0	9
0	1
0	0
10	1
0	0
0	0
0	0
0	0
0	0
111	21
0	21
0	0
2	5
0	5
0	5
0	1
0	1
0	0
254	0
0	0
3	0
0	1
0	95
10	93
0	95
0	2
0	4
0	4
1	1
3	0
0	5
0	5
0	17
0	17
0	17
0	17
7	17
0	3
0	2
15	0
0	0
0	0
0	0
3	12
8	7
5	7
7	0
0	2
0	0
0	0
0	7
0	5
68	29
0	10
14	0
0	0
0	24
0	2
0	1
0	1
9	17
0	17
19	105
1	87
0	89
0	0
0	2
0	18
5	13
0	14
5	12
0	2
0	0
0	0
0	0
31	5
1	1
6	20
0	1
2	1
6	2
0	0
2	24
0	24
1	17
0	17
0	16
0	15
0	15
0	0
0	0
27	8
5	2
0	2
0	0
0	0
0	6
0	0
0	6
0	1
0	1
0	1
1	21
0	2
5	7
0	0
0	15
0	0
0	6
0	10
0	10
0	14
0	0
0	0
0	0
11	5
3	0
78	0
72	4
0	0
0	0
0	4
173	13
1	10
0	13
0	11
0	2
6	0
0	0
0	0
1	1
0	1
1	0
0	0
0	66
5	15
0	53
0	9
3	3
2	3
38	0
0	1
0	1
0	0
0	0
0	0
0	1
0	0
211	0
0	10
0	4
0	4
12	0
37	1
0	0
0	1
545	19
1	32
0	18
0	30
9	1
0	1
0	0
0	3
0	1
0	1
0	0
0	0
0	0
0	0
21	0
0	2
0	2
0	0
0	0
1	17
0	17
0	0
0	0
2	67
70	67
76	4
16	0
22	0
4	4
0	4
10	0
7	0
0	0
0	0
12	0
31	10
0	0
89	10
0	3
0	3
0	2
0	0
53	0
15	2
0	0
0	0
0	0
0	0
0	0
2	0
0	0
0	0
0	0
5	0
0	0
19	0
299	0
0	19
0	19
0	4
0	0
9	21
1	1
0	0
37	0
0	30
0	13
15	0
1	0
0	30
12	1
31	30
0	48
0	48
37	7
0	7
23	36
16	11
2	6
1	6
0	18
0	18
0	29
0	13
0	4
1	25
9	0
0	0
0	0
0	0
0	0
0	0
0	0
0	18
0	18
3	11
0	0
0	3
0	7
2	19
0	12
0	11
51	0
6	0
19	75
21	75
0	36
0	8
2	0
2	0
0	0
3	0
14	0
393	1
4	1
0	0
0	0
0	0
0	0
0	0
1	0
0	0
0	0
0	0
0	3
0	2
0	3
26	8
0	0
0	0
8	8
0	3
0	3
12	7
0	2
1	1
0	0
0	5
0	5
4	10
5	0
0	10
0	10
4	10
0	10
0	0
0	0
2	6
0	6
0	10
105	8
247	8
1	66
0	19
0	11
1	0
0	0
15	54
38	55
0	45
17	21
0	25
2	50
0	12
0	27
0	29
0	6
2	31
0	69
0	3
0	6
0	0
0	69
20	9
0	5
0	1
24	734
11	0
0	0
63	0
0	0
0	734
0	9
0	10
0	10
0	10
1	1
0	0
0	0
8	7
0	7
3	1
0	10
45	0
786	39
0	49
0	4
0	4
0	14
11	14
0	5
0	18
4	7
0	498
0	14
0	498
119	0
0	100
0	2
0	9
0	8
0	0
2	43
0	57
17	104
0	45
16	96
25	3
11	17
0	17
0	1
0	3
0	1
2	1
0	0
2	0
1	0
1	0
0	0
66	45
0	43
0	39
0	109
57	109
0	20
0	20
0	13
1	20
0	19
1	8
0	0
0	0
0	0
0	0
0	11
0	0
71	0
0	2
0	2
0	2
0	2
0	2
0	2
0	0
1	0
0	0
0	0
6	0
15	34
0	33
1	0
9	17
0	19
21	2
0	24
0	39
0	0
12	39
7	14
0	0
0	0
27	46
0	46
0	41
0	45
0	65
0	65
0	14
0	1
0	1
0	1
0	1
2	23
4	0
0	0
48	71
12	71
0	53
0	43
0	34
0	20
0	0
0	0
0	0
0	4
0	0
0	4
0	4
3	0
10	10
1	0
0	9
0	0
4	4
0	3
0	0
0	0
0	4
1	0
0	3
0	4
6	52
1	0
19	52
0	0
2	1
0	1
0	1
0	1
16	88
0	88
0	0
0	0
0	0
20	53
0	53
0	0
0	0
0	1
0	1
0	0
0	82
0	25
30	28
0	28
0	10
1	0
0	0
0	0
0	29
0	27
0	30
0	4
0	0
0	0
0	30
6	5
0	2
0	2
0	2
0	1
59	4
5	0
0	0
0	0
0	0
0	0
0	0
0	0
1	0
0	3
0	0
0	0
15	4
0	0
2	4
0	4
0	17
0	15
0	14
1	15
0	7
0	8
0	8
0	7
0	8
0	7
0	8
0	173
0	173
379	196
0	102
0	93
0	421
16	387
0	9
0	1
0	301
0	172
0	3
0	3
10	3
0	17
0	3
0	0
0	0
5	0
0	14
0	15
0	15
72	44
0	0
0	0
0	0
0	0
0	2
0	0
0	2
0	2
0	44
0	0
2	2
5	5
4	1
0	1
0	1
0	1
0	0
4	4
0	1
29	10
0	6
0	9
10	10
0	5
0	1
0	0
0	0
0	0
1	0
0	3
0	3
1	0
0	0
0	0
0	1
0	0
0	0
0	0
0	0
14	0
0	0
0	0
12	0
36	39
0	27
0	27
0	39
0	8
0	0
8	0
4	8
0	45
0	52
0	13
0	18
193	19
0	18
2	13
0	3
0	0
5	0
0	0
0	57
22	8
0	3
0	0
0	0
0	0
0	0
0	3
17	71
0	30
0	71
0	28
4	63
0	53
0	11
0	6
5	37
0	0
0	0
0	7
1	0
15	7
0	2
0	2
0	5
0	0
0	0
0	0
0	1
0	1
1	0
7	2
0	0
0	0
3	0
0	2
23	28
307	0
0	5
0	28
58	1
0	0
39	15
0	0
0	0
0	0
0	0
1	0
3	1
0	1
0	0
0	108
36	0
0	1
0	3
0	1
0	108
5	26
0	0
0	0
8	0
2	0
0	0
0	0
0	26
9	10
0	10
9	10
0	10
5	10
0	10
0	10
0	0
0	57
0	0
0	0
0	0
40	0
0	0
64	20
10	0
0	3
64	3
2	4
4	3
1	2
2	2
0	28
5	30
19	12
31	77
0	69
0	0
0	0
0	8
0	0
0	120
6	109
0	120
7	78
0	31
0	1
0	0
14	0
0	3
0	8
1	277
7	5
0	220
0	13
0	67
0	8
9	7
0	22
139	30
0	0
0	6
0	28
0	27
1	0
10	0
0	0
9	30
0	9
0	9
1	1
0	2
0	0
3	0
0	1
0	1
1	1
44	0
0	0
194	32
0	25
0	7
64	5
1	4
0	0
0	0
0	0
0	5
9	0
2	5
0	23
2	23
0	23
0	23
0	0
0	0
7	0
11	0
0	0
0	11
0	11
0	11
0	0
56	100
0	99
0	0
1	0
0	0
0	5
0	2
4	2
1	0
0	0
0	0
1	0
1	0
0	0
0	0
0	0
5	28
0	0
0	28
16	0
0	26
0	50
0	12
0	1
0	50
0	1
0	49
0	1
0	1
55	12
44	10
10	10
0	10
3	0
0	1
0	0
2	0
5	40
0	1
5	36
27	38
0	7
0	24
0	2
0	2
0	0
0	56
0	56
3	0
0	56
0	4
7	40
0	1
0	1
0	3
1	1
0	1
0	0
0	0
0	0
0	0
0	0
0	0
0	0
11	29
1	29
8	0
57	9
0	11
0	8
2	2
0	0
0	0
0	0
0	11
0	11
5	8
0	6
0	7
0	0
0	8
0	8
0	6
0	0
0	1
0	1
0	0
0	5
16	2
0	0
0	0
1	0
0	0
0	0
0	0
0	2
0	3
176	0
0	5
70	22
0	0
60	5
0	0
0	0
0	22
1	0
0	0
31	0
1	0
0	0
0	1
0	1
0	1
0	1
0	0
0	0
1	3
0	0
0	0
0	0
0	0
1	0
0	3
1	2
0	2
2	0
0	0
0	0
0	0
0	209
0	209
36	208
0	7
0	7
0	7
0	0
1	0
0	1
0	1
100	33
0	33
1	2
0	28
0	0
0	0
0	0
0	0
2	0
0	0
8	0
1	18
0	0
13	26
0	64
0	5
54	70
0	74
0	71
63	67
0	0
0	2
0	2
0	0
0	2
0	2
0	1
1	0
0	2
0	1
0	1
0	1
0	24
2	6
1	6
19	6
0	6
0	0
0	0
0	0
0	12
0	12
0	0
0	0
0	0
0	0
0	0
0	0
0	0
0	17
2	17
0	18
0	18
0	17
61	0
0	1
0	0
20	1
0	2
0	28
1	28
0	28
35	15
0	0
0	0
0	0
0	14
0	0
0	12
0	15
0	15
0	11
0	11
0	9
3	9
3	7
0	7
0	7
15	8
0	8
0	0
39	19
1	17
6	1
10	1
0	1
0	1
0	1
39	1
0	1
0	1
15	24
7	31
0	0
0	7
0	7
4	18
0	1
0	1
0	1
0	18
0	15
2	0
14	25
0	25
8	212
0	44
0	0
0	0
0	58
0	62
0	23
0	57
0	57
0	0
0	57
0	14
0	3
0	3
0	4
0	4
0	3
0	3
0	2
0	253
13	188
0	187
0	16
0	16
0	12
12	16
0	252
4	2
0	2
62	21
0	0
3	1
0	0
0	0
8	0
0	0
0	21
90	1
0	1
0	0
0	0
6	104
15	97
0	1
4	1
0	0
6	27
0	0
0	7
0	2
21	0
6	13
0	1
0	4
0	9
0	2
0	2
17	4
1	5
0	55
39	64
0	19
1	0
3	1
0	25
0	25
17	0
0	22
0	5
0	5
2	22
7	0
0	17
0	9
0	10
0	0
6	17
12	1
10	2
0	2
0	0
16	57
0	1
0	1
0	2
0	16
0	16
0	16
0	16
0	16
0	0
14	0
0	2
0	2
0	68
16	89
0	18
0	41
0	38
20	21
2	9
0	1
0	8
1	6
0	1
1	1
4	3
0	3
0	6
0	6
0	6
0	1
0	0
0	1
0	1
0	90
0	93
0	90
0	71
0	66
0	65
96	6
1	6
24	9
0	1
0	0
0	2
71	21
0	6
0	0
0	0
0	0
0	0
0	0
4	8
0	4
3	0
0	7
40	0
0	0
52	180
4	34
17	66
0	54
9	39
70	12
0	0
18	0
2	3
31	3
0	0
4	54
1	3
0	55
96	100
0	100
0	3
0	0
1	0
1	0
1	2
17	19
0	19
0	1
0	1
0	1
0	0
0	1
1	0
0	0
45	1
0	1
1	0
0	0
0	10
23	10
0	6
34	12
6	12
0	30
0	0
0	0
0	30
10	1
1	1
0	27
0	27
0	0
0	0
0	0
5	24
135	38
4	35
0	38
0	38
0	0
173	0
16	8
0	7
0	4
11	159
0	163
0	0
0	0
0	3
0	0
1	4
0	4
0	163
0	13
0	0
0	13
0	5
0	0
0	7
8	7
0	0
1	0
12	0
89	14
0	14
76	79
10	79
0	72
0	1
6	0
29	2
0	0
31	0
0	0
0	1
0	1
1	0
4	9
1	4
0	1
0	1
0	0
0	1
31	5
0	5
0	0
0	0
1	0
3	144
0	144
0	3
0	11
0	11
0	33
0	33
0	8
0	0
0	0
0	0
0	0
0	0
0	0
0	33
0	0
0	0
0	0
0	0
0	0
0	0
0	0
0	0
0	0
11	0
0	0
0	33
0	33
145	17
2	1
5	17
0	17
4	0
0	7
3	7
0	7
0	0
0	0
0	0
6	0
2	11
0	17
0	0
0	0
0	16
0	2
30	15
0	2
1	2
0	1
0	0
0	1
0	1
19	33
0	4
0	0
1	0
0	0
0	0
8	25
0	25
0	6
5	0
97	110
0	0
0	0
0	56
1	110
0	0
0	0
0	0
28	26
0	26
0	0
1	0
0	6
0	47
0	33
11	26
0	5
0	0
2	13
49	5
0	0
0	5
0	5
0	4
12	0
0	0
0	5
20	9
0	7
106	95
0	20
0	36
0	0
0	36
3	0
0	20
0	0
13	22
5	0
0	0
0	74
0	0
9	0
0	2
38	72
13	13
8	5
0	67
0	8
0	8
1	0
1	0
0	0
13	0
0	0
0	0
0	0
0	0
0	3
0	43
0	0
0	0
3	57
0	0
4	57
0	34
0	36
0	18
0	34
8	0
0	0
0	0
0	0
0	4
0	4
0	4
0	2
0	0
0	1212
21	14
12	8
0	1212
0	6
0	0
5	0
0	0
0	48
1	14
0	0
0	0
0	0
0	26
10	23
1	5
0	6
1	2
0	5
0	1
1	2
0	0
0	0
0	0
0	1
0	1
0	1
0	1
0	2
0	0
0	0
0	0
0	1
0	27
18	27
0	6
195	6
2	6
141	49
0	49
0	49
0	53
0	0
1	0
0	0
0	4
0	0
17	0
0	0
0	0
1	0
0	0
10	34
0	34
0	34
0	0
0	0
0	0
0	0
0	0
0	0
0	0
1	0
13	1
0	1
0	1
0	86
35	86
0	0
0	0
1	0
0	24
74	15
0	0
32	15
5	0
6	1
0	8
0	8
0	47
10	47
5	35
0	27
0	0
0	0
0	22
0	10
0	1
2	6
0	12
0	22
1	12
109	1
4	1
0	0
22	0
0	37
1	37
0	37
13	8
0	8
0	8
0	8
0	8
0	22
0	22
0	22
0	22
0	22
0	22
0	5
3	0
6	0
0	0
0	52
0	0
0	0
0	8
0	0
0	0
0	0
1	0
0	0
27	0
0	0
2	0
0	0
64	26
0	26
0	17
0	17
0	0
0	3
0	4
0	4
0	0
0	0
1	0
0	0
63	0
0	0
0	0
0	0
0	0
0	0
0	0
0	0
0	0
0	10
0	2
0	2
0	1
0	1
0	1
5	11
0	10
38	0
0	0
0	9
17	281
3	294
0	302
0	302
0	13
0	16
1	0
2	4
9	1
0	1
0	1
0	20
0	10
9	3
0	11
34	15
0	15
0	3
0	0
5	0
0	5
0	0
4	5
1	0
0	35
0	5
0	0
0	0
0	11
1	11
0	10
5	10
0	1
0	0
0	0
0	0
10	15
216	7
0	0
1	8
0	28
0	28
23	0
1	23
71	23
2	17
14	0
6	6
0	0
22	56
0	1
0	1
0	0
0	1
0	0
11	0
8	0
0	0
0	0
0	0
0	0
2	0
0	54
229	46
13	45
0	42
0	42
0	0
4	10
53	33
0	0
3	0
0	0
5	0
4	33
0	0
1	19
4	17
0	0
0	5
0	1
0	0
15	88
15	88
0	2
0	2
4	4
9	14
27	25
12	1
0	2
0	2
14	0
40	25
0	21
0	4
0	0
0	0
0	2
0	2
0	0
2	20
0	6
0	0
0	7
2	114
2	115
0	128
0	0
0	128
0	95
0	2
11	115
3	0
0	0
18	114
0	0
82	0
0	0
0	0
17	0
0	79
9	81
0	0
0	39
0	0
0	0
0	0
0	0
1	50
1	40
1	0
0	44
152	44
0	5
0	11
0	0
0	6
11	6
0	6
5	0
0	6
17	65
0	65
0	1
0	2
3	135
1	135
0	88
0	6
0	0
0	0
0	0
1	0
7	5
33	18
3	0
0	0
0	0
0	18
84	42
48	14
1	35
0	121
13	0
0	231
1	231
24	231
118	176
0	0
7	6
6	8
2	2
116	0
0	3
0	3
100	21
0	25
0	17
0	23
0	21
0	0
1	15
0	0
4	15
4	3
0	3
0	1
0	0
0	1
0	0
0	0
0	0
0	3
0	1
0	11
2	3
0	1
0	3
5	1
12	7
0	1
0	6
0	16
0	6
14	6
0	0
16	10
0	1
0	6
0	0
0	0
213	10
0	10
4	10
8	5
25	170
0	18
0	27
0	152
0	0
0	0
0	0
0	0
8	0
5	0
0	0
0	0
17	12
0	6
0	0
0	6
0	0
0	0
0	0
0	0
0	1
2	10
0	0
0	1
0	1
0	1
0	0
0	9
0	0
0	0
2	52
0	52
0	98
0	5
0	3
1	0
0	3
1	98
4	2
0	2
0	2
0	0
0	0
6	0
2	0
4	14
0	0
0	0
0	0
0	14
16	8
1	1
2	19
0	8
0	8
0	7
0	0
0	0
0	0
0	1
57	0
0	0
0	0
4	0
248	1
0	1
31	12
0	7
0	6
0	3
0	3
0	0
0	0
5	0
0	2
0	0
0	0
0	0
0	0
0	5
0	0
0	5
155	0
0	0
0	0
7	0
3	2
18	14
0	0
0	2
0	2
0	14
0	0
0	0
0	0
0	0
47	6
0	6
5	45
10	13
0	9
4	9
10	0
14	0
1	5
21	0
0	0
0	12
6	12
1	1
8	14
6	13
9	70
0	69
0	69
0	18
5	3
0	3
0	3
14	0
0	0
0	1
0	1
0	1
0	1
0	1
0	1
1	0
0	108
33	108
0	2
0	2
0	0
0	76
0	2
2	31
0	31
0	27
5	0
0	65
0	79
0	79
0	79
0	2
0	2
2	0
5	0
0	0
0	0
0	0
0	0
4	5
0	1
0	5
12	1
259	1
9	1
19	12
1	1
0	1
0	1
0	0
27	0
0	0
0	0
0	0
0	0
0	3
0	5
0	6
1	2
0	15
0	5
0	5
0	0
0	0
0	0
0	0
0	0
0	0
0	0
128	56
0	56
30	26
12	26
78	1
0	399
0	232
0	376
0	58
0	7
93	15
0	7
22	0
0	0
17	23
0	22
0	23
0	7
0	1
0	0
57	7
0	7
24	11
0	7
0	0
0	0
0	0
0	0
0	0
14	4
0	1
1	0
0	0
5	0
9	40
0	33
0	39
0	11
26	7
0	0
0	0
0	0
40	7
0	0
0	7
1	2
0	1
38	1
10	24
0	4
10	0
0	9
0	53
2	2
0	0
0	20
0	46
0	5
0	4
0	4
1	0
0	0
0	0
2	4
0	2
54	2
0	3
0	7
19	20
0	0
0	1
0	1
0	13
0	6
0	0
0	0
12	15
12	1
0	0
0	3
2	24
0	1
0	23
1	0
0	0
0	0
0	0
2	0
0	0
0	0
6	0
28	0
0	0
0	0
0	181
9	183
0	31
0	9
0	0
0	0
0	2
1	4
0	30
0	23
0	9
123	0
1	30
0	6
1	6
11	15
69	21
0	14
0	1
0	9
0	15
12	18
2	4
0	26
0	9
0	9
13	24
0	24
0	24
10	24
40	1
0	1
5	0
1	3
0	1
3	28
0	28
0	1
0	1
0	0
0	10
0	9
0	9
0	0
0	1
0	0
0	0
0	0
2	6
2	13
1	12
12	9
0	0
0	12
0	0
1	9
9	9
0	9
1	9
0	9
0	0
5	0
0	0
5	16
0	16
21	1
0	31
0	0
0	22
0	20
2	1
0	1
64	0
0	19
0	31
0	2
5	2
0	2
0	0
0	0
0	0
0	0
0	6
22	1
0	0
0	0
0	0
0	1
1	0
0	0
0	0
0	49
0	49
0	58
0	285
2	295
0	0
0	66
0	8
0	66
0	267
0	267
0	298
0	226
0	0
7	49
0	45
0	3
0	0
1	0
21	10
0	7
0	3
0	0
0	0
0	30
0	77
0	26
2	0
0	39
0	7
0	83
0	22
0	23
0	26
0	0
0	0
0	0
0	0
0	58
1	1
0	58
1	58
1	8
14	15
4	15
0	15
23	22
0	0
13	22
11	26
0	58
0	58
0	0
0	0
0	0
0	0
0	24
1	24
0	0
2	47
49	51
0	28
0	1
3	36
37	1
0	0
5	4
8	8
0	2
0	0
0	16
0	14
19	37
9	0
0	2
0	19
0	9
0	18
0	33
0	28
2	53
0	0
0	11
0	6
0	9
0	6
0	0
0	0
0	0
0	0
0	0
0	0
0	0
0	0
0	48
28	86
1	0
0	0
7	5
0	0
0	2
0	12
1	0
0	0
0	12
0	0
0	12
0	0
6	3
0	3
0	3
0	0
0	0
0	0
9	194
0	194
0	5
13	4
21	36
0	0
0	5
0	37
0	0
0	0
10	1
0	1
0	1
2	0
1	1
0	0
0	4
2	9
5	9
12	8
0	0
3	8
9	3
0	3
0	1
0	0
0	1
0	1
3	0
0	230
0	17
0	232
0	232
0	232
0	232
0	31
21	7
11	15
3	31
6	31
3	6
0	0
0	0
0	0
0	0
0	0
0	1
0	1
0	0
0	0
0	1
0	5
0	3
0	3
0	15
0	16
0	23
2	0
0	2
0	0
4	1
2	1
0	10
13	9
0	9
68	2
1	13
0	17
0	1
2	0
2	1
0	1
0	4
0	3
0	0
10	1
0	0
8	0
0	0
0	0
1	1
0	5
0	1
0	3
0	1
0	3
7	10
0	9
1	0
0	1
0	6
3	7
0	14
52	30
0	30
4	0
132	0
4	74
0	68
0	11
0	1
0	7
70	66
10	6
3	28
0	3
7	13
0	6
0	13
15	6
0	8
0	4
0	0
0	0
0	6
0	6
0	0
0	17
0	142
72	5
0	0
0	140
38	140
13	31
0	31
0	18
0	0
0	0
0	0
0	0
0	0
0	0
0	0
1	79
0	79
2	37
0	25
0	31
1	0
34	0
53	10
9	8
19	2
0	2
3	2
0	0
0	2
16	28
0	2
10	2
0	0
0	2
0	0
0	2
0	0
1	0
0	2
0	2
0	2
0	2
0	13
0	13
2	25
1	39
0	37
0	18
0	18
0	18
0	18
0	15
0	17
0	9
0	9
0	7
0	0
0	0
0	0
0	0
0	0
0	0
0	0
0	0
2	0
0	5
0	5
0	5
0	3
0	7
0	0
0	13
5	13
3	0
0	13
0	0
0	25
0	25
0	5
0	0
2	5
0	6
36	36
0	36
0	3
1	14
0	14
0	17
56	22
0	0
0	0
0	23
4	8
7	18
0	8
0	8
0	8
0	8
0	8
0	7
0	17
0	0
3	0
0	2
0	0
0	0
0	0
0	7
4	1
2	2
0	0
0	5
0	5
0	5
0	0
0	0
0	1
41	18
0	0
0	18
3	47
6	7
0	6
0	9
0	21
0	18
3	0
36	14
0	11
27	13
0	1
0	4
0	4
0	4
96	0
0	0
0	0
0	0
0	0
1	1
0	7
13	0
48	0
20	2
0	1
0	1
8	0
153	85
0	1
0	0
0	85
0	17
0	16
0	24
0	22
0	7
0	7
0	3
0	0
0	0
0	25
4	5
1	5
0	0
0	5
0	0
0	0
0	0
0	0
0	0
0	16
209	75
0	78
93	78
0	31
0	0
0	0
0	2
0	8
4	78
105	2
0	78
45	23
0	22
0	1
0	0
0	0
0	0
0	0
0	9
0	9
0	201
32	201
44	97
0	70
0	28
65	0
0	0
0	0
0	0
0	0
0	0
17	306
0	321
0	208
0	45
0	3
6	10
0	0
0	10
30	10
17	25
12	25
91	17
0	39
2	0
64	5
0	0
0	0
0	5
1	2
0	5
0	27
0	5
0	5
0	2
0	5
0	5
0	1
0	1
0	1
0	1
0	0
0	0
0	25
0	0
3	3
2	0
0	493
0	493
3	187
358	589
0	153
0	4
27	7
69	69
0	0
0	0
0	0
2	0
0	0
0	62
14	0
0	0
0	0
44	0
0	0
0	4
10	5
0	0
2	0
11	8
0	8
0	1
0	0
0	1
0	0
0	0
0	0
0	3
12	3
10	0
4	0
4	1
143	35
0	33
146	21
0	21
3	10
0	11
0	0
10	0
0	3
0	0
22	0
0	17
0	17
0	13
1	13
38	84
0	3
0	0
6	0
0	0
0	0
0	0
0	0
0	0
0	1
0	74
7	0
0	0
8	0
1	15
1	0
0	0
0	0
0	0
0	1
0	1
33	2
0	2
0	11
0	0
0	0
0	9
0	0
120	29
56	66
0	41
10	42
0	22
0	0
0	0
2	0
7	5
0	0
0	25
0	5
0	5
5	12
4	12
0	6
1	13
0	12
0	12
0	3
0	0
0	0
0	1
9	95
15	95
0	86
4	15
6	23
0	23
0	1
0	0
0	6
0	6
1	8
0	6
0	3
0	15
0	15
6	3
0	3
0	3
0	3
12	5
4	5
0	2
0	2
0	0
0	0
0	1
0	5
0	16
0	3
0	16
0	2
0	16
1	0
0	3
0	13
0	12
0	2
0	0
0	0
0	0
0	0
0	0
0	0
94	24
0	1
9	0
0	1
0	0
5	1
208	21
0	5
0	1
0	0
0	0
0	0
0	0
0	0
36	24
22	0
4	0
0	0
10	0
5	0
0	6
0	6
9	7
0	15
0	13
10	13
0	1
0	11
0	7
0	10
0	1
0	0
0	0
0	2
2	0
53	0
19	0
0	31
0	19
9	31
26	1
22	14
0	1
43	13
0	1
15	14
0	1
0	0
0	0
9	1
0	1
0	0
0	3
0	0
0	3
0	2
1	2
0	5
0	5
0	5
1	22
0	1
0	3
0	0
0	19
2	4
1	6
0	25
0	9
0	28
57	24
8	1
0	0
3	0
0	27
13	24
180	318
0	318
0	11
0	0
0	0
0	0
0	162
0	0
0	0
0	0
109	0
0	0
0	0
0	0
0	0
0	0
0	0
16	12
0	13
0	12
0	4
0	0
0	0
8	4
6	4
4	2
0	2
0	2
0	2
1	2
0	0
0	101
3	78
0	7
0	84
0	50
63	0
125	80
0	81
0	16
5	2
0	3
0	0
1	5
0	0
0	0
0	120
31	138
0	2
0	2
0	0
1	0
2	3
0	1
0	1
0	0
0	5
0	5
0	5
1	8
0	5
0	9
0	35
0	9
0	9
0	0
0	2
0	35
1132	0
2	0
0	0
0	16
11	2
0	2
0	1
9	9
0	7
1	22
0	0
0	0
42	0
0	22
0	0
0	0
0	0
0	0
1	0
1	0
0	0
1	0
0	0
1	9
1	8
10	8
0	8
0	8
31	6
0	0
0	0
0	0
20	0
3	0
8	5
0	3
0	1
1	8
108	14
0	2
0	1
0	13
0	1
0	15
0	11
0	1
8	11
0	1
0	0
0	2
0	12
0	13
0	13
0	2
0	11
0	9
6	9
8	8
2	8
4	2
0	1
0	2
5	0
0	0
0	0
0	8
5	8
7	1
0	1
0	1
0	1
0	1
0	1
0	1
0	0
0	0
0	3
0	3
0	3
0	0
0	0
0	0
0	0
0	0
0	0
0	0
33	49
1	49
0	6
1	14
8	0
0	1
3	110
14	0
9	28
0	105
0	4
0	0
0	0
20	0
0	0
0	15
0	5
0	1
0	0
0	0
0	1
0	15
1	3
0	18
0	4
0	4
0	2
0	0
0	18
0	18
2	25
20	25
5	94
4	94
59	28
0	28
0	0
1	0
0	27
5	0
0	13
0	148
0	0
0	148
0	148
0	148
8	1
0	147
0	148
0	148
0	20
0	0
0	4
6	20
0	12
0	0
0	0
0	117
0	8
54	66
1	65
0	0
44	1
0	0
18	0
0	0
0	0
5	2
0	7
0	5
11	13
0	9
0	7
73	1
55	1
106	13
0	5
0	8
0	0
0	2
0	2
0	1
0	12
50	29
0	27
0	28
5	27
0	0
0	0
0	1
0	1
0	0
0	0
11	18
10	22
1	18
16	18
0	18
0	18
0	5
0	5
0	5
0	2
5	26
0	26
0	0
1	0
11	4
0	3
1	4
0	0
12	1
0	6
0	5
0	0
1	0
0	34
0	21
11	34
9	152
9	27
0	72
0	9
39	30
246	88
271	138
30	19
0	19
0	0
0	0
0	1
0	3
0	3
0	1
0	1
0	1
0	0
0	7
0	1
14	8
0	6
0	6
0	6
0	0
1	0
0	3
0	3
0	3
0	23
2	100
0	87
13	87
76	5
1	2
0	2
211	0
50	3
0	3
0	3
14	0
0	0
0	0
0	0
0	0
0	0
0	0
0	7
348	13
4	22
0	18
0	18
0	18
0	22
1	21
0	21
0	22
0	0
0	0
0	2
0	0
0	0
0	18
7	0
0	0
0	1
0	5
0	5
4	0
0	4
0	0
0	0
0	5
62	12
0	12
0	2
1	0
24	6
0	10
19	22
0	10
0	6
0	10
0	27
0	10
0	5
0	10
0	1
0	0
0	6
0	5
0	6
1	2
0	1
0	1
180	7
0	0
0	12
2	12
0	0
1	0
0	5
1	0
0	0
0	12
84	15
0	1
0	1
1	1
0	1
32	14
0	2
0	14
19	2
95	101
0	4
0	3
0	0
4	5
3	2
0	0
0	0
0	0
0	0
0	0
0	5
72	5
5	52
1	23
9	23
0	23
0	52
0	0
0	0
0	0
0	0
0	24
0	24
0	1
3	0
0	0
0	0
40	2
5	0
0	0
12	22
4	25
0	1
0	1
0	6
0	93
0	93
0	93
0	0
0	0
0	30
0	5
10	10
1	0
0	111
0	29
1	0
0	0
1	8
0	25
7	0
0	0
0	3
0	13
2	13
0	49
0	5
0	40
24	0
1	0
4	42
13	0
0	0
1	0
1	0
3	36
1	39
0	36
0	5
0	5
0	1
0	9
0	3
0	0
0	3
0	3
0	0
0	0
0	0
5	0
0	9
0	14
0	8
0	34
0	25
0	25
0	25
0	2
24	24
0	24
7	2
9	1
0	0
0	0
0	0
0	0
0	0
0	0
8	0
0	0
0	37
0	0
0	1
2	22
0	1
0	1
0	0
9	2
1	2
0	2
1	0
0	0
0	0
0	0
0	0
0	0
0	0
51	0
0	2
34	45
0	2
4	49
18	43
0	14
0	33
0	14
0	20
0	20
124	91
0	91
0	0
0	0
43	0
6	0
0	0
0	0
6	10
0	31
0	21
0	21
7	4
0	0
0	4
0	0
0	0
0	4
0	0
7	4
254	88
0	71
4	0
0	0
0	88
0	77
0	77
0	0
0	6
0	6
0	78
0	78
0	0
1	0
0	0
0	1
0	2
59	1
0	2
0	1
0	2
20	0
691	2
81	6
4	2
31	0
17	0
22	0
0	0
2	2
0	2
0	3
0	0
89	60
0	0
1	0
0	43
6	0
0	37
28	7
0	0
31	24
0	0
57	11
0	0
0	0
0	3
0	13
0	17
0	4
0	17
0	9
0	29
0	37
4	14
0	12
0	14
0	1
1	0
0	2
4	0
0	0
21	0
0	16
0	16
0	0
0	2
0	2
0	0
0	0
1	0
1	0
4	0
0	74
0	0
0	17
0	62
5	74
0	10
0	8
5	0
0	35
8	35
0	17
0	0
0	14
0	14
0	14
0	2
0	0
0	0
19	2
0	0
0	0
1	0
0	0
6	18
0	0
0	0
0	0
0	0
0	13
0	153
3	6
0	0
0	0
0	155
0	23
0	23
0	0
0	0
1	0
0	2
0	0
0	0
0	23
0	1
0	1
20	0
0	1
46	3
1	0
0	4
15	0
0	4
0	4
0	1
3	0
0	9
3	2
5	0
0	2
0	3
11	1
13	2
0	1
0	7
0	11
0	0
0	6
20	0
1	11
14	7
0	0
1	0
1	1
29	5
0	5
1	5
0	1
0	0
1	0
0	0
0	0
0	17
0	10
3	18
0	29
0	21
57	25
8	0
0	1
11	96
8	102
13	29
0	0
0	17
0	17
0	2
0	2
2	0
0	1
0	1
0	20
48	20
0	14
0	14
1	9
0	14
0	0
0	0
0	0
0	4
0	3
5	0
18	117
0	111
0	112
0	113
0	110
0	111
0	98
20	57
0	58
0	39
0	40
0	40
0	40
0	40
0	40
0	40
0	27
0	26
0	26
0	1
13	0
0	2
0	113
0	114
0	114
0	113
0	51
0	51
3	6
0	5
1	11
10	0
5	0
0	0
2	4
0	4
3	0
0	0
0	0
0	3
0	6
115	7
2	3
0	6
0	2
80	52
0	52
0	62
0	0
19	0
41	13
11	26
10	29
0	8
16	0
3	0
5	0
0	34
3	25
0	4
0	0
0	34
239	60
0	4
7	59
80	240
25	225
9	226
0	50
0	4
0	0
0	0
5	0
0	5
0	0
0	0
0	4
113	47
8	22
0	31
0	6
0	11
24	17
4	17
0	0
0	7
0	7
0	0
0	6
5	0
0	0
8	0
0	0
0	0
0	0
0	5
0	5
0	5
0	0
0	0
0	0
14	1
0	0
0	1
10	1
2	0
0	5
0	5
0	4
0	0
0	4
0	0
0	0
68	6
0	45
0	45
1	0
1	2
0	1
5	2
0	0
0	0
3	0
67	0
14	5
0	5
0	0
0	0
0	0
11	0
0	18
15	0
0	0
1	0
1	2
0	0
0	2
0	0
23	0
0	0
0	0
4	3
0	0
1	0
0	55
0	52
2	52
0	42
0	30
53	0
4	0
0	4
84	3
46	56
1	1
0	1
0	1
7	1
0	0
35	0
0	10
0	10
0	11
0	14
31	14
5	90
2	90
1	90
0	101
0	102
70	102
0	0
8	37
0	6
28	37
0	0
1	0
0	0
0	0
0	0
0	0
28	0
1	1
0	1
0	0
0	0
1	0
1	1
13	0
6	7
0	7
0	2
0	2
0	9
0	8
0	0
0	0
0	0
0	1
0	35
0	35
7	52
6	33
0	32
0	15
5	16
0	15
0	16
4	15
9	15
1	0
0	0
0	0
0	0
0	4
0	2
0	4
0	3
0	3
0	42
0	42
21	25
47	2
1	1
0	8
0	8
1	1
64	8
0	0
0	0
0	0
114	236
0	1
1	2
0	0
15	0
185	236
0	28
4	26
8	0
84	36
1	36
0	0
0	0
68	0
117	28
3	28
0	0
0	249
36	201
0	48
4	0
0	5
0	5
0	7
0	0
17	1
14	7
19	28
0	6
0	0
1	1
0	0
0	0
0	0
5	0
0	22
0	6
4	6
0	0
0	0
14	7
0	7
0	5
42	37
70	0
509	16
1	16
0	2
0	2
0	17
8	33
40	22
0	22
16	31
0	31
0	31
0	28
0	28
0	0
672	348
0	380
7	3
0	3
1	0
0	26
0	26
26	38
0	26
0	38
23	20
0	35
0	1
0	0
0	0
0	35
0	16
0	7
0	9
0	4
0	2
0	0
1	0
0	0
0	0
0	0
9	0
22	1
2	0
0	2
4	2
0	0
5	4
31	5
0	1
14	5
0	0
0	0
0	0
0	0
0	4
0	0
0	4
0	0
0	4
1	31
0	0
67	2
0	1
0	1
1	0
0	0
2	0
0	0
38	2
0	1
0	0
2	40
0	54
7	17
1	16
0	13
0	0
3	2
0	2
0	2
0	0
0	12
0	0
0	1
0	0
0	2
26	13
0	11
52	11
7	8
1	1
0	10
1	4
0	4
148	9
2	2
0	1
0	9
53	0
0	0
0	5
0	5
0	2
0	0
0	0
172	15
8	15
0	7
0	7
0	7
0	0
0	0
0	0
4	0
45	0
0	0
0	8
0	10
0	2
0	2
0	2
0	0
0	0
0	3
0	5
0	3
0	12
0	12
0	0
0	0
0	0
0	0
0	1
0	0
0	14
0	14
2	26
0	0
0	0
0	15
7	2
0	2
0	45
0	45
0	0
0	4
0	4
0	4
0	0
39	0
0	0
31	59
2	4
0	4
0	3
0	6
0	4
0	0
0	6
7	23
0	4
0	20
0	9
3	12
1	1
0	5
0	1
0	2
0	2
0	2
0	0
0	0
2	5
0	5
0	1
0	0
21	42
3	0
0	0
0	0
0	2
4	23
0	23
5	0
0	0
8	14
0	14
0	0
0	0
108	37
0	0
1	37
40	15
32	43
0	15
0	0
0	0
3	0
0	2
1	0
0	118
0	120
0	0
0	1
0	0
29	2
45	38
0	38
185	44
0	72
0	9
0	1
0	25
0	88
0	9
0	1
2	0
1	8
3	0
15	0
0	44
0	6
0	3
20	138
0	26
12	116
110	0
0	4
0	0
46	0
0	21
0	1
0	0
44	21
0	1
0	18
0	1
0	1
0	1
0	0
0	0
0	3
1	3
0	0
0	3
0	7
0	1
0	12
0	1
0	0
0	1
0	25
0	25
11	3
4	2
0	2
0	0
0	0
0	0
0	0
0	2
0	2
0	0
7	3
0	3
0	6
0	6
0	6
0	6
0	6
0	0
0	0
0	0
0	1
4	1
0	1
0	0
0	0
0	0
0	0
33	1
5	0
0	0
0	100
1	100
1	0
10	2
0	2
0	2
6	2
0	2
0	1
0	1
4	0
0	1
0	1
0	0
0	1
0	1
0	1
0	1
0	0
0	0
0	0
0	0
0	0
14	41
8	41
0	0
0	6
0	1
0	0
0	9
0	0
17	0
0	1
0	1
41	28
2	30
0	23
3	0
0	0
21	1
0	0
0	1
1	3
10	0
1	0
14	5
10	3
0	0
2	3
0	0
0	0
0	5
0	3
1	3
10	0
0	5
0	3
0	3
197	0
0	26
0	26
0	14
9	1
0	0
0	0
0	4
0	4
5	0
2	12
3	0
0	13
0	0
0	13
3	0
170	49
1	13
1	41
0	13
0	41
0	11
1	39
0	23
0	6
0	20
7	16
1	0
0	5
0	6
2	9
1	7
0	0
0	0
0	4
0	4
6	3
198	22
0	22
0	0
0	23
0	23
0	23
0	22
0	0
0	3
0	0
0	0
0	0
0	0
0	3
38	108
2	28
0	0
175	94
0	19
1	2
21	4
0	2
0	0
0	0
0	0
0	1
0	1
105	4
1	0
0	1
263	2
9	21
0	19
0	19
0	6
0	3
0	0
0	1
0	4
1	0
0	1
0	5
1	0
0	0
0	3
0	5
0	9
0	9
0	9
0	9
1	0
0	7
0	0
25	10
0	10
0	0
0	0
0	4
0	4
0	0
0	0
0	0
0	4
121	4
16	7
32	16
0	1
0	1
0	16
4	117
0	118
0	118
3	101
0	119
0	32
0	18
0	121
6	68
9	121
0	44
0	14
0	0
146	0
2	26
0	30
16	7
0	1
6	21
0	0
14	2
1	1
5	0
0	0
0	0
0	0
0	0
0	0
0	0
0	0
0	0
0	0
0	5
0	5
15	0
0	17
0	17
1	17
3	17
0	11
0	0
0	0
0	1
8	30
16	0
37	14
0	32
0	0
3	28
0	28
254	272
0	167
0	25
2	51
9	19
0	11
0	20
0	41
0	3
28	17
0	0
0	36
0	41
4	4
0	5
1	0
0	0
0	54
7	54
4	7
0	1
0	0
1	8
0	0
0	1
0	1
0	0
10	2
28	0
0	0
55	0
77	3
0	3
0	0
19	3
1	0
5	0
0	5
0	5
0	0
0	0
0	0
0	0
26	0
1	0
0	0
0	0
0	0
0	0
0	0
1	0
6	4
9	3
0	38
0	13
0	4
0	34
0	0
0	20
6	35
2	10
0	1
0	1
0	0
11	0
1	0
6	9
6	0
0	0
6	9
0	8
0	0
2	1
2	0
0	0
4	0
0	0
0	0
739	235
0	241
119	41
4	37
0	30
0	16
0	1
0	16
6	40
0	40
169	6
5	6
0	6
7	0
9	0
0	0
41	0
0	0
1	0
0	0
0	5
28	8
0	2
0	5
0	5
0	5
0	1
0	1
0	1
0	1
11	22
0	0
0	0
0	0
0	0
0	0
11	1
0	40
0	0
9	37
25	28
0	2
0	24
0	0
0	7
0	7
0	49
0	4
0	4
0	4
334	25
0	0
0	21
0	21
15	0
481	25
0	0
409	29
51	16
0	17
0	1
7	0
0	0
0	0
16	5
0	0
0	0
7	22
0	2
0	2
0	24
0	30
0	1
0	1
0	0
0	1
0	0
0	1
0	1
0	1
1	1
22	45
0	32
0	4
55	17
0	0
0	16
0	0
0	0
0	0
0	0
0	0
0	0
0	0
0	0
0	0
0	0
0	0
0	0
2	0
5	0
0	0
6	0
0	0
0	0
0	0
60	22
0	20
0	2
0	0
0	0
0	123
18	33
0	36
0	15
5	1
0	30
0	0
0	14
0	14
0	0
0	0
0	16
0	29
0	32
154	0
128	0
0	3
0	0
0	0
0	0
0	0
0	0
14	30
0	30
0	0
0	0
0	0
3	0
0	5
0	0
0	0
0	20
0	22
0	13
0	2
2	2
1	37
0	37
1	41
0	0
1	4
0	41
10	19
0	10
0	0
0	9
0	9
0	9
0	0
0	0
0	0
0	0
0	0
0	0
0	0
137	145
0	6
0	0
0	8
0	0
0	8
0	1
0	0
0	0
30	134
41	33
0	15
0	1
31	0
4	17
0	5
0	1
0	0
1	4
0	2
0	2
25	5
0	15
0	27
0	12
0	0
303	5
18	0
0	0
2	0
0	0
2	0
1	0
2	0
1	0
0	0
0	0
0	0
0	0
0	2
0	2
0	2
5	9
0	9
0	0
0	0
0	0
0	4
0	0
6	0
0	0
0	0
0	4
79	5
0	0
0	0
8	0
0	15
0	15
0	0
0	0
0	0
0	0
0	1
7	4
0	0
0	0
0	0
0	0
6	0
0	3
0	0
1	0
5	0
0	3
1	1
0	0
0	88
0	75
0	7
0	88
8	1
0	1
151	25
12	1
23	44
9	0
0	0
0	0
0	0
0	0
0	0
0	0
6	14
5	2
0	2
0	5
0	0
0	30
3	0
8	0
0	30
0	5
0	1
8	32
0	32
3	37
0	28
0	3
0	25
0	25
0	25
0	0
1	0
0	6
0	0
0	0
106	128
0	96
0	96
296	86
0	32
0	0
0	0
0	0
2	1
0	4
0	61
7	35
1	0
0	0
3	0
0	0
0	1
0	0
4	1
0	0
7	0
0	0
1	5
0	0
0	0
44	117
9	17
0	6
0	6
0	11
58	5
0	2
0	0
0	1
0	4
0	2
3	63
5	59
24	0
28	0
81	1
23	0
2	0
0	1
0	0
70	55
6	55
0	54
0	54
0	29
5	0
4	1
33	1
0	0
26	21
2	21
0	7
0	0
0	0
0	0
1	0
0	0
0	0
8	0
0	0
0	0
87	21
0	21
0	21
0	18
0	16
1	7
0	1
0	1
0	0
45	1
0	3
0	1
0	0
0	0
0	0
0	0
0	0
0	0
0	0
6	10
0	10
0	6
0	6
0	0
3	0
0	0
0	0
12	0
0	0
0	0
0	156
0	172
3	116
1	111
0	3
0	17
0	28
190	66
0	66
58	64
0	18
0	18
1	0
0	0
0	0
0	0
3	0
0	0
0	0
0	0
0	0
0	0
5	0
0	0
0	0
6	5
0	5
0	5
0	2
135	0
10	0
6	0
0	16
13	18
0	5
0	7
0	0
1	0
1	0
0	0
1	0
2	0
0	0
0	0
0	1
0	0
0	0
0	15
2	1
0	1
0	14
11	0
8	12
0	9
0	0
0	0
0	0
0	12
0	3
0	3
3	20
0	8
0	3
0	3
0	3
0	3
6	0
1	0
0	0
0	0
0	0
0	12
0	0
6	6
0	0
22	0
0	0
0	25
0	28
0	29
0	11
0	18
0	20
2	6
0	1
169	71
49	59
0	71
11	82
1	53
0	0
0	63
0	23
0	0
0	5
27	0
8	1
0	1
0	1
0	0
0	0
0	0
0	0
0	0
0	0
0	0
3	2
0	2
0	0
0	2
2	0
19	44
0	44
1	11
39	1
0	1
0	0
0	0
0	1
128	0
0	0
0	0
14	3
23	0
1	0
0	0
3	19
9	0
5	19
0	1
0	34
3	0
5	51
0	51
0	4
0	0
6	0
99	1
0	1
0	0
0	0
0	249
0	249
4	249
0	7
0	4
0	0
0	1
0	1
4	0
0	1
0	2
0	2
12	1
0	0
0	16
0	11
2	4
0	3
10	0
0	0
0	0
0	0
0	0
241	1
1	0
0	0
0	0
0	0
0	0
0	0
0	0
0	1
30	16
6	0
0	0
0	0
0	0
0	4
0	2
0	0
0	2
34	0
2	0
0	0
0	0
0	0
0	0
0	26
2	26
0	87
80	91
10	3
6	87
0	35
0	0
31	46
38	56
0	44
0	48
0	24
0	32
0	72
0	36
1	0
2	0
0	0
0	194
0	194
57	0
25	0
8	73
0	5
0	0
6	68
0	3
0	0
0	0
0	0
2	10
20	46
0	0
102	3
0	0
0	0
14	0
0	11
0	8
3	0
0	1
14	14
0	0
0	0
37	0
0	0
4	11
0	7
0	7
0	0
5	7
5	1
0	1
0	1
0	1
0	1
0	1
0	1
0	0
0	0
0	0
2	0
38	23
1	23
110	30
0	17
0	0
0	0
25	53
0	51
1	1
0	0
0	0
5	3
0	4
0	0
244	522
11	1
0	0
0	1
0	0
0	0
0	2
0	0
1	0
8	2
0	1
1	1
0	0
0	0
51	1
0	1
1	0
21	0
15	0
0	0
0	0
0	0
5	0
0	0
0	1
0	1
3	0
0	0
0	1
1	6
3	12
0	7
0	7
2	0
8	149
0	80
7	149
16	4
3	4
0	4
0	0
5	0
0	0
0	0
0	0
9	7
1	0
0	0
24	3
0	3
92	0
0	24
0	38
0	0
0	0
0	0
0	0
0	38
5	11
0	1
10	17
0	0
0	8
0	14
1	8
0	0
0	0
0	0
15	0
0	0
0	0
0	0
0	9
0	8
0	0
0	0
11	29
0	20
26	16
43	0
0	27
0	0
0	0
0	2
0	4
0	4
0	10
15	12
0	12
0	0
0	6
0	5
0	3
0	3
0	3
0	5
0	0
0	0
0	1
0	0
7	0
0	0
1	0
0	0
0	0
0	0
0	0
0	0
0	0
0	0
0	0
0	0
0	0
0	0
38	0
12	1
0	1
0	1
0	4
3	14
1	10
0	2
0	0
0	0
0	0
20	4
0	4
0	0
0	1
0	0
71	13
1	2
0	1
0	6
0	1
8	12
34	6
0	131
0	0
0	125
0	82
0	24
0	55
0	44
0	23
0	23
0	44
3	0
0	82
0	0
35	4
0	16
0	26
0	0
0	0
0	43
7	0
36	25
0	25
9	0
0	0
0	0
0	0
0	0
19	0
0	6
0	6
0	8
0	8
0	8
0	8
0	0
2	0
95	48
4	40
0	4
0	0
4	0
7	6
0	6
0	0
1	0
0	0
0	0
0	0
0	0
0	0
0	0
8	0
0	2
0	15
0	53
0	45
73	48
0	10
1	21
18	62
0	41
0	29
0	8
0	11
0	21
24	37
0	6
0	6
0	20
0	2
8	3
0	3
0	0
0	0
0	0
1	4
0	4
0	0
0	0
3	8
2	8
1	0
0	0
0	0
0	0
0	24
0	24
0	6
6	6
18	19
0	19
0	0
0	0
0	2
0	2
0	2
0	1
0	2
5	15
0	4
0	15
0	43
0	13
0	39
0	0
0	13
9	113
0	36
0	33
0	125
0	38
0	127
0	8
39	3
0	1
0	2
27	18
3	1
0	4
0	3
0	46
0	46
0	1
0	0
699	86
0	69
178	58
0	45
0	45
0	50
0	45
0	48
7	37
0	27
0	22
0	21
0	1
0	0
0	1
13	0
4	1
0	1
0	0
0	0
0	0
0	0
0	0
0	0
4	1
0	0
0	1
1	0
0	0
0	0
0	1
0	1
12	49
0	30
0	25
0	18
27	10
0	12
0	12
1	0
0	47
0	22
0	21
0	22
9	21
0	21
0	21
0	11
0	0
1	10
0	10
35	10
1	10
0	0
0	0
0	0
0	0
0	0
0	0
0	0
0	0
0	0
0	0
0	0
0	0
5	26
14	26
0	7
0	0
0	0
0	5
0	5
0	4
0	4
0	4
0	4
0	0
9	18
2	24
0	7
3	7
0	7
0	0
0	0
0	7
0	102
0	102
0	102
7	0
0	1
10	3
0	0
1	0
0	41
0	41
0	6
0	1
0	0
0	0
0	2
0	2
0	1
0	0
0	0
0	0
0	0
0	0
0	0
0	0
0	0
19	6
9	6
0	0
0	6
0	4
0	6
0	0
0	0
2	6
0	6
18	0
0	1
0	1
118	305
6	242
0	4
0	1
3	4
0	4
0	4
36	1
0	0
0	0
6	0
93	106
8	101
0	0
0	1
69	21
0	0
97	21
0	0
0	151
18	27
0	27
0	5
2	0
0	5
1	0
0	1
32	122
17	4
0	0
0	2
2	1
9	21
0	21
0	5
0	5
0	3
0	0
6	0
1	0
9	0
0	0
153	0
0	0
0	0
87	0
0	0
0	0
0	0
0	2
0	2
21	39
14	0
0	0
0	0
126	24
0	22
0	0
5	19
0	19
1	34
1	32
0	2
0	6
95	42
0	42
9	0
0	2
32	2
0	2
0	1
0	0
3	0
4	38
1	55
1	15
0	15
0	21
0	36
0	28
0	15
0	0
0	36
0	2
1	0
0	36
0	0
0	14
0	0
0	0
0	0
8	0
151	183
17	0
28	10
38	0
5	10
0	10
10	1
12	1
0	3
0	2
0	2
0	18
65	157
0	27
0	153
0	130
0	14
0	0
0	0
0	0
0	27
1	0
0	5
0	5
0	0
0	0
1	73
4	73
24	39
1	39
172	16
6	0
7	2
0	1
0	1
0	1
11	0
0	0
0	0
0	0
0	89
0	89
1	91
0	91
0	91
0	38
93	18
1	18
0	18
0	89
10	1
4	0
3	2
6	2
0	0
0	1
0	0
8	7
0	7
0	6
0	5
0	0
0	0
0	0
0	0
1	0
0	0
7	171
0	171
0	159
0	0
0	0
0	19
0	4
0	0
117	7
0	7
7	0
0	0
0	0
0	17
1	13
25	2
1	6
1	6
0	0
0	0
5	16
29	11
0	0
0	0
0	0
0	10
0	0
0	0
1	5
0	0
0	6
0	11
0	0
22	111
0	103
0	81
0	1
0	84
0	80
0	9
0	54
0	3
0	36
0	35
0	50
7	35
0	2
0	8
0	0
0	0
0	71
0	1
0	0
42	16
5	41
0	0
0	0
0	0
0	0
0	0
1	0
0	20
0	20
0	3
21	406
9	401
0	401
0	405
0	406
0	406
0	406
0	401
61	393
0	15
0	0
0	0
9	0
0	0
0	2
0	0
1	0
0	0
3	0
5	0
0	0
1	0
0	1
0	0
176	0
0	7
0	7
0	4
0	4
0	4
0	0
0	0
70	10
3	0
0	0
0	0
4	0
0	0
16	55
17	61
0	10
0	61
6	7
0	0
7	51
5	151
0	151
111	6
0	23
0	22
10	24
0	0
0	6
0	8
0	23
0	6
0	6
0	1
0	0
7	8
0	0
4	0
8	6
0	6
0	0
1	23
5	23
0	23
0	13
1	0
14	8
19	87
0	0
59	449
0	437
0	0
0	449
3	50
6	38
0	50
0	19
7	17
0	12
0	0
0	0
0	0
0	107
0	12
0	23
0	23
0	0
0	0
0	0
0	33
6	0
0	0
58	0
0	216
6	30
4	10
0	0
0	0
0	0
0	1
0	0
0	0
0	0
0	0
0	7
0	7
112	5
0	6
6	0
23	32
3	22
0	0
0	65
0	1
0	1
23	65
0	0
0	48
0	48
0	4
0	0
1	4
16	2
0	0
0	0
10	60
0	0
0	4
0	48
35	273
0	7
0	105
64	264
3	1
1	0
0	0
0	0
0	0
0	0
0	0
0	0
0	0
0	0
0	0
10	5
0	5
0	5
0	5
0	1
20	1
0	1
0	1
0	1
1	24
9	17
0	0
0	0
0	0
0	32
0	1
0	0
0	1
0	32
52	32
0	32
1	0
1	0
0	0
0	0
0	0
27	7
0	129
0	129
11	64
27	28
0	1
0	1
0	33
0	3
0	3
0	6
3	4
0	12
17	12
0	3
0	3
0	3
16	80
0	0
148	69
0	11
1	10
27	11
24	216
0	0
0	3
0	3
26	0
0	0
0	3
38	8
15	13
0	13
0	5
18	13
2	8
2	0
0	0
22	0
0	10
0	10
0	0
0	0
0	0
0	0
0	0
1	0
10	0
0	0
0	23
2	0
0	99
20	77
0	0
0	24
9	0
0	44
0	0
0	0
32	44
0	0
1	0
1	0
7	0
0	31
0	47
0	47
11	47
0	14
4	2
3	0
2	26
8	12
0	10
17	36
0	0
0	0
0	0
0	37
0	37
0	37
0	37
2	3
0	9
0	17
0	2
0	9
4	15
4	14
0	17
0	0
0	0
0	0
0	0
0	0
3	0
0	0
0	9
0	9
0	9
0	10
0	10
0	6
1	3
1	0
0	0
0	14
0	14
0	14
5	0
4	0
18	0
0	0
0	0
0	134
0	134
0	0
4	21
0	21
0	0
0	0
0	8
0	8
0	7
0	0
5	0
1	0
0	0
0	0
1	0
0	2
0	8
0	8
0	0
0	12
0	12
3	0
0	0
0	0
0	85
173	399
1	0
0	77
1	0
0	0
0	28
0	19
0	399
0	0
1	6
10	0
19	75
1	0
1	0
0	0
0	0
8	0
0	0
0	0
5	0
10	5
0	0
0	12
2	15
139	0
1	0
23	64
0	64
133	62
0	2
0	0
0	0
0	0
2	1
186	0
0	0
0	6
0	6
1	1
0	6
1	0
0	0
0	1
1	1
0	6
0	1
0	0
0	0
0	0
0	6
0	0
0	1
0	19
0	0
3	7
0	10
0	3
336	1
0	0
0	0
0	0
0	0
0	14
0	14
0	12
183	184
0	179
0	103
0	108
1	0
0	2
1	0
0	48
10	67
20	38
0	36
0	38
0	0
13	0
16	0
325	13
0	8
0	3
0	3
0	0
0	0
0	5
0	0
0	5
0	0
3	0
0	0
0	0
0	0
0	17
0	17
0	17
0	17
18	131
5	108
0	33
49	0
0	0
6	67
0	53
0	53
0	16
0	15
0	19
0	12
0	22
2	0
0	1
37	3
24	0
0	22
0	11
0	11
4	18
0	2
0	22
0	9
0	44
0	44
27	76
2	121
0	121
0	0
0	4
0	22
0	7
7	22
58	0
0	35
0	34
0	34
0	14
0	17
0	0
0	4
0	0
0	0
16	0
0	0
5	0
0	0
0	0
7	0
17	5
1	2
0	5
5	3
0	21
0	3
0	0
6	1
0	0
0	0
11	0
3	20
0	2
35	26
0	0
0	2
0	2
1	0
7	0
157	43
0	43
0	43
0	42
0	41
0	0
0	0
1	0
25	27
5	0
0	0
0	0
0	0
101	333
237	333
0	0
0	1
4	0
0	0
0	1
197	75
0	74
0	25
2	50
0	15
0	35
0	24
41	15
0	20
4	148
0	295
0	179
0	10
0	0
0	78
0	7
0	0
0	7
0	7
0	11
4	4
4	22
9	20
0	11
0	10
0	2
4	0
0	3
0	0
0	14
0	14
7	0
0	0
1	0
0	0
15	10
2	1
0	9
0	1
1	7
2	7
9	7
0	7
0	6
1	6
0	6
0	6
0	6
0	0
0	0
24	11
0	29
0	28
0	1
26	18
7	1
3	0
7	0
0	22
0	38
0	38
1	38
0	56
1	0
9	0
0	0
0	34
0	1
1	0
0	4
10	34
1	19
0	0
0	10
0	0
0	10
0	10
0	0
1	0
0	10
0	0
0	9
0	0
0	8
0	63
0	68
0	55
3	25
0	2
0	2
0	2
1	0
0	0
8	5
0	0
2	14
3	14
5	5
1	30
1	30
0	1
0	1
0	1
2	1
0	0
0	0
18	2
0	2
0	2
0	2
0	0
0	0
0	0
0	0
0	0
0	1
0	1
0	26
0	26
6	0
0	0
0	0
2	0
12	3
0	0
0	1
0	15
2	0
26	15
0	12
14	103
1	30
129	110
0	70
29	42
14	30
10	33
2	17
0	0
0	2
0	0
1	1
0	0
0	1
5	41
0	41
0	0
5	103
0	79
1	6
12	17
0	13
0	2
0	2
0	8
0	8
0	8
0	8
0	2
0	8
0	2
0	2
0	0
0	0
0	0
0	8
0	6
0	0
0	2
4	0
6	0
0	33
5	33
0	0
6	1
4	0
0	33
19	0
69	0
0	0
52	0
0	11
0	10
4	91
0	10
5	11
0	9
0	4
0	3
0	1
0	2
0	1
0	0
0	0
0	56
0	2
11	196
0	0
188	230
336	0
81	48
35	266
0	219
0	53
0	1
12	0
0	1
7	0
0	0
0	0
2	0
29	22
0	22
1	7
0	0
3	0
0	0
0	0
0	7
0	0
5	0
0	2
0	2
0	0
0	0
5	0
0	1
0	5
27	5
0	8
0	0
0	0
0	0
0	0
0	0
0	0
0	0
0	45
0	3
46	35
0	0
0	0
0	0
0	0
0	0
49	0
5	0
1	1
0	1
7	4
0	2
0	0
0	0
5	47
0	46
2	47
0	71
0	4
0	71
1	0
0	0
0	0
0	0
0	0
2	0
0	0
0	0
4	23
2	24
0	0
0	1
11	0
0	27
1	27
0	9
0	3
16	9
0	0
0	4
14	19
0	19
20	19
2	19
16	23
0	8
4	43
0	8
0	0
54	8
2	0
769	306
0	202
0	105
28	68
0	61
15	0
0	0
0	0
156	94
0	10
3	9
0	0
0	2
0	2
0	0
27	0
29	27
0	160
0	68
0	160
7	12
34	31
72	19
0	19
0	1
0	5
0	53
0	0
0	160
14	0
3	9
1	9
0	8
0	1
0	1
0	1
0	1
2	1
0	1
0	1
0	1
47	76
34	12
13	278
0	269
0	0
1196	106
8	107
0	30
0	7
0	4
0	17
0	17
0	0
0	0
20	4
5	7
0	0
0	0
4	0
9	0
0	0
0	0
0	0
2	0
0	0
37	76
0	20
0	76
17	32
1	20
14	76
0	31
0	20
0	0
0	38
21	0
0	91
194	13
9	11
4	0
0	30
40	45
55	13
0	46
89	5
0	4
2	1
16	24
0	24
0	0
0	0
0	23
2	7
0	29
0	38
26	10
20	32
0	11
10	19
0	5
0	14
0	12
1	14
18	5
0	5
8	5
0	6
0	0
0	0
0	0
0	0
0	6
0	4
0	4
0	5
4	0
0	0
0	0
0	0
0	0
0	4
0	3
0	5
0	3
0	4
1	0
0	8
0	8
7	8
0	0
8	0
97	0
0	0
0	47
0	1
0	1
0	1
0	1
0	20
0	1
0	1
0	0
0	0
0	0
0	42
2	0
0	0
0	5
22	37
2	35
18	3
12	0
0	0
0	4
0	2
0	2
0	2
0	0
16	4
0	4
12	0
3	0
0	3
0	74
0	7
0	7
0	0
0	0
5	1
1	1
43	0
0	2
0	2
0	2
0	0
0	0
0	0
1	0
0	1
0	0
0	0
6	1
0	0
0	0
0	0
0	1
0	0
0	1
0	1
0	1
0	0
0	1
0	0
0	0
0	0
5	117
0	104
0	0
0	72
25	1
0	0
88	150
0	79
0	2
9	0
0	4
0	4
0	4
8	4
0	2
10	2
0	2
0	1
0	0
1	0
0	0
1	44
5	0
3	0
0	2
0	2
1	0
105	118
0	120
0	2
1	2
0	0
0	154
41	163
0	1
0	0
0	0
0	2
0	8
7	6
0	6
0	1
48	0
0	0
140	1
0	1
1	1
2	1
4	0
0	1
0	0
0	0
0	0
33	0
0	1
0	1
0	1
252	263
0	263
7	4
0	4
0	0
0	1
10	10
0	10
0	0
0	0
0	0
0	1
0	1
16	15
0	0
0	14
0	0
0	1
0	161
81	46
0	14
0	5
75	16
0	163
0	0
0	0
3	76
0	1
0	1
135	19
0	18
1	1
0	0
110	0
0	0
0	0
30	0
0	26
0	26
0	1
0	0
6	62
4	7
3	4
0	37
17	37
0	0
2	0
34	30
0	1
8	35
0	34
2	17
0	18
1	6
3	2
0	4
0	4
0	4
0	4
2	4
0	0
2	4
3	4
0	0
0	4
0	4
10	84
1	84
7	84
1	17
0	1
13	3
0	8
0	0
0	2
0	0
98	1
27	2
0	0
28	0
0	0
0	1
8	66
0	11
0	55
19	28
0	7
0	55
0	11
0	5
25	19
0	4
0	4
0	4
3	0
0	22
0	275
0	41
0	1
0	13
0	268
0	40
0	1
32	40
0	15
12	3
8	47
2	0
2	0
0	0
0	3
480	0
0	6
0	6
0	0
0	0
0	0
136	24
16	23
9	1
0	12
0	13
0	14
8	40
0	19
0	73
0	9
0	0
0	14
0	19
0	0
0	0
0	40
0	40
0	18
0	0
0	0
0	0
0	0
0	0
20	0
10	0
0	0
6	0
3	4
0	0
3	9
0	8
13	9
0	1
0	1
2	1
0	1
0	2
0	0
0	0
12	57
0	12
0	56
0	0
0	0
0	1
0	1
0	1
0	1
0	0
3	0
0	0
0	0
0	0
19	5
0	1
1	5
57	28
0	28
0	11
0	1
2	0
0	1
64	0
7	22
0	22
33	15
0	10
0	8
0	2
0	2
3	76
7	2
1	0
1	0
0	1
0	1
442	33
23	18
0	2
1	1
0	1
0	5
38	11
0	4
0	1
0	0
0	0
0	0
0	1
0	0
0	0
0	0
0	0
0	0
0	0
1	0
0	1
0	1
0	0
0	5
4	81
0	1
15	8
0	8
4	8
1	1
2	1
1	2
0	3
1	1
0	1
6	1
0	1
0	0
0	0
0	0
7	0
0	0
0	0
0	0
2	0
0	0
145	0
32	0
54	0
101	0
0	4
70	8
1	8
90	0
7	1
1	3
0	0
6	0
0	0
9	4
12	4
0	3
0	3
0	1
0	0
0	6
11	5
22	11
0	11
7	0
51	0
211	0
0	17
0	47
0	0
0	9
18	5
8	21
0	49
0	49
14	5
2	3
15	4
11	1
8	0
3	0
0	10
11	0
2	0
0	10
0	0
0	0
0	0
0	0
0	0
1	0
0	0
1	0
0	10
0	10
0	10
0	1
0	1
0	1
0	1
1	1
0	0
17	0
0	0
0	0
0	0
3	17
0	49
0	24
0	26
130	27
0	14
0	14
0	14
0	3
0	0
0	4
0	4
0	2
101	199
9	199
5	33
0	33
31	0
19	3
4	5
0	3
0	0
28	11
0	0
0	5
0	38
0	32
6	31
0	0
0	0
16	140
5	140
0	121
0	88
0	86
12	0
0	6
1	7
0	2
0	6
134	159
0	90
1	83
9	35
1	35
0	11
0	0
30	0
1	0
0	0
0	0
0	0
0	1
0	57
0	1
6	57
6	1
1	23
0	0
0	5
0	5
0	0
0	0
0	41
0	24
1	10
0	1
36	41
0	20
0	4
0	18
0	10
0	1
0	4
0	0
0	10
0	10
0	1
0	0
0	0
0	10
2	0
1	0
0	4
10	35
1	52
0	62
0	11
0	1
0	1
2	0
0	0
4	0
23	4
0	4
0	0
0	3
0	3
0	0
0	0
8	5
0	3
0	0
0	3
0	0
0	2
0	3
0	0
0	0
0	4
0	4
3	1
0	0
4	0
0	12
97	65
72	65
1	65
23	64
4	12
0	0
0	0
4	0
12	25
10	25
0	11
2	0
45	0
0	0
0	0
0	0
0	0
0	0
0	41
0	41
0	34
0	1
0	0
0	1
0	0
0	0
97	25
0	7
0	15
12	0
0	4
0	7
0	0
1	0
0	0
9	0
0	0
0	0
0	0
0	12
1	12
0	0
2	0
0	0
0	0
0	0
1	57
0	45
0	3
0	21
0	35
0	0
1	1
0	19
2	1
0	0
1	0
0	35
0	19
1	14
0	32
0	43
1	6
49	5
0	1
0	0
0	16
0	43
0	15
0	15
0	1
0	9
0	0
0	0
0	9
0	1
1	4
0	0
0	0
0	2
0	0
1	0
0	1
0	0
0	0
0	1
3	1
4	1
0	3
45	3
106	6
40	21
43	3
35	3
229	3
1	0
0	0
54	8
1	8
73	339
8	339
29	0
0	0
0	0
0	0
0	0
0	0
0	13
0	13
1	0
0	0
2	4
57	0
1	1
0	5
0	5
25	12
38	12
1	1
0	6
17	0
0	0
0	0
0	1
0	1
0	1
0	0
0	0
0	1
76	0
3	88
5	84
1	9
36	20
0	20
0	3
0	0
0	16
12	0
3	0
0	0
0	0
3	0
0	16
65	90
2	2
0	1
1	69
0	18
0	15
0	2
0	18
0	76
0	1
0	1
1	1
0	1
0	0
0	0
0	0
0	0
0	0
0	0
0	16
3	27
0	27
0	1
3	91
6	89
1	90
0	89
0	91
13	51
5	2
0	4
0	1
0	0
0	0
0	0
17	75
1	12
0	12
213	40
0	0
0	40
0	0
24	0
154	1
11	6
123	0
5	51
9	51
0	53
0	53
0	53
0	43
0	0
21	53
0	39
0	48
0	2
0	2
2	0
3	0
0	0
6	1
100	53
3	53
0	0
61	262
0	337
0	155
1	47
0	42
0	0
0	0
0	0
3	2
0	3
0	3
0	0
0	0
0	0
1	0
0	0
0	0
5	0
1	26
0	26
15	0
199	1
0	1
97	0
0	0
0	0
15	2
7	0
0	0
1	0
0	0
0	0
0	0
0	39
0	0
28	39
0	5
0	0
0	5
0	0
3	0
51	0
0	0
0	0
16	5
3	2
0	2
0	4
1	1
0	11
0	14
0	14
0	0
0	0
0	5
0	4
0	5
0	5
0	1
0	4
0	4
0	0
0	0
0	0
0	0
0	0
0	0
0	0
10	0
0	0
28	40
10	44
6	0
3	0
8	0
0	0
0	9
0	9
0	0
3	7
0	7
0	7
0	0
2	0
0	6
0	1
0	28
0	7
3	168
0	193
0	193
14	170
0	0
0	0
0	0
0	0
0	0
0	7
5	24
0	19
0	19
7	0
0	2
0	2
18	0
0	0
1	0
61	0
0	0
0	3
5	3
0	18
0	18
3	7
0	19
0	12
3	0
0	0
16	16
10	14
0	5
0	2
0	0
0	80
1	5
19	5
0	5
0	0
6	0
0	0
0	0
0	0
0	0
1	0
6	75
38	0
0	15
3	15
17	0
5	47
0	19
5	2
0	2
6	20
11	10
0	1
0	2
0	1
61	25
0	18
0	18
0	18
0	0
0	0
0	18
0	0
5	0
0	0
0	0
0	0
30	11
0	10
0	0
0	1
0	1
0	0
0	0
0	0
0	0
0	1
0	0
0	8
0	0
0	8
0	0
0	0
0	8
1	76
3	6
23	132
62	128
0	132
1	128
0	124
19	124
0	124
4	124
0	4
0	0
14	258
0	0
2	0
4	0
0	61
0	17
0	17
11	234
53	272
0	29
12	10
0	3
0	10
0	0
6	5
8	22
0	22
0	0
4	9
0	9
0	0
55	14
0	12
0	0
0	0
3	0
4	75
18	0
0	7
0	61
59	173
0	7
5	54
36	24
0	10
38	20
0	11
89	62
136	62
0	9
0	9
13	9
0	7
0	9
0	0
0	0
0	0
0	0
0	4
3	8
0	2
0	2
0	2
0	2
4	2
0	2
0	2
0	0
0	1
0	1
0	2
0	59
12	84
0	25
0	0
0	0
1	0
0	0
0	14
0	8
0	0
0	8
0	1
30	55
0	55
12	19
5	0
110	108
7	0
0	0
1	0
0	45
0	82
0	75
0	0
0	0
0	0
0	1
0	0
0	0
1	9
0	0
3	28
0	6
0	7
0	15
0	15
0	22
0	0
0	7
0	7
2	0
0	0
0	0
0	3
0	0
0	7
6	0
0	11
0	11
0	0
8	7
0	9
0	0
0	0
0	6
0	1
0	0
3	10
0	3
0	0
3	0
0	0
0	0
0	0
0	0
0	26
2	26
0	15
2	0
0	1
0	13
0	1
3	1
0	13
0	28
0	19
0	9
2	0
14	7
0	9
0	2
0	0
0	0
0	1
0	0
0	26
0	75
0	50
0	0
0	22
0	40
0	30
0	50
0	48
0	35
0	0
1	4
0	44
15	5
0	1
0	40
0	2
41	35
0	33
0	17
0	0
4	0
0	2
0	0
4	1
0	0
18	0
0	0
0	0
0	0
0	0
0	3
0	3
0	3
59	171
7	104
0	3
0	162
0	0
0	174
0	161
0	170
0	157
11	152
32	145
0	23
10	23
1	14
0	9
17	18
0	0
0	4
173	0
0	0
22	2
0	0
0	0
3	2
38	0
0	0
0	0
0	1
3	0
0	1
0	32
6	32
0	1
0	0
0	0
0	0
0	0
0	0
0	0
0	0
0	0
0	0
0	0
99	0
0	26
0	7
0	5
3	26
2	1
1	0
1	16
1	16
0	4
0	1
0	1
0	0
1	0
0	0
0	0
0	0
90	0
73	38
34	7
6	1
1	0
0	0
3	0
0	0
0	0
0	0
0	0
1	0
2	0
0	0
33	64
0	58
1	0
0	0
0	22
1	8
0	8
0	1
0	1
0	1
0	6
0	1
6	1
25	157
1	105
28	142
83	3
0	2
0	3
0	2
33	6
7	9
7	9
14	10
0	10
4	9
0	9
1	1
2	1
0	0
0	1
3	40
8	40
0	12
0	1
0	0
11	31
0	28
0	0
0	0
0	0
0	0
0	3
0	3
0	0
12	82
0	44
0	12
8	6
0	66
20	0
0	13
4	13
0	14
0	14
0	0
210	0
6	0
4	0
10	22
0	15
0	20
0	2
16	3
0	0
0	3
2	3
0	0
13	26
6	21
0	13
0	13
0	1
0	0
82	45
0	35
0	8
0	108
27	120
0	30
0	12
0	81
0	82
21	3
0	4
20	33
0	4
0	4
1	37
0	1
0	1
0	3
6	0
0	10
0	0
0	13
375	43
0	43
17	13
0	4
24	10
0	2
62	6
5	1
17	78
0	78
0	11
1	11
0	7
0	0
6	11
0	28
0	28
1	0
0	0
0	0
0	0
12	0
101	22
5	35
0	1
1	0
0	0
0	0
0	21
0	17
0	0
6	13
0	0
0	13
6	3
0	3
0	9
21	0
0	5
0	0
0	0
2	0
0	0
0	0
0	0
5	1
0	1
89	13
9	13
0	2
0	0
0	0
0	102
0	102
0	102
70	158
0	102
0	97
0	59
0	0
0	28
0	86
0	96
0	68
0	12
4	2
7	7
0	0
0	7
6	3
4	0
5	60
0	0
37	58
0	0
0	0
5	23
2	23
0	5
0	5
0	0
0	2
1	18
2	15
0	2
0	2
0	0
14	75
99	0
0	6
0	6
8	73
0	7
7	8
24	3
5	0
0	2
0	1
0	0
68	4
3	51
0	0
4	0
42	15
66	51
0	0
0	0
0	0
12	4
0	4
87	22
0	20
0	8
0	2
6	6
6	2
0	8
10	8
0	5
0	5
16	32
0	5
0	0
0	0
0	0
0	0
0	0
0	15
0	0
5	35
4	35
0	6
0	0
1	23
0	1
0	23
0	0
0	3
21	23
14	16
0	17
2	17
1	9
0	0
0	14
0	1
0	0
0	0
0	0
0	0
0	1
0	1
0	2
0	2
0	0
0	1
0	0
0	0
0	0
0	0
0	0
0	0
4	0
9	13
0	9
0	8
9	0
1	1
0	13
0	0
0	124
37	127
0	61
28	50
1	0
0	0
0	6
0	0
0	0
0	0
1	8
0	0
0	0
0	0
0	8
29	40
1	38
0	14
3	4
9	4
5	48
0	10
0	0
2	48
0	0
0	1
20	5
25	0
2	1
0	0
0	2
0	0
0	0
1	0
5	6
0	0
0	0
0	0
29	0
0	20
0	19
0	10
5	10
116	9
0	9
0	8
0	6
0	1
0	0
4	36
3	0
1	2
0	2
0	0
2	4
11	4
0	1
6	16
0	16
0	16
3	0
0	2
0	0
44	36
0	0
2	1
0	1
0	36
6	6
1	1
0	1
0	1
0	1
0	0
0	6
0	0
0	0
0	1
0	5
0	4
14	9
16	9
0	14
0	5
0	1
24	89
10	89
0	0
1	54
60	59
0	56
0	47
0	36
11	0
0	0
0	0
1	0
0	0
3	0
0	0
0	0
0	24
22	24
91	169
0	169
0	40
0	4
0	47
0	46
0	14
108	107
0	107
0	1
0	66
0	0
1	1
0	1
0	0
0	0
0	0
246	129
2	4
0	3
0	3
0	3
0	3
0	2
0	2
0	1
0	1
0	1
0	1
0	17
0	17
0	1
0	1
0	0
4	1
0	1
9	1
21	1
20	0
36	0
0	16
424	37
0	2
0	2
0	0
0	25
0	0
12	27
7	6
0	3
2	11
0	8
0	0
0	0
0	0
0	0
0	0
9	5
0	0
0	5
0	6
0	0
0	5
6	2
0	1
0	0
0	1
0	1
0	1
0	3
0	3
0	0
0	6
1	18
0	29
81	28
60	12
50	62
0	62
0	47
0	34
0	36
0	0
3	58
50	62
0	42
0	0
5	0
19	12
0	0
0	0
0	95
0	0
0	0
0	4
0	0
0	4
0	1
53	70
0	20
0	7
0	0
0	24
2	0
0	23
0	6
0	3
0	3
67	85
0	6
0	76
0	0
2	45
5	1
0	0
1	79
5	45
0	45
0	41
2	39
5	51
0	46
0	46
0	33
0	26
0	24
0	0
0	0
1	23
0	23
0	23
0	0
2	0
9	4
0	19
0	20
0	5
0	4
0	0
1	0
29	45
5	1
0	0
0	55
0	11
0	8
0	0
256	1
0	1
0	1
0	1
0	1
0	1
0	0
0	0
0	0
0	0
2	0
7	0
0	0
7	24
0	3
0	17
0	1
0	1
13	0
49	95
20	0
0	0
1	0
0	2
0	0
0	4
0	2
0	1
0	3
0	1
0	0
0	0
4	7
0	7
0	11
0	11
0	11
0	0
0	8
0	0
0	0
0	0
0	0
0	0
0	0
0	0
1	0
0	0
0	0
0	10
0	10
0	0
0	0
0	0
9	28
0	28
0	14
3	0
0	0
0	0
4	0
0	0
0	0
0	11
0	1
0	2
0	2
1	1
0	1
1	1
0	0
22	24
0	0
219	27
0	27
0	0
0	0
0	0
0	0
0	0
0	50
1	1
0	0
15	0
0	2
0	2
0	2
0	2
0	2
0	0
126	0
11	1
0	20
0	5
0	8
8	17
0	1
10	17
2	0
3	5
1	1
0	0
15	21
11	16
44	22
0	12
0	57
3	57
2	4
7	14
0	1
5	7
0	4
0	4
0	1
0	1
1	76
0	1
19	0
0	0
0	0
8	0
0	3
46	0
0	0
0	0
0	0
0	1
0	1
0	1
0	0
0	0
0	0
0	0
0	1
0	1
0	1
0	0
0	3
1	0
0	1
0	0
0	1
0	0
0	0
0	0
0	2
4	0
0	0
0	6
0	1
0	26
4	14
18	12
0	29
0	12
0	1
0	1
8	5
0	29
0	0
0	13
0	0
0	13
0	0
1	13
0	0
0	0
4	1
0	37
0	25
0	19
0	15
0	10
0	0
215	0
0	7
10	25
1	7
72	13
0	10
0	0
3	13
8	17
0	0
0	0
0	0
0	3
0	0
27	0
0	0
0	11
0	11
3	0
0	0
0	0
0	0
0	0
0	0
110	29
0	29
0	0
0	0
0	0
0	0
30	1
1	0
0	0
0	1
0	2
2	1
0	1
73	125
0	8
4	98
0	88
17	9
2	41
0	32
0	32
0	2
0	2
44	0
0	0
16	10
0	0
0	10
0	0
0	1
2	35
11	29
0	0
0	0
0	5
0	0
0	6
0	10
5	5
0	10
9	0
0	14
0	11
0	14
21	10
1	11
0	12
0	2
0	13
0	10
15	0
0	1
0	82
0	11
0	16
113	18
0	2
0	0
0	32
2	0
3	1
1	10
0	1
0	12
0	0
0	12
0	0
0	1
0	2
1	1
0	38
0	40
186	0
3	0
9	13
0	12
0	3
0	0
0	0
0	30
0	8
0	13
42	30
269	196
55	196
0	0
0	0
0	5
0	5
0	0
0	0
0	0
1	0
0	0
0	0
1	11
0	11
9	7
0	0
4	8
0	8
0	9
1	9
0	7
0	7
45	53
0	0
1	0
6	0
0	0
0	0
7	10
0	1
0	19
17	11
7	1
0	2
0	0
1	1
0	0
18	5
0	2
3	18
0	0
0	4
0	7
0	0
0	4
20	7
0	4
11	0
0	17
0	10
28	6
34	10
0	1
0	1
0	148
0	4
24	5
0	0
0	0
0	0
0	0
0	0
0	38
1	0
0	149
0	39
1	7
76	12
0	3
0	8
0	8
1	4
0	2
0	0
40	0
49	2
1	2
0	2
0	0
0	1
0	1
0	0
0	6
13	6
0	17
4	17
7	34
0	141
0	7
0	102
49	171
0	175
0	9
83	9
0	1
0	9
0	2
0	1
2	6
0	0
22	4
134	20
0	10
3	10
48	70
0	31
0	70
0	3
0	0
0	0
0	15
0	44
247	208
25	210
147	0
0	7
0	7
0	7
0	0
36	22
0	12
0	1
48	22
0	11
29	446
0	446
9	60
0	26
0	2
0	39
0	1
0	40
0	26
0	0
2	0
0	9
1	27
2	1
0	4
0	51
0	1
0	0
17	30
0	29
4	39
1	51
0	0
321	20
0	1
0	1
0	0
10	15
24	63
0	37
0	27
0	38
7	24
0	3
0	0
0	3
0	0
0	3
4	0
0	0
0	0
0	0
21	4
4	0
1	0
0	0
1	11
1	3
0	1
0	1
5	1
0	77
3	0
0	7
17	77
54	0
42	2
0	21
38	21
3	0
0	0
0	0
0	0
4	11
0	86
35	5
39	0
0	0
0	0
0	114
0	3
7	0
0	3
13	9
0	8
0	9
0	8
0	8
0	8
0	8
0	8
0	7
8	0
0	0
0	0
0	0
0	0
0	0
0	0
2	0
5	0
0	0
9	1
0	1
0	1
0	0
0	0
0	0
0	0
0	0
492	428
53	136
0	155
0	502
6	32
0	32
1	2
0	0
0	0
0	0
0	0
0	0
279	22
0	1
156	36
13	8
0	8
0	8
0	8
35	41
0	40
0	11
1	0
6	0
0	0
5	0
0	0
0	0
4	5
0	5
1	1
0	0
25	0
0	0
0	0
1	0
67	0
0	3
16	4
16	71
0	46
0	50
0	0
0	0
0	0
0	0
0	1
25	1
3	82
0	81
6	1
0	33
28	287
0	283
0	287
0	2
8	216
2	244
46	0
0	21
336	120
0	120
0	36
0	9
0	7
25	0
0	0
0	0
16	75
23	5
1	5
0	9
0	3
0	3
1	0
0	0
1	0
40	0
0	9
10	0
0	0
1	0
0	0
0	0
0	0
0	0
0	0
13	16
3	16
15	4
2	2
0	0
0	0
6	12
0	8
8	11
0	0
0	0
66	15
0	15
0	2
0	2
0	0
2	2
0	0
0	0
1	1
0	1
0	24
0	24
0	1
49	3
0	2
0	2
0	3
1	0
0	0
0	0
8	1
0	0
0	0
0	113
0	0
0	1
0	0
0	14
22	113
0	0
0	0
1	15
51	23
0	29
0	14
0	0
1145	10
0	10
0	0
0	0
0	0
371	71
6	71
0	74
0	74
0	0
0	4
0	0
1	0
0	2
0	0
0	0
33	0
14	4
0	3
3	8
1	3
5	2
0	1
0	3
0	3
0	3
0	3
0	3
0	0
2	0
2	0
0	0
0	2
7	2
0	0
5	6
0	0
0	5
27	0
0	6
1	5
0	64
0	64
31	23
0	0
0	0
2	0
4	3
0	3
0	0
0	3
0	3
0	3
0	3
0	3
0	0
31	11
1	0
0	0
12	0
0	11
0	11
27	44
14	44
0	40
0	0
0	3
0	3
0	3
0	3
0	0
0	3
0	0
0	0
0	0
0	0
0	3
0	1
3	30
1	30
0	217
0	217
0	4
4	4
0	4
0	4
0	4
0	0
0	4
0	4
0	4
0	4
0	4
0	4
3	49
0	49
0	0
0	10
1	6
14	4
0	0
0	16
1	16
3	13
0	3
113	0
3	15
0	15
0	0
0	0
1	0
0	0
0	0
2	0
23	2
0	2
0	0
41	1
0	1
5	13
0	3
0	3
0	0
0	12
0	0
0	10
84	36
0	35
0	20
0	35
0	20
0	20
0	35
0	35
0	2
3	17
0	17
0	0
0	3
6	17
0	16
0	10
68	0
0	0
3	1
0	0
5	0
0	0
0	0
0	0
0	1
1	30
0	30
1	0
0	0
2	8
0	45
0	0
0	42
5	46
5	2
0	0
0	0
0	45
5	11
0	44
1	0
0	1
1	0
0	0
6	0
1	0
0	11
0	1
0	1
0	33
0	1
0	0
0	44
0	0
1	0
0	0
1	27
0	0
0	0
0	0
0	0
0	25
18	10
0	2
2	6
0	5
3	1
0	2
0	0
0	3
0	2
0	26
0	27
0	18
0	10
0	1
0	5
0	6
0	1
0	1
0	1
0	0
0	27
0	9
0	0
0	0
0	0
0	0
0	0
0	0
0	0
0	0
0	0
0	0
4	24
1	36
0	42
7	41
0	1
0	0
3	23
0	14
27	6
12	6
0	0
0	1
0	1
0	1
0	7
0	7
0	0
32	0
5	0
0	0
0	0
0	0
0	0
6	13
0	13
5	0
0	0
0	0
3	1
0	0
0	0
1	0
0	1
0	14
3	1
0	14
0	0
0	14
0	10
49	19
9	17
0	14
0	2
0	0
0	0
0	0
0	0
0	0
0	1
0	0
0	12
38	148
5	148
7	0
0	0
0	0
0	0
2	0
0	0
70	19
0	17
0	1
0	2
81	8
0	0
0	0
0	0
0	0
88	8
122	8
1	8
0	1
0	21
0	21
45	16
25	122
0	122
1	98
0	41
1	0
0	12
0	11
0	45
0	1
0	1
2	0
0	7
0	0
4	1
0	0
0	0
0	0
0	0
1	34
0	0
0	0
0	14
0	14
0	2
0	0
0	9
4	15
0	13
1	0
0	23
1	51
0	50
16	4
23	9
0	9
0	9
0	1
0	0
0	1
0	1
0	0
0	0
0	21
0	21
10	0
1	0
225	2
0	2
0	8
0	8
0	8
1	8
0	14
0	14
17	0
4	2
0	4
0	3
0	3
0	0
0	0
0	0
0	5
0	5
0	0
0	0
0	0
2	0
0	1
0	1
0	1
0	0
6	9
1	4
0	9
4	11
0	26
24	44
0	0
3	0
0	0
3	6
0	6
0	37
181	45
0	14
114	0
0	0
0	2
95	202
0	63
0	156
0	0
4	0
0	0
1	3
21	2
2	0
0	0
0	0
0	0
0	0
0	0
0	0
0	0
12	0
1	0
0	0
5	0
0	0
0	1
924	18
0	10
0	0
2	0
0	12
0	2
33	32
0	34
0	0
0	0
0	0
25	5
0	5
5	5
0	0
0	0
1	0
0	0
1	2
0	2
0	6
0	0
0	0
0	0
0	0
0	0
0	0
0	0
0	0
0	0
1	0
0	0
0	0
0	0
0	0
66	45
13	32
3	2
0	1
0	1
0	6
34	6
0	5
22	15
0	15
4	0
1	1
3	1
0	0
0	12
0	12
10	10
0	0
0	0
0	1
1	26
2	15
0	1
5	0
0	6
2	6
0	0
0	0
1	0
0	0
25	7
7	7
0	0
0	0
2	55
0	57
0	6
0	3
0	0
0	21
0	15
0	6
0	1
0	0
1	7
0	1
9	17
0	7
0	15
0	8
0	11
116	11
0	0
0	8
0	0
0	1
10	14
0	19
0	1
0	1
0	0
43	0
0	284
0	29
8	13
34	13
4	12
2	0
0	0
8	0
6	7
1	284
9	2
0	2
3	8
0	8
9	0
0	0
0	0
0	13
1	0
0	0
12	21
0	21
0	0
19	0
0	0
0	0
9	0
0	0
0	0
0	0
0	0
13	0
6	0
35	23
105	20
16	12
0	1
0	0
33	6
0	0
0	0
0	0
0	6
0	6
0	0
16	10
0	6
0	0
0	6
0	0
237	92
0	67
0	10
0	26
112	17
0	7
369	13
8	53
22	27
0	0
0	23
5	22
0	0
0	2
0	34
0	21
0	20
0	20
2	5
0	0
25	49
1	29
109	49
0	30
0	28
0	2
1	0
0	0
0	46
0	0
61	5
2	1
0	9
4	9
2	0
0	0
34	0
0	7
0	7
0	0
0	0
0	0
0	0
0	0
0	0
0	109
37	109
0	0
2	0
1	0
0	0
0	1
0	1
2	0
4	0
55	0
0	0
0	1
0	1
0	1
0	1
0	0
34	31
16	28
106	0
0	8
12	5
0	6
0	14
1	2
0	13
17	32
21	165
26	383
31	383
27	85
0	83
0	79
64	79
0	73
0	1
13	33
0	11
0	11
0	11
0	0
0	1
13	2
2	0
0	0
2	1
0	0
0	0
42	0
0	0
78	2
12	143
7	5
19	5
0	0
0	2
255	6
18	6
0	0
19	28
0	0
0	28
0	0
0	0
0	0
0	2
0	40
0	40
0	40
0	40
0	40
0	40
0	40
6	13
0	13
0	0
0	1
0	0
0	0
0	32
0	32
82	1
95	28
0	0
0	4
0	4
0	4
0	14
0	0
0	10
0	9
0	1
0	0
90	1
0	0
0	0
0	0
0	0
22	10
0	3
0	3
0	3
0	3
0	3
0	3
0	3
0	3
0	3
0	3
0	3
0	3
0	3
13	0
0	0
2	0
14	13
0	2
0	13
0	2
0	0
73	11
19	11
29	6
4	16
0	16
0	14
0	0
0	2
0	4
32	47
0	5
1	5
0	5
0	14
0	6
0	0
2	0
1	0
0	25
0	1
0	1
45	22
22	1
0	0
0	21
3	1
0	0
0	0
0	0
38	92
90	16
0	44
0	16
724	90
0	90
0	6
0	1
0	1
16	0
10	28
0	0
161	0
0	92
0	95
0	9
0	9
0	14
0	15
0	0
0	0
0	95
0	9
30	9
0	9
20	2
0	2
0	48
0	48
0	0
0	4
0	48
0	48
0	48
0	0
5	0
0	0
6	38
0	37
0	18
13	0
0	14
0	1
0	14
0	14
0	1
0	1
0	14
0	12
0	12
0	12
0	2
9	2
0	2
105	173
0	174
0	175
0	48
0	48
0	32
0	2
0	1
0	18
0	7
13	7
0	0
1	0
0	46
0	0
1	46
13	7
1	4
0	15
0	5
1	5
4	2
0	0
0	0
0	0
69	49
0	49
0	1
0	0
0	0
0	0
0	1
0	9
2	9
0	1
10	0
10	2
0	11
0	20
0	2
0	77
0	77
5	414
0	414
0	452
9	19
0	7
2	1
0	0
0	11
0	28
0	5
0	7
0	5
11	0
0	1
0	0
0	20
0	0
0	0
18	0
0	78
8	1
0	1
0	2
0	1
0	1
2	0
0	0
0	0
0	78
0	17
0	6
9	35
14	36
0	8
0	7
0	8
0	0
0	1
64	39
0	1
0	1
5	0
3	26
0	3
55	43
0	43
0	0
0	39
0	0
102	0
0	0
52	0
0	0
1	0
1	3
0	0
0	13
0	23
0	8
0	0
0	6
0	26
0	6
0	2
1	0
0	0
0	0
1	1
0	0
0	0
0	4
0	10
0	26
0	23
168	25
0	40
0	35
0	16
0	35
0	1
4	0
0	0
0	40
0	40
0	40
8	40
8	40
0	25
0	0
0	2
0	2
0	2
6	2
0	0
0	1
1	1
0	1
0	1
0	1
16	0
7	31
0	32
0	15
0	15
0	25
0	15
10	6
0	15
0	14
0	15
1	0
0	1
0	0
0	0
0	0
0	0
0	0
0	0
0	0
0	0
0	0
0	0
0	0
19	1
0	1
0	0
2	0
46	0
96	76
0	0
3	76
37	6
0	69
37	69
8	63
0	63
5	2
0	0
0	0
0	2
0	1
177	0
9	7
0	1
0	7
0	0
0	0
0	1
0	1
0	0
0	0
0	0
0	0
0	0
5	0
0	1
1	1
0	0
0	3
0	0
0	8
0	8
0	11
5	14
0	16
0	10
6	10
0	8
0	8
0	0
6	10
0	1
0	1
1	0
0	0
0	0
0	1
32	7
0	7
0	0
0	0
0	0
0	0
0	1
0	1
5	26
5	26
0	0
0	0
12	0
0	0
0	0
0	0
0	13
1	13
0	26
0	14
4	15
0	15
21	6
0	1
0	1
0	1
1	1
2	19
2	22
0	2
0	2
1	3
9	2
0	0
0	29
0	30
0	38
0	0
19	9
0	0
0	0
0	0
20	377
0	369
28	5
0	23
0	46
30	36
0	42
0	2
0	2
1	2
33	14
0	11
0	11
0	6
0	1
0	1
0	1
0	1
0	0
0	1
18	2
8	2
61	1
0	1
0	0
0	1
0	0
0	0
10	0
0	1
4	2
22	3
12	3
0	1
0	0
0	0
6	0
4	0
3	0
0	0
0	4
0	2
0	4
0	2
4	8
1	0
0	8
1	0
0	0
1	1
0	1
11	1
5	8
0	8
20	8
3	8
0	5
0	4
0	0
0	3
0	0
2	3
0	0
3	1
0	0
1	8
0	1
0	0
0	0
17	52
1	0
0	15
0	52
0	0
0	0
0	0
2	1
0	0
0	0
114	0
1	0
0	1
0	1
4	42
12	62
5	41
0	41
0	37
0	3
43	30
172	2
22	2
233	1
0	1
0	2
0	2
0	0
0	1
0	0
118	48
0	48
0	43
0	27
0	0
0	22
4	45
2	13
0	8
0	8
30	48
0	22
0	6
0	6
78	0
233	59
8	3
0	0
3	0
0	0
0	0
0	56
1	0
53	20
0	0
1	4
0	0
0	0
0	0
4	13
4	7
0	23
5	15
10	19
0	14
8	1
2	1
26	1
0	1
0	0
31	0
147	4
0	4
1	4
0	0
35	0
93	0
0	26
59	0
0	28
0	25
0	26
0	28
13	13
0	13
0	2
0	1
0	1
0	0
3	3
0	2
24	35
0	3
0	1
0	1
0	0
0	4
0	1
18	0
0	20
21	15
5	16
0	1
0	20
11	0
0	2
0	8
0	5
6	101
12	98
0	58
34	31
13	31
35	21
0	0
0	0
0	0
4	0
18	1
0	0
0	1
0	14
0	14
0	11
0	0
0	0
4	0
10	69
1	1
17	69
0	8
0	0
0	0
0	8
0	155
0	109
0	37
0	0
0	0
0	0
29	0
0	0
0	0
0	119
0	1
0	143
17	31
0	27
4	20
0	26
0	20
0	0
0	3
0	6
8	6
0	6
27	0
0	5
0	16
8	16
0	23
0	5
12	0
0	0
0	7
0	7
0	4
0	0
8	0
62	0
0	0
0	0
67	23
0	7
3	7
21	21
0	0
0	0
0	1
0	1
0	25
0	31
0	8
1	101
0	122
5	51
0	47
0	0
4	0
0	0
0	33
0	1
0	6
5	0
237	6
0	0
10	8
0	0
1	8
2	0
5	0
0	0
0	0
0	0
0	0
0	0
0	0
0	0
0	0
0	0
0	0
0	55
26	45
0	41
0	2
0	0
0	0
0	0
0	0
0	0
0	0
0	32
0	31
142	34
0	34
0	1
114	65
0	3
0	62
0	0
3	5
5	8
7	1
0	4
0	0
0	0
0	0
0	0
0	0
0	0
0	0
0	0
27	104
0	0
3	2
0	17
0	0
0	106
0	0
0	1
7	0
4	0
69	17
0	3
0	3
0	3
0	1
0	34
12	0
0	31
1	20
1	34
0	0
2	0
0	5
0	5
0	5
0	0
11	26
0	14
0	14
0	26
0	0
0	0
0	0
22	0
49	12
0	0
0	0
0	0
17	2
0	0
0	2
0	0
0	0
0	0
0	0
0	0
0	0
6	0
0	19
0	0
0	3
2	19
0	2
3	3
0	3
0	3
0	0
0	0
0	0
0	1
0	0
0	9
0	51
0	51
0	24
121	14
0	0
0	36
0	35
0	35
0	36
0	36
0	36
0	36
0	1
1	0
0	0
0	0
1	0
0	30
0	0
0	32
1	34
0	32
20	0
0	0
0	0
0	0
0	3
1	3
1	14
0	15
0	14
0	7
0	9
0	8
0	7
1	0
0	0
6	0
1	0
7	0
0	24
1	24
0	0
3	19
0	5
9	0
0	0
22	14
7	3
1	21
0	4
0	1
31	1
27	0
0	5
0	0
4	5
3	5
1	0
0	0
2	0
0	140
7	177
0	90
0	0
1	1
56	5
0	0
0	0
18	3
96	34
0	2
0	20
0	0
5	0
0	6
0	8
6	0
0	0
51	7
0	0
0	0
0	40
0	7
12	26
0	6
246	26
0	26
0	4
0	4
0	2
0	2
7	2
0	4
0	4
0	12
0	0
0	0
0	1
2	1
0	1
0	1
0	1
0	1
23	1
0	1
0	1
0	0
17	0
0	0
0	12
1	12
0	10
0	10
0	8
0	7
0	0
0	0
1	0
10	0
0	0
0	0
0	0
0	13
0	13
2	12
0	0
22	8
4	100
11	72
0	74
1	33
31	2
0	4
8	1
1	0
0	0
0	0
0	0
0	0
2	0
2	0
0	0
3	1
4	1
4	0
1	0
0	0
0	0
0	0
0	0
18	44
0	44
5	0
49	22
0	12
0	0
0	0
0	0
0	0
4	0
0	0
0	0
0	0
0	0
2	43
0	0
1	0
0	0
0	0
0	43
9	0
0	0
0	0
17	0
0	0
0	0
0	0
0	0
0	19
0	19
0	17
0	18
0	16
0	16
0	1
0	1
0	17
7	9
0	8
0	15
0	7
8	8
0	1
1	10
0	8
0	2
0	1
0	0
0	0
9	0
0	19
0	63
1	63
0	62
14	62
0	0
0	0
0	0
5	0
8	0
4	43
0	0
0	43
10	0
0	0
9	0
8	43
0	0
0	43
0	7
0	43
0	0
123	0
57	7
0	7
0	0
0	0
0	8
1	16
0	16
0	0
0	8
0	5
0	0
0	8
0	16
0	16
0	1
0	7
0	0
1	0
0	0
0	1
0	0
0	1
0	9
0	9
0	9
0	9
0	9
0	19
0	0
0	20
0	29
0	76
0	0
1	24
53	42
0	0
0	69
0	15
0	0
0	0
0	0
0	42
0	22
0	22
0	15
0	17
0	13
0	13
21	6
0	10
0	6
0	6
32	6
0	6
34	0
0	7
2	7
0	17
118	0
0	1
0	0
0	0
0	0
0	0
0	0
0	0
0	4
1	0
1	1
2	0
0	4
0	1
0	4
0	0
0	3
0	0
24	14
0	14
0	14
1	14
0	23
0	23
19	5
0	1
0	1
1	6
1	6
7	1
14	0
0	0
8	0
3	0
0	0
24	14
0	2
0	8
0	0
15	0
0	12
0	0
0	0
0	0
0	0
0	0
0	0
0	0
0	0
0	0
0	0
0	0
14	0
0	0
5	0
0	0
0	0
0	0
0	0
0	0
0	1
0	1
0	1
0	0
8	0
0	1
0	1
0	1
5	1
0	0
0	1
12	2
0	1
0	0
0	0
3	1
0	1
0	0
0	1
28	0
12	37
0	43
0	59
0	0
0	96
70	174
0	9
0	158
0	2
0	2
0	1
0	1
0	11
2	17
0	8
1	5
0	0
0	11
0	357
0	326
26	31
0	93
0	11
0	11
0	0
0	0
0	0
0	0
0	0
0	0
0	0
0	0
0	0
0	0
0	0
0	0
0	1
17	1
1	12
5	12
0	1
1	1
0	0
0	0
0	0
36	0
32	0
0	0
3	42
0	10
0	10
0	10
0	0
0	0
2	0
0	0
3	32
0	31
20	0
43	23
0	19
0	82
46	82
0	71
55	66
0	0
9	5
1	0
0	0
0	0
0	0
17	0
25	0
0	0
0	0
0	0
0	0
188	124
0	29
23	103
0	9
0	121
1	2
4	2
10	1
0	3
0	4
5	0
0	0
0	0
0	1
0	0
1	1
13	0
86	8
0	0
0	0
8	11
8	0
2	0
0	0
0	0
0	0
0	0
0	0
0	0
0	32
9	32
0	0
0	0
185	10
21	1
7	29
0	0
3	16
3	8
0	15
14	24
0	118
9	118
16	118
1	6
0	7
0	0
0	0
0	0
0	4
0	0
0	0
0	0
0	0
0	0
2	1
0	1
0	0
3	3
0	3
3	0
328	36
9	36
0	0
6	0
0	10
5	2
0	2
1	0
12	23
0	21
0	2
1	0
100	82
0	3
0	3
3	1
0	2
0	0
8	4
0	8
0	26
0	26
18	26
0	0
0	0
0	16
0	16
0	1
361	0
0	0
21	0
68	82
0	0
18	0
54	7
0	21
38	16
0	11
0	14
0	13
0	13
0	12
0	0
0	0
9	4
0	3
0	3
0	3
0	3
0	0
11	0
2	0
0	0
0	0
0	0
0	0
0	0
3	0
0	0
0	0
0	0
0	0
0	1
0	15
0	15
6	25
22	25
0	390
0	38
0	0
0	28
0	2
18	425
0	77
0	6
1	3
8	42
0	35
4	0
8	5
2	0
19	1
0	0
0	4
0	0
0	0
0	0
0	0
0	8
0	0
0	0
7	0
7	0
0	16
1	16
0	1
0	0
0	0
0	0
16	0
0	2
0	1
0	1
0	1
0	9
0	0
0	1
100	0
0	0
0	9
0	1
0	1
6	0
0	0
0	0
1	0
0	0
1	0
0	0
0	45
5	45
0	4
0	1
1	1
0	1
0	0
0	0
51	66
0	0
0	0
0	0
0	0
0	0
0	0
2	66
0	0
7	46
0	37
0	10
0	10
0	9
0	0
3	2
0	2
0	0
0	5
6	52
0	46
78	28
0	5
0	4
1	0
8	0
0	0
20	6
4	0
66	7
0	0
226	27
0	26
0	27
5	7
40	2
40	0
0	0
59	9
0	11
0	3
112	11
23	7
0	7
35	24
0	5
0	16
0	17
0	4
6	1
0	1
0	3
15	0
0	3
271	3
93	0
36	0
0	60
395	124
0	124
0	18
0	18
0	9
8	44
0	2
0	2
0	0
0	0
0	6
0	18
0	46
0	0
0	0
0	6
0	8
0	4
0	7
154	13
0	12
0	1
0	0
7	0
663	0
1	0
19	0
0	14
13	14
0	14
15	14
0	0
0	0
0	0
0	1
0	1
4	49
0	47
0	47
0	47
0	49
23	35
0	47
0	39
3	7
0	25
0	4
0	28
26	13
0	12
0	1
1	13
7	13
0	1
3	0
0	0
0	8
0	0
0	0
7	0
0	0
0	0
7	0
7	0
2	0
45	1
0	1
0	1
0	1
0	1
0	1
0	0
0	0
0	0
0	0
0	0
0	0
0	0
0	0
0	0
19	0
0	0
0	0
0	0
0	0
30	0
121	14
0	0
0	0
0	6
5	0
12	14
0	14
6	4
0	4
26	4
0	1
0	2
2	1
0	0
1	0
7	0
0	4
0	16
0	16
17	0
112	207
0	207
143	36
55	36
7	0
0	1
0	0
0	0
0	1
0	6
0	0
0	0
0	0
0	0
0	0
0	27
134	1
0	26
5	1
0	1
0	5
0	1
0	1
0	1
0	1
0	1
0	4
0	4
0	0
0	0
0	0
0	0
23	11
0	0
0	11
0	32
0	2
0	2
0	2
0	0
0	0
0	0
0	32
0	1
141	5
0	1
0	0
1	0
0	4
0	1
0	1
0	79
1	4
39	9
0	0
0	0
0	0
0	0
0	0
0	3
0	0
1	0
0	0
0	0
3	0
0	0
0	0
0	0
0	4
0	4
0	0
3	0
0	2
0	15
1	23
0	21
0	36
0	0
0	30
2	9
26	10
0	10
26	1
5	0
54	3
24	112
0	0
2	0
0	0
0	3
1	0
0	3
0	112
0	275
0	275
0	17
0	11
11	0
0	0
22	1
0	0
3	2
0	1
0	1
0	1
0	1
0	1
0	1
0	10
0	0
0	0
0	0
0	10
8	0
0	0
0	0
0	2
3	2
1	26
0	26
0	26
26	23
0	1
0	4
0	7
5	7
3	0
1	5
1	5
0	7
0	7
0	0
0	0
0	3
0	1
0	56
0	56
0	32
75	22
3	14
0	5
0	5
0	0
0	5
0	8
41	2
22	2
0	2
0	0
1	2
0	0
0	0
0	10
0	9
1	10
15	1
3	1
0	1
0	42
0	3
0	0
0	3
122	0
0	0
7	10
0	10
0	9
0	0
0	0
0	0
0	0
0	14
2	23
0	17
0	23
0	0
0	0
8	8
112	83
0	0
3	0
7	0
0	0
270	1
21	0
7	0
0	0
0	0
1	1
1	0
0	0
5	0
0	10
6	14
5	20
39	10
98	8
2	0
0	0
0	0
6	2
2	0
4	21
1	20
0	7
0	0
51	1
5	13
0	19
0	4
1	0
0	0
1	0
0	0
0	0
0	0
0	0
0	0
0	5
0	0
0	5
0	0
0	0
1	1
0	1
0	4
0	3
0	1
0	0
0	4
0	4
0	1
71	1
0	0
19	0
2	14
1	1
0	0
0	0
10	0
60	118
32	99
0	64
1	1
0	0
0	0
20	0
0	0
0	0
0	0
0	0
2	1
0	1
36	0
0	1
16	0
10	0
1	0
0	0
0	2
0	2
7	25
0	48
21	48
10	19
0	7
0	0
8	64
0	0
0	63
0	9
0	14
0	13
0	13
8	63
141	42
0	42
60	27
0	7
0	0
0	19
0	13
0	0
26	13
0	8
0	3
20	3
0	0
0	0
11	4
3	46
0	0
0	0
1	0
0	0
0	0
0	0
3	8
0	16
3	1
0	1
0	15
0	1
0	4
0	11
0	13
0	5
0	2
0	4
15	2
0	2
0	1
0	2
0	0
8	1
0	1
0	2
3	10
17	10
0	6
0	28
0	28
3	0
0	0
0	0
0	0
15	3
4	2
0	1
0	1
0	1
1	0
75	0
46	1
0	1
4	55
36	61
60	58
0	3
0	0
0	0
0	0
0	0
30	17
0	0
0	10
0	17
0	17
25	3
0	0
4	0
0	19
86	18
12	19
0	1
56	50
0	1
0	0
0	0
0	0
0	0
0	52
0	3
62	12
0	8
0	3
0	5
0	5
0	0
0	0
0	0
0	0
0	0
0	0
0	1
4	0
1	0
0	0
0	0
13	12
0	12
13	7
0	7
24	60
0	55
0	60
0	4
3	3
1	1
0	0
0	0
355	0
5	8
19	10
0	0
0	3
1	5
0	286
0	286
3	2
0	2
69	71
0	44
0	11
0	0
0	5
0	0
0	0
0	4
0	2
25	13
0	0
11	13
19	0
8	11
0	19
97	11
1	0
1	0
6	3
19	5
0	2
0	0
0	9
0	9
0	13
0	0
0	4
0	33
0	6
0	2
0	3
0	1
0	0
6	32
0	13
18	1
1	0
0	0
91	4
0	4
0	0
5	0
6	12
0	4
0	5
0	5
0	0
37	0
0	0
6	0
0	0
0	0
0	0
8	0
1	0
0	16
0	16
34	16
0	16
0	16
0	16
0	0
70	6
0	0
0	0
0	6
0	0
18	2
0	5
0	2
0	0
95	66
105	23
0	43
0	13
0	19
0	0
0	45
0	0
13	3
1	3
0	0
5	0
0	17
118	17
128	6
90	11
6	5
0	4
0	4
89	1
5	0
0	0
0	6
0	1
0	6
21	13
0	0
0	0
9	3
0	3
75	5
0	0
0	0
9	6
15	0
0	4
0	24
0	24
0	0
0	0
0	2
0	0
0	15
0	0
0	0
0	0
0	0
3	9
0	0
5	9
0	0
2	22
0	22
0	0
2	0
0	3
0	17
9	22
1	0
0	8
0	7
65	81
4	76
0	21
33	74
0	74
9	32
23	0
0	180
17	180
0	9
0	6
0	0
0	1
18	18
4	16
0	2
11	4
0	4
8	28
0	0
0	0
1	0
0	2
1	2
0	0
0	15
0	3
0	2
0	1
0	2
0	14
1	0
0	0
0	0
0	0
0	0
0	2
0	24
0	24
0	3
0	3
1	1
0	4
0	1
0	3
2	7
0	7
3	0
0	7
0	10
2	47
0	47
38	10
0	0
0	0
0	0
8	0
0	0
0	0
0	0
0	2
0	2
0	0
0	0
0	0
1	0
21	63
2	63
0	60
0	60
0	38
23	6
0	2
0	0
1	0
0	3
0	3
0	0
0	0
0	0
0	0
7	15
0	0
2	0
0	3
0	7
0	8
0	0
2	15
213	4
0	4
0	0
0	0
0	0
0	9
0	9
0	0
1	0
0	0
0	0
0	0
0	0
0	0
39	0
0	9
0	9
31	26
0	2
1	2
0	15
0	0
0	13
51	18
0	18
27	78
0	96
0	57
0	37
17	0
0	0
0	0
0	0
0	5
0	0
0	0
0	0
7	0
0	21
8	21
27	0
0	15
4	5
0	5
2	0
6	5
0	1
3	1
0	4
0	0
0	0
0	18
12	0
0	45
0	45
0	4
0	14
0	9
6	4
0	11
0	12
21	13
0	1
0	11
11	12
0	12
378	85
2	85
32	0
0	1
0	22
0	11
0	11
0	11
0	2
72	32
0	32
0	2
0	1
0	2
0	0
0	2
1	0
0	0
0	0
0	0
0	0
2	1
1	1
0	1
0	0
0	18
5	30
6	0
25	18
0	18
49	59
0	0
0	43
0	0
0	91
5	91
0	35
5	0
3	12
50	12
0	0
0	0
4	0
1	0
0	1
0	1
13	195
0	195
0	40
1	91
0	8
0	7
0	7
0	7
0	0
0	7
0	0
0	3
0	3
4	3
3	13
1	10
0	7
0	3
0	0
0	0
7	11
0	11
0	9
0	0
0	0
98	182
0	5
0	177
1	0
61	111
0	95
0	95
0	147
12	147
0	26
48	32
9	37
0	0
15	0
0	0
0	0
0	0
0	1
0	16
0	1
0	1
1	1
0	10
0	0
0	0
0	104
0	56
0	6
1	104
0	11
0	11
0	11
0	19
0	0
0	11
0	11
0	11
0	11
0	19
0	19
0	19
0	19
0	19
0	12
0	16
0	14
1	0
0	0
0	38
20	64
55	41
0	17
0	15
1	15
72	1
4	6
48	19
0	27
0	27
0	5
9	15
3	16
0	18
1	18
0	80
3	0
0	0
0	0
0	0
0	0
0	0
0	0
0	0
0	0
0	80
0	80
0	0
0	0
0	0
0	0
0	0
1	0
0	0
0	1
0	4
0	4
0	4
0	0
0	0
0	22
0	16
0	0
0	0
7	41
0	41
0	1
0	1
0	13
0	0
0	0
0	13
0	2
8	2
0	2
0	2
0	0
0	0
1	0
0	13
3	3
0	3
0	0
2	2
0	0
2	2
21	0
93	0
9	9
0	8
0	13
0	2
0	1
0	8
0	1
0	12
0	12
0	3
0	0
0	0
0	0
0	0
0	65
0	65
58	6
0	9
3	11
0	3
29	38
0	24
0	22
0	14
0	0
0	0
0	0
154	12
0	4
0	12
0	3
45	22
37	22
0	22
2	28
0	28
0	28
0	11
0	1
0	11
1	0
0	0
17	19
0	22
0	23
0	23
0	20
0	19
0	13
0	16
0	16
0	13
0	13
0	7
0	0
0	3
0	0
0	0
64	80
0	50
0	31
3	56
0	49
0	9
190	26
0	40
2	1
0	50
13	50
10	2
0	2
0	2
0	2
0	0
0	0
1	0
0	0
46	0
24	0
12	57
45	1
0	0
0	1
3	54
24	49
0	0
6	20
5	20
0	20
16	20
11	20
0	17
0	14
0	4
0	4
0	0
0	0
0	0
0	0
0	0
0	0
0	3
0	18
0	1
0	0
0	0
0	0
0	0
2	0
0	0
0	0
0	0
0	114
0	90
0	8
0	0
5	0
11	0
0	0
0	1
0	0
63	29
18	44
4	28
0	0
10	0
0	1
5	6
0	6
0	38
1	38
0	16
2	0
0	8
0	8
0	9
0	8
0	8
0	8
0	8
0	5
0	0
4	24
1	2
0	1
3	24
0	1
0	3
0	22
81	16
0	16
0	1
0	1
0	1
0	0
5	0
0	0
0	0
2	9
0	0
0	0
0	0
0	0
9	1
20	0
0	2
5	2
0	1
28	1
0	0
0	0
3	1
0	0
0	7
0	400
0	400
0	7
2	6
0	6
0	6
0	0
0	8
0	7
0	8
29	0
0	0
0	197
0	197
0	0
55	0
3	32
0	28
90	26
353	48
0	38
0	15
0	0
0	0
0	1
5	0
0	0
0	0
0	0
0	0
0	0
0	1
0	1
0	0
0	0
2	0
0	8
0	4
0	8
0	1
0	0
0	0
65	0
10	31
2	6
0	6
0	0
9	0
0	0
0	1
0	1
1	0
0	0
0	0
0	0
0	0
2	0
116	0
0	31
0	0
0	0
0	0
0	0
0	0
0	11
15	11
6	3
6	3
229	0
0	0
0	0
0	69
0	69
0	0
1	0
1	0
0	0
0	0
7	0
0	0
1	26
8	26
0	26
6	25
1	25
3	25
0	0
0	0
0	0
0	27
0	27
0	0
0	0
0	0
0	3
0	3
0	3
0	3
0	3
0	3
0	0
39	0
16	3
0	4
0	4
0	2
0	4
0	0
2	4
5	2
5	0
0	6
0	4
0	16
0	5
0	3
0	0
0	0
0	0
0	0
0	0
0	0
0	0
0	0
0	0
1	0
0	12
1	2
1	1
0	0
0	1
3	1
0	0
0	0
0	148
22	148
0	7
4	21
0	26
5	26
27	19
0	18
16	8
0	0
15	27
31	0
44	0
0	2
0	1
0	3
0	3
0	3
0	1
1	1
0	3
4	0
0	0
0	0
10	3
0	3
0	8
0	0
0	0
0	0
0	0
6	6
6	0
0	0
0	0
0	0
0	0
0	0
0	0
0	0
0	0
0	0
0	0
0	0
0	0
2	0
0	1
8	34
0	16
15	26
31	34
0	0
1	3
0	0
0	0
0	3
1	0
27	1
20	1
24	2
0	0
0	0
0	0
0	0
0	2
0	0
0	7
0	7
0	3
0	4
3	1
0	1
0	1
0	1
0	0
0	0
0	0
1	0
0	0
0	0
0	0
7	32
0	32
0	28
0	0
0	0
0	64
0	0
0	64
11	10
0	65
0	0
0	0
0	0
0	0
0	0
0	0
5	0
1	18
0	19
0	19
0	19
0	19
0	1
0	1
0	1
0	8
3	1
0	1
0	53
35	35
0	91
0	136
24	91
0	32
0	19
0	30
0	26
5	45
0	16
0	0
0	8
45	24
2	24
5	24
33	9
0	3
0	0
0	1
0	0
0	9
0	0
1	0
0	7
0	7
0	0
0	0
0	7
0	43
0	43
0	43
0	43
0	42
0	1
302	0
15	0
0	0
0	0
62	0
0	0
0	0
0	0
47	0
0	1
0	23
0	23
0	1
0	1
0	0
38	3
10	0
0	0
0	0
0	3
0	0
0	54
48	0
0	0
0	5
0	5
0	5
0	5
0	5
0	0
0	0
0	0
0	8
0	8
0	0
5	0
1	0
0	0
0	49
0	80
10	81
2	72
0	72
29	75
2	63
0	14
2	4
0	1
0	1
0	0
0	2
0	2
2	10
0	3
0	3
0	8
6	10
0	10
0	6
0	0
0	0
0	0
0	0
0	0
0	0
6	4
0	4
0	1
4	17
0	0
0	0
4	79
0	0
5	75
0	66
0	67
6	53
0	36
0	21
0	21
1	21
5	2
0	1
1	0
0	1
0	0
0	3
0	3
0	3
0	3
0	2
7	0
0	0
0	0
4	2
172	5
59	5
0	2
0	20
1	20
0	6
0	6
384	132
1	6
0	1
0	0
0	18
0	18
0	15
0	15
0	6
3	4
0	4
0	9
0	0
1	0
0	0
0	0
0	0
0	0
0	9
0	4
0	4
0	0
0	0
0	4
105	0
1449	0
0	14
0	14
0	14
0	13
0	8
0	10
0	10
0	11
0	11
0	0
222	331
5	331
28	13
1	13
23	12
13	5
1	9
0	0
0	0
0	0
2	3
0	3
0	14
10	14
0	12
88	12
0	12
0	2
0	12
180	0
0	0
0	0
7	5
0	5
5	0
2	0
0	0
0	0
10	0
33	0
5	4
0	1
0	0
3	4
0	5
0	5
0	9
0	9
0	6
1	0
0	6
0	9
0	5
0	5
0	5
0	5
0	5
37	1
0	1
0	0
70	0
25	0
0	0
9	0
0	2
0	2
0	3
0	0
0	0
0	4
0	4
0	0
2	3
0	0
33	0
0	31
0	25
0	3
4	3
1	0
0	2
0	19
0	19
0	1
0	1
0	1
0	18
0	1
0	0
90	6
0	2
0	4
33	2
0	3
0	3
21	0
0	0
0	7
0	7
0	5
0	21
200	58
0	0
0	23
0	21
11	58
11	55
5	0
0	16
0	13
0	10
0	17
0	10
19	7
0	0
0	195
0	195
0	13
1	20
0	2
0	2
3	0
0	26
0	22
0	22
0	26
0	26
0	0
2	0
0	6
5	6
0	6
0	1
0	0
0	0
1	0
0	0
0	0
0	0
0	0
4	0
36	385
5	77
13	77
0	308
0	0
0	0
0	0
0	0
0	0
0	0
0	0
2	20
48	5
3	1
36	5
0	5
0	7
35	7
3	7
0	0
0	7
1	9
0	0
1	0
0	7
0	7
7	7
12	0
95	0
1	0
0	0
1	0
0	0
0	0
0	0
0	0
0	0
0	0
0	13
0	0
0	27
0	13
0	0
0	0
0	0
14	14
0	0
27	13
0	0
1	0
0	0
0	0
4	0
0	10
1	8
0	39
0	8
0	18
55	32
0	0
7	0
1	0
1	16
10	2
1	0
0	0
22	0
0	4
0	4
1	4
0	0
0	0
0	3
0	22
0	5
0	23
0	1
0	1
0	1
0	1
0	1
0	17
0	7
0	7
0	69
0	0
0	2
0	69
0	0
0	53
47	67
1	0
0	64
0	1
0	3
3	1
0	6
0	6
0	0
0	1
3	0
0	0
0	17
0	16
0	0
3	0
0	27
0	28
0	28
0	28
0	17
0	1
0	2
0	9
8	40
7	4
0	1
2	1
0	1
2	0
3	95
0	0
31	0
0	0
0	0
0	0
1	0
0	0
0	0
0	0
0	0
10	0
0	0
0	0
0	0
0	0
0	0
0	0
0	0
31	0
321	158
0	158
4	44
0	27
0	0
0	0
0	4
0	0
0	0
0	0
6	4
1	169
0	40
0	21
1	1
0	117
0	155
0	55
0	3
0	47
0	3
0	44
85	6
16	22
0	70
0	45
11	15
0	30
0	169
0	4
1	8
0	8
0	4
0	3
0	0
0	16
0	15
4	15
4	21
3	21
0	21
0	22
0	9
2	0
54	9
11	9
0	7
0	0
23	12
0	7
0	12
0	12
0	7
0	0
0	0
0	0
0	5
25	0
0	0
0	4
0	0
0	4
0	4
0	3
1	0
0	0
52	0
7	28
34	7
0	30
6	70
0	47
0	23
0	0
0	0
0	0
0	4
17	10
0	0
1	0
1	10
195	14
7	4
8	0
1	3
7	3
2	11
0	47
0	45
152	15
0	218
0	218
0	30
191	3
0	3
0	3
0	1
0	1
60	1
0	0
3	1
0	1
0	1
0	1
0	1
0	1
0	1
0	1
0	1
0	1
0	1
0	0
0	3
5	0
0	0
0	0
0	14
0	0
0	0
19	14
0	5
0	5
0	5
271	29
0	15
0	18
0	5
0	6
0	5
0	0
0	5
0	5
0	0
0	8
0	5
108	3
0	18
116	72
0	80
194	80
0	39
0	28
0	28
0	25
0	28
0	0
0	1
0	2
0	0
0	2
0	2
0	2
0	2
1	2
1	2
0	0
0	1
0	1
0	0
21	0
7	21
20	23
0	1
0	23
89	0
1	0
22	37
3	37
0	1
9	8
0	0
0	0
2	0
3	0
0	0
0	0
0	7
0	0
0	0
19	4
82	9
0	8
0	14
0	87
0	0
0	1
1	0
0	3
0	1
0	5
0	13
20	0
3	16
20	5
0	29
0	7
6	0
73	2
0	5
0	4
7	7
0	7
0	6
4	6
0	1
2	6
0	6
16	0
42	55
0	21
17	50
4	46
1	5
0	5
0	2
16	1
0	1
10	0
0	0
0	2
0	1
114	228
0	228
1	0
33	1
4	4
0	0
0	0
0	0
0	0
88	43
1	13
7	12
0	0
0	0
8	14
0	0
100	0
0	0
0	0
22	1
7	0
69	4
0	3
25	15
5	5
0	0
0	5
0	4
0	4
1	4
0	0
0	10
18	0
3	0
0	9
0	8
0	0
0	5
0	1
0	5
0	5
0	0
9	0
0	0
0	1
0	0
0	0
0	0
0	0
0	1
0	2
0	2
0	0
0	0
0	0
0	2
16	0
0	1
0	1
0	1
0	1
0	1
0	1
0	1
0	0
0	0
0	0
0	0
0	0
0	0
0	0
0	0
25	2
0	2
0	97
81	98
14	2
1	1
1	17
5	28
0	20
55	15
3	7
0	1
0	3
0	0
0	0
175	17
0	20
1	50
0	50
1	50
0	0
0	0
0	103
0	48
12	85
0	58
0	49
0	38
0	91
0	5
2	0
0	31
0	1
0	0
0	43
0	103
2	149
0	152
0	118
8	0
37	0
0	3
0	3
0	3
5	88
0	5
0	19
0	19
0	92
59	9
0	19
0	0
0	0
0	0
0	0
0	0
4	0
0	0
0	0
0	0
0	0
0	0
0	0
0	0
0	0
0	0
0	0
0	0
0	0
0	14
0	17
0	13
6	9
0	0
0	8
0	14
106	7
23	1
0	3
1	3
0	3
0	0
21	1
0	15
1	8
0	2
0	0
0	0
0	0
0	0
1	0
0	6
0	0
0	13
0	0
0	0
0	0
1	55
0	29
1	12
1	26
0	0
0	0
0	0
0	0
4	30
3	26
15	23
0	23
0	14
0	14
3	14
3	1
0	1
0	0
1	0
0	0
0	0
0	0
0	2
0	2
4	21
0	19
0	19
0	1
0	0
0	1
0	0
46	33
0	33
14	92
0	11
0	90
142	148
3	101
0	43
0	21
0	45
0	8
0	15
0	8
0	4
5	0
1	0
0	23
53	23
20	6
52	16
1	6
0	5
0	6
104	6
0	6
0	6
0	16
0	16
0	5
0	5
0	5
1	10
0	12
0	12
0	1
0	2
112	87
1	1
0	3
29	0
0	0
0	0
0	0
0	0
6	0
0	0
0	0
8	8
0	8
0	7
0	7
0	14
0	0
0	14
0	14
0	14
0	14
0	58
0	59
1	25
8	25
0	9
49	44
0	9
0	0
0	5
0	0
0	1
0	1
20	8
0	1
0	8
0	1
0	8
1	24
0	0
81	0
0	0
13	5
8	14
0	3
169	129
1	83
15	3
0	126
0	0
1	0
1	15
239	0
28	101
0	24
0	78
0	99
0	47
1	2
8	1
0	19
102	1
0	1
0	1
2	5
0	3
0	0
0	2
0	2
0	0
0	0
0	1
0	0
0	0
49	0
0	25
2	0
0	25
0	13
19	13
0	0
0	1
0	1
0	0
0	1
0	6
73	0
4	8
3	15
0	0
62	0
58	4
5	0
0	0
0	14
7	0
1	0
0	0
0	9
0	9
0	9
0	8
0	8
0	8
0	8
0	2
0	0
0	3
0	3
7	0
0	22
0	22
0	3
0	0
0	0
0	0
0	0
0	12
17	6
0	6
0	3
0	6
0	2
0	1
0	0
0	0
0	0
33	5
0	5
0	5
0	0
0	0
0	0
0	4
0	0
0	0
0	5
0	5
0	44
1	0
0	0
0	0
0	0
1	0
0	0
0	33
2	27
0	6
0	0
0	0
7	5
33	0
0	0
0	0
0	0
4	0
1	0
23	1
0	1
0	0
0	0
58	1
0	0
0	1
0	0
7	2
1	26
0	24
0	13
0	1
0	1
0	0
20	3
0	0
0	0
0	0
0	0
0	3
0	1
137	3
0	0
0	0
0	0
0	5
0	5
3	1
0	0
3	0
0	6
0	22
37	17
0	5
0	4
0	5
0	22
42	0
11	5
0	1
13	0
0	0
0	0
0	0
9	20
0	18
0	2
0	2
0	3
0	0
0	0
0	0
0	0
0	0
0	0
0	0
0	1
0	0
170	0
0	0
0	0
0	0
0	0
1	0
0	6
0	0
0	6
68	6
17	2
0	0
0	2
17	0
3	0
0	0
0	0
0	0
74	0
0	3
0	3
2	0
0	0
0	0
0	0
0	0
0	0
21	51
0	48
0	1
0	0
0	1
1	51
0	49
11	46
1	0
0	0
166	36
4	0
0	0
11	134
0	119
9	112
50	83
0	82
0	1
0	0
0	0
1	0
0	14
4	152
0	4
0	13
0	13
0	7
0	4
6	156
0	8
0	0
0	0
0	0
0	0
21	14
0	1
11	57
0	46
0	17
93	28
0	34
64	2
125	0
0	24
0	57
51	3
0	1
0	3
10	2
5	19
0	11
0	7
11	0
0	0
0	8
34	23
0	10
9	0
0	13
64	20
0	20
0	11
0	0
1	0
5	2
0	0
0	2
13	226
0	73
0	58
0	36
0	41
0	41
0	4
315	35
0	0
0	4
0	31
3	1
0	31
0	121
0	1
266	73
2	49
0	1
0	0
0	1
0	1
0	1
0	133
23	133
15	174
4	0
1	9
0	8
2	29
0	29
0	25
0	0
0	0
0	0
31	9
0	7
0	0
0	0
0	0
0	0
16	164
0	164
0	0
0	0
8	24
0	0
3	30
3	1
0	27
0	0
0	9
0	7
0	7
0	0
0	4
0	0
0	0
0	0
0	0
0	0
0	0
0	4
1	6
0	0
0	0
4	0
0	6
11	14
0	6
0	8
0	6
0	12
0	5
0	0
0	12
0	3
0	3
0	0
0	0
0	2
11	30
0	15
0	0
0	3
0	30
0	15
0	13
0	11
13	38
0	38
0	18
0	18
0	18
0	18
0	0
0	0
0	0
1	0
0	0
0	0
18	11
1	0
0	11
0	10
60	11
0	0
1	0
0	1
0	1
21	0
0	5
0	11
0	6
48	9
0	9
0	9
6	9
37	10
0	0
0	0
0	0
2	0
0	0
0	0
2	0
0	0
1	0
0	0
12	0
0	0
0	0
5	5
0	0
3	21
0	0
8	24
0	24
16	3
0	0
0	1
9	24
31	54
982	310
0	37
21	59
14	45
19	51
363	45
0	0
10	12
0	15
13	61
0	15
1	0
0	6
41	15
0	15
0	14
0	14
0	1
0	0
0	0
2	11
4	0
29	35
12	36
0	35
15	9
0	8
137	10
0	4
0	10
27	1
0	1
0	0
0	1
1	0
5	0
4	113
23	107
0	42
0	6
0	6
2	0
1	27
0	6
0	24
0	29
0	29
0	0
2	0
0	0
0	5
1	1
0	5
0	0
0	0
0	0
0	12
1	58
0	48
2	34
5	14
0	0
0	0
0	58
0	12
0	3
0	2
0	3
0	10
0	10
0	10
0	1
3	0
0	21
0	21
0	9
0	9
0	21
0	21
0	1
0	0
0	0
0	0
0	0
0	0
0	0
0	394
0	405
12	467
0	392
1083	421
0	389
0	464
0	285
0	391
0	387
0	440
0	333
19	160
224	101
0	29
0	28
1	29
51	83
0	12
112	84
11	0
16	0
174	9
0	7
0	4
11	6
0	6
0	0
0	1
0	1
0	1
0	0
7	3
0	45
0	0
0	2
24	44
0	0
8	2
0	0
10	17
49	63
0	3
0	8
0	59
7	23
0	1
0	24
0	0
0	0
1	2
0	1
0	0
0	0
6	0
0	0
0	0
0	11
0	0
0	1
0	1
0	52
0	1
0	52
0	0
0	51
14	39
2	94
1	94
0	12
7	94
3	11
4	0
0	0
11	11
0	0
0	0
0	0
0	113
0	114
17	117
0	1
0	0
8	1
1	1
0	14
1	14
4	13
22	159
4	1
0	0
11	1
6	1
0	0
2	158
0	3
0	3
0	0
0	1
0	0
1	1
0	0
2	0
0	0
0	12
0	0
0	3
0	2
2	3
37	3
0	7
32	0
0	5
0	1
1	1
0	2
69	3
0	1
5	1
2	0
5	0
1	2
4	7
0	8
0	8
0	8
0	8
0	8
0	8
0	8
0	8
0	5
0	5
0	5
0	5
0	8
0	8
57	14
0	8
0	8
0	5
0	10
0	10
0	10
0	3
0	0
14	0
0	0
0	14
0	1
0	17
0	0
0	14
15	0
0	0
0	14
0	1
1	0
0	6
0	0
0	6
0	0
0	11
0	14
10	6
14	0
37	26
0	21
0	9
0	14
0	92
0	18
0	71
0	0
0	0
0	4
0	92
0	0
71	4
10	4
8	0
0	2
0	2
0	1
3	1
1	2
1	1
0	1
0	0
0	1
0	1
0	0
0	0
0	28
12	28
0	18
0	18
3	0
11	0
6	39
94	1
0	0
0	0
0	1
3	0
0	1
0	1
0	1
0	1
0	0
34	5
3	0
0	0
9	109
0	0
0	0
0	103
0	97
0	39
2	39
0	39
0	0
0	109
1	29
17	29
0	0
0	20
0	0
14	0
21	32
0	44
2	1
0	17
34	20
3	6
3	19
222	0
0	3
0	3
0	0
0	7
0	13
0	6
0	8
2	1
3	0
0	6
0	0
0	0
0	6
0	17
0	16
0	0
0	1
0	0
0	17
0	1
0	3
0	1
5	0
15	2
0	2
0	2
0	0
9	2
0	2
0	1
0	0
63	0
0	6
0	6
0	6
0	0
0	0
0	6
0	6
0	0
0	3
0	3
0	0
0	0
0	6
1	1
0	0
0	0
0	0
0	0
0	0
0	0
32	4
6	4
0	0
0	0
19	0
0	9
0	2
0	2
1	1
0	1
0	1
2	7
0	1
0	1
0	0
0	0
0	9
0	0
6	0
0	0
0	0
0	0
0	10
0	10
0	10
0	10
0	16
0	10
1	16
0	0
0	0
0	0
0	0
0	38
0	34
0	34
2	0
0	4
0	4
5	0
1	7
0	6
1	0
0	1
0	1
81	12
0	8
0	1
0	5
0	8
6	0
18	31
0	28
0	28
0	28
0	28
79	28
0	28
0	28
5	0
49	0
5	0
2	2
0	2
20	10
0	0
0	0
13	4
0	4
48	1
0	1
0	0
2	1
0	0
0	0
14	3
0	0
7	3
49	0
2	3
0	3
0	0
0	0
0	0
211	0
0	11
18	8
0	7
13	3
15	0
0	0
0	1
0	0
0	1
0	1
0	0
0	0
0	0
0	105
0	105
4	75
0	73
9	0
0	0
0	0
0	0
0	0
0	1
0	0
0	0
0	1
0	3
0	2
0	12
1	1
12	2
0	2
0	31
0	31
0	5
0	30
0	0
5	14
0	33
0	45
8	45
0	3
1	0
0	0
0	0
0	0
0	0
0	0
0	0
0	0
0	0
0	0
0	0
0	20
5	7
37	7
0	7
0	12
0	12
0	12
0	1
0	0
3	0
0	0
0	0
0	0
1	0
0	0
0	20
7	53
0	4
2	17
0	13
0	0
0	3
2	6
0	3
0	3
0	7
0	13
0	6
0	4
0	3
0	3
1	0
0	3
0	6
0	0
0	0
0	0
0	1
0	53
0	5
0	3
0	3
0	3
0	0
0	11
3	11
0	0
0	1
1	4
0	0
0	0
0	1
0	1
0	1
0	1
0	0
0	0
7	0
0	0
11	0
0	0
4	0
0	0
2	0
0	0
0	35
0	1
0	33
0	1
0	0
10	1
0	1
0	1
0	0
0	0
0	0
0	7
1	10
10	76
0	77
0	74
0	76
1	22
8	12
0	0
1	0
0	14
0	13
0	14
24	81
8	12
0	10
0	81
0	0
176	0
0	0
42	6
0	0
3	10
0	0
0	0
1	4
0	0
0	8
2	1
0	7
0	1
0	1
0	8
3	6
0	6
0	5
1	54
53	54
1	91
175	37
0	1
0	0
0	0
9	58
142	38
27	38
45	68
3	68
0	0
0	0
0	22
0	22
111	2
7	1
0	0
1	64
59	639
0	2
27	14
0	14
0	0
0	0
0	1
0	0
0	92
0	118
16	118
0	38
0	6
2	31
0	0
0	19
0	0
0	29
1	2
1	27
0	16
0	132
0	29
0	28
4	181
0	0
7	181
9	20
1	0
0	20
0	0
31	0
3	0
1	0
0	0
1	0
29	0
15	8
14	0
0	0
22	2
0	0
2	2
9	1
0	2
0	9
0	2
1	1
0	0
4	0
14	59
0	59
0	0
0	7
0	7
0	1
14	27
0	10
0	28
0	0
0	0
0	0
0	0
0	0
0	0
12	10
0	7
91	15
0	6
1	0
0	0
2	5
0	4
0	8
0	8
0	11
0	5
0	10
0	6
0	1
0	0
0	11
0	7
50	76
9	76
20	73
0	0
0	0
0	0
0	5
0	5
15	0
11	21
0	10
1	8
0	0
0	8
29	28
74	3
9	3
0	1
0	1
0	0
0	0
0	0
0	0
0	15
0	25
2	8
0	1
0	8
35	22
0	3
0	22
1	2
11	7
4	0
0	5
1	6
0	0
0	3
0	3
0	3
0	3
0	0
0	0
0	0
0	26
5	26
0	17
6	1
0	1
0	14
1	7
17	12
0	8
1	0
3	4
0	0
3	71
0	2
1	5
0	3
19	64
2	10
0	10
38	0
0	8
2	0
0	0
1	4
0	0
11	0
0	0
21	4
0	4
4	0
0	0
0	4
0	0
0	6
0	9
0	3
0	0
0	0
0	0
0	0
0	0
0	1
1	16
0	0
0	0
9	0
0	8
0	0
0	0
0	0
0	16
2	0
3	11
0	0
1	5
0	0
4	1
0	1
0	0
0	0
0	14
11	14
267	0
8	0
4	63
0	56
4	32
0	0
0	55
0	20
0	21
1	12
0	8
0	1
12	34
9	21
0	34
0	34
0	0
0	21
0	18
10	14
0	20
0	0
1	4
1	0
0	20
0	21
0	20
0	4
1	0
0	18
0	18
1	16
0	1
1	0
0	0
0	9
21	97
0	97
6	59
0	11
0	0
2	0
0	0
0	0
0	0
0	0
171	46
0	0
0	0
0	10
0	44
0	42
0	46
0	9
0	9
0	9
0	0
0	0
0	0
0	0
0	0
0	0
125	38
0	13
0	4
0	4
0	4
0	4
0	13
0	13
0	4
0	4
0	4
0	3
0	3
0	3
0	3
0	3
0	3
0	3
11	0
0	0
2	28
0	0
3	0
0	89
13	89
0	0
0	0
0	0
0	4
0	4
49	62
0	0
0	62
4	29
11	29
0	29
0	28
0	27
0	0
10	25
51	93
113	196
0	191
1	34
22	4
1	0
0	0
0	0
0	4
0	0
0	4
0	74
0	94
0	69
0	53
0	36
0	5
0	0
0	81
0	0
0	81
0	81
0	3
0	3
39	6
82	16
0	12
29	5
0	101
12	102
4	76
7	28
0	0
43	0
8	0
34	66
4	67
0	41
0	27
0	6
15	7
0	1
0	6
13	5
0	0
0	0
0	0
0	4
38	4
63	0
5	0
25	281
0	281
0	46
0	281
0	127
0	115
0	115
0	3
0	113
0	0
0	112
0	0
0	6
0	11
0	0
6	16
0	16
0	16
0	0
0	0
1	0
2	0
7	2
0	2
0	0
0	0
0	0
9	12
0	1
0	12
0	9
18	19
0	16
2	0
0	1
0	1
0	1
0	1
0	1
0	1
10	0
0	0
0	0
0	12
0	0
1	0
0	0
0	12
0	2
0	2
0	2
0	3
0	0
0	0
0	0
0	0
0	0
0	1
0	1
5	0
105	39
0	8
2	22
0	2
0	0
0	20
16	21
0	20
7	1
34	9
5	0
49	0
0	10
4	0
3	0
37	51
145	51
0	46
0	40
0	17
0	2
0	2
27	22
0	1
0	8
0	0
0	0
0	8
4	40
0	7
0	7
0	0
0	0
0	0
1	1
6	1
0	20
0	20
4	20
0	7
1	13
1	7
1	0
0	0
3	1
0	1
0	154
0	50
256	177
1	0
0	6
0	0
0	0
78	7
0	0
1	7
0	0
0	0
0	0
3	0
0	0
0	0
0	7
1	0
0	0
0	0
0	0
1	0
0	7
1	1
0	1
0	1
0	0
0	1
0	26
0	25
0	5
0	0
0	0
0	0
5	0
0	0
0	2
0	0
0	2
8	0
0	458
0	458
0	18
0	0
0	0
47	21
0	23
0	17
1	5
0	4
0	3
0	10
0	11
0	0
0	0
0	1
0	0
0	0
11	0
0	4
4	0
4	25
0	0
73	34
0	34
4	8
2	6
563	4
6	2
0	0
0	2
71	0
0	6
11	6
14	124
0	124
0	17
0	114
0	25
0	25
0	25
0	7
0	7
2	0
0	41
0	8
0	8
0	0
0	0
0	18
0	0
8	33
6	0
10	1
0	6
0	26
0	10
0	10
3	5
0	0
0	0
1	0
282	34
0	5
0	0
11	7
1	6
0	15
0	15
0	1
0	1
26	391
0	391
0	3
19	2
0	0
0	0
0	4
0	4
0	4
0	4
0	4
0	4
0	4
1	0
8	4
0	4
0	0
497	111
3	111
0	1
0	1
0	1
0	1
0	1
0	0
0	1
0	0
0	1
2	0
0	0
0	0
0	0
0	0
6	0
0	28
43	25
0	34
0	1
22	19
16	33
0	10
0	0
0	0
0	0
1	0
0	0
4	33
3	5
0	5
55	30
6	30
0	23
0	23
0	13
0	13
0	8
0	8
3	0
0	0
0	0
0	0
0	0
0	0
0	0
0	0
0	0
0	0
0	0
9	0
0	0
0	0
0	0
0	1
6	8
1	8
0	14
4	14
26	9
0	3
30	3
23	4
9	5
1	5
17	19
70	24
31	15
0	10
0	0
0	10
0	2
0	14
0	5
0	5
2	5
8	22
0	0
0	1
0	1
0	0
0	0
4	2
0	0
2	28
13	79
23	44
0	16
3	5
0	13
0	0
0	2
0	4
15	79
0	28
4	8
0	7
0	5
5	6
0	5
0	1
0	2
16	1
1	0
4	32
1	60
0	0
0	28
0	0
0	0
0	28
0	9
0	28
10	5
1	4
0	4
0	4
0	4
0	4
1	0
0	0
5	0
0	1
5	7
0	10
1	5
3	0
1546	29
0	25
10	25
0	0
0	4
23	4
0	4
1	2
1	3
0	8
0	13
0	13
0	4
0	4
0	12
0	4
0	0
0	11
0	0
53	251
0	2
0	16
0	2
1	0
5	23
0	14
0	2
14	0
0	208
0	17
7	14
18	18
7	33
1	18
0	10
0	4
0	6
0	0
0	0
5	0
0	0
0	0
4	0
0	0
181	27
0	39
0	151
0	151
0	4
0	2
1	0
0	2
103	2
0	0
0	33
0	90
3	80
0	0
0	0
0	0
0	0
1	0
0	0
0	16
0	16
3	25
0	16
0	17
3	16
0	25
0	17
0	0
0	0
0	1
0	16
470	29
16	2
0	1
36	243
1	0
3	40
0	40
0	0
7	242
280	212
0	212
39	9
0	0
0	1
0	8
266	0
0	2
9	2
0	0
3	27
0	2
0	14
0	9
91	21
0	13
0	6
0	21
0	27
2	5
0	5
0	3
0	10
63	20
0	20
0	9
2	10
0	1
0	1
0	1
0	1
0	0
0	0
0	0
0	1
1	0
0	0
49	9
8	70
0	5
0	65
44	0
1	1
0	1
212	29
0	5
0	15
0	6
0	6
5	10
0	0
2	0
0	0
0	0
0	0
0	0
0	0
0	18
4	12
0	0
0	8
34	0
0	8
0	0
10	34
0	34
0	10
0	7
9	5
0	5
0	0
6	0
0	0
0	0
1	0
0	0
0	0
13	5
0	2
0	1
5	2
46	2
0	48
3	48
0	10
4	1
0	1
0	0
0	0
0	0
0	0
0	0
0	48
0	1
1	1
0	1
1	17
0	0
0	0
2	0
0	17
39	43
8	0
18	0
126	0
12	0
32	3
1	3
0	0
0	0
0	2
49	53
0	64
59	4
0	15
0	11
2	0
0	0
175	49
0	28
4	3
0	15
0	0
0	0
0	2
10	3
0	0
0	41
0	41
0	0
93	4
0	4
0	0
2	0
0	0
0	0
0	0
30	28
0	5
4	5
0	17
0	14
148	5
0	0
0	5
0	17
16	17
66	22
45	22
1	22
0	12
0	29
0	7
0	0
0	0
1	35
0	12
76	13
0	6
0	7
0	7
0	13
7	1
0	1
0	1
0	0
0	13
0	23
1	23
0	2
42	0
1	0
0	1
0	1
0	0
0	0
0	0
1	0
0	0
0	0
0	29
0	5
0	1
0	0
0	0
0	0
6	24
653	1
38	27
0	27
3	18
5	6
32	6
6	0
58	53
12	120
0	54
0	45
93	39
0	57
0	57
0	7
0	0
0	18
0	1
1	0
0	1
7	270
21	235
0	214
5	215
0	1
13	0
1	0
0	2
0	8
0	34
0	0
1	0
0	0
0	0
0	0
0	0
3	0
0	0
0	17
15	302
0	2
0	4
0	0
0	2
0	2
0	4
0	2
0	2
1	0
0	5
16	43
0	0
8	27
9	49
0	42
0	27
0	0
5	16
0	0
0	1
0	1
174	0
213	58
28	14
4	0
0	44
13	0
1	0
101	0
33	1
5	0
0	0
4	1
19	0
9	0
84	0
0	2
0	2
0	3
0	3
3	6
0	6
1	8
0	8
0	1
0	3
5	32
57	15
6	10
0	17
0	0
1	0
0	0
7	0
0	0
0	0
0	0
0	9
7	9
0	9
1	0
0	0
0	0
0	15
2	15
0	1
0	0
0	0
0	0
1	0
17	21
0	21
0	1
0	20
0	18
0	1
0	1
4	1
30	55
0	0
0	1
0	54
0	21
2	24
0	19
0	19
0	19
0	19
35	0
0	0
3	1
0	0
0	0
5	13
0	13
0	0
0	11
0	11
0	11
0	14
0	5
1	0
0	0
0	0
0	0
0	0
262	0
20	111
0	111
0	8
4	0
2	0
0	0
335	29
0	6
0	29
0	12
15	6
0	20
0	0
0	0
0	0
0	0
0	0
0	0
0	0
0	6
2	14
1	0
0	0
5	0
0	4
0	1
0	8
0	0
0	0
0	8
0	8
0	8
0	0
0	0
0	0
5	0
0	0
4	0
1	0
0	0
0	0
3	0
10	0
0	11
0	12
14	38
0	26
0	0
0	0
0	0
0	2
0	2
121	129
21	129
11	0
2	0
0	0
14	15
0	15
0	6
0	5
0	0
0	1
0	0
44	2
66	15
0	15
0	0
0	0
238	0
0	0
0	5
0	2
0	5
1	9
1	2
2	1
0	0
0	2
6	0
0	0
0	0
0	0
0	1
0	0
0	2
0	0
6	7
47	0
0	1
12	36
1	11
0	0
0	1
7	8
0	6
0	5
27	2
0	0
1	0
0	0
2	0
0	2
0	1
0	1
0	28
13	30
0	19
3	6
0	0
0	4
0	4
0	0
0	21
0	2
0	2
0	0
0	2
0	2
0	0
39	2
0	0
1	0
0	1
1	1
0	0
43	42
1	31
0	36
0	11
155	11
0	14
0	14
0	0
0	0
4	1
22	0
5	1
151	13
2	1
0	6
7	0
1	0
2	11
0	2
0	0
6	0
0	0
0	25
0	18
0	0
1	22
0	9
0	9
0	0
42	0
11	0
80	3
0	3
31	1
0	1
0	1
0	1
0	0
0	0
0	1
0	1
0	1
0	0
1	1
0	0
0	3
0	2
0	1
0	2
0	1
1	8
0	0
111	91
208	90
117	0
151	0
0	226
9	226
0	43
0	189
6	5
5	0
2	1
1	0
0	0
0	4
2	0
0	4
0	4
0	5
2	5
0	4
0	0
0	0
0	4
0	0
0	0
0	4
0	4
0	4
0	4
0	4
1	0
0	4
0	0
0	4
0	2
2	4
0	2
0	24
0	24
0	6
0	24
0	24
0	6
0	6
10	0
0	0
0	0
7	0
0	0
80	0
0	35
0	33
0	19
10	19
0	15
0	17
0	8
0	8
0	6
0	4
0	0
10	7
1	0
40	0
0	0
7	0
0	8
0	8
20	2
0	3
5	40
0	41
0	1
5	2
3	2
0	0
0	2
0	2
0	2
0	2
0	2
0	2
0	3
1	0
0	0
0	0
0	0
0	0
0	0
14	0
0	0
0	0
0	3
6	1
0	3
0	4
0	0
12	0
12	0
3	0
0	3
0	3
20	8
0	8
0	0
0	0
0	3
0	0
1	3
0	0
9	0
0	0
0	31
23	31
0	0
0	28
0	6
0	6
48	19
0	19
0	1
0	0
0	0
6	0
23	0
0	0
1	1
0	1
5	7
0	6
0	2
0	1
0	2
0	2
0	2
0	0
229	2
0	0
0	1
2	1
0	0
0	1
0	3
0	3
0	0
5	0
26	1
0	0
0	1
0	0
5	0
0	0
4	23
0	23
0	0
0	0
0	0
0	0
0	1
0	1
0	1
0	1
0	0
0	1
0	1
0	0
0	0
15	0
6	32
0	30
22	32
0	3
0	3
0	2
0	1
0	1
5	0
0	0
0	0
0	0
0	0
0	129
0	129
0	22
2	0
0	3
0	3
0	4
0	4
0	3
0	1
2	0
99	4
0	4
61	10
0	5
5	1
0	0
0	0
0	0
0	1
0	1
12	0
0	0
3	0
98	0
29	0
62	0
0	3
0	3
0	3
0	3
0	0
0	4
0	0
0	5
0	1
0	0
0	160
0	0
0	0
7	0
17	160
29	64
0	21
0	43
79	51
0	4
0	0
8	0
61	7
2	2
0	0
0	5
0	5
0	5
10	1
0	1
0	1
0	28
3	28
0	1
6	3
0	3
0	0
5	1
11	0
0	0
38	33
4	33
0	28
0	21
2	0
1	5
0	7
0	12
0	9
0	3
0	0
0	0
0	3
0	0
0	0
0	0
0	0
179	45
7	22
1	15
0	6
16	81
0	139
15	220
1	138
5	17
0	17
7	23
0	0
0	0
0	0
0	2
0	0
0	2
0	10
0	10
0	10
0	0
1	0
0	0
396	66
0	66
0	54
0	66
11	0
0	0
0	0
0	0
19	0
8	1
1	0
17	20
0	20
0	18
7	2
0	17
0	0
0	0
3	0
0	0
0	0
0	0
149	86
0	84
2	2
5	2
0	1
0	6
1	10
0	4
5	9
1	0
0	0
0	0
6	0
0	0
0	0
0	0
0	0
0	0
0	0
1	0
2	31
0	31
0	30
0	22
0	19
0	0
0	0
83	1
0	1
0	1
0	0
3	1
9	96
0	96
0	85
0	1
2	1
0	0
1	2
6	4
0	10
109	7
0	1
0	2
0	1
0	1
9	84
0	83
0	77
2	48
0	31
1	0
8	59
3	2
0	5
0	5
0	2
3	0
0	2
6	7
0	0
34	10
0	10
1	18
41	18
0	0
0	0
0	0
26	17
5	9
0	0
0	9
1	1
0	0
0	0
5	0
6	0
0	1
0	1
7	4
0	0
0	18
0	17
0	14
0	25
0	17
0	0
0	0
0	0
11	17
0	0
0	25
12	9
9	9
2	8
1	8
0	1
0	1
13	0
0	0
0	0
0	13
0	20
0	13
0	20
4	18
0	0
0	20
0	1
0	1
0	1
0	1
0	13
0	13
0	18
13	24
0	15
0	13
0	0
0	0
0	0
0	0
0	0
0	1
7	0
0	0
0	132
0	7
3	0
0	0
1	125
0	0
0	41
22	11
8	0
0	2
0	2
0	3
65	42
5	0
29	34
0	73
5	73
0	55
0	1
0	1
0	1
2	1
0	1
0	1
0	55
8	19
0	36
10	12
0	6
66	13
1	6
0	30
0	0
0	13
0	43
0	37
2	36
562	31
52	4
3	6
4	4
57	4
45	6
0	5
5	0
0	0
0	65
0	68
0	65
0	26
0	0
0	65
0	0
0	3
0	0
244	56
0	24
1	31
3	0
0	24
0	8
1	0
0	7
12	7
12	0
0	0
51	10
4	52
0	34
0	16
0	11
5	12
0	11
2	19
29	2
0	0
0	0
4	1
0	1
0	4
0	3
0	0
0	4
0	0
0	0
0	0
1	0
0	0
0	4
0	1
0	0
0	1
0	0
0	58
0	40
8	136
0	22
0	8
0	15
0	0
0	8
0	8
14	8
0	12
0	12
0	0
10	12
0	13
3	4
0	0
2	0
7	276
26	281
2	4
1	0
0	0
48	249
0	131
80	272
0	168
24	35
4	2
9	0
0	0
2	1
3	0
0	1
11	0
0	0
64	77
0	17
1	17
0	17
14	35
0	0
0	7
0	4
0	9
0	7
0	37
0	31
0	14
0	67
9	0
0	7
0	31
0	77
0	1
0	2
0	1
0	0
9	3
0	3
0	10
0	11
0	0
13	0
186	0
142	0
28	12
0	6
0	0
0	6
14	0
1	11
0	8
2	0
0	0
0	36
0	8
0	36
0	4
0	4
0	32
5	28
0	0
0	0
0	35
0	35
0	11
0	11
0	3
1	8
33	8
0	0
0	0
6	2
1	2
0	46
0	46
0	8
0	19
0	53
1	51
0	51
0	8
10	9
0	11
0	0
6	24
25	27
4	44
0	26
0	43
0	43
0	43
0	11
0	8
2	1
0	21
0	4
0	4
3	3
0	3
0	3
0	8
0	0
0	0
1	6
0	14
0	23
0	17
0	17
0	17
0	8
0	0
0	17
0	17
0	8
0	0
2	26
0	0
0	17
0	8
0	17
0	26
0	0
0	8
0	11
0	8
0	11
0	11
0	11
8	0
90	11
0	0
0	0
0	0
5	8
2	3
395	36
0	3
7	8
0	4
0	36
0	0
0	0
8	0
0	0
0	0
31	35
0	1
0	1
0	1
0	1
0	1
0	21
0	0
0	0
15	34
0	18
20	18
9	0
0	18
0	0
36	5
0	5
4	9
0	9
0	0
0	0
0	5
1	5
1	5
0	5
6	0
14	0
38	0
56	3
0	3
13	3
0	3
0	0
0	0
0	1
0	0
0	0
8	1
0	3
0	0
1	2
0	1
0	0
0	0
0	0
0	0
26	0
0	0
0	0
0	0
0	0
0	1
0	1
0	0
294	0
0	16
0	74
26	68
3	12
0	68
4	0
0	0
0	4
0	3
25	49
0	49
6	0
0	0
0	2
0	2
0	4
18	7
0	0
11	14
4	14
208	0
13	0
0	83
0	1
0	0
0	0
0	0
7	1
0	78
51	54
0	5
0	0
0	74
0	74
36	4
2	0
1	0
166	49
4	49
0	51
23	49
7	19
0	5
0	5
1045	48
0	48
0	0
2	3
44	7
0	7
0	93
0	93
0	76
6	12
0	62
0	2
0	2
0	11
0	11
0	3
0	2
9	1
0	1
13	7
0	5
0	1
1	0
11	0
0	0
0	0
3	3
0	8
0	5
2	4
0	0
0	7
0	0
2	0
1	2
7	66
0	53
0	34
0	2
0	0
0	1
0	1
0	3
0	0
0	2
1	2
11	3
0	1
0	1
1	0
0	0
0	2
0	2
2	0
10	36
0	42
579	42
0	0
0	0
2	0
2	2
1	8
0	8
0	16
16	19
0	17
0	13
0	13
2	0
0	0
0	1
0	1
0	1
0	0
0	1
0	4
0	2
0	2
0	3
0	0
0	0
0	2
373	93
0	106
0	105
0	106
0	14
0	6
0	6
3	1
0	3
0	2
0	0
1	0
0	0
0	0
0	0
0	0
145	0
10	0
0	0
19	0
0	0
2	1
0	92
0	92
59	146
0	154
0	0
0	0
0	0
7	1
26	24
0	24
0	0
1	0
0	0
94	2
2	0
0	2
0	0
1	2
0	58
0	60
1	0
0	0
7	13
0	0
0	0
0	8
65	133
131	133
1	46
0	47
0	0
0	0
2	0
0	0
2	47
1	4
1	4
1	4
0	54
0	54
0	0
24	8
0	7
0	7
44	6
9	1
0	0
96	104
0	3
0	7
0	101
90	34
0	254
0	1
59	238
119	4
0	0
0	0
3	0
0	0
0	0
0	3
1	0
0	0
0	2
0	1
0	1
0	1
0	1
0	1
13	16
0	0
20	7
1	0
0	11
0	0
6	0
0	0
0	0
0	0
0	0
0	0
0	0
0	0
31	0
0	0
1	0
0	0
0	0
0	0
0	106
8	106
0	3
0	3
0	3
1	3
0	2
0	1
10	78
5	91
0	29
0	0
2	0
0	0
0	0
0	0
2	0
0	0
1	0
0	3
0	16
17	1
16	3
0	8
0	0
0	0
0	0
0	16
30	26
0	17
0	13
0	5
0	5
120	1
196	4
0	0
0	0
1	0
0	0
0	0
0	18
0	15
0	11
0	11
0	3
0	2
0	0
0	18
1	13
57	27
0	0
0	0
0	10
5	10
0	0
27	14
2	0
203	0
0	0
0	0
0	0
0	0
0	0
0	51
0	0
0	1
0	1
4	1
1	1
3	15
0	19
0	0
0	0
0	3
0	9
1	9
0	1
1	1
0	1
6	1
58	0
18	9
75	6
3	0
0	0
32	6
0	0
2	5
15	45
0	5
2	45
0	2
0	2
0	2
0	1
0	0
0	0
1	0
7	0
5	0
0	1
2	15
0	1
0	1
0	0
204	0
0	0
0	0
2	0
0	0
51	20
0	17
0	0
17	131
0	131
28	10
515	5
6	5
0	0
0	0
0	0
0	19
0	19
0	0
409	76
7	76
0	47
0	11
0	0
0	0
1	7
1	23
0	23
0	17
0	7
0	7
0	7
0	3
0	1
0	1
0	2
0	0
1	1
0	1
0	1
0	1
1	1
0	1
0	0
0	0
0	193
2	0
4	193
68	6
0	0
0	0
0	0
0	6
0	0
17	16
0	9
0	9
16	2
0	35
0	33
0	5
1	5
0	0
0	33
0	9
1	1
1	15
11	15
9	0
0	0
86	84
12	70
0	76
0	14
16	14
0	5
0	6
0	0
2	0
0	0
0	0
0	0
0	0
0	0
0	0
0	0
8	1
0	0
3	0
0	0
0	1
0	4
4	1
47	125
0	125
1	1
0	0
0	0
28	24
0	22
0	0
1	0
0	10
0	22
0	10
0	0
0	10
7	0
0	0
0	0
29	4
0	4
0	0
0	0
0	0
0	5
0	5
0	5
0	0
0	0
0	0
0	0
0	0
0	2
306	115
91	114
0	0
0	1
0	1
0	4
0	0
0	0
0	0
0	0
0	0
0	84
0	0
53	16
0	270
0	270
19	1
0	1
0	1
15	7
0	1
7	5
0	6
0	5
12	84
1	0
0	1
0	153
0	86
1	0
5	72
0	38
5	39
0	1
135	9
0	1
158	68
0	0
0	0
0	8
0	0
0	0
0	0
0	0
11	2
0	2
0	1
23	99
0	69
0	75
0	1
0	0
0	0
0	1
0	0
8	59
0	1
0	1
0	1
0	0
143	2
0	99
0	29
0	21
0	0
2	29
8	9
0	0
0	0
0	0
0	9
0	1
1	0
15	0
0	0
34	0
16	0
0	0
3	0
1	1
0	0
118	30
63	30
0	0
45	17
13	29
0	12
0	0
0	0
0	0
0	8
0	8
0	1
4	0
0	8
0	8
0	18
0	10
0	0
0	0
0	0
0	18
0	8
0	7
7	13
0	12
0	8
1	1
0	12
0	24
0	0
0	24
23	16
0	21
1	16
4	11
0	0
0	0
3	0
0	2
0	14
0	14
0	14
0	0
0	0
0	0
1	11
11	15
0	15
10	6
0	7
1	7
9	3
7	1
16	3
3	0
47	14
0	6
0	0
0	13
0	0
0	0
0	6
0	0
11	11
0	1
0	1
4	5
1	8
0	8
0	8
0	0
0	8
19	46
0	46
1	1
0	1
13	0
43	39
0	34
38	1
5	5
0	5
0	5
0	5
0	0
29	3
0	27
0	12
26	9
0	0
0	2
0	1
0	27
0	19
0	123
0	93
0	70
0	44
0	38
0	34
0	34
0	0
0	7
0	13
0	7
0	123
0	30
0	15
0	15
0	25
0	25
0	0
0	15
2	0
0	0
0	15
0	8
0	16
0	6
0	15
0	0
0	0
0	0
0	5
0	5
0	0
0	512
8	519
0	0
16	621
89	0
0	512
6	0
0	28
0	0
117	621
12	15
0	0
16	15
36	1
1	30
0	0
1	4
0	1
0	1
0	1
0	1
0	1
0	5
0	2
66	16
0	16
0	10
0	10
119	0
0	0
0	4
0	21
1	21
7	8
249	9
1	20
7	26
1	3
13	0
0	10
0	3
0	0
31	6
0	6
0	0
1	0
0	0
13	0
0	0
0	7
0	0
4	7
6	5
2	9
0	3
2	3
0	0
0	0
0	6
0	0
196	0
0	1
0	1
0	1
22	841
0	841
23	504
0	7
0	2
0	2
0	0
2	1
0	0
0	0
0	4
0	4
0	0
0	7
0	0
0	7
4	7
2	9
0	0
0	7
5	10
0	4
10	7
6	2
8	7
0	0
0	1
0	1
0	10
0	3
0	7
9	37
1	36
0	0
3	34
0	0
90	0
17	0
90	0
7	0
0	1
1	2
0	1
0	0
1	0
6	0
9	0
0	45
17	45
0	46
18	46
10	7
0	37
4	1
84	18
0	18
0	0
21	10
0	13
0	1
0	4
0	44
0	44
0	4
2	1
0	1
64	13
8	10
2	0
0	0
1	3
1	3
13	8
0	0
0	8
0	23
3	21
0	2
0	11
0	11
0	54
15	1
0	1
0	1
10	37
0	54
50	5
17	1
14	1
1	0
8	0
1	0
0	0
0	0
0	0
0	0
0	0
1	2
0	2
3	3
0	3
14	31
0	0
0	4
0	4
0	4
1	2
0	2
0	1
0	1
12	0
0	0
0	0
0	3
0	3
0	3
0	3
2	0
0	0
0	0
0	0
0	1
0	0
0	1
0	1
1	1
2	0
0	0
0	0
0	0
0	7
0	1
0	1
0	1
1	0
51	54
19	7
20	49
1	2
0	3
0	13
0	13
0	3
0	3
0	3
0	0
0	7
0	0
0	0
0	0
0	0
10	0
0	8
28	8
0	8
0	8
0	8
6	8
0	0
3	17
0	0
1	0
0	0
3	1
0	1
2	0
6	0
0	22
0	21
0	7
9	1
0	1
0	1
87	91
9	87
0	76
5	67
3	17
21	0
0	0
36	28
0	67
0	72
0	28
14	44
232	34
0	0
57	55
0	54
0	54
0	20
0	0
0	1
0	0
0	0
0	1
0	1
0	0
0	0
1	0
0	1
0	0
1	0
3	8
0	8
33	0
0	0
77	32
0	32
6	26
3	1
0	1
0	1
0	4
17	4
0	3
0	3
0	0
0	0
87	168
0	168
5	0
0	3
0	3
0	3
0	0
0	0
0	0
0	0
1	0
27	31
0	30
0	0
0	11
0	11
6	0
0	0
0	7
0	0
0	6
0	0
3	7
0	7
120	18
0	18
0	2
0	0
0	9
171	6
0	6
202	7
0	1
0	0
0	0
5	7
0	8
7	9
0	100
0	100
0	1
0	0
0	0
0	0
2	98
52	0
0	0
0	0
0	0
5	1
0	1
0	0
0	1
3	0
1	3
14	10
0	0
0	0
11	0
0	5
2	5
0	0
0	0
42	0
0	0
0	0
1	0
0	1
2	6
0	14
0	14
0	13
0	14
0	1
0	1
0	0
2	5
0	9
0	5
0	4
0	4
0	0
0	0
0	0
0	0
0	0
0	238
30	202
22	187
63	114
4	0
0	238
2	1
0	0
4	0
63	25
0	0
0	0
0	0
0	19
0	18
19	25
0	0
0	7
0	0
7	0
13	0
0	0
0	0
0	0
0	0
0	0
2	2
0	2
104	18
4	18
0	16
17	29
0	4
11	10
0	10
0	3
0	0
0	3
0	0
0	3
0	0
12	160
0	147
0	16
0	11
0	11
0	3
0	84
0	84
0	84
0	84
0	30
1	0
0	0
124	0
0	72
0	79
15	39
72	32
5	0
8	157
0	160
21	160
0	147
0	0
3	0
5	0
13	9
0	9
2	0
0	0
47	1
0	0
0	0
0	0
0	0
1	0
0	0
12	32
0	0
0	64
0	13
3	2
0	4
60	31
0	9
0	7
0	27
0	7
0	0
0	0
0	20
0	20
0	0
0	0
0	0
0	0
0	5
0	5
0	1
15	2
0	8
0	8
18	8
3	0
0	0
37	0
0	2
1	0
0	92
11	62
52	57
8	92
0	62
0	1
48	96
51	79
40	31
4	23
1	23
0	13
0	0
1	0
0	0
4	5
1	29
0	29
0	5
3	0
0	3
0	3
0	1
67	0
112	46
1	45
0	9
8	0
0	0
1	1
0	1
0	1
0	1
0	1
0	1
0	0
104	92
29	121
2	22
0	24
0	41
0	13
0	6
0	6
0	6
0	0
0	0
0	1
2	1
0	1
18	18
0	16
1	5
0	18
0	63
128	99
0	97
0	7
1	0
0	86
0	0
3	95
3	3
0	15
0	28
40	120
0	6
0	125
0	4
0	1
0	4
1	1
0	0
0	0
0	0
0	1
0	1
0	4
0	48
0	35
0	29
0	0
1	14
0	3
0	10
0	0
0	0
0	0
0	5
25	7
3	2
0	2
0	22
0	22
0	0
5	3
0	0
1	0
0	0
0	19
0	4
0	4
0	0
0	0
0	1
0	19
0	19
0	0
0	23
0	19
0	0
4	0
5	0
0	1
0	0
2	0
9	1
13	4
0	2
0	4
0	0
0	0
146	6
0	0
0	63
0	6
45	0
1	0
1	18
0	18
0	10
8	14
0	0
0	0
0	0
0	0
7	0
0	0
0	0
0	0
0	0
0	0
0	0
0	0
0	0
25	0
0	0
0	0
0	0
80	0
25	48
0	48
0	650
345	953
0	5
0	476
6	0
1	0
5	0
0	16
0	1
25	22
1	16
0	9
0	20
0	8
0	2
0	0
0	0
2	3
0	0
13	0
15	0
0	0
0	0
0	0
0	194
0	17
11	4
23	317
10	330
31	0
2	96
0	83
0	99
0	1
0	84
21	129
0	52
0	27
0	1
0	1
7	1
7	1
0	0
2	0
0	0
0	0
5	168
0	189
0	189
0	106
20	109
0	47
0	47
41	0
0	0
204	56
0	56
0	0
25	0
0	0
4	1
0	1
1	5
7	1
0	1
0	5
0	5
0	0
66	22
0	19
0	9
33	26
8	36
0	30
0	28
0	0
0	6
0	7
0	0
0	0
5	1
11	1
268	35
2	0
0	2
0	2
0	1
0	2
0	0
0	0
0	2
324	46
0	21
0	13
0	16
0	0
2	23
9	10
64	47
6	4
6	15
0	0
0	0
0	0
1	0
418	67
60	36
0	67
2	44
0	47
0	0
0	40
0	40
0	0
25	0
0	0
4	0
0	4
0	4
0	4
7	4
1	2
0	0
0	3
0	2
0	0
0	0
0	0
0	1
0	0
58	0
0	0
0	0
0	0
0	0
8	1
0	1
0	0
0	0
0	1
0	0
105	13
0	6
1	6
0	11
0	11
0	7
47	5
58	38
0	29
2	0
157	69
0	69
1	1
1	4
0	3
2	25
0	0
9	0
1	103
25	103
0	29
118	53
0	22
1	2
0	29
0	3
0	3
5	3
0	0
48	1
0	0
35	0
0	0
5	3
0	1
0	1
0	15
4	15
0	0
0	15
0	15
0	1
0	1
0	15
0	0
0	1
0	1
0	1
1	1
0	1
0	1
0	0
0	0
0	0
0	0
0	7
0	7
9	0
0	0
1	0
0	15
0	60
5	57
55	1
37	7
1	0
1	6
0	5
0	2
8	14
1	2
0	2
0	12
3	12
0	12
5	0
0	18
0	14
50	14
2	0
0	43
0	28
4	40
0	40
0	43
0	43
0	43
2	8
0	8
0	2
0	0
0	0
0	17
0	0
4	0
0	17
1	0
0	0
0	0
0	0
9	0
0	0
0	0
0	0
0	0
0	0
0	0
0	0
0	1
5	0
0	0
0	0
0	0
0	0
1	1
0	0
0	1
0	35
1	35
0	35
21	1
1	1
0	0
0	0
81	13
0	9
0	4
18	1
0	0
3	1
0	0
0	2
0	1
0	2
0	2
165	15
0	0
0	9
0	2
71	39
0	39
0	0
8	8
3	3
0	2
0	1
0	8
0	9
13	9
0	9
0	6
0	6
0	11
3	11
145	11
34	0
0	0
0	1
1	3
0	2
0	3
2	1
0	70
0	8
0	5
0	0
0	5
0	0
0	70
0	0
0	0
0	0
2	4
0	4
0	4
0	4
0	0
4	0
3	2
0	1
8	0
96	3
0	1
0	1
0	1
0	2
0	0
0	0
0	0
0	0
0	7
0	7
0	0
100	0
1	0
0	1
15	95
0	5
0	0
0	0
0	0
1	0
0	0
0	0
0	3
1	1
0	1
0	1
0	1
17	1
15	0
108	0
0	0
1	0
0	0
3	0
1	6
1	77
7	95
245	49
0	53
1	52
0	53
0	3
0	0
0	0
0	0
0	83
1	83
8	28
0	43
0	65
0	18
0	0
0	19
0	44
0	34
68	0
3	1
0	0
21	8
0	8
0	8
0	5
0	0
0	30
0	30
0	0
0	14
0	9
0	10
2	14
0	9
1	1
7	5
0	0
1	8
0	8
3	32
0	32
0	22
0	18
0	17
0	0
0	0
0	0
3	0
48	1
0	1
0	1
0	2
0	2
22	23
0	10
0	11
3	0
0	5
0	68
2	5
0	5
0	20
0	6
0	5
0	80
10	12
5	12
0	1
6	30
0	1
0	8
9	0
0	0
0	8
0	8
37	75
0	1
0	12
0	32
0	11
0	50
0	13
0	0
0	0
0	0
0	0
0	0
9	3
0	11
0	13
0	11
2	2
0	1
0	4
22	6
0	4
0	0
0	2
0	0
0	124
0	41
0	14
0	14
2	14
0	1
0	0
0	0
0	0
0	124
0	23
20	23
0	0
128	84
0	46
0	75
0	69
0	9
0	82
51	66
2	0
0	0
10	0
1	0
4	0
67	0
0	1
0	1
0	1
26	15
0	3
0	3
0	14
0	15
0	27
0	27
0	0
2	0
0	18
0	18
8	1
46	1
0	0
0	0
0	0
0	1
0	0
0	0
0	0
1	2
0	2
0	1
0	0
1	0
1	0
15	0
3	0
0	0
0	0
10	0
16	0
11	2
0	0
0	0
0	2
0	0
1	0
0	0
0	0
0	0
0	0
0	10
1	1
0	10
0	4
0	20
0	0
35	22
1	22
2	2
0	2
0	1
0	0
0	1
0	1
0	0
0	0
1042	0
0	2
0	0
8	0
131	21
0	19
0	13
0	25
0	0
0	1
2	25
5	1
0	8
0	12
0	4
0	0
0	0
0	4
1	1
0	1
0	1
1	1
0	3
0	18
5	0
0	18
1	1
45	0
0	0
1	3
2	3
0	1
62	0
2	0
0	0
2	0
0	0
0	0
0	0
20	0
11	0
0	0
0	0
0	0
10	0
71	36
0	34
1	35
56	10
0	0
0	1
0	0
0	1
0	0
2	0
0	102
0	102
0	102
8	90
0	0
50	25
0	0
0	0
0	0
54	24
234	192
0	2
0	0
0	1
0	0
2	1
4	190
66	1
0	1
5	0
4	0
3	4
0	4
0	4
5	0
1	0
35	0
0	13
9	7
0	0
0	13
0	13
0	13
0	13
0	13
0	0
41	4
0	4
0	0
11	68
3	5
0	0
16	63
7	0
0	0
0	3
0	5
4	0
10	0
0	0
0	0
0	0
7	23
0	23
0	4
0	26
64	25
0	5
4	2
30	20
0	1
0	121
0	117
0	5
0	125
53	125
18	1
0	34
0	0
3	0
0	4
0	4
0	4
28	4
0	0
0	0
0	0
3	0
0	7
0	0
2	7
6	7
19	7
0	40
0	40
0	39
0	12
0	0
0	0
0	0
0	0
0	0
0	0
15	1
0	0
4	0
18	0
8	0
11	0
0	0
28	5
0	5
0	0
0	0
0	0
2	5
0	5
0	1
2	2
2	2
0	1
0	0
0	0
74	78
0	64
15	13
0	13
0	0
0	3
0	0
0	9
22	8
0	3
0	1
3	1
0	1
0	0
0	0
1	0
0	0
9	0
0	0
22	78
0	0
0	0
8	15
0	7
0	9
0	3
0	78
377	16
0	100
0	100
40	96
0	9
0	4
0	4
0	0
1	0
13	0
0	0
0	39
0	39
128	35
0	11
0	2
0	0
104	13
0	0
0	13
0	0
1	0
0	179
1	179
0	179
0	51
0	50
0	50
0	9
0	12
0	1
0	51
0	51
0	51
0	51
0	51
0	3
0	1
0	1
0	0
0	4
0	7
0	7
0	7
0	7
0	2
0	0
32	2
2	2
0	1
0	0
6	0
0	0
0	8
0	6
4	3
0	6
0	6
6	8
0	0
0	0
0	0
0	0
0	0
0	1
0	0
47	40
0	0
2	1
0	33
0	0
3	0
2	0
15	5
0	3
3	0
2	3
0	2
1	6
26	1
0	1
0	0
0	0
0	0
1	15
0	16
0	0
0	1
0	1
0	0
1	0
0	1
9	1
1	0
0	2
0	3
2	5
1	0
0	0
0	2
0	14
64	5
0	29
0	15
0	7
0	14
0	0
0	53
1	25
0	47
0	2
0	2
0	2
0	1
4	0
0	0
8	37
30	37
20	36
24	12
0	14
0	13
0	11
2	0
0	0
0	0
0	0
0	0
0	0
0	0
0	21
2	21
0	21
0	11
0	12
13	6
9	0
0	0
1	0
6	7
1	0
10	0
0	0
0	0
0	1
0	1
0	0
0	0
0	0
3	0
0	0
0	0
2	10
0	17
0	2
0	6
0	6
0	6
1	1
2	6
0	2
0	8
0	1
0	0
0	15
0	4
0	1
4	0
0	1
0	4
22	14
1	6
7	8
13	119
0	111
0	111
11	321
0	321
3	6
0	7
68	7
0	5
0	0
0	9
0	4
0	7
0	5
3	10
0	0
10	1
3	2
12	2
0	2
0	14
44	19
1	2
0	5
0	5
15	5
2	0
0	0
0	0
2	0
0	0
6	0
0	0
0	3
0	3
0	39
1	6
0	19
0	6
0	0
0	0
2	39
0	15
0	31
323	21
0	2
1	2
0	2
293	16
0	16
2	1
19	21
0	15
0	21
1	7
0	0
0	27
0	5
3	0
1	0
0	5
0	5
9	0
0	0
0	22
0	0
0	0
0	0
0	10
0	19
0	0
0	9
0	0
0	0
0	19
0	0
39	17
42	6
0	17
0	12
0	5
0	5
0	15
0	8
4	2
15	8
0	6
8	4
0	0
0	4
0	13
0	0
1	13
10	49
0	49
0	1
0	0
1	0
3	2
0	2
0	0
0	2
0	0
0	0
0	0
0	0
0	2
0	0
0	2
0	2
0	2
0	1
0	1
0	1
0	0
0	0
0	1
0	53
0	52
0	41
0	2
12	2
0	10
31	0
0	0
0	104
0	0
0	104
0	0
0	0
0	195
37	207
0	25
0	138
0	71
147	71
0	3
0	47
0	3
0	47
0	47
0	3
0	3
0	47
0	3
4	47
0	62
133	113
0	46
0	34
0	2
0	2
29	2
0	0
7	4
0	2
16	0
0	0
12	23
0	23
0	13
0	22
0	8
0	23
35	20
0	9
4	0
0	0
0	0
0	1
7	3
1	13
0	0
0	0
8	0
0	0
0	0
1	9
0	9
0	0
3	0
0	0
0	0
0	0
0	0
0	0
0	0
0	2
0	0
0	0
5	2
2	0
0	0
0	5
0	0
0	0
0	0
0	0
0	0
1	0
15	0
9	0
0	0
0	0
0	0
0	5
0	10
2	10
0	0
0	1
1	1
0	0
129	0
0	0
2	25
11	25
0	0
15	44
0	0
0	0
97	68
0	68
0	0
83	174
0	114
0	19
0	174
0	0
15	0
0	0
0	0
0	25
5	25
0	18
0	2
0	1
0	0
0	5
0	1
0	0
0	0
0	0
0	1
0	0
0	0
0	1
0	1
10	4
0	0
0	0
0	0
0	1
0	1
11	9
0	1
92	0
5	90
296	227
0	227
6	198
0	39
0	0
19	16
0	2
0	0
0	0
0	14
0	14
12	38
188	21
0	21
1	21
0	0
2	17
0	102
0	88
71	24
0	39
0	14
97	180
0	179
0	15
34	1
0	10
1	10
0	10
27	49
0	4
0	4
0	4
8	10
0	59
0	58
0	59
0	7
0	7
0	7
0	0
1	1
0	0
1	0
0	0
0	0
0	0
2	0
0	0
0	0
0	0
7	0
0	0
1	25
0	36
2	27
0	0
2	9
0	0
0	0
0	65
4	67
0	17
0	17
0	32
0	53
0	0
0	0
6	0
0	18
0	0
0	0
1	0
0	4
0	0
0	0
24	0
9	3
0	7
0	28
0	0
0	27
5	1
0	1
0	26
0	27
13	69
0	69
0	67
0	67
99	73
0	59
0	17
0	6
0	0
0	0
2	0
0	0
1	0
0	0
24	49
2	0
0	0
0	0
0	0
0	0
12	6
0	5
1	5
0	4
0	0
5	4
0	0
0	1
0	0
1	1
1	81
0	1
2	79
1	79
1	79
2	18
0	18
0	5
34	16
1	16
0	0
0	13
0	13
0	1
0	2
0	0
0	0
1	1
0	1
1	2
0	1
0	0
3	0
3	0
0	0
0	0
0	0
24	14
0	17
0	0
11	1
0	0
0	1
0	3
5	23
0	4
0	4
0	0
0	0
9	17
1	42
0	41
14	0
2	0
0	0
454	11
0	6
42	656
5	655
0	289
0	19
0	5
0	0
0	1
0	1
0	1
0	1
0	9
3	9
0	2
0	1
24	0
1	24
0	0
0	0
0	24
0	0
0	1
2	20
0	108
0	108
0	80
0	108
0	108
0	0
303	18
0	3
0	11
2	28
0	18
0	0
0	2
0	18
0	0
1	2
0	2
0	1
0	16
38	17
0	17
0	5
0	3
0	1
0	2
0	2
0	0
0	1
0	1
0	0
0	0
19	1
0	8
0	8
3	8
0	0
0	0
0	2
0	0
6	3
0	0
13	0
21	0
1	4
0	7
0	4
0	3
0	3
0	0
2	7
1	6
0	6
5	6
0	7
0	0
18	28
0	28
0	0
0	0
0	14
13	0
0	0
18	17
0	3
0	3
0	3
0	3
0	3
0	3
0	3
0	0
0	0
0	3
0	23
28	23
0	2
0	1
0	19
0	135
0	5
0	8
0	44
1	89
0	71
0	71
0	3
19	134
2	0
5	1
0	8
0	0
0	15
0	0
2	0
0	0
0	15
0	0
0	7
0	27
0	15
1	18
0	102
0	0
0	1
0	0
0	100
174	16
13	43
0	15
0	15
0	0
0	0
0	0
0	0
0	0
0	0
0	31
0	3
117	28
22	4
0	0
0	4
0	0
0	4
0	0
0	0
0	0
0	0
0	4
1	22
200	22
0	13
0	0
0	5
32	42
0	37
1	38
0	38
0	42
1	5
28	1
0	1
1	5
0	5
0	1
0	1
61	9
2	0
0	9
0	0
0	0
0	0
1	0
0	0
0	0
0	0
0	0
0	0
31	0
0	0
0	0
6	27
0	27
0	5
0	1
27	15
67	0
284	0
1	3
0	11
0	8
0	2
3	7
0	5
0	0
0	0
0	0
0	0
0	0
8	0
10	0
0	0
12	0
4	28
0	28
0	29
0	1
30	1
0	58
0	66
58	23
0	3
3	9
0	0
52	0
34	20
2	20
9	13
0	0
23	245
0	20
25	339
0	18
0	160
0	18
0	1
140	10
0	304
0	318
1	41
0	33
0	76
0	41
0	27
4	24
28	21
0	24
0	12
57	12
0	5
0	3
0	3
15	38
0	38
43	36
0	0
0	10
0	36
0	0
0	8
10	9
0	1
0	1
0	0
0	0
0	0
0	0
0	0
0	1
0	0
7	8
0	0
0	0
5	0
79	0
45	0
64	0
35	0
0	9
0	9
0	8
0	8
7	8
1	0
0	0
0	0
1	0
2	0
0	0
0	0
0	0
0	0
0	0
0	0
0	1
0	1
0	0
0	0
0	0
0	0
64	0
0	50
1	3
0	3
0	49
18	2
0	0
0	0
0	0
0	2
2	2
1	6
0	0
0	5
0	1
0	16
12	16
0	16
0	16
0	12
0	12
0	8
0	7
0	7
0	7
0	7
0	0
0	1
0	1
140	0
51	12
11	12
5	10
1	10
0	1
0	9
0	0
0	0
0	16
0	16
0	4
16	2
3	1
0	1
0	10
0	9
19	0
1	0
0	0
1	0
2	0
0	0
54	0
0	1
0	2
0	0
0	1
0	1
0	1
0	0
0	0
0	2
0	0
0	0
0	0
0	0
0	1
0	0
0	0
0	0
2	1
0	0
0	0
20	0
0	0
114	14
1	1
0	14
0	0
0	0
0	0
8	2
0	0
0	2
0	0
0	0
0	0
0	0
4	3
0	0
52	60
0	55
6	10
122	10
0	0
0	0
10	201
0	3
0	0
0	198
21	33
0	33
0	0
0	32
21	12
0	10
0	0
0	0
0	10
17	10
0	13
31	2
1	2
62	23
44	0
170	1
0	9
57	0
0	5
0	9
0	0
25	0
5	6
0	9
0	0
0	8
0	18
0	18
19	10
0	0
0	4
0	4
7	4
0	1
23	3
0	1
7	3
0	0
2	3
0	0
0	13
0	13
0	2
0	1
214	104
5	64
0	104
25	0
0	104
0	52
0	52
0	52
0	0
0	0
0	0
0	0
0	0
0	0
0	0
0	0
1	0
0	0
0	0
0	0
0	0
0	0
0	13
5	18
0	18
0	13
0	0
6	0
0	0
5	16
10	10
12	15
0	1
34	0
1	2
0	1
0	2
0	1
0	1
0	0
0	0
0	0
38	27
0	27
0	0
0	0
0	0
0	0
0	9
0	9
0	5
63	5
0	5
0	4
7	5
0	9
0	9
0	9
21	0
0	1
57	0
0	0
1	0
0	0
18	0
0	0
0	0
0	0
4	13
10	0
1	0
0	0
0	13
21	1
0	0
43	3
0	3
18	1
0	1
0	0
1	0
0	0
0	0
0	1
0	1
1	0
3	0
1	0
7	9
3	3
26	0
0	0
0	9
0	89
0	116
0	123
0	123
47	124
0	124
0	3
0	3
0	3
0	45
0	79
30	0
0	119
4	0
0	0
2	112
0	0
0	35
0	0
7	0
0	0
0	0
1	0
0	0
0	0
0	2
0	2
0	2
0	2
0	2
0	2
0	0
0	2
0	2
0	0
6	46
0	26
0	24
2	15
0	13
14	10
0	9
0	21
0	21
3	0
0	0
0	0
0	1
0	1
0	0
9	20
0	0
16	7
0	1
0	24
0	4
22	23
2	11
75	11
0	0
9	5
0	2
0	3
0	12
0	3
0	12
2	6
0	1
7	6
2	6
0	0
0	0
0	0
1	0
0	0
1	0
1	0
0	1
1	5
0	0
174	0
34	0
0	8
4	8
0	6
0	13
0	0
0	0
0	0
0	0
0	0
0	0
0	0
0	0
0	0
1	0
0	17
1	0
0	18
2	0
0	0
0	18
39	0
23	2
76	7
0	7
3	0
0	0
18	41
0	41
0	11
13	19
0	9
0	0
0	0
0	0
0	0
0	0
0	0
0	19
0	0
27	58
0	18
0	1
0	1
0	35
6	0
0	58
0	1
0	0
0	0
0	0
0	48
14	0
21	31
0	31
1	0
6	0
0	20
43	3
0	3
0	3
0	2
0	3
5	3
0	3
3	1
0	3
0	0
0	3
0	3
68	18
0	18
0	0
0	229
11	229
0	192
0	32
0	64
18	11
0	1
0	15
6	69
69	26
0	26
0	33
0	24
0	61
0	69
0	0
0	12
2	0
0	15
26	7
0	13
0	6
0	6
0	13
0	6
0	0
0	0
1	0
0	0
0	0
160	9
0	1
146	31
0	19
0	0
0	31
0	0
0	0
0	0
0	0
7	6
29	161
0	0
0	160
0	161
6	6
0	6
0	6
0	6
0	5
14	0
0	0
0	0
0	0
0	0
1	0
0	2
0	2
0	2
0	0
0	0
0	0
3	5
0	5
8	0
29	0
0	1
0	1
3	4
2	15
0	15
0	4
1	0
6	0
5	6
0	6
0	0
0	0
1	0
0	0
1	2
0	2
1	0
0	48
0	48
10	44
1	8
0	2
0	2
0	2
0	4
0	3
0	4
0	5
32	0
0	0
0	8
92	0
0	0
0	0
0	0
0	0
1	4
5	113
0	100
0	113
2	22
0	22
0	0
0	12
1	14
1	12
1	0
0	0
0	2
0	0
1	0
14	5
0	5
84	149
53	34
0	34
0	34
0	149
0	130
0	0
0	0
0	0
0	0
1	0
39	33
37	43
0	10
0	0
5	7
0	0
0	2
0	2
0	0
5	92
0	0
0	0
0	0
5	7
1	5
0	0
0	0
0	0
4	3
0	3
6	3
0	3
8	1
1	0
2	2
0	1
0	0
68	6
0	5
0	5
0	0
0	1
0	1
39	1
0	1
0	0
16	0
2	0
7	0
163	0
5	11
0	4
6	0
0	10
0	4
3	14
0	10
10	0
0	0
0	0
0	0
0	0
1	0
1	0
0	0
0	0
0	0
1	0
0	0
6	24
0	0
44	7
3	40
0	10
5	51
0	12
2	1
0	51
0	50
0	0
6	2
0	2
1	1
1	46
0	47
0	0
0	0
0	0
15	71
735	49
0	47
0	17
0	26
10	3
0	3
0	6
0	6
0	0
1	8
0	8
1	2
0	0
0	137
0	0
0	0
6	4
0	4
15	102
190	33
25	28
1	12
12	24
0	0
16	1
1	0
0	24
2	25
59	25
0	5
0	4
20	4
0	0
0	0
18	4
0	0
0	2
0	2
1	4
0	4
0	4
6	1
0	14
0	17
0	17
308	14
2	3
19	3
0	5
0	3
0	4
0	1
0	0
0	7
0	7
0	7
0	0
0	1
0	1
11	21
0	25
0	12
0	21
0	1
0	0
23	0
7	0
0	0
0	0
0	28
13	8
0	8
0	0
0	1
120	0
10	4
0	4
0	0
0	0
0	4
23	0
0	0
7	0
1	5
0	23
9	23
0	23
9	10
2	10
0	0
0	0
1	0
0	5
0	5
0	1
0	1
1	0
1	1
9	12
0	12
341	1
0	1
125	14
2	14
0	2
0	2
53	54
0	55
0	51
0	52
0	0
0	0
0	4
0	0
3	4
2	0
23	0
5	0
1	4
0	15
0	13
0	55
1	55
0	0
0	3
0	0
0	3
0	0
0	0
0	0
223	3
0	3
0	34
1	0
3	35
0	1
0	0
0	10
0	1
0	2
0	0
0	1
0	10
0	0
0	0
0	0
8	7
0	0
0	1
0	3
0	2
0	1
1	2
0	0
23	2
0	2
10	2
4	0
0	0
1	11
0	6
0	5
0	5
0	5
23	5
0	5
0	5
0	0
0	0
0	0
2	1
1	1
0	1
0	1
0	7
1	0
0	11
0	1
5	8
0	2
0	8
0	7
3	0
59	0
84	3
0	0
0	3
7	0
45	15
0	15
1	0
0	9
0	9
10	168
0	18
0	36
0	36
0	2
0	1
5	1
0	0
0	0
1	0
0	0
0	0
0	0
0	4
0	4
0	0
0	11
0	11
0	0
0	3
4	268
0	277
0	242
0	202
0	167
0	20
20	0
0	1
0	9
0	1
0	1
0	1
0	0
0	0
0	0
11	0
0	7
0	8
2	7
0	31
0	4
0	4
23	32
0	0
1	18
0	18
0	2
0	0
6	9
0	9
0	9
9	11
2	20
0	3
0	0
0	1
0	1
0	0
0	0
0	0
0	0
0	0
0	0
0	3
9	7
0	4
0	1
0	0
65	44
4	17
1	0
0	0
0	0
0	27
650	18
0	9
8	13
0	8
1	2
0	0
0	3
0	9
0	9
0	0
148	162
0	162
139	0
0	1
38	6
0	0
0	0
8	1
2	0
0	3
2	2
0	0
0	0
0	3
0	0
11	0
2	0
0	0
89	288
0	288
47	51
0	5
0	33
0	5
0	0
0	0
0	38
0	1
0	1
0	1
0	0
0	0
0	0
48	171
1	171
13	38
0	38
1	0
0	94
0	17
31	11
0	11
0	6
0	5
0	0
9	66
0	63
0	25
3	0
0	1
0	1
0	1
0	0
42	37
0	0
0	0
4	0
0	0
0	0
6	37
0	0
0	0
8	17
0	17
0	12
0	156
1	395
0	389
0	20
0	6
19	2
0	2
0	0
0	375
0	375
1	364
15	0
7	0
0	0
31	0
0	3
24	3
2	0
0	50
408	382
59	263
9	41
3	45
0	103
73	0
0	0
0	0
0	0
0	0
0	39
0	39
15	4
0	0
0	1
0	0
0	0
0	1
0	1
0	0
1	0
0	0
78	4
14	11
0	11
0	7
0	1
0	1
0	0
0	0
0	0
2	1
0	1
0	0
0	0
12	31
0	31
0	31
0	31
0	22
0	0
0	0
1	1
0	3
0	1
0	0
0	0
0	0
0	0
1	7
0	0
44	7
3	9
0	0
23	28
0	0
5	1
0	26
7	0
0	28
19	0
0	16
0	3
0	13
0	3
0	4
0	3
0	3
0	3
0	0
0	0
0	0
0	0
0	0
4	2
0	5
0	6
0	6
0	4
0	5
0	5
2	11
4	0
3	0
14	0
0	0
1	9
0	9
223	30
0	17
9	9
0	1
3	4
1	0
2	0
0	0
0	16
3	2
0	2
0	0
0	0
0	0
3	1
10	0
0	3
0	2
17	5
1	0
3	2
0	2
0	2
0	0
0	0
0	0
0	3
0	3
0	3
0	0
0	0
0	0
0	0
61	21
0	21
0	2
0	2
0	1
0	3
53	0
41	1
151	27
0	27
0	1
16	16
5	0
34	54
0	0
0	54
0	54
3	0
0	0
31	20
0	19
3	0
0	0
1	1
0	1
0	8
4	1
129	0
0	0
0	0
0	0
10	2
0	2
0	0
0	0
1	0
14	0
72	10
1	8
0	0
0	0
0	0
1	21
7	34
5	21
0	31
16	23
74	13
0	6
0	0
4	5
43	14
0	14
0	0
0	0
11	0
0	0
0	0
1	0
0	2
2	2
4	22
0	0
0	0
1	1
0	0
0	0
0	3
0	1
0	2
0	2
38	20
0	20
21	35
10	20
4	10
0	3
1	0
27	7
15	11
2	29
0	0
19	1
4	6
0	5
22	9
27	0
0	11
0	0
0	0
2	1
0	1
0	0
5	19
0	19
0	0
0	5
9	1
0	0
0	1
2	2
0	2
0	1
15	1
0	32
0	32
0	2
0	0
0	15
0	1
0	30
1	32
0	0
0	0
3	0
0	0
21	37
0	0
0	37
19	14
0	0
1	5
1	0
7	37
0	46
0	0
0	0
0	0
0	270
0	270
7	0
0	10
22	114
0	114
0	14
0	14
0	14
12	762
0	413
0	774
0	0
0	79
0	0
0	1
0	1
0	0
0	0
0	0
0	0
3	0
0	0
0	0
14	0
4	1
0	0
0	0
0	0
0	0
0	0
0	0
1	0
0	0
69	0
17	41
0	0
1	0
0	67
0	67
3	1
2	2
112	1
0	1
0	0
0	1
0	0
12	42
0	25
0	25
0	0
0	16
0	0
5	6
0	6
0	1
0	1
0	2
0	1
0	10
122	10
0	0
0	6
0	6
4	2
0	2
0	0
0	10
0	19
0	0
2	0
85	6
0	0
0	0
0	0
2	20
15	0
0	0
0	0
0	0
0	0
0	1
0	0
0	0
0	1
0	1
91	25
0	0
0	0
0	0
0	1
0	0
0	8
0	8
0	5
1	0
0	34
31	34
0	0
0	0
0	0
0	0
0	34
0	34
1	0
0	0
22	5
15	5
0	0
0	0
0	5
3	0
0	0
5	0
0	3
0	0
0	1
0	3
5	7
6	0
0	1
0	3
0	3
8	7
0	0
0	0
1	7
0	7
6	0
0	0
0	0
0	10
0	23
0	0
0	0
0	0
1	4
71	34
0	0
0	5
0	0
0	5
0	20
267	54
26	49
5	4
0	4
0	4
0	4
0	0
0	0
1	0
5	4
0	4
0	3
26	3
0	8
44	27
0	27
31	37
1	4
0	4
0	0
11	20
0	20
0	0
0	0
12	0
18	0
0	8
0	8
0	6
4	4
0	0
0	0
0	13
0	6
0	6
10	8
0	2
0	0
0	2
0	2
0	1
0	2
0	0
0	0
0	0
0	2
0	1
0	1
0	1
2	0
0	0
16	8
24	8
0	0
0	1
0	0
0	0
9	1
0	1
3	2
0	1
0	3
3	3
0	6
0	6
0	3
22	30
0	19
0	0
0	24
3	29
53	12
30	5
0	2
0	9
62	21
0	21
0	0
21	22
0	22
1	21
0	0
0	39
0	39
1	0
0	0
0	0
0	0
55	0
0	0
0	0
0	2
0	3
0	3
0	1
0	0
6	0
0	1
0	1
0	0
0	0
11	6
29	13
0	13
2	0
3	0
0	0
0	0
0	0
0	0
0	0
1	0
0	0
7	0
0	0
0	12
0	0
9	12
0	12
0	0
0	2
2	1
3	2
0	1
0	1
0	1
0	0
13	24
2	24
0	272
96	272
0	11
7	11
1	0
1	91
0	14
12	0
0	2
2	7
15	73
0	73
175	107
0	4
0	4
0	3
0	9
0	9
0	1
0	7
0	0
0	0
45	0
0	0
0	0
0	0
0	4
0	15
0	1
15	1
0	1
0	0
0	0
0	0
1	1
0	1
0	1
1	1
0	0
0	1
5	42
0	57
0	57
0	57
0	20
101	87
0	67
33	16
6	16
1	16
0	11
1	16
0	16
0	11
0	16
0	11
0	13
0	11
0	2
0	16
0	2
0	2
15	13
53	10
0	2
0	1
0	0
0	0
0	0
0	0
9	31
5	46
0	13
167	24
0	37
14	28
0	0
0	4
1	4
4	1
0	18
1	0
1	2
0	0
0	16
0	9
11	9
25	2
4	64
0	64
0	31
0	0
0	8
0	8
2	0
0	0
0	0
0	0
0	0
10	0
0	0
0	64
2	1
20	1
18	0
41	7
0	3
0	3
0	5
0	1
0	4
0	4
0	0
0	0
0	0
3	0
0	3
168	40
0	1
0	1
0	0
0	0
2	6
0	5
64	40
12	0
0	0
0	0
5	22
0	5
0	0
0	12
0	7
0	0
0	0
0	7
0	0
33	4
0	0
0	12
0	0
0	12
8	0
0	0
0	6
0	12
7	12
0	0
0	12
0	12
0	12
30	12
5	14
0	15
0	15
0	15
0	0
0	0
173	64
205	64
1	10
0	3
86	0
0	61
2	61
0	23
0	0
52	0
0	0
1	1
1	1
23	0
38	0
0	0
0	111
0	138
58	138
0	19
0	16
2	0
0	16
0	16
0	0
0	129
4	127
0	15
0	127
0	82
20	23
0	23
0	1
0	0
0	0
0	1
0	1
0	0
6	115
0	51
9	50
1	0
108	51
34	14
26	35
0	5
7	32
0	0
0	0
0	1
0	0
7	0
0	0
0	0
0	3
0	3
0	0
0	0
15	379
0	96
0	0
14	0
0	9
0	105
176	388
7	4
0	3
17	3
20	65
18	65
0	1
0	1
0	0
107	0
0	0
101	0
0	0
0	0
0	0
0	0
10	64
0	25
0	7
10	7
0	20
0	25
0	0
0	0
0	18
0	21
0	1
6	0
0	0
0	0
5	9
0	25
12	7
625	1
0	1
11	1
0	0
0	25
0	25
0	7
0	7
0	6
13	7
0	7
51	44
8	44
0	0
0	0
0	0
8	0
0	9
0	4
0	18
10	25
1	14
0	25
27	14
65	19
5	14
0	4
2	0
0	0
5	0
0	0
0	7
14	7
252	20
18	7
0	2
0	18
0	120
4	120
0	116
0	3
0	3
1	3
1	3
0	3
26	47
0	47
10	38
0	0
0	0
0	0
3	0
0	0
2	7
0	1
6	6
114	1
0	4
11	4
0	6
0	6
0	6
15	2
0	13
0	13
0	13
0	10
0	1
0	0
1	10
0	10
0	10
0	3
7	177
0	180
0	0
0	0
10	0
0	0
217	236
0	105
0	102
0	43
0	12
0	21
0	0
26	11
0	3
0	21
0	92
21	8
0	8
0	8
0	0
0	1
0	8
0	0
0	4
0	1
0	4
0	2
0	4
1	4
46	210
0	2
0	2
0	0
0	0
1	0
108	31
7	31
1	17
3	17
0	1
0	1
0	0
0	0
0	0
0	0
0	4
0	4
0	0
5	0
0	4
178	23
12	0
0	0
0	0
0	0
0	34
0	13
8	18
0	16
7	20
0	0
0	0
0	0
2	25
0	18
0	18
2	22
0	15
3	12
2	13
0	212
90	167
14	101
0	161
0	131
0	92
0	0
0	0
0	6
0	7
0	5
0	0
0	0
0	1
92	27
0	5
1	2
0	0
0	3
8	22
2	0
0	14
0	14
5	0
12	17
0	6
6	11
0	6
0	14
0	14
2	0
0	0
20	0
0	0
0	6
0	6
0	11
46	8
119	3
0	1
7	1
68	3
0	3
0	0
0	0
6	0
0	1
0	0
0	0
0	2
0	2
0	0
0	1
4	0
0	0
3	24
1	11
20	22
0	9
0	0
0	3
0	15
0	24
0	55
19	55
4	0
0	0
9	0
0	0
0	0
104	0
0	18
0	14
7	17
11	6
0	9
51	6
17	0
35	8
0	0
7	11
51	8
120	8
0	7
0	1
0	1
0	0
17	0
189	0
0	0
2	0
4	24
8	24
0	12
0	0
9	1
0	0
4	0
0	0
0	1
0	1
0	0
0	0
1	1
0	0
0	0
238	1
0	1
0	1
0	1
0	25
2	25
1	20
0	0
3	30
0	2
0	0
0	2
0	30
0	1
0	1
1	1
0	0
1	0
0	2
5	9
0	3
0	3
0	1
0	0
0	0
0	1
40	7
0	1
0	1
75	22
0	19
0	13
0	0
18	7
3	6
0	0
50	7
22	0
0	0
0	0
3	0
0	0
0	0
0	0
0	0
9	0
0	0
0	0
10	0
0	71
0	109
0	108
0	164
0	25
0	35
9	54
0	164
3	1
15	11
0	2
0	8
0	0
0	0
0	0
0	0
0	0
2	0
0	0
0	0
0	4
1	4
0	1
0	0
0	0
0	0
0	0
5	0
0	0
0	9
0	9
19	15
1	11
0	11
0	0
0	0
0	0
0	1
0	1
82	14
61	14
0	6
0	0
0	0
1	0
5	35
0	7
19	21
11	35
0	8
0	8
0	0
0	2
0	2
16	0
0	2
0	2
2	4
0	4
0	4
0	4
0	0
0	0
0	7
5	7
0	7
3	7
208	69
0	67
0	3
0	0
0	11
0	0
21	16
0	9
1	1
0	1
2	0
0	0
0	49
1	33
0	28
0	0
0	28
0	23
1	44
0	33
0	28
0	8
0	0
0	1
0	8
15	0
0	0
0	0
0	0
0	0
20	26
0	26
0	0
0	16
0	8
4	0
2	0
1	0
48	15
1	0
0	0
1	9
0	9
0	9
2	66
0	12
0	65
0	22
0	22
0	0
0	0
0	22
0	3
0	1
0	1
0	2
0	1
0	3
23	23
6	23
825	0
124	0
9	0
0	15
21	3
76	27
0	28
0	8
0	2
0	2
0	2
0	8
0	3
0	0
0	0
0	1
0	0
0	5
0	0
19	1
0	2
0	5
0	0
0	0
0	0
0	0
1	3
0	0
0	1
1	2
0	4
0	4
0	3
0	0
0	0
0	0
0	0
0	35
0	11
0	0
0	1
0	1
1	1
0	1
0	1
18	37
0	3
365	0
167	3
0	4
113	83
16	77
35	3
1	3
0	2
0	2
0	0
11	0
0	1
0	1
0	1
0	1
0	1
0	0
0	0
0	0
0	17
5	17
0	5
0	17
0	47
0	27
0	25
0	43
0	30
0	0
3	4
1	0
0	0
0	0
8	0
0	22
31	22
0	0
1	0
0	0
10	0
4	0
77	4
0	0
0	3
1	0
0	0
8	1
171	0
8	131
0	29
0	17
0	0
0	0
0	122
0	0
0	0
0	48
0	49
1	49
26	54
0	29
0	5
0	0
54	0
19	33
0	0
1	24
0	24
0	24
0	0
1	64
0	64
0	42
36	4
0	5
0	5
0	0
131	0
0	0
0	0
0	0
0	3
0	3
0	0
0	3
0	3
0	3
13	3
0	0
0	2
14	4
0	1
3	4
0	0
4	0
90	36
31	33
0	67
32	76
0	36
32	47
0	2
113	16
38	16
0	6
0	97
1	20
0	18
0	0
4	20
3	18
0	0
8	20
1	0
1	0
0	0
0	0
0	0
0	0
0	0
0	1
0	1
0	0
0	1
0	1
1	0
0	0
0	0
3	10
0	4
1	6
0	5
0	12
0	2
1	3
0	3
0	63
0	63
0	0
25	3
13	0
0	0
1	0
1	0
0	0
0	0
3	0
0	57
21	60
0	4
0	4
5	1
258	0
108	37
0	0
1	4
0	4
0	4
0	4
0	0
1	0
0	0
0	0
0	0
0	0
70	86
0	87
2	12
0	0
111	145
4	163
0	96
0	33
0	0
18	6
0	6
0	0
0	10
0	2
0	56
0	61
0	54
15	4
0	86
68	5
0	0
0	86
0	86
4	1
2	2
4	2
0	2
0	0
0	9
9	8
0	3
0	10
15	16
5	30
0	0
0	3
0	0
0	3
0	0
0	2
0	2
0	20
0	0
0	15
0	21
0	11
0	2
0	2
0	1
0	0
12	11
0	0
2	11
0	11
0	0
0	0
0	0
0	0
0	0
0	0
0	0
0	0
0	0
0	0
0	0
0	6
0	6
0	3
0	6
8	85
0	20
54	65
2	0
0	65
0	0
1	26
0	26
2	26
82	20
0	4
0	0
0	7
0	24
8	4
2	4
0	2
13	2
0	2
3	0
5	0
0	0
207	1
0	0
12	12
0	0
50	12
1	1
0	1
0	16
0	16
0	8
2	8
13	4
1	0
1	0
0	0
0	0
4	3
0	4
0	0
0	4
0	3
0	2
0	3
0	1
0	3
3	15
0	3
1	3
0	0
0	26
0	21
6	13
0	16
0	16
0	8
17	246
0	4
0	0
27	246
1	7
6	7
0	3
1	3
0	0
0	0
5	0
0	0
0	1
0	1
0	0
1	8
0	5
0	1
0	1
0	1
0	1
0	1
0	0
0	0
0	0
5	0
0	29
0	22
0	29
0	13
0	0
0	0
0	0
18	35
0	16
0	6
8	0
6	66
0	9
30	66
1	6
1	5
0	5
0	1
1	1
84	1
0	2
0	0
0	1
0	0
0	1
0	1
0	0
0	0
0	1
0	2
0	0
0	1
2	1
0	1
0	1
0	1
40	610
0	6
0	0
0	6
586	22
0	0
0	22
570	16
34	16
0	2
0	1
0	0
0	0
7	1
0	0
23	21
40	21
0	0
0	0
13	1
0	0
1	1
0	1
0	6
0	6
0	47
0	89
0	0
0	42
0	34
20	13
0	13
0	8
0	8
0	3
0	2
0	2
0	1
0	1
0	1
177	1
0	31
0	31
3	4
0	3
0	0
0	3
0	3
1	0
90	24
0	22
0	22
0	11
0	8
0	5
1	0
0	0
8	0
0	1
0	1
13	39
54	39
0	10
0	9
1	3
0	29
6	0
0	3
3	33
0	0
0	138
0	3
5	0
0	0
0	0
0	0
0	138
11	1
15	236
0	3
5	0
0	10
0	1
0	10
42	2
0	2
0	0
1	0
4	0
50	0
7	0
121	374
0	8
0	8
0	0
0	3
0	0
0	0
0	3
22	3
0	0
0	0
1	3
56	0
0	0
9	296
3	9
0	2
0	1
0	1
0	9
0	0
0	0
0	7
0	0
0	6
0	0
0	13
2	0
0	45
21	130
5	0
209	10
1	10
0	0
0	0
2	4
0	4
6	18
4	18
0	0
5	0
13	84
0	84
0	1
1	0
4	2
0	2
2	0
3	0
0	0
0	0
0	0
1	17
0	13
0	10
0	0
0	0
12	5
0	0
7	30
0	30
0	29
332	29
0	20
5	21
0	20
0	0
82	7
0	6
0	1
15	0
13	1
0	3
3	3
0	2
0	39
0	39
0	39
0	39
6	37
111	3
0	0
0	3
3	0
13	2
0	2
4	13
1	9
0	0
2	1
0	0
0	0
13	0
1	0
0	0
6	0
8	0
8	0
22	0
46	6
0	0
0	0
0	0
14	1
4	0
0	1
0	6
3	387
0	97
0	96
0	1
0	0
0	0
0	0
1	0
0	0
0	0
0	0
21	2
0	0
0	0
0	1
0	0
0	8
0	369
0	4
2	9
0	0
0	0
0	0
2	394
0	395
0	1
0	1
361	0
0	2
0	23
0	23
13	23
0	0
0	0
0	0
0	2
0	2
0	1
0	1
0	0
660	48
0	47
0	47
0	0
1	46
0	87
0	87
1	3
4	0
1	3
6	0
0	0
0	0
0	0
0	0
0	10
0	10
0	0
31	9
0	9
0	1
1	0
0	0
9	5
2	5
0	5
139	0
6	6
0	6
0	0
0	0
0	0
0	1
0	0
3	0
0	0
1	0
0	11
5	12
0	1
0	0
0	5
0	5
0	0
0	0
0	0
7	1
4	3
1	2
0	1
0	0
0	1
0	2
0	0
0	0
17	3
1	0
0	0
0	1
0	1
0	0
0	3
1	12
16	25
0	24
93	12
5	12
9	11
10	5
0	12
65	35
67	33
0	27
0	48
0	44
1	44
0	30
0	27
1	0
0	0
0	0
1	37
8	0
0	0
0	0
0	0
0	12
0	18
0	18
0	18
0	12
3	0
6	0
6	0
0	0
0	0
2	12
0	28
0	28
0	28
27	0
0	0
20	8
128	0
0	0
0	0
0	0
0	0
0	0
4	0
1	0
14	0
0	0
1	0
0	0
8	1
0	1
0	62
0	62
0	62
0	0
0	0
0	0
0	31
0	13
0	33
11	20
8	26
3	8
0	0
23	8
5	0
45	1
0	1
36	571
0	0
0	0
0	0
0	525
5	0
0	9
80	0
0	0
0	0
0	0
2	34
0	3
0	3
58	3
1	1
0	0
0	0
118	31
1	0
0	3
0	3
0	3
0	0
5	0
10	2
2	2
0	6
0	17
0	20
54	76
6	75
0	21
0	33
5	23
56	113
0	0
0	0
0	0
3	0
63	2
0	2
42	5
0	2
0	0
0	3
336	143
1	1
0	26
0	62
0	8
15	98
0	54
0	90
0	54
0	9
0	1
0	1
0	1
0	1
0	8
0	0
0	0
0	0
0	0
4	0
0	0
0	0
0	0
0	45
0	45
0	1
8	10
0	3
0	4
0	4
0	6
0	0
0	6
52	5
0	16
0	0
2	16
0	1
0	16
3	1
0	16
0	6
0	28
30	28
0	28
4	0
0	11
8	0
0	0
2	0
0	30
0	33
0	35
1	35
0	41
0	37
0	7
3	11
0	1
0	14
0	14
0	5
15	17
0	17
0	0
3	12
0	15
0	11
0	17
1	0
0	1
2	10
6	17
3	1
30	3
0	25
0	0
0	2
0	0
0	0
0	22
0	0
0	0
0	0
0	0
0	1
0	1
0	0
1	2
0	6
1	0
6	4
0	0
1	0
0	0
0	10
0	10
0	10
0	49
1	10
0	30
0	13
3	0
14	39
0	10
38	187
0	15
0	4
0	11
8	1
0	0
0	0
0	0
0	1
1	0
0	0
23	2
0	2
0	0
0	9
0	5
0	9
0	4
0	4
0	1
3	0
7	0
0	0
0	2
0	1
5	0
0	1
0	1
0	1
27	42
132	315
17	315
7	3
0	3
0	3
0	24
0	0
0	1
0	1
1	0
47	196
0	52
0	35
1	159
0	0
0	0
4	28
93	19
0	21
4	20
0	0
0	2
2	1
0	1
96	11
0	11
2	0
0	0
0	0
0	0
0	0
0	0
0	0
0	4
0	4
0	10
0	6
0	10
131	186
0	81
4	82
0	31
0	86
0	30
0	19
0	0
0	0
0	0
7	0
0	8
0	8
0	0
0	8
0	0
0	0
0	0
11	0
0	3
0	3
0	0
3	0
0	0
0	0
0	0
20	38
0	38
0	30
122	0
8	0
0	0
0	0
0	48
0	48
1	11
0	0
0	0
0	0
0	0
41	106
0	59
5	94
0	14
0	14
10	21
0	21
0	0
1	0
2	14
2	1
0	0
0	0
1	12
7	102
0	76
0	99
0	65
0	1
0	62
0	0
0	88
96	88
0	13
0	0
0	5
27	0
0	22
0	25
0	30
0	34
0	41
0	0
9	16
0	9
0	9
0	41
12	1
1	0
22	3
0	3
1	1
0	21
0	32
193	13
0	23
102	12
0	12
0	3
0	10
0	11
0	0
0	1
0	1
0	1
0	1
25	1
0	1
0	6
0	18
0	20
0	18
0	9
0	9
9	16
57	12
132	15
0	0
1	0
103	7
0	10
0	1
2	1
0	1
0	0
75	1
0	1
0	0
70	137
0	13
0	15
0	0
0	0
1	0
0	0
0	0
0	0
0	2
0	2
65	43
0	33
32	61
47	19
0	18
0	5
0	5
0	1
2	0
0	1
1	2
0	2
5	1
0	1
5	52
0	0
0	0
0	0
0	0
0	0
0	0
0	0
10	0
0	0
0	7
0	12
0	0
2	7
0	23
0	2
0	9
0	32
0	23
0	13
0	0
0	0
0	0
10	0
0	9
0	42
0	0
444	3
8	8
0	5
0	0
0	14
0	14
0	15
0	1
0	14
0	0
0	0
0	13
0	6
10	1
0	2
0	1
0	1
0	0
2	2
0	0
0	0
42	1
0	2
114	6
0	6
0	1
0	2
3	2
0	1
0	1
0	1
0	1
0	1
0	1
0	1
0	2
0	0
0	0
0	0
0	0
1	0
0	1
82	0
1	0
5	22
0	25
1	3
0	0
0	3
29	3
0	3
2	1
0	7
0	7
0	7
0	0
0	1
0	0
0	0
0	0
7	6
0	2
0	2
0	2
3	7
0	0
0	123
0	117
7	0
0	0
0	0
0	0
0	29
3	29
15	6
16	7
0	3
0	0
0	0
114	6
0	17
6	2
1	5
0	83
0	81
0	20
0	81
0	2
0	2
0	0
0	0
0	0
0	21
0	0
97	426
0	11
0	11
0	0
0	0
1	2
0	0
1	0
0	1
0	2
0	0
0	0
0	0
0	0
0	1
249	0
0	45
5	48
0	36
0	36
0	18
0	21
0	3
0	3
2	24
1	1
0	1
0	1
0	1
0	0
36	198
1	140
40	183
0	0
0	0
0	15
164	175
0	137
1	0
0	0
0	1
5	27
0	25
0	1
0	0
3	0
0	0
0	0
26	147
0	14
0	5
0	2
0	14
7	0
0	1
0	3
0	13
0	3
0	2
258	12
0	1
0	0
134	37
7	217
0	213
10	220
0	243
0	243
0	37
0	1
0	2
39	49
16	49
12	63
24	47
0	52
8	67
0	41
0	0
0	0
0	0
6	3
0	3
0	0
2	1
0	0
0	2
0	6
0	1
0	7
0	6
0	0
57	0
0	0
0	0
0	0
1	8
0	8
0	8
0	0
0	0
0	6
2	0
2	0
0	0
0	0
0	49
0	2
0	0
0	2
6	1
0	1
0	208
0	45
0	0
0	0
0	208
4	7
0	7
0	0
3	0
32	15
0	12
120	12
0	19
5	19
0	11
0	19
0	0
4	0
0	5
0	0
5	0
0	0
0	0
0	0
0	0
0	0
1	0
0	0
2	0
0	1
3	0
0	0
97	39
0	34
0	0
0	39
0	8
0	8
0	8
4	2
1	1
0	8
0	0
0	8
0	8
0	7
8	0
0	0
0	7
2	7
0	7
1	1
3	0
0	0
168	21
0	29
0	11
0	13
0	0
0	1
0	0
2	1
0	1
0	0
0	0
0	8
0	1
0	1
0	0
0	0
0	104
0	98
1	8
1	95
15	7
1	0
0	0
0	0
0	0
0	0
5	0
0	0
354	5
0	0
34	0
0	5
137	7
0	0
0	4
32	56
0	41
0	34
0	24
0	3
0	0
2	0
0	0
0	0
0	0
0	0
0	0
0	0
0	0
0	0
405	48
18	78
1	38
0	39
0	17
51	29
0	24
0	12
0	11
0	12
0	1
0	12
0	1
0	1
0	0
0	10
8	21
0	4
0	10
0	0
21	0
0	0
23	1
0	0
0	0
0	1
0	0
0	0
3	1
0	0
0	1
0	1
0	0
1	0
0	1
0	2
14	16
0	0
0	1
0	13
0	5
0	0
0	0
0	0
259	5
0	3
0	0
0	0
0	0
0	8
149	9
0	0
0	0
0	3
0	5
0	0
13	1
80	0
18	7
6	0
0	54
0	9
0	265
0	261
0	5
4	4
8	0
21	6
5	6
0	0
0	0
1	0
0	0
0	0
10	9
0	9
0	11
7	11
0	8
0	0
0	0
3	1
0	1
22	25
0	20
5	30
0	1
0	1
0	0
0	1
1	0
1	0
224	0
107	88
0	0
56	88
0	88
0	85
1	33
43	11
1	12
6	0
0	0
24	2
0	0
0	4
0	3
0	2
0	0
0	1
1	1
0	0
0	13
0	7
0	0
3	9
0	0
7	9
6	0
0	7
0	22
1	0
0	22
0	0
0	0
0	0
0	0
0	0
1	0
0	0
0	22
44	1
0	0
0	1
2	0
3	9
0	8
0	0
0	0
0	0
0	0
0	3
0	3
0	0
0	0
0	1
0	0
0	1
11	1
0	0
3	0
0	0
6	0
1	0
4	2
0	2
22	5
0	0
0	0
3	0
0	0
1	0
0	0
6	21
0	16
0	4
0	4
0	0
12	29
0	0
0	0
1	0
1	5
187	118
0	118
0	118
0	0
0	0
0	0
0	0
0	0
31	11
0	9
0	0
47	25
4	25
1	17
0	7
13	0
0	0
0	0
0	0
0	0
0	0
0	0
0	20
0	18
0	20
0	20
17	18
0	0
0	0
0	18
0	1
0	0
10	21
137	1
0	1
0	1
0	3
12	28
50	45
30	0
8	0
1	5
0	1
0	0
0	0
0	0
10	26
0	8
0	23
0	15
0	6
5	18
3	15
318	12
0	0
0	12
1285	16
0	0
0	16
0	0
0	0
0	0
0	0
0	0
0	0
6	2
0	0
0	0
1	0
0	0
6	2
0	2
0	2
0	2
13	2
0	0
0	21
0	21
0	21
0	1
0	1
12	1
0	1
35	40
0	21
0	19
0	1
0	1
0	1
18	8
0	8
0	0
0	0
1	1
99	26
0	23
29	69
3	10
0	0
21	2
0	1
0	29
0	2
0	2
0	2
0	27
3	0
0	0
0	2
0	1
0	1
0	0
0	1
0	1
0	0
0	0
10	1
0	4
0	1
1	2
0	4
0	4
0	0
0	3
0	0
0	0
3	87
1	0
0	3
14	0
0	3
1	21
0	21
2	16
20	0
344	107
7	103
197	33
4	0
0	2
0	2
0	2
0	0
0	0
74	102
6	90
0	18
8	20
16	20
0	2
0	1
0	0
0	0
0	0
0	0
0	0
0	0
0	0
0	0
0	0
0	0
0	0
18	306
145	193
173	54
3	113
0	4
0	4
2	0
0	0
1	214
0	202
5	128
6	0
5	0
13	0
0	0
0	0
0	1
0	1
0	5
0	8
0	18
0	18
0	17
0	0
0	0
0	0
0	0
4	0
1	3
1	0
0	0
0	0
0	0
6	1
0	1
46	567
8	1
34	1
16	1
1	0
0	0
3	0
0	0
0	0
6	0
35	267
0	4
19	4
0	0
0	4
0	0
0	5
0	1
0	0
0	0
0	0
0	0
63	0
0	0
178	19
0	19
0	19
0	6
0	6
0	2
12	4
6	0
0	0
7	4
0	4
4	1
0	1
0	1
0	3
0	0
0	1
0	4
0	1
0	1
0	4
0	0
0	0
1	2
0	1
0	0
1	0
0	0
0	4
0	4
31	16
2	12
0	8
0	1
0	0
0	3
34	9
0	9
0	0
3	0
0	0
0	0
1	0
0	0
0	0
0	0
22	55
0	55
0	54
0	32
115	141
0	1
0	1
0	6
58	6
0	1
0	1
0	0
0	0
0	0
28	17
0	4
4	4
0	13
0	13
0	13
0	13
3	9
0	2
2	7
0	2
0	0
0	1
0	0
2	1
1	1
0	1
0	0
0	0
0	0
0	0
0	0
0	385
0	395
22	16
0	0
3	0
1	0
41	6
0	1
0	0
0	6
492	28
1	0
58	3
0	3
17	15
22	15
5	57
0	47
0	24
8	1
6	2
0	29
0	29
0	2
0	2
0	1
0	0
42	0
0	1
2	1
0	0
0	0
0	0
0	0
0	0
0	0
0	1
0	1
0	3
5	0
0	3
0	1
0	3
4	0
0	0
8	3
0	0
0	0
0	3
0	3
0	10
7	10
0	8
0	8
0	11
0	7
1	7
0	18
0	18
1	2
1	1
0	0
12	146
2	146
0	1
31	99
0	99
0	78
0	0
1	33
0	16
0	1
8	31
30	2
0	0
14	1
0	0
7	65
0	65
0	0
1	0
0	0
0	0
0	0
0	64
0	40
34	0
0	0
0	0
10	19
8	19
4	0
9	9
0	8
0	7
0	6
0	0
118	370
188	348
2	170
0	444
0	1
0	1
0	0
0	1
0	18
16	0
0	0
0	3
0	1
0	0
0	2
0	28
0	2
0	0
0	0
0	0
0	9
0	10
0	0
0	0
0	0
0	28
0	31
0	28
0	31
44	0
0	0
0	0
1	0
0	0
0	0
0	5
0	5
204	0
0	1
3	21
5	0
0	21
0	23
23	0
0	0
3	9
0	9
0	9
1	5
0	6
0	2
0	7
0	7
0	5
0	5
0	0
0	0
11	0
0	0
0	9
0	9
0	0
0	0
0	0
0	2
1	0
0	40
5	33
8	41
0	41
0	3
0	3
6	0
0	0
0	0
36	41
0	0
0	1
0	19
0	6
19	18
0	1
0	13
0	0
0	1
1	4
0	0
0	5
0	0
1	4
0	4
0	0
13	10
0	10
0	10
4	5
0	0
26	0
0	0
0	7
21	23
1	23
0	12
0	9
0	0
0	0
0	0
11	0
21	45
1	50
3	7
0	16
0	16
0	15
0	13
0	9
0	0
0	3
0	0
2	0
0	0
7	0
0	22
11	22
24	12
2	16
15	0
0	1
0	4
1	4
11	32
5	32
0	5
0	4
0	12
0	12
0	8
0	0
9	12
7	0
0	0
0	0
0	0
0	0
0	0
0	0
1	0
0	0
10	19
0	5
0	19
0	19
0	0
21	3
0	1
0	0
0	0
19	3
0	1
0	1
0	1
0	0
0	0
0	0
0	0
0	0
0	3
2	3
0	2
0	0
0	3
0	2
0	0
20	3
5	0
2	0
0	2
0	6
0	5
17	2
7	0
1	45
1	0
0	0
0	0
0	0
0	8
3	4
0	8
0	8
1	4
1	4
11	4
0	4
0	0
11	34
0	33
0	30
1	10
0	10
14	43
0	44
0	44
0	44
0	6
0	6
0	0
0	6
0	0
117	59
0	44
149	16
0	17
0	21
0	14
0	5
0	7
2	1
0	0
0	1
0	1
0	0
0	0
1	0
5	9
0	0
0	0
0	1
1	1
0	0
0	2
10	2
0	0
0	1
0	0
0	0
0	0
1	4
0	0
32	9
0	0
0	0
0	0
0	0
2	6
0	4
0	47
0	47
0	47
0	47
0	47
0	43
0	47
1	9
2	15
10	0
62	9
0	9
0	0
0	15
0	86
0	101
3	18
6	15
32	1
0	0
1	0
0	0
0	0
1	1
0	1
0	1
0	1
0	1
0	1
9	3
113	5
0	30
0	25
7	3
0	25
3	0
0	0
0	0
0	0
0	4
103	6
0	12
0	0
0	0
0	0
0	1
5	1
0	1
0	12
0	0
5	3
0	0
0	0
0	0
0	0
0	0
0	4
0	4
0	0
0	5
0	11
0	5
0	0
3	0
0	0
0	6
0	0
12	5
241	91
0	91
1	21
0	6
0	6
0	6
7	7
0	1
0	7
0	1
2	3
0	0
0	3
0	1
38	2
0	2
0	0
0	0
0	9
0	11
0	11
0	7
0	5
0	7
0	0
0	0
26	0
4	5
0	7
3	0
0	0
0	0
0	0
0	0
119	7
0	7
0	7
0	7
0	7
0	1
0	1
0	0
0	0
0	0
0	0
0	3
0	3
150	9
0	9
14	0
0	0
8	0
0	1
0	1
0	0
0	0
0	1
0	1
1	0
1	0
0	1
1	1
0	0
0	0
0	0
0	0
0	6
0	0
7	6
0	0
0	3
1	0
0	6
0	0
4	0
1	0
0	0
5	2
0	2
0	0
0	2
1	1
0	1
0	0
0	1
0	1
4	0
17	8
0	2
1	2
0	0
0	2
9	0
0	0
0	24
71	25
1	0
0	19
0	19
0	1
0	10
0	0
0	41
0	17
0	2
0	59
19	87
19	1
0	0
126	1
44	1
0	19
28	18
0	23
0	7
0	7
0	2
2	0
0	1
0	4
0	23
2	0
0	7
0	7
0	7
0	4
0	0
0	0
5	0
0	0
0	0
0	1
0	1
5	1
0	1
0	1
0	1
0	38
1	2
4	36
0	0
0	7
81	67
0	202
117	67
0	201
0	1
5	66
38	175
0	87
0	33
0	18
0	0
0	15
0	0
0	0
0	0
11	0
0	0
0	27
0	28
0	37
2	19
0	10
0	9
0	9
0	21
0	4
0	4
0	8
0	4
0	4
0	8
0	4
0	5
1	20
0	17
0	33
0	0
5	0
0	1
0	0
80	11
0	11
0	0
13	10
11	0
0	0
0	0
633	0
4	11
0	9
0	11
4	9
0	3
90	2
0	1
75	3
0	192
0	11
4	9
1	181
0	0
3	128
23	0
12	5
0	1
0	5
177	50
0	50
0	53
5	49
0	0
17	0
0	0
7	0
3	0
10	2
6	2
0	82
6	3
2	2
0	7
0	0
0	0
16	52
0	81
11	0
0	0
1	18
0	18
0	15
0	5
0	0
0	0
2	11
0	8
11	5
196	0
0	0
1	0
0	0
0	0
0	0
0	0
3	0
0	0
232	6
101	6
4	1
0	1
4	0
0	1
0	1
11	12
0	12
0	1
0	1
0	1
0	1
0	0
8	0
0	0
0	0
0	0
1	0
0	12
0	12
1	12
6	11
0	5
0	0
0	0
0	0
0	0
29	36
0	0
1	38
0	5
22	30
2	0
0	0
2	39
2	0
0	1
0	1
0	1
0	1
0	1
0	0
0	0
0	0
1	1
0	1
0	0
0	0
0	0
0	0
0	0
1	0
0	0
0	9
0	9
0	8
0	0
0	11
0	15
7	22
0	5
5	0
62	5
15	9
0	76
1	2
1	77
2	0
8	66
39	0
0	0
0	0
0	0
2	0
3	0
0	0
137	10
1	10
0	10
7	0
0	0
4	0
0	0
0	0
7	7
3	7
0	7
0	5
0	38
15	3
0	8
0	17
0	15
0	39
0	8
0	5
0	0
0	15
7	0
0	0
17	0
50	0
0	0
0	0
0	2
15	2
2	0
1	0
1	0
14	6
0	3
0	3
0	0
0	2
0	0
5	0
0	6
0	4
0	4
0	2
1	2
3	0
0	0
334	0
0	0
0	0
0	20
0	3
0	3
0	0
0	0
63	1
8	1
10	1
0	0
10	61
2	61
137	55
7	13
0	3
5	1
0	0
0	0
17	1
1	0
0	17
0	0
0	0
0	0
0	0
0	17
0	2
0	29
0	27
0	0
0	6
0	0
0	0
0	0
0	0
6	1
0	0
0	5
0	1
7	1
12	0
0	36
0	36
0	42
0	15
0	16
0	16
9	19
0	1
0	1
0	0
0	0
0	2
0	0
0	1
0	11
0	62
66	0
0	2
0	2
0	3
16	9
0	3
0	2
0	3
0	10
0	0
0	1
0	1
0	1
1	0
205	0
429	33
0	31
25	2
0	0
0	107
0	86
0	107
0	57
218	21
0	12
0	0
0	1
0	2
21	1
0	1
0	1
0	6
0	1
0	1
0	0
0	1
0	1
0	7
0	12
26	4
0	1
0	10
0	11
0	12
0	7
10	25
0	7
0	8
0	5
0	4
0	2
0	5
0	4
0	11
0	4
5	4
0	1
0	1
0	1
0	1
0	0
15	0
0	0
2	0
0	12
0	0
1	1
0	13
0	5
0	0
0	13
137	5
0	0
0	0
0	0
0	0
20	0
12	4
0	4
0	0
0	0
0	0
33	32
12	0
0	0
61	7
0	10
0	10
0	10
34	0
0	0
9	30
0	3
0	3
0	3
0	1
0	2
0	2
0	0
0	26
8	0
0	0
0	0
0	0
41	16
0	16
0	0
0	7
0	7
0	0
1	3
0	0
4	0
0	1
4	0
0	1
0	0
0	0
0	0
18	0
0	0
0	0
54	37
31	39
0	1
0	22
0	36
7	0
6	0
0	0
11	17
0	4
0	1
0	0
0	0
0	2
0	1
0	1
0	3
4	0
0	0
0	10
29	13
0	6
28	0
0	0
1	12
0	26
5	8
0	8
0	1
0	0
0	0
0	0
57	0
1	0
9	9
0	9
0	2
1	1
0	9
0	0
1	0
0	1
0	1
14	3
0	0
0	3
0	2
8	8
0	10
0	11
19	3
0	2
1	0
0	0
0	0
0	0
2	0
7	1
0	0
0	34
0	37
0	37
0	30
0	3
0	0
0	0
5	4
0	95
0	94
2	0
0	91
27	60
9	95
23	101
23	1
0	1
8	0
31	0
13	13
0	12
0	5
5	6
0	0
0	5
0	2
0	2
20	4
3	4
57	0
0	0
4	0
6	33
0	2
0	31
0	23
11	30
0	30
0	103
0	50
0	93
0	0
0	0
4	85
0	1
0	22
0	24
0	0
3	46
0	46
0	14
0	14
0	12
6	0
1	0
0	0
0	0
1	1
1	0
0	13
1	15
6	0
0	1
0	1
0	1
0	1
0	0
10	1
0	1
0	1
10	0
0	0
0	2
0	2
0	2
0	1
0	0
0	1
0	1
0	0
9	43
0	33
0	33
0	26
0	3
0	17
0	35
0	43
0	5
0	5
0	24
11	24
0	15
0	17
0	3
0	3
0	1
0	2
0	2
9	0
0	0
0	0
4	11
0	11
6	0
0	1
37	19
0	19
0	19
3	0
0	6
0	6
0	6
0	4
0	1
0	5
1	0
0	4
18	5
0	23
2	4
0	4
0	4
0	2
0	2
0	0
0	0
0	23
10	4
7	0
0	4
0	0
0	1
1	1
0	5
1	0
0	4
0	2
1	0
1	59
0	119
103	134
0	35
2	10
0	10
0	7
0	7
0	0
2	0
4	26
0	25
0	0
0	0
0	0
18	0
0	25
0	0
0	8
9	8
47	21
0	21
0	8
3	0
0	0
0	0
0	0
0	6
0	0
0	10
5	6
0	6
0	7
2	6
0	0
9	13
0	21
0	77
0	76
0	64
0	0
0	1
0	64
34	100
0	100
0	30
0	1
0	2
0	2
3	0
1	0
0	0
0	0
0	0
0	0
0	1
0	1
0	0
21	16
0	0
0	16
0	0
7	13
0	13
31	0
0	3
12	3
43	0
6	1
0	1
0	19
0	19
0	1
37	22
1	1
0	2
0	23
0	1
4	21
0	10
0	9
0	21
0	21
0	0
0	0
1	0
1	0
8	0
222	78
0	77
0	67
12	29
1	9
0	9
0	6
14	6
0	0
3	0
0	0
0	0
0	30
0	30
0	24
0	11
0	0
0	0
0	0
0	0
0	1
0	1
0	0
0	0
0	0
13	0
7	146
57	146
0	0
2	0
0	0
66	17
5	15
0	0
0	1
0	1
17	1
0	1
0	0
13	0
0	2
0	2
0	2
0	1
1	1
0	1
0	0
0	1
0	0
3	0
0	0
0	1
0	0
0	2
0	1
0	1
0	1
0	2
0	1
0	1
0	1
0	0
0	0
0	0
0	0
0	0
0	1
0	1
22	5
0	5
0	5
0	5
0	0
0	0
1	0
0	0
0	2
0	0
0	5
18	10
1	0
0	0
1	0
3	0
0	10
4	0
1	0
2	2
9	2
0	2
0	1
0	1
84	376
2	0
4	0
68	4
3	55
0	55
1	42
7	35
0	0
0	0
0	0
0	30
0	30
9	7
13	6
0	1
24	288
13	1
0	1
0	1
6	1
0	0
0	0
0	1
2	1
0	1
0	1
1	1
0	0
1	33
1	32
0	0
0	33
55	1
1	1
0	1
0	1
0	0
1	0
0	0
0	4
0	0
0	4
0	4
0	5
11	4
2	0
0	0
16	0
0	0
0	0
0	0
2	0
0	0
0	12
0	0
0	16
5	0
77	1
0	0
0	0
0	0
1	0
0	1
0	0
15	72
48	121
0	3
68	0
70	3
58	0
0	283
0	283
0	70
22	20
0	0
0	15
0	6
0	6
0	0
21	0
0	283
31	26
0	3
0	0
0	0
8	7
0	23
0	0
0	6
0	0
0	0
0	10
3	10
118	318
1	16
0	0
2	0
0	0
0	0
0	0
0	16
0	0
1	2
8	0
0	0
3	1
1	2
0	2
69	4
0	4
1	0
0	0
0	25
0	25
0	3
0	4
0	9
0	11
0	79
0	2
0	2
0	2
0	2
0	1
0	0
0	0
0	0
0	2
0	0
0	1
0	1
0	1
11	1
0	1
0	7
0	9
0	1
0	1
0	1
0	1
0	7
0	1
1	1
1	0
1	8
22	0
0	2
1	2
0	2
0	0
0	0
0	0
0	0
0	0
0	0
0	0
19	0
5	18
7	113
0	101
0	56
0	47
0	26
0	9
0	5
0	0
475	193
20	193
0	0
57	1
0	8
3	0
0	8
2	26
0	0
0	7
0	0
0	25
1	0
8	19
1	19
0	19
0	19
0	9
0	10
0	0
0	0
0	0
0	0
0	0
0	0
0	0
0	0
0	19
0	19
0	19
0	6
0	6
0	6
0	30
0	2
0	2
0	26
0	30
217	52
0	2
0	2
0	50
75	32
0	29
0	29
0	32
0	6
0	3
2	0
0	0
0	0
0	2
0	2
0	0
22	5
0	4
0	26
0	26
0	0
0	0
0	0
0	0
0	24
0	7
0	40
0	17
0	0
0	23
0	0
3	0
0	0
0	91
0	91
0	0
3	16
0	16
0	16
0	1
0	1
0	0
0	0
0	1
0	0
0	0
0	1
64	19
0	17
0	19
0	9
0	9
0	9
0	11
0	0
1	0
0	0
0	5
0	5
0	19
3	11
0	12
0	12
1	5
19	0
49	6
0	5
0	0
74	0
0	9
0	9
0	8
0	3
0	3
11	16
6	13
33	0
0	1
0	1
0	0
0	0
15	2
0	2
0	2
2	4
0	4
0	8
0	4
0	0
0	0
0	0
1	4
0	4
0	4
0	0
0	0
0	0
0	1
0	0
0	0
0	1
0	0
0	0
0	0
20	0
8	6
0	2
0	16
0	11
0	11
0	11
0	0
1	0
0	0
0	0
0	0
0	0
0	0
0	12
0	3
0	5
0	5
0	0
0	31
0	1
6	2
0	113
16	1
0	0
0	131
0	1
0	1
0	0
0	0
27	36
0	36
1	14
0	10
0	6
0	3
0	0
0	0
0	0
0	0
0	0
0	0
41	7
0	0
0	7
0	3
0	0
0	0
0	0
2	0
2	0
0	0
0	11
0	24
1	17
0	1
0	1
34	0
0	0
6	0
0	0
0	0
0	7
0	0
0	0
0	0
0	0
0	0
0	0
0	8
0	0
0	8
1	4
1	8
1	10
19	50
0	47
0	8
0	1
0	1
0	0
0	0
16	5
0	0
53	0
0	0
0	32
0	0
0	32
0	17
0	9
0	0
5	5
0	0
0	0
0	0
0	0
0	0
0	1
0	1
0	0
0	0
128	0
3	90
45	91
2	90
0	1
11	20
0	9
0	10
0	0
0	0
0	1
2	0
0	1
0	19
0	2
0	2
0	1
0	0
0	0
0	43
256	43
0	8
0	6
0	0
16	3
0	3
0	3
0	3
0	3
0	0
4	0
0	0
0	0
0	0
0	0
38	27
0	4
0	0
0	0
0	1
0	3
0	0
13	27
0	12
0	18
0	0
0	10
0	4
0	0
0	0
0	4
2	7
0	7
0	0
0	0
0	0
1	0
1	0
0	0
0	0
0	0
0	0
0	0
0	11
0	0
2	8
15	8
0	3
0	0
3	0
0	0
0	0
0	0
5	2
87	2
0	2
0	0
10	0
0	0
0	0
0	0
0	0
4	1
0	1
0	0
233	0
13	0
192	0
0	70
0	0
0	33
2	15
155	23
0	70
191	0
0	10
1	2
16	2
0	0
0	0
0	0
0	0
0	0
0	0
6	186
0	0
0	0
0	78
0	0
1	0
0	130
0	116
8	26
0	21
0	1
0	1
1	13
1	0
10	15
0	14
0	166
64	166
0	0
0	0
0	153
10	15
0	15
37	87
0	61
1	0
6	23
0	1
1	1
0	0
0	0
0	0
9	1
0	2
0	0
0	0
0	0
15	0
0	0
17	0
0	0
1	0
0	0
0	0
35	3
0	32
0	0
4	5
0	0
9	4
0	38
91	35
0	0
0	0
1	1
0	0
0	0
0	0
0	0
0	0
0	0
0	0
0	0
0	0
0	0
1	0
173	0
91	2
0	0
0	0
0	0
0	2
1	112
42	0
7	1
22	0
29	0
0	0
0	46
0	0
0	32
0	53
0	13
7	18
0	5
0	5
0	1
0	2
0	1
0	3
0	13
0	15
0	13
0	0
0	0
0	0
0	0
0	0
0	1
0	2
3	2
0	2
0	0
0	0
1	2
0	14
0	12
2	9
0	9
62	7
0	10
0	0
0	2
60	8
0	0
1	2
0	1
0	3
59	2
230	2
0	2
0	0
0	0
0	0
0	0
0	0
0	0
0	0
1	18
0	1
0	156
0	156
0	0
1	0
9	0
3	11
0	0
0	16
0	0
16	154
13	0
0	193
0	12
0	12
0	12
0	39
0	39
23	169
0	10
0	193
0	0
0	0
11	0
0	0
12	0
49	95
0	4
0	0
0	0
0	0
2	0
0	0
0	0
27	91
1	91
0	0
0	22
3	22
0	20
17	18
0	18
0	0
0	0
127	3
0	1
0	0
0	2
30	0
0	2
0	1
39	0
14	33
21	0
0	2
0	2
0	2
0	0
0	0
5	0
0	0
1	0
13	0
0	0
1	0
0	0
0	0
0	0
5	31
0	0
4	16
12	15
3	13
0	12
94	115
0	109
20	39
88	49
0	0
142	49
7	8
0	8
0	0
0	0
0	0
0	0
2	0
0	0
196	17
0	17
0	1
3	0
0	0
0	12
3	12
20	11
7	21
4	17
0	11
0	0
3	0
0	0
0	0
0	3
1	0
0	12
0	5
1	67
22	30
0	42
0	57
0	24
4	7
0	22
50	66
0	44
0	42
0	9
4	22
0	42
0	10
0	0
0	47
0	1
5	1
3	0
0	37
0	32
0	0
0	0
2	25
0	0
0	0
0	23
22	3
18	28
0	6
1	1
1	0
0	15
12	86
0	0
2	0
0	13
0	13
0	12
0	5
15	25
0	25
11	0
0	0
0	0
0	0
0	0
4	22
7	22
0	100
0	52
0	0
0	1
0	3
0	0
0	0
0	1
0	2
0	100
0	0
23	99
0	99
0	1
0	2
0	1
19	0
25	0
97	0
4	0
0	1
0	1
0	0
0	0
0	0
2	24
0	0
0	0
0	0
0	0
1	0
33	13
1	0
419	7
0	7
0	7
23	0
0	0
0	0
1	0
0	0
0	0
5	0
8	31
187	27
0	31
0	4
48	27
0	27
0	1
20	0
0	15
30	4
0	4
0	1
1	0
0	0
0	0
5	3
32	2
0	0
15	0
1	0
0	0
0	0
0	0
0	0
2	38
0	17
0	3
0	3
1	3
1	3
0	1
44	1
0	0
0	0
0	3
0	3
0	0
7	0
29	36
116	36
4	2
0	2
0	2
0	0
0	0
0	8
7	0
3	10
0	36
1	51
10	51
1	0
0	3
0	8
0	10
0	0
0	0
0	90
2	5
0	0
0	85
0	0
0	0
5	85
6	1
0	1
16	1
0	0
0	0
4	0
0	0
14	0
7	0
0	0
1	0
3	17
0	17
3	13
0	1
0	1
1	1
0	1
7	1
1	14
0	14
0	1
2	0
1	12
0	5
0	0
2	0
17	23
2	23
0	1
1	44
20	0
0	0
0	0
0	0
0	2
0	0
0	2
0	1
0	1
0	0
0	0
0	2
1	0
9	17
19	5
0	13
0	15
0	0
0	3
0	0
0	1
0	10
12	4
0	4
0	3
1	0
11	0
0	1
0	4
0	3
0	1
0	3
0	1
0	4
0	4
10	20
1	39
0	2
0	1
2	2
0	0
0	0
0	0
0	4
0	39
0	0
9	8
0	8
2	8
0	0
0	0
0	1
0	1
69	11
0	11
7	2
9	8
0	0
1	0
0	0
0	0
0	0
0	0
0	8
0	106
7	35
18	106
2	0
1	3
0	2
0	1
5	7
1	6
1	5
0	0
19	0
19	0
0	0
0	0
4	0
2	0
0	0
1	0
0	0
0	0
0	0
0	0
0	0
2	0
1	0
0	1
0	1
0	0
0	1
0	58
1	62
0	0
0	0
0	4
0	62
21	0
0	0
0	0
3	15
0	15
0	0
0	0
0	79
0	79
0	0
0	7
22	170
0	169
481	61
0	46
0	21
0	36
0	44
0	27
1	21
0	0
33	55
1	46
0	79
62	0
0	25
0	9
0	9
6	7
0	10
0	10
0	10
0	9
0	1
1	0
0	3
0	3
4	0
42	3
0	3
0	4
1	0
0	0
0	0
0	4
3	8
192	45
0	4
22	27
0	42
3	27
15	14
0	95
0	0
8	101
0	82
0	0
5	19
0	0
0	19
0	0
0	0
42	19
13	0
0	10
1	10
18	2
0	2
0	2
0	0
0	1
0	0
0	0
9	0
23	4
6	4
34	114
0	100
4	1
0	1
0	1
0	1
2	0
0	1
1	0
1	18
0	18
0	1
0	8
0	1
0	7
0	17
0	0
1	17
0	0
0	17
1	0
20	0
0	0
0	0
0	1
0	0
0	1
3	4
0	9
0	0
16	0
0	0
5	6
0	4
0	4
1	12
60	7
0	0
10	0
0	0
5	0
0	1
6	1
8	1
1	0
3	0
43	0
0	13
0	1
0	13
0	0
0	0
0	0
6	0
0	0
0	0
0	0
954	142
0	138
0	80
0	18
0	23
0	23
0	25
0	25
0	5
0	1
0	17
1	0
0	0
0	0
0	0
0	0
0	1
0	0
1	0
0	1
1	4
0	0
0	0
0	0
0	0
0	1
0	0
1	0
0	1
27	4
0	4
42	52
0	38
0	48
0	0
0	54
0	0
0	37
1	9
6	10
1	2
0	0
8	11
0	4
0	0
2	0
2	0
0	0
0	15
0	11
4	0
15	0
0	9
0	9
9	3
0	6
0	6
0	2
0	1
0	1
0	1
0	1
0	1
1	0
0	0
5	0
0	0
3	0
0	0
0	0
0	0
0	1
0	0
26	3
60	3
0	2
1	0
0	0
0	8
1	8
0	8
7	1
1	1
0	0
0	17
0	18
0	0
0	0
0	0
0	1
0	1
0	1
36	14
0	5
1	2
0	10
0	10
6	10
6	0
0	0
0	0
0	0
0	0
0	0
0	0
0	1
2	1
0	0
0	5
0	3
0	0
28	22
0	0
0	0
22	28
0	3
11	0
1	1
2	1
0	1
0	22
0	16
0	30
0	4
0	10
0	38
0	0
6	161
0	2
0	2
0	0
0	0
0	0
0	1
7	37
0	2
0	1
0	0
5	9
79	14
53	13
0	1
0	0
0	0
0	0
0	0
0	1
4	3
0	3
0	0
42	25
8	22
17	8
0	6
0	3
0	0
0	17
0	16
0	0
0	0
0	0
0	0
0	0
0	6
6	1
0	1
0	1
0	1
0	0
0	0
0	0
0	1
2	1
11	7
0	2
3	0
0	4
0	0
0	3
0	5
1	12
0	0
1	0
0	0
2	7
0	0
180	19
0	5
0	19
0	5
0	0
0	0
0	1
0	13
4	0
0	15
0	15
0	15
0	10
2	0
75	28
0	28
0	17
0	0
0	0
0	0
0	4
0	4
29	0
0	0
2	2
0	2
0	0
0	0
0	0
0	0
26	0
8	26
0	1
0	3
0	0
1	0
0	0
13	0
2	0
0	0
3	0
0	0
0	0
0	8
0	1
0	0
1	11
0	3
34	0
0	0
1	0
0	0
1	20
1	0
10	18
0	0
0	2
4	1
18	0
0	0
0	0
0	0
0	3
7	50
4	0
0	2
8	0
0	0
0	0
0	0
2	0
1	48
0	28
90	6
0	0
0	0
0	1
0	0
0	0
0	4
0	0
0	10
0	10
0	0
419	63
0	62
0	56
0	54
0	0
0	0
0	0
43	91
9	90
0	17
0	16
0	11
0	7
0	2
0	1
115	340
0	340
4	4
0	3
0	0
2	0
0	0
0	1
0	0
1	0
1	0
47	0
0	0
1	0
69	5
1	0
75	0
0	5
0	0
4	6
124	7
0	5
0	5
0	5
0	0
0	7
0	7
0	5
0	0
0	1
4	0
43	48
0	20
212	48
1	1
0	1
0	1
11	0
27	0
13	4
0	4
0	0
1	0
9	14
0	11
0	8
0	7
0	7
0	3
0	1
0	0
0	1
0	6
6	6
8	32
0	32
24	32
8	19
1	19
0	0
0	8
0	0
22	4
0	8
1	4
1	0
0	2
0	9
1	0
0	9
0	9
4	3
1	3
0	2
31	5
0	8
0	0
0	9
0	9
0	8
0	0
0	4
0	9
0	15
0	15
32	15
0	0
1	0
5	0
0	2
213	0
0	4
0	4
0	1
0	1
0	0
2	0
7	0
0	0
16	21
16	21
0	7
1	7
11	5
0	5
0	0
65	0
1	0
22	3
0	1
0	2
0	0
0	3
19	14
0	0
0	0
0	11
0	0
0	7
0	0
5	18
0	18
0	13
0	0
37	13
0	81
0	18
5	7
0	9
0	0
0	9
0	5
0	12
18	0
5	12
0	1
153	0
0	2
178	81
5	0
0	0
0	2
0	0
3	1
0	1
8	11
22	22
0	8
0	22
11	40
31	40
0	0
0	1
2	1
0	13
0	14
0	13
0	14
176	97
0	0
0	1
2	0
0	96
1	2
0	0
0	0
6	18
1	14
0	2
0	0
1	4
0	0
0	12
0	4
0	2
0	12
0	0
0	11
0	2
0	0
0	11
1	0
269	2
0	4
0	4
3	0
0	0
0	0
0	0
6	0
0	4
0	9
0	4
0	9
0	4
0	9
0	0
0	0
0	0
0	3
0	0
0	0
0	3
31	0
0	0
2	1
0	1
12	13
0	5
1	5
7	4
0	0
0	0
4	3
0	0
0	0
0	0
2	0
0	0
232	0
0	6
0	6
22	6
5	0
1	0
1	6
2	6
55	11
120	43
0	43
55	22
0	0
2	0
5	0
92	5
2	5
15	0
0	0
105	10
0	10
1	32
0	18
5	5
0	19
4	13
0	11
0	12
0	1
0	5
0	113
0	1
10	102
0	96
0	113
0	43
0	41
0	43
5	41
0	0
21	6
0	11
28	38
5	0
0	6
0	6
0	38
0	38
9	0
8	0
94	57
0	3
0	0
0	0
0	54
11	8
22	22
0	22
0	1
0	1
0	4
0	1
0	2
0	2
0	6
0	6
0	2
0	1
0	2
1	0
0	0
6	0
0	0
0	15
0	15
2	15
0	1
7	1
7	0
4	0
0	0
0	1
0	1
0	1
0	1
0	1
3	1
0	1
0	1
0	1
0	0
0	1
1	0
86	0
0	0
0	0
5	26
0	0
4	3
1	0
0	0
6	0
25	0
0	1
0	2
0	2
0	1
0	3
0	3
0	2
0	3
0	2
0	2
0	2
0	24
0	24
7	24
0	6
0	0
13	0
5	17
2	0
0	0
0	19
0	19
0	6
0	3
2	3
2	0
0	0
0	4
24	105
0	17
0	0
0	105
0	0
65	24
21	37
0	23
30	34
0	45
0	45
0	1
0	13
0	21
0	1
0	9
0	2
0	2
0	45
11	10
40	0
0	0
20	0
0	0
0	0
0	0
8	0
0	0
0	0
0	10
0	10
7	0
0	0
42	118
0	32
3	71
1	150
0	48
39	89
0	41
0	32
0	25
0	7
0	66
0	0
0	0
0	18
0	18
0	18
0	53
0	127
0	26
0	34
0	21
17	29
0	102
0	181
0	96
0	0
0	36
475	28
0	22
3	42
1	1
0	1
8	0
2	0
0	0
36	55
0	41
0	2
0	0
35	3
1	1
70	0
0	0
4	0
0	0
0	8
0	8
0	8
0	0
0	2
0	3
11	0
1	4
12	6
4	18
0	12
0	7
5	11
0	12
1	0
0	0
0	5
2	13
6	13
0	36
0	36
0	36
0	36
0	36
0	36
0	36
0	36
0	9
1	0
0	0
0	36
1	1
1	1
0	0
0	0
0	0
1	0
0	0
2	62
0	62
0	62
0	1
0	1
0	50
3	0
48	120
0	71
0	72
0	27
0	27
9	25
0	26
0	74
0	14
0	14
0	1
0	1
2	0
0	0
0	1
0	0
0	1
1	1
0	1
0	28
0	28
0	7
11	0
0	0
0	1
23	1
0	1
0	0
0	0
0	0
3	0
19	0
0	0
0	4
0	0
44	0
0	0
0	8
0	8
0	8
7	34
0	34
0	34
0	32
0	28
3	0
0	8
5	0
1	0
7	1
0	0
0	2
70	22
0	5
0	1
0	1
0	1
5	0
0	0
7	23
68	2
0	0
0	1
0	1
0	1
0	1
1	11
0	10
2	11
26	35
0	0
0	21
0	0
0	20
0	0
1	34
0	35
1	4
0	0
17	6
0	0
18	68
0	39
0	0
1	0
0	12
2	0
3	4
0	18
0	0
0	37
34	37
0	0
0	0
11	0
1	0
0	8
0	8
0	8
0	0
10	4
0	4
0	0
0	0
17	77
0	0
16	0
0	77
0	3
89	7
0	3
0	3
0	7
4	3
0	3
0	4
0	2
0	1
0	1
0	1
0	1
0	0
0	0
0	0
1	0
8	30
0	40
0	40
0	18
0	0
0	0
0	4
59	0
0	6
0	5
0	3
0	5
0	4
6	0
0	0
0	4
6	0
0	0
0	0
16	2
0	14
2	14
7	12
1	44
2	44
0	0
0	0
9	64
0	0
10	31
77	64
0	3
0	4
0	4
0	1
3	1
0	1
20	0
0	92
109	37
0	20
0	1
1	0
0	0
0	0
0	0
2	0
1	1
0	1
0	1
0	0
0	0
0	0
4	7
0	1
0	7
0	18
0	18
4	1
4	1
0	24
15	24
0	10
1	10
0	11
0	1
0	0
153	0
54	0
0	17
17	17
0	0
0	0
0	0
5	15
6	0
0	0
0	15
0	15
0	0
0	15
0	15
0	15
1	0
0	15
0	15
0	67
0	67
2	2
0	118
0	4
0	0
0	118
0	118
2	13
10	0
0	0
1	0
0	0
13	13
0	11
0	0
3	0
0	0
0	0
0	0
0	0
9	2
9	27
0	219
0	228
1	22
4	10
0	10
4	196
0	204
0	231
0	50
0	50
0	0
0	0
0	0
0	1
0	1
15	21
0	1
0	1
0	0
0	4
0	2
0	2
0	1
12	8
0	4
0	4
0	6
7	2
0	2
0	4
0	29
18	11
0	47
0	61
0	43
0	36
0	23
1	28
0	4
0	5
19	0
1	1
0	18
0	18
0	0
6	0
22	0
0	0
10	12
0	10
0	0
0	0
96	0
0	0
0	0
3	12
0	11
0	0
0	1
13	11
0	1
22	14
0	0
0	0
1	14
0	11
0	11
10	11
0	11
0	0
0	0
6	1
0	1
0	0
0	0
0	0
76	21
0	6
0	101
9	5
2	101
0	0
0	0
0	0
1	75
0	0
0	5
5	101
80	0
0	0
0	12
1	1
0	12
0	11
4	0
2	1
0	1
0	0
0	0
22	4
0	3
1	3
5	31
0	1
0	32
0	15
0	0
0	5
5	9
0	5
164	0
2	0
1	0
0	0
0	24
0	24
0	4
0	3
0	0
0	3
0	0
0	0
0	0
0	0
0	0
1	0
1	24
58	0
0	3
0	3
0	3
0	3
0	1
0	1
5	0
0	0
0	0
0	0
0	0
0	0
0	41
0	0
5	0
0	19
9	14
3	14
8	39
7	25
0	7
0	7
0	6
0	6
0	11
1	8
0	4
57	17
0	16
0	17
26	37
6	4
0	5
0	1
0	0
0	17
6	0
5	0
41	72
17	47
0	1
0	21
5	5
0	7
0	7
18	13
0	7
0	0
0	13
42	0
10	0
6	0
0	0
0	2
0	0
0	2
0	2
0	0
0	0
0	0
0	0
0	0
1	0
3	16
5	1
0	7
0	7
0	0
0	4
0	4
0	0
1	4
7	0
93	31
0	41
15	31
0	3
0	0
0	0
2	31
0	31
9	66
0	31
0	1
0	0
0	0
0	35
0	28
0	0
4	20
0	20
0	11
0	20
333	0
3	7
4	0
0	0
6	155
0	11
1	13
0	2
6	9
1	9
1	0
2	0
0	0
3	0
0	0
5	7
0	0
0	0
41	7
0	11
0	11
0	1
17	74
0	73
8	0
79	4
1	4
52	22
1	22
11	0
0	21
0	0
28	0
3	0
22	0
0	0
0	7
0	7
0	2
0	2
0	2
0	2
0	0
0	1
2	5
0	1
0	0
4	26
0	3
0	1
0	1
0	1
0	0
7	1
0	0
0	0
0	1
74	0
0	0
0	16
0	16
0	26
0	1
1	0
87	44
0	0
0	0
0	1
0	7
0	7
0	21
0	1
0	0
18	0
1	0
0	32
0	32
0	0
0	53
8	6
0	0
0	53
0	31
0	31
0	1
265	1
0	1
0	0
8	0
27	0
46	0
0	0
0	0
1	8
0	8
63	20
0	52
0	0
0	1
0	10
53	13
1	25
0	12
41	13
0	2
1	1
0	22
0	13
13	1
0	0
27	140
0	14
0	14
0	0
0	14
0	14
1	0
0	0
142	395
0	0
0	2
0	2
20	402
0	37
1	37
0	1
2	38
1	36
0	7
0	7
0	1
0	1
0	6
0	6
0	0
2	3
0	0
0	0
0	0
0	0
0	0
108	1
10	1
0	1
0	1
0	0
0	4
0	4
14	276
79	2
0	1
0	2
27	2
0	0
0	1
0	0
0	0
0	1
0	1
0	1
0	1
0	0
0	0
0	0
49	11
2	0
0	0
0	11
0	0
0	11
0	0
0	0
0	0
1	0
2	10
0	0
0	0
0	0
0	0
0	0
0	0
0	0
0	0
0	1
0	1
0	1
0	1
0	1
0	1
0	1
0	0
7	1
0	0
0	1
0	13
0	13
0	13
0	0
0	0
1	0
0	0
1	3
0	0
0	0
0	0
82	14
0	2
0	0
0	0
0	0
0	0
5	0
0	0
0	0
0	0
0	1
13	0
0	0
0	0
0	0
12	3
0	3
0	3
0	3
0	0
0	0
1	0
0	0
6	19
0	10
7	9
0	0
0	0
0	9
0	9
0	9
6	2
2	2
0	2
2	0
0	0
14	0
0	0
0	0
264	52
82	52
2	8
6	8
0	0
0	0
5	20
0	0
0	0
0	0
1	0
0	1
0	0
0	0
0	0
0	0
0	1
148	0
44	1
0	0
1	0
0	1
0	1
0	16
0	3
0	0
0	1
0	16
0	5
0	5
1	10
0	1
255	0
87	13
18	13
0	9
27	5
0	5
0	1
0	2
0	0
0	1
0	0
0	6
0	0
2	6
0	0
0	0
0	0
1	0
43	0
4	59
0	15
0	14
1	14
0	15
0	37
0	45
1	0
2	0
53	13
0	15
0	45
10	8
0	4
38	8
0	0
1	0
0	0
0	0
0	45
166	137
1	113
1	107
2	0
0	0
0	0
0	0
0	1
0	1
0	12
0	0
0	0
0	0
0	0
0	12
0	29
0	17
0	8
0	29
1	0
0	0
5	0
1	32
0	16
9	14
5	16
0	0
0	9
0	0
0	0
3	9
0	4
0	0
0	10
1	28
0	0
42	3
13	0
3	0
0	0
0	0
0	1
0	1
0	104
0	104
0	3
0	3
0	3
0	3
23	5
0	48
5	50
0	5
6	0
24	2
0	2
0	0
0	0
1	2
0	1
0	0
0	2
0	0
0	0
0	2
4	2
0	2
0	0
0	0
34	55
0	54
2	1
0	1
0	0
1	0
0	0
0	0
0	0
1	0
0	0
0	0
1	0
0	0
0	11
0	11
33	417
0	0
0	0
0	0
0	7
0	7
0	7
0	1
0	1
0	1
1	1
0	34
0	34
0	42
0	39
0	21
0	4
0	2
0	6
0	0
0	0
0	0
0	1
0	12
0	0
0	0
37	0
0	1
0	1
14	38
0	0
0	0
0	38
13	0
2	0
0	0
0	0
0	0
0	0
0	1
14	1
14	3
6	2
0	5
0	0
128	65
0	0
0	65
0	0
0	0
9	0
0	14
15	0
5	0
0	3
0	3
3	8
0	0
0	8
46	47
2	47
5	1
0	1
19	7
0	0
13	22
0	22
0	1
0	0
0	0
0	1
0	1
0	1
374	0
10	0
0	0
0	0
0	0
0	0
0	14
4	14
0	5
0	0
0	14
0	0
0	0
0	14
0	0
15	14
0	14
13	7
1	7
0	0
0	0
0	0
14	1
0	10
0	10
0	0
0	9
23	6
1	0
0	6
0	0
0	0
0	6
0	6
0	0
0	6
0	6
12	5
114	28
6	13
0	0
0	12
3	12
0	0
0	0
0	0
0	0
0	0
0	25
0	0
0	0
13	1
6	283
0	11
0	5
0	12
0	0
0	213
4	7
17	7
0	283
3	0
0	0
451	0
4	3
0	3
0	14
0	14
0	14
24	10
0	10
2	4
0	4
0	1
0	1
0	0
5	0
3	0
106	22
0	8
0	0
0	0
10	0
34	0
0	14
0	0
178	0
0	1
4	2
0	1
0	1
1	0
0	11
16	11
0	0
1	0
0	0
0	0
0	0
0	0
1	14
0	20
0	19
0	19
6	18
0	15
0	12
0	1
4	1
1	0
0	0
0	0
0	1
0	0
0	0
7	1
0	2
0	25
0	1
0	1
0	1
8	23
0	2
81	0
38	0
2	0
0	0
0	0
25	0
0	0
0	6
0	0
18	5
61	5
0	4
127	0
0	0
20	147
0	147
0	147
0	1
0	1
0	1
0	1
124	42
0	1
4	22
0	21
57	145
0	157
0	151
35	105
0	88
0	0
0	0
0	0
0	0
155	1
1	0
5	1
0	1
56	0
16	0
0	0
0	0
0	0
0	3
0	3
0	0
0	3
0	3
0	3
0	0
0	0
0	0
197	0
2	0
0	0
0	0
0	0
0	0
25	10
0	6
0	0
0	0
4	1
0	10
0	5
0	5
5	3
0	3
0	3
0	3
0	5
1	9
0	7
5	0
10	0
19	4
6	4
0	7
1	13
0	13
20	0
18	70
0	70
0	65
0	0
282	4
0	0
1	4
0	0
16	0
0	0
112	0
1	0
1	12
0	12
1	5
20	3
0	3
0	0
0	2
0	2
0	1
0	30
0	30
0	30
14	33
0	1
0	0
0	0
0	0
0	0
0	3
1	0
4	0
15	0
0	0
0	0
0	0
0	0
1	0
0	0
39	18
0	19
0	20
0	20
0	19
0	4
0	4
0	18
0	16
0	0
0	0
0	15
0	13
0	0
0	13
0	15
0	13
0	0
0	0
0	0
0	0
1	1
0	0
0	7
14	21
1	11
0	11
0	1
2	1
15	4
0	3
8	408
33	408
0	96
0	3
2	0
0	0
0	2
0	2
3	1
1	1
8	6
0	6
0	0
2	0
0	1
2	0
10	15
6	0
22	15
0	14
0	0
67	410
0	7
0	7
101	0
0	0
48	35
13	35
0	8
2	8
0	0
0	0
0	0
30	168
0	64
257	92
24	31
3	4
0	25
0	8
21	9
0	9
11	5
0	25
0	0
48	0
2	19
5	9
0	2
5	2
0	2
0	9
0	30
6	14
0	10
0	34
5	37
0	0
0	4
8	29
0	0
6	0
1	0
0	2
0	0
0	3
0	2
0	2
29	6
0	2
0	2
0	2
0	0
0	0
0	5
0	3
3	5
0	2
0	1
0	1
0	1
0	5
0	5
0	5
0	5
0	5
0	2
0	5
0	2
0	5
0	0
185	0
22	38
62	37
0	0
0	0
0	0
0	0
0	0
0	229
0	256
7	35
0	11
0	20
0	53
13	26
0	19
0	29
0	6
0	23
0	0
0	23
2	0
0	1
7	4
0	1
0	1
45	312
0	309
0	11
0	43
0	43
0	43
0	9
4	1
0	8
0	1
0	0
1	0
0	2
0	0
0	0
0	0
1	0
0	0
0	0
0	0
0	0
0	0
0	0
0	0
0	0
0	0
3	0
0	0
0	1
0	0
0	1
0	0
0	1
0	0
219	1
0	1
0	0
0	8
0	0
6	11
0	11
23	13
0	1
0	1
0	1
0	12
0	12
0	12
0	0
0	0
0	10
4	12
0	0
2	1
0	0
21	0
0	2
19	5
0	48
14	5
0	2
0	43
0	0
15	49
13	58
0	46
14	88
26	54
1	47
0	66
1	2
0	2
1	0
18	32
0	23
4	7
0	0
0	0
0	0
0	0
0	4
0	2
0	2
0	2
0	28
38	8
0	31
0	23
1	0
0	18
4	0
0	15
2	0
0	50
0	34
6	50
33	0
146	22
1	22
2	0
42	0
47	48
0	0
14	47
0	0
1	24
5	1
0	0
0	1
14	0
0	0
1	0
0	0
0	0
0	0
0	21
0	0
2	13
30	7
0	3
0	15
1	0
0	0
0	0
0	0
13	1
0	1
0	0
0	0
2	1
0	1
0	30
0	0
0	0
0	30
0	0
0	3
0	3
0	3
0	30
0	30
0	30
0	0
1	0
42	27
0	20
1	0
0	13
0	0
0	0
29	0
0	0
0	0
0	0
0	0
0	0
0	0
42	18
0	10
0	1
0	1
4	62
2	62
0	97
0	0
8	11
0	11
0	45
9	0
0	35
0	46
0	46
0	35
1	0
1	8
0	7
0	7
0	1
0	0
6	0
0	1
0	0
5	0
0	0
0	18
0	0
0	0
0	8
0	8
0	6
8	0
0	0
0	0
0	24
0	24
10	0
0	0
23	0
0	0
3	10
6	10
5	10
0	0
17	1
0	1
0	205
0	205
13	9
0	9
5	0
5	0
0	0
0	5
0	5
0	5
0	0
0	0
0	0
0	0
0	2
1	2
1	1
6	0
0	1
0	1
0	0
0	29
28	7
0	34
0	22
0	27
0	27
0	22
0	1
0	9
1	9
0	0
1	1
0	301
18	1
0	4
0	301
0	15
26	26
0	21
0	12
2	19
0	15
0	9
0	0
0	2
1	4
0	1
3	3
251	51
0	51
0	0
0	0
0	0
0	0
1	0
0	0
0	0
0	0
0	0
1	4
0	0
27	1025
31	1025
0	36
0	36
24	3
348	0
16	7
0	7
14	13
0	6
2	26
0	3
0	11
0	1
0	9
0	71
0	85
0	85
0	0
7	0
0	0
67	35
0	35
1	1
0	92
0	102
0	102
0	33
0	1
115	66
0	0
20	0
242	249
0	201
0	150
0	1
12	0
9	11
566	148
15	0
0	0
4	4
0	4
0	0
0	4
0	2
0	0
1	0
0	0
190	52
0	0
1	0
2	41
0	10
0	0
0	0
2	0
3	0
1	8
1	9
0	3
0	0
0	0
0	1
0	0
0	5
0	5
0	5
0	0
0	0
23	0
0	0
14	0
26	0
4	0
0	0
0	5
0	6
0	1
0	0
0	0
16	2
0	1
3	0
82	0
22	8
0	8
0	8
0	1
0	1
35	0
9	1
0	0
0	0
0	0
0	0
0	1
1	1
0	8
0	8
0	5
0	0
1	0
37	58
0	63
3	6
1	6
0	0
0	0
0	0
0	0
20	3
0	0
0	3
0	56
0	0
0	1
0	0
3	0
0	56
12	0
0	0
2	0
0	0
18	0
2	7
0	7
0	0
2	0
0	0
0	0
0	0
0	0
0	0
0	2
0	3
0	0
4	1
0	1
0	1
1	1
0	1
0	1
17	35
0	8
0	8
0	8
0	1
0	0
3	2
1	0
0	0
13	25
0	0
0	8
7	8
7	1
1	0
0	7
0	7
0	7
0	7
1	0
0	0
1	4
0	0
2	4
0	0
0	0
0	0
0	0
1	18
0	18
4	78
0	1
22	42
0	10
1	20
0	9
0	9
0	0
0	9
0	9
2	41
0	20
3	7
0	7
22	1
0	0
0	1
0	1
0	0
0	18
0	25
0	23
0	19
0	27
0	0
0	0
0	0
0	0
0	6
0	6
0	0
0	0
0	0
0	8
0	8
0	8
0	8
1	0
0	1
1	0
0	13
0	13
0	0
0	0
0	13
0	2
21	81
0	81
130	1
36	0
0	0
206	1
0	0
6	0
10	74
6	54
57	111
8	112
0	20
0	20
0	0
2	52
1	44
0	36
0	31
0	4
0	0
0	1
0	0
7	0
4	4
0	2
18	0
12	1
0	0
12	6
0	5
0	2
3	2
0	2
0	214
0	214
0	5
1	6
0	2
0	15
0	18
0	18
0	18
0	0
2	18
11	15
0	22
0	22
0	3
42	0
0	19
0	8
0	8
0	19
0	19
3	2
0	0
0	0
0	11
0	11
2	65
1	29
51	7
0	7
12	10
0	20
0	4
0	11
4	2
0	2
3	1
0	3
0	3
0	0
36	4
0	4
17	50
1	50
5	29
0	0
0	0
1	0
1	0
0	0
0	0
1	0
0	2
0	0
95	1
0	33
0	33
9	18
0	18
0	17
0	16
0	0
28	8
8	7
2	7
2	61
0	2
1	2
0	0
0	0
0	1
0	0
0	0
791	202
345	106
51	202
1522	196
95	1
0	1
0	0
0	1
2	1
29	1
1	1
0	1
316	0
0	0
0	0
1	0
18	13
2	5
0	0
0	0
0	12
0	0
0	0
0	5
0	6
0	0
2	1
0	0
0	5
0	1
0	0
0	2
0	0
0	4
3	0
0	0
13	2
0	0
0	0
0	0
0	0
0	0
0	0
0	0
0	2
0	0
0	2
18	40
5	2
3	0
0	0
4	37
0	22
0	56
0	1
0	1
0	1
0	67
25	80
0	7
0	0
0	0
0	0
0	44
0	0
0	1
0	1
0	8
0	7
0	79
0	7
0	1
8	9
0	78
94	5
0	6
0	5
0	6
0	0
0	0
0	0
55	81
0	0
0	4
0	0
0	81
0	15
0	15
0	0
0	21
10	30
93	0
7	21
1	0
3	0
7	0
0	0
12	17
0	29
0	29
0	3
0	0
0	0
0	1
18	13
0	12
0	2
13	9
0	47
0	1
0	33
0	9
0	9
0	10
0	10
0	10
0	10
1	10
0	10
0	18
0	18
3	0
6	8
1	0
31	6
0	6
8	6
0	6
0	6
22	0
0	1
1	1
0	15
0	15
2	24
0	8
0	8
10	16
0	55
30	1
15	125
0	129
1	3
0	0
0	0
0	0
5	11
7	0
0	1
0	1
0	1
1	0
0	11
111	1
0	1
0	0
0	1
0	1
0	0
1	0
0	0
0	0
1	0
209	8
0	7
0	0
17	0
0	0
0	0
1	0
0	0
0	0
0	0
0	0
0	0
1	0
0	0
1	0
0	3
0	3
0	3
0	3
21	3
0	3
0	14
0	0
1	0
0	0
0	0
0	0
0	0
0	77
0	0
6	8
0	19
4	77
0	30
0	0
0	29
8	29
9	22
0	0
11	0
0	0
0	0
0	0
0	0
0	0
42	5
0	5
0	1
16	1
36	1
0	0
0	0
0	0
0	0
0	0
0	0
21	26
3	26
0	11
0	0
0	0
0	0
6	0
104	15
0	2
0	2
0	0
0	0
0	0
0	0
0	2
0	0
0	4
2	4
0	4
0	15
0	9
0	0
0	8
0	5
0	0
0	17
0	0
8	2
10	8
1	3
0	3
2	0
697	313
1	306
4	317
0	7
0	256
0	317
0	56
0	29
0	31
0	21
0	21
0	29
20	31
0	8
5	8
7	0
372	128
0	12
4	3
0	9
132	112
0	112
0	24
0	23
0	24
0	18
0	24
0	16
0	0
14	0
0	0
3	8
0	81
5	113
3	18
0	15
0	15
0	12
0	11
0	11
0	12
0	7
0	2
4	1
0	1
0	0
0	6
0	1
0	1
0	1
0	1
10	30
630	51
0	4
0	0
0	12
14	0
0	0
0	0
2	12
8	27
0	47
0	0
0	0
145	0
10	23
0	24
0	24
0	19
0	19
0	0
0	1
0	1
0	6
0	6
0	1
0	0
1	16
0	25
0	4
0	0
1	0
0	0
0	0
0	0
0	4
0	0
215	59
0	36
47	15
0	0
0	0
2	0
0	0
68	0
0	0
13	0
3	0
27	2
10	0
33	46
3	12
0	14
0	4
13	4
0	7
0	27
0	3
1	3
0	0
0	21
0	1
0	1
9	0
0	7
0	6
37	2
0	2
0	1
12	35
0	38
1	38
27	25
14	27
0	25
0	17
0	8
0	13
1	5
4	8
0	5
10	8
0	3
0	1
6	5
0	0
2	14
0	14
0	2
0	1
0	1
0	0
0	1
0	1
6	0
0	0
0	1
0	1
0	1
0	0
0	12
5	13
0	12
4	1
0	1
0	0
0	0
27	10
0	0
0	10
7	0
0	0
0	23
12	9
0	9
14	3
0	2
34	53
0	53
0	35
0	0
0	0
0	0
89	45
32	97
0	21
68	7
0	7
0	0
3	0
0	2
0	1
0	1
10	15
0	14
27	6
0	6
0	6
0	6
0	0
2	21
0	21
6	0
0	0
0	0
0	13
0	0
0	16
0	16
3	16
0	16
0	14
0	15
0	1
0	0
0	0
0	3
0	52
1	3
0	52
0	7
13	7
0	7
5	0
0	0
13	8
0	7
0	7
0	0
0	0
0	0
72	142
5	33
0	135
0	10
0	1
25	0
7	0
19	1
0	11
0	3
0	80
0	80
0	0
0	0
1	77
0	77
2	77
0	3
0	3
0	0
0	0
14	0
0	3
0	0
0	0
0	80
11	10
0	30
0	0
0	1
0	1
18	1
11	0
3	1
0	1
0	22
1	11
0	14
0	0
0	0
0	0
1	0
55	0
0	0
0	0
0	0
0	0
0	29
26	29
27	1
0	0
29	0
176	0
75	3
0	0
0	1
0	3
1	0
0	3
0	3
0	0
0	0
0	3
71	0
0	35
0	191
0	0
0	0
0	171
25	0
2	0
10	0
0	0
6	0
3	0
0	0
0	0
11	14
0	13
0	14
44	15
0	15
0	13
0	13
1	0
3	15
21	15
0	10
0	10
1	10
6	0
0	0
73	4
0	4
1	0
0	0
0	0
0	2
0	8
0	1
0	8
0	0
0	1
0	2
0	2
0	1
4	0
0	2
0	1
0	1
0	1
0	1
0	1
0	203
0	203
0	0
0	23
0	20
15	45
12	10
0	45
1	5
0	7
0	1
0	5
0	2
0	1
0	1
0	2
0	2
0	1
0	1
0	18
0	18
0	2
0	6
0	6
0	1
0	1
0	1
0	0
13	0
0	0
0	0
18	11
0	6
0	8
1	10
0	1
10	2
0	6
0	26
0	26
0	14
13	6
0	6
1	2
0	1
0	1
0	0
0	0
0	0
0	0
0	0
0	32
0	13
0	1
0	32
0	0
1	1
0	0
0	0
3	0
1	3
0	3
0	3
0	1
4	1
0	3
0	0
1	6
0	14
1	4
0	4
0	6
0	2
0	0
0	0
0	0
0	14
81	0
0	9
0	9
0	9
2	0
0	0
1	77
0	3
0	3
33	4
0	5
0	0
0	0
1	0
8	80
2	4
0	4
0	0
0	1
0	0
0	9
0	9
0	8
0	0
0	0
3	4
0	4
0	9
0	13
0	13
0	7
0	7
0	8
0	7
45	0
0	0
0	0
0	0
0	0
3	0
36	0
0	1
0	0
7	1
0	0
92	0
1	3
6	0
4	0
0	11
0	11
0	11
0	0
0	1
6	11
1	70
2	4
0	0
0	0
8	7
0	70
0	70
2	0
0	2
0	2
0	0
0	0
0	2
2	13
0	13
0	3
0	3
0	0
0	8
0	8
34	8
0	6
12	8
0	36
0	36
10	17
0	0
0	1
0	0
15	0
0	36
0	0
0	0
0	0
0	0
0	0
0	0
0	0
0	0
0	0
0	0
0	0
66	35
6	35
0	33
0	0
0	0
0	0
0	0
0	0
0	0
71	14
0	14
0	0
0	0
0	19
0	11
0	18
0	19
0	18
0	10
0	18
0	10
0	1
132	16
0	12
1	5
30	4
119	9
205	0
0	9
0	3
0	7
0	8
0	8
0	8
0	0
0	0
0	0
0	8
0	0
0	3
0	0
0	8
23	21
0	16
0	0
0	0
0	12
0	12
103	1
0	1
0	1
56	12
0	12
0	7
1	0
0	1
0	0
13	2
0	1
0	5
5	5
0	0
0	534
0	534
0	386
42	0
0	1
391	1
0	1
0	1
0	1
0	531
4	531
124	1
16	114
0	534
7	554
0	1
0	1
0	5
0	0
0	0
0	5
8	6
0	13
3	12
0	10
0	0
0	13
13	6
0	5
2	4
0	4
0	1
12	5
6	12
17	11
0	1
1	36
31	33
0	12
0	6
0	3
0	0
0	0
0	0
0	3
0	0
0	0
0	0
0	2
24	2
0	1
0	0
7	0
0	0
28	9
1	6
0	11
0	3
1	0
0	0
0	0
0	1
2	5
0	0
0	38
0	38
0	0
41	67
1	38
45	51
0	37
0	27
0	8
5	14
0	8
24	2
0	2
1	7
0	7
3	0
55	55
0	34
0	54
0	1
36	272
0	54
0	3
0	242
0	0
0	0
0	0
6	4
0	4
0	0
0	0
0	0
16	0
11	2
1	2
0	0
0	0
0	0
1	0
20	0
0	0
0	1
0	1
0	0
1	0
0	0
0	0
0	0
0	1
0	0
0	1
0	8
0	8
0	1
0	14
0	8
0	14
0	12
6	7
0	0
0	11
0	14
0	6
0	13
0	7
0	6
0	2
0	0
0	0
0	1
0	0
18	0
3	1
0	0
0	1
0	1
0	11
0	3
3	4
0	4
77	4
0	4
23	20
0	20
0	0
0	0
0	6
4	46
0	46
3	44
0	0
0	0
0	0
0	4
19	13
0	8
0	0
0	0
0	0
0	5
0	0
0	0
4	1
1	0
0	0
0	0
0	9
0	9
0	9
0	9
12	0
0	0
0	0
0	0
74	0
10	42
5	31
0	10
0	1
0	0
0	9
0	9
0	0
0	0
0	0
0	0
0	0
0	0
0	0
0	0
0	5
0	0
0	0
0	3
0	1
0	0
2	1
0	1
6	57
0	57
0	8
0	8
0	8
0	0
0	0
0	55
0	54
0	2
0	2
1	0
0	0
2	0
0	0
0	0
3	1
0	1
0	0
0	2
0	5
0	5
0	4
0	1
0	1
0	1
6	17
0	3
1	0
0	14
2	0
0	13
0	13
0	0
0	108
0	108
0	56
0	39
9	39
0	1
0	12
0	12
22	12
2	12
0	12
0	1
0	1
0	1
0	1
1	0
1	0
0	0
25	10
0	10
2	0
0	0
0	0
0	1
0	1
0	1
2	0
2	45
23	46
0	3
0	0
3	0
0	0
7	1
0	1
12	1
1	0
0	0
0	117
0	117
0	117
0	117
0	0
58	64
614	48
0	64
0	47
156	35
4	17
0	0
0	0
0	2
0	48
47	10
28	38
0	0
2	0
0	0
0	123
0	123
3	0
14	0
0	0
1	0
0	0
0	5
0	5
0	1
0	7
0	7
2	4
0	4
0	4
0	5
0	1
0	3
0	37
0	23
18	37
0	4
7	5
1	3
0	0
60	51
0	51
5	0
0	0
10	29
4	23
0	23
0	12
0	19
0	12
1	0
0	0
0	0
0	2
42	229
1	0
0	0
0	0
0	2
1	2
0	0
0	0
60	227
328	857
0	857
0	3
0	3
0	37
0	37
0	43
8	43
0	43
0	0
0	38
0	0
0	40
0	5
0	0
1	0
0	17
0	42
0	0
0	3
0	1
0	18
0	35
20	17
0	0
0	7
5	3
0	1
9	3
0	0
0	0
0	2
0	2
0	2
0	0
0	10
0	12
0	12
0	12
2	12
0	12
3	0
0	0
2	1
0	0
2	0
530	18
0	11
1	7
2	18
7	18
130	78
0	3
0	54
17	53
6	34
0	0
0	35
0	0
5	0
42	0
0	0
0	32
0	0
2	0
0	23
0	0
52	4
1	0
0	0
5	15
0	20
8	14
15	8
4	12
0	7
1	1
3	0
9	0
1	0
0	0
1	0
0	0
0	0
0	0
0	0
0	0
0	0
0	0
0	0
10	1
2	1
0	0
0	0
0	0
0	8
0	5
0	8
0	7
0	3
0	3
6	0
26	0
1	0
9	18
0	17
0	16
0	1
0	1
0	0
0	3
3	16
2	23
0	15
3	16
0	31
0	28
0	3
0	1
0	0
0	0
0	1
0	0
0	0
0	0
6	1
0	1
0	3
0	3
0	3
0	3
0	15
0	2
0	2
0	2
0	14
0	0
0	8
0	0
0	0
0	0
0	0
0	0
0	0
3	0
0	0
9	19
3	12
0	0
0	0
0	0
0	0
0	0
0	0
0	0
0	0
34	13
16	9
0	0
0	0
135	0
0	11
0	1
0	0
0	11
0	4
0	4
55	0
0	24
0	42
40	14
0	4
0	0
0	0
0	4
17	9
9	32
0	0
0	2
0	2
3	2
0	0
0	0
0	0
82	0
0	0
4	0
0	31
0	31
3	24
0	24
0	24
0	7
0	24
0	24
0	16
626	119
29	119
0	12
10	19
0	18
0	3
2	0
0	0
0	1
0	0
0	0
0	0
0	0
0	0
1	0
1	1
12	0
3	5
0	5
31	167
1	17
0	49
7	0
0	28
0	0
0	0
0	0
0	0
0	9
3	9
0	0
0	0
0	0
0	2
0	2
0	0
0	0
0	28
0	28
0	8
0	0
0	0
0	8
0	0
2	0
0	0
48	0
0	0
8	0
0	0
9	14
0	1
0	1
0	0
0	14
17	0
0	0
0	0
0	0
26	15
0	11
0	11
54	5
0	5
12	9
0	8
0	0
4	10
7	10
17	10
0	0
0	4
13	3
0	4
0	2
0	0
0	4
15	3
0	0
7	1
0	0
0	1
38	426
7	83
4	24
1	1
0	1
87	30
0	30
0	0
126	4
0	131
0	131
0	119
0	30
97	49
0	31
0	7
0	20
0	1
105	7
0	32
2	0
0	0
0	0
0	0
0	32
0	1
0	3
0	6
0	2
0	6
0	2
0	0
0	0
0	0
0	0
14	12
0	12
1	7
0	0
1	0
1	0
0	74
14	74
0	5
0	0
10	2
0	0
0	1
0	1
0	1
1	0
1	0
7	4
0	4
0	0
2	0
2	0
5	0
50	1
0	1
0	7
0	13
0	0
0	22
0	9
15	0
0	0
0	0
8	0
0	4
0	0
3	0
0	0
29	0
0	0
0	0
30	6
0	0
0	6
6	0
209	29
0	4
0	29
38	7
0	7
1	3
0	3
1	0
0	0
5	0
0	0
0	0
0	13
0	0
0	0
0	0
0	0
0	0
1	0
0	0
0	0
187	103
0	100
0	3
282	77
0	29
0	28
1	1
1	2
0	81
10	82
0	78
0	8
0	0
1	1
0	0
0	42
0	1
3	88
0	2
0	2
0	2
2	32
0	32
0	0
0	0
0	0
9	0
38	7
0	8
0	4
0	5
0	1
21	6
0	6
25	37
0	33
0	25
149	18
0	108
0	104
0	98
0	43
0	69
20	0
0	9
0	45
0	39
0	38
0	2
0	0
0	0
0	17
20	10
0	9
0	1
0	9
4	10
0	0
0	1
0	0
15	0
0	0
0	0
0	0
0	0
0	0
0	0
0	0
0	0
17	0
0	9
0	1
0	2
0	0
0	0
0	7
0	0
22	90
0	0
0	90
0	0
1	40
1	40
0	0
0	6
2	208
266	158
0	5
0	0
0	0
0	5
0	0
0	0
0	0
0	15
0	15
0	15
0	0
0	6
0	1
0	0
0	0
0	0
0	0
0	0
0	0
0	0
16	5
0	5
0	0
0	0
0	0
0	0
0	3
0	15
0	12
0	2
0	2
0	2
0	1
90	6
0	6
0	28
4	26
0	32
127	51
5	20
0	26
0	26
0	16
0	9
0	28
0	0
35	2
0	0
0	0
0	0
202	8
0	8
11	2
0	2
0	37
0	33
0	0
6	0
6	0
0	4
0	0
12	0
37	66
0	66
0	0
0	28
0	28
0	2
0	9
0	2
5	0
0	9
0	6
0	0
7	2
0	1
0	1
0	1
1	0
3	0
19	13
2	12
0	2
4	1
2	0
5	0
0	0
0	0
0	20
0	0
0	20
1	6
125	2
0	2
148	0
0	0
5	0
0	0
0	0
0	0
5	16
0	0
0	0
0	0
195	11
33	1
8	8
5	7
0	7
14	2
0	2
2	0
0	0
6	0
2	1
0	0
88	0
0	0
1	0
0	108
0	108
0	0
0	108
0	4
16	4
31	12
1	4
0	4
0	1
0	0
23	0
0	2
0	2
0	1
30	8
11	7
0	89
0	89
2	89
0	7
0	71
0	5
0	5
6	0
5	0
5	0
0	28
0	28
0	28
0	1
15	7
0	2
0	2
0	1
0	0
0	5
456	0
10	46
0	8
23	7
0	0
90	38
1	0
27	0
0	1
0	0
5	0
0	0
0	0
0	0
0	1
0	1
0	5
0	5
238	0
57	0
43	7
0	0
1	82
0	83
0	62
0	69
0	69
13	69
10	33
0	0
0	3
0	1
0	0
0	0
2	65
0	78
0	0
0	0
0	0
1	0
1	0
6	0
3	74
10	143
72	0
1	0
2	0
0	2
0	3
0	1
0	2
0	1
0	1
0	0
0	0
0	0
4	1
0	1
0	0
0	0
0	0
0	2
0	0
0	0
0	2
0	0
0	0
0	0
0	0
0	0
0	0
0	2
0	4
0	4
0	0
0	20
0	1
0	3
0	24
8	6
1	4
1	0
0	2
0	2
0	20
0	22
3	14
0	50
0	21
0	21
0	49
0	50
5	8
26	6
0	6
1	0
0	1
0	0
8	0
0	0
4	0
21	5
15	18
0	14
0	2
0	2
0	0
0	0
0	0
0	3
0	3
60	55
0	0
3	55
0	0
0	4
0	1
1	3
0	0
0	0
0	4
8	0
3	11
59	11
0	0
1	0
1	74
0	79
0	72
2	87
37	0
0	0
0	0
0	0
0	0
0	0
0	0
0	0
28	0
34	0
10	0
0	0
4	13
246	140
59	3
113	12
0	127
101	28
1	13
0	13
0	1
52	9
0	11
0	11
35	0
0	0
0	0
0	0
55	35
1	35
0	5
0	0
0	0
0	1
1	0
0	1
13	6
12	20
0	4
6	1
1	1
12	12
0	3
0	1
0	0
0	0
8	0
0	0
4	10
0	0
0	1
0	0
4	12
0	9
4	0
0	0
0	0
0	4
0	0
0	0
0	0
8	17
0	3
0	13
0	8
0	0
0	4
0	0
0	0
0	0
0	0
0	0
0	0
21	8
0	8
0	0
0	1
1	2
0	2
7	58
0	54
0	54
0	57
0	57
0	256
16	57
0	57
4	274
0	274
22	0
10	5
0	1
0	1
0	4
0	0
0	0
0	0
0	0
26	13
0	7
0	5
6	101
27	101
0	8
0	12
0	9
1	8
0	0
3	11
0	0
0	0
0	0
0	11
0	11
0	1
0	4
0	10
0	1
1	9
4	6
0	6
4	1
4	10
0	3
0	0
0	30
0	30
3	0
0	0
52	1
114	5
0	5
0	0
0	0
0	0
1	0
0	0
0	0
0	0
0	0
0	0
0	0
0	0
7	12
0	12
0	0
14	1
3	12
0	0
171	15
459	15
5	0
18	6
0	0
0	36
0	0
7	1
2	0
0	1
10	6
13	6
3	92
0	7
8	91
19	6
106	0
0	0
0	0
14	224
0	217
0	143
4	0
0	1
1	2
0	7
0	7
1	0
44	93
0	19
0	75
0	73
10	4
0	4
49	43
1	0
6	0
0	0
2	77
0	77
4	22
0	22
8	29
14	0
0	0
6	2
78	0
0	0
0	0
1	13
4	3
0	2
0	12
0	2
0	0
0	0
0	0
0	2
0	2
0	2
18	2
0	2
0	0
0	0
0	0
12	16
0	8
2	13
23	11
66	11
0	16
1	11
1	40
0	9
0	1
50	29
0	19
17	11
0	1
3	0
5	0
0	10
0	11
0	11
0	8
0	4
0	8
0	8
0	8
17	0
0	2
0	2
1	7
0	7
0	6
0	1
0	0
0	0
1	1
0	4
0	0
0	0
0	4
0	5
0	5
17	5
0	0
0	5
0	5
0	0
0	0
15	17
14	107
0	102
0	103
0	47
0	70
0	67
0	33
0	30
0	31
0	23
0	23
0	21
0	8
2	3
0	3
1	3
0	2
0	0
0	0
0	0
0	6
5	0
46	0
43	2
0	0
0	1
0	0
0	0
0	0
1	1
4	5
2	1
0	1
0	1
0	0
0	1
0	0
152	0
0	0
1	14
0	11
0	5
0	2
0	0
0	7
0	10
0	0
0	1
0	1
0	1
0	1
6	5
0	0
5	0
17	0
0	0
0	0
6	0
0	11
0	2
6	3
1	12
1	9
0	14
0	5
0	14
0	0
0	60
0	60
0	0
40	0
0	18
0	18
0	73
0	73
19	89
0	89
0	1
0	0
0	0
0	0
0	0
3	0
0	0
1	0
59	4
0	0
0	4
0	15
0	0
0	27
9	1
0	1
48	5
1	0
27	20
4	26
0	8
5	28
0	1
0	0
0	1
0	1
0	0
1	27
0	29
0	29
0	1
0	0
2	0
0	28
0	4
0	0
1	0
0	0
0	25
0	4
0	21
0	3
10	3
20	0
0	19
0	10
10	32
0	18
0	30
0	20
18	1
0	1
0	0
0	0
1	0
0	4
85	236
1	232
0	0
0	4
32	66
9	0
0	66
0	0
12	0
12	8
0	8
160	38
7	30
8	0
0	2
0	2
0	40
0	2
0	41
0	0
7	41
0	40
0	0
0	0
61	61
0	21
41	17
48	134
0	94
48	55
1	0
0	0
0	0
0	2
0	2
0	44
0	40
0	20
5	20
1	24
0	20
0	20
21	0
5	33
27	33
0	0
0	14
1	1
0	1
0	1
0	34
1	68
0	0
1	101
0	94
0	94
8	42
0	64
49	240
0	236
0	0
0	4
0	0
0	13
0	14
0	14
1	5
0	8
0	0
0	9
0	9
0	0
1	0
0	0
0	13
0	9
0	6
0	9
1	4
0	0
0	0
4	26
0	26
0	3
8	2
0	2
0	0
0	0
0	0
0	0
16	118
1	0
0	0
0	0
0	0
1	4
0	4
0	0
14	14
0	14
0	0
5	0
12	26
2	0
17	14
0	0
7	0
12	20
3	10
43	13
0	0
0	0
2	18
0	4
1	4
0	2
149	0
5	0
3	0
0	0
0	0
0	0
0	0
0	0
0	0
0	0
0	0
0	0
0	0
3	4
1	4
0	0
119	0
0	7
0	7
0	4
0	6
1	8
1	0
0	8
0	234
0	0
1	0
0	0
0	0
32	0
0	1
0	0
0	0
0	0
0	0
0	234
1	0
0	1
0	1
11	52
0	52
1	3
0	2
8	49
1	0
0	24
0	24
0	22
0	23
0	23
0	24
0	0
0	2
0	0
0	25
0	2
0	2
1	1
0	1
0	1
21	0
105	19
0	19
0	2
0	1
0	2
0	2
2	8
3	8
0	5
0	7
0	7
0	2
1	14
1	17
0	10
0	10
0	7
8	9
0	1
5	0
87	32
0	29
0	0
81	49
14	67
20	52
0	39
0	0
31	0
0	20
0	30
12	48
0	0
35	15
69	7
9	0
0	8
0	0
27	0
0	3
0	3
0	3
3	14
8	8
0	0
0	5
0	1
0	1
0	1
23	2
0	1
0	2
0	33
0	0
0	0
0	0
0	0
1	1
0	1
0	1
3	0
0	0
0	1
1	1
0	0
0	33
1	2
0	2
0	75
0	75
0	50
0	6
1	0
12	0
5	0
0	0
0	0
0	0
0	0
90	78
0	78
6	0
0	0
0	14
0	13
1	13
0	11
0	0
0	0
0	2
3	0
7	1
0	3
4	13
0	7
0	12
2	3
0	1
0	1
0	0
0	0
0	0
0	0
9	5
193	5
10	5
0	10
21	12
0	1
0	1
3	3
1	11
0	2
0	0
0	0
16	1
0	24
0	24
12	48
0	7
69	41
0	0
0	0
0	0
0	13
0	0
0	0
5	37
10	31
0	1
1	0
1	0
58	0
0	0
0	0
0	0
0	0
0	0
2	5
0	5
0	3
0	3
0	9
4	53
0	0
0	1
0	9
0	8
1	0
0	25
12	37
0	12
0	1
1	0
0	0
16	1
0	18
0	17
0	1
0	0
1	18
0	18
0	0
0	1
0	1
0	0
12	41
48	41
1	1
0	1
5	0
1	0
0	8
0	6
0	6
0	6
0	6
0	6
0	6
0	6
0	0
0	6
0	6
0	0
0	0
0	0
0	0
0	0
0	0
0	0
0	0
0	0
0	0
0	0
1	6
0	6
0	6
0	6
0	6
0	6
0	3
1	0
0	0
0	0
0	0
0	0
0	0
0	0
0	0
0	0
0	0
0	3
2	0
0	0
0	39
0	39
1	22
0	13
0	0
0	0
0	9
0	10
0	10
0	1
0	1
0	1
0	1
10	0
27	0
12	17
0	0
0	0
0	0
0	6
0	10
1	1
6	8
0	6
0	8
0	0
0	0
0	0
0	0
0	2
19	0
0	6
0	47
12	70
15	64
0	42
0	6
0	4
23	0
0	0
0	0
0	0
2	0
3	1
0	1
50	0
10	0
0	0
0	0
0	0
2	0
0	0
0	0
0	0
0	4
0	0
0	0
5	0
0	0
0	4
0	0
0	0
0	10
0	0
0	0
0	10
0	0
0	0
0	0
0	0
0	0
0	0
0	0
0	0
5	8
0	14
4	42
0	0
0	0
0	0
3	75
223	0
0	14
4	46
0	46
1	45
3	45
0	45
25	23
1	0
56	0
3	0
0	6
0	43
0	43
0	145
0	112
438	43
0	6
4	107
0	112
0	0
0	3
0	3
0	11
0	34
24	42
4	114
2	0
0	2
2	2
5	0
23	5
0	0
5	32
0	20
5	14
0	9
15	3
0	0
2	1
0	37
18	11
0	11
0	11
0	2
0	0
0	1
0	0
5	0
0	0
0	0
0	0
0	0
0	4
2	4
0	0
0	0
0	0
2	0
1	0
1	1
0	1
140	0
37	0
35	0
32	0
0	7
0	6
2	7
1	6
0	7
0	8
0	12
112	11
0	7
1	0
0	11
0	1
0	1
6	0
0	0
0	4
0	1
0	4
0	3
0	3
7	1
0	1
0	0
111	1
0	1
2	1
0	0
0	7
0	7
0	0
115	0
0	0
0	0
0	0
26	0
0	2
0	0
0	0
2	2
2	0
0	0
6	0
0	4
0	123
19	123
4	0
3	0
6	53
0	0
0	0
0	0
0	0
53	0
0	1
0	1
0	0
25	0
0	0
0	0
0	1
3	0
0	0
0	1
28	0
3	0
19	102
0	0
0	0
3	0
2	0
0	1
1	1
0	0
5	0
0	0
0	0
0	0
0	1
0	0
0	0
24	5
6	0
0	0
0	0
7	0
0	0
0	5
0	0
78	25
0	25
0	1
1	7
1	0
0	0
31	14
2	14
1	3
0	0
0	3
17	47
4	18
0	51
0	2
1	2
18	28
6	28
0	0
0	0
4	27
0	27
0	0
0	10
0	10
0	10
0	0
0	0
0	1
0	1
0	0
28	1
0	0
0	0
0	1
1	0
0	1
23	0
0	0
0	1
0	0
0	0
4	1
0	0
5	55
0	55
0	0
6	59
0	51
11	57
0	4
10	0
135	28
0	3
0	7
1	10
0	7
0	28
0	13
0	13
0	6
17	35
0	23
4	12
44	30
0	47
0	28
1	21
0	18
3	1
0	0
0	2
0	47
0	47
2	55
0	1
0	60
0	45
0	6
0	0
0	0
0	0
0	34
3	19
0	19
0	0
2	0
0	5
0	4
0	2
1	5
0	2
0	1
6	1
4	1
0	1
0	1
0	0
57	11
0	11
2	15
0	12
0	18
0	18
3	0
0	0
0	0
0	5
0	39
0	12
0	12
0	8
10	3
0	0
6	0
0	0
0	17
0	17
0	0
0	0
9	0
1	0
14	4
0	4
0	10
0	30
0	30
0	0
0	0
15	16
13	4
3	0
0	0
0	0
0	0
0	1
0	0
0	1
102	1
0	2
9	1
0	0
0	0
0	1
23	0
0	0
0	0
0	0
0	0
0	1
0	0
0	0
0	1
0	0
1	1
2	1
19	1
0	1
0	17
0	20
22	36
1	35
37	0
0	1
0	47
0	47
20	6
0	39
23	39
0	7
0	4
0	4
0	0
0	7
142	6
0	6
9	1
0	0
1	0
0	0
23	1
0	1
0	1
0	1
0	1
0	0
0	0
0	1
0	1
0	0
1	0
0	0
0	0
1	0
0	0
0	0
0	0
0	0
0	0
30	1
0	1
0	0
0	0
0	1
0	17
0	0
3	0
0	1
0	1
0	1
0	0
0	0
5	0
0	40
0	40
3	33
0	19
0	19
91	25
0	5
0	2
0	0
1	3
23	23
11	23
5	3
11	3
7	5
0	2
11	11
0	0
0	3
64	0
0	0
6	0
0	0
0	7
0	0
0	6
0	0
1	10
0	4
36	3
0	3
0	2
0	0
0	1
0	1
0	0
0	0
0	0
0	53
6	53
0	0
0	15
0	15
20	0
0	8
0	0
0	13
0	25
36	25
0	0
0	20
0	20
0	11
0	4
0	4
0	0
0	0
0	0
0	0
2	58
42	58
3	38
0	0
6	0
0	0
9	28
0	5
22	20
0	20
109	19
0	18
2	0
0	0
0	34
1	34
56	7
0	0
0	7
0	7
0	0
492	9
0	9
0	1
0	9
0	9
0	0
56	12
0	0
0	0
0	12
0	1
0	0
0	0
0	0
0	0
11	2
1	2
144	0
1	1
0	0
0	0
0	1
0	0
0	0
0	0
4	0
0	0
0	0
0	2
15	3
20	1
9	1
0	1
0	0
0	0
107	16
13	16
6	21
0	8
0	6
91	8
0	0
0	8
0	2
0	2
0	2
0	2
0	8
2	38
0	20
0	19
0	19
0	9
0	9
0	1
0	1
0	1
93	152
0	152
0	120
1	54
1	18
0	160
299	229
0	229
0	206
850	126
0	11
5	0
0	2
0	2
0	2
0	0
5	20
0	20
0	12
0	12
0	1
0	3
83	36
0	36
2	29
0	8
0	12
10	12
0	1
4	5
0	5
0	3
0	0
0	7
95	23
0	16
0	0
3	0
0	0
34	16
0	0
0	0
0	65
0	65
0	5
0	56
0	3
0	3
3	3
0	3
74	106
356	106
0	2
0	20
0	20
0	3
0	9
0	3
29	2
0	1
0	0
0	0
0	10
0	27
44	32
0	27
0	8
0	27
0	8
0	29
0	9
0	7
0	25
2	28
0	0
0	29
0	0
0	0
0	0
0	0
1	0
0	0
3	117
0	3
0	30
0	30
18	159
3	155
18	16
0	16
0	25
0	4
0	5
0	0
0	7
0	0
6	0
0	0
0	0
0	9
0	0
0	0
0	0
27	9
67	7
0	10
0	4
0	7
0	17
22	55
1	55
1	50
4	6
8	0
0	0
0	0
0	0
0	0
61	141
0	144
0	158
3	19
0	19
13	2
0	2
6	0
0	78
0	0
0	0
0	78
3	0
5	0
0	0
12	3
1	3
0	21
0	25
0	25
0	21
0	28
0	25
4	0
0	0
0	32
0	23
56	8
0	0
0	0
0	5
0	5
0	5
92	5
0	1
0	1
55	1
0	0
0	0
0	604
3	604
0	3
0	2
0	2
0	2
0	1
0	7
0	7
3	0
1	1
0	0
60	16
0	0
0	0
0	12
0	39
0	1
0	0
1	38
33	11
129	25
3	0
0	0
0	0
0	0
2	3
68	3
0	3
11	0
119	0
111	0
0	33
1	0
171	75
0	13
0	14
0	76
0	76
0	0
20	14
7	7
2	12
0	11
0	42
2	38
0	5
0	0
0	1
0	0
0	1
0	0
0	0
0	0
6	0
4	17
0	17
0	26
0	26
0	26
0	9
25	8
0	8
0	7
0	0
0	12
0	5
21	9
0	9
0	1
0	0
0	1
0	0
3	0
0	0
0	0
1	0
0	0
3	1
30	1
0	1
0	0
0	2
0	3
0	3
0	0
2	3
442	0
5	5
5	18
33	8
0	1
73	62
0	33
0	4
0	1
0	0
0	1
0	0
1	0
0	0
15	43
8	41
0	44
11	35
14	0
6	0
0	2
0	2
0	5
0	2
0	2
0	0
4	1
0	0
1	0
0	0
1	43
83	38
25	8
0	26
0	0
0	0
1	0
0	0
1	0
0	0
12	10
0	21
0	21
0	152
0	152
0	10
0	10
3	0
0	0
0	0
0	11
0	19
0	21
17	21
0	13
1	0
0	0
0	0
0	4
0	4
0	2
0	0
0	12
0	6
6	7
4	1
0	0
7	15
41	63
12	63
7	0
0	6
0	5
0	4
0	5
0	2
0	6
0	0
13	0
45	85
185	84
0	1
0	0
0	1
0	58
0	42
0	47
0	76
16	47
0	48
0	64
0	2
121	0
0	17
11	5
1	30
0	64
0	59
0	64
2	8
0	8
3	2
36	4
0	4
0	0
2	0
95	50
0	29
92	46
4	0
0	15
0	18
0	17
2	17
19	19
42	0
0	0
0	6
0	3
0	3
0	3
0	6
0	6
0	4
0	6
0	5
0	0
0	0
0	1
0	1
0	0
1	1
0	1
0	0
0	0
0	10
0	10
0	0
0	0
0	0
0	0
0	1
1	1
0	0
0	1
0	0
1	1
1	0
26	7
11	6
35	90
35	91
0	84
0	6
4	0
0	0
0	6
10	3
0	3
215	28
0	0
0	0
0	1
0	28
0	0
9	17
37	17
0	0
0	0
0	0
1	234
0	7
0	15
0	2
0	39
0	5
2	13
1	5
0	5
16	227
17	50
0	30
0	31
0	30
8	0
11	7
410	0
0	1
0	1
67	3
0	1
0	0
19	3
16	0
0	0
0	0
27	69
0	69
0	0
3	12
58	12
8	7
0	18
27	12
1	0
5	2
8	1
0	1
0	0
3	1
0	1
20	6
0	6
0	1
0	0
0	0
0	0
0	0
8	0
28	54
1	54
0	56
0	56
87	54
0	0
0	0
0	0
0	0
2	0
0	46
0	46
1	1
0	1
0	0
0	0
0	0
0	11
2	11
10	21
0	8
65	215
0	13
0	5
0	1
0	0
0	0
0	0
13	8
4	8
0	0
10	0
0	0
0	0
0	7
1	2
0	4
0	7
0	0
254	3
0	3
0	2
0	3
6	2
0	0
0	11
0	11
0	11
0	11
0	9
1	0
8	4
0	4
0	0
0	0
0	4
6	17
1	14
0	0
0	0
0	0
35	0
0	1
0	1
0	0
0	2
0	3
0	0
0	1
0	0
0	0
0	0
0	3
0	14
0	14
0	10
1	9
1	12
0	1
25	0
0	0
9	0
0	0
2	0
0	0
181	11
0	15
0	13
6	71
0	20
0	9
7	1
0	1
0	1
5	3
0	1
0	0
0	12
0	4
0	0
3	51
37	3
20	3
0	0
0	0
221	239
1	3
2	21
0	236
0	67
28	67
22	24
21	7
0	21
0	0
64	0
84	188
0	201
0	24
0	23
0	12
13	55
0	0
0	0
0	6
6	0
0	0
131	13
7	0
0	2
0	2
0	2
0	0
0	10
0	2
0	2
42	10
0	31
7	0
4	64
5	74
1	64
0	1
1	0
0	0
2	0
12	104
0	95
0	3
0	2
0	3
46	42
0	0
0	9
0	0
1	0
0	17
0	53
2	0
0	0
0	17
0	53
0	0
0	11
0	11
0	4
0	0
3	0
0	0
6	3
3	2
0	0
0	0
0	0
0	0
0	0
0	0
34	6
0	1
0	5
1	0
4	0
0	0
1	1
0	1
0	1
62	16
0	17
1	10
50	1
37	0
0	0
0	0
0	0
0	0
0	0
11	0
0	0
0	0
0	0
0	0
18	21
0	0
2	14
9	167
17	0
5	0
0	0
0	4
142	132
120	53
39	53
0	2
0	2
42	72
0	0
0	65
23	0
0	0
22	12
0	89
0	34
31	53
0	36
0	89
2	87
0	36
0	58
0	98
6	0
0	98
0	61
0	7
0	0
3	194
3	192
0	189
0	184
0	184
0	58
0	2
18	0
1	0
0	0
48	0
16	1
7	12
0	11
0	12
0	12
2	2
0	1
0	1
0	1
0	0
0	0
0	0
0	1
8	0
9	0
0	0
2	0
59	0
5	4
0	4
1	1
0	1
2	1
1	61
0	61
0	36
0	0
0	0
31	0
0	0
4	0
5	2
0	30
0	34
48	23
0	23
87	20
6	0
0	20
0	34
0	13
9	10
0	6
0	7
0	5
0	1
0	12
0	20
0	17
34	177
0	1
0	0
6	64
0	63
1	71
0	71
0	9
0	9
0	9
0	2
0	2
0	2
0	5
0	5
0	0
0	2
9	0
15	1
9	0
0	0
257	4
21	0
0	4
1	10
2	11
0	7
0	0
8	3
0	0
0	4
0	10
0	10
0	0
13	22
0	22
0	10
0	19
5	0
0	22
0	19
0	19
0	7
105	57
0	56
0	36
13	0
41	71
0	0
1	1
0	71
0	9
16	10
1	15
0	5
0	0
166	0
54	19
0	8
0	12
0	11
0	0
0	1
0	0
0	0
0	0
0	47
0	3
0	2
0	46
0	0
0	0
0	20
5	20
0	3
0	0
0	76
0	76
0	70
44	70
0	67
0	0
0	0
0	0
2	39
0	35
3	13
0	13
0	5
0	5
0	1
7	0
2	0
9	3
0	3
0	6
2	0
0	0
0	0
0	2
0	1
0	1
0	1
0	0
69	30
0	30
0	30
0	30
12	42
0	7
0	0
99	23
0	23
0	3
0	2
19	1
0	0
1	0
0	0
0	1
0	0
0	0
0	0
0	0
0	7
0	0
0	0
2	0
0	0
0	7
0	0
39	0
5	6
0	0
0	0
0	0
20	6
0	0
0	5
7	14
0	0
0	14
0	8
1	0
19	4
0	3
11	0
0	0
0	6
18	1
0	0
0	1
0	0
7	2
0	0
0	2
7	5
0	5
8	35
5	39
0	0
3	1
0	0
0	0
0	16
0	0
0	0
0	0
0	0
0	0
0	1
0	15
0	16
0	12
0	12
14	80
0	80
0	6
0	0
3	0
0	0
1	0
1	1
0	1
3	10
0	10
6	0
0	0
0	3
0	2
0	2
0	1
0	0
0	0
13	6
0	6
0	6
0	6
0	6
0	6
0	0
0	0
0	0
0	0
0	0
0	0
0	0
0	0
0	0
0	0
0	0
2	0
0	0
0	0
0	0
1	0
187	18
0	19
0	19
0	19
10	7
0	15
0	15
2	10
0	5
0	5
0	2
0	4
0	0
0	0
0	1
0	1
0	0
0	0
5	40
10	41
0	29
0	1
1	4
0	4
1	3
0	1
0	1
0	3
0	1
0	1
0	1
0	2
0	2
134	0
0	1
0	4
0	4
0	0
0	0
0	0
0	0
11	3
0	51
0	25
6	55
0	4
0	1
0	32
0	0
115	6
5	6
2	0
6	7
0	7
0	0
3	124
0	1
0	124
0	18
10	20
0	17
20	15
0	12
0	11
0	0
0	1
0	5
0	5
0	0
0	0
4	1
0	1
0	9
12	14
0	36
0	22
2	8
0	8
0	8
0	8
0	8
0	22
0	0
1	65
27	65
0	0
0	8
3	8
0	0
0	8
116	15
2	7
0	0
0	0
0	8
21	0
1	3
9	39
0	39
0	35
0	2
0	4
1	2
0	4
0	1
0	1
0	1
107	0
0	0
13	9
0	0
0	0
0	0
0	48
0	0
0	0
0	48
0	10
1	10
0	8
0	0
7	10
0	8
6	10
15	16
0	0
0	0
0	0
5	15
0	0
3	1
1	0
0	0
0	15
2	7
0	8
0	8
0	1
6	1
270	74
0	74
27	37
0	37
0	0
0	0
345	1
0	1
0	13
38	36
2	0
0	0
1	0
0	0
9	2
3	2
42	8
0	8
1	9
0	16
72	19
0	16
0	1
0	1
0	1
0	3
53	0
0	5
2	5
96	49
0	16
0	13
0	10
0	10
0	13
0	8
0	8
2	7
0	14
0	8
0	33
0	0
0	0
0	1
0	0
1	5
0	0
0	4
0	5
0	0
1	0
0	0
103	2
60	17
0	18
0	1
0	2
0	0
0	0
45	0
0	0
4	0
199	0
0	0
0	0
47	23
3	0
37	7
0	8
0	7
0	8
2	9
6	7
0	0
0	0
48	4
7	3
8	17
2	10
16	17
1	9
0	14
0	14
0	14
3	0
0	0
0	0
0	0
0	0
0	0
0	0
0	0
0	0
0	0
0	0
0	0
0	0
0	19
0	0
2	13
2	16
28	18
7	19
6	21
60	7
0	7
0	7
0	6
0	6
0	3
28	37
0	3
7	34
0	0
3	0
61	12
5	12
4	2
0	2
0	2
8	14
0	0
0	0
8	17
0	0
0	0
1	4
13	13
0	1
0	0
0	3
4	3
11	7
11	0
10	7
7	13
0	13
0	4
6	4
0	11
0	10
0	7
0	0
10	1
0	1
0	152
0	152
29	34
0	15
0	0
0	0
2	0
0	80
5	4
0	2
0	4
0	2
0	2
12	1
22	54
550	20
0	20
8	0
0	17
0	51
0	38
62	10
2	1
0	1
2	3
0	3
0	3
0	2
0	2
0	3
0	3
0	0
1	0
1	23
7	0
0	1
0	1
0	3
0	3
0	2
161	1
0	1
5	32
0	0
4	32
17	34
13	79
104	79
5	1
0	0
0	30
0	22
13	22
2	0
0	0
0	10
3	43
7	0
0	0
0	0
1	0
30	17
0	0
0	0
0	17
0	17
4	1
0	1
0	0
0	87
20	101
0	7
0	0
0	0
0	0
0	0
0	41
0	0
0	41
8	0
0	45
0	26
0	19
0	13
0	0
0	20
0	0
0	20
0	20
50	47
0	47
55	0
0	2
2	2
1	2
0	2
1	1
0	26
0	1
0	0
1	37
53	37
26	0
0	0
0	0
0	0
3	0
0	0
0	0
0	0
28	0
1	10
216	298
0	2
0	4
10	3
7	1
0	6
0	35
7	35
0	4
0	4
0	4
0	4
0	2
0	2
6	1
0	0
0	0
45	0
0	0
0	27
50	132
0	11
0	132
0	0
0	0
0	0
0	0
0	0
0	0
0	0
0	0
1	0
0	0
1	2
0	20
0	163
0	158
7	162
0	16
0	0
0	5
0	5
12	10
0	2
0	1
0	8
0	5
0	5
0	2
7	16
6	2
0	0
0	3
11	0
0	3
0	4
0	42
0	42
0	42
0	42
0	42
67	0
52	0
9	122
8	122
0	47
0	47
12	21
0	5
0	0
0	0
0	0
0	0
0	0
0	0
15	16
0	12
0	0
31	0
0	0
0	5
0	4
11	4
0	3
0	0
0	0
0	0
10	0
0	8
0	0
0	8
0	12
0	24
0	0
0	0
1	0
0	30
0	42
48	0
2	0
22	0
0	3
0	3
0	3
1	0
0	0
0	5
0	3
2	6
0	3
0	1
0	1
1	0
1	0
0	0
0	1
0	9
0	15
45	7
0	2
5	2
0	2
0	4
2	0
249	22
0	21
8	22
0	2
0	13
7	12
0	1
0	0
0	0
0	12
0	5
0	5
1	0
0	7
0	7
0	7
0	7
0	0
0	0
0	0
0	1
0	0
43	0
0	6
0	7
0	13
0	1
0	1
0	0
5	0
0	102
232	100
0	102
100	1
7	1
5	0
7	2
0	2
0	2
0	0
0	0
7	19
0	0
0	19
2	1
31	2
0	2
17	0
0	0
0	0
0	0
36	6
0	1
85	35
0	23
0	14
0	10
8	257
0	261
0	151
0	150
0	19
24	1
2	6
16	0
2	0
0	23
45	25
0	0
0	0
0	1
0	0
0	110
0	131
0	131
0	131
0	11
0	110
0	110
0	110
0	110
0	1
0	1
0	0
47	0
4	1
33	232
114	232
0	0
0	110
0	175
0	1
0	0
3	1
0	1
0	1
104	259
0	131
0	236
1	211
1	0
0	0
6	0
0	15
1	3
0	15
0	13
0	3
0	3
0	3
15	15
0	0
0	3
0	2
21	1
0	0
0	1
5	14
0	15
18	36
6	35
0	80
0	18
0	88
0	88
0	8
0	9
0	9
0	6
0	152
3	89
0	32
7	62
0	15
0	10
0	10
0	25
0	10
0	10
0	2
0	1
0	0
0	0
0	0
0	0
0	0
0	5
0	5
16	6
0	2
0	2
0	2
0	2
0	1
0	1
0	1
0	0
0	0
1	2
44	15
0	5
0	4
0	0
0	0
0	0
0	0
0	0
0	0
0	0
0	0
0	0
0	1
1	1
10	39
0	57
0	38
0	7
3	47
0	37
0	36
0	37
0	25
0	26
0	36
0	0
29	25
0	33
8	18
8	5
0	0
0	6
0	0
0	0
0	2
0	2
0	2
0	6
0	1
22	6
0	1
0	0
0	0
0	1
0	0
6	8
0	8
1	1
0	1
0	1
0	0
0	0
0	6
0	6
0	6
2	212
0	177
0	152
2	127
33	231
14	152
0	29
0	152
11	6
14	6
0	3
114	25
6	25
0	1
14	1
43	29
0	28
0	29
0	21
1	0
0	0
0	3
65	0
10	6
0	3
0	2
0	0
0	0
0	0
0	0
0	0
0	0
0	0
0	0
10	105
50	105
0	16
0	16
0	1
0	0
0	0
0	0
1	0
0	183
0	183
0	136
0	108
0	1
0	14
0	117
0	81
0	1
0	1
1	10
6	0
38	9
8	0
0	8
0	0
1	0
0	9
16	4
0	6
0	9
10	7
18	1
0	4
0	0
3	2
0	1
0	9
203	75
0	79
0	40
728	294
0	21
0	5
1	3
0	251
0	3
0	2
195	1
1	1
2	30
0	29
0	29
0	22
0	6
0	20
0	20
23	12
0	0
0	27
0	27
0	27
0	27
1	12
4	0
3	16
0	16
0	63
3	63
2	1
2	0
3	1
0	0
0	0
0	0
0	0
1	0
216	0
0	2
0	2
0	0
0	56
0	62
0	51
0	52
8	47
18	69
0	19
0	8
0	0
0	6
0	1
0	6
0	0
0	0
0	0
30	28
0	28
3	28
2	0
0	0
0	0
0	0
0	0
0	0
1	34
6	23
0	1
8	13
7	10
0	0
87	24
0	7
6	7
2	17
23	8
0	6
0	1
5	1
0	1
28	5
0	4
0	29
0	20
0	0
0	52
0	29
2	29
0	37
16	2
0	0
0	2
339	0
0	0
0	0
5	0
0	0
0	0
0	0
0	0
0	0
14	0
0	0
0	0
15	2
5	56
0	56
0	56
0	2
4	25
0	0
1	50
4	0
0	0
11	86
0	50
0	0
0	26
0	0
0	0
0	32
1	0
2	22
27	13
9	9
0	2
0	2
10	4
0	32
0	32
0	23
0	23
0	23
0	60
0	303
0	303
0	303
150	503
0	3
0	14
0	14
0	11
0	21
3	27
0	0
16	110
0	110
105	0
0	0
0	1
127	8
0	8
0	3
15	3
0	3
0	3
0	0
0	0
0	0
0	0
0	0
0	0
7	350
0	351
0	53
0	75
0	5
0	0
0	0
0	0
7	15
0	1
2	0
0	2
28	1
0	1
2	0
0	0
12	7
0	4
0	3
1	2
0	2
5	23
229	23
0	0
0	2
7	13
3	6
0	1
0	0
6	0
0	0
0	0
0	0
0	0
0	0
0	0
0	0
0	0
0	0
0	0
1	1
0	1
0	0
0	0
0	0
0	0
0	0
0	6
0	4
0	9
0	9
0	9
14	7
0	8
2	0
58	32
0	28
3	0
0	29
10	0
5	25
0	17
1	27
0	27
0	27
0	17
0	0
6	0
196	5
0	226
0	228
1	69
0	3
0	3
0	0
0	0
0	0
0	0
4	1
0	27
0	20
9	24
0	0
0	17
1	0
0	1
0	33
1	0
0	0
3	19
0	3
0	2
0	2
2	1
2	34
0	34
0	0
0	3
0	3
0	1
26	12
0	5
0	5
0	5
4	12
0	10
0	10
0	1
0	1
0	1
0	0
0	0
0	0
4	11
0	0
0	0
0	0
0	0
0	0
3	29
3	6
0	0
18	7
22	3
2	16
0	10
0	10
0	10
17	0
0	0
0	0
0	22
0	22
0	20
1	22
47	0
0	0
0	0
0	0
0	0
16	24
0	0
0	32
14	21
0	21
0	0
0	0
0	0
13	51
0	0
0	21
9	37
0	0
0	0
0	0
0	115
0	1
0	1
0	1
0	0
0	1
0	1
0	115
1	58
5	15
0	3
0	3
0	1
104	1
0	1
1	0
0	0
0	1
35	11
0	7
18	40
0	0
10	0
45	22
0	8
0	0
0	0
2	16
0	20
0	127
2	127
0	0
0	128
0	128
51	106
257	111
3	110
1	43
0	30
0	15
0	12
14	4
0	0
16	0
1	0
0	1
25	0
0	20
0	4
0	4
5	57
0	18
8	17
0	15
0	15
0	52
0	16
0	1
3	13
3	0
0	0
0	0
0	0
2	2
0	1
0	0
0	0
0	2
0	1
0	2
1	1
0	2
0	35
0	34
0	35
0	32
0	23
0	1
0	0
0	1
0	1
0	1
0	0
0	1
0	1
0	0
0	4
0	0
0	0
0	4
0	35
0	2
0	17
0	19
0	23
0	23
5	1
0	1
8	49
0	49
0	0
0	1
4	5
6	30
0	8
0	27
0	1
0	0
0	1
0	0
20	0
0	0
1	0
0	0
0	1
0	1
0	1
0	0
0	0
17	3
0	121
0	118
3	99
0	34
0	14
0	0
0	3
0	49
0	45
0	3
0	3
0	1
0	2
0	1
1	1
3	1
0	41
0	42
0	25
0	6
0	23
0	0
2	15
2	0
0	0
0	0
0	12
0	5
1	0
0	3
0	3
0	1
8	2
1	2
0	1
0	0
0	1
0	0
0	1
0	365
0	19
12	1
0	3
0	346
0	9
0	9
0	9
4	4
26	32
21	28
0	25
0	0
5	0
3	0
0	0
25	0
0	0
43	0
0	36
2	10
0	35
0	0
1	0
0	0
0	25
4	27
0	7
0	25
11	27
1	4
20	8
11	0
21	0
0	4
112	4
16	1
0	0
0	0
0	22
0	22
0	1
65	0
10	0
0	0
2	0
0	0
0	0
0	0
0	0
0	0
0	49
0	1
0	2
0	49
5	0
0	0
0	0
6	4
0	0
0	4
18	16
0	0
0	8
0	16
25	3
0	6
0	6
0	3
0	3
0	3
0	3
31	3
2	3
0	3
0	3
0	10
0	10
0	1
0	10
0	10
0	10
0	10
5	9
0	9
20	9
0	1
15	3
0	2
0	0
2	1
3	0
0	0
0	0
0	0
0	0
0	0
0	0
0	0
0	0
0	0
0	0
0	0
0	0
0	0
0	0
0	0
7	0
8	0
18	7
0	7
11	0
3	14
2	21
0	0
0	17
1	17
0	0
13	1
0	1
0	0
9	0
0	1
0	2
0	40
0	40
4	2
0	3
0	122
23	126
47	0
1	0
0	0
0	0
0	6
0	6
1	6
0	1
0	0
13	11
0	0
0	11
12	11
0	0
0	3
0	3
0	0
0	0
7	6
0	9
1	10
0	5
0	4
0	4
0	8
0	2
0	0
1	17
0	3
0	26
0	28
0	28
0	0
0	13
0	0
0	0
3	0
0	15
0	15
0	15
0	15
0	15
0	15
0	15
0	15
18	0
1	0
1	0
0	1
0	0
0	0
0	0
0	0
0	0
0	0
0	0
7	0
13	20
5	20
0	7
0	20
0	13
0	0
0	0
0	0
225	11
0	10
5	20
2	14
0	10
0	4
0	0
0	0
0	0
6	0
1	3
0	3
5	0
0	0
8	0
0	0
254	16
0	18
7	11
12	11
50	15
0	2
2	11
0	11
0	11
7	0
43	0
0	0
0	0
11	0
72	6
0	5
0	4
0	0
7	0
0	0
25	9
0	9
35	0
0	0
0	0
0	0
50	0
0	10
0	10
0	4
0	0
0	0
1	0
0	0
0	4
0	0
1	0
0	0
0	0
8	20
0	15
0	5
0	6
0	3
0	1
0	1
1	0
0	0
0	1
0	20
9	7
0	7
0	6
0	0
0	6
4	0
0	0
0	0
19	5
1	5
0	5
0	0
11	0
12	0
0	0
0	10
0	10
0	10
0	10
4	1
0	1
2	0
0	27
1	39
0	32
0	9
654	4
1	0
0	0
42	4
0	0
0	10
6	10
0	0
1	0
0	0
0	0
0	0
0	0
28	9
0	1
4	1
0	4
0	4
0	46
0	43
73	3
0	20
6	2
0	2
29	46
0	9
0	27
0	0
0	0
9	27
0	4
0	0
1	27
1	0
0	27
1	36
5	0
591	0
2	8
0	8
32	9
1	9
0	0
0	0
516	213
538	54
1	165
0	46
13	0
0	0
0	0
18	17
0	0
6	46
0	24
0	40
0	0
0	12
0	12
0	0
15	225
6	225
2	28
5	2
0	2
0	4
0	4
3	5
0	0
0	2
0	0
0	2
0	2
0	4
2	0
4	8
0	8
0	0
0	8
0	0
0	0
0	0
0	0
0	0
0	0
0	0
5	0
0	0
1	0
0	0
0	1
0	1
0	7
0	7
0	204
113	204
0	35
8	9
1	83
0	12
0	18
11	18
0	2
0	11
0	0
0	76
0	9
1	0
0	0
0	0
0	0
0	4
7	4
0	0
0	0
3	4
0	4
0	2
37	2
0	0
41	14
16	10
1	0
20	4
0	17
17	13
2	0
0	0
0	1
0	1
0	1
0	1
0	1
0	0
0	6
0	5
44	3
6	15
20	19
0	18
0	14
0	2
0	1
0	4
0	0
0	221
31	301
0	48
0	54
18	210
0	178
0	178
12	18
27	141
2	247
2	133
0	133
0	6
0	0
0	39
143	356
0	356
0	63
33	21
0	21
0	7
0	2
0	0
1	0
0	0
0	3
1	8
13	24
729	0
129	0
5	3
1	3
70	3
0	3
1	0
0	0
2	0
0	0
0	0
0	0
1	0
0	4
0	0
0	0
7	0
0	0
0	0
0	0
13	3
0	0
0	1
0	1
0	0
0	0
0	1
0	1
4	3
0	146
0	22
0	146
0	0
0	0
4	0
13	194
0	93
11	97
46	97
3	3
0	6
6	6
0	6
4	0
0	32
2	32
0	31
0	26
2	1
0	0
0	26
0	1
0	26
0	26
0	26
0	0
0	31
1	2
0	0
0	0
0	0
13	33
0	60
0	2
18	51
0	1
2	3
0	1
2	0
108	170
0	170
100	93
0	0
0	3
1	1
0	0
0	1
0	0
0	0
0	1
0	1
0	0
0	72
0	80
0	84
8	91
0	54
0	10
0	3
6	0
10	18
0	18
0	5
0	5
25	0
0	5
2	0
2	6
0	0
0	0
0	0
0	0
15	0
7	0
0	0
0	39
0	0
0	0
0	0
0	0
0	0
0	2
9	2
1	0
0	5
2	0
0	5
3	0
0	0
1	1
0	0
0	0
0	3
10	3
0	0
0	1
0	1
0	1
0	28
0	18
0	100
3	85
2	72
0	0
0	0
0	98
1	71
0	6
0	1
0	1
0	1
1	0
1	0
40	47
0	6
2	1
1	0
0	41
0	42
0	0
6	24
6	22
0	19
0	0
0	2
9	12
0	12
0	0
0	16
0	16
0	16
26	3
0	3
0	37
0	1
49	63
0	0
0	0
0	7
0	0
0	0
0	3
0	3
5	3
0	0
0	0
0	0
0	0
0	0
0	0
0	0
0	0
35	7
3	11
0	4
0	4
1	4
0	0
112	132
0	1
0	14
0	57
0	65
0	130
0	1
0	1
5	1
0	1
1	0
30	10
0	64
92	7
0	99
2	123
0	44
0	25
0	10
0	10
0	10
0	10
0	10
0	0
0	0
0	0
0	0
0	0
0	0
0	5
5	0
7	27
1	4
0	3
0	3
5	3
0	117
0	120
0	0
5	3
0	3
15	76
0	17
0	0
3	54
0	54
0	54
0	0
1	54
0	2
2	0
0	2
0	0
0	0
2	2
0	0
0	2
2	34
0	34
0	1
4	0
8	0
0	0
0	0
0	0
0	0
0	0
0	14
0	14
56	0
0	0
0	0
0	0
0	1
0	1
2	0
0	0
11	7
0	7
0	3
1	0
0	36
0	38
0	79
0	21
0	379
4	70
0	370
0	7
0	0
0	5
0	384
0	7
0	1
0	0
0	0
0	6
0	0
0	1
470	388
3	4
0	3
0	0
12	0
1	2
0	2
3	2
21	16
0	28
0	43
0	0
1	200
11	200
0	38
0	10
20	1
70	20
0	20
1	0
0	0
0	0
0	0
2	0
19	41
16	41
0	52
0	52
0	18
15	14
2	3
0	4
11	20
0	4
0	0
0	0
0	0
0	0
10	1
35	37
0	11
2	35
1	0
1	0
0	0
0	0
0	0
0	0
0	0
0	0
0	0
6	28
0	0
0	0
1	0
40	14
0	14
2	26
0	0
61	1
10	8
0	0
0	0
13	1
0	0
0	6
0	2
0	1
9	1
10	0
6	1
1	1
3	4
0	4
0	0
1	2
0	1
6	0
0	4
0	8
77	4
0	4
3	17
21	17
0	6
0	6
0	4
0	0
8	55
0	55
0	51
1	1
0	1
0	0
0	1
0	1
0	0
0	0
0	0
7	8
0	5
7	1
0	0
0	1
3	1
0	0
0	0
1	5
32	28
0	0
0	23
21	3
10	0
0	9
0	17
0	17
5	28
1	23
0	17
3	0
15	17
0	0
0	0
0	0
0	11
0	0
0	17
11	0
0	2
0	2
0	2
94	0
6	32
0	12
0	32
2	53
0	23
0	3
0	2
0	0
0	1
19	12
5	29
0	4
0	4
0	4
0	28
0	28
0	1
0	11
0	0
2	9
0	0
3	0
8	0
60	47
15	29
0	30
0	27
0	38
0	22
0	8
5	5
0	3
1	0
0	8
8	99
0	99
0	64
1	3
88	27
2	3
16	0
0	27
19	0
17	130
0	130
1	98
1	95
19	32
0	11
0	32
15	3
0	0
0	1
4	1
0	0
0	1
0	3
0	4
0	3
0	3
3	1
1	1
0	1
0	0
0	0
0	4
0	2
0	2
0	18
0	18
14	6
0	0
0	0
6	15
0	15
0	12
0	0
0	4
0	0
2	2
0	3
45	0
2	3
0	2
0	1
0	5
0	11
0	10
0	10
0	11
0	11
0	11
0	0
0	11
0	0
0	11
0	10
0	11
0	0
0	10
0	0
0	0
0	0
0	10
40	1
0	11
0	11
0	0
0	2
0	11
9	15
0	15
0	0
18	0
0	0
0	0
0	0
0	0
0	3
0	0
1	0
0	0
0	0
0	19
209	19
63	30
0	27
1	3
1	0
0	0
9	0
0	4
5	25
0	11
0	4
4	22
0	81
1	4
0	4
0	88
1	4
2	27
0	2
34	26
0	0
0	12
0	12
0	11
0	1
0	0
0	0
0	0
5	24
0	24
5	17
0	0
0	9
0	5
0	18
0	18
0	4
0	0
11	14
0	0
0	0
0	14
0	0
0	1
5	53
0	0
0	0
0	5
0	0
3	0
0	0
0	0
0	22
0	22
0	6
0	0
0	0
0	0
0	22
94	2
0	2
0	1
0	1
0	1
0	1
0	1
0	0
0	0
0	44
0	28
0	19
1	0
0	0
2	0
126	126
0	31
0	5
0	0
0	0
0	117
3	6
0	6
0	0
0	13
0	0
65	0
0	42
0	42
0	19
0	0
0	0
0	42
0	5
4	5
0	0
2	0
0	0
3	1
0	0
0	0
0	0
38	0
0	0
5	0
0	0
4	5
0	5
0	0
0	0
0	0
0	0
0	0
0	0
0	0
1	0
0	5
0	5
1	5
0	0
7	88
0	66
58	72
89	11
0	0
0	3
0	5
1	0
0	0
0	2
0	0
0	0
0	3
0	3
0	0
0	0
0	0
0	0
3	63
0	61
1	57
0	63
0	39
0	5
0	6
0	6
0	6
0	0
7	1
0	1
0	0
0	0
0	1
54	162
0	105
0	9
0	153
0	5
0	26
1	4
0	0
0	0
1	0
0	35
11	35
49	2
0	2
0	17
0	0
0	0
0	0
0	0
0	0
0	2
20	17
0	17
0	4
0	0
0	2
0	2
0	5
43	11
0	6
0	6
0	6
0	0
0	7
0	7
0	7
0	4
0	5
0	4
0	1
0	0
0	0
0	0
0	0
0	0
0	0
0	0
50	0
5	11
8	1
0	1
1	0
0	134
0	6
33	134
38	62
0	25
0	25
0	25
0	25
0	19
4	27
2	113
0	95
0	22
0	16
1	18
0	27
12	0
7	0
2	0
1	0
4	0
29	0
0	0
5	0
0	0
1	1
0	0
7	1
0	0
0	0
0	1
0	1
0	1
2	0
0	37
0	2
24	36
0	12
0	2
0	1
0	1
0	1
0	1
0	2
0	1
0	1
0	1
2	1
13	46
0	2
0	47
0	3
0	5
0	2
0	2
25	0
1	2
0	0
0	0
0	2
0	0
0	2
0	2
0	2
0	3
0	3
0	0
0	0
0	4
1	2
0	4
0	4
0	0
1	0
0	2
2	0
0	0
0	2
1	0
0	12
0	0
1	10
0	0
13	0
0	0
0	0
0	0
0	0
6	0
0	121
0	121
0	6
0	1
0	1
1	0
0	0
0	0
0	5
12	0
1	0
2	0
37	55
1	6
0	8
0	0
4	50
0	0
0	0
0	4
6	4
0	1
0	1
0	0
0	0
0	0
0	0
1	0
11	17
0	17
13	18
11	1
17	17
0	0
0	1
0	1
0	1
0	1
3	0
0	0
0	11
4	11
14	10
10	0
0	0
0	0
0	10
0	9
0	9
0	7
0	7
0	7
0	5
0	0
0	10
0	10
0	10
5	0
4	0
0	2
0	2
0	1
0	1
10	0
97	0
0	0
0	0
1	9
0	27
0	27
0	22
0	4
1	0
0	4
0	0
0	0
0	5
0	5
16	1
0	1
0	1
1	1
0	1
0	1
0	1
0	1
0	1
2	17
1	0
5	7
2	7
7	0
0	0
0	7
0	32
3	32
0	3
42	0
0	0
1	0
0	0
1	10
0	0
0	0
2	19
7	90
0	0
17	64
1	66
0	3
0	2
0	7
0	7
0	7
1	1
0	1
0	7
17	4
20	5
0	5
0	0
0	0
90	0
12	46
2	49
0	16
0	13
1	0
0	0
3	2
0	2
0	0
0	2
1	0
37	0
0	0
26	36
0	2
0	0
0	30
0	34
0	30
3	10
27	59
0	57
0	5
8	35
4	18
1	18
0	18
0	0
7	1
0	1
249	0
16	20
0	10
43	1
32	14
0	0
0	1
74	23
0	23
0	12
0	12
0	6
0	6
0	0
1	1
0	1
0	1
1	0
0	0
4	0
0	3
13	15
33	107
0	14
12	4
1	0
31	0
0	0
0	0
0	7
0	7
0	1
0	1
0	96
0	1
3	1
105	0
8	0
2	19
49	3
0	3
0	1
1	1
0	1
0	1
0	0
0	0
0	0
80	62
0	22
0	0
2	0
0	0
0	0
0	0
0	62
0	0
0	0
7	0
0	0
0	0
0	0
0	0
0	0
0	5
0	75
21	96
6	21
0	0
0	0
0	0
0	1
0	0
0	1
0	0
5	75
4	5
0	2
8	0
1	0
0	1
0	0
0	0
2	5
27	0
12	2
0	2
0	2
9	3
0	3
0	6
0	6
0	5
0	1
1	0
0	0
24	34
0	33
1	3
0	0
0	1
0	5
0	4
0	5
0	25
0	33
315	33
2	1
0	110
12	107
0	27
13	19
0	3
0	10
0	41
0	8
0	0
0	0
0	33
1	0
0	0
0	0
0	0
7	7
0	2
0	8
0	2
0	2
0	8
0	0
1	7
2	2
0	4
0	3
13	1
0	1
19	1
0	1
47	24
0	7
0	14
0	1
0	0
0	2
0	0
0	0
1	1
0	1
0	1
0	2
0	1
0	1
0	0
70	3
1	1
3	1
0	1
1	0
0	0
0	0
0	0
0	1
7	25
6	15
0	0
0	25
0	0
0	24
0	4
13	4
0	42
0	20
4	118
1	100
0	118
5	44
0	1
0	1
0	7
0	0
0	0
0	0
7	9
0	8
0	36
24	3
0	1
56	1
0	1
0	26
0	0
0	25
5	15
0	15
0	2
0	5
0	0
0	0
0	3
0	3
0	3
0	9
0	9
1	0
0	0
0	0
0	0
0	0
56	76
16	8
27	76
0	432
0	319
26	421
9	0
6	309
0	1
0	8
0	1
0	8
17	6
0	2
0	6
0	2
3	2
0	3
0	1
0	1
0	0
0	1
4	1
4	0
0	3
5	6
0	6
0	0
1	4
0	0
0	2
0	0
67	41
0	11
0	0
6	10
0	0
19	3
6	6
0	6
0	1
1	1
43	21
13	21
5	8
2	3
1	0
0	0
7	4
0	1
0	1
0	0
66	81
0	0
0	3
0	4
0	4
62	3
0	3
0	2
0	0
0	0
0	0
0	0
0	0
0	1
0	1
3	1
0	3
0	0
0	0
0	0
0	1
0	1
2	1
0	1
1392	0
68	31
0	0
0	0
0	0
0	31
13	17
0	0
0	0
0	6
0	16
1	0
0	7
0	4
0	16
0	3
0	15
0	0
0	1
0	2
0	0
4	0
1	4
52	9
0	0
1	9
0	0
1	0
0	0
1	0
5	0
1	0
0	1
0	0
0	1
80	0
0	0
0	32
0	0
0	0
0	0
0	0
0	32
31	0
2	0
0	0
0	2
0	2
0	4
0	4
0	0
0	2
2	1
0	1
5	3
0	2
42	13
0	17
0	24
27	17
0	0
0	8
0	12
0	13
0	12
22	13
0	8
0	8
1	13
0	8
0	8
0	8
0	13
13	5
1	0
0	0
0	0
0	0
1	0
0	1
3	1
35	1
1	0
0	0
0	1
0	0
0	0
3	0
28	16
0	16
0	6
0	6
0	0
43	0
0	12
0	9
0	9
0	0
74	26
0	1
0	0
0	0
0	0
61	25
0	0
0	3
0	1
0	1
0	1
0	1
1	12
1	4
0	1
0	5
15	5
0	10
0	0
0	10
5	3
33	4
10	1
19	46
0	46
0	4
13	42
0	9
14	10
0	0
1	0
4	2
0	2
0	2
0	1
0	0
35	11
0	11
0	0
1	0
0	1
0	1
0	33
2	33
31	1
0	4
3	1
0	0
0	1
0	1
2	0
0	0
0	0
10	0
28	0
14	0
0	0
0	0
0	0
0	0
92	0
6	57
0	57
0	15
0	0
0	57
164	47
202	41
22	47
8	25
0	0
0	0
0	4
0	4
37	5
7	5
0	2
11	114
0	11
0	0
0	0
8	0
6	0
0	85
7	103
35	103
16	12
1	0
0	0
0	0
0	0
28	12
0	11
1	1
0	0
0	1
17	27
0	24
0	8
0	11
0	1
0	24
93	59
0	59
4	0
0	0
6	0
11	0
0	0
6	3
0	6
0	0
2	6
0	6
0	0
0	3
0	3
0	0
2	0
0	3
0	3
0	6
0	3
0	2
0	6
0	5
0	3
0	0
0	0
0	0
0	0
1	1
0	0
0	0
0	6
0	0
0	5
7	6
0	0
0	0
1	0
0	0
0	0
0	0
0	0
0	4
0	4
64	66
1	0
1	0
35	0
0	0
0	0
0	0
0	0
0	0
0	0
0	0
0	0
13	0
0	5
0	20
12	0
0	15
0	0
2	0
0	0
7	0
0	0
1	64
2	64
0	0
56	11
0	11
0	0
5	0
5	17
0	5
1	4
0	5
0	13
0	5
0	6
0	12
0	12
0	5
0	5
0	12
0	4
1	4
0	5
0	8
0	1
0	1
0	13
0	2
0	1
0	0
0	2
0	1
0	0
0	13
6	13
0	11
0	0
0	0
13	6
0	4
0	4
0	4
1	1
3	0
0	0
0	0
0	11
0	0
1	0
0	10
0	11
8	136
0	101
33	17
0	40
6	0
0	0
12	0
0	0
2	0
4	31
30	38
0	25
0	20
0	1
0	1
0	0
0	0
0	0
3	0
0	0
0	0
0	0
0	0
0	0
1	0
0	0
1	0
0	26
8	28
0	0
0	2
0	6
0	0
2	0
0	1
0	0
0	6
41	0
0	102
0	105
0	92
27	82
0	0
0	0
0	70
0	0
8	0
0	0
0	1
0	1
0	1
4	36
0	36
0	0
0	6
0	7
0	7
0	0
8	0
26	24
5	0
0	24
0	0
0	8
1	3
0	0
0	0
0	0
0	3
0	0
0	3
1	0
0	8
0	11
1	0
1	3
0	0
11	3
22	2
0	500
0	501
2	0
0	1
22	7
0	7
0	15
3	15
0	15
0	333
0	13
140	392
0	347
8	80
0	0
17	321
0	333
32	0
0	0
0	0
13	0
0	6
0	6
0	6
0	1
0	1
0	0
28	10
0	7
0	1
0	4
0	1
232	126
12	63
0	126
121	11
83	11
0	3
0	0
0	3
0	3
3	3
0	2
0	2
89	0
8	18
0	15
3	3
1	6
1	0
0	3
0	1
0	3
3	0
0	3
0	3
0	0
18	0
0	0
0	7
0	23
0	41
26	60
0	41
0	28
0	8
0	28
0	20
0	0
1	49
6	7
3	6
0	1
132	1
0	0
1	0
0	0
0	0
0	1
11	0
0	0
9	14
0	0
0	1
10	11
0	14
0	3
0	10
2	24
8	24
5	0
0	80
0	70
0	80
4	8
0	1
0	62
0	62
0	0
0	0
1	0
0	0
0	1
0	1
0	1
0	1
0	8
0	8
0	8
0	8
39	8
0	0
0	0
0	0
0	0
7	53
0	1
1	0
0	1
0	0
3	2
0	2
0	1
35	1
0	7
0	7
0	0
0	0
0	4
0	14
0	14
0	1
0	0
0	1
2	1
0	1
15	19
0	3
0	19
47	0
1	23
0	1
0	24
0	32
13	0
0	23
0	0
0	0
0	31
82	2
0	36
4	0
186	51
0	50
0	0
0	0
0	0
0	0
0	2
0	2
5	9
0	1
0	0
0	0
0	0
0	0
0	8
0	8
0	0
0	57
0	5
0	1
0	1
0	4
0	0
0	0
0	0
0	13
0	1
0	57
0	47
0	0
2	1
0	1
0	0
0	0
0	0
0	0
0	24
0	15
0	15
1	15
0	14
0	11
0	0
0	0
21	9
0	1
0	2
0	1
0	1
19	27
0	1
0	1
0	0
0	1
0	0
0	0
1	1
0	0
3	0
0	0
0	0
2	0
0	0
0	0
0	0
0	0
0	0
0	0
4	0
0	0
0	1
0	1
0	1
0	4
0	4
1	0
0	0
0	0
0	0
5	0
1	0
10	0
2	0
0	0
0	1
0	0
0	1
0	0
27	0
1	0
1	0
0	12
0	12
8	12
0	1
0	0
0	0
226	0
0	0
0	0
19	4
0	4
0	3
0	2
0	2
0	1
0	0
0	0
0	1
0	20
3	20
5	34
0	34
0	34
0	0
0	0
0	1
0	1
6	0
0	6
0	6
0	6
0	0
1	0
0	0
0	4
0	4
0	4
30	9
4	9
1	142
0	83
0	141
1	143
3	142
0	0
0	5
0	5
2	0
25	140
0	19
0	13
0	13
0	13
4	0
0	0
0	0
2	6
0	0
0	0
0	0
0	0
0	0
0	2
0	2
0	2
0	2
0	2
0	2
0	2
0	2
25	2
0	2
0	0
57	14
2	14
0	1
0	4
1	0
4	0
0	0
39	91
13	100
0	16
0	15
0	11
0	4
0	0
0	0
0	0
1	0
0	0
0	1
15	1
0	0
3	0
2	21
0	21
0	21
3	0
0	0
0	0
0	0
0	0
0	0
4	0
15	21
3	1
0	1
0	1
0	0
0	0
0	0
0	0
0	0
0	1
0	0
0	0
2	7
0	0
0	0
1	0
0	0
0	2
0	2
0	2
7	57
0	19
0	39
37	19
0	39
0	10
0	22
0	0
0	20
12	12
0	0
0	0
0	0
0	0
0	0
0	17
0	12
1	0
0	20
3	30
2	0
0	15
11	41
0	11
0	11
0	0
0	0
0	0
0	1
0	0
41	21
9	34
0	34
0	78
0	78
0	6
0	18
0	4
1	14
18	0
0	14
20	13
0	0
166	7
0	0
0	1
0	0
0	0
0	0
0	0
0	8
0	1
0	9
1	0
0	9
12	1
0	1
0	16
0	0
8	0
0	40
30	0
0	101
0	0
0	53
0	114
0	114
0	114
0	0
0	0
0	0
0	8
29	22
0	22
0	12
0	8
0	0
16	0
0	22
4	1
6	6
0	0
0	6
0	0
5	2
0	2
29	2
0	1
0	1
0	1
0	2
0	2
30	0
0	83
92	83
0	8
0	8
0	8
0	8
0	8
0	8
0	8
0	0
1	0
0	0
18	0
0	0
1	0
5	10
0	10
1	0
0	9
0	1
43	32
4	32
0	0
0	0
0	0
86	12
1	0
3	12
5	0
8	4
0	4
0	0
14	4
55	6
0	0
1	0
4	0
0	0
1	0
12	6
0	0
0	0
0	0
0	25
0	24
0	21
0	21
1	14
0	1
0	0
0	0
0	1
0	0
2	1
0	0
1	0
0	8
22	8
0	0
0	8
0	7
0	7
0	15
0	15
0	2
0	2
0	5
1	0
10	12
3	0
0	1
0	0
0	0
0	0
0	0
0	0
0	0
0	0
0	0
0	0
43	33
0	33
1	39
0	39
18	12
0	22
3	3
45	22
0	0
1	5
0	0
0	0
0	24
0	24
0	24
5	0
52	41
0	0
9	41
26	12
0	12
0	6
0	0
0	1
10	10
0	10
0	7
2	7
0	0
0	50
0	47
3	43
0	3
0	3
1	0
0	3
0	0
0	12
0	0
14	10
0	12
0	1
0	0
1	0
0	0
1	11
0	3
0	3
2	13
0	0
0	8
0	8
0	0
0	4
21	0
3	0
0	0
0	0
1	0
0	0
0	0
0	0
24	0
2	0
0	0
0	0
0	7
0	5
0	5
0	5
17	10
0	5
0	0
12	6
30	0
1	5
0	0
0	10
26	2
0	2
33	0
17	0
0	0
12	1
1	0
0	0
0	1
0	1
4	5
0	0
0	0
0	0
0	0
0	6
0	5
0	0
0	0
0	0
0	2
0	36
0	36
0	1
0	2
0	2
0	0
2	0
1	0
0	0
0	1
0	1
0	1
2	9
79	15
0	0
0	13
0	0
1	0
0	0
0	0
0	0
0	0
0	0
0	2
0	3
0	1
8	10
0	0
1	0
0	0
0	0
0	0
1	0
0	0
0	0
0	0
0	8
123	173
1	173
0	20
0	6
0	1
0	12
27	378
0	367
2	365
4	0
7	0
0	0
4	0
1	0
5	13
100	24
0	23
0	0
0	13
0	0
53	0
1	13
0	0
118	2
1	2
0	0
1	0
0	0
5	0
25	0
0	0
8	0
2	0
0	0
0	1
1	1
0	1
0	1
0	1
0	1
11	8
0	0
6	0
8	33
0	1
0	8
0	0
3	0
0	0
0	8
77	0
4	0
0	0
0	0
0	0
0	0
0	56
1	0
0	0
4	1
0	56
52	18
21	0
0	0
0	0
50	0
3	18
0	10
0	0
0	18
1	8
0	0
0	0
0	0
0	0
0	63
0	64
0	1
0	1
0	1
0	10
0	10
0	3
0	0
0	1
0	0
192	1
0	0
4	0
0	2
52	2
0	1
0	0
20	0
0	0
0	0
0	0
5	1
20	1
0	1
0	1
68	11
0	11
0	5
0	0
5	10
0	3
3	100
0	91
0	91
0	3
0	6
0	6
31	3
0	3
0	0
0	3
0	3
3	0
0	37
0	6
1	0
0	0
1	0
0	0
0	30
0	29
0	0
16	28
0	30
0	0
6	0
0	0
0	37
21	7
0	14
0	13
1	3
0	3
1	0
7	13
0	0
0	0
0	13
0	0
1	0
1	68
1	0
9	68
31	11
9	11
107	11
17	0
16	20
0	0
0	0
0	0
0	0
0	0
10	12
0	0
0	13
0	13
0	10
27	3
5	3
0	0
0	0
0	0
0	0
3	1
0	0
0	1
18	0
0	0
12	6
2	0
0	0
23	1
3	6
6	0
0	12
0	3
0	3
0	4
0	0
1	0
0	1
0	9
0	21
0	22
1	20
6	21
0	20
0	5
0	1
0	22
0	7
0	0
1	45
0	37
1	45
0	31
0	11
0	20
0	5
0	15
1	16
0	0
19	15
118	3
63	3
0	3
0	0
0	4
6	3
7	4
72	3
0	0
0	4
484	117
58	117
1	90
0	78
1	0
19	0
0	0
0	0
0	0
0	11
0	10
0	22
0	11
0	1
2	1
0	1
0	2
4	2
12	16
0	15
0	0
0	0
0	0
0	6
0	0
0	16
0	0
2	4
7	356
0	38
0	4
0	18
0	0
0	356
14	355
0	16
2	6
11	6
0	0
0	0
6	32
0	32
0	23
0	15
0	19
0	18
0	7
5	0
4	4
93	2
0	0
0	0
0	0
0	2
0	0
0	0
0	0
0	0
0	6
0	1
0	1
0	0
0	0
9	5
1	3
0	15
31	15
0	0
0	0
309	66
0	66
8	55
0	1
0	0
0	5
0	5
0	5
0	1
0	1
0	1
0	1
0	0
0	0
0	2
0	1
0	3
12	14
0	14
0	5
0	1
0	1
0	3
0	3
0	6
0	3
0	2
0	5
9	1
0	3
13	41
4	39
16	24
0	2
0	2
0	0
0	2
2	0
64	23
0	23
1	163
0	1
0	1
0	1
0	1
0	1
0	1
0	1
0	0
0	1
0	1
0	7
0	140
0	146
0	146
0	144
15	0
0	7
0	0
53	1
2	0
64	373
0	1
0	1
0	1
0	1
7	0
0	1
344	0
5	0
16	2
0	25
33	2
4	13
0	36
13	31
80	25
25	2
21	2
0	0
6	0
0	8
53	20
0	0
0	1
1	0
5	15
0	15
0	17
0	0
2	2
0	0
0	0
0	0
0	0
9	37
18	0
37	37
0	32
2	0
17	32
31	1
0	0
0	0
0	1
0	14
0	0
0	0
0	0
0	33
0	30
0	3
0	0
0	7
0	7
0	15
0	15
1	2
0	0
0	0
0	0
0	0
0	0
0	0
0	0
0	1
7	1
0	4
0	4
23	7
0	5
0	7
0	6
0	6
1	6
0	0
12	2
0	1
18	0
0	0
1	2
0	1
58	0
0	4
0	4
0	0
4	0
7	0
0	0
1	99
0	97
0	65
0	84
8	64
0	19
1	15
0	0
0	0
2	15
69	1
8	2
0	2
1	1
0	5
0	0
0	5
0	0
0	1
0	0
0	1
30	1
1	0
0	0
0	22
0	18
10	21
1	1
1	0
0	0
0	0
211	196
0	50
0	43
0	27
0	30
16	3
0	1
6	4
0	4
1	4
12	4
17	2
0	2
0	2
7	7
20	0
2	7
10	0
3	2
0	10
2	12
0	3
0	0
0	0
1	0
0	11
0	11
0	1
0	1
0	3
0	1
0	2
0	2
0	0
0	2
6	0
0	3
1	1
0	4
0	4
1	4
0	0
0	0
0	25
2	40
1	6
0	0
0	31
0	24
0	0
1	0
0	0
0	0
31	0
7	0
4	0
19	0
0	14
0	1
0	14
0	0
0	0
0	13
1	0
0	0
0	13
9	23
0	7
0	7
0	7
0	7
0	0
0	0
0	0
4	1
9	1
64	37
270	64
0	44
1	56
33	7
0	1
0	7
0	63
5	31
0	15
0	10
0	14
34	44
0	8
0	8
0	0
0	0
0	0
1	0
116	180
20	183
0	1
0	0
4	9
0	0
3	0
0	0
0	0
0	1
0	0
0	8
1	1
0	0
0	0
0	1
0	18
0	18
5	15
0	1
66	17
0	9
0	13
1	9
3	24
2	1
4	2
0	2
0	3
0	0
0	0
0	0
0	1
0	0
0	1
0	1
3	0
0	2
1	0
0	1
0	0
2	0
0	0
0	1
0	0
0	1
2	0
0	0
1	0
0	0
0	0
0	0
16	7
0	0
0	0
0	7
0	0
0	0
8	6
0	0
0	0
0	0
12	23
0	0
0	23
0	0
0	0
0	0
2	0
0	0
0	0
0	0
0	0
0	0
0	0
7	2
0	0
7	6
0	0
0	0
0	0
18	6
54	1
0	2
1	2
0	4
1	0
0	0
0	4
0	2
0	0
0	0
0	188
0	117
0	110
0	110
0	167
0	1
13	0
0	26
1	0
95	165
0	29
0	37
2	0
32	0
0	0
31	1
0	0
0	95
1	5
0	23
0	0
0	0
0	0
0	0
0	0
0	5
0	14
0	7
0	7
0	0
8	0
2	0
0	0
0	0
0	0
0	0
0	0
1	0
0	0
0	0
0	0
0	0
0	0
0	0
3	59
0	48
0	59
1	0
0	0
10	8
0	1
6	0
0	1
0	1
0	9
0	9
5	4
13	4
1	2
0	0
0	0
0	0
2	48
6	48
3	29
29	45
0	45
0	31
0	31
0	8
0	6
0	0
0	9
0	20
0	17
0	2
2	18
0	0
0	15
0	5
82	0
2	0
9	0
169	37
0	24
0	19
40	0
0	18
1	18
0	2
0	8
14	8
0	0
0	0
0	0
69	0
242	1607
0	1957
0	216
0	1
0	1
0	0
0	0
0	0
0	0
0	0
0	0
36	0
1	1
0	1
0	0
0	1
0	0
21	21
67	20
0	1
0	1
1	0
3	241
0	13
8	13
10	2
153	3016
32	126
0	124
0	0
0	8
1	9
0	1
0	0
0	7
3	7
0	6
2	6
1	3
17	22
0	0
1	0
1	0
7	1
18	188
6	3
0	3
0	0
1	0
1	0
0	2
2	2
0	2
0	0
0	0
0	0
0	0
0	0
1	0
0	0
28	1
0	1
0	1
0	1
0	0
1	0
31	0
0	0
1	0
0	0
0	0
0	0
5	0
0	0
0	0
0	0
0	0
18	92
0	142
0	142
59	142
1	85
0	76
0	18
0	22
9	22
0	0
0	0
0	18
0	0
0	0
0	2
1	0
0	0
0	0
0	0
0	0
0	0
0	12
0	18
0	22
0	0
68	3
0	3
0	1
9	95
13	15
85	3
0	3
0	2
0	2
0	2
0	0
0	15
0	1
359	14
0	4
110	4
0	2
0	9
0	9
2	1
1	0
0	0
0	0
0	0
1	51
14	2
0	0
0	0
16	49
0	0
3	13
0	4
0	0
0	0
0	9
0	7
0	0
257	6
13	5
0	1
0	1
2	0
2	1
0	1
0	3
0	3
9	0
0	0
3	3
0	3
14	9
15	3
0	3
0	0
0	0
0	0
0	0
0	0
10	3
0	0
66	7
1	4
529	3439
28	33
0	24
9	1
0	0
15	0
0	0
0	0
0	0
0	0
0	0
0	0
0	0
0	1
0	1
0	1
0	1
0	0
0	0
0	1
21	2
0	1
34	0
17	0
0	0
6	1
4	1
0	116
5	121
0	15
0	18
2	14
17	14
0	0
0	7
0	14
0	30
115	5
0	5
3	0
0	18
0	18
2	4
0	0
0	2
0	9
0	1
407	100
22	100
32	2
1	2
4	0
21	7
12	0
7	134
0	119
0	26
1	16
6	21
0	25
0	0
5	43
0	37
0	32
14	30
4	54
0	43
187	43
0	38
0	16
0	59
0	0
0	0
0	0
0	0
5	3
1	3
18	11
0	9
0	11
0	9
0	11
0	0
0	0
0	9
0	9
0	33
0	33
0	0
17	9
0	10
0	3
0	0
3	6
0	0
0	2
0	2
0	2
0	2
0	5
32	5
15	5
0	5
1	4
7	1
0	1
0	0
0	0
261	4
0	4
0	0
0	0
0	7
0	7
6	4
0	3
0	3
0	3
0	0
0	0
1	7
0	0
0	0
0	0
0	0
0	0
0	0
0	7
0	0
0	0
0	0
0	0
0	0
0	0
1	14
0	14
7	0
0	0
0	33
0	34
2	34
0	34
0	5
0	199
357	219
0	41
0	41
0	0
5	1
0	0
280	17
0	0
0	17
3	6
0	0
0	3
2	0
0	0
0	0
0	0
0	0
0	0
0	1
0	10
0	10
9	9
0	9
0	9
0	0
0	0
15	9
0	9
6	0
0	0
4	0
0	3
0	5
18	5
0	3
0	5
0	2
0	0
8	0
0	0
0	0
1	0
0	0
0	3
7	2
0	28
0	28
0	28
0	28
0	21
0	28
0	21
0	21
0	24
0	28
0	28
0	28
0	28
0	28
0	28
0	21
0	28
0	24
0	29
249	120
0	0
0	0
17	0
0	0
0	43
0	43
0	43
0	0
0	14
0	14
0	14
47	0
0	0
0	0
8	26
0	0
0	0
0	0
0	0
0	0
12	0
1	0
9	26
0	0
0	0
0	4
0	4
30	6
0	0
0	1
0	0
0	1
0	0
0	0
2	0
9	198
0	198
0	12
2	2
0	0
1	0
0	26
0	7
84	22
0	17
0	0
0	1
0	1
4	1
49	15
0	0
0	15
0	0
0	15
0	0
0	24
0	9
0	14
0	8
0	24
0	5
0	24
0	0
0	24
16	21
0	21
0	0
0	2
78	0
93	4
0	64
0	0
0	15
257	1
4	0
5	0
4	0
8	5
9	5
2	5
0	0
0	2
0	2
3	0
0	0
0	0
0	27
0	22
0	19
0	0
0	46
0	51
0	51
1	51
108	51
0	8
0	0
0	0
0	0
0	0
0	0
0	0
179	41
0	41
0	9
0	6
0	6
0	11
0	11
302	0
0	12
1	5
0	17
0	0
0	0
0	0
0	0
0	7
3	13
0	19
0	0
0	1
24	72
0	67
0	58
2	12
2	12
0	10
3	10
0	10
0	0
115	25
0	25
8	0
5	20
0	20
0	20
0	20
0	20
15	4
0	20
2	0
0	1
5	1
3	2
0	2
0	14
0	2
0	0
0	0
4	17
0	17
0	10
3	1
1	1
0	1
0	1
0	0
1	54
0	30
7	54
0	29
1	25
29	0
5	26
8	37
0	31
0	25
0	28
0	21
0	27
0	21
0	21
0	21
0	6
1	21
0	4
0	21
0	0
0	32
0	4
0	32
0	32
0	33
0	33
0	2
7	4
0	0
0	0
1	45
46	19
0	19
0	1
4	3
11	45
46	35
56	0
0	0
115	7
5	7
0	0
0	0
0	0
0	0
1	0
0	0
0	0
0	43
0	5
0	5
1	5
0	0
0	0
1	0
53	0
0	0
0	21
0	21
0	2
0	1
0	2
0	0
5	0
194	69
0	16
0	1
0	0
0	1
23	9
0	15
1	9
4	9
0	6
0	0
8	0
0	94
17	104
7	97
17	104
0	104
233	0
15	0
0	1
0	1
0	0
13	13
0	0
0	13
0	0
0	0
0	0
10	15
0	15
0	0
0	0
0	0
0	0
0	0
96	0
19	2
4	1
0	2
8	1
8	1
8	0
0	0
16	0
2	4
0	0
0	0
0	0
0	0
0	4
8	0
0	1
5	0
1	0
21	25
0	19
0	0
18	10
20	25
0	6
0	6
17	98
0	3
0	0
0	0
0	0
0	0
0	0
0	0
0	3
0	1
0	2
0	2
0	2
0	3
0	2
0	3
0	2
0	0
0	0
0	2
0	2
0	2
0	2
0	6
0	2
6	0
0	1
0	95
0	95
0	95
12	0
0	0
0	0
0	0
0	0
21	0
0	0
0	0
0	0
0	2
0	2
0	0
0	0
4	1
0	1
2	123
1	0
0	116
0	0
0	0
0	0
0	123
115	0
0	0
78	544
0	544
0	39
44	17
9	7
0	17
0	6
1	6
11	0
0	2
14	2
0	3
0	3
0	2
0	2
0	1
0	0
0	0
0	1
0	1
13	0
5	306
0	317
0	247
8	223
0	242
25	209
38	210
0	210
12	201
0	127
0	147
0	113
0	49
1	31
92	17
0	17
4	1
0	1
0	0
0	0
0	11
0	0
0	0
0	0
52	0
0	0
54	0
17	8
0	8
0	0
3	1
2	6
0	1
0	5
0	0
36	86
1	2
0	182
0	0
0	78
0	0
3	0
0	0
0	0
3	0
0	83
0	85
0	0
0	49
1	84
2	84
0	181
34	252
0	180
2	6
0	4
0	1
0	0
0	0
0	0
0	0
0	0
0	0
0	0
0	0
177	99
0	42
0	99
0	0
1	0
1	0
0	0
32	50
101	50
0	4
0	4
12	15
0	4
0	4
0	15
0	4
0	0
7	4
0	4
0	0
21	98
1	95
2	0
20	1
0	2
175	0
3	0
0	0
0	0
10	21
23	20
0	20
0	19
8	14
0	10
7	14
0	14
5	0
0	1
80	0
0	3
3	1
2	1
77	0
0	0
0	1
5	0
6	1
0	0
0	1
0	1
6	7
0	5
0	0
0	16
50	17
0	0
0	1
1	0
9	19
0	12
0	2
0	15
3	5
0	0
4	17
25	13
7	17
0	8
1	6
10	5
1	5
0	0
20	27
0	27
14	20
1	0
4	126
3	7
142	126
4	0
0	3
0	0
3	0
0	2
0	10
0	0
0	0
0	2
0	0
0	0
0	0
0	0
1	0
0	0
0	0
0	0
0	1
13	8
0	10
0	1
0	1
0	1
10	4
0	0
49	50
0	31
0	0
1	0
6	29
0	0
3	0
0	0
5	0
0	11
0	105
31	137
0	7
17	18
0	137
1	0
0	6
0	3
23	0
0	75
0	10
43	0
148	40
0	26
64	37
0	7
17	23
0	16
0	0
0	23
0	16
0	0
1	0
0	0
0	0
0	0
1	0
0	7
22	7
36	32
9	23
3	13
7	11
0	2
6	0
0	0
39	110
17	110
0	110
0	81
0	81
0	81
80	81
0	23
0	17
0	0
4	26
0	0
0	20
737	22
0	22
0	4
156	0
0	5
0	0
61	5
0	0
0	0
0	5
0	0
0	0
0	0
0	0
0	0
0	1
0	0
0	1
0	0
0	2
0	1
0	0
0	2
3	19
0	0
0	0
0	8
5	19
0	0
3	0
18	2
147	42
94	41
0	2
0	1
1	0
1	0
0	2
0	44
0	1
0	23
0	2
0	43
0	10
27	10
0	3
0	0
0	1
0	1
0	1
0	0
0	0
40	0
0	1
0	43
0	0
0	43
0	42
37	0
3	0
2	22
0	22
0	22
1	0
0	0
0	0
0	0
0	0
0	0
0	0
1	0
0	0
0	0
0	0
0	1
25	11
45	56
0	55
7	13
0	5
0	44
19	59
0	14
0	40
0	30
0	50
33	0
0	13
0	14
2	0
6	0
6	3
0	3
0	0
0	3
0	3
0	3
0	1
7	10
0	10
38	26
0	0
0	0
0	26
5	45
0	15
0	0
0	55
0	22
0	24
0	3
0	24
0	3
0	22
1	22
0	10
1	10
0	6
0	2
0	1
4	8
10	11
0	1
0	0
0	10
1	16
4	13
0	13
0	13
0	3
4	0
0	0
1	0
0	0
0	0
0	8
38	36
0	0
31	28
10	17
0	11
0	11
0	0
1	0
1	0
0	2
0	0
0	0
0	0
0	0
22	35
0	6
1	17
0	6
39	243
114	23
13	23
0	243
2	0
0	0
0	0
0	0
0	0
0	23
0	0
9	5
0	0
213	1
0	0
0	1
0	0
0	0
0	0
2281	665
0	0
91	0
247	23
0	4
0	5
1	21
14	19
8	2
0	1
0	0
0	1
0	0
0	0
3	0
0	1
1	0
0	23
0	1
0	23
0	22
2	23
0	1
0	1
1	0
33	0
1	0
0	0
0	0
0	348
28	344
0	311
26	349
0	0
3	0
0	0
1	106
55	109
0	106
0	45
0	22
1	3
7	0
1	1
0	1
0	6
0	6
0	1
1	1
0	1
0	1
0	0
0	0
0	0
0	0
0	5
0	0
0	5
0	0
10	17
6	17
0	2
0	1
0	1
1	2
2	0
0	0
0	0
0	0
0	0
5	6
0	6
44	19
0	19
0	19
0	13
0	10
0	2
0	2
0	0
18	92
0	35
0	35
65	11
15	0
0	9
0	9
0	0
0	0
0	9
5	0
0	0
0	4
0	2
0	96
0	96
0	1
0	0
0	10
0	2
0	0
0	1
1	1
77	0
2	0
0	0
33	2
0	25
28	141
0	5
0	10
0	131
4	3
9	7
0	2
0	2
0	2
233	8
0	8
7	54
0	54
5	4
160	25
10	25
7	9
132	9
0	9
0	0
9	0
0	0
0	2
27	20
0	16
0	18
0	2
0	0
0	0
0	1
0	2
2	0
0	1
14	1
0	1
0	12
0	12
0	2
2	0
0	0
0	0
0	0
0	26
0	27
0	27
0	26
1	0
0	11
0	11
6	12
0	13
5	0
10	1
0	0
0	1
0	0
0	0
1	15
0	14
13	14
0	14
0	14
1	0
0	0
0	9
2	0
0	0
4	9
3	13
14	10
0	9
0	12
6	0
1	0
139	757
0	757
2	0
0	25
0	1
0	1
0	0
0	0
0	0
0	0
0	0
0	0
0	0
0	24
200	72
0	20
0	52
0	0
76	10
0	6
40	9
3	0
0	1
0	0
0	0
7	0
0	0
0	1
7	1
0	1
0	8
0	13
0	19
0	19
0	0
3	3
0	2
371	12
0	12
0	34
1	34
25	3
0	1
0	8
0	0
0	1
0	8
0	0
0	7
0	5
159	7
1	7
0	2
0	2
0	1
2	0
33	6
34	0
5	6
0	0
4	0
58	19
0	1
2	19
0	1
0	1
0	19
0	18
421	19
0	19
0	3
43	111
0	111
0	0
2	0
0	4
0	3
0	0
0	10
0	10
0	5
0	118
0	0
0	113
24	3
0	0
0	0
0	5
0	0
0	0
2	3
0	0
0	9
0	0
2	9
22	0
0	12
0	0
4	12
6	2
34	0
33	11
0	0
19	0
0	0
0	0
0	2
0	3
0	3
0	0
0	1
0	3
14	2
0	2
0	0
0	1
0	0
0	0
0	0
10	0
30	4
0	4
0	4
0	0
0	10
0	0
19	17
22	17
16	17
0	6
4	60
9	60
0	53
0	39
0	1
31	0
0	0
0	188
0	188
0	16
0	113
3	96
5	96
0	0
4	0
10	6
0	6
0	6
7	53
2	9
0	53
0	1
0	1
0	1
46	19
0	0
113	14
0	20
36	34
3	0
0	3
0	3
0	0
0	2
0	2
0	2
0	2
0	2
0	2
36	17
10	18
6	17
21	3
0	3
0	0
0	0
0	0
0	0
0	0
0	3
8	12
25	12
0	8
0	0
0	0
0	0
0	0
0	0
3	0
0	0
0	9
12	9
0	0
0	0
4	1
0	0
73	0
0	0
5	0
0	0
1	0
0	0
55	0
6	0
0	0
0	0
0	16
3	17
0	16
0	6
1	8
0	6
0	7
0	7
2	5
0	0
58	0
0	0
2	0
0	0
2	0
19	1
6	1
0	0
15	0
0	0
0	0
2	0
1	0
39	45
0	0
1	45
759	112
19	152
0	93
0	88
0	144
0	66
0	66
0	75
0	12
0	10
0	2
1	0
0	102
0	0
0	79
0	83
0	83
0	0
2	0
1	0
0	10
0	10
0	9
0	6
0	0
0	0
0	0
0	0
0	0
0	0
0	0
1179	11
0	11
1	0
10	12
0	12
24	0
0	0
0	0
0	0
0	0
0	1
0	1
0	1
1	3
1	6
0	6
0	0
0	0
0	1
2	1
0	1
110	320
1	260
3	301
0	256
9	5
0	59
3	320
8	9
30	9
0	9
1	0
0	0
0	0
0	0
27	4
0	0
24	4
1	6
0	4
0	4
0	1
2	0
10	0
16	0
0	0
0	0
0	0
42	160
0	0
15	25
12	22
120	22
16	39
0	39
0	18
0	6
0	0
0	0
2	0
18	20
0	20
0	0
0	89
0	10
0	10
0	89
1	89
1	0
0	7
0	89
1	7
0	7
1	15
0	18
28	7
0	7
0	3
0	0
25	48
0	48
0	12
0	42
14	7
0	23
0	27
179	11
0	0
0	0
0	0
0	1
1	67
0	66
18	1
18	20
6	173
0	20
0	0
137	112
91	58
2	24
0	24
97	8
1	2
0	0
0	2
9	1
0	0
0	0
0	0
0	0
0	0
9	2
0	0
0	2
0	0
0	0
22	0
2	0
11	1
0	0
0	0
0	0
0	3
19	3
1	0
0	0
0	0
0	0
0	0
0	5
0	0
0	0
0	0
0	0
0	0
0	0
0	0
0	19
0	4
201	0
105	6
0	6
0	21
0	0
0	0
0	0
0	0
0	0
0	0
0	0
0	0
0	0
0	0
0	21
4	1
87	4
0	3
1	4
0	3
2	0
0	0
0	0
0	15
102	114
13	99
1	90
0	0
0	0
12	0
0	20
11	21
0	18
0	0
1	1
0	6
0	1
0	6
8	39
11	1
0	33
50	40
0	24
0	32
0	1
0	32
1	0
0	0
0	0
0	0
74	7
5	0
0	0
72	3
0	0
1	0
0	0
0	0
0	0
0	0
0	0
0	0
140	0
0	23
22	77
0	5
2	5
0	5
0	0
0	2
0	2
0	2
0	3
0	3
0	3
0	3
0	1
0	69
0	11
0	2
0	5
0	5
0	5
0	5
0	1
0	1
2	0
0	2
0	0
5	2
0	1
0	1
0	1
0	7
0	7
0	5
0	7
0	7
0	0
0	0
6	10
0	10
0	0
0	0
0	0
0	8
1	2
0	0
0	89
8	0
43	95
127	61
9	21
0	0
8	7
1	2
0	2
0	27
0	0
0	18
2	39
0	2
6	1
0	0
0	0
0	49
1	35
0	39
0	1
0	0
0	21
3	21
13	14
0	0
13	0
0	14
0	14
0	0
0	7
0	1
0	16
0	10
0	1
3	11
108	30
0	19
0	9
0	8
0	9
11	1
0	0
0	1
0	16
35	0
0	0
140	12
0	12
2	12
0	12
1	12
0	12
0	1
0	1
0	2
0	2
0	9
0	9
0	10
0	10
0	1
0	1
0	2
0	2
0	1
19	42
0	15
0	42
0	0
10	2
0	2
20	13
8	19
0	2
0	17
3	45
0	56
0	8
6	13
0	14
21	6
1	2
4	2
0	1
0	1
11	1
0	1
0	22
56	19
282	7
0	1
0	2
16	0
19	0
15	0
26	3
0	0
0	3
0	7
0	7
0	1
391	0
104	20
0	20
1	36
0	3
0	3
0	5
0	3
0	5
0	3
0	3
0	68
172	44
3	0
0	12
0	49
0	29
19	53
0	1
87	32
0	18
0	18
0	1
0	0
0	3
0	3
7	0
0	15
0	0
4	0
0	0
0	0
0	0
0	0
31	1
0	1
3	8
0	8
0	8
0	8
0	8
0	0
0	1
16	6
1	1
0	0
2	2
16	2
0	2
1	0
18	0
4	0
0	11
0	0
0	11
21	172
2	172
7	84
0	0
48	0
19	15
14	15
0	15
0	8
0	8
0	22
42	107
10	60
13	0
129	0
0	3
0	29
0	6
57	87
2	5
0	0
0	30
0	0
0	40
7	8
0	0
0	0
1	31
0	1
0	1
0	3
2	79
11	86
28	0
185	220
27	184
0	157
17	68
0	11
0	10
0	2
0	1
20	11
0	9
5	15
0	8
37	19
0	4
7	0
0	3
32	0
5	6
0	4
0	38
0	38
0	0
46	16
16	16
0	16
0	7
0	8
0	1
23	0
0	0
3	2
0	2
0	2
0	2
0	0
1	0
0	0
1	0
0	0
3	1
0	1
0	19
30	19
47	10
0	0
0	0
0	13
15	7
0	6
164	45
0	5
0	42
0	10
0	7
0	0
0	0
0	0
1	0
12	10
7	0
0	6
0	0
3	1
0	10
0	0
0	1
0	1
0	1
0	1
0	1
0	0
0	0
21	20
0	20
0	20
2	1
0	1
0	1
0	0
3	0
1	4
0	3
8	3
0	3
15	47
0	67
0	0
0	65
0	28
0	13
0	12
2	58
4	32
0	45
0	5
0	5
0	5
0	5
0	5
0	0
0	3
5	3
10	3
0	0
7	17
25	4
0	7
0	2
0	2
0	0
54	60
0	17
81	69
0	73
0	6
0	4
0	6
0	0
0	0
0	18
33	0
0	28
7	5
0	5
0	0
0	0
0	0
0	0
11	0
22	5
6	10
0	9
0	8
1	0
0	0
0	1
0	9
1	0
1	0
21	0
0	6
0	6
19	27
0	21
0	0
28	0
10	164
0	11
34	11
25	181
0	179
0	2
0	53
0	7
0	65
0	0
19	94
0	94
0	50
0	22
59	1
80	8
0	8
5	23
0	23
0	0
0	7
8	5
0	0
0	0
0	7
1	23
0	98
64	79
0	5
33	113
0	0
0	0
0	0
58	209
0	208
0	28
0	25
0	1
0	1
0	1
16	0
0	4
0	7
0	5
0	7
0	7
0	7
0	4
0	1
13	3
0	4
5	5
21	15
0	3
0	6
7	0
5	0
0	1
0	1
0	0
0	1
0	1
0	1
1	1
0	0
0	0
0	0
4	7
0	7
40	0
0	10
0	10
0	8
4	0
5	0
0	0
11	0
0	26
0	16
0	26
9	79
0	87
125	142
0	55
0	55
0	2
0	0
1	34
0	34
14	0
0	0
0	0
0	19
1	0
0	29
0	1
0	0
23	29
0	6
0	6
4	2
0	2
0	0
0	0
0	0
0	0
0	0
0	0
0	0
132	24
6	22
0	22
2	2
0	2
0	9
0	9
0	8
0	0
0	0
1	1
0	0
0	1
0	7
3	1
0	7
0	19
0	11
1	11
0	10
0	0
38	0
28	26
1	0
21	18
0	7
0	18
0	0
0	4
0	4
0	0
0	0
0	0
0	0
0	0
0	0
0	0
0	2
0	0
0	0
0	2
0	0
0	2
0	2
0	2
0	2
0	0
38	29
0	8
43	37
0	17
5	12
7	0
0	11
5	31
52	29
0	0
0	0
0	0
1	0
9	0
0	0
0	0
0	0
18	19
0	0
6	1
0	0
2	0
0	0
7	0
0	0
0	0
0	0
0	0
0	0
0	0
0	0
2	0
0	0
0	13
2	0
152	71
0	0
0	0
0	0
0	1
0	9
0	0
0	58
0	34
0	34
0	33
0	0
0	33
2	13
0	0
1	13
4	7
1	0
0	0
0	0
0	22
0	22
0	14
38	0
0	0
0	23
0	0
0	0
1	22
0	26
0	25
33	0
0	0
0	0
0	47
0	47
0	3
0	3
0	3
0	3
0	2
0	0
17	56
0	47
0	32
0	10
0	10
0	10
1	0
0	0
0	0
18	3
0	3
0	0
11	8
0	8
0	1
0	7
0	0
0	0
0	0
0	0
0	8
3	1
42	1
0	0
2	0
19	1
0	1
0	0
0	29
0	29
0	29
0	9
0	0
5	0
0	0
0	0
0	0
2	0
461	11
0	2
0	0
0	9
11	1
0	1
0	1
0	0
0	0
67	0
3	1
0	1
0	0
0	15
0	0
3	0
0	0
0	0
0	0
6	15
2	1
1	0
3	1
0	1
0	0
0	37
309	43
0	17
12	14
0	2
0	0
0	0
0	44
1	1
0	1
0	0
1	0
0	0
0	0
277	5
0	5
0	0
1	0
0	0
10	0
0	1
0	0
0	0
7	0
0	0
0	0
1	0
0	8
0	8
0	0
0	8
0	8
2	8
0	8
0	8
0	7
12	7
3	1
0	101
0	101
0	0
8	59
0	12
0	17
0	6
100	11
5	9
8	0
13	5
0	5
4	2
0	0
11	0
19	141
0	141
0	0
0	1
1	0
1	0
1	0
0	4
0	8
0	1
0	2
0	0
3	4
0	0
37	0
8	1
0	1
0	0
1	13
0	0
225	0
0	0
9	1
0	14
0	14
5	0
6	2
0	2
0	2
27	12
1	6
0	12
0	6
0	0
276	0
0	0
1	0
0	18
0	11
0	6
3	0
0	9
0	2
0	12
0	16
0	12
0	3
2	0
1	0
0	0
0	0
0	0
0	0
0	0
0	0
0	0
0	68
0	42
119	8
0	3
0	3
2	4
0	2
0	5
0	0
0	5
1	24
482	22
0	0
37	9
21	15
0	40
0	14
0	17
0	1
0	17
0	74
11	74
0	74
118	41
21	93
54	88
0	0
0	1
0	1
0	0
0	1
0	1
3	10
0	2
0	9
0	0
0	1
0	0
10	104
0	104
3	13
0	0
0	0
0	13
0	9
0	11
0	11
0	49
25	38
0	9
4	4
0	6
0	11
7	183
0	1
3	183
0	182
0	11
0	0
0	175
0	33
0	0
133	0
12	54
251	0
24	0
0	11
15	15
0	0
0	15
0	0
12	0
19	9
1	9
12	1
13	0
0	287
75	287
0	129
0	0
0	0
0	0
49	1
0	0
12	0
0	0
0	0
0	0
2	69
5	71
0	71
2	71
1	30
0	12
0	2
0	1
8	1
0	0
0	0
0	0
0	0
6	7
0	17
0	17
0	14
7	0
0	0
0	0
0	0
0	0
24	4
0	0
10	57
0	4
11	21
0	4
0	38
0	53
0	17
0	0
0	0
0	0
0	0
0	0
0	0
0	0
0	0
2	0
1	1
0	3
0	3
22	1
0	0
0	1
0	1
0	1
2	9
0	0
380	0
39	86
0	5
6	3
4	13
0	2
0	1
0	0
2	13
0	1
0	10
26	445
0	235
0	215
0	0
1	0
0	0
2	215
0	5
0	0
0	0
0	0
11	0
0	1
67	0
18	0
0	15
0	9
2	9
60	8
0	7
0	7
0	3
0	3
0	3
0	3
0	3
0	0
0	3
0	0
0	0
0	3
0	0
0	3
0	0
2	0
65	2
0	0
21	54
0	54
3	38
0	6
1	0
0	0
0	0
0	4
63	4
0	20
0	20
5	35
54	35
0	35
0	33
4	32
0	32
0	0
22	32
0	7
0	10
0	0
0	0
1	0
3	0
0	0
2	0
2	0
81	10
0	35
12	0
0	0
0	0
6	0
0	0
30	0
0	0
0	0
0	0
37	29
0	13
10	5
0	30
1	8
0	31
0	31
0	2
8	0
8	0
14	73
0	54
308	34
0	1
12	2
5	0
8	22
8	9
14	9
14	10
12	9
11	3
0	1
0	1
0	1
0	0
7	39
0	39
0	10
0	0
0	0
4	19
11	0
41	11
8	0
250	47
0	7
0	22
48	40
0	0
0	34
0	2
0	1
0	2
0	6
0	0
0	32
10	4
0	34
0	34
0	0
0	2
1	31
0	0
0	27
0	0
0	0
0	0
4	47
5	21
0	9
0	3
3	38
0	0
23	1
0	1
0	1
21	10
6	10
0	9
2	10
9	3
0	3
7	6
4	0
4	20
10	19
0	0
1	0
0	0
0	0
0	4
0	0
1	2
0	2
10	0
0	0
0	0
0	116
0	116
0	96
0	97
0	27
0	12
0	7
1	2
0	2
0	1
0	0
58	118
0	118
4	0
0	0
222	42
1	42
4	59
0	1
0	0
0	6
0	0
0	0
0	6
453	0
0	1
27	0
0	0
0	1
15	0
1	0
0	0
0	0
0	8
0	4
0	20
0	20
0	5
0	1
0	1
0	1
3	3
0	0
0	0
0	0
0	2
0	0
0	0
0	0
0	6
0	6
3	6
0	0
0	0
0	0
0	0
0	0
0	0
5	0
0	0
0	0
0	0
0	8
0	8
0	0
1	0
0	0
0	42
0	42
11	14
13	34
1	1
0	0
0	0
0	1
0	0
0	1
0	1
0	1
0	1
4	25
0	19
0	39
7	18
0	18
0	18
0	1
6	12
0	0
1	40
326	22
0	3
0	0
0	0
3	0
4	19
0	4
8	102
0	102
0	96
19	0
0	63
12	2
0	78
0	0
0	0
9	77
7	1
50	61
0	4
0	4
0	0
0	0
0	0
0	0
0	0
0	3
0	10
0	5
72	7
12	15
2	8
0	7
0	7
605	39
0	39
4	82
0	70
114	15
9	0
3	0
0	0
0	0
105	54
0	54
12	1
0	0
0	1
0	8
0	1
0	1
0	25
0	34
0	19
34	196
0	202
0	186
3	164
3	85
8	11
0	7
0	0
0	0
132	0
15	14
0	14
1	0
292	10
0	10
11	1
0	3
17	12
0	0
0	11
0	20
0	1
0	21
4	6
0	6
0	6
0	0
0	1
465	108
0	67
0	3
0	36
0	2
0	1
1	1
0	0
0	2
0	2
0	6
2	6
0	0
0	0
0	0
0	0
0	0
0	0
7	0
0	0
0	0
0	3
0	3
19	21
0	3
0	0
0	0
0	10
0	15
0	21
0	18
10	18
0	18
113	0
0	0
0	0
0	46
0	35
0	46
0	34
0	25
2	26
0	26
0	2
0	17
0	0
1	46
0	2
0	2
0	13
0	13
0	13
0	22
2	22
0	0
1	22
10	18
0	0
0	0
0	0
0	2
15	7
9	1
0	0
0	1
0	7
0	0
0	0
22	0
155	0
27	0
1	0
0	0
0	0
1	0
0	0
0	0
0	3
2	102
0	87
0	11
0	11
0	13
0	13
0	26
4	99
4	0
0	0
0	0
0	0
66	0
0	0
0	0
15	0
0	0
4	27
0	27
0	27
0	13
0	3
1	0
0	75
104	221
0	105
0	0
0	104
0	0
0	6
0	3
0	1
0	46
0	45
0	1
2	30
0	30
2	0
42	3
0	28
0	38
0	0
0	31
10	0
0	4
0	1
0	1
80	0
0	0
0	4
8	11
0	11
0	3
0	1
0	4
7	13
0	1
0	0
0	1
0	5
0	0
0	5
28	5
0	14
0	14
1	0
0	0
0	0
0	6
0	5
0	2
10	9
0	8
0	5
0	5
0	0
3	0
0	0
0	0
3	0
15	0
0	9
2	18
0	18
0	0
9	14
6	14
1	26
5	26
0	5
1	5
0	0
2	4
0	0
0	0
3	1
7	1
17	0
0	0
0	2
0	1
25	0
0	0
0	0
0	0
0	0
0	0
9	0
0	0
0	0
0	0
0	0
0	0
0	0
0	0
5	2
0	2
18	3
0	0
0	0
0	0
2	0
0	0
0	649
0	0
0	140
0	0
0	239
112	651
0	0
0	0
0	0
0	0
49	50
0	24
0	0
0	0
0	0
0	0
0	0
0	0
0	0
0	284
0	0
0	0
0	0
0	0
0	50
0	0
0	0
0	0
0	0
0	0
1	0
0	0
1	474
0	448
6	0
0	474
0	474
0	474
69	0
0	0
0	2
0	2
0	1
0	0
0	0
0	22
0	0
33	0
47	0
0	0
0	1
5	169
0	169
0	3
0	0
0	0
10	10
0	1
2	0
0	0
0	0
1	0
2	1
0	15
6	18
0	4
0	1
79	0
0	33
0	33
0	0
7	0
11	0
8	9
0	24
26	125
0	0
0	0
2	0
0	125
0	8
0	8
0	0
1	0
2	0
0	0
0	0
0	3
0	3
0	2
133	32
0	2
0	30
0	65
68	80
0	76
1	0
0	3
0	27
0	35
0	0
33	1
5	1
3	0
0	0
0	3
0	3
0	3
0	3
0	0
0	0
0	0
0	0
17	48
23	56
3	0
0	4
0	4
0	1
0	1
0	1
0	0
11	17
2	17
0	1
4	0
1	0
0	1
19	1
0	0
0	0
0	1
1	1
0	1
0	1
0	1
3	2
0	2
0	2
0	2
0	2
0	4
84	15
0	15
7	2
0	0
0	2
0	15
0	0
16	0
0	0
0	0
0	0
0	0
0	0
0	0
163	0
0	0
0	11
0	11
22	0
3	0
0	0
1	0
0	1
2	1
0	1
24	0
0	0
1	0
0	0
1	0
0	0
92	0
0	0
0	0
0	0
11	0
8	4
73	51
0	1
0	16
0	18
0	4
0	0
0	0
0	0
0	0
0	0
0	0
0	0
0	20
0	2
0	1
0	1
0	0
0	2
4	0
0	0
0	0
0	0
0	0
0	0
0	0
0	0
0	0
0	0
0	0
0	0
0	0
0	0
0	0
0	0
0	0
0	0
0	3
0	4
0	3
1	1
0	0
0	10
0	10
0	2
0	1
1	1
0	1
0	1
0	1
132	1
19	16
0	5
0	0
0	11
0	1
0	1
0	0
0	3
0	3
0	3
0	0
7	34
0	22
4	2
5	12
0	0
2	0
5	0
8	18
0	15
13	44
0	0
0	44
0	25
46	2
0	2
4	0
0	25
0	0
0	1
0	10
0	124
144	123
1	0
0	0
0	55
0	0
0	0
6	0
0	0
0	0
0	0
0	0
1	0
9	0
3	29
0	8
6	5
0	19
0	0
0	29
0	15
0	15
0	0
0	0
0	0
0	0
2	14
0	0
0	14
2	0
0	0
37	0
0	0
3	7
1	13
0	13
1	0
1	3
15	1
0	54
28	10
0	112
132	168
0	3
0	10
0	8
1	0
0	0
0	6
0	6
0	2
0	0
0	6
0	0
0	1
0	0
0	6
5	29
8	15
0	6
0	5
0	5
0	0
1	0
0	0
0	0
1	0
0	159
0	29
0	149
16	11
0	22
0	7
0	5
0	17
0	6
0	10
0	6
0	10
0	1
0	5
0	22
0	3
0	3
0	3
17	13
1	12
0	0
0	0
0	0
0	3
0	0
0	2
0	1
0	2
0	1
9	0
0	14
0	14
0	0
0	0
0	2
0	0
0	2
0	21
0	1
0	0
3	26
0	26
0	0
0	9
0	9
0	9
7	5
0	10
0	10
0	10
3	25
1	25
18	76
0	3
0	0
0	1
0	1
0	55
0	74
25	42
5	0
0	26
0	41
41	700
0	700
17	4
0	4
33	13
0	13
286	1
0	0
0	0
0	0
0	1
7	1
0	0
51	24
0	21
0	2
0	0
0	27
0	10
3	10
0	0
0	0
0	14
0	14
0	0
0	1
0	1
0	1
0	1
0	0
6	0
1	0
0	0
0	0
0	0
0	0
0	0
5	0
1	12
0	9
0	7
0	6
0	10
0	5
0	8
0	1
0	3
17	5
0	5
0	1
0	0
0	0
0	0
0	0
0	0
0	0
0	0
0	0
7	0
0	10
0	0
0	10
4	5
9	27
1	27
0	0
0	0
6	11
0	0
4	1
3	4
0	4
21	4
0	0
1	0
0	0
0	0
2	0
0	5
0	0
0	0
0	0
1	0
0	27
0	27
1	27
0	0
0	1
0	1
0	1
0	0
0	0
0	0
0	1
0	1
0	1
0	1
0	1
0	5
0	1
0	5
51	8
0	0
0	5
0	5
7	0
0	3
0	6
292	6
0	11
4	11
0	2
0	0
0	2
0	2
0	7
0	2
0	5
80	10
0	0
0	2
0	0
37	8
0	0
0	0
0	0
0	0
0	0
0	7
0	7
0	7
0	7
0	7
0	6
0	6
0	0
0	0
0	0
0	0
0	0
0	0
0	0
0	7
0	7
284	67
0	34
1	0
0	66
11	0
0	0
0	0
0	29
0	2
0	0
0	0
2	0
0	0
2	0
28	0
0	0
0	0
0	0
0	0
0	19
0	14
118	938
1	939
2	935
2	928
0	1
13	10
137	10
19	18
0	8
0	9
3	1
0	0
0	0
6	0
0	3
0	8
0	3
1	2
1	62
0	26
0	0
0	0
0	0
1	57
0	1
0	3
0	3
8	0
0	0
58	39
0	39
0	11
0	0
151	30
1	4
0	0
0	23
0	0
72	4
0	4
0	4
0	0
0	1
0	5
3	1
0	1
0	23
0	23
0	23
36	7
64	8
0	16
0	16
0	30
5	5
2	0
0	0
3	25
8	112
0	65
28	0
0	0
0	4
0	112
0	22
218	22
0	30
4	1
0	0
0	1
0	1
0	0
6	49
0	49
0	10
6	9
0	1
7	0
0	1
419	0
3	0
1	0
0	0
0	0
0	0
0	11
0	12
0	39
0	8
0	8
0	8
0	0
0	1
0	0
0	0
0	0
0	0
0	0
5	0
4	0
0	0
0	60
0	35
0	35
0	8
0	14
0	3
0	111
0	96
0	55
0	26
11	67
9	18
9	252
0	228
0	0
46	12
0	12
3	0
0	1
5	12
0	6
0	8
0	0
1	0
0	0
0	6
9	1
0	0
281	0
73	130
0	123
0	15
4	0
0	0
0	0
0	27
62	27
0	27
0	0
0	19
0	0
13	0
0	0
211	0
0	0
19	1
2	1
0	1
0	0
0	0
0	0
0	0
169	199
0	199
2	1
0	1
0	1
0	4
0	2
0	4
0	1
0	3
0	3
0	2
0	2
0	0
1	30
0	30
0	0
0	27
105	15
0	15
118	7
0	3
0	2
0	0
0	0
0	9
0	8
10	8
0	8
0	8
14	0
0	0
5	0
3	0
11	0
0	9
0	0
0	9
84	25
0	25
109	12
0	3
156	119
38	119
0	7
2	1
0	1
5	68
0	68
0	0
0	52
0	44
4	1
0	104
17	126
0	16
0	0
0	1
120	16
0	7
0	2
0	0
0	4
0	4
6	4
3	0
0	5
0	5
0	1
182	8
0	16
0	1
0	1
0	9
0	0
42	11
29	3
0	51
0	52
5	52
10	51
3	0
4	4
0	1
0	3
0	9
0	0
0	8
0	8
0	8
7	21
0	25
0	21
0	21
0	25
0	20
1	35
0	35
0	1
0	22
0	22
0	22
0	22
0	7
12	22
0	22
0	3
2	11
0	11
0	1
0	0
0	0
1	0
0	0
0	9
0	9
0	9
0	9
0	4
0	0
1	26
7	0
0	0
6	6
0	0
0	0
38	26
3	0
0	0
0	0
0	0
4	0
0	7
0	0
0	137
0	129
0	71
2	7
0	0
0	0
0	7
2	7
140	12
0	23
0	19
0	8
0	0
0	0
0	11
0	11
0	0
34	70
23	47
0	43
0	2
0	39
0	13
0	0
5	10
18	23
0	14
8	9
0	1
233	7
6	7
2	3
0	1
0	1
0	0
0	0
14	0
0	0
0	0
1	0
2	3
0	3
45	0
20	2
6	231
4	240
0	210
0	1
1	1
0	9
0	8
0	8
0	0
0	1
0	1
0	1
0	1
0	1
0	0
0	0
0	0
0	0
0	0
0	0
0	1
0	0
0	0
26	16
3	11
0	5
13	0
0	36
1	40
194	28
0	28
0	34
0	41
16	6
51	103
80	81
0	72
37	36
0	24
0	47
0	38
39	3
0	15
0	21
0	15
57	0
0	0
0	0
0	0
0	1
0	0
28	0
0	33
5	33
0	30
3	23
0	1
0	0
0	0
0	0
1	0
0	0
0	1
0	9
0	9
75	10
0	3
0	8
0	42
0	7
0	7
0	0
0	42
2	7
4	35
12	82
0	3
0	0
33	79
8	6
0	0
0	0
0	0
0	7
0	7
0	0
0	3
89	0
0	8
0	8
0	0
0	69
0	0
31	69
29	0
6	118
0	118
1	0
0	0
0	0
3	0
0	0
0	8
0	2
0	0
0	0
0	0
0	0
7	0
0	0
0	0
0	0
8	0
0	0
0	0
0	66
0	66
0	9
0	1
0	1
0	9
0	1
6	8
0	0
0	10
4	7
0	0
0	3
0	6
0	6
0	0
0	0
0	0
0	4
5	4
0	12
27	0
1	0
0	0
0	0
0	0
0	0
0	8
8	0
0	0
0	3
17	7
0	2
0	7
2	0
0	2
40	106
1	22
0	23
0	90
0	9
124	0
30	0
0	8
0	8
0	0
0	0
0	0
0	0
6	7
2	0
1	0
0	0
0	0
0	22
0	22
0	16
38	74
0	66
21	41
7	37
0	50
1	0
2	0
0	0
0	0
0	0
0	0
0	0
0	1
2	0
0	0
18	6
5	17
1	13
0	2
17	25
0	6
0	10
0	7
1	16
11	0
1	0
0	5
0	5
0	1
0	522
0	507
0	246
2	102
0	110
0	306
133	269
0	0
0	6
0	7
21	3
0	4
0	2
20	2
0	0
0	0
0	15
0	45
0	3
1	8
0	5
0	4
0	45
4	41
0	51
0	0
5	0
0	0
0	0
0	0
0	0
0	10
5	0
0	10
0	10
13	10
0	0
28	9
0	0
0	0
0	9
5	31
0	31
0	31
0	0
0	10
0	0
0	10
0	10
0	0
0	0
0	0
6	0
1	0
5	17
0	17
1	18
0	5
0	5
0	5
3	0
20	1
0	1
2	0
36	12
4	13
1	0
7	1
0	1
129	168
0	184
0	169
0	154
0	154
0	154
0	138
0	154
0	37
0	16
0	16
0	255
0	254
0	143
9	42
0	55
0	53
0	0
0	0
0	1
0	1
0	111
0	111
0	12
0	27
48	12
13	12
0	71
35	41
18	33
7	17
9	16
61	0
0	0
0	0
0	0
73	25
0	0
13	25
3	0
5	0
5	7
0	3
0	2
0	3
0	2
0	0
14	17
0	17
0	1
1	17
19	20
0	21
0	8
0	8
0	1
4	2
0	2
0	3
0	3
0	3
0	0
0	0
0	4
0	4
0	4
94	15
0	15
0	1
3	0
17	41
0	41
0	3
0	3
0	0
1	0
0	0
0	0
0	0
0	0
0	0
0	0
0	0
1	0
0	0
0	0
0	0
0	0
0	0
1	0
0	0
34	0
45	16
0	0
0	16
0	0
1	0
0	0
0	0
90	53
10	48
0	34
0	0
2	0
0	0
0	0
0	0
0	0
1	2
4	1
36	7
0	6
0	6
44	16
403	0
586	356
1	7
0	27
0	37
0	54
0	20
3	20
0	20
4	2
0	0
9	9
16	9
8	26
1	1
0	1
0	1
0	24
0	112
630	112
0	5
0	77
8	8
0	7
0	7
0	7
0	7
0	7
0	7
0	7
0	0
0	7
0	2
0	2
0	6
0	33
1	2
0	6
0	2
0	1
0	2
0	29
0	1
81	1
14	1
0	11
0	11
83	0
0	9
3	9
0	3
0	5
0	3
0	0
1	0
0	3
0	3
0	3
0	3
0	3
0	3
0	6
0	6
0	3
0	0
1	0
0	0
23	1
0	1
0	0
0	0
3	16
9	14
0	16
66	47
0	0
0	0
0	0
0	17
0	9
0	8
0	8
0	9
0	7
3	6
0	2
0	0
0	0
0	0
0	28
0	2
0	2
0	2
2	2
0	0
0	0
0	0
0	0
0	2
0	0
0	0
0	0
0	0
0	0
0	0
0	0
0	0
24	0
61	0
2	0
1	1
0	0
15	0
0	1
0	0
0	1
0	0
0	0
1	0
0	26
0	3
0	26
0	0
0	0
0	0
0	0
0	0
0	0
0	6
0	0
0	6
0	6
0	26
0	12
5	23
1	23
0	7
0	17
0	0
0	35
0	50
4	31
0	20
0	7
0	7
0	7
0	1
0	0
2	0
0	0
0	0
9	3
0	3
5	1
0	0
1	0
0	0
0	1
0	1
0	3
0	0
0	0
0	3
0	0
11	180
0	139
0	139
272	174
0	40
0	29
3	41
8	30
3	50
0	24
0	0
14	4
14	20
2	16
0	4
9	3
17	2
0	0
0	1
0	2
0	2
0	1
1	0
5	0
0	0
0	0
13	65
0	2
0	1
0	1
0	1
0	0
1	0
56	0
0	0
0	24
0	9
0	0
2	0
0	4
0	1
0	1
1	21
0	62
25	62
4	0
0	0
0	0
0	0
1	3
0	8
0	3
0	3
1	11
0	3
0	0
0	0
0	0
1	0
0	0
3	14
0	7
12	7
0	21
7	92
241	92
21	63
10	33
0	33
2	2
35	0
5	17
0	15
2	15
0	13
0	13
0	0
0	0
0	0
0	1
0	0
0	0
0	8
0	8
0	1
0	0
0	3
0	0
0	0
0	0
28	9
0	8
0	8
5	6
0	0
0	0
0	2
0	0
0	9
0	0
0	0
0	0
0	0
4	53
0	21
0	7
1	41
0	1
0	1
0	1
0	1
0	0
0	0
0	0
0	0
0	0
1	8
0	8
0	5
0	14
0	14
0	14
0	10
0	0
0	0
0	0
0	0
0	0
0	10
569	0
70	17
0	40
37	102
0	96
0	0
0	0
17	0
0	2
0	2
0	0
0	0
0	0
0	7
0	7
0	17
6	17
0	17
0	115
0	52
18	0
79	144
0	30
0	144
8	0
0	0
0	10
0	14
0	14
0	5
1	0
142	0
1	0
0	45
19	1
7	0
0	0
0	45
16	0
5	0
2	2
20	0
0	0
0	0
0	0
0	0
0	0
0	7
0	7
0	67
13	72
0	6
0	28
0	5
0	28
1	33
0	1
0	2
0	1
0	1
8	0
15	0
13	0
12	13
4	22
0	0
0	7
0	0
104	0
1	20
7	20
2	0
7	0
0	23
0	8
0	9
0	8
1	0
0	7
10	11
0	31
0	0
1	0
41	20
1	0
2	0
0	6
4	7
0	32
0	31
6	14
0	1
0	13
6	0
0	0
0	8
6	8
0	5
0	1
0	0
0	2
0	2
0	2
0	2
1	0
114	6
0	6
169	1
11	1
12	0
9	0
2	0
29	20
0	19
0	19
0	44
0	28
0	26
0	26
5	4
3	16
0	27
0	25
0	0
1	1
0	1
1	0
0	9
94	53
0	52
1	30
0	1
0	0
0	0
0	0
0	9
0	9
0	8
0	8
0	8
0	8
0	8
0	8
0	0
0	11
0	11
10	11
3	1
0	1
0	1
14	0
0	131
0	10
13	115
0	1
110	0
0	30
0	20
272	0
15	6
0	6
4	0
0	0
58	0
16	22
0	22
0	15
0	8
13	7
0	17
5	0
0	0
0	0
0	0
0	2
4	15
0	0
0	0
0	90
0	108
1	99
0	87
0	26
66	0
18	7
24	1
1	2
0	2
13	2
0	2
0	0
0	0
0	0
0	0
0	1
0	1
25	54
16	0
0	0
0	1
0	1
0	1
0	0
0	0
0	0
1	0
61	1
0	1
85	0
0	9
0	0
0	0
236	37
0	35
0	19
0	1
0	51
0	51
0	0
10	51
2	55
0	51
0	49
0	45
11	0
0	0
0	0
0	0
8	208
5	204
2	192
7	192
0	192
3	192
0	181
0	19
0	208
0	7
0	2
1	7
0	35
3	46
11	35
0	11
0	13
0	2
24	19
0	20
0	1
7	11
26	0
1	11
0	9
0	9
0	9
0	9
24	0
426	355
0	25
0	27
173	15
0	0
0	0
16	0
0	2
0	11
0	8
3	11
0	0
0	0
0	5
0	0
9	8
7	8
0	11
0	17
0	20
0	20
0	3
0	0
0	0
241	39
5	0
0	0
0	10
0	10
11	0
11	37
0	14
1	5
0	0
0	0
0	2
0	2
0	2
0	0
3	0
0	0
0	2
0	1
2	13
18	95
0	1
0	1
0	0
0	56
12	38
0	14
1	14
0	38
0	37
0	32
0	17
0	17
0	17
0	17
0	17
0	1
1	0
0	1
0	0
0	0
1	0
0	1
0	1
1	0
0	0
0	1
5	0
0	3
0	0
0	18
0	20
0	0
11	0
0	38
0	38
6	0
0	0
4	0
229	102
52	100
5	29
4	0
0	0
0	0
0	72
9	72
0	12
3	6
2	7
0	6
0	0
0	0
0	0
3	0
5	0
4	0
0	0
0	0
0	16
0	16
1	0
12	10
0	16
0	0
0	0
0	8
7	8
2	6
2	1
0	1
0	1
2	1
15	0
0	18
0	3
0	3
0	7
9	7
3	2
8	0
0	2
0	0
0	33
0	35
0	0
0	0
4	35
0	2
0	2
0	2
40	0
3	0
1	0
0	0
0	0
0	0
0	0
0	0
1	0
0	0
0	0
24	105
15	15
0	9
13	0
0	0
5	0
22	104
6	3
0	3
141	6
0	1
0	4
0	4
3	0
0	0
0	0
0	16
0	16
0	8
0	7
0	7
0	1
0	0
0	13
0	29
0	13
0	13
0	13
0	29
2	4
0	9
0	4
1	5
0	0
160	1
1	1
18	1
0	1
0	1
4	1
0	0
308	4
12	42
0	60
0	29
0	43
0	46
19	23
0	0
13	13
0	0
0	23
1	7
3	34
0	34
0	0
0	0
7	2
0	2
0	11
0	10
0	11
0	4
0	2
0	2
0	4
99	530
13	6
0	5
0	0
0	6
0	6
0	6
21	1
0	0
0	0
0	0
0	0
0	0
3	0
4	10
0	0
0	14
0	9
0	8
0	1
3	1
0	0
0	9
0	0
1	0
0	9
0	11
0	5
0	2
0	1
0	1
144	2
3	0
0	0
0	6
0	2
6	1
0	20
0	4
0	98
0	14
0	98
0	1
4	0
0	0
0	0
117	17
412	13
0	1
0	0
2	0
0	0
0	1
2	1
6	4
0	0
1	0
0	0
0	0
0	0
3	0
0	87
0	77
0	2
0	94
90	0
2	0
0	0
0	0
0	0
204	20
22	20
0	20
4	0
0	0
0	38
0	38
2	0
0	0
0	20
0	20
0	20
0	12
41	13
0	6
0	15
1	0
0	15
0	35
0	35
0	15
0	15
0	31
0	6
15	31
0	5
0	0
96	6
0	6
0	2
0	2
0	33
2	64
55	68
0	68
0	92
135	92
1	0
0	0
1	0
0	43
0	86
0	12
0	7
5	6
0	3
0	1
0	4
3	0
0	4
772	0
3	35
0	34
0	0
0	1
0	0
0	0
0	0
1	4
0	4
0	4
0	0
0	20
0	16
4	0
0	0
0	0
0	0
0	0
0	0
0	0
0	1
0	0
1	0
1	0
0	21
6	71
0	1
0	27
0	1
67	25
0	93
0	0
98	0
157	88
0	1
0	12
2	0
0	14
0	42
0	37
25	0
13	0
4	0
9	3
128	0
0	0
0	0
0	3
1	4
0	4
0	14
9	0
0	0
1	0
0	14
1	1
1	0
1	0
0	1
26	8
0	2
1	0
2	0
2	26
0	26
0	27
0	13
0	15
0	10
0	42
0	29
0	43
0	14
0	13
0	48
0	18
0	38
0	4
0	0
0	3
0	3
1	0
1	0
0	0
0	0
0	0
12	10
0	10
0	4
39	116
0	119
0	112
0	22
0	8
1	4
0	4
0	2
0	2
0	1
75	5
7	38
0	0
0	0
1	0
0	0
1	0
0	0
144	37
0	29
10	7
0	1
0	7
0	0
0	1
0	1
0	0
0	0
4	1
0	1
1	1
2	0
0	0
0	0
0	2
0	2
3	1
0	0
0	0
0	0
2	0
0	0
4	0
21	0
5	0
0	0
0	0
0	432
0	430
0	17
0	1
0	1
0	3
0	0
10	29
0	56
0	46
8	15
0	8
0	5
0	5
0	5
5	0
0	3
0	0
0	0
0	0
12	0
1	21
0	0
0	0
1	0
0	0
57	0
37	0
0	109
0	109
0	109
0	109
0	109
0	109
0	109
0	109
34	50
0	0
0	0
0	0
102	50
33	73
2	73
0	0
0	3
0	1
0	1
0	1
0	3
0	1
0	1
0	1
0	0
2	0
86	10
0	0
4	19
0	8
0	1
0	0
0	20
7	20
0	20
5	21
0	19
0	7
0	1
3	5
0	5
0	5
0	0
0	1
0	3
36	0
0	2
0	2
0	1
15	0
21	40
0	31
14	11
9	3
0	0
0	0
40	177
0	168
0	177
11	0
0	0
0	0
1	16
0	16
3	16
6	15
51	4
3	0
11	16
0	13
0	0
0	0
24	0
82	0
182	108
0	77
0	0
0	1
0	0
0	0
0	0
0	1
16	8
0	7
4	0
268	0
0	11
0	38
0	21
0	21
0	52
0	21
0	11
0	11
0	7
3	47
0	4
0	22
0	18
0	10
7	1
0	1
0	12
1	2
13	4
0	4
1	0
5	0
1	0
0	0
119	38
0	38
1	3
0	3
0	0
114	23
2	4
0	0
0	1
0	1
0	12
13	155
8	26
0	3
4	2
4	129
10	45
0	34
8	5
0	0
88	1
0	1
0	0
7	1
0	0
0	0
0	1
0	0
16	0
0	0
0	0
46	0
0	0
0	0
0	0
21	50
0	0
0	0
0	0
0	50
2	1
1	1
0	1
0	60
0	1
0	1
0	1
0	12
0	1
3	12
0	0
0	0
3	0
0	0
14	9
1	0
0	18
1	19
0	18
0	35
2	34
0	5
0	7
1	40
0	0
7	37
0	5
11	13
10	13
0	1
0	12
0	0
0	11
0	7
8	0
0	0
0	35
0	35
0	15
0	3
0	0
0	0
0	18
4	16
36	23
0	0
0	0
0	0
1	26
0	30
0	2
0	0
0	0
49	50
0	0
0	0
0	1
0	1
0	0
0	11
0	0
0	31
0	0
2	0
0	31
0	1
2	1
1	0
0	5
1	1
0	1
0	1
0	1
0	1
0	0
0	0
0	0
2	0
0	0
0	0
0	0
67	18
0	7
4	14
0	0
0	2
0	0
0	0
0	0
0	7
0	0
0	7
0	7
1	7
0	11
0	7
0	11
0	11
20	0
0	0
0	37
0	34
3	34
0	34
0	16
0	4
0	4
0	1
0	0
0	36
9	1
0	1
77	142
37	141
0	1
3	14
0	14
78	0
8	0
0	0
1	0
0	0
7	0
0	30
0	30
0	199
0	134
1	0
0	0
594	214
0	42
3	1
1	5
0	5
89	0
5	84
0	68
0	77
0	40
5	0
0	17
0	5
0	15
0	0
0	9
0	0
0	0
0	1
0	1
0	1
0	0
1	9
1	5
4	1
10	7
8	7
4	0
8	127
21	18
0	22
6	15
2	4
0	20
0	15
0	28
0	27
4	34
13	31
0	28
0	34
16	28
0	28
0	5
9	4
0	2
0	2
0	1
0	0
0	0
0	0
0	0
1	0
0	0
94	0
4	0
0	0
0	0
0	0
0	0
6	0
506	39
0	0
0	2
0	0
15	2
0	0
42	0
273	0
0	0
0	0
0	0
0	0
64	47
4	0
0	0
0	0
7	30
0	23
0	23
21	43
0	0
0	0
4	43
0	14
0	24
1	13
0	24
5	4
0	4
0	4
843	18
1	0
0	0
8	80
0	83
0	17
0	5
0	1
0	3
8	2
0	2
2	1
0	1
3	1
0	1
0	0
0	8
0	0
0	0
1	10
0	10
0	0
0	8
2	8
0	8
0	7
0	0
1	1
6	1
28	0
0	1
664	15
1	23
0	15
19	1
14	75
0	40
0	52
0	7
0	61
0	20
1	38
2	38
0	53
0	0
0	0
14	6
0	1
0	0
0	17
0	17
0	17
0	17
0	6
0	0
0	6
0	0
0	0
0	10
0	0
31	7
30	6
2	3
0	6
0	0
1	0
0	0
0	1
4	15
0	1
0	1
0	4
0	10
0	6
0	6
1	13
0	0
0	0
0	13
0	0
0	0
0	13
17	9
0	9
0	9
0	8
15	30
0	8
0	7
0	8
0	0
0	1
0	0
0	1
0	0
0	1
0	0
0	22
0	1
4	11
1	11
0	1
0	0
0	0
123	37
0	17
0	64
0	11
0	55
0	0
0	48
7	46
3	1
4	1
4	7
5	7
138	49
46	49
0	0
15	0
0	1
0	1
0	0
0	0
0	0
0	9
0	9
0	9
2	9
46	67
40	58
1	9
14	0
0	0
0	117
12	117
2	99
44	45
0	0
0	0
0	0
0	0
0	0
0	0
0	0
5	8
0	16
0	19
0	0
0	0
0	21
8	28
1	0
0	7
2	3
0	3
1	3
0	0
2	2
0	1
16	18
0	0
0	0
0	0
0	12
17	12
0	0
0	0
6	14
0	5
0	5
0	5
1	5
0	2
0	0
0	0
0	0
65	18
5	0
7	0
11	5
0	0
0	0
3	0
0	3
37	3
0	3
0	0
1	0
0	0
1	269
0	13
0	269
8	4
1	0
0	0
0	0
0	0
8	93
0	86
2	111
0	21
0	50
83	66
1	5
74	5
14	0
24	23
0	0
0	35
0	1
138	35
11	5
0	21
0	35
0	58
1	46
0	8
0	8
0	0
0	0
0	5
0	0
0	0
2	0
12	275
7	276
0	146
0	2
4	144
0	0
0	0
0	0
0	0
0	0
4	0
162	290
2	290
0	0
1	1
0	1
567	0
62	0
4	0
0	0
0	0
0	0
3	12
0	12
34	13
21	3
0	13
0	12
0	1
0	6
0	1
0	6
0	0
0	0
0	0
8	0
0	0
5	0
0	0
0	0
0	0
1	0
0	0
0	0
16	0
3	0
2	2
0	2
1	0
0	0
43	8
1	8
2	0
0	0
0	0
4	10
0	10
0	20
0	20
7	0
0	0
69	7
0	7
0	6
0	5
0	5
0	2
0	0
2	0
0	0
1	0
157	0
0	0
0	43
0	43
4	35
0	43
1	50
0	36
0	35
31	7
0	0
25	0
3	0
8	13
11	3
0	13
0	0
0	1
0	2
0	0
0	11
0	11
0	1
1	14
0	0
0	0
0	13
0	3
0	0
0	0
16	1
0	0
0	0
21	3
0	1
3	15
0	15
0	0
0	15
0	7
0	7
6	0
0	0
0	0
2	0
140	49
4	49
0	0
1	19
0	6
0	6
0	6
0	7
0	7
0	6
0	6
10	13
0	13
7	0
0	0
0	0
0	0
0	0
0	0
4	10
184	10
0	0
1	1
2	2
0	0
7	0
0	3
0	0
2	7
0	7
0	0
0	7
0	67
6	69
0	32
0	15
0	0
0	0
0	14
14	31
0	0
0	0
62	40
0	29
0	18
0	16
0	1
1	9
0	5
0	13
0	1
0	1
0	1
0	1
0	1
2	0
1	0
0	3
0	0
3	0
0	0
0	14
0	7
0	7
943	85
0	85
0	43
27	1
0	25
0	24
0	0
0	1
0	1
0	1
0	0
0	5
0	4
2	0
2	0
0	0
1	0
34	0
0	16
1	0
4	0
0	6
0	1
8	0
7	0
0	5
45	5
0	5
11	4
6	0
1	40
2	40
0	11
0	16
55	29
0	29
0	29
0	0
0	0
0	0
22	3
5	1
0	3
0	3
257	0
15	0
0	0
1	0
0	0
0	21
42	124
0	22
0	16
191	102
2	1
0	0
6	30
166	130
0	29
0	130
0	1
0	1
0	1
0	3
0	3
0	0
0	0
5	6
0	0
0	0
0	0
14	6
0	6
0	0
0	0
0	6
13	3
0	0
0	0
0	0
0	0
0	22
0	22
3	10
5	10
5	6
0	6
1	0
0	0
5	25
0	13
17	13
0	1
0	1
0	0
0	13
6	85
0	105
0	105
5	63
0	77
47	7
0	7
0	0
72	3
0	37
0	34
0	24
0	16
0	0
1	3
0	1
0	0
29	8
0	8
0	2
0	1
0	0
0	0
0	0
0	1
0	1
0	0
0	1
0	1
0	1
9	9
0	9
0	0
8	0
5	2
0	1
0	0
5	1
1	1
0	58
0	0
17	0
0	13
0	58
9	0
0	23
0	10
2	29
0	29
0	24
0	8
4	27
0	27
3	0
0	0
0	0
0	0
1	0
0	0
0	6
12	9
0	3
0	1
0	1
0	2
20	5
0	0
0	0
0	1
0	1
0	1
0	1
0	26
0	1
4	1
0	0
9	0
14	1
0	26
5	36
44	106
0	25
0	106
0	36
0	11
0	13
0	11
0	11
1	0
466	11
0	0
0	38
2	0
0	27
0	38
0	28
0	28
0	42
0	21
1	48
6	48
0	0
0	22
0	10
0	0
0	1
0	1
0	0
0	19
0	0
0	1
14	1
4	18
25	4
0	4
0	4
0	1
1	0
7	0
0	1
0	1
0	1
15	14
0	0
0	4
1	1
0	0
0	0
0	1
46	49
3	19
145	4
0	0
0	0
0	0
0	0
1	1
0	1
0	9
0	8
16	3
0	1
0	1
0	1
0	0
0	3
0	0
6	15
0	0
0	0
0	1
0	1
0	1
0	1
0	0
0	0
0	0
0	0
0	0
0	0
0	76
0	76
18	75
0	57
0	4
0	1
1	0
0	1
405	8
19	1
1	7
15	0
0	1
0	6
4	19
2	14
0	14
0	5
0	13
0	4
0	16
0	0
1	9
2	12
0	0
0	2
0	1
0	1
0	2
0	1
0	0
0	0
0	1
5	21
0	27
35	20
0	14
0	0
0	6
1	1
1	0
0	5
0	5
0	21
0	21
23	84
2	84
7	84
74	0
0	0
2	27
2	17
17	25
0	128
0	17
0	0
0	0
0	1
0	0
0	1
0	128
0	17
0	17
0	17
0	238
0	28
0	17
0	2
0	223
4	1
0	0
0	8
0	2
0	8
15	5
0	1
0	0
0	4
0	0
0	0
0	5
0	5
0	0
0	0
3	27
0	11
0	17
455	0
0	0
0	26
0	4
90	24
8	6
0	0
0	0
0	0
1	0
0	0
0	0
0	124
0	11
9	165
2	0
0	8
98	21
0	4
0	16
0	9
13	1
0	9
0	9
0	1
0	1
0	0
0	0
0	0
0	0
0	0
0	0
0	1
0	1
0	0
7	3
0	9
3	3
0	147
0	21
0	7
0	27
135	27
0	16
0	32
0	32
8	10
0	10
6	9
0	5
9	5
0	5
0	2
19	0
0	2
0	2
0	0
0	0
1	2
11	17
248	34
1	0
0	32
2	14
21	0
0	0
39	0
0	0
0	0
0	0
0	0
0	0
0	0
0	0
0	0
0	0
14	1
0	1
0	1
0	1
0	0
0	0
0	0
7	29
11	7
0	5
58	5
0	2
3	47
4	47
0	31
98	16
0	7
0	0
0	0
0	2
6	6
0	0
1	1
0	1
0	0
0	0
0	0
0	1
0	1
0	0
10	7
4	7
1	5
0	0
0	0
27	19
0	0
0	0
0	0
1	0
0	0
0	0
0	0
0	0
0	19
0	0
0	0
1	2
0	0
0	0
0	0
0	0
0	0
26	126
3	0
189	0
7	4
0	3
37	14
0	1
5	0
0	0
19	9
0	9
0	1
0	36
0	28
4	30
13	32
2	23
0	41
0	4
0	4
0	18
0	20
6	0
0	4
0	14
5	39
0	4
0	4
0	4
0	44
2	44
0	0
0	0
0	0
0	0
0	0
0	0
0	0
0	0
0	0
0	0
1	0
0	14
0	14
2	14
52	189
11	1
0	0
0	116
0	52
79	206
126	110
0	1
0	29
0	6
0	1
0	1
0	1
24	8
0	1
0	1
0	0
0	0
3	1
0	0
0	1
0	9
0	97
17	60
7	60
0	3
0	3
0	0
0	0
0	0
0	101
0	30
24	30
0	0
0	0
0	0
1	1
136	0
3	49
0	46
0	28
356	148
0	148
0	12
0	0
0	0
0	3
6	4
0	4
0	2
0	3
0	1
0	1
3	1
0	4
0	4
0	0
43	16
13	0
13	13
0	3
0	0
0	0
0	0
0	0
2	0
0	0
0	3
0	0
0	18
0	0
0	0
64	18
0	3
0	3
0	8
13	10
0	1
0	1
2	0
12	55
1	51
0	11
36	7
0	5
0	2
0	2
0	2
0	2
5	0
0	35
9	35
0	24
14	111
0	7
1	0
1	0
1	0
1	0
0	26
1	16
0	16
0	11
134	12
4	12
17	12
0	2
10	11
0	17
0	3
0	2
0	0
0	0
3	0
0	0
0	0
0	10
0	0
0	0
1	0
0	0
0	0
0	3
0	3
25	6
6	6
0	3
0	3
0	0
0	1
2	2
0	4
0	0
2	1
0	19
0	19
0	0
0	0
0	0
0	0
99	34
6	34
0	8
0	16
0	1
0	42
0	139
0	139
0	16
0	16
0	143
0	143
0	137
0	0
0	0
0	8
0	8
0	0
0	0
0	0
0	0
0	0
0	0
0	8
0	8
0	0
0	8
17	8
0	56
0	38
144	57
0	22
7	56
38	33
0	41
0	0
0	0
103	48
0	48
1	1
0	0
0	1
0	17
0	136
0	136
0	123
124	8
0	4
0	1
6	2
0	6
0	8
0	2
702	0
1	28
0	27
0	3
0	1
0	3
0	2
0	6
6	5
0	9
2	10
1	13
0	10
0	0
15	0
17	66
0	3
0	1
0	63
17	22
2	22
0	1
0	0
0	1
0	1
0	3
0	17
0	19
0	8
4	20
0	7
0	4
0	3
0	4
0	6
4	3
2	3
0	10
0	12
0	0
17	2
4	0
0	2
0	2
0	0
351	42
35	42
0	2
0	58
0	59
0	49
0	41
0	36
0	21
4	0
24	0
21	1
0	1
0	0
0	0
25	39
0	0
0	0
0	0
0	0
0	0
0	0
0	0
1	0
0	0
14	39
0	4
0	0
0	4
0	305
0	203
0	206
0	4
0	4
0	4
0	4
5	13
21	305
0	50
0	51
6	41
8	179
148	179
0	0
0	0
0	1
0	1
0	1
0	1
0	1
0	0
0	36
0	35
26	4
0	4
1	0
0	3
29	7
0	7
0	0
0	0
0	163
0	130
0	174
1	34
0	12
0	33
0	22
4	0
56	1
1	11
0	3
0	0
0	3
4	0
0	0
7	0
0	3
0	0
2	0
0	0
63	8
0	0
0	0
0	0
0	0
1	23
0	16
0	1
3	70
0	50
0	37
0	5
0	40
0	5
0	14
0	14
0	13
0	4
0	5
0	4
0	0
3	1
61	14
0	1
1	0
0	0
0	19
0	33
0	37
0	0
0	29
0	6
0	1
0	7
0	6
0	6
0	6
0	5
0	5
0	0
0	4
0	4
14	27
0	1
0	0
0	1
0	0
0	6
0	6
0	5
0	3
0	4
0	4
0	4
0	5
2	2
0	0
3	0
3	0
2	1
0	4
0	7
0	0
0	0
0	0
0	8
0	0
10	0
0	0
0	7
0	9
0	0
13	10
0	10
0	6
0	0
0	5
1	5
0	5
0	5
0	0
1	0
22	67
0	66
0	55
0	15
0	11
30	7
4	0
0	0
2	0
0	0
4	0
42	91
0	91
0	0
0	0
2	0
0	12
27	32
0	11
0	2
209	4
7	20
0	0
3	0
44	0
0	2
19	0
14	6
0	0
436	15
0	15
0	0
0	0
1	0
0	0
0	0
12	11
0	5
1	6
0	1
0	3
0	1
0	2
0	1
0	672
0	672
0	125
0	4
3	2
0	0
15	0
1	1
3	0
0	0
2	2
0	0
0	0
0	0
0	15
0	15
9	16
0	0
1	10
0	6
0	6
10	16
0	16
0	57
0	57
0	2
0	1
19	0
94	25
48	12
0	26
24	3
0	5
0	0
0	5
0	1
120	39
0	39
24	45
0	35
1	0
0	144
0	144
0	0
5	7
3	2
1	1
0	0
0	0
0	1
7	23
0	12
0	23
0	7
0	6
0	0
0	0
0	1
0	1
9	0
0	0
0	1
0	1
0	1
0	1
0	0
3	0
0	5
0	4
3	4
54	27
0	27
9	27
0	1
2	0
0	0
0	1
30	10
0	10
19	0
9	7
0	0
116	42
7	27
0	0
0	25
0	5
0	5
0	0
0	0
16	17
0	1
0	1
2	0
0	15
0	0
23	12
219	16
0	16
0	16
0	13
0	6
0	12
0	12
0	0
18	0
0	9
0	0
0	1
0	1
0	1
0	185
0	0
19	12
28	168
11	185
4	0
55	88
0	88
2	4
0	23
0	0
5	0
0	0
0	98
4	15
1	2
0	1
0	1
0	98
64	4
130	6
543	0
39	22
55	22
45	36
17	1
0	1
30	0
0	0
1	0
0	0
0	5
0	13
0	18
0	0
0	11
0	0
0	0
0	5
0	0
0	0
1	0
0	6
0	1
26	13
0	0
143	397
0	397
0	16
0	0
0	0
9	3
0	1
0	1
13	8
0	8
0	1
0	1
0	2
0	2
27	8
0	8
0	8
0	8
0	0
1	9
126	13
33	50
0	13
16	0
0	0
0	0
0	0
0	0
0	20
2	1
35	20
0	18
103	0
508	0
0	0
6	10
0	2
0	0
0	2
0	2
2	13
1	11
0	0
0	4
0	7
0	7
0	1
0	0
22	0
33	13
0	45
0	12
0	15
44	12
2	0
0	45
0	2
0	45
0	1
0	0
0	0
0	0
0	0
2	0
22	1
0	1
5	0
0	1
0	1
0	0
7	0
0	0
0	0
59	2
0	2
0	0
0	0
36	0
0	0
0	0
10	3
0	3
0	0
0	2
0	2
0	0
0	0
0	0
0	0
3	2
0	0
0	0
0	0
0	0
0	0
0	0
15	0
0	0
0	0
0	0
0	0
70	180
0	180
4	2
0	0
0	0
5	0
26	20
0	5
0	0
0	0
0	3
0	3
0	3
0	3
0	0
0	18
0	12
0	13
0	6
0	6
48	6
17	0
0	18
3	1
1	1
0	0
0	0
0	0
10	0
0	0
71	14
0	14
0	14
0	12
0	0
0	0
0	14
4	1
10	1
0	0
0	12
1	12
0	12
4	0
0	19
0	19
0	19
0	2
1	7
3	7
0	21
0	2
0	8
0	5
0	4
0	1
0	1
11	0
0	0
13	5
0	0
3	6
0	15
0	17
42	0
0	0
1	11
0	1
0	0
0	0
0	0
74	14
4	14
3	18
2	49
0	18
0	2
0	2
0	2
0	2
1	0
0	0
25	20
8	10
1	10
0	9
5	9
1	9
0	0
3	0
10	10
59	10
0	6
0	89
51	0
0	89
0	20
51	90
0	7
0	7
0	2
0	70
16	17
0	21
0	5
0	5
0	0
0	5
1	26
3	35
0	38
0	38
0	32
0	20
0	19
0	2
0	68
0	56
0	56
20	56
0	56
0	2
0	9
0	15
0	0
0	0
2	0
0	0
0	1
2	1
0	1
14	0
13	0
18	2
0	2
0	0
0	0
6	4
3	0
0	4
0	0
0	0
0	12
2	17
0	11
4	3
28	0
53	19
3	0
0	19
177	19
2	18
3	19
39	92
8	92
20	25
0	23
0	17
0	0
0	0
0	2
12	14
0	23
2349	67
0	67
0	54
0	7
0	7
0	7
0	0
8	0
22	0
0	5
0	5
0	8
0	0
0	0
0	8
0	93
164	429
0	426
0	71
0	71
38	71
0	58
0	68
7	35
3	106
0	106
0	1
2	1
1	7
0	6
4	0
120	132
0	0
3	132
0	0
18	1
0	1
0	1
10	14
2	6
0	2
0	0
0	0
2	26
15	26
0	26
0	12
0	0
0	4
0	2
124	342
0	330
0	24
0	293
0	105
1	146
0	214
10	0
0	0
268	0
0	1
1	0
12	43
13	14
0	93
0	147
0	4
0	4
0	17
0	7
0	21
0	68
213	165
0	20
0	20
0	1
1	1
0	0
0	1
0	1
10	0
2	1
0	20
0	1
0	0
2	0
0	20
76	724
0	6
10	0
6	13
0	263
10	4
11	20
0	21
10	37
0	15
2	14
0	37
24	42
0	2
0	3
0	3
0	0
0	3
0	3
5	5
6	0
0	5
0	14
0	0
0	28
0	5
1	0
0	4
0	0
0	2
6	18
35	0
32	0
1	0
8	16
0	16
0	8
1	7
0	1
2	0
0	0
2	0
5	14
0	10
0	0
0	0
0	0
0	0
0	0
0	0
0	0
2	0
1	5
0	12
0	0
8	12
0	266
0	266
0	42
0	13
15	16
1	0
0	0
141	0
0	0
58	5
0	2
0	1
1	1
0	1
0	3
0	7
0	34
0	34
0	22
0	15
10	17
0	8
0	8
0	8
0	8
0	0
0	0
0	2
0	2
0	2
0	2
0	2
0	0
0	0
43	0
0	0
0	0
0	0
5	3
0	3
0	0
0	0
142	0
0	0
0	0
0	6
7	8
49	8
0	0
0	6
2	0
1	0
0	2
0	0
0	0
0	0
0	0
0	2
46	33
0	0
0	0
3	0
61	33
47	1
0	1
0	1
0	7
0	1
0	7
0	1
0	1
0	0
33	65
0	2
12	54
0	0
0	1
0	53
15	62
0	30
0	22
0	0
0	0
0	0
0	9
0	10
0	10
0	9
0	0
4	0
20	68
0	1
0	1
0	0
0	1
0	1
0	13
0	13
1	0
0	0
0	0
1	0
7	2
0	2
0	0
90	263
0	12
0	62
0	0
0	1
0	1
403	92
0	9
0	0
0	0
7	48
0	69
0	18
0	18
0	2
3	70
44	24
0	56
0	4
20	4
0	4
2	0
7	15
12	10
0	16
0	16
74	13
0	0
0	12
0	5
14	3
0	11
0	0
0	1
30	0
0	0
0	0
12	0
19	7
22	102
112	102
0	14
0	14
10	4
16	32
0	0
0	0
0	0
3	32
0	0
0	32
256	23
0	2
0	2
0	0
34	5
0	5
0	0
2	4
0	1
0	5
0	0
0	8
0	8
2	0
0	0
0	9
0	0
1	0
0	9
0	9
0	0
0	0
7	4
0	0
1	0
0	4
14	11
0	2
1	2
0	1
0	1
0	0
0	1
0	2
0	0
2	2
2	0
0	2
0	0
0	0
2	0
0	0
0	0
0	0
4	8
4	1
0	0
2	0
0	7
0	2
1	0
0	0
0	0
0	0
8	0
22	18
0	74
0	12
1	0
0	67
2	0
3	10
8	2
0	2
5	1
79	8
0	8
0	0
12	0
148	28
0	26
0	6
0	21
0	28
0	14
0	17
8	0
0	12
0	0
0	0
0	0
0	0
0	14
0	0
0	0
0	0
12	11
0	1
6	39
0	30
0	37
2	73
75	32
0	34
0	34
0	0
0	0
0	0
0	0
0	0
12	0
0	0
0	0
0	0
0	0
0	4
0	0
0	4
0	1
0	1
0	2
0	2
0	0
0	0
0	0
0	0
6	4
14	69
0	9
0	0
56	81
1	62
1	0
0	2
28	2
0	26
0	26
0	0
0	23
0	0
0	0
6	0
0	0
0	0
18	1
0	0
0	0
0	1
0	0
0	14
30	13
0	14
0	14
100	1
4	0
0	1
2	1
0	0
0	8
24	7
1	106
0	299
0	311
25	171
0	50
0	162
0	0
0	26
0	3
0	1
0	1
0	1
0	0
33	39
0	4
2	3
0	2
7	7
0	379
0	372
0	379
0	0
0	0
0	0
5	108
0	1
3	7
0	7
0	7
2	2
0	0
0	0
0	0
1	0
0	0
0	0
0	0
24	0
37	28
0	68
0	3
0	5
1	24
6	34
644	22
23	14
0	17
7	0
0	1
1	22
0	14
7	9
0	0
8	0
4	0
0	3
0	4
0	0
0	33
17	32
0	26
0	6
0	7
66	20
0	1
0	8
0	8
0	8
0	1
9	23
0	0
0	0
0	9
0	22
0	0
0	0
0	0
0	0
15	0
0	22
0	23
0	24
0	12
0	0
36	0
0	0
0	0
0	0
0	2
0	2
0	2
1	0
0	0
0	6
5	6
0	2
0	2
0	3
3	3
0	2
55	0
1	0
10	32
0	3
0	1
1	32
0	0
0	7
0	0
0	0
0	1
14	8
0	1
0	1
0	0
0	1
326	5
0	85
2	85
0	12
16	39
0	0
8	12
0	0
0	0
0	39
1	0
42	0
1	0
0	42
0	42
0	7
0	7
0	7
0	7
1	0
8	18
0	3
0	18
0	3
0	1
0	14
0	9
1	11
0	15
141	0
0	0
0	0
1	34
1	34
1	1
2	0
0	0
1	4
2	4
0	0
0	30
2	34
0	0
0	4
0	27
1	33
17	34
3	0
6	33
0	34
735	611
0	456
0	15
0	1
0	0
3	0
9	95
0	36
0	13
0	53
12	0
5	0
0	25
0	25
0	9
0	6
0	4
1	0
0	3
0	0
6	0
0	0
0	0
0	0
0	0
0	1
59	1
0	0
0	0
0	0
1	0
0	0
0	0
280	10
1	0
0	4
0	4
0	0
0	0
0	0
59	0
3	19
35	18
10	18
0	6
0	6
0	4
0	0
0	0
0	0
0	2
0	1
0	0
1	0
0	0
0	0
11	79
0	4
0	79
0	16
0	4
0	15
0	15
1	0
0	5
0	5
1	0
0	0
28	0
0	0
4	47
0	1
0	0
0	0
0	0
1	0
0	0
0	0
0	0
0	0
1	0
1	4
0	0
0	46
0	46
6	8
0	8
0	8
0	9
0	9
1	5
19	28
0	3
0	3
0	3
0	7
0	1
0	0
0	0
5	25
0	2
0	3
23	4
0	0
0	4
0	1
0	1
98	214
0	176
0	50
9	52
0	52
0	41
0	0
1	11
0	11
0	1
0	1
0	1
0	1
0	1
0	0
0	0
0	0
0	18
0	21
0	7
1	0
0	0
0	46
0	5
0	11
0	16
0	8
0	0
0	19
0	7
0	83
0	40
1	1
0	1
18	63
0	63
0	0
72	74
16	4
0	4
0	68
33	0
0	0
0	18
1	13
0	18
2	0
0	288
124	403
0	56
0	135
0	18
0	101
65	44
4	0
0	0
0	0
67	3
4	0
22	0
0	0
3	0
2	3
0	3
0	2
67	0
11	237
0	166
275	210
6	0
21	4
0	152
0	0
0	161
15	280
0	263
71	96
5	153
11	0
2	7
26	7
0	0
0	1
0	0
0	0
5	0
0	0
0	152
0	128
1	0
0	0
0	10
13	1
0	0
54	33
13	5
0	1
0	32
16	5
0	37
0	19
0	19
0	19
6	2
0	0
0	1
0	2
0	2
0	0
0	2
48	3
0	21
0	21
0	21
0	0
0	0
0	47
13	23
2	47
0	15
0	4
0	3
0	0
0	0
3	2
1	1
0	0
4	2
0	0
34	2
0	0
18	12
1	0
0	12
0	9
0	2
13	9
0	2
5	20
11	0
0	20
0	0
0	0
0	0
0	0
0	14
0	0
0	0
0	0
0	0
14	13
0	0
0	2
3	135
0	11
0	0
0	118
2	0
0	0
0	0
26	0
0	0
51	2
14	138
0	2
0	0
15	0
0	0
0	136
2	0
0	0
2	0
0	5
0	0
1	14
0	6
0	14
7	0
0	39
0	17
3	39
0	8
5	4
0	3
0	4
0	0
0	0
0	26
0	26
0	25
0	5
0	0
0	1
0	1
0	0
0	0
1	53
0	13
0	13
0	13
0	13
0	1
18	9
0	0
6	40
0	8
53	8
42	1
134	150
0	2
0	31
0	0
0	150
5	150
0	56
0	10
13	0
5	0
0	0
0	0
0	0
3	16
1	0
0	3
17	22
0	22
4	9
50	14
0	2
11	54
10	18
0	19
0	0
0	42
0	27
2	27
10	0
0	0
0	21
0	21
0	12
7	2
10	2
6	53
0	0
12	53
3	14
10	0
0	51
0	38
0	0
0	0
0	7
1	7
0	0
0	0
0	83
2	0
5	0
3	0
0	0
1	0
0	0
0	0
13	34
18	34
0	34
0	26
6	16
0	5
0	5
0	5
0	0
0	0
0	0
0	0
1	0
0	0
0	0
4	0
14	28
0	7
0	15
0	0
9	0
25	7
0	6
1	6
0	0
0	0
0	0
0	2
0	1
0	0
7	0
0	1
0	0
0	0
0	0
10	0
0	0
0	0
0	0
3	11
0	0
0	1
0	11
0	0
0	11
0	0
6	0
0	34
0	28
0	19
0	27
0	18
0	4
0	29
0	7
31	100
2	95
43	101
0	27
0	3
0	5
5	0
0	0
26	6
20	6
0	0
1	0
0	0
20	3
0	1
1	1
0	0
21	2
0	2
0	0
0	0
0	36
24	44
0	8
0	19
0	19
0	7
2	0
198	14
5	14
0	24
0	24
0	0
98	89
2	89
28	5
0	8
0	8
0	0
0	0
0	0
2	0
0	0
0	0
3	0
0	0
0	0
0	1
2	1
0	1
18	0
2	1
0	0
0	1
1	0
1	5
0	4
0	3
0	1
0	1
0	32
0	13
0	19
0	19
1	0
0	1
0	1
0	1
0	1
1	0
0	0
0	25
0	0
19	24
1	24
26	35
0	35
0	17
189	6
0	14
0	15
1	12
0	14
1	12
66	11
4	11
0	0
0	0
54	104
0	42
8	0
38	49
0	58
5	101
0	0
3	128
0	4
0	1
0	74
0	2
0	125
0	1
0	1
0	3
0	0
21	48
17	47
0	1
58	0
0	0
4	1
36	12
0	5
0	1
0	2
1	0
0	1
0	8
1	3
0	2
0	0
0	0
0	0
0	0
0	0
0	0
0	0
0	0
83	18
2	20
0	9
0	21
32	56
65	193
2	5
0	10
0	0
106	0
0	44
2	0
0	50
0	0
71	98
2	98
0	62
1	71
0	39
0	35
1	35
0	25
0	0
0	0
0	0
0	0
0	0
0	0
68	1
0	1
0	1
0	0
3	0
0	0
50	77
0	24
14	66
21	38
0	0
0	25
3	24
4	38
0	41
0	42
0	43
0	42
0	50
0	2
0	1
0	2
3	9
1	1
0	1
0	0
0	0
4	1
1	0
0	3
0	3
0	1
0	1
0	1
0	0
27	1
65	21
0	1
0	0
0	1
4	1
0	1
0	2
0	2
0	0
6	0
4	0
0	0
0	5
0	5
0	30
11	30
3	21
1	0
0	1
0	1
0	0
5	1
28	121
0	102
1	121
0	0
1	23
3	23
1	0
11	0
3	1
0	0
0	0
0	2
0	2
0	0
0	0
0	0
0	0
0	0
0	0
0	0
0	0
0	0
0	0
0	0
0	0
0	0
0	0
1	2
0	2
0	0
0	0
29	7
0	7
0	33
2	33
0	0
0	0
218	0
0	21
1	0
10	56
1	45
0	45
0	11
0	0
0	0
37	0
12	0
8	3
0	19
0	19
4	3
106	3
0	38
0	38
38	26
16	0
17	0
36	16
0	0
13	0
0	7
0	7
0	0
21	0
0	0
0	0
6	0
0	0
0	0
0	0
0	0
1	0
0	0
0	0
0	0
1	0
0	0
0	19
6	16
3	16
7	14
0	14
0	0
0	2
1	0
0	148
0	148
0	148
2	3
0	1
1	8
0	8
6	0
6	18
32	18
8	8
0	0
4	124
52	125
0	2
161	12
50	30
1	59
0	9
0	0
49	0
0	0
0	1
0	0
0	51
0	0
0	6
0	6
32	0
0	0
0	0
0	42
18	37
0	42
5	34
188	1
1	1
40	3
13	41
0	10
3	0
0	41
10	5
6	1
0	0
0	12
0	13
0	13
0	0
0	0
4	45
33	45
27	0
0	0
0	0
0	0
0	0
1	0
23	77
7	87
0	77
0	11
0	11
0	1
1	0
22	0
0	2
0	4
0	0
20	7
0	18
0	1
1	0
0	3
0	3
0	0
31	25
0	32
7	7
0	0
231	351
0	281
0	281
0	216
1	0
21	264
126	349
42	350
0	4
0	7
0	5
0	4
0	8
0	8
0	7
0	9
0	1
0	5
0	1
0	1
0	0
0	0
14	10
8	4
4	4
0	3
36	289
7	285
0	15
2	15
0	6
3	0
101	162
0	123
24	19
0	93
13	68
8	68
0	68
0	19
0	0
0	0
0	0
52	2
0	0
117	0
0	0
0	0
0	0
2	2
0	1
9	1
1	3
81	176
8	172
2	4
0	48
0	0
0	0
0	0
5	23
0	38
5	12
8	34
17	7
0	0
9	7
0	1
0	1
0	3
0	7
0	5
0	0
0	7
0	5
0	1
0	3
7	0
0	0
0	0
2	0
0	0
0	9
0	9
8	46
0	34
143	34
0	9
118	0
0	33
0	4
0	0
0	0
5	25
0	25
0	0
11	0
0	216
0	216
0	231
7	207
0	0
1	0
11	0
0	0
0	16
2	25
0	31
4	6
0	0
0	0
0	21
0	21
0	0
0	0
7	0
0	0
9	6
0	6
0	5
0	0
0	9
0	8
0	15
23	8
0	0
0	0
0	0
0	0
0	2
0	2
0	0
0	0
111	34
0	0
12	0
56	12
0	0
0	12
25	51
0	44
0	11
0	6
0	0
0	3
2	0
0	7
0	2
0	3
0	6
0	0
0	1
4	6
0	7
0	0
25	3
29	3
0	1
0	28
0	7
0	7
0	28
0	1
3	0
0	0
0	16
18	98
0	5
1	0
2	93
14	1
0	1
0	0
0	0
58	6
0	0
8	6
0	0
31	32
0	20
0	17
3	32
7	0
46	0
9	0
0	0
5	7
0	0
0	7
0	0
0	0
1	0
0	0
49	32
11	31
0	22
0	9
0	10
0	9
0	0
29	1
0	0
8	55
0	52
0	7
65	0
0	0
6	1
0	0
0	0
6	0
0	0
0	0
0	2
1	3
0	1
0	1
5	0
0	0
1	0
0	0
0	0
2	0
0	0
0	0
0	0
0	0
0	81
0	81
0	80
0	0
0	0
1	0
0	0
0	0
0	11
0	11
0	11
0	7
4	34
0	2
0	2
0	34
1	1
0	1
24	0
0	0
6	124
14	124
0	0
0	0
0	124
18	0
0	10
0	2
2	0
1	0
0	0
12	1
0	1
0	1
73	43
0	2
0	41
10	35
0	1
0	35
0	0
0	18
0	0
0	0
0	13
14	0
0	0
0	0
6	0
0	0
0	0
1	15
0	0
0	1
0	1
0	2
9	2
0	0
0	15
0	0
0	0
17	23
12	42
0	27
8	23
0	0
15	5
31	5
3	0
1	5
0	5
0	5
0	0
0	0
0	0
0	0
0	0
24	18
1	19
0	0
7	0
0	1
0	8
0	8
2	8
16	85
0	7
0	84
0	0
0	0
13	77
16	53
26	12
0	0
0	12
15	0
575	33
0	24
0	16
0	1
6	7
0	7
0	0
55	10
1	0
0	0
0	10
6	2
0	10
0	0
1	0
0	0
0	2
6	0
0	0
0	0
0	2
0	0
12	3
4	3
5	3
0	0
1	0
0	0
0	1
0	0
1	0
0	1
0	0
16	0
2	0
0	53
0	28
0	10
0	0
11	0
0	8
0	8
0	5
0	0
0	45
22	5
0	5
66	0
35	12
0	12
1	6
0	6
0	0
3	2
6	1
0	1
2	3
0	3
12	5
5	35
0	21
0	1
0	11
0	15
0	0
0	0
0	292
0	0
3	0
0	1
3	0
0	0
7	3
10	0
0	1
3	0
8	208
1	7
11	0
0	292
149	0
0	0
0	0
12	2
0	5
0	5
0	5
0	5
0	0
0	0
0	0
0	0
0	5
0	5
0	0
0	0
0	5
22	11
0	11
0	11
0	10
0	4
8	1
0	0
0	7
0	8
0	0
0	3
1	1
0	1
0	0
0	0
0	104
0	102
0	35
0	25
0	5
18	52
0	52
274	175
0	175
5	66
56	0
0	14
0	0
19	14
0	14
0	4
0	0
2	0
13	114
0	0
0	0
0	6
25	108
2	1
0	1
0	1
0	0
0	1
0	2
0	1
0	1
0	1
0	0
0	0
0	0
0	1
18	1
0	0
0	0
9	1
0	0
0	0
0	0
0	0
0	5
17	5
0	0
38	2
0	0
0	0
19	6
42	6
0	8
0	6
0	2
104	6
2	1
0	10
0	58
10	60
0	0
53	92
0	6
0	0
0	2
0	2
0	0
4	2
194	20
0	107
0	0
3	43
0	38
0	39
0	4
1	12
0	10
1	5
17	2
0	2
0	2
0	2
0	0
0	0
3	2
0	4
25	4
0	0
0	0
13	0
0	14
0	14
18	4
12	14
0	14
0	6
0	9
0	9
0	12
0	2
1	0
0	0
0	1
0	0
0	1
0	0
0	0
75	4
3	1
0	3
21	3
50	0
0	149
37	169
96	164
44	102
0	89
85	5
0	1
0	1
0	1
0	1
0	0
34	18
5	4
0	0
34	101
1	105
0	0
0	4
4	0
22	94
0	91
0	3
0	16
6	16
0	9
0	5
0	0
0	0
4	119
5	149
10	149
8	0
0	23
0	0
0	21
3	0
1	0
0	4
0	0
0	4
2	0
3	1
2	0
0	0
0	0
0	1
0	0
0	320
0	314
7	315
0	269
30	45
0	45
0	38
0	46
0	46
0	39
158	15
0	30
0	12
0	15
1	12
0	0
0	0
0	0
23	17
9	2
0	45
0	4
0	4
0	1
1	0
14	26
0	8
0	8
2	0
0	0
5	0
10	2
16	18
0	5
0	0
4	47
1	42
0	42
2	19
0	5
0	18
17	5
15	17
0	16
0	16
0	0
0	1
25	3
0	5
0	5
0	5
0	5
0	0
0	0
0	0
2	2
0	3
0	0
0	0
0	0
0	1
0	1
3	0
0	0
0	0
5	1
0	0
28	15
0	0
0	15
0	15
0	0
0	5
8	0
0	5
0	5
0	5
7	0
0	0
241	45
2	3
0	3
0	1
0	6
0	6
0	14
30	0
0	0
14	0
0	0
0	4
49	44
1	3
43	43
180	18
0	18
0	12
0	0
2	0
40	748
0	793
0	640
0	630
0	630
0	510
0	131
41	5
2	6
0	5
0	52
6	0
0	11
0	5
0	0
0	6
0	0
5	13
0	1
0	0
4	0
0	0
7	4
0	4
0	1
0	0
0	0
0	4
0	3
0	3
0	0
0	0
0	0
0	0
4	0
0	0
7	0
0	0
0	0
18	0
0	0
0	0
3	0
0	1
0	1
0	2
1	1
0	0
1	12
0	0
0	0
0	7
0	6
0	0
0	15
0	15
0	0
4	4
0	4
0	0
0	0
0	0
0	0
0	0
0	0
0	0
0	0
0	0
0	0
0	4
0	0
10	12
4	12
0	0
0	0
0	2
0	2
3	1
48	0
2	0
1	0
0	1
0	1
0	1
5	5
0	0
209	0
0	0
18	30
145	58
0	1
0	29
13	0
0	28
0	14
1	0
0	19
1	0
23	0
4	32
1	0
0	0
0	2
0	2
0	2
0	2
5	6
0	5
4	5
0	5
1	0
0	26
0	26
0	0
0	21
1	30
0	10
0	0
10	2
67	2
0	0
1	0
0	0
0	1
0	1
36	48
2	48
0	33
0	19
0	0
0	3
0	3
16	19
0	77
0	73
0	7
0	47
2	3
0	3
76	0
0	0
3	0
42	4
3	3
0	0
0	0
0	0
3	0
3	1
0	1
0	0
0	0
0	0
1	9
0	9
0	2
6	0
600	132
0	132
0	40
2	14
3	14
0	3
6	0
3	2
0	0
0	5
0	8
0	1
1	1
0	0
0	0
0	7
0	7
0	0
0	0
0	7
0	14
0	2
85	2
0	1
1	3
0	0
0	0
0	0
0	246
0	246
0	246
0	255
0	121
4	7
0	0
4	3
0	3
13	0
0	0
0	0
0	2
0	0
23	17
0	7
1	0
0	15
0	1
0	15
0	5
30	6
3	3
0	3
0	10
11	10
0	0
17	0
0	0
10	18
0	7
0	18
16	2
0	7
22	0
2	0
0	0
0	0
11	9
0	9
8	9
0	9
0	4
0	4
0	20
0	12
0	0
0	0
0	11
0	4
6	0
0	0
0	0
0	5
11	6
0	20
1	0
3	6
2	6
1	0
0	0
0	0
76	125
264	197
0	98
1	0
3	9
0	0
0	0
0	0
9	0
140	3
0	3
0	0
0	0
0	0
0	0
0	3
7	0
0	6
24	6
20	2
0	0
0	0
0	0
0	0
0	0
27	0
0	0
1	0
1	4
5	0
0	2
0	2
0	2
135	70
0	73
0	73
0	3
3	16
0	16
0	0
0	1
0	39
0	4
0	0
0	0
0	0
0	0
207	0
1	0
0	8
0	8
0	1
0	1
108	889
0	0
0	10
22	10
2	0
0	0
0	0
0	0
0	14
0	14
97	12
0	9
0	12
2	9
0	7
0	9
0	28
0	28
0	28
0	13
0	13
0	0
19	37
0	15
2	15
0	15
0	0
0	1
0	1
0	14
4	0
0	0
0	0
0	0
0	0
0	0
108	1
0	1
134	0
0	0
0	0
87	1
0	1
0	0
1	0
0	6
0	6
2	6
1	6
0	0
0	10
0	10
1	8
6	15
6	7
0	1
1	0
0	1
0	1
12	6
0	0
12	0
0	1
2	0
13	1
0	0
1	0
0	0
0	0
0	0
0	0
9	6
0	1
0	47
0	0
0	0
0	0
0	0
0	0
0	0
0	0
112	0
82	48
0	7
0	0
0	0
0	1
0	1
0	1
0	1
0	1
10	21
0	21
1	0
0	0
27	3
0	1
18	2
0	1
0	1
0	0
39	74
0	44
0	27
18	12
0	18
0	10
0	10
55	58
0	0
0	0
10	11
0	9
0	6
0	8
23	17
0	0
0	1
0	17
0	17
0	17
61	177
3	206
0	28
0	2
1	0
60	689
0	685
2	0
0	0
30	31
4	31
3	1
0	1
0	19
0	0
1	28
0	0
2	0
0	0
0	30
0	30
0	30
1	11
0	1
55	8
0	0
0	0
0	0
0	7
0	0
0	8
5	0
8	56
11	56
0	30
0	12
0	4
0	0
0	9
0	76
0	13
18	0
0	13
0	69
0	0
0	53
0	0
0	11
0	11
2	0
0	20
0	0
0	0
0	0
5	0
0	20
7	21
0	21
0	12
13	0
0	21
0	14
0	14
1	8
0	9
0	9
0	14
0	14
0	4
0	4
0	4
0	0
0	0
5	54
0	50
0	4
0	0
2	0
2	4
0	4
0	0
217	1
0	2
0	1
0	7
1	11
0	9
0	7
0	9
0	7
1	71
0	76
0	56
7	27
0	0
0	0
14	33
0	6
0	8
0	0
0	2
0	1
0	1
0	0
0	4
0	4
2	4
1	4
0	3
0	0
0	4
0	29
0	46
7	0
0	29
0	23
3	8
0	6
0	0
0	46
0	46
10	46
15	0
99	123
25	141
0	7
0	108
0	49
0	2
0	122
6	0
0	18
7	38
0	7
0	26
0	40
2	0
2	28
2	7
0	0
0	6
0	0
0	0
0	40
251	120
38	79
0	10
0	10
0	0
0	65
1	0
0	0
79	81
0	4
0	8
0	36
0	36
0	2
0	36
0	8
8	0
28	0
2	0
0	0
35	42
19	42
0	42
0	16
14	2
18	2
0	0
1	0
0	0
20	0
11	2
0	0
0	0
19	0
0	0
4	0
0	0
1	0
30	0
29	0
0	2
0	2
0	31
0	31
0	0
56	2
6	2
1	4
0	4
0	2
0	1
0	0
2	0
0	4
0	4
0	4
1	1
0	1
0	1
0	0
0	0
0	0
0	14
1	14
0	0
0	0
29	0
8	0
0	0
187	13
1	13
26	9
0	9
0	0
0	0
0	59
11	59
1	22
4	19
0	0
8	26
0	22
0	2
0	2
52	22
0	24
0	4
22	1
0	1
9	8
17	1
50	2
0	1
2	1
0	0
26	64
0	64
0	0
0	0
0	0
274	0
10	0
0	5
0	12
10	12
0	22
0	10
0	1
0	2
13	0
1	3
0	3
0	0
40	1
0	0
0	0
0	0
0	1
0	0
2	31
0	33
0	4
4	0
22	0
0	0
0	0
0	0
1	0
0	1
0	0
0	1
0	0
177	53
8	1
0	0
0	1
0	2
0	0
0	1
0	95
0	95
63	9
0	9
0	0
35	23
4	13
0	13
0	22
0	1
0	0
0	0
0	0
0	1
0	19
6	147
0	147
190	148
5	59
0	59
0	59
1	1
1	4
0	1
0	18
6	19
0	1
0	0
0	1
0	1
0	0
0	0
4	0
56	23
0	24
0	32
0	0
13	33
0	1
0	0
0	0
16	2
7	17
0	0
3	36
0	31
0	11
0	22
0	10
0	10
0	0
0	0
0	7
0	0
0	11
0	1
0	0
0	0
0	0
0	0
0	0
0	0
5	2
0	0
0	3
6	3
31	31
0	25
276	39
11	26
0	0
0	0
7	0
0	0
0	0
5	0
0	0
0	31
164	122
2	122
0	4
27	0
156	29
35	20
0	14
55	21
0	151
0	143
2	105
119	53
0	9
0	0
0	0
2	0
9	6
0	0
0	6
0	33
0	12
42	0
0	12
2	33
0	0
0	12
0	0
1	33
0	33
8	29
0	29
18	31
0	29
0	15
0	0
0	0
0	24
0	0
4	0
69	0
0	0
0	0
0	0
0	0
0	0
0	0
0	0
3	0
0	0
0	23
0	77
7	67
0	0
14	0
7	1
0	1
0	0
25	1
0	1
0	0
0	0
0	0
0	0
0	0
0	0
0	0
43	50
0	3
2	0
0	0
0	47
0	1
0	1
17	1
0	1
0	0
2	12
0	7
7	2
0	12
0	0
0	8
25	12
0	0
1	2
0	0
0	4
2	0
0	21
0	2
0	19
0	37
0	7
6	10
0	37
0	37
0	0
7	3
91	50
0	0
1	0
2	109
0	73
0	0
0	0
3	1
39	1
0	3
9	4
0	1
0	50
0	5
0	50
0	5
0	0
0	0
3	0
0	50
20	4
7	0
30	2
0	2
0	2
0	0
0	237
4	237
1	46
0	41
5	2
0	0
0	0
1	0
60	3
13	3
0	3
0	0
0	0
0	0
1	0
0	0
0	0
0	2
16	27
0	8
0	0
0	1
0	0
12	1
0	0
1	9
18	0
0	2
0	10
0	11
4	23
0	11
0	11
21	12
10	1
0	1
0	1
0	2
0	11
0	0
0	0
0	0
0	0
76	68
0	0
0	68
3	0
49	6
0	1
0	1
112	0
4	0
0	0
0	21
16	0
0	0
0	21
0	22
0	22
0	22
0	21
4	84
0	84
0	18
0	9
2	9
12	1
0	30
7	1
82	22
13	0
5	20
0	20
0	4
0	4
0	0
256	0
0	28
0	26
0	1
0	1
0	0
0	28
130	61
0	61
41	31
10	0
0	0
0	0
0	5
0	2
0	12
0	31
10	8
0	0
11	3
0	3
8	3
0	3
3	0
7	1
0	0
0	1
0	5
0	5
0	0
3	7
0	0
20	0
0	0
1	1
0	0
0	0
0	0
0	0
0	0
0	0
0	0
0	0
0	0
0	0
0	0
6	0
0	1
2	95
0	84
0	0
0	18
1	99
14	84
47	284
340	284
12	1
1	187
0	0
0	0
0	0
13	0
70	15
5	16
0	10
0	40
23	1
0	0
8	0
0	13
7	18
0	39
3	3
1	3
64	63
0	63
0	0
0	2
5	2
0	2
0	2
0	1
0	2
257	50
0	50
0	1
0	0
0	3
0	12
1	3
0	0
0	0
0	0
0	0
2	0
0	0
0	3
0	0
1	6
0	0
0	0
0	0
0	0
37	10
3	4
0	10
31	19
0	19
34	16
0	9
0	16
1	0
0	0
0	0
101	0
0	0
0	0
0	0
0	0
0	8
0	8
0	0
0	0
0	0
0	0
0	0
0	0
0	7
0	19
0	38
4	1
11	0
0	38
7	57
0	50
0	52
0	3
0	0
0	0
0	20
0	3
0	9
0	10
18	21
0	0
0	0
0	16
14	4
0	14
53	0
5	2
0	1
0	1
0	11
0	10
0	0
0	0
2	0
3	0
2	8
6	1
20	0
0	2
0	3
0	3
7	0
0	32
0	4
2	17
3	0
0	0
0	0
4	0
0	1
0	1
0	0
2	0
0	0
0	0
0	0
2	0
2	0
269	7
0	5
0	2
0	0
0	0
18	10
0	0
0	0
3	0
0	0
64	0
8	0
0	0
2	121
0	12
0	121
25	2
0	2
0	1
0	0
0	2
143	0
0	0
0	0
2	7
0	5
2	1
1	11
0	2
0	0
17	146
0	0
0	0
0	0
0	0
3	0
0	15
0	15
0	2
0	2
55	92
0	17
0	55
0	0
0	0
0	91
0	37
24	0
0	3
0	3
0	0
9	0
0	0
0	1
1	1
462	0
82	0
104	13
0	23
0	23
0	17
7	16
0	17
1	0
59	69
0	92
0	92
9	10
0	0
0	0
38	0
1	0
134	1
1	0
0	1
0	1
27	0
67	182
0	131
0	6
12	60
0	0
0	0
0	10
0	10
3	8
48	5
0	8
6	4
0	1
4	8
0	8
0	0
0	0
56	0
0	0
0	0
0	0
0	16
0	0
0	25
0	12
0	12
1	0
78	0
1	2
16	0
0	0
15	32
0	20
0	0
0	0
0	0
0	0
0	14
0	13
0	150
0	2
0	2
0	3
0	3
79	149
0	1
0	0
0	0
0	0
0	0
0	0
2	0
0	0
1	0
0	5
25	1
1	0
0	0
0	0
0	0
0	1
0	1
0	0
0	0
1	22
0	2
0	0
0	2
0	2
2	8
8	0
0	0
53	16
0	0
0	16
0	0
0	10
0	4
0	4
1	1
0	1
0	1
37	57
45	57
0	0
0	0
0	4
126	32
0	5
0	29
6	1
0	1
0	10
0	70
26	0
0	28
6	70
132	0
0	0
3	0
3	1
14	0
0	1
9	1
3	1
0	1
6	5
0	5
0	2
10	2
0	0
185	4
0	3
5	26
0	12
0	3
89	11
0	0
0	0
0	0
0	26
1	0
0	0
0	0
16	164
0	86
0	128
0	88
29	13
11	0
10	0
0	0
0	0
64	14
0	14
0	14
0	0
224	61
0	8
0	23
0	1
0	42
0	0
0	0
0	0
50	7
0	2
2	1
244	57
0	53
0	53
0	4
0	53
223	128
0	129
0	129
0	24
2	18
0	0
0	1
0	5
0	13
48	5
9	2
1	0
18	8
17	0
61	87
0	87
0	80
0	0
0	1
0	1
0	1
0	0
0	0
0	0
8	3
1	3
1	3
0	2
0	2
10	12
0	11
0	6
0	0
0	0
0	0
1	0
0	0
0	1
0	6
1	7
16	6
0	7
0	1
0	1
0	0
20	40
0	40
0	19
1	2
0	0
0	3
3	0
0	26
0	0
0	17
0	0
0	25
0	10
0	3
0	204
0	204
0	10
0	0
0	1
0	1
0	1
0	21
0	12
0	9
0	5
0	0
0	3
0	8
0	30
0	30
0	30
11	29
190	23
0	23
0	23
0	0
0	0
18	0
0	1
0	1
1	0
0	0
397	0
0	8
34	30
7	1
0	30
0	0
31	0
0	0
0	0
1	0
0	0
7	0
37	9
54	1
0	8
0	7
0	295
0	25
55	302
0	0
0	2
0	2
1148	0
88	34
0	34
0	26
0	14
2	0
8	0
0	0
0	34
0	8
0	8
163	98
0	98
8	1
0	2
0	2
2	2
0	0
0	0
0	0
20	218
0	218
3	0
0	0
0	5
19	4
0	5
0	0
35	250
0	0
0	148
0	148
7	18
33	64
8	18
0	17
10	13
0	11
0	4
0	11
10	0
1	28
0	28
14	8
23	6
19	72
0	72
61	9
9	7
16	1
2	0
0	0
0	104
24	19
1	104
0	19
37	9
0	16
0	1
0	3
16	8
14	9
61	0
0	0
0	0
0	0
0	0
0	9
0	0
4	0
0	6
0	53
0	53
0	17
0	0
10	17
0	17
11	0
0	17
0	17
0	17
0	17
4	1
0	1
30	133
0	133
9	0
0	18
0	0
330	0
10	7
1	30
0	27
0	27
0	6
0	20
2	5
0	4
1	0
0	0
1	0
0	9
26	9
2	4
2	0
14	29
9	17
0	6
6	4
8	12
14	12
2	4
0	4
5	0
13	3
27	169
6	12
2	169
8	0
0	2
22	2
0	5
0	5
0	0
0	0
2	0
0	1
0	0
0	1
0	1
3	0
40	1
1	1
1	0
272	365
1	81
0	284
0	1
267	4
0	4
131	27
0	23
27	0
0	0
1	0
0	0
1	0
67	6
0	4
0	4
0	4
0	0
1	0
0	0
0	0
0	0
0	0
0	0
0	0
0	0
0	0
0	0
0	44
0	29
0	20
0	14
0	7
0	4
56	28
0	11
0	4
1	4
0	57
2	2
0	2
0	1
0	1
0	0
0	1
0	0
0	1
60	18
0	18
2	0
8	1
0	1
0	1
0	4
0	4
0	1
0	0
0	0
0	0
2	0
0	0
3	0
1	0
0	0
6	0
0	3
0	7
0	2
0	2
0	7
0	3
0	2
0	2
0	7
0	0
0	0
0	0
0	0
1	1
6	1
0	2
0	0
0	2
0	2
36	1
0	1
0	0
0	0
0	0
0	0
0	0
0	1
3	1
0	9
0	4
45	2
0	0
0	0
0	0
0	0
49	17
0	16
10	15
10	15
104	53
3	25
9	0
0	20
12	0
18	0
0	6
6	6
1	23
0	1
1	0
0	0
32	0
0	0
7	14
8	15
0	0
0	177
1	64
30	193
0	95
97	5
7	1
0	0
580	54
0	65
0	11
0	11
0	0
0	217
0	217
11	155
3	10
0	3
0	3
0	3
0	209
0	209
0	0
0	0
0	206
10	0
0	206
27	478
0	478
0	144
47	0
0	40
22	1
0	0
9	17
0	24
0	7
0	5
0	2
9	7
0	38
0	37
0	35
0	38
0	0
0	3
2	0
0	2
0	0
0	0
0	0
0	13
106	30
0	0
0	16
8	0
3	30
0	0
0	0
1	0
55	9
1	6
0	2
13	3
1	1
0	1
1	0
0	0
5	14
0	6
26	29
0	8
0	8
0	6
0	12
0	12
0	0
0	59
0	59
0	0
0	0
0	48
15	59
0	1
0	59
27	8
0	8
46	0
30	35
0	21
0	30
0	8
0	0
5	5
0	29
0	12
0	20
0	0
0	0
0	8
0	0
0	40
0	40
0	40
0	40
0	40
0	40
0	1
1	0
22	16
19	7
0	3
0	0
30	12
0	0
573	8
0	1
0	0
0	28
5	1
0	28
0	0
0	0
0	0
0	0
0	0
0	0
10	19
0	19
0	19
0	1
0	0
0	0
5	0
0	0
1	0
2	0
70	31
122	103
0	105
0	102
0	41
12	35
0	0
0	8
0	2
0	6
0	6
0	6
9	0
22	25
11	109
15	49
0	7
0	89
0	91
0	0
0	0
0	0
0	0
0	0
0	3
0	3
0	3
0	0
0	2
0	0
1	1
3	0
31	0
0	0
0	1
109	1
0	0
0	0
0	6
0	6
0	2
3	0
20	0
0	23
7	23
0	8
24	13
0	8
0	12
0	5
0	5
0	5
0	0
0	0
6	102
1	16
0	65
0	102
0	0
0	74
0	2
0	2
24	71
92	12
15	12
11	0
0	0
0	0
1	0
0	1
0	1
0	1
0	1
0	1
1	0
7	0
0	0
11	0
0	0
0	0
6	0
74	21
0	21
5	42
0	44
0	0
0	42
0	4
0	4
0	3
0	3
0	3
0	0
0	0
0	1
0	1
31	0
3	13
0	12
0	2
0	12
0	7
15	10
0	0
4	10
0	0
0	0
0	0
2	0
0	0
132	27
0	2
0	1
0	27
11	0
0	0
0	0
0	0
0	0
0	0
30	0
35	4
0	0
2	0
0	4
10	0
1	0
0	0
14	67
0	66
2	0
4	0
0	0
0	2
0	2
0	0
5	0
5	75
0	29
0	86
11	88
1	60
0	6
18	16
0	0
0	70
0	3
129	3
0	0
0	7
0	0
0	7
164	30
3	4
0	4
0	4
1	4
0	14
0	0
2	0
0	0
5	0
2	0
4	1
0	15
1	15
0	11
0	11
0	14
0	14
0	14
0	14
0	15
1	2
0	0
10	0
2	0
0	0
0	2
0	15
0	32
0	11
0	32
0	32
0	32
0	0
231	15
12	18
0	4
1	1
102	6
0	1
0	15
0	5
0	3
0	7
0	1
0	0
8	4
0	1
0	3
73	256
0	248
0	1
0	0
0	0
7	0
45	66
0	1
1	1
27	37
0	1
0	6
11	0
0	9
0	3
118	0
0	0
0	5
0	0
1	432
344	366
0	1
5	6
0	13
0	268
0	0
0	15
0	0
0	0
0	0
0	0
0	5
0	0
0	5
1	32
36	32
1	0
22	24
0	24
0	19
1	0
0	0
32	85
22	123
0	85
0	0
0	0
0	0
0	0
0	0
27	42
0	0
0	0
0	0
0	42
0	42
0	17
0	4
0	0
111	16
146	16
0	76
1	76
0	9
0	9
14	9
0	0
0	0
345	0
0	0
0	0
0	0
0	0
44	4
3	4
5	4
0	4
0	0
0	0
64	16
0	4
0	0
0	4
0	0
0	6
0	0
1	0
0	2
0	2
0	0
0	0
0	0
0	0
8	0
0	7
0	7
0	7
0	1
241	0
0	0
20	0
0	0
0	0
0	0
31	0
0	11
149	11
0	3
0	6
1	6
0	0
0	0
0	0
19	22
0	0
0	0
1	0
0	0
0	0
0	22
0	60
0	60
3	1
1	0
0	0
0	60
98	63
4	63
7	63
4	63
0	15
0	9
0	0
7	1
0	1
0	0
0	1
0	16
0	16
0	0
0	43
0	9
0	3
9	3
0	4
0	0
0	3
0	0
0	2
0	0
3	0
0	0
19	5
0	0
0	14
0	466
0	5
0	4
31	452
0	0
0	0
0	0
0	0
0	0
3	0
0	0
0	4
0	4
0	0
0	0
0	1
0	1
0	0
1	0
0	1
0	0
0	0
0	0
0	0
45	6
0	4
26	22
0	22
0	0
0	0
0	17
0	0
0	0
0	0
0	0
0	38
1	39
0	31
0	22
0	14
0	9
0	1
0	0
0	0
0	0
0	0
0	0
0	0
24	0
1	38
0	38
0	38
0	18
0	12
0	2
0	0
0	0
0	0
0	2
0	9
0	9
0	0
0	1
2	0
0	0
31	42
0	42
1	33
0	33
0	0
0	0
0	0
5	4
18	19
9	19
1	5
97	5
0	0
0	0
13	0
52	4
1	0
0	1
0	0
0	0
10	8
0	3
1	34
0	2
0	0
1	0
16	34
0	8
31	0
0	0
0	0
67	0
109	8
0	8
0	5
1	5
1	5
0	8
3	0
18	12
0	12
0	0
102	25
0	25
0	8
0	20
0	2
0	0
9	0
0	0
91	1
34	0
0	0
16	0
38	8
0	0
0	2
0	2
0	15
0	9
0	15
0	12
1	6
12	6
0	64
0	0
0	108
14	125
0	34
0	3
0	23
33	10
0	10
0	0
0	3
1	0
1	0
0	0
0	1
0	1
0	1
0	0
52	23
33	0
34	39
0	19
0	0
0	7
35	34
11	10
0	10
321	157
0	154
0	131
0	0
3	0
0	19
1	0
6	17
0	0
0	0
6	6
0	1
0	0
0	0
0	0
1	0
0	0
40	5
5	3
0	0
0	0
0	0
1	58
83	201
0	43
0	145
0	1
0	5
0	5
3	0
20	11
0	20
10	20
2	1
0	0
0	6
0	0
40	0
0	11
0	0
1	0
0	0
33	0
0	0
0	0
24	0
0	20
0	20
0	20
0	20
0	20
0	20
0	20
0	20
0	20
0	7
0	17
0	17
0	17
0	1
0	0
0	144
294	140
0	16
0	16
0	16
2	5
0	16
0	12
0	24
2	8
1	14
5	0
1	6
0	30
4	23
67	26
1	23
0	18
0	18
0	12
0	12
0	0
0	0
54	258
1	258
0	182
1	0
7	21
25	25
0	12
0	15
0	24
11	9
0	15
0	15
6	34
22	1
0	1
4	7
0	1
0	0
0	34
341	20
0	20
0	0
27	17
56	23
5	3
0	0
0	0
0	0
2	1
1	0
7	0
0	0
0	0
0	9
16	9
2	1
0	1
0	1
0	0
0	0
0	0
0	7
0	7
0	7
0	18
0	18
0	7
0	26
14	8
0	11
9	47
6	13
0	9
0	36
0	3
0	3
0	0
0	3
15	19
0	19
0	0
0	5
12	52
0	54
21	52
5	0
0	0
0	37
0	33
0	0
0	1
0	37
30	36
0	36
0	0
4	7
0	7
0	7
0	5
0	3
0	0
0	0
16	0
11	0
0	0
0	7
0	7
3	1
1	1
0	0
0	0
0	0
0	1
0	0
0	0
0	0
0	0
0	0
0	0
0	22
0	22
0	22
0	22
0	0
2	5
2	26
0	26
0	26
0	25
0	25
60	0
2	2
29	79
0	0
0	0
0	78
2	2
2	2
0	2
0	2
0	2
0	0
0	0
0	0
1	0
0	0
0	0
0	0
0	6
0	6
0	0
0	0
0	1
0	0
0	7
0	1
0	7
7	7
0	0
0	0
0	0
2	0
0	10
0	7
0	6
0	3
336	0
182	45
0	43
0	33
0	20
0	0
0	1
0	0
0	0
3	2
0	52
0	13
0	0
0	0
0	0
0	15
0	69
0	0
0	0
0	0
1	69
0	0
2	0
0	0
0	0
0	8
0	0
0	0
0	0
3	13
0	1
0	1
1	1
0	1
0	0
0	0
0	0
33	135
0	126
0	0
0	0
0	1
7	21
3	11
0	20
0	20
0	1
4	1
0	0
0	0
99	39
0	37
0	1
0	1
1	1
5	2
17	32
64	31
1	1
0	6
1	14
0	60
0	60
0	1
0	1
0	1
0	1
0	1
0	1
0	1
0	0
0	0
0	0
0	0
0	60
0	60
0	60
0	60
2	34
1	35
0	22
1	0
0	1
2	6
0	5
0	0
100	7
0	7
0	7
0	12
11	10
0	11
1	0
0	2
0	2
0	2
0	0
32	33
0	33
0	5
0	0
0	15
22	0
76	20
1	33
0	23
0	0
7	15
0	40
0	41
0	7
0	5
0	5
0	1
0	0
0	0
1	0
0	0
0	0
0	0
6	0
0	11
0	10
0	11
0	6
0	0
0	0
0	0
0	0
0	0
0	0
1	0
0	0
0	0
0	0
0	11
0	11
1	0
9	0
0	0
0	0
0	5
0	5
0	4
0	4
0	0
0	41
0	41
0	41
0	0
0	0
0	0
0	5
0	5
0	41
0	41
1	32
8	26
0	25
0	0
0	0
0	0
0	1
0	1
0	0
0	14
9	2
0	2
0	2
5	2
0	2
1	0
2	53
0	53
102	3
2	0
1	4
0	3
0	0
16	8
0	7
1	15
0	17
0	13
0	11
1	0
2	0
0	1
0	8
1	8
0	7
0	0
1	0
0	0
835	0
326	0
13	0
1	8
3	8
0	0
4	6
0	6
0	0
0	6
0	0
0	8
0	8
144	8
6	2
0	0
0	0
0	2
0	0
0	0
0	2
1	2
61	13
0	0
0	0
0	13
0	38
3	23
0	38
1	8
1	23
0	23
10	0
1	1
0	0
0	0
4	4
0	4
0	28
0	27
0	6
79	99
0	1
0	32
1	8
0	0
0	0
446	81
0	73
0	51
17	8
4	0
0	0
1	0
0	17
0	4
0	0
0	1
0	17
9	1
0	0
18	10
0	10
1	50
0	46
0	7
0	7
0	3
0	0
0	1
0	1
0	0
0	1
0	1
5	1
4	0
0	0
0	0
0	1
0	0
0	0
1	0
0	0
0	0
0	2
0	2
0	0
153	0
0	1
0	2
0	1
0	2
0	2
0	0
0	112
0	112
0	22
0	47
1	45
0	0
0	0
0	25
0	0
16	0
0	0
0	0
0	121
0	60
1	121
0	0
0	0
0	0
0	0
0	0
0	0
0	0
297	81
5	16
0	16
0	1
0	58
0	5
0	19
0	36
59	2
1	0
0	0
0	24
10	3
0	3
0	2
0	0
0	2
0	14
0	14
0	14
0	1
0	2
0	1
0	2
20	79
0	48
0	72
5	2
3	50
56	0
1	0
2	0
4	4
0	4
0	19
0	8
1	8
0	24
0	24
0	17
0	8
0	8
0	6
0	3
0	0
0	0
0	0
0	0
0	0
0	0
0	1
8	0
0	1
0	0
179	2
4	2
0	0
3	0
0	2
21	15
10	1
0	1
0	0
0	14
0	0
0	0
11	1
83	43
1	5
0	0
9	0
12	5
0	43
0	13
0	3
1	16
0	5
0	3
0	3
0	11
25	0
58	14
0	0
0	14
27	13
42	13
0	0
60	0
4	28
0	34
0	19
0	19
0	20
0	5
0	0
0	0
0	7
0	7
121	58
0	51
29	3
1	3
0	3
37	0
2	0
3	0
0	0
9	0
0	0
0	3
0	19
0	1
0	0
0	1
0	0
0	0
0	0
1	0
0	0
0	0
0	0
0	0
0	0
0	0
0	0
1	0
54	9
0	7
0	9
20	8
0	8
0	0
0	0
0	8
23	19
0	19
0	227
3	54
0	131
0	86
0	419
0	322
14	1
0	0
0	0
1	1
0	11
0	11
52	10
5	0
0	8
0	5
0	5
0	38
53	132
0	79
0	1
0	1
0	1
0	1
0	8
0	8
0	1
0	1
0	1
0	53
23	82
0	82
0	24
0	23
0	23
0	23
0	7
16	0
3	16
1	16
0	18
0	13
0	5
90	7
0	0
0	110
0	10
1	24
0	10
0	15
0	10
0	15
0	89
0	8
2	9
0	110
0	12
0	27
0	12
0	0
0	0
0	0
0	0
0	0
0	0
0	0
0	0
261	43
0	43
22	17
1	6
3	0
0	4
2	0
0	0
2	9
12	0
0	22
0	13
0	10
0	0
0	11
25	11
0	11
0	0
0	3
0	0
0	22
7	83
26	22
0	45
0	22
0	37
0	33
1	38
12	8
0	1
0	1
0	1
0	1
0	0
15	0
0	3
0	1
0	1
1	3
0	0
2	0
16	15
0	17
8	14
0	9
4	0
0	1
0	8
1	0
13	0
8	18
2	6
24	0
0	0
36	6
0	1
0	1
0	1
0	1
0	1
0	1
9	5
3	5
0	0
0	0
0	5
0	1
0	5
69	16
0	43
7	0
93	39
1	12
0	36
0	18
0	7
0	18
0	22
46	0
0	26
5	0
0	0
0	50
0	42
1	49
0	21
8	3
2	3
0	0
11	0
0	37
0	4
0	7
0	3
0	3
0	0
0	0
0	0
0	1
0	3
1	0
0	1
0	1
5	4
0	2
0	0
1	0
0	37
279	135
19	4
0	131
0	34
75	44
0	23
2	12
0	1
3	11
86	0
3	0
0	0
0	0
7	1
10	0
62	12
0	42
0	43
0	0
0	57
0	42
59	42
19	42
0	15
3	0
0	25
0	1
0	0
0	0
0	7
0	0
0	0
0	0
0	0
7	7
0	0
0	0
0	7
0	0
0	0
0	0
0	0
0	0
0	0
0	2
1	2
148	0
0	4
3	4
0	0
2	2
0	2
0	0
0	14
0	14
0	11
0	13
0	0
0	0
0	1
0	0
0	4
0	17
1	0
9	17
0	2
72	22
0	22
0	1
0	1
0	1
1089	0
169	63
0	103
0	11
0	166
1	16
15	3
1	0
0	0
1	3
71	67
0	36
26	105
0	94
0	105
0	48
0	0
2	0
0	5
122	15
0	5
0	0
0	2
0	0
21	12
0	15
0	2
0	2
0	1
0	0
59	0
1	0
9	8
4	4
35	3
0	8
0	4
0	8
0	1
11	24
0	0
38	0
39	12
10	5
0	7
1	7
0	8
2	3
8	5
0	5
0	5
0	0
0	0
0	0
41	26
0	25
0	7
0	0
0	7
0	51
0	51
0	51
0	17
4	5
0	5
0	0
0	1
0	6
0	8
0	11
0	10
2	31
8	10
0	29
0	5
4	0
6	25
0	1
0	17
19	2
0	1
22	4
2	3
0	3
0	2
201	28
0	23
14	11
22	11
0	4
0	1
0	1
0	0
0	0
2	5
0	5
31	11
0	32
24	11
0	0
0	22
0	1
0	0
2	22
12	0
0	21
2	1
0	1
0	1
0	0
0	1
1	1
0	0
0	0
16	0
0	0
2	1
0	0
0	0
0	0
0	0
0	0
0	0
2	0
0	0
17	8
3	8
0	26
0	18
3	26
0	11
0	5
0	7
0	4
4	3
0	0
6	0
0	4
1	0
0	11
0	11
0	0
0	0
17	16
5	16
4	15
0	11
0	0
0	0
0	0
0	0
0	92
4	89
0	0
0	3
3	0
3	0
0	0
2	0
0	5
0	5
0	17
0	4
0	17
0	14
1	14
0	1
0	6
0	1
0	1
0	1
0	1
0	1
0	1
0	2
0	0
3	2
1	1
3	2
0	1
93	5
0	5
0	0
1	1
0	0
0	1
3	0
1	0
0	4
7	0
0	6
0	2
0	2
2	6
0	2
0	6
0	6
0	4
0	0
6	6
313	55
0	54
1	15
0	15
1	0
0	0
0	1
0	0
0	0
0	5
0	294
0	243
0	0
1	114
0	299
9	3
0	0
0	3
0	0
13	0
17	47
0	46
39	23
44	15
0	0
2	5
35	5
0	17
2	5
0	0
0	12
0	0
3	5
1	7
0	5
0	0
0	0
0	0
0	2
0	0
5	5
2	5
0	1
0	0
5	2
0	1
0	1
0	0
0	1
0	0
0	0
35	0
299	0
2	28
4	29
4	22
48	22
0	0
0	1
0	0
0	0
11	18
11	0
0	1
0	117
0	136
0	34
0	63
0	63
0	55
0	0
0	1
0	1
2	1
0	0
10	4
0	1
0	1
0	1
0	0
0	12
28	0
0	0
0	0
11	12
0	136
7	2
0	2
3	0
66	0
1	3
0	3
0	0
1	2
6	0
0	1
0	1
0	0
0	1
0	0
0	1
0	2
0	1
0	1
0	2
0	0
0	0
0	0
0	29
2	2
0	29
144	27
0	10
0	6
4	25
0	0
0	0
29	3
1	3
71	2
0	1
0	2
0	6
0	6
13	7
3	2
0	2
27	1
1	0
8	78
1	25
0	25
0	2
0	1
0	76
1	0
0	67
0	8
0	12
0	12
0	12
2	1
76	163
0	1
0	163
1	0
0	0
0	0
10	1
70	117
0	1
0	2
5	0
13	1
1	2
1	0
0	6
0	1
0	1
0	0
0	4
0	4
0	5
0	301
0	35
0	0
0	89
115	92
3	6
11	3
0	0
0	3
2	2
13	13
0	1
0	4
0	10
28	14
10	1
0	1
0	1
0	0
91	0
8	3
0	0
0	0
0	6
0	3
1	0
1	2
0	1
0	0
0	0
0	0
3	5
0	33
0	5
0	1
1	2
0	5
0	0
0	2
0	2
0	0
0	0
0	0
0	0
0	0
40	0
0	0
0	0
60	10
1	5
0	8
0	0
0	0
0	7
17	18
0	0
0	0
0	15
0	5
2	5
0	0
0	13
0	13
3	26
6	26
0	8
0	0
0	0
0	0
0	0
0	0
0	0
6	0
2	0
3	0
5	24
0	0
12	0
0	0
0	0
1	0
0	0
0	0
0	0
0	0
0	0
1	45
0	45
0	12
1	27
0	21
8	34
0	22
12	12
54	34
0	6
1	1
8	9
0	9
0	0
0	0
17	0
1	0
0	0
0	0
0	0
21	0
0	301
0	5
0	19
0	19
0	1
0	16
1	16
0	6
5	1
0	1
0	14
29	4
28	13
0	0
0	0
0	0
15	18
0	14
1	2
0	0
0	0
0	7
0	2
0	0
0	2
0	0
0	0
0	0
0	0
0	0
0	0
0	0
0	0
0	8
0	0
0	0
0	0
0	0
0	0
0	0
1	0
0	0
0	0
98	9
61	9
0	0
0	2
0	2
0	2
0	15
32	5
0	126
0	1
0	13
0	1
0	0
0	0
0	0
0	0
5	121
0	0
0	0
5	64
0	24
0	24
56	34
0	5
0	16
0	6
0	0
0	0
0	20
3	7
0	44
0	0
7	1
0	0
0	1
0	1
0	0
0	0
0	1
0	0
0	0
4	0
16	0
0	5
0	2
2	0
0	4
0	4
6	0
10	0
0	0
8	11
0	9
1	2
1	0
0	0
4	1
2	1
2	1
0	1
0	0
0	0
0	1
19	4
224	0
0	0
4	3
0	3
0	1
0	1
1	0
0	1
13	0
30	12
0	0
4	2
0	2
0	2
0	0
0	0
0	0
0	0
0	0
0	10
1	23
51	13
21	7
0	25
114	38
0	1
0	22
0	0
67	14
20	14
21	20
0	20
0	0
0	0
0	0
0	2
0	2
0	2
5	0
0	0
0	29
0	15
0	14
0	14
0	2
0	2
84	300
3	212
0	0
0	0
0	172
7	50
2	50
0	0
0	0
0	0
0	0
9	48
9	2
0	0
0	0
1	0
0	0
2	0
0	0
0	76
0	76
3	6
0	76
62	4
10	19
2	7
0	3
3	66
0	0
1	39
0	0
0	0
8	0
0	0
0	51
19	51
1	40
0	0
0	1
0	0
0	0
4	1
0	0
0	0
0	28
0	40
0	0
31	30
0	30
0	2
29	0
0	0
8	0
0	4
0	2
0	0
0	7
0	4
0	4
0	4
7	0
10	3
0	2
90	9
92	9
0	0
0	0
0	0
0	0
0	0
0	31
0	31
0	9
10	0
0	11
0	11
12	13
1	6
0	8
0	0
4	7
23	2
0	3
0	3
0	48
153	2
70	27
0	0
0	1
0	1
0	0
0	27
10	0
8	1
0	1
18	51
13	185
0	183
0	5
0	6
25	47
0	6
5	16
0	47
0	47
0	11
0	46
37	20
0	20
8	5
0	2
14	7
2	7
0	9
0	0
4	2
0	20
32	0
4	93
0	93
0	0
43	0
137	27
6	35
0	14
0	14
107	23
0	0
0	0
0	0
0	0
3	0
0	0
0	0
4	0
18	0
0	26
2	26
0	9
0	13
1	13
0	13
0	12
0	7
0	7
0	0
24	0
0	0
0	0
4	0
0	0
0	0
0	13
0	13
0	7
0	0
0	0
1	0
0	0
0	0
0	10
0	0
1	2
0	2
11	2
0	2
3	1
0	1
0	1
0	1
0	15
1	15
16	2
0	11
0	0
3	0
0	9
0	0
46	14
19	14
0	1
10	0
0	0
19	0
4	1
0	1
0	1
2	0
0	0
0	0
0	0
1	0
0	0
0	0
53	7
2	34
0	5
14	5
0	0
0	41
21	1
1	1
4	1
0	1
2	1
0	0
0	1
157	57
0	30
0	56
0	0
0	0
0	0
118	4
1	4
85	0
0	0
0	0
16	15
0	15
0	15
55	20
0	20
0	20
3	20
0	0
0	0
0	0
0	0
8	37
0	78
0	37
0	100
0	79
0	38
0	0
0	0
0	41
264	0
30	5
1	5
23	5
0	0
0	0
0	0
2	1
0	1
0	1
0	921
27	925
0	20
0	1
0	6
0	0
0	0
0	0
0	6
0	0
0	0
0	0
0	0
20	35
0	2
3	14
0	35
175	0
4	14
0	0
0	0
1	1
5	12
4	0
0	27
49	27
0	6
0	8
0	0
0	8
1	1
0	0
1	6
0	564
0	543
0	524
11	142
0	2
0	2
0	2
0	2
1	0
1	0
0	0
0	0
7	0
2	1
0	1
0	0
0	0
0	0
0	0
2	0
5	12
30	22
2	2
0	1
4	0
0	0
0	12
0	10
55	9
0	49
0	49
0	50
0	6
0	3
0	2
0	0
0	0
8	0
5	0
0	0
0	0
0	0
0	0
0	0
0	0
5	0
3	39
0	41
0	39
0	39
1	25
0	2
0	1
0	0
153	18
0	25
21	18
0	29
0	25
17	2
27	0
1	345
0	345
12	76
12	11
4	3
9	125
0	105
0	95
0	84
0	8
6	8
0	125
432	17
2	0
0	17
0	11
6	1
8	1
0	12
0	1
0	1
0	11
0	0
0	0
25	6
0	1
5	0
1	5
0	5
0	5
0	2
0	9
0	2
0	2
9	0
2	7
51	14
1	0
0	0
0	0
8	5
0	0
0	5
0	0
0	5
3	0
18	2
0	2
0	0
11	0
0	0
0	0
0	9
0	28
0	28
0	0
0	0
30	8
0	8
16	34
1	34
0	0
0	0
1	1
0	0
256	13
0	13
3	0
0	1
215	80
0	8
0	15
0	7
145	131
0	10
0	62
0	46
30	26
0	6
0	7
0	0
0	6
0	0
0	1
0	0
0	1
0	1
0	1
0	19
24	3
0	186
0	186
0	44
1	3
0	3
0	200
2	0
0	0
0	0
8	0
0	2
0	2
0	2
0	0
7	0
0	27
56	27
0	0
0	0
13	26
0	26
9	23
0	23
22	0
0	22
0	0
272	164
0	169
0	169
0	19
0	41
0	1
0	1
8	134
0	36
0	134
0	25
0	105
107	132
6	13
26	9
0	23
0	0
0	0
0	0
0	0
0	0
0	0
14	100
57	104
0	0
2	0
0	2
16	6
0	0
0	0
0	1
0	0
0	1
528	0
0	1
0	1
22	6
0	3
0	3
0	1
0	1
0	1
0	3
0	1
0	3
0	3
0	1
0	0
0	1
0	19
0	0
0	0
5	22
1	0
0	0
0	8
2	1
0	8
0	0
0	0
0	6
0	6
0	6
50	0
0	0
1	0
0	0
0	0
59	117
0	117
0	0
0	0
0	39
0	39
0	35
0	36
0	11
0	13
0	11
1	0
0	1
0	9
9	12
23	6
14	2
5	12
2	8
0	0
0	6
0	2
0	2
0	0
0	0
0	14
3	14
5	14
0	4
0	4
7	0
0	5
0	38
0	38
45	38
37	38
0	22
0	19
0	0
15	0
11	1
74	0
2	0
0	0
0	0
0	1
0	1
0	0
0	33
0	28
0	29
0	37
1	36
1	6
0	36
0	6
0	6
0	6
1	7
4	0
0	0
1	0
0	0
7	7
25	7
0	0
9	2
0	2
0	1
0	1
0	3
0	0
0	1
0	1
0	1
0	2
0	0
0	24
1	24
0	0
0	0
0	0
0	0
0	0
0	0
39	0
0	1
4	0
0	1
0	0
0	0
0	0
0	0
1	23
0	9
0	15
7	29
50	0
0	1
0	0
0	46
0	1
114	46
0	1
7	39
6	0
0	28
0	28
8	0
21	0
0	0
5	1
0	0
18	30
0	28
0	0
0	0
0	0
0	0
0	2
0	26
0	28
0	0
10	26
3	0
2	11
1	3
0	11
0	11
1	0
159	97
0	97
0	67
9	8
0	0
0	73
0	6
0	2
1	2
2	22
0	22
0	10
0	0
0	0
0	0
0	0
0	0
0	4
0	0
0	2
0	5
133	0
0	0
0	68
0	70
0	9
0	0
0	1
0	0
0	149
0	149
0	0
3	0
0	0
10	5
0	51
0	0
0	0
0	74
0	74
0	68
0	63
0	0
2	2
0	0
0	0
0	0
0	0
0	0
0	0
0	0
0	0
0	0
2	0
0	0
0	0
0	0
0	0
0	0
2	56
2	46
0	56
64	2776
0	23
15	106
3	521
0	0
25	2747
0	15
0	15
0	13
48	13
0	0
0	0
1	0
730	0
0	13
0	5
0	3
0	3
0	3
0	3
0	3
0	3
0	3
0	3
0	3
0	3
0	7
0	12
0	8
0	11
0	12
0	7
0	7
0	7
0	12
0	11
0	12
0	12
0	12
0	0
0	1
0	1
0	5
0	12
0	12
1	0
0	2
0	0
0	0
0	17
5	7
0	1
0	8
0	6
2	6
2	6
3	28
0	0
0	1
74	0
0	11
0	14
0	14
0	14
0	44
0	61
19	63
0	25
15	13
0	0
0	13
0	9
1	4
0	4
0	4
0	7
11	7
0	87
50	92
10	66
0	58
0	1
0	13
0	13
0	13
0	13
0	5
0	13
127	0
0	0
20	10
0	9
10	0
0	0
0	0
0	0
0	0
0	0
0	0
0	5
1	8
0	5
0	4
0	1
0	0
0	0
0	3
0	3
0	0
0	0
0	3
24	0
0	0
0	0
0	10
17	10
0	10
0	0
78	135
0	10
0	0
0	6
47	26
5	135
0	2
0	2
0	2
6	50
0	50
0	0
0	0
0	0
1	0
0	0
20	21
0	21
19	1
0	1
0	0
1	0
0	0
0	15
0	7
0	1
3	7
0	6
2	11
0	5
1	12
1	4
0	4
0	1
0	1
0	2
333	5
7	5
0	0
0	1
0	1
0	6
0	6
4	0
19	26
4	26
0	0
0	1
0	1
1	0
0	0
0	0
4	0
0	2
0	78
0	146
0	146
0	5
0	135
0	0
0	0
0	0
0	0
0	0
0	0
0	6
0	22
0	7
0	22
1	1
1	0
0	0
0	0
0	1
0	0
9	1
0	1
1	4
0	8
6	8
2	0
0	0
0	0
0	0
0	0
0	2
0	2
0	2
0	10
36	10
0	0
0	0
0	1
0	1
0	0
0	24
0	0
0	0
2	0
0	0
0	0
0	29
1	5
0	5
4	5
2	3
0	0
1	3
0	0
0	0
0	0
0	2
0	2
0	2
0	1
1	0
0	0
0	1
0	10
5	10
0	8
7	8
41	7
0	6
0	7
1	5
0	1
0	5
0	4
0	3
4	7
0	7
0	7
0	0
0	0
0	0
0	0
0	0
0	0
1	8
0	0
0	8
0	0
0	0
0	8
0	8
0	1
0	1
0	0
0	25
0	6
0	6
0	0
0	0
6	25
0	0
0	1
0	0
315	0
58	0
12	140
2	139
0	5
0	5
0	1
0	0
0	134
0	134
0	0
0	6
0	0
0	0
12	4
0	4
0	0
55	0
9	10
0	10
3	17
0	10
0	0
0	7
1	13
0	7
0	1
0	6
0	0
0	0
140	218
0	208
0	106
0	20
0	0
0	0
5	21
0	7
0	0
0	11
0	2
4	15
0	5
0	1
0	0
2	1
0	1
0	0
0	731
64	703
0	720
54	101
0	90
14	50
429	64
0	55
0	41
0	34
0	14
2	0
0	0
1	16
0	16
4	12
0	12
10	0
3	1
0	5
10	5
0	1
1	0
0	0
0	12
0	12
60	48
2	2
0	0
0	0
1	37
2	0
17	35
0	9
0	9
7	2
0	20
0	18
96	0
0	0
1	0
0	3
0	3
0	3
0	3
0	3
0	3
0	3
0	3
0	0
85	7
0	0
0	1
0	0
0	6
0	8
0	6
0	0
0	0
0	8
22	14
0	8
0	6
0	0
2	25
20	36
0	15
0	11
0	0
0	0
0	0
0	0
0	0
0	0
0	0
0	0
0	0
0	0
0	0
7	1
0	0
1	0
30	7
0	6
0	4
0	22
82	1
0	2
4	22
0	1
0	1
0	0
69	0
3	0
1	7
0	2
58	0
0	0
0	0
0	0
2	0
0	0
0	0
0	0
0	0
0	0
0	0
1	0
5	0
0	0
5	0
0	72
0	71
0	71
18	72
0	88
0	49
0	0
0	0
0	0
1	0
0	0
0	88
0	12
0	16
0	12
0	8
0	4
1	0
0	0
0	0
0	0
8	36
19	36
4	0
5	0
0	0
1	0
0	0
0	0
36	0
0	18
0	2
0	2
0	3
0	3
0	3
0	0
0	39
0	39
5	34
231	31
0	10
0	5
0	9
0	0
0	2
166	7
4	17
0	1
2	10
0	0
5	0
1	0
83	0
0	39
0	25
0	25
0	9
2	0
20	0
8	0
22	39
0	10
0	4
0	0
0	0
1	1
0	0
1	3
0	0
55	1
0	0
0	0
1	7
0	7
0	51
0	51
0	9
0	1
59	0
15	0
65	23
0	23
0	1
0	7
0	1
0	1
0	0
0	1
0	1
11	0
1	1
0	1
0	0
298	196
9	196
23	12
0	8
7	6
4	0
0	1
0	1
0	1
0	2
0	1
1	2
0	1
0	0
3	19
18	7
1	3
0	4
15	8
0	4
0	10
0	6
0	1
0	2
0	181
5	67
0	54
0	52
0	48
1	0
0	223
37	3
0	3
2	43
0	43
0	1
0	1
0	1
2	1
0	1
0	1
16	37
0	37
0	0
0	14
3	1
0	1
0	14
2	27
4	15
0	27
2	27
27	29
0	0
0	27
60	0
0	11
0	0
0	0
0	0
0	0
0	22
0	11
0	0
2	70
0	4
0	0
0	0
0	7
0	2
60	73
2	2
0	2
0	1
39	13
0	13
8	7
0	0
0	0
1	0
8	25
0	1
0	1
0	0
2	0
0	0
3	5
1	9
0	3
0	0
0	0
0	0
0	0
0	1
17	0
7	0
0	0
3	1
0	1
49	12
0	6
0	4
1	1
0	11
6	12
0	10
0	0
0	0
9	10
0	0
0	26
1	1
0	1
4	0
0	0
2	0
0	0
0	5
0	4
0	0
1	0
0	0
0	4
0	4
0	0
0	26
11	1
0	4
23	33
0	33
0	26
0	16
0	9
0	0
29	0
3	21
0	20
0	0
1	2
0	0
0	2
2	42
0	11
0	4
7	33
0	0
0	19
0	31
1	31
0	3
0	0
16	30
0	30
2	2
3	114
0	0
8	7
9	74
1	35
0	79
0	12
0	12
0	0
0	0
1	3
0	2
0	2
0	1
0	0
17	0
0	26
10	26
0	26
0	0
6	2
25	0
0	0
0	0
0	0
0	0
90	24
0	21
0	0
1	0
1	1
39	33
0	16
0	1
0	1
2	3
0	3
0	3
0	3
0	0
0	0
0	0
0	0
1	0
0	0
0	0
1	0
1	1
17	0
1	1
0	1
10	78
0	77
0	47
40	39
8	1
0	4
8	4
0	4
0	0
0	5
0	0
20	5
17	10
0	8
21	26
2	6
3	3
1	20
1	28
0	28
0	24
0	24
0	0
0	0
0	0
5	3
2	3
0	3
0	1
17	5
1	44
55	4
0	0
0	0
1	0
0	0
0	0
0	0
19	2
0	2
3	8
0	1
0	1
0	8
0	0
5	0
0	0
0	0
0	6
6	6
1	0
0	0
0	0
0	0
5	7
0	3
0	1
0	1
20	18
463	251
22	230
0	227
1	185
376	139
3	125
0	23
3	0
0	0
17	13
36	6
0	2
0	2
0	0
11	10
0	0
1	0
0	10
1	1
0	1
0	15
0	37
11	18
8	11
0	1
0	1
0	24
39	17
1	17
0	0
0	0
0	0
28	31
0	4
0	37
90	34
213	191
0	0
0	135
205	0
0	0
0	149
29	1
7	2
0	2
0	0
0	0
1	0
0	0
4	1
0	1
545	0
3	62
0	0
0	62
0	0
22	39
6	11
143	125
2	21
11	0
0	0
0	0
0	0
0	0
0	10
6	1
0	0
0	1
0	1
0	0
0	1
0	1
0	1
0	1
11	39
0	39
46	258
48	258
7	0
0	165
2	2
0	2
1	1
0	1
1	6
12	16
0	16
28	6
7	0
0	0
0	0
137	0
0	14
0	14
0	0
0	0
2	0
1	36
0	36
19	4
0	45
0	45
0	45
0	0
0	21
0	4
20	0
0	0
0	0
0	0
0	0
0	0
0	0
8	4
0	0
1	0
0	18
0	18
5	22
9	22
0	0
9	4
0	3
0	0
0	1
1	0
0	1
0	1
0	0
0	1
10	4
0	4
1	0
0	0
0	0
120	114
0	11
0	7
0	22
0	0
0	0
0	0
0	0
1	0
0	0
623	20
77	18
0	2
0	20
9	5
0	0
0	0
0	0
0	5
17	34
0	36
0	36
36	5
0	1
0	36
0	6
0	6
0	0
0	0
0	7
0	3
0	0
5	0
0	118
0	133
5	133
6	0
42	36
0	29
3	13
2	0
0	17
0	30
8	0
0	1
0	1
0	1
0	0
0	0
0	0
1	3
0	2
1	1
7	69
1	0
0	0
0	0
0	0
1	1
0	1
107	42
0	42
21	22
117	22
1	12
0	1
0	1
0	20
0	0
0	0
0	0
0	0
0	0
5	2
4	4
309	132
0	0
1	0
0	0
0	0
0	0
0	0
2	2
0	0
0	1
0	1
0	1
12	7
23	1
0	1
3	1
5	0
7	0
0	0
0	0
0	0
4	144
516	145
8	0
3	0
8	215
0	0
479	215
0	17
0	17
0	15
0	0
0	0
0	32
78	49
7	85
1	1
0	86
3	31
0	36
0	27
31	36
0	36
1	6
0	4
0	4
0	6
0	0
0	0
0	25
0	25
0	0
28	7
0	0
12	0
0	7
0	0
0	7
0	5
0	40
0	39
338	6
0	6
6	21
0	29
6	0
0	0
0	18
0	68
0	5
0	1
0	5
0	1
0	4
1	5
0	0
2	5
0	0
0	0
36	7
0	5
0	5
0	5
0	0
0	5
0	4
2	5
0	0
0	1
9	323
0	321
0	321
0	321
5	0
0	0
54	321
84	43
0	36
0	21
1	4
0	0
0	0
101	50
3	0
35	50
195	43
0	10
0	0
0	10
0	3
1	3
0	1
0	7
5	0
0	0
0	7
42	1
0	1
0	1
0	0
0	0
0	0
2	1
0	0
4	56
1	2
2	0
0	0
0	14
0	14
0	0
0	3
0	13
0	10
5	0
1	0
0	2
0	2
7	0
0	84
0	47
10	0
0	22
0	9
0	21
2	3
0	3
3	14
19	17
0	5
0	3
0	5
0	5
0	5
3	8
3	2
0	0
14	1
0	5
0	0
27	1
0	8
5	176
2	6
0	34
15	6
0	0
0	0
14	1
2	1
1	175
173	25
0	24
0	0
0	0
0	48
2	48
1	51
0	73
0	4
0	4
0	21
0	0
0	22
0	8
0	14
0	14
1	0
0	21
0	21
26	13
0	13
0	26
47	54
0	34
0	106
0	18
0	6
0	39
0	39
0	37
0	39
0	37
0	37
0	9
0	9
0	15
5	2
0	2
0	2
0	0
0	15
0	19
1	28
35	27
0	27
2	4
0	0
0	0
0	0
0	0
0	0
0	0
0	0
75	0
6	2
0	1
0	2
0	1
4	16
12	15
0	16
0	16
0	12
5	0
0	0
5	15
34	61
37	211
40	78
0	178
0	9
0	7
30	95
0	2
1	0
2	1
0	2
19	20
0	94
2	0
0	0
0	0
0	0
5	0
0	0
0	1
129	0
0	0
0	0
0	0
0	0
0	30
0	21
0	11
0	13
38	14
0	0
0	6
0	0
0	3
0	1
0	44
2	44
0	21
0	0
0	0
1	0
0	0
2	0
34	20
3	4
0	2
0	4
0	4
12	6
0	2
0	0
0	0
1	1
0	1
0	1
0	0
0	0
3	0
0	1
0	1
0	1
0	1
2	0
0	0
0	1
3	13
0	12
0	0
0	9
0	1
0	0
0	1
14	3
0	0
0	0
107	10
0	2
0	2
645	0
55	0
56	20
0	19
22	54
0	35
0	10
0	19
0	10
8	0
16	49
0	49
0	0
0	6
0	2
0	2
0	0
0	1
0	2
0	5
0	4
0	4
0	4
0	0
0	0
0	0
0	0
0	0
0	4
0	5
16	1
3	0
10	1
0	0
0	0
1	0
5	23
0	13
0	59
0	59
1	0
2	0
0	10
0	0
0	27
0	2
0	0
2	27
4	7
0	7
0	9
0	7
0	7
0	7
0	6
0	2
0	0
0	0
0	43
0	54
0	149
0	26
0	188
0	53
0	149
0	1
0	0
0	2
6	2
0	188
0	188
0	163
0	183
0	0
1	14
0	0
5	14
65	4
0	0
36	10
3	1
0	0
0	4
0	0
2	19
1	5
5	10
0	9
3	63
0	63
0	0
115	34
0	1
0	32
0	1
0	1
15	31
5	31
0	31
111	311
0	293
0	43
1	11
0	21
18	0
11	47
0	40
21	47
0	0
0	0
0	18
0	18
0	0
0	3
0	3
0	0
20	17
0	17
0	16
0	0
0	0
0	1
0	2
0	4
0	4
0	5
7	1
0	1
0	1
0	1
40	18
0	0
0	0
0	0
0	0
0	0
0	18
9	19
0	17
0	1
0	14
0	15
0	0
0	0
0	2
0	0
58	97
0	0
0	0
0	0
2	97
0	1
0	17
1	0
0	0
0	0
0	0
15	4
8	17
89	49
16	7
0	0
0	8
1	49
0	2
10	60
0	60
10	27
0	0
1	1
2	0
0	20
0	20
0	0
0	0
0	1
0	1
0	1
0	20
0	1
0	1
1	2
1	1
0	0
0	1
0	0
0	1
9	20
31	26
0	20
0	4
7	4
8	76
0	17
0	25
0	25
0	25
0	16
3	0
31	131
31	141
0	113
0	4
0	412
0	20
0	6
0	410
21	69
1318	494
0	81
1	3
0	0
0	3
0	47
0	47
0	47
0	7
0	36
60	92
0	89
0	54
0	9
0	4
10	4
0	0
2	4
0	0
0	225
137	292
0	159
0	179
0	11
68	59
0	7
653	100
6	0
12	0
17	97
0	11
0	11
38	25
0	25
9	11
14	6
0	2
9	3
0	1
0	32
0	12
1	13
50	0
0	25
0	25
1	23
62	25
5	0
13	99
0	1
0	1
0	2
1	0
0	41
4	0
0	99
0	17
0	1
0	0
0	2
0	2
0	2
0	2
0	9
0	7
0	7
0	10
9	2
1	8
0	0
11	0
161	42
0	42
2	0
0	34
0	34
0	0
0	7
0	14
0	14
0	18
0	18
0	18
0	18
0	18
0	18
0	1
2	2
0	0
0	0
0	7
61	6
0	0
7	0
0	0
61	2
0	0
0	0
0	0
0	0
0	9
0	5
0	5
0	5
0	0
1	0
1	30
1	38
0	19
0	25
0	13
0	4
0	0
3	1
0	1
0	1
0	0
10	9
132	9
0	1
3	1
0	9
3	0
0	0
0	0
0	0
0	0
14	0
5	0
0	3
0	5
0	2
86	170
0	10
5	8
0	5
0	2
0	2
0	0
0	3
0	6
0	3
0	2
0	0
0	0
57	94
0	93
0	94
13	0
45	1
0	22
1	22
0	21
0	5
0	6
0	0
0	0
1	1
0	1
1	2
0	2
0	0
3	0
1	1
2	0
0	0
66	39
3	39
0	11
0	12
0	8
0	9
0	4
0	1
0	2
0	3
0	0
0	0
0	1
0	2
1	3
0	1
0	2
0	1
0	0
0	0
0	0
0	1
0	1
0	10
0	10
11	16
0	6
204	29
0	29
0	2
82	1
22	34
0	42
0	38
0	11
0	10
0	1
0	1
0	11
0	0
3	0
0	1
2	0
0	0
1	0
14	0
0	0
0	0
0	0
0	0
5	0
0	0
0	15
0	0
0	0
0	1
64	15
1	19
0	2
0	19
0	12
0	19
29	19
0	2
1	2
0	0
80	0
10	0
0	37
2	38
0	37
0	0
0	0
8	28
0	27
9	39
142	3
39	3
127	87
0	0
1	1
0	1
0	0
5	4
0	0
0	2
0	2
0	2
0	0
0	129
0	133
0	97
0	35
13	18
175	0
0	0
0	0
0	7
0	2
14	7
0	7
0	7
0	0
0	0
96	32
0	25
17	30
0	32
0	2
0	2
16	2
0	3
5	14
0	14
0	0
2	0
2	0
1	0
0	10
0	10
5	0
1	58
0	58
0	4
0	30
0	33
0	0
0	52
0	52
1	48
0	32
0	13
0	10
12	16
0	10
0	10
0	10
0	11
0	11
0	10
11	0
0	0
0	0
9	6
20	6
0	0
6	2
0	2
3	0
133	11
0	0
0	0
0	39
0	42
0	23
0	58
0	0
0	1
0	1
0	0
0	2
0	2
0	2
0	0
0	153
2	7
2	0
11	17
0	153
0	0
0	11
0	11
0	0
0	0
3	8
0	1
28	0
0	0
0	0
0	0
5	1
2	1
697	118
6	45
6	19
0	19
0	0
0	0
2	88
6	26
0	80
0	0
0	0
0	50
0	62
1	72
23	79
0	68
0	0
0	17
0	5
0	5
0	13
0	5
85	3
0	30
0	23
10	100
21	89
0	79
0	16
33	28
0	5
0	1
0	1
0	0
0	87
0	0
0	0
0	0
1	0
0	0
0	0
0	0
2	16
20	16
0	0
0	15
0	1
0	22
28	95
0	34
0	81
11	0
70	17
0	17
0	25
17	16
0	10
3	0
0	0
0	0
0	0
0	40
0	1
0	1
0	2
0	2
0	1
2	0
5	0
0	60
0	46
0	14
0	7
0	7
0	1
0	0
0	60
0	6
0	0
0	2
27	32
0	1
0	32
0	27
0	0
0	0
0	0
1	9
0	0
0	0
0	0
72	62
388	58
8	33
0	32
0	3
0	0
0	0
0	2
0	3
0	2
0	2
0	1
4	1
0	1
0	0
0	0
0	0
0	1
0	15
12	15
10	13
0	10
0	10
0	9
2	4
0	4
165	0
0	1
0	1
0	0
5	0
4	19
0	6
0	16
1	3
0	22
0	32
9	16
13	16
59	9
0	4
1	3
0	3
0	1
17	19
0	0
0	2
0	3
77	73
1	73
5	21
3	21
0	0
30	0
0	0
4	0
0	0
38	15
6	12
5	15
0	12
10	0
0	0
0	0
170	83
0	83
0	83
0	0
0	0
18	0
0	0
0	30
0	30
0	20
0	30
0	15
1	1
0	3
0	2
0	2
0	2
0	1
0	1
54	0
0	0
0	0
0	0
0	3
0	0
0	3
85	0
0	2
0	1
0	2
0	5
5	0
0	0
0	0
0	0
0	0
0	7
0	0
9	5
20	7
0	3
0	3
0	3
0	0
0	0
2	6
37	6
3	5
10	0
0	18
0	18
0	18
0	23
49	18
0	9
0	0
0	6
36	0
0	0
0	93
0	93
76	10
1	9
0	3
0	3
0	3
6	9
7	0
0	0
0	0
2	1
0	1
0	0
178	0
26	502
0	206
0	4
0	9
38	497
1	0
36	11
0	11
16	12
0	10
1	2
0	0
0	0
0	0
0	0
5	2
0	0
4	19
0	19
0	19
17	3
0	27
2	27
4	17
0	23
0	20
0	24
0	24
52	0
0	8
0	20
9	20
0	8
0	43
0	0
0	4
12	3
0	0
0	4
0	1
0	4
6	5
0	0
0	0
0	0
0	0
4	1
0	8
20	12
0	0
0	0
0	8
0	0
0	0
12	0
8	40
2	19
0	35
0	4
0	1
0	0
52	0
0	1
0	1
48	19
29	1
0	1
0	1
0	1
0	13
0	1
0	4
15	12
15	0
0	12
4	1
0	1
29	0
7	0
0	0
2	0
154	49
2	11
0	45
0	0
30	8
0	8
16	14
11	14
3	10
0	8
0	8
0	8
0	4
0	65
0	65
0	0
0	23
1	12
0	12
0	12
0	0
1	0
0	0
3	9
0	0
1	2
1	375
169	374
149	0
70	7
0	7
0	7
0	1
0	1
0	0
0	0
0	0
5	3
63	21
0	0
11	27
0	1
0	21
0	14
245	154
0	28
0	0
0	5
5	6
0	7
4	131
1	22
0	154
0	16
0	16
48	9
0	9
0	8
0	3
0	3
138	48
1	46
8	2
8	7
0	7
0	5
0	5
0	5
0	4
0	1
0	2
0	0
50	20
16	20
6	13
32	0
0	0
0	5
0	5
0	5
0	0
20	11
0	0
0	1
1	15
0	11
2	26
0	24
0	8
6	5
0	5
0	7
0	7
0	2
0	4
0	3
0	3
0	4
4	0
0	2
1	0
0	0
0	0
0	10
8	1
0	0
6	1
8	11
0	0
0	0
0	33
0	33
0	12
6	10
0	14
0	4
0	4
22	10
0	1
0	3
0	3
0	1
4	6
0	6
0	0
0	3
0	14
1	0
0	0
0	0
0	1
0	1
0	1
1	0
2	4
0	4
5	1
0	0
0	18
43	32
0	17
0	17
7	32
6	18
0	18
0	6
11	3
0	2
1	5
0	0
4	5
17	1
0	1
2	0
0	0
0	0
0	1
0	1
0	35
129	50
1	45
89	17
0	6
0	21
0	1
0	1
90	0
0	0
0	0
0	6
0	4
4	0
0	0
0	2
0	6
0	111
0	2
0	0
0	89
0	2
0	4
0	3
0	3
11	119
0	1
0	1
0	0
2	0
10	212
38	212
311	0
0	18
0	14
0	0
0	2
0	2
18	9
32	9
0	0
1	0
0	0
0	0
3	0
0	8
2	8
0	8
0	0
28	0
3	0
0	9
42	0
47	10
0	1
5	8
0	8
0	1
0	1
0	0
0	7
0	8
0	1
0	1
0	6
0	6
0	6
0	6
0	11
0	11
0	6
9	15
0	0
0	5
0	12
9	0
0	6
0	1
1	1
0	1
0	0
0	0
0	0
4	15
0	15
1	13
1	7
0	0
0	0
1	0
6	0
0	0
0	15
1	1
0	0
0	1
0	1
0	1
0	0
0	1
0	0
0	0
25	21
0	0
0	0
0	0
0	0
0	21
0	0
0	0
0	0
11	15
0	0
0	0
0	0
1	15
0	0
0	0
0	0
0	0
0	0
0	0
0	0
0	0
0	12
3	12
2	9
121	203
0	203
5	172
0	0
0	0
1	0
3	0
40	0
0	0
0	153
55	0
0	75
207	75
0	8
0	0
6	4
2	4
0	2
0	3
1	0
0	0
0	1
0	1
1	1
0	1
0	43
13	43
3	2
33	204
0	184
0	177
0	175
0	18
0	3
0	3
0	0
0	20
2	0
0	0
0	0
2	1
0	1
14	0
0	0
0	0
3	5
32	27
0	11
3	40
0	0
0	357
0	13
0	357
0	18
0	17
12	8
0	0
0	1
21	60
119	122
0	8
0	53
0	2
3	5
189	0
62	0
0	0
1	0
0	0
0	0
1	0
0	0
0	0
0	0
0	0
0	0
0	0
0	0
4	0
0	15
5	15
0	0
0	0
0	0
3	19
0	28
0	9
0	2
281	15
0	3
0	3
0	3
0	3
0	2
0	23
0	23
0	23
0	10
83	0
14	7
0	3
0	3
6	1
0	5
0	6
1	0
0	0
0	0
0	0
0	0
6	0
243	0
16	8
1	0
0	12
0	12
0	12
0	12
0	5
8	8
0	2
18	8
0	2
273	38
0	8
0	38
0	0
7	4
14	10
0	10
0	10
0	1
0	7
0	7
0	7
8	42
39	43
0	1
0	0
0	0
0	0
0	0
0	6
0	10
0	6
9	6
0	1
0	0
0	0
0	9
0	0
0	0
0	0
6	0
286	0
189	0
6	0
2	0
54	41
0	0
0	41
3	0
0	0
0	2
0	12
0	0
8	14
0	0
0	12
0	12
0	0
0	0
0	0
0	0
1	9
0	9
0	7
0	8
0	0
0	0
0	0
0	0
0	0
0	0
3	9
0	9
6	7
0	0
88	0
1	1
0	11
0	0
0	0
0	0
0	11
4	0
0	0
0	0
1	1
0	0
0	0
0	0
0	0
0	19
0	2
0	8
2	0
0	0
0	22
0	23
0	5
0	9
1	13
0	13
0	5
20	308
0	305
0	3
37	6
0	311
0	308
593	426
0	274
0	0
0	0
89	0
0	189
0	305
0	190
20	364
69	0
0	3
0	3
0	3
0	3
0	0
0	2
7	2
0	0
24	196
59	197
0	1
8	208
0	138
0	3
34	9
2	7
0	0
6	0
0	19
57	19
0	0
0	0
15	10
0	0
39	29
0	29
0	0
2	0
0	0
0	7
0	14
1	5
0	5
7	7
0	0
13	7
35	7
6	7
0	7
0	12
0	12
0	12
0	12
1	1
0	1
0	11
0	11
0	5
8	3
7	3
0	3
20	14
0	14
0	0
3	1
0	1
6	0
1	29
100	17
0	17
0	0
0	29
29	29
35	193
4	193
0	0
0	0
0	3
0	3
0	5
0	5
2	5
0	2
0	0
0	0
0	5
3	4
0	0
0	0
0	0
0	0
0	0
0	4
11	0
0	0
13	3
0	1
17	15
0	0
0	0
0	0
0	8
0	0
0	2
0	1
0	1
9	50
0	2
0	0
0	0
0	0
0	48
0	0
0	5
0	5
0	5
0	0
0	5
2	5
0	8
0	8
0	8
0	0
0	14
0	13
0	9
0	8
0	8
21	2
0	2
0	0
1	0
0	0
104	50
0	0
0	16
0	39
0	0
0	7
27	27
2	2
2	24
26	3
0	3
214	0
0	0
0	0
0	0
19	0
5	0
5	5
0	5
2	1
1	0
0	0
0	0
0	0
0	4
0	4
6	0
0	0
0	0
0	4
4	0
0	0
10	3
39	8
1	0
0	6
0	0
1	0
0	0
0	2
9	3
2	3
0	0
0	0
0	0
0	0
5	20
0	15
0	0
0	1
1	1
14	0
0	0
9	8
0	8
0	7
1	1
0	3
0	0
17	7
0	7
0	3
0	0
0	0
0	3
4	3
0	7
0	7
0	1
0	0
0	0
3	4
0	0
0	7
0	7
0	7
0	21
0	0
0	0
2	45
0	45
5	14
7	3
0	3
111	0
48	55
0	55
0	33
5	0
0	33
0	0
0	0
0	36
1	37
0	2
1	0
0	7
3	0
0	1
0	1
0	2
0	1
0	0
1	0
0	37
0	3
0	3
0	1
0	0
4	0
0	22
0	22
0	9
0	9
0	9
0	16
0	16
0	9
0	9
0	9
0	0
0	97
0	98
0	18
0	12
1	0
0	0
1	3
0	21
0	0
26	152
2	83
0	0
0	0
0	0
0	12
0	1
0	12
27	155
0	3
0	2
0	126
0	0
5	0
0	0
6	5
1	148
0	0
0	0
0	2
0	1
0	2
0	6
1	16
0	2
0	6
0	10
0	6
0	8
0	6
0	6
0	78
0	47
0	24
0	17
0	11
0	4
0	163
0	159
0	18
0	15
0	12
0	10
0	16
0	164
1	0
3	3
0	15
2	12
0	12
0	11
6	0
0	0
27	0
0	0
3	85
0	84
3	72
0	81
0	82
0	71
0	79
0	0
0	0
10	20
60	0
0	1
0	1
2	4
1	0
0	4
0	2
0	1
1	0
0	83
13	96
0	39
0	95
120	41
0	93
0	27
34	15
0	12
0	6
24	6
0	1
137	4
0	12
11	0
0	2
0	2
0	9
0	9
0	7
77	1
0	0
0	0
0	0
1	0
1	20
0	2
0	0
0	1
0	1
0	20
5	33
0	33
27	35
0	3
0	0
0	0
0	0
1	0
0	17
0	17
0	8
0	16
0	8
30	0
0	0
0	5
7	0
0	0
8	15
0	0
0	10
0	15
0	14
2	14
0	1
0	8
0	8
0	9
0	9
0	9
0	4
38	4
0	3
0	4
0	3
0	1
0	1
0	0
0	1
0	0
0	0
0	3
0	0
0	1
2	0
0	1
0	1
0	0
1	3
0	1
17	324
0	27
6	326
118	261
1	186
7	84
0	73
2	69
2	2
0	1
3	0
2	2
8	0
4	0
0	2
0	92
0	0
0	92
1	20
0	0
110	0
14	0
2	0
0	60
0	12
0	105
0	7
0	97
0	54
0	36
0	26
0	15
9	11
5	15
0	0
30	0
0	0
3	121
0	80
163	18
1	18
0	18
2	18
0	0
0	0
0	0
6	4
0	0
0	11
0	11
0	11
0	1
0	0
2	0
0	0
0	0
1	4
0	4
10	1
0	0
0	0
2	0
0	0
0	0
150	0
0	0
4	0
0	0
0	0
0	0
0	0
0	3
0	1
0	3
0	2
0	3
0	8
1	8
48	0
0	43
0	43
11	9
0	0
0	0
0	0
0	0
0	1
0	0
2	38
5	1
0	1
0	0
0	1
1	82
0	0
6	0
8	9
6	2
1	0
0	0
6	115
0	116
9	116
0	57
0	22
0	0
5	1
3	0
0	0
0	0
1	0
2	2
0	0
0	0
0	2
0	2
0	2
0	2
0	2
0	0
0	0
0	0
13	0
0	0
1	0
15	30
0	30
0	3
2	3
0	0
10	7
0	0
16	2
0	2
0	16
0	36
0	1
0	1
0	1
0	0
2	1
0	1
0	1
5	1
0	1
0	0
17	12
14	13
0	0
8	1
0	1
38	0
0	0
4	12
0	12
0	7
0	1
2	2
0	0
0	0
1	75
0	36
1	30
0	37
0	14
10	7
45	5
0	68
11	0
4	1
0	0
61	1
0	0
16	1
0	0
0	0
3	1
0	0
6	58
0	69
0	55
2	44
0	55
0	34
10	28
0	6
0	0
2	4
1	3
0	1
1	0
0	0
0	20
9	20
0	12
0	0
1	10
0	1
15	0
0	14
0	161
0	157
11	118
161	292
15	377
1	1
1	0
0	11
5	0
0	0
0	0
4	0
0	0
0	0
0	0
0	0
24	0
20	6
13	7
0	3
0	0
6	1
0	4
0	4
0	0
4	1
0	1
0	6
0	0
0	5
0	5
0	7
0	7
0	5
1	16
0	15
0	15
9	6
0	6
0	5
0	5
0	5
0	5
0	5
0	5
0	5
0	5
0	5
0	5
0	0
0	0
0	0
8	69
0	0
0	0
0	0
9	3
0	0
0	1
0	0
0	4
33	2
0	3
7	3
65	0
43	11
15	12
0	2
0	1
1	1
0	1
0	0
6	47
0	15
10	16
0	8
0	4
0	8
0	0
0	4
0	47
0	1
0	0
0	0
0	8
6	22
0	58
9	35
0	38
0	0
0	15
15	1
7	0
14	44
0	45
1	38
7	37
148	23
1	23
1	10
16	0
0	0
9	0
4	0
1	0
0	0
0	4
0	1
0	1
0	4
0	2
0	11
0	11
0	0
1	22
0	1
0	1
0	0
0	3
0	3
0	0
0	3
0	74
8	127
0	29
0	2
0	0
0	3
12	0
0	0
0	0
15	12
12	12
0	0
0	0
3	0
0	0
6	0
12	4
0	11
0	0
0	0
0	12
0	0
2	1
0	1
0	3
0	1
0	2
34	15
0	15
0	0
4	0
6	63
0	51
37	14
0	13
0	1
0	288
23	9
14	191
42	283
1	21
100	1
0	1
3	1
0	0
0	0
0	0
0	0
0	1
3	7
98	7
0	43
1	43
45	39
0	0
0	0
4	9
0	9
0	1
0	1
31	30
0	25
0	5
0	5
0	3
0	0
0	1
0	0
0	0
0	1
16	27
2	25
0	0
0	20
0	2
0	10
0	10
0	1
0	12
0	12
0	8
19	8
0	8
4	4
0	4
0	0
3	0
0	0
111	13
14	1
0	0
0	12
20	24
0	24
0	0
0	0
0	0
0	5
0	5
0	5
0	6
0	6
0	2
0	0
0	0
0	6
0	57
0	57
0	20
25	0
0	16
0	16
0	16
0	16
5	16
0	76
0	76
0	68
0	64
0	7
0	0
3	1
0	70
0	12
4	0
0	47
0	45
0	11
1	11
0	11
0	0
0	0
4	1
2	1
1	0
0	0
0	0
8	0
0	0
0	0
30	24
0	24
0	0
0	0
4	0
1	13
3	13
47	4
9	0
10	235
0	151
0	150
51	80
0	1
1	0
0	30
0	235
0	63
0	19
0	24
0	63
1	6
1	0
0	0
0	0
0	0
0	0
0	0
0	0
1	0
0	0
1	6
6	0
4	0
0	21
0	16
28	1
2	0
8	25
481	25
9	25
64	25
0	0
0	0
0	0
0	0
0	0
0	0
0	0
0	0
0	0
0	0
0	2
0	0
0	0
0	0
0	0
0	0
0	0
0	0
0	0
0	0
0	0
0	0
0	0
0	6
24	6
0	0
0	0
26	9
17	9
0	5
12	5
67	121
0	1
0	2
1	2
0	1
35	0
0	0
0	0
36	0
29	0
0	0
0	23
0	28
0	0
0	35
6	1
0	1
0	0
6	3
0	27
0	3
0	0
0	1
0	0
2	27
2	5
2	0
0	5
23	2
0	2
0	0
0	2
0	143
0	77
3	2
0	0
0	0
0	146
0	0
1	1
0	1
0	19
0	12
1	7
0	5
1	5
1	0
0	0
15	4
10	5
0	0
0	1
1	1
0	4
0	45
0	7
0	45
11	7
0	11
5	1
0	19
0	13
7	25
0	1
0	1
64	0
77	47
0	29
0	0
0	0
0	10
0	0
0	0
1	0
0	10
0	3
0	3
0	14
0	14
2	0
0	0
0	0
0	0
35	22
0	21
0	16
4	2
0	1
0	0
0	0
0	0
0	0
0	0
0	24
0	87
0	1
0	1
0	1
0	6
23	5
0	0
0	63
15	0
1	5
11	63
0	1
0	32
0	36
0	36
0	0
0	2
0	2
0	0
0	0
0	0
3	1
0	1
17	41
12	42
86	37
0	10
0	7
0	4
0	2
2	0
0	0
0	0
0	1
25	3
0	1
18	112
2	0
0	5
77	13
0	111
33	93
10	100
0	100
0	21
0	1
2	7
0	0
0	0
247	0
45	152
97	152
0	8
0	0
2	0
0	59
0	59
2	61
0	0
0	9
0	9
0	0
0	0
0	0
0	0
2	0
0	1
0	8
0	0
0	0
0	0
0	1
0	0
0	0
0	0
0	0
1	2
27	0
0	0
0	0
0	0
1	0
0	15
0	15
0	13
5	6
0	4
0	372
182	291
0	116
0	1
0	0
0	0
5	372
0	19
0	19
0	0
3	5
0	0
0	1
0	1
0	1
0	76
0	1
0	1
0	0
0	1
0	1
0	1
1	45
2	2
0	17
0	16
0	43
8	23
40	36
0	23
0	0
0	7
5	13
0	4
0	4
17	0
0	0
0	0
1	0
0	12
0	12
0	5
4	0
0	11
0	18
0	3
0	10
0	1
0	4
0	0
1	29
6	48
0	0
0	0
0	0
0	1
0	0
0	0
0	41
0	3
0	2
0	41
0	1
0	1
0	1
0	3
0	0
0	1
0	3
0	3
0	0
0	0
0	37
0	1
0	0
0	0
0	6
0	2
0	8
0	0
0	0
0	0
0	17
0	0
0	2
0	0
0	0
0	4
0	0
0	0
0	2
0	0
0	0
0	0
0	0
0	0
0	5
0	0
0	2
0	0
0	2
0	0
0	0
0	11
0	29
0	0
12	211
0	209
0	5
0	4
7	0
0	0
0	14
81	0
2	59
1	0
184	85
23	0
0	95
0	95
0	2
0	3
0	0
0	11
0	10
0	1
0	1
0	2
0	0
0	0
0	1
0	0
0	10
0	10
0	0
0	1
0	0
0	4
0	4
0	0
0	0
0	5
2	0
0	0
0	20
0	117
0	1
1	0
1	0
63	54
0	0
0	0
0	0
2	18
0	4
0	44
0	28
0	0
0	0
0	0
0	0
0	0
0	0
0	0
1	0
0	0
0	0
0	0
0	0
0	0
1	0
0	0
0	0
0	0
0	0
0	0
1	0
4	0
0	0
0	0
0	0
0	0
0	0
0	0
1	0
0	0
0	0
0	0
4	0
0	0
0	5
0	0
0	0
5	1
6	1
0	0
0	0
6	0
9	0
0	0
0	0
0	0
0	0
0	0
0	0
0	0
0	0
1	0
15	0
4	0
0	0
0	0
0	0
0	0
0	7
2	0
1	0
0	0
0	0
2	0
0	0
1	0
0	0
0	0
0	0
0	0
0	0
0	0
0	8
0	0
5	3
0	0
0	0
0	0
8	0
0	0
7	3
0	0
0	0
0	0
0	0
0	0
0	0
2	3
0	0
0	0
0	0
0	1
1	0
0	0
0	0
0	1
1	1
0	0
3	1
0	0
0	0
0	2
1	0
1	0
0	0
0	0
0	0
4	0
0	0
1	0
1	0
2	0
2	0
2	0
1	0
0	0
0	0
0	0
0	0
1	0
0	0
2	0
0	1
0	0
11	0
4	4
0	2
0	0
0	0
0	0
0	0
0	0
0	0
0	1
0	0
2	1
0	0
0	0
0	0
0	0
0	0
0	0
0	0
0	0
0	0
0	0
4	0
3	0
1	0
0	0
0	0
0	0
0	0
1	0
0	0
0	0
3	0
0	0
1	3
0	0
0	0
0	0
0	0
0	0
0	0
0	0
0	0
0	0
0	0
0	0
0	0
0	0
0	0
0	0
0	0
0	0
26	4
0	0
4	0
0	0
0	0
0	0
0	0
1	0
22	0
0	0
0	0
0	0
0	0
0	0
0	0
0	0
0	0
0	0
0	0
0	0
0	5
2	0
1	0
0	0
0	0
0	0
4	0
0	0
0	3
1	3
0	3
0	3
0	3
73	0
0	0
0	1
0	1
0	0
0	0
0	0
9	4
9	1
3	27
0	12
0	15
0	15
63	1
1	2
1	1
0	2
0	2
0	0
14	10
0	10
3	4
0	4
103	18
1	18
0	11
0	11
2	1
1	1
0	1
0	0
0	0
4	0
0	0
0	0
0	0
0	0
0	0
3	17
0	8
0	8
0	4
2	1
1	1
0	11
0	11
0	0
0	0
0	0
1	0
34	23
0	7
26	238
0	27
77	46
8	11
70	9
0	4
41	0
0	9
1	9
0	53
0	2
15	2
38	58
0	12
0	0
0	4
0	0
0	12
5	0
0	5
0	2
85	26
105	468
0	1
0	13
100	0
0	54
124	38
60	0
0	0
152	9
1	0
0	18
19	0
28	23
0	7
2	0
0	1
0	0
9	0
0	0
0	0
6	0
1	0
0	0
0	3
1	8
0	0
1	0
37	11
11	23
0	1
8	0
0	0
0	0
13	0
0	0
16	6
0	54
0	1
0	5
89	0
0	13
51	510
27	26
0	0
109	126
13	19
0	0
0	0
11	0
0	18
0	2
0	0
1	0
1	18
2	20
0	0
0	0
1	0
25	276
12	10
0	7
0	0
7	2
2	1
0	9
0	12
18	18
0	1
0	0
0	12
0	79
0	0
0	6
0	2
1	61
2	7
0	0
19	8
133	43
95	0
0	3
0	26
1	0
0	8
0	0
16	0
0	0
272	21
32	285
66	577
1	16
2	1
0	0
8	144
1	98
6	8
1	0
1	0
17	43
0	1
14	19
20	39
2	78
0	0
6	24
61	22
2	8
4	0
0	0
0	0
0	5
0	5
86	114
0	2
0	2
0	1
0	0
0	5
0	5
0	5
15	0
0	0
3	0
0	0
0	0
0	0
1	1
0	0
1	0
0	0
0	0
0	0
7	1
18	8
78	150
0	0
2	139
0	108
0	0
14	15
0	15
16	0
0	0
5	19
1	0
27	12
0	3
102	0
0	0
0	0
0	0
14	9
0	3
0	0
0	0
8	0
0	0
9	23
0	0
0	0
0	0
10	32
0	0
0	0
0	1
0	1
0	5
0	5
0	5
0	5
0	0
0	0
0	1
0	2
0	2
0	0
0	0
0	0
0	36
0	52
0	21
0	30
0	36
0	27
0	3
0	18
0	12
4	45
661	38
0	9
4	2
0	1
247	30
0	3
0	3
1	4
0	0
0	0
0	0
0	0
0	0
0	0
0	29
0	47
0	29
0	12
0	49
0	52
0	52
0	0
0	7
0	7
0	39
0	47
0	9
0	17
0	8
0	19
0	3
0	7
0	6
0	46
0	1
0	1
0	1
0	0
0	1
2	0
0	0
0	18
5	0
0	1
0	1
0	1
43	9
0	9
0	0
0	0
0	0
0	4
0	9
0	9
1	0
2	29
0	43
0	2
0	1
0	0
0	0
132	36
0	0
4	0
0	0
0	0
0	10
0	29
0	23
1	29
0	29
0	28
0	22
3	0
0	38
0	41
38	10
2	1
0	1
0	1
0	1
0	27
0	27
0	7
0	26
0	18
0	29
0	47
0	0
1	4
0	23
0	6
0	21
0	51
0	12
0	8
0	30
1	0
0	6
3	6
0	45
0	25
0	4
0	8
0	11
0	44
0	10
0	46
0	34
0	32
0	11
0	23
0	8
0	1
0	2
0	45
1	4
1	0
1	2
0	43
0	8
0	11
0	0
0	45
0	0
0	4
1	7
0	2
0	4
0	49
0	10
0	46
0	11
0	5
0	29
0	17
0	16
0	3
0	19
0	38
0	3
59	0
0	0
0	0
0	0
0	0
0	3
2	6
0	0
0	13
0	29
0	8
0	26
0	4
0	19
0	15
0	0
1	2
0	0
11	1
0	1
2	0
0	0
0	5
0	5
6	14
0	8
7	1
0	1
0	0
0	3
0	0
0	0
0	0
0	0
1	0
0	3
0	3
0	3
0	3
0	3
0	3
0	3
0	0
0	0
1	0
0	0
0	5
0	5
0	0
0	163
0	168
0	5
0	6
0	6
0	1
0	0
0	1
0	1
0	0
98	47
0	20
0	9
0	0
0	0
0	0
0	0
0	0
0	1
0	1
9	0
0	0
1	0
0	0
0	0
1	26
0	21
0	2
0	0
0	0
1	36
0	24
0	2
0	1
67	148
0	97
0	1
0	0
0	0
0	0
0	0
18	0
0	14
0	14
0	0
0	1
0	13
0	0
0	14
0	19
0	1
0	14
0	1
0	1
0	13
0	13
0	0
0	13
0	0
27	14
0	14
0	8
0	6
0	5
0	1
1	43
0	43
4	909
52	893
7	443
6	96
0	1
12	2
0	1
0	1
11	2
3	1
0	1
15	7
0	0
0	0
8	0
21	4
0	4
8	4
0	4
9	6
0	3
0	1
0	1
4	2
0	0
1	63
62	89
3	0
0	0
0	0
2	2
0	0
0	0
40	11
0	0
0	3
0	3
0	5
1	1
0	2
1	1
0	0
0	13
0	13
1	0
0	0
0	0
0	0
0	0
0	0
0	14
0	14
0	3
0	8
0	0
1	0
6	0
1	0
35	0
16	0
0	3
8	4
0	2
12	0
0	2
0	4
0	4
0	2
0	0
3	0
0	0
0	5
3	7
34	0
0	0
0	0
0	0
0	0
0	0
0	1
0	1
0	3
0	1
0	0
0	0
0	0
0	0
0	0
0	1
4	0
0	0
0	0
0	3
0	3
438	275
0	10
0	0
21	55
0	1
0	0
0	0
0	0
2	3
0	3
4	29
0	0
0	0
0	0
0	37
0	37
0	0
12	2
0	2
1	1
0	0
0	103
17	3
0	103
0	4
7	128
0	23
0	88
0	7
0	2
0	21
1	22
0	1
0	1
0	0
0	0
0	7
0	3
0	3
0	1
2	0
0	1
0	1
0	1
5	1
0	1
2	5
0	0
0	0
0	0
1	1
0	1
0	0
1	0
4	0
3	1
0	1
0	3
0	0
10	0
10	0
1	7
0	0
0	0
1	1
0	1
0	0
0	0
0	0
0	0
0	0
0	0
0	0
0	6
0	6
0	10
0	10
0	0
0	0
22	180
0	145
124	161
6	3
0	3
0	4
0	0
0	1
6	0
0	0
0	0
0	0
0	0
0	0
9	29
0	6
0	1
0	4
0	4
36	34
2	4
0	1
0	1
2	1
0	0
0	4
0	5
0	2
4	0
0	0
0	0
2	2
0	2
0	0
2	0
3	1
0	1
0	0
1	0
0	0
26	13
0	1
3	2
0	1
0	1
0	23
0	23
0	1
0	1
0	0
6	0
0	0
21	5
0	0
1	2
0	3
0	2
2	0
0	0
0	0
0	86
0	48
22	11
0	10
0	19
4	29
0	34
0	30
1	23
0	8
0	0
0	0
0	6
0	20
0	0
0	15
0	0
0	4
24	7
0	2
27	45
67	9
0	2
0	2
6	0
0	0
1	0
0	0
0	9
0	9
0	2
0	2
0	70
0	39
6	28
0	24
12	0
11	0
0	0
0	0
0	1
0	0
0	0
0	0
0	0
9	0
181	20
0	7
0	0
0	0
39	0
0	0
0	0
0	9
0	2
0	1
28	5
0	1
152	150
5	117
0	0
0	0
0	0
7	1
0	1
0	1
4	1
0	0
0	0
0	0
9	3
0	3
3	0
0	0
0	1
0	0
1	2
1	2
0	0
1	1
0	1
6	1
0	0
2	0
1	0
0	0
0	0
4	0
0	2
10	26
9	37
30	26
0	0
1	0
0	0
16	348
0	1
0	0
0	285
11	5
0	340
17	310
5	3
1	18
0	11
191	88
0	20
0	16
0	7
0	18
0	68
0	0
0	3
0	0
0	0
0	66
0	66
0	57
4	28
0	56
114	56
0	23
9	57
0	2
0	0
0	3
6	23
0	11
0	7
0	42
0	10
0	14
1	20
13	16
0	8
0	0
10	3
7	23
0	3
0	2
0	8
2	3
0	7
0	10
0	0
0	0
2	0
0	0
0	0
0	0
0	0
5	10
0	2
0	0
0	0
0	0
0	0
0	0
0	0
0	0
0	0
0	0
0	0
0	1
12	3
0	0
0	0
0	6
0	0
6	0
0	0
0	0
0	0
0	6
0	0
0	0
0	0
1	0
0	0
0	0
0	4
0	0
0	0
0	0
0	0
0	0
6	0
0	0
0	0
0	7
0	0
0	0
2	0
0	0
2	0
0	2
60	0
0	0
1	0
1	0
0	0
0	0
1	0
0	0
3	5
2	0
0	0
0	2
1	0
0	0
16	0
1	2
0	0
1	0
3	0
0	0
0	0
1	0
8	0
0	0
2	0
0	1
0	5
0	0
0	1
0	0
0	0
0	0
0	0
1	2
4	1
2	0
0	0
0	6
0	1
0	0
0	0
1	0
0	26
1	0
0	0
0	0
0	0
1	0
0	0
0	8
0	0
0	0
1	9
0	0
0	0
0	0
0	0
0	0
0	0
1	0
2	0
3	0
0	0
0	3
1	0
0	0
0	0
0	0
2	0
0	0
0	0
85	116
2	0
0	0
0	1
5	7
3	0
0	0
0	0
0	0
2	0
1	0
6	0
1	0
0	0
0	4
3	0
0	1
0	0
0	0
0	0
0	0
0	0
0	0
1	0
0	0
3	9
0	0
0	0
0	9
0	0
0	0
0	0
0	0
0	0
0	0
0	0
1	0
7	4
19	0
0	0
1	5
0	0
0	0
2	0
4	0
0	0
19	1
0	0
1	0
0	0
0	13
0	0
0	0
0	0
2	0
2	0
0	0
0	0
0	0
1	4
0	0
0	1
0	0
0	0
0	0
0	6
0	0
0	0
0	0
1	0
0	0
3	0
0	0
2	1
0	0
0	0
0	0
0	1
0	0
3	0
0	0
0	0
7	0
0	0
0	0
23	0
0	0
0	0
3	1
1	0
0	0
0	0
2	10
1	0
2	0
0	0
0	0
0	9
0	0
0	0
0	0
0	0
0	0
13	0
4	0
0	3
0	0
0	0
0	2
1	0
0	0
3	0
2	0
0	0
5	3
0	2
0	0
0	0
0	0
0	0
1	0
0	0
4	0
1	3
4	0
0	0
3	0
1	0
0	0
0	0
1	17
10	0
6	0
2	0
0	0
2	0
0	0
0	0
0	0
0	0
2	4
0	0
2	0
0	7
0	0
1	0
0	0
0	0
1	0
4	0
0	0
0	0
0	17
3	0
0	0
1	15
4	0
1	0
0	0
0	0
0	0
0	0
0	0
0	4
0	0
1	0
1	1
0	4
6	0
0	0
0	0
1	0
1	0
0	0
0	0
0	0
0	0
3	1
3	0
5	0
0	2
0	9
0	0
1	0
0	0
0	0
0	11
8	0
1	0
1	0
4	0
0	2
0	0
1	2
0	3
0	0
0	1
0	10
1	1
0	0
0	0
0	0
26	0
3	0
0	0
4	0
0	0
3	0
0	0
0	0
1	0
0	0
0	0
0	0
0	0
0	0
0	6
18	0
0	0
1	0
1	0
0	0
0	0
0	0
0	0
0	4
0	0
0	0
0	0
0	0
11	11
1	0
0	0
0	0
0	0
4	11
1	0
1	0
0	0
0	0
0	0
0	0
1	0
1	0
0	1
11	0
1	0
0	0
4	2
0	0
0	0
0	0
9	0
1	0
0	0
0	0
0	0
1	3
0	0
1	0
0	0
0	18
0	1
2	0
0	0
0	0
0	7
0	0
2	0
15	0
6	0
0	0
1	0
1	0
1	0
1	0
0	1
1	0
2	0
1	0
1	0
0	0
1	0
0	0
0	7
7	0
2	0
1	3
0	7
0	3
1	0
0	0
0	8
0	0
0	0
2	0
0	0
0	7
0	0
0	0
0	0
0	0
0	0
0	0
11	1
10	0
0	0
0	0
0	1
0	0
0	0
0	0
1	6
0	0
1	2
0	0
0	0
0	0
0	0
0	0
4	0
0	0
0	0
0	2
15	0
4	0
0	0
0	0
0	0
2	0
0	0
0	0
0	0
2	0
0	1
1	0
0	0
0	0
0	0
0	0
0	0
0	0
6	16
0	0
0	0
0	0
1	0
1	0
4	2
0	0
0	0
1	0
0	0
0	0
0	0
1	3
7	0
0	31
4	0
0	0
3	0
0	1
0	0
0	0
1	0
0	0
0	0
0	0
0	0
0	0
0	0
0	0
0	0
0	0
0	0
0	1
0	0
0	0
0	0
2	0
0	0
0	0
0	0
0	0
0	17
7	0
4	0
1	1
0	0
13	0
0	0
0	0
0	0
0	0
0	0
6	2
0	3
0	0
1	0
0	0
0	0
0	0
2	8
0	0
0	0
4	1
0	0
5	0
0	0
1	0
0	0
5	0
0	3
0	0
0	0
3	0
0	0
0	0
1	0
0	0
1	2
0	0
1	0
0	0
0	0
0	0
0	9
0	0
0	0
0	0
0	0
14	0
0	0
0	1
0	0
8	1
2	0
0	1
3	0
3	0
5	0
0	0
0	1
0	0
0	0
1	0
3	0
0	0
0	0
0	0
0	0
196	0
0	0
4	0
0	1
0	0
1	0
0	0
1	0
0	0
0	0
1	0
1	0
1	0
0	0
0	0
0	8
0	0
0	0
0	1
1	27
0	0
0	11
0	0
5	0
0	0
0	0
0	11
0	0
0	0
1	0
3	0
0	5
0	5
2	0
0	0
0	0
0	0
0	0
0	0
0	0
0	13
0	0
2	0
0	0
109	0
1	0
0	6
0	0
0	0
0	0
1	0
0	0
0	0
0	1
1	0
0	0
0	0
0	0
0	0
0	0
0	0
0	0
0	1
0	0
0	6
0	0
1	0
0	0
0	7
0	0
0	1
0	0
0	0
1	0
0	0
0	0
0	0
0	0
0	0
0	0
0	0
0	0
0	0
1	0
2	0
0	0
2	0
0	0
1	0
1	0
0	0
2	0
0	0
3	0
0	0
1	0
1	3
22	0
0	0
0	0
0	0
0	0
0	0
0	0
1	0
0	0
7	0
0	0
1	1
0	0
0	0
1	2
0	0
0	0
0	0
0	0
0	0
0	0
0	0
0	0
0	0
1	7
0	0
1	0
0	0
0	0
0	0
3	0
0	0
0	0
0	0
0	0
0	0
2	0
0	0
3	1
4	0
0	0
0	0
1	0
0	13
0	0
0	0
0	0
2	0
0	0
0	0
0	0
0	0
0	0
0	0
0	0
0	0
3	0
0	0
0	0
2	0
0	0
0	0
0	0
0	0
0	0
0	0
5	0
0	0
0	0
0	5
3	0
0	0
0	0
0	0
2	0
14	0
0	1
0	1
0	0
0	0
1	0
0	0
0	0
0	0
0	0
0	0
1	0
2	0
0	0
0	0
0	0
2	0
12	0
0	0
1	0
0	3
0	0
0	0
1	0
0	0
0	2
0	0
1	0
0	0
0	0
4	0
1	0
0	0
0	0
0	0
0	0
3	0
0	0
0	0
1	0
0	0
1	0
1	3
0	0
4	9
1	5
0	11
0	0
1	7
0	2
0	0
1	0
0	0
0	0
0	0
0	0
0	0
1	0
0	0
1	0
0	0
2	0
2	2
1	7
0	2
25	51
0	0
6	0
6	0
0	0
0	0
0	6
0	0
0	9
4	0
0	0
0	0
0	0
0	0
5	0
0	0
0	0
0	0
3	0
1	0
1	0
0	9
0	2
0	0
0	0
0	0
0	0
0	0
0	0
0	2
0	0
0	4
5	0
0	2
0	0
0	0
0	0
0	0
0	0
0	1
0	0
0	0
0	0
0	0
1	0
1	0
0	0
0	2
0	0
0	0
0	0
0	0
0	0
0	2
0	0
0	0
2	0
0	1
0	1
4	7
7	0
0	4
1	0
0	0
0	0
0	3
1	0
5	0
0	0
1	0
0	0
12	8
0	3
0	0
1	0
5	0
0	1
0	0
0	0
2	0
0	0
0	0
7	0
0	0
1	0
0	0
0	0
1	0
0	0
0	0
1	0
0	0
1	0
0	0
0	0
0	1
0	0
1	0
0	0
0	10
2	0
4	0
0	0
0	0
1	0
9	0
0	4
0	0
0	0
0	14
0	0
5	0
1	0
0	0
0	3
1	0
4	0
4	0
1	0
10	0
0	0
0	0
0	0
0	0
0	0
0	0
6	0
2	1
1	0
0	4
1	0
5	0
0	0
0	0
0	0
0	0
0	0
1	0
0	0
0	1
1	0
0	8
0	0
1	12
0	0
4	0
0	0
0	0
1	0
0	0
0	1
0	0
0	0
0	0
0	2
0	0
0	0
18	2
0	5
1	1
0	0
3	1
0	3
0	0
0	0
0	0
0	0
0	0
0	0
0	0
0	0
0	0
0	0
0	0
0	0
0	0
0	0
0	0
4	0
0	0
0	0
1	0
0	0
0	0
0	7
2	0
0	0
0	0
0	0
1	0
0	0
3	0
0	0
0	0
0	0
0	0
0	0
1	0
1	0
0	13
0	12
0	13
10	5
0	3
0	0
2	9
7	0
0	12
0	11
0	12
1	2
5	2
0	0
0	0
0	0
0	0
0	0
7	0
1	0
0	0
1	0
2	1
3	0
1	0
0	1
0	0
1	0
0	0
0	3
1	0
0	6
0	0
0	0
4	0
2	1
0	0
12	0
0	0
2	0
0	0
0	0
0	3
0	2
5	0
0	2
1	0
0	54
0	0
0	0
0	41
1	0
0	0
0	0
0	9
1	3
0	0
1	0
0	0
0	0
0	1
1	0
3	0
7	0
0	0
0	0
2	0
0	0
0	0
2	0
0	0
0	0
0	0
0	1
9	0
0	1
0	1
0	1
1	0
0	0
0	0
0	0
0	0
0	2
0	1
0	0
0	0
0	9
0	0
0	0
0	0
0	0
1	0
0	0
0	0
0	0
0	0
0	1
18	0
0	0
2	0
0	0
0	0
0	0
0	0
3	0
2	0
0	0
0	0
0	0
0	0
0	0
0	0
1	0
0	10
0	0
1	0
0	2
0	0
0	0
0	0
1	0
0	0
2	5
0	0
0	0
0	0
0	0
1	0
0	0
2	0
0	0
0	0
3	0
2	5
2	0
0	0
9	0
0	0
0	0
1	5
1	0
98	2369
0	2
0	0
0	0
1	0
0	10
0	1
0	7
0	1
0	0
0	0
0	0
4	0
0	0
1	17
0	0
0	0
0	0
0	0
2	262
2	0
0	2
0	0
0	0
0	1
3	0
5	0
6	0
4	0
0	0
3	0
1	1
0	0
0	0
0	0
0	0
1	0
0	0
0	0
0	0
0	0
0	0
0	0
0	0
0	1
0	0
0	0
0	0
0	0
0	0
0	0
0	1
1	15
0	0
1	0
0	0
0	0
8	0
1	14
3	0
0	0
0	0
0	9
1	7
0	0
0	0
0	0
0	1
5	10
1	9
0	50
0	1
0	0
9	6
0	6
2	1
1	0
0	0
0	0
0	0
0	0
1	9
0	0
5	0
1	0
0	0
0	0
1	0
1	0
0	0
0	0
0	6
2	0
0	0
0	0
0	0
7	1
0	0
0	0
23	0
0	3
0	6
1	0
0	0
0	0
0	0
1	0
2	0
0	0
0	0
0	0
2	0
0	0
0	3
1	0
1	0
0	0
0	0
0	0
7	0
1	0
45	0
13	0
3	0
0	0
0	0
0	0
1	0
3	2
0	0
0	3
1	0
1	15
0	0
0	23
0	0
2	0
0	0
0	556
0	2
3	0
0	0
0	0
0	0
1	1
0	0
0	0
0	0
11	0
0	1
0	3
2	0
1	0
0	0
0	0
4	0
2	1
0	0
1	0
1	0
1	0
0	0
0	0
0	0
0	2
0	0
0	0
0	2
0	0
0	0
4	0
1	0
0	0
20	0
0	0
0	0
13	0
5	0
0	0
0	0
1	0
0	0
0	2
1	0
0	0
7	1
6	0
0	0
5	19
0	0
0	0
0	0
2	0
0	0
4	0
19	0
0	0
2	0
0	0
4	0
0	0
0	6
0	31
0	0
0	2
0	1
4	1
0	0
0	4
0	0
0	0
0	0
0	5
0	2
0	0
0	0
0	0
0	0
0	0
0	1
0	19
0	0
0	0
2	0
1	0
0	0
11	8
0	11
0	0
2	0
0	0
0	7
0	9
0	1
1	0
1	0
0	0
5	8
0	0
0	0
3	1
3	0
0	0
0	0
0	0
1	0
0	0
0	1
0	0
0	0
0	1
0	0
0	0
0	0
0	6
1	0
0	0
8	6
0	1
0	0
0	0
0	0
0	3
0	0
3	0
0	3
0	14
1	0
1	0
0	1
0	0
2	1
0	2
1	9
0	0
0	4
0	7
0	0
0	0
7	0
0	4
0	0
0	0
27	47
4	0
0	6
0	0
1	0
0	0
1	0
0	0
2	8
0	0
9	5
0	0
0	0
0	0
1	0
12	0
0	1
0	0
0	0
1	1
0	0
0	3
3	0
0	0
0	20
0	0
0	0
0	0
1	0
0	0
1	0
3	0
4	0
3	0
17	1
2	0
0	1
0	0
3	1
0	0
0	2
0	0
0	9
0	0
0	0
0	2
0	2
0	0
6	0
0	8
0	2
0	0
0	18
0	0
7	53
1	0
0	0
0	0
0	0
1	0
1	4
0	0
1	0
0	1
0	6
0	0
0	2
0	0
3	0
0	0
0	0
0	0
0	0
0	0
1	0
2	0
0	0
0	2
1	2
0	0
0	0
1	2
0	12
0	0
1	0
0	0
3	5
5	0
0	2
0	0
1	0
0	0
0	0
0	0
0	6
1	0
0	0
1	1
0	0
0	0
0	0
0	0
28	0
0	1
0	0
5	0
0	0
3	0
0	0
24	0
0	0
0	0
19	0
0	2
0	0
0	4
0	0
0	0
1	0
2	0
0	7
0	0
0	0
0	2
2	0
0	0
0	0
1	0
0	0
2	0
0	17
2	0
0	8
0	0
4	13
7	0
0	4
1	0
2	0
0	0
0	10
3	0
0	1
0	10
0	0
0	0
0	0
0	0
0	0
0	0
1	0
0	0
5	0
0	0
3	0
1	0
12	0
6	0
3	0
0	0
0	0
0	0
0	1
0	0
0	0
3	0
0	1
0	0
0	0
0	0
0	0
2	16
1	0
3	0
0	0
0	0
6	0
0	2
0	36
12	1
0	10
0	0
0	0
5	0
0	0
2	1
0	0
1	4
0	0
0	0
0	11
0	0
1	0
0	0
0	0
0	0
4	0
2	1
0	0
0	0
0	0
0	0
0	0
0	0
4	1
0	0
1	0
2	0
0	1
6	0
0	0
5	0
0	21
0	0
1	0
0	0
2	0
0	0
2	0
1	1
0	0
3	0
0	0
0	0
0	0
0	0
0	0
0	0
0	0
0	0
0	0
0	0
0	0
0	1
0	0
0	0
0	0
0	0
0	0
1	21
0	0
10	0
1	0
1	0
0	1
0	0
1	0
0	0
0	0
0	0
1	0
16	9
11	0
1	0
0	0
0	0
76	0
0	0
1	0
0	0
2	0
0	0
0	0
1	0
2	0
0	0
0	8
0	0
1	0
0	0
1	0
0	5
25	0
0	0
0	0
1	9
1	0
0	0
0	0
1	0
0	0
3	0
0	0
11	0
0	0
2	0
0	0
0	5
0	0
2	0
0	0
1	0
0	0
1	0
0	0
0	0
0	0
0	1
0	6
0	18
0	0
1	0
0	0
0	0
7	0
0	0
0	0
0	0
0	0
0	0
3	0
0	0
0	0
5	0
1	0
1	0
0	0
14	13
0	0
0	0
0	0
0	0
0	0
0	1
0	0
6	0
0	0
0	0
0	1
1	0
1	0
3	0
1	0
2	2
0	0
0	0
0	0
0	0
1	0
0	0
1	4
3	0
1	1
0	0
0	0
0	0
0	2
0	0
0	0
0	0
0	0
1	0
0	0
0	0
0	0
4	5
1	1
3	0
1	0
0	0
1	5
0	0
0	0
1	0
0	5
0	0
0	0
0	0
0	0
2	0
0	0
0	2
0	15
0	0
1	0
2	1
0	0
5	0
0	0
0	3
0	0
0	0
0	0
5	0
7	0
1	0
0	0
4	2
0	1
4	0
2	0
0	0
12	0
0	0
0	0
2	5
1	1
1	0
2	1
10	0
17	6
2	0
0	5
2	0
10	0
0	0
5	0
0	0
6	11
0	2
0	0
0	0
0	0
0	0
13	0
0	1
2	3
0	0
0	7
1	1
0	0
0	0
0	0
13	0
64	0
0	1
0	0
0	0
0	0
0	0
0	0
2	0
2	0
0	0
0	0
0	0
0	4
0	0
0	4
0	0
0	0
2	0
0	0
0	6
1	0
0	1
3	0
0	0
1	0
0	0
4	0
1	0
0	0
0	0
0	0
0	0
0	0
0	0
4	0
4	2
2	0
0	0
1	0
0	0
0	0
2	3
2	1
0	9
4	0
0	0
52	0
3	1
0	0
0	0
0	0
1	0
2	0
0	0
0	0
0	0
0	0
44	0
0	0
0	0
0	0
0	0
0	0
0	0
11	0
1	0
1	0
11	0
1	0
0	0
0	0
1	0
0	4
0	1
0	0
0	0
0	0
0	0
0	0
0	0
0	0
0	0
2	0
0	3
13	20
0	10
17	0
0	0
0	0
0	0
0	0
0	1
5	0
5	0
4	1
0	0
0	0
11	0
0	0
0	2
0	0
1	0
4	0
0	0
0	16
1	0
0	0
0	3
1	0
0	0
4	2
0	1
1	2
3	0
2	0
0	0
0	0
3	0
5	0
0	0
5	0
0	0
0	0
1	0
0	0
3	1
0	0
1	0
42	4
0	0
1	0
0	0
0	0
0	0
1	0
97	376
0	0
6	5
4	0
0	0
7	0
0	0
13	0
2	0
1	1
0	0
0	0
1	0
16	0
1	0
2	0
0	0
0	0
0	0
2	0
3	0
2	0
0	0
0	0
0	0
2	5
2	0
4	0
0	0
0	4
0	0
0	10
0	1
0	0
0	6
11	0
0	1
0	1
0	0
0	0
0	0
1	0
6	0
0	1
4	0
1	0
0	0
0	0
0	0
0	0
0	0
0	25
0	0
0	4
0	0
0	0
3	1
5	0
0	0
1	0
8	1
0	0
0	0
0	0
1	0
3	0
0	0
1	0
6	5
4	7
0	0
0	0
0	0
0	0
1	0
21	0
44	0
1	0
0	0
1	0
2	0
4	0
0	0
4	1
0	0
0	0
0	0
0	0
0	0
0	0
0	0
5	6
8	7
0	0
0	0
0	0
1	0
226	60
0	0
0	0
0	0
8	0
0	0
0	0
0	4
0	1
0	0
9	0
1	0
0	0
0	0
0	1
0	0
0	3
0	0
0	0
0	18
0	0
0	0
0	2
0	0
14	0
0	0
0	0
1	0
0	0
0	0
0	0
0	0
0	0
0	0
0	0
0	2
0	5
0	0
3	0
0	0
0	0
4	0
2	0
0	0
1	0
0	0
2	0
0	0
0	0
0	0
2	0
1	0
24	0
0	0
0	0
6	0
0	0
0	0
1	0
0	0
0	0
0	0
0	1
1	0
0	8
0	2
0	4
6	0
1	0
0	0
3	0
0	0
21	0
0	0
0	0
0	0
0	0
3	0
5	0
2	0
1	0
6	0
1	2
1	2
7	0
0	0
1	0
6	0
0	1
2	0
0	0
0	1
0	14
12	0
3	0
0	13
1	0
0	0
0	0
0	0
0	0
0	0
0	0
39	0
1	0
6	0
0	0
0	1
0	0
0	0
0	0
6	3
3	0
1	0
8	0
0	0
0	0
8	0
0	0
3	0
0	0
7	2
0	0
0	0
0	0
0	0
7	0
0	0
1	0
0	1
0	0
5	4
0	0
3	0
12	0
0	0
0	0
0	0
1	0
3	0
0	0
3	0
0	0
0	0
0	0
1	0
0	0
0	0
0	3
0	4
5	0
6	0
1	0
0	7
0	0
0	0
0	0
0	0
0	0
2	0
8	0
0	0
0	0
3	0
3	0
0	0
0	0
0	0
18	15
3	0
0	1
7	3
3	0
0	0
0	0
6	0
0	3
0	0
0	0
0	0
0	7
0	0
0	0
0	0
1	0
6	0
0	0
1	0
1	3
1	0
0	1
0	0
0	0
0	0
0	0
1	0
0	0
0	0
90	223
14	5
0	0
0	6
1	0
0	1
4	0
0	6
0	0
0	1
0	0
4	0
0	0
1	0
1	0
0	3
0	0
0	0
6	0
0	4
0	4
0	1
0	0
0	0
5	0
1	0
1	0
3	0
0	0
1	0
1	1
0	0
1	0
2	11
7	0
1	0
0	0
1	0
0	0
0	0
0	0
0	0
1	2
1	0
0	6
0	0
5	0
1	30
0	0
0	0
0	0
1	0
0	0
1	0
0	0
14	0
1	0
2	0
0	0
0	7
0	0
12	0
0	0
7	0
0	0
0	0
1	0
0	0
2	0
0	0
0	0
8	0
0	0
0	0
0	0
23	0
6	0
0	0
0	0
0	0
0	0
6	0
0	4
4	2
0	3
5	0
1	0
0	0
0	0
0	0
2	0
1	0
13	0
1	0
0	15
0	0
8	0
5	0
0	0
0	0
13	1
4	12
15	0
0	0
0	2
0	0
1	2
0	0
0	1
1	0
0	0
0	0
0	0
0	2
0	0
0	2
1	0
0	0
0	0
0	0
3	0
0	0
3	0
2	0
0	0
0	0
0	0
8	0
0	0
0	0
2	0
0	0
0	0
0	0
0	0
0	0
0	0
0	0
0	0
0	0
0	11
3	0
0	0
0	0
0	9
3	11
7	0
0	0
5	0
0	0
0	1
1	0
2	2
0	0
0	3
0	0
1	0
0	0
0	0
1	0
1	0
0	2
1	0
9	0
1	0
2	0
9	0
0	0
6	4
0	0
3	3
2	0
0	0
0	3
10	0
0	0
0	0
0	0
0	0
0	0
0	0
0	1
14	5
2	0
0	0
0	0
8	1
1	0
0	9
0	2
0	20
0	1
0	5
2	0
1	0
4	0
8	0
0	0
0	0
0	0
1	0
2	0
0	0
13	0
0	0
0	14
0	0
7	1
0	0
1	0
0	8
0	0
1	0
3	0
1	0
4	0
3	0
1	0
0	0
0	0
10	0
0	2
7	0
0	0
0	0
0	0
0	3
8	0
2	2
0	0
0	0
1	0
3	1
13	0
0	0
0	0
0	0
0	0
1	0
6	0
4	0
0	0
1	0
0	0
0	3
0	0
1	0
2	0
0	0
1	0
0	0
0	0
13	0
0	0
7	0
0	0
8	0
5	5
0	1
1	0
0	0
0	0
0	0
0	0
1	2
0	0
0	0
0	0
0	0
0	0
0	9
0	2
1	0
1	0
1	0
0	1
0	4
0	1
0	0
0	0
0	0
1	0
0	3
0	0
0	0
1	0
0	0
2	3
6	0
2	3
0	3
0	0
3	0
0	0
0	0
6	0
0	0
1	2
0	0
2	0
0	8
4	0
0	0
1	0
0	1
1	1
0	2
0	0
0	0
1	0
0	0
0	1
0	0
1	0
0	0
34	31
0	0
0	0
0	0
6	0
0	0
6	0
0	0
6	0
4	0
0	0
1	0
0	0
4	0
0	0
0	0
0	0
0	7
1	0
0	0
0	0
0	0
1	0
21	0
3	9
1	0
0	0
8	0
0	0
1	5
1	0
0	0
0	0
0	0
2	1
0	0
0	0
1	0
0	0
1	0
1	0
0	0
0	0
0	3
1	0
2	0
0	0
0	0
0	0
0	0
2	0
0	0
1	0
0	0
0	0
0	0
15	0
0	0
0	0
0	0
1	6
1	0
0	0
2	0
0	0
0	0
0	0
0	0
2	7
6	0
0	0
0	0
1	0
1	0
0	2
2	7
0	0
0	0
0	0
0	1
0	0
0	0
0	0
1	0
1	0
4	8
321	0
1	0
0	0
0	0
28	0
3	10
1	0
0	0
0	0
1	0
0	3
0	0
2	0
6	4
0	1
0	0
1	0
1	11
0	0
0	0
0	0
14	0
0	2
1	0
0	0
0	32
0	0
1	0
0	0
0	0
11	0
0	0
10	7
0	0
0	1
0	0
0	0
0	0
3	1
0	0
4	0
1	2
1	0
0	0
0	4
0	8
3	0
1	0
2	0
0	0
3	0
1	0
0	0
2	0
0	0
0	0
0	0
0	1
0	0
12	5
0	0
0	0
0	0
0	0
0	0
0	0
3	0
1	0
0	0
0	0
0	0
19	10
0	0
0	0
1	0
79	37
0	0
4	0
1	0
0	0
0	1
0	0
0	81
0	0
0	0
0	0
0	0
3	0
5	0
0	0
0	1
0	0
0	13
0	0
10	63
0	0
0	0
0	0
0	0
0	0
0	0
0	0
0	16
0	0
0	0
1	20
5	0
1	0
6	0
2	0
0	7
0	0
1	0
0	0
1	0
7	0
4	0
2	0
0	7
0	0
0	0
5	0
0	0
8	0
0	0
0	0
0	0
0	0
0	0
0	0
0	9
0	1
0	0
0	0
0	0
0	1
1	0
1	0
0	0
3	0
0	0
0	0
0	0
0	0
0	0
0	2
0	0
11	0
0	0
0	6
0	3
0	0
0	0
0	0
0	0
0	0
0	0
0	0
0	0
0	0
0	0
2	0
0	0
1	1
0	0
1	0
0	19
0	0
0	0
0	0
0	1
1	0
1	0
7	0
118	19
0	0
0	0
0	0
0	1
5	0
0	0
0	0
3	0
0	0
0	0
0	0
0	0
0	0
0	0
1	2
1	0
0	0
0	0
0	0
0	1
0	0
7	5
0	0
2	0
3	1
0	0
6	0
1	0
1	0
0	0
0	13
12	0
0	0
0	0
0	0
0	1
0	0
4	2
0	0
0	0
0	0
1	0
0	13
0	0
4	0
18	0
0	0
0	4
2	0
0	0
0	4
0	1
0	0
0	0
2	0
7	0
0	0
1	0
1	0
0	0
1	0
0	0
2	0
10	8
10	0
0	0
0	0
0	0
0	0
1	8
0	0
0	0
0	0
0	0
4	0
0	0
7	3
0	0
5	0
1	2
0	0
0	0
0	0
0	0
0	0
3	0
1	0
0	0
0	0
0	0
0	0
0	0
0	0
1	0
0	0
1	0
0	0
0	0
0	0
0	0
10	0
6	0
1	0
0	0
4	7
0	0
0	0
0	0
7	1
0	0
3	6
0	0
0	0
0	0
2	0
0	1
0	3
2	0
0	13
3	0
4	0
0	0
1	11
17	0
0	0
1	9
2	1
0	0
0	1
0	0
0	0
0	0
0	4
0	0
0	24
0	0
0	0
0	0
1	0
0	0
17	0
0	0
0	0
0	0
6	79
0	0
0	0
0	0
0	0
0	0
2	1
0	0
0	0
0	0
8	0
2	0
1	0
0	0
0	31
1	0
7	60
0	0
0	3
3	0
4	0
3	0
3	0
0	0
0	0
0	0
10	5
1	0
1	0
0	0
1	0
0	0
0	6
2	0
0	0
0	0
6	0
0	1
0	0
0	0
8	0
2	0
1	0
5	8
0	0
0	5
0	0
0	5
8	1
22	397
9	0
0	0
0	0
9	8
0	0
12	1
2	0
0	5
0	4
0	4
9	0
0	0
0	13
2	4
0	0
0	0
0	0
0	0
1	0
0	0
4	9
5	4
0	2
0	0
0	0
0	0
1	0
13	0
0	0
2	0
1	0
1	0
4	0
31	22
0	0
211	497
0	0
0	0
0	0
0	0
3	0
0	0
1	0
0	0
3	0
11	1
0	10
4	3
1	0
0	2
1	58
0	0
0	0
1	1
0	0
3	0
0	0
0	0
11	0
1	0
0	0
0	0
0	0
3	0
2	0
0	0
0	1
1	1
4	0
0	0
0	0
0	0
0	4
0	0
0	0
0	0
0	0
4	0
6	0
4	0
1	0
0	0
0	0
0	0
0	2
0	0
1	1
0	0
1	0
0	0
0	0
0	0
2	0
1	0
0	0
4	2
0	2
0	0
3	0
0	0
0	0
3	0
0	0
0	0
20	12
19	0
299	37
87	199
3	0
0	0
0	0
0	0
0	0
0	1
7	0
0	0
0	0
0	2
1	0
0	3
0	0
0	0
0	0
6	0
0	0
2	0
0	0
5	0
0	0
0	0
0	1
0	0
3	0
1	0
14	0
0	0
0	0
12	397
33	15
0	0
0	0
0	0
0	0
0	0
0	0
0	0
1	0
1	0
0	58
1	0
0	6
0	0
0	0
7	0
0	0
0	0
0	1
0	0
0	0
0	0
4	0
2	0
0	0
0	0
0	58
1	0
24	58
0	0
1	0
0	1
0	0
0	0
5	0
0	1
0	1
0	1
0	0
0	0
0	0
7	0
0	1
0	0
16	0
0	0
2	0
0	0
2	0
0	0
0	0
1	4
19	0
1	6
0	0
0	0
0	0
0	0
0	0
0	0
1	0
3	0
4	0
0	1
0	0
3	0
0	0
6	0
0	0
1	6
0	0
0	0
0	0
0	0
0	0
0	0
0	0
0	0
3	0
0	0
0	6
0	0
2	0
0	0
0	0
0	0
0	4
6	0
1	0
5	0
0	0
0	0
5	0
1	7
0	0
5	0
1	1
3	8
0	0
0	9
0	0
1	0
4	0
4	10
0	0
0	0
0	12
0	0
0	0
14	2
3	0
0	0
10	0
0	0
0	0
1	1
0	0
0	0
0	0
1	0
115	31
2	3
3	0
4	0
0	10
0	0
0	5
0	0
1	0
3	0
0	0
0	1
12	11
1	0
0	0
6	0
0	0
0	0
0	0
0	0
0	0
0	0
0	0
0	0
1	12
1	6
0	0
0	0
3	0
0	0
0	0
2	0
4	12
0	0
0	0
1	0
0	0
2	10
0	0
2	0
6	0
0	0
0	0
4	0
4	0
11	1
0	0
1	0
0	0
0	0
0	0
0	0
4	0
1	1
1	0
1	0
3	0
0	0
0	14
0	1
0	0
0	0
0	0
0	0
0	0
1	0
0	0
0	0
0	0
0	0
1	0
0	0
0	0
0	0
0	0
0	0
98	29
0	0
0	0
5	0
1	0
0	0
5	0
1	0
0	16
0	5
0	1
0	0
0	1
0	0
0	0
0	0
10	0
0	7
0	0
0	0
1	0
0	6
1	5
0	12
0	1
0	0
2	0
0	0
0	0
0	5
17	4
0	0
0	0
1	0
1	0
2	0
1	1
0	0
0	0
0	1
0	0
0	0
0	0
23	0
0	0
1	0
1	0
0	0
72	1
8	0
0	0
0	0
1	0
0	0
0	0
3	0
0	0
1	0
90	0
0	0
1	0
3	0
0	0
0	2
0	0
0	0
0	0
0	1
0	0
0	0
0	0
0	0
0	0
0	0
1	0
0	0
0	0
0	0
6	0
0	0
0	4
3	1
2	0
0	0
0	0
0	0
1	0
1	0
0	0
0	0
0	0
2	3
0	0
0	0
0	0
0	0
0	0
9	0
16	0
0	0
1	0
0	1
0	0
0	2
0	0
0	0
1	0
4	0
1	0
0	0
3	1
0	2
0	0
0	0
0	0
0	0
4	6
0	0
0	1
0	0
0	0
0	0
1	0
0	0
2	0
1	0
0	0
0	0
26	0
0	0
0	0
0	0
0	0
1	0
0	0
0	0
2	0
0	0
0	0
0	1
0	2
0	0
1	1
0	0
0	0
0	0
1	0
0	0
1	0
3	0
0	0
0	0
0	0
0	0
0	0
6	0
0	0
0	1
0	0
0	0
0	0
0	0
0	1
0	0
0	0
1	0
0	0
0	0
2	0
1	0
0	0
1	2
1	0
0	0
0	0
0	0
8	4
0	0
4	0
3	0
0	0
6	0
0	0
0	0
0	0
0	0
0	0
1	0
0	5
0	0
0	0
4	4
1	0
1	0
0	0
1	0
0	0
1	0
2	0
0	0
0	0
2	0
4	1
0	0
0	0
0	0
2	0
0	0
1	0
15	0
0	0
3	0
0	0
0	1
0	5
0	0
0	0
0	0
0	59
0	0
0	0
1	0
1	0
0	0
2	0
0	20
4	0
0	0
0	5
0	0
0	0
0	0
0	5
0	0
2	0
0	1
0	0
0	0
2	0
0	0
0	2
0	0
1	0
8	0
0	0
0	0
0	0
2	0
10	0
0	1
5	0
0	4
0	0
0	0
1	0
1	0
0	0
0	0
0	0
0	0
0	1
0	0
2	0
0	0
0	4
0	0
0	0
0	0
0	0
1	1
0	0
0	4
0	0
0	0
0	6
1	1
0	0
4	0
4	1
0	1
4	3
0	0
7	0
0	1
0	0
0	0
0	0
0	0
0	0
8	0
1	2
0	0
0	0
0	0
3	0
0	0
0	3
0	0
0	0
1	0
0	0
2	0
1	0
0	5
2	1
0	0
0	0
0	0
2	0
0	18
0	0
0	0
0	1
1	4
0	0
0	0
0	1
0	9
1	0
0	1
0	0
0	0
1	0
0	2
0	0
0	8
1	0
0	13
0	0
0	0
8	0
4	0
4	0
2	0
2	0
5	0
0	0
1	0
1	0
0	0
0	0
5	0
0	0
0	0
2	0
0	0
1	0
0	0
0	0
0	0
0	0
0	0
0	0
0	0
4	1
0	0
1	0
0	0
0	0
9	6
0	0
1	0
4	0
1	0
1	0
5	13
1	0
1	0
8	0
1	0
0	0
0	0
0	0
0	0
7	0
3	0
5	0
0	11
0	0
0	0
1	0
1	0
6	0
0	8
0	0
1	0
3	9
2	0
0	0
6	22
0	0
0	15
0	0
0	0
0	0
2	0
2	0
1	0
0	0
1	0
0	0
0	0
0	0
0	0
0	1
0	0
0	0
0	2
15	2
4	0
0	8
4	0
0	0
0	0
0	0
0	0
0	0
0	0
10	0
4	0
0	0
1	3
0	0
3	0
1	1
1	1
0	0
0	0
0	0
0	0
0	0
0	0
1	0
0	1
2	0
9	0
1	0
0	0
0	0
1	0
0	0
8	0
0	3
0	0
0	1
0	0
2	0
0	0
0	0
0	0
0	0
0	3
1	0
1	0
0	0
0	2
0	0
5	0
2	0
0	0
0	0
0	0
0	0
0	0
0	0
0	0
0	0
0	3
1	0
1	0
0	0
4	11
0	15
0	0
0	7
0	0
0	2
0	0
0	0
0	1
0	0
6	0
0	0
0	0
22	48
13	16
0	4
2	3
0	45
0	0
39	8
0	0
1	0
0	0
0	6
0	0
0	26
19	0
0	0
0	9
0	17
1	0
1	0
0	1
2	0
0	0
0	0
0	0
1	0
0	0
0	1
0	0
4	0
0	0
8	0
5	0
0	0
1	2
1	0
0	0
1	0
0	2
0	0
0	2
0	0
1	0
0	0
4	0
0	1
2	0
0	0
6	0
0	0
0	0
0	0
5	6
0	0
1	0
1	0
10	0
0	5
2	0
3	0
0	0
0	0
0	0
0	0
0	0
0	25
25	0
0	0
4	0
4	5
0	2
0	0
1	5
0	0
0	0
10	0
0	1
0	0
0	0
0	0
0	0
2	0
0	0
1	1
0	0
0	1
1	0
4	1
1	1
0	0
1	0
4	0
0	0
0	0
0	0
2	0
0	20
0	0
0	0
0	0
0	0
10	2
0	0
2	0
0	9
0	0
3	3
1	0
4	5
0	1
0	0
0	0
0	10
0	0
0	0
0	7
5	0
0	0
1	0
1	17
0	0
1	0
0	0
0	0
0	0
2	0
0	0
0	0
0	0
0	0
0	0
1	0
1	0
1	0
0	0
0	0
0	0
0	1
1	0
0	0
0	0
0	0
0	0
0	2
1	0
1	0
0	0
0	10
0	0
2	0
0	0
0	0
0	0
1	0
1	0
0	0
0	0
6	0
0	0
0	0
2	0
0	0
0	0
0	0
0	34
0	1
0	0
1	0
0	1
5	0
0	0
1	0
0	0
0	0
0	0
1	0
0	0
2	0
0	0
0	0
1	0
4	0
0	0
0	1
1	0
5	4
0	0
0	0
0	1
0	0
0	0
0	0
0	0
5	0
0	0
0	4
0	0
0	0
1	0
1	0
9	0
0	0
0	0
0	0
0	0
0	4
0	0
0	0
6	0
0	0
1	0
0	0
6	0
1	0
0	0
0	1
1	0
0	0
0	0
0	6
1	1
4	0
0	1
0	6
1	1
0	0
0	0
2	6
0	0
0	0
0	0
3	0
6	0
0	0
0	4
0	0
0	6
0	0
0	0
0	0
3	1
0	0
1	11
2	0
0	16
1	0
0	0
3	0
0	0
3	0
17	0
1	0
0	0
0	1
0	2
0	0
4	1
0	0
0	0
0	2
6	0
0	0
0	0
10	4
0	0
0	0
0	0
4	0
2	0
0	1
0	0
3	0
1	1
0	0
2	7
0	0
3	0
4	0
0	0
5	0
0	0
1	0
0	0
1	2
0	0
0	8
0	8
0	0
4	0
0	3
2	0
0	0
12	0
1	0
0	0
0	1
0	1
1	0
0	0
0	1
0	0
0	2
0	0
1	0
0	1
0	0
0	0
0	0
1	0
0	1
0	2
0	0
0	8
0	0
0	8
0	0
0	0
0	0
0	0
0	0
0	2
0	9
0	1
1	0
9	4
0	0
1	0
0	0
0	0
0	0
0	0
0	0
0	0
0	1
4	0
0	1
1	0
1	0
0	0
1	0
9	0
0	16
12	0
0	0
0	0
4	0
0	0
0	0
0	0
0	0
0	0
0	0
0	0
26	4
7	0
3	3
0	1
0	0
0	4
0	2
0	0
0	0
0	0
2	3
0	0
0	0
1	0
1	0
0	0
0	0
0	0
0	1
2	0
0	0
3	0
0	0
0	0
2	0
12	0
1	0
0	4
2	9
7	0
0	1
0	0
2	0
0	0
0	0
1	0
0	0
1	31
4	0
0	4
0	5
9	0
0	0
0	0
0	1
0	0
0	0
0	0
0	0
0	2
0	0
0	2
0	0
0	1
0	3
0	0
0	0
0	0
3	0
0	3
2	0
0	0
0	0
0	2
1	5
0	0
3	0
0	0
33	0
0	0
0	0
0	1
0	0
0	0
0	0
2	0
48	0
0	1
0	0
3	0
0	4
1	2
0	0
0	0
1	1
0	0
0	0
0	0
0	0
0	0
0	0
0	0
0	0
0	0
0	0
0	0
0	0
0	0
0	0
0	0
0	0
0	8
7	0
0	4
0	0
2	6
0	0
8	0
0	0
0	0
0	0
0	0
0	0
0	20
0	0
0	0
1	0
0	4
0	0
0	0
0	3
0	1
0	0
0	0
4	1
0	0
0	0
0	9
1	1
0	0
0	0
3	0
2	0
0	7
0	0
3	0
0	0
0	0
0	0
1	0
0	6
0	1
0	0
2	0
0	0
1	0
0	0
2	0
0	0
0	0
13	0
0	0
0	0
0	0
0	1
1	0
0	0
0	2
1	3
1	10
0	0
0	0
0	0
0	0
0	0
1	0
0	0
0	0
0	0
0	0
0	0
0	0
0	0
4	0
0	0
0	0
0	0
4	0
0	0
0	0
0	0
2	0
0	0
0	0
11	0
0	0
0	0
0	0
0	0
1	2
0	0
0	0
14	10
1	0
0	0
0	0
0	2
0	7
3	8
0	0
0	0
0	0
0	0
1	4
0	0
0	0
1	0
0	0
5	0
0	0
0	0
0	0
0	1
0	0
0	0
0	9
0	0
0	0
0	0
0	0
0	0
0	0
5	1
0	0
0	0
8	0
0	0
0	0
2	0
0	4
0	0
10	0
0	1
0	0
0	0
0	0
0	0
1	0
1	1
0	0
1	0
0	0
1	0
0	0
1	2
4	0
0	1
0	0
0	0
2	2
0	0
0	3
0	0
0	5
0	1
1	0
1	0
0	0
0	0
0	0
0	0
3	0
4	0
0	0
2	0
0	0
0	0
3	0
1	0
1	0
0	0
0	0
0	0
0	0
0	0
0	2
6	0
0	1
5	0
5	0
0	0
0	0
69	0
0	1
0	0
0	0
0	0
0	0
0	0
0	0
4	0
0	1
0	0
7	0
0	0
0	0
0	0
0	0
2	0
0	0
0	0
0	0
0	8
0	1
3	0
0	0
0	4
0	0
0	0
0	0
0	0
0	0
0	0
0	0
0	0
0	0
0	0
11	1
7	0
0	0
1	0
323	1017
1	0
0	0
0	0
0	1
4	0
0	0
0	0
0	0
0	0
0	0
1	0
0	0
0	0
1	0
0	0
1	0
1	0
0	0
6	0
2	0
1	0
0	1
26	0
1	0
0	0
0	0
0	0
2	0
0	0
13	0
2	7
0	0
2	1
1	0
0	0
2	0
0	0
0	0
0	0
5	0
1	1
0	0
0	1
0	0
1	0
0	1
0	0
0	0
0	0
0	0
0	0
0	0
1	0
1	0
0	4
0	0
1	0
0	0
1	0
0	0
0	0
0	0
0	0
1	1
0	0
0	0
1	1
0	0
0	5
1	3
0	0
1	0
0	0
0	0
0	0
1	0
0	0
1	0
0	2
1	0
0	0
8	0
0	0
0	10
0	0
5	0
1	0
0	0
4	0
1	1
0	21
1	0
0	1
0	13
0	0
0	0
0	10
0	1
4	0
0	0
0	0
1	0
0	0
2	0
3	0
2	3
0	0
0	1
0	0
0	0
1	0
0	0
11	0
1	0
0	1
14	0
0	0
0	0
0	0
4	0
3	0
4	0
10	0
0	0
4	0
0	0
3	0
0	0
0	0
2	0
1	0
0	0
0	0
4	0
0	0
0	0
0	0
0	0
0	43
1	0
0	0
0	0
0	3
0	0
30	0
0	0
0	0
0	0
12	0
0	0
0	0
4	1
0	1
2	2
0	0
0	0
0	3
1	0
51	106
0	0
0	0
2	20
0	8
2	0
0	0
0	0
0	0
0	0
0	8
0	0
1	0
3	0
0	0
0	2
8	0
1	1
0	0
0	0
3	0
0	0
0	0
0	2
0	0
0	0
0	0
0	0
1	0
0	0
0	0
0	0
0	4
0	0
0	0
0	0
0	0
0	0
1	1
8	0
0	3
0	0
5	0
0	1
0	0
1	1
4	1
1	1
0	0
0	0
0	0
1	0
0	0
0	0
0	0
1	4
0	0
0	0
3	0
65	33
2	0
66	0
0	0
0	0
0	0
0	0
6	0
0	0
0	0
0	0
0	0
0	0
0	0
0	0
6	0
0	0
0	0
2	6
58	150
0	0
0	2
0	0
0	0
0	0
97	47
0	0
0	0
0	0
4	4
0	0
1	0
0	0
0	0
12	0
0	0
1	0
0	0
5	1
0	0
0	0
0	0
9	0
0	1
0	0
5	0
0	0
0	0
0	0
0	0
0	0
4	0
0	0
0	1
0	0
0	0
1	0
0	0
8	0
2	0
4	0
0	0
1	0
3	21
1	0
0	0
1	0
0	0
0	0
0	0
0	5
0	0
3	0
2	0
3	0
0	1
3	0
5	0
0	1
0	5
13	0
0	0
2	3
0	1
1	1
0	0
5	1
0	0
2	0
0	0
2	0
0	0
0	1
0	0
1	0
5	0
1	0
0	8
0	0
1	0
0	3
0	0
0	0
2	0
1	0
0	0
0	1
6	2
0	0
11	0
0	0
0	0
12	0
0	0
2	0
2	4
0	0
0	0
1	0
0	0
10	13
0	0
0	0
4	0
1	0
1	0
0	0
0	0
0	0
0	0
0	40
0	0
1	0
0	0
7	0
1	4
4	0
0	0
1	0
0	6
0	0
1	0
2	0
1	0
3	0
1	3
0	0
3	0
0	0
0	0
0	0
0	0
16	0
0	0
1	0
0	0
0	0
0	27
2	0
0	0
42	0
0	0
18	0
0	0
10	0
0	1
0	0
0	0
0	0
0	1
0	4
2	0
2	0
0	1
0	13
0	0
0	0
0	5
0	0
0	0
0	0
0	0
0	0
0	0
0	0
0	0
0	0
0	0
0	0
1	6
1	11
0	1
0	0
0	1
0	0
0	0
0	4
1	0
2	0
1	0
0	0
0	0
0	0
3	0
0	2
2	0
0	1
0	0
3	0
2	0
2	7
0	0
50	71
4	0
0	0
0	0
0	0
0	4
0	0
0	0
0	0
1	0
11	0
0	0
1	1
0	1
1	1
0	3
1	0
3	0
0	0
4	0
1	0
9	2
0	0
1	0
4	5
1	0
1	2
0	0
0	0
0	0
0	1
0	7
0	6
0	0
0	0
2	73
0	0
0	0
0	0
0	1
4	0
0	0
13	0
0	0
1	0
0	0
8	2
0	0
2	0
1	8
3	1
0	1
0	0
0	0
0	0
1	0
0	0
0	0
24	0
0	0
0	1
0	0
0	0
0	1
0	0
0	0
0	0
1	0
0	0
0	0
2	0
0	0
0	0
0	0
0	0
8	0
13	0
0	0
0	0
0	0
0	0
1	1
0	0
1	0
1	0
0	0
2	0
1	10
0	2
1	0
8	0
2	1
0	4
2	0
0	0
0	0
0	0
1	2
6	0
0	9
0	13
0	0
4	0
1	0
0	0
8	0
1	0
1	0
0	0
0	0
0	0
0	0
1	0
4	0
0	0
0	0
4	0
0	0
0	0
0	0
2	0
0	0
0	1
0	0
2	0
0	0
0	0
4	0
0	0
0	0
10	0
0	5
0	0
0	0
0	0
0	20
8	0
0	0
0	4
5	1
0	0
1	11
0	0
1	0
40	0
0	0
0	0
0	1
0	0
0	7
0	2
18	7
1	0
0	21
0	0
2	0
6	49
4	0
0	21
0	0
0	0
0	6
0	0
0	0
0	1
0	0
0	0
0	0
80	37
1	0
0	0
0	3
0	0
3	0
0	8
0	0
1	0
1	0
0	0
0	0
7	0
0	0
2	1
0	0
1	0
12	0
0	0
1	0
1	0
0	0
1	0
0	0
0	0
9	0
0	1
0	0
9	1
0	0
1	0
0	0
1	1
0	0
1	0
4	0
0	0
0	2
0	12
0	9
1	2
3	18
0	0
1	0
3	132
8	6
8	0
0	0
0	0
0	0
0	4
1	0
0	0
0	0
0	0
0	0
0	0
0	0
0	0
0	0
1	0
0	0
0	0
0	0
0	0
0	0
3	0
3	0
0	0
0	0
0	0
1	0
0	0
1	0
0	0
0	0
1	0
0	0
0	0
0	0
9	0
0	0
1	0
3	0
0	0
9	0
0	0
0	0
0	0
0	0
0	0
0	10
0	0
0	0
0	0
4	6
3	0
1	0
0	2
0	0
0	0
0	0
0	0
0	0
0	19
0	0
0	1
0	0
0	0
1	4
0	0
1	0
0	0
1	0
2	0
6	0
0	0
0	0
6	6
0	0
0	0
1	7
1	0
8	5
0	0
0	0
1	0
1	0
2	0
3	0
0	9
0	0
0	0
0	0
0	0
8	0
0	0
0	0
0	1
0	0
7	0
1	7
0	0
0	0
7	0
1	0
0	0
0	0
1	0
2	0
0	0
0	0
0	0
0	0
0	0
0	0
6	0
0	0
0	0
0	1
0	0
0	0
2	0
0	0
0	0
2	12
2	0
0	1
4	0
0	0
0	3
0	2
0	0
0	2
0	0
0	0
17	0
0	3
1	0
4	0
0	0
0	0
0	0
1	6
0	15
0	0
0	5
1	0
7	0
0	0
1	0
0	0
0	0
5	2
0	0
7	0
0	5
0	0
3	1
0	0
0	4
4	0
13	0
1	0
0	1
0	0
0	0
0	0
0	0
2	1
0	0
0	0
0	0
0	1
0	0
0	0
3	0
0	7
1	0
1	0
0	0
0	9
0	0
0	0
0	2
0	6
0	0
1	0
0	1
0	0
7	0
1	0
0	0
0	0
0	0
0	0
0	0
0	0
0	0
1	0
0	0
2	0
1	1
0	0
0	0
0	0
1	0
0	1
5	0
1	0
0	0
0	0
0	0
5	0
1	0
2	0
1	0
1	0
0	0
0	0
0	0
3	0
0	0
0	0
0	0
8	0
1	8
2	0
0	0
0	1
5	6
0	1
0	0
0	0
1	0
0	0
0	0
0	0
0	0
1	0
1	0
4	3
3	0
0	0
0	6
0	0
0	0
1	1
0	3
1	2
1	0
14	0
2	0
0	0
0	9
1	0
0	0
0	0
7	15
0	0
1	0
0	0
7	0
0	2
4	11
1	0
3	0
1	0
0	0
1	0
0	0
0	0
1	2
0	0
1	0
0	0
0	38
0	0
0	0
0	0
0	3
0	0
0	0
6	3
0	0
0	2
0	0
0	0
0	3
0	0
3	1
0	1
0	1
0	0
1	0
3	17
0	0
0	1
4	0
0	0
0	0
0	0
0	0
0	12
0	0
1	1
0	0
0	0
0	0
0	0
0	0
0	0
0	0
0	0
4	0
0	0
1	0
0	0
2	0
0	0
0	0
0	0
0	0
6	0
1	0
0	0
0	0
0	0
0	0
0	0
0	0
0	0
6	0
4	0
2	0
1	0
0	0
0	0
0	86
0	9
0	3
0	1
0	86
2	0
0	0
2	0
2	14
0	0
0	0
0	1
1	0
3	0
0	0
0	0
0	0
26	0
0	1
8	0
0	0
0	0
0	0
0	0
1	0
0	0
0	2
0	0
0	0
6	1
0	0
1	0
0	0
2	0
1	1
0	0
0	0
0	0
1	0
0	0
0	0
3	0
0	1
0	1
0	3
11	1
2	1
5	0
0	0
0	3
0	1
0	0
0	2
0	0
0	0
0	1
0	0
1	0
0	0
0	0
0	2
0	0
8	0
0	7
1	0
0	0
0	73
0	8
1	0
0	0
25	0
1	1
0	0
5	1
0	0
0	1
0	0
0	6
7	0
0	1
21	0
3	0
0	1
0	0
0	0
1	0
0	0
0	0
58	0
63	0
1	0
0	0
0	0
2	18
0	0
0	0
0	0
0	0
5	0
0	2
0	0
0	0
0	0
0	0
0	0
0	0
0	0
0	2
0	0
0	0
0	1
0	0
0	0
0	32
0	0
0	0
1	0
0	0
0	0
6	2
0	0
1	0
0	0
1	1
0	7
0	0
0	0
0	0
0	0
0	0
1	0
0	0
0	0
5	0
0	0
1	0
0	0
0	0
151	0
2	0
0	0
0	1
11	0
0	8
0	0
0	0
42	0
1	0
1	0
0	0
0	0
0	0
7	0
0	1
1	0
0	0
0	0
0	0
0	0
3	0
0	0
2	0
8	2
0	11
0	0
0	0
0	0
0	0
0	3
0	3
0	0
3	8
0	16
0	1
0	0
3	0
1	0
0	0
1	8
0	0
0	7
0	0
0	0
2	0
0	0
0	0
0	0
0	0
0	0
0	0
0	0
0	0
0	0
3	0
0	0
0	0
1	0
0	0
0	0
0	0
1	0
2	0
0	0
0	0
1	0
0	0
1	0
2	0
0	0
0	0
0	0
1	0
0	0
1	6
0	0
0	4
3	0
0	0
0	0
0	0
0	0
8	2
0	0
5	0
0	0
1	0
0	1
0	0
3	0
29	0
1	0
19	0
0	0
2	1
0	0
4	0
0	0
0	0
0	1
1	0
0	12
0	0
1	0
2	8
0	3
0	2
0	1
1	2
0	0
8	0
0	0
0	0
3	0
0	0
0	0
0	1
0	0
0	0
0	0
0	0
7	1
0	0
2	0
0	0
0	0
0	2
0	0
2	0
0	13
0	0
0	0
0	1
0	0
0	0
0	3
3	7
3	0
0	0
0	2
0	0
0	0
0	0
0	0
0	4
8	0
1	0
0	0
1	1
0	0
11	0
6	0
1	0
0	4
2	2
11	11
137	287
0	9
0	0
4	9
0	4
0	0
0	12
0	0
1	0
0	0
6	50
1	0
2	0
0	3
0	0
10	0
0	0
0	1
0	1
0	0
0	0
7	0
0	0
3	0
5	0
0	0
0	1
3	1
1	0
1	0
0	0
0	0
0	0
2	0
4	2
0	0
2	3
0	0
3	0
0	0
0	0
1	3
0	2
0	0
0	6
1	0
1	0
0	0
5	0
1	0
1	0
2	0
15	0
0	2
0	2
0	0
2	0
0	0
3	3
0	0
0	0
0	0
1	0
0	0
2	0
0	0
0	0
0	3
0	0
1	1
5	0
0	15
0	0
9	5
0	1
0	0
0	0
0	0
1	0
1	0
0	0
18	15
11	0
7	0
1	0
0	1
2	0
0	0
0	0
0	0
0	1
1	0
1	7
0	0
0	0
0	2
0	0
0	0
0	0
2	0
0	0
0	0
0	0
5	0
0	0
0	0
0	0
1	2
0	0
2	0
0	2
0	0
0	0
2	0
1	0
0	1
1	1
7	0
10	1
0	0
0	0
0	0
10	8
0	0
0	0
1	0
3	0
0	0
0	3
0	0
1	0
3	0
1	0
4	0
3	0
0	1
1	0
3	0
0	0
8	0
0	0
5	0
0	0
6	0
0	0
5	0
0	0
2	0
0	0
0	0
0	0
0	0
0	0
1	0
0	0
2	1
3	0
0	0
21	0
0	0
1	0
0	0
0	0
0	0
0	0
1	0
0	0
0	0
0	0
2	21
1	0
0	0
0	0
1	0
1	0
0	4
0	0
2	0
0	0
8	0
1	0
106	13
1	0
0	0
0	0
0	0
3	0
1	0
3	0
0	2
0	0
0	0
0	2
0	1
0	0
4	0
0	0
0	1
2	1
1	0
0	0
0	0
0	0
1	0
0	1
0	0
4	12
0	7
6	0
0	0
0	0
0	0
0	0
1	0
1	0
5	0
0	0
0	0
0	0
1	0
0	1
0	2
1	0
0	2
0	0
7	0
0	0
0	0
1	0
0	0
0	0
0	2
0	1
1	1
0	0
4	0
2	0
0	0
0	0
0	2
0	0
0	0
0	0
2	1
1	0
79	79
0	0
9	0
0	0
0	7
0	0
0	0
5	0
0	0
3	0
0	0
0	0
87	0
1	0
0	0
0	0
8	0
0	0
0	0
0	0
1	3
1	0
14	2
17	0
3	6
1	0
0	0
0	0
3	0
0	0
0	0
0	0
0	8
11	0
0	0
0	0
0	0
0	0
15	70
0	9
0	2
0	0
4	0
1	0
0	0
0	0
1	0
1	0
8	0
1	1
0	0
7	0
1	6
0	0
0	0
2	0
1	0
0	0
0	0
0	0
1	18
0	2
0	0
1	0
0	0
0	2
0	0
0	0
0	0
0	0
0	0
4	0
0	0
1	0
2	0
0	0
0	0
0	1
0	0
0	2
0	0
0	1
0	0
7	2
1	0
4	0
0	0
0	0
0	0
0	0
0	0
2	0
0	0
1	0
0	0
0	0
3	0
0	92
0	3
0	0
0	0
0	0
0	0
3	0
0	0
0	6
0	32
4	0
0	3
0	6
1	0
1	0
0	0
1	0
4	0
0	0
0	0
61	0
0	1
3	0
0	0
4	0
5	2
0	0
0	0
1	0
0	0
0	0
3	0
0	0
0	0
8	0
0	0
0	0
0	0
4	0
0	0
0	0
0	0
0	0
34	4
0	0
0	1
16	0
0	0
0	0
0	0
4	0
0	0
4	0
0	2
0	0
0	6
0	0
0	2
0	0
0	3
0	0
0	0
0	0
0	1
9	0
0	0
0	0
0	0
0	0
0	0
0	0
0	0
0	0
0	0
4	0
0	0
9	0
0	12
0	0
0	0
0	0
0	0
0	0
0	0
0	2
1	0
0	0
5	1
1	0
8	10
1	1
4	0
0	0
0	0
0	0
0	0
0	0
0	2
3	0
3	0
0	0
0	0
0	0
0	0
0	0
0	0
8	0
0	0
0	0
0	0
8	0
0	0
1	0
0	0
0	1
4	0
0	0
0	0
2	0
0	0
0	0
0	0
0	0
0	5
0	0
5	0
138	0
0	5
0	0
2	0
1	0
0	0
0	0
0	0
0	2
1	0
0	0
5	0
0	0
0	0
0	21
0	0
0	0
0	0
0	0
0	0
16	0
6	14
1	0
0	0
8	0
0	0
0	0
0	0
0	0
0	0
0	0
0	0
0	1
0	0
1	0
4	0
0	0
0	0
1	0
0	0
1	0
4	0
11	25
2	0
1	0
1	0
1	0
1	0
5	0
6	0
0	0
0	0
2	0
1	1
0	1
0	0
1	0
1	0
0	0
3	0
0	0
0	4
0	11
0	0
0	0
2	0
0	15
0	0
0	1
1	1
0	0
4	0
0	0
0	0
0	0
0	0
1	0
0	0
0	5
1	4
0	0
4	0
1	1
1	0
0	0
4	0
5	0
0	0
1	0
0	0
0	0
1	0
0	0
2	0
0	0
1	0
0	0
0	0
0	0
0	0
0	0
0	2
0	0
0	0
0	0
0	2
2	0
0	0
0	0
0	0
0	0
3	0
0	0
0	0
0	0
0	0
5	0
0	0
0	0
1	0
0	0
0	0
0	0
1	0
3	0
0	0
0	0
0	0
0	0
0	0
0	0
0	0
0	0
1	0
1	1
4	0
12	4
0	0
0	0
0	0
4	0
9	0
0	0
0	0
0	0
0	0
0	0
0	0
0	0
0	1
0	0
1	0
1	0
0	0
0	0
8	0
0	7
1	0
6	0
136	4
1	0
4	0
17	0
0	0
0	6
0	0
0	0
0	0
0	2
4	0
1	0
3	0
2	0
0	0
0	0
1	0
0	0
0	2
1	0
2	26
0	0
0	0
0	0
2	0
3	0
0	0
8	1
0	1
0	0
0	4
0	7
0	0
0	4
0	1
0	1
0	0
0	0
0	0
0	0
0	0
0	0
0	8
0	0
1	1
0	0
0	0
0	0
0	0
1	0
1	0
26	1
0	0
16	0
0	0
0	0
5	0
0	10
0	0
0	1
0	0
0	0
0	0
0	0
0	0
0	1
1	0
0	0
4	0
0	12
2	0
0	0
1	0
0	0
0	0
1	0
0	29
0	0
1	0
0	0
1	2
0	0
2	0
0	0
0	0
1	0
1	1
1	0
1	1
0	0
0	0
0	7
0	0
0	0
8	0
0	0
0	0
0	0
0	0
0	1
2	0
0	4
3	0
5	0
0	0
2	0
0	0
0	0
0	1
1	2
0	0
0	1
0	0
3	1
0	0
0	0
2	0
0	0
0	0
0	1
1	0
0	0
0	0
0	0
0	0
3	0
0	12
0	0
0	0
1	0
10	0
0	1
0	0
0	0
0	0
0	0
0	5
0	0
0	0
1	0
0	0
0	0
0	0
0	0
0	0
1	0
0	0
0	1
1	0
1	0
0	0
1	1
0	0
2	0
2	4
0	0
0	0
0	0
0	0
0	0
2	0
0	0
0	1
1	0
0	0
0	4
0	0
11	7
0	6
0	3
0	0
0	3
0	0
2	8
0	0
0	0
0	3
3	3
0	2
0	0
0	11
0	0
0	0
1	2
0	0
19	0
0	0
0	1
10	10
0	2
0	0
3	0
0	0
0	0
0	0
3	0
0	2
0	0
1	1
3	0
1	0
1	0
0	0
0	0
0	0
1	0
0	0
0	1
7	0
0	0
6	6
0	0
1	0
2	0
0	0
0	0
0	0
2	0
0	0
0	0
0	0
0	0
0	0
0	0
0	0
9	0
0	0
5	0
3	0
1	3
0	8
0	0
0	0
0	0
1	1
0	12
0	0
2	5
0	0
0	0
1	0
0	0
0	0
0	0
1	4
3	0
0	0
0	1
0	0
0	0
0	0
1	0
0	0
0	0
0	0
2	0
0	0
0	0
2	0
3	1
0	0
0	0
0	0
4	0
1	0
2	5
6	0
1	1
0	0
0	0
0	0
0	3
0	0
0	0
1	4
0	0
0	1
1	0
1	0
0	0
1	0
0	0
0	0
4	0
1	10
2	0
2	0
0	0
1	0
0	1
0	0
0	0
0	0
2	0
0	0
0	0
5	3
1	0
0	0
2	0
0	0
3	0
0	1
0	0
0	0
0	0
0	0
0	0
0	0
1	0
6	0
0	0
0	1
0	0
1	0
0	1
4	0
0	0
4	0
8	0
0	0
0	0
0	0
0	0
0	0
0	0
6	1
0	2
2	0
0	0
0	0
1	0
0	0
1	0
17	0
0	2
0	0
1	0
5	0
0	0
0	0
0	0
1	0
5	3
1	0
1	0
1	0
7	0
0	0
0	0
0	0
2	0
0	0
1	0
0	0
0	0
1	1
0	0
7	5
0	0
0	0
1	0
0	0
0	0
0	0
0	0
0	7
0	0
0	0
0	0
0	7
1	0
1	0
0	7
0	0
0	0
0	4
0	0
0	0
1	0
0	0
0	3
1	0
0	0
1	0
0	1
0	0
0	0
7	0
7	41
3	0
0	1
0	0
12	0
0	0
0	0
0	0
0	0
0	0
1	0
0	0
5	0
8	0
3	0
0	0
0	3
1	0
0	1
1	0
8	0
1	0
6	2
0	0
0	0
0	0
1	1
0	0
0	0
2	2
5	0
2	0
2	0
0	0
0	0
0	0
20	2
0	0
0	0
0	0
0	0
0	6
0	0
0	0
2	0
0	1
0	0
0	0
0	0
5	0
0	0
1	0
4	0
0	0
0	18
0	0
7	1
0	0
5	0
0	0
1	0
0	0
1	10
0	0
0	0
1	0
0	0
1	0
1	0
0	0
0	0
1	1
0	0
0	0
0	0
0	0
0	0
0	0
2	0
0	0
8	2
1	0
0	0
0	0
14	26
0	0
0	0
1	0
0	0
1	0
1	0
0	0
0	0
0	0
0	0
6	0
1	0
0	0
1	0
1	0
3	0
0	1
1	0
0	0
3	1
0	0
0	0
0	0
1	0
0	1
0	0
0	0
1	0
4	0
0	0
0	0
0	1
1	1
0	1
0	0
0	0
0	2
1	0
2	0
1	3
1	0
0	2
0	0
0	9
0	0
2	0
0	0
1	0
0	0
1	0
1	0
0	0
0	0
0	0
1	1
0	0
0	0
0	0
0	1
0	0
0	0
0	0
1	0
5	0
0	0
0	0
0	0
6	0
1	0
0	0
0	1
0	0
0	0
0	0
0	0
0	0
4	0
0	0
13	0
0	0
0	0
0	0
0	0
0	0
1	0
0	0
0	0
0	2
0	0
0	25
1	0
80	35
0	0
0	0
0	0
8	0
1	0
0	7
0	0
0	0
5	0
0	2
0	0
0	0
0	0
0	2
0	0
1	0
0	0
0	0
0	0
1	0
2	0
0	0
4	0
0	26
0	0
1	0
0	0
0	5
1	0
1	0
0	0
6	0
2	0
0	0
0	0
0	0
4	0
0	5
0	0
0	0
0	0
3	0
1	0
0	0
0	0
0	0
0	0
1	0
0	6
0	0
0	0
0	0
0	0
0	0
0	0
0	1
2	0
0	0
6	0
0	0
0	0
0	0
0	0
0	1
0	0
5	0
0	0
7	0
1	0
0	0
2	0
0	0
2	3
0	0
0	1
0	0
0	0
0	0
2	0
0	0
0	0
5	27
3	0
3	0
1	0
0	0
0	0
0	0
13	0
0	0
1	0
0	0
4	0
0	0
1	2
0	9
0	1
0	0
0	0
1	0
1	1
0	1
0	1
0	0
0	0
0	0
0	0
0	0
10	0
0	0
0	0
0	0
6	0
0	0
2	0
8	0
2	0
0	0
1	17
1	0
2	0
0	0
2	0
0	0
0	0
3	0
45	0
0	0
1	0
0	0
0	0
0	0
1	0
0	6
0	0
0	0
0	0
1	1
0	0
2	0
1	0
0	0
7	8
0	0
10	0
2	0
0	0
1	0
1	0
0	0
1	0
0	0
0	0
0	0
0	1
0	0
0	1
0	0
0	0
0	0
1	0
0	0
0	0
5	2
0	0
0	0
0	0
0	0
0	0
0	1
0	0
0	0
5	0
0	0
2	1
0	8
1	0
0	0
0	0
0	0
0	0
0	0
0	0
1	10
0	0
0	0
0	0
0	0
2	0
0	0
0	0
0	0
0	0
0	0
2	0
0	0
1	0
0	0
0	0
1	0
0	0
0	0
0	0
0	3
0	0
0	0
4	2
0	0
0	0
2	0
0	0
0	0
0	0
6	0
0	2
0	4
1	0
0	0
3	0
1	0
0	0
0	9
0	0
0	0
0	0
0	0
0	0
7	0
1	0
0	0
7	0
0	0
0	0
0	0
1	3
2	2
2	9
0	0
0	0
0	0
0	0
0	0
1	0
2	0
0	0
0	0
2	0
0	1
0	0
0	1
0	4
0	0
0	0
0	0
0	0
0	0
1	0
0	1
5	6
0	0
0	0
0	2
5	0
1	0
0	0
1	0
6	0
0	3
1	0
0	0
3	0
0	0
0	0
0	0
0	0
0	0
1	0
0	0
0	1
0	0
0	0
0	0
0	0
0	0
0	9
0	8
0	0
4	0
2	0
0	0
0	0
0	0
0	0
0	0
8	1
0	0
0	0
0	0
0	0
2	1
0	0
0	0
0	0
0	0
1	0
0	0
0	1
0	0
1	0
13	0
1	0
22	6
0	0
1	0
1	0
0	0
0	0
0	0
1	1
0	0
0	0
5	0
1	3
0	0
0	0
1	1
0	0
1	0
0	0
5	0
1	0
0	0
3	0
0	1
49	22
0	0
0	6
1	2
0	2
0	1
1	0
0	1
5	0
14	0
1	0
4	0
0	0
0	0
0	0
4	0
0	0
2	0
1	0
1	0
0	0
0	0
0	1
3	4
0	1
59	6
1	0
0	0
0	5
0	0
4	0
0	0
0	0
0	0
9	2
0	6
0	0
0	0
0	1
0	0
0	0
0	9
0	3
0	0
0	0
0	32
0	0
0	0
2	0
0	0
0	6
0	0
1	0
6	2
0	0
0	3
0	1
0	20
2	1
0	194
0	0
0	0
1	0
6	0
0	0
0	0
0	3
0	0
0	2
0	0
6	4
0	0
0	0
26	5
0	0
0	0
0	4
0	1
0	0
0	0
0	0
0	0
1	1
0	1
0	0
0	3
1	0
0	0
4	6
0	0
2	0
0	0
1	0
0	0
0	1
0	0
1	11
0	2
0	8
0	1
19	10
50	131
0	0
0	4
1	0
0	0
0	0
1	0
0	0
1	6
0	0
0	0
0	0
1	0
0	0
0	0
15	0
0	0
0	0
6	0
0	2
0	0
17	40
0	0
2	0
0	0
7	2
0	1
0	0
0	0
0	0
1	1
0	0
1	1
0	0
2	0
1	0
0	0
17	0
3	0
0	0
0	0
8	1
2	0
0	0
15	1
1	0
0	0
0	0
0	0
4	0
1	0
0	1
0	0
2	0
1	0
0	0
3	17
0	0
10	0
2	0
1	0
0	0
1	0
0	0
1	0
0	0
0	7
3	0
17	0
3	0
1	0
0	0
0	0
1	8
9	11
0	0
0	0
11	3
0	0
0	0
0	0
0	2
0	0
16	0
0	0
1	0
2	0
0	1
0	0
0	0
0	0
0	0
0	0
0	0
99	36
4	0
0	0
45	1
1	0
0	0
0	0
1	0
241	0
0	0
0	0
0	0
0	0
1	0
0	2
0	0
0	0
1	0
0	0
0	0
0	1
0	0
0	0
0	2
0	0
0	0
0	0
4	0
0	0
1	0
0	2
2	5
0	0
0	0
0	0
0	2
1	0
0	0
0	0
0	0
8	1
5	0
1	1
0	0
0	2
0	15
8	1
3	0
0	0
0	0
0	3
4	9
0	0
0	0
0	0
0	9
11	0
0	0
0	0
3	0
0	0
0	0
4	0
16	116
1	0
2	4
0	0
0	0
2	0
0	0
0	0
1	0
0	0
8	4
0	1
4	0
2	0
8	0
2	0
0	0
0	0
1	0
1	1
0	0
0	0
1	0
0	0
1	0
0	0
0	0
1	0
0	0
1	0
3	0
3	0
0	0
1	0
1	0
5	0
0	0
3	1
0	0
0	0
0	0
0	6
0	0
0	0
32	0
5	24
0	1
0	0
0	0
1	0
1	0
6	1
5	0
0	0
0	5
0	0
2	5
0	0
2	4
0	0
0	0
0	0
0	7
0	0
1	0
1	0
1	1
0	0
0	1
5	0
0	0
0	7
1	0
0	0
0	0
0	0
0	0
2	0
1	0
16	0
5	0
0	17
0	0
0	2
36	0
0	0
0	2
4	0
5	0
1	0
0	0
8	0
13	10
1	1
0	10
151	498
1	0
21	0
1	0
0	1
3	0
5	0
0	0
0	0
0	0
0	0
0	0
1	0
0	0
0	0
0	1
1	0
0	0
0	0
0	0
1	0
0	0
0	2
4	0
0	0
0	0
18	9
7	0
0	0
6	2
0	0
0	0
1	0
0	0
0	0
2	0
1	0
5	0
0	0
0	0
0	0
0	0
0	0
0	0
1	0
0	0
1	0
1	0
1	0
0	0
3	0
0	0
0	0
40	0
0	0
0	0
0	0
0	0
6	5
0	0
0	0
0	0
1	0
0	0
1	0
0	0
1	0
0	0
1	3
0	0
0	0
0	0
1	0
0	0
1	0
2	0
0	0
2	0
0	0
0	0
0	0
0	0
0	12
0	0
0	0
0	0
0	0
0	0
1	0
0	0
1	0
2	0
0	0
1	2
0	0
0	0
1	0
2	0
0	0
2	0
2	0
0	0
0	0
0	0
0	0
1	0
1	0
0	0
1	0
0	5
4	15
1	0
0	1
3	2
0	0
0	2
1	2
0	4
10	0
0	0
7	0
0	0
0	0
5	0
4	0
5	0
0	0
0	0
25	0
0	0
0	0
0	9
0	0
0	8
5	2
0	2
0	0
0	0
0	0
2	0
0	3
16	1
0	0
0	0
0	1
0	0
0	0
0	0
2	0
5	26
0	1
0	2
1	7
0	0
0	0
110	87
0	6
0	0
0	8
0	0
0	0
2	3
1	9
0	0
2	0
1	0
1	3
27	380
0	0
0	0
11	23
0	0
0	1
0	0
0	0
1	0
0	0
0	0
3	0
1	0
6	0
3	2
8	4
16	0
0	0
0	0
0	0
11	0
0	0
1	0
0	0
1	3
6	6
0	0
0	0
0	23
0	0
0	0
0	0
0	0
0	0
0	0
0	0
0	0
4	0
2	0
0	10
2	0
1	0
0	4
1	1
0	0
0	0
0	0
0	0
0	0
0	0
0	1
0	0
9	0
0	0
2	0
0	2
0	0
1	1
6	0
0	0
0	0
0	0
2	0
0	0
0	0
2	0
0	0
0	0
4	638
1	0
0	0
9	0
2	0
0	0
0	1
10	7
0	0
0	0
5	0
0	0
2	0
0	0
11	0
1	0
0	0
0	2
1	0
0	0
8	0
1	5
0	26
0	0
23	0
0	0
0	16
0	8
1	1
0	18
0	0
0	0
0	0
0	5
6	12
41	16
0	1
10	0
1	0
1	0
1	0
0	0
0	0
0	0
0	7
17	16
1	0
0	6
8	0
0	0
0	0
1	1
2	25
0	0
2	3
0	13
0	6
6	0
0	2
0	0
0	6
0	0
0	0
0	0
0	0
0	0
0	0
1	0
0	0
0	2
19	0
0	0
0	0
0	3
0	5
4	2
176	716
1	0
0	2
0	17
1	0
1	2
0	0
0	0
0	0
0	9
0	0
0	0
0	0
4	0
1	0
0	0
0	0
1	7
127	0
0	0
1	0
4	0
3	0
24	0
1	0
1	0
0	0
0	0
2	0
0	0
0	1
0	0
2	9
0	0
0	0
0	0
0	0
0	0
0	0
0	0
0	1
0	0
0	0
0	0
1	0
0	0
1	0
3	2
0	0
1	0
0	0
0	0
1	0
0	0
0	0
0	0
0	0
1	4
0	0
1	5
1	0
0	0
0	1
7	0
1	0
0	0
0	0
4	0
1	0
2	0
0	0
0	0
2	0
5	1
1	0
2	0
4	0
3	0
0	0
0	0
0	0
1	0
1	0
0	0
1	1
0	0
0	0
4	0
9	0
0	0
0	10
0	0
1	0
0	0
0	0
67	0
1	0
6	0
0	0
3	0
0	0
37	0
0	0
4	0
0	0
0	0
3	0
8	0
2	0
0	0
2	0
0	0
2	0
0	18
11	0
0	0
1	5
0	0
0	0
0	0
0	0
0	0
0	0
2	0
1	0
0	0
0	4
0	0
3	0
0	0
0	0
0	0
16	6
0	0
0	0
1	0
1	0
0	0
3	12
4	0
1	0
2	0
0	0
5	0
1	1
0	0
0	0
0	19
1	0
0	0
0	0
0	0
0	0
0	0
1	0
0	0
0	0
0	0
0	1
0	1
0	0
22	22
5	3
1	0
4	0
2	0
4	0
0	0
0	5
0	0
2	0
0	0
0	1
13	0
0	0
0	1
0	0
0	0
0	1
1	0
0	0
0	0
8	0
1	0
0	0
2	0
0	0
1	0
195	0
0	0
0	0
0	4
1	0
0	0
0	0
0	0
0	0
1	0
3	0
0	0
0	3
0	0
0	0
0	0
0	0
0	0
0	0
0	6
0	0
0	0
0	0
0	0
0	0
0	0
4	7
0	0
0	0
0	0
0	0
0	0
0	0
4	0
0	1
1	0
4	0
0	0
1	0
0	0
0	0
0	0
3	5
0	0
1	0
0	1
0	0
0	4
2	0
27	6
0	12
6	0
0	0
0	0
0	0
2	0
0	0
0	0
0	0
0	0
0	0
1	0
9	0
3	4
0	0
0	0
0	1
0	0
1	0
0	0
1	5
0	16
52	131
0	4
0	0
0	0
3	5
0	1
0	0
0	0
0	0
3	0
1	1
0	0
9	0
0	11
0	0
0	1
0	0
0	0
0	0
1	0
0	0
4	4
6	0
0	0
0	0
0	0
0	0
6	0
0	0
3	0
0	0
0	0
0	0
0	0
1	1
3	0
0	0
0	0
0	0
0	0
6	0
0	1
1	0
1	0
0	4
0	2
5	21
0	0
1	0
0	0
0	0
0	0
0	0
3	0
0	0
0	0
0	0
0	2
0	0
0	0
0	0
0	0
0	23
0	0
4	0
0	1
0	0
0	2
0	0
0	0
3	0
14	0
0	0
0	23
3	0
3	0
2	0
0	0
2	1
1	0
0	0
1	0
0	0
5	0
0	0
0	0
0	0
0	7
0	0
0	0
2	0
0	0
0	0
0	3
0	23
0	0
6	0
0	0
0	0
0	0
1	0
0	31
1	0
0	0
0	2
3	0
6	0
1	0
9	0
0	0
18	7
0	0
0	0
9	0
0	0
29	0
0	0
0	0
1	0
0	0
0	7
7	0
0	0
0	1
0	0
0	0
2	0
1	0
8	0
0	0
0	0
0	0
0	0
0	0
0	0
0	0
1	0
0	0
2	0
1	0
0	6
2	0
0	0
3	0
1	9
0	0
0	0
0	0
4	0
0	0
0	0
2	10
0	0
4	35
1	1
0	0
0	0
2	1
1	0
0	0
13	0
0	0
0	0
0	0
1	0
0	0
0	0
1	6
0	5
0	5
0	0
0	0
1	0
0	1
7	0
2	0
0	4
0	0
0	0
3	0
1	0
0	0
0	0
0	0
0	0
0	0
0	0
0	0
0	1
0	6
1	0
0	1
0	1
0	0
0	0
0	0
0	0
3	2
0	8
8	7
0	0
2	7
3	4
1	0
0	0
0	0
2	0
0	0
0	0
0	0
1	0
8	2
3	0
0	0
0	1
0	3
0	0
0	5
0	0
0	3
0	0
0	0
0	0
3	7
0	0
0	7
0	0
0	0
0	0
0	0
0	0
4	0
0	0
0	0
0	0
22	0
3	0
3	0
2	0
0	0
12	0
0	0
0	1
0	5
0	0
0	0
0	0
8	1
4	0
2	0
19	0
0	0
0	0
0	5
0	0
0	0
1	0
0	0
7	8
0	0
2	0
0	0
7	0
0	1
0	1
3	0
2	0
14	0
2	1
0	1
0	0
0	0
0	0
0	0
2	0
0	0
0	1
1	2
0	0
7	1
0	7
0	0
1	0
0	4
1	0
1	0
1	0
0	0
1	0
0	0
5	0
7	0
0	0
0	0
2	1
0	0
0	6
0	0
1	0
0	7
1	0
1	2
0	0
1	0
0	1
0	0
0	3
0	0
1	0
0	0
0	0
3	0
0	1
8	11
104	0
0	0
10	0
0	0
3	10
8	0
0	0
0	1
4	0
0	0
4	0
0	0
0	4
1	1
0	0
1	0
7	0
0	2
7	2
8	0
0	5
0	0
1	0
0	0
1	9
8	0
0	0
0	1
2	0
1	0
0	0
0	0
5	8
0	2
23	4
0	1
1	0
1	0
14	0
0	0
0	0
0	0
0	3
1	0
0	0
0	0
0	0
0	0
1	0
0	0
0	0
0	2
6	0
0	0
1	0
4	0
0	8
0	0
1	0
7	0
67	55
0	0
0	0
0	0
0	0
0	3
11	0
2	0
8	0
0	0
0	0
0	8
0	0
0	0
0	10
1	0
0	0
2	0
6	0
0	1
0	0
2	0
1	0
0	0
2	0
1	0
0	0
1	0
1	1
165	0
0	3
0	0
0	0
0	2
0	0
0	1
1	0
0	1
7	0
0	0
0	0
0	0
1	16
0	2
0	0
0	0
0	0
0	0
0	0
0	1
0	5
0	0
0	0
4	1
0	0
0	0
0	0
1	0
0	0
0	0
2	0
0	0
0	0
0	0
0	0
1	0
0	0
0	0
0	0
2	0
0	0
12	0
0	0
3	0
0	0
1	1
0	0
54	0
0	0
1	1
5	0
0	0
0	0
0	0
0	0
0	0
4	0
0	0
1	0
0	0
7	1
5	1
0	0
0	0
0	0
0	0
0	0
0	0
14	1
6	0
0	0
7	0
0	11
0	0
0	6
1	0
0	0
0	0
0	0
0	0
0	0
1	0
2	0
0	0
0	0
0	0
0	0
1	0
4	0
0	0
0	1
2	2
2	2
2	0
6	0
0	0
0	0
0	0
0	17
3	0
0	0
0	0
3	0
0	0
0	0
1	0
0	0
0	0
0	0
0	0
1	0
5	0
57	0
1	2
4	5366
0	6
0	0
0	0
0	0
3	0
0	0
0	1
0	0
0	0
2	0
0	9
0	0
0	0
0	0
0	0
0	1
7	0
1	0
0	0
1	0
0	0
0	0
0	8
6	0
0	0
10	0
0	0
0	0
0	0
0	0
0	0
0	0
0	0
0	0
0	0
0	0
0	0
7	0
0	0
0	4
0	0
0	0
4	0
0	0
0	0
0	32
0	0
0	0
18	1
0	0
0	0
0	6
1	0
0	0
0	0
1	0
21	22
0	0
1	0
1	0
56	3
0	0
0	0
0	0
0	0
1	15
0	0
6	0
1	0
0	0
0	0
0	1
2	0
0	1
69	39
0	3
16	0
0	0
6	0
0	8
0	0
1	3
0	0
0	0
1	0
28	0
1	0
0	0
4	0
0	0
1	0
12	0
1	0
0	1
0	0
0	0
0	0
0	22
4	0
0	0
147	380
0	5
0	0
0	0
0	0
103	0
6	1
1	0
0	2
0	0
6	3
38	38
0	0
4	0
1	0
0	0
4	2
0	0
9	0
1	0
6	0
1	0
1	0
0	0
3	0
0	0
9	0
1	0
0	0
1	0
0	0
1	0
5	0
1	0
0	0
1	0
0	4
0	0
0	0
1	0
0	0
0	0
2	0
0	0
0	0
3	0
0	0
0	0
0	1
16	0
0	0
0	0
0	0
0	0
0	0
0	0
0	0
0	0
0	0
2	0
1	0
0	0
1	0
15	0
0	0
0	0
2	0
1	0
0	0
0	6
7	0
0	0
0	0
0	0
1	0
0	0
48	0
0	0
8	0
0	0
1	0
0	0
0	0
1	0
0	0
0	7
0	1
0	0
1	0
4	0
0	140
1	0
1	0
7	0
1	0
0	1
2	0
0	0
3	0
0	0
0	6
7	0
0	0
0	0
0	0
0	0
1	7
0	0
0	0
0	0
0	0
1	0
0	0
0	0
13	0
1	0
0	0
1	0
1	0
0	0
1	0
1	0
1	0
0	0
1	0
0	1
1	0
0	0
0	0
3	0
6	0
1	0
0	0
0	0
5	0
0	2
0	1
0	0
0	0
1	0
0	0
8	0
3	0
0	0
1	14
0	0
0	0
1	0
0	1
0	0
0	0
0	0
0	0
0	0
0	0
0	0
0	0
3	2
0	6
2	0
0	0
0	0
12	0
0	0
0	0
1	0
1	0
1	0
0	0
0	5
28	0
0	0
0	0
0	18
1	0
1	3
0	0
0	0
2	0
1	0
0	0
0	0
0	0
0	0
0	0
6	0
0	0
0	0
0	0
2	9
1	0
0	0
0	1
1	0
1	0
0	0
0	0
0	0
0	0
0	0
0	0
8	1
1	0
0	14
1	1
1	2
7	0
0	0
1	0
0	0
1	0
0	0
6	0
4	0
0	0
7	10
0	0
0	0
0	0
0	1
1	0
0	0
0	14
0	0
0	0
0	1
8	0
2	0
3	0
0	0
0	0
0	0
3	1
0	0
0	0
0	0
0	0
0	0
0	3
1	0
1	22
0	0
0	0
0	0
3	0
0	0
0	0
0	0
1	0
1	0
1	0
22	8
0	0
10	0
0	0
0	0
0	0
0	0
0	0
32	10
0	0
0	0
0	0
0	0
0	0
0	2
10	2386
0	0
0	0
0	0
0	0
0	0
0	0
0	0
4	0
0	11
0	0
0	0
2	0
0	0
0	14
0	0
0	0
0	0
0	0
3	0
0	0
0	0
1	1
1	21
0	0
0	1
27	0
9	0
1	0
0	1
0	0
0	0
0	0
0	0
20	0
9	0
0	0
0	5
0	0
1	0
1	0
2	6
0	0
0	2
0	0
0	0
0	0
24	6
0	0
0	0
0	0
1	2
5	8
0	0
0	0
1	0
1	0
0	0
0	0
0	1
0	0
0	0
0	1
1	0
0	1
2	1
0	0
9	0
1	0
0	0
0	28
0	0
0	28
3	0
0	0
0	0
0	0
53	73
0	0
2	0
34	40
48	14
0	5
1	0
0	0
6	16
1	0
2	0
0	0
0	0
0	0
0	0
0	0
1	0
0	0
3	0
1	0
0	0
0	0
0	1
0	0
4	0
0	0
4	0
1	0
0	0
18	1
0	0
0	0
4	1
0	0
0	3
5	0
0	0
6	0
3	0
0	1
0	0
0	0
0	2
5	1
0	1
0	0
3	0
43	1
1	0
0	0
0	0
1	0
4	0
0	0
0	0
0	0
6	0
8	3
2	0
0	1
0	0
0	0
1	0
0	0
5	0
0	0
0	4
1	2
0	3
7	0
0	1
0	0
0	0
0	3
0	0
1	0
0	1
0	0
0	1
1	0
1	4
0	0
0	0
1	0
1	0
0	0
0	0
0	0
0	2
0	0
0	0
2	0
2	0
1	0
0	2
1	0
0	0
3	0
0	0
0	0
4	90
0	1
0	2
0	0
0	0
4	5368
1	0
0	0
0	28
2	0
5	79
0	0
1	1
0	0
0	3
0	0
12	0
0	15
0	0
2	0
0	0
10	124
0	0
0	0
1	0
8	1
0	0
0	0
0	6
1	0
0	4
0	0
0	1
1	4
0	1
2	0
3	0
0	1
0	0
0	0
0	5
0	1
7	0
0	0
0	0
0	1
4	0
2	4
0	0
0	0
0	8
0	0
0	0
0	4
0	0
1	0
0	0
0	0
0	0
0	1
0	1
19	0
29	0
4	0
0	31
0	0
0	0
0	0
4	3
0	0
0	0
9	0
3	3
2	0
2	0
2	0
0	0
5	0
1	0
0	6
1	0
0	0
0	0
0	0
0	0
0	0
33	0
0	0
5	0
0	6
3	0
1	0
9	16
8	0
0	3
11	0
0	0
0	0
0	0
0	0
0	0
0	0
0	0
0	0
18	0
12	0
0	0
0	0
2	6
9	0
0	0
0	0
1	0
0	0
0	0
0	1
0	0
3	0
1	0
1	1
32	0
0	0
0	0
3	5
0	0
0	0
0	0
1	0
7	5
0	1
0	0
0	0
0	0
0	1
0	0
1	0
0	0
0	0
1	0
0	0
8	1
0	0
0	0
0	0
0	0
0	0
0	0
1	0
6	4
0	0
2	0
0	0
0	0
0	0
6	0
0	0
1	1
0	0
82	1
1	0
0	0
4	0
0	0
1	0
4	0
3	0
1	0
0	0
0	0
0	0
1	0
22	22
1	0
0	0
7	0
0	0
1	0
0	0
0	0
0	0
0	0
0	0
4	0
2	0
0	0
0	0
2	0
0	0
0	0
0	8
0	0
0	0
0	1
1	0
1	4
1	0
4	3
0	0
1	0
8	0
0	8
0	0
1	0
0	0
0	0
0	0
0	0
5	0
0	0
0	0
0	0
6	0
0	0
0	1
7	0
17	0
0	2
0	0
0	0
0	0
0	0
2	0
1	0
20	16
0	0
1	7
0	0
0	0
0	0
0	1
0	0
0	1
0	6
1	0
7	0
1	0
0	4
5	2
0	4
0	0
0	3
0	1
0	1
0	0
44	0
7	69
0	0
1	1
0	5
0	4
1	0
0	0
1	0
0	7
0	0
0	0
0	2
0	0
3	0
0	0
0	0
0	0
0	0
0	0
5	0
0	3
0	1
0	5
0	0
0	7
0	0
0	0
1	0
6	0
3	0
1	0
6	0
0	0
0	0
10	0
2	0
0	0
0	2
8	6
0	1
2	0
1	0
2	0
0	0
0	0
0	0
0	0
0	0
0	0
0	1
0	0
0	5
1	0
5	0
0	0
0	0
8	0
1	0
0	0
0	0
2	0
0	0
0	0
0	0
0	1
0	1
1	0
8	0
0	0
1	0
0	0
0	0
1	0
0	1
2	0
0	0
0	0
0	0
0	0
4	0
0	0
0	0
1	0
0	0
0	0
9	10
0	0
0	0
0	0
3	0
0	0
0	0
0	0
0	0
0	1
0	1
0	0
4	1
0	0
0	5
0	1
0	0
0	0
0	1
2	0
0	0
0	0
0	0
3	0
0	0
0	0
3	1
0	0
0	0
0	4
0	0
0	0
0	0
0	0
0	0
0	0
0	1
0	0
1	2
2	0
0	0
1	1
0	0
1	0
0	0
0	1
0	0
0	0
2	0
12	0
0	0
0	0
0	0
0	0
0	0
1	1
0	0
0	0
5	2
0	0
0	1
0	0
3	0
0	0
0	0
0	0
0	0
0	0
4	0
0	0
0	0
2	0
0	0
1	0
1	0
0	0
0	0
0	0
0	0
0	0
1	0
0	0
0	0
0	0
0	0
0	0
3	0
3	0
0	0
0	0
7	0
1	0
0	0
0	0
1	0
0	0
0	0
1	0
0	0
0	0
0	0
0	0
3	0
0	0
1	0
0	0
1	0
0	0
0	0
0	2
1	0
0	0
0	0
0	1
0	0
2	0
0	0
0	0
0	0
0	0
0	11
0	1
0	0
0	0
0	0
0	0
13	0
0	1
0	4
0	0
0	1
0	1
29	0
6	0
0	1
13	6
1	0
0	0
1	4
0	3
8	0
0	1
0	0
17	15
1	0
1	0
0	0
0	0
0	0
0	0
0	0
1	0
0	0
0	6
0	0
0	0
0	1
6	0
8	0
0	0
3	1
14	0
0	0
3	0
0	1
12	0
0	3
2	0
0	0
0	0
0	0
0	1
0	0
6	0
0	0
0	0
0	0
10	1
6	0
6	1
0	1
1	2
1	0
0	3
0	0
0	0
1	0
0	7
0	0
44	7
0	2
15	15
0	0
17	0
0	0
0	0
1	0
4	0
0	0
0	0
0	0
1	0
1	0
6	0
0	0
0	10
0	2
0	0
0	0
0	1
0	1
5	0
1	0
66	4
0	0
0	0
0	0
4	0
0	0
0	0
0	0
1	0
0	3
0	0
0	0
0	0
0	0
0	0
0	0
0	0
0	1
1	0
6	0
1	0
0	0
4	0
0	0
0	1
3	0
1	0
0	0
0	14
0	0
13	0
1	0
0	0
1	0
0	0
0	0
0	1
1	0
0	0
0	0
0	0
0	0
0	0
0	1
0	10
0	0
0	0
0	0
0	0
0	0
0	0
0	0
5	0
6	0
0	0
0	0
1	0
3	0
0	0
0	0
0	0
1	0
2	0
0	0
41	0
0	0
1	0
0	0
9	0
1	0
0	0
6	0
13	0
0	0
0	0
0	0
0	0
2	0
13	0
0	0
1	0
0	0
3	0
4	0
0	0
5	0
0	0
0	0
1	0
2	0
0	0
2	0
0	0
13	1
0	1
0	0
0	0
0	0
1	0
0	0
0	0
7	0
0	0
0	0
0	0
1	1
0	1
0	0
142	0
5	0
0	0
213	16
0	1
3	0
0	0
0	0
48	26
0	26
0	0
0	0
4	7
0	3
0	23
0	22
1	0
0	0
0	0
0	1
0	1
0	0
0	0
0	1
0	3
0	3
0	3
0	3
0	3
0	3
0	3
0	3
0	0
0	0
104	41
239	41
0	0
0	0
0	3
5	1
0	49
0	1
0	1
1	16
0	0
2	1
0	0
1	0
13	1
0	0
77	14
0	9
57	0
5	23
0	18
0	18
0	0
519	8
0	0
0	8
7	0
0	0
324	2
0	2
0	0
1	0
3	21
0	21
0	2
0	2
6	27
0	3
6	9
29	1214
3	1220
7	12
0	0
1	0
0	0
0	0
8	0
0	0
1	0
0	0
0	0
3	2
3	0
0	0
0	16
0	16
2	16
2	0
0	0
2	13
0	0
84	27
0	27
0	0
0	0
0	0
0	0
0	0
31	1
0	18
0	18
0	6
0	6
0	0
0	4
0	4
4	25
0	43
0	22
0	32
0	0
2	2
0	1
0	1
0	19
0	3
0	0
1	0
1	0
1	1
0	1
0	0
1	0
0	0
1	4
0	1
0	1
0	0
0	0
0	0
130	85
0	0
0	208
1	0
0	0
0	0
1	0
7	0
0	0
0	3
0	3
171	5
0	5
0	0
0	0
0	0
3	2
0	0
0	3
0	3
0	1
1	3
0	3
2	2
0	1
1	0
0	0
7	0
9	0
0	0
2	0
0	0
0	0
4	131
0	0
0	0
0	0
0	2
0	2
0	17
0	15
0	17
0	0
20	0
0	0
0	0
0	0
4	1
0	1
0	0
0	0
0	4
1	4
0	8
0	5
0	0
0	1
0	0
4	0
0	0
0	0
0	13
0	0
0	0
0	44
1	44
0	13
1	20
0	13
0	0
0	0
0	3
0	3
0	3
0	19
0	9
0	16
0	25
0	18
3	1
0	1
0	1
0	1
1	0
0	0
6	5
0	5
0	0
1	25
244	22
0	7
0	0
0	16
0	16
0	11
0	0
0	2
0	2
882	1
0	0
0	0
0	0
0	0
0	1
0	1
0	0
53	0
0	0
8	0
0	9
0	9
0	9
1	9
0	9
1	0
0	5
0	0
0	0
0	0
0	0
0	0
0	0
0	0
6	0
6	5
0	5
12	1
0	0
0	0
0	0
0	0
1	0
0	1
1	0
0	0
0	0
0	2
0	0
23	6
0	0
0	0
0	0
3	0
9	18
2	13
0	15
0	15
2	0
0	3
0	0
0	0
0	1
0	0
2	2
9	0
367	0
0	16
0	1
0	9
2	0
0	0
0	39
0	20
0	2
0	4
0	4
0	0
0	1
0	1
0	2
0	2
1	0
0	0
7	55
0	10
10	3
0	3
0	15
0	15
0	0
0	0
0	0
0	0
1	2
0	2
0	0
0	0
1	0
0	3
0	1
0	0
7	0
2	0
2	0
5	0
9	1
0	1
0	1
11	0
0	8
0	8
0	0
0	6
1	6
1	2
0	1
1	0
0	0
11	3
0	3
0	1
0	25
0	1
0	0
0	4
0	4
0	2
0	2
0	0
0	0
0	0
0	0
0	3
0	3
0	0
0	0
0	0
3	0
0	13
0	13
0	0
2	15
0	15
0	15
6	7
4	7
0	0
0	0
1	0
0	0
2	3
0	0
0	1
0	1
0	5
0	4
0	0
0	0
2	0
1	8
0	8
8	0
0	0
16	29
0	11
0	0
11	0
0	0
1	0
1	0
1	2
0	2
15	2
0	2
9	0
0	0
1	0
0	13
0	5
1	0
0	0
0	3
0	1
0	0
0	0
0	0
0	0
23	7
0	0
2	0
0	0
0	12
0	2
6	0
3	1
20	0
0	0
5	0
0	33
0	6
0	1
0	12
0	2
3	0
1	1
0	1
0	2
0	6
0	0
0	0
0	0
0	0
12	0
0	3
0	1
0	0
0	1
0	1
5	28
0	2
33	37
40	19
3	19
0	0
14	17
0	0
0	0
0	4
4	0
0	0
0	3
0	0
0	0
0	1
114	28
1	9
0	9
3	0
15	0
0	0
0	0
7	2
0	0
4	2
0	1
7	3
0	3
0	0
0	1
0	1
0	0
0	2
0	2
0	0
0	0
0	0
0	21
6	0
0	0
0	0
0	0
1	9
0	9
5	1
0	1
12	1
0	0
56	144
4	144
0	6
0	3
3	3
0	8
0	0
0	11
0	18
0	31
2	0
1	0
2	2
0	2
4	0
0	0
0	0
0	0
1	1
0	1
0	3
2	2
1	9
0	6
3	1
1	11
3	1
0	10
10	0
0	0
0	0
0	0
0	0
0	1
4	5
8	0
0	0
40	2
0	2
0	3
0	3
0	4
0	4
0	1
8	9
0	9
0	2
1	0
7	0
0	4
115	9
0	8
0	1
1	1
0	0
0	0
0	0
0	0
8	0
0	0
0	0
2	0
0	0
0	0
0	5
30	5
0	14
0	1
0	0
19	125
0	0
2	1
3	0
0	0
0	0
0	0
0	0
0	14
3	15
31	19
0	17
0	0
1	0
1	0
0	0
0	4
0	0
0	21
0	21
0	1
0	1
13	0
1	0
2	0
0	0
6	0
0	0
0	0
1	0
0	0
1	3
4	0
0	0
0	0
1	0
0	0
0	0
0	0
0	0
0	0
0	0
0	0
0	0
0	0
0	0
0	0
0	0
1	0
1	1
0	1
1	0
0	0
0	0
0	1
0	0
0	0
6	0
0	0
0	0
0	0
7	0
1	0
1	0
0	0
0	0
0	0
1	7
1	0
0	0
1	0
0	0
0	0
0	0
0	0
0	0
0	1
0	0
0	0
1	0
9	7
54	0
0	0
0	0
1	0
0	0
0	0
1	0
3	0
0	0
0	0
0	0
0	0
0	0
8	0
0	0
0	0
0	0
0	0
0	0
0	0
0	0
50	0
1	0
0	0
1	0
1	0
0	0
0	0
0	1
0	0
0	0
0	0
0	0
0	0
0	0
0	0
2	0
0	0
0	0
0	0
0	0
0	0
0	0
1	0
0	0
0	0
0	0
2	0
1	0
0	0
0	0
0	0
0	0
0	0
0	0
1	0
0	0
1	0
0	2
0	0
1	2
0	0
0	0
0	0
0	0
0	0
0	0
0	0
0	0
1	0
0	1
0	0
0	0
0	1
20	0
1	0
0	0
0	0
9	0
0	0
0	0
0	0
0	0
2	0
0	0
1	0
4	0
0	0
0	0
0	0
0	0
0	0
0	0
0	0
0	0
1	0
13	0
0	0
0	0
0	0
0	0
0	0
5	0
0	0
2	0
0	0
0	0
1	0
1	1
2	0
0	0
0	0
1	0
0	0
0	3
1	0
1	0
7	0
0	0
3	4
0	0
0	0
0	0
0	0
0	0
0	0
0	0
3	0
0	0
0	0
3	0
6	0
1	0
0	0
0	0
1	0
0	5
4	14
0	0
0	0
14	24
0	0
0	0
0	0
0	0
0	1
0	0
0	0
0	11
0	11
0	0
0	0
1	14
0	11
0	11
0	0
5	2
2	5
3	2
4	17
0	0
6	2
0	102
0	0
0	24
0	1
15	26
8	3
2	1
0	0
0	0
0	0
12	0
0	0
0	0
0	0
0	0
0	0
0	0
0	24
0	15
0	45
0	34
2	0
0	21
0	14
0	25
0	15
0	29
0	21
4	0
0	0
5	0
0	31
0	0
0	51
0	1
1	1
1	0
0	21
1	0
0	31
0	1
1	0
0	0
0	0
0	0
0	0
0	0
6	13
0	0
0	0
1	0
0	0
0	33
0	5
0	0
1	0
0	0
0	1
0	31
0	51
0	46
0	0
0	29
0	14
0	0
0	4
0	0
0	0
3	1
0	34
0	15
0	33
0	44
1	2
0	39
0	0
0	0
0	4
0	0
0	0
0	0
1	35
0	0
1	1
0	7
0	20
0	0
0	0
0	26
0	0
0	51
0	15
0	39
0	0
0	35
0	0
0	6
0	0
1	0
3	0
0	0
1	0
0	5
1	1
0	6
0	15
0	0
0	38
0	0
0	0
0	0
0	31
0	27
1	5
0	0
0	0
0	5
0	0
0	0
0	0
0	24
0	14
0	35
0	1
0	0
0	41
0	1
0	1
0	0
0	2
0	0
0	2
0	0
0	1
0	0
0	1
0	44
0	1
0	1
0	2
0	0
0	18
0	0
0	1
0	2
0	0
0	0
1	2
0	52
0	1
0	1
0	0
0	0
0	0
0	0
1	0
0	1
0	1
0	1
0	26
0	51
0	0
0	0
0	48
0	35
0	0
1	0
0	47
1	0
0	1
0	0
1	6
0	20
0	18
1	420
0	0
0	35
0	0
0	19
0	14
0	16
0	14
0	17
3	0
2	1
0	1
0	48
0	1
0	0
0	0
0	1
0	0
0	0
0	0
0	2
0	2
0	21
0	0
0	0
0	19
0	8
0	2
0	0
0	0
0	0
0	0
0	0
0	0
0	0
0	0
0	0
0	35
0	41
0	30
0	0
0	0
0	33
0	0
1	0
0	0
1	0
0	0
0	0
3	0
0	32
0	38
0	15
2	3
0	1
0	13
0	0
0	0
0	0
0	21
0	21
0	0
0	0
0	1
0	0
0	21
0	17
0	8
0	3
1	1
1	0
0	1
1	10
0	2
0	0
0	1
0	0
11	1
0	0
0	3
3	1
0	0
0	36
0	0
0	0
1	0
0	1
1	6
0	0
1	4
0	45
0	35
5	3
0	0
0	20
0	20
0	10
0	2
0	17
0	25
0	0
0	52
0	21
0	3
0	3
0	22
0	6
0	13
0	0
0	12
0	15
0	35
0	25
5	1
0	0
10	1
0	0
2	0
0	0
0	0
0	40
0	51
0	7
0	7
0	30
0	0
1	4
0	2
0	3
0	0
0	29
0	51
0	19
0	0
1	4
0	7
0	8
1	3
2	2
0	4
0	33
0	0
0	2
0	1
0	48
0	14
8	3
0	0
0	0
0	3
0	0
0	0
0	0
0	33
0	0
0	3
16	30
0	0
0	2
0	0
0	0
0	3
0	0
0	0
0	0
1	0
0	0
3	1
0	0
0	24
0	14
0	2
0	0
0	26
0	0
0	31
2	0
1	0
5	0
0	25
3	18
0	0
0	0
0	28
0	13
0	0
0	0
1	1
0	39
0	20
0	14
0	30
5	1
0	5
11	3
0	0
0	1
2	3
4	2
0	10
0	30
1	1
0	39
0	36
0	31
0	0
0	38
3	0
0	39
0	34
0	31
0	23
0	0
0	7
0	12
0	40
0	18
1	2
0	52
0	25
0	0
0	25
0	0
1	0
0	23
0	0
0	0
0	30
0	0
0	22
0	0
7	3
0	1
1	0
0	1
0	2
2	2
0	0
0	1
38	40301
0	29
9	48
0	27
5	4605
18	21932
0	5
0	45
2	0
0	34
0	12
0	52
0	46
0	0
0	0
1	2
0	3
0	2
0	38
0	0
0	0
1	10
0	7
0	0
0	11
0	33
0	3
0	15
0	51
0	0
0	2
0	0
0	17
1	1
0	2
0	2
0	0
1	1
0	3
1	0
0	11
0	28
1	1
1	5
0	40
0	57
1	15
0	40
5	0
0	0
0	0
0	17
0	2
0	19
1	4
0	31
1	2
0	24
0	0
0	0
0	0
0	39
1	2
0	33
5	1
0	37
1	0
0	0
0	0
0	3
0	0
0	5
0	0
4	0
9	8
0	3
2	5
0	0
0	3
0	5
0	8
3	8
4	0
1	3
0	20
0	26
0	1
0	7
0	2
3	15
0	0
0	38
0	29
0	4
0	0
0	0
1	1
0	7
0	0
0	0
0	15
0	39
0	25
0	29
0	16
0	0
0	12
0	33
0	0
0	15
0	0
0	27
0	5
0	41
0	8
0	0
0	20
0	0
0	32
0	10
0	2
0	0
0	0
0	0
0	36
0	17
0	0
0	19
0	14
0	51
0	43
0	1
0	0
0	23
0	37
0	32
1	30
1	0
0	1
6	12
0	5
5	1
0	47
0	37
1	3
2	0
0	19
0	313
0	3
0	0
0	0
0	0
0	0
0	0
0	4
0	26
0	30
1	0
0	10
0	0
0	0
4	0
0	12
3	3
1	3
0	7
3	7
16	0
0	11
0	12
6	10
0	0
0	0
0	2
0	18
0	5
0	1
0	0
0	47
0	10
0	0
0	3
0	0
0	0
0	39
0	0
0	0
0	2
0	43
0	0
0	0
0	0
0	0
0	0
0	2
0	0
0	0
0	0
7	0
0	49
1	0
0	1
1	0
0	0
0	36
0	0
0	1
1	0
3	0
0	0
0	1
0	1
0	0
0	1
0	1
0	1
0	0
0	1
0	1
0	0
0	50
0	35
3	0
2	0
0	0
0	1
0	0
1	0
0	18
0	3
0	0
0	48
1	0
0	14
0	0
0	19
0	16
0	0
0	28
23	0
0	0
0	1
0	28
0	0
0	49
0	2
0	0
4	0
0	1
0	17
0	2
0	0
0	5
0	43
0	0
0	0
0	0
0	0
0	3
15	0
0	34
0	1
0	6
1	0
0	0
0	0
0	11
0	15
0	2
0	0
0	1
0	5
0	37
0	24
0	15
0	47
0	57
0	51
0	27
0	3
13	0
0	1
0	3
0	0
0	2
0	0
0	0
0	51
0	1
4	0
0	0
0	0
1	0
0	13
0	1
0	0
0	0
0	5
0	38
11	0
0	0
1	11
0	44
0	33
0	0
0	0
0	0
0	0
0	0
0	37
0	0
0	0
0	32
0	0
0	0
1	5
1	1
2	0
2	0
2	5
0	0
0	37
1	0
8	0
0	0
0	0
0	1
0	0
0	0
0	0
0	0
0	0
0	1
0	0
0	1
0	42
0	1
1	0
0	0
1	0
0	0
0	0
0	9
0	39
0	1
0	0
0	1
0	5
0	2
0	5
0	35
0	1
0	0
0	0
0	0
0	1
0	2
0	0
0	0
5	0
0	0
0	1
1	0
0	3
1	10
0	0
13	1
10	0
0	0
5	0
0	36
0	17
0	18
0	8
1	0
0	2
0	0
0	0
0	6
0	2
0	1
0	0
0	0
0	0
0	2
0	0
0	20
0	33
0	40
0	5
0	12
0	0
0	0
1	2
0	16
0	7
0	23
0	4
0	5
0	33
0	43
0	34
0	0
0	35
0	40
0	0
0	14
0	15
0	4
0	49
0	29
0	0
0	14
0	0
0	0
0	4
0	0
0	0
1	0
0	0
0	0
0	0
0	1
0	0
0	0
1	0
1	0
0	0
0	25
0	0
0	0
0	0
0	0
0	40
0	33
0	113117
0	38165
0	36053
0	15
0	5
0	3
0	0
0	125745
0	0
0	0
0	34
0	0
0	0
0	92394
1	2
3	0
0	21
0	41
1	0
1	0
1	0
0	0
0	45
0	32
0	39
0	31
0	105886
0	0
0	0
0	72047
0	0
1	1
0	0
0	36
0	4
1	0
0	0
0	0
2	0
2	8
1	1
0	25
0	0
0	0
0	51
1	31
0	61
2	0
0	24
0	1
0	0
2	0
0	0
0	28
0	0
0	0
0	0
0	41
0	57
0	28
0	25
0	0
0	34
0	0
0	24
2	5
0	48
0	25
0	0
1	47
0	36
0	14
1	0
0	14
0	0
0	0
0	0
1	0
0	9
1	0
3	0
0	0
0	0
0	0
0	1
1	0
3	0
0	0
0	1
0	1
0	0
0	0
0	0
1	0
1	0
0	0
14	15
2	0
0	0
0	0
13	0
0	0
0	2
0	23
0	0
0	0
0	0
0	49
0	42
0	36
0	0
1	0
0	3
0	4
0	5
0	2
0	0
0	0
2	9
0	2
0	62
0	0
0	50
1	0
0	0
1	0
3	0
0	3
0	0
0	0
0	0
2	1
0	1
0	0
0	1
0	1
0	0
1	0
0	0
1	5
0	36
6	0
0	0
0	0
0	1
1	2
12	0
3	4
5	4
0	0
0	0
0	0
0	0
0	0
2	0
32	27
1	0
6	4
0	0
0	1
0	0
0	0
0	0
0	0
0	0
2	0
0	0
29	96
0	0
0	0
0	0
0	0
0	0
0	0
0	0
0	0
0	0
0	135
0	2
0	0
48	85
61	7
91	18
0	1
0	0
10	0
0	0
0	9
0	6
0	0
1	0
0	0
0	0
0	0
25	0
0	0
0	0
1	0
1	0
0	0
4	4
0	0
0	1
2	6
0	14
0	0
0	0
1	0
0	0
0	0
0	3
0	13
0	0
2	0
0	0
0	0
30	44
0	5
0	1
0	0
2	0
0	4
0	0
0	0
0	2
0	0
0	0
0	0
0	0
0	0
1	0
0	0
5	0
0	0
0	1
5	0
0	0
0	0
1	0
0	0
0	0
0	0
0	0
0	0
0	1
0	0
0	0
0	2
0	2
0	0
0	1
0	20
0	0
0	0
0	0
1	0
0	1
0	6
0	4
2	0
0	0
0	1
0	0
0	15
0	1
0	0
0	0
0	0
0	0
0	0
0	13
0	0
0	0
2	0
0	8
0	3
0	0
0	2
0	3
0	0
0	2
0	1
0	2
0	0
0	1
0	9
0	0
0	0
0	5
0	5
0	0
1	0
2	2
0	3
0	0
0	0
0	12
0	3
1	0
0	12
1	0
0	12
0	0
0	0
0	4
0	0
0	1
0	1
0	0
0	2
0	1
0	2
2	0
0	2
0	0
0	1
0	2
0	0
0	0
0	2
3	0
0	2
0	0
0	4
0	0
0	0
0	0
0	0
4	0
0	0
0	0
1	0
0	0
0	0
0	0
0	9
0	0
0	2
0	1
1	1
0	0
0	0
0	0
0	6
0	28
6	0
2	0
4	0
0	0
0	2
0	40
0	0
0	26
0	0
0	33
0	24
0	2
0	0
0	1
0	0
0	0
0	0
0	0
0	0
0	0
0	0
0	38
0	0
0	0
1	0
0	2
0	0
0	0
0	48
0	0
0	2
0	4
0	1
0	6
1	0
0	0
0	7
1	0
0	0
9	0
4	0
3	0
0	0
0	0
0	0
0	0
1	0
0	8
0	23
0	0
1	0
0	0
0	0
11	0
0	0
1	0
6	0
0	0
0	26
0	0
0	0
0	0
0	0
0	0
0	0
0	32
0	51
2	0
0	52
0	0
0	48
5	0
0	0
0	35
0	47
4	0
1	0
0	34
2	0
0	0
0	0
1	0
60	0
0	0
0	1
1	0
0	0
7	0
0	0
0	0
0	0
0	0
0	1
0	0
0	0
1	0
1	0
2	0
0	3
0	0
0	0
0	4
0	2
0	0
2	0
0	0
0	3
0	2
4	0
0	0
1	0
0	0
0	0
0	4
0	0
0	0
6	0
12	0
0	0
0	3
0	0
1	0
12	15
0	1
4	0
0	2
0	1
2	6
0	0
0	0
0	0
0	0
0	0
0	0
0	4
0	1
0	0
0	2
2	0
0	0
8	6
0	0
0	0
0	0
0	0
1	0
1	0
0	1
2	0
0	0
0	0
0	1
0	0
1	0
1	0
0	1
0	0
0	5
0	0
0	0
0	0
0	0
0	0
0	0
0	0
0	2
0	0
0	0
0	0
0	0
0	0
0	0
0	0
33	165
1	27
0	0
0	0
0	0
0	0
0	0
1	0
0	0
1	0
1	1
0	25
1	0
0	0
1	0
5	0
0	0
0	0
0	0
0	0
0	0
1	0
0	0
0	0
0	0
2	0
1	0
1	0
0	0
0	0
0	0
0	0
4	0
0	2
1	0
0	0
0	0
1	0
1	4
2	2
2	0
0	0
0	0
0	0
0	0
0	0
0	0
0	0
1	0
0	0
5	0
0	0
0	0
0	0
0	0
0	0
0	0
2	3
0	0
0	0
0	0
0	1
0	1
11	0
0	0
2	0
1	0
0	0
0	0
0	0
0	0
0	0
2	0
0	0
1	0
1	0
0	0
0	0
1	0
0	0
0	0
0	0
0	0
0	0
0	0
2	0
0	0
2	0
0	0
0	0
0	0
0	14
0	0
0	7
0	12
0	0
1	0
2	0
1	0
2	0
0	0
0	0
0	0
0	0
0	0
2	0
0	0
0	0
0	0
0	5
2	0
0	5
0	0
0	0
0	0
1	0
0	0
1	0
3	0
0	0
0	0
1	0
0	0
1	0
0	0
0	0
0	0
1	1
5	0
2	7
0	0
4	0
0	0
1	0
0	0
0	0
0	0
1	0
0	0
0	0
0	0
0	0
0	0
1	0
2	3
1	0
0	0
0	0
0	0
2	0
5	0
1	0
0	0
0	0
1	0
0	0
4	0
0	0
0	0
1	1
0	1
0	0
0	1
0	0
0	1
0	0
5	1
0	12
4	0
0	0
1	1
0	0
0	0
1	0
0	0
0	0
0	1
0	1
0	0
0	0
0	1
0	7
0	0
0	0
0	1
0	0
0	0
0	1
0	0
0	0
0	0
6	0
2	1
0	0
0	0
0	0
1	0
0	0
5	3
0	0
21	0
0	0
1	0
0	0
1	0
0	3
0	0
1	0
22	167
13	167
2	0
12	0
1	0
0	0
28	4
0	0
0	0
0	0
0	0
1	0
0	0
0	0
2	0
0	8
0	8
0	0
5	0
0	0
0	15
0	0
9	13
0	0
0	0
0	0
0	14
0	0
0	22
1	0
0	7
0	15
0	0
0	0
0	0
0	0
1	32
0	0
0	0
0	7
0	0
0	15
0	0
0	0
0	1
0	0
0	0
0	0
0	0
1	0
0	0
0	0
0	0
0	0
7	0
1	0
0	0
0	0
8	0
0	1
0	0
5	0
0	44
0	8
0	1
18	20
0	0
1	0
0	0
0	0
0	0
0	0
0	15
0	0
0	0
0	0
11	0
1	3
0	0
0	4
0	14
2	0
0	8
0	0
0	0
0	16
0	0
0	0
0	0
0	0
0	0
0	0
0	0
0	0
0	0
0	0
0	4
0	12
0	15
5	22
0	0
0	0
1	4
1	0
0	19
0	0
1	0
0	40
0	32
0	26
0	8
0	36
0	0
26	50
3	0
0	0
0	0
0	14
4	0
0	14
0	0
0	0
0	0
3	0
3	0
0	0
1	0
1	0
1	1
1	0
2	0
2	0
0	1
0	0
3	0
0	0
1	0
1	0
1	0
0	0
2	0
0	32
0	5
0	0
0	0
0	0
0	0
0	0
0	15
0	38
0	0
0	51
2	0
0	7
1	0
0	0
3	0
1	0
7	0
1	0
0	0
0	0
0	0
0	0
11	1
0	39
0	35
0	0
0	0
2	0
0	27
1	0
1	0
0	0
0	0
0	9
0	0
0	0
0	0
0	26
0	0
0	0
0	44
0	19
0	43
8	0
0	4
1	1
0	38
7	14
0	0
0	0
1	0
0	0
0	31
0	3
9	6
0	33
1	0
3	0
0	0
0	0
2	0
0	34
0	0
1	0
2	1
0	0
0	0
0	0
0	0
0	0
0	0
0	0
0	0
0	4
0	2
0	0
0	0
0	0
1	0
0	5
32	48
0	1
0	0
0	0
0	1
0	4
5	2
0	0
0	0
0	0
0	0
0	17
0	0
0	0
0	23
1	0
0	31
0	8
0	19
0	0
0	0
0	0
2	0
3	0
7	2
2	10
0	39
0	40
0	48
0	0
4	0
2	26
0	0
0	12
0	8
0	0
0	11
0	0
0	24
0	0
1	3
0	0
5	2
0	3
0	2
7	2
1	0
0	0
0	0
1	0
0	0
0	0
0	0
0	0
0	6
0	32
0	0
7	0
0	0
0	0
0	0
0	0
0	0
2	0
0	0
4	5
0	1
0	0
0	0
0	1
0	32
0	14
0	0
0	34
0	0
0	10
0	3
0	1
0	0
0	33
0	1
0	0
0	1
0	0
0	0
0	7
0	0
0	0
0	0
0	0
0	4
0	10
0	0
0	4
0	13
0	15
0	1
0	13
0	54
0	5
0	0
0	1
5	0
0	0
0	10
30	125
11	0
1	0
0	30
0	0
0	37
1	0
6	0
0	0
0	6
0	19
0	0
38	129
0	10
0	0
0	0
0	4
0	0
0	0
0	0
1	0
0	0
0	0
0	0
19	0
0	6
2	0
0	0
0	0
0	0
0	0
0	0
0	0
0	0
0	0
3	18
0	0
0	0
0	2
0	0
1	0
0	0
2	0
0	0
0	0
0	13
0	14
0	39
1	18
2	0
0	0
1	0
0	6
2	0
0	44
0	0
0	0
0	1
0	0
0	39
0	2
0	0
0	1
0	49
0	0
2	0
0	25
0	0
0	0
0	0
1	0
0	1
0	10
0	15
0	0
0	0
5	0
0	1
0	14
0	0
0	0
0	1
0	0
0	0
1	0
0	0
0	1
0	1
0	1
3	0
0	29
0	0
0	45
0	0
1	0
0	52
1	0
0	0
0	0
0	1
0	9
1	1
2	8
0	0
0	2
0	0
0	0
1	0
0	19
0	0
0	0
0	42
0	19
0	0
0	1
10	0
0	0
0	0
0	0
0	19
0	0
0	0
0	1
0	0
0	0
0	0
7	0
0	9
0	32
0	0
0	0
3	0
0	0
2	0
0	0
0	3
0	0
0	1
0	1
0	0
0	0
104	5
0	0
0	0
0	1
0	0
0	32
3	0
0	24
0	45
0	21
1	2
0	2
1	1
2	0
0	20
0	28
15	5
0	29
0	0
0	0
0	1
0	0
0	0
0	0
0	32
1	0
0	1
0	49
0	32
0	22
0	44
0	1
1	0
9	5
1	0
0	34
0	10
0	30
0	0
0	0
1	6
0	7
1	17
71	2115
0	0
293	48
0	1
0	0
0	0
0	1
0	0
0	0
0	25
0	0
0	1
0	0
0	0
0	0
3	11
0	0
0	0
1	4
0	51
0	15
0	0
5	0
0	0
0	0
0	2
0	4
0	2
0	2
0	0
0	0
0	36
0	0
0	0
0	20
0	5
0	7
0	0
0	15
0	12
0	13
0	36
0	8
1	10
0	1
0	0
1	0
0	14
0	48
20	32
0	7
2	0
3	41
0	41
0	0
0	0
0	0
0	0
0	0
0	0
71	0
0	0
0	2
0	0
0	2
0	0
0	0
0	17
0	0
0	0
0	0
0	0
0	0
0	0
0	0
0	14
0	8
1	6
6	0
0	0
1	0
0	2
2	0
0	0
1	0
0	0
0	0
0	0
0	19
2	4
0	0
0	0
0	0
0	14
2	0
0	0
0	0
1	0
0	0
0	18
0	0
0	0
0	0
0	33
0	14
0	51
0	0
2	43
0	2
0	0
0	0
0	0
2	0
5	0
0	17
0	1
