UniqueCount	AmbigCount
0	0
0	0
0	0
0	0
0	0
0	0
0	0
0	0
0	0
0	0
0	0
0	0
0	0
0	0
0	0
0	0
0	0
0	0
0	0
0	0
18	4
0	4
0	7
0	7
0	0
8	0
0	0
0	0
0	13
0	13
0	14
0	120
0	122
1	5
0	0
0	0
1	5
1	5
6	6
3	15
5	12
15	20
0	17
3	1
0	10
0	7
42	64
14	26
0	26
174	55
0	19
0	11
0	11
3	2
3	9
0	9
11	2
0	7
4	56
0	53
54	30
0	10
86	12
4	15
0	15
0	39
0	12
8	2
0	0
147	34
0	16
2	136
0	2
0	2
10	6
0	36
0	35
9	21
1	4
4	72
4	8
0	16
0	16
18	31
0	25
0	7
10	38
0	16
41	44
11	2
20	19
0	17
31	23
0	19
3	4
0	4
0	14
7	0
0	120
0	122
5	6
1	4
0	4
5	5
2	5
9	9
0	71
0	71
3	10
0	17
2	1
0	7
0	4
21	26
6	0
22	41
0	11
12	5
2	2
5	0
8	0
14	8
0	3
0	3
21	12
0	0
0	0
10	3
1	2
4	0
23	30
0	6
0	2
5	6
0	45
0	24
10	0
10	0
63	6
0	0
0	0
0	2
0	2
0	0
4	0
0	0
0	0
30	8
0	8
0	8
0	0
0	0
1	0
0	8
0	8
3	0
5	0
0	2
0	2
0	2
0	2
10	0
7	0
154	0
37	0
14	0
13	0
11	0
25	0
5	10
0	10
55	0
35	0
16	0
7	0
12	0
16	0
7	0
29	0
4	0
5	3
0	3
1	16
0	16
0	1
0	1
5	0
0	0
0	0
85	64
1	64
11	0
3	0
0	0
1	0
1	0
9	0
0	0
4	0
0	1
0	13
0	2
2	1
0	13
0	11
0	11
2	0
0	7
13	7
0	7
23	3
0	1
1	0
19	1
107	76
4	52
0	0
10	5
12	1
16	3
0	2
0	2
0	39
0	36
0	73
0	1
0	1
0	1
0	36
0	10
0	21
0	1
0	73
0	1
415	15
1	37
3	1
1	0
0	37
0	8
0	8
0	7
0	7
0	0
0	0
0	0
0	0
11	0
0	9
0	9
1	9
3	0
27	13
0	13
176	21
0	21
11	15
0	2
2	0
0	0
16	15
0	8
23	76
282	74
0	76
2	1
0	68
15	267
34	108
5	54
0	40
0	213
0	39
3	1
0	132
20	132
3	0
2	142
0	34
26	81
0	38
0	78
0	1
0	1
1	0
5	0
1	0
0	0
4	3
3	0
0	0
5	1
15	0
14	0
0	0
0	0
1	0
12	0
49	0
1	0
4	1
19	0
9	0
3	0
0	3
0	3
0	0
0	0
0	0
2	68
0	54
0	19
0	45
0	27
0	42
0	19
0	51
0	0
0	0
0	54
35	8
0	8
0	41
0	48
0	49
101	92
52	99
0	22
3	0
11	0
0	0
3	0
12	0
0	7
0	7
1	27
1	2
0	2
4	8
0	8
105	52
7	0
1	12
0	12
1	12
0	8
0	16
1	16
4	16
0	11
19	10
0	4
0	21
0	21
0	24
0	1
1	3
1	2
0	5
0	2
0	0
0	2
0	0
0	24
0	3
0	3
7	0
1	0
237	38
59	14
0	14
4	0
0	3
0	3
7	0
8	0
5	159
0	159
65	91
0	0
0	0
0	0
0	0
0	0
0	0
0	0
0	0
0	0
0	0
0	0
0	0
0	0
0	0
0	0
0	0
0	0
0	0
0	1
0	1
0	3
0	3
5	0
0	0
0	4
14	4
6	7
0	7
8	7
0	7
2	50
8	50
6	2
0	2
0	0
0	0
0	0
0	4
0	4
6	0
0	37
0	37
0	0
0	0
0	0
0	1
0	1
1	0
0	1
0	1
1	0
1	0
0	0
0	0
0	5
0	5
1	38
0	42
0	42
0	9
0	9
0	1
0	1
3	3
119	25
0	0
1	0
0	7
0	0
3	3
3	0
0	191
0	191
0	12
0	12
0	3
0	3
0	3
3	0
2	3
0	7
0	7
0	0
0	0
2	101
0	101
0	2
0	2
0	5
0	5
2	74
0	74
10	1
68	521
0	646
0	641
69	314
1	62
0	62
330	175
43	500
0	0
0	3
0	3
0	3
6	435
0	435
0	0
0	0
0	0
24	0
185	160
0	3
0	3
0	0
0	0
0	3
0	0
4	615
0	611
3	0
57	587
116	87
0	7
10	0
2	2
3	2
2	0
1	2
0	3
0	3
0	2
0	2
0	3
0	3
0	0
0	3
0	3
0	5
0	5
1	0
0	0
0	5
0	5
0	0
0	96
0	96
6	401
0	14
0	14
1	5
13	57
20	84
0	13
0	13
4	0
18	0
5	5
56	16
1	0
3	0
0	0
65	14
0	0
0	0
3	18
0	18
0	0
0	0
0	0
0	0
0	573
0	569
4	4
0	4
1	0
0	1
0	1
0	96
10	261
0	38
0	38
4	0
0	3
0	3
0	0
6	758
0	753
0	2
20	35
2	0
0	223
0	223
6	341
0	341
7	103
0	103
13	87
181	37
0	4
0	4
3	0
3	267
0	263
0	0
48	117
115	98
0	0
0	0
1	0
0	0
11	0
1	0
7	10
1	6
0	6
3	0
0	0
1	1
0	0
0	0
0	0
1	1
1	0
0	1
0	1
0	2
0	2
8	10
0	2
0	2
0	49
0	49
132	0
6	276
0	151
0	271
67	142
4	0
0	27
0	6
0	6
0	5
1	10
0	10
0	1
93	186
1	2
0	2
1	31
0	3
0	3
5	0
132	181
0	0
178	75
0	0
0	0
0	43
0	43
26	7
20	17
3	0
1	240
0	232
1	2
0	2
0	5
0	5
3	0
0	0
0	0
1	2
0	2
0	4
0	4
0	1
0	0
0	0
0	4
0	4
0	0
0	0
8	1
0	1
0	140
0	140
10	0
0	1
0	1
5	0
3	0
3	0
0	0
0	0
0	0
0	0
3	0
0	0
0	5
0	5
0	3
1	3
0	4
0	4
8	1
0	2
0	2
0	0
0	0
0	0
2	0
0	0
1	0
2	3
0	3
1	0
0	1
0	1
0	1
0	0
3	1
2	1
1	0
0	4
0	1
0	1
0	0
1	1
0	1
0	0
1	0
0	1
0	1
1	0
4	0
0	0
0	0
0	0
1	0
1	0
0	0
0	0
1	136
4	1
0	0
0	0
3	0
0	8
0	0
0	0
0	0
0	0
0	0
0	0
0	0
0	0
0	0
0	0
0	0
0	0
0	0
0	0
0	0
0	0
3	0
0	0
0	0
0	0
0	0
0	0
0	0
0	0
0	0
0	0
0	0
0	0
0	0
0	0
0	0
0	0
0	0
0	0
3	0
1	0
0	0
0	0
0	0
0	0
0	0
0	0
0	0
0	0
0	0
0	0
0	0
0	0
3	0
0	0
0	0
2	0
0	0
0	0
0	0
0	0
0	0
0	0
0	0
0	0
0	0
0	0
0	0
0	0
0	0
0	0
0	0
0	0
0	0
0	0
0	0
0	0
0	0
0	0
0	0
5	0
165324	186
50563	78
239712	10376
77983	101888
26	35161
559	33448
38	108724
632	82431
11603	23
59	95290
145922	98399
127496	5453
136817	2
267	4
0	26
0	26
0	24
0	24
1	3
0	2
0	17
0	21
0	34
0	29
0	17
0	5
65	178
0	3
0	3
0	0
0	172
1442	327
0	155
1	134
0	26
30	105
0	48
0	33
0	169
0	179
0	2
0	5
0	5
0	2
0	5
29	6
0	2
0	0
0	155
5	1
0	1
0	1
0	1
21	82
27	59
1	1
1	22
1	3
0	3
0	79
0	188
0	188
24	0
85	116
0	116
147	21
2	45
0	0
0	6
0	0
2	6
0	16
5	0
0	38
0	6
0	0
115	38
1	34
86	9
0	9
0	9
0	9
1	1
5	0
0	0
0	5
0	5
1	0
18	25
0	0
0	0
4349	2162
343	62
0	62
0	62
36	14
2	5
0	3
2	25
0	33
0	0
0	0
387	264
4	0
0	0
26	6
3	257
0	267
218	278
13	40
6	0
3	1
0	181
1	1
0	11
0	1
1	10
0	84
54	0
280	82
0	112
0	48
0	111
1	3
20	19
0	17
0	19
0	19
2	4
2	0
1	0
0	13
0	13
9	7
0	11
0	13
0	13
1	11
0	0
0	0
3	73
16	59
0	2
0	0
3	17
6	39
2	1
0	318
0	318
2	127
13	0
1	0
0	77
4	0
0	0
0	1
0	1
0	6
21	36
0	36
0	0
0	6
0	6
2	6
0	0
0	6
0	2
0	2
2	2
0	2
0	2
0	0
0	6
0	2
317	165
4	149
0	136
0	111
380	75
1	57
6	1
0	0
0	17
0	0
0	0
7	20
0	20
0	11
0	11
0	11
0	0
0	0
0	0
0	0
0	0
0	0
2	0
0	0
0	0
4	0
0	0
0	1
0	7
9	6
0	174
0	72
0	168
1	15
0	63
0	55
0	4
7	1
4	4
4	125
310	58
0	0
0	0
0	10
1144	60
0	38
0	57
0	0
204	25
38	10
1	1
32	117
0	40
0	0
0	3
1	0
0	5
4	3
0	4
5	17
98	97
3	10
9	87
0	20
274	20
26	2
17	18
10	18
168	0
0	35
0	2
1	0
22	33
0	0
68	48
0	7
63	884
110	38
0	859
0	25
162	0
0	0
6	36
0	25
0	17
9	20
15	29
0	14
3	14
0	2
0	1
0	0
8	0
56	15
0	88
0	88
0	63
865	859
0	512
0	512
0	7
7	0
375	79
0	29
0	79
0	1
0	40
0	40
2	11
175	75
171	93
0	63
18	1
69	104
102	101
0	50
622	13
0	13
0	0
2	12
0	0
0	0
5	0
0	0
0	5
68	0
12	0
0	1
0	1
9	7
0	1
0	7
0	7
0	1
0	6
0	0
121	156
17	158
0	114
13	4
0	0
0	0
0	0
2	0
0	0
0	0
0	0
0	11
3	11
2	2
0	8
0	3
3	3
0	3
626	21
0	2
0	2
0	2
0	19
0	10
23	10
22	8
7	14
0	0
46	14
0	3
0	24
0	34
0	34
0	0
0	4
0	4
0	2
0	4
0	2
0	5
0	5
0	11
0	11
5	1
14	18
0	18
0	9
0	0
186	35
0	8
0	7
1	4
0	1
0	34
47	0
66	225
0	225
32	631
1175	632
0	7
0	24
0	0
0	0
0	1
3	10
0	24
2	0
0	0
0	24
2	0
59	24
0	24
5	24
1180	23
91	23
167	0
16	16
3	16
0	7
109	0
0	16
0	4
0	0
0	0
0	9
0	0
3	16
802	0
55	8
96	33
2	1
2	0
24	75
342	18
0	3
0	15
2	15
67	102
0	101
0	0
4	5
13	3
12	0
0	1
6	39
0	30
0	11
0	6
1	0
0	25
0	2
141	33
0	25
0	25
0	15
0	8
37	18
0	19
38	75
0	9
0	2
1	0
35	12
10	0
0	1
0	3
0	0
1	0
0	0
0	8
0	8
0	8
0	8
265	0
185	319
54	317
6	295
8	16
14	28
0	20
0	20
0	19
0	15
0	14
0	18
1	22
37	2
0	2
1577	1586
0	1587
13	423
0	17
0	2
0	5
9	0
38	5
0	5
17	5
12	30
2	44
36	44
0	67
0	254
0	54
0	20
0	14
0	18
5	104
2	200
0	20
1	0
124	54
0	54
104	68
5	0
0	19
0	19
0	19
151	233
0	186
24	88
0	70
0	10
17	0
1	2
6	0
0	0
10	6
8	8
4	118
0	12
132	116
8	15
30	15
3	29
18	68
0	13
0	13
0	6
0	3
0	29
0	0
0	0
0	195
0	195
9	18
0	18
0	18
0	15
0	18
22	16
1	3
37	0
714	71
0	64
12	1
11	6
0	32
0	33
0	17
0	5
2	6
0	6
0	6
0	3
0	6
23	3
0	19
0	6
3	6
0	3
43	1
0	0
0	0
4	3
0	0
0	0
0	0
0	32
6	27
1	31
5	6
11	0
17	0
3	0
0	18
4	22
13	0
50	26
1	5
55	0
5	1
0	1
38	29
0	29
0	26
0	0
0	0
0	2
0	0
115	62
0	108
0	0
0	86
0	86
10	0
4	95
1	67
1	19
0	25
0	5
6	2
0	0
0	23
4	3
0	0
2	0
0	0
0	0
0	95
0	1
0	4
0	1
0	0
0	1
0	4
50	33
15	11
0	0
0	3
0	3
0	27
6	16
2	0
806	77
0	16
0	3
35	91
0	54
0	17
13	7
3	1
2	23
4	23
91	11
0	11
0	1
85	2
9	2
2	0
5	92
7	61
0	11
6	0
0	5
26	0
4	5
0	20
0	0
3	0
0	1
1	0
0	0
20	44
3	44
0	0
0	38
19	1
6	3
3	3
1	0
25	68
0	65
0	67
1	13
3	1
177	1
71	0
0	68
67	130
30	119
0	39
2	45
0	38
0	2
0	9
0	77
10	0
1	0
0	0
0	0
0	0
0	0
0	0
0	0
0	0
0	0
4	7
0	7
61	0
0	7
43	1422
0	1503
0	994
0	1004
139	1105
47	957
0	5
2	1
16	14
276	9
0	4
4	3
122	0
100	0
0	6
0	6
0	81
6	4
1363	1
15	1
3	37
0	16
0	16
0	11
9	0
0	0
0	0
7	21
8	10
0	0
0	0
0	1
0	1
0	0
0	0
0	1
29	2
14	2
0	1
5	307
0	442
25	307
17	226
0	7
9	442
255	3
19	12
0	0
0	0
3	0
325	487
0	70
0	152
46	360
42	31
0	245
0	55
0	55
7	0
5	20
5	102
0	3
39	250
26	250
5	3
642	55
0	31
3	3
0	0
0	1
114	22
0	1
1	21
0	18
3	18
1	8
24	53
9	53
115	49
0	19
0	34
0	0
0	1
2	0
0	18
0	16
0	4
2	2
0	2
0	16
3	0
1	11
0	3
0	11
10	23
92	135
0	11
0	3
17	25
0	0
0	3
0	5
1	0
1	20
15	7
0	6
1	32
0	112
0	3
0	61
0	3
43	14
0	3
3	61
27	13
0	2
0	1
0	65
0	33
0	112
0	57
0	113
0	52
237	4
0	4
0	4
0	0
0	0
0	0
0	3
0	3
28	13
2	13
21	67
0	0
10	0
0	17
3	5
2	5
9	51
0	51
0	14
3	0
25	16
0	5
0	5
7	5
0	6
0	5
0	6
0	0
0	0
2	1
13	9
0	10
0	32
0	32
0	225
380	287
0	287
52	335
0	110
0	59
0	2
0	1
2	2
2	0
2	0
0	335
652	57
0	61
12	55
0	15
0	0
0	0
0	1
1	1
0	1
0	2
151	152
0	126
0	2
6	7
17	9
0	1
0	4
0	5
0	5
0	0
0	0
9	142
0	0
0	1
0	1
0	63
0	0
0	0
0	128
337	37
169	155
0	61
0	61
4	43
2	3
26	22
2	0
1	90
0	18
24	7
6	7
0	5
0	1
0	828
0	930
0	922
0	0
2	0
0	913
1	1
0	138
0	289
0	32
20	32
3	32
20	74
20	74
6	9
0	0
7	0
2	10
0	0
14	0
0	10
0	0
19	17
12	27
7	14
1	1
285	5
25	6
0	12
38	11
0	11
6	26
0	19
1	12
0	12
0	18
0	0
0	8
0	5
0	0
0	7
0	0
13	3
1	7
0	7
10	62
0	62
83	65
158	2
0	2
0	0
18	17
0	14
1	3
1	0
0	1
0	9
19	44
0	1
0	266
0	266
2	223
0	175
9	110
0	14
0	0
45	7
78	11
12	11
0	11
0	11
0	4
0	11
0	7
0	7
0	7
0	7
4	6
1	0
3	18
0	18
9	30
5	65
36	0
2	4
0	1
0	51
0	51
1050	59
0	59
0	78
10	26
0	28
0	16
44	83
3	83
21	17
0	65
72	58
2	10
0	14
8	14
0	10
4	4
578	19
399	120
87	102
4	0
2	1
20	269
29	547
0	541
0	6
1	0
0	12
0	12
117	1
0	1
9	123
4	123
0	56
0	48
22	52
2	0
0	23
0	16
0	21
0	14
0	13
787	244
13	158
6	190
3	54
0	20
0	17
2	4
0	0
1	0
4	0
0	2
0	0
576	41
0	2
0	0
1	22
0	508
0	0
0	0
35	57
0	0
53	0
0	1
1	0
0	25
0	508
0	17
189	38
0	7
0	31
0	24
0	16
0	0
0	1
0	0
0	1
0	0
0	0
0	0
0	0
0	0
0	0
1	7
0	6
0	2
0	13
0	0
0	0
0	7
0	6
0	0
0	0
0	4
0	3
0	11
2	1
0	1
0	1
0	1
12	34
38	34
678	6
4	0
6	0
3	0
7	6
6	61
2	61
12	62
13	2
0	2
65	116
0	120
13	5
0	212
0	212
0	0
7	0
14	65
0	21
0	27
0	53
4	0
0	0
23	46
0	11
1	0
0	5
0	1
2	4
0	5
620	20
5	20
3	22
2	5
0	5
0	0
3	7
1	3
0	2
0	119
0	119
0	7
145	1
26	0
13	0
0	15
7	17
4	17
2	22
16	11
486	0
0	134
0	133
0	104
0	67
0	45
1	65
0	35
0	34
3	9
8	9
2	9
4	9
0	8
0	1
144	166
0	148
0	148
0	47
298	61
0	0
1	6
10	5
0	5
0	6
12	18
0	18
397	0
0	3
0	45
1	46
0	1
0	9
2	0
0	1
0	0
17	0
46	13
0	0
7	13
0	0
1	0
0	39
57	18
142	47
0	0
6	5
32	46
17	0
109	203
0	186
0	35
0	0
0	0
3	0
9	20
19	3
2	0
0	0
8	0
0	0
23	59
21	154
0	134
34	116
0	38
0	14
23	11
0	4
0	4
1	2
0	4
0	3
9	4
47	8
2	8
32	22
0	13
0	0
63	22
75	5
0	5
0	1
0	35
12	38
20	22
2	10
0	2
0	15
0	10
9	46
14	12
1	0
0	9
0	0
0	0
0	6
7	3
0	117
68	117
13	117
3	5
1	8
0	0
0	0
0	9
0	0
0	0
37	0
0	15
0	15
0	2
0	0
30	11
15	21
0	2
21	29
1	1
16	62
0	9
0	6
0	0
0	0
0	0
13	0
0	53
0	46
3	24
0	127
0	47
0	21
0	3
0	4
1049	128
21	4
1	4
4	4
40	0
0	1
57	149
0	0
0	149
0	44
14	185
0	203
0	44
0	0
15	6
0	203
0	177
2	12
0	12
1	0
4	9
0	9
0	0
0	0
0	0
0	0
6	24
0	24
468	6
2	152
0	151
684	114
2	67
0	0
7	16
0	19
1	20
31	66
4	1
0	13
2	2
0	2
3	3
3	3
28	6
0	0
0	6
0	0
0	6
1	45
0	45
137	0
355	4
4	2
2	1
8	0
2	20
3	48
0	6
0	5
4	20
40	0
0	0
1	15
0	15
5	0
13	14
1	12
0	25
0	9
53	27
0	31
1	1
4	1
0	22
0	2
80	5
9	22
0	2
4	11
33	51
0	54
0	72
12	33
0	3
7	28
0	11
0	0
0	0
6	0
4	0
0	4
15	40
0	9
0	34
0	1
0	3
5	5
24	55
0	0
0	0
0	46
0	52
0	0
0	3
0	10
0	10
8	0
0	20
0	3
0	22
1	21
4	2
0	0
0	8
0	8
0	14
0	0
0	0
0	0
1	0
2	0
0	0
0	0
6	10
0	0
0	0
0	0
0	0
0	0
0	13
16	15
0	15
3	2
1	0
0	13
1	3
7	1
38	17
6	151
9	140
727	163
0	0
0	1
0	2
0	9
13	8
6	5
0	5
1	2
0	61
69	66
1	7
8	0
0	0
7	0
0	0
27	8
0	0
0	1
0	0
2	2
4	4
125	100
0	0
0	1
8	1
0	1
2	3
6	3
0	4
798	4
0	8
9	12
1	31
1	26
3	25
0	67
32	67
0	0
0	0
13	19
0	0
519	19
0	567
0	7
6	0
0	56
6	75
0	102
0	569
14	567
0	0
0	0
0	3
0	7
0	16
0	0
3	10
0	8
0	8
0	8
1	0
0	3
0	0
0	3
0	6
0	6
0	6
25	6
0	0
5	0
0	0
0	0
10	5
0	14
2	14
4	11
8	1
3	0
7	184
0	43
16	49
0	13
1	13
0	176
0	1
1	1
121	188
4	0
0	16
5	16
11	28
1	0
87	1
0	1
12	5
0	1
1	5
17	2
1	0
0	0
0	0
0	1
0	3
0	3
35	4
96	68
1	232
6	91
234	0
0	5
0	10
0	7
79	40
0	97
45	214
11	193
27	203
149	193
2	0
0	0
17	41
134	8
0	40
0	8
106	41
0	8
10	6
0	24
2	1
0	20
0	24
0	13
109	40
0	0
66	2
175	0
3	2
0	10
2	0
0	7
0	117
123	117
0	0
0	1
47	1
0	2
0	1
0	2
4	1
64	1
21	0
2	0
13	0
0	5
0	0
0	0
0	29
2	25
0	26
21	30
0	29
0	28
7	16
4	0
107	14
9	33
0	0
0	0
14	0
0	1
0	10
31	10
3	32
383	37
5	24
0	13
0	0
5	17
14	3
0	6
0	6
8	84
21	14
0	2
0	51
0	57
0	3
0	83
0	80
24	28
5	0
318	6
0	8
1	2
2	20
0	12
0	12
0	20
0	1
0	0
0	25
0	17
0	42
9	1
0	42
3	28
1	31
0	44
0	21
24	31
0	19
0	9
0	9
0	1
0	1
0	1
0	8
10	2
0	0
4	0
3	8
8	6
0	5
1	5
13	2
32	10
0	0
0	2
0	2
0	5
15	5
418	6
16	6
43	47
54	31
28	0
0	324
0	328
0	337
22	66
36	40
10	320
10	39
3	2
4	1
0	0
0	324
9	16
7	1
0	3
21	39
0	121
2	121
0	119
0	0
0	0
13	23
0	3
7	3
0	21
0	21
492	0
100	2
500	2
103	6
2	15
3	12
10	0
23	5
0	0
2	474
0	11
0	485
4	474
0	2
41	35
0	193
2	69
0	8
9	8
12	7
0	8
5	0
1	8
0	0
2	0
6	0
0	0
116	0
1109	0
5	126
0	134
0	132
0	98
0	99
0	99
5	93
0	19
0	5
2	0
0	0
0	15
2	14
0	16
0	5
0	3
0	4
0	4
0	4
9	4
0	0
0	0
0	1
0	0
3	0
17	30
0	30
0	7
0	1
0	7
0	3
8	57
149	5
0	5
0	55
0	62
0	58
0	62
0	48
0	48
0	9
0	55
0	55
0	8
0	8
1	0
4	0
0	0
35	0
4	37
0	82
0	88
0	70
0	73
0	73
22	209
0	285
2	139
25	225
5	18
0	133
3	0
2	0
7	145
0	0
0	200
3	109
0	110
0	159
2	15
0	2
0	1
2	0
0	15
0	5
0	13
0	21
19	143
0	7
4	7
0	0
0	6
26	137
2	6
49	491
64	3
37	41
40	491
22	3
9	0
6	0
0	0
0	8
0	3
86	22
4	23
0	23
241	81
0	75
0	0
1	0
0	3
0	2
0	3
17	2
0	42
110	19
0	18
0	18
13	0
6	1
128	255
7	275
0	231
0	111
14	0
2	1
0	1
0	1
0	10
0	9
0	35
0	25
0	3
13	18
6	24
0	1
129	24
0	1
5	24
16	40
233	13
0	16
0	16
0	10
0	69
0	113
0	113
0	0
0	0
5	2
0	0
7	14
0	0
0	2
19	42
15	16
44	243
0	77
0	82
0	150
0	150
0	98
0	6
0	102
0	116
3	0
0	1
0	1
5	4
1	0
3	0
0	2
0	2
6	0
8	67
0	166
0	166
15	19
0	6
1	10
11	0
9	29
0	8
7	4
0	25
5	7
0	16
0	13
59	181
1	31
0	55
9	35
6	3
0	3
0	3
729	97
0	94
0	43
254	6
0	14
250	41
0	2
0	10
0	31
18	1
4	1
0	21
0	15
0	3
0	0
3	2
0	2
20	177
0	5
0	5
0	7
1	9
0	0
0	0
50	72
0	0
9	171
0	109
0	72
0	33
0	16
0	1
10	0
0	12
0	33
0	72
0	23
123	14
0	23
0	19
0	0
10	12
0	11
1	4
0	18
4	0
0	0
6	0
0	4
0	19
3	4
2	21
84	57
497	127
0	128
21	1
3	0
44	2
0	2
4	15
0	12
12	8
0	10
32	56
17	56
0	0
11	0
3	0
5	0
20	4
33	1
343	23
0	22
19	2
5	10
14	17
0	4
0	4
75	16
0	78
0	29
0	18
3	0
10	0
6	5
3	1
0	0
0	1
12	4
1	2
17	19
63	17
17	4
0	5
0	10
0	2
1	35
0	33
26	16
0	44
15	44
1	41
5	14
0	1
13	13
0	0
0	9
0	13
0	0
0	13
3	11
0	129
16	128
155	73
0	118
55	40
6	13
1	0
4	0
7	44
23	0
0	1
0	17
1	16
0	3
3	11
0	5
3	65
0	65
4	25
0	25
0	45
0	8
0	35
0	9
114	27
0	105
1	4
0	5
6	0
28	105
39	11
0	4
0	7
2	0
0	0
123	75
0	32
5	114
0	19
0	8
0	0
9	8
746	56
0	40
0	28
0	28
5	39
0	39
0	28
0	28
0	39
4	39
11	26
0	13
55	8
0	8
0	0
1	5
51	58
0	54
0	58
89	15
0	16
4	15
319	87
2	63
2	63
56	9
42	5
58	8
0	46
0	34
20	0
7	9
0	10
0	15
0	9
0	23
0	10
0	6
0	2
0	10
8	1
0	1
1	4
0	26
0	5
9	1
0	5
0	10
923	0
0	4
0	4
0	57
0	38
1	62
0	18
3	9
0	9
0	6
0	0
24	1
0	1
0	6
0	6
0	0
0	0
26	0
1	0
0	19
10	19
34	21
0	7
7	7
3	7
5	5
1	1
0	3
0	0
138	55
2	12
7	14
8	7
1	17
0	15
81	243
0	240
0	13
0	240
76	570
0	27
2	569
7	5
4	4
0	564
0	562
97	34
0	9
0	28
19	0
22	0
4	29
0	28
0	29
38	34
0	24
0	6
0	21
210	6
0	2
0	190
11	190
24	0
4	0
0	0
0	0
0	0
0	0
0	0
90	0
2	0
0	37
0	6
1	37
1	0
0	12
0	7
15	7
0	0
0	7
20	44
24	75
0	15
0	41
0	6
0	4
139	6
0	17
0	1
0	21
0	1
5	0
5	1
6	8
2	8
2	0
0	0
0	2
1	21
113	12
0	3
2	3
167	12
0	0
0	3
3	9
0	0
0	37
0	37
4	5
0	25
12	0
0	31
0	31
0	0
1	0
0	2
0	30
2	0
0	3
0	0
580	39
6	39
379	46
0	17
0	11
0	7
0	41
0	8
0	4
0	0
0	2
0	3
0	1
0	25
0	25
108	86
0	81
8	34
0	4
0	4
0	12
0	4
0	4
0	0
0	32
8	56
0	3
4	0
1	3
6	0
2	14
0	46
0	36
17	112
0	49
17	12
0	0
0	1
376	113
0	0
1	3
21	10
0	8
0	0
0	0
0	0
0	0
0	166
0	0
3	0
0	0
0	0
0	166
0	117
0	19
0	112
181	131
0	3
6	0
89	12
49	478
0	478
0	1
0	185
0	80
0	4
1	0
15	4
0	1
4	0
5	1
1	0
7	12
0	61
110	0
83	120
5	206
0	25
90	926
0	926
0	3
6	372
2	2
0	312
176	73
0	60
0	9
1404	40
0	73
0	41
0	208
2	3
0	474
0	0
1	0
32	471
0	0
0	4
0	4
2	4
2	2
6	3
0	0
0	2
0	2
10	0
34	146
5	142
28	0
20	62
37	78
8	0
5	16
0	11
0	0
1	11
3	36
26	0
688	0
129	51
0	223
7	158
8	5
20	5
13	65
0	2
0	23
0	21
3	248
0	2
21	0
113	237
0	5
0	3
7	28
0	26
0	21
0	0
4	4
0	4
0	4
6	128
66	128
10	0
0	0
0	11
0	5
0	6
5	11
0	11
0	13
31	154
0	7
0	5
0	48
0	62
0	6
0	7
0	5
0	1
0	6
2	58
0	0
8	31
1	55
3	124
5	120
47	130
0	33
0	28
0	67
0	21
0	37
158	2
5	0
0	2
2	0
0	0
4	78
1	128
89	107
1	55
20	38
0	3
0	0
0	9
0	9
0	6
0	287
99	288
0	80
0	3
349	180
0	86
323	46
9	0
0	26
0	26
34	32
0	22
0	6
0	1
0	26
33	26
2	35
0	35
2	14
7	15
0	2
0	84
14	84
1	46
0	105
0	51
0	139
201	128
0	12
0	233
0	193
3	9
206	221
0	109
0	21
45	0
0	78
0	77
1	83
1	83
219	83
0	0
6	4
1	14
5	8
7	10
0	5
0	0
65	144
0	8
0	10
0	118
2	11
0	5
0	0
22	8
3	1
0	1
0	1
0	1
24	0
0	89
0	0
4	67
0	1
3	0
5	26
0	89
0	26
7	0
0	0
59	52
35	52
0	48
0	43
15	9
77	375
7	2
0	298
0	373
1	0
0	23
0	24
0	0
0	0
0	0
0	0
0	0
0	0
0	1
0	2
3	1
0	1
0	4
0	3
0	1
0	10
4	13
0	10
0	22
114	57
0	18
0	18
47	0
505	42
0	21
6	1
0	8
0	8
49	21
0	18
0	20
542	5
12	6
6	4
6	22
5	22
22	22
589	10
12	216
0	277
2	28
12	280
0	10
0	8
0	13
26	21
0	2
0	0
0	0
0	0
0	53
0	53
0	1
0	1
0	1
10	1
0	0
59	5
70	3
38	80
7	109
0	30
0	47
1	63
9	8
33	136
6	48
20	0
42	141
3	2
5	2
186	0
56	0
23	42
22	71
1	71
0	71
0	3
0	0
0	119
81	165
0	136
0	25
1	25
7	23
0	16
0	20
0	23
5	36
0	13
0	62
0	34
0	251
0	32
0	285
0	58
0	272
0	91
0	59
0	3
0	198
0	31
0	3
0	40
8	51
0	12
11	41
0	11
0	6
0	6
48	139
0	120
0	120
0	120
0	178
0	119
117	177
0	114
0	106
0	95
0	66
1	2
0	10
0	5
0	5
0	5
0	5
0	5
0	5
0	6
0	138
6	4
0	4
0	0
0	0
113	2
0	2
0	0
5	2
0	610
50	602
21	1
0	49
0	171
2	0
5	0
2	195
2	183
18	1
0	0
0	0
16	2
0	2
7	161
0	9
0	11
0	5
0	5
96	5
0	0
0	0
0	0
0	0
0	0
0	0
0	71
39	1
0	1
0	0
2	22
0	21
0	4
99	58
61	12
0	9
0	9
18	216
1	201
14	7
286	201
0	7
0	1
0	38
0	38
0	3
4	7
0	0
7	0
0	7
4	2
0	2
550	0
157	18
0	10
0	7
3	7
0	7
0	7
0	7
0	7
0	9
0	0
0	0
8	8
52	4
0	0
0	2
0	1
0	1
0	0
4	246
0	242
0	4
0	2
0	1
0	5
1	4
0	1
0	2
0	2
0	0
12	1
0	146
0	146
0	33
0	125
0	137
0	98
13	100
0	18
5	17
0	0
2	7
0	7
0	2
20	1
0	1
0	6
31	0
0	0
0	0
0	0
0	0
4	0
81	169
0	81
0	92
30	84
66	20
1	20
0	6
0	12
0	2
6	30
108	30
2	1
4	1
1008	46
0	148
0	133
0	132
11	25
0	25
0	0
13	0
0	155
10	36
0	156
1585	0
0	40
0	155
46	22
0	6
0	7
0	10
0	5
2	7
0	7
11	45
13	54
0	45
0	45
0	45
0	3
1	0
0	7
5	0
0	4
1	0
0	9
0	25
0	266
147	266
28	266
6	266
0	297
0	266
0	279
6	266
0	84
0	28
0	43
0	14
2	13
0	12
0	0
0	4
91	1
0	267
0	297
0	279
0	270
0	268
0	49
4	2
0	2
1	5
0	2
0	2
0	0
0	49
53	3
95	45
38	11
9	22
0	10
0	3
0	0
0	0
0	4
1	4
0	181
95	177
0	179
358	136
0	130
7	143
4	25
0	0
0	36
224	213
233	0
54	11
0	11
0	0
18	2
0	2
11	25
38	87
0	0
40	39
0	39
0	19
0	0
1	4
9	7
0	0
3	5
0	0
0	5
0	0
1	0
11	18
0	13
27	49
0	1
0	1
10	5
0	6
0	4
3	5
0	0
0	11
0	37
0	3
0	12
9	202
0	226
0	213
0	178
0	178
0	175
0	226
9	2
67	4
19	2
0	0
0	2
21	6
0	7
0	7
0	2
0	1
0	2
0	1
0	1
0	0
2	66
0	92
0	92
0	71
0	11
0	7
0	0
13	4
0	4
0	7
0	7
8	1
0	8
7	1146
0	1146
0	45
0	47
0	47
0	47
0	12
0	118
15	0
0	118
13	0
105	0
0	0
0	59
231	61
10	2
0	0
15	0
0	0
0	43
0	43
6	46
46	44
1	41
4	0
7	15
0	6
8	3
170	8
22	8
0	3
0	0
3	0
0	8
6	0
197	0
0	63
0	63
0	74
0	0
0	0
2	74
29	8
0	8
7	4
0	4
0	4
0	0
0	0
0	5
1	5
5	1
12	2
0	23
0	23
0	23
0	4
6	6
27	6
0	18
1	0
0	4
41	22
7	8
0	8
0	126
0	141
0	2
0	2
0	2
0	108
39	137
0	1
1	1
0	1
0	13
2	0
231	123
0	57
3	33
4	24
0	40
0	11
11	0
0	5
0	0
0	75
0	73
0	71
10	75
9	117
10	117
23	8
0	8
0	0
40	0
8	30
0	30
0	3
0	8
6	0
1	21
0	21
0	11
0	8
22	8
0	5
2	2
2	0
32	312
0	211
2	183
0	312
3	0
15	4
179	0
6	383
0	382
0	382
1	0
0	0
0	0
0	44
0	44
3	5
2	9
0	9
0	3
13	43
3	28
0	21
0	1
0	1
0	1
1	0
0	1
0	1
31	0
27	0
0	0
0	3
0	3
5	1
1026	65
0	1
0	20
0	5
9	1
0	0
552	757
71	0
86	193
0	193
9	36
0	34
13	2
2	0
47	18
0	8
107	0
1	3
0	3
2	0
5	7
0	7
0	4
243	0
1	0
59	146
1	5
630	4
0	0
0	0
0	0
1	0
0	0
0	0
0	0
15	248
0	359
0	346
0	1
9	312
0	4
0	1
0	1
0	3
0	5
0	17
0	28
0	28
0	6
0	6
0	18
1	1
0	19
3	27
0	24
0	5
138	0
32	0
2	1
3	1
12	0
24	13
152	13
499	0
72	17
1	17
0	11
4	6
11	1
2	1
71	47
25	36
0	5
112	21
0	15
0	31
14	16
35	102
0	100
0	0
0	1
80	105
3	11
0	11
15	3
0	2
6	0
21	18
0	10
15	0
0	0
0	0
0	0
45	191
4	46
0	46
2	46
0	0
2	0
0	3
0	3
0	3
0	3
0	30
0	30
17	28
0	8
0	2
0	2
0	0
0	1
0	0
0	2
0	0
0	6
1	0
0	2
0	6
0	6
0	30
14	25
0	13
0	0
0	0
55	3
20	9
0	30
1	5
0	5
0	3
1	0
0	0
0	3
34	166
13	157
4	0
15	25
0	23
12	18
0	20
3	5
0	0
1	4
37	0
0	63
0	63
0	63
0	63
0	63
0	63
0	63
0	63
0	63
0	60
1	3
0	3
0	0
0	0
2	6
6	63
0	198
161	198
19	0
102	40
0	0
0	0
14	12
9	11
1	1
2	0
0	0
3	581
67	581
3	4
1	2
0	2
0	0
0	201
0	201
0	201
0	202
0	202
16	202
0	198
0	195
0	1
186	0
74	478
4	474
17	328
1	22
0	11
0	466
0	241
0	198
0	93
0	4
0	0
6	0
3	119
0	10
71	4
0	7
0	0
0	4
0	0
147	901
19	3
2	1
26	20
0	4
23	6
0	0
10	1
0	4
0	3
8	0
0	110
5	2
0	10
0	10
0	4
6	2
7	2
582	106
9	94
150	93
0	93
2	79
110	80
0	13
0	10
0	9
0	4
0	6
0	0
0	3
3	49
1	19
1	0
6	49
51	15
21	11
0	17
0	14
0	10
0	9
0	0
37	111
0	57
0	0
0	111
10	22
2	8
4	8
0	10
0	10
0	2
0	0
298	3
0	0
0	3
6	0
19	21
209	9
14	18
14	62
0	41
4	0
0	0
0	0
0	2
50	39
0	3
80	25
531	52
14	0
0	0
12	1
0	17
0	17
0	168
4	59
16	169
32	110
3	182
16	39
14	39
0	37
12	72
12	72
0	29
0	27
24	11
0	1
0	0
1	10
1	0
10	8
0	41
1	19
0	4
0	15
0	2
18	36
5	99
0	90
8	65
0	18
0	432
0	432
0	5
1	5
0	16
0	16
0	33
0	1
5	79
0	53
0	52
0	0
0	1
0	1
0	44
2	0
0	0
0	0
0	42
0	0
0	1
0	1
0	63
0	64
4	2
0	54
0	2
0	0
55	45
0	45
1	0
0	0
0	3
0	1
0	0
0	0
0	1
0	0
0	1
0	1
1	1
0	18
1	4
0	14
0	17
0	3
0	15
0	0
8	1
172	16
0	0
2	0
12	0
0	3
0	1
0	17
8	14
8	2
114	106
0	100
0	62
2	19
0	22
12	2
1	6
0	6
0	0
3	0
21	1
0	1
117	95
0	62
0	100
1056	162
22	135
0	505
1287	767
0	276
2	1
3	1
0	1
1	1
0	1
0	1
57	51
0	51
0	17
12	17
2	20
0	16
0	1
0	0
2	0
0	26
0	76
32	111
0	105
3	109
0	7
0	156
12	81
0	68
0	35
0	4
0	2
0	4
0	5
0	8
0	1
0	8
1	0
0	224
0	231
0	230
0	3
0	4
10	4
0	1
296	119
0	108
0	67
0	67
0	57
0	67
0	58
0	9
0	0
0	110
0	8
5	11
0	11
0	0
0	1
0	0
0	2
57	14
1	14
0	4
27	1180
34	60
0	131
0	150
0	356
0	202
0	105
0	138
0	13
0	27
0	16
0	16
2	13
0	120
0	0
0	114
0	1
0	356
0	77
17	35
0	3
0	0
100	77
17	21
0	19
0	7
7	0
415	7
0	2
442	48
2	0
0	13
10	13
0	13
0	0
0	18
0	63
0	70
299	0
10	315
3	315
0	0
0	38
0	56
2	91
16	21
0	0
0	91
48	59
4	52
0	3
0	19
0	0
0	3
0	0
0	0
0	0
0	59
0	210
0	210
2	54
0	19
0	78
0	0
17	0
9	0
0	0
40	99
6	90
7	904
29	904
29	8
0	0
0	140
2	6
15	7
0	4
76	5
0	4
0	141
28	18
1	2
0	6
8	4
0	0
1	1
0	3
0	12
0	90
38	10
17	486
0	34
0	490
0	0
0	1
0	1
7	0
0	293
26	293
0	0
2	0
0	0
1	4
2	0
0	0
0	0
0	0
23	0
89	32
0	0
0	0
3	24
2	2
29	9
6	44
0	21
0	31
258	451
46	54
0	169
0	215
11	41
30	40
0	40
0	0
0	16
0	6
16	1
19	1
0	1
0	24
10	0
0	0
6	17
1	35
0	3
24	28
4	25
0	2
67	350
0	350
0	65
0	37
6	0
0	0
0	1
51	91
1	104
0	28
79	20
0	20
0	0
0	0
8	78
0	78
1	0
8	0
0	2
0	24
0	0
37	0
0	0
2	0
2	26
3	22
18	24
0	1
20	10
0	44
42	44
12	35
9	21
10	16
246	23
3	5
0	5
55	30
11	29
0	29
0	4
3	1
0	0
27	77
28	77
0	22
0	3
0	3
0	1
0	0
0	6
0	5
1	1
11	0
15	21
1	21
4	17
0	0
8	2
0	2
0	0
147	53
784	838
38	814
25	19
14	27
41	3
0	19
0	7
3	4
14	0
0	1
0	1
4	6
4	36
309	45
0	24
1	3
0	6
0	7
16	43
0	43
0	2
0	1
5	13
0	24
0	13
11	2
0	5
0	9
0	15
55	8
0	8
56	8
33	43
0	14
0	14
18	19
0	1
0	12
0	2
0	2
0	2
11	0
3	0
0	2
0	2
0	2
0	0
6	0
0	0
0	0
118	113
1	113
8	15
0	103
0	43
0	12
0	21
4	38
0	9
0	6
15	0
64	37
0	10
25	60
0	0
0	0
0	43
289	111
0	86
0	74
0	58
17	55
0	61
0	55
0	31
2	52
1	22
1	3
39	26
0	3
0	3
0	7
0	6
0	1
20	28
0	25
0	15
0	0
3	0
0	2
0	3
1	25
128	0
124	7
3	0
50	77
0	69
267	88
0	25
0	0
0	0
3	890
0	912
18	359
1	367
291	332
0	267
1	106
1	9
3	11
0	14
0	14
2	5
17	62
0	61
1	56
1	56
0	55
0	51
52	8
0	0
0	2
9	1
0	1
0	1
0	0
11	84
1	78
0	17
0	25
0	9
0	9
65	8
0	0
0	95
0	230
0	0
369	34
22	0
389	226
205	90
0	0
0	0
791	29
3	20
0	26
0	20
0	35
0	23
59	29
4	34
0	34
1	4
23	4
2	21
2	2
0	16
0	16
0	16
0	2
296	30
13	0
6	26
0	30
7	28
132	37
0	22
0	23
0	4
0	0
4	0
1	15
6	0
9	97
0	97
128	3
0	0
2	0
0	0
8	3
0	2
0	2
0	2
0	2
862	275
1	163
520	174
7	0
0	0
0	150
0	34
2	95
0	36
1	4
0	31
1	4
17	32
44	45
0	48
0	7
11	6
7	10
12	6
52	14
4	1
2	0
0	4
0	4
0	1
0	31
3	31
0	2
0	2
2	0
2	0
31	15
25	15
0	0
0	1
2	1
3	6
0	0
8	8
1	6
0	0
1	6
40	0
2	0
6	10
8	10
15	58
5	0
0	58
0	0
32	450
43	457
2	5
1	5
19	4
9	7
2	6
1	1
0	0
2	0
1	1
0	0
15	79
0	79
0	79
29	13
0	13
0	9
0	0
0	13
0	23
0	23
108	22
0	7
2	4
7	0
0	59
3	59
0	55
61	9
2236	0
13	26
28	26
4	9
293	162
0	94
0	7
110	75
11	1
17	0
23	10
1	0
7	8
0	8
0	7
126	102
0	102
0	28
0	10
0	16
14	0
2	28
1	18
3	0
1	9
0	0
2	0
0	1
53	7
3	7
15	256
0	21
0	32
0	29
0	35
0	31
0	1
0	8
11	23
0	29
0	32
1	26
0	26
15	23
0	12
8	3
0	0
0	253
28	57
1	0
5	57
0	2
0	3
0	1
0	0
0	1
0	0
0	0
212	17
0	17
12	35
0	4
6	35
0	12
0	10
0	10
0	0
0	0
0	25
0	25
0	0
0	0
0	0
0	0
1	0
0	1
0	0
13	5
0	0
11	0
0	0
2	0
12	5
21	201
0	9
0	192
0	186
0	0
2	0
2	0
0	2
0	15
0	65
0	1
0	0
5	61
4	12
0	67
259	57
0	14
1574	26
0	15
21	2
3	8
0	18
0	3
0	0
1	0
2	3
124	7
1	7
55	14
1	0
0	7
101	5
2	3
1	4
10	1
1	2
57	177
43	177
0	1
0	0
30	16
0	1
0	0
17	7
0	7
0	0
0	7
0	3
0	0
0	0
0	4
0	114
0	222
0	1
0	202
0	1
0	0
0	0
0	0
0	0
1	0
0	110
0	110
0	110
0	26
0	4
0	38
0	38
0	33
0	1
1	0
0	38
39	159
2	0
3	0
13	2
0	157
0	26
0	25
11	0
90	5
0	6
0	6
5	0
0	0
24	0
0	5
0	34
0	34
0	34
0	7
148	35
258	90
0	66
7	17
0	15
1	64
0	13
0	6
0	3
0	3
0	0
0	2
198	55
0	21
0	16
0	18
3	56
35	56
0	2
0	7
1	11
0	10
9	28
0	29
0	28
0	20
25	25
0	14
123	8
194	8
39	111
6	116
36	109
0	1
0	1
0	46
0	62
0	37
0	21
0	11
1	11
1	11
0	7
3	15
123	7
11	7
49	41
2	15
0	12
0	26
7	1
0	1
12	1
2	1
5	0
0	59
0	59
0	279
6	279
0	279
2	279
0	14
0	14
0	14
146	28
0	21
0	25
26	45
0	22
261	17
0	9
0	3
51	9
99	9
0	6
17	0
1	15
0	15
0	0
3	0
0	0
0	0
0	0
0	0
3	0
0	0
0	0
0	2
0	2
0	8
0	6
0	6
0	5
0	5
157	22
9	0
18	0
0	16
26	2
29	11
0	37
91	22
2	38
0	3
2	16
1	1
0	5
0	5
0	4
0	5
1	387
8	383
6	27
0	34
1	24
2	16
0	0
0	3
12	3
3	4
0	6
0	6
0	2
0	0
15	35
4	25
0	20
0	23
0	9
3	18
97	16
8	13
0	18
26	38
0	0
231	0
0	1
1	1
0	0
0	22
1	0
0	3
0	38
0	5
0	1
29	145
0	145
2	0
13	177
49	22
0	16
0	177
0	16
0	177
0	0
0	0
161	35
0	22
22	8
3	6
0	0
6	0
3	2
0	2
0	2
17	14
0	14
0	14
0	10
0	10
0	14
0	14
0	0
0	0
0	0
0	0
0	0
0	603
0	603
0	0
0	0
13	43
0	51
12	40
0	47
1	0
3	0
1	2
2	2
0	4
18	4
138	0
0	0
325	153
3	68
2	41
0	12
0	3
0	1
0	2
0	9
159	0
1	0
0	0
0	13
0	18
0	13
2	0
2	0
0	1
4	1
3	0
0	0
6	0
226	6
208	78
8	78
0	69
0	66
0	27
1	0
0	0
3	0
0	24
0	0
0	17
16	30
0	14
0	20
18	2
123	0
0	0
11	19
13	19
5	17
0	17
0	0
0	0
0	17
0	17
0	12
2	2
6	12
4	10
15	8
10	7
47	15
0	15
19	0
0	92
0	94
0	5
8	4
0	177
196	0
19	1
0	0
0	1
0	1
0	1
0	101
69	259
18	101
0	167
0	0
0	39
0	39
41	0
0	30
0	34
3	26
0	1
2	0
0	1
0	9
0	0
0	0
104	253
434	1280
18	25
4	22
86	25
37	20
0	18
11	16
0	16
1	0
0	0
15	20
2	1
0	0
1	0
0	18
0	39
185	51
202	1
3	0
0	1
0	0
0	1
0	0
0	9
17	0
0	23
0	23
0	4
0	4
0	18
0	0
19	44
0	44
3	50
18	35
0	0
1	0
0	0
173	39
8	30
17	8
0	0
0	0
2	8
6	284
1	15
6	0
0	5
2	3
0	3
0	0
1	0
17	1
0	15
4	1916
4	1916
10	1953
0	1944
0	1944
0	10
1	4
0	4
0	4
0	1
146	256
0	6
0	53
0	2
0	0
0	0
10	175
5	137
12	0
836	79
1	61
2	15
0	0
0	1
17	17
0	6
35	1023
0	1023
0	334
0	277
211	66
60	315
115	9
0	10
0	39
24	2
130	12
2	4
0	4
8	8
0	31
245	14
76	51
2	45
2	14
0	20
0	0
0	4
0	6
0	7
0	0
0	1
2	54
5	66
0	0
0	0
0	6
0	6
0	6
0	9
559	95
0	21
0	46
1	9
3	21
0	0
0	1258
0	18
0	1154
0	2
5	0
52	1331
0	13
0	0
226	18
0	1
1	12
0	5
15	0
80	75
2	73
6	59
17	0
1	1
26	1
0	330
0	268
1	3
25	0
0	0
0	0
0	21
269	45
0	21
7	0
0	354
0	47
0	47
1	0
0	0
65	1
4	0
0	16
12	30
0	0
2	2
2	2
1	2
3	0
1	0
0	21
7	13
0	1
0	7
25	15
18	6
0	6
8	0
0	6
1	4
14	9
6	167
0	180
0	100
0	61
15	61
4	80
3	12
0	2
6	14
0	7
1	87
36	1
0	86
30	201
0	201
0	0
0	2
0	0
0	0
0	0
0	0
0	2
1	0
0	36
0	53
243	45
0	19
3	36
1	22
14	22
1	57
0	57
18	48
0	0
132	14
24	1
1	30
1	0
0	13
5	18
4	18
0	205
22	158
0	62
0	14
0	28
5	22
7	1
0	208
0	205
0	771
0	5
0	1
0	0
11	2
0	48
4	37
13	20
2	16
0	1
0	16
0	0
3	1
0	1
5	0
0	6
0	1
0	0
128	14
162	117
0	105
524	191
10	191
17	117
0	0
38	54
0	52
7	48
0	1
0	1
0	6
15	62
0	59
0	12
6	12
4	7
5	0
27	36
0	23
425	22
0	0
21	21
0	0
0	3
0	3
0	2
0	16
1	16
4	0
0	4
0	4
0	0
0	0
0	0
633	32
6	27
25	24
2	0
0	2
0	0
0	27
121	52
0	52
0	5
4	0
174	56
0	10
27	2
0	55
0	3
0	3
0	0
0	32
0	0
0	0
0	2
0	2
0	27
2	0
0	34
0	49
0	23
0	53
0	26
75	213
0	25
7	236
0	153
38	144
0	121
2	134
0	71
0	77
0	17
0	23
0	26
0	47
101	33
0	35
0	32
0	1
17	1
0	52
0	68
223	28
4	21
35	0
0	7
9	3
0	11
3	0
28	21
0	10
2	5
8	5
0	0
3	0
0	0
60	19
0	19
0	2
0	19
1	0
0	0
3	0
0	0
0	0
0	0
6	1
0	0
22	13
0	0
19	11
4	0
0	5
0	5
0	0
0	1
0	26
0	46
0	53
5	53
1	7
0	25
0	197
0	197
1	9
0	13
0	4
0	4
148	30
4	117
0	9
1	64
22	69
183	21
1	219
0	49
64	206
0	1
1	1
9	47
0	39
0	53
60	53
0	37
0	25
11	28
9	21
0	28
8	0
1	8
0	11
0	10
5	17
20	25
3	42
0	10
0	0
0	0
1	0
1	0
0	0
0	7
0	6
0	0
27	57
0	10
0	89
0	113
0	89
0	83
26	72
0	6
0	4
0	25
11	32
0	2
0	19
0	0
0	1
10	15
0	0
0	0
23	0
3	7
5	7
0	66
3	22
0	22
6	8
0	10
0	6
0	10
0	3
0	3
0	282
0	282
63	4
0	0
0	0
21	0
0	0
0	84
0	108
0	11
0	11
0	3
5	0
143	17
0	17
0	0
6	8
1	8
0	6
0	8
3	6
172	22
490	81
2	69
33	40
0	24
65	31
0	31
0	20
0	12
1	4
15	2
0	1
0	0
1	1
896	48
0	48
2	12
1	12
0	0
0	8
0	1
4	0
3	0
0	0
0	0
0	0
1	0
0	0
0	0
0	0
116	80
8	37
0	24
0	35
0	200
0	9
8	166
0	200
21	207
0	162
0	156
73	198
0	93
0	67
7	55
3	38
3	0
313	20
0	20
2	2
0	2
7	60
4	0
3	0
0	1
2	60
2	25
33	150
0	46
25	106
0	31
0	126
0	2
5	2
0	0
10	75
0	47
0	12
0	196
0	120
0	44
0	258
3	373
0	236
86	22
0	447
20	13
0	11
0	5
0	23
63	19
0	18
0	36
0	11
0	0
6	4
1	32
0	0
0	3
0	0
0	11
186	37
0	19
0	31
24	37
0	23
0	6
0	6
0	6
4	17
8	0
16	46
33	46
0	1
2	6
10	26
0	22
10	10
22	10
9	166
0	34
4	166
0	0
0	12
0	6
0	17
0	17
38	23
23	10
0	7
0	2
109	3
124	14
2	15
0	1
1	400
0	2
0	2
0	1
0	400
0	10
1	10
22	10
9	0
8	0
6	10
24	13
114	5
0	0
0	1
89	17
0	9
2	2
22	0
1	0
1	18
1	23
0	19
0	14
0	14
2	20
0	21
0	10
0	10
0	10
0	107
0	98
0	102
1	8
0	8
0	7
0	0
0	5
0	105
44	0
1	0
1	0
5	0
59	89
0	66
1	0
0	4
6	3
1	3
17	0
1	0
7	39
1	73
0	0
58	0
0	0
16	162
0	0
62	1
14	37
0	17
503	0
0	8
0	0
0	8
0	8
0	336
26	159
0	22
0	53
2	10
6	15
0	336
19	36
127	36
0	28
0	36
0	28
3	10
0	12
0	0
0	0
34	11
10	2
0	0
0	0
1	60
16	60
0	44
0	47
0	33
66	121
1	115
2	104
0	6
6	0
45	9
188	5
17	6
19	7
8	7
4	0
0	0
0	2
79	110
0	112
0	82
0	75
0	76
0	7
28	17
7	4
0	0
8	0
2	69
0	64
0	40
22	27
1	1
0	0
17	0
3	234
35	78
0	78
0	63
0	62
0	88
0	5
0	5
28	2
0	0
0	155
0	4
0	24
0	4
0	24
0	4
0	4
0	0
0	11
0	0
21	12
0	0
6	0
289	8
0	8
0	0
9	5
0	1
0	5
0	0
8	0
25	27
0	27
37	30
1	5
0	6
7	0
0	1
0	1
0	3
0	1
0	3
0	0
9	0
25	11
10	264
0	193
0	2
24	29
5	29
0	18
0	0
0	0
13	96
23	141
0	56
0	39
7	34
0	6
24	0
0	0
304	0
11	0
9	5
1	0
85	190
0	0
0	190
0	1
0	160
0	5
23	5
0	2
0	5
115	2
0	2
6	2
0	11
0	4
0	4
0	0
4	2
0	10
13	1
0	9
0	8
0	8
0	11
0	10
47	9
1	2
0	2
4	0
1	2
70	26
0	5
0	0
0	23
11	13
0	9
1	8
3	8
9	8
0	8
0	8
0	1
0	1
63	154
74	154
48	63
41	66
0	1
3	1
0	1
0	0
29	57
0	0
1	57
0	8
0	0
0	20
0	20
0	19
0	0
6	3
8	0
2	0
0	3
0	3
0	3
0	3
0	1
1	1
59	11
11	9
1	8
0	0
33	16
0	55
0	5
2	53
5	69
0	9
0	15
0	7
0	10
0	15
0	122
2	0
30	122
0	23
0	2
6	0
0	34
0	34
9	34
0	0
0	0
0	3
0	4
0	4
0	0
14	161
109	41
0	25
3	0
0	58
154	62
449	68
6	0
2	0
0	4
0	4
5	2
0	0
34	3
0	1
16	4
0	0
0	0
4	0
0	0
1	0
20	0
12	0
9	415
0	52
0	18
0	363
0	3
11	26
0	3
0	3
0	15
0	23
12	18
0	2
3	2
21	14
5	14
15	26
0	1
0	2
0	4
0	25
3	3
0	2
13	2
0	24
8	10
0	10
0	5
0	5
1680	6
0	2
0	4
548	371
0	314
68	5
135	54
42	0
3	26
12	26
5	79
0	55
119	79
0	0
0	392
1	323
0	52
8	14
1	0
1	1
2	3
1	2
49	392
0	0
0	9
0	9
4	4
2	35
226	51
5	8
0	33
13	0
12	0
35	19
0	18
0	13
99	15
0	23
3	14
4	0
0	23
6	9
12	29
107	29
0	21
8	0
1	0
4	0
0	5
1	6
50	1
1	0
0	0
0	0
2	0
0	0
1	0
0	0
0	3
0	3
0	0
75	2
0	2
25	444
294	443
1192	0
5	0
0	5
0	0
0	2
0	5
1	0
1	2
38	5
1	41
0	41
2	41
0	36
0	35
0	24
0	3
9	6
0	6
0	40
0	1
0	3
0	24
0	26
0	24
0	26
0	1
0	39
13	8
0	0
108	0
0	0
0	0
4	0
0	23
0	23
0	13
2	12
0	12
7	12
7	24
0	20
0	21
0	4
18	1
0	1
1	0
0	4
0	0
39	0
0	4
89	3
1	3
0	3
0	9
0	15
0	16
0	230
0	92
0	107
0	48
0	53
1	14
0	3
1	0
10	211
0	0
53	0
15	1
0	34
0	32
0	3
0	2
0	2
42	23
12	53
0	15
277	91
0	88
4	76
0	24
430	405
149	400
0	405
9	387
16	5
0	0
0	95
45	95
4	0
0	10
0	10
0	3
6	1
0	1
0	1
0	2
11	1
4	0
0	0
0	7
0	7
0	8
0	3
0	1
0	1
0	0
10	136
1	47
0	48
0	0
0	95
0	136
8	4
0	4
0	0
13	0
18	15
344	42
0	1
0	28
2	1
0	1
6	0
12	38
43	45
5	2
0	0
0	2
0	7
0	7
17	5
46	18
9	4
0	2
7	0
0	0
0	14
0	9
0	5
0	4
5	8
32	280
0	0
0	18
0	11
23	46
3	5
0	0
1	234
7	262
0	271
0	116
0	32
0	82
0	82
0	50
61	50
38	3
0	4
0	0
0	7
0	3
2	0
5	0
4	0
0	42
18	65
0	69
0	41
0	0
0	0
11	0
114	0
4	0
17	0
20	22
0	0
0	1
15	1
19	1
0	1
102	1
4	1
13	0
0	1
16	5
0	5
20	46
0	46
1	0
20	1
12	0
19	144
0	144
10	105
21	116
5	103
7	87
0	31
0	21
0	0
0	0
0	0
0	0
0	0
0	10
1209	15
0	15
5	0
42	0
1	0
148	31
11	0
383	35
4	31
0	0
0	0
0	0
0	0
1	7
0	10
0	10
3	3
6	10
8	26
6	59
0	59
0	49
5	51
0	0
2	0
0	0
0	0
4	4
0	4
0	4
3	0
0	0
0	4
0	4
0	4
0	78
4	61
0	33
0	31
0	94
0	92
2	15
12	19
0	19
0	0
0	0
0	2
134	3
70	214
78	214
9	1
557	11
4	10
90	39
0	20
4	11
3	15
0	11
16	15
0	10
112	15
110	54
0	10
1	10
0	31
0	27
0	10
0	5
0	45
0	47
0	47
0	10
0	47
0	1
1	15
0	15
217	164
12	56
0	27
0	27
0	3
0	29
21	61
23	43
6	20
7	0
9	0
0	0
64	74
0	58
164	6
6	6
0	24
0	3
3	16
0	62
0	93
573	168
0	149
0	26
0	7
0	7
0	2
256	249
0	249
0	8
0	2
0	0
0	0
16	2
0	0
1	1
2	0
2	0
0	0
12	4
1	0
0	0
31	7
0	3
1	0
0	0
0	0
0	0
0	0
0	4
3	0
0	0
1	5
0	572
1	658
0	513
0	26
40	12
0	6
0	641
1	150
7	197
0	179
0	0
0	5
1	7
0	0
1	188
0	159
0	186
0	8
27	5
0	5
0	12
0	12
0	12
1	0
0	8
0	82
0	82
0	98
134	39
0	37
1	4
0	8
0	4
0	28
0	0
0	2
0	0
0	0
35	27
0	1
2	0
0	0
1	1
0	9
0	71
0	98
27	98
0	8
0	7
10	109
97	12
56	4
0	4
15	782
0	31
10	1
0	1
6	1
0	1
7	769
29	38
0	33
0	15
0	10
0	0
2	5
95	0
0	13
0	12
0	3
9	0
0	3
0	6
0	3
1	2
11	0
11	38
2	38
0	9
3	0
10	0
17	0
2	37
0	5
0	7
2	0
0	2
0	32
13	32
17	9
0	6
10	0
2	12
3	0
0	12
0	0
3	6
0	5
0	5
38	11
0	2
0	12
6	2
0	15
0	4
8	2
139	11
0	6
5	0
7	40
12	29
0	20
0	23
0	15
6	42
0	0
0	0
0	0
0	0
0	9
0	0
0	36
0	13
0	13
1	18
3	13
212	25
0	22
0	2
34	12
8	0
1	0
0	4
0	4
0	0
0	0
0	4
71	41
73	0
0	0
23	1
8	19
0	19
6	6
0	33
0	33
0	0
0	5
104	8
16	11
8	25
4	25
8	8
0	18
0	0
1	0
0	0
124	159
0	0
4	8
3	0
0	4
0	4
0	0
0	0
0	151
0	141
0	0
1	17
0	0
2	15
0	4
0	15
2	0
0	6
0	0
0	0
6	11
382	0
11	77
0	57
0	56
0	27
0	11
0	20
0	7
0	7
0	0
0	45
14	45
23	0
175	7
0	8
0	3
2	4
5	4
1	0
4	0
168	443
2	0
39	0
36	443
0	12
44	1
0	0
5	137
0	315
15	43
38	63
0	42
45	42
0	10
20	19
1	21
5	3
0	19
10	18
0	0
0	0
4	0
0	3
0	1
4	2
0	3
6	1
3	0
1	156
1	109
0	164
0	134
0	30
0	12
0	2
3	1
17	47
0	0
0	9
0	1
19	9
0	221
19	42
0	39
184	39
10	49
0	20
0	5
0	3
0	2
0	4
0	7
1	160
0	155
0	159
0	155
11	160
0	14
0	16
0	102
0	89
1	5
3	3
0	65
0	82
0	64
0	45
0	14
8	8
0	146
165	171
0	21
12	6
0	0
2	0
0	0
2	7
0	7
1	0
1	0
42	0
2	31
1	31
0	2
16	26
0	5
0	5
463	11
6	43
0	12
0	5
8	0
0	32
0	0
0	32
0	2
31	37
0	37
0	34
3	0
3	0
64	87
1	2
5	0
0	8
3	12
0	4
0	0
0	0
0	0
10	0
0	0
0	8
0	11
4	0
145	17
0	13
851	8
0	8
0	1
0	0
1	0
56	1
12	0
132	4
0	6
5	2
0	17
31	65
45	170
0	124
53	15
75	1
189	2
84	3
6	5
0	0
14	0
111	32
6	7
0	16
0	16
0	16
0	48
79	100
2	54
0	3
5	3
0	96
0	64
0	53
0	0
10	54
0	5
110	28
0	38
0	5
284	50
0	49
7	49
2	0
0	3
3	0
4	0
0	4
4	0
0	40
3	41
0	19
5	0
0	0
0	31
5	4
2	19
26	0
0	31
9	26
0	2
1	14
0	37
0	17
0	17
0	27
2	14
18	27
2	3
0	13
100	410
0	398
0	159
1	9
20	403
57	111
50	116
0	145
0	152
0	47
18	45
0	41
0	0
0	37
0	153
24	18
0	18
0	13
0	0
0	13
631	167
15	393
0	0
0	23
27	58
0	58
1	26
0	23
0	1
0	0
14	29
0	42
0	12
0	4
0	5
0	3
21	35
70	28
0	0
2	5
4	23
2	0
3	3
6	0
7	13
3	13
47	13
0	4
1	0
32	2
0	2
0	27
0	10
42	9
66	46
0	49
0	18
0	198
0	190
17	198
1	131
0	124
0	127
0	4
0	13
0	158
0	157
5	12
0	19
0	172
0	19
88	0
2	0
0	0
1	0
4	0
8	0
12	6
2	14
0	25
0	5
0	0
0	0
0	25
87	9
0	9
2	2
0	1
0	4
0	5
0	1
0	0
3	0
3	4
0	43
0	43
0	10
11	1
0	1
0	1
0	0
0	1
22	240
0	152
0	146
0	74
0	3
0	1
0	1
0	9
0	2
0	2
1	6
25	56
0	48
0	20
0	0
0	0
0	240
0	240
438	145
1	13
54	145
16	39
0	25
0	30
0	8
0	8
11	9
10	2
0	71
47	1
7	0
1	35
3	72
27	2
14	6
61	93
0	108
0	106
207	119
29	70
0	83
0	81
1	22
4	0
0	7
45	0
0	0
0	0
0	0
0	0
0	0
0	0
8	0
5	0
0	1
0	1
0	0
6	11
0	0
0	2
0	0
0	0
0	2
0	2
0	2
0	7
135	0
0	14
0	14
0	3
1	0
0	0
0	3
681	105
0	69
43	43
0	0
7	8
0	61
0	18
3	28
1	19
10	38
0	20
2	11
1	4
0	0
4	0
0	16
33	33
30	0
0	0
3	0
6	0
1	0
165	105
5	0
0	0
0	5
23	25
3	83
0	12
0	4
0	2
0	8
0	4
0	0
0	0
0	29
5	29
0	23
2	0
0	73
0	73
0	63
0	59
30	75
0	56
0	87
0	56
32	1
4	1
0	9
2	0
0	9
10	0
2	9
0	0
0	0
29	19
0	19
32	4
2	0
23	4
0	3
62	136
0	108
210	138
13	97
0	1
3	0
40	64
27	1
17	16
0	34
0	50
3	0
22	769
575	808
0	39
0	10
0	8
0	7
6	2
0	0
1	0
7	2
0	0
56	19
0	114
25	151
0	94
2	92
0	117
0	1
0	0
2	3
0	1
7	37
0	39
2	7
0	5
0	5
38	8
1	2
3	0
15	0
0	0
2	0
0	0
0	0
0	5
0	0
0	0
0	0
5	0
68	0
0	16
0	16
0	16
263	483
0	482
0	406
179	12
65	308
0	295
0	296
22	24
0	124
1028	442
0	138
0	429
0	1
0	1
0	7
0	2
0	0
3	1
0	4
0	136
1	59
0	27
2	42
1	40
0	1
2	1
2	0
7	3
0	38
0	34
13	9
54	2
0	0
0	2
513	5
0	5
12	109
4	88
0	66
5	0
87	264
0	1
0	10
0	3
0	237
0	0
21	0
565	251
7	9
0	8
0	1
3	15
0	15
0	0
0	0
14	0
34	0
740	195
32	619
4	163
0	578
0	238
181	603
10	437
0	313
0	129
27	0
44	106
14	0
8	5
6	18
16	0
0	0
8	0
0	0
0	6
0	6
1	3
0	1
2	3
0	3
0	3
0	208
0	208
9	64
3	67
10	26
24	26
13	7
0	0
2	0
0	7
2	26
0	2
1	26
0	26
0	25
0	25
0	25
2	0
0	22
0	0
4	0
0	0
0	4
2	0
42	4
0	0
0	2
0	6
0	0
0	4
0	4
21	0
0	45
82	45
0	42
0	1
0	0
0	0
1	0
570	383
0	29
4	3
0	34
0	3
0	13
0	294
0	14
1	0
0	26
0	27
0	33
0	1
0	8
0	59
0	29
17	0
0	165
0	165
0	0
0	24
145	24
42	2
100	9
0	0
8	0
13	0
1	4
807	0
0	7
6	5
12	2
0	5
2	22
0	22
0	2
23	135
0	14
0	91
0	22
0	9
12	3
0	25
12	115
187	39
89	39
15	21
25	284
4	263
0	192
0	3
29	2
0	2
58	152
0	0
8	152
6	55
15	55
5	24
0	16
0	16
0	16
0	0
7	11
0	11
0	0
0	0
0	0
0	0
0	0
2	0
2	213
0	68
0	3
0	78
30	252
0	20
0	0
0	0
0	0
0	0
0	0
0	3
0	3
0	9
0	10
0	9
0	1
0	0
0	0
18	4
0	3
0	3
7	0
6	27
0	31
0	30
0	29
0	35
30	45
0	22
0	62
0	13
15	39
79	55
0	2
0	15
0	15
4	6
0	0
22	0
0	9
0	15
43	38
7	6
1	7
0	42
0	37
29	82
18	34
0	21
0	34
0	34
0	37
0	62
534	21
0	20
0	9
0	11
1	0
0	0
0	0
2	0
0	1
14	0
0	2
4	0
0	37
8	7
0	7
34	4
97	3
7	3
6	1
16	1
211	1
0	167
1	13
7	50
0	0
13	520
0	215
382	278
0	214
0	1
0	447
0	256
7	0
5	0
20	85
0	417
3	4
0	3
0	3
1	1
0	2
218	15
235	16
3	7
472	44
0	26
5	28
2	35
0	14
5	19
0	22
0	12
0	6
0	5
0	1
0	2
0	5
6	9
0	8
4	42
0	26
0	31
0	24
0	16
0	13
9	43
381	75
1	75
114	0
0	0
0	0
0	0
1	14
3	0
291	0
31	10
0	8
0	3
33	0
0	1
0	1
1	20
0	19
473	58
0	56
0	16
5	2
51	14
2	15
0	13
4	0
232	372
12	385
53	17
0	5
0	5
1	1
0	0
0	0
46	0
0	0
0	0
0	0
0	0
0	0
0	0
3	0
308	10
9	4
5	8
24	3
2	233
0	16
5	5
0	125
0	0
1	129
37	114
22	54
1	246
0	83
1	65
17	27
0	1
5	0
0	0
45	0
0	0
2	0
0	0
205	24
11	2
0	15
0	15
1	0
0	0
0	23
160	147
0	80
0	79
0	0
13	9
1	0
7	1
4	11
4	55
0	54
0	0
1	14
375	67
38	53
3	29
341	10
5	0
6	4
0	4
0	6
0	6
0	4
0	1
0	0
0	2
0	0
0	0
1	2
0	4
21	4
0	7
0	12
0	12
0	7
0	6
25	2
0	334
0	347
1	347
0	331
0	338
0	338
0	333
0	3
3	4
0	42
4	11
5	0
0	93
2	93
546	49
0	35
0	35
0	35
0	35
1	39
0	80
6	6
0	4
77	0
1	25
2	5
0	0
0	0
13	27
11	7
2	4
0	14
0	18
0	1
0	10
0	41
0	5
0	38
0	37
0	24
8	0
32	5
6	0
3	10
17	279
0	179
12	1
88	2
2	13
0	3
0	3
0	3
0	1
0	0
0	0
0	0
16	17
31	201
30	12
4	11
2	4
0	7
0	1
0	20
0	20
0	129
0	47
1062	130
0	124
1	67
0	7
7	7
7	3
0	7
0	18
0	18
0	4
122	379
11	7
28	372
0	17
0	44
0	154
24	1171
0	202
0	6
0	6
0	5
0	2
0	0
3	1140
2	3
0	0
0	27
0	3
0	0
4	0
0	27
0	25
2	0
0	4
2	4
0	4
0	0
0	22
11	27
0	55
15	55
101	18
0	12
0	5
249	9
311	44
8	9
2	0
0	3
0	3
0	0
0	38
49	0
18	2
0	1
0	1
27	0
0	2
0	0
1	2
0	0
0	3
0	3
0	3
0	2
73	54
10	19
2	2
3	52
0	0
9	0
0	29
0	19
0	18
2	1
2	3
0	8
16	10
0	8
0	2
0	3
0	4
41	16
0	0
0	28
11	28
0	27
6	20
0	10
0	2
0	7
36	3
0	3
247	23
16	184
0	5
1	17
77	66
142	161
2	0
272	32
0	32
25	24
0	0
5	2
0	2
0	0
9	28
0	14
0	27
17	3
0	14
19	25
0	5
7	5
1	0
145	3
0	3
0	203
2	203
0	110
14	75
0	13
0	12
0	11
0	7
33	7
21	6
2	326
10	327
15	327
14	139
215	139
29	0
7	8
4	7
74	0
3	7
3	1
0	3
0	0
3	2
1	1
34	10
7	0
0	9
2	7
0	7
0	44
0	0
0	4
0	0
4	0
0	40
16	44
271	3
0	3
8	0
0	0
0	1
0	1
0	1
0	1
0	1
0	1
0	1
0	1
0	1
0	1
0	1
0	1
0	0
0	1
0	1
0	1
0	0
0	1
0	1
0	1
0	0
0	1
0	1
0	1
0	0
0	0
0	1
3	1
180	17
0	0
0	2
0	19
0	0
0	0
142	23
61	23
1	20
0	20
306	37
0	0
0	0
0	36
9	2
0	21
0	2
0	2
95	14
0	14
112	11
0	7
2	22
0	5
0	5
24	2
0	2
0	0
0	1
1110	289
11	276
0	289
0	289
13	274
0	22
27	44
0	2
0	3
9	30
0	5
0	2
0	2
8	0
8	20
0	8
3	1
0	9
0	14
10	8
2	5
0	5
18	38
3	42
238	31
0	16
36	25
0	17
4	5
4	1
0	0
6	0
0	40
4	0
69	1
16	32
85	7
11	5
61	30
0	1
0	0
0	1
0	0
0	0
40	88
6	70
2	18
10	11
0	11
8	3
0	2
4	1
7	1
7	33
2	32
0	4
0	0
0	2
0	4
150	59
16	63
3	15
3	10
0	2
0	0
0	2
0	2
15	33
5	2
3	31
0	0
0	0
70	107
303	107
0	45
0	0
1	0
13	1
0	0
1	0
0	1
0	1
0	1
0	1
0	0
4	1
0	16
0	40
0	52
0	27
1	25
1556	412
0	412
8	1
2	2
0	2
2	37
0	37
368	59
9	53
0	23
0	142
0	142
0	2
21	13
14	0
0	4
0	4
90	2
0	2
12	14
0	14
0	11
3	17
0	0
0	17
9	0
0	265
0	265
0	250
0	245
51	259
10	4
0	6
0	6
32	9
0	6
1	2
0	3
0	3
0	3
0	2
295	14
0	13
0	14
0	6
0	6
0	2
0	2
0	2
0	3
0	3
0	3
0	0
0	1
0	5
49	19
0	4
0	6
252	182
0	78
0	104
0	3
4	20
0	22
4	1
5	4
0	3
6	584
38	373
1	17
0	114
8	13
10	581
4	280
1	280
0	276
10	123
9	114
355	261
0	261
0	4
0	3
0	5
0	5
0	61
93	3
0	0
3	0
0	0
1	1
6	3
0	0
0	0
0	0
0	3
3	0
0	0
667	492
0	334
0	260
0	245
884	591
29	433
0	638
0	588
2	3
3	11
32	6
0	245
1	0
93	90
2	20
0	0
2	0
0	3
341	1
0	41
0	111
606	351
4	151
7	19
3	58
7	2
13	89
10	89
1	0
12	85
1	83
0	61
411	52
66	0
1	0
0	7
17	34
29	16
0	4
0	3
0	1
0	1
7	18
0	2
1	2
0	2
55	0
0	16
1	27
0	15
0	4
0	0
9	13
9	3
0	2
45	96
6	80
4	23
110	10
0	0
0	0
6	0
4	0
5	0
125	43
6	8
402	0
1	0
14	13
0	25
5	13
0	1
64	129
28	28
0	131
0	2
2	13
1	0
1	5
0	5
0	104
0	104
0	104
3	101
3	0
0	17
0	13
0	5
0	2
0	0
0	9
4	0
0	4
0	1
1	1
4	1
0	1
0	0
0	1
2	0
0	2
12	2
0	2
0	2
0	2
0	2
0	1
0	2
0	10
226	15
5	5
2	5
7	0
3	7
22	6
0	0
1	0
0	2
7	2
0	0
3	0
0	0
0	0
0	0
332	308
0	20
0	20
0	17
0	11
12	219
0	257
170	40
0	28
0	20
0	13
0	1
0	37
2	24
6	24
0	10
0	0
0	5
0	5
107	0
0	5
58	25
0	24
5	0
35	2
4	0
3	7
0	0
8	0
0	7
5	2
0	3
56	10
0	2
0	27
0	30
37	132
0	131
0	1
0	9
0	9
1	0
0	4
0	4
1	0
0	0
0	4
0	5
2	3
0	3
6	0
0	0
5	463
0	626
13	260
0	0
0	163
5	1
0	8
24	70
25	74
0	29
42	2
0	41
0	1
0	8
2	8
0	8
195	7
3	7
41	0
67	46
0	40
0	0
2	0
0	5
191	73
5	69
69	30
0	0
0	4
99	64
10	47
0	4
0	4
0	9
0	55
3	56
0	7
0	1
0	2
2	0
12	51
0	3
0	4
0	1
0	4
0	3
0	3
2	0
2	0
4	0
37	1
51	20
0	20
0	1
0	0
10	8
0	8
19	1
2	5
0	5
0	0
31	32
0	30
0	32
5	26
5	7
0	0
426	109
0	78
1	0
0	31
0	0
9	21
0	21
0	0
0	0
0	4
28	1
4	1
0	0
1	0
2	0
3	0
96	0
7	0
28	0
0	0
68	0
10	35
10	35
0	7
0	7
34	7
0	0
0	0
0	0
0	0
0	0
45	19
0	19
0	0
0	0
0	0
0	0
61	8
0	6
5	7
0	3
0	3
0	2
7	2
7	2
33	2
0	0
0	0
0	4
13	0
15	79
0	78
16	69
0	1
10	2
0	2
4	2
0	65
293	65
1	0
1	0
6	7
0	7
301	76
6	71
0	64
0	34
27	32
6	28
0	0
0	2
0	2
4	44
0	1
0	1
0	0
0	16
0	16
0	16
0	10
0	10
17	91
74	90
0	0
0	1
0	1
4	1
0	19
1	22
1	14
1	22
0	0
0	3
5	2
40	0
0	1
0	1
0	16
142	336
0	336
0	0
2	225
0	0
0	0
0	0
0	15
1	15
0	15
0	6
0	2
149	7
7	7
0	13
8	27
462	25
0	19
7	10
0	10
0	24
0	0
0	0
0	3
0	3
0	3
9	3
0	3
0	3
0	3
7	10
0	5
9	2
8	1
0	1
1	0
17	3
0	0
0	1
1	1
49	0
201	12
3	4
9	4
0	5
0	5
2	0
79	30
0	18
0	29
0	27
0	6
0	0
29	0
0	0
2	2
0	0
27	5
462	0
1	17
0	15
1	7
1	3
157	24
0	0
26	41
0	0
0	1
0	0
1	1
0	14
1	4
8	0
0	0
0	0
0	0
76	16
0	16
0	0
0	1
0	1
0	0
35	14
0	9
0	6
39	5
7	0
25	81
3	80
0	0
0	0
2	40
0	0
0	30
3	0
0	2
0	2
0	100
0	106
0	36
53	83
0	78
582	54
0	26
1	21
0	29
906	24
0	15
0	8
0	1
0	0
0	0
0	0
0	0
10	0
44	23
0	23
1	6
10	8
0	2
207	6
0	0
0	0
4	58
0	63
0	45
10	5
4	5
0	5
0	5
1	0
0	0
0	0
0	215
428	215
0	69
6	1
2	0
0	3
27	35
0	1
0	26
6	1
16	4
0	1
0	1
21	1
0	3
0	22
0	3
0	2
0	0
11	10
0	22
1	7
0	7
18	11
0	11
18	14
0	31
0	4
13	29
2	3
20	3
24	3
45	3
0	7
7	0
0	0
0	0
0	2
0	0
6	41
9	28
4	38
0	48
4	20
0	20
1	2
0	2
2	0
0	0
4	0
101	9
3	8
0	13
0	13
0	2
3	3
85	98
0	91
0	5
41	7
1	1
0	7
0	98
12	0
17	0
0	0
10	15
0	15
0	3
28	3
5	1
0	54
2	38
4	57
0	40
0	51
5	0
4	0
0	0
0	84
6	19
0	8
0	8
0	6
0	4
37	4
0	4
0	1
0	1
0	1
349	1
0	0
483	46
0	18
4	3
0	3
46	4
0	3
44	0
47	0
39	38
0	26
22	29
0	3
4	10
0	12
0	18
0	18
0	18
0	27
0	29
9	5
0	2
0	2
0	5
0	0
0	0
0	0
0	0
19	1
0	1
2	0
0	1
0	1
0	1
0	0
0	5
0	0
0	1
0	5
35	69
0	0
0	69
0	22
45	0
17	0
0	2
4	0
12	0
0	0
129	0
6	43
0	4
0	43
0	3
1	0
0	34
5	6
102	9
3	6
0	6
0	2
0	1
0	3
0	1
1	1
3	6
0	6
0	6
0	6
1	6
0	3
0	3
1	4
0	4
0	3
0	4
2	4
2	1
0	4
8	707
0	169
0	20
0	13
0	0
0	0
0	0
0	0
0	2
4	0
0	707
0	707
0	707
19	79
0	14
0	9
0	79
0	1
4	0
0	40
418	32
0	0
4	0
0	20
1	23
0	20
13	8
0	1
1	5
0	1
0	0
0	0
2	0
4	0
0	26
0	26
0	13
1	2
0	2
2	2
3	69
0	53
15	56
0	0
0	4
40	11
94	9
3	0
0	0
32	11
63	36
0	19
0	2
0	2
2	17
0	14
0	12
0	2
0	5
0	0
0	2
0	2
0	14
0	9
4	16
0	9
42	7
2	129
638	69
32	56
0	97
0	3
22	44
0	0
0	0
42	3
8	46
10	129
0	5
0	5
3	0
0	0
0	0
1	25
0	25
0	22
0	2
0	1
1	1
0	7
0	1
0	6
0	6
0	0
0	7
37	306
5	273
0	272
7	64
2	0
0	0
32	0
0	0
3	0
4	33
2	0
0	4
0	4
2	4
0	0
0	0
0	14
0	2
4	32
0	1
106	39
0	2
1	2
0	9
0	10
0	10
0	1
0	0
0	1
240	3
21	669
0	3
8	0
6	0
9	0
0	0
0	666
1	4
0	28
1	31
12	13
4	12
0	10
4	1
1	7
0	0
0	3
0	7
0	1
0	2
0	0
0	0
0	0
85	24
35	39
52	129
0	0
0	21
0	24
0	24
0	24
0	0
100	5
6	22
14	1
19	1
0	1
2	88
10	88
1	0
2	30
0	44
0	112
73	44
1	0
3	7
9	84
0	44
0	2
0	2
0	2
16	2
184	156
0	5
3	3
0	3
0	7
22	13
0	0
2	0
0	0
379	31
0	31
125	154
0	58
0	126
184	56
0	0
0	0
0	3
382	153
0	15
0	15
9	122
1	149
1	87
0	0
19	40
0	40
0	8
170	8
41	38
0	4
2	0
0	44
0	144
0	38
1	20
0	20
0	13
0	4
1	5
0	5
2	1
5	3
0	5
7	149
128	1
0	0
1	0
0	0
1	5
0	0
0	0
5	1
0	0
0	0
11	7
35	29
0	26
4	2
23	6
4	6
0	0
46	95
0	96
15	62
0	9
0	0
13	0
0	3
0	0
0	2
1	2
0	2
0	0
1	0
2	20
0	34
0	44
2761	617
0	28
0	36
0	23
0	16
7	13
42	13
9	2
0	1
0	1
0	0
0	0
11	3
0	3
0	19
16	20
115	265
1	3
1	0
0	4
0	2
0	2
2	29
96	34
0	241
2	33
0	0
0	0
1	1
0	1
0	2
9	0
1	0
17	0
321	3
111	0
0	0
4	0
1	2
3	0
194	0
0	0
6	0
11	0
0	0
0	0
6	0
10	24
2	29
0	0
24	64
31	27
0	27
0	7
5	0
6	17
3	15
33	56
8	56
0	0
42	0
0	0
0	0
0	0
295	9
0	0
21	26
8	9
88	14
0	14
4	0
0	0
6	1
32	21
0	17
0	10
4	3
1	2
0	13
0	0
2	2
40	0
0	0
3	1
0	1
0	1
194	5
0	7
0	2
4	2
0	0
0	2
195	213
0	214
12	151
0	149
0	103
0	104
0	91
0	0
0	1
0	1
0	0
6	0
0	0
0	0
14	0
0	1
0	1
0	1
1	1
0	1
0	381
0	529
0	0
0	68
0	40
0	17
5	1
0	1
231	114
57	115
0	47
0	46
0	68
15	259
0	255
0	244
0	0
3	0
8	3
1	6
2	6
4	5
5	9
0	9
0	0
0	0
0	4
0	4
0	1
0	3
0	2
2	0
4	0
0	0
0	6
0	6
12	75
16	75
6	0
0	0
0	0
1094	182
2	76
4	1
0	106
39	70
0	42
13	4
1	1
0	0
0	0
0	0
5	0
0	0
0	61
0	0
28	20
0	20
0	12
0	5
0	5
0	2
19	1
0	1
17	47
0	16
1	0
60	157
24	145
0	110
0	98
8	0
1	0
0	12
0	12
4	0
0	0
8	0
0	0
0	3
0	0
1	3
0	12
0	5
0	5
0	5
0	5
0	5
0	1
16	35
222	35
0	3
4	0
0	161
0	146
0	9
0	19
0	0
0	0
0	0
0	4
0	0
33	4
0	161
12	32
13	32
0	13
2	34
0	10
0	10
0	5
0	0
0	18
0	3
149	3
0	0
0	5
0	5
0	5
0	5
8	5
0	4
0	2
1	0
23	0
178	19
0	13
1	0
4	3
1	6
34	222
0	174
0	150
32	150
5	184
0	126
94	54
0	5
0	9
2	2
0	7
0	2
54	53
0	1
4	0
0	2
0	36
0	12
1	0
0	37
0	4
0	28
0	28
0	28
0	1
0	1
0	25
0	2
253	1
176	0
0	0
0	3
0	1
0	4
0	0
1	0
0	0
3	0
0	0
0	0
0	2
0	0
12	2
125	157
0	97
17	82
0	0
14	45
15	97
226	46
0	109
55	42
6	1
0	14
0	31
13	0
0	11
0	11
0	0
0	0
8	34
0	0
2	34
0	7
8	0
0	34
21	5
364	17
19	45
8	1
0	0
4	0
4	1
0	1
43	1
121	1
8	10
0	10
0	5
17	9
29	3
0	3
0	1
0	16
0	237
0	15
0	18
0	81
5	51
0	36
0	85
0	235
0	0
0	0
0	0
3	0
19	7
0	4
0	0
0	4
0	1
0	25
15	69
0	3
2	38
0	1
0	0
6	36
2	5
6	5
42	14
2	6
0	10
0	0
1	6
8	10
0	2
0	0
3	11
7	5
92	5
0	0
0	5
0	6
0	1
0	0
0	1
3	1
60	157
3	154
42	154
201	116
13	114
14	0
0	1
3	0
0	3
12	5
0	5
0	0
0	0
21	0
0	0
27	0
0	0
0	0
8	0
0	30
651	94
0	15
1	0
0	0
1	1
4	1
17	23
10	52
4	0
102	3
30	0
93	3
68	0
5	0
1	40
0	40
0	16
0	6
0	6
0	0
0	0
0	0
0	0
91	75
0	75
66	2
2	2
24	1
3	1
15	6
0	3
0	45
1	29
5	0
6	0
0	65
0	75
14	75
0	52
8	0
0	37
8	74
21	21
9	31
0	37
312	39
0	23
8	6
0	10
0	4
4	4
3	1
0	1
1	0
0	13
0	19
0	11
0	19
0	20
0	1
328	1
0	0
0	0
1	0
0	1
677	4
0	2
0	7
0	7
27	15
0	7
0	4
20	4
9	0
406	35
0	2
294	44
1	33
0	32
0	35
0	10
0	8
0	14
1	29
4	66
0	37
0	4
0	2
0	4
0	3
7	0
0	0
0	0
0	0
0	0
0	0
0	0
0	15
0	15
2	15
0	8
0	4
9	4
0	4
0	1
5	1
42	83
0	1
0	82
0	52
0	19
0	22
0	34
0	0
0	2
0	2
12	1
1	0
0	1
0	1
4	1
300	20
0	20
0	0
17	33
0	33
0	33
0	3
42	21
16	18
0	20
0	17
0	12
0	0
0	0
4	0
0	0
0	1
0	1
4	31
0	3
1	2
0	29
0	31
7	30
0	4
1	3
3	3
0	4
0	0
0	4
55	8
0	6
2	0
100	88
350	71
14	47
0	49
0	25
0	25
0	10
4	10
0	10
0	0
0	10
0	15
3	15
7	5
0	0
3	1
0	2
0	2
0	2
0	0
0	0
0	47
46	224
1	224
6	4
0	4
20	2
0	2
0	2
0	2
0	0
0	42
5	40
0	28
0	23
0	16
2	8
0	2
0	2
0	5
3	9
57	0
176	40
51	40
0	39
0	0
2	0
0	1
5	5
3	10
0	10
0	6
0	1
0	0
0	0
0	4
0	4
88	0
15	15
0	24
3	0
0	15
0	0
0	15
0	0
0	0
19	2
3	10
0	24
2	14
0	14
0	13
27	1
0	0
76	18
0	15
0	3
70	5
0	5
3	0
6	0
9	5
0	18
0	15
2	14
0	2
0	6
0	0
0	0
0	0
2	4
54	0
0	1
22	0
0	6
19	0
0	0
0	1
22	0
0	1
2	20
0	18
2	25
0	18
0	22
0	0
515	2
0	2
19	9
0	4
0	0
0	0
0	3
10	0
0	0
9	5
0	5
5	18
2	6
2	6
0	6
0	6
57	83
0	83
0	46
0	9
1	1
31	0
2	0
0	0
0	23
0	23
4	3
0	2
0	1
0	1
1	0
10	51
0	0
0	28
146	322
0	258
179	359
0	48
0	30
0	162
75	201
0	322
4	27
0	13
0	6
0	0
0	0
0	0
4	18
0	16
0	2
0	16
0	20
0	6
1	2
20	16
2	21
0	16
0	19
35	14
0	22
0	45
11	55
2	4
0	22
0	17
669	385
1	5
0	7
11	7
1265	373
7	0
4	10
0	0
293	10
4	4
0	8
0	8
0	4
0	4
0	3
0	8
0	0
0	2
0	1
0	0
0	0
335	46
157	40
18	29
16	53
21	65
0	82
3	1
1	0
0	0
0	0
0	0
25	0
4	0
54	32
0	50
0	7
93	7
0	6
13	0
0	2
58	24
12	1
6	7
9	8
15	15
1	14
0	8
0	0
5	0
0	5
0	6
0	6
9	8
0	7
0	4
0	3
0	3
0	3
0	11
0	11
33	41
0	1
202	45
0	45
0	27
0	8
33	5
0	0
333	0
8	3
0	3
0	0
3	0
0	0
0	0
59	75
0	21
1	16
0	16
0	69
1	7
0	29
0	7
0	0
0	0
0	367
49	393
0	212
0	223
0	2
0	43
0	43
0	102
0	102
0	32
3	12
0	6
7	6
0	97
0	88
14	25
0	6
0	2
10	0
7	19
0	9
48	55
0	25
0	13
0	27
0	32
412	30
51	11
0	0
34	380
0	2
2	379
6	1
112	65
34	58
17	18
5	7
0	11
0	10
0	3
0	6
0	17
72	20
0	6
26	21
0	14
32	14
6	27
0	28
0	7
15	6
1	1
1	0
3	0
0	6
0	2
8	4
0	28
0	22
0	28
0	18
0	17
2	1
1	17
0	1
169	26
0	22
0	26
1470	29
0	27
3	19
0	7
0	2
6	61
0	68
38	92
1	47
1	48
24	73
9	73
2	59
2	58
0	11
0	9
0	2
0	2
0	11
0	106
12	120
51	0
0	3
14	129
3	2
0	3
0	3
0	0
1	4
0	4
6	3
4	0
154	80
11	11
0	0
0	1
0	2
6	8
0	63
625	121
22	22
0	20
7	0
24	0
8	0
23	0
0	7
0	27
4	3
0	3
7	11
0	0
0	0
0	2
17	20
20	7
14	7
7	0
63	1
155	2
7	0
32	25
6	20
0	0
0	0
0	64
0	61
1	59
0	59
4	16
293	10
12	0
0	10
0	0
0	317
0	317
0	317
9	441
0	14
0	3
0	452
9	39
0	36
6	22
5	2
0	1
111	170
8	151
1	37
0	48
0	34
14	8
8	0
28	2
56	23
0	13
2	19
0	0
1	0
0	0
0	0
2	0
120	89
3	83
0	87
21	18
4	7
0	0
6	0
5	0
0	13
3	13
0	8
1	2
0	0
0	1
1	0
0	20
18	23
2	23
0	6
4	10
0	95
0	1
41	85
0	0
49	0
32	5
0	5
0	2
0	4
0	4
0	4
0	4
0	4
0	4
0	61
382	51
0	13
0	6
0	5
16	5
6	0
0	1
0	0
0	0
11	0
0	5
0	3
0	0
143	25
1	56
4	34
0	34
35	27
13	0
0	5
0	0
63	5
0	74
0	93
2	51
0	5
0	1
1	1
0	3
22	10
5	35
0	35
3	38
3	29
0	14
0	14
0	14
0	15
0	0
20	1
0	3
1	0
5	5
0	114
79	114
17	4
0	3
0	17
0	17
0	7
0	7
0	7
0	7
0	0
0	0
0	0
0	1
0	1
0	0
0	0
0	7
0	7
0	3
0	3
3	0
25	0
0	0
5	0
0	0
0	32
0	20
0	33
0	29
5	0
0	0
0	9
0	0
0	0
0	0
15	9
2	0
0	1
0	10
0	6
9	0
14	26
41	0
0	0
32	39
12	51
0	26
0	22
0	20
0	25
0	9
0	8
0	16
0	6
0	6
0	5
0	6
0	14
0	4
0	1
0	10
50	1
0	0
0	0
86	0
22	0
0	0
29	73
0	73
0	0
0	0
0	0
0	32
37	32
0	10
0	10
18	11
0	0
0	9
0	9
1	0
0	0
80	25
373	29
31	206
0	5
0	30
0	1
0	0
0	2
5	0
9	4
8	2
0	0
0	2
5	4
0	297
0	297
1	7
0	13
0	4
0	4
17	90
0	1
14	13
37	82
27	27
0	23
0	0
0	4
3	20
22	81
0	81
0	0
0	0
0	0
0	0
3	0
0	1
0	8
0	0
11	0
0	0
0	0
3	0
0	7
0	30
0	54
0	30
0	1
0	54
0	12
0	12
0	2
0	1
1	0
0	0
57	25
0	4
11	4
0	12
7	235
0	83
0	0
0	0
0	0
6	0
1	50
0	0
0	9
0	115
0	186
1	224
0	2
36	32
0	23
0	23
0	6
0	3
1	3
3	14
0	12
160	33
0	21
4	18
2	30
6	0
3	10
103	0
15	4
0	2
0	3
0	2
0	0
0	2
0	6
0	5
0	2
3	4
0	0
151	8
58	4
0	20
0	20
0	16
2	0
163	0
0	0
0	0
0	23
3	17
11	105
0	17
0	11
17	3
0	4
0	2
0	5
0	4
11	4
1	13
0	0
5	1
0	0
49	52
0	52
1	4
2	4
13	6
215	30
0	81
0	1
10	80
0	78
227	0
12	58
0	51
31	36
283	1
426	49
34	2
0	33
0	33
3	26
0	5
1	0
1778	14
8	5
36	3
2	9
14	486
1053	488
49	13
0	10
23	0
0	20
0	24
0	12
0	51
1	87
0	85
0	39
0	3
0	0
15	50
61	19
0	0
30	3
0	3
4	9
0	5
3	2
0	3
0	26
5	26
2	6
4	6
0	0
0	41
0	32
3	39
0	41
49	0
0	88
12	600
0	580
0	438
0	393
7	318
35	63
0	21
1	1
6	0
4	0
1	1
11	2
9	0
0	2
2	62
0	2
34	16
2	3
0	7
0	3
10	0
0	6
26	7
0	2
1	57
0	0
12	1
46	1
7	0
0	3
0	3
5	21
0	46
0	1
20	4
0	3
25	1
0	0
0	1
0	0
0	0
56	46
8	9
1	22
0	2
0	17
0	2
4	0
2	0
0	31
0	16
8	10
0	39
8	10
0	1
0	9
0	15
0	4
0	5
0	5
1	3
0	33
29	3
0	6
0	6
0	5
113	101
7	101
126	11
27	134
1	118
15	134
0	98
0	12
2	9
15	4
0	10
0	9
0	11
0	14
0	15
0	126
0	126
0	110
11	73
0	62
0	3
41	1
0	11
0	7
0	3
6	0
9	38
24	38
0	11
193	36
2	4
0	4
1	0
21	32
0	60
0	0
0	60
0	6
0	8
0	7
0	24
0	4
0	15
3	52
9	54
0	8
0	0
88	0
117	242
21	0
0	73
78	78
0	3
0	3
21	811
0	0
0	6
14	222
0	3
0	14
211	776
160	0
28	19
0	17
0	2
3	3
59	12
44	0
0	0
21	292
0	304
418	9
88	0
1	0
31	220
12	43
0	0
0	97
21	3
0	0
0	3
1	0
0	0
0	3
49	206
7	17
141	3
12	17
167	52
3	52
3	0
0	23
724	23
19	0
4	2
79	8
0	8
0	428
0	428
0	24
0	21
0	0
3	9
0	7
0	7
0	4
0	0
14	116
2	144
230	10
2	5
0	2
0	2
28	3
4	2
0	2
0	2
1	0
223	9
3	9
3	3
27	29
2	31
31	20
0	7
0	4
0	4
6	17
0	17
0	0
0	2
3	5
0	5
680	132
7	22
177	1
0	0
4	0
0	1
1	0
6	0
9	17
1	13
23	87
103	88
61	17
1	27
108	13
0	11
0	8
0	6
57	476
13	9
0	348
0	348
0	415
0	3
16	0
91	288
0	530
8	475
16	11
22	2
0	11
0	40
0	40
0	40
2	40
62	12
119	30
3	23
0	3
20	2
2	0
0	8
48	215
0	209
0	64
5	49
0	3
0	3
0	6
0	3
0	0
0	3
0	3
16	0
7	0
2	0
0	0
4	0
2	4
0	4
0	7
0	7
0	0
0	1
0	0
0	1
0	0
60	82
0	77
0	21
8	0
0	22
0	24
0	24
0	24
0	0
28	0
63	82
205	285
89	3
14	222
0	4
0	10
0	8
118	212
6	279
1	75
0	0
41	366
0	366
0	136
0	0
7	0
0	0
0	2
13	2
4	299
0	2
7	11
0	4
0	2
0	7
0	0
2	3
113	9
0	9
0	3
0	3
0	9
0	9
134	100
0	153
70	153
39	78
3	24
405	18
2	1
10	23
28	1
0	1
0	7
15	62
0	72
2	72
0	53
0	49
0	7
69	0
0	23
0	0
72	5
0	5
3	0
0	0
1	0
0	0
0	0
0	6
17	1
1	2
6	1
8	14
110	3
2	0
2	1
6	5
0	8
0	6
0	1
8	1
0	1
0	3
16	0
0	28
9	77
0	47
0	117
0	52
0	48
0	1
128	21
7	21
0	1
4	3
71	16
24	16
0	77
0	77
0	4
4	4
69	4
19	4
27	4
0	2
0	0
0	0
2	4
0	0
0	25
0	25
0	17
0	16
1	10
0	0
0	0
2	0
0	0
0	0
4	0
0	7
0	7
3	26
0	26
0	25
4	13
0	3
0	0
3	0
5	0
0	0
0	3
12	0
155	55
0	42
0	18
18	20
80	20
0	17
0	19
0	19
0	19
0	19
0	19
4	19
0	19
0	19
0	17
0	17
0	7
0	7
0	7
9	0
118	0
37	17
0	14
71	12
0	3
0	5
0	0
3	3
0	0
7	0
0	0
0	1
0	1
0	1
0	1
30	1
0	1
0	0
6	0
10	18
0	13
0	18
0	2
0	4
0	0
0	3
47	19
0	19
0	64
8	122
0	10
0	3
0	3
10	0
0	0
0	71
20	11
6	2
0	98
0	2
0	2
0	45
7	27
0	7
0	0
4	0
0	27
6	1
1	0
0	1
16	0
20	0
42	77
1	51
33	51
3	0
14	12
0	13
30	43
0	8
6	37
2	0
3	35
0	21
262	59
11	39
0	6
82	94
8	90
7	0
32	3
0	2
4	2
0	0
143	0
102	98
0	72
7	3
2	51
0	32
10	7
102	407
3	0
2	0
3	376
0	279
5	2
2	2
4	13
2	13
11	57
0	1
66	1
0	0
0	1
4	0
5	0
0	0
16	94
0	93
0	2
0	1
0	15
3	18
250	1907
0	1907
8	0
4	0
0	1
0	1
0	23
0	23
1	5
0	5
0	7
0	0
0	0
1	3
0	1
0	0
3	0
0	8
0	4
0	8
365	1
0	31
0	35
0	12
0	12
1	1
12	79
0	5
0	32
0	9
0	5
30	14
0	87
0	7
0	3
0	0
0	2
0	3
0	3
0	0
9	2
27	134
0	205
0	94
0	125
0	63
0	33
59	16
15	6
2	67
45	0
0	81
0	7
0	13
0	13
0	13
4	10
0	1
72	8
8	8
5	0
0	0
4	3
0	3
0	2
1	2
0	0
7	0
7	0
9	13
0	13
0	14
5	16
2	0
0	4
0	0
0	0
144	0
0	9
2	4
0	7
26	56
0	10
8	18
1	10
0	10
0	2
0	25
0	0
0	9
58	0
0	15
0	15
107	13
0	12
0	8
1	0
0	0
10	100
86	86
0	16
1	31
23	10
10	0
2	93
0	27
0	2
0	0
0	4
5	0
0	22
0	6
0	28
1	27
0	93
0	3
0	8
0	8
0	2
0	8
16	12
19	0
0	1
0	12
2	1
0	0
1	0
0	12
0	12
105	14
7	39
3	4
0	8
1	32
22	0
33	228
0	226
458	66
1	3
7	2
0	6
0	13
0	3
0	6
0	4
0	11
0	16
0	15
3	16
8	22
0	14
0	15
1	6
0	3
16	13
0	13
22	34
0	3
0	1
0	0
0	0
0	0
82	146
0	4
0	69
0	143
19	67
15	146
59	80
9	2
1	1
33	3
0	14
0	5
0	11
6	11
2	3
0	0
1	3
0	98
0	98
0	68
1	2
0	1
0	0
0	0
0	98
1	49
0	11
2	11
0	39
5	0
22	36
1	62
1	71
0	69
92	65
352	57
6	26
0	0
4	52
0	52
1	0
1	1
2	23
1	4
0	4
34	0
1	3
6	10
0	1
0	4
1	1
0	4
5	0
1	0
0	0
2	0
0	3
0	2
15	3
0	7
26	14
0	7
11	13
0	7
0	13
0	12
10	6
11	5
0	14
0	14
0	0
0	0
13	70
2	12
0	55
21	53
0	53
7	47
8	47
113	68
51	47
14	32
0	24
0	10
0	7
6	21
0	9
0	0
0	7
0	7
0	7
0	9
5	4
27	7
0	7
0	7
0	0
10	33
5	46
8	7
0	26
125	150
1	1
10	92
0	12
3	121
5	6
1	53
1	36
8	53
0	0
10	6
0	15
0	13
2	2
6	0
0	0
26	4
16	7
0	0
10	0
23	2
1	2
0	0
0	0
55	18
2	12
0	2
0	2
27	2
24	20
2	6
0	11
3	14
22	20
0	170
0	218
0	357
0	375
0	413
19	22
0	0
0	197
0	0
0	310
0	381
0	416
271	0
137	101
0	101
0	162
5	146
0	13
0	40
2	12
0	12
4	0
18	0
6	11
442	63
13	63
10	88
79	88
59	203
22	109
0	137
0	0
24	235
6	0
0	0
13	86
3	73
0	203
0	36
0	2
0	0
0	31
22	28
18	5
0	36
0	18
8	18
3	80
55	10
1	0
0	1
14	9
0	36
0	24
461	1
0	1
2	35
5	80
0	54
2	17
132	3
9	4
0	1
86	81
0	1
2	0
0	0
3	66
0	4
0	4
0	1
0	1
0	1
0	1
26	1
0	14
9	14
0	1
1	0
0	0
1	55
0	0
0	12
0	14
0	14
0	0
10	6
0	6
4	68
0	4
6	68
9	85
6	51
0	73
326	168
0	0
0	1
0	44
3	77
551	208
0	167
0	41
2	0
98	39
0	18
9	19
0	18
7	18
5	0
2	1
0	1
19	12
24	12
0	11
0	11
3	11
98	0
0	38
3	175
0	81
0	56
0	38
0	121
0	5
0	2
15	0
0	0
1	0
0	78
9	2
2	67
0	175
13	13
0	8
0	0
23	10
0	10
0	3
0	0
0	7
0	0
8	0
0	6
0	6
0	6
0	7
11	6
0	58
0	76
28	52
0	67
0	37
15	17
39	3
172	2
0	18
0	3
23	18
17	15
3	6
4	8
0	4
0	5
0	5
0	5
0	1
0	0
3	0
0	0
78	13
0	1
14	0
11	1
3	39
2	39
0	15
2	10
11	4
0	25
8	9
0	9
0	4
0	10
1	4
21	3
0	0
3	2
23	105
0	105
0	1
0	68
0	0
335	29
2	3
0	3
0	3
0	8
0	8
0	68
27	68
0	0
0	0
0	0
0	1
0	1
0	284
147	285
3	146
7	162
2	0
0	190
0	59
1	286
0	286
0	123
18	0
2	0
0	0
0	0
0	0
0	0
0	148
136	0
0	0
529	50
0	0
33	2
2	3
0	3
0	28
0	0
0	0
0	1
0	0
0	0
90	28
0	4
95	178
0	41
3	0
0	15
59	0
0	3
0	2
0	2
0	7
0	1
0	5
6	1
0	1
46	0
0	5
0	5
6	2
0	1
7	3
6	0
53	0
0	0
0	0
1	33
0	21
2	9
15	103
21	13
0	1
0	2
10	0
25	14
2	0
5	0
2	0
0	0
479	102
27	6
0	6
0	7
0	7
5	2
0	2
0	0
0	1
0	7
0	7
24	24
0	0
0	1
0	7
0	7
0	0
0	1
3	1
0	18
0	5
2	0
0	0
4	17
0	13
71	8
2	8
4	1
2	0
31	10
0	4
34	1
1	1
0	5
298	604
49	513
0	543
3	0
2	16
25	59
0	47
5	48
0	41
0	6
0	0
1	0
11	3
0	3
85	83
46	94
0	76
0	5
0	7
133	55
0	64
28	46
5	75
3	26
0	26
146	32
5	31
6	29
5	29
2	34
0	16
0	19
0	21
0	1
4	5
0	5
7	0
112	5
1	4
0	0
7	0
0	1
6	0
43	145
0	93
1	101
2	12
0	0
0	139
72	0
2	4
2	4
0	1
0	1
0	1
0	0
0	0
0	0
2	0
0	0
0	0
0	0
41	435
0	0
7	435
0	0
0	10
16	18
0	0
0	0
0	10
0	9
0	6
0	1
4	1
0	5
6	7
0	0
0	4
9	0
2	3
0	0
0	3
0	601
10	2
0	4
0	6
0	80
0	2
8	90
81	198
16	71
9	10
0	12
2	6
7	120
0	7
0	1
0	0
0	13
0	9
0	4
0	4
0	5
0	1
1	0
2	1
0	1
0	7
0	2
1	27
144	29
3	16
33	1
4	0
0	0
26	0
1	36
61	99
49	105
0	75
0	1
0	67
4	6
9	7
23	72
28	72
0	6
0	6
0	6
0	6
0	6
0	5
0	3
17	0
8	4
1	0
0	0
0	0
0	4
0	29
0	43
2	23
0	18
90	98
2	1
0	15
0	9
0	6
0	0
0	10
4	43
44	0
2	3
0	0
0	11
0	17
0	17
0	0
0	11
0	0
0	0
2	11
0	0
0	0
4	0
478	104
0	104
0	0
0	2
84	326
1	340
0	16
0	63
462	110
9	164
198	26
0	75
0	30
0	31
0	24
282	166
0	21
1	2
15	0
0	21
10	93
24	93
133	127
3	7
0	130
0	18
94	0
82	0
0	0
61	2
0	0
33	18
8	12
0	11
3	14
1	0
0	448
8	448
0	448
0	448
0	448
16	1
0	0
0	12
0	0
0	7
0	7
0	7
0	1
0	1
762	477
29	91
0	180
9	111
3	0
4	1
0	7
6	102
8	0
0	0
25	2
0	1
1	1
0	0
1	1
1	0
10	0
0	0
0	13
0	2
0	0
2	0
3	4
1	0
4	13
0	0
0	0
571	2
0	1
1	3
0	4
2	15
2	6
1	9
0	0
0	0
0	0
0	0
0	0
1	0
12	7
306	81
3	81
20	89
0	19
8	70
0	53
0	72
0	9
2	9
0	0
39	263
53	465
1	879
51	1160
18	19
0	6
467	45
8	45
10	2
0	1
0	1
0	0
0	2
15	192
0	10
0	192
0	11
31	8
0	17
0	0
41	54
9	54
1	7
5	0
0	0
9	28
2	19
2	17
0	16
15	0
1	0
0	0
0	40
0	0
0	0
0	17
0	6
0	39
33	3
0	3
0	7
0	37
14	37
56	41
0	41
11	7
243	36
0	5
0	36
0	0
2	0
0	0
72	49
0	57
0	10
29	94
1538	73
0	107
0	1
17	0
1	0
0	0
0	0
2	0
6	25
0	31
0	35
34	43
0	17
0	43
3	3
0	29
48	43
0	9
7	49
0	1
40	1
0	3
2	0
1	44
190	44
0	29
1	0
0	0
6	0
0	0
0	0
193	6
55	0
76	84
0	52
0	43
0	52
0	0
3	17
0	17
0	17
22	8
0	0
0	0
1	7
0	7
0	7
0	0
0	24
2	24
0	1
65	3
3	44
2	25
0	24
0	35
0	24
0	38
0	2
0	2
0	2
0	2
2	10
0	8
0	0
0	3
0	21
8	5
0	0
0	31
0	0
0	22
0	7
0	0
0	6
0	0
0	0
0	0
8	1
1	6
3	9
0	22
0	122
0	122
0	7
0	0
0	1
11	2
14	0
0	0
4	2
0	1
57	1
104	3
0	3
0	0
0	0
8	3
6	78
2	70
2	55
0	26
0	24
0	4
3	154
6	122
0	72
0	37
0	36
2	6
0	0
0	1
0	0
0	0
0	0
0	11
0	19
13	51
0	27
86	32
1	3
0	0
14	32
20	21
0	20
3	4
0	2
0	1
3	119
20	6
25	0
9	2
0	0
2	5
0	1
0	149
0	0
165	234
20	86
0	1
3	1
0	34
43	60
0	60
0	4
0	0
6	18
0	0
3	21
0	1
0	1
0	1
2	0
0	11
0	0
0	0
0	10
6	20
1	5
2	480
67	125
22	125
0	225
0	12
0	225
0	3
0	0
0	0
0	3
0	2
0	75
24	14
11	10
0	11
39	8
1	3
4	2
0	0
0	2
239	80
0	80
14	4
0	4
20	0
1	30
0	31
0	24
5	20
1	8
6	0
251	0
0	1
40	107
0	107
0	75
0	60
0	19
14	20
18	12
0	1
17	1
21	1
205	3
0	2
390	367
0	367
8	0
12	0
0	0
0	0
0	45
28	62
0	2
0	2
0	260
0	260
47	19
28	5
168	1
130	0
3	251
26	0
6	0
5	1
2	1
244	0
289	195
0	8
10	195
1	20
83	16
3	10
0	12
6	7
0	1
1	5
0	7
8	1
0	4
5	2
28	10
4	10
37	0
0	0
0	0
13	0
21	43
0	21
6	41
4	29
0	10
118	0
6	4
33	27
0	9
0	0
0	23
0	2
0	0
0	2
0	3
0	4
0	2
0	0
0	0
0	2
0	12
66	12
0	574
205	576
0	527
417	357
0	231
0	255
55	46
0	63
0	59
0	0
0	24
1	26
11	0
50	0
1	2
0	397
7	0
0	397
0	8
0	23
0	1
16	23
2	66
61	81
0	9
1	26
0	30
0	9
5	3
0	1
2	2
0	1
0	0
0	0
7	87
38	0
0	24
0	23
0	20
0	108
0	102
0	0
0	3
0	3
0	3
117	70
0	70
1	7
0	9
48	1
5	0
1	0
0	1
0	35
15	36
0	36
0	1
0	0
0	1
0	1
25	0
6	34
0	34
0	2
4	32
0	32
0	0
992	364
1702	337
275	338
30	0
74	26
20	4
0	1
0	4
0	0
1	3
2	0
0	195
0	195
0	181
0	39
0	149
10	53
24	0
38	6
0	5
0	3
1	51
12	4
135	277
0	277
3	254
0	12
0	11
2	11
0	0
89	1113
1	1105
96	202
0	2
141	30
1	4
0	2
0	2
0	10
0	17
0	6
0	4
0	0
0	9
0	2
1	0
65	107
0	107
1	85
0	0
57	79
0	38
1	4
0	74
453	82
3	2
0	11
9	11
0	9
0	7
0	2
0	2
7	13
0	56
0	41
158	41
278	41
3	39
408	0
0	26
0	0
2	0
0	0
0	0
3	164
38	163
298	79
0	36
28	54
0	30
0	27
9	9
0	9
25	0
3	0
6	63
0	63
48	0
0	0
0	0
0	0
0	0
0	0
0	1
2	22
0	0
26	49
0	22
4	1
0	1
9	49
801	49
0	1
0	0
4	0
0	0
0	0
1	5
0	5
0	5
0	9
12	4
28	23
6	0
0	0
0	0
169	14
0	13
0	12
0	8
0	7
0	0
0	0
0	0
0	1
431	21
84	18
1	18
0	0
1	0
1	0
5	3
292	64
0	75
0	8
0	24
0	1
11	9
36	22
0	5
8	5
0	2
19	7
0	5
4	0
41	44
29	137
0	98
0	136
4	0
0	7
54	0
0	0
3	0
0	0
8	0
252	18
4	11
4	18
3	4
0	0
0	0
0	0
0	0
0	0
0	0
0	0
0	0
247	6
0	6
3	1
0	0
7	0
0	0
117	26
0	0
0	0
0	0
0	0
0	0
0	0
0	0
0	0
4	2
3	0
0	0
0	0
8	31
2	4
0	0
1	27
4	111
0	127
0	73
0	17
0	28
0	55
0	24
0	17
0	1
0	9
0	10
0	43
0	33
0	33
19	0
25	19
0	19
0	0
0	0
0	19
0	0
0	0
2	19
1	0
0	0
1	0
11	1
0	0
7	1
0	1
0	5
0	0
0	0
0	0
3	0
0	4
0	12
0	0
2	5
84	46
0	66
0	4
5	0
0	0
6	4
1	0
0	4
0	39
105	97
58	1
2	1
0	0
48	321
0	0
1	2
0	0
0	321
238	0
25	150
32	172
0	38
48	0
70	0
0	1
0	0
6	9
0	38
0	0
0	0
0	0
0	0
4	2
0	2
175	193
0	191
0	155
10	20
53	39
0	3
12	54
0	41
0	1
1	0
5	0
298	644
0	644
2	10
0	1
2	9
6	6
0	1
20	9
23	9
0	7
0	8
0	1
0	1
0	0
3	0
0	1
3	0
0	1
0	1
0	0
0	1
0	0
2	82
1	29
0	24
0	70
0	68
0	80
0	80
0	234
0	347
0	1
0	0
0	1
427	347
0	1
0	1
0	234
10	271
0	271
2	6
12	15
0	1
0	8
13	8
0	74
0	271
33	58
15	63
1	61
0	0
0	38
20	41
1	6
0	7
0	7
2	10
0	2
0	114
1	11
0	119
15	0
0	0
0	0
189	4
0	4
0	4
1	0
0	0
0	0
67	5
3	3
31	5
0	1
0	1
7	15
0	8
0	10
0	3
78	1
41	1
0	6
0	1
0	0
0	1
9	7
183	51
0	51
2	22
1148	22
0	0
0	1
0	1
0	18
0	0
9	1
0	1
0	1
32	16
0	15
0	31
0	31
0	35
0	20
0	0
0	0
0	0
0	1
0	1
2	16
0	20
58	20
0	1
1	0
67	52
0	40
122	57
0	56
10	14
4	9
236	1
4	22
3	22
0	5
1390	1890
18	2062
0	222
0	0
0	0
0	16
0	16
7	3
0	237
0	237
24	13
0	3
6	28
5	5
0	0
0	215
0	16
0	8
2	16
14	4
0	0
0	0
0	0
0	40
4	0
38	65
2	65
0	53
59	61
0	52
0	54
0	44
0	7
1	0
0	2
0	2
0	0
0	4
5	35
0	1
3	261
0	261
1	1
0	3
1	222
6	90
0	261
388	15
27	23
113	32
234	4
6	3
0	2
0	29
0	4
1	4
4	0
1	0
14	119
0	539
0	539
1	8
1	9
0	9
69	3
0	0
2	0
0	3
1	2
8	2
0	0
22	0
0	0
0	2
0	0
4	0
0	2
7	0
0	12
0	12
2	15
0	16
0	6
0	5
0	0
0	98
1	83
320	100
3	66
6	41
0	16
0	16
0	0
0	4
2	0
31	0
0	55
0	0
8	3
3	50
0	55
1	23
28	14
34	12
0	26
0	9
245	30
0	5
0	51
0	1
0	54
536	41
14	237
0	254
0	269
0	392
6	193
17	17
0	21
26	17
13	11
14	191
172	25
0	25
0	23
4	23
34	9
0	0
23	8
0	10
0	1
0	2
11	44
0	46
0	46
0	46
99	137
0	139
4	372
113	141
0	56
1093	662
0	6
0	318
0	265
0	171
0	7
1	0
23	16
0	16
33	0
0	46
0	177
0	10
100	8
0	6
0	6
0	1
0	0
0	0
0	5
0	1
0	1
0	1
0	17
0	0
0	2
11	4
4	0
1	17
0	14
0	1
6	44
122	22
0	21
0	2
4	0
32	18
0	29
0	16
6	15
11	13
0	2
0	18
0	21
0	8
0	8
0	0
0	0
0	101
2	36
0	14
0	2
0	0
0	1
4	0
0	8
0	101
15	45
0	8
15	25
0	5
0	7
0	7
1	28
0	7
0	2
0	2
0	2
0	2
0	188
0	0
0	1
0	1
2	0
0	0
0	0
9	1
0	1
79	41
0	18
0	100
0	100
0	21
136	61
3	6
0	6
6	4
0	0
2	0
0	2
72	8
81	69
0	61
0	12
16	0
6	33
0	6
0	0
0	0
7	0
1	0
0	96
279	96
0	24
15	42
7	1
0	20
289	20
0	0
0	0
0	2
0	1
0	9
175	248
0	78
134	58
0	58
1	0
0	0
32	7
0	7
6	4
0	0
0	0
0	0
0	0
1	3
3	60
0	58
0	51
3	45
17	10
0	47
0	1
0	7
2	115
0	115
25	5
3	0
0	0
137	65
0	57
30	4
0	118
0	118
0	0
0	0
3	43
0	40
0	40
0	0
0	0
0	1
0	0
0	40
21	13
0	4
0	13
1	13
0	9
212	5
115	5
0	3
0	1
11	0
0	0
0	0
25	13
6	13
0	2
0	167
67	167
2	9
227	29
0	4
0	7
0	17
0	10
0	2
0	5
4	74
15	85
0	2
0	0
65	4
0	0
2	0
0	0
0	48
0	4
36	4
0	0
0	1
0	0
2	5
430	4
2	4
0	10
53	26
0	39
0	22
0	22
0	53
30	20
5	67
21	57
0	13
0	1
0	8
0	18
47	15
0	0
0	15
14	7
143	27
52	4
0	4
111	0
26	0
14	209
36	303
0	211
0	36
51	29
0	3
0	1
0	1
0	3
1	109
0	116
0	9
0	1
1	14
7	171
0	0
0	5
0	0
0	171
1	34
61	34
411	40
9	5
0	5
127	17
52	14
8	1
0	3
6	3
6	1
15	2
0	2
0	0
6	44
0	7
3	0
2	7
0	41
0	3
0	0
9	34
17	82
0	70
0	82
0	0
0	64
31	78
0	78
46	0
0	0
77	171
18	171
4	0
0	0
0	0
1	0
29	49
0	36
4	4
0	4
1	0
0	0
2	3
15	0
9	191
0	10
3	16
0	7
0	0
0	8
17	12
3	0
0	16
0	46
0	46
0	44
0	7
0	0
3	20
28	0
0	17
0	14
65	12
0	2
4	0
0	1
0	0
0	12
0	1
0	1
13	1
5	0
96	0
60	67
0	67
2	0
6	0
0	0
0	0
15	456
22	490
0	100
0	52
0	8
0	6
0	8
69	8
0	2
0	4
0	7
45	0
8	3
3	32
0	32
0	18
0	14
0	13
0	6
0	3
4	8
9	3
1	0
0	0
0	0
0	5
0	1
0	1
0	0
34	1
9	0
17	0
12	0
895	43
0	29
21	17
0	8
0	37
0	541
0	0
5	0
0	560
35	7
0	13
10	15
0	0
0	0
0	8
0	0
3	0
0	0
0	0
2	0
0	0
0	0
2	0
0	0
3	132
0	126
0	0
0	0
0	141
14	15
0	15
1	1
312	2
0	2
0	1
0	299
0	311
0	3
0	2
2	14
0	85
3	88
1	23
2	15
0	15
0	47
0	4
0	5
5	1
1	2
0	1
0	16
0	43
22	47
25	0
1630	22
8	3
1	7
0	30
0	30
0	0
0	0
17	22
46	23
0	2
1	3
6	0
5	0
32	7
0	6
0	1
0	0
0	1
20	9
0	7
27	19
0	1
9	3
6	0
0	0
0	1
68	71
53	71
0	34
29	111
0	111
0	102
0	89
26	72
0	25
0	0
0	0
0	0
1	1
0	1
1	60
1	4
25	73
0	0
0	0
0	39
5	39
0	0
3	0
0	11
0	11
5	5
0	5
1	0
4	131
10	131
0	2
2	2
0	0
0	0
0	0
0	0
0	0
0	0
14	0
0	0
0	0
3	26
14	6
3	0
0	0
0	4
3	3
9	3
5	5
78	6
0	6
23	108
0	54
0	108
0	2
3	0
0	1
0	0
0	0
0	1
1	1
0	23
4	0
0	0
0	9
44	0
131	15
0	15
180	13
0	43
66	98
0	0
39	53
0	99
0	113
0	165
0	165
4	3
0	3
0	5
0	5
0	2
7	1
0	51
0	148
5	148
0	99
0	60
0	99
18	0
0	106
1028	422
467	426
7	3
8	24
248	108
1	105
8	3
6	17
10	16
0	9
29	9
0	2
0	6
0	3
0	0
0	0
0	0
0	17
50	36
100	11
1	0
0	2
0	2
25	0
5	0
0	0
0	0
8	0
2	0
0	27
30	47
0	46
0	6
0	6
0	0
22	0
0	0
0	0
35	0
2	0
0	0
41	0
25	9
0	9
159	14
0	0
0	0
32	0
5	0
260	139
0	0
0	30
0	22
30	68
0	22
0	55
0	35
2	4
18	4
0	8
0	5
54	35
0	34
0	1
5	15
0	60
0	7
0	56
0	6
3	6
129	0
22	2
0	49
0	74
0	82
80	32
36	11
7	12
35	13
6	0
103	30
0	17
0	5
26	0
9	0
11	0
9	1
0	148
0	3
13	1
0	2
0	0
4	0
3	0
0	4
0	5
0	1
0	7
25	259
0	259
0	13
0	13
325	25
0	11
0	2
0	1
20	0
0	38
31	37
0	2
5	2
447	205
0	24
0	197
19	220
0	9
0	1
8	1
0	0
0	6
0	1
0	163
131	0
12	0
0	64
0	64
0	63
0	79
0	10
0	41
4	31
118	30
0	79
31	26
0	27
0	14
19	17
0	13
20	59
0	59
12	10
10	10
108	54
29	54
67	148
19	35
0	1
32	113
13	192
0	74
0	81
0	24
0	5
0	0
0	0
2	1
0	126
0	15
0	126
0	10
0	18
0	18
55	167
12	165
2	10
86	9
0	9
0	9
2	14
0	9
22	2
0	0
0	0
0	9
0	41
0	56
0	54
0	0
0	0
1	5
0	0
0	0
249	0
0	0
26	12
21	13
484	24
3	0
2	2
0	0
0	21
1	0
11	0
0	0
0	0
0	0
16	0
0	0
0	7
0	1
0	2
0	7
146	73
15	62
14	73
4	104
0	17
0	5
0	100
36	139
0	18
0	2
0	93
0	77
0	13
4	117
2	1
0	0
2	0
1	1
0	1
0	1
0	1
0	0
0	0
0	0
0	0
0	0
0	0
0	0
0	0
0	0
2	0
0	1
131	110
2	107
928	72
52	19
21	1
6	18
28	0
18	22
0	4
13	0
0	0
0	0
78	96
156	96
13	2
0	23
0	4
0	23
0	3
5	66
0	51
31	67
121	25
0	21
0	9
0	0
39	116
10	116
16	36
1	35
130	530
10	530
3	285
4	64
0	0
0	25
11	25
64	0
179	1
7	0
3	50
0	3
0	14
0	27
5	0
0	0
0	0
0	0
13	177
22	17
0	6
0	1
0	0
0	0
0	0
1	3
0	0
2	0
5	13
0	3
0	1
0	24
0	28
0	24
0	28
0	24
0	12
69	1
2	0
0	1
0	1
0	1
274	1
1	1
0	0
40	18
1130	18
0	1
54	105
1	0
7	3
9	110
0	86
0	14
0	31
0	3
6	3
0	11
0	0
0	5
7	0
11	2
68	117
0	96
0	42
5	15
9	40
0	2
0	42
0	5
2	5
45	52
0	43
118	45
0	39
6	0
36	115
0	0
1	0
0	95
4	115
2	500
1	499
8	433
0	0
0	0
0	1
0	0
0	510
20	58
177	13
0	21
7	4
0	0
0	9
6	0
7	24
0	2
0	0
345	45
34	47
0	47
0	88
0	74
0	42
0	79
0	41
4	6
0	6
0	0
0	0
0	0
2	3
0	3
0	3
0	3
2	3
4	257
0	257
0	207
1	0
135	38
0	0
0	18
9	43
18	25
7	22
0	22
1	6
0	0
0	6
2	6
33	138
0	113
584	82
0	4
7	9
10	24
15	19
0	0
5	0
6	6
449	1235
0	2
38	1233
0	426
0	52
0	627
226	354
404	353
4	58
27	288
0	105
19	135
0	110
0	116
11	140
1	8
0	5
5	1
11	96
0	22
0	15
0	70
86	45
2	50
41	33
20	12
0	88
15	1
0	0
0	0
0	0
0	1
829	49
3	48
0	15
3	7
2	4
0	3
0	326
0	326
3	2
0	0
4	0
1	0
0	2
0	2
12	6
0	1
0	0
3	0
5	14
0	12
0	6
0	6
97	39
149	15
0	15
0	0
1	0
0	37
0	30
0	37
0	0
0	0
0	0
0	33
0	30
4	7
0	0
0	0
0	1
0	1
0	0
0	8
0	37
0	0
0	0
0	0
0	3
0	3
4	0
0	0
0	0
16	39
58	16
0	16
2	10
99	10
0	0
0	0
14	0
0	38
33	93
1	50
4	88
16	1
1	9
0	4
29	31
0	31
0	27
0	0
0	7
80	15
0	1
2	5
0	5
0	8
7	85
6	69
0	2
2	2
4	26
1	10
0	0
0	39
238	29
92	3
0	3
51	0
0	14
1	2
0	16
1089	252
0	245
626	243
28	220
0	180
0	9
4	0
3	24
0	1
0	1
0	0
12	0
2	0
0	3
78	158
0	26
0	2
1	172
0	153
0	162
0	2
103	35
0	35
11	1
0	1
0	1
5	13
1	9
20	14
0	0
0	3
0	4
2	0
0	1
2	1
11	67
0	186
7	64
45	2
0	2
0	2
32	4
0	3
0	149
0	109
35	0
4	3
0	3
0	3
118	57
0	38
0	20
28	8
0	0
3	0
10	0
0	23
0	31
1	313
0	313
0	5
69	10
0	10
40	12
4	15
0	3
2	6
0	10
0	474
0	474
3	6
0	0
12	0
3	8
8	18
0	26
4	12
1	2
0	492
1	32
11	0
0	1
1	1
8	1
45	0
0	5
10	85
0	85
0	0
0	0
0	3
520	159
18	165
4	0
0	0
3	0
2	0
3	0
0	3
0	0
0	0
3	9
14	5
0	5
0	4
90	2
3	2
0	14
0	12
0	10
0	12
0	12
0	0
0	12
1	385
3	385
672	351
2	0
0	48
0	48
0	4
0	2
4	0
0	3
3	4
2	123
0	60
342	48
0	45
0	43
1	16
0	32
119	127
0	2
2	0
175	13
0	11
16	0
10	9
0	2
1	1
3	0
10	20
0	3
0	3
0	3
0	3
42	0
4	0
0	31
0	0
61	31
4	0
0	3
0	3
0	4
0	4
0	10
0	0
2	0
0	1
0	1
0	0
0	0
0	15
0	2
0	0
0	69
0	64
173	0
0	27
202	51
18	131
0	10
0	24
0	6
0	116
0	101
113	134
80	121
2	110
0	123
32	0
329	3
20	3
313	0
0	0
0	8
0	18
60	73
0	6
0	15
0	9
0	49
0	49
0	0
0	0
16	49
0	0
0	0
4	3
255	6
0	0
94	9
0	158
0	103
0	20
0	47
0	41
12	6
0	47
0	0
0	18
0	38
0	8
0	2
485	186
17	162
0	9
0	1
27	9
576	51
0	6
16	20
0	12
0	18
0	61
0	74
0	0
4	71
0	0
0	2
0	6
0	6
3	7
0	23
8	29
0	9
0	40
0	3
0	0
8	3
1154	186
0	57
85	25
0	29
0	3
0	7
0	0
0	0
0	25
0	147
2	2
1	2
0	2
0	2
0	0
0	0
0	0
39	1
0	0
22	1
0	1
0	9
0	1
0	8
47	44
91	39
0	33
18	1
0	1
0	31
71	63
0	23
0	23
1	23
0	23
0	5
0	142
2	2
0	2
7	53
0	0
0	0
0	0
0	2
0	2
209	0
4	0
15	0
0	0
0	0
0	1
12	14
0	13
1	10
4	0
0	0
0	0
1	0
0	98
0	94
25	0
0	1
0	8
108	98
577	4
0	4
0	1
2	0
1	3
17	13
14	19
0	1
0	1
0	2
4	1
1	1
0	4
0	10
19	10
0	1
0	0
0	0
1	0
0	1
73	194
0	193
67	243
0	237
166	5
0	5
1	1
0	5
0	4
28	0
135	3
8	3
0	0
31	35
0	0
0	3
1	0
1	51
0	51
0	7
22	10
0	47
81	28
3	28
0	3
0	187
0	9
0	4
0	6
24	22
9	17
0	8
0	3
0	14
24	205
632	0
1	8
59	72
0	72
9	20
0	49
0	33
6	12
0	16
0	7
0	16
0	1
0	4
0	0
12	44
0	0
0	12
12	12
0	35
9	35
0	92
0	92
57	1
0	1
6	18
0	18
6	0
2	13
0	754
0	748
2	5
0	11
0	27
0	27
0	27
27	27
2	1
0	1
24	10
0	10
97	16
43	69
0	54
0	16
4	0
20	18
2	11
0	14
0	5
0	14
36	5
0	4
9	12
13	20
3	4
0	14
0	4
43	188
170	188
0	3
7	1
3	0
11	19
0	27
0	27
0	6
0	33
0	19
0	20
0	1
1	20
10	18
14	11
0	20
0	0
0	0
0	26
0	79
0	73
0	1
0	37
0	37
0	0
0	15
0	15
0	33
0	27
3	14
1	0
0	9
6	9
3	0
4	5
0	0
26	10
42	10
0	5
0	8
0	7
0	3
0	8
0	7
0	5
0	39
57	42
0	15
153	27
90	22
34	6
0	6
145	4
8	0
1	6
60	0
0	0
7	0
38	604
1150	589
0	1
46	128
0	157
1	5
0	48
17	48
72	18
0	66
0	1
0	78
20	109
82	12
0	28
0	15
0	27
0	28
0	14
0	28
0	15
0	9
10	2
6	35
1	7
0	5
0	11
0	28
537	11
0	8
121	19
0	11
1	11
0	9
0	6
0	1
1	0
0	10
167	0
150	137
210	137
0	18
0	18
0	16
0	0
0	0
20	4
0	4
14	2
3	0
1	0
0	0
3	0
27	8
6	0
0	3
2	39
36	39
17	131
0	131
0	16
10	21
0	101
0	100
0	101
0	8
0	84
0	3
70	0
76	80
9	35
0	0
4	34
0	2
2	2
1	1
0	31
8	2
0	2
19	0
0	0
0	0
0	1
0	0
0	23
9	23
0	3
0	0
3	6
5	3
0	5
0	5
2	12
0	10
0	3
0	3
0	3
0	3
0	0
0	0
2	0
0	0
3	3
0	0
5	23
0	9
56	148
0	42
0	3
0	23
10	73
56	20
5	2
0	131
63	0
15	0
38	3
5	3
3	4
0	4
291	330
1	8
0	8
30	27
0	23
7	23
0	27
12	37
0	55
0	53
0	78
0	280
96	280
1967	28
0	260
0	2
4	7
0	1
141	82
0	82
1	9
8	10
0	8
1	0
0	0
0	0
4	7
0	7
0	8
57	139
3	117
0	117
0	25
0	0
2	1
0	1
1	0
27	73
1	0
0	0
0	73
0	73
380	0
35	21
0	21
0	14
0	14
0	0
0	0
4	21
0	14
13	0
0	4
0	37
0	1
0	37
0	2
0	2
2	248
274	278
3	67
4	8
3	1
7	1
0	0
0	3
48	0
0	8
0	0
3	0
2	0
0	10
0	0
0	0
0	1
3	5
0	0
0	8
0	0
0	9
0	0
0	12
0	12
0	12
0	2
3	47
293	12
14	57
18	4
514	14
0	7
0	7
26	0
67	130
136	130
11	3
211	0
11	0
0	4
0	4
1	0
0	0
3	0
0	0
0	0
7	51
18	83
0	47
0	21
0	0
1	0
0	102
0	8
5	2
8	24
0	107
34	8
6	8
0	64
0	62
0	62
0	61
16	1
70	0
3	5
0	1
0	1
0	0
0	0
0	62
41	61
0	60
1	0
0	0
64	17
1	17
1	7
0	7
6	7
0	0
0	2
0	2
21	5
0	5
0	3
0	3
0	3
0	5
16	1
27	2
0	2
11	0
12	0
0	28
4	28
0	28
0	4
0	25
0	1
17	29
0	28
0	2
0	1
0	1
4	1
0	14
0	6
11	6
7	14
15	40
1	0
3	4
10	56
2	34
0	2
0	0
0	415
0	432
64	436
17	3
0	0
0	0
1	8
0	8
1	48
0	34
0	14
0	34
2	66
0	0
0	0
0	120
15	86
11	2
1	4
0	4
3	4
0	2
0	34
0	72
0	1
0	0
10	13
34	72
0	61
0	1
0	15
0	20
0	20
3	30
53	78
0	0
0	7
0	2
0	7
1	7
0	3
0	8
0	32
4	34
0	34
8	32
35	59
42	0
0	4
0	0
0	8
0	4
0	0
0	0
42	35
0	4
173	31
785	31
4	17
0	0
0	7
52	21
1	7
5	0
12	13
0	1
1	1
16	8
2	3
0	6
0	4
0	4
157	7
0	68
1	68
0	68
30	1
0	27
0	4
0	36
0	31
0	68
63	79
0	24
0	47
4	32
1285	79
0	111
1	76
0	87
83	109
0	0
0	0
0	0
46	471
995	450
2	4
82	5
47	131
8	131
0	82
0	23
0	10
4	0
0	13
0	13
0	2
62	1
139	14
0	0
0	4
2	3
0	10
7	3
0	3
0	2
4	2
1	7
3	0
323	16
0	16
2	45
0	45
5	20
10	3
0	0
0	45
0	5
4	87
0	301
0	94
0	82
0	0
8	133
0	0
3	3
7	75
0	75
0	4
1	0
3	3
0	0
0	0
0	0
1	88
7	88
3	77
6	3
0	1
0	3
0	3
0	2
0	1
13	1
2	1
0	0
0	0
0	0
0	8
0	63
0	29
0	0
0	26
0	76
0	0
0	14
23	29
23	73
0	7
0	20
0	20
52	32
186	25
0	25
8	0
0	0
0	1
0	0
2	5
0	5
0	5
0	0
48	33
8	1
74	33
1	0
0	7
0	35
0	136
0	132
0	0
0	0
0	16
2	16
0	16
52	294
7	39
2	0
0	282
11	96
0	53
1	12
0	0
16	2
0	4
16	3
6	28
0	96
2	3
0	3
0	3
1	0
195	1
0	7
0	7
105	47
0	6
55	38
0	9
28	142
0	142
2	3
1	1
38	0
28	122
0	117
0	5
5	0
0	3
0	4
0	1
0	4
0	0
67	0
0	0
0	0
1	0
0	4
0	4
0	4
0	0
0	0
0	0
2	2
0	20
0	20
0	21
0	72
0	12
0	3
2	3
0	52
0	2
103	32
0	2
0	1
0	0
4	3
0	0
0	0
0	0
0	0
0	0
9	0
2	0
0	0
0	0
1	0
0	230
0	0
0	230
67	0
43	35
126	45
0	9
0	1
0	6
0	6
0	0
0	0
0	13
60	89
11	89
18	18
2	16
8	16
11	0
0	0
0	3
0	3
3	0
0	4
0	6
0	34
0	4
0	1
72	3
0	0
0	10
0	6
0	4
0	4
108	0
6	27
0	34
0	25
6	32
4	32
0	1
2	0
0	9
12	28
0	0
0	0
0	12
0	13
0	8
1	12
0	4
3	26
6	50
0	19
0	5
0	35
0	8
0	1
0	0
0	52
0	70
43	82
0	37
3	30
7	10
0	4
8	4
39	34
25	129
0	110
0	0
0	157
2	8
0	160
66	121
62	0
0	0
0	0
0	0
0	114
0	114
0	48
0	0
0	107
4	114
2	11
0	11
0	5
11	53
0	53
0	0
0	9
1185	6
0	94
0	98
0	98
0	98
17	3
0	104
0	104
3	0
24	0
7	116
0	27
0	116
0	116
12	5
0	94
0	5
4	89
6	25
14	25
0	1
0	27
0	25
0	0
0	0
10	24
3	10
0	1
0	2
0	0
363	185
0	60
28	7
0	7
16	77
17	7
10	23
3	16
40	8
28	32
0	14
0	4
0	23
0	2
0	0
0	0
0	134
0	162
2	228
4	74
0	7
0	0
5	0
3	4
0	3
101	3
0	3
24	3
0	3
1	0
0	0
0	0
0	0
1	0
0	12
0	260
0	41
64	282
0	23
0	1
0	262
198	0
5	14
0	4
0	3
2	14
89	14
0	1
0	4
9	6
0	6
36	59
0	28
0	29
0	28
4	15
0	5
0	11
2	4
13	16
0	0
0	11
0	0
0	2
0	5
78	109
0	106
0	13
14	0
0	0
4	202
0	200
0	16
0	13
0	0
0	185
0	27
0	5
1	10
16	23
4	202
18	0
2	79
5	20
0	79
15	18
9	18
27	17
55	15
0	0
1	9
0	0
0	4
0	0
0	0
0	0
0	9
0	9
0	34
0	15
0	0
0	0
1	0
0	0
2	24
0	0
0	75
0	99
1	74
12	112
18	7
8	13
1	0
9	18
0	0
2	0
1	4
0	0
4	0
0	0
21	27
0	18
7	23
12	13
0	0
93	0
918	14
2	13
1	0
0	1
10	1
0	0
15	10
7	0
0	10
0	1
0	0
0	0
6	1
6	0
0	0
0	0
10	0
0	0
0	0
7	0
5	0
0	10
45	0
6	200
0	4
21	237
0	0
0	29
0	0
15	0
2	11
2	8
3	5
2	5
7	5
9	5
0	0
0	5
0	8
0	8
10	28
0	68
65	70
0	18
0	1
0	0
19	42
5	0
4	0
335	52
0	49
213	52
0	1
1	24
0	24
0	18
0	11
0	1
0	3
0	3
0	2
0	4
0	2
0	2
0	0
3	4
0	1
0	0
0	1
0	1
2	2
0	2
3	2
0	2
0	2
17	6
0	6
469	18
0	1
0	17
0	4
0	4
31	34
31	31
141	5
0	23
115	23
2	16
47	0
12	16
0	0
14	0
77	25
3	25
0	0
0	26
0	26
0	32
0	73
0	73
0	4
0	9
0	0
5	22
0	8
18	8
31	0
71	183
5	176
35	161
0	11
0	0
16	14
0	0
0	7
0	4
0	16
48	20
4	0
0	3
2	8
0	119
1	147
7	41
8	0
0	1
0	0
0	1
0	1
7	0
19	13
77	29
3	0
7	17
0	4
20	31
4	4
52	0
2	7
0	13
5	4
0	0
6	1
12	2
2	2
8	2
2	2
7	44
45	44
1	4
0	4
0	2
4	2
0	0
0	0
0	0
89	0
27	6
0	3
1	3
103	3
0	0
0	1
0	0
1	13
0	17
2	10
0	1
4	1
0	4
304	3
0	3
64	64
44	59
49	10
0	5
10	7
0	5
0	26
2	0
2	1
1	1
0	3
2	12
143	27
1	17
17	40
0	52
0	46
27	19
24	14
0	14
5	9
0	1
7	1
0	0
0	0
0	0
122	22
0	10
7	10
4	4
0	4
0	2
0	3
0	3
197	1058
2003	1022
35	159
7	458
108	18
0	184
0	184
48	8
0	190
1	3
0	4
0	177
31	504
58	504
13	421
88	0
5	0
33	5
0	19
0	19
52	23
3	1
0	14
0	2
0	6
13	41
209	142
0	10
0	0
0	105
4	11
0	11
0	2
0	2
1	7
0	29
24	16
0	2
1	0
0	6
0	6
1	0
5	25
0	1
0	25
0	0
0	1
0	8
0	10
0	8
1	30
13	9
6	5
0	4
0	0
0	0
0	15
0	61
2	15
10	61
1	15
0	15
40	10
10	0
0	65
0	59
0	35
0	1
0	0
0	3
0	3
0	1
0	4
0	0
9	2
28	0
135	47
0	46
5	6
0	0
13	5
112	60
0	34
5	0
0	26
59	113
0	8
0	4
25	2
0	105
0	69
0	20
0	20
0	5
5	5
28	35
2	33
3	33
0	0
0	2
0	1
0	1
0	2
0	1
1	0
0	1
8	37
50	37
1	6
9	2
0	28
158	60
2	25
0	33
14	36
0	36
198	0
1	23
0	10
2	0
0	23
0	20
0	20
0	12
0	1
13	1
0	0
19	4
65	58
0	55
0	5
0	5
0	49
144	63
225	49
3	32
10	39
0	45
0	63
0	49
0	40
23	49
2	17
0	2
0	3
0	25
0	32
27	54
0	30
0	53
0	13
0	0
0	17
2	0
57	15
0	15
93	25
0	25
0	5
483	45
0	48
0	42
32	5
0	5
95	5
10	24
12	14
0	15
0	0
31	0
0	9
0	8
0	8
0	0
0	0
0	11
0	11
8	36
2	74
1	77
0	20
0	65
0	65
29	1
0	2
11	65
20	206
0	206
0	51
0	0
0	0
9	7
41	51
0	40
0	0
2	3
121	2
0	2
3	2
0	2
2	2
10	2
7	8
0	8
0	0
1	2
4	0
4	0
43	114
5	117
0	23
3	14
0	12
0	9
0	9
0	0
0	9
0	9
0	9
0	6
3	2
0	1
8	0
0	10
0	38
153	373
0	37
3	43
1	3
0	137
0	1
0	1
0	1
0	1
0	1
2	25
16	0
269	100
11	74
0	68
2	56
18	38
0	1
5	2
0	0
0	0
0	0
0	19
103	72
115	57
0	37
0	101
0	0
0	0
0	101
0	82
0	66
0	0
0	0
1	2
0	79
0	60
0	60
54	0
2	0
2	0
0	6
0	0
332	1
0	0
49	13
108	508
0	1
22	244
78	0
207	140
0	572
0	0
1	243
26	1
43	2
0	0
1	3
0	0
6	0
51	330
8	330
9	8
0	6
0	5
5	5
2	1
47	40
1	133
2	135
0	135
26	134
0	195
12	194
59	135
4	1
0	0
0	22
0	7
0	0
0	15
3	15
1	0
2	0
3	13
1	109
0	2
13	101
1	5
1	13
0	22
3	40
2	22
0	62
2	138
42	99
0	106
0	100
0	88
4	18
0	2
0	0
7	0
0	0
28	33
0	1
0	6
1	6
0	32
45	27
0	6
0	2
0	2
0	2
0	0
0	0
0	7
40	21
8	0
0	0
0	3
0	4
11	0
0	7
23	3
0	3
0	0
0	3
103	72
0	1
2	0
2	1
77	6
0	1
0	17
0	14
0	17
0	10
0	10
0	13
3	10
12	0
0	0
3	23
9	23
0	23
2	22
86	0
0	0
37	0
22	0
0	0
0	0
0	8
0	8
4	2
0	2
0	479
7	83
0	268
4	479
0	362
0	364
22	16
4	228
0	58
26	58
173	58
1	0
41	18
0	4
21	0
1	4
0	3
19	4
25	1
0	0
0	14
3	36
0	11
6	11
0	42
6	31
2	4
9	110
0	5
0	86
0	26
0	2
84	494
14	509
4	109
8	71
296	33
0	2
2	92
0	92
8	0
0	20
0	81
0	0
18	62
39	0
34	23
0	5
0	0
26	0
46	20
6	4
2	4
26	238
260	232
5	7
27	0
9	0
0	0
2	2
0	5
9	5
125	8
0	8
0	43
0	20
0	13
288	12
2	8
0	0
0	0
0	0
0	0
7	4
0	0
5	23
0	7
3	7
0	0
0	7
0	0
0	1
0	1
3	7
0	7
0	7
0	1
0	1
1	0
0	7
0	7
0	7
0	93
0	10
6	90
10	0
0	0
8	56
0	49
0	28
402	17
0	5
0	5
160	103
0	334
0	327
0	20
0	231
8	1
2	1
0	1
0	1
33	1
10	0
29	151
9	274
12	227
47	170
3	116
101	206
21	163
60	222
0	119
0	76
0	0
12	93
38	114
1	12
0	24
105	47
0	11
0	9
0	20
0	6
6	6
2	0
5	3
7	1
0	20
8	0
21	24
0	24
20	9
4	15
16	15
0	1
0	0
26	0
1	15
2	15
0	15
0	14
0	14
9	9
0	0
0	27
10	27
0	1
0	1
0	27
0	27
19	1
0	1
14	0
0	0
1	21
0	24
3	6
0	4
0	7
0	0
0	0
3	17
0	11
0	0
14	12
0	2
0	1
0	0
0	0
0	0
0	1
0	1
0	1
0	3
0	3
2	5
0	3
0	5
0	2
4	2
1	0
5	0
20	7
181	12
422	110
0	0
1	0
0	110
2	0
51	1386
0	194
0	34
0	41
0	85
0	11
5	1316
0	19
0	8
0	49
265	45
21	101
3	5
0	1
0	6
0	2
0	2
21	1
0	1
5	1
0	0
0	43
0	238
0	237
0	1
31	124
0	145
0	0
0	0
0	43
0	12
6	12
33	26
1943	245
0	125
0	221
0	240
0	73
14	57
0	40
0	20
0	24
0	5
10	5
0	0
2	1
2	1
0	1
0	1
0	1
0	0
0	0
0	1
0	0
5	2
11	2
0	0
0	2
0	2
10	2
148	47
0	53
0	54
0	1
4	21
13	1
1	0
0	0
0	0
0	0
0	0
870	4
0	4
0	0
0	0
0	42
6	42
1	5
1	0
5	0
15	0
0	24
0	24
0	24
42	1
0	1
0	35
0	6
0	0
3	0
0	35
0	495
24	473
0	0
10	3
0	148
7	319
4	9
28	142
42	54
0	49
0	9
0	8
1	0
1	0
75	674
2	674
17	97
0	4
49	0
3	1
5	10
0	10
18	16
3	13
1	9
0	16
0	11
0	13
29	1
0	1
2	1
0	0
5	100
18	100
0	18
0	18
0	18
16	16
0	0
72	0
3	0
0	68
0	59
0	61
13	133
0	73
14	8
6	5
2	0
1	0
0	5
3	1
0	59
0	4
6	4
1	1
0	1
0	0
1216	222
0	219
0	0
1	4
3	10
1	124
0	0
0	57
0	6
61	28
0	5
14	6
0	1
0	0
0	0
1	0
0	57
2	15
0	9
0	9
0	3
0	3
0	15
0	15
0	9
0	9
0	9
0	9
2	1
112	39
0	9
0	15
0	16
0	16
0	35
3	6
14	31
23	54
15	9
123	2
0	2
6	6
16	0
13	3
1	25
5	27
18	21
0	0
4	7
0	12
6	2
0	10
0	0
2	9
12	12
0	11
0	11
1	24
0	16
38	3
0	8
0	10
0	16
0	15
0	12
176	47
0	11
0	3
0	3
0	7
0	1
0	3
0	3
1	0
0	0
0	4
0	129
23	129
0	2
7	19
317	89
94	2
6	2
0	0
268	47
0	47
3	3
28	17
0	17
0	12
63	197
0	190
2	6
56	1
0	7
0	7
0	0
0	0
0	10
0	10
0	10
0	10
39	38
0	11
5	39
6	0
0	13
23	8
0	29
3	11
0	3
0	11
0	4
0	4
0	0
0	1
29	23
21	32
6	4
2	4
20	11
0	11
0	0
9	0
0	11
10	0
0	4
0	4
0	3
0	0
0	1
5	1
0	0
0	1
56	1
0	1
1	0
479	0
0	19
6	13
8	13
0	0
0	88
0	88
0	12
0	1
0	0
0	1
0	1
405	23
0	23
0	4
156	84
24	0
0	0
0	84
0	13
1	5
0	0
55	16
0	2
0	0
0	2
3	17
0	16
0	93
0	94
0	8
70	12
0	9
0	11
22	2
0	0
0	2
0	6
0	2
0	2
0	3
0	2
3	2
0	2
0	1
79	121
8	98
0	105
0	2
0	2
0	3
5	41
0	27
0	52
282	3
130	96
0	96
0	96
0	18
0	25
55	20
0	18
0	2
0	2
0	2
0	2
0	4
2	4
8	4
0	0
69	0
0	9
0	9
0	10
0	11
0	1
0	6
17	0
0	0
0	6
138	37
74	9
0	9
129	136
2	0
15	98
0	135
0	1
1	0
4	54
0	54
0	0
0	13
15	1
0	0
5	62
0	13
0	62
0	2
0	55
0	0
0	0
71	15
0	11
0	6
0	3
0	0
4	3
0	7
3	8
5	6
0	6
0	10
0	12
0	0
1	0
1	72
0	58
0	27
0	0
0	0
0	0
0	0
2	0
0	0
0	0
0	0
4	0
1	0
0	2
4	3
0	1
1	0
0	4
0	4
0	22
0	25
1	39
0	10
4	1
0	1
0	0
0	1
0	1
0	19
9	10
0	14
0	14
2	14
0	10
0	14
0	5
0	5
0	6
3	14
1	14
0	0
0	3
13	4
0	1
4	4
0	4
0	0
0	0
2	75
0	75
14	11
3	0
2	32
168	158
115	173
0	12
0	19
0	31
46	75
0	45
0	5
13	5
14	17
0	5
19	14
0	11
1	11
1	0
0	0
4	2
0	2
221	0
0	0
0	6
0	13
0	13
419	8
0	0
1	0
19	0
0	0
10	0
12	0
281	26
0	6
0	21
55	9
0	0
0	0
0	10
0	66
0	12
36	0
17	35
176	43
37	72
4	21
200	21
2	5
16	10
0	0
6	4
0	4
389	13
0	0
0	3
1	10
0	4
1	24
0	8
1	24
0	8
0	7
22	20
0	7
0	1
0	0
0	0
0	5
0	5
1	6
0	0
0	0
1	2
3	7
0	1
0	7
6	0
1	0
8	9
0	0
0	0
0	0
21	5
0	24
0	24
0	10
0	23
0	3
1	0
0	0
4	16
0	16
0	8
0	8
2	4
0	0
11	0
0	13
2	13
0	5
0	48
2	30
0	26
0	0
22	61
181	112
0	6
0	113
0	33
0	0
4	0
0	0
0	6
0	4
56	58
7	0
0	57
47	4
1	4
0	2
13	2
0	68
0	0
0	2
0	3
10	71
109	9
4	41
0	2
0	6
0	0
0	0
16	6
190	12
0	0
0	0
0	0
0	0
0	17
3	16
0	5
0	5
0	0
29	30
1	30
1	0
32	7
0	2
23	0
36	39
0	29
0	38
1	0
6	8
0	8
0	3
1	3
47	3
0	0
0	0
58	3
5	3
43	0
20	20
0	22
0	12
0	5
37	17
28	19
0	2
0	2
9	2
0	2
279	21
1	21
0	3
0	3
0	2
0	0
21	0
10	5
0	5
0	1
0	1
0	11
1	11
0	1
2	1
81	12
0	0
0	7
0	8
1	0
167	7
0	7
5	7
0	3
18	10
0	10
51	25
0	11
0	3
0	15
0	0
4	23
0	4
0	1
2	5
18	15
0	5
0	4
0	5
0	4
3	4
0	4
28	13
8	0
12	25
0	22
0	7
0	5
0	3
0	5
0	3
14	3
0	0
27	0
0	12
1	12
0	2
1	0
0	0
60	116
0	116
154	19
54	19
0	19
74	22
0	1
0	3
0	5
0	9
1	70
15	19
0	70
132	74
0	74
1	1
7	0
11	0
6	1
0	13
2	69
0	34
1	52
0	5
10	26
43	26
14	0
19	0
0	9
6	15
0	9
0	11
0	0
5	0
7	0
1	22
7	22
12	0
5	0
5	0
51	0
0	0
0	79
0	79
2	0
0	3
0	17
0	0
0	12
0	0
0	17
0	42
9	3
0	56
36	0
15	0
7	0
484	7
0	2
0	0
4	5
61	8
0	1
0	1
7	1
0	7
0	0
3	0
0	1
0	1
88	42
0	27
2	26
0	23
0	16
18	17
0	2
0	1
0	28
10	27
27	32
0	8
0	7
0	24
0	0
5	0
0	1
0	0
0	3
19	38
0	0
0	11
30	33
0	0
19	0
124	107
0	8
0	101
66	129
2	6
0	6
4	45
0	76
4	0
1	32
0	31
2	9
11	8
0	2
0	0
0	0
12	35
0	14
26	15
2	3
0	0
15	115
0	115
13	0
5	12
0	12
8	3
0	3
6	2
0	2
172	14
0	8
0	11
0	0
0	2
0	1
2	12
0	0
0	0
0	9
0	9
0	9
0	4
118	30
0	22
0	3
0	3
0	2
0	9
0	8
4	0
0	17
0	5
10	15
0	0
5	17
169	27
0	21
120	21
65	16
0	2
0	2
2	0
1	0
48	45
3	41
8	17
1	13
0	1
5	7
23	6
0	5
142	18
17	135
0	62
0	46
0	62
0	64
0	259
26	277
46	38
12	15
293	5
16	5
7	0
81	62
17	65
0	59
20	55
4	30
0	23
0	9
0	8
64	0
115	144
0	49
0	44
0	39
0	34
0	6
0	51
5	3
14	3
136	54
0	52
1	50
1	50
0	16
0	12
0	10
1	10
0	0
30	0
6	30
0	23
0	25
0	0
18	0
3	0
0	3
0	12
3	14
0	14
0	13
11	13
4	0
0	7
2	0
52	7
0	12
8	52
0	9
0	8
0	12
3	9
0	0
2	0
175	91
0	91
0	3
2	364
14	348
0	271
7	33
8	10
35	6
4	5
0	5
10	3
0	0
0	0
0	2
0	0
0	0
0	0
6	0
7	17
0	5
10	0
3	4
3	3
22	16
0	11
0	335
0	91
0	331
0	2
0	0
0	50
0	342
0	51
0	51
0	13
1	23
4	19
2	3
9	3
0	1
20	18
0	58
0	25
43	34
0	8
0	58
161	0
37	184
40	184
0	1
1	5
0	5
0	4
26	19
9	7
1	1
0	1
0	3
0	4
4	22
0	18
0	3
0	3
0	3
0	1
0	11
12	253
0	132
0	17
0	16
0	0
29	0
0	0
0	0
9	0
0	0
0	0
0	121
16	0
49	0
0	89
414	245
0	141
2	131
1	15
9	5
0	19
0	5
11	33
0	13
0	7
0	25
0	19
12	0
1	30
33	37
0	10
20	68
0	20
0	22
0	23
0	23
0	6
7	14
14	47
4	132
6	64
4	61
0	61
0	35
57	0
0	43
0	4
1	0
0	132
6	28
63	55
96	42
0	37
0	22
0	0
1	0
21	0
0	19
0	27
0	8
0	20
0	14
1	8
6	10
0	8
0	10
39	75
0	30
0	24
16	65
9	150
13	57
0	28
16	111
0	52
261	34
0	34
1	2
0	1
2	0
71	0
379	12
5	8
159	53
0	25
0	1
0	1
14	2
0	3
0	1
0	1
0	19
0	1
62	55
590	191
0	39
0	23
0	37
0	42
2	42
0	277
13	277
50	4
9	1
5	63
0	30
0	21
0	60
0	3
0	3
0	1
2	36
0	139
0	42
12	21
2	0
1	0
0	0
0	0
0	2
307	200
0	34
0	20
2	1
2	47
0	53
21	57
0	10
0	13
0	7
0	15
146	8
14	38
0	9
0	17
32	17
0	0
0	0
6	8
0	0
15	8
5	5
4	0
4	1
0	1
0	1
0	38
4	0
37	52
10	12
6	65
0	64
0	0
6	52
0	33
10	0
2	3
0	1
1	0
0	0
0	31
4	54
1	0
0	50
0	0
7	3
38	35
0	14
4	9
14	0
76	124
305	107
1	0
17	57
0	31
0	8
0	20
0	24
0	0
0	0
0	1
0	2
0	1
0	3
0	1
0	3
0	0
0	0
0	0
131	1
0	0
0	1
1	0
0	0
9	35
0	1
0	33
0	20
6	1
4	26
0	32
0	25
3	8
0	1
3	3
0	6
0	13
0	29
0	22
2	3
0	2
0	1
8	7
0	16
0	16
0	0
4	3
0	0
0	0
0	18
55	7
0	1
13	7
0	0
0	1
2	2
0	0
0	236
0	7
0	80
1	77
0	77
0	7
0	94
0	130
71	89
0	101
13	130
28	43
0	1
5	40
3	80
38	67
0	1
0	1
120	58
78	914
16	913
137	912
14	5
18	1
0	1
0	0
3	2
4	72
0	56
68	43
0	35
0	4
0	17
5	4
9	2
7	22
0	0
0	0
3	7
0	0
0	0
0	0
0	0
0	2
0	21
0	5
1	7
14	32
1	13
0	0
0	0
0	0
0	20
0	4
16	12
0	12
3	0
37	3
1	0
1	3
3	3
137	0
3	5
0	5
0	0
0	0
0	0
9	0
199	248
0	6
0	86
0	23
0	236
3	0
0	0
1	0
0	4
10	7
0	5
50	39
0	11
0	28
0	23
0	19
0	19
0	19
0	0
0	0
0	3
0	3
0	3
0	3
0	3
0	3
0	5
0	5
1	50
3	50
3	48
0	37
0	19
64	53
81	53
0	19
8	4
0	4
0	0
48	0
1	6
3	2
0	3
1	0
6	0
5	0
29	7
0	7
0	25
0	88
0	77
1	0
6	356
9	384
3	135
0	126
0	9
31	0
11	0
0	0
62	0
25	0
0	0
0	6
0	0
0	6
0	0
0	0
0	0
0	0
215	3
0	0
23	7
0	0
0	3
0	0
41	450
36	448
0	423
11	242
0	0
2	0
87	0
0	45
85	45
0	2
0	0
0	0
0	0
0	0
0	12
263	315
0	152
0	304
0	304
0	6
13	15
0	12
0	0
10	0
70	209
110	84
8	127
0	50
0	16
0	10
1	0
8	0
0	0
0	0
1	0
13	0
26	10
0	0
0	5
0	8
2	2
0	0
2	0
0	0
88	19
0	16
10	2
0	2
6	104
0	104
7	0
0	0
0	3
4	4
1	5
0	2
0	0
0	0
0	0
0	4
0	4
16	11
0	11
13	0
2	2
58	14
0	16
4	13
35	90
0	20
0	17
15	4
429	6
39	10
4	4
0	8
1	0
0	9
0	23
0	0
0	0
0	1
6	1
4	0
0	15
2	0
0	8
59	10
5	20
0	20
3	54
3	59
0	6
13	8
0	43
6	54
0	41
0	0
0	0
0	0
28	1
0	6
6	0
0	12
0	69
4	5
4	5
0	33
0	35
0	0
7	2
122	26
0	5
22	0
0	0
0	0
0	0
0	0
0	0
0	0
6	381
0	390
5	390
0	390
0	0
2	351
0	327
0	294
26	107
18	52
3	29
88	9
3	0
0	1
6	22
33	25
14	4
0	1
3	1
93	0
81	25
150	51
0	51
8	3
62	3
23	18
4	0
207	78
37	84
0	13
0	1
2	12
14	11
0	11
0	4
5	7
4	1
0	5
0	11
0	5
0	11
0	6
0	10
0	10
0	0
0	10
0	212
0	195
0	191
0	174
0	216
0	1
3	2
6	3
0	0
0	0
6	1
0	0
1	0
0	0
0	42
2	42
0	42
0	3
0	3
0	0
0	28
0	32
0	22
0	19
0	5
0	5
2	17
0	0
7	0
0	13
0	13
11	0
0	0
3	0
222	18
0	12
0	6
0	43
0	45
1	35
0	31
0	50
0	51
3	19
0	51
0	7
0	27
0	4
8	39
0	18
0	10
0	2
0	2
0	0
4	1
0	1
47	196
0	14
0	195
62	0
0	0
0	0
0	0
4	2
470	21
13	9
0	21
0	5
6	9
3	0
0	0
1	0
0	0
3	0
1	0
91	6
0	0
0	5
10	1
0	1
21	7
0	6
0	6
0	2
0	1
0	1
0	2
0	42
0	33
0	42
83	0
4	1
74	2
0	2
0	3
0	3
0	6
0	6
1	6
0	1
0	25
2	58
10	17
0	5
16	14
0	35
13	43
0	33
0	22
0	29
0	14
0	41
0	41
0	6
0	0
0	0
21	0
0	0
5	11
0	11
20	9
0	9
0	9
68	43
0	43
3	31
10	31
7	31
0	30
89	233
0	0
0	3
8	229
0	6
3	1
0	0
81	229
0	31
4	0
0	0
41	50
0	50
0	36
0	0
0	1
2	1
120	7
0	3
0	0
0	50
0	30
0	10
0	0
1	1
0	1
0	1
0	10
31	0
6	0
0	0
0	0
4	0
0	222
46	166
5	60
0	162
0	172
0	38
0	42
0	12
0	14
0	2
0	2
0	2
28	6
7	1
0	72
183	316
0	1
0	9
2	63
0	6
0	1
2	76
0	437
0	437
1184	210
3	31
0	31
0	5
9	20
0	11
0	1
15	1
0	0
21	14
0	1
11	0
89	0
27	0
65	9
0	0
19	108
1	26
235	108
223	4
7	4
0	37
9	27
0	98
0	9
0	2
0	0
48	92
15	1
7	10
0	9
0	30
0	0
0	0
0	0
0	0
0	28
59	1
17	0
3	0
3	18
0	15
0	15
0	19
0	5
0	3
0	3
24	4
30	4
0	100
16	106
0	30
0	14
0	0
0	0
0	0
0	0
0	0
9	0
0	8
0	4
0	4
0	0
0	2
0	0
2	26
0	21
0	21
222	61
39	42
0	47
0	7
33	57
0	1
0	1
1	1
0	0
43	163
0	11
0	5
12	11
1	0
16	7
2	18
0	12
4	18
0	12
0	1
0	1
3	9
0	6
0	9
0	9
0	1
0	7
2	1
0	4
0	4
0	2
0	4
0	4
0	4
0	4
0	4
0	4
0	4
0	4
0	4
0	4
3	1
0	0
3	1
0	1
0	2
1	0
20	3
216	13
0	8
0	11
0	2
0	11
4	11
73	10
2	1
0	0
0	0
20	1
0	0
0	1
16	11
1	10
0	9
0	3
0	5
0	0
0	3
45	0
0	0
3	0
0	391
18	397
0	186
7	96
9	75
0	69
5	75
0	0
0	0
2	10
0	6
12	67
0	45
0	0
0	0
0	22
222	2
0	1
3	0
3	5
10	28
0	26
0	11
0	10
0	2
0	0
0	2
1	7
0	3
0	0
10	7
17	0
0	118
0	118
0	5
130	1
0	0
0	1
0	4
55	7
0	0
0	7
170	36
0	36
3	0
3	1
0	7
0	2
0	1
0	1
0	0
0	0
0	0
0	1
1	0
0	11
0	10
0	3
0	1
60	12
6	9
0	0
0	0
0	0
0	12
38	43
0	0
0	2
0	37
24	102
170	128
0	107
0	171
0	97
0	49
0	20
0	168
54	34
0	2
0	0
0	0
0	0
0	46
3	46
0	43
0	0
24	28
5	36
0	0
0	1
0	35
0	35
149	17
0	3
0	1
0	14
2	0
0	0
0	0
0	0
0	92
37	93
71	183
1	165
0	2
86	213
0	212
0	11
0	11
67	0
3	2
0	0
0	2
0	2
19	9
2	9
3	2
0	0
4	0
0	2
5	23
0	0
192	21
0	2
33	0
16	2
6	10
5	30
0	1
0	0
0	30
0	25
0	12
0	25
2	1
0	0
0	0
0	0
0	1
0	1
3	5
0	86
0	5
0	4
12	3
0	2
85	17
5	12
0	12
0	0
21	30
0	35
14	35
1531	457
2181	477
38	9
1	8
36	91
206	91
0	1
0	15
0	0
0	0
0	87
0	88
0	87
2	62
11	5
0	0
0	0
0	0
0	0
204	281
0	242
0	0
0	3
0	0
5	0
0	3
61	5
0	7
0	2
0	0
0	0
0	1
143	49
5	0
238	12
122	419
0	417
0	37
0	37
0	38
0	37
6	8
0	0
0	0
0	0
1	5
2	1
0	1
0	0
21	0
0	0
0	3
0	3
0	0
199	0
394	13
0	13
0	1
59	10
0	0
0	2
0	2
9	2
0	0
0	0
2	8
0	95
9	3
0	3
0	95
0	0
1	0
20	0
39	193
0	7
0	2
0	188
1	2
5	2
0	0
7	5
0	0
52	181
0	0
0	0
224	2
0	4
0	2
0	3
8	5
0	5
14	5
0	2
13	0
0	2
0	0
10	5
116	3
25	3
1	3
0	3
0	0
0	0
2	0
5	93
15	91
0	0
0	0
8	111
0	102
0	10
3	0
0	110
0	0
0	0
0	61
143	118
0	127
0	121
0	120
0	128
3	17
0	11
6	3
0	0
0	6
0	1
9	38
1	24
0	37
0	30
0	0
0	0
29	6
0	0
150	1
5	3
0	3
0	0
1	2
0	1
1	1
0	0
20	54
0	12
0	12
0	6
7	9
0	1
63	25
6	20
6	10
47	3
1	6
2	6
0	0
2	4
13	0
443	184
442	27
3	13
0	24
6	12
0	171
0	0
0	0
0	0
0	4
0	6
0	0
86	97
0	0
1	97
181	103
5	115
52	32
0	7
0	5
0	7
0	7
0	328
1	328
212	60
1644	63
0	4
0	7
67	41
0	31
13	41
18	0
0	0
114	0
3	0
0	4
0	4
125	26
0	20
0	0
0	0
0	1
6	1
0	9
0	9
0	3
0	3
0	1
24	28
0	29
11	34
0	26
0	16
0	6
0	1
0	1
0	1
46	0
7	1
0	1
0	0
0	9
0	0
0	1
3	8
0	4
0	3
0	0
0	0
0	1
19	253
25	255
2	0
0	0
33	19
22	9
2	0
53	0
0	0
0	42
1	42
11	23
21	10
4	0
0	3
5	3
6	1
0	0
0	0
96	402
0	37
0	68
1	365
0	10
1	31
2	36
0	30
0	33
0	2
0	2
0	9
0	9
0	4
0	1
0	0
0	3
0	0
0	3
0	3
0	0
0	2
0	3
0	3
0	0
3	0
12	149
0	147
0	144
0	138
21	104
0	16
1	115
14	6
0	6
0	98
24	115
0	0
0	0
7	0
1	0
0	0
0	0
4	0
17	150
0	135
0	143
0	0
0	0
0	0
0	137
22	39
0	41
0	36
0	42
0	41
0	36
0	42
261	0
0	8
0	8
87	33
13	1
0	32
4	24
0	22
0	2
0	0
36	26
4	26
39	1
0	1
100	8
0	0
0	8
199	139
244	136
3	8
7	0
6	0
4	3
1	32
0	17
0	25
0	32
0	26
0	7
39	28
18	6
8	7
0	12
49	5
32	0
12	17
15	17
0	10
0	0
0	1
0	0
0	544
1	547
7	241
4	1
0	1
0	0
87	16
0	15
12	11
1	9
1	5
27	17
11	24
0	24
0	17
0	0
2	1
0	0
0	0
0	0
9	0
0	3
1	16
0	11
0	12
0	4
0	53
0	1
8	102
0	12
0	1
0	99
0	68
0	1
19	100
0	1
0	1
8	5
2	0
0	0
0	0
0	0
0	0
0	0
20	2
0	2
57	0
16	0
0	0
498	4
0	4
0	4
0	0
0	4
1	0
0	0
2	5
0	0
0	5
5	9
1	9
0	0
0	1
0	5
5	817
0	823
0	823
127	0
15	17
0	12
0	6
27	108
221	96
20	88
2	10
3	10
0	7
0	7
3	0
0	1
0	8
0	8
0	4
0	51
0	51
0	6
0	70
0	18
0	0
6	0
380	23
0	40
2	34
0	148
137	100
0	56
0	19
0	11
40	5
0	18
0	149
0	22
0	20
19	57
0	40
0	4
0	0
36	1
17	1
0	0
0	0
0	0
0	0
5	0
0	7
2	3
0	6
6	0
0	0
502	0
0	0
10	0
6	8
0	3
0	5
0	211
4	261
0	261
1	0
10	169
0	255
0	4
0	3
0	3
4	0
6	0
33	0
0	0
15	121
51	115
440	119
3	1
0	13
0	0
447	1
87	0
13	0
48	0
81	96
0	4
0	3
6	0
8	1
0	2
3	0
15	80
0	12
293	12
2	11
0	57
0	57
0	84
5	84
0	0
4	32
9	47
0	32
0	32
0	0
0	22
162	20
119	0
89	15
0	13
12	2
0	2
0	1
0	1
80	29
0	29
8	49
0	62
0	20
0	12
1	8
0	3
0	3
0	3
0	16
2	3
4	3
6	16
0	3
0	3
0	3
0	1
0	1
0	1
0	1
0	1
0	1
0	1
0	1
0	1
0	1
0	0
0	0
0	13
0	0
7	0
2	0
0	45
0	19
0	39
1	7
120	161
0	108
372	276
47	78
0	20
0	75
70	52
118	52
0	28
0	5
0	0
0	10
0	28
0	19
0	7
6	7
12	334
2	89
8	85
178	1
0	313
0	84
16	0
0	303
23	0
0	0
0	22
25	14
0	11
0	1
0	24
0	22
6	13
0	0
0	31
0	0
164	68
13	68
11	30
0	23
0	12
0	0
0	11
15	76
0	61
35	29
0	29
1	0
0	0
0	0
0	0
0	0
0	12
0	0
0	5
7	14
231	0
68	118
0	92
2	108
0	10
0	2
4	3
11	36
0	0
0	36
198	120
0	120
10	110
1	112
2	76
0	24
0	24
30	5
0	5
2	1
4	7
23	32
6	32
1	1
3	1
7	0
2	1
33	4
1	2
0	2
7	0
0	0
0	2
0	0
0	5
0	5
20	4
0	4
296	0
547	7
7	0
0	3
105	4
3	30
0	26
0	28
0	9
3	56
0	87
0	44
0	39
0	31
0	31
0	0
359	43
0	43
0	0
34	53
0	53
7	24
3	0
0	26
0	10
73	2
5	6
0	6
21	0
9	21
0	23
0	2
0	0
0	2
0	19
0	0
9	12
0	0
0	0
0	20
176	17
9	16
0	1
1	1
0	1
1	2
0	0
0	53
0	53
55	22
0	15
0	10
8	7
0	1
0	5
6	9
0	9
0	6
12	5
95	0
0	0
0	0
0	71
41	71
0	0
0	0
0	3
0	8
100	8
0	28
5	20
1	18
1	10
38	2
2	0
0	2
0	4
8	2
0	0
1	2
0	5
0	15
1	0
0	1
0	6
1	1
5	0
2	219
8	219
29	185
39	160
6	34
4	22
31	17
1	6
9	6
0	10
910	8
3	2
0	165
335	51
0	110
0	124
1	82
0	24
127	89
0	89
0	37
0	37
92	36
0	36
0	42
0	500
0	44
0	20
13	20
0	2
0	0
0	0
9	308
16	37
80	275
0	474
0	0
65	22
0	14
16	41
0	0
3	0
2	6
0	0
1	0
4	87
0	34
3	3
0	73
0	86
0	0
2	0
0	14
0	4
0	36
31	94
0	3
2	210
176	210
1	23
0	23
0	8
0	1
0	0
0	0
18	5
69	168
19	472
0	472
0	7
0	163
0	411
12	5
0	5
0	149
0	149
322	118
0	117
0	106
5	9
0	8
0	10
0	3
0	0
13	48
0	35
3	35
0	16
0	23
0	23
0	15
0	1
462	24
0	24
11	8
110	24
0	6
0	17
9	13
19	42
0	32
32	40
0	0
0	0
0	0
0	1
0	0
0	0
0	1
29	48
0	23
0	30
0	1
0	6
0	19
1	0
167	0
5	0
1	0
0	0
0	37
10	37
0	30
5	2
0	9
68	2
3	0
7	4
0	0
1	0
0	3
0	3
0	3
269	30
0	114
1	2
16	84
0	0
0	1
23	16
12	39
157	70
0	11
19	8
19	8
0	28
0	0
19	20
55	0
0	0
1	36
0	0
0	0
16	36
0	36
0	0
0	0
0	0
0	2
29	0
9	2
5	0
0	0
0	18
0	5
0	0
32	0
1	0
0	6
0	2
0	16
106	0
162	33
50	32
0	0
530	1
73	22
33	11
0	10
256	0
8	0
0	0
4	0
32	0
0	0
0	0
0	11
0	11
0	12
0	12
0	12
0	1
0	1
0	1
0	1
0	1
0	0
0	1
1	0
0	1
0	1
0	1
7	7
4	11
15	6
0	2
0	1
0	26
6	19
8	0
0	26
0	0
0	0
131	57
0	73
0	37
0	7
0	3
0	0
0	16
0	27
0	44
0	45
0	26
0	26
0	0
39	34
10	0
71	330
2	324
0	113
28	32
0	18
1	10
0	14
21	0
0	1
0	3
51	1
0	1
0	1
1	3
518	184
0	82
0	6
0	87
7	21
5	3
13	3
0	4
0	4
0	4
0	61
0	71
0	7
40	71
0	7
0	15
0	7
133	52
19	63
56	8
5	8
6	7
9	39
12	10
0	2
16	0
13	0
0	0
1	5
0	8
4	89
3	64
0	61
0	5
0	5
1	9
0	1
212	0
0	1
24	1
9	17
0	3
87	271
0	23
155	136
6	196
0	2
651	348
0	7
0	7
0	50
0	12
0	4
0	1
18	2
0	2
5	5
1	22
10	22
0	10
0	5
0	2
12	6
0	0
235	12
3	3
0	0
3	3
45	36
0	596
6	17
0	12
7	6
0	14
3	0
0	0
0	5
1	0
75	600
0	4
608	3
6	3
6	28
0	28
2	0
0	0
1	1
11	6
0	3
1	3
120	3
1	3
28	53
0	52
3	0
54	72
0	0
5	72
196	0
0	115
0	35
0	127
75	150
0	0
0	50
0	31
1	31
0	1
115	15
2	12
6	22
0	0
0	4
0	1
0	1
2	2
0	12
0	20
0	34
0	20
0	20
0	20
0	55
5	5
0	55
0	0
3	16
37	22
0	10
3	3
0	40
10	45
7	45
0	36
0	25
0	3
0	10
7	10
0	11
0	2
7	173
0	66
1	67
2	16
0	0
76	72
0	72
0	18
1	18
0	2
2	22
26	49
65	0
25	29
0	17
0	29
0	10
45	51
0	37
0	6
0	1
3	2
0	2
2	5
0	68
5	64
2	63
6	43
10	17
0	33
27	33
0	31
0	3
2	78
2	78
0	13
0	2
6	5
0	5
89	0
0	5
15	0
0	4
0	0
0	11
0	0
0	4
0	4
14	21
10	22
0	1
0	1
38	29
0	1
0	2
3	28
0	0
0	1
1	1
0	0
8	4
326	249
0	797
0	337
2	359
0	785
0	33
35	15
0	10
0	5
17	0
0	5
5	0
59	5
0	1
1	0
0	0
58	2
0	5
2	5
0	208
0	5
415	138
0	50
12	0
81	118
0	88
0	118
0	12
0	1
3	0
2	5
0	3
5	1
0	7
0	7
1	3
0	1
6	591
0	279
0	108
8	0
0	1
0	1
28	1
0	0
0	0
0	0
50	0
0	146
0	63
0	107
0	50
5	586
0	45
0	42
0	35
3	1
0	1
0	0
3	0
0	0
16	7
10	3
41	7
22	11
6	11
2	18
83	22
81	0
2	27
10	37
0	59
5	2
0	5
131	38
0	51
0	15
53	15
25	63
5	63
20	157
28	83
0	138
5	6
17	2
4	85
171	6
0	0
3	0
0	1
0	0
1	5
0	24
73	33
8	29
0	1
7	0
0	24
0	59
0	35
0	34
45	9
0	16
0	1
6	7
6	51
0	15
0	11
27	60
16	132
0	15
0	86
4	0
0	817
0	5
12	0
44	72
2	92
0	81
0	92
146	0
0	5
135	33
0	20
0	50
270	19
18	1
227	239
0	239
0	58
0	39
1	55
25	56
0	42
119	0
0	0
0	0
0	0
234	1286
0	765
0	237
52	53
3	0
0	53
25	85
391	24
0	24
0	16
15	1
0	1
0	0
5	0
0	10
17	2
0	2
7	122
0	24
0	46
0	46
0	17
0	15
0	0
0	0
0	0
0	29
0	0
0	4
0	2
1	2
0	0
0	0
4	27
0	2
106	65
0	65
0	65
2	66
10	60
0	21
0	18
0	14
3	6
7	5
0	48
0	34
0	40
0	8
0	1
6	0
51	0
0	2
0	42
1	43
7	55
0	49
629	0
0	0
0	13
20	13
32	250
0	230
0	0
0	12
10	0
0	0
2	0
0	7
16	0
17	22
0	35
167	48
11	139
0	139
0	9
0	9
4	9
70	240
71	217
23	27
10	22
0	1
335	42
0	8
0	4
6	34
110	17
5	14
0	0
0	5
25	2
0	2
6	0
0	0
0	0
0	283
0	308
0	308
0	2
0	1
0	0
0	1
0	1
0	124
0	124
1	0
3	0
9	0
6	4
0	1
0	4
0	2
0	3
0	0
0	2
0	0
0	0
4	0
6	5
0	7
0	0
0	0
0	2
0	8
0	0
62	12
0	10
0	1
2	0
0	802
0	100
1	0
0	0
0	0
0	0
0	0
0	0
0	0
0	0
0	0
39	29
366	29
54	11
0	29
0	120
2	76
0	98
6	97
0	69
0	52
0	52
0	52
81	40
0	46
0	36
0	20
0	0
4	1
0	3
10	11
0	11
0	0
0	307
0	345
0	287
0	128
0	107
131	31
0	4
8	2
0	4
0	4
0	4
37	20
0	20
0	0
0	0
0	3
0	4
0	19
2	0
0	19
248	459
0	432
0	447
30	181
0	80
0	114
0	76
0	0
1	0
0	218
1	92
0	50
5	143
1610	1166
136	1
0	1
8	0
6	44
1	35
0	21
0	8
7	19
7	254
15	24
0	1
123	63
0	0
18	69
30	0
0	8
0	0
0	8
0	55
0	3
1	24
0	7
0	3
46	62
0	5
1	1
0	1
0	2946
5	277
93	16
0	1146
0	51
3	181
187	176
0	8
4	2
3	10
0	1
34	1
849	12
0	40
7	18
2	2946
11	6
20	6
46	171
8	9
165	53
19	48
0	30
0	10
0	143
2	45
12	190
0	190
10	9
2	7
1	0
9	2
0	8
167	6
2	25
0	12
0	3
0	20
613	68
8	28
72	9
3	18
2	7
212	107
0	0
0	58
4	65
0	20
0	2
0	31
0	31
352	0
51	0
0	1
0	10
0	10
2	41
1	7
0	14
0	8
0	7
0	0
4	0
0	7
43	0
2	8
8	63
0	56
29	11
0	11
11	22
0	197
0	174
88	81
13	37
0	53
13	44
1	33
1	0
0	54
29	54
2	38
0	54
1	4
0	0
9	4
0	1
0	0
0	0
0	0
6	0
0	0
0	0
0	0
138	8
0	4
0	2
0	4
17	0
8	0
21	29
0	29
0	21
13	17
0	0
0	17
16	12
33	237
0	1
0	1
5	12
0	21
2	10
96	1
0	221
0	246
109	248
0	18
0	10
0	2
0	0
0	12
0	8
0	0
2	0
0	26
0	26
2	2
1	35
1	13
0	0
0	1
0	13
5	1
0	1
97	48
32	73
0	67
0	29
0	24
22	1
0	81
10	0
3	20
3	335
2	4
24	173
6	23
0	41
0	0
94	47
2	47
0	153
0	77
20	116
0	183
49	0
0	119
0	77
5	136
0	130
106	130
23	3
54	2
0	2
2	0
3	1
0	11
0	17
0	17
0	174
0	250
0	36
0	167
0	3
2038	343
6	176
11	131
0	0
0	29
0	34
15	39
0	16
1	13
2	12
99	4
0	3
2	3
0	2
6	2
0	10
116	15
0	8
89	53
770	69
10	74
0	102
12	48
24	1
5	58
0	7
0	1
96	1434
0	5
0	10
0	18
0	86
0	0
0	0
0	28
0	40
14	35
98	94
0	276
9	134
5	11
0	55
1	0
5	19
124	22
0	19
0	11
0	3
0	0
8	0
50	71
2	7
2	0
9	220
44	20
1	72
0	66
6	231
81	281
89	64
0	1
0	1
14	341
3	2
886	367
0	11
0	11
0	0
2	0
234	50
53	4
6	46
0	169
2	3
1	2
0	4
0	7
0	4
0	0
12	3
0	1
0	4
0	161
0	29
13	0
4	95
0	93
10	74
0	13
0	0
31	11
0	5
3	68
0	0
0	64
0	64
5	2
0	58
0	5
41	25
0	25
98	48
1	48
3	48
4	0
0	20
0	3
3	0
114	215
17	7
0	0
0	215
2	14
7	15
0	14
34	49
0	0
39	86
38	61
0	0
0	25
0	10
0	10
142	2
8	2
2	0
0	2
13	10
0	9
4	6
1	9
0	9
5	0
0	0
8	29
36	39
0	24
5	2
0	16
0	3
4	24
0	24
74	19
0	5
11	84
0	13
32	27
3	10
6	0
1	1
12	1
0	1
0	11
1029	653
0	650
0	650
0	650
7	269
0	257
3	4
19	4
2	0
0	9
2	2
0	5
14	15
0	3
3	0
1	0
0	6
0	0
0	22
0	9
79	3
0	7
23	12
0	3
23	2
0	2
0	4
0	4
8	0
1	63
13	5
1	3
0	5
0	68
0	63
0	63
17	0
0	0
0	0
1	0
0	0
0	63
31	30
0	30
0	22
1	0
0	0
0	0
0	207
157	213
0	213
20	26
0	13
2	1
0	16
0	11
0	24
315	59
236	36
0	32
0	7
0	43
0	7
0	0
0	0
3	43
1	370
79	370
2	7
0	7
26	4
0	4
0	472
3	472
14	472
925	176
0	4
5	0
0	6
0	6
0	6
0	0
4	0
0	6
0	6
0	6
9	0
3	0
18	0
22	88
1	88
0	1131
0	17
14	549
0	670
0	498
1	427
0	415
0	18
516	1131
0	1114
0	0
0	0
0	583
0	549
17	130
0	2
0	127
0	3
383	22
0	51
33	37
0	37
1	19
0	16
0	16
0	0
4	1
471	48
0	23
54	92
0	92
24	0
42	18
0	74
0	95
0	140
2	21
4	38
8	26
7	0
1	0
0	35
14	20
6	3
1	4
0	3
0	17
3	2
14	62
0	36
0	1
0	49
0	4
0	4
0	1
0	1
0	17
0	25
6	8
0	3
0	3
3	0
0	46
0	46
1	0
10	5
0	4
6	0
5	0
4	167
0	15
0	5
8	8
0	2
0	164
0	22
6	12
2	5
17	12
0	2
0	0
0	0
0	0
0	0
0	2
0	0
0	0
0	0
0	1
9	1
3	2
0	19
0	19
5	35
0	13
0	10
0	5
5	16
0	0
0	4
25	16
0	4
2	3
0	3
1	4
302	0
0	3
1	1
4	3
0	3
2	1
0	0
0	0
0	1
21	17
0	0
0	0
0	14
2	0
0	0
0	17
1	2
4	0
5	51
2	37
0	34
12	7
0	15
0	1
0	14
0	4
0	4
3	6
0	0
0	18
0	17
0	15
0	21
0	0
0	7
1	6
2	4
0	0
4	2
191	208
0	33
0	41
0	42
0	0
14	64
0	1
0	0
32	26
36	61
0	0
0	0
0	58
0	11
10	53
15	0
16	16
0	0
9	16
10	16
0	2
0	5
1	6
0	16
0	16
0	0
1	1
1	0
0	0
1	3
3	8
2	1
0	3
0	56
0	103
33	134
0	2
0	34
0	2
462	1
1	18
19	2
13	18
17	12
0	16
0	2
0	2
2	0
0	0
197	3
0	1
1	2
0	10
10	9
0	70
144	70
656	24
0	1
0	8
0	334
44	334
1	15
5	64
27	21
40	38
0	25
23	38
0	32
19	24
0	14
12	2
3	2
0	12
10	11
0	6
0	10
20	10
0	0
0	6
1	0
0	54
0	7
6	54
32	133
0	133
46	6
0	6
7	0
0	0
80	42
5	8
0	34
82	3
5	3
7	0
12	14
17	4
48	12
0	8
0	11
0	6
0	11
0	22
10	22
33	64
3	64
46	23
37	69
540	0
36	27
0	10
0	15
9	70
0	30
0	1
7	23
15	22
49	47
40	42
0	25
0	34
0	19
111	55
39	54
160	17
0	15
13	0
20	1
0	1
4	331
0	342
0	8
66	2
2	0
2	1
0	0
9	0
5	2
0	91
0	66
96	91
1	56
0	2
0	1
0	1
34	0
117	31
12	129
0	171
0	125
0	4
3	14
0	3
0	5
4	55
0	15
0	16
0	44
0	9
5	4
0	7
0	38
0	11
2	7
0	8
0	39
4	3
0	2
0	2
4	39
12	5
0	165
0	165
0	165
4	165
0	6
9	4
54	327
5	297
0	13
4	6
0	17
0	0
0	0
13	1
0	15
0	0
253	200
25	116
84	77
4	1
0	153
5	6
26	56
0	0
0	0
3	0
15	1
0	27
7	27
0	1
6	73
0	12
0	12
5	73
18	8
23	8
44	7
11	414
167	371
28	371
3	310
0	30
9	4
0	4
0	2
0	5
0	41
8	67
1	48
0	56
0	1
4	0
0	1
0	1
0	1
0	9
4	1
0	0
0	22
3	16
1	0
0	0
0	10
0	2
89	5
0	2
117	127
0	0
3	0
10	0
0	3
17	190
9	26
0	4
0	190
0	22
0	5
8	22
31	24
0	17
11	10
22	1
0	0
13	2
0	0
0	2
0	6
0	6
6	2
0	12
3	12
0	7
9	0
25	1
0	1
12	12
0	12
12	20
8	18
0	24
0	24
27	36
176	37
14	25
4	0
0	5
41	95
0	0
0	328
0	328
8	1
7	3
18	84
38	37
0	37
1	1
0	1
161	2
11	8
0	7
16	8
0	8
0	1
0	0
82	0
0	0
1	0
6	0
0	16
0	42
0	5
21	19
1	4
0	0
5	8284
20177	8472
32	20
0	0
0	0
0	4
0	34
0	0
3	15
0	3
2	1
0	0
0	35
0	0
0	0
0	0
0	298
0	27
0	0
0	1
0	15
0	28
0	0
0	0
3	6
0	2
0	0
11708	85128
0	0
0	32
0	0
112711	72909
0	3
0	6
0	38
404	41260
138	34900
1961	35696
1192	19558
0	55
0	31
1	0
4	52
0	38
0	0
0	0
0	0
164	150
0	0
0	29
0	0
0	0
0	2
0	17
20	33
0	6
18	35
93	61
0	2
757	25894
294	0
0	0
0	6
0	0
0	0
16	0
0	2
18	740
0	0
194	296
0	6189
0	1
1	66
0	6
5099	22167
440	8712
18942	93705
0	39
0	69
0	0
0	0
34	0
0	8
0	7
0	15
2	35
0	0
0	0
0	0
4	5
0	12
0	0
0	0
4	0
26	25
0	0
0	2
8	0
0	6
0	37
1	0
9	0
5	0
0	0
0	0
0	0
0	29
29	49
0	0
317	0
0	0
0	24
0	45
0	3
3	8
2493	102520
27	1
0	0
0	0
5	0
248	0
373	0
29214	37448
0	0
2	21
0	8
0	4
0	9
0	8
0	9
0	6
0	0
0	24
0	14
0	57
0	0
0	0
632	11137
27	28612
0	13
0	66
1	0
0	0
0	0
0	9
1	29
22	344
34	5
0	0
0	46
1	3
2	94
0	36
0	17
0	0
0	32
0	0
1	0
8	0
1	8
0	40
510	262
0	14
538	38646
0	0
0	17
0	29
0	0
0	33
1	84
2495	47258
103	8699
126	9430
497	10695
193	9557
1321	17722
458	30191
14	14353
18	9971
0	1495
0	0
0	0
0	0
0	12
0	0
1	1
0	0
0	0
0	0
0	16
0	0
2	44
0	47
0	1
0	9
56	53
0	0
0	40
323	457
0	0
107	66
0	205
0	51
0	20
0	75
0	0
0	0
0	8
0	6
0	0
0	7
0	7
1	0
7	0
12	0
0	0
0	8
0	0
79	0
0	0
0	27
0	0
35	3
0	0
0	0
0	38
0	38
167	10
1	33
0	8
0	8
0	60
25	41
6	0
267	0
0	4
0	156
80	125
0	125
0	0
0	0
623	43660
13	0
7	0
12727	117781
0	0
0	0
16	0
0	3
830	901
9	0
4	60
24	55
9	34
1	15
0	13
0	1
0	1
0	0
0	5
0	6
3	2
2	4
0	0
0	2
0	0
0	7
0	2
0	5
0	0
0	1
4	0
2	0
0	0
0	0
0	0
2	0
0	1
16	71
13	0
19	71
35	19
0	12
0	11
0	6
1	6
0	0
19	2
19	9
0	0
10	28
0	26
11	22
0	4
1	1
8	3
0	32
50	52
3	52
50	70
0	63
50	60
0	59
0	1
0	0
0	0
0	37
0	26
1	15
0	16
2	17
0	21
2	2
0	5
3	1
0	33
1	11
0	11
77	170
1153	164
0	248
3	170
0	201
1	8
0	4
0	5
0	5
2	52
0	54
2	3
0	0
0	2
0	54
23	0
74	44
0	38
0	35
0	15
0	14
0	0
8	5
76	28
0	28
0	0
1	0
3	0
0	0
148	97
0	97
0	35
41	16
12	51
1	0
2	8
0	185
0	107
29	45
21	35
0	26
0	27
0	27
284	105
0	27
0	4
0	4
3	0
0	0
13	0
0	166
0	138
0	40
13	28
0	138
0	16
0	323
0	321
9	321
1	0
21	320
0	2
0	2
21	20
0	0
0	7
2	0
109	123
10	48
0	48
2	14
0	40
0	29
4	43
103	197
0	16
0	22
12	38
0	32
0	2
0	3
5	2
1	2
0	6
0	2
0	5
5	4
0	1
1	1
17	3
4	0
64	121
0	69
6	19
0	21
186	121
0	5
2	5
0	14
0	0
0	0
55	26
15	26
0	37
0	50
0	43
0	49
0	50
1	18
0	42
90	42
0	19
10	0
4	23
3	0
0	88
10	23
0	17
1	88
37	80
3	4
0	76
0	111
0	111
0	0
9	0
15	0
0	0
0	0
0	0
0	0
0	0
5	0
135	60
4	22
0	39
10	1
8	0
5	14
0	14
0	10
0	10
5	10
0	0
0	5
5	5
2	6
4	5
1625	0
2	0
1	0
2	10
1	10
0	1
7	0
0	10
0	10
16	208
0	159
0	3
0	5
1	3
0	178
0	52
3	24
0	117
632	244
1	0
1	57
7	18
0	7
0	41
3	0
0	24
36	27
0	0
0	0
11	7
0	102
39	9
0	45
0	64
0	70
0	77
0	0
0	26
2	0
1	0
13	1
0	43
1	1
0	4
0	3
0	44
0	33
3	12
0	9
0	42
0	93
37	86
0	44
2	95
0	34
363	969
0	337
0	242
0	53
0	18
14	0
0	0
15	0
0	0
144	0
0	0
0	1
0	980
0	985
0	400
5	28
0	21
34	23
2	0
9	1
5	0
0	0
0	0
0	0
0	0
7	95
0	1
2	0
192	24
0	24
2	2
0	0
4	0
2	0
0	0
0	1
1	0
0	1
16	6
4	12
0	10
0	3
22	1
2	15
13	0
16	0
5	54
42	54
0	19
0	57
0	0
0	2
2	0
0	10
0	17
40	0
89	21
0	32
0	4
0	4
0	0
0	29
0	33
171	5
3	5
22	414
0	452
0	351
0	256
0	0
29	7
0	0
0	4
19	0
0	0
0	1
4	1
33	0
17	44
0	42
2	65
0	55
683	132
0	7
0	0
0	5
43	13
0	5
2	29
0	0
0	4
53	2
38	23
2	8
6	5
1	0
0	5
26	530
90	180
5	62
0	34
0	19
2	34
2	18
0	1
244	0
94	9
21	9
0	0
3	0
0	0
4	14
0	14
215	4
0	7
0	15
0	15
0	3
0	0
23	0
14	0
0	0
0	0
0	0
1	0
0	1
0	0
12	39
0	39
5	2
0	5
5	4
301	75
3	0
4	2
0	2
0	73
6	0
0	0
0	0
1	0
30	483
223	483
0	6
14	0
229	9
0	6
4	0
7	3
5	0
7	18
0	0
0	17
5	17
41	0
1	0
0	0
1	0
0	68
0	68
318	68
0	1
0	0
3	1
0	0
0	0
0	0
0	0
3	4
0	2
0	2
0	0
0	2
19	24
6	54
0	2
10	2
22	0
4	0
0	1
2	0
57	20
0	10
3	1
3	1
5	0
21	3
3	3
0	0
0	0
10	11
5	1
0	6
0	6
0	30
2	25
1	0
17	9
0	8
105	8
13	0
12	21
0	21
0	9
0	0
0	0
0	0
0	0
0	0
0	0
0	83
0	83
1	70
0	50
0	50
4	3
0	3
0	0
0	0
2	0
17	15
5	4
125	52
0	48
0	39
0	29
0	26
0	1
1	3
15	9
0	11
0	11
0	1
15	11
164	66
0	51
0	12
0	12
4	1
1	0
0	2
1	21
47	29
0	0
0	4
0	5
1	1
0	1
5	1
8	9
12	0
0	20
8	0
98	4
26	4
0	18
1	18
0	3
0	3
0	0
1	6
55	3
0	3
0	11
0	2
0	2
0	11
23	15
0	15
0	0
25	8
343	11
0	6
1	6
5	83
0	14
18	83
7	14
1	1
7	46
1	16
0	3
0	0
0	0
0	3
20	27
105	8
1	21
0	19
19	44
2	14
52	19
0	6
0	1
0	16
3	8
0	1
0	1
1	166
77	167
63	167
4	0
0	4
132	17
76	21
0	5
0	5
0	0
0	3
13	0
0	25
10	25
0	3
52	49
117	54
0	5
344	1
0	1
0	1
0	36
0	1
0	35
1	1
0	66
0	65
0	1
4	1
100	0
0	297
0	282
0	1
1	1
0	35
5	28
0	26
9	13
0	1
66	10
0	11
0	11
0	0
0	1
0	9
0	11
0	1
0	0
1	0
0	0
0	0
0	0
0	0
0	137
0	2
0	3
6	111
0	108
0	0
0	0
68	137
46	90
0	85
40	5
0	69
0	66
0	69
0	61
0	58
0	61
0	61
0	58
0	61
0	60
0	57
0	60
0	1
17	16
4	200
0	200
0	8
0	30
0	3
0	18
55	29
0	15
0	15
2	35
0	12
0	0
0	8
0	37
1	2
0	35
11	8
10	0
19	0
0	4
0	349
0	0
0	349
10	36
0	12
2	0
14	3
3	5
0	0
0	2
3	3
0	2
4	3
0	4
27	1
37	0
0	28
19	28
0	0
1	0
2	0
12	12
1	12
268	596
0	349
0	12
0	0
194	584
0	0
0	0
6	0
0	0
0	0
0	0
0	0
0	0
0	0
21	1
20	3
0	0
0	3
79	3
1	3
134	27
425	7920
0	20
0	18
0	19
0	20
0	18
0	20
0	18
0	1
0	168
0	167
5	174
0	83
0	15
30	82
0	52
0	16
2	0
0	0
0	2
0	2
0	3
0	2
0	167
0	167
0	168
0	122
2	622
7	4
5	29
1	27
0	2
0	1
3	2
421	12
0	12
0	12
0	9
5	3
1121	1
3	3
0	14
3	24
0	13
0	11
0	12
0	14
0	2
0	2
0	0
0	9
7	0
1	0
0	4
3	0
1	0
0	0
0	0
0	0
430	130
0	130
6	646
2	648
1	0
1	0
1	0
14	1
0	57
0	90
0	51
0	53
1	71
0	88
0	71
1	40
0	39
0	2
0	6
1	2
0	5
1	5
0	7
0	1
1619	0
178	373
0	373
34	368
73	2
0	125
239	0
8	4
4	2
49	133
32	0
52	12
0	5
1	1
0	0
0	0
0	1
0	1
0	0
0	0
0	1
6	0
37	155
0	126
3	1
1	0
0	0
0	81
0	0
0	0
0	79
22	30
0	15
148	2
0	2
1	6
5	79
0	5
0	4
0	74
0	3
0	56
2	57
2	0
0	1
3	16
34	207
15	132
0	60
0	53
0	33
258	94
4	91
6	53
6	47
2	47
7	45
0	20
0	18
0	8
0	2
10	4
5	4
3	4
0	0
16	5
0	5
2	2
0	2
1	2
0	17
0	17
9	24
0	6
0	2
2	2
0	1
22	25
6	25
2	0
1	5
6	0
0	0
15	0
27	0
32	0
0	0
68	93
0	93
0	66
116	45
0	18
0	2
0	0
3	0
4	1
0	3
0	8
13	8
0	28
0	28
39	65
7	69
0	57
39	89
0	42
0	84
6	2
0	2
0	214
323	578
0	214
235	245
0	8
0	578
126	119
3	119
53	11
3	11
0	6
1	0
0	0
0	30
0	26
0	14
1	6
0	6
0	6
0	6
0	11
0	7
0	6
6	9
0	9
0	16
2	16
20	18
0	18
0	2
2	4
0	4
146	19
0	5
0	5
13	17
6	12
1	10
0	12
0	12
0	5
1	9
25	91
3	12
0	6
253	18
11	9
30	18
0	9
0	18
36	27
0	22
0	0
0	0
12	1
0	21
1	0
150	38
0	14
0	1
0	1
0	1
0	38
0	0
0	9
33	2
49	55
0	55
1	56
4	53
0	54
2	5
0	0
0	0
0	1
0	1
0	0
0	0
0	56
4	2
0	6
0	2
0	6
6	15
6	264
0	27
8	1
2	1
390	26
0	26
6	0
2354	236
0	236
0	76
662	324
193	352
12	197
2	90
113	12
5	9
0	8
0	263
0	26
7	0
11	7
0	0
0	0
0	819
0	819
0	787
0	43
0	14
2	0
0	0
0	0
8	0
74	41
0	5
0	2
18	1
0	30
30	7
164	121
0	110
5	107
1	32
13	18
0	12
1	10
0	10
0	11
0	0
0	0
2	0
0	0
95	1
113	13
0	4
0	0
0	2
5	0
0	0
0	0
10	110
73	4
7	1
0	2
5	109
0	88
2	61
23	37
0	35
0	9
124	77
0	15
0	3
63	92
0	5
0	6
0	6
0	0
0	0
1	3
0	3
0	0
0	162
0	61
0	131
0	131
0	108
9	58
20	10
0	4
561	0
0	6
5	30
0	2
0	0
0	2
0	2
0	2
1	0
0	0
5	55
339	58
17	31
0	13
12	27
0	1
0	1
2	1
0	7
15	0
0	24
1	18
2	19
0	4
0	1
6	4
192	74
20	73
0	38
5	35
16	76
0	282
0	299
0	227
0	3
0	4
0	11
0	4
0	7
4	0
0	0
0	28
0	28
0	1
277	321
0	21
117	284
4	2
0	0
174	308
45	274
13	8
0	161
0	187
0	189
2	260
0	187
0	169
4	184
453	127
0	97
0	85
0	85
41	84
4	77
1	9
369	0
0	145
0	56
0	5
0	5
0	5
0	0
0	3
1	5
0	2
149	39
0	25
0	12
0	1
76	53
0	4
109	2
0	1
12	3
3	21
139	24
35	90
0	86
0	89
0	86
0	88
0	5
4	4
0	0
24	0
119	0
12	1
4	1
2	1
1	0
0	28
0	50
0	26
0	40
23	116
341	53
0	116
6	57
0	28
0	119
0	123
0	119
0	123
6	76
0	23
2	238
80	215
12	22
1	22
26	0
13	39
11	37
0	36
0	0
50	45
2	8
0	7
0	0
0	7
4	0
3	37
98	0
3	35
14	20
0	23
0	4
6	0
0	0
0	0
0	0
2	184
86	59
21	59
570	74
0	83
16	51
19	31
0	49
0	58
28	30
0	12
47	3
1	9
7	48
1	0
6	2
18	58
6	58
0	26
0	19
10	27
0	27
0	26
0	26
0	82
7	78
0	6
111	3
2	1
0	1
0	5
6	1
3	3
0	1
0	2
32	151
0	0
0	0
0	2
0	0
3	6
9	3
1	0
0	2
0	2
20	21
175	5
0	101
154	105
55	184
0	68
0	181
5	5
786	166
0	20
0	5
0	5
3	11
0	0
19	2
0	70
0	59
0	66
5	64
224	587
0	587
0	5
0	3
0	1
2	0
5	0
1	0
8	0
0	67
0	7
4	2
0	39
19	36
4	42
0	3
3	7
0	34
0	7
9	70
0	53
0	70
0	8
0	72
0	58
0	21
0	3
2	2
0	0
0	0
151	0
4	19
0	19
0	9
12	47
7	19
12	0
13	226
0	20
11	39
0	13
46	9
24	0
0	165
0	155
0	31
0	27
0	166
0	208
75	75
3	83
0	60
23	126
0	126
0	64
0	28
3	3
5	9
28	4
1	2
0	8
0	0
0	1
0	4
0	0
0	5
3	46
0	3
0	17
0	17
0	17
9	21
0	9
0	35
20	35
8	1
0	1
4	17
17	17
119	127
1	116
0	118
0	118
0	113
0	113
0	127
0	6
0	4
0	0
0	0
0	1
0	5
0	5
1	104
0	1
0	93
0	93
0	16
0	16
0	2
55	154
4	158
0	0
5	0
16	17
2	13
8	0
4	5
7	2
10	1
5	0
0	0
1	1
1	46
29	42
68	25
0	30
0	14
6	12
1	10
0	9
59	15
44	7
7	3
0	3
5	3
12	4
2	0
1	0
0	0
0	3
4	96
0	77
574	104
228	52
29	3
0	3
0	160
0	155
681	5
132	254
30	241
0	0
0	19
1	19
6	6
0	0
0	1
0	0
0	1
0	0
0	17
0	48
0	50
159	41
0	15
0	72
25	67
0	3
75	0
4	1
0	56
0	56
0	22
248	77
0	77
12	9
0	0
0	0
3	278
0	278
4	258
14	217
3	87
77	88
1	0
14	1
0	141
3	140
16	10
0	10
1	0
1051	18
0	16
548	2
1	1
14	2
10	2
0	3
7	1
27	442
46	442
24	29
1	8
129	28
0	422
68	431
173	42
35	42
14	0
2	0
0	12
19	12
1	0
0	2
0	0
2	12
30	15
0	8
0	8
0	12
11	27
0	0
1	27
0	17
0	17
0	1
0	1
0	0
3	0
0	9
0	5
4	6
0	17
0	0
0	0
0	0
0	92
3	6
0	6
2	5
0	6
3	6
0	6
0	5
2	6
1	3
0	0
8	12
0	3
0	17
0	23
0	24
0	6
0	9
0	16
5	16
0	12
0	24
0	24
0	15
0	8
0	5
0	0
0	3
1	3
0	6
0	6
2	6
8	48
0	48
23	10
6	9
0	2
0	1
0	40
6	40
35	13
0	2
0	2
68	33
0	20
7	0
0	6
582	6189
56	1
1	1
0	0
0	1
0	2
0	2
7	2
0	1
0	0
2	0
6	0
0	0
7	2
0	0
0	1
0	1
0	3
0	3
10	2
0	1
1	1
9	38
43	2
0	34
38	34
0	6
0	2
0	22
0	10
0	38
0	1
0	1
3	40
0	12
0	58
0	58
62	48
1	12
1	0
0	0
26	146
0	0
8	94
0	115
2	2
0	19
0	0
24	107
1	0
20	17
3	21
1	4
0	2
0	8
6	0
0	4
146	0
4	114
805	9
0	105
0	0
0	0
0	0
0	3
0	1
0	0
0	3
10	32
0	19
0	19
0	4
2	28
0	28
0	13
0	13
36	0
1	59
0	10
1	0
0	0
54	0
3	0
15	1
2	3
0	22
0	2
0	0
0	0
18	94
0	2
0	0
0	4
0	29
0	49
1	49
4	129
0	71
40	3
5	19
994	2
3	1
0	1
1583	0
9	2
111	2
0	2
5	2
0	1
0	19
0	19
271	14
10	3
5	1
0	10
0	316
0	452
0	103
0	12
0	550
0	103
0	107
0	0
0	28
1	0
7	2
0	0
0	0
0	1
0	1
3	1
0	0
1	141
19	231
0	35
8	231
0	31
0	68
0	37
48	15
0	48
787	199
0	0
0	1
0	55
0	22
0	144
1	10
0	10
0	0
0	5
0	5
12	0
372	0
1	9
0	6
66	8
88	129
8	117
0	0
20	129
0	0
0	24
0	12
0	0
0	1
98	218
1176	216
33	181
130	147
0	131
0	54
35	38
78	0
11	6
1	6
0	66
0	64
18	66
0	4
2	20
3	83
343	237
1	114
0	112
0	83
0	65
0	64
16	64
0	37
0	1
0	0
1	0
623	18
112	35
3	34
2	2
0	1
0	0
15	0
1881	302
32	302
34	36
87	33
104	18
98	0
76	0
0	19
0	12
32	0
36	51
1	13
0	42
762	257
7	194
0	16
86	123
3	8
0	8
0	2
0	26
1	26
0	8
1	47
75	102
3	73
39	55
0	104
0	17
24	1
1	1
0	0
0	104
20	207
2	207
69	45
0	12
1	36
4	2
0	0
0	207
0	5
5	1
2	5
0	0
0	5
0	4
0	4
0	4
0	2
0	4
0	2
0	1
6	1
36	1
5	20
1	16
0	20
8	15
1	15
31	60
35	60
0	10
0	27
0	9
0	2
0	2
0	2
0	0
2	0
0	0
1	0
124	79
3	5
1	8
0	17
0	11
3	14
173	6
4	2
0	2
0	1
0	1
10	19
0	18
0	0
0	23
5	8
0	8
0	0
7	1
0	8
0	127
0	6
43	144
1	6
0	127
0	8
0	35
0	26
0	53
0	76
123	102
1	36
1	43
4	34
0	138
111	173
54	34
0	69
25	58
1	1
14	7
0	7
2	64
1	11
0	15
0	11
0	15
21	0
5	53
1	0
20	53
0	0
4	0
24	3
0	4
0	4
0	4
0	4
0	0
0	3
0	3
0	3
0	2
0	2
0	2
395	190
0	6
0	10
1	178
83	144
0	10
0	0
0	0
1	0
0	5
0	9
0	0
0	144
54	48
28	14
0	6
0	7
3	0
103	4
2	0
0	15
9	0
0	15
132	16
3	1
0	0
0	0
21	188
0	172
0	34
47	0
6	118
1	78
0	665
0	665
2	509
2	1
7	0
30	0
0	1
0	1
4	78
2	11
0	7
0	8
0	1
0	7
0	8
0	0
0	5
0	11
3	5
2	4
0	0
0	0
0	8
2	73
26	78
4	62
0	48
0	7
7	0
7	10
0	83
0	83
0	48
0	1
0	6
0	48
42	120
5	23
8	18
11	16
0	3
0	0
15	61
10	0
0	95
0	13
74	11
152	13
5	4
3	4
0	16
0	16
0	16
0	15
0	15
0	16
0	16
0	16
0	16
0	15
0	15
55	0
21	32
0	32
0	29
0	5
6	15
4	10
0	0
0	39
3	23
0	11
2	3
262	36
1	4
0	4
13	0
87	18
0	19
102	293
0	286
0	289
0	7
0	1
5	0
0	0
1	0
10	3
77	144
756	137
20	97
14	7
6	77
4	10
0	1
0	0
0	0
0	0
1	0
0	77
41	303
0	1
71	34
0	2
0	292
0	111
0	58
0	8
0	41
0	6
0	51
0	16
0	0
0	19
58	88
0	66
27	0
0	19
25	0
5	5
5	61
11	0
72	13
2	1
0	13
0	0
0	0
5	12
6	0
0	0
0	0
5	39
1	55
0	49
46	527
0	108
6	20
0	55
0	15
13	0
11	35
1	99
0	9
2	0
0	0
24	0
0	0
0	0
36	38
42	46
0	0
27	4
1	1
1	1
0	4
15	4
0	0
552	69
0	69
35	0
0	1
0	1
0	4
0	4
0	4
0	1
0	1
0	1
0	0
0	0
1	0
3	47
27	8
1	8
0	8
4	0
45	1
3	1
3	0
1	0
4	1
0	1
89	57
0	56
18	0
14	1
1	1
3	1
0	2
0	2
0	0
3	0
0	34
0	153
0	256
2	1
2	247
2	2
0	191
41	1
6	1
28	212
4	0
1	10
5	10
9	365
0	13
0	15
36	359
13	155
0	7
0	1
204	28
12	17
0	14
2	115
9	31
0	11
0	9
328	2
0	90
14	5
0	0
7	5
3	5
30	0
9	6
0	2
0	0
0	0
0	0
0	0
0	19
0	27
0	160
0	165
10	165
3	19
2	5
0	4
2	0
1	14
91	26
1017	0
0	22
6	5
0	5
1	2
51	0
0	0
0	3
6	0
315	129
0	129
0	32
0	32
10	2
14	70
1	61
0	69
18	43
4	4
6	2
10	1
0	12
0	9
0	6
0	7
3	9
0	3
0	1
700	0
994	386
0	344
64	154
0	14
0	12
4	3
1	3
51	0
1005	27
0	163
268	195
0	66
0	151
0	170
0	170
68	746
192	746
2	13
478	177
0	16
2	0
0	1
0	4
28	12
2	1
27	3
0	0
27	183
32	8
0	1
1	1
2	7
0	23
25	30
0	25
0	29
6	0
0	0
0	0
0	5
0	5
0	0
2	0
165	9
8	13
3	9
4	9
6	10
0	9
0	3
9	0
6	3
0	0
9	2
2	0
6	0
0	2
0	0
0	4
0	4
0	3
0	0
0	0
0	1
0	1
0	1
0	4
2	0
193	16
5	16
22	4
0	4
0	14
2	46
0	10
0	72
0	72
0	72
3	297
0	299
0	286
0	269
0	159
0	5
0	13
0	0
0	39
0	38
0	38
0	7
117	51
0	45
4	45
63	0
0	0
0	0
0	0
0	0
0	0
3	0
0	21
0	21
0	56
421	117
0	33
3	0
0	0
0	1
0	9
0	8
0	87
0	55
0	109
11	29
257	103
0	55
13	0
211	200
3	171
136	42
0	8
10	0
38	30
0	30
0	0
2	4
0	4
1	61
0	11
23	49
0	8
0	94
20	94
0	118
2	1
12	52
0	19
5	19
0	12
0	2
0	74
0	40
3	31
0	74
0	9
0	3
0	1
0	1
0	0
0	1
0	0
0	1
16	4
0	1
0	3
0	1
0	1
0	0
0	0
9	51
0	51
0	16
220	16
52	552
0	15
0	553
0	12
0	1
8	1
277	0
30	28
0	28
1	22
0	0
7	0
0	3
14	58
0	58
0	49
0	45
29	10
0	24
0	24
0	24
6	15
0	766
0	517
30	238
3	52
139	265
0	82
0	327
4	62
0	427
0	8
0	11
19	11
0	5
47	66
4	23
11	25
9	2
2	41
19	0
3	0
3	3
0	15
0	12
24	21
0	5
0	11
0	11
1	16
0	0
0	0
27	0
41	13
0	13
0	2
29	1
59	32
10	0
4	0
17	23
0	32
0	0
0	6
1	6
2	6
0	6
0	2
0	28
0	28
0	13
0	15
120	15
6	0
4	0
1	0
0	0
29	5
0	0
10	0
0	0
0	189
14	189
153	9
22	16
2	6
0	11
0	1
0	0
0	0
1	0
126	301
31	23
0	310
0	4
9	15
0	4
3	13
5	15
0	1
1	2
0	15
0	5
1	5
0	5
0	27
0	22
117	5
3	0
2	113
0	62
0	113
0	114
5	41
28	42
0	8
0	3
0	5
9	15
0	6
0	1
5	1
0	1
24	9
76	15
0	3
6	1
1	0
8	11
11	6
0	10
528	122
0	93
0	16
0	12
0	33
17	19
12	19
82	16
49	26
0	28
38	30
3	30
0	16
2	5
3	1
0	30
10	0
2	77
13	0
5	40
0	48
55	174
16	0
0	1
0	107
0	113
55	99
0	2
0	0
0	9
0	5
0	2
1	0
0	0
0	15
0	0
0	0
0	0
0	0
0	15
0	15
9	47
0	12
0	0
0	0
0	364
0	0
0	364
0	0
6	1
12	6
0	6
39	112
0	112
2	0
0	0
238	92
0	71
4	64
0	49
0	1
3	1
98	28
1	28
6	0
16	0
1	114
0	6
1	23
13	23
13	58
0	61
33	13
40	48
200	60
174	0
0	16
1	16
11	106
0	109
0	103
4	6
1	0
0	0
0	1
0	1
0	1
10	1
0	0
0	0
0	0
0	0
0	1
2	0
5	0
0	40
161	30
0	40
501	2
14	0
5	0
71	2
2	5
0	0
0	2
237	21
0	19
6	2
0	0
4	0
1	0
0	0
4	12
13	10
0	2
19	5
0	7
0	7
17	0
0	0
130	1905
0	1830
13	5
0	0
0	5
11	7
0	7
0	0
5	18
0	14
0	12
0	15
0	0
1	2
120	0
5	0
0	0
604	25
0	5
0	19
0	3
35	19
0	18
3	18
3	9
15	18
36	5
0	22
2	3
3	22
0	22
0	4
3	4
0	4
48	82
0	4
0	76
50	64
0	64
54	16
621	288
0	288
0	49
7	0
2	1
0	1
2	1
2	17
2	2
58	9
0	18
0	21
0	0
0	0
0	0
62	92
0	17
1	0
0	1
1	1
0	1
0	1
0	1
0	860
0	117
0	82
52	123
0	121
60	60
525	0
134	737
120	1
0	121
0	51
0	31
2	30
1	1
0	31
506	346
0	346
0	0
0	0
1	0
0	5
0	16
307	327
87	194
0	183
7	0
428	383
2	40
0	39
10	16
0	3
0	76
0	76
0	1
0	0
0	13
0	0
0	18
0	18
0	19
0	3
4	0
0	3
0	0
0	3
60	1
0	5
18	5
15	0
0	48
0	48
0	9
836	68
0	63
22	6
0	6
0	4
0	7
0	0
4	0
0	158
5	126
0	100
0	160
0	160
1	159
0	21
0	17
0	16
2	5
1	3
0	16
0	1
0	1
8	1
0	65
18	79
0	111
34	179
0	48
0	20
0	7
0	7
5	0
0	7
136	8
0	6
50	0
0	0
103	10
0	22
7	6
15	24
0	4
24	6
0	44
0	44
0	6
0	5
0	43
0	43
348	1868
72	1875
0	100
64	87
0	5
0	13
0	16
0	16
0	16
0	24
0	24
0	9
0	0
0	27
0	27
0	2
46	41
0	41
35	11
0	26
22	19
0	2
0	0
7	17
2	11
0	9
20	11
0	0
17	96
31	96
13	2
0	2
0	0
1	27
0	26
328	4
7	10
208	126
0	68
0	66
0	31
0	64
0	63
73	63
17	5
0	2
0	1
0	1
0	1
0	62
2	1
7	1
0	11
0	11
0	4
0	4
0	4
0	4
1158	75
3	75
89	7
56	29
13	150
7	189
0	52
0	44
0	0
0	126
1	11
0	51
11	1
0	1
0	0
0	0
0	0
0	0
0	0
0	0
0	0
0	0
2	0
0	0
0	27
0	19
0	10
0	3
0	0
65	28
0	5
0	4
5	21
305	37
0	33
10	100
218	100
0	23
3	2
6	0
13	0
0	54
1	49
5	0
48	131
1	131
4	71
36	51
7	4
109	0
5	114
0	116
0	14
0	21
60	265
6	268
0	249
14	24
0	0
0	109
0	110
0	53
0	110
0	110
0	32
0	99
0	17
5	36
0	53
0	0
0	0
2	9
1	1
0	9
0	9
0	5
2	4
1	7
14	123
41	411
152	411
229	312
26	315
0	8
0	8
17	1
0	0
9	69
0	69
109	39
2	9
81	30
4	0
0	0
0	78
0	78
1	78
1	2
0	3
23	14
0	14
0	4
3	1
3	1
0	1
4	0
32	16
5	19
47	12
0	1
0	5
1	17
2	11
0	11
0	0
0	19
0	7
0	4
9	30
0	0
0	0
0	0
0	0
0	0
0	0
0	0
54	61
368	187
0	168
1	279
0	220
28	168
4	1
9	1
1	0
0	6
67	47
5	4
46	0
53	6
298	387
0	351
0	220
0	21
0	0
452	66
1	81
0	7
2	6
0	31
0	2
0	20
6	20
0	9
1	0
0	9
0	6
0	6
12	9
0	8
0	13
0	13
0	5
0	5
0	0
0	0
0	0
0	31
15	5
0	33
74	0
0	0
81	762
0	762
1	10
0	10
1	0
0	0
0	0
2	0
0	0
8	3
23	275
0	140
0	4
0	6
8	4
0	4
26	4
0	5
0	5
28	9
110	33
0	13
0	9
0	20
0	16
0	576
0	3
0	406
17	260
18	4
0	218
6	1
29	269
1	272
0	576
4	7
134	70
0	66
0	1
0	0
0	0
0	0
5	1
0	0
1	0
0	10
0	5
2	10
0	1
0	31
188	12
4	12
1	13
25	11
168	5
21	5
0	1
0	0
0	46
3	45
1	6
0	5
0	7
0	0
3	7
0	0
63	0
0	0
0	7
0	2
19	54
1	16
0	3
0	54
31	41
7	56
2	11
0	1
5	0
0	0
0	0
0	8
0	6
0	8
0	58
2	0
0	0
0	1
0	1
20	3
56	64
4	72
190	34
0	2
2	0
1	0
0	1
8	8
0	1
1	4
0	30
47	19
43	24
15	20
72	0
0	16
0	59
0	50
0	50
0	1
11	1
0	42
0	42
0	32
0	40
17	45
0	40
0	18
0	5
0	5
0	0
0	1
0	0
0	5
1	4
561	13
0	42
0	42
0	45
0	45
0	45
0	5
0	0
0	0
16	232
0	0
13	249
11	232
23	4
27	31
0	12
7	3
16	2
0	3
3	0
1	25
0	17
11	17
3	59
173	0
4	85
0	85
7	23
0	19
12	67
3	15
349	41
0	0
1	0
0	108
0	153
0	9
0	0
0	0
0	0
3	0
13	0
3	27
0	153
12	13
0	7
0	4
100	74
650	48
0	0
2	22
121	271
0	167
0	99
0	87
0	79
0	21
40	141
0	436
31	37
0	435
14	6
0	3
25	800
0	28
1	83
10	6
40	0
162	94
14	94
0	90
1065	794
237	118
25	142
0	133
13	272
0	3
12	254
0	8
0	0
7	2
10	3
0	10
7	4
0	3
0	3
2	0
0	0
0	0
0	76
283	26
0	0
0	3
2	0
27	1
4	24
0	0
9	97
62	97
89	180
0	180
280	97
0	0
0	0
0	0
29	67
0	41
35	12
85	8
0	1
22	1
0	5
467	100
0	90
14	5
0	1
5	1
3	8
0	0
0	0
0	8
0	0
1	328
20	2
0	8
0	225
0	73
0	4
2	14
0	42
0	32
1	10
0	4
66	0
1	153
1	147
13	22
2	9
1	12
0	84
0	39
0	21
3	0
3	0
36	1
0	0
2	0
91	19
41	10
0	10
25	8
0	8
0	37
102	154
0	31
479	2
0	2
66	12
0	11
0	11
0	11
0	113
679	92
0	22
0	85
2	13
7	4
1	12
0	12
0	13
0	2
25	10
0	8
4	2
0	3
0	12
0	12
628	198
0	21
9	5
25	1
1	200
26	14
5	253
0	11
0	11
0	11
17	2
2	164
0	7
0	9
2	0
0	0
0	2
0	2
1	2
22	7
3	0
0	0
233	16
3	6
0	6
0	0
1	0
1	0
3	2
0	2
29	32
5	29
0	6
1	0
120	0
100	8
31	26
0	22
2	8
0	5
0	6
0	6
0	6
0	6
0	6
0	6
0	6
0	6
0	6
0	6
0	6
0	6
0	6
0	6
0	6
4	0
6	5
3	1
1	0
35	3
0	8
471	780
6	2
0	21
49	1
81	7
25	0
0	769
15	0
3	49
0	49
0	12
0	2
0	23
0	23
0	23
0	23
3	21
2	0
0	21
0	23
0	23
0	19
0	19
47	114
0	87
4	65
20	6
0	17
15	47
144	47
12	9
398	544
24	522
0	22
10	0
3	22
348	294
0	2
10	268
0	239
0	157
0	111
23	114
3	0
2	0
5	0
0	3
2	69
9	8
12	7
4	169
0	162
0	0
0	0
866	2876
0	2878
5	1235
0	1227
0	3
21	0
0	7
284	1
74	1
0	43
0	9
12	9
0	9
1	9
0	1
0	11
0	0
47	50
3	40
29	15
117	178
0	56
102	418
34	47
0	72
93	117
0	37
0	115
129	0
6	0
0	10
0	10
0	4
0	3
0	3
8	26
158	0
100	55
47	55
4	1
104	14
0	2
2	0
1	0
1	0
5	4
7	0
12	0
2	0
163	79
4	76
4	0
9	0
5	3
2	3
142	194
0	189
0	193
3	189
11	134
0	84
0	1
10	0
134	13
62	8
1	38
1521	212
29	28
0	11
0	2
0	2
0	2
0	3
0	0
9	174
21	44
0	0
0	44
3	0
0	44
106	278
2	278
13	243
29	55
1	0
0	0
0	55
68	0
15	1
0	1
586	5
55	7
0	0
1	2
0	0
0	0
1	5
10	60
0	60
65	48
0	43
0	7
0	10
125	201
88	183
0	162
327	47
53	16
9	0
135	3
9	3
14	20
0	7
0	15
10	0
1	123
4	123
29	13
0	11
0	11
0	2
0	0
0	2
0	0
0	1
0	1
0	1
0	1
16	1
0	1
5	1
5	2
0	2
11	51
0	55
0	55
19	37
139	47
53	47
0	1
0	0
1	0
0	0
0	0
1	0
0	0
109	1
2	0
0	0
24	111
0	106
250	5
18	0
8	7
4	5
0	6
92	455
0	28
0	32
0	455
0	221
0	19
0	3
18	58
2	0
0	27
0	0
0	182
0	8
0	42
0	0
192	27
130	12
0	12
163	147
87	185
0	16
31	53
15	7
0	44
1	16
141	321
0	117
4	1
89	0
4	0
3	0
0	293
6	45
0	31
0	16
2	0
9	18
0	0
3	0
7	24
0	0
0	7
0	0
0	0
0	0
0	14
0	0
0	0
0	0
0	1
0	0
7	14
0	7
120	1
0	1
151	206
174	34
2	24
0	206
0	2
6	3
10	10
17	9
0	0
0	0
0	0
37	0
0	1
0	1
5	25
4	25
1	3
26	20
0	5
538	5
0	2
1	2
0	3
1	3
9	80
166	90
0	1
0	0
2	5
0	119
18	69
22	72
20	37
4	0
0	0
0	0
0	8
0	302
0	302
0	302
0	36
0	6
0	3
0	286
0	286
0	286
0	286
0	286
6	270
1	0
2	226
1	17
1	1
18	1
3	1
0	276
0	276
539	36
17	25
5	4
0	4
8	0
0	0
152	81
0	34
0	78
0	23
0	23
0	11
3	336
0	8
0	8
0	337
13	333
0	0
4	21
4	21
0	21
0	21
0	21
1	21
156	84
0	84
11	9
0	1
0	9
444	1
0	2
2	0
0	0
0	0
0	9
0	0
0	0
6	40
0	9
1	3
0	5
0	2
0	2
22	21
0	21
0	9
44	30
0	35
0	65
26	47
175	59
59	350
0	356
0	323
570	282
1	209
0	2
4	2
15	421
0	175
0	415
0	170
0	50
1	25
0	2
2	2
0	0
1	25
1	0
8	0
3	0
0	0
0	0
9	0
51	7
0	36
0	36
0	36
81	166
0	525
0	22
14	11
0	321
13	346
0	358
44	365
0	37
0	34
0	34
0	37
0	34
0	34
0	3
24	4
7	17
0	13
4	3
2	1
0	1
1	0
0	0
0	0
0	18
0	3
10	2
0	76
0	76
5	8
18	8
19	7
3	1
0	2
171	37
73	14
0	23
0	37
49	1
0	0
14	8
0	7
3	7
22	0
9	7
0	0
0	1
1160	40
4	15
0	29
3	5
0	98
24	5
0	32
0	14
1	23
0	14
0	2
0	2
0	0
0	0
0	0
0	0
0	0
0	29
0	36
0	36
0	35
0	37
0	36
1	37
0	35
0	34
0	36
2	52
35	70
8	64
4	3
0	0
18	1
100	0
0	2
8	4
0	0
0	4
0	4
0	4
0	0
934	19
3	19
26	17
0	84
0	100
6	100
0	84
8	85
0	15
11	1
0	17
0	17
5	4
156	69
4	59
3	3
3	1
13	11
0	10
1	12
0	15
4	27
3	2
5	5
0	13
11	0
9	10
0	10
0	10
12	4
0	4
28	11
0	6
14	0
0	5
4	16
0	16
3	0
2	0
0	0
0	0
0	0
0	10
4	10
0	10
2	10
0	10
0	10
9	10
0	0
0	0
0	3
3	0
72	72
1	59
0	35
0	3
0	17
0	3
5	1
0	1
0	1
0	3
0	41
2	10
22	7
16	30
0	20
0	17
9	177
5	177
4	1
107	166
3	0
1	0
0	3
2	2
5	5
3	3
2	0
0	4
3	159
79	60
0	60
394	482
39	459
5	441
0	12
33	8
108	46
69	227
0	218
39	52
0	131
0	49
11	15
22	17
61	17
0	2
0	2
11	0
0	1
0	4
0	3
0	0
4	19
146	349
0	5
0	349
9	28
0	28
0	3
0	14
0	2
15	2
12	196
0	2
0	196
18	7
8	1
0	126
3	126
0	125
0	104
25	125
3	30
0	16
10	22
0	19
10	14
0	6
42	0
0	0
135	27
0	27
5	93
0	99
0	17
3	6
0	7
15	23
0	13
0	11
0	33
0	33
0	33
0	33
0	12
7	15
0	17
0	12
38	2
0	0
5	0
0	107
154	22
0	106
0	14
0	5
3	5
0	0
8	0
59	69
35	136
92	160
3	112
0	153
0	100
0	69
114	15
24	31
87	124
0	12
0	17
0	6
71	3
0	1
6	92
0	9
23	93
0	79
1	2
119	207
14	0
124	301
44	20
0	1
0	2
5	2
1	294
0	174
0	64
0	53
0	58
9	73
1	6
2	1
0	0
1	59
0	73
0	56
0	2
44	45
0	25
0	11
0	154
2	157
0	154
3	0
0	0
12	6
14	0
171	225
11	225
0	2
0	21
19	0
11	108
28	29
0	20
8	27
2	14
23	3
23	25
1	78
138	70
0	67
10	16
1	0
0	0
13	109
0	109
1	71
0	123
0	4
0	67
0	50
0	105
0	103
0	0
0	2
0	43
0	44
0	38
2	0
0	0
4	1
0	1
33	8
21	4
0	0
6	12
101	50
35	8
4	32
0	25
0	25
0	49
0	25
162	2
0	74
0	50
34	20
0	10
35	0
0	4
0	4
0	0
0	0
0	0
0	4
6	25
5	25
0	14
594	32
2	8
0	4
0	1
0	20
3	14
0	17
2	11
2	0
1	8
0	0
0	11
1	22
0	5
0	2
0	14
1	5
0	0
2	1
36	23
0	5
37	30
0	30
17	17
14	0
10	0
3	0
0	11
0	11
52	55
0	53
0	4
0	0
0	2
10	2
428	2
10	55
0	55
0	32
0	40
43	28
0	16
0	9
0	26
32	9
0	4
12	13
10	11
65	40
0	3
276	5
44	81
10	80
0	12
1377	359
13	208
0	148
107	51
0	61
0	45
0	34
0	41
0	34
0	7
0	4
108	17
0	2
1	2
70	8
2	8
0	1
0	1
0	1
0	0
14	1
1	10
0	20
69	41
1	28
0	0
0	3
0	0
0	4
792	370
24	370
5	60
0	58
0	13
2	0
36	15
3	0
0	2
12	18
2	19
0	4
2	18
0	1
0	42
0	110
84	48
81	37
214	36
0	7
4	2
0	0
1	2
0	10
0	1
0	2
0	11
0	11
0	10
171	1114
5	1120
7	464
20	222
1	0
32	2
0	1
4	0
0	0
0	1
1	2
5	2
203	28
4	28
0	76
217	78
133	61
0	0
41	2
1	15
8	0
0	0
0	46
0	40
0	7
0	0
0	63
0	80
0	335
0	1
2	1
4	0
1	0
1	3
8	30
5	20
0	29
0	332
0	112
0	112
96	108
230	181
0	180
0	4
0	21
0	9
119	278
0	278
0	257
0	264
38	243
125	217
0	231
0	20
0	1
34	7
105	101
0	76
0	101
1	2
5	2
14	577
0	575
17	632
43	639
0	537
0	386
74	359
0	2
15	3
0	2
47	46
0	0
0	0
15	0
0	15
257	10
0	1
2	6
10	9
294	55
0	55
0	8
0	0
8	0
1	0
1	15
0	8
0	1
1	8
9	0
0	8
0	2
0	0
0	7
0	0
0	1
0	0
34	28
0	7
142	0
3	92
241	9
24	6
5	9
0	9
0	9
0	9
1	1
0	0
0	0
0	3
0	0
0	0
5	3
10	5
0	2
134	43
0	31
25	14
2	17
0	12
4	1
1	1
0	1
0	45
0	1241
0	1241
403	1
13	1
0	0
0	0
0	0
0	0
0	0
0	0
1	0
0	0
2	19
0	16
0	16
0	16
0	16
0	16
0	8
5	22
0	0
6	0
58	441
29	417
0	102
18	1
0	273
2	0
1	165
1	164
59	165
6	21
9	6
0	4
0	3
0	13
0	13
0	13
3	0
11	6
0	3
0	3
9	19
0	16
2	12
0	1
5	0
0	0
29	266
0	173
0	133
0	102
157	195
0	0
0	0
1	8
0	8
11	25
1	25
1	0
0	24
7	24
0	7
0	0
0	10
0	10
116	77
0	48
0	25
0	17
0	19
0	6
0	0
0	0
0	0
0	0
0	1
3	3
0	2
8	7
0	1
6	1
0	79
0	24
0	24
7	9
16	12
0	25
21	22
0	0
1	3
1	22
0	66
0	66
0	53
208	53
0	4
2	4
2	2
1	0
0	1
0	2
2	2
0	2
145	69
0	68
5	69
0	16
17	20
2	1
0	20
137	241
12	210
7	4
0	4
0	236
0	236
0	236
33	236
0	10
0	5
8	11
0	3
0	0
0	8
0	4
0	20
2	8
0	15
23	27
0	32
6	8
0	7
0	1
1887	0
0	38
0	37
0	9
27	1483
0	36
9	1483
0	15
16	36
57	36
13	76
0	76
0	0
1	4
15	268
23	256
28	255
7	268
3	39
0	12
0	4
3	27
4	17
7	17
5	6
0	6
16	276
0	272
141	14
0	14
0	35
0	13
0	275
0	4
0	13
0	13
0	10
88	10
0	10
0	9
0	0
0	1
16	1
0	24
0	23
0	119
0	26
0	0
5	0
0	0
0	36
7	36
11	7
0	2
0	7
27	9
0	0
0	14
3	0
9	6
7	1
0	16
0	26
65	26
0	16
0	7
1	0
2	0
4	0
3	1
41	2
0	2
0	0
82	41
22	13
0	40
140	81
0	81
2	0
0	20
0	0
0	27
4	0
352	3
0	3
147	35
7	30
0	25
0	24
672	30
4	0
0	9
0	9
0	8
0	6
0	0
0	3
0	3
0	7
3	8
0	1
0	3
0	3
2	0
0	3
43	14
0	14
1	0
96	1
2	1
21	1
8	0
0	29
0	34
0	28
0	32
11	418
60	418
0	0
0	0
29	460
25	16
35	460
8	5
1	0
3	6
0	1
5	0
0	20
0	12
19	8
0	1
0	8
5	0
0	8
0	13
0	0
2	2
3	7
0	0
3	0
1	5
0	1
0	0
2	0
0	0
6	6
0	6
310	84
0	84
18	0
2	3
0	20
0	18
6	17
37	152
0	7
0	7
0	11
88	1
0	9
0	1
2	0
0	1
0	1
0	0
0	0
0	5
0	10
1	8
1	2
0	0
0	2
568	0
2	0
0	18
0	15
0	20
0	7
13	3
19	0
1	0
52	0
0	42
0	61
16	49
2	9
0	5
0	4
0	15
0	11
0	2
0	14
771	42
311	23
1	2
10	21
1	44
0	44
0	5
3	1
29	25
0	27
0	27
17	15
0	1
11	1
7	3
0	3
0	5
0	112
0	42
3	104
0	113
3	0
1	7
35	43
0	43
8	124
0	105
2	92
28	0
0	63
0	63
0	4
4	4
12	0
133	83
47	83
106	544
14	486
93	544
95	74
354	548
0	558
0	4
0	4
0	5
0	5
0	3
0	2
0	3
596	288
5	249
3	205
19	85
568	55
0	17
38	483
68	2
0	480
9	80
0	6
12	10
2	10
0	10
29	31
0	14
0	17
0	17
0	15
3	2
0	1
0	1
14	85
0	89
3	0
0	49
0	44
0	46
0	3
1	10
0	10
39	12
32	93
10	68
0	2
0	2
8	2
8	5
1	29
0	29
52	394
3	338
0	56
0	27
13	308
0	3
0	115
39	115
0	20
0	23
0	5
24	0
12	18
0	1
36	149
86	240
0	96
0	0
0	7
0	6
0	2
16	12
38	320
0	356
23	337
0	358
0	1
125	29
60	29
4	17
0	0
5	0
0	0
0	0
0	0
0	0
0	0
0	0
0	0
0	56
365	63
0	9
0	8
0	52
0	15
8	4
5	0
6	0
50	11
0	8
21	33
46	15
0	0
5	224
0	155
0	15
18	48
62	175
1	43
0	24
0	19
0	38
0	53
80	104
0	21
0	21
0	20
27	142
0	25
0	139
60	10
0	24
0	9
0	32
0	91
0	21
1	19
9	12
5	12
0	4
49	0
1	1
0	1
0	184
2	184
0	75
19	109
0	109
20	7
0	6
0	0
1	1
0	1
23	3
0	9
0	9
4	3
0	4
22	0
0	77
0	10
0	69
0	9
1	2
9	0
0	118
0	70
57	162
6	18
78	11
162	83
0	21
5	23
0	18
0	65
8	60
0	60
29	0
25	14
0	2
3	2
0	0
182	0
0	0
20	0
7	0
61	0
0	123
0	6
6	2
0	2
6	21
25	26
0	19
68	235
0	48
0	5
2	0
0	71
0	71
2	58
0	0
0	0
0	0
0	0
2	0
8	6
0	0
0	0
160	11
109	10
17	9
1	0
0	22
0	22
21	8
173	8
0	13
0	13
0	8
995	211
12	134
6	88
3	83
7	25
0	1
149	28
0	56
0	57
108	16
0	1
84	20
94	5
45	32
0	170
410	136
0	136
7	18
0	18
0	18
0	18
0	18
0	18
0	14
4	3
0	0
0	0
0	0
0	1
38	57
6	54
0	34
0	3
0	31
466	33
8	24
0	9
36	216
0	216
6	0
1011	3
8	0
0	52
0	52
46	28
0	22
0	40
119	93
3	92
4	55
0	53
0	0
0	0
0	0
1	0
0	2
4	1
65	29
43	26
233	51
0	51
0	24
0	0
446	8
0	2
32	16
0	15
1	1
0	0
0	0
0	0
0	0
227	529
22	571
50	43
10	0
0	43
92	58
41	52
185	140
0	140
3	0
0	0
0	237
0	138
0	92
0	91
0	51
0	54
0	63
0	56
0	53
0	60
88	44
5	20
0	12
69	32
0	0
0	25
0	20
198	52
315	92
0	20
82	23
0	23
0	19
23	0
1	0
0	290
0	274
0	237
13	22
0	22
7	0
0	33
0	23
0	23
0	15
1	15
0	9
0	0
1	0
1	0
0	34
8	0
17	0
9	0
0	0
3	0
0	0
0	411
28	404
38	53
0	0
0	40
0	0
8	327
13	54
4	0
0	0
365	996
8	1030
11	676
0	47
182	71
0	56
3	0
3	15
101	0
47	48
0	43
0	5
2	28
0	5
8	10
6	11
5	3
0	5
6	3
1005	3
5	3
0	0
49	0
114	0
1	140
0	138
3	86
7	3
6	61
0	40
6	0
4	3
1	3
535	0
0	0
309	184
5	184
11	2
51	2
0	0
0	0
0	0
0	0
0	0
0	0
0	153
40	152
8	0
101	0
0	33
2	95
0	65
51	130
0	55
0	6
0	5
18	0
30	0
0	4
24	8
9	3
0	75
12	3
1	5
2	7
30	0
0	0
2	5
0	5
0	5
0	5
0	5
0	0
15	5
0	5
0	5
0	5
0	5
2	0
0	6
0	28
0	23
0	17
0	10
0	15
0	10
0	15
0	15
0	15
0	15
0	15
0	15
0	0
0	0
0	0
210	682
0	549
0	647
0	682
0	827
0	385
0	267
0	216
16	608
7	0
1	16
3	22
0	9
0	9
65	0
176	81
23	43
0	0
102	38
0	8
1	9
0	18
54	77
5	0
0	69
0	28
52	0
0	28
0	1
0	0
0	1
0	10
13	117
0	17
115	0
116	83
0	83
0	0
0	1
0	0
0	1
0	0
27	0
4	28
0	24
0	14
0	1
0	1
0	1
0	7
4	23
0	0
1	0
0	7
2	0
0	3
0	0
0	1
3	0
2	1
9	1
0	0
0	0
54	114
32	0
0	24
10	14
4	13
0	10
0	13
9	10
3	21
0	13
0	8
0	177
0	199
143	174
0	196
0	6
0	6
8	19
16	10
10	3
283	96
5	96
0	0
0	0
7	88
0	110
0	61
523	61
28	5
15	17
0	12
0	74
6	23
0	9
0	11
0	21
46	76
0	84
0	15
0	17
49	71
0	10
100	517
0	1
0	1
0	28
468	0
187	0
101	73
24	65
0	68
0	0
0	0
0	4
5	6
57	4
0	2
0	1
0	1
47	24
0	2
23	7
0	7
25	4
28	21
0	21
0	19
0	19
0	2
2	4
3	0
0	0
0	0
0	0
0	9
41	9
0	2
3	3
0	3
0	1
0	1
42	2
2	0
14	136
17	21
23	14
0	143
0	0
0	0
0	195
6	195
0	45
0	0
1	0
41	7
559	107
0	43
0	2
41	0
40	3
0	3
0	14
1042	14
0	154
0	6
0	5
0	7
0	140
0	20
0	15
0	12
0	16
0	15
0	154
0	13
0	22
19	0
0	45
0	177
129	181
0	146
3	6
0	29
0	6
0	3
0	0
0	0
0	0
4	80
17	91
0	0
0	23
11	23
0	56
1	19
28	53
0	654
0	653
10	554
0	553
0	553
0	1
97	100
12	59
0	139
3	16
0	15
0	0
0	3
0	8
1	3
26	0
0	0
24	14
3	0
39	37
0	31
0	45
49	10
0	10
0	0
0	34
0	34
104	195
36	199
0	19
372	19
31	47
0	47
0	52
3	28
11	0
0	209
0	209
0	52
71	145
0	175
0	137
0	167
0	9
0	9
0	9
5	687
5	0
0	9
19	494
0	330
0	5
5	202
14	672
31	455
59	47
0	42
4	9
0	7
2	5
0	37
157	90
69	37
345	87
3	5
0	5
2	5
0	0
15	0
2	0
0	0
358	67
13	43
0	80
68	1251
0	1251
0	596
199	604
0	12
98	18
39	9
8	11
0	6
2	0
0	0
0	7
38	352
0	0
0	8
0	75
0	14
14	45
0	8
0	0
7	0
0	71
20	329
6	0
0	21
0	19
4	20
7	41
0	41
5	7
40	24
0	0
1	4
0	0
0	22
10	25
0	0
0	10
0	9
0	84
31	46
748	111
2	33
26	100
13	33
123	621
12	18
0	0
131	828
0	1
98	248
25	2
42	2
0	0
0	2
3	16
0	2
0	2
0	12
0	4
3	40
62	40
4	14
64	36
8	22
0	1
7	1
15	6
20	10
0	2
1	2
0	6
0	5
0	5
45	8
0	8
0	1
0	9
0	9
0	3
5	3
0	3
1022	0
0	7
0	2
0	4
0	2
5	0
0	84
0	77
5	158
0	62
0	65
1262	243
0	1243
0	1243
0	1243
0	14
0	0
0	0
0	0
0	0
0	0
0	0
0	0
0	0
0	0
0	0
0	0
0	0
36	0
0	2
0	0
4	2
5	3
8	3
0	1245
0	1245
16	10
0	10
0	10
25	4
1	4
11	44
14	13
1	0
0	0
0	31
20	9
0	9
0	40
31	40
6	7
7	22
0	32
5	12
0	9
73	2
7	2
0	48
0	17
0	48
23	51
2	3
0	1
80	10
0	28
11	46
0	17
0	17
0	17
0	1
5	18
0	28
0	0
16	0
0	0
0	0
1	31
0	31
0	5
0	116
0	89
0	14
47	14
0	87
327	236
0	13
0	0
0	154
5	128
323	48
613	330
15	284
0	0
3	0
47	19
0	6
0	0
3	13
0	10
0	0
0	9
0	9
0	13
0	13
0	0
0	0
0	13
0	5
0	0
0	0
0	0
0	2
0	13
0	13
6	0
5	0
8	4
9	15
0	23
0	12
2	21
37	28
0	12
6	20
640	88
0	88
55	661
88	49
0	13
0	3
0	3
0	49
0	0
3	0
27	561
102	8
6	8
4	0
1	2
0	0
0	50
1	23
0	22
1	0
0	0
0	0
8	36
0	21
0	28
0	7
0	6
0	0
0	0
0	0
0	0
0	1
2	1
0	3
16	0
48	58
0	0
3	31
13	23
1408	455
10	0
84	3
0	5
0	2
0	1
0	3
0	1
6	5
0	5
0	1098
9	1098
13	334
1	3
421	39
0	39
0	7
0	0
15	0
4	0
210	165
6	2
0	1
0	0
0	1
0	1
0	1
0	0
0	0
3	0
0	0
0	0
0	19
19	0
0	19
0	19
0	21
1	1
0	1
0	1
0	1
0	0
0	22
0	22
2	5
0	7
0	0
3	21
2	0
127	52
13	4
0	84
10	72
0	71
0	59
0	69
2	0
0	3
47	28
0	0
0	10
0	10
14	6
0	10
0	10
0	10
0	10
0	10
165	0
124	0
0	0
4	0
0	19
0	0
0	5
0	14
8	18
0	3
16	3
27	0
0	20
4	20
0	0
0	3
0	3
0	3
3	33
80	47
0	4
10	4
0	18
0	17
0	19
0	16
6	6
34	19
2	3
0	1
0	40
0	39
0	56
0	91
0	205
93	189
1	12
0	12
0	48
1	41
12	11
125	38
22	4
49	25
8	11
0	20
0	5
285	145
438	97
0	143
0	74
9	1
0	23
0	23
0	23
0	23
0	22
0	22
0	22
0	22
0	22
0	22
0	22
0	1
11	1
0	1
0	3
0	22
0	878
2	878
0	1
0	1
0	1
0	1
0	0
0	1
14	14
0	75
2	75
0	20
13	9
4	26
0	75
0	64
0	46
0	77
1383	102
0	103
17	0
13	3
0	3
1	2
0	2
0	67
0	79
0	94
11	1
0	0
0	0
64	180
0	194
0	51
16	61
0	8
71	39
0	59
0	1
0	8
22	12
3	0
2	1
0	1
0	2
0	15
0	1
3	1
0	1
0	1
0	0
328	71
0	53
0	30
0	11
0	11
0	2
15	1
1	12
11	18
2101	129
34	0
64	798
0	798
0	784
0	8
0	8
0	641
0	641
2	1
0	539
3	24
0	128
8	0
27	40
3	40
0	30
1	0
9	30
0	2
8	3
0	0
0	0
0	0
24	364
0	361
6	123
0	5
5	0
9	0
0	4
18	0
0	12
4	3
0	0
969	16
0	0
0	0
3	0
0	0
0	4
2	3
0	8
0	12
1	4
0	10
21	573
7	9
2	369
108	579
68	136
2	3
19	0
53	83
3	0
20	52
159	58
0	47
0	10
0	0
208	20
480	440
16	440
102	237
0	231
1	237
0	226
0	212
17	26
7	226
28	189
0	226
0	226
292	506
594	74
6	0
3	2
0	76
0	0
0	0
1	0
0	15
13	15
3	21
0	7
7	9
55	533
119	22
7	3
13	18
204	191
129	519
5	24
2	2
17	0
3	0
0	5
0	18
28	25
0	24
38	19
0	2
0	15
2	0
5	1
1	1
0	0
17	1
15	1
0	1
0	1
0	1
23	2
0	1
0	0
0	0
0	0
0	0
0	0
0	0
0	0
0	0
0	0
261	12
0	12
0	2
43	15
25	42
30	43
0	26
2	33
6	21
0	21
0	0
0	4
3	2
0	3
1	5
5	1
0	4
0	3
4	5
0	5
31	45
0	39
0	1
0	0
1	6
14	13
0	13
2	2
0	273
0	114
0	16
0	16
29	0
33	16
0	0
0	0
9	3
57	4
1	13
0	0
0	3
0	275
13	0
79	1
0	1
3	1
0	21
6	3
0	8
0	11
0	11
0	11
0	11
7	11
7	11
0	155
0	155
0	1
0	1
0	0
0	46
0	155
0	45
0	45
0	0
0	0
0	8
0	8
4	0
208	148
0	146
32	77
0	45
0	36
3	32
0	9
54	62
0	55
2717	0
116	1
20	10
0	10
34	9
9	392
172	392
15	27
0	0
94	25
0	1
5	2
0	1
7	2
0	2
0	2
0	1
0	0
43	90
3	106
3	16
9	57
10	108
0	118
0	1
0	94
0	19
0	0
0	3
47	332
652	389
0	1
1	1
1	1
0	389
0	383
5	0
0	151
9	151
0	3
0	9
0	9
0	9
4	2
15	43
0	28
0	41
41	24
0	24
6	3
1	49
10	17
6	45
12	16
56	55
41	49
135	82
18	6
3	76
391	97
4	72
7	0
0	0
0	0
0	0
0	0
0	13
19	2
56	18
0	7
28	0
0	8
4	14
0	12
15	5
157	0
59	12
1	24
35	24
2	9
0	0
26	236
15	31
2	5
9	8
377	8
0	3
0	0
0	0
5	4
0	24
0	22
0	13
0	13
6	10
0	1
0	3
8	38
0	3
0	0
11	0
3	20
0	12
0	5
44	36
0	29
1	9
0	0
0	7
6	0
46	226
0	166
23	72
547	58
90	58
2	75
96	60
0	7
333	349
57	370
0	2
0	19
0	0
19	28
0	0
0	1
0	3
0	0
1	0
117	385
48	105
68	387
0	0
0	63
48	16
0	21
0	56
0	60
2	0
5	2094
0	2111
23	1807
0	426
0	1401
0	1
4	241
14	228
54	188
0	2
7	2
73	421
0	418
3	0
0	0
0	417
0	2
3631	129
0	6
0	19
0	0
4	0
6	16
3	123
0	0
0	1
0	1
20	110
0	70
1	106
4	0
0	0
0	36
3	6
0	15
0	0
0	15
25	3
0	1
0	0
0	2
55	0
0	0
26	0
0	0
2	9
0	12
87	1
136	113
5	106
0	5
0	2
17	4
0	3
5	1
1	1
103	1
2	1
0	0
3	0
2	29
5	1
0	5
333	536
111	536
22	7
4	12
0	12
99	17
0	12
0	5
0	2
0	0
0	0
0	3
24	0
0	2
0	26
31	48
0	12
3	12
0	26
0	26
32	109
0	59
0	43
1	45
0	49
11	4
19	66
99	0
58	16
64	448
0	1
84	3
1	0
1	0
1	3
9	132
7	130
0	130
12	52
51	639
16	7
27	2
41	12
13	49
146	41
0	4
135	8
0	9
0	10
4	1
0	0
0	1
0	19
0	50
0	1
9	0
0	10
1	10
12	9
294	189
0	151
17	87
0	104
12	344
877	344
0	8
5	115
0	48
0	39
0	39
417	1
22	0
0	0
0	1
2	0
0	0
2	0
0	25
0	25
0	5
0	7
4	53
0	9
8	42
0	42
0	42
0	238
178	233
11	1
0	2
1	4
27	7
0	4
0	1
0	6
13	6
0	12
0	12
0	9
5	10
54	0
0	1
4	27
0	1
17	5
26	1
0	15
0	12
8	13
0	6
9	4
0	9
6	266
1	39
9	19
4	5
5	11
0	18
19	63
0	63
0	43
114	283
3	4
0	285
1	149
4	0
63	15
0	0
1	2
0	15
92	6
30	17
0	13
3	3
0	4
36	15
320	41
0	31
0	28
7	28
0	0
0	24
28	55
0	31
0	11
0	6
0	5
0	3
0	2
0	1
0	3
31	45
0	32
488	197
0	167
0	1
5	0
117	115
2	111
0	2
0	2
13	0
0	0
29	0
0	3
0	21
0	0
0	0
4	0
0	0
0	0
0	23
0	2
85	602
35	608
24	0
38	44
7	14
0	1
0	12
0	8
0	2
0	15
0	59
13	29
14	71
5	12
47	29
0	21
11	18
584	70
0	22
44	11
0	6
0	5
0	5
0	5
0	5
0	5
0	5
0	5
0	5
0	5
0	5
0	5
0	5
0	5
0	5
0	5
0	5
0	5
0	5
0	5
0	2
0	1
5	0
0	1
20	0
0	0
1	0
1	0
0	11
0	5
0	6
0	6
0	5
0	11
0	5
0	5
0	11
51	4
2	0
0	1
0	2
0	1
0	1
1	1
12	0
2	0
10	265
7	124
0	265
0	3
10	0
0	0
0	0
0	6
7	40
0	29
18	21
59	21
0	74
0	26
0	0
0	0
0	2
0	74
22	11
0	5
0	5
42	76
223	76
5	219
0	265
0	198
167	179
1	204
30	231
0	0
0	0
0	6
57	220
0	236
0	27
6	0
1	0
0	2
0	3
0	107
453	92
0	92
0	7
54	125
2	0
0	3
11	15
39	125
1	0
13	69
0	53
0	52
25	15
0	25
0	26
0	47
4	16
0	5
3	0
0	1
748	56
0	53
31	0
78	0
0	42
40	145
19	1
0	0
3	15
9	4
0	2
0	14
0	4
120	44
0	12
5	88
138	335
0	77
0	187
0	2
0	57
18	48
16	247
109	247
0	1
0	0
2	6
0	6
0	6
0	0
1	0
24	0
4	64
0	9
0	10
5	10
6	18
3	1
6	1
34	56
0	21
0	55
0	2
0	0
14	0
0	8
1	1
11	1
0	1
0	75
0	63
0	72
4	0
0	15
8	0
0	51
0	50
0	0
0	45
0	0
1	46
0	0
0	0
0	0
0	29
0	0
0	12
1	37
0	0
0	0
0	0
0	0
0	0
0	0
0	45
0	0
0	0
0	0
0	39
0	3
0	3
0	45
0	931
0	902
0	842
287	109
12	101
57	129
31	66
1	78
0	6
1	2
1	1
0	1
10	8
43	0
0	20
3	20
0	0
0	10
55	287
0	282
0	280
0	7
22	767
4	93
0	93
0	22
43	50
7	63
1	0
0	13
3	32
13	12
0	2
6	7
9	5
0	1
0	1
2	34
0	3
14	198
0	188
308	219
0	203
0	172
38	20
0	5
15	8
6	0
53	4
16	11
129	175
6	38
0	4
1	31
0	44
0	4
0	0
0	4
8	18
0	2
1	0
0	2
0	2
8	0
0	31
0	0
25	43
0	1
26	2
11	0
1	21
0	65
0	180
0	9
158	157
1171	256
3	94
0	236
326	28
0	22
0	5
0	3
3	191
7	174
0	4
0	48
5	10
97	119
87	563
246	9
78	18
2	1
0	18
6	11
0	0
0	0
0	0
3	17
3	15
0	17
1	18
0	18
0	8
35	47
21	5
0	0
25	1
3	42
1	0
25	0
434	1718
37	617
29	592
0	564
0	562
0	4
0	6
3	0
1	49
31	23
0	3
0	6
0	6
0	14
8	13
0	3
0	0
36	20
0	26
0	8
0	8
0	8
0	0
2	18
43	10
1	1
49	4
1	0
0	0
1	0
0	0
0	4
1	0
9	4
2	1
5	0
2	34
0	34
0	13
1	31
0	9
0	9
0	9
0	9
0	9
0	9
0	9
0	9
0	9
0	9
0	9
0	9
0	27
0	25
5	10
0	5
0	8
0	0
0	0
0	0
15	246
0	210
0	78
0	38
0	35
0	35
0	15
0	18
5	2
0	0
0	0
0	0
0	0
22	212
1	0
38	4
0	75
0	78
0	78
21	21
0	12
0	25
1	0
0	0
0	25
649	0
73	2
22	4
2	0
705	99
0	98
0	75
6	2
11	4
2	2
1	10
0	10
0	3
0	3
29	5
3	20
0	93
0	93
12	19
10	2
0	1
0	19
1	0
153	0
0	3
0	2
0	2
1	2
0	3
0	2
0	2
0	2
0	0
139	0
7	11
7	0
125	1241
0	431
2	0
7	0
3	0
36	1
0	2
155	2
0	2
0	2
14	0
104	65
0	65
3	17
0	4
94	27
0	27
67	18
31	23
58	0
3	7
0	7
0	4
7	0
3	9
6	2
250	6
2	1
9	3
0	5
15	10
3	25
54	25
2	11
0	1
0	1
31	0
0	0
1	0
3	0
0	63
2	9
0	9
0	23
1	44
32	26
0	26
0	24
0	0
0	24
0	8
180	24
0	24
2	0
720	117
0	103
0	80
1	26
0	36
0	23
0	24
0	13
89	0
0	9
0	0
5	8
0	12
0	13
1	3
0	3
0	0
0	114
0	100
11	15
0	5
0	5
0	4
0	5
0	0
0	9
0	0
0	8
0	8
0	0
0	0
0	0
0	0
0	33
123	579
38	138
72	450
0	223
0	112
0	105
72	423
0	75
0	75
635	714
0	625
0	298
0	301
0	282
8	253
28	256
0	1
11	2
6	15
0	10
0	2
85	767
0	48
145	124
0	33
0	51
0	31
0	28
0	4
0	51
0	0
0	0
0	0
0	119
12	107
2	2
0	34
0	0
2	0
7	0
1	0
0	2
0	105
0	0
44	2
0	1
11	1
75	80
97	84
1	6
0	11
0	65
0	9
0	12
1	6
6	9
34	17
0	17
0	5
0	1
0	0
548	1
10	1
3	0
12	12
0	12
2	0
14	6
324	17
845	7
0	2
52	362
0	362
0	363
0	363
0	1
0	1
14	0
0	6
0	6
0	6
0	2
5	0
90	0
7	2
21	27
16	11
0	9
0	11
0	1
0	6
0	6
69	64
27	48
1	3
33	309
0	309
0	309
6	297
38	297
0	281
0	287
0	0
0	0
0	0
0	6
0	6
1	0
0	0
0	0
0	7
0	7
0	7
0	7
2	0
0	2
0	0
2	0
0	2
7	2
302	22
0	49
9	20
0	26
0	25
0	43
0	26
0	42
0	5
1	0
0	17
2	0
0	15
0	1
30	19
0	13
32	74
0	8
0	7
227	4
0	0
0	8
0	0
0	6
0	0
0	2
0	73
0	5
8	4
0	24
0	3
3	1
10	14
0	71
3	12
0	49
0	24
0	9
6	9
297	257
0	5
165	323
0	17
0	133
0	26
0	229
0	5
1	1
4	0
0	19
0	248
0	26
22	8
26	11
73	19
0	7
2	11
0	37
1965	43
0	12
0	6
0	43
0	8
0	8
729	48
109	1
1	3
28	55
0	8
0	49
0	25
2	25
14	3
0	3
60	4
1	0
7	0
0	4
32	43
17	92
0	29
9	54
0	16
0	13
5	9
0	15
24	29
0	3
0	5
0	2
0	1
0	0
0	3
0	1
23	13
22	8
0	0
5	9
2	902
2	884
86	95
59	107
0	50
17	35
0	0
8	2
57	35
0	33
178	36
5	7
0	6
29	22
0	139
331	168
0	2
15	12
0	4
0	8
14	11
262	139
8	0
0	2
9	2
89	3
12	137
1101	60
0	72
0	72
0	5
0	10
0	7
0	8
0	21
0	8
0	2
0	2
0	2
0	0
0	4
0	3
0	3
0	5
5	4
0	3
0	16
0	1
0	1
0	12
0	12
0	0
0	22
15	19
1	31
31	116
19	63
0	44
0	43
0	44
0	60
2	1
2	28
0	26
31	28
13	26
178	5
52	38
0	4
1	276
9	202
112	32
0	280
7	8
33	3
1	37
0	3
5	0
0	5
2	5
1	0
0	153
7	153
0	15
0	12
0	0
267	97
12	121
7	111
0	25
0	25
0	11
1	5
2	8
1	9
0	9
0	7
0	18
0	18
0	8
0	2
0	2
117	38
8	12
1	5
23	23
14	17
0	0
0	0
0	16
235	240
0	150
97	105
38	1
1442	320
68	1
0	320
0	25
11	27
3	4
0	27
0	6
2	4
0	0
0	4
0	0
0	6
0	28
0	28
0	25
0	27
0	23
0	29
0	8
0	9
27	12
38	11
0	2
5	6
0	2
7	14
131	44
2	16
2	23
98	32
0	40
0	27
0	4
8	3
2	0
0	0
0	1
0	31
60	0
0	0
328	10
0	9
8	2
123	385
0	26
10	151
0	19
0	6
0	0
7	0
0	3
0	3
0	2
4	3
13	1
6	28
10	2
4	0
28	114
40	0
0	113
0	0
0	2
1	22
0	84
181	79
0	79
16	6
0	1
0	3
0	0
0	1
98	60
0	51
233	21
0	41
0	41
82	41
0	37
2	0
0	4
0	23
0	1
0	2
0	2
5	2
0	2
0	1
1	0
0	1
7	0
0	0
0	0
0	10
0	4
0	10
0	3
18	13
0	13
31	467
0	166
0	182
0	348
0	9
0	122
5	120
1	394
0	55
0	1
10	14
2	14
3	7
0	0
0	0
0	0
0	40
0	10
5	10
0	10
0	10
0	1
0	0
8	120
0	57
0	22
0	13
21	28
0	51
0	3
0	1
0	7
0	3
0	6
1	0
21	25
19	658
64	141
2	519
3	0
32	0
0	127
17	127
7	98
8	94
0	0
0	0
3	113
135	119
0	5
34	121
154	102
188	87
3	91
63	9
2	139
0	0
0	9
0	0
0	145
0	23
1	41
194	7
0	7
2	0
0	0
0	7
0	0
0	0
0	2
0	2
0	2
243	121
7	121
4	121
7	121
3	0
0	16
0	14
50	13
0	23
0	38
0	31
0	31
11	1
1	9
0	27
0	16
1	55
0	10
0	6
0	3
0	4
0	0
0	4
0	2
4	171
0	169
0	10
0	70
0	100
2	2
0	2
0	2
6	2
141	14
0	14
0	14
0	14
0	14
18	14
5	0
3	0
35	0
0	3
0	3
0	3
0	3
1	0
0	0
3	0
0	1
5	4
1575	671
0	589
0	211
3	193
0	163
0	162
0	152
0	163
0	162
0	162
0	151
0	151
0	152
1	98
0	20
0	32
0	21
0	31
0	20
0	31
3	3
0	0
18	7
31	4
62	10
4	6
3	9
10	7
20	17
2	5
0	2
4	1
0	0
3	0
13	0
66	332
0	332
849	4
2	0
1	0
0	0
0	4
0	17
596	35
0	0
51	0
0	0
266	182
3	182
0	11
280	0
5	0
2	0
82	1067
8	12
0	6
71	12
1	2
6	50
0	5
0	10
24	55
1	133
8	1
64	0
105	64
0	1067
111	62
0	62
30	23
5	23
0	0
0	8
5	8
46	8
0	27
0	48
0	35
48	369
0	369
0	1
0	0
0	0
3	1
0	1
2	1
38	19
0	9
0	21
0	182
52	135
0	62
0	60
104	21
1	2
1	0
13	1
2	0
0	3
0	3
0	182
314	38
5	0
24	74
0	35
64	9
0	9
0	4
10	3
0	2
0	1
0	9
0	9
4	10
3	3
0	0
0	7
0	3
0	3
0	0
33	24
6	5
0	1
0	1
3	50
189	107
215	107
29	24
4	15
0	19
19	1
0	1
0	1
0	1
8	1
0	0
60	0
7	23
4	23
7	28
0	9
0	22
17	30
0	30
0	56
0	41
2	44
0	3
0	0
1	0
0	0
1	0
0	6
0	1
7	7
2	0
0	6
7	6
0	2
0	3
0	1
0	0
217	0
0	41
20	0
41	390
39	421
59	70
0	107
0	100
0	17
0	21
2	41
0	2
12	2
10	15
41	59
0	68
0	0
0	1
0	1126
54	1126
0	0
0	0
19	0
9	1
0	830
2	8
0	8
0	7
20	7
6	1
1	189
81	10
0	189
47	0
0	15
1	15
48	15
0	2
0	1
0	7
0	6
0	6
0	15
59	17
23	5
31	141
5	117
0	53
0	46
0	43
0	56
0	26
0	1
0	5
0	3
0	138
278	104
0	96
0	0
6	7
64	20
0	0
0	13
0	0
11	38
0	40
194	16
0	16
1	4
0	10
0	8
0	1
4	0
0	20
3	7
0	0
5	13
0	25
55	126
39	148
0	25
0	0
0	0
3	0
9	0
0	4
19	126
0	0
2	0
0	26
30	14
70	24
0	7
1	7
19	3
0	0
0	0
0	0
0	0
1	0
4	9
0	4
15	4
0	0
0	4
48	4
5	12
0	4
0	18
607	759
3	749
12	10
1	5
7	41
0	41
0	6
0	4
1	0
0	0
0	2
11	0
0	0
2	2
0	0
4	0
73	11
121	83
0	83
0	26
0	0
0	13
0	9
1	1
0	1
0	4
1	3
11	0
117	23
0	4
0	1
0	27
0	27
3	1
1	11
0	20
0	20
3	31
2	37
0	37
0	34
2	14
0	0
1	0
0	0
0	0
0	15
0	46
0	45
146	14
0	5
19	5
0	0
0	0
0	0
0	9
2	114
0	38
126	8
1	8
0	0
9	3
0	0
2	0
1536	2
0	0
2	0
163	5
0	12
0	12
0	12
0	12
0	5
0	3
0	5
0	3
0	12
0	12
0	9
0	9
0	11
44	321
33	332
0	11
1	9
1	0
96	112
0	106
1	55
0	107
6	95
4	85
0	75
1	85
0	85
0	54
0	54
150	40
0	5
0	8
0	0
1	0
184	72
0	72
0	19
3	50
142	41
0	3
0	7
3	38
33	2
23	21
0	19
0	14
0	7
0	10
0	8
0	7
0	3
0	8
0	4
0	6
0	7
0	7
0	3
0	8
0	6
0	7
0	2
0	4
0	4
0	4
0	0
0	5
7	5
0	6
0	4
0	0
0	6
0	1
0	6
0	0
0	6
0	0
0	2
2	0
13	9
5	9
0	18
133	105
7	14
0	14
0	0
0	12
2	10
0	11
1	5
0	3
0	3
0	10
2	19
22	211
0	211
627	191
0	138
0	5
57	76
0	76
0	3
0	5
2	0
54	5
0	0
2	0
484	0
3	43
21	41
6	41
3	0
0	13
0	23
4	23
0	5
0	1833
0	1833
0	137
0	117
0	15
0	10
1	25
0	8
0	31
3	31
7	18
7	5
26	251
0	251
0	251
0	188
0	0
80	18
0	19
0	12
0	10
9	0
87	0
21	0
8	0
258	98
0	171
42	59
0	171
86	69
0	15
0	6
0	0
0	5
36	23
7	4
0	69
2	0
210	74
1	74
22	109
0	108
0	2
0	25
100	46
3	6
7	0
11	21
0	2
2	95
11	77
25	77
22	81
0	83
0	74
0	15
25	31
0	0
25	151
36	130
0	9
4	45
2	42
11	42
3	25
171	5
0	15
0	5
12	12
0	9
21	0
0	6
0	4
0	0
0	13
0	12
4	11
313	140
0	129
0	129
0	118
2	5
0	0
1	2
13	0
0	0
0	0
8	0
2	0
3	71
2	128
3	86
20	148
0	42
1	48
71	70
0	70
16	100
3	112
0	26
8	0
0	169
17	73
0	57
0	55
0	77
0	44
30	2
0	117
0	29
1	0
293	0
415	3
0	3
0	8
26	80
3	77
0	6
0	19
0	5
0	8
0	2
0	16
1	4
7	3
0	3
135	1
19	60
75	657
26	637
0	3
0	158
7	0
5	99
11	128
0	8
18	125
0	3
0	3
101	176
0	16
0	1
0	7
13	112
16	47
0	22
0	47
7	11
0	6
18	6
1	3
2	0
0	0
1231	393
0	421
0	2
0	2
0	433
0	2
0	433
0	0
0	250
35	4
28	379
0	0
324	3
5	137
36	525
0	252
0	21
1	0
35	498
25	413
0	97
0	429
0	12
1	16
0	25
0	61
31	210
0	15
0	33
8	33
26	15
0	3
2	28
1	11
0	27
0	2
0	0
0	0
1	0
0	0
0	10
21	0
0	0
0	14
34	4
3	4
0	2
0	2
126	79
17	96
43	36
6	64
0	70
8	43
0	52
9	7
4	0
0	23
0	280
16	280
0	35
8	0
13	0
0	1
0	0
0	1
109	807
15	34
9	821
0	0
0	155
2	78
1	8
0	8
0	40
0	1
0	18
24	45
2	33
0	7
0	49
295	0
5	0
0	0
0	0
10	0
0	1
13	3
7	0
0	0
0	1
0	0
1	13
0	5
0	8
0	6
24	0
54	0
1	7
0	7
3	0
0	49
0	49
6	34
0	34
23	0
0	7
0	19
167	19
0	7
0	7
174	2
1	5
13	5
0	54
0	54
0	54
73	24
1	17
44	7
0	19
0	19
0	19
0	6
0	136
12	153
1	24
85	17
0	11
73	12
72	70
2	77
0	98
0	93
0	74
3	55
0	76
0	45
0	5
114	4
1	2
2	0
1	43
0	26
0	66
0	58
0	11
0	0
0	0
0	0
2	0
3	0
18	210
364	106
0	201
0	76
0	76
0	117
0	117
419	7
2	0
0	0
6	1
8	7
0	28
0	12
39	0
0	7
0	7
0	7
3	7
0	7
0	0
0	0
0	0
43	72
0	65
0	65
0	58
0	67
0	65
0	65
0	65
10	2
0	2
0	63
0	63
8	5
39	14
4	9
0	3
0	3
0	21
756	21
11	16
0	20
0	20
18	4
0	7
8	50
227	241
0	39
3	0
2	18
7	63
0	121
0	129
30	5
9	0
0	0
16	18
267	57
2	10
15	247
1364	224
32	114
0	102
0	63
0	3
0	0
0	20
13	0
8	0
167	93
3	28
0	13
0	32
0	93
20	2
0	2
0	2
0	0
8	196
0	98
0	177
0	2
0	4
0	3
60	190
483	137
1192	70
0	86
0	10
57	5
1	1
0	0
19	0
11	0
0	16
102	96
0	0
22	0
26	30
11	49
40	64
0	19
0	0
0	15
3	0
17	9
19	8
0	6
2	2
0	0
0	5
6	1
0	3
0	0
48	0
0	1
17	2
0	0
9	3
0	3
40	124
1	94
176	205
39	88
3	2
14	2
0	30
6	30
0	14
0	8
337	239
21	234
17	5
120	2
2	0
0	2
54	0
37	66
20	30
0	29
0	30
0	18
0	0
0	6
1	6
1	0
3	0
5	217
15	217
4	0
14	0
86	133
1	82
0	19
0	8
0	8
0	3
0	1
0	22
1	1
2	0
160	8
0	8
1	57
0	12
258	114
0	47
15	78
3	4
0	4
24	0
6	38
0	0
0	0
64	16
1	0
0	0
0	0
16	16
19	5
0	25
210	1
0	0
0	0
0	1
0	1
0	1
0	1
1	0
0	42
15	42
15	41
0	76
1	76
315	70
0	3
0	60
0	3
0	3
0	0
0	3
0	3
0	0
21	19
89	23
17	22
82	10
481	620
0	618
0	132
0	27
0	2
24	27
308	21
1	10
4	16
4	0
0	2
0	11
2	2
47	17
496	28
0	28
0	0
0	0
4	17
5	31
9	17
0	17
3	1
0	15
0	14
5	60
23	81
5	0
0	17
0	22
0	22
0	0
0	2
14	8
0	30
1	13
3	23
131	23
192	21
0	44
2	21
25	3
0	3
23	31
0	24
0	24
0	24
0	24
29	26
0	19
0	0
252	12
0	12
0	7
4	886
1	45
0	55
0	71
145	72
0	15
0	1
1	1
37	0
0	886
0	2
0	2
0	1
0	40
0	15
0	6
0	15
0	7
0	4
25	13
0	0
0	4
0	0
0	40
0	40
0	34
3	39
3	39
7	1
14	0
9	106
0	106
6	72
0	75
7	0
0	33
479	90
0	93
0	58
0	0
13	1
31	57
7	2
3	2
51	22
0	56
76	11
2	136
0	127
0	13
0	4
0	48
0	150
0	1
718	212
0	1
0	0
0	5
2	10
0	11
0	16
0	16
0	4
0	13
3	0
0	9
0	0
0	0
0	0
0	12
0	12
0	32
0	27
4	20
15	12
12	2
0	30
0	36
4	0
0	0
14	23
3	19
0	62
0	62
2	1
0	0
0	1
3	1
0	0
0	1
4	17
1	37
8	9
0	9
0	71
29	23
0	19
6	0
5	19
0	0
0	69
0	71
32	1
0	58
0	16
0	16
0	10
1	37
0	17
4	189
0	189
0	4
2	5
366	38
0	36
0	1
3	1
46	41
0	41
0	5
8	5
2	6
70	25
27	50
0	57
0	5
21	14
81	0
71	0
0	19
0	10
201	357
1	351
8	57
3	9
197	256
95	41
0	36
0	16
0	18
118	40
0	13
46	24
0	5
56	8
26	179
0	171
2	15
12	3
0	28
63	65
6	158
5	11
43	11
58	7
26	7
835	92
0	39
85	100
0	153
1	153
0	0
0	4
0	1
0	1
5	3
0	32
0	54
0	19
0	20
0	19
1	3
0	17
0	1
0	74
28	73
2	11
192	62
2	0
1	8
28	8
0	7
0	17
25	166
42	83
0	91
6	5
33	11
0	11
4	0
7	4
7	4
0	4
0	3
0	0
2486	12
9	12
0	1
1	1
0	1
0	9
0	9
91	81
3	59
0	74
3	71
0	41
5	0
2	0
15	6
0	0
0	13
1	7
0	13
6	39
0	40
113	48
0	28
0	31
0	18
0	8
0	23
0	13
5	24
0	20
0	8
2	0
1	8
5	67
4	63
0	0
126	69
0	17
0	1
0	14
0	50
0	9
50	2
6	310
205	301
0	6
2	4
2	2
0	0
5	0
1	5
0	5
14	48
65	33
34	15
20	4
25	4
5	4
0	7
0	5
0	22
0	22
0	22
0	1
0	5
17	0
12	0
10	11
0	0
0	3
0	0
22	12
65	0
4	0
0	17
4	17
0	1
0	1
9	7
0	7
5	7
126	34
0	7
0	0
29	3
0	1
0	2
1	24
0	9
0	18
20	31
0	1
6	107
0	4
0	7
0	2
0	2
0	2
0	0
12	97
0	0
2	104
0	8
0	0
0	2
0	89
0	111
0	31
0	5
0	0
8	0
3	0
75	0
237	12
5	12
0	0
1	2
0	2
37	0
181	36
36	90
68	71
0	12
8	23
0	0
210	50
0	50
1	69
0	31
5	37
1	0
0	37
895	82
51	89
2	7
0	24
0	21
14	6
2	7
0	26
0	0
0	1
18	1
2	3
0	19
299	187
0	187
0	19
5	5
3	1
0	0
0	0
0	0
0	0
27	134
4	133
3	32
616	112
0	112
2	0
3	0
12	0
1	0
0	1
3	0
4	0
0	1
0	1
0	61
0	18
0	1
0	1
0	24
3	187
0	115
459	170
2	117
1	0
6	169
47	0
0	12
0	1
4	1
5	0
9	8
18	8
0	5
0	4
0	0
0	0
0	0
0	0
7	13
0	2
7	2
0	13
0	0
0	2
0	0
1	0
0	13
0	8
0	7
0	47
0	0
0	0
1	6
55	99
604	37
5	37
0	1
390	8
0	0
0	3
6	454
0	447
0	332
0	73
2	53
5	0
2	0
44	0
4	40
0	30
0	14
4	5
3	1
0	0
0	14
35	28
0	28
0	3
1	0
0	94
30	57
0	83
61	3
711	58
90	1
10	0
35	14
0	12
58	0
0	4
0	20
52	24
0	20
0	19
0	19
10	0
0	0
25	5
0	2
46	64
6	10
0	58
1	0
2	6
101	23
0	17
0	23
0	23
4	15
0	12
0	11
0	12
0	12
1	12
0	6
1	5
3	5
1	0
0	0
0	0
7	8
2	54
0	80
0	46
0	20
0	36
0	10
0	36
2	0
149	179
0	178
0	166
2	4
18	0
0	2
0	2
0	0
0	0
0	0
135	1
0	0
0	1
0	1
0	1
306	35
0	35
3	0
744	193
0	193
0	5
0	5
0	0
81	14
2	2
5	12
4	43
0	102
0	110
0	110
0	1
0	0
0	0
27	0
0	1
0	32
0	9
0	0
0	4
0	109
6	0
0	41
0	39
29	0
67	13
1	4
0	0
0	41
89	23
108	23
7	6
0	6
209	578
0	578
0	471
129	383
0	61
0	35
198	35
1	31
0	0
5	13
571	0
10	0
0	5
0	5
0	1
6	0
0	0
0	0
0	926
0	926
0	98
0	51
0	51
0	3
0	590
0	2
0	100
0	5
0	0
25	24
1	24
32	173
2529	173
30	6
0	5
121	230
26	2
3	230
10	169
1	170
0	169
2	27
2	42
31	26
3	0
0	0
0	20
2	23
0	2
15	1
0	0
37	87
0	87
106	22
218	21
0	11
5	11
7	14
0	3
16	5
0	22
0	123
1	9
0	8
0	1
6	121
0	131
3	13
0	5
0	3
45	39
0	29
12	5
0	0
10	19
0	19
18	226
0	226
1	6
0	6
4	171
7	83
0	60
0	92
0	2
0	39
23	3
0	4
17	1
2	9
0	9
0	5
0	8
0	4
9	130
0	225
7	130
0	32
0	125
0	36
0	30
2	18
0	16
0	13
0	14
32	15
5	1
0	3
4	3
6	2
58	99
5	14
0	22
0	4
0	220
44	76
16	1
95	29
0	104
6	58
37	57
0	54
29	35
0	4
0	0
0	28
58	15
0	17
0	17
0	16
0	1
24	3
0	1
0	1
0	2
0	2
8	5
0	4
0	4
7	0
0	5
4	5
0	5
0	2
0	0
0	0
0	5
0	5
31	11
24	20
0	265
3	10
70	9
27	10
13	10
0	260
253	85
0	85
0	200
0	44
66	200
257	29
19	43
0	1
0	1
20	37
0	35
0	677
0	3
0	1
0	411
0	1
23	9
0	2
0	351
0	657
0	677
37	150
1	151
0	152
0	95
2	103
80	81
0	21
2	2
0	9
0	17
0	0
5	0
0	1
0	0
2	0
0	1
10	2
4	0
0	0
0	2
0	8
19	6
0	2
0	3
0	5
0	2
0	1
0	1
0	1
0	3
0	3
0	1
0	3
0	3
40	43
0	6
1	6
0	2
1	0
0	0
1	0
0	2
0	1
0	0
0	29
0	37
10	8
16	8
2	1
1	1
27	1
0	0
176	0
108	37
0	37
0	3
0	27
0	20
0	13
9	19
0	55
0	24
0	26
12	22
7	0
0	2
0	17
2	0
0	0
0	20
0	1
59	20
27	0
0	1
0	5
42	861
11	774
136	1
0	41
0	86
54	10
0	34
4	0
5	16
0	6
1	10
0	10
226	0
0	10
1	8
0	26
0	8
0	23
0	0
0	0
0	1
3	11
0	11
0	0
33	501
0	1
4	5
31	4
48	501
85	196
0	0
0	0
0	0
0	196
0	0
0	2
0	0
0	2
0	0
1	0
1	0
5	0
0	0
0	0
11	0
0	0
2	0
91	52
0	333
8	19
38	308
1158	0
1	0
31	12
0	6
1	7
11	2
0	2
32	0
4	2
0	0
3	0
3	0
2	0
0	0
0	1
0	1
4	0
148	340
0	340
0	0
15	151
0	135
0	80
0	0
0	0
0	0
0	4
0	5
0	18
0	18
2	282
0	282
2	50
0	10
0	42
22	1
10	0
12	1
2	72
5	72
352	118
156	0
0	0
3	0
2	0
3	0
0	0
0	122
24	130
4	107
0	6
0	6
0	0
0	5
0	1
1	20
37	7
1435	0
160	116
0	28
3	57
0	3
55	31
3	31
2	3
4	1
0	1
533	38
8	23
0	1
35	3
0	0
0	2
0	174
7	265
0	16
0	41
1	40
0	6
0	100
4	0
13	77
33	85
136	85
60	83
0	119
0	44
0	37
0	1
4	11
0	10
3	24
0	18
0	8
0	7
0	4
0	4
0	0
0	0
7	36
0	61
0	13
0	13
2	13
0	14
0	0
6	1
3	1
24	0
5	19
0	6
0	0
0	5
0	19
131	10
0	3
0	7
0	2
0	2
0	2
0	0
14	28
0	28
0	3
1	2
16	32
0	13
12	25
0	11
2	0
0	103
105	103
0	99
37	18
0	22
0	21
0	9
86	49
8	8
6	145
14	145
8	10
9	15
26	7
19	0
6	7
15	2
13	15
0	10
32	97
0	0
3	13
2	1
2	1
12	19
0	0
0	19
333	1
19	1
0	4
0	1
0	1
0	4
0	3
0	0
3	54
0	3
9	7
0	5
2	5
0	0
73	100
0	186
0	3
23	35
17	0
0	0
0	219
23	235
0	49
220	665
0	107
0	150
0	7
6	21
0	5
0	2
0	13
0	2
0	199
0	25
8	66
0	0
0	456
0	54
48	28
68	59
0	114
13	41
7	32
0	31
6	13
0	91
0	91
228	28
0	20
0	11
0	16
1	15
2	4
0	5
0	0
0	5
0	2
1	0
23	5
0	0
0	3
4	5
0	374
0	392
0	23
0	50
6	275
37	19
3	3
20	0
13	0
0	49
58	0
137	406
39	0
0	403
0	7
0	3
2	8
0	7
0	4
0	0
0	0
0	0
0	0
1	0
0	1
1	102
0	34
0	11
0	1
0	11
0	12
39	87
0	22
0	17
0	17
0	17
7	4
0	8
0	4
959	6
403	4
171	3
0	0
0	3
0	4
0	1216
19	1223
0	10
2	0
49	1
21	0
0	0
19	0
21	2
0	252
5	276
1	100
0	100
0	106
19	6
2	4
0	4
0	4
9	31
0	33
6	4
9	2
0	0
0	1
0	2
7	0
0	0
0	0
0	0
0	0
0	0
0	0
58	341
0	33
0	4
0	7
0	7
0	341
7	3
0	3
5	32
0	32
1	22
0	3
694	0
6	7
0	184
5	184
0	184
0	184
0	12
0	6
4	0
0	0
14	0
0	1
1543	0
0	0
2	0
0	0
0	47
16	1
25	5
0	6
0	20
13	10
7	12
268	45
0	138
3	0
49	0
0	0
0	94
0	54
2	138
0	0
0	0
0	0
0	53
0	53
0	53
3	27
0	53
10	26
0	31
0	5
0	25
0	18
0	47
45	0
0	6
0	5
70	6
11	1
0	44
0	26
0	14
0	25
0	0
0	6
0	18
0	0
6	28
9	24
4	20
0	15
0	44
4	5
0	3
0	5
980	22
0	0
853	10
28	355
0	18
2	150
0	81
0	49
0	189
113	1446
22	1446
0	5
61	0
0	9
0	9
0	5
2	0
0	0
0	0
0	0
0	0
10	8
0	2
4	4
0	13
15	20
5	3
109	222
293	261
20	258
5	6
35	1073
2178	2737
0	345
0	1070
0	0
3	0
55	4
128	4
71	40
0	40
103	12
0	6
33	5
0	4
1	4
0	0
0	0
0	1
2	0
5	0
0	33
0	22
0	32
0	0
0	1107
624	1368
0	1068
0	1068
0	1068
0	1320
10	0
1426	4
0	208
0	42
0	268
0	256
0	258
0	159
0	3
10	7
0	59
5	7
407	31
0	160
482	437
0	523
0	212
0	39
0	31
0	64
0	35
0	6
0	328
17	10
0	10
0	45
28	45
80	80
0	0
2	86
0	11
34	229
0	61
4	60
93	9
0	9
4	13
0	0
0	0
1	0
0	1
0	1
0	0
6	5
0	0
0	5
1	77
0	46
1	0
16	22
8	0
17	0
3	18
0	77
0	435
0	435
70	22
6	14
109	0
0	55
0	29
48	0
4	5
17	31
0	42
0	24
0	11
0	3
30	4
0	3
0	1
0	0
0	1
0	0
0	0
3	0
0	24
0	44
0	43
0	25
46	89
0	89
33	89
1	12
54	114
203	32
69	114
0	32
11	82
0	9
0	5
103	0
0	18
40	18
0	10
2	0
0	0
2	0
84	23
0	23
3	19
1	20
0	7
0	4
125	15
0	8
0	9
2	2
70	88
0	88
0	1
3	1
2	0
55	1
0	1
14	16
183	185
0	153
0	220
0	162
27	9
0	4
69	186
48	29
2	29
0	13
703	3
21	82
0	67
2	19
1	21
1	50
0	7
5	8
0	99
0	100
0	109
0	8
0	108
8	8
0	0
0	79
0	8
0	24
0	137
0	138
0	151
0	408
0	408
6	37
0	4
0	0
0	19
0	22
16	33
2	16
0	17
3	6
0	5
151	24
708	24
0	33
3	2
0	2
36	7
0	7
0	5
0	5
0	4
49	4
561	29
149	29
2	38
0	17
0	5
0	5
6	3
96	4
12	3
1	2
20	282
0	0
0	282
0	0
0	1
0	0
0	0
0	0
1	0
8	4
2	0
2	219
0	5
0	3
0	3
0	3
0	5
0	0
0	0
4	0
6	1
0	1
11	7
0	7
8	0
1	2
1	2
89	3
3	3
112	33
0	33
0	28
0	28
6	45
0	0
1	117
16	10
106	44
519	23
0	42
4	10
0	31
0	9
41	0
6	0
2	65
167	49
0	182
0	47
0	40
0	47
0	37
0	37
0	3
41	4
217	147
7	11
7	11
21	85
12	127
0	0
13	132
0	2
0	78
0	3
29	0
7	19
0	32
0	244
0	239
0	0
0	148
12	5
7	11
875	148
3	0
3	171
0	31
0	103
2	2
0	0
8	41
0	171
29	28
19	40
0	40
0	25
1	0
0	20
0	28
0	1
2	8
12	20
55	0
22	57
1283	56
81	4
106	6
50	0
28	22
5	9
0	22
0	4
0	12
0	1
1	0
6	12
0	0
0	0
361	20
0	18
3	16
24	6
14	0
10	33
26	36
0	0
1	5
4	0
1	13
0	0
0	13
0	13
0	3
0	2
0	3
0	3
0	2
1	0
0	0
0	0
4	0
0	439
0	32
4	8
3	8
6	0
0	0
2	0
0	0
0	3
0	4
0	3
21	4
0	2
0	1
0	0
0	0
0	0
0	0
0	0
0	0
33	53
0	40
0	21
3	0
0	6
13	0
0	4
2	4
5	5
8	2
0	0
0	0
0	0
3	4
0	95
8	95
92	34
0	29
45	5
0	25
1	25
0	256
20	256
0	587
0	557
13	199
8	0
11	345
2	290
1	4
1	290
6	0
1	8
1	9
1	9
0	12
2	0
0	12
2	1
0	1
0	6
0	11
0	11
0	49
6	2
0	2
0	2
0	2
151	31
3	0
52	101
0	64
0	22
0	67
0	104
0	49
0	32
0	26
0	12
13	16
0	1
35	38
0	41
0	27
0	20
0	15
0	2
599	5
106	202
0	198
0	188
2	0
12	0
16	17
0	16
3	0
0	0
30	12
324	12
0	0
0	116
0	116
0	0
12	45
0	0
2	8
2	0
0	0
0	1
1	4
1	1
0	26
345	64
0	1
0	1
5	1
3	1
0	0
63	49
54	57
0	10
1	1
0	1
0	1
0	1
0	1
8	27
1	31
0	22
32	25
10	0
0	0
0	0
0	0
0	0
0	13
0	0
0	0
0	5
0	5
1	5
0	5
9	5
51	0
0	26
96	1
4	0
20	4
10	0
2	4
24	1
0	1
0	0
0	1
0	0
0	0
2	0
8	0
0	0
0	1
1	0
0	0
13	5
0	0
11	1
0	0
0	0
141	3
220	3
27	10
6	1
1	10
26	0
0	0
34	14
0	14
1	14
0	189
150	1
4	3
0	4
51	66
0	37
0	13
0	0
0	4
0	10
0	189
2	19
0	16
1	2
0	14
0	2
0	2
15	13
9	13
21	0
2	0
0	11
1	24
24	23
1	14
0	7
0	1
0	3
0	3
0	12
0	15
5	0
93	161
0	3
0	5
0	2
0	159
9	0
0	0
0	1
1	0
0	0
7	0
0	3
1	0
21	35
6	40
4	40
1	1
6	38
0	10
0	164
0	164
0	37
0	43
0	0
0	0
5	0
2	0
0	0
14	141
14	157
0	73
12	0
12	0
2	43
0	43
0	6
0	6
0	3
0	4
0	7
5	7
0	72
0	41
1	29
0	24
0	13
1	4
0	8
3	8
27	83
0	7
0	1
0	7
10	0
310	71
142	110
0	36
0	32
5	0
278	0
0	56
0	69
125	58
0	0
2	7
0	7
0	1
0	2
0	1
13	9
0	2
0	1
0	1
26	59
1	62
315	48
0	45
191	3
0	841
68	876
0	433
6	3
0	0
0	0
0	817
167	10
14	16
0	10
0	7
0	127
0	127
2	0
0	6
0	6
0	4
0	2
0	2
6	0
2	0
8	0
57	9
0	4
1	0
5	5
0	237
50	236
0	2
0	0
18	232
244	198
3	8
58	8
2	0
5	0
4	0
11	2
8	42
0	77
0	12
2	0
3	26
37	26
145	104
0	86
3	6
0	0
5	4
0	4
0	12
0	6
0	6
0	6
0	6
0	4
0	5
0	4
1	2
1	1
0	2
2	2
5	2
0	3
0	0
0	0
0	3
2	2
0	0
0	0
0	0
0	2
0	2
0	0
0	0
34	0
37	8
1	8
0	189
16	187
6	132
0	35
459	23
7	23
0	3
0	3
0	6
2	5
0	9
0	9
7	640
25	640
0	24
1	24
0	1
0	11
0	11
2	14
370	3
0	10
4	6
1	10
0	0
0	9
0	16
0	12
4	0
0	0
0	13
4	0
0	453
132	453
77	22
6	2
106	40
36	13
20	13
2	388
0	388
21	479
0	346
17	399
0	476
2	9
0	312
0	168
0	39
5	7
0	6
5	2
0	4
1	1
7	3
5	0
1	66
0	10
5	0
4	25
0	2
5	3
0	0
1	3
17	236
0	212
0	25
123	16
0	1448
3	5
4	1432
0	56
0	11
0	16
0	16
56	656
2	11
0	16
0	630
20	634
0	646
0	0
43	408
41	3
50	15
0	12
0	12
0	5
8	205
2	205
3	10
1	0
2	1
4	31
3	38
2	27
7	7
0	2
0	6
0	50
0	10
7	0
0	0
5	0
2	12
0	0
212	16
0	6
26	96
96	109
0	16
0	6
434	6
3	1
10	49
6	10
0	0
0	1
0	38
4	53
2	1
0	1
4	17
0	50
0	1
0	1
4	0
26	43
7	34
0	11
0	41
0	43
0	57
0	55
0	55
0	41
6	31
1	87
3	31
6	87
6	51
544	52
1264	0
94	15
2	0
0	15
284	10
0	10
0	10
0	10
0	10
0	3
0	0
0	0
0	0
0	0
0	439
0	32
32	26
0	26
6	1058
0	1058
0	878
10	4
13	11
0	2
130	2
21	51
5	34
0	15
0	34
0	0
0	0
0	0
0	0
0	0
0	0
0	1
0	3
591	416
0	177
0	137
0	29
11	0
9	60
0	60
59	19
0	14
0	5
1	1
0	0
0	2
0	0
127	20
13	20
0	11
0	11
0	72
0	72
4	11
2	17
6	304
0	4
864	4
16	6
0	7
31	17
0	0
1	22
6	0
0	0
32	23
0	23
11	0
2	0
4	0
0	0
0	0
0	0
0	0
220	13
13	7
6	7
0	8
0	26
6	26
0	3
0	0
0	1
0	1
13	11
0	1
73	34
0	3
0	6
0	0
12	9
20	4
0	5
0	0
4	5
0	7
5	1
0	11
150	13
0	111
1	103
0	5
0	5
0	2
1	2
0	0
0	0
0	0
0	15
344	15
3	0
79	48
6	48
0	26
0	0
80	39
0	38
0	39
2	0
0	0
3	0
1263	174
0	0
39	1
0	169
48	7
0	1
0	2
10	1
3	16
38	0
0	5
0	5
0	3
0	4
0	3
7	3
0	0
2	0
0	16
2	1
0	1
0	107
0	33
0	216
197	11
0	10
0	2
0	1
0	0
0	15
1	15
1	7
0	332
0	51
0	172
0	4
27	350
3	5
0	1
10	1
0	1
0	5
10	0
2	0
1374	0
70	30
0	26
0	18
6	3
1	0
0	0
0	13
3	24
2	0
0	1
6	17
0	0
283	136
38	132
126	132
9	131
201	66
0	50
104	46
0	0
0	0
0	4
4	8
10	7
5	3
34	96
0	22
0	22
7	22
0	15
2	14
0	15
0	15
36	32
21	42
68	0
36	13
31	13
137	20
158	20
66	240
13	243
67	229
0	163
0	85
0	163
140	109
0	50
4	75
0	75
0	0
0	51
0	51
0	0
0	3
0	0
0	0
0	51
64	188
0	2
3	0
3	2
2	2
0	2
12	6
20	9
16	0
0	1
4	0
0	1
15	0
234	134
47	261
0	163
69	70
6	70
1	6
0	0
4	0
0	29
1	36
3	0
15	2
0	2
2	0
0	59
2	37
0	0
15	0
0	59
9	3
0	3
3	17
0	17
0	64
0	220
0	923
0	0
21	11
0	23
0	0
86	788
9	3
0	3
0	0
0	0
1394	0
0	27
39	20
0	1
0	0
22	0
13	91
0	35
0	28
0	1
0	7
2	0
0	45
16	25
0	0
26	53
8	55
0	5
0	4
0	4
0	44
0	0
1	0
0	0
0	0
0	21
0	20
0	17
4	15
0	39
0	0
0	0
3	5
0	1
0	1
11	0
0	4
13	0
1	0
26	0
0	41
44	46
0	169
0	0
405	141
4	10
0	5
35	114
0	46
0	20
33	12
3	26
5	5
7	7
0	3
0	0
0	239
0	13
0	6
1	0
5	0
57	237
62	261
0	261
0	144
95	29
10	27
0	9
3	174
0	166
0	76
88	125
380	275
0	168
0	179
0	179
1	181
0	155
107	44
0	32
0	35
5	7
0	5
2	6
26	46
0	11
72	0
6	0
0	141
3	3
0	87
0	90
1	63
3	2
42	0
244	74
0	71
2	3
0	0
0	9
53	9
3	0
0	9
1	1
0	0
0	8
1	0
0	0
18	0
12	5
2	5
0	4
28	36
0	8
4	0
6	38
556	26
1	8
0	8
162	487
0	487
36	48
0	48
0	0
11	119
0	93
23	115
0	182
0	210
0	327
180	294
0	74
0	196
6	4
0	4
0	6
18	254
0	3
4	0
7	5
172	4
27	133
37	133
219	198
8	9
0	5
7	5
140	20
0	18
44	4
0	1
33	1
0	18
0	18
0	2
84	46
4	0
0	3
0	0
0	0
0	3
26	0
1	11
1	3
0	3
88	276
0	1
0	9
0	9
0	8
12	1
61	1184
515	1184
19	0
0	0
8	0
0	37
0	37
0	37
0	37
0	37
0	37
0	42
1	0
5	27
0	37
0	15
0	15
0	94
0	92
3	2
3	81
1	0
14	23
0	20
5	20
0	19
1	19
0	3
0	3
4	0
3	0
450	3
2	3
14	152
1	152
0	23
0	6
0	108
0	8
18	86
6	88
0	94
587	100
0	36
35	58
13	45
0	45
33	72
3	17
0	37
0	13
332	355
11	355
351	39
0	15
15	7
8	0
61	31
3	117
0	0
0	102
0	30
4	113
0	3
0	0
0	105
0	50
7	97
15	97
6	2
0	40
0	0
2	0
0	2
2	83
5	0
20	77
0	18
2	0
0	1
0	1
0	15
0	1
2	2
0	0
0	0
0	2
0	15
6	15
0	0
0	22
0	8
0	8
0	4
0	0
0	2
0	2
0	0
0	0
0	6
14	4
0	50
80	40
4	51
12	38
0	33
0	24
0	25
0	5
0	0
0	0
189	98
53	98
0	79
0	3
0	3
38	92
0	109
0	93
14	13
0	17
5	74
4	0
1	51
13	51
0	0
0	0
5	6
6	1
4	13
0	18
0	4
3	4
230	60
0	36
0	28
1	0
0	1
6	5
206	5
0	2
3	1
0	0
256	25
0	13
8	17
0	11
0	18
0	9
0	5
7	15
2	6
0	1
0	4
1	0
0	12
24	12
4	23
90	27
0	27
0	0
0	0
32	39
7	39
192	29
0	41
32	12
0	67
0	4
10	4
0	32
0	32
29	4
0	32
0	32
0	32
0	17
0	14
0	14
3	0
0	4
0	0
0	4
0	0
3	22
0	19
11	0
0	0
0	22
4	8
0	0
0	3
0	22
0	62
114	13
245	11
0	4
3	2
4	19
0	20
0	20
0	1
0	20
12	2
1	2
0	302
1	2
4	0
0	0
0	7
0	8
0	2
15	291
124	106
0	82
63	117
17	37
68	71
39	53
60	73
253	74
0	55
3	58
1	1
2	0
25	2
263	132
128	117
0	132
0	91
0	24
0	10
5	1
3	17
0	18
0	0
90	28
0	9
0	24
0	24
0	21
0	0
0	12
0	20
44	4
1	9
4	10
0	10
3	0
0	22
0	1
11	0
2	0
0	1
3	0
0	8
0	0
2	0
0	0
0	0
0	0
957	38
6	38
5	31
1	27
0	16
0	31
327	50
0	26
0	6
7	1
6	1
0	0
151	0
0	7
0	7
25	123
0	28
0	8
43	61
1	95
1	61
0	7
11	11
0	6
0	4
56	23
0	8
0	3
46	83
0	93
25	126
0	14
0	31
12	44
35	8
0	41
0	41
0	41
31	58
2	16
10	13
0	14
0	4
0	0
0	0
0	17
0	16
0	170
159	47
9	10
0	0
61	4
3	2
52	53
0	39
0	20
0	22
6	3
0	3
12	17
0	1
0	0
0	2
0	0
331	0
249	15
2	37
6	9
0	21
17	31
0	2
229	330
272	330
5	0
42	41
55	39
8	39
0	24
1	0
0	1
0	11
27	3
12	7
0	4
6	4
1	4
0	2
12	0
0	85
0	83
0	85
36	0
61	56
0	44
0	0
0	12
0	2
16	0
0	10
4	3
0	1
0	1
0	1
17	2
0	6
0	6
0	2
1	0
45	4
0	2
0	2
0	16
0	16
0	16
44	10
15	8
9	2
0	4
33	0
30	6
0	0
0	0
3	84
0	12
39	83
9	19
4	7
2	6
4	0
0	4
2	2
0	4
4	1
15	3
3	4
0	0
0	4
0	4
9	7
0	21
24	21
0	21
2	128
0	76
0	0
2	134
36	134
56	16
15	10
0	6
0	10
757	0
2	0
1	0
63	0
72	17
173	11
0	11
4	6
17	4
0	5
0	5
0	4
5	9
0	7
0	7
0	3
4	0
0	255
0	0
0	43
0	43
0	165
0	255
1	181
0	593
0	644
0	112
5	122
28	84
1	176
0	223
0	39
0	49
6	135
10	520
0	56
0	12
75	11
0	8
1	8
0	1
0	0
14	9
0	9
111	5
119	370
0	3
0	3
0	3
3	0
10	0
3	0
0	237
583	58
0	1
7	1
0	6
5	11
0	3
0	4
0	4
0	20
12	20
7	21
0	2
0	4
4	0
0	11
4	1
0	3
0	7
0	0
0	4
0	0
0	1
11	6
0	0
0	3
0	11
2	5
0	4
15	6
0	6
0	6
0	6
0	5
0	6
2	0
83	2
1	2
0	2
1	0
5	0
0	0
4	1
0	0
1	0
0	0
3	1
173	48
0	38
0	20
0	27
11	20
1	20
266	0
43	3
9	13
0	13
0	1
2	1
6	5
0	24
0	174
0	3
1	1
0	14
16	5
0	7
188	374
149	356
11	21
0	21
7	32
0	22
0	9
10	21
0	7
0	87
0	85
15	15
0	20
2	22
17	11
0	2
22	7
0	0
11	3
0	3
6	4
8	4
2	4
0	0
19	0
71	22
15	219
3	219
54	14
7	1
0	0
0	0
2	1
0	0
44	4
3	0
83	30
15	163
0	156
0	183
0	75
0	13
1	0
59	93
0	33
0	22
6	73
91	33
0	33
0	16
160	28
0	17
0	13
0	19
2	20
16	9
5	0
6	0
0	419
43	521
4	0
0	104
2	0
424	1228
0	897
0	78
6	0
738	422
2	28
104	92
0	42
0	0
119	71
311	81
256	65
0	22
0	20
0	0
0	5
0	1
0	33
35	11
10	0
64	67
0	55
43	112
1	99
0	83
6	71
14	24
0	2
0	39
0	0
0	0
53	81
5	2
0	0
0	2
1	2
0	79
15	72
373	161
21	69
0	78
3	145
1	97
0	114
25	88
0	76
13	0
3	63
0	0
132	9
12	0
34	5
1	10
2	25
0	21
1	0
0	83
2	82
0	107
46	107
57	72
0	10
0	13
19	34
0	17
54	0
34	14
0	12
0	6
0	3
0	0
0	0
0	0
0	0
460	7
32	85
0	11
64	74
0	11
0	11
390	3
41	198
54	191
0	188
0	197
0	166
0	134
0	0
9	16
2	1
95	8
30	8
8	4
0	1
0	0
0	2
12	37
0	1
0	36
34	41
1	0
724	33
0	33
6	11
0	133
0	133
7	133
38	96
444	282
5	437
0	205
5	331
0	152
5	465
0	99
0	115
2	562
0	176
0	13
16	73
2	166
1	4
0	50
0	0
0	0
4	6
0	4
0	0
16	85
2	85
175	0
1	0
2	12
16	12
0	0
0	88
0	499
0	118
7	4
222	45
7	4
0	499
3	21
0	21
13	9
0	11
10	15
0	5
0	7
0	7
0	7
0	7
0	2
0	0
0	0
0	15
0	39
0	39
0	39
0	9
0	7
0	4
11	3
21	30
5	3
4	4
0	30
0	3
0	3
0	9
0	21
0	21
0	31
5	32
2	0
0	20
0	21
0	17
0	21
7	669
8	639
0	257
91	387
0	85
5	323
0	445
45	209
0	3
23	66
0	66
2	0
0	73
0	49
3	20
0	0
5	5
14	24
20	12
0	7
6	24
212	21
0	11
21	0
2	2
0	12
88	48
0	68
11	65
16	0
7	4
0	14
0	4
3	0
1	10
0	3
0	3
0	14
0	6
0	6
0	6
4	6
0	6
0	5
1	4
9	4
0	4
0	7
0	4
0	0
0	4
0	2
0	0
4	4
0	4
774	32
0	3
70	115
0	7
0	12
0	88
0	88
0	0
0	0
4	2
0	0
8	0
10	32
0	46
0	113
324	132
0	21
0	21
0	0
0	0
0	1
0	101
2	0
0	65
0	35
0	24
21	7
15	0
14	76
0	7
0	78
76	78
88	22
397	69
0	67
3	2
208	63
34	33
59	12
0	47
25	8
375	55
6	55
0	128
25	162
0	1
8	15
0	149
0	111
0	6
0	4
12	276
79	274
5	32
0	16
109	156
0	6
1	61
0	95
4	8
0	8
0	29
0	0
4	2
0	29
154	195
7	86
19	115
0	2
0	8
268	44
0	0
0	1
0	1
2	72
0	0
1	0
0	4
15	12
78	8
1	2
0	13
0	4
0	63
2	21
0	21
49	178
11	19
0	87
0	158
148	87
0	36
2	1
0	1
0	0
0	0
0	101
194	107
0	7
0	9
3	0
0	65
3	1
0	5
0	5
14	14
0	6
0	7
0	0
1	14
0	64
0	64
78	0
0	9
0	11
1	0
0	0
0	0
6	16
0	13
10	16
6	0
0	1
1	0
1	1
313	0
0	0
0	0
1	0
0	0
0	0
0	0
0	0
1	13
183	1
0	0
0	1
0	0
2	0
1	30
0	0
0	30
0	24
70	22
0	20
0	6
4	13
2	9
6	0
0	4
0	8
0	8
49	87
0	80
3	18
335	54
0	31
2	37
0	37
0	178
327	571
0	428
0	24
0	29
0	10
469	6
13	2
6	4
99	14
42	19
10	33
0	10
88	19
82	0
4	2
10	3
25	5
2	8
0	8
2	6
0	4
0	6
0	0
17	0
9	69
0	78
40	72
0	21
0	31
0	0
3	0
0	46
0	20
0	45
10	39
228	5
0	20
0	15
0	22
0	0
34	2
0	7
0	1
0	2
0	0
7	1
10	36
0	35
8	232
62	228
4	30
0	30
3	0
14	0
0	15
1	1
174	8
2	8
102	36
29	15
0	10
1	6
6	9
13	3
14	181
0	181
1	179
0	179
0	4
0	0
0	5
0	144
5	5
2	0
36	0
2	67
22	45
0	60
0	66
16	41
0	22
4	14
6	1
0	1
0	0
0	0
0	0
0	0
52	0
101	0
0	4
0	4
1	1
7	1
2	1
168	0
1	2
0	2
18	20
96	15
12	0
13	4
2	156
0	136
0	76
0	156
0	0
9	4
0	16
22	11
7	23
7	24
1	0
0	16
11	0
0	37
228	2
2	1
1	1
0	30
0	34
0	1
0	1
20	1
0	5
39	74
299	0
0	73
466	17
1	183
0	31
0	21
5	20
7	32
0	31
0	1
0	183
3	0
0	9
0	3
0	7
25	15
0	15
1	0
0	0
127	6
44	12
0	0
0	0
2	5
1	5
217	63
0	4
0	6
11	67
1	23
0	21
0	22
0	21
0	22
8	22
0	20
0	19
0	18
1	1
0	17
0	19
0	17
0	15
0	9
7	9
0	0
24	7
7	3
5	65
0	40
0	35
90	4
9	5
2	25
0	0
0	1
0	1
0	0
0	0
0	0
0	0
4	6
0	89
0	89
0	38
0	30
0	12
1	0
260	377
0	370
315	349
1	7
1	0
1526	734
0	11
0	10
0	13
7	6
0	1
63	4
21	31
0	12
0	13
0	136
0	76
0	600
1	0
0	11
1	11
0	83
3	83
0	83
53	38
14	108
282	101
0	107
0	28
71	1
0	1
338	37
0	33
2	32
0	2
0	1
0	3
0	3
0	1
2	3
3	56
22	43
0	2
0	85
2	0
0	0
2	85
112	23
0	209
0	139
0	7
7	5
0	2
2	75
0	7
64	9
2	55
0	8
0	75
1	75
8	85
0	82
7	209
0	219
0	1
0	5
0	1
0	0
2	0
0	1
5	6
0	2
8	3
2	1
1	2
16	116
0	116
0	7
2	17
0	15
75	27
13	114
25	0
0	154
0	4
0	2
0	2
3	1
0	4
0	4
10	89
3	1
2	1
7	150
1	0
0	153
1	11
0	11
0	12
0	16
0	2
13	7
0	0
0	0
1	3
0	0
3	2
0	429
0	429
5	13
0	5
0	0
0	0
5	0
0	0
0	0
2	0
0	24
0	0
10	0
611	20
95	7
0	3
44	2
5	6
1	6
0	6
0	4
25	6
0	1
3	0
0	0
0	19
18	283
0	72
35	0
4	3
2	2
12	42
29	65
24	159
27	4
0	0
0	137
9	6
49	43
0	43
105	44
0	24
244	125
540	125
0	51
5	2
0	2
2	0
0	0
1	0
0	0
0	0
6	0
43	222
0	5
13	7
0	180
1	184
0	220
1	42
0	5
0	44
0	0
5	176
519	237
20	0
0	1
33	1
22	1
8	0
0	3
0	3
83	182
5	182
2	131
0	138
0	1
0	13
52	0
0	105
3	104
0	81
0	2
0	0
0	2
45	105
4	35
0	35
0	35
0	30
0	11
0	0
0	25
0	25
22	0
2	30
6	6
1	3
0	3
0	26
0	11
0	0
0	3
0	3
0	3
0	3
0	0
0	4
0	4
0	11
0	3
0	0
0	0
0	0
0	0
0	0
5	3
0	3
0	3
5	0
0	1
0	3
2	2
0	3
0	1
2	6
0	0
0	0
0	26
0	0
55	27
32	27
0	31
0	41
0	41
1	22
0	1
0	1
0	1
4	4
0	12
1	4
9	21
2	1
29	17
30	47
7	4
0	0
0	0
0	0
4	0
7	43
230	92
219	92
2	0
2	0
24	12
1	11
3	11
0	12
1	0
0	30
1	3
0	3
0	9
0	9
0	5
22	131
0	3
0	29
0	129
25	130
0	499
0	666
0	1
219	651
42	4
29	1
0	308
25	0
39	30
4	0
0	55
0	10
482	25
0	25
10	0
18	0
59	0
37	16
9	0
3	96
46	96
33	2
0	8
0	26
38	0
8	0
3	52
5	0
7	7
19	87
10	88
29	88
0	0
0	0
9	3
0	9
8	0
87	79
1	0
0	0
1	0
12	79
3	35
0	9
194	2
0	1
2	1
4	0
0	0
0	1
33	10
57	15
0	0
4	1
28	4
0	0
0	9
10	44
2	44
9	123
0	99
0	12
1	27
34	36
283	101
6	47
0	3
0	20
29	12
0	50
0	109
0	114
0	132
0	169
0	5
3	15
44	235
0	284
0	25
0	3
2	42
5	42
12	0
0	0
0	0
61	6
20	216
0	117
308	87
93	63
48	173
11	0
3	0
29	7
0	2
2	2
12	2
0	26
3	22
0	18
95	0
0	0
114	339
3	23
0	24
28	28
0	0
0	0
0	0
10	3
3	40
24	249
0	100
8	163
9	2
0	152
0	72
0	8
0	3
0	247
0	9
0	13
0	6
0	13
0	6
0	5
0	12
5	5
8	5
0	5
0	4
19	0
14	0
4	1
2	7
0	1
0	1
0	0
0	0
0	0
61	232
8	105
23	66
11	232
1	1
0	34
7	103
342	3
35	138
11	139
0	5
0	14
0	5
0	0
0	4
0	3
0	1
59	1
0	1
1	1
0	0
0	0
54	1
25	1
10	13
50	36
0	34
9	35
0	0
0	0
1	0
5	7
0	2
0	2
0	6
210	44
48	42
8	41
3	40
15	58
36	185
416	195
0	122
0	48
2	9
2	9
0	475
27	480
0	414
50	101
0	39
0	2
0	40
0	110
16	11
0	2
4	9
0	34
0	3
16	41
16	4
3	0
0	0
4	0
0	0
0	0
5	110
0	1
0	7
1	0
0	0
1	0
1	0
0	0
0	5
0	110
0	0
0	1
0	1
0	1
1	3
16	27
0	35
0	27
0	27
20	40
0	23
4	9
0	3
11	49
27	0
47	245
315	0
15	0
3	2
0	1
0	4
14	6
0	0
1	2
0	0
6	0
0	82
247	250
4	15
0	40
1	7
521	48
25	89
0	49
131	45
0	10
0	33
7	0
7	0
7	11
10	2
0	1
5	57
0	57
0	3
0	0
0	1
1	3
0	0
142	0
0	26
0	26
5	620
5	628
0	11
0	188
7	23
5	21
1	8
0	630
63	23
0	0
0	0
1	20
0	0
2	23
0	3
0	3
1	2
0	1
0	2
0	2
53	1
0	1
14	7
0	7
0	7
1	95
25	104
114	37
14	0
0	0
187	19
0	8
1	10
87	0
0	4
0	0
0	4
16	108
0	120
0	30
5	0
10	61
25	0
16	127
56	11
5	0
0	7
0	0
0	0
14	15
0	15
2	4
0	31
9	29
0	0
8	1
0	6
0	6
0	2
0	7
2	7
1	19
8	146
0	133
0	14
0	3
193	91
0	0
0	24
0	26
2	14
0	4
2	7
3	36
0	12
85	111
8	85
0	4
0	0
0	0
3	37
6	6
69	31
0	6
0	2
0	2
0	2
10	3
53	20
0	14
259	113
0	113
23	0
1	17
0	145
5	145
0	19
1	13
0	0
0	0
0	2
0	2
0	2
0	0
0	0
0	0
0	2
0	49
0	38
0	49
0	29
0	45
0	33
0	17
3	19
121	28
2	12
0	12
0	2
2	5
0	4
0	8
19	8
0	44
0	41
3	6
3	3
50	0
0	4
0	4
17	0
6	0
2	14
134	15
13	3
1	1
25	5
4	25
11	167
5	2
0	8
0	18
0	18
3	18
0	166
89	0
11	10
0	12
0	21
0	21
83	3
0	0
0	0
0	0
2	3
0	3
4	0
97	4
8	5
0	50
0	50
1	50
24	11
0	13
4	11
0	0
0	0
5	0
0	25
0	22
0	23
19	32
18	36
0	25
0	27
0	27
0	25
0	25
21	172
0	181
0	32
7	27
20	16
0	17
5	1
0	2
0	38
21	38
9	0
4	0
0	0
4	0
0	0
0	0
0	0
0	0
0	0
0	0
0	4
0	4
0	5
3	5
0	0
75	815
15	26
0	805
0	287
0	54
49	1
6	11
2	0
91	67
124	12
32	2
35	20
649	175
0	200
4	4
0	4
97	0
7	29
0	30
23	0
3	0
0	2
0	0
0	2
0	0
1	0
0	3
0	0
21	0
10	0
0	170
6	149
2	170
0	149
0	174
1	171
0	125
0	5
22	22
0	13
0	1
0	0
2	0
0	7
0	7
12	7
0	9
54	9
4	10
0	2
0	123
3	78
3	22
18	18
1	126
0	77
0	19
1	56
0	25
0	3
0	50
0	24
0	45
11	73
0	6
16	2
0	66
0	4
0	4
20	53
6	108
172	0
72	0
112	210
0	285
204	75
0	19
0	3
0	3
0	2
0	2
0	0
0	2
0	32
0	32
0	4
29	25
0	25
115	60
0	130
0	122
0	9
0	122
0	36
6	13
2	2
6	0
9	0
0	3
25	71
3	2
7	102
48	0
432	0
18	0
0	29
0	28
10	28
0	3
2	1
4	4
22	0
0	23
92	41
11	0
0	0
4	0
0	0
0	2
0	0
0	6
0	41
0	388
5	30
0	8
0	33
0	36
8	7
108	29
147	11
0	1
6	519
0	519
0	226
0	226
0	17
0	6
0	5
0	14
0	16
0	2
26	6
0	3
0	2
8	97
0	96
0	0
30	7
0	18
0	4
776	262
0	233
0	192
176	118
0	111
4	118
1	7
45	4
22	2
7	0
3	2
0	0
1	2
0	0
0	4
7	17
11	18
2	11
0	0
0	1
0	4
0	3
0	107
0	333
15	333
0	0
166	210
0	0
0	0
0	1
3	1
2	1
0	8
0	42
0	42
0	34
0	0
0	0
17	0
0	372
0	1
2	1
1	2
3	1
0	3
0	3
4	1
31	370
45	265
321	186
0	186
0	111
0	111
0	101
0	167
0	26
0	60
0	53
0	34
0	0
0	0
12	9
0	15
0	8
4	0
0	0
8	0
0	0
0	0
0	0
7	1
0	60
6	76
0	24
6	75
3	16
0	22
0	74
0	1
0	67
4	6
4	0
6	0
0	1
0	1
0	3
15	0
0	1
0	1
0	9
5	42
0	31
2	31
2	2
2	35
0	37
27	17
0	17
0	17
27	29
0	0
6	0
0	2
0	2
19	17
0	227
0	66
112	66
20	261
0	261
0	19
0	3
0	128
7	0
41	2
19	38
0	11
1	1
0	15
2	7
0	0
0	12
10	4
184	98
0	58
0	56
0	32
0	54
56	85
309	83
193	0
22	86
11	90
300	547
0	547
33	372
0	167
1	265
63	167
0	200
9	0
3	0
3	0
6	64
0	95
0	19
0	20
0	20
0	18
0	92
0	92
0	90
0	37
0	18
0	24
30	11
0	1
0	1
0	0
0	0
34	16
270	33
71	40
0	0
4	1
2	5
103	160
3	168
0	69
0	67
0	53
14	58
0	19
0	2
5	2
1	2
3	14
51	23
62	9
0	1
0	21
0	275
95	275
0	5
10	17
7	0
5	0
37	48
0	12
20	34
0	48
0	10
21	147
8	147
0	93
0	87
0	28
0	13
0	0
0	0
1	0
2	0
0	12
0	12
0	0
313	740
0	709
4	10
1	12
0	19
0	175
0	18
2	173
10	166
0	9
0	1
49	114
122	114
11	34
0	30
0	26
0	15
20	4
17	0
1778	64
2	63
0	1
0	3
0	1
39	11
0	10
0	7
0	1
0	21
0	23
0	12
44	7
1	0
0	1
0	44
3	17
85	44
94	32
0	10
3	10
0	8
3	16
0	19
0	6
0	4
2	0
0	0
0	0
10	0
167	0
0	0
9	37
0	44
0	44
0	37
0	44
0	1
0	43
0	1
0	38
0	0
0	409
0	303
0	96
1	2
0	1
0	437
21	116
3	104
0	0
2	0
0	89
0	79
0	96
129	54
3	18
3	36
0	13
0	14
3	21
0	23
0	13
0	11
0	10
0	29
0	7
0	18
0	6
0	0
21	0
4	9
0	1
0	1
0	0
0	0
0	1
8	7
0	6
1	1
0	2
5	158
0	159
53	15
0	2
195	575
0	951
0	574
0	0
35	377
0	892
5	17
3	17
74	17
0	8
0	24
0	39
0	21
0	16
0	3
0	1
1	3
0	1
0	1
0	0
0	2
32	2
14	75
6	75
14	33
31	7
6	6
3	8
0	0
0	0
1	8
0	7
0	7
0	2
0	0
0	0
0	0
0	0
2	0
0	0
0	5
6	162
0	158
0	127
0	44
0	10
64	60
0	3
9	1
0	23
3	43
309	56
0	179
0	190
0	190
0	190
0	1
1	1
0	1
2	1
7	133
9	181
0	0
101	0
131	8
4	7
1	0
0	1
0	18
15	22
0	6
0	10
0	4
35	1
155	0
66	0
45	66
74	17
31	15
228	236
0	63
0	0
6	0
0	55
0	411
12	412
0	4
2	3
19	0
0	11
1	22
0	18
192	15
0	22
10	5
0	5
3	47
0	1
19	18
0	17
0	17
0	9
2	3
2	9
7	0
4	0
36	0
0	0
169	140
191	120
0	110
0	42
12	51
4	42
0	42
0	41
145	31
0	28
6	24
0	20
1	23
15	32
31	22
5	22
0	9
0	32
0	0
15	248
28	1
0	0
65	31
7	31
1082	132
0	0
37	38
0	106
15	20
279	83
0	0
8	11
42	95
18	9
0	28
149	0
8	18
0	18
21	23
119	64
1	7
0	62
0	18
28	165
0	20
336	177
87	180
0	111
3	2
0	0
0	0
502	0
2	0
58	6
0	6
0	6
0	7
0	6
0	6
0	6
0	7
10	6
0	0
0	2
0	109
0	89
0	86
14	99
0	73
0	5
0	23
0	0
0	0
0	0
0	16
18	16
5	0
0	0
21	5
19	3
24	1
0	1
28	213
0	23
0	0
91	4
0	2
18	193
16	16
5	0
9	81
0	175
0	155
84	160
137	0
2	5
8	16
0	18
0	5
7	23
0	2
0	0
1	0
1	0
21	343
36	298
3	121
3	6
25	7
0	5
0	5
0	4
10	0
1	0
1	5
10	5
10	120
0	120
0	15
0	0
3	3
8	11
0	0
9	2
4	2
6	0
0	0
13	0
32	48
188	31
4	28
0	16
0	13
0	17
2	0
0	0
0	0
0	0
0	0
0	0
0	0
9	0
101	55
10	66
0	0
0	0
0	0
0	0
0	183
27	55
7	32
7	29
1043	35
0	0
0	26
1	8
0	23
0	29
52	13
46	12
13	4
30	4
30	7
0	7
0	0
0	0
0	0
0	0
4	0
1	46
0	9
0	225
0	225
0	0
0	191
0	192
0	30
0	0
20	7
0	2
0	1
0	6
0	6
2	832
17	83
0	63
0	53
0	71
10	13
3	0
0	0
2	17
0	834
0	851
290	17
1771	40
0	2
19	40
13	1
207	2
0	2
6	0
23	1
0	0
0	0
11	10
114	38
83	42
0	14
6	13
3	0
4	0
57	0
4	81
17	87
7	80
70	60
0	2
6	27
0	1
6	64
0	64
166	1
83	133
0	109
133	25
3	0
0	0
7	0
10	0
0	5
15	7
113	206
0	53
0	182
22	181
0	110
0	104
0	47
0	0
61	90
36	90
0	4
7	0
9	0
0	6
0	4
206	983
0	18
0	26
2	7
0	6
11	954
0	1
0	0
0	15
0	386
2	325
1	24
20	301
0	0
18	301
1	12
0	12
18	12
39	0
80	0
11	91
93	309
0	91
14	6
0	217
0	0
0	6
0	107
0	85
16	0
6	0
0	13
0	39
0	11
7	2
22	55
0	17
0	11
0	18
7	0
46	91
24	7
0	7
0	0
0	5
624	110
2	2
3	8
0	6
0	4
0	55
10	0
29	32
0	0
0	55
0	76
4	0
344	135
791	137
84	78
2	62
46	34
0	9
0	9
0	7
0	8
0	7
0	5
0	8
4	0
372	116
6	96
294	11
4	0
21	109
0	109
0	10
18	10
107	7
1	1
0	1
0	0
276	47
0	1
2	3
0	0
1	0
0	47
19	101
0	101
0	15
1	12
0	7
4	2
0	5
1	5
0	2
0	7
13	20
0	20
4	7
0	6
0	3
0	0
2	0
0	0
0	2
3	68
0	3
5	57
0	17
179	37
0	1
1	1
199	2
0	10
0	11
0	3
0	2
0	693
0	682
0	42
0	24
56	12
0	689
0	14
26	62
17	4
1	4
1	283
0	283
38	26
2	9
10	105
9	1
336	365
1	368
0	16
1	12
0	0
1	2
9	20
2	481
0	479
0	178
0	26
0	126
5	132
0	22
0	15
0	15
0	15
0	15
0	15
1	0
172	158
5	3
2	155
0	0
38	3
2	31
1	3
15	44
0	68
2	262
0	37
60	282
6	12
11	0
0	3
0	152
0	68
30	27
0	6
9	21
0	11
0	105
0	4
0	13
46	90
0	0
5	13
18	28
0	0
0	19
0	0
4	0
0	0
0	2
0	4
0	28
0	26
54	0
12	230
0	159
0	2
7	157
0	0
8	225
0	0
0	0
0	0
0	1
0	1
4	44
8	51
0	6
0	30
10	18
267	6
4	3
18	15
5	0
20	0
10	0
0	0
0	0
0	0
5	5
4	0
6	0
66	57
0	116
0	116
0	116
4	13
28	20
61	283
0	227
0	7
0	1
24	29
0	0
1	29
0	41
7	37
0	35
2	0
0	4
17	0
0	42
41	1
0	0
2	1
1	37
0	6
0	11
0	11
698	24
0	24
0	1
1370	66
0	62
0	4
2	1
0	4
0	24
0	63
0	10
8	0
42	18
18	15
0	18
7	3
8	0
1	0
0	43
0	0
11	2
1	0
0	43
9	42
0	8
0	4
1526	15
3	0
11	33
0	15
0	0
14	0
0	16
0	9
2	0
4	0
0	0
0	9
0	2
4	0
0	53
0	21
0	19
8	53
0	33
3	35
0	33
0	74
0	74
0	89
0	89
0	89
0	0
9	0
415	3
0	1
0	0
0	0
6	0
0	0
0	92
15	3
0	91
0	2
0	16
0	46
0	2
0	2
0	0
6	16
82	83
152	0
2	37
0	21
0	12
5	1
0	7
0	7
0	7
6	7
0	8
0	0
5	53
0	8
23	245
54	384
0	361
11	13
0	0
2	3
55	0
0	109
13	13
0	6
0	0
0	0
0	5
1	1
0	1
1	0
11	1
5	109
2	79
203	18
0	4
0	85
2	5
13	24
8	7
0	96
0	1727
0	7
0	1718
0	1896
34	0
0	1898
0	1725
0	0
0	2
0	18
0	18
0	2
0	2
0	423
1	1597
0	11
0	11
0	0
26	0
0	65
6	16
1	9
0	53
0	62
0	7
2	7
5	51
0	0
0	5
0	44
0	61
0	63
0	31
0	23
0	26
0	20
0	26
0	26
0	20
0	7
0	14
0	14
63	0
2	4
310	21
0	3
0	2
0	0
0	2
6	2
583	0
3	4
0	4
0	4
4	0
0	87
0	87
6	0
0	3
0	50
0	4
0	3
0	8
0	0
8	23
0	15
10	0
5	0
0	48
0	48
12	44
0	17
0	18
0	26
0	13
15	4
3	3
18	9
1	2
0	17
8	1
0	6
0	6
0	44
0	21
0	50
1	6
1	44
0	42
27	53
0	57
0	54
0	11
0	0
6	3
0	0
0	0
1	11
6	8
280	0
0	0
0	0
0	0
36	423
0	906
0	67
0	731
0	75
2	12
12	126
55	126
18	62
1	0
1	0
30	0
2	0
13	9
49	112
0	229
86	836
0	1
141	801
80	191
0	10
0	196
0	196
0	186
809	20
0	20
0	73
621	93
0	22
0	20
67	20
746	14
11	9
613	282
0	0
0	96
1	2
0	246
3	2
0	259
0	257
0	6
0	3
0	4
4	0
8	0
0	105
0	23
0	105
0	1
6	11
0	5
5	3
14	2
7	3
0	7
1062	31
227	27
0	2
0	21
0	0
86	25
0	0
27	27
0	2
27	27
7	27
1	26
92	105
0	10
0	90
0	97
0	7
16	4
35	26
0	1
0	0
15	21
0	4
0	6
3	17
0	11
0	4
8	0
14	124
16	125
42	141
538	140
0	76
0	76
0	91
0	91
4	5
0	0
0	0
5	0
2	0
0	0
8	0
4	0
15	8
12	188
1	181
3	118
0	0
2	0
0	0
0	8
0	1
3	7
0	7
2	68
0	116
19	505
0	511
0	108
56	452
0	0
0	6
2	0
0	0
1151	26
2	5
0	26
0	24
0	23
0	4
43	1
17	1
0	0
0	0
7	7
3	7
0	0
23	8
1	7
113	8
226	174
8	174
0	1
0	1
0	1
0	0
0	0
6	8
0	19
4	19
2	8
0	0
0	0
0	0
3	77
257	412
21	412
4	25
0	30
0	20
0	0
17	4
0	0
91	4
1	0
0	0
1	0
23	106
563	118
11	79
0	20
4	0
5	2
8	3
0	4
0	13
0	0
5	17
11	0
0	13
2	13
12	0
0	23
893	23
57	12
4	0
33	100
0	72
0	17
3	28
59	0
0	1
1	3
3	8
43	378
875	346
0	351
0	396
0	161
0	43
0	19
82	119
32	1
10	80
150	157
0	61
2	77
10	84
1	75
0	31
0	29
0	29
0	29
0	29
0	36
0	29
0	6
23	8
0	1
0	6
2	0
4	4
0	2
23	1
0	0
6	0
6	2
1	1
0	1
5	6
0	3
15	7
0	7
7	91
0	4
141	91
16	0
1	7
0	7
0	535
0	535
3	266
1	0
0	0
0	0
7	0
0	11
0	0
4	5
0	0
13	0
135	161
2	0
0	56
0	25
0	161
30	11
0	11
0	9
0	8
0	110
165	54
0	32
0	35
0	25
0	112
11	60
16	53
33	96
0	41
2	98
0	36
0	24
0	94
0	17
45	33
0	34
0	0
12	0
342	0
0	0
0	0
69	10
80	10
0	6
0	6
0	6
0	0
11	2
0	2
2	17
0	22
0	22
0	0
0	3
9	12
0	12
0	12
0	0
0	0
3	6
0	7
0	19
0	19
1	166
49	150
0	11
14	13
0	9
82	58
0	61
0	65
1	68
0	70
0	65
0	6
0	44
4	2
0	2
3	1
0	1
0	89
0	46
0	13
0	13
0	11
0	61
0	52
0	44
0	34
0	34
0	16
2	34
0	3
4	7
0	2
0	10
0	11
0	61
0	2
0	2
4	1
0	9
0	9
0	3
0	20
40	69
0	60
4	0
227	8
1	0
20	36
0	7
0	315
0	1
0	2
3	0
0	24
40	20
5	20
16	83
16	220
0	204
4	1
658	229
0	9
0	89
0	89
13	56
33	21
11	90
0	9
0	84
0	1
0	1
0	1
0	1
0	0
0	1
85	136
0	1
184	0
6	1
252	17
0	7
5	3
0	1
0	1
0	8
3	0
6	121
0	74
12	1
0	0
4	14
2	14
66	0
0	1
0	1
1	22
0	22
0	0
153	142
0	106
6	15
0	60
0	1
13	1
0	2
0	4
0	1
0	30
2	30
0	16
0	12
76	12
0	11
0	3
0	3
6	19
0	0
0	1
0	8
0	8
0	1
0	15
0	17
0	11
0	30
0	24
0	30
0	431
3	431
906	2
0	169
0	169
20	158
0	0
14	0
1	0
4	0
0	0
4	61
0	20
352	0
3	0
15	255
7	15
2	15
0	0
0	8
0	3
0	3
24	1
56	0
3	26
16	26
0	26
0	26
0	13
0	0
0	1
2	0
1	0
6	0
0	0
0	0
6	2
0	2
0	80
0	0
25	80
0	0
12	50
1	47
0	14
5	18
1	0
3	0
0	0
0	4
0	3
4	0
2	3
1835	1
133	253
0	76
1716	68
0	47
0	41
208	0
74	23
0	76
0	66
0	28
48	20
0	4
0	5
24	6
251	96
0	54
2	1
0	81
268	135
43	46
11	12
43	17
0	5
0	0
1	0
2	7
2932	153
1	2
21	2
38	13
0	13
0	272
13	13
0	65
0	3
31	262
0	2
10	0
5	17
9	363
0	102
0	35
17	0
0	2
0	0
0	1
52	363
0	29
30	7
0	45
0	24
1	38
5	20
0	4
0	4
0	29
0	0
5	9
0	6
0	0
0	0
1	0
27	0
0	1
0	1
0	1
0	1
0	1
3	0
0	1
2	1
0	0
0	1
5	4
1	4
0	3
9	17
0	17
0	17
0	17
4	79
0	57
0	46
0	13
6	1
0	46
328	91
0	91
0	142
0	94
2	7
76	158
0	59
0	113
129	0
3	0
0	0
75	14
0	11
6	0
343	220
0	52
0	2
0	142
0	149
7	160
0	0
0	0
0	0
0	0
1	0
0	110
62	110
0	67
15	0
18	23
0	6
0	0
0	0
0	0
1	1
3	2
0	2
0	0
0	1
0	0
0	1
0	43
3	1355
0	1355
0	1355
184	1282
1	1274
17	237
2	131
4	162
17	169
0	127
0	124
0	190
0	141
0	138
0	174
0	113
90	13
7	135
27	178
352	170
0	0
6	6
4	0
9	32
0	28
458	29
0	31
2	1
12	3
28	719
0	61
0	111
0	111
0	100
0	93
60	371
0	371
0	14
200	139
13	20
0	135
2	0
4	63
0	63
0	30
7	1
4	1
21	89
0	78
0	51
157	15
44	744
0	33
210	72
0	22
0	65
5	0
0	9
4	9
11	1
0	1
2	0
348	15
26	14
5	1
50	60
0	14
0	48
624	48
0	7
258	165
7	20
156	31
0	61
0	157
1	106
17	33
0	1
0	3
0	19
0	79
61	116
177	403
169	96
42	73
3	6
0	5
0	1
2	0
2	0
0	0
4	0
1	0
0	13
75	2
8	33
0	8
169	58
5	171
0	132
0	162
3	9
0	0
0	139
0	161
0	202
0	178
6	178
167	199
14	38
0	10
5	41
0	4
0	1
581	140
0	140
59	63
1	67
0	26
0	9
88	4
62	12
0	0
0	0
14	30
0	3
18	219
54	219
4	59
7	41
11	48
0	31
14	16
7	22
0	3
0	50
1853	11
0	30
0	81
0	3
0	3
6	26
139	78
2	6
0	1
6	1
34	0
0	10
0	5
0	1
49	17
2	0
0	17
0	6
0	6
0	2
0	0
0	2
83	213
0	11
0	180
1	193
22	13
69	13
0	7
0	7
0	25
42	20
0	7
0	0
0	0
0	2
18	7
103	44
84	44
23	11
0	61
0	61
0	128
0	12
0	75
0	401
30	83
0	31
21	0
0	5
1	2
16	16
0	2
0	3
22	0
186	311
1	0
5	1
0	29
0	23
0	25
0	0
567	4
0	3
172	466
0	466
0	430
0	433
4	377
0	0
0	76
0	0
0	4
0	5
0	15
2	60
0	93
4	34
1	3
0	0
4	0
0	93
18	142
0	98
0	25
16	25
3	0
0	6
3	117
1271	0
48	25
0	25
0	25
0	3
0	0
0	200
0	141
63	0
12	64
0	0
0	0
1	3
0	3
535	0
8	4
0	0
0	4
22	0
16	10
0	9
0	18
9	19
43	15
0	18
81	23
0	18
0	23
0	25
8	46
6	36
0	36
54	3
424	73
0	73
63	0
11	5
0	5
0	101
0	53
0	29
0	20
0	19
0	20
0	19
0	8
92	384
0	1
0	373
50	11
0	0
393	45
0	45
644	52
2	52
0	52
232	20
27	8
0	6
0	9
160	0
4	187
0	138
0	88
12	62
186	99
92	73
46	10
0	10
586	0
17	5
0	0
0	5
0	17
3	45
0	24
0	20
0	20
0	39
15	57
0	7
0	23
12	23
0	5
0	7
0	17
0	21
126	1
0	1
0	0
204	0
118	80
0	90
0	6
0	106
0	64
13	12
0	12
0	90
324	0
0	0
0	0
29	30
34	36
40	9
30	3
0	3
5	0
0	6
1	2
0	2
22	0
51	21
0	238
0	230
5	261
0	223
0	19
2	225
0	226
0	7
0	242
0	112
0	1
7	0
0	144
0	236
54	34
1	8
0	0
0	65
63	77
0	65
9	65
0	64
0	22
0	22
0	22
0	5
0	22
0	22
100	5
3	0
10	0
0	0
282	18
0	18
0	18
2	31
0	10
2	80
6	80
4	13
0	13
12	0
1	0
0	13
40	12
1	1
6	1
0	0
109	3
0	0
1	1
0	0
6	0
0	4
0	4
0	1
3	62
263	79
0	34
2	12
0	22
0	39
6	34
35	17
2	0
0	0
18	2
12	0
0	4
43	25
0	4
27	31
42	12
0	26
10	15
0	3
0	15
0	6
0	0
1	4
0	1
0	0
0	0
0	3
12	8
26	29
23	0
0	8
0	0
0	3
1	29
1	48
0	15
0	12
5	55
0	37
4	218
0	9
3	7
10	0
3	0
3	0
52	21
55	197
0	0
3	0
4	25
34	0
4	39
0	1
0	0
0	38
0	41
0	4
700	45
25	28
5	17
8	28
53	19
0	18
43	215
0	10
0	0
0	2
3	87
5	0
231	211
6	5
0	5
0	1
0	104
0	58
0	0
0	24
0	0
2	0
0	2
0	2
30	23
0	23
0	0
0	0
0	0
0	0
0	39
32	94
0	94
0	1837
0	1391
7	1742
3	24
0	11
0	1417
0	2
0	4
3	0
0	50
0	66
4	540
51	0
0	24
0	55
0	10
35	49
0	6
0	6
16	6
21	488
0	401
0	401
4	154
0	154
0	170
3	265
6	0
0	0
0	0
0	0
601	55
0	139
0	14
0	93
8	0
46	53
0	7
0	52
1	35
0	50
9	1
0	866
0	852
9	862
315	22
11	8
0	5
0	3
0	3
5	3
0	452
0	146
0	146
0	64
0	67
5	3
2	6
1	6
0	3
1	163
2	18
0	45
117	64
0	64
498	101
0	2
0	2
0	94
0	2
0	4
0	7
2	7
0	6
0	14
0	17
0	17
1	8
160	8
0	9
26	58
0	24
0	34
0	6
34	0
0	28
25	33
0	33
92	26
2	28
16	42
279	35
58	2
35	0
0	0
537	58
0	11
0	4
0	11
2	12
0	1
0	4
0	4
0	3
0	7
0	8
0	8
7	0
18	1
0	3
22	3
9	1
28	20
0	1
0	4
0	17
19	7
14	0
0	7
96	8
4	8
1	4
4	4
0	0
0	0
32	9
1	3
31	28
357	37
0	13
675	7
0	4
0	3
28	16
2	12
29	47
2	23
2	27
0	6
0	6
0	6
0	6
0	6
3	0
2	0
0	20
0	25
26	25
38	58
2	58
0	58
1	45
0	38
527	27
15	17
0	0
19	5
0	5
0	2
0	11
0	10
1	4
0	4
129	29
4	0
56	29
0	67
18	101
0	67
659	0
15	52
0	2
0	19
65	52
17	65
13	47
41	40
8	35
77	61
3	2
0	4
0	99
4	100
0	6
0	12
16	5
9	1
0	8
0	12
132	0
2528	0
0	2
0	2
11	2
2	0
6	101
0	2
15	2
0	0
0	0
0	0
0	0
69	0
16	7
2	149
0	0
0	0
0	22
99	115
804	272
47	352
3	24
0	71
13	3
111	274
5	0
0	274
0	30
6	11
0	25
0	0
0	0
0	0
10	23
0	0
7	3
8	5
0	6
0	4
0	2
2	33
4	13
0	9
0	18
1	0
5	0
0	0
4	10
24	5
12	2
5	0
17	0
0	8
0	0
341	20
0	20
0	8
62	6
60	6
90	39
0	39
0	4
61	1634
873	1958
0	475
0	9
2	14
8	21
0	1
0	1
10	7
2	0
0	0
0	6
33	320
0	254
0	315
0	46
5	1
2	1
0	19
0	20
0	4
0	19
9	21
0	19
0	5
0	2
130	0
13	1
77	30
5	33
0	2
0	0
0	0
0	5
1	0
0	2
0	0
0	0
2	4
0	4
3	31
172	94
0	0
0	7
0	7
6	11
0	5
282	12
0	3
0	16
0	8
0	16
5	0
111	194
0	70
0	160
0	207
0	441
128	441
14	0
45	67
0	134
0	162
0	28
0	180
0	65
3	4
6	6
1	4
0	3
0	0
22	2
0	0
22	27
30	0
206	4
0	0
0	4
5	0
16	0
5	0
0	0
46	140
12	91
3	137
0	137
0	125
0	130
27	70
36	68
0	1959
0	1959
32	67
1004	58
0	48
46	20
0	0
48	0
2	0
24	86
2	50
1	25
0	51
0	6
236	0
149	7
0	6
2	4
0	43
0	34
0	6
0	2
0	1
1	1
0	1
0	0
0	0
0	0
0	0
2	0
47	671
10	16
0	16
0	0
1	0
0	0
0	0
0	10
3	12
0	8
1	0
6	0
0	8
0	0
0	6
0	8
11	0
9	4
0	1
2	4
138	281
91	25
8	0
6	2
0	0
19	1
2	0
1	23
5	20
36	4
0	35
0	4
0	4
0	0
0	3
0	31
0	23
0	4
0	4
0	15
0	0
1490	0
5	19
13	28
0	28
51	161
0	160
35	77
20	82
174	3
0	3
0	21
0	13
0	4
0	12
0	9
0	9
0	9
0	9
0	10
0	9
0	9
738	209
51	57
53	1
26	107
38	0
6	0
0	23
0	23
1	8
0	2
14	0
38	11
1	0
21	9
22	30
17	2
0	0
0	1
36	1
0	1
0	2
2	2
0	0
0	2
10	33
206	137
0	224
68	82
0	207
0	103
8	289
0	31
39	80
8	99
0	96
27	56
0	46
0	49
0	21
0	0
0	0
7	0
6	0
11	3
2	0
0	0
0	0
0	0
0	0
2	0
4	2
0	4
0	4
0	99
1	4
3	1
0	4
44	18
0	18
3	4
0	1
0	0
3	1
0	0
22	455
0	472
5	0
12	502
7	139
0	96
19	1
4	1
147	18
0	6
0	5
0	0
10	2
19	11
0	9
29	16
12	16
2	2
6	10
0	10
0	7
0	0
0	14
45	923
0	915
0	5
0	1
0	0
22	0
0	923
0	8
71	8
0	3
0	3
0	2
0	2
0	2
0	827
0	141
0	42
0	71
0	71
0	98
0	65
33	54
0	57
0	70
0	73
0	44
86	80
396	33
0	12
0	1
0	1
0	4
0	12
2	0
0	2
0	35
43	0
6	0
0	3
23	0
27	39
0	827
0	827
0	827
0	5
0	4
0	2
0	2
6	1
0	0
0	3
0	3
15	154
0	4
5	0
7	7
0	7
3	0
0	0
0	0
0	0
1	0
0	0
1	3
7	3
0	3
0	3
0	0
0	0
39	85
1	75
0	45
0	31
4	24
0	10
0	0
0	1
0	0
7	1
1	0
0	0
0	0
1	0
0	0
1	0
51	0
0	1
5	1
0	0
0	1
0	32
0	32
0	4
0	3
0	0
0	0
0	32
0	32
0	4
0	3
2287	4
19	4
43	14
0	14
19	159
0	159
3	0
0	0
33	4
0	0
0	4
113	44
142	44
0	44
208	86
13	43
20	11
27	23
28	45
0	15
7	10
0	28
1	2
6	2
3	5
0	7
0	135
365	135
13	273
13	268
0	273
4	233
2	6
194	0
32	0
0	7
147	266
125	266
71	0
28	5
1	1
14	0
22	121
18	103
0	103
0	12
0	51
0	5
0	39
133	102
0	82
0	20
0	12
1	0
0	0
0	0
0	1
0	2
1269	33
0	33
0	0
15	0
0	4
311	119
0	108
0	79
143	34
5	0
0	11
1	11
57	3
4	0
0	2
0	5
0	4
7	130
0	34
0	16
0	109
10	111
0	16
0	0
8	0
5	0
0	15
0	15
4	27
1	1
1	0
2	1
0	0
2	11
7	3
5	11
0	746
83	746
21	341
0	342
1	20
0	21
0	21
838	14
0	18
0	18
0	18
0	18
0	18
0	5
34	0
6	2
0	0
16	8
0	28
0	24
0	9
0	4
0	28
33	2
11	290
0	86
0	29
0	0
27	4
29	0
0	4
0	0
7	0
11	17
0	8
4	9
10	17
0	8
0	4
4	4
1	1
6	0
0	19
649	23
0	23
0	230
25	241
0	230
0	230
1	10
3	48
0	37
5	220
2	0
0	5
0	5
0	0
0	0
3	0
16	0
0	0
0	0
40	58
15	33
0	123
0	1200
22	33
2	2
0	36
0	36
0	5
2	45
1	38
0	24
11	4
18	3
1	7
1	0
66	89
0	23
0	6
0	73
0	1
2	1
0	7
14	7
0	134
12	154
16	99
89	71
4	111
245	20
0	0
1	29
0	3
118	9
0	6
3	3
0	3
0	0
608	1246
20	24
0	17
0	35
0	18
0	53
53	68
0	19
0	18
44	61
0	61
6	6
0	6
0	19
0	19
0	8
0	264
0	264
0	264
53	264
0	216
0	42
0	13
0	0
0	0
0	0
0	46
1	53
18	67
0	9
0	0
0	0
1	0
0	0
0	0
0	0
34	3
0	0
3	3
0	0
18	3
0	0
0	0
0	3
0	3
5	6
16	6
20	3
0	6
1	2
1	2
52	28
0	15
1	2
0	0
0	0
0	0
0	3
1	1
15	0
2	2
0	2
0	0
44	27
3	27
11	2
1	0
0	10
0	10
0	2
2	8
4	8
19	0
0	124
25	124
0	84
5	0
1	0
5	7
2	6
0	0
0	1
6	0
2	0
0	39
0	14
0	32
0	32
2	0
0	3
65	4
7	9
0	1
191	140
0	140
20	9
0	5
14	9
7	0
525	0
61	707
0	0
0	0
0	165
22	194
8	165
0	198
0	0
0	0
0	1
0	0
0	3
0	1
0	1
0	22
61	0
0	5
0	28
130	36
19	9
0	2
6	0
0	8
13	0
0	0
354	130
3	133
0	133
61	69
0	35
0	19
1	2
0	19
25	24
19	0
0	5
9	19
11	5
0	0
0	0
0	0
0	0
2	83
0	60
0	20
0	64
0	40
19	14
0	11
386	1
7	21
0	27
0	31
0	31
0	0
3	0
0	4
0	2
0	10
0	3
0	2
0	1
0	2
0	2
0	3
0	21
0	0
18	11
4	11
4	2
5	0
166	3
6	0
0	0
3	2
0	0
7	0
28	0
0	0
0	1
0	1
0	1
0	147
0	50
8	141
3	56
64	18
0	0
0	4
0	64
0	4
1	5
0	0
29	59
0	56
0	2
0	55
0	0
0	0
0	0
0	24
17	54
0	0
0	55
3	0
1	1
36	70
6	65
1	13
0	0
10	5
5	14
89	14
0	0
0	4
13	109
31	46
2	27
33	82
76	60
10	64
46	53
44	48
46	32
0	659
0	20
0	428
0	0
24	0
10	53
0	31
0	0
0	3
0	2
0	5
4	3
1477	709
15	702
0	692
0	595
0	450
0	453
0	454
0	0
0	0
0	0
13	0
0	0
29	3
0	3
0	0
0	0
0	3
2	3
5	3
0	0
42	81
48	46
0	33
0	3
0	6
0	33
48	59
15	32
2	4
0	4
2	0
45	12
0	1
0	0
0	3
0	16
0	2
0	16
31	56
0	124
0	25
3	21
0	38
10	40
4	21
0	49
0	18
0	29
0	31
0	18
2	0
4	2
34	17
0	0
4	0
2	0
139	13
3	4
0	4
0	19
0	19
150	10
0	2
2	8
0	10
6	193
3	590
0	0
0	26
327	2
0	2
1	0
0	0
218	0
42	32
0	29
0	23
0	26
285	18
0	11
0	3
3	0
119	23
0	0
3	11
35	11
0	22
8	42
0	43
0	26
0	8
207	109
6	0
10	0
14	0
3	0
12	25
31	12
0	1
0	0
0	0
0	0
1	0
0	14
0	3
625	82
0	41
30	12
35	8
62	0
14	3
510	1217
0	21
0	1113
0	113
0	149
0	82
66	135
0	39
0	163
2	0
36	1
3	42
6	363
0	244
0	168
190	108
0	17
2	0
73	233
0	222
0	225
0	176
0	5
0	3
0	176
5	10
0	10
0	1
63	0
3	0
66	11
9	23
3	6
35	85
0	85
0	0
363	561
0	33
0	21
0	12
82	161
0	74
15	5
28	73
0	17
22	17
8	0
0	0
0	0
0	0
13	0
58	19
0	11
23	19
9	20
259	227
1	207
19	132
7	127
24	20
36	20
1	20
149	25
0	0
81	0
0	25
1186	80
0	80
0	1
1	6
0	8
0	23
16	23
0	7
0	7
0	6
0	3
21	1
2	1
0	6
0	6
0	28
58	48
0	6
0	10
0	25
0	16
0	0
0	5
112	132
17	38
0	102
0	123
167	123
0	0
31	2
0	0
0	2
76	0
0	0
0	0
14	0
0	10
0	1
1	0
18	109
0	85
0	61
0	4
0	30
0	89
13	24
0	24
0	8
14	26
0	5
0	3
14	18
57	37
3	37
0	29
3	0
0	0
24	0
0	46
0	26
0	26
0	25
4	25
0	3
10	1
0	1
0	1
0	0
18	1
0	0
0	0
32	359
0	113
38	65
11	269
0	169
0	1
234	84
0	41
24	343
44	257
21	7
580	9
2	0
280	193
0	242
0	242
0	170
27	0
14	4
0	0
0	10
0	182
0	16
14	12
0	7
1	5
0	0
0	2
2	4
162	9
0	0
0	9
0	0
31	11
0	60
0	60
0	0
0	0
11	0
0	0
0	0
0	0
0	0
1	0
0	3
3	0
77	38
149	101
0	86
0	38
0	69
0	0
1	0
49	20
3	33
0	24
2	46
0	20
0	4
0	15
47	136
0	2
3	9
6	1
2	3
0	69
1	62
62	67
1	66
0	9
0	9
255	0
7	0
0	0
0	0
76	28
0	12
8	1
0	0
1	0
0	1
7	17
1	0
2	0
0	24
0	0
0	41
3	41
0	25
9	1
39	0
18	18
4	2
17	2
0	1
16	29
0	12
0	9
0	3
0	0
368	68
0	29
0	0
0	11
0	11
0	0
7	0
98	0
2	245
0	244
0	8
0	3
4	88
0	88
7	3
0	3
0	3
0	3
0	4
0	4
0	3
5	5
0	2
0	0
0	1
0	0
0	0
0	1
0	0
0	0
0	1
0	1
1	1
0	1
0	0
0	0
0	0
0	0
0	0
0	0
0	0
0	0
16	1
4	1
0	16
2	16
0	3
0	2
4	0
0	11
517	72
2	62
268	21
0	21
7	11
14	1
0	1
0	1
0	0
0	1
42	1
7	0
2	0
0	2
5	2
0	2
11	2
5	2
0	2
0	2
0	3
0	2
0	1
0	0
0	0
0	1
32	0
0	26
0	33
0	33
0	1
0	1
0	0
3	7
0	20
5	5
0	19
0	15
7	0
0	0
0	15
0	0
38	98
0	97
24	89
1	6
0	0
0	0
3	270
0	279
0	296
0	280
23	353
0	326
27	1
210	0
126	0
8	0
91	120
14	0
1	120
2	63
0	63
3	59
0	0
0	0
0	37
0	17
0	1
3	2
0	0
0	1
0	26
0	59
40	25
0	156
0	144
0	107
0	13
0	7
0	0
19	584
1	1
0	584
0	0
0	583
2	4
11	82
0	17
0	12
0	15
29	0
7	36
15	13
0	10
1	0
0	0
0	3
0	3
0	3
3	77
2	77
0	5
4	0
279	17
25	15
0	9
1	9
0	4
0	225
0	92
0	9
835	465
0	301
0	34
0	22
0	17
0	26
0	9
0	22
0	44
0	9
0	9
0	1
0	2
8	0
9	0
2	28
0	36
2	35
3	16
17	11
0	2
3	2
99	2
78	0
9	0
2	8
0	0
0	8
0	88
0	89
0	13
72	43
0	10
0	9
0	43
0	10
14	10
3	3
28	29
24	2
0	1
0	1
0	0
539	625
0	634
1	10
3	1
1	0
29	19
0	30
19	85
0	2
0	15
0	0
0	80
0	4
9	16
0	0
0	0
0	0
5	0
28	0
1	148
5	109
9	118
0	95
0	99
4	7
2	80
0	158
11	382
41	367
15	272
28	2
40	2
0	2
1	0
29	139
0	1
0	140
1565	117
405	143
0	6
0	0
0	19
0	20
0	0
0	0
960	13
1	12
0	0
7	127
57	127
38	5
1	0
84	0
146	3
37	0
0	151
0	21
0	83
10	151
0	25
0	57
23	107
0	138
0	2
11	51
26	99
0	38
0	9
303	56
4	39
1	44
1	0
2	0
0	0
0	0
2	0
3	1
0	7
0	11
0	36
9	20
14	34
0	19
0	20
0	20
7	0
5	0
0	0
99	0
0	4
0	0
1	0
0	0
0	2
0	2
0	0
0	1
0	0
0	13
0	28
0	27
0	2
8	28
64	28
7	13
26	13
14	16
0	16
13	0
2	0
11	17
0	24
0	24
0	6
0	0
0	10
1	13
7	9
0	0
0	0
0	0
17	6
141	6
14	6
3	58
4	58
38	22
1	44
0	14
0	0
0	10
0	72
5	5
0	2
20	18
0	16
0	15
0	16
0	0
12	4
0	1
3	0
0	0
2	2
221	152
12	84
8	84
94	84
0	0
52	50
0	28
7	4
3	4
300	106
1	62
0	28
8	7
0	151
0	150
0	94
7	97
0	95
0	66
38	60
1322	67
0	2
0	0
0	7
0	0
19	0
468	75
6	43
203	35
54	13
7	0
0	0
256	94
0	64
0	22
86	17
0	20
0	2
0	84
2	37
0	37
13	26
0	13
3	3
34	362
3	0
0	3
0	364
0	371
20	1
437	280
16	64
0	66
0	4
125	6
8	9
0	1
1	4
126	155
0	155
0	6
0	2
0	0
0	0
3	0
0	0
1	0
89	59
0	29
0	28
2	11
0	11
0	5
0	10
65	34
0	31
0	118
0	122
0	3
7	1
1	119
0	16
44	16
0	1
7	0
0	61
0	61
61	151
244	94
0	94
0	83
0	2
6	22
0	20
36	20
0	0
0	8
0	15
1	15
0	8
0	6
1	3
0	2
0	9
6	16
0	0
0	2
14	26
0	20
0	18
139	2
0	3
0	3
1	4
1	3
0	0
198	177
0	5
0	5
6	130
36	2
15	57
656	229
14	2
0	3
0	3
27	47
0	20
0	26
0	21
0	48
0	28
108	98
0	22
0	78
0	51
0	12
0	19
1	19
107	2
8	2
14	11
1	11
0	1
0	1
0	0
0	0
0	0
0	0
0	2
5	2
40	0
127	64
12	163
69	70
3	64
2	0
0	0
0	0
3	2
32	1
89	0
1	4
0	10
2	15
0	41
0	15
0	0
1	1
0	1
0	41
16	39
0	39
0	8
2	7
12	1
0	0
2	1
10	0
1	0
0	1
1	0
7	0
325	12
24	2
0	2
5	82
2	3
48	22
0	4
0	6
2	79
20	4
3	0
2	20
0	0
0	70
0	70
2	70
0	26
0	42
0	10
0	0
0	1
3	29
0	22
64	0
0	1
0	4
3	24
0	5
101	772
223	1
26	772
1	627
0	91
0	78
404	151
0	125
0	74
0	39
8	44
408	73
0	14
0	7
0	12
0	7
0	15
0	15
0	76
0	2
0	25
3	6
0	3
0	0
46	0
49	33
0	33
40	33
0	706
0	1
0	1
714	0
371	706
129	43
37	0
0	0
0	43
6	0
202	44
0	44
43	43
0	45
0	10
144	6
0	1
5	6
0	1
0	94
0	6
0	6
6	94
0	74
0	90
0	90
0	133
2	69
0	42
0	4
2	2
0	1
0	4
92	110
0	41
0	6
0	69
0	22
0	2
0	0
0	3
0	6
0	1
0	1
0	3
0	1
0	1
11	51
1	1
0	0
102	1
0	10
0	5
0	7
12	11
0	5
0	22
0	5
0	0
54	0
0	0
16	0
93	0
15	43
0	36
0	39
0	30
15	22
56	14
0	3
177	267
0	55
64	28
49	89
51	2
46	0
11	155
0	71
13	44
0	26
1	29
2	26
46	29
0	29
0	4
1	8
0	8
0	0
0	4
0	4
6	0
0	0
2	0
3	7
4	0
0	4
4	4
0	0
0	0
2	0
0	0
0	29
0	8
0	1
15	76
12	76
0	75
0	21
0	18
0	15
4	4
0	3
0	0
14	25
0	25
0	0
0	0
0	0
2	0
48	16
3	16
52	11
5	6
95	0
1	1
0	1
0	0
0	1
4	21
0	21
0	4
14	6
47	1
0	155
83	155
0	155
0	3
0	80
0	3
0	3
3	3
0	0
0	96
4	0
0	21
29	96
44	73
14	39
27	19
0	42
0	14
0	9
47	0
0	0
0	0
10	10
8	8
22	8
3	6
0	0
0	8
61	80
0	45
0	49
43	6
4	35
14	18
3	33
21	33
0	0
98	113
0	113
0	103
927	116
0	113
8	107
0	17
4	1
0	7
0	7
0	4
0	6
0	11
0	8
0	9
0	6
0	6
0	6
0	4
0	4
0	6
0	1
11	1
0	1
179	55
0	72
5	32
1	27
2	40
0	20
9	20
0	9
0	70
0	2
0	2
0	21
27	227
0	212
2	216
0	1
0	0
1	239
0	1
0	205
172	149
0	145
0	4
0	4
6	0
0	30
0	33
107	33
6	31
13	98
1	95
0	79
0	62
31	90
0	89
4	4
47	1
0	1
5	2
0	2
0	199
6	204
0	1
0	53
0	28
1	25
32	29
2	19
3	13
0	12
1	8
0	3
0	123
0	123
0	0
1	0
281	0
2	0
549	2
0	2
0	0
5	3
28	170
0	167
0	161
0	25
0	186
9	28
10	28
1	8
0	29
3	75
0	20
0	80
235	12
8	12
0	12
0	5
30	0
0	0
2	0
0	0
0	0
9	1
0	3
4	39
2	39
0	3
10	5
543	52
1	52
1	1
5	4
4	8
0	0
3	7
108	71
0	71
7	17
10	1
22	131
0	129
2	131
0	0
0	125
0	8
4	0
69	286
0	284
0	256
0	269
0	12
0	0
0	0
0	53
1	0
0	17
0	73
878	0
0	3
0	7
0	7
2	7
0	4
0	0
1	0
354	169
16	227
0	20
0	4
0	1
0	6
17	6
0	6
0	3
4	0
0	0
122	229
0	63
124	590
0	229
0	226
0	82
0	166
0	166
64	166
0	92
0	366
0	33
0	3
10	3
0	1
0	1
0	0
0	0
0	0
158	19
31	13
0	2
8	12
0	8
0	15
10	0
99	26
4	1
0	1
0	26
0	393
0	395
0	69
12	60
3	53
159	155
263	201
144	201
0	139
7	35
113	41
0	4
0	4
230	0
31	72
2	82
0	22
0	82
1	22
0	22
0	1
256	24
0	24
0	21
0	2
0	2
126	12
0	18
10	13
2	0
0	1
0	9
85	286
6	10
0	1
3	1
0	1
0	6
38	6
17	44
0	33
0	13
0	13
0	2
9	2
0	5
0	18
1	20
10	0
0	14
0	4
0	10
0	10
0	12
0	12
0	10
0	12
0	12
0	10
0	10
2	2
0	12
0	12
0	10
0	12
0	13
0	0
0	0
0	14
11	2
0	0
4	0
0	20
0	20
5	4
0	1
0	1
0	2
0	3
0	0
1	0
0	1
0	4
0	7
0	7
0	106
0	66
0	43
20	43
0	63
0	63
1	3
39	312
0	20
0	14
275	309
0	17
37	8
79	210
0	12
0	26
0	679
8	679
0	24
0	21
7	8
0	0
0	154
0	1
1	11
0	11
0	7
0	12
0	1
0	12
47	0
0	11
10	11
0	7
2	10
11	110
2	88
24	46
0	27
7	28
7	355
0	355
123	5
66	140
5	136
0	2
0	8
11	3
0	0
0	0
20	7
0	7
0	2
11	0
6	18
2	18
218	0
53	0
137	16
0	18
116	9
23	16
7	29
1	29
0	16
9	16
0	9
2	0
1	612
1	0
0	615
0	614
0	612
8	0
0	2
0	604
1	2
2	1
4	2
0	0
0	48
0	0
0	0
0	65
0	65
3	65
0	65
11	65
0	65
0	65
0	65
10	0
29	0
15	0
27	0
68	0
9	14
0	14
0	6
17	139
155	139
0	0
43	15
0	162
0	217
31	15
1	65
0	58
0	459
5	54
0	7
0	454
0	5
42	7
7	0
0	0
8	2
32	51
352	49
5	45
11	0
3	0
1	0
6	7
3	0
0	0
25	3
0	2
0	1
1	0
138	176
0	151
0	136
0	0
3	4
0	8
13	31
6	31
27	12
0	10
0	4
1	0
0	0
1	1
0	0
744	0
0	10
0	7
0	1
125	57
18	193
0	177
11	0
33	238
0	2
0	1
16	1
6	0
0	0
6	21
1	3
129	71
0	26
0	232
18	27
52	209
0	3
0	212
0	185
36	135
0	135
42	94
6	0
0	89
107	266
0	162
1	3
0	0
3	0
0	0
0	0
2	0
0	13
0	0
0	0
4	17
0	7
6	17
0	7
0	7
25	17
4	14
0	13
44	8
4	8
0	8
12	17
3	17
71	94
0	92
0	90
3	2
0	0
22	0
259	2
0	2
4	0
0	15
0	15
0	1
0	1
0	4
0	4
0	1
1	4
0	8
0	8
0	14
0	0
0	0
0	0
0	6
0	42
0	254
143	254
14	38
0	57
0	41
0	11
0	48
1	32
0	39
0	5
0	4
11	3
19	13
0	71
0	70
3	0
126	298
0	75
0	0
0	2
40	2
139	20
1	21
0	4
0	161
0	2
0	2
0	1
0	1
0	256
11	3
3	6
0	1
0	155
0	50
201	107
0	83
0	497
0	497
3063	228
360	228
7	42
46	50
0	250
0	27
20	227
0	5
1	5
0	29
13	0
0	0
92	380
1	4
3	0
5	8
2	0
36	11
0	0
0	0
1	0
0	0
0	10
16	0
0	22
0	21
0	22
0	1
39	13
0	72
0	72
1	29
0	28
0	0
1	0
12	77
0	29
4	2
17	35
11	35
0	0
57	41
0	9
0	10
0	3
0	1
0	1
0	0
0	17
15	48
32	54
0	40
0	40
238	12
0	13
23	0
4	18
0	30
0	13
0	1
0	1
1	0
1	0
7	0
2	59
2	0
0	0
0	0
4	4
0	0
1	0
154	394
0	394
28	3
0	3
1	0
0	0
0	261
0	261
22	6
444	24
2	0
60	25
0	49
0	22
0	39
0	1
0	0
0	43
0	1
526	156
53	6
0	6
0	6
52	6
4	35
0	10
0	3
42	277
0	0
0	3
0	0
0	0
3	0
1	0
176	618
35	8
0	1
100	8
0	1
0	3
2	127
1	27
4	5
0	5
54	279
2	157
0	187
0	2
0	3
0	17
2	7
36	5
0	5
0	1
8	0
33	10
32	150
0	235
0	8
0	3
0	506
0	505
1	8
0	8
7	28
10	100
58	123
0	2
0	137
0	137
0	38
0	295
0	1
975	371
0	44
0	43
24	46
155	46
152	63
2	59
0	22
0	1
42	15
37	0
0	299
0	298
0	291
0	20
0	13
2	35
0	55
0	16
0	8
0	55
0	55
0	148
0	148
0	77
39	26
153	24
1	5
0	10
3	0
21	0
2	8
0	9
0	9
0	9
0	9
6	8
6	9
45	18
12	1
5	1
0	15
2	7
0	4
23	52
1	30
12	29
253	45
0	89
11	36
0	60
0	11
0	3
0	63
0	63
14	47
0	13
81	233
7	216
0	23
0	1
90	28
2	66
45	45
0	9
0	4
1	61
17	85
120	72
433	64
0	1
0	0
3	1
0	1
1	47
0	11
600	6
52	2
0	4
174	23
0	23
563	1086
0	0
10	62
0	8
328	8
55	9
0	2
11	45
17	15
0	14
45	358
4	358
15	300
7	83
39	16
0	18
0	18
0	16
0	38
0	11
15	23
10	2
0	2
148	0
11	33
0	5
59	42
1	24
0	26
0	26
0	13
1	7
10	0
4	4
0	2
0	11
0	0
0	0
0	0
21	0
5	0
9	62
0	3
10	3
0	17
39	3
0	3
5	0
3	59
13	9
0	9
0	0
1	0
2	138
0	72
946	85
0	133
4	95
0	92
48	4
0	6
164	106
195	5
0	12
23	0
0	84
0	10
0	15
31	1
0	2
15	8
0	113
0	43
0	13
0	7
0	0
230	43
40	18
0	56
0	56
23	63
0	63
0	63
9	4
6	0
0	43
0	113
6	2
0	2
0	2
86	10
0	5
0	5
9	5
0	10
0	0
4	0
208	11
95	11
14	0
10	5
45	5
0	9
0	9
0	1
0	5
44	66
3	66
0	7
1	0
7	0
0	4
0	50
26	94
0	3
18	6
0	33
0	3
149	19
0	43
1	45
303	25
0	12
4	24
10	76
2	0
0	0
0	7
2	16
136	84
0	3
0	4
0	8
0	13
3	79
12	22
0	56
0	161
0	131
12	113
0	22
54	55
104	22
6	139
797	0
0	724
47	344
18	382
437	83
0	1
353	520
0	0
61	0
1	514
37	72
0	66
5	46
0	6
0	0
11	4
67	3
0	7
0	0
0	87
6	159
0	7
1	7
0	0
0	0
2	0
0	0
0	0
0	1
0	0
0	0
2	0
0	0
0	0
0	0
0	7
4	0
33	0
0	43
0	1
633	43
166	2
267	89
1	89
0	0
0	4
0	5
0	11
3	40
5	40
0	18
0	1
0	0
0	4
0	40
0	43
0	0
1	6
0	6
0	6
0	0
0	6
0	6
3	6
576	0
148	801
14	181
0	3
0	1
4	14
16	38
0	43
143	71
0	21
0	29
0	18
0	29
0	15
0	13
0	18
0	15
0	14
0	4
0	2
0	2
0	0
22	1
0	1
12	2
2	2
323	0
61	0
296	106
25	94
9	19
0	14
0	16
12	20
0	15
1	4
226	0
10	94
15	33
0	61
0	1
2	31
0	95
0	14
26	0
0	0
0	0
36	17
0	0
0	0
290	15
4	0
1	0
4	0
13	84
6	0
0	84
18	83
0	8
840	54
7	73
42	101
0	47
1	80
2306	0
136	0
0	0
34	68
0	52
0	52
0	53
0	68
0	0
0	2
5	2
0	5
0	54
3	7
0	51
0	5
0	0
1	0
1	6
0	19
0	13
232	117
0	20
0	18
0	108
0	6
0	49
12	84
0	1
0	32
0	1
0	0
0	0
0	0
0	1
683	339
0	296
0	279
0	217
37	231
33	209
0	163
0	116
0	137
17	109
0	128
0	103
0	83
0	10
0	0
50	28
0	28
0	28
0	5
0	0
0	1
0	28
0	24
0	28
20	28
0	20
0	14
0	14
0	6
2	30
0	62
148	90
0	28
6	1
0	7
0	69
0	0
0	0
132	0
11	47
210	47
9	19
0	7
45	4
0	1
0	3
0	1
0	1
0	1
0	1
0	162
0	262
0	697
15	15
1	0
5	0
3	406
0	2
0	262
0	562
472	0
11	15
0	0
782	71
0	30
43	0
0	0
0	0
6	22
12	15
0	0
5	14
0	9
1	2
7	0
74	599
41	0
7	74
215	74
8	17
0	14
0	2
28	1
7	5
0	6
0	7
1	6
0	6
1	1
2	0
0	0
0	1
0	0
0	0
0	0
0	0
0	6
0	9
0	3
0	5
0	22
0	19
0	7
19	10
94	1276
25	7
0	1
58	348
0	28
0	165
0	39
5	16
6	0
0	2
41	0
11	208
4	206
1	212
0	107
1	0
0	0
3	0
0	6
0	2
480	197
0	197
193	599
0	6
0	6
1026	579
0	593
0	60
4	71
48	1
1	1
6	3
20	3
0	2
0	3
36	6
2	5
0	5
4	0
5	2
24	3
1	1
0	27
0	19
32	0
8	9
0	0
1	9
0	5
2	13
1	13
2	7
0	2
0	0
308	4
26	3
0	22
0	57
0	62
0	57
1	25
12	161
0	5
0	48
28	123
26	9
0	0
0	1
0	6
0	6
0	6
0	3
43	19
0	5
0	5
0	5
0	6
0	5
0	5
0	5
0	5
0	4
0	1
2	1
31	47
7	47
72	287
3	10
1	18
0	82
3	5
41	40
225	40
0	0
14	15
76	76
13	76
0	69
1	12
0	9
0	1
0	0
0	1
0	2
0	2
3	2
24	2
0	1
1	1
0	1
241	73
0	54
0	18
0	1
0	14
44	51
3	13
0	0
0	0
0	37
447	0
0	0
7	0
2	17
168	8
0	6
15	4
0	0
7	1
0	1
14	0
15	0
0	0
0	0
0	0
0	0
0	0
2	0
67	7
0	0
0	3
0	23
4	23
0	17
0	12
1	17
0	0
0	0
0	2
0	820
1	2
17	40
0	1
0	833
0	4
1	0
0	1
0	11
658	830
0	35
1	0
18	4
0	1
6	4
0	37
3	1
0	0
9	37
0	31
0	5
18	7
0	2
38	17
0	2
0	2
0	4
0	4
29	0
0	0
2	2
0	0
0	0
0	2
106	82
0	29
0	19
0	69
0	2
32	57
18	9
0	2
0	1
21	13
0	2
8	124
0	115
0	78
0	11
63	53
8	12
0	9
60	19
0	9
0	18
0	12
176	10
0	4
0	3
0	20
4	0
0	0
0	0
0	0
0	0
0	2
0	2
0	0
0	45
6	50
0	11
0	23
0	1
2	21
3	0
16	7
2	0
0	0
90	7
49	214
0	15
5	0
352	0
0	0
5	2
0	0
23	0
0	2
0	0
0	24
0	23
0	24
1	1
0	1
38	124
0	1
2	0
1	3
0	124
1	0
0	0
0	6
0	41
0	0
0	35
58	11
0	19
17	35
34	3
0	3
44	55
2	53
0	16
0	7
0	0
0	0
0	2
29	107
30	107
0	4
0	14
0	214
0	138
2	15
38	12
39	86
3	20
0	24
0	16
0	14
27	52
0	100
0	6
0	1
0	118
212	154
10	155
0	7
0	18
1	1
0	0
0	4
407	0
0	0
0	0
0	0
0	0
0	0
0	0
0	10
14	10
1	2
1	0
1	3
0	0
0	1
2	7
410	86
421	179
0	98
765	75
0	5
0	8
0	8
0	4
80	1
5	0
9	0
0	31
27	0
0	0
2	0
0	0
0	0
0	0
179	126
1	123
0	4
0	6
1	0
0	0
1	0
1	2
7	48
53	43
0	6
0	6
0	18
0	2
25	9
0	9
0	0
0	0
1	0
1	4
6	22
2	22
0	30
0	29
3	95
0	62
10	75
59	23
311	72
1	34
8	2
11	2
0	34
0	32
5	9
1	3
1	0
0	49
0	146
0	151
0	129
0	306
0	10
10	250
0	90
0	48
0	48
0	30
118	8
0	0
150	24
0	17
1	63
0	61
39	63
0	53
0	3
10	2
0	0
35	205
0	208
0	199
0	11
12	3
0	3
12	1
2	4
19	36
0	39
0	8
2	8
17	0
0	0
2	3
0	1
3	0
12	2
1	0
4	2
0	0
0	0
0	29
0	0
0	29
26	10
0	5
73	237
0	237
0	6
22	0
112	21
0	37
0	9
1	8
28	28
0	29
6	29
0	7
10	5
0	10
15	10
13	7
10	23
0	11
0	17
1	13
52	78
0	73
33	14
0	4
6	0
6	0
0	8
0	9
0	3
5	0
0	4
6	67
0	9
129	0
18	58
11	58
0	44
0	9
0	36
23	22
0	2
0	19
0	14
3	13
0	3
0	3
0	19
2	0
248	276
0	61
148	65
0	67
0	156
2	66
5	9
96	63
0	9
10	13
0	6
0	7
0	2
0	2
0	3
0	0
0	0
0	7
0	105
122	1
0	1
1	0
403	120
9	80
1	2
18	2
3	0
208	1
89	74
0	74
94	12
0	5
853	15
264	16
1183	20
345	0
0	0
0	13
1	13
0	13
0	11
0	7
69	13
0	13
1	52
3	24
0	2
0	57
0	29
0	28
3	66
0	28
0	11
0	15
0	10
0	6
1	84
0	17
0	15
0	6
0	84
0	29
110	11
0	27
0	5
0	5
0	3
0	3
0	5
0	24
0	8
0	2
0	31
0	62
0	0
0	2
0	14
0	3
0	2
80	38
0	30
12	29
14	69
0	57
0	64
0	34
0	12
6	5
1	1
0	0
0	3
0	12
8	0
4	8
16	67
0	63
23	0
20	0
39	0
0	0
3	0
18	7
3	2
0	4
0	8
11	3
0	4
3	1
0	0
0	0
0	0
0	2
4	0
2	0
0	5
1	0
0	4
10	0
36	0
0	92
16	176
0	6
0	88
0	2
0	0
0	2
3	0
0	0
0	82
0	5
0	67
26	73
14	3
0	0
0	0
0	0
6	8
0	0
4	13
0	13
0	4
0	4
0	4
5	2
5	14
0	0
1	0
80	69
0	56
0	59
249	79
0	3
0	3
1	162
0	63
0	53
45	57
0	4
2	1
5	8
26	41
4	22
0	0
0	20
0	0
0	8
0	7
0	11
1	0
0	16
0	9
0	0
0	48
24	92
1	5
0	1
0	2
0	87
1	21
3	1
0	2
0	20
0	1
10	0
0	5
0	12
19	11
0	6
0	6
0	6
10	84
2	11
0	11
7	51
0	107
10	77
0	77
40	107
4	0
12	0
20	0
72	4
0	0
0	0
0	1
0	1
0	4
9	3
0	0
0	0
125	185
0	194
0	45
4	31
0	6
10	2
0	4
0	87
17	340
0	340
0	78
0	2
3	3
3	3
0	1
0	1
0	0
0	0
0	0
0	0
0	7
0	244
19	14
0	7
0	7
0	6
23	0
46	5
45	88
2	88
0	65
0	37
0	11
1	0
80	23
0	23
0	0
4	0
0	0
0	2
177	58
2	58
2	5
0	2
2	0
0	0
0	0
0	20
0	20
0	4
0	20
0	10
0	17
0	9
0	14
12	19
0	13
1	10
0	10
0	4
0	2
0	4
0	4
22	95
0	0
0	0
95	94
0	1
0	1
0	1
247	54
0	78
1	71
0	16
0	28
0	53
0	41
0	8
5	29
29	38
269	32
5	20
0	8
0	13
0	2
0	7
0	3
0	11
0	11
0	0
0	11
3	4
0	30
5	60
0	0
48	0
15	101
25	82
0	40
12	3
0	23
0	4
0	3
15	55
0	4
0	23
6	55
0	3
0	3
0	6
0	76
0	76
0	3
0	4
0	24
0	17
0	17
3	6
0	17
0	68
4	72
0	72
46	1337
95	55
26	51
0	1337
316	3
53	0
0	3
0	117
0	117
0	1
302	209
0	1
1	208
0	47
0	31
0	0
0	3
1	0
7	0
9	62
0	34
13	4
0	16
0	32
7	2
0	6
0	47
0	79
36	121
0	2
0	116
0	11
0	6
2	0
0	64
721	580
0	6
652	567
0	241
29	58
338	58
0	55
16	0
44	106
1316	88
121	233
0	71
3	24
0	24
1	153
7	153
253	137
14	25
9	25
21	25
10	20
18	0
3	0
18	0
16	251
0	251
0	1
217	76
0	136
16	8
0	0
1	0
0	8
14	0
0	0
0	0
0	0
0	0
0	572
0	93
2	0
424	577
0	5
0	5
0	0
0	0
0	1
15	0
0	28
0	26
0	28
0	11
0	1
0	1
0	1
0	583
30	1032
0	84
0	67
0	949
0	181
41	183
2	183
16	7
15	0
25	62
0	62
408	0
0	52
0	38
1	92
0	58
0	5
0	1
60	2
2	0
0	0
0	1
0	10
1	19
0	7
0	0
12	0
0	3
0	3
9	17
0	10
0	0
11	7
2	0
0	0
13	3
3	11
0	11
16	8
0	0
69	19
8	19
0	19
0	14
259	79
12	77
0	76
0	67
1	72
0	24
0	17
0	10
4	1
2	33
0	70
19	24
2	88
0	0
5	22
0	12
0	11
0	11
0	1
16	0
13	0
0	26
0	16
85	14
0	18
74	31
5	8
131	14
44	6
0	28
1	40
0	23
91	17
0	7
0	37
0	2
388	36
15	0
0	0
6	1
0	3
0	2
2	1
3	5
2	0
0	5
0	5
0	5
0	0
0	0
0	9
2	11
0	11
0	5
0	85
0	145
2	0
0	0
4	132
0	35
67	31
53	9
0	9
23	0
1	0
652	0
3	34
0	34
12	0
18	72
0	69
0	53
0	50
0	54
12	12
0	13
5	7
4	5
0	5
0	54
93	76
0	76
4	0
1	2
4	1
45	1
0	85
5	80
0	80
44	24
1	3
19	0
982	0
0	5
0	5
0	17
0	17
0	17
4	0
1	0
378	1045
136	1062
3	993
0	715
0	30
0	26
2	1
2	5
0	0
0	0
0	4
0	0
5	0
4	0
0	47
0	39
0	6
0	0
0	1
0	1
0	6
22	28
0	47
0	23
137	121
0	23
1	119
27	0
0	0
0	4
20	143
0	79
0	76
2	124
68	126
0	0
0	52
0	84
0	7
0	84
0	53
5	133
0	0
0	133
2	0
3	0
2	12
82	69
0	69
0	59
11	70
76	62
0	45
0	12
0	6
0	7
1	4
0	7
6	0
0	0
68	806
0	778
0	14
0	0
1	28
0	0
3	14
158	78
2	73
5	45
45	9
0	33
4	15
1	21
6	35
0	14
34	38
304	82
106	18
3	0
16	14
0	14
62	18
63	26
0	2
0	24
588	15
5	14
1	93
6	19
7	0
0	19
0	30
0	11
0	30
20	2
0	0
0	2
0	103
323	5
0	5
0	17
0	46
0	18
0	57
16	60
0	31
205	6
1	3
0	4
8	1
73	1
384	39
0	37
0	39
1	12
0	12
30	0
0	11
2	1
5	0
0	2
36	0
18	110
0	6
0	23
5	92
0	97
0	14
4	0
3	0
0	0
1	0
7	0
0	55
0	0
1	0
0	24
1	0
0	24
1	0
0	24
0	55
281	858
0	447
68	440
0	1
0	858
0	447
343	75
0	0
9	4
41	50
0	31
0	30
0	49
4	25
0	5
1	10
17	23
0	14
0	10
0	0
0	9
0	9
3	90
0	0
0	19
38	90
5	26
0	29
0	29
0	29
0	18
1	0
0	0
0	4
10	317
122	359
0	2
96	32
0	54
11	47
66	80
0	81
2	72
0	50
0	49
0	12
0	25
0	10
0	16
0	1
0	3
0	2
2	0
0	49
0	83
0	76
0	77
0	83
0	76
0	80
0	76
0	76
0	83
0	66
0	65
0	77
0	77
0	79
0	77
0	76
0	80
0	83
0	77
0	46
0	46
10	44
3	62
0	1
0	1
0	0
2	0
0	0
0	58
0	61
2	0
0	0
0	0
0	0
0	6
0	9
0	7
0	9
22	0
59	12
0	5
0	1
4	0
0	241
80	244
0	3
8	5
0	16
3	0
45	22
0	11
0	0
1	0
6	1
1	0
0	0
88	0
152	8
0	7
3	4
0	3
0	1
75	0
0	65
0	77
0	49
11	0
0	2
0	2
0	46
2	91
75	91
0	12
2	11
0	8
0	2
9	2
26	21
0	0
2	14
7	3
0	0
0	0
0	3
0	1
0	5
0	6
14	5
0	1
27	1
3	1
0	0
0	19
1	16
0	21
95	24
0	24
0	14
0	17
0	14
0	11
0	16
0	11
5	5
8	12
0	8
0	8
0	8
0	2
0	2
0	22
6	12
0	11
0	6
0	0
0	0
0	0
0	1
9	0
3	0
2	0
1	0
0	4
15	4
0	3
14	15
0	2
0	2
0	0
0	0
6	0
0	0
19	0
0	43
7	0
0	0
0	0
0	10
2	10
0	2
0	3
0	2
0	2
29	4
0	1
0	1
0	3
0	1
0	0
0	0
20	40
0	40
0	16
1	8
11	5
30	26
0	26
0	75
21	11
0	0
2	0
0	53
0	0
167	56
56	53
7	0
4	0
0	0
0	14
0	15
10	17
0	5
3	5
0	10
0	7
9	1
24	57
22	53
7	14
0	3
0	5
0	7
0	3
0	7
0	0
159	111
0	108
0	41
7	28
23	20
0	20
0	15
335	232
8	24
0	209
2	179
41	1
29	2
8	22
1	2
0	0
18	0
2	2
0	2
0	0
0	0
5	20
4	16
0	28
8	14
0	66
28	41
0	58
0	18
0	15
0	37
0	0
0	0
1	46
0	16
0	0
0	1
0	1
0	6
0	4
4	0
8	5
408	19
2	5
0	0
0	13
1	6
0	1
6	1
0	0
0	0
20	0
71	177
0	27
0	16
0	27
3	14
81	0
0	18
0	16
5	12
0	12
0	12
0	31
9	134
0	0
0	1
0	0
65	5
0	3
9	0
2	0
0	4
0	4
0	5
0	5
0	3
1	3
0	1
0	2
0	1
0	1
0	1
1	1
0	1
0	1
151	0
29	41
9	15
0	25
0	27
4	0
0	3
0	14
45	55
0	16
1	55
0	39
18	39
3	38
1	28
3	2
0	0
0	0
0	7
2	6
0	12
27	56
0	3
0	0
0	6
0	3
1	0
0	48
0	10
0	0
0	0
0	4
0	0
6	13
0	0
0	4
0	5
0	4
1	15
0	15
115	189
46	153
822	218
0	133
2	11
0	65
0	1
0	4
10	0
14	1
0	4
4	35
0	32
0	0
10	0
1	4
0	2
3	0
5	0
1	2
0	0
0	0
5	2
33	2
3	2
0	5
3	14
0	3
0	5
0	4
1	3
2	0
8	21
5	21
0	18
0	217
0	112
50	0
0	24
0	24
0	10
0	12
0	3
0	3
0	3
0	13
0	0
0	0
0	1
2	1
0	1
152	0
116	209
295	154
0	154
5	16
0	129
0	52
0	45
50	15
8	11
0	11
0	17
0	15
0	11
0	17
1	46
3	129
4	93
0	91
10	0
2	103
0	6
0	25
0	0
8	25
4	69
0	30
0	43
0	39
12	0
0	0
22	1
0	1
0	0
0	16
50	85
0	82
0	0
25	89
4	3
0	3
0	3
1	1
0	36
45	19
0	24
11	29
0	24
0	116
79	26
8	40
73	130
0	0
0	9
3	0
5	0
311	9
0	1
0	1
0	0
91	26
1	11
0	0
2	7
0	0
0	7
1	20
3	8
2	8
0	87
233	87
6	0
17	29
0	29
309	16
17	2
0	2
0	2
1	2
0	0
2	35
0	5
0	34
0	35
0	0
0	0
7	11
0	1
0	11
9	11
0	0
9	0
0	0
0	10
0	27
0	8
0	0
18	0
7	75
322	75
3	0
0	1
2	116
463	169
68	161
2	47
1	8
24	6
0	85
0	140
25	1
0	169
2	129
0	124
0	16
0	3
2	101
0	168
0	168
0	168
0	168
0	2
0	168
0	129
0	9
0	2
0	169
0	0
28	1
0	0
1	0
0	13
8	1
0	1
0	12
0	3
0	12
0	1
10	2
114	32
0	203
0	5
6	8
76	187
0	20
8	0
0	0
0	0
0	0
0	7
0	2
13	1
1	2
18	2
26	2
2	5
0	5
0	5
0	0
0	1
0	1
0	0
2	0
0	2
3	2
0	0
0	0
192	36
33	0
34	35
231	2
16	0
4	0
3	0
0	0
0	0
0	2
3	35
0	34
0	0
0	0
0	0
0	455
0	132
650	519
0	203
3	140
0	140
0	128
0	128
0	15
0	11
0	2
0	0
12	0
0	205
11	0
619	430
0	425
0	7
31	0
0	1
31	1
301	0
264	460
0	187
0	339
1	120
0	44
0	6
0	2
0	7
0	14
0	14
4	21
37	15
0	24
0	5
0	5
180	242
8	242
0	15
127	0
2	2
1	3
0	0
0	0
391	0
35	124
87	157
0	6
84	13
0	66
3	2
0	23
0	23
110	0
0	0
0	0
0	0
0	0
0	0
0	0
0	0
5	6
0	2
0	0
0	0
0	0
2	0
3	4
0	73
0	58
0	67
3	80
9	9
0	17
0	2
0	23
0	23
64	0
0	96
0	51
0	1
1	121
0	4
0	121
0	120
0	120
0	0
0	0
0	0
0	121
92	20
5	95
18	95
0	83
4	46
0	46
2	1
0	1
0	7
0	0
0	2
0	0
0	0
0	0
0	0
82	2
394	573
54	549
6	22
62	570
0	345
0	26
0	20
0	21
0	28
3	549
81	548
2	1
2	5
0	99
0	97
215	27
0	24
0	4
0	1
309	21
0	6
3	30
0	30
0	7
2	7
19	72
0	47
62	44
0	0
0	117
2	11
436	5
2	1
0	6
0	4
10	188
82	148
0	7
1	33
0	30
26	74
0	8
0	8
0	0
2	1
6	0
0	0
2	0
8	7
1	7
0	0
0	0
9	4
0	8
3	22
0	12
0	5
16	5
0	11
0	11
3	0
26	6
0	2
0	2
0	0
0	0
0	0
0	0
0	0
0	11
169	75
39	75
10	9
34	8
0	1
24	13
0	0
0	0
5	0
60	171
0	113
0	3
0	1
0	0
498	17
1	0
0	2
0	15
27	26
0	12
28	11
1	0
0	0
437	2
0	0
1	0
11	20
6	20
2	17
0	13
0	1
0	1
0	1
0	0
301	100
0	99
0	91
210	31
0	25
2	15
15	19
7	3
0	2
0	3
2	6
0	3
16	53
3	50
201	21
0	19
0	23
0	17
0	121
0	67
12	141
0	61
0	12
34	6
0	51
0	9
0	0
0	46
0	51
0	7
0	0
0	41
0	118
0	0
2	0
0	41
7	49
0	51
53	25
0	12
96	10
0	24
0	0
0	2
0	2
58	0
11	10
23	10
4	9
24	15
0	3
6	5
0	1
0	37
0	37
3	0
0	1
14	1
0	1
1	3
15	0
0	0
180	0
301	156
0	46
0	4
37	7
0	7
5	6
1	5
7	3
0	2
3	0
5	76
0	27
0	22
0	81
0	38
0	99
0	53
20	48
0	120
2070	92
31	12
0	3
2	1
3	5
0	5
14	5
12	5
14	5
0	7
0	7
0	0
0	46
13	46
0	25
0	0
0	0
26	157
0	157
57	152
0	153
0	25
0	29
0	21
31	21
3	30
10	0
0	22
136	30
0	12
0	12
31	15
3	7
0	7
4	15
0	2
0	3
7	7
0	17
0	24
71	265
0	265
0	130
4	2
56	4
2	0
2	4
46	7
0	7
4	280
0	279
0	280
1	280
161	282
0	253
0	7
0	7
0	169
0	169
12	13
0	1
0	0
14	12
154	132
0	131
0	0
0	0
36	32
0	22
0	10
0	31
5	2
108	80
0	1
0	2
0	0
0	1
0	1
0	64
0	0
0	1
0	60
10	78
47	306
4	306
0	94
0	3
9	0
62	16
77	0
15	5
0	4
21	1
2	0
3	0
2	0
104	88
0	75
1	75
28	78
0	1
51	16
1	23
15	1
0	1
0	0
1	1
3	2
0	0
0	0
0	0
0	0
0	0
0	1
236	11
0	3
0	7
22	4
1	15
24	21
10	21
64	221
0	230
0	230
29	91
0	1
0	18
3	0
13	0
0	0
5	0
0	0
0	0
0	5
0	1
0	1
0	5
1	73
0	73
0	0
0	0
3	599
31	599
17	0
1	0
1	0
187	28
0	28
7	28
37	28
13	26
0	26
0	26
2	2
271	27
82	4
29	44
0	0
0	44
0	44
0	2
191	273
0	273
47	112
29	44
0	12
0	10
0	35
1	37
1	1
5	2
0	5
0	28
68	0
143	0
0	4
0	0
0	150
6	160
5	39
0	29
0	3
0	47
55	100
2	100
114	88
3	80
1	78
1	76
1	22
0	22
23	24
0	24
3	15
5	11
0	44
88	51
0	51
0	4
0	2
55	0
0	0
0	0
137	42
10	0
1	0
0	1
34	29
171	39
0	0
0	0
0	2
0	10
0	71
7	71
387	57
0	43
0	3
0	25
168	40
0	26
0	33
0	34
0	31
0	57
36	95
276	29
0	39
0	13
11	64
0	60
0	0
0	0
0	0
0	0
0	0
0	2
12	0
42	69
0	71
1	25
0	11
0	6
39	14
0	0
0	4
12	0
9	2
1	0
0	23
33	0
1	0
220	38
0	15
3	0
10	41
0	23
0	6
0	6
40	14
1	11
7	4
0	4
1	10
0	3
0	1
0	0
0	9
0	3
0	3
0	0
0	9
0	3
3	3
1	9
18	9
50	74
19	6
75	0
0	0
0	339
0	56
5	0
0	0
0	61
0	3
0	0
0	2
1	1
0	0
0	339
1	47
0	6
0	4
0	20
45	55
0	54
0	44
49	4
0	4
0	1
0	0
3	1
16	0
0	7
290	53
33	105
239	141
0	74
0	6
0	5
0	3
0	0
0	3
0	0
0	3
0	33
0	0
9	83
0	1
0	0
0	19
0	16
0	3
0	3
0	3
0	3
0	3
0	0
0	0
5	2
2	3
263	117
4	0
0	5
8	5
42	2
981	159
42	0
3	17
0	7
0	10
1	6
0	2
0	1
0	5
0	1
1	17
4	10
0	11
0	10
0	2
0	0
0	2
5	0
0	3
348	15
2	12
2	0
27	302
11	302
59	0
30	9
0	4
5	4
0	2
0	13
0	2
0	0
0	5
0	4
0	4
4	11
3	8
2	15
4	2
0	4
0	11
0	2
54	47
1	20
0	26
22	20
6	48
52	184
0	184
0	8
0	12
7	17
0	17
0	127
0	65
21	273
0	3
15	274
0	383
0	295
248	0
13	0
25	0
16	0
3	6
15	6
0	1
3	1
2	1
16	0
67	86
0	14
0	28
5	1
0	29
0	26
1	55
0	73
0	25
14	0
61	86
0	0
16	0
0	31
5	0
12	25
0	25
0	12
16	17
0	2
143	608
46	9
0	3
1	10
0	1
5	0
0	19
0	17
0	33
3	33
1	36
0	758
0	758
0	758
0	758
0	196
0	196
0	196
0	0
1	0
58	726
7	4
3	0
0	1
4	0
10	0
0	4
16	4
2	1
0	127
0	25
14	25
0	102
0	60
0	34
0	1
11	9
1	1
0	1
0	172
4	175
2	0
81	32
9	1
9	1
1	9
18	7
0	10
2	6
0	10
3	2
0	187
0	184
242	187
0	2
2	184
0	4
31	42
51	15
0	5
0	4
0	4
0	0
0	7
0	9
2	6
0	4
6	4
11	20
1	0
0	0
0	0
4	0
39	637
174	641
0	324
0	324
4	8
0	3
18	5
2	5
19	16
0	9
32	45
15	22
0	0
0	0
0	0
0	3
9	0
183	0
0	22
0	0
30	0
5	0
388	2
77	9
3	1
125	9
12	0
11	6
25	11
13	11
15	0
1	0
14	8
0	5
0	1
0	8
0	15
0	10
0	1
0	6
0	12
8	1
0	0
3	0
0	14
10	4
42	4
69	4
35	6
106	7
2	4
17	4
10	19
6	9
0	5
0	5
0	4
1	4
0	5
2	0
2	0
0	0
0	1
0	4
0	3
0	3
0	3
0	1
3	2
0	9
0	0
0	9
0	5
1240	4
0	4
12	0
0	64
0	19
0	9
0	64
13	64
14	0
0	7
0	64
0	60
11	2
108	37
1	33
0	13
4	12
0	5
0	0
0	3
0	3
0	2
10	32
10	6
0	0
1530	0
2	23
31	282
0	78
0	1
0	64
0	282
0	17
0	23
0	6
0	13
1	18
0	18
3	0
0	22
0	10
2	0
0	16
8	12
3	16
0	10
12	4
16	54
0	8
41	1
0	11
67	94
0	7
25	155
0	146
0	79
0	63
0	0
1	0
5	3
0	94
0	99
0	117
0	10
21	11
0	9
34	55
4	5
16	131
1	107
0	64
0	11
0	34
0	12
0	579
3	579
5	1
0	103
72	138
9	460
191	445
0	26
9	5
1	4
0	9
0	27
3	3
5	10
0	75
0	86
32	15
1	5
0	9
40	17
5	5
0	41
0	41
0	5
0	26
0	39
0	2
4	5
0	214
0	213
5	6
0	118
0	5
0	3
12	0
4	0
1	1
0	1
26	73
2	12
317	25
6	8
0	101
0	1
2	2
0	10
1	1
0	175
6	76
0	62
0	76
1	52
0	51
0	54
0	37
0	51
0	37
0	57
0	28
0	27
0	4
6	194
0	171
0	14
12	15
0	0
0	175
0	320
9	260
5	26
0	17
1	1
0	2
0	2
0	323
0	323
0	323
0	0
16	22
1	4
0	7
0	15
7	29
0	17
2	9
2	3
3	28
0	4
0	24
0	9
0	3
4	9
0	4
0	11
0	9
0	18
0	14
0	748
97	783
0	744
0	24
0	14
3	4
0	8
0	8
0	6
0	5
0	3
350	735
1	0
0	2
16	6
0	184
0	186
0	157
0	48
0	4
0	0
391	22
1	25
0	8
0	3
1	0
0	0
1	6
0	6
48	311
123	311
3	259
5	0
0	34
2	230
16	231
0	32
0	16
0	13
4	1
0	2
0	3
0	3
0	112
0	118
0	9
23	0
0	7
33	7
0	96
17	7
0	4
9	4
1	59
0	90
12	1
47	1
0	0
0	5
3	0
0	7
0	7
0	7
0	0
0	0
0	0
1	0
2	0
0	0
6	0
0	5
0	5
4	5
0	13
0	13
0	8
0	8
0	8
5	10
0	8
0	131
0	129
0	131
0	131
2	76
0	57
8	11
0	7
0	12
7	4
1	33
14	29
0	37
131	25
0	25
141	78
1	30
0	59
2	0
11	4
0	52
7	38
0	36
28	4
0	28
1047	42
20	47
0	0
54	0
0	3
28	2
0	3
17	0
0	6
6	6
0	6
0	0
5	0
87	512
7	507
5	21
0	374
0	3
0	3
293	0
329	1412
0	1412
0	1211
32	2
0	0
85	0
2	0
13	3
1	1
0	0
0	1
0	0
0	1
0	60
0	61
0	14
5	13
0	46
1	0
38	188
0	347
0	347
64	148
1	148
0	185
0	142
0	188
12	188
0	187
23	0
18	4
4	13
1356	171
0	158
24	13
113	0
4	82
0	82
24	81
0	52
0	21
0	9
0	3
57	0
0	1
17	0
6	324
0	322
0	298
14	334
0	34
0	13
1	0
0	3
0	4
0	8
31	2
4	4
12	6
10	15
0	15
0	15
0	4
4	0
0	29
0	38
0	38
0	30
0	40
0	31
0	40
0	33
0	2
0	0
4	1
5	8
21	14
3	15
3	5
6	10
581	136
0	4
30	4
19	17
0	2
5	0
27	0
32	1
0	136
0	15
0	15
137	36
0	4
0	6
0	6
0	5
0	5
0	1
0	25
0	25
0	66
0	10
15	11
0	11
0	3
11	0
0	0
0	0
0	0
5	0
1	14
0	0
2	0
7	49
84	166
3	0
0	0
0	6
0	2
0	0
0	1
1	1
0	6
26	0
19	53
31	94
3	94
0	94
0	24
32	7
22	5
4	4
0	4
1	6
0	56
1	56
0	9
0	29
3	13
0	22
0	25
97	4
0	4
0	3
0	2
0	1
9	36
0	4
16	1
2	1
37	31
0	31
3	45
0	53
0	0
2	29
1	21
74	6
41	6
174	176
0	71
0	36
0	176
0	152
0	152
1	74
0	0
0	4
0	3
3	8
0	11
16	1
1424	4
0	4
0	3
63	3
0	0
57	7
0	7
884	4
1	10
0	0
5	3
0	10
8	178
0	69
0	178
6	0
0	142
8	1
224	42
1	0
114	3
0	3
263	457
0	457
3	419
7	267
0	171
0	164
0	159
0	101
55	273
149	355
3	305
10	9
0	10
17	39
0	39
37	35
0	34
962	79
0	25
0	0
0	25
0	0
0	0
0	0
8	85
0	12
5	0
0	143
0	137
0	101
0	107
8	24
54	24
1	23
1	22
0	116
21	491
23	477
86	14
3	3
0	3
0	1
16	0
56	51
0	24
2	23
0	0
12	3
11	35
0	4
0	4
304	2
16	0
83	66
0	63
4	150
5	1
0	48
4	10
0	0
6	149
663	81
124	90
0	67
0	51
40	366
0	247
0	3
0	3
2	0
15	1
0	3
0	1
82	6
21	38
8	52
0	17
0	9
12	5
1	37
19	4
0	4
0	37
84	0
1	0
0	0
8	27
0	28
0	28
0	3
0	3
0	7
0	9
0	3
13	3
0	0
10	20
2	3
0	0
161	164
0	93
0	190
373	199
0	114
0	34
0	40
0	22
0	26
44	11
0	21
93	68
0	190
0	11
18	261
27	261
0	0
2	2
0	6
2	2
8	220
0	163
228	178
894	208
8	111
0	45
73	48
0	47
4	9
9	1
2	0
0	1
3	26
0	0
2	26
2	2
1	0
0	0
0	18
0	2
0	18
0	18
0	16
0	9
22	28
25	4
6	0
25	2
1	3
14	10
0	8
34	0
18	1
0	3
0	0
9	0
0	0
8	25
0	25
28	25
59	3
4	2
112	3
13	11
0	11
12	4
3	0
0	0
13	0
0	0
0	23
0	23
0	0
0	2
260	116
0	116
242	33
1	1
0	33
121	26
0	5
1	18
12	232
1	255
842	290
2	151
132	151
2	6
14	0
128	110
0	78
2	1
2	1
435	0
4	37
0	37
0	144
0	144
14	170
0	141
1	136
0	37
2	33
0	0
0	0
0	8
5	23
0	7
0	10
4	16
6	29
2	2
0	2
471	0
12	5
0	4
1	54
35	65
6	65
43	18
0	0
1	51
16	38
7	29
1	38
0	15
1	8
18	0
134	0
24	73
4	57
0	6
0	9
0	0
0	12
0	5
0	5
10	0
11	17
122	29
0	12
0	14
1	41
20	10
0	1
0	7
54	33
0	8
13	25
0	6
0	39
0	41
0	40
0	42
0	39
0	41
0	12
100	214
0	48
0	206
0	179
22	6
0	11
0	141
2	6
0	17
0	16
0	135
0	15
0	99
240	5
2	0
0	24
7	36
0	22
0	111
0	111
0	12
4	82
0	3
0	2
2	0
5	2
0	25
0	25
0	36
813	504
0	45
0	360
10	296
0	32
0	24
10	144
0	10
0	0
9	12
1	0
0	12
2	2
42	56
0	8
0	8
0	8
0	7
3	7
0	0
0	0
0	1
0	1
0	1
0	1
0	14
21	38
0	26
0	8
4	9
0	0
88	7
86	0
1	0
5	7
0	0
1	0
1	0
4	0
65	31
0	18
0	19
0	16
6	24
3	7
57	15
5	4
0	10
2	30
0	2
44	75
3	67
0	33
2	0
48	0
2	6
0	6
0	14
0	3
69	24
0	93
1	20
0	21
2	86
0	16
10	23
0	13
7	47
0	47
0	16
1	0
122	8
0	0
0	0
7	21
0	21
0	4
0	14
0	14
0	13
0	13
0	4
24	11
0	31
0	128
0	115
0	255
6	255
40	4
0	95
3	4
15	4
0	0
0	0
20	0
67	4
4	0
0	0
0	4
0	0
0	6
0	1
2	4
0	5
0	7
0	3
0	6
0	6
0	6
0	9
0	4
0	4
0	1
8	5
0	0
4	0
0	19
0	12
1	5
19	14
10	14
0	0
0	0
1	5
1	4
0	53
2	106
0	106
21	35
28	26
3	26
23	26
0	35
0	16
0	12
0	3
0	0
0	0
5	19
0	15
5	6
30	0
0	3
0	3
7	0
0	0
0	0
0	0
0	1
0	1
0	0
0	0
0	0
0	0
0	54
41	132
0	14
22	1
1	0
0	0
2	75
481	89
4	1
0	32
33	45
10	1
8	1
120	313
2	313
681	114
519	17
0	22
0	6
3	0
4	0
0	0
0	458
5	24
0	458
22	61
5	35
0	8
1	18
0	41
0	482
0	482
0	2
0	2
6	31
10	11
1	11
2	19
0	5
0	57
0	549
12	36
558	499
20	17
57	41
2	26
473	12
0	11
0	23
0	11
1	0
1	63
0	66
42	77
0	2
0	30
39	0
0	0
0	30
0	0
0	55
0	0
19	61
332	92
0	60
25	87
111	0
133	23
0	20
4	26
10	24
3	24
0	24
5	25
2	0
1	1
1	2
0	2
0	2
0	2
0	1
31	1
0	1
0	1
1	1
0	26
0	26
0	26
17	0
118	0
3	0
2	0
2	42
0	17
0	0
0	2
0	17
38	84
2	90
59	107
0	1
0	4
19	52
5	9
218	16
280	33
0	20
167	5
45	5
0	5
0	3
2	0
0	11
0	9
3	40
0	14
0	11
63	17
0	3
0	7
0	0
0	0
1	0
0	1
0	48
43	1652
0	0
0	19
0	434
0	54
323	728
0	518
0	13
0	13
0	16
0	2
17	72
0	5
26	40
6	35
3	2
0	13
1	15
15	31
705	51
0	48
1	5
0	0
10	2
5	6
0	6
0	6
196	410
112	268
0	400
10	0
2	22
0	22
1	5
1	1
16	6
8	5
0	5
2	3
6	3
6	0
2	51
243	34
0	34
58	39
3	22
0	19
0	6
5	0
3	4
25	3
3	22
2	11
0	13
19	2
0	2
95	556
0	556
9	25
6	2
13	26
0	60
4	61
111	25
0	38
26	38
0	18
0	33
11	50
0	43
0	35
0	27
0	9
0	18
0	13
0	4
87	86
5	86
0	51
0	16
0	20
0	14
0	7
0	3
0	7
2	9
0	0
25	0
25	1
5	3
553	552
3	552
239	345
44	23
0	2
0	0
0	0
0	179
0	164
0	0
0	3
6	3
0	0
5	0
188	1501
6	2
71	112
12	0
1	0
0	1
0	29
5	0
0	24
0	0
0	24
38	2
0	0
0	3
0	0
2	0
0	2
0	0
10	5
369	13
0	0
129	91
0	5
0	7
0	56
0	79
5	72
0	30
0	3
0	72
262	22
1	3
5	0
16	33
0	3
4	10
0	2
26	2
535	6
0	6
13	17
0	16
15	25
38	56
0	40
2	67
13	87
0	1
45	225
0	1
14	1
0	10
10	25
0	0
0	0
0	3
40	21
16	5
2	4
0	15
5	16
33	11
172	1
44	7
1	2
31	1
6	2
0	0
285	206
0	202
0	6
0	8
0	165
0	1
1	43
6	0
0	0
0	1384
0	1384
0	1364
7	117
0	967
12	967
0	774
0	780
0	0
8	38
0	28
4	36
0	1
1	4
0	0
0	29
8	24
10	73
0	73
0	54
0	20
0	7
0	58
0	46
85	221
22	79
83	49
0	116
552	49
0	27
2	452
0	312
0	4
0	0
0	1
685	455
55	16
0	11
0	4
0	15
0	3
0	2
0	2
2	2
0	2
6	0
0	4
0	11
4	26
33	14
9	2
0	2
0	0
1	12
9	0
16	143
0	134
17	34
3	1
3	10
1	1
3	1
0	0
9	9
0	0
0	0
1134	602
0	602
0	423
0	371
26	1
2	1
1	1
2	1
48	0
0	0
0	0
7	0
0	0
8	0
0	0
0	0
0	68
48	320
0	5
0	317
0	68
98	41
356	21
4	158
0	7
0	39
7	2
0	2
11	153
237	74
0	21
0	10
5	0
25	10
0	0
0	3
0	10
0	0
11	0
0	1
88	136
0	30
3	13
56	14
0	7
17	60
0	108
0	0
62	12
46	0
0	15
0	8
12	6
255	30
0	7
0	4
0	3
37	0
0	0
0	6
1	3
0	3
0	2
0	3
1	2
28	58
5	21
0	51
0	0
0	0
0	0
0	0
0	0
0	36
0	696
0	695
0	687
0	613
0	613
0	13
0	3
0	12
0	4
0	11
0	5
0	2
0	1
0	1
14	0
168	0
19	8
46	9
0	1
2	1
0	7
0	78
19	78
0	9
0	1
6	3
5	0
13	0
569	11
0	11
15	0
0	0
0	0
12	5
0	0
0	0
0	5
357	179
6	175
2	29
0	4
0	11
43	10
0	6
0	0
2	0
0	10
127	0
30	0
0	0
24	22
0	3
33	2
8	25
0	3
0	2
36	4
0	0
0	2
197	0
20	0
88	1
110	1254
0	1211
0	107
0	39
0	11
10	4
12	45
0	46
14	6
42	1289
1	12
0	25
0	25
0	23
1	54
1	0
0	8
0	14
6	14
0	8
302	0
2	35
108	179
0	17
0	7
0	0
3	0
0	1
0	1
0	0
8	1
1	0
8	2
2	11
0	11
9	58
0	58
0	52
0	45
1	29
0	2
17	16
1	113
1	7
0	6
2	0
0	95
13	0
74	38
1	0
22	38
3	0
56	24
0	24
232	14
51	3
7	0
3	0
0	0
197	0
1	0
0	148
9	148
0	36
0	20
0	34
8	0
0	0
0	3
0	19
0	0
0	6
0	6
24	3
0	6
7	18
0	0
0	0
896	222
0	37
920	20
0	156
10	123
2	123
0	119
0	102
28	35
0	18
1	4
56	2
0	0
0	0
116	0
10	9
0	9
0	4
5	9
0	1
259	88
0	115
27	116
24	45
0	17
0	14
0	20
0	19
0	20
0	20
0	20
0	20
0	20
0	16
0	16
0	15
0	3
0	4
0	4
20	3
0	3
0	0
1	0
0	5
5	5
0	0
2	2
0	12
18	3
6	12
0	12
2	0
0	4
500	259
1	5
0	257
1	5
0	2
5	0
360	0
15	48
0	47
7	12
2	17
1	5
5	5
0	6
0	6
3	3
1	0
1	31
10	124
10	124
0	132
0	29
0	34
0	68
0	3
0	0
0	0
0	0
1	158
0	40
438	847
0	122
3	847
163	174
0	2
19	2
9	172
0	0
0	41
0	36
1	36
15	1
0	2
4	27
0	12
0	164
0	134
0	0
0	21
0	0
55	15
3	1
0	0
16	19
2	2
0	0
0	0
0	0
0	159
0	12
0	12
0	0
0	1
0	52
0	1
0	52
10	0
0	0
3	0
0	5
0	5
1	40
0	0
0	0
1	36
2	36
14	37
38	36
0	66
6	91
0	57
0	79
1	56
116	36
0	30
0	1
4	0
3	18
1	0
7	3
7	51
4	23
9	23
0	0
1	23
0	42
229	61
0	95
18	96
5	3
0	0
0	57
0	534
0	535
2	535
0	45
0	1
88	48
0	46
150	30
0	26
13	4
0	2
3233	117
23	6
52	0
0	40
0	16
4	134
1	7
0	0
1	0
463	132
18	132
0	0
0	16
0	2
0	39
0	94
0	18
0	2
0	0
0	0
4	2
0	2
25	34
0	34
0	22
4	30
0	22
374	0
89	136
59	135
28	0
21	21
0	16
0	13
0	58
1	58
0	5
0	6
0	5
3	5
0	6
0	10
0	43
0	21
0	2
0	5
0	15
0	147
4	18
1	0
0	2
10	7
2	0
211	30
0	4
0	23
0	204
22	207
0	6
0	42
0	0
10	7
0	40
8	1
25	3
0	38
2	23
478	140
0	45
20	0
49	20
0	20
0	29
0	8
35	672
0	421
439	301
3	23
0	23
92	17
0	7
3	255
0	176
0	0
0	0
0	0
63	0
0	111
0	4
37	30
74	8
0	8
0	6
14	2
1	0
120	3
154	9
1	1
0	9
0	9
6	9
128	0
20	0
31	30
0	29
0	3
0	0
134	0
0	18
0	18
0	31
56	32
0	5
0	42
0	42
0	42
0	7
0	201
236	256
41	262
0	247
18	74
0	75
2	0
11	7
165	332
433	185
0	3
0	3
0	3
9	7
0	5
3	4
0	5
0	5
10	0
5	8
86	6
0	0
5	0
0	0
5	6
2	0
1	0
2	0
0	0
140	78
87	339
0	329
0	113
0	250
1	0
0	0
0	0
26	275
0	363
0	138
0	9
0	2
227	4
12	3
0	3
0	0
0	136
0	129
0	1
0	4
22	137
0	4
0	0
4	23
21	44
0	3
0	28
0	21
0	0
0	2
0	23
0	36
12	9
0	9
0	9
0	3
0	3
0	3
0	0
0	4
0	0
12	5
0	0
0	4
0	2
1	3
0	31
0	47
14	35
9	46
0	0
5	17
0	22
0	9
9	0
0	6
0	3
0	0
15	0
1	0
0	0
101	382
0	382
31	167
12	147
0	142
7	0
1	141
0	141
57	38
0	27
59	82
1	29
0	0
10	60
32	67
4	1
49	139
0	139
2	125
0	130
77	25
0	24
6	5
0	1
2	215
20	56
23	18
10	2
4	2
14	0
1	0
10	3
75	89
12	156
0	36
16	36
91	38
0	8
8	33
3	17
0	25
0	23
17	11
1	0
0	3
4	16
0	2
1	16
34	7
0	10
0	10
0	8
0	5
0	5
0	6
0	0
0	0
10	3
0	72
19	0
0	69
8	6
10	12
0	3
8	8
0	5
17	3
20	76
0	7
0	14
0	2
5	329
0	367
33	297
3	5
57	102
0	102
382	126
2	126
11	14
3	12
0	0
0	4
0	3
15	0
0	3
0	29
0	26
0	15
0	18
132	6
0	10
0	10
8	3
0	1
4	0
0	0
20	0
14	7
6	6
1	1
1	0
0	5
0	1
0	0
0	0
2	9
0	9
0	0
4	4
0	9
1	2
7	1
0	1
0	124
0	124
4	43
0	62
1	3
19	29
28	115
26	0
0	7
0	205
0	0
34	17
0	17
2	4
79	134
0	98
0	22
0	0
0	0
147	0
0	0
15	71
53	4
0	4
1	7
0	7
0	7
100	52
31	63
19	34
0	12
0	39
0	2
5	0
33	136
177	136
0	0
0	0
0	0
0	2
0	1
45	13
0	13
2	13
0	5
18	0
0	12
0	3
0	9
0	12
0	3
0	7
17	45
0	15
0	39
0	11
0	0
6	4
0	19
3	8
0	8
0	0
5	13
0	50
0	103
0	98
0	0
47	94
0	6
0	6
3	0
6	32
3	16
4	34
0	0
0	10
2	20
0	18
6	12
452	23
3	0
1	50
223	37
3	327
0	361
0	105
0	33
0	33
7	0
0	0
0	5
199	775
0	775
41	0
14	3
0	0
0	3
2	1
0	1
6	2
0	0
0	12
45	6
5	8
34	11
106	170
1	165
0	163
0	42
0	34
0	16
611	38
0	36
0	33
5	16
12	16
0	7
0	11
0	25
0	0
0	3
1	2
0	4
0	1
0	4
0	2
3	9
110	0
590	23
5	1
0	1
5	0
0	143
16	31
0	70
1	70
0	268
0	125
33	104
0	150
0	79
0	16
11	16
47	1
22	8
11	105
0	105
25	51
0	18
173	0
4	0
5	71
0	71
21	0
218	26
0	26
0	17
0	20
0	20
0	2
0	13
0	2
0	0
0	7
728	7
0	2
0	6
0	4
29	5
5	12
41	20
26	0
0	20
0	0
2	4
4	4
0	3
0	3
0	4
3	1
0	0
0	0
0	0
0	0
0	1
0	0
76	0
0	24
0	23
4	4
0	6
748	0
0	0
0	0
7	0
0	15
0	15
7	1
16	36
0	11
1	11
0	0
7	7
7	0
0	0
61	33
30	22
20	22
10	15
0	15
0	1
4	0
221	0
423	59
78	54
0	5
3	28
0	9
0	1
0	1
0	3
7	0
90	30
0	0
0	19
3	29
0	27
0	19
0	28
0	27
0	27
0	0
0	0
0	0
0	26
0	30
0	19
0	0
0	0
0	0
0	3
0	22
0	26
0	32
0	6
0	3
0	9
0	26
0	5
21	220
0	0
1	0
0	50
0	10
7	8
0	9
0	7
0	9
0	199
25	44
4	107
54	40
0	39
0	39
0	48
0	40
0	17
30	26
86	104
0	95
0	77
0	13
0	11
0	5
0	7
0	6
533	4
0	0
110	29
0	28
0	21
0	0
0	6
5	0
0	54
0	10
0	47
11	54
0	18
9	11
71	1
42	1
215	0
4	0
3	0
38	9
9	18
0	18
19	0
17	77
74	1
13	0
8	76
396	236
16	236
0	60
5	9
1	9
47	0
0	1
0	4
0	4
0	4
14	0
20	3
0	7
0	13
14	12
0	17
0	12
0	14
2	9
12	15
0	4
0	5
0	0
1	0
0	0
0	0
0	0
0	0
0	0
0	0
0	0
0	0
0	0
0	0
0	8
0	8
483	139
4	76
1	61
4	7
1	7
17	47
8	30
0	10
96	7
0	11
1	6
0	9
4	0
12	1
3	5
0	5
0	3
0	3
0	20
0	19
1	174
85	181
2403	53
10	39
0	17
0	12
10	20
26	22
20	7
1	2
50	274
28	274
0	19
0	60
0	185
0	45
0	185
1	185
1	1321
10	11
0	5
178	144
0	5
2	6
0	141
662	114
0	92
7	96
25	75
0	45
0	16
14	0
0	4
0	4
10	18
2	0
0	0
0	0
49	140
6	20
11	111
19	24
0	0
0	3
15	87
0	64
0	64
0	8
0	2
0	2
0	1
0	1
0	0
1	0
0	0
0	0
0	0
1734	351
0	23
12	328
0	3
1	7
0	0
0	0
0	15
0	15
0	0
0	0
259	261
0	243
0	4
0	1
196	232
0	232
2	130
3	0
24	24
38	10
0	5
0	13
22	14
0	16
77	22
0	8
60	15
0	26
6	11
0	11
0	68
0	13
0	1
19	14
0	55
8	71
0	52
19	33
574	122
50	115
0	98
0	6
0	76
6	3
2	2
16	278
15	278
0	269
2	0
29	62
20	94
14	95
0	6
2	5
31	91
0	77
0	71
0	53
0	31
0	1
0	1
0	0
0	0
0	0
45	7
105	0
0	22
0	21
0	22
0	21
1	22
0	22
0	23
0	6
166	34
23	2
153	3
0	2
11	2
0	2
0	29
0	30
0	3
0	2
0	4
1	1
2	3
0	33
226	58
0	38
2	20
2	6
340	64
0	6
0	0
0	5
26	53
0	2
635	648
1	642
68	1
0	0
6	8
0	1
0	2
275	0
1	9
0	9
0	8
142	38
207	0
0	38
0	7
5	7
0	2
23	481
0	481
521	0
2	2
0	2
54	4
0	4
0	18
1	18
61	0
213	118
2	108
109	17
0	7
0	5
6	24
5	6
0	3
0	1
0	1
0	1
22	87
54	25
1	70
0	70
0	4
8	26
0	6
0	5
1	8
4	8
0	8
0	8
0	3
26	0
0	0
14	9
12	29
2	29
0	22
2	0
0	5
0	39
18	0
2	0
0	0
0	5
24	21
0	16
0	0
0	0
0	7
0	16
52	17
398	51
29	37
0	1
0	47
60	264
0	133
0	90
0	169
0	29
16	1
5	0
0	50
11	50
4	25
1	0
0	0
0	237
3	237
0	203
0	195
0	145
0	71
0	32
1	28
0	37
0	7
9	0
16	3
0	11
0	192
1	9
0	6
0	9
444	84
0	1
1	84
2	1
7	0
84	53
0	3
0	79
0	205
61	362
0	60
8	2
3	0
21	180
15	0
25	447
440	125
5	32
54	36
21	66
2	132
0	2
0	127
58	20
0	34
0	19
0	36
9	176
22	193
0	34
1	3
0	6
0	6
0	6
0	5
2	16
2	1
1	2
10	0
55	0
10	0
0	0
0	0
295	0
3	0
53	6
147	0
0	1
0	20
0	19
0	19
4	18
0	14
0	15
0	19
0	20
2	19
0	21
0	4
0	6
2	5
21	3
0	2
0	19
11	7
66	48
1169	2
0	0
0	0
12	0
0	0
0	0
0	0
181	104
0	104
0	73
0	0
1	0
0	28
0	3
4	4
3	36
0	0
0	20
1	3
4	2
0	2
1	2
0	6
1	7
0	85
8	6
22	86
4	2
3	7
11	0
0	120
16	94
0	26
2	0
134	172
0	51
0	64
0	57
0	36
0	32
2	32
0	3
0	3
0	0
104	126
1	106
0	132
0	107
0	3
1	4
23	27
9	0
0	0
4	1
0	38
0	38
0	9
0	9
0	6
6	22
10	10
0	10
1	3
5	0
3	0
0	0
0	0
0	1
179	1
0	8
1	8
0	0
0	0
0	0
99	5
1	0
6	3
0	36
12	86
0	23
0	16
0	64
0	34
0	13
15	0
0	0
0	0
0	0
0	1
6	1
0	3
5	1
0	0
79	1
169	291
83	319
0	30
0	10
0	8
0	0
0	0
2	1
0	0
3	22
10	42
13	7
14	5
0	9
0	4
1	1
1	116
22	28
0	1
4	12
0	5
0	5
22	40
28	21
0	6
0	19
0	1
378	28
64	28
37	0
11	0
0	19
0	124
0	124
0	116
0	80
0	4
0	0
14	0
2	0
0	10
0	2
0	38
0	5
0	18
7	2
0	15
8	4
3	79
0	6
0	0
0	89
1	54
0	25
9	42
2	1
2	5
0	1
0	0
0	0
135	41
0	41
1	1
0	0
1	2
0	9
0	1
0	9
5	9
0	9
0	10
12	32
0	14
12	17
146	172
0	135
0	41
17	1
0	1
5	0
0	0
3	0
171	0
41	12
0	12
0	1
0	2
22	1
0	1
0	0
38	53
31	44
8	38
0	16
1	0
1364	0
626	221
0	117
17	141
0	131
0	120
15	3
32	0
7	90
1	17
0	4
0	3
2	69
0	16
0	0
0	48
2	0
21	3
0	3
10	6
6	10
0	9
13	5
0	3
4	1
0	1
1	0
0	1
0	1
10	0
0	9
0	1
0	17
6	100
0	70
1349	99
0	88
0	16
450	0
52	16
7	36
302	81
0	23
0	6
14	8
1	5
0	1
0	5
0	4
9	5
31	4
0	0
42	126
0	126
0	73
0	17
0	47
0	100
1	41
34	17
0	97
63	0
23	56
0	26
28	39
2	5
4	7
1	5
3	3
0	3
101	0
0	76
0	88
0	79
0	18
6	45
26	79
0	5
0	10
0	11
0	14
0	55
1	17
21	32
15	63
27	70
61	41
81	37
0	37
0	4
2	4
0	25
37	0
14	0
12	0
102	90
4	88
0	73
0	79
0	17
0	36
76	30
7	0
20	0
1	0
94	84
0	78
0	59
56	48
0	0
0	0
0	7
4	0
0	83
0	13
0	73
0	76
0	8
21	9
0	0
0	0
0	69
4	5
257	157
18	157
0	148
4	126
0	121
0	72
42	12
0	2
0	0
0	3
0	3
0	3
0	3
0	0
0	67
0	4
0	4
0	0
0	63
17	60
0	3
0	7
0	29
11	23
50	0
1	0
0	0
0	0
2	1
0	1
45	128
0	126
0	121
5	126
0	99
171	40
134	113
0	30
368	197
0	14
10	111
0	115
0	120
0	75
0	23
2	1
0	5
8	77
6	9
0	7
0	7
4	0
6	0
28	0
0	0
6	0
1219	3
42	0
0	0
104	25
51	16
7	12
5	0
0	16
0	16
0	0
8	29
94	28
0	0
1	1
30	103
11	1
0	104
0	5
3	73
0	73
1	6
13	78
13	8
5	13
0	52
352	143
0	85
0	2
374	0
0	8
0	6
0	7
1	2
0	0
0	1
0	2
8	0
5	0
459	54
31	26
3	32
0	0
406	147
15	134
0	4
0	4
0	0
6	4
18	0
0	23
0	29
0	33
156	403
4	38
0	150
0	162
0	401
0	319
0	294
2	23
22	0
21	112
52	0
16	84
0	84
2	0
11	0
121	671
1	628
6	44
2	6
0	43
10	3
0	2
2	0
1	1
1	2
3	2
0	9
0	57
16	69
0	19
0	18
0	34
1	8
3	35
3	44
2	94
32	42
0	10
5	8
0	2
9	139
0	142
10	2
0	2
198	0
28	102
0	87
14	1
0	15
4	0
16	8
0	13
171	116
8	2
0	0
196	157
4	100
8	1
257	14
0	0
0	6
0	8
127	0
11	0
0	0
8	0
3	0
12	11
3	1
0	4
0	3
1	2
3	0
32	33
0	27
17	32
8	9
867	12
2	12
7	48
0	9
0	4
0	40
0	0
64	58
0	58
8	57
1	0
0	8
1	1
10	42
17	7
0	39
0	20
3	9
5	4
31	66
0	60
3	75
0	0
0	3
0	3
3	5
75	275
0	275
266	89
0	86
4	67
0	54
0	36
0	55
102	4
0	7
0	7
0	4
1	0
184	70
0	50
15	2
9	0
26	47
0	0
1	450
17	450
0	62
0	63
4	15
11	14
28	19
0	11
0	114
0	166
30	167
0	75
3	115
100	2
0	91
0	26
2	4
0	36
0	96
0	1
125	113
0	116
1	109
0	109
0	109
7	98
0	0
2	0
219	7
0	3
0	4
4	4
2	4
241	56
6	54
0	0
0	0
14	21
0	0
0	0
8	2
0	0
0	0
4	23
3	1
17	23
16	1
11	11
4	15
0	17
0	21
0	1
0	23
0	0
0	0
5	2
335	24
0	16
22	24
9	2
5	0
0	24
0	24
41	24
0	0
0	0
0	1
640	1
2	0
20	3
0	22
97	22
143	5
2	5
19	0
0	0
1	0
106	4
0	4
1	4
2	0
124	0
2	0
4	0
0	2
5	0
0	0
0	0
0	2
0	0
0	0
0	36
3	36
29	0
2	24
0	9
6	14
0	1
0	3
117	386
0	372
0	354
53	24
244	447
0	1
36	476
0	110
136	110
2	0
15	43
39	104
0	94
603	104
0	9
30	78
17	109
1	111
0	112
17	111
0	111
509	111
115	115
351	79
1	4
15	11
44	400
0	373
0	267
0	57
3	0
13	5
0	0
0	0
0	1
11	31
0	0
0	0
6	0
0	407
0	66
0	50
7	50
9	41
0	4
0	18
1	0
2	1
0	7
0	6
99	38
0	37
1	3
24	30
5	3
15	33
0	17
0	0
0	6
0	5
0	11
26	0
5	0
2	0
3	5
3	12
21	36
0	17
0	8
0	8
112	22
0	2
6	1
0	91
12	4
3	90
0	3
0	0
0	1
0	4
6	8
13	4
0	2
13	7
0	14
0	4
0	3
17	0
101	302
0	215
0	0
0	125
0	0
0	1
0	0
4	0
266	97
0	42
0	90
0	0
0	34
0	34
0	0
1	37
28	0
144	15
0	15
8	135
0	135
0	32
0	0
4	0
0	0
0	10
52	35
0	12
0	12
0	35
7	0
0	12
12	2
2	0
2	0
0	0
1	2
0	0
16	14
2	12
0	9
82	9
0	3
0	5
220	0
0	49
0	11
21	6
0	1
0	5
0	0
0	0
0	49
107	0
9	0
5	34
1	3
0	34
102	35
1	17
6	33
26	25
0	26
13	13
1	124
77	28
27	107
7	0
0	2
0	0
5	115
0	115
1	115
0	115
0	115
0	21
14	14
0	114
77	1
0	0
2	37
0	37
11	31
0	0
39	322
4	232
0	209
13	141
0	143
0	229
1	0
0	0
76	0
0	1
11	34
0	16
15	5
0	15
0	12
7	0
1	13
0	91
0	31
30	47
0	4
4	4
6	2
3	0
0	32
0	14
0	38
0	5
9	16
1	16
0	0
91	0
0	76
0	76
1	40
0	84
0	84
0	0
2	0
0	0
0	16
0	27
0	14
56	16
0	0
4	2
122	32
13	14
1	14
0	6
0	5
4	0
0	1
0	1
0	6
31	3
0	0
0	1
0	3
39	1
29	7
0	7
0	4
0	5
0	18
0	18
0	18
3	0
30	105
0	2
1	2
11	123
0	6
0	6
0	6
0	4
0	6
0	3
0	1
0	6
2	5
12	659
37	156
79	555
0	64
63	706
0	406
0	0
2	0
0	108
0	12
0	0
0	2
3	3
1	0
0	20
0	32
0	108
0	46
1	50
21	20
0	32
0	1
0	3
28	2
0	4
3	1
41	3
0	10
0	5
0	3
16	7
1	0
15	12
0	50
0	21
0	27
91	14
0	12
0	27
68	26
0	1
4	13
0	27
14	0
20	14
0	2
0	27
20	230
0	266
0	37
0	1
5	589
28	10
0	11
0	589
0	589
0	0
0	7
44	2
0	0
0	0
0	0
523	120
0	33
2	34
0	33
0	33
0	0
0	1
0	0
0	16
0	59
1	12
297	103
128	89
0	7
0	57
12	74
24	1
105	14
0	7
0	4
2	1
108	98
47	291
61	2
14	1
33	0
22	4
0	3
0	0
0	1
0	3
0	0
0	1
0	0
0	0
0	0
0	0
0	0
10	0
8	1
0	1
2214	90
34	106
0	5
3	0
0	0
0	0
1	0
0	0
77	17
30	12
0	2
0	17
2	92
0	100
3	0
0	8
0	2
4	6
0	2
0	13
0	16
0	3
0	13
0	16
0	3
0	0
3	0
0	0
0	0
225	134
17	179
0	302
483	1005
0	117
0	131
0	107
0	290
0	104
9	1
334	86
5	1
131	80
0	1
0	33
0	55
0	25
1	35
0	34
158	33
448	12
0	22
0	22
0	96
3	83
0	20
0	96
0	13
1	2
2	13
0	3
31	0
0	1
0	1
3	0
0	398
0	398
0	274
0	273
0	73
7	0
37	99
22	30
0	30
33	76
2	24
0	17
0	2
0	0
166	0
1	0
3	0
14	35
0	26
7	26
7	22
0	14
0	3
0	0
0	3
0	0
0	1
0	1
0	5
0	3
0	3
0	3
0	275
0	275
0	0
0	3
2513	157
4	0
14	87
1	159
42	11
0	11
25	0
0	0
0	8
3	1
0	1
0	21
0	21
0	4
0	4
0	2
9	0
0	21
266	300
0	215
0	289
9	0
1	26
0	27
8	3
19	45
0	1
0	0
0	151
0	151
0	151
53	467
13	83
9	420
0	375
7	374
0	5
2	7
7	56
0	56
6	53
0	2
10	0
11	16
0	40
0	29
0	51
0	47
0	1
6	1
0	1
0	0
0	0
0	36
79	238
0	239
3	238
0	6
0	236
0	14
0	111
0	111
0	108
0	108
0	3
2	3
0	1
0	0
5	3
3	62
9	165
33	165
5	27
0	5
0	16
0	16
0	0
2	12
1	2
48	268
5	277
1	57
0	238
25	0
6	257
6	75
0	96
27	0
2	15
0	15
0	1
3	12
1	6
0	3
0	3
19	154
3	5
0	18
4	9
0	10
7	7
0	13
6	0
0	133
0	123
3	0
9	29
27	122
4	63
0	63
30	63
0	0
3	0
0	1
0	0
0	38
1	0
0	115
62	117
0	115
0	0
109	41
0	0
1	38
3	41
4	0
8	0
0	29
0	0
0	20
0	24
0	23
1	47
0	27
0	11
5	12
4	8
1	3
0	3
7	18
0	18
168	8
0	8
316	0
8	0
19	0
4	5
0	5
19	17
3	12
0	11
0	1
6	1
7	1
0	1
0	5
5	0
4	92
0	150
30	530
0	526
0	53
0	471
0	50
0	50
89	72
6	6
2	0
11	9
0	26
0	26
5	44
0	26
0	17
13	85
0	60
0	2
0	72
0	1
1	1
273	195
0	27
161	68
0	7
1	4
0	0
0	4
53	105
0	28
9	6
1	11
3	6
3	0
0	0
60	10
105	19
3	87
2	6
787	15
444	0
3	0
27	33
0	33
0	0
17	32
0	25
0	28
21	17
0	18
112	4
4	11
0	10
82	1
0	0
4	0
0	3
0	9
0	0
131	29
0	24
2	23
0	0
5	0
134	111
0	52
0	52
10	31
41	147
0	135
0	144
63	144
270	284
0	17
3	2
0	271
17	0
0	1
4	1
0	1307
2	1368
44	1009
9	1037
0	127
0	29
0	10
73	23
0	0
8	27
1	15
4	12
0	402
0	402
13	9
0	5
0	5
5	68
0	2
0	0
0	2
0	184
0	0
0	34
6	2
0	2
0	184
0	3
0	3
0	1
6	0
343	245
4	7
49	15
9	15
1	15
39	2
0	2
11	13
0	10
51	13
5	0
100	22
0	4
0	3
0	7
1	130
19	35
0	47
0	47
0	25
9	2
0	140
265	16
0	16
0	0
0	254
9	254
0	14
2	0
2	0
11	109
62	0
5	0
203	416
0	416
0	72
0	72
16	91
2	0
0	0
0	91
3	0
75	4
0	10
0	10
0	10
36	1578
0	1589
0	223
0	0
13	87
16	87
60	167
0	222
0	51
0	0
0	48
0	6
0	60
0	23
0	23
2	0
0	197
0	54
0	191
0	216
0	13
9	128
0	22
63	105
0	88
0	51
0	71
0	58
0	55
0	25
521	27
0	18
83	3
0	2
2	1
60	0
1	8
0	14
0	0
0	6
21	1
4	2
0	1
0	1
64	1
17	1027
66	1026
4	925
0	925
0	468
0	1
4	10
350	124
42	124
14	78
0	88
13	23
8	18
0	22
14	26
0	22
0	21
0	23
0	1
100	142
0	142
2	0
0	32
13	6
1	0
0	2
0	0
0	33
607	2
0	0
10	0
31	0
143	12
6	2
0	10
0	0
5	0
0	1
0	1
5	0
1	0
32	1
0	0
58	75
13	91
0	84
16	75
20	68
0	68
1	16
0	90
62	0
0	11
0	10
0	23
6	11
61	16
0	9
0	10
2	15
2	8
0	13
4	10
85	0
18	6
0	4
9	2
0	0
48	0
0	90
0	10
0	12
0	86
0	10
0	36
0	11
10	21
0	7
0	81
17	81
0	6
0	4
5	11
0	4
9	1
0	13
0	18
0	17
0	13
0	11
0	13
0	2
0	5
6	0
0	3
7	3
5	172
0	10
70	172
158	46
1	18
15	0
25	18
82	164
0	163
2	88
19	63
0	7
3	0
0	4
18	27
55	23
212	0
0	0
0	2
372	33
0	21
0	6
24	2
17	0
8	0
0	0
1	0
14	7
283	108
97	118
7	16
0	16
4	13
0	13
0	777
0	775
43	2
5	4
0	2
0	4
281	6
7	13
14	13
3	0
4	0
10	0
0	0
137	0
17	0
0	91
22	91
24	66
2	0
1	1
0	0
0	1
2	0
209	169
2	164
1	222
0	80
0	73
2	71
3	0
4	15
0	3
0	15
0	13
0	15
0	13
0	0
28	0
0	0
0	0
0	0
0	3
0	1
0	1
2	0
0	1
0	0
22	6
20	0
3	0
0	0
0	0
0	1
5	2
0	6
49	6
11	0
0	0
13	0
0	0
30	6
0	6
7	0
11	0
1	4
0	4
94	0
0	0
0	3
60	13
0	0
0	3
0	12
22	1
66	0
0	12
3	23
0	23
36	0
0	7
0	6
5	1
31	1
0	0
0	0
1	0
0	0
3	0
479	30
0	22
0	3
25	23
0	23
0	21
0	4
0	3
6	0
777	0
0	2
4	2
0	7
0	411
14	388
0	411
0	14
0	32
0	30
7	4
52	1
0	32
0	31
0	64
0	63
0	65
2	64
0	64
0	0
0	0
86	0
9	0
1	0
0	1
12	60
36	9
37	9
3	0
0	0
0	1
0	1
0	4
1	128
293	214
0	110
61	1
70	0
3	189
14	1
0	0
0	0
60	116
26	116
31	108
26	105
0	106
0	1
0	0
0	38
17	54
1	54
8	40
0	0
0	4
0	4
0	0
4	4
0	2
10	95
0	1
4	1
7	8
3	0
3	33
0	33
2	55
0	55
0	47
0	45
19	45
0	3
0	3
81	1
1	13
8	13
2	0
0	0
0	43
0	0
0	43
1	1
3	1
0	1
21	82
0	5
65	64
0	10
0	33
0	1
2	59
0	3
0	2
0	17
0	1
0	1
0	1
6	14
5	3
249	2
133	6
0	3
1	0
0	6
390	35
14	24
0	30
0	25
1	0
0	3
0	3
8	3
2	9
2	8
1	0
0	1
6	282
27	72
1	234
0	54
21	13
2	13
86	0
0	8
2	8
0	0
0	0
0	0
0	8
0	0
648	0
0	54
0	46
0	37
37	0
125	3
0	3
0	6
1640	81
0	84
9	71
0	64
2	2
2	2
0	0
0	21
0	0
0	0
0	0
0	0
0	0
0	0
57	0
25	15
0	15
0	0
10	1
5	37
0	37
0	14
0	14
12	175
17	175
103	14
191	2
35	2
18	13
1	2
60	0
29	0
0	2
0	1
42	16
134	59
0	10
248	45
0	13
0	13
0	6
0	0
95	0
32	7
0	1
0	1
0	0
3	0
6	0
5	1
1	1
0	0
0	50
0	50
0	8
20	0
1409	0
0	69
0	88
0	18
0	4
20	88
7	20
2	0
226	0
0	62
0	0
54	19
10	19
0	43
34	4
41	29
0	72
0	68
36	11
1	11
24	39
23	7
6	5
0	5
0	45
0	45
0	7
0	2
0	18
0	19
23	0
0	0
0	4
0	9
0	9
0	6
0	6
0	45
0	45
9	27
1	1
2	1
0	6
0	36
0	20
0	24
376	1
3	0
71	171
64	181
0	117
0	54
5	1
4	6
2	0
12	1
20	1
1191	1
6	0
0	1
17	1
0	2
0	2
0	2
0	2
0	2
0	0
0	0
0	2
0	2
0	6
82	31
0	0
1	0
53	31
0	18
0	18
45	104
0	16
0	1
0	0
0	88
2	88
6	7
0	0
12	6
0	6
18	6
0	2
0	1
3	1
15	3
0	3
0	6
457	32
982	32
5	102
0	13
0	5
6	0
0	0
7	39
15	38
0	27
54	103
0	120
15	161
0	62
24	82
0	75
0	32
106	113
0	282
0	41
0	43
0	3
6	279
50	59
0	32
0	5
69	1583
10	0
11	0
219	0
0	0
0	1588
0	53
0	63
0	63
0	63
5	11
0	5
0	5
0	11
3	11
11	7
0	63
58	0
2935	160
0	222
20	79
0	85
0	116
11	95
0	51
0	27
20	55
0	10
4	8
0	10
46	0
0	343
0	0
0	18
0	11
17	1
5	260
0	84
43	358
0	173
49	351
62	8
12	160
2	152
0	1
1	3
0	2
2	1
0	0
11	1
3	6
0	0
0	0
127	140
0	127
0	137
1	254
448	254
11	51
0	51
0	12
1	21
0	12
3	0
0	0
0	0
1	0
0	0
3	15
8	0
203	0
2	18
0	18
0	18
0	18
0	18
0	18
0	5
4	8
0	8
0	0
4	0
127	142
0	128
0	0
33	48
0	68
21	14
2	53
21	75
6	7
27	75
9	25
0	6
0	6
111	330
0	328
0	274
0	277
0	117
0	117
0	35
0	0
0	0
0	1
0	2
0	43
5	0
0	5
93	233
27	233
1	180
0	134
0	92
0	61
0	0
0	0
0	1
0	1
0	1
1	1
0	1
25	0
16	9
0	0
0	50
0	14
48	34
0	30
0	0
0	8
0	34
6	29
0	32
0	34
16	142
21	8
95	134
4	0
14	2
0	2
0	2
0	2
30	128
0	128
2	0
5	0
12	0
52	229
5	226
0	0
3	0
0	9
0	6
4	3
0	410
0	141
25	91
0	91
0	46
0	0
0	0
0	0
2	169
0	120
0	147
1	29
0	0
0	0
0	174
36	53
1	8
0	4
0	24
1	1
127	12
2	0
0	0
0	0
0	0
0	0
0	0
0	0
0	0
0	11
7	2
0	2
40	26
0	2
62	26
2	19
2	16
0	10
0	9
10	10
0	4
0	5
0	5
0	4
1	5
0	4
0	5
0	403
0	403
639	449
0	234
0	215
0	207
11	91
0	18
0	2
2	1057
0	522
0	13
0	13
4	13
17	45
3	7
0	6
0	2
3	2
0	29
0	29
0	23
224	188
0	3
0	0
0	0
0	0
0	2
0	0
0	14
0	1
0	184
2	0
6	28
4	86
18	37
0	28
15	33
0	4
0	8
1	1
0	0
1	6
0	1
0	2
11	6
0	2
0	0
0	0
0	0
0	0
0	0
0	25
0	24
0	0
0	0
0	2
0	7
1	0
0	1
0	0
20	1
65	16
8	15
2	0
7	0
324	120
0	39
0	65
0	120
0	8
2	3
2	0
3	42
0	102
0	113
6	2
0	28
730	5
0	26
76	9
22	11
1	3
16	5
0	6
0	131
45	0
0	5
0	1
0	1
0	0
0	0
0	4
31	134
0	114
0	134
0	90
1	180
0	172
0	18
0	3
19	133
0	3
0	0
0	34
0	1
35	17
0	21
1	14
0	3
0	0
0	0
0	0
0	1
0	2
3	0
8	5
0	7
0	7
2	0
0	21
17	10
61	1
0	4
0	10
209	9
17	7
103	57
1	7
0	7
0	0
0	0
9	3
7	17
0	17
0	9
2	208
47	0
0	4
4	14
0	1
0	208
28	92
0	9
0	0
38	4
4	0
0	0
0	14
6	78
25	2
5	2
3	2
0	1
19	2
0	2
0	2
0	1
4	83
0	3
0	0
0	0
120	11
2	10
237	19
74	0
0	0
214	10
19	12
11	3
29	7
13	5
0	29
7	34
1	24
123	175
0	158
0	4
0	5
0	15
0	0
11	363
11	348
0	363
40	244
1	51
0	8
16	0
35	0
6	1
0	6
11	1117
0	63
3	1058
0	68
0	116
0	8
22	5
0	126
368	93
0	1
0	6
0	51
0	22
5	0
37	0
3	2
21	94
0	24
0	24
1	8
0	8
0	3
5	0
0	1
2	1
0	1
60	0
0	0
566	126
1	123
1	3
128	103
2	92
0	1
0	35
0	0
0	99
20	0
1	99
0	58
10	58
0	57
0	57
0	11
0	0
11	0
18	13
0	3
0	17
0	17
0	17
0	8
89	335
0	335
0	0
1	0
0	0
0	2
2	13
29	8
2	16
3	5
0	2
6	1
107	1
0	13
0	6
0	7
41	198
1	7
0	192
21	12
0	77
0	18
0	1
0	3
0	10
0	4
0	18
0	12
0	12
285	37
120	36
2	36
0	36
3	0
0	0
0	0
8	0
38	20
0	38
6	145
46	138
0	10
0	78
0	4
0	1
0	0
2	106
0	93
64	2
0	105
0	8
14	95
0	4
0	3
0	5
9	2
0	3
0	3
0	3
0	3
4	3
1	5
0	5
1	0
17	119
0	119
44	0
5	3
0	22
0	1
1	12
0	1
0	0
0	0
0	22
0	21
36	55
2	48
0	20
0	7
1	19
0	12
0	0
3	0
0	0
0	7
0	6
0	53
38	48
2	1
0	1
0	1
3	1
0	1
1	1
14	47
1	44
92	1
2	33
28	29
0	0
48	14
0	0
12	0
0	29
0	0
0	28
182	1
40	1
0	0
0	4
0	4
0	4
0	4
0	0
0	0
3	0
1	0
5	6
0	6
0	0
7	0
0	5
0	5
0	13
6	0
0	0
0	0
2	0
1	169
0	169
32	141
4	23
2	23
0	3
0	0
2	0
0	6
0	5
180	74
0	74
4	1
0	58
0	12
1	0
2	2
0	4
1	0
0	0
11	1
4	31
0	0
16	49
7	264
4	49
164	100
0	118
1	101
154	252
0	1
0	16
0	16
0	4
0	16
0	16
0	12
0	4
0	16
0	6
0	2
0	2
0	40
15	6
16	13
70	9
0	7
0	3
0	3
0	10
2	87
0	87
0	0
0	0
0	0
0	0
0	0
0	0
1	0
4	20
0	33
0	44
10	57
0	25
113	0
0	2
1	0
14	2
4	10
0	57
11	57
2	57
23	1
0	0
1	0
0	0
0	283
0	0
0	273
0	295
0	295
0	44
0	44
3	12
8	12
20	12
0	11
0	11
95	48
6	48
0	17
144	44
2	18
11	1
28	3
0	2
0	1
0	0
16	2
0	3
0	1
37	65
62	216
0	12
0	166
0	158
49	54
2	0
5	0
0	2
0	54
0	20
8	0
8	18
0	18
43	256
0	91
0	8
0	3
0	111
0	101
0	26
0	102
0	107
2	1
0	106
0	28
0	35
0	35
0	36
0	36
0	35
1	35
1	4
0	78
19	41
0	50
5	12
0	12
3	5
25	12
0	78
8	2
0	2
33	43
1	1
13	0
0	0
3	0
7	0
0	0
0	43
449	24
16	21
0	0
0	0
38	264
46	230
0	2
27	5
0	4
3	83
0	1
2	18
0	8
33	1
19	62
2	20
0	55
0	23
0	24
0	16
9	19
3	41
0	75
70	113
0	54
0	2
11	9
0	73
0	71
30	2
48	323
0	49
0	49
16	323
40	0
0	101
0	51
0	32
0	0
43	101
32	18
70	18
11	18
0	0
25	49
0	0
0	0
0	18
3	10
1	10
0	10
0	10
0	12
6	0
30	2
0	21
0	21
0	167
38	185
0	26
0	124
0	110
79	63
5	17
3	12
0	1
1	8
0	1
0	1
3	10
0	10
0	2
0	2
0	2
0	0
0	1
6	1
4	0
3	76
0	105
0	74
0	74
0	37
0	37
249	47
3	47
58	19
0	1
0	0
0	16
199	83
0	38
0	15
0	19
0	4
4	7
0	10
8	53
0	27
63	0
0	79
142	0
1	0
121	181
0	14
129	155
2	135
9	85
207	20
0	1
41	0
26	25
69	24
0	4
3	135
0	20
0	405
436	631
0	632
8	13
0	0
2	0
12	0
8	9
60	33
0	29
0	6
0	5
0	6
0	3
0	5
1	0
0	0
148	8
0	8
4	0
0	4
0	323
121	331
1	50
38	23
1	23
3	106
1	6
0	1
1	100
13	6
4	6
0	114
1	114
0	16
0	19
2	4
5	166
490	181
7	171
0	181
0	178
0	0
353	0
27	29
0	36
0	25
47	628
0	639
1	60
2	37
0	3
0	2
7	8
0	3
0	639
0	61
0	1
0	61
0	5
0	1
10	29
14	58
0	29
4	0
46	0
161	24
1	24
244	247
28	247
0	246
0	0
30	0
127	2
0	11
119	3
0	9
0	0
0	0
0	0
46	34
13	21
4	14
0	6
0	6
0	13
95	35
0	35
0	0
1	0
0	0
3	587
0	558
0	218
77	236
0	317
0	64
0	64
0	5
3	0
0	3
0	2
0	4
0	4
0	4
0	51
0	2
0	11
0	11
0	2
0	0
0	9
0	0
0	0
0	9
20	9
0	9
0	60
0	51
745	11
5	16
21	42
0	42
6	3
2	31
3	16
0	30
0	6
0	1
0	0
5	0
18	11
0	47
0	15
0	3
0	29
0	13
54	27
0	0
13	0
0	0
2	0
1	16
0	16
92	103
3	26
0	0
1	0
0	0
1	0
44	78
0	78
0	56
49	0
201	180
0	1
0	4
0	136
4	174
2	4
0	0
0	0
57	77
0	76
7	11
8	0
0	45
20	258
0	153
182	133
0	5
33	0
7	73
123	21
0	6
0	15
0	17
0	3
18	2
0	4
0	17
162	22
1	60
395	272
2	17
0	27
0	0
0	27
18	3
0	9
0	0
21	57
2	0
0	0
0	255
21	5
63	0
3	29
116	607
29	66
0	54
14	555
0	12
0	23
5	0
2	7
5	7
3	7
0	0
0	0
0	0
0	2
3	41
9	117
1	0
0	0
19	132
0	0
1	132
0	101
0	117
0	59
0	103
35	22
0	0
0	1
0	22
0	2
0	8
0	8
0	2
11	0
0	1664
40	22
12	20
0	1662
0	13
0	0
8	0
0	0
1	27
0	38
0	0
0	0
2	0
1	94
30	76
2	15
0	16
34	17
0	10
4	2
8	5
0	3
1	0
0	0
0	2
0	2
0	2
3	6
26	9
0	6
0	6
2	0
0	3
0	79
96	79
0	51
885	51
8	22
525	449
0	449
1	428
0	441
0	3
0	1
0	0
0	13
5	0
41	10
2	3
0	7
13	0
0	0
61	137
0	133
0	131
2	2
1	5
0	5
10	3
0	3
0	0
4	1
8	0
132	28
0	28
0	21
2	892
441	892
0	0
3	0
0	0
0	40
0	4
0	0
1	4
0	0
9	8
0	38
0	38
0	83
18	85
3	52
1	38
0	5
0	0
0	69
0	36
0	2
15	7
0	44
4	68
0	43
408	72
99	70
2	5
132	3
2	100
0	100
0	98
25	6
0	2
0	2
0	2
0	2
0	1
0	1
0	1
0	1
0	1
0	1
0	1
0	0
1	0
0	0
10	59
0	0
0	0
0	5
0	0
0	0
1	0
0	5
0	1
128	7
0	7
6	0
1	0
184	41
0	41
6	11
1	11
0	0
0	2
0	2
0	2
0	0
0	3
0	3
0	3
307	14
5	0
0	0
0	6
0	5
0	0
6	0
5	8
1	0
23	43
0	21
0	16
0	16
0	16
0	16
15	40
0	39
135	66
0	67
18	23
20	852
22	854
0	871
0	870
0	1
3	16
10	0
9	13
0	6
0	2
0	6
0	33
0	7
8	11
0	32
11	5
0	3
0	3
0	0
5	0
0	12
0	0
0	12
0	2
0	26
0	11
0	0
0	0
0	142
3	146
0	153
9	159
0	19
0	2
0	0
0	2
9	73
1064	66
2	2
14	5
32	144
2	144
222	0
5	92
9	92
12	72
4	0
30	14
5	0
68	147
0	0
0	0
2	0
0	10
0	0
2	0
23	0
0	0
0	10
0	8
0	3
1	0
0	137
330	45
24	45
0	44
0	44
1	3
3	14
208	143
0	40
8	4
0	4
21	4
5	141
0	33
3	41
15	25
0	1
0	25
2	8
0	0
29	160
44	160
0	22
0	22
3	15
99	35
71	64
39	8
0	35
0	35
21	0
64	78
0	79
3	26
0	0
0	0
0	0
2	12
0	0
16	39
0	44
0	8
0	9
111	552
92	581
20	663
0	6
0	664
0	534
0	23
22	552
15	3
0	1
116	574
0	0
295	0
0	0
0	0
55	0
0	426
94	448
10	0
0	119
1	0
0	5
1	0
1	5
54	137
0	19
7	0
0	167
578	174
0	17
0	20
0	18
1	18
7	15
0	3
6	1
5	6
55	82
2	82
1	1
0	22
21	386
14	386
0	266
0	64
0	7
0	6
0	4
2	0
3	10
299	68
11	1
0	9
0	8
0	68
356	221
169	22
1	203
0	658
65	0
0	407
1	405
39	404
207	289
0	0
46	6
17	40
13	40
662	0
0	9
0	9
437	94
2	99
0	69
0	111
0	77
0	14
43	69
0	0
10	135
13	16
0	23
0	34
0	10
0	32
0	14
3	15
0	13
0	18
0	8
2	30
2	11
0	18
5	31
271	19
3	18
2	14
4	8
1	37
1	1
19	1
4	2
145	38
0	0
0	29
0	0
4	0
636	36
0	21
5	33
25	13
202	786
7	171
5	94
4	615
12	0
0	1
0	2
3	0
9	17
30	2
0	0
0	0
32	29
7	22
10	0
0	7
0	5
0	5
0	0
4	0
0	1
9	12
0	1
0	1
0	1
0	1
0	1
7	12
0	1
0	0
16	199
0	193
0	259
3	10
0	7
0	2
0	6
23	259
11	35
0	38
0	18
5	18
0	8
5	8
0	3
7	19
0	6
0	2
0	5
0	23
31	62
1	0
10	51
0	29
0	38
0	62
2	0
0	3
0	0
3	2
159	3
0	2
0	0
178	0
567	9
3	9
36	91
2	76
0	73
16	34
0	45
13	1
0	0
4	0
0	10
0	17
1	0
0	0
0	17
0	11
0	0
0	11
954	1
0	5
0	0
34	0
3	3
46	11
0	0
3	3
0	3
0	10
0	0
0	3
0	3
0	3
167	27
10	27
20	94
34	42
20	31
17	4
7	9
2	3
6	12
229	6
0	14
26	59
15	59
3	26
44	46
24	44
18	83
0	82
0	82
0	23
10	30
0	30
0	30
109	4
0	4
0	0
0	0
0	0
0	0
0	0
0	0
4	0
0	104
30	104
0	10
0	9
0	3
0	53
0	6
7	78
0	78
5	71
7	0
6	165
0	188
1	188
1	169
4	3
0	0
11	0
5	3
1	3
0	1
1	3
1	3
1	43
8	36
0	43
14	31
1581	33
83	33
78	127
35	48
0	17
0	13
8	11
62	8
5	8
0	8
16	2
11	2
10	20
0	24
0	24
6	0
7	22
0	24
0	4
0	0
0	0
0	0
0	2
0	2
0	0
0	0
297	215
12	217
62	86
168	86
293	5
7	447
0	49
0	420
0	140
0	3
225	14
0	4
70	0
0	0
607	39
1	9
0	19
0	6
0	10
0	3
183	21
0	14
95	26
4	18
0	26
4	24
0	2
0	6
0	9
100	24
0	13
0	5
2	1
0	0
11	150
0	150
0	109
0	49
70	10
3	1
2	4
0	5
17	9
0	2
0	3
11	16
1	6
71	6
30	99
0	7
33	8
5	40
0	172
18	44
0	21
0	73
0	176
5	36
62	48
5	48
7	0
0	0
0	0
3	51
0	39
255	39
0	3
0	15
83	110
0	0
1	3
0	1
0	63
0	52
1	2
0	0
2	102
94	17
0	0
3	23
18	80
0	1
0	79
1	7
0	7
0	0
0	1
0	0
2	0
0	0
0	5
1	8
4	6
0	6
0	691
18	697
0	109
0	46
0	0
0	0
2	4
6	37
18	126
0	70
0	33
313	18
7	126
5	27
0	55
2	129
201	195
0	188
0	0
0	156
0	192
298	258
6	22
19	65
0	6
0	6
51	61
0	61
4	61
12	64
117	14
0	14
13	0
3	32
0	8
56	121
0	121
0	41
0	2
0	2
4	72
0	58
0	24
0	1
0	14
0	13
2	13
0	0
7	25
5	61
21	15
10	14
0	6
0	50
0	0
16	16
7	16
0	16
3	16
0	13
6	0
3	0
16	0
8	46
0	63
78	27
0	105
0	4
0	82
0	45
5	3
0	3
109	0
0	55
4	105
17	9
0	9
0	0
0	4
0	4
0	4
0	1
0	73
91	0
6	0
0	0
0	0
0	0
3	1
0	1
0	0
0	90
0	90
5	103
0	65
0	67
0	1
5	129
4	45
0	129
0	79
0	95
0	98
0	10
0	1
5	72
0	89
0	2
4	6
8	0
120	170
0	44
27	126
1	17
0	0
0	33
0	148
0	32
2	0
0	108
21	47
0	121
17	77
0	51
5	37
3	4
3	3
0	0
3	0
0	54
1	17
0	47
11	47
1	46
30	8
2	5
0	4
82	105
4	2
38	96
52	106
0	339
0	339
0	24
0	10
3	5
3	0
0	129
24	129
0	0
2	119
137	121
6	63
0	3
6	52
108	3
0	0
7	1
32	78
0	25
0	7
0	71
0	47
131	145
103	5
0	17
0	80
0	54
4	48
0	132
0	127
8	257
0	2
1	46
0	38
0	37
0	15
0	0
0	0
0	14
0	19
9	10
0	3
4	4
4	5
0	86
122	212
5	32
1	0
7	24
0	36
0	36
0	86
0	0
0	27
0	52
1	1
0	86
5	0
4	13
0	11
0	4
0	2
5	0
0	1
102	825
0	825
3	30
59	3
23	67
0	0
0	22
0	68
0	14
0	4
157	42
0	42
4	42
1	1
34	39
3	2
6	37
11	4
2	4
29	34
0	0
7	34
0	9
0	9
0	7
5	0
0	0
0	0
1	0
0	346
0	42
0	352
0	348
0	347
2	350
5	77
63	40
33	34
69	11
11	14
5	1
0	0
0	1
0	2
0	0
1	0
2	8
0	7
0	4
0	0
0	1
0	53
0	2
0	2
0	64
0	74
0	84
2	0
0	16
7	2
13	13
10	9
0	36
23	13
4	13
203	3
0	87
0	117
0	44
0	0
49	0
0	14
1	202
0	183
0	150
94	71
0	75
36	76
0	33
4	27
2	18
4	37
0	14
0	32
0	9
0	19
11	40
0	37
12	6
2	6
0	18
38	54
0	80
256	9
0	9
6	0
34	0
3	107
0	96
0	60
0	27
6	50
99	94
49	10
8	160
0	2
82	131
0	109
0	122
18	89
0	74
0	63
0	0
13	0
0	17
0	22
7	0
0	32
0	277
65	15
0	2
0	268
170	270
9	46
0	49
0	17
9	0
0	0
0	3
0	1
0	1
0	1
0	0
24	541
1	541
66	366
0	92
0	119
18	0
168	0
62	31
20	22
32	22
0	18
1	6
0	0
3	3
4	78
0	12
40	12
0	6
0	11
1	0
0	9
0	0
0	4
3	9
0	9
0	12
0	12
0	17
0	24
0	54
6	82
0	73
0	54
0	54
0	46
0	46
0	50
0	47
0	38
0	37
0	8
0	4
0	3
0	0
2	0
0	3
0	4
0	3
0	3
14	0
0	18
1	18
0	12
0	0
1	17
0	3
0	13
3	13
10	1
0	11
0	0
0	72
8	77
0	15
0	1
1	8
0	8
183	204
0	204
7	0
4	59
0	59
0	59
230	49
3	0
0	0
7	52
33	38
12	82
0	38
0	35
0	33
0	33
0	25
0	20
0	66
0	0
2	0
0	15
0	15
0	5
0	0
1	4
9	0
21	4
1	0
0	8
0	8
6	10
2	1
4	0
0	3
102	6
0	0
0	6
60	142
9	51
0	16
0	41
0	64
0	44
9	0
50	104
0	92
84	95
0	11
4	22
0	22
0	15
325	0
0	0
0	0
1	0
13	0
1	17
3	21
8	0
202	0
24	9
0	0
6	0
31	7
324	373
0	73
0	3
0	373
0	49
0	49
8	13
0	3
0	3
0	3
0	3
2	0
0	4
0	59
116	45
5	13
0	0
0	45
0	0
0	0
3	0
0	0
0	0
0	40
1369	270
0	171
214	177
0	146
0	1
0	14
0	22
0	34
14	171
284	18
0	177
92	22
0	18
0	3
0	3
0	3
0	4
0	3
7	14
0	12
1	1136
205	1138
189	359
0	278
0	133
342	0
1	0
0	0
0	0
2	0
2	0
16	1162
0	1197
0	734
0	152
0	2
100	32
0	0
0	18
84	32
20	1
3	1
179	11
0	15
0	4
189	23
0	1
3	2
0	23
12	6
0	14
0	17
0	14
0	14
0	6
0	12
0	12
0	0
0	0
0	2
0	0
0	0
0	0
0	11
3	2
5	8
0	2
0	1528
1	1541
7	626
1484	2069
0	827
0	45
74	15
100	86
2	5
1	0
1	0
6	0
0	0
0	74
15	12
0	0
0	0
94	0
0	0
0	0
49	9
0	0
5	0
38	37
0	39
0	23
0	10
2	15
0	4
3	0
0	0
0	59
26	59
12	0
0	2
5	8
253	113
0	81
622	65
0	57
7	26
0	24
0	16
43	6
0	36
0	1
252	0
0	8
2	8
12	25
8	25
218	364
0	49
0	6
2	3
0	3
0	2
4	0
0	1
6	0
3	1
0	346
158	1
15	1
11	1
0	33
8	22
0	22
0	0
2	0
0	8
0	8
340	1
9	3
0	21
0	0
16	3
0	18
0	0
216	121
45	324
0	178
5	218
0	138
0	5
0	5
0	1
32	38
0	0
0	144
0	66
1	53
6	8
19	15
2	7
25	14
2	11
0	13
0	8
0	1
0	2
0	0
36	272
21	273
0	200
4	41
9	62
1	62
0	31
1	0
0	15
0	13
2	15
0	15
0	4
6	89
0	78
17	44
0	1
0	8
2	5
13	12
0	12
5	0
0	1
0	0
2	4
0	8
1	29
0	19
0	0
0	19
0	0
0	19
4	0
0	2
3	18
0	18
0	2
0	1
2	0
0	8
0	8
0	8
0	0
298	118
8	18
4	6
0	22
0	0
4	12
534	60
16	81
0	73
0	46
0	0
0	0
0	0
0	0
51	68
27	5
2	5
0	5
21	5
81	14
0	35
7	35
115	37
3	55
2	26
28	28
0	6
0	129
5	92
0	106
4	6
0	0
0	0
0	28
19	0
128	0
32	0
0	111
0	45
94	111
39	5
35	36
0	5
187	35
0	2
14	33
0	5
0	2
0	2
14	1
0	1
3	0
0	1
0	0
0	1
0	22
6	38
0	26
0	26
0	42
26	40
0	15
0	16
0	32
0	40
46	68
33	26
0	80
1	108
0	114
126	57
0	0
0	4
3	4
0	85
25	126
501	1095
2	1095
0	69
6	0
0	0
2	34
0	332
0	32
0	38
0	39
175	37
0	32
0	8
0	0
1	0
3	4
0	5
85	31
5	27
0	30
0	11
0	2
0	0
39	8
26	9
9	8
0	2
0	6
1	6
0	1
0	2
0	375
38	361
0	19
0	322
0	240
130	0
309	568
0	576
0	79
8	20
21	53
1	7
8	32
0	2
0	10
0	355
48	389
7	5
0	5
0	7
9	6
23	8
0	2
0	13
0	3
0	5
0	10
0	10
13	20
0	7
0	30
0	74
0	49
0	50
0	0
0	30
0	90
2814	0
4	4
4	4
0	9
36	48
13	49
0	0
12	10
0	2
23	54
34	2
5	1
157	0
15	52
0	0
0	0
0	0
0	0
0	0
8	2
0	2
2	2
0	2
23	19
4	13
0	10
0	7
0	7
11	4
0	0
0	0
6	0
2	0
0	0
17	3
0	0
0	6
49	13
407	19
0	8
5	0
0	12
0	0
12	66
0	48
15	21
10	50
0	1
2	0
0	14
0	52
0	52
0	52
0	22
6	9
0	1
0	9
32	32
6	31
12	31
1	9
0	30
17	0
1	2
0	2
0	70
22	70
37	29
0	29
0	0
0	0
1	0
0	1
0	0
0	0
0	17
0	22
0	18
15	9
0	39
5	39
10	9
0	6
56	8
0	8
0	8
157	242
7	242
12	14
12	32
7	0
3	0
0	130
3	0
18	25
0	130
0	0
3	0
0	0
52	0
0	47
0	274
0	8
0	5
0	0
0	0
0	0
1	279
14	19
2	49
0	16
0	16
0	5
0	4
0	49
0	46
2	11
8	11
0	32
13	32
106	107
0	107
2	8
0	3
0	98
28	0
5	33
0	287
0	5
0	290
0	287
0	286
4	1
0	283
0	283
1	286
0	76
0	1
0	18
20	75
0	21
6	1
0	1
0	211
2	16
612	205
8	186
0	2
70	21
0	10
25	32
2	26
0	1
4	1
0	51
3	41
9	78
4	49
0	51
203	16
146	17
298	53
0	5
0	27
0	0
0	7
0	7
0	1
0	39
60	96
0	86
0	95
0	71
3	17
0	1
0	1
0	0
6	0
3	0
41	98
35	121
3	120
76	82
0	92
0	113
7	5
0	5
0	3
0	8
7	38
0	39
0	0
3	5
70	6
0	6
0	6
6	0
25	1
3	7
0	7
0	0
0	0
0	120
0	112
68	98
12	790
18	348
0	479
0	55
138	380
688	587
844	578
59	66
0	64
0	5
6	0
9	0
0	5
0	9
0	2
5	17
0	13
0	10
0	12
0	3
24	16
0	7
0	7
0	5
0	9
3	9
0	12
0	14
0	14
6	24
7	159
0	128
10	127
289	25
1	0
0	25
539	0
111	35
4	34
0	35
5	6
2	0
0	6
4	3
2	6
0	6
0	0
0	71
1129	77
19	4
0	4
0	4
0	4
0	4
0	4
0	4
0	4
2	1
1	1
0	1
0	1
0	1
0	4
69	0
0	9
0	19
0	25
0	25
6	0
0	3
0	4
1	2
0	25
319	61
0	61
0	0
16	5
16	12
0	30
127	118
2	21
0	18
0	23
0	115
0	17
0	13
0	18
0	26
0	0
0	1
0	1
0	0
0	1
0	22
52	20
646	26
4	0
16	9
18	8
3	0
7	0
7	0
3	0
0	1
0	9
495	33
0	1
0	7
2	1
0	7
151	31
0	33
0	33
57	27
139	206
0	1
24	257
0	65
56	315
37	75
0	104
0	171
3	82
0	68
0	135
0	305
59	1
10	62
10	53
19	46
0	46
0	64
0	0
0	1
4	2
0	2
0	40
0	40
0	4
22	3
0	1
0	2
94	26
17	22
0	6
14	38
0	28
0	1
1	1
0	2
0	65
0	65
0	65
0	0
3	0
0	14
1	1
25	15
1	3
0	90
0	31
0	2
8	2
2	34
5	46
23	1
0	0
0	7
20	46
5	44
0	236
0	15
0	226
326	0
230	2
9	233
76	12
4	2
0	0
8	10
16	167
10	183
0	149
0	25
0	25
0	3
0	34
0	11
0	0
0	11
0	11
7	0
0	0
0	0
3	0
0	34
0	34
0	6
9	60
0	46
0	57
0	50
0	9
26	86
0	85
16	3
3	5
0	6
0	3
0	0
1	0
0	0
0	1
5	1
0	0
0	71
18	3
8	5
14	37
1	15
0	15
0	14
16	73
47	73
4	73
2	1
3	19
1	31
0	13
0	8
0	14
14	43
239	0
0	17
65	81
0	4
6	156
161	170
3	46
0	128
0	43
0	95
0	97
249	190
0	190
3	4
0	2
190	8
12	8
0	8
5	0
79	21
0	34
5	17
1	12
65	29
0	15
0	29
0	13
0	9
0	29
0	0
32	29
868	327
0	252
5	17
6	5
0	327
0	208
0	208
0	6
0	9
6	9
0	241
0	241
0	0
3	0
3	0
1	3
0	2
51	1
0	4
1	0
0	4
36	0
1766	12
249	45
7	12
62	1
85	0
94	1
0	6
0	29
0	15
0	32
5	1
310	190
2	0
3	1
0	72
9	0
1	59
69	12
0	1
37	41
3	3
187	26
0	0
1	0
0	0
0	35
0	34
0	16
1	62
0	38
0	93
0	117
5	50
0	37
6	46
0	6
2	0
10	1
0	1
0	6
52	1
4	58
0	59
0	2
0	25
0	24
0	1
0	1
11	4
15	4
26	1
0	331
0	1
0	6
0	291
12	331
0	33
0	30
14	0
0	67
1	67
0	22
0	0
3	87
0	77
0	71
0	24
0	15
0	8
39	12
0	1
0	13
16	1
0	0
21	25
7	0
0	0
0	1
1	1
2	118
0	742
20	106
0	7
0	0
0	824
0	37
0	37
0	0
1	0
6	0
0	13
0	0
0	0
1	38
4	15
0	18
66	14
0	15
97	1
1	0
0	9
46	4
2	5
3	5
24	52
6	0
0	11
23	14
32	3
0	15
0	17
15	7
15	14
0	14
2	4
32	56
0	1
17	3
25	4
109	56
12	1
0	0
1	0
13	3
37	4
1	2
0	2
0	0
0	0
1	0
0	0
1	2
0	19
0	6
72	88
1	154
0	90
540	99
30	0
0	14
39	228
22	234
21	21
4	6
0	22
0	15
0	9
0	9
101	0
0	14
0	14
0	20
81	20
0	18
0	16
10	0
0	8
3	3
7	8
3	0
110	108
1	57
268	0
21	57
1	42
2	47
0	57
0	55
0	55
0	57
31	37
0	40
0	27
0	27
0	27
0	27
0	27
0	27
7	27
0	27
0	27
0	29
1	0
14	0
0	13
0	47
0	47
0	47
0	47
0	159
0	159
2	10
0	21
9	11
2	0
1	1
0	1
26	21
0	21
8	1
0	6
3	0
1	18
5	26
328	28
7	26
11	19
0	25
214	181
7	181
0	113
0	0
252	7
552	78
9	132
137	142
0	32
62	0
0	0
27	0
0	107
4	51
3	3
0	0
0	101
922	151
0	7
21	159
327	1159
76	1073
58	1037
0	236
0	20
0	7
0	7
22	0
0	5
2	2
0	0
4	12
703	139
21	81
0	82
0	27
2	3
45	13
22	13
1	0
3	3
0	3
1	0
0	12
7	4
0	0
70	3
0	3
12	0
0	1
4	6
0	5
0	6
0	1
0	1
0	1
19	10
0	0
0	10
16	10
1	0
10	30
0	30
0	27
2	1
0	18
0	0
0	9
43	23
0	45
0	45
3	0
2	4
0	4
26	5
1	1
0	1
10	0
423	0
63	55
0	54
1	24
0	10
0	3
56	0
0	33
61	3
0	3
8	3
9	3
0	0
0	1
47	5
110	5
0	1
0	1
8	10
0	9
7	0
0	50
0	47
1	47
0	39
0	18
48	0
13	0
0	1
20	5
7	55
7	7
0	6
0	4
16	1
0	9
794	10
2	12
0	4
0	69
0	127
59	127
2	423
12	423
1	423
0	432
0	435
7	435
0	0
5	26
0	8
16	25
5	0
0	0
0	0
0	0
0	0
0	0
94	0
78	148
0	117
0	51
30	15
20	6
55	127
42	0
16	16
0	16
0	13
7	13
0	15
0	13
0	5
0	3
2	0
0	2
0	90
0	90
21	153
0	71
0	77
0	19
4	24
0	17
0	22
32	17
34	17
4	12
0	12
0	0
0	0
0	34
0	23
0	34
11	15
0	31
12	201
0	201
92	159
255	7
3	1
2	57
0	79
13	12
132	76
0	0
0	0
4	0
5	38
5	4
0	9
3	2
7	1
1112	38
0	36
25	76
5	2
405	205
16	204
1	0
0	0
245	16
428	24
20	24
1	1
0	305
29	223
8	82
10	0
5	5
0	5
0	48
0	2
27	2
13	48
72	31
0	5
0	3
13	1
2	0
0	1
0	0
4	0
0	26
3	24
15	24
0	4
0	1
51	18
0	18
0	12
339	39
60	0
262	9
4	9
0	0
0	0
3	23
72	48
315	33
0	37
45	72
0	78
17	68
0	26
0	26
0	1
2093	902
0	948
130	6
0	6
5	1
0	54
0	53
118	77
0	51
0	77
60	41
0	122
0	17
0	23
0	10
0	99
10	18
1	16
0	19
0	6
0	5
0	4
1	4
0	2
0	4
0	4
15	2
56	26
21	0
0	28
16	22
0	16
11	7
73	8
0	6
18	8
4	0
0	0
0	0
0	0
0	7
0	0
0	7
0	2
0	4
30	47
2	0
177	10
1	7
0	7
4	0
0	2
28	0
2	0
149	13
0	12
4	1
3	6
0	37
11	19
5	13
0	18
0	0
3	0
0	0
3	13
0	0
0	23
0	0
0	0
0	0
0	6
40	30
0	16
249	103
18	8
5	5
0	102
0	0
2	0
277	19
10	5
0	9
0	18
253	18
0	18
2	31
0	31
0	2
0	2
0	1
489	16
28	16
0	24
0	24
0	17
0	2
1	0
0	0
7	0
106	1
0	0
0	37
0	79
0	26
0	43
0	43
5	0
15	0
0	0
0	2
0	1
8	17
0	17
1	0
3	0
3	0
4	1
0	7
17	1
6	9
0	9
52	82
11	3
10	3
0	76
65	3
0	3
0	95
0	98
0	13
0	25
0	25
0	25
0	0
37	14
0	14
103	101
1	8
0	8
0	8
0	22
0	20
0	0
0	19
41	140
0	41
0	134
1	39
12	39
10	22
0	13
0	19
0	3
0	3
0	3
0	3
0	3
5	11
0	11
0	5
0	4
40	71
0	3
0	3
0	3
1	3
10	15
0	15
9	3
0	3
5	12
0	12
2	0
0	0
426	154
0	2
11	152
83	21
19	86
11	21
0	3
0	1
4	0
0	6
0	3
0	194
0	184
0	1
0	4
0	1
0	0
69	27
0	27
541	136
2	274
0	38
0	2
13	72
0	305
0	36
1	1
8	0
34	21
8	0
211	12
0	135
1	2
0	0
19	246
0	59
22	193
278	4
0	34
0	0
149	16
0	70
0	1
0	1
152	54
0	2
0	11
0	1
0	0
8	0
0	4
0	0
0	9
9	10
0	0
0	9
7	44
0	6
77	93
1	0
0	4
0	13
0	129
1	129
18	13
5	7
0	7
0	0
0	2
2	0
0	0
1	2
0	2
0	0
69	21
0	21
0	13
0	7
0	13
0	13
0	13
0	6
1	6
4	6
0	5
1	9
0	5
0	0
0	0
0	0
0	0
51	2
9	0
0	0
27	369
41	362
27	9
3	13
0	13
0	13
2	9
0	9
0	0
0	0
8	0
0	3
1	0
0	4
0	4
0	3
0	0
0	0
0	0
0	3
5	0
0	0
0	0
12	109
32	81
0	46
0	46
0	0
0	0
2	12
0	4
43	0
3	10
0	7
279	101
14	103
3	46
0	5
0	5
20	19
0	18
8	1
59	25
41	18
2	12
32	21
29	33
0	8
4	25
0	13
12	0
0	8
0	7
4	6
34	0
0	0
0	0
0	1
170	0
0	44
0	44
0	19
7	5
0	0
0	0
0	12
0	12
1	0
10	13
0	0
0	23
0	14
0	20
10	12
819	84
24	82
17	165
0	75
0	152
0	24
5	16
0	8
0	5
0	8
3	8
0	0
0	17
4	20
12	25
0	4
0	0
0	3
0	23
0	23
11	17
136	32
0	38
0	6
4	53
4	53
0	51
1	39
0	2
6	6
0	0
2	0
0	2
1	0
0	6
106	373
12	95
11	4
697	406
0	152
9	1
96	15
0	12
0	0
0	6
0	0
0	2
0	0
296	22
1	0
0	3
427	19
82	135
0	157
0	128
0	41
0	80
0	24
0	1
0	20
46	0
0	1
1	20
5	0
3	15
0	80
0	3
0	18
0	18
0	14
0	14
2	1
0	12
0	1
48	25
0	8
0	9
0	0
0	26
0	26
1	4
0	0
0	0
0	52
594	49
30	9
77	14
0	0
3	4
0	8
16	185
7	177
2	177
0	128
0	192
0	71
0	68
0	404
17	165
8	396
1	99
0	41
0	1
769	0
18	130
0	189
191	8
0	2
4	95
3	16
19	0
2	0
6	0
0	22
0	22
0	22
0	22
0	22
0	22
0	15
0	0
0	0
0	43
0	43
104	0
16	104
0	105
16	105
101	105
0	85
0	2
0	4
1	0
28	38
46	0
65	0
0	38
0	0
4	84
0	84
597	341
0	260
0	67
10	119
13	51
0	33
0	41
0	82
0	15
39	33
0	1
1	5
0	10
3	2
0	5
1	0
0	0
0	61
70	61
27	19
0	6
0	6
10	6
0	2
2	1
2	1
0	0
32	1
61	5
0	5
156	4
269	14
0	14
12	9
156	10
6	0
21	0
5	21
0	21
0	0
0	8
0	0
0	0
55	0
6	1
1	1
0	0
0	1
0	0
1	0
6	0
48	32
21	12
0	191
0	109
0	3
0	189
0	0
0	128
1	53
21	25
0	1
2	6
4	6
101	0
3	0
45	25
85	9
0	6
25	2
5	17
1	0
2	0
0	7
0	7
0	1
4	1
8	0
1471	462
0	493
280	125
14	167
0	109
0	14
0	0
0	14
11	118
0	118
287	45
58	52
0	52
147	5
16	17
0	16
85	0
0	0
1	0
0	0
0	1
8	6
0	0
0	1
0	1
0	1
0	0
0	0
1	0
0	0
42	120
0	0
0	0
0	2
11	9
1	2
45	10
13	85
0	2
69	46
198	23
0	0
0	9
0	0
0	0
0	24
0	171
53	35
6	0
0	35
673	108
0	7
0	34
1	39
38	2
1173	101
0	0
1191	48
225	72
8	78
0	1
25	0
0	1
0	1
94	15
0	0
0	0
20	62
0	5
0	21
0	60
0	66
0	14
0	13
0	0
0	1
3	0
0	0
0	0
0	3
21	0
102	228
6	88
7	65
227	202
0	2
0	159
1	0
0	0
0	0
0	0
0	0
1	11
0	12
0	15
0	8
1	8
4	0
0	0
1	6
12	7
0	1
17	8
0	2
0	7
0	1
73	14
0	10
2	4
1	1
0	1
0	109
20	66
0	34
0	15
0	11
0	20
0	6
0	7
0	4
0	1
0	0
0	22
0	12
0	18
191	3
51	1
0	6
0	5
0	0
0	0
0	0
0	5
47	95
0	95
1	1
0	4
9	0
1	0
0	22
0	3
0	14
0	65
0	66
0	32
0	0
0	0
41	352
3	342
11	366
2	1
68	9
0	366
5	38
5	17
0	0
0	17
4	9
23	21
0	2
0	2
0	0
0	0
0	0
0	13
0	11
582	403
0	6
0	6
0	32
2	6
0	32
0	7
0	0
0	0
77	356
3	14
0	6
0	6
108	0
23	25
0	17
0	8
0	1
15	21
0	16
0	16
242	37
0	32
0	42
0	42
0	15
812	16
83	10
1	2
15	2
9	0
0	0
8	5
0	2
1	1
0	1
0	4
0	3
0	1
15	6
0	6
0	2
9	27
0	26
0	2
0	3
0	1
0	29
4	3
20	6
0	6
0	4
0	29
332	19
0	0
1	0
8	1
6	52
0	52
0	3
0	6
0	9
0	9
0	16
81	41
0	9
0	1
0	1
3	1
12	1
3	25
0	5
18	0
13	5
1	16
26	0
0	2
0	329
0	250
0	3
0	329
19	9
14	1
359	65
9	37
125	139
33	1
0	1
0	0
0	0
1	0
0	0
6	0
3	13
9	4
0	4
9	2
0	2
1	8
15	2
17	2
0	8
0	0
1	3
48	137
0	137
10	131
0	82
0	8
0	77
0	68
0	73
0	0
0	0
0	5
0	0
0	0
330	144
0	118
0	118
1289	103
0	65
0	0
0	7
0	2
9	0
1	38
0	63
34	55
9	2
0	2
4	2
0	2
0	2
0	2
1	2
0	2
19	0
4	17
0	18
0	0
0	0
105	429
0	341
0	4
0	4
0	338
164	54
0	37
0	0
0	10
5	36
1	13
43	446
16	427
54	2
62	1
264	3
233	0
29	0
4	0
10	0
166	207
16	207
0	373
3	373
1	260
22	3
96	5
91	4
8	2
117	35
8	35
11	9
0	0
0	0
3	0
0	0
4	2
0	2
25	0
0	0
2	0
136	115
0	97
0	112
0	72
0	58
15	24
0	20
0	0
0	3
90	3
18	6
0	0
0	3
0	3
3	0
8	0
0	0
0	0
0	0
30	11
7	11
0	6
0	3
0	0
26	2
0	2
0	0
70	1
0	0
0	1
0	28
0	195
7	19
9	20
0	7
0	169
2	67
931	297
0	297
536	194
0	8
0	8
2	15
0	6
1	3
0	9
7	3
0	3
2	3
5	6
0	0
0	0
4	3
0	0
0	0
48	16
0	14
0	15
1	14
384	2
51	0
22	0
1	34
26	47
0	9
0	21
0	3
17	0
13	4
0	4
33	0
18	5
1	5
0	3
7	27
1	11
0	15
0	15
7	17
5	8
2	3
6	0
26	64
0	43
0	9
0	7
3	0
0	60
0	14
3	14
18	31
0	14
0	14
0	23
0	23
0	14
7	0
14	0
0	1
0	1
0	1
0	25
0	7
28	8
0	8
45	0
1	0
0	67
0	78
0	79
0	40
0	33
0	37
9	16
0	1
52	49
18	29
0	49
55	233
24	181
0	7
0	214
0	110
1	0
0	3
194	0
45	8
2	8
0	8
0	0
0	4
0	4
0	4
0	1
0	4
0	4
9	5
0	5
6	0
4	5
0	0
46	112
0	112
1	51
139	5
0	5
4	0
8	0
0	0
259	4
0	4
0	0
63	7
56	0
5	0
0	0
32	34
4	4
37	61
1	40
0	24
0	0
10	180
0	180
0	87
0	6
5	0
702	36
0	36
0	9
0	0
0	619
0	619
14	623
0	172
0	167
0	110
3	159
0	136
52	5
3	9
2	41
0	38
1	1
0	0
6	79
0	112
0	38
0	0
11	2
0	0
0	2
0	0
0	5
925	29
0	1
1	1
4	20
4	4
0	13
0	25
7	6
3	13
107	97
14	10
0	0
0	0
0	0
0	11
0	9
3	2
0	9
88	0
1	0
0	0
0	0
0	0
0	0
0	320
17	319
0	434
58	176
19	15
23	168
0	70
0	0
16	76
143	146
0	90
0	132
0	50
0	80
0	165
2	88
12	0
3	0
0	0
0	436
0	436
270	3
77	3
29	366
2	0
0	0
6	366
0	13
0	7
0	0
0	0
10	8
111	104
0	1
133	10
3	8
0	2
47	1
0	27
0	13
1	0
0	0
22	34
0	0
7	0
1	0
1	0
9	17
3	0
0	0
0	0
8	0
9	14
0	4
0	6
0	4
0	5
0	5
1	6
3	1
0	9
0	0
2	0
221	172
7	158
834	198
10	119
0	0
1	0
86	17
0	6
16	6
0	2
2	2
2	8
0	8
0	6
535	1132
24	44
0	14
0	44
0	10
2	10
0	39
0	10
7	7
11	36
0	26
0	3
1	1
6	5
120	7
4	6
0	1
4	0
20	0
0	7
0	7
0	6
4	4
0	4
0	1
0	1
4	1
0	1
0	0
0	0
5	4
0	5
15	5
10	0
67	225
0	106
28	225
57	14
19	10
0	14
1	12
5	2
5	0
0	2
0	0
14	22
8	0
21	4
4	6
0	6
23	0
0	70
0	151
0	0
1	0
1	0
0	0
0	151
22	30
0	8
14	33
0	2
0	20
12	29
0	136
0	4
0	0
0	3
33	12
6	1
0	1
2	1
0	39
0	136
2	1
1	1
28	121
0	101
24	66
190	3
0	97
0	0
0	0
0	20
0	3
0	11
0	17
56	27
0	27
0	0
0	14
5	9
0	5
0	3
0	3
0	4
0	0
1	4
0	3
0	0
6	0
0	1
0	1
4	4
0	4
3	4
4	2
0	4
0	2
0	3
0	1
0	0
0	1
0	1
225	0
8	0
0	0
0	0
0	18
46	46
10	45
0	33
0	4
3	0
0	0
197	49
0	49
1	1
0	0
0	0
428	126
8	26
0	4
0	100
1	3
17	130
127	30
0	476
0	2
13	446
0	181
0	25
0	119
0	58
0	12
0	4
5	57
15	6
0	181
1	0
192	0
0	13
0	39
1	0
0	0
2	121
12	0
57	68
0	68
19	31
4	25
1	0
0	0
2	0
52	0
0	23
0	23
0	3
0	3
0	1
1	7
4	0
21	0
162	227
33	220
0	0
3	0
16	0
5	9
5	9
0	0
0	0
0	0
0	0
0	0
0	0
2	0
0	0
4	0
0	2
20	43
0	61
3	38
62	25
0	5
4	27
71	233
3	206
0	131
0	77
0	77
0	28
58	54
1	15
1	15
0	54
0	23
12	1
0	1
0	1
0	14
5	0
2	1
0	15
0	5
0	15
10	20
29	6
0	5
0	5
0	14
0	4
0	54
13	31
0	1
0	23
31	26
0	26
0	3
1	0
0	3
0	4
0	4
0	3
0	4
0	70
0	23
0	39
2	270
0	37
1	247
3	0
0	34
124	282
0	54
9	38
0	282
0	68
0	311
1	9
342	5
0	5
0	0
192	71
7	0
0	7
0	7
4	195
3	195
0	10
0	0
3985	440
0	315
1196	271
0	207
0	191
0	197
0	191
0	199
39	164
0	110
0	103
2	92
0	18
0	13
0	5
13	0
3	2
0	1
0	1
0	0
0	0
0	1
0	1
0	1
1	2
1	2
1	1
3	2
0	5
0	4
0	1
0	2
21	45
0	29
0	25
0	7
23	6
0	11
0	11
3	1
0	41
3	118
0	99
0	111
32	46
0	46
0	29
0	37
0	16
7	4
10	4
148	0
0	2
5	0
0	1
5	0
0	3
0	2
0	2
0	2
0	3
0	0
1	0
1	0
0	0
22	41
13	42
0	22
0	3
0	3
14	9
0	9
0	1
0	3
0	3
0	3
10	0
106	52
5	3
0	49
4	49
0	49
0	0
0	0
0	49
0	600
0	595
0	595
365	2
0	70
168	22
4	5
60	19
0	71
2	71
0	11
5	0
15	1
0	0
1	7
0	9
0	1
0	1
0	3
0	0
0	3
2	3
19	0
0	0
0	0
42	15
16	15
0	0
0	10
0	28
0	31
0	0
0	0
2	31
0	10
22	4
0	0
0	0
785	1139
87	994
5	16
0	5
5	31
0	16
0	13
127	0
0	0
4	0
0	0
158	256
23	239
1	1
0	0
159	43
7	3
448	40
13	0
7	380
23	111
0	112
0	25
0	0
0	45
2	0
0	16
107	187
149	20
3	0
1	5
3	11
15	17
0	16
0	8
0	6
0	8
14	4
7	2
2	4
26	3
0	0
417	0
0	0
15	0
53	0
1	0
17	0
0	0
0	4
0	2
156	53
21	19
0	6
0	1
324	111
0	101
1	0
0	8
0	8
0	195
1	174
0	83
1	13
466	36
0	24
8	2
3	4
271	6
0	2
0	4
2	0
24	0
10	69
3	85
6	4
0	4
0	8
0	23
0	23
0	1
0	0
0	26
0	0
9	0
0	26
9	0
3	22
0	0
1	0
0	0
30	0
479	216
35	0
72	20
54	9
33	12
0	12
17	7
37	11
0	5
18	6
0	12
0	61
142	426
0	85
0	404
0	375
0	39
0	7
0	5
1	0
0	85
19	0
0	17
4	17
0	2
2	2
24	303
8	303
22	105
11	107
655	60
19	1
10	12
0	2
0	0
0	0
21	7
0	7
0	5
0	5
0	144
0	144
4	146
0	146
0	146
0	28
198	20
15	37
0	37
0	144
164	23
89	13
33	29
29	21
3	5
8	11
0	1
32	20
0	11
0	6
0	15
15	0
0	0
0	0
0	0
4	2
0	2
41	53
0	53
7	28
0	0
0	1
0	13
0	9
0	0
272	5
0	5
13	0
0	0
0	1
101	136
54	75
57	4
0	7
11	7
0	2
0	2
18	67
4	52
0	0
1	0
0	4
4	57
0	1
0	9
0	29
0	1
0	23
0	63
3	1
134	303
0	286
0	156
0	2
8	171
0	170
0	5
0	43
4	3
0	11
0	9
0	49
0	10
0	2
0	14
0	0
0	0
0	150
0	3
0	0
69	10
31	51
0	5
0	3
0	3
0	5
1	3
2	0
0	64
1	64
0	1
15	168
8	142
1	142
0	149
0	168
0	168
0	168
3	142
15	139
0	7
0	0
0	0
25	0
3	0
9	0
0	0
4	5
0	2
22	0
1	6
5	1
0	0
0	0
3	6
390	6
0	43
8	43
0	20
0	20
0	20
1	4
0	0
226	61
12	43
1	2
0	2
32	21
1	17
180	103
29	293
0	63
4	293
2	20
6	1
34	230
55	615
10	615
349	1
0	140
0	136
51	148
30	0
13	5
7	9
0	140
0	263
0	263
2	82
24	64
39	89
0	0
14	14
111	3
0	5
8	2
16	171
2	177
0	182
0	61
10	5
13	2
18	385
1	13
26	38
0	37
0	0
5	38
2	71
15	65
0	65
0	22
43	0
0	16
0	0
0	0
0	0
24	546
19	26
5	32
0	41
0	3
0	2
0	4
0	58
76	3
0	3
261	0
0	642
22	98
30	66
2	0
6	0
0	2
0	2
0	3
0	3
0	0
0	3
0	32
0	30
1202	5
7	14
19	0
32	77
16	59
0	0
0	186
0	2
3	3
50	186
0	1
0	83
0	83
0	3
0	2
2	7
35	6
0	1
3	1
17	78
0	7
5	5
0	69
29	779
0	3
0	473
257	776
3	18
2	1
4	1
9	11
8	1
0	4
0	9
3	0
0	0
0	0
0	1
27	12
0	12
0	12
0	7
0	0
26	8
0	8
0	0
0	7
33	54
23	53
1	4
4	1
0	1
0	128
0	2
0	0
0	0
9	128
71	35
0	35
36	3
9	3
40	4
3	0
0	3
39	1
0	609
0	609
36	152
440	91
1	10
0	11
0	103
19	10
0	5
0	17
20	39
2	34
74	34
0	18
5	14
1	14
60	197
0	8
641	177
0	63
8	28
146	63
179	642
10	3
0	1
0	1
45	1
0	0
0	1
26	14
11	35
0	35
0	19
55	34
7	24
1	0
0	0
161	0
0	26
0	35
0	1
0	1
2	22
0	22
4	17
0	4
21	6
0	6
0	45
8	5
0	233
89	196
2	0
0	48
366	13
0	460
0	2
0	14
234	476
0	4
19	1
12	1
109	11
2	34
0	79
0	79
20	80
1	33
8	0
12	0
6	114
5	11
0	3
63	114
0	13
2	10
0	1
0	62
0	62
0	62
0	62
4	12
0	14
0	14
0	9
0	14
7	0
0	0
0	14
0	0
0	0
0	0
1	0
0	0
19	0
1	0
3	13
0	13
5	19
0	26
0	26
1	4
6	9
0	0
2	0
0	25
0	26
0	26
2	0
14	2
45	0
4	5
0	5
0	808
2	809
0	2
19	24
3	22
15	9
0	0
47	49
0	49
0	39
3	1
12	6
0	6
0	0
0	0
3	0
8	16
0	51
0	51
0	2
0	11
11	11
20	6
5	0
2	24
0	24
7	35
0	8
0	24
2	0
0	0
0	0
0	0
0	11
0	0
3	12
8	1
43	118
28	94
5	7
0	40
0	44
21	12
0	55
28	76
29	8
129	27
28	3
2	42
15	47
503	0
6	0
44	154
0	154
270	134
0	11
0	0
0	1
0	3
29	0
580	4
0	0
0	4
4	4
24	0
0	4
0	0
0	1
0	2
2	1
0	4
1	1
0	0
3	0
0	0
0	4
0	1
0	1
0	14
0	0
8	8
0	24
0	16
1082	0
3	0
0	0
0	0
0	0
0	54
0	44
0	32
13	1332
0	1294
0	329
0	281
1	1
0	3
8	5
0	52
56	283
58	84
0	78
1	84
0	1
108	0
33	5
1061	64
0	5
0	5
21	12
0	0
0	0
0	59
3	0
0	34
0	3
1	0
0	9
0	9
0	0
0	103
0	103
0	103
0	103
50	25
8	185
6	72
146	1
8	1
89	328
0	301
0	301
0	119
0	80
0	71
0	54
0	64
5	0
0	7
17	2
54	0
0	113
3	46
0	46
18	20
0	1
14	113
0	3
0	45
0	45
191	126
6	266
21	300
0	37
0	67
4	64
0	44
73	64
231	6
1	40
5	27
0	29
5	53
11	52
2	25
1	15
0	6
0	6
8	8
0	7
4	7
0	7
0	4
5	1
119	15
0	15
7	15
17	5
0	18
0	5
0	1
4	16
0	9
0	1
22	1
12	21
0	8
51	73
0	1
1	22
0	22
10	0
17	0
428	134
0	131
0	120
0	91
0	88
0	0
0	0
2	0
37	92
0	3
0	3
2	1
0	0
351	915
1076	928
0	5
0	19
9	0
0	3
4	6
470	98
0	98
0	177
1	284
0	55
22	200
0	122
125	49
0	128
10	564
26	630
0	203
0	12
0	1
0	21
0	0
0	0
0	0
0	0
0	3
5	3
4	15
16	11
0	13
0	7
0	4
7	0
0	4
0	0
0	11
0	11
12	0
4	0
4	0
0	0
83	0
22	0
0	0
2	6
0	8
12	8
2	11
0	10
0	1
1	4
0	0
0	3
11	4
4	1
0	1
78	13
0	54
0	49
0	4
46	41
9	4
12	19
31	8
0	835
0	848
0	849
0	848
0	904
4	0
85	3
0	0
0	69
5	13
1	0
0	8
17	66
4	27
0	3
0	24
0	0
0	24
0	24
0	0
0	2
0	23
0	0
1	6
0	1
0	19
0	47
0	47
0	20
15	43
0	4
0	17
0	17
18	0
0	0
11	2
0	0
17	47
12	52
7	18
7	67
3	67
1	1
0	0
0	0
11	3
1	0
0	3
39	6
0	4
0	1
0	6
0	5
3	1
0	2
1	3
0	3
0	6
0	6
2	147
0	147
4	0
0	5
0	5
0	3
29	74
0	7
0	26
0	120
2	6
64	132
6	87
15	261
26	152
454	398
0	88
49	296
10	255
16	227
21	79
0	0
0	29
0	0
19	23
0	2
0	16
24	27
0	27
17	0
141	402
0	384
7	30
154	144
0	85
0	44
0	22
0	23
0	20
0	18
0	23
0	22
0	23
0	21
0	12
0	1
0	1
0	3
0	14
8	2
0	5
0	33
4	22
24	10
0	158
35	208
0	0
0	0
36	2
14	200
12	1
82	1
168	0
78	0
3	87
0	87
15	293
0	85
9	95
0	76
0	66
0	38
0	18
0	18
0	18
0	16
0	3
0	156
11	8
50	819
0	0
656	960
269	0
137	98
126	986
0	892
0	325
0	4
58	0
0	20
22	28
0	26
0	2
3	0
3	44
0	38
0	24
0	8
66	8
0	13
0	6
0	10
0	2
0	1
14	1
0	1
0	2
0	2
19	0
0	8
0	25
83	25
2	43
0	8
0	4
1	0
0	16
0	8
0	4
4	0
1	151
0	22
100	148
3	11
0	5
2	6
0	6
1	6
102	4
2	4
6	8
0	8
43	8
0	4
0	0
0	0
54	541
0	539
10	540
1	584
0	118
5	584
1	0
3	14
0	6
0	8
0	1
1	2
0	0
0	2
41	67
14	67
0	0
0	0
5	0
21	104
0	104
0	50
0	34
42	47
1	0
14	37
77	48
3	48
147	48
16	43
30	46
0	16
24	168
0	2
0	1
71	2
0	0
1577	639
0	413
13	247
12	171
13	132
32	2
0	11
0	4
336	228
4	51
13	38
11	2
6	33
19	29
0	0
17	1
156	82
0	410
0	211
4	409
6	44
88	57
36	16
0	60
0	4
0	29
0	167
0	3
0	410
33	3
0	17
1	17
0	12
0	4
0	0
0	5
0	8
13	5
0	0
0	0
0	0
217	125
79	33
13	348
0	330
10	0
4455	369
8	395
5	120
6	118
0	117
0	24
1	24
0	1
5	1
26	3
4	8
2	0
0	0
20	0
20	0
0	0
0	2
0	2
20	2
0	0
44	443
0	5
0	443
112	62
5	27
38	444
0	23
0	11
0	0
11	254
21	0
0	89
470	36
25	55
12	0
0	71
191	29
18	36
0	60
324	2
0	2
7	0
89	67
0	63
0	4
0	0
0	55
4	62
0	127
1	133
26	13
49	71
0	12
29	127
5	23
0	88
0	62
10	104
64	93
12	93
10	19
0	41
0	0
0	0
0	0
0	0
11	95
0	15
0	15
0	20
0	0
0	1
3	0
0	0
2	1
0	12
0	46
0	89
0	11
0	12
8	7
2	39
3	39
19	39
3	0
47	0
574	0
1	0
0	121
0	3
0	2
0	2
0	3
0	18
0	2
0	2
0	0
0	0
0	0
6	106
5	0
0	0
0	16
24	118
11	115
83	11
32	6
4	1
0	91
0	91
0	1
0	1
4	0
27	15
0	15
0	0
1	0
6	0
2	514
0	18
0	28
5	5
0	20
1	2
10	21
98	0
0	19
0	19
1	3
0	8
0	3
0	5
0	0
3	7
0	6
0	3
10	4
12	1
0	1
8	0
1	27
0	38
0	20
0	23
0	51
0	23
0	53
0	48
0	17
14	50
44	266
0	240
4	2
0	160
39	4
0	2
651	833
0	323
1	3
30	57
0	52
0	52
0	46
14	46
0	7
10	9
0	7
0	3
0	1
3	0
0	1
2	100
6	2
13	2
0	7
0	7
99	1
269	303
0	312
2	10
1	10
2	2
1	323
51	327
0	1
1	0
0	0
0	2
0	3
13	6
0	6
0	0
18	0
0	4
85	22
0	17
30	26
23	9
2	0
0	18
1	1
0	1
1	1
23	0
16	12
0	9
6	6
439	767
0	760
18	16
0	18
0	9
0	22
6	4
0	0
0	4
0	4
0	0
0	12
0	8
169	19
0	0
0	19
0	0
3	7
0	480
186	196
0	76
0	21
100	102
0	484
0	15
0	12
9	114
4	3
0	1
1121	62
0	59
3	3
1	0
202	8
4	0
0	8
127	0
0	110
0	115
0	25
0	15
37	187
39	0
28	23
0	296
66	301
7	3
7	3
93	53
0	3
1	203
0	186
43	89
1	100
22	17
24	4
0	2
0	2
0	0
0	0
10	0
0	0
9	48
24	33
5	4
0	28
44	47
71	310
17	313
10	299
0	161
0	41
53	4
5	5
4	0
3	2
0	5
351	30
174	33
0	24
35	0
0	0
0	27
60	122
0	17
0	105
178	65
5	39
0	115
0	25
0	19
27	33
0	10
0	10
0	10
12	0
0	160
0	831
0	249
0	9
0	84
0	766
3	117
0	0
153	117
0	92
17	4
20	147
2	0
3	0
0	0
0	0
2230	0
0	25
1	25
0	6
3	0
2	0
303	82
55	74
50	13
0	16
0	16
0	16
1	137
0	62
0	131
2	36
3	4
0	63
0	64
0	2
0	1
0	137
0	137
0	22
4	4
11	8
1	1
2	1
2	1
22	0
9	0
3	7
7	0
26	9
4	6
3	4
0	4
0	4
0	4
0	4
2	1
0	1
0	13
0	0
0	5
43	712
0	259
0	637
0	6
1	0
0	16
0	16
0	16
0	6
0	11
72	1
0	7
0	12
10	0
83	8
0	8
6	8
74	82
0	82
0	39
3	12
0	12
0	11
24	0
34	145
1	127
374	251
0	79
0	29
0	67
0	65
21	150
63	9
43	1
34	1
0	24
4	22
818	112
94	27
0	14
0	1
0	1
0	6
106	36
0	27
0	8
0	3
0	3
0	15
0	32
2	3
0	17
0	6
0	15
0	3
0	0
22	6
0	9
0	6
0	1
0	42
11	152
0	6
9	12
0	11
10	12
0	5
1	5
13	11
0	13
16	50
0	48
2	43
0	43
0	30
0	30
0	7
0	3
2	0
0	0
0	0
0	0
2	0
48	0
17	0
307	0
216	0
2	9
458	46
17	46
354	0
48	15
3	17
0	14
0	14
6	14
79	10
33	10
2	4
0	6
0	9
0	11
0	8
34	30
91	182
0	182
14	1
172	28
177	0
4	82
0	97
0	1
4	13
14	2
8	51
0	139
0	139
33	62
16	18
24	14
6	10
17	5
26	3
0	14
1	1
4	0
0	14
0	4
0	21
0	0
1	1
0	21
0	3
0	0
3	0
0	4
0	4
0	3
0	1
0	1
0	1
0	1
3	1
0	10
63	10
0	10
0	7
0	0
15	30
0	103
0	25
1	37
205	26
0	6
0	6
0	6
0	4
0	4
0	4
0	4
0	11
1191	387
0	387
3	89
0	95
370	10
26	50
8	45
0	21
0	3
55	20
0	0
0	16
0	325
0	320
16	241
0	4
0	4
101	470
14	467
3	404
2	250
0	215
19	0
0	14
2	32
0	6
0	14
300	191
0	123
3	71
27	36
4	32
2	11
6	4
136	30
442	19
0	10
0	9
4	5
0	26
0	236
1	26
6	236
4	1
0	54
0	0
2	9
0	9
0	0
1	1
0	129
0	20
27	14
0	77
126	130
0	13
0	4
0	15
0	14
0	75
0	2
0	26
0	9
0	12
0	82
0	2
0	54
4	10
16	0
2	0
0	1
6	43
11	218
0	244
0	56
0	41
0	41
7	9
0	9
64	24
99	66
0	27
3	0
3	7
0	7
2	0
0	0
9	11
8	8
1	2
0	5
0	0
0	5
0	9
0	3
3	3
0	7
0	7
2	5
0	5
11	0
0	27
201	136
116	139
9	122
27	114
13	30
1	5
0	5
12	0
32	116
178	111
23	107
139	14
124	0
0	0
0	0
0	0
0	0
0	0
0	353
0	353
0	302
0	2
12	0
0	2
0	3
0	3
512	67
0	22
0	47
16	0
0	38
2	34
3	3
0	3
4	0
22	0
0	0
0	14
4	14
0	20
1	20
0	2
10	14
0	3
0	0
0	0
6	148
0	90
0	83
0	94
0	88
6	40
18	9
0	17
3	2
0	0
3	0
0	94
0	56
3	15
0	164
0	171
2	18
197	17
1	0
0	1
0	130
5	169
0	26
0	16
17	30
0	56
0	12
0	13
0	43
0	30
1	30
0	13
0	18
0	27
4	5
2	5
0	9
0	2
0	2
0	9
3	7
15	30
0	0
189	0
169	22
83	40
322	23
138	23
1178	81
12	12
0	2
426	2
3	0
12	67
10	67
102	1
0	0
0	1
0	1
0	1
0	1
0	224
0	235
4	7
0	11
6	25
81	0
2	2
0	9
0	9
268	16
323	16
13	4
0	1
146	5
0	5
0	1
1	15
0	5
0	3
0	2
1	0
0	14
155	0
47	359
18	170
5	56
255	79
0	79
3	53
0	9
2	78
13	2
0	2
0	3
0	3
6	0
0	76
145	183
20	17
3	10
1	154
0	13
0	16
0	6
0	17
0	137
3	25
1	20
0	20
0	20
0	1
0	1
0	1
0	2
0	6
0	6
0	26
8	207
1	207
0	2
8	371
27	362
5	366
0	330
0	343
130	150
6	12
0	25
0	8
0	0
4	0
4	0
51	116
0	37
0	37
301	61
6	6
0	61
1	0
23	5
106	2
34	4
72	0
2	12
9	12
0	15
0	15
0	15
0	9
8	0
31	176
0	155
0	170
0	3
0	3
1	0
15	0
4	0
17	1
148	137
3	134
4	3
187	408
0	522
0	233
39	247
0	247
0	1
0	0
0	0
12	7
0	50
3	50
0	22
0	7
0	0
2	0
3	0
3	12
20	0
27	89
0	89
3	0
222	17
0	3
320	0
16	2
0	2
33	9
35	6
1	12
3	6
0	0
1	0
0	6
0	22
0	0
49	22
2	30
0	2
3	30
0	0
23	4
89	0
1	4
0	4
81	10
3	1
0	1
0	9
2	0
7	6
0	32
0	32
0	5
1	5
2	1
0	0
0	1
0	1
0	1
0	0
0	0
5	0
0	0
4	0
0	0
0	0
8	19
0	0
2	19
0	5
58	38
47	56
51	0
8	0
2	0
0	0
0	20
0	22
0	0
6	20
0	9
0	18
5	0
11	0
2	23
0	5
6	42
0	26
21	529
0	607
1	607
55	534
0	0
0	0
0	2
0	5
0	3
8	41
7	110
5	17
0	15
9	11
0	2
0	2
12	4
0	4
3	0
7	0
0	5
0	17
9	17
0	109
17	109
14	57
0	127
25	35
35	0
3	0
105	44
8	26
0	29
0	32
0	17
3	208
16	96
36	42
1	42
0	25
1	8
0	5
0	0
1	0
0	1
5	4
25	114
152	0
0	5
4	5
27	0
48	158
6	104
13	6
31	12
9	30
33	3
0	7
0	7
0	7
233	36
0	47
0	47
0	47
0	0
0	0
0	47
0	0
3	0
2	0
0	0
2	0
49	37
0	33
0	6
0	5
0	5
0	3
0	0
0	3
6	0
4	4
0	0
0	0
0	0
0	0
2	0
0	0
0	0
0	132
1	50
48	190
13	180
1	190
2	180
0	177
38	171
0	169
36	169
0	17
0	3
29	441
0	3
0	0
5	0
0	184
0	16
0	19
48	757
174	883
0	122
51	14
0	11
0	102
0	0
17	28
61	112
5	112
52	0
2	10
1	10
9	0
130	140
2	137
7	0
0	0
1	0
44	112
31	0
0	13
2	208
106	465
0	5
17	191
146	83
0	49
194	96
0	55
34	41
12	38
0	7
0	7
5	7
0	3
0	6
0	0
0	0
0	0
0	0
0	4
0	13
0	0
0	1
0	0
3	0
6	1
0	1
0	1
0	0
0	5
0	5
0	4
1	75
14	84
1	9
1	1
0	1
2	2
0	5
0	23
0	35
0	1
0	35
1	0
209	490
3	490
23	35
22	6
76	205
0	0
0	0
12	0
0	209
0	376
1	358
0	0
2	8
0	11
0	34
54	3
3	11
33	25
0	4
12	53
0	18
0	34
0	2
0	2
0	33
0	0
1	31
0	32
16	0
0	0
0	0
0	7
3	0
0	33
2	0
0	34
0	31
0	1
14	10
2	27
0	0
10	0
1	20
0	6
0	5
4	13
0	3
2	0
9	1
0	3
0	3
0	1
0	3
0	78
17	78
13	27
4	4
2	5
0	5
0	0
1	0
2	11
2	76
3	80
9	4
15	2
6	8
0	31
0	30
0	10
2	0
1	0
2	0
0	99
0	184
0	132
0	5
0	62
0	93
0	81
0	128
0	126
0	84
0	21
8	0
0	90
60	11
0	11
0	90
0	9
125	43
0	35
0	12
0	1
3	1
0	8
0	1
1	13
0	0
35	5
0	5
0	1
0	1
0	11
6	44
0	46
0	46
166	654
0	475
0	13
0	629
0	0
0	644
5	580
10	637
0	569
43	561
38	613
0	106
67	106
8	49
0	4
53	62
1	0
0	22
62	0
0	1
103	17
0	2
0	1
33	9
88	0
6	1
4	0
0	0
3	0
3	1
0	44
2	49
0	1
0	0
0	0
1	0
0	0
0	0
0	0
0	0
0	18
0	0
0	0
289	0
2	58
0	8
0	24
52	57
11	0
1	0
7	34
0	33
0	48
0	30
0	25
0	2
4	9
3	0
7	0
0	1
249	0
217	145
24	15
21	5
1	0
0	0
26	0
0	0
0	0
0	0
0	0
5	10
16	10
2	2
248	275
0	275
12	0
0	10
1	81
31	66
0	66
0	4
0	4
0	4
0	4
0	3
8	6
39	354
2	251
63	316
410	19
1	19
0	11
0	6
28	7
44	68
17	57
39	4
0	4
3	13
1	13
10	6
12	6
1	0
0	6
5	107
33	107
0	37
0	0
2	1
4	13
0	9
0	6
0	1
0	0
0	0
0	0
3	3
0	2
19	216
1	127
0	6
1	3
1	209
105	4
3	25
4	26
0	38
0	28
0	14
455	6
6	6
8	0
5	55
0	38
0	42
0	9
26	9
0	0
2	5
8	5
0	0
45	119
0	110
0	16
0	16
0	9
0	7
162	57
0	54
7	5
0	29
27	42
0	17
0	15
0	69
0	69
11	2
0	7
81	107
0	8
0	8
6	114
0	8
0	7
0	7
4	1
0	10
3	0
0	15
2234	301
0	301
70	113
0	5
145	108
0	6
229	8
20	0
75	204
3	204
0	80
4	67
0	55
1	1
6	11
4	60
0	60
14	8
5	1
0	0
0	0
4	0
277	303
33	323
0	11
0	3
0	8
0	0
0	29
0	29
0	0
20	18
0	0
0	42
35	5
0	5
3	37
10	0
0	35
2	0
0	0
17	0
0	2
0	2
0	4
24	4
0	4
351	28
20	28
0	0
0	0
0	0
5	187
1	187
0	187
376	395
0	194
0	179
0	137
0	15
0	49
0	232
0	212
0	131
0	6
33	20
63	45
0	4
0	45
27	39
14	0
41	269
0	0
242	268
0	0
5	0
1	107
34	136
0	20
0	20
1	0
1	0
3	111
2	62
0	7
0	11
13	0
58	114
179	0
0	1
0	1
34	130
0	17
32	17
73	14
2	0
0	5
0	5
0	4
40	1
16	176
0	0
0	0
199	18
227	178
1	1
0	4
1	3
13	29
0	28
50	16
0	9
0	2
0	0
0	2
14	0
0	9
15	9
4	17
0	17
78	66
0	9
0	2
9	5
0	5
0	3
2	0
0	13
0	6
5	36
2	36
0	2
0	2
18	37
0	15
11	37
2	4
0	14
40	31
41	142
1	131
54	127
18	106
1	12
27	107
0	16
6	5
0	6
0	6
0	0
0	18
0	18
21	5
0	19
0	0
0	19
0	1
0	8
1	8
0	8
0	8
0	0
10	0
26	53
0	42
0	14
12	0
5	1
0	29
0	0
0	633
49	642
1	154
179	77
11	7
0	7
0	2
0	2
0	2
0	0
0	11
0	0
0	0
0	0
0	11
124	132
3	91
0	22
10	8
8	2
45	29
0	19
3	0
11	22
0	0
0	3
19	30
127	2
12	4
0	1
0	4
0	4
0	3
21	13
8	39
0	3
0	5
0	5
43	0
0	61
0	56
0	41
12	35
786	28
0	30
0	30
0	6
0	0
1	0
8	28
15	0
0	8
0	8
1	0
39	54
46	54
8	1
15	9
0	8
0	9
2	2
0	3
0	0
71	52
0	0
15	2
0	10
0	52
11	18
1	5
0	17
0	5
0	5
0	0
0	13
0	0
2	2
5	14
0	15
2	6
30	7
44	60
14	86
0	28
13	0
145	429
18	429
0	0
17	288
31	7
0	6
0	5
7	2
19	5
0	3
3	5
11	5
0	0
18	0
0	0
0	0
0	67
98	67
122	194
0	194
0	33
0	4
56	141
2	139
0	24
169	119
0	119
1	17
0	26
0	0
0	12
0	12
0	2
0	2
0	0
57	27
5	9
0	7
0	1
0	1
1	5
0	4
0	8
0	2
0	1
0	0
0	0
0	34
0	34
0	0
0	16
0	0
23	1
0	1
99	49
150	49
58	0
66	0
14	73
1557	201
0	37
0	30
0	5
0	144
23	1
19	182
15	9
0	3
7	21
12	21
9	4
0	3
0	0
0	0
0	4
11	12
6	17
9	12
0	35
0	17
0	11
16	5
0	3
2	3
0	1
6	1
2	1
0	1
3	1
11	0
0	35
26	88
0	145
495	138
96	39
135	117
0	117
0	76
0	63
0	114
0	2
6	227
291	339
1	184
3	0
3	0
202	4
0	0
13	0
0	105
4	100
2	100
0	59
0	7
13	63
0	13
104	75
0	13
1	4
0	9
0	5
5	4
0	41
0	8
4	11
0	11
156	228
0	23
2	190
5	0
0	69
20	15
0	0
24	190
31	62
0	59
0	93
8	46
18	86
7	65
0	68
0	56
0	39
0	16
2	4
0	3
0	52
0	52
0	52
0	2
29	0
19	14
4	76
0	90
0	14
0	0
0	5
0	7
72	151
0	11
0	8
0	153
0	15
0	5
0	2
1066	2
0	8
6	18
0	18
0	11
0	11
0	11
0	0
3	3
3	0
18	6
70	3
7	3
22	56
0	5
0	47
0	13
0	17
31	0
260	105
126	0
0	8
7	10
73	17
43	0
5	9
0	5
0	0
1	8
0	0
0	0
0	4
2	3
0	3
0	34
0	34
0	31
0	0
6	6
0	0
5	0
0	0
0	0
2	9
0	9
0	0
0	9
0	6
0	6
1	31
0	31
0	1
0	1
0	2
67	119
0	119
0	38
37	0
3	3
0	0
34	0
0	0
6	0
0	4
0	0
0	6
0	6
3	0
0	6
15	4
10	0
40	97
5	30
537	219
0	219
7	16
6	3
0	1
0	3
0	0
0	30
6	2
2	0
71	0
0	8
0	8
0	7
0	8
0	7
1	2
433	0
11	3
0	125
5	73
0	84
45	111
0	10
50	93
10	0
40	52
5	47
0	0
17	117
31	88
231	77
0	37
2	466
3	466
3	37
81	53
0	62
29	19
0	102
2	102
0	5
0	63
11	152
10	40
73	5
1	5
1	0
80	0
0	7
95	2
0	0
0	0
2	0
2	3
0	3
1	3
0	0
0	5
0	3
0	3
10	0
0	0
0	0
1	5
4	6
9	5
0	6
0	6
0	5
9	3
0	0
0	0
0	0
2	1
0	1
0	4
0	4
0	95
3	82
9	13
44	56
1	14
0	7
0	7
32	18
0	56
0	0
0	61
0	0
0	61
0	0
0	61
0	4
0	33
10	17
9	77
0	38
0	40
0	41
0	41
2	0
0	1
0	35
8	69
15	32
282	45
0	44
0	9
6	37
6	88
0	3
0	0
0	0
0	1
0	0
118	20
0	22
1	40
0	40
200	9
101	5
0	0
0	0
0	0
0	0
206	40
2	40
2	0
5	0
0	0
12	0
70	6
2	4
0	4
4	5
0	5
3	11
0	5
185	331
6	22
25	301
0	277
26	10
2	99
6	89
0	88
0	0
0	0
221	5
7	0
64	87
0	2
0	84
0	3
14	3
70	67
26	56
0	1
0	2
0	4
0	3
0	20
3	35
22	2
14	42
10	0
0	58
0	51
0	79
19	79
32	128
0	123
0	43
0	50
0	39
69	17
0	2
7	136
0	9
0	7
100	25
0	3
0	0
0	49
2	5
2	15
8	0
0	0
0	24
0	0
0	20
7	8
3	4
2	0
2	0
1	75
0	150
728	1
2	1
36	43
0	43
2	19
0	0
5	0
0	165
0	99
0	34
136	163
739	652
307	652
1	4
0	18
0	21
0	11
0	0
0	0
1	5
1	10
2	6
0	3
9	10
0	10
62	0
13	3
3	3
0	3
0	11
3	11
0	3
0	1
190	67
0	8
3	0
21	0
0	7
0	7
36	43
0	0
0	76
2	53
25	4
0	10
2	5
16	16
0	3
24	24
0	23
10	68
0	11
6	48
0	25
0	0
0	12
37	29
0	14
2	0
0	57
0	16
57	25
54	16
0	3
0	3
4	603
0	24
43	37
0	0
0	1
0	1
0	1
0	0
0	99
0	2
0	608
0	113
4	6
35	10
0	0
0	4
0	4
1	0
0	0
4	0
22	0
143	13
47	13
5	13
0	0
29	3
0	3
0	0
0	62
23	55
9	80
12	80
10	90
0	328
0	28
0	185
85	389
0	420
0	11
112	14
0	3
3	11
0	4
0	0
24	7
9	0
31	10
435	17
0	8
2	9
145	194
0	86
0	194
0	6
1	5
1	0
0	51
0	110
808	930
128	941
260	5
0	23
0	23
0	23
0	2
136	62
0	21
22	3
316	62
0	27
14	75
0	75
13	217
0	155
0	30
0	162
0	17
0	169
0	63
0	26
34	0
1	13
7	123
2	1
0	53
1	61
0	0
0	0
5	1
0	1
142	60
2	61
0	0
50	4
0	0
2	0
0	1
18	56
100	171
0	117
0	57
0	129
14	78
0	42
0	6
0	42
0	0
14	39
24	0
0	0
0	0
5	0
45	23
9	12
0	2
0	0
6	4
1	9
0	4
0	4
2	1
0	172
9	3
0	5
92	168
31	0
182	88
0	16
27	16
43	2
0	1
0	0
0	1
5	17
0	131
29	28
81	18
0	18
0	2
1	219
0	5
6	17
0	6
70	45
0	36
0	45
2	21
0	14
0	12
0	11
0	21
0	5
16	0
2	2
7	6
0	1
4	1
3	6
7	0
38	0
62	0
0	0
12	8
0	8
0	7
0	0
0	1
2	0
0	0
0	0
1203	923
55	200
0	190
0	829
11	102
0	102
1	11
0	1
4	1
0	2
0	0
1	0
939	9
9	7
575	39
12	2
0	2
0	2
0	2
98	543
0	534
0	147
3	0
16	0
0	1
14	1
0	1
0	0
4	56
0	51
31	42
0	37
80	42
0	0
2	4
11	0
268	0
0	1
9	1
2	147
2	77
5	129
29	3
11	3
0	6
0	6
0	18
42	18
1	363
0	359
7	4
0	188
75	901
0	868
0	865
0	5
27	607
55	712
264	0
1	6
1125	429
0	429
0	46
0	1
0	10
98	15
0	14
0	3
68	114
76	13
2	13
0	29
0	2
0	2
0	0
1	0
0	0
462	2
0	29
23	0
12	0
2	0
1	0
0	0
0	0
0	0
1	0
73	44
4	44
64	5
8	15
1	0
0	0
22	12
0	3
12	3
0	0
1	0
140	80
0	80
0	20
0	19
0	2
24	30
0	4
0	1
8	9
0	5
0	74
0	74
0	8
167	50
7	47
0	35
22	26
1	0
6	2
1	3
43	21
0	9
0	0
0	319
0	1
0	22
0	0
17	51
60	320
0	0
0	0
0	58
83	89
5	96
0	67
1	0
3401	31
0	28
0	7
0	7
10	0
1176	114
1	117
22	126
0	125
0	0
0	13
1	0
2	0
0	17
0	9
0	1
97	0
86	175
0	17
21	179
9	160
355	158
0	0
0	4
0	4
0	6
3	1
0	6
0	6
2	5
11	8
0	70
0	17
25	79
0	19
30	10
0	6
0	10
35	5
0	4
6	1
0	70
0	70
77	26
0	0
0	0
13	0
43	2
0	2
0	2
0	2
0	2
0	2
0	2
0	2
4	0
64	4
0	2
0	3
19	3
0	2
0	2
90	233
248	225
0	217
0	0
0	8
0	8
0	8
0	8
0	0
0	8
0	0
0	0
0	0
0	0
0	8
3	1
57	210
13	204
0	978
0	950
14	3
11	7
0	3
0	1
0	2
0	0
0	0
0	0
4	0
0	0
0	6
1	0
29	232
6	232
0	8
2	18
15	3
20	9
0	4
4	23
29	23
2	14
2	4
271	1
0	64
0	64
0	3
0	0
1	12
0	10
0	4
11	0
163	3
0	3
1	0
181	4
0	4
4	15
0	1
0	1
0	1
0	45
1	3
0	10
60	52
0	52
0	18
0	47
0	18
0	18
0	47
0	47
0	5
39	50
2	47
0	13
0	2
5	75
0	69
0	51
702	0
1	26
1	26
0	26
2	26
0	26
0	21
5	21
0	1
2	58
0	58
4	0
0	1
4	46
0	269
0	22
0	206
22	262
2	9
2	0
0	0
0	269
8	112
0	315
4	0
0	11
12	11
14	0
23	0
26	0
12	101
0	0
7	19
38	192
0	0
0	0
0	315
1	3
1	1
0	3
84	158
0	0
1	4
0	4
1	2
28	155
73	34
0	7
22	21
0	5
1	1
0	3
0	1
0	19
0	0
0	253
0	253
1	159
0	77
3	0
28	45
0	38
0	13
0	13
0	9
4	6
0	120
0	76
0	13
0	8
31	13
0	8
5	8
1	0
0	5
0	6
0	6
2	0
0	8
2	17
0	21
20	19
0	0
0	0
27	103
0	43
34	16
54	17
0	1
0	11
0	11
0	11
0	12
0	10
0	8
55	8
18	2
0	2
14	0
0	0
0	0
26	38
0	35
14	5
0	4
24	5
3	6
0	1
0	1
1	5
0	12
3	47
4	1
31	47
0	3
0	23
0	3
118	95
58	57
0	73
0	48
0	3
10	3
0	3
0	0
2	0
1	8
0	0
0	25
80	538
8	536
13	2
9	0
0	0
0	2
7	2
0	0
119	74
0	70
0	52
0	33
1243	0
0	4
0	4
0	0
0	0
550	44
541	44
0	44
0	0
5	2
0	2
0	2
18	122
0	122
0	77
0	28
0	0
0	0
0	60
0	125
0	2
0	15
6	4
0	5
0	0
6	6
0	6
0	0
1	0
1	0
23	67
0	1
0	0
0	37
0	37
6	4
0	1
1	5
31	40
0	40
24	0
0	51
1	124
0	111
35	11
0	22
0	21
0	20
6	1
0	1
0	6
0	1
3	0
0	0
2	9
6	14
42	0
20	0
807	3
0	3
0	58
0	58
0	50
33	50
3	99
0	99
15	0
4	4
15	5
3	3
0	3
0	1
0	0
0	2
0	44
1	44
0	1
0	0
6	0
4	0
9	9
0	9
0	5
4	0
37	14
12	12
0	12
37	15
0	43
33	99
3	0
8	0
0	0
0	2
0	2
0	17
0	15
0	0
0	0
0	0
0	8
210	731
0	208
0	572
0	6
10	1
0	3
1	1
20	4
10	0
0	0
0	0
0	0
0	0
1	0
0	0
0	0
52	2
0	2
9	0
1	0
0	0
4	0
3991	59
0	48
0	6
45	4
0	12
0	18
64	61
1	77
1	0
0	1
0	1
58	54
0	16
31	4
0	4
0	12
0	12
0	12
11	3
0	3
2	39
0	0
0	0
0	2
0	0
0	0
0	0
0	0
0	0
0	0
0	0
0	0
0	0
0	0
0	0
145	317
40	259
20	22
0	8
2	17
2	12
79	10
0	6
166	22
2	22
13	0
5	1
0	1
0	0
2	79
0	79
53	16
0	0
4	5
11	5
6	70
31	50
0	11
8	8
0	36
4	42
0	8
0	8
21	15
0	0
58	21
18	26
0	1
0	0
4	151
0	160
0	30
0	9
6	0
0	94
0	59
0	1
0	2
2	0
4	49
0	15
37	103
0	29
0	85
0	44
0	71
889	68
0	0
0	14
0	0
0	15
44	51
0	68
0	4
20	4
10	0
365	0
0	484
0	38
19	29
49	18
14	50
1	0
0	11
38	1
24	14
20	484
111	16
2	16
21	7
0	7
68	0
16	0
0	0
2	25
0	0
2	0
161	80
37	75
0	48
29	0
0	5
1	7
18	6
35	6
0	6
0	6
0	0
54	0
30	0
101	32
14	36
64	39
4	3
1	2
79	29
18	0
0	0
0	1
0	38
0	38
6	31
78	42
0	41
0	31
0	38
0	17
458	171
6	111
0	3
1	10
414	11
6	30
1080	52
27	106
64	18
0	1
0	6
17	44
1	0
0	0
0	72
0	16
0	50
0	50
15	14
0	6
99	148
21	104
435	148
0	127
0	72
0	8
0	0
0	0
0	113
11	0
131	25
14	0
3	28
37	28
16	0
12	0
75	0
2	60
0	54
0	6
0	2
0	2
0	2
0	2
0	0
0	210
44	210
0	1
22	0
0	1
0	1
0	3
15	3
12	0
12	0
378	3
0	0
0	6
0	3
0	3
0	6
0	2
55	87
61	194
337	0
0	13
22	1
23	1
1	23
7	4
0	145
81	236
43	345
70	883
89	883
136	288
0	270
0	245
225	229
0	238
0	1
33	81
4	37
0	36
0	36
0	0
14	0
76	4
14	0
1	0
15	4
5	0
3	0
62	0
3	0
669	16
57	528
5	22
5	22
0	0
0	14
1453	21
86	21
0	0
24	41
0	1
0	41
2	1
0	0
0	0
0	29
0	31
0	31
0	27
0	27
0	31
0	31
0	31
4	5
2	5
0	0
0	0
0	0
0	0
0	38
4	38
97	17
393	123
0	2
0	17
4	18
21	23
0	42
0	7
0	24
2	23
0	25
0	25
22	4
0	0
0	0
2	0
0	0
38	27
0	8
0	7
0	8
0	8
0	7
0	8
0	8
0	7
0	8
0	8
0	7
0	8
0	4
25	0
1	0
3	1
27	28
0	1
0	28
0	1
0	0
121	56
55	56
95	33
9	18
0	18
0	17
0	0
0	1
0	9
69	114
0	9
1	7
0	7
0	7
0	12
0	0
0	0
0	0
0	27
0	4
0	4
74	88
158	32
0	2
0	60
8	23
0	7
12	3
3	3
135	603
77	198
0	316
0	192
1147	288
0	287
4	47
3	17
6	25
35	3
265	136
0	15
834	9
0	612
0	370
4	88
0	86
0	97
0	97
14	0
0	0
0	370
0	10
48	10
0	9
31	2
0	2
0	229
0	229
0	20
16	8
0	232
0	232
0	232
12	26
35	17
0	1
41	49
0	45
2	26
45	4
0	19
0	2
0	15
0	15
0	0
0	2
0	13
0	1
0	1
9	1
0	24
18	24
0	23
157	284
0	287
0	296
0	69
0	72
0	25
0	13
0	7
5	26
0	13
129	13
0	1
7	1
0	24
1	1
5	34
23	3
1	0
2	14
1	1
14	40
14	14
0	8
14	7
0	1
156	108
0	108
0	1
0	1
0	1
0	1
0	0
0	68
2	68
0	11
13	0
14	1
0	1
0	19
0	1
0	24
0	24
0	17
0	17
0	43
4	0
0	0
5	0
0	0
0	1
0	19
0	1
0	5
0	0
21	0
0	0
0	0
0	16
0	0
0	0
25	1
0	27
0	0
0	0
0	0
0	0
0	0
23	3
1	0
2	0
0	27
0	36
8	24
95	61
27	71
0	14
0	12
0	16
0	0
2	2
231	66
0	2
13	2
17	0
7	77
0	6
234	140
3	139
9	0
0	102
8	10
297	39
3	1
41	4
0	3
68	0
4	41
0	0
0	13
0	115
6	6
0	5
0	0
0	11
0	4
2	1
0	0
0	0
0	0
8	1
0	0
2	0
0	8
0	7
0	16
0	115
299	57
0	109
0	69
0	56
0	69
0	0
11	3
0	3
4	59
0	59
0	58
36	54
11	54
0	29
0	0
1	9
0	9
0	9
21	12
0	3
0	19
1	2
0	2
3	18
0	20
36	0
0	39
1	42
0	18
0	28
7	25
0	28
18	14
0	23
0	25
0	26
3	0
0	0
0	0
0	0
0	3
0	2
0	2
5	1
0	1
0	1
0	1
1	0
0	0
146	10
0	10
5	2
11	2
169	0
330	297
1	0
59	300
229	33
0	250
55	245
23	214
0	214
42	18
0	4
0	4
10	20
0	3
868	12
0	4
0	2
0	4
2	2
0	2
0	8
0	6
0	2
0	0
0	0
0	2
1	2
60	2
3	0
7	0
0	0
0	10
0	0
0	2
18	3
0	11
6	37
2	49
0	37
9	47
0	28
0	28
0	6
34	41
0	3
0	1
2	0
7	0
0	4
0	1
146	23
0	23
0	0
0	1
0	0
8	0
0	1
0	1
2	30
0	30
4	0
0	0
0	0
0	0
0	0
1	0
0	16
0	15
1	30
15	23
22	57
0	53
116	57
0	11
0	7
0	14
1	2
0	16
9	16
0	10
0	6
0	6
2	5
0	0
0	43
0	98
0	116
5	8
77	81
0	4
0	18
0	18
39	445
0	440
111	0
0	45
0	65
65	63
0	65
0	11
0	11
8	11
2	9
0	7
0	7
31	4
7	1
0	10
8	4
0	1
0	0
0	7
79	24
14	42
66	29
0	29
3	19
0	3
6	0
0	0
50	0
2	13
4	10
39	23
3	22
0	2
0	2
0	1
0	0
21	0
16	0
0	0
0	1
0	1
0	1
0	1
17	20
2	0
10	20
48	2
0	1
39	7
0	12
22	6
11	81
0	79
71	81
24	44
12	26
0	0
0	0
0	18
0	0
0	18
2	0
3	3
2	1
19	21
11	3
1	0
0	0
105	131
1	0
1	65
0	131
0	2
0	2
0	6
18	8
0	6
0	2
436	0
13	0
0	5
8	5
0	88
116	64
43	46
7	51
0	41
0	18
225	35
584	20
58	20
566	21
0	21
0	3
0	3
0	0
0	0
5	0
349	222
0	214
0	165
0	130
0	2
0	21
6	138
3	12
0	4
0	4
140	78
0	38
11	24
1	24
79	0
1187	298
43	11
0	1
0	1
0	1
0	1
0	291
9	0
194	173
0	11
2	21
0	0
0	0
0	3
23	17
34	5
0	146
16	12
54	14
0	8
17	28
21	32
108	14
7	15
0	6
22	0
119	59
17	58
10	59
1	1
44	0
323	0
10	54
238	2
15	82
0	53
0	54
0	79
4	27
0	27
0	25
0	0
4	0
5	0
20	26
0	29
81	144
15	33
0	10
0	11
0	4
2	37
11	9
177	0
13	8
144	3
18	0
0	0
0	5
6	0
0	33
0	55
2	10
22	185
25	168
0	69
36	127
18	124
147	45
0	4
1	0
24	8
46	1
53	3
1	3
1	2
0	39
5	39
0	21
0	0
0	3
0	0
23	276
0	4
80	272
1	17
0	2
0	6
0	17
0	505
0	405
0	65
0	0
0	3
0	7
58	2
0	0
0	0
4	444
0	0
0	432
34	36
0	33
3	5
0	21
7	6
0	2
1	10
0	10
6	15
7	10
25	0
0	39
0	39
1	39
0	52
0	34
0	3
0	2
0	12
0	12
25	5
0	0
0	0
12	0
0	1
7	0
16	52
0	1
7	1
58	61
0	1
0	0
0	2
0	0
3	69
0	149
0	35
2	302
0	363
10	152
0	115
0	8
40	8
0	0
0	152
0	3
0	29
0	0
729	29
0	0
51	6
11	0
29	6
7	0
0	2
0	2
0	0
0	0
0	0
0	0
0	0
0	0
0	0
0	0
0	0
9	251
71	262
0	189
0	43
0	0
0	0
0	0
3	0
0	0
0	0
0	27
0	17
261	33
0	33
0	0
314	137
0	11
0	128
3	0
24	50
3	77
17	48
0	5
0	0
0	0
0	0
0	0
1	0
0	1
0	1
0	1
81	356
5	0
5	10
0	156
0	2
0	364
0	2
0	5
12	0
1	2
339	154
0	83
0	83
0	77
0	21
0	44
61	6
0	42
3	22
15	46
0	3
72	3
0	7
0	7
0	3
0	0
13	37
0	13
0	13
0	37
0	0
7	0
0	0
3	0
62	24
0	0
3	0
1	1
52	3
5	1
0	1
1	0
0	1
0	1
0	0
2	0
0	0
2	0
0	16
0	0
0	22
5	16
0	13
12	22
0	12
0	12
4	0
0	0
1	11
0	5
0	9
4	61
12	56
0	56
0	9
307	24
2	10
0	43
0	42
0	38
0	43
0	39
0	43
0	39
8	29
1	0
0	0
0	0
0	0
12	83
0	0
3	4
4	20
0	4
38	0
0	0
0	0
0	0
0	0
4	0
13	18
0	7
0	14
0	3
1	0
0	0
0	0
1	0
3	0
8	0
9	0
6	0
0	130
5	130
0	3
4	31
0	11
13	3
0	0
7	33
0	3
10	32
0	0
0	0
73	0
71	0
7	5
0	0
2	4
0	5
0	0
0	0
7	0
0	140
12	225
0	130
13	5
1	4
167	27
4	11
0	3
46	4
346	105
0	25
0	71
0	12
5	6
0	24
4	24
26	12
2	4
127	28
0	7
0	0
4	60
2	26
55	48
0	7
234	47
30	47
0	5
0	5
1	5
0	5
0	4
0	15
0	18
0	57
0	1
0	1
0	1
68	120
0	120
0	104
0	104
0	109
53	104
0	88
0	76
0	1
226	1
0	1
3	43
6	43
0	31
0	29
0	19
2	9
0	3
0	2
1	4
10	2
0	1
0	1
0	41
0	75
0	34
33	28
0	3
208	11
14	175
88	209
0	211
13	8
37	8
0	10
12	6
2	7
0	5
0	5
0	5
0	4
12	1
5	1
0	1
20	1
36	1
5	0
0	9
0	9
1	0
0	3
0	3
76	53
0	53
33	0
328	65
0	6
0	1
0	1
0	8
2	0
18	1
0	1
0	0
0	0
0	0
1	9
0	0
6	0
0	0
0	0
0	9
4	0
0	0
0	0
9	0
1	0
1	0
0	0
0	1
17	148
0	148
0	100
0	138
0	82
0	82
0	20
0	12
0	121
34	110
0	63
0	124
0	35
50	97
0	10
59	44
4	72
0	4
5	0
0	0
0	0
4	0
0	148
0	111
11	111
2	111
1	113
1	3
0	1
0	3
1	2
5	2
5	42
0	39
5	67
54	2
0	7
18	7
12	32
0	4
0	65
0	0
0	33
0	39
238	0
633	96
0	93
0	42
0	2
0	14
9	48
0	48
0	4
0	14
0	3
0	1
0	14
0	85
4	93
0	26
0	34
0	12
3	0
0	6
0	0
0	1
0	0
1	19
2	19
0	19
0	13
2	33
0	68
0	5
0	75
0	53
0	271
0	1
0	34
106	84
0	2
0	237
0	25
0	1
0	2
4	2
0	84
0	30
0	18
0	22
0	115
0	49
0	68
143	24
0	95
0	23
0	21
118	21
1	11
223	3
0	27
0	46
0	115
609	0
20	8
0	0
0	0
1	0
0	0
0	0
0	15
0	22
0	12
0	2
4	0
0	10
0	0
0	8
0	0
0	0
0	0
1	2
0	1
0	1
0	1
1	2
0	3
29	3
0	5
1	9
4	4
3	12
19	17
37	2
19	2
6	3
17	3
0	0
70	25
0	16
0	16
2	2
8	0
0	9
0	19
0	11
0	11
0	21
0	13
0	5
0	5
0	1
0	19
0	4
0	12
7	5
3	2
69	12
0	3
0	3
0	1
0	2
0	0
0	3
0	3
0	3
0	0
7	30
0	36
0	33
0	28
9	22
0	21
0	26
24	21
0	6
0	0
0	0
76	2
0	5
0	9
0	8
21	0
105	128
0	71
0	72
0	4
0	190
95	36
0	3
0	30
28	16
2	16
5	5
0	2
7	12
56	120
0	17
37	17
2	0
0	112
9	1447
0	1264
222	185
0	188
3	14
0	31
0	16
0	0
0	17
0	0
0	0
0	0
0	4
0	0
0	0
0	3
0	0
0	0
0	2
5	2
3	22
29	22
0	2
0	2
0	0
0	0
0	0
108	11
97	10
0	1
4	107
3	2
0	2
0	0
0	0
0	0
9	0
0	0
50	105
0	87
67	0
180	18
0	6
13	46
114	46
2	27
7	6
0	3
4	20
1	0
0	3
1	1
8	0
45	7
115	9
0	7
1	2
0	1
5	0
335	172
0	49
31	123
0	7
0	178
22	8
10	19
34	16
7	6
0	20
126	137
0	130
5	67
0	0
0	0
11	2
5	0
42	2
0	0
0	0
21	12
25	12
9	13
0	1
0	1
0	1
1	0
0	6
0	6
0	87
10	87
8	5
0	5
583	26
39	0
16	39
1	5
6	18
6	10
7	37
6	33
0	480
56	480
81	480
29	38
0	32
0	3
0	3
0	2
2	24
0	1
0	2
0	2
0	2
0	2
16	26
0	23
0	3
45	27
0	24
7	17
1142	253
9	250
8	2
0	4
18	16
3	1
0	1
5	0
4	57
0	57
0	0
0	0
439	178
0	3
0	3
1	23
1	0
0	0
21	26
0	27
0	78
0	78
47	82
0	2
0	0
0	92
0	92
0	10
921	56
0	42
50	0
124	178
0	14
50	1
168	4
5	66
53	54
0	47
0	62
0	60
0	60
0	44
0	2
2	0
21	13
0	9
0	9
0	9
0	9
0	0
5	1
10	0
0	1
4	3
0	20
0	1
8	1
1	0
0	0
0	1
1	17
0	20
0	5
0	36
0	36
19	171
77	171
0	1034
0	102
0	31
0	36
0	37
91	1073
0	1
0	1
0	1
5	0
0	1
14	0
4	19
7	3
51	11
0	3
0	12
0	6
1	0
0	0
2	0
0	28
0	5
0	0
2	1
3	21
0	130
4	131
0	15
5	0
2	0
0	0
15	0
0	17
0	15
0	8
0	19
0	63
0	2
0	16
817	1
1	2
0	63
0	17
9	29
10	0
0	8
0	8
17	4
0	4
2	2
0	2
0	99
87	99
2	39
29	34
37	55
0	52
0	48
0	50
147	165
0	38
0	29
0	32
0	32
0	19
0	17
11	114
5	0
17	188
1	62
0	133
0	134
0	116
0	4
2	5
0	5
0	0
0	10
11	132
0	102
171	92
0	18
0	25
4	0
1	5
5	5
65	37
23	4
157	95
0	4
572	76
7	64
8	66
7	33
68	1
45	0
1	0
203	179
1	150
5	11
438	57
80	23
0	23
34	33
0	7
0	6
0	12
0	31
45	13
0	12
0	18
35	0
0	14
895	19
632	0
682	19
0	318
1183	364
0	364
0	169
2	169
0	72
42	153
0	0
0	0
0	1
0	0
0	10
0	22
0	70
9	23
0	8
2	10
0	7
0	11
0	12
659	23
0	22
0	0
1	3
3	3
3308	0
18	0
35	2
0	94
61	94
0	94
78	94
0	2
2	0
20	0
0	0
0	0
23	128
0	83
0	118
0	126
0	132
47	89
5	118
0	114
1	4
0	23
0	39
0	52
62	35
0	9
0	8
11	27
44	43
0	0
2	0
0	0
1	8
0	0
0	0
14	0
3	0
4	2
0	0
4	3
4	3
35	4
0	4
0	3
0	4
0	3
0	3
0	2
0	1
0	1
0	0
0	2
0	2
0	2
0	1
0	1
32	1
0	1
0	0
0	1
0	0
94	0
364	47
1	5
0	5
0	32
35	0
23	61
0	61
24	11
0	4
34	0
0	0
0	39
29	3
0	0
20	0
88	1
0	33
0	60
2	40
40	1
107	799
0	799
196	103
0	103
10	0
0	6
0	8
0	3
0	9
0	1
0	0
0	0
0	0
0	0
0	1
0	53
224	0
0	33
2	3
0	0
0	5
0	3
0	3
0	6
5	3
1	2
0	0
1	0
5	5
0	0
0	0
3	0
134	179
0	26
0	180
0	52
0	5
0	5
0	5
10	2
1	0
0	2
0	36
4	13
521	8
0	0
0	2
0	3
0	6
0	1
0	1
0	367
7	10
108	84
0	52
0	21
0	29
0	13
0	8
0	61
3	23
4	1
3	0
0	20
31	20
0	7
1	1
0	1
0	1
0	1
14	2
3	0
5	5
0	52
51	101
0	95
0	144
0	0
2	154
11	36
102	61
0	58
212	4
129	3
401	41
84	290
1	5
5	5
0	0
0	7
0	0
0	7
0	319
0	1176
0	1186
6	30
0	19
7	4
0	8
47	4
0	4
6	31
2	17
0	8
0	15
0	15
0	2
0	2
0	29
0	0
0	0
0	3
0	41
95	14
4	14
0	1
0	7
0	7
1	83
0	80
0	83
125	47
0	5
0	6
0	16
16	16
1	0
6	37
11	37
0	46
12	46
0	2
0	2
0	17
0	10
0	102
0	107
0	53
85	41
0	16
0	5
0	1
0	0
0	5
0	23
113	0
23	0
0	0
0	0
0	0
4	0
1	0
0	7
0	7
0	7
97	2
1	0
1	0
0	114
5	39
0	2
2	39
219	2
0	0
18	11
0	11
0	11
0	0
0	0
0	0
2	0
0	34
20	25
8	15
0	22
0	0
0	0
20	17
608	378
0	2
0	2
13	0
13	0
688	0
42	0
4	0
2	0
0	0
0	0
0	0
0	2
11	0
0	75
118	99
21	121
164	75
374	45
0	1
2	1
5	1
99	1
1	2
22	74
13	55
0	34
1	1
146	21
73	23
11	28
0	6
10	9
0	9
0	3
0	0
0	3
0	0
0	0
0	3
0	16
2	5
0	11
0	9
4	0
3	1
0	1
0	10
0	11
0	4
0	4
26	11
0	11
6	0
257	20
0	0
75	0
14	31
14	20
0	2
0	2
170	15
113	274
80	257
6	142
1	5
5	5
0	5
42	37
0	37
0	26
0	31
0	6
9	1
0	1
45	0
2	2
5	0
20	8
0	8
0	0
0	3
0	3
54	82
0	168
51	168
46	61
0	12
0	0
48	69
9	0
1	140
1	36
0	5
0	52
0	5
11	140
580	223
0	223
251	101
0	27
0	4
0	67
0	45
0	0
93	45
0	55
0	80
75	73
0	8
0	10
27	9
39	156
0	1
0	2
65	16
0	2
0	1
0	1
18	18
0	41
2	21
0	9
5	26
1	0
0	28
0	28
0	46
1	17
0	1
0	17
17	6
0	5
2	0
0	5
0	0
4	2
0	2
0	5
46	60
104	63
0	37
0	159
0	159
4	0
0	2
0	1
10	0
219	61
9	31
3	30
0	0
0	0
1	0
230	0
21	1
1	1
10	7
24	7
23	7
0	0
0	2
2	5
0	5
2	9
103	6
0	0
0	0
0	6
0	2
105	30
0	0
6	0
0	17
143	17
14	17
0	0
81	86
2	0
2	0
0	0
0	0
1	0
12	88
0	2
588	58
0	45
1	1
4	1
0	2
3	1
2	2
0	1
0	0
0	0
1	0
12	6
9	0
0	0
0	0
0	3
50	38
0	38
84	21
0	21
52	124
0	86
0	124
7	0
30	9
3	1
0	2
0	2
1349	2
17	0
25	3
0	2
1	0
0	0
0	1212
0	1222
15	5
0	5
405	379
0	366
2	74
3	0
16	2
0	2
0	9
30	36
0	58
95	34
0	0
5	34
28	0
1	23
10	23
256	4
2	0
29	0
34	40
102	59
0	32
0	0
0	0
0	0
0	6
0	0
0	6
0	7
0	6
0	0
0	1
0	0
2	0
1	4
0	6
82	9
27	8
3	0
252	31
7	31
0	20
0	20
28	17
0	0
0	32
0	31
3	0
33	9
0	0
3	9
0	7
0	0
1	9
45	0
4	0
0	35
3	35
0	24
0	21
0	21
0	35
4	0
184	9
3	0
4	3
0	6
14	0
80	6
3	9
0	3
0	0
73	62
194	33
0	29
0	0
0	2
2	0
0	23
0	0
24	15
0	15
1	13
25	13
0	18
423	18
357	9
465	56
23	46
26	61
1	23
550	12
27	24
0	4
0	2
0	0
0	2
49	6
0	5
0	5
32	4
0	4
104	9
0	0
1	0
13	10
14	0
0	5
0	62
0	62
0	0
0	5
0	17
0	0
0	38
0	0
1	12
0	1
0	11
5	11
0	2
1	0
0	3
7	6
0	6
0	0
8	1
8	18
0	21
4	5
2	0
0	2
0	2
381	466
2	461
1	157
48	445
0	445
4	62
121	1
0	377
18	377
0	17
0	16
0	0
0	11
44	81
28	61
1	22
16	32
0	32
23	108
0	19
0	18
2	0
8	38
7	11
0	0
0	26
0	30
0	30
0	21
0	17
0	24
6	0
0	15
0	0
2	0
0	3
0	30
2	44
1	44
4	8
0	7
6	4
0	4
0	4
0	0
28	106
10	106
5	0
0	42
0	15
0	30
0	28
14	17
0	1
1	1
0	3
10	1
0	1
0	1
0	3
0	0
0	0
0	0
0	0
0	0
1	0
17	163
15	163
0	160
0	160
0	56
193	5
0	2
0	0
3	0
0	2
0	2
0	0
0	0
0	0
0	0
16	139
0	0
29	1
0	10
0	12
1	51
0	0
10	127
346	13
0	13
0	0
0	0
0	0
15	110
0	110
0	3
1	0
3	0
1	0
2	0
0	0
0	0
31	3
0	3
0	3
54	113
0	13
1	6
0	105
5	3
0	44
116	13
15	13
120	279
0	280
0	142
0	79
4	1
15	2
3	0
0	2
0	25
0	0
0	3
0	3
0	0
0	54
33	54
122	6
0	42
0	7
0	7
11	0
16	3
0	2
3	2
0	1
0	0
0	0
1	87
59	0
0	606
2	606
0	13
0	97
0	72
65	18
1	83
0	88
196	74
0	0
0	85
59	16
0	16
473	151
0	151
53	0
0	2
3	53
0	43
0	43
0	43
0	9
200	110
0	110
0	29
0	21
0	26
0	0
0	17
1	0
0	2
0	0
0	0
0	2
19	28
9	5
0	4
0	0
0	39
35	70
24	4
164	183
0	178
192	272
1	6
0	139
0	4
0	176
5	176
0	22
13	0
22	18
100	18
0	3
0	0
5	0
0	0
0	9
0	3
24	486
0	484
21	53
0	351
0	6
0	11
0	11
2	11
4	0
0	11
0	0
5	30
0	18
34	21
25	64
0	50
0	8
0	7
0	3
0	1
19	22
0	22
0	7
0	0
0	0
211	344
0	3
11	341
6	0
284	366
0	356
0	384
0	557
38	557
0	204
234	378
92	389
0	0
22	1
0	0
0	0
0	1
0	18
13	54
0	5
2	5
16	3
0	13
0	1
0	1
14	211
0	90
0	2
0	211
0	32
0	19
0	32
0	115
0	13
0	29
0	19
0	32
0	19
0	115
0	115
0	114
0	115
0	115
0	34
0	44
0	33
3	2
4	2
1	149
29	198
134	205
16	115
0	80
8	78
73	8
29	19
205	26
0	26
0	26
0	4
15	36
18	42
0	48
0	48
0	182
6	18
2	18
0	2
0	19
1	19
0	0
0	0
0	2
0	18
0	182
0	182
0	18
1	0
0	0
0	0
0	23
8	0
0	0
2	14
0	10
0	8
0	3
10	0
0	0
0	50
0	51
2	1
0	1
39	450
0	450
5	3
10	2
0	0
0	0
0	0
0	7
0	13
12	13
0	7
0	7
0	0
0	0
0	0
1	0
0	7
0	6
0	4
1	3
0	0
0	2
7	0
84	0
25	48
0	46
0	5
0	22
0	0
0	1
0	0
2	52
0	52
0	1
0	15
0	15
0	3
0	12
0	243
0	243
238	26
0	21
15	25
0	7
48	59
0	17
0	49
0	41
0	1
2	1
0	1
606	56
0	13
0	54
0	6
271	48
154	48
0	48
6	90
0	90
0	90
0	21
0	0
0	60
9	2
0	2
32	58
0	61
0	57
0	73
0	53
0	48
0	49
0	65
2	65
0	46
0	48
0	26
11	0
3	7
0	1
0	1
214	208
1	143
0	89
67	179
0	145
0	59
487	102
0	116
10	25
16	191
11	191
44	28
2	20
0	19
0	18
0	5
0	8
1	1
0	5
86	13
115	0
25	113
112	9
11	7
0	7
17	111
15	85
18	0
3	26
0	32
0	32
1	32
4	26
0	32
0	31
0	17
0	16
0	1
0	1
0	0
0	6
0	6
0	4
0	7
7	40
0	21
0	31
2	11
2	19
0	6
0	0
0	3
0	0
0	13
0	129
0	156
0	12
0	3
10	2
50	15
16	2
0	55
0	3
180	99
43	68
30	40
0	1
28	2
0	57
22	334
0	334
0	99
4	99
0	33
5	0
0	42
0	77
0	54
4	77
3	48
0	51
0	58
0	22
0	0
23	67
3	27
0	14
1	51
0	8
0	7
0	13
118	24
0	24
0	1
0	1
0	1
3	0
0	0
0	0
0	0
0	28
3	12
0	10
0	5
22	0
38	52
57	19
0	59
19	48
26	41
137	14
0	1
0	0
5	13
0	0
0	96
1	1131
0	1131
0	99
6	14
7	13
0	13
7	0
0	7
0	7
0	7
147	0
4	0
0	381
0	384
0	4
64	4
22	91
0	67
257	81
1705	278
0	237
0	48
0	7
0	10
0	2
9	5
9	5
5	1
0	0
0	0
0	3
0	9
0	7
0	0
2	0
5	0
0	30
0	14
0	30
0	10
0	0
6	4
220	0
53	61
1	41
2	39
0	0
18	6
0	10
10	15
4	2
0	0
1	0
6	3
0	0
5	0
11	0
532	6
0	55
0	1
0	1
0	1
0	1
0	1
0	19
96	19
39	8
25	8
238	0
0	1
0	1
1	191
0	191
0	0
17	0
5	1
0	1
6	0
11	0
1	0
7	14
6	12
12	12
3	12
11	11
112	147
1	0
0	0
2	0
0	172
0	174
2	1
0	0
0	1
0	7
0	7
0	5
0	5
0	5
0	7
0	2
25	2
40	31
0	26
0	22
0	7
0	23
0	1
10	45
61	22
34	7
1	44
0	19
0	51
0	21
0	11
0	0
0	4
1	0
0	4
0	4
0	4
0	4
0	0
0	4
8	4
0	36
8	15
4	15
0	1
0	0
5	0
4	0
0	0
2	670
37	670
0	2
0	21
0	38
5	38
31	4
0	4
75	0
0	0
89	48
126	0
211	0
0	0
0	0
3	10
0	10
0	10
0	3
1	6
0	7
0	0
1	1
0	1
1	10
0	7
1	4
1	3
1	0
0	3
0	0
12	9
91	1
0	0
0	0
0	0
0	0
0	0
0	0
0	0
0	0
0	0
0	0
0	0
0	0
2	0
0	1
4	62
0	3
44	17
51	62
0	0
0	5
0	0
0	0
0	5
12	0
46	27
87	27
29	43
0	26
3	3
0	18
0	12
0	29
0	20
7	10
0	2
0	1
0	1
2	16
0	7
25	1
0	13
0	6
0	6
0	0
0	0
0	0
0	0
0	0
5	37
0	30
0	28
0	6
1	6
3	360
0	20
0	353
38	30
2	365
0	0
12	0
0	0
0	0
0	3
0	3
13	0
9	75
0	60
0	68
0	56
0	52
1	4
0	1
0	1
0	4
11	3
0	3
9	121
169	50
0	353
0	479
13	297
0	91
0	35
0	87
0	42
13	129
3	68
0	4
0	2
106	5
5	5
4	5
51	36
0	15
0	1
0	0
6	0
0	36
0	0
1	0
2	2
0	9
0	6
0	6
0	9
0	106
0	103
0	103
0	106
0	100
0	2
809	0
41	2
0	2
0	0
20	0
0	1
0	1
0	0
108	0
0	1
0	64
5	64
0	4
0	4
1	17
147	42
49	26
0	22
0	9
0	43
8	16
0	150
295	1
0	5
0	9
0	16
0	15
0	21
0	14
0	2
0	2
0	0
0	6
0	6
0	1
45	0
0	0
0	0
0	146
1	26
25	45
2	15
0	8
7	18
0	21
1	10
4	16
4	13
1	3
1	0
15	6
0	6
9	4
0	11
0	13
0	4
50	78
1	63
0	52
0	20
0	2
0	2
0	2
3	0
0	3
18	17
0	17
0	0
26	7
0	0
6	0
21	275
0	17
24	247
0	194
0	207
10	154
0	73
0	35
0	35
2	35
19	9
0	5
4	2
4	5
0	0
0	17
0	17
0	17
0	17
0	9
7	0
0	7
12	7
4	9
62	9
22	9
2	6
0	18
1	18
0	254
0	265
1234	449
32	254
0	34
6	0
0	332
0	332
0	18
1	18
0	5
1	8
0	8
0	3
0	0
0	0
0	0
0	0
0	0
0	0
0	3
0	9
0	9
2	2
0	0
0	3
114	1
2976	0
0	13
0	13
8	13
0	12
0	6
0	23
0	28
3	45
0	36
0	14
500	731
47	731
289	55
10	55
162	39
4	12
3	11
0	0
0	0
0	1
5	11
15	12
0	26
44	26
2	39
276	71
0	71
0	14
0	71
517	0
1	0
4	0
11	2
0	2
6	13
5	13
0	0
5	0
12	0
271	0
13	7
0	6
0	3
4	12
0	8
0	5
0	6
0	8
1	0
0	0
0	0
0	6
0	16
0	16
0	13
0	13
0	12
63	9
2	9
1	0
176	4
50	4
0	0
104	0
0	14
0	12
16	18
0	5
0	3
0	1
2	4
0	3
10	16
3	3
103	3
27	150
13	130
0	3
30	3
25	1
1	0
2	17
9	15
0	2
0	2
0	2
0	16
0	2
0	1
330	29
0	3
0	26
151	49
0	47
0	47
4	0
0	0
0	26
0	26
0	11
15	31
447	324
0	57
1	76
0	31
99	324
3	81
14	0
1	43
0	28
0	19
0	135
0	54
57	36
0	16
0	990
50	1015
0	194
4	222
10	2
1	2
1	0
0	60
0	57
0	57
0	60
0	60
0	15
9	0
0	21
12	21
0	21
0	6
1	6
0	4
8	4
0	2
0	1
0	1
7	2
22	1
19	257
2	41
12	41
0	216
0	3
0	3
0	0
1	0
1	0
10	0
0	0
19	16
291	12
16	1
31	13
4	13
0	2
52	17
2	17
31	7
3	3
3	14
0	0
14	0
0	13
0	13
5	13
25	16
10	22
11	1
0	13
26	0
0	0
0	0
0	0
0	0
0	1
0	0
0	4
0	3
0	30
0	12
0	5
0	5
1	14
87	35
0	4
45	3
0	9
8	3
1	0
0	0
6	0
0	29
20	13
0	233
4	29
0	49
844	217
0	0
5	0
0	2
1	33
140	0
6	2
0	0
32	0
0	11
0	11
1	11
0	1
0	1
34	32
0	97
0	50
0	120
0	1
0	1
0	1
0	0
0	21
0	67
9	5
0	5
51	495
0	0
0	2
0	499
1	0
6	392
123	498
3	2
4	466
2	28
0	33
43	28
0	10
16	11
0	2
0	23
24	0
0	18
0	71
0	71
4	18
2	18
0	66
0	131
0	131
0	113
0	59
0	0
0	36
0	60
148	128
7	19
0	11
2	0
0	0
2	11
8	276
0	11
52	5
1	2
0	5
0	2
13	2
0	2
1	21
0	32
0	43
30	44
0	11
0	2
0	15
3	1
1	7
0	18
0	14
17	3
1005	530
0	538
30	107
0	46
0	3
0	3
0	18
0	13
0	7
0	7
10	16
6	450
0	49
0	19
0	5
0	311
0	421
19	101
2	2
0	112
0	2
0	110
213	35
95	77
1	114
0	99
12	12
2	53
0	451
0	1
2	8
0	8
0	1
0	1
7	2
0	43
0	33
30	46
87	167
21	161
6	161
0	167
0	53
25	0
177	7
21	7
4	4
0	3
1	4
0	4
0	4
0	4
0	4
3	0
0	3
0	3
0	3
3	6
0	16
0	36
0	1
0	36
0	36
4	31
11	5
2	0
239	0
7	123
71	25
0	77
95	479
3	427
0	57
0	0
1	0
1	2
14	50
22	115
0	16
11	1
10	2
189	6
27	4
24	0
13	2
24	2
127	22
0	74
0	66
324	17
0	280
0	280
0	45
1350	20
0	20
0	7
4	6
2	0
439	0
0	0
18	0
0	0
0	0
0	0
0	0
0	0
0	0
0	0
0	0
0	0
1	0
0	0
0	20
12	17
0	6
0	5
0	59
1	5
0	1
27	58
0	10
0	10
0	10
652	34
0	45
0	10
0	0
0	0
0	0
8	0
3	0
0	4
0	0
0	72
0	0
171	72
0	27
203	76
0	86
384	86
0	50
2	266
0	266
0	256
0	258
11	0
1	0
0	8
0	2
0	9
0	10
6	8
0	10
4	10
9	6
1	5
0	7
0	3
9	1
2	0
56	120
21	123
0	5
0	128
1446	12
7	12
87	188
25	188
0	30
6	37
0	8
0	8
12	0
5	0
0	0
0	0
0	7
0	0
0	0
63	3
98	1
0	32
0	124
0	507
0	1
5	1
1	0
0	2
0	2
0	91
6	136
95	0
5	67
74	26
5	65
0	22
14	0
156	19
0	14
0	9
84	94
0	94
0	66
15	65
2	0
16	0
0	0
42	6
177	168
0	118
49	141
30	137
2	7
0	7
0	5
49	49
0	2
15	21
6	49
0	8
0	3
321	824
0	824
1	0
173	18
49	48
0	0
0	5
6	5
0	2
528	97
8	48
19	45
5	1
0	1
14	58
5	0
448	0
0	8
0	8
50	2
25	0
282	18
0	15
68	24
13	8
0	7
0	1
0	19
0	19
0	19
0	6
3	34
16	1
0	1
2	20
3	20
0	0
0	9
6	5
0	5
0	9
0	0
6	7
0	3
0	6
0	1
0	0
0	0
0	0
0	6
0	11
0	19
0	8
0	8
0	0
0	11
41	0
0	0
11	14
0	0
0	0
0	0
0	9
0	0
0	0
1	0
0	0
0	0
1	2
3	1
0	2
0	2
225	1
4	1
0	713
432	721
38	8
6	2
3	228
43	277
0	168
168	35
25	30
1	14
0	3
0	1
0	6
726	228
0	168
16	384
4	391
2	402
0	1
0	11
0	339
0	162
12	299
0	242
0	172
0	222
0	287
0	23
0	17
0	59
0	1
0	0
0	119
0	339
12	809
0	832
0	708
27	10
307	10
3	19
0	19
10	23
24	189
0	13
0	30
0	36
0	190
77	19
0	28
0	1
0	5
0	4
0	0
0	3
22	3
0	3
0	3
0	3
0	1
0	1
0	1
0	0
0	0
0	0
0	0
0	1
0	1
10	54
0	40
0	41
6	17
0	13
1	6
0	55
414	45
153	6
0	2
1	2
1	1
0	0
25	26
4	62
6	15
0	3
0	3
2	3
0	2
0	2
3	1
0	4
0	1
0	51
0	0
0	0
0	0
9	78
0	66
35	26
15	20
0	2
0	1
0	3
0	3
19	45
6	44
16	35
0	31
30	48
0	51
20	51
13	2
0	0
2	0
2	0
0	0
1	0
0	0
0	0
0	2
2	39
0	37
0	37
0	4
2	1
0	2
0	0
72	28
1	28
59	330
0	60
0	318
1018	678
24	473
0	161
0	64
0	80
0	0
0	29
2	0
0	12
14	14
21	15
0	49
471	49
42	38
295	47
0	39
0	28
18	40
1295	43
0	37
0	37
0	46
0	41
0	25
0	28
0	28
50	9
17	96
5	96
21	5
0	41
730	508
3	19
14	4
54	3
0	3
0	3
0	3
3	2
6	2
22	2
0	2
8	7
0	7
0	2
0	0
10	53
0	70
0	78
0	70
0	78
0	78
0	134
2	143
2	32
5	33
0	13
225	173
0	14
0	0
12	3
2	2
0	1
0	4
75	25
0	9
0	24
0	0
0	2
4	109
0	6
142	6
2	0
18	6
38	30
0	2
604	467
10	224
49	5
3	460
0	1
0	1
2	35
1247	0
102	439
0	31
0	409
0	429
0	313
22	3
58	16
5	17
11	1
0	31
0	31
5	51
20	31
0	17
0	22
0	30
5	23
5	0
0	31
0	0
1	0
193	0
0	94
0	0
0	94
1	35
7	35
0	1
0	12
0	12
2	0
0	12
1	27
117	0
0	16
35	24
0	0
50	3
108	10
11	7
0	4
0	23
11	9
5	4
0	4
0	19
0	19
0	19
0	19
0	20
0	19
0	20
0	11
13	6
0	36
0	35
3	6
6	26
0	26
0	1
0	2
0	0
0	1
0	0
3	60
368	28
0	28
0	4
1	22
2	10
0	10
0	0
3	0
0	0
81	10
0	10
0	8
0	0
6	15
0	14
0	1
0	1
0	1
0	30
0	35
0	206
1	1
0	3
0	6
0	3
0	9
2	3
0	138
15	131
0	8
1	1
0	1
5	4
8	9
0	23
0	23
10	4
23	0
0	0
76	0
0	0
1	7
0	7
125	6
0	0
2	6
8	5
34	13
20	115
0	79
0	10
0	15
0	7
0	4
118	55
0	0
0	0
0	0
1	0
1	59
0	35
811	43
3	10
0	0
0	10
0	3
0	3
12	3
0	0
18	3
0	5
0	156
117	86
0	73
1	61
11	78
0	164
96	0
11	5
0	2
25	0
0	0
0	0
0	0
93	82
0	77
0	14
0	14
0	13
0	0
0	0
0	0
0	0
0	1
0	0
0	1
0	0
1	0
700	0
0	16
4	20
0	20
0	16
1	0
1	101
0	0
2	101
293	45
21	46
3	8
0	99
46	5
0	0
0	0
0	8
0	3
47	0
0	4
0	4
8	0
0	0
0	0
0	0
0	3
0	3
49	189
0	143
0	2
0	4
0	3
31	173
9	160
88	141
3	10
0	10
501	90
9	13
25	13
82	695
0	627
17	606
326	403
0	416
0	13
2	0
0	0
0	0
0	56
14	147
0	5
4	10
0	21
2	9
0	7
0	148
0	5
0	0
0	1
0	5
0	0
40	61
0	19
5	210
0	180
0	133
249	140
13	140
154	30
299	10
0	72
0	210
232	21
0	10
4	19
15	19
59	52
2	11
0	18
17	0
3	5
2	38
191	29
0	9
18	1
0	20
215	98
0	98
0	75
0	3
26	0
9	6
0	0
0	6
9	618
0	210
0	154
0	116
6	191
0	184
0	34
1130	91
3	2
0	8
0	67
5	0
0	67
5	228
0	4
599	108
19	124
0	1
0	0
0	1
0	1
0	1
0	590
102	588
145	679
2	6
26	16
0	16
22	246
0	246
12	206
0	8
0	16
0	16
28	18
0	10
0	0
0	0
1	0
0	4
53	1094
2	1094
0	61
0	57
3	133
0	19
13	325
30	19
0	290
0	1
0	43
0	201
0	83
1	4
15	17
0	16
0	1
14	0
1	0
0	30
0	4
0	0
2	12
0	0
0	0
28	2
2	4
31	16
0	12
0	0
0	7
1	25
49	16
0	0
0	25
0	9
0	9
0	0
0	1
0	4
43	130
0	93
0	0
0	8
0	40
0	44
0	60
0	60
62	82
0	89
0	44
6	44
0	48
0	24
0	0
0	0
0	1
1	6
10	5
5	6
58	19
1	0
0	16
0	15
355	73
9	1
3	0
3	2
0	0
39	3
0	3
8	39
5	63
159	83
2	83
0	64
3	52
459	47
0	3
11	3
0	0
12	13
0	6
16	11
38	11
0	13
6	6
2	8
76	13
1	11
2	13
77	49
0	0
30	41
0	28
30	45
12	45
28	8
0	0
0	15
6	45
59	162
2740	842
0	112
40	175
53	122
30	150
991	126
3	8
6	23
0	37
14	117
0	35
9	0
8	15
207	35
0	35
6	35
0	34
0	0
0	0
3	1
0	25
3	0
44	53
33	58
0	53
27	32
10	21
250	69
0	29
0	69
27	12
0	14
4	8
6	10
12	0
2	0
2	262
66	243
4	106
0	6
4	4
5	0
9	102
0	6
0	22
0	30
0	30
0	0
8	0
0	0
13	9
2	9
1	0
0	0
0	0
0	0
0	118
117	324
0	272
91	242
0	160
5	19
0	8
0	324
0	164
0	8
0	2
0	8
0	21
0	21
0	21
0	6
4	0
0	20
0	22
4	3
0	1
0	21
0	21
2	0
0	11
2	7
0	7
0	8
0	6
4	4
0	1725
0	1731
2	1732
0	1718
2448	1481
0	1686
0	1624
0	1299
0	1624
0	1320
0	1530
0	1583
94	1013
2778	902
0	66
0	136
8	147
32	225
0	22
516	94
5	0
28	0
47	20
1	13
0	14
42	122
3	115
8	7
0	4
0	4
0	0
12	0
20	44
0	53
0	0
0	18
2	22
0	1
33	9
0	1
31	63
127	131
5	50
0	30
0	102
17	32
0	2
4	32
0	0
0	0
4	2
0	6
10	3
1	0
1	0
0	0
2	0
0	28
1	11
4	6
0	6
0	184
0	2
0	179
0	5
0	178
39	128
56	349
7	344
0	49
14	343
0	10
33	1
0	6
6	9
0	0
2	5
0	0
0	13
7	13
36	13
12	7
0	0
0	7
19	6
1	103
5	101
0	92
120	835
54	17
0	2
9	33
29	32
0	1
23	833
1	17
0	15
0	0
0	8
0	3
23	9
0	3
16	3
0	3
0	67
1	0
1	25
0	25
11	15
68	43
0	33
143	3
3	19
0	23
8	1
0	15
217	18
0	1
15	1
7	1
11	5
16	3
10	15
0	22
0	22
0	22
0	22
0	22
0	22
0	22
0	22
0	22
0	22
0	22
0	22
0	22
0	22
111	64
1	22
0	22
0	22
0	16
0	16
0	16
0	5
0	3
9	0
0	0
0	59
0	7
0	78
0	9
0	59
23	9
13	45
0	62
4	32
3	0
0	9
0	2
0	9
0	2
0	14
0	47
29	37
60	7
80	45
0	43
0	41
0	47
0	393
22	72
0	291
4	3
0	0
1	0
0	393
1	0
268	36
20	35
23	8
0	7
0	7
0	0
0	0
0	7
0	0
5	19
0	3
0	6
3	40
0	6
0	40
0	21
4	21
0	21
0	21
2	6
125	0
38	99
562	15
8	0
0	4
0	4
91	0
0	31
7	31
0	17
0	17
0	0
71	23
7	0
0	0
14	372
0	13
0	13
0	331
0	291
0	98
31	94
0	81
0	0
0	372
28	97
59	98
0	14
0	55
0	0
20	0
45	28
0	73
16	27
0	65
270	137
21	41
36	106
970	0
0	8
5	8
0	2
0	9
0	7
0	9
3	5
6	7
22	2
0	10
0	5
0	0
0	7
0	35
0	26
11	0
0	2
0	2
0	35
0	177
0	192
0	6
22	1
3	18
0	18
0	10
3	0
25	0
0	10
1	16
2	2
109	0
0	13
0	13
0	13
0	7
0	0
0	13
0	13
0	0
1	15
0	14
2	0
1	0
0	6
0	5
0	0
2	1
0	1
0	1
0	1
0	0
289	0
9	0
5	0
0	0
1	0
0	7
0	16
0	7
4	2
0	2
5	7
2	0
0	6
0	13
1	0
0	2
0	16
6	16
5	13
0	9
28	1
0	3
0	29
0	28
0	42
0	49
0	58
0	52
0	55
0	0
0	2
0	0
0	0
0	64
1	46
1	45
17	0
2	18
0	1
12	0
22	36
0	35
4	2
6	1
0	13
159	66
0	33
0	8
0	48
0	25
49	0
44	25
0	23
0	23
1	21
0	6
160	20
0	20
0	20
4	0
57	0
2	0
22	28
0	28
28	95
0	5
1	5
33	52
2	13
355	8
0	7
1	2
49	9
0	1
0	0
18	5
0	0
72	5
272	4
4	10
0	10
0	6
1	3
0	4
855	0
1	72
40	72
2	33
16	0
9	1
0	0
0	6
0	3
0	6
0	6
0	1
0	5
0	2
0	437
0	437
0	334
0	370
12	0
0	0
0	0
0	0
2	0
5	1
0	1
0	0
0	1
0	1
0	1
0	1
2	0
72	23
0	1
0	109
0	124
0	6
0	90
0	3
11	17
0	125
7	107
37	107
0	1
4	1
0	1
5	0
0	5
0	11
0	6
10	0
2	6
0	0
0	1
0	4
0	57
2	9
100	5
0	3
0	13
0	13
0	13
0	12
1	0
1	0
1	0
1	4
0	1
1	1
0	0
0	57
13	87
0	52
19	46
0	26
0	15
0	10
39	36
0	10
0	13
0	19
0	30
0	36
0	33
0	10
0	7
22	10
5	3
1	12
0	0
2	4
0	4
0	11
0	101
0	10
0	10
0	17
0	23
0	11
0	82
64	93
0	11
0	18
5	18
0	3
5	2
0	0
0	0
0	0
0	6
0	0
3	0
37	9
0	7
21	1
1	12
21	12
3	2
8	1
0	1
2	164
0	28
0	164
0	27
1	1
8	5
0	5
0	51
0	1
0	5
6	4
5	2
2	16
49	204
0	222
0	194
0	204
1	60
41	76
4	0
0	0
0	44
0	44
0	44
23	150
37	35
0	12
0	150
0	0
962	0
0	0
113	14
0	1
0	13
1	9
0	5
4	5
0	1
0	31
13	7
1	19
0	7
0	6
0	31
64	100
0	100
4	36
19	215
107	215
10	149
358	39
0	21
0	0
0	0
71	99
409	39
21	39
27	83
0	83
1	2
7	2
1	140
0	138
84	9
3	3
0	1
0	34
46	1190
0	9
135	27
0	27
0	3
0	0
0	12
0	0
0	266
0	381
22	381
0	138
1	30
17	73
0	0
1	37
0	1
0	70
1	23
11	38
0	3
1	570
0	248
0	267
7	960
0	0
13	952
30	27
14	25
0	49
0	6
17	4
0	4
1	10
0	0
6	0
69	0
26	6
14	7
0	5
14	16
0	12
14	4
18	8
0	0
0	23
0	1
0	2
0	0
3	0
51	108
8	103
0	0
0	3
0	0
0	3
31	26
0	1
0	23
0	8
0	8
0	8
2	4
0	2
0	0
56	21
0	12
192	26
0	11
0	0
7	0
29	9
0	10
0	35
0	35
0	65
0	19
0	29
0	18
0	17
0	9
0	65
0	59
273	299
14	296
157	243
0	0
0	8
5	0
0	4
0	5
0	0
12	44
0	7
4	33
0	0
2	33
70	99
62	54
15	54
0	18
0	29
0	0
3	0
1	0
0	2
0	25
11	52
0	58
0	11
0	62
147	138
0	10
0	143
8	4
82	33
13	14
0	50
40	82
0	31
0	14
0	14
8	14
0	14
0	4
0	4
0	5
0	17
11	17
0	9
0	2
0	2
0	8
6	50
212	58
0	39
2	4
16	15
0	7
40	230
3	15
2	2
0	29
22	216
10	18
0	18
37	1
0	16
2	3
3	3
41	15
2	2
20	3
0	2
43	14
0	8
3	4
2	1
0	8
0	0
0	11
11	17
0	6
1	1
0	0
0	0
0	0
0	0
1	2
32	51
0	3
0	1
0	3
0	28
0	3
0	0
0	0
0	51
5	3
28	18
0	0
2	16
0	0
9	2
0	2
0	0
0	0
0	75
27	75
399	0
17	0
50	586
0	508
3	363
0	7
60	557
0	47
0	77
44	59
7	30
8	38
14	98
88	58
0	116
0	111
0	5
0	53
0	50
27	59
0	44
0	8
8	44
0	5
0	120
0	128
0	120
0	9
19	0
1	15
2	15
0	13
0	0
3	2
0	2
0	8
56	130
0	132
8	94
2	42
7	1
2	0
0	0
0	0
0	0
0	0
580	84
0	1
0	1
0	11
0	81
0	77
0	82
1	4
0	2
0	2
0	7
4	3
9	1
0	7
0	7
0	2
555	105
0	72
0	56
0	56
0	56
0	57
0	68
0	68
0	60
0	60
0	60
0	61
0	61
0	59
0	59
0	59
0	59
0	56
0	0
0	0
1	29
2	0
1	6
5	194
44	194
0	1
0	7
0	1
0	60
0	57
115	27
1	0
0	27
26	136
0	136
15	136
0	112
0	64
0	0
19	116
39	299
300	668
0	649
19	152
38	15
1	0
1	0
1	0
2	13
0	0
0	13
0	367
0	410
0	316
1	265
7	123
0	43
0	0
0	139
0	0
0	139
0	139
0	45
0	45
48	5
51	59
0	45
26	41
0	108
35	114
6	65
52	27
0	3
20	3
13	0
104	157
0	158
1	125
0	80
0	57
52	47
0	3
0	3
42	2
4	2
0	2
0	2
0	13
63	14
232	3
23	3
76	992
0	993
0	238
0	990
0	386
0	382
0	372
0	62
0	369
0	18
0	313
0	6
0	5
0	8
0	5
69	21
6	19
2	15
8	0
0	2
0	0
19	0
29	4
4	2
2	2
30	1
4	1
14	16
2	6
0	16
0	47
61	79
0	62
4	0
0	4
0	5
0	4
0	5
0	4
0	4
18	0
0	7
0	7
0	30
0	0
4	2
0	7
0	30
1	22
0	21
0	21
2	22
0	0
0	0
0	0
0	3
0	4
0	0
0	10
7	0
323	96
0	12
3	39
0	0
1	0
0	33
20	63
0	39
0	7
271	9
7	0
91	0
1	16
75	5
14	0
358	296
998	292
0	283
4	194
0	64
0	4
2	4
91	200
0	10
24	52
0	14
1	0
0	52
16	76
0	23
0	23
0	1
0	0
0	0
6	3
10	3
0	50
0	47
1	50
0	28
2	30
0	11
1	1
0	1
11	0
0	0
0	224
2	162
359	326
16	8
8	22
1	0
0	6
331	42
2	12
27	38
0	13
0	4
0	4
5	0
4	0
0	0
0	24
11	3
0	0
0	0
0	0
0	0
4	30
1	3
0	6
0	5
1	5
0	2
1	26
1	21
0	11
0	5
0	5
0	5
35	8
0	5
0	16
0	8
2	16
46	0
0	16
0	16
0	7
5	0
0	3
16	6
2	2
0	7
5	20
0	24
0	13
1	35
0	37
0	1
8	2
0	4
0	1
2	0
48	0
0	17
7	6
10	68
0	6
293	135
0	126
15	46
0	9
1254	32
6	21
0	4
0	11
187	0
0	5
10	5
16	13
0	13
0	7
1	6
7	556
2	555
0	536
11	55
0	2
2	1
0	63
2	22
0	22
0	3
0	2
0	28
0	3
24	42
185	0
14	6
0	18
0	47
0	12
0	12
6	9
0	0
0	1
0	0
989	297
0	2
1	1
52	6
1	151
10	286
0	286
0	1
7	1
57	1912
0	1907
0	30
27	12
0	7
0	5
0	3
2	12
0	12
0	3
0	7
0	8
0	3
9	6
98	4
0	11
0	6
1783	328
21	328
0	1
0	1
0	1
0	2
0	3
0	0
0	4
0	0
0	4
6	1
0	1
0	0
0	1
0	0
1	0
1	48
11	12
0	51
0	0
53	1
50	54
0	46
0	0
1	1
0	1
0	0
0	0
26	54
12	2
5	2
128	143
6	136
0	116
0	116
0	93
0	83
0	72
0	54
14	26
0	0
0	11
0	3
0	0
0	1
0	0
0	3
1	10
0	1
0	0
0	3
0	3
0	1
0	0
0	2
12	9
5	8
0	35
14	35
49	15
0	7
36	7
19	26
37	31
7	99
93	161
145	169
100	92
0	43
0	0
1	28
0	23
1	11
0	3
0	0
2	0
8	37
0	0
0	10
0	10
0	0
0	0
2	2
2	0
0	30
16	135
36	29
0	18
19	1
15	27
0	0
0	1
0	11
71	135
0	30
54	68
0	66
0	3
22	2
2	2
0	2
0	0
39	0
1	0
13	40
1	59
6	1
0	18
2	0
1	0
0	18
0	5
0	18
12	3
9	20
5	20
5	18
0	9
1	2
3	6
0	6
10	0
0	29
15	46
0	50
20	46
17	23
3605	83
7	81
400	59
0	3
1	2
135	2
0	2
2	4
13	6
3	3
0	8
4	8
0	7
0	7
0	41
0	35
0	2
0	10
0	2
313	863
1	17
0	59
0	3
11	1
14	113
0	45
0	5
32	0
0	697
0	91
11	45
48	21
47	109
0	21
2	6
0	22
0	6
20	0
0	0
5	22
0	1
1	2
21	19
0	3
518	50
0	117
0	770
7	770
0	17
3	20
0	1
12	12
382	12
5	0
16	227
0	423
13	276
0	0
0	0
0	3
5	3
1	5
0	3
0	36
0	35
0	37
5	36
0	36
3	35
0	33
0	32
0	0
0	1
0	3
0	33
836	10
29	20
0	5
107	19
1	0
12	56
2	56
7	0
0	14
1120	722
0	722
129	29
0	16
2	12
0	13
1271	7
0	7
62	7
2	6
2	39
0	11
3	109
0	68
463	107
0	33
0	41
0	4
0	136
1	51
0	51
0	1
0	46
195	97
0	97
0	32
9	35
0	10
3	1
12	0
2	1
0	0
0	0
0	0
0	3
21	0
0	5
129	18
36	145
0	21
1	124
63	0
0	9
0	9
705	53
0	12
0	23
0	11
0	14
53	12
2	8
0	0
0	1
0	1
0	1
0	1
0	1
16	50
34	35
0	18
41	66
341	74
11	66
0	1
56	30
0	30
0	0
0	0
13	11
6	11
3	1
0	0
0	0
0	0
0	0
0	0
0	0
61	26
0	11
0	10
16	8
132	29
0	138
24	138
11	38
7	3
0	3
0	6
0	2
0	2
0	2
2	0
0	138
0	10
2	10
0	9
0	68
0	19
4	19
5	14
0	57
93	82
16	0
8	0
234	7
23	7
144	38
56	36
1	2
0	3
0	38
198	275
0	296
120	17
0	38
0	38
17	0
4	0
308	223
0	69
0	84
0	82
3	0
0	4
0	16
25	7
0	1
2	199
0	199
0	0
257	40
0	40
0	0
14	0
0	0
2	0
0	0
77	88
0	25
1	25
0	4
0	1
277	6
0	0
0	3
0	4
11	4
259	76
134	52
6	76
0	17
0	55
1	16
0	1
1	0
21	70
0	27
244	60
0	24
0	8
0	7
0	26
6	2
0	10
0	0
0	1
0	60
0	5
1	5
1	4
248	4
5	8
0	13
0	7
1	6
0	0
0	0
1	2
0	2
0	2
0	111
0	20
0	7
2	0
4	7
0	5
14	94
1825	7
111	103
1	97
24	46
4	47
49	47
8	0
252	267
5	426
0	291
0	245
380	184
0	220
0	238
0	48
0	7
0	52
0	21
2	0
4	27
5	113
22	106
0	77
6	78
0	1
31	0
1	3
0	9
0	12
0	41
0	6
16	1
0	0
0	1
0	1
1	0
10	0
0	0
0	14
22	146
0	8
0	13
0	4
0	8
0	8
0	13
0	8
0	8
7	0
0	13
32	73
0	13
4	67
28	68
0	68
0	39
2	32
0	0
2	0
1	3
0	4
1304	0
1156	133
48	35
3	9
15	100
20	0
3	0
280	0
55	48
44	14
0	0
47	48
39	13
14	13
251	13
0	6
0	6
0	10
25	10
16	27
0	27
3	3
0	3
0	6
0	15
4	86
2	33
6	31
0	54
0	0
1	0
1	0
11	0
1	0
11	0
4	0
0	18
46	18
5	18
3	0
0	0
5	0
0	16
27	16
0	9
0	6
0	0
0	3
48	0
26	163
0	163
3	0
0	163
1	153
1	17
0	17
3	14
41	134
0	1
0	0
7	133
0	73
20	76
0	63
0	63
0	63
0	63
25	1
0	1
14	8
0	6
0	0
8	7
0	11
0	7
0	24
0	24
0	24
0	26
0	4
3	0
0	1
0	1
0	1
0	0
684	0
29	452
2	452
1	17
2	0
2	6
0	6
881	40
0	3
0	23
1	7
29	24
2	11
0	1
0	2
0	1
0	1
0	1
0	1
0	1
0	4
16	6
0	1
0	0
0	0
2	78
7	4
0	48
0	31
0	6
0	48
0	31
0	43
0	1
0	28
0	4
92	26
6	3
0	3
20	0
0	6
0	6
59	0
37	1
4	3
0	4
30	81
0	72
0	1
0	1
0	1
0	25
1	25
377	459
50	459
73	1
3	8
0	0
28	122
7	122
0	93
0	7
0	0
2	7
0	6
85	1
308	103
0	102
0	1
0	1
469	0
0	0
0	7
1	3
0	7
3	2
0	3
0	0
0	0
0	3
0	0
0	0
0	0
0	0
0	0
0	0
0	3
8	0
17	35
150	15
0	5
31	73
4	28
0	20
0	1
12	11
0	1
2	3
36	17
0	2
0	2
0	2
0	2
1	15
0	1
0	1
14	192
4	211
0	128
74	24
0	5
0	6
0	30
0	5
0	130
6	19
0	19
0	8
0	19
0	20
0	1
56	17
5	7
0	0
1	0
3	1
3	0
69	54
3	45
0	53
0	8
71	9
22	83
17	80
0	13
0	12
2	10
117	3
16	1
583	34
48	6
0	15
191	1
5	1
1	25
5	8
11	0
20	7
3	0
0	101
0	19
8	0
0	87
0	1
0	2
0	0
122	0
9	0
158	31
0	31
18	1
0	0
0	0
0	1
0	15
5	0
0	11
0	11
0	11
0	0
0	0
22	0
11	9
0	9
0	0
0	0
1	3
10	5
6	0
303	443
1004	443
768	0
60	0
0	373
14	373
11	62
0	290
18	14
3	0
27	7
38	0
1	1
0	8
1	4
0	8
0	9
0	11
12	11
0	8
0	4
0	3
0	8
0	1
0	0
0	8
0	8
1	8
0	8
0	8
1	0
0	4
1	0
0	8
5	0
38	1
0	1
0	26
0	27
0	5
0	27
0	19
0	13
4	10
30	0
0	0
0	1
41	1
0	8
474	0
20	77
0	71
0	66
81	45
0	43
0	40
0	19
0	16
0	8
0	0
8	0
45	1
7	0
166	3
18	3
46	0
0	13
0	13
31	8
2	12
1	57
0	61
17	8
8	21
3	21
0	9
31	52
0	52
0	49
0	49
0	49
0	49
0	49
1	1
0	1
0	0
1	0
0	11
0	5
29	5
0	5
0	3
0	13
5	7
3	13
0	12
0	2
35	1
8	1
3	0
1	6
1	6
88	11
0	11
1	2
0	0
2	0
0	2
2	0
0	2
16	0
3	2
0	99
171	121
0	22
0	95
0	9
0	9
167	148
0	115
0	76
0	0
0	42
60	2
5	7
7	0
3	3
0	0
14	7
0	7
1	3
0	5
0	6
0	12
0	7
0	10
952	2
0	0
0	2
8	2
0	0
0	0
0	14
0	14
0	2
157	6
88	19
0	1
4	13
1	6
28	0
1	0
29	107
0	100
0	5
0	10
0	0
3	7
0	2
0	2
0	2
0	2
0	0
2	9
0	9
0	1
0	1
19	0
16	196
0	185
7	196
0	11
0	11
0	11
0	6
0	3
2	4
2	0
0	6
0	6
0	6
12	280
0	284
0	80
2	0
0	7
0	0
0	3
0	3
0	3
0	3
6	0
424	8
0	8
147	187
5	169
13	4
0	0
0	2
0	2
7	4
49	10
20	0
0	0
2	0
381	0
72	0
198	0
0	16
0	16
0	16
0	16
0	1
0	6
0	0
3	6
0	2
0	0
0	520
0	5
3	18
30	1
26	508
5	48
0	48
0	3
108	91
0	6
0	0
0	0
119	7
18	7
1	5
0	3
5	3
1	0
19	1
0	1
0	0
18	18
0	18
0	1
9	20
13	22
0	5
53	17
33	4
0	5
63	70
1	69
0	55
0	24
2	0
27	56
0	79
0	113
4	119
2	1
0	0
0	0
0	1
0	0
0	0
0	2
1	2
452	167
48	31
25	105
0	5
43	25
0	169
19	183
0	144
40	46
3	46
204	96
0	0
0	2
0	2
0	29
0	0
1	29
5	48
0	52
0	51
1	0
1	0
0	0
111	209
0	209
0	176
0	206
6	0
0	0
0	0
0	0
167	0
13	5
1	11
162	182
0	157
0	137
2	48
0	107
3	3
0	0
0	0
0	0
0	1
0	1
632	514
1	513
0	1
8	0
0	0
2	32
29	37
0	10
5	25
4	7
0	7
0	3
4	0
0	0
0	2
0	0
2	0
0	0
0	0
5	0
17	99
0	99
0	98
0	73
0	83
0	0
9	1
271	55
0	6
0	55
0	0
11	1
22	121
0	121
0	104
0	0
6	0
0	0
3	0
12	36
10	16
530	11
0	1
0	1
1	2
1	2
13	438
5	431
1	406
2	303
0	173
1	5
4	102
0	1
1	7
0	7
0	7
4	0
0	19
12	57
0	0
75	11
0	11
5	58
120	54
0	0
1	0
4	0
42	51
41	21
0	0
0	22
12	9
0	2
0	2
5	8
0	0
2	3
14	4
35	50
0	2
1	91
5	12
1	80
0	23
0	39
0	1
0	1
0	0
36	38
4	0
0	23
21	32
35	32
0	26
15	19
0	6
21	6
33	0
0	0
0	0
0	9
0	30
0	14
0	31
11	32
0	2
0	27
0	10
0	15
0	2
0	0
0	5
4	7
0	16
32	71
0	37
17	39
0	9
8	9
0	11
1	3
1	3
1	2
46	0
0	9
6	685
0	9
2	1
0	0
4	680
0	18
0	249
25	70
29	0
0	50
0	33
0	71
218	254
2	4
107	176
0	172
7	172
1	46
4	10
1	0
0	0
14	0
0	0
4	0
0	201
7	56
6	125
28	54
0	22
84	15
3	23
1	91
1	0
0	14
7	142
0	108
2	144
1594	91
62	2
7	21
9	2
16	2
117	29
0	9
24	0
2	0
0	60
0	74
0	77
1	19
0	0
0	105
4	0
0	4
3	1
856	100
0	122
23	139
14	0
0	74
0	44
2	0
0	33
53	41
17	0
0	0
73	17
22	280
0	125
0	45
20	34
1	22
0	18
8	14
40	4
0	0
0	0
21	1
0	3
0	4
0	2
0	1
0	23
0	14
0	2
0	8
9	5
0	0
0	23
3	19
0	9
0	16
0	6
5	74
0	47
56	188
0	25
0	6
0	26
0	5
0	12
0	12
65	9
0	21
0	13
0	0
48	31
0	37
11	8
0	3
7	0
31	1068
64	1102
6	25
1	6
0	11
92	884
3	376
290	1042
0	632
113	117
31	17
38	9
0	3
11	4
7	5
0	4
6	2
0	0
249	300
0	45
79	47
0	75
40	83
1	2
0	6
0	15
2	9
0	43
0	39
0	38
0	11
0	255
57	0
0	8
0	38
0	295
2	9
0	7
0	8
0	0
34	80
0	80
0	40
0	40
0	0
16	0
592	9
489	9
82	5
0	0
0	4
0	5
22	0
16	76
0	25
8	0
0	0
0	36
0	8
0	35
0	7
0	0
1	28
4	28
0	1
0	0
0	58
0	93
0	80
0	80
3	18
39	14
370	64
0	0
2	10
7	9
3	8
0	228
2	228
0	16
0	67
0	231
23	83
0	83
0	17
4	15
0	10
2	0
3	6
50	6
36	14
1	4
0	12
0	12
0	12
1	0
0	2
7	5
0	17
4	12
2	1
5	4
0	4
0	0
0	2
0	1
0	0
2	0
0	2
0	3
0	3
0	3
0	3
1	2
0	2
0	3
0	3
0	2
0	1
11	11
0	0
0	1
1	0
0	6
0	3
0	0
0	0
0	7
0	2
0	7
0	7
0	7
5	0
440	20
3	3
7	0
0	0
4	35
0	1
893	90
0	1
4	10
2	9
0	90
0	2
0	2
3	5
0	4
0	4
138	225
0	0
8	1
0	0
0	0
0	0
0	89
0	0
0	0
51	225
0	21
5	21
8	0
2	19
0	1
29	5
0	3
9	5
0	3
0	3
0	0
0	2
3	2
3	2
0	2
52	0
72	0
150	0
140	19
1	20
21	24
0	19
0	10
1	4
0	2
0	0
0	0
6	0
0	2
0	0
0	0
0	0
0	0
0	0
0	2
0	0
73	2
0	2
0	0
2	0
0	0
0	0
0	0
0	0
1495	1
0	44
0	195
112	156
30	7
5	155
14	0
0	0
2	49
0	46
116	183
0	170
1	4
3	4
0	0
7	0
0	64
53	17
0	6
13	25
18	22
929	0
37	0
1	139
0	1
0	2
8	1
0	1
8	12
1	136
114	78
0	3
19	3
3	301
1	299
204	36
12	0
54	0
1301	130
25	130
0	104
103	88
78	56
0	7
0	7
4130	19
4	16
0	0
6	18
138	7
14	7
0	327
5	329
0	265
91	54
0	231
0	10
0	10
0	51
0	51
0	32
0	1
9	1
0	0
6	5
0	2
0	0
0	0
27	0
17	0
0	0
2	19
0	21
0	29
23	28
0	3
0	11
0	0
2	0
14	2
17	82
0	73
0	28
1	19
0	4
0	10
0	9
4	18
0	1
0	13
12	18
9	18
0	9
0	12
0	0
0	7
0	8
0	4
46	0
41	61
0	63
2342	59
0	14
0	14
3	0
9	2
38	4
0	4
0	34
21	68
0	55
0	22
0	20
6	1
3	0
0	4
4	2
0	3
0	1
0	2
0	19
0	15
0	13
0	13
0	5
0	0
0	14
1724	402
0	422
0	407
0	422
0	23
0	48
10	48
2	16
1	2
0	2
0	0
3	5
0	0
0	0
0	0
0	0
148	13
1	12
0	4
64	2
0	1
7	3
0	233
0	233
181	393
0	414
0	0
0	1
0	0
70	13
90	219
0	216
0	59
16	0
0	0
350	6
7	0
0	1
8	5
9	13
3	86
0	86
1	0
2	0
78	48
0	6
7	0
0	3
441	1095
715	1095
9	160
6	159
0	1
1	1
9	3
9	0
4	156
6	8
4	8
2	8
0	127
1	127
0	0
178	102
0	66
0	95
428	76
40	16
0	0
440	405
0	1
0	67
0	404
225	51
0	63
3	7
26	44
317	20
0	1
0	1
6	1
6	0
0	0
0	0
4	0
1	0
0	0
0	0
0	1
0	1
0	1
0	0
56	53
4	1
118	4
1	0
0	27
0	16
10	16
0	0
0	0
0	0
0	0
0	0
0	0
1	6
42	1
0	0
0	3
3	0
0	0
0	0
0	471
242	471
2	6
0	6
3	6
8	6
4	4
0	2
101	583
67	592
0	37
0	0
2	0
0	0
5	0
0	0
8	3
0	4
1	0
0	9
0	52
32	12
25	5
0	36
0	2
0	1
0	1
0	50
44	41
0	12
0	34
0	5
0	5
601	43
1774	48
4	11
0	6
0	5
5	0
0	5
0	28
0	21
0	3
12	21
0	0
0	0
0	0
0	28
0	43
193	55
0	0
0	0
0	57
17	57
4	4
43	18
1	1
657	13
0	3
0	0
0	0
0	0
0	0
16	252
2	1
0	1
0	1
0	15
0	15
2	92
1	45
0	0
0	0
1	0
0	5
2	5
0	1
1	1
0	1
9	1
798	48
28	5
159	46
20	4
0	4
101	46
0	24
30	32
19	138
0	5
7	146
1	4
0	1
0	4
0	3
0	1
4	0
0	0
10	0
7	0
0	2
4	20
0	3
0	3
0	0
318	9
10	20
3	4
77	4
0	17
195	122
0	74
3	0
9	228
0	227
85	90
1544	26
52	26
0	3
0	3
0	3
0	133
0	133
0	0
1331	289
18	286
9	167
0	46
0	0
0	3
2	2
18	93
0	106
0	58
2	43
17	61
0	47
3	21
0	10
0	10
0	79
0	3
21	73
0	25
0	25
23	2
13	2
0	1
2	0
3	0
0	249
2	0
33	249
66	6
6	5
0	3
0	0
20	6
0	2
183	51
0	29
0	32
68	2
0	180
0	179
0	6
4	6
15	0
0	137
0	11
6	10
0	7
9	7
2	0
2	0
60	111
53	109
0	87
0	119
40	118
0	49
0	52
0	26
16	0
0	2
3	2
1	0
0	0
0	2
3	0
0	1
21	5
2	0
14	0
12	4
0	0
0	25
12	1
126	533
0	533
4	7
0	31
5	13
134	68
0	66
0	5
0	0
0	6
5	45
13	10
3	35
0	44
16	26
0	22
1	0
119	18
0	18
0	6
0	4
0	6
0	40
0	40
0	40
0	9
0	4
0	12
0	9
0	4
7	1
501	187
303	189
0	5
0	6
0	6
0	8
0	0
0	0
0	0
0	0
0	0
0	372
1	0
149	61
8	584
0	584
61	14
0	13
0	5
83	23
0	1
13	20
0	23
0	15
172	346
16	14
6	4
0	206
0	132
0	2
20	111
0	111
14	115
0	2
10	4
5	2
189	87
3	0
0	0
0	1
0	0
0	3
0	1
4	2
22	5
0	5
0	1
32	243
0	187
0	176
2	0
0	0
0	0
0	0
10	0
3	158
0	0
1	0
0	5
0	0
189	17
0	243
30	98
0	83
0	0
23	99
12	89
1	3
0	0
0	0
3	86
0	5
2	0
50	3
2	3
69	41
71	19
0	15
27	22
3	2
0	31
879	131
154	137
0	26
86	155
89	211
0	44
0	0
2	17
0	8
0	9
0	10
0	4
11	0
0	9
0	10
0	47
0	16
0	0
1	0
0	4
6	47
87	26
0	24
28	37
0	16
0	0
3	0
0	16
0	55
0	5
0	55
38	32
0	52
0	15
14	12
0	0
0	3
17	8
0	0
0	6
0	6
0	19
0	0
0	0
0	0
4	2
117	53
3	53
6	69
0	70
2	64
45	29
17	0
36	8
3	0
45	459
0	85
2	2
0	457
2	0
0	0
0	52
2	0
207	453
0	0
2	1
7	3
0	5
0	6
0	5
0	1
0	6
38	173
0	173
5	10
0	8
54	4
78	150
0	150
76	18
14	18
0	12
0	12
0	12
7	0
76	39
1	91
0	43
110	36
4	0
0	2
0	0
0	91
1	138
8	559
0	407
0	337
0	232
0	291
0	284
0	277
0	5
13	80
0	129
1	80
0	559
0	225
0	83
0	75
0	85
0	85
0	22
0	71
1	2
0	6
2	60
0	25
0	11
0	0
0	88
0	0
0	1
0	1
4	4
0	4
0	1
0	1742
24	1752
0	0
26	2060
338	18
6	1749
25	26
0	92
5	0
339	2075
6	19
0	2
17	17
125	4
5	64
0	0
5	0
0	0
0	0
0	3
0	3
0	0
0	10
0	3
200	52
0	52
0	30
0	22
269	2
15	0
0	6
0	21
0	21
10	14
1461	17
3	60
71	62
5	15
41	3
0	12
1	13
0	1
111	49
0	44
0	5
9	2
0	2
31	35
0	35
4	31
0	0
0	31
28	20
17	33
0	16
16	31
0	7
0	1
0	1
0	0
258	0
0	2
0	2
0	2
84	3342
0	3339
109	1969
0	12
0	10
0	10
0	7
25	16
0	7
0	5
0	14
9	14
2	0
0	29
0	9
0	26
5	25
0	27
0	0
0	27
21	47
0	23
12	27
4	0
1	25
0	0
0	0
0	0
3	16
0	13
0	8
15	66
15	62
1	0
19	53
0	0
441	5
5	0
330	3
52	0
0	12
14	17
0	11
6	0
0	0
13	0
20	0
13	75
16	87
1	87
64	82
22	40
0	36
1	2
328	45
0	43
0	33
171	81
0	67
0	60
0	9
0	110
0	110
1	8
14	2
0	2
115	47
7	22
4	0
0	0
2	7
4	7
20	12
0	5
4	12
39	67
7	65
0	5
11	47
0	40
4	90
68	4
0	7
0	4
17	62
0	77
44	22
29	0
21	0
5	0
6	0
3	0
0	1
0	15
6	14
2	10
0	9
19	9
0	9
19	27
4	27
15	73
3	0
0	1
0	1
0	1
2	1
2	1
0	12
0	12
25	4
2	2
0	0
0	2
0	2
0	2
0	4
5	0
0	0
0	0
0	0
5	0
8	0
0	0
0	6
3	12
1	0
0	0
0	0
0	0
14	36
0	0
0	0
0	0
0	0
4	6
0	1
0	5
0	13
0	20
0	43
0	43
5	18
0	18
0	18
3	1
0	35
8	12
0	12
23	0
0	1
6	1
0	26
166	27
0	27
0	23
0	27
1	27
0	0
14	45
0	8
13	0
0	1
0	1
0	0
7	0
14	0
31	166
0	153
0	43
255	13
0	13
0	13
221	190
56	175
0	185
7	173
2	65
1	2
0	0
44	83
0	153
0	157
0	69
101	90
689	56
0	7
133	281
0	281
0	242
0	98
17	14
0	7
0	0
0	0
8	0
7	0
0	0
5	0
3	0
0	0
5	0
3	0
17	12
28	12
268	2
2	2
137	18
3	18
5	14
0	2
0	2
0	0
14	27
38	32
0	20
0	20
0	3
0	3
127	257
0	257
3	6
0	30
0	28
6	30
0	5
0	4
0	2
0	1
27	3
68	38
0	35
0	5
0	6
0	4
2	0
0	3
2	7
13	3
0	1
0	0
20	30
0	30
536	59
0	21
0	0
0	38
0	1
679	3
5	2
560	32
0	13
1	1
1	4
6	12
0	33
46	34
0	274
0	274
0	16
0	16
0	16
2	0
12	249
83	0
0	0
0	0
0	11
33	15
0	11
0	5
0	9
1	0
6	4
22	23
0	0
0	0
3	0
0	36
63	36
1	0
18	3
272	1
6	1
0	0
121	0
0	19
13	28
0	18
0	18
0	18
0	18
0	2
0	2
0	3
40	13
7	15
0	11
0	4
0	4
0	50
0	50
0	1
2	11
0	0
0	513
22	430
61	383
141	213
4	1
0	513
27	3
0	0
32	0
345	144
1	0
9	1
0	10
0	119
1	38
27	41
3	0
4	7
0	4
20	4
138	1
0	1
0	1
0	0
0	0
2	0
17	72
0	6
253	19
24	19
0	8
84	68
0	9
13	9
0	9
4	32
0	15
0	19
0	0
1	17
4	0
51	641
0	580
2	87
0	19
0	19
0	12
0	402
0	402
0	401
0	401
0	116
16	5
7	5
480	0
0	257
2	260
54	163
738	105
2	0
32	603
0	615
40	615
0	535
0	1
3	0
3	5
35	21
0	11
3	0
0	0
21	1
5	26
0	24
0	18
0	22
6	1
0	10
35	67
0	0
25	112
0	28
28	34
0	25
166	90
0	3
3	21
0	77
12	6
2	22
0	25
0	75
4	92
0	0
1	0
0	0
3	0
0	26
0	26
0	7
54	21
0	32
0	33
98	44
15	19
0	21
155	19
0	19
3	5
0	193
57	81
168	60
39	178
3	66
4	0
160	271
233	237
134	68
32	45
7	38
0	8
0	3
8	0
0	3
44	33
0	129
0	126
0	20
48	2
0	0
0	0
2	20
390	12
29	16
1	12
0	9
8	5
0	0
3	20
0	20
0	14
0	14
0	10
0	10
1	0
613	574
186	689
1	107
2	76
0	148
0	47
0	16
0	17
0	18
0	1
0	1
0	2
21	2
3	0
15	30
0	24
3	8
0	179
0	285
441	385
0	321
0	56
6	0
0	156
0	1
6	174
25	11
0	61
0	157
262	617
0	99
0	635
0	38
0	14
0	29
7	13
0	9
0	0
0	0
0	2
0	2
0	35
20	127
0	60
10	42
1	0
0	69
0	23
0	57
0	14
1	14
1	7
0	1
5	20
6	1
0	17
0	83
0	83
0	2
5	7
1	6
22	6
2	0
0	62
1	6
0	4
0	3
0	3
0	14
0	57
0	62
0	2
1	61
0	65
1	11
12	0
10	4
0	30
0	0
14	25
63	25
63	27
0	16
0	27
0	7
0	2
364	15
0	4
17	103
0	10
36	2
0	2
23	158
0	158
0	125
100	31
0	3
0	2
0	0
0	0
4	3
4	10
0	8
0	2
0	2
0	2
0	2
0	2
0	38
100	38
0	23
0	6
0	1
151	0
83	170
0	171
0	1556
1000	2341
0	31
7	1190
6	0
4	0
18	0
0	1
0	0
8	0
0	1
0	0
0	1
0	0
0	1
1	1
0	0
4	3
0	3
102	0
12	0
0	0
0	0
19	1
0	678
0	71
29	7
76	1090
19	1132
81	0
33	381
0	351
0	381
0	26
3	235
62	385
0	235
0	56
0	35
0	19
27	51
56	37
0	17
2	14
2	11
0	11
5	136
0	270
0	270
0	315
82	322
0	139
0	139
196	0
3	0
722	192
0	187
0	10
113	16
0	0
8	0
0	0
56	10
5	8
0	5
9	14
0	13
0	1
256	208
2	208
0	43
73	72
0	40
0	35
0	30
0	14
0	13
1	31
0	3
5	0
8	0
6	2
717	70
11	8
0	66
0	66
34	34
3	59
1	0
0	1
0	36
1067	110
0	35
0	39
0	40
3	0
15	44
56	47
146	26
60	12
15	26
0	5
17	10
0	12
3	3
960	214
371	140
0	214
7	161
0	167
0	1
0	147
0	147
0	0
36	0
0	0
16	3
0	38
0	38
0	38
18	22
3	6
0	4
0	4
0	3
1	0
0	1
0	0
0	0
0	11
150	11
0	2
1	2
0	2
2	0
2	4
0	3
0	0
0	0
0	4
0	0
111	31
0	30
0	5
0	24
0	24
2	5
195	17
124	30
0	28
10	0
361	151
0	154
6	3
4	52
3	15
8	24
0	7
7	0
4	516
43	499
0	145
257	225
5	114
13	26
0	145
0	8
0	8
69	6
0	4
150	1
0	0
50	7
0	7
10	9
0	9
0	4
0	5
2	16
0	1
0	15
0	15
0	3
0	4
0	4
0	3
0	5
0	2
0	5
6	2
0	1
0	4
0	1
0	0
0	0
1	1
0	19
0	19
5	9
0	9
7	0
0	14
2	26
15	21
113	40
179	41
3	8
13	8
0	6
0	3
17	8
0	6
0	3
0	2
1	2
0	2
22	0
0	209
9	56
4	110
9	0
2	362
0	310
0	305
0	306
0	362
0	362
0	362
12	8
0	8
8	27
0	5
5	0
1	42
0	0
0	0
0	42
0	1
0	1
0	0
0	1
21	2
4	4
0	4
0	0
3	1
4	0
0	0
0	0
0	0
0	1
0	0
3	0
1	0
2	0
0	0
1	0
10	0
3	47
7	47
0	47
238	24
0	1
0	0
7	23
285	17
0	14
0	3
14	32
0	12
8	2
0	1
0	23
0	15
0	23
0	21
272	26
0	16
0	22
0	11
340	214
0	205
4	0
27	9
2	8
0	0
6	0
0	7
0	19
39	28
1	28
0	33
0	34
0	38
20	38
777	33
67	7
0	7
3	1
5	3
0	1
0	1
7	0
6	63
0	16
0	20
0	4
0	17
0	0
3	56
2	1
0	1
0	1
0	6
0	6
0	5
0	6
0	1
21	0
30	5
0	3
6	0
452	12
0	0
0	0
0	0
0	12
0	16
0	16
3	5
0	11
0	38
0	38
0	5
569	0
15	0
0	5
104	239
15	46
0	30
0	37
0	30
0	0
0	34
3	27
0	34
1	11
0	11
0	2
0	2
62	0
111	27
148	26
0	19
8	17
0	0
14	0
0	11
13	194
37	235
650	158
0	160
1	156
0	160
0	16
0	12
3	3
0	1
0	289
28	289
3	4
0	129
0	254
0	38
3	0
0	129
1	170
0	160
155	0
5	1
0	0
35	21
0	22
0	17
0	10
0	0
0	70
0	74
0	1
0	57
0	12
0	52
11	53
1	12
7	2
33	11
0	0
0	37
11	36
30	78
0	68
0	30
0	43
0	25
0	8
0	0
0	0
3	0
143	21
0	10
0	13
1	11
0	11
125	99
0	23
0	61
57	1
2	5
0	91
5	4
1	26
0	37
0	39
0	11
0	137
6	14
20	14
0	13
20	41
1	10
8	10
6	0
1	1
0	10
0	10
175	211
0	8
0	32
0	63
0	26
0	124
0	48
2	2
0	2
0	0
5	0
0	2
35	21
6	22
0	30
0	13
15	20
0	2
0	20
77	34
9	24
2	0
0	10
2	0
0	275
4	85
0	58
0	39
8	35
1	0
0	0
3	0
0	0
0	275
8	174
133	174
3	0
317	308
0	190
0	228
0	262
0	9
0	243
178	154
12	6
0	0
3	6
0	6
0	2
128	0
0	8
8	8
0	5
177	67
15	44
0	27
0	20
0	48
0	192
0	192
0	9
7	9
0	33
7	33
2	0
126	76
0	21
4	11
0	47
1	75
0	1
0	0
0	0
8	11
0	11
0	11
0	0
3	0
0	0
17	2
0	9
1	9
0	0
22	4
79	0
38	9
0	4
0	4
5	5
0	3
3	5
0	0
0	0
0	0
6	3
0	22
0	11
0	22
0	17
0	81
0	2
97	112
10	112
4	9
0	9
0	2
0	0
0	1
0	3
0	18
0	18
3344	0
0	29
0	20
12	0
186	38
0	32
0	12
7	69
0	4
1	15
6	69
29	1
0	4
0	4
0	2
0	2
0	2
1	0
0	0
0	0
3	2
4	2
0	20
3	84
6	0
0	76
3	12
133	0
6	0
3	1
19	39
1	38
284	0
62	11
0	24
3	24
0	24
0	23
0	24
59	0
39	1
2	1
1	1
5	0
13	0
262	175
0	138
11	131
77	28
5	0
0	0
0	0
13	4
0	12
0	12
0	520
0	518
10	520
7	479
1	0
55	10
0	3
0	0
0	0
501	10
227	209
0	5
0	0
0	4
0	0
10	2
5	204
160	6
0	6
6	6
28	0
9	2
0	2
0	1
20	0
0	0
46	3
0	44
33	8
0	0
0	44
0	44
0	9
0	9
0	9
0	0
189	14
0	14
0	0
29	223
11	27
0	5
16	191
53	2
1	2
0	14
2	1
57	0
4	0
0	1
0	1
0	1
2	1
3	1
2	27
0	84
101	84
0	27
34	11
107	46
0	4
0	366
0	337
0	55
0	393
386	393
67	22
1	67
0	0
16	18
0	34
0	36
10	26
99	36
0	5
0	1
0	1
11	0
1	3
0	0
78	3
10	3
39	3
11	300
0	307
0	294
6	56
0	31
0	30
0	16
0	15
3	4
0	1
8	3
0	0
0	1
18	2
29	1
18	1
0	1
29	2
0	2
1	0
0	0
0	0
1	11
0	11
0	3
0	10
3	10
0	0
2	1
0	0
124	302
4	288
38	12
0	12
1	0
0	2
0	0
1	5
10	2
0	2
0	1
26	1
0	0
2	8
6	0
2	0
0	0
15	0
0	0
60	141
0	7
0	6
31	50
0	13
0	14
0	8
0	147
692	30
0	387
0	387
243	316
0	12
2	4
0	4
7	0
3	0
38	0
0	0
0	131
0	131
380	120
2	38
0	3
9	2
922	92
3	0
0	92
3	1
3	0
0	731
1	725
0	726
0	89
0	78
0	79
4	47
0	50
0	2
0	89
0	91
0	89
0	89
0	89
0	4
2	6
0	6
0	4
0	6
0	57
0	57
2	48
0	48
0	34
6	2
166	6
3	6
0	3
0	0
8	5
1	37
15	54
0	47
49	33
0	47
0	56
9	12
0	2
0	5
0	0
0	2
0	0
0	0
0	2
199	129
0	3
42	10
0	100
0	2
11	2
0	0
13	10
3	10
1	0
1	10
0	4
42	62
312	20
0	17
2	0
5	0
9	2
5	22
0	36
0	9
0	14
7	7
0	7
0	7
0	14
4	7
0	2
3	11
0	14
8	33
4	3
1	3
0	15
0	26
128	24
0	25
0	8
0	2
0	9
0	1
4	130
20	48
0	100
0	2
0	2
0	0
0	0
4	0
3	0
2	95
94	93
50	83
64	26
11	8
0	8
0	26
8	0
0	0
0	0
0	0
0	0
0	0
0	0
0	25
1	25
0	25
0	24
0	18
54	2
2	0
0	0
1	1
1	2
2	0
30	1
0	0
4	1
0	6
0	6
0	0
0	2
0	2
2	9
1	9
0	0
11	21
0	45
0	16
0	9
0	11
0	11
1	0
4	19
0	2
0	3
12	3
4	3
0	27
0	1
0	0
15	0
0	0
4	2
36	37
0	16
0	10
22	1933
0	1729
0	1729
94	2835
0	2835
23	68
0	62
181	62
0	87
4	49
0	92
8	29
1	28
0	3
27	15
0	0
12	6
17	45
12	43
0	37
0	70
123	71
9	0
0	1
0	1
118	25
4	0
0	0
0	0
2	1
2	0
17	4
1	1
0	0
0	1
0	91
7	27
0	71
0	27
0	0
0	0
3	91
6	24
0	96
2277	123
9	2
7	1
1	2
1385	50
0	50
13	33
60	109
1	72
0	109
41	53
0	0
0	68
0	19
14	1
2	6
0	18
0	17
4	2
0	0
0	47
15	3
0	0
3	3
0	40
0	85
0	15
0	37
0	3
0	3
3	85
3	0
384	109
207	44
0	109
0	51
11	22
0	22
0	57
7	9
5	36
0	41
0	5
24	9
0	4
1	5
0	3
0	5
0	8
20	49
0	41
0	0
0	6
0	2
2	5
0	7
0	2
0	28
2	2
0	2
0	0
2	0
1	28
0	2
0	2
0	5
0	5
0	5
0	2
0	2
0	0
0	0
0	5
0	306
0	287
3	229
0	43
15	8
3	24
60	6
0	0
0	157
0	0
0	157
0	0
0	0
6	706
138	715
2	80
0	287
0	139
479	139
0	24
0	64
0	24
0	64
0	64
0	24
0	24
0	64
0	21
6	61
0	125
561	209
5	61
0	40
0	28
0	11
111	28
0	0
20	12
0	23
27	2
0	2
8	26
0	26
0	19
0	24
3	1
0	26
100	42
0	41
3	1
0	1
5	3
6	6
39	8
0	15
0	3
0	3
30	0
1	1
0	1
3	11
3	10
0	0
2	0
0	0
0	1
3	1
2	0
0	0
0	1
0	1
0	1
0	1
19	1
17	3
0	3
0	29
3	23
0	23
0	31
0	23
0	23
5	23
53	23
39	29
0	0
0	0
0	0
0	29
0	5
3	5
0	6
1	0
0	0
10	0
2	3
0	3
16	34
50	34
5	0
17	122
0	5
2	0
331	163
0	163
4	0
408	540
0	282
0	15
4	540
0	2
64	12
0	10
8	2
0	115
38	115
0	101
0	44
0	0
1	2
0	47
0	46
0	0
11	32
0	0
0	46
0	0
0	0
0	0
0	0
91	25
13	0
3	19
4	13
0	35
0	14
60	25
0	31
415	1
3	144
882	1228
0	1228
5	1035
3	56
0	0
124	49
0	16
0	1
0	0
0	37
0	37
14	51
357	86
0	88
0	88
0	9
15	27
0	54
0	50
26	19
0	27
0	3
288	397
0	395
0	59
243	2
0	44
3	44
0	44
164	198
0	7
0	7
0	7
19	21
0	390
0	368
0	382
0	16
6	20
0	13
0	9
0	1
0	1
4	0
0	0
0	0
1	5
3	5
0	20
0	2
1	2
0	20
0	20
20	63
0	150
9	63
2	0
5	87
0	14
0	14
0	305
1	378
0	75
0	109
0	135
0	301
13	3
0	13
18	0
12	59
0	3
7	2
118	1
0	10
12	0
0	0
24	0
151	26
0	65
0	128
0	1
0	93
15	3
10	1
24	92
0	128
158	276
0	276
6	238
0	240
498	249
0	217
1	34
0	15
0	2
0	0
14	0
0	4
1	0
1	13
58	206
15	2
0	11
2	11
0	11
0	4
27	0
3	0
8	0
0	11
0	2
44	11
0	2
0	0
0	0
4	4
1	398
1	29
4	353
6	350
14	347
29	193
0	184
0	24
73	183
12	183
0	20
0	66
0	66
0	35
0	26
0	24
0	1
0	0
0	3
4	17
0	1
3	2
25	21
7	18
0	0
0	6
0	6
74	35
3	46
2	6
31	81
0	3
0	81
0	7
28	60
2	38
0	38
0	0
0	0
15	46
32	61
0	59
15	3
17	1
0	1
1627	1
3	1
93	1373
47	1370
0	597
2	108
1	56
4	14
0	1
0	25
4	24
0	25
0	11
13	11
12	0
0	0
108	7
8	17
1	5
0	1
0	12
0	0
15	2
9	10
0	308
0	308
0	269
0	306
0	306
0	12
837	62
7	5
3	55
6	127
22	9
0	2
6	4
0	7
3	1
0	2
2	1
3	0
2	4
13	20
0	21
0	75
0	30
0	25
0	46
0	26
0	1
0	22
0	25
0	1
0	4
91	24
0	5
0	5
9	5
0	6
0	7
5	11
0	10
52	19
0	5
10	1
73	1
0	21
0	16
0	16
0	5
0	11
2	0
11	50
1	46
0	41
124	41
0	45
0	0
14	72
0	72
0	3
0	3
0	32
59	0
1	0
35	72
0	2
0	2
0	2
0	1
6	1
0	1
2	0
7	0
0	3
0	36
0	67
67	67
0	7
0	5
10	5
0	453
3	56
0	134
0	242
4	314
0	244
0	244
0	78
69	397
10	0
4	2
12	24
0	0
0	37
0	0
4	0
0	0
0	24
0	0
0	29
5	25
18	24
31	94
0	301
0	6
5	1
4	6
0	261
633	80
13	103
0	16
0	16
0	2
0	1
0	1
0	0
4	0
0	0
3	111
4	16
305	95
23	2
0	2
0	2
2	2
0	2
0	2
5	0
1	0
0	0
3	0
15	81
628	84
0	53
0	2
0	8
117	230
12	210
18	212
36	212
3	228
7	18
106	4
0	6
0	8
1	10
0	2
0	6
191	65
9	0
0	65
2	21
0	21
0	11
5	2
0	6
1	2
0	2
0	2
0	0
102	3
0	0
0	3
56	243
0	255
1	61
19	0
160	87
283	0
518	0
7	4
0	6
3	2
2	31
15	37
0	8
0	1
0	0
0	0
0	0
2	1
4	3
32	3
0	3
312	0
27	131
0	131
5	116
34	3
66	9
0	167
12	208
278	36
4	13
16	18
5	3
50	0
13	26
0	26
1	20
7	0
50	1106
0	13
135	1341
0	42
0	460
0	38
0	9
437	12
6	1309
0	1314
0	13
0	0
0	18
0	7
0	13
9	18
0	0
0	18
0	24
14	24
0	7
0	2
0	2
68	132
0	132
206	575
1	0
0	46
0	575
3	18
0	51
30	53
0	15
0	12
0	1
0	0
0	1
0	2
0	2
0	2
0	2
59	12
9	3
0	8
16	2
142	0
175	0
4	0
23	0
0	13
0	13
1	31
2	11
22	11
11	24
1	4
0	0
0	0
6	1
0	12
0	4
0	10
0	1
2	1
0	1
0	1
0	0
0	1
0	1
0	0
0	1
31	0
8	135
0	28
2	28
0	134
28	13
0	5
7	5
7	4
4	13
1	0
20	6
0	0
0	6
0	3
0	11
48	38
0	19
0	38
0	28
0	28
0	9
0	4
0	3
0	3
0	0
4	0
0	3
0	3
119	0
2	5
5	5
0	1
0	1
0	1
0	0
0	0
0	0
0	29
0	29
0	13
18	21
24	14
0	12
0	28
0	20
26	0
11	4
2	4
2	0
11	0
0	0
116	0
1	35
0	38
0	14
0	35
0	32
0	32
0	3
0	0
0	5
0	1
0	3
1	11
0	11
0	13
0	11
0	5
0	0
22	3
4	1
0	1
134	0
0	0
405	96
3	4
0	94
0	9
0	9
0	2
33	36
0	5
0	31
0	43
0	43
0	42
7	35
23	12
0	8
61	154
0	133
68	39
930	39
0	4
0	4
25	553
0	29
0	0
8	548
54	201
0	141
0	81
0	113
60	37
4	36
0	4
6	4
0	36
52	35
0	125
71	13
37	13
98	88
179	0
1041	23
0	16
152	1
0	5
0	56
0	0
95	4
1	31
0	56
2	11
0	8
0	118
3	118
29	51
1	0
0	8
0	8
0	8
0	5
5	4
0	0
2	4
0	0
11	13
0	1
8	37
8	37
12	33
0	3
29	11
0	8
0	11
39	2
0	11
0	37
0	44
0	39
3	0
0	8
0	8
0	0
0	0
0	0
0	0
0	1
4	7
0	0
1	3
0	8
0	0
0	2
0	10
42	10
0	10
0	10
0	0
9	5
5	1
44	62
40	62
108	60
1	0
117	7
23	14
0	2
0	7
17	11
0	11
0	0
0	0
0	0
95	58
0	58
0	3
2	0
0	0
1	0
0	23
0	23
0	3
72	2
1	1
0	0
0	0
6	11
0	29
0	29
124	0
4	0
303	11
0	15
5	10
0	6
4	0
0	0
0	0
0	3
7	58
18	0
0	0
2	0
0	58
45	0
0	0
137	130
0	116
37	82
0	55
0	41
17	41
0	41
0	7
0	20
0	20
3	0
21	9
3	0
19	8
16	11
39	1
3	0
0	8
0	215
0	265
0	282
0	282
73	295
0	295
3	2
2	2
0	5
0	118
0	200
44	0
0	274
11	0
0	0
18	252
1	0
0	53
0	2
14	0
12	0
2	1
0	0
0	1
0	1
0	8
0	8
0	4
0	6
0	6
1	5
0	1
0	9
0	7
102	0
52	169
0	123
0	111
39	67
0	63
8	38
0	36
0	72
0	61
4	0
0	1
4	1
0	5
0	5
0	13
33	45
0	5
74	60
0	1
6	79
0	3
22	70
6	59
283	59
0	0
28	57
0	16
0	42
12	68
0	45
0	71
2	42
2	0
121	183
2	183
5	3
0	1
0	1
8	0
1	0
5	0
6	0
0	3
3	7
0	1
365	1
112	0
0	16
2	16
2	8
0	5
0	0
1	0
0	0
0	0
0	0
0	0
0	0
0	0
0	0
1	0
0	71
0	1
0	78
2	3
0	3
0	78
27	0
11	25
354	54
1	43
10	5
6	11
8	75
0	75
0	21
31	3
1	3
0	2
0	1
1	0
1	0
3	0
0	0
0	0
0	0
49	363
0	77
0	11
0	10
0	193
62	0
0	359
0	1
9	1
0	5
4	4
2	344
24	4
119	57
0	57
2	0
7	0
0	25
5	3
0	0
0	0
0	3
0	0
0	0
0	0
1	0
0	2
0	0
0	1
0	2
58	2
0	2
5	3
0	374
27	374
0	288
13	32
3	59
46	43
0	8
0	18
153	206
300	9
0	13
0	96
4	91
2	174
0	201
19	1
3	13
3	0
0	18
34	16
0	52
0	42
0	39
0	55
0	39
0	23
0	23
3	18
5	20
3	0
951	54
0	9
481	47
0	32
13	3
0	47
0	16
0	16
3	0
3	0
16	14
188	625
4	16
0	570
0	619
30	38
0	37
0	26
0	26
0	11
2	41
0	0
0	0
0	22
0	41
10	0
0	5
0	5
3	5
1	0
1	0
0	3
53	13
0	13
34	6
67	3
0	1
0	0
32	35
4	63
0	61
1	35
1	7
0	3
21	5
0	3
0	0
0	2
10	0
0	0
6	4
9	5
0	0
4	409
0	409
28	288
33	3
0	11
0	11
0	7
0	37
2	22
0	24
3	24
74	0
0	0
3	43
276	7
5	7
1	7
1	7
4	6
3	1
69	24
0	7
0	24
0	98
0	96
0	2
0	13
25	9
7	12
17	2
7	1
0	1
20	0
4	2
84	137
0	137
204	585
304	307
0	308
26	308
0	585
0	500
5	1
2	0
0	14
0	13
24	1
47	50
104	58
2	8
0	0
26	60
0	5
0	4
0	15
0	14
17	228
0	1
1	0
0	5
27	56
0	39
0	10
0	10
0	1
10	10
0	9
0	6
4	13
16	0
0	8
21	30
0	19
13	12
165	8
0	7
0	7
0	0
0	0
0	10
140	52
0	62
19	1
20	6
12	36
254	0
387	3
13	8
0	3
53	1
3	3
0	7
23	9
0	2
13	1
0	0
3	0
0	0
0	0
3	0
14	0
0	0
0	4
0	4
3	0
3	0
91	40
14	0
310	7
19	50
0	8
30	71
0	26
4	1
0	62
0	69
3	0
16	2
0	2
1	12
22	130
8	142
12	3
0	0
1	3
17	168
4362	122
0	82
13	39
1	61
70	32
0	10
6	25
0	25
0	3
5	6
0	6
14	27
0	0
0	222
2	0
1	0
14	0
0	0
43	167
154	55
58	85
48	36
40	79
0	3
30	2
32	1
0	79
12	206
681	206
0	11
2	1
18	30
0	0
0	1
27	31
0	0
0	10
0	10
0	25
0	25
0	21
10	3
1	28
0	29
0	25
1194	21
0	1
17	0
0	8
0	7
0	9
0	6
0	0
0	36
0	36
0	30
0	0
7	3
0	3
46	48
0	90
2	17
0	48
0	10
6	7
90	0
6	1
1	0
1	0
0	111
27	5
0	5
0	27
2	36
283	27
178	17
0	17
0	0
0	1
0	17
46	0
0	0
37	0
5	8
0	66
22	66
0	34
19	8
75	6
1	3
0	0
2	0
0	11
0	11
0	0
1	7
0	7
33	5
19	18
0	6
1848	23
0	23
527	20
71	20
4	9
0	5
284	55
0	25
0	34
0	53
11	0
0	4
2	9
0	0
23	11
6	8
95	32
5	17
2	38
0	18
0	16
0	119
2	119
0	1
0	28
6	0
0	90
0	1
0	5
4	1
599	87
0	93
0	267
6	4
179	273
0	6
0	4
1	25
0	2
2	8
3	6
0	14
3	34
0	4
0	5
0	2
0	0
0	0
0	0
0	9
0	5
0	3
0	1
5	0
42	104
0	104
159	91
3	0
10	0
4	69
0	53
0	16
0	16
0	9
44	16
0	207
0	207
0	5
0	4
0	0
15	3
8	3
18	12
0	12
10	29
0	0
1	35
5	15
5	56
0	19
0	56
0	37
8	1
233	0
519	17
0	8
0	28
15	0
144	65
2	65
0	0
5	9
0	9
39	160
0	26
19	143
61	143
0	8
0	1
1	7
0	0
0	0
10	0
0	0
2	0
0	3
1	24
0	24
0	3
6	30
0	29
0	8
1	36
2	1002
5	1030
0	899
14	776
1	598
0	32
157	0
0	5
0	13
1	4
0	5
0	0
1	11
0	0
0	6
27	11
0	20
5	36
16	20
0	121
0	12
1	12
43	148
0	11
0	58
0	58
0	5
8	0
47	6
0	6
0	5
30	11
10	44
0	8
1	0
0	38
0	34
10	1
4	4
0	4
0	16
0	4
0	18
0	15
26	48
0	33
0	34
0	0
111	50
14	39
0	0
1	3
7	3
0	8
2150	44
4	19
0	24
0	12
0	2
1	7
1	31
0	5
0	5
1	3
130	165
0	165
416	24
0	18
451	16
0	8
1	6
25	0
1	0
1	7
6	2
1	2
0	0
0	5
10	0
2	0
4	11
0	11
339	1252
0	1252
189	156
0	36
0	86
3	8
3	1
0	0
0	107
0	5
0	1
0	1
0	3
0	9
0	9
72	161
1	158
28	73
4	72
28	0
0	369
1	122
65	33
0	33
0	4
0	23
0	0
66	179
3	195
9	77
7	12
9	8
0	2
4	20
0	31
159	265
0	3
0	16
1	3
2	0
3	4
12	238
0	2
0	2
18	180
0	180
22	163
0	346
9	935
0	924
0	84
0	1
16	6
3	2
0	1
0	890
0	890
1	850
28	0
5	1
0	1
37	0
0	43
64	43
3	1
0	179
1061	1055
114	643
0	146
13	154
0	295
233	18
0	15
16	1
6	3
6	1
0	284
0	284
86	27
0	6
0	0
0	0
3	3
0	3
0	3
6	0
7	1
0	1
197	29
55	17
0	11
16	7
16	1
0	7
0	7
2	7
6	0
21	8
0	0
6	0
0	0
35	86
0	86
1	91
0	87
0	50
0	0
1	0
0	0
18	5
0	4
0	0
0	0
0	1
0	0
58	62
0	21
178	49
0	5
5	0
61	217
0	36
17	6
0	201
37	0
1	193
193	0
0	18
0	7
0	18
0	5
0	5
0	5
0	6
0	4
0	1
0	3
0	3
0	1
0	1
5	2
0	3
0	3
0	3
0	2
0	7
0	12
23	26
14	0
6	2
61	0
0	2
32	16
0	16
598	76
0	76
51	55
0	32
1	2
11	7
1	7
0	4
0	46
125	13
7	13
6	0
0	0
4	0
91	7
18	1
0	2
0	2
12	3
15	0
4	0
0	8
0	14
0	0
0	6
1	2
0	3
0	3
0	3
0	11
0	11
0	11
0	5
130	37
0	37
0	6
0	5
0	3
0	8
4	0
232	3
394	87
0	87
0	4
16	52
4	0
79	212
0	0
0	212
0	212
7	0
5	0
126	114
0	114
25	0
0	2
8	0
2	0
0	14
2	1
257	38
0	3
0	1
0	31
36	55
0	55
0	8
0	1
5	1
26	1
521	2
0	15
0	0
0	1
2	1
75	63
77	172
13	63
0	113
183	122
72	79
1	61
1	5
1	10
12	16
0	16
1	0
0	4
6	4
14	4
0	3
1	0
2	0
7	0
22	43
0	0
0	0
4	0
0	5
0	5
0	6
0	1
0	3
0	5
85	33
0	33
59	94
21	28
8	4
0	0
11	0
231	11
13	25
2	19
0	1
18	10
2	6
0	6
10	13
6	4
0	25
14	2
2	2
38	23
0	23
0	2
3	17
0	14
0	2
1	31
6	7
0	2
0	7
15	21
0	21
0	33
41	33
1	117
5	117
0	7
0	0
0	66
1	7
0	94
4	101
37	0
0	0
9	0
0	2
62	98
5	10
0	97
109	6
0	0
8	15
0	0
68	193
0	194
2	12
6	12
1	9
0	767
5	772
13	0
0	57
63	400
0	400
0	17
0	27
0	27
12	389
0	266
0	389
0	5
0	57
0	4
0	6
0	6
0	4
0	2
0	2
1	2
3	0
4	2
0	1
11	5
18	3
0	1
0	0
0	0
0	0
0	0
0	0
15	3
0	2
136	0
53	98
0	5
4	0
0	149
0	149
2	6
22	0
330	6
0	6
3	1
0	10
0	0
19	90
0	26
0	75
0	0
0	16
0	2
15	7
0	17
0	13
0	2
0	1
2	4
0	45
691	45
0	35
0	53
0	47
2	23
0	4
0	36
0	39
0	50
0	0
18	0
315	22
2	0
0	0
22	0
0	51
31	0
0	0
0	0
0	0
0	0
0	0
0	0
4	0
0	1
0	0
278	70
2	0
0	0
0	0
0	1
0	0
0	10
0	10
0	1
3	0
0	51
40	48
0	3
0	3
0	1
0	3
3	56
0	54
1	3
7	2
30	10
12	10
0	5
2	0
0	10
27	9
3	8
25	9
0	3
0	0
0	3
0	3
20	0
19	1
0	10
0	11
0	11
5	6
0	1
0	1
4	2
10	2
1	0
0	0
0	1
2	40
6	49
0	4
0	4
0	4
0	7
6	14
0	0
0	2
0	7
0	0
0	0
327	36
61	35
41	3
0	3
3	2
0	0
0	0
0	0
1	1
0	6
0	6
1	142
16	142
0	2
151	70
0	70
16	53
11	6
0	2
0	0
61	87
1	87
0	3
0	3
9	2
126	0
0	27
0	36
0	3
0	0
0	0
0	0
4	44
1	23
0	23
24	23
0	19
0	19
0	19
0	19
0	18
0	19
0	2
1	0
8	1
0	0
0	8
0	8
0	3
11	0
24	0
34	24
173	12
0	0
0	3
0	15
0	0
76	4
1	4
0	6
0	0
2	23
7	23
0	22
0	22
1	23
108	83
0	48
12	2
1	41
12	60
123	45
146	15
0	6
0	30
432	53
0	53
7	0
17	4
7	4
15	67
0	0
0	20
0	21
1	1
0	1
8	1
0	1
159	0
0	0
0	0
0	4
0	4
0	0
0	0
0	0
0	0
12	34
0	30
0	1
17	0
56	34
61	65
0	65
1	0
0	0
0	3
0	0
0	0
0	0
0	3
7	10
0	4
8	6
0	0
0	7
2	0
24	7
0	7
28	0
0	9
6	8
4	9
0	1
0	1
0	1
0	0
30	48
4	48
0	380
151	380
0	6
10	2
5	4
20	911
0	673
77	6
2	578
26	620
503	292
0	292
504	317
5	4
1	4
0	1
0	3
0	0
0	0
0	3
4	0
2	5
44	5
0	5
0	5
0	5
0	64
0	16
0	6
32	10
2	10
0	1
9	0
3	0
0	5
0	5
0	0
0	4
0	1
0	2
2	324
0	433
0	457
0	414
0	61
458	624
0	543
73	5
16	5
1	20
6	21
0	13
3	20
0	10
0	11
0	7
0	10
9	17
0	9
1	15
4	39
0	45
15	57
285	17
0	10
0	10
0	10
0	6
0	19
0	0
47	114
21	86
0	87
806	308
0	345
13	64
0	13
0	5
9	47
43	7
0	44
4	0
2	12
6	4
0	32
0	24
13	21
108	1
17	211
0	244
0	40
0	0
0	19
12	43
53	6
9	3
6	2
0	2
13	1
13	24
0	18
0	244
0	0
0	0
31	0
262	34
0	15
0	15
0	26
0	14
0	11
0	20
0	3
0	1
2	0
3	0
0	15
364	29
31	1
0	1
0	0
3	0
30	15
0	2
174	29
93	5
0	5
1	2
40	94
0	13
0	1
0	57
0	26
0	8
2	0
0	29
0	7
105	14
1	2
0	44
0	2
0	44
2	2
0	0
0	33
0	67
78	53
0	6
22	29
0	28
0	27
72	26
24	5
1	31
1	29
11	15
19	1
0	0
315	75
338	75
7	67
0	64
29	0
4	91
2	92
1	27
0	0
136	0
0	0
4	2
13	98
40	0
62	0
0	0
0	215
0	327
149	327
0	48
1	27
2	0
0	23
0	23
0	3
0	272
13	256
0	32
0	256
8	151
28	70
0	69
0	10
0	6
0	6
0	2
0	0
0	1
111	120
6	28
52	21
7	5
132	12
46	40
10	6
0	2
1	8
0	1
0	4
2	25
0	11
0	14
0	0
0	0
0	3
0	3
0	0
0	2
24	743
0	216
0	5
55	0
0	32
0	210
615	775
12	8
1	17
18	19
32	238
27	238
0	31
0	31
0	6
583	21
2	21
440	0
2	0
0	28
0	28
0	9
32	205
0	58
0	24
113	10
0	69
0	68
0	26
0	3
0	66
0	56
7	8
21	4
0	3
0	1
47	26
0	93
26	0
2832	5
11	5
106	4
5	7
4	113
0	113
0	22
0	22
0	7
12	0
0	0
136	88
68	93
4	4
0	3
0	4
30	0
0	5
0	58
0	71
27	38
2	33
3	38
41	9
97	44
3	39
0	0
3	0
0	0
8	10
0	10
4	4
84	7
1278	45
33	7
0	0
0	42
0	424
12	424
0	394
0	3
0	3
1	3
0	7
0	7
139	146
5	113
21	76
1	2
1	1
0	2
0	2
0	0
14	19
0	18
8	5
502	19
0	44
0	35
17	0
0	0
1	0
40	8
0	9
0	5
0	9
0	7
1	14
0	3
10	29
2	29
0	27
0	22
3	388
0	410
6	0
0	3
14	7
0	7
417	623
0	175
0	198
0	65
1	35
0	79
0	23
96	29
0	34
0	73
0	159
20	18
0	18
0	17
3	0
0	0
0	3
0	3
0	10
0	4
3	10
2	4
0	11
10	11
116	418
0	4
1	4
0	1
0	0
0	1
183	115
18	114
4	102
54	87
0	46
0	46
0	0
0	1
0	8
4	10
0	9
1	3
0	1
30	0
0	9
463	69
21	3
0	3
6	0
0	0
0	66
0	5
5	2
0	0
6	49
8	6
0	0
0	6
3	18
0	7
0	4
5	20
0	17
3	14
4	16
33	563
177	311
8	255
0	450
0	264
0	247
0	11
0	11
0	12
0	10
0	10
0	9
0	0
0	0
292	97
0	5
4	0
0	3
6	0
0	92
0	0
0	66
0	66
0	35
18	55
0	9
24	46
0	5
0	40
0	40
7	0
3	0
37	1
0	0
0	26
0	21
0	28
82	50
454	37
5	36
21	36
214	24
0	24
4	9
3	5
6	0
0	3
0	0
3	0
2	1
0	1
0	0
0	3
0	1
0	1
12	52
1	12
101	61
8	6
0	0
0	43
0	45
0	52
6	120
103	120
0	0
0	0
0	0
0	0
0	0
147	0
1	38
0	28
16	47
24	25
0	42
94	18
25	0
99	31
4	4
5	24
119	27
31	10
0	10
0	3
0	3
0	3
460	0
664	0
10	0
15	0
36	80
0	80
0	26
0	0
12	20
0	0
5	8
0	0
0	35
0	35
0	1
0	32
1	32
0	27
0	32
1054	35
0	30
1	5
0	5
0	4
0	4
0	4
0	3
51	61
0	3
3	3
0	0
1	58
12	0
0	1
27	5
11	2
0	2
0	6
2	16
0	10
0	10
4	6
2	2
0	1
5	5
29	4
0	3
0	30
159	122
3	137
0	135
0	6
52	10
21	9
8	7
184	7
20	21
0	17
0	0
2	0
0	21
0	3
1	3
0	2
10	2
0	0
0	0
10	9
0	189
0	259
0	251
0	319
0	4
0	4
1	112
0	319
2	4
16	8
0	4
0	11
0	0
3	8
0	0
0	8
0	0
2	0
2	0
0	0
0	3
8	0
0	0
0	8
0	8
0	1
1	1
35	3
0	3
1	9
0	9
62	55
0	53
0	28
0	4
0	0
0	0
0	11
0	11
164	108
284	105
0	28
6	4
2	3
0	12
21	19
0	55
59	87
0	1
0	42
12	42
0	0
0	0
3	0
85	0
6	7
0	7
9	4
0	4
0	0
0	0
0	1
0	20
5	68
5	68
0	65
7	60
811	178
0	165
0	45
2	5
15	25
6	0
96	36
0	27
1	6
0	6
4	7
0	7
0	178
28	115
0	89
0	0
0	100
24	68
11	167
0	105
0	89
8	57
5	8
23	0
0	57
30	8
0	8
0	30
4	30
0	13
55	66
0	62
0	0
0	31
0	13
8	5
3	0
8	0
1829	51
3	1
0	3
2	22
0	19
0	22
5	165
0	6
0	165
0	49
0	49
2	4
0	4
0	48
5	8
0	3
0	0
0	3
0	3
0	5
20	26
12	26
3949	0
44	0
3	0
16	38
524	6
159	72
0	58
0	26
0	24
1	1
0	0
0	34
0	10
0	12
0	2
8	29
0	26
0	35
0	3
89	6
0	22
0	24
8	0
0	0
4	0
0	3
4	5
1	1
4	10
3	21
0	22
0	24
4	12
0	1
0	0
0	1
1	0
0	15
0	6
0	2
0	4
0	5
3	4
0	2
0	4
22	16
0	5
907	14
321	20
2	38
343	354
58	315
59	2
0	2
5	2
0	2
0	1
28	11
0	1
0	1
3	1
37	1
1	1
86	27
7	27
7	0
0	19
0	19
0	10
0	17
4	107
0	61
0	45
0	68
0	38
5	0
7	1
18	21
0	19
0	18
27	18
0	188
143	188
0	10
9	3
0	0
0	0
15	3
280	12
0	4
8	4
3	3
0	0
10	0
993	4
28	298
0	133
0	71
0	2
2	0
0	258
7	2
0	2
0	310
0	314
15	315
70	329
1	190
1	15
0	0
55	0
139	93
0	2
2	77
4	77
0	72
0	0
27	128
0	128
0	111
33	15
0	6
0	6
6	0
522	0
7	0
1	0
0	0
0	5
0	5
0	0
0	16
0	16
0	16
61	16
0	0
0	3
18	23
1	0
42	2
0	0
9	2
377	185
264	215
0	586
274	678
0	185
28	23
0	9
131	46
107	38
0	32
3	198
7	120
0	111
1	0
4	109
55	105
8	0
3	108
0	0
3	0
0	2
0	3
0	2
0	3
2	5
0	5
6	6
0	5
0	5
0	4
5	0
0	0
3	0
0	37
0	7
2	30
0	29
0	17
0	0
5	0
0	0
0	28
0	28
0	0
56	17
20	10
0	8
0	4
9	7
0	7
1	8
2	8
0	67
154	72
0	7
0	5
7	2
2618	0
602	149
0	2
5	16
10	16
1	15
0	15
0	13
4	13
0	4
26	0
0	0
0	0
289	341
0	423
26	123
10	6
414	291
30	316
0	210
8	108
8	7
64	55
3	55
10	3
0	17
0	3
1	166
0	185
0	169
6	40
0	100
26	2
0	0
0	100
0	100
31	12
50	45
3	9
0	43
0	36
18	15
10	14
0	18
0	26
46	76
11	110
1	0
0	0
0	0
0	0
0	7
0	0
17	12
0	68
4	0
8	50
7	65
0	21
0	11
0	11
0	1
0	0
52	46
0	11
0	35
1	35
0	0
0	8
0	1
2	1
0	8
0	0
0	0
0	0
0	0
0	0
2	0
0	15
0	15
0	4
0	15
27	313
0	104
509	209
9	0
0	209
14	2
14	17
0	17
15	17
528	62
0	13
7	0
3	19
0	75
34	29
0	29
0	20
46	21
0	13
20	1
14	7
0	7
520	7
0	0
3	76
0	0
141	76
4	2
0	2
15	131
0	131
0	89
7	62
10	3
0	51
1	5
1	10
0	3
26	12
0	11
0	3
0	11
0	12
0	6
0	7
0	5
0	12
5	41
0	3
2	3
0	4
0	77
0	53
46	46
1	35
0	28
0	7
23	1008
4	61
3	0
149	1008
19	16
21	14
0	16
2	16
4	0
0	0
0	0
0	1
1	6
0	6
0	0
2	23
0	23
1	6
0	6
0	6
0	6
0	6
2	0
0	0
0	0
56	0
0	39
0	24
0	39
0	11
0	10
0	0
0	0
54	111
0	70
0	22
40	0
4	58
0	26
42	58
15	62
13	9
0	26
0	58
41	54
303	17
0	26
1	13
7	4
0	0
0	4
2	4
4	4
0	4
0	9
1	5
0	0
0	8
3	8
0	5
0	0
0	0
187	1377
0	1
0	0
0	1
1136	56
0	6
0	50
2423	13
119	13
0	20
0	11
0	1
0	1
16	9
0	0
82	40
142	40
1	3
1	4
70	4
0	0
1	0
0	0
0	4
0	0
0	4
0	119
0	0
0	111
0	80
49	78
0	89
0	59
0	70
0	15
6	11
0	3
2	0
0	3
0	12
635	12
1	13
0	13
9	11
0	5
0	1
0	13
0	13
0	2
336	57
0	61
3	56
0	28
0	33
0	15
0	2
0	5
6	0
0	3
0	5
157	185
937	203
0	122
0	112
6	71
1	490
7	0
8	0
9	599
4	1
0	364
0	7
5	3
0	3
0	4
0	5
0	367
106	12
28	516
0	7
15	0
0	13
0	3
0	12
168	12
4	12
1	0
2	0
0	0
287	1
19	0
347	526
21	20
0	27
0	13
0	29
0	0
7	2
0	20
25	4
1	0
0	0
3	4
53	1
0	1
24	456
9	6
0	4
0	0
0	0
1	9
9	0
0	6
0	4
8	0
0	33
0	0
6	34
1	0
0	44
91	289
9	3
720	6
0	3
0	1
1	2
1	23
0	23
3	9
15	3
2	6
35	0
82	227
1	227
0	0
3	0
9	65
0	51
2	19
10	20
0	1
0	13
0	4
2	73
0	74
0	28
0	10
0	1
5	0
0	0
19	812
0	811
0	704
1116	699
0	685
12	791
0	685
2	59
455	18
0	7
0	15
63	8
42	3
0	7
1	7
0	0
6	175
2	176
8	178
0	173
20	135
579	3
0	3
2	3
1	3
24	12
0	12
7	93
8	25
0	7
29	0
0	4
1	0
30	0
4	8
0	5
10	5
43	18
24	16
9	9
1	5
0	0
0	0
3	0
20	0
0	0
0	0
0	47
33	1621
0	388
0	387
0	8
0	18
0	0
0	0
31	0
0	23
0	12
0	3
63	31
3	6
0	1
0	1
0	3
0	14
0	1440
0	8
7	20
0	0
4	0
4	0
5	1640
0	1641
0	2
0	2
1772	0
0	21
0	116
0	116
57	116
0	3
0	5
1	4
0	5
0	8
0	3
0	3
0	3
2040	271
0	270
0	270
0	1
0	260
0	274
0	272
33	44
49	37
2	44
10	0
0	14
0	0
0	1
0	13
5	47
0	47
0	6
62	35
0	35
0	7
2	2
0	2
9	30
4	35
0	27
95	0
9	20
0	20
0	2
0	2
0	2
0	2
0	2
4	0
0	2
1	0
0	39
1	45
0	6
0	0
0	11
0	11
1	2
0	2
0	0
4	0
19	3
31	2
0	2
0	0
0	1
0	2
0	2
4	2
65	37
0	2
0	0
0	8
0	10
0	2
0	35
1	47
40	71
0	63
44	41
31	46
8	19
2	19
0	24
154	44
135	25
0	15
4	26
0	27
9	30
0	11
0	15
0	0
0	4
0	4
4	36
145	0
0	0
0	0
0	4
0	15
0	16
0	16
0	16
0	15
25	0
3	0
1	0
0	0
0	4
3	16
2	67
6	67
3	71
34	1
0	0
100	44
220	5
0	0
0	2
2	5
7	4
2	1
3	0
1	0
24	0
0	0
3	1
0	1
4	6
0	6
0	219
0	219
0	219
0	4
7	4
0	2
8	45
2	5
0	48
21	32
25	91
24	33
0	2
23	31
6	0
42	0
0	0
102	1308
1	6
0	7
0	9
0	1209
22	7
0	47
280	6
0	0
0	6
3	2
1	277
1	46
10	46
217	46
9	6
0	0
0	0
621	231
8	1
0	9
0	9
0	9
0	4
23	0
80	10
4	10
16	52
0	78
0	130
247	388
164	368
0	116
1	133
12	104
122	286
5	0
0	0
0	0
12	2
60	9
0	1
56	20
0	1
0	0
0	19
883	385
6	10
0	97
0	141
5	11
51	257
0	125
2	219
0	125
0	46
0	0
0	0
4	0
0	0
0	38
0	8
0	8
2	6
0	7
1	3
3	4
0	2
8	0
0	51
0	51
0	0
29	17
0	9
2	1
0	1
3	5
0	3
0	3
67	50
0	127
0	13
12	110
0	33
0	80
35	18
0	110
0	31
14	106
396	106
0	102
109	8
0	51
35	17
2	17
1	0
0	82
0	82
1	88
5	88
0	90
0	89
4	7
10	8
0	0
37	35
0	35
0	10
141	69
0	72
0	0
23	46
3	63
1	96
0	72
11	0
0	3
0	4
15	6
1	3
112	13
0	84
0	12
0	33
0	16
0	16
0	98
3	0
0	0
0	2
2	2
1	1
0	1
0	1
4	14
0	18
6	2
2	16
0	2
2	4
0	0
0	13
0	13
0	13
0	124
0	13
0	72
0	18
9	0
41	111
0	17
76	228
0	47
0	12
0	35
52	54
0	3
8	5
0	0
4	47
10	1
0	1
43	28
1	28
0	0
0	16
0	0
0	14
0	14
0	14
0	0
8	0
9	0
0	2
0	8
0	2
1	2
0	0
0	0
5	2
187	203
513	1057
54	1015
33	13
0	4
0	3
13	38
0	3
2	3
0	3
4	0
117	255
0	151
5	130
10	137
0	0
0	0
42	58
405	37
0	46
25	14
0	2
3	9
17	2
0	2
318	123
0	123
1	1
0	13
0	3
0	0
3	0
0	0
0	0
0	8
0	8
92	147
1	10
0	146
778	754
0	358
13	369
0	106
0	254
0	82
0	34
0	0
0	0
0	0
29	0
9	46
0	46
1	1
0	46
0	0
4	24
6	24
58	1
0	9
0	9
0	0
7	3
0	0
0	0
3	3
172	620
0	609
0	494
537	9
1	8
12	5
9	4
12	249
0	245
60	50
0	9
5	4
0	0
0	1
75	166
0	114
14	112
0	63
0	62
107	72
0	72
3	0
31	0
7	62
12	30
0	0
0	0
5	1
13	52
1	50
0	45
0	14
0	4
2	10
0	2
0	150
580	154
0	43
0	5
0	15
58	5
1	79
0	82
0	95
0	96
0	121
0	0
16	39
0	14
0	14
0	121
71	13
6	1
22	19
0	18
2	0
0	18
22	51
1192	28
0	34
413	45
0	45
0	3
0	26
0	32
0	0
0	0
0	0
1	2
0	2
30	2
0	2
6	16
0	109
0	111
0	111
0	15
0	15
74	101
1169	96
496	59
0	0
1	41
823	110
70	216
0	46
3	52
0	30
0	7
403	7
4	5
1	1
242	275
0	70
0	87
0	2
8	2
1	0
0	0
0	0
2	0
0	17
0	17
105	14
0	58
140	58
84	111
0	55
0	26
0	26
1	20
6	0
1	4
14	7
0	9
25	40
0	40
37	160
3	4
0	2
0	0
0	0
0	2
0	0
0	0
68	0
0	0
1	4
0	7
0	0
26	4
0	103
0	45
0	74
0	129
0	122
0	65
0	33
4	0
0	0
18	0
0	35
1	161
0	33
968	6
24	10
0	4
0	1
16	28
0	26
5	22
1	8
11	25
0	0
5	0
0	17
0	13
18	11
0	5
0	5
0	5
2	0
20	0
0	0
6	0
198	12
2	6
559	3
0	3
1	4
0	18
23	18
0	4
0	4
2	4
0	4
0	0
0	4
0	4
0	18
0	4
0	0
0	0
3	0
0	0
0	4
175	0
11	0
4	39
0	55
0	15
0	2
8	17
67	16
0	16
8	6
0	9
0	18
0	12
0	2
0	9
0	2
0	1
1	0
5	1
0	2
0	3
0	2
31	70
0	1
0	859
0	829
2	26
0	8
0	17
0	17
0	50
6	50
113	64
14	2
0	3
9	2
11	0
122	5
0	19
23	0
21	13
0	79
0	78
0	29
1	76
0	0
0	0
2	0
0	0
0	1
0	34
0	0
166	512
0	36
0	36
0	0
0	0
16	3
0	0
5	0
0	33
0	0
0	0
0	10
0	0
0	10
0	33
579	0
16	63
56	64
0	46
0	47
0	37
0	37
0	2
5	2
8	39
4	2
0	2
0	1
0	2
2	0
152	555
5	858
153	971
0	1
0	4
0	28
653	957
0	637
1	2
0	2
0	22
7	166
0	163
0	0
0	5
1	5
1	0
0	21
43	410
0	44
0	64
7	2
0	88
47	0
0	4
0	23
0	85
0	15
0	4
1021	76
0	4
1	0
300	41
12	84
0	83
14	83
0	119
0	119
0	41
7	2
0	9
230	252
17	252
118	265
93	244
0	208
14	178
0	133
0	3
0	3
2	0
130	29
0	29
0	0
25	0
0	1
0	53
0	106
2	7
19	18
1	16
0	0
54	10
1	0
0	1
0	0
31	6
1	6
39	4
3	4
1	4
0	156
6	4
26	5
16	16
9	13
7	264
0	12
1	1
0	0
11	2
1	2
0	748
0	175
0	17
0	2
4	744
11	30
0	30
3	0
19	0
184	59
24	31
317	29
0	53
0	53
0	11
0	53
5	0
7	1
0	9
0	6
2	6
0	1
0	2
0	1
4	1
0	1
0	0
0	0
5	0
12	14
1	1
0	0
352	52
0	52
0	0
0	52
0	41
0	41
0	37
8	6
2	0
0	37
0	0
0	26
0	26
0	37
1	0
0	0
0	37
13	37
2	37
54	0
5	0
1	0
378	71
4	71
0	37
0	38
0	13
0	14
0	0
2	0
0	5
0	4
10	4
1	3
0	8
0	7
0	7
0	1
0	118
0	109
0	27
9	92
25	19
16	0
0	0
0	0
0	4
0	4
0	9
2	0
844	0
0	1
21	3
0	0
472	64
0	32
4	8
233	179
0	147
2	126
1	85
0	4
0	1
3	3
0	15
11	15
0	11
0	11
1	15
0	15
0	15
0	3
1183	174
11	225
11	137
0	143
0	64
142	122
0	99
0	58
0	53
1	48
0	6
0	46
0	8
0	5
3	0
0	6
32	47
0	6
0	40
0	0
27	0
0	0
3	7
0	0
0	2
0	7
0	0
0	0
1	5
0	0
0	5
0	5
0	0
4	0
0	5
0	0
20	6
0	0
0	5
0	5
0	5
0	0
1	0
0	0
483	45
0	38
0	17
0	17
0	20
0	46
128	38
1	17
0	17
0	20
0	0
4	0
5	5
31	0
16	29
9	5
0	145
9	30
2	548
0	542
3	24
28	4
52	1
14	2
3	0
9	0
0	0
0	7
0	7
3	7
24	27
0	40
0	50
14	40
6	7
0	3
0	3
3	8
0	4
33	76
0	55
12	82
10	2
0	2
1	0
0	0
1	0
1	0
187	2
159	41
0	2
60	41
0	41
0	33
1	43
85	78
14	73
3	10
1	0
111	14
0	6
0	9
0	9
0	1
0	0
0	0
1	0
0	0
5	73
0	14
6	0
31	74
0	8
13	64
7	0
0	21
1	82
0	35
0	23
0	0
0	2
1	3
0	0
0	0
5	0
2	1
0	82
175	4
0	2
0	5
15	0
23	14
0	5
0	0
0	0
0	0
2	0
0	6
0	6
0	2
5	0
0	16
1	0
0	16
21	16
0	0
1	0
0	0
1	0
1	0
28	42
0	42
19	4
0	0
0	0
3	0
0	0
2	0
6	0
47	102
0	101
0	54
0	22
0	21
24	41
0	0
6	0
24	0
1	1
450	263
0	262
0	259
0	0
1	4
0	0
4	0
0	0
80	20
0	2
0	0
115	55
7	53
3	40
0	16
21	0
0	0
0	2
0	2
0	0
0	2
0	0
5	56
0	53
0	56
0	56
50	6
2	3
1	0
0	3
0	0
0	0
13	24
411	13
1	1
2	13
1	33
7	74
136	128
57	2
20	0
19	10
0	1
4	0
0	0
2	0
208	149
0	49
1	85
1	44
3	2
13	101
23	28
901	1
0	1
0	0
3076	8
0	0
0	8
0	0
0	0
0	1
0	5
1	10
0	0
43	5
3	0
2	1
0	6
1	3
33	7
0	7
0	7
0	3
12	2
0	0
0	25
0	25
0	21
0	0
0	4
32	0
0	4
80	82
7	62
3	20
0	4
0	5
0	5
27	6
0	6
0	1
0	0
2	4
436	72
7	70
115	241
22	45
0	1
48	5
0	3
0	220
0	7
0	7
8	7
1	214
14	1
1	0
0	7
1	1
0	1
0	0
0	0
0	0
5	0
0	0
0	0
0	24
0	11
7	12
0	24
0	15
0	2
0	9
0	4
0	8
27	162
0	9
4	52
35	0
0	52
1	6
1	6
15	6
0	1
930	435
20	432
520	65
3	1
0	2
0	5
0	5
0	1
0	2
251	234
19	172
0	25
30	58
26	59
15	16
0	10
0	1
0	0
0	2
0	2
0	0
0	0
1	0
0	0
0	0
5	2
2	0
34	1053
431	573
235	188
6	480
1	0
0	0
3	3
1	0
0	500
0	482
13	305
5	0
11	0
27	2
0	0
0	0
0	4
0	4
0	52
0	53
2	55
0	54
0	55
3	0
0	2
0	2
20	1
8	0
1	4
4	0
0	1
1	2
5	2
3	6
4	2
40	748
13	10
42	2
29	2
5	0
3	0
1	0
0	0
0	0
25	0
65	516
0	12
40	18
0	3
0	17
0	0
0	18
1	1
0	0
0	0
0	0
1	0
117	1
0	2
957	44
0	44
0	44
0	13
0	13
0	1
26	18
3	4
0	0
6	18
0	18
2	8
0	8
0	8
8	11
0	0
0	5
0	15
0	5
0	5
0	15
0	2
0	0
16	19
0	0
0	0
4	0
0	0
0	18
0	18
234	99
7	30
0	64
1	8
0	0
0	51
98	75
0	75
4	4
0	0
0	2
0	9
1	0
1	0
0	4
2	0
137	146
0	140
0	87
0	73
315	139
0	0
0	2
1	0
278	0
0	6
7	6
0	0
0	0
0	0
59	47
2	8
5	3
0	12
0	12
0	11
0	10
10	8
0	8
1	7
0	8
5	0
0	2
0	3
0	3
3	1
0	0
0	0
0	0
0	0
0	0
0	0
1	977
0	981
42	69
9	2
29	0
6	0
187	4
0	1
0	0
2	8
1672	190
1	0
385	31
0	31
34	39
44	22
20	219
0	182
0	117
34	0
17	26
0	24
0	24
12	7
0	7
0	3
0	3
4	1
0	0
0	0
1	1
0	1
2	0
0	0
0	0
0	1
3	1
0	1
15	9
11	1
0	9
0	1
0	7
2	1
0	1
3	14
0	0
3	0
6	13
0	9
0	4
24	5
0	71
0	71
0	19
0	14
15	16
4	62
0	62
4	6
3	2
0	0
68	737
5	741
11	6
32	295
0	285
0	222
0	1
12	225
0	114
0	3
20	189
51	12
0	0
58	7
0	0
53	222
0	222
0	0
5	0
0	0
0	0
0	0
0	217
3	158
30	1
0	1
0	2
14	113
29	109
40	0
8	26
0	15
0	7
0	7
1	1
376	1171
693	1187
8	398
0	865
0	13
0	30
0	17
0	19
0	4
7	0
2	0
0	50
0	4
0	2
0	6
0	124
0	6
0	0
3	6
2	2
0	17
0	39
0	7
0	0
0	0
0	124
0	172
0	124
0	172
103	0
0	0
1	0
1	0
0	0
0	0
0	1
0	1
237	0
0	2
4	4
2	1
0	3
1	2
34	2
0	2
2	8
0	8
0	8
6	13
2	53
0	9
0	91
0	91
0	51
0	51
4	0
1	0
1	5
0	2
0	10
0	7
0	0
6	0
13	0
0	13
10	1
0	70
30	44
8	114
0	116
0	28
0	21
25	7
0	0
0	5
46	80
3	0
0	2
0	36
0	27
50	55
0	2
0	11
0	0
0	4
9	11
0	3
0	7
0	0
1	26
2	0
2	33
8	171
3	130
0	130
18	64
0	1
35	1
0	1
5	33
12	102
0	102
0	19
0	18
0	8
0	6
0	6
30	0
129	160
29	239
1	108
0	14
0	9
0	11
0	7
3	2
0	2
0	12
7	0
7	1
0	1
2	43
5	179
33	179
0	2
18	4
2	0
0	0
0	4
0	2
61	50
48	39
2	5
0	6
0	18
0	24
5	7
0	0
22	23
1	0
0	4
0	0
0	0
0	0
0	0
1	0
1	0
0	4
65	51
0	20
0	39
0	39
0	0
110	4
0	0
2	6
0	4
156	10
0	6
0	2
0	2
5	1
0	2
2	2
1	0
0	6
10	10
5	20
0	5
0	1
0	16
0	1
0	0
8	2
0	2
14	8
0	3
0	22
0	7
17	29
41	37
336	226
52	19
0	1
0	1
0	1
0	6
10	9
0	6
0	6
3	7
14	16
30	15
0	6
0	0
106	144
0	143
1	97
1	14
0	14
27	139
0	170
0	170
0	170
0	13
0	14
9	0
0	9
0	3
371	431
0	395
328	79
0	71
0	76
0	51
61	10
9	30
3	22
4	6
0	18
0	16
0	2
0	1
4	3
2	4
0	0
0	1
0	5
1	4
0	0
0	2
5	5
0	4
0	1
2	1
0	0
3	1
5	12
0	9
89	26
0	9
0	2
0	3
0	3
5	16
0	4
0	20
0	20
0	20
0	20
0	20
0	5
0	20
3	91
0	115
63	2
461	91
0	90
4	0
0	115
6	5
0	19
9	0
21	14
101	25
3	11
7	11
0	4
0	0
10	0
0	25
0	1
3	1
0	1
0	0
68	3
506	10
2	81
0	79
24	20
0	61
21	3
0	4
0	0
0	9
0	44
194	44
0	46
0	8
0	14
0	8
0	16
11	9
0	16
0	47
0	8
20	32
0	15
0	9
2	9
0	15
0	14
0	7
1	7
0	0
0	5
0	6
1	5
0	0
0	0
0	0
2	1
0	0
59	12
977	338
0	338
0	27
0	7
0	7
0	7
2	8
0	2
0	1
0	2
4	17
0	0
0	17
0	4
186	20
0	15
0	0
0	7
6	4
0	35
0	35
0	31
0	16
0	27
0	0
0	0
138	0
1	14
0	31
1	2
0	1
2	1
0	0
0	0
403	13
0	13
0	13
0	3
0	2
0	11
0	1
0	6
2	0
0	0
0	7
0	8
0	8
426	80
0	80
77	5
2	3
23	1
3	5
0	6
0	0
0	0
0	5
0	6
1	3
0	3
0	4
0	0
0	3
0	0
0	1
0	0
5	16
0	0
4	63
0	13
0	46
4	10
0	63
13	0
6	0
3	3
0	2
29	4
0	4
0	4
0	0
6	2
3	7
4	3
0	4
0	4
10	0
48	5
0	9
0	15
0	7
3	15
42	1
0	1
0	54
156	59
0	0
0	50
3	50
0	1
0	37
0	1
0	103
0	12
0	4
0	155
33	195
37	6
1	0
514	18
241	7
0	166
33	175
2	71
0	0
0	13
2	0
2	0
0	2
0	18
0	71
4	2
3	44
0	39
0	41
0	15
0	2
7	0
5	2
2	3
1	0
0	10
0	4
11	10
0	10
0	0
0	0
0	212
6	22
26	195
16	2
3	22
131	108
0	571
279	110
0	570
3	2
23	94
42	463
0	132
16	28
0	17
0	5
0	16
0	4
0	4
6	0
4	3
0	1
0	103
0	135
0	153
0	52
0	16
0	1
0	1
0	41
0	1
0	0
0	19
0	0
0	0
0	13
0	0
0	0
19	40
0	40
0	121
0	0
6	0
0	1
0	0
419	75
0	75
1	6
29	62
20	0
0	0
0	0
1360	0
8	28
0	30
21	39
35	34
4	10
360	5
0	0
148	7
0	473
0	44
16	8
4	459
1	2
11	284
28	0
28	11
2	17
0	11
110	28
1	28
4	28
10	16
0	0
112	3
0	3
6	0
7	0
14	1
1	1
0	340
22	19
15	15
0	69
0	1
0	2
28	264
0	327
0	2
0	2
16	121
0	121
0	95
0	28
1	0
0	0
22	16
10	7
73	16
1090	0
1	6
6	5
3	0
0	0
0	1
13	1
12	3
0	2
84	4
137	4
26	9
2	9
15	1
0	2
0	2
22	13
0	13
3	6
0	6
0	4
0	4
0	2
18	2
0	0
0	0
1	0
0	0
3	38
0	44
0	41
1	40
1	27
0	10
0	10
7	4
0	4
58	105
16	1
1	125
0	7
45	91
3	4
3	1
10	120
0	0
0	4
4	11
1	10
0	10
0	11
1	7
0	6
0	1
6	3
1	2
0	2
0	2
0	16
0	23
0	0
1	0
5	21
0	6
0	7
0	0
0	0
0	11
0	54
63	68
0	13
18	6
118	13
37	144
0	515
23	23
23	505
27	1
41	440
69	1
0	0
0	0
0	0
1	0
5	1
0	1
634	110
2	110
0	105
86	0
5	0
12	1
0	1
1	1
8	2
11	2
3	2
0	0
0	325
7	50
0	88
0	187
0	131
14	277
0	17
2	42
0	6
0	124
29	0
0	4
35	4
276	0
0	0
2	0
0	3
15	3
4	0
0	0
6	0
4	15
0	5
0	10
0	0
0	2
0	0
11	0
0	15
0	34
0	34
0	5
7	10
0	0
0	0
833	3
0	3
0	3
0	12
0	2
0	0
0	1
0	3
94	0
0	0
5	0
3	0
13	146
4	146
434	144
19	27
0	2
15	22
0	0
1	0
48	3
4	0
1	101
4	4
6	5
0	20
0	22
0	68
0	44
7	163
0	152
0	19
0	5
5	2
1	6
0	5
6	0
23	17
0	4
0	25
0	11
4	9
31	0
11	59
0	59
2	97
0	47
0	55
0	35
48	15
1	0
0	0
0	0
1	0
0	15
0	2
3	8
3	14
0	102
315	0
1	1
4	1
0	3
40	7
0	3
0	1
0	3
3	9
1	0
0	3
0	3
0	2
2	0
292	0
954	36
0	35
72	7
0	0
1	243
0	222
0	244
0	91
469	22
0	8
2	0
0	0
0	1
25	5
5	2
0	0
0	5
0	0
0	0
1	0
1	0
0	0
0	22
0	27
37	4
0	0
4	41
0	39
0	46
0	41
13	50
0	39
0	41
0	28
0	4
0	21
0	6
0	4
0	4
0	4
3	4
0	4
0	1
0	1
0	0
0	0
8	4
0	0
23	0
0	46
0	0
0	0
0	48
0	15
0	9
0	48
925	11
0	4
5	0
1	0
4	0
25	0
52	33
0	58
0	26
0	1
4	0
93	99
85	2
0	4
408	15
0	27
0	27
1	27
74	0
0	0
26	110
0	15
0	10
0	5
0	1
0	2
4	1
0	5
0	96
21	4
0	0
0	0
0	2
61	89
2	89
6	0
32	76
0	76
0	8
1	6
0	0
3	0
0	16
0	10
0	16
0	6
0	4
0	6
21	0
0	0
2	0
174	98
78	105
1	1
0	45
0	91
14	3
9	1
0	1
8	40
0	17
0	1
0	0
3	0
4	2
4	1
1	1
4	4
1	0
3	0
1	21
159	28
0	9
35	0
0	0
3	20
0	73
0	18
0	18
9	9
0	0
0	0
0	0
35	0
14	0
21	42
0	33
0	17
4	10
0	42
0	5
4	16
8	23
0	10
7	7
7	7
0	7
2	0
13	10
5	29
0	34
33	4
0	0
1	0
0	0
0	0
0	4
1	0
7	27
11	0
9	206
0	218
0	193
2	183
0	36
0	0
3	1
14	22
0	719
0	716
6	0
14	654
121	476
34	772
216	788
119	17
0	17
60	21
307	17
119	35
2	21
0	22
42	5
0	13
0	5
0	27
0	27
21	27
1	22
74	1
1	1
6	0
21	65
0	2
1	63
5	55
16	61
7	130
4	642
0	247
0	640
0	0
0	7
51	639
1	0
0	144
0	93
0	0
17	63
0	58
0	22
7	22
3	11
32	4
1	2
8	2
0	0
0	7
4	0
0	18
0	17
0	0
0	5
0	5
0	4
0	7
0	0
11	7
0	0
0	4
1	2
0	1
8	37
0	31
0	37
0	0
0	0
0	0
0	0
0	0
49	78
0	60
0	60
4	39
14	17
0	22
0	57
0	60
0	20
0	20
0	70
53	71
0	61
0	68
0	5
0	18
0	9
0	7
0	8
16	12
0	3
0	3
22	18
1	19
24	0
0	3
76	72
0	66
0	42
16	0
17	8
0	8
0	8
0	1
0	0
0	5
0	0
0	1
18	11
0	33
3	9
3	9
0	6
0	7
0	7
0	0
3	1
0	36
47	33
24	0
4	30
0	2
0	9
0	9
0	14
5	12
0	17
0	11
2	3
41	176
0	340
229	385
0	110
7	14
0	14
0	9
0	12
0	4
2	0
59	284
0	275
3	5
0	6
0	10
71	8
0	275
0	0
0	98
46	98
75	32
0	32
0	7
33	1
0	4
0	4
0	4
0	0
0	3
0	4
21	3
0	2
0	44
1	3
0	0
112	46
3	27
2	95
0	90
0	77
0	4
0	4
0	77
186	645
0	641
0	281
0	25
0	31
0	35
5	9
7	0
7	0
0	0
7	0
5	1
0	8
0	5
0	0
48	47
1	0
3	47
1	0
37	61
0	61
100	0
0	15
5	15
205	0
27	11
0	11
0	102
1	101
7	1
84	117
9	21
13	33
0	116
6	1
36	131
0	70
0	44
0	98
0	98
0	1
0	4
5	6
12	0
4	6
704	299
0	293
2	264
71	58
14	21
0	15
0	30
23	21
0	2
16	1
0	2
0	26
0	165
0	182
0	91
0	45
0	2
1	15
0	15
0	18
7	4
0	4
0	1
3	4
1	4
137	1
41	772
225	772
0	0
4	0
0	0
311	90
12	87
0	0
0	0
0	0
27	14
22	5
1	9
7	4
15	25
1	25
0	31
0	26
18	8
0	8
0	8
0	8
0	4
12	1
0	3
0	6
0	5
0	20
0	7
0	9
0	7
0	22
0	6
0	2
0	3
2	3
1	3
0	1
0	0
0	0
0	11
0	17
96	12
0	12
0	12
0	12
2	3
0	3
1	1
0	1
6	1
3	0
0	12
32	13
0	0
1	0
1	2
0	0
0	13
3	1
9	0
1	11
1	11
0	11
0	8
0	4
248	511
7	0
11	0
168	4
28	111
0	109
4	78
6	86
2	7
0	8
0	2
0	81
0	81
1	11
11	61
9	6
84	611
1	22
0	22
0	22
0	22
0	0
0	0
0	4
0	4
0	4
0	4
0	1
0	0
5	30
15	23
0	1
0	28
244	0
0	0
1	0
0	0
6	0
0	0
0	4
0	16
0	4
0	16
0	23
0	31
18	21
10	0
0	1
27	1
0	0
10	0
1	1
7	0
3	0
0	17
0	0
0	39
55	0
201	6
0	5
0	5
1	0
0	0
5	0
0	0
35	171
207	336
0	9
321	0
18	9
6	0
0	1503
0	1503
0	195
134	86
0	5
0	63
0	29
0	13
0	0
48	0
0	1503
180	90
0	21
0	2
0	0
19	19
0	65
11	3
0	22
0	2
0	2
6	35
1	35
452	428
0	2
0	0
3	0
0	0
0	0
0	0
0	2
2	0
5	12
3	4
0	9
33	13
0	0
0	0
139	9
0	9
29	1
0	1
2	51
0	48
0	41
0	53
0	36
0	42
0	212
0	14
0	23
0	15
0	9
0	5
3	1
0	10
0	14
1	22
4	0
2	0
0	0
0	0
5	0
0	3
0	7
0	14
1	0
14	11
0	11
0	0
0	3
0	0
1	3
7	3
1	12
28	0
10	34
2	6
0	3
3	0
0	0
0	0
0	0
1	0
3	0
0	0
104	28
7	31
15	301
0	263
0	116
0	55
0	60
2	12
8	4
1	0
1663	487
36	487
0	6
315	49
0	25
1	3
0	23
21	158
0	0
0	24
0	3
1	157
0	0
16	143
0	139
0	143
0	144
0	80
0	77
0	2
0	4
1	8
0	7
0	3
0	5
0	8
0	5
0	145
0	139
0	139
0	1
0	1
2	9
0	56
0	1
0	0
1	44
0	56
766	219
0	3
2	3
0	216
70	95
3	44
1	51
0	94
0	23
0	53
32	52
0	52
1	52
0	26
0	26
0	7
179	3
13	28
13	270
0	270
0	0
3	0
2	2
0	11
0	123
0	27
0	121
0	17
0	8
0	60
0	34
0	29
0	9
0	225
8	225
1	0
18	30
0	27
0	29
0	1
0	1
0	0
0	0
0	1
0	0
4	0
0	1
103	39
0	18
0	35
3	3
0	12
2	2
0	31
6	1
8	1
0	0
3	5
0	5
0	21
4	12
0	17
0	16
10	29
20	0
148	32
4	9
0	1
93	0
0	26
0	26
7	13
1	8
8	5
79	43
42	38
138	0
0	19
0	19
2	0
0	0
10	6
0	5
0	6
14	46
0	46
0	41
0	30
0	5
0	4
0	0
7	1
0	0
1	12
0	0
33	1
3	1
0	0
1	0
0	0
4	0
0	0
0	0
0	0
16	0
5	33
5	11
0	54
0	37
1	36
10	34
0	0
4	0
0	0
0	0
0	1
0	1
1	0
0	50
0	2
0	14
0	14
0	6
0	57
0	1
14	10
0	170
7	4
0	0
12	181
0	13
1	13
0	10
0	4
109	156
0	156
12	72
0	42
0	34
0	24
0	4
0	0
0	0
0	0
0	2
0	0
123	51
0	0
1	51
0	35
0	2
0	19
0	19
11	2
19	0
24	0
0	58
0	89
14	72
0	15
0	17
170	0
1	0
6	0
0	0
0	0
0	28
0	5
0	0
0	1
2	1
1	0
0	0
13	25
1	8
8	17
17	4
14	14
2	12
27	102
0	64
1	39
0	7
0	7
0	0
0	3
22	34
1	0
54	0
0	0
1	99
0	0
0	99
0	56
0	64
0	10
57	77
0	13
0	4
1	2
0	34
0	0
0	7
0	3
0	0
0	5
1250	0
11	635
137	677
4	617
0	30
35	24
5	11
0	7
1	1
0	1
0	0
2	0
0	0
0	22
0	0
0	0
0	3
2	0
0	0
3	104
864	104
2	40
0	0
1	0
50	17
0	9
68	14
0	14
0	10
0	2
0	2
0	0
0	0
0	0
0	4
31	58
0	39
0	3
0	3
0	3
0	0
0	0
37	57
0	16
0	46
0	4
0	36
0	7
0	1
0	2
0	12
24	3
0	1
0	3
3	2
0	0
25	0
0	0
0	0
0	3
0	0
0	3
2	0
0	35
0	0
11	4
6	3
0	0
0	1
34	1
5	1
2	1
0	0
0	13
124	7
0	13
0	1
2	1
0	2
0	6
0	1
0	1
22	8
2	8
0	0
752	0
144	2
1688	0
0	86
0	0
0	44
0	0
259	5
0	86
670	0
0	19
8	35
34	37
1	13
0	11
0	11
0	10
3	2
2	2
61	411
0	3
0	10
0	186
0	0
2	1
0	319
0	272
46	68
0	27
0	2
0	2
4	60
0	7
28	20
0	20
0	340
149	332
0	1
0	0
0	310
5	11
0	11
279	488
0	402
0	3
36	69
0	6
1	6
0	0
0	0
0	0
9	1
0	1
3	5
0	5
1	3
27	0
0	4
83	4
2	0
6	0
0	0
2	0
113	37
0	142
1	0
13	17
0	9
26	7
0	148
518	155
0	3
0	3
0	29
0	5
0	0
0	16
0	10
0	10
0	3
2	3
2	3
0	10
0	8
13	11
201	0
328	17
0	4
0	4
0	4
0	17
31	205
236	0
12	1
41	0
75	2
0	2
2	358
0	5
0	276
0	360
0	67
22	84
0	17
0	16
0	7
18	6
0	8
0	8
0	73
0	73
0	73
6	6
0	6
0	6
0	6
1	2
0	4
0	6
19	11
0	8
0	5
0	2
0	0
14	36
0	13
122	23
0	6
265	4
0	7
19	1
0	21
183	45
0	9
2	28
7	1
2	27
154	26
403	12
0	26
0	10
2	2
0	2
0	1
0	0
0	0
0	1
13	79
1	19
0	695
0	695
4	1
18	0
73	1
1	31
10	0
0	61
0	1
131	681
261	0
0	815
0	8
2	6
6	6
0	234
0	209
44	749
0	94
0	815
1	1
0	1
25	0
2	7
132	10
94	257
0	22
35	2
0	0
0	0
11	0
11	0
1	5
91	244
13	239
0	4
0	48
41	52
0	50
33	22
0	17
5	2
0	2
182	4
3	0
4	4
0	0
17	1
0	40
0	40
107	0
72	169
8	0
0	0
0	12
0	0
0	0
0	0
0	12
0	1
5	3
65	0
0	0
2	3
0	0
2	0
0	0
27	86
6	0
0	29
6	23
5	15
0	7
53	394
14	352
116	151
421	272
2	0
424	272
11	50
0	50
8	2
0	1
0	0
0	2
35	5
0	2
624	59
16	56
0	1
5	1
0	1
0	6
10	6
116	52
20	24
19	77
0	52
0	5
9	0
0	0
0	0
0	35
1	0
0	6
0	6
4	150
12	115
0	128
0	130
0	104
10	22
0	49
105	170
0	150
0	66
0	34
3	46
1	59
18	33
0	0
0	68
0	2
47	2
5	2
0	109
0	107
0	0
4	2
12	108
15	3
4	2
0	99
196	98
140	195
5	75
7	8
6	0
0	54
28	197
0	0
0	0
5	25
4	25
5	3
0	1
36	64
2	63
18	16
0	12
0	8
0	8
0	8
25	89
38	89
0	616
0	245
7	4
0	1
1	152
0	0
0	0
0	0
11	90
0	616
12	0
56	186
0	186
0	3
0	3
0	0
10	0
17	2
608	4
2	2
2	6
0	4
0	2
0	4
0	5
4	85
0	1
0	1
0	3
0	1
1	0
151	31
4	1
1865	11
0	14
4	11
234	3
3	0
9	0
1	0
34	0
1	0
49	0
4	2
58	0
0	2
3	1
116	25
0	25
0	7
8	6
0	21
16	17
0	27
6	20
0	0
0	0
0	0
29	11
5	1
0	8
30	0
2	0
0	0
0	0
0	0
5	0
7	117
0	32
0	59
0	61
20	63
15	52
0	43
112	20
0	2
0	7
0	3
0	1
10	0
10	4
31	67
325	67
4	11
0	11
9	1
0	1
0	3
0	68
3	46
6	84
0	183
14	267
111	240
5	3
0	18
0	11
0	35
0	7
6	0
5	132
9	14
0	6
0	121
0	3
9	2
13	115
27	3
0	3
4	1
31	2
0	2
4	0
0	0
81	0
1	0
0	0
1	0
58	142
0	142
17	21
2	55
3	55
19	14
0	14
7	14
2	99
0	99
0	0
0	0
4	94
0	76
0	1
0	0
137	63
13	63
0	0
7	94
40	0
0	0
0	1
0	0
0	5
1	0
0	4
0	0
0	3
0	1
0	0
0	6
0	8
55	105
67	47
0	61
0	75
4	0
0	6
0	1
0	0
5	37
29	22
0	16
0	14
5	0
43	0
0	2
0	3
0	2
0	2
0	1
0	1
0	3
0	3
9	39
40	69
0	20
0	10
10	20
0	1
0	1
13	0
0	31
0	69
10	0
74	18
46	18
39	7
0	2
0	0
0	3
0	0
131	92
6	94
40	1
3	20
0	1
1	1
0	0
3	0
0	0
0	0
0	19
0	394
10	146
80	394
0	0
2	3
5	0
0	3
44	112
8	104
5	104
0	0
10	7
58	0
0	0
0	0
12	0
11	5
10	0
5	0
0	7
9	0
0	13
0	13
0	13
8	0
21	0
0	2
0	2
0	0
0	2
0	11
12	23
0	10
10	0
1	9
0	23
61	3
0	3
0	0
2	34
0	39
0	1
0	0
0	78
0	75
0	9
3	9
1	80
0	80
89	12
0	50
0	17
0	43
0	49
0	16
5	16
0	9
2	23
0	23
0	75
39	1
0	48
0	9
0	12
2	9
0	16
0	16
0	10
0	2
0	8
5	0
3	7
8	14
12	0
14	6
0	6
0	20
0	0
0	0
0	0
0	20
3	32
497	105
3	5
32	14
0	68
6	87
96	173
5	309
0	0
142	558
0	468
0	6
2	96
0	0
0	94
0	3
7	3
125	105
15	3
16	83
41	85
37	7
5	7
0	7
6	0
1	1
0	1
0	1
57	1
144	22
67	22
46	336
0	301
12	2
0	2
0	0
0	0
6	0
0	0
15	0
5	10
0	10
0	0
0	4
0	0
0	2
0	9
0	0
0	9
0	0
0	9
2	0
16	12
0	6
2	4
0	9
0	6
1	3
0	40
0	55
0	6
15	6
0	6
6	19
3	31
0	31
1	39
68	14
0	0
1	0
0	1
6	1
5	3
25	7
5	4
8	0
6	0
75	0
3	84
0	2
0	84
2	14
0	14
0	14
78	2
0	0
0	14
0	1
3232	709
0	651
0	297
0	134
0	778
0	778
0	859
0	861
0	66
3	6
9	746
2	47
1	44
0	0
0	0
0	1
0	0
1	5
0	5
10	4
5	5
0	0
0	0
0	0
0	0
0	0
0	0
0	0
0	0
77	23
0	23
104	107
1	80
0	103
0	0
0	107
0	0
0	87
41	74
73	101
6	51
0	9
0	89
0	48
4	4
18	0
20	11
0	9
12	25
0	75
0	0
27	0
1	21
0	21
0	9
0	15
1	15
0	8
0	2
8	10
1	10
0	2
0	2
0	1
0	11
17	1
0	11
5	1
1	5
0	0
0	5
0	2
0	11
60	28
296	33
0	19
5	35
11	35
0	19
28	19
0	19
32	26
1	26
0	9
0	50
0	52
0	11
23	8
1	0
0	8
0	6
9	5
182	108
0	37
14	2
0	85
0	83
38	73
5	0
12	0
0	10
0	10
0	9
0	9
0	11
0	3
0	3
0	2
1	3
0	3
15	4
163	54
0	4
0	4
60	64
0	5
23	0
4	2
4	0
0	4
0	26
0	8
6	23
2	23
3	38
0	125
0	0
22	280
0	4
0	4
0	0
0	0
1	0
0	0
13	121
0	5
0	5
0	0
19	50
236	60
137	56
0	31
2	16
0	16
0	16
1	4
0	6
12	2
0	1
0	1
131	101
40	83
60	100
0	116
0	41
1	0
11	42
0	42
2	0
2	0
1	12
0	12
0	0
2	34
67	12
0	2
0	12
0	2
0	1
2	0
0	1
0	11
6	11
1	4
0	1
0	1
0	0
0	0
0	3
0	12
3	15
3	0
1	0
0	0
5	12
0	6
800	92
0	20
0	92
7	8
0	6
0	6
0	5
3	65
4	0
11	39
0	39
0	38
0	37
5	2
347	152
0	152
0	127
0	4
0	3
0	2
1	47
4	47
2	0
0	1
3	25
0	22
0	9
7	12
0	0
0	0
201	0
31	131
0	39
0	44
0	1
33	5
0	3
0	3
1	1
0	2
0	1
0	0
0	2
0	21
0	0
0	0
11	27
0	0
442	13
0	9
4	4
0	1
0	24
0	1
34	19
3	1
2	3
20	3
26	0
0	2
0	0
0	0
0	38
61	252
5	6
0	14
2	3
0	4
0	6
3	5
3	0
6	227
0	121
281	35
19	12
0	6
0	6
0	0
1	0
0	24
0	0
0	69
0	69
0	1
1108	105
0	100
0	72
2	73
0	0
0	1
2	0
188	328
16	316
0	36
0	23
0	33
0	14
0	23
0	2
708	356
0	356
7	4
0	0
0	1
32	5
0	7
0	11
0	2
3	0
7	0
205	0
9	0
6	0
179	24
34	24
30	6
0	3
0	3
48	40
1164	46
0	12
0	12
2	13
0	0
0	13
0	16
0	13
2	0
0	12
38	0
146	335
0	35
684	332
2	1
0	1
0	0
153	0
122	0
15	16
0	16
0	0
17	2
34	24
0	17
0	16
0	16
0	12
0	13
0	6
0	2
7	3
0	7
12	7
10	94
0	94
10	94
10	46
2	29
0	17
0	20
0	17
55	3
0	20
0	3
39	0
0	8
0	23
4	0
0	22
0	23
17	9
26	9
2	5
15	53
0	58
0	31
16	5
0	15
0	6
0	1
0	19
0	71
7	106
0	108
115	107
2	0
12	0
45	0
3	13
202	4
0	4
0	4
0	3
0	3
2	1
6	0
24	1
0	0
41	78
30	43
1	46
36	19
33	24
0	24
1	0
104	2
4	1
28	8
6	7
0	7
1	1
0	12
66	41
0	3
0	0
0	35
0	6
0	19
0	6
14	43
0	43
4	42
0	6
10	35
0	550
27	99
56	13
0	64
0	9
2	64
1	13
0	85
7	7
0	91
1	6
422	0
0	11
1114	551
12	9
0	1
0	3
0	0
31	7
0	7
30	35
86	96
0	44
0	77
116	98
81	82
0	1
0	1
9	0
0	39
0	49
0	17
0	50
716	294
4	0
7	7
10	4
1	284
20	5
0	6
0	0
12	77
2	66
0	5
0	0
5	11
0	0
0	64
0	16
0	6
0	64
1	16
0	9
0	3
0	0
0	9
0	0
1090	3
3	4
0	4
22	18
0	18
0	2
0	2
14	0
0	24
0	38
0	24
0	38
0	24
0	38
0	2
0	7
0	10
0	21
0	3
0	0
0	11
123	1
0	1
8	22
0	22
59	105
0	47
1	20
65	15
0	8
0	4
29	5
0	2
0	0
0	0
11	6
0	0
916	0
0	43
0	43
45	13
16	3
7	0
17	10
10	6
369	7
298	71
0	71
213	48
6	1
232	0
0	0
342	3
4	3
84	5
0	5
265	13
0	13
20	83
0	52
2	17
0	48
38	11
0	5
0	7
0	0
10	21
14	295
7	1
9	282
1	280
0	295
3	100
0	109
0	109
15	102
2	2
51	11
6	47
248	197
31	2
20	19
0	15
0	197
0	193
63	1
1	1
241	239
0	27
0	3
0	0
0	213
72	11
99	143
0	136
0	1
0	1
5	41
0	1
0	3
0	3
0	4
0	4
0	2
1	1
0	2
9	1
0	0
6	0
0	1
0	33
1	32
4	28
11	2
25	2
17	1
17	8
0	6
0	5
0	5
0	5
0	5
0	5
4	1
0	1
0	0
0	0
0	0
0	0
2	0
187	0
0	0
0	0
16	26
0	0
2	2
7	0
37	1
18	2
38	0
2	12
0	12
0	11
0	8
0	42
7	42
0	42
7	42
0	44
0	48
0	48
0	57
0	58
55	61
0	30
0	6
45	0
17	41
2	0
0	9
0	83
0	83
0	52
3	24
62	24
7	0
0	0
0	41
57	240
0	78
0	25
1	238
4	3
72	66
16	26
0	0
4	66
11	213
0	213
0	16
4	68
0	100
0	6
6	32
0	0
0	0
0	213
8	27
35	8
0	8
29	23
0	8
0	0
0	8
18	37
0	18
0	29
0	33
0	20
36	19
0	0
41	175
0	55
2	128
2	150
0	80
28	153
0	79
0	55
0	57
0	4
0	116
0	9
2	9
0	55
0	45
0	43
1	93
0	138
0	54
0	54
0	43
28	57
0	128
0	168
0	123
0	2
0	73
819	43
1	38
35	55
4	3
0	3
5	1
12	1
0	0
232	246
0	209
1	36
1	0
11	27
4	7
111	21
0	27
8	0
7	6
0	89
0	90
0	90
0	0
0	3
0	8
52	0
1	21
28	5
49	35
0	20
0	0
3	24
0	58
0	0
3	0
0	41
15	87
4	87
0	133
0	133
0	132
0	132
0	132
0	132
0	132
0	132
0	30
1	0
1	0
0	132
13	51
5	52
0	38
9	15
0	1
2	4
2	0
3	312
0	314
0	312
0	1
0	3
0	187
24	6
279	739
3	352
0	367
0	108
0	105
68	77
0	95
0	458
14	26
0	26
0	20
0	14
0	0
0	0
0	18
0	4
0	18
6	4
0	2
0	137
0	137
0	39
32	0
1	4
0	2
84	1
0	1
0	1
0	1
0	0
25	1
22	0
0	3
2	42
0	3
323	0
13	0
0	0
0	0
0	0
4	84
0	84
0	84
0	61
0	47
0	0
0	0
35	0
0	0
13	0
1	0
0	10
14	2
0	0
0	2
0	2
0	0
1	1
8	0
24	11
196	24
0	14
0	14
0	23
0	2
0	5
9	22
0	5
8	19
76	51
0	0
0	50
0	3
0	53
0	3
8	51
0	51
5	2
10	1
14	18
0	4
21	138
0	71
0	0
3	0
3	16
7	0
43	41
0	45
1	3
0	122
66	131
0	14
5	5
40	0
2	0
0	17
0	17
0	6
9	0
67	85
0	85
1	26
0	0
103	321
3	9
57	3
3	309
0	9
297	23
0	4
0	6
0	17
15	7
0	5
7	7
2	168
0	115
0	98
0	84
2	86
14	0
0	15
0	15
42	24
95	226
0	302
0	302
0	118
0	0
2	0
0	115
76	0
0	32
0	30
0	2
0	41
0	42
88	3
0	2
0	42
0	0
0	4
0	4
34	12
0	26
5	28
0	18
25	204
22	205
0	19
1	7
37	226
0	0
54	75
471	225
1	14
0	14
0	14
0	2
6	13
0	13
148	0
6	345
353	235
6	149
0	2
1	0
2	0
0	24
2	24
3	7
31	6
2	4
0	0
0	0
0	0
0	3
7	105
0	17
0	105
0	23
0	23
0	3
11	3
0	74
180	74
0	20
2	33
11	53
0	23
0	0
616	6
76	6
0	22
15	22
0	0
0	0
1	0
28	30
82	5
0	5
0	29
0	29
0	3
0	38
0	25
0	25
7	0
0	38
0	25
0	9
0	9
21	81
6	415
0	35
0	28
0	415
0	414
1	48
33	14
0	14
0	12
0	12
28	25
0	1
0	1
0	1
0	1
0	1
0	1
0	1
78	80
46	57
0	673
4	706
11	36
0	34
1	31
15	648
0	659
0	714
6	158
0	158
1	0
0	0
0	1
0	8
0	7
44	139
0	12
0	2
5	0
0	97
10	27
0	21
0	5
23	45
0	44
0	0
3	44
41	0
7	9
0	6
4	72
9	9
0	124
14	131
0	117
0	109
0	50
13	59
0	2
1	8
0	0
12	6
0	31
0	31
0	14
67	10
92	5
0	5
209	53
12	51
0	1
9	2
216	8
1	0
0	2
113	93
2	86
0	58
9	9
34	135
1	0
45	175
0	14
0	20
4	154
0	122
1	122
318	121
0	143
1	4
0	4
10	8
0	4
9	2
0	2
0	1
116	65
0	8
0	353
17	97
6	347
0	0
0	0
0	6
3	254
0	0
0	90
0	351
125	0
5	0
14	10
4	0
0	2
0	10
69	0
0	1
3	1
0	17
3	17
292	16
0	3
49	3
21	56
1	0
0	61
0	18
0	2
0	0
11	14
0	0
208	4
17	4
9	4
0	4
0	65
0	64
0	28
0	11
0	0
0	23
0	4
0	3
0	1
9	1
1	0
5	0
10	68
128	0
0	10
2	10
0	10
0	10
0	6
0	0
43	7
0	0
0	0
1	0
0	0
9	2
0	98
0	0
6	1
7	9
11	257
4	257
62	181
54	143
0	23
0	23
0	30
0	39
8	41
1	14
0	17
197	24
0	21
0	24
137	93
3	7
0	7
0	3
7	3
0	24
1	0
4	3
161	212
70	121
0	11
0	90
7	61
0	66
0	63
37	52
0	20
2	0
0	98
91	0
0	3
0	1
0	3
1	26
0	0
0	25
0	26
23	1
0	1
0	1
1	0
0	2
0	0
13	77
28	3
0	21
0	21
0	10
0	14
0	13
2	6
21	14
18	5
362	80
0	73
52	67
0	11
0	4
0	3
1	120
7	120
12	229
0	119
0	0
0	2
1	0
0	112
0	67
4	0
13	89
0	96
0	76
0	76
2470	84
10	10
0	3
0	3
30	343
0	44
1	55
0	12
0	13
3	13
0	0
5	0
0	0
2	4
0	4
40	55
0	4
2	2
194	46
0	48
0	48
0	3
12	15
5	15
5	0
300	5
0	3
253	50
22	57
11	4
0	48
8	0
108	2
6	2
18	0
2	6
1	30
0	30
0	8
0	7
0	7
0	6
0	7
0	33
57	70
0	48
0	18
1	54
0	17
0	2
0	2
11	0
0	0
30	1
0	0
2	0
0	0
66	0
28	0
0	53
0	54
0	54
0	2
6	12
277	207
0	1
0	21
0	41
0	11
0	11
0	88
3	21
0	0
24	0
15	0
0	140
0	140
0	10
2	240
10	145
0	0
0	240
1	96
0	96
0	1
847	3
0	3
0	3
21	0
101	0
204	7
0	7
1	6
17	6
0	6
166	82
3	110
1	0
0	7
0	10
117	42
10	86
0	44
30	25
1	11
3	1
0	50
0	47
56	14
0	14
141	350
0	12
0	12
0	1
0	12
0	12
0	6
0	6
185	438
5	2
0	2
0	2
63	518
0	39
0	39
0	0
6	14
1	13
0	10
0	10
0	7
0	4
0	6
0	5
2	0
13	7
0	0
0	1
0	5
0	2
0	0
310	2
117	2
1	2
0	2
0	2
0	5
0	5
20	531
405	47
0	9
0	47
38	32
0	25
1	1
1	0
0	0
0	1
10	0
1	1
1	1
0	1
5	0
0	0
214	89
5	6
0	5
0	74
0	6
0	89
0	21
1	6
2	5
32	15
29	60
0	0
0	0
0	0
0	0
0	0
0	0
1	0
0	0
0	3
0	3
0	3
0	3
0	2
2	2
0	3
2	0
6	19
0	19
3	0
3	38
0	46
1	47
1	2
7	0
0	0
0	9
9	7
1	0
0	0
0	0
365	61
2	50
0	0
0	0
0	2
3	0
40	0
0	0
4	16
0	15
28	12
70	28
0	28
0	0
0	1
44	50
0	50
4	36
0	27
3	0
0	0
0	0
0	1
15	33
1	9
20	41
0	17
2	4
2	31
0	39
0	31
17	75
2	73
0	69
18	1
0	1
16	2
0	0
0	2
619	371
375	368
2	51
76	51
3	2
2	2
8	11
0	0
5	0
0	2
5	0
0	8
0	0
0	2
0	1
0	0
0	8
206	0
123	1
0	1
1	0
0	0
0	16
0	56
0	9
0	7
0	16
0	56
0	44
0	44
2	15
0	1
1203	0
229	78
47	77
0	31
12	4
0	4
0	3
3	2
0	0
0	0
0	0
0	0
0	0
0	0
0	0
0	0
0	0
4	0
638	0
10	146
0	11
0	12
3	13
0	10
0	73
0	141
7	0
3	0
19	22
0	71
0	76
56	4
5	17
29	7
0	9
11	1
0	0
0	0
0	141
1231	606
19	567
63	504
0	0
0	0
0	0
0	0
0	1
0	1
0	46
0	1
0	1
0	0
0	4
0	46
1	92
0	40
0	29
0	92
2	3
0	3
74	0
6	22
0	58
54	17
31	58
0	1
0	11
0	0
0	0
5	11
0	0
1	2
2	28
8	56
0	22
57	28
74	4
15	8
0	8
1	0
1	3
0	3
0	306
0	306
0	3
0	2
0	2
0	1
12	6
3	89
14	91
0	4
4	0
173	10
0	10
0	0
0	0
2	10
0	0
0	2
3	10
0	0
0	2
0	8
8	14
0	14
0	3
0	3
886	738
0	738
0	1
0	1
0	0
13	0
0	0
2	24
6	29
31	29
2	5
0	24
15	3
0	4
0	48
0	48
103	510
15	0
11	6
0	2
0	14
0	14
0	14
0	5
0	5
0	5
6	8
0	256
8	256
0	237
0	234
0	220
0	79
0	21
0	11
0	3
0	2
0	0
0	0
0	9
0	1
0	1
112	24
0	2
5	1
13	89
0	4
0	5
0	109
14	0
21	9
0	0
0	3
0	3
0	3
0	14
63	14
58	6
10	10
0	8
0	0
511	272
0	0
0	272
0	0
0	22
2	0
0	108
60	6
27	9
3	1
0	1
5	10
0	0
3	10
219	314
4	314
19	3
0	3
53	5
0	0
51	87
0	87
0	10
0	5
0	4
0	7
0	7
0	2
1229	20
24	31
0	12
0	0
1	4
0	1
0	16
23	16
0	5
2	0
0	16
0	0
0	20
0	16
0	5
57	65
0	59
4	57
0	57
0	31
2	7
0	1
22	0
9	30
0	30
0	4
1	19
78	124
0	1
2	114
7	9
16	2
0	13
0	5
5	1
19	3
11	8
13	10
268	67
13	11
0	1
0	2
28	2
0	2
0	2
0	1
0	1
2	1
0	9
0	0
0	0
30	4
23	504
0	14
0	28
8	31
0	0
0	338
0	8
1	8
0	504
12	0
7	0
994	0
4	1
0	1
0	13
0	13
0	13
9	9
0	9
61	33
0	33
1	25
0	8
0	6
15	6
26	0
327	55
0	35
0	0
0	1
12	0
32	0
0	20
4	0
126	8
0	0
10	0
1	0
0	0
5	0
0	16
5	16
0	0
4	16
0	0
1	6
1	0
0	0
9	55
6	65
16	56
0	56
5	59
0	32
0	47
0	8
14	6
0	0
0	2
2	6
1	4
0	3
2	4
13	1
1	47
11	87
0	27
0	2
0	2
63	42
0	70
24	0
142	0
3	0
6	0
2	0
69	2
2	2
0	10
1	0
87	39
218	39
3	8
494	3
0	3
68	604
22	604
0	604
0	4
0	4
0	4
0	4
296	83
0	3
10	69
0	67
197	260
0	269
1	220
43	91
0	77
0	5
0	5
0	4
0	1
624	4
0	0
6	2
0	4
205	0
63	0
0	9
0	9
0	1
0	7
0	8
0	6
0	7
0	7
2	2
0	6
0	1
0	1
430	14
0	0
2	0
0	0
0	2
1	2
173	93
0	28
6	6
0	6
19	2
22	94
16	15
0	15
14	37
0	41
0	58
13	92
38	105
6	57
0	9
20	0
28	0
46	5
51	53
0	61
0	8
2	8
26	0
42	191
0	184
6	189
9	1
902	10
0	1
0	9
3	1
59	3
0	0
277	0
4	0
0	9
0	9
1	5
67	5
1	5
0	0
0	19
3	19
0	0
0	117
0	117
0	117
69	146
0	4
0	5
0	0
0	6
0	7
0	29
21	0
1	16
21	6
0	6
0	2
0	0
0	0
0	0
0	0
56	16
0	16
0	20
0	26
0	19
0	13
0	13
0	23
0	13
0	7
0	5
0	10
2	0
0	0
0	0
0	4
4	0
0	0
0	0
0	0
0	0
18	0
0	0
8	0
40	0
24	0
0	0
0	0
3	0
23	43
0	13
73	1279
59	1279
0	413
0	5
2	3
3	0
0	11
0	11
3	4
0	4
57	13
0	13
0	3
0	0
2	22
5	0
3	5
5	0
32	5
0	4
0	0
84	527
1	2
0	2
720	0
1	0
374	46
5	39
0	26
32	11
3	0
0	2
14	0
222	390
5	87
1324	272
97	237
26	63
0	115
0	115
37	49
2	8
10	17
0	156
1	0
161	0
6	68
24	13
0	0
6	1
0	1
0	12
0	52
4	58
0	31
1	66
4	88
0	0
0	30
6	72
0	0
5	1
0	0
0	51
0	16
0	10
0	144
0	12
317	215
0	8
0	12
0	8
0	10
0	5
0	32
0	18
2	22
0	13
4	5
0	5
0	2
6	29
0	3
0	3
0	2
0	2
0	3
0	3
0	1
3	2
4	0
155	24
167	98
263	76
0	0
2	5
0	5
0	5
2	0
0	557
0	583
31	82
0	27
2	34
0	67
4	43
0	29
0	24
0	0
0	17
3	0
0	11
15	0
0	3
41	16
0	2
0	2
44	139
0	131
0	19
0	354
0	352
10	353
0	75
9	3
0	55
0	2
4	3
0	0
4	63
7	0
0	5
0	1
24	7
0	4
0	7
1	1
0	4
2	4
0	1
1	4
0	4
0	4
0	3
0	3
0	5
6	1
0	5
0	1
17	5
5	0
727	5
0	5
0	0
0	24
3	0
0	26
0	26
127	52
1	2
12	2
27	9
0	16
0	16
0	13
12	0
0	9
0	15
111	70
0	5
11	3
1	2
4	0
0	6
10	11
0	18
6	11
0	4
0	13
6	0
14	16
7	22
0	10
93	369
116	210
0	227
0	192
12	5
0	5
0	5
63	228
11	220
33	81
0	27
0	21
0	1
3	1
0	7
0	7
0	1
0	1
6	55
131	15
0	72
0	64
0	7
0	52
39	2
1	35
25	0
0	79
0	51
3	79
108	0
530	95
10	95
14	7
152	7
99	120
0	2
92	108
0	0
7	34
0	13
0	0
0	3
96	0
1	0
0	2
0	2
0	2
0	0
2	76
3	3
14	59
149	30
0	34
0	51
14	2
2	2
7	0
0	0
108	2
0	0
1	0
0	0
2	15
0	15
0	82
0	0
0	23
0	101
1	1
0	7
0	7
0	3
0	51
0	51
0	51
0	3
10	0
105	30
2	30
5	2
14	13
3	0
0	0
161	3
0	3
0	0
0	10
0	10
0	1
0	1
62	67
0	34
0	0
2	1
7	181
5	183
0	203
0	11
0	7
0	0
0	20
4	3
0	14
0	20
0	20
0	20
1	4
9	39
0	32
0	31
0	20
4	2
11	0
0	7
0	4
9	0
4	0
0	98
0	2
0	2
0	14
0	14
0	3
3	3
1	5
4	0
2	79
0	78
5	0
0	1
77	5
0	5
5	176
0	176
0	176
0	1
38	0
0	0
0	741
0	741
16	0
0	0
67	13
18	0
0	3
24	77
0	65
1	61
2	0
0	0
0	3
1	0
1	2
1	2
0	2
11	2
0	4
0	4
0	0
0	141
180	61
0	122
0	112
0	147
0	147
0	112
2	12
0	16
0	16
0	5
1	5
1	1584
76	2
0	148
0	1584
0	9
64	25
2	16
0	17
6	22
0	10
0	2
0	0
0	0
8	1
0	0
4	1
1029	407
0	405
0	0
0	0
0	0
9	0
4	0
0	0
0	2
7	0
0	0
5	4
3	0
41	1602
42	1602
0	77
0	77
84	16
44	0
47	22
0	24
60	41
6	17
16	104
0	26
0	28
2	20
0	11
1	359
0	390
2	390
0	5
0	7
0	7
101	131
0	126
8	1
0	188
0	202
0	202
16	32
0	4
521	67
2	3
88	0
1986	1207
0	1039
0	628
0	42
259	0
16	35
4363	712
57	9
1	9
7	58
0	58
0	0
1	55
1	19
0	1
0	4
0	0
416	95
0	0
0	0
0	75
0	25
2	2
0	2
1	2
3	0
12	46
12	46
0	38
0	29
0	29
0	0
0	0
0	3
0	4
0	3
0	6
0	6
50	21
0	21
9	1
53	21
7	5
0	5
0	25
0	50
0	40
2	4
0	3
48	0
0	0
14	0
378	0
22	20
0	20
3	0
3	9
0	9
92	0
30	0
20	8
0	0
2	0
0	0
0	0
0	0
0	11
2	11
0	4
0	0
2	0
91	198
0	187
7	3
7	3
0	4
0	4
1	4
0	0
67	5
0	0
2	5
0	198
0	5
5	24
2	5
0	0
0	198
42	3
0	3
1	2
0	2
21	0
15	19
2	19
0	0
2	0
0	0
6	0
0	0
0	10
0	10
0	17
2	18
0	7
2	1
0	1
0	3
1	3
0	2
1	3
376	130
7	35
0	22
0	28
0	26
0	0
4	2
69	4
0	2
19	25
0	13
0	23
7	23
0	0
0	0
0	10
0	10
0	1
0	1
0	9
5	0
10	5
0	2
1	5
2	1
1	1
0	0
0	1
4	57
0	57
16	221
0	3
93	156
0	12
0	54
0	12
2	12
0	0
0	11
0	11
5	155
0	56
17	4
0	3
117	3
0	3
0	0
0	0
0	0
15	65
14	97
0	63
0	60
0	96
0	8
0	1
0	1
0	8
0	10
0	13
0	1
0	6
0	0
6	1
0	13
0	4
0	9
0	2
5	13
4	0
0	54
0	54
0	0
0	0
0	54
0	9
72	207
1	207
630	1
130	0
2	1
253	2
0	0
22	0
26	362
74	284
18	42
5	46
1	9
0	9
9	0
1	114
4	96
0	93
0	53
0	3
0	1
0	8
0	1
2	0
8	2
0	7
33	0
48	14
0	1
25	34
0	32
0	5
22	13
0	13
0	769
7	769
0	59
3	20
6	18
5	13
0	20
0	23
3	24
0	9
2	22
10	10
0	76
0	76
0	3
161	0
46	67
0	67
0	67
0	45
0	56
10	39
0	3
0	0
0	9
0	10
17	193
79	97
183	58
0	51
26	27
0	79
0	34
1	74
50	33
12	30
13	1
0	1
1	1
0	1
152	13
0	13
100	63
6	53
4	39
0	10
3	3
4	7
0	7
1	7
5	1
0	0
1	6
0	0
332	13
1	237
3	237
46	60
0	60
0	56
0	49
1	1
126	35
38	37
16	34
12	93
2	33
0	23
5	5
0	5
0	1
0	0
0	0
170	459
246	245
60	450
3411	431
522	10
0	6
0	2
0	5
0	6
24	14
0	4
0	3
292	1
3	1
0	1
2	0
140	54
16	24
0	3
2	0
0	35
0	0
0	0
0	20
1	30
0	10
13	20
5	4
0	16
0	3
0	0
0	3
0	0
0	16
5	11
1	11
230	9
19	8
0	2
0	0
7	0
0	0
0	0
0	2
0	2
1	0
16	2
69	53
1	3
3	0
0	0
9	49
0	26
11	50
0	5
0	5
0	5
0	179
52	198
0	22
0	5
0	0
1	0
0	128
0	0
0	0
0	0
0	43
7	7
0	176
0	7
0	0
2	1
3	176
10	0
2	44
4	36
0	58
1	14
0	0
1	0
160	307
0	0
0	3
0	7
0	307
0	72
0	37
0	4
0	37
4	46
42	4
20	33
0	0
2	0
8	0
0	10
10	22
0	95
0	95
0	18
0	0
3	5
0	6
7	25
0	23
0	2
12	11
0	202
0	1
0	183
0	54
0	32
0	26
0	26
0	26
0	26
6	23
0	26
0	123
0	123
6	3
13	29
29	7
114	6
0	2
23	13
6	6
0	2
42	0
5	2
3	52
0	81
0	81
30	133
0	100
2	100
13	65
0	254
23	0
27	680
3	682
1	4
0	1
0	2
6	1
24	88
36	5
0	14
0	3
0	5
18	0
0	71
194	40
0	39
4	1
0	2
0	2
1	0
1	0
0	0
0	0
5	0
472	43
0	41
0	5
79	7
0	5
0	5
2	7
0	0
0	0
0	0
0	0
8	0
0	0
0	0
1	0
16	4
0	4
0	4
0	4
53	0
0	0
0	12
0	2
0	1
0	0
0	3
0	3
16	4
0	242
0	7
8	5
0	10
11	250
4	106
0	18
0	98
26	63
0	25
0	21
21	0
0	0
0	0
2	0
0	0
1	0
132	15
0	15
3	2
4	0
18	0
0	11
0	4
0	8
0	0
0	18
0	14
113	155
22	155
0	19
0	0
0	0
2	0
13	0
211	20
6	8
0	8
0	7
0	0
0	1
3	5
0	8
0	0
0	6
1	6
0	6
0	20
0	53
0	0
7	22
0	7
0	4
0	59
4	0
4	11
11	14
2	1
0	2
1	0
1378	908
12	861
7	891
0	30
0	742
0	891
1	199
0	215
0	222
0	214
0	214
0	215
17	223
8	1
3	1
0	0
438	9
16	208
10	42
0	166
436	506
0	506
0	102
0	76
0	92
0	41
0	92
0	41
0	11
67	4
10	0
49	47
4	284
6	307
11	41
4	167
0	167
0	110
0	92
0	92
0	89
0	39
0	11
4	2
0	5
5	3
10	7
0	0
0	0
0	1
0	1
57	113
1411	151
0	47
4	0
0	32
1	19
25	1
0	0
8	13
33	73
0	96
0	5
0	5
689	0
14	26
0	48
0	48
0	11
0	7
5	0
0	0
0	1
1	5
7	5
2	0
0	0
19	53
6	50
0	20
0	6
0	2
0	0
2	1
1	1
0	8
0	1
629	125
0	44
20	9
0	0
0	0
38	0
1	0
85	10
0	2
3	8
12	0
140	12
16	1
61	127
42	70
0	78
0	0
11	0
0	71
0	95
0	23
7	3
1	0
0	35
0	0
0	0
4	0
0	61
0	58
108	4
0	4
0	4
17	115
36	117
0	108
75	129
19	167
0	118
0	161
0	109
12	44
6	28
0	37
0	18
3	27
0	2
0	7
37	18
0	0
13	25
0	21
0	5
0	7
0	4
0	0
0	6
1	0
27	0
0	3
42	23
0	23
1	20
1	0
0	14
141	60
0	19
10	46
4	43
2	11
0	7
130	61
0	2
2	56
17	0
5	0
11	110
89	96
0	96
127	20
1	7
127	541
1	552
0	386
0	3
0	4
6	11
259	149
69	283
0	83
170	21
0	21
4	1
2	1
0	4
0	24
0	26
164	88
7	79
91	93
0	50
0	47
0	47
0	16
63	227
0	243
46	11
0	10
0	17
0	43
0	16
0	112
0	111
15	111
0	112
0	71
0	95
0	0
0	3
1	0
0	23
0	122
38	36
0	127
16	17
40	17
0	23
51	4
0	8
183	170
19	157
2	23
0	2
0	2
0	1
231	515
20	126
0	514
7	62
0	2
59	0
40	0
23	0
2	47
1	32
0	417
0	417
0	12
0	12
6	413
0	417
60	415
0	7
0	4
0	4
0	4
26	5
1	0
0	0
0	4
0	416
13	33
3	96
0	0
0	6
0	2
126	1
3	0
1	4
0	2
2	72
1	35
0	40
0	0
0	0
0	12
3	0
423	0
1	1
0	1
0	0
0	1
0	161
137	161
75	10
2	7
55	0
241	0
159	44
0	15
0	14
0	38
0	2
6	2
0	2
0	6
1	6
0	2
58	0
0	18
0	294
0	0
0	1
0	284
125	7
7	7
3	0
0	0
4	0
0	0
0	0
0	0
30	17
0	17
0	12
83	104
0	104
0	89
0	85
3	12
23	28
93	22
0	39
0	39
0	39
28	0
0	0
181	26
0	24
0	0
2	1
3	0
0	7
0	22
0	0
0	20
0	2
0	0
0	7
7	9
0	1
9	2
0	7
0	1
0	0
0	1
0	5
0	5
3	93
0	93
0	4
0	85
0	73
83	85
42	41
0	85
21	38
0	3
1	0
0	3
0	1
0	2
0	1
0	1
0	1
0	1
0	1
0	13
0	14
0	1
2	31
0	31
0	1
0	2
0	0
4	0
80	12
0	12
0	0
71	104
0	113
0	62
12	71
0	55
17	23
5	8
0	85
0	85
0	32
25	28
0	28
1	0
5	5
0	5
0	3
0	3
4	3
0	3
0	3
0	39
0	9
2	0
0	39
3	9
33	9
0	0
1	1
7	0
0	37
0	12
4	12
0	0
19	0
0	9
0	4
0	6
0	4
8	3
0	1
0	6
0	0
0	0
0	0
0	0
0	7
456	0
0	3
0	5
0	7
0	10
0	5
5	343
0	51
0	16
144	14
0	18
0	7
0	0
3	9
71	312
20	13
3	18
1	8
0	8
0	5
0	40
0	40
0	22
0	18
2	0
10	11
0	9
4	21
0	41
0	41
0	21
1	21
21	26
0	18
60	4
9	0
0	10
4	5
15	4
4	10
22	0
0	0
0	0
5	0
3	0
473	13
23	12
32	12
58	2
0	26
0	26
11	26
0	1
0	15
44	25
0	350
3	24
1	0
0	8
6	29
5	357
0	356
11	5
0	6
0	4
0	1
0	0
0	1
5	17
0	17
0	19
0	19
0	2
0	2
0	2
53	2
15	2
49	2
0	67
0	67
180	11
4	0
1	1
11	0
24	0
0	67
0	3
0	0
0	6
0	6
0	6
0	6
0	5
0	0
6	3
0	5
0	3
115	46
11	46
2	44
0	3
0	3
0	0
0	0
0	0
13	0
538	69
5	68
0	1
0	0
0	81
0	59
0	80
0	80
0	77
0	55
0	81
0	59
0	5
468	84
11	44
8	40
49	21
497	46
681	0
1	46
0	31
0	44
3	49
0	45
0	46
0	0
0	2
1	1
0	48
0	0
0	15
3	0
0	46
50	85
0	70
0	0
0	0
3	28
0	28
110	5
8	5
0	4
113	48
0	43
0	10
1	6
2	16
0	1
9	17
0	2
0	9
1	9
0	0
0	1161
0	1161
0	734
41	3
0	0
516	1
0	0
0	0
1	0
0	1157
0	1150
83	0
39	125
0	1161
12	1196
0	54
3	54
0	7
0	0
0	0
0	7
51	7
0	21
6	3
0	8
0	0
0	21
5	19
0	17
5	4
0	4
0	1
45	5
29	28
126	28
2	0
19	131
67	118
0	55
0	29
0	21
0	10
0	10
0	13
0	20
0	12
0	8
0	3
0	22
27	22
21	0
0	1
18	12
0	12
520	48
1	24
0	44
0	20
3	0
2	0
2	0
15	4
14	16
5	16
0	117
0	117
2	1
146	345
1	177
160	169
0	73
0	68
0	36
49	91
3	51
75	14
2	14
5	16
0	16
2	7
68	171
0	105
0	166
8	0
107	979
0	166
0	77
1	811
0	11
6	12
0	4
2	3
0	3
0	1
2	0
0	0
22	0
45	7
1	7
0	4
0	1
0	1
0	0
10	7
0	6
3	10
0	4
0	0
0	0
0	0
2	0
0	1
1	4
0	0
0	2
0	18
0	18
0	5
0	54
0	17
0	47
0	18
120	244
0	244
0	53
0	77
0	23
0	113
0	92
0	0
2	0
0	0
0	0
0	21
0	1
101	0
110	7
3	0
0	7
1	1
1	274
0	4
18	4
4	4
26	3
0	3
61	222
0	222
0	9
0	0
0	86
19	175
0	175
48	166
0	25
0	0
0	52
3	12
67	83
0	10
0	62
0	7
0	25
0	6
0	40
13	21
22	83
47	26
0	22
2	12
0	20
0	18
0	20
0	20
51	1
0	0
2	0
0	0
301	0
1	19
1	9
0	5
0	3
8	6
0	78
7	83
0	32
0	3
0	0
0	1
0	1
3	11
0	10
0	11
0	28
1	2
0	5
0	1
0	14
0	0
23	11
0	14
35	107
0	107
1	46
0	43
0	39
0	6
0	0
12	138
3	137
0	22
0	22
125	35
2	0
8	4
0	4
0	0
3	0
0	0
0	0
0	1
1	2
0	1
0	1
0	1
0	0
0	1
21	38
0	14
3	0
0	24
9	0
0	43
0	43
0	9
0	306
0	309
0	159
0	124
10	127
0	3
0	12
12	16
28	16
11	12
0	16
0	1
0	5
0	5
0	1
14	4
3	0
0	0
48	11
6	11
6	8
0	8
0	0
0	5
0	5
0	5
5	0
14	102
75	106
0	8
0	0
0	1
0	0
17	50
0	50
30	50
1	2
2	0
0	248
0	248
0	248
0	248
0	3
91	163
1470	136
0	163
1	135
698	115
31	71
0	0
0	0
0	2
0	156
113	15
132	149
0	1
2	0
0	0
2	412
0	412
32	2
19	0
3	2
0	0
0	3
7	6
0	5
0	2
0	2
0	2
1	2
0	2
0	2
0	2
0	2
0	0
3	31
0	29
48	39
0	5
14	11
12	9
0	2
110	98
19	98
4	9
4	9
30	90
0	96
0	96
0	43
0	37
0	12
32	0
0	0
0	9
0	10
166	622
12	10
0	0
0	4
0	4
0	4
0	0
3	0
369	616
4	41
0	41
0	30
0	32
0	76
0	76
0	89
13	88
0	86
0	13
9	56
0	1
0	56
0	9
0	3
1	4
0	21
0	54
4	1
0	32
0	19
6	11
0	102
110	97
0	0
0	22
9	16
16	4
21	15
0	3
0	0
0	11
1	4
5	11
0	3
0	39
0	38
0	38
0	38
8	39
0	38
41	0
3	0
3	7
0	1
5	0
844	30
0	5
0	28
2	17
53	17
225	209
4	45
0	169
5	144
0	67
8	1
0	60
0	7
15	1
5	0
0	5
0	50
1	3
9	0
0	33
0	1
191	7
0	3
8	2
39	38
0	77
47	54
81	56
35	75
1	55
9	1
7	0
9	1
5	0
0	0
0	0
2	0
0	0
1	0
0	0
0	0
0	1
0	0
0	1
2	2
0	1
0	0
0	1
0	0
0	23
0	22
4	23
2	18
0	11
1	6
63	0
35	1
3	1
25	67
0	45
0	39
0	6
0	0
0	0
0	0
28	4
6	59
0	43
6	58
10	16
0	3
0	8
0	6
0	0
0	0
0	6
1	0
0	0
0	0
8	4
1	4
0	17
0	18
0	17
0	17
0	87
0	12
0	5
0	5
0	75
0	0
3	52
0	0
0	0
0	0
0	1
0	0
0	2
2	11
0	0
1	51
3	50
0	21
0	21
0	20
0	6
1	4
1	4
0	21
0	21
82	25
4	25
0	4
4	0
653	0
0	12
0	0
0	1
0	12
0	16
0	16
130	0
0	78
0	115
119	41
0	8
0	0
0	0
1	4
22	15
12	75
1	0
9	20
0	20
8	18
2	0
4	7
0	7
448	1
0	1
99	0
10	103
0	106
23	67
0	55
0	62
0	13
1	64
0	62
0	28
2769	574
160	574
0	88
35	97
0	82
0	40
31	6
3	22
5	3
0	3
0	9
0	1
0	30
4	1
3	0
3	2
25	5
18	33
0	32
199	466
0	17
1	210
18	1
0	116
11	10
0	4
0	0
0	6
0	21
42	21
0	11
0	1
0	1
0	3
0	7
0	2
2	0
0	62
0	62
0	20
0	6
5	3
5	13
1	0
1	0
0	0
401	7
0	5
20	2
0	0
44	11
0	0
0	0
8	0
0	11
51	7
8	1
3	1
0	5
92	130
0	42
0	119
207	17
0	17
42	6
0	2
0	72
22	146
8	123
59	125
0	46
0	34
56	60
5	23
1	4
1	0
0	22
98	34
0	13
8	7
0	1
0	18
325	1226
5	203
5	75
3	21
0	17
201	44
1	44
0	0
398	53
0	492
0	492
0	470
0	125
434	111
0	84
0	0
0	27
0	2
141	4
0	179
3	0
0	0
0	0
0	0
0	179
0	3
0	13
0	13
0	13
0	13
0	11
0	1
0	1
8	1
0	0
7	18
0	18
1	16
0	0
1	0
3	0
0	369
73	369
0	0
0	5
42	6
0	2
0	5
0	5
0	5
1	0
2	3
41	16
0	2
2	1
0	2
9	0
3	15
196	12
0	7
1	17
0	35
3	1
3	47
5	12
101	8
0	2
3	3
44	1
3	9
0	7
13	7
0	4
40	17
6	4
0	4
70	30
0	4
11	26
40	11
489	59
0	12
0	59
16	11
0	11
0	0
0	0
1	0
7	6
17	6
0	20
0	0
0	16
0	32
2	32
0	27
0	27
0	31
9	0
1	28
0	32
785	418
0	413
1	2
443	319
0	88
0	76
14	22
32	22
0	205
55	218
3	198
0	22
0	0
18	1
7	2
3	85
0	13
5	229
0	5
0	5
0	2
2	36
0	36
0	0
8	0
0	0
13	0
178	95
0	104
4	53
0	63
0	29
96	0
2	0
57	88
0	74
0	27
992	42
0	282
0	545
0	256
0	326
0	243
68	12
0	14
1	107
7	233
0	180
10	70
0	1
0	26
5	159
55	40
0	39
0	5
0	28
11	28
0	0
0	1
0	7
9	11
2	5
0	5
0	11
3	4
0	13
0	2
2	10
0	0
61	6
7	12
0	1
0	7
0	0
3	0
0	5
0	0
56	244
0	1
0	243
0	0
6	176
16	176
0	7
0	6
6	566
767	513
0	30
0	0
0	0
0	32
0	2
0	2
0	2
0	33
0	25
0	25
0	0
2	0
0	0
0	0
0	0
0	2
0	4
3	8
0	0
0	0
26	21
0	21
0	2
0	2
5	1
0	2
10	91
5	130
0	72
11	26
0	25
0	26
0	12
164	0
0	0
0	205
30	173
0	84
241	240
98	79
0	161
0	183
2	54
0	60
0	216
0	13
330	18
0	2
0	3
0	3
598	19
1	18
38	7
2	8
0	7
0	4
0	0
2	0
7	1
0	3
0	0
11	0
139	230
0	230
0	2
1	69
0	69
0	12
0	79
5	12
3	0
2	74
0	49
0	0
5	1
0	0
0	1
0	0
4	0
5	0
101	21
2	21
0	7
0	0
1	0
31	12
0	4
0	4
0	68
0	4
0	68
0	1
11	0
0	0
371	4
0	4
5	0
0	0
0	0
0	0
5	23
0	0
3	0
0	0
692	40
614	28
20	23
34	14
0	14
120	18
0	17
6	0
1	16
10	0
6	4
9	4
84	4
2	3
12	3
4	701
0	716
0	0
0	716
0	22
19	14
174	13
0	13
0	21
0	3
0	0
51	0
0	2
0	2
1	2
85	27
163	27
11	80
0	80
31	54
0	10
0	27
3	0
0	0
44	8
28	7
0	0
0	74
0	87
0	87
0	9
90	2
0	1
0	2
0	2
1	0
3	2
1484	0
100	284
5	33
28	25
1	0
344	251
6	0
63	1
0	11
2	11
17	6
0	8
3	3
0	1
0	11
0	16
6	17
0	16
178	0
73	1
77	40
0	10
23	267
0	272
0	220
0	236
0	236
53	236
6	154
3	0
2	6
17	19
0	10
4	6
2	317
0	380
2	6
0	1
0	5
20	0
2	6
13	0
20	365
58	276
279	11
4	0
9	0
0	14
0	10
0	10
0	20
0	10
0	6
0	6
5	0
0	6
33	19
2	11
0	6
0	12
0	7
0	6
0	4
6	4
0	4
0	9
0	4
0	1
0	3
0	0
0	0
0	23
2	1
0	1
0	1
31	89
0	7
0	3
0	84
12	22
0	19
3	9
0	17
0	2
1	63
0	84
6	52
0	81
0	67
0	83
0	60
6	88
4	30
71	9
0	7
3	0
15	0
0	0
0	0
8	1
33	0
119	2
77	59
0	35
1	15
1	18
0	17
0	7
0	0
1	0
0	0
908	381
1	0
17	373
0	9
0	9
0	4
3	5
0	0
0	0
0	9
32	6
16	91
268	89
0	10
18	6
11	253
0	326
0	279
19	334
75	6
0	14
0	6
0	7
1	0
8	7
0	0
0	0
89	0
98	9
13	0
0	0
0	16
166	102
26	1
59	1
0	86
184	79
10	63
1	27
1	0
615	113
0	235
0	233
126	8
3	1
2	2
0	5
471	82
25	82
7	46
2	6
0	4
1	8
2	0
2	6
11	14
73	36
0	0
0	3
6	0
50	162
0	0
0	0
12	3
0	1
3	0
1	0
58	193
0	3
0	29
5	3
43	33
0	31
39	3
0	3
5	3
0	4
0	3
0	1
0	0
93	60
0	10
6	53
0	49
1	0
0	15
0	3
4	5
0	6
0	6
0	4
6	0
30	8
0	8
3	0
0	0
1	0
0	1
8	16
0	17
0	17
0	14
0	16
0	41
4	11
7	11
4	40
7	40
25	0
40	22
3	5
0	0
0	17
1	0
0	2
0	2
0	2
155	4
1	4
0	0
22	59
9	59
0	63
0	165
0	49
46	62
0	26
35	159
0	9
12	8
0	1
0	144
0	153
0	14
2	24
3	77
0	4
5	73
10	6
0	6
9	11
37	90
0	74
3	4
9	348
0	367
30	0
0	0
17	4
128	27
0	27
7	10
5	4
0	1
3	1
0	1
0	1
0	0
0	0
0	0
10	4
11	0
22	89
0	89
0	0
3	10
9	43
0	0
750	19
1994	19
31	0
19	19
0	9
0	99
0	0
28	21
16	0
0	21
39	15
49	15
28	19
0	9
2	11
3	4
13	0
0	0
0	0
58	1007
34	962
0	736
4	0
0	0
19	0
0	53
1	51
13	0
33	397
0	48
0	343
0	340
16	13
0	13
166	111
47	5
50	4
11	4
6	76
0	76
71	81
0	81
82	132
72	4
0	0
30	17
309	8
0	0
0	8
6	41
13	14
14	6
0	31
0	12
1	3
0	3
0	0
0	49
0	49
0	36
42	34
25	34
0	10
0	7
0	0
55	64
0	16
35	58
70	32
132	32
0	64
24	42
11	142
1	2
10	4
131	100
0	65
26	13
3	2
1	0
1	3
0	36
0	7
1	7
0	22
0	18
1	25
0	11
0	8
85	0
4	1
0	1
11	15
0	15
0	11
0	8
7	0
0	0
10	6
1	30
0	1
0	7
0	30
0	15
0	44
73	44
0	14
0	21
0	24
4	1
0	3
25	65
36	163
0	140
0	145
0	26
0	101
13	73
0	57
0	53
0	70
0	42
0	42
0	24
0	1
3	0
0	0
0	0
0	1
0	1
1	0
4	0
1	45
8	0
153	0
143	19
1	1
0	0
0	0
4	0
0	0
21	9
6	3
17	0
0	0
6	0
0	0
0	0
0	0
17	3
8	0
2	27
0	22
0	14
0	9
0	4
0	6
0	11
0	0
0	11
11	4
0	3
0	11
0	3
0	1
2	1
471	1
3	0
0	0
9	0
0	157
0	32
7	22
0	146
0	125
0	22
0	14
0	21
0	0
0	73
0	73
1	0
176	0
0	32
0	32
0	166
0	166
33	113
0	113
0	8
0	2
0	2
0	0
0	0
12	0
0	0
0	0
69	7
0	0
1	7
0	17
0	0
0	24
58	3
0	3
76	11
0	0
384	231
12	279
0	51
20	38
34	18
5	2
0	14
0	14
0	14
5	38
2	4
0	4
3	0
0	0
0	0
0	2
1	0
0	0
0	0
0	0
0	14
0	1
0	11
1	6
0	6
28	1
0	4
0	9
19	41
0	9
9	32
0	10
10	2
0	2
11	0
4	0
2	0
3	4
187	893
1	888
2	0
0	5
82	157
4	0
0	157
0	0
15	4
61	93
0	93
312	125
67	32
1	0
0	34
0	41
7	144
0	21
4	125
0	0
23	136
0	579
0	5
0	5
156	731
0	155
131	520
198	684
0	121
210	561
8	3
0	3
0	5
0	155
3	176
0	275
0	229
0	177
42	177
257	111
0	166
1	168
0	0
89	275
727	275
15	22
0	71
2	6
0	6
0	0
0	118
9	299
0	6
10	534
3	519
0	505
21	99
0	158
127	1177
0	1175
1	0
9	13
3	1
0	16
0	18
0	18
1	16
0	10
0	2
5	9
0	8
0	0
0	2
0	0
0	16
0	21
0	4
0	21
12	4
9	0
0	0
0	53
0	53
0	9
234	7
0	3
0	0
0	0
0	0
0	4
12	206
2	0
0	0
0	0
0	0
2	50
0	43
3	0
170	33
0	33
3	0
0	0
42	87
9	0
19	57
4	2
7	5
86	87
32	55
12	55
12	0
0	0
4	24
1	0
0	0
0	0
193	0
5	7
14	0
0	0
0	5
0	5
0	0
0	0
0	31
0	8
0	15
0	13
0	15
11	51
8	45
0	6
308	0
0	49
3	49
0	31
4	46
3	12
20	4
0	10
0	1064
0	1
3	1
6	1
3	4
189	10
0	10
3	10
0	7
0	2
0	0
0	1064
1	0
1	8
2	8
43	80
0	79
50	23
0	4
5	48
9	11
0	18
0	18
0	2
0	5
0	3
1	5
0	0
0	0
0	0
0	20
0	0
0	0
16	13
0	3
0	13
37	0
746	178
0	180
2	65
0	41
0	10
0	10
15	2
11	2
0	3
0	6
0	6
0	0
0	21
12	21
0	12
0	8
3	9
11	19
17	5
3	0
119	31
0	31
2	2
346	160
30	197
79	148
8	134
0	11
46	1
0	62
0	74
45	115
1	0
319	61
212	48
2	12
0	16
0	0
85	0
0	9
3	9
0	9
10	30
11	12
0	0
0	14
0	9
0	9
0	9
52	20
9	19
0	23
0	91
0	0
0	2
0	0
0	0
2	0
0	0
1	0
4	0
5	1
0	1
0	0
0	0
0	105
2	7
0	7
10	202
0	202
0	134
0	30
44	8
34	13
34	13
0	1
0	1
0	1
0	1
196	202
0	204
32	2
0	0
0	43
16	35
55	36
0	13
4	1
0	1
0	1
0	0
60	7
0	16
4	257
1	173
0	150
87	16
2	0
0	31
10	0
0	0
0	1
0	1
95	42
832	42
45	16
0	39
128	49
0	7
1	4
3	4
24	47
0	0
0	1
0	0
163	9
0	17
0	17
44	150
12	30
86	120
0	1
2	9
0	0
0	35
0	1
0	0
47	157
17	141
0	0
0	3
2	2
60	1
0	0
0	1
0	0
4	0
0	1
7	9
0	9
0	16
0	16
0	13
17	65
0	0
0	3
0	13
0	76
2	0
0	153
110	174
0	24
0	2
1	2
0	2
20	7
0	100
0	99
0	4
0	1
14	50
0	50
1	0
0	2
0	2
0	0
52	31
69	35
4	6
2	2
40	0
1	0
1	29
0	0
0	0
0	0
0	0
0	0
0	0
0	0
5	0
0	0
0	0
0	0
0	0
0	0
0	0
0	0
0	0
0	0
0	0
0	0
0	0
0	0
0	0
0	0
0	0
0	0
0	0
0	0
5	16
0	10
0	0
0	0
0	0
0	0
0	1
0	1
0	5
1	0
0	4
0	16
16	0
0	0
0	132
0	132
0	8
0	0
0	7
0	0
0	2
0	24
0	24
3	6
0	6
0	6
0	1
11	0
34	1
18	69
0	4
0	4
0	0
9	44
3	49
5	16
61	17
0	0
0	0
0	3
0	3
0	5
0	0
0	44
118	5
0	39
3	214
49	411
71	383
0	212
0	28
0	23
32	10
3	6
6	0
0	0
2	0
5	5
0	5
49	0
9	25
0	25
0	20
0	17
6	41
0	20
0	11
0	34
8	54
0	10
0	10
30	29
0	43
1	72
0	45
57	28
0	49
0	7
0	0
0	49
3	3
0	3
0	1
0	0
0	0
0	0
0	1
0	1
23	46
0	65
18	115
0	0
0	0
0	0
15	153
751	1
0	60
37	50
8	50
3	49
8	41
0	41
28	27
5	0
94	3
8	3
5	15
0	45
0	45
0	72
0	54
463	33
0	16
25	39
0	54
0	0
0	5
0	5
0	21
0	10
10	22
40	290
0	1
4	3
18	4
2	1
130	43
0	0
12	86
0	106
14	26
0	20
21	9
0	0
4	7
0	123
47	25
0	18
0	32
17	14
0	0
0	9
4	0
27	0
0	0
0	4
0	0
14	11
0	30
8	34
0	0
3	6
0	13
1	4
19	17
1	4
0	4
430	3
109	0
92	3
148	0
2	74
0	67
6	74
2	68
0	74
0	87
0	89
417	76
0	75
2	0
0	76
0	1
2	1
27	14
0	11
1	3
0	3
0	3
0	1
0	1
6	13
0	13
3	0
38	0
0	0
0	2
1	0
0	0
0	2
0	2
534	0
0	0
0	0
0	0
45	0
2	20
0	0
1	0
8	20
1	0
10	0
0	2
1	2
5	170
72	170
3	0
4	0
17	60
0	1
0	2
5	0
3	0
285	0
5	12
0	12
0	0
90	2
0	2
0	2
0	14
11	0
0	0
0	14
242	10
56	10
21	241
49	4
0	4
2	0
7	14
0	6
12	3
0	0
42	2
0	0
0	0
0	0
0	6
0	14
0	24
54	67
23	15
0	9
0	28
69	5
0	5
8	44
0	27
416	69
0	69
0	1
5	9
0	1
0	1
24	1
13	1
1	1
0	0
0	1
9	105
9	25
0	113
1	1
0	1
91	150
33	154
0	3
0	1
34	102
0	104
8	0
3	6
0	6
3	6
0	0
0	0
0	40
0	37
0	12
192	40
5	0
1	0
0	59
10	0
4	1
140	2
15	5
4	5
0	0
0	0
25	4
0	13
91	188
0	180
0	0
60	759
0	484
110	752
0	11
29	0
286	44
0	12
0	1
0	15
0	0
0	44
0	13
0	13
0	6
52	77
3	57
3	20
140	26
0	54
0	8
0	1
7	48
20	3
0	1
0	4
0	56
0	56
10	325
0	0
4	326
0	277
0	2
1	0
0	1
1	0
2	209
25	23
0	12
0	0
2	0
0	21
10	15
0	17
0	20
1	3
1	7
6	3
1	3
3	3
0	6
0	3
117	32
0	33
10	32
1	32
0	77
0	77
0	5
0	0
1	0
0	0
8	187
0	144
0	145
0	134
48	37
0	20
57	8
0	7
0	234
0	233
0	6
0	3
24	5
2	0
62	9
0	9
12	20
7	88
42	88
0	0
0	0
204	220
60	19
11	6
31	6
28	0
0	0
0	8
6	4
0	8
338	4
0	8
61	2
0	1
4	0
2	1
72	0
0	0
2	0
0	0
0	0
0	0
0	0
0	0
0	0
0	3
4	12
8	9
151	34
0	34
0	109
1	129
16	35
1	35
43	3
0	0
0	39
0	30
10	0
15	106
56	106
0	17
0	4
0	10
0	0
0	17
299	51
12	51
24	23
0	7
0	7
0	2
131	8
0	1
0	0
0	0
0	0
0	0
0	0
0	0
2	7
0	0
9	1
0	2
0	2
0	0
0	0
0	0
1	0
0	1
0	2
128	2
0	2
0	0
1	0
0	2
2	35
0	0
12	0
0	2
0	3
0	3
8	7
0	7
0	6
0	71
0	71
22	51
0	95
0	95
496	171
1	36
0	35
1	24
7	7
44	55
75	55
0	1
24	5
14	11
3	7
9	75
4	2
1	25
316	0
0	7
0	5
0	4
0	48
8	0
0	29
0	8
14	45
1	28
81	51
0	39
0	6
0	12
0	17
0	17
0	7
1	0
0	0
7	83
4	83
0	1
0	43
0	43
27	18
0	102
1	0
0	77
0	202
130	202
0	2
0	50
0	50
2	20
0	3
0	3
0	1
0	0
3	1
0	1
0	207
110	207
6	196
0	0
14	0
0	0
9	143
0	62
25	52
0	52
577	36
0	29
20	2
0	2
0	9
2	9
288	84
0	4
0	87
2	84
8	3
2506	125
0	125
1	0
0	39
2	39
0	9
69	17
0	2
0	10
4	15
0	5
6	3
0	3
0	1
0	0
15	45
10	45
71	14
0	3
0	0
0	0
9	3
0	3
0	3
1	0
2	0
0	1
0	1
18	11
15	10
138	101
20	100
1	92
1	0
0	1
314	69
38	76
16	58
0	49
7	14
294	7
0	1
0	7
0	6
0	0
0	0
0	0
0	7
20	64
0	27
0	20
0	20
0	10
0	10
5	0
0	0
9	6
66	50
0	55
0	28
1	2
5	0
2	233
504	587
0	582
2	508
1863	290
0	20
26	0
0	39
0	39
0	39
0	9
12	104
0	104
0	36
0	35
0	1
0	4
349	110
0	110
2	87
0	154
0	206
41	165
0	60
18	59
0	59
1	4
1	3
0	151
303	114
0	42
0	0
7	3
0	2
139	42
2	0
0	0
0	19
1	19
0	3
1	9
0	20
0	20
5	20
0	0
173	159
315	159
3	26
2	161
0	161
0	47
0	152
0	41
122	70
0	28
0	1
0	12
0	9
0	41
153	133
0	43
0	12
0	49
0	11
0	127
0	8
0	4
0	14
1	10
0	0
0	11
0	11
0	11
0	7
0	0
4	25
0	25
11	217
0	9
0	66
0	69
51	345
12	338
149	94
0	95
0	32
0	6
8	65
0	2
0	11
1	0
248	0
10	2
0	3
15	28
0	0
0	3
2	0
111	28
88	47
0	9
5	21
4	49
0	58
13	138
3	138
17	103
12	25
17	4
0	0
0	0
0	1
0	0
82	189
0	204
0	218
3	30
0	30
11	3
0	3
1	0
6	19
0	0
1	4
9	17
3	0
16	2
0	2
13	0
6	0
2	13
0	63
0	60
0	44
0	104
0	60
18	0
0	5
12	128
0	123
423	32
0	2
0	1
0	9
0	9
0	9
244	9
0	1
2	0
147	0
0	6
0	6
0	806
4	806
0	18
0	2
0	2
0	2
0	2
45	11
0	10
2	0
3	29
0	9
266	18
0	2
6	4
0	5
12	67
0	1
0	2
12	66
31	28
147	42
3	0
0	6
0	9
0	9
16	33
309	34
3	4
41	4
848	0
27	0
0	150
5	5
172	359
0	93
0	8
2	362
0	362
0	0
8	8
24	82
6	17
0	16
4	71
9	48
0	37
0	0
0	1
0	0
1	1
0	3
0	3
0	3
3	0
4	10
0	10
0	38
1	38
0	32
0	14
47	110
20	110
0	109
0	2
20	34
0	29
39	45
0	18
0	9
0	7
1	3
0	1
16	2
0	1
0	1
9	1
1	1
0	1
8	4
1	4
0	1
0	4
0	4
0	1
0	0
25	3
163	0
18	3
22	32
10	3
0	1
114	232
0	82
1	15
2	4
0	1
0	0
0	3
0	3
0	3
30	219
5	187
0	225
564	137
42	0
4	0
10	4
0	4
0	43
0	0
1	0
0	0
10	21
0	17
0	5
0	6
6	113
369	89
310	30
0	103
0	1
0	2
0	2
0	0
25	2
0	0
5	5
0	5
0	5
0	33
0	33
0	5
0	5
0	0
0	0
0	0
0	0
0	0
7	43
130	44
0	44
8	0
0	0
0	0
0	23
0	23
0	1
0	0
0	13
0	4
21	7
4	0
0	3
13	27
76	299
26	299
7	0
2	396
0	386
0	384
0	386
0	12
0	396
0	1
24	1
90	261
605	261
0	14
0	14
0	14
0	185
0	76
0	105
0	189
159	99
0	105
0	212
0	7
607	0
2	49
72	34
15	90
0	212
0	114
0	212
5	29
7	29
0	3
49	5
0	5
0	2
4	0
281	203
0	50
363	138
2	6
0	31
0	112
0	84
17	101
228	146
111	0
0	4
0	15
0	10
0	5
0	6
0	16
2	15
1	5
0	13
0	15
0	0
0	0
0	4
0	8
1	0
7	6
0	6
0	0
0	0
5	12
0	10
0	0
1	0
0	2
2	2
0	12
0	12
0	0
3	10
0	0
5	8
0	0
39	19
52	8
72	164
66	165
0	145
0	9
1	0
3	2
1	8
18	14
2	14
1063	102
0	0
0	0
0	20
3	89
3	0
42	34
349	34
0	0
1	1
0	1
77	337
0	21
0	23
15	2
0	42
0	8
2	7
4	5
0	0
14	319
100	111
5	88
0	90
0	64
12	4
23	0
326	14
0	0
1	0
111	37
0	20
0	0
83	37
32	16
0	16
0	0
37	31
0	31
3	2
24	71
183	69
30	13
0	77
87	69
5	0
57	4
9	3
1	3
4	3
12	9
0	9
256	47
0	47
4	4
0	2
0	6
0	1
5	1
5	0
56	176
17	173
0	180
0	180
156	173
0	0
4	4
0	0
0	0
2	3
0	135
0	135
3	21
3	7
0	1
0	1
0	1
0	49
18	49
40	31
0	17
11	75
0	14
0	5
0	0
0	0
0	0
0	1
59	14
21	12
0	0
0	0
17	2
0	0
0	45
0	16
0	14
0	45
8	0
80	1
0	1
0	1
0	1
0	1
0	0
4	23
0	23
0	23
0	17
0	12
3	2
6	2
0	2
3	0
0	0
0	2
11	72
29	36
3	7
0	0
0	0
69	0
0	2
0	2
0	0
1	15
0	15
0	4
0	1
0	0
0	0
0	0
0	15
1	4
0	4
0	8
21	7
0	5
0	4
6	0
0	3
24	3
1	0
4	0
1	0
363	21
0	23
2	8
31	260
0	40
0	24
23	3
0	10
0	3
18	0
0	2
6	1
0	25
0	7
0	0
28	219
32	4
58	4
0	0
0	0
445	1149
0	43
28	155
0	1106
0	218
69	218
126	163
57	90
4	122
0	5
867	26
779	1282
7	1323
0	168
12	123
0	39
13	138
0	8
4	0
12	28
16	5
0	5
451	24
1	2
0	2
0	0
6	1
0	0
0	28
0	0
8	0
75	29
0	20
29	6
3	608
48	640
1	599
0	1
1	0
0	1
26	0
123	483
1	388
0	1
5	0
0	1
385	112
0	2
0	14
4	9
9	13
0	83
0	141
40	0
0	8
0	70
0	141
0	0
11	13
0	10
0	8
0	0
3	0
1	0
21	18
24	5
0	2
0	0
5	2
0	0
0	0
0	5
56	18
0	11
0	7
2	0
17	2
7	0
24	8
0	2
0	5
249	63
0	65
57	47
280	2
76	0
4	3
0	12
0	12
0	12
0	6
7	2
0	0
0	2
4	3
0	0
7	43
0	0
30	71
29	375
94	0
11	0
0	7
0	4
505	287
371	38
70	37
0	0
0	0
88	75
0	0
0	54
63	0
0	0
118	13
0	103
0	18
53	76
0	27
0	103
0	96
0	27
3	50
0	107
34	0
3	107
0	86
0	17
10	0
23	326
20	270
0	274
0	265
2	259
2	76
0	61
154	1
1	0
0	2
207	0
62	7
22	59
0	46
0	57
0	55
20	41
0	38
1	38
0	11
0	2
0	2
0	2
0	6
3	2
37	0
0	1
13	0
173	0
1	0
0	0
1	2
1	1
1	2
0	67
0	67
0	17
0	2
0	2
116	1
0	0
63	1
16	7
0	435
0	440
115	65
0	65
888	40
4	0
0	29
0	33
3	43
29	14
0	13
0	20
4	7
0	6
2	6
4	15
0	17
64	240
0	2
15	8
63	184
0	170
4	176
0	171
0	31
0	31
0	31
0	9
2	0
0	0
5	21
0	21
0	1
1	10
3	0
0	0
55	0
0	0
359	27
57	4
0	23
2	65
13	69
0	41
0	8
0	31
0	5
0	28
0	66
0	65
2	0
18	13
0	13
9	9
0	9
1	0
0	6
0	6
0	6
0	51
495	288
8	288
0	160
33	2
178	95
0	0
0	8
0	95
0	37
65	48
21	48
0	6
0	1
905	0
61	18
0	8
0	12
0	12
0	2
0	39
0	0
0	0
0	0
0	43
0	2
0	0
0	42
3	21
0	18
4	39
7	39
0	12
0	6
12	209
0	209
0	204
110	197
0	193
24	6
6	2
3	2
16	195
0	120
47	72
0	64
15	85
0	85
0	12
12	10
1	0
49	1
3	1
0	53
8	0
0	0
1	0
0	32
0	15
0	15
0	15
0	4
136	103
11	89
15	89
0	101
62	35
2	58
4	30
162	50
0	28
0	31
0	12
13	29
12	0
16	5
0	5
0	7
0	0
0	4
3	0
0	8
0	19
0	12
0	4
4	1
6	7
12	14
0	3
177	0
34	11
0	9
0	9
0	9
10	11
0	3
7	3
0	5
0	0
1	5
0	2
3	1
59	9
0	9
35	27
1	27
4	11
33	15
0	0
0	11
7	11
7	2
0	1
1	2
20	3
0	3
67	236
19	228
22	3
10	0
0	0
0	0
0	33
0	2
0	0
0	0
0	2
0	2
0	2
0	18
0	27
5	25
0	25
38	352
0	352
0	90
2	1
4	0
0	16
5	12
0	11
0	6
41	30
0	27
26	3
3	0
0	44
0	51
0	51
0	1
0	1
0	1
24	6
0	6
0	6
6	6
0	9
0	6
0	0
0	0
0	0
0	0
5	0
0	0
1	0
0	0
1	6
0	0
0	3
2	3
0	3
0	1
0	1
11	0
584	28
0	29
0	32
0	32
0	7
0	22
1	22
1	14
0	5
0	3
0	1
0	4
0	0
0	0
0	31
0	31
0	26
0	1
3	9
19	20
0	3
0	11
7	3
0	3
10	0
0	0
0	0
0	0
0	0
0	0
0	0
0	0
0	0
655	0
0	1
0	1
0	1
0	0
0	0
0	1
1	1
6	0
5	271
0	177
16	299
14	30
0	11
3	175
0	5
343	70
8	58
22	0
67	39
0	39
0	14
6	142
6	4
0	142
2	98
17	98
1	91
43	64
0	59
0	32
0	8
0	0
2	12
0	12
0	1
0	1
63	0
0	0
0	29
25	39
0	65
0	41
30	28
0	28
0	27
0	28
0	28
0	26
4	0
1	361
280	361
6	2
5	10
7	11
0	2
0	28
477	128
10	29
0	2
2	0
0	99
23	2
2	26
24	232
0	220
4	16
0	2
0	211
36	5
0	199
0	0
0	0
0	2
262	0
9	0
43	11
10	0
0	3
0	3
0	87
0	3
1	0
0	87
0	3
11	5
0	4
0	1
0	3
0	0
1	4
73	59
1	4
0	3
0	0
3	14
0	3
1	46
0	15
0	0
0	18
4	2
0	8
0	8
0	0
0	1
1328	322
3	322
143	102
0	102
1	0
0	0
347	0
0	0
2	25
56	125
29	2
0	2
0	1
0	0
29	3
1	3
163	81
3	81
7	86
5	45
71	45
0	20
0	2
1	2
0	2
0	15
106	0
0	17
49	17
225	183
0	43
0	44
0	27
0	27
0	39
1	35
0	23
7	10
0	36
0	21
0	141
0	8
1	8
0	13
2	0
0	0
0	0
0	0
0	0
12	0
18	7
0	7
171	3
329	97
0	90
0	24
2	0
10	2
0	0
20	0
1	0
31	3
734	3
0	0
0	0
90	41
10	0
126	26
0	28
0	19
0	23
0	25
46	17
0	7
0	7
221	34
0	34
0	142
5	106
69	140
18	84
0	47
0	40
0	47
122	0
0	0
0	0
0	0
0	0
0	0
0	0
0	9
0	2
0	0
0	7
0	0
0	2
1	68
26	0
21	38
12	48
40	44
306	52
61	83
263	5
28	7
0	5
2	6
4	4
48	0
172	194
1	11
33	188
12	3
70	15
106	33
24	10
64	35
0	12
0	26
52	30
0	1
0	0
11	66
8	0
0	3
0	34
77	35
7	3
11	0
0	19
5	9
145	41
202	10
95	41
43	57
0	57
0	49
37	53
3	47
3	43
2	0
4	0
48	3
0	3
0	260
0	260
20	11
0	9
0	3
0	0
22	3
21	123
14	40
0	19
0	40
6	18
0	19
75	13
58	270
576	12
0	12
29	0
0	25
0	242
0	195
200	10
5	9
0	9
1	2
0	2
0	2
0	2
0	2
0	2
0	2
0	0
7	0
10	19
7	0
0	0
0	0
0	8
0	8
0	2
817	0
0	0
21	127
3	3
19	124
23	137
7	316
118	316
5	1
0	1
0	12
0	2
4	1
2	1
0	0
0	0
22	41
2	7
0	7
0	7
0	0
68	35
1	0
0	5
0	35
3	35
4	15
8	15
0	2
0	379
258	398
0	12
0	4
1	5
1	0
0	5
1	80
0	0
1	80
35	0
4	46
9	35
0	11
0	9
0	0
0	29
0	0
0	27
1	29
69	57
0	57
77	16
0	20
7	20
10	20
0	18
4	24
1	104
4	3
0	1
9	46
43	45
164	33
0	0
11	1
0	5
494	6
102	26
2	5
0	5
652	24
4	32
524	577
0	1
0	26
26	7
40	9
0	7
1	75
20	76
0	8
7	8
0	8
0	8
0	4
3	2
5	2
5	2
0	2
51	0
0	0
0	50
366	545
0	5
1	545
1	6
37	7
0	1
0	0
0	0
0	0
1	0
0	0
39	1
0	0
7	4
0	29
0	378
0	359
26	366
5	3
2	0
7	14
0	14
54	15
0	7
0	7
0	9
0	90
1	90
0	35
19	50
0	0
0	12
0	48
95	7
28	56
2	16
0	146
0	146
0	146
0	146
0	146
114	0
287	0
26	200
5	200
0	169
0	169
22	56
0	15
0	0
0	0
2	2
0	1
0	7
0	0
3	32
0	25
0	2
162	6
0	0
0	45
0	29
70	23
4	21
1	0
1	0
4	11
49	1
0	36
0	21
0	33
0	52
0	75
0	2
0	0
0	0
0	112
0	141
188	0
1	5
124	0
14	24
0	24
0	11
5	3
0	0
0	4
0	3
5	20
0	2
0	0
0	0
0	0
0	0
0	0
0	0
0	65
2	70
59	43
4	2
1	2
0	2
0	3
44	0
738	66
0	49
21	16
2	9
0	12
15	6
0	2
0	0
0	1
0	4
4	0
0	0
11	0
0	14
0	13
0	10
0	12
0	7
0	3
0	3
0	19
0	1
171	0
9	32
0	13
0	45
5	16
0	18
0	6
4	0
0	369
1179	354
0	369
209	4
8	4
0	0
49	0
0	0
0	0
0	0
0	0
29	50
0	3
0	50
10	2
86	25
0	25
30	11
0	11
0	1
0	10
76	55
0	23
197	42
0	23
0	19
0	7
16	659
0	651
0	318
0	312
0	42
15	2
1	7
14	0
30	5
0	69
87	74
0	5
0	6
0	25
0	20
0	628
0	631
0	631
0	631
0	200
0	617
0	617
0	617
0	617
0	3
0	2
0	0
51	0
1	1
25	68
18	67
0	20
0	634
1	275
0	0
0	0
3	0
0	3
0	3
310	453
0	241
49	415
1	377
4	0
0	4
0	4
0	19
9	4
0	19
0	11
0	11
0	9
0	11
34	16
1	1
0	7
0	7
112	8
0	2
0	7
3	13
3	19
37	62
22	62
0	127
0	32
0	173
0	174
0	15
0	15
0	15
0	8
0	342
16	326
0	104
46	180
0	53
0	37
0	21
0	47
0	25
0	26
0	11
0	0
0	3
0	1
9	3
0	5
3	2
21	33
0	31
83	30
1	21
0	8
0	13
0	16
0	4
0	4
0	9
0	0
0	0
26	2
59	28
0	19
0	1
4	1
0	1
0	0
0	0
0	0
0	0
0	0
0	0
0	0
0	2
0	2
22	156
20	203
0	140
0	76
13	173
0	78
0	73
0	73
0	72
0	72
0	78
0	10
75	135
0	156
9	122
7	80
0	1
0	22
8	12
0	1
2	6
0	3
3	14
0	22
0	2
8	21
1	3
0	0
0	0
0	1
0	2
27	18
0	18
6	2
0	0
0	0
0	0
0	0
0	0
0	0
0	0
23	228
0	223
1	180
1	167
28	247
140	600
0	207
0	600
11	5
8	5
0	1
518	183
35	183
0	4
28	4
33	94
10	73
0	92
0	57
2	2
0	0
0	0
184	1
27	7
2	0
4	6
0	0
0	5
0	5
0	0
2	0
0	1
0	4
0	5
54	291
243	297
0	6
0	7
0	1
0	1
3	0
0	0
12	0
0	67
0	67
0	55
0	48
0	0
4	2
0	37
0	41
0	22
0	21
47	41
10	6
194	21
74	2
0	7
0	0
3	0
0	48
51	3
0	5
0	49
5	46
59	0
2	1
1	0
9	7
0	6
6	49
609	166
0	152
0	100
2457	494
0	66
0	20
10	19
0	374
0	29
1	21
610	27
1	27
22	143
0	129
0	129
3	96
0	0
0	35
0	34
1	15
5	2
0	17
0	17
0	17
0	17
0	1
45	1
12	5
0	5
0	345
57	345
13	48
8	0
1	0
0	10
0	7
1	4
0	19
0	0
416	1
8	17
8	17
0	1
6	177
0	183
0	159
4	125
16	119
150	169
0	56
0	29
2	0
0	3
0	3
0	1
0	0
0	0
0	0
45	63
0	63
2	63
5	0
0	0
0	9
0	9
0	7
0	7
1	71
22	51
0	8
8	28
2	26
0	0
687	158
0	1
30	3
37	155
87	35
0	16
0	0
1	0
1	0
98	68
0	65
0	74
1	31
0	0
11	69
0	69
31	74
0	104
26	50
0	46
10	38
728	0
0	0
0	0
7	3
3	0
0	2
0	0
0	2
0	1
163	3
0	3
0	0
47	31
170	479
0	466
0	419
5	9
2	244
0	6
27	380
46	0
0	0
11	159
0	110
0	2
19	46
0	5
0	0
0	33
4	9
8	30
5	5
2	3
0	1
0	1
6	2
0	73
0	73
0	70
0	70
0	30
0	131
0	656
0	655
0	656
687	1171
0	4
0	49
1	49
0	46
0	90
0	62
0	0
36	232
0	230
181	0
5	1
0	3
80	8
0	7
0	7
1	5
0	7
0	7
0	4
0	0
0	0
0	0
0	4
0	0
8	589
6	600
0	78
1	170
0	35
0	0
0	1
0	0
18	45
11	0
18	0
4	18
198	55
0	5
1	1
9	50
142	8
0	5
0	3
9	4
0	4
139	40
1066	43
3	0
6	6
15	30
9	6
0	21
0	0
4	0
0	3
0	3
0	3
0	0
0	3
0	3
0	3
0	3
0	3
0	3
1	3
3	0
1	1
0	0
0	0
0	0
0	0
3	25
0	4
0	5
0	5
0	5
1	5
0	5
14	0
140	114
0	103
47	0
8	108
31	2
12	95
0	61
7	63
0	63
0	63
0	61
0	0
0	0
29	34
0	91
0	116
0	20
0	15
0	7
0	0
0	2
0	2
0	2
29	2
0	104
0	70
6	90
0	27
16	63
2	21
0	26
33	166
1	4
0	0
21	175
0	27
0	41
0	40
13	40
16	66
0	65
2	0
1	26
0	26
0	24
74	123
0	51
24	46
1	38
7	115
0	110
0	110
2	3
0	3
0	0
0	3
0	3
0	3
5	19
7	0
1	0
0	6
0	5
3	1
17	22
0	7
0	0
94	14
48	3
18	13
0	4
0	1
0	4
36	1
0	1
0	0
0	90
0	90
0	76
4	90
151	3
1	0
0	0
4	3
0	3
26	38
0	1
0	71
61	59
6	59
0	11
0	0
1	0
23	150
0	4
0	54
70	91
0	15
0	15
0	14
4	574
0	8
0	38
0	15
1	7
0	25
0	25
0	570
25	371
32	84
1	5
2	5
0	5
45	5
0	2
2	0
5	0
0	5
98	24
1	1
37	80
0	1
4	22
208	130
0	93
0	0
2	0
1	117
1	58
0	318
1	322
0	1
5	337
0	337
165	222
678	256
3	206
5	108
0	56
0	11
0	31
44	1
0	0
10	0
6	12
0	14
72	1
44	30
0	17
0	17
9	79
0	19
59	13
1	72
0	72
0	65
0	19
0	2
6	10
9	0
0	1
0	1
0	1
37	5
4	4
2	0
1	0
0	3
0	1
3	13
5	1
0	10
0	24
12	22
0	24
0	15
0	10
0	9
8	2
0	4
0	2
0	3
0	0
0	3
0	3
0	1
0	6
0	1
1	0
0	6
3	24
0	19
0	38
0	49
0	66
0	66
10	4
14	2
132	464
0	476
2	0
2	0
17	13
18	81
0	37
0	81
0	2
0	4
0	8
2	0
79	0
0	0
4	4
7	5
0	13
0	14
0	14
0	0
0	0
8	0
0	15
0	14
0	13
0	201
0	12
0	6
0	2
0	283
0	279
3	8
0	8
0	6
0	13
0	9
26	2
1	2
0	131
0	135
0	118
0	18
0	106
1	0
107	83
1	0
2	0
0	0
0	40
0	1
1	0
0	2
0	2
0	2
227	63
14	63
0	41
0	1
0	3
0	0
3	1
22	1279
1	17
6	7
0	58
3	1261
0	30
0	30
0	30
7	6
34	50
56	44
2	28
1	2
6	2
5	2
0	1
92	11
0	11
247	0
0	8
18	3
0	8
0	0
0	7
0	6
2	25
14	26
0	6
0	48
33	50
3	4
94	20
19	6
55	1
11	4
254	11
49	17
0	14
0	15
0	30
0	30
0	6
318	7
113	4
0	3
5	0
8	0
1	3
0	0
0	1
0	2
0	118
10	32
0	35
0	118
4	0
0	0
3	0
3	0
0	0
0	0
128	12
0	0
1	9
0	11
2	17
0	17
0	17
0	17
0	17
1	17
0	17
0	17
0	18
0	18
0	17
0	0
0	0
0	0
0	0
0	0
0	0
0	0
23	98
0	80
61	87
2	19
16	16
0	8
0	3
5	2
4	1
0	5
0	2
0	3
0	3
0	3
0	2
0	15
0	15
1	2
0	15
0	2
0	2
0	1
0	4
3	0
5	0
18	0
43	22
0	22
7	8
11	38
8	64
0	3
0	40
12	40
0	0
12	2
0	2
0	0
10	2
0	2
0	3
8	264
0	264
16	3
0	1
0	2
29	3
71	8
0	1
0	0
0	7
0	18
0	18
0	18
0	2
2	1
70	22
0	9
4	22
29	15
0	0
0	21
0	21
7	2
1	2
8	6
0	30
3	22
0	10
0	2
0	11
0	22
0	9
0	0
23	52
0	0
0	65
0	68
2	68
0	0
0	29
0	2
0	2
0	2
0	101
0	101
0	101
0	101
0	101
0	101
0	101
0	101
6	7
4	7
2	0
0	7
0	3
1	3
0	3
0	5
2	1
0	1
0	0
3	0
27	25
9	25
9	13
0	25
0	14
0	6
0	0
3	1
844	29
0	24
63	43
10	33
0	23
0	5
0	3
2	8
1	0
57	0
10	8
5	8
18	9
0	4
25	9
0	2
239	13
0	17
7	9
3	9
106	74
0	7
51	63
0	63
0	37
3	14
125	12
0	12
0	11
7	0
176	15
0	15
0	8
0	0
2	0
0	0
57	17
0	17
20	3
4	3
1	3
5	0
138	0
0	37
0	37
0	26
0	0
0	0
4	0
0	7
0	31
0	6
2	1
0	0
5	0
32	115
0	79
7	25
0	20
0	5
0	4
2	4
2	2
0	0
0	4
3	117
43	60
0	45
0	38
0	0
0	38
13	0
0	1
0	0
8	7
29	5
0	7
0	2
2	0
2	0
0	0
0	58
0	58
0	56
0	58
5	9
0	9
27	1
0	19
0	25
0	21
0	6
1802	14
8	10
3	10
154	0
30	0
12	100
12	104
0	6
0	2
0	5
0	4
0	0
0	5
142	6
7	1
1	1
0	1
0	1
0	126
0	126
300	22
0	62
22	0
0	0
105	78
0	15
0	53
20	3
0	3
37	55
3	14
0	0
10	55
5	0
8	48
1	58
43	0
1793	11
13	21
0	10
18	29
4	29
1	3
0	0
2245	627
1978	139
0	519
0	100
14	9
0	9
0	2
33	17
0	0
37	204
0	115
3	167
1	0
0	12
1	8
0	9
28	1040
39	1035
0	106
20	3
0	17
0	21
0	21
8	2
0	0
0	3
0	0
0	3
0	7
0	10
3	0
4	14
0	14
0	0
5	14
0	0
0	6
0	7
0	0
0	1
0	3
0	1
11	20
0	20
7	1
0	1
0	0
1	0
1	21
0	20
0	245
151	249
0	44
0	30
5	339
0	21
0	28
14	29
0	8
0	21
0	0
0	323
0	4
9	6
0	1
1	0
0	0
0	8
27	8
0	1
0	0
1	78
16	85
0	72
169	24
0	4
181	111
45	37
36	26
13	10
0	26
29	26
9	3
0	3
0	3
0	3
1	3
0	3
0	3
5	0
0	11
0	11
61	0
31	24
62	45
0	31
0	30
0	3
11	4
12	13
0	5
0	100
48	1066
10	54
0	40
42	66
0	702
0	702
37	12
67	685
44	993
3	142
0	142
0	18
0	2
0	31
339	1778
0	1778
0	397
176	132
0	132
0	24
0	9
0	0
4	0
1	0
0	3
8	3
4	48
1131	3
90	3
9	52
0	52
206	9
0	9
0	0
0	0
0	0
5	0
0	4
0	6
2	0
0	6
0	6
0	6
20	2
0	0
0	2
0	2
13	12
3	0
0	3
0	3
0	0
0	0
0	2
0	2
11	2
0	199
0	12
0	199
2	0
4	0
4	0
43	354
0	241
1	9
37	9
3	0
16	14
26	14
0	14
10	3
0	38
0	38
0	37
0	36
13	5
0	1
0	36
0	5
0	36
0	36
0	36
0	0
0	37
3	8
0	4
0	3
0	4
12	54
1	99
0	3
4	93
0	6
14	26
0	3
0	14
381	999
0	999
864	730
0	30
1	5
10	7
0	6
0	5
0	4
9	3
0	4
0	1
1	0
0	380
12	392
0	429
88	445
0	294
0	58
13	5
2	0
29	32
0	32
0	13
2	15
33	7
0	9
13	0
8	19
0	1
0	0
0	1
0	5
59	2
6	0
25	1
4	191
4	0
0	0
3	0
0	1
0	1
1	8
62	8
7	0
15	9
0	8
4	9
16	6
0	0
0	5
4	0
17	1
0	5
8	5
0	0
0	0
0	0
0	0
6	70
0	104
3	251
43	214
7	146
0	8
0	3
3	232
15	119
2	61
0	1
0	1
0	1
1	0
0	5
69	73
0	18
0	14
0	9
1	59
3	61
3	14
32	75
22	63
0	16
21	0
4	12
19	82
0	82
0	0
2	53
0	55
0	55
139	29
0	29
0	73
3	8
219	120
0	0
0	0
15	2
0	10
0	3
0	4
0	4
10	4
0	0
3	0
0	0
0	1
0	3
0	2
0	3
0	1
49	8
33	18
0	10
3	9
3	1
0	10
262	204
0	6
0	86
0	109
0	113
0	193
0	7
1	0
0	0
1	5
2	2
168	54
0	126
221	3
0	352
0	420
0	93
0	50
0	5
0	5
0	5
0	5
0	8
0	0
0	0
0	0
0	2
0	0
0	2
0	14
0	4
21	52
6	1
12	22
0	22
18	7
0	396
0	409
0	0
14	22
2	22
131	276
2	31
0	0
17	230
3	240
0	224
0	0
0	199
1	1
0	0
0	2
0	0
1	0
2	0
0	0
0	2
11	77
0	77
0	21
14	0
13	8
1	0
3	0
10	1
0	6
5	6
0	15
0	18
108	2
0	2
0	2
4	6
6	4
0	5
57	2
0	2
40	7
0	7
2	1
0	0
0	52
10	60
0	9
0	44
0	25
0	4
0	23
0	36
0	1
0	36
0	23
0	47
0	3
0	0
0	0
0	44
1	0
0	12
35	27
0	31
0	8
0	5
29	0
8	16
12	16
2	16
61	224
9	90
0	246
0	65
18	1176
0	1176
2	296
0	57
28	0
337	49
7	49
5	0
0	16
0	10
1	2
8	2
71	207
52	194
0	83
1	82
0	51
67	27
28	56
2	59
33	95
0	60
0	0
2	0
0	0
0	0
41	7
230	142
0	58
9	135
8	0
7	1
0	1
0	8
0	16
0	5
0	1
0	0
0	8
51	64
0	8
0	8
13	8
87	72
0	71
11	128
10	1
208	16
175	46
3	4
0	1
95	1
0	1
0	31
0	29
0	18
27	9
17	2
12	8
36	17
28	15
0	15
0	0
3	11
0	2
3	5
0	5
0	16
156	14
1	36
0	25
33	22
1	20
2	14
4	10
6	0
102	351
0	348
0	332
9	11
3	11
4	0
10	0
0	0
5	0
0	0
0	0
6	18
0	10
25	9
0	1
0	9
6	8
0	8
0	1
3	13
57	26
0	1
0	13
20	0
10	0
2	36
3	10
0	10
55	48
11	32
0	22
1	7
5	3
0	0
2	0
0	6
0	27
0	6
0	5
13	2
0	5
0	4
0	0
289	0
2	5
0	2
0	5
4	180
0	23
0	26
0	15
0	0
0	4
43	29
17	52
0	8
3	5
0	14
6	74
0	88
0	3
0	3
0	2
3	3
0	11
41	11
66	11
261	164
16	94
0	96
0	73
0	135
2	52
0	11
7	1
0	2
20	9
0	11
45	449
0	452
8	270
0	1
211	77
18	32
103	21
0	76
9	0
113	388
0	391
10	338
0	301
23	116
0	11
0	115
0	6
7	0
0	2
0	0
0	0
0	2
4	18
13	16
0	16
4	13
30	5
11	2
0	2
0	0
0	0
0	49
2	3
0	2
0	56
0	56
9	0
0	0
0	0
36	149
0	149
0	98
0	0
0	5
0	2
7	1
0	1
235	0
2	2
0	2
0	0
0	53
13	52
0	12
0	19
0	20
0	17
0	21
0	0
20	22
0	0
0	13
0	12
0	17
0	4
0	12
0	4
0	4
0	8
0	16
151	5
0	4
0	2
0	0
0	0
0	4
21	16
9	16
0	4
91	1
0	1
0	1
0	0
0	0
0	35
0	2
1	2
4	0
0	2
1	2
29	2
112	63
3	36
10	27
4	0
0	0
0	0
1	29
5	36
0	24
0	7
18	34
0	141
13	11
0	10
8	143
3	6
51	180
2	31
143	163
0	20
0	61
0	61
0	13
0	44
0	0
0	0
2	0
31	80
0	91
3	58
5	0
0	8
6	32
0	36
8	36
0	25
0	20
12	63
0	14
0	5
0	11
3	2
11	23
36	185
0	7
0	2
0	7
0	0
7	0
0	2
0	2
0	44
0	53
0	43
0	25
0	22
0	24
0	50
122	8
0	8
0	8
0	5
0	4
2	4
0	8
11	8
0	8
0	29
0	56
0	15
0	0
0	0
1	0
591	148
0	48
0	19
5	0
7	0
0	128
0	68
0	66
0	5
1	18
0	2
388	29
0	227
0	227
0	143
21	12
20	0
8	215
0	15
7	15
0	5
2	5
0	5
1	0
0	4
3	0
0	0
65	1
0	1
93	1
1	0
44	10
0	0
40	14
0	0
0	0
0	6
1	6
0	0
0	10
15	6
9	3
0	3
1	3
0	0
4	206
0	155
181	163
182	47
3	0
0	2
1	7
1	1
0	1
0	5
0	2
0	0
0	2
0	4
0	2
0	0
0	2
0	0
4	66
0	62
23	65
0	63
0	42
4	4
0	1
0	1
0	1
0	320
18	353
0	353
3	2
0	0
0	353
138	528
3	445
0	11
1	517
0	2
2	152
15	13
0	0
0	4
12	4
0	114
26	114
189	18
0	18
0	47
3	0
0	0
0	0
0	0
0	0
0	16
99	59
0	47
3	64
0	50
2	66
0	59
4	70
122	28
0	13
0	13
0	13
3	0
0	11
0	11
0	16
0	0
6	13
0	0
1	2
0	4
0	4
0	9
0	0
0	0
0	9
0	4
151	20
20	47
19	6
0	19
2	0
6	178
2	16
53	182
128	59
0	71
0	36
0	36
0	36
0	16
0	21
7	220
0	168
0	50
0	48
18	52
0	67
24	13
13	0
15	0
2	0
5	0
60	9
2	0
29	9
2	1
24	54
13	27
8	48
9	14
0	2
0	27
0	18
0	18
4	0
2	159
0	9
127	131
1	62
0	5
0	3
8	2
0	3
3	3
0	5
0	1
0	1
0	2
5	2
34	99
0	16
0	96
0	16
0	7
5	0
0	16
103	0
2	8
0	3
0	3
0	6
0	2
0	6
0	6
0	6
0	21
0	20
0	0
2	0
0	9
3	9
0	10
0	13
9	10
4	15
0	6
7	5
0	5
14	1
6	3
11	5
0	0
5	29
0	0
27	0
1	0
0	23
0	23
0	10
17	0
0	61
4	61
0	11
0	1
0	1
3	0
0	0
0	0
0	2
55	0
3	0
8	0
46	68
0	17
0	25
0	0
0	58
0	0
4	0
0	22
3	22
0	0
0	0
0	0
0	0
0	0
0	0
8	0
3	8
1	9
2	10
20	0
3	8
3	1
0	1
0	3
0	4
0	5
7	7
0	6
0	34
30	24
85	40
29	25
0	11
0	2
0	55
0	20
0	8
0	7
11	7
0	19
0	0
0	8
0	25
0	30
0	20
14	9
5	8
6	2
0	2
0	6
1	6
3	4
274	13
0	6
2	1
32	45
0	58
10	36
0	41
0	28
14	8
0	9
0	14
0	9
0	6
2	12
14	2
0	7
0	7
6	7
0	0
0	0
0	0
0	0
0	0
12	32
0	0
12	15
33	15
0	8
1	7
0	7
0	59
0	59
0	4
4	0
0	0
3	10
0	10
3	55
0	0
0	8
10	45
48	246
0	10
140	244
13	267
0	67
0	22
0	23
0	18
2	4
2	3
3	3
0	23
29	20
79	8
0	8
0	6
0	0
125	0
28	64
6	54
4	32
0	35
0	2
0	1
3	17
0	10
0	0
4	10
58	0
27	7
0	7
71	49
0	2
9	5
0	41
0	46
0	40
1	0
94	42
0	35
0	9
0	12
9	48
0	45
0	36
0	2
21	0
0	3
678	0
13	35
0	5
18	1
17	32
0	0
3	1
324	129
0	133
0	60
0	56
0	35
1	29
0	4
19	15
1	39
0	43
1	39
0	6
8	0
0	15
20	55
140	367
3	53
0	16
3	8
18	7
0	2
0	0
0	2
0	2
0	0
0	0
0	331
2	5
2	1
681	0
5	0
39	9
309	31
2	31
0	23
0	8
1	7
0	7
0	0
0	0
0	1
294	190
0	48
0	0
0	2
0	0
1	0
1	0
0	188
0	0
0	0
0	0
0	2
0	2
0	0
0	0
0	0
0	59
0	328
90	396
20	55
0	0
0	0
0	0
0	0
0	0
0	0
0	0
30	341
18	3
1	3
15	5
3	5
0	5
0	0
0	0
0	8
5	0
20	20
0	3
0	0
11	32
0	0
3	36
0	36
0	32
0	0
0	0
0	0
77	95
0	92
1	2
1	0
0	6
0	0
0	0
0	0
0	151
0	170
1265	128
10	9
0	540
35	539
16	74
20	49
0	6
0	9
0	77
0	8
0	0
0	0
4	69
14	2
9	2
3	1
0	1
26	53
0	42
0	75
0	33
0	33
1	85
1	4
55	74
20	39
1	57
5	34
11	5
0	1
199	22
0	22
148	6
1	2
0	2
0	2
4	1
1	0
0	0
0	0
0	1
0	1
0	4
5	15
2	4
0	1
0	3
369	34
41	21
1	21
0	10
0	0
0	2
0	0
7	1
0	21
69	112
33	57
5	0
0	112
0	0
0	74
2	30
111	30
0	55
0	21
26	366
0	253
0	366
13	65
0	0
0	0
0	7
0	6
1	0
0	0
1	0
0	0
0	84
83	26
0	8
106	8
1	3
0	69
1	0
23	67
23	84
0	84
0	23
0	36
0	0
0	10
3	5
1	2
0	1
0	18
0	18
20	8
0	7
0	1
0	0
0	1
8	12
3	7
10	11
22	1101
0	742
93	1095
3	2
50	741
5	17
0	6
0	17
0	6
306	150
2	23
0	136
0	13
5	12
0	58
0	0
1	0
4	7
2	2
1	2
36	0
14	98
18	27
0	77
1	9
0	127
0	32
0	12
0	0
125	103
0	41
0	0
3	35
0	0
15	13
22	108
0	108
0	18
30	12
264	147
24	151
24	90
24	60
6	0
0	0
71	72
0	29
0	2
1	1
67	207
2	0
0	56
0	72
0	72
232	51
0	51
0	43
0	9
0	9
0	5
0	5
0	0
0	17
0	24
32	16
0	69
0	1
0	1
0	1
12	3
8	6
22	6
3	1
4394	0
534	250
0	11
11	12
0	0
0	241
104	94
0	0
3	5
0	12
3	94
3	1
2	47
0	21
19	11
0	9
0	7
0	4
0	3
0	10
0	0
9	6
5	7
348	36
19	6
0	30
3	0
6	0
0	0
1	0
15	7
26	7
0	0
0	0
2	0
110	1
0	1
0	58
1	1
4	1
0	1
0	1
0	58
82	0
0	0
0	1
0	1
0	1
2	1
0	1
0	1
0	1
5	7
0	7
47	16
0	14
112	20
0	95
0	97
99	38
0	1
0	10
0	35
0	18
0	35
67	12
0	9
0	9
8	12
11	22
0	13
0	26
0	12
86	12
7	5
0	3
0	0
0	0
5	0
6	19
4	19
90	3
5	0
0	0
0	1
0	1
1	1
0	0
28	120
0	123
3	26
12	33
3	3
122	1
0	71
0	20
6	20
0	4
337	285
2	13
0	7
0	5
0	4
409	265
0	7
2	18
0	6
0	6
0	6
0	1
18	21
31	14
0	6
0	12
37	12
0	2
0	0
0	2
2	15
6	42
6	11
43	76
0	76
0	39
52	102
0	15
15	37
0	10
1	0
11	14
0	14
0	11
0	13
0	2
84	31
6	32
0	0
7	1
5	0
0	0
0	113
56	113
127	11
4	17
35	11
9	13
9	2
0	11
24	0
0	0
0	0
16	17
43	16
37	4
0	4
0	7
0	3
0	7
12	0
44	159
0	159
2	23
0	0
0	159
58	37
576	31
85	37
8	17
0	7
0	0
1	20
0	20
21	12
12	12
0	8
43	504
0	57
0	5
4	0
16	0
18	0
0	400
19	451
58	451
34	20
5	0
0	0
0	9
0	2
27	47
0	38
4	15
0	0
20	11
20	57
12	47
0	25
0	36
0	7
11	39
267	126
0	125
0	11
0	5
2	1
69	0
1	0
22	10
0	16
0	2
5	15
0	15
0	2
0	6
0	6
0	2
14	2
0	5
0	6
0	15
0	6
0	5
2	15
0	13
0	10
0	1
0	0
5	0
0	1
3	6
0	16
1	0
3	38
0	1
0	27
2	23
0	1
0	3
0	3
0	2
0	2
6	0
0	2
0	2
0	1
132	228
9	0
0	0
156	1
2	0
0	1
0	9
0	9
0	0
0	9
0	9
0	9
22	5
0	5
0	101
21	0
2	96
0	0
0	0
1	0
25	5
0	2
13	253
13	251
0	0
133	10
0	2
0	8
7	0
48	63
0	22
9	14
0	19
0	74
0	19
0	22
0	61
0	61
0	14
0	22
0	62
0	17
0	14
0	19
0	31
0	15
0	15
0	36
0	20
0	15
0	3
19	11
0	15
0	5
0	34
235	34
0	23
0	5
3	1
23	9
0	7
0	4
1	4
2	16
4	0
0	0
3	0
0	5
0	2
2	1
1	4
0	5
71	307
0	237
40	32
0	86
6	5
9	2
2	2
2	3
0	1
1	101
119	112
4	68
0	72
0	16
0	8
0	1
0	0
0	1
13	3
0	3
0	1
0	1
0	1
3	4
3	2
0	2
1	2
1	16
47	35
0	2
0	17
0	8
0	0
1	0
1	2
6	0
0	8
31	0
0	379
11	388
0	295
21	270
0	2
1	0
0	178
33	0
16	1
4	1
0	2
0	2
0	2
23	97
7	97
5	0
0	20
0	7
0	3
0	0
12	0
162	95
10	3
0	95
0	3
3	12
26	7
0	0
0	0
0	0
0	4
4	0
0	4
0	3
0	115
0	123
5	5
22	16
0	2
26	14
50	28
0	1761
0	1766
7	0
41	5
65	5
0	14
0	34
12	34
0	34
0	738
0	41
563	1083
0	864
6	172
0	0
27	697
0	738
101	13
0	5
2	10
6	2
0	6
0	6
0	6
0	3
0	0
0	0
48	40
0	15
0	2
0	23
0	0
952	427
1	136
6	427
470	58
475	58
0	40
0	9
0	5
0	5
32	5
0	3
0	3
143	0
227	180
5	47
23	10
15	130
30	10
0	2
0	0
0	10
10	0
0	8
2	15
0	1
129	7
3	11
8	2
0	37
0	42
92	53
0	42
0	10
0	5
0	25
0	25
0	2
1	51
0	7
0	7
0	0
48	1
0	0
0	0
0	0
4	0
0	1
10	6
0	6
43	180
0	2
0	123
63	103
0	115
0	16
17	52
36	144
69	144
5	0
0	152
0	151
0	152
3	12
0	0
0	73
0	73
0	0
0	0
3	0
4	0
12	4
3	1
0	4
1	4
0	23
0	23
0	23
0	21
107	21
0	0
1	0
0	0
0	0
8	77
0	7
0	2
1	6
0	0
6	5
0	4
0	4
113	0
0	76
0	69
0	31
7	41
0	76
0	236
0	262
2	0
10	220
0	18
16	14
0	5
1	7
0	0
0	7
189	5
11	74
0	25
0	92
0	117
33	17
0	75
0	0
0	0
0	92
141	6
4	176
19	1
522	129
0	79
0	1
0	0
0	0
0	0
4	20
0	19
35	20
2	19
0	2
0	3
0	1
0	0
0	0
0	0
0	2
0	325
0	45
0	0
0	0
0	64
0	1
0	0
0	0
0	138
0	1
0	325
0	277
0	1
10	16
1	14
0	0
0	1
0	0
0	0
0	85
0	70
4	71
7	70
0	10
7	0
0	0
0	0
81	16
0	0
3	10
0	10
0	1
59	109
0	0
3	0
0	0
0	0
0	0
0	5
18	17
0	0
20	0
2	0
4	0
1	0
0	3
0	0
0	15
5	15
0	4
3	3
5	13
9	13
0	0
2	1
3	1
2	1
0	1
5	0
0	0
0	0
0	0
31	15
0	0
4	0
3	1
0	1
0	0
1	0
0	0
0	0
82	36
17	33
4	0
6	11
0	11
19	10
0	0
0	0
0	0
65	0
0	1
1	1
121	1
0	1
0	1
0	5
0	5
0	3
4	16
0	45
0	47
0	90
71	98
25	222
9	234
0	234
0	0
1	0
0	6
0	1
25	0
27	36
0	36
0	36
0	0
1	0
0	1
0	11
0	11
0	9
42	32
33	32
0	178
0	117
0	165
12	180
3	180
0	0
0	58
0	58
0	0
81	353
3	17
0	3
0	13
0	13
6	0
5	0
5	4
4	4
0	0
0	0
0	0
0	0
0	0
0	0
0	6
0	0
0	6
0	2
0	2
1	2
0	2
84	9
0	10
1	0
256	87
9	87
3	0
0	3
9	0
12	8
2	8
123	512
40	553
0	161
0	144
7	75
0	25
0	4
0	2
0	2
4	0
0	6
3	0
130	0
0	21
36	21
12	70
0	69
0	70
5	1
0	7
8	2
0	0
0	0
0	0
4	0
59	67
35	2
2	9
0	9
0	9
0	0
0	0
0	0
1	0
0	9
4	2
0	0
10	0
0	0
0	0
1	3
0	3
1	3
0	3
0	0
20	80
4	21
0	63
17	23
0	62
0	11
3	64
0	6
0	47
27	1
0	1
0	1
0	1
0	1
0	1
0	21
0	0
1	0
0	37
15	57
35	0
0	54
38	164
0	13
0	13
0	0
0	3
2	1
0	8
0	0
24	3
2	20
2	20
0	179
0	179
0	7
0	22
13	11
11	10
116	4
0	6
31	26
0	2
445	39
0	0
0	24
0	10
0	10
0	1
0	1
11	52
0	24
0	5
1	0
0	5
6	15
0	15
0	52
0	4
7	0
0	46
24	2
0	77
0	7
0	76
0	107
0	107
0	107
2	2
0	1
0	2
0	23
44	58
0	58
0	38
0	17
0	7
10	5
0	58
5	7
25	15
0	4
2	6
0	3
15	12
0	12
34	1
19	8
0	8
0	5
1	3
0	3
90	0
7	608
726	608
0	17
0	15
0	2
0	2
0	17
0	20
0	1
0	3
0	1
0	16
29	19
0	4
4	0
35	40
0	40
2	8
10	26
6	25
34	15
4	15
0	4
1	4
5	0
202	51
14	10
40	44
1	0
2	19
0	19
1	0
43	2
61	17
0	1
0	1
5	1
0	0
2	0
105	16
0	0
0	0
0	0
0	116
0	116
0	97
0	97
0	61
0	11
0	2
0	2
0	20
0	8
1	17
1	0
9	6
0	74
24	74
2	0
0	70
6	73
0	73
0	27
0	27
0	14
0	8
0	21
4	0
16	23
10	0
0	14
0	0
2	0
6	1
0	2
0	0
0	0
0	0
0	0
0	2
51	50
0	50
0	36
0	36
16	14
7	31
29	17
155	31
2	0
0	4
0	7
4	7
0	5
0	5
0	5
17	0
42	25
0	0
3	25
263	45
0	45
0	5
0	0
0	4
101	58
0	59
0	7
12	4
10	2
0	193
0	182
9	171
3	24
0	13
4	6
0	9
0	0
0	20
0	0
27	9
0	20
3	3
0	3
1	0
19	24
13	37
0	32
0	34
1	67
1	26
0	28
0	26
0	3
0	3
35	15
7	0
0	0
0	0
0	0
2	0
0	0
1	0
12	2
0	0
2	0
1	2
0	22
0	16
0	21
0	21
88	44
0	21
1	3
13	25
60	2
2	3
0	0
0	44
20	1
0	1
142	0
13	0
0	0
232	12
2	0
0	0
0	12
50	11
10	2
0	1
0	1
0	0
1	0
15	6
6	1
0	0
2	0
0	0
0	1
0	18
0	18
1	1
0	1
0	0
0	1
11	0
23	25
0	25
2	0
0	2
0	2
12	4
106	9
0	0
0	6
6	3
6	11
0	4
0	11
0	2
4	0
3	2
0	39
1	40
0	1
3	3
48	0
24	5
0	3
5	1
1	1
3	1
0	1
0	1
0	1
5	35
337	315
4	315
1	28
0	2
0	0
0	18
2	94
8	77
11	72
20	2
7	4
2	1
10	1
3	0
45	34
255	113
0	87
0	3
0	77
0	7
469	8
3	70
0	0
199	68
0	32
0	15
4	7
0	2
5	34
115	0
2	0
19	0
5	0
0	3
0	0
0	0
0	0
0	0
0	0
0	0
9	16
0	0
6	0
30	62
0	1
0	4
0	0
11	0
0	0
0	14
160	2
5	0
0	2
0	1
0	1
0	0
0	70
0	0
0	0
21	8
0	70
203	23
111	39
6	45
0	43
239	45
45	62
0	48
0	2
0	58
9	6
0	1
0	1
0	1
0	1
0	193
0	193
0	0
0	0
0	0
0	3
7	3
4	2
0	0
0	0
1	0
1305	4
0	0
32	0
0	15
343	15
1	3
0	14
30	12
9	1
0	0
0	5
26	29
43	29
19	25
1	25
311	83
0	83
0	16
0	0
17	6
0	4
14	304
0	278
6	278
0	13
0	14
0	19
7	14
0	5
0	2
0	4
0	4
6	0
0	134
0	7
0	0
0	0
10	0
0	3
3	105
0	92
0	0
39	74
0	97
0	0
30	5
0	0
0	136
218	55
0	112
17	102
0	1
10	1
0	0
15	23
0	2
0	0
0	21
1	2
8	2
23	184
1	0
34	184
101	58
20	58
454	58
52	9
28	58
0	11
1	9
0	12
0	9
0	6
69	49
0	6
0	69
0	72
0	24
51	35
99	34
5	4
0	1
9	0
0	1
0	2
0	0
0	2
80	9
0	14
79	30
3	8
5	1
146	0
9	21
24	0
0	4
0	4
0	4
0	0
0	0
0	0
0	0
0	0
0	75
0	75
22	61
17	61
0	50
0	27
0	0
0	75
0	29
2	0
5	116
0	89
11	116
0	88
0	27
0	50
0	14
4	39
6	41
0	5
28	40
204	1
134	5
0	5
11	0
0	3
11	1
0	3
234	2
0	0
0	3
1266	571
96	581
2	541
0	487
12	4
6	2
4	8
0	1
0	8
12	38
0	27
4	37
0	27
1	2
7	0
0	0
1	4
0	4
3	66
0	50
0	0
0	0
0	0
0	45
0	3
0	65
12	1
18	5
33	1724
0	52
7	5
4	6
11	0
0	1724
51	1725
0	74
0	10
56	10
0	0
0	0
6	67
0	67
0	46
0	22
0	35
0	20
0	3
32	0
46	7
328	9
0	9
0	9
17	9
0	4
0	4
0	4
0	0
3	0
0	15
15	4
1	3
0	0
0	0
15	14
20	2
3	140
121	140
0	8
3	8
827	132
0	132
15	117
0	17
38	3
0	42
1	42
0	42
0	17
1	2
0	2
0	2
0	2
0	2
5	19
0	47
0	54
33	78
3	55
0	76
0	48
0	47
0	60
0	59
0	52
0	59
0	44
2	32
35	46
30	85
64	117
7	98
13	63
0	11
0	12
2	0
0	12
6	0
472	65
0	65
2	392
0	16
0	16
1	15
0	12
0	4
0	3
0	3
0	1
0	3
0	2
0	26
6	396
0	420
0	420
0	401
6	5
2	29
0	2
92	4
1	2
281	901
8	5
0	5
1	5
0	4
6	2
0	2
1052	25
60	25
24	3
0	81
4	0
15	3
0	54
63	81
133	82
15	3
14	3
11	6
19	6
0	11
191	33
0	6
0	9
11	0
7	54
0	54
3	55
4	3
20	4
0	2
0	2
0	2
0	2
41	125
13	1
97	121
0	109
12	0
111	122
76	14
0	4
0	4
2	8
0	50
3	0
0	8
5	0
5	37
0	21
0	16
0	16
1	28
0	28
3	34
0	34
1	11
0	6
4	6
1	0
0	0
0	0
0	1
0	1
0	12
5	11
7	7
0	7
28	33
0	18
6	31
0	19
0	19
4	19
0	6
15	29
0	4
18	0
0	0
8	24
0	2
223	7
2	3
4	3
0	0
8	0
8	0
3	0
16	263
1	221
0	201
0	258
13	179
0	87
1	16
0	1
0	6
68	49
51	0
36	1
1	3
0	0
0	14
0	0
0	14
1	0
0	1
0	0
0	14
58	14
2	1
0	1
0	180
0	112
65	164
8	9
9	9
0	12
5	0
426	240
1	150
0	101
0	82
0	114
19	13
0	3
25	14
0	14
1	13
32	13
43	0
0	1
0	1
17	8
22	1
0	7
25	5
0	2
28	22
5	31
0	7
0	5
4	5
1	0
0	0
0	0
0	0
0	0
0	43
1	39
1	11
0	9
0	2
0	3
28	0
1	21
0	13
0	7
2	6
11	6
3	3
0	0
0	189
22	263
6	14
0	1
1	107
0	107
0	0
8	10
11	0
0	0
97	12
11	1
10	0
11	0
0	30
3	2
0	30
0	1
0	1
0	26
5	0
0	0
0	28
10	73
0	14
0	14
0	14
0	14
0	5
0	4
0	4
7	2
7	2
71	102
765	226
0	140
8	186
39	40
0	4
0	21
0	226
13	73
0	13
0	3
0	37
113	86
0	16
3	3
0	0
0	0
0	0
0	0
374	476
29	490
0	15
0	8
2	8
0	4
0	4
1	0
7	0
0	0
0	0
0	0
0	3
3	2
0	2
1	1
4	68
0	68
76	44
0	9
283	46
0	35
0	17
6	34
20	46
4	14
3	0
0	2
0	55
1	1
0	0
0	0
0	55
2	0
4	55
0	54
5	1
0	1
1	4
0	10
0	0
6	0
0	1
0	6
0	0
0	6
15	0
0	0
9	0
1	1
0	0
0	0
70	6
0	0
0	3
0	6
0	2
0	2
73	9
1	1
0	1
0	1
0	0
0	0
0	0
0	0
0	0
0	0
12	0
0	0
12	0
5	0
0	1
0	1
0	1
19	20
0	1
33	98
5	0
6	0
1	0
355	97
114	8
0	40
15	40
0	10
7	0
0	0
0	10
0	4
0	5
0	0
4	770
0	415
0	545
2	543
0	767
0	19
12	3
0	39
0	0
355	734
0	105
0	138
14	2
140	18
4	2
30	18
0	0
0	360
8	8
0	77
0	3
0	3
0	0
2	0
0	0
0	3
0	24
2	4
0	4
0	4
16	0
13	0
0	3
0	4
0	4
0	4
0	4
0	0
0	4
0	4
0	4
0	4
0	4
0	4
5	37
0	21
0	37
0	0
0	0
26	1
0	25
12	10
0	23
0	20
0	1
9	1
3	53
42	53
0	20
0	0
0	0
0	0
36	722
18	722
4	360
93	116
0	116
0	104
0	105
0	9
3	39
4	0
0	101
0	178
0	142
0	5
71	170
0	8
0	123
0	28
390	1
19	0
20	0
893	230
0	159
0	131
485	0
0	31
13	31
0	0
0	9
84	16
0	3
0	3
0	3
191	0
861	4176
0	5043
0	663
1	4
0	4
5	0
0	0
0	0
0	0
2	0
0	0
103	0
6	3
0	5
0	0
0	5
0	0
40	10
88	67
0	25
0	24
7	10
10	615
0	26
24	26
14	11
458	6894
219	303
0	290
11	0
0	22
16	24
0	5
0	5
9	36
56	35
0	113
7	113
44	64
94	73
0	3
1	1
2	0
17	15
15	524
13	27
0	27
9	18
7	3
2	17
0	3
34	1
0	0
0	0
0	2
0	3
0	3
0	2
5	0
0	3
66	13
0	8
0	4
0	13
0	3
2	1
11	0
0	0
4	0
0	4
0	1
0	1
5	1
0	0
0	1
0	1
1	1
29	306
0	255
0	255
135	255
5	29
0	119
0	43
0	70
9	71
2	0
0	2
0	35
1	0
0	0
0	13
0	1
0	0
0	5
0	1
0	8
0	3
0	17
0	31
1	52
0	0
24	3
0	3
8	3
75	363
99	113
180	26
3	26
0	26
0	13
0	13
0	7
0	73
0	0
1530	66
0	6
496	6
0	4
0	46
0	38
35	22
4	1
0	5
0	10
3	8
5	283
8	7
0	0
0	0
48	276
0	2
38	129
0	87
0	1
0	4
0	38
0	30
0	5
191	6
2	2
0	3
0	3
13	1
3	2
0	2
2	14
0	10
10	4
0	4
41	40
0	40
50	31
27	10
0	10
0	0
0	0
0	0
0	0
0	0
85	36
0	17
444	88
26	69
2004	8231
176	132
0	68
9	3
0	12
51	12
3	13
0	6
0	2
0	0
0	0
0	1
0	2
0	6
0	6
6	10
0	22
0	3
1	3
0	2
129	5
0	1
90	2
47	2
0	2
6	2
2	2
46	498
10	501
0	23
0	44
3	16
51	44
0	0
3	4
0	20
0	75
338	16
0	0
20	16
0	19
0	19
9	58
0	0
0	50
0	47
0	14
1436	285
103	285
137	16
12	16
0	0
189	748
10	3
37	320
0	309
0	32
13	31
22	38
1	65
0	10
0	102
2	123
0	61
86	91
4	120
0	83
564	84
0	57
0	45
0	120
0	2
0	2
1	0
3	0
3	2
1	2
15	67
0	44
0	67
0	17
0	37
0	2
8	0
0	26
0	25
0	55
0	55
0	2
38	87
0	86
0	14
0	0
11	29
0	1
0	8
0	13
3	13
0	0
2	11
9	10
53	11
0	3
0	9
8	7
0	11
1	0
0	0
1001	4
4	4
4	0
1	0
10	14
0	14
23	8
1	9
0	7
1	4
0	2
0	23
9	46
0	6
0	6
0	8
1	2
1	1
0	4
0	33
8	7
0	3
0	3
0	4
0	0
15	0
4	13
0	13
11	10
0	10
0	128
0	128
12	128
0	128
0	3
22	645
110	667
1	44
0	44
0	0
6	11
0	10
833	70
0	37
2	68
43	24
3	24
0	18
12	0
0	4
4	8
0	5
0	0
1	4
0	4
0	19
0	19
171	136
0	121
0	136
1	8
0	8
10	17
1	17
38	0
0	0
0	0
0	14
0	5
54	5
0	1
2	1
0	0
0	0
75	1
0	0
4	0
27	0
0	1
0	3
2	7
0	33
0	33
0	33
0	33
0	33
0	33
0	33
0	33
0	33
0	33
0	33
0	33
0	33
0	33
0	33
0	33
0	33
0	31
0	30
875	264
11	0
5	4
1	4
0	4
0	68
0	68
0	68
0	5
0	33
0	33
0	33
188	60
0	33
6	16
1	85
3	23
0	27
0	4
0	0
0	0
21	38
21	25
4	120
0	16
0	39
0	14
0	14
49	48
7	2
0	1
0	0
0	1
0	0
0	0
2	1
29	760
0	756
0	26
21	6
1	0
3	4
0	82
0	92
294	154
0	82
0	2
0	3
0	5
13	3
214	60
4	0
8	60
1	2
0	56
1	1
0	89
0	66
0	79
0	52
0	48
0	6
0	48
0	0
0	89
60	154
0	154
1	10
0	14
22	0
228	2
0	156
0	4
0	19
777	0
39	0
63	0
7	0
69	39
41	31
33	39
0	0
0	11
0	11
53	0
0	0
0	0
2	91
0	73
0	74
7	12
0	147
0	167
0	167
22	176
592	136
2	21
0	4
0	0
12	0
0	9
10	2
40	0
861	115
1	115
0	50
0	24
0	24
0	29
0	29
775	0
0	63
1	42
0	75
0	0
0	0
0	1
2	1
0	17
17	30
0	75
0	0
0	1
62	293
0	258
0	225
4	11
20	11
0	9
2	10
0	8
3	0
627	81
6	83
5	3
0	48
0	48
0	46
0	46
0	48
11	15
2	30
2	0
1	0
9	0
10	11
0	7
1	72
0	6
8	2
1	7
14	100
0	100
0	36
15	11
0	0
0	2
0	13
0	0
64	234
0	96
67	234
0	69
15	53
125	0
26	53
16	85
0	85
0	56
0	15
0	5
0	4
0	4
0	4
0	4
0	0
4	10
0	13
8	4
0	2
0	52
0	1
0	253
0	253
0	60
2	60
0	13
25	26
0	0
0	1
1	113
149	45
0	45
0	3
38	3
44	112
77	120
292	1
0	1
521	36
13	31
0	5
1	0
0	0
0	0
14	13
1	13
1	5
4	180
8	40
0	39
2	21
0	0
0	0
21	2
235	4
0	4
6	101
0	101
1	6
0	2
0	6
0	1
4	1
657	205
0	59
0	5
1	0
1	5
52	41
7	44
17	37
26	34
0	8
0	5
13	4
42	203
46	222
4	214
77	222
0	222
793	0
114	8
0	0
0	0
0	8
21	42
0	12
6	30
0	15
0	15
0	0
79	73
0	73
0	0
1	11
16	1
0	1
0	12
369	9
34	25
16	11
0	12
21	6
12	0
15	8
0	5
5	0
4	11
25	3
0	2
10	4
1	0
0	4
5	0
5	21
3	20
10	6
32	35
0	27
0	0
80	18
47	35
0	13
0	13
25	202
0	16
0	8
0	3
0	0
0	3
0	2
0	2
0	22
0	6
0	0
0	2
0	2
0	8
0	2
0	21
0	2
0	9
0	5
0	1
0	1
0	1
0	2
0	27
0	9
25	1
4	7
0	184
0	184
0	184
13	28
0	28
0	23
0	23
0	0
40	6
0	6
0	23
0	0
0	1
0	1
4	7
0	1
2	42
2	14
3	363
10	3
7	349
0	3
0	0
0	0
0	397
265	3
8	3
91	1225
15	1220
0	129
119	48
31	16
0	48
0	1
6	6
35	1
5	5
115	5
1	18
0	11
0	4
1	6
0	8
0	2
0	0
0	21
0	21
65	5
37	1113
0	1136
0	862
27	789
0	793
36	739
10	739
1	740
38	714
0	430
0	499
0	335
0	145
7	94
439	39
0	24
44	0
0	0
0	4
0	1
0	8
0	1
0	1
0	1
27	0
0	1
26	4
115	20
0	20
5	1
17	1
17	2
0	7
11	10
0	1
63	301
1	67
2	492
0	37
0	204
4	8
14	0
0	0
0	8
2	0
0	221
1	237
0	11
0	103
10	231
20	240
0	438
96	716
0	522
30	64
0	38
0	5
0	0
2	11
0	0
0	0
0	11
0	11
0	3
5	0
87	47
9	15
0	42
2	0
26	9
0	9
0	9
33	6
2	3
0	29
0	29
1	0
0	29
0	29
0	0
0	0
0	1
0	29
0	29
4	0
42	420
3	416
6	0
133	18
26	25
660	0
5	15
0	15
0	4
48	47
8	46
0	40
0	31
0	18
13	18
14	18
0	18
31	6
3	1
39	1
0	23
0	1
20	0
77	0
0	0
0	9
25	0
12	2
1	0
2	12
0	12
5	23
11	10
0	0
0	7
102	90
1	0
0	83
7	0
79	89
0	63
0	13
6	71
7	31
1	0
56	177
159	176
2	143
0	62
30	46
22	17
7	34
16	4
173	56
0	56
46	138
2	0
15	305
10	75
276	305
2	0
2	39
4	0
2	0
0	16
0	16
6	6
0	6
0	11
0	0
0	0
5	0
3	0
1	0
0	0
0	0
0	0
0	2
22	3
0	16
0	0
0	0
0	0
10	0
0	0
201	140
0	97
4	0
4	0
3	106
0	0
0	0
0	0
1	0
8	29
0	224
147	370
0	22
79	54
0	359
5	2
6	0
0	29
98	7
0	160
7	13
222	0
227	76
0	78
138	84
0	32
90	99
0	61
0	0
0	96
0	64
0	0
2	0
0	0
0	1
0	0
18	3
0	17
55	17
39	62
15	50
13	2
4	19
0	7
8	2
2	2
90	1751
50	1751
0	1751
0	257
0	257
0	257
136	257
0	74
0	44
0	0
50	64
8	1
0	55
1061	54
0	54
0	40
283	5
0	38
0	5
238	28
8	0
1	1
0	28
0	1
1	1
0	3
0	2
0	9
0	23
0	9
0	17
0	5
4	21
0	13
0	2
0	6
13	33
0	0
0	0
0	10
1	32
0	0
1	0
112	45
460	79
329	35
0	4
0	2
10	1
6	1
0	45
2	288
0	1
0	268
0	0
3	354
0	17
173	16
25	3
0	1
0	1
0	1
0	1
0	1
0	0
154	4
1	8
0	25
4	0
0	20
0	17
190	2
6	0
22	33
0	33
0	28
6	11
0	11
0	16
0	2
0	0
4	0
0	0
0	0
0	0
2	9
0	1
0	14
16	16
137	46
0	45
92	33
0	9
0	14
124	59
0	32
0	30
0	24
0	59
138	3
2	3
0	30
2	9
20	6
37	11
3	11
2	0
0	8
0	4
0	11
0	10
16	11
0	11
322	153
1	8
2	8
0	153
4	19
0	9
0	1
0	26
0	184
0	260
0	6
0	265
0	6
0	189
6	225
13	45
0	45
0	40
0	3
0	11
8	18
13	6
0	3
0	2
0	2
5	14
3	13
0	27
0	27
0	1
15	15
0	5
0	0
0	0
0	0
0	24
159	147
0	0
41	123
20	19
0	7
0	5
0	0
3	3
5	3
0	12
0	9
3	4
0	3
6	3
17	120
0	11
9	69
0	9
106	284
0	12
0	12
0	284
2	0
0	0
0	8
0	8
0	1
0	19
0	13
9	41
0	13
358	4
1	3
0	1
0	0
0	0
0	0
3781	1624
0	2
109	5
497	32
0	6
0	3
4	33
31	33
11	2
0	0
0	0
0	0
0	0
1	0
10	0
0	0
2	0
0	15
0	6
0	14
0	10
0	14
0	5
0	5
9	0
25	0
1	11
0	11
0	0
0	169
14	161
0	150
34	160
0	2
6	2
0	2
8	494
48	486
0	488
0	148
0	67
0	3
5	2
3	11
0	11
0	10
0	10
0	3
8	3
1	2
0	3
0	1
0	0
0	1
0	1
0	7
1	0
0	7
0	0
42	137
12	137
3	68
2	56
0	23
30	54
2	2
0	2
0	2
0	0
0	2
5	3
0	3
30	26
0	26
0	26
0	25
0	7
0	3
0	0
0	2
110	152
0	102
6	102
142	21
35	1
0	14
0	17
0	2
8	3
3	17
37	2
0	3
0	61
0	3
0	317
0	317
0	1
0	0
0	10
5	3
0	0
0	1
6	1
207	1
3	0
2	1
119	0
0	83
25	294
0	32
0	79
0	265
4	17
7	52
0	0
0	0
1	3
702	3
0	3
23	186
4	185
40	44
515	110
2	107
10	47
289	40
7	38
0	6
17	4
0	10
16	23
218	155
5	124
0	124
0	10
9	0
0	1
0	4
0	12
28	0
0	9
5	9
0	1
0	48
0	48
0	2
0	0
0	11
1	11
0	2
0	27
0	32
4	32
0	27
0	0
0	16
0	16
13	47
11	57
0	2
9	11
0	2
0	10
16	0
0	0
19	17
0	24
101	24
0	2
2	2
2	0
8	0
0	40
10	0
0	0
284	113
1	121
7	114
14	111
5	75
8	0
0	0
454	1836
0	1836
11	0
12	58
0	12
0	6
0	0
0	0
0	0
2	0
0	5
0	2
0	1
0	47
347	141
0	78
10	58
0	0
90	39
0	19
52	22
5	0
0	7
0	0
0	0
9	0
6	0
14	6
2	6
0	6
0	35
0	41
0	43
0	43
0	0
30	6
0	3
1618	159
0	159
0	115
1	115
81	28
1	10
0	12
0	3
0	2
0	12
0	9
15	24
0	28
506	30
15	30
0	21
0	25
0	13
1	0
85	19
103	7
21	19
0	13
22	0
392	72
2	29
42	60
0	32
0	39
0	60
0	48
504	33
0	33
4	7
241	486
0	486
0	0
0	0
0	2
9	16
5	0
7	52
0	48
0	25
0	394
0	2
0	394
118	62
0	9
0	0
0	0
1	0
3	0
15	7
0	0
5	27
0	30
5	27
19	30
0	46
0	1
9	35
9	0
99	0
55	29
0	0
6	0
0	2
0	2
0	27
0	31
0	28
4	0
0	4
0	28
40	1
14	1
0	1
3	0
0	0
0	0
0	0
14	0
117	32
0	15
0	9
0	11
0	27
3	0
59	84
89	82
29	45
0	15
11	53
12	53
0	49
0	49
0	3
16	4
0	4
0	852
0	854
0	151
0	419
10	342
0	344
0	0
8	0
3	21
8	21
0	5
21	264
5	0
0	264
4	10
0	10
0	10
344	155
0	0
332	22
14	80
146	86
5	1
0	13
0	13
0	2
0	0
0	0
0	0
0	0
0	0
0	0
205	69
42	69
3	55
34	43
0	41
11	12
0	11
4	7
0	8
0	7
0	43
34	31
94	21
2	26
0	19
0	0
0	4
0	4
0	4
0	4
0	5
0	88
84	88
0	5
10	4
4	7
0	2
140	4
1	4
25	5
0	3
4	0
0	0
979	0
28	2
0	2
0	0
0	29
0	30
1	24
0	16
11	58
0	21
0	51
0	54
41	37
1	13
374	13
0	1
1	1
1	0
17	0
115	11
28	11
5	0
58	3
0	3
17	0
2	0
2	0
608	351
0	11
5	349
1951	287
78	452
3	186
0	189
0	448
0	123
0	140
0	191
0	71
0	49
0	11
5	0
4	156
0	16
3	95
0	118
0	118
0	1
5	1
0	0
0	25
0	25
0	14
0	10
0	0
1	0
1	0
0	0
5	0
0	5
0	5
3147	17
0	15
2	0
25	7
0	7
43	0
0	5
0	0
0	0
0	5
0	21
0	21
0	21
13	3
27	7
0	7
11	9
0	9
0	3
25	7
0	2
242	645
10	298
24	607
0	295
35	1
0	342
8	645
21	38
152	38
6	38
3	13
3	4
0	9
0	9
32	0
0	1
34	7
0	12
0	8
0	8
0	4
6	0
32	0
30	0
0	14
0	14
0	2
66	370
0	10
10	66
47	57
269	63
15	103
0	95
4	43
0	15
0	0
6	0
22	0
39	20
0	20
0	0
0	203
0	19
0	19
5	209
12	199
16	4
15	16
0	209
5	30
0	30
0	32
3	33
109	37
0	16
0	6
0	3
46	29
0	29
0	20
11	24
21	19
0	22
0	22
139	12
0	0
0	0
0	0
0	8
16	52
0	46
22	7
24	34
27	593
0	55
4	0
207	136
147	246
1	104
0	104
1268	31
4	32
0	31
0	32
72	18
0	0
0	0
0	0
0	0
0	0
27	19
0	12
0	19
0	12
35	0
75	2
4	0
33	3
1	3
0	3
0	3
1	1
1	1
11	1
0	1
0	0
0	0
0	1
0	5
0	0
0	1
0	1
0	1
0	0
0	0
0	1
0	172
0	58
446	0
728	88
5	88
5	43
0	9
0	0
0	8
0	3
0	0
0	0
0	3
0	0
0	0
0	0
0	43
1	0
90	26
0	26
6	26
0	27
14	23
0	2
2	2
18	40
355	227
20	187
15	160
27	0
0	1
43	0
1	139
68	29
1	10
0	0
0	0
0	4
0	8
0	4
30	178
54	10
0	93
217	185
0	78
0	98
4	7
0	117
12	17
2	17
0	15
5	0
27	5
9	8
0	5
210	11
0	4
0	0
0	0
1	0
3	4
0	4
0	0
0	0
61	1
0	115
68	189
2	29
9	32
0	25
0	25
0	1
0	1
0	1
0	2
0	2
0	2
0	2
0	1
0	90
14	9
0	3
0	6
0	6
0	6
0	6
0	0
0	1
0	0
0	3
0	1
10	3
0	0
0	0
0	2
0	5
0	2
0	6
0	14
0	14
0	0
20	0
18	13
0	13
0	0
1	2
14	2
0	27
4	8
1	7
0	349
37	0
178	369
256	147
3	3
0	2
27	10
2	1
0	1
4	83
0	2
0	39
6	46
0	28
2	7
0	2
2	0
1	53
23	30
0	46
1	11
15	8
0	64
4	59
32	62
0	7
39	5
0	28
0	28
0	0
0	11
0	1
2	42
0	14
0	1
37	39
495	146
1	126
1	71
0	24
0	64
58	15
0	0
8	0
0	80
65	0
0	2
236	22
0	22
6	10
0	12
5	6
0	4
0	7
0	7
0	7
0	7
0	30
0	30
0	30
0	30
0	7
0	7
0	7
0	7
0	2
40	109
0	33
0	108
0	0
3	0
0	0
19	8
23	14
0	23
0	28
54	113
0	98
0	4
17	13
0	7
23	5
15	41
34	45
0	23
1	16
30	12
0	14
0	26
241	22
453	17
2	5
31	4
16	0
30	0
149	7
74	1
0	3
0	4
0	13
0	9
0	2
1649	0
369	56
0	56
4	71
0	6
0	14
0	15
0	14
0	15
0	14
0	14
0	216
642	158
54	5
0	36
0	114
0	83
158	141
0	5
279	129
0	83
0	98
0	5
0	2
0	48
2	38
15	0
0	36
2	0
0	0
0	0
6	0
1	13
0	0
89	0
0	7
6	33
0	33
0	33
0	32
0	33
0	0
1	0
93	55
3	36
4	0
45	7
84	7
3	4
17	0
4	2
48	0
0	2
0	0
0	2
157	953
38	950
10	609
0	3
100	1
30	36
40	37
0	36
0	27
0	15
0	83
118	433
55	293
27	0
411	0
0	22
9	84
0	13
196	250
8	41
0	14
0	134
0	13
0	96
66	62
0	14
0	2
7	125
0	1
0	4
0	12
40	77
21	66
169	0
313	244
47	179
0	141
51	73
0	28
0	25
2	3
0	0
34	22
44	66
3	13
0	9
15	13
0	6
1	2
0	26
49	0
18	3
0	2
0	39
1	39
0	7
66	71
15	52
0	62
0	42
0	40
0	15
29	4
0	4
141	16
1	16
1	8
0	16
0	12
9	12
0	0
4	0
0	0
3	9
0	9
12	99
106	99
371	54
20	2
4	2
0	73
31	72
0	48
528	173
0	34
0	137
0	9
0	63
0	1
0	1
6	1
52	0
110	20
21	12
0	11
0	0
3	6
0	11
0	0
0	0
0	4
0	4
0	4
0	4
3	1
23	4
29	38
0	22
0	32
0	9
0	9
0	1
1	0
5	0
3	27
2	16
0	2
0	0
57	136
0	133
0	5
0	121
0	62
0	22
0	13
16	131
30	75
0	107
0	29
0	24
0	37
0	30
0	31
0	8
1	13
9	13
10	13
0	1
23	43
31	27
3	37
0	6
0	6
0	0
443	494
0	167
378	471
0	494
0	15
1	0
1	2
5	0
0	0
0	71
24	0
0	237
29	111
0	6
0	1
0	10
2	0
0	0
0	86
93	107
50	36
0	35
0	29
5	2
0	0
0	8
0	34
3	3
0	2
140	1
0	39
0	39
3	72
0	60
0	2
55	3
17	103
0	13
33	7
3	110
0	108
0	4
0	36
0	28
0	54
0	0
36	138
1	129
0	13
8	29
231	53
310	24
0	24
4	90
0	90
2	0
0	51
24	46
10	1
9	0
0	47
6	198
0	375
251	283
8	83
153	510
0	18
0	18
0	8
247	801
0	755
0	128
0	112
0	8
0	8
0	8
20	0
8	11
0	18
0	13
0	23
0	17
0	21
7	15
0	6
22	15
0	19
11	15
30	62
0	14
0	35
30	2
5	1
0	19
0	19
0	5
0	8
0	7
1	5
2	3
0	0
1	0
0	0
23	2
0	2
86	0
0	11
0	11
0	1
32	0
46	9
0	9
72	0
0	51
0	27
2	51
21	157
0	157
658	496
0	340
0	341
0	1
6	5
12	157
0	157
38	0
0	2
0	2
0	60
0	0
10	271
0	69
0	0
43	271
0	138
0	138
9	17
0	16
0	7
8	12
0	6
0	3
0	3
0	8
2	1
423	75
1	73
22	73
5	0
0	21
0	80
0	80
0	73
3	0
0	0
12	21
2	0
1	0
0	33
3	0
0	44
0	27
0	12
1	12
0	10
0	0
170	1
139	54
14	2
79	41
0	8
0	41
5	0
0	19
0	19
0	3
0	3
0	6
7	4
0	6
0	0
0	3
0	4
0	1
0	7
0	11
0	3
0	11
0	11
0	5
0	9
0	4
69	133
0	19
51	82
0	29
18	15
3	1
3	9
8	69
187	65
0	11
0	11
0	2
11	0
58	47
0	47
0	44
0	0
23	29
0	3
11	4
0	0
2	0
0	0
10	0
0	0
0	0
0	0
0	1
0	0
0	0
0	0
3	0
7	0
0	13
1	1
163	42
0	0
0	0
0	0
0	1
0	5
0	1
0	34
5	45
0	43
0	37
0	4
0	35
42	53
3	5
18	50
52	23
1	5
0	5
2	0
0	26
0	30
0	19
108	2
5	1
0	116
3	4
0	4
0	35
0	50
0	50
114	1
5	1
0	1
0	123
3	123
0	7
0	7
0	7
0	7
0	7
0	0
44	276
26	263
0	167
8	3
0	3
0	3
0	15
0	0
2	0
27	11
0	11
0	0
430	22
6	20
0	1
0	17
0	0
0	0
0	0
0	2
0	20
5	1
23	1
0	0
2	0
17	1
0	1
0	1
0	60
0	60
0	60
0	3
0	12
2	14
0	2
0	2
0	0
0	0
1513	171
2	109
0	1
0	70
40	15
0	9
0	10
0	9
4	13
239	0
3	12
0	10
0	4
5	18
0	0
15	0
0	0
8	0
1	0
19	18
20	1
54	1
13	0
3	1
1	1
0	47
349	17
0	0
41	75
0	13
0	1
0	5
0	49
12	10
0	10
0	4
10	5
0	1
0	1
1082	26
0	25
0	12
1	4
0	3
23	0
11	1
3	0
11	0
12	0
8	13
0	13
0	0
1	31
0	24
0	2
1	24
0	16
3	22
0	21
27	11
0	27
74	24
23	4
0	725
0	725
0	1
15	420
0	23
0	51
0	13
150	29
23	29
6	0
6	9
0	9
1	1
0	3
92	0
136	454
0	454
7	0
2	1
0	0
7	0
0	1
1	19
0	13
3	14
0	28
0	21
19	29
2	0
46	0
103	14
0	9
5	5
7	13
0	0
558	0
2	0
21	0
0	13
0	13
3	0
28	4
0	4
0	4
51	54
4	64
49	73
0	5
0	8
480	2
0	2
0	2
0	100
9	37
0	5
3	1
1	42
0	7
0	64
47	76
0	63
2	12
12	0
6	3
10	3
0	11
7	0
4	3
0	0
0	0
0	3
0	196
0	145
793	9
3	9
1	9
29	22
0	9
0	5
0	4
0	2
0	67
1330	67
0	14
22	21
34	47
5	99
0	9
0	16
0	0
0	16
1	97
16	97
0	97
92	98
44	216
120	203
0	0
0	20
0	36
0	0
0	32
2	35
45	110
0	35
0	102
0	0
1	28
1	0
69	637
15	641
20	15
0	0
0	4
0	15
0	15
9	67
0	67
0	139
63	72
0	12
3	11
0	4
0	67
54	761
1	5
24	758
0	757
0	31
0	0
0	724
0	69
2	0
348	0
61	125
704	0
35	0
6	26
42	57
0	0
0	54
0	4
36	4
20	9
1	9
14	12
8	0
6	1084
300	1084
0	429
0	7
0	7
0	7
162	9
0	7
64	11
0	8
6	3
0	3
6	124
3	127
0	150
15	140
1	89
9	27
0	26
12	1
12	2
0	0
1	23
2	4
0	4
22	9
4	66
0	76
0	45
74	13
0	13
0	2
0	6
0	0
29	14
0	5
43	134
0	10
19	34
0	8
0	74
2	127
0	24
0	2
0	2
0	2
0	1
0	1
0	0
0	0
2	0
7	0
7	8
0	10
5	10
22	4
0	3
1	6
0	2
0	6
8	34
0	9
1050	0
116	440
0	23
8	12
39	19
0	18
0	10
3	0
20	136
0	62
1	4
77	1349
1	864
1	801
0	5
3	5
0	1
0	489
0	4
0	4
0	5
1	0
35	1
1	1
14	0
16	0
0	8
0	8
0	8
116	6
3	0
0	2
0	1
0	2
0	2
0	0
3	4
0	3
7	0
0	0
0	0
0	0
2	0
4	3
2	0
3	0
99	0
0	0
75	213
0	208
43	163
0	95
7	0
0	3
0	0
6	11
379	11
0	154
0	151
0	104
328	102
4	106
0	86
18	88
0	84
1	0
83	77
0	35
0	4
0	1
0	1
14	6
23	5
0	5
3	0
7	2
41	3
0	95
2	0
0	0
0	0
13	0
0	0
157	0
0	1
0	1
1	0
10	15
0	8
1	6
4	15
23	169
0	361
0	361
0	40
19	2
34	2
33	157
1	99
1053	87
0	0
20	11
3	1
13	53
20	32
220	58
139	58
352	37
11	75
0	53
58	54
0	39
0	9
45	100
0	107
0	66
0	11
22	7
28	68
50	0
171	66
74	0
734	245
0	42
0	68
86	209
0	7
0	45
0	4
0	2
0	4
0	41
0	1
0	41
41	41
0	81
0	81
0	1
0	8
21	105
0	1
0	103
0	1
0	3
4	0
58	116
31	37
0	61
0	1
22	90
0	15
37	3
0	3
0	3
63	24
1	17
0	12
1	17
42	8
0	8
8	1
15	0
39	28
30	23
4	5
17	1
0	2
0	0
0	21
0	1
7	24
0	24
1	0
1	0
0	0
0	457
7	455
0	411
0	417
0	50
0	17
3	9
17	18
0	17
0	14
0	0
286	449
0	449
8	0
4	0
685	238
1	238
19	119
0	0
0	5
11	7
0	5
1	0
0	0
104	0
7	43
51	10
4	10
2	33
80	2
0	1
0	0
0	0
3	102
0	57
0	20
0	20
0	0
0	8
0	8
0	1
7	6
1	1
0	0
0	0
0	6
0	10
0	10
0	10
34	59
1	61
17	33
0	0
15	12
0	0
0	0
2	0
0	0
1	0
0	2
3	5
4	9
0	81
0	81
0	2
21	15
0	6
27	421
0	421
34	16
28	62
0	8
0	1
1	1
0	8
0	0
0	1
0	0
0	0
0	0
23	52
0	52
0	67
8	34
0	34
0	34
0	1
36	8
0	12
17	82
699	56
0	14
0	0
0	0
4	0
36	42
0	11
48	178
0	178
0	173
106	3
0	327
34	22
0	416
0	0
1	0
20	392
12	7
225	297
0	18
0	20
0	4
2	8
0	0
0	0
5	2
0	14
0	79
12	104
287	23
75	56
15	33
0	25
0	25
2024	98
0	98
0	28
0	8
170	35
7	0
9	2
0	2
0	0
451	306
0	306
55	13
0	6
0	0
0	20
0	1
0	8
0	80
0	265
1	69
17	176
0	186
0	168
27	144
0	94
17	21
0	17
1	3
0	3
562	2
71	78
0	75
1	3
1007	87
0	86
10	5
8	75
84	56
2	11
0	41
1	196
0	58
0	106
12	37
0	37
0	37
0	13
0	2
1490	421
0	148
0	13
1	256
0	5
0	27
10	15
0	23
1	0
0	0
0	69
28	73
0	32
0	32
0	32
0	36
0	32
4	0
6	0
0	0
0	0
1	10
0	10
41	73
0	0
0	0
3	0
1	52
0	8
0	112
0	55
72	63
0	63
591	1
0	1
10	0
0	326
0	117
0	322
0	115
0	82
57	94
0	100
0	43
0	31
0	2
3	326
0	0
0	0
0	54
0	54
1	54
0	59
4	57
0	2
5	61
11	32
0	0
0	0
2	0
0	5
14	52
34	46
0	29
0	12
0	31
1	1
0	1
12	0
608	0
124	0
1	0
13	2
4	2
0	0
0	0
13	0
0	5
5	263
0	226
0	6
0	6
0	12
0	12
0	79
19	251
9	0
0	0
6	2
5	7
389	1
1	1
0	1
32	0
3	0
10	116
0	111
0	110
0	71
0	60
6	5
2	32
238	320
0	171
0	2
0	52
0	1
0	8
6	12
0	4
0	53
0	53
0	0
3	37
0	30
4	0
26	4
0	29
0	33
0	6
0	35
91	2
0	15
0	20
0	20
94	3
0	3
0	1
22	3
0	3
4	0
0	2
0	1
18	16
0	1
1	2
0	1
0	20
0	14
0	40
64	40
0	64
0	64
2	15
0	3
0	2
0	27
0	21
0	11
3	11
0	10
1	10
0	10
0	6
0	10
0	4
0	4
0	4
2	0
0	11
0	26
0	26
4	0
47	72
39	72
5	1
0	1
7	17
0	20
0	2
0	12
0	1
0	1
17	7
7	8
61	1
0	0
2	22
0	0
238	0
0	3
0	3
0	2
0	2
0	2
0	2
1	5
0	3
0	5
4	0
0	0
0	0
0	5
17	21
0	21
21	39
0	0
0	0
0	2
5	0
0	22
0	793
0	23
0	169
0	24
0	283
227	780
0	9
0	13
0	8
0	5
59	63
0	33
0	8
0	11
0	10
0	9
0	10
0	7
0	6
3	353
0	5
0	7
0	8
0	5
0	63
0	7
0	13
0	8
3	9
0	3
1	3
0	1
4	592
0	551
19	0
0	615
0	613
0	614
322	0
0	2
0	11
0	11
0	0
0	0
10	0
0	104
1	2
6	0
106	2
0	2
0	6
44	769
0	769
0	55
0	0
0	6
31	26
0	6
7	0
0	0
0	0
5	6
19	14
0	23
7	41
0	32
0	6
697	0
0	62
3	62
0	6
26	0
2	0
9	26
0	71
42	256
0	0
1	0
1	0
0	256
0	33
0	33
0	0
18	0
5	3
0	3
1	0
0	6
0	6
0	1
216	44
0	24
4	86
23	277
327	289
5	219
9	10
0	6
0	87
0	126
0	8
133	8
8	3
22	0
1	0
0	57
0	57
0	57
0	57
0	6
0	15
0	10
2	10
16	128
34	163
1	0
0	7
0	7
0	3
0	0
0	0
0	0
76	69
1	69
0	0
26	0
1	0
0	0
17	16
0	2
0	4
0	10
2	14
53	10
1	0
6	0
2	10
0	10
0	10
0	10
0	9
0	29
77	25
1	25
4	3
2	1
0	3
1	67
1	0
89	11
1	1
0	0
0	0
0	0
0	4
0	1
940	9
0	0
2	8
0	8
85	1
9	0
9	0
8	1
0	1
7	3
0	3
64	7
0	0
7	0
0	5
6	1
0	0
239	2
0	0
0	0
1	0
5	2
2	18
143	119
0	0
0	116
8	103
0	9
10	1
0	2
0	8
0	8
2	1
13	11
0	6
0	144
1	142
0	19
6	94
0	0
0	67
14	1
0	3
0	4
0	2
0	3
0	3
0	3
0	3
0	0
1	6
0	1
1	0
0	0
0	0
0	0
0	0
4	5
0	0
4	14
0	4
0	10
0	0
0	10
0	25
0	25
0	9
0	8
5	11
0	8
6	12
0	12
384	8
165	377
18	26
0	1
0	352
6	26
0	31
11	5
2	27
0	33
0	11
0	5
81	86
0	33
0	16
24	58
0	9
39	0
28	0
2	18
0	6
27	131
5	0
0	131
1	83
64	14
1	8
20	5
0	83
0	6
4	7
0	66
0	523
461	497
14	0
0	0
0	77
5	3
0	3
9	3
1	3
0	0
0	0
0	0
0	0
25	0
10	217
0	146
24	84
0	110
1	0
0	216
0	56
2	56
0	0
0	1
0	5
3	1
62	70
0	29
2	40
10	7
0	2
50	2
5	0
44	18
6	53
0	45
35	0
4	31
47	23
1	171
37	6
0	286
430	461
0	15
0	11
3	9
7	0
8	2
0	8
0	8
0	5
0	5
0	8
0	0
2	0
0	0
0	8
25	82
62	41
0	29
0	14
0	3
0	5
4	0
0	1
0	1
1	0
0	230
0	77
0	211
63	77
0	59
0	31
0	43
0	54
0	20
0	51
0	1
0	48
0	17
0	6
0	59
0	0
0	0
0	0
42	83
11	73
0	0
0	0
4	0
0	2
1	0
0	5
0	15
8	17
0	16
32	0
0	32
2	32
0	2
0	12
0	8
0	1
0	8
0	150
0	28
15	0
87	98
3	98
0	0
0	34
0	34
0	34
17	8
0	36
0	36
0	36
54	64
0	64
32	243
0	105
0	10
0	12
0	16
0	118
0	138
98	75
3	3
0	43
0	68
117	1985
0	1985
13	7
0	3
27	52
0	51
1041	12
0	2
0	0
0	0
0	10
4	8
0	4
235	170
0	110
0	0
1	1
3	202
0	75
7	75
0	9
15	4
0	46
0	46
0	3
0	9
0	9
0	9
0	7
0	4
9	4
0	0
2	0
0	3
0	4
4	4
0	5
13	0
15	68
0	28
0	37
0	29
0	29
0	20
0	24
0	3
0	21
17	70
0	70
0	22
13	0
0	0
1	1
0	4
0	6
0	1
0	1
5	2
29	5
0	4
0	0
0	2
4	0
19	17
12	17
0	0
0	0
12	9
0	7
35	10
17	40
0	35
46	40
0	12
4	16
0	12
0	1
10	0
1	0
4	0
0	0
2	0
3	0
0	141
0	141
1	124
0	0
2	0
0	0
0	17
0	2
9	5
0	0
0	17
0	4
0	2
0	4
0	4
4	51
0	7
0	51
193	39
0	13
2	12
0	5
5	2
0	19
0	42
1044	39
3	21
9	21
0	2
5	0
0	10
2	10
4	11
0	0
20	22
385	29
0	1
0	9
0	0
144	9
20	0
0	0
0	0
2	3
0	3
0	72
0	58
0	58
3	45
0	45
26	42
0	35
0	2
0	1
12	0
0	2
0	2
0	0
2	0
0	45
0	45
985	325
7	90
1	0
0	323
3	0
0	7
18	32
8	16
0	2
0	1
1	0
6	0
3	0
0	0
165	32
0	0
0	6
0	4
0	17
0	184
0	120
16	134
19	137
27	136
19	136
0	3
41	42
561	42
34	53
0	21
0	23
6	4
0	1
0	0
23	0
0	13
0	12
0	11
0	2
13	90
0	28
0	0
16	0
0	2
28	81
0	7
0	8
34	14
19	12
0	0
197	69
0	69
0	6
0	6
801	31
6	2
6	0
0	23
0	0
16	0
0	0
0	0
0	0
0	0
0	5
0	0
0	0
0	21
0	21
0	23
35	7
32	9
0	51
1	51
0	186
16	81
5	1
3	3
11	82
100	368
0	215
31	0
0	2
18	27
0	368
0	137
555	137
0	186
2	0
4	0
0	0
0	0
0	0
31	128
0	127
0	16
5	23
5	0
34	0
59	20
539	0
0	0
4	2
0	2
14	0
0	0
0	57
0	51
11	50
0	31
0	31
3	33
0	2
0	12
1	0
0	0
0	0
0	0
0	0
8	0
7	1
0	2
0	85
0	68
0	69
0	0
0	6
0	12
8	332
1	279
0	204
0	30
35	104
5	30
19	373
0	344
0	0
96	30
15	30
1	0
0	11
13	13
0	8
0	6
0	0
2	1
0	0
0	5
40	33
0	3
676	0
389	735
0	704
0	17
4	6
0	8
0	6
0	83
262	143
0	143
1	2
0	72
0	2
28	0
6	0
895	1
0	2
20	3
3	3
0	3
0	3
0	2
0	1
0	1
588	476
0	476
8	0
0	0
0	0
4	14
0	14
0	14
0	10
0	6
0	1
0	7
5	1
0	6
20	275
0	275
9	1
0	226
240	44
0	44
472	29
0	34
0	18
0	0
0	3
0	45
0	31
27	36
0	25
0	20
36	0
0	10
8	8
12	8
5	2
0	47
0	2
0	47
174	82
0	82
178	54
0	14
301	227
46	227
0	12
20	5
0	3
24	213
1	213
2	11
0	167
0	148
0	3
0	389
38	438
14	40
2	4
0	5
281	72
0	41
0	32
0	3
3	7
18	7
1	7
11	0
0	11
0	11
0	5
499	32
0	40
6	19
3	15
0	32
0	5
119	43
170	30
2	35
0	50
32	31
35	46
11	3
1	3
0	0
0	3
10	36
0	9
0	38
5	38
0	26
7	15
0	117
0	11
7	15
0	117
0	52
1	116
0	115
0	7
0	86
0	82
0	82
0	86
0	27
9	86
0	86
0	22
61	14
0	13
0	1
9	0
8	1
10	0
10	0
0	34
21	34
0	34
0	31
0	26
2	2
39	94
17	20
9	0
35	24
0	1
0	1
26	92
42	18
0	0
1	0
1	0
2	0
0	7
0	0
10	500
0	477
0	199
1	7
1	2
0	8
3	1
3	1
233	40
0	41
0	41
0	40
0	2
3	2
0	7
0	1
0	2
81	506
38	392
0	215
10	12
0	197
5	232
12	12
17	54
71	53
0	32
40	19
0	2
760	111
12	68
3	63
0	61
4	39
16	3
0	3
9	4
1	0
0	4
11	0
26	9
0	9
235	0
88	7
10	133
10	154
0	107
0	0
3	0
0	13
0	7
0	14
6	0
6	10
0	10
4	5
0	5
1	7
0	2
0	5
0	2
0	5
0	0
0	3
0	2
0	0
1	0
126	51
62	38
2	14
39	2
0	79
17	298
398	57
0	73
0	73
0	99
22	20
105	495
102	297
0	167
229	268
0	49
2	145
0	334
136	130
0	116
0	140
0	113
199	24
0	22
0	6
0	26
0	23
7	16
81	1
0	225
16	221
0	192
131	166
16	2
0	0
0	4
0	4
0	4
3	4
1	0
26	10
31	10
195	25
15	19
0	14
0	496
0	11
6	6
0	2
0	466
7	4
33	485
49	215
0	3
0	2
44	212
52	18
7	7
0	3
4	3
0	8
0	8
0	1
0	4
267	0
0	1
0	1
0	4
0	93
0	4
116	98
72	0
33	104
0	104
1	0
124	25
0	9
38	16
2	16
0	106
0	48
2	2
0	2
0	0
0	0
0	6
0	3
0	5
0	7
5	3
0	3
1	4
0	325
0	325
1	38
0	4
0	4
0	34
0	4
10	35
2	7
0	46
1	31
0	26
0	27
0	37
0	37
0	19
3	9
0	11
0	32
36	32
0	40
99	0
16	0
0	0
0	0
0	0
8	0
8	49
4	16
0	6
0	9
7	10
7	9
4	10
9	0
0	4
74	146
0	20
0	18
9	166
2	4
373	5
100	5
2	36
0	36
0	0
0	0
0	2
18	17
11	21
49	10
4	10
0	3
0	1
14	92
0	92
0	131
217	337
0	316
54	202
7	225
0	251
15	0
30	1
42	119
0	114
0	50
0	12
1	1
30	19
10	0
0	0
52	17
15	36
12	29
0	10
45	53
0	11
1	21
8	9
23	25
1	0
3	0
3	23
0	23
0	0
0	1484
3	1392
16	692
13	400
0	445
0	832
49	729
0	1
0	2
0	15
71	14
0	2
0	7
26	0
7	0
0	0
0	189
7	308
0	8
1	16
0	6
0	9
0	305
8	52
0	73
6	14
12	14
0	5
0	0
0	0
0	0
0	7
8	0
0	7
3	7
0	13
3	0
21	1
0	0
0	0
0	1
4	32
0	32
0	34
0	5
2	8
0	0
0	8
0	13
0	5
0	5
0	5
2	0
5	9
13	32
0	23
10	24
0	11
0	11
0	11
7	0
7	0
0	0
3	0
179	68
24	68
7	4
24	10
1	10
416	704
0	725
0	608
0	489
0	492
0	492
0	476
1	494
0	148
0	21
0	21
0	355
0	360
0	182
34	21
0	153
0	149
0	0
0	5
0	0
0	3
0	296
0	289
0	70
10	107
159	83
55	63
13	181
294	119
33	30
1	24
4	6
153	2
14	1
0	1
12	0
180	28
0	1
8	28
0	0
0	0
4	3
0	8
0	5
0	8
0	5
0	4
123	93
0	93
0	23
6	70
51	45
0	54
4	15
0	11
8	9
2	8
0	8
0	37
0	37
0	37
0	6
0	0
0	35
0	35
0	35
285	29
4	26
1	8
41	3
72	327
0	327
0	75
0	72
0	0
0	0
0	1
1	1
0	0
0	11
0	11
0	0
0	0
19	3
0	0
1	0
0	3
0	3
0	3
4	2
0	2
267	0
171	26
3	0
0	26
2	0
0	0
2	0
0	3
3	26
15	14
0	15
2	0
8	1
5	0
0	5
0	5
0	5
3	5
3	1
108	31
0	31
5	23
43	31
1457	6
1530	731
10	0
0	7
0	128
0	151
5	23
5	24
1	24
24	5
0	2
21	19
26	23
41	60
0	5
0	11
4	5
2	37
0	394
1694	394
1	5
13	270
23	36
0	47
0	47
0	47
0	47
0	47
0	47
0	41
0	8
0	48
0	11
0	5
0	36
34	141
17	17
27	80
0	12
0	11
0	15
0	89
0	65
296	3
28	3
5	25
0	25
292	3
0	65
10	65
0	29
0	40
0	46
0	19
0	15
0	42
0	19
0	22
0	22
0	22
0	22
0	36
0	36
0	14
5	6
7	5
0	5
15	11
0	11
0	0
0	0
1	51
12	8
0	51
277	124
0	0
0	3
1	1
0	45
0	8
0	6
0	6
0	8
0	3
23	3
0	2
14	2
0	2
1	0
17	32
0	8
0	21
0	21
1	24
0	13
0	0
0	0
1	16
0	8
1	0
2	1
0	0
0	1
0	1
0	1
0	1
0	1
12	0
216	0
3	0
9	8
0	8
29	4
0	16
0	0
0	12
10	0
1	5
6	5
0	50
0	3
0	39
5	0
0	2
0	2
2	0
5	0
0	0
0	19
0	4
1	23
0	12
0	50
0	16
2	65
3	63
0	12
0	20
0	6
0	46
0	53
8	44
0	21
0	15
0	19
0	17
0	11
0	3
3	0
0	3
11	0
39	17
0	17
21	32
0	28
6	23
0	2
0	0
1	4
0	73
0	29
0	6
0	65
15	21
34	156
0	8
0	0
34	119
0	127
10	85
9	155
24	133
8	151
1	70
0	1
55	11
18	18
1	10
0	7
22	4
30	5
0	1
0	0
7	1
0	4
0	0
21	3
22	3
8	3
0	3
36	47
0	10
0	5
1	2
0	2
0	0
18	0
304	0
1	9
0	110
0	80
0	10
9	1
0	3
0	0
1	1
75	86
0	94
11	94
6	0
14	10
0	3
2	3
4	7
0	10
0	7
0	0
2	15
0	0
0	0
0	8
0	16
1	16
1	9
2	21
0	2
2	2
0	22
16	206
566	206
49	90
4	12
0	12
0	1
101	0
8	14
0	14
8	15
0	10
0	10
0	3
5	3
0	0
0	0
0	0
0	0
0	28
0	27
0	11
0	0
0	10
0	0
0	1
0	0
10	16
0	14
0	14
7	7
0	0
2	0
0	5
1	0
0	16
0	0
0	0
1	0
8	0
145	246
0	160
0	13
6	139
0	2
0	2
0	0
0	0
0	0
0	7
1	0
6	7
0	7
4	16
2	16
0	10
0	13
0	13
0	13
0	6
1	1
0	1
0	1
0	1
0	1
0	5
1932	0
36	37
0	37
24	107
1	92
0	3
0	0
22	2
0	0
0	0
0	0
0	0
11	1
0	1
0	1
0	155
2	155
0	153
0	272
0	80
4	1
80	332
0	54
0	329
18	7
0	7
0	21
0	21
0	21
0	7
6	0
677	86
64	86
0	148
178	2
18	3
0	3
0	149
31	0
1	0
8	14
2	7
0	0
0	5
3	1
7	0
0	2
7	16
0	16
0	250
19	343
0	12
0	78
0	5
0	124
14	171
0	4
17	10
0	2
2	0
7	0
9	0
32	0
24	42
15	31
0	21
0	25
0	0
47	0
49	136
75	136
0	0
1	0
0	81
0	27
0	17
0	43
1	4
0	30
61	30
9	108
0	2
4	0
38	29
0	1
1	1
0	13
9	39
0	121
0	121
27	0
0	0
1	0
7	0
5	2
1	36
23	36
16	20
0	12
11	2
0	8
0	9
0	10
0	8
0	0
256	40
0	63
362	105
6	103
23	64
135	63
3	0
0	14
0	7
0	8
0	165
0	148
0	105
0	105
16	15
19	44
0	135
0	103
0	0
5	0
0	0
4	0
0	12
302	255
0	251
9	139
0	1
0	2
0	2
0	3
0	59
0	62
0	54
0	57
0	52
0	52
0	49
0	49
0	5
12	9
0	14
9	14
17	6
0	6
0	0
4	0
16	294
0	7
20	275
0	0
223	1
0	63
0	27
62	0
115	13
0	13
9	5
0	4
13	0
34	45
0	45
0	37
0	44
20	44
0	68
0	12
0	4
0	4
0	0
0	0
22	54
0	0
0	0
0	529
0	573
15	463
0	358
0	123
68	0
21	4
11	0
3	13
0	13
27	21
0	21
2	2
0	0
3	0
0	0
0	11
0	23
49	173
28	0
0	0
0	1
0	1
0	5
0	4
0	1
0	0
0	1
158	10
5	4
359	7
2	11
0	0
2	5
588	117
0	87
0	81
0	15
0	190
0	190
0	8
9	37
0	33
1	39
0	32
0	33
94	1
0	1
8	1
0	0
37	334
13	330
6	327
12	324
2	324
13	324
0	313
1	42
0	334
0	19
0	4
1	19
0	19
31	74
12	15
0	20
0	35
0	13
104	243
0	242
0	16
12	42
61	2
0	60
0	10
0	13
3	13
0	3
26	2
966	727
0	15
7	20
81	5
9	0
0	0
14	0
0	5
0	25
0	19
7	25
0	9
0	0
0	1
0	0
49	19
30	9
0	16
0	7
0	21
0	21
13	0
7	0
0	1
629	33
21	1
0	1
0	6
6	6
7	0
33	17
0	130
23	115
0	0
0	0
0	3
2	3
0	0
0	4
1	0
2	0
0	79
0	1
32	121
63	233
0	12
0	8
4	4
0	110
45	119
6	90
14	90
3	246
0	244
0	216
0	130
0	139
0	139
0	139
0	139
0	7
6	0
0	54
6	0
0	0
3	0
0	47
0	48
61	0
1	0
0	47
25	3
0	3
8	3
0	82
0	113
0	3
41	3
0	246
0	246
47	0
2	0
1	0
100	129
15	123
8	23
4	5
0	5
0	5
9	281
31	277
2	61
11	38
6	31
0	16
0	0
0	0
0	0
14	0
5	0
13	2
6	4
14	0
0	15
2	15
2	0
72	11
0	15
0	4
0	7
0	12
24	6
48	24
23	17
0	5
0	17
3	0
82	0
0	27
20	8
0	8
24	28
103	30
27	10
12	0
6	10
0	0
0	86
17	156
0	2
0	1
9	159
0	11
0	11
0	7
235	0
17	14
0	15
0	8
0	1
10	3
1	1
0	2
0	2
0	2
0	2
128	514
5	45
0	1
147	1
9	0
103	23
301	447
7	3
0	3
213	9
6	5
20	0
2	0
9	0
0	0
0	0
0	33
1	33
0	12
0	44
0	44
0	10
2	2
0	7
3	14
6	4
0	4
0	6
0	15
100	7
0	189
0	29
2	183
0	1
452	13
16	13
30	13
8	20
0	20
2	21
0	15
293	18
3	25
0	30
0	23
0	28
0	24
44	10
0	0
3	6
2	0
7	8
0	1
17	38
0	38
1	8
0	0
0	1
0	1
0	14
0	10
0	14
1	2
0	2
0	2
0	2
425	1495
6	22
2	5
0	0
0	22
0	20
0	20
143	6
2	4
0	0
0	0
2	0
0	0
1	0
0	14
0	0
2	22
0	21
0	1
2	2
8	2
0	0
0	3
0	0
3	0
0	3
0	3
0	3
0	0
0	1
0	9
341	10
1	1
1	0
3	6
9	5
3	2
16	37
0	21
2	151
4	11
0	151
7	5
18	0
0	1
0	1
97	59
646	53
0	11
0	4
8	0
0	0
1	2
2	1
12	2
0	0
2	0
0	0
0	0
0	0
0	0
0	154
0	109
1	24
0	173
300	15
11	5
0	7
0	3
10	5
591	156
28	156
0	156
0	2
16	0
0	218
0	217
0	0
1	2
0	168
3	166
0	166
0	12
50	43
0	8
0	9
1	4
0	19
0	12
0	19
0	12
0	19
0	144
0	37
37	154
0	41
0	1
236	80
1	80
8	0
0	0
0	68
5	92
170	142
0	133
1	180
299	180
1	1
0	1
7	0
0	59
0	174
0	21
0	26
14	15
0	5
3	3
0	9
3	4
0	9
1837	0
0	73
0	73
0	0
0	0
22	1
0	1
0	0
2	5
0	1
0	5
4	0
0	45
0	52
8	2
0	2
0	2
0	0
0	3
0	2
0	0
0	20
0	0
7	1
0	1
2	63
22	318
15	7
0	105
0	15
273	167
0	425
0	11
143	5
305	114
0	6
0	9
13	1
1	14
0	29
0	16
39	0
8	0
7	0
24	10
265	0
0	0
0	2
2	9
18	8
0	7
0	3
11	0
0	0
0	0
0	3
68	14
157	0
6	3
3	11
17	7
1	2
3	2
1	0
34	48
3	48
0	21
0	13
0	18
0	54
0	75
0	37
0	49
0	10
0	7
7	108
0	15
0	82
0	0
0	21
0	26
0	7
1	0
0	0
0	0
0	0
0	0
19	64
0	63
4	40
46	268
0	315
0	272
0	32
0	48
7	3
0	3
0	13
0	13
0	6
274	82
48	220
0	7
3	0
13	2
0	2
9	2
7	10
27	55
0	9
5	1
0	16
2	30
2	16
0	20
0	20
16	16
3	0
10	4
0	1
1	1
1	0
0	1
4	0
0	15
4	16
0	0
0	0
2	0
0	0
6	1
0	0
23	0
98	0
12	0
0	4
4	4
5	1442
0	1438
3	113
0	15
0	16
4	19
0	10
2	21
0	137
0	137
88	90
11	94
0	68
0	68
0	68
13	34
0	26
5	0
4	0
0	19
11	6
4	26
0	0
1	8
5	0
0	8
192	0
137	0
0	178
0	178
0	177
0	178
0	178
0	172
0	172
0	171
102	234
0	2
3	6
1	3
134	226
15	9
3	8
0	1
0	13
0	2
0	3
0	3
1	13
15	1
0	1
0	1
0	1
1	0
178	0
0	0
26	204
0	105
0	3
5	0
0	100
18	99
0	81
12	88
1	29
0	9
0	10
17	24
0	24
0	13
21	1
0	5
6	12
102	0
5	6
0	6
0	6
33	2
92	22
0	15
48	5
12	5
0	2
0	2
39	535
0	505
0	526
4	12
0	12
15	0
2	50
4	50
14	50
9	33
40	10
12	1
15	28
0	28
0	3
0	3
176	11
284	11
668	435
0	285
0	9
0	2
0	4
5	0
1	0
0	0
45	44
0	44
14	0
736	0
0	17
0	86
0	49
0	49
0	110
0	49
0	15
0	14
0	7
13	104
0	11
0	14
0	27
4	5
7	10
0	10
0	25
34	18
11	10
0	10
0	3
9	10
4	3
0	3
359	144
0	144
18	41
0	19
0	29
413	90
32	34
5	0
0	0
7	10
0	27
15	911
0	557
3	58
6	42
15	355
80	182
0	76
24	13
1	0
150	26
2	29
0	2
6	11
0	2
0	3
0	6
0	4
44	1
0	2
0	2
14	1
0	0
0	0
4	0
84	153
0	0
1	0
0	0
2	153
42	2
4	2
10	2
1	187
0	0
0	0
0	0
0	20
0	12
2	32
0	12
0	12
4	0
0	0
18	39
8	0
0	49
3	50
0	46
6	141
54	135
0	7
9	22
45	211
0	0
14	182
0	3
206	47
17	42
3	20
0	35
1	10
0	26
4	21
7	7
0	7
0	77
0	77
0	50
6	26
0	9
0	6
5	52
43	58
165	56
0	7
0	3
0	10
6	71
0	84
0	33
65	27
0	3
333	208
0	1
0	1
0	1
1	0
0	27
0	100
0	0
0	87
0	0
11	0
0	88
0	95
9	99
19	4
3	23
3	4
1	17
0	14
0	18
0	19
0	1
0	2
0	2
17	2
0	2
2	7
0	7
266	57
3	15
9	20
0	7
0	0
0	1
2	1
0	4
0	4
0	4
0	4
0	4
0	3
0	32
0	3
3	43
7	36
26	12
0	12
2	6
0	5
3	13
0	5
3	36
0	1
0	1
0	22
0	1
2	38
18	6
0	6
197	392
14	388
0	4
9	39
0	39
46	5
6	69
2	40
14	34
3	29
23	0
0	140
0	140
4	407
0	241
2	0
0	0
1681	521
0	113
7	3
0	8
3	8
21	0
27	168
0	245
0	293
0	177
5	10
0	105
0	12
0	54
0	7
0	24
0	0
1	10
0	36
0	28
0	26
0	1
16	35
21	35
12	5
4	29
11	29
58	0
8	428
3	13
0	19
3	13
4	6
0	58
0	55
0	10
0	7
11	17
16	22
0	10
0	17
39	10
0	10
2	5
22	32
14	31
6	0
0	1
2	1
0	16
0	16
0	7
16	6
0	6
284	9
10	6
0	1
0	0
9	0
0	0
9	3
1692	108
6	2
3	20
0	19
32	26
0	4
134	21
670	17
0	4
0	0
0	4
0	0
75	97
17	2
0	0
3	2
24	27
0	22
0	21
124	138
1	0
0	6
5	130
0	78
0	58
9	44
0	58
7	0
2	0
0	0
1806	53
7	4
0	2
4	210
0	273
0	16
0	2
0	13
0	66
7	18
0	37
14	10
0	11
28	3
0	25
3	0
0	66
0	0
4	3
4	21
0	21
0	3
0	2
7	2
0	2
0	1
0	0
0	1
36	1
31	0
1	10
1524	56
33	89
0	51
34	7
21	42
0	13
0	25
0	6
0	29
0	5
12	17
1	17
0	26
0	0
0	0
63	15
0	5
0	18
0	69
0	66
0	69
0	69
0	8
7	1
2	8
5	0
0	0
0	102
0	6
222	175
57	60
17	142
0	78
0	5
16	5
0	0
0	32
34	22
7	15
0	113
5	31
0	102
0	78
0	76
27	39
0	6
0	6
0	33
1	0
0	0
0	16
43	60
0	98
0	43
0	89
29	141
0	42
0	81
0	11
0	14
0	11
0	16
0	74
0	32
0	5
0	16
0	127
0	14
26	18
1	18
0	13
0	0
0	1
422	67
0	42
0	68
0	12
0	51
3	3
0	46
6	39
1	0
77	0
12	8
13	8
546	131
91	131
0	17
2	1
0	2
0	2
0	0
0	0
0	0
0	6
4	6
0	6
21	8
100	77
74	69
0	6
7	0
0	0
44	256
3	257
6	240
98	98
0	0
0	0
0	0
0	0
0	1
0	1
1	1
9	33
0	20
0	20
0	0
0	1
0	48
54	98
7	9
16	12
8	23
0	23
34	23
0	2
2	16
0	3
71	45
0	4
0	4
0	0
0	13
6	13
0	4
0	3
21	42
2	0
0	45
0	45
1	47
1	33
0	3
0	4
0	3
332	75
58	4
7	2
42	10
0	14
0	0
10	1
0	16
86	11
0	9
1	0
0	1
0	1
0	750
0	63
0	750
0	6
30	5
0	5
0	0
3	5
19	597
0	487
5	628
0	53
1	101
499	198
3	36
390	36
27	5
74	164
1	22
0	135
0	7
825	149
25	25
0	129
0	129
0	293
35	221
0	26
0	26
0	4
1	0
0	0
0	0
0	0
2	0
39	1385
17	1378
0	745
0	30
25	677
0	4
4	2
0	4
0	4
7	0
2	4
581	873
35	874
0	0
0	3
0	4
645	0
289	15
18	13
0	0
0	2
1	2
19	5
0	5
92	5
27	17
0	4
0	0
0	0
11	16
0	2
0	16
0	14
3	14
0	8
7	0
2	0
25	30
0	0
0	0
0	0
0	0
0	0
3	0
123	7
1	7
46	4
0	18
0	18
0	22
46	4
0	4
3	6
0	0
0	6
2	6
0	6
0	39
0	39
27	6
6	1
143	79
0	69
0	67
0	60
0	64
0	41
0	0
0	4
0	12
0	1
318	0
1	0
0	131
0	131
7	68
0	134
5	149
0	67
1	54
63	36
0	0
294	0
1	0
19	72
26	7
0	68
0	0
0	1
6	0
0	1
0	66
0	55
0	1
4	49
0	0
0	1
0	47
0	3
0	0
0	2
22	10
2	0
0	2
50	53
0	10
1	0
0	12
0	1
1	13
0	18
0	18
7	6
0	0
0	0
2	0
19	5
0	5
0	0
0	27
2	9
0	18
0	18
0	9
0	13
0	18
3	13
32	26
0	26
2	7
0	16
0	2
0	2
12	0
0	0
27	34
442	34
2	3
3	4
1	11
1	0
27	0
3	22
0	18
18	7
1	7
1	0
0	4
0	100
23	166
0	155
0	64
5	0
5	0
0	96
109	72
0	14
0	13
34	69
0	54
0	24
0	30
0	11
1	16
0	5
0	1
0	0
0	1
0	0
0	1
1	1
14	0
4	0
6	6
2	2
5	2
1	0
1	97
5	1
0	1
2681	326
3	326
0	168
182	7
9	102
0	89
0	3
4	13
0	13
0	13
0	0
1	38
0	26
27	1
19	1
0	27
0	27
235	24
0	67
3	0
10	0
1	13
1	10
0	0
10	0
4	7
36	14
6	10
42	6
0	0
7	158
40	158
0	47
0	61
76	48
0	46
0	47
0	13
0	4
0	2
2	0
0	0
0	22
0	22
1035	2
227	0
1	0
2	2
3	0
0	100
133	367
15	92
0	94
1023	287
29	25
0	13
103	97
443	237
4	55
0	237
0	11
1	11
0	11
0	18
0	18
0	0
1	0
7	14
0	1
0	1
0	1
6	14
0	14
0	1
0	1
0	14
28	8
11	4
0	0
0	0
0	4
0	26
0	24
4	19
15	19
3	11
0	11
1	0
0	0
17	49
9	18
33	18
0	13
0	13
0	0
7	18
40	258
0	316
0	316
2	201
5	236
216	23
0	16
1	0
24	7
1	129
0	112
0	75
0	59
6	20
2	21
0	14
0	3
132	38
0	38
0	21
0	2
0	0
0	0
0	0
0	2
0	2
0	0
0	0
0	0
2	0
13	0
0	0
0	0
38	0
6	7
0	0
1	0
1	7
9	5
0	83
0	4
3	0
2	30
0	79
4	0
0	26
0	14
3	75
0	75
0	75
0	9
66	42
27	42
16	11
0	7
0	0
0	0
0	0
0	0
0	28
11	29
0	1
0	8
0	8
7	0
16	1
8	4
0	4
0	20
13	19
0	20
0	1
0	150
0	73
15	51
0	0
36	5
55	7
0	150
18	102
168	210
0	63
0	210
0	102
0	56
0	66
13	40
8	40
14	10
1359	18
0	0
3	78
13	0
0	64
19	73
0	65
0	65
4	79
0	43
7	81
0	81
0	2
0	26
0	14
1	0
0	17
4	17
0	0
1	86
1	4
7	5
3	5
69	155
466	46
2	46
42	46
0	16
5	3
20	9
0	4
0	11
0	11
39	113
18	4
0	46
1	5
0	5
0	5
0	5
258	166
12	84
703	14
0	29
1	3
6	3
5	2
10	2
0	7
0	8
0	8
25	52
0	48
0	49
0	48
0	2
0	40
5	0
10	20
0	2
0	5
0	1
2	1
0	1
0	1
0	1
0	3
1	26
0	25
0	9
0	8
0	322
0	322
53	227
1	221
0	59
10	28
5	14
0	10
1004	67
52	48
21	61
96	1
0	12
6	40
14	101
4	13
0	13
0	3
0	7
0	1
0	19
0	0
14	2
14	18
0	0
0	8
0	8
0	8
0	8
0	6
0	6
0	6
0	6
300	88
0	109
220	78
0	57
0	0
68	21
0	0
34	0
0	9
0	11
0	88
0	92
60	218
49	218
11	222
50	3
0	4
22	88
3	74
60	132
0	304
0	61
0	4
0	9
0	11
6	0
63	14
0	304
0	52
0	53
0	50
0	512
0	85
0	51
0	13
0	475
0	8
20	8
0	3
4	0
5	3
9	4
0	0
1	3
0	4
0	3
0	3
5	13
1	12
3	7
2	5
49	37
0	10
0	50
782	0
0	0
0	286
0	51
781	326
75	29
0	0
0	1
0	0
1	0
0	0
0	0
2	537
0	58
88	725
9	3
0	10
93	23
0	2
0	13
0	12
0	4
6	89
0	88
0	17
0	7
0	0
0	0
0	1
0	1
0	1
0	1
0	16
0	14
10	5
19	19
3	21
20	14
0	268
0	17
0	51
0	149
592	157
0	133
0	181
0	180
5	57
0	57
39	61
3	39
34	39
0	35
3	5
37	3
0	8
3	8
0	7
0	5
1	0
58	42
700	69
6	8
0	61
43	5
87	0
0	2
61	0
5	6
0	6
0	13
0	15
0	15
0	11
0	3
0	10
0	0
79	33
0	11
0	2
0	15
0	6
0	12
0	21
44	202
22	34
0	15
247	14
0	19
8	153
5	183
0	143
153	80
12	55
0	0
5	0
0	0
0	26
0	1
9	13
0	6
0	6
0	0
0	22
7	4
0	30
0	27
64	30
4	30
22	36
0	6
0	4
60	21
0	3
0	0
0	6
0	1
0	0
0	12
0	11
0	3
0	15
0	5
0	5
0	1
0	6
0	2
0	5
0	4
0	0
73	251
3	0
141	0
19	40
0	33
50	50
0	3
66	0
1	0
12	7
0	7
0	6
0	153
7	124
6	124
0	145
3	191
0	255
0	20
0	16
0	96
0	177
16	7
0	20
0	59
18	248
0	15
0	20
1	20
0	273
26	273
0	9
0	9
0	9
0	9
0	9
0	9
0	1
0	1
0	1
0	1
21	23
4	138
0	108
23	147
109	653
33	24
0	3
0	247
0	78
293	603
712	557
0	5
0	199
0	31
14	5
0	2
0	3
65	5
1	5
0	3
13	0
0	2
27	5
0	0
0	2
0	86
0	533
31	248
16	271
0	40
0	30
5	1
11	0
6	0
0	546
0	104
86	104
12	1
0	4
0	1
9	2
251	0
10	103
3	92
0	19
476	87
0	87
0	32
0	0
1	0
0	4
4	7
0	7
0	3
0	6
2	2
0	2
27	20
0	26
0	14
0	2
247	19
15	0
27	85
0	14
0	1
30	5
0	5
0	0
8	0
3	14
0	19
0	14
0	6
0	0
0	0
23	1
0	19
2	0
0	13
38	13
2	8
0	8
12	6
140	317
13	241
0	89
16	4
0	1
0	4
0	3
0	3
0	2
1	7
0	92
3	92
0	71
35	254
1	40
0	2
3	0
17	1
5	0
4	60
13	11
3	11
3	32
623	44
44	36
88	23
0	36
35	90
0	98
0	18
0	18
0	14
1	8
6	0
2	0
1	0
0	50
0	0
0	0
0	0
0	0
0	0
2	43
0	43
98	50
5	50
0	13
0	13
10	0
0	3
21	0
1	28
1	0
6	16
0	37
0	37
0	7
0	1
0	2
11	0
284	121
19	121
0	29
0	39
0	0
0	100
0	373
0	373
0	136
0	136
0	328
0	328
0	364
0	2
0	0
0	30
0	30
0	5
0	5
5	0
0	1
0	2
0	1
0	21
0	33
18	13
0	16
52	43
0	159
0	111
452	174
1	22
16	223
73	80
0	208
8	0
0	0
217	95
0	95
6	12
4	4
0	12
0	44
0	329
0	327
0	289
992	360
0	299
0	6
15	2
0	25
2	51
0	11
2126	0
70	106
0	98
0	4
0	3
0	3
0	1
2	0
2	0
0	59
30	88
22	90
0	37
0	1
121	0
90	352
1	87
1	5
2	342
92	75
0	75
0	1
3	0
0	4
0	4
0	13
1	53
0	12
0	15
9	17
0	6
0	2
0	1
0	6
0	6
2	10
8	6
0	5
8	8
8	0
8	4
3	0
0	0
0	0
4	5
1166	105
71	99
0	4
27	331
0	332
0	263
0	245
0	243
2	118
0	0
34	0
205	4
0	1
0	2
0	1
102	156
6	0
0	0
0	0
0	0
0	0
0	0
0	4
0	0
0	4
221	148
0	39
1	0
0	39
1	429
0	159
0	162
0	9
0	10
0	11
0	9
218	24
39	429
8	191
0	224
7	199
6	454
352	451
0	25
0	5
0	5
0	3
0	0
0	0
0	1
0	1
0	179
0	179
63	14
0	14
7	0
13	6
61	21
0	17
0	0
0	4
0	269
2	221
0	300
14	48
0	35
9	48
12	65
11	0
20	11
0	11
7	31
0	7
0	3
21	0
0	4
7	4
0	3
4	0
0	4
0	4
358	39
7	5
0	8
0	8
3	0
0	117
0	63
0	35
107	220
0	150
0	108
0	1
4	123
0	2
0	75
3	75
13	68
0	66
0	63
0	54
0	0
0	0
72	0
0	0
1	13
0	13
0	38
0	52
0	73
0	0
1	66
0	8
0	0
0	7
0	5
1	5
2	7
0	5
0	5
0	0
0	2
0	0
34	45
0	6
0	0
0	1
3	0
0	5
0	5
0	5
0	8
0	10
0	13
0	13
1	18
20	17
0	0
12	0
3	1
13	4
0	13
0	8
0	0
0	3
0	3
1	8
0	1
8	1
9	4
0	9
4	24
1	0
87	30
0	26
0	8
0	5
0	16
1	16
0	13
0	5
0	0
1	0
87	174
0	166
5	131
0	84
0	67
25	20
1	0
0	1
3	0
1	4
5	0
176	266
0	266
0	3
0	3
19	0
8	20
83	190
0	110
0	40
628	37
6	77
0	0
2	9
272	3
0	18
67	0
17	60
10	0
1392	38
2	35
0	13
0	0
1	0
1	2
0	0
5	27
0	1
3	1
0	0
0	5
0	2
0	3
0	17
0	1598
0	1598
0	192
0	34
0	7
0	0
24	9
0	0
7	0
1	0
15	29
9	1
1	0
11	0
0	37
0	37
13	23
0	2
3	14
0	0
0	0
0	23
2	14
0	316
0	316
0	1
0	0
66	0
760	148
22	41
0	49
8	0
2	15
0	4
0	7
2	16
354	304
0	303
104	299
3	260
17	1
1	699
0	699
2	0
5	9
5	25
5	2
1	1
0	2
0	0
24	97
0	86
0	94
0	21
0	7
0	1
0	1
0	0
1	0
27	0
0	1
0	3
0	4
0	3
0	3
1	1
3	1
0	3
0	12
0	12
174	88
0	88
35	86
0	2
59	0
2	0
1	13
172	38
0	28
42	1
9	26
9	2
442	374
6	307
0	16
0	105
0	6
0	6
0	1
0	1
91	147
6	6
0	31
0	0
0	125
0	19
79	23
360	145
0	49
0	49
0	28
0	31
0	21
3	25
0	5
7	0
0	1
0	0
0	11
2	11
0	7
0	74
0	0
1	7
21	29
1	74
8	0
454	395
1	395
3	76
0	173
4	0
2	0
0	0
0	469
37	102
19	17
1	1
10	3
0	469
42	2
569	7
3092	0
61	15
43	15
63	16
161	20
0	16
76	11
0	6
0	1
0	1
0	30
0	24
2	48
0	6
0	39
0	1
0	5
16	29
0	11
0	8
6	2
0	9
2	18
77	19
0	6
356	874
0	874
0	90
6	24
0	2
8	0
0	5
0	3
28	6
0	6
10	2
0	2
0	14
0	12
10	18
1	11
0	15
0	15
10	0
5	43
243	33
38	84
3	26
80	5
0	5
5	0
0	0
0	5
0	17
15	2
32	23
0	7
482	0
1840	0
12	0
16	26
0	11
0	7
0	18
0	5
0	9
12	14
1	0
0	2
0	17
1	17
0	2
7	0
20	0
133	65
0	160
0	65
0	42
84	65
26	0
0	177
0	18
0	160
0	13
0	6
1	6
4	9
0	9
1	0
103	39
0	39
6	10
7	6
0	25
6	2
10	16
8	9
0	8
246	9
0	2
0	1
2	7
133	17
0	7
0	10
270	14
0	14
0	13
0	20
0	20
0	9
0	12
1	7
0	3
0	12
0	5
0	1
0	1
0	1
0	2
0	0
24	3
7	0
0	3
0	11
0	0
190	422
24	422
17	10
0	1
0	0
23	0
41	79
1	23
1	0
0	3
0	3
0	2
1	10
0	10
0	0
4	50
0	4
0	33
0	0
0	0
333	32
13	1
0	48
17	2
0	2
2	5
0	5
0	5
23	2
0	5
336	48
1	48
0	33
1	38
0	2
0	2
0	47
15	3
18	13
0	3
0	33
0	35
0	33
3	0
1	16
0	16
0	16
0	0
7	19
10	19
0	32
0	0
0	19
0	75
0	13
0	10
0	8
20	11
2	2
35	75
0	6
16	45
0	61
18	67
59	6
3	0
18	31
0	0
0	4
0	1
0	4
355	97
12	97
24	15
12	143
0	15
0	16
0	11
0	11
2	14
1	11
0	11
87	125
25	76
10	62
11	38
3	54
46	0
0	45
6	29
67	93
151	93
0	3
1	217
106	5
0	217
0	83
98	599
0	41
0	31
0	20
0	516
20	102
0	110
0	52
0	44
0	0
0	4
0	82
19	152
0	53
0	53
0	43
0	22
0	16
0	2
0	208
0	164
0	164
94	164
0	158
0	4
0	55
0	74
2	0
5	0
1	0
2	0
0	6
11	6
0	0
11	0
9	0
120	0
0	0
0	5
0	10
23	65
18	8
0	57
0	6
0	13
14	44
47	86
2	69
25	15
18	8
107	77
4	0
0	61
499	77
10	77
12	84
87	203
15	203
30	94
0	57
0	51
0	3
0	2
0	0
2	38
0	57
1939	80
0	77
0	73
0	9
0	9
0	9
0	0
3	1
34	1
0	8
2	11
0	49
0	0
0	0
0	45
0	84
257	559
0	545
0	99
0	100
36	111
0	68
0	100
7	53
6	129
0	131
0	2
2	12
3	7
20	6
12	0
289	374
0	0
4	374
0	1
47	3
0	3
0	3
528	181
170	174
0	14
0	6
0	6
10	55
78	75
0	75
0	35
3	4
6	0
0	0
339	1074
0	1032
0	65
0	824
0	296
0	365
0	512
61	0
1	1
807	0
2	1
10	6
15	187
38	21
0	344
0	554
0	33
0	30
0	37
1	31
0	170
0	311
1109	584
0	13
0	13
0	2
0	2
3	0
0	0
0	0
2	0
1	0
0	8
0	0
2	0
6	0
0	9
206	1770
0	27
3	2
6	19
3	579
23	6
90	133
0	79
12	122
0	77
18	66
0	122
135	238
0	20
0	1
0	2
0	6
0	28
0	2
6	70
7	0
0	49
0	33
0	0
0	184
0	70
13	1
0	30
0	1
0	4
11	58
82	1
155	0
3	0
24	91
0	91
0	37
1	24
1	0
0	0
0	0
0	0
27	31
0	11
0	13
0	8
0	5
0	3
0	0
0	0
0	0
2	0
4	10
4	29
1	1
78	29
9	558
11	558
0	95
1	43
790	267
13	2
0	2
355	0
7	5
74	5
0	3
0	1
12	0
1	1
0	2
6	41
0	115
1	115
0	50
0	36
21	74
0	14
0	14
0	14
0	14
0	0
5	0
0	3
5	13
0	0
0	3
0	0
5	11
0	4
61	4
0	4
0	11
4	3
59	40
0	37
0	10
0	3
616	0
0	8
0	27
0	15
3	49
53	32
0	9
10	14
12	0
0	0
0	6
0	0
0	0
0	1
0	1
0	6
145	97
0	0
1	0
13	0
361	97
138	0
0	0
0	0
0	30
0	0
2	30
0	0
0	0
1	0
128	206
18	5
94	186
0	1
0	4
0	185
64	201
0	77
0	77
3	0
0	0
0	0
0	3
0	3
0	3
0	3
0	0
5	0
104	139
1	0
0	0
0	0
0	0
0	28
0	6
0	6
3	1
0	4
0	4
0	5
13	5
0	0
0	5
358	520
0	33
0	121
0	4
8	4
0	4
831	159
0	9
0	5
0	7
15	129
0	88
0	71
0	71
0	41
1	157
147	74
0	120
0	17
47	14
0	14
3	0
39	262
31	58
0	94
2	99
71	76
0	1
0	43
9	8
34	5
0	39
1	1
0	2
126	12
0	12
0	5
6	5
12	4
13	69
159	69
0	1
0	4
9	11
92	237
0	37
0	24
1	0
3	203
0	0
0	202
722	100
0	4
0	4
0	0
87	20
0	7
0	2
15	9
0	3
0	20
0	0
0	10
0	10
13	0
0	3
18	25
0	14
0	8
0	25
0	25
3	8
0	1
12	14
0	3
0	3
0	13
313	216
2	11
24	19
0	4
0	2
0	0
0	2
21	19
2	0
25	0
4	0
0	0
0	14
0	7
0	0
0	9
1	2
1	0
48	97
1	1
0	4
30	8
0	88
0	6
4	8
0	8
6	0
0	0
11	0
45	41
1	217
0	29
3	0
7	192
25	3
21	15
55	79
0	77
39	62
331	37
0	37
4	1
55	1
322	55
0	41
0	11
0	28
0	54
0	20
2	24
27	1
35	29
0	1
0	0
0	1
1	3
0	20
4	1
0	0
4	1
99	223
0	26
43	145
0	99
14	118
7	164
237	86
0	82
1	82
0	8
0	5
0	0
7	6
0	2
68	8
0	0
0	0
0	0
0	0
0	3
0	0
0	3
2	12
3	12
0	0
0	0
0	0
0	0
0	0
0	0
0	10
43	160
0	17
0	0
174	150
19	41
7	0
0	3
15	3
7	60
0	60
0	0
0	54
0	0
9	12
11	4
0	3
0	6
83	18
4	14
0	11
0	12
0	1
4	108
152	89
0	106
0	95
186	23
5	2
0	23
6	23
0	6
11	27
39	51
31	155
0	651
0	708
55	290
0	97
8	442
0	0
0	89
0	20
0	49
4	41
2	0
0	2
63	127
0	12
14	6
0	3
27	88
0	1298
0	1219
0	1266
0	2
1	7
0	7
55	509
8	7
2	10
6	7
0	5
16	0
0	0
0	0
0	12
9	12
0	7
0	0
0	7
22	7
261	119
23	159
6	71
0	78
21	47
29	61
1691	144
90	74
0	69
20	6
1	3
59	124
0	51
39	28
3	9
6	1
4	0
0	28
0	31
0	16
0	54
2	32
0	3
0	0
0	0
7	6
0	0
0	27
0	26
1	26
0	56
42	63
4	16
28	1
4	4
4	7
0	6
0	4
0	4
0	6
10	0
0	58
0	61
0	61
0	49
0	10
69	19
2	0
0	0
0	19
0	1
0	1
0	1
3	0
0	0
0	2
10	2
16	15
0	13
0	13
6	13
0	5
153	0
2	0
20	130
0	3
0	2
1	130
0	0
0	6
3	0
0	0
0	1
13	7
0	4
1	4
0	0
0	2
1770	19
6	456
0	456
5	50
15	34
2	0
5	50
0	3
0	6
0	34
5	0
207	0
26	5
2	205
0	202
0	19
0	16
0	14
0	16
7	1
9	49
0	3
0	49
0	2
0	2
2	24
0	18
3	11
0	18
751	0
3	0
0	1
3	10
43	10
5	1
8	4
0	4
1	0
1	0
0	0
0	78
6	127
0	22
0	10
0	45
7	58
2	62
1	0
17	60
0	92
2623	1446
1	1115
0	166
0	8
0	0
6	5
120	667
0	478
0	23
0	586
24	12
63	12
0	606
0	611
0	12
0	5
0	0
2	0
0	17
0	0
14	8
0	5
0	6
0	6
0	4
0	4
87	5
17	1
3	1
0	1
17	0
0	0
0	0
885	56
6	2
0	4
0	6
0	5
1	6
0	6
71	0
60	89
258	81
28	79
0	65
0	63
0	33
0	0
0	4
0	2
1	7
3	5
0	0
3	0
0	0
20	0
46	313
0	16
0	313
5	55
0	22
0	49
0	28
6	2
0	8
1	8
4	12
0	0
59	6
0	10
28	120
0	24
0	2
0	0
0	0
17	0
0	3
0	3
0	1
0	1
8	0
3	13
0	9
0	104
0	104
41	1
16	23
0	23
3	6
0	6
0	2
37	20
29	4
0	6
0	2
0	6
0	0
0	2
0	0
1	10
0	6
0	10
73	14
0	1
0	13
1	6
0	6
497	905
0	755
0	323
22	301
0	275
0	244
0	0
12	44
0	30
0	30
0	22
0	21
0	20
0	14
0	1
0	7
0	7
0	29
0	22
0	18
8	18
4	0
0	122
0	7
0	12
0	34
0	10
0	5
0	36
0	24
0	149
5	74
22	9
0	9
82	158
0	157
0	1
365	216
29	1
0	1
0	212
8	0
10	0
0	119
101	119
6	119
41	1
0	1262
344	1535
0	177
0	357
0	80
0	294
159	103
38	1
0	1
0	1
80	2
10	0
22	0
0	0
16	1
7	1
0	1
0	1
120	0
37	655
0	490
962	668
1	2
19	30
0	447
1	0
0	463
12	501
0	487
232	283
2	447
22	0
7	78
267	78
0	43
11	6
8	0
0	0
2	0
3	0
0	290
0	224
1	4
3	0
0	21
68	3
0	1
221	77
93	51
0	2
0	67
10	19
0	91
3	6
0	6
0	6
52	30
0	4
0	5
11	35
0	35
0	4
5	27
187	33
0	13
0	13
0	13
0	8
0	8
0	248
40	174
2	240
23	83
1	48
0	32
8	8
0	0
0	30
2	16
0	21
3	14
0	0
62	3
0	0
190	43
2	6
0	38
0	15
0	4
11	15
0	7
4	25
19	14
0	21
0	0
0	0
2	0
0	0
3	14
0	2
1	2
0	0
0	0
63	9
0	3
0	10
4	134
0	2
0	1
0	62
22	1
0	1
0	0
58	1
0	1
55	8
41	320
0	5
0	0
50	1
0	4
0	312
18	7
0	10
1	2
0	18
0	8
1	52
0	21
0	47
28	0
0	52
0	25
1	52
0	36
0	1
0	0
4	1
1	3
0	3
4	110
5	110
2	104
0	10
0	5
0	9
0	9
0	4
2	0
6	182
0	17
0	17
0	17
0	17
0	5
89	78
0	37
44	119
9	56
104	53
131	2
741	932
0	8
0	302
0	3
0	905
60	905
0	397
31	31
47	6
2	3
0	0
0	0
0	0
19	34
0	0
0	10
7	26
0	26
2	20
128	63
0	18
147	174
27	19
0	38
5	0
0	149
0	26
4	26
4	2
0	0
0	36
11	38
0	16
1	12
7	11
102	230
0	10
39	233
8	20
28	3
0	140
0	84
9	8
0	5
0	98
58	98
0	3
0	1
9	191
17	7
4	2
1	7
0	0
0	0
0	7
0	0
6	72
28	93
0	87
0	67
9	60
0	41
0	41
0	36
0	0
0	0
12	4
0	0
10	3
3	1
0	1
0	0
46	26
0	23
0	10
0	1
71	7
85	79
0	84
3	65
0	0
0	0
0	2
4	17
0	5
0	1
11	0
12	0
0	1
0	1
0	1
25	5
0	1
0	3
0	1
31	62
0	18
0	16
0	54
1	16
0	62
0	4
11	0
0	88
0	45
0	19
0	43
0	17
0	7
0	62
0	0
30	98
1	90
18	92
0	9
0	3
0	8
2	0
4	0
72	32
32	32
1	0
0	0
0	0
39	32
0	28
1	24
4	1
52	5
0	5
4	2
0	0
175	185
28	187
0	28
0	86
0	86
4	8
21	0
561	72
34	70
0	56
0	56
0	0
171	261
8	258
35	20
0	6
1	6
0	2
7	0
0	8
0	8
0	2
6	0
1	0
0	0
0	0
0	0
0	0
0	0
146	0
37	26
0	4
7	19
15	0
5	23
0	12
4	7
0	4
2	4
0	24
1	6
5	19
0	19
7	0
0	31
0	31
0	31
0	6
12	0
0	0
0	101
0	0
36	27
66	27
53	104
1	104
0	77
729	18
0	82
0	68
6	45
0	66
0	62
253	74
21	84
0	1
0	0
53	360
0	76
10	0
155	103
0	147
9	344
0	6
41	539
0	22
0	13
0	347
0	21
0	536
0	5
3	20
0	3
2	0
84	256
37	255
0	1
125	0
0	0
2	0
197	52
4	22
0	0
0	10
1	0
1	0
0	40
14	7
0	4
5	4
0	8
0	13
3	13
0	17
34	6
0	0
0	6
295	98
0	98
0	11
0	87
106	91
219	451
12	0
0	27
0	20
246	1
0	54
32	3
0	90
0	19
315	913
19	898
0	661
24	677
0	235
0	190
25	190
0	142
0	2
0	5
0	0
0	7
3	2
0	7
259	7
0	0
0	0
2	0
14	7
12	5
363	365
0	87
36	307
125	194
8	3
6	127
8	110
14	194
14	57
0	71
0	102
0	68
0	110
0	46
0	15
0	46
73	54
15	7
14	3
0	7
0	0
10	38
3	0
0	14
0	14
0	4
0	15
0	15
0	10
62	10
272	91
0	10
2	0
0	2
17	3
3	3
0	19
0	19
0	13
0	0
1	0
0	0
1	23
4	23
4	161
64	168
5	127
14	0
0	0
5	0
8	0
11	11
216	663
0	514
11	655
0	2
0	6
6	6
8	2
12	0
1	0
3	0
0	0
2	47
0	42
0	3
0	3
0	3
0	9
1	3
0	3
0	3
0	3
0	3
0	3
0	3
0	0
0	3
0	0
0	40
0	24
2	9
0	3
9	10
0	10
0	118
0	118
13	0
0	0
575	0
8	80
1	2
27	165
15	98
0	87
0	40
14	13
0	13
70	0
29	0
20	25
0	109
0	108
44	23
302	20
0	25
0	26
25	15
25	1
40	15
85	75
4	0
77	0
0	13
0	13
3	0
58	0
11	0
0	0
2	14
0	14
5	0
0	1
0	1
10	0
0	3
0	3
0	3
0	0
0	0
0	27
5	11
14	11
4	5
0	5
0	10
1	6
5	0
2	2348
0	2348
4	2348
10	24
0	6
2	7
0	7
51	1
24	50
223	50
11	16
0	0
4	343
306	343
0	12
280	5
214	214
4	346
5	103
1	0
81	1
1	1
0	28
1	0
0	306
3	6
6	39
0	39
4	0
0	0
0	0
0	37
5	40
0	37
0	19
195	0
9	0
124	16
108	154
2	38
19	0
0	163
8	47
35	19
0	0
6	39
3	39
2	26
0	2
0	5
20	84
66	84
181	29
0	29
0	11
0	5
0	0
0	0
51	198
17	223
0	193
0	39
0	33
0	11
6	0
77	10
0	9
0	19
0	9
38	20
5	52
0	4
9	0
1	20
0	20
15	12
102	157
0	219
0	76
0	0
507	1501
0	1426
0	1423
4	1190
17	9
55	1334
32	1477
74	1480
0	8
0	6
0	12
0	6
0	6
0	10
0	6
0	10
0	2
0	10
0	6
0	11
0	6
6	0
42	80
88	71
24	73
0	2
93	943
29	943
17	40
11	35
4	10
11	0
365	578
0	364
108	26
0	306
27	40
9	40
3	40
0	15
0	1
0	0
11	0
177	8
0	0
498	0
1	0
0	0
0	0
2	8
0	2
11	1
4	3
196	468
1	436
9	32
0	166
3	0
0	8
0	3
12	92
0	122
0	17
21	81
27	34
1	0
2	34
0	0
12	1
0	4
0	34
0	14
0	0
0	34
0	24
0	0
1	4
30	2
5	1
0	1
7	3
0	3
0	0
0	1
2	4
0	8
14	8
0	0
5	1
0	4
0	0
0	2
0	2
22	22
2	22
0	0
21	0
5	2426
61	2426
0	2575
87	2423
0	24
3	0
34	6
0	5
0	23
10	187
5	187
24	29
3	29
0	0
5	22
0	19
3	3
0	3
31	0
0	0
13	22
0	18
1	10
0	4
0	59
0	76
0	77
95	76
0	2
2	1
0	2
2	2
0	1
0	1
0	0
1	0
83	79
0	2
83	0
247	79
2	0
0	79
107	181
2	152
0	37
0	22
0	0
10	28
8	0
0	34
0	28
0	26
0	14
2	1
0	0
0	4
0	34
1	2
53	10
40	9
1	0
0	137
23	13
0	13
0	138
0	1
0	0
0	2
0	67
92	246
0	10
1	0
0	236
9	5
0	5
0	7
0	7
171	33
6	2
0	31
0	0
43	285
2	243
0	233
15	285
71	1
193	0
26	0
0	0
16	15
0	2
0	15
2	0
0	5
3	0
0	5
171	65
27	62
11	47
0	45
0	48
0	45
1	0
6	0
7	1
33	200
0	226
0	41
18	0
1	0
13	4
4	0
1	0
14	0
0	0
0	0
0	0
0	6
0	6
0	6
26	4
0	3
0	0
66	5
1	1
2	3
0	3
0	3
0	3
0	3
0	391
0	391
0	391
0	0
2	0
3	0
0	0
1	0
0	32
0	44
48	44
0	12
23	65
0	27
0	15
0	69
1	3
1	9
18	2
0	1
29	456
45	456
2	9
6	5
9	447
71	0
0	23
0	12
6	8
0	8
0	8
14	4
1	4
7	1
236	103
0	1
0	103
40	74
0	11
1	74
0	0
0	33
0	0
0	0
6	25
31	1
0	0
1	1
37	4
9	0
0	3
1	95
0	3
0	9
0	9
0	9
23	12
0	0
0	95
0	3
0	3
82	221
41	315
0	239
45	180
2	0
19	0
205	2
2	2
39	4
1	3
0	4
0	0
2	14
0	13
0	14
0	13
108	158
87	165
0	0
7	3
0	21
0	28
0	30
0	32
60	323
0	35
0	315
2	0
1	3
41	283
59	258
71	45
0	1
1	45
24	0
1063	198
9	193
9	87
0	0
5	1
0	1
4	0
548	17
49	2
0	4
0	21
0	13
0	17
0	0
3	0
0	0
0	3
16	0
0	0
0	0
0	4
4	1
56	11
6	4
7	4
5	0
3	0
0	0
0	6
0	2
9	1
0	4
0	1
21	7
2	5
0	71
0	30
0	1
10	1
2	0
4	30
0	21
0	8
0	0
0	49
110	15
0	37
142	24
127	57
0	56
10	135
0	135
0	2
26	31
93	30
0	25
7	8
0	8
11	2
0	14
0	13
0	0
0	3
0	1
0	0
0	0
0	45
0	4
11	4
0	2
1	0
0	0
8	3
4	0
0	0
7	0
4	24
6	15
4	1
0	45
506	1
0	0
0	1
10	7
0	6
0	6
0	6
0	6
0	6
0	6
0	6
0	6
0	6
0	6
0	6
0	6
1	2
57	3
0	3
0	3
0	2
0	1
5	1
3	1
3	1
0	0
3	0
0	0
7	2
0	2
12	1
4	0
0	664
0	645
0	223
0	162
4	47
32	433
0	433
795	549
0	541
8	266
87	10
0	62
0	23
46	11
0	11
0	3
0	1
1	0
42	77
0	4
0	0
0	1
14	73
6	0
0	0
0	13
0	0
0	13
0	6
0	0
0	0
0	0
0	0
1	0
0	0
0	6
38	10
4	4
0	0
7	6
0	3
0	3
0	3
0	0
0	2
74	3
0	3
281	7
1	3
0	0
78	16
43	16
0	33
0	26
0	7
175	22
10	0
0	48
0	197
94	219
7	0
100	389
0	48
0	0
0	45
0	30
4	0
38	41
55	7
0	381
2	2
6	37
0	34
0	31
0	1
3	17
0	14
5	4
5	7
0	7
2	3
0	3
0	1
1	0
7	2
0	182
25	182
0	0
0	0
30	0
2	23
0	23
128	114
54	188
0	145
0	8
0	24
3	24
0	24
0	5
1	0
0	0
0	4
0	0
0	4
0	0
0	0
354	34
2	24
3	14
16	2
1	4
1	315
167	453
437	417
31	189
0	182
359	37
0	1
0	1
0	1
0	1
3	0
89	32
4	14
0	6
3	5
2	4
0	0
0	2
0	1
61	249
0	245
0	13
0	1
9	1
0	0
0	0
0	0
0	0
3	416
10	512
14	513
19	1
0	107
0	1
0	104
3	4
16	4
0	5
0	0
0	5
10	1
11	6
10	0
2	0
0	0
0	2
0	3
0	1588
0	1586
26	1560
0	1493
72	128
0	126
0	111
0	166
0	169
0	141
65	38
0	119
0	28
0	14
6	11
0	0
0	2
7	1
51	98
40	39
0	166
0	28
0	28
0	6
2	0
33	26
0	15
0	15
5	1
0	1
32	0
17	3
4	11
0	3
0	1
3	26
0	22
0	33
2	13
0	3
0	12
23	4
67	74
19	74
0	66
0	0
0	0
98	8
0	9
0	9
0	9
0	9
0	3
0	0
0	3
11	19
0	8
1	0
0	0
0	0
0	0
0	0
6	3
0	2
0	1
9	19
0	0
57	23
0	7
0	19
0	17
0	3
7	10
9	0
0	10
0	10
0	10
10	0
0	0
812	108
24	16
0	0
0	5
0	22
0	21
0	21
100	4
0	0
5	0
0	0
0	6
3	11
3	2
3	7
581	165
0	161
0	80
0	6
3	2
159	1617
0	1803
0	1386
0	1287
0	1287
0	756
0	285
296	7
12	8
0	3
0	220
38	0
0	130
0	51
0	1
1	86
0	0
33	33
0	9
2	0
6	0
4	0
17	25
18	7
0	7
3	0
0	18
0	7
0	2
0	3
0	6
0	1
0	0
0	0
7	6
0	6
11	3
0	0
0	3
146	6
0	6
0	3
35	3
0	25
0	21
7	14
9	19
9	4
1	36
3	1
1	6
0	4
0	10
0	1
0	28
2	28
0	4
4	10
0	8
0	9
0	4
0	1
0	1
0	3
0	0
0	1
0	1
2	1
0	1
0	8
0	0
39	1
1	3
1	2
0	0
5	0
0	0
30	77
65	11
17	6
5	0
0	59
2	53
0	28
8	11
0	8
306	0
0	2
10	53
271	126
0	21
1	74
32	2
0	74
0	26
1	8
0	31
8	4
63	27
3	71
21	3
0	3
0	12
0	12
2	10
0	10
15	7
2	4
14	8
0	8
5	0
0	23
0	23
1	4
1	16
9	26
0	19
0	0
39	2
320	2
0	2
2	0
0	2
1	0
0	0
75	188
6	188
0	110
0	93
0	5
0	6
0	1
2	8
0	33
0	31
0	1
0	19
12	6
0	6
157	0
1	0
8	5
60	41
13	33
0	5
0	1
1	0
9	0
11	8
4	8
2	1
5	1
0	0
6	25
0	22
0	0
12	0
681	262
0	262
0	100
18	20
21	17
0	10
13	2
20	3
7	0
0	37
0	56
0	4
8	2
0	3
0	3
0	34
0	33
0	0
0	1
2	31
0	11
0	12
174	12
2	2
7	0
0	0
0	0
0	0
0	143
0	141
0	141
0	145
0	52
1	0
0	2
9	14
0	14
17	1
0	1
0	1
0	40
0	31
103	96
0	33
7	1
1	85
0	1
0	85
0	16
441	34
6	1
0	1
0	1
14	5
0	4
23	0
0	0
74	144
0	63
0	143
43	55
2	52
20	41
8	3
0	1
4	4
66	46
0	48
26	11
18	11
3	13
0	13
0	37
0	28
0	0
10	1
0	22
0	1
0	1
0	0
0	0
2	4
12	5
0	37
14	0
25	8
3	8
0	0
6	0
0	0
119	210
1430	1734
0	1140
0	0
8	3
0	0
0	0
0	4
5	4
186	4
1	4
0	0
9	1
5	0
0	1
0	1
23	0
0	79
75	79
3	48
4	0
0	9
7	9
0	9
11	8
162	11
0	10
1	3
29	7
0	14
0	1
0	4
0	3
721	146
0	191
0	191
0	46
8	54
0	54
0	0
0	1
0	76
0	10
0	2
78	1
0	0
0	2
511	2
9	2
0	31
0	31
0	1
0	18
235	1649
0	0
0	50
51	50
23	9
0	2
6	0
2	1
0	25
5	25
98	17
8	8
0	17
14	14
5	12
0	12
0	9
0	9
0	9
0	5
0	5
0	0
77	55
3	14
5	14
0	14
0	0
0	0
0	0
0	14
12	0
0	0
0	0
0	0
0	0
0	0
5	6
0	6
221	0
2	4
0	4
246	5
7	5
5	0
3	3
0	8
0	1
2	0
0	0
0	0
0	31
0	29
10	13
25	106
56	96
0	2
4	0
15	8
0	8
31	41
15	5
11	15
0	1
4	8
116	9
0	7
3	5
0	3
0	0
1	3
2	4
21	25
0	3
0	97
0	1
0	3
2	3
0	0
0	4
0	2
0	0
325	0
282	91
0	12
0	2
1	0
0	7
0	7
0	7
0	7
1	7
130	135
0	135
1	3
0	0
43	10
0	0
37	10
0	8
0	8
0	5
114	203
2	158
0	109
79	83
2	45
0	30
0	30
32	55
0	0
0	0
25	46
0	46
0	13
0	6
179	56
19	35
0	34
2	21
0	21
0	21
173	364
0	411
0	48
0	9
6	1
204	1843
0	1843
10	13
0	11
60	47
5	37
6	30
0	30
0	27
0	0
7	31
0	1
0	0
0	23
0	82
0	82
4	82
3	11
0	3
63	15
1	0
0	0
0	0
0	14
0	0
0	15
23	0
18	263
2	263
2	198
2	80
0	22
0	0
0	26
0	219
2	29
13	5
0	24
0	207
0	0
0	99
5	5
1	10
0	10
2	1
0	145
0	16
0	7
0	7
48	4
0	145
49	50
0	21
6	7
84	0
0	50
0	6
0	6
16	32
0	32
0	32
0	23
0	23
1	13
0	16
0	10
0	6
0	6
93	1376
0	1342
0	49
0	2
31	8
13	26
13	26
0	0
407	1
6	11
0	1
0	26
2	28
0	27
0	26
0	27
0	26
7	152
0	154
0	90
0	45
0	0
0	0
53	23
0	5
2	6
0	2
0	3
0	4
4	7
2	5
12	72
0	32
11	14
5	28
0	0
0	17
0	72
0	29
0	110
19	5
0	29
0	23
12	11
0	19
33	12
0	110
0	110
10	110
6	0
243	330
23	393
4	34
0	335
0	86
0	12
0	304
3	0
0	27
55	105
0	33
0	47
0	120
5	0
5	23
25	8
6	4
0	3
0	2
1	2
0	120
257	298
76	99
0	22
0	22
0	0
0	81
22	2
0	2
365	64
6	122
0	139
0	192
0	192
0	3
0	197
0	123
49	27
92	27
15	7
0	0
50	17
41	18
0	18
1	4
70	18
72	35
0	0
3	0
0	11
69	7
10	26
0	0
0	0
22	0
3	0
19	5
0	3
16	2
132	0
47	0
0	0
0	0
0	36
0	36
0	3
169	2
1	2
0	57
2	60
0	3
0	0
0	0
16	0
0	15
0	15
39	15
11	2
0	2
0	2
0	6
0	1
0	8
0	59
12	59
0	8
2	7
85	28
11	5
0	4
449	36
5	36
220	24
0	22
0	3
0	2
0	371
94	371
4	171
9	42
0	1
94	162
0	254
0	14
0	7
63	49
0	71
1	141
22	2
5	13
3	49
0	7
9	22
0	1
31	22
33	0
59	162
5	162
0	0
0	0
0	0
933	1
21	1
0	41
0	67
8	16
0	15
4	0
0	7
0	8
103	3
5	2
0	2
0	0
26	0
0	0
0	0
0	0
0	0
1	0
49	216
0	85
0	10
17	0
65	0
0	0
1	0
0	0
1	0
0	4
0	0
4	4
0	0
430	166
11	15
0	11
33	6
0	10
0	4
0	0
0	246
0	246
12	16
4	0
3	16
311	111
58	31
10	31
0	97
0	1
0	7
3	3
0	4
0	12
1	84
31	533
2	533
1051	538
68	193
2	193
0	193
8	1
17	34
0	7
2	15
15	35
4	20
0	5
0	24
0	20
2	0
11	5
0	3
290	248
0	246
0	268
1	0
138	269
0	0
0	0
0	0
69	26
51	55
0	0
7	151
0	113
1	80
0	147
1	67
0	89
0	9
0	9
14	41
0	26
0	71
0	15
0	1
0	0
1	7
3	7
0	7
1	1
1	1
3	0
0	9
9	9
19	44
0	29
857	66
22	55
0	0
0	5
3	8
0	0
0	0
8	1
0	0
0	43
290	107
5	107
0	5
10	4
349	93
132	66
0	58
106	66
0	313
2	310
3	189
133	66
0	15
13	0
7	0
0	0
26	7
0	0
0	2
13	128
0	88
484	42
0	78
17	112
0	15
0	42
0	1
7	76
3	72
58	227
0	235
150	249
0	225
0	101
0	17
0	14
13	138
0	0
10	0
59	2
0	0
0	0
0	0
0	0
0	0
0	0
0	0
2	3
0	3
0	248
0	426
19	416
0	2
29	2
4	32
0	33
0	0
176	31
0	25
0	0
0	0
0	5
4	5
1	1
0	3
0	3
76	116
0	0
6	6
0	7
7	110
0	13
0	14
45	14
0	12
2	2
9	108
0	31
4	3
0	105
0	0
0	23
3	105
1	0
6	4
7	0
2	25
30	0
0	364
0	7
8	106
0	74
1	47
51	60
0	74
0	67
0	4
4	38
152	137
2	0
0	1
24	227
0	157
0	0
5	0
25	14
58	14
0	6
25	28
2	2
0	117
1	21
0	117
0	21
9	5
2	1
3	0
0	117
11	22
34	0
5	23
0	23
0	7
0	1
0	695
4	694
0	73
1	35
15	12
0	0
0	1
1	1
185	136
69	136
2	65
10	22
5	3
5	2
2	0
0	0
0	0
0	15
3	67
0	20
0	5
1	0
0	18
15	10
3	3
12	9
29	7
0	12
0	36
2	24
13	120
2	24
0	24
122	101
24	20
0	16
2	16
0	38
0	24
2	0
0	8
0	8
0	1
422	189
0	11
0	188
1	4
51	19
0	6
0	6
707	26
13	26
0	0
2	362
65	8
0	5
0	359
0	371
0	370
0	367
2	362
1	122
1	122
0	51
0	24
1	25
20	23
0	37
3	24
88	36
113	0
14	11
0	11
0	6
0	4
0	0
265	0
0	11
0	6
1	0
0	0
0	10
1	9
210	254
0	254
282	184
42	3
0	3
12	2
0	17
0	14
1	26
0	184
34	36
0	2
11	5
2	5
13	8
0	8
6	0
1	0
0	0
0	0
3	13
0	13
0	3
20	30
0	2
62	1
0	1
5	11
2	1
0	0
0	6
0	6
0	6
0	6
3	6
0	6
0	6
1	0
0	6
3	6
0	10
0	284
0	206
0	0
0	35
12	292
30	243
155	672
713	672
7	6
2	504
9	0
5	0
0	0
10	0
79	13
3	14
0	1
0	32
6	6
0	3
9	1
0	5
10	8
0	30
1	6
0	6
221	25
0	25
0	0
0	3
11	9
2	7
0	9
0	7
0	7
1449	235
0	230
4	21
0	9
0	13
2	30
1	5
0	1
0	0
0	0
2	1
3	0
0	1
6	5
1	5
19	13
0	4
0	1
0	1
16	1
198	123
2	107
0	123
52	88
6	88
108	66
0	7
4	48
11	1
0	0
0	1
390	0
8	0
0	20
0	20
0	13
0	40
11	40
0	0
0	0
0	0
0	0
0	0
0	0
3	6
0	25
2	51
8	6
2	1
0	51
77	192
0	180
0	185
0	42
0	0
0	0
0	31
0	14
0	18
0	21
180	64
0	0
1	0
6	110
3	83
2	87
45	3
1	9
0	1
0	0
0	6
0	6
4	0
0	0
13	0
8	0
2	40
19	7
92	0
19	7
0	22
0	22
5	0
0	56
0	10
10	22
0	0
0	0
0	0
12	0
0	19
1	19
28	8
20	8
0	0
0	7
0	0
3	0
1	0
949	47
0	37
9	27
0	10
6	5
20	62
2	0
0	0
13	0
0	0
119	0
14	0
0	0
6	522
0	69
0	531
49	17
0	17
0	2
0	0
0	9
133	0
2	0
2	0
11	21
0	4
10	6
15	76
0	64
0	6
50	460
0	5
0	6
0	10
4	0
6	0
1	49
0	49
0	2
0	7
71	163
0	58
0	122
0	5
1	3
0	157
0	93
60	1
0	5
0	5
0	0
26	0
0	0
0	0
0	0
1353	9
316	9
441	47
5	78
0	78
0	48
5	11
0	12
21	0
129	380
0	421
0	421
6	21
0	0
0	2
180	0
8	0
541	6
2	2
0	3
0	3
7	0
288	528
1	464
0	26
59	93
1	0
5	0
0	21
0	23
2	8
14	0
0	2
25	11
2	0
7	8
0	8
0	4
3	0
147	1
10	0
3	1
0	0
11	1
3	0
3	79
0	53
0	53
4	4
158	0
12	2
36	2
0	1
41	54
0	57
0	1
0	1
6	0
0	1
2	11
0	9
13	697
0	12
0	11
0	32
0	32
302	690
0	2
0	1
0	1
2	0
0	0
0	0
8	0
0	0
1	0
0	53
136	6
9	3
0	1
2	0
0	0
0	2
9	0
0	3
2	1
28	42
6	10
0	5
0	10
0	5
23	64
20	1
0	1
66	19
0	0
0	19
0	0
0	54
0	46
0	34
21	17
0	17
0	8
197	202
273	210
0	10
0	1
2	15
341	106
0	8
0	86
31	1
0	0
4	0
0	127
63	0
0	93
71	127
33	0
0	0
3	0
3	10
249	0
19	23
98	31
19	6
0	2
1	14
1	14
2	6
60	6
2	1
754	34
0	0
27	9
0	59
0	4
466	56
0	0
2	0
0	0
0	38
4	0
0	0
4	0
52	497
0	295
0	422
0	386
65	16
15	0
34	4
0	3
0	1
78	10
0	9
0	9
26	0
716	247
0	39
0	101
0	8
19	182
0	4
0	1
6	19
222	33
0	21
1	5
1044	446
0	428
0	439
1	29
0	438
648	276
0	287
0	287
0	59
7	37
0	0
0	8
0	6
0	30
54	6
17	1
0	3
27	24
44	5
157	474
0	473
0	283
3	0
0	22
0	22
0	21
0	0
0	0
0	0
93	251
8	252
30	224
0	108
103	102
7	18
1	11
0	3
0	0
3	0
0	0
1	0
0	3
0	7
0	3
28	13
5	8
5	4
0	4
0	4
0	0
87	141
0	139
0	49
5	16
0	1
12	21
1	2
7	36
0	2
0	22
3	0
0	37
0	20
0	5
0	164
0	164
32	58
0	0
0	4
6	4
0	0
13	15
0	8
0	10
10	4
0	0
0	3
0	8
0	100
0	100
0	100
21	96
1214	56
0	36
0	24
0	2
0	0
56	16
13	1
9	4
3	1
0	1
412	0
0	61
180	129
23	6
0	129
0	12
61	12
0	0
2	2
2	0
0	0
7	0
75	30
94	7
0	28
0	18
0	747
0	36
199	760
2	0
0	7
0	7
2974	0
354	94
0	92
0	54
0	59
28	5
39	2
0	3
0	92
0	20
0	20
652	322
0	322
8	1
0	9
0	9
14	9
4	1
3	1
2	1
755	863
0	861
12	2
0	10
5	15
22	15
0	5
0	2
122	974
0	26
0	782
0	782
3	88
62	188
42	88
0	95
41	76
4	4
1	0
0	23
26	6
0	76
0	76
21	40
98	39
33	272
0	276
117	83
49	39
38	21
15	3
0	3
0	141
16	24
1	142
13	21
130	89
0	109
0	4
0	2
61	51
154	43
262	20
0	1
0	0
0	13
0	13
0	75
0	0
7	0
0	28
0	65
0	65
0	34
0	0
7	31
2	31
18	0
0	30
0	32
0	31
0	39
3	9
0	9
75	746
2	746
20	0
0	119
0	0
58	0
13	36
55	119
0	105
0	105
8	35
0	69
5	21
0	12
8	0
0	0
0	0
7	42
37	42
0	20
21	2
50	126
46	100
0	66
7	20
6	27
10	26
35	3
0	3
31	0
29	9
71	176
44	58
35	176
18	0
10	5
46	2
0	4
0	4
0	0
0	0
2	0
4	3
1	0
0	3
0	3
11	0
77	0
0	0
2	0
828	1328
36	247
0	1081
0	1
1022	13
13	13
448	111
0	100
32	1
1	0
0	0
0	1
1	0
84	8
0	3
0	6
0	6
0	0
5	0
4	0
0	0
0	0
0	3
0	0
0	0
0	1
0	2
0	2
0	109
0	109
0	58
0	25
0	24
0	10
76	55
3	20
0	10
0	11
0	149
9	10
0	10
0	7
0	7
0	0
0	11
0	0
2	11
275	76
6	76
0	3
9	4
0	4
0	4
0	4
0	4
0	0
0	0
0	0
0	0
1	6
0	0
0	0
3	0
0	6
104	0
6	5
0	18
0	7
0	5
0	5
0	15
0	7
0	5
0	12
0	2
0	0
0	0
0	0
10	3
16	2
0	3
0	1
0	3
0	0
194	22
2	0
1	22
2	0
0	0
5	22
0	0
2	1
16	1
0	29
0	25
34	5
0	1
0	4
0	1
1	5
13	6
0	4
3	1
24	1
154	96
4	27
29	0
1	33
18	0
34	0
0	4
71	3
0	69
0	4
10	0
0	1
86	4
4	2
21	39
29	39
0	0
0	267
6	94
78	281
0	90
258	1
9	5
6	6
876	76
0	91
0	15
0	12
2	0
0	1063
0	1063
25	694
4	2
0	4
0	4
0	3
0	1025
0	1025
0	1
0	2
0	1023
49	1
0	1022
151	1385
0	1385
0	653
33	1
10	353
94	17
0	1
7	0
0	6
0	2
0	0
0	2
27	6
0	57
0	50
0	47
0	57
0	3
0	9
2	0
0	29
0	0
0	0
2	1
18	37
229	94
0	0
0	54
34	9
8	94
1	0
0	3
6	0
45	21
13	6
0	13
19	28
0	5
0	5
9	4
0	4
23	106
0	14
118	126
0	22
0	22
0	3
1	30
0	30
0	10
1	195
0	189
4	0
0	3
0	92
39	188
0	8
0	195
289	29
0	22
77	14
136	205
0	111
0	244
21	40
0	27
14	15
0	249
0	820
25	837
0	2
0	11
0	28
0	11
0	98
0	98
0	101
0	101
0	97
0	100
0	5
2	0
59	107
86	43
0	1
0	0
60	96
20	43
2250	63
0	2
0	2
0	108
5	2
0	108
0	1
0	1
0	1
0	0
0	0
5	0
35	31
0	31
0	29
1	1
0	1
0	0
3	0
0	1
0	1
4	0
217	93
237	315
0	336
0	336
0	168
11	156
0	1
0	14
0	10
0	5
0	5
0	3
44	0
48	62
73	525
20	190
0	29
0	490
0	490
3	11
0	11
0	5
0	5
2	4
0	37
0	37
0	37
1	6
1	19
0	0
4	1
15	1
189	7
0	7
0	5
32	5
0	3
0	7
0	12
0	12
0	10
3	3
12	3
0	98
18	98
0	8
122	34
0	30
0	12
0	3
0	1
0	1
20	1
3	0
42	533
4	32
0	336
0	528
2	0
13	489
0	1
0	0
22	480
216	16
69	17
2	3
0	3
0	3
0	0
0	5
0	5
0	3
0	17
0	17
1	0
3	8
1	8
54	7
0	26
4	26
51	1
219	11
0	11
57	152
0	119
0	2
0	89
4	2
0	2
0	5
0	5
5	2
5	0
3	0
0	0
0	0
30	0
6	46
0	39
0	18
6	13
0	8
94	31
0	0
4	31
6	0
0	10
7	0
7	1
0	2
480	43
0	17
0	1
0	42
4	0
0	0
0	0
0	15
0	13
0	9
32	4
82	5
0	3
0	1
0	2
52	0
0	0
0	0
26	76
0	76
37	8
3	0
1	0
0	14
2	14
0	5
8	0
4	49
0	30
0	54
49	451
8	206
0	38
60	24
0	0
3	243
0	8
366	8
0	0
0	36
2	0
0	36
333	79
11	10
0	10
0	10
5	9
0	54
5	1
1	2
0	2
10	8
6	0
24	2
0	50
0	50
1	51
0	51
0	21
0	21
0	21
0	21
0	108
5	2
7	0
38	5
0	5
1	0
0	1
8	108
0	41
3	19
0	41
0	41
0	41
11	0
742	123
189	128
0	27
34	70
488	64
0	19
0	110
0	54
1	24
0	4
1	5
0	1
20	19
0	1
0	18
187	683
1	675
3	5
3	0
4	1
3	0
162	152
0	12
2	1
47	122
0	1
0	33
14	8
0	37
4	24
43	3
2	0
22	22
0	5
102	956
810	783
0	8
4	39
0	58
0	572
12	0
4	57
4	2
0	2
0	0
0	0
0	30
0	5
0	33
5	36
35	36
22	0
12	45
0	45
0	23
9	1
2	0
69	130
70	186
0	108
0	9
0	6
0	12
0	1
0	1
101	85
0	8
0	0
0	4
4	76
24	77
0	32
0	1
2	0
2	0
8	0
0	282
2	282
2	51
0	47
23	47
7	0
6	4
1122	3
0	0
2	0
0	3
10	3
46	17
20	10
22	17
0	9
0	6
3	0
140	69
0	25
0	1
0	24
0	1
0	39
0	2
6	1
1	1
0	1
0	3
0	5
3	3
0	4
23	8
0	26
0	3
0	3
0	1
853	12
0	0
70	0
0	1
0	9
0	7
139	7
5	16
296	16
1	0
0	66
14	66
0	0
6	0
0	0
126	34
3	0
0	0
2	0
0	3
0	0
1	34
4	232
0	229
15	4
1	7
10	7
0	212
161	318
15	319
1	318
4	317
19	55
0	19
0	0
30	0
0	0
0	0
0	0
0	92
0	91
0	12
0	114
0	23
0	6
32	0
2	5
0	0
0	0
0	0
0	0
5	5
173	20
0	16
26	11
1	0
0	22
0	1240
0	10
0	7
124	1218
2	2
7	1
0	1
0	1
1	1
2	0
1	0
0	2
0	2
0	0
2	1
0	1
0	1
1	0
0	0
0	2
0	1
0	1
0	1
13	1
124	15
0	3
92	103
0	103
17	0
0	5
0	58
0	0
0	4
0	0
0	0
0	43
13	44
6	27
0	20
5	10
1	7
0	0
0	0
2	2
0	2
0	0
0	0
0	0
37	4
27	152
0	152
0	149
0	117
0	79
0	14
0	0
0	0
0	3
0	14
4	2
0	2
0	0
0	7
6	11
0	8
263	110
0	110
11	50
0	48
0	1
8	3
2	11
22	19
40	46
77	47
15	32
293	36
1	0
0	0
49	0
170	30
0	2
0	4
0	1
0	1
25	18
0	25
21	77
0	15
0	0
0	0
35	71
0	28
31	1
0	0
0	0
130	0
242	70
0	70
4	9
11	0
16	0
1	70
2	4
35	28
0	28
2	9
169	64
0	64
0	15
0	80
12	29
0	3
9	6
0	5
109	0
117	11
0	10
444	2
218	9
0	3
3	5
0	5
3	109
0	67
0	109
0	30
10	5
9	5
0	189
0	8
0	388
46	426
7	130
0	4
1	54
79	21
0	21
7	1
22	28
4	2
11	1
2	1
0	13
0	13
0	8
0	16
144	371
115	16
61	456
0	62
0	16
0	55
202	519
8	103
0	106
2267	1185
0	1509
0	1280
0	21
45	27
11	372
2	0
19	27
0	4
12	2
19	21
0	12
1	0
0	0
0	0
0	1
0	4
70	12
21	33
0	0
0	3
0	3
6	131
370	566
0	119
0	446
0	1
3	25
0	25
9	0
50	30
0	58
14	58
2	0
1	0
0	2
0	0
192	0
0	28
1	13
6	13
0	11
116	18
16	0
11	8
68	0
0	46
0	46
0	46
0	46
0	46
0	46
0	46
0	46
0	46
0	10
0	45
0	45
0	46
0	1
12	4
26	21
25	21
1	10
0	10
0	10
0	1
0	10
3	6
0	14
0	4
1	17
9	1
0	3
0	17
16	45
193	45
259	43
0	38
0	39
0	13
0	13
5	15
0	0
31	68
1	76
0	49
2	0
3	60
56	51
0	15
1	11
0	28
35	4
0	5
0	7
77	22
11	4
0	2
27	13
0	4
0	4
0	38
384	87
1	87
0	0
94	72
179	104
15	1
0	0
12	0
2	0
0	0
8	0
13	1
0	1
0	6
0	10
4	12
1	14
0	14
0	14
0	2
0	0
1	0
0	24
0	19
0	24
0	127
0	127
0	23
0	154
123	19
0	18
20	85
46	38
0	36
0	55
0	51
3	51
0	0
4	1
525	67
0	57
1	0
0	0
46	560
0	578
97	430
100	0
0	0
0	217
0	189
5	0
0	0
0	217
93	45
0	45
0	2
11	15
0	15
0	15
0	0
0	0
3	0
0	0
23	3
22	0
2	0
0	15
0	15
99	24
23	33
0	23
5	72
0	45
0	27
2	9
128	58
0	30
1	2
0	2
0	2
0	50
0	50
0	42
0	42
0	10
6	10
5	50
1	50
0	50
0	50
0	50
213	0
13	7
144	536
0	0
0	0
2	535
1	3
8	3
0	3
3	3
0	3
0	0
0	0
0	0
1	0
0	0
1	0
0	0
0	3
0	3
0	12
0	11
0	11
0	13
0	39
0	14
2	34
9	42
0	4
0	4
0	11
22	4
11	32
0	23
0	22
0	17
515	0
634	148
7	169
0	121
0	90
0	2
0	20
4	15
0	11
22	17
0	98
0	75
0	23
0	23
0	23
0	38
0	114
0	23
0	23
0	22
26	113
4	23
7	5
3	4
3	5
0	1
0	1
0	1
0	1
3	52
0	36
0	44
1	38
0	36
0	1
0	1
0	1
30	715
0	633
0	0
0	0
0	1
40	116
6	94
0	100
0	98
0	10
51	10
0	4
73	0
198	7
0	4
0	0
0	0
19	1
16	5
74	119
183	119
3	37
5	66
0	15
1	43
0	43
0	5
0	1
0	2
0	1
0	9
0	1
0	0
3	0
0	0
0	0
0	0
0	50
0	42
0	43
0	46
19	89
21	90
0	59
6	4
0	2
18	52
0	50
0	12
499	10
21	7
1	8
0	27
60	27
1	7
0	1
0	202
0	211
0	210
0	32
27	238
0	235
0	14
0	11
0	120
94	11
593	187
5	100
3	83
0	10
19	0
0	18
6	32
0	25
14	67
0	67
0	2
0	0
1	1
1	0
0	1
14	1
0	31
6	0
0	14
0	72
5	44
0	29
0	4
0	36
0	1
1	21
0	2
0	1
7	17
0	10
0	10
0	6
2	28
0	28
2	0
4	2
8	12
0	12
2	3
0	2
0	3
0	1
0	0
1	22
0	27
0	27
0	0
2	0
0	0
0	5
0	5
0	78
0	78
15	70
33	72
16	58
4	6
10	6
0	2
0	16
0	16
0	8
10	40
16	20
0	5
0	9
4	17
0	7
22	1
0	75
0	75
143	9
6	0
8	9
2	9
0	3
49	9
0	2
11	51
0	59
0	34
0	25
0	0
0	0
1	2
0	8
5	8
0	8
0	10
4	10
0	6
1933	14
884	5
42	5
3	1
5	4
0	0
3	22
0	10
6	1
5	21
9	0
0	9
0	6
341	9
42	207
0	50
9	21
0	202
0	17
0	17
0	1
2	0
153	21
0	0
9	0
1	21
0	54
25	37
0	54
10	10
1	36
4	36
2	0
6	1
0	0
0	1
13	12
0	12
0	79
0	74
0	12
455	289
0	19
0	65
11	27
0	0
0	14
2284	349
2	298
7	162
41	51
8	0
0	5
0	0
0	49
0	27
0	25
3	5
0	49
22	4
0	2
22	0
0	0
1	80
0	75
1	28
0	28
0	8
0	0
5	6
0	6
0	10
0	3
0	13
3	14
12	0
0	2
0	2
0	14
0	0
1	0
14	3
0	3
0	0
0	5
0	5
0	0
281	0
0	3
0	5
0	3
1	5
0	5
0	3
0	444
0	444
0	234
0	278
13	268
0	1
0	5
0	54
0	5
12	1
1	0
25	0
0	722
0	292
4	722
0	6
0	4
0	0
0	0
1	1
0	0
0	0
415	574
33	58
0	58
0	5
0	85
0	44
0	73
0	14
9	13
0	0
0	2
0	84
56	20
0	12
0	4
0	0
3	16
0	32
0	32
0	32
0	1
30	4
0	0
0	4
18	136
0	86
0	129
12	0
49	92
157	16
0	0
2	16
0	2
0	2
9	51
0	27
7	20
0	152
0	161
0	70
0	38
0	47
0	20
0	0
0	0
0	0
0	0
0	0
0	0
0	0
0	2
11	0
0	2
0	0
786	19
7	11
0	1
9	1
0	11
13	2
6	0
0	0
0	0
11	11
0	0
1	0
23	2
1062	144
11	25
0	0
56	1
36	22
11	144
0	29
0	9
48	54
0	24
20	23
0	13
0	30
41	3
134	19
0	0
1	19
71	65
260	65
0	1
96	0
5	98
0	127
0	59
0	60
0	67
0	44
0	0
0	0
0	48
0	49
443	266
0	231
99	25
23	23
0	28
41	12
21	0
9	2
0	2
37	0
0	3
0	28
0	31
0	0
0	0
0	0
0	0
2	1
0	5
8	6
0	24
3	5
0	4
0	11
0	2
0	3
0	8
25	2
194	0
0	0
0	0
74	34
11	34
0	0
0	0
0	24
392	117
0	117
0	354
0	47
0	188
0	99
0	941
0	765
234	13
6	5
2	5
3	4
1	16
0	15
101	19
5	9
13	2
0	1
0	1
0	20
35	93
0	33
0	1
0	1
0	1
0	1
1	5
0	6
0	1
0	1
0	1
0	55
822	339
0	341
0	109
0	109
0	103
0	109
0	40
32	3
12	15
1	8
0	9
0	9
0	2
281	9
0	0
0	408
7	7
2	43
0	4
0	10
0	3
1	14
0	307
0	17
6	29
0	405
0	16
9	34
0	13
0	0
1	0
0	0
0	0
0	0
2	0
0	2
28	2
615	124
0	124
77	74
19	15
3	2
0	34
23	16
0	16
37	18
55	0
7	48
0	30
0	30
0	8
0	33
9	33
0	45
0	20
0	21
0	0
2	87
19	202
155	87
8	175
0	78
0	18
1	12
3	27
8	12
3	1
0	14
12	7
1	7
0	0
1	0
11	12
0	3
3	3
0	12
0	1
0	1
38	149
0	117
8	110
0	131
18	24
0	26
0	35
7	24
6	0
41	43
4	8
235	0
1	0
25	4
0	4
0	4
0	4
0	4
0	3
0	3
10	0
15	8
0	0
0	0
0	8
0	1
0	9
121	35
0	35
1	0
30	8
4	0
3	734
0	439
0	39
0	310
0	163
889	21
0	481
15	0
0	4
0	84
0	80
0	84
0	40
6	4
13	4
0	4
7	0
0	152
0	44
0	65
0	0
2	4
27	6
0	3
0	4
0	17
0	16
23	0
9	0
0	0
43	4
0	16
0	2
7	0
0	152
530	171
21	13
0	158
0	57
207	60
0	36
73	17
0	0
3	6
309	21
23	21
12	2
10	1
2	2
2	0
75	39
0	153
0	156
0	31
5	275
0	153
368	146
105	150
11	122
29	0
0	75
0	36
0	20
0	6
0	6
0	0
0	0
0	0
0	0
6	6
0	0
0	0
0	6
0	0
0	0
0	0
5	0
0	0
1	0
0	0
0	1
552	2
0	15
70	17
0	2
11	5
0	5
4	0
107	386
0	386
21	248
0	296
0	30
3	1
0	19
9	0
0	116
4	30
21	5
27	30
0	4
197	140
1	148
16	15
0	3
0	3
322	0
459	120
0	312
0	22
2	403
3	45
54	16
4	6
0	7
0	2
327	207
0	317
101	563
0	542
0	542
0	365
0	0
2	0
0	9
182	56
0	8
0	4
8	0
0	0
51	47
0	56
12	34
0	28
0	34
5	0
198	0
5	0
5	38
0	28
155	25
0	32
0	14
0	24
35	3
16	60
6	0
1	0
311	101
205	96
1	5
7	10
3	12
0	2
24	9
0	5
0	5
0	0
0	0
1	0
136	100
2	100
0	4
0	1
0	4
0	120
0	120
0	115
3	38
8	20
1	20
0	0
0	2
0	16
0	58
0	87
0	87
3	61
33	67
1	37
0	13
10	0
17	89
0	2
0	31
9	9
2	0
82	18
29	18
0	18
1	15
568	291
0	46
7	254
902	254
1	234
0	3
2	0
0	1
2	0
2	1
0	1
188	13
0	59
28	13
0	0
26	54
0	0
1	0
31	36
71	4
7	36
0	6
7	6
0	6
0	0
0	8
0	23
0	3
0	1
47	1
0	1
29	2
0	0
0	0
0	0
0	0
0	0
0	0
1	0
0	0
65	24
60	24
0	67
0	30
18	76
8	84
0	21
0	9
0	0
1	9
5	0
38	0
10	0
33	36
0	101
0	88
1	1
2	0
35	8
11	8
0	8
3	88
0	0
1	0
0	0
0	0
0	530
33	517
0	6
0	21
29	8
19	8
0	7
6	0
5	13
1	13
0	59
0	26
0	50
0	44
0	43
0	17
0	33
8	10
0	10
0	10
0	10
0	10
0	10
0	6
0	4
15	3
0	0
11	6
0	6
182	30
0	30
0	4
7	0
4	0
2	0
2	0
11	0
0	12
8	23
0	14
0	14
0	14
4	15
0	13
0	15
0	15
3	10
2	5
11	3
710	162
0	160
2	66
0	63
2	0
7	2
0	2
0	1
0	1
0	13
0	386
0	287
1	0
0	59
0	386
144	57
0	25
0	44
0	27
273	21
39	100
0	80
213	62
32	80
1	2
3	6
83	6
0	29
3	0
0	0
9	29
7	6
0	15
29	16
3	8
0	7
0	7
0	11
0	6
0	2
27	10
0	10
0	5
0	7
5	9
0	8
0	4
0	4
0	4
0	2
0	5
265	8
910	8
14	80
8	83
1	82
99	87
10	7
0	4
0	9
0	0
6	46
6	0
0	4
0	115
2	162
0	16
0	63
0	63
0	108
0	2
4	0
0	0
18	0
1	10
45	9
9	11
0	1
0	11
0	1
0	18
66	1
0	0
0	0
3	17
0	162
13	3
0	3
19	0
177	0
14	25
0	25
14	5
11	1
25	0
0	3
0	3
5	0
0	0
0	0
0	0
0	1
0	0
0	0
0	0
3	0
0	0
6	0
0	15
0	0
0	15
1	4
0	15
0	4
11	1
0	2
4	2
329	1
2	1
192	26
7	20
0	16
0	24
0	23
25	30
8	7
0	5
14	6
6	0
31	246
7	52
0	50
0	8
5	1
0	235
6	0
0	207
0	80
0	82
0	70
2	82
0	1
365	472
0	19
0	472
2	0
36	5
0	0
40	4
238	267
0	10
0	15
17	7
19	8
16	10
3	5
12	28
0	7
0	4
5	0
3	14
6	24
6	18
0	1387
0	169
7	3
0	191
400	197
6	27
22	15
0	4
0	6
3	2
40	56
0	14
0	28
4	53
174	68
74	56
6	47
0	3
0	24
360	0
51	17
0	1
0	3
5	2
0	3
0	0
4	11
0	6
0	0
0	6
0	6
0	8
8	46
0	5
0	0
0	5
34	8
0	1
0	5
0	5
0	3
0	0
3	0
0	3
0	0
63	0
0	0
7	0
93	14
4	8
0	15
0	1
0	0
0	7
74	92
1	23
0	24
0	81
0	55
8	43
2	0
0	1
0	1
36	190
19	161
0	86
0	39
0	18
0	6
7	20
0	15
1	15
33	45
6	2
42	34
140	56
2	1
1	0
0	0
0	4
5	4
0	9
1	0
2	4
0	3
0	3
74	107
0	107
0	22
10	72
0	46
77	93
0	45
148	39
206	286
0	21
13	3
8	63
0	63
0	32
0	23
58	22
14	12
2	1
0	15
3	9
21	0
0	1387
0	20
3	52
0	52
10	6
0	23
4	23
0	8
3	10
0	22
0	59
10	11
373	55
0	26
0	15
3	13
13	48
1	36
11	13
0	10
0	12
0	17
0	12
0	1
0	4
0	1
0	0
0	0
0	7
3	0
0	2
0	6
0	8
0	16
0	2
0	8
0	8
0	6
0	8
0	6
3	0
0	4
0	6
396	37
142	37
0	17
0	21
0	21
0	4
0	108
137	28
0	576
0	7
0	166
0	8
0	3
2	3
0	3
0	1
17	548
0	0
1	0
7	118
0	67
0	67
186	93
0	18
0	36
0	23
4	2
0	2
0	39
10	10
1	54
2	5
82	18
0	5
0	18
0	14
0	1
0	2
0	2
0	1
3	0
9	0
159	1
0	10
0	6
8	0
0	8
0	9
2	3
19	4
0	4
9	1
0	0
0	0
4	0
0	1
1	3
4	3
6	19
2	17
0	2
0	1
0	29
43	21
556	12
0	8
8	4
0	4
0	7
0	7
1	0
0	7
20	16
90	23
0	13
8	10
0	10
0	10
0	0
0	0
0	1
31	1
0	0
1	2
1	92
178	50
118	23
0	54
70	66
0	6
0	19
0	5
189	89
17	89
12	65
0	66
0	3
0	3
0	3
0	2
0	2
0	1
2	3
1	3
7	52
0	35
0	27
0	28
0	12
0	12
309	1296
7	1072
0	2
0	4
0	969
271	17
0	17
0	7
0	7
0	6
5	4
7	172
18	9
0	1
0	1
0	1
0	3
0	0
0	3
0	47
0	48
2	7
0	47
180	5
32	34
20	23
0	5
9	38
0	0
0	50
4	0
3	0
5	0
0	0
0	100
66	100
15	194
0	6
0	20
0	1
4	0
16	13
0	1
8	2
0	93
0	182
0	3
21	75
0	75
0	2
97	4
0	0
13	0
10	21
0	5
0	2
4	42
0	13
0	40
9	40
10	0
13	17
0	9
268	39
337	39
1	28
0	28
0	28
0	15
0	0
0	32
0	32
0	19
5	0
0	65
0	68
37	98
21	28
0	26
0	0
27	17
93	11
0	8
0	52
0	170
543	0
198	38
0	7
0	1
0	0
0	0
0	38
5	0
25	0
0	0
32	62
51	379
0	381
0	14
0	3
67	55
11	7
6	46
6	85
0	85
0	15
0	78
158	38
0	38
17	0
4	0
14	9
26	9
0	21
1	5
66	25
0	38
246	0
0	17
0	17
0	2
59	0
3	24
0	28
0	10
2	8
39	15
0	17
0	6
0	13
0	11
2	0
0	0
0	2
67	2
70	3
0	61
4	59
3	2
0	75
19	63
0	73
0	69
0	38
2	38
0	2
64	2
0	2
0	2
5	2
5	2
0	2
0	63
0	63
0	38
0	3
2	7
2	5
0	3
0	3
3	17
0	0
9	3
3	3
53	3
0	3
7	2
0	2
0	1
0	1
0	94
31	94
59	14
4	6
7	0
55	5
1	0
13	0
188	49
20	48
0	15
1	13
0	0
0	1
4	5
0	5
0	1
5	3
8	0
1	0
0	0
1	3
0	3
0	3
14	38
7	4
0	0
1	6
0	0
0	42
21	1
0	1
1	6
0	6
2	6
0	2
1	10
27	20
0	10
0	19
2	0
1	0
0	0
256	16
38	16
228	0
0	0
25	0
6	25
0	14
0	16
160	85
1	83
0	84
22	84
1	0
4	2
0	2
3	0
27	68
0	121
0	68
0	257
0	287
0	234
1	0
0	5
0	58
775	0
54	12
9	12
18	8
0	7
2	1
0	7
5	7
0	3
0	4
0	2357
76	2357
0	27
8	2
0	15
0	13
0	13
0	13
7	2
0	13
0	13
9	0
0	0
20	24
0	9
6	2
0	16
892	6
15	16
1	0
0	0
0	0
7	41
16	0
0	119
210	120
0	65
19	10
0	1
0	10
4	21
0	7
5	64
0	1357
0	1294
0	1296
4	298
0	3
0	3
0	1
0	1
3	0
19	2
0	0
0	0
1	0
6	3
2	2
0	1
0	1
0	0
0	0
1	0
97	25
135	30
32	17
1	9
6	1
1	29
0	97
0	98
299	27
0	249
0	249
9	257
0	8
3	10
0	10
1	12
0	12
113	0
8	0
0	0
0	0
11	0
5	2
0	2
0	0
35	0
8	63
0	64
0	63
0	55
4	45
6	0
0	0
0	0
613	31
6	110
16	46
0	85
10	100
30	13
492	0
37	1896
6	1896
67	175
32	45
16	7
23	996
0	828
0	816
0	799
0	14
33	13
0	996
1752	54
22	0
0	54
0	39
1	8
12	2
0	19
0	8
0	0
0	19
0	0
0	0
54	54
0	1
12	1
2	53
0	50
0	10
0	1
0	53
17	2
2	1
10	1
11	11
143	63
0	0
0	1
0	0
17	8
0	1
1	7
0	3
0	4
11	0
145	86
3	86
7	0
157	6
16	0
0	0
1	42
1	63
0	63
0	1
0	1
23	49
0	49
99	99
5	99
0	1
0	0
6	5
0	2
745	18
0	18
8	0
0	4
574	384
0	5
0	73
0	5
770	667
0	25
0	325
0	281
77	85
2	10
0	10
0	4
0	0
0	1
0	0
0	0
0	0
0	0
0	0
2	74
44	15
0	1048
0	1048
0	148
65	18
13	15
0	1004
21	1
0	1
0	9
12	9
0	4
0	5
0	4
0	0
17	1
0	177
148	177
3	7
11	0
13	152
0	152
34	8
0	8
0	0
2	0
3	0
1385	486
0	516
0	516
0	24
0	171
0	5
0	9
88	381
0	111
0	375
0	43
0	257
655	338
7	9
42	46
0	91
0	2
1	2
3	27
0	0
0	4
0	0
28	97
67	128
11	1
4	2
0	5
245	39
0	1
0	1
0	1
0	0
0	0
948	0
0	3
4	3
78	57
0	39
0	33
0	19
0	19
0	19
0	5
0	0
0	13
0	18
0	0
9	0
0	3
0	30
11	1
1	0
14	6
0	1
0	0
5	21
9	5
0	21
0	0
0	0
0	9
0	9
2	9
489	0
0	0
0	0
0	3
0	3
201	264
0	264
0	6
0	6
15	224
0	222
0	198
0	204
0	51
0	98
0	51
0	0
0	15
21	27
47	29
103	23
62	14
9	24
13	22
0	2
0	18
0	1
0	1
4	7
0	7
1	75
52	75
8	4
0	34
0	32
34	1
0	18
0	67
0	84
50	55
234	55
0	47
0	23
0	33
15	16
52	3
331	55
6	63
0	3
0	0
0	9
0	9
0	2
0	98
0	82
0	139
0	154
24	54
33	4
0	54
0	0
0	0
0	0
17	51
34	7
0	7
19	7
0	0
53	28
55	26
0	2
0	1
0	1
0	0
0	1
2	4
0	1
0	0
0	0
0	1
0	0
21	0
0	53
4	53
0	8
0	10
0	10
0	0
7	0
0	13
102	13
5	11
13	9
0	10
0	0
0	0
0	0
0	8
15	42
0	33
0	12
2	21
40	0
9	17
0	8
7	287
0	1
282	279
0	1
9	244
25	1
9	113
0	113
17	0
36	6
0	4
9	3
0	0
5	27
0	24
0	4
0	2
0	2
0	3
0	3
0	12
0	14
0	0
9	11
5	0
5	116
1	14
0	116
0	104
11	0
832	395
0	395
0	279
6	37
1	1
0	268
0	8
0	6
0	6
7	51
1	47
0	29
0	0
0	5
0	2
3	2
0	1
0	3
0	0
1	2
0	3
132	0
3	5
0	330
0	350
8	25
0	9
0	12
0	0
0	733
0	733
1	0
6	0
0	3
1	1
1	63
0	1
2	1
0	91
0	91
0	76
0	72
1	8
0	2
4	1
0	0
1	0
0	0
0	0
0	1
0	0
0	1
0	0
7	9
0	9
0	8
0	0
0	0
1	0
12	251
40	247
0	251
307	5781
0	29
15	136
12	942
2	5
101	5716
0	10
1	10
1	50
250	52
0	1
17	0
1	5
1220	6
2	50
0	29
0	29
0	30
0	30
0	30
0	30
0	30
0	30
0	30
0	30
0	30
0	33
0	30
0	20
0	12
0	30
0	12
0	14
0	14
0	27
0	8
0	27
0	27
18	27
0	5
0	20
0	20
0	27
0	27
0	27
6	0
0	21
0	0
0	0
0	20
6	18
0	0
0	40
4	18
7	15
0	15
1	89
0	6
1	17
25	0
0	3
0	3
0	7
0	1
2	267
0	733
241	748
0	158
123	114
0	8
21	114
0	96
4	5
0	5
0	5
0	41
22	49
2	188
282	203
17	149
0	141
0	6
0	41
0	44
0	38
0	35
0	28
0	29
277	0
0	0
30	17
0	17
7	2
0	2
0	3
0	2
0	0
0	3
0	0
0	12
25	18
0	18
0	6
0	1
3	2
0	0
0	0
0	4
1	0
0	0
0	0
30	7
0	1
0	6
1	11
57	11
6	11
4	1
117	551
0	121
0	0
5	14
90	111
23	476
5	0
6	0
0	15
27	407
12	407
0	7
0	1
0	1
2	0
0	4
92	231
0	231
52	27
0	26
12	4
1	5
2	0
6	26
1	15
0	12
14	12
0	17
2	17
0	0
7	19
2	34
0	34
0	0
0	0
0	1
741	15
0	2
15	0
1	0
0	0
0	0
0	0
14	0
49	127
14	127
6	0
0	33
14	33
2	0
2	1
0	1
7	0
0	6
0	388
0	639
0	629
0	0
0	613
5	0
0	5
0	0
0	5
0	5
0	5
0	93
0	253
0	90
0	253
5	9
6	2
0	0
0	84
0	26
0	8
30	86
0	83
3	7
0	42
22	90
8	84
0	55
0	102
2	0
0	0
0	21
0	21
0	4
0	69
91	69
17	0
1	0
3	4
0	5
3	0
0	113
0	0
0	1
27	7
0	0
0	3
0	129
4	18
0	18
4	16
0	6
0	0
5	2
0	0
0	0
3	0
0	5
0	5
1	5
0	2
36	2
2	0
0	6
0	14
5	20
5	19
2	19
34	9
0	7
0	9
36	67
0	38
0	67
0	22
42	26
26	15
0	7
0	10
0	3
0	3
3	4
0	4
1	2
0	2
4	20
0	4
0	20
0	1
0	0
1	28
0	28
0	3
0	0
0	3
0	113
0	34
0	15
3	0
0	2
12	116
5	0
14	10
0	6
334	0
275	0
3	193
15	183
0	26
0	18
0	27
13	1
0	586
0	586
0	0
0	5
0	0
0	3
9	13
0	13
0	2
129	2
11	20
0	28
47	36
0	27
0	4
0	14
20	7
0	17
0	0
0	4
0	17
0	14
201	459
0	370
0	170
0	31
0	10
0	3
28	154
0	38
6	3
0	66
0	2
46	59
0	22
3	11
0	0
3	0
0	0
3	0
0	2958
238	2829
0	2913
113	237
0	201
14	89
878	99
0	87
0	57
0	47
0	20
8	0
3	4
26	12
0	12
18	41
0	58
15	17
6	46
7	32
164	27
0	29
3	0
0	0
0	56
0	57
65	151
8	6
0	1
0	1
32	109
1	0
127	139
0	114
0	114
18	2
0	25
0	25
364	0
0	0
0	0
0	4
0	7
0	4
0	4
0	4
0	7
0	4
0	4
6	0
257	15
1	1
6	0
0	0
0	8
0	15
0	16
6	2
1	0
0	20
73	37
3	19
0	18
0	0
4	68
107	121
0	55
0	81
0	16
0	1
3	1
0	2
1	2
0	2
2	12
2	11
0	12
0	1
1	0
9	5
0	0
4	0
33	46
0	41
0	30
0	110
474	31
0	14
5	113
0	0
0	0
0	31
73	0
21	0
16	27
0	9
234	7
22	20
0	0
0	20
21	20
0	20
0	20
0	0
0	0
0	18
1	15
0	11
6	0
0	20
11	0
0	234
0	225
0	233
47	234
0	240
0	74
0	0
0	0
0	0
0	0
0	5
3	240
0	26
0	28
0	23
0	17
0	2
3	3
0	3
0	3
0	3
11	138
87	138
4	8
57	7
0	0
6	0
0	1
0	2
196	3
19	64
0	20
0	20
0	21
0	21
0	21
0	6
2	109
0	109
4	77
1156	69
0	11
0	1
0	8
0	0
1	1
594	23
38	81
2	1
1	58
0	6
3	6
1	6
64	0
0	186
1	119
2	117
3	32
1	0
72	0
70	2
18	187
0	5
0	5
0	9
3	9
1	0
20	32
0	39
1	8
738	0
0	22
0	32
13	9
0	9
0	398
0	398
0	102
0	5
170	1
94	1
481	628
0	628
6	30
0	26
0	37
0	17
0	3
0	1
0	1
82	0
15	25
0	18
0	7
56	518
16	518
27	31
1	21
8	21
22	0
2	4
0	4
2	2
0	10
0	8
1	10
0	4
0	1
13	52
66	38
11	22
0	36
63	54
0	1
1	11
0	0
0	6
0	5
23	664
9	314
0	278
0	223
0	156
13	0
0	755
167	107
0	107
81	353
0	335
0	35
0	28
0	13
4	0
0	35
0	35
29	117
0	117
0	0
0	26
98	27
0	27
5	26
6	31
1	6
1	29
2	5
39	28
0	1
0	29
5	1
0	59
0	3
0	0
0	0
0	0
0	95
2	33
3	2
5	99
2	36
0	20
0	18
0	46
0	36
392	202
9	0
0	0
0	0
60	19
0	19
4	5
0	0
0	0
0	0
68	151
0	46
0	19
0	1
1	47
1	1
5	2
7	8
3	5
0	1
0	0
0	0
2	0
0	1
23	3
9	3
0	0
18	5
0	4
142	85
0	32
0	31
0	0
0	76
17	88
1	76
0	0
0	0
51	75
0	1
0	208
8	41
0	31
15	14
1	1
21	0
0	1
0	114
0	113
0	0
1	9
8	2
0	86
0	103
0	0
0	208
76	13
0	17
3	24
0	24
0	18
0	17
0	3
1	0
15	12
22	94
0	88
0	2
10	14
0	3
0	13
16	138
1	82
0	34
91	64
0	8
0	41
0	57
8	57
0	4
0	4
60	30
0	49
4	31
19	75
0	0
4	0
0	2
0	62
0	13
6	22
4	22
1	0
0	0
81	60
0	55
0	60
10	5
0	1
328	1
0	122
40	122
0	82
13	40
41	17
144	5
0	5
0	0
0	2
0	2
393	69
11	54
0	10
0	0
0	5
118	244
0	206
2	36
0	34
31	10
10	2
0	4
0	9
3	0
0	2
1	2
0	1
0	5
0	7
4	4
6	5
5	5
19	0
0	6
1	6
23	191
0	185
0	85
209	60
18	6
0	7
1	3
0	0
4	0
0	4
0	1
77	5
105	17
0	8
58	306
21	94
13	45
7	254
1	104
0	104
0	102
0	102
0	16
0	4
0	12
19	8
13	8
0	8
1	16
24	20
10	82
171	19
0	13
0	17
0	2
0	6
1	1
0	6
155	14
5	12
17	56
0	12
0	12
0	56
0	0
16	14
0	12
3	29
0	58
54	58
5	3
1	3
0	3
0	3
32	32
0	21
1	2
0	2
110	31
1080	742
22	690
0	657
7	567
1209	326
4	326
0	54
18	0
28	2
98	1
56	24
0	14
0	14
2	2
0	15
0	2
0	0
0	13
6	6
0	6
0	51
0	62
20	9
25	4
0	4
0	0
0	13
87	62
15	63
4	0
0	1
0	2
411	93
0	27
6	39
277	38
142	107
0	0
0	69
108	4
1	0
0	58
28	7
0	2
3	2
0	1
0	11
2	11
0	0
1	0
5	0
130	0
1	325
0	1
0	324
2	0
45	150
59	17
373	317
10	58
22	0
0	3
0	4
1	1
0	1
0	38
4	5
0	5
0	5
0	1
3	1
3	12
0	5
0	5
0	12
12	157
1	133
125	665
209	648
49	0
0	356
0	3
0	3
5	3
0	3
20	32
102	76
0	77
112	30
24	6
0	1
0	6
569	0
0	63
0	60
0	3
0	4
2	4
9	165
0	163
154	13
0	108
0	108
0	108
0	10
4	107
0	75
119	62
0	40
0	54
0	38
1	32
0	27
0	23
2	13
0	0
0	0
40	153
0	153
6	41
17	41
10	0
1	17
0	12
0	2
0	3
7	0
0	24
0	24
0	1
0	4
11	5
0	5
1	6
4	6
0	6
290	278
0	27
0	16
0	69
0	0
0	4
0	4
0	0
7	1
0	1
665	38
79	33
0	7
0	24
60	53
0	0
0	0
4	0
6	52
42	153
0	181
0	181
17	59
0	23
0	181
0	27
0	27
0	0
0	2
0	72
4	1
0	15
1	15
0	677
14	716
73	716
6	0
106	50
3	116
12	14
2	2
0	160
0	173
3	0
0	6
0	6
0	4
0	1
3	1
0	1
11	9
0	5
2	5
28	110
7	2
0	4
0	0
0	0
4	0
0	0
152	106
0	106
108	49
247	49
11	14
0	4
4	10
0	30
0	9
0	9
1	0
1	0
0	0
6	7
0	19
1658	530
0	2
10	3
0	3
0	3
0	3
0	0
67	10
0	0
0	11
0	11
0	0
135	70
52	5
0	4
59	7
17	1
12	0
0	0
1	0
0	0
79	402
2083	408
27	3
0	3
33	531
0	8
530	523
0	110
0	110
6	83
0	1
0	6
0	36
242	155
12	490
0	4
0	494
10	86
7	183
1	165
56	134
4	134
14	121
1	2
17	2
0	121
0	6
9	1
0	27
0	27
0	9
119	37
0	19
34	28
0	24
0	3
0	19
3	4
8	68
1	69
1799	11
0	18
29	30
0	537
26	5
0	5
0	22
0	589
18	46
3	13
0	46
0	12
0	40
6	45
3	0
27	46
0	0
1	1
39	37
0	16
0	16
0	16
0	2
13	21
0	19
3	9
0	0
1	0
8	221
0	215
0	215
0	215
19	0
0	1
48	212
80	67
0	32
0	49
3	1
0	0
0	0
290	92
4	0
95	92
755	232
2	22
0	0
0	22
0	10
14	12
0	10
0	6
10	0
0	0
0	6
19	25
0	9
0	25
0	3
1	0
0	20
29	69
0	1
22	63
0	4
12	0
0	0
7	62
0	51
0	5
2	12
0	10
0	2
0	0
9	0
2	7
1	7
25	0
0	200
0	111
44	0
0	45
0	28
0	32
5	2
0	0
7	24
24	27
16	16
0	2
0	5
0	5
0	5
32	95
16	0
3	0
30	0
18	29
1	0
153	0
0	95
23	383
9	15
2	62
2	9
2	0
0	0
41	18
0	19
6	370
550	97
0	72
0	5
2	5
0	296
10	296
6	312
0	327
2	17
0	16
0	35
0	0
0	15
0	11
2	2
1	2
0	0
0	55
0	55
45	14
0	14
0	116
125	111
0	92
6	427
0	139
0	44
0	97
0	97
0	94
0	95
0	96
0	96
0	10
0	5
0	33
17	12
0	3
0	3
0	0
0	33
0	30
1	91
91	66
1	66
0	5
0	7
0	1
1	8
6	7
0	5
0	0
0	6
316	0
86	7
0	6
0	7
0	6
4	50
29	52
0	49
0	49
0	45
3	0
3	0
31	7
45	127
48	301
64	176
0	243
0	27
0	36
89	370
0	30
7	2
13	0
0	16
45	57
1	365
7	1
0	1
2	0
0	1
13	1
2	1
1	0
467	26
0	1
3	1
0	5
3	5
0	36
0	31
0	30
0	30
204	35
0	15
0	10
2	0
0	10
0	8
0	155
8	155
0	102
0	4
2	2
13	2
0	0
2	0
321	94
2	13
0	8
0	12
0	12
30	31
0	2
0	0
0	2
0	1
0	0
0	0
0	0
0	0
7	0
0	0
0	0
0	0
2	0
4	0
0	0
0	0
13	20
0	13
3	0
0	12
0	2
0	1
0	2
84	108
0	35
4	17
734	110
0	3
0	3
1898	1
219	1
141	47
0	48
107	118
1	81
0	11
0	32
0	7
9	0
2	14
0	14
0	0
2	5
0	1
0	0
3	0
7	0
1	0
0	52
0	20
0	20
0	18
0	2
0	2
0	2
4	0
1	0
0	17
0	52
84	44
20	43
34	39
4	2
0	2
15	0
2	67
0	33
0	137
0	141
19	3
13	0
0	33
2	0
0	87
0	12
0	5
0	87
3	29
0	5
2	36
0	5
0	5
0	27
0	9
2	3
0	1
0	1
0	129
0	167
0	383
0	95
0	488
0	165
0	386
17	24
0	0
0	6
4	3
0	503
0	500
0	405
0	455
0	8
28	32
4	0
28	32
28	24
0	13
73	13
52	12
0	4
0	22
4	7
5	26
4	12
14	11
0	13
7	85
0	83
33	0
301	54
2	4
0	41
0	4
0	4
4	55
10	37
0	53
607	1168
0	1006
1	185
4	42
11	172
157	0
59	84
1	69
88	84
2	4
0	15
0	16
5	15
0	10
0	8
0	8
1	1
21	0
0	0
0	0
0	0
0	0
0	1
0	0
0	17
0	18
0	17
5	0
0	0
0	0
4	0
47	38
1	9
0	4
0	4
0	4
0	0
0	34
25	185
0	103
0	19
0	38
0	117
0	6
17	0
0	56
0	4
193	307
0	7
0	7
0	4
19	298
0	49
0	101
1	14
0	3
0	0
0	3
82	7
1	101
323	262
83	6
0	0
4	3
3	257
8	11
7	66
0	66
2	35
1	4
12	3
13	0
2	23
0	23
0	0
0	2
0	4
0	7
2	4
0	23
0	7
0	7
1	8
7	3
0	3
0	3
0	3
0	2
27	52
80	56
0	38
0	3
22	0
10	214
2	47
0	83
4	83
0	83
0	41
23	0
93	532
159	552
0	450
4	16
0	1696
0	147
0	48
8	1681
22	225
3128	1932
0	269
0	0
0	0
0	0
3	59
0	51
0	57
4	1
0	41
216	311
0	242
0	192
0	28
0	24
17	6
0	4
0	2
0	0
0	1554
676	1978
0	1117
0	1201
0	18
20	83
0	14
2591	365
95	0
80	0
51	350
0	49
0	49
165	136
0	136
24	102
45	106
0	12
23	1
1	0
0	134
0	21
1	57
18	0
0	82
0	82
27	70
362	79
11	0
40	311
0	1
0	1
0	1
2	0
8	101
2	0
3	307
0	31
1	2
1	5
0	8
0	1
0	3
0	10
0	223
0	14
0	7
0	232
48	8
27	233
0	0
49	0
312	36
3	36
2	0
1	125
0	125
0	3
0	8
0	32
0	29
0	14
0	14
0	15
0	15
0	14
0	14
0	1
16	3
0	1
0	0
0	26
111	21
5	7
94	7
24	7
141	26
4	0
0	0
0	0
0	0
0	29
0	18
0	18
108	18
0	0
7	0
38	41
19	93
0	47
0	75
0	41
0	9
2	0
9	0
0	0
0	0
0	1
66	44
475	44
1	20
22	12
0	28
11	3
0	0
0	6
1	1
0	3
9	0
80	0
0	0
0	3
0	3
185	280
0	16
33	13
0	11
0	5
0	3
0	0
0	15
2	15
0	0
0	3
2	5
0	5
109	85
3	80
9	85
64	4
22	0
35	22
0	22
0	7
0	4
8	6
0	0
2	2
0	6
0	10
15	3
0	3
0	0
7	0
7	8
0	0
0	0
357	195
23	195
0	80
0	69
0	48
0	54
0	64
0	24
0	24
0	34
0	10
3	13
6	20
0	17
21	16
10	6
0	12
0	9
0	3
6	0
0	4
0	1
0	2
0	30
1	29
8	36
0	14
247	45
0	45
7	12
223	5
37	235
0	264
0	221
0	115
0	58
0	9
0	11
0	34
0	0
21	0
2	0
23	0
3	0
2	1
6	1
0	1
0	0
0	0
0	0
3	0
0	0
0	125
0	1
0	0
0	6
146	125
17	84
0	14
0	84
0	83
0	78
15	87
0	7
3	27
0	1
123	14
40	14
0	150
6	124
3	150
0	3
2	0
22	62
0	61
2	96
651	40
164	53
225	22
3	3
3	1
0	1
0	0
22	18
0	18
0	11
0	11
2	11
0	1
2	45
0	68
0	41
0	51
8	3
17	0
0	2
0	2
0	29
0	25
11	16
0	16
0	16
6	2
0	2
167	95
0	70
28	89
0	95
2	11
0	13
76	6
0	13
4	2
0	2
0	0
4	0
12	1
6	0
0	22
0	22
1	0
10	246
5	246
6	7
0	75
2	76
16	0
0	34
0	38
31	19
0	25
1	4
8	0
26	10
0	0
0	0
0	0
0	7
0	8
0	0
42	2
5	0
0	6
37	14
40	14
2	7
0	7
0	0
1	0
318	49
2	0
0	4
0	51
0	60
0	18
0	91
2	2
0	3
0	3
0	3
2	8
5	8
1	11
0	2
0	616
42	10
28	0
35	29
0	616
0	1
0	32
0	32
0	1
0	0
0	14
0	6
10	0
0	0
0	0
0	0
8	2
0	1
1578	143
40	145
0	49
0	46
0	4
1	0
28	167
16	17
3	159
0	2
4	2
0	82
0	697
0	722
24	731
0	717
0	2
0	33
2	11
2	9
0	48
0	3
135	6
0	65
3	46
50	518
31	442
0	419
0	84
133	108
0	22
0	1
0	3
2	0
0	441
4	2
0	2
0	2
0	0
0	0
0	0
3	0
12	5
47	5
0	0
0	0
0	5
0	0
8	19
0	9
5	14
41	0
258	38
0	42
0	27
54	40
0	1
0	1
0	1
3	1
0	0
0	61
0	2
0	2
0	7
1	7
0	6
5	0
7	0
0	29
1	21
6	13
0	4
0	4
0	0
0	0
4	29
0	4
1	0
0	6
89	125
0	29
0	116
0	69
0	3
0	0
0	2
20	51
0	2
0	2
0	2
249	89
946	67
17	44
0	51
0	11
2	3
0	3
0	23
6	30
31	16
0	16
1	14
51	8
0	8
0	0
0	1
0	1
0	8
31	36
290	36
43	30
0	11
0	11
0	10
5	1
0	1
807	0
0	2
0	2
10	0
2	0
13	29
0	19
0	28
0	2
0	42
0	51
134	119
30	121
268	23
0	7
2	33
0	33
7	1
19	3
6	0
0	1
0	6
247	121
17	119
25	35
15	22
0	0
108	6
0	2
5	0
0	0
127	30
1	15
9	28
0	12
58	1
0	6
11	4
31	22
0	22
0	22
0	0
3	0
3	4
0	4
0	45
0	45
0	35
0	45
0	9
7	9
0	2
0	0
2	2
1	20
0	18
0	13
112	2
0	0
0	0
1	0
0	4
0	0
0	4
143	0
0	35
0	30
0	32
0	27
10	0
0	0
0	0
0	5
0	11
0	29
0	1
10	10
25	14
0	10
0	9
0	9
0	6
0	5
0	46
134	43
12	4
66	22
0	34
0	34
0	32
2	32
119	29
0	12
0	1
0	12
96	0
7	3
0	384
62	384
129	33
97	183
0	58
0	56
0	56
22	183
1	0
0	0
0	1
3	4
0	4
6	0
57	0
46	1656
0	654
0	14
0	35
134	1632
22	3
277	110
0	103
64	91
0	73
2	26
0	0
0	8
0	0
0	12
36	26
0	2
10	48
0	48
0	34
45	20
0	43
7	42
0	30
0	35
0	31
0	29
0	29
84	6
0	12
0	23
8	36
0	5
1	81
0	0
0	5
3	3
0	2
0	3
0	2
0	3
6	5
0	1
11	17
1	19
0	2
39	9
9	24
119	54
1	0
0	2
9	31
1	0
1	0
10	0
48	158
13	130
0	128
0	26
0	9
1	0
384	0
1	0
0	0
133	87
43	15
0	12
0	4
0	1
0	49
1	1
0	22
11	51
35	0
7	66
20	15
0	15
136	4
6	0
3	0
6	4
546	275
77	83
0	266
0	8
62	6
0	2
58	55
17	55
21	21
0	16
0	16
0	11
0	6
13	224
0	225
0	5
0	119
23	109
0	61
0	109
0	2
21	3
1	3
18	23
0	0
27	13
7	353
742	323
762	0
154	87
0	87
5	81
0	0
0	0
1	0
2	0
0	1
19	5
92	54
0	3
18	96
0	3
2	36
0	5
665	265
0	44
5	0
7	3
5	1
0	1
13	229
1	22
0	265
0	6
0	6
138	3
1	3
0	3
0	3
0	3
677	146
0	145
40	7
3	1
0	1
0	22
0	22
8	22
0	15
0	0
14	2
3	4
168	34
45	34
7	8
141	0
0	0
0	43
1	44
0	44
0	8
114	156
0	5
0	0
10	124
0	156
12	97
0	88
0	79
7	58
0	52
0	58
0	58
0	40
0	47
0	34
0	40
0	42
0	4
0	3
5	0
0	0
0	1
0	92
52	70
1	1
10	0
3	8
0	4
3	4
0	20
0	20
0	11
5	9
0	25
0	8
5	4
0	4
0	0
0	4
7	4
0	4
5	14
0	22
0	0
0	9
0	29
4	8
0	8
3	8
0	3
0	1
0	3
13	0
1	11
0	0
16	3
0	1
24	11
145	78
0	11
0	12
4	75
91	42
0	42
0	7
28	17
0	5
5	12
2	0
3	12
10	5
0	4
29	0
0	1
2	0
0	0
0	0
0	1
4	6
10	25
9	1
0	0
0	5
0	0
0	0
0	0
0	0
2	0
0	38
2	28
2	0
0	1
2	23
0	54
0	355
0	22
0	0
0	251
2	25
0	35
0	30
0	29
52	412
3	19
0	17
0	2
0	0
20	575
68	575
228	2
0	20
0	7
7	11
0	7
0	7
68	25
304	25
0	4
8	0
0	0
0	0
4	0
0	4
5	5
0	4
0	1
25	1
0	1
0	25
324	0
220	74
0	3
0	64
0	28
9	3
9	2
5	0
0	13
0	15
0	3
1	3
0	22
1	17
0	20
0	22
0	22
0	22
0	22
11	37
0	1
0	6
0	18
7	5
0	22
2	8
0	5
0	5
0	5
0	3
0	3
50	90
0	90
74	66
6	34
0	12
0	0
1	3
30	0
0	0
0	90
1	0
0	0
0	1
0	3
0	3
0	1
0	1
0	0
4	0
27	134
5	4
0	1
0	0
0	0
0	130
0	0
0	0
0	0
1	57
0	0
0	0
0	0
9	57
0	0
0	2
0	0
0	0
0	0
0	0
0	0
0	2
0	108
31	106
10	66
371	674
26	674
33	566
2	0
2	2
0	2
5	2
77	9
0	9
0	540
15	0
0	38
54	38
3	7
0	0
70	60
20	58
0	18
0	22
10	0
6	0
0	4
0	3
1	4
0	2
0	110
103	110
30	8
194	1406
14	1382
0	1380
0	1349
0	83
0	71
0	76
0	0
0	24
9	5
0	5
0	0
7	8
0	0
37	2
0	2
0	0
10	0
9	19
0	2
4	36
0	0
0	1400
0	72
0	1400
0	23
0	101
85	23
0	2
0	4
114	172
345	248
0	45
0	70
0	2
23	14
773	0
295	28
6	17
0	0
2	0
0	0
34	3
0	3
3	3
0	3
0	3
0	0
3	0
4	0
0	0
0	76
32	80
4	3
0	3
0	0
24	9
1	12
5	3
0	0
1150	103
0	10
0	10
0	14
0	14
0	4
0	7
0	7
0	7
0	4
79	0
40	12
0	3
0	3
9	1
0	19
3	19
21	0
1	6
3	1
0	5
0	5
0	4
1090	17
42	9
7	8
0	15
0	15
0	15
0	15
0	2
3	77
0	8
44	71
0	3
818	100
0	31
0	99
0	2
37	2
4	21
0	21
0	21
0	7
0	4
0	4
0	2
8	128
55	127
0	0
0	0
0	0
0	0
0	1
1	81
0	81
0	82
27	83
0	18
0	26
0	0
0	47
0	1
3	0
0	1
33	1
804	0
1210	0
21	0
0	8
216	110
2	3
0	110
7	5
0	1
0	13
4	9
0	0
1	17
0	5
0	23
0	23
7	0
14	0
0	0
0	0
6	7
1	7
0	2
0	30
0	30
0	4
2	0
0	0
0	1
1	1
2	3
0	3
9	5
0	7
157	6
9	7
0	41
0	7
0	4
0	1
0	41
13	0
2	0
1	9
15	20
0	19
0	13
1	0
8	12
0	49
4	6
0	13
0	0
0	0
0	54
0	58
0	9
0	9
1	32
5	33
0	2
68	918
0	847
1	69
116	83
0	928
0	920
1567	1110
0	776
0	6
0	3
357	1
0	537
0	847
0	560
19	1028
159	0
0	7
0	7
0	6
0	6
0	0
3	14
7	14
0	0
52	793
385	804
0	9
27	842
0	658
0	14
36	33
19	31
0	0
3	0
0	1
13	1
0	2
0	2
42	71
0	6
83	109
0	109
13	2
0	2
4	2
0	30
0	42
0	0
0	0
0	0
0	0
60	14
71	42
11	42
0	21
0	9
0	9
0	9
0	9
14	1
0	1
0	34
0	34
1	3
22	13
10	13
10	9
82	310
1	310
0	10
0	6
0	16
2	0
7	142
517	26
0	18
1	0
0	134
178	144
173	695
81	692
0	5
2	0
0	6
0	6
0	8
0	4
1	8
0	0
2	0
0	0
0	8
4	2
0	0
15	0
0	2
0	2
0	1
0	2
47	38
1	38
53	8
0	1
27	20
74	2
0	1
2	0
0	28
0	0
6	25
0	14
14	11
50	181
2	9
0	3
0	10
0	13
0	164
0	1
4	14
0	14
2	1
0	1
0	1
0	0
0	17
0	17
3	17
0	2
0	89
0	104
6	6
0	5
0	2
33	0
0	0
0	0
14	0
1	0
361	470
0	7
2	246
0	219
3	0
0	3
265	134
16	4
19	131
66	13
0	7
874	1
0	1
1	0
0	0
45	4
10	4
26	12
0	12
2	8
0	8
0	0
0	8
0	0
3	9
0	7
30	0
0	0
0	3
0	6
1	1
0	0
0	0
136	24
26	5
0	15
0	5
2	5
0	5
0	4
50	12
4	6
0	1
0	1
0	6
0	0
8	148
0	126
0	3
0	1
0	4
22	1
0	0
3	120
3	91
0	70
3	51
1	4
0	0
49	7
0	7
0	4
0	0
0	0
4	5
4	6
0	8
0	8
0	3
0	1
0	0
0	0
0	0
0	8
0	8
1	138
0	161
0	2
0	0
11	79
3	79
2	45
15	17
0	17
645	0
95	96
0	96
1	10
18	5
0	10
0	7
3	7
0	40
0	44
0	14
18	6
24	50
29	0
0	6
0	5
0	8
6	2
0	0
11	0
0	42
0	20
4	20
6	11
0	6
13	1
0	27
0	27
0	21
0	17
0	17
0	26
0	22
0	26
0	22
0	22
1	28
0	247
0	258
1	2
13	5
5	0
0	0
2	29
0	65
0	2
166	525
25	374
0	17
0	17
0	3
0	12
0	3
1	12
59	121
0	43
7	24
12	33
2	10
41	0
2	0
31	3
12	113
2	0
0	0
0	3
0	2
0	3
30	13
10	36
10	30
0	11
0	33
0	9
0	25
0	2
0	7
8	189
0	117
0	58
0	29
0	11
0	5
0	384
0	394
0	126
0	93
6	94
0	11
0	46
0	384
1	0
3	0
24	6
13	0
0	7
0	0
9	1
8	0
20	0
0	2
0	110
1	108
3	67
4	108
0	118
4	68
0	91
1	0
0	0
41	40
117	0
5	0
0	0
17	29
0	11
0	18
5	3
0	3
4	7
0	250
199	277
0	177
0	234
217	34
0	247
0	130
2	22
0	15
0	12
42	12
0	3
48	2
0	14
2	0
0	8
0	8
0	16
0	13
3	1
192	3
0	2
3	0
1	3
5	0
3	15
0	7
0	0
0	1
0	0
0	15
9	68
0	64
182	66
0	3
0	4
0	17
0	17
3	0
0	54
0	47
0	35
10	53
0	16
56	0
0	0
3	0
7	7
0	0
68	2
2	0
0	2
0	9
3	19
1	19
5	3
0	18
0	18
0	17
0	17
0	17
0	8
141	8
0	4
0	6
0	4
0	0
0	8
0	4
0	6
15	2
0	0
0	12
0	2
0	2
2	0
0	11
0	11
0	5
12	3
0	3
38	833
0	115
31	820
498	536
10	297
34	191
0	167
3	176
22	6
0	5
30	2
9	13
36	1
9	0
0	18
0	300
0	1
0	301
1	44
0	0
303	0
17	0
3	3
0	213
0	34
0	431
0	22
0	404
0	183
4	96
0	38
0	57
32	16
20	57
0	6
181	0
0	10
14	537
0	306
537	113
9	91
5	91
4	82
0	23
0	26
0	6
5	43
3	0
10	21
0	21
0	20
0	7
0	3
2	0
1	6
2	0
3	9
0	6
78	8
0	4
0	4
2	0
1	0
0	3
188	4
6	4
40	4
0	4
0	0
0	0
0	0
2	6
0	0
0	9
0	3
0	9
0	2
0	2
368	0
2	163
0	163
27	39
0	9
0	29
0	25
0	29
0	23
0	3
35	47
149	18
0	37
0	1
0	15
49	195
0	3
15	23
29	22
5	11
7	0
8	1
7	326
0	326
12	326
0	163
0	28
0	0
14	7
29	3
0	3
18	3
6	2
1	20
0	3
4	3
0	9
0	9
0	6
0	6
0	0
0	3
2	3
0	3
25	0
0	0
17	0
144	133
0	133
6	3
5	4
4	4
22	2
2	0
19	9
0	1
0	96
0	117
3	20
0	23
0	17
0	0
2	0
0	0
0	0
3	1
0	1
7	0
44	29
51	29
2	5
36	6
0	6
93	8
0	1
8	9
0	4
0	9
0	1
2	4
4	0
4	3
8	321
0	44
19	5
0	115
0	111
49	86
990	7
0	297
30	0
16	9
0	0
193	16
0	16
70	0
0	0
0	1
12	1
0	0
11	69
1	92
0	76
31	53
0	75
0	50
54	69
0	0
0	7
13	87
8	14
0	80
2	1
0	16
0	144
11	144
0	119
0	0
0	67
4	0
19	0
2	26
0	625
3	619
18	475
456	1043
41	1101
30	1
31	0
0	136
3	0
0	0
2	0
5	0
3	0
0	1
3	0
0	1
107	0
59	25
36	28
0	14
19	27
6	31
0	19
0	19
0	0
7	0
7	0
0	11
0	0
0	0
0	0
0	12
0	18
0	11
9	26
0	19
0	10
18	20
0	20
0	5
5	6
0	11
7	0
1	4
0	0
0	0
0	1
0	0
0	0
0	0
0	5
1	0
21	107
4	0
0	1
0	2
65	34
0	4
0	15
10	0
0	43
98	2
18	12
15	19
5	0
196	34
67	34
0	2
0	2
4	0
0	2
6	1
0	37
0	5
6	12
0	12
0	11
0	12
0	2
8	3
0	37
2	26
0	4
1	9
0	32
0	87
0	340
9	5
0	33
3	2
6	59
49	1
696	0
5	83
0	91
0	70
25	59
503	64
18	47
3	26
14	0
0	2
30	2
10	0
22	2
3	0
5	8
0	6
0	14
0	7
0	7
10	45
0	45
0	12
14	55
0	4
0	2
0	0
0	1
0	2
0	0
0	2
45	232
138	285
12	47
0	9
21	0
3	45
8	1
0	1
0	0
201	72
99	71
32	4
5	0
9	0
25	0
17	3
19	16
0	21
0	0
0	3
4	21
3	4
2	1
0	1
0	14
0	14
0	0
42	22
2	20
0	2
1	3
35	115
0	102
96	47
5	43
1	4
1	700
107	33
43	518
170	702
10	48
28	24
0	16
0	2
0	1
8	21
0	5
0	5
2	7
11	28
596	28
4	159
1	158
105	136
1	1
0	0
1	7
0	6
0	0
0	0
303	152
5	134
0	23
4	11
0	2
0	0
0	5
0	1
0	0
0	9
59	76
15	75
0	0
7	53
0	8
0	34
0	34
0	3
0	9
0	9
0	5
68	111
0	111
30	82
0	29
1	27
5	29
0	7
468	73
51	0
11	4
0	69
93	113
0	106
1	0
6	3
17	4
1	1
0	1
0	1
0	9
0	9
0	2
6	0
0	0
6	12
5	213
23	208
0	42
343	11
13	8
0	15
0	12
0	8
14	8
0	277
0	277
0	236
0	217
0	17
0	2
0	1
5	255
0	62
1	0
1	176
0	196
0	134
8	134
0	55
21	0
0	1
10	79
11	79
0	5
0	15
44	25
7	19
8	9
0	4
155	110
0	110
4	5
0	5
17	0
2	20
77	20
96	22
38	0
62	606
0	369
0	430
126	268
0	1
16	23
0	118
0	598
0	289
13	79
0	128
0	289
0	13
0	0
0	4
0	0
0	0
0	0
0	1
0	0
1	2
0	0
2	6
4	0
6	1
0	99
0	64
806	26
9	0
5	105
1503	105
45	92
397	92
0	0
0	3
0	1
0	3
0	0
0	2
0	3
0	0
0	3
0	3
2	0
0	0
0	0
0	0
0	0
0	0
0	0
4	0
1	0
0	0
0	0
0	0
0	0
0	10
47	10
0	0
2	0
10	9
23	9
4	8
8	6
291	374
5	0
0	10
3	10
0	6
77	3
0	3
0	3
151	1
132	2
0	2
0	94
0	110
1	4
5	115
0	21
0	21
1	0
0	8
0	133
5	8
0	0
0	8
0	0
2	133
32	55
33	1
0	54
42	10
0	9
4	1
0	3
0	441
0	216
19	3
0	3
0	0
0	437
83	5
5	5
0	5
5	39
0	36
0	3
4	0
1	3
5	3
5	0
33	65
23	81
0	0
4	19
12	18
0	62
0	216
0	19
0	214
31	16
0	81
12	2
8	83
0	57
14	31
0	9
0	3
447	0
25	155
0	83
2	4
0	4
0	24
0	9
0	2
0	0
0	49
4	20
0	2
8	10
0	10
20	26
0	24
0	0
1	2
96	89
1	87
26	76
8	6
5	2
11	4
11	14
0	14
0	9
5	14
0	56
0	197
0	32
0	35
0	32
0	47
62	17
0	2
0	144
74	0
6	28
58	152
29	15
1	76
29	93
0	76
0	14
0	10
1	10
0	7
1	5
0	5
5	2
0	2
63	278
19	273
534	202
0	59
0	21
0	47
0	44
1	5
0	3
0	5
0	9
206	51
1	1
46	53
2	0
0	30
185	8
2	52
165	304
56	309
0	303
0	109
0	22
28	10
5	4
0	4
1029	0
137	376
215	381
0	39
0	7
15	6
0	324
0	324
34	214
2	0
0	29
0	29
4	3
6	0
0	1
0	0
5	0
0	0
3	8
4	0
0	10
0	10
16	5
0	10
2	0
0	0
0	3
0	0
77	8
0	8
0	0
0	0
7	0
1	22
0	27
0	21
13	9
0	7
8	999
485	828
0	298
0	11
0	1
3	0
2	999
0	37
0	37
20	11
10	6
0	0
0	16
0	16
0	6
1	296
0	12
0	11
0	1
0	1
0	2
2	2
11	82
4	0
0	17
1	25
1	124
30	100
76	119
14	98
15	13
0	3
22	43
0	56
0	56
30	3
44	0
1	0
0	0
0	54
7	54
0	7
1	0
37	23
0	67
0	3
0	66
0	98
0	6
0	6
18	19
8	65
0	0
0	1
0	1
0	6
0	0
0	0
0	148
0	7
0	2
0	148
0	11
0	0
0	0
0	7
0	1
0	13
0	21
0	7
0	4
0	4
8	36
0	2
0	3
0	4
0	34
0	2
0	10
0	0
0	0
0	9
0	47
0	12
0	4
0	1
0	38
0	9
0	0
0	6
0	5
0	0
0	19
0	1
0	1
0	0
0	19
0	1
0	4
0	0
0	6
0	10
0	0
0	8
4	68
0	17
0	94
0	94
0	6
0	7
5	0
21	2
0	26
518	0
19	82
5	0
635	171
44	0
0	249
0	249
0	16
0	2
2	0
2	9
0	3
0	0
0	0
0	2
0	2
0	0
0	1
0	14
0	123
0	122
0	2
0	8
3	0
2	8
0	4
0	6
0	0
0	20
14	0
0	10
0	9
0	29
0	1
1	0
0	0
151	93
0	2
0	1
0	1
8	28
0	16
0	165
0	130
0	0
1	0
2	0
3	0
0	0
0	5
7	4
4	2
0	0
7	5
2	0
0	0
7	90
4	2
1	0
9	0
2	0
1	0
0	0
2	0
7	0
3	0
0	0
6	0
3	0
3	0
3	0
5	0
7	0
0	0
0	0
3	0
1	0
3	108
0	0
0	4
10	0
106	6
15	0
0	1
27	4
1	0
1	0
6	0
0	0
0	0
17	0
1	0
2	1
0	0
1	0
54	8
8	0
0	6
0	0
0	6
7	1
0	327
16	8
0	0
2	0
0	0
3	0
5	0
2	0
3	0
0	0
0	0
0	0
5	0
2	0
2	16
2	0
3	0
2	0
2	0
5	0
2	0
1	0
1	0
3	0
3	0
4	0
0	0
6	0
3	0
149	63
0	0
0	0
1	0
99	59
17	0
0	0
0	0
1	4
3	4
3	0
100	7
2	0
2	0
40	209
0	0
1	0
0	0
0	0
2	2
10	12
65	76
0	0
0	0
0	0
0	0
0	0
0	0
0	0
1	1
5	0
0	0
0	0
5	0
37	0
0	8
16	5
4	4
0	13
2	1
6	0
1	58
7	17
42	2
39	0
6	3
2	95
2	0
4	1
0	0
3	0
2	0
0	0
1	0
0	0
1	0
0	0
4	0
2	0
0	0
0	0
0	0
1	0
0	0
5	0
0	0
2	0
1	0
0	0
0	0
0	0
2	0
0	0
0	0
0	0
3	0
1	0
0	0
0	0
0	0
0	0
2	0
3	0
1	0
0	0
0	0
2	0
0	0
1	0
1	1
0	0
2	1
0	0
0	0
0	0
0	0
0	0
2	2
1	0
0	0
0	0
0	0
2	0
0	0
0	0
0	0
0	0
0	0
2	0
0	2
0	0
18	0
0	0
0	5
0	5
51	1
0	1
1	6
1	6
0	14
1	14
0	6
94	0
0	0
2	44
0	44
0	3
0	3
1	3
39	7
17	13
9	78
2	38
0	35
0	33
85	6
0	0
15	24
0	10
8	24
0	15
32	0
0	0
6	7
0	7
217	45
6	45
1	20
0	20
9	0
0	0
0	0
0	6
0	7
0	0
0	0
0	0
0	0
0	1
0	0
0	27
3	13
0	9
0	3
5	8
3	3
0	3
0	3
0	0
1	0
0	0
25	0
155	50
0	10
109	638
0	36
234	116
17	42
82	7
5	0
348	0
0	7
0	0
4	340
0	49
40	18
113	102
0	0
10	0
0	19
0	0
0	28
23	0
0	14
0	4
87	49
338	1120
2	5
4	12
624	0
0	14
241	72
234	4
0	0
470	54
7	2
0	94
15	0
76	29
6	25
1	0
1	1
1	0
12	0
2	0
0	0
14	9
5	0
0	0
0	5
1	14
0	0
1	0
127	5
45	73
0	0
112	4
2	0
0	0
10	0
0	0
218	5
0	93
0	3
1	33
370	0
0	30
135	1174
160	78
2	0
370	606
41	42
0	0
0	9
19	1
0	48
0	1
3	3
0	0
2	49
19	49
0	0
0	0
3	0
48	635
15	52
6	6
0	1
2	15
0	6
0	3
7	44
17	38
0	1
0	26
9	51
0	68
0	14
0	9
0	2
0	147
24	16
5	0
12	7
209	121
27	0
0	7
0	17
1	0
5	6
0	1
11	0
0	0
50	0
54	651
151	1241
10	25
2	3
0	0
29	335
0	26
11	6
9	0
3	0
25	95
0	0
4	28
21	32
0	68
4	0
5	83
174	69
0	23
0	0
0	3
0	3
0	1
0	1
231	183
0	4
0	18
0	8
0	3
0	8
0	8
0	8
51	2
0	2
0	0
0	0
5	5
0	2
0	0
0	0
0	0
0	0
0	0
0	0
27	16
158	77
159	282
0	5
8	272
0	232
0	5
38	37
0	37
22	0
0	0
2	59
2	0
180	39
0	11
334	1
0	5
0	0
0	0
1	2
0	1
2	0
0	0
0	6
0	6
8	104
0	3
1	0
0	0
34	70
0	0
0	0
0	0
4	0
2	0
0	8
0	5
0	8
1	0
0	0
0	4
0	4
0	1
0	0
0	0
0	0
0	68
0	163
0	70
0	49
0	55
0	34
0	5
0	17
0	17
7	86
1905	227
0	95
8	5
7	61
763	159
4	4
0	4
19	1
2	0
0	0
0	6
0	0
0	11
0	11
1	86
0	110
0	52
0	26
0	86
0	136
9	136
0	6
0	1
3	1
0	113
0	131
0	11
0	35
0	9
0	61
0	3
0	23
0	0
0	82
0	1
4	3
0	2
2	1
0	1
13	6
0	4
0	16
6	9
12	4
0	4
0	2
134	8
0	8
0	0
0	0
0	0
0	16
1	0
0	0
0	0
9	39
0	81
3	27
7	29
0	4
0	4
323	109
0	0
11	0
0	1
0	1
4	21
0	96
0	59
4	75
0	96
49	84
0	44
7	0
0	115
1	84
50	53
9	4
0	1
9	2
3	1
4	101
0	60
0	8
0	42
0	17
0	52
2	95
0	3
0	13
0	85
0	21
0	55
0	110
0	31
0	9
0	71
1	0
0	5
4	6
1	85
0	63
0	7
0	9
0	11
2	76
0	9
0	120
0	90
0	70
0	12
0	38
0	10
0	5
0	0
0	73
10	13
0	3
0	3
0	107
0	22
0	12
0	2
0	73
0	2
4	10
0	39
0	3
2	17
0	122
0	27
0	95
0	11
0	0
0	53
3	33
0	36
0	5
0	61
2	71
0	2
161	0
0	0
1	2
0	0
0	0
2	30
16	12
0	2
8	80
0	69
0	6
2	49
0	0
0	39
0	17
0	5
7	2
0	0
11	14
0	14
4	0
0	0
5	13
0	6
7	21
0	5
11	1
0	1
0	1
0	20
0	0
0	0
16	2
0	2
18	0
1	16
33	34
2	34
0	7
0	9
0	8
0	6
0	4
0	0
2	0
1	0
0	25
0	25
0	6
0	1
0	2
0	1
0	11
0	11
0	8
4	7
21	12
6	10
1	2
473	128
0	50
3	5
0	3
0	3
0	3
0	1
6	1
0	4
0	4
15	0
0	3
2	10
1	0
0	0
1	67
6	54
0	10
0	2
2	1
2	87
0	67
5	0
0	0
329	826
0	766
5	13
0	10
0	4
0	4
1	6
49	2
0	4
0	4
3	0
0	4
0	2
0	0
0	7
0	10
0	4
0	4
0	4
0	2
1	2
0	2
0	2
0	2
0	2
107	6
0	6
0	26
0	7
1	7
0	10
6	108
0	105
8	1285
41	1231
1	513
42	291
0	0
36	15
2	7
0	7
11	6
1	8
0	8
32	42
0	0
0	1
10	1
25	11
0	6
28	0
0	0
8	5
0	0
0	0
0	0
4	7
0	2
30	371
311	392
1	0
1	0
0	0
12	12
0	0
0	0
72	18
0	0
0	3
0	3
5	4
3	8
0	0
2	2
6	0
14	63
0	63
0	0
0	3
0	3
1	0
11	3
0	0
0	30
0	23
2	12
2	4
0	0
0	3
1	0
0	0
106	0
3	1
0	10
9	2
0	7
6	3
0	10
0	8
0	7
0	8
0	1
0	2
0	0
0	43
3	13
42	0
4	0
2	0
2	0
1	3
0	3
0	2
0	2
0	12
11	6
0	0
0	5
0	5
0	4
0	4
0	5
4	6
0	0
0	3
25	4
0	4
1405	609
0	36
0	0
89	68
2	0
1	0
6	6
0	5
149	17
0	10
30	64
17	10
0	3
0	0
0	57
0	57
0	0
6	2
0	10
0	6
0	8
0	518
18	24
0	521
0	6
5	534
0	118
0	427
6	14
1	3
5	116
15	112
0	43
0	10
5	1
0	1
0	34
9	39
0	39
8	3
19	0
0	1
0	1
0	6
8	6
0	6
19	12
0	5
0	0
1	0
1	0
0	0
0	2
4	2
10	0
13	1
0	1
0	1
1	2
19	2
5	3
0	7
11	17
3	4
0	0
0	0
2	0
5	0
0	0
0	0
0	0
0	0
5	0
0	11
0	11
1	8
0	8
1	0
0	0
26	680
0	595
187	654
6	21
0	12
1	15
0	0
0	3
5	0
6	0
1	7
0	7
0	2
0	2
100	65
0	30
7	2
0	2
0	2
57	54
3	12
0	0
0	1
6	4
0	2
0	12
0	12
0	6
7	0
0	0
0	0
4	0
0	2
0	2
6	0
0	1
0	1
0	0
1	1
0	0
28	42
0	10
48	7
0	6
1	5
0	110
0	123
5	18
0	14
0	4
18	9
0	8
74	15
0	0
0	14
0	13
0	3
1	0
0	4
0	4
0	217
0	112
12	15
0	10
0	39
6	52
0	88
0	55
5	61
0	0
0	0
0	0
1	27
0	36
0	5
0	17
0	5
0	0
45	49
0	16
55	188
256	42
3	2
0	2
15	0
13	0
9	4
0	4
0	14
0	14
13	3
0	3
1	191
0	119
12	114
0	75
23	6
63	6
0	0
0	0
0	1
0	0
0	0
0	1
0	0
9	0
463	22
1	9
0	1
0	1
21	0
0	0
0	0
2	144
0	27
3	14
76	30
2	14
60	103
0	43
0	2
0	2
6	0
0	1
0	1
0	5
3	5
8	0
1	0
0	0
9	6
0	11
0	6
4	6
0	2
0	3
0	9
0	9
0	6
1	37
0	2
24	9
12	9
4	1
1	0
3	20
0	1
4	3
2	2
27	63
23	81
8	63
0	0
0	0
0	0
11	378
0	1
0	1
0	257
6	0
0	377
24	287
2	3
6	45
2	16
1306	297
0	57
7	52
0	9
0	55
0	222
0	0
0	9
0	9
0	2
0	222
0	220
10	98
2	56
0	279
262	279
0	42
2	96
0	7
0	2
0	29
0	57
0	13
0	25
0	38
0	11
0	33
4	95
39	26
0	56
0	18
16	43
30	53
0	12
0	13
3	16
0	13
0	3
2	32
1	0
0	0
4	2
0	0
0	2
0	0
0	0
25	146
0	24
0	0
0	0
0	0
0	0
0	0
0	0
0	0
0	0
0	0
5	0
0	0
53	18
9	0
2	0
0	0
0	0
9	0
0	0
1	0
1	0
3	7
0	0
0	0
2	0
7	0
1	0
0	0
6	20
0	0
0	0
0	0
3	0
1	0
5	0
3	0
0	0
0	4
2	5
1	0
1	0
0	2
2	0
0	0
6	0
0	0
0	0
3	0
2	1
0	0
15	0
0	0
2	2
7	0
0	0
2	0
4	0
0	0
7	0
0	2
2	0
8	0
10	0
8	0
0	0
25	0
22	0
5	0
0	1
5	0
38	6
0	0
5	4
17	0
2	0
2	0
6	1
0	15
7	4
0	2
6	0
0	4
0	7
1	0
0	1
0	0
0	28
2	0
2	0
14	0
0	0
1	0
7	0
1	9
5	0
2	0
9	12
0	0
0	0
0	0
2	0
0	6
0	0
2	0
1	0
7	0
5	0
0	9
1	0
2	0
0	3
3	0
2	1
0	1
1	0
124	88
13	0
5	0
0	4
6	0
8	0
0	0
0	0
0	0
2	0
6	0
4	0
3	0
5	0
0	3
3	0
4	4
13	0
2	0
3	0
1	0
0	0
0	0
0	0
0	0
8	23
1	0
0	0
1	34
1	0
0	0
0	0
14	0
3	1
0	0
1	0
0	0
8	23
1	0
1	2
2	34
2	0
2	0
1	0
10	0
2	0
15	6
0	3
11	3
8	4
0	39
2	3
0	0
6	4
0	3
7	0
9	0
1	0
2	0
2	2
0	0
2	0
0	0
0	2
2	0
4	8
2	0
0	0
0	0
16	0
2	0
9	0
1	0
5	6
2	2
0	0
0	2
3	2
6	0
8	0
1	0
2	0
8	0
0	0
3	0
2	0
0	0
0	0
62	1
0	0
0	0
3	0
8	17
1	1
1	1
0	5
2	0
0	37
0	0
1	0
17	0
0	0
2	3
22	0
3	0
0	0
0	8
1	0
6	12
0	0
1	0
3	0
1	0
4	0
6	2
2	11
3	0
0	0
0	0
9	0
2	0
0	0
11	0
10	13
4	31
1	0
1	2
4	5
1	0
0	0
4	64
9	0
16	1
1	0
0	0
24	0
0	0
0	0
2	0
2	4
6	0
2	0
0	2
6	15
0	0
8	3
0	0
1	0
8	3
1	0
4	0
1	0
0	39
15	0
4	0
5	57
10	0
3	0
2	0
6	0
1	0
5	0
0	0
6	13
4	0
0	0
2	1
4	24
17	0
15	0
0	0
0	0
1	0
0	0
7	0
0	0
0	0
7	3
2	2
8	0
4	5
0	113
0	0
0	0
10	1
0	17
12	21
12	0
11	0
4	0
10	3
1	3
2	0
1	6
8	1
0	6
0	5
0	54
5	0
3	1
0	0
2	0
29	0
10	0
10	0
9	0
0	0
19	0
1	0
0	0
2	0
3	0
0	0
0	0
1	2
8	0
0	18
5	0
0	1
0	0
1	0
2	0
0	0
8	1
0	0
3	22
1	0
1	10
0	0
3	0
25	13
7	0
3	0
0	0
0	4
5	43
3	0
0	0
0	0
0	0
0	0
0	0
0	4
2	1
0	1
7	0
0	0
16	1
1	15
1	0
0	0
12	0
2	0
0	0
0	0
2	0
0	1
1	33
0	0
9	0
1	0
2	48
0	8
1	3
3	0
3	0
0	9
2	0
1	0
4	0
5	0
0	0
3	4
0	2
2	0
5	0
0	11
4	1
0	9
6	0
11	0
1	0
4	1
0	0
0	8
19	0
0	0
0	23
0	25
3	2
2	0
0	0
1	58
0	0
1	0
4	0
0	0
0	4
3	1
0	0
0	0
0	0
2	0
26	1
28	8
18	13
0	0
0	0
5	7
0	0
1	3
0	0
3	8
0	2
6	14
0	2
0	0
1	0
6	0
0	0
3	0
0	0
0	0
1	6
3	0
8	0
1	0
0	0
1	0
4	0
3	0
1	0
2	0
2	0
4	0
0	0
0	0
7	44
0	0
0	5
0	0
8	0
3	52
2	0
7	0
0	1
7	0
5	0
18	36
0	0
0	0
8	0
3	0
0	0
1	0
14	0
2	0
0	148
17	1
0	14
5	0
8	5
0	0
0	0
5	0
0	1
0	0
0	0
1	0
2	0
0	0
3	0
3	0
0	2
1	0
0	0
2	0
0	0
0	0
1	0
3	0
3	0
0	0
5	0
1	49
3	0
4	0
3	2
0	0
1	0
2	2
0	1
0	0
0	0
1	0
4	5
1	10
0	2
8	0
3	0
2	0
0	0
5	3
1	2
0	0
4	2
0	0
1	0
0	0
0	0
0	0
1	0
0	5
1	0
0	0
7	0
0	0
1	0
2	0
2	0
3	22
9	1
1	0
0	0
0	0
0	0
0	17
32	0
0	0
0	0
0	0
0	0
0	0
0	9
3	0
0	4
5	0
4	17
36	0
0	0
0	0
2	0
1	3
0	0
1	0
1	0
51	0
12	3
5	0
0	0
3	0
1292	0
0	0
0	0
8	6
0	0
2	0
0	0
16	0
1	0
5	5
6	0
22	0
2	0
0	0
2	0
3	49
4	0
2	0
1	7
0	86
2	0
0	51
0	0
23	0
0	0
0	0
0	11
1	0
2	0
4	0
1	0
0	5
0	5
3	0
2	0
0	2
1	0
1	0
6	2
0	0
0	31
0	0
3	0
0	0
225	0
9	0
0	3
0	0
0	0
2	0
8	0
0	0
0	0
4	7
8	0
1	0
4	0
0	6
1	0
0	0
1	0
5	0
0	1
8	0
0	4
2	7
25	0
4	0
0	7
1	0
0	1
2	11
3	1
3	0
0	0
0	0
4	0
0	0
0	21
0	0
0	0
1	0
0	0
0	0
14	0
0	0
0	0
1	0
5	0
1	0
14	0
8	0
0	1
3	0
0	3
5	0
7	4
84	0
12	0
1	0
2	0
7	7
0	0
0	0
4	0
0	23
22	5
0	0
6	7
0	0
6	0
5	1
4	0
3	0
1	3
0	0
0	0
8	1
0	0
1	0
0	0
0	25
0	0
0	10
2	0
0	0
0	3
0	0
1	0
14	0
6	0
1	0
3	0
2	0
2	1
0	5
12	3
0	0
2	0
0	0
5	67
3	0
3	0
5	0
0	0
0	1
5	2
0	0
0	0
0	0
2	0
0	1
2	0
5	0
9	0
1	0
1	0
1	0
3	2
1	0
5	0
0	0
1	0
4	0
0	0
0	2
0	25
8	1
0	0
0	0
1	3
0	0
4	0
0	0
3	2
1	3
0	0
0	0
0	0
0	0
3	0
6	0
4	2
0	0
2	0
2	0
0	3
2	0
4	0
12	0
1	3
1	0
1	22
0	2
5	0
14	0
3	0
11	0
1	0
7	0
2	0
17	0
0	5
9	18
0	0
0	0
0	0
0	0
6	0
0	0
9	0
3	0
0	0
8	0
0	6
2	15
27	0
30	9
0	4
0	5
0	27
0	7
1	1
0	0
4	0
0	0
2	0
1	0
0	0
1	0
0	3
4	0
0	0
2	0
15	4
10	2
0	5
73	72
1	0
12	0
6	0
1	1
2	1
4	40
1	4
2	19
5	1
0	0
1	0
8	0
9	0
13	0
4	2
0	0
0	0
4	0
3	3
0	0
0	11
0	9
0	0
0	0
1	0
0	1
0	0
0	0
1	14
1	0
5	9
0	0
51	1
5	0
5	0
0	0
0	0
8	0
2	4
0	0
1	0
0	0
0	0
2	0
1	0
0	0
0	5
0	0
3	6
0	0
0	1
2	1
0	0
0	0
0	0
18	0
9	2
2	18
6	0
101	0
0	2
2	0
1	0
0	0
0	6
1	0
8	0
0	0
3	0
0	0
5	7
1	0
2	0
0	1
12	0
0	1
0	0
1	3
0	0
4	0
1	0
39	0
1	0
3	0
1	0
0	0
4	0
0	0
0	0
0	3
2	0
0	0
1	2
0	0
1	0
1	0
2	0
3	3
0	56
3	0
5	0
3	3
5	0
1	0
1	0
7	24
0	16
0	0
0	16
2	0
0	0
5	3
3	0
0	11
4	0
5	1
0	0
1	6
4	2
4	4
3	0
4	0
0	0
5	0
9	0
2	0
19	2
0	0
0	7
7	1
7	0
0	3
3	0
3	0
0	0
0	0
0	2
0	0
0	9
10	0
4	5
0	0
3	16
0	0
2	0
3	0
0	0
5	4
0	0
4	1
0	0
0	0
1	5
13	8
1	0
0	2
36	2
0	33
0	4
0	0
3	0
0	13
3	0
1	0
0	2
8	0
4	0
0	0
2	0
0	0
1	0
0	0
0	0
64	0
0	0
4	0
2	0
0	0
1	0
9	0
1	0
2	0
0	0
0	36
0	0
0	0
3	0
1	0
0	0
14	0
3	0
0	4
1	0
0	0
0	0
2	0
2	0
0	0
0	74
0	75
0	77
12	8
2	12
0	0
0	73
3	0
0	73
2	12
0	75
9	6
20	12
0	1
0	1
2	0
27	0
0	0
7	0
2	0
3	0
0	0
3	3
12	0
5	0
0	25
0	0
5	0
0	0
17	9
1	0
2	3
0	0
1	0
0	0
1	5
0	0
6	0
3	4
1	0
2	0
0	0
0	1
0	0
8	0
17	6
0	0
0	238
1	0
0	0
0	23
3	0
2	0
2	0
3	54
7	7
11	2
4	0
3	0
0	2
0	6
0	0
5	0
19	0
7	0
1	0
2	0
4	0
0	3
4	0
0	0
0	0
1	0
3	5
0	0
1	0
6	11
1	9
0	5
0	0
0	0
3	9
6	1
0	1
4	2
2	6
0	0
0	73
0	0
1	0
3	0
2	0
0	0
3	0
0	0
2	8
11	1
2	3
54	0
5	0
6	0
16	0
0	0
0	0
0	0
4	0
11	0
0	0
4	4
0	7
4	1
0	0
0	2
3	0
0	48
0	0
1	0
3	3
1	0
0	0
3	0
2	0
0	1
0	13
0	1
0	0
0	0
1	3
0	0
2	0
7	0
8	4
0	0
3	0
0	11
7	0
0	0
1	0
2	4
0	0
0	24
3	0
356	3197
0	4
2	8
1	0
3	0
0	48
1	10
0	19
0	4
1	0
8	0
2	0
1	0
0	0
8	22
0	0
8	0
0	0
5	0
4	343
3	0
1	8
4	0
3	0
0	18
5	0
8	10
12	0
0	0
0	0
0	0
1	9
3	0
0	0
0	0
4	0
10	1
0	0
0	0
0	1
0	0
1	0
2	2
0	1
4	19
1	0
0	0
6	0
0	0
2	0
3	0
2	4
8	61
3	0
6	0
3	0
8	1
7	0
4	23
6	0
0	1
0	0
0	8
2	29
0	0
0	3
2	0
0	0
1	0
19	39
2	159
0	0
0	0
12	22
0	9
10	2
0	1
3	2
4	7
6	0
0	0
1	31
0	0
13	5
1	0
0	0
1	0
0	0
0	0
0	0
2	0
0	0
0	0
0	0
3	3
0	2
2	0
5	0
0	0
4	0
0	6
0	2
6	0
0	0
7	0
3	0
8	0
15	0
1	0
1	4
6	2
1	18
1	0
1	2
7	0
0	0
0	0
1	0
7	0
23	4
2	0
5	0
8	3
1	4
0	0
0	0
0	0
0	0
2	11
6	0
0	25
15	0
6	15
0	1
2	43
0	8
8	3
0	0
2	1321
1	1
15	0
2	0
0	0
0	0
1	12
5	0
0	0
0	0
12	0
3	2
1	36
1	0
6	0
0	6
1	0
20	0
16	6
0	0
0	0
4	0
0	0
3	0
2	0
5	1
3	19
0	9
2	12
2	3
28	0
1	2
0	0
1	0
3	0
16	0
0	0
1	0
19	0
27	0
14	1
0	5
0	0
0	2
2	1
1	0
3	19
2	15
7	0
23	0
3	60
1	0
6	0
1	0
0	7
4	0
1	0
0	0
0	0
4	0
6	0
11	0
0	0
0	21
0	28
3	0
0	0
0	1
2	3
0	1
0	27
6	0
0	0
5	2
13	8
0	11
5	0
0	0
0	0
0	1
8	0
4	1
3	33
0	0
0	0
0	0
4	0
0	3
1	56
3	61
0	0
0	0
0	0
0	1
0	33
0	5
0	0
8	0
5	5
0	20
2	0
0	0
8	4
20	0
0	0
0	0
15	0
11	0
2	0
5	0
10	0
3	0
8	15
8	0
6	0
11	0
0	0
0	0
2	0
3	25
3	0
2	0
2	0
1	0
2	26
3	0
5	8
0	26
5	41
4	1
0	0
5	9
2	0
0	7
3	9
0	24
0	5
0	33
0	2
1	4
3	0
5	0
1	18
2	0
3	0
122	291
7	0
0	21
1	3
2	0
0	4
2	0
4	0
4	14
0	0
0	25
1	0
1	0
6	0
3	0
0	0
0	28
2	0
1	0
0	10
3	0
0	7
2	4
4	0
10	5
0	5
41	0
0	0
0	0
7	0
6	0
58	0
7	0
52	0
27	4
4	6
4	9
0	0
27	0
8	0
0	7
8	0
2	24
0	1
0	0
0	11
0	4
6	0
7	0
0	2
0	7
6	0
0	51
1	0
11	281
5	0
1	0
1	0
0	0
0	0
1	10
3	0
1	0
9	1
0	1
4	0
6	25
1	0
22	14
4	2
0	0
1	0
10	0
0	0
8	0
11	3
0	0
0	3
0	9
0	22
0	2
1	18
7	4
1	0
2	0
7	0
1	28
1	0
1	7
1	0
0	0
0	2
4	0
1	0
0	1
14	15
0	0
1	1
1	0
2	0
0	0
0	0
42	2
6	6
0	1
8	0
0	0
2	0
1	0
24	8
4	3
0	0
59	0
0	9
4	0
0	23
6	0
0	14
0	0
0	0
0	2
5	1
6	7
0	2
9	0
16	0
0	0
2	0
0	0
4	0
0	18
7	3
20	6
1	0
4	47
5	0
9	10
0	0
8	4
0	0
6	83
13	0
2	10
0	39
1	0
1	0
0	0
0	0
6	0
5	0
1	0
7	0
0	0
0	0
3	0
14	0
1	0
3	0
9	0
0	0
3	0
1	0
0	8
4	14
0	0
9	0
0	9
0	0
9	6
7	0
4	0
4	47
1	0
1	0
0	0
0	0
2	0
0	5
1	106
44	0
0	37
30	0
0	0
1	0
1	0
1	0
0	0
1	4
0	0
4	0
1	25
0	4
1	0
2	0
0	0
0	5
4	0
1	4
2	0
0	0
2	0
5	0
0	0
9	0
1	3
2	0
4	8
3	0
1	19
2	0
8	3
0	0
3	92
0	2
2	0
0	0
3	0
6	0
0	0
9	5
3	0
6	0
0	1
0	1
2	0
5	0
0	0
2	0
1	0
3	0
1	0
1	0
3	0
0	0
2	2
0	0
4	0
1	0
0	0
5	59
0	0
1	0
0	0
3	0
0	5
0	0
0	0
5	0
2	0
3	0
16	0
66	113
4	1
6	0
3	0
2	0
33	0
0	0
14	0
0	0
4	0
0	0
0	0
0	0
11	0
0	0
0	8
0	0
1	1
0	0
1	7
1	13
7	0
2	0
0	0
6	0
0	1
1	0
0	9
0	0
0	0
2	0
0	0
7	0
0	0
1	0
0	0
3	60
0	0
2	0
0	0
1	0
3	0
6	0
6	0
0	0
0	0
0	5
0	1
0	51
0	0
1	0
0	0
2	0
4	0
3	0
2	0
6	3
2	0
0	0
5	0
2	0
9	0
0	0
0	3
5	0
2	0
41	48
9	0
5	1
2	1
0	0
3	0
1	1
1	0
1	0
0	0
2	3
7	0
5	26
6	0
2	0
0	13
8	2
9	0
2	0
4	0
0	0
2	0
0	0
10	19
0	1
3	7
23	0
4	0
2	0
1	12
4	0
3	5
1	0
0	0
3	0
3	0
12	0
0	1
5	2
1	2
32	5
5	0
0	0
1	6
0	1
8	0
4	0
0	17
0	0
0	0
0	5
0	0
8	0
5	0
10	10
4	28
2	0
1	0
7	0
2	0
2	0
2	0
8	0
1	0
12	0
7	0
3	0
1	0
6	0
5	0
2	29
0	3
0	0
9	0
0	0
9	0
1	0
1	0
22	39
3	1
14	0
1	8
0	0
44	20
9	0
6	27
7	0
3	0
7	0
1	0
1	0
25	7
1	7
1	0
1	0
2	3
1	23
29	1
0	2
3	3
0	0
0	3
0	5
16	2
2	0
1	0
17	0
55	0
6	1
7	0
1	0
0	0
2	1
0	0
1	4
2	0
4	0
0	0
0	0
0	3
1	0
0	3
2	0
0	5
7	8
3	3
4	3
4	1
0	0
7	0
0	1
4	0
6	0
7	0
1	0
0	0
2	0
17	0
5	0
0	0
3	0
3	0
2	26
4	5
0	10
21	0
3	4
3	0
28	20
2	0
17	22
0	0
0	0
37	0
3	3
0	4
2	0
0	0
4	2
14	0
0	0
0	11
3	0
3	0
16	0
0	0
1	4
1	0
0	0
2	0
2	0
2	0
1	0
4	0
8	0
1	0
2	0
4	0
14	0
0	9
11	4
2	9
7	0
2	0
2	0
13	0
2	0
6	2
1	0
10	0
1	11
13	46
0	47
5	0
2	0
3	0
0	2
0	0
0	4
0	0
2	0
21	0
0	0
0	4
24	1
0	0
0	2
1	0
18	0
6	0
0	0
6	89
7	0
14	0
0	1
4	0
0	0
6	1
0	0
3	3
6	0
2	0
0	0
0	0
2	5
8	0
0	0
2	10
0	0
0	0
2	1
0	0
5	2
11	2
2	0
151	29
1	0
0	1
3	0
1	3
0	0
5	0
303	969
0	0
26	10
7	0
5	0
5	0
3	0
13	0
3	0
13	4
2	0
1	2
4	0
20	0
0	0
6	3
3	4
3	5
0	0
2	0
2	0
9	0
0	0
6	2
0	1
10	0
3	0
0	1
1	0
0	3
1	6
1	1
1	2
6	0
6	23
6	0
1	2
0	13
3	0
0	0
5	0
1	0
14	0
0	0
4	0
5	0
0	0
2	12
0	1
0	0
1	0
5	55
0	0
0	3
0	1
0	1
2	0
8	0
2	0
2	0
1	10
1	2
1	0
18	5
0	4
4	0
3	0
2	0
3	5
27	27
0	0
4	0
14	0
0	0
2	2
29	0
43	0
14	0
6	0
0	3
8	0
2	1
5	0
9	10
13	0
7	9
0	0
0	0
3	0
1	0
0	0
7	26
0	59
1	0
8	0
4	8
4	0
288	181
0	0
0	1
0	0
0	0
0	0
11	3
8	15
1	14
8	0
32	0
9	0
5	3
1	0
1	27
0	0
14	0
0	0
0	0
12	32
2	7
113	44
0	21
0	0
95	0
0	0
2	0
2	0
2	0
6	0
2	0
0	0
2	0
1	0
2	0
0	0
0	22
0	1
0	7
0	0
4	0
5	0
0	0
1	0
8	3
1	0
16	0
0	0
1	0
5	2
3	0
0	1
61	0
7	1
1	0
3	0
0	1
0	0
1	0
1	0
1	0
0	0
2	6
4	4
1	1
0	5
0	17
22	0
8	3
2	0
8	1
0	0
4	0
0	0
0	0
1	0
0	0
5	0
0	0
0	0
4	0
15	0
13	5
1	0
2	0
2	0
2	0
6	0
2	17
3	0
15	0
1	1
1	37
1	0
10	0
0	22
1	0
0	0
0	0
0	0
1	0
1	0
1	0
93	0
0	0
0	0
9	5
4	2
0	1
0	0
0	0
1	6
7	10
14	0
15	0
1	0
0	0
2	0
3	0
4	0
4	0
0	13
1	0
0	0
0	0
0	0
10	0
1	0
3	13
1	5
8	0
20	30
0	0
7	0
34	13
1	0
0	0
0	0
1	0
86	0
0	4
5	0
2	0
0	0
0	0
1	4
0	0
1	0
3	12
0	15
1	0
27	5
4	0
0	33
6	0
0	0
0	0
1	0
2	0
3	0
5	4
0	0
4	5
9	0
0	0
1	0
0	0
1	0
18	10
1	0
3	2
15	6
22	0
1	4
3	0
7	3
2	15
3	3
0	0
0	0
5	5
6	0
0	15
0	5
4	0
0	0
5	0
4	0
3	5
17	0
0	1
10	0
5	0
2	0
0	0
8	1
8	1
0	0
139	60
2	34
2	0
2	33
4	0
0	5
2	0
2	37
0	0
1	6
2	0
6	0
0	3
5	0
2	0
15	5
12	0
0	0
7	0
0	0
0	14
0	22
5	0
2	0
1	0
5	0
0	0
3	1
2	0
9	0
0	6
5	2
7	0
7	36
17	0
4	0
4	0
1	0
0	0
6	0
3	2
0	0
4	0
7	0
1	11
1	0
43	3
1	143
0	0
1	0
4	0
3	3
0	1
4	0
1	11
9	0
1	0
4	4
0	0
0	3
0	0
3	0
0	0
0	0
3	0
8	0
3	2
0	0
2	0
4	0
11	6
23	0
0	0
4	0
0	0
21	0
3	0
0	0
0	0
5	0
4	0
4	0
0	16
10	7
0	37
3	0
10	0
0	0
2	0
0	0
2	0
3	0
29	0
2	0
7	34
1	0
4	0
4	0
0	0
5	2
21	4
4	7
4	0
1	6
1	9
0	0
2	0
11	0
3	17
13	0
5	0
5	0
0	0
0	11
0	0
1	33
2	0
0	1
1	0
0	0
2	0
1	0
1	0
6	0
0	0
7	0
0	15
9	0
7	0
6	0
6	0
0	0
7	13
1	0
2	1
0	0
0	3
0	0
0	1
0	0
0	1
2	0
0	0
0	2
0	62
4	54
20	17
4	0
14	2
0	0
0	5
4	0
25	2
0	0
0	1
0	0
2	0
2	1
2	0
5	0
0	0
0	30
19	0
4	0
2	0
0	2
2	0
2	0
41	6
0	0
4	30
3	5
0	0
0	19
8	0
0	3
0	0
1	0
0	0
3	0
2	4
0	0
9	24
0	0
18	0
0	0
13	2
12	0
0	73
2	13
2	60
0	1
0	1
0	0
3	3
8	0
1	0
0	2
0	4
11	0
2	0
3	3
7	0
39	2
1	1
3	25
3	0
7	1
1	0
5	0
1	19
0	0
1	0
0	0
2	0
8	0
54	0
7	0
5	0
0	2
0	0
0	14
15	1
1	0
9	0
0	0
4	11
30	0
9	15
1	0
0	0
4	0
0	0
4	0
6	0
5	8
0	0
2	0
0	0
32	0
22	0
4	0
0	0
0	0
0	13
3	0
5	0
12	0
0	0
0	0
1	0
0	2
3	0
0	0
15	0
0	0
9	0
0	30
0	0
0	0
0	2
9	0
2	0
0	0
0	15
0	3
0	0
1	0
4	0
0	0
0	28
0	0
0	0
14	0
12	0
0	23
0	14
1	0
0	0
0	0
0	5
1	0
4	20
3	0
1	0
0	0
1	0
11	14
10	0
8	5
3	9
4	0
7	0
1	0
0	0
7	0
1	0
0	20
3	0
13	0
2	29
12	0
11	0
11	12
3	2
1	7
0	16
0	0
0	0
11	0
0	0
0	0
1	0
3	0
0	2
66	36
2	0
3	0
0	0
7	0
1	0
4	0
0	0
0	0
3	0
1	0
6	0
0	0
9	0
1	0
9	0
1	0
0	5
4	0
2	0
1	0
4	1
1	0
10	0
7	10
1	0
0	0
4	0
1	0
0	27
0	0
9	0
2	0
0	2
0	1
0	0
0	2
21	0
0	0
0	3
2	0
0	0
0	6
11	42
0	0
11	1
8	3
0	0
0	0
5	0
1	0
2	0
0	0
5	0
4	0
1	0
10	0
3	0
2	0
0	0
2	0
3	0
0	2
0	0
3	0
1	0
10	0
9	0
4	39
2	0
15	4
1	2
1	0
0	0
0	0
14	18
1	0
0	4
1	0
0	7
0	0
0	0
1	1
0	0
0	1
7	2
166	0
14	0
1	1
1	0
82	7
10	4
5	0
0	0
0	0
0	0
5	62
0	0
12	0
4	11
10	6
3	0
2	3
0	4
0	0
12	1
15	2
11	0
0	7
8	1
1	0
1	132
0	0
2	0
2	0
0	0
5	0
5	0
5	1
1	0
0	5
0	0
8	0
4	3
18	2
13	1
2	0
0	0
0	0
1	0
0	27
0	0
9	0
0	0
3	2
1	0
20	0
7	0
2	0
5	0
4	3
0	0
0	0
0	0
0	0
53	26
6	0
1	0
2	0
1	0
0	1
3	5
11	0
2	0
2	0
0	0
1	0
85	34
1	5
0	0
5	0
242	74
6	0
8	0
3	0
4	0
0	3
1	0
0	102
1	0
0	4
4	0
3	39
13	0
8	0
2	0
3	8
3	1
0	30
1	0
4	155
2	0
4	3
5	0
3	0
2	11
2	0
0	0
0	1
3	0
6	0
2	54
2	0
4	0
3	0
0	0
0	2
1	0
7	0
6	0
1	0
0	6
4	0
11	0
0	38
1	1
0	0
0	0
0	0
8	0
1	0
0	0
3	0
0	0
0	0
0	0
0	11
1	5
0	0
3	0
0	0
7	0
42	0
2	0
1	0
6	0
9	0
0	0
0	5
0	3
0	0
0	12
1	3
14	0
0	11
0	28
1	6
6	0
8	0
2	0
0	0
13	0
3	1
2	9
5	0
0	0
1	0
4	0
1	10
12	7
2	0
0	0
0	20
3	0
1	0
6	0
0	3
0	0
8	0
13	0
64	8
0	0
0	0
0	0
0	0
10	0
0	2
4	0
7	0
0	0
0	1
0	0
0	3
11	1
15	0
0	8
6	0
0	0
3	1
13	7
3	0
0	0
5	16
0	0
13	0
3	5
1	0
9	0
5	0
7	0
10	0
1	30
4	0
2	0
3	0
0	0
3	2
1	3
6	1
3	0
0	5
0	0
5	0
0	32
0	3
25	0
11	0
0	13
7	20
2	2
1	19
1	41
0	0
2	0
0	0
1	0
22	0
1	0
2	0
1	0
2	0
2	0
0	0
12	4
33	21
0	0
0	0
5	0
0	0
2	0
0	2
0	0
3	0
10	0
17	0
0	0
6	0
53	12
0	0
0	0
22	12
0	0
0	2
0	0
0	0
0	9
5	0
3	0
2	0
2	8
2	0
1	0
1	0
1	2
1	0
1	0
6	0
3	0
0	0
0	0
0	0
2	0
4	2
0	0
9	0
1	22
3	0
0	1
4	0
9	6
5	0
3	19
4	0
0	3
2	0
6	0
1	0
12	4
0	0
3	49
4	0
1	0
9	0
3	72
9	1
2	16
0	11
0	0
1	0
2	0
0	4
1	0
22	0
0	7
0	1
0	84
0	0
3	2
1	0
2	0
0	0
6	0
4	0
6	0
9	4
36	143
3	0
6	0
3	0
2	0
5	3
1	0
3	0
0	0
11	16
2	4
16	0
5	0
1	0
3	129
13	0
40	175
1	0
4	12
1	0
5	0
5	0
2	11
2	0
1	0
0	0
23	64
9	8
2	5
5	0
0	0
0	3
4	23
0	8
4	0
0	7
4	3
1	1
0	1
0	0
25	13
1	0
0	0
6	15
3	0
6	76
0	1
0	73
3	0
9	752
9	2
1	3
0	0
13	7
0	1
19	8
1	8
0	1
3	7
1	21
0	1
2	0
1	46
8	27
0	0
12	0
0	0
0	0
11	0
2	0
1	55
0	0
1	8
0	0
0	3
0	0
0	0
26	0
2	0
15	0
12	0
6	0
12	0
33	38
0	0
553	1043
0	0
1	0
3	0
1	0
1	0
3	4
3	1
5	0
2	0
18	1
7	0
11	0
4	0
0	3
0	84
0	0
0	5
4	17
0	0
7	0
0	0
0	0
4	2
6	0
0	0
0	0
2	0
13	0
5	0
1	0
0	7
1	5
1	0
1	0
0	0
0	0
2	15
1	0
2	0
2	3
3	1
0	0
4	0
12	0
7	0
0	0
0	1
10	0
0	20
0	0
3	2
2	0
5	0
1	0
0	0
3	0
14	0
2	0
4	0
5	8
0	4
1	0
4	0
5	0
8	2
2	0
2	0
7	1
38	20
19	0
226	74
81	97
5	0
0	0
3	0
0	0
0	0
0	8
26	0
15	11
0	0
0	18
8	0
0	18
0	0
1	0
0	0
10	0
0	0
11	0
1	0
0	0
0	0
0	0
0	17
0	0
7	0
2	11
1	0
1	0
11	0
11	752
26	19
0	0
0	0
0	0
0	0
6	0
5	0
2	0
3	0
0	0
1	99
22	0
5	0
1	0
4	0
0	0
6	1
1	0
0	11
1	0
0	0
4	0
7	11
3	0
0	0
0	1
1	99
0	0
7	81
2	0
5	0
0	6
2	0
0	2
2	0
5	0
2	5
0	5
5	2
2	0
0	0
6	0
0	6
0	0
6	0
5	0
8	0
2	0
5	7
0	0
0	0
0	45
5	1
22	14
1	0
1	0
3	0
0	0
1	0
0	0
3	0
5	0
1	0
4	1
3	2
10	0
0	0
9	0
0	0
9	0
0	0
1	0
0	3
0	0
6	0
0	0
4	0
4	0
8	0
0	2
0	19
1	0
10	0
0	0
3	0
0	0
0	16
3	0
11	0
24	0
0	0
2	0
5	3
7	0
0	0
0	0
3	5
4	33
0	0
0	1
0	0
1	5
14	7
2	9
3	0
2	0
0	1
2	0
0	0
2	13
1	0
0	0
0	0
3	0
0	0
1	1
0	0
3	2
0	0
2	0
416	55
3	9
8	0
11	0
0	56
0	3
0	22
1	0
0	0
4	0
0	0
5	1
22	2
0	8
0	3
8	0
13	0
13	0
0	0
1	0
2	0
1	0
8	0
7	0
5	49
5	7
4	0
0	0
4	0
10	0
1	0
2	2
3	6
0	0
12	0
0	0
0	0
0	45
0	3
4	0
91	0
6	0
6	0
1	1
8	2
9	1
0	0
1	0
12	0
6	0
0	0
0	0
2	5
6	1
4	9
2	0
10	0
0	0
0	25
0	14
5	0
0	0
2	0
0	0
0	0
2	0
4	0
0	0
3	0
0	0
28	0
21	0
1	0
0	0
0	0
4	0
102	151
5	0
16	0
8	0
14	0
0	0
6	0
0	0
0	69
0	12
0	7
0	2
0	8
4	0
3	0
1	0
17	0
0	3
0	0
0	0
6	0
1	17
0	74
0	57
0	0
0	0
5	0
1	0
0	0
0	81
40	23
3	0
3	0
8	0
0	0
21	2
3	12
0	0
0	0
0	0
0	0
0	0
0	3
25	0
0	0
0	0
0	0
0	1
122	6
5	0
1	0
0	0
3	0
0	0
4	3
0	0
3	0
11	0
206	0
0	0
1	0
3	0
11	0
4	1
0	0
0	1
5	0
0	0
8	1
0	0
2	0
0	0
1	0
0	0
0	0
0	1
1	0
0	0
7	0
0	0
1	17
9	1
7	4
2	0
1	0
0	0
8	2
7	0
8	23
1	0
2	0
5	16
0	0
5	0
3	0
0	0
3	0
10	0
0	2
0	3
2	11
0	3
2	10
19	2
8	0
2	5
2	0
2	0
0	0
0	0
3	0
1	9
9	0
0	0
2	0
0	0
0	0
0	0
3	13
1	0
4	0
1	0
1	0
1	0
1	7
1	0
2	0
1	0
4	0
6	0
0	0
10	0
1	18
0	0
0	0
0	2
5	0
0	0
4	5
1	0
0	20
0	13
2	23
0	0
1	0
6	0
2	1
3	0
5	2
0	5
0	0
8	0
0	0
2	0
3	0
13	0
3	0
0	16
0	0
0	0
0	0
2	0
0	16
0	0
5	0
3	9
3	0
4	1
11	0
1	0
0	0
0	15
5	0
1	3
19	0
0	0
10	50
4	0
4	0
4	0
0	0
15	1
2	0
4	0
1	0
6	0
1	0
2	0
5	36
0	0
0	0
0	1
0	0
0	0
1	0
17	0
2	0
1	0
5	0
3	0
3	0
7	0
37	3
0	0
20	0
0	0
13	0
2	0
3	0
68	1
5	0
3	0
3	4
1	0
2	18
5	0
0	0
0	0
1	236
3	0
2	0
2	0
2	0
0	0
0	0
0	69
1	0
0	0
1	13
3	0
10	0
3	0
0	13
3	0
3	8
0	2
0	0
1	10
9	1
0	5
2	25
11	0
2	0
6	0
5	5
3	0
6	1
0	0
2	1
0	8
5	1
0	22
5	0
5	0
2	8
2	0
0	0
0	0
1	0
0	0
0	30
1	0
0	0
0	0
1	12
4	0
42	0
1	0
0	15
0	0
0	0
2	0
2	0
0	0
0	22
6	3
0	6
8	0
4	0
0	13
0	14
0	0
1	0
0	13
4	0
0	0
1	10
1	0
0	0
10	0
0	25
0	0
17	0
0	0
30	0
9	0
0	7
2	6
2	0
3	0
6	0
3	0
6	0
0	9
11	1
1	0
0	0
6	0
0	0
0	74
0	0
0	0
1	3
0	17
2	0
1	0
2	3
2	29
4	0
19	0
0	0
2	3
0	11
3	22
0	0
0	6
8	7
1	68
0	0
0	0
1	0
8	0
9	0
9	3
6	0
11	0
0	0
5	0
1	0
0	0
5	0
4	7
1	0
1	0
9	0
4	0
17	4
4	0
0	0
0	0
3	0
2	0
1	0
6	0
15	0
8	3
3	0
4	0
5	0
7	0
6	0
0	0
8	1
3	0
3	0
11	13
3	0
0	7
0	0
1	0
0	0
8	0
18	0
2	0
8	0
2	7
0	0
15	45
7	0
3	0
3	0
1	0
2	0
17	48
0	0
0	0
14	12
12	1
0	6
0	20
0	0
0	87
0	0
1	0
1	0
0	0
2	0
6	0
0	0
4	0
0	0
0	0
1	0
1	0
0	10
3	0
0	0
2	0
6	19
4	0
2	23
0	0
3	0
2	0
0	0
1	0
4	0
6	0
8	0
24	0
6	1
6	33
3	0
26	0
1	7
0	0
4	8
0	0
0	0
7	8
0	0
2	0
0	0
0	0
22	0
2	0
1	20
0	0
2	0
0	0
5	0
357	0
0	21
6	0
0	0
0	0
2	0
0	0
4	0
18	0
1	19
7	10
7	3
0	2
1	0
2	7
1	0
5	0
16	0
10	8
1	0
0	1
0	2
0	0
1	0
0	0
4	0
0	23
0	0
0	0
0	0
2	3
0	90
2	0
6	12
3	1
0	12
0	0
4	0
0	4
19	0
1	0
2	0
0	0
79	68
19	42
0	9
4	24
0	138
5	0
125	25
3	0
4	0
0	0
0	2
0	0
0	101
8	0
1	5
3	10
2	2
4	0
0	0
2	2
13	2
1	0
1	5
2	0
1	0
6	4
0	8
0	0
4	0
0	0
0	0
13	0
1	0
2	4
1	0
0	10
3	0
0	20
0	0
2	12
10	0
0	0
9	0
12	0
0	0
0	0
2	0
2	0
0	0
0	0
0	0
3	10
17	0
4	0
0	0
8	0
9	9
5	0
1	0
0	1
3	0
0	1
0	2
4	1
0	77
19	0
0	0
18	0
2	3
11	0
0	0
8	9
2	0
2	0
15	5
2	0
0	0
1	2
1	0
0	2
4	0
9	0
5	6
0	1
2	8
9	2
18	4
4	0
0	0
2	0
8	0
0	0
11	0
3	0
10	0
13	73
3	0
2	7
1	0
5	6
13	9
0	0
7	0
5	30
3	0
1	2
6	0
7	18
3	4
2	0
1	0
4	18
1	0
3	1
0	0
28	0
7	0
6	0
2	66
0	0
14	0
1	0
0	8
1	0
3	0
0	0
7	0
0	0
5	0
0	3
0	0
1	0
1	0
0	0
3	12
7	5
0	1
0	4
2	0
1	0
0	0
11	0
0	3
3	0
0	0
3	0
1	1
4	0
8	0
6	0
0	0
13	0
3	0
0	0
2	0
9	0
12	0
4	0
2	0
6	0
2	0
8	0
6	0
0	145
1	0
0	0
2	0
6	8
4	0
2	6
1	0
0	0
1	0
0	8
14	0
0	0
0	0
0	0
2	1
10	0
11	0
0	0
0	2
0	0
6	30
5	0
0	0
2	5
2	0
1	0
6	0
5	0
6	0
1	0
5	3
0	0
6	0
0	0
1	0
7	0
0	0
7	0
3	2
2	0
0	1
0	0
0	0
3	0
0	2
0	0
0	1
4	0
10	0
1	0
7	12
0	0
0	0
0	0
4	4
4	3
9	0
0	0
4	5
0	5
0	7
0	0
12	13
12	0
22	0
5	0
1	1
29	0
3	0
0	15
1	0
2	3
11	0
1	0
2	0
8	5
5	2
5	4
8	0
2	38
5	0
0	0
0	0
4	0
11	0
12	0
4	0
0	0
4	6
0	15
0	13
11	1
0	0
1	0
1	4
19	2
4	0
2	0
10	14
3	0
6	0
1	0
6	0
1	0
5	11
13	8
3	0
0	1
10	0
3	10
5	0
4	0
4	0
0	0
2	0
1	0
2	0
1	0
7	9
2	0
0	50
0	28
1	0
8	0
4	35
39	0
3	18
4	0
4	0
0	0
0	7
0	21
5	0
0	8
6	12
1	0
0	4
2	0
2	0
1	7
4	4
0	0
0	0
0	0
4	0
2	3
1	0
3	21
0	3
2	55
0	0
3	0
0	0
4	0
4	4
0	20
0	7
0	3
3	0
2	7
4	0
0	0
0	0
0	0
10	0
2	0
1	0
0	2
0	18
5	2
0	10
0	0
0	2
1	0
0	0
5	0
4	94
1	0
0	0
0	0
1	0
3	2
0	0
5	0
2	0
1	0
1	0
0	0
23	16
14	0
0	42
5	2
4	0
2	0
0	9
0	0
3	0
4	0
1	14
4	2
0	0
2	0
14	0
1	0
0	0
0	0
0	15
5	0
0	0
0	0
0	0
5	0
11	0
50	0
2	0
0	15
3	67
8	3
9	7
0	0
3	1
0	0
0	0
8	0
3	0
1	133
5	0
0	16
2	12
6	0
0	0
1	0
5	6
0	0
16	12
9	0
0	0
0	16
5	0
0	4
2	0
0	1
0	3
2	0
0	14
0	13
5	0
1	17
1	0
1	0
0	3
0	3
11	10
0	0
9	0
0	7
23	4
0	0
0	0
0	6
2	0
0	0
0	0
26	0
169	0
2	9
0	0
23	0
2	0
12	5
1	0
0	1
3	1
4	0
8	0
0	0
0	0
0	0
1	0
0	1
0	2
3	0
0	3
5	0
1	0
3	0
8	0
0	0
3	0
5	28
12	0
3	21
0	0
0	21
3	0
0	0
4	0
1	5
1	0
2	0
3	0
0	34
6	0
0	0
1	0
17	9
0	0
2	0
0	15
2	0
0	0
4	0
0	5
1	0
1	0
0	17
2	3
0	1
0	0
5	0
8	0
2	41
0	0
1	0
0	0
0	0
2	3
5	0
2	0
2	0
1	0
12	0
1	0
2	0
0	2
10	0
14	0
5	0
30	0
1	0
0	0
10	0
9	2
0	0
1	2
0	16
0	10
7	0
3	0
2	0
3	0
0	0
2	0
7	0
1	1
0	0
3	0
0	5
3	0
0	0
0	0
3	0
1	0
0	0
5	0
3	0
0	0
2	0
2	0
14	0
0	0
2	0
9	0
3	0
0	0
12	0
0	0
8	22
0	12
33	0
20	3
9	0
0	0
1	16
0	2
10	18
2	10
0	0
0	0
3	0
0	0
0	3
0	0
0	0
1	0
3	0
0	0
0	0
5	0
0	0
5	0
0	0
0	0
0	37
0	0
0	0
6	2
0	0
0	0
0	22
0	1
0	1
1	0
2	6
0	4
4	1
0	2
4	50
20	5
5	0
0	0
0	0
0	0
0	0
0	0
2	0
2	4
0	0
7	0
9	0
4	6
3	0
2	0
10	0
2	0
0	0
0	0
0	7
0	3
0	24
3	0
0	18
2	0
1	9
1	1
0	6
0	0
6	0
0	0
28	0
24	0
0	0
1	1
1	0
6	0
5	0
5	0
3	0
2	0
0	0
5	0
2	0
0	0
0	3
1	0
0	1
3	6
11	0
0	0
0	0
137	0
7	1
1	0
7	0
3	8
0	2
2	0
3	0
6	0
0	3
0	0
2	0
0	0
0	0
0	0
0	0
3	0
0	0
0	0
0	0
7	25
1	1
0	0
0	3
1	10
3	11
4	0
0	0
0	0
4	0
0	0
0	0
0	0
19	2
2	0
12	12
5	0
0	0
22	3
343	429
0	0
7	0
5	0
10	6
8	0
4	0
5	0
0	0
9	0
2	0
3	0
0	0
2	0
2	0
0	0
4	0
2	0
0	0
21	0
4	0
2	1
0	0
29	1
5	0
1	2
1	11
0	0
5	0
9	0
12	0
1	19
5	0
4	1
5	0
4	0
23	0
0	1
3	0
1	0
2	0
5	9
2	0
4	7
3	0
2	1
4	6
0	0
3	0
0	0
3	0
1	0
1	4
4	0
11	0
11	17
0	19
17	0
1	0
3	0
4	0
15	0
1	0
0	0
2	2
0	9
2	0
5	4
3	0
2	5
1	16
2	0
2	0
0	0
0	0
1	0
4	0
2	0
12	0
0	13
5	4
1	0
8	0
4	0
3	66
0	0
5	0
15	5
2	0
21	0
1	0
5	53
1	0
6	5
0	10
10	0
0	0
2	8
5	1
30	0
0	0
1	0
9	0
0	4
1	0
13	0
12	9
3	0
6	4
1	1
4	5
0	5
2	0
13	0
2	0
7	6
2	0
0	0
6	0
0	3
6	0
0	0
5	0
4	0
1	0
17	0
3	0
5	0
0	0
3	5
4	0
4	0
0	0
5	0
7	0
0	0
1	0
0	0
1	0
0	70
7	0
4	0
3	4
17	13
0	0
14	0
0	0
0	0
0	2
17	2
0	0
4	0
18	2
0	8
0	0
1	0
0	0
0	15
0	0
154	179
2	0
0	7
0	65
2	4
7	0
2	0
1	0
0	0
2	0
0	50
0	0
0	0
2	0
2	0
0	13
4	0
12	10
1	0
3	0
5	0
0	0
0	0
1	2
4	0
0	0
8	0
6	0
10	0
8	1
6	0
0	0
7	23
7	0
7	0
0	0
0	0
1	0
3	8
24	0
0	8
0	0
7	2
1	1
0	0
15	9
1	0
6	4
1	4
0	1
5	0
10	0
2	0
0	0
2	0
2	17
4	0
1	1
28	0
101	58
5	0
0	0
3	7
2	5
3	0
2	1
2	0
4	0
0	0
0	0
0	0
8	0
5	0
0	0
0	0
0	0
0	0
8	0
63	60
3	0
4	13
0	0
0	0
1	1
100	146
0	1
2	4
4	0
9	15
0	0
11	0
1	0
0	0
3	1
0	0
0	0
0	0
21	2
0	0
0	0
1	0
14	0
3	16
6	0
1	0
3	0
1	0
0	11
0	0
1	0
4	0
3	10
4	7
0	6
0	0
4	0
2	0
0	0
1	0
8	0
0	0
8	0
22	29
3	0
0	0
4	0
0	0
0	0
4	0
8	23
3	0
24	12
7	0
3	0
4	2
1	0
0	0
0	2
11	29
0	1
1	0
5	27
6	16
3	0
1	0
2	7
18	0
29	0
48	0
17	1
1	0
2	2
0	0
1	0
21	0
9	0
0	39
1	2
3	0
8	27
3	0
0	0
10	0
2	0
0	0
0	0
0	0
2	0
28	0
0	0
2	0
3	0
0	5
4	0
3	22
19	8
6	0
9	0
3	0
2	0
0	5
2	0
1	0
4	0
0	0
0	0
1	0
0	0
1	0
0	87
6	0
4	0
0	0
17	0
3	9
9	1
7	0
1	0
4	37
0	5
32	0
9	0
1	0
4	0
14	4
0	0
6	0
0	0
1	0
8	4
2	0
130	0
0	0
9	0
1	2
0	0
16	47
27	0
0	5
28	0
0	0
35	1
6	4
0	0
6	8
8	1
1	0
0	0
3	6
0	25
5	0
1	0
7	18
0	28
2	0
2	0
0	16
0	0
0	0
6	0
4	0
0	0
0	0
2	1
0	0
1	0
2	0
0	0
8	6
20	15
1	7
2	1
4	10
0	0
7	1
6	19
1	0
10	2
1	0
8	0
0	0
3	0
2	0
3	0
1	0
0	16
0	0
3	0
2	0
4	32
0	0
142	121
9	0
0	0
3	0
0	0
0	20
5	0
1	0
3	0
4	0
27	1
18	28
3	2
1	0
0	6
0	0
6	0
20	0
2	0
12	0
0	0
46	20
0	0
4	0
7	18
3	0
18	2
1	6
0	0
2	0
6	3
0	42
0	3
1	0
0	0
2	254
4	0
0	1
4	9
0	8
26	1
0	0
22	0
1	0
2	0
2	0
5	15
0	0
4	0
12	66
8	30
9	16
0	0
0	0
0	0
4	0
1	0
8	0
10	4
0	0
3	8
0	0
2	0
20	2
0	0
3	0
0	0
7	0
3	0
0	0
6	0
0	19
0	0
2	0
3	0
12	4
25	0
0	0
11	1
0	0
3	0
2	0
1	5
6	0
7	0
0	0
29	0
20	34
2	7
2	0
8	0
0	3
13	7
3	3
1	0
0	0
0	1
17	26
0	0
0	34
4	6
0	0
9	0
8	0
0	0
18	7
0	0
1	1
0	0
7	0
11	0
0	1
2	0
6	0
1	9
0	0
24	7
0	0
8	0
0	3
3	0
0	0
0	4
3	0
10	0
0	0
0	0
0	0
0	0
0	1
16	3
1	26
7	0
0	0
12	0
3	94
2	0
0	0
6	26
3	0
6	0
2	34
7	0
0	0
28	0
1	0
0	1
0	1
5	0
0	38
0	14
4	17
0	0
1	24
7	2
0	0
43	165
20	0
0	24
1	0
0	0
1	3
9	0
6	0
6	4
0	0
17	0
1	0
120	114
3	0
0	0
0	8
0	0
33	0
16	64
0	0
1	0
0	0
0	0
7	0
1	0
0	0
8	1
5	0
2	0
12	2
0	0
0	0
3	0
5	0
1	0
3	0
1	0
1	0
9	0
0	0
9	7
0	0
8	0
0	0
2	2
6	0
12	0
0	0
0	0
0	36
17	18
0	13
0	5
4	75
1	2
3	0
4	325
0	25
11	0
0	0
0	1
0	0
0	11
2	0
0	8
0	0
1	0
8	0
0	0
1	0
0	0
1	0
0	0
1	0
4	0
2	3
0	5
4	0
5	0
0	0
5	0
2	0
0	0
8	0
3	0
1	0
2	0
4	1
0	0
0	0
2	4
3	0
0	2
0	0
6	0
1	0
4	0
261	0
0	2
0	4
0	0
0	1
0	0
0	6
2	0
1	7
0	0
1	25
2	0
1	0
1	7
0	0
2	1
1	0
4	0
0	5
2	4
4	0
2	1
2	0
4	0
5	14
0	0
0	0
0	0
10	0
2	0
4	0
0	0
0	0
1	0
0	0
0	0
7	36
0	0
23	25
0	0
4	0
0	0
0	0
5	0
10	0
7	3
2	0
5	0
1	1
0	0
2	3
4	0
0	19
4	8
14	0
0	0
7	52
1	0
0	0
0	0
8	0
0	0
0	0
7	0
1	0
1	0
0	0
1	0
4	0
9	0
9	0
4	0
2	0
6	0
0	1
2	0
0	0
0	0
8	0
5	0
0	22
2	0
0	0
0	5
0	0
0	7
0	0
6	7
0	4
1	0
0	0
13	0
0	0
8	0
11	0
0	0
0	5
12	0
0	10
2	12
0	0
0	7
0	0
1	0
4	0
1	0
2	0
2	0
15	9
0	0
9	3
0	16
0	10
5	3
5	0
0	37
2	1
32	5
0	0
10	1
4	0
3	0
0	0
3	0
3	3
1	0
4	0
1	0
2	4
0	1
0	0
2	1
0	2
9	0
0	0
2	0
3	64
3	0
1	0
2	28
6	0
0	0
12	0
1	3
1	0
9	1
2	0
9	4
0	0
10	0
0	0
4	0
2	0
0	4
1	0
2	0
3	0
8	21
2	1
0	0
0	0
7	0
6	16
4	1
1	0
1	0
1	0
5	0
16	0
0	5
37	0
1	0
3	0
0	0
2	2
0	0
10	0
3	0
0	25
0	1
2	0
15	10
4	0
0	0
5	6
2	6
5	4
5	0
0	0
0	0
3	0
0	0
9	0
0	0
1	0
0	3
0	1
0	0
1	0
0	5
8	4
0	0
3	0
0	8
0	18
1	0
9	0
1	0
2	9
0	8
0	0
1	0
1	0
20	19
1	5
0	0
2	0
0	2
0	33
20	18
0	0
4	0
0	0
0	0
11	1
0	0
13	0
4	9
3	0
9	0
0	0
0	134
8	0
0	0
0	0
3	1
0	0
6	0
8	17
3	0
1	16
2	0
0	0
9	17
0	0
0	20
1	2
2	8
0	0
1	0
21	28
1	0
0	3
24	0
0	6
6	0
13	0
1	3
1	21
1	0
0	0
1	0
0	0
4	2
0	0
1	0
0	0
17	0
16	10
21	8
2	0
0	0
4	0
69	0
5	0
4	0
0	0
0	0
2	0
0	0
0	0
0	0
20	0
0	0
2	0
2	0
0	0
4	0
8	2
10	0
0	0
0	0
5	0
0	42
0	8
0	7
1	2
0	42
6	0
0	3
12	25
17	45
1	9
5	0
3	4
1	0
5	0
3	1
0	0
0	0
5	0
0	0
23	0
0	0
0	0
2	0
7	0
2	0
6	0
0	37
0	0
2	0
5	6
2	0
8	0
0	0
1	2
0	5
0	0
7	0
3	0
6	0
1	0
1	0
5	1
0	35
8	2
0	29
1	0
1	0
34	2
0	0
1	11
17	5
14	0
5	5
0	0
0	1
14	0
2	0
5	0
0	0
1	0
0	14
0	4
10	0
0	42
0	0
0	0
1	264
3	63
1	0
1	0
18	0
1	22
1	0
107	32
0	0
2	0
4	0
0	2
11	0
2	4
3	0
6	0
0	0
2	2
0	0
7	0
8	0
6	0
171	0
79	10
0	0
7	0
2	0
12	12
4	0
4	0
4	0
0	7
1	0
0	0
0	0
0	0
2	0
0	0
11	0
12	4
0	0
14	17
0	14
1	0
0	0
0	0
1	0
2	131
1	0
1	0
1	5
0	0
5	0
2	20
0	0
7	0
2	3
8	0
0	2
2	0
0	0
4	16
6	0
2	0
0	0
3	0
2	0
1	0
1	1
0	0
2	0
0	0
21	0
3	0
0	0
0	1
7	0
1	20
2	0
0	0
188	1
1	0
3	0
0	0
3	11
2	3
2	0
2	1
6	0
3	0
4	1
0	1
0	3
11	0
3	4
1	0
0	25
6	6
1	0
0	0
0	0
3	0
9	1
0	7
0	0
12	7
0	12
6	8
3	0
23	2
10	0
0	1
2	1
3	0
1	0
7	4
4	6
5	0
0	0
1	0
0	0
1	0
0	0
7	0
6	5
0	0
0	0
6	0
0	0
4	1
3	6
3	0
5	6
5	0
17	4
8	8
0	0
0	0
2	0
0	2
1	0
6	0
15	0
3	1
2	0
0	2
2	3
3	37
15	0
0	19
1	0
0	0
0	15
0	12
1	5
11	0
0	1
0	1
0	0
1	0
15	3
2	0
5	0
30	0
9	0
99	0
0	3
7	6
0	6
6	13
0	0
0	0
5	6
18	0
3	29
0	0
0	0
61	28
0	9
1	3
5	12
3	0
0	0
16	0
0	0
6	5
0	0
0	0
0	5
0	0
0	0
0	0
0	1
6	0
2	4
11	0
7	0
0	1
3	10
8	5
1	0
6	13
0	50
0	0
7	1
11	22
4	3
10	14
0	5
1	8
5	0
0	0
3	0
1	0
0	0
0	12
3	0
0	7
11	0
15	0
0	0
0	0
5	0
1	0
7	0
16	0
0	10
2	7
20	25
71	321
0	30
0	2
9	45
0	7
1	5
1	1
0	0
1	0
9	0
1	61
0	0
27	0
0	6
0	0
2	0
3	0
4	13
3	3
1	3
2	0
1	3
0	0
0	7
9	0
0	0
0	6
0	5
3	0
3	15
1	0
5	3
10	0
4	4
12	15
0	22
11	19
1	0
1	0
2	0
0	5
10	24
0	15
0	0
6	1
30	0
1	8
0	0
1	0
3	2
7	0
16	0
53	0
0	15
1	15
0	1
7	0
3	0
3	12
1	0
0	0
1	0
3	0
0	0
5	1
3	0
2	0
2	1
0	0
19	7
9	0
4	77
1	0
45	37
1	0
2	0
2	0
0	6
0	2
3	0
0	0
62	22
8	5
0	0
0	0
0	0
7	0
0	0
1	1
0	0
0	8
5	0
0	41
6	1
0	0
5	16
12	4
0	0
1	0
7	0
0	0
1	0
0	0
0	0
0	3
2	1
1	0
6	5
4	0
2	0
6	7
1	0
19	0
2	0
14	2
0	20
1	15
12	2
7	15
0	0
3	0
0	5
2	8
0	0
1	2
6	0
1	0
1	0
4	11
1	0
6	0
6	0
5	8
13	0
20	0
3	6
1	0
7	0
0	3
6	2
0	0
3	6
1	0
36	0
0	2
17	4
0	0
16	11
0	25
0	0
0	0
0	0
2	0
2	0
0	0
10	11
5	0
1	0
2	0
0	0
6	4
0	0
2	0
5	3
3	0
0	0
0	0
0	0
0	0
16	47
1	0
1	0
0	0
0	0
1	0
1	5
4	0
3	0
0	0
29	0
1	4
4	0
7	0
3	0
0	3
5	0
6	0
8	0
5	1
3	5
1	0
2	0
0	1
0	10
17	0
1	2
0	0
2	4
7	0
2	0
0	0
0	17
0	0
2	2
3	0
2	8
15	31
9	15
9	0
8	0
1	0
0	0
1	0
0	0
1	0
4	0
0	0
0	0
4	0
8	0
14	0
2	1
0	0
9	5
3	1
1	5
2	0
7	0
1	0
1	0
0	0
1	0
0	4
3	1
13	0
5	0
13	0
0	17
1	1
0	0
14	0
5	0
1	0
20	0
2	0
161	131
4	0
48	0
9	0
0	0
17	1
2	8
0	0
10	0
7	0
6	0
0	1
21	0
6	0
1	0
0	0
4	1
4	6
6	0
2	0
5	12
2	0
7	0
5	0
15	4
12	3
2	1
4	0
3	0
0	0
3	0
4	8
3	2
12	0
0	0
2	0
2	0
0	0
3	88
3	63
0	6
1	0
6	13
13	0
14	0
0	0
2	0
6	0
18	0
5	2
0	0
30	7
14	15
3	0
0	0
6	0
0	0
8	0
5	0
0	0
17	67
0	9
9	0
2	0
1	0
0	4
1	0
0	0
8	0
0	3
7	0
15	0
0	0
3	0
4	0
0	1
0	0
0	0
25	0
2	3
0	0
0	3
0	0
38	3
8	0
8	0
4	0
12	0
2	0
7	0
5	0
2	0
1	0
0	0
2	3
6	0
2	0
0	227
2	24
1	6
0	0
7	0
0	0
7	0
4	8
2	42
0	136
6	0
7	7
0	23
6	0
6	0
0	0
22	0
0	0
5	0
0	0
202	0
4	0
5	0
0	0
1	0
3	0
0	0
0	0
8	0
4	0
0	0
0	0
0	0
4	0
0	0
0	0
7	4
5	0
3	0
4	4
4	0
0	0
0	0
21	0
1	0
6	0
27	0
2	0
7	9
0	0
2	0
1	0
34	0
0	1
0	0
0	9
6	0
2	0
0	0
0	6
4	0
0	0
1	0
0	0
0	0
2	0
14	0
2	0
1	0
1	0
2	15
0	8
0	0
0	0
15	1
0	0
0	0
0	23
0	0
1	0
0	0
5	0
0	0
0	0
0	33
7	0
0	0
13	0
0	0
15	0
6	0
2	0
6	0
6	0
0	0
3	0
3	0
0	8
3	0
8	3
0	0
1	0
0	0
0	0
0	0
2	0
10	1
3	0
3	3
0	0
6	0
0	27
2	1
1	0
3	8
0	5
9	0
0	18
1	0
11	0
8	0
0	0
6	0
0	0
0	4
1	0
75	1
5	16
0	3
0	0
0	0
0	0
0	0
1	0
4	14
5	0
7	0
2	0
0	0
0	0
1	73
3	0
2	0
0	0
0	0
4	0
232	0
11	31
0	0
1	0
6	1
0	0
2	0
2	0
0	0
1	0
0	0
3	0
0	8
2	0
3	0
6	2
0	0
0	0
3	0
0	0
7	0
14	0
6	13
0	0
3	0
9	0
4	0
2	10
3	0
0	0
1	0
0	0
25	0
6	0
6	1
2	0
0	0
3	0
1	0
18	6
7	0
0	0
0	39
6	0
0	0
3	1
8	53
8	0
0	0
0	2
1	1
6	0
2	4
0	0
0	0
9	0
3	0
5	0
0	30
3	7
0	0
23	0
2	2
2	0
0	8
8	0
5	0
0	0
6	0
6	0
0	0
7	0
0	0
5	1
2	0
0	0
0	20
0	0
0	7
5	0
2	0
4	8
0	0
2	0
1	2
0	1
5	0
9	0
2	0
0	0
0	0
0	0
0	0
1	0
0	0
1	0
1	0
6	0
0	0
2	0
1	13
0	0
0	0
10	0
2	0
0	0
2	0
1	0
14	0
5	2
0	0
8	0
0	0
11	2
1	5
11	0
4	1
0	0
0	0
0	0
4	6
16	0
1	0
1	0
0	0
0	1
3	0
6	0
0	5
1	0
5	0
3	0
4	0
3	0
3	1
5	0
14	43
9	0
22	0
24	15
1	0
1	0
20	1
2	0
7	10
4	8
0	0
3	1
0	0
6	1
18	0
7	0
27	0
7	0
2	1
0	0
0	0
2	3
0	11
9	93
1	0
7	1
0	0
16	0
8	0
0	13
6	6
8	0
10	0
5	39
6	51
1	0
2	39
1	1
1	0
0	0
0	0
4	0
1	0
0	0
0	0
0	13
4	0
11	0
0	0
2	0
1	0
0	0
0	0
1	0
10	0
1	0
398	0
10	0
0	0
12	0
2	4
0	0
1	4
0	0
2	0
1	4
0	2
6	8
1	0
1	1
3	1
0	1
3	1
7	7
3	0
5	0
2	0
1	14
12	2
8	111
3	5
8	0
2	0
2	5
0	0
2	0
1	0
0	1
5	0
0	4
8	0
0	8
0	0
0	0
1	23
2	5
0	0
5	7
0	0
9	0
4	0
5	0
1	5
1	0
0	22
0	0
9	3
0	0
0	0
0	0
1	10
4	3
1	3
0	4
3	9
0	0
1	0
0	5
0	0
5	1
1	0
0	0
35	4
5	0
0	0
1	0
0	0
0	0
7	0
1	3
0	2
2	0
8	13
2	0
0	8
0	0
1	0
2	0
2	32
9	13
8	0
3	0
0	0
0	0
0	0
0	0
2	0
12	1
2	1
0	0
0	0
20	0
7	0
2	0
4	0
1	0
0	0
0	24
0	0
0	0
17	0
0	0
0	0
0	0
1	0
0	5
0	9
0	1
3	29
0	3
4	16
0	1
1	18
0	0
1	9
0	6
0	25
5	0
0	0
0	12
13	10
1	5
2	1
1	5
0	0
0	0
3	0
16	0
19	0
0	1
2	4
53	11
3	35
0	9
3	0
0	0
0	0
0	3
17	0
0	9
1	1
0	0
16	0
3	0
3	0
2	0
0	0
0	0
1	0
0	0
0	8
4	0
0	2
1	13
3	0
0	0
17	0
2	0
0	1
34	0
30	0
2	0
1	0
0	0
1	0
2	0
0	0
1	0
4	0
1	0
0	0
0	0
16	12
3	31
2	0
2	0
0	16
0	1
1	5
0	0
10	10
0	1
0	0
18	0
3	0
4	0
15	50
1	15
7	1
0	0
4	2
0	0
3	0
1	0
3	15
1	0
0	0
10	0
4	7
0	0
10	0
9	0
10	5
0	0
1	16
1	0
0	0
0	8
0	11
0	0
1	3
0	0
0	0
3	0
13	18
3	0
5	0
1	2
0	3
0	6
0	1
10	0
3	0
32	0
0	0
0	0
5	0
4	17
0	1
1	0
0	0
3	1
0	7
8	0
0	0
1	0
3	0
1	0
0	0
1	7
0	12
0	12
4	0
1	0
10	0
0	2
2	0
4	0
1	0
0	0
0	2
12	0
13	0
21	0
0	0
3	18
3	0
3	0
0	1
1	2
4	0
13	7
6	0
0	0
2	0
2	0
6	0
0	0
3	0
2	1
0	10
4	0
0	0
2	0
5	0
3	0
171	0
743	0
2	0
1	0
3	0
0	0
3	0
1	0
1	0
10	1
2	2
0	0
2	0
3	5
11	0
0	0
0	0
0	0
5	0
1	0
1	0
2	0
10	0
5	3
1	0
4	35
1	0
0	0
3	0
0	0
0	0
0	0
0	0
0	9
0	0
0	0
0	0
0	9
0	0
1	0
0	9
0	8
9	0
2	3
0	0
3	0
2	5
0	0
0	15
1	0
0	0
3	3
0	0
6	0
3	0
7	0
2	10
37	0
1	24
14	0
0	2
1	0
1	0
0	0
1	0
10	0
1	6
0	4
8	7
2	0
6	11
5	0
3	23
3	0
0	2
0	0
3	0
3	0
0	0
1	0
0	0
2	0
2	0
17	0
0	0
0	58
2	0
0	0
2	0
3	4
4	1
5	1
10	0
3	0
2	0
0	0
0	0
0	27
8	0
5	0
0	0
2	4
0	0
0	2
0	0
26	0
2	0
0	0
4	0
3	0
5	66
2	0
6	20
0	0
4	0
4	0
1	0
0	0
1	2
1	0
3	0
0	7
3	0
2	0
7	0
5	0
0	0
2	0
12	5
0	0
0	0
3	0
4	0
0	1
0	0
0	0
30	22
9	0
0	2
3	0
52	90
0	0
0	2
3	0
1	0
3	0
0	7
3	0
0	0
3	0
12	0
0	0
4	0
1	4
5	0
8	1
12	1
8	0
3	0
10	0
0	0
0	0
0	14
0	0
6	0
0	0
0	0
0	0
6	0
2	0
0	0
0	0
2	19
5	3
0	2
23	1
1	0
0	31
24	0
1	0
0	5
0	0
0	5
2	0
0	41
0	0
2	0
0	0
5	0
1	0
0	0
5	0
8	0
0	0
0	0
1	1
0	15
2	0
0	5
0	4
1	0
0	0
0	0
1	23
2	0
0	0
1	0
0	0
38	0
0	0
0	0
13	9
0	0
0	0
2	0
0	0
0	0
2	0
0	0
13	0
6	0
1	0
0	0
1	0
10	1
1	1
1	0
2	0
0	9
9	0
1	21
16	0
48	19
2	0
2	0
6	0
3	0
4	1
3	27
1	0
1	0
18	0
0	6
0	0
6	1
5	0
6	8
2	0
27	0
6	0
1	0
2	0
10	0
3	0
6	0
8	0
6	53
0	0
0	0
4	0
0	5
67	10
0	0
0	0
1	0
5	0
8	0
0	0
8	0
6	0
0	3
0	0
0	0
0	0
0	0
8	1
0	9
2	0
0	0
0	0
0	0
0	0
0	0
0	0
1	0
0	15
2	0
0	0
1	0
8	0
0	0
4	0
0	0
0	0
0	2
0	0
5	5
5	0
14	0
0	0
12	0
0	0
6	0
1	0
1	3
9	0
0	0
0	2
6	0
0	2
0	0
2	0
3	1
5	0
1	52
0	4
6	5
7	1
0	0
2	0
0	0
4	2
2	1
0	0
0	13
3	3
1	1
0	20
0	7
0	3
0	1
1	0
26	1
11	0
0	8
0	3
0	0
7	0
1	0
0	0
0	0
3	0
0	0
0	0
0	0
0	0
0	0
7	0
3	0
9	0
5	0
3	51
11	11
1	0
0	1
1	0
4	0
3	0
6	0
43	0
0	1
1	1
2	0
10	0
8	0
1	7
12	15
1	0
0	0
0	0
0	13
0	0
4	0
2	0
0	0
5	40
1	0
60	0
20	3
1	0
3	0
11	0
1	3
2	0
1	0
0	0
0	0
0	1
0	0
0	0
2	0
1	0
12	2
1	0
3	0
0	0
8	4
1	0
6	0
2	0
0	0
2	0
0	1
3	1
2	0
0	0
2	0
13	4
1	5
1	0
3	3
6	0
0	0
0	0
4	3
1	0
13	20
1	1
0	0
0	0
5	0
4	0
1	0
2	0
0	0
0	0
4	0
2	0
0	0
9	0
0	0
4	0
0	0
0	3
0	0
1	0
2	13
0	0
0	0
13	3
0	0
5	0
2	0
1	0
0	0
0	0
8	0
0	16
0	0
0	0
1	0
10	0
1	0
0	0
1	37
0	0
2	0
1	0
1	0
1	0
2	0
3	0
2	0
6	0
0	0
0	0
1	0
1	0
12	33
1	37
3	0
4	0
0	0
0	0
9	0
13	0
12	0
6	0
1	0
9	0
2	1
0	0
0	4
8	11
1	1
0	0
2	0
4	0
3	0
2	0
0	3
5	16
6	0
2	0
2	0
0	0
2	0
0	1
3	0
6	0
5	4
5	0
4	0
1	0
0	0
0	0
0	0
4	0
0	0
0	2
0	0
6	8
0	0
0	0
2	0
0	0
0	3
0	3
1	43
0	5
2	0
3	0
7	0
0	0
7	0
8	1
2	0
0	4
5	0
3	0
3	2
5	1
7	0
4	0
2	0
0	0
0	4
3	0
1	2
0	0
1	0
1	0
10	0
3	0
33	20
2	0
0	0
0	0
4	0
8	1
0	0
8	3
1	0
1	0
7	0
1	38
0	1
3	3
0	6
0	5
0	0
2	0
2	0
6	1
0	0
4	0
6	5
72	30
1	0
1	18
2	20
0	11
0	1
2	0
4	0
0	0
14	0
7	0
3	0
0	0
1	0
1	0
2	1
0	2
3	0
3	0
1	0
3	0
1	0
1	21
3	21
0	0
213	4
17	0
1	4
2	3
6	0
9	0
4	0
0	0
1	0
5	19
0	32
0	0
0	0
10	0
5	0
18	0
8	53
9	30
0	0
0	0
0	123
0	0
0	0
1	0
0	0
0	22
1	0
1	0
3	0
0	3
9	13
0	10
0	86
5	4
0	11
2	0
4	3
5	0
2	0
0	0
0	0
0	2
0	0
0	14
0	0
11	15
3	0
0	0
32	7
0	9
0	0
1	8
0	0
0	0
1	6
3	0
0	0
7	7
0	13
4	0
0	9
9	0
1	0
0	3
1	0
7	2
0	0
1	0
0	0
0	6
0	0
3	30
0	2
0	9
1	0
33	13
85	163
2	6
0	4
4	3
0	0
0	0
0	0
1	0
7	14
8	3
4	0
0	0
0	0
8	0
0	0
7	0
0	0
2	0
3	0
0	3
0	0
11	26
2	0
11	1
0	0
23	19
0	7
0	0
5	3
0	0
6	6
0	0
7	12
2	0
33	0
0	0
4	0
3	0
28	0
11	0
0	0
3	2
9	0
0	6
25	13
1	0
6	0
0	0
10	0
4	0
1	0
2	21
21	6
0	0
0	0
2	0
10	54
0	0
20	0
2	0
7	0
6	0
5	4
0	0
2	0
13	0
0	20
31	0
3	2
3	0
3	0
0	0
0	0
6	35
2	11
1	0
2	5
6	1
0	0
1	0
0	0
0	10
0	0
1	0
1	0
4	0
5	0
0	0
1	1
2	6
15	0
0	0
2	0
8	0
287	82
14	1
8	0
104	20
17	0
1	6
7	0
1	0
38	0
3	0
0	0
1	0
0	0
0	0
0	23
9	0
1	0
4	0
1	0
2	0
10	0
3	0
2	2
1	3
2	0
5	0
8	0
4	0
0	0
0	0
2	2
15	66
4	0
0	0
0	2
0	16
5	0
0	0
0	0
0	0
11	11
5	6
0	11
0	0
6	0
2	84
1	1
5	1
1	0
0	0
1	11
0	3
0	9
0	0
0	3
0	3
377	6
6	1
0	0
8	0
2	0
0	0
39	0
0	246
1	0
14	0
0	0
1	0
6	0
4	0
0	0
0	0
3	0
1	2
0	7
11	2
1	0
5	0
4	0
8	0
0	0
4	0
13	0
0	0
1	0
2	0
2	0
3	0
0	3
2	0
0	0
0	2
7	0
0	0
3	0
0	0
1	0
2	0
2	1
0	3
9	0
7	0
3	0
6	0
1	11
2	0
7	0
9	0
1	107
3	3
0	0
0	0
0	0
0	1
5	1
2	0
0	0
2	8
1	0
3	15
1	0
2	36
0	7
0	0
0	1
2	8
0	2
4	0
7	0
30	0
0	0
0	0
0	2
0	0
3	4
31	2
0	0
3	0
3	0
0	0
2	0
2	0
23	0
20	16
1	33
3	0
2	2
52	0
2	0
0	2
2	3
4	0
2	0
11	1
8	0
29	29
1	2
2	29
171	245
1	0
84	0
1	0
0	0
1	0
2	0
0	0
0	0
0	0
4	2
4	1
3	0
4	57
2	0
2	27
1	13
2	9
2	0
4	6
1	0
1	0
0	2
12	2
0	0
2	4
21	12
9	0
0	0
10	5
2	0
0	0
2	0
11	0
8	9
23	0
0	0
12	0
8	0
0	1
1	0
0	0
5	0
6	0
14	0
5	0
0	0
14	0
0	0
0	0
0	0
4	0
1	0
206	0
0	0
8	0
0	0
5	0
1	15
0	0
5	0
7	0
22	0
2	2
0	0
0	0
0	0
5	0
7	3
1	0
3	0
0	0
9	0
4	0
1	0
6	0
1	0
24	14
0	0
0	0
1	0
0	0
1	73
1	0
10	0
0	0
0	0
0	0
1	0
0	0
1	4
4	0
4	0
2	8
7	1
5	1
0	0
1	0
5	0
1	0
0	0
8	0
2	0
0	3
0	0
16	0
7	0
4	0
0	0
1	22
19	46
6	7
5	2
2	3
5	0
0	7
0	7
9	8
9	2
0	0
1	0
0	0
0	0
1	0
0	2
0	0
3	0
1	0
6	0
7	0
1	0
0	3
0	0
7	10
1	0
0	18
2	0
0	0
3	0
1	0
0	34
20	0
0	0
0	0
0	2
1	0
4	0
0	0
5	0
9	57
0	22
0	11
0	27
4	0
2	0
111	143
5	26
0	3
0	20
4	0
12	0
2	9
5	39
6	0
4	0
12	0
0	15
43	457
0	0
0	0
41	53
0	0
0	2
0	0
30	7
2	9
0	0
1	0
18	0
0	8
8	6
5	49
16	8
16	0
2	0
0	0
0	0
7	0
2	0
2	3
0	0
1	11
4	23
1	0
3	0
0	44
0	0
8	0
0	6
4	2
4	0
0	12
5	0
0	12
1	0
3	0
2	68
4	4
0	1
0	20
4	0
7	0
5	0
0	0
0	0
3	1
0	5
0	15
0	0
34	0
0	0
8	0
5	12
0	0
1	0
6	0
4	0
1	0
0	0
4	0
8	0
0	0
0	0
7	0
5	0
35	1637
3	2
0	0
4	0
0	0
3	0
28	13
3	0
2	0
6	0
0	3
2	2
9	0
4	0
1	0
4	2
0	0
8	14
4	0
15	0
0	0
3	2
1	127
5	0
148	0
0	0
2	37
0	2
3	9
0	51
0	0
2	1
2	0
0	0
5	70
67	26
3	19
31	0
23	0
3	9
1	0
0	0
0	0
0	0
0	16
6	10
1	0
0	4
1	0
2	13
1	0
4	1
10	47
33	0
0	32
1	42
0	1
2	0
0	5
2	0
7	14
6	0
0	0
4	0
2	0
0	27
1	1
0	0
4	0
1	0
5	0
1	1
1	0
11	3
4	16
18	2
297	1010
8	0
2	10
0	51
1	0
4	6
5	0
0	0
0	13
0	43
0	0
1	0
3	0
11	0
1	0
0	1
0	4
10	24
264	8
0	0
6	0
0	0
16	0
31	3
4	0
1	0
1	0
1	0
0	0
0	0
0	3
2	0
2	50
0	0
0	0
2	0
2	4
0	0
8	0
9	0
0	4
0	0
0	0
0	0
4	0
0	0
2	0
3	2
0	0
11	1
2	0
0	0
0	2
2	0
0	0
4	0
3	0
3	0
3	0
6	11
7	0
6	1
2	3
17	0
1	0
11	5
13	0
8	0
0	4
1	0
5	0
0	0
3	6
20	0
5	0
5	13
19	0
7	3
1	0
3	0
1	0
3	0
3	5
0	0
15	14
4	1
3	0
3	0
6	0
3	0
1	40
0	0
8	0
1	0
3	0
114	0
0	0
3	0
3	0
5	0
2	0
72	0
4	0
2	0
0	0
0	0
13	0
13	0
8	0
2	0
2	0
1	0
1	0
0	63
3	4
0	7
1	8
2	0
3	0
3	0
0	0
1	0
10	0
6	0
1	0
0	0
2	39
4	0
0	2
1	0
0	0
1	3
8	34
1	0
1	0
1	0
0	0
1	0
1	5
7	0
2	0
11	0
0	0
0	0
1	1
0	4
1	0
2	76
0	0
3	0
0	0
0	0
0	0
2	0
5	0
3	0
10	4
0	0
0	4
2	2
2	0
10	10
6	12
0	2
2	6
0	0
0	0
3	1
6	10
0	1
6	0
0	0
2	6
37	0
0	7
3	8
6	8
0	0
4	4
5	0
2	11
1	0
10	7
18	0
2	0
0	0
8	0
3	0
11	0
3	0
2	0
4	10
0	0
0	0
1	0
2	0
8	0
0	0
1	8
7	6
0	14
4	0
4	0
0	0
18	1
2	0
0	0
4	1
2	1
4	0
1	0
0	0
3	0
1	0
6	0
0	0
4	0
1	0
1	1
3	0
4	4
9	0
1	0
10	0
10	3
3	0
0	0
6	0
2	0
15	0
65	20
3	0
1	0
0	37
11	0
0	0
8	0
48	18
3	0
3	0
0	0
0	6
0	0
12	0
2	6
5	7
5	0
4	0
4	0
3	0
4	0
6	10
12	0
8	4
0	0
3	0
1	0
3	4
3	11
0	12
144	221
3	8
12	0
1	2
4	7
1	0
4	0
6	7
0	3
2	0
0	0
0	0
35	0
0	18
0	10
4	2
4	0
0	0
0	0
4	0
3	0
7	0
7	0
0	0
2	0
2	0
0	0
1	0
3	0
12	6
5	0
2	0
0	5
1	1
3	0
6	0
1	0
0	7
0	0
0	16
3	0
0	6
0	0
1	2
4	7
0	15
0	76
0	0
21	0
0	0
0	1
2	0
1	0
1	0
1	0
4	23
4	0
1	16
0	0
6	0
0	0
3	0
1	15
11	0
6	1
7	0
0	0
0	4
2	1
0	0
0	0
2	0
0	0
0	42
9	0
3	1
0	0
2	0
15	5
0	1
7	0
0	0
3	0
9	0
3	4
13	0
3	0
0	2
0	0
0	0
42	0
3	0
0	0
6	19
0	44
4	0
3	0
16	0
0	0
0	0
0	0
0	29
32	0
1	0
1	2
7	0
0	0
2	1
7	0
4	0
28	6
0	0
0	0
14	0
6	0
60	7
20	1
0	0
1	0
6	0
0	33
4	0
0	30
1	5
0	0
0	1
0	0
0	1
9	0
0	0
0	16
13	0
2	0
0	0
1	0
8	0
1	0
2	0
10	0
2	0
5	20
4	0
0	0
6	0
0	22
0	0
0	0
5	0
0	0
3	0
0	0
2	28
0	0
0	131
1	0
0	0
0	0
5	0
0	0
1	4
10	4
0	0
1	0
0	0
1	0
3	2
3	0
0	22
0	21
0	28
0	0
5	0
1	0
5	0
5	0
1	0
0	3
0	0
5	0
3	0
9	0
3	2
0	3
0	0
2	0
11	1
6	0
1	0
4	3
1	47
3	0
0	9
0	0
3	0
4	0
0	3
0	0
5	24
0	14
3	42
0	0
0	11
2	10
0	2
3	0
0	0
5	0
0	0
0	2
0	0
13	11
9	7
0	0
0	4
3	1
0	4
6	0
0	16
1	0
0	4
1	0
2	0
0	0
2	9
2	0
1	7
0	5
0	0
0	1
0	0
0	0
9	0
7	0
3	0
6	0
41	0
0	0
1	0
4	0
0	0
14	0
5	8
2	0
2	41
1	0
2	0
5	0
4	0
7	0
4	4
33	0
6	0
8	0
0	9
0	0
59	14
0	0
0	1
9	14
0	5
13	0
5	0
3	3
2	0
2	5
1	0
4	0
13	0
0	0
0	17
1	0
0	0
1	0
0	0
6	0
4	0
8	15
1	5
0	0
23	0
0	4
3	0
5	0
0	3
0	0
2	0
0	0
0	6
1	0
0	0
10	0
8	3
1	0
1	0
15	19
1	1
0	2
1	0
5	2
3	0
12	0
0	1
5	0
1	0
2	0
0	0
10	5
1	0
8	0
0	0
2	0
6	0
0	9
3	56
9	0
1	0
39	0
0	0
13	17
19	5
0	0
0	10
8	3
1	1
11	0
0	0
3	0
2	0
2	0
27	8
1	0
2	16
60	0
9	0
1	1
0	0
0	0
2	0
10	3
0	0
0	0
3	4
2	7
1	0
0	0
1	3
5	4
0	4
4	0
0	0
1	7
5	0
26	0
1	0
0	2
6	0
2	14
2	0
0	0
0	0
1	0
9	0
5	0
5	0
0	0
5	3
171	0
0	2
4	0
40	2
6	83
1	0
12	0
2	0
33	67
5	1
2	0
3	2
0	0
8	8
8	0
6	3
35	0
8	0
1	0
1	28
0	0
1	0
13	51
1	0
4	0
0	0
6	0
1	6
0	0
0	0
0	0
0	0
20	0
2	0
0	1
13	0
0	0
233	0
2	4
0	0
0	3
3	0
2	0
1	12
3	3
0	8
1	8
0	0
4	8
0	0
8	45
0	6
5	0
7	0
24	0
1	0
0	0
0	0
4	22
0	0
1	0
3	0
3	0
3	0
0	0
7	0
5	5
0	0
1	0
7	0
0	1
2	0
0	0
9	0
3	0
1	2
0	0
0	1
0	0
11	0
9	0
0	0
1	0
2	7
15	0
308	24
1	0
3	5
3	0
0	0
3	0
10	0
4	2
0	0
8	0
0	0
4	1
0	0
8	31
4	9
0	0
0	0
0	0
0	0
1	0
2	0
43	16
13	0
4	0
6	0
0	35
0	0
0	5
1	0
0	0
5	0
0	0
0	0
0	0
4	0
1	0
1	0
3	1
0	0
1	2
2	0
1	0
0	0
0	0
1	3
1	11
8	0
9	0
2	0
3	0
4	0
1	92
1	2
2	0
0	0
8	0
0	0
0	0
3	0
1	0
0	2
2	0
6	0
2	2
7	0
615	0
4	4
19	5979
1	0
4	0
0	0
3	0
4	2
9	0
1	8
8	0
10	0
0	0
0	2
5	0
1	0
5	0
0	0
8	3
6	0
6	0
0	0
0	0
2	0
0	0
3	10
4	0
1	0
7	1
0	0
0	0
7	3
0	0
0	0
7	0
0	2
0	0
1	0
0	0
2	0
5	0
1	0
0	1
0	0
3	0
0	0
161	0
0	0
1	134
2	0
1	0
2	2
4	0
3	0
0	24
0	0
0	2
0	0
6	0
9	20
6	0
1	0
0	0
92	42
0	0
7	0
5	0
0	0
5	1
9	4
9	0
2	0
6	0
1	0
1	0
0	0
0	14
78	83
0	15
6	0
0	0
5	0
0	20
0	0
15	0
11	0
0	0
13	0
120	0
3	0
3	0
2	0
0	0
1	0
22	3
13	13
1	0
0	0
4	0
0	0
0	33
7	0
2	0
13	457
0	27
0	0
2	0
4	11
130	0
7	2
12	0
1	16
10	0
13	0
72	63
0	0
1	0
6	0
2	0
0	3
5	2
2	0
21	0
0	0
1	0
12	19
0	0
3	1
0	0
22	0
0	1
1	0
3	0
7	0
1	0
26	0
7	0
0	0
0	0
0	14
3	0
1	3
16	0
4	0
0	0
2	0
2	2
7	0
15	0
7	0
0	0
0	3
0	0
1	0
0	0
0	0
3	0
6	0
1	0
5	0
11	0
5	0
0	0
0	0
0	0
0	5
6	19
4	0
0	0
0	0
0	0
0	0
0	0
14	0
0	1
0	0
0	0
0	0
1	0
21	0
0	0
2	0
0	0
0	0
2	0
0	0
5	0
0	0
19	6
0	5
2	21
9	0
12	0
1	143
0	0
8	0
1	0
0	0
12	27
4	6
0	0
14	0
6	3
0	3
19	0
0	0
2	0
0	0
0	0
1	0
3	0
1	0
1	0
1	0
1	0
2	0
3	0
4	0
1	0
6	1
0	0
0	0
9	0
0	0
9	0
3	2
1	1
12	0
4	0
8	0
0	0
0	0
4	4
29	3
0	8
1	0
2	0
0	0
3	15
2	2
1	3
0	0
6	0
0	0
1	0
4	0
0	0
2	16
0	0
3	0
0	0
1	6
11	0
1	0
0	7
0	0
0	1
0	0
0	0
3	0
8	1
0	5
4	0
3	3
2	0
19	0
1	0
0	1
3	0
12	0
10	0
1	0
0	13
1	0
0	0
3	2
0	80
3	0
2	3
0	1
1	0
12	2
1	1
2	0
1	0
3	0
2	0
0	0
0	2
0	0
0	0
3	4
4	0
5	0
10	0
0	5
4	0
3	13
3	0
1	1
2	0
0	0
1	0
0	0
4	6
3	0
1	8
1	10
1	9
1	0
0	0
0	0
0	2
8	0
0	2
2	0
0	0
2	0
4	5
5	0
0	0
0	1
5	3
6	0
4	0
3	4
0	0
5	3
0	14
14	0
8	0
33	0
0	0
0	0
0	0
0	0
0	0
1	0
0	0
1	0
0	0
5	2
10	0
25	65
4	0
1	0
3	0
2	0
3	0
12	0
1	0
4	7
0	11
6	4
27	6
1	0
11	3
0	0
0	0
0	0
0	4
0	2
42	8
1	0
0	0
5	4
2	0
0	0
4	3
28	3212
13	0
1	2
1	8
6	0
4	0
0	0
8	0
6	0
3	13
0	0
2	8
11	15
0	0
2	50
0	0
0	7
8	0
0	0
5	0
1	0
4	0
20	1
1	84
0	0
3	8
72	0
4	0
0	0
0	20
0	0
1	4
2	0
4	0
17	0
1	0
2	3
3	33
0	0
12	0
0	0
20	16
0	2
0	13
2	6
1	0
6	9
36	25
1	0
0	15
4	0
0	9
6	32
0	5
2	3
3	0
4	0
0	0
0	2
30	16
0	0
10	6
0	5
5	0
4	0
3	4
0	0
0	2
1	0
0	0
7	44
0	0
0	44
0	0
7	5
5	0
0	0
96	104
0	0
0	0
64	88
62	25
0	0
8	0
1	0
15	47
12	0
11	0
0	0
3	0
0	0
0	0
3	0
2	7
0	0
4	3
0	0
2	0
1	0
2	5
1	0
18	0
0	0
16	0
3	0
1	0
34	1
0	0
3	0
32	10
14	1
0	8
2	0
1	0
9	0
5	0
3	3
2	0
0	0
0	1
2	8
4	3
2	3
15	2
109	0
11	0
0	1
4	0
1	0
4	0
0	0
0	1
0	0
9	0
23	18
10	2
0	7
4	1
0	0
0	0
4	0
13	0
4	0
13	7
4	2
0	4
1	0
1	5
5	0
0	0
0	32
0	0
0	0
2	5
10	0
1	4
0	1
2	2
4	0
1	0
1	0
0	0
6	0
5	0
0	0
0	0
3	4
6	1
8	0
1	0
6	0
6	27
1	0
3	0
3	0
8	0
0	0
22	114
0	0
4	2
0	0
0	15
5	5712
2	0
1	0
0	8
0	4
7	77
0	0
8	2
0	0
0	2
5	0
24	3
1	31
0	0
0	0
5	0
14	185
2	0
7	9
4	0
9	6
5	0
0	5
0	4
0	1
0	0
1	1
1	7
8	7
0	0
4	0
4	0
0	1
2	0
1	0
0	24
0	0
1	6
0	1
3	0
11	5
5	0
13	0
1	0
5	0
3	4
5	0
16	0
0	13
3	0
0	0
0	0
0	0
3	0
0	6
0	9
4	0
10	0
24	6
0	148
0	0
1	0
3	0
0	2
0	0
7	0
0	0
17	31
5	0
3	0
7	10
8	0
10	0
0	0
1	2
4	0
2	4
0	0
0	0
0	0
10	0
12	0
1	0
5	0
3	1
2	3
0	0
15	27
7	0
4	12
4	0
0	0
2	0
14	0
7	1
0	0
38	7
8	0
0	0
27	0
100	0
0	0
2	0
5	24
35	0
1	0
0	0
10	6
10	0
0	0
0	3
0	0
12	0
16	0
3	0
149	0
1	0
0	0
5	38
0	0
0	7
0	0
10	2
7	9
0	3
11	0
3	0
0	0
0	4
0	0
0	0
0	0
0	0
1	1
0	0
10	31
0	4
0	0
0	0
1	0
1	0
12	0
1	0
10	31
0	3
1	0
2	1
0	2
0	0
10	0
0	0
5	4
0	0
306	14
2	0
6	0
8	0
4	0
5	1
5	0
8	0
6	0
1	0
2	8
2	0
4	0
14	12
1	0
0	2
6	0
0	0
16	0
0	4
9	0
2	1
0	0
1	0
1	0
23	0
5	0
0	0
0	0
4	0
0	0
1	44
0	0
0	0
1	0
7	5
5	2
5	0
1	0
0	0
9	0
0	0
4	55
0	0
1	2
2	0
2	0
0	0
0	2
0	0
0	0
10	0
10	0
6	0
4	0
0	6
6	0
26	0
5	0
3	0
10	0
1	0
5	1
1	1
0	0
2	3
0	1
1	23
0	1
0	2
1	0
2	3
0	0
0	0
0	23
6	1
5	10
3	4
0	16
20	8
8	1
0	0
5	12
7	12
2	2
6	0
261	0
45	129
1	0
8	18
3	0
0	16
0	0
18	0
5	0
0	33
5	0
3	0
0	6
0	0
13	0
0	2
0	0
6	0
2	0
1	0
6	0
0	11
0	5
0	0
1	0
10	31
0	0
0	0
0	0
2	0
4	0
20	0
22	0
3	0
0	0
9	1
0	0
1	0
2	1
1	0
7	2
8	0
9	0
24	0
0	0
0	3
3	0
2	5
2	0
3	0
0	2
11	0
0	2
3	0
11	0
0	0
1	0
2	0
1	0
1	0
2	0
19	0
0	0
3	0
1	0
1	0
5	7
1	0
6	0
0	0
0	0
3	0
11	0
4	0
1	5
2	0
7	0
1	0
0	0
0	0
1	0
1	0
0	0
0	0
8	7
4	0
11	61
1	0
3	2
3	6
14	0
0	0
5	0
0	0
3	0
0	1
0	13
0	0
0	0
5	5
1	3
0	1
6	0
0	0
0	1
0	1
0	0
0	0
1	0
44	0
0	2
3	3
7	6
0	0
1	3
6	11
3	0
8	0
0	3
0	0
1	0
3	0
3	2
0	0
7	0
10	0
0	0
0	0
11	0
3	0
0	9
0	8
8	1
0	0
3	0
1	0
0	0
0	0
0	0
0	0
1	0
18	6
4	0
0	1
10	2
12	0
0	0
2	0
6	0
2	0
0	0
1	0
0	0
0	0
4	0
5	0
0	0
6	0
9	1
0	3
2	0
0	0
0	0
8	0
8	0
7	0
1	1
1	0
2	0
1	0
6	0
0	0
3	0
9	0
0	0
0	6
0	5
5	1
0	1
0	0
1	0
1	1
0	1
2	0
0	0
2	0
4	0
0	0
12	0
1	2
8	0
0	0
2	0
0	0
6	0
5	9
2	0
0	2
0	0
8	14
2	0
11	0
0	0
0	0
0	0
0	0
1	13
1	4
0	0
14	0
1	0
2	0
2	0
10	4
0	5
2	0
6	7
3	12
81	0
16	4
5	10
1	31
9	0
16	1
0	15
0	3
19	0
1	8
0	0
19	1
1	0
8	0
0	0
1	1
0	0
1	0
0	0
3	0
6	0
0	1
0	0
3	0
12	10
423	0
7	4
4	0
8	2
78	0
2	0
8	0
12	11
4	0
1	3
10	1
1	0
0	0
4	0
7	22
1	0
0	0
2	1
13	0
3	0
48	11
1	0
3	5
8	4
4	2
3	3
5	19
1	0
8	0
0	0
7	11
0	0
74	11
0	33
51	23
3	0
30	0
0	4
1	0
13	0
3	0
20	1
0	0
0	0
0	0
8	0
12	0
4	0
1	10
1	0
2	0
0	0
0	0
1	12
2	0
3	0
118	22
9	0
0	0
2	0
6	0
0	0
2	0
0	0
6	0
0	40
0	7
8	0
0	0
0	0
8	20
3	0
0	1
4	8
4	0
5	0
6	0
4	0
13	0
2	0
0	7
8	0
0	0
2	0
0	68
0	0
5	4
1	0
0	0
9	0
1	0
0	0
0	3
9	5
0	3
0	0
0	2
0	0
0	5
0	4
0	1
0	2
0	0
1	0
0	0
1	0
3	0
0	0
11	0
1	0
0	0
0	0
8	0
32	0
0	0
1	0
0	0
0	0
20	0
5	0
42	0
1	0
4	0
0	0
19	0
2	0
0	0
17	0
44	0
0	0
0	0
1	0
0	0
4	0
24	0
4	0
0	0
3	0
0	0
3	0
0	0
6	0
0	0
0	0
7	0
12	0
0	0
5	0
0	0
43	5
0	0
1	7
0	7
9	0
8	1
3	1
0	0
2	0
0	2
5	2
1	0
0	12
0	12
2	0
245	0
2	3
1	3
671	178
0	13
21	12
0	1
6	0
20	12
0	12
3	0
0	0
9	55
0	28
2	94
0	62
13	0
4	0
0	0
0	1
1	1
9	0
0	0
0	1
0	1
0	1
1	1
0	1
0	1
0	1
0	1
0	1
1	0
0	0
288	65
626	65
6	0
0	0
0	18
6	2
2	94
2	4
0	4
2	18
0	1
1	3
0	0
2	0
17	0
0	0
450	80
0	80
7	0
61	308
0	268
4	272
0	4
2253	31
0	15
0	12
9	0
1	0
548	5
0	5
0	0
4	0
1	3
4	3
4	6
0	5
18	71
0	19
14	22
65	3238
3	3256
10	56
0	3
5	0
0	0
0	0
2	1
3	1
1	2
2	2
0	0
12	20
5	0
0	2
0	10
0	9
12	10
26	24
0	5
30	24
1	5
179	36
0	30
2	2
0	2
5	0
0	0
0	0
91	11
0	7
0	7
0	5
0	5
9	0
1	1
0	1
0	87
0	101
0	30
0	53
0	0
0	0
0	0
0	0
0	155
0	11
7	0
5	2
14	0
8	0
0	0
0	2
3	2
0	0
1	11
0	0
0	0
0	0
7	2
0	2
268	85
0	13
0	85
0	0
0	0
4	0
9	2
12	0
0	0
0	0
4	0
442	37
0	37
6	6
0	4
4	0
10	2
0	1
0	6
5	6
0	1
3	4
2	4
10	6
0	1
4	0
0	5
29	5
19	0
0	3
2	3
4	4
0	4
3	77
0	0
0	3
0	3
2	3
0	3
0	12
0	9
0	12
1	0
23	2
1	16
0	16
10	0
34	0
0	0
0	6
0	5
0	6
4	23
11	58
0	34
2	0
3	11
0	4
14	8
9	14
0	6
0	25
9	2
0	2
4	79
3	79
0	22
4	44
0	29
1	0
0	0
0	1
0	1
0	1
0	37
0	25
0	34
2	36
0	21
13	7
0	7
0	10
0	10
0	1
0	0
12	3
0	3
0	7
140	86
1117	88
0	23
0	13
3	9
1	9
0	27
2	1
0	8
0	4
2089	11
1	3
0	2
27	7
0	0
2	2
0	2
2	0
172	7
0	4
3	0
0	7
0	5
0	6
7	5
0	7
5	2
0	8
3	0
0	0
0	0
4	2
0	2
6	2
0	2
9	0
2	11
0	11
1	0
0	0
0	0
5	2
0	2
2	18
3	5
5	1
0	2
0	2
0	47
1	0
26	2
0	4
0	4
3	0
6	3
23	55
19	62
3	49
0	48
0	0
0	10
3	0
6	0
2	3
0	0
2	0
0	1
57	0
1	48
0	7
4	8
2	0
0	0
0	142
0	95
0	3
0	17
3	17
2	0
0	0
0	0
1	7
0	5
8	3
3	0
5	58
0	7
30	15
0	15
9	24
0	24
0	1
0	0
1	0
0	0
7	9
0	5
0	0
0	0
3	0
1	36
0	6
0	2
15	2
2	12
22	13
21	5
6	1
3	10
0	10
2	0
3	14
0	14
6	0
0	19
0	19
15	14
0	7
38	23
0	18
8	1
0	1
0	0
0	25
0	3
9	0
4	15
0	14
0	3
0	2
25	0
1	2
0	2
10	0
10	7
0	7
0	13
0	13
4	1
5	1
0	18
0	18
1	0
22	59
0	56
0	56
50	13
2	15
6	0
0	0
7	10
0	10
20	7
0	1
5	1
0	1
0	23
0	19
0	0
0	0
1	0
5	42
0	42
14	8
0	8
49	76
0	25
9	0
21	0
0	0
0	0
2	8
2	5
0	5
2	1
0	0
0	0
0	0
7	0
4	9
0	8
0	0
7	0
9	11
0	3
0	4
0	4
0	4
9	4
277	36
0	5
0	0
0	0
2	45
0	25
5	0
8	1
70	7
4	0
7	7
4	109
0	43
0	15
0	194
10	9
4	0
4	2
0	1
0	9
0	0
3	3
0	3
0	3
0	3
72	0
8	0
2	6
0	2
7	4
0	4
20	80
0	1
103	107
64	66
0	66
0	0
24	37
0	5
0	10
0	21
19	1
0	1
0	4
0	1
0	0
0	4
703	126
5	18
17	18
8	0
34	0
0	6
0	6
145	8
2	0
54	11
0	1
4	2
0	2
0	0
5	0
0	0
0	0
0	0
0	6
0	0
0	0
1	0
0	53
0	10
0	4
2	1
0	1
17	15
0	5
0	6
0	4
34	12
0	2
102	440
26	440
21	21
0	4
29	4
0	8
4	0
0	9
1	33
0	32
12	1
9	1
2	20
0	20
0	1
2	1
0	0
1	0
0	4
0	4
0	4
8	4
3	53
0	35
8	8
0	11
11	2
0	4
51	1
0	0
0	0
6	0
0	0
0	3
33	3
0	0
0	0
225	2
0	2
0	1
0	1
7	0
27	0
0	0
25	39
1	39
0	12
2	0
11	0
4	19
36	13
0	13
1	3
4	3
0	8
1	8
0	0
3	0
0	0
4	1
0	0
1	0
0	0
6	0
1	29
89	29
0	5
0	4
0	8
63	382
6	13
8	14
4	3
0	0
2	1
0	1
1	0
2	141
5	201
111	18
0	1
2	0
3	0
3	0
0	0
6	8
2	0
4	107
0	100
3	9
0	9
28	5
5	0
22	0
7	0
4	0
2	0
3	0
6	0
2	0
2	2
7	0
2	0
2	0
3	0
0	0
4	0
1	0
3	1
4	0
1	0
0	0
2	0
2	0
8	0
0	0
0	0
0	0
1	2
0	0
0	0
0	0
0	0
0	0
0	0
0	0
5	0
0	0
0	0
2	0
1	0
0	0
1	0
0	0
0	0
2	0
2	1
2	0
0	0
1	0
0	0
2	0
0	0
0	0
0	0
3	2
0	0
0	0
4	0
1	15
0	0
0	0
10	1
1	0
2	0
4	0
10	0
12	3
0	1
0	0
7	0
2	0
4	0
0	0
0	0
0	1
0	1
0	0
0	0
0	0
0	0
212	0
2	0
0	0
0	0
1	0
0	0
0	0
3	4
1	0
0	0
0	0
1	0
0	0
0	0
1	0
7	0
0	0
0	0
0	0
0	0
0	0
4	0
0	0
0	0
0	0
6	0
0	0
1	0
10	0
0	0
5	0
1	1
0	0
0	0
4	2
4	1
6	0
4	0
0	0
0	1
2	0
0	0
11	0
0	0
3	0
1	0
5	0
0	0
3	0
4	0
1	0
0	1
3	0
60	0
6	0
8	0
0	0
3	0
4	0
7	0
22	0
0	0
3	0
1	0
0	0
4	0
0	0
0	0
0	0
0	0
0	0
0	0
0	0
10	0
6	0
16	1
3	1
0	0
0	0
0	0
0	0
3	0
3	3
3	0
1	0
1	1
2	0
0	3
5	0
0	0
0	0
0	0
7	0
5	0
0	0
6	0
15	0
0	0
5	11
1	0
1	2
0	0
1	0
1	0
2	0
0	0
6	0
0	0
0	0
12	0
4	0
0	0
25	0
0	0
0	0
10	9
3	33
1	0
0	0
3	26
0	7
0	11
0	11
0	7
0	11
0	6
0	5
0	16
0	36
0	7
0	6
6	19
0	38
0	16
0	5
12	45
8	9
2	29
9	40
0	7
5	31
0	292
0	0
4	17
2	15
27	29
25	14
5	2
0	0
0	0
0	0
0	0
3	0
0	0
0	0
0	0
0	0
1	0
0	75
0	15
0	125
0	84
0	0
0	68
0	5
0	60
0	3
0	97
0	72
13	0
1	0
3	1
0	27
8	0
0	148
0	5
7	3
0	0
0	72
2	0
0	49
20	38
2	0
4	0
0	2
1	2
0	2
0	2
1	41
5	2
0	0
0	0
0	0
0	137
1	23
5	0
2	0
0	0
0	14
0	49
0	105
0	144
0	3
2	102
0	9
4	0
2	10
1	0
0	0
3	1
0	46
0	12
0	83
0	79
8	74
0	110
0	0
7	0
2	10
0	0
0	0
3	0
0	143
0	0
4	10
0	7
0	50
0	0
9	2
6	58
0	0
0	155
3	50
0	109
2	0
0	85
2	0
5	52
0	0
0	0
3	0
0	0
0	6
0	47
0	1
0	66
0	16
4	0
0	102
0	0
1	0
0	0
0	32
0	64
3	21
1	0
4	1
0	24
5	5
0	0
7	0
0	59
0	14
0	87
1	3
0	0
0	145
0	4
0	1
1	3
2	33
0	0
4	4
0	4
0	0
0	0
6	1
0	131
0	1
3	0
5	13
0	0
3	50
0	0
4	28
0	8
4	4
0	0
1	28
0	162
6	28
0	1
0	0
2	5
0	0
0	0
2	0
1	4
0	1
0	1
0	73
0	155
0	0
0	0
0	112
0	60
0	0
7	3
0	94
19	0
3	1
1	3
1	49
0	108
0	65
11	597
0	0
0	86
2	2
0	61
0	76
0	77
4	53
0	78
16	0
9	3
0	8
0	108
0	5
0	5
4	0
1	0
0	0
0	0
0	0
0	6
0	4
0	29
1	6
0	0
0	29
5	13
0	1
0	0
0	0
0	0
0	0
0	0
3	0
0	0
0	0
0	0
0	139
1	143
0	115
0	0
0	0
0	70
0	0
1	0
1	2
15	0
0	0
0	0
9	0
0	138
0	70
0	40
1	22
0	2
4	19
0	0
1	0
0	1
0	84
0	84
0	0
0	0
0	2
0	0
0	84
0	75
2	16
5	10
1	2
3	0
0	3
1	10
6	24
0	0
3	14
0	0
21	0
3	4
7	1
1	5
4	14
0	65
0	0
0	0
1	0
0	9
0	12
0	7
2	12
0	125
1	33
1	6
9	0
1	63
1	32
0	51
9	30
3	100
0	60
0	4
0	163
0	69
1	25
0	10
1	119
0	37
0	30
0	0
0	73
0	48
1	35
0	60
5	9
3	0
10	9
0	0
2	0
0	0
0	0
1	87
0	145
0	20
5	36
0	55
2	4
6	12
0	16
0	28
0	0
0	97
0	148
5	31
5	0
0	28
0	29
0	42
1	26
6	2
0	27
2	30
0	1
0	3
6	8
0	108
0	30
11	7
0	0
2	4
2	7
0	0
0	0
3	0
2	52
4	0
0	14
29	25
8	0
0	1
0	0
6	2
0	7
0	0
5	1
2	0
1	0
1	0
2	5
1	0
0	52
0	12
0	8
0	1
3	74
2	0
0	104
5	0
5	4
9	0
0	60
17	44
1	0
0	11
0	132
2	48
0	0
0	0
0	0
0	66
1	19
1	44
0	55
9	5
3	6
6	1
9	0
0	8
6	12
2	14
0	23
0	115
1	11
1	84
0	65
0	111
10	0
0	79
13	1
0	107
0	103
0	94
0	62
0	0
4	2
0	33
0	76
1	25
1	3
0	163
0	60
0	1
0	51
0	0
12	0
3	43
9	1
6	0
0	133
0	0
4	52
0	0
3	14
13	1
3	0
0	2
7	2
11	6
0	0
0	2
36	40240
0	41
6	58
0	38
10	5450
9	20462
12	14
2	110
5	0
3	39
0	33
0	156
1	89
3	0
2	3
3	3
0	1
0	3
0	80
0	0
0	0
3	26
0	27
0	1
0	21
0	52
0	3
1	56
0	157
0	1
2	0
0	0
2	46
0	4
3	11
0	6
1	1
2	7
10	12
0	0
0	21
0	27
6	7
6	6
0	109
0	111
0	11
0	94
4	0
4	2
1	1
0	61
0	3
1	30
2	8
0	67
6	6
0	67
0	0
0	0
0	0
0	119
3	17
0	64
26	15
0	96
2	0
2	2
4	0
0	4
4	0
10	12
0	0
1	0
11	22
0	1
5	12
6	4
8	13
5	13
3	47
6	24
16	0
3	3
3	20
0	39
8	7
0	19
0	26
7	52
2	2
0	83
0	131
0	0
1	4
0	0
2	13
0	41
0	4
3	0
0	6
0	81
0	83
0	78
0	27
8	0
0	33
1	48
2	0
0	91
0	0
3	125
9	14
4	73
0	31
1	0
0	60
0	1
0	51
0	29
0	14
0	1
0	0
0	2
0	61
0	15
0	0
0	22
0	46
0	157
0	127
0	5
3	0
0	29
0	78
0	118
0	78
1	4
1	2
9	29
0	18
62	11
0	111
0	126
23	6
11	0
0	61
0	1086
5	5
6	4
5	1
0	0
0	0
4	2
6	9
0	66
0	83
7	0
0	31
0	0
0	0
1	0
1	18
1	17
9	13
2	31
31	1
65	27
1	18
0	58
15	8
1	4
1	2
0	4
0	20
2	17
4	28
5	0
1	103
0	51
2	0
0	10
4	0
5	0
0	72
0	0
0	0
1	10
0	141
0	0
0	3
3	0
1	4
0	2
2	2
0	0
0	0
0	7
0	0
0	118
4	0
1	6
5	0
0	4
0	63
0	0
0	0
0	2
0	1
0	2
0	2
0	7
0	2
0	1
0	2
0	2
0	2
0	1
0	2
1	0
0	105
0	75
3	0
3	2
2	7
0	2
0	0
1	0
0	37
0	11
0	1
2	64
6	0
0	7
4	0
5	26
0	63
0	0
0	128
6	0
1	1
6	11
0	55
1	5
2	138
0	0
0	7
0	0
0	6
5	59
0	12
2	2
1	12
0	68
0	0
0	0
10	0
3	2
0	8
8	3
0	84
0	5
3	34
2	0
18	0
0	0
1	36
0	12
0	0
0	12
0	5
0	39
0	71
0	67
0	5
5	113
0	104
0	110
0	66
0	14
8	1
0	8
0	9
0	0
0	0
3	12
0	5
0	149
0	1
3	0
2	0
1	0
0	0
0	37
1	9
0	0
0	1
0	2
0	67
3	0
0	0
8	31
0	133
0	96
0	0
0	0
0	0
0	0
0	0
0	50
1	0
0	0
0	92
7	0
3	0
7	20
22	8
12	6
20	8
3	10
0	4
0	63
2	0
7	10
0	12
1	0
3	0
0	0
0	0
0	2
3	0
0	2
3	0
0	1
0	1
0	75
0	0
0	0
0	0
0	0
0	0
0	0
0	43
0	62
0	6
0	7
2	6
0	24
3	18
0	18
0	141
0	1
0	41
0	4
0	0
2	8
0	3
0	0
2	0
5	0
12	0
0	11
3	0
0	11
0	19
0	0
8	4
8	1
0	0
4	5
0	54
0	44
0	43
0	32
0	1
0	2
3	0
4	0
0	22
1	3
2	0
0	2
2	0
0	2
3	0
0	8
1	71
0	48
0	64
1	44
0	35
1	0
20	4
0	0
0	43
0	27
0	102
0	43
0	18
1	96
1	95
0	80
0	41
0	59
0	128
1	0
0	6
0	39
0	9
0	149
0	99
0	2
0	9
0	5
0	3
0	3
0	4
0	1
3	5
1	1
0	1
2	3
4	5
0	4
4	0
0	2
2	0
1	3
0	59
2	0
0	0
2	4
1	0
6	89
1	82
0	101885
0	35161
0	33448
0	37
0	23
1	1
0	0
0	108724
7	0
1	0
0	65
5	1
0	0
0	82431
6	11
2	2
0	71
0	141
0	0
2	0
0	2
4	0
0	71
0	138
3	92
0	72
0	95230
2	0
0	0
2	64186
0	0
8	1
0	0
0	52
2	15
0	0
1	3
0	0
11	4
9	7
0	2
0	83
2	0
2	0
0	156
2	83
0	145
2	2
0	54
0	8
2	2
9	0
0	0
0	53
3	0
1	5
0	0
0	117
0	105
0	87
0	51
0	7
0	56
0	0
0	76
3	13
0	119
0	87
4	0
0	88
0	89
0	53
5	0
0	6
0	0
0	0
0	0
7	5
0	22
1	0
10	0
0	0
0	3
7	4
1	1
0	0
1	0
0	5
0	7
0	0
0	7
0	0
3	0
0	0
0	0
0	7
42	64
1	0
1	0
0	1
26	0
0	3
0	7
0	104
0	3
3	8
5	2
0	141
0	62
0	92
2	0
1	0
2	3
4	5
0	5
0	3
1	0
0	0
8	6
0	2
0	149
1	0
0	99
1	0
0	0
4	0
5	0
3	3
0	1
0	2
2	0
9	6
0	6
0	2
0	6
0	6
1	0
0	0
6	0
0	10
13	67
19	0
5	0
2	0
0	3
22	5
3	0
3	0
19	5
0	0
0	0
8	0
0	0
0	0
0	0
43	112
0	0
14	5
8	0
3	10
1	0
2	0
6	0
1	0
0	0
3	2
0	37
23	167
0	0
1	2
3	1
0	0
0	0
3	0
0	0
0	0
0	0
7	325
6	14
0	3
32	125
186	6
441	50
0	3
0	16
9	0
0	0
2	37
0	21
0	0
7	0
6	0
5	0
0	0
2	13
8	0
0	0
0	3
6	0
0	0
12	20
0	0
0	26
9	17
0	8
5	0
0	0
16	0
3	5
0	2
2	3
0	2
1	0
8	1
0	0
4	1
4	27
2	1
6	0
0	0
1	1
0	64
0	0
0	16
0	3
6	0
0	0
0	3
0	0
2	0
5	2
3	0
10	0
0	3
0	0
0	0
0	0
0	0
0	0
3	0
0	0
1	0
1	0
1	0
0	3
0	16
0	0
0	6
1	7
3	1
0	8
5	6
1	0
0	0
0	0
2	0
0	6
0	22
2	8
3	0
0	2
0	0
1	0
0	15
0	1
0	0
3	0
4	0
0	0
4	0
0	2
0	0
0	4
5	0
0	12
3	2
0	0
1	3
5	7
2	0
3	3
0	2
0	1
5	0
9	2
6	14
0	1
1	0
0	7
0	7
0	6
7	0
3	0
3	11
0	0
3	2
0	12
1	29
4	0
0	12
3	1
0	12
5	0
7	1
0	6
0	2
0	6
0	6
0	0
0	0
0	6
0	5
6	1
0	5
0	5
0	3
0	0
0	0
1	4
0	7
10	4
0	5
0	0
1	2
0	1
0	0
0	2
0	0
1	3
0	11
2	0
3	0
0	0
0	0
0	0
12	2
0	0
0	10
3	1
0	2
0	0
12	0
0	1
0	12
0	72
0	0
1	0
2	0
3	0
0	3
0	141
0	0
0	58
27	0
0	101
0	79
0	4
0	0
3	14
2	42
4	0
8	0
0	0
0	1
10	0
0	0
0	60
0	0
0	0
3	1
0	5
0	0
0	0
3	41
0	3
0	27
0	12
0	1
4	8
3	2
4	0
0	14
1	0
12	0
0	0
3	0
4	0
0	0
0	0
0	0
8	0
1	6
0	36
0	66
2	0
0	0
0	0
0	0
9	0
0	1
2	0
1	0
1	0
0	107
2	0
2	8
0	0
1	0
10	0
1	0
0	77
0	105
0	0
0	160
0	0
0	134
4	0
0	0
0	55
0	43
0	0
0	0
2	85
10	0
0	3
2	0
10	0
24	0
2	0
4	2
0	0
1	0
3	2
0	0
3	0
0	0
2	5
0	4
0	0
0	2
2	0
2	0
4	0
0	7
6	3
0	2
0	12
0	31
0	0
7	0
1	0
2	32
0	4
6	0
2	0
5	0
0	0
3	6
0	14
1	0
0	1
0	0
25	0
7	0
4	9
11	3
5	0
18	89
0	4
13	0
0	4
0	2
1	16
0	0
0	0
1	0
2	4
0	0
0	0
0	0
4	2
0	0
0	4
2	5
7	0
4	17
0	0
0	0
0	0
0	1
0	0
7	2
2	4
7	0
7	0
7	0
0	2
0	0
0	0
4	0
0	0
0	0
0	0
0	0
1	0
0	0
0	0
1	0
0	0
0	0
2	0
0	0
0	0
0	0
0	0
1	0
0	0
0	0
79	160
1	14
9	0
6	0
0	0
0	0
0	0
11	0
2	0
0	0
0	6
0	8
1	2
0	0
0	0
17	0
5	0
4	0
4	0
0	0
0	0
2	0
0	0
2	0
2	0
9	0
0	0
9	0
2	0
2	0
3	2
0	0
2	1
13	4
12	1
0	0
0	0
3	0
0	17
3	5
4	0
0	0
6	0
0	14
0	2
0	0
1	0
5	0
1	0
0	0
12	0
11	0
2	0
1	0
0	0
1	2
0	0
38	7
0	0
0	0
1	0
0	2
0	1
0	0
3	0
8	0
3	0
0	0
0	0
0	0
0	0
0	0
10	0
2	0
5	0
11	3
0	0
0	0
5	0
0	2
4	0
3	0
2	3
1	0
0	0
0	0
0	0
0	0
69	0
0	2
0	0
0	41
0	0
0	27
0	14
0	0
2	2
0	0
0	0
10	0
0	2
1	0
0	0
4	0
11	3
2	2
4	0
0	0
0	0
4	18
0	0
4	41
0	5
0	0
2	0
14	0
0	0
0	0
0	0
1	0
4	0
0	0
0	0
0	0
1	0
2	1
0	0
23	5
5	0
5	18
1	0
1	0
12	0
12	0
0	0
7	0
4	0
2	1
5	0
5	0
0	0
3	0
3	0
4	1
3	3
0	0
1	0
3	1
0	0
0	0
1	0
7	5
2	0
8	0
0	0
0	0
5	3
0	1
0	1
0	0
0	0
1	0
0	0
0	0
1	1
1	0
6	3
36	30
10	1
6	3
0	0
0	0
14	0
7	0
6	0
0	0
0	0
0	1
3	0
1	38
1	4
0	39
2	0
0	0
49	2
0	0
0	0
0	0
0	0
0	0
1	0
1	0
5	3
0	0
0	0
0	0
0	0
0	10
4	0
0	0
0	0
0	0
0	0
0	0
0	0
0	14
0	0
2	0
39	426
28	418
2	0
79	1
1	0
0	0
576	108
5	5
0	0
6	0
0	0
1	0
0	0
0	0
12	1
3	25
0	2
19	0
28	0
0	4
0	16
0	0
20	39
3	1
2	4
9	0
0	47
0	0
0	69
0	0
3	0
0	5
0	4
3	4
0	4
0	0
1	57
1	0
4	0
0	0
2	0
0	3
1	0
0	4
0	5
0	0
3	1
0	0
3	0
0	0
2	1
0	0
0	0
0	0
1	0
2	0
0	0
1	0
1	0
7	13
4	0
5	0
2	85
1	45
0	1
8	7
0	0
0	0
0	0
0	0
0	0
12	5
0	16
0	0
0	0
0	0
5	0
0	49
0	0
0	7
0	4
0	0
0	6
0	0
0	0
0	64
2	3
0	0
2	0
0	0
2	0
0	0
8	0
0	0
0	0
3	0
0	16
0	36
0	12
25	55
0	0
8	0
21	46
1	0
0	61
0	0
4	1
0	64
0	49
2	95
1	46
0	111
3	0
25	100
4	0
0	0
11	2
0	42
3	1
0	8
0	0
8	0
0	1
4	0
2	0
0	0
5	0
3	0
6	2
2	0
3	0
15	0
11	10
3	0
13	0
6	1
3	0
0	0
20	1
9	0
0	0
0	49
6	0
0	0
0	0
3	0
1	0
4	0
0	16
0	102
0	0
0	148
7	3
0	16
6	1
0	0
5	0
8	0
4	0
2	0
0	0
3	0
2	1
2	0
7	9
4	66
0	66
0	0
3	0
0	0
0	64
8	0
6	0
3	1
0	0
0	13
1	2
0	6
1	9
0	73
0	0
1	0
0	90
0	61
0	118
10	0
0	16
1	5
0	77
4	15
0	0
11	0
9	0
2	0
0	49
0	25
18	36
0	70
13	2
0	0
0	0
0	0
16	0
0	139
1	0
6	0
0	3
6	9
0	6
0	0
3	0
0	0
0	2
1	0
5	6
2	6
1	2
0	0
4	0
0	0
1	0
3	25
40	130
0	3
0	2
3	6
3	0
0	7
2	1
0	0
0	0
0	0
10	0
0	14
4	0
0	0
0	81
6	0
1	34
0	31
0	24
0	4
0	0
2	0
3	5
8	5
2	13
5	50
0	77
0	145
0	94
0	0
0	0
0	81
0	0
1	32
2	45
0	3
7	15
6	0
0	64
7	0
1	4
0	0
8	4
0	20
1	4
7	17
2	0
0	20
2	0
0	0
0	3
1	0
0	4
0	1
8	12
0	58
1	0
0	0
0	0
0	0
0	1
0	0
2	0
2	0
1	0
6	3
1	14
8	23
0	3
7	0
0	133
0	7
0	3
0	103
4	1
0	28
0	2
0	12
6	0
0	64
0	1
1	0
0	2
0	0
11	0
2	43
0	0
0	0
0	4
0	0
0	2
0	33
0	0
0	46
1	36
0	16
0	2
0	8
0	50
0	2
0	0
0	11
4	4
0	0
3	31
559	1269
24	0
13	0
1	115
0	0
0	73
0	0
0	1
3	0
0	14
0	90
0	0
811	1101
0	33
0	0
1	0
0	46
2	0
0	0
2	6
0	0
0	7
3	0
0	0
21	0
0	14
1	0
68	20
0	0
0	0
0	0
0	0
0	0
0	0
0	8
20	170
1	0
4	0
0	2
0	0
2	0
0	6
2	2
1	0
1	0
1	44
0	5
0	90
1	55
0	0
0	0
4	1
0	14
1	10
0	81
8	0
0	0
0	18
1	0
0	110
0	0
2	0
0	2
2	108
0	0
12	0
4	82
0	0
1	0
1	0
0	0
5	3
0	40
0	15
6	0
0	0
11	3
0	0
0	14
0	0
0	0
0	1
0	0
0	0
0	0
4	2
0	0
0	0
0	7
3	0
6	75
0	0
3	87
0	0
0	0
0	160
0	0
0	0
1	0
0	39
2	40
0	2
9	26
1	1
0	4
0	0
3	0
1	2
0	62
9	0
3	0
0	60
0	66
0	0
13	0
5	0
3	4
0	0
0	0
0	29
0	0
0	1
1	38
0	1
0	3
0	1
30	0
0	0
0	57
1	3
1	2
6	7
0	0
3	3
9	0
0	4
0	0
0	19
0	1
0	0
0	0
146	0
0	0
0	0
0	0
0	0
0	53
5	3
0	75
0	95
1	65
0	1
2	1
2	3
4	0
2	66
0	97
59	0
0	81
0	4
0	0
0	0
0	0
0	0
0	0
1	50
0	0
2	20
0	139
3	63
0	89
0	65
0	2
23	0
1	10
0	2
0	86
0	46
0	83
1	19
0	20
7	29
0	19
3	27
177	2810
0	0
568	109
1	14
2	3
0	0
6	2
0	0
0	0
0	79
1	7
4	20
1	0
2	2
0	0
5	34
1	2
0	11
1	0
0	148
0	40
0	0
0	0
1	0
3	1
0	26
0	53
0	2
0	2
0	1
0	3
0	64
0	0
0	0
1	68
0	2
0	41
0	4
0	6
0	30
2	34
0	75
0	31
0	29
0	5
0	11
1	0
0	3
0	104
0	1
3	58
5	0
0	73
0	77
0	0
0	0
3	2
0	0
0	0
0	0
11	0
0	0
0	1
0	0
1	4
2	0
17	0
0	63
0	0
0	0
0	0
0	0
0	0
0	0
0	0
0	6
4	15
0	14
18	8
0	0
2	7
2	0
2	0
0	0
2	0
1	0
0	0
1	0
2	50
8	7
4	0
1	1
0	3
0	50
3	0
0	1
8	0
0	0
0	6
1	56
6	0
1	6
0	0
0	99
0	7
0	157
0	3
5	72
0	33
0	0
0	0
3	0
11	0
9	0
0	66
0	0
