UniqueCount	AmbigCount
0	0
0	0
0	0
0	0
0	0
0	0
0	0
0	0
0	0
0	0
0	0
0	0
0	0
0	0
0	0
0	0
0	0
0	0
0	0
0	0
4	2
0	2
0	4
0	4
2	1
0	0
6	1
4	0
0	1
0	1
0	0
0	32
0	32
0	1
0	0
0	0
1	3
2	4
8	2
0	3
0	12
3	10
0	13
8	0
1	6
0	6
10	28
13	5
0	4
90	25
0	14
0	8
0	8
6	6
6	2
0	2
8	2
0	4
1	24
0	24
6	8
0	7
29	2
0	11
0	8
0	11
0	1
10	17
0	0
61	5
0	16
0	105
0	11
0	11
7	10
0	13
0	13
4	1
3	1
0	27
3	12
4	13
0	13
6	19
0	14
0	4
5	11
0	16
60	69
5	0
18	23
0	23
8	20
0	16
1	0
0	0
0	0
1	2
0	33
0	33
0	1
0	2
0	2
4	3
0	4
5	2
0	27
0	27
4	6
0	13
0	0
0	1
0	1
10	6
5	0
7	16
0	5
12	3
1	7
6	0
3	1
12	4
1	7
0	7
2	2
0	4
0	1
1	5
1	9
0	0
8	5
0	1
0	1
13	3
0	21
0	14
0	1
3	1
15	2
0	1
0	1
0	2
0	2
0	0
9	0
0	2
0	2
8	0
0	0
0	0
4	0
3	0
32	1
0	3
0	3
2	0
7	0
0	0
0	0
0	0
0	0
5	0
2	0
45	0
43	0
6	0
9	0
0	0
3	0
0	10
0	10
10	0
17	0
1	0
6	0
1	0
5	0
6	0
30	0
9	0
0	28
0	28
0	8
0	8
0	0
0	0
1	0
0	3
0	3
41	34
0	34
18	2
20	1
3	0
15	0
25	0
9	0
2	3
7	0
0	0
0	13
0	6
19	6
0	13
0	19
0	19
7	1
0	3
29	5
0	4
41	3
1	7
1	2
24	7
25	27
1	19
0	4
1	1
39	0
66	8
0	18
0	18
0	55
0	36
0	62
0	16
0	9
0	1
0	41
2	3
0	29
0	9
5	66
0	16
201	13
1	25
3	0
0	0
0	25
1	7
0	7
0	5
0	5
0	4
0	2
0	4
0	4
16	0
0	20
0	20
0	19
0	3
1	22
0	21
145	36
1	36
29	37
0	24
3	10
0	10
8	64
0	39
21	98
274	97
0	92
11	1
0	63
15	242
28	75
2	44
0	38
0	198
0	29
6	3
0	117
26	116
3	0
2	174
0	33
16	30
0	21
0	30
0	1
0	1
3	5
0	1
2	0
0	0
3	8
3	3
14	3
8	0
2	0
18	0
5	8
0	5
20	1
20	0
36	0
5	1
4	3
27	2
13	1
4	3
0	6
0	6
0	2
0	2
13	0
2	170
0	28
0	26
0	23
0	26
0	27
0	21
0	27
0	2
0	2
0	27
38	5
0	5
0	25
1	49
0	49
45	80
30	76
0	32
7	0
4	1
2	2
24	0
24	0
0	14
0	14
3	64
4	2
0	2
7	37
0	33
51	128
8	5
6	16
0	16
0	18
0	18
0	8
2	8
46	8
0	0
37	44
1	1
0	41
0	41
0	50
0	4
0	13
3	16
0	25
6	9
1	1
0	1
1	1
0	50
0	3
0	3
11	0
9	0
115	53
30	8
0	8
10	1
0	3
0	3
8	1
4	0
11	53
0	53
30	41
0	0
0	0
0	0
0	0
0	0
0	0
0	0
0	0
0	0
0	0
0	0
0	0
0	0
0	0
0	0
0	0
0	0
0	0
0	9
0	9
0	8
0	8
11	7
0	7
0	7
15	7
5	1
0	1
14	13
0	13
2	34
11	34
21	5
1	5
4	0
9	0
1	0
0	10
10	10
12	0
0	53
0	53
0	0
0	0
0	0
0	8
0	8
2	0
0	0
0	0
8	0
16	0
0	1
0	1
0	0
0	0
0	59
0	24
0	24
0	12
0	12
0	2
0	2
2	0
120	12
3	1
7	0
0	8
1	0
1	0
0	1
0	259
0	251
0	42
0	42
0	2
0	2
12	0
1	2
0	1
0	8
0	8
2	0
0	0
11	77
0	77
0	1
0	1
0	5
0	5
5	66
0	66
10	0
30	334
0	407
0	401
20	221
0	34
0	34
184	102
15	322
1	0
0	5
0	5
0	1
0	280
0	280
0	2
0	2
0	0
14	0
136	119
0	7
0	7
0	3
1	0
1	0
3	0
0	383
0	377
4	0
8	374
97	63
0	11
9	0
1	1
1	1
1	1
1	1
0	2
0	2
0	2
0	2
0	2
0	2
3	0
0	1
0	1
0	7
0	7
5	0
0	5
0	0
0	0
6	1
0	60
0	56
5	258
0	6
0	6
3	7
12	75
4	93
0	5
0	5
1	0
7	0
6	7
153	31
0	0
5	0
4	0
52	21
0	2
0	2
0	10
0	10
0	3
0	3
0	1
0	1
0	359
0	353
0	9
0	9
9	6
0	6
0	6
0	60
1	171
0	5
0	5
1	1
0	8
0	8
1	0
0	400
0	400
5	9
14	15
1	0
0	165
0	165
4	306
0	306
2	116
0	116
7	71
135	25
0	3
0	3
4	0
7	232
0	221
0	0
33	97
56	75
0	2
0	2
3	0
3	0
3	0
0	0
3	20
0	8
0	8
2	1
0	0
1	11
0	7
7	0
2	7
0	0
1	0
2	4
0	4
0	1
0	1
1	20
0	1
0	1
0	69
0	69
100	0
11	90
0	68
0	90
33	138
2	4
0	54
0	5
0	8
0	8
0	0
0	0
0	8
59	189
1	4
0	4
6	60
0	0
0	0
9	0
88	135
1	0
96	57
1	0
0	0
0	36
0	36
31	25
19	53
1	0
8	159
0	154
0	1
0	1
0	1
0	1
4	0
0	2
0	2
0	0
0	0
0	2
0	2
0	16
0	16
10	14
0	13
0	12
0	10
0	10
2	10
4	1
0	107
0	107
9	0
0	5
0	5
2	0
1	0
2	11
0	3
0	3
0	3
0	3
16	1
2	0
0	17
0	17
0	5
0	5
1	15
0	15
2	0
0	0
0	0
4	2
0	0
0	1
2	0
0	2
0	0
2	5
0	5
0	0
1	1
0	0
0	0
0	0
1	10
9	3
7	1
4	9
0	3
0	3
3	10
0	15
0	15
0	0
3	6
0	1
0	1
2	9
0	14
0	1
0	1
5	0
0	3
2	0
0	2
0	2
2	110
2	4
0	0
0	4
1	0
0	7
0	0
0	0
0	0
0	0
0	0
0	0
0	0
0	0
0	0
0	0
0	0
0	0
0	0
0	0
0	0
0	0
0	0
0	0
0	0
0	0
0	0
0	0
0	0
0	0
0	0
0	0
0	0
0	0
0	0
0	0
0	0
0	0
0	0
0	0
0	0
0	0
0	0
1	0
0	0
0	0
0	0
0	0
0	0
0	0
0	0
0	0
0	0
0	0
0	0
0	0
0	0
0	0
0	0
0	0
0	0
0	0
0	0
0	0
0	0
0	0
0	0
0	0
0	0
0	0
0	0
0	0
0	0
0	0
0	0
0	0
0	0
0	0
0	0
0	0
0	0
0	0
252789	198
77152	48
373191	12668
123689	152436
30	52660
843	49401
31	167853
1088	127823
15788	7
105	144350
229811	145328
201985	6058
208215	1
90	16
0	20
0	20
0	17
1	19
6	1
0	1
0	2
0	2
0	5
0	5
1	1
1	0
70	135
1	1
1	2
0	4
0	132
889	255
0	161
0	130
0	47
29	103
0	72
0	64
0	87
0	102
0	4
0	0
0	2
0	2
1	2
38	6
0	0
0	3
0	160
2	3
0	4
0	2
0	3
35	52
46	48
4	1
0	9
5	0
0	1
0	43
0	94
1	94
59	0
74	107
0	107
90	7
9	65
0	1
0	2
0	0
1	2
0	5
2	0
0	58
0	20
0	2
129	58
0	108
123	103
0	96
0	98
0	98
3	4
2	4
0	3
2	0
6	3
11	3
5	8
0	0
9	6
9562	5224
286	61
0	60
0	61
53	53
0	24
1	1
0	29
0	33
2	0
0	1
277	272
0	6
0	6
39	9
3	250
0	167
99	173
25	26
2	0
2	1
0	88
0	1
0	0
0	5
1	0
0	43
66	0
163	32
0	83
0	44
0	80
1	8
24	10
0	10
0	10
0	10
2	1
15	0
10	0
0	9
0	9
0	6
8	8
3	9
2	11
0	10
0	0
0	0
0	74
19	55
1	1
0	1
1	6
4	22
5	0
5	387
0	387
1	123
18	0
3	0
0	119
2	1
0	0
0	7
0	6
0	2
6	39
1	39
1	0
0	3
0	3
0	3
0	0
0	3
0	0
0	0
0	0
0	0
0	0
0	0
1	3
0	0
254	113
3	98
0	73
0	47
232	27
0	6
2	0
4	0
0	21
0	1
0	1
2	4
0	4
0	1
0	1
0	1
0	0
0	0
0	0
0	0
0	0
0	0
1	0
0	0
0	0
0	0
0	0
5	3
0	9
8	6
0	79
0	24
0	66
0	1
0	29
0	21
0	3
0	0
4	0
2	68
191	71
0	0
1	2
0	10
771	60
0	54
0	59
0	0
193	40
33	14
2	12
29	132
0	42
1	0
0	7
0	1
0	1
1	7
0	3
0	21
74	126
0	16
17	109
1	14
190	14
41	8
6	9
11	9
143	0
0	44
0	0
2	0
29	44
4	4
48	41
3	4
31	607
152	54
0	576
0	16
132	1
1	1
9	40
0	31
0	30
3	32
31	46
0	24
3	24
0	10
0	2
0	1
1	1
60	14
0	58
0	58
0	45
826	576
0	1405
0	1405
1	1
0	0
303	42
0	28
0	42
0	0
0	118
0	118
5	8
67	47
40	74
0	38
20	1
79	127
169	134
5	50
606	9
0	9
0	5
1	15
0	0
0	2
4	0
0	0
9	11
125	0
29	0
0	0
0	0
43	0
3	0
1	1
0	0
0	0
0	1
0	0
182	164
37	164
0	110
8	9
0	7
0	2
0	9
4	10
0	4
0	2
0	1
0	26
6	26
16	3
0	25
0	3
9	9
0	9
672	22
1	1
0	1
0	2
0	21
0	2
20	4
11	8
10	35
0	1
148	32
0	5
0	46
0	43
0	43
0	1
0	4
0	1
1	12
0	10
0	3
0	16
0	16
0	20
0	20
27	0
19	13
0	11
0	3
1	2
158	41
0	7
0	8
0	3
0	1
0	42
44	0
49	129
0	129
8	342
656	347
0	4
0	93
4	0
0	1
0	2
3	30
1	93
0	0
0	3
0	23
0	1
16	22
0	22
3	22
856	30
49	30
243	0
4	30
3	30
0	7
204	0
0	35
0	0
2	1
0	1
0	35
0	1
5	35
426	0
24	4
117	43
2	9
1	0
31	88
189	7
0	0
0	7
1	7
90	107
0	106
2	0
17	12
16	10
15	1
0	2
2	62
0	59
0	3
0	3
1	1
0	19
0	0
171	21
4	9
0	20
0	5
1	3
10	4
0	4
16	46
0	10
0	1
0	1
17	2
15	0
0	10
0	0
1	1
1	0
0	0
1	26
0	26
0	26
0	26
684	0
200	221
50	228
1	199
2	2
4	16
0	8
0	5
0	5
0	7
0	6
0	8
0	15
99	14
2	14
1003	1351
3	1353
17	375
0	4
0	2
4	24
25	2
60	27
0	23
43	42
34	147
16	195
58	195
0	81
0	182
0	49
0	36
0	18
0	23
12	56
9	133
0	36
8	0
126	36
2	33
73	48
0	0
0	55
0	55
0	53
120	169
0	125
1	56
0	39
0	10
8	0
1	2
3	0
0	0
18	10
9	1
14	54
0	4
51	50
19	25
36	28
0	86
58	165
0	33
0	33
0	2
0	3
0	86
7	4
0	4
0	256
0	257
1	29
0	11
0	29
0	29
0	29
21	29
5	0
60	2
556	98
0	98
4	1
0	0
0	83
0	49
0	52
0	45
0	29
0	29
2	29
0	47
0	51
100	26
0	44
0	49
2	45
0	41
65	1
6	10
0	9
24	25
13	0
0	9
0	10
0	85
15	39
27	50
7	26
5	0
35	2
3	2
0	12
4	20
7	9
47	30
1	0
34	0
11	1
0	1
46	35
0	36
0	34
0	1
0	1
0	1
4	0
125	66
0	124
0	1
0	96
0	95
26	0
2	125
0	86
0	38
0	26
0	6
6	0
0	2
0	21
6	1
0	0
0	0
0	10
10	10
0	115
0	10
0	17
0	6
0	2
0	3
0	14
147	168
8	20
0	3
6	2
0	1
3	149
17	119
0	0
447	56
0	11
0	1
34	75
0	19
0	5
5	5
10	0
15	24
13	13
129	20
0	18
0	1
86	4
4	3
5	0
0	76
19	37
0	13
1	4
1	7
19	0
2	1
0	27
0	0
4	0
0	1
0	1
7	1
47	91
2	91
1	0
0	69
24	5
8	2
0	1
0	1
61	141
0	116
0	129
0	19
0	2
150	7
98	0
0	141
35	76
20	76
0	50
0	49
0	29
0	3
0	1
0	16
11	5
0	7
0	2
0	7
0	1
0	4
1	1
0	3
0	2
0	1
1	4
0	4
45	0
0	4
22	1269
0	1308
0	871
0	892
134	958
32	839
0	9
1	1
14	19
124	10
0	6
13	6
74	2
94	1
0	1
0	1
0	39
0	1
1188	0
3	0
0	31
0	26
0	26
0	12
24	1
0	0
0	0
1	5
1	1
0	1
0	1
0	15
0	15
2	4
0	4
0	0
8	2
1	2
1	1
0	248
0	318
21	249
0	209
0	8
12	317
316	15
65	15
0	0
0	0
1	0
145	511
0	54
0	190
8	226
39	10
0	241
0	58
0	58
10	0
9	49
6	251
4	25
41	268
27	268
0	1
352	43
2	9
1	6
9	8
5	5
142	23
9	5
0	18
0	13
0	13
1	6
6	63
1	63
87	51
4	29
0	23
0	1
0	1
3	4
1	5
0	5
0	1
1	1
0	1
0	5
17	0
4	30
0	15
0	30
11	38
186	253
0	18
0	7
6	25
0	1
0	6
0	2
1	2
0	18
55	3
0	2
2	52
0	116
0	0
0	71
0	3
65	7
4	4
11	75
25	23
1	0
0	0
0	81
0	63
0	116
0	79
0	116
0	41
193	4
0	8
0	8
0	4
0	4
0	2
0	34
0	34
108	23
0	23
30	52
2	2
29	5
2	14
11	19
3	19
1	15
0	15
0	7
4	2
44	32
0	1
0	3
7	5
0	13
0	5
0	23
0	2
0	0
0	7
30	16
3	19
15	260
0	260
0	352
316	374
0	376
22	164
0	71
0	41
0	8
0	7
0	2
5	0
1	0
0	164
588	65
0	61
19	55
0	10
0	0
0	4
0	3
1	2
1	2
0	1
171	122
0	109
0	7
35	7
30	56
0	7
1	3
0	0
0	0
0	0
0	16
47	111
0	5
0	5
0	4
0	85
0	0
0	0
0	83
450	48
127	174
0	71
0	78
9	35
6	7
19	13
1	1
0	93
0	16
31	20
3	16
2	0
1	14
0	610
0	634
0	631
0	1
8	1
0	627
14	2
0	115
1	289
0	36
13	38
14	38
26	95
121	95
9	23
0	0
29	0
5	9
0	4
7	3
0	9
0	3
22	25
9	31
12	24
2	4
179	3
58	2
0	6
43	6
0	6
17	19
0	21
7	10
0	10
0	21
0	2
0	24
6	14
0	17
2	11
0	10
18	0
7	1
1	1
10	67
2	67
74	69
147	8
1	3
0	7
24	9
0	8
7	1
0	3
0	10
0	12
6	49
0	10
0	385
0	385
2	345
0	271
0	197
0	9
0	6
37	4
61	11
3	8
0	4
0	4
0	3
0	4
0	4
0	4
0	1
0	4
3	4
1	3
7	69
0	69
23	33
3	53
54	0
7	12
0	10
0	111
0	111
1351	90
0	123
0	154
14	72
0	32
0	67
37	165
7	165
32	12
0	68
40	61
3	19
0	25
15	36
0	30
4	4
597	19
218	59
110	42
4	0
3	0
23	265
53	564
0	549
0	34
2	1
0	11
0	11
189	3
0	3
2	62
10	66
5	20
3	15
31	12
0	0
0	16
0	41
0	6
0	32
0	35
798	217
10	114
13	135
4	81
0	22
1	3
0	0
0	17
1	1
5	0
0	2
0	1
739	116
3	19
0	3
1	75
0	343
0	0
0	0
58	126
0	0
17	0
0	1
1	0
0	16
0	343
0	21
108	8
0	6
1	2
0	2
0	2
0	0
0	1
15	0
0	3
0	4
0	5
0	5
0	4
0	2
0	3
2	21
2	18
0	7
4	24
0	0
1	0
0	15
0	6
0	1
0	1
0	2
1	9
3	24
2	10
0	10
0	1
0	10
20	33
93	33
893	14
0	1
11	0
3	2
2	11
2	118
16	118
0	109
25	10
0	10
28	82
0	88
18	14
0	172
0	168
0	5
6	5
13	50
0	14
0	19
0	37
2	4
1	0
2	47
0	1
11	4
11	17
0	16
0	12
0	17
829	50
27	44
1	21
1	17
0	17
0	2
4	0
1	0
0	0
1	74
6	74
0	1
109	1
12	1
8	0
2	45
13	58
0	58
1	46
1	8
556	0
0	108
0	108
0	84
0	73
0	48
0	48
0	42
0	27
0	3
4	6
0	0
0	0
0	0
0	0
158	163
0	143
0	152
0	71
189	82
0	0
28	8
7	7
0	7
0	8
14	10
0	10
229	0
0	1
0	87
8	87
0	1
0	26
0	0
1	0
15	0
14	0
92	22
1	5
19	22
0	3
3	0
0	14
34	12
79	14
0	1
19	3
5	13
101	0
72	179
0	162
0	33
1	0
0	4
4	0
4	22
27	10
1	2
0	2
13	2
0	0
11	99
6	152
0	139
27	90
0	74
0	46
23	4
0	46
0	9
9	35
0	33
0	0
2	0
74	9
0	16
47	37
0	21
1	3
18	37
90	10
1	9
0	8
0	34
2	49
45	65
0	20
0	17
0	37
0	13
13	115
26	7
0	1
0	8
0	1
0	2
0	25
2	14
0	104
52	104
13	104
9	1
1	14
8	0
8	0
10	19
0	0
1	5
62	5
0	38
4	38
0	4
0	2
57	6
16	38
0	3
29	92
2	3
27	51
0	7
0	0
0	3
0	4
0	0
9	3
0	40
1	30
4	35
0	129
0	82
0	35
0	1
0	13
677	153
81	40
12	40
8	40
110	19
0	15
71	128
3	1
0	128
0	47
14	155
0	194
0	47
0	0
12	8
0	194
0	142
0	5
0	5
0	5
2	22
0	22
0	7
0	4
0	1
0	7
2	33
0	33
366	2
2	238
0	238
570	163
8	76
0	11
10	10
0	16
0	16
28	54
1	0
0	15
3	5
0	5
3	9
2	9
42	9
0	3
0	6
2	2
0	4
0	53
0	53
88	1
153	14
4	2
0	1
8	2
0	32
3	52
0	30
0	10
0	32
13	0
0	3
1	31
0	31
24	12
13	15
0	14
0	26
0	22
38	11
0	29
1	3
4	3
0	39
0	2
141	29
1	39
0	9
6	17
59	55
0	60
0	77
4	34
0	2
18	27
0	10
0	1
0	1
4	0
1	0
0	0
5	43
0	23
0	30
0	3
0	1
3	0
25	79
0	0
0	2
0	25
0	28
0	1
0	12
0	28
0	28
40	0
0	23
0	3
0	24
3	24
10	4
0	5
1	18
0	19
0	19
0	4
0	4
0	5
0	7
0	8
0	4
0	0
0	26
0	2
0	1
0	3
0	2
0	2
1	27
12	16
0	16
1	1
12	0
0	3
0	2
11	24
68	3
0	136
8	124
687	139
1	0
0	0
0	0
0	2
16	3
4	0
0	13
9	0
0	54
52	54
4	2
16	9
0	8
22	8
0	11
30	20
0	9
0	17
0	2
1	11
10	14
325	282
0	0
0	1
22	8
1	3
1	5
14	5
0	0
659	1
0	15
40	10
3	29
6	24
8	18
0	44
28	45
2	2
0	2
12	37
0	3
468	43
0	565
0	3
8	0
0	85
0	112
0	133
1	574
1	565
0	0
0	1
0	3
0	8
0	5
1	0
4	10
0	7
2	8
0	8
0	3
0	2
0	1
0	3
0	0
2	0
0	2
21	2
0	2
12	1
0	1
0	2
14	19
0	40
20	82
10	24
1	2
3	0
1	111
0	31
23	50
0	12
5	11
2	109
0	0
0	2
104	120
5	1
0	32
24	30
34	48
2	0
103	0
0	0
3	14
0	2
2	14
15	5
0	4
0	1
5	0
0	11
1	15
0	4
97	28
26	11
2	131
0	12
162	0
0	2
0	10
0	1
52	40
0	119
47	200
14	164
43	198
116	185
8	0
0	0
52	52
153	18
0	52
0	18
114	53
1	3
0	1
0	8
0	0
0	10
0	15
0	17
56	25
0	0
93	2
171	0
3	1
0	13
9	0
0	11
0	65
82	65
0	1
0	5
30	3
0	7
0	3
0	6
16	5
17	2
11	0
6	1
5	0
1	1
2	2
0	2
0	39
0	26
0	32
5	47
0	39
3	20
20	15
2	0
55	17
12	25
0	2
0	2
16	0
0	11
0	9
17	10
0	70
539	71
27	42
0	37
0	0
1	32
62	15
0	4
4	4
1	121
17	12
0	1
0	53
0	62
0	0
0	121
0	121
25	13
0	0
271	15
4	3
4	0
5	37
0	38
0	38
0	6
0	1
0	3
0	17
0	4
0	40
0	0
0	40
2	17
5	18
0	41
0	6
10	6
0	3
0	4
0	2
0	2
0	0
0	0
0	3
0	2
0	1
3	0
0	1
6	3
0	3
1	1
8	3
48	22
3	1
0	25
4	25
2	2
27	2
345	1
7	1
33	58
33	30
37	0
0	350
0	354
0	373
28	74
19	31
2	349
10	30
0	1
0	3
0	6
0	353
63	35
3	3
0	0
38	111
0	72
11	72
0	54
0	1
1	2
9	36
0	6
5	6
0	44
0	44
475	0
69	1
545	1
172	24
3	32
3	19
21	0
33	8
0	0
5	540
0	16
0	550
5	540
0	1
22	56
0	189
0	84
0	25
5	25
2	25
0	25
5	0
0	24
0	1
8	5
12	2
0	13
183	0
802	0
1	242
0	248
0	250
0	139
0	155
0	161
10	145
0	31
0	0
4	6
0	0
1	18
0	8
0	31
0	15
0	15
0	15
0	15
0	15
0	12
0	0
0	0
1	13
0	0
2	0
30	77
0	77
0	12
0	2
1	12
0	12
4	61
144	2
0	2
0	32
0	35
0	33
0	35
0	23
0	23
0	8
0	32
0	32
0	6
0	4
2	2
3	1
1	0
53	0
3	50
0	41
0	41
0	36
0	37
0	37
28	84
1	114
33	98
29	167
2	16
0	82
1	0
10	0
32	98
8	0
0	145
3	60
0	93
0	108
3	34
1	1
0	11
3	0
0	22
0	1
0	34
0	40
3	52
0	7
2	8
0	3
0	5
11	46
0	6
46	167
51	0
20	16
5	167
5	1
9	1
1	1
0	1
0	12
0	10
57	72
7	66
0	71
317	91
0	80
0	0
4	0
0	2
10	1
0	9
23	3
1	41
112	50
3	49
0	39
18	0
31	8
99	181
14	165
0	149
0	48
4	0
2	5
0	0
0	5
0	1
0	1
0	24
0	16
0	0
8	38
28	42
0	7
97	2
5	1
2	2
25	77
78	1
0	54
0	54
0	33
0	28
0	33
0	33
0	2
0	5
6	6
0	5
4	14
0	0
1	1
19	4
22	9
27	217
0	52
0	56
0	139
0	139
0	80
0	10
0	114
0	115
2	0
0	0
6	0
0	0
1	0
2	0
0	2
0	2
5	0
3	88
0	146
0	146
11	29
0	5
0	18
23	0
21	20
0	7
0	3
1	17
6	22
0	28
0	8
128	371
8	32
15	61
2	29
1	16
0	16
0	16
255	42
0	39
0	14
63	4
0	8
119	41
0	1
0	3
0	20
38	1
1	1
0	31
0	20
0	0
1	0
16	10
0	10
9	93
0	17
0	20
0	40
3	10
1	3
5	15
42	34
0	6
6	56
1	30
0	192
0	53
0	35
1	8
31	0
0	10
0	53
0	192
3	9
72	9
0	11
0	11
0	6
2	6
0	4
1	1
0	6
10	0
0	6
14	5
0	7
0	9
0	0
10	99
89	160
553	131
0	131
28	1
18	1
39	4
0	4
1	17
0	0
5	2
0	17
1	42
5	42
0	1
6	1
22	0
3	2
25	2
30	2
110	13
0	12
8	0
3	11
6	12
0	17
0	17
117	12
0	60
0	17
0	17
1	1
4	0
45	27
5	16
0	1
0	1
21	11
3	3
68	22
42	12
13	8
0	10
3	12
0	10
10	24
3	22
61	10
0	133
16	133
4	122
0	33
0	0
15	38
0	0
0	31
0	38
3	2
0	31
7	22
0	56
16	56
111	32
1	53
8	7
0	1
3	1
4	0
1	22
6	2
0	3
0	80
20	77
0	29
59	67
7	1
5	75
0	75
8	24
0	22
0	58
0	13
0	57
0	10
94	43
0	83
0	1
0	0
5	1
6	83
51	10
0	10
0	0
8	3
5	3
69	80
0	22
5	159
7	4
0	10
0	0
3	6
387	30
0	24
0	18
0	18
8	23
0	23
0	17
0	18
0	23
0	23
7	8
0	7
32	1
0	2
0	0
0	1
39	42
0	42
0	42
78	12
0	14
0	9
195	110
0	100
6	91
31	8
35	16
68	6
0	68
0	53
5	6
18	27
9	19
0	40
0	18
0	43
0	24
0	29
0	16
0	32
16	4
0	3
0	10
0	52
0	24
9	5
0	17
0	25
953	0
0	4
0	4
0	28
0	20
14	45
0	3
0	2
0	5
0	15
0	5
21	9
0	5
0	17
0	17
0	3
0	1
28	2
1	0
0	27
25	13
62	26
6	30
1	37
11	36
8	27
2	2
0	13
0	0
43	56
7	11
0	20
10	14
6	31
0	25
64	121
0	131
0	27
0	131
37	355
0	28
5	352
14	8
1	1
0	355
0	349
25	33
1	16
0	26
28	0
28	1
1	32
0	64
0	32
46	66
0	30
0	40
0	20
145	12
0	2
0	87
11	87
26	0
40	6
0	6
0	6
0	6
1	6
0	6
100	6
4	0
0	166
0	17
5	157
1	11
0	40
0	5
23	5
0	0
0	5
35	69
29	118
0	27
0	62
0	3
0	3
66	22
0	32
6	29
0	73
10	29
0	0
9	11
10	21
5	21
1	0
0	0
0	29
0	73
38	8
0	1
3	1
102	8
1	1
7	3
2	11
1	7
0	37
0	37
5	2
0	31
12	12
0	35
0	36
0	0
0	1
0	0
0	36
13	3
0	4
11	0
447	34
4	34
213	34
0	28
0	25
0	11
0	43
0	10
0	9
0	2
0	1
0	0
0	1
0	33
0	33
41	58
0	37
24	30
5	20
0	19
0	40
0	21
0	11
0	11
0	45
11	47
1	3
0	1
2	1
0	0
0	29
0	42
6	41
3	78
0	26
16	28
0	2
0	8
301	87
0	1
1	2
10	16
0	12
0	1
0	1
0	5
0	4
0	77
2	2
17	4
0	3
0	3
0	77
0	94
0	23
0	93
140	98
0	7
0	0
18	0
82	204
0	204
2	2
0	219
0	80
0	7
3	2
12	2
2	6
8	2
3	1
1	2
16	5
0	63
75	0
93	148
3	232
0	14
77	799
0	799
0	2
5	326
1	0
0	288
123	80
0	27
0	9
1203	16
0	80
0	24
2	108
1	3
2	323
0	0
1	1
20	317
1	0
0	5
0	4
5	4
1	4
5	6
0	0
0	3
0	1
26	0
68	136
0	124
35	2
19	51
34	63
8	0
11	21
0	3
1	0
4	3
14	61
24	0
817	0
137	20
0	194
4	135
2	4
47	4
24	62
2	1
13	14
0	14
7	276
0	0
6	0
162	272
0	2
0	0
1	15
0	15
0	14
1	0
2	0
0	1
0	0
26	85
29	85
2	2
0	2
0	8
0	5
0	5
6	8
0	8
0	7
68	235
0	4
0	5
0	118
0	105
0	7
0	7
0	5
0	3
0	5
5	9
0	2
2	1
0	5
4	318
6	232
27	235
0	64
0	69
0	119
0	14
0	90
108	5
4	0
0	5
19	0
0	0
21	74
0	150
78	126
0	73
25	70
3	1
1	23
0	32
0	39
1	9
0	522
164	522
0	133
0	9
360	239
0	142
338	34
88	0
0	57
0	55
40	63
0	37
0	11
0	5
0	57
41	76
9	29
0	29
0	18
14	16
0	5
0	89
16	89
0	50
4	106
0	66
0	96
228	89
0	13
0	83
0	62
2	0
145	96
0	37
0	21
79	0
1	59
0	59
0	60
0	60
472	234
4	0
0	6
0	23
1	18
11	18
1	15
0	1
47	144
0	0
0	0
0	123
0	11
0	5
0	0
17	12
1	1
0	2
0	4
0	3
28	2
0	85
0	24
0	45
0	0
0	1
8	17
0	61
0	17
2	0
0	0
129	46
37	46
0	29
0	40
5	9
36	443
31	7
0	370
0	437
1	0
0	37
0	42
0	4
0	2
0	4
0	5
0	1
0	5
9	4
0	4
14	4
0	3
4	3
0	2
0	3
0	15
48	34
0	30
0	4
68	32
0	4
0	4
20	0
344	35
0	4
7	3
0	4
0	2
52	2
0	2
0	1
530	14
23	16
19	13
4	13
1	13
10	7
480	1
1	155
0	195
0	17
11	204
0	8
0	11
0	9
8	21
0	0
0	0
3	0
0	0
0	73
0	73
0	11
0	4
0	3
26	6
0	5
92	0
171	6
54	89
7	129
0	50
0	85
1	80
11	7
8	131
1	95
5	3
31	126
0	1
10	1
197	1
51	1
34	32
21	47
3	47
0	47
0	0
0	0
0	185
95	287
0	238
0	24
0	24
3	24
0	17
0	17
0	12
13	91
0	46
0	117
0	63
0	252
0	41
0	305
0	88
0	295
0	134
0	87
0	6
0	179
0	37
0	1
0	40
10	84
0	24
10	58
0	24
4	8
0	8
205	87
0	85
0	84
2	84
0	163
0	84
267	163
0	83
0	73
0	71
0	67
11	0
0	2
0	1
0	2
0	1
0	2
0	2
0	2
0	3
0	87
5	0
0	0
0	0
0	0
91	8
0	7
0	4
4	4
0	1210
71	1195
49	0
0	53
0	127
3	0
12	4
0	178
3	162
16	6
0	2
0	1
10	15
0	15
13	269
0	10
0	10
0	19
1	18
54	9
0	13
0	3
0	13
5	0
0	0
0	2
0	89
23	4
0	4
0	1
1	36
0	34
0	8
69	5
52	0
0	0
0	0
13	95
0	82
1	21
130	82
0	11
1	0
0	33
0	33
0	8
8	13
0	0
1	0
0	13
2	2
0	2
296	0
179	20
0	11
0	6
1	6
0	6
0	6
0	6
0	6
1	10
0	0
0	0
6	18
68	29
0	1
1	21
6	5
1	5
1	1
0	143
0	143
1	0
0	11
0	10
0	3
0	0
0	15
0	15
0	15
0	8
15	7
0	128
0	126
1	18
0	107
0	91
0	117
16	118
0	27
24	20
1	7
0	31
0	31
5	1
15	0
0	0
0	5
60	0
0	0
0	0
0	0
0	0
7	0
32	116
0	80
0	77
28	94
82	9
1	9
0	2
0	31
0	11
0	48
110	48
1	7
3	7
636	72
0	256
0	236
0	229
15	5
0	5
0	1
3	8
0	104
1	6
0	106
808	0
0	3
0	104
92	46
0	23
4	23
0	24
0	13
1	9
0	8
12	68
4	76
0	67
0	68
0	67
0	4
1	6
0	9
0	2
0	8
0	5
0	6
0	42
2	215
52	215
19	215
0	215
0	228
0	216
0	237
0	215
0	71
0	40
0	30
0	18
1	20
0	20
0	1
0	0
50	3
0	218
0	228
0	237
0	215
0	216
0	86
11	0
0	0
1	9
0	0
0	0
0	0
0	86
12	1
72	52
25	8
1	12
0	7
0	3
0	1
0	2
6	6
3	1
0	116
81	95
0	95
216	71
0	75
0	81
0	9
0	3
0	19
114	121
239	0
50	35
0	35
0	0
6	0
0	0
23	7
36	61
0	2
47	55
8	52
1	3
0	1
3	5
7	15
0	3
1	8
2	2
8	6
4	0
5	0
0	30
0	22
33	38
0	3
0	1
32	4
0	5
0	4
15	4
6	0
4	7
0	16
0	1
0	18
7	240
0	267
0	260
1	241
0	241
0	235
0	267
1	11
124	13
47	11
9	5
0	5
23	10
0	9
0	9
0	3
0	2
0	12
2	12
0	13
0	1
3	87
0	120
0	120
0	70
0	21
0	16
0	8
2	2
0	1
0	3
3	4
1	3
1	4
1	513
0	513
0	29
0	29
0	30
0	30
0	6
5	49
6	8
5	49
180	0
83	1
0	1
1	54
237	63
5	11
2	0
17	1
0	1
0	27
0	27
8	29
35	20
0	22
1	0
9	3
0	2
0	2
186	37
195	30
1	12
0	3
4	0
0	37
14	1
168	0
1	89
0	89
0	70
0	3
8	2
10	68
17	13
0	12
4	15
0	15
3	15
0	1
0	2
0	10
2	10
1	1
8	0
0	41
0	41
0	41
0	4
16	12
32	12
4	43
1	1
1	8
17	36
8	11
0	11
0	100
0	111
0	7
0	7
0	7
0	72
10	101
0	6
3	0
0	6
2	13
4	0
245	118
0	27
11	3
0	23
0	33
0	2
40	0
0	0
0	1
0	81
0	85
4	70
18	89
27	275
2	275
45	5
0	4
8	0
53	0
15	127
0	127
0	14
0	22
22	7
0	21
0	21
0	3
0	20
41	20
0	3
0	4
6	0
58	258
0	172
1	121
0	254
4	0
10	0
119	0
18	422
0	420
0	419
4	0
5	3
0	3
0	29
0	29
5	11
1	8
0	8
0	0
40	68
0	53
0	37
0	2
0	1
0	2
0	0
0	6
4	1
77	0
54	1
0	0
0	2
0	2
5	7
548	64
0	0
0	26
0	5
4	0
0	12
1107	1694
33	1
98	226
1	226
21	43
0	42
12	1
9	2
66	10
4	27
59	4
4	10
0	10
0	2
0	13
0	13
0	5
235	1
5	1
383	154
6	2
323	13
0	0
0	0
1	0
5	4
0	4
5	0
1	0
14	120
0	180
0	174
0	0
0	148
0	15
0	16
0	1
0	12
0	26
0	40
0	94
0	101
0	29
0	29
0	90
17	20
8	70
0	87
0	68
0	26
116	0
29	0
6	12
3	12
32	0
27	18
94	18
724	0
71	5
0	5
0	5
23	0
12	6
1	7
63	51
20	49
0	0
65	27
0	32
0	52
7	65
17	134
0	94
0	0
1	0
75	79
4	18
0	18
19	7
1	6
9	0
24	24
0	4
27	0
0	0
1	0
5	0
41	147
6	43
4	44
5	43
0	2
2	1
0	2
0	3
0	2
0	2
0	35
0	35
16	28
0	8
0	7
0	7
0	1
0	6
0	0
0	7
2	0
0	1
0	0
0	3
0	8
0	8
0	15
1	7
0	17
0	0
0	0
29	0
59	16
0	15
0	33
0	31
0	20
0	0
0	0
0	2
8	158
18	124
9	0
9	48
0	48
1	43
0	43
11	4
1	0
4	0
85	0
0	65
0	65
0	65
0	65
0	65
0	65
0	65
0	65
0	65
0	65
0	0
0	6
4	0
5	1
1	24
5	65
0	151
119	151
46	0
45	34
0	0
1	0
51	17
7	17
4	0
4	0
3	0
15	489
135	491
10	1
5	4
0	4
0	4
0	149
0	149
0	149
0	151
0	154
6	154
0	150
4	147
0	0
89	0
79	491
18	473
4	317
3	39
0	19
0	472
0	216
0	198
0	126
1	2
1	1
0	0
1	143
0	2
35	6
0	9
0	5
0	8
0	5
113	1091
14	1
11	2
41	55
0	2
7	43
0	1
19	2
0	0
0	2
23	0
0	93
3	3
4	16
0	14
0	1
3	5
8	5
649	308
0	305
218	304
0	280
0	236
172	236
0	4
6	14
0	9
0	1
0	8
1	0
2	1
14	29
1	9
0	1
18	24
37	2
12	9
0	16
0	12
0	12
0	10
0	0
45	66
0	30
0	0
0	66
28	30
9	7
7	6
0	18
0	18
0	1
0	5
153	2
4	2
0	0
5	0
55	49
166	31
4	33
17	110
1	73
2	1
0	0
0	1
0	0
37	74
0	0
84	28
195	94
29	6
0	3
28	3
0	2
0	3
0	218
3	110
29	211
52	79
0	223
17	11
10	11
0	50
7	58
16	58
0	48
0	47
93	41
0	6
6	24
0	11
4	0
21	15
0	71
1	9
0	2
0	2
0	0
8	58
14	197
0	180
27	131
0	21
8	567
0	564
0	2
0	2
0	23
0	23
4	41
0	0
0	155
0	101
0	101
2	0
3	10
0	10
0	63
16	0
0	1
0	1
0	54
4	2
0	1
0	7
0	129
0	129
5	27
0	71
0	10
0	0
79	41
3	41
39	0
0	5
2	4
0	13
0	2
0	3
0	11
0	3
0	8
0	8
7	9
1	19
1	19
0	5
0	21
0	4
0	4
1	0
0	4
169	3
2	3
1	3
5	5
0	4
0	4
0	21
15	36
2	7
76	78
0	72
0	72
2	38
0	45
11	7
2	10
0	10
0	1
1	1
14	3
0	3
37	79
0	24
0	41
489	77
13	44
0	664
1099	877
0	365
0	0
8	1
0	0
4	1
0	1
4	1
50	52
0	52
0	10
0	12
4	11
2	5
0	6
0	0
1	2
0	21
0	101
14	42
0	41
17	35
2	6
0	182
3	88
0	87
0	42
1	18
0	3
0	1
0	15
0	18
0	0
0	7
1	2
0	241
0	262
0	250
6	0
0	1
4	1
3	0
325	158
0	153
0	67
1	69
0	63
0	69
0	60
0	7
0	3
0	152
0	11
3	32
0	32
0	1
0	6
3	1
0	1
26	9
14	9
0	2
46	1330
75	112
1	151
0	145
0	192
0	109
0	78
0	69
0	22
0	23
0	1
0	1
4	0
0	47
0	2
0	43
19	3
0	190
0	33
11	21
0	7
0	0
90	33
8	14
0	17
0	2
2	0
80	7
0	1
444	42
8	1
0	8
3	8
0	8
0	0
0	15
0	17
0	27
183	0
5	162
1	162
0	0
0	29
0	66
0	88
23	7
0	1
0	88
39	86
2	64
0	2
0	12
0	1
0	1
0	0
1	2
0	2
0	86
0	181
0	181
1	13
0	21
1	72
0	1
27	0
36	0
1	0
29	120
0	110
12	1034
15	1034
26	18
1	5
0	121
2	13
11	13
1	9
140	9
0	9
0	121
97	59
0	4
0	10
5	6
0	0
1	1
0	21
0	47
0	111
42	5
5	256
0	23
0	259
0	1
0	2
0	2
11	0
0	113
25	113
0	1
1	1
0	0
0	0
0	2
0	2
7	2
1	2
54	2
47	66
0	0
14	0
1	14
0	2
9	2
1	23
0	12
0	10
229	674
25	144
0	429
0	428
0	20
44	28
0	28
0	2
0	14
1	9
10	2
16	2
0	1
0	44
18	0
5	0
6	19
0	29
0	0
25	13
7	21
0	1
45	212
0	212
0	39
0	14
7	2
0	3
0	1
113	72
0	81
0	38
68	17
0	17
0	0
0	2
0	78
0	78
8	1
6	1
7	0
0	15
0	0
26	0
0	0
0	0
39	44
0	41
20	44
2	3
39	2
0	46
36	46
7	21
26	8
6	2
251	2
5	9
0	9
53	25
4	22
0	18
0	3
0	0
0	0
13	44
6	44
0	21
0	3
0	2
0	0
3	0
0	2
0	4
0	2
1	0
7	29
1	29
4	56
4	0
12	9
0	9
0	0
60	49
398	454
30	431
5	11
10	23
63	1
0	24
0	10
6	6
0	0
1	5
0	5
4	15
1	54
231	54
0	37
2	7
0	16
0	6
4	33
0	33
0	4
0	1
4	2
0	16
0	10
10	2
0	1
1	3
0	3
51	1
0	1
31	2
33	48
0	2
0	2
19	18
0	2
0	3
11	10
0	10
0	10
26	0
1	0
0	10
0	5
0	5
0	5
5	5
0	5
5	1
277	145
4	145
4	21
0	86
0	41
3	10
0	20
3	29
0	6
0	5
9	0
111	55
0	2
24	46
0	0
0	0
11	41
184	116
0	75
0	61
0	70
6	67
6	29
0	29
0	18
0	31
3	20
0	3
17	34
0	2
0	2
0	8
0	8
0	1
32	51
0	46
0	22
0	0
0	1
0	0
0	5
3	46
104	0
39	4
8	0
105	50
0	32
180	106
0	22
3	3
0	3
9	532
0	548
12	190
12	212
223	166
0	136
0	51
2	30
1	31
0	33
0	28
3	0
13	93
0	93
22	43
8	41
0	81
0	81
124	50
0	6
1	1
1	1
0	1
0	1
0	0
4	126
2	120
2	11
0	13
0	2
0	2
67	2
0	0
0	86
0	190
0	0
380	60
12	0
475	178
155	82
1	3
3	3
762	26
1	27
0	15
0	26
0	30
6	25
117	24
1	25
0	24
4	0
47	0
0	14
2	3
0	32
0	30
0	31
0	9
296	31
41	0
15	26
2	31
14	21
103	27
0	30
0	26
0	1
7	0
11	3
7	3
9	4
13	111
0	111
51	1
2	1
0	0
0	0
8	0
0	2
0	2
0	2
0	2
477	349
0	103
268	111
5	0
1	0
0	85
0	18
5	48
7	138
7	11
0	118
5	17
30	126
35	46
0	49
1	14
23	16
8	26
7	14
70	32
17	1
2	0
0	20
0	20
0	12
0	64
2	64
0	1
0	3
1	4
12	6
14	14
28	10
1	2
0	1
1	1
9	26
0	17
20	26
6	26
0	16
5	24
11	0
53	10
11	12
0	12
12	51
23	14
0	42
2	0
50	278
8	288
0	1
4	1
5	1
16	6
1	2
11	0
0	3
3	5
1	1
5	0
11	56
0	52
0	48
21	6
0	6
1	6
3	0
0	6
0	12
0	12
106	15
5	12
0	11
2	2
0	43
0	43
1	42
41	9
883	0
18	56
25	56
12	7
149	129
0	33
2	0
94	86
2	2
13	0
13	21
0	0
7	9
0	10
0	10
44	30
0	30
0	23
0	12
0	18
2	0
6	11
1	10
2	12
12	0
0	2
0	0
0	2
51	7
0	7
43	323
0	22
0	38
0	29
0	40
0	38
0	0
0	11
8	31
0	39
0	29
2	28
0	28
51	46
0	6
13	2
0	0
0	322
29	44
12	0
10	44
3	7
0	11
0	11
1	11
0	11
0	4
1	4
151	5
0	5
38	115
1	16
19	106
0	21
9	8
0	8
0	6
0	3
0	37
0	37
0	2
0	2
19	0
2	0
0	1
0	0
0	0
10	19
0	1
1	1
0	1
0	1
7	17
48	318
0	13
0	305
0	308
0	6
1	2
1	0
0	9
0	40
0	79
1	9
0	1
2	64
6	33
0	79
198	32
0	27
1024	37
0	3
4	2
8	2
0	4
0	3
0	3
4	3
2	3
189	2
2	2
92	13
2	0
0	2
208	2
6	13
0	0
9	1
3	12
44	329
42	337
2	0
0	2
17	4
1	1
2	0
49	48
0	48
1	0
4	22
0	24
0	4
0	0
0	4
0	52
0	138
0	4
0	119
0	4
2	2
0	3
0	4
0	1
0	0
0	39
0	37
0	39
0	43
0	6
3	97
0	97
0	95
0	0
8	0
0	97
59	25
0	2
0	2
4	0
0	24
3	43
0	36
48	0
54	11
0	17
0	12
11	4
2	1
25	6
1	6
0	40
0	36
0	38
0	29
78	17
181	82
0	55
4	31
0	17
6	55
0	11
0	6
0	5
0	3
0	0
0	2
104	19
0	14
0	10
0	14
7	89
57	89
0	1
0	14
0	28
6	21
5	88
0	98
0	88
0	68
46	81
0	21
145	13
248	13
134	74
17	80
23	68
1	3
1	2
0	42
0	44
0	41
0	39
1	10
0	10
0	10
0	5
27	25
111	17
13	17
43	41
2	8
0	5
0	32
3	2
0	2
1	6
9	2
0	1
0	100
0	100
0	534
7	534
0	534
3	534
0	9
0	8
0	8
225	71
0	41
0	66
52	72
0	44
187	25
0	11
0	5
38	2
107	2
0	2
6	0
2	19
0	19
0	2
2	2
6	6
0	6
0	6
0	6
14	6
1	2
1	2
2	13
0	11
0	9
0	8
0	8
0	1
15	1
285	38
2	1
43	1
1	36
83	7
83	18
2	36
71	22
1	39
0	3
0	18
7	2
0	0
0	0
0	0
0	0
2	356
2	342
14	32
0	45
10	26
2	11
0	2
0	4
2	1
21	14
0	19
0	21
0	8
0	2
28	32
26	31
0	21
0	21
0	0
10	22
87	18
2	7
0	13
23	58
0	1
115	0
0	4
6	9
0	1
0	11
3	1
0	3
0	24
0	2
0	2
53	340
0	340
18	0
19	93
30	21
0	19
0	87
0	12
0	87
1	2
0	2
90	59
0	29
43	8
0	0
0	0
3	0
4	17
0	17
1	16
47	42
0	39
0	38
0	7
0	10
0	36
0	37
0	12
0	1
0	12
0	12
0	13
0	777
1	777
3	3
14	0
15	15
1	23
9	5
0	13
2	0
1	0
0	1
0	1
0	6
14	6
105	1
0	1
209	114
2	35
1	10
0	9
0	12
0	9
0	9
0	0
149	7
9	7
0	5
0	23
0	22
0	23
11	8
0	0
0	2
10	1
0	2
1	0
5	0
225	0
124	80
10	80
0	70
0	71
0	15
0	0
0	6
2	2
0	39
0	5
8	9
28	28
0	11
0	23
17	9
116	2
0	2
14	4
17	5
1	54
0	52
0	0
0	0
0	41
0	47
0	31
11	2
38	21
0	21
2	21
6	21
77	43
0	43
45	0
0	65
0	78
0	0
19	0
0	136
118	0
43	8
0	0
1	8
0	8
0	8
0	47
18	172
26	48
0	75
0	6
0	15
0	21
80	0
0	53
6	54
6	22
3	1
3	4
0	4
0	36
0	0
0	0
56	253
287	1429
9	75
0	49
68	71
32	44
0	50
0	7
2	9
2	1
6	2
26	5
5	0
2	0
1	0
0	7
0	19
96	23
125	0
8	2
0	0
0	0
0	2
0	1
9	18
15	2
0	35
0	35
0	19
0	19
0	29
9	0
9	15
0	14
5	43
17	44
0	1
7	0
0	2
231	42
1	5
11	12
1	3
0	1
1	10
1	324
2	30
3	0
0	3
7	19
0	11
0	4
6	1
2	0
0	30
4	1481
3	1481
21	1507
0	1488
1	1488
1	3
1	24
0	21
0	24
0	2
120	260
0	2
0	60
0	12
0	0
1	1
3	157
33	126
41	0
504	89
3	69
2	19
0	3
2	1
7	17
0	11
23	877
0	877
0	298
0	247
195	165
40	274
82	2
0	2
0	14
21	15
148	16
0	4
0	3
6	13
0	52
203	19
45	43
1	33
1	12
0	22
0	0
0	4
0	9
0	11
0	3
0	6
4	107
3	103
0	1
0	1
0	11
0	11
0	11
0	29
432	151
0	28
0	70
0	28
4	29
0	3
0	1584
0	22
0	1534
0	3
2	2
60	1668
0	14
0	0
189	50
0	0
1	23
0	27
24	0
62	58
8	57
8	39
16	1
2	3
21	3
0	205
0	168
0	3
17	2
3	2
0	2
0	4
165	10
0	5
5	0
0	210
3	142
0	142
6	8
0	8
79	6
3	2
3	10
23	35
0	0
1	7
5	6
2	9
10	3
0	2
0	61
3	30
0	2
1	17
110	31
20	13
0	20
0	2
0	48
0	29
39	51
1	85
0	96
0	50
0	19
3	19
0	46
16	9
0	0
8	9
0	2
11	82
21	27
0	55
26	408
0	401
0	7
0	9
0	8
0	1
0	12
0	7
0	12
0	7
0	24
0	38
344	35
0	15
8	24
2	36
17	36
1	76
0	76
6	70
0	2
74	0
14	0
0	29
0	0
0	0
0	3
0	3
0	84
8	64
0	58
0	28
0	22
5	20
1	5
0	110
0	84
0	1179
0	10
0	0
0	3
3	1
0	42
1	33
47	11
4	32
0	8
0	35
1	0
12	1
0	1
5	0
0	2
0	2
0	0
173	30
87	73
0	51
317	108
21	108
7	56
11	1
23	27
0	26
6	26
0	1
0	0
1	10
36	78
0	59
0	33
13	34
4	10
0	0
32	18
0	13
195	12
0	5
30	8
0	1
0	0
1	0
0	4
0	5
0	5
4	0
0	13
0	13
0	5
2	1
0	5
337	36
15	56
24	84
0	0
0	14
0	2
0	56
112	62
0	62
3	1
0	0
142	38
0	15
70	6
0	30
0	6
0	6
0	2
0	17
0	3
0	2
0	2
0	0
7	11
10	2
0	5
0	8
0	14
0	31
0	8
14	140
0	9
2	143
0	131
8	128
0	114
0	113
0	56
0	56
0	35
0	32
0	8
0	23
28	18
0	8
0	8
0	1
18	2
0	25
0	26
207	49
5	9
29	0
0	40
12	9
0	15
1	3
9	16
0	5
3	21
2	20
0	0
0	0
2	0
27	41
0	41
0	21
0	41
2	0
0	0
3	0
0	3
0	4
2	1
2	2
0	2
21	17
0	6
4	20
13	1
0	17
0	17
0	2
0	2
0	50
0	61
0	63
9	63
0	13
0	27
0	130
0	120
0	5
0	7
0	0
0	0
37	34
3	63
0	2
0	48
14	55
166	7
2	85
0	30
81	77
0	1
0	1
58	51
0	38
3	59
44	61
0	43
0	20
8	15
3	2
0	10
4	1
0	0
0	4
0	0
13	8
18	32
36	83
1	38
0	5
0	12
0	1
3	3
4	18
0	27
0	4
2	0
10	111
0	38
0	178
0	233
0	178
0	175
17	92
0	15
0	8
0	26
6	30
0	9
0	23
0	3
0	1
4	12
0	1
0	0
26	0
1	7
4	7
0	63
12	28
0	27
8	14
0	9
0	8
0	2
1	13
0	13
0	211
0	211
110	6
0	0
0	0
23	2
2	1
0	182
0	237
0	8
0	8
0	4
8	0
95	13
0	13
1	0
6	16
7	16
0	17
0	17
1	6
194	22
561	52
1	43
21	30
0	27
78	14
0	11
0	9
0	2
6	1
5	6
0	5
0	5
1	7
805	40
0	40
2	9
2	10
0	1
0	13
0	1
11	7
10	5
0	6
0	1
0	0
0	0
0	0
0	0
2	0
82	116
5	30
0	20
0	10
0	209
0	32
16	192
0	207
18	205
0	178
1	171
78	185
0	94
0	62
11	62
5	24
1	0
129	36
0	14
1	22
0	7
24	45
2	0
1	2
0	6
3	43
4	32
32	113
0	50
39	108
0	27
0	95
4	9
4	9
0	1
19	107
0	54
0	32
0	119
2	45
0	12
0	198
17	242
0	197
54	5
0	314
19	9
0	9
0	6
0	33
30	32
0	6
0	8
0	6
0	0
1	1
0	2
0	0
0	0
0	0
0	6
186	49
0	11
8	30
43	49
0	26
0	1
0	1
0	1
6	8
12	0
12	55
26	55
0	1
0	2
14	24
0	23
16	1
21	1
4	78
0	18
0	78
0	2
0	5
0	0
0	10
0	10
31	25
56	29
0	15
0	0
122	5
89	26
7	28
0	5
1	279
0	2
0	0
0	2
0	279
0	36
7	36
25	36
0	0
0	0
0	29
17	29
86	9
0	1
0	0
241	49
2	37
3	0
58	2
1	2
1	7
0	7
6	3
0	3
0	3
4	35
0	35
0	12
0	11
0	12
0	184
0	222
0	222
9	30
1	30
0	30
1	3
1	54
0	222
76	0
0	0
11	2
13	0
64	100
8	33
0	55
0	5
0	0
1	0
11	0
6	1
12	63
0	135
0	0
28	0
0	1
38	171
0	1
90	0
94	76
0	5
777	0
0	13
12	2
1	6
0	13
0	223
29	73
0	6
0	47
1	9
5	13
2	223
18	56
60	54
0	54
0	54
0	54
1	17
0	8
2	2
3	2
53	3
10	3
0	0
2	1
0	46
7	46
0	20
0	28
0	14
89	235
1	233
5	227
0	2
2	0
29	30
216	2
42	8
8	14
11	14
30	0
0	2
0	2
32	63
0	53
0	23
0	21
0	29
0	12
52	63
2	10
0	4
17	0
4	44
0	31
0	12
33	24
5	2
0	0
17	0
7	157
36	42
0	41
0	34
0	34
0	59
0	0
0	0
39	0
0	0
0	98
0	16
0	42
0	16
0	40
0	14
0	8
0	6
0	10
0	8
47	6
3	4
9	0
233	3
0	2
0	0
38	11
0	3
2	7
3	1
8	0
25	28
8	29
44	19
1	3
0	4
0	1
1	1
0	1
0	4
0	3
10	4
0	1
7	0
38	18
6	274
0	247
0	5
21	45
40	46
0	45
0	3
0	5
36	72
23	117
0	57
0	47
13	28
0	4
38	0
0	1
198	0
12	0
21	21
0	2
76	195
0	2
0	194
7	2
0	157
0	2
34	2
0	2
0	2
117	2
11	2
9	2
0	16
0	8
0	7
0	2
6	32
0	44
7	6
0	9
0	17
0	17
0	36
0	44
43	23
0	21
0	1
0	1
5	0
187	44
0	2
4	3
0	14
16	5
0	4
2	0
0	0
1	0
0	1
0	1
0	0
2	5
40	96
49	96
28	42
34	45
0	6
2	0
0	0
0	5
44	43
0	0
0	43
0	10
0	16
5	35
0	35
0	33
0	1
8	1
37	0
22	0
0	1
0	1
0	1
0	1
0	0
0	0
61	50
19	47
0	42
4	1
71	65
0	56
4	2
2	46
11	78
3	4
0	12
0	5
0	6
0	13
0	126
4	0
19	127
0	26
0	2
8	1
0	39
4	39
6	39
0	1
0	1
0	9
0	12
0	5
5	2
13	243
62	50
0	40
8	0
0	121
113	108
654	61
2	2
0	1
0	6
0	7
4	1
0	0
29	7
0	6
4	6
0	3
1	1
0	3
0	2
0	1
64	2
21	1
15	850
0	62
0	14
0	787
0	1
14	19
0	1
0	1
0	6
2	18
20	12
0	10
2	11
9	13
0	13
13	42
0	1
0	1
0	8
0	41
0	8
0	0
1	0
0	33
5	40
5	40
3	13
0	13
1066	8
3	4
0	4
352	335
0	303
30	1
60	15
23	0
13	42
33	42
2	280
0	256
82	280
0	0
0	241
0	205
0	52
3	11
3	0
0	1
0	2
0	0
53	241
0	12
0	34
0	31
13	16
30	62
120	87
2	23
0	34
0	12
6	0
19	81
0	76
0	66
127	68
0	56
2	41
7	2
0	56
7	11
20	10
127	18
2	4
8	2
0	1
3	1
0	10
0	10
43	4
0	1
0	7
0	1
0	1
0	0
7	6
1	6
0	9
0	9
5	0
65	9
0	9
13	226
181	210
1378	0
1	0
0	3
0	0
2	2
0	2
1	3
1	3
12	3
0	13
0	13
0	13
0	6
0	5
0	6
0	4
2	4
0	4
0	27
1	0
0	2
0	21
0	21
0	21
0	22
0	4
0	28
1	2
2	0
58	2
0	0
0	2
7	0
0	32
0	32
0	5
0	3
0	3
0	2
13	35
7	34
0	34
3	6
15	6
2	0
0	0
0	26
0	1
8	0
0	26
214	0
0	10
0	10
0	9
0	2
0	19
3	129
0	42
0	53
0	24
1	40
0	14
0	0
1	1
4	116
0	0
28	0
3	7
0	106
0	103
0	7
0	6
0	6
91	28
29	142
0	13
172	95
0	95
3	83
0	13
418	288
79	283
0	288
12	271
16	7
1	4
1	109
34	105
3	0
0	159
0	158
0	54
5	28
1	28
5	27
0	7
4	4
2	0
4	4
0	27
0	27
0	27
0	4
0	4
0	0
1	0
11	109
0	34
0	49
1	0
0	75
0	109
2	0
0	0
0	0
3	0
35	17
248	31
0	7
0	21
1	7
0	7
6	1
0	17
54	46
24	2
0	0
0	0
0	25
0	23
6	10
24	49
13	20
0	18
12	0
0	0
0	29
9	6
0	6
0	5
1	5
54	201
0	3
0	7
0	2
10	87
9	3
0	0
2	175
0	160
0	194
0	120
0	9
0	80
4	80
0	49
63	43
12	2
0	13
0	4
0	16
0	6
0	3
11	3
12	3
0	32
2	52
0	55
0	52
0	0
0	1
8	0
98	1
3	1
43	0
90	60
2	8
1	0
43	0
67	11
0	11
88	2
5	0
19	0
11	2
28	13
0	13
0	40
0	40
0	0
17	2
12	0
32	72
0	72
7	51
11	61
10	67
14	42
0	13
0	8
0	3
0	3
0	2
2	2
0	3
0	4
934	86
0	71
1	9
23	0
1	0
176	20
13	1
363	35
0	16
0	1
2	12
1	12
0	5
7	3
0	14
0	49
20	2
12	51
1	18
5	66
0	66
0	55
6	57
0	1
14	7
0	0
0	7
6	8
0	2
0	2
1	1
0	4
0	3
0	2
0	2
0	135
10	128
0	43
0	50
0	188
0	174
0	17
6	31
0	31
4	0
0	0
0	14
93	15
58	185
161	185
6	0
361	11
1	8
139	40
0	15
29	12
0	5
1	5
38	2
0	1
52	16
95	84
0	17
1	17
0	25
0	24
0	16
0	0
0	32
0	36
0	36
0	10
0	36
0	5
0	12
0	12
222	216
42	84
0	84
0	90
0	15
1	94
24	58
11	38
1	23
21	0
16	0
0	0
41	88
0	82
133	21
11	21
0	52
1	6
5	24
0	94
0	111
639	201
0	185
0	59
0	35
0	35
0	10
217	189
0	189
0	10
0	1
0	0
0	0
22	5
0	0
29	2
16	0
30	0
0	0
6	16
0	1
0	6
19	3
0	3
5	2
0	2
0	0
2	0
1	0
0	0
0	0
0	0
1	2
0	738
0	811
0	719
0	27
58	20
0	12
0	822
1	240
10	307
0	276
0	6
0	12
2	9
0	1
9	287
0	238
0	302
0	65
19	58
0	58
0	37
0	35
0	35
0	0
0	65
0	67
0	67
0	75
29	39
1	60
3	4
0	9
0	5
0	29
0	0
0	2
0	1
0	1
30	56
0	0
1	0
0	0
0	0
0	6
0	81
0	75
6	55
0	13
0	8
9	66
43	1
41	0
8	0
58	651
0	52
10	9
0	3
1	1
2	3
31	619
43	87
0	76
0	31
0	15
2	1
3	9
170	1
1	21
0	22
0	7
3	0
1	11
0	8
0	3
0	3
26	4
16	49
6	49
0	14
12	2
34	2
67	0
17	85
0	0
0	0
1	0
3	0
0	85
16	85
34	9
0	7
1	0
1	6
3	1
0	6
0	6
2	10
1	12
0	12
92	25
0	11
0	15
7	0
0	28
0	13
4	0
86	15
0	11
8	12
2	51
12	28
0	9
0	17
0	5
0	9
5	1
0	1
0	1
0	2
0	1
0	0
0	8
0	4
0	1
0	3
5	1
141	40
0	28
0	2
44	20
34	0
0	3
0	13
0	13
0	10
0	10
0	13
234	63
46	0
1	1
35	3
58	56
9	56
20	5
1	21
0	21
2	1
0	1
83	4
8	7
6	26
28	26
13	4
0	23
13	1
1	4
0	4
153	121
0	1
4	19
4	1
0	14
0	14
0	0
1	0
0	105
0	87
2	1
0	22
2	3
4	30
0	3
0	30
1	0
0	4
0	1
0	1
4	27
428	0
9	86
9	56
0	53
0	32
0	22
0	30
0	3
0	8
0	6
0	101
39	102
20	0
132	2
0	8
7	10
0	7
0	5
0	0
5	4
149	478
1	0
45	0
67	478
1	24
35	1
1	0
6	136
0	324
9	87
31	104
0	87
63	80
0	17
53	47
0	16
8	7
0	10
3	12
0	2
0	2
7	2
0	12
0	3
4	2
0	3
0	3
3	3
0	126
1	83
0	139
0	155
2	39
0	16
3	0
0	0
14	71
0	1
0	14
4	2
8	13
0	212
12	46
0	38
119	38
10	42
1	21
0	2
0	8
0	3
0	1
1	1
1	68
0	68
0	68
0	68
9	68
0	5
0	5
0	32
0	23
0	0
0	1
0	61
6	70
0	49
0	31
0	10
8	7
0	100
51	102
0	1
0	3
0	3
1	1
0	2
0	5
0	5
0	2
4	2
44	1
11	53
0	53
0	0
19	74
0	3
0	2
284	9
1	31
0	9
0	0
0	0
0	24
0	2
0	26
0	1
2	54
0	53
0	54
2	0
2	3
390	217
1	47
4	0
0	43
21	21
0	31
0	3
0	2
1	0
28	4
0	4
0	42
0	44
1	0
169	17
0	12
717	14
0	12
0	3
1	3
0	2
98	6
30	0
76	14
0	13
6	9
1	37
21	39
25	128
0	104
39	27
69	14
94	0
137	7
7	24
0	1
38	0
133	11
1	8
0	13
0	13
0	11
0	25
64	80
2	29
0	1
11	1
0	81
0	29
0	29
0	0
7	105
0	8
57	14
0	24
3	5
258	31
0	25
3	31
2	3
0	1
2	0
4	0
0	3
1	0
0	83
0	85
0	17
8	3
0	3
0	53
24	17
0	29
29	10
0	53
4	16
0	1
2	10
0	38
1	32
1	31
0	36
0	6
37	15
3	0
2	9
87	294
0	247
0	91
0	10
29	247
12	133
36	142
0	169
0	169
0	63
5	58
0	46
0	15
0	34
0	169
42	20
3	13
0	13
5	5
0	19
526	101
27	467
0	0
0	15
0	31
0	31
2	15
0	13
0	1
0	1
11	59
0	33
0	24
0	14
0	48
0	4
10	30
54	18
0	0
2	1
2	17
10	0
4	2
12	2
6	14
0	14
38	14
4	3
0	1
19	9
0	12
0	19
0	19
47	6
88	18
0	37
0	7
0	199
0	201
33	202
0	175
0	157
0	171
0	1
0	24
0	160
0	160
20	42
0	61
0	178
0	61
114	1
0	1
0	1
0	0
0	0
3	0
5	5
1	10
0	12
1	6
0	0
3	2
0	12
65	31
0	31
0	14
0	13
0	28
0	34
0	1
0	0
1	2
22	5
0	72
0	72
0	5
12	9
7	9
0	4
0	0
2	1
41	273
0	143
0	140
0	51
0	0
0	3
0	2
0	21
0	2
0	1
8	22
32	98
0	81
0	23
0	0
16	0
0	273
0	270
349	207
0	25
45	200
39	114
0	59
4	100
0	14
0	13
12	22
4	10
1	197
127	0
11	0
1	149
0	201
11	4
27	11
44	72
0	101
0	90
183	102
31	59
0	91
0	91
1	27
0	5
0	37
8	5
0	5
0	8
0	5
0	2
0	2
0	2
1	0
5	1
0	10
0	9
0	1
6	29
0	1
0	1
1	1
0	1
0	5
0	3
0	4
0	5
50	0
0	4
0	4
0	20
3	10
0	0
0	20
605	98
0	65
48	66
0	4
19	33
0	118
0	51
3	27
10	17
8	31
1	12
0	12
3	1
1	1
2	1
2	18
22	24
25	1
0	1
3	1
10	0
3	0
177	148
5	3
0	6
0	3
23	26
5	124
0	13
0	2
0	1
0	3
0	3
7	1
0	0
0	41
5	42
0	40
7	13
0	40
0	40
0	40
0	30
16	32
0	29
0	42
0	26
17	1
6	3
4	2
2	0
0	2
14	1
10	16
0	1
13	0
18	19
0	19
29	6
3	0
38	15
0	10
67	188
0	156
110	184
26	103
0	4
2	0
37	42
35	0
2	76
0	4
0	80
18	2
17	519
348	562
0	41
0	14
0	11
0	11
0	1
0	0
1	1
4	0
0	1
27	19
0	119
25	133
0	90
0	90
0	82
0	0
0	3
4	4
0	0
2	78
0	79
7	36
0	37
0	9
38	23
4	6
2	3
21	4
0	4
1	0
0	0
0	1
0	3
1	0
0	0
3	0
2	0
49	0
0	11
0	11
0	11
174	383
0	383
0	324
178	2
41	262
0	255
0	255
52	71
0	275
1134	823
0	280
0	800
0	2
11	10
0	19
0	10
0	0
2	11
0	6
0	303
0	67
0	30
0	62
0	54
0	8
2	6
3	2
14	2
0	14
0	14
3	1
47	0
0	0
0	0
634	2
0	2
11	91
1	53
0	37
14	0
34	187
0	0
0	9
0	1
2	177
0	0
21	0
219	176
23	14
0	12
0	1
6	11
0	11
0	12
0	12
6	1
59	12
500	235
22	570
2	210
0	528
0	265
235	548
5	388
0	267
0	133
14	1
54	283
11	0
5	15
10	47
46	0
0	2
35	2
0	0
1	29
0	29
1	5
0	5
3	10
0	10
0	10
0	122
0	122
15	38
6	36
13	23
61	23
25	7
0	0
4	0
0	7
0	42
4	7
2	43
0	43
0	42
0	40
0	41
13	3
0	38
2	3
1	3
2	1
0	3
1	2
16	4
0	2
0	3
0	6
0	3
0	3
0	3
8	0
0	46
34	46
0	45
0	7
0	0
0	0
0	0
469	398
0	20
2	1
0	46
0	0
0	35
0	298
0	3
2	0
0	20
0	19
0	44
0	0
0	22
0	60
0	39
20	0
0	55
0	55
0	5
0	8
105	8
10	2
68	20
0	9
6	2
6	0
6	5
842	2
1	6
11	2
2	0
0	5
0	48
0	48
0	10
22	134
1	6
16	92
0	22
0	12
9	7
0	28
9	122
164	33
59	33
0	21
41	438
12	296
0	357
0	0
55	19
0	18
50	56
0	2
12	56
1	21
19	21
1	12
0	2
0	16
0	16
0	14
33	10
0	10
0	0
4	4
0	4
0	4
0	4
0	4
8	155
0	49
0	11
0	42
13	170
0	14
0	6
0	6
0	7
0	6
0	7
0	9
0	8
0	5
0	5
0	5
0	6
0	2
0	2
12	15
1	8
0	7
20	0
6	25
0	26
0	26
0	25
0	26
7	27
0	26
0	39
0	6
18	25
93	76
0	0
0	38
0	37
4	20
0	0
22	6
0	6
0	38
83	97
9	1
0	1
0	17
0	11
48	91
21	44
0	10
0	53
0	53
0	55
0	66
238	9
0	10
0	45
0	46
0	2
0	1
0	0
2	1
0	0
13	1
0	2
0	0
0	55
2	5
0	5
55	22
75	36
0	2
4	8
21	2
332	2
0	111
0	6
1	49
0	0
0	324
0	172
191	162
0	190
0	0
0	398
0	169
1	0
5	0
11	91
0	300
9	18
0	16
2	15
3	6
5	8
271	13
244	13
2	5
322	28
0	5
2	18
1	2
0	44
4	45
0	10
0	8
0	1
0	2
0	0
0	1
0	1
11	3
0	2
4	43
0	21
0	25
0	31
0	5
0	4
3	21
208	19
4	19
82	0
1	0
0	0
0	2
24	25
11	5
184	0
39	10
0	4
0	7
10	0
0	2
1	2
3	4
0	4
430	35
0	33
0	20
13	2
170	13
2	34
0	33
2	1
336	343
18	354
77	20
0	21
3	21
0	1
0	0
0	7
32	7
0	5
0	0
7	5
0	5
0	4
0	2
0	0
115	0
4	0
8	0
7	6
1	160
0	22
1	6
0	35
0	1
0	35
39	105
6	79
0	176
5	233
0	181
10	86
0	0
15	1
3	0
61	2
0	1
0	2
0	0
107	27
0	4
0	12
0	12
10	0
0	0
0	29
262	404
0	166
0	154
1	1
10	15
6	13
45	0
0	44
5	141
0	141
0	0
10	15
122	28
54	16
6	24
97	11
4	0
3	18
0	18
0	15
0	15
0	15
0	9
0	6
0	1
0	1
0	1
1	1
0	15
201	0
0	5
0	12
0	20
0	5
0	13
8	2
0	252
0	285
3	285
0	251
0	259
0	259
0	251
0	0
27	0
0	70
1	4
4	1
0	131
0	131
574	59
0	52
0	52
0	52
1	52
4	60
0	116
3	6
0	11
92	0
20	24
0	9
0	2
0	2
12	20
25	3
1	4
0	10
0	13
0	1
1	8
0	79
4	16
1	63
5	69
0	37
26	0
33	15
24	1
4	11
21	208
0	128
10	1
86	3
5	18
1	8
0	8
0	7
0	1
0	0
0	0
0	0
31	28
60	381
73	21
5	19
44	1
4	30
1	4
0	93
0	93
0	232
0	55
1182	252
2	239
10	116
0	13
7	12
1	0
3	12
0	72
0	73
0	10
128	232
2	0
8	232
0	3
0	9
0	99
23	1057
0	126
0	1
0	0
0	1
0	5
0	2
9	983
0	4
0	1
0	26
0	4
2	4
3	0
0	23
0	23
8	1
0	4
0	4
0	4
0	1
0	79
6	80
15	258
100	258
78	35
0	25
3	7
131	15
235	32
12	14
0	1
2	1
1	1
0	1
0	18
31	0
22	5
0	1
0	3
30	2
10	9
0	9
0	0
0	1
0	2
0	2
0	2
0	0
39	37
2	9
1	0
0	29
5	0
4	0
0	31
0	21
0	20
0	5
2	4
0	11
28	12
0	8
0	2
0	7
4	6
37	16
0	1
0	30
0	10
0	10
4	8
0	5
0	0
0	4
64	3
0	3
133	4
7	89
0	6
7	4
63	53
98	82
2	0
149	7
0	7
32	1
1	3
7	3
0	0
0	3
18	19
0	12
0	15
26	8
0	10
34	12
0	0
5	0
0	0
104	1
1	1
0	76
0	76
0	44
2	34
0	1
0	2
0	2
3	0
1	0
4	6
4	160
12	161
30	163
19	73
157	73
3	0
28	14
2	5
39	0
13	5
5	6
0	7
1	2
13	2
1	0
32	6
1	1
0	5
8	2
0	2
0	31
0	9
0	0
0	0
2	0
0	30
55	31
451	1
0	1
30	7
1	5
0	3
0	3
0	3
0	3
0	3
0	3
0	3
0	3
0	3
0	3
0	3
0	3
0	2
0	3
3	3
0	3
0	0
0	3
1	3
0	3
1	1
0	2
10	2
0	2
0	1
0	0
0	1
8	1
184	27
0	0
0	2
0	28
0	1
0	1
75	53
80	61
0	55
0	55
491	68
0	3
0	3
0	63
15	16
0	27
10	12
0	12
132	31
0	31
104	19
8	14
12	16
0	10
0	10
30	2
0	2
0	1
1	1
620	98
0	90
0	98
0	99
17	90
0	15
5	26
0	6
0	7
6	17
0	0
0	0
0	1
3	0
26	21
0	20
4	0
0	6
0	4
10	2
4	12
0	8
0	3
0	27
85	27
0	27
5	38
0	13
5	0
2	0
2	0
7	0
0	27
12	12
220	26
12	25
146	0
29	0
61	25
0	39
0	26
0	39
13	2
0	2
17	73
4	52
0	21
6	12
0	12
12	4
0	2
12	0
0	0
10	30
0	29
0	5
0	2
0	3
0	6
169	34
19	38
0	9
4	4
0	6
0	3
0	5
0	5
8	31
0	2
2	30
7	2
0	2
13	30
131	29
0	5
0	1
2	0
20	2
0	1
3	0
0	2
0	2
0	1
0	1
0	1
1	2
0	27
0	31
0	45
0	23
17	32
571	176
0	176
11	6
21	6
0	6
3	17
0	17
212	23
5	19
0	5
0	231
3	232
0	6
28	12
13	0
0	2
0	2
56	0
8	0
11	26
0	26
0	17
18	44
3	0
0	42
16	0
0	247
0	246
0	237
0	239
51	247
14	3
0	17
0	17
12	6
0	1
0	1
0	6
0	6
0	1
0	5
127	1
0	5
0	6
0	1
0	6
0	3
0	1
0	5
0	1
0	1
0	4
2	5
0	2
0	7
80	25
0	3
0	6
194	156
0	46
0	110
1	4
1	27
0	30
7	0
1	15
0	4
0	465
16	259
0	18
0	78
5	1
8	465
0	95
0	102
0	102
10	39
2	34
211	298
0	298
1	5
0	26
2	0
0	0
0	106
71	4
0	1
1	1
3	1
1	1
24	7
0	0
0	0
0	0
4	7
0	0
0	2
481	386
2	222
0	174
0	325
695	410
15	247
0	535
0	407
0	0
2	4
28	2
0	325
1	0
170	199
5	48
0	0
15	0
1	2
188	14
0	54
0	122
2506	868
4	286
42	30
0	59
2	5
14	81
5	81
0	1
0	78
0	76
0	65
394	66
106	1
0	1
0	17
2	48
26	40
0	14
0	7
0	5
0	5
3	12
0	6
12	6
0	6
12	0
0	21
0	33
0	26
0	22
0	2
39	8
17	5
0	2
59	72
2	51
0	15
153	2
0	0
3	1
2	1
3	1
27	0
112	40
7	14
240	17
2	17
26	36
0	48
13	15
0	2
83	100
4	35
0	93
0	7
6	19
22	0
3	14
0	14
8	264
0	264
0	264
24	243
1	8
0	26
0	19
0	14
0	6
0	5
0	21
1	3
0	12
0	8
0	0
2	5
0	5
0	0
0	2
10	0
0	12
2	12
0	6
0	12
0	12
0	6
1	0
0	6
0	4
106	4
3	0
0	0
0	0
5	5
15	3
0	0
0	0
0	15
45	15
1	0
0	0
0	2
0	3
1	0
171	269
0	44
0	45
0	18
0	17
4	161
0	217
133	42
0	36
0	28
0	21
0	13
0	39
0	17
8	17
0	0
0	3
0	10
5	10
136	0
2	0
59	33
0	33
2	0
28	2
7	0
7	20
0	0
19	0
0	20
5	9
0	6
61	5
5	10
0	29
0	34
42	179
0	179
0	0
0	13
0	13
3	7
2	9
0	9
1	8
1	7
0	2
1	17
2	3
0	2
1	0
0	0
5	171
0	273
1	77
0	0
0	102
5	1
24	4
27	24
22	25
0	12
4	5
0	10
0	3
0	6
7	5
0	5
123	5
0	5
55	2
46	58
0	51
0	3
12	0
1	5
251	87
16	78
110	72
2	0
0	10
178	95
18	80
9	4
0	4
0	24
0	81
4	81
0	20
0	2
0	4
2	1
7	61
4	4
0	7
0	4
0	7
4	7
1	1
6	1
11	1
3	1
40	3
77	63
0	61
0	3
0	1
1	2
0	2
2	1
0	22
0	22
0	0
93	41
2	34
0	41
0	21
0	18
0	3
204	100
0	70
3	3
0	33
0	0
1	29
0	29
0	0
0	0
1	16
40	4
0	0
1	3
2	0
2	2
0	0
143	0
41	0
23	2
0	2
94	0
34	22
7	21
0	11
0	11
13	12
0	3
0	3
1	3
2	3
0	1
19	10
0	10
0	5
0	5
0	3
0	3
67	3
0	3
4	3
1	2
0	2
0	0
0	0
9	0
292	2
0	1
0	0
9	16
2	0
6	70
0	70
8	67
0	2
2	8
0	7
0	9
0	72
528	72
0	3
1	3
11	9
0	9
208	41
2	16
0	15
0	28
27	16
6	28
0	2
0	11
0	8
41	70
0	10
0	23
0	11
0	49
0	49
0	49
0	5
0	5
20	68
41	68
0	0
0	4
0	4
7	4
0	32
8	26
0	19
1	26
0	1
0	1
7	11
40	0
27	10
0	9
0	7
87	301
0	301
0	4
11	177
3	0
0	10
0	10
0	8
0	7
0	7
0	3
0	6
150	3
8	3
0	5
1	13
238	39
0	10
2	4
0	5
0	13
0	2
0	1
0	1
0	1
0	1
15	1
0	1
0	1
0	1
49	42
0	32
8	2
6	13
9	10
7	6
17	32
0	15
0	19
2	19
63	0
597	30
0	34
13	34
0	26
12	26
1	0
91	26
0	16
0	18
0	21
0	2
0	0
40	0
0	0
6	0
0	0
33	5
242	0
0	24
2	19
4	11
3	5
111	26
0	14
33	52
0	9
0	0
0	0
4	1
0	1
1	13
12	0
1	4
0	4
0	4
63	17
2	17
0	4
0	2
0	2
1	0
27	4
0	3
0	1
10	1
10	0
14	93
2	94
0	4
0	0
13	38
0	0
0	33
28	0
1	15
0	15
0	52
0	54
0	20
75	177
0	177
646	145
0	49
0	32
0	39
781	23
0	14
0	17
14	31
0	4
3	5
0	1
0	5
11	12
44	61
0	61
0	30
6	31
0	1
81	2
0	0
7	18
2	40
0	41
0	25
33	28
4	9
0	9
0	9
0	1
0	1
2	2
0	248
315	248
0	93
23	2
2	0
0	12
9	101
4	29
2	70
6	19
18	13
6	9
0	0
24	23
0	5
0	40
0	6
1	7
0	1
10	10
0	40
15	46
2	44
39	9
0	9
7	19
0	21
0	6
20	20
1	11
28	11
31	11
43	11
0	27
0	0
11	0
0	0
0	0
6	0
13	68
4	55
4	78
0	74
0	32
1	32
0	0
1	0
3	0
0	6
10	6
143	48
6	38
0	8
0	8
0	5
19	12
43	95
0	88
0	13
24	6
0	2
0	6
0	95
27	1
7	0
0	0
11	6
0	6
4	2
21	38
4	17
0	52
1	31
12	48
0	35
0	42
16	0
3	0
0	0
0	77
9	37
0	12
0	12
0	10
0	10
73	13
0	13
0	10
0	10
0	10
273	5
0	2
316	38
3	18
4	3
0	3
38	20
0	20
37	0
41	0
28	31
0	25
19	31
0	2
1	8
0	25
1	43
0	43
0	38
0	55
2	48
9	8
0	7
0	0
0	1
0	0
0	0
0	0
0	0
46	8
0	8
3	0
0	1
0	1
0	1
0	2
0	17
0	0
0	8
0	17
44	79
0	0
0	72
0	30
36	0
32	0
0	5
3	0
6	0
0	9
120	9
24	62
0	12
0	62
0	0
2	0
1	59
1	9
33	8
0	3
0	3
0	1
1	2
0	0
0	1
1	3
0	1
0	1
0	2
1	1
3	2
0	5
0	5
7	5
0	7
0	2
0	6
0	6
1	5
0	6
7	773
0	227
0	39
0	25
0	0
0	1
0	2
0	0
0	1
1	0
0	773
0	773
0	773
17	95
0	16
0	12
0	93
0	1
14	0
0	16
403	16
0	0
12	1
4	36
2	44
3	57
12	21
0	1
2	10
0	0
0	25
0	29
6	0
15	4
0	5
0	6
0	3
0	0
0	1
0	0
0	34
0	34
8	17
0	3
0	2
9	0
67	0
0	0
0	0
8	0
62	16
0	9
2	0
0	0
1	7
0	8
0	8
0	4
1	5
1	0
0	4
0	5
0	7
3	16
1	33
0	16
238	17
3	91
350	26
14	25
0	58
0	1
11	22
0	2
0	0
40	3
4	35
1	91
0	13
2	13
0	0
0	0
1	0
42	190
0	189
1	137
0	18
0	2
5	1
0	25
12	2
0	23
0	22
3	7
0	25
5	133
13	120
0	120
9	16
0	4
0	0
30	7
0	5
4	1
2	9
4	1
0	14
0	12
1	14
0	0
0	0
3	21
0	3
17	28
0	6
252	54
0	1
1	1
0	10
0	12
0	12
0	1
0	0
0	1
198	5
34	587
0	1
1	0
0	0
2	0
3	0
0	585
3	12
0	55
9	54
6	34
2	33
3	12
0	5
0	13
0	1
0	9
0	25
0	6
0	4
0	2
0	1
0	1
1600	315
74	333
135	293
0	0
0	20
0	20
0	20
0	19
1	1
131	11
5	38
6	0
0	0
0	0
7	151
4	151
0	0
0	27
0	33
0	68
42	33
10	0
9	7
27	42
0	33
0	4
0	5
0	5
19	5
379	319
0	1
0	3
0	3
0	3
13	17
0	3
3	1
0	3
331	26
0	26
110	177
0	13
0	97
133	12
0	6
0	2
0	2
266	173
1	24
0	24
8	65
2	77
0	35
9	5
32	53
0	53
0	21
140	21
39	47
0	6
16	1
0	22
0	146
0	25
0	2
0	17
0	20
0	10
7	8
0	17
0	0
3	14
0	17
0	150
172	24
0	4
2	3
0	1
5	30
1	1
0	5
1	13
0	11
2	0
14	16
35	20
0	20
2	8
85	23
20	23
1	0
17	66
0	66
6	44
0	20
0	3
0	4
0	16
0	2
0	2
2	11
0	9
0	0
0	0
0	12
0	40
0	49
2360	432
0	25
0	33
0	25
0	15
0	5
25	12
9	3
0	1
0	2
0	8
0	8
5	11
0	11
0	47
23	32
98	291
1	0
1	1
0	0
0	19
0	12
0	32
210	39
0	230
1	55
0	6
0	6
0	3
1	2
0	26
9	15
1	2
3	0
348	0
68	1
0	1
9	5
3	0
6	7
251	28
0	14
1	10
19	5
11	3
0	5
3	2
16	98
112	319
1	0
103	431
30	31
0	31
0	13
1	0
11	21
0	17
44	10
16	10
0	2
20	0
0	0
0	0
1	0
457	9
0	2
77	17
19	5
95	42
1	42
1	0
0	0
8	1
34	56
0	49
0	40
3	1
1	11
0	25
2	0
0	9
89	0
1	0
0	8
1	0
0	0
206	5
0	5
3	2
3	3
6	2
0	0
136	178
0	178
5	95
0	94
0	54
0	57
0	49
2	0
0	19
0	5
0	4
8	4
0	4
0	16
12	14
0	15
0	10
0	14
9	14
0	9
0	281
0	333
0	0
0	34
0	22
0	15
5	4
0	4
131	71
18	71
0	33
0	33
0	29
28	168
0	142
0	122
2	0
1	2
17	23
2	17
1	17
10	6
20	30
0	30
0	1
0	3
0	20
0	21
0	2
0	12
0	9
0	1
2	1
0	1
0	25
0	25
45	588
34	588
28	0
0	4
0	4
1130	241
0	82
0	1
0	159
20	44
0	37
9	11
0	1
0	1
1	1
0	0
2	0
0	1
0	28
0	0
52	24
0	24
0	16
0	4
0	3
0	4
20	12
0	12
20	21
0	7
17	0
33	85
16	123
1	68
2	85
17	0
2	0
0	21
0	21
1	2
0	2
9	2
0	2
0	4
0	0
0	4
0	21
0	31
0	31
0	31
0	31
0	31
0	9
18	25
155	25
0	11
14	7
0	213
0	176
0	30
0	44
5	0
3	0
0	1
0	2
0	1
7	8
0	213
2	146
2	145
1	36
4	51
0	4
0	4
0	3
0	0
0	24
0	2
70	2
0	1
0	16
0	14
1	14
0	14
16	15
0	8
0	6
6	0
34	0
107	11
0	11
1	0
10	0
0	0
32	173
0	122
0	106
3	124
5	145
0	91
14	30
0	1
0	10
0	0
0	7
0	8
28	33
0	6
0	2
0	0
0	12
0	3
1	0
0	12
0	18
0	56
0	56
2	56
0	6
0	0
0	38
0	0
76	2
143	13
1	13
0	13
0	11
0	18
0	1
3	1
0	0
10	0
0	1
0	1
0	1
0	1
6	1
69	158
0	87
27	83
0	2
0	28
7	166
81	23
0	169
59	67
5	0
0	17
0	50
30	0
0	12
6	12
0	1
0	1
21	77
0	1
12	70
0	19
6	0
0	69
45	9
171	25
11	40
1	2
0	2
0	2
2	7
0	7
12	0
120	0
1	37
0	34
0	12
11	27
63	24
0	17
0	1
0	0
0	235
0	12
0	8
0	61
3	29
0	25
2	65
0	235
3	4
0	4
0	4
32	0
24	25
0	17
0	2
0	17
0	13
0	9
7	43
0	1
0	27
0	1
0	0
6	47
19	12
30	12
47	27
3	5
0	22
3	0
0	0
13	5
0	1
6	4
5	8
0	63
245	63
4	2
1	57
0	61
0	11
0	0
0	0
12	0
35	185
4	184
27	184
152	120
20	113
6	0
0	1
4	1
0	2
20	2
0	2
1	4
0	4
14	0
5	4
88	0
2	0
0	1
5	1
0	30
407	90
0	9
1	0
0	0
10	2
1	2
15	20
23	50
1	6
31	11
32	1
64	1
22	10
7	0
1	35
0	34
0	19
0	25
2	25
0	5
1	0
0	2
1	0
51	53
0	52
65	6
0	6
203	4
4	4
17	9
0	0
0	67
24	33
2	1
0	1
0	85
0	96
21	105
0	89
6	9
0	62
2	109
77	25
22	98
0	101
207	98
0	62
6	11
0	5
4	4
0	20
1	2
0	18
0	0
0	29
0	30
0	26
2	30
0	30
0	4
149	5
0	1
0	0
1	0
0	4
325	4
0	8
2	9
0	9
36	15
0	4
0	7
35	7
56	0
311	72
0	3
97	19
1	20
0	68
0	67
0	8
0	7
0	18
0	14
0	54
0	42
0	12
0	1
0	1
0	11
2	1
0	14
0	15
1	4
0	2
0	2
1	0
0	11
0	11
0	11
0	2
0	10
33	10
0	10
2	2
29	2
31	91
0	2
0	89
0	61
0	20
0	20
0	21
0	2
0	2
0	2
60	9
3	0
0	1
0	9
0	4
118	25
0	25
0	0
21	49
0	39
0	39
0	10
58	70
12	64
0	69
0	54
0	53
0	5
0	4
1	1
0	4
0	3
0	3
8	39
0	1
0	0
0	39
0	39
11	46
0	1
1	1
10	1
0	31
0	2
0	30
37	7
0	7
5	0
60	82
276	61
7	53
0	52
0	36
0	36
0	14
1	2
0	2
0	1
0	3
0	3
1	3
12	6
0	6
7	15
0	12
0	12
0	7
0	3
0	2
0	102
37	184
12	184
22	5
0	5
32	35
0	35
0	35
0	35
0	3
0	91
18	78
0	44
0	35
0	41
2	12
4	10
0	10
0	19
1	10
46	0
204	1
53	1
0	1
0	0
0	0
1	0
6	1
2	4
0	4
0	3
0	1
3	1
0	1
0	15
0	15
26	3
8	37
2	56
17	2
0	39
0	3
0	33
0	2
0	2
18	0
6	20
0	59
0	8
1	8
0	6
226	2
0	0
197	6
0	9
0	3
48	13
0	13
6	0
7	5
28	27
0	40
0	44
7	40
0	27
0	26
0	4
0	1
0	10
0	19
34	5
0	4
6	0
0	11
31	0
0	0
0	2
15	0
0	2
1	35
0	29
9	64
0	30
0	54
0	1
348	3
1	3
13	11
0	1
0	1
0	1
0	2
12	0
3	0
20	30
1	30
5	15
5	10
10	10
0	10
0	11
15	96
0	98
1	35
3	3
1	0
7	5
5	0
2	0
0	36
6	36
0	3
3	0
0	3
0	3
0	1
12	41
0	12
0	27
116	323
0	286
130	329
0	50
0	12
0	168
27	182
0	323
0	20
0	6
0	4
0	1
0	1
0	1
6	7
0	6
0	2
0	6
0	7
0	0
6	1
11	5
0	16
0	6
0	16
23	6
0	11
0	57
7	58
4	6
1	25
4	9
247	159
9	1
0	0
4	0
475	158
15	0
8	22
0	0
299	22
0	19
0	18
0	19
0	15
1	21
0	12
0	18
1	0
0	9
0	0
0	5
0	0
240	102
138	102
29	30
63	127
25	120
0	149
10	4
1	0
0	2
6	1
0	0
33	2
6	5
104	114
0	114
0	34
118	34
0	38
11	0
0	2
77	13
21	9
1	3
23	9
30	23
5	21
0	10
0	0
13	0
1	4
0	5
0	5
14	5
0	5
0	4
0	0
1	0
3	1
0	35
0	35
68	78
0	9
206	78
0	78
0	48
0	29
39	11
0	9
194	0
12	10
2	10
0	2
1	0
0	0
0	10
38	72
0	33
2	19
0	26
4	58
0	12
0	26
0	6
0	0
0	3
0	374
21	475
0	235
0	231
0	10
0	26
0	26
0	45
1	45
0	8
2	13
0	1
11	0
0	236
0	246
6	32
0	5
1	1
0	1
7	33
0	1
38	57
0	39
5	23
0	25
0	41
328	18
64	7
8	0
15	394
0	19
10	382
11	1
117	93
38	85
1	9
16	10
1	11
0	11
0	2
0	6
0	21
23	23
0	6
9	19
0	10
62	6
1	47
0	46
1	5
16	0
7	5
8	3
1	0
2	3
0	1
18	2
0	32
0	32
0	31
0	27
0	30
1	1
3	30
0	1
144	18
0	18
0	18
529	24
0	18
10	21
0	6
0	8
17	37
0	22
26	46
1	15
3	20
21	63
1	63
4	56
2	60
0	9
0	7
0	5
0	5
0	38
0	89
9	86
40	11
0	0
4	105
4	21
0	22
0	22
2	0
13	15
0	15
12	0
0	0
69	81
23	53
1	0
0	3
2	1
120	49
0	54
475	106
79	88
0	75
18	0
11	3
7	3
22	0
0	1
0	20
4	1
0	0
9	6
0	1
0	0
0	6
7	19
21	7
7	23
2	1
30	5
91	2
6	0
38	14
4	2
2	0
0	0
0	67
0	67
0	66
0	67
1	19
391	34
16	0
1	34
1	1
1	618
0	618
0	618
19	714
0	36
7	4
0	744
1	20
0	14
5	12
19	5
0	0
147	206
1	195
0	57
0	66
0	38
21	10
2	1
33	0
56	39
0	15
1	29
1	3
1	1
1	0
0	2
1	2
90	64
4	47
0	63
19	16
5	7
0	0
16	0
1	2
0	33
0	24
0	16
1	4
5	3
0	0
5	9
0	10
4	13
2	13
5	1
7	23
0	61
0	8
27	38
0	0
80	0
37	5
0	5
0	4
0	27
0	27
0	27
0	27
0	27
0	20
0	81
185	70
0	22
0	10
0	8
14	20
1	3
0	3
0	0
1	0
20	1
0	7
0	9
1	4
122	30
2	75
3	11
0	11
87	28
14	0
0	1
4	0
23	3
0	83
0	133
2	47
0	14
0	1
0	3
1	2
14	22
3	0
0	0
10	3
4	0
0	0
0	0
0	0
0	3
0	0
40	3
0	3
2	1
5	0
0	152
76	152
26	11
0	8
0	14
0	14
0	19
0	20
0	30
0	30
0	6
0	2
1	4
0	3
0	3
0	3
4	3
0	30
0	29
0	5
0	7
1	7
27	8
0	7
4	8
0	0
0	20
0	19
0	20
0	19
7	1
0	1
0	1
0	1
0	1
0	1
10	1
0	1
0	1
0	0
0	2
4	0
3	21
65	2
2	2
110	97
2	105
0	41
0	46
0	33
0	26
0	29
0	34
0	30
0	27
0	23
0	18
0	14
0	37
0	21
0	3
0	19
25	3
0	11
0	0
52	15
7	15
1	0
15	29
0	29
0	3
1	3
1	0
0	92
77	92
0	36
0	36
22	36
0	2
0	30
0	30
4	5
0	5
124	58
214	12
36	485
0	31
0	43
0	25
0	22
0	37
0	24
29	19
8	8
0	2
0	35
33	42
0	117
0	117
1	2
0	3
4	0
1	0
5	78
0	1
9	15
194	502
47	238
0	213
0	10
0	27
11	146
92	503
0	500
0	9
0	15
0	10
0	13
13	0
0	0
0	27
0	3
2	0
0	0
0	6
0	3
0	22
0	32
0	40
0	32
0	1
0	40
0	21
0	21
1	2
0	0
0	0
5	3
61	17
1	1
3	3
0	9
5	165
0	90
2	2
0	1
0	3
1	2
1	58
0	0
1	20
0	108
0	135
3	130
0	13
35	13
2	12
0	13
4	0
0	0
1	0
2	11
0	11
231	17
0	14
7	6
5	17
7	0
11	5
86	0
32	4
1	1
8	4
0	2
3	0
0	2
0	23
0	23
1	3
0	0
0	0
53	4
52	4
0	11
0	11
0	8
23	0
155	0
10	0
0	0
0	44
6	47
19	173
0	47
0	31
10	18
0	1
0	0
0	0
0	0
11	3
5	40
1	3
12	3
1	4
28	33
0	31
0	2
1	2
17	0
139	18
0	92
0	13
16	79
3	79
203	0
13	40
0	25
16	21
145	0
429	122
33	8
0	34
0	28
9	36
0	12
21	4
1742	11
3	0
21	0
7	11
25	551
977	567
79	32
0	30
31	0
0	22
0	27
0	6
0	78
0	96
0	82
0	27
0	2
0	1
26	56
26	15
4	4
32	0
0	0
11	60
0	35
4	15
0	15
0	24
7	24
4	4
11	1
0	3
1	55
0	46
15	53
0	55
32	0
0	128
13	586
0	553
0	396
0	368
2	294
27	107
0	20
2	0
9	0
1	0
3	0
19	5
1	1
0	2
8	192
3	2
65	38
3	1
2	6
0	7
29	0
0	24
45	33
0	3
3	55
0	3
1	10
67	22
21	10
0	38
0	38
10	33
0	50
0	10
8	13
0	1
25	1
0	2
1	1
0	1
0	0
51	73
8	27
2	26
0	11
0	36
1	1
13	0
10	0
0	39
0	17
0	5
0	38
5	15
0	2
0	5
0	15
0	3
0	5
0	5
1	3
0	36
23	3
0	7
0	7
0	4
77	60
0	60
97	14
7	108
0	102
19	108
2	107
0	18
0	21
16	18
0	23
0	8
0	19
0	19
0	20
0	103
0	105
0	102
15	44
0	34
0	2
64	3
2	6
0	12
3	3
2	1
42	102
94	114
0	33
84	15
3	4
0	3
0	2
17	11
5	82
0	1
0	81
0	6
10	7
1	3
0	41
0	3
0	9
12	72
16	77
0	12
0	0
36	0
117	149
14	0
0	71
72	85
2	0
0	0
13	572
0	2
0	30
30	147
0	33
0	32
142	540
148	0
29	24
0	19
0	2
6	0
71	9
241	0
0	0
26	242
14	250
568	19
101	0
5	2
32	169
17	19
0	11
0	86
8	8
0	5
0	4
1	7
0	4
0	1
39	190
0	20
46	8
8	19
119	40
0	40
2	0
0	42
812	42
21	2
6	0
51	6
0	6
0	853
0	853
0	39
3	38
0	0
23	8
0	5
0	3
0	3
0	5
13	85
0	90
112	6
7	4
0	1
0	1
15	3
4	6
0	6
1	6
2	2
171	10
1	10
1	0
27	62
0	47
36	8
0	5
6	14
0	14
1	17
1	17
0	0
0	1
0	9
0	9
405	95
3	26
128	3
0	0
0	0
0	10
0	0
23	7
1	78
1	47
13	56
70	55
40	13
1	37
43	33
0	2
0	6
0	4
14	236
2	3
0	183
0	183
0	200
0	1
15	1
74	163
0	319
10	284
8	18
9	6
0	18
0	7
0	7
0	6
0	7
27	13
125	2
4	0
0	1
73	4
0	1
0	7
40	179
2	172
0	68
9	52
0	2
0	2
0	2
0	0
0	0
0	2
1	2
25	0
2	0
2	0
1	0
3	0
3	5
0	5
0	16
0	16
0	1
0	8
0	1
0	8
0	2
27	60
0	58
0	19
9	0
1	13
0	12
0	13
0	12
5	4
50	0
40	63
165	202
34	2
14	137
0	1
0	12
0	12
109	125
8	196
5	51
23	0
20	235
0	244
2	77
0	1
4	0
0	2
0	2
19	9
4	170
0	2
4	15
0	3
0	3
0	12
0	1
0	3
67	8
0	9
1	3
0	1
1	8
0	9
37	52
0	73
51	73
23	41
0	17
451	8
0	0
6	17
26	4
0	1
0	0
4	85
9	92
6	92
0	57
0	54
0	1
119	0
0	11
0	0
31	6
0	7
8	1
0	2
2	1
0	0
0	0
0	3
4	0
2	0
3	3
4	3
98	16
1	13
27	7
3	24
0	66
0	32
0	4
8	15
0	5
0	34
10	0
4	12
3	37
0	29
0	161
0	29
0	29
0	4
98	44
9	44
0	6
4	0
47	61
75	61
0	93
0	93
0	4
1	3
126	5
14	3
43	3
0	2
0	7
11	0
5	9
1	1
0	64
0	70
0	56
0	33
3	16
0	5
0	6
7	0
0	6
0	2
4	1
0	5
0	12
3	98
0	98
0	96
11	77
1	1
0	15
8	0
9	13
2	0
0	0
7	0
119	44
0	29
0	16
13	31
26	31
0	31
0	31
0	31
0	34
0	34
0	31
1	31
0	31
0	31
0	31
0	31
0	4
0	4
2	4
48	0
59	0
36	37
0	33
69	50
0	25
0	8
0	1
1	3
0	3
8	6
0	1
3	5
0	5
0	5
1	1
26	3
0	2
0	1
7	0
122	208
37	173
0	190
0	5
3	5
0	1
0	8
39	13
0	10
0	64
19	114
0	4
0	5
0	9
22	4
0	8
0	77
22	17
0	6
0	90
1	5
0	5
0	39
51	62
0	35
0	2
3	0
0	62
13	2
2	2
0	0
26	0
128	0
33	137
0	100
53	99
3	2
8	38
0	43
28	75
0	6
10	74
0	12
1	70
0	43
201	60
5	17
3	0
23	37
4	33
1	0
20	14
0	2
1	2
0	1
133	0
124	79
0	27
2	0
0	71
0	36
2	3
90	215
2	0
3	14
2	197
0	113
37	10
7	10
16	1
6	1
31	128
3	0
78	1
0	1
0	0
8	0
11	0
0	0
16	116
0	116
0	3
2	4
0	8
6	5
113	841
0	839
25	1
3	1
0	6
0	6
0	64
0	64
1	28
9	21
0	38
0	2
2	1
8	10
1	2
0	1
4	0
0	21
0	21
0	21
258	0
0	26
0	30
1	143
0	142
0	57
23	42
0	4
0	20
0	4
0	4
27	13
0	50
0	4
0	4
1	1
1	1
0	3
5	3
3	3
9	0
11	43
0	91
0	24
0	54
0	8
0	12
20	6
6	1
5	45
27	1
0	57
0	7
0	6
0	7
0	7
8	2
0	1
31	0
13	0
1	0
5	0
1	7
0	2
0	2
10	2
0	2
2	3
43	1
21	30
0	32
0	33
5	38
6	0
0	10
0	1
0	1
129	0
0	5
0	2
0	4
47	39
0	5
1	7
0	5
0	6
0	2
0	5
0	0
0	3
102	1
1	20
0	20
59	13
3	13
0	12
8	0
1	0
2	126
74	103
0	22
12	12
11	14
10	0
0	139
0	41
0	9
0	4
0	7
1	2
0	47
0	14
0	37
7	40
0	139
0	4
0	18
0	18
2	0
0	18
23	16
2	1
0	8
0	16
5	7
0	3
0	1
0	16
0	16
51	19
2	27
3	2
9	5
3	25
31	0
61	178
0	178
370	49
0	1
0	1
0	1
0	6
0	0
0	1
0	5
0	6
0	11
0	11
11	22
6	21
0	6
0	6
0	2
0	1
50	9
0	9
30	81
0	1
0	1
0	0
1	0
0	0
118	108
0	5
0	39
0	97
37	37
19	99
44	44
39	20
11	18
31	8
0	23
1	1
0	15
31	15
7	1
0	1
21	0
3	241
2	247
0	179
0	8
0	0
0	2
0	0
0	247
8	40
1	30
9	26
0	32
11	0
19	10
0	14
2	16
0	15
80	25
289	13
4	14
0	0
0	8
0	8
0	1
1	1
1	21
0	0
0	0
59	2
2	36
26	83
4	3
0	21
1	13
0	19
5	2
0	1
0	7
5	3
0	3
0	9
27	2
0	9
24	30
0	30
58	30
0	9
0	31
0	29
37	8
17	7
0	14
0	14
0	0
0	0
37	110
1	12
5	87
33	93
0	93
6	81
5	82
46	98
46	78
10	21
0	12
0	10
0	10
14	24
0	11
0	3
0	9
0	0
0	8
0	10
9	5
13	9
0	9
0	8
0	1
1	50
25	65
11	0
0	62
167	209
2	5
19	132
0	31
0	153
10	4
1	17
0	12
4	17
0	1
4	1
2	28
13	15
1	14
2	1
0	1
5	12
14	0
0	12
36	0
16	6
1	6
0	1
3	1
29	12
0	17
0	5
0	3
3	0
28	29
3	11
0	25
1	26
9	16
0	172
0	204
0	297
0	303
0	318
11	11
0	0
0	182
0	0
0	257
0	296
0	318
218	0
90	52
0	48
4	143
7	119
0	52
0	102
1	45
0	45
19	1
55	0
31	26
523	50
17	50
7	59
42	59
132	135
35	65
0	76
0	0
22	230
6	0
2	0
25	44
0	38
0	135
0	36
0	7
1	5
0	62
19	55
3	16
0	36
0	11
6	11
10	63
53	7
2	1
0	0
36	6
0	83
0	37
324	0
0	0
0	35
8	76
0	57
3	20
49	1
15	3
16	1
119	77
0	0
1	0
0	0
7	67
0	2
0	2
0	1
0	1
1	9
2	12
19	12
0	10
3	14
0	8
0	2
0	4
6	70
0	3
0	8
0	12
1	10
0	1
4	5
0	5
9	177
0	11
8	176
19	164
1	87
0	119
364	273
0	0
0	0
0	49
1	137
229	226
0	139
0	87
6	0
115	63
0	13
9	13
0	15
51	15
0	2
4	1
0	5
19	39
67	39
0	38
0	38
1	38
68	0
0	30
5	91
0	57
0	45
0	42
0	61
0	6
0	4
0	2
0	2
2	2
0	38
8	4
2	26
0	91
33	9
0	3
0	0
29	7
4	7
0	1
13	0
0	1
2	0
5	0
0	4
0	4
1	8
1	10
12	8
0	52
0	78
20	56
0	73
0	48
9	24
7	17
82	4
0	33
2	6
9	25
8	22
0	17
5	19
0	7
0	16
0	16
0	16
0	2
7	0
1	0
2	0
66	7
0	1
11	1
4	1
1	37
1	37
0	5
14	6
4	0
1	10
17	12
7	11
0	0
0	2
4	0
25	5
0	1
3	0
23	82
0	82
0	9
0	45
0	0
195	28
16	8
0	8
0	8
1	16
0	16
0	29
22	29
0	0
0	0
0	0
0	35
0	35
0	199
79	199
9	95
6	156
2	0
0	160
0	47
1	238
0	238
1	94
44	8
0	0
2	0
0	0
0	1
0	8
0	119
105	0
0	0
301	46
0	1
26	1
13	13
0	11
0	32
0	0
0	10
0	4
0	3
0	3
52	30
0	20
57	157
0	50
1	0
0	1
73	7
1	15
0	16
0	16
0	26
0	6
6	17
0	6
0	6
54	0
0	6
0	6
10	4
0	1
2	0
5	0
92	0
10	0
2	0
0	28
0	15
3	16
22	115
37	21
0	10
0	10
62	0
56	14
8	0
5	2
3	0
0	3
330	139
24	12
0	11
6	14
0	14
0	11
0	11
0	4
9	0
0	6
1	6
31	24
0	2
0	2
0	2
0	5
0	0
0	3
4	4
0	19
0	4
5	0
0	2
11	22
1	17
59	12
6	12
0	4
1	0
47	8
0	5
19	1
1	0
0	3
194	479
47	354
0	379
1	0
3	13
20	53
0	42
2	44
0	41
0	3
1	2
1	0
24	10
1	10
28	62
53	64
0	52
0	14
0	8
53	11
0	54
8	3
7	49
0	44
0	44
42	50
6	24
11	22
2	23
12	36
2	13
0	14
0	19
0	3
4	2
0	2
12	0
121	18
0	14
0	3
15	0
0	2
5	0
19	142
0	83
0	100
1	12
0	1
2	138
52	3
20	4
8	2
0	1
0	4
0	1
3	4
0	3
1	0
3	0
0	2
2	0
3	0
38	589
0	1
8	589
0	4
0	9
51	16
0	3
0	3
0	9
0	0
0	0
1	0
7	0
0	0
4	1
0	0
0	0
7	0
0	1
4	0
0	4
0	593
8	7
0	0
0	4
0	65
0	4
3	285
128	453
3	195
3	28
0	28
0	18
1	199
14	4
0	0
0	0
0	5
0	4
0	3
0	3
0	4
0	2
2	0
12	3
0	2
0	2
0	1
3	44
232	45
0	10
3	10
1	0
20	0
15	0
2	28
49	42
29	46
0	23
0	5
0	22
1	1
4	6
35	30
23	26
1	7
0	4
1	4
0	4
0	4
0	4
0	4
20	0
25	3
2	1
0	1
0	0
0	3
0	34
0	65
2	32
0	14
72	92
4	3
0	17
0	9
0	4
0	2
0	4
4	65
32	0
2	7
3	1
4	29
0	29
0	29
0	19
0	11
0	0
0	2
6	11
1	1
0	1
7	0
123	66
0	66
1	2
0	2
36	240
0	265
0	9
0	17
213	94
6	80
161	24
0	41
0	16
0	17
0	14
146	80
0	25
1	9
6	0
0	25
17	120
13	112
93	57
1	8
0	69
0	15
14	3
111	3
0	3
46	14
0	1
6	10
5	9
0	6
0	9
2	0
0	363
2	366
0	366
0	366
0	363
4	0
0	0
7	15
0	0
0	6
0	6
0	6
0	2
0	2
664	446
31	111
0	147
25	82
1	1
10	0
0	11
10	72
4	1
0	1
97	13
0	2
0	1
0	1
9	3
3	0
5	1
0	1
0	7
6	1
0	0
4	0
0	2
1	1
2	8
0	12
1	12
901	5
0	2
0	9
0	9
7	14
3	2
1	12
0	48
3	48
0	10
2	2
0	2
0	2
59	1
246	115
0	115
21	106
2	39
0	67
2	40
0	87
0	36
5	36
3	0
29	156
14	283
1	769
39	951
10	16
0	9
207	14
10	14
31	7
0	7
7	0
0	0
2	20
11	247
0	24
0	247
0	22
41	2
0	8
0	0
19	27
1	27
1	3
1	3
0	4
5	7
0	26
10	26
0	4
38	0
2	0
4	1
1	61
0	3
0	2
1	31
0	8
0	61
82	2
0	2
0	20
0	27
9	27
4	27
0	37
41	1
140	13
0	7
0	13
1	0
7	2
0	2
116	42
0	44
0	6
49	87
1008	61
0	82
0	2
12	1
1	9
0	2
0	6
2	3
4	10
0	20
0	12
51	87
0	22
0	87
0	2
0	23
17	50
0	5
4	44
0	1
53	6
0	0
0	0
0	18
140	18
0	21
3	5
0	5
0	3
0	3
0	3
68	27
60	0
92	47
0	17
3	6
0	31
0	1
0	14
0	14
0	14
3	0
0	0
1	0
0	38
2	38
0	37
1	1
0	77
6	77
0	9
58	5
3	106
10	41
0	55
0	72
0	65
0	92
0	2
0	2
0	2
0	2
4	8
0	6
0	3
0	0
0	64
11	16
0	12
0	89
0	4
0	57
0	16
0	4
0	15
0	4
5	0
1	2
8	6
3	10
18	10
7	57
0	204
0	204
0	4
0	1
0	17
21	21
45	10
0	1
14	12
0	2
69	0
129	3
0	3
0	3
0	1
5	3
4	71
5	57
1	56
0	20
0	20
0	5
11	173
9	81
0	105
0	106
0	102
0	15
0	1
0	1
0	0
0	0
0	0
0	64
0	18
14	37
0	20
88	48
0	11
0	2
12	19
29	4
4	4
0	1
0	1
1	1
0	178
18	2
47	2
3	7
0	2
1	4
0	1
0	106
0	1
125	184
6	79
0	1
0	1
0	120
34	44
0	44
0	1
0	0
16	35
0	1
20	115
0	14
0	23
0	4
2	8
0	22
0	10
0	0
0	31
8	113
0	18
0	448
83	126
23	126
0	201
0	24
0	201
0	4
0	0
0	0
0	4
0	3
0	123
27	33
3	18
0	32
14	28
7	2
10	3
0	1
1	3
173	66
0	61
13	12
0	10
15	2
8	47
0	47
0	43
6	24
20	16
9	1
411	0
0	0
24	74
0	74
0	48
9	39
0	19
14	19
5	46
0	2
21	2
19	3
298	1
4	1
359	249
0	249
5	0
26	8
0	6
0	6
0	113
30	126
0	6
0	6
0	149
0	149
53	33
8	0
206	0
92	0
0	148
46	0
13	0
23	1
0	1
407	0
201	172
0	1
12	172
5	27
136	20
1	20
0	19
3	15
0	4
3	4
0	6
16	4
0	3
17	5
19	22
0	21
36	0
0	0
3	1
11	0
23	8
0	38
0	4
33	59
0	40
50	1
6	18
30	14
0	9
0	1
0	12
0	5
0	6
0	6
0	2
0	4
0	2
0	2
0	2
0	0
5	16
32	16
0	361
140	365
0	289
235	182
0	107
0	117
44	13
0	24
0	24
0	0
0	11
1	13
7	0
24	0
1	0
0	396
22	0
0	396
0	16
0	43
4	1
47	43
1	101
21	127
0	10
1	56
0	56
0	8
4	7
0	0
0	1
0	1
0	0
0	2
5	87
92	0
0	63
0	59
0	53
11	320
0	304
0	0
1	4
0	2
0	4
104	49
0	49
3	10
0	17
111	33
10	18
2	1
6	0
0	56
26	56
0	56
0	2
0	1
9	0
0	0
13	0
47	18
0	18
3	3
17	24
0	24
4	0
552	225
937	211
153	195
4	0
121	0
5	6
1	1
0	6
0	0
1	7
2	0
0	144
0	144
0	125
0	13
0	115
2	32
20	0
26	11
0	9
5	7
3	114
10	7
96	198
0	198
2	170
5	24
0	23
4	22
0	3
99	926
0	925
108	89
0	0
113	7
5	0
0	1
0	0
0	21
0	33
0	15
0	13
0	3
0	16
0	4
1	1
79	88
0	88
0	84
2	0
57	129
0	95
2	2
0	111
397	139
1	0
0	9
6	8
0	15
0	11
0	1
0	10
19	71
0	58
0	11
123	10
173	29
0	28
372	0
0	34
6	0
7	0
1	0
0	3
3	112
19	103
274	103
0	53
27	71
0	31
0	20
1	16
0	21
25	0
2	0
8	97
0	97
18	0
0	3
4	12
0	12
1	0
0	0
0	5
2	8
0	0
29	77
0	8
15	8
11	8
21	46
1123	46
0	3
3	2
8	0
0	7
0	7
4	7
0	7
0	7
0	7
6	0
41	19
24	4
4	0
0	2
251	28
0	27
0	18
0	17
0	17
9	0
3	0
0	0
0	1
513	14
110	12
3	12
0	0
1	0
3	0
12	2
450	78
0	91
0	25
0	34
0	2
7	11
39	25
0	12
2	10
0	7
8	11
0	1
29	0
68	19
45	52
0	44
0	52
1	0
0	4
42	2
0	0
3	0
1	2
14	1
205	17
3	15
4	11
0	5
0	7
0	4
2	0
0	0
0	4
0	7
1	11
0	4
281	6
0	1
1	6
1	6
12	0
1	4
95	32
0	12
0	3
0	3
1	11
0	12
0	11
0	11
0	9
20	8
0	0
0	1
0	0
25	46
1	1
0	0
7	45
1	103
0	116
0	66
4	20
0	23
0	40
0	13
0	13
0	0
0	0
0	2
0	20
6	45
0	45
52	0
27	27
0	27
0	13
0	2
0	14
0	0
0	0
1	14
1	0
0	0
0	9
10	14
0	3
31	14
0	7
0	15
0	8
0	3
1	1
1	7
0	15
10	3
0	8
0	15
135	130
0	103
0	14
3	0
0	0
1	13
25	0
0	13
0	32
123	110
44	4
0	2
1	2
24	226
0	6
0	1
0	8
0	226
193	0
26	97
13	150
0	17
50	0
28	1
0	1
0	0
0	1
0	17
1	2
0	0
3	0
5	0
3	0
0	2
148	266
0	265
0	209
16	59
46	36
0	9
6	85
0	53
2	4
4	0
15	0
414	765
0	765
4	9
0	6
0	3
6	2
5	3
76	35
28	35
0	23
0	23
0	7
0	7
0	3
7	3
0	6
5	0
2	0
0	6
0	2
0	0
0	0
0	51
9	22
1	20
0	36
0	34
0	51
0	50
0	157
0	239
0	11
2	3
0	3
275	231
0	3
0	3
0	157
11	210
0	210
1	7
10	5
0	0
0	5
1	5
1	89
0	210
41	61
1	69
1	69
1	1
0	66
55	75
0	3
0	8
0	8
2	10
0	1
0	52
5	11
0	57
9	0
1	2
2	2
636	4
0	4
0	4
1	1
0	0
0	1
36	5
1	2
9	4
0	2
2	2
13	39
0	17
0	21
0	0
20	0
27	0
0	17
0	0
0	0
0	0
23	22
140	43
0	43
2	31
981	31
0	1
0	1
0	1
0	30
0	1
4	10
0	7
0	7
29	26
0	21
0	54
0	54
0	44
4	16
0	3
0	2
0	1
0	4
5	2
0	28
2	65
22	65
0	5
1	0
32	31
0	51
100	50
0	50
8	15
24	12
153	5
7	16
0	15
0	9
1175	1031
7	1196
0	291
0	0
0	0
1	20
1	20
6	1
0	136
0	136
8	11
0	5
1	41
1	0
0	0
0	129
1	15
1	9
1	15
22	3
0	1
0	1
0	1
0	51
5	0
47	59
7	59
0	45
36	39
2	81
0	84
0	49
0	0
1	0
0	4
0	4
0	0
0	3
22	50
0	3
0	301
0	300
8	0
0	0
0	243
7	103
0	301
185	25
26	38
55	45
619	38
10	7
0	1
0	42
0	5
2	5
1	0
3	0
1	133
0	594
0	594
3	5
0	10
0	9
77	5
0	0
1	0
0	1
3	22
32	22
2	18
38	19
0	7
0	12
0	3
3	0
0	12
8	0
0	36
0	36
14	16
0	18
0	11
0	23
0	10
0	111
1	107
273	162
16	91
2	50
0	40
0	25
0	18
0	1
0	17
23	0
0	45
0	0
6	2
0	36
0	45
0	24
5	19
12	14
0	20
1	22
153	13
0	7
0	59
4	7
0	71
270	37
10	175
0	195
1	184
0	286
10	141
12	22
0	6
18	1
1	0
9	141
161	54
3	54
0	52
0	52
55	29
0	12
27	13
0	16
0	8
0	10
8	57
0	61
0	60
0	61
69	153
0	154
0	297
95	95
0	54
515	528
0	3
0	272
0	209
0	151
0	19
5	1
46	7
0	7
11	0
0	61
0	161
0	16
46	0
0	11
1	12
0	0
0	0
0	1
1	1
0	8
0	8
0	8
0	30
0	1
0	2
12	2
0	5
6	39
2	20
0	8
24	60
128	56
0	55
1	3
6	3
42	20
0	20
0	20
0	11
1	9
0	9
0	16
0	13
0	1
0	13
0	3
0	0
0	111
21	37
0	27
0	2
0	1
0	0
2	0
0	20
0	111
33	18
0	7
34	46
0	9
0	1
0	1
4	29
0	15
1	2
0	2
0	2
0	2
0	131
1	1
0	2
1	3
0	3
0	0
0	0
31	1
0	1
91	59
7	19
0	146
0	147
0	20
220	170
15	6
0	5
20	3
0	1
1	1
0	2
61	6
31	74
0	68
0	8
2	0
11	64
0	6
0	0
0	1
0	5
2	4
0	83
466	83
0	22
23	46
8	8
5	74
107	74
0	2
0	2
0	13
0	21
0	17
180	544
0	153
130	62
0	62
2	0
0	3
55	5
0	5
24	5
0	3
0	5
0	4
0	4
24	13
20	81
0	53
0	32
1	21
20	35
0	21
0	4
0	46
5	76
0	76
86	0
9	7
0	1
222	118
0	108
36	9
0	72
1	74
3	0
2	0
4	23
0	66
0	66
0	1
0	27
0	9
0	8
0	66
36	20
1	9
0	20
1	19
0	9
206	8
153	8
9	7
0	0
0	0
1	0
0	0
11	8
2	8
0	2
0	226
96	226
3	7
147	89
0	0
0	9
0	14
0	54
0	3
0	5
5	86
17	92
0	0
0	0
57	33
0	0
5	2
0	2
0	44
0	8
33	8
0	1
0	3
0	2
3	8
286	7
0	7
0	8
15	20
0	23
0	12
0	16
0	27
12	19
1	67
12	41
0	4
0	2
0	11
0	10
55	39
0	3
0	37
12	1
181	53
45	12
0	12
142	0
60	0
24	201
50	267
0	198
0	25
87	35
1	1
0	2
0	2
0	3
4	121
1	140
0	2
1	1
0	22
6	98
1	1
0	15
2	1
11	92
1	58
59	21
323	57
0	23
0	23
173	8
53	7
3	1
0	2
18	2
5	0
48	2
0	2
0	0
39	185
0	9
5	0
4	2
0	177
0	1
1	1
12	175
52	51
0	51
0	51
0	1
0	39
10	45
3	45
27	2
0	2
94	179
16	179
2	0
0	0
0	0
2	0
27	50
3	48
0	22
3	24
24	12
3	12
0	4
24	0
8	128
0	9
1	11
0	11
0	2
0	7
36	26
0	0
0	12
0	56
0	56
0	56
0	4
0	1
1	15
27	0
0	32
0	12
71	34
0	2
1	0
0	1
0	4
0	34
0	2
0	2
11	2
0	0
185	0
42	63
0	63
3	1
10	3
0	2
0	2
2	327
20	355
0	92
0	33
0	6
0	2
0	4
68	20
0	3
0	3
0	1
53	0
5	9
4	55
0	55
0	33
0	30
0	10
0	4
0	4
11	6
3	2
0	1
0	0
0	0
0	3
0	0
0	0
0	0
70	0
10	0
20	0
36	0
622	15
0	7
2	9
0	2
0	66
0	678
4	1
5	0
0	709
31	10
0	15
6	11
0	0
0	0
0	5
4	0
28	0
0	0
0	4
0	4
0	3
0	0
13	0
2	0
3	135
0	125
0	5
0	0
0	150
32	30
0	29
13	17
291	9
0	9
1	6
0	152
0	174
0	0
0	2
0	24
0	91
2	106
1	2
2	19
0	19
0	50
0	0
0	1
5	0
7	1
1	5
3	17
0	48
29	51
19	0
1282	16
1	5
2	6
0	35
0	35
0	0
8	0
20	42
63	49
0	2
2	8
14	0
21	0
40	11
0	2
0	4
1	0
0	9
60	2
0	1
21	10
0	0
2	1
36	2
0	0
0	1
9	52
112	52
0	27
18	111
0	111
0	71
0	77
30	61
0	25
0	0
0	9
0	0
12	12
0	0
10	16
0	0
18	30
3	4
0	4
0	57
18	57
2	1
24	1
2	42
2	42
13	5
0	5
0	4
0	102
37	101
0	12
0	12
3	12
0	0
0	1
0	0
0	0
0	0
15	0
0	0
0	1
1	24
0	19
4	3
0	4
0	6
1	2
5	3
5	18
78	3
0	3
33	57
0	36
0	57
0	5
1	3
1	5
0	5
0	3
0	1
0	2
0	8
1	1
0	4
0	10
34	0
20	1
5	1
177	10
0	28
75	99
0	4
12	37
0	95
0	105
0	166
0	166
3	6
0	6
0	5
0	5
0	5
5	5
0	44
3	146
4	146
0	97
0	52
0	102
42	0
0	113
638	232
288	232
16	2
8	28
183	47
9	46
4	1
0	36
6	36
0	24
8	24
0	6
0	16
0	4
0	14
3	11
0	1
0	36
20	47
106	16
1	1
0	3
0	1
2	1
1	2
0	0
0	0
8	0
3	1
0	34
19	19
0	19
0	4
0	5
3	1
15	0
0	0
0	1
36	1
3	1
0	1
45	0
30	33
0	21
234	40
0	1
0	1
35	5
0	5
123	115
0	1
0	15
7	16
5	29
0	22
0	29
0	4
3	2
18	1
0	6
0	5
24	21
0	21
0	0
1	29
0	65
0	15
0	55
0	6
0	7
110	0
43	16
0	90
0	284
0	177
73	91
59	59
33	56
165	57
10	2
424	34
0	18
0	10
40	0
16	0
23	0
29	1
0	413
3	21
6	7
0	19
2	1
1	1
1	0
1	2
0	12
0	2
1	13
49	163
1	163
0	9
0	9
219	31
0	20
0	1
0	7
21	0
0	36
38	33
0	4
11	4
423	255
0	58
0	261
14	281
0	11
0	2
5	0
0	2
0	11
1	1
0	218
141	0
14	0
0	78
0	78
0	75
0	93
0	46
6	60
18	12
165	19
0	93
25	28
0	28
0	18
14	18
0	18
8	23
1	22
19	7
5	7
144	42
47	42
122	134
24	51
1	1
68	83
19	100
0	25
0	30
0	46
0	5
0	0
0	0
1	0
0	89
0	28
0	89
0	14
0	27
1	28
11	95
26	94
1	9
41	9
0	19
0	19
8	26
0	19
9	0
0	0
0	0
0	19
5	29
0	57
0	57
0	2
0	2
0	16
0	1
0	2
79	3
0	3
6	13
33	23
250	39
0	2
11	1
0	2
0	34
23	18
9	0
3	0
0	5
0	5
25	12
0	0
0	1
0	1
0	1
0	1
141	517
14	458
50	517
0	85
0	39
0	9
0	69
20	117
0	12
0	8
0	78
0	88
0	22
0	88
16	16
8	4
0	3
0	8
0	14
0	14
0	10
4	0
3	4
0	0
0	3
0	3
0	3
0	3
0	1
0	2
18	3
0	16
98	88
23	83
523	33
30	25
3	0
7	25
31	0
32	37
0	16
5	8
0	8
0	0
88	83
83	82
4	3
0	26
0	6
0	26
0	3
4	37
0	13
65	44
80	9
0	9
0	9
3	0
44	98
13	98
22	60
8	60
91	450
16	446
0	192
6	83
0	4
0	9
1	9
117	0
193	0
7	0
14	44
0	7
0	15
0	26
10	4
0	2
0	2
0	0
13	420
9	25
0	10
0	5
0	6
0	6
0	2
0	7
1	2
1	3
58	26
0	11
0	1
0	39
0	43
0	40
0	44
0	40
0	7
80	7
3	0
0	5
0	5
3	7
299	3
0	3
0	0
36	40
999	40
0	10
18	74
1	11
2	0
15	66
1	44
0	34
0	31
0	0
1	0
0	32
0	1
1	8
1	1
4	19
40	108
0	85
0	67
0	9
12	65
0	9
0	67
0	22
9	22
63	91
0	83
131	83
0	58
4	3
33	142
1	2
1	0
0	112
0	140
4	497
1	496
1	468
2	10
0	0
0	1
0	0
0	533
29	72
98	22
0	36
27	2
0	0
0	6
0	0
11	64
0	2
1	0
214	89
31	74
0	74
0	113
0	73
0	53
0	92
0	49
7	3
0	3
0	0
2	0
3	0
1	8
0	14
0	8
0	14
5	14
14	149
0	149
0	119
1	1
130	42
0	0
0	8
5	35
19	29
4	25
0	28
5	6
0	1
0	3
3	5
20	101
0	84
302	59
0	0
0	8
4	69
16	41
1	1
1	2
3	2
453	707
0	5
51	702
0	320
6	79
0	469
178	279
128	244
4	31
18	208
0	176
34	222
0	181
0	182
1	227
3	11
0	4
2	0
6	60
0	21
0	9
0	27
66	12
3	19
29	17
5	8
0	53
24	14
0	0
0	0
0	0
0	5
1012	37
1	29
0	5
1	27
3	26
0	1
0	420
10	420
8	4
0	0
0	3
1	0
0	4
6	4
26	4
3	4
4	0
20	0
3	14
0	11
0	8
1	7
105	67
257	30
0	25
1	0
0	5
0	8
2	6
1	8
0	0
0	0
1	0
0	12
0	13
14	29
0	6
0	7
0	7
0	0
0	0
0	2
0	15
0	0
0	0
0	0
0	8
0	8
2	0
0	0
10	0
26	67
95	61
1	61
0	40
71	40
0	1
0	1
20	0
4	50
60	94
2	53
22	80
5	1
1	3
0	13
31	48
0	48
0	38
0	0
0	15
97	11
0	0
1	5
0	4
0	6
8	101
5	79
0	1
0	0
5	55
1	22
0	10
0	48
177	28
49	2
0	2
27	2
0	10
1	1
0	18
677	196
2	197
510	196
16	177
0	137
0	8
14	0
0	25
0	1
0	1
0	0
16	0
0	0
0	4
66	102
0	29
0	4
2	112
2	100
0	103
0	1
221	44
0	44
30	25
0	21
0	2
1	29
0	29
19	30
0	1
0	0
0	0
2	2
0	0
0	0
4	49
1	163
16	47
22	2
0	2
0	9
17	15
0	0
0	115
0	72
12	0
4	5
1	4
0	5
112	35
0	18
0	12
8	7
0	1
1	0
17	0
0	19
0	14
2	177
0	177
0	5
51	14
0	14
35	7
15	10
0	4
6	2
0	6
0	421
0	421
0	22
0	3
19	5
5	6
16	48
0	32
2	27
14	5
0	428
1	24
14	0
1	1
1	1
10	1
51	0
4	26
3	147
0	145
2	1
1	3
0	2
394	173
18	173
1	0
0	8
1	1
0	0
0	7
0	2
0	0
0	0
1	2
25	10
11	2
0	9
143	6
8	6
0	38
2	38
0	35
0	34
0	34
8	1
0	38
0	263
0	263
398	221
5	0
1	39
0	39
1	3
0	1
4	1
0	10
1	0
6	145
0	61
263	55
0	48
0	52
1	13
0	33
137	158
0	0
5	1
132	8
0	7
11	0
6	14
0	8
4	5
3	0
28	28
0	8
0	0
0	8
0	8
68	2
0	2
0	39
0	0
99	39
1	0
0	6
0	6
3	10
10	10
0	3
0	0
2	1
0	0
0	0
0	0
0	0
2	20
0	5
3	10
0	50
2	49
192	0
0	18
142	38
19	207
0	24
0	29
1	4
0	147
0	125
100	152
33	128
0	127
0	149
15	0
671	0
23	0
146	0
0	0
0	4
0	27
40	58
0	18
0	15
0	14
0	58
0	54
1	0
0	17
29	58
0	2
5	2
2	1
205	1
0	14
50	16
0	159
0	91
0	27
0	39
0	39
12	0
0	39
0	1
0	26
0	36
0	43
1	1
552	233
41	202
0	2
0	1
39	3
566	32
0	3
30	7
0	3
0	26
0	128
10	138
0	8
12	132
0	8
0	12
4	30
0	22
0	0
0	15
6	20
0	6
5	24
7	2
0	2
13	0
472	119
0	57
36	29
0	12
0	2
0	5
0	0
0	0
0	10
0	67
64	26
0	26
7	28
1	5
0	3
0	1
0	23
77	3
0	2
24	3
0	1
0	17
0	0
0	8
50	31
78	28
0	28
10	0
0	0
4	58
77	180
0	36
0	36
5	36
0	36
0	13
0	162
20	13
0	13
14	169
0	0
1	2
0	0
0	16
0	16
217	0
0	4
10	6
0	1
0	1
0	2
0	14
0	13
7	11
0	2
0	2
1	0
0	0
1	59
6	59
36	2
0	8
0	15
83	59
582	0
0	30
0	4
4	3
0	30
25	12
4	40
1	1
0	1
0	3
1	0
6	4
0	3
0	22
32	22
0	3
4	1
0	0
0	0
3	2
103	173
1	167
65	232
5	228
100	5
0	4
6	3
0	2
0	1
32	0
81	2
0	2
0	1
20	11
0	1
1	5
0	0
0	15
0	15
0	0
23	3
0	15
33	6
0	6
0	4
0	222
0	8
0	5
0	5
12	11
7	14
0	4
0	2
0	13
21	243
508	0
7	9
56	41
0	41
1	28
0	60
0	43
33	21
0	14
0	12
0	14
1	1
1	9
0	2
15	69
4	0
0	28
25	28
0	108
9	108
0	159
0	166
83	12
1	23
20	5
0	5
3	2
112	136
0	2057
2	1932
0	103
0	86
0	36
0	36
0	36
47	36
2	6
0	6
26	7
0	7
94	16
39	49
0	42
0	53
1	1
34	17
4	5
0	15
0	5
0	5
20	15
0	4
0	20
3	16
0	4
0	30
0	13
48	98
217	98
0	0
8	0
2	0
2	20
0	18
4	20
0	3
1	28
2	13
0	16
1	0
1	16
7	25
21	22
1	18
0	2
0	1
0	127
0	189
0	183
0	3
0	27
0	27
0	1
0	19
0	19
5	40
0	39
9	17
0	1
1	8
11	8
6	0
1	0
0	2
11	2
101	2
0	8
0	10
0	8
0	2
0	10
0	8
0	7
0	12
50	14
0	14
147	10
35	0
11	11
0	17
93	9
15	9
1	6
19	0
0	1
3	1
121	713
1472	699
0	2
25	108
0	146
0	3
0	51
29	51
97	29
0	78
0	2
0	96
28	154
50	6
0	54
0	10
0	52
0	54
0	8
0	54
0	10
0	6
14	0
6	32
0	20
0	3
0	8
0	30
371	0
0	1
128	1
0	25
2	25
0	23
0	14
0	4
3	1
0	23
111	1
163	101
199	101
3	37
0	36
0	36
0	2
0	1
49	3
0	3
0	2
3	2
2	2
0	1
7	0
61	11
7	0
3	15
2	26
20	26
10	145
0	145
0	9
1	18
0	107
1	107
0	107
0	3
0	92
0	7
65	1
91	122
29	45
0	5
12	32
1	22
0	22
6	4
0	34
0	4
0	4
27	3
0	0
0	0
0	1
0	0
0	28
8	28
0	3
1	0
13	7
2	1
0	2
0	2
7	3
0	3
0	6
0	5
0	6
0	6
0	6
0	1
0	2
0	3
9	7
0	2
0	10
0	7
33	113
0	55
0	0
0	10
0	33
155	12
12	5
0	71
80	1
5	1
55	3
3	3
3	3
0	3
613	921
0	29
0	29
20	1
0	1
0	1
0	1
15	27
0	49
0	49
0	68
0	221
34	221
1005	12
0	220
0	5
6	1
0	3
96	59
0	59
0	3
13	7
0	11
10	1
0	0
0	1
6	10
0	10
0	11
47	120
3	80
1	85
0	2
0	0
3	6
0	2
8	0
57	130
4	0
0	2
0	130
0	129
290	0
28	11
3	11
2	5
2	5
1	0
1	0
9	35
0	22
36	3
0	10
7	40
0	8
0	41
0	2
0	2
1	206
103	221
1	51
5	15
0	1
4	1
0	2
0	2
42	0
0	11
0	0
0	0
2	1
0	15
0	1
0	0
3	1
1	4
0	2
0	11
0	0
0	17
0	0
0	23
0	23
0	23
0	0
13	32
349	23
22	49
36	1
380	27
0	15
8	15
46	0
63	110
123	110
6	22
154	0
39	0
0	6
0	6
3	3
0	0
0	1
1	1
13	2
8	107
12	122
0	32
0	37
0	1
3	1
0	217
0	4
3	0
13	5
0	217
32	16
9	16
0	101
0	101
0	101
0	101
5	5
180	0
1	8
2	9
0	8
0	1
0	0
0	101
16	20
0	13
0	1
3	0
44	39
0	39
0	11
0	12
9	12
0	5
0	7
0	7
44	6
0	18
2	34
0	34
0	27
0	12
12	1
82	9
3	9
18	1
16	0
0	25
0	25
0	25
0	2
17	32
2	2
12	34
3	25
4	1
1	1
0	0
0	9
0	17
0	12
11	13
0	17
25	32
8	1
2	10
4	31
6	18
1	14
0	11
0	215
0	215
16	219
24	2
0	0
0	1
2	13
0	13
13	71
0	23
0	49
0	22
16	65
0	0
4	3
0	88
30	68
24	2
1	0
0	0
5	0
0	2
0	33
0	73
0	4
2	1
26	13
4	74
0	7
0	0
0	2
0	3
0	3
1	6
31	9
0	1
0	0
0	0
0	1
1	0
0	1
0	1
0	49
7	51
0	51
39	49
55	104
77	1
0	4
0	3
0	4
0	4
0	1
0	1
48	34
0	4
32	14
301	14
11	50
0	13
0	39
79	60
0	26
89	0
31	31
0	10
13	12
58	17
9	6
0	5
3	2
0	2
185	7
5	89
19	90
2	87
61	0
0	24
0	0
0	29
0	30
0	53
44	69
0	26
0	43
7	25
1695	143
0	187
20	119
0	161
107	207
0	1
0	1
0	1
64	395
636	355
0	12
74	12
25	84
2	78
0	49
0	30
0	24
0	2
0	8
0	8
0	3
57	12
32	10
0	0
0	12
0	0
0	0
0	0
0	2
1	0
23	0
4	4
4	0
277	7
0	3
1	75
0	75
5	13
16	10
0	10
2	74
0	11
1	96
1	381
0	104
0	92
0	0
7	168
0	0
45	4
3	115
2	116
0	12
3	3
11	2
0	0
0	1
0	1
8	112
2	123
6	103
0	0
0	2
2	2
0	1
0	2
0	2
22	0
0	1
0	0
0	0
0	0
0	4
0	51
0	17
0	1
0	15
0	73
0	0
0	4
3	13
15	72
0	2
0	14
0	9
39	16
151	50
0	47
5	3
2	6
2	0
0	0
2	4
0	4
0	4
0	4
23	26
3	4
81	25
1	0
0	0
0	15
0	79
0	79
0	0
1	0
0	3
9	3
0	3
54	265
6	56
4	0
0	264
2	177
2	100
1	8
0	3
20	8
0	24
11	18
3	32
0	177
2	2
0	0
0	0
4	0
101	9
0	12
0	12
296	134
0	13
127	60
0	5
12	160
0	160
5	0
0	1
52	0
45	120
0	120
0	0
2	0
7	2
1	4
0	1
0	4
0	16
15	16
0	3
0	16
3	0
0	8
0	7
0	8
0	1
0	0
0	0
0	8
0	25
0	25
0	25
0	76
0	2
0	2
0	8
0	60
0	8
29	46
0	13
0	1
0	1
5	12
0	5
1	5
4	1
0	1
0	1
11	2
0	0
0	0
0	2
0	1
0	187
9	15
0	187
79	0
60	50
106	64
0	16
0	5
1	11
0	11
0	2
0	2
0	27
74	50
25	50
0	28
3	35
8	28
29	12
0	12
0	5
0	5
21	0
0	14
0	23
0	37
0	15
0	9
119	1
0	7
0	16
0	24
0	16
0	15
70	0
10	26
0	44
0	35
6	58
8	58
0	1
1	5
0	11
12	36
0	0
0	1
0	9
0	7
0	6
0	18
0	9
6	33
16	50
0	22
0	1
0	29
0	12
0	1
1	0
0	25
0	39
25	44
0	25
1	16
3	2
0	1
34	1
51	7
28	92
0	87
6	0
0	62
1	1
0	48
10	37
79	6
0	2
0	4
0	2
0	103
0	103
0	71
2	15
0	69
11	103
5	29
1	26
0	11
5	38
0	38
8	3
0	3
801	1
0	158
0	159
0	159
0	159
16	2
1	185
0	185
10	0
51	0
1	162
0	7
0	161
0	161
5	2
0	157
2	1
13	154
16	11
0	11
5	2
0	10
0	10
0	1
0	0
24	7
7	1
0	2
0	1
1	1
371	180
0	65
44	4
0	3
29	71
12	4
3	35
30	31
35	25
6	62
1	47
0	18
0	39
0	1
0	0
0	8
0	117
0	146
0	196
1	50
0	1
0	1
16	1
3	10
0	2
69	2
0	1
2	1
0	0
0	0
0	0
0	1
0	1
0	0
0	23
0	355
0	25
108	361
0	13
0	3
0	357
89	0
9	16
0	3
0	3
0	10
62	10
1	1
1	3
4	7
0	7
24	37
0	41
0	41
0	41
4	21
0	10
0	10
4	2
2	25
0	3
2	15
0	3
0	1
2	25
77	141
0	135
0	33
30	1
0	2
1	72
0	66
0	5
0	8
0	3
0	63
0	17
0	6
0	7
24	10
2	79
69	1
0	98
5	26
0	98
20	20
1	20
12	9
31	3
0	4
0	10
0	0
0	0
1	0
0	1
0	1
0	9
0	10
0	68
0	38
0	7
0	8
3	6
0	0
10	54
1	1
0	94
0	148
0	99
25	95
4	9
0	8
6	0
35	63
0	11
6	4
1	5
0	5
11	5
0	5
23	18
0	6
0	13
8	5
0	2
160	0
775	6
0	6
5	0
1	1
15	1
0	1
34	14
4	2
0	14
0	2
0	1
0	0
0	2
37	0
0	0
0	1
6	0
0	3
0	5
5	2
4	5
0	12
45	3
6	133
0	1
9	139
1	0
0	15
3	1
1	1
22	29
4	7
2	6
2	6
14	10
39	2
0	5
0	18
0	5
2	5
16	11
0	45
67	53
0	5
0	4
0	0
5	42
7	0
9	0
216	55
0	50
237	49
0	2
0	10
0	6
0	8
0	11
0	11
0	7
0	11
0	2
0	8
0	2
0	8
0	8
2	8
0	3
0	1
2	2
0	4
4	8
0	3
0	3
0	8
0	3
2	4
0	4
380	18
0	1
0	18
1	27
6	30
16	17
11	16
129	3
2	11
114	11
0	7
58	0
11	7
0	0
4	0
23	57
0	57
0	0
0	29
0	29
0	28
0	74
0	74
0	1
0	7
0	4
25	27
0	9
6	9
316	0
115	203
4	192
43	171
0	3
0	0
38	14
0	0
0	10
0	0
0	24
67	32
4	0
0	2
2	8
0	113
0	130
15	24
0	0
0	19
0	1
0	19
0	20
8	4
56	18
108	76
49	0
24	42
0	5
39	56
25	5
39	0
0	5
0	38
4	5
0	2
3	0
15	2
15	2
12	0
2	0
8	27
32	27
3	7
0	7
0	4
9	0
1	14
0	15
0	15
52	1
29	6
0	3
2	3
474	13
0	0
0	2
0	0
3	29
3	33
1	17
0	2
0	2
0	4
161	3
1	3
36	79
22	95
58	20
1	1
18	17
0	14
0	38
2	0
0	1
1	9
0	2
1	14
91	18
0	19
0	42
0	40
1	40
40	24
54	18
0	6
0	18
0	14
17	20
0	6
0	6
1	0
97	6
0	0
3	0
6	7
1	7
0	2
0	2
0	0
170	975
1659	970
31	151
2	387
102	21
0	118
0	107
59	18
0	111
0	5
0	0
0	85
34	174
45	174
2	142
33	2
3	2
76	5
0	20
0	21
43	21
1	2
1	7
0	0
0	6
15	31
100	62
0	15
0	7
0	47
1	4
0	4
0	3
2	3
3	1
0	25
11	23
0	0
15	0
3	1
0	1
1	0
14	34
0	2
0	34
0	4
1	0
0	21
0	22
0	7
5	39
38	42
29	15
0	27
10	0
7	11
0	58
0	53
1	55
0	53
1	54
0	58
45	22
25	0
0	67
0	51
0	19
0	1
0	10
0	28
5	28
6	12
0	30
0	5
5	1
17	1
126	48
0	38
5	28
0	4
7	13
156	62
0	42
8	3
0	20
39	80
0	6
1	1
8	0
1	74
0	58
3	18
0	18
0	2
4	0
19	63
1	58
1	56
0	3
2	8
0	6
0	7
0	7
0	8
0	5
0	1
16	43
32	42
0	5
6	0
0	6
141	39
0	30
0	9
9	100
0	100
158	0
0	8
2	3
0	0
0	8
0	2
0	2
0	2
0	5
12	5
0	0
6	7
41	59
0	53
0	5
0	5
0	53
8	52
195	54
8	27
0	42
0	51
0	52
0	54
0	51
16	54
1	23
0	6
0	15
0	7
0	9
32	28
0	15
0	22
0	3
0	1
0	3
3	0
32	5
0	4
73	10
0	10
0	0
60	12
0	12
0	12
18	0
0	0
67	0
82	45
6	37
0	8
0	0
94	0
0	18
0	14
0	17
0	2
0	1
0	54
0	54
7	43
6	68
1	77
0	23
0	70
0	70
18	0
0	3
16	70
19	125
0	125
0	40
0	11
0	11
0	2
1	35
0	36
0	11
1	6
86	10
0	8
0	8
0	0
0	0
22	0
2	7
0	7
5	0
9	0
1	2
4	2
64	117
10	133
0	27
1	17
0	13
0	6
10	8
0	2
0	6
0	6
0	6
0	6
1	4
0	0
22	0
0	4
0	24
376	784
0	24
0	93
0	29
0	243
0	1
0	0
1	1
0	1
1	0
1	7
2	0
138	81
17	64
0	60
0	41
26	34
0	2
21	0
2	0
0	0
1	0
0	31
101	70
90	37
0	33
0	149
0	2
0	0
0	149
0	71
0	44
0	2
0	2
0	0
0	74
0	43
0	43
38	1
2	0
0	0
0	2
0	1
223	0
0	1
88	4
77	181
0	1
6	158
62	0
138	164
0	214
0	0
7	153
4	5
27	11
0	5
9	14
0	4
37	0
79	268
17	268
11	5
0	2
0	2
11	2
1	0
23	32
10	93
4	98
1	98
4	98
0	147
4	146
121	98
0	2
2	1
0	20
0	6
0	1
0	15
2	15
0	4
3	0
0	12
0	103
0	2
1	73
0	4
0	12
0	15
0	30
9	12
0	44
0	236
19	185
0	184
0	179
0	141
21	15
0	0
0	0
43	3
7	2
24	35
0	1
0	0
0	1
0	35
19	28
0	0
0	1
0	1
0	0
7	0
0	1
0	10
25	20
1	0
2	0
0	0
0	4
11	0
0	13
2	2
0	2
1	2
0	0
72	102
0	1
0	1
8	0
25	10
0	1
0	5
0	0
0	5
0	1
0	0
1	5
4	0
27	7
1	7
0	28
2	31
0	26
0	26
72	2
0	2
42	2
15	0
0	0
0	2
2	29
0	29
3	0
0	0
0	488
13	102
0	283
0	488
0	347
0	320
19	74
4	170
0	124
41	124
300	123
8	0
24	14
0	7
23	1
0	3
0	1
7	2
26	2
1	1
0	6
4	24
0	12
12	13
0	30
0	17
0	1
48	62
1	3
0	54
0	12
0	4
41	330
0	334
5	89
2	55
159	27
0	2
0	80
0	80
3	1
0	21
0	40
0	4
9	19
12	0
26	28
0	3
0	0
24	0
57	27
4	25
11	25
9	122
202	119
0	4
19	0
2	0
0	0
4	3
0	5
45	5
168	4
0	4
0	62
0	24
0	9
300	25
0	2
0	2
0	0
0	1
0	8
8	9
0	2
18	44
0	5
2	9
0	0
0	6
0	1
0	2
0	2
2	10
0	10
0	10
1	7
0	2
0	2
0	4
0	6
0	4
0	100
0	23
4	96
12	0
0	0
4	116
0	98
0	70
371	51
0	3
0	3
34	29
0	78
0	77
0	2
6	49
5	1
3	1
1	1
5	1
49	1
7	3
24	123
0	192
7	145
8	172
1	77
73	131
40	125
71	203
0	81
0	21
2	3
4	79
26	79
1	12
0	17
98	42
0	14
0	6
15	24
7	2
2	2
0	3
2	1
7	0
0	24
18	0
34	48
0	48
20	7
13	41
5	41
0	9
0	1
39	0
2	21
2	20
0	21
0	14
0	14
41	1
1	0
0	25
4	25
0	2
0	2
0	25
0	25
10	7
0	7
48	1
0	1
4	24
0	29
13	7
0	5
0	8
0	1
0	1
5	5
0	5
0	1
16	4
0	3
0	6
0	0
0	0
0	0
0	9
0	9
0	1
0	4
0	4
0	4
0	6
0	9
0	1
2	5
0	0
14	0
98	6
173	3
228	24
0	1
0	2
0	23
11	0
54	1242
0	225
0	56
0	61
0	104
0	12
9	1142
0	35
0	6
0	29
139	15
56	126
3	10
0	3
0	11
0	9
0	9
18	4
1	1
13	1
0	0
0	47
0	221
0	218
0	4
19	132
3	169
0	0
0	1
0	45
0	23
0	23
16	26
1268	183
0	78
0	164
0	177
0	39
10	63
0	42
0	47
0	18
6	1
13	1
0	0
3	0
2	0
0	0
0	0
0	0
0	0
0	0
1	0
0	0
9	1
16	0
2	0
0	8
0	8
4	6
177	53
1	125
0	125
0	0
6	29
64	10
4	22
0	22
0	36
0	38
0	38
481	7
0	2
0	1
0	1
0	32
0	32
1	2
2	0
17	1
147	0
0	17
0	17
0	17
100	5
0	1
0	135
1	49
0	2
29	5
0	135
0	762
24	691
0	0
3	1
0	171
0	460
0	6
26	300
12	71
0	46
0	45
4	14
4	0
12	1
61	342
0	342
28	50
0	0
16	0
3	11
10	13
0	13
14	4
6	4
2	0
0	4
0	4
0	4
42	0
0	0
2	0
0	0
2	42
15	40
0	7
0	5
2	4
20	5
0	1
72	4
7	0
1	43
0	42
0	43
30	66
0	35
19	15
6	1
2	0
0	0
0	3
0	0
0	42
0	5
9	5
2	2
0	2
0	0
981	213
0	213
1	1
0	2
0	5
1	132
2	4
0	69
0	16
28	37
0	20
24	6
0	5
0	3
0	2
10	1
0	68
10	32
0	24
0	24
0	10
0	10
0	34
0	34
0	26
0	26
0	26
0	26
2	4
98	36
0	8
0	8
0	8
0	8
0	41
6	9
5	35
14	75
12	24
51	0
3	0
3	4
6	0
4	8
2	12
4	20
5	7
0	0
7	39
0	45
9	9
0	27
0	0
1	17
49	21
0	21
0	26
0	78
0	36
108	13
0	16
0	29
0	55
0	58
0	51
194	56
0	9
0	1
2	2
0	6
1	1
0	4
0	5
1	5
0	4
0	0
0	86
20	86
0	8
27	14
297	58
49	2
13	0
1	2
212	66
0	66
0	1
20	8
0	8
0	6
42	135
0	125
1	10
127	3
0	12
0	12
0	2
0	1
3	2
0	2
0	1
1	4
94	61
0	0
20	90
1	0
0	9
15	3
0	55
2	6
0	2
0	6
0	4
1	0
1	1
0	1
42	22
34	41
3	6
12	6
16	42
0	42
0	1
0	0
0	38
9	2
0	19
0	19
1	19
0	7
0	1
13	1
1	1
0	0
57	0
0	0
0	0
408	0
0	28
1	31
11	12
0	7
0	145
0	145
0	5
0	11
0	7
1	18
0	18
303	12
0	12
1	1
105	50
17	0
0	0
0	50
0	23
43	12
5	0
47	8
0	2
1	4
0	0
0	38
0	37
0	75
0	76
0	27
21	28
0	24
0	9
9	0
1	0
0	1
0	1
0	6
0	6
0	10
0	9
5	6
0	2
0	5
58	135
0	77
0	80
0	0
1	0
0	0
2	93
0	78
0	98
376	11
215	102
0	99
0	102
0	40
1	58
99	43
0	51
0	11
0	10
0	17
0	9
0	3
7	3
2	3
31	0
70	0
0	22
0	16
1	22
0	23
0	6
0	6
21	3
0	5
0	6
143	52
176	22
0	22
129	102
0	2
1	75
0	102
0	7
3	0
1	48
0	48
1	0
0	34
33	24
0	3
1	114
0	46
0	114
0	2
2	99
0	7
0	4
57	10
0	8
0	6
0	6
0	0
0	0
4	23
0	3
1	3
0	3
0	6
0	6
0	4
0	3
0	48
0	42
0	21
0	3
0	4
0	6
0	6
6	1
0	4
0	3
10	4
0	4
0	0
0	1
10	6
0	5
6	1
0	2
0	2
1	15
0	15
0	33
0	16
2	0
2	0
3	0
0	0
0	0
0	22
10	4
0	5
0	5
0	12
0	4
0	4
0	11
0	11
0	11
1	44
0	44
1	11
4	3
4	2
2	15
3	22
0	22
2	0
0	3
2	68
0	68
2	22
4	4
2	21
122	165
78	174
0	49
0	30
0	49
32	110
0	70
0	20
1	7
1	20
0	9
1	23
0	23
8	22
3	0
3	0
2	7
0	0
258	0
0	2
0	6
0	11
0	11
237	19
0	0
0	0
21	1
0	1
5	1
11	0
207	29
0	4
0	27
67	4
0	1
0	1
0	23
0	81
0	6
14	0
16	56
92	58
30	102
0	9
214	9
4	17
36	24
0	1
21	9
0	9
563	4
0	2
0	1
3	2
0	0
1	77
0	10
0	77
0	10
1	38
86	67
0	37
0	5
0	4
0	0
0	16
0	16
8	18
0	9
0	0
4	4
4	31
0	4
0	32
12	3
2	0
10	23
1	0
0	0
0	0
17	10
0	30
0	22
0	18
0	21
0	2
1	1
0	0
3	91
0	91
0	75
0	75
4	26
0	28
41	0
0	15
1	15
0	7
0	44
4	43
2	36
5	0
32	59
101	58
0	17
0	78
0	15
0	1
1	1
0	0
0	29
1	8
71	41
6	0
0	38
68	4
8	4
0	0
17	0
0	119
0	16
0	3
0	13
12	119
94	2
21	33
0	13
0	63
0	4
0	5
18	59
746	11
0	1
9	0
0	1
0	1
0	3
2	1
0	5
0	5
0	1
54	28
1	28
4	2
33	1
0	0
15	0
55	35
0	30
0	35
4	0
17	11
0	11
0	0
0	3
60	3
0	2
0	0
24	3
4	3
219	0
7	22
0	27
0	3
1	4
24	25
65	29
0	4
14	4
0	4
1	4
377	35
11	35
0	23
0	23
0	2
0	3
51	0
22	16
0	16
0	2
0	2
0	29
0	29
1	9
4	6
110	11
1	0
0	11
0	9
1	2
175	15
0	15
1	15
0	6
32	5
0	5
45	28
5	19
0	7
0	7
0	1
3	69
0	21
0	9
0	6
31	53
0	7
0	27
1	4
0	27
19	14
0	14
49	19
39	0
29	71
0	69
0	61
0	22
0	17
0	27
0	9
23	11
0	3
46	0
0	26
1	26
0	1
3	0
27	0
73	102
0	102
146	11
23	11
0	26
80	22
0	1
1	0
0	1
0	1
1	79
25	26
0	79
133	77
0	77
0	1
3	1
11	1
1	1
0	16
4	69
0	57
2	53
0	16
8	45
100	45
6	0
21	0
0	17
20	21
6	18
0	18
0	14
4	2
4	2
8	17
15	17
35	0
10	4
9	2
67	2
0	1
0	52
0	55
1	3
0	4
0	1
1	4
0	3
0	3
0	4
0	30
10	1
0	43
54	0
8	0
16	0
317	7
0	4
0	3
5	3
30	8
0	4
0	4
20	3
0	5
1	0
9	0
0	27
0	27
141	90
0	82
2	80
0	20
0	10
29	40
0	8
0	4
1	36
2	31
10	34
0	19
0	16
0	15
1	0
5	0
1	3
0	0
4	2
43	71
0	17
0	9
32	82
0	1
8	0
167	147
0	3
7	91
58	149
0	4
0	3
9	45
0	99
7	1
18	103
0	103
6	40
12	28
3	39
0	0
0	0
24	76
0	31
18	31
2	5
0	1
2	90
0	90
0	0
11	21
0	12
0	10
3	10
23	12
0	12
101	37
0	21
0	59
0	5
0	5
0	0
1	54
0	0
0	0
0	24
0	24
0	24
0	10
87	46
0	42
0	2
0	2
0	1
0	11
1	11
4	5
0	31
1	9
51	34
0	6
13	31
149	26
0	1
113	10
34	11
0	0
0	5
8	0
3	0
85	30
2	25
7	27
0	24
0	16
3	2
41	11
0	6
112	26
41	169
0	65
0	19
0	49
0	53
0	175
25	209
31	19
23	56
368	3
18	3
20	2
42	18
8	18
0	17
14	20
5	18
1	13
0	1
0	2
10	0
144	162
0	56
0	37
0	46
0	33
0	7
0	54
4	6
15	6
166	75
0	54
6	58
0	68
0	20
0	17
1	15
0	10
1	0
63	0
5	21
0	16
0	21
0	13
20	13
0	11
14	2
0	17
0	30
0	30
0	30
5	30
6	1
0	1
0	0
42	4
0	4
0	34
0	6
0	3
0	7
9	5
0	1
3	0
58	36
0	36
0	3
0	43
1	37
0	23
7	3
0	0
11	7
4	7
0	7
5	0
1	0
0	0
0	0
0	0
0	0
0	14
47	0
25	27
0	14
27	5
1	9
5	4
42	19
0	16
0	157
0	50
5	147
1	1
0	0
2	12
0	163
2	113
0	113
1	19
5	99
0	92
3	6
35	6
2	10
27	16
0	25
0	16
36	19
0	4
0	25
201	0
15	101
26	99
0	3
3	0
0	0
0	7
24	43
24	20
5	5
0	5
0	8
0	7
0	46
0	42
0	5
0	6
0	3
0	3
0	23
7	177
0	124
0	7
0	6
0	7
40	8
1	7
0	7
8	7
0	1
0	0
0	52
8	0
36	0
0	43
241	90
0	63
1	35
0	21
11	0
0	22
1	0
20	36
0	19
0	6
0	21
0	22
32	0
0	54
54	54
0	3
27	50
3	13
0	13
0	12
0	1
0	0
12	6
1	34
13	152
16	75
7	71
0	58
0	43
34	0
0	57
0	0
1	0
0	152
3	25
48	30
63	28
0	28
2	6
0	1
7	0
37	1
0	4
0	3
0	2
0	2
0	2
0	2
9	11
0	2
0	11
18	82
0	18
0	16
39	76
1	149
11	49
0	5
9	90
0	65
287	58
0	58
6	15
0	8
1	9
64	0
173	5
1	3
130	90
4	33
0	8
0	8
16	7
0	8
0	12
0	8
0	18
0	12
41	32
274	115
0	26
0	8
0	68
1	68
1	68
0	210
8	210
32	2
4	0
9	20
0	13
0	7
0	19
0	6
0	6
0	5
0	2
0	81
0	26
8	67
7	7
0	4
0	8
0	6
0	11
187	107
0	21
0	14
0	0
0	58
0	62
38	76
0	7
0	8
0	3
0	21
148	13
57	64
1	8
0	41
43	39
0	0
0	4
8	30
0	1
15	5
13	6
1	1
0	5
0	3
0	7
0	64
2	0
67	51
5	12
27	62
0	66
0	0
6	75
0	48
15	4
15	7
0	4
1	1
0	0
0	28
2	59
1	0
0	56
0	3
10	9
64	41
0	22
6	17
17	0
139	180
329	134
1	0
4	83
0	42
0	0
0	15
0	32
6	2
1	2
0	2
0	6
0	5
1	19
1	2
0	18
0	2
0	3
0	3
71	14
0	0
0	11
5	10
1	0
33	23
0	12
0	62
0	15
0	0
2	31
0	36
0	29
0	1
0	3
0	21
0	22
0	27
0	46
0	41
20	3
0	1
0	2
0	17
2	24
0	22
0	2
14	3
0	1
3	1
0	28
53	48
10	26
21	48
0	21
0	6
2	5
3	0
0	126
0	0
0	48
0	123
0	123
0	5
0	58
0	69
25	45
0	49
9	69
8	18
0	1
3	5
0	30
4	29
9	1
0	1
113	34
43	377
7	379
62	389
9	43
1	1
0	4
5	2
0	12
0	102
0	84
24	36
0	50
0	8
0	20
0	1
1	10
0	21
2	5
0	7
0	10
0	4
0	1
0	1
0	3
0	3
0	14
13	11
0	0
50	39
1	21
0	0
0	4
0	2
0	24
0	9
10	5
0	5
0	0
13	13
0	1
3	12
0	2
122	0
0	13
0	13
0	7
0	9
0	3
59	4
219	147
0	2
0	54
0	18
0	126
1	0
0	0
1	0
6	1
15	22
0	22
23	32
0	16
0	19
0	14
0	45
2	45
0	45
0	0
4	2
0	0
2	0
0	4
0	3
0	0
0	6
0	6
0	6
0	20
4	21
10	21
0	28
0	18
60	19
26	21
0	18
12	13
0	13
0	11
82	0
0	20
12	12
0	6
3	0
8	0
11	0
28	21
0	31
0	19
0	75
0	67
0	0
7	211
1	247
0	190
0	182
0	8
33	4
13	2
0	2
42	1
18	1
0	1
0	70
0	0
0	70
0	0
0	0
0	0
0	0
267	0
4	0
12	20
0	0
0	0
0	0
20	262
54	262
0	251
8	118
0	2
19	0
117	0
0	21
69	21
0	0
3	0
0	0
0	1
0	1
0	6
351	229
0	86
0	225
0	224
1	18
46	20
0	12
0	1
34	4
61	184
105	47
5	137
0	17
0	5
0	0
1	0
15	3
0	1
4	1
0	1
4	0
13	42
0	2
0	40
2	35
1	26
0	0
4	0
0	4
54	40
0	35
23	5
1	5
7	107
0	107
7	1
0	3
0	12
3	14
12	15
0	5
0	4
5	4
2	7
0	15
0	12
21	9
0	9
61	1
2	0
73	4
0	4
8	1
27	116
0	28
0	29
27	5
546	2
32	31
1	27
0	3
2	1
0	9
0	28
1	0
0	2
7	0
6	0
2	0
0	24
12	1
0	10
76	11
10	12
0	12
0	38
1	38
0	0
35	1
0	53
0	60
0	54
0	8
0	3
0	5
34	6
0	1
2	0
0	1
20	73
4	4
2	4
1	24
5	24
1	0
0	0
151	45
0	7
57	2
0	2
6	0
0	0
0	0
0	2
0	2
12	314
0	318
7	318
0	318
0	1
7	246
0	234
0	206
21	95
7	42
9	29
108	36
1	2
8	1
0	44
25	44
41	1
1	1
1	1
106	0
45	14
62	24
0	24
7	1
24	7
1	1
0	3
169	74
10	77
0	10
0	3
1	64
18	61
0	53
0	0
23	24
24	1
0	7
0	9
0	6
0	9
0	3
0	10
1	10
0	0
0	10
0	496
0	451
0	447
0	465
0	529
0	18
15	2
1	6
1	0
3	0
19	4
0	3
1	2
0	10
0	79
0	79
0	79
0	14
0	17
0	10
0	20
2	22
0	18
0	14
0	4
0	9
10	12
0	0
32	0
9	10
0	10
6	2
0	2
10	2
130	16
0	13
2	3
0	66
0	69
9	18
0	51
0	69
0	69
3	3
0	68
0	0
0	48
0	29
109	118
0	106
0	50
0	5
0	0
0	2
10	4
0	4
9	99
1	5
4	98
46	0
0	1
0	0
0	0
2	0
368	25
7	14
0	21
0	15
8	20
1	0
0	1
0	1
0	1
4	0
15	0
63	15
0	10
0	15
10	2
0	2
41	11
0	11
0	5
0	0
0	2
0	2
0	0
0	82
1	74
0	82
59	0
4	1
67	5
0	5
0	5
0	5
0	12
0	12
2	12
0	5
0	35
12	56
4	20
0	1
6	19
0	31
1	42
0	30
0	6
0	7
0	2
0	42
0	42
4	14
0	0
7	0
47	6
0	6
1	7
0	7
19	10
1	7
0	7
65	40
0	40
3	28
7	28
62	28
0	26
91	244
0	0
0	1
2	243
0	2
7	2
0	1
51	235
0	28
32	0
0	0
35	55
0	55
0	41
0	0
4	6
2	1
132	1
0	1
0	2
0	55
0	25
0	36
5	0
0	8
0	0
0	0
0	36
64	5
8	0
0	4
0	4
0	1
0	267
79	225
22	61
0	213
0	225
0	31
0	37
0	17
0	26
0	9
0	18
0	8
30	30
10	0
0	73
440	702
0	5
0	19
8	112
0	5
0	2
13	74
0	469
0	470
889	246
6	55
0	56
0	16
27	34
0	25
3	9
18	9
0	2
4	25
0	0
2	0
99	13
36	0
115	41
0	0
5	80
0	31
188	80
92	2
10	2
8	27
9	10
0	84
0	4
1	2
0	1
58	122
10	8
27	17
0	25
0	47
1	0
0	0
0	0
0	0
0	43
134	3
15	1
0	1
1	31
0	19
3	19
0	20
0	13
0	6
0	0
46	2
19	15
0	135
22	142
1	48
0	15
0	7
0	7
0	2
0	2
1	3
12	0
2	17
0	1
0	16
0	0
0	0
3	0
3	15
0	12
0	11
158	60
14	36
0	41
0	12
46	36
0	5
0	4
0	4
0	5
29	191
0	5
0	1
10	5
3	0
83	0
18	6
0	6
3	6
0	6
0	1
0	1
0	35
0	30
0	35
0	36
0	12
0	21
0	8
0	9
0	10
0	8
0	10
0	9
0	9
0	9
0	9
0	9
0	9
0	9
0	9
0	10
3	0
0	0
5	2
4	1
0	1
1	4
28	15
129	17
0	17
0	49
0	31
0	49
14	51
44	46
2	3
5	1
0	1
13	3
0	3
0	1
9	51
9	50
0	41
0	6
0	11
4	0
0	11
27	0
0	0
4	0
0	399
19	401
0	125
7	85
14	64
0	60
6	63
0	1
0	1
4	19
0	1
40	90
0	53
0	13
0	2
0	21
325	1
0	0
7	0
4	3
33	12
0	11
0	7
0	6
0	1
7	0
0	1
1	5
0	2
0	0
13	5
18	0
0	185
0	185
0	10
100	1
1	0
2	1
0	2
36	4
0	1
0	4
168	34
0	34
5	0
1	0
1	3
1	11
0	5
1	5
0	0
0	0
1	0
1	3
2	2
0	3
0	3
0	1
0	1
47	18
12	16
0	2
0	3
5	3
0	18
41	28
0	2
0	0
0	22
26	212
81	229
0	170
0	261
0	141
0	67
0	48
0	261
146	51
0	11
0	13
1	13
0	13
0	88
11	88
1	74
0	0
49	15
12	43
1	1
0	1
0	25
0	26
108	21
0	3
0	3
0	17
16	1
0	0
0	0
0	0
0	64
9	83
55	112
0	105
0	10
44	204
0	204
0	33
0	33
50	0
13	12
0	1
0	11
0	11
32	26
12	26
11	10
1	4
1	0
0	0
0	40
0	1
241	50
0	0
36	11
35	11
14	21
9	63
0	0
0	0
0	63
0	48
0	17
0	48
10	2
0	0
0	1
0	1
0	1
0	0
4	4
3	190
1	2
0	4
9	36
0	36
77	6
7	4
0	4
2	0
17	10
0	28
9	28
1081	302
2003	315
30	4
2	3
32	34
161	34
2	1
0	11
0	1
0	0
0	77
0	80
0	80
0	60
12	7
0	2
0	2
0	2
0	1
125	194
0	140
0	3
3	5
0	0
1	1
0	2
29	19
0	22
0	3
0	0
0	0
0	1
146	44
6	1
96	14
268	694
0	693
0	30
0	30
0	30
0	30
0	15
0	1
0	1
0	3
2	6
3	0
1	0
0	0
26	1
0	1
3	67
0	67
11	2
223	0
321	2
0	2
0	0
40	3
0	1
0	2
0	2
33	2
3	0
1	0
0	0
0	111
13	5
0	5
0	111
0	2
1	2
0	2
25	124
0	15
1	9
0	114
0	7
6	9
0	0
2	9
0	2
25	101
0	5
3	0
371	7
1	7
0	4
0	6
33	11
1	11
6	6
0	4
10	0
0	2
0	0
1	6
138	9
21	9
6	3
1	0
0	3
0	1
0	0
17	125
2	125
8	0
0	0
0	116
0	87
0	19
8	5
0	76
0	0
0	0
0	58
169	99
0	275
0	262
0	261
0	276
3	34
0	36
7	3
0	0
0	0
0	1
29	45
0	21
0	44
0	21
0	1
0	1
30	1
0	1
60	0
19	0
0	0
0	0
12	3
0	3
0	3
0	0
15	86
0	20
0	20
0	11
10	36
26	6
115	21
2	8
11	20
53	1
1	14
20	13
0	7
26	3
23	0
633	126
591	29
5	26
0	34
5	28
0	105
0	0
7	4
2	4
0	3
0	0
0	0
41	60
0	0
4	60
101	104
12	107
23	17
0	2
0	2
0	2
0	2
0	275
1	275
332	117
1923	117
0	8
0	9
87	60
0	62
24	65
15	0
0	2
77	2
0	2
0	11
0	11
209	35
0	34
0	8
8	8
4	4
13	4
0	9
0	8
1	6
0	2
0	3
7	62
0	62
32	57
0	56
4	40
2	5
0	4
0	0
0	4
41	0
3	4
4	4
0	0
0	17
0	0
13	1
3	17
2	4
1	0
0	0
7	0
0	3
24	89
8	103
4	0
0	0
5	18
6	4
11	0
111	0
5	0
0	25
2	25
1	23
21	5
0	0
0	2
2	2
0	1
9	6
0	6
38	242
0	12
0	14
2	230
0	4
0	39
0	42
0	28
0	31
0	1
0	1
6	18
6	33
0	14
0	5
1	0
0	9
2	1
0	25
0	9
0	0
2	9
0	16
0	16
1	0
1	0
9	137
1	137
0	137
0	124
72	107
0	31
3	119
29	24
0	22
0	114
29	119
4	1
0	2
6	0
0	4
2	2
0	0
2	0
8	128
0	106
0	114
0	2
0	3
0	1
0	114
44	42
0	54
0	49
0	47
0	47
0	42
0	54
120	0
7	3
0	3
261	54
30	1
1	53
13	39
0	32
0	8
0	3
29	32
4	29
22	10
0	2
102	7
0	2
0	6
173	97
220	97
10	64
19	0
3	0
5	0
1	27
0	22
0	24
0	27
0	13
0	3
28	10
24	0
28	1
0	3
17	3
27	0
25	39
3	38
0	15
0	12
0	2
0	0
0	343
2	346
3	116
1	1
0	0
0	0
55	33
0	28
14	32
2	3
2	4
40	10
16	28
0	34
4	7
5	8
0	1
0	1
5	1
0	2
12	0
0	7
16	12
0	12
0	11
0	10
0	34
0	8
11	51
0	11
0	8
0	51
0	41
0	8
7	60
1	10
0	10
11	12
10	6
0	6
0	0
0	0
0	0
0	0
43	15
0	15
40	3
3	1
0	1
436	26
0	26
0	26
0	0
0	26
16	0
0	0
22	31
0	0
0	21
228	89
0	89
0	4
0	7
0	32
0	932
0	936
0	936
107	0
17	23
0	5
0	3
30	81
107	70
19	76
11	32
29	60
0	18
0	16
2	2
0	30
0	11
0	11
0	4
3	64
0	63
0	28
0	96
0	31
0	2
0	1
330	30
0	58
1	56
0	158
181	105
0	66
0	18
1	16
35	4
0	31
0	158
4	34
0	41
5	57
0	33
0	6
0	6
41	3
18	7
0	8
0	8
0	6
0	6
0	4
3	6
9	3
3	4
0	0
3	0
557	0
0	0
6	0
14	8
0	2
0	6
0	145
5	214
0	214
0	1
9	79
0	205
0	11
0	12
0	11
12	0
3	0
176	0
1	4
11	55
55	52
416	55
4	3
0	15
0	0
409	6
60	3
38	0
39	0
105	317
0	8
1	4
3	1
0	2
0	2
2	1
17	16
0	9
100	9
4	7
0	51
0	51
0	18
30	18
0	2
6	27
23	80
0	27
0	27
7	0
0	22
73	15
67	0
73	19
0	7
6	13
0	13
0	4
0	4
17	15
0	15
1	49
0	62
0	15
0	15
0	11
0	4
0	5
0	8
0	17
3	4
0	5
1	19
0	6
0	5
0	6
0	5
0	2
0	2
0	4
0	4
0	4
0	2
0	2
0	2
0	5
0	1
0	3
0	13
1	2
16	0
1	1
0	85
0	44
0	83
3	6
95	125
0	117
399	246
30	50
0	16
0	50
127	61
85	53
0	24
0	3
0	0
0	11
0	38
0	17
0	23
0	23
6	199
2	33
16	32
80	3
0	193
0	28
24	0
0	136
13	0
0	0
0	6
35	8
0	1
0	2
0	7
0	6
33	22
1	1
0	85
0	1
176	64
7	64
2	37
0	31
0	1
0	0
0	13
17	45
0	26
19	39
0	39
3	13
0	15
0	15
0	15
0	22
0	19
0	11
0	7
8	14
113	0
74	190
0	134
6	166
0	36
0	11
17	0
22	83
0	1
0	83
125	155
0	155
1	144
1	129
0	107
3	12
0	12
10	1
0	1
13	0
10	5
37	30
3	30
16	24
1	4
5	0
4	24
97	16
2	4
1	4
15	0
1	0
17	12
1	2
0	4
0	2
13	0
0	0
248	3
509	9
10	0
0	3
96	6
3	92
1	81
17	85
0	15
4	46
0	67
0	29
0	23
0	22
0	22
0	0
119	9
0	9
6	0
24	54
0	54
7	31
19	1
0	24
0	13
154	4
2	6
0	6
40	1
2	34
0	35
0	3
2	0
0	1
0	51
0	7
14	30
12	3
0	2
0	53
223	39
6	22
0	3
0	3
3	2
0	18
0	0
1	50
0	50
60	60
0	58
0	40
11	36
0	2
0	15
6	41
0	18
0	34
8	4
95	3
3	1
0	2
0	145
45	135
1	4
0	2
0	25
0	24
152	14
0	57
11	5
0	4
1	1
31	1
4	1
0	1
0	2
6	2
10	1
0	1
0	3
0	8
9	0
0	1
0	1
4	2
9	1
2	172
3	165
22	142
11	89
1	30
5	14
25	14
0	5
1	6
0	14
632	8
2	0
0	216
378	98
0	140
0	181
3	85
0	19
118	70
0	70
2	27
0	27
48	41
0	41
0	37
0	523
0	27
0	39
7	40
0	6
0	12
0	13
11	195
21	21
76	174
0	493
0	0
85	8
2	1
9	36
0	0
2	3
1	4
4	0
0	0
21	63
4	34
8	5
0	41
0	63
0	0
0	0
0	1
0	7
0	28
17	64
0	7
0	173
173	173
34	53
1	53
1	30
0	2
0	0
0	0
22	9
76	178
13	297
0	297
0	2
0	168
0	303
9	6
3	6
0	137
0	137
243	112
0	113
0	85
8	4
0	3
0	2
0	2
0	0
7	63
0	40
3	40
0	11
0	24
0	24
0	8
2	0
793	64
0	64
18	19
105	68
0	7
0	47
23	7
12	38
0	17
5	33
0	3
1	0
0	3
0	1
0	0
0	0
0	1
30	82
0	57
0	16
0	2
0	7
0	38
0	0
292	0
5	0
1	0
0	0
0	70
1	70
0	46
6	17
0	41
47	3
3	2
6	12
0	1
0	2
2	1
0	1
0	1
149	30
0	96
4	4
60	66
0	2
0	0
38	34
4	31
142	69
0	10
1	2
20	2
0	23
0	0
44	21
77	3
0	1
0	63
0	2
0	0
8	61
0	61
0	0
0	2
0	2
0	1
25	0
10	1
0	3
0	1
0	33
0	5
0	0
26	0
10	3
0	8
0	1
0	31
100	0
164	44
33	44
0	0
339	0
88	52
35	30
0	29
276	9
8	7
0	2
9	1
21	1
0	2
3	1
9	12
0	12
0	12
0	13
0	15
1	2
0	4
0	4
0	2
0	4
0	1
0	4
4	1
0	0
0	0
0	0
7	23
9	25
5	12
0	10
0	0
0	52
1	41
5	0
0	52
0	8
2	4
91	26
0	48
0	12
0	0
0	2
0	2
0	24
0	31
0	64
0	65
0	49
0	52
0	10
32	59
63	0
75	162
8	157
0	66
13	47
0	38
0	35
0	32
21	5
0	4
0	4
41	5
0	3
0	5
0	2
440	180
3	65
0	18
0	103
15	39
14	1
13	1
0	3
0	3
0	3
0	53
0	85
0	10
37	85
0	9
15	20
0	10
159	62
13	73
39	16
2	4
9	0
3	52
20	52
0	10
12	1
51	1
1	1
0	23
3	43
15	44
1	20
0	19
0	15
0	15
4	18
0	9
235	0
0	1
5	1
2	23
0	17
36	177
0	22
34	104
6	117
0	7
294	244
0	3
0	6
0	26
0	6
0	3
0	4
64	6
0	6
19	17
0	29
6	29
0	1
2	0
3	0
3	23
0	6
156	18
6	10
0	0
1	2
43	40
0	739
0	10
0	5
16	6
0	10
0	0
0	0
0	3
1	0
123	720
0	2
641	6
3	2
4	35
0	41
3	6
2	0
2	10
13	16
0	7
1	15
419	7
1	7
27	63
0	62
15	0
833	1118
7	0
23	1118
284	0
0	64
0	43
0	68
41	79
0	0
0	9
0	44
0	44
2	0
51	13
3	12
28	46
0	0
0	1
0	0
5	0
11	3
0	10
0	7
5	21
0	7
0	6
0	6
0	28
13	8
0	28
0	0
4	14
25	9
0	8
14	19
4	44
26	32
6	27
0	31
1	18
0	5
0	22
14	22
0	25
0	10
7	277
9	133
0	144
1	38
0	7
63	64
0	64
0	64
6	64
0	41
3	21
54	84
39	0
7	22
0	12
0	17
0	0
37	60
0	35
0	4
0	4
1	2
0	1
13	19
0	85
15	76
0	70
0	12
6	7
0	12
28	12
0	12
0	2
17	84
2	84
3	9
2	4
6	24
1	6
68	1
0	23
52	1
0	8
0	0
0	54
0	1
0	8
0	8
158	92
93	102
2	10
0	10
55	23
0	0
0	5
6	23
0	0
0	5
0	1
0	4
15	6
362	349
0	1386
0	582
0	629
0	1341
0	83
67	34
0	10
0	7
19	0
0	24
2	4
62	16
1	2
0	1
0	5
50	12
7	21
9	21
0	208
0	22
264	172
0	106
26	0
114	71
2	53
0	71
0	17
0	12
0	2
0	4
0	0
3	0
0	1
0	1
4	1
0	4
5	754
0	222
0	114
4	0
0	20
0	20
25	20
0	13
2	6
0	1
80	0
0	239
0	100
0	152
0	106
3	752
0	56
0	7
0	26
0	13
0	13
0	4
8	3
0	2
13	4
18	4
29	4
10	28
5	28
0	16
72	21
51	1
2	33
13	55
0	62
0	2
0	5
48	35
0	42
0	5
32	4
35	27
2	27
71	261
19	135
0	191
7	12
13	3
0	157
99	1
1	0
6	0
1	0
2	1
0	0
0	35
161	55
19	42
0	2
0	1
1	35
0	80
0	25
0	7
69	20
0	27
0	6
0	10
0	51
0	27
0	29
21	64
7	112
0	13
0	82
0	1
0	1361
0	22
20	0
28	49
7	61
0	72
0	61
76	9
0	28
49	29
0	12
0	37
125	11
10	0
91	110
0	110
0	63
0	42
0	53
18	49
0	46
117	0
2	14
0	14
0	2
438	2257
0	1305
0	303
60	60
3	1
0	60
35	113
212	35
0	35
0	29
9	5
0	6
1	1
20	0
0	19
25	3
0	3
6	142
0	56
0	89
0	89
0	51
0	47
0	3
1	0
0	3
8	71
0	3
4	19
0	5
1	2
0	0
1	9
15	39
0	7
46	22
0	22
0	22
1	22
2	21
0	12
0	12
0	11
2	10
0	8
0	16
0	9
0	26
0	4
0	3
1	3
60	0
0	2
0	16
0	16
1	30
0	18
678	3
8	3
0	16
10	16
87	301
0	258
0	7
0	16
10	3
0	0
0	0
0	11
48	0
15	78
0	91
257	104
58	603
0	603
0	32
0	32
10	32
51	389
96	355
40	23
18	16
0	11
374	49
0	21
0	4
13	28
233	44
2	35
0	0
1	9
29	5
0	3
4	8
1	8
0	1
0	303
0	331
0	331
4	18
1	17
0	0
0	15
0	1
0	91
6	91
0	0
1	0
52	0
3	2
0	2
0	1
0	1
0	1
0	0
0	0
0	0
2	1
3	0
1	3
0	9
0	2
2	0
0	6
2	17
0	1
48	20
0	19
0	0
4	0
1	1390
0	82
1	1
3	1
0	1
0	1
0	3
0	3
0	1
0	2
0	2
27	26
265	26
63	16
0	25
0	139
0	114
0	63
12	62
0	36
0	22
0	22
0	22
65	19
1	22
0	20
0	19
0	0
0	0
0	1
3	5
0	6
0	1
0	295
0	371
0	262
0	86
0	111
77	66
0	1
5	15
0	2
0	2
0	2
20	17
0	17
0	7
0	1
0	1
0	1
0	9
1	1
0	9
246	335
0	293
0	307
37	315
0	171
0	136
0	106
0	0
0	0
0	380
2	175
0	86
8	139
2840	1876
133	1
0	1
1	0
28	28
5	24
0	21
0	9
4	16
3	247
15	74
0	2
171	76
0	1
12	79
22	2
0	4
0	1
0	3
4	81
1	5
0	23
0	8
0	3
101	105
1	2
0	1
1	1
0	2116
0	227
72	20
0	747
0	38
8	175
108	172
0	4
7	2
0	20
0	0
33	0
769	14
0	38
1	46
1	2116
20	4
27	4
67	200
3	10
149	70
29	59
0	41
0	30
0	214
0	65
7	164
0	164
18	6
25	35
2	0
1	0
0	3
84	3
0	10
0	9
0	0
0	4
383	26
1	11
19	3
1	4
4	3
89	101
0	1
0	46
2	54
0	3
0	4
0	15
0	15
148	0
129	0
0	2
0	16
0	16
13	22
3	6
1	9
0	8
4	3
0	1
7	0
0	3
110	0
8	2
9	13
1	11
15	9
0	9
14	50
0	357
1	218
71	84
4	78
0	78
34	7
2	29
0	0
0	32
40	32
5	23
0	32
0	15
8	1
7	15
0	9
0	7
0	7
0	6
5	0
0	0
0	0
0	0
97	15
0	10
0	2
0	4
23	2
24	2
57	24
0	24
0	14
2	10
0	1
0	10
25	22
119	553
0	0
0	0
1	33
0	67
16	23
226	6
0	119
0	119
85	119
0	16
0	0
0	2
0	2
0	4
0	0
3	1
0	1
0	21
0	21
1	3
9	4
1	14
0	10
0	3
0	14
7	10
0	3
16	18
26	108
0	50
0	26
0	53
7	3
0	108
90	0
5	48
2	666
4	27
24	315
0	20
4	44
0	14
112	12
12	12
0	126
0	59
20	77
0	136
50	1
0	99
0	59
9	180
0	177
52	166
35	2
47	1
0	3
0	2
3	0
1	28
0	34
0	34
0	307
0	416
0	101
3	217
0	14
2932	412
15	197
20	141
13	0
0	25
0	24
16	24
0	16
0	1
0	6
95	9
0	3
0	3
0	3
10	3
0	2
119	2
0	4
37	67
501	43
32	47
0	92
11	37
27	0
28	79
1	10
0	0
144	2493
0	21
0	6
0	48
0	160
0	1
0	3
0	23
0	74
37	75
60	163
0	530
4	278
5	46
0	112
2	9
6	8
120	6
0	7
10	4
0	1
1	3
6	3
56	39
0	12
0	13
5	378
16	43
2	140
0	133
3	357
194	419
136	25
10	15
0	14
13	196
4	0
619	228
3	18
2	18
1	0
7	6
143	41
15	12
1	30
0	82
15	5
1	5
0	0
0	0
0	0
0	9
1	10
0	2
1	1
7	78
0	5
21	3
7	111
0	111
1	89
0	5
0	0
61	19
0	18
0	58
1	2
0	57
0	56
7	0
0	55
0	18
44	15
3	15
319	73
11	73
4	73
5	0
8	17
0	0
6	0
101	148
38	15
0	0
0	148
3	24
11	26
0	26
10	51
0	2
31	83
26	54
0	4
0	29
0	1
0	1
181	2
21	2
0	0
1	0
40	19
0	14
26	13
5	14
0	14
28	1
0	1
56	51
71	71
0	57
0	2
0	9
0	3
0	7
0	7
64	7
0	4
7	67
0	3
42	62
22	8
24	0
0	25
18	17
0	0
1	8
704	395
0	383
0	383
0	383
1	139
0	140
9	0
29	6
1	0
0	9
0	0
0	6
5	15
0	6
0	1
0	6
0	1
0	0
2	16
2	1
25	1
0	4
48	15
0	0
37	5
0	5
0	15
0	7
15	0
0	49
24	11
8	6
0	13
0	54
0	49
0	43
56	6
0	6
0	6
0	0
0	0
0	49
39	60
0	59
0	55
0	0
0	2
0	2
0	171
47	180
0	180
22	4
0	3
1	1
0	2
0	2
0	2
232	37
136	36
0	25
2	13
0	19
0	13
0	8
0	3
0	19
0	209
61	209
1	6
11	4
11	1
2	4
0	368
18	368
2	368
669	139
0	9
4	5
0	9
0	20
0	20
0	1
0	2
0	12
0	13
0	19
13	0
26	0
12	0
51	62
0	62
0	1887
0	44
19	840
0	1035
3	764
0	584
0	547
0	41
1012	1886
0	1842
0	0
0	0
0	917
0	855
6	203
0	7
0	189
0	7
299	54
0	57
25	53
0	53
1	16
2	3
3	2
0	2
14	1
241	16
2	8
44	65
0	65
22	0
34	11
0	59
1	71
0	81
0	187
161	223
4	68
11	0
4	0
1	53
32	36
5	3
4	4
0	2
0	17
4	0
2	37
0	69
0	3
11	24
0	5
0	5
0	4
0	4
0	21
13	37
6	16
1	10
2	10
0	0
2	54
0	54
12	0
10	7
0	3
2	1
0	0
0	84
0	13
2	11
19	29
1	3
0	79
0	33
2	10
0	4
39	10
0	1
0	1
1	0
0	0
0	0
1	1
6	1
1	1
0	0
1	1
2	1
1	1
0	25
0	27
2	35
0	18
6	18
0	0
2	11
1	3
0	10
3	10
3	4
3	4
1	6
7	10
319	0
4	3
21	1
1	4
0	4
7	4
0	4
1	1
0	0
36	19
0	0
0	0
0	13
3	1
1	0
0	19
0	10
8	6
0	47
21	38
0	27
10	14
0	12
2	7
0	16
0	4
4	4
3	8
0	0
0	24
0	22
0	20
0	23
0	0
7	8
5	10
3	4
6	1
0	19
198	265
0	18
1	32
0	33
0	0
11	84
0	7
0	0
17	8
69	77
0	1
0	0
0	102
0	25
17	90
37	2
4	33
0	0
15	33
25	31
2	19
1	11
4	8
0	17
0	17
0	3
12	0
11	0
0	2
10	0
26	3
0	1
0	2
0	21
0	32
6	68
0	5
0	41
1	4
334	0
14	60
30	22
21	34
16	4
0	13
1	2
0	4
5	4
0	3
164	2
0	2
15	0
0	4
6	0
0	121
58	121
311	6
0	3
0	5
0	317
55	317
0	18
1	35
12	7
39	47
0	44
15	33
0	18
18	25
0	26
15	6
1	6
0	20
14	5
1	0
0	21
16	21
0	6
0	16
0	0
0	68
0	8
8	71
31	62
0	59
27	5
0	4
26	1
0	0
64	44
5	0
0	44
41	0
3	0
11	0
21	50
35	12
33	22
0	20
9	16
0	6
0	15
0	5
0	5
79	216
0	216
46	26
61	125
673	0
42	26
0	21
0	21
20	96
0	21
0	1
6	58
33	20
64	40
40	39
0	33
0	5
0	4
91	60
23	59
67	29
0	21
7	0
52	3
0	1
5	237
0	248
0	9
26	0
0	1
7	1
0	0
7	3
0	1
0	61
0	20
86	61
0	13
0	2
0	0
0	0
28	0
179	106
8	242
0	294
0	238
0	8
0	11
0	0
0	5
2	56
0	9
0	31
9	26
0	34
2	3
0	4
0	24
0	8
0	11
0	19
0	52
1	4
0	4
0	1
9	52
19	5
0	169
0	169
0	169
8	181
0	3
11	1
27	250
5	238
0	14
4	13
2	15
0	1
0	0
8	4
0	12
0	1
177	274
22	221
74	119
6	1
0	151
0	16
33	44
0	0
0	0
1	0
27	10
0	24
0	24
8	2
9	40
0	11
0	11
1	40
56	31
19	31
13	27
23	295
126	252
23	235
1	219
0	40
19	26
0	26
2	11
0	2
0	18
8	48
7	24
0	39
0	2
1	2
0	0
1	0
0	0
0	18
2	2
0	3
0	10
9	7
3	0
1	3
2	4
0	3
179	13
0	8
166	230
2	0
8	0
8	0
0	5
52	187
7	33
0	0
0	187
14	17
0	0
13	17
10	31
0	22
0	6
5	2
0	2
13	5
0	0
1	3
1	10
0	10
32	11
0	42
9	42
0	21
6	1
21	4
0	4
5	6
0	6
1	16
12	14
0	18
0	22
9	21
88	22
23	23
4	2
0	1
33	78
0	2
0	205
0	205
1	6
0	4
7	58
42	37
0	37
4	4
0	3
123	11
33	10
0	5
42	19
0	19
8	5
0	0
123	14
0	0
2	0
27	0
0	71
0	68
0	12
18	105
0	13
0	0
4	8571
38794	8783
79	45
0	3
0	0
3	1
0	74
0	0
0	75
0	9
8	0
0	0
0	103
0	0
0	0
0	0
0	544
0	82
0	0
0	2
0	68
0	44
0	3
0	3
22	7
0	10
0	0
22619	185899
0	0
0	91
0	0
260949	157736
0	2
0	18
0	80
602	85195
200	72333
3341	73332
2752	41449
0	92
0	71
0	17
1	121
0	80
0	0
0	3
0	0
127	153
0	12
0	63
0	5
0	0
2	9
7	52
49	124
0	19
31	102
239	106
0	5
1327	49702
74	0
0	0
0	13
0	0
0	0
16	0
0	10
9	285
0	0
266	375
0	6424
1	2
1	153
0	14
10012	42566
1077	14017
32317	201619
0	91
1	103
1	0
0	0
18	0
0	2
0	13
0	9
9	19
0	0
0	0
0	0
7	8
0	47
0	3
0	0
1	4
54	61
0	2
0	0
9	0
0	10
0	87
0	2
15	0
22	0
0	0
0	15
0	0
0	56
85	160
0	0
490	0
0	0
0	64
0	93
0	2
1	13
4436	212415
11	1
1	0
0	0
2	0
314	0
537	0
59096	77339
0	0
0	75
0	34
0	21
0	36
0	35
0	35
0	20
0	0
0	55
0	39
0	107
0	0
0	0
1202	19193
78	57247
0	20
0	153
0	2
0	0
0	0
0	2
0	38
0	226
53	21
0	17
0	41
0	5
1	210
0	85
0	74
0	0
0	44
0	0
0	0
3	0
1	12
0	45
434	183
0	42
1094	78142
0	0
0	70
0	53
0	0
6	64
0	279
5037	97260
248	16260
320	16512
1079	18706
311	18084
2330	33003
953	61919
18	25530
21	18248
0	1862
0	0
0	0
0	0
0	24
0	0
4	7
0	0
0	0
0	0
0	67
0	0
9	34
0	80
1	1
0	67
106	141
0	10
0	111
445	752
0	0
110	83
0	154
0	47
0	52
0	203
0	15
0	5
0	12
0	18
0	0
0	6
0	4
0	0
5	0
42	0
0	0
0	24
2	0
44	0
0	0
0	37
0	0
31	8
0	0
0	0
0	66
0	104
146	0
0	41
0	19
0	15
1	245
80	100
4	0
175	0
0	3
0	119
68	173
0	173
1	2
0	0
1123	91724
2	3
5	0
21543	242358
0	0
0	1
36	0
0	0
582	494
18	0
2	157
9	152
17	94
4	50
1	15
0	1
0	1
0	2
0	4
0	8
3	2
0	5
7	2
0	2
0	1
0	7
0	2
0	5
1	1
0	12
2	1
0	3
0	1
0	1
0	2
6	0
0	11
30	109
1	7
14	102
42	14
0	10
4	10
0	2
0	9
0	0
18	3
30	14
0	5
5	34
0	33
12	19
0	18
0	1
16	16
0	36
65	65
2	66
57	100
0	78
56	35
0	34
0	3
1	1
0	1
0	99
0	61
3	43
1	4
6	39
0	40
0	1
0	4
2	4
0	99
0	6
0	6
144	213
700	206
0	227
3	213
0	156
4	0
1	3
0	13
0	13
27	168
0	170
6	14
0	9
0	3
0	170
23	0
20	36
0	33
0	33
0	4
0	3
0	1
0	2
53	38
0	38
0	0
1	0
0	0
0	0
92	40
0	40
0	4
31	18
22	130
3	2
0	6
0	174
0	129
55	72
3	49
0	28
0	25
0	25
286	104
0	25
0	1
0	6
1	0
2	1
19	28
0	108
0	79
0	41
3	31
0	79
0	23
0	266
0	265
3	265
1	1
27	263
1	1
0	0
12	27
0	2
1	3
0	0
63	73
13	78
0	78
6	6
0	64
0	55
2	34
37	129
0	13
0	19
23	30
0	26
0	0
0	1
0	10
0	1
0	1
0	1
0	2
12	11
0	0
1	0
8	29
0	2
319	71
0	49
4	41
0	42
192	115
0	4
3	18
1	32
0	4
1	3
22	35
4	35
0	24
0	57
0	50
0	54
0	57
0	11
0	50
83	50
0	13
5	1
1	15
0	6
0	88
34	15
1	13
0	83
93	142
1	2
0	140
0	47
0	47
41	7
2	6
27	0
0	1
0	0
0	1
0	1
1	11
4	0
111	35
0	23
2	13
1	0
5	0
0	33
0	33
0	51
12	51
0	33
1	0
1	29
12	25
6	42
2	23
1235	0
10	0
11	0
0	14
0	14
0	8
10	0
5	3
0	3
32	226
0	147
0	3
0	11
8	1
0	166
0	76
17	18
0	70
611	207
1	0
0	94
2	33
0	16
1	68
8	1
0	38
16	49
2	0
0	0
18	6
0	95
9	13
0	39
0	55
0	50
0	57
0	2
0	25
0	2
0	9
3	3
0	30
0	1
0	2
3	8
0	36
0	24
0	3
0	1
0	28
0	82
3	76
0	27
1	81
0	28
336	615
0	209
0	139
0	66
0	36
0	2
0	2
11	0
0	0
66	0
0	1
0	1
0	631
0	621
0	294
15	50
0	48
32	29
9	0
15	19
15	8
0	15
1	9
0	11
0	11
11	253
0	0
1	0
163	46
4	46
4	1
0	3
6	0
10	1
0	0
2	1
0	0
0	1
36	20
5	27
1	27
1	14
48	1
16	44
20	1
18	7
5	152
84	113
4	42
0	154
0	3
0	5
1	0
0	16
0	50
215	0
128	96
0	97
0	28
0	10
0	4
0	80
0	104
196	1
2	1
9	342
0	373
0	303
0	206
0	1
18	5
0	0
1	3
34	0
5	0
0	9
2	9
45	1
27	69
0	65
0	88
0	80
360	133
0	9
0	8
0	10
43	9
0	0
5	29
0	0
0	3
27	0
23	25
2	12
39	16
18	0
0	16
10	399
35	145
17	68
0	24
0	23
4	24
0	19
0	0
578	0
77	29
26	29
0	12
27	11
1	7
2	3
0	3
230	0
0	5
0	14
0	14
0	5
3	0
24	0
1	0
0	0
0	0
0	0
0	0
0	0
1	15
3	44
0	44
13	13
0	41
4	37
185	86
0	1
0	1
0	1
0	85
22	0
0	2
0	2
2	1
19	363
172	363
0	10
27	4
232	4
0	1
1	2
10	1
10	0
22	50
0	4
0	42
7	42
34	16
4	6
0	4
0	6
0	48
0	48
281	47
0	16
0	2
0	16
0	0
0	1
0	1
1	5
6	3
0	3
0	0
0	4
1	4
19	41
1	96
11	6
7	12
12	0
7	0
0	9
15	7
34	43
0	31
8	10
7	0
9	10
33	21
7	21
0	0
0	0
24	90
3	1
0	24
0	24
0	74
1	54
0	2
71	41
0	3
84	3
9	0
12	93
0	93
0	48
1	0
1	0
0	0
0	0
0	0
0	0
0	82
5	82
2	35
2	66
0	66
10	6
0	6
0	0
0	0
4	7
15	24
1	8
74	74
0	46
0	52
0	34
0	38
0	1
11	3
21	0
0	3
0	8
0	6
7	15
131	118
0	105
0	18
0	13
1	13
0	0
1	4
0	55
28	74
0	8
0	10
6	2
2	8
0	2
18	1
10	30
12	0
0	45
10	0
74	3
37	3
0	30
13	31
0	3
0	4
0	2
1	13
64	3
0	3
0	8
0	1
0	1
0	8
6	10
0	10
0	1
42	6
137	10
0	6
0	6
2	192
0	58
25	192
41	16
0	0
8	95
2	22
0	2
10	0
0	0
0	2
20	43
167	14
3	4
3	3
13	22
7	3
25	7
0	4
0	0
0	17
5	14
0	3
0	3
1	96
96	97
31	97
0	2
0	4
98	16
126	31
0	14
0	14
0	17
0	24
28	0
0	12
4	12
0	24
43	26
111	42
0	14
124	7
0	0
0	0
0	108
0	19
0	89
5	0
0	84
0	84
0	0
1	0
362	0
0	142
0	134
0	10
1	3
0	79
3	38
0	36
6	54
0	2
41	11
0	14
0	14
0	0
0	7
0	7
0	9
6	5
1	3
0	2
0	0
0	0
0	16
0	16
0	121
1	1
0	1
6	79
0	76
0	2
0	0
47	121
54	92
1	91
57	3
0	87
0	84
0	88
0	81
0	78
0	82
0	81
0	78
0	82
0	81
0	78
0	82
0	3
12	18
4	111
0	109
0	1
0	22
0	1
0	20
26	26
0	16
0	16
1	71
0	38
2	1
0	29
0	58
10	4
0	57
17	28
16	9
23	9
0	10
0	177
0	8
0	177
18	81
0	74
2	0
5	3
40	21
0	1
0	1
2	21
0	19
1	19
0	8
18	6
21	2
0	28
28	28
0	1
8	0
9	1
8	41
1	40
153	440
0	298
0	40
3	0
140	400
3	3
0	0
0	1
0	8
0	8
0	8
3	8
0	8
0	1
3	6
20	5
1	0
0	5
43	1
1	0
118	53
250	7720
0	58
0	40
0	45
0	58
0	41
0	58
0	53
0	4
0	153
0	143
21	161
0	99
0	29
20	82
0	51
0	16
4	1
0	0
0	0
0	0
0	1
0	0
0	143
0	143
0	154
0	130
11	818
2	6
3	67
0	54
0	9
0	4
78	9
381	10
0	10
0	24
1	13
7	11
1006	0
5	3
0	53
2	75
0	32
0	45
0	51
0	44
0	0
0	13
0	1
0	26
4	0
6	0
4	7
13	0
1	0
0	0
0	0
0	0
578	139
0	139
10	1022
0	1022
11	0
1	0
0	0
7	2
0	33
0	53
0	17
0	21
0	46
0	48
0	47
0	18
0	54
0	10
0	20
5	0
0	5
0	5
0	8
0	3
1193	0
131	402
0	403
38	401
82	0
0	109
334	0
0	1
5	6
36	116
35	0
104	4
0	1
8	8
0	4
0	4
0	5
0	5
1	1
0	3
0	1
31	2
145	105
0	81
4	3
1	0
0	1
0	83
0	0
0	0
3	79
3	30
0	15
55	10
0	10
0	0
0	152
0	11
0	8
0	131
2	13
0	42
0	43
3	1
0	1
3	13
32	256
6	148
0	101
0	92
0	71
161	81
0	81
6	48
15	48
13	48
8	45
0	11
0	11
0	0
1	0
19	1
11	10
4	10
5	1
2	5
0	5
0	9
0	9
3	7
0	13
6	16
2	18
0	3
0	22
12	20
0	8
43	74
0	74
0	0
5	19
24	10
0	2
5	0
19	1
33	1
0	1
76	159
0	159
0	124
125	93
1	53
0	29
0	10
7	7
16	0
2	1
1	11
12	12
0	45
0	45
32	67
11	68
0	61
13	62
0	13
0	55
15	10
0	10
0	133
260	792
0	133
173	171
0	9
0	792
89	153
0	153
90	30
0	30
0	14
2	0
1	0
0	46
0	45
0	34
5	12
0	13
0	13
0	13
0	14
0	10
0	10
21	33
0	33
0	18
1	18
19	26
0	25
6	12
0	8
0	8
124	36
0	2
0	1
7	42
3	23
0	3
0	21
0	21
0	1
7	6
60	169
0	47
0	6
225	25
0	3
31	25
0	3
0	25
54	48
0	53
0	7
0	10
9	16
0	41
1	0
105	24
0	5
2	0
0	1
0	1
0	22
0	1
0	2
93	12
22	21
1	17
3	21
0	17
0	21
0	1
0	0
0	1
0	3
0	0
0	0
0	0
0	21
0	7
0	15
0	0
0	9
20	1
2	283
0	37
78	33
49	33
367	39
0	39
4	0
1861	117
0	117
0	132
388	148
165	171
24	74
0	39
60	8
13	5
0	4
0	283
0	37
12	8
17	23
6	0
0	1
0	395
0	394
0	381
0	4
0	8
0	3
0	1
0	0
8	0
84	36
0	7
0	4
41	0
0	24
16	1
84	252
0	230
0	204
1	38
2	11
0	6
0	31
4	25
1	30
0	3
0	11
0	0
1	0
191	5
78	17
0	2
0	5
1	7
21	5
0	2
1	2
1	78
35	7
6	5
0	7
13	72
0	70
8	49
8	9
0	10
0	5
115	85
0	45
0	13
37	122
0	15
0	5
0	5
1	2
0	0
1	21
0	21
0	4
0	207
0	58
0	77
1	77
0	57
7	21
28	1
0	1
291	0
0	0
0	71
0	7
0	1
0	2
0	2
0	2
0	2
0	0
11	142
281	32
11	14
0	2
5	18
3	1
0	0
0	0
0	0
6	0
0	37
0	11
0	11
0	2
0	0
7	0
222	40
20	38
0	7
4	3
17	45
0	213
0	215
0	185
0	8
0	11
0	18
0	11
0	16
3	1
0	1
0	24
0	24
0	2
311	385
0	35
145	255
1	0
0	0
175	358
49	234
9	16
0	176
2	222
0	239
4	285
0	222
0	193
1	232
558	213
0	138
0	113
0	105
58	118
3	114
2	10
341	0
0	188
0	50
0	17
0	27
0	27
0	10
0	15
1	4
0	4
115	64
0	41
1	20
0	3
97	113
0	11
116	13
0	13
20	3
0	16
108	32
28	77
0	72
0	81
0	72
0	80
0	18
1	5
0	3
10	0
196	0
39	0
2	0
19	0
10	0
0	7
0	9
0	6
0	8
12	70
117	32
0	56
2	23
0	7
0	137
0	137
0	136
0	136
13	87
1	11
1	262
109	249
10	15
0	15
77	0
6	28
28	28
0	14
6	0
65	57
0	5
0	3
1	0
0	3
1	2
0	50
90	0
1	49
22	8
0	16
0	10
5	0
0	2
4	0
1	2
2	272
52	37
18	37
412	74
0	83
7	36
19	38
0	25
0	47
35	38
0	15
31	5
19	19
8	36
3	0
5	0
38	49
5	48
0	78
0	67
31	83
0	83
0	80
0	78
0	243
6	233
0	50
18	12
5	3
0	0
1	11
14	5
3	8
0	6
0	12
6	334
0	2
0	5
0	5
0	1
23	8
8	1
2	0
1	4
0	5
25	66
134	22
0	119
98	140
84	186
0	88
0	184
19	23
476	181
0	18
0	0
1	0
0	20
0	2
34	3
1	61
0	54
0	60
1	58
162	327
0	328
5	3
0	0
0	1
3	1
3	0
0	1
0	0
0	88
0	2
1	0
0	80
27	78
34	45
0	4
10	31
6	38
0	7
23	17
2	11
0	17
0	1
11	23
0	14
0	7
0	7
15	11
1	0
0	0
89	0
3	21
0	15
0	7
7	61
6	47
13	0
28	366
0	38
6	54
0	22
108	39
27	23
0	184
0	276
0	65
0	22
0	184
0	350
41	80
0	75
0	71
19	136
0	150
0	91
0	50
1	37
1	46
30	21
0	31
0	41
0	11
0	4
0	26
1	12
0	4
1	45
0	3
0	22
0	22
0	22
0	28
5	16
0	31
26	33
3	2
0	2
0	12
14	12
43	62
2	65
0	60
0	60
0	59
0	59
0	61
1	1
0	4
0	0
0	2
0	2
0	1
0	4
16	52
0	0
0	51
0	51
0	17
0	17
0	5
66	104
19	111
0	3
1	0
52	2
0	2
9	0
7	18
6	10
19	2
4	8
5	0
14	2
1	43
43	34
81	24
0	25
5	10
23	18
2	15
0	7
45	37
10	13
4	11
0	11
3	11
10	0
7	1
5	2
0	2
0	11
3	100
0	74
284	103
105	42
61	28
0	28
0	210
0	210
790	4
26	138
19	127
0	0
0	25
3	20
4	9
0	10
0	4
0	9
0	10
0	10
0	8
0	48
0	50
122	43
0	10
0	51
25	43
0	1
26	1
4	4
1	124
0	124
0	28
767	177
0	177
8	24
0	0
0	0
6	433
0	433
16	402
4	156
8	111
97	113
4	7
7	5
0	58
0	56
4	6
0	6
0	0
1206	23
2	21
572	2
2	1
25	2
13	2
0	3
13	0
60	1010
71	1010
14	33
1	3
104	33
0	484
58	484
188	28
83	28
25	2
3	2
0	56
25	56
2	2
0	1
0	1
0	54
59	30
0	28
0	1
0	1
7	5
1	0
18	5
0	25
0	25
0	0
0	0
0	0
2	1
0	5
1	3
22	13
0	25
0	3
0	3
0	0
0	124
0	8
0	8
5	4
0	4
1	4
0	4
3	4
0	4
0	2
0	0
8	8
0	3
0	10
0	13
0	13
0	4
0	7
0	11
0	11
0	8
0	11
0	12
0	10
16	13
0	10
0	0
0	3
1	3
0	5
0	5
0	8
4	16
0	16
27	0
2	0
0	0
4	0
0	306
10	306
60	154
28	20
0	42
84	35
0	21
1	1
0	2
601	6424
30	1
0	1
0	3
0	7
0	6
0	6
3	10
0	4
0	1
0	1
8	1
0	1
8	0
0	3
0	3
0	3
0	3
0	3
18	0
0	3
4	3
12	57
31	1
0	12
52	12
0	1
0	1
0	27
0	5
0	56
1	2
0	2
1	97
0	20
0	40
0	31
191	28
0	21
23	0
0	10
24	104
0	0
4	58
0	84
1	1
0	20
1	0
9	80
1	0
121	30
31	29
2	7
0	8
0	1
5	2
2	1
105	0
2	114
612	25
0	89
0	5
0	5
0	5
3	3
0	7
1	4
0	3
33	78
0	50
0	50
0	32
3	44
0	44
0	21
0	21
131	0
0	188
0	47
22	4
2	4
26	0
17	1
48	5
2	39
0	81
0	6
0	5
0	4
48	183
0	5
0	1
0	13
0	30
0	58
0	65
0	177
0	121
34	12
3	25
612	6
6	4
0	2
1264	0
4	2
64	2
0	2
1	2
9	0
0	25
0	25
119	23
1	0
0	8
0	13
0	375
0	474
0	114
0	0
0	577
0	113
0	110
0	0
0	23
0	2
0	1
0	2
0	2
0	2
1	0
1	0
2	2
0	201
25	300
0	46
16	300
0	39
0	78
2	45
68	22
10	42
632	114
0	17
0	1
0	20
0	2
0	82
3	148
6	148
0	1
0	0
0	148
30	0
182	0
5	15
0	7
42	8
37	74
6	55
0	1
10	74
1	1
0	45
0	34
12	0
0	1
107	262
1068	260
48	196
89	172
0	159
0	59
32	46
100	0
28	25
1	18
0	391
0	385
23	391
0	34
6	18
0	33
257	239
0	64
0	66
0	34
0	16
0	15
32	19
0	14
0	4
0	0
0	1
585	11
1094	414
8	400
2	5
0	1
0	13
61	0
2480	346
54	346
27	36
114	51
160	11
40	0
1002	0
0	28
0	22
104	0
25	38
0	7
1	35
392	156
0	107
0	12
73	71
2	13
0	13
0	3
0	45
7	45
0	16
13	43
35	87
10	50
24	44
0	131
0	42
41	12
0	0
5	0
0	131
11	128
10	128
90	40
0	12
2	32
1	4
5	0
0	128
0	11
2	0
3	11
0	1
0	11
0	9
0	8
0	9
0	10
0	1
0	9
0	4
4	6
50	8
0	8
2	6
0	8
3	40
0	40
37	96
50	96
0	33
2	81
0	20
0	23
0	20
1	22
3	2
17	2
0	1
1	2
221	222
5	25
5	22
0	33
0	31
2	36
86	23
7	3
0	3
8	2
0	2
61	43
0	38
5	1
0	25
5	62
0	62
0	10
27	10
0	62
0	126
0	35
23	121
1	1
0	117
0	16
0	25
0	95
1	64
0	54
76	70
1	14
1	47
1	35
0	81
48	111
7	32
0	140
34	64
0	1
66	11
0	6
1	135
3	14
1	29
2	18
1	29
2	0
5	67
2	5
18	62
0	0
5	0
4	0
0	20
17	37
0	0
0	15
2	0
0	0
0	1
0	32
0	2
0	1
0	1
288	74
0	7
0	16
0	55
40	168
4	12
0	1
1	1
2	0
0	0
0	4
0	0
0	168
44	69
15	31
0	17
0	23
4	0
68	9
1	14
2	19
5	3
0	28
145	28
5	1
0	1
0	0
53	94
0	63
0	22
15	2
22	174
14	232
0	442
0	442
1	301
2	6
4	3
52	0
2	15
0	15
4	111
4	29
0	23
0	22
0	16
0	11
0	14
0	0
0	9
0	18
6	21
13	17
0	8
1	2
0	21
9	35
14	37
18	27
2	26
0	10
6	0
9	17
0	103
0	103
0	56
0	10
0	14
0	56
48	159
66	94
1	93
2	89
0	9
0	0
45	25
24	1
0	129
0	16
45	6
101	16
2	0
2	0
0	6
0	6
0	6
0	6
0	6
0	6
0	7
0	7
0	7
0	6
0	6
63	0
34	90
0	90
0	89
0	0
31	12
0	5
0	0
1	21
2	20
0	13
1	0
105	9
0	8
0	8
195	0
104	34
0	27
39	262
0	238
0	247
0	6
7	12
3	4
2	4
0	6
24	1
43	114
635	112
8	68
2	1
10	47
31	13
0	3
2	0
0	1
0	1
2	0
0	47
26	294
0	1
74	35
0	3
0	287
0	128
0	68
0	5
0	39
0	3
0	47
0	16
0	2
0	21
22	73
0	50
5	0
0	19
39	0
14	8
6	52
7	9
89	12
0	6
0	11
1	4
0	4
3	6
37	0
0	0
0	0
5	31
2	89
0	89
57	1281
0	58
2	58
0	82
14	31
4	9
18	25
2	174
0	41
8	2
0	2
618	25
0	3
0	2
132	116
113	108
0	22
3	1
0	1
5	1
0	0
48	5
0	2
463	47
0	44
38	3
0	6
0	4
0	5
0	5
0	5
0	3
0	4
0	4
0	0
0	1
3	0
22	90
20	16
0	16
0	16
0	0
29	0
2	0
0	0
6	0
13	7
1	7
85	18
0	13
3	3
7	2
0	2
0	2
0	3
0	3
0	1
1	2
3	89
0	72
0	160
9	0
8	157
0	0
0	120
15	1
4	1
73	144
20	0
8	4
15	5
1	373
0	27
0	28
28	348
11	153
0	3
0	1
263	58
23	10
0	50
0	106
7	19
0	1
0	1
212	0
0	88
24	9
1	1
3	8
6	8
647	0
7	13
0	8
0	1
0	1
0	2
0	2
0	19
0	9
0	69
0	69
0	69
6	19
13	5
0	2
0	2
4	15
154	35
1200	8
0	28
19	6
0	6
1	1
38	0
0	0
0	5
4	0
287	89
0	89
0	26
0	26
1	1
21	65
3	60
0	65
8	41
9	1
14	0
6	1
0	28
0	20
0	18
0	17
2	20
0	2
0	1
806	0
427	137
0	118
30	49
0	36
0	35
4	15
3	13
26	0
609	61
0	113
167	159
0	45
0	101
0	115
0	115
165	601
163	601
1	0
354	100
1	28
0	5
0	3
0	2
13	47
0	8
52	1
0	0
18	107
105	23
2	4
0	4
0	9
0	9
23	52
0	33
0	52
5	0
0	0
0	0
4	1
0	1
0	1
3	2
199	37
11	43
32	25
5	43
12	67
0	66
0	23
8	19
34	26
0	4
14	11
0	2
1	4
1	8
0	0
2	8
0	8
0	3
0	2
0	2
0	2
0	2
0	2
0	8
3	0
315	17
15	17
37	15
0	14
0	37
2	100
0	25
0	54
0	55
1	55
2	415
0	401
1	391
0	382
0	149
1	38
6	10
0	2
0	79
0	77
0	77
0	7
127	21
0	77
8	77
48	1
0	1
0	0
0	1
0	1
0	7
0	7
0	10
0	3
0	60
374	111
0	37
2	2
0	2
0	3
0	3
0	1
0	86
0	42
0	93
6	14
535	230
0	60
25	0
102	173
17	123
117	60
0	26
3	7
62	49
0	49
0	2
1	2
0	2
1	154
0	50
100	48
0	7
0	251
14	251
0	234
5	1
4	8
0	50
1	50
0	41
0	23
0	66
0	52
0	47
0	66
0	20
0	10
0	2
0	2
0	1
0	3
0	3
0	0
50	21
0	0
0	21
10	15
0	15
0	2
5	2
31	67
0	65
0	11
185	11
17	347
0	9
0	350
0	7
0	3
2	2
210	0
26	20
0	20
28	14
0	1
34	0
0	6
11	99
0	97
0	85
0	49
36	2
0	57
0	57
3	57
69	13
0	1149
0	630
30	489
4	63
339	542
0	153
0	419
0	73
0	540
0	19
0	12
17	19
0	1
571	303
0	193
24	217
42	62
20	86
257	35
6	35
2	1
0	19
0	18
81	113
0	12
0	48
0	76
21	101
3	0
0	0
50	0
41	23
0	23
0	0
26	6
10	20
4	1
2	0
15	14
0	20
5	0
0	30
2	30
2	30
0	30
0	17
0	49
0	49
0	18
0	8
146	8
4	0
1	0
5	1
0	2
35	8
0	4
15	5
0	2
0	261
34	261
177	21
15	36
2	12
0	21
0	2
0	0
0	0
6	3
90	340
7	19
0	346
0	14
19	13
0	0
0	20
12	14
0	4
0	0
0	12
0	13
0	44
0	44
0	11
0	2
98	7
20	4
6	126
0	62
0	126
0	118
0	33
45	47
0	6
0	6
0	6
4	64
0	13
0	1
0	0
0	0
11	53
64	16
0	2
2	7
1	1
0	9
10	4
17	26
283	86
0	69
0	13
0	13
0	19
13	32
93	30
91	17
9	28
0	42
32	53
3	53
0	16
1	12
2	3
0	53
28	0
1	141
21	0
2	52
0	55
61	133
5	18
0	6
0	50
0	90
26	86
2	7
0	4
0	14
0	5
0	2
5	0
0	0
2	13
0	0
4	0
3	0
0	0
0	12
0	27
1	82
0	13
7	2
0	2
1	221
0	0
1	221
0	0
9	0
11	8
0	8
58	41
0	41
1	1
3	0
212	109
0	62
0	58
0	60
0	0
0	0
60	29
0	29
3	4
14	0
3	272
0	9
5	22
2	21
23	36
0	24
17	18
16	33
62	22
142	0
2	24
9	24
8	261
0	267
0	230
4	9
1	7
0	0
1	1
0	0
0	1
18	4
0	0
0	0
0	0
0	0
0	0
10	0
9	0
0	118
571	83
0	118
375	1
2	0
1	0
86	1
3	11
0	0
0	10
183	21
0	20
0	1
0	0
1	0
2	1
3	2
29	28
13	28
0	0
124	22
0	19
0	19
34	0
0	0
48	1371
0	1254
25	11
3	4
0	9
14	21
0	21
1	1
29	26
0	17
0	13
0	22
2	2
0	4
73	2
1	1
0	1
688	28
0	1
0	23
0	9
56	42
0	42
48	24
201	10
86	24
42	7
0	44
2	4
1	39
0	39
0	8
9	11
0	8
35	63
0	13
3	46
73	51
0	49
62	22
324	115
0	115
0	17
2	2
0	3
0	2
0	2
0	13
0	3
95	6
0	5
0	10
2	1
2	3
0	2
114	142
0	42
6	2
0	3
1	7
0	7
17	2
0	2
0	390
0	132
0	106
28	129
0	117
38	54
217	1
68	256
199	5
0	117
0	95
0	41
3	48
5	3
0	42
416	155
0	155
0	15
0	0
2	2
1	27
2	11
203	264
205	187
0	175
0	7
459	302
6	51
0	51
11	20
0	4
0	74
0	75
0	7
0	0
0	7
0	2
0	9
0	8
0	7
0	0
0	0
1	0
0	0
0	0
110	7
0	0
12	0
32	0
0	78
9	78
0	20
517	60
0	49
9	7
0	4
0	4
0	11
11	0
0	2
0	150
0	91
0	85
0	157
0	150
0	159
0	39
0	34
0	26
2	12
0	0
0	22
0	4
0	11
9	2
0	87
11	110
0	76
41	168
0	76
0	37
0	271
5	271
17	0
0	27
134	23
0	6
43	0
0	1
78	8
0	15
25	9
27	10
0	1
15	7
0	41
0	40
0	10
0	3
0	40
0	40
381	1629
86	1651
0	85
25	80
0	2
0	16
0	30
0	30
0	33
1	32
0	31
0	2
12	0
0	20
0	20
0	3
27	40
0	33
27	13
0	19
25	15
0	1
1	0
6	12
4	15
0	16
21	21
0	6
11	136
19	136
20	13
0	13
0	4
2	39
0	38
292	2
6	36
146	63
0	37
0	29
1	16
0	26
0	27
46	26
32	0
0	5
0	1
20	2
0	3
0	24
1	3
4	2
0	27
0	27
0	8
0	8
0	5
0	8
861	50
1	50
77	38
41	51
34	96
4	115
0	27
0	27
0	3
0	86
1	7
0	22
13	4
3	4
1	6
0	5
1	4
0	13
0	11
0	13
0	11
0	2
7	0
2	3
0	29
14	41
0	23
0	2
0	0
73	39
0	7
0	2
2	44
184	33
0	31
3	80
234	78
0	31
0	2
2	0
1	0
0	13
0	15
2	0
74	74
0	74
8	35
41	28
6	2
85	0
0	184
0	186
0	35
0	48
59	124
2	124
0	141
8	44
0	0
0	190
0	190
0	121
0	190
1	190
0	39
0	153
0	30
21	70
0	121
0	0
0	0
1	11
0	0
0	11
0	11
1	6
0	6
0	6
11	165
16	334
72	334
131	233
11	237
0	8
0	8
19	4
0	1
8	73
0	73
290	63
0	22
109	51
27	8
30	8
0	129
0	129
2	129
0	9
0	10
11	28
0	28
0	23
2	0
3	0
0	1
26	0
28	29
1	46
28	24
0	2
0	2
3	44
0	12
0	12
0	0
0	28
0	1
0	12
8	28
0	10
0	10
0	10
5	10
0	0
0	0
0	10
67	27
310	217
0	108
1	277
0	194
27	104
1	0
6	6
0	0
0	6
71	92
8	1
82	2
73	4
389	290
0	269
0	186
2	32
9	0
335	66
0	105
0	0
10	0
0	49
0	4
0	18
19	21
0	0
0	0
0	3
1	4
0	3
18	19
0	17
0	52
0	51
0	10
1	9
0	0
0	2
0	2
0	6
22	11
0	16
23	0
2	1
42	380
0	380
6	18
0	17
0	2
0	1
0	2
1	1
0	1
10	4
22	517
0	256
0	10
0	16
27	13
0	10
16	10
0	10
0	10
46	15
104	80
0	34
0	27
0	46
0	43
0	414
0	0
0	242
14	169
11	21
1	127
0	1
13	207
7	224
0	414
0	10
59	41
0	38
4	19
0	4
0	4
0	3
9	18
0	2
0	2
2	39
0	3
1	39
0	2
0	16
210	17
23	17
2	24
12	15
73	7
29	10
0	1
0	0
14	551
0	513
24	126
4	42
0	99
9	1
7	40
0	7
263	1
0	7
0	46
2	19
45	72
2	22
0	1
0	72
16	22
4	83
0	9
0	4
15	6
0	0
0	1
0	34
0	25
0	42
0	78
2	0
0	2
0	1
1	1
27	13
46	132
10	87
353	17
0	1
1	0
0	0
0	3
20	21
0	0
24	5
0	12
28	7
56	56
26	17
69	0
0	41
0	127
0	55
0	55
1	2
17	0
0	41
0	41
0	55
0	51
18	55
0	51
2	13
0	3
8	2
0	2
0	12
0	2
0	4
0	4
234	10
0	46
1	46
0	51
0	51
0	51
0	12
0	4
0	4
18	98
0	1
19	116
10	96
28	12
9	37
0	18
9	6
21	6
0	0
11	0
6	26
0	14
9	25
1	130
146	0
16	73
0	73
35	35
0	11
4	89
5	58
359	21
1	5
6	3
0	101
0	115
0	13
0	0
0	6
0	6
3	0
0	0
1	14
0	115
20	39
0	24
0	2
60	41
471	20
0	0
0	19
115	278
0	211
0	115
0	101
0	97
0	24
18	112
0	369
3	14
0	368
0	0
2	0
10	557
0	52
0	64
4	2
37	0
120	28
9	28
0	70
426	555
327	138
12	144
0	143
28	240
0	11
2	224
0	16
1	0
4	0
2	8
0	25
10	19
0	9
0	8
0	2
0	1
0	0
0	58
155	61
2	1
0	41
18	0
23	4
7	45
1	0
19	236
97	236
37	139
0	139
178	55
0	0
0	1
0	1
28	81
0	46
68	22
165	11
0	8
38	0
1	13
400	123
0	106
17	5
1	4
1	4
0	9
1	5
0	6
0	5
0	6
1	360
35	0
0	2
0	280
0	126
0	6
9	27
0	43
1	38
0	30
0	16
58	6
0	182
5	177
23	26
0	15
7	12
0	140
0	49
0	42
1	14
2	8
36	0
0	0
4	0
42	14
79	15
0	15
42	11
0	11
0	22
58	103
0	17
332	2
0	1
52	23
0	14
0	14
0	14
0	84
1356	56
0	3
0	56
0	6
5	0
0	22
0	24
0	43
0	69
126	121
0	51
1	60
0	112
0	22
5	22
682	210
0	27
3	4
35	0
0	211
85	57
8	569
0	9
0	9
0	9
30	1
2	284
0	28
0	39
1	1
1	1
2	19
1	16
0	12
11	20
5	0
1	0
131	55
0	6
0	3
1	1
7	0
0	0
39	5
0	5
52	43
12	27
0	4
1	0
123	0
108	12
11	41
0	35
2	12
0	11
0	11
0	12
0	12
0	12
0	12
0	12
0	12
0	12
0	12
0	12
0	12
0	12
0	12
0	12
0	12
0	0
7	6
0	0
7	2
35	1
0	12
329	632
3	2
0	12
64	0
72	34
9	2
0	621
28	0
1	28
0	28
0	9
0	3
0	36
0	36
0	31
0	29
111	29
21	0
0	19
0	21
0	20
0	27
0	17
70	80
0	62
11	41
13	1
3	16
11	37
65	37
9	22
436	419
12	360
0	59
33	0
0	58
308	279
0	8
7	209
2	173
0	160
0	67
4	68
0	0
2	0
0	1
1	1
0	120
50	14
56	14
7	143
0	131
0	2
0	0
952	2304
0	2304
24	976
0	1013
0	14
8	0
0	11
2600	9
924	9
0	54
0	1
16	3
0	3
0	1
1	0
6	2
0	2
83	112
17	110
20	12
46	187
0	40
51	456
55	40
0	76
60	98
0	46
0	98
121	4
7	3
0	20
0	20
5	2
0	5
0	10
7	24
142	0
53	25
14	25
1	1
65	29
0	16
3	4
1	0
9	0
1	4
13	0
67	0
2	0
132	60
2	52
2	0
6	0
0	8
0	8
140	196
0	167
0	171
5	176
10	151
0	94
0	2
7	0
199	8
53	4
1	23
950	146
244	14
0	10
0	1
1	0
0	1
0	6
2	3
4	123
12	66
0	1
0	62
5	0
0	60
106	320
4	320
8	308
30	20
9	0
4	3
0	17
80	0
169	12
1	12
268	15
37	11
0	1
2	6
1	1
0	2
4	2
37	102
0	102
82	134
0	100
0	26
0	48
139	186
175	146
0	116
285	72
68	1
5	0
119	3
11	3
2	27
0	17
0	15
30	0
18	116
0	116
48	45
0	9
0	9
1	4
0	2
0	2
0	6
3	7
0	4
2	2
0	2
24	2
3	2
14	2
9	0
0	0
5	158
0	171
0	174
25	122
149	22
48	22
0	3
0	0
0	1
0	1
0	2
0	1
0	4
53	6
1	0
0	6
30	161
0	153
267	8
27	8
26	4
3	7
3	3
115	744
0	54
0	67
0	744
0	361
0	56
0	18
53	105
0	5
0	44
0	1
1	296
0	26
2	73
0	13
179	30
217	32
0	32
202	109
39	147
0	0
38	38
4	15
0	22
3	5
42	171
0	60
0	0
24	0
7	0
2	4
1	169
8	40
0	25
3	11
2	0
9	28
0	0
2	0
1	25
0	0
0	9
0	1
2	0
0	0
0	34
0	0
0	0
0	0
0	9
1	0
9	34
0	9
173	1
0	0
113	239
131	23
19	17
0	241
7	0
1	6
33	6
12	6
0	4
1	4
0	1
27	4
0	2
1	2
1	5
2	4
1	2
41	34
0	9
382	9
0	3
2	1
0	3
1	3
6	77
337	81
0	4
0	0
5	4
0	106
51	530
38	532
31	212
2	0
1	2
17	2
0	21
0	205
0	204
0	204
9	32
0	7
0	7
0	182
0	182
0	182
0	182
0	182
3	170
1	1
0	150
1	4
1	0
22	0
3	0
0	180
0	180
189	34
17	47
2	8
0	8
5	0
0	2
90	27
0	15
0	21
0	20
1	20
0	10
0	368
3	0
0	0
0	368
10	365
0	0
15	8
7	8
0	8
0	8
0	8
3	8
75	65
0	65
14	18
0	5
0	18
369	5
0	2
0	0
0	0
2	0
0	18
0	4
2	4
29	54
0	8
4	1
1	3
0	2
0	1
88	101
0	99
0	58
66	13
0	17
0	22
11	24
100	20
24	157
0	181
0	166
189	120
1	85
0	0
0	1
4	197
0	99
0	196
0	99
0	25
4	37
0	0
0	0
0	0
1	37
7	0
13	1
1	0
0	0
1	0
10	0
88	2
0	42
1	42
0	42
83	170
0	348
0	61
9	22
0	140
10	242
0	256
26	178
0	52
0	52
0	52
0	52
0	52
0	52
0	0
29	2
12	21
0	4
4	16
6	11
0	9
1	8
0	0
0	0
0	16
0	0
5	10
0	33
0	33
10	122
35	125
65	84
5	24
2	2
217	8
55	7
0	1
0	7
101	4
4	15
86	18
0	37
20	37
25	0
17	2
5	0
7	1
720	45
8	17
0	29
0	0
0	124
17	0
0	35
0	25
1	16
0	11
0	1
0	1
4	1
0	1
6	0
0	1
0	1
0	25
0	32
0	32
0	31
0	36
0	32
12	36
0	31
0	29
0	26
4	49
76	88
13	76
1	9
0	0
15	5
106	1
2	0
2	22
0	21
0	22
0	9
0	1
0	5
1148	37
0	37
12	9
1	60
0	67
0	69
0	60
1	60
0	4
1	0
0	9
0	11
0	1
166	102
5	98
3	0
11	0
6	5
0	5
0	30
0	29
12	29
5	7
7	10
0	6
61	0
14	15
0	15
0	15
61	38
0	32
22	50
0	42
17	27
0	17
12	54
0	54
3	27
2	4
0	1
0	1
5	3
1	22
18	25
0	22
0	22
0	17
0	17
9	19
0	1
0	1
0	1
9	0
58	24
6	19
0	17
0	0
0	7
0	0
0	0
0	0
0	0
0	3
0	19
19	21
19	11
31	78
3	60
6	31
8	59
8	59
3	0
25	57
0	0
0	0
0	0
2	0
0	0
3	0
1	0
0	3
2	53
51	23
0	23
369	470
74	364
4	349
0	2
45	18
87	44
37	150
0	136
3	43
0	69
0	34
11	8
17	14
41	14
0	15
0	15
42	0
1	2
0	5
0	2
0	0
34	17
166	198
2	5
0	197
6	59
0	59
0	3
0	36
0	1
12	6
15	151
0	6
0	150
10	2
10	5
0	254
0	254
0	254
0	240
16	252
57	110
0	96
40	83
3	62
6	11
1	10
176	0
2	4
189	43
0	43
15	19
0	28
11	29
1	4
0	3
10	23
0	2
0	21
0	47
0	47
0	47
0	47
0	6
13	21
2	23
0	19
61	9
1	9
6	2
1	146
125	23
0	47
0	13
0	0
1	0
5	2
0	9
52	129
24	70
93	181
0	145
0	157
0	98
0	74
151	12
10	29
120	141
0	5
0	8
0	4
40	2
0	2
4	35
2	4
22	36
0	32
1	0
37	256
4	0
64	188
36	18
0	3
0	2
3	1
7	181
0	92
0	43
0	48
0	49
11	51
3	3
1	0
0	0
0	49
0	49
0	49
0	0
15	18
0	4
0	33
2	175
5	194
9	194
3	0
0	1
17	32
42	0
97	180
6	180
0	8
3	11
69	1
11	182
69	40
0	32
8	35
0	40
10	18
30	101
0	115
193	49
0	44
13	6
1	0
0	0
91	1456
6	1456
3	109
0	225
0	2
0	110
0	36
0	222
0	213
2	1
0	27
0	194
0	194
0	168
0	0
0	6
1	2
0	2
22	23
20	8
0	0
11	37
27	48
29	19
5	29
0	13
0	13
0	24
0	21
57	0
0	51
0	40
42	9
0	3
16	0
0	22
0	22
0	20
0	19
0	9
0	22
18	186
9	184
0	80
455	22
0	0
0	0
0	2
0	14
0	11
0	15
1	1
3	2
7	6
0	0
0	12
2	18
0	4
1	4
0	8
9	6
0	0
1	0
38	40
0	1
64	24
0	24
32	22
5	0
9	0
13	0
0	6
0	6
104	136
2	133
0	9
4	0
0	3
23	1
322	1
1	46
0	46
0	41
0	31
26	32
0	25
12	18
0	29
198	30
0	19
5	3
1	3
85	43
0	34
386	8
54	81
2	78
0	23
1270	249
9	151
0	94
87	72
0	80
0	67
0	61
0	68
0	61
0	21
0	5
44	31
0	4
0	5
24	8
0	7
0	1
0	2
0	1
7	0
14	4
9	7
0	10
52	11
0	6
0	0
1	0
1	0
1	2
711	435
16	435
3	93
0	92
0	10
12	1
18	5
0	2
0	2
18	40
0	51
0	16
11	48
0	4
1	77
0	147
55	72
39	39
182	32
0	7
0	1
7	1
2	7
0	8
0	4
1	2
0	9
0	9
1	8
120	733
5	739
22	325
3	124
6	0
23	9
0	6
0	3
0	4
0	4
8	3
0	3
270	32
6	23
0	72
198	73
112	56
0	0
24	11
0	17
6	0
1	0
0	31
0	12
0	2
0	0
0	55
0	85
0	466
0	1
2	2
9	0
3	1
1	1
7	74
2	31
0	38
0	464
0	59
0	59
137	58
309	189
0	189
0	1
1	8
0	7
83	155
0	156
0	142
0	147
37	133
110	110
0	127
0	43
0	8
25	4
47	67
0	50
0	67
1	6
1	0
10	517
0	513
42	485
65	500
0	402
0	261
56	253
0	6
10	4
0	9
46	27
0	1
0	2
24	7
0	9
165	5
0	2
10	5
16	4
170	79
0	79
1	20
0	1
10	0
0	0
0	21
0	20
3	0
1	20
3	0
0	20
0	7
0	0
0	1
0	0
0	2
0	0
28	43
0	1
160	0
4	142
219	12
36	8
18	16
0	16
0	16
0	15
0	2
0	2
1	0
0	6
1	1
0	0
8	1
3	12
0	7
63	37
0	33
20	12
0	13
0	4
2	1
0	0
0	0
0	47
0	1034
0	1034
244	3
33	2
0	1
0	0
4	10
1	10
0	1
0	2
0	0
0	8
0	5
0	3
0	3
0	3
0	3
0	17
0	15
16	8
7	0
22	0
55	300
14	280
0	69
29	10
0	222
3	1
1	108
0	102
7	108
10	1
1	0
0	6
0	0
14	34
0	34
1	34
4	1
8	24
0	3
0	3
25	19
0	17
1	13
0	0
0	0
0	0
22	229
0	167
0	91
0	40
142	103
0	1
2	1
10	5
0	5
31	51
0	51
5	0
0	39
6	39
0	6
0	0
0	6
0	6
158	117
0	61
0	44
0	23
0	16
0	13
0	8
0	0
0	3
0	3
0	9
2	1
0	0
19	22
7	13
21	2
0	294
0	215
0	215
31	87
7	89
0	222
29	212
0	0
2	2
5	211
0	163
0	160
0	66
248	66
0	17
0	17
1	11
0	1
1	5
0	4
0	4
0	4
48	63
0	61
0	63
0	38
13	38
4	1
0	38
213	324
6	207
17	8
0	7
0	352
0	355
0	355
28	355
0	3
0	14
12	46
0	10
1	2
4	33
2	7
0	7
2	3
0	11
36	13
0	15
0	10
1	10
0	4
656	0
0	118
0	118
0	17
20	971
0	24
15	973
0	19
46	23
50	22
13	75
0	75
0	1
10	7
13	232
9	197
17	195
1	232
1	107
1	26
0	24
14	81
2	74
3	63
23	9
0	9
13	261
0	251
82	8
0	8
0	32
0	2
0	249
0	1
0	4
0	1
0	2
36	2
0	1
0	1
0	0
2	2
29	2
0	25
0	25
0	154
0	31
5	0
16	1
0	1
0	22
7	22
115	57
0	2
2	57
9	9
0	4
0	17
1	3
24	14
3	2
0	21
0	22
88	21
0	22
0	4
7	0
8	1
0	0
6	3
1	1
1	1
4	0
78	73
12	35
1	69
86	50
0	50
1	0
0	0
0	0
1	6
2	2
259	3
0	1
412	29
1	22
0	21
0	14
697	18
0	0
1	2
1	22
0	17
0	13
0	2
0	5
0	5
0	9
2	8
0	3
0	4
0	2
4	0
5	2
47	8
0	8
1	0
162	0
0	0
6	0
7	0
0	29
0	37
0	27
0	32
8	207
48	207
0	4
3	2
16	228
21	13
17	222
6	9
1	0
5	9
0	2
3	0
0	34
0	27
25	11
1	4
0	9
0	2
1	25
0	36
0	5
3	13
26	27
0	8
2	0
2	11
0	8
0	0
2	0
0	0
3	6
0	6
405	72
0	72
77	0
4	36
0	56
0	63
5	37
132	359
0	3
0	3
0	12
33	1
0	11
0	0
13	0
1	14
0	13
0	0
0	0
0	1
0	11
0	10
1	0
0	0
0	0
669	0
2	0
0	31
0	30
0	32
0	19
28	1
37	0
2	0
702	0
0	71
0	70
0	51
0	15
0	9
0	3
0	19
5	27
0	0
0	18
824	71
224	12
2	8
10	4
0	49
0	49
1	1
0	6
9	34
0	36
0	41
8	32
0	11
0	11
0	1
0	1
0	1
0	179
0	48
0	169
0	179
1	0
4	20
4	29
0	29
26	170
0	164
6	147
18	1
0	43
0	48
0	6
2	18
15	0
66	29
26	29
67	173
15	145
16	173
42	38
113	173
0	178
0	5
0	5
0	8
1	11
0	11
0	4
0	11
835	229
22	174
12	125
48	108
443	89
0	48
35	299
37	7
0	299
52	83
1	7
1	10
4	8
1	5
70	49
0	24
0	24
0	24
0	24
0	0
0	1
0	2
1	61
0	73
10	0
5	97
0	94
0	97
0	4
0	27
2	27
93	15
42	116
6	109
1	6
0	6
26	6
4	24
39	204
0	204
12	169
4	142
0	27
0	3
25	655
0	8
0	354
101	354
0	97
0	32
0	12
41	0
7	21
0	1
9	130
62	188
0	60
0	0
1	17
0	14
0	9
17	19
50	570
0	646
14	618
0	646
1	4
91	40
64	40
13	24
2	0
0	0
0	0
0	0
1	1
0	1
0	0
0	0
2	0
0	85
239	81
0	14
0	5
0	70
0	19
6	12
4	1
5	0
10	8
0	5
17	55
30	12
0	5
5	408
0	279
0	23
4	66
22	91
4	40
0	60
0	5
0	38
0	11
67	48
0	30
0	30
0	26
30	90
0	17
0	88
30	5
0	15
0	6
0	19
0	67
0	35
72	33
10	18
2	18
0	15
23	3
6	4
0	4
0	124
0	124
0	50
30	357
0	357
117	78
0	73
0	0
17	5
0	5
85	9
2	30
0	30
5	1
6	9
416	1
0	103
0	4
0	72
0	4
3	2
0	0
0	134
0	99
45	208
13	6
79	1
376	72
0	26
23	32
1	6
0	45
26	74
1	74
42	0
17	33
0	15
9	17
0	7
196	0
0	0
8	3
23	3
89	0
0	225
0	4
5	7
0	7
33	81
91	96
0	73
48	198
0	31
0	0
22	0
0	108
0	108
1	77
0	0
0	2
0	0
4	2
0	1
3	3
0	3
0	3
107	26
171	23
15	22
4	0
0	28
0	28
10	20
89	20
0	11
1	11
0	7
955	201
24	96
7	69
20	77
7	25
0	2
47	50
0	96
0	96
72	27
0	0
96	26
84	9
79	34
0	190
219	83
0	83
3	4
0	4
0	4
0	4
0	4
0	4
0	4
7	2
0	0
0	0
0	1
0	0
25	34
4	23
0	21
0	0
0	19
179	29
24	21
0	4
60	217
0	217
18	0
6002	13
21	0
7	58
0	57
13	29
0	28
0	42
79	75
2	74
2	38
0	42
0	10
0	8
0	5
10	4
0	6
0	1
82	49
18	36
159	51
0	51
0	18
1	0
327	5
0	1
4	13
0	6
0	13
0	5
0	2
0	1
0	0
383	895
39	964
74	58
51	0
0	49
113	89
36	89
272	75
1	75
4	0
0	0
0	134
0	75
0	61
0	54
0	29
0	29
0	31
0	29
0	29
0	20
33	17
6	7
0	5
70	12
0	0
0	9
0	7
320	18
182	51
0	6
64	7
0	7
0	15
25	1
5	0
0	168
0	159
0	134
2	19
5	19
13	0
0	123
0	55
0	57
0	103
5	103
1	17
0	2
2	1
2	2
0	157
1	0
6	4
12	3
0	4
0	3
0	3
0	234
35	242
42	54
0	8
0	25
0	8
1	196
8	45
9	0
0	0
459	864
21	874
8	570
0	45
180	69
1	46
0	0
13	23
195	0
94	44
0	41
7	7
14	40
0	7
22	34
27	34
2	19
1	8
18	8
1044	7
0	5
0	7
36	4
52	2
5	210
0	208
0	151
12	6
4	135
0	64
10	0
10	10
0	10
266	0
0	0
158	156
2	156
1	11
2	13
21	0
0	0
0	0
0	0
0	0
1	0
2	100
25	100
1	0
485	0
0	78
2	212
0	59
57	108
1	51
0	36
0	21
34	2
31	0
0	19
28	15
30	131
0	58
28	127
0	157
22	122
54	6
0	0
61	150
0	8
0	8
0	8
0	5
0	3
8	12
0	5
0	5
0	4
0	5
2	1
0	30
0	47
0	40
0	33
0	19
0	24
0	16
3	23
0	23
0	23
0	23
0	23
0	23
0	0
4	2
0	0
244	624
0	542
0	609
0	620
0	660
0	254
0	176
0	120
4	539
0	0
2	3
2	7
0	20
1	13
9	0
159	43
5	17
0	2
46	28
0	1
0	1
1	14
65	83
2	1
0	80
0	72
43	0
0	72
0	2
1	1
3	1
0	4
12	114
0	9
67	0
56	104
0	104
0	0
0	0
0	0
0	0
0	1
51	2
5	20
0	71
0	52
1	5
0	5
0	5
0	33
2	55
0	0
0	0
0	27
2	2
0	4
0	1
0	3
2	0
2	3
19	4
4	3
0	0
65	214
23	0
0	58
22	9
24	7
0	3
0	7
17	3
0	40
0	34
0	6
0	90
0	126
140	87
1	125
0	4
0	4
29	12
33	0
10	0
191	48
21	48
0	0
0	0
10	305
2	337
0	87
398	87
12	2
18	33
0	13
0	75
23	26
0	18
0	23
0	24
16	78
0	90
0	12
0	14
28	95
0	10
105	577
1	3
0	3
0	44
179	0
150	0
59	129
28	104
0	106
0	4
0	4
1	11
12	11
52	14
0	4
4	3
1	1
12	11
0	5
67	36
0	27
21	25
2	27
0	27
0	22
0	23
0	3
0	0
0	0
0	0
1	0
0	0
2	32
52	32
0	29
105	40
0	40
0	10
0	17
83	0
4	0
6	128
18	14
23	4
0	139
0	0
0	0
0	202
1	202
0	18
7	2
4	2
33	1
370	77
0	32
0	1
11	0
138	7
0	7
0	20
1187	20
0	101
0	11
0	1
0	11
0	85
0	4
0	17
0	21
0	21
0	31
0	101
0	20
0	26
47	0
0	47
0	130
60	132
0	101
0	10
0	19
0	10
0	11
0	5
0	5
0	2
3	60
3	63
1	2
3	4
0	4
0	25
1	15
33	31
0	228
0	228
9	180
0	180
0	180
9	0
39	13
5	8
0	84
4	19
1	18
0	8
0	3
1	4
3	2
60	2
0	2
42	21
1	1
49	35
0	37
0	47
210	45
0	45
0	3
0	32
0	32
107	86
28	92
0	15
256	15
21	42
0	44
0	57
1	45
12	0
0	383
0	383
0	78
65	73
0	127
1	68
0	123
0	12
0	2
0	3
4	503
4	1
0	3
16	377
0	248
0	25
0	181
4	475
37	340
67	87
0	79
7	34
0	20
1	7
0	29
96	80
64	23
133	63
1	3
0	5
4	4
9	0
43	1
2	0
0	0
307	85
13	48
0	99
53	919
0	920
0	466
133	485
0	25
42	39
62	9
0	0
0	0
0	0
1	0
0	0
22	289
0	0
0	8
0	48
0	4
2	26
0	1
3	0
2	0
0	43
45	285
0	3
0	23
0	5
2	14
13	66
0	66
11	22
9	37
0	1
6	12
0	4
2	37
17	41
0	0
0	5
0	5
0	28
31	17
455	32
1	7
31	120
21	28
55	498
10	20
0	0
57	685
0	1
80	235
31	0
61	0
0	0
0	16
2	28
0	14
0	14
4	6
1	13
136	153
48	153
29	100
119	74
9	8
0	0
8	0
20	36
45	70
0	0
0	0
0	26
0	21
0	24
569	67
0	30
0	16
0	18
0	19
0	12
1	7
0	12
711	0
0	3
0	5
0	1
0	3
4	2
0	57
1	62
1	111
0	51
0	53
749	168
0	990
0	989
0	989
0	14
0	0
0	1
0	1
0	1
0	0
0	1
0	0
0	1
0	0
0	0
0	1
0	1
25	0
0	46
0	0
8	53
18	87
29	87
0	1018
0	1019
21	14
1	14
0	14
49	0
1	0
24	60
3	14
2	1
0	1
0	46
21	35
0	21
1	26
14	25
0	10
6	30
0	15
11	7
0	35
41	0
4	0
0	98
6	29
0	98
7	64
0	16
0	14
22	24
0	26
8	47
0	30
0	30
0	30
0	0
3	16
0	38
1	0
6	0
0	0
0	0
2	12
0	12
13	1
0	120
0	40
0	6
14	6
0	78
286	207
0	4
0	1
0	120
3	89
213	61
455	284
22	237
0	1
3	0
9	17
2	8
0	0
0	10
0	6
0	1
0	3
0	3
0	9
0	9
0	1
2	1
0	9
2	2
0	1
0	0
0	0
0	6
0	12
0	12
0	3
12	1
37	6
13	71
18	101
1	70
11	91
255	173
0	70
21	143
603	186
9	181
31	830
48	62
0	4
0	2
1	2
0	62
1	0
1	0
47	569
89	17
10	17
0	2
0	0
0	2
0	42
2	20
0	33
0	0
0	0
0	4
1	39
0	32
0	22
0	14
0	14
5	0
0	1
0	1
4	1
1	0
1	4
0	2
11	0
149	58
0	3
3	30
33	22
936	284
5	6
35	4
0	4
0	2
0	4
0	4
0	4
11	3
0	3
0	720
23	720
5	144
0	0
472	18
0	18
3	1
5	0
25	0
5	0
192	135
10	4
0	4
0	4
0	4
0	4
0	0
0	0
0	0
0	0
0	0
9	0
0	49
49	0
0	33
0	49
0	53
1	0
0	0
0	0
0	0
1	0
1	74
0	74
2	8
0	19
0	5
2	69
4	0
118	138
2	6
3	73
6	50
0	62
0	45
0	54
0	1
0	8
33	28
2	0
0	20
0	20
1	1
0	20
0	20
0	20
0	20
0	20
275	0
63	4
0	4
1	0
2	33
1	2
0	15
10	25
17	32
0	23
1	13
24	0
0	13
1	13
0	1
0	8
0	8
0	5
6	38
139	51
0	17
15	12
0	32
0	1
0	0
0	0
12	3
22	19
1	1
0	0
0	35
0	35
0	52
0	89
0	169
128	152
2	16
0	16
0	31
6	29
7	6
61	19
3	1
835	307
12	162
0	270
0	26
339	112
391	80
0	112
0	37
0	6
13	30
0	30
0	30
0	30
0	30
0	31
0	31
0	31
0	31
0	31
0	31
0	2
9	8
0	3
1	0
0	29
0	546
1	546
0	1
0	0
0	4
0	6
0	6
0	0
6	31
0	73
5	73
0	4
17	14
0	15
0	92
0	78
0	47
0	110
973	129
0	135
83	0
22	24
0	23
0	1
0	6
0	82
0	85
0	89
2	6
0	0
0	7
40	211
0	221
0	48
4	52
0	7
34	23
0	82
0	13
0	9
28	12
1	0
0	1
0	1
0	1
0	12
0	1
6	36
0	1
0	0
0	4
214	59
0	52
1	9
1	1
1	3
0	1
11	3
2	6
10	7
2540	201
37	0
65	893
0	893
0	879
0	7
0	7
0	370
0	370
0	3
0	332
1	44
0	61
13	0
28	45
11	45
0	35
4	0
8	35
0	7
13	13
0	3
0	0
0	3
9	304
0	301
15	58
0	7
10	6
6	1
0	11
3	2
0	11
4	1
0	5
1453	28
0	0
0	0
0	0
0	0
0	0
2	0
0	0
0	0
1	0
0	9
38	415
1	9
0	244
54	415
19	223
3	22
108	0
39	87
10	0
11	29
66	19
0	10
0	0
0	0
110	12
338	357
2	357
130	280
0	253
0	276
0	244
0	248
32	68
18	247
88	178
0	249
0	249
405	625
573	118
3	0
0	2
0	119
1	0
0	0
0	0
1	19
14	27
8	78
0	43
30	62
53	665
112	46
2	1
8	44
165	244
83	572
3	57
6	0
6	0
2	0
0	3
0	54
43	56
0	54
51	16
0	5
0	8
1	1
20	13
0	13
0	0
30	0
58	1
0	0
1	0
0	16
60	17
0	3
0	0
0	1
0	16
0	15
0	15
0	16
0	2
0	2
0	0
239	2
0	2
1	2
63	36
0	31
23	43
0	28
0	36
9	29
0	21
0	1
0	5
0	0
0	5
0	4
15	3
0	3
0	4
0	4
0	4
56	67
0	65
0	15
0	2
13	4
38	20
0	20
6	2
0	232
0	91
0	27
0	13
3	2
18	19
0	2
0	0
20	4
53	4
26	18
0	1
0	23
0	252
9	0
42	2
1	2
1	2
0	32
9	7
0	12
0	13
0	13
0	13
0	12
20	13
12	13
0	110
0	110
0	1
0	1
0	1
0	20
4	110
1	57
0	57
1	0
0	0
3	17
0	17
7	3
234	152
0	149
86	80
0	68
0	47
11	16
0	7
35	55
0	50
1156	0
328	0
35	14
0	14
32	28
1	149
61	149
9	4
1	0
138	75
0	4
1	35
2	21
8	15
0	13
5	13
0	12
1	0
27	171
1	166
4	12
24	110
66	156
0	184
0	2
0	155
0	45
2	0
0	4
17	175
523	279
0	7
0	0
3	0
0	279
0	203
8	0
0	110
19	111
0	7
0	2
0	2
0	2
3	1
41	65
0	57
5	63
75	28
0	26
5	19
0	79
6	4
0	77
7	2
46	6
6	4
122	33
16	4
4	29
215	68
3	123
20	6
0	3
0	4
0	1
0	1
6	12
32	0
43	26
0	17
35	0
2	44
12	25
0	18
38	15
146	0
332	40
4	87
106	72
6	16
0	23
41	170
37	24
0	1
9	49
302	49
0	9
4	9
0	7
8	21
0	38
0	38
0	4
0	4
7	3
0	1
0	3
12	104
0	10
0	0
6	0
28	48
0	10
0	6
87	115
0	109
2	15
0	0
0	7
6	0
6	115
0	96
19	22
315	19
53	16
6	31
94	19
0	8
259	311
72	381
0	0
0	70
0	2
27	79
10	3
0	1
1	1
2	0
4	0
89	267
60	58
92	278
0	1
0	40
42	1
0	2
0	39
0	40
0	0
0	1777
0	1795
1	1522
0	362
0	1253
0	12
1	244
23	231
59	212
0	3
14	63
59	544
0	461
0	0
9	7
10	463
0	11
3258	49
0	7
0	8
1	0
3	0
1	7
5	37
0	8
0	15
0	13
37	49
0	20
1	41
1	1
1	1
0	27
1	1
0	54
8	3
1	53
39	9
0	0
8	0
0	10
35	1
0	1
13	1
0	1
2	36
0	29
118	5
136	263
4	166
0	14
0	10
16	29
1	12
55	17
8	6
76	20
1	17
0	3
5	0
1	45
8	2
1	8
203	136
68	136
28	12
0	16
0	16
66	18
0	13
0	13
0	9
0	4
0	3
0	2
21	2
0	9
0	19
58	13
0	10
1	8
0	19
0	19
9	102
0	74
0	58
1	27
0	27
0	2
25	45
22	1
67	16
33	476
0	10
53	1
1	1
10	0
0	0
12	68
9	68
0	68
10	45
28	785
13	12
41	1
18	2
3	13
117	13
0	8
126	6
0	7
0	13
2	5
0	1
1	4
0	46
0	114
0	9
9	0
0	6
1	6
8	16
131	97
0	62
24	59
0	74
8	418
895	418
1	1
0	92
0	104
6	75
0	72
603	7
10	1
0	0
0	7
6	0
0	0
0	0
0	30
1	30
0	15
0	15
0	143
0	39
13	58
29	59
31	59
0	198
119	189
5	0
0	2
5	6
29	52
0	6
0	0
1	4
14	4
0	33
0	33
0	10
6	13
33	1
0	0
0	216
2	3
19	8
22	1
0	181
0	35
17	4
2	1
14	2
0	2
5	206
1	9
13	17
1	3
7	2
0	11
14	145
0	145
0	110
53	255
13	18
4	243
3	144
11	0
417	76
0	1
0	41
2	75
208	50
55	17
0	12
5	4
0	6
116	65
342	118
0	70
0	129
16	129
0	1
0	122
82	38
0	25
0	14
0	7
0	6
0	7
0	5
0	1
0	5
17	27
4	121
490	124
0	83
0	0
31	0
136	81
0	65
0	15
3	15
19	2
0	2
2	2
11	10
0	57
0	2
0	2
0	1
0	2
0	2
0	70
0	15
109	550
31	552
23	8
47	102
1	63
0	13
0	29
0	19
0	1
0	40
0	127
6	43
16	75
5	24
45	16
5	26
4	29
412	75
0	19
116	34
0	30
0	10
0	10
0	10
0	10
0	27
0	10
0	10
0	12
0	10
0	10
0	12
0	12
0	19
0	23
0	10
0	10
0	10
0	12
0	10
0	8
0	6
1	7
0	8
14	3
0	5
2	1
17	22
0	12
0	9
0	12
0	10
0	11
0	12
0	9
0	11
0	12
51	3
2	1
0	12
0	13
0	0
0	12
10	13
18	0
1	0
0	271
20	126
0	271
0	2
2	0
0	10
2	10
0	25
2	111
0	85
24	15
200	15
0	79
0	36
2	0
0	0
2	0
0	79
135	50
0	3
1	3
40	65
125	65
5	166
0	227
0	144
177	130
2	154
18	188
1	0
0	8
0	8
31	106
0	129
0	44
9	2
0	2
0	0
0	2
0	44
572	122
1	122
0	28
105	111
0	1
0	1
15	13
11	111
4	0
0	23
0	19
0	19
15	0
0	21
0	21
0	25
22	7
0	0
2	0
0	8
320	23
0	19
20	0
73	0
0	68
17	131
37	17
2	0
2	12
7	1
0	0
0	6
0	0
93	34
0	29
17	72
192	403
0	153
0	255
0	5
0	125
4	99
8	238
118	238
0	1
0	0
0	18
0	18
0	16
8	1
1	0
45	0
3	163
0	42
0	245
41	245
7	69
8	6
8	6
15	59
0	16
0	59
1	2
0	1
20	0
0	1
0	2
32	9
1	6
0	57
0	56
0	57
2	0
3	6
9	0
1	66
0	54
0	1
0	50
0	5
25	72
0	21
3	3
0	6
0	35
0	6
2	17
7	57
0	6
0	5
0	4
0	2
0	3
0	5
0	66
0	3
0	2
0	2
0	49
4	3
1	9
0	44
1	1087
0	1058
0	938
181	113
2	98
72	123
114	46
5	41
0	0
3	4
2	1
0	3
19	67
29	0
0	27
1	27
0	0
0	13
78	271
0	270
0	263
0	8
31	744
0	52
0	52
0	8
40	29
6	33
0	1
0	4
6	22
49	11
0	1
7	1
11	8
0	0
2	0
0	130
0	27
16	223
0	214
241	240
0	229
0	187
32	35
0	10
19	24
8	2
45	2
6	9
221	328
1	42
0	11
2	33
0	32
0	9
0	3
0	7
12	12
0	2
1	2
0	2
0	2
1	0
0	26
0	0
16	86
0	2
49	0
5	0
7	13
0	39
0	97
0	18
154	83
897	223
0	77
0	203
148	20
0	9
0	0
0	6
2	90
14	78
0	7
0	43
0	13
39	62
3	671
192	26
38	10
7	4
0	10
28	19
0	0
0	0
0	0
6	4
5	4
0	4
3	30
0	30
0	12
26	9
15	3
1	0
26	1
6	7
0	1
3	0
221	1116
174	429
40	418
0	373
0	367
0	1
0	0
1	0
6	50
12	13
0	9
0	11
0	11
0	20
7	14
0	13
1	0
22	22
0	26
0	51
0	51
0	49
0	0
3	63
46	21
2	0
53	8
1	0
12	0
0	2
0	0
0	2
0	0
14	2
7	1
23	4
5	113
0	117
0	11
4	71
1	9
0	9
0	9
0	9
0	9
0	9
0	9
0	9
0	9
0	9
0	9
0	9
0	69
0	69
8	10
0	6
0	6
0	4
0	4
1	4
30	118
0	73
0	48
0	30
0	28
0	28
0	13
0	15
9	5
0	0
3	0
0	0
0	0
71	92
0	0
21	4
0	46
0	48
0	48
17	28
1	12
3	48
3	2
7	4
0	48
345	0
41	2
11	3
2	0
636	97
0	97
0	89
1	1
2	1
7	0
16	12
0	11
1	1
0	3
27	9
0	32
0	80
0	80
11	31
9	3
0	2
0	31
3	3
165	2
0	5
0	3
0	3
2	2
0	5
0	2
0	2
0	3
0	2
345	0
34	50
4	0
137	775
0	263
2	1
4	0
0	0
30	0
0	0
151	3
0	3
0	2
30	0
111	34
0	34
1	59
0	25
111	55
0	55
57	16
39	16
68	0
7	8
1	8
0	2
12	0
0	31
39	1
197	4
1	3
0	4
0	4
6	30
10	31
33	40
0	27
0	1
0	0
27	0
0	0
0	0
1	1
0	45
4	5
0	5
0	9
0	41
7	37
0	37
0	36
0	0
0	36
0	11
130	40
0	44
5	0
516	123
0	108
0	59
7	11
0	40
0	32
0	32
0	10
54	1
0	14
0	1
4	13
0	27
0	31
0	0
0	0
0	0
0	77
0	71
7	6
3	0
0	0
0	0
0	0
0	0
0	12
0	0
0	12
0	12
0	0
0	0
0	2
1	0
0	17
143	689
4	97
52	455
0	146
0	70
0	53
58	411
0	59
0	59
380	501
0	420
0	136
0	165
0	155
11	136
27	145
0	10
0	14
1	65
0	60
0	2
49	744
0	20
77	60
0	11
0	16
0	6
0	3
0	3
0	15
0	1
0	0
0	0
2	52
48	97
1	4
0	38
0	2
5	3
3	0
0	0
0	4
0	87
1	2
28	1
1	0
70	0
42	80
75	82
0	7
0	10
0	36
0	21
0	27
2	11
5	46
58	33
0	45
0	15
0	3
0	3
704	12
2	0
2	0
8	3
0	3
2	1
49	25
241	19
356	0
0	1
53	264
0	264
0	255
0	255
0	2
0	9
8	0
0	3
0	3
0	3
0	0
13	1
90	9
21	10
25	34
6	62
0	50
0	61
0	5
0	7
0	9
56	65
26	52
9	12
42	266
0	266
2	266
10	257
40	258
0	253
0	278
0	9
0	3
0	2
0	6
0	4
15	6
0	1
9	1
0	7
0	7
0	7
0	7
6	0
0	0
0	0
7	0
2	4
4	3
253	29
0	29
12	27
0	27
0	27
0	23
3	19
0	25
0	0
0	0
0	4
0	0
0	4
0	2
21	30
0	13
12	69
0	10
0	7
226	6
0	6
0	10
0	6
0	12
0	3
0	0
0	58
0	13
1	16
0	25
0	14
0	10
0	8
0	47
4	8
0	38
0	29
4	11
0	11
255	219
0	6
155	321
0	3
0	174
0	19
7	171
0	0
0	0
5	0
0	10
0	192
1	43
19	17
50	10
78	27
0	16
20	23
0	60
1230	55
0	5
0	8
0	55
0	12
4	12
577	59
101	1
2	7
13	72
0	14
0	59
0	33
0	31
13	5
0	5
134	3
0	0
0	0
1	2
24	46
16	94
0	30
5	49
0	4
0	1
10	1
0	13
0	27
0	7
0	6
0	1
0	6
0	3
0	6
0	7
14	11
327	15
1	0
19	17
11	1058
0	1029
91	52
33	82
0	23
63	61
0	1
13	9
28	21
0	21
70	21
14	7
0	3
26	30
0	78
138	120
0	15
5	1
1	1
2	0
15	76
268	120
4	3
0	13
5	12
46	0
3	106
890	131
0	121
0	121
0	14
0	26
0	14
0	14
0	26
0	4
0	4
0	9
0	4
0	0
0	6
0	0
0	0
0	25
5	25
0	0
0	22
0	0
0	0
0	25
0	25
0	1
0	42
4	47
1	18
6	77
11	36
0	27
0	46
0	46
0	48
0	0
4	60
0	59
48	60
10	59
157	14
55	36
0	14
0	156
9	91
164	30
0	162
0	14
36	14
5	64
0	6
15	0
0	7
1	7
0	6
0	138
4	138
0	44
0	35
0	0
493	94
13	118
0	93
0	25
0	24
1	9
1	5
3	3
6	21
0	21
0	21
0	19
0	19
0	3
0	5
0	3
168	43
18	20
11	14
19	10
22	16
0	7
0	7
0	15
255	272
0	154
66	73
71	3
1722	244
117	3
0	244
2	80
8	79
0	3
0	78
0	26
2	29
15	1
0	4
2	3
0	27
0	13
0	13
0	13
0	18
0	17
0	12
0	21
0	2
5	3
32	23
0	1
25	26
3	3
5	97
197	46
0	12
0	17
59	23
0	32
0	28
1	7
7	6
6	0
0	1
0	2
0	24
38	3
1	3
540	15
0	15
24	2
188	580
0	61
1	325
0	33
0	1
0	1
3	0
0	4
0	4
0	1
2	2
8	2
6	45
13	5
20	0
42	130
42	2
0	129
0	2
0	0
10	33
0	103
187	69
0	69
18	13
0	1
0	9
0	2
0	2
120	63
0	33
173	3
0	62
0	62
51	62
0	45
1	0
0	17
0	24
0	11
0	13
0	12
4	12
0	4
0	1
0	0
11	3
3	2
0	2
0	0
0	4
0	4
0	1
0	1
22	38
0	38
71	613
0	194
0	213
0	365
0	50
2	181
14	133
0	527
0	213
0	16
1	18
1	18
2	15
0	3
0	4
0	2
1	93
0	27
0	11
1	11
0	11
0	1
0	0
20	107
0	60
0	30
0	15
8	27
0	26
0	0
0	2
0	6
0	3
0	8
5	0
23	21
22	664
60	79
2	437
3	2
13	0
0	97
30	97
4	88
13	79
0	0
2	0
2	82
77	121
0	21
49	108
168	79
274	109
2	108
77	6
9	206
0	2
5	16
0	0
0	210
0	42
2	42
149	4
0	4
0	0
0	1
0	3
0	1
0	0
1	8
7	8
2	4
158	71
0	70
3	71
5	71
0	1
2	52
0	43
28	20
0	44
0	201
0	126
0	127
5	8
4	14
0	196
0	101
19	115
0	67
0	69
0	46
0	32
0	1
7	23
1	6
0	144
0	144
0	4
0	60
0	115
2	1
0	0
0	0
2	1
135	12
0	7
0	12
0	12
0	10
2	10
3	0
0	0
31	0
0	11
0	11
2	11
2	9
1	2
0	2
5	1
0	1
2	12
1469	462
0	394
0	147
25	136
0	139
0	139
0	128
0	139
0	139
0	139
0	128
0	128
0	128
0	83
0	28
0	39
0	28
0	39
0	28
0	39
1	0
0	3
4	0
57	2
44	11
54	19
0	97
68	44
42	92
4	12
0	63
11	8
5	0
16	0
28	0
15	178
0	178
528	9
0	0
11	3
0	4
0	5
0	14
360	27
0	0
55	0
4	0
153	143
1	143
0	14
219	4
8	4
12	0
100	1247
4	22
0	17
79	18
6	2
1	49
0	12
0	14
14	31
0	144
1	2
137	2
128	25
0	1247
180	58
1	58
54	29
5	29
0	0
0	6
12	7
65	6
0	14
0	27
3	16
83	279
1	279
0	7
0	2
0	2
3	4
0	5
3	5
19	56
1	40
0	58
0	112
30	91
0	54
0	39
30	7
0	0
0	0
3	0
1	1
0	1
1	2
0	112
269	54
12	1
36	155
0	53
91	49
0	28
0	4
9	1
0	1
0	0
0	30
0	49
24	35
22	16
0	5
0	19
0	0
0	0
0	0
35	43
2	12
0	3
0	3
5	129
74	209
102	209
13	31
3	21
0	19
249	23
0	23
4	17
0	17
15	4
0	0
36	0
10	58
16	58
9	41
0	4
0	41
7	12
0	12
0	98
0	80
1	49
0	18
0	1
5	0
2	0
5	0
0	12
0	4
9	13
2	3
0	12
15	11
0	8
0	1
0	1
0	1
144	0
0	49
4	0
29	316
39	364
68	44
0	44
0	41
0	12
0	19
3	15
2	7
4	7
4	58
11	114
0	164
0	1
0	3
0	644
65	644
0	2
0	1
10	2
9	1
0	448
0	4
0	3
1	1
11	2
11	0
1	146
60	12
0	146
51	0
0	4
0	5
38	4
0	2
0	1
0	2
0	2
0	2
0	4
60	27
42	9
38	67
6	57
0	15
0	11
0	10
0	17
0	9
0	1
0	1
0	0
0	67
286	110
0	98
0	0
0	10
26	14
0	0
0	4
1	0
44	8
0	9
119	1
0	8
8	1
0	8
0	2
4	1
4	0
0	28
8	2
0	0
5	7
0	31
67	65
43	129
0	73
0	2
0	3
22	1
15	3
0	3
19	58
0	3
5	0
0	68
56	41
76	61
0	25
3	45
14	14
0	9
0	12
0	1
1	1
0	1
4	28
0	19
2	15
0	6
0	4
17	4
2	16
2	4
0	60
334	432
5	423
26	9
0	5
5	68
0	67
0	10
0	5
3	2
0	2
0	8
14	2
0	3
1	6
0	1
4	0
42	17
136	72
0	72
2	15
1	1
0	1
0	1
2	0
0	0
0	4
12	0
4	0
83	23
0	3
0	2
8	106
6	105
2	1
2	54
0	20
0	20
21	45
4	6
0	6
1	4
1	4
2	0
0	0
4	1
3	1
0	20
0	100
0	93
247	71
0	24
41	15
0	10
0	0
0	0
0	37
6	159
0	76
155	3
10	2
0	1
1	2
0	2
0	0
1267	30
0	8
1	1
189	3
3	13
0	13
0	13
0	13
0	7
0	2
0	6
0	4
0	13
0	13
0	32
0	33
0	33
147	1003
72	1034
0	33
37	30
2	0
60	49
0	48
8	13
0	29
3	28
2	156
0	127
1	124
2	124
0	65
0	66
184	43
0	3
0	6
0	2
1	0
62	27
0	27
1	46
2	118
165	44
0	0
0	2
5	44
33	0
21	15
0	15
0	13
0	3
0	1
0	1
0	1
0	1
0	1
0	1
0	1
0	0
0	1
0	0
0	11
0	1
0	11
0	11
0	1
0	1
0	1
0	1
0	1
0	1
0	1
0	1
0	1
0	1
0	1
0	0
0	0
0	0
0	0
0	10
1	0
16	1
4	1
0	19
82	59
3	21
0	21
0	0
0	62
20	54
5	38
0	28
0	22
0	22
0	49
12	68
13	133
0	133
267	121
0	91
0	1
140	121
0	121
0	10
0	0
0	0
57	0
0	0
0	0
257	0
13	114
20	25
1	25
4	0
0	4
0	7
1	7
0	3
0	484
0	484
0	78
0	60
0	6
0	1
0	3
3	35
8	26
0	27
15	3
0	0
11	126
0	126
0	122
0	85
0	0
60	11
0	46
0	40
0	36
12	13
39	11
15	11
0	0
166	98
0	108
46	34
0	108
52	36
0	19
0	18
0	3
0	17
31	27
4	5
0	36
3	0
166	62
0	62
12	140
0	140
0	2
0	21
64	34
3	1
1	0
6	18
0	14
2	199
23	113
18	113
26	35
1	33
0	28
0	3
28	4
0	3
32	83
15	48
0	10
3	63
11	61
26	66
6	37
135	10
0	41
0	3
16	38
0	11
6	7
0	3
0	2
0	6
0	38
0	39
1	13
188	129
0	110
0	110
0	107
7	0
0	0
4	6
34	4
0	0
0	0
2	15
1	0
2	25
3	51
1	64
4	49
0	19
0	31
44	65
0	65
1	18
0	181
0	46
5	0
0	150
13	55
0	46
0	44
0	77
0	28
38	13
0	99
5	67
6	0
187	5
268	1
0	1
0	3
2	45
15	44
0	10
0	23
0	7
0	11
0	8
0	19
3	6
7	1
0	1
103	0
26	59
45	537
21	506
0	11
0	135
0	7
9	116
22	118
0	7
59	124
0	9
0	9
151	158
0	14
0	7
4	15
17	103
13	24
1	9
0	24
4	6
1	6
26	3
1	1
0	0
0	0
1221	281
0	300
0	7
0	7
0	316
2	7
0	315
0	3
0	186
32	2
32	261
1	0
178	9
3	99
36	697
0	186
0	41
4	0
10	142
2	94
0	41
0	104
0	3
0	3
0	4
0	36
34	57
2	13
2	29
3	24
20	18
0	0
6	92
1	15
0	85
0	28
0	1
0	0
2	0
0	0
0	23
37	14
0	25
0	29
63	1
11	11
0	1
0	0
108	101
7	118
111	34
2	90
0	96
4	67
0	70
3	36
4	0
0	28
0	206
10	206
0	44
1	5
12	1
0	0
0	3
3	1
112	461
31	42
16	504
0	0
8	207
6	121
0	20
0	22
0	61
0	5
11	48
24	91
4	52
0	10
0	86
336	0
1	3
0	3
0	3
193	0
0	1
12	6
39	4
0	4
0	1
0	0
2	27
0	5
0	17
0	18
42	0
17	0
0	11
2	11
11	0
0	68
0	66
0	68
0	68
8	0
10	2
0	13
66	10
0	14
0	16
65	1
0	1
18	0
0	69
0	67
0	69
53	5
2	5
32	0
0	50
0	50
1	50
0	4
3	82
0	82
0	7
50	0
0	41
119	42
114	152
0	156
0	184
0	168
0	149
1	112
0	140
0	109
0	33
93	31
0	0
12	0
0	117
0	78
6	56
0	32
0	19
0	5
1	1
0	1
0	1
0	0
3	286
176	98
0	279
0	96
0	92
0	192
0	192
157	7
2	0
3	4
1	28
11	58
1	93
0	60
92	1
26	46
0	46
1	26
0	26
0	24
2	2
0	2
0	2
34	110
0	100
0	100
0	100
0	107
0	100
0	100
0	99
4	2
11	0
0	100
0	100
71	28
90	87
6	59
0	6
0	11
0	40
580	41
29	32
0	33
0	32
8	9
0	8
21	45
314	228
0	41
1	0
0	14
0	27
0	85
0	154
34	1
40	2
0	2
5	27
215	52
6	25
2	288
1130	206
48	111
0	161
0	109
4	15
0	6
0	55
10	14
17	11
134	77
0	32
0	20
0	28
0	77
44	2
0	2
0	2
1	0
6	286
0	152
0	242
0	11
0	20
0	9
110	279
547	197
1245	74
0	141
0	11
44	10
5	4
0	4
2	0
0	0
0	10
167	245
0	0
21	0
33	60
24	66
33	90
0	8
0	1
0	21
4	0
16	4
45	26
1	12
3	1
1	6
0	19
13	10
0	4
0	1
75	1
0	3
35	17
0	1
20	6
0	6
63	171
0	144
132	232
3	76
3	0
56	0
0	27
9	27
0	13
0	3
302	168
20	166
16	0
77	16
0	0
0	16
61	0
92	105
20	17
11	15
0	17
1	9
0	2
0	12
0	12
0	1
1	0
2	91
14	93
11	2
11	0
97	219
5	129
0	49
2	26
0	26
0	14
0	4
0	28
0	5
9	0
155	15
19	15
9	134
0	40
283	217
0	105
7	156
4	3
0	3
39	0
7	47
0	0
0	0
128	16
1	0
0	1
0	0
25	15
184	17
0	44
132	14
0	11
1	4
0	2
2	2
0	1
0	1
0	0
0	45
26	45
27	45
0	92
0	92
153	108
0	24
0	92
0	5
0	6
0	0
0	6
0	6
0	0
24	21
88	26
35	26
29	0
553	366
0	366
0	81
0	33
0	0
52	32
194	21
0	21
13	29
1	7
2	5
14	3
9	2
45	15
288	16
0	15
0	2
0	0
16	18
10	62
20	18
1	18
1	2
6	37
0	35
14	732
26	780
19	0
0	51
4	51
0	50
0	2
0	3
11	6
0	60
0	44
0	21
225	21
134	30
0	50
2	13
40	2
0	2
52	6
0	5
0	6
0	6
10	5
10	7
0	5
0	0
171	17
0	17
0	32
0	1044
3	59
0	100
0	101
133	100
0	44
0	0
5	0
94	0
0	1044
0	12
0	12
0	4
0	49
0	38
0	16
0	38
0	9
0	3
41	10
4	7
0	5
0	4
0	49
0	49
0	49
13	64
0	64
29	1
132	0
3	154
0	153
11	98
0	104
3	1
0	56
324	63
0	63
0	54
0	0
16	1
25	54
6	2
4	2
102	40
0	56
87	9
0	113
0	106
0	5
0	2
0	49
0	109
0	2
574	167
0	1
0	0
0	3
0	1
0	3
0	13
5	13
0	2
0	6
5	2
0	1
0	0
0	7
1	8
0	20
0	20
0	24
0	8
10	13
7	5
8	1
0	23
0	91
14	0
0	0
60	68
3	48
0	241
4	241
1	8
1	3
0	10
2	3
0	2
0	10
9	42
0	92
7	12
0	12
0	157
143	102
17	15
5	0
11	92
1	1
0	149
0	157
62	1
0	77
0	52
0	52
0	43
0	109
0	74
0	288
0	288
0	7
0	10
410	51
0	48
2	2
0	1
53	49
0	49
0	0
31	0
1	3
94	36
27	55
0	61
0	18
22	22
167	2
253	0
0	53
0	43
134	266
0	250
2	27
0	6
85	210
112	39
0	30
0	16
0	11
93	29
0	17
23	9
0	1
77	2
22	83
0	82
0	5
10	2
0	22
76	23
6	104
5	6
24	6
48	8
24	8
420	78
0	13
48	38
0	62
2	62
0	0
0	0
0	1
1	4
1	5
0	13
0	24
0	11
0	10
0	11
4	4
0	3
2	0
0	26
55	37
4	7
149	30
0	1
5	17
59	18
1	3
0	22
15	85
8	52
0	45
2	3
13	2
0	1
3	1
2	10
8	11
0	6
0	0
2	5
1546	5
28	5
0	2
2	2
0	2
4	7
0	7
78	51
3	45
0	51
2	43
0	25
0	0
0	0
27	14
0	0
0	1
0	1
0	18
1	66
0	67
129	97
0	41
0	40
0	25
0	11
0	26
0	18
10	29
0	23
0	1
6	1
0	1
0	74
4	74
0	0
67	74
3	24
0	0
0	42
0	115
0	24
35	6
14	269
206	267
0	22
2	18
0	4
0	0
0	1
13	4
1	4
3	22
26	10
4	12
78	24
45	6
30	21
5	6
0	3
0	15
0	14
0	14
0	2
0	5
15	0
28	0
14	4
0	2
0	2
0	0
22	9
5	2
2	4
0	13
0	13
0	3
0	1
4	2
0	2
2	12
82	23
1	2
1	1
50	18
0	1
0	14
2	27
0	13
0	13
5	27
0	0
12	82
0	2
0	9
0	0
0	0
0	1
0	0
17	75
0	2
2	80
0	4
0	2
2	1
0	75
0	81
0	20
0	1
0	1
10	0
0	0
20	0
189	31
0	30
10	1
1	6
0	6
100	0
222	58
12	79
67	42
0	15
20	39
1	0
160	52
0	52
1	107
0	61
5	71
11	9
0	71
340	30
30	34
0	4
1	137
0	130
7	104
8	19
0	125
1	0
7	0
39	2
79	74
0	29
273	186
0	186
2	16
3	2
7	2
0	2
0	2
0	0
0	0
50	146
2	145
0	28
642	99
0	99
1	3
3	3
0	3
0	4
9	2
1	2
0	3
0	6
1	6
0	96
0	14
0	6
0	6
0	73
1	372
0	220
450	137
6	78
4	3
5	133
96	0
0	38
0	6
9	6
1	0
18	19
31	13
1	5
1	0
0	8
0	2
0	8
0	1
5	23
0	12
13	12
0	22
0	1
0	1
0	1
2	3
1	21
2	7
0	6
0	19
3	0
1	0
1	1
31	66
624	25
2	28
0	11
618	34
0	0
6	24
1	419
1	410
0	305
0	77
0	57
34	2
8	1
19	0
5	90
0	65
0	13
9	11
0	2
0	3
0	13
24	41
0	41
0	5
6	3
0	84
32	80
0	61
52	8
725	28
122	0
18	0
24	39
0	39
49	0
0	1
7	8
31	65
0	8
8	44
0	44
15	3
0	3
62	7
0	4
49	40
11	5
0	53
0	7
1	19
119	37
0	50
0	37
0	37
93	40
0	47
0	26
0	47
0	28
1	12
0	29
0	10
18	8
5	0
0	8
4	0
6	11
0	132
0	139
0	23
0	16
0	17
0	10
0	22
0	1
109	193
0	193
0	172
0	2
1	0
1	7
0	7
0	2
1	1
0	0
156	1
2	0
0	3
0	3
0	1
310	22
0	22
0	0
520	162
7	162
0	28
2	28
0	0
61	10
6	2
20	8
8	35
0	72
0	83
0	84
0	7
0	9
0	1
22	3
0	3
0	9
0	7
0	1
0	5
0	77
87	3
0	133
0	135
41	0
142	14
1	0
5	8
0	133
119	32
141	26
7	6
0	6
108	268
0	268
0	226
64	167
0	49
0	25
96	25
2	9
2	0
15	44
296	0
0	0
1	54
0	54
0	19
5	0
2	3
0	3
1	1148
0	1148
0	150
0	107
0	107
0	2
0	691
0	2
1	128
0	1
0	1
38	8
2	8
22	220
3178	221
21	8
0	8
151	400
18	5
6	402
17	161
0	161
0	126
0	42
21	38
11	10
0	0
0	0
0	44
7	45
0	3
5	3
0	3
17	114
0	114
96	45
190	34
0	31
0	31
6	32
0	1
13	18
0	90
0	183
3	60
0	69
0	1
31	182
0	212
6	3
0	3
0	5
57	31
0	30
9	9
1	0
3	32
0	31
40	552
12	552
0	11
0	11
0	134
0	40
0	33
0	117
0	21
0	12
13	18
0	9
17	0
1	12
0	11
0	6
2	12
0	5
10	124
0	278
21	129
0	39
0	190
0	45
0	42
5	30
0	30
0	8
0	22
38	13
4	0
0	2
3	4
0	0
61	159
6	8
0	15
2	4
0	270
52	49
3	0
55	4
0	52
15	46
72	47
0	42
46	34
0	0
0	1
0	30
217	82
0	87
0	87
0	85
0	10
11	12
0	5
0	5
0	5
0	5
11	13
0	8
0	5
28	0
0	7
0	4
0	3
0	2
12	1
15	2
4	14
0	5
44	189
16	199
0	463
0	153
252	153
36	119
34	114
0	372
253	150
0	144
0	148
0	56
60	148
907	46
25	46
0	4
0	3
7	41
0	40
0	365
0	5
0	0
1	244
1	0
11	14
0	0
1	209
0	337
0	365
19	210
3	196
0	217
0	145
14	157
47	103
0	15
3	1
0	31
0	36
0	3
14	3
1	4
0	3
0	1
0	1
8	1
31	0
0	0
0	15
0	26
22	7
0	3
0	1
0	1
0	0
0	0
0	2
1	1
0	3
0	1
0	0
0	0
2	1
31	29
0	15
0	3
0	3
0	2
0	0
0	1
0	1
4	0
0	6
0	16
0	14
9	226
27	220
33	77
92	57
478	38
6	6
102	0
82	37
0	37
0	1
0	28
0	28
0	15
22	45
0	110
0	18
2	21
12	18
4	2
4	3
0	28
8	1
0	1
0	27
1	2
133	35
65	0
0	1
0	1
58	721
8	615
89	0
0	19
0	105
70	3
0	74
8	1
0	39
3	5
3	33
0	37
443	2
0	15
0	19
5	179
0	31
0	158
0	0
0	0
0	0
23	26
0	26
6	0
36	332
0	2
2	24
17	12
14	330
35	223
0	1
0	1
0	1
0	223
0	1
0	16
0	2
0	30
0	1
0	1
1	1
0	1
0	15
0	15
1	0
0	0
1	0
66	23
0	107
1	5
4	97
636	0
28	0
43	8
0	7
0	8
16	12
0	12
132	9
86	9
0	3
2	3
40	0
14	9
0	9
0	3
0	3
4	2
110	230
0	230
0	0
0	124
0	112
0	40
0	1
0	0
1	0
0	2
0	8
0	10
0	11
4	276
0	276
0	49
21	12
0	39
29	7
0	0
19	7
4	122
0	122
407	170
210	4
0	0
0	0
4	0
0	4
0	0
0	173
15	182
6	169
0	27
0	17
0	0
0	6
0	5
0	19
68	10
1423	0
178	147
0	26
0	78
3	6
62	47
0	47
1	10
1	17
0	17
431	19
13	12
0	4
16	0
1	0
0	4
0	148
68	811
0	19
0	177
2	163
2	0
0	687
3	0
2	50
7	50
180	50
44	50
2	57
0	9
0	7
2	6
3	8
0	3
5	17
0	9
0	12
0	10
0	12
2	12
0	0
0	3
9	37
0	83
0	34
0	23
0	23
0	19
0	1
24	9
16	12
22	0
12	59
0	10
0	6
0	1
2	54
432	9
0	5
0	4
0	24
1	24
0	24
0	19
4	83
0	83
0	0
21	0
24	21
0	5
7	12
0	17
3	0
0	109
214	114
0	75
79	25
0	58
0	27
0	8
128	64
16	10
13	117
7	117
0	16
1	10
71	8
35	2
17	8
8	5
26	19
0	17
43	232
0	18
0	19
15	0
18	0
135	8
0	0
0	8
56	2
33	0
0	11
0	3
0	3
0	11
0	7
1	1
1	87
19	8
10	19
0	19
0	15
1	0
111	157
0	262
0	21
3	51
3	0
0	0
0	294
14	125
5	25
90	340
0	55
0	73
0	13
9	9
0	9
15	4
0	4
0	4
0	98
1	7
14	22
0	0
0	262
0	3
14	2
121	98
0	161
22	81
14	76
0	87
0	28
0	145
0	145
108	30
0	5
0	5
1	28
0	27
1	14
0	15
2	0
0	15
0	12
14	5
56	7
0	9
0	13
5	5
0	180
0	190
0	4
0	48
4	141
54	10
1	0
27	0
23	0
0	46
52	0
97	232
34	0
0	230
0	12
0	1
6	10
0	12
0	0
0	0
0	4
0	4
0	4
0	4
0	2
4	67
0	23
0	20
0	11
0	20
0	1
10	62
4	1
0	72
0	72
0	72
9	9
0	45
1	5
626	1
211	2
53	1
0	0
1	1
0	2
0	680
5	692
0	31
8	1
23	0
14	0
0	1
7	1
39	4
0	309
5	385
0	45
0	45
0	45
29	0
0	0
0	0
0	0
5	66
0	69
0	2
22	2
0	0
0	2
0	2
22	0
0	0
3	1
0	2
0	2
0	1
0	1
45	195
0	141
0	1
0	1
1	1
0	195
9	6
0	6
0	31
0	31
20	19
0	0
391	0
19	7
0	600
28	600
0	600
0	600
13	20
18	7
2	1
0	1
106	1
0	0
1280	3
2	3
3	0
4	2
0	20
6	0
19	1
0	1
0	1
3	18
6	18
118	20
0	94
2	0
36	1
0	1
0	75
0	59
5	93
3	0
0	3
1	3
0	52
0	52
0	52
5	32
0	52
3	20
0	22
0	4
0	12
3	14
0	50
44	1
1	18
0	18
65	34
13	11
0	513
0	209
0	77
0	209
0	20
0	3
0	126
0	0
10	215
30	232
8	211
0	77
0	513
0	43
0	19
0	43
680	6
0	1
453	4
34	526
0	37
4	144
1	108
0	54
0	199
49	738
11	739
0	3
72	0
1	56
0	56
0	10
27	13
0	4
0	0
0	1
0	0
12	3
0	1
0	2
0	24
39	27
0	0
77	111
257	236
38	215
0	40
8	651
3914	6011
0	720
0	651
2	1
5	1
41	0
78	0
96	30
0	30
73	14
0	8
32	7
0	6
0	2
0	1
0	1
0	0
0	0
0	0
0	93
0	53
0	88
2	0
0	869
358	1033
0	842
0	844
0	844
0	994
4	0
548	0
0	117
0	27
0	142
0	134
0	135
0	83
0	6
0	1
0	30
11	1
162	74
0	78
272	214
0	257
0	81
1	24
0	41
0	44
0	15
0	8
0	177
44	19
0	19
0	33
4	33
36	45
0	5
0	41
0	5
41	128
0	140
31	138
73	35
0	35
0	13
19	5
0	1
2	11
0	16
0	16
0	0
9	4
0	3
0	3
1	68
0	20
0	2
15	25
1	2
2	0
0	15
0	68
0	282
0	282
65	25
3	20
114	0
0	89
0	56
65	0
0	1
13	23
0	39
0	27
0	20
0	6
24	6
0	6
0	0
0	8
0	8
0	1
1	1
3	1
0	26
0	42
0	39
0	26
54	53
0	53
24	53
2	23
81	63
235	21
67	63
0	12
18	42
0	2
0	1
315	0
2	3
46	4
0	3
3	0
1	0
1	1
117	25
0	25
0	25
1	19
0	8
0	7
88	29
0	1
0	1
3	0
190	210
3	210
0	11
12	11
2	2
40	10
0	10
25	49
81	77
0	52
0	75
2	66
22	5
0	2
7	57
51	42
3	35
0	27
336	0
18	68
0	38
0	14
0	13
6	33
0	10
28	10
0	71
4	71
0	76
0	9
0	76
4	6
0	3
0	63
0	10
0	11
0	135
0	131
0	138
0	389
0	389
1	23
0	2
0	0
0	12
0	43
43	79
0	9
0	42
4	9
0	9
164	23
886	23
0	144
5	10
0	10
24	14
0	14
0	2
0	1
0	1
27	0
995	22
366	22
5	88
0	34
0	4
7	4
5	4
103	5
11	5
6	2
6	191
0	2
0	190
1	0
0	2
0	1
0	2
0	0
0	2
2	4
10	1
1	142
0	15
2	0
0	0
0	0
0	15
0	0
0	13
6	13
21	16
0	16
6	21
0	21
1	0
5	2
1	2
137	3
5	1
147	30
0	30
0	22
0	23
6	64
0	0
5	113
22	10
57	43
174	7
0	39
5	7
0	36
0	2
20	0
11	0
7	150
118	126
0	161
0	124
0	152
0	114
0	108
0	99
0	2
29	48
185	68
7	15
11	15
25	174
27	133
0	3
18	134
0	1
0	70
0	1
10	11
22	17
0	34
0	303
0	297
0	1
0	185
24	7
16	12
809	184
0	3
1	63
4	20
0	45
0	5
0	1
19	14
0	63
164	65
14	23
0	23
1	14
3	0
3	52
0	67
3	2
2	21
29	46
19	3
32	59
1487	56
64	0
56	4
50	0
19	15
0	1
0	15
0	0
0	8
0	3
0	0
1	8
0	1
0	1
444	18
0	18
0	17
24	9
21	1
4	15
3	15
0	1
0	1
5	1
1	10
0	0
0	9
0	9
0	11
0	1
0	11
3	3
0	12
0	8
0	0
0	11
25	0
0	1138
0	80
9	8
2	8
4	1
0	1
0	0
0	0
0	8
0	15
0	8
363	15
0	5
0	9
0	0
1	2
1	0
0	2
0	0
4	0
26	25
0	17
0	13
0	0
0	6
97	0
1	8
7	8
9	2
9	2
0	0
0	0
0	0
9	12
1	119
33	119
158	22
0	21
79	8
0	6
0	9
1	155
19	162
0	388
0	356
5	109
12	2
3	249
0	228
13	1
0	228
11	1
3	1
11	3
0	3
0	14
4	1
0	14
0	4
1	4
0	5
0	31
0	31
10	106
3	27
0	27
0	27
0	27
88	75
4	0
31	136
0	70
0	43
0	68
0	134
0	76
0	19
0	17
0	8
8	38
0	0
46	43
1	44
0	35
0	50
0	50
0	8
650	0
116	261
0	258
0	232
0	2
8	0
7	8
0	6
0	3
1	0
23	25
181	12
2	1
9	505
0	505
0	2
7	78
0	0
3	13
4	0
0	1
0	4
7	9
4	3
0	7
265	75
1	4
0	4
18	4
3	4
0	1
53	38
30	40
0	26
6	2
0	2
0	4
0	4
0	2
11	82
0	195
0	157
124	44
23	0
1	0
0	0
0	2
0	2
16	149
0	0
0	0
0	14
0	14
0	14
0	14
20	0
48	0
0	23
1621	4
23	5
350	37
0	2
7	34
26	17
0	18
0	14
0	4
0	14
0	14
8	14
1	14
0	0
0	3
0	0
1	0
24	11
0	14
10	18
0	4
0	4
136	0
170	0
48	9
12	0
1	9
48	4
0	4
0	9
0	9
0	9
0	176
115	2
2	4
0	10
32	113
3	64
0	42
0	4
0	11
2	22
0	176
31	156
0	153
5	0
6	138
0	5
0	3
59	23
5	23
18	0
0	0
0	7
0	13
16	13
0	3
0	2
0	2
0	2
0	4
0	3
0	4
19	0
100	106
0	6
0	25
0	6
0	102
12	3
0	1
0	0
9	0
0	0
3	0
0	5
3	0
36	80
20	75
52	75
3	14
30	73
0	23
0	116
0	116
0	42
0	45
0	0
0	1
12	0
4	1
7	1
14	54
7	75
0	29
0	1
32	0
0	25
0	25
4	29
0	29
0	3
0	5
0	11
9	11
0	77
0	38
1	28
0	35
0	24
3	14
0	16
2	9
31	91
10	18
0	11
0	18
10	3
344	88
199	211
0	18
0	16
13	0
266	0
0	66
0	82
133	79
0	2
0	9
0	9
2	2
0	2
1	0
21	37
0	30
0	1
0	0
22	58
6	63
158	54
0	37
137	7
0	320
27	336
0	142
0	1
0	1
0	2
0	344
130	17
13	40
0	33
1	17
0	129
0	128
1	0
0	7
0	7
0	3
1	7
0	8
1	0
8	0
49	0
111	1
4	1
3	1
0	0
0	145
62	142
0	2
0	1
11	143
151	204
24	33
63	33
25	0
16	0
3	4
14	15
3	65
0	187
0	41
5	1
24	24
34	23
132	100
0	89
5	10
1	9
6	1
0	1
0	2
0	0
0	0
0	0
0	0
0	0
0	0
0	0
0	0
4	0
0	15
0	15
0	7
0	7
0	5
0	6
0	7
1	7
1	2
0	0
2	0
0	1
0	1
0	1
0	1
35	1
90	4
2	4
0	3113
31	3089
2	1590
0	91
314	23
4	23
0	7
0	8
0	11
0	2
0	7
0	7
48	421
46	421
0	13
0	13
0	1
0	11
0	15
0	17
371	2
0	8
22	8
0	8
0	1
0	5
0	20
1	20
6	1
0	7
0	13
29	0
0	443
139	443
56	34
16	12
140	46
46	14
11	22
9	230
0	230
14	272
0	255
15	288
0	272
0	3
0	201
0	116
0	30
5	10
1	10
2	0
0	3
1	0
7	2
24	0
1	176
1	64
12	0
8	19
1	8
1	13
0	1
6	4
9	404
0	394
0	10
101	11
0	641
18	17
5	634
0	120
0	18
0	11
0	11
48	555
3	5
0	13
0	533
38	587
0	556
0	3
30	325
45	5
54	2
0	26
0	26
0	9
9	174
3	174
0	3
2	2
1	0
1	12
0	25
0	22
8	4
0	2
0	4
0	113
0	25
18	10
0	10
12	0
19	27
0	1
142	17
0	13
23	49
42	56
0	7
0	20
373	17
1	14
7	25
18	27
0	4
0	5
0	23
7	56
3	2
0	2
4	17
0	25
1	2
0	2
18	1
17	63
5	22
0	5
0	56
0	58
0	59
0	57
0	57
0	56
0	45
0	43
0	26
20	43
0	24
729	24
1171	0
39	9
4	2
0	7
97	4
0	30
1	30
0	30
0	27
0	5
0	5
0	5
0	3
0	2
0	1138
0	83
45	13
3	13
8	1236
0	1237
0	1035
0	10
10	13
0	0
156	2
4	65
21	41
5	15
0	37
1	0
0	0
0	0
0	1
0	0
1	2
0	0
0	0
313	216
0	51
0	42
0	8
3	0
7	64
0	57
34	33
0	13
0	2
0	8
0	5
0	2
0	0
108	20
12	20
0	9
0	9
0	83
0	83
1	24
6	29
35	604
0	6
774	3
8	5
0	13
24	22
0	0
9	23
1	3
0	9
42	136
0	136
39	9
4	1
13	1
0	0
0	0
1	0
0	1
146	3
14	5
8	1
0	3
1	17
3	19
1	8
3	2
0	4
3	2
17	16
0	0
100	70
0	0
0	7
0	1
5	7
14	3
0	7
0	2
0	0
0	4
15	0
0	4
179	20
0	119
1	100
0	1
0	0
0	0
3	2
0	0
0	2
1	0
0	36
533	36
10	4
53	28
8	26
7	71
1	0
74	21
0	21
1	19
0	0
0	0
8	0
1056	115
0	0
41	7
1	106
98	26
0	25
0	1
94	2
2	25
10	3
0	16
0	1
0	0
0	0
2	0
0	0
0	1
0	1
0	22
0	0
3	0
0	88
0	30
0	182
138	6
0	5
0	4
0	2
0	1
3	4
0	4
0	4
0	142
0	40
0	103
0	1
37	162
7	2
0	2
22	1
0	1
1	1
2	1
16	0
757	0
146	24
0	23
0	11
4	0
19	0
0	0
0	13
19	24
3	0
0	6
1	19
3	1
204	227
14	227
101	227
14	219
99	34
0	47
136	20
0	4
0	2
0	4
7	4
11	2
11	1
29	69
0	27
0	27
4	26
0	13
2	17
0	17
0	17
20	29
18	55
60	0
190	47
680	47
147	20
95	20
70	248
33	284
76	242
0	90
0	57
0	90
111	72
0	44
6	148
0	148
0	2
0	81
0	81
0	18
0	1
0	0
0	1
0	82
97	117
0	1
1	1
1	0
0	1
1	1
17	5
46	18
15	0
0	2
0	2
0	0
3	0
313	88
29	155
1	94
237	56
2	56
1	3
3	2
6	0
1	32
1	33
2	0
29	7
0	0
15	7
0	33
5	18
1	3
8	3
0	30
24	1
0	1
16	20
0	20
0	35
0	144
0	537
5	0
11	7
0	29
0	0
72	436
33	6
0	3
0	4
9	1
925	0
0	21
54	28
0	7
0	5
30	0
10	59
0	24
1	19
0	2
0	10
2	0
0	41
5	26
2	0
27	40
147	688
0	31
1	40
1	40
0	645
2	1
0	1
0	0
0	0
0	109
0	110
0	3
2	3
0	71
1	6
0	6
11	11
0	5
0	4
31	16
0	5
31	0
0	0
25	0
0	29
87	30
0	118
1	0
309	96
8	6
0	1
39	131
0	30
0	7
15	4
3	11
2	1
30	16
0	8
1	0
0	103
4	8
0	5
3	1
1	1
41	102
85	386
0	386
0	175
79	38
2	15
0	28
2	186
0	177
0	88
79	150
250	314
0	175
0	180
0	180
1	182
0	146
58	36
0	34
0	35
0	1
0	9
0	1
19	40
0	7
78	0
3	0
0	156
6	17
0	151
0	165
0	118
0	9
280	5
147	60
1	56
21	3
0	1
1	30
45	30
0	0
3	8
1	0
6	0
1	8
1	0
0	0
33	0
84	4
2	4
1	0
11	59
0	20
7	4
1	66
706	56
1	3
0	3
142	488
0	488
18	41
0	41
1	0
16	89
0	67
31	85
0	148
0	154
1	265
144	232
0	76
0	171
6	1
0	5
0	12
10	171
0	5
12	2
22	3
107	24
34	125
85	125
286	286
9	94
0	5
3	5
294	41
0	32
85	25
0	17
46	18
0	25
0	17
0	0
233	28
9	0
0	14
0	0
0	0
0	14
12	0
22	56
12	12
0	12
78	216
1	14
0	16
0	16
0	16
11	11
42	910
364	910
40	5
0	4
2	3
0	292
0	292
0	292
0	291
0	292
0	292
2	36
0	0
1	273
0	292
0	145
0	147
0	117
0	117
16	2
8	80
4	0
2	8
0	6
0	5
0	18
1	18
0	2
0	1
6	2
12	0
235	7
4	7
7	96
11	96
0	3
0	1
0	80
0	1
0	48
0	59
0	67
250	77
0	5
20	40
23	62
0	62
46	97
4	78
0	11
0	55
259	283
7	283
437	22
0	9
10	8
44	0
84	20
0	70
0	4
1	63
0	18
0	63
0	2
0	1
0	112
0	57
1	105
7	105
0	15
0	33
1	1
2	1
0	1
0	68
0	1
4	60
0	8
5	0
2	20
0	7
1	18
0	12
0	7
0	2
0	2
0	22
0	19
0	19
0	0
0	71
0	14
2	15
0	0
0	0
0	1
0	1
0	0
0	1
0	15
47	10
0	37
63	35
7	56
3	28
0	20
0	8
0	10
0	2
0	0
0	0
241	30
32	30
0	29
1	1
0	0
44	103
0	125
1	95
10	16
0	52
5	183
6	0
0	62
10	62
0	0
0	0
19	3
7	0
22	2
0	2
0	6
13	1
147	45
0	26
0	26
0	0
0	0
11	9
170	9
0	6
2	5
0	0
238	41
1	26
11	37
0	12
0	15
0	2
0	4
42	114
0	76
0	45
0	1
1	0
0	9
35	9
0	66
180	70
0	70
0	3
0	0
70	51
0	51
1834	353
0	371
290	62
0	57
0	7
67	18
0	42
0	43
293	11
0	44
0	44
0	44
0	18
0	18
0	18
2	0
0	0
0	0
0	0
0	0
14	25
0	25
30	4
0	2
0	19
21	2
0	7
0	1
0	19
0	44
92	0
188	18
0	8
0	0
34	54
0	64
0	64
0	10
0	31
1	3
4	11
0	229
0	5
15	4
0	0
0	1
0	1
0	1
16	208
168	144
0	112
43	168
15	37
91	86
13	67
52	237
231	238
0	233
4	234
0	2
0	4
51	4
197	117
148	100
0	116
0	81
0	61
0	16
4	1
16	15
0	16
0	5
102	36
0	17
0	18
0	18
5	13
1	0
0	18
0	29
51	3
0	17
20	39
0	40
2	0
0	29
0	2
30	0
4	0
0	2
18	1
0	14
1	0
0	0
0	0
0	0
0	0
1250	63
18	63
4	27
0	17
0	9
0	13
334	31
0	27
0	16
0	1
9	2
0	1
1387	0
0	12
0	12
11	157
0	105
2	10
49	103
1	52
2	28
0	10
22	15
0	9
0	4
49	53
0	7
1	0
41	55
0	63
18	134
0	37
0	79
1	80
47	8
0	81
0	81
1	81
54	108
0	16
40	15
0	37
0	10
0	1
9	6
0	38
0	16
0	336
177	53
13	5
0	2
36	10
2	0
34	89
0	59
0	25
2	32
0	5
0	5
31	100
3	12
0	0
1	0
0	6
189	0
199	48
2	67
1	7
0	22
11	32
0	16
365	839
565	875
0	0
98	41
65	40
8	41
0	1
1	0
0	0
1	65
127	1
16	18
0	12
6	11
0	11
0	11
4	0
0	190
0	189
0	190
34	0
113	78
0	70
0	0
0	18
0	11
15	1
0	6
2	1
0	2
0	0
1	2
35	16
0	2
0	3
0	0
1	0
35	0
1	0
0	0
0	22
0	23
0	22
13	17
21	17
6	0
0	7
278	0
18	24
0	1
0	1
0	186
0	32
33	104
5	9
0	6
0	8
2	0
0	3
8	4
0	7
6	1
4	2
3	1
1	0
0	8
0	8
5	9
0	20
43	21
0	20
0	299
0	175
1	0
0	84
53	84
143	36
6	26
0	20
0	26
815	0
3	0
0	0
41	0
68	26
180	19
0	17
5	16
47	1
4	3
0	3
0	1
16	93
0	93
0	7
0	1
13	0
0	120
0	1
0	25
0	25
0	64
0	119
1	83
0	593
2	639
0	100
4	110
79	85
0	158
0	211
0	31
0	53
1	122
3	523
0	75
0	18
45	17
0	7
1	7
0	6
0	2
3	10
0	10
176	7
121	1003
0	16
0	14
1	13
0	2
4	0
5	0
0	330
374	34
0	1
5	1
0	0
5	14
0	10
0	11
0	2
0	14
3	19
28	23
0	3
0	3
3	0
0	13
2	2
0	3
0	3
0	3
0	3
1	3
0	5
4	8
0	1
0	3
0	14
0	4
2	2
5	3
4	3
0	3
0	3
0	1
0	3
9	0
78	1
1	0
0	0
4	0
0	0
0	1
32	14
0	9
0	4
0	3
9	2
164	46
0	21
0	13
4	47
4	15
4	15
246	0
91	2
10	37
0	18
0	18
2	18
12	0
0	32
0	115
0	3
0	3
0	19
1	15
0	5
163	238
83	225
3	23
0	23
0	23
0	22
0	13
18	17
0	1
0	126
0	126
6	12
0	18
9	21
6	16
0	1
17	11
0	0
54	19
0	19
38	24
61	27
19	27
0	0
32	1
109	37
1	276
0	276
135	14
12	3
0	3
2	1
4	0
0	0
86	3
25	2
132	36
29	219
0	210
0	247
0	98
0	10
1	1
105	205
0	26
0	34
3	179
62	23
0	23
0	14
121	22
0	5
0	4
0	4
3	19
1	1
2	1
1	1
0	331
26	358
1	1
0	30
1	0
300	1244
0	1022
0	110
2	0
445	330
3	76
64	181
0	26
2	0
138	58
273	68
137	51
0	19
0	24
0	2
0	11
0	2
0	24
39	15
5	0
29	44
0	24
20	73
0	61
0	55
1	51
0	0
0	0
0	13
0	2
0	1
15	53
5	2
0	2
0	2
0	2
0	51
19	54
309	119
8	54
0	68
0	107
0	61
0	70
19	61
0	70
16	0
0	57
0	0
92	5
9	0
31	6
0	5
3	18
0	17
0	0
0	69
0	68
0	86
31	84
49	198
0	19
0	38
21	96
0	40
0	0
53	28
0	25
0	9
0	8
0	2
0	2
0	1
0	0
302	9
13	42
0	12
23	30
0	7
0	7
253	0
17	144
15	130
0	125
0	140
0	106
0	93
0	3
4	10
2	3
65	14
6	14
17	3
0	2
0	2
0	0
41	14
0	3
0	14
34	35
7	0
425	15
0	15
3	1
0	165
0	165
0	165
44	120
301	213
3	338
0	103
0	201
0	144
0	364
0	40
0	74
5	403
0	141
0	18
14	52
0	131
0	1
0	15
0	7
0	7
9	23
0	20
1	0
25	117
0	117
88	0
1	0
2	4
7	4
0	0
0	118
0	485
0	122
3	1
104	6
4	7
0	485
14	25
0	25
57	8
0	62
26	69
0	15
0	8
0	6
2	6
0	8
2	5
0	0
5	0
0	23
0	63
0	63
0	63
0	6
0	4
0	2
17	0
6	15
0	1
8	1
0	15
0	1
0	0
0	4
0	52
0	52
0	69
2	82
8	2
0	34
4	46
0	33
0	51
0	501
4	484
0	250
119	371
0	35
0	360
0	385
18	191
0	3
42	48
0	48
5	0
0	65
0	37
7	10
0	1
17	5
9	21
24	8
0	5
2	30
170	25
0	17
6	0
1	6
0	14
98	72
0	100
3	94
21	0
0	3
0	12
0	0
9	0
2	20
1	6
0	1
0	12
0	2
0	3
0	3
0	3
0	3
0	3
3	9
14	9
0	1
0	14
0	1
1	0
0	13
0	1
0	0
27	22
0	18
764	27
0	8
72	227
0	17
0	51
0	489
0	489
0	4
0	3
0	8
0	1
18	0
4	22
0	32
0	137
329	169
0	11
0	10
10	0
0	3
0	1
0	152
1	0
0	112
0	55
0	31
35	8
35	2
24	75
0	26
0	84
98	84
81	39
123	32
0	32
0	3
236	123
22	49
81	3
0	92
18	16
315	46
22	46
3	70
11	89
0	2
4	16
0	79
0	52
6	3
0	1
3	407
90	414
11	20
0	36
144	151
0	3
8	23
0	128
18	27
0	25
0	25
0	0
0	3
0	25
97	105
1	49
3	59
0	0
0	3
180	39
0	2
0	8
0	8
11	197
0	6
0	5
0	14
127	32
83	32
12	25
0	16
0	3
0	184
2	2
0	2
21	377
13	40
0	197
0	320
95	196
0	63
0	0
0	0
0	0
0	0
0	119
317	126
0	23
0	7
0	0
0	63
2	17
0	23
0	23
26	32
0	23
0	23
0	2
1	9
0	63
0	63
73	0
0	30
0	31
0	0
11	0
0	0
1	25
0	17
9	26
10	3
0	2
0	0
1	2
257	2
0	2
0	0
0	0
0	1
0	4
0	4
1	2
4	11
108	0
0	0
0	0
1	0
1	0
4	101
0	12
0	90
0	83
89	32
0	32
1	4
1	11
31	59
16	10
9	11
0	12
0	12
36	99
0	95
11	13
493	44
0	120
0	120
0	121
9	269
219	790
0	581
0	41
0	69
0	25
250	1
2	1
2	0
69	9
21	28
21	33
0	4
67	24
66	0
3	9
0	2
8	2
2	10
0	10
4	2
0	0
0	2
0	2
16	2
3	107
0	115
45	117
0	42
0	50
0	1
6	2
0	69
0	13
0	45
2	35
130	11
0	15
0	13
0	19
3	2
4	0
6	16
1	1
0	6
5	0
9	5
18	14
0	14
24	157
17	156
15	5
1	5
3	1
9	1
0	12
5	0
349	9
1	9
153	58
15	38
0	29
0	19
26	42
15	0
10	310
1	310
2	306
0	306
0	2
0	0
2	22
0	262
2	22
10	0
277	0
0	103
20	83
0	105
0	96
4	36
0	29
5	16
21	3
0	3
2	0
0	0
0	0
0	0
58	10
53	0
0	25
0	25
5	9
8	8
2	0
133	0
7	1
0	1
25	24
66	10
10	0
43	6
3	249
0	219
0	135
0	249
1	0
55	1
0	22
102	67
39	87
11	75
14	0
1	12
3	0
0	75
116	0
1	0
20	0
0	94
0	101
0	0
0	0
21	18
0	25
64	67
222	0
0	50
300	33
0	167
0	39
1	17
22	10
4	41
0	41
0	2
0	167
5	0
0	32
0	28
0	16
49	33
0	33
0	0
0	0
159	10
51	0
0	1
1	1
7	104
7	104
192	107
0	20
0	3
25	118
2	26
0	22
0	24
0	20
0	23
4	23
0	20
0	14
0	17
1	3
0	8
0	17
0	9
0	7
0	4
2	3
0	4
25	8
7	47
8	74
0	59
0	60
56	1
2	7
1	55
0	0
0	4
0	6
0	2
0	0
0	0
0	0
1	11
0	123
0	121
0	43
0	40
0	22
25	0
292	305
3	280
218	266
1	21
0	4
1435	718
0	29
0	26
0	30
1	12
0	0
70	4
27	37
0	3
0	2
0	112
0	67
0	608
9	0
0	3
9	3
0	161
20	161
0	161
45	24
22	98
248	95
0	97
0	16
148	0
0	0
144	20
0	20
15	19
0	11
0	3
0	0
0	0
1	0
6	1
30	155
31	46
1	3
13	48
0	0
3	3
0	45
108	9
0	226
0	171
0	42
13	5
0	4
0	61
0	3
80	42
0	48
0	3
0	61
0	61
5	108
0	106
4	268
0	263
0	4
0	22
0	7
0	2
0	0
0	5
15	8
0	2
2	10
2	9
2	1
9	111
0	122
0	21
0	28
0	29
31	23
14	123
73	0
0	180
0	11
0	12
0	12
5	6
0	9
0	9
8	56
0	3
2	3
6	170
5	1
0	180
2	75
0	81
0	89
0	98
0	3
19	38
0	1
0	0
34	33
0	0
4	3
0	330
0	332
0	22
0	8
0	5
0	5
0	0
0	0
0	0
0	0
0	42
0	8
10	0
532	11
206	4
0	0
38	0
5	8
3	11
0	4
1	5
72	24
0	7
3	4
0	3
1	28
18	192
0	66
41	0
5	0
2	9
28	43
18	70
25	114
32	10
0	3
0	104
4	6
63	50
0	50
149	48
0	31
221	140
602	140
0	26
4	13
0	13
2	1
0	1
4	1
0	0
2	0
9	0
14	203
0	19
50	21
4	168
0	149
0	184
4	20
0	6
0	17
0	0
0	144
286	225
55	0
2	0
60	10
33	3
25	7
0	10
0	10
24	47
0	47
6	51
0	34
0	3
0	2
104	4
0	39
0	39
0	24
0	2
0	0
0	2
47	40
1	86
0	87
0	84
0	66
0	22
1	0
0	81
0	82
22	0
0	100
6	39
7	23
0	5
0	39
0	21
0	4
0	8
0	8
0	8
0	8
0	3
0	10
0	10
0	22
0	10
0	2
0	2
0	2
0	0
0	0
8	1
0	0
0	0
6	0
0	0
0	0
2	1
0	1
0	0
36	17
0	6
0	0
0	38
2	0
57	30
55	30
0	45
0	66
0	66
5	5
0	1
2	1
0	1
13	22
0	30
7	22
10	18
0	1
7	11
32	21
16	1
0	3
0	3
0	0
12	1
13	17
264	103
191	102
9	0
1	0
22	2
2	1
1	2
0	1
0	1
0	42
26	7
0	7
4	4
0	4
0	2
34	55
0	1
0	12
0	52
23	54
0	230
0	342
0	3
241	340
60	12
7	6
0	150
105	13
125	52
4	0
0	121
0	17
790	144
0	144
32	0
21	0
49	0
29	30
3	0
0	40
20	42
51	15
0	0
0	10
18	2
0	0
1	16
4	0
10	10
24	139
4	139
99	138
0	1
0	0
5	9
3	58
84	0
76	82
0	2
0	2
6	0
20	82
12	125
0	33
127	6
0	5
0	5
4	0
0	0
0	1
31	8
57	21
0	1
0	2
6	3
0	1
0	9
41	78
30	79
6	152
1	102
0	10
0	21
12	46
339	104
19	64
0	4
0	14
28	9
0	40
0	93
0	104
0	113
0	156
0	13
1	24
13	112
0	142
0	1
8	6
0	22
8	22
7	0
0	0
0	0
19	7
15	140
0	97
255	61
48	51
45	106
13	7
0	0
6	1
1	0
2	1
12	8
0	31
5	28
0	21
121	1
1	1
34	173
2	4
0	4
17	28
0	0
5	2
0	2
5	0
7	34
58	136
0	34
21	64
14	1
0	61
0	10
0	3
0	1
0	117
0	30
0	39
0	5
0	39
0	1
0	2
0	38
2	5
5	0
0	0
0	0
51	0
31	0
1	3
8	17
0	2
0	5
0	0
0	0
0	1
25	158
11	89
15	63
0	158
3	0
1	43
4	89
391	8
8	64
9	66
0	10
0	13
0	8
0	0
0	1
0	1
0	1
27	0
0	3
1	0
0	0
0	0
797	0
36	0
9	6
28	11
0	8
22	61
0	5
0	3
7	3
4	32
0	0
0	0
0	10
254	63
60	36
6	36
5	55
20	115
53	126
400	143
0	111
0	39
16	5
0	5
0	282
33	286
0	263
15	78
0	30
1	12
0	16
0	67
36	29
9	9
4	21
9	97
0	6
49	76
21	2
0	1
0	1
1	1
0	2
0	2
2	325
0	38
0	81
15	0
0	2
0	2
4	1
0	1
0	67
0	322
2	3
0	7
0	7
0	5
0	0
13	51
0	53
0	42
0	42
32	62
0	42
2	16
0	7
35	65
49	0
19	189
162	3
8	1
0	13
0	2
0	12
8	21
0	8
3	14
0	6
0	1
0	31
161	174
0	17
2	37
11	16
406	38
8	56
0	31
55	27
0	4
0	19
69	0
1	0
6	60
16	3
2	0
26	115
0	115
0	10
0	0
0	0
0	10
3	0
197	0
0	8
1	8
2	1231
1	1233
0	6
0	421
0	8
14	7
0	5
0	1233
43	26
0	0
0	1
6	25
0	2
5	25
0	8
0	8
0	6
0	4
0	12
0	5
31	4
0	9
7	10
0	10
0	10
3	91
32	105
140	30
144	0
0	0
204	15
0	11
1	10
71	0
0	3
0	2
0	3
14	93
0	96
0	8
1	0
5	79
31	1
21	128
43	21
1	2
0	8
0	0
0	0
0	4
0	6
0	17
1	33
16	26
0	5
15	5
0	9
0	9
0	2
4	7
1	7
2	15
2	54
0	43
0	15
2	2
523	265
0	1
0	35
0	35
1	17
0	0
6	50
1	22
0	4
120	110
6	88
0	2
0	1
10	1
11	39
0	19
82	40
0	20
0	14
0	6
0	10
0	12
84	15
0	1
509	73
0	73
44	0
0	14
0	123
1	123
0	30
3	29
0	0
0	2
0	13
0	13
1	13
0	3
0	3
0	2
2	9
0	121
3	84
0	121
0	25
0	11
0	11
0	5
0	10
134	9
9	2
0	2
0	0
0	5
0	0
0	2
42	2
0	9
0	9
17	23
18	18
166	0
1	2
0	2
51	0
38	0
4	54
114	26
11	5
11	46
76	30
6	33
6	162
0	6
0	0
0	26
0	26
3	26
0	162
57	0
10	37
4	43
0	61
2	61
88	32
0	5
0	5
7	0
3	6
0	6
15	0
167	81
88	84
0	32
0	32
0	32
17	16
0	19
7	18
0	1
12	3
3	14
0	39
0	24
0	24
24	28
28	82
0	59
0	59
0	59
0	59
0	63
8	327
0	344
0	58
12	58
24	72
0	72
8	1
0	1
0	15
16	15
4	0
0	0
0	0
1	0
0	0
0	0
0	1
0	6
0	0
0	2
0	1
0	0
0	0
21	0
0	6
28	687
24	31
0	675
0	259
0	89
47	0
0	32
0	4
119	115
100	24
21	2
29	10
517	112
0	159
8	7
0	7
113	0
0	11
0	14
7	3
7	4
0	4
0	3
1	4
0	4
13	4
0	1
0	8
9	1
0	1
0	96
0	83
2	96
0	83
0	101
4	96
0	69
0	3
62	38
0	29
0	2
1	1
2	0
0	4
0	4
3	3
0	3
34	3
24	24
3	1
0	54
3	56
2	8
2	8
0	59
0	47
0	5
0	37
0	3
0	0
0	36
0	3
0	41
2	42
0	1
1	0
0	42
0	10
2	10
8	39
0	34
114	0
411	0
75	191
0	286
107	95
3	36
4	34
0	34
0	30
8	20
0	4
0	5
0	95
0	92
0	6
92	183
0	183
123	49
0	92
0	83
0	8
0	41
0	16
1	5
0	4
5	4
2	0
0	1
8	34
0	0
4	31
46	2
420	2
20	1
0	31
0	31
22	31
0	1
1	2
10	1
2	1
0	26
116	127
8	1
0	1
13	4
18	4
1	6
0	0
0	17
0	127
0	417
1	38
0	10
0	30
0	30
3	10
95	36
110	10
0	0
0	492
0	492
0	199
0	199
0	6
0	9
0	5
0	6
0	4
0	3
36	27
0	7
0	19
21	66
0	66
0	8
41	11
0	16
0	8
734	186
6	144
0	139
145	82
0	73
1	81
0	10
356	3
19	35
14	0
16	4
0	0
0	2
0	2
0	35
21	38
12	49
1	48
0	11
0	6
0	4
0	9
0	27
7	308
2	309
0	1
123	274
0	3
0	3
0	0
0	3
1	0
0	7
0	21
0	21
9	14
0	0
0	0
3	0
2	177
0	0
1	0
1	1
16	0
0	8
1	7
14	2
13	170
23	102
274	99
0	99
0	50
0	50
0	46
0	84
0	36
0	42
0	42
0	26
1	10
0	5
0	20
0	30
0	11
0	1
0	0
0	0
0	3
0	2
0	2
3	0
0	42
2	75
0	31
3	68
0	16
0	30
0	116
0	0
0	116
3	14
0	8
0	0
0	1
0	5
1	6
21	1
0	1
0	2
0	16
1	47
0	38
16	38
11	1
12	42
0	53
66	19
0	19
0	18
41	37
0	0
1	0
0	2
0	2
10	21
0	77
0	60
90	60
15	94
0	94
0	24
0	2
0	30
2	0
41	0
44	153
0	77
0	13
0	14
0	14
5	0
6	4
9	2
115	176
0	73
0	100
0	92
0	116
15	139
91	139
147	0
5	42
0	43
92	347
0	346
6	143
0	84
0	112
23	85
0	74
9	0
1	1
5	0
0	480
0	655
0	24
0	38
0	49
0	41
0	641
0	638
0	640
0	159
0	21
0	17
47	6
0	32
0	21
0	10
2	0
56	31
295	62
74	74
2	2
11	3
0	0
74	104
5	113
0	31
0	31
0	28
13	41
0	3
0	2
0	1
3	2
5	9
48	36
28	20
0	0
0	35
0	170
140	170
0	4
13	42
2	0
0	3
24	13
0	1
20	2
0	13
0	1
26	132
4	123
1	56
0	56
0	13
0	1
0	9
0	0
3	0
3	0
21	12
1	12
0	0
325	670
0	637
2	5
0	11
0	26
0	129
0	25
5	96
1	81
9	8
0	11
44	100
76	100
11	31
0	31
0	22
0	20
5	2
17	2
1803	40
0	40
0	3
0	0
0	0
24	9
0	7
0	7
0	2
2	20
0	49
0	34
14	0
1	0
0	25
0	60
7	16
46	60
84	43
0	9
3	23
0	15
0	13
0	34
0	28
0	5
0	1
0	2
0	2
0	10
110	0
0	7
3	81
0	80
0	79
0	81
0	80
0	4
0	80
0	6
0	79
0	1
0	431
0	330
0	121
4	4
0	9
0	451
7	161
6	147
0	3
1	0
0	131
0	56
0	74
59	35
0	20
14	61
0	13
0	14
0	43
0	22
0	14
0	14
0	13
0	35
0	23
0	22
0	15
0	3
38	4
5	14
0	8
0	6
0	0
0	0
0	3
9	21
0	17
0	2
0	1
0	110
0	110
25	32
1	7
48	307
0	426
0	285
0	1
32	130
0	411
27	11
0	7
42	11
0	5
0	36
0	46
0	54
0	35
0	3
0	0
0	17
0	0
2	3
0	2
0	3
75	3
3	60
3	60
4	32
54	25
14	24
3	31
1	7
0	3
1	27
0	24
0	25
3	4
0	1
0	2
0	4
1	6
0	6
0	3
0	20
2	257
0	251
0	208
0	54
0	23
56	33
0	1
32	3
0	21
0	27
179	30
0	176
0	178
7	178
0	178
0	5
0	1
0	1
2	1
21	88
14	106
0	1
155	0
214	32
0	19
2	1
0	14
0	21
16	21
0	6
0	6
0	4
16	0
162	0
56	0
60	97
134	66
37	56
508	796
0	81
0	1
3	0
0	43
0	355
15	361
0	7
2	0
46	0
0	24
0	12
0	28
98	35
0	13
10	4
0	4
0	42
0	2
13	29
0	42
0	42
15	10
15	3
24	10
1	3
10	3
59	1
1	1
160	340
344	268
0	244
0	89
2	95
0	89
0	89
0	89
166	54
0	53
26	41
0	43
0	30
22	46
45	30
19	30
0	5
0	61
0	7
47	437
29	3
0	3
37	33
17	33
1113	182
0	0
11	40
0	152
10	14
133	51
0	1
17	30
45	64
0	3
0	30
136	0
15	29
0	29
59	62
48	50
0	8
0	46
0	10
45	356
0	40
159	70
20	70
0	52
0	0
0	3
0	3
127	0
1	0
40	23
0	22
0	22
0	24
0	22
0	22
0	22
0	24
7	20
0	3
3	14
0	108
0	86
0	78
3	106
0	84
0	5
0	22
0	1
0	1
0	1
0	15
23	15
21	0
0	1
20	2
10	1
41	2
0	2
29	113
0	19
4	0
15	2
0	0
6	91
28	23
3	0
8	54
0	110
0	106
61	110
270	0
6	1
42	28
0	36
0	7
41	70
0	31
0	0
1	0
6	0
8	213
9	160
0	90
0	3
19	1
0	9
0	0
1	2
1	4
10	4
5	10
96	10
6	108
0	108
0	30
0	3
0	3
2	25
0	0
19	0
1	0
3	15
0	14
20	0
8	25
109	14
11	99
0	9
0	9
0	14
8	8
0	8
0	7
0	1
0	0
0	0
0	0
23	0
63	38
5	35
2	1
0	1
0	16
0	16
0	357
50	69
3	41
2	53
932	41
0	10
2	30
10	1
0	28
0	40
173	27
48	14
45	9
71	9
52	37
1	37
0	6
0	6
0	6
0	6
4	0
4	101
0	17
0	194
0	194
0	5
0	138
0	137
4	23
0	0
37	12
0	0
0	0
0	8
0	8
4	494
10	28
0	35
0	26
0	57
0	7
4	1
0	1
0	25
0	505
0	527
232	9
1226	58
0	2
4	58
0	11
194	19
0	19
34	3
36	1
0	5
1	1
0	23
81	29
29	21
0	7
0	11
2	1
2	1
255	0
0	44
28	45
5	38
68	112
0	4
15	31
1	1
1	64
0	64
120	1
60	78
0	48
100	33
1	2
0	1
0	10
0	10
0	11
6	5
74	157
0	24
1	134
3	129
0	81
0	76
0	132
0	0
54	147
49	147
0	8
5	1
7	0
16	41
0	26
181	553
0	8
0	15
1	6
0	6
103	538
0	2
2	2
0	16
0	222
3	337
1	25
1	323
0	0
3	312
0	35
11	35
39	30
17	0
31	0
7	53
109	291
0	46
15	3
5	121
0	3
0	1
0	55
0	144
20	8
18	2
0	26
3	53
0	10
11	0
56	78
1	24
0	15
0	21
11	0
48	153
17	53
0	53
0	5
0	9
586	95
2	0
4	1
0	2
0	2
0	52
7	2
25	32
0	0
0	45
0	52
17	0
461	125
588	137
119	52
0	38
26	30
0	4
0	12
0	10
0	7
0	7
0	5
1	7
29	0
161	89
8	73
146	21
1	0
14	93
0	93
0	6
18	6
80	9
1	1
0	0
0	7
179	101
0	2
7	17
5	14
1	2
0	101
9	30
0	39
0	8
0	2
0	0
2	1
0	16
2	0
0	6
0	0
21	12
0	12
27	0
0	0
0	0
2	0
0	0
0	2
2	1
6	144
0	6
12	66
4	8
68	14
0	0
3	0
154	1
0	1
0	4
0	4
1	1
0	702
0	679
0	27
0	12
31	23
0	693
0	23
37	75
15	2
0	2
23	189
0	189
22	67
4	40
5	47
4	2
217	436
0	441
0	24
0	11
0	2
12	2
12	20
3	265
0	265
0	186
0	66
0	135
17	102
0	20
0	14
0	14
0	14
0	14
0	14
0	0
230	172
8	19
0	150
1	0
42	1
0	36
1	1
3	33
0	297
4	593
0	212
108	811
32	69
9	25
0	51
0	587
0	306
17	19
0	4
1	18
0	6
0	116
0	5
0	16
28	100
0	2
16	16
9	24
0	2
0	20
0	0
3	1
0	2
0	2
0	5
0	81
0	70
276	0
0	135
1	116
0	1
9	115
0	1
17	132
0	12
0	13
0	11
3	15
0	15
27	66
31	57
0	27
0	22
4	8
255	12
2	4
1	0
8	0
22	0
16	13
1	1
0	12
0	0
15	0
18	11
27	0
86	82
0	162
0	162
0	162
1	25
12	16
64	305
0	241
0	0
0	6
50	25
0	2
5	23
0	121
3	98
0	97
0	0
0	25
23	1
0	139
58	2
0	0
0	2
12	95
0	21
0	10
0	10
579	26
0	26
0	3
783	36
0	32
0	4
2	1
0	4
0	33
24	125
0	37
13	0
107	69
7	59
0	69
1	34
4	0
1	0
0	91
0	2
9	2
1	2
0	91
0	78
0	12
0	9
1204	23
1	0
15	44
0	23
1	6
9	1
0	1
0	8
0	4
0	4
0	4
0	1
0	0
2	2
0	38
0	15
0	13
4	36
0	11
0	14
0	14
0	65
0	63
0	63
0	66
0	64
0	0
7	1
358	18
2	5
0	2
0	0
4	0
0	1
2	82
31	22
0	78
0	7
0	26
0	131
1	1
1	1
2	0
7	24
94	148
292	0
5	85
0	34
0	20
6	8
1	3
0	1
0	8
2	10
0	1
0	1
5	43
0	1
77	719
15	1052
0	1033
14	23
0	1
4	9
491	0
0	153
10	29
0	3
0	0
0	0
0	1
0	7
0	0
1	0
18	7
0	153
8	184
226	25
0	0
0	117
0	9
3	18
0	16
0	124
0	1441
0	101
0	1419
0	1570
233	12
19	1504
0	1371
1	1
1	0
0	20
0	20
0	6
0	6
0	374
3	1222
0	25
0	26
0	2
5	0
3	182
16	15
1	8
0	132
0	140
0	2
0	2
17	82
0	3
0	3
0	56
0	336
0	355
0	39
0	45
0	45
0	45
0	46
0	42
0	43
0	6
1	15
0	15
119	0
10	14
190	15
0	2
0	9
0	7
0	8
4	8
693	0
14	7
0	3
0	7
16	0
0	49
0	49
0	0
0	3
0	28
0	10
0	2
0	3
0	1
1	28
0	27
12	0
2	1
0	24
0	24
0	41
0	8
0	11
0	23
0	22
5	0
0	0
13	17
0	2
0	19
5	11
0	1
0	1
0	40
0	15
0	40
6	3
0	33
6	26
64	38
8	24
1	17
0	1
0	1
3	0
0	1
0	0
2	1
2	9
175	14
1	12
10	9
0	3
26	544
0	808
0	36
0	439
0	28
1	68
65	415
170	411
42	119
32	5
10	4
72	8
3	0
0	12
83	102
0	285
65	1017
0	11
121	978
61	213
0	27
0	162
0	162
0	194
717	41
0	41
0	108
427	148
0	75
0	41
55	41
508	45
5	15
444	197
0	12
0	39
2	1
0	164
0	1
0	277
0	276
0	17
0	15
4	15
8	0
7	0
2	53
0	21
0	53
0	5
3	5
1	0
6	2
7	0
4	0
4	0
551	1
183	32
0	1
0	22
0	0
56	20
0	3
41	28
0	0
77	40
24	40
7	78
247	207
1	7
0	196
0	200
0	17
36	13
47	67
0	1
0	0
38	160
1	1
3	0
0	159
0	129
0	0
32	0
4	160
24	159
19	162
421	160
0	211
0	211
0	240
0	240
1	17
0	15
11	15
0	1
5	2
0	2
11	0
2	0
45	11
15	110
18	100
6	74
0	0
1	0
0	0
0	11
0	1
4	10
0	2
2	95
0	139
13	348
0	364
0	99
105	311
0	0
0	6
0	1
0	0
1658	60
12	17
0	59
0	40
0	39
0	3
70	1
9	0
0	1
0	1
41	31
0	31
3	5
36	3
0	0
128	3
165	99
3	99
0	8
0	12
0	12
0	1
0	1
12	9
0	23
17	23
9	9
0	0
0	1
0	0
8	61
268	349
40	349
0	64
0	64
0	48
5	1
14	2
0	0
25	0
2	0
0	1
3	0
18	95
327	101
26	72
0	2
0	0
6	5
14	5
0	6
0	36
0	0
1	42
14	0
0	11
1	11
70	0
0	39
596	14
39	4
0	0
31	78
0	60
0	17
0	18
108	0
0	3
7	1
1	6
45	319
787	291
1	305
0	336
0	106
0	38
0	19
81	131
41	16
13	83
71	113
0	21
0	31
240	97
5	84
0	40
0	34
0	35
0	35
0	35
0	42
0	35
0	6
51	8
0	2
0	4
3	3
16	11
0	6
24	4
0	4
18	2
19	5
5	1
16	1
4	13
0	12
18	21
0	23
10	58
0	7
94	53
12	3
5	12
0	14
0	364
0	364
0	210
8	12
0	1
0	0
6	1
0	7
0	0
3	4
0	0
3	1
116	121
3	0
0	22
0	36
0	121
47	68
0	63
0	49
0	30
0	126
153	80
0	52
0	38
0	38
0	131
17	81
31	57
67	145
0	18
1	129
0	19
0	17
0	145
0	14
41	17
0	16
0	1
28	0
260	1
0	1
0	0
87	1
38	1
0	19
0	19
0	14
0	3
4	18
0	18
2	32
0	57
0	57
0	4
1	9
21	22
0	22
0	23
0	2
0	2
1	3
0	2
0	26
0	25
0	295
74	245
0	34
28	34
0	12
52	43
0	46
0	54
6	59
0	59
0	54
4	3
0	34
11	3
0	3
13	10
0	10
0	205
0	97
0	25
0	25
0	19
0	65
0	48
0	49
0	39
0	27
0	27
12	54
0	9
5	11
0	6
0	16
0	16
2	65
2	4
0	4
0	4
0	22
0	22
0	7
0	12
35	31
0	29
2	9
180	8
3	1
25	46
0	7
0	324
0	0
0	0
2	0
0	28
46	28
21	28
9	50
34	198
0	208
5	24
556	201
0	3
1	49
0	50
6	43
29	34
2	79
0	14
0	69
0	2
0	2
0	5
0	5
0	4
0	3
247	618
0	1
80	3
0	0
196	26
0	20
20	10
0	0
0	0
0	5
7	0
10	238
0	164
33	6
0	3
0	68
0	68
90	3
0	1
0	2
2	191
0	191
17	1
315	234
0	179
3	60
0	116
0	1
13	1
0	13
0	13
0	5
0	23
1	34
0	7
0	3
49	3
0	1
0	1
0	1
6	50
0	1
0	1
6	17
0	17
0	4
0	5
0	9
0	9
0	92
0	63
0	88
0	530
12	530
469	0
0	161
0	161
44	155
0	0
7	3
5	3
7	1
0	1
7	148
0	56
290	4
1	2
12	285
13	70
1	69
0	0
0	28
7	25
0	25
27	7
44	0
14	51
13	51
0	47
0	49
0	42
2	4
0	5
1	1
0	4
8	1
0	0
0	1
15	9
0	8
0	39
0	4
44	35
5	1
8	53
2	36
0	12
5	30
0	5
0	6
1	0
0	1
0	17
1	1
0	1
1630	0
77	304
0	46
1043	36
0	24
0	15
129	0
43	4
0	19
0	113
0	14
47	22
0	10
0	10
24	24
217	129
0	82
0	28
0	35
118	117
47	65
14	4
57	6
0	2
0	0
2	0
4	0
3065	267
7	6
36	1
37	37
0	25
0	348
15	23
0	102
0	7
23	329
0	8
2	0
15	11
1	225
0	55
4	38
21	2
0	1
0	0
0	2
64	225
0	236
247	111
0	221
0	124
2	110
19	56
0	19
0	19
0	236
1	0
1	21
0	21
0	3
0	5
7	4
12	0
0	24
0	0
0	24
0	0
0	0
0	0
0	0
2	0
0	0
2	0
1	2
0	2
0	3
14	6
0	6
0	6
0	6
2	181
0	114
0	51
0	8
1	3
0	51
218	54
0	54
0	263
0	193
0	10
133	329
0	126
0	258
239	3
0	0
0	0
58	10
0	2
2	2
257	158
0	41
0	5
0	92
0	106
8	115
0	2
0	2
5	1
0	0
4	1
0	119
41	119
0	86
29	2
15	46
0	1
0	2
1	0
0	0
0	3
3	0
0	0
4	0
0	0
0	0
0	3
0	33
0	585
0	585
0	585
50	562
4	555
8	146
0	66
9	85
20	98
0	35
0	36
0	264
0	195
0	179
0	190
0	70
44	12
21	184
15	245
869	236
0	1
9	11
13	0
10	50
0	49
439	52
0	30
4	1
6	8
12	868
0	47
0	186
0	186
0	91
0	115
39	535
0	535
0	63
181	129
5	8
0	124
3	0
2	57
0	57
0	22
3	0
5	0
23	155
0	136
0	92
161	23
21	808
0	39
112	77
0	31
0	74
3	2
0	8
12	14
1	0
0	0
2	0
234	8
15	3
7	5
26	38
0	6
0	88
308	88
0	17
424	255
4	28
136	40
0	95
0	251
3	104
12	38
0	1
0	2
1	35
0	44
89	99
287	528
115	77
21	62
6	11
0	10
2	8
0	0
1	0
0	0
0	0
0	0
0	9
68	1
0	10
0	2
72	26
12	380
0	276
0	91
5	22
0	4
0	76
0	94
0	201
0	111
8	111
113	193
42	79
0	19
15	77
0	11
0	2
551	180
0	180
45	77
0	51
1	14
0	10
46	1
63	14
0	0
0	0
33	41
0	1
28	113
14	113
8	37
4	14
4	36
0	17
3	4
2	10
0	4
0	70
2958	34
0	46
0	74
0	5
4	2
0	49
117	69
7	10
0	1
2	7
4	0
5	11
1	8
6	9
56	56
3	0
0	56
1	8
0	8
0	1
0	0
0	0
49	108
0	6
0	77
0	82
7	6
28	6
0	4
0	4
0	42
42	44
0	16
0	0
0	0
0	0
39	17
146	62
62	62
40	32
0	40
0	40
0	137
0	4
0	100
0	236
19	44
0	26
21	0
0	15
0	16
20	46
0	11
0	0
14	3
105	179
0	0
0	3
0	49
0	36
16	36
0	3
360	12
0	12
134	433
0	433
0	396
0	415
0	353
6	2
0	130
0	0
0	1
0	6
0	25
2	100
0	99
10	26
0	3
4	0
3	0
1	99
23	89
0	58
0	26
0	24
2	12
0	8
1	65
1166	5
23	12
2	12
0	12
0	0
0	0
3	383
0	260
125	0
76	181
8	4
0	2
0	4
0	4
218	0
7	7
0	0
0	6
24	0
27	14
0	11
0	16
1	15
30	12
0	10
27	7
0	15
0	15
0	16
5	21
6	10
0	10
29	5
248	73
0	73
71	0
13	11
0	10
0	149
0	98
0	39
0	21
0	21
0	21
0	21
0	5
54	590
0	2
0	559
52	28
0	5
356	37
0	37
611	132
0	132
0	132
106	24
4	17
0	6
0	17
111	0
6	229
0	178
1	121
12	73
113	108
156	132
40	26
0	12
379	1
26	15
0	2
0	15
0	2
0	12
0	2
0	2
0	10
0	12
10	41
0	8
0	2
3	2
0	19
0	1
0	17
0	2
87	1
0	0
0	1
238	0
371	297
0	357
9	13
0	473
0	259
18	46
0	44
0	357
339	0
0	9
0	9
59	22
60	21
32	4
25	4
0	2
5	0
1	4
10	4
1	4
49	0
53	35
0	213
0	206
2	219
0	193
0	27
2	193
0	203
0	16
0	204
1	149
0	1
0	2
0	139
0	213
92	32
9	0
7	0
0	95
95	114
0	101
20	96
0	94
1	25
0	24
0	20
0	1
0	25
0	20
261	1
5	0
7	7
0	7
140	19
1	19
0	19
1	55
0	30
25	256
19	262
29	87
0	90
32	3
3	0
0	26
7	51
1	1
3	1
0	0
58	9
0	1
0	5
0	3
3	0
1	1
0	1
0	0
6	60
200	82
0	49
10	18
0	18
0	43
8	30
13	10
1	0
0	0
2	1
6	0
7	1
50	49
0	9
40	46
87	26
0	29
12	27
0	7
0	31
0	6
7	2
7	14
0	1
18	0
1	0
0	1
7	1
33	32
28	1
0	7
0	2
0	2
0	31
3	107
0	37
0	28
10	35
0	24
0	174
0	9
4	9
11	5
7	5
2	0
54	16
67	171
0	3
4	0
2	21
33	0
0	35
0	0
0	0
0	35
0	30
0	4
725	78
27	33
1	10
3	11
37	4
0	20
43	128
0	10
2	0
1	0
0	72
4	1
204	124
18	5
0	5
0	2
0	158
0	114
0	10
2	23
1	9
11	9
0	1
0	9
173	95
0	95
2	0
0	0
0	1
0	0
0	101
23	40
0	40
0	1342
0	1002
0	1259
2	24
2	17
0	1004
0	5
0	13
4	0
0	37
0	54
2	376
60	0
0	29
0	46
0	3
13	25
0	2
0	0
93	2
4	79
0	67
0	67
2	60
0	57
0	51
4	55
0	1
0	3
0	3
0	0
314	71
0	143
0	9
0	79
5	7
82	67
0	27
0	66
1	47
0	67
2	11
0	959
0	934
1	940
302	44
30	19
0	0
0	0
0	0
14	0
0	443
0	85
0	85
1	36
0	36
4	9
0	3
2	3
0	2
37	216
6	5
0	25
202	63
0	63
427	60
0	7
0	0
0	57
0	8
0	7
0	7
8	10
0	2
0	42
0	56
0	56
0	17
227	15
0	34
39	250
0	16
0	131
1	6
85	1
0	116
29	176
0	171
416	164
0	116
16	23
279	15
26	7
56	32
1	32
257	30
0	1
0	1
2	1
3	2
0	0
0	0
0	0
0	0
0	0
0	1
0	1
1	0
37	3
7	7
2	7
21	3
21	28
8	7
0	3
0	25
51	29
27	4
0	25
30	36
2	36
0	33
1	15
1	2
0	0
92	132
13	127
31	49
263	38
0	6
649	18
0	18
0	0
113	169
0	164
49	131
2	31
1	29
0	5
0	0
0	0
0	0
0	1
6	1
1	4
0	25
0	40
18	40
55	62
4	61
0	60
5	47
0	44
230	27
12	22
0	2
27	10
1	10
0	0
0	22
0	21
1	16
0	9
84	17
0	0
29	17
0	93
12	107
0	93
640	0
13	42
0	1
0	3
54	42
35	51
8	27
61	22
31	40
81	75
11	0
0	1
0	89
8	89
0	6
0	5
2	4
7	0
0	5
0	5
146	2
3170	0
0	26
0	29
25	27
12	1
33	134
0	2
38	3
0	0
1	0
0	1
0	1
47	1
78	22
3	278
0	9
2	0
0	26
181	144
546	305
24	369
10	28
2	57
9	4
78	256
3	0
0	256
0	50
10	20
0	45
0	4
0	2
0	0
0	33
0	1
2	8
4	13
1	12
0	6
2	2
4	62
5	28
4	23
0	26
2	0
5	0
0	0
2	15
10	9
29	0
5	0
2	0
0	26
0	0
563	35
0	35
0	24
126	42
147	43
103	83
0	83
0	1
111	1292
484	1481
0	332
0	20
26	27
11	39
0	4
0	4
3	20
7	1
0	0
0	17
39	420
0	308
0	414
0	100
0	7
0	7
0	22
4	24
0	5
1	22
4	24
0	23
0	5
0	4
142	4
63	2
42	25
4	26
0	10
0	0
0	0
0	8
11	0
0	7
2	0
0	4
0	26
0	24
1	66
123	31
0	3
0	8
0	8
18	31
0	10
355	37
0	5
0	18
0	11
0	18
41	0
47	97
0	47
0	73
0	77
0	250
108	250
13	0
31	18
0	64
0	47
0	13
0	52
0	44
21	10
14	3
1	1
0	0
0	9
25	16
6	0
32	36
21	0
281	15
0	3
0	12
17	0
6	5
2	0
0	0
29	64
32	215
7	60
0	44
0	50
0	43
26	102
34	99
0	2578
0	2578
54	78
1410	107
0	71
23	28
0	0
58	0
2	0
41	64
2	35
2	13
0	35
0	3
102	1
199	4
3	0
10	0
1	103
0	100
0	15
0	2
0	2
1	2
0	2
2	2
4	3
0	3
0	1
1	1
7	706
2	34
0	34
0	1
0	1
0	1
0	1
1	42
4	43
0	24
4	1
1	1
1	24
0	1
0	26
0	31
6	0
42	70
0	1
0	70
50	431
118	12
3	1
0	0
2	0
8	0
2	0
4	11
0	8
22	6
0	15
0	5
0	5
0	4
0	1
0	10
0	4
0	1
0	0
0	3
0	0
1113	0
5	16
8	22
0	22
58	123
0	122
52	45
8	43
129	0
0	0
0	39
0	13
0	2
0	13
0	13
0	13
0	13
0	13
0	13
0	13
0	13
324	336
17	20
14	0
10	80
201	9
20	0
0	34
0	64
0	9
0	11
37	0
39	8
10	0
53	51
102	60
30	36
0	2
0	2
117	2
1	7
3	32
20	17
0	13
0	13
24	52
446	280
0	377
106	222
0	260
0	182
8	410
0	52
53	24
11	62
0	58
12	35
0	62
0	66
0	40
2	2
0	1
3	3
8	2
23	7
3	0
3	11
0	2
0	1
1	1
0	0
2	0
2	4
3	6
0	62
0	4
7	1
0	4
19	4
0	4
6	4
0	1
0	1
14	1
0	1
7	289
0	300
3	0
18	341
2	292
0	184
28	4
4	4
116	12
0	6
0	3
0	1
11	4
37	4
0	0
45	71
13	71
1	4
124	55
0	55
0	26
1	1
0	42
19	311
11	321
0	13
0	1
3	0
6	0
0	311
0	23
65	22
0	11
0	8
0	7
0	4
0	4
0	1158
7	264
0	38
0	81
0	81
0	123
0	83
27	53
0	69
0	117
0	119
0	66
103	130
364	44
0	25
0	4
0	4
0	4
0	23
12	3
0	8
0	62
29	0
0	0
0	10
17	0
41	50
0	1158
0	1158
0	1158
1	8
0	8
0	4
0	4
9	0
1	0
0	0
0	0
11	26
0	11
1	0
5	3
1	3
22	1
0	1
0	0
0	0
0	1
3	0
2	10
3	10
0	2
0	2
0	1
0	0
53	45
0	39
1	36
0	15
21	10
0	9
0	0
0	0
0	0
8	1
1	0
0	0
1	0
0	0
0	0
0	2
170	0
1	0
15	0
0	0
3	0
1	10
0	10
0	2
0	1
0	1
2	0
0	10
0	10
1	0
0	0
1786	0
4	0
21	16
0	16
27	274
0	274
0	1
0	3
28	2
0	2
0	1
85	31
51	31
0	31
75	70
11	28
9	11
15	32
13	28
0	13
1	6
0	10
0	2
9	3
2	13
7	1
0	147
270	146
11	166
17	146
0	166
7	144
0	15
43	0
62	0
0	1
104	201
74	201
112	0
18	6
0	1
11	0
7	29
35	64
0	64
0	7
0	49
0	0
0	30
152	132
0	115
12	14
0	8
1	5
1	8
2	1
0	3
1	0
651	45
14	46
0	1
19	0
0	0
312	96
0	76
0	71
130	88
0	1
0	26
0	25
57	4
1	0
0	3
0	4
0	3
14	252
0	34
0	23
0	222
14	227
0	23
0	4
1	4
1	4
0	32
0	34
17	49
0	0
1	0
0	0
0	0
3	24
6	4
5	24
0	471
65	471
21	207
1	207
1	35
0	39
0	39
416	33
0	25
0	25
0	25
0	25
0	25
0	16
11	0
11	1
5	5
22	12
0	33
0	24
0	1
0	15
1	35
25	1
26	474
0	99
0	31
0	0
8	9
9	0
0	12
0	7
3	0
51	43
0	13
17	16
1	43
0	18
0	13
18	5
5	2
2	0
0	27
844	37
0	34
0	180
35	185
0	180
0	180
2	19
3	44
0	37
9	161
0	0
0	7
0	7
0	6
0	6
0	0
9	4
0	2
0	0
28	61
24	52
0	25
0	1216
11	50
9	6
0	91
0	91
0	2
2	24
0	12
0	22
14	1
13	1
5	9
0	0
53	122
0	79
0	14
0	64
1	23
18	23
0	14
10	14
0	26
4	29
0	8
34	6
7	10
294	31
4	1
3	89
0	10
166	9
0	9
0	4
0	0
0	0
445	1295
17	23
0	20
0	26
0	5
0	15
43	35
0	5
0	5
12	17
0	17
8	4
0	4
0	14
0	14
0	11
0	292
0	291
0	293
37	294
0	232
4	8
0	4
0	3
2	4
2	3
0	33
2	46
1	168
0	32
0	10
0	10
2	1
4	10
0	10
0	0
20	9
0	0
2	4
0	0
18	6
0	2
5	2
0	4
0	3
0	9
4	10
21	7
2	6
1	2
0	3
323	35
1	29
6	12
0	0
0	2
0	0
11	0
2	19
16	0
23	12
0	12
2	1
73	28
0	28
9	12
2	1
0	3
0	3
2	1
25	1
7	0
27	0
0	150
27	150
0	100
4	1
0	3
4	10
1	6
0	4
0	6
0	5
0	4
0	96
0	40
0	21
1	20
0	0
6	24
180	11
30	26
0	19
84	65
0	65
9	9
0	9
16	9
6	2
253	2
37	544
1	0
0	0
0	336
22	392
7	341
0	392
0	3
0	3
0	6
0	3
2	6
0	6
0	6
1	69
134	0
0	4
0	39
106	49
10	12
0	4
1	2
0	13
20	2
9	0
221	72
0	72
0	72
71	182
0	88
0	7
6	3
0	5
22	19
16	1
1	10
24	25
1	10
0	0
0	1
1	2
1	3
0	139
0	102
0	6
0	30
0	24
23	7
0	4
286	0
8	15
0	18
0	23
0	23
7	0
1	0
0	1
0	1
0	8
0	0
0	1
0	1
0	1
0	3
1	6
0	11
0	1
12	27
16	27
17	10
5	3
78	18
2	5
4	2
1	12
0	9
0	12
193	3
0	3
0	5
0	5
0	5
0	114
0	45
12	106
11	24
67	10
11	1
0	21
0	34
0	3
0	9
0	1
25	51
0	51
0	11
0	53
0	7
0	6
1	5
0	10
46	55
0	9
2	40
4	0
12	2
54	171
20	167
2	32
0	5
9	9
2	43
37	43
0	1
0	7
21	74
7	46
8	18
13	52
8	15
8	26
16	26
14	20
39	11
0	497
0	10
0	381
7	9
17	9
0	66
0	36
3	0
0	8
0	2
0	10
10	8
1468	582
13	566
0	566
0	479
0	383
0	385
0	395
0	2
0	1
0	0
17	0
0	0
99	25
2	25
0	0
0	0
0	1
2	25
0	1
0	0
75	203
51	138
0	51
5	1
0	8
0	51
31	58
27	16
3	10
0	8
6	0
75	9
1	0
0	1
0	0
7	24
0	1
0	24
19	92
0	143
0	46
1	37
1	59
18	85
31	32
0	98
7	30
0	48
0	48
0	34
17	0
2	5
44	52
0	0
2	19
7	0
123	23
13	11
0	56
2	75
0	70
253	23
1	7
0	8
0	23
22	84
6	373
0	2
0	5
183	2
0	1
0	1
2	1
104	0
14	15
0	7
1	1
0	2
137	11
0	1
0	2
2	3
116	31
0	3
0	6
64	2
0	28
39	32
0	32
1	27
6	7
153	84
3	0
2	3
10	1
11	6
36	22
140	23
0	2
0	2
0	1
0	1
2	0
0	27
0	9
481	77
0	23
26	6
60	5
78	4
7	1
413	1250
0	20
0	1059
0	224
11	197
0	120
20	149
0	44
0	177
1	0
34	0
0	54
3	245
0	168
0	157
146	75
0	9
2	2
86	156
0	151
0	150
0	111
0	5
0	1
0	111
6	14
0	14
1	0
66	0
6	0
65	20
10	44
0	20
31	67
0	68
0	5
264	394
0	36
0	7
0	5
26	88
0	48
10	4
10	49
8	24
11	26
2	1
0	5
0	3
4	0
18	0
65	33
0	10
12	33
11	78
273	307
0	229
9	115
26	174
23	78
42	78
5	78
93	36
7	4
59	0
0	36
513	55
0	55
2	6
8	6
0	10
0	24
18	24
0	9
0	10
0	7
1	0
38	2
1	2
0	4
1	4
1	57
29	68
0	2
2	21
0	25
0	28
0	0
0	10
38	68
22	9
0	63
0	102
114	102
0	1
18	9
0	1
0	9
103	0
1	0
0	0
10	0
0	10
0	0
2	0
17	73
0	61
0	38
0	1
0	1
0	64
5	24
0	24
0	0
8	48
0	14
5	2
7	32
50	28
0	27
0	18
0	0
0	3
88	0
0	44
0	37
0	37
0	54
43	62
0	6
45	7
1	6
0	7
0	1
25	4
5	0
0	1
51	479
0	246
9	146
36	409
0	234
0	2
316	34
0	113
39	441
12	372
24	29
454	15
0	2
70	86
2	108
0	108
0	70
28	0
15	0
0	0
0	0
0	71
0	89
12	38
0	17
1	16
0	0
0	5
10	51
104	12
0	3
0	10
5	0
131	39
0	139
0	139
0	0
0	3
10	14
2	11
0	9
0	5
0	7
10	25
0	6
0	22
75	29
95	51
0	47
0	30
0	28
0	2
9	5
20	8
5	39
0	37
3	75
0	25
0	1
0	11
88	470
6	5
12	17
3	3
4	3
0	164
2	114
60	116
0	116
2	2
1	1
2146	2
11	0
0	0
0	0
87	11
0	10
11	0
0	0
3	0
0	7
3	8
12	3
2	3
0	15
0	9
0	49
0	49
0	18
4	34
23	2
13	18
7	87
65	86
0	2
14	37
0	5
0	6
3	1
0	0
207	100
0	13
0	11
0	2
0	2
0	2
0	0
115	1
0	259
0	257
0	9
0	13
0	69
0	69
1	13
0	5
0	12
0	13
0	15
0	14
0	13
14	16
0	8
1	1
0	3
0	1
0	0
1	0
0	0
0	0
0	0
1	0
0	0
0	2
0	2
0	2
0	1
0	2
0	3
0	2
0	0
0	1
19	2
2	2
0	3
0	3
1	3
4	2
0	0
0	39
315	93
1	56
286	33
0	34
4	19
24	17
0	6
0	2
0	1
0	3
37	4
0	1
0	1
0	4
0	4
0	4
1	4
2	4
0	5
0	10
0	10
0	7
0	2
0	3
0	3
0	5
11	1
0	41
0	43
0	43
0	11
1	11
1	8
19	8
0	45
7	8
4	69
1	65
17	17
0	2
0	62
8	24
45	40
0	40
57	204
4	10
0	1
0	6
10	163
0	171
0	209
0	174
14	237
0	229
16	1
138	0
256	0
12	0
112	73
6	0
4	73
2	156
0	156
0	155
0	0
0	2
0	135
0	25
0	5
0	0
0	2
0	5
0	101
0	155
30	54
0	151
0	127
0	100
0	46
0	38
0	0
32	382
4	11
0	384
1	1
0	373
7	12
3	137
0	30
0	21
0	15
43	0
44	51
22	47
0	35
7	0
0	0
0	9
1	9
5	4
26	393
15	393
7	102
17	0
241	22
24	12
0	18
0	16
0	4
0	193
0	27
0	15
638	333
0	196
0	19
0	4
0	5
0	15
0	17
0	18
0	33
0	16
0	16
0	0
0	1
17	0
69	0
1	38
0	42
0	54
5	18
14	18
0	1
0	3
90	3
37	0
24	0
0	18
0	0
0	18
0	18
0	29
0	13
87	26
0	21
0	19
0	24
0	23
10	17
2	15
17	10
118	5
0	0
0	5
6	0
541	653
0	670
0	26
0	15
3	0
68	55
0	58
62	43
0	11
0	7
0	1
0	30
0	4
20	7
0	4
7	0
0	0
1	0
51	0
8	658
38	649
8	600
0	502
0	500
0	2
23	571
0	716
41	333
40	324
44	184
25	10
15	17
0	17
8	0
41	248
0	2
0	250
1274	113
237	154
0	27
0	4
0	26
0	38
12	3
0	4
1144	45
1	43
0	4
31	112
34	112
65	15
5	3
46	0
133	6
20	1
0	68
0	17
0	51
6	70
0	19
0	39
56	63
0	71
5	0
26	29
24	42
0	14
7	28
568	135
14	110
0	126
0	0
1	0
8	1
4	1
7	0
2	3
0	34
0	27
0	88
0	41
47	48
12	39
0	41
0	41
4	6
6	0
4	0
68	0
0	2
0	0
0	0
0	0
1	1
0	2
0	2
0	5
0	1
0	4
0	17
0	16
4	17
4	89
52	16
23	21
71	21
38	44
0	44
19	0
2	0
3	52
0	58
0	57
0	1
0	0
0	6
8	18
15	1
2	0
0	0
0	0
4	15
83	15
2	7
0	115
4	115
34	41
2	84
1	20
0	1
0	2
0	113
28	20
0	14
40	15
0	12
0	12
0	12
1	0
13	3
0	0
0	0
0	0
11	3
194	217
9	146
12	146
82	146
0	0
28	25
0	15
5	0
9	0
323	89
2	49
0	38
7	33
0	164
0	157
0	166
72	174
0	166
0	139
21	108
1136	123
0	4
1	0
0	13
6	0
28	0
347	58
0	45
123	13
59	4
18	2
0	2
178	88
0	71
0	24
234	65
0	16
0	0
0	75
2	20
0	20
10	19
0	8
7	0
20	201
0	2
0	1
1	213
0	213
7	0
309	161
13	51
0	56
0	5
106	1
2	8
0	3
0	7
111	131
0	128
0	3
0	1
1	3
0	0
0	0
0	0
10	0
50	36
0	23
0	18
0	10
0	3
0	6
0	3
30	73
0	14
0	83
0	92
0	7
5	2
2	86
0	15
61	15
0	7
10	3
0	113
0	112
204	345
312	83
0	80
0	71
1	5
11	24
0	19
32	16
0	0
0	28
0	12
5	31
0	29
0	24
1	6
0	2
0	28
2	38
0	9
0	6
5	43
0	27
0	12
171	0
0	0
0	1
5	3
0	0
0	1
154	69
0	17
0	2
3	60
24	14
20	38
471	84
6	7
0	11
0	11
60	70
0	28
0	36
0	30
0	55
0	33
63	69
0	21
0	50
0	39
0	15
0	19
2	19
59	10
0	10
46	299
5	294
0	0
1	2
0	2
0	1
0	0
0	0
1	1
3	1
27	0
126	109
1	157
91	93
1	72
0	1
0	0
5	0
3	9
26	28
57	0
16	9
0	16
0	20
2	23
0	15
4	4
4	0
16	0
0	22
9	66
0	66
0	17
10	17
12	17
0	15
5	0
0	0
1	0
1	11
1	0
13	0
220	9
45	0
0	0
30	199
0	26
101	44
0	8
0	19
8	170
1	6
18	0
5	47
0	0
0	75
0	75
0	75
0	47
0	50
0	40
0	9
2	5
8	36
0	33
62	0
0	5
0	1
4	61
0	10
47	357
214	0
19	357
0	259
0	64
0	58
254	87
0	63
0	52
0	10
4	11
171	21
0	4
0	3
0	4
0	3
0	9
0	9
0	37
0	4
0	9
14	16
0	14
0	2
47	0
15	50
0	51
42	55
0	349
0	8
0	8
878	4
262	343
81	50
23	0
0	4
0	48
5	2
52	44
0	33
6	32
0	43
0	5
18	8
0	22
0	1
0	12
0	15
0	1
0	2
3	15
0	9
0	67
0	66
0	88
0	53
0	50
0	9
3	7
0	2
0	6
63	161
0	75
0	42
0	88
0	24
0	14
0	14
0	14
0	39
0	14
0	14
0	14
2	2
1	0
15	81
1	0
0	0
42	2
0	29
1	25
0	26
49	24
0	25
0	32
0	2
0	0
43	1
0	2
11	2
47	0
20	23
0	20
0	21
0	9
5	13
16	13
0	3
123	226
0	53
91	89
27	87
34	16
45	0
5	99
3	23
4	13
0	50
0	47
0	50
86	44
0	50
0	12
0	22
0	22
1	3
0	7
0	13
7	7
0	2
2	0
16	16
13	0
10	9
2	9
0	8
0	6
3	0
0	0
0	44
3	18
0	10
9	73
1	72
0	72
1	30
0	30
0	30
7	15
0	15
0	2
27	16
0	16
0	0
0	0
0	0
1	0
98	28
1	28
121	24
4	17
111	0
6	6
0	6
0	0
0	6
4	22
0	21
0	10
18	9
68	1
0	148
111	145
0	148
0	5
0	76
1	4
0	4
11	3
0	3
0	104
3	1
13	26
15	102
64	146
10	36
34	13
0	119
0	17
0	19
131	2
0	0
0	2
9	32
7	32
25	30
4	1
0	14
0	30
271	201
15	56
12	158
42	4
6	146
18	30
3	96
19	133
1	15
64	224
0	223
0	209
537	45
0	45
10	45
0	1
0	0
0	2
0	2
0	1
0	9
0	13
0	8
0	13
0	1
0	1
0	8
0	2
0	2
0	9
0	6
16	6
1	0
179	96
0	126
10	67
4	41
0	43
0	19
6	35
0	39
0	126
0	1
0	0
0	16
17	173
0	166
3	198
0	0
0	1
5	206
0	0
0	166
145	123
0	123
0	7
0	0
21	0
0	11
0	12
73	12
16	9
14	118
6	101
0	76
0	87
29	85
0	95
3	10
108	0
0	0
13	8
0	8
0	217
7	218
0	1
0	96
0	24
0	24
35	24
0	22
0	3
0	2
0	0
0	0
0	99
1	99
0	0
1	0
345	7
6	7
400	15
0	5
1	3
12	6
76	237
0	237
0	218
0	48
0	265
35	33
15	33
0	7
0	26
5	87
0	21
0	90
110	10
9	10
1	10
1	6
25	4
0	4
0	4
0	8
1	6
19	5
0	15
0	61
3	61
0	1
13	12
299	52
0	52
1	3
1	30
4	67
0	6
8	45
99	86
0	86
3	42
2	19
10	48
22	46
3	48
0	6
0	41
0	7
1	11
65	232
0	230
0	181
0	223
0	10
0	1
0	0
0	46
1	1
0	10
0	47
570	0
1	0
0	1
0	1
0	1
0	1
0	0
7	0
269	62
15	69
0	5
0	5
0	0
0	2
46	13
0	13
4	1
5	1
0	0
101	182
0	71
54	405
0	175
0	174
0	64
8	107
0	104
25	111
0	63
0	238
0	38
0	0
9	0
0	13
0	13
3	0
0	0
0	0
120	22
5	12
0	0
5	15
0	12
0	15
24	0
74	57
9	5
0	5
0	57
0	353
0	358
0	83
2	75
2	67
103	159
92	79
85	79
0	60
8	7
78	7
0	0
0	0
182	1
59	191
7	169
6	60
1	170
1	61
0	61
9	19
182	28
0	28
0	18
2	14
0	14
32	18
0	12
1	1
0	0
0	0
0	15
195	495
5	30
5	0
4	1
0	1
0	3
31	3
130	166
0	208
0	105
0	105
3	12
20	7
0	45
0	89
22	90
113	0
0	52
1	21
0	72
0	73
0	75
0	75
0	73
0	74
0	75
0	73
0	73
4	4
0	74
0	74
0	72
0	75
0	74
0	11
5	8
0	64
40	7
0	0
22	0
0	88
0	88
1	4
1	13
1	13
3	5
1	0
0	2
11	2
0	0
0	4
0	20
0	15
2	120
0	75
0	28
11	28
0	54
0	54
10	1
34	435
0	21
0	0
228	435
0	21
37	21
84	164
1	18
0	45
0	472
0	472
0	22
0	3
7	0
0	0
0	76
0	0
16	12
0	12
0	4
0	14
0	0
0	14
85	0
0	38
5	38
0	9
2	5
10	157
1	97
17	66
0	62
12	69
1	366
0	366
42	0
48	89
0	84
0	2
0	6
3	0
1	2
0	1
50	16
3	8
0	2
1	0
5	21
8	21
104	0
67	0
247	10
0	9
74	5
20	10
14	35
3	35
0	10
26	10
10	4
0	0
14	747
5	10
0	754
0	748
0	737
6	1
0	0
1	730
0	1
8	1
0	4
0	1
0	73
0	1
0	1
0	97
0	95
6	107
0	95
9	97
0	95
0	95
0	106
31	0
68	1
38	1
15	0
539	0
1	5
0	5
0	1
9	86
31	86
2	0
109	40
0	213
0	266
42	39
0	79
0	48
0	717
15	54
5	1
4	703
0	14
48	21
3	0
6	1
6	19
30	29
276	29
1	23
6	0
11	0
7	0
3	42
2	4
5	4
270	16
0	15
0	3
1	0
21	73
0	53
0	47
0	4
1	5
5	15
13	34
25	34
26	24
0	24
0	17
3	0
0	0
1	7
0	0
662	0
0	20
0	18
0	0
126	39
0	111
0	106
18	0
7	215
1	8
0	2
28	5
3	2
0	3
10	8
7	1
34	51
0	18
3	203
16	18
71	140
0	7
0	141
0	98
26	172
0	172
8	74
11	0
0	70
77	277
0	149
0	6
0	5
9	1
0	2
0	0
0	16
0	4
0	1
0	2
10	32
0	1
1	5
0	0
0	1
30	4
3	24
0	23
29	0
8	0
0	0
6	28
0	28
158	62
0	60
0	53
4	0
0	0
22	0
162	1
0	1
2	0
0	53
7	53
0	7
1	20
0	12
0	12
0	7
0	12
10	9
0	9
1	17
0	6
8	1
0	2
0	9
0	61
0	177
87	177
1	24
0	52
0	42
0	12
0	50
0	14
0	24
0	4
0	8
2	0
2	5
0	60
0	55
1	3
45	186
0	68
0	0
0	2
27	3
107	15
0	15
0	1
0	131
0	0
0	0
0	0
0	1
0	160
93	60
17	50
0	11
0	139
0	29
167	79
0	79
0	616
0	616
2231	196
98	197
19	14
23	20
0	153
0	4
13	137
7	1
0	15
0	45
2	8
0	1
40	246
1	8
0	4
5	13
2	0
32	6
0	2
0	0
1	2
0	0
2	2
28	0
0	49
0	48
1	49
0	1
32	4
0	67
0	67
0	69
7	34
0	0
1	0
19	146
0	69
17	3
41	177
6	177
0	0
49	48
0	2
0	7
0	1
0	1
0	0
2	1
1	26
51	117
23	109
0	111
0	108
419	25
0	30
27	9
1	42
0	51
0	11
0	14
0	14
0	2
3	0
12	3
6	220
0	6
0	0
0	0
19	39
0	1
10	0
88	290
0	290
18	2
0	2
10	0
10	0
0	245
0	245
33	0
317	37
2	2
39	43
0	105
0	64
0	32
1	0
0	0
0	38
0	0
836	200
60	22
0	22
21	22
26	12
0	65
0	23
0	6
50	187
0	0
0	2
0	0
2	5
1	5
0	0
68	400
100	15
0	3
131	12
0	2
0	6
0	82
4	3
0	1
6	1
48	223
0	142
0	150
0	1
0	0
2	14
2	2
12	1
1	0
0	1
4	0
10	13
57	216
0	443
0	27
0	2
0	850
0	839
20	13
0	13
1	80
14	142
48	145
0	14
0	84
0	84
0	43
0	142
0	4
418	208
0	6
0	6
46	55
112	55
151	59
0	60
0	33
0	2
30	15
30	8
0	154
0	154
0	153
0	16
0	12
18	174
0	207
0	151
0	32
0	207
0	207
0	93
0	93
0	42
14	10
116	10
2	0
1	0
4	0
36	0
0	13
0	16
0	17
0	19
0	17
4	17
4	17
29	16
3	8
3	2
0	0
7	22
0	16
8	76
2	10
7	10
117	15
0	51
10	8
0	44
0	8
0	8
0	44
0	44
8	95
0	35
80	181
6	132
0	55
0	0
148	166
0	177
29	55
0	9
1	21
9	32
16	104
118	60
285	59
0	3
1	1
0	4
0	3
0	121
0	24
212	2
25	0
0	2
172	30
0	30
279	490
1	3
3	170
0	41
206	13
64	13
0	1
5	61
3	6
0	4
46	412
5	401
3	365
9	184
33	30
0	31
0	31
0	11
3	76
0	24
35	56
1	13
0	13
192	0
11	95
0	20
20	31
0	8
0	23
0	23
1	20
3	13
2	0
6	3
0	1
1	4
0	2
0	1
0	0
0	1
1	1
4	21
0	1
14	1
0	3
36	1
0	1
3	0
0	20
1	24
0	24
0	1
1	1
5	94
0	28
694	34
0	91
0	86
0	85
89	1
0	8
117	54
133	10
0	3
20	0
0	39
0	9
1	13
23	0
0	0
17	18
0	282
0	43
1	9
0	6
0	0
206	40
26	19
0	53
0	51
8	127
0	121
3	129
11	8
16	8
0	43
0	280
35	9
4	8
0	9
156	4
4	0
0	0
6	0
0	4
0	0
2	4
63	28
66	28
5	0
4	1
49	2
2	4
0	4
0	0
0	1
50	41
2	34
0	4
0	0
0	1
0	7
0	19
7	34
0	1
7	1
0	18
1	1
141	21
0	16
0	20
285	21
0	12
0	21
16	174
0	0
0	0
0	7
33	7
135	103
0	0
0	4
0	2
0	1
5	102
4	7
0	54
0	234
0	200
1	187
0	24
126	54
104	24
1	219
499	0
0	378
38	135
8	246
265	39
0	13
408	614
0	0
76	2
1	600
26	67
0	63
12	41
0	3
2	0
10	1
50	6
2	3
0	1
0	27
1	94
0	15
1	15
1	1
1	0
0	0
0	0
0	0
3	3
0	0
0	0
0	0
0	0
0	0
0	0
0	15
8	1
16	1
0	43
0	0
504	47
141	3
303	174
2	174
1	0
1	0
0	0
0	48
2	44
2	43
0	14
0	2
8	0
2	6
0	45
0	43
0	0
0	8
0	8
0	8
2	0
0	7
0	7
0	7
680	0
51	600
19	146
0	3
0	1
6	10
24	44
0	83
135	109
2	12
0	27
0	27
0	30
0	9
0	8
0	12
4	9
0	9
0	13
0	1
0	1
1	0
23	0
0	0
4	11
2	13
286	0
53	0
197	108
48	101
15	17
0	11
0	11
7	10
1	7
9	4
250	2
19	198
4	34
0	132
1	2
0	38
0	200
0	17
44	15
0	15
0	0
35	44
0	2
0	2
397	44
16	2
1	2
0	2
31	44
0	0
0	44
17	44
0	15
926	19
6	37
63	83
0	30
5	66
2074	0
157	0
0	1
32	76
2	61
2	64
3	64
0	76
2	3
0	0
1	0
0	11
0	71
7	5
0	60
0	0
1	2
11	2
0	34
8	48
0	19
257	154
0	42
0	36
0	136
0	9
0	53
17	72
0	10
0	14
0	11
0	2
0	2
0	2
0	11
613	298
0	270
0	240
0	214
72	267
71	213
0	151
0	126
0	133
2	125
0	122
0	77
0	59
0	6
0	5
91	13
0	14
0	11
0	6
0	1
3	2
0	8
0	8
0	8
4	8
0	34
0	14
0	17
6	20
12	33
0	75
104	108
0	31
2	1
0	7
0	80
0	1
0	1
180	0
3	11
98	11
9	31
0	13
68	24
0	24
1	0
1	0
0	0
1	0
0	1
0	133
0	200
0	495
13	12
0	0
5	0
1	252
0	1
0	200
0	387
465	0
83	50
3	0
565	97
0	5
40	1
0	0
0	1
27	27
17	14
0	0
35	13
0	5
0	0
4	0
72	417
28	0
0	41
54	41
4	10
0	1
1	0
36	2
6	4
0	6
0	9
0	5
0	6
1	1
1	0
0	1
0	5
0	1
0	1
0	1
0	1
0	6
0	30
0	0
0	0
3	36
0	25
0	30
10	16
141	2229
22	20
0	0
14	266
0	13
0	71
0	7
3	5
2	0
0	4
83	0
31	175
13	178
0	182
0	92
3	0
0	7
4	2
0	8
0	4
610	286
0	286
209	417
0	4
0	4
1214	762
1	798
1	109
0	145
63	10
8	3
0	10
9	10
0	2
0	2
51	17
0	9
0	2
1	0
0	2
32	5
3	4
0	32
0	20
23	0
2	14
0	2
0	12
1	1
3	11
2	11
16	8
0	3
4	0
199	2
3	0
0	23
0	39
0	116
0	82
0	22
12	698
0	5
0	132
45	664
63	19
0	0
0	11
0	15
0	15
0	15
0	4
41	23
0	15
0	15
0	15
0	15
0	15
0	15
0	15
1	15
0	15
0	1
1	1
2	73
0	73
57	302
0	19
3	29
1	120
5	0
82	44
111	44
0	6
25	12
34	17
12	22
0	16
7	28
0	16
0	1
0	0
0	11
0	1
0	1
11	11
32	11
0	1
0	5
2	0
221	64
0	42
0	21
4	1
1	21
61	25
7	5
0	0
0	0
0	20
622	2
0	2
2	2
4	10
170	3
0	3
12	2
0	2
44	8
0	7
34	4
22	4
0	2
0	9
0	4
0	4
0	0
6	5
311	19
0	1
0	7
0	6
7	6
0	58
0	58
1	58
0	10
0	0
0	12
0	752
0	12
5	39
0	4
6	761
0	5
0	7
0	4
0	16
502	739
0	34
1	0
42	8
0	6
9	8
0	30
0	10
0	0
4	30
0	27
0	2
43	18
0	14
128	32
1	1
0	2
0	3
0	3
26	0
0	2
6	3
0	1
8	1
0	2
105	116
0	40
0	17
0	110
0	11
17	97
15	33
0	0
0	1
20	20
0	1
34	119
0	116
0	75
0	3
73	41
25	51
0	42
51	41
0	43
0	34
0	20
125	32
0	19
0	18
0	34
6	6
0	6
0	6
1	2
1	1
0	2
0	2
3	0
2	58
14	91
0	29
0	43
0	2
5	47
6	1
10	1
4	4
0	5
56	0
100	209
0	26
2	0
313	5
0	5
1	6
0	0
28	1
1	0
0	1
0	13
1	13
0	13
3	20
0	20
95	114
0	4
0	0
1	7
0	114
10	15
0	15
0	11
0	44
0	0
3	33
76	17
0	16
23	31
51	22
0	22
108	61
1	59
0	20
0	12
2	2
0	2
0	0
19	138
31	138
1	0
0	42
4	210
0	77
20	27
16	20
24	57
1	26
0	27
0	26
0	19
20	37
0	66
0	3
0	0
0	68
101	72
2	72
0	17
0	27
7	6
0	7
0	1
99	5
0	5
0	5
0	5
0	5
0	5
6	0
0	41
43	41
0	10
0	4
7	5
0	0
1	0
13	3
261	102
170	159
0	62
281	44
0	7
0	15
0	15
0	5
177	3
1	0
9	0
4	49
163	0
0	13
8	13
0	8
0	7
0	1
232	114
9	107
0	15
0	10
3	0
5	0
3	0
0	0
7	69
40	51
0	26
0	26
18	20
0	0
37	15
2	15
0	0
0	4
0	0
2	1
0	32
0	32
0	23
0	26
0	112
0	83
20	104
42	39
151	86
3	42
12	10
22	10
0	44
0	34
4	9
10	1
4	0
0	47
0	146
0	150
0	127
0	213
0	11
17	205
0	138
0	64
0	63
0	48
110	10
0	1
107	13
0	4
0	32
0	30
32	29
0	27
0	7
6	2
17	0
12	348
1	354
0	345
0	8
11	13
0	13
28	10
35	14
25	39
0	43
0	32
6	32
14	1
0	0
3	5
1	4
0	0
2	4
1	3
2	4
0	3
0	1
5	72
0	21
0	85
41	36
0	9
70	324
0	323
0	16
17	0
130	62
0	57
7	20
12	18
17	32
0	57
24	57
18	20
22	58
0	12
1	12
9	11
1	40
0	8
0	36
1	20
74	60
0	59
40	17
0	0
1	3
2	0
2	16
0	16
0	6
7	5
0	0
3	109
0	9
58	0
17	26
19	26
0	25
0	3
0	17
8	8
0	1
0	49
1	34
0	16
1	1
0	5
2	49
2	0
95	135
0	50
199	63
0	33
0	68
7	26
16	7
117	85
0	12
13	11
0	7
0	8
0	1
0	0
0	2
0	0
1	0
0	8
0	131
186	5
0	5
0	0
263	142
8	77
1	5
13	5
4	0
89	0
204	71
0	70
99	31
0	15
974	23
288	25
1613	6
241	0
0	0
1	38
0	38
0	36
0	24
0	14
102	29
6	29
4	158
0	64
0	1
0	73
0	65
0	65
0	82
0	64
0	14
0	14
0	8
0	2
4	97
0	10
0	15
0	2
0	96
0	64
221	14
0	64
0	2
0	2
0	2
0	2
0	0
0	63
0	12
0	0
0	70
0	91
0	1
0	2
1	25
0	3
0	1
76	50
0	42
3	44
15	47
0	29
0	45
0	6
0	21
0	10
1	3
0	0
0	0
2	18
3	0
0	23
8	101
0	99
37	3
71	3
57	0
2	0
4	0
29	28
0	10
0	19
0	26
238	15
0	8
0	9
1	7
0	4
4	0
0	11
5	0
1	1
0	8
1	1
0	19
44	5
34	0
0	98
15	138
0	13
0	49
0	0
0	0
0	5
2	5
0	7
0	37
0	4
0	31
11	28
8	16
0	1
0	0
0	0
18	23
1	0
1	8
0	8
0	23
0	11
1	9
3	0
14	33
1	13
3	0
87	56
0	37
0	37
164	47
0	0
0	0
7	140
0	40
0	35
22	54
1	0
0	3
10	13
39	52
0	30
0	0
0	22
0	0
0	19
0	1
0	3
2	0
0	6
0	20
0	0
0	34
18	58
1	3
3	3
0	0
0	55
0	6
6	0
0	3
16	7
8	0
4	0
2	2
0	2
69	5
0	2
0	0
1	0
7	58
3	35
3	35
18	83
0	102
5	82
0	87
70	102
9	0
2	0
30	2
66	4
0	3
0	1
0	1
0	1
1	2
22	1
0	7
9	7
72	120
0	141
0	44
8	32
0	13
7	8
0	5
0	58
36	203
0	203
0	46
0	3
0	6
0	4
0	10
0	6
0	4
4	4
0	2
0	2
0	1
0	148
13	46
0	28
1	22
0	20
7	0
101	3
24	84
0	84
0	39
1	29
0	11
2	0
48	15
0	15
0	0
17	0
0	0
0	2
162	48
0	48
2	10
0	2
1	0
0	0
0	0
0	12
0	12
0	1
0	12
0	12
0	17
0	3
0	6
28	26
0	14
2	12
0	12
9	2
0	9
0	27
0	27
1	18
0	0
0	4
1	14
8	10
0	7
3	10
177	101
0	108
5	105
0	44
0	41
0	48
0	28
0	14
12	30
27	51
183	40
7	36
0	27
0	30
0	18
0	4
0	18
0	18
0	18
0	1
0	18
2	57
0	61
17	74
0	3
210	0
49	137
18	47
0	94
19	8
0	23
0	4
0	8
7	49
0	4
0	23
4	45
0	1
0	9
0	9
0	59
0	59
0	0
0	2
0	24
0	68
1	68
4	41
0	68
0	144
0	151
0	151
28	757
24	33
15	33
0	757
344	0
47	0
2	0
0	195
0	195
0	1
266	197
0	7
1	190
6	86
0	96
0	15
1	2
3	0
6	0
18	152
0	49
28	26
0	41
0	48
11	19
1	6
0	86
0	143
77	103
0	8
0	102
0	11
0	6
6	1
1	42
854	427
0	12
473	384
0	255
48	43
156	34
0	42
21	0
32	108
1055	85
202	481
0	81
4	163
0	163
0	107
1	108
87	108
63	366
115	370
30	349
43	246
27	8
2	0
58	3
23	149
0	148
0	1
184	46
0	48
3	5
0	3
2	2
0	5
21	0
0	0
2	0
0	0
0	0
0	125
0	45
2	1
92	133
0	14
0	21
0	2
1	1
0	7
76	0
1	47
0	45
0	47
0	10
1	3
0	3
1	3
0	468
21	847
0	54
0	32
0	763
0	145
38	91
0	91
54	17
24	0
13	90
0	90
453	0
0	74
0	70
0	255
0	212
0	21
0	3
85	6
3	0
0	0
0	0
10	3
7	59
0	34
0	0
44	2
0	34
0	34
95	96
0	21
0	0
6	80
7	0
0	4
99	72
19	16
0	18
140	30
0	8
53	23
1	23
0	23
0	3
151	44
32	112
0	113
0	103
0	35
0	65
1	51
1	20
5	4
3	25
0	104
25	24
21	66
5	1
3	62
1	27
0	27
0	27
0	5
31	0
21	0
0	28
0	16
33	6
0	14
42	22
23	7
136	7
32	0
0	33
0	40
0	27
100	11
12	7
0	8
0	0
295	10
9	0
1	0
4	6
0	16
1	14
1	10
1	20
1	0
0	20
0	14
1	15
1	2
2	1
0	6
0	19
0	21
0	15
2	58
0	80
2	0
5	1
14	65
0	20
96	21
413	15
16	15
97	2
0	2
827	3
20	33
0	35
16	2
61	830
0	802
1	621
0	531
0	560
27	60
3	63
5	27
0	16
0	17
0	112
42	120
0	120
6	0
7	0
6	1
24	1
1	89
0	88
0	88
29	16
4	1
30	0
519	0
0	7
18	8
0	37
0	37
6	37
6	1
0	0
322	755
49	780
5	720
0	552
0	16
0	21
6	2
0	6
0	1
0	2
0	3
0	0
1	0
1	0
8	180
0	160
0	8
0	2
0	2
0	2
0	6
29	134
0	180
0	38
126	113
0	37
0	113
15	1
0	1
0	2
2	82
0	54
0	53
0	68
55	87
0	1
0	47
0	47
0	0
0	57
0	47
0	131
0	0
1	131
21	0
3	0
1	4
79	99
0	93
0	63
21	91
54	83
0	51
0	6
0	53
8	53
6	14
0	47
5	1
0	1
34	575
4	554
0	3
1	0
1	21
0	0
1	6
63	63
0	61
1	36
79	12
2	24
4	41
1	80
14	131
0	53
26	12
142	74
72	7
12	0
3	10
0	11
28	11
17	15
2	1
0	6
156	24
0	1
0	78
80	140
34	6
0	140
0	19
0	10
0	13
27	3
0	3
3	0
0	58
146	4
0	4
0	6
0	26
0	13
0	35
28	41
0	21
84	5
0	4
0	2
10	0
52	0
208	45
0	45
0	45
4	32
3	19
212	18
0	19
2	0
5	0
0	2
35	0
23	117
1	4
0	25
0	113
0	110
0	2
2	1
0	2
0	2
5	0
16	0
0	85
0	2
2	0
0	30
7	0
0	28
3	0
0	22
0	85
258	819
0	399
71	403
0	19
0	819
0	399
270	81
0	1
7	3
92	85
0	71
0	76
0	93
1	68
0	5
1	9
20	20
0	10
0	5
0	0
0	8
0	10
6	73
0	2
0	9
48	70
2	72
1	100
0	100
0	100
0	20
2	1
0	1
1	18
4	493
159	528
0	0
128	42
0	44
2	49
106	86
0	87
14	78
0	49
0	51
1	11
0	13
0	4
0	12
0	1
0	1
0	1
4	0
0	51
0	96
0	82
0	82
0	96
0	82
0	92
0	82
0	82
0	96
0	90
0	53
0	82
0	82
0	86
0	82
0	84
0	94
0	96
0	82
0	42
0	40
6	38
11	80
0	3
0	1
0	1
0	0
7	0
0	78
0	80
21	0
7	0
0	1
0	1
0	14
0	17
0	15
0	17
2	0
267	9
0	7
0	6
7	6
0	133
40	143
0	10
54	21
0	71
0	9
177	94
2	43
2	9
4	5
31	6
2	0
6	3
290	0
130	10
0	6
1	5
3	4
0	1
268	0
1	8
0	30
0	28
12	1
0	10
0	10
0	32
0	43
43	45
10	13
1	16
3	16
0	2
82	6
20	25
5	0
5	23
29	34
1	11
1	3
4	31
1	31
0	0
0	3
11	0
0	0
26	0
3	5
0	2
0	16
4	11
0	12
98	15
0	14
0	7
0	11
0	8
0	10
0	4
0	4
0	7
7	13
0	7
0	5
0	3
0	3
0	3
0	27
11	9
0	3
0	2
0	0
0	0
2	0
0	6
10	6
1	0
0	0
1	0
0	30
36	30
0	30
12	23
3	3
1	3
0	1
0	3
1	3
0	3
88	0
0	44
8	0
2	0
0	0
7	1
0	1
0	13
0	14
0	3
0	14
16	23
2	14
0	15
0	7
0	15
0	12
0	3
6	53
0	51
0	33
2	10
1	3
39	67
0	58
1	109
65	25
0	0
2	9
0	57
0	9
188	57
52	57
24	0
2	3
0	1
0	3
0	24
14	24
0	3
3	3
0	1
0	8
11	8
8	52
17	49
0	3
0	6
0	9
1	2
0	1
1	1
0	1
153	125
0	120
0	50
9	35
84	74
0	74
6	52
328	631
9	37
0	591
13	531
68	16
24	9
9	30
2	3
7	2
19	0
9	0
0	0
0	0
3	0
1	21
4	44
0	69
5	37
0	129
55	113
0	106
0	57
0	37
0	86
5	0
0	4
1	113
0	52
0	5
0	2
0	4
4	2
0	2
0	0
5	12
313	21
7	10
0	0
0	5
3	2
0	1
7	1
0	3
0	2
21	0
59	162
0	33
0	7
0	33
5	7
47	0
0	29
0	31
3	19
0	19
0	17
0	13
6	150
1	9
0	9
0	2
54	6
0	4
3	1
7	0
7	13
0	13
0	7
2	7
0	2
1	2
0	1
0	1
0	8
0	7
0	6
0	7
0	7
0	1
58	3
56	58
9	26
0	43
0	45
14	0
5	15
0	11
30	36
0	10
0	36
0	311
11	311
1	42
3	24
9	0
0	0
0	0
0	13
3	20
0	30
7	61
0	6
0	2
0	10
0	2
2	4
0	31
0	0
6	3
2	3
0	4
0	1
20	21
0	4
0	4
0	4
2	7
0	11
0	11
157	175
55	131
1147	209
0	93
5	0
0	78
0	1
1	3
33	0
12	16
0	31
2	94
0	79
0	0
49	9
29	43
0	8
10	3
2	0
1	33
0	0
4	1
3	33
58	4
2	4
3	18
11	11
0	1
6	19
0	5
0	0
1	8
1	58
9	55
0	41
0	396
0	228
101	0
0	14
0	17
0	9
0	9
1	0
0	2
0	0
0	8
1	3
0	0
6	2
7	3
1	3
174	0
113	206
66	81
0	81
1	8
0	66
0	9
2	85
59	10
1	5
0	5
0	5
0	10
0	5
19	5
0	29
0	84
0	67
0	68
3	0
8	48
3	13
0	14
0	0
19	14
31	48
0	14
0	34
0	36
10	0
0	0
30	2
0	3
0	4
0	9
53	97
0	95
0	3
33	100
10	0
0	0
0	0
3	0
0	70
78	33
0	31
7	38
0	28
0	136
80	25
10	19
52	130
0	0
0	5
2	0
6	0
283	5
0	7
1	7
0	5
46	12
0	1
0	0
5	3
0	1
0	3
0	12
17	9
2	9
0	90
94	94
0	4
36	38
0	38
254	6
11	17
1	0
1	0
18	31
5	31
1	13
0	0
0	13
0	13
3	6
0	6
11	36
0	3
0	35
11	35
0	3
5	3
0	1
0	28
0	35
0	10
2	0
59	0
5	24
133	24
0	1
1	2
0	148
233	69
43	57
10	21
11	10
42	9
0	136
0	206
14	15
0	226
4	194
0	181
0	35
0	2
3	153
0	226
0	226
0	226
0	226
0	1
0	226
0	207
0	1
0	1
0	226
7	0
47	4
13	0
5	0
1	15
8	1
0	1
0	13
0	1
0	11
0	1
4	1
80	10
0	155
6	0
16	3
56	149
0	40
16	11
5	0
0	11
0	11
1	16
0	7
33	6
0	3
12	1
27	1
13	23
0	23
0	18
0	0
0	1
0	1
0	0
1	0
0	2
7	11
0	9
2	0
132	18
54	0
9	18
218	4
5	0
4	1
0	1
0	4
3	4
0	2
1	18
0	16
2	1
0	1
1	9
0	298
0	94
350	407
0	193
1	121
0	107
0	94
0	92
0	5
0	2
0	2
0	0
0	0
0	205
17	0
342	218
0	218
0	1
13	0
0	4
319	4
296	0
177	379
0	180
0	274
4	67
0	18
0	16
0	9
0	11
0	16
5	16
14	21
13	16
0	24
0	5
0	4
74	141
12	141
0	12
29	0
0	8
0	10
0	0
0	0
625	0
6	38
14	73
0	4
12	16
0	51
3	1
0	12
0	23
84	14
0	9
0	13
0	20
0	16
0	2
0	4
0	4
51	20
2	8
0	0
0	0
6	0
11	0
15	8
0	85
0	83
0	85
0	85
9	14
0	33
0	0
0	37
0	37
29	0
0	116
0	71
0	1
0	61
0	3
0	62
0	62
0	60
0	6
0	1
0	1
0	66
66	20
0	70
28	67
0	57
2	42
0	42
3	16
0	16
5	3
0	0
0	4
0	2
0	2
0	0
0	2
19	4
518	495
6	471
10	13
6	482
0	292
0	16
0	26
0	29
0	39
7	469
52	469
9	0
0	0
0	144
0	142
151	28
0	28
0	2
2	0
162	16
0	0
43	34
0	34
0	10
0	11
4	84
0	56
51	32
0	1
0	162
1	27
626	7
0	1
0	21
0	16
10	219
108	204
0	2
1	15
0	14
12	29
4	4
1	2
0	2
2	2
11	0
1	0
4	0
29	40
0	13
0	3
0	0
0	6
0	11
1	18
0	16
0	7
5	7
0	26
0	23
15	2
56	17
0	1
0	4
0	2
0	0
0	0
4	1
2	1
0	26
169	83
55	83
0	2
10	1
0	1
7	8
0	1
0	1
11	1
101	250
2	127
0	5
0	0
2	0
492	21
1	0
0	1
2	21
58	40
0	6
8	13
4	1
0	3
138	1
0	1
0	1
21	54
33	54
3	39
0	21
0	14
3	15
0	15
0	9
164	45
0	45
0	44
103	8
0	8
19	151
188	164
68	7
0	11
0	18
1	22
0	7
7	49
2	47
270	21
0	23
0	20
0	37
0	109
0	62
7	110
0	55
0	17
43	6
0	26
1	6
0	3
0	18
0	25
0	6
0	0
0	20
0	63
0	0
1	0
1	20
14	51
0	26
206	60
0	39
49	15
0	49
0	1
0	13
0	0
76	4
20	31
12	26
26	43
38	46
0	3
11	2
0	2
0	48
0	48
21	2
0	4
17	2
0	2
7	0
4	5
0	4
70	0
249	144
0	55
0	2
5	7
0	2
0	7
0	2
10	0
0	0
7	0
2	109
0	52
3	19
0	82
0	39
0	126
0	85
29	59
0	150
2509	91
21	9
0	3
15	0
1	5
0	5
14	5
2	4
7	4
2	3
0	3
0	3
0	17
11	20
0	9
3	1
1	1
16	100
1	98
6	73
0	76
0	18
0	15
0	13
12	13
0	15
4	0
0	13
147	55
0	8
0	3
22	8
2	3
0	6
10	8
0	2
0	2
1	2
0	10
0	35
65	188
0	188
0	80
14	1
63	13
0	0
5	13
58	4
0	4
0	165
0	164
0	165
0	165
71	170
0	156
0	4
0	4
0	67
0	67
21	13
0	1
0	3
9	12
204	288
0	283
0	2
3	2
417	423
2	395
0	28
0	422
10	11
78	112
0	9
3	11
8	9
4	12
0	9
0	95
0	2
0	2
0	58
2	99
19	170
2	170
0	48
0	2
3	2
78	28
19	0
29	5
0	5
51	3
12	0
3	3
0	0
132	91
0	73
3	73
6	76
0	4
133	43
16	50
27	27
0	29
0	11
0	6
4	11
1	0
0	0
0	0
2	0
0	2
0	24
211	2
0	2
0	2
32	0
0	37
16	41
8	41
66	245
0	265
0	265
9	105
0	0
0	20
8	0
45	0
0	0
21	0
2	1
0	1
0	3
0	0
0	4
1	6
0	119
0	119
0	3
0	0
0	346
19	346
10	1
0	1
1	0
205	18
0	16
0	15
52	15
15	17
0	17
0	15
0	0
202	57
57	7
34	57
0	0
0	57
0	57
0	2
143	284
0	284
81	115
39	45
0	12
0	15
0	32
0	38
1	6
0	4
5	0
0	74
75	0
131	0
0	20
0	1
0	204
3	212
4	30
0	22
0	2
0	52
51	144
10	144
151	128
0	123
0	107
1	107
4	22
0	22
1	24
0	24
21	33
21	8
0	105
35	53
0	53
0	3
0	1
173	5
0	5
0	3
102	73
0	4
1	1
6	12
18	54
156	38
0	0
0	0
0	13
0	7
0	28
0	28
391	86
0	44
0	2
0	48
79	63
0	12
0	60
0	60
0	59
0	86
50	126
199	43
0	26
0	17
7	83
2	70
0	2
0	5
0	2
0	3
0	0
0	2
2	3
25	95
0	92
0	56
0	26
0	7
35	10
0	4
0	8
8	0
12	2
3	0
0	50
29	0
3	0
183	44
4	23
11	2
24	86
0	21
1	12
2	12
10	17
1	13
4	5
0	3
0	8
0	2
0	0
1	0
0	16
0	3
0	3
2	1
0	17
0	4
0	3
2	7
8	7
51	50
22	2
67	3
0	3
0	394
0	41
0	3
1	5
0	43
0	0
0	0
0	1
0	3
0	0
0	394
0	70
0	7
0	5
0	26
73	57
0	55
0	39
32	9
0	8
0	2
0	1
0	1
25	0
0	4
355	46
1	82
181	140
0	74
0	13
0	12
0	7
0	8
0	0
0	4
0	4
2	11
0	3
16	68
0	5
0	4
0	10
0	9
0	4
0	3
0	4
1	6
0	6
0	6
0	6
4	3
3	0
209	65
2	0
0	6
7	6
14	3
836	105
21	0
1	28
0	5
0	23
0	11
0	0
0	6
0	11
0	0
0	17
6	17
0	6
0	20
0	0
0	2
1	0
0	4
0	3
472	64
3	52
3	3
61	303
15	303
928	0
22	27
0	3
20	3
0	3
0	33
0	3
2	16
0	16
0	5
0	1
1	14
6	10
4	10
4	0
0	5
0	6
0	3
38	45
0	3
0	25
18	34
21	28
64	134
0	125
1	0
0	14
5	16
0	16
0	107
0	49
23	219
7	0
1	228
0	313
0	242
148	0
4	0
13	6
15	6
1	17
81	17
0	5
5	14
0	13
18	0
125	40
0	17
0	4
2	3
0	7
0	8
2	8
0	25
0	5
138	0
36	69
3	0
18	0
0	24
15	0
19	32
0	32
0	5
48	43
2	15
124	505
28	30
0	0
0	13
0	0
4	0
0	42
0	42
0	23
0	23
0	24
0	478
0	478
0	478
0	478
0	94
0	94
0	94
0	0
4	2
20	459
7	0
3	0
1	2
7	2
26	0
0	17
2	17
0	0
0	153
0	48
30	48
0	106
0	67
0	62
0	3
48	6
1	6
0	12
0	149
4	149
10	7
79	28
9	0
5	0
0	3
7	3
0	2
0	2
0	7
0	0
0	130
2	129
293	130
0	4
2	128
0	2
18	20
30	20
0	7
0	1
0	1
0	1
0	11
0	4
0	2
0	9
4	10
2	3
0	3
0	4
1	4
6	0
12	302
77	302
0	161
0	161
6	41
0	1
9	40
4	40
22	49
0	32
27	87
38	26
0	4
0	2
0	2
0	2
9	2
218	3
0	23
0	3
25	3
0	3
200	0
41	16
0	4
100	16
34	0
27	3
53	58
7	58
19	0
13	0
12	11
0	8
0	1
0	11
1	29
0	19
0	13
0	21
0	14
3	13
1	9
1	1
0	20
0	25
30	24
67	25
16	29
123	30
3	14
13	14
1	23
3	15
0	14
0	14
0	14
0	14
0	14
1	0
6	0
0	0
0	0
0	0
0	1
0	1
0	1
0	0
1	1
0	8
0	0
0	8
0	1
1024	0
0	0
4	0
0	91
0	38
0	12
0	91
18	74
36	0
0	4
0	72
0	55
5	0
136	26
0	36
0	22
19	21
0	3
3	0
0	0
2	1
0	0
46	35
6	20
10	3
912	0
4	52
21	189
0	21
0	5
0	47
0	189
0	91
0	97
0	9
3	32
7	79
5	87
20	0
0	72
0	23
0	2
0	192
93	172
31	190
0	145
4	6
3	78
0	26
69	0
0	9
50	91
0	0
38	185
0	169
0	94
0	90
0	1
3	1
0	16
0	74
0	89
0	81
0	9
28	9
0	9
26	32
3	1
2	96
13	147
0	106
1	26
1	69
8	32
0	330
5	330
2	1
0	56
12	93
1	223
84	230
0	2
11	8
0	0
0	9
0	35
3	8
2	32
0	173
0	198
25	16
24	2
0	3
39	43
0	1
0	63
0	63
0	1
0	33
0	63
0	0
8	2
6	112
0	112
5	6
0	83
0	1
0	0
0	0
2	0
0	0
0	2
12	55
1	0
181	9
0	19
0	159
0	10
2	2
0	38
1	4
0	222
10	99
0	95
0	109
0	91
0	86
0	77
0	66
0	41
0	46
0	70
0	44
0	38
0	8
10	206
0	173
0	24
10	2
0	3
0	222
0	195
12	150
6	8
0	14
1	2
0	2
0	2
0	196
0	196
0	196
1	0
45	49
2	11
0	19
0	31
12	76
0	36
2	16
2	3
1	28
0	4
0	25
0	21
0	6
1	19
0	14
0	36
0	21
0	40
0	35
0	535
52	581
0	526
0	4
0	4
2	4
4	0
0	1
0	0
0	1
0	0
153	528
0	0
0	0
5	4
0	124
0	129
0	105
0	55
5	10
0	9
284	14
0	12
0	12
1	8
0	9
0	10
1	5
0	5
21	177
82	177
0	140
5	0
0	49
0	278
8	284
0	49
0	18
0	12
1	3
0	3
0	2
0	0
0	157
0	170
0	10
94	0
0	32
43	37
0	86
0	31
0	29
9	27
18	41
0	56
10	2
29	6
0	2
2	1
12	1
0	17
0	17
0	17
0	1
2	1
0	1
3	1
0	0
0	0
5	0
0	0
0	0
23	1
0	24
0	24
0	32
0	32
0	32
2	21
0	21
0	89
0	85
0	85
0	85
6	51
0	39
0	21
0	0
9	5
0	14
0	36
22	48
0	48
100	39
0	39
263	109
0	23
0	89
0	0
7	3
0	88
4	62
0	48
26	2
0	24
940	32
40	23
0	0
63	0
6	8
15	3
0	8
143	0
0	2
6	3
0	3
0	0
2	0
158	718
15	692
1	11
0	526
2	0
0	0
286	0
141	898
0	899
0	731
17	5
0	4
48	1
0	2
16	18
6	5
0	0
3	5
0	0
0	5
0	90
0	95
2	54
11	49
0	34
26	0
7	66
0	139
0	139
11	57
0	57
0	65
0	54
0	66
3	66
0	64
5	1
33	20
5	14
1319	210
0	196
8	14
183	0
0	65
1	71
29	62
0	14
0	7
0	6
0	3
13	0
0	9
6	0
15	497
0	494
0	454
9	492
0	32
0	24
1	0
0	9
0	6
0	11
45	0
1	3
12	19
88	61
0	61
0	61
1	49
0	1
0	25
0	41
0	41
0	25
0	41
0	25
0	41
0	25
0	4
0	0
2	2
32	3
45	7
12	10
12	22
1	32
463	108
0	0
10	2
33	27
0	2
0	1
25	0
35	3
0	108
1	24
0	24
15	55
0	13
0	8
0	8
0	7
0	5
0	6
0	14
0	14
0	168
0	44
31	15
0	15
1	13
24	3
0	3
0	3
0	3
9	0
1	10
0	2
5	0
0	18
55	282
2	1
3	1
1	3
0	2
1	1
0	2
1	0
0	3
14	0
50	49
52	60
0	60
0	60
0	15
35	7
43	4
5	3
1	3
24	6
0	49
1	49
0	10
0	50
21	4
0	48
0	46
35	2
0	2
0	0
0	1
0	1
1	84
0	9
55	11
23	11
43	35
0	35
5	27
0	32
3	0
0	28
0	23
80	18
62	18
128	84
0	31
0	22
0	100
0	81
0	81
1	32
0	0
0	1
0	1
2	3
0	9
53	2
1272	1
0	1
0	1
34	1
0	0
304	16
1	16
606	15
0	22
0	5
13	8
0	22
5	205
0	91
0	204
11	3
0	158
3	3
148	36
1	0
343	3
0	3
260	371
0	370
19	355
20	247
0	134
0	127
0	96
0	53
5	188
70	232
1	181
3	0
0	1
18	53
0	53
52	52
0	46
921	81
0	26
0	10
0	10
0	3
0	2
0	2
2	162
0	29
3	0
0	167
0	164
0	151
0	154
15	74
80	67
18	65
7	59
0	109
13	418
15	415
127	3
31	16
2	30
0	22
41	10
18	63
0	26
3	27
0	3
33	11
9	42
0	4
0	4
147	3
8	0
67	53
0	45
1	127
5	0
0	23
4	8
0	9
1	121
555	46
68	34
0	13
0	13
8	236
0	130
0	29
0	29
14	1
6	0
0	3
0	0
55	20
63	108
0	30
0	5
0	9
8	7
1	32
26	16
0	4
0	29
91	9
21	9
0	9
14	37
0	37
0	38
0	0
0	0
0	9
0	28
0	0
73	0
0	6
15	38
2	9
3	0
66	248
0	113
0	326
329	332
0	232
0	82
0	106
0	80
0	46
61	37
0	10
39	33
0	326
0	16
10	176
6	174
0	2
7	0
0	0
12	7
3	393
0	316
212	148
472	159
8	62
0	22
85	16
0	16
8	0
1	0
1	1
0	0
4	57
1	1
4	57
2	6
11	2
6	2
0	51
0	0
0	28
0	55
0	51
0	21
32	71
60	9
13	0
73	0
2	3
18	7
0	3
22	0
8	5
3	6
0	3
3	1
0	4
26	53
0	53
42	53
10	0
1	0
71	0
0	8
1	9
17	4
3	3
8	2
10	2
0	0
0	22
0	21
2	1
0	9
321	148
0	148
202	26
1	2
0	26
94	54
0	21
0	13
3	168
0	176
445	429
0	120
78	120
7	0
16	0
53	103
0	81
1	0
0	0
506	0
0	35
0	33
0	124
0	125
34	170
0	111
2	99
0	61
4	58
1	0
0	0
0	23
4	215
0	5
2	9
44	210
5	68
0	3
0	5
239	0
15	13
0	13
2	78
65	91
1	88
53	26
0	3
0	113
21	54
21	29
1	56
0	33
3	16
73	2
237	0
24	49
0	30
0	15
0	16
0	1
0	30
1	2
1	2
156	0
22	11
89	29
3	11
2	13
0	76
24	17
0	1
1	16
28	27
0	11
12	16
0	18
0	43
0	43
0	43
0	43
0	43
0	43
0	21
30	204
0	31
0	198
0	179
8	3
0	18
0	139
4	3
0	14
0	10
0	137
0	14
6	157
149	22
2	0
0	33
0	47
0	32
0	53
0	53
0	18
7	39
0	3
0	2
0	0
7	1
0	21
0	21
0	47
699	283
0	37
0	205
10	183
0	23
0	25
3	58
0	14
1	0
11	18
2	0
0	18
53	4
47	122
0	24
0	24
0	23
0	18
1	18
0	2
1	0
0	4
0	11
0	11
0	3
0	18
3	31
0	19
0	9
4	18
0	0
50	11
90	0
1	0
2	11
0	0
0	0
1	0
0	6
43	45
0	21
0	27
0	22
4	41
0	25
15	7
1	6
0	13
0	69
0	5
118	92
7	44
0	66
11	0
14	0
0	10
0	10
1	58
0	7
41	4
0	134
0	4
0	2
2	109
0	3
9	5
0	1
1	63
0	63
0	21
0	1
126	25
1	0
4	0
6	5
0	4
8	1
0	23
0	24
0	17
0	18
0	8
12	10
0	22
0	62
0	51
0	109
7	109
34	0
0	27
1	67
42	67
0	63
0	0
46	0
81	5
5	3
0	2
0	2
0	0
0	26
0	14
0	2
0	15
0	26
0	2
2	10
1	17
0	17
0	7
2	5
0	15
0	4
20	14
0	0
7	0
1	31
0	21
3	1
46	19
12	19
0	0
0	1
1	6
5	9
0	48
23	53
0	53
10	41
18	28
7	29
14	29
0	41
0	21
0	16
0	4
0	2
0	2
13	46
0	45
2	6
36	2
0	9
0	22
37	21
0	1
0	0
0	3
0	11
0	21
0	0
0	7
0	3
0	11
0	56
27	81
0	6
11	10
2	0
0	4
0	38
231	39
3	6
0	9
6	10
15	1
6	2
117	222
5	222
357	155
268	14
0	11
0	10
0	0
1	0
0	1
0	235
10	5
0	235
5	35
7	23
0	6
2	18
0	26
0	407
0	407
0	9
0	9
1	48
2	13
5	16
1	27
0	11
1	76
0	498
11	37
397	422
4	31
29	44
0	47
745	7
0	21
0	24
0	0
3	0
0	60
0	70
18	104
0	6
0	25
41	0
0	0
0	25
0	0
0	66
0	0
6	178
175	76
0	67
7	67
62	0
88	54
0	35
5	15
16	9
6	9
0	9
0	13
0	2
3	2
0	6
0	6
0	6
0	5
0	4
3	3
0	5
0	4
0	3
0	15
0	15
0	15
49	0
102	4
1	1
0	3
0	94
0	44
1	0
0	1
0	44
29	66
2	65
64	96
0	3
0	9
19	94
0	18
234	18
331	28
0	13
99	0
37	3
0	3
0	14
1	0
0	15
1	27
0	50
0	10
0	9
111	14
0	7
19	7
0	0
0	2
0	1
1	3
0	33
33	1467
0	2
0	22
0	350
4	44
334	567
0	407
2	38
0	33
0	26
0	5
51	172
0	8
24	15
13	11
4	9
1	22
5	30
8	38
339	45
0	26
5	22
0	2
28	1
4	5
0	5
0	5
3	31
1	24
0	31
39	0
2	10
0	12
0	10
0	3
8	8
14	8
0	5
3	5
0	3
34	5
2	106
284	54
0	54
97	53
6	37
0	25
0	2
12	0
16	19
4	4
0	7
1	2
0	3
12	3
0	2
50	335
0	335
8	11
6	0
3	14
0	13
2	13
13	3
0	36
9	36
0	43
4	43
42	24
0	15
0	10
0	11
0	3
0	8
0	5
0	1
43	25
15	26
0	24
0	17
0	21
0	17
0	0
0	3
0	4
1	4
0	6
50	6
32	19
10	2
494	410
0	410
258	213
29	12
1	5
0	8
0	8
0	356
0	320
1	6
0	11
2	11
0	6
0	0
205	1359
3	6
97	190
14	3
0	0
0	0
0	16
11	0
0	19
4	0
0	19
40	6
0	0
0	6
0	0
2	0
0	5
0	1
10	18
358	14
0	1
131	78
0	5
0	5
0	36
0	54
1	50
0	22
0	1
0	50
115	45
3	3
0	3
18	76
0	2
1	33
0	5
5	5
464	2
0	1
13	35
0	33
35	38
16	39
1	141
3	60
14	245
0	3
40	587
0	7
43	3
3	1
9	50
0	1
0	0
0	7
7	35
1	9
0	11
0	21
3	19
17	3
130	1
32	39
5	21
31	15
5	0
0	0
357	153
0	138
0	6
0	20
0	129
0	1
0	37
9	1
0	1
0	1146
0	1146
0	1117
2	137
0	637
10	641
0	542
0	543
0	6
2	28
0	24
9	27
2	5
1	5
2	5
0	24
18	33
3	39
0	63
0	38
0	6
0	4
0	28
0	42
43	455
23	52
37	22
0	80
284	59
7	99
5	290
0	214
0	1
1	0
1	2
380	324
5	20
1	14
0	13
0	14
0	6
0	1
0	1
0	1
0	1
1	1
0	13
0	14
0	101
19	13
3	5
0	6
2	1
1	8
11	0
31	150
0	144
29	33
17	0
0	20
2	2
0	0
0	2
14	20
0	2
0	2
1036	317
0	317
0	183
0	161
35	7
3	0
2	0
0	7
61	0
0	0
0	1
7	4
0	4
13	0
0	1
0	0
0	65
21	203
0	5
0	194
0	65
143	34
336	4
0	114
1	2
0	13
4	5
6	2
10	120
124	34
0	39
0	18
9	0
43	1
5	0
0	1
0	1
0	1
9	1
0	0
61	97
0	34
2	1
7	11
0	0
49	33
0	73
0	0
25	14
20	0
0	30
0	15
57	15
247	22
0	11
0	9
0	0
45	0
2	0
0	5
8	3
0	2
0	2
12	2
6	0
48	68
8	34
0	58
0	0
0	1
0	0
0	0
0	1
0	13
0	818
0	816
0	811
0	722
0	719
1	11
0	4
0	11
0	4
0	11
0	4
0	0
6	0
8	0
46	0
108	0
29	16
56	29
0	8
3	8
1	9
0	43
21	43
0	1
0	0
12	0
2	0
9	0
319	9
0	9
23	1
0	1
0	0
21	15
0	0
0	0
0	15
234	128
0	121
1	14
0	3
0	16
39	21
0	10
0	1
11	1
0	21
157	0
86	0
3	0
72	63
0	25
49	23
1	74
0	11
7	7
5	22
0	1
1	1
158	0
19	0
104	4
107	1268
0	1209
0	99
0	59
0	16
7	2
11	61
8	62
26	8
8	2179
9	29
0	44
0	44
0	44
1	112
0	12
0	5
1	15
7	15
0	5
421	0
1	23
105	252
0	36
0	16
0	1
8	1
0	5
0	1
3	0
1	2
7	5
14	7
3	9
0	9
20	101
0	98
0	67
0	64
1	37
0	17
36	21
0	167
0	15
0	10
3	4
0	146
6	0
58	23
0	3
40	24
4	0
88	55
2	45
207	30
28	15
8	0
5	0
0	10
81	1
2	1
0	178
15	178
0	23
0	10
0	23
8	2
0	4
0	5
12	35
0	8
0	8
0	9
1	7
0	9
7	10
0	2
0	0
812	175
0	35
1259	19
0	109
12	116
3	116
0	116
0	95
10	24
0	7
0	0
52	0
0	0
1	0
167	0
8	6
5	7
0	7
18	7
0	4
197	65
0	88
30	90
9	41
0	16
0	15
0	7
0	7
0	7
0	7
0	7
0	8
0	7
0	7
0	7
0	7
0	3
0	5
0	2
55	2
0	0
0	1
0	1
0	2
0	2
0	1
6	10
0	27
26	4
1	13
0	17
0	0
0	6
158	117
0	1
0	116
1	11
0	1
0	0
230	2
62	63
0	63
5	21
0	21
4	0
10	0
0	4
0	3
1	1
1	0
1	73
5	88
1	89
0	94
0	16
0	19
0	43
0	3
0	0
0	1
1	0
0	145
0	38
310	685
0	93
0	685
74	86
5	18
20	3
12	70
0	0
1	97
1	411
48	411
5	1
0	0
3	373
0	37
0	206
0	186
0	0
0	22
0	0
41	27
8	1
0	4
33	17
3	0
0	7
0	4
0	3
0	200
0	40
0	40
0	2
0	8
0	121
0	6
0	109
17	0
4	1
0	0
3	8
0	11
9	83
6	1
0	3
7	55
7	55
24	57
46	61
0	72
5	85
0	69
0	66
2	55
92	44
0	35
0	3
3	1
7	10
2	1
3	3
52	293
1	54
45	54
0	6
7	54
0	88
135	47
0	73
62	73
2	6
0	5
0	42
0	742
0	742
0	742
0	168
2	2
66	2
0	1
69	1
1	1
4	0
0	1
2144	84
41	4
60	1
1	50
0	14
3	139
3	15
0	10
1	10
356	119
16	119
0	4
0	26
0	5
0	265
0	522
0	106
0	16
3	3
1	0
4	1
0	1
62	60
0	64
1	29
4	35
0	19
430	0
45	55
51	55
18	0
83	65
0	63
0	46
0	128
1	128
0	4
3	5
0	5
4	1
0	4
4	19
1	93
0	48
5	4
0	28
0	54
0	180
8	55
1	0
0	11
18	14
8	0
155	38
0	10
0	34
0	122
21	122
0	3
0	19
0	1
0	3
0	19
2	2
34	3
0	13
2	9
230	132
0	17
8	0
39	12
0	12
0	44
0	17
26	413
0	174
293	284
2	33
0	31
21	19
0	14
0	247
0	175
2	0
1	0
0	0
54	3
0	83
12	9
55	41
131	6
0	8
0	6
124	4
0	5
87	2
104	11
11	0
0	11
0	11
13	11
109	0
33	1
163	78
32	77
0	17
0	0
128	5
0	17
0	17
0	51
47	60
0	11
0	151
0	142
0	151
0	14
2	326
246	381
43	370
0	359
18	102
0	55
0	0
3	47
169	387
432	110
0	4
0	4
0	3
7	16
0	11
0	7
0	11
0	11
21	0
8	11
78	11
0	3
0	0
0	0
28	0
3	0
0	0
24	0
0	0
90	30
80	167
0	143
0	41
0	127
1	5
0	5
1	4
11	326
0	416
0	164
0	1
0	2
73	2
14	9
0	13
0	4
18	141
0	141
0	0
0	0
20	141
0	0
0	1
1	22
8	39
0	4
0	25
0	19
0	5
0	5
0	20
0	27
13	30
0	30
0	30
0	23
0	25
0	25
0	8
0	26
0	6
20	7
0	1
0	17
4	5
3	6
0	123
0	150
11	78
9	150
0	0
29	35
0	92
0	5
36	0
0	1
0	1
3	1
1	0
0	0
0	0
64	231
0	231
65	266
32	220
0	225
2	0
1	148
0	148
41	20
0	20
62	58
0	23
0	0
13	36
34	41
24	0
36	102
0	100
15	88
0	92
304	67
0	64
2	8
6	3
9	132
13	51
6	19
18	13
4	0
38	0
2	1
2	14
23	65
6	77
0	62
1	62
80	35
0	8
16	33
20	15
0	15
0	14
26	2
0	0
0	3
12	30
0	1
0	30
75	8
0	23
0	18
0	8
0	7
0	5
0	1
5	1
0	0
29	0
0	80
29	24
0	104
41	2
9	8
0	1
13	1
0	0
16	1
184	122
0	43
0	17
0	0
12	120
0	164
29	117
1	0
32	110
0	110
264	54
0	54
27	19
3	15
0	10
0	3
0	4
10	1
0	3
0	29
0	24
0	19
0	28
96	1
2	10
0	10
8	4
0	4
8	1
0	0
21	0
18	5
18	19
7	10
0	1
0	13
0	3
0	0
1	0
10	23
0	26
0	2
9	6
3	22
0	2
4	2
0	1
1	62
0	61
4	31
0	47
1	2
34	10
32	69
6	2
1	3
0	120
0	5
44	54
0	55
0	1
56	65
0	57
0	9
0	2
0	1
43	5
0	2
59	57
70	35
0	35
2	20
0	14
0	20
50	38
13	57
38	55
0	31
0	35
0	15
0	0
28	96
145	96
0	7
0	8
0	0
0	8
0	3
28	17
0	12
2	17
0	12
6	4
0	27
0	20
0	22
0	27
0	20
0	23
32	53
0	27
0	53
0	19
1	0
18	21
0	37
1	15
0	15
1	0
6	27
1	70
0	109
0	98
0	0
34	91
0	27
0	27
1	0
48	48
0	9
0	97
0	0
0	36
10	32
0	66
3	32
443	2
2	0
16	56
215	46
22	366
0	407
0	113
0	51
1	51
2	1
0	2
1	1
155	693
0	692
137	0
23	2
0	2
0	2
30	6
0	6
27	22
3	0
12	34
93	12
3	34
47	18
104	95
22	91
0	81
3	53
0	52
1	7
214	66
0	41
0	48
19	7
4	6
0	22
0	28
0	40
0	8
0	16
1	9
0	2
3	1
0	0
0	0
2	4
69	0
812	2
4	3
0	1
1	3
0	106
6	31
0	35
1	35
0	153
0	62
8	52
0	66
0	41
0	0
0	0
19	0
13	18
12	136
0	136
18	36
1	13
134	0
12	0
10	96
4	96
60	0
125	38
0	38
0	32
0	32
0	32
0	2
1	28
0	1
4	1
0	4
555	6
11	0
0	6
3	6
30	8
4	23
23	44
91	0
0	44
0	0
11	13
0	13
2	5
0	5
0	12
3	4
0	1
0	1
0	1
0	1
0	2
0	0
52	0
7	20
0	20
5	4
0	1
554	0
3	9
0	6
19	8
0	8
0	8
17	3
52	50
0	15
0	15
0	1
18	8
16	2
0	2
57	14
45	56
38	56
12	32
0	29
0	5
9	0
58	12
299	25
22	25
0	0
0	42
0	5
0	2
0	0
0	2
36	0
197	81
0	2
0	40
6	75
0	73
0	35
0	70
0	73
0	73
0	1
0	1
1	0
0	71
0	83
0	38
0	3
0	0
0	0
0	0
0	35
0	70
1	69
0	1
0	1
0	12
0	70
0	4
19	191
0	12
7	7
1	31
0	2
11	8
0	6
0	9
0	9
0	163
5	69
11	74
41	37
0	33
0	29
0	44
0	38
0	5
21	22
47	62
0	48
0	29
0	18
0	5
0	8
0	10
0	4
151	3
1	2
84	32
0	32
0	14
7	0
0	0
1	0
0	61
0	12
0	56
71	82
0	51
8	37
74	1
39	0
162	0
3	0
7	0
50	24
46	48
0	52
38	1
20	65
14	2
17	1
0	63
316	213
22	213
0	43
87	17
11	17
64	0
7	4
0	19
0	19
0	20
3	0
2	2
0	21
0	2
26	2
0	2
1	2
0	6
4	2
8	5
0	1
0	0
0	0
0	0
0	0
1	0
0	0
2	0
0	0
0	0
0	0
0	0
0	0
0	0
0	15
0	15
319	120
2	69
1	54
3	11
7	11
11	119
41	205
13	69
2448	130
0	130
0	111
0	109
23	1
9	20
1	28
0	28
3	4
0	4
15	9
0	9
1	114
49	124
2277	18
3	18
0	0
0	0
16	30
43	31
23	15
3	0
40	106
28	106
0	25
0	74
0	181
0	45
0	181
0	181
2	3009
36	25
1	18
94	212
0	8
0	8
0	211
302	80
2	41
4	70
16	66
0	53
0	7
29	0
0	3
2	1
2	36
1	13
0	13
0	16
86	386
24	136
11	148
13	64
0	4
0	4
20	83
0	114
0	114
0	13
0	2
0	2
0	2
0	2
0	0
0	1
0	8
0	0
0	0
1755	296
0	32
27	264
0	7
6	7
0	1
0	1
0	11
0	10
0	1
0	1
184	172
0	120
0	23
0	5
80	251
0	251
0	163
3	0
96	47
56	3
0	25
0	25
52	21
0	45
20	13
0	11
68	7
0	18
0	11
0	2
0	134
0	20
0	5
19	9
0	125
14	62
0	50
2	42
457	58
50	48
0	45
0	10
0	39
1	1
0	8
11	447
8	447
0	403
1	0
25	79
28	111
41	114
0	5
0	1
20	42
0	37
0	26
0	24
0	10
0	5
0	0
0	1
0	3
0	0
132	6
31	1
0	42
0	38
0	42
0	38
1	38
0	38
0	42
0	11
299	73
13	4
152	7
4	3
23	3
0	2
1	53
0	53
1	7
0	3
0	22
1	5
2	16
0	71
165	48
0	41
0	7
10	6
368	78
1	8
2	2
0	7
10	64
0	16
692	878
0	877
81	7
0	6
10	19
0	3
3	13
136	0
0	21
0	21
0	18
98	20
50	0
0	20
0	23
5	25
0	5
18	502
0	502
333	0
13	5
0	5
125	0
0	0
0	2
0	2
65	0
65	40
0	35
108	19
0	14
0	19
14	46
14	25
0	7
0	0
0	1
0	7
4	42
11	3
5	36
0	36
0	2
16	49
0	12
6	1
1	13
9	13
0	13
0	13
0	11
27	3
0	2
18	5
19	30
2	30
0	16
1	0
0	4
0	47
39	0
1	0
0	0
0	8
47	25
0	22
0	8
0	0
0	6
0	22
27	14
362	85
18	58
0	0
0	73
63	253
0	149
0	93
0	150
0	40
10	2
2	0
0	48
8	48
1	20
0	1
0	1
0	83
2	83
0	51
0	47
0	39
0	21
0	4
0	4
0	3
3	1
33	0
10	2
0	6
0	47
6	9
0	9
0	9
187	61
0	1
2	61
0	1
11	3
120	98
0	2
0	61
0	225
82	282
0	68
7	12
4	1
15	201
36	2
41	406
228	81
6	34
98	46
11	63
0	109
0	1
0	107
53	38
0	36
0	36
0	45
5	135
11	167
0	43
7	2
0	2
0	5
0	5
1	1
0	25
8	4
0	16
12	0
105	0
55	14
0	0
0	13
194	0
12	0
131	12
118	0
2	9
1	39
0	42
0	37
3	42
0	37
0	23
0	37
0	64
1	44
0	64
0	7
0	20
0	20
29	0
0	0
0	61
31	11
41	27
699	3
40	22
3	19
2	0
1	3
0	3
0	1
140	123
0	123
0	76
0	2
0	3
0	46
0	0
1	1
0	44
0	0
0	17
8	1
10	4
0	4
2	2
0	3
0	5
0	65
3	3
18	76
0	11
17	17
4	0
0	57
36	48
0	9
11	2
77	128
0	57
0	70
0	33
0	19
0	48
0	51
0	9
0	9
7	4
86	75
13	47
0	83
0	47
0	3
1	4
7	44
9	0
0	3
10	0
2	73
0	73
0	16
0	16
2	13
16	60
0	11
0	11
0	0
3	0
5	0
0	0
0	0
0	15
171	15
0	22
0	22
2	8
0	5
0	0
52	3
3	0
12	0
0	62
25	139
4	44
0	26
0	101
0	56
0	34
15	0
0	0
0	0
2	0
0	3
33	3
0	3
4	3
0	2
88	7
273	508
75	540
0	50
2	13
0	13
1	2
0	0
9	9
7	0
7	16
17	22
27	13
20	0
0	0
0	0
8	13
0	85
17	9
0	0
1	5
0	3
0	0
34	155
38	102
1	21
0	53
2	13
275	9
54	9
115	0
25	0
1	9
0	51
0	51
0	45
0	38
0	7
0	0
31	0
0	0
0	4
0	0
0	16
0	1
0	5
4	1
0	1
1	3
4	86
0	6
0	5
0	86
0	53
0	28
37	48
1	18
1	20
0	18
0	3
3	1
147	22
0	22
1	13
8	0
1	0
0	7
0	0
1	6
0	6
0	6
0	7
4	10
0	9
1	4
64	59
0	50
0	9
3	1
0	1
0	0
0	0
0	0
202	0
357	132
0	132
0	22
0	43
104	11
3	2
5	0
134	153
48	127
18	131
0	45
1	1
1422	0
363	229
0	99
11	153
8	150
3	141
23	2
24	2
12	78
4	19
0	12
0	12
0	54
0	9
1	0
0	35
0	0
62	11
0	11
2	17
13	20
0	20
5	17
0	17
1	3
0	5
8	4
0	5
0	5
2	0
0	17
5	2
0	0
15	55
0	50
1261	55
0	51
0	0
462	0
64	0
22	71
498	135
0	56
0	16
19	5
2	1
0	0
0	1
0	1
40	1
42	3
18	0
17	66
0	66
0	56
0	12
0	46
0	79
15	37
32	36
0	106
7	1
60	78
0	55
5	39
6	14
11	11
5	11
2	3
2	3
39	0
0	24
0	29
0	26
0	13
0	25
9	26
0	5
0	9
0	8
0	9
0	18
2	10
4	39
10	18
11	15
8	23
57	29
0	29
2	4
0	3
1	16
46	1
44	0
11	0
68	96
11	92
0	81
0	85
0	10
0	60
109	54
1	0
30	0
8	0
30	127
0	99
0	65
38	52
1	0
0	1
0	28
22	0
0	58
0	9
0	59
0	59
0	1
15	2
0	0
1	0
0	50
1	5
79	143
9	143
0	143
6	121
0	116
0	85
83	16
0	8
0	0
0	7
0	8
6	8
3	4
6	0
0	94
0	2
0	1
0	0
1	93
8	70
4	15
0	21
0	61
9	42
46	2
0	0
0	2
0	4
0	3
0	0
34	88
0	92
0	88
5	90
1	66
97	25
78	91
0	24
242	161
0	13
4	93
0	94
0	94
0	41
0	9
3	5
0	1
3	223
2	22
0	16
0	7
0	0
5	1
102	0
0	5
2	5
772	12
14	0
0	0
32	35
22	34
7	33
0	0
0	28
0	28
0	3
6	24
55	23
1	2
0	3
68	132
6	1
0	106
0	1
0	58
0	58
0	13
5	74
4	11
0	54
0	52
188	112
0	50
0	3
130	0
7	19
0	11
0	15
0	17
1	10
3	4
0	17
1	0
24	0
143	43
36	17
5	31
17	1
303	57
10	57
2	20
0	21
0	5
11	20
13	0
0	41
0	67
11	75
210	702
4	95
0	265
0	275
0	697
0	544
0	498
0	53
11	1
16	170
51	1
16	222
0	222
0	0
1	0
115	690
0	594
8	26
0	18
0	96
9	4
0	3
2	5
0	5
0	2
4	0
0	13
0	67
16	67
0	38
0	13
0	24
0	6
0	14
0	25
1	46
8	29
0	6
0	1
7	0
3	121
0	122
45	10
15	10
137	1
62	66
1	58
8	0
0	8
52	0
11	4
0	14
123	91
1	0
4	1
221	255
5	130
3	1
213	38
1	2
0	34
0	4
114	11
12	11
0	11
3	11
2	11
4	20
7	12
0	19
2	7
0	4
3	4
50	52
0	33
29	32
2	7
352	22
2	22
18	37
0	17
0	8
0	25
0	0
88	30
0	30
23	29
1	0
0	18
6	7
4	146
35	91
0	146
1	113
1	4
19	31
23	23
5	24
13	54
0	2
0	2
3	1
0	0
22	121
0	121
197	34
0	34
10	29
0	18
0	17
0	15
222	1
2	21
0	21
0	3
0	0
155	54
0	40
1	7
18	0
20	42
1	0
4	301
9	301
0	95
0	100
2	15
20	7
14	39
0	16
0	84
0	126
40	127
0	63
1	83
86	2
0	77
0	25
0	1
0	41
0	78
0	2
139	107
0	111
1	99
0	99
0	99
6	92
0	0
4	0
223	5
0	3
0	7
7	7
0	7
194	36
2	32
0	0
0	0
22	21
0	0
0	0
5	2
0	1
0	0
28	7
13	0
28	9
15	0
12	1
1	9
0	10
0	7
0	4
0	11
9	1
1	0
10	2
100	3
0	0
8	3
12	4
34	0
0	42
0	43
7	44
0	1
0	0
0	0
479	0
0	0
8	0
0	34
82	34
255	6
18	6
20	3
0	1
7	1
140	2
0	2
0	2
5	0
197	0
1	0
20	2
0	0
19	0
0	0
0	1
0	0
0	1
8	1
0	39
1	40
38	0
29	76
0	56
10	44
0	25
0	55
90	396
0	369
0	379
29	23
220	495
0	4
35	558
0	113
140	113
21	0
23	36
49	147
0	119
485	117
0	15
43	68
13	127
0	143
0	142
30	143
0	143
458	143
116	158
319	87
3	15
6	20
10	170
0	168
0	134
0	35
14	0
12	11
0	0
0	0
0	1
11	82
3	0
0	5
1	0
0	178
0	73
0	52
0	54
12	23
0	1
0	20
1	1
1	2
0	3
0	3
121	77
0	77
0	1
9	62
3	14
17	70
0	6
0	1
0	1
0	4
0	5
8	0
3	0
0	0
8	5
6	1
17	16
0	9
0	1
0	1
209	9
0	0
12	7
0	160
8	25
9	157
0	20
0	12
5	13
0	0
23	6
16	0
3	0
18	0
0	6
14	0
4	0
24	1
49	185
0	141
0	2
0	55
0	1
1	4
0	1
1	0
198	136
0	51
0	132
0	0
9	43
0	43
0	1
0	30
76	0
288	24
0	24
7	96
0	94
0	19
0	0
5	0
11	2
0	23
103	50
0	29
0	29
0	50
21	0
0	26
58	5
1	0
5	1
0	0
2	5
0	0
8	20
0	17
0	7
53	7
0	4
1	3
169	0
0	64
0	20
9	17
0	6
0	11
0	3
0	2
0	64
124	0
2	0
63	256
2	0
0	256
106	90
6	67
15	87
37	80
18	79
28	52
1	86
87	41
19	65
6	0
0	5
0	5
24	104
0	104
3	105
0	105
0	104
0	32
21	11
0	103
37	5
0	5
1	8
0	8
11	8
0	1
49	328
5	238
0	226
45	162
0	179
0	248
1	0
4	0
55	2
0	12
23	94
3	17
32	1
3	12
0	12
1	0
11	15
0	102
0	41
23	57
0	18
0	7
3	9
0	0
1	13
8	14
0	13
0	2
29	51
19	51
0	0
27	0
0	54
0	54
6	20
0	45
1	45
0	8
2	7
0	1
0	38
0	57
1	34
49	38
4	1
3	4
136	85
10	29
4	29
0	8
0	7
1	0
0	0
0	3
0	7
6	8
1	2
0	3
0	8
68	3
14	9
0	9
0	4
0	4
2	68
0	68
0	62
9	0
63	85
0	0
1	0
9	129
0	14
0	18
0	18
0	11
0	14
0	1
0	10
0	9
4	5
21	948
19	276
61	837
0	152
82	1041
0	581
0	5
0	3
0	147
0	21
4	1
2	2
6	0
2	0
0	17
0	71
0	147
0	41
1	44
11	11
0	30
0	0
0	3
16	0
0	3
0	3
30	3
0	18
0	2
0	1
14	4
0	0
13	6
5	44
1	30
0	33
82	22
0	20
0	33
26	22
1	1
4	14
11	39
60	1
32	32
2	1
0	39
64	241
0	347
1	107
0	2
1	282
14	23
0	5
0	282
0	282
0	0
0	0
72	0
4	6
0	2
0	4
390	94
0	44
2	64
0	44
6	44
0	2
0	22
0	0
0	17
0	100
2	52
279	141
73	33
0	1
0	27
3	25
22	0
1617	37
0	22
0	19
4	0
189	215
171	478
167	1
2	2
39	0
35	11
0	23
0	4
0	6
0	23
0	2
0	2
2	6
0	6
0	0
0	4
0	4
27	1
6	0
1	0
1686	88
29	97
0	22
6	8
0	7
0	1
2	1
0	1
118	16
9	13
0	5
0	16
0	71
0	100
1	1
0	30
1	16
1	18
0	7
0	35
0	42
0	13
0	39
0	41
0	2
0	1
12	3
0	3
0	0
77	184
4	216
0	350
281	1548
0	133
0	150
0	146
0	240
0	130
15	2
142	44
2	4
47	26
0	1
0	19
0	20
0	3
3	38
0	29
197	25
303	0
0	6
0	6
2	80
4	76
0	12
0	80
0	51
5	18
14	50
0	21
28	0
3	5
0	5
2	2
0	662
2	662
0	461
0	461
0	169
0	3
46	112
34	58
0	51
28	99
2	44
0	22
0	6
0	1
106	7
0	0
4	0
19	44
0	37
6	42
2	41
0	28
0	11
0	8
0	12
0	6
0	9
0	3
0	3
0	3
0	0
0	1
0	232
0	232
0	0
0	1
2642	148
24	0
13	71
0	142
16	11
0	11
10	0
1	0
0	1
1	7
0	7
0	16
0	16
0	5
0	7
0	1
23	2
0	16
106	197
0	162
1	178
11	1
2	55
0	47
0	1
19	87
0	22
0	39
0	107
0	107
0	107
31	206
13	63
5	193
0	151
0	151
0	2
0	1
1	4
0	15
4	15
0	2
0	0
24	16
0	66
1	35
0	69
0	68
3	13
19	11
1	3
0	1
0	3
1	65
56	185
0	194
7	178
0	23
0	168
0	20
0	133
0	133
0	133
0	133
0	0
0	0
0	0
6	0
2	1
1	92
3	129
13	129
11	101
1	9
0	60
0	60
0	0
10	65
0	11
33	110
5	116
2	23
0	109
38	3
11	109
11	32
0	33
19	0
0	17
1	17
0	0
4	9
0	1
0	20
0	20
42	142
19	1
0	12
6	3
0	10
33	1
0	11
4	0
0	243
0	231
2	2
15	53
48	238
5	28
0	28
32	28
0	0
0	1
0	3
4	3
0	19
0	0
0	101
46	101
0	101
0	1
108	26
0	0
7	26
4	26
0	0
6	0
4	22
0	1
6	36
0	21
0	19
1	56
0	19
0	13
1	1
1	1
6	2
0	2
41	69
0	69
97	3
0	1
294	0
14	0
27	0
19	27
0	27
17	22
5	13
0	10
0	1
2	0
11	0
0	1
0	9
0	1
5	98
0	157
20	428
0	423
0	55
0	382
0	43
0	52
83	106
1	11
10	0
14	9
0	36
7	33
4	39
0	33
0	29
22	86
0	53
0	1
0	87
0	3
2	4
388	274
0	36
220	134
0	6
14	12
9	4
0	9
33	75
0	27
7	4
0	5
4	1
14	1
10	0
69	15
33	22
1	77
9	12
557	5
360	0
1	0
19	63
0	62
1	17
8	86
0	80
0	84
7	83
0	66
115	1
16	23
0	23
95	15
1	0
2	0
1	6
0	22
0	2
80	35
0	34
0	20
0	0
0	1
201	102
1	294
0	294
24	264
48	147
3	134
0	130
33	130
126	194
0	24
3	4
0	170
7	2
0	2
1	9
0	669
0	726
28	533
2	544
0	86
0	6
0	3
62	5
2	3
2	31
20	20
2	20
0	270
0	269
35	19
0	4
0	1
3	37
0	3
0	0
0	1
0	106
0	1
0	14
25	3
7	3
0	106
0	22
0	22
0	8
13	4
289	524
0	4
17	8
14	8
0	7
29	6
0	6
10	2
0	1
26	2
5	0
79	25
0	9
2	4
10	20
0	44
0	43
0	47
0	47
0	41
22	0
0	50
249	16
15	16
0	1
0	152
14	152
1	1
8	1
7	7
1	81
79	0
10	0
166	549
0	549
0	49
0	49
16	59
2	0
0	3
0	59
20	1
113	43
0	50
0	41
0	50
18	1037
2	1042
0	143
0	1
9	40
10	40
18	104
0	154
0	42
0	0
0	48
8	0
0	49
0	27
0	27
1	6
0	131
0	48
0	132
0	153
8	19
3	111
0	23
35	125
0	113
0	43
0	71
0	68
0	54
0	20
412	9
0	6
57	3
0	2
0	1
61	0
0	19
0	18
0	3
0	0
21	6
4	9
0	6
0	6
33	3
8	757
58	745
0	640
1	640
0	354
0	0
5	5
238	89
6	89
5	54
0	38
9	19
6	19
0	18
24	22
0	17
0	12
0	18
8	2
63	87
3	87
20	8
0	37
13	4
0	2
0	13
0	1
0	25
259	4
0	1
7	0
19	0
81	6
2	0
0	6
2	0
2	0
0	9
1	9
25	0
24	0
80	9
0	0
105	140
11	140
0	139
6	114
20	121
0	102
0	10
0	147
150	0
4	48
0	40
0	40
0	48
14	10
0	19
0	34
4	41
0	5
0	13
0	16
23	0
10	13
0	11
13	1
0	2
2	0
0	22
0	2
1	2
0	22
0	3
0	13
0	9
19	18
0	2
0	22
13	22
0	3
0	3
2	6
0	2
7	1
0	4
0	5
0	4
0	5
0	3
0	4
1	0
4	0
0	0
0	7
3	7
19	154
0	32
64	148
145	55
7	14
5	5
15	9
79	81
0	80
2	39
30	29
0	0
4	0
0	1
12	34
64	33
173	7
1	7
0	5
247	19
0	16
0	7
12	1
2	5
26	1
5	5
0	3
49	7
235	115
69	148
8	25
0	25
2	4
0	4
0	568
0	568
41	0
1	28
0	4
10	26
236	6
2	13
55	13
0	1
1	0
4	0
1	0
211	0
6	0
0	86
6	86
52	61
0	0
8	1
0	4
0	1
1	1
229	75
1	72
0	193
0	23
3	19
1	133
2	0
21	23
0	9
0	23
0	20
0	23
0	15
0	2
18	2
0	1
0	0
1	1
0	4
0	1
0	1
9	0
1	1
0	0
23	15
9	0
0	0
3	0
3	0
1	3
0	3
0	3
54	12
20	1
0	1
33	1
7	9
48	4
0	4
30	0
16	1
0	7
0	7
100	0
0	0
0	3
115	18
0	2
0	2
0	15
9	34
66	0
0	4
1	23
0	23
44	0
0	8
0	7
6	8
34	8
0	0
3	0
3	4
4	0
0	0
266	14
0	7
0	0
12	23
0	22
0	20
0	0
0	0
0	0
754	0
3	1
1	1
0	5
0	391
11	379
0	391
0	19
0	32
0	31
5	0
9	2
0	38
0	38
0	66
0	66
0	66
1	66
0	66
1	1
0	4
76	4
1	0
0	0
0	0
17	60
67	30
13	30
12	0
0	2
0	5
0	5
0	5
1	71
254	139
0	56
42	3
43	0
0	121
17	1
1	6
3	6
63	82
10	82
38	325
5	308
0	322
0	4
0	3
0	80
34	47
0	49
10	24
0	12
0	1
2	1
0	1
18	6
0	1
29	89
0	2
4	1
15	22
1	2
5	40
0	40
1	52
0	52
0	30
0	29
8	29
0	0
0	0
165	1
33	7
7	7
5	0
6	0
0	62
0	12
0	62
10	3
15	5
0	3
11	48
0	7
43	35
0	11
0	23
0	4
4	27
0	21
0	20
0	32
0	1
0	1
10	0
15	15
8	5
330	2
182	46
6	5
0	3
0	46
405	57
0	42
0	43
1	43
2	0
2	8
0	8
2	8
3	27
5	25
11	2
0	4
6	293
23	55
0	257
0	32
42	13
11	13
142	2
0	14
1	14
0	1
0	1
0	1
0	13
0	1
561	0
0	75
0	51
0	35
97	0
101	13
0	2
0	15
1170	112
3	123
4	110
0	74
8	1
0	1
4	0
0	26
0	3
0	3
0	7
0	8
0	2
0	3
68	0
7	3
0	2
0	1
2	6
6	25
0	26
0	2
0	2
20	249
49	249
128	19
201	2
19	5
16	18
0	8
73	0
65	0
1	2
0	2
47	1
89	26
0	2
191	26
0	47
0	47
0	28
0	4
111	0
57	16
0	2
0	2
0	0
0	1
3	0
0	6
2	4
3	4
0	17
10	17
0	3
19	0
831	0
0	34
0	46
1	23
0	2
18	50
13	6
0	0
305	0
0	41
0	10
49	11
9	8
0	33
23	1
87	74
0	97
0	100
65	5
2	5
16	47
43	21
8	10
0	1
0	26
0	26
0	14
0	5
0	12
0	20
15	2
0	2
0	7
0	7
0	7
0	7
0	2
0	25
0	25
6	44
3	6
0	9
0	4
0	100
0	58
5	30
302	0
37	0
78	202
31	203
0	99
0	50
3	0
3	1
2	0
8	6
40	6
590	1
7	0
2	0
1	1
0	3
3	3
0	3
7	2
0	1
0	0
0	1
0	33
0	25
1	34
87	46
0	0
0	0
37	46
0	20
0	20
34	84
0	12
1	3
0	0
0	72
1	72
4	11
0	2
4	11
0	11
30	11
1	6
14	2
0	2
3	3
0	3
0	11
375	23
683	23
17	210
0	34
0	33
7	0
0	0
14	99
54	99
1	80
60	103
0	114
35	167
0	64
34	81
0	66
0	25
108	94
0	177
0	25
0	30
1	2
6	184
27	40
0	27
0	16
71	1852
13	0
0	0
182	0
0	0
0	1868
2	32
0	52
0	49
0	52
0	5
0	2
0	2
3	22
10	22
14	19
0	52
294	0
2654	195
0	236
2	67
0	74
0	96
5	87
0	32
0	41
35	81
0	107
1	23
0	123
713	0
0	162
0	2
0	15
0	4
0	0
20	100
0	62
11	271
0	78
21	270
44	14
13	160
0	145
2	7
9	7
0	7
0	7
1	0
7	4
12	18
1	0
0	0
130	101
0	98
0	93
4	124
228	124
6	53
0	53
0	15
8	30
0	20
1	2
0	1
0	1
0	0
0	1
0	24
12	1
129	0
0	21
0	19
0	21
0	21
0	21
2	21
1	14
3	3
0	3
0	0
48	0
173	171
0	135
0	2
23	73
2	84
36	41
0	126
22	45
7	1
23	45
11	66
0	9
0	6
167	216
0	212
0	178
0	184
0	160
1	160
0	31
2	0
8	11
2	3
0	10
3	93
12	0
0	3
62	123
56	125
0	73
0	55
0	48
0	27
0	3
0	0
0	0
0	8
0	3
0	6
0	6
19	0
16	1
2	3
0	35
2	5
34	26
0	10
0	1
0	1
2	24
4	1
0	7
2	23
7	86
8	3
61	83
2	0
35	10
0	10
0	8
0	8
64	235
0	235
0	0
1	0
31	0
42	138
4	138
0	0
0	0
1	3
0	3
0	0
0	325
0	79
71	174
0	174
0	102
0	0
0	1
2	0
0	158
0	89
0	135
0	49
0	0
0	0
6	172
13	42
2	2
1	1
0	12
0	0
152	8
1	1
0	0
0	0
0	2
0	2
0	1
1	1
1	0
0	4
2	0
7	2
38	24
0	0
39	24
17	43
1	45
0	29
0	17
8	21
0	9
0	13
0	10
0	9
0	11
0	8
0	13
0	610
0	610
687	649
0	354
0	302
0	357
17	177
0	19
0	2
1	1270
0	669
0	23
0	23
12	23
7	89
0	20
0	4
0	2
11	2
0	29
2	49
0	38
203	158
2	5
0	1
0	1
0	2
0	1
0	0
0	8
0	2
0	142
3	0
4	30
5	60
9	14
0	8
0	17
0	4
0	4
16	62
0	43
24	74
0	50
0	68
38	75
0	66
0	1
1	2
0	2
0	2
9	0
1	78
0	77
1	0
0	2
1	5
0	8
2	0
0	3
0	1
15	6
108	23
21	22
2	0
37	0
140	83
0	53
0	61
0	83
0	10
3	3
9	0
2	30
0	96
0	104
17	12
0	21
356	40
0	10
64	30
6	5
1	0
16	0
0	3
0	110
44	1
1	7
0	2
0	4
0	2
0	4
0	7
47	239
0	85
0	239
0	149
15	164
0	155
0	19
0	13
3	98
2	7
0	5
0	13
0	5
39	27
0	35
2	23
0	9
0	3
0	3
0	2
0	2
0	2
4	2
6	5
0	10
0	12
20	2
0	35
27	11
79	3
0	4
0	10
151	26
7	23
102	79
0	23
0	22
0	0
0	3
5	4
3	23
0	23
0	12
0	210
77	0
0	2
7	6
0	1
0	210
12	68
0	3
1	1
26	0
1	1
0	1
0	13
12	55
8	6
1	5
0	5
0	6
23	6
0	4
0	6
0	4
0	65
0	4
0	0
0	0
119	24
1	22
101	61
22	0
0	3
294	18
20	22
16	7
24	16
21	16
0	127
61	135
34	101
80	234
0	205
0	17
0	7
0	29
0	1
0	284
14	267
0	284
32	172
0	68
0	8
3	0
34	0
6	6
0	25
16	1239
2	66
0	1169
0	85
0	148
0	40
6	17
0	162
503	147
0	2
0	2
0	84
0	5
7	0
48	0
0	4
25	149
0	40
0	40
0	13
0	26
0	4
2	5
0	4
2	14
0	1
84	3
0	3
636	67
2	60
3	9
122	68
11	53
0	3
0	17
0	0
0	52
25	0
4	52
0	37
15	37
0	37
0	37
0	1
0	0
22	0
22	3
0	0
0	80
0	80
0	80
0	11
53	255
0	254
0	0
0	0
0	1
0	9
0	12
18	12
11	25
9	22
0	1
13	3
19	0
0	7
0	7
0	7
24	145
0	1
0	144
19	18
0	77
0	152
0	24
0	12
0	131
0	17
0	148
0	38
0	38
168	44
51	43
4	43
0	51
0	8
1	3
0	0
13	0
35	50
0	74
20	95
32	92
0	16
0	48
0	1
0	1
2	0
0	249
0	243
52	4
0	247
0	31
18	176
0	16
0	16
5	20
26	11
0	16
0	2
0	2
0	2
0	1
1	4
0	4
0	7
20	103
2	106
37	0
28	17
0	48
0	24
8	18
0	9
1	9
0	9
0	45
0	45
50	28
0	19
0	11
0	0
0	11
0	11
0	3
4	0
0	2
0	8
0	6
0	69
32	25
0	2
0	2
0	2
2	2
0	2
0	0
18	23
3	90
124	0
8	84
30	24
0	2
58	20
0	1
7	1
0	23
4	0
2	45
135	1
23	1
1	0
3	18
0	18
0	18
10	17
0	3
0	1
0	14
4	12
1	13
0	12
0	3
13	1
0	37
2	21
0	24
31	11
0	11
0	2
0	0
0	1095
0	1095
130	1059
15	22
1	22
0	2
0	1
2	0
2	19
1	12
461	151
0	151
2	28
0	133
3	53
0	2
1	4
0	6
0	0
2	7
14	3
9	49
0	0
28	74
5	119
0	27
89	87
0	102
0	84
35	127
0	5
1	20
0	20
0	5
0	20
0	20
0	13
5	1
1	20
0	8
3	8
0	8
0	110
23	35
0	43
51	34
0	34
0	2
0	1
0	9
2	131
0	131
0	0
0	6
0	2
0	2
0	5
1	4
2	1
3	35
1	46
0	46
1	60
0	30
70	0
0	3
0	0
6	2
1	11
0	63
6	64
1	64
15	6
0	1
0	1
0	0
0	167
0	0
0	149
0	169
0	167
0	62
0	62
5	29
8	29
10	20
0	19
0	19
159	56
6	56
1	32
156	55
0	31
22	3
54	17
0	15
0	3
0	3
186	43
0	28
0	3
39	29
42	60
0	10
0	39
0	33
47	13
0	6
0	8
0	4
3	13
0	7
5	3
52	131
0	131
43	492
0	198
0	19
0	6
0	267
0	238
0	88
0	231
0	251
5	0
0	250
0	71
0	14
0	14
0	14
0	14
0	13
1	13
11	3
0	207
18	93
0	126
0	42
1	42
17	23
112	38
0	205
17	2
0	2
39	63
1	2
20	3
0	0
9	0
0	0
1	0
0	62
310	16
3	12
0	14
0	14
42	357
36	334
0	4
42	5
0	8
8	181
1	0
2	15
0	2
72	0
1	33
0	6
0	23
0	15
0	22
0	18
18	14
2	17
0	84
74	123
0	68
6	2
15	13
0	129
0	124
32	1
47	164
0	35
0	35
8	164
29	0
0	107
0	42
0	60
0	0
54	107
23	27
50	32
5	32
0	2
37	112
0	3
0	2
0	32
3	24
1	23
0	23
0	21
0	22
0	3
17	3
0	19
3	19
0	310
53	341
0	36
0	112
0	96
25	90
11	36
14	31
0	2
3	15
0	5
11	5
5	16
0	13
1	8
0	8
0	8
0	0
0	0
7	3
8	0
14	125
0	178
0	112
0	127
0	50
0	50
300	135
6	131
160	63
0	2
0	4
0	26
191	135
0	81
0	60
0	33
0	10
1	11
1	8
7	117
0	42
30	0
0	158
117	1
0	1
290	384
1	22
85	133
6	113
22	74
93	17
0	0
29	0
41	35
50	28
0	0
0	113
0	0
0	172
276	252
0	253
17	3
0	0
0	0
15	0
11	7
169	110
0	94
0	22
0	19
0	35
0	10
0	19
6	2
1	2
162	6
0	5
4	1
0	2
0	150
62	153
0	82
59	115
7	115
10	111
8	7
4	1
2	105
18	3
4	3
0	109
1	109
0	5
0	6
0	11
96	115
549	142
13	123
0	142
0	139
1	6
386	2
37	50
0	81
0	60
47	534
3	542
4	53
1	21
0	4
0	1
6	6
0	6
0	542
4	68
0	4
0	68
0	7
0	4
24	10
4	59
0	6
0	0
44	0
157	10
0	13
254	247
21	247
0	236
0	8
20	2
84	4
0	1
105	5
0	9
1	12
0	12
4	2
35	82
6	45
1	48
0	38
0	26
0	47
213	64
0	64
0	0
6	0
2	1
0	200
0	200
0	68
9	70
0	103
0	62
0	62
0	19
3	0
0	1
0	1
0	6
0	6
0	6
0	76
0	9
0	14
0	13
0	8
0	3
0	12
0	6
0	2
0	5
26	7
0	6
0	81
0	76
508	22
11	27
3	22
0	22
13	0
8	27
1	13
0	27
0	2
0	3
0	3
1	0
20	16
0	48
0	17
0	2
0	33
0	12
84	33
0	1
23	1
0	1
5	0
1	17
0	17
83	181
5	84
0	0
2	0
0	0
14	0
53	80
0	80
0	78
37	0
175	227
2	1
0	1
1	146
2	226
2	1
0	0
0	0
120	127
0	123
1	9
6	0
0	105
0	94
0	47
52	66
0	3
13	0
0	23
100	6
0	3
0	5
0	5
0	0
54	0
0	0
0	3
95	3
1	157
282	131
0	15
0	51
0	0
0	49
2	2
0	5
0	0
59	75
5	0
1	0
1	94
3	7
55	0
0	90
56	340
31	36
2	28
9	312
0	10
0	20
5	2
12	12
4	27
29	23
0	6
0	11
0	8
0	21
1	86
8	110
4	0
2	0
2	117
0	0
20	117
0	94
0	99
0	63
1	94
21	19
0	9
0	3
0	9
0	26
0	25
0	27
0	12
4	0
0	8072
58	17
28	16
0	8072
0	15
3	2
21	0
0	2
0	162
1	88
2	2
1	3
24	4
0	84
4	57
6	6
0	6
5	25
0	5
2	2
23	26
0	2
0	0
0	2
3	7
0	7
0	7
0	5
6	6
0	2
0	3
0	0
0	1
0	113
176	114
0	11
492	11
29	15
682	441
0	441
1	428
0	433
0	0
2	0
0	0
2	5
13	0
24	7
1	1
0	6
28	14
0	14
45	62
0	61
0	62
0	1
0	1
0	1
0	1
1	1
0	0
2	0
2	0
94	31
0	31
0	22
0	631
303	631
0	0
1	2
0	2
2	113
16	25
1	4
15	25
3	0
16	39
0	50
0	46
10	115
35	122
9	95
2	72
0	7
0	0
0	333
0	46
2	8
19	270
0	53
2	333
0	53
288	33
21	33
0	0
42	0
16	209
0	209
0	209
30	32
0	16
0	16
0	16
0	16
0	21
0	21
0	20
0	21
0	21
0	21
0	11
11	1
22	1
0	1
20	140
5	1
0	7
0	22
2	1
1	1
3	1
9	10
0	12
71	29
0	23
3	1
1	0
213	69
0	69
10	18
22	18
0	4
0	26
0	29
0	29
0	1
1	4
0	3
0	0
122	9
1	0
0	4
1	4
0	0
0	0
0	0
0	5
4	0
16	58
0	32
0	27
0	25
0	26
0	27
16	55
0	54
51	33
0	33
13	29
19	396
13	404
0	411
0	411
0	10
7	15
2	0
16	29
3	7
0	6
0	7
1	88
1	5
18	16
0	90
41	40
2	27
0	13
2	0
20	3
0	9
0	1
1	7
5	8
1	66
0	1
0	0
0	0
0	116
8	118
0	122
12	134
0	39
0	2
0	1
0	1
1	66
625	58
6	2
2	4
12	87
0	89
109	0
6	55
23	57
42	47
10	4
21	14
2	0
70	155
7	4
0	8
4	1
0	29
0	4
2	2
36	0
0	2
0	3
0	3
0	2
3	1
0	122
851	65
64	65
9	45
0	45
5	0
3	2
216	100
0	25
4	2
0	2
18	1
2	99
0	16
4	250
25	191
0	27
0	65
1	1
0	1
10	89
41	89
0	28
0	28
1	20
87	45
66	61
32	8
0	24
0	24
132	0
60	91
0	97
4	50
0	0
8	1
0	1
0	19
1	0
21	67
0	32
0	5
0	4
60	372
42	402
12	443
0	7
0	446
0	343
0	29
12	373
6	13
0	1
145	383
0	0
186	7
0	6
2	0
69	6
0	277
42	300
15	6
0	114
0	1
0	3
1	0
2	4
28	148
4	26
85	0
0	111
544	111
1	1
0	3
0	2
1	4
12	3
0	1
6	0
0	3
45	139
0	139
2	4
0	28
14	463
2	463
0	291
0	80
4	21
0	19
0	20
7	0
27	18
217	33
19	4
0	5
0	1
0	33
281	145
212	33
1	117
0	664
216	0
4	307
1	301
53	307
190	224
0	8
55	15
11	29
35	13
313	0
0	37
0	37
534	117
7	107
0	83
1	103
0	115
0	9
34	88
0	6
8	101
9	26
0	27
0	13
0	1
1	15
0	2
0	1
0	4
0	24
0	11
7	76
6	23
0	10
0	38
177	6
21	28
2	25
0	6
18	54
8	11
18	7
12	9
140	51
0	5
0	32
0	1
5	0
453	42
0	23
3	30
20	7
145	517
0	111
1	83
1	412
6	0
0	6
0	3
0	3
1	5
9	3
0	1
2	1
27	34
3	23
3	1
0	11
0	3
0	1
0	0
4	0
0	2
7	24
3	0
0	7
1	7
0	7
0	1
32	22
0	0
0	2
15	230
0	223
0	363
0	31
0	25
2	2
0	16
28	363
11	22
0	25
0	13
4	11
0	5
17	6
0	4
31	59
0	11
0	6
0	2
0	58
27	71
3	2
18	76
0	61
0	62
0	69
0	2
0	3
0	0
4	1
323	10
0	2
1	0
91	0
310	1
3	1
27	45
0	29
0	19
8	20
0	33
0	13
0	3
1	7
8	22
0	57
0	2
0	0
0	57
0	54
0	0
0	54
667	1
0	0
1	0
118	1
8	1
40	10
0	0
1	0
0	1
0	9
0	4
0	6
3	6
0	2
71	13
2	13
32	194
38	36
31	23
9	9
15	4
18	1
11	13
185	2
0	8
32	74
26	74
3	73
34	43
4	41
28	264
0	259
0	259
0	42
12	24
0	24
0	24
151	1
0	1
0	0
0	4
0	4
0	3
0	2
0	4
6	0
0	205
36	205
0	3
0	3
0	0
0	136
0	1
19	180
4	180
4	145
13	0
6	102
0	121
9	121
0	118
6	0
1	0
21	0
1	4
0	4
0	1
3	1
1	1
2	21
2	21
0	23
8	15
529	16
30	16
99	100
16	52
0	23
0	7
7	10
87	2
0	3
0	3
4	0
3	0
1	47
0	61
0	68
2	23
9	73
0	48
1	46
0	0
0	0
0	1
0	8
2	8
0	1
0	1
341	186
8	187
78	73
129	72
174	1
1	561
0	153
0	519
0	126
0	6
492	8
0	3
83	8
0	1
234	50
5	44
0	63
0	29
0	21
0	11
134	30
0	10
102	20
0	62
0	64
0	64
0	4
0	24
0	26
130	37
0	33
11	23
9	3
4	1
28	215
0	213
0	139
0	13
90	6
0	1
3	0
0	4
128	20
0	3
0	16
24	50
7	8
96	8
54	68
0	6
40	4
0	74
0	190
20	7
0	7
0	27
0	123
9	84
25	36
11	36
8	2
0	1
1	1
5	126
0	65
179	65
0	22
0	22
113	76
0	2
0	12
0	9
0	32
0	25
1	4
0	1
21	58
69	2
4	0
4	54
20	84
2	1
0	85
4	17
0	17
0	4
0	4
0	2
0	4
0	1
3	7
3	17
1	1
3	1
0	715
28	716
0	120
0	63
2	1
0	1
2	0
10	60
9	88
0	53
0	27
145	13
10	88
2	77
3	129
12	98
259	149
0	142
0	3
0	118
0	148
281	204
15	77
9	80
0	5
0	4
47	88
0	80
0	79
12	85
141	14
0	14
89	0
15	85
3	6
65	69
0	69
0	15
5	6
0	1
0	47
0	34
0	21
0	3
0	12
0	9
0	8
0	0
22	55
8	58
6	9
5	7
0	1
0	33
0	0
23	40
11	40
0	40
15	40
0	36
4	1
0	1
9	0
43	85
0	94
58	13
0	83
0	1
0	54
0	33
20	4
0	3
194	1
0	38
2	83
37	3
1	4
0	3
1	12
0	12
0	1
0	0
1	155
59	18
5	7
0	0
0	0
0	11
0	22
0	23
0	1
0	73
0	73
15	88
0	95
1	94
0	1
0	106
1	21
0	106
0	104
0	104
0	111
0	51
0	2
0	53
0	63
0	2
6	1
9	0
85	106
0	19
12	89
0	4
0	0
0	45
0	177
0	36
7	1
0	85
18	46
11	436
39	118
5	123
9	107
4	7
1	0
0	2
0	6
0	280
25	11
0	274
14	274
2	85
125	69
32	62
0	16
68	102
0	2
28	96
27	96
8	197
0	197
0	9
12	3
4	0
0	7
0	74
8	76
0	2
3	133
122	143
0	87
0	10
1	96
58	10
0	2
4	3
13	48
0	4
0	23
0	55
0	52
65	103
68	22
0	2
0	43
0	61
0	65
0	78
0	78
4	296
0	7
8	54
0	42
0	86
0	62
2	2
2	2
0	4
0	9
11	19
0	3
0	9
1	1
0	172
140	258
11	58
4	23
1	66
0	15
0	17
0	64
4	0
0	9
0	50
0	0
0	64
8	1
4	11
0	11
0	6
0	1
0	2
0	1
87	364
0	364
1	82
39	25
39	47
0	9
0	23
0	44
0	2
0	10
105	11
0	20
1	11
7	8
22	18
0	4
7	75
24	15
31	15
17	30
3	0
18	30
10	21
0	21
0	1
2	0
0	0
3	0
19	0
0	472
0	18
0	480
0	478
0	478
0	474
1	59
94	28
42	12
52	16
15	33
23	0
0	3
0	10
0	6
0	0
1	0
4	8
0	8
0	4
7	2
0	1
0	69
0	5
0	5
1	41
0	133
0	106
10	0
0	8
17	3
3	92
16	91
0	73
41	8
0	8
214	20
1	83
0	91
0	37
2	0
36	3
0	9
19	132
0	125
0	92
62	44
0	36
95	40
0	6
1	2
1	15
1	34
0	13
0	22
0	3
0	17
13	57
0	53
0	2
10	12
0	22
25	47
0	81
120	5
0	5
37	0
303	0
4	70
0	68
0	35
0	12
6	31
63	66
54	2
12	246
1	5
58	115
0	75
0	109
23	87
0	65
0	53
0	0
1	0
0	30
0	39
0	2
0	30
0	240
59	23
0	2
0	231
126	233
7	54
0	57
0	26
9	1
0	1
0	4
0	3
0	0
0	1
1	0
7	604
0	604
58	454
0	83
0	129
4	0
119	2
55	57
7	25
9	17
0	11
3	3
0	2
0	2
0	210
0	10
15	20
0	3
0	12
0	0
0	9
0	0
0	0
2	9
0	9
0	18
0	20
0	3
0	3
8	37
3	41
0	36
0	37
0	37
0	28
0	28
0	30
0	27
0	22
0	22
0	14
0	3
0	3
0	0
0	0
0	1
0	1
0	1
0	1
18	0
0	24
12	24
0	24
0	8
1	30
0	7
0	11
0	11
4	1
0	14
0	4
0	43
6	48
0	17
0	7
10	9
0	4
216	263
0	263
1	1
9	35
0	35
0	35
160	71
11	5
0	5
9	113
21	49
20	92
0	48
0	31
0	34
0	31
0	28
0	20
0	64
0	4
1	0
0	7
0	7
0	6
0	5
1	13
20	8
20	2
0	0
0	9
0	9
6	8
4	1
2	0
0	0
233	41
0	6
1	35
45	125
18	27
0	10
0	26
3	40
0	24
12	0
42	81
0	64
60	72
0	12
15	37
0	37
0	25
306	0
0	0
0	0
0	0
5	0
16	17
7	13
26	0
191	0
42	6
0	1
10	1
53	2
354	211
1	43
0	0
0	211
3	44
0	42
1	36
0	11
0	2
0	4
0	3
1	0
0	8
0	69
38	17
16	16
4	0
0	17
0	0
0	2
2	2
1	4
0	4
0	17
809	155
0	153
134	153
0	70
0	1
0	1
0	2
0	10
8	152
163	0
0	151
83	27
0	27
0	0
0	0
0	0
0	0
0	0
0	1
0	1
0	853
193	855
171	247
0	236
0	114
230	1
1	0
0	1
0	1
0	1
4	1
19	672
0	691
0	528
0	165
0	1
57	44
0	1
0	30
98	43
16	16
6	16
176	10
0	25
0	2
137	28
0	4
0	2
0	28
31	21
0	52
0	36
0	48
0	48
0	54
0	48
0	48
0	5
0	17
0	50
1	9
0	1
0	1
0	17
2	42
5	32
4	41
0	1768
10	1778
19	706
1427	2404
0	948
0	85
66	25
153	106
4	15
8	1
2	2
1	0
0	0
0	82
42	23
0	1
0	1
137	1
0	1
0	5
57	32
0	12
8	0
73	21
0	22
0	18
0	3
3	16
0	1
12	1
0	0
0	20
38	20
55	0
0	4
5	10
244	112
0	103
560	74
0	63
5	15
0	17
0	5
34	2
0	24
0	2
61	0
3	19
0	19
1	8
1	8
199	343
0	75
0	6
2	2
1	1
0	0
0	8
1	2
11	1
0	9
0	271
116	0
5	0
21	0
0	88
10	17
0	14
0	0
3	0
0	21
0	21
190	3
9	37
0	55
0	15
17	1
0	19
0	2
270	107
50	231
0	95
24	155
0	117
0	4
3	0
2	0
39	16
0	2
0	130
0	21
5	19
1	18
37	27
2	11
4	27
0	23
0	21
0	24
0	1
0	2
0	0
44	179
25	179
0	130
0	82
18	35
5	35
0	10
1	2
0	28
0	28
6	30
0	28
0	3
0	40
0	40
4	16
0	2
0	1
12	0
10	9
2	9
1	0
0	0
0	0
1	1
0	30
1	50
1	23
0	0
0	23
0	3
0	23
3	0
0	4
3	23
0	19
0	6
0	0
4	1
0	0
0	0
0	0
0	0
224	125
6	10
1	4
0	20
0	0
3	14
720	73
9	54
0	40
0	21
0	1
16	9
0	9
1	9
78	91
14	12
1	11
0	12
22	0
45	4
0	7
3	7
73	39
0	62
0	30
9	51
0	3
0	130
6	124
0	87
3	5
0	0
0	2
0	35
6	0
171	0
71	1
0	123
9	97
46	122
31	28
76	49
0	16
316	44
0	10
24	43
0	10
0	0
0	0
23	20
0	20
1	0
0	6
0	0
0	6
0	11
0	12
0	25
0	25
0	26
23	57
0	14
0	16
0	12
0	42
37	29
20	25
4	82
5	66
0	96
151	85
8	0
1	1
17	2
0	82
36	114
330	776
6	776
8	53
1	1
0	0
1	40
0	288
0	11
0	21
0	21
241	11
0	11
0	1
0	1
2	1
0	1
0	0
122	61
12	66
0	59
0	33
0	13
0	0
37	0
46	2
7	4
0	1
0	1
0	0
0	0
0	3
0	350
43	323
0	18
0	302
0	186
97	0
362	308
0	310
0	82
45	45
14	25
0	2
13	45
0	2
0	0
0	293
40	328
24	12
0	12
16	9
12	9
9	12
0	6
2	7
0	0
1	5
0	7
0	7
22	40
0	12
1	62
0	68
0	45
0	34
1	0
0	14
0	79
3203	0
9	2
0	2
0	2
34	12
5	14
0	0
13	9
0	0
19	70
23	1
0	1
120	1
7	69
0	4
0	3
2	0
0	2
1	1
1	13
0	10
8	1
0	1
44	66
13	29
1	17
0	14
0	14
24	5
17	2
0	2
3	0
3	0
0	0
11	4
2	0
1	37
59	29
179	11
0	3
12	5
0	8
0	3
14	44
0	19
9	3
9	16
0	0
4	0
0	23
0	20
0	21
0	20
0	3
2	18
0	8
0	15
33	15
20	15
6	12
0	7
0	13
9	0
0	12
0	11
0	146
8	146
40	50
0	50
0	2
0	1
0	1
2	2
0	2
4	1
0	40
0	18
0	20
8	16
0	35
6	35
0	12
0	12
32	12
0	12
0	12
101	197
2	197
37	16
16	75
25	0
11	5
10	277
3	0
19	53
0	269
0	8
17	0
1	0
53	0
0	12
1	117
0	14
0	3
0	0
0	1
0	4
0	119
9	54
5	113
0	53
0	53
0	19
2	1
0	113
0	112
64	68
137	68
29	340
91	340
99	76
0	76
0	1
0	8
0	75
32	0
0	83
0	423
0	2
0	424
0	420
0	415
4	3
0	420
0	423
0	417
0	48
0	10
0	13
35	48
0	7
11	2
0	3
0	353
24	17
265	200
6	184
0	0
70	16
2	0
10	33
11	28
0	0
7	0
0	42
7	17
8	73
2	23
0	42
213	8
272	9
179	85
0	6
0	24
0	2
0	1
0	1
0	0
0	45
107	96
0	79
0	85
2	61
8	7
0	4
0	6
0	5
33	1
0	3
18	70
35	114
9	96
83	50
0	71
0	85
11	7
0	7
0	3
0	7
1	54
0	54
0	1
11	4
100	23
4	23
0	23
4	2
84	13
11	14
0	9
0	7
16	7
1	144
0	133
79	115
9	502
6	226
0	267
0	46
83	234
546	315
461	346
51	50
0	48
0	2
1	1
25	1
0	34
0	35
0	10
6	18
0	22
0	12
0	26
0	10
62	37
0	24
0	24
0	23
0	0
1	0
0	24
0	27
0	27
3	19
34	197
0	133
33	132
212	65
3	25
1	35
280	0
95	41
1	41
0	41
24	8
0	0
4	8
1	4
0	8
0	8
3	0
0	37
683	45
24	46
0	29
0	23
0	23
0	40
4	38
0	38
0	40
1	7
0	0
0	6
0	4
0	4
0	21
60	2
0	2
0	13
0	19
0	22
4	0
0	2
0	2
1	6
0	22
181	23
0	23
0	0
14	1
37	7
0	12
70	84
0	11
0	7
0	12
1	94
0	12
0	11
0	12
0	5
0	1
0	6
0	6
0	3
0	1
2	15
66	14
668	40
16	0
26	25
18	23
0	1
0	11
0	15
3	0
0	2
0	25
520	51
0	4
0	5
18	4
0	5
71	42
0	40
0	42
28	36
414	514
0	3
2	147
0	21
29	217
113	85
0	79
0	114
2	62
0	23
10	76
0	214
153	11
14	58
1	37
23	30
0	30
0	58
0	2
0	3
1	0
0	0
0	132
0	132
0	4
11	5
0	0
0	2
106	36
4	35
0	4
67	66
0	71
0	8
2	7
0	9
0	170
0	170
0	170
2	0
13	0
0	32
26	1
42	38
3	1
0	231
0	79
4	3
2	3
5	54
7	86
45	7
0	1
0	27
16	57
6	57
0	268
0	6
0	265
60	0
101	1
5	266
67	18
3	2
5	1
3	16
19	82
2	101
0	70
0	24
0	23
0	5
1	59
0	18
0	0
0	18
0	18
13	0
0	0
0	0
2	0
0	59
3	77
0	27
16	113
0	57
0	78
15	64
0	13
62	96
0	101
19	1
3	17
0	4
2	0
2	0
6	0
3	0
0	1
3	1
6	1
0	124
44	14
2	25
32	95
1	7
2	7
0	6
9	95
6	95
0	95
2	2
0	11
0	16
0	19
0	9
0	15
0	30
134	0
0	21
170	172
0	11
13	199
116	214
0	41
1	180
1	46
0	80
0	85
270	279
0	279
0	4
9	2
277	7
8	7
0	5
5	0
15	18
0	18
0	9
0	1
22	51
0	9
0	46
0	3
0	1
0	48
0	0
15	48
462	173
0	123
3	1
2	0
0	173
0	314
0	314
0	4
0	9
1	9
0	302
0	302
1	0
2	2
3	0
0	10
0	18
89	0
1	17
2	2
0	17
38	9
830	4
100	21
2	5
37	4
35	4
21	3
1	3
0	13
0	8
0	12
0	1
505	157
0	0
6	2
0	58
13	0
0	45
115	23
0	0
72	29
0	0
72	18
0	6
0	3
0	8
0	15
0	21
0	4
0	65
0	31
0	118
0	152
0	35
0	14
11	32
12	8
6	2
1	1
0	4
0	5
37	2
2	41
0	41
0	17
0	32
0	32
0	17
0	0
5	12
6	12
31	0
0	306
0	6
0	15
0	264
10	304
0	88
0	69
74	0
1	181
5	181
1	85
0	3
1	39
0	39
0	29
0	8
0	3
0	2
42	31
0	1
0	0
25	0
0	0
60	38
1	0
0	0
0	0
0	0
3	82
0	580
20	71
5	0
1	1
0	635
0	35
0	34
0	1
0	1
1	1
0	11
0	0
1	0
0	35
5	61
0	43
64	48
0	61
164	4
5	0
2	10
19	1
7	10
0	10
8	16
3	0
0	4
20	27
70	18
0	53
0	68
33	40
55	25
0	24
6	24
10	40
0	0
15	23
38	0
38	35
13	17
0	0
6	0
18	2
52	16
0	16
0	12
1	4
0	0
0	2
0	0
3	0
2	35
0	6
32	28
0	72
1	44
239	57
114	0
0	42
66	318
22	337
20	75
5	3
0	37
0	30
0	4
0	4
83	0
4	3
0	3
0	30
59	30
0	29
0	24
5	5
1	13
1	3
4	13
3	5
36	18
0	3
90	0
27	276
20	247
6	271
0	276
0	270
0	274
0	256
38	144
0	137
0	119
0	119
0	119
0	119
0	117
0	117
1	117
0	73
0	75
0	73
1	2
28	0
0	6
0	269
0	269
0	267
0	269
0	113
0	113
20	2
0	25
28	18
6	0
12	6
0	3
14	37
0	37
6	0
0	9
0	3
0	38
1	41
288	47
13	33
16	47
0	31
206	123
9	123
0	81
0	11
83	0
324	38
7	47
34	54
0	18
9	0
5	0
45	0
0	70
4	48
0	0
0	0
0	69
818	124
0	0
39	180
270	684
46	589
57	594
0	109
0	11
0	2
0	2
33	1
0	13
0	0
1	0
5	9
483	130
19	61
0	103
0	38
0	6
61	14
13	13
2	0
1	5
0	5
0	0
0	10
13	9
1	0
97	0
0	0
2	1
1	3
10	28
0	25
0	28
5	1
0	6
0	6
16	1
0	0
0	1
1	1
11	0
10	19
0	19
0	19
0	0
0	18
1	1
0	15
130	70
12	180
0	180
3	4
7	13
1	12
57	16
1	6
0	6
6	0
393	0
38	25
0	24
8	9
0	6
0	2
41	0
0	52
69	1
1	1
3	1
14	12
0	2
0	6
22	0
38	0
0	0
0	0
40	40
0	16
4	0
0	111
0	109
0	110
7	86
0	19
54	0
3	1
0	22
41	29
65	125
9	16
0	6
0	16
2	6
0	4
1155	5
2	20
0	11
0	103
2	90
67	90
7	234
9	232
1	232
0	235
0	239
22	237
0	2
11	56
0	24
11	46
8	12
4	12
0	2
0	2
0	0
0	0
122	7
58	70
0	65
0	16
8	2
31	2
26	64
91	0
5	1
0	1
1	7
0	7
5	6
1	2
0	2
0	2
1	1
0	3
0	193
0	194
67	319
0	176
0	173
0	44
11	69
0	62
0	71
44	59
153	59
3	16
0	16
0	0
0	0
0	67
0	39
0	67
3	47
0	65
16	100
0	100
57	83
124	6
14	1
3	56
0	91
13	9
92	86
0	0
0	0
0	0
250	614
4	8
2	26
0	6
33	1
1954	614
0	76
18	92
5	6
477	205
2	201
3	0
0	1
188	18
326	16
21	18
2	6
0	199
12	150
6	49
27	0
13	11
0	11
0	42
0	8
43	17
27	42
52	35
0	25
0	2
23	21
0	4
0	9
0	6
3	2
0	8
15	27
32	27
0	5
0	0
14	11
0	12
0	12
137	86
252	0
894	23
3	23
0	6
0	6
4	28
41	67
213	35
0	36
26	73
0	76
31	73
0	41
0	48
0	7
1829	1011
0	1071
39	7
0	7
5	4
0	51
0	56
95	66
0	52
0	66
81	43
0	129
0	5
0	4
0	3
0	126
9	52
11	34
0	35
0	11
0	6
0	27
9	27
0	10
0	20
0	8
40	10
48	19
8	3
0	17
20	8
0	4
22	43
91	47
10	43
10	40
1	9
0	1
0	21
1	1
1	36
1	20
0	13
0	4
0	11
20	92
7	1
92	9
3	9
0	9
3	0
0	0
47	0
1	0
184	21
0	17
2	6
24	12
0	119
16	33
4	21
0	30
0	3
5	3
0	3
0	23
0	3
0	82
0	3
0	3
0	2
0	18
315	106
0	70
188	64
30	10
1	2
3	62
3	5
2	5
648	27
13	11
6	16
0	23
274	31
1	31
0	68
0	68
0	3
3	1
0	3
275	22
3	22
0	11
0	11
0	7
0	1
1	0
0	0
14	0
74	3
0	3
0	52
0	61
0	24
0	13
0	13
3	1
3	1
0	7
1	31
0	10
3	22
0	22
1	0
1	0
0	0
0	0
2	20
13	4
0	36
0	36
52	127
17	15
10	16
0	103
43	10
0	10
0	95
0	96
0	4
0	29
0	29
0	29
0	0
144	7
1	7
123	131
7	29
0	29
0	22
3	50
1	48
0	0
0	49
13	54
0	14
0	49
1	25
0	25
2	7
0	3
0	7
0	13
0	15
0	16
0	1
0	0
16	25
0	24
0	3
0	2
73	162
1	1
0	1
0	1
6	10
6	26
0	29
16	0
0	1
3	9
0	8
0	0
0	0
334	89
0	8
14	81
47	16
37	149
10	17
9	3
0	2
9	0
1	18
2	5
1	525
0	556
0	4
2	4
1	4
23	11
41	22
0	22
506	41
4	118
0	6
0	2
10	33
0	133
0	6
0	2
8	1
16	2
9	1
46	2
0	41
0	31
0	7
24	256
0	44
33	201
227	2
0	33
6	0
108	6
0	54
1	3
0	0
112	48
1	2
0	49
0	1
1	3
1	3
0	0
0	1
1	26
7	8
0	6
0	27
19	58
0	8
101	129
0	0
0	5
0	26
0	126
2	126
19	29
1	11
0	11
0	1
0	3
0	0
0	0
1	5
0	5
0	0
210	122
0	122
0	56
0	48
0	56
0	55
0	49
0	8
0	8
4	8
0	5
0	21
0	5
1	1
0	0
0	0
0	0
131	1
2	1
0	1
30	290
73	281
14	9
1	22
0	21
0	21
6	13
0	13
0	0
0	0
18	0
0	4
0	0
0	0
1	0
0	6
1	0
0	0
1	1
0	3
4	1
0	1
0	0
34	99
53	74
0	13
0	13
0	7
0	1
8	25
0	2
123	0
2	3
0	2
216	75
23	94
0	19
2	19
0	19
11	16
0	6
2	14
32	5
29	5
1	7
55	16
18	15
0	1
11	14
0	4
2	0
2	14
0	11
8	6
35	0
0	22
0	20
0	7
758	0
0	75
0	69
0	13
7	9
0	0
0	0
0	13
0	13
2	0
5	28
5	1
0	14
0	2
0	19
6	1
594	104
6	39
20	115
0	39
0	115
0	35
41	124
0	50
2	5
0	40
23	80
4	3
0	7
4	6
26	38
0	12
0	1
0	1
0	2
0	2
3	3
263	110
0	110
0	0
1	76
1	89
0	72
2	69
0	11
3	15
0	1
3	0
0	0
0	4
0	15
107	192
9	40
0	0
472	219
0	93
13	3
285	32
0	17
0	0
2	3
0	0
0	7
0	4
485	28
1	3
0	1
629	24
50	116
0	141
0	129
0	55
0	86
0	16
0	11
0	15
29	0
0	0
0	3
3	0
0	2
0	85
6	5
0	43
0	43
0	17
0	17
2	4
0	14
0	3
46	21
0	12
0	1
1	0
1	29
0	29
2	5
0	1
4	2
0	76
269	69
29	15
102	14
0	4
0	10
0	7
21	113
3	110
0	110
0	81
0	127
0	66
0	50
0	400
28	145
18	395
8	95
0	19
0	2
287	0
24	127
0	182
69	6
0	0
5	98
12	34
29	3
6	3
12	0
0	21
0	21
0	21
0	21
0	21
0	21
2	9
0	0
0	0
0	29
0	29
147	0
3	153
0	154
20	154
63	154
0	120
0	9
0	5
0	0
33	49
65	0
201	2
0	50
0	0
0	70
0	70
770	712
0	458
0	101
0	165
43	58
0	26
0	40
0	115
0	14
14	33
0	0
4	65
0	92
26	23
2	26
17	1
0	3
0	115
26	115
52	37
0	15
0	7
5	4
0	3
2	3
0	3
5	0
40	3
83	2
2	2
152	9
530	20
0	11
6	8
115	17
23	7
24	7
9	15
0	15
1	0
0	3
0	0
0	0
85	0
9	0
6	2
1	0
0	0
1	2
3	2
11	0
47	36
25	16
0	149
0	73
4	10
0	139
0	2
13	71
4	82
27	44
10	2
0	4
1	3
118	0
2	0
39	31
79	12
1	2
47	65
3	26
3	4
11	0
1	1
1	1
0	1
4	4
7	0
1395	354
0	374
328	103
19	157
0	89
0	22
0	15
0	22
4	131
0	131
395	54
79	57
0	57
142	2
23	27
0	27
71	1
0	0
10	3
0	3
13	21
29	48
0	10
1	21
0	21
0	15
0	0
0	4
0	0
4	1
29	114
0	3
0	4
0	4
2	2
2	1
36	8
17	53
0	1
24	65
165	27
0	1
0	27
0	0
0	0
0	35
0	118
17	44
13	1
0	43
808	74
0	0
0	35
7	37
19	4
1384	74
3	0
756	44
123	57
4	59
0	16
27	0
0	1
0	1
179	45
1	0
0	3
21	160
0	3
0	8
0	45
0	51
0	8
0	7
1	0
2	2
5	0
0	1
1	0
0	0
27	1
65	76
5	50
4	43
168	71
0	2
0	58
0	0
0	1
0	1
4	1
0	0
2	29
13	19
0	41
0	10
0	9
8	0
0	6
7	12
6	14
0	2
32	6
0	4
0	4
0	2
557	182
0	62
0	101
1	14
0	14
0	280
22	87
0	36
0	12
1	11
0	30
0	3
0	3
0	3
0	2
0	2
0	46
0	20
0	23
507	6
58	4
0	19
11	6
0	5
0	2
0	1
0	1
21	76
0	76
1	1
2	1
1	2
3	1
1	28
0	15
0	13
3	138
0	147
1	97
1	8
10	7
37	252
0	240
5	271
4	0
24	9
0	271
16	23
5	11
0	0
0	8
11	6
7	12
0	3
0	3
0	0
0	0
0	5
0	6
0	7
268	325
2	15
0	15
5	36
3	15
0	36
0	10
0	1
0	1
19	282
8	25
0	15
0	12
145	0
21	39
0	14
0	5
0	0
37	36
0	23
0	23
175	63
0	46
0	72
0	67
0	21
346	28
65	5
1	3
5	1
4	0
1	1
1	1
0	1
3	14
0	14
0	4
0	4
0	1
8	20
0	20
0	7
15	25
0	25
0	1
0	1
0	1
0	35
3	4
16	7
0	5
0	6
0	35
213	24
1	0
6	1
29	2
3	42
0	42
0	2
0	3
0	4
0	4
0	15
161	54
0	8
0	0
0	0
0	0
11	0
1	39
0	7
6	0
12	7
0	28
50	3
0	0
0	302
0	248
1	6
0	302
21	4
1	10
227	94
8	19
135	185
9	3
0	1
0	0
0	0
3	0
0	0
7	0
10	24
18	3
0	3
11	17
0	10
2	29
14	0
26	0
0	28
0	7
3	2
24	179
1	179
10	212
0	133
3	16
0	129
0	108
0	108
2	0
7	0
0	7
1	0
5	3
132	127
0	90
6	90
394	91
0	94
0	3
0	1
0	0
52	6
0	29
0	84
10	65
21	2
6	2
9	2
0	4
0	4
0	6
3	4
0	6
28	4
17	12
14	25
0	2
2	2
88	276
15	250
0	2
0	2
0	250
152	40
0	23
0	0
0	1
4	20
7	12
23	227
7	215
7	1
33	0
156	8
96	0
25	1
8	2
16	0
221	262
24	262
0	336
2	336
0	143
8	5
41	5
89	10
8	0
82	76
9	76
22	16
0	2
0	14
2	14
0	5
5	2
0	2
16	1
0	1
2	0
93	58
0	56
0	54
1	50
0	41
8	3
0	7
0	7
0	0
76	8
19	21
0	4
0	1
0	1
0	1
16	2
0	4
0	1
0	1
26	56
10	54
0	19
0	2
0	1
50	3
0	2
0	2
43	10
2	10
0	0
0	176
0	427
11	123
33	124
0	40
0	267
0	43
556	139
0	139
377	88
0	42
0	42
0	23
0	22
5	11
0	22
2	11
0	20
1	22
0	4
0	7
0	1
0	5
0	1
0	4
56	35
0	31
0	35
0	26
439	0
50	0
17	2
0	7
23	34
0	5
0	30
0	5
25	1
15	0
0	18
13	1
11	10
1	10
0	10
1	15
3	4
0	13
0	5
4	3
1	2
5	4
19	0
48	33
0	26
0	10
0	9
2	2
3	30
0	29
1	37
28	68
0	37
0	29
0	64
0	64
0	29
5	2
9	4
0	2
0	1
0	1
0	43
0	22
11	21
0	21
52	0
2	0
0	101
0	130
0	131
0	60
0	37
0	39
25	20
0	2
1129	378
252	264
0	378
13	153
17	104
0	5
0	122
0	48
4	0
0	2
189	0
26	1
0	1
0	2
0	0
0	2
0	2
0	2
0	0
1	0
0	2
28	17
0	22
14	5
3	17
4	0
29	70
0	70
11	15
89	13
0	2
1	1
3	0
0	1
127	2
0	2
0	0
105	18
72	0
41	0
0	0
28	32
0	1
25	48
0	22
0	240
15	0
10	329
0	329
0	58
0	11
14	0
368	10
0	10
3	0
0	0
0	368
0	368
16	374
0	82
0	82
0	65
1	52
0	36
39	6
0	3
1	33
0	33
2	0
0	0
10	90
0	143
1	66
0	2
12	11
0	0
0	10
0	1
1	0
800	23
0	0
1	0
0	8
8	1
0	7
0	10
0	2
2	15
127	76
33	6
0	1
0	0
0	0
0	32
0	24
8	3
0	23
111	5
2	1
0	4
0	0
4	0
0	3
0	167
1	157
0	261
107	166
27	22
36	163
0	62
2	1
24	69
203	195
0	128
0	164
0	54
0	102
0	170
1	93
8	0
1	2
0	1
0	399
0	399
263	1
87	1
20	265
2	2
0	0
40	263
0	52
0	4
0	11
2	11
11	41
35	173
0	1
194	10
11	2
0	2
23	0
4	80
0	41
13	0
0	12
52	103
0	12
1	10
9	1
1	1
13	29
1	2
0	2
1	0
4	2
37	14
0	14
0	15
0	15
0	15
0	15
0	15
2	0
0	0
0	0
9	0
120	124
32	108
321	157
4	86
0	1
0	0
126	48
0	18
12	14
0	2
2	2
13	15
0	20
0	0
1109	2636
139	39
0	0
0	38
0	0
14	0
0	33
0	0
59	4
15	42
1	27
1	0
4	0
15	0
165	11
1	0
1	1
5	0
30	0
0	9
0	9
0	7
18	13
0	13
2	4
0	4
5	0
0	0
0	2
3	3
20	11
0	14
8	14
3	0
37	148
1	89
9	148
88	3
4	2
0	3
0	7
0	0
6	0
0	0
0	1
1	44
2	1
24	0
48	33
0	33
366	0
0	31
0	105
0	1
0	1
0	1
0	1
0	105
39	18
0	26
22	34
0	1
0	14
10	16
1	143
0	13
0	2
0	4
21	7
0	1
0	1
0	1
0	65
0	143
23	6
1	6
27	183
0	71
36	39
104	0
0	73
0	6
0	6
0	13
0	8
0	12
0	15
45	17
0	17
0	4
0	14
11	6
0	5
0	4
0	3
1	3
1	2
0	2
0	2
0	0
23	1
0	1
2	1
10	0
0	0
0	9
0	0
0	9
0	0
0	8
0	5
0	0
0	6
0	5
215	0
17	7
5	9
0	9
0	15
43	20
34	16
0	12
0	3
2	1
0	1
155	57
0	57
14	1
0	0
8	0
213	96
14	40
0	5
0	62
0	2
28	87
106	20
0	319
1	3
4	299
0	90
0	10
0	61
0	17
0	5
0	2
0	17
9	0
0	90
3	0
115	1
0	13
0	72
5	0
3	1
11	209
47	0
48	36
0	36
40	16
16	19
22	2
0	3
8	0
45	0
0	9
1	9
0	6
0	6
0	3
0	14
0	0
8	0
163	86
23	72
0	5
0	0
9	0
5	13
0	13
2	8
15	0
0	0
0	7
0	5
0	5
1	1
0	0
4	0
0	8
24	36
2	109
4	88
264	97
0	19
4	23
121	214
2	191
0	93
0	61
0	64
0	21
39	77
6	38
2	38
0	14
0	2
25	11
0	11
0	11
0	7
4	1
5	2
0	8
0	1
0	7
12	21
30	14
1	13
0	13
0	7
0	0
0	16
8	15
0	3
17	4
23	50
0	50
9	1
0	1
0	9
0	10
0	9
1	8
0	9
0	83
0	37
0	58
1	200
1	47
0	159
2	3
0	46
120	296
0	73
8	44
0	303
0	101
0	336
0	18
335	5
0	1
0	4
63	98
6	1
0	17
0	16
5	234
2	234
0	7
0	0
2825	346
0	238
640	205
0	170
0	164
0	161
0	164
0	167
40	143
0	93
0	60
5	46
0	10
0	6
0	9
70	0
2	15
0	15
0	0
0	0
0	0
1	0
0	0
0	0
11	8
0	4
2	8
11	1
0	1
0	1
0	4
0	4
28	65
0	38
0	35
0	29
93	33
0	42
0	42
5	2
0	58
1	83
0	76
0	83
26	34
0	29
0	19
0	27
0	12
0	11
1	11
53	1
1	10
4	1
0	6
4	2
0	9
0	10
0	9
0	9
0	9
0	2
4	6
0	9
1	9
11	71
0	72
0	30
0	24
0	24
9	12
0	7
0	3
0	14
0	14
0	14
19	1
65	77
35	45
0	71
11	71
0	71
0	0
5	0
0	69
0	195
0	195
0	195
140	0
0	19
53	32
0	0
10	4
0	94
2	86
0	25
18	15
11	1
0	1
0	54
0	66
0	11
0	6
0	16
0	0
0	6
5	6
4	2
0	4
0	0
136	38
20	38
8	1
0	13
0	19
0	21
0	5
0	5
0	17
0	13
46	0
0	3
4	3
720	1415
80	1043
0	11
0	9
36	43
0	28
0	28
79	13
0	10
3	1
3	0
184	196
27	185
2	0
0	0
146	66
8	0
222	65
8	2
34	471
5	63
0	63
0	38
6	0
0	39
1	0
0	20
94	390
65	13
0	0
0	26
19	15
8	15
0	16
0	4
0	4
0	4
5	2
11	0
10	2
23	6
0	0
733	0
0	0
0	21
55	21
2	21
2	1
0	0
0	1
0	4
55	58
13	6
1	0
0	1
273	82
0	73
0	0
2	10
0	10
0	156
2	147
0	21
1	2
335	13
0	13
12	1
15	24
205	24
0	17
0	15
0	0
25	0
21	86
3	85
3	13
0	12
0	21
0	27
0	22
0	6
0	0
0	23
0	0
8	4
1	27
3	0
4	15
0	0
0	0
0	0
58	0
830	466
40	0
112	33
70	1
47	26
0	32
30	16
11	36
0	22
7	15
0	39
0	50
134	297
0	84
0	257
0	243
0	28
0	5
0	2
0	1
0	89
37	0
0	47
7	47
0	0
0	0
32	154
8	154
17	145
8	146
378	75
20	2
20	28
0	5
2	2
2	2
7	4
0	4
0	3
0	4
0	185
0	185
1	195
0	195
0	195
0	42
369	30
21	81
0	81
0	185
128	10
39	5
17	29
52	8
7	0
12	23
3	7
28	11
0	10
0	4
0	5
7	3
0	3
0	0
0	0
2	0
0	0
64	515
0	512
6	477
0	3
0	4
0	54
2	10
1	0
257	3
0	3
18	2
0	0
0	1
37	114
36	72
72	10
1	3
11	3
0	2
0	2
30	47
1	44
2	1
2	0
0	2
4	37
0	0
0	6
6	5
0	3
0	6
0	94
0	7
176	514
1	443
0	147
0	3
6	163
0	155
0	13
0	60
5	10
0	65
0	53
0	59
2	58
0	3
0	10
0	0
0	2
0	137
0	18
0	0
55	5
26	61
0	4
0	4
0	4
0	2
1	2
1	0
0	77
0	77
0	9
77	1866
13	1828
5	1828
0	1842
0	1866
0	1866
0	1866
9	1822
245	1807
0	71
0	0
0	0
43	0
1	0
4	0
0	1
9	4
0	2
39	2
14	2
2	1
0	0
0	4
3	17
341	17
0	38
20	38
0	9
0	8
0	9
2	1
0	1
209	27
9	15
0	0
0	0
10	6
1	4
83	177
36	259
1	55
0	258
3	28
4	6
22	207
20	331
11	331
163	0
0	127
0	126
62	142
12	3
6	4
3	28
0	127
0	181
0	181
2	57
22	51
45	107
0	0
16	17
144	2
0	16
3	14
0	143
3	151
0	151
0	52
13	1
21	4
20	214
0	11
226	673
0	604
1	8
13	672
0	191
18	140
0	191
0	66
28	25
0	54
0	3
1	0
2	0
13	386
4	23
7	25
0	25
0	2
0	2
0	2
0	46
63	6
0	6
254	0
0	518
5	175
13	76
4	0
0	4
1	1
0	3
0	5
0	5
0	1
1	1
0	14
0	14
721	6
9	6
42	0
46	86
6	74
0	0
0	106
0	0
0	1
48	106
0	1
0	121
0	121
0	2
0	1
3	2
30	4
0	2
0	2
20	187
0	3
3	24
0	104
69	891
0	3
0	429
321	888
5	3
4	0
3	0
5	3
12	0
0	0
0	0
3	2
0	0
0	0
0	1
21	13
0	13
0	13
0	13
0	1
27	12
0	12
0	8
0	12
37	88
26	138
0	6
0	8
0	8
0	97
0	8
2	0
2	7
10	97
122	37
0	37
27	2
1	2
45	7
1	0
1	1
56	10
0	424
0	424
59	179
139	120
0	20
0	26
0	148
24	20
0	18
0	45
13	14
2	39
82	39
0	8
4	8
1	8
38	200
0	5
532	251
19	59
13	37
72	59
90	518
5	1
3	39
0	39
101	14
1	0
0	39
37	24
9	38
0	36
0	14
37	36
3	34
1	0
1	2
138	0
0	14
0	26
0	7
0	8
0	10
0	10
2	6
10	5
56	2
0	2
0	27
5	5
0	302
90	285
6	0
0	30
180	15
0	245
0	0
0	1
133	249
0	3
15	0
17	0
58	2
0	47
0	68
0	68
44	70
0	28
2	13
12	12
14	155
25	67
0	31
84	144
0	2
1	1
0	0
0	102
12	103
0	102
0	100
21	9
0	21
0	24
1	18
1	24
34	6
1	2
0	24
0	6
0	5
0	5
2	5
0	6
6	0
4	0
1	10
0	10
1	14
0	15
0	15
0	5
13	5
2	1
10	3
0	74
0	71
0	70
0	1
28	4
76	1
12	7
0	7
0	626
2	629
0	0
7	14
0	14
1	7
1	2
53	38
0	38
0	28
0	0
42	12
1	12
0	6
0	0
5	0
5	18
0	111
0	111
0	8
0	22
11	22
38	8
10	0
1	55
0	88
195	380
0	13
0	44
3	0
0	2
0	4
8	10
0	325
0	2
11	11
35	9
87	145
21	59
1	5
0	25
0	31
3	1
0	26
16	52
49	0
69	10
18	5
0	9
6	10
433	9
1	9
31	113
0	113
219	102
0	16
0	3
0	6
0	2
57	3
365	9
0	13
0	33
5	36
17	6
0	26
2	1
0	1
0	11
0	11
1	31
1	11
0	8
2	6
0	6
0	19
0	1
1	1
1	68
0	1
38	5
0	31
0	26
924	2
5	0
0	2
0	0
0	0
6	188
0	186
0	84
45	816
0	794
0	190
0	167
0	0
0	0
10	0
0	27
49	230
54	86
0	75
2	86
0	1
114	0
83	5
1069	104
0	10
0	10
7	14
0	2
0	1
0	94
0	2
0	28
0	8
1	1
0	0
0	4
0	0
0	134
0	134
0	134
0	134
190	420
14	318
16	183
105	0
9	0
46	308
0	257
0	257
0	60
0	50
0	49
0	32
0	77
7	0
0	2
113	18
30	0
0	96
0	38
0	36
19	30
6	2
4	96
0	2
0	36
0	36
201	165
9	250
22	275
0	27
0	54
6	50
7	33
72	50
148	0
1	195
3	186
0	183
6	23
3	16
0	1
0	11
0	0
0	0
116	9
0	9
29	9
0	9
0	5
21	0
114	16
1	16
0	23
47	8
0	57
0	8
0	5
21	17
0	7
0	1
32	2
34	60
0	11
178	187
0	5
0	16
0	16
15	0
50	0
470	210
0	207
0	191
0	136
0	135
0	1
1	1
1	0
88	199
12	1
0	1
0	1
0	0
423	1084
749	1098
0	0
0	19
17	0
0	4
0	5
458	151
0	148
0	87
3	162
0	49
37	103
0	72
100	45
0	71
10	383
23	517
1	216
0	30
0	1
0	69
0	4
0	3
0	1
0	1
0	2
1	2
39	38
7	32
0	33
0	28
1	6
3	4
0	9
0	0
0	11
0	11
16	0
1	0
1	0
1	0
173	7
15	4
0	3
0	19
13	22
37	22
1	26
1	30
0	3
4	11
0	2
0	1
6	6
2	1
0	1
101	23
0	74
0	72
0	5
49	48
3	1
105	23
41	8
0	522
0	544
0	544
1	544
0	608
2	1
128	3
0	3
0	86
15	26
0	0
0	19
6	86
1	28
0	2
0	15
0	1
0	11
0	11
1	0
4	0
0	12
0	3
0	20
0	0
1	4
0	216
0	219
0	123
32	64
0	13
0	29
0	29
16	0
0	0
22	15
1	0
10	35
8	47
82	43
6	62
2	62
1	5
9	8
2	8
11	5
1	3
0	0
32	1
0	1
0	1
0	1
0	0
4	1
0	4
0	5
0	2
3	18
0	18
0	118
1	118
23	0
0	1
3	1
6	1
39	86
0	3
0	4
0	70
0	16
87	98
3	87
19	360
27	236
369	284
0	106
37	165
20	154
25	131
19	51
0	2
0	30
0	4
14	21
1	4
0	13
24	39
0	39
5	0
78	287
0	259
2	31
33	79
0	41
0	11
0	11
0	11
0	12
0	11
0	11
0	11
0	11
0	11
0	3
0	0
0	0
0	0
0	3
5	0
0	0
0	2
1	2
5	2
0	113
21	150
0	0
5	4
11	0
9	148
13	1
95	1
74	0
159	0
4	130
0	103
9	345
0	83
9	122
0	80
0	97
0	34
0	6
0	14
0	13
0	4
0	1
0	190
12	46
30	854
0	2
622	964
576	0
153	122
89	705
0	587
0	187
0	4
46	0
0	3
26	21
0	19
0	4
4	0
19	42
0	39
4	12
0	4
19	8
0	8
0	1
0	2
0	0
0	1
10	4
0	4
0	8
0	8
25	0
0	7
0	13
83	13
3	84
0	4
0	4
1	1
0	4
0	3
0	2
4	0
1	153
0	26
99	124
1	1
0	1
8	3
1	0
0	0
298	1
3	1
5	21
0	21
70	29
0	19
0	1
0	0
41	249
0	249
6	249
0	285
0	38
18	285
6	0
41	4
0	1
0	2
0	7
10	3
2	0
0	7
27	36
4	38
0	0
0	2
8	0
17	68
9	68
0	35
0	28
64	34
0	0
4	39
52	75
0	81
155	81
2	77
60	66
0	27
67	264
0	5
0	4
114	7
6	0
1562	562
0	371
23	242
8	141
13	125
39	1
0	1
0	1
508	299
0	52
9	33
8	0
1	27
9	25
0	1
94	2
171	60
0	310
0	171
0	310
3	12
45	14
39	9
0	21
0	8
0	2
0	124
0	0
0	310
60	4
0	25
1	25
0	24
0	0
0	0
0	5
0	4
25	4
0	0
0	0
0	0
239	170
174	52
17	541
0	501
8	0
3861	395
8	418
3	150
1	141
0	136
0	47
2	47
0	1
11	1
23	16
49	39
0	2
0	6
15	0
8	0
2	0
1	1
0	1
13	1
0	0
85	517
0	33
0	517
113	123
12	68
24	517
0	53
0	31
0	2
13	326
72	0
0	195
329	64
9	34
17	10
0	62
168	93
74	63
0	102
215	3
0	0
1	3
52	84
0	76
0	0
2	8
2	47
9	55
0	106
8	139
27	18
35	89
0	23
27	103
2	31
0	51
0	25
16	72
6	73
9	73
7	50
0	41
0	2
0	1
0	1
0	2
24	83
0	28
0	28
0	50
0	1
0	4
5	0
2	0
1	0
0	21
0	49
0	73
0	14
0	21
25	5
0	14
4	14
39	14
0	0
148	0
406	3
1	3
0	240
0	20
0	7
0	7
0	9
0	34
0	1
2	0
0	6
0	7
0	6
17	206
0	5
0	5
1	48
28	52
21	63
57	13
24	26
5	5
0	52
1	52
0	5
0	5
5	2
36	25
0	25
2	1
4	2
3	0
2	338
2	58
0	58
3	30
0	15
1	10
34	24
179	0
0	40
6	40
0	4
0	6
0	0
0	0
1	1
1	1
0	0
0	0
9	1
6	3
0	3
11	2
0	24
0	16
0	22
0	22
0	72
0	13
0	72
3	62
0	11
0	62
11	211
0	196
2	0
0	104
22	6
0	3
392	561
0	227
5	2
55	15
0	41
1	37
0	32
33	35
0	7
14	9
0	5
0	5
0	3
0	0
0	2
1	140
3	3
15	3
0	7
0	6
52	1
256	258
0	268
2	12
0	12
0	2
0	331
83	332
0	3
11	1
0	1
0	1
0	0
25	6
0	6
6	2
36	0
0	0
121	15
0	29
9	29
8	15
3	0
0	15
0	11
0	10
0	11
54	0
13	22
0	19
16	5
563	751
0	749
13	8
7	8
0	3
0	23
25	12
0	12
1	2
0	2
0	0
4	16
0	16
61	12
0	1
0	10
0	1
5	30
0	452
259	203
0	97
0	20
176	89
0	453
14	11
6	11
53	155
28	1
0	0
882	90
1	71
0	17
7	0
363	8
18	0
0	8
110	0
0	102
0	105
0	16
0	8
51	219
20	3
19	5
0	182
49	184
4	1
14	6
181	109
0	1
0	162
0	154
34	72
2	61
15	15
11	3
1	7
0	7
0	2
0	6
3	4
0	4
7	55
31	40
0	10
0	37
46	62
67	268
7	274
9	256
0	134
0	40
68	21
2	32
0	1
0	0
0	0
183	23
92	32
0	18
11	3
0	4
0	23
27	55
0	12
0	45
78	25
2	9
0	43
2	29
0	25
50	34
2	16
0	16
0	16
66	0
0	110
0	445
0	167
0	12
0	31
7	355
0	63
1	4
79	63
0	20
44	8
93	317
2	2
4	1
0	1
0	5
1285	0
1	30
14	30
0	16
0	0
13	0
266	71
51	43
62	9
0	63
0	64
0	66
1	147
0	86
0	191
2	53
2	3
0	35
0	40
1	2
10	0
0	147
0	147
0	33
14	27
13	27
0	0
1	0
0	16
63	16
22	16
2	26
17	5
21	30
1	26
0	5
0	5
5	3
0	4
0	3
0	4
0	4
0	12
2	0
0	5
24	422
0	145
0	370
0	1
15	0
0	21
0	21
0	21
0	10
0	0
59	0
0	0
0	0
1	0
81	10
0	9
12	10
75	98
0	97
0	40
0	22
2	22
0	22
151	0
15	68
3	60
253	187
0	36
0	23
0	50
0	49
32	280
84	7
36	1
33	0
0	67
3	67
837	110
72	30
3	7
0	6
0	6
0	1
159	76
0	33
0	16
0	9
0	8
0	17
0	40
0	1
0	20
2	1
0	16
0	1
0	1
32	15
0	4
0	2
0	1
0	50
6	236
0	17
9	27
0	26
17	27
1	8
8	7
8	24
0	17
17	81
0	80
5	58
0	72
0	39
0	39
0	13
1	15
0	2
0	0
0	1
2	1
11	0
253	0
45	0
236	0
426	0
1	27
378	47
21	47
328	0
179	22
2	26
0	14
2	14
2	14
45	7
64	7
1	12
0	36
2	12
0	13
0	8
98	20
76	100
0	100
17	1
103	13
298	5
9	87
0	152
2	3
4	39
19	0
14	105
0	188
0	188
42	33
2	17
9	13
9	4
17	8
11	4
0	45
11	8
12	11
0	45
2	4
0	33
0	0
0	1
0	33
0	0
0	0
10	0
0	24
0	24
0	24
0	11
0	13
0	13
0	16
1	16
0	6
81	6
0	2
1	2
1	0
35	66
0	126
0	68
0	53
204	29
0	8
0	9
0	23
0	9
0	21
0	15
0	15
0	18
1059	328
4	328
8	66
0	69
227	13
38	57
9	62
0	29
0	1
169	42
0	1
0	27
0	115
0	114
11	98
1	3
0	3
67	497
5	491
1	413
1	259
0	213
43	2
1	17
10	70
0	8
0	17
896	268
0	148
22	123
38	10
0	7
10	5
0	3
75	16
134	15
0	13
0	0
1	1
0	21
0	122
1	21
15	122
10	2
0	24
2	0
0	25
0	25
0	0
0	0
0	91
0	31
14	30
0	46
78	92
0	32
0	19
0	20
0	30
0	46
0	13
0	3
0	29
0	29
0	49
0	12
0	16
2	29
10	0
1	12
0	12
10	70
15	149
0	193
0	44
0	37
2	37
12	6
0	6
125	28
102	16
0	9
0	0
3	15
0	15
1	3
0	3
23	16
5	15
0	4
0	13
0	0
0	4
0	17
0	4
16	4
1	8
0	8
21	10
0	7
12	0
0	24
141	91
113	99
4	85
60	73
3	24
18	8
0	8
19	0
21	51
109	34
25	34
57	23
206	7
0	2
0	0
0	0
6	0
0	5
0	227
0	227
0	161
0	5
1	3
2	2
0	2
0	2
542	121
0	55
0	59
40	0
0	73
5	77
1	8
0	8
9	9
16	7
7	0
1	18
0	18
0	23
0	23
1	1
33	23
0	7
9	4
0	2
1	324
0	228
0	40
0	50
0	68
6	12
8	5
2	14
4	2
0	1
0	1
0	80
0	26
3	16
0	107
0	123
1	8
168	35
2	0
6	2
2	68
9	112
0	83
0	81
4	21
0	53
0	8
0	9
0	42
0	21
0	12
0	8
0	9
0	4
0	3
1	2
0	12
0	1
0	0
0	11
0	11
15	21
0	4
211	4
120	13
85	51
203	46
114	46
680	90
1	17
0	3
229	5
0	2
163	695
27	695
136	6
0	0
0	3
0	3
0	1
0	4
0	194
0	210
0	5
0	7
1	27
140	9
46	11
0	19
0	19
176	25
186	25
7	7
0	1
88	11
0	11
0	5
0	39
0	25
2	3
3	22
7	0
0	17
110	0
48	568
26	245
8	100
134	51
0	51
0	19
1	1
0	94
9	5
0	5
0	1
0	1
24	0
0	89
162	202
19	10
10	5
7	139
0	44
0	41
0	16
0	44
0	180
1	35
0	14
0	14
0	13
1	0
0	0
0	0
0	3
0	5
0	5
0	33
24	177
5	177
13	2
7	561
15	549
4	546
2	478
0	479
99	239
3	5
0	6
0	6
0	0
9	0
0	0
106	145
1	153
0	153
474	185
9	0
0	185
6	0
100	3
380	1
138	4
358	0
26	217
101	218
0	237
0	235
0	235
0	201
0	5
51	237
0	188
0	219
0	36
0	36
0	0
24	0
3	0
54	8
117	116
8	110
7	6
203	493
0	638
0	321
33	136
0	132
0	1
0	3
0	0
15	6
0	44
0	44
0	3
0	3
2	2
5	1
6	2
4	2
23	0
30	99
0	99
22	0
137	9
1	1
181	0
7	2
0	2
18	12
15	5
1	3
2	4
4	0
1	3
1	1
4	72
0	0
176	72
0	31
0	0
1	31
1	0
39	2
115	0
3	9
0	9
85	18
7	16
0	16
0	16
0	14
1	16
0	32
4	32
6	7
0	7
3	2
0	2
0	1
0	2
0	1
0	1
0	2
0	1
0	7
6	7
0	7
0	7
21	46
0	2
6	44
0	2
31	85
22	119
15	1
21	0
25	0
13	0
0	24
0	34
0	0
7	28
0	18
2	7
1	0
46	0
1	29
0	3
0	95
0	29
6	384
0	456
0	456
31	387
0	0
3	3
0	1
0	3
0	11
7	60
5	129
2	36
0	32
27	16
0	7
1	7
26	11
0	9
4	11
92	0
0	8
0	53
10	53
0	62
14	62
10	48
0	84
6	14
20	0
19	1
175	76
24	53
0	49
0	35
0	23
19	247
20	102
37	55
1	55
0	35
0	15
0	4
6	2
2	2
0	0
10	0
36	145
114	0
0	32
12	32
84	0
29	113
4	71
25	2
26	10
9	25
30	17
0	4
0	8
0	6
156	30
0	66
0	66
0	66
0	2
0	2
0	67
0	2
1	1
2	1
0	0
1	1
107	15
0	8
0	6
0	4
0	4
1	3
0	0
0	2
1	0
3	1
0	2
0	3
0	1
0	0
9	1
0	1
0	3
16	198
9	127
77	230
67	210
0	229
3	210
0	207
28	207
0	201
57	201
1	28
0	3
102	1296
1	1
0	2
1	2
0	187
0	65
0	63
30	473
141	565
0	132
31	38
0	27
0	89
0	0
107	27
58	63
2	63
19	0
1	13
0	13
5	4
101	98
2	68
1	0
7	0
4	1
78	146
77	0
0	10
12	136
250	929
0	5
20	129
153	81
0	24
189	58
0	47
256	141
200	138
0	23
0	24
30	25
0	5
0	24
0	2
0	1
0	0
0	0
0	16
4	22
0	2
0	3
0	2
0	2
59	3
0	2
0	2
0	3
0	0
3	0
0	8
3	204
80	249
1	45
0	5
0	5
3	6
0	2
1	58
0	65
0	0
0	65
0	2
144	312
11	312
39	68
16	30
77	464
4	3
0	3
31	0
0	75
0	170
6	168
0	1
0	2
0	2
0	20
26	2
1	5
16	35
0	18
1	58
0	25
0	27
0	4
0	4
0	34
0	0
0	27
0	31
8	0
0	0
0	0
0	11
2	0
0	29
14	0
0	48
0	49
0	1
70	20
2	44
0	5
1	1
0	24
0	11
0	0
6	51
0	8
0	2
2	0
0	0
0	0
0	0
0	0
0	79
30	79
4	46
3	14
0	8
0	14
0	1
0	1
0	14
6	60
0	54
4	22
30	3
33	9
0	18
0	17
4	5
0	1
0	1
3	1
0	195
0	298
0	186
0	30
0	109
1	115
0	95
0	162
0	160
0	106
0	47
5	4
0	108
32	17
0	20
0	104
0	10
96	47
0	37
0	15
0	2
9	0
0	8
0	0
28	9
0	0
24	0
0	0
0	0
0	0
0	35
1	74
0	83
0	83
190	521
3	388
0	14
0	497
0	4
1	507
3	476
5	514
1	491
45	462
32	480
0	85
57	85
7	43
0	2
51	59
2	0
0	36
365	0
0	1
112	16
0	1
0	6
27	12
15	0
4	5
1	0
0	4
4	0
12	4
0	113
8	113
0	10
0	2
0	0
0	3
1	3
3	2
0	0
0	0
3	8
0	0
1	0
454	0
3	51
0	6
0	14
16	51
17	1
2	2
3	34
0	28
0	52
0	39
0	19
3	1
2	0
10	2
2	4
0	0
274	0
137	82
18	17
25	0
1	0
0	0
28	0
0	3
0	3
0	1
0	0
3	4
36	4
10	1
161	322
0	316
1	0
0	10
0	44
4	44
0	44
0	4
0	4
0	4
0	23
1	4
52	10
85	226
2	145
28	177
352	43
2	42
0	2
0	1
77	4
46	40
14	37
68	5
0	5
2	12
0	12
17	18
28	18
6	0
0	16
5	78
24	78
0	29
0	1
4	6
82	106
0	95
0	21
0	6
0	7
0	0
4	2
3	4
0	15
14	196
0	111
0	17
3	8
0	183
197	2
8	94
14	94
0	102
0	94
0	7
560	4
11	4
14	0
17	77
0	56
0	72
0	3
41	10
0	0
3	10
21	10
2	0
63	152
2	148
0	50
0	50
0	27
0	26
277	85
0	67
13	8
0	111
55	140
0	54
0	29
0	272
0	275
68	3
0	17
211	182
0	17
0	17
17	205
0	17
0	14
0	16
10	0
0	27
9	3
0	34
1876	215
0	215
114	47
0	9
88	40
0	28
251	7
21	3
78	282
0	283
0	70
7	50
5	25
8	5
35	17
2	49
0	53
21	4
0	0
0	4
0	4
1	3
174	191
15	245
0	28
0	12
0	12
2	1
0	67
0	67
0	1
28	54
0	1
0	41
15	0
0	0
0	40
9	0
4	35
0	3
0	2
17	4
0	6
0	6
0	6
23	2
0	1
373	43
28	43
0	5
5	0
0	0
4	193
21	193
0	193
297	292
0	194
0	184
0	142
0	0
0	49
0	174
0	191
0	82
0	15
65	10
74	45
0	5
0	45
18	45
33	0
37	235
0	4
132	222
2	4
0	0
5	141
27	101
0	20
2	20
1	2
1	1
5	79
5	33
0	30
0	31
10	0
73	145
136	0
0	4
0	4
40	182
0	15
9	16
65	12
0	2
0	4
0	4
0	2
151	10
30	120
0	0
6	0
161	46
93	128
0	3
0	4
1	1
38	20
0	20
104	60
0	73
0	34
0	5
5	32
30	4
0	19
16	20
24	53
0	53
80	116
0	33
0	2
16	2
0	3
0	0
2	0
0	37
0	11
28	216
87	216
0	2
0	2
44	268
0	87
13	257
8	2
4	143
153	245
43	101
0	115
26	115
5	90
0	8
22	90
0	4
3	1
9	24
0	24
1	7
0	15
0	15
34	15
0	16
0	0
0	14
0	10
0	37
17	38
0	35
0	33
6	0
27	0
16	56
0	38
0	23
32	3
5	17
0	48
0	1
0	255
39	265
0	56
64	41
17	10
0	10
0	2
0	2
0	2
4	0
13	17
0	3
0	1
0	0
0	16
168	145
5	120
0	59
14	20
18	14
31	25
0	15
0	1
6	19
0	1
0	1
156	35
59	3
7	15
0	1
0	18
0	2
0	2
13	3
5	42
0	0
7	13
0	11
52	0
0	53
0	57
0	33
5	42
361	23
0	33
0	61
0	3
0	6
0	0
25	36
12	0
1	7
0	7
3	0
27	38
26	38
5	0
19	47
1	44
0	47
16	3
0	8
0	1
73	69
0	7
20	5
0	11
0	69
17	38
2	10
1	23
0	17
0	10
0	2
0	32
1	0
1	1
5	19
0	31
1	40
105	56
130	120
17	165
0	63
7	1
69	185
13	185
0	1
4	94
243	157
9	125
0	136
3	122
32	15
0	15
9	14
8	7
0	1
24	0
0	0
0	0
0	51
73	51
110	250
0	250
0	80
0	10
62	113
0	109
0	19
374	129
0	129
3	11
0	11
4	0
1	29
0	29
0	1
0	1
0	1
825	404
10	42
0	32
0	25
0	25
4	19
0	19
0	40
0	7
0	7
0	6
0	4
0	53
0	53
0	2
3	5
6	0
52	9
0	9
39	29
99	29
86	9
63	9
10	59
1324	236
0	7
2	6
0	4
0	197
30	0
5	205
88	4
0	20
11	28
10	21
9	16
0	18
0	9
0	2
0	25
3	14
0	6
1	14
0	35
0	6
0	14
8	11
2	1
0	4
2	4
5	0
0	3
0	2
3	1
4	0
0	35
11	65
0	109
307	101
105	29
144	104
0	104
0	49
0	44
0	56
0	0
0	107
132	124
0	62
16	0
21	1
237	2
0	0
8	0
0	119
18	38
6	38
0	32
0	3
1	47
0	6
124	78
0	10
0	1
0	6
0	3
13	1
0	28
0	1
18	9
0	9
157	212
0	6
0	202
2	0
9	110
17	15
1	0
8	200
19	113
0	104
0	116
24	38
16	64
1	46
0	46
0	35
0	28
0	8
1	0
7	0
0	153
0	153
0	153
0	7
58	0
43	9
5	71
0	79
0	14
0	6
0	5
1	5
90	264
7	8
0	0
0	273
0	17
0	8
0	0
688	10
0	0
10	9
0	9
0	0
0	0
0	0
0	0
0	0
2	0
43	0
32	0
1	0
31	33
0	1
0	33
0	6
0	6
74	0
261	119
118	0
0	7
2	8
119	54
24	0
13	34
0	22
0	6
6	28
0	0
0	0
0	15
4	5
0	5
0	86
0	86
0	86
0	0
12	18
0	0
1	0
1	0
1	0
2	14
0	14
0	0
2	14
0	10
0	4
0	26
2	26
0	2
0	3
0	4
51	110
0	110
0	34
18	0
1	10
0	1
36	1
0	0
0	0
0	15
0	2
0	5
0	5
20	2
0	3
13	4
22	0
30	71
1	12
564	135
0	135
0	6
1	1
0	0
0	3
5	0
0	187
26	3
1	8
66	0
0	12
0	12
0	12
0	12
0	11
9	2
342	0
66	4
0	87
2	39
0	39
29	78
0	3
32	72
4	2
51	12
6	9
0	0
30	140
60	55
142	43
0	7
0	157
5	157
0	14
29	15
0	12
12	2
0	88
1	88
0	8
0	52
15	189
5	44
36	2
0	2
0	0
27	0
0	38
103	0
1	0
0	0
0	0
3	0
0	1
1	0
0	1
0	6
0	4
0	3
9	8
2	18
1	18
1	6
1	15
3	9
0	14
0	9
0	12
0	0
0	3
0	2
0	4
1	3
0	0
0	30
0	12
0	38
13	23
4	15
16	117
1	20
0	12
0	9
24	9
0	117
1	1
0	93
0	0
11	92
1	0
0	92
0	0
2	36
15	46
1	123
0	67
0	50
0	51
0	59
2	0
33	4
0	38
13	100
2	27
256	81
0	70
0	8
9	54
20	67
0	4
0	1
0	0
0	10
0	0
40	9
0	9
0	12
0	12
57	7
18	7
0	0
0	1
1	0
0	1
211	38
0	38
2	0
4	0
0	2
4	2
62	12
3	3
0	3
0	25
0	41
6	20
0	32
381	411
2	15
16	386
0	324
56	43
37	112
3	69
0	69
0	9
0	9
109	5
7	0
63	25
0	0
0	22
0	3
0	2
38	58
15	46
0	3
0	11
0	15
0	5
0	22
0	31
55	18
5	30
28	0
7	46
0	22
0	46
17	46
13	99
0	93
0	52
0	48
0	20
16	10
0	2
15	187
0	3
0	5
328	46
0	17
0	0
0	68
0	4
0	16
0	4
0	1
0	20
0	2
0	27
2	27
2	7
3	3
0	3
0	129
0	162
485	0
11	0
19	36
0	34
4	52
0	0
4	6
0	118
1	58
0	25
61	118
694	582
261	582
0	6
0	11
0	10
0	6
0	0
0	0
0	2
2	13
5	5
0	12
8	8
0	8
19	3
7	5
34	5
0	5
1	14
0	14
0	3
0	2
130	155
0	4
6	0
24	9
3	8
0	8
49	70
0	2
0	63
12	63
29	4
0	8
8	3
9	9
0	0
50	42
0	44
13	106
0	15
0	56
0	59
0	0
0	33
114	72
0	39
7	2
0	54
0	37
95	20
81	37
0	1
0	1
0	407
0	21
28	38
0	6
0	5
0	4
0	6
0	1
0	102
1	0
0	409
0	131
6	6
138	17
0	9
0	28
0	28
1	21
0	6
30	0
53	0
120	9
17	8
0	7
1	0
9	21
0	21
0	18
0	33
37	31
9	48
6	48
16	46
0	253
0	10
0	130
63	289
0	289
0	20
140	20
0	1
0	20
0	5
0	12
40	14
2	2
35	2
263	7
0	6
2	1
197	239
0	111
0	239
0	2
9	2
0	1
0	75
0	136
1005	683
83	693
743	28
0	32
0	32
0	32
0	4
106	60
0	23
19	3
278	60
0	24
44	609
0	609
32	288
0	156
0	27
0	193
0	11
0	209
22	118
0	25
72	1
1	27
5	153
12	3
0	47
0	122
0	2
1	0
20	26
0	26
84	87
75	119
0	2
164	12
0	5
14	5
2	0
14	76
72	177
0	115
0	73
0	138
2	76
1	34
0	17
0	34
0	10
19	18
3	0
0	0
0	0
3	0
43	89
8	43
1	2
0	1
21	11
0	32
0	29
0	35
14	6
0	127
18	1
0	0
61	125
83	0
125	45
0	55
9	55
11	10
0	9
0	1
0	2
3	50
0	195
198	22
36	59
0	57
0	28
4	155
0	0
2	3
0	0
46	81
0	78
0	81
0	56
0	39
2	23
0	23
0	25
0	1
6	0
1	6
2	18
0	0
0	15
8	3
2	0
25	2
108	8
0	8
95	9
0	9
0	3
0	1
0	7
7	0
1	0
0	1
763	804
84	283
0	206
0	752
7	45
0	45
4	16
1	5
0	5
0	4
0	2
1	2
610	16
1	14
582	69
7	7
1	7
0	7
0	7
33	266
2	242
0	71
0	13
2	13
0	18
35	18
0	17
0	13
1	56
0	51
30	39
0	30
35	39
0	4
4	5
14	0
167	7
0	16
28	26
4	156
0	101
0	107
24	9
3	1
0	6
0	6
3	1
62	1
0	222
0	222
0	0
0	81
68	731
0	709
0	708
0	6
22	483
37	568
246	0
0	5
828	422
0	422
0	38
0	4
0	4
82	30
0	29
0	10
103	145
71	1
6	1
0	83
0	12
1	10
2	2
0	20
4	4
277	25
0	83
106	6
24	3
3	3
4	5
0	4
0	4
0	0
3	0
21	76
2	75
53	15
13	22
1	1
0	5
28	28
0	23
15	21
0	1
2	4
192	114
0	114
0	26
0	20
0	5
5	24
0	2
3	5
16	17
0	13
0	143
0	143
0	10
113	55
6	45
0	38
13	21
2	5
3	7
1	7
26	14
0	2
0	0
0	251
0	1
0	21
0	0
26	66
63	250
0	2
0	0
1	63
46	64
15	72
0	54
1	0
2974	23
0	18
0	3
0	3
1	3
676	75
0	78
13	90
0	89
0	0
0	18
2	0
0	1
0	12
0	2
0	3
37	0
93	115
0	21
35	129
12	101
51	97
0	1
0	11
0	11
0	11
2	10
0	10
0	7
2	0
18	6
0	46
4	27
13	67
0	10
49	25
0	18
0	25
67	8
0	7
3	4
0	48
0	48
98	20
0	1
0	0
10	1
143	7
2	7
0	3
0	5
0	6
0	4
0	3
0	3
1	2
61	7
3	0
0	8
26	8
0	7
0	7
93	128
177	113
0	132
0	2
0	35
0	35
0	35
0	35
0	9
0	33
0	9
0	9
0	9
0	9
0	33
0	2
24	85
7	79
0	383
0	369
3	7
7	8
0	7
0	7
0	5
0	4
0	4
0	4
9	4
0	4
0	2
1	0
9	116
8	116
0	4
0	12
11	5
34	3
0	4
5	132
13	132
95	128
0	45
254	0
0	35
0	35
0	1
0	1
4	19
0	17
0	3
18	0
159	4
0	4
1	0
191	2
0	2
15	51
0	6
0	6
0	3
3	112
3	2
0	35
283	47
0	45
0	19
0	43
0	19
0	19
0	43
0	43
7	2
40	51
1	37
0	10
0	5
5	139
0	115
0	92
271	0
1	31
4	31
0	31
109	31
0	31
0	31
20	31
5	2
33	116
0	116
5	1
0	3
3	65
4	196
0	17
0	163
29	202
7	15
3	0
0	1
0	196
11	77
0	171
3	0
0	9
17	7
0	4
12	0
4	0
2	55
0	4
3	26
5	89
0	4
0	1
0	171
4	1
1	5
0	6
35	81
0	3
0	2
0	2
3	0
51	89
75	48
0	14
36	35
0	28
3	10
0	16
0	0
0	21
2	5
0	99
0	99
14	54
0	17
1	0
24	8
0	5
0	32
0	20
0	32
3	1
10	71
0	45
0	3
0	0
4	3
0	3
8	3
0	0
0	0
0	0
0	0
3	6
3	28
10	60
0	46
11	56
0	12
0	10
70	149
0	68
65	62
64	63
0	0
0	38
0	23
2	23
0	29
0	38
0	22
43	22
38	2
0	2
15	0
0	0
8	0
49	39
0	33
15	19
0	11
18	19
11	25
2	5
0	5
3	6
7	26
0	30
36	0
3	30
0	0
0	26
0	11
101	43
41	35
0	20
0	8
0	0
17	0
0	0
3	0
1	0
1	5
1	1
0	10
109	255
6	255
4	2
0	0
0	0
0	0
2	0
1	0
314	121
0	119
0	40
0	33
680	2
0	3
0	3
2	3
0	3
367	49
428	49
0	48
0	1
2	34
0	34
14	16
24	321
0	320
0	244
0	137
0	0
0	9
0	46
0	93
0	0
0	6
3	3
0	7
0	4
7	2
0	1
0	1
3	0
0	0
55	53
0	1
0	2
0	33
0	32
0	2
0	5
1	14
15	42
0	39
2	7
1	107
1	278
0	248
28	16
4	95
0	92
0	86
3	26
0	22
0	81
0	22
7	0
0	10
2	159
9	169
27	7
5	7
498	2
0	2
1	37
0	38
0	39
6	39
0	87
0	87
12	0
6	8
20	36
18	28
0	11
0	3
0	3
0	4
4	36
1	36
0	4
0	1
2	1
5	0
8	7
0	7
0	4
5	0
39	53
7	38
0	52
52	12
0	111
18	153
0	0
27	17
0	17
0	0
1	0
0	33
33	41
0	8
12	0
0	0
0	12
262	855
0	322
0	629
0	3
35	11
0	2
5	6
71	19
10	0
1	0
0	0
1	2
0	7
10	0
0	7
0	7
36	0
1	0
2	0
1	0
0	0
5	11
2937	25
0	17
0	6
19	4
0	6
1	22
66	37
0	59
20	0
0	4
0	0
105	64
0	8
32	1
0	3
0	7
2	7
0	7
17	66
0	66
0	65
0	13
0	4
0	2
0	3
0	2
0	4
0	2
0	4
0	2
3	2
0	1
0	3
0	0
0	0
202	184
37	147
3	22
0	20
1	4
0	6
152	4
0	32
136	4
4	3
31	0
0	2
2	2
0	0
9	114
0	105
42	54
0	0
3	0
13	13
2	114
40	82
0	16
15	22
0	39
15	43
0	1
0	1
5	21
0	14
81	19
23	34
0	0
0	0
7	265
0	265
0	52
0	31
6	17
0	83
0	31
0	0
0	12
1	11
1	29
0	16
45	33
0	28
0	43
0	28
0	20
812	20
0	2
0	18
0	0
0	16
61	15
0	35
0	14
6	14
0	3
361	0
0	605
0	66
26	2
37	1
24	11
5	0
0	1
32	1
18	3
29	605
75	16
2	16
22	11
0	11
46	5
50	0
0	5
3	115
2	2
0	1
70	52
5	50
0	27
34	0
0	2
5	9
19	8
12	8
2	6
1	6
0	4
37	0
47	0
75	18
53	12
71	102
0	31
2	1
72	22
3	0
0	0
0	1
0	18
0	18
14	14
44	29
0	24
0	14
0	18
0	5
762	288
1	198
0	0
0	23
334	42
3	10
882	28
48	198
85	38
4	18
0	10
35	56
1	0
0	1
0	112
0	4
0	100
0	100
8	19
0	6
49	144
11	109
272	144
0	132
0	82
0	3
1	0
0	0
0	121
19	0
170	34
1	2
12	35
13	35
44	0
23	0
77	0
0	72
0	72
2	2
0	8
0	8
0	8
2	8
0	3
6	269
37	271
0	6
24	1
2	2
0	4
0	6
24	6
12	0
21	0
275	5
0	0
0	25
0	22
0	22
0	25
0	1
57	103
41	106
228	0
0	30
30	12
13	12
0	43
1	6
0	60
17	126
42	264
26	679
91	679
150	213
0	196
0	173
243	169
0	165
0	4
29	106
19	67
0	66
0	66
0	5
72	4
330	11
24	3
9	3
32	10
1	0
5	0
107	0
0	0
661	7
68	1111
39	126
5	126
0	2
0	81
744	14
78	14
0	0
54	73
0	5
0	73
9	3
0	1
1	1
1	40
0	120
0	120
0	120
0	120
0	120
0	120
0	120
55	10
4	10
0	2
0	3
0	2
0	2
0	76
0	76
140	3
306	138
0	1
0	21
1	23
19	37
0	50
0	8
0	30
5	50
0	33
0	29
231	14
2	0
0	0
7	1
0	0
123	64
0	9
0	9
0	9
0	9
0	9
0	9
0	9
0	9
0	12
0	12
0	12
0	9
0	8
22	6
19	6
1	4
26	32
0	2
5	32
0	1
1	1
81	28
16	28
70	17
1	37
2	37
0	22
1	0
3	16
0	10
62	147
0	10
8	10
0	10
0	12
2	28
0	2
4	1
0	0
0	50
0	1
0	2
36	57
69	14
0	1
0	45
21	12
0	9
6	10
2	0
33	265
89	78
0	109
0	73
907	145
2	145
10	18
0	10
0	6
34	1
79	37
0	4
453	1
0	266
0	334
20	25
0	24
0	54
0	55
0	0
0	0
0	334
0	33
44	33
0	33
31	19
0	11
0	240
0	240
0	37
1	1
0	240
0	240
0	240
11	11
42	3
0	0
29	98
0	86
4	37
67	13
0	39
0	5
0	24
0	26
0	1
0	7
0	23
0	5
0	5
15	6
0	18
11	18
0	18
246	472
0	472
0	476
0	112
0	115
0	45
0	6
0	5
7	45
3	9
103	12
0	3
14	1
0	23
1	1
5	36
27	1
4	2
0	22
23	7
14	20
40	33
0	10
1	10
0	16
101	83
0	83
0	3
0	0
0	0
0	0
0	3
0	37
13	37
0	4
46	0
32	7
0	20
0	10
0	7
0	132
0	132
14	294
0	294
0	395
6	5
0	4
6	1
0	0
0	12
0	15
0	6
0	12
0	5
68	0
1	1
0	0
0	10
0	1
0	1
29	1
0	132
10	0
0	0
0	0
0	0
0	9
43	3
2	0
1	0
0	132
0	18
8	8
65	75
14	72
0	97
0	67
0	98
0	2
1	4
318	116
0	4
32	4
20	0
18	193
0	36
380	180
5	165
13	0
0	163
4	17
270	13
5	0
22	1
1	1
116	0
9	45
0	0
0	18
0	99
2	22
0	1
0	1
0	25
0	0
1	21
4	1
0	1
0	2
25	4
0	2
1	0
0	4
0	6
0	26
0	99
181	27
0	151
0	144
0	125
0	144
0	6
18	0
0	27
0	101
0	101
0	97
22	96
29	96
0	70
0	27
0	50
1	50
0	50
42	50
14	0
0	52
1	2
0	2
8	51
1	53
32	0
7	52
1	64
0	30
0	33
7	28
0	36
33	20
0	25
0	26
0	29
1	0
0	9
1	0
0	1
0	0
0	0
0	1
0	0
0	3
4	1
0	3
1	3
3	3
99	12
0	12
6	1
13	1
87	0
321	204
6	1
35	209
207	63
0	186
45	186
22	132
2	131
35	57
0	3
0	4
11	57
0	3
359	12
7	7
0	7
0	7
0	4
0	2
0	6
0	6
0	1
1	2
0	2
0	2
0	0
10	0
2	3
35	3
0	0
0	24
0	14
0	7
3	11
0	21
0	93
1	101
0	69
19	70
0	43
0	37
0	9
66	47
0	15
0	14
0	1
6	1
0	2
0	11
108	18
0	18
0	0
0	0
0	0
13	0
0	7
2	7
6	29
1	29
5	0
1	0
2	0
0	0
2	0
0	0
0	16
1	16
2	27
6	22
61	75
0	73
92	68
0	9
0	7
0	9
4	4
13	93
16	90
3	17
0	16
1	20
25	19
0	1
0	42
0	56
0	65
1	5
40	27
0	1
0	22
0	21
45	389
0	388
52	0
0	23
0	54
53	31
0	33
0	3
0	3
3	3
32	72
0	65
0	66
18	40
16	0
0	6
2	5
0	0
0	0
0	1
126	37
11	14
50	8
0	8
3	8
0	2
0	0
0	0
16	0
0	6
2	9
130	42
2	41
0	0
0	0
2	1
2	0
50	1
17	0
0	1
0	3
0	0
0	3
0	1
39	20
0	1
29	19
19	15
0	6
45	25
0	38
15	24
0	43
0	42
21	43
6	23
1	15
0	5
0	0
0	8
0	0
3	8
1	0
2	1
1	2
21	24
2	1
0	1
0	2
40	79
5	1
0	34
0	80
0	4
0	4
0	4
32	11
1	4
0	3
308	6
2	5
0	11
2	11
1	272
89	72
14	64
5	48
0	23
0	22
197	80
525	36
109	36
777	18
3	18
0	2
0	2
1	1
0	0
0	0
276	256
0	249
0	212
0	157
5	5
0	53
0	139
2	18
0	29
0	9
91	117
0	28
0	45
0	45
429	0
570	89
82	26
0	13
0	14
0	13
0	14
0	64
7	0
107	91
0	6
1	11
0	0
0	1
0	3
27	13
22	14
0	80
17	36
78	44
0	21
48	30
12	42
59	22
0	10
0	3
36	0
155	91
59	87
10	77
4	4
78	0
186	0
1	38
140	0
10	57
0	37
0	38
0	48
1	6
0	6
0	25
1	5
4	2
4	0
13	30
0	40
53	167
29	57
0	31
0	40
0	34
0	26
2	9
87	0
14	31
42	7
24	12
0	7
0	26
6	0
2	55
0	75
3	15
51	179
19	197
0	91
42	61
11	61
124	18
0	0
0	0
29	2
31	0
72	4
5	0
3	4
0	30
0	30
1	26
0	1
0	2
0	0
13	301
3	8
160	296
0	8
0	2
0	1
0	8
0	362
0	248
0	65
0	0
0	2
0	0
44	0
0	0
1	0
2	304
0	7
0	284
34	90
0	57
4	6
0	44
3	6
0	0
4	28
8	7
19	7
1	0
112	0
0	440
0	520
30	520
0	778
0	370
11	2
4	0
0	178
0	178
23	76
0	0
7	0
263	6
3	12
47	1
360	778
0	19
41	19
137	85
0	16
0	11
0	22
0	0
8	94
0	125
0	41
7	281
0	348
13	126
0	122
0	9
14	11
0	0
0	135
0	17
1	32
1	0
647	32
0	1
49	8
0	2
10	6
47	0
0	3
0	3
0	0
0	2
0	2
0	2
0	4
0	4
0	2
0	2
2	2
0	229
42	227
0	135
0	26
0	0
0	0
0	0
10	0
3	0
0	0
0	119
0	97
588	123
0	123
0	3
329	131
0	21
1	116
3	3
29	24
26	64
9	17
0	7
0	0
0	0
0	1
0	1
0	1
0	7
0	7
0	7
84	177
2	1
13	8
0	123
0	0
0	183
0	0
0	6
16	0
2	1
234	124
0	48
6	48
1	48
0	24
0	90
16	3
0	68
2	39
10	90
0	0
65	0
0	16
0	16
0	10
0	3
15	72
0	26
1	26
0	72
0	13
9	0
0	0
6	0
146	46
0	0
1	0
7	3
56	28
15	8
0	3
0	0
0	2
0	1
0	0
0	16
0	6
2	0
10	44
1	19
0	47
30	25
2	15
19	30
0	25
1	25
20	0
2	0
0	9
1	3
0	3
9	64
0	111
0	111
0	15
353	9
0	2
0	135
0	134
0	132
0	135
0	133
3	135
6	133
6	15
0	3
0	4
1	2
4	2
5	133
0	8
1	86
3	113
0	101
55	0
4	0
0	0
0	0
0	0
0	0
10	16
0	10
0	8
0	5
5	6
0	3
0	2
0	2
1	0
15	0
3	0
11	0
0	214
11	214
0	6
16	31
0	27
13	0
0	0
31	45
7	9
49	42
0	3
0	8
128	0
55	0
24	13
0	2
28	15
9	11
4	1
0	1
0	0
0	203
18	281
0	153
5	3
2	2
199	39
2	3
0	2
54	2
196	101
0	27
0	63
0	8
16	7
0	42
2	30
21	8
0	5
166	35
0	0
0	0
41	145
0	40
59	76
0	21
371	118
34	118
0	36
0	30
3	25
1	30
15	21
0	15
0	15
1	49
1	1
0	2
0	2
106	90
0	89
0	68
0	67
0	83
50	80
0	59
1	48
0	2
169	2
0	2
1	29
3	29
0	39
0	39
0	22
3	10
0	0
0	0
2	0
13	0
0	8
1	8
0	37
0	76
0	43
7	34
0	0
84	10
25	388
48	92
0	90
25	11
54	4
0	6
5	26
1	13
0	11
0	11
0	11
0	11
12	1
0	1
0	1
52	13
47	13
17	0
3	9
0	6
0	0
0	2
0	2
75	39
0	36
33	3
277	56
0	11
0	0
0	3
0	3
2	0
5	0
0	0
0	0
0	0
0	0
24	194
0	0
9	18
0	18
0	0
0	194
6	0
0	2
0	0
5	3
1	1
1	1
0	1
0	6
1	111
0	105
0	73
0	85
0	50
0	57
0	22
0	27
0	72
10	51
0	31
0	65
0	9
30	68
0	26
6	28
3	41
0	0
3	4
4	2
0	1
6	0
0	105
0	95
100	95
3	93
8	95
0	5
0	3
0	5
1	2
33	2
8	83
0	18
0	87
10	0
0	0
4	0
12	59
0	0
0	87
0	15
0	69
0	18
282	0
209	33
0	31
0	22
0	0
0	15
19	41
0	41
0	0
0	15
0	5
0	0
0	15
0	63
1	65
0	1
0	6
0	1
0	0
0	3
0	1
0	1
0	0
0	23
2	23
0	23
0	20
0	44
0	137
0	10
0	144
0	44
0	158
0	7
0	40
96	48
1	2
0	147
0	27
0	5
0	5
0	7
0	39
0	24
0	23
0	21
0	110
0	59
0	66
67	51
0	86
13	51
0	48
79	47
0	34
170	5
0	10
2	17
0	110
306	0
9	6
0	0
0	0
0	0
0	0
0	0
1	3
0	19
1	6
1	7
0	0
0	23
2	2
0	18
0	0
0	2
0	1
7	8
0	4
0	1
3	1
0	1
0	8
48	21
0	16
8	18
8	15
29	16
33	19
28	2
12	2
1	0
13	0
0	0
74	24
2	10
0	11
0	3
40	0
1	14
0	42
0	23
0	23
0	48
0	29
0	18
0	18
0	11
0	42
0	13
0	21
11	3
0	0
40	23
0	1
0	2
0	4
0	3
0	3
0	11
0	11
0	10
0	1
5	4
0	16
0	14
0	12
7	1
0	0
0	11
20	13
0	12
0	0
0	10
48	2
0	2
0	1
0	2
65	0
41	107
0	113
8	103
0	3
0	202
169	68
1	3
1	64
20	10
6	10
2	5
0	1
7	62
81	121
0	29
31	23
1	0
0	99
0	416
0	367
59	50
1	55
0	48
0	52
0	25
0	0
0	25
0	22
0	16
0	17
0	16
0	1
0	0
0	1
0	0
0	0
0	7
18	19
2	41
21	41
1	6
0	6
0	3
0	8
0	12
201	26
87	25
0	1
57	133
0	4
0	3
0	3
1	3
0	2
14	2
1	1
3	130
0	113
53	0
200	60
0	24
9	75
123	75
0	30
21	15
0	4
6	13
0	0
0	1
1	0
7	0
61	15
130	17
0	10
3	12
0	0
2	0
359	325
0	123
78	246
0	15
0	306
37	27
38	59
66	29
2	22
0	68
16	39
0	39
0	21
0	12
0	6
27	32
60	19
30	24
0	2
0	12
41	20
21	22
7	22
0	1
0	1
0	1
5	0
0	4
0	4
0	73
12	73
1	0
0	0
537	25
130	0
20	135
6	7
46	81
8	28
10	76
84	108
0	317
14	317
9	317
31	49
0	39
0	21
0	20
0	19
7	33
2	4
0	20
0	19
0	20
0	19
35	14
0	7
0	7
64	34
0	32
7	6
1019	194
9	191
3	0
7	5
10	39
0	23
0	5
9	11
1	52
0	46
8	6
1	0
542	274
0	29
0	29
6	38
0	4
2	0
52	67
0	29
0	59
0	59
34	59
0	2
2	5
0	183
0	183
0	4
731	45
0	29
89	0
206	274
0	13
38	0
209	2
7	34
62	48
0	19
0	32
0	32
0	33
0	42
3	0
0	0
35	9
0	10
0	9
0	10
0	10
0	3
41	20
23	20
0	6
1	11
0	56
1	1
18	4
2	0
0	4
0	1
8	46
0	57
0	5
0	105
0	105
5	162
59	162
0	1001
0	113
0	29
0	33
0	23
25	1057
0	52
0	11
0	9
7	25
0	27
5	0
23	57
4	4
45	7
0	3
0	30
0	25
0	0
0	0
0	0
0	39
0	15
0	2
4	1
0	27
0	99
0	100
2	43
2	14
2	3
0	11
23	0
0	12
0	25
0	22
0	21
0	55
0	2
0	9
887	0
12	3
0	55
0	9
0	29
32	0
0	15
0	15
30	8
0	8
12	2
0	3
0	94
41	94
0	7
5	2
28	65
0	67
0	40
0	38
82	99
0	46
0	46
0	48
0	48
0	25
0	36
9	64
11	0
8	267
2	65
0	191
0	212
0	168
0	14
2	0
0	0
1	0
0	4
11	84
0	77
62	40
0	10
0	3
4	0
17	6
0	6
106	33
2	0
249	93
2	0
1037	166
8	156
5	156
2	38
231	6
149	0
6	11
162	92
0	52
0	2
274	78
63	24
0	23
75	63
0	5
0	4
0	43
2	45
19	18
0	17
0	31
33	1
0	32
686	32
237	0
273	24
0	240
1367	295
0	295
0	53
0	55
0	32
64	207
0	17
0	15
0	0
0	0
0	0
0	33
2	81
6	3
0	1
1	0
0	22
0	41
0	32
396	20
0	9
0	5
1	9
3	9
2839	0
17	0
67	1
0	49
50	49
0	49
22	49
0	0
2	0
15	0
2	3
0	3
30	132
0	55
0	97
0	109
0	142
22	70
0	93
0	71
2	6
0	25
0	13
0	40
18	31
0	1
0	4
14	20
46	44
0	1
0	3
0	0
0	3
0	0
1	2
7	0
7	2
17	2
5	3
18	1
16	1
54	2
0	2
0	2
0	2
0	2
0	2
0	1
0	1
0	0
0	1
0	0
0	1
0	1
0	0
0	0
74	2
0	1
0	2
0	1
0	1
69	0
403	107
0	4
0	16
0	48
30	0
25	114
0	114
33	4
4	5
18	3
0	0
0	43
10	53
0	0
8	0
180	5
0	44
0	76
0	58
15	6
94	655
0	655
509	189
28	189
29	0
0	0
0	2
0	2
0	2
3	12
0	3
0	5
0	4
0	1
0	10
1	104
353	2
0	96
0	26
0	27
0	33
0	24
0	25
0	26
5	26
8	28
0	3
25	4
1	12
0	19
9	19
4	23
30	74
0	3
0	74
0	100
0	15
0	15
3	15
13	10
6	1
0	9
0	99
1	11
361	23
1	4
0	2
2	0
0	17
0	15
7	15
0	324
14	6
79	72
0	41
0	9
0	15
0	10
0	0
0	56
0	22
6	3
3	0
1	21
46	21
0	6
0	1
0	1
0	11
0	11
5	5
1	2
7	21
0	55
13	102
0	86
0	160
0	3
1	160
12	39
47	61
0	31
73	11
54	31
374	44
71	165
2	11
4	11
0	0
0	2
0	0
0	2
0	192
0	922
0	948
6	47
0	28
7	5
0	5
34	8
0	5
10	40
3	33
0	11
0	15
0	15
0	9
0	9
0	24
0	0
1	0
0	0
0	49
56	6
0	6
0	4
0	33
0	33
6	106
0	102
0	106
58	75
0	19
0	4
2	86
10	86
12	0
2	13
2	13
0	22
8	22
0	2
0	2
0	6
1	0
0	134
0	146
0	94
109	46
4	23
0	21
0	2
15	1
0	2
0	14
90	0
52	0
0	0
3	0
3	0
5	3
0	3
1	6
0	6
3	6
92	3
1	2
0	3
0	93
0	18
0	2
0	17
151	1
0	1
67	67
0	70
0	69
0	1
0	1
0	0
1	0
8	76
21	36
5	9
0	36
0	3
0	1
35	27
575	348
0	0
3	0
30	0
7	0
729	1
32	0
0	1
2	0
12	0
0	0
0	0
2	2
15	0
0	107
97	111
13	170
105	107
196	67
0	2
6	0
0	0
66	4
9	3
18	44
8	35
0	22
9	0
70	10
16	35
13	58
0	7
4	29
1	29
4	9
0	2
0	9
0	4
0	3
8	6
0	11
2	7
2	4
0	1
0	1
4	1
0	1
0	7
0	7
0	1
1	0
9	8
0	8
10	1
167	42
0	0
24	0
11	59
2	42
0	0
0	0
65	37
84	240
73	205
3	133
2	7
13	3
0	3
72	27
0	26
0	17
0	17
0	6
5	3
0	2
65	0
8	4
13	8
17	16
1	16
1	0
0	5
12	5
57	94
0	177
96	177
42	58
0	17
0	1
107	121
21	8
0	138
2	33
2	10
0	43
0	12
0	140
330	94
0	94
224	113
0	36
0	5
0	71
0	68
0	2
128	66
0	69
0	126
95	121
0	18
0	15
14	9
30	209
0	4
0	18
78	5
4	6
3	1
1	1
24	30
0	64
7	34
0	14
0	36
2	2
1	26
0	27
0	60
2	15
0	4
0	13
20	21
0	21
3	10
0	21
1	0
21	11
0	8
0	21
16	62
65	63
1	45
0	225
0	225
0	0
10	3
0	2
34	0
83	26
1	2
0	24
0	18
0	18
5	2
159	1
201	20
23	20
3	31
126	32
29	33
0	0
1	0
0	2
1	2
1	10
80	1
2	1
3	1
0	1
0	0
63	32
0	0
33	0
0	24
177	21
14	23
0	4
108	177
2	3
21	2
0	1
0	1
3	1
7	177
0	7
578	78
0	34
2	1
0	6
0	6
3	1
1	1
0	1
0	0
0	0
1	0
4	12
14	0
1	0
3	0
0	6
64	51
0	51
75	34
0	37
30	101
0	76
0	100
0	7
38	45
1	5
0	4
0	4
1018	0
11	15
44	19
0	2
1	0
0	15
0	906
0	932
29	4
0	4
102	116
0	84
0	47
0	0
3	0
0	2
0	5
16	17
0	38
69	28
0	0
5	28
17	0
11	35
6	35
346	10
5	0
27	3
26	59
90	61
0	30
0	1
0	1
0	4
0	22
0	4
0	22
0	36
0	24
0	3
0	3
0	4
0	0
0	33
0	22
72	8
19	6
2	0
277	20
3	16
0	17
4	13
41	16
0	1
1	72
0	64
7	0
75	9
1	4
5	9
0	4
0	2
0	7
29	0
12	0
0	47
0	47
20	29
0	24
0	24
0	47
11	6
209	2
10	0
1	0
0	2
10	0
101	9
12	6
0	9
0	0
67	53
97	16
0	37
0	0
0	12
4	0
0	26
10	0
88	18
5	18
0	10
2	10
0	33
345	33
374	32
190	4
11	0
15	6
0	0
172	4
10	17
0	0
0	0
0	0
0	0
36	36
0	2
0	2
32	27
0	27
173	37
0	5
0	5
46	41
15	0
2	30
0	79
0	79
1	0
0	0
0	30
0	0
0	64
1	0
0	28
0	1
0	27
0	27
0	10
0	12
0	2
30	27
0	27
0	3
11	2
5	78
0	83
0	21
0	0
1	16
0	9
226	269
5	244
1	90
70	197
0	197
10	34
97	10
4	437
72	438
0	26
0	26
2	0
0	18
19	106
1	85
0	28
0	11
0	11
20	102
0	7
0	6
0	0
11	62
20	14
0	3
0	69
0	63
0	61
0	23
0	23
2	64
4	0
0	13
0	0
12	0
0	0
0	61
2	74
5	74
0	27
0	27
9	18
0	11
0	17
0	4
33	59
3	59
0	0
7	57
0	36
53	257
0	247
49	44
0	2
5	0
0	1
9	0
0	0
0	2
0	2
0	18
3	21
4	1
0	1
0	1
0	0
31	48
8	48
0	36
0	36
1	28
49	0
1	4
3	0
1	1
2	11
6	11
0	0
0	0
0	0
0	0
12	68
0	0
12	2
0	6
0	7
0	22
0	1
12	60
461	24
1	24
0	9
0	5
0	0
12	44
0	44
0	2
2	2
14	0
2	0
2	1
0	1
0	1
77	0
1	12
0	12
25	116
0	17
5	8
0	98
1	3
0	43
72	23
4	21
34	113
0	124
0	84
0	49
9	0
21	0
0	0
0	0
0	19
4	0
0	0
0	0
2	0
0	45
7	45
107	0
0	37
8	17
0	17
18	1
17	2
0	0
1	0
0	2
0	2
0	2
1	26
42	0
0	265
1	265
0	13
0	59
0	43
22	29
1	113
0	135
152	83
0	3
0	61
49	14
0	14
705	131
3	131
61	3
4	3
7	49
0	88
0	77
0	88
0	22
110	95
0	95
3	52
0	50
0	26
0	0
0	9
1	0
0	0
0	0
1	0
0	0
115	26
16	1
0	4
3	0
0	48
13	64
25	6
116	215
0	209
188	318
0	10
0	148
0	6
0	240
6	240
0	15
17	0
58	36
114	36
3	6
0	0
32	0
0	0
1	18
0	10
16	554
0	548
17	98
18	424
0	4
0	25
0	25
4	25
7	0
0	25
11	0
16	62
0	56
28	49
14	78
0	30
0	14
0	2
0	3
0	4
16	60
0	60
0	28
0	1
0	3
220	306
0	4
12	290
4	0
169	364
0	325
0	330
0	484
20	484
0	207
459	410
90	411
2	0
44	15
6	13
0	7
0	4
0	23
20	78
0	26
1	26
3	3
0	18
0	2
0	1
13	334
0	145
0	0
3	334
0	33
0	39
0	44
0	73
0	30
0	30
0	38
0	42
0	38
0	71
0	69
0	69
0	71
0	71
0	89
0	104
0	76
7	2
2	2
0	131
33	188
120	182
9	99
0	34
3	31
110	13
31	65
160	36
0	96
1	96
0	2
24	40
25	47
0	78
0	78
0	148
11	12
4	13
0	2
0	13
0	13
0	1
0	1
0	2
0	13
0	148
0	148
0	13
0	0
0	0
0	0
0	30
3	0
0	0
4	23
0	42
0	36
1	36
21	12
0	12
0	25
0	26
0	0
0	0
79	144
0	144
1	5
3	5
1	9
0	1
0	1
0	31
0	42
13	47
0	21
0	26
0	0
1	1
4	0
3	6
2	23
0	22
0	5
1	13
0	0
2	12
36	0
164	0
35	8
0	8
0	14
0	1
1	1
0	13
0	0
0	101
0	101
0	10
1	6
0	6
2	1
0	0
0	177
0	177
106	17
1	17
67	71
0	9
80	25
0	19
0	20
0	6
0	1
3	1
3	1
500	38
0	4
0	37
0	0
292	35
90	32
0	24
9	79
0	79
0	79
0	18
0	1
0	62
13	17
0	16
46	68
0	68
0	71
0	74
4	68
0	51
0	39
0	42
2	42
0	38
0	35
0	33
3	0
0	3
0	2
0	0
223	233
0	200
0	145
68	247
0	177
0	107
289	106
0	90
1	24
12	103
7	103
41	17
0	16
0	14
0	15
2	1
0	2
0	0
0	2
134	18
110	15
16	63
90	3
17	3
0	3
3	63
12	61
4	0
6	82
1	79
1	79
9	79
3	79
0	69
0	69
0	66
0	64
0	1
0	1
0	0
0	2
0	2
0	0
1	2
3	44
0	18
0	24
2	6
0	18
0	3
1	0
1	3
0	0
0	18
0	158
0	168
0	9
0	6
38	5
60	20
20	5
0	32
0	5
238	143
42	171
39	111
0	6
21	3
0	37
7	130
0	130
0	118
0	118
0	77
5	0
1	57
0	114
0	75
0	114
10	64
0	63
0	77
0	27
0	0
2	44
1	9
0	9
5	44
0	7
0	19
0	31
186	18
0	18
0	17
0	15
0	17
36	1
1	1
0	1
1	1
4	63
17	7
0	8
2	6
3	0
24	20
25	15
0	26
28	20
14	14
58	8
0	4
0	4
14	4
0	5
0	106
2	1044
0	1044
0	101
25	36
3	35
0	34
5	0
0	80
0	65
0	80
186	0
4	0
0	538
0	549
0	2
120	2
32	88
0	67
287	67
1227	187
0	135
0	45
0	16
0	17
0	12
14	34
2	34
22	14
0	11
0	0
0	16
0	32
2	32
4	0
15	3
3	1
0	115
0	63
0	115
0	58
1	0
7	38
174	0
33	43
4	21
1	21
0	1
12	9
0	15
8	10
3	0
0	5
1	0
1	4
0	0
1	0
7	2
361	0
0	41
0	0
0	6
0	6
0	6
0	6
0	9
63	9
23	4
16	4
349	0
0	2
1	2
1	117
0	117
0	0
14	0
10	3
0	3
6	0
9	1
1	1
21	77
11	77
1	77
21	73
9	61
58	222
6	1
2	1
10	0
0	218
0	229
3	15
0	4
1	11
0	18
0	18
0	15
0	15
0	15
0	18
0	5
54	2
41	59
0	39
0	24
0	9
0	24
1	3
6	34
16	30
28	13
0	40
1	159
0	269
0	131
0	59
5	6
0	14
0	7
0	4
0	3
0	7
0	3
0	6
0	4
27	4
0	141
1	22
3	20
0	3
0	2
8	1
5	0
0	0
25	523
16	523
0	11
1	34
0	82
36	82
38	6
0	6
69	3
1	0
140	73
86	0
63	0
0	1
0	1
6	10
0	10
0	10
0	3
4	4
0	7
1	0
0	2
0	2
20	10
0	7
0	6
0	5
0	0
0	5
0	0
16	41
84	0
0	1
0	1
0	0
0	2
4	0
0	0
1	0
0	0
0	0
0	0
0	0
0	1
2	0
0	11
1	46
0	4
29	23
123	46
0	0
3	3
0	2
0	3
0	3
19	2
40	30
78	31
70	55
0	25
0	2
0	26
0	23
0	52
0	26
10	24
0	14
0	6
0	8
5	19
0	7
6	1
0	17
0	4
0	4
6	0
5	1
0	1
3	0
0	0
21	73
0	73
0	66
0	1
0	0
6	80
0	6
0	72
31	34
0	80
0	0
24	4
0	3
0	2
0	2
0	2
0	0
2	51
0	49
0	49
0	52
0	48
0	6
0	4
0	4
0	10
11	2
0	2
28	127
147	68
0	239
0	371
20	200
0	82
0	47
0	94
0	43
10	133
2	67
0	4
0	6
147	72
11	72
18	72
36	46
0	27
1	5
0	5
7	0
0	46
0	1
1	1
0	11
0	16
0	3
0	7
0	12
0	193
0	190
0	191
0	194
0	184
0	3
559	0
52	3
5	3
0	0
151	0
2	5
0	5
0	1
148	0
0	2
1	61
5	61
3	10
0	10
5	15
122	32
39	22
0	23
0	16
0	32
3	10
0	69
137	0
0	3
0	15
0	15
0	14
0	16
0	16
0	0
0	0
6	0
0	1
0	1
0	1
42	1
1	4
0	1
0	70
11	103
113	122
2	75
0	66
95	81
12	75
3	24
7	15
1	1
0	17
0	0
6	18
0	17
1	9
0	30
0	31
0	8
39	69
0	50
0	50
0	23
0	3
0	1
0	1
2	8
1	2
38	17
0	17
0	3
120	17
0	0
3	1
15	164
0	10
18	128
0	114
0	142
33	97
0	45
0	6
0	6
2	6
11	8
0	13
1	1
4	13
0	1
0	35
0	32
0	33
0	34
0	28
38	5
0	25
0	20
30	13
644	10
404	10
17	3
0	70
1	70
0	165
0	174
1113	423
28	165
0	12
0	0
0	272
0	280
0	62
0	62
0	18
6	30
0	30
0	17
0	0
0	0
0	12
0	6
0	0
3	0
0	17
1	10
0	9
3	5
2	0
0	5
218	0
3995	0
0	42
0	42
5	42
0	38
0	5
0	9
0	9
18	26
0	10
0	16
505	603
41	603
202	37
10	37
161	57
13	33
3	20
0	5
1	3
0	2
26	10
22	8
0	33
34	33
3	56
282	54
0	52
0	13
0	52
487	1
1	0
0	1
12	11
3	11
13	3
4	4
0	1
2	0
17	0
124	0
1	18
0	16
17	3
4	15
4	11
0	9
0	28
0	28
0	14
0	11
5	12
0	27
0	44
0	44
0	44
0	41
0	40
76	14
3	14
0	0
219	16
87	11
0	5
93	0
0	8
0	7
11	9
0	6
0	4
0	6
1	5
0	2
0	4
1	0
32	1
6	57
16	57
0	4
25	4
31	2
2	1
15	12
6	8
0	5
0	9
0	5
1	6
0	5
0	3
178	10
0	3
3	7
122	32
0	38
0	38
16	0
0	0
0	44
0	44
0	38
3	33
338	161
0	33
1	51
0	33
51	161
21	111
36	0
3	81
2	43
1	35
0	41
0	24
127	52
0	16
0	674
41	695
0	102
0	90
28	5
1	4
10	0
0	173
0	128
0	129
0	173
0	172
0	14
14	0
0	45
38	45
0	45
0	7
0	6
0	3
3	3
0	4
0	1
0	2
1	4
17	4
54	489
17	51
11	51
3	438
0	21
1	21
0	14
1	9
0	1
1	5
1	8
33	27
203	26
29	14
97	13
0	13
0	0
18	18
1	18
14	4
1	0
10	4
0	4
2	0
0	17
0	17
29	17
3	35
60	36
10	0
0	18
38	0
1	0
0	4
0	0
0	3
0	2
0	0
0	11
0	11
0	99
0	11
0	6
0	13
0	14
106	91
0	4
62	9
0	2
0	11
0	0
0	0
3	0
0	72
23	7
0	247
0	37
0	44
368	229
0	9
15	9
8	8
13	14
117	35
5	7
1	0
39	0
0	14
0	16
12	16
0	1
0	1
13	17
0	76
0	17
0	75
0	6
0	4
0	6
0	3
0	6
0	49
62	10
0	10
11	230
0	0
0	4
0	230
1	0
13	157
110	224
5	4
7	198
0	12
0	25
30	12
0	12
0	12
0	4
0	12
23	0
8	0
0	36
0	35
0	0
11	1
0	31
0	62
0	62
0	59
0	36
0	2
1	28
0	52
52	62
46	55
0	29
3	0
5	0
1	22
21	556
0	22
95	10
8	0
0	10
0	0
2	1
0	2
2	6
0	10
0	12
42	13
1	5
1	0
0	6
1	0
1	1
0	6
0	5
36	0
969	265
0	275
34	81
0	53
0	17
0	17
0	14
0	10
0	1
0	1
13	14
13	427
0	84
0	27
3	10
0	305
0	390
2	88
0	5
0	143
0	2
0	140
189	22
43	45
0	115
0	78
14	29
1	32
0	427
0	6
3	59
0	59
0	6
0	2
3	2
0	55
0	39
63	88
51	127
22	122
11	122
0	129
0	55
4	1
182	6
14	2
2	7
0	2
4	7
0	6
0	7
0	1
0	1
0	15
0	1
0	14
0	14
7	11
0	18
0	56
0	3
0	47
0	52
0	38
4	5
1	2
160	0
10	229
72	11
0	105
28	338
2	253
0	98
0	9
13	9
1	1
10	26
28	101
0	2
20	1
2	3
266	7
10	4
12	0
42	5
83	5
85	42
0	214
0	201
402	41
0	517
0	516
0	144
847	22
0	22
0	13
0	1
2	2
190	1
0	2
33	3
0	2
0	2
0	1
0	1
0	1
0	1
0	1
0	0
0	0
4	2
0	0
0	22
11	7
0	0
0	4
0	26
0	1
0	9
32	33
0	14
0	14
0	11
363	66
0	59
0	25
0	16
0	25
1	15
20	0
0	14
0	14
0	0
0	79
0	14
165	65
0	72
229	216
0	237
432	230
0	151
0	254
0	251
0	229
0	232
0	2
6	8
0	19
0	19
0	19
0	20
7	14
1	17
13	16
4	5
0	5
1	17
0	16
4	4
19	0
18	101
41	141
0	39
0	141
617	2
14	2
68	241
26	241
2	58
11	88
0	19
0	17
16	5
29	4
0	2
0	2
0	30
0	5
0	0
237	11
193	11
0	80
0	137
0	477
0	3
10	3
5	3
0	3
0	4
0	79
1	120
43	0
27	108
33	23
2	69
0	14
22	0
185	27
0	27
12	25
57	72
0	71
0	65
6	55
2	15
44	11
0	7
41	9
112	118
0	93
51	111
51	117
0	24
0	24
0	5
43	19
0	3
14	10
0	18
0	12
0	1
394	722
0	722
5	0
180	8
25	30
0	0
0	6
23	6
0	2
511	130
31	44
42	33
9	12
0	2
25	89
2	0
229	0
0	1
0	1
45	2
98	0
295	31
0	6
66	25
28	25
0	15
0	2
0	40
0	40
3	40
0	12
3	64
48	0
1	0
8	32
2	39
0	7
0	34
0	29
0	29
0	34
1	1
6	7
2	1
0	17
0	1
6	1
0	1
0	1
0	17
0	9
0	17
0	11
0	14
0	9
0	15
52	1
0	5
6	37
3	3
0	3
0	3
0	35
0	3
0	5
1	5
1	3
0	3
0	0
1	0
0	0
0	0
111	0
2	0
0	406
427	428
29	22
13	13
13	179
80	270
0	157
250	66
21	29
0	4
0	22
0	5
0	15
456	177
0	157
5	154
0	152
8	164
0	0
0	12
0	326
0	138
15	272
0	183
0	151
0	183
0	236
0	9
2	3
0	51
0	3
0	3
0	142
0	326
18	544
0	568
0	406
13	13
141	13
1	26
2	23
9	24
60	239
0	15
0	38
0	51
0	242
225	19
0	45
0	0
0	3
0	2
0	1
0	1
30	4
0	4
0	4
0	4
0	0
0	4
0	4
0	0
0	5
0	4
0	0
0	4
0	0
3	81
0	83
0	65
26	21
0	16
10	28
0	81
420	91
52	31
0	12
1	12
5	3
2	1
37	41
2	102
8	34
0	4
0	1
0	1
0	8
0	0
4	8
0	7
0	0
0	68
0	0
0	7
0	0
20	72
0	31
16	64
6	41
0	6
0	15
0	0
0	0
31	346
19	344
437	296
0	271
11	37
0	37
19	37
8	6
0	4
0	0
10	4
0	4
2	0
0	0
0	2
0	2
7	66
0	64
0	64
0	5
1	0
0	7
0	0
79	42
0	42
58	154
0	28
0	145
429	565
22	375
0	105
0	52
0	131
0	3
0	7
4	3
0	0
9	0
4	1
0	205
388	205
60	26
350	51
2	30
0	23
6	30
863	32
0	26
0	26
0	55
0	40
0	14
0	18
0	18
54	25
0	169
6	169
15	6
0	70
285	481
3	8
16	5
76	18
0	20
0	20
0	20
2	0
33	2
5	0
0	2
9	10
0	10
0	1
0	1
1	33
0	68
0	78
0	69
0	78
0	78
0	160
0	162
8	26
1	26
0	15
187	152
0	15
0	0
1	0
1	13
0	1
0	8
102	43
0	32
0	42
0	3
0	1
10	54
0	3
159	3
0	0
8	32
29	51
0	4
548	388
9	173
56	15
0	368
0	4
1	4
0	72
856	0
143	440
0	36
0	405
0	427
0	310
43	6
55	3
1	20
39	0
0	47
0	49
22	123
2	48
0	36
0	55
0	43
0	21
10	8
0	49
0	4
4	4
85	0
0	130
5	0
0	130
2	42
12	42
0	5
0	16
1	16
1	2
0	16
0	81
550	0
4	13
23	33
0	2
78	2
133	42
11	4
0	5
0	23
0	7
12	0
0	0
0	83
0	83
0	83
0	82
0	82
0	82
0	82
0	24
13	6
0	28
0	27
11	1
4	101
0	101
0	2
0	22
0	0
0	1
0	2
10	77
225	39
0	39
0	5
0	27
9	5
0	23
0	1
0	0
0	0
56	11
0	11
0	6
0	0
0	10
0	10
1	2
2	2
0	2
0	44
0	44
0	141
2	1
0	0
0	0
2	0
3	0
1	0
0	156
11	136
0	20
1	1
1	3
5	9
56	10
0	10
0	10
7	2
69	0
4	0
51	1
2	1
1	7
0	7
583	29
0	5
0	24
7	4
20	11
1	59
0	50
0	26
0	19
0	7
0	1
85	50
0	4
0	0
0	3
7	3
0	46
0	21
284	29
2	27
5	8
0	27
0	22
0	23
8	3
0	1
32	2
0	20
0	135
83	94
0	50
0	43
1	45
0	136
110	0
35	5
0	1
13	0
0	3
0	5
3	6
71	113
1	96
0	31
0	31
0	32
0	3
2	1
0	1
0	2
0	14
0	3
0	11
1	2
2	1
326	0
0	18
7	18
0	18
9	18
1	8
2	72
0	2
0	70
184	39
19	49
5	1
0	70
114	19
1	0
0	0
2	19
0	0
61	0
0	11
0	11
11	2
0	1
0	1
2	2
0	2
0	2
54	136
0	78
0	2
0	1
0	1
34	111
11	97
44	72
17	13
0	13
285	98
11	5
44	5
20	320
0	296
10	282
178	150
0	156
0	11
2	1
1	0
0	0
0	14
13	396
0	11
10	17
0	28
11	14
0	14
10	408
0	22
6	1
0	2
0	2
0	1
133	68
0	18
13	177
0	169
0	140
290	132
15	106
165	26
199	2
0	56
0	177
149	14
0	9
5	6
4	5
21	80
1	8
0	16
25	2
2	3
0	71
274	43
2	8
63	0
0	35
276	59
0	59
0	22
0	5
49	0
18	2
0	0
0	2
18	645
0	207
0	143
0	137
1	167
0	151
0	29
1032	88
10	8
0	15
0	110
5	0
0	110
0	215
0	1
484	122
18	94
0	12
0	0
0	4
0	4
0	12
0	701
91	701
124	843
2	0
22	87
0	82
14	128
0	129
1	117
0	19
0	23
0	24
65	52
9	14
0	0
5	0
5	1
0	0
34	348
2	348
0	68
0	77
16	140
0	25
6	277
44	19
1	241
0	1
0	47
0	131
0	45
0	1
8	21
0	25
5	2
5	0
1	0
0	21
0	0
0	0
0	20
0	10
0	10
10	18
0	25
33	41
0	20
0	16
0	33
0	20
12	6
0	0
0	30
1	13
0	13
0	0
0	0
0	6
69	146
0	101
0	0
0	21
0	48
0	70
0	98
0	98
68	113
0	123
0	56
0	42
0	65
1	33
0	14
0	1
0	6
3	2
6	1
0	2
62	30
0	0
0	16
0	23
190	36
3	1
5	0
1	12
0	12
41	2
0	2
0	14
1	32
161	63
1	61
0	57
4	23
365	16
0	2
19	1
1	1
13	1
1	1
5	1
14	1
0	1
8	1
1	0
64	1
0	1
8	1
60	65
0	0
18	61
0	27
60	42
30	45
90	8
0	2
0	6
23	41
106	191
3158	880
0	64
35	174
41	108
20	118
687	106
3	12
36	19
0	26
43	286
0	25
37	2
7	14
128	27
0	25
5	73
0	68
0	0
0	3
0	0
0	55
15	0
83	46
36	50
0	50
30	35
6	22
272	75
0	49
0	75
25	29
0	25
7	7
16	21
7	4
8	0
10	183
42	181
5	163
0	33
2	33
19	3
18	98
0	33
9	65
0	87
0	87
1	0
17	0
0	2
4	13
1	6
6	12
0	0
0	4
2	4
0	46
51	137
0	118
47	112
3	57
1	6
0	1
0	137
0	64
0	14
0	3
0	14
0	48
0	48
0	48
0	11
19	0
0	48
0	47
8	25
0	22
0	45
0	48
2	0
0	13
0	8
0	9
0	10
0	5
5	7
0	1186
0	1207
14	1397
0	1179
2357	1381
0	1114
0	1422
0	862
0	1230
0	1070
0	1439
0	1103
42	694
2549	627
0	67
0	70
9	97
34	269
0	63
427	208
45	0
51	0
726	87
0	82
0	14
26	57
1	54
10	3
0	9
1	9
0	3
11	0
46	65
0	69
0	0
2	16
4	31
0	7
23	23
0	7
41	53
95	100
0	28
0	26
0	84
8	63
0	15
3	61
0	0
0	0
7	3
0	2
41	0
1	0
0	3
1	3
4	0
0	22
2	2
5	3
0	3
0	78
0	3
0	77
0	2
0	75
19	55
42	235
13	215
0	54
24	213
1	29
33	1
0	0
10	28
0	0
3	0
3	0
0	148
15	144
74	148
8	32
0	2
8	32
23	7
0	73
11	55
4	54
94	303
22	28
0	9
8	29
12	28
0	1
45	279
0	31
0	7
0	0
0	10
0	4
4	33
2	3
11	0
0	0
0	30
8	0
0	18
0	17
10	9
73	28
0	29
129	2
10	23
0	22
3	11
0	9
129	19
0	14
11	7
22	2
20	1
18	4
34	11
0	96
0	96
0	96
0	96
0	92
0	92
0	92
0	92
0	90
0	90
0	88
0	88
0	94
0	96
220	193
19	96
0	96
0	90
0	7
0	7
1	7
0	5
0	3
45	5
0	5
0	42
0	5
0	55
0	7
0	39
20	7
13	15
0	43
8	28
3	0
0	14
0	5
0	10
0	1
0	29
0	49
20	37
55	1
146	45
0	34
0	42
0	49
0	237
7	29
0	189
0	4
0	1
2	8
0	237
0	0
294	43
4	42
17	1
0	8
0	9
0	1
1	0
0	8
4	0
24	52
0	17
0	6
9	30
0	6
0	30
0	52
6	52
0	86
0	86
5	1
92	0
11	133
615	20
3	0
0	4
0	7
94	0
0	42
4	42
0	19
0	19
0	10
159	21
1	1
0	1
17	311
0	15
0	10
0	295
0	259
0	98
34	86
0	52
0	1
0	312
21	58
38	63
0	2
0	44
0	0
16	0
35	67
0	91
7	4
0	31
92	61
4	7
12	57
785	0
1	14
0	14
1	2
0	25
0	32
0	18
4	12
7	16
19	2
2	18
0	2
0	2
0	16
0	27
0	25
0	2
0	2
0	2
0	27
8	41
0	56
0	2
70	7
26	38
3	38
0	18
1	0
35	2
0	11
7	32
9	2
167	0
0	5
0	5
0	5
0	2
0	1
0	5
0	5
0	0
0	17
0	20
2	1
1	0
0	1
0	1
0	1
1	22
0	22
0	22
0	22
0	8
239	11
4	6
3	2
0	7
5	0
0	9
0	19
0	9
15	6
0	6
11	9
2	0
0	10
0	13
1	0
1	2
0	19
0	5
3	1
0	0
9	1
0	4
0	17
0	17
0	22
0	25
0	31
0	25
0	31
0	3
0	0
0	3
0	3
0	120
2	81
1	75
21	0
8	41
0	28
39	0
12	92
0	80
6	4
2	14
0	37
197	71
0	36
0	10
0	49
0	36
159	0
89	67
0	59
0	59
0	59
0	35
85	55
0	58
0	55
2	8
69	4
33	0
14	31
0	31
40	91
0	1
2	1
18	44
11	15
309	6
0	6
0	0
100	8
0	0
0	1
13	2
0	0
28	2
233	4
3	3
0	4
0	6
1	1
0	6
648	0
0	30
33	25
1	17
39	7
35	2
0	0
4	9
1	1
0	9
0	8
0	4
0	4
1	8
0	538
0	538
2	397
0	471
6	0
0	0
0	0
0	0
0	0
3	0
0	0
0	0
0	0
1	12
0	14
1	14
2	3
86	29
0	5
0	45
0	49
0	9
0	36
0	0
22	19
0	45
17	110
3	109
0	1
2	3
0	3
4	0
0	0
1	13
0	3
12	0
17	3
0	0
0	13
0	3
0	65
14	12
107	0
0	1
0	32
0	32
0	32
0	32
0	8
4	1
5	0
6	0
0	2
4	3
1	3
0	65
7	37
0	15
16	11
0	11
0	1
0	2
11	14
0	1
0	0
0	0
0	10
0	12
0	11
0	1
0	0
2	0
0	1
2	6
0	1
0	3
0	3
0	6
0	40
0	4
0	1
0	63
1	52
0	9
0	50
17	46
0	21
0	15
18	16
0	5
1	2
0	2
0	2
0	2
0	6
3	0
13	0
35	11
0	11
17	2
0	10
38	12
0	2
18	2
0	5
0	124
0	21
0	124
0	18
0	2
8	4
0	4
0	15
0	3
0	2
0	2
4	7
3	37
26	88
0	101
0	97
0	88
2	19
18	122
9	0
0	0
0	73
0	68
1	67
72	303
63	72
0	35
0	303
0	3
688	7
0	7
87	50
1	6
1	44
24	29
0	20
8	17
0	2
0	45
9	9
0	30
7	1
1	1
0	45
88	51
0	50
5	12
18	112
61	112
12	158
391	35
0	9
0	1
0	1
86	118
265	40
27	40
37	109
0	109
0	7
3	7
0	158
4	153
96	20
2	5
1	0
0	51
127	2814
0	20
61	20
0	20
0	2
0	1
0	14
0	0
0	134
0	166
29	166
0	51
3	28
30	120
0	2
0	85
1	2
0	113
0	15
10	37
0	5
0	372
0	141
1	120
32	641
4	0
27	646
15	4
1	4
0	8
0	0
72	9
0	9
2	10
0	0
3	0
84	1
22	1
21	8
0	8
40	21
0	3
19	9
11	17
0	10
11	25
0	2
4	4
0	0
1	0
56	197
18	173
0	0
0	9
0	1
0	8
65	42
0	6
0	38
0	16
0	16
0	12
0	4
0	1
0	0
93	74
0	23
181	72
0	35
6	0
4	0
38	13
6	14
0	88
0	88
0	42
0	3
0	14
0	14
0	11
0	0
0	42
0	42
223	205
6	203
81	165
2	1
0	3
0	3
0	5
0	5
5	1
50	70
0	6
7	45
0	2
2	44
27	50
24	47
26	47
0	5
0	26
0	0
0	0
1	4
0	1
0	6
3	17
2	101
0	9
0	98
129	91
1	16
0	94
1	1
74	38
12	4
0	33
12	55
0	10
0	11
0	11
8	22
0	11
0	11
0	2
0	5
0	54
44	54
0	26
1	8
0	8
0	20
13	85
222	126
0	73
2	20
12	34
0	6
41	439
8	8
0	4
0	34
44	440
6	18
0	18
187	5
0	11
7	4
3	4
15	6
0	4
16	2
1	3
31	6
0	1
0	1
2	2
0	1
3	0
0	9
2	22
0	14
0	0
0	0
0	4
6	1
0	1
0	6
38	60
0	3
0	2
0	5
0	24
0	5
0	2
0	2
0	60
2	3
45	27
0	0
0	14
0	0
8	0
0	0
2	0
0	0
0	54
16	54
751	0
17	0
13	237
0	209
0	106
0	1
25	233
0	47
0	58
22	48
0	7
1	12
10	111
20	25
0	101
0	101
0	1
0	25
0	22
13	44
0	75
0	10
2	13
4	4
0	143
0	155
0	143
0	1
6	0
27	74
7	74
12	56
2	10
2	13
0	13
0	14
99	268
0	268
6	175
2	76
2	6
21	4
0	0
0	1
0	4
0	1
697	95
0	0
0	5
0	15
0	70
0	67
3	88
1	3
0	0
0	1
0	3
2	4
7	2
0	0
0	0
0	0
342	106
0	76
0	27
0	27
0	27
0	27
0	28
0	28
0	27
0	27
0	27
0	27
0	27
0	27
0	27
0	27
0	27
0	27
2	0
0	4
9	70
1	1
13	1
5	114
27	119
0	1
0	1
0	5
0	27
0	27
128	99
2	1
0	99
43	51
15	51
8	51
0	47
0	30
4	5
18	73
26	185
222	439
0	405
13	94
11	31
6	0
4	5
24	0
1	7
0	4
0	6
1	237
0	292
0	172
0	174
4	141
0	25
0	0
0	199
1	0
0	199
0	199
0	47
0	49
48	5
79	28
0	21
18	18
0	214
41	219
7	108
36	34
0	2
29	2
5	1
151	212
0	225
2	129
0	70
0	58
66	45
0	4
0	10
77	7
16	1
0	0
0	0
0	3
119	7
146	20
18	20
91	1059
0	1060
0	223
0	1059
0	431
0	423
0	410
0	57
0	428
0	22
0	370
0	3
0	10
0	11
0	2
127	46
5	41
6	22
1	0
1	0
1	5
31	5
54	7
3	5
3	2
15	2
0	2
13	12
3	1
0	12
0	48
37	98
0	56
14	34
5	33
0	67
5	43
0	28
0	42
0	73
32	0
0	7
0	3
0	28
0	0
3	0
0	7
0	32
0	47
0	44
0	28
1	36
0	1
0	0
0	0
0	7
0	4
0	0
0	15
21	0
223	130
0	8
4	55
0	6
0	0
0	48
22	79
0	49
2	11
179	4
2	0
72	0
0	14
29	7
9	1
73	176
373	175
0	160
0	99
0	26
0	1
6	0
73	197
0	8
31	60
0	13
1	0
0	60
10	134
0	15
0	15
0	1
0	1
0	1
6	17
4	17
0	290
0	271
26	290
0	146
6	67
1	19
0	10
0	10
38	1
3	1
0	226
0	157
375	356
18	1
2	40
0	0
0	0
202	16
5	6
5	16
0	14
0	5
0	13
1	0
0	0
0	0
0	12
5	0
0	0
0	12
0	6
0	0
0	4
0	13
0	20
0	14
8	18
0	6
4	134
1	120
0	39
5	0
0	16
0	16
14	15
0	14
0	32
0	11
1	26
61	0
0	323
0	323
0	51
26	0
0	1
253	37
0	46
0	34
19	30
0	17
0	15
1	38
0	40
0	0
0	0
0	19
0	3
1	3
35	0
0	14
20	27
9	94
2	28
180	77
0	73
14	21
1	9
921	14
11	5
0	0
0	9
115	0
0	7
15	7
34	76
1	76
0	29
7	58
8	342
3	340
0	332
6	43
5	1
7	2
0	49
0	24
0	24
0	13
0	0
0	33
0	0
7	26
106	11
13	26
0	4
0	56
0	15
0	14
4	13
0	2
1	2
0	0
839	112
0	0
7	0
50	35
1	37
1	98
0	98
0	0
3	0
42	951
0	956
0	41
21	23
0	3
0	0
0	1
5	5
0	2
0	2
0	2
0	2
0	2
22	3
40	2
0	2
0	0
1150	189
5	189
0	0
0	0
0	0
0	5
0	5
0	0
0	22
0	6
0	20
10	0
0	0
0	0
0	0
0	0
13	0
5	52
48	4
0	53
0	1
69	2
72	84
0	52
0	0
0	0
0	2
0	3
0	2
11	84
18	21
12	21
72	59
1	51
0	49
0	49
0	39
0	29
3	19
0	12
16	21
0	0
0	9
0	1
0	3
0	8
0	0
0	8
0	8
0	5
0	3
2	3
0	1
0	3
0	1
1	31
81	53
9	52
0	30
0	30
15	23
0	7
27	7
30	12
26	25
3	87
40	126
61	113
122	57
0	10
0	0
6	26
0	18
2	108
1	9
0	0
22	0
15	115
0	0
0	32
0	32
0	0
1	0
15	3
7	0
0	47
36	86
14	32
0	34
17	20
16	21
0	0
0	7
0	2
48	86
0	47
34	86
0	80
0	16
9	9
1	7
0	6
0	3
33	1
12	0
6	45
8	72
0	4
0	20
1	2
2	4
0	21
0	10
0	21
15	1
23	52
31	52
26	52
0	47
2	14
4	7
0	7
20	0
1	17
23	52
0	54
14	49
18	18
3658	69
8	65
205	64
0	0
4	4
197	4
0	4
14	10
52	11
1	4
0	26
3	26
0	17
0	15
0	63
0	34
0	14
0	45
0	6
105	500
1	23
0	62
0	33
1	0
9	52
0	44
0	14
18	0
0	415
0	64
4	45
75	23
29	74
1	23
0	50
0	37
0	28
11	2
0	4
26	5
2	0
3	0
10	5
0	3
453	24
0	71
0	402
0	402
0	1
1	10
0	1
0	38
246	38
1	1
3	132
0	298
1	206
1	1
1	0
0	0
9	0
0	1
0	1
0	59
0	68
0	70
7	70
0	68
4	68
0	40
0	40
1	1
0	6
0	2
0	51
1324	13
18	39
0	1
272	48
2	0
18	118
0	118
5	0
6	47
718	339
0	339
79	23
0	12
0	0
0	11
758	9
0	9
56	2
1	1
1	31
0	5
2	122
0	73
293	80
0	14
0	47
0	1
0	97
10	46
2	46
0	4
0	25
81	85
0	83
0	58
14	62
0	6
0	3
4	2
0	3
0	1
0	3
0	1
0	3
10	0
0	3
187	30
59	259
0	20
5	240
70	0
2	9
3	9
385	90
0	28
0	32
1	8
1	15
39	16
0	7
0	0
2	0
0	0
0	1
0	1
0	0
11	37
1	5
0	1
40	59
249	42
5	59
2	1
80	63
0	63
0	12
0	19
12	17
0	16
0	7
3	1
0	1
0	1
12	1
0	1
0	1
34	46
0	17
0	12
9	22
142	21
0	92
11	94
3	23
2	2
0	4
0	3
0	4
0	1
1	3
1	2
0	94
3	6
1	6
0	6
8	26
0	1
0	1
0	1
0	26
124	246
14	0
40	0
341	5
43	5
97	35
14	35
0	0
0	1
0	33
176	259
0	298
253	32
0	71
0	57
14	0
1	0
185	152
0	24
0	33
0	77
1	1
0	3
0	8
19	4
0	4
0	162
0	162
0	0
201	72
0	72
0	2
13	0
0	0
3	0
0	0
77	53
0	25
2	25
0	27
0	27
184	10
0	1
0	17
0	27
21	27
253	105
89	64
3	105
0	30
0	40
1	3
0	2
3	1
13	56
0	39
106	58
0	33
0	19
0	6
0	28
31	5
0	14
0	0
0	1
0	58
1	16
2	14
24	9
172	21
5	31
0	44
0	29
4	10
0	0
0	1
15	3
0	5
0	5
0	89
0	22
0	1
1	0
5	1
0	0
5	71
983	5
117	97
3	96
81	37
10	25
49	25
21	0
181	127
0	439
0	137
0	122
194	94
0	112
0	129
0	35
0	0
0	37
0	22
0	0
0	22
1	581
38	511
1	379
11	380
0	1
55	2
21	2
0	82
0	85
0	107
0	64
4	2
0	2
0	3
0	3
1	1
8	0
0	1
0	10
53	606
0	15
0	38
0	7
0	13
0	13
0	38
0	13
0	15
2	0
0	15
24	82
0	5
14	81
48	79
0	76
0	34
0	14
1	0
0	0
3	5
0	6
801	0
978	191
43	35
0	0
6	156
22	0
1	0
500	0
50	28
7	12
0	2
29	25
65	2
26	2
304	1
0	7
0	10
0	12
43	12
8	33
0	33
2	7
0	6
0	5
0	32
11	156
22	49
10	47
0	116
0	12
25	12
6	0
19	6
0	5
0	6
18	0
0	25
32	27
8	27
8	0
0	0
4	0
0	22
13	22
0	17
0	12
2	9
0	1
23	0
501	222
0	222
6	7
0	135
0	125
11	11
0	10
1	9
55	150
0	2
0	2
2	147
2	30
15	31
0	20
0	20
0	20
0	20
63	0
0	0
28	34
1	29
0	6
31	8
0	16
0	22
0	67
0	67
0	67
0	73
2	23
1	13
0	12
1	10
0	0
0	2
441	0
86	420
2	420
6	5
6	1
4	3
0	3
799	26
0	30
0	18
0	40
101	65
2	36
0	11
0	5
0	3
0	0
0	3
0	3
0	3
0	13
18	21
6	1
0	0
1	0
4	63
14	7
0	56
0	23
1	1
0	56
0	26
0	55
0	0
0	23
0	1
46	24
0	1
3	3
39	2
0	1
0	1
29	0
48	0
6	42
0	43
141	213
0	207
0	1
0	1
0	1
0	20
2	20
293	275
101	275
65	0
0	8
0	0
22	96
2	99
0	93
0	13
0	2
6	9
0	6
77	7
195	55
0	55
0	2
3	0
674	0
0	0
0	82
0	31
0	83
10	1
0	29
2	9
0	3
0	23
3	0
0	9
0	3
3	2
0	10
0	1
0	23
1	0
20	42
147	5
0	1
42	182
4	14
0	30
0	2
27	9
1	2
1	2
90	16
0	2
1	1
1	1
0	5
0	15
0	3
0	3
25	208
13	220
0	148
57	40
0	16
0	17
0	48
0	24
0	130
13	40
0	40
0	5
0	38
0	39
0	2
63	38
3	3
0	13
9	15
14	9
11	4
63	56
0	38
0	50
0	12
106	18
7	79
19	67
0	32
0	21
0	1
41	1
7	2
510	36
47	5
0	24
107	3
11	2
14	25
1	19
0	3
19	3
0	3
0	69
0	43
2	0
5	34
0	5
6	4
0	0
64	0
41	0
87	48
0	48
16	3
0	1
0	0
0	2
0	9
1	0
0	4
0	4
1	4
1	0
0	3
47	0
36	44
1	40
0	2
0	2
11	9
3	3
5	2
236	373
665	366
425	0
486	0
0	344
18	355
2	60
0	273
4	12
5	1
17	5
21	0
0	0
0	5
5	52
0	54
0	54
0	16
18	16
0	5
0	1
0	0
0	5
0	0
17	0
0	5
0	5
0	5
0	3
0	3
4	0
0	2
0	1
0	5
1	1
24	8
0	5
0	123
0	137
0	78
0	137
0	102
0	88
22	10
151	0
0	0
0	2
182	13
0	14
246	0
13	134
0	130
0	123
58	92
0	91
0	78
0	14
0	15
0	6
0	0
5	1
44	16
6	0
164	1
23	1
26	0
0	18
3	18
70	12
2	13
3	45
0	41
4	10
9	26
10	27
0	8
9	28
0	28
0	27
0	27
0	26
0	26
0	26
1	6
1	6
1	0
0	0
0	5
2	5
48	10
0	10
0	7
4	15
6	13
2	8
0	8
2	0
18	0
9	0
13	6
0	18
4	18
37	24
0	24
0	4
3	0
0	5
0	3
4	4
0	4
9	1
1	0
0	157
98	157
0	25
0	118
0	17
0	17
158	101
0	76
15	51
0	0
1	27
21	1
4	2
1	1
5	3
4	0
47	22
0	21
2	4
0	4
0	35
0	35
0	35
0	5
515	11
0	1
0	10
17	9
0	1
1	0
1	48
0	48
0	33
62	1
41	10
0	1
27	19
1	2
39	0
1	0
37	124
0	105
11	1
0	9
1	0
3	19
0	11
0	11
0	11
0	11
0	9
6	13
0	13
0	1
0	1
115	0
1	146
8	130
9	147
0	17
2	17
0	17
0	15
0	4
6	1
0	0
0	15
0	15
0	3
2	401
0	405
0	126
6	1
0	2
0	1
1	1
0	1
0	1
0	0
18	0
249	4
0	4
76	88
0	55
1	1
0	0
0	0
0	0
3	1
27	7
35	0
0	0
6	0
331	0
58	0
124	0
0	31
0	31
0	31
0	31
0	2
0	31
0	0
9	41
1	13
0	1
0	414
0	0
0	27
16	0
77	387
26	48
0	33
0	17
193	283
0	8
0	0
0	1
139	12
9	10
4	0
0	2
5	2
1	2
26	21
0	21
0	20
14	34
6	34
0	1
44	31
5	31
0	12
52	21
25	9
0	4
68	68
6	62
0	34
0	17
6	0
12	12
0	34
0	44
4	51
2	1
0	1
0	1
0	0
0	0
0	0
0	2
0	2
620	243
41	71
9	142
0	47
41	47
0	119
13	165
0	113
33	47
2	47
115	73
0	1
0	0
0	0
0	13
0	1
3	13
1	18
0	36
0	35
0	0
4	1
0	2
155	148
0	148
0	85
0	137
3	0
0	0
2	0
0	0
79	0
57	8
14	44
128	118
0	92
0	86
6	23
0	66
1	2
0	2
6	2
0	2
0	0
0	0
407	289
0	285
0	3
5	4
0	4
8	39
13	42
0	5
2	8
2	19
0	19
0	2
29	0
0	1
0	4
0	2
0	0
0	0
1	0
9	0
15	79
0	80
0	78
0	64
0	72
0	2
2	2
217	106
0	61
1	106
0	4
15	18
24	160
0	160
0	125
0	7
1	7
0	0
2	5
19	29
13	29
487	19
0	1
0	6
2	8
5	7
7	280
3	266
0	270
3	158
0	73
1	0
6	214
0	0
12	71
0	71
0	64
5	0
0	38
42	92
0	4
108	23
0	23
27	89
127	89
0	4
6	3
1	1
79	54
77	28
1	4
0	24
6	7
0	1
0	2
11	9
3	1
1	3
18	2
13	39
0	3
0	61
5	15
1	52
0	78
0	60
0	21
0	29
0	21
52	54
8	0
0	70
31	28
20	28
7	24
4	6
0	13
3	13
20	5
0	5
0	5
0	11
0	24
0	15
0	32
10	23
0	4
0	24
0	4
0	8
0	3
0	3
0	8
3	8
0	15
22	75
0	36
6	47
0	24
1	24
0	22
1	0
6	2
1	16
32	0
0	24
10	550
0	6
0	2
0	0
1	544
0	6
0	170
37	64
10	16
0	27
0	24
0	31
234	168
1	1
95	117
0	137
10	137
1	66
13	17
0	10
1	10
4	10
0	10
0	5
0	265
15	90
11	174
42	57
0	10
140	34
8	12
0	149
12	2
4	33
7	194
0	162
6	179
1563	150
71	1
1	15
26	2
169	2
175	23
0	8
17	1
1	1
0	60
0	62
0	61
0	27
2	3
0	75
9	4
1	1
34	9
645	58
0	101
12	112
3	0
0	59
0	26
6	3
0	9
57	34
4	1
0	1
105	33
25	376
0	271
0	87
14	42
7	43
0	39
19	28
25	6
0	0
0	0
6	2
0	16
0	32
3	27
0	3
0	49
0	24
0	4
0	21
10	16
0	7
0	50
0	44
0	34
0	22
0	12
4	106
0	64
45	436
0	41
0	5
0	24
2	5
0	20
0	18
40	2
0	22
0	22
0	2
32	23
0	40
3	20
1	2
32	0
58	821
88	838
0	19
1	3
0	2
68	681
4	332
270	798
0	582
87	180
6	14
8	7
0	3
20	9
10	10
0	9
17	11
0	4
256	215
0	89
36	89
0	111
62	181
1	10
0	49
0	21
2	2
0	82
0	78
0	100
0	22
0	163
47	2
0	38
0	101
0	214
7	25
0	15
4	21
4	1
53	99
0	99
0	68
0	73
0	2
35	3
319	7
253	7
179	64
0	17
2	3
1	47
13	0
27	128
2	33
11	25
0	25
0	58
0	18
0	58
8	18
0	2
12	42
10	40
0	0
0	1
0	55
0	57
0	39
0	39
3	25
19	8
195	21
0	5
1	3
15	4
12	2
0	118
0	118
0	15
0	50
0	124
3	41
0	42
0	18
72	6
0	22
7	0
2	43
231	46
33	76
2	38
0	65
0	66
0	67
5	11
0	9
23	2
0	28
5	24
1	2
5	1
2	1
0	1
0	10
0	2
0	0
0	25
0	34
0	45
0	34
0	35
0	35
0	21
0	15
0	20
0	18
0	9
0	3
17	29
0	0
0	14
0	2
0	13
0	35
0	6
0	3
0	23
0	9
0	23
0	23
0	23
11	0
178	49
12	6
0	2
1	3
9	36
1	0
900	124
0	0
13	21
1	3
0	124
5	3
0	3
14	3
7	3
0	3
94	89
0	0
4	0
0	0
0	0
0	0
0	23
0	2
0	2
75	90
0	49
14	49
21	3
3	37
0	2
140	29
1	17
12	26
0	17
0	11
0	5
5	8
12	8
13	8
0	8
73	0
31	0
214	2
110	40
0	40
34	40
0	40
0	8
1	7
0	8
0	2
0	2
35	5
0	17
0	0
14	9
2	0
2	0
0	7
0	6
0	6
47	11
0	5
0	0
0	4
0	4
0	1
0	1
0	0
691	1
1	35
0	132
70	104
8	2
1	101
11	0
0	0
5	80
0	75
74	291
0	286
7	0
2	0
0	7
12	7
0	85
102	8
0	0
44	25
17	25
879	0
37	0
0	267
0	14
0	8
1	1
0	1
7	16
0	239
123	155
0	28
27	3
1	183
3	183
68	1
24	1
16	0
718	72
19	72
0	86
29	34
16	155
1	3
0	3
2826	28
0	19
0	4
21	18
146	17
18	17
0	177
6	193
0	146
26	33
0	129
0	13
0	13
0	66
0	66
0	41
0	9
42	2
0	2
17	7
1	2
0	2
1	0
38	0
12	0
0	0
2	10
0	14
0	23
23	41
0	3
0	15
0	2
38	0
31	19
11	199
0	173
0	102
0	21
0	2
0	12
0	12
1	25
4	3
0	17
33	22
4	24
0	12
0	14
1	3
0	3
0	12
0	6
24	0
59	72
0	87
1737	80
7	3
1	3
11	0
27	18
42	0
1	0
3	24
29	41
0	25
0	7
0	2
6	1
3	2
0	4
1	0
0	7
0	4
0	0
0	29
0	21
0	20
0	26
0	5
0	4
0	19
761	267
0	285
0	261
0	285
0	1
0	28
4	37
0	5
0	5
0	2
2	1
0	1
0	8
2	8
0	1
5	0
337	27
5	21
0	21
57	12
2	6
37	11
0	170
0	170
118	298
0	308
0	0
0	0
0	0
69	8
39	42
0	41
1	11
4	0
5	0
171	16
1	11
0	3
0	2
1	8
1	53
0	53
0	2
0	0
79	34
8	5
8	0
0	8
247	516
498	516
5	93
3	101
0	9
1	0
16	4
5	1
6	98
18	8
18	8
10	7
1	118
3	117
0	1
121	54
0	36
0	42
176	35
28	12
0	3
258	245
0	16
1	40
0	238
145	46
0	133
15	17
46	111
599	34
0	1
0	1
19	1
1	0
1	1
0	2
4	0
0	1
0	1
0	0
0	4
0	4
0	4
0	0
16	23
5	0
59	11
0	0
1	14
0	36
16	36
0	2
0	0
0	0
0	3
0	3
0	14
1	24
179	22
0	1
11	2
13	2
10	1
0	0
0	316
167	316
3	16
0	2
17	16
15	16
7	2
0	0
75	295
43	313
19	41
0	2
0	0
0	2
2	0
0	1
5	2
0	3
19	0
0	4
0	63
39	35
35	1
0	31
5	1
0	0
0	0
0	63
31	38
0	7
0	30
0	30
0	30
505	38
856	49
0	24
0	17
15	13
12	8
0	7
0	44
0	29
0	17
4	25
0	12
0	7
1	0
0	44
0	18
97	31
0	3
0	0
0	72
5	72
2	0
31	24
0	0
440	0
0	0
0	0
6	0
0	0
0	0
16	271
1	0
0	7
0	7
0	11
1	11
0	79
8	76
0	2
0	1
8	2
0	4
0	2
0	4
4	4
0	5
17	2
552	10
31	3
264	96
19	3
0	3
86	96
0	36
13	63
44	97
0	4
37	105
0	1
0	1
0	1
0	11
0	3
2	4
0	1
1	0
15	0
0	6
7	28
0	11
0	11
0	0
366	2
5	1
0	1
38	1
0	0
76	96
0	43
13	0
26	366
0	364
91	65
1296	21
34	21
0	5
0	5
1	5
1	72
0	72
1	3
1068	116
17	115
7	78
0	31
0	1
0	1
10	7
4	104
0	128
0	83
2	82
24	95
0	80
0	7
2	3
0	3
0	62
0	2
11	59
0	31
0	31
13	16
2	16
0	3
1	2
5	2
0	343
6	0
78	343
78	5
0	1
0	0
0	0
8	5
0	1
210	82
0	26
0	67
49	7
0	135
0	109
0	4
3	1
8	1
0	123
0	46
22	43
0	9
61	9
2	0
7	0
159	208
49	191
0	168
0	91
11	95
0	51
0	52
4	37
13	0
0	0
0	0
0	1
1	1
1	2
1	0
0	3
29	2
0	0
14	0
11	1
0	8
0	38
14	8
115	216
0	216
16	12
0	16
0	3
85	51
0	48
0	3
1	0
2	10
2	46
8	19
15	26
0	32
15	23
0	14
3	0
118	16
0	16
0	2
0	3
0	2
0	25
0	25
0	25
0	3
0	4
0	10
0	5
3	2
9	17
789	290
262	299
0	22
0	2
0	2
0	4
0	0
0	0
0	0
0	0
0	0
0	327
2	3
208	66
1	753
0	751
47	3
0	3
0	2
125	30
0	6
9	19
0	21
0	17
39	290
42	4
1	10
0	497
0	290
6	5
21	282
0	349
31	359
0	12
56	14
27	12
524	228
2	3
1	1
0	2
1	1
0	3
0	1
1	1
21	24
0	24
2	12
23	139
0	99
0	97
3	1
0	0
0	0
0	1
7	0
5	84
0	1
2	1
0	1
1	0
145	11
0	139
0	66
0	52
0	0
23	66
1	44
0	6
0	7
0	2
0	45
0	7
3	0
34	0
1	0
141	49
72	24
0	14
26	31
18	6
0	38
369	75
136	78
0	37
79	99
45	127
0	19
1	1
0	10
0	1
0	18
0	19
0	7
20	0
0	18
0	19
0	35
0	23
0	2
0	1
0	1
4	35
36	34
0	16
29	64
0	11
0	3
3	2
0	11
0	46
1	5
2	46
21	14
0	57
1	2
29	10
0	1
0	1
32	6
0	6
0	13
0	10
3	43
0	7
1	1
1	2
3	3
121	63
0	58
31	36
0	40
1	40
50	22
29	6
32	17
10	2
449	166
0	91
0	55
0	133
7	1
0	5
0	38
0	1
102	122
0	2
2	2
5	3
24	23
0	25
1	23
0	0
0	25
51	185
0	185
3	6
0	6
44	3
60	111
0	108
32	24
19	29
0	43
0	43
0	43
12	0
25	13
1	53
0	35
20	13
1	8
0	14
1	4
0	53
0	84
0	394
0	264
0	213
0	164
0	187
0	189
0	177
0	16
8	22
0	48
0	22
0	394
0	127
0	45
0	41
0	48
0	48
0	16
0	34
3	0
0	15
13	37
0	14
0	8
0	0
0	46
0	2
0	3
0	3
6	7
0	5
0	0
0	1149
100	1161
0	2
32	1342
173	33
2	1155
20	25
0	113
6	5
236	1375
55	8
0	1
24	7
86	13
11	95
1	2
5	6
0	0
0	2
0	1
4	1
0	0
2	38
0	8
197	64
0	63
0	42
0	23
372	1
11	0
3	6
0	12
1	12
6	21
1140	7
13	48
96	55
2	8
40	2
0	17
1	22
0	0
54	43
0	35
0	7
17	3
2	1
36	34
0	34
0	44
2	0
1	43
38	43
20	44
1	19
4	31
0	11
0	8
0	3
0	2
623	0
1	1
2	1
0	1
51	2176
0	2176
91	1393
0	13
0	20
0	20
0	16
94	19
0	9
0	7
0	5
1	5
1	0
0	47
0	6
0	43
8	45
1	43
1	0
0	47
16	48
0	4
18	22
17	8
9	23
3	1
0	2
0	7
15	33
0	26
0	25
20	91
17	91
3	0
5	79
1	2
489	15
23	0
250	0
24	0
0	25
8	37
0	24
19	1
1	1
11	0
103	0
7	92
59	92
0	104
60	104
29	13
0	76
6	3
247	65
0	65
0	39
59	101
0	87
0	69
0	22
0	235
1	235
1	6
8	4
1	4
129	42
1	10
27	3
0	3
3	5
0	6
50	34
0	23
5	30
42	98
1	65
0	9
22	88
0	80
0	166
59	15
0	26
0	15
44	108
0	151
64	30
69	2
37	2
29	0
10	0
0	0
0	0
0	16
3	16
2	8
0	1
5	11
0	11
27	20
5	20
37	175
5	0
0	15
0	15
0	15
1	1
0	1
0	57
0	57
9	20
2	5
0	3
0	4
1	5
0	3
0	7
4	0
0	0
0	1
0	0
6	17
4	1
0	5
0	37
0	57
4	3
0	3
0	0
0	3
21	48
1	1
0	1
0	1
16	0
44	51
4	12
13	48
8	39
0	34
0	94
4	94
1	34
0	40
0	40
0	0
0	68
3	10
0	10
11	0
0	4
29	4
0	20
66	23
0	21
0	18
0	23
15	21
0	2
24	66
0	3
11	0
0	1
2	4
0	3
2	0
44	0
12	93
0	78
0	33
134	28
0	15
1	27
269	268
38	224
0	240
1	205
0	68
16	5
0	4
44	213
0	137
0	147
0	77
220	100
516	86
0	1
82	172
0	170
0	132
0	50
2	0
0	2
0	1
0	2
1	2
4	4
0	1
7	2
6	2
0	0
2	0
0	0
43	28
7	28
70	10
0	10
198	24
3	24
33	22
0	3
0	3
0	1
9	20
24	21
0	15
0	15
0	7
0	1
157	329
0	329
0	15
0	47
0	47
0	47
0	9
0	15
0	0
0	0
49	14
96	65
0	61
0	3
0	7
0	5
3	0
0	0
2	9
21	3
0	2
0	0
6	18
0	18
437	56
0	42
0	1
0	14
0	6
539	1
3	1
597	43
0	29
0	0
0	3
8	29
0	59
34	55
0	133
0	133
0	24
0	23
0	23
1	0
22	146
113	2
0	3
0	3
0	3
45	6
0	6
0	0
0	2
5	0
5	16
37	51
0	3
0	7
18	1
0	31
42	32
0	1
14	8
220	13
0	7
0	4
47	6
0	14
14	33
0	29
0	29
0	27
0	32
0	8
0	4
0	2
54	19
12	144
0	142
0	2
0	2
0	26
0	27
3	2
1	2
0	1
0	484
41	335
92	302
109	220
4	6
0	484
11	6
4	0
13	0
212	106
4	2
9	0
0	0
0	90
12	42
111	46
8	1
3	19
0	15
65	4
128	4
0	3
2	4
0	0
0	0
0	0
16	50
0	19
141	13
13	13
0	1
180	119
0	4
23	10
0	10
13	26
0	2
0	24
5	0
2	24
0	0
12	541
0	499
5	45
0	25
2	25
0	11
0	209
0	209
0	204
0	204
0	51
7	2
0	0
173	0
1	75
0	75
68	38
338	20
1	0
17	451
0	458
60	465
0	376
0	7
5	0
2	2
165	136
0	118
27	8
0	7
171	2
2	17
0	14
0	10
0	12
2	2
0	5
23	38
1	0
51	147
0	24
41	48
0	27
133	51
0	3
4	8
0	30
4	6
19	13
0	15
0	27
1	52
0	1
0	1
0	1
1	0
0	31
1	31
0	5
45	8
0	14
0	13
99	26
11	1
2	10
145	1
0	1
10	2
0	204
73	113
133	97
38	197
2	106
1	1
100	148
158	114
161	106
44	66
5	50
0	11
0	20
15	4
1	21
42	50
0	166
0	166
0	32
24	1
0	0
0	0
5	28
241	1
125	82
4	66
1	27
21	3
0	1
22	44
0	38
0	22
0	16
0	10
0	10
3	6
735	399
337	595
0	181
4	114
0	241
0	81
0	25
0	25
0	25
0	6
0	6
0	8
20	9
2	2
6	30
0	18
4	22
0	92
0	179
247	218
0	202
0	40
6	0
0	123
0	1
16	145
20	8
0	20
0	164
114	362
0	32
0	384
0	47
0	32
0	27
1	30
2	20
0	0
0	2
0	2
1	3
0	33
6	116
0	72
18	40
0	2
3	49
0	25
0	35
0	1
0	1
0	0
0	3
17	9
1	4
2	3
0	73
0	73
0	19
7	11
0	1
10	1
0	0
0	25
0	9
0	17
0	0
0	1
0	12
0	25
0	30
0	1
0	42
0	25
1	5
5	0
3	0
0	5
0	5
10	14
37	16
82	77
0	61
0	73
0	11
0	0
587	21
0	0
11	151
0	19
179	14
0	14
3	117
0	117
0	77
156	19
0	2
0	0
0	1
0	7
35	0
0	6
3	1
3	6
0	6
1	6
0	3
0	2
0	34
41	34
0	21
0	10
0	6
104	0
37	110
0	109
0	3563
1688	5492
0	27
0	2902
3	0
2	1
32	0
0	5
0	2
11	3
1	5
0	1
0	4
0	1
0	2
0	0
2	0
0	2
0	0
82	0
18	0
0	0
21	0
6	2
0	322
0	47
16	11
81	796
35	823
248	0
12	406
0	378
0	411
0	30
16	246
54	392
0	219
0	72
0	33
0	18
10	26
46	23
0	3
0	3
0	1
0	21
16	429
0	471
0	471
0	298
22	301
0	137
0	137
113	0
3	0
517	123
0	123
0	2
110	22
0	3
23	1
0	1
38	43
2	23
0	14
2	6
0	2
0	4
123	133
0	132
0	32
95	176
9	27
0	18
0	30
0	7
0	13
0	38
0	1
4	1
2	0
10	1
580	106
10	8
0	43
0	46
7	28
4	39
0	0
0	1
0	35
1050	112
0	46
0	33
0	35
1	1
20	54
30	59
81	52
34	6
16	65
0	9
10	0
0	2
3	2
914	168
288	111
0	167
18	137
0	149
0	0
0	198
0	190
0	1
126	2
1	0
6	6
0	44
0	44
0	44
5	42
0	17
0	7
0	14
0	5
1	1
0	3
0	3
0	2
0	12
145	13
0	8
3	8
1	1
2	6
11	12
1	11
0	2
1	4
1	12
0	0
156	27
0	24
3	6
1	24
0	24
1	4
169	10
134	43
0	39
29	0
444	193
0	193
4	1
3	50
0	25
8	66
0	14
4	0
3	393
51	390
0	144
145	185
0	125
46	7
0	144
8	8
0	8
30	12
0	6
120	5
0	0
41	2
0	2
2	11
0	5
0	1
0	11
6	17
0	1
1	16
0	16
0	1
0	2
0	9
1	1
0	2
0	2
9	2
0	2
0	2
0	2
6	2
0	1
0	1
3	0
0	38
0	38
0	9
0	9
7	0
0	51
12	164
24	135
100	15
148	19
10	10
26	32
0	12
3	4
35	11
0	5
9	5
0	5
1	4
0	4
26	0
1	98
2	30
11	38
14	0
0	176
0	140
0	136
0	136
0	176
0	176
0	176
5	8
1	8
1	22
0	13
2	0
1	59
2	0
6	0
0	59
0	11
0	0
0	0
0	11
25	0
10	1
0	1
0	1
3	1
5	0
0	0
0	1
0	2
0	0
0	0
5	0
1	0
1	0
2	2
4	1
17	4
1	122
7	122
0	122
189	23
9	4
0	0
6	19
181	33
0	8
1	26
37	53
0	30
7	19
0	15
0	14
0	13
0	8
18	9
325	41
0	26
0	35
0	33
225	260
0	241
6	0
39	5
2	4
0	2
19	1
0	4
0	17
73	23
0	19
0	8
0	8
0	16
14	16
194	9
97	0
0	0
4	2
3	22
0	14
0	10
12	1
18	159
0	12
0	46
0	3
0	43
0	0
7	153
2	3
0	5
0	6
10	8
3	10
0	7
0	8
0	3
15	0
31	13
0	11
40	0
370	12
0	1
0	1
0	1
0	11
1	33
0	33
9	19
2	11
0	44
0	44
0	6
225	0
28	0
0	7
91	416
2	39
2	66
0	71
0	66
2	4
0	62
9	54
0	65
6	12
0	12
3	7
0	7
12	2
136	11
104	11
0	6
1	2
0	3
49	0
4	8
2	144
47	211
413	79
0	98
2	81
0	100
0	19
0	1
2	1
0	3
4	228
31	228
16	20
0	66
0	178
0	19
0	0
0	47
3	80
1	78
348	0
16	2
2	0
55	24
0	21
0	20
0	9
0	4
0	67
0	67
1	1
0	42
0	25
0	38
7	44
0	20
8	4
32	6
0	1
3	26
1	12
22	65
1	46
0	26
0	41
3	19
0	16
2	1
0	0
4	0
90	19
0	15
0	16
0	15
0	15
66	57
0	11
0	34
15	4
2	1
0	57
4	3
0	23
0	24
0	25
2	7
0	84
33	32
24	67
0	44
12	53
0	42
8	24
7	0
0	4
0	24
0	24
114	127
0	5
0	23
0	63
0	23
0	63
0	30
2	0
0	0
0	0
4	0
0	0
17	20
1	27
0	37
0	24
15	15
0	6
0	3
99	8
1	5
5	2
0	1
1	2
0	187
4	77
0	38
0	25
1	25
4	2
0	0
1	0
0	1
0	187
2	88
59	89
9	0
344	225
0	153
0	189
0	187
0	2
0	173
174	137
82	14
6	0
15	14
2	6
1	7
114	0
1	26
1	26
0	13
41	30
34	19
0	15
0	2
0	15
1	120
4	120
0	0
10	0
0	43
12	43
4	2
165	27
0	9
3	6
0	16
0	27
0	1
0	0
0	0
19	23
0	28
1	14
0	6
22	0
2	0
3	0
1	5
2	5
0	1
3	2
87	0
43	9
0	2
0	2
2	9
0	3
5	9
0	1
0	1
0	1
20	3
0	55
0	39
0	55
0	49
0	32
0	0
92	40
14	40
7	44
0	44
0	5
0	4
0	4
0	6
0	14
0	14
2692	0
0	55
0	27
45	0
319	79
0	67
0	25
16	54
0	0
17	6
1	54
32	0
0	4
0	8
0	8
5	2
0	3
1	5
7	13
0	13
25	2
1	2
0	45
5	154
22	0
0	140
4	34
89	0
0	0
3	2
72	11
0	10
190	0
49	25
0	26
10	26
0	26
0	24
0	23
110	0
56	3
11	1
4	1
8	1
28	0
150	138
0	98
10	101
242	79
2	1
0	3
0	1
4	5
0	2
0	1
0	252
0	241
15	252
0	184
16	1
82	38
0	6
0	0
0	2
260	27
438	436
0	2
0	1
0	0
2	0
3	0
9	433
128	1
0	1
19	0
15	0
31	4
0	4
0	4
32	0
0	0
55	9
0	74
36	7
2	0
0	75
0	75
0	18
0	18
0	19
2	1
172	20
0	20
8	0
55	173
20	13
0	73
13	87
22	1
0	1
0	22
0	5
71	0
11	0
0	2
0	3
0	3
1	0
3	0
1	33
0	172
218	161
0	43
106	18
96	120
0	11
0	280
0	275
0	55
0	268
179	266
120	31
1	33
0	0
19	3
0	21
0	31
14	16
80	31
0	8
0	2
0	1
5	8
3	11
0	9
73	11
5	11
17	3
8	175
0	179
0	175
0	30
0	23
0	18
0	7
0	3
8	0
0	5
19	5
0	0
0	0
32	2
13	2
8	2
0	2
91	7
0	2
2	0
1	0
0	0
1	2
0	2
0	7
1	8
1	8
1	0
0	1
0	0
96	189
0	154
49	88
0	84
5	1
0	14
3	0
1	32
46	24
1	21
0	6
60	6
14	6
17	19
4	2
3	4
0	4
13	2
0	2
37	267
0	11
0	7
23	47
0	17
0	28
4	15
0	257
878	51
0	400
1	401
200	319
0	14
2	23
0	23
0	2
8	0
37	2
0	2
0	122
0	122
271	114
0	15
2	4
0	0
425	42
0	0
0	42
2	1
9	0
0	543
0	539
0	535
0	110
0	102
0	103
0	24
1	41
0	1
0	111
0	111
0	110
0	108
0	110
0	13
1	11
0	11
0	8
2	15
0	44
0	44
1	34
0	33
0	14
3	0
169	10
7	10
0	3
1	0
30	16
6	69
36	109
0	87
52	73
0	103
0	113
14	20
0	8
1	16
1	0
0	4
0	1
1	0
0	3
117	136
0	1
14	7
0	112
0	0
25	0
3	0
50	18
1	17
0	0
2	16
0	12
24	60
125	7
0	2
0	1
0	1
0	0
13	36
0	38
0	0
0	3
1	3
0	0
14	1
0	20
2	20
1	0
6	9
0	22
15	71
19	3
1	1
0	45
0	37
136	36
0	48
0	21
0	9
0	18
0	5
13	243
32	61
0	223
0	7
0	7
2	2
3	0
11	0
0	0
42	39
90	35
45	31
74	40
1	35
0	23
0	34
7	10
0	0
0	0
0	0
0	0
0	0
0	0
0	38
8	39
0	39
0	35
0	21
209	51
4	4
1	0
1	0
5	47
1	0
19	0
0	0
0	0
11	21
1	19
1	0
0	15
0	13
74	14
3	14
0	0
20	40
0	65
0	20
0	14
0	14
0	14
3	4
5	10
1	0
0	15
26	8
13	3
0	46
0	7
0	2
14	1
0	1
3	2
254	75
2	43
0	28
16	323
0	251
0	250
18	788
0	788
2	36
0	36
154	36
0	70
0	14
0	64
8	40
0	27
0	3
42	23
0	0
24	21
19	38
22	34
0	28
0	57
89	67
19	7
0	10
0	10
77	19
11	1
0	1
0	0
9	1
9	0
17	2
0	4
0	1
1	5
0	204
8	55
0	148
0	72
0	0
0	0
16	204
0	15
0	82
1555	102
10	17
0	11
3	15
742	38
0	38
3	30
53	89
0	76
0	88
48	48
0	1
1	73
0	22
26	0
1	9
0	23
0	12
1	4
0	4
0	47
14	1
4	0
0	6
0	45
0	91
0	23
0	52
0	6
0	6
3	91
0	0
205	106
112	26
0	106
0	63
7	42
0	42
0	82
8	33
12	43
7	55
0	12
65	6
0	1
2	5
0	24
0	4
2	28
68	323
0	314
3	1
0	7
3	7
19	13
0	18
0	7
0	40
1	4
0	4
3	1
0	1
2	40
0	5
0	6
0	11
0	11
0	10
0	5
0	5
4	0
9	1
0	10
0	193
0	175
2	138
2	27
23	22
12	7
135	4
1	0
0	461
0	0
0	461
0	0
0	2
5	968
117	980
2	100
0	377
0	189
422	194
0	57
0	108
0	57
0	108
0	108
0	57
0	57
0	108
0	58
6	102
0	166
449	289
4	102
0	93
0	43
0	1
95	40
2	0
25	9
0	41
18	3
0	3
25	91
0	90
17	25
0	86
0	12
0	91
79	16
0	14
32	4
0	4
4	4
10	4
30	4
2	22
0	3
0	3
21	0
0	4
0	4
3	35
6	33
0	1
2	1
0	1
0	0
1	2
0	0
0	1
0	1
0	3
0	1
0	1
8	3
58	0
0	0
0	34
0	11
0	11
0	10
0	10
0	10
8	10
59	9
50	6
0	0
0	2
1	2
0	34
0	6
7	6
0	2
1	2
3	2
6	0
33	3
1	3
13	49
28	48
3	1
43	365
0	11
1	0
226	180
0	180
7	0
202	342
9	185
0	9
1	341
1	2
24	6
0	6
5	2
0	69
15	69
0	64
0	34
0	6
6	1
0	26
0	2
0	1
5	2
1	2
0	4
0	0
0	0
3	12
0	12
72	37
0	0
5	19
1	7
0	30
0	18
65	42
0	30
224	0
5	278
785	889
0	889
3	790
1	77
0	3
106	63
0	11
0	2
0	0
0	46
0	48
21	65
411	141
0	146
2	146
0	10
14	84
15	267
0	242
54	33
0	77
5	25
176	300
0	281
11	43
91	19
0	19
1	19
4	19
91	173
1	18
0	18
0	11
11	7
13	138
0	94
1	117
0	2
8	2
0	2
0	0
0	5
0	10
9	0
4	0
0	0
2	14
1	14
0	37
0	13
2	1
14	36
0	25
15	51
0	81
9	56
1	1
6	29
0	1
0	1
0	147
3	164
0	42
0	52
0	60
0	122
4	3
0	11
12	0
13	28
0	0
16	0
66	5
0	12
16	0
0	0
84	0
79	21
0	26
1	58
0	0
0	36
9	2
0	2
24	33
0	56
105	210
1	210
7	195
0	195
244	207
0	185
0	21
0	16
0	6
0	5
21	0
0	2
0	0
0	3
69	174
16	0
3	2
0	7
0	7
0	0
76	4
1	1
0	1
0	41
0	9
50	49
0	10
0	2
2	1
3	14
5	314
0	30
4	263
12	256
23	254
9	108
0	106
0	21
29	59
7	59
0	10
0	79
0	79
0	63
0	29
0	17
0	1
0	1
0	2
1	4
0	1
4	3
24	19
1	20
0	1
1	1
0	1
98	64
8	88
5	19
18	62
0	12
0	54
0	8
22	93
1	46
0	46
0	1
0	1
29	56
30	56
0	52
51	1
5	1
0	1
1305	3
1	0
226	2501
37	2492
0	1227
1	95
0	27
2	5
0	1
0	2
0	2
0	2
0	21
22	21
4	6
0	1
93	0
0	25
0	0
0	2
7	25
1	1
6	2
9	17
1	320
0	320
0	309
0	320
0	320
0	12
963	58
5	1
1	65
4	100
17	35
0	3
3	24
0	30
6	4
7	26
0	20
0	0
0	7
35	29
0	32
0	68
0	21
0	45
0	47
0	19
0	0
0	4
0	4
0	0
0	11
67	18
0	18
3	18
13	18
0	2
0	2
0	7
0	6
32	20
0	1
18	14
103	14
0	35
3	41
0	32
0	10
0	17
5	0
3	39
1	17
5	13
37	11
0	38
0	3
32	78
0	78
0	1
0	1
0	34
49	1
2	0
43	117
2	5
0	5
0	5
0	5
2	5
0	2
1	2
3	0
0	1
0	19
0	41
31	41
0	3
0	7
6	8
0	511
0	36
0	174
0	236
1	316
0	266
0	266
0	139
126	480
64	0
1	0
9	26
0	12
0	91
0	4
6	2
0	2
0	70
0	21
0	81
18	90
10	80
43	72
0	312
0	2
0	6
0	5
0	294
375	64
8	67
0	10
0	11
0	1
0	2
0	4
0	1
3	3
0	3
0	77
4	17
180	60
54	6
0	1
0	6
0	0
0	5
0	0
1	4
2	0
0	0
1	1
4	52
279	53
0	16
0	1
0	4
134	131
12	123
13	126
33	126
0	131
22	2
112	6
0	7
9	10
0	12
0	3
0	3
166	68
19	0
0	68
0	12
0	12
0	6
1	3
0	5
1	4
1	5
0	4
0	1
94	6
0	1
0	5
49	226
0	230
0	62
9	6
156	71
167	0
596	0
5	3
0	7
8	6
2	10
41	16
0	7
0	2
0	1
2	1
1	0
0	0
20	6
21	2
0	2
67	0
12	118
0	118
0	86
22	1
95	20
0	59
3	123
267	29
2	8
25	16
1	0
14	0
55	83
1	83
13	65
13	0
31	647
0	12
42	774
0	14
0	316
0	9
0	4
422	23
1	752
0	752
0	25
0	9
0	22
0	13
0	21
9	17
4	3
0	15
0	80
360	80
0	17
0	21
0	21
28	64
0	64
191	582
1	0
1	26
0	582
4	24
0	47
37	48
0	13
0	10
0	7
0	3
0	2
0	2
0	7
0	8
0	3
19	21
0	2
0	7
18	8
146	0
109	1
35	0
41	0
0	30
0	30
1	29
9	9
42	10
3	20
0	1
0	1
1	2
8	2
0	13
0	6
0	11
0	1
0	1
0	6
0	7
0	4
1	4
0	6
0	0
0	6
155	0
9	219
0	26
0	25
0	217
48	7
0	3
8	3
1	0
0	7
2	4
30	21
0	1
0	7
0	3
0	17
44	54
0	17
0	54
0	98
0	98
0	36
1	8
0	4
0	4
0	3
29	0
0	6
0	6
281	0
31	3
11	3
2	31
11	31
0	30
0	1
0	0
0	0
0	32
0	32
0	11
19	21
11	19
0	14
0	56
0	42
44	0
16	40
3	40
15	30
17	0
1	1
96	0
0	21
0	18
0	9
0	21
3	14
9	19
0	1
1	5
0	8
0	5
0	4
0	5
0	5
0	11
0	5
0	0
0	0
20	6
13	12
0	12
86	3
4	3
390	59
7	0
0	58
0	10
0	10
0	0
16	32
0	0
0	32
0	14
0	14
0	18
10	15
20	32
0	13
24	191
0	153
32	52
672	56
3	2
0	2
19	357
0	27
0	0
2	324
57	114
0	92
0	50
0	57
39	5
1	4
0	4
0	1
0	6
35	4
1	63
52	14
22	14
178	69
204	0
519	13
0	22
160	0
0	3
0	53
0	0
96	1
0	46
0	53
1	2
0	14
0	35
0	35
24	6
11	0
1	13
0	12
2	13
0	5
27	15
0	6
4	15
0	0
39	16
0	3
4	72
21	71
22	65
0	16
323	26
13	12
0	26
57	2
0	26
0	113
0	132
0	112
9	0
0	26
0	23
0	4
0	5
0	5
0	5
0	4
1	24
0	5
0	6
0	26
0	12
1	0
0	25
54	31
0	31
0	23
0	0
4	14
25	8
36	47
29	31
66	46
8	1
113	35
4	53
0	17
0	20
11	6
0	6
3	11
0	11
0	11
62	10
0	10
0	2
0	0
2	2
3	2
0	26
0	26
0	9
112	9
2	7
0	2
1	7
5	5
0	46
0	46
124	0
5	1
241	12
0	18
24	9
0	3
75	9
0	9
0	10
0	19
25	37
24	1
1	0
3	1
0	36
13	7
0	3
101	32
0	25
36	21
0	14
0	44
15	44
0	32
0	5
0	12
0	12
9	0
34	7
1	0
12	20
40	20
40	5
2	0
0	20
0	135
0	173
0	183
0	183
31	191
0	189
0	4
0	3
0	3
0	43
1	127
29	0
0	179
15	0
0	0
4	169
0	0
0	24
0	1
2	0
3	0
3	2
3	0
0	2
0	0
0	9
0	25
0	13
0	6
0	6
4	3
0	2
0	25
0	6
31	0
24	86
0	60
0	56
9	26
0	34
15	12
0	21
0	36
0	33
1	0
0	0
0	0
0	10
0	10
0	9
10	29
0	0
48	80
0	13
9	114
0	4
28	107
23	41
269	41
0	0
35	41
0	12
0	27
12	52
0	27
0	54
9	46
0	1
48	186
13	186
0	3
0	4
0	4
7	3
1	2
2	0
10	1
0	1
3	24
0	0
219	0
68	0
0	12
0	12
1	1
0	9
0	3
6	2
0	3
0	0
0	0
0	0
1	0
1	0
0	2
3	0
1	36
2	3
0	43
0	2
0	4
0	43
103	0
22	10
151	58
1	23
5	23
14	35
34	160
2	160
0	42
68	37
3	20
0	4
0	6
0	0
0	0
3	0
0	2
0	32
1	0
36	208
0	56
0	14
0	14
0	145
26	0
0	206
0	6
6	1
0	6
1	5
4	190
26	0
83	56
0	56
1	1
6	0
0	34
125	30
0	30
0	4
0	13
0	3
2	13
3	13
5	0
0	1
0	0
0	1
2	1
155	4
0	4
17	0
0	401
37	401
0	340
2	33
1	78
113	102
0	5
0	30
46	131
156	20
0	20
0	94
0	52
0	110
0	131
4	0
0	21
4	0
0	33
9	9
0	39
0	32
0	29
0	38
0	31
0	23
0	21
2	17
0	15
3	3
412	34
0	5
383	31
0	18
12	3
0	31
0	39
0	39
1	4
1	3
17	31
90	258
0	2
0	247
0	254
49	48
0	43
1	31
1	31
0	10
10	12
0	0
0	1
11	8
2	11
0	0
0	8
0	8
0	8
0	1
0	2
0	11
42	30
0	30
8	15
30	11
1	14
0	5
31	20
17	46
0	46
9	20
1	4
0	0
32	12
0	10
0	2
0	4
11	4
0	5
15	18
8	26
1	1
0	147
0	147
8	82
22	6
0	11
0	11
0	6
0	90
7	34
0	71
0	72
107	0
0	17
9	113
265	2
0	0
0	2
4	0
3	0
12	10
65	41
0	30
0	41
4	103
0	103
1	0
2	14
29	16
11	14
11	0
3	0
0	1
11	0
7	1
87	110
0	110
197	475
250	321
0	321
4	321
0	475
0	407
4	2
1	1
0	2
0	0
24	1
95	65
142	71
3	11
1	0
57	541
0	14
0	18
0	64
0	55
58	406
0	12
0	0
0	6
78	532
0	436
0	27
0	27
0	0
20	20
14	16
0	12
14	16
38	3
1	8
27	51
1	14
1	5
177	50
0	18
0	20
0	14
0	8
3	7
85	42
0	53
2	1
18	2
12	25
109	0
261	0
28	9
0	8
21	3
30	13
0	17
54	20
0	6
12	9
1	3
1	2
0	3
0	0
0	0
2	0
1	0
0	1
0	1
8	0
5	0
175	67
8	0
178	3
33	70
0	34
65	86
0	40
1	1
0	62
3	61
2	2
22	7
0	5
0	3
6	223
0	226
17	2
0	0
6	2
19	140
3022	111
0	75
4	11
3	42
58	49
0	28
4	57
0	57
0	8
0	24
0	24
30	57
1	0
1	503
0	1
18	1
25	1
0	1
30	196
223	309
94	53
14	31
16	31
0	1
19	1
22	3
0	31
0	228
470	228
0	3
4	0
143	145
0	8
0	9
139	151
0	2
0	12
0	12
1	35
0	35
0	32
8	4
5	36
0	41
0	30
311	19
4	5
23	0
0	24
0	19
0	22
0	16
0	3
0	19
0	19
0	18
0	0
5	3
0	3
65	73
0	108
0	36
6	71
0	12
8	4
92	0
20	0
2	0
5	1
0	119
19	19
3	16
0	14
6	22
185	14
109	24
0	24
0	10
0	0
0	23
67	0
0	7
9	7
11	15
0	58
15	58
0	44
17	20
47	12
1	0
0	0
1	0
0	3
0	4
9	0
4	1
2	1
16	3
25	33
0	15
995	17
0	17
269	0
32	0
12	7
0	5
142	59
0	35
0	45
0	56
2	1
1	3
0	4
0	2
11	25
1	0
38	30
5	17
1	44
0	33
0	28
0	59
9	59
0	11
7	39
0	0
0	49
0	4
0	3
2	1
741	45
0	49
0	463
8	0
259	489
0	27
0	9
6	11
0	0
1	4
2	3
0	9
6	18
0	2
0	3
7	2
5	0
0	0
0	0
0	16
0	14
0	8
25	10
4	1
151	90
0	90
53	69
8	10
3	0
14	92
0	54
0	38
0	38
0	28
82	38
0	28
0	28
0	2
1	2
0	0
16	6
3	6
15	7
0	7
1	25
0	0
1	26
9	27
3	55
0	32
0	55
0	47
5	2
142	0
398	10
0	14
0	43
27	0
80	39
34	39
6	0
14	22
0	22
31	296
0	42
36	113
56	113
3	25
0	14
11	14
2	1
0	3
1	4
0	5
0	2
0	0
0	12
0	12
0	2
9	43
1	42
0	16
1	46
1	460
2	481
0	390
0	344
0	295
0	26
48	0
0	1
8	9
0	1
0	1
0	0
1	4
0	0
0	0
14	14
0	18
0	40
26	18
0	44
0	28
0	16
45	68
0	14
1	80
0	80
0	6
16	0
30	3
0	4
0	4
33	18
20	132
0	15
7	1
1	16
0	16
17	0
0	1
0	0
0	0
0	1
0	1
0	7
26	71
0	17
0	34
2	3
183	77
9	34
2	0
11	1
10	1
0	42
1143	45
1	28
0	39
0	7
0	1
0	16
0	45
2	17
0	17
0	2
361	368
4	368
344	16
0	12
606	13
0	12
0	0
25	0
23	0
6	10
8	12
1	0
0	0
0	3
1	0
0	0
13	19
0	15
298	714
0	714
132	160
0	42
0	100
4	8
2	3
0	0
0	86
0	17
0	15
0	7
0	14
0	5
0	5
111	179
9	175
66	116
19	116
10	0
0	218
5	89
58	30
0	30
0	14
0	15
0	3
143	416
1	418
1	153
58	20
12	9
0	8
15	11
0	11
87	97
0	3
1	1
3	0
7	0
4	0
13	86
0	11
0	11
17	167
0	167
17	159
0	233
13	685
0	683
0	69
0	7
25	12
12	8
0	0
0	617
0	617
0	571
60	0
9	0
0	0
70	0
0	20
14	20
8	8
0	106
775	788
89	555
3	75
9	87
0	227
180	9
0	5
8	5
13	5
3	2
0	136
0	133
61	22
0	14
0	2
0	0
1	0
1	10
0	10
2	0
6	8
0	8
245	52
31	18
0	4
14	10
1	1
0	15
0	15
0	14
2	3
64	24
0	2
5	3
0	3
41	95
0	95
1	102
0	96
1	64
0	3
0	1
4	0
24	12
3	6
0	7
0	7
0	4
0	4
36	47
0	18
98	32
0	3
10	0
43	159
0	32
3	1
0	146
44	2
11	133
94	9
0	58
0	25
0	58
0	10
0	23
0	23
0	24
0	34
0	27
0	28
0	28
0	1
0	0
32	8
0	10
1	11
0	11
0	3
0	5
0	10
17	37
7	6
9	2
40	6
0	2
23	3
0	3
506	64
0	54
13	48
0	13
1	11
1	1
2	1
0	3
0	43
38	28
5	28
14	4
7	0
5	0
69	3
12	15
5	28
0	15
66	39
19	0
0	8
0	6
0	17
0	0
0	11
0	1
1	1
0	1
0	1
0	16
1	16
0	16
0	7
110	36
6	36
0	14
0	14
0	8
0	14
68	0
113	7
283	83
0	78
0	2
13	56
22	2
115	126
0	1
0	125
0	125
3	0
1	0
110	78
0	78
2	0
0	2
9	2
1	0
0	12
2	0
287	28
0	12
0	12
0	28
32	59
1	59
1	4
1	7
0	3
43	5
287	3
0	15
0	7
0	7
0	7
19	32
37	168
18	32
0	127
124	70
154	128
0	72
0	5
1	7
37	55
0	55
5	2
1	0
6	0
3	0
0	1
1	0
1	9
9	7
32	108
0	0
0	1
6	8
0	16
0	16
0	16
0	8
0	14
0	13
129	57
0	57
89	146
49	70
9	6
0	4
12	0
170	11
22	92
7	113
2	4
31	10
7	12
0	11
51	31
20	0
0	92
18	4
10	4
43	38
0	38
0	3
11	45
0	43
0	14
2	50
3	7
1	0
1	7
11	20
0	20
0	21
35	21
0	88
3	88
0	3
0	1
0	56
2	9
0	73
15	93
9	1
0	1
6	0
0	14
78	186
7	20
0	184
64	35
0	0
7	37
0	0
41	201
0	205
1	6
1	6
6	5
0	1304
12	1304
25	2
0	74
37	298
0	298
0	94
1	110
0	110
102	2929
0	1723
4	2944
0	11
0	279
0	6
0	6
0	6
0	1
0	8
0	9
2	8
9	1
3	9
21	9
29	18
33	11
0	5
0	3
0	3
0	3
0	3
0	3
39	3
0	0
145	0
99	168
0	3
5	0
0	131
0	131
0	4
28	0
205	12
2	12
1	1
0	14
0	0
25	108
0	42
0	77
0	1
0	27
0	3
7	5
0	13
0	12
0	3
0	1
0	1
0	45
312	45
0	48
0	71
0	62
1	22
0	11
0	48
0	84
9	103
0	12
42	12
431	71
0	1
0	8
17	0
7	105
66	0
0	0
0	0
0	1
0	1
1	2
0	1
1	3
0	4
0	1
562	132
2	0
0	8
0	8
0	14
0	8
0	19
0	19
0	2
5	0
0	116
65	111
0	1
0	1
0	0
1	1
0	96
0	95
5	1
10	1
54	10
2	10
0	0
0	2
0	10
43	21
1	21
10	20
0	8
0	0
0	1
0	8
16	6
71	0
0	24
0	24
0	27
1	32
0	3
0	2
7	13
16	17
23	0
0	0
0	3
15	71
14	79
0	7
1	7
0	6
1	9
36	47
0	4
2	0
0	1
2	3
0	34
1101	149
104	148
26	9
0	9
0	7
0	2
0	6
0	0
0	2
4	24
0	24
1	85
11	85
0	16
67	32
1	32
74	116
5	10
0	10
0	4
25	128
7	128
0	10
0	1
8	0
131	0
0	38
0	33
0	13
2	1
0	1
0	0
3	45
0	32
0	33
36	29
0	26
0	12
0	26
0	15
0	13
0	15
0	13
1	0
12	0
0	3
0	18
0	18
0	12
8	0
50	0
8	50
124	39
0	2
0	25
0	26
0	0
96	1
0	1
2	4
0	6
6	38
2	38
0	22
10	22
0	38
149	157
0	74
1	3
0	70
34	97
122	89
221	70
0	34
0	47
149	44
0	44
11	0
119	61
23	61
15	83
1	0
13	173
0	173
6	7
0	8
1	1
0	2
192	0
0	0
0	0
0	5
0	5
0	5
0	0
0	0
10	1
5	25
0	25
0	4
8	3
58	19
69	41
0	41
1	0
3	0
0	16
10	0
0	2
1	0
0	16
11	14
0	1
23	13
0	0
1	8
0	2
43	8
0	8
12	0
0	6
5	6
0	5
0	2
0	2
0	2
0	2
39	43
1	43
5	276
144	276
0	3
11	3
8	0
8	402
1	228
26	9
0	117
14	181
652	234
3	234
410	299
8	13
1	13
0	8
0	15
0	9
0	6
0	12
7	3
6	7
79	6
0	6
0	7
0	7
0	97
1	29
0	6
61	6
12	6
0	4
0	2
3	0
4	6
0	6
0	1
3	10
0	9
0	5
3	189
0	277
0	277
0	262
0	44
251	375
0	309
216	33
42	33
3	33
0	23
0	22
9	33
0	16
0	18
0	11
0	12
0	15
0	4
5	23
10	78
0	81
32	106
178	48
0	18
0	25
0	23
0	12
0	73
0	10
36	81
6	67
0	58
590	280
0	328
8	44
0	0
3	1
3	74
22	1
0	44
5	0
11	6
0	1
0	38
0	32
13	31
61	1
24	93
0	200
0	30
0	0
0	115
7	124
60	4
8	1
0	3
0	3
0	1
5	10
0	11
0	196
3	6
6	6
125	0
248	17
0	13
0	13
0	14
0	11
0	5
0	4
3	0
0	0
8	0
10	0
0	13
779	31
10	12
1	12
0	0
1	0
31	25
0	12
288	31
75	1
0	1
0	0
31	50
0	6
0	8
0	10
0	6
0	1
4	0
0	7
0	1
70	10
0	0
0	7
1	0
0	7
32	0
0	0
0	33
0	55
48	52
0	6
8	46
0	41
0	44
68	40
21	3
0	33
0	33
0	24
2	0
0	1
404	74
447	74
9	55
0	92
402	3
0	209
10	210
2	75
2	0
69	12
0	12
4	7
30	48
49	2
59	3
0	1
0	172
0	164
132	164
0	49
0	42
5	0
0	25
0	25
0	0
0	189
7	219
0	30
0	219
7	152
16	46
0	35
0	11
0	7
0	5
0	7
2	7
0	9
53	352
8	39
19	37
7	2
153	32
89	49
28	40
0	19
19	37
0	3
0	4
0	24
0	1
5	5
0	0
0	0
23	2
0	0
0	2
0	0
8	834
0	245
0	17
70	0
0	19
0	247
373	855
10	21
0	27
66	27
16	166
11	166
0	41
0	41
0	10
313	32
8	32
295	0
12	0
0	25
0	25
0	16
22	186
0	76
0	33
56	23
0	69
0	86
1	14
0	5
0	40
0	46
0	8
17	3
0	3
2	3
9	15
0	63
28	3
1845	1
15	1
63	9
5	16
8	189
0	190
0	25
0	25
0	12
14	2
0	2
67	60
32	71
0	6
2	0
0	1
42	0
0	3
8	16
0	33
55	34
2	24
0	30
28	16
98	26
4	14
0	1
0	1
0	1
25	6
0	6
7	9
30	7
966	43
17	10
0	7
0	35
0	260
9	260
0	256
3	17
0	17
0	17
0	5
0	5
94	53
0	43
20	24
0	1
3	1
0	5
2	5
7	1
22	66
0	39
11	28
384	12
0	25
0	15
12	3
0	4
4	4
23	4
1	23
0	17
0	23
0	17
1	21
0	5
23	26
14	26
4	21
10	22
6	273
1	290
6	3
3	2
32	13
0	13
475	584
0	195
0	147
0	58
3	38
0	34
0	8
88	28
0	13
0	30
0	137
36	19
0	19
0	19
4	0
0	4
0	10
2	1
0	51
1	7
2	21
17	9
0	45
8	52
143	1119
6	12
2	12
2	7
1	0
0	7
155	49
32	43
5	40
61	25
0	22
0	22
0	1
0	2
0	3
0	3
0	8
0	2
0	2
13	0
0	8
245	30
45	0
0	3
2	3
0	1
0	27
0	1
5	1
0	0
4	16
15	13
0	0
0	13
9	18
0	11
0	14
19	28
0	22
3	18
23	24
38	531
287	341
23	248
0	429
1	333
0	256
0	11
0	11
0	14
0	14
0	6
0	4
1	0
6	4
422	180
0	26
3	8
0	0
4	3
1	154
2	0
0	72
0	71
0	37
30	60
0	3
37	57
0	2
0	64
0	65
7	1
0	1
20	1
1	8
0	30
0	36
0	29
127	85
351	78
1	74
20	73
120	11
0	11
3	0
1	0
8	0
1	2
2	0
2	0
5	12
0	12
0	0
0	2
0	1
0	1
5	55
7	14
54	37
0	9
2	1
0	19
0	41
0	55
4	62
86	62
4	0
3	0
5	0
0	0
0	0
344	0
0	39
0	15
42	72
18	14
0	49
57	11
38	0
52	44
0	1
5	57
86	44
673	39
0	39
0	30
0	38
0	30
170	0
830	2
9	2
38	0
26	28
1	28
0	6
0	1
2	6
0	0
8	4
0	0
0	35
0	35
0	1
0	25
3	36
0	25
0	33
801	22
0	21
0	11
1	11
0	13
15	17
0	8
0	8
53	50
0	8
1	3
0	0
0	42
3	0
0	7
22	10
0	2
1	1
0	1
1	22
0	18
0	18
18	15
1	4
0	1
8	13
102	14
0	12
0	39
163	161
11	82
0	65
0	15
51	26
56	19
0	5
182	2
27	8
1	4
0	0
1	2
0	8
0	4
0	4
3	2
26	2
0	2
6	0
26	18
0	175
0	240
0	244
0	304
0	22
0	23
3	108
0	304
2	3
18	5
0	5
0	7
0	4
0	7
0	2
0	5
0	3
2	5
2	2
0	2
0	0
2	9
0	0
0	6
0	3
13	15
24	15
6	3
0	3
3	55
0	55
40	47
4	29
1	35
0	11
0	1
0	2
0	12
0	12
124	61
186	61
0	16
0	6
2	5
0	1
23	5
0	40
112	111
6	2
1	24
1	24
3	0
0	6
1	6
92	0
4	17
10	17
35	11
0	13
5	12
0	8
0	14
0	26
3	75
28	75
0	62
6	48
740	121
0	113
4	24
2	4
24	28
4	0
86	6
0	4
13	4
0	4
36	9
0	8
0	70
24	57
0	38
0	1
0	50
10	27
9	62
0	55
0	38
5	50
1	6
3	0
0	47
93	2
0	2
0	21
3	21
0	7
27	92
0	83
0	3
0	52
0	18
6	0
6	0
10	0
642	38
0	2
0	3
6	42
0	35
0	42
4	107
0	1
0	107
0	35
0	35
0	2
0	2
0	35
5	4
7	3
0	3
0	6
0	3
0	4
35	25
12	25
2873	0
321	1
22	0
33	13
261	5
142	39
0	42
0	14
0	10
9	4
0	2
0	24
0	12
0	3
0	5
1	18
0	12
0	32
0	9
62	15
0	32
0	32
3	5
0	7
0	2
0	2
4	2
8	0
1	7
10	13
0	16
0	16
2	6
0	15
4	10
0	14
14	1
0	47
0	7
0	2
1	2
0	2
14	0
2	0
0	0
127	50
0	10
681	8
461	32
8	32
273	242
47	208
86	3
12	3
12	6
0	5
0	1
32	2
0	2
0	3
4	3
17	3
2	2
112	42
0	42
7	0
0	15
1	16
0	13
0	5
0	76
0	27
0	25
0	59
0	27
0	1
24	13
11	4
0	3
0	3
68	3
0	113
100	113
4	3
37	2
1	0
1	0
7	2
209	18
0	0
4	11
1	1
0	0
19	1
801	0
19	390
0	114
0	55
0	4
2	0
0	336
5	4
0	4
0	244
0	258
8	258
43	264
0	157
0	14
0	6
105	0
116	140
12	0
2	129
0	129
0	126
0	3
31	122
0	117
0	93
142	10
0	7
0	7
6	0
327	0
6	0
3	0
0	0
1	24
12	24
2	1
9	5
0	5
0	5
34	5
0	1
0	1
14	46
0	0
42	14
0	8
4	2
171	109
128	141
0	337
133	387
0	108
54	56
0	10
388	99
168	84
0	68
9	302
4	102
2	101
7	1
3	92
14	92
5	1
1	92
3	4
4	0
0	1
0	12
0	1
0	11
7	9
0	6
27	12
0	7
1	12
0	7
9	4
0	1
7	0
7	36
0	11
23	25
2	23
0	33
0	1
4	1
0	1
0	18
0	18
0	6
39	28
20	1
0	1
1	0
1	0
0	0
1	12
22	12
2	117
155	131
0	16
0	14
9	2
1294	0
588	242
0	2
5	25
4	26
0	6
0	10
0	6
2	10
0	3
11	0
0	0
0	1
132	157
0	189
17	66
0	0
362	265
23	304
0	174
1	65
2	0
51	42
1	40
0	0
0	32
0	16
0	184
1	207
0	170
12	27
1	71
51	3
5	1
0	69
0	71
49	2
34	19
22	7
0	17
0	12
6	36
26	34
0	17
0	18
24	57
21	80
4	0
0	1
0	1
0	1
0	4
0	0
18	1
0	31
0	0
0	35
10	68
0	42
0	33
0	33
0	13
4	0
49	24
0	1
0	23
0	23
3	4
1	17
0	0
1	0
0	17
0	9
0	7
0	9
0	7
0	7
16	0
0	14
0	14
0	3
0	14
8	153
0	30
277	123
1	0
0	123
0	0
22	24
0	24
10	24
225	85
0	4
0	0
0	27
0	89
39	38
5	38
0	18
124	22
0	12
26	6
26	24
1	24
354	3
0	0
30	63
2	0
264	63
12	5
1	5
2	121
0	121
0	98
10	77
30	24
2	51
1	0
1	1
1	7
53	23
0	12
0	4
0	11
0	22
0	6
0	15
0	11
0	22
9	26
0	0
3	6
0	9
0	25
0	91
55	83
0	40
0	32
0	6
11	899
0	76
3	1
129	892
22	24
3	24
0	30
26	30
0	1
3	0
1	0
2	5
3	5
1	6
0	1
17	44
0	40
0	34
1	23
2	34
1	17
1	34
1	3
1	0
0	4
39	0
0	70
0	48
0	70
0	8
0	1
0	1
0	1
47	189
0	82
0	32
20	0
1	92
0	32
51	92
5	53
10	17
0	38
0	41
24	36
313	9
0	11
2	7
4	4
0	3
0	4
6	1
7	1
0	1
0	3
9	6
0	0
0	9
14	9
0	5
0	2
1	2
347	3182
0	4
0	3
2	1
966	38
0	5
0	33
1634	20
133	20
0	34
0	18
0	0
0	0
9	16
1	2
91	40
215	40
10	9
0	11
71	18
0	0
10	6
3	7
0	24
0	24
0	18
0	88
2	0
1	70
1	45
65	164
0	174
0	124
0	134
0	8
2	2
0	12
2	0
0	11
0	17
645	21
1	66
0	66
15	37
0	34
0	1
2	19
0	19
1	6
188	34
1	34
1	31
0	16
0	19
0	10
7	1
0	3
26	0
0	7
0	8
162	60
854	72
0	91
0	88
1	48
0	89
7	0
6	0
8	173
4	16
0	1053
0	7
13	7
0	7
6	6
0	6
0	1040
22	18
47	1379
0	1
43	0
0	24
0	3
0	24
96	11
1	11
3	2
0	0
0	2
174	0
20	0
260	623
1	30
0	31
0	21
0	27
0	1
4	3
0	17
84	3
16	2
0	1
11	2
130	4
0	4
12	577
0	12
0	12
0	2
0	2
0	12
2	0
0	6
0	6
1	1
0	19
0	2
0	17
0	0
0	75
25	239
20	1
382	7
0	1
0	0
0	6
3	22
0	22
25	77
65	66
3	11
25	7
100	316
9	316
0	1
3	0
0	63
0	47
4	6
34	17
0	1
0	17
0	2
8	54
0	51
0	37
0	15
0	2
6	16
0	4
36	350
0	349
0	317
577	294
0	285
9	314
0	287
1	19
215	3
0	1
0	3
35	1
51	5
0	32
18	34
0	4
7	86
0	86
2	86
0	84
17	61
475	0
0	0
2	0
0	0
43	12
0	12
19	59
9	21
0	5
30	2
0	0
4	0
36	0
19	6
0	1
1	0
17	22
14	15
8	9
8	4
8	0
0	0
13	3
56	14
16	1
0	14
0	119
27	884
0	228
0	227
0	6
0	7
0	6
0	6
29	0
0	5
0	3
0	0
53	8
1	1
0	3
0	1
0	9
1	35
0	743
0	5
1	7
0	5
7	4
2	4
1	888
0	889
0	7
1	7
1219	0
0	18
0	115
0	115
20	115
0	2
0	7
0	7
0	7
0	1
1	1
0	1
0	1
1562	186
1	183
0	185
0	3
2	173
0	242
0	237
41	44
13	27
8	41
3	7
1	22
4	0
0	0
0	24
0	31
0	31
0	8
59	55
1	55
0	13
11	7
0	7
4	8
0	14
0	7
447	0
30	50
0	50
0	0
0	0
0	0
0	1
0	20
20	10
0	10
3	4
0	34
4	42
0	10
0	2
0	25
0	27
0	8
0	6
0	2
11	11
12	10
18	13
0	6
0	5
0	6
0	12
0	2
15	2
15	19
0	5
0	1
0	1
0	2
1	1
0	13
2	45
40	95
0	87
58	24
14	30
9	8
4	7
0	17
134	37
72	25
0	82
0	127
0	118
11	134
0	82
0	82
3	3
0	14
0	14
9	107
99	0
2	3
0	1
0	12
0	31
0	31
0	33
0	33
0	31
11	10
19	0
0	1
0	12
0	11
5	30
0	40
0	40
12	47
29	0
3	0
91	85
251	0
0	0
0	0
1	0
2	0
2	0
12	0
0	0
21	0
0	0
3	2
0	2
19	7
0	7
0	577
0	577
0	577
0	9
6	9
0	6
13	64
0	18
0	63
15	44
33	186
21	13
0	0
22	15
31	0
44	10
0	10
75	1693
1	1
0	7
0	6
2	1473
24	4
0	33
221	8
2	6
0	2
0	5
4	170
9	59
1	59
141	59
2	9
0	0
1	0
346	111
19	2
0	37
0	37
0	37
0	21
24	1
124	11
4	11
7	29
0	92
0	108
178	454
111	436
0	114
0	135
11	108
110	344
17	2
0	2
0	1
5	7
100	29
0	13
74	36
0	12
0	2
0	23
769	296
16	3
0	68
0	129
6	5
44	148
0	107
2	138
0	107
3	14
0	2
0	2
0	1
0	1
0	6
0	2
0	2
1	4
0	4
15	0
2	4
1	0
4	1
0	114
0	114
0	3
33	20
0	12
5	8
0	8
5	4
8	2
1	3
81	24
0	77
0	3
12	76
0	7
0	69
47	3
0	76
0	21
9	51
73	51
1	47
62	12
0	13
131	10
0	10
5	0
0	38
0	41
0	46
17	46
0	55
0	48
7	10
17	17
0	0
39	52
0	52
0	15
174	62
0	39
0	0
43	27
4	44
0	66
0	39
8	4
0	8
9	12
7	19
3	2
33	6
0	61
0	7
0	24
0	14
0	14
0	69
1	0
8	0
0	2
0	2
0	5
0	5
0	5
4	20
0	82
22	9
2	72
0	0
4	3
0	1
0	35
0	39
0	38
0	189
0	35
0	105
0	43
17	3
67	154
0	25
52	353
0	61
0	25
0	39
41	37
0	2
4	2
0	7
13	33
1	12
0	0
31	9
0	4
0	5
1	57
0	8
0	39
0	38
0	38
0	1
23	1
11	4
0	2
1	17
0	13
6	3
0	12
0	13
12	24
88	223
594	1091
21	1083
49	8
0	6
0	5
16	71
0	2
7	6
0	6
7	0
99	224
0	142
1	120
6	124
0	2
0	0
22	41
413	36
0	42
48	25
0	2
1	6
9	13
0	12
121	78
0	78
3	2
0	16
0	2
1	1
0	1
0	1
0	0
0	1
0	1
33	94
1	16
0	94
296	366
0	159
35	173
0	28
0	106
0	8
0	8
0	4
0	0
0	3
16	5
11	51
0	51
3	25
0	28
0	18
1	22
3	22
48	1
0	44
0	44
0	0
22	4
0	1
1	1
2	4
62	356
0	356
0	276
494	3
4	1
27	2
0	0
4	118
0	118
61	18
0	14
10	4
1	0
0	5
97	147
0	115
7	109
0	48
0	47
31	36
0	35
3	2
30	0
4	73
1	54
0	4
0	0
9	8
11	127
1	102
0	110
0	53
0	1
12	41
0	2
0	128
451	132
0	17
0	0
0	4
77	0
13	55
0	75
0	78
0	87
0	113
17	2
37	34
0	8
0	5
0	113
121	38
10	9
39	52
0	45
0	1
0	21
28	37
635	16
0	21
284	22
0	22
0	7
0	36
0	42
0	0
0	6
0	6
1	8
0	8
40	8
1	8
2	31
0	85
0	102
0	90
1	30
0	30
44	86
635	57
466	43
0	3
1	0
273	12
71	138
0	20
30	27
0	9
0	1
369	3
6	3
16	12
180	224
0	36
0	73
0	1
32	1
7	0
0	2
0	2
9	0
1	39
0	38
86	13
0	65
91	67
80	83
0	43
0	32
0	32
3	1
16	0
3	13
13	9
0	14
29	29
0	29
14	110
0	0
0	0
0	2
0	2
0	0
2	1
0	1
61	1
0	1
0	7
0	16
0	0
12	8
0	61
0	12
0	31
0	76
0	75
0	50
0	10
0	0
0	0
4	0
0	14
0	107
0	10
1037	13
6	15
0	2
0	2
2	44
0	43
3	41
1	20
9	41
0	4
0	0
0	17
1	9
23	27
0	35
0	23
0	25
10	0
18	14
0	1
5	0
732	21
4	15
341	7
0	7
0	1
0	16
14	16
0	1
0	1
1	1
0	1
0	0
0	1
0	1
0	15
0	1
0	0
0	0
5	1
5	1
0	1
288	0
12	0
6	644
0	718
5	72
0	1
23	74
95	40
0	40
31	5
0	7
0	9
0	4
0	1
0	1
0	1
0	1
0	1
15	0
0	1
0	2
0	1
67	60
0	2
0	929
0	882
4	3
1	2
0	3
0	6
0	86
10	86
158	81
34	9
0	4
1	8
2	1
179	11
0	47
24	1
16	10
3	163
0	156
0	47
8	143
0	1
0	3
3	2
0	3
0	4
0	46
0	4
190	677
0	41
0	41
1	2
0	1
24	6
0	0
6	0
0	27
0	2
0	0
0	7
0	3
0	7
0	27
458	0
17	93
32	95
0	79
0	80
0	56
0	57
0	2
0	2
14	89
0	10
3	10
0	4
0	0
3	0
94	514
11	578
157	709
0	2
0	1
0	26
529	666
0	514
0	0
1	0
0	28
24	162
0	159
0	3
0	1
4	1
1	0
0	27
73	393
0	28
0	39
1	2
0	56
45	0
0	6
0	25
0	70
0	15
0	8
668	88
0	6
0	0
361	42
12	241
1	234
9	238
0	273
0	273
0	42
1	19
0	48
193	274
35	274
168	289
81	266
0	238
34	243
2	172
0	0
6	0
1	0
76	28
0	28
0	0
60	3
0	1
0	51
0	78
3	7
18	9
0	2
3	0
50	5
6	10
0	12
0	5
8	6
5	6
25	6
5	0
0	0
0	101
3	7
21	1
6	10
8	7
18	163
0	11
0	3
5	2
19	6
0	6
0	612
0	138
0	1
4	1
1	611
2	42
0	42
1	2
17	2
132	68
22	33
164	33
2	52
0	51
1	16
0	52
2	0
1	2
0	0
0	27
5	27
0	0
0	15
0	0
0	0
0	3
3	3
0	3
11	1
25	28
0	1
15	0
400	99
0	87
0	0
0	99
0	43
0	42
0	42
22	23
3	3
0	38
0	2
0	27
0	26
0	36
8	0
0	0
0	35
11	37
1	36
23	4
19	1
2	1
263	106
11	100
0	50
0	46
0	6
0	15
0	3
2	0
9	4
2	2
2	8
1	5
0	5
0	5
0	5
0	1
0	166
0	130
0	12
12	151
44	22
13	0
0	1
0	1
0	11
0	15
1	18
0	1
516	2
0	0
55	9
1	2
316	103
0	56
3	16
154	217
0	170
4	138
9	96
0	15
0	1
11	3
0	3
6	3
0	2
0	2
0	3
0	3
0	3
0	0
988	159
15	192
22	132
0	151
0	76
109	133
0	86
0	56
0	43
0	29
0	18
0	51
0	15
0	14
1	0
0	4
45	72
0	4
0	61
0	1
17	2
0	2
7	20
0	1
2	3
0	17
0	1
0	1
0	15
0	1
0	15
0	16
0	2
1	3
0	17
0	5
18	19
0	1
0	15
0	6
0	5
0	1
3	1
0	1
652	67
0	50
0	33
0	25
0	25
0	45
101	61
0	23
0	25
0	23
0	2
0	0
3	14
33	3
20	12
1	6
0	119
24	37
2	1153
0	1141
1	25
16	9
37	0
33	4
7	4
7	0
0	0
4	19
0	19
4	19
50	14
0	16
0	52
4	54
2	10
0	3
0	3
6	26
0	15
86	37
0	20
4	38
20	28
0	28
1	0
4	3
4	0
7	1
324	2
144	59
5	0
115	58
0	59
0	56
2	39
126	112
7	96
2	26
5	0
83	25
1	8
0	14
0	11
2	10
0	0
0	3
3	3
3	0
0	59
0	23
4	1
34	58
0	12
10	38
2	1
0	20
5	91
11	40
0	21
1	0
0	2
7	0
0	1
0	1
2	0
0	1
0	91
105	7
0	0
0	7
1	2
28	11
0	2
0	3
0	3
0	3
2	0
0	17
2	17
0	11
1	1
0	7
4	0
4	6
92	6
3	1
0	1
0	1
16	13
0	7
28	36
0	36
189	18
0	14
1	14
31	6
0	1
21	0
8	0
72	76
0	49
1	27
0	14
1	6
26	95
0	8
2	0
8	0
1	27
495	239
0	237
0	238
0	2
0	1
0	0
0	0
2	0
163	44
0	8
0	0
172	106
18	99
2	68
0	13
26	0
0	9
0	5
0	5
0	3
0	5
0	0
0	67
0	66
0	67
0	67
41	85
1	5
7	5
2	80
0	7
0	2
35	30
234	10
0	10
0	10
3	52
9	132
114	194
88	8
29	0
37	28
0	10
8	0
0	0
0	0
138	93
0	22
0	54
2	32
2	8
21	71
18	17
738	1
0	0
1	1
2295	27
5	0
0	27
0	3
0	3
0	11
0	15
3	19
6	1
56	4
1	0
1	1
5	3
0	1
47	10
0	6
1	6
0	2
22	4
0	1
0	82
0	82
0	80
0	1
0	0
45	0
0	3
78	98
8	85
23	13
0	6
0	7
0	5
46	18
0	18
2	0
0	2
8	11
432	87
5	85
66	170
21	53
1	6
83	4
0	1
0	245
8	47
0	47
5	46
0	205
42	17
0	0
0	47
0	7
0	7
2	0
0	0
0	0
0	0
0	0
0	0
0	9
0	3
5	9
1	9
0	2
1	1
0	1
0	1
0	0
39	396
0	0
1	70
31	0
0	70
2	13
12	13
40	13
1	1
1017	468
20	459
472	109
16	1
9	1
0	44
0	44
0	3
0	13
160	186
7	136
0	42
26	54
31	61
10	14
3	6
0	7
0	3
0	3
0	3
0	3
0	1
5	0
0	1
8	1
3	2
2	1
15	642
432	402
206	105
1	240
1	2
0	2
23	3
0	0
0	482
0	463
8	253
1	0
23	0
19	0
0	12
2	0
0	5
0	5
0	28
0	38
0	63
0	63
0	59
2	1
1	2
0	1
28	11
5	10
0	9
5	0
0	1
9	6
9	6
61	54
28	36
64	902
19	11
63	6
25	6
1	0
7	3
0	3
2	0
0	1
14	1
66	513
0	9
56	9
1	2
0	9
0	0
1	18
0	9
0	1
0	1
0	0
7	0
87	2
0	2
447	21
1	21
0	21
0	49
2	49
0	7
18	44
12	30
0	1
0	34
0	34
11	17
0	17
0	16
5	33
7	0
0	16
0	33
0	16
0	16
0	33
0	0
1	1
13	59
0	2
0	2
9	1
1	0
0	34
0	31
102	66
12	22
0	41
0	22
6	0
1	17
114	38
0	38
8	4
0	3
0	1
0	2
0	0
1	0
1	1
2	5
130	69
0	64
0	54
0	44
268	222
3	2
0	7
7	10
111	10
0	11
1	11
0	0
0	0
3	0
116	49
5	9
0	8
0	34
3	34
0	32
0	32
36	4
0	3
2	4
0	2
13	0
0	16
0	11
14	26
3	12
0	7
0	4
0	4
0	4
0	2
0	1
0	880
0	897
100	26
7	2
36	0
15	0
152	12
0	4
0	1
2	16
1214	58
7	0
313	30
0	30
25	90
30	77
14	200
0	163
0	95
19	14
34	39
0	34
0	34
53	17
1	16
0	9
1	1
32	10
0	6
2	6
2	4
0	4
4	0
0	6
3	0
0	9
1	3
0	3
16	33
44	0
0	33
0	1
0	12
13	9
0	9
5	4
0	1
2	1
1	2
0	1
0	2
17	2
1	103
0	103
0	28
0	19
27	19
7	75
0	74
0	10
5	15
0	1
47	510
2	514
9	12
48	224
0	218
0	198
5	5
7	145
0	60
1	2
19	123
148	31
0	2
130	19
0	1
17	175
0	175
0	10
0	5
0	5
0	5
0	2
0	148
5	118
245	1
0	1
0	5
16	67
4	62
56	0
4	83
0	39
0	16
0	15
6	0
621	1798
700	1759
10	497
0	1047
0	17
0	35
0	36
0	37
0	15
7	0
0	0
0	48
0	19
0	0
0	1
0	144
0	3
0	1
5	7
0	0
0	15
0	34
0	0
0	0
0	0
0	144
0	190
0	143
0	190
60	2
0	2
0	0
3	2
0	2
0	2
2	4
0	4
378	0
0	10
18	112
59	3
0	110
0	89
56	0
0	0
2	14
0	14
0	14
23	11
1	96
1	28
0	103
0	103
0	83
0	89
0	1
0	1
0	8
0	13
1	36
0	30
0	19
14	0
19	6
0	60
3	0
0	124
32	111
2	101
0	103
0	16
0	1
15	3
1	3
0	0
58	166
0	0
0	10
0	22
0	17
25	76
0	2
1	11
0	0
0	2
8	12
0	1
0	1
2	1
0	58
1	1
3	35
5	95
0	63
0	63
3	55
0	6
58	0
0	0
5	10
11	83
5	83
0	36
0	25
0	7
0	1
1	0
45	0
152	138
13	177
30	65
1	19
1	4
0	24
0	13
10	0
3	2
0	24
1	6
22	0
0	0
1	12
3	151
11	151
21	36
16	48
9	1
5	9
0	11
5	11
58	76
63	61
0	17
0	17
0	34
0	31
1	4
8	1
26	30
16	0
0	5
0	4
0	4
0	4
0	3
0	0
0	1
0	5
26	58
0	18
0	47
0	47
4	2
73	10
0	0
0	5
0	6
131	35
0	6
0	3
0	3
3	0
4	3
0	3
1	0
0	0
13	29
0	54
0	14
0	3
0	40
0	1
3	2
15	23
1	9
18	26
0	25
0	75
0	35
29	39
37	31
52	196
14	7
0	4
0	5
0	4
0	23
18	11
0	22
0	22
6	32
36	36
64	16
0	14
0	8
93	256
0	256
0	187
0	23
0	23
34	140
0	198
0	198
0	198
0	9
0	11
3	0
0	4
1	0
278	365
0	330
380	78
0	106
0	108
0	70
9	5
4	24
7	19
5	3
1	17
0	16
2	1
0	0
0	3
6	4
0	0
0	1
0	5
4	12
0	0
0	12
6	15
2	3
0	2
5	1
0	0
0	4
5	28
0	11
91	56
0	11
0	1
0	1
0	1
23	27
0	11
0	52
0	52
0	52
0	52
0	52
0	38
0	52
21	19
0	41
53	0
267	19
0	17
0	0
0	41
18	108
0	160
16	27
36	53
77	19
4	9
6	8
0	6
0	3
6	0
0	20
0	1
4	1
0	1
0	1
21	10
332	6
0	138
0	138
12	39
0	120
10	7
1	4
0	0
0	3
0	48
221	46
0	51
0	2
0	5
0	3
0	12
31	7
0	24
0	51
0	3
14	28
0	2
0	2
0	2
0	2
0	5
0	0
2	2
0	1
0	22
1	41
3	22
0	1
4	1
0	0
6	19
0	0
83	28
697	317
0	317
30	34
1	11
0	11
0	9
24	16
0	4
0	8
0	5
7	31
1	1
0	31
0	12
162	18
0	17
0	3
0	1
8	4
0	94
0	94
0	79
0	49
0	65
0	1
0	1
83	0
5	28
0	79
4	1
0	1
5	2
7	0
6	0
278	20
0	20
0	20
0	8
2	8
0	12
0	6
0	2
0	0
0	0
0	3
0	52
0	52
478	58
0	58
80	14
2	14
13	13
0	48
0	42
1	0
0	1
0	48
0	42
11	8
0	8
1	2
1	0
5	2
2	0
0	0
0	0
8	19
2	0
1	54
5	7
0	37
0	13
0	54
24	0
13	0
27	6
0	5
65	4
2	4
1	5
3	0
22	13
21	13
28	3
0	10
0	3
15	0
42	12
0	9
2	13
0	5
4	13
46	7
0	1
0	61
75	65
1	1
1	42
3	42
0	2
0	35
0	10
0	81
0	11
0	2
0	103
9	138
45	25
1	8
670	31
217	23
0	138
32	143
0	57
0	1
0	4
1	0
0	3
0	24
0	15
0	57
6	0
0	20
1	18
0	18
0	10
0	0
9	0
1	0
4	2
7	0
0	5
0	1
17	5
0	5
6	1
0	1
0	161
23	34
23	148
13	8
4	11
88	61
0	413
122	61
0	412
14	2
9	43
44	319
0	59
25	28
0	20
0	11
0	19
0	11
1	11
11	0
2	1
0	0
0	57
0	71
0	159
3	55
0	27
0	18
0	18
0	44
0	7
0	7
0	11
0	5
0	3
0	6
0	0
0	1
20	22
0	31
0	137
2	0
13	0
0	7
0	0
282	48
1	48
0	3
84	46
20	0
0	1
7	1
1100	0
2	53
0	53
24	60
43	56
4	26
263	17
0	10
108	27
2	211
0	34
21	22
10	188
0	0
0	88
39	0
25	47
0	24
0	34
672	169
4	170
20	173
11	171
4	0
607	48
0	48
11	0
25	5
26	8
8	8
0	202
6	28
5	12
0	25
0	2
0	2
43	144
0	202
0	3
0	3
3	174
0	174
0	159
0	34
1	1
1	0
43	9
1	5
64	9
477	0
4	6
9	6
6	0
0	0
1	0
8	0
18	11
0	8
363	42
260	41
65	9
0	9
18	0
0	0
0	0
50	19
0	16
0	6
1	0
0	0
0	0
0	3
18	10
0	6
0	4
2	0
5	0
1	28
0	28
6	28
18	27
0	6
1	9
0	9
14	6
0	6
68	168
18	17
0	202
0	11
55	40
2	0
6	0
18	72
2	0
0	10
0	26
0	11
0	17
0	26
12	16
0	6
0	15
0	17
1	8
2	2
4	2
0	10
0	11
2	1
0	0
0	8
0	3
0	3
0	6
3	0
0	20
0	70
39	91
0	7
7	0
85	7
40	100
0	355
10	15
34	349
23	0
37	317
142	2
2	0
2	2
0	2
9	2
2	9
0	9
661	48
12	59
0	41
97	0
1	0
11	0
19	13
1	2
23	10
4	9
0	10
0	5
0	132
18	21
0	21
0	52
0	41
9	114
0	23
1	0
0	0
0	40
19	0
0	0
30	0
110	0
0	3
3	0
0	13
29	13
3	1
1	5
1	0
8	17
0	3
0	14
0	0
0	3
0	1
3	1
0	17
0	62
0	64
0	15
18	9
1	2
1	1
924	1
0	1
0	11
10	28
0	1
2	0
0	6
0	10
76	0
5	6
12	6
5	0
18	98
11	98
290	93
15	31
0	5
12	13
0	1
1	1
38	12
7	0
0	87
0	2
15	2
0	3
0	3
0	65
0	26
5	80
0	61
0	6
0	5
1	1
0	1
0	2
7	1
25	18
0	4
0	23
0	13
2	3
5	0
4	74
0	74
4	227
1	82
0	127
0	80
38	37
0	1
8	1
0	2
1	0
0	47
0	1
7	76
5	120
0	244
216	0
10	1
3	1
0	14
15	25
0	14
0	11
0	14
1	28
0	0
0	3
0	3
0	1
1	0
273	0
1382	43
0	40
87	7
3	0
3	251
0	219
0	252
0	77
425	35
2	3
0	0
0	6
0	9
41	6
1	1
0	2
0	12
0	2
0	2
0	0
0	0
1	0
0	30
0	40
74	1
0	1
2	34
0	36
0	44
0	34
15	69
0	35
0	34
0	25
0	0
0	16
0	13
0	0
0	25
0	0
10	0
0	0
0	3
0	3
0	0
0	0
13	1
0	0
28	0
0	44
0	1
7	10
0	42
0	11
0	26
0	42
465	49
0	1
11	0
2	0
4	0
43	0
34	32
1	36
0	4
0	2
4	0
58	111
43	10
0	7
374	32
0	168
0	168
1	168
190	18
0	0
42	92
0	25
0	25
0	16
0	6
0	9
0	7
0	0
0	69
18	1
0	1
16	0
0	8
41	66
1	66
9	0
2	30
0	30
0	3
3	4
0	0
3	0
0	26
2	6
0	26
0	22
0	13
0	22
70	2
0	2
0	2
134	92
69	124
3	1
1	64
0	89
2	14
16	1
0	1
11	62
0	29
0	2
0	2
3	0
19	8
1	0
2	0
3	14
4	1
4	0
3	30
86	44
0	14
84	1
3	1
9	46
0	36
1	28
0	28
10	18
1	3
0	3
0	4
444	0
9	0
12	22
3	20
0	0
2	0
0	22
0	0
0	1
19	1
0	0
43	6
32	5
0	5
6	4
48	90
4	117
0	107
70	23
0	2
2	3
0	0
0	0
0	5
5	0
20	34
8	0
6	50
0	60
0	56
2	50
0	20
0	0
5	5
17	43
0	285
0	276
12	2
8	249
33	184
85	266
94	306
87	8
4	8
23	10
194	1
37	26
2	12
0	16
20	1
0	15
0	1
0	32
0	32
34	45
17	44
83	1
13	0
11	0
49	54
0	6
0	48
0	32
28	45
0	35
4	508
0	107
0	502
0	0
0	1
24	502
12	0
0	181
0	26
0	0
11	96
0	78
0	45
16	45
0	45
36	0
3	18
2	5
4	8
0	41
25	8
0	184
0	186
13	1
4	24
0	20
0	5
0	29
1	10
29	28
0	2
1	10
9	8
0	7
3	85
0	69
0	85
2	17
1	9
0	9
1	17
1	2
27	106
0	95
0	95
7	74
25	16
0	10
5	42
0	49
0	35
0	36
0	58
48	58
0	41
0	36
0	7
0	32
0	9
0	2
0	4
25	18
0	3
0	1
1	4
0	11
39	1
0	11
40	52
0	36
0	27
23	0
24	26
0	26
0	6
0	2
0	16
0	20
2	0
7	1
24	8
0	61
3	8
7	13
0	13
0	8
0	8
0	0
0	1
0	58
51	24
13	0
0	24
0	1
4	11
20	11
0	17
9	17
0	23
0	16
0	3
18	185
0	357
335	415
0	77
10	10
1	10
2	5
0	10
1	2
6	1
47	451
0	418
5	0
9	1
0	17
131	17
0	418
0	0
1	64
22	64
89	37
0	37
0	16
26	0
0	1
0	1
0	1
0	0
0	0
1	10
11	18
0	3
0	28
0	12
0	0
50	22
2	29
0	116
0	114
0	91
0	2
0	3
0	91
141	399
0	393
0	161
0	17
0	26
0	32
1	3
13	3
4	3
0	2
2	2
0	0
0	5
0	5
0	3
77	42
5	1
4	41
0	0
45	75
0	75
48	0
0	28
68	28
162	0
41	3
0	3
0	108
2	108
15	1
67	55
6	3
9	8
0	55
0	5
21	100
0	49
0	29
0	83
0	83
0	1
0	2
1	2
1	0
10	2
515	278
0	276
0	262
57	45
4	15
0	12
0	12
26	10
0	1
2	1
0	1
0	4
0	148
0	148
0	79
0	37
0	0
1	0
0	0
0	0
3	5
0	5
0	0
0	4
1	4
125	1
20	404
72	404
3	1
10	1
2	0
264	86
24	63
6	0
0	3
0	3
7	14
12	10
9	4
8	0
55	42
2	42
0	54
0	33
13	23
0	14
0	18
0	14
0	12
24	1
0	5
0	10
0	9
0	22
0	10
0	11
0	10
0	22
0	10
0	1
0	2
0	5
0	1
0	3
0	1
0	5
0	30
0	25
76	26
0	23
0	23
0	23
4	0
0	0
0	2
0	2
7	10
0	0
0	26
53	32
2	2
2	6
1	13
5	6
0	31
1	0
3	0
2	14
0	14
0	14
0	12
0	5
124	593
14	0
15	0
160	18
37	81
0	80
19	44
5	59
0	1
0	1
0	9
0	45
0	45
1	18
36	78
10	19
57	640
4	7
0	7
0	7
0	7
0	2
0	1
0	4
0	4
0	4
0	5
1	3
2	1
0	49
11	31
0	1
0	48
176	2
0	1
3	1
0	1
1	0
1	0
0	1
0	40
0	1
0	40
0	147
0	165
25	144
10	0
1	12
140	12
1	0
2	1
3	4
5	1
2	0
0	54
0	2
0	198
35	0
164	25
0	18
0	10
2	0
6	0
3	0
0	0
16	296
99	477
0	14
333	0
34	14
38	0
0	898
0	898
0	154
100	20
4	7
0	10
0	7
5	2
0	2
39	2
0	898
130	113
4	24
1	0
0	0
12	22
5	84
2	3
0	23
0	7
0	7
0	63
16	63
220	516
0	8
3	0
1	0
0	0
2	0
0	0
0	8
1	0
3	40
6	9
11	24
28	48
8	2
0	2
118	10
0	8
12	2
2	2
6	93
0	93
0	29
0	37
0	29
0	64
0	291
0	11
0	15
0	11
0	11
0	7
1	5
0	3
0	7
0	14
0	2
1	1
0	10
0	0
15	2
0	1
0	10
0	45
5	9
0	4
0	4
0	1
0	7
0	1
13	2
9	1
3	38
18	1
4	46
0	17
0	11
2	0
0	0
0	1
0	0
1	0
0	0
0	0
84	29
11	24
31	188
0	174
0	69
0	39
0	25
1	4
8	2
1	0
1558	603
41	603
0	6
305	84
0	44
7	4
0	41
5	145
0	0
0	43
0	0
0	142
4	0
9	100
2	95
0	101
0	100
1	66
0	49
0	6
0	3
1	10
0	9
0	6
0	6
0	8
0	6
0	100
0	95
1	95
0	5
0	5
10	15
0	109
0	4
0	1
0	75
0	109
733	105
0	1
1	1
0	104
67	93
0	39
0	55
0	93
5	25
0	51
28	27
0	27
0	27
0	18
0	18
0	5
79	3
36	61
17	240
0	240
0	0
0	1
4	0
0	29
0	95
0	36
0	96
0	36
1	11
0	71
0	43
0	43
0	17
0	347
2	347
1	0
35	41
0	34
0	35
0	0
0	0
0	0
0	0
0	0
0	0
2	0
0	0
119	29
0	9
0	29
0	4
0	6
0	2
0	25
5	2
9	4
0	0
8	0
0	0
0	10
14	20
0	41
0	40
21	38
25	1
133	87
4	25
3	2
135	0
1	21
2	21
2	17
0	0
2	0
25	14
39	14
128	0
0	5
0	5
0	0
1	0
53	17
0	15
0	11
4	11
0	11
5	15
0	11
0	2
0	1
0	0
3	3
0	2
1	8
0	2
4	1
1	1
1	12
2	1
0	11
8	11
0	11
1	12
0	1
89	0
1	61
2	19
0	36
0	25
0	28
7	27
0	0
2	1
0	1
0	2
0	2
0	2
7	1
0	36
0	2
0	25
0	25
0	32
0	66
1	13
11	16
0	147
15	1
2	0
3	165
0	24
8	24
0	8
0	13
58	129
0	129
10	71
0	60
0	40
0	38
0	12
0	2
0	2
0	1
0	0
0	1
161	10
0	1
0	9
0	9
0	10
0	21
0	21
7	2
59	2
10	2
0	35
0	86
14	82
0	15
0	15
61	0
1	0
2	0
4	0
0	0
2	42
0	11
0	3
0	0
2	0
4	0
0	3
28	68
0	20
3	48
32	12
27	38
9	24
10	104
0	88
3	16
0	4
0	4
0	1
0	1
53	52
1	0
145	0
0	1
1	89
0	1
0	89
0	27
0	29
0	26
42	83
0	26
0	26
1	0
0	13
0	4
2	24
0	12
0	7
0	10
502	0
12	249
99	275
5	249
0	13
24	32
3	13
0	13
0	1
0	1
0	1
0	0
0	2
0	29
0	3
0	3
1	13
14	1
0	1
0	101
633	101
1	37
0	6
0	1
30	35
0	20
46	28
0	29
0	28
0	4
6	0
0	7
3	8
0	1
1	0
38	66
0	26
0	3
0	3
7	14
1	14
1	1
29	63
0	43
1	41
0	17
0	33
0	19
0	18
0	6
0	11
2	5
0	5
0	5
0	5
0	0
22	1
0	0
0	0
4	3
0	0
0	3
1	0
0	15
0	0
34	21
12	19
0	8
1	1
35	8
39	4
0	4
0	4
6	29
120	29
0	27
0	15
1	13
0	9
0	8
1	8
0	9
52	45
0	44
0	1
236	0
109	2
852	0
0	100
0	2
0	31
0	8
245	31
0	100
557	0
0	46
2	20
31	29
1	18
0	15
0	15
0	1
5	6
0	6
70	450
0	10
1	15
0	206
0	1
6	4
0	341
5	296
27	86
0	26
0	3
0	2
10	155
3	6
21	27
0	19
0	124
81	116
0	0
0	0
0	115
179	130
0	130
200	272
1	221
0	8
57	180
0	9
2	11
1	0
0	0
0	2
3	1
0	1
3	6
0	6
1	0
42	0
0	10
107	10
0	0
2	0
0	0
0	0
126	13
0	52
4	2
6	10
0	2
8	10
0	103
194	99
0	1
0	1
0	19
0	1
0	2
0	25
0	1
3	1
0	0
0	0
0	0
0	1
0	1
2	26
127	0
192	11
0	10
0	6
0	6
0	11
30	534
129	2
14	6
32	2
65	24
1	24
1	162
0	2
0	113
0	163
0	72
39	91
0	19
0	17
0	15
2	9
0	20
0	20
0	82
0	82
0	82
0	9
0	4
0	4
0	4
1	4
0	14
0	9
22	26
0	25
0	7
0	6
0	3
25	47
0	32
58	22
0	19
226	10
0	11
22	1
0	21
784	127
0	0
9	30
7	10
3	43
194	22
527	21
0	22
0	12
4	20
0	20
1	18
0	2
0	2
0	2
4	49
0	16
1	440
0	440
0	12
7	1
17	9
1	16
0	2
0	31
0	1
13	424
230	0
0	550
0	1
7	1
3	1
2	147
0	139
74	530
0	55
0	550
14	2
0	2
21	1
1	5
72	12
58	190
0	20
8	0
0	4
0	4
19	0
0	2
0	3
51	170
24	172
0	0
2	99
34	99
0	75
23	33
0	30
1	2
0	1
305	9
0	2
1	4
0	3
80	1
0	77
0	72
76	0
46	71
38	0
0	5
2	5
0	6
1	1
0	0
3	2
0	2
1	8
60	1
0	1
6	13
0	1
2	1
0	1
9	94
15	0
0	65
2	48
9	24
0	5
89	320
10	260
143	118
258	239
0	3
440	236
50	24
0	24
1	1
0	1
1	1
0	1
23	0
0	12
421	25
21	36
0	1
20	0
0	0
0	42
9	40
114	20
53	41
13	70
0	20
0	6
27	3
0	2
0	2
0	9
1	0
0	46
0	38
13	263
2	223
0	239
0	239
0	218
2	59
0	123
166	297
0	277
0	132
0	100
7	117
0	132
1	102
0	0
0	141
7	29
27	29
12	3
0	112
0	96
8	9
1	9
5	105
9	31
9	0
0	91
211	42
67	168
2	62
12	3
8	0
0	135
48	477
0	3
7	0
5	42
1	42
3	42
0	31
70	107
1	107
72	49
0	26
0	23
0	22
0	23
12	44
31	44
0	207
0	58
0	0
0	1
0	58
0	0
0	2
1	0
2	51
0	207
3	0
63	320
0	314
0	3
2	3
0	0
8	0
55	8
429	8
3	5
0	13
0	5
0	5
0	4
0	8
6	80
0	2
0	1
0	6
0	0
13	0
121	77
1	0
1186	8
0	2
15	2
147	0
12	0
5	4
8	1
31	4
1	1
17	0
1	31
113	14
7	28
2	17
93	26
0	26
0	10
9	10
0	26
18	5
0	11
9	8
11	0
0	0
0	0
29	28
23	1
0	22
30	1
7	1
0	0
0	8
9	11
0	0
6	191
0	74
0	36
0	37
13	36
0	25
0	18
56	13
0	0
0	3
0	9
0	6
14	0
10	2
42	64
286	64
5	12
0	12
4	5
0	5
0	5
0	72
1	34
4	93
0	138
7	195
96	186
0	0
0	17
0	20
0	56
0	15
7	0
7	280
2	4
0	4
0	278
0	3
2	0
8	276
27	3
0	0
15	0
5	3
0	0
16	0
1	3
92	3
9	1
12	2
1	0
45	93
0	93
25	56
0	17
0	17
15	8
10	8
4	8
5	148
0	151
0	1
0	9
3	148
0	114
0	3
1	3
62	59
21	57
0	0
5	137
24	2
0	0
0	9
4	0
0	1
1	0
0	8
0	0
3	0
1	7
0	0
0	8
2	2
40	71
70	32
0	40
0	48
12	0
0	1
0	2
0	2
26	31
42	35
0	32
0	25
9	0
102	0
0	4
0	24
0	20
1	4
0	2
0	1
0	24
0	24
8	24
26	49
0	14
0	3
24	12
0	0
1	0
1	0
0	11
0	49
10	0
52	17
22	17
11	3
0	4
1	1
0	6
0	2
134	56
1	56
81	13
2	13
0	0
3	0
0	1
1	2
1	4
0	1
0	6
0	392
31	205
77	392
3	0
36	21
1	21
0	0
21	77
0	74
7	69
4	0
26	12
46	0
0	1
0	0
9	1
17	5
0	0
22	2
1	12
18	0
0	19
0	19
0	20
8	4
20	0
0	44
0	44
0	7
0	44
2	74
6	102
0	6
3	0
2	28
0	102
80	13
0	13
0	0
5	18
0	32
0	2
0	4
0	71
0	71
0	0
2	0
6	113
0	113
197	30
0	46
0	15
0	28
0	34
0	5
8	4
0	0
18	35
2	32
0	64
63	1
0	37
0	4
0	4
7	4
0	10
0	5
0	6
0	3
0	3
4	3
85	12
1	28
11	0
173	18
0	19
0	23
0	1
3	1
0	1
0	22
2	51
306	59
0	1
32	19
0	28
1	48
57	83
5	426
26	0
38	440
0	403
0	2
12	47
0	0
1	46
0	4
3	3
95	50
11	0
12	47
32	59
46	20
0	21
0	21
3	3
6	12
0	6
0	7
80	0
84	25
17	25
22	189
0	162
0	4
0	2
0	4
0	4
11	0
0	4
15	0
17	40
0	40
0	2
0	13
4	2
0	10
0	46
0	0
5	45
0	1
8	36
11	1
27	1
0	1
9	0
0	1
0	1
0	1
1	29
0	37
0	13
35	3
0	6
18	17
1	20
0	23
4	47
128	30
0	5
2	0
0	0
7	12
7	10
43	20
17	6
14	0
28	0
76	0
2	61
0	7
0	61
1	8
0	7
0	7
20	0
0	1
0	7
0	0
4596	761
0	719
0	337
0	98
0	529
0	529
0	557
0	557
12	25
3	10
9	456
3	15
3	13
0	0
0	1
1	1
1	0
1	6
7	6
3	4
3	4
0	1
0	1
0	0
0	4
0	1
0	1
2	1
0	3
55	70
0	70
160	143
5	108
0	134
0	0
0	145
0	1
0	123
7	47
23	57
2	18
0	0
2	102
0	63
2	2
18	0
38	13
0	9
15	85
1	97
6	0
25	0
0	77
0	77
10	61
5	82
0	82
0	8
0	10
18	16
4	19
0	12
0	15
0	1
0	24
40	1
1	24
17	4
9	4
0	0
0	5
0	13
0	24
11	7
161	8
0	2
7	33
2	31
0	6
1	6
0	6
22	23
8	23
0	6
0	90
2	92
0	33
7	28
0	5
0	18
0	2
0	2
95	84
0	6
20	0
0	31
2	33
18	27
9	8
11	0
0	8
0	6
0	5
0	6
0	9
0	10
1	10
0	2
4	18
0	16
4	2
119	66
5	2
0	1
54	79
0	5
25	1
8	14
4	9
0	5
0	27
0	12
10	27
1	23
10	43
0	178
0	4
27	473
0	13
0	13
4	0
0	0
1	0
0	8
2	171
0	16
0	8
0	0
33	36
316	26
126	7
0	21
0	0
0	1
0	1
0	0
0	17
36	17
0	13
0	4
104	49
22	38
20	38
0	43
0	26
2	0
21	70
0	69
1	0
0	2
0	18
0	18
0	1
7	43
15	15
0	17
0	14
0	17
0	0
1	0
0	1
2	2
1	2
5	15
1	14
2	9
0	5
2	0
0	1
7	34
3	35
2	0
2	0
0	2
12	7
0	17
794	90
0	3
0	90
8	1
0	1
0	3
0	8
1	76
8	0
11	46
0	46
0	42
0	41
24	1
197	116
0	116
0	101
0	5
1	10
0	10
0	23
3	23
5	0
0	9
0	21
0	21
0	0
0	0
0	0
0	0
133	0
9	127
0	34
0	46
0	4
24	2
0	1
0	0
1	0
0	0
0	0
0	0
0	0
0	43
0	10
0	0
1	44
0	7
408	9
0	8
1	3
0	13
5	90
3	13
47	34
2	3
1	28
39	6
51	16
0	15
0	0
0	2
0	45
34	180
3	0
0	19
13	2
0	2
0	3
0	1
5	0
13	146
0	65
202	51
8	13
0	1
0	22
0	5
1	0
0	18
0	0
0	130
0	130
0	5
571	108
0	81
0	63
0	49
0	0
0	0
1	1
224	227
1	224
0	33
0	31
0	28
1	4
0	9
0	11
591	309
0	309
2	6
0	2
0	3
47	0
0	3
0	9
0	3
3	0
6	1
428	3
1	0
9	0
312	35
12	35
29	0
0	26
0	26
29	33
591	60
0	15
0	15
0	14
1	4
3	34
0	35
0	30
2	0
0	19
43	0
406	147
1	11
284	145
7	1
1	1
0	0
115	0
102	0
32	27
0	27
0	1
11	2
21	59
0	29
0	24
0	22
0	11
0	41
0	12
0	4
0	16
0	9
19	9
2	72
1	72
39	72
25	48
4	16
0	33
0	5
0	34
21	3
0	5
0	3
24	0
0	8
0	34
15	1
0	31
0	34
23	35
3	35
3	32
34	63
0	83
0	58
8	1
0	15
0	4
1	3
0	25
1	93
1	72
0	83
131	82
1	0
13	1
10	1
9	19
349	18
1	0
1	0
0	13
0	13
1	1
3	0
42	12
0	8
42	93
11	42
0	32
26	35
70	41
0	41
1	0
119	5
4	5
23	26
0	22
0	17
2	1
0	58
172	116
0	7
1	5
2	87
0	1
0	37
0	19
11	50
0	49
4	43
14	2
9	39
0	276
0	75
53	24
11	53
0	1
0	53
4	6
3	65
3	1
0	75
3	15
451	0
0	9
540	286
12	17
0	7
0	0
7	2
54	54
0	51
26	37
60	73
0	17
0	83
87	31
88	26
0	0
0	0
1	0
2	35
0	42
0	26
0	43
897	136
0	0
2	24
4	1
0	111
6	1
0	32
1	0
15	51
11	44
0	6
0	0
6	10
0	1
0	83
0	34
0	14
0	83
1	20
0	34
0	20
6	0
0	34
1	0
662	2
3	9
0	9
20	11
0	11
0	9
0	9
26	0
0	51
0	66
0	51
0	66
0	51
0	66
0	2
0	3
0	3
0	12
0	0
2	0
8	9
135	2
0	2
2	24
8	24
69	137
0	52
2	42
60	35
0	16
0	8
45	19
0	1
2	0
1	1
10	10
0	4
440	0
0	53
0	53
81	29
1	5
33	0
25	24
7	7
326	5
287	24
0	24
157	11
2	0
103	0
1	10
172	11
3	11
63	0
0	0
271	5
0	4
12	113
0	59
1	23
0	84
32	24
0	21
0	13
0	1
9	51
22	148
2	3
7	133
0	127
0	148
0	74
0	75
0	76
2	74
1	0
20	5
4	48
172	191
37	11
18	17
0	17
0	191
0	191
54	0
1	0
227	202
0	61
0	30
0	11
0	151
51	29
53	126
0	109
0	4
0	4
3	46
0	3
0	3
0	30
2	24
1	24
0	21
0	21
0	22
20	4
0	2
12	0
0	2
0	53
0	53
2	41
12	4
28	10
22	7
28	12
0	10
0	4
0	4
0	4
0	4
0	4
7	2
0	2
0	0
0	0
0	0
0	0
0	0
237	6
0	4
0	0
6	73
2	0
25	7
11	2
16	0
32	5
85	0
0	19
0	25
0	13
0	9
0	21
21	21
0	22
1	21
0	28
0	30
0	30
0	57
0	57
93	56
0	34
0	10
69	6
5	21
0	0
0	3
0	42
0	41
0	40
25	24
43	24
9	3
0	0
10	46
77	219
0	59
0	12
1	219
1	0
97	36
21	17
0	0
5	36
28	162
0	162
0	29
10	28
0	44
0	1
1	17
0	0
0	0
0	162
22	85
205	3
0	3
89	38
0	3
0	0
0	3
18	77
2	15
3	40
0	87
2	86
54	62
0	0
17	228
0	77
0	165
0	194
0	117
8	214
0	123
0	88
0	82
0	10
0	163
0	16
0	14
0	90
0	84
0	71
0	126
1	176
0	92
0	84
0	88
29	102
0	128
0	186
0	128
0	0
0	101
612	75
0	65
30	74
1	10
6	10
19	1
27	0
11	0
176	99
0	89
0	7
0	2
40	34
4	16
35	4
0	4
13	0
0	0
0	126
0	126
0	126
0	16
0	7
0	9
99	0
2	23
59	20
41	53
0	32
0	0
0	23
0	50
1	0
3	0
8	48
13	51
14	51
0	178
0	178
0	169
0	169
0	169
0	169
0	169
0	169
0	48
4	8
0	0
0	169
1	12
4	17
0	8
17	3
0	5
17	9
2	0
1	325
0	330
0	327
3	4
0	7
0	190
7	1
109	376
4	203
0	190
2	51
0	50
64	45
0	54
0	217
5	25
0	25
0	9
0	5
4	0
0	2
0	8
0	1
0	6
0	1
0	5
6	185
0	185
0	56
43	0
0	3
1	19
53	17
0	18
0	5
0	6
0	4
88	3
82	0
0	13
32	53
0	10
358	0
12	1
0	5
0	5
0	5
5	65
0	68
0	65
0	50
0	40
0	3
0	2
30	0
0	0
11	3
0	3
0	25
18	3
0	3
0	3
0	3
0	3
1	5
9	0
40	21
151	48
0	35
0	36
0	19
0	26
0	26
8	13
0	22
24	26
96	86
0	0
0	80
0	0
0	79
0	0
2	86
0	86
5	8
12	1
2	30
0	3
14	186
0	94
0	1
0	1
6	45
15	0
37	46
0	99
0	0
0	116
84	117
0	1
0	0
19	0
1	0
0	17
0	17
0	9
14	0
47	23
0	23
1	2
0	0
51	323
10	1
38	0
1	322
0	3
205	35
0	2
0	7
0	26
8	3
0	3
0	14
3	73
0	8
0	6
0	5
0	75
1	0
0	4
0	4
8	11
79	106
0	150
0	150
0	59
0	1
4	0
0	58
289	0
0	32
0	30
0	3
1	46
0	51
83	14
0	9
2	51
4	0
0	1
0	0
34	7
0	12
9	12
13	6
19	97
21	99
0	6
4	3
6	200
0	0
44	55
202	194
2	8
0	8
10	8
0	2
9	25
0	25
85	0
1	165
291	103
20	34
0	2
2	0
0	0
0	21
0	20
2	1
36	2
2	1
0	1
0	1
0	0
0	35
17	141
0	32
0	120
0	40
1	40
0	0
33	0
0	67
58	67
0	31
10	41
0	33
0	3
0	0
606	17
43	17
0	112
88	112
0	12
0	0
1	5
11	19
51	12
0	12
0	18
0	18
11	0
0	21
0	8
0	7
33	1
0	21
0	6
0	56
0	56
88	188
3	247
0	6
0	6
0	247
0	247
3	21
36	2
0	1
0	2
0	0
39	50
0	4
0	3
0	3
0	3
0	4
0	4
4	4
178	184
24	65
1	590
4	638
21	34
6	28
0	28
17	560
0	578
0	643
10	98
0	100
0	2
0	3
0	0
0	1
2	1
38	211
0	35
0	22
4	5
1	65
1	93
0	88
0	16
30	24
0	20
0	4
0	21
12	0
0	4
3	13
1	34
2	21
0	65
7	70
1	50
0	46
0	25
5	20
0	27
0	26
7	5
37	0
0	11
0	11
0	32
18	7
38	3
0	4
168	38
12	33
0	0
10	7
300	15
0	1
0	1
24	39
2	38
1	23
7	1
19	44
2	8
22	80
0	18
0	10
0	62
0	44
1	44
199	44
0	62
4	3
0	5
52	30
0	25
4	6
0	6
0	1
246	127
0	10
0	310
26	102
6	306
0	0
0	0
0	4
2	212
0	0
0	98
8	310
128	8
0	8
13	13
9	14
0	12
1	12
48	12
11	4
0	4
0	10
0	10
90	34
0	14
21	14
19	72
0	1
0	77
0	25
0	2
0	6
4	35
0	8
116	7
0	7
28	5
0	5
0	40
0	37
0	15
0	10
0	0
0	14
0	2
0	1
1	2
15	0
1	1
0	1
1	43
147	0
0	25
2	25
5	24
9	24
1	18
2	0
24	5
0	1
0	0
0	0
0	1
16	0
4	250
0	0
5	0
1	17
14	150
29	150
33	167
34	62
0	20
0	20
0	17
0	23
6	23
12	9
2	9
163	26
0	25
0	26
70	91
6	7
1	7
0	0
11	1
0	26
4	0
26	5
91	95
18	25
0	7
0	68
5	50
1	79
0	79
30	107
0	54
2	0
0	132
130	0
4	7
1	5
0	7
0	41
0	0
0	37
0	41
15	4
0	6
0	0
2	0
1	7
0	2
17	76
13	6
0	51
0	51
0	2
0	27
0	27
8	21
3	32
18	22
259	110
0	121
39	84
0	10
0	2
0	5
0	170
0	171
16	246
0	158
0	9
0	13
1	1
0	77
0	27
0	0
23	73
0	72
0	64
0	65
1015	2
31	16
17	4
0	4
27	327
0	95
1	110
0	17
8	16
2	16
5	2
5	0
0	0
3	6
0	6
65	25
0	0
0	4
161	22
1	73
0	72
0	10
21	80
8	73
13	0
220	2
1	1
220	22
21	36
6	4
0	26
12	1
119	2
1	2
47	7
1	0
0	41
0	41
0	9
0	17
0	17
0	16
0	10
0	24
48	64
0	48
0	13
5	165
0	60
0	18
0	19
9	3
0	2
59	4
0	0
3	0
0	0
159	1
13	0
0	165
0	166
0	165
0	18
0	4
153	165
1	1
0	15
0	24
0	27
0	27
0	70
3	15
0	2
77	2
12	0
0	273
0	273
0	6
2	131
19	79
0	0
0	131
1	160
0	160
0	13
866	4
1	3
0	3
18	1
152	0
309	4
0	4
1	0
24	11
0	11
61	65
18	242
0	0
0	5
0	8
54	47
1	67
0	20
29	37
1	25
6	0
0	55
0	52
84	19
0	19
82	276
0	32
0	32
0	1
0	31
0	32
11	9
0	9
438	936
0	3
0	14
0	14
30	684
0	85
4	85
0	3
55	80
1	68
0	13
0	13
0	8
0	7
0	10
2	7
3	1
16	7
0	2
0	1
0	1
0	2
0	2
307	5
57	5
0	0
2	0
0	0
0	14
0	14
42	548
222	30
0	13
0	30
111	42
0	11
13	14
0	0
0	4
0	4
10	2
0	1
0	11
0	0
0	9
1	0
203	69
3	0
0	0
0	50
0	0
0	69
0	19
1	0
3	0
24	19
38	52
0	4
0	4
0	4
0	4
0	1
0	4
3	1
0	0
0	8
0	8
0	10
0	9
0	5
8	5
0	10
0	9
11	9
0	9
0	0
2	68
0	73
3	73
3	1
0	4
0	1
2	5
19	30
0	0
0	0
1	0
320	69
2	56
0	1
0	1
0	11
1	1
26	1
0	2
2	19
0	19
18	28
56	30
0	30
0	0
3	2
30	50
0	50
1	30
0	17
1	1
0	1
2	1
0	2
28	37
7	6
52	53
0	22
2	4
1	34
0	40
0	34
3	25
3	20
0	19
32	10
0	10
14	2
0	0
0	2
532	279
198	278
9	40
63	40
1	1
3	1
8	37
0	0
7	0
0	22
1	0
0	25
0	19
0	19
0	0
0	1
0	13
177	0
109	3
0	0
2	0
2	3
0	31
0	91
0	26
0	24
0	36
0	96
0	78
0	80
6	38
0	18
716	0
214	60
52	59
0	25
124	19
0	16
0	5
6	23
0	0
0	0
0	3
0	1
0	0
9	5
0	0
0	1
0	0
9	0
319	0
2	162
3	22
0	40
10	47
0	25
0	109
0	172
21	0
16	3
101	52
0	69
0	104
55	7
2	39
139	20
0	23
19	2
0	2
0	2
0	171
776	426
2	360
20	296
3	4
0	4
0	0
0	4
1	7
0	7
2	14
0	0
0	0
0	0
0	2
0	14
2	103
0	39
3	36
0	105
6	8
0	8
97	0
4	42
0	88
64	7
31	88
0	1
0	16
0	0
0	0
5	16
0	6
2	1
1	18
15	42
0	12
35	25
38	3
9	9
0	2
1	1
10	6
0	6
2	270
0	270
0	3
0	3
0	2
1	1
86	10
3	129
12	134
0	6
18	0
219	19
4	4
1	0
2	0
0	4
0	1
0	8
4	19
0	4
0	3
0	16
12	29
0	29
12	13
0	13
318	242
0	242
6	9
0	6
0	2
24	4
0	4
4	64
9	70
76	70
0	8
0	63
7	5
1	28
0	66
0	66
25	636
26	0
3	5
0	2
0	24
0	24
0	24
0	3
0	3
0	3
3	4
0	132
5	132
1	115
0	113
0	99
0	53
0	18
0	7
0	8
0	4
0	4
0	3
0	6
4	0
0	0
103	32
0	7
3	3
30	74
0	3
0	11
0	101
15	0
43	16
0	4
0	10
5	12
4	1
0	30
141	30
25	14
11	14
0	5
0	0
355	117
0	2
0	116
0	1
0	10
10	0
0	61
38	2
39	6
14	13
0	13
12	69
0	0
6	69
143	127
2	127
11	4
3	4
53	6
0	1
39	70
2	70
0	11
4	1
6	0
0	37
0	37
0	4
721	6
14	9
0	3
0	1
6	2
1	1
0	50
15	49
0	12
3	1
0	50
0	0
0	6
0	50
0	2
22	57
0	57
3	58
5	58
0	22
0	1
0	1
59	8
14	18
1	18
0	2
0	15
64	53
1	0
0	48
0	5
3	0
4	24
0	11
4	0
1	7
7	19
15	13
293	212
22	4
0	4
0	13
17	13
0	1
0	1
0	0
0	0
0	0
0	9
1	0
1	0
31	3
7	381
0	24
0	24
1	24
0	1
0	269
6	0
2	0
0	381
19	0
18	0
735	0
18	20
0	20
0	31
0	32
0	32
40	19
0	19
36	9
4	9
7	9
0	1
0	0
17	5
41	2
240	77
0	56
0	2
0	2
15	2
18	2
0	23
13	0
383	1
0	8
9	10
0	2
0	10
1	0
1	13
10	14
0	1
3	7
0	2
3	4
11	0
0	4
2	14
1	14
6	7
0	7
5	6
0	6
0	6
0	1
5	21
1	0
0	19
1	13
0	4
1	5
4	5
27	2
20	85
34	145
0	50
0	3
0	3
46	60
0	126
43	0
241	0
13	0
4	0
9	0
67	1
8	0
2	5
5	1
76	41
134	41
9	24
387	6
2	6
60	477
26	477
1	477
0	4
0	4
0	4
0	4
799	144
0	11
9	106
0	106
81	133
0	136
1	94
42	33
2	29
0	16
0	13
0	11
0	6
478	9
0	0
4	3
0	9
164	0
75	0
0	21
0	21
0	0
0	13
0	15
0	15
0	14
0	13
6	1
0	15
0	1
0	2
639	18
0	0
0	0
5	0
0	14
4	14
75	54
0	19
4	1
0	1
12	1
12	54
3	4
0	4
29	56
0	51
0	52
3	68
22	94
10	58
0	19
25	0
66	2
41	13
49	54
0	68
0	14
1	14
8	0
80	173
0	160
0	173
6	0
511	22
0	7
3	15
7	10
54	8
3	0
154	0
11	3
11	27
0	27
8	26
55	6
0	6
1	2
0	23
0	23
0	5
0	116
0	116
0	116
62	204
0	2
0	7
0	0
0	5
0	6
0	15
31	0
0	25
116	3
0	3
0	2
0	0
0	0
0	0
2	0
61	29
0	33
0	27
0	30
0	26
0	10
0	6
0	24
0	15
0	6
0	6
0	26
0	18
0	3
0	19
0	26
4	18
0	0
0	2
0	2
0	2
27	8
6	0
7	5
20	13
14	9
0	9
0	0
8	0
13	18
0	6
45	798
59	798
0	237
0	0
11	3
11	2
0	17
1	17
3	8
6	8
59	8
0	8
0	8
0	3
1	35
3	0
25	9
11	0
36	9
0	9
0	0
108	657
13	0
0	0
388	0
17	0
143	36
0	30
0	6
19	0
0	1
0	1
2	0
103	359
1	141
1610	328
119	218
18	72
0	106
0	85
30	65
11	24
48	50
0	143
0	0
172	0
8	197
33	25
0	2
14	2
0	2
0	23
3	44
10	74
0	35
0	71
4	99
6	0
0	39
18	75
1	0
40	0
6	0
0	24
0	18
0	12
0	40
0	17
160	65
0	11
0	17
0	8
0	15
0	6
0	12
0	10
0	11
0	9
1	16
0	16
0	5
5	27
0	25
0	25
0	25
0	24
0	7
0	20
0	7
7	18
0	0
114	2
125	149
173	119
0	7
2	12
0	12
0	12
2	1
0	634
0	657
26	83
0	37
0	42
0	71
17	45
0	19
0	13
0	1
0	6
2	0
0	4
6	0
0	1
14	18
0	7
0	7
194	743
0	699
0	42
0	259
0	258
2	258
0	56
31	2
0	44
0	2
0	2
1	0
4	41
3	0
0	1
0	15
16	2
0	1
0	1
0	0
0	1
2	1
0	0
1	1
0	1
2	1
22	10
0	10
0	11
2	3
0	10
0	2
2	10
0	0
517	1
3	1
0	2
2	26
2	0
3	42
0	42
43	40
0	1
3	1
16	1
0	23
0	23
0	22
0	0
0	1
0	20
38	46
0	1
4	2
12	29
14	6
0	108
96	133
0	167
52	126
2	93
1	132
27	1
66	153
25	187
0	48
45	445
102	279
1	279
0	174
57	2
0	2
0	3
68	182
23	168
42	43
0	13
0	13
0	1
1	1
2	23
0	23
0	1
0	1
0	71
136	4
0	93
0	91
0	0
0	72
59	0
1	64
14	0
0	104
0	66
0	104
103	0
455	35
43	39
7	2
117	1
117	83
0	1
94	75
0	1
11	40
2	13
0	1
0	2
68	0
0	0
5	3
0	3
0	3
0	0
11	58
0	0
24	17
107	11
0	13
0	56
11	5
4	0
0	5
2	1
131	6
0	1
8	0
0	0
8	17
0	17
0	120
0	0
0	50
0	154
0	1
3	23
0	23
0	11
0	89
0	91
0	91
0	17
10	0
86	59
0	54
8	2
11	27
7	3
0	3
157	0
0	0
1	0
1	6
2	6
1	0
0	0
63	46
0	25
0	3
0	5
30	188
18	189
0	236
0	12
12	23
0	10
0	52
35	7
0	45
0	57
0	57
0	49
12	3
0	47
0	39
0	34
0	13
3	3
41	1
0	9
0	3
2	2
10	1
4	90
3	0
0	0
1	25
0	25
0	11
6	3
2	24
11	13
3	114
0	113
39	13
0	1
154	18
0	10
46	32
7	32
49	32
0	1
30	13
4	13
0	695
0	695
19	2
0	2
62	9
5	1
24	1
15	88
0	79
2	77
0	1
0	0
4	0
0	0
0	18
1	22
1	22
26	17
0	19
0	19
6	0
0	88
46	32
8	86
0	68
0	73
0	76
0	69
0	4
0	32
1	32
0	8
2	6
0	622
37	11
0	25
1	622
2	13
77	35
2	26
0	28
10	25
0	12
2	4
0	0
0	1
33	1
0	0
18	1
854	270
0	270
1	0
0	0
0	0
6	0
9	0
1	0
0	2
9	1
0	2
2	3
2	0
75	1633
64	1633
0	71
0	71
72	24
632	0
25	5
7	5
43	45
5	40
21	153
0	16
0	20
17	7
0	4
1	137
0	177
1	177
2	2
19	26
0	26
181	196
0	189
27	2
0	182
0	207
0	207
11	60
0	12
434	163
2	7
78	1
1799	979
0	763
0	416
0	35
146	14
81	76
3536	641
14	4
0	4
7	30
0	27
5	5
0	19
1	2
1	2
0	10
0	9
633	189
0	2
0	0
8	143
0	71
0	2
0	2
7	0
5	0
18	64
6	64
1	35
0	21
0	22
0	9
1	1
0	2
0	7
0	6
3	13
0	13
93	50
1	43
11	19
49	50
20	31
0	3
3	13
0	18
0	14
1	6
0	6
56	7
4	4
5	0
343	0
35	39
0	39
0	0
0	9
0	9
98	3
60	5
61	25
0	0
0	0
1	3
0	1
6	2
15	50
14	52
5	26
0	11
4	0
79	354
0	344
11	6
12	5
0	7
0	8
6	8
0	5
50	10
0	0
1	10
0	125
0	0
0	24
0	0
1	0
0	125
32	5
0	5
0	3
8	2
39	2
23	3
0	3
0	1
19	0
0	0
4	0
0	0
1	3
0	3
0	6
4	6
0	2
2	0
0	0
0	5
4	5
0	5
4	5
256	194
3	5
0	5
0	8
1	20
0	0
13	5
95	1
0	6
42	114
0	31
0	71
65	71
5	0
3	0
0	12
0	12
0	8
5	3
9	6
9	1
11	5
0	1
1	5
0	0
1	0
0	0
0	0
4	40
0	40
33	344
0	3
41	120
0	25
1	61
0	25
0	24
1	0
0	25
0	24
17	118
0	64
46	41
0	39
58	10
0	10
0	9
0	2
2	0
5	81
26	107
0	82
24	70
0	97
0	3
0	1
0	1
0	2
0	4
0	3
0	3
0	2
0	1
0	23
0	34
1	26
0	26
4	0
10	12
6	2
0	21
0	21
0	0
0	0
0	18
0	14
50	198
0	198
457	4
82	0
0	1
156	2
0	0
17	0
41	378
42	242
214	230
16	245
7	23
0	23
5	9
5	198
19	146
0	156
0	61
0	12
0	10
0	6
0	10
4	2
24	2
0	11
78	0
68	24
2	2
22	34
0	34
3	3
9	28
0	28
0	527
2	527
0	23
0	17
2	10
10	9
0	27
0	27
1	25
0	0
12	22
23	15
1	109
1	109
0	5
283	0
27	54
0	65
0	65
0	7
0	31
6	13
0	3
0	1
0	3
1	1
42	284
51	192
148	88
0	80
4	56
0	126
0	47
0	90
44	28
11	28
1	5
5	6
0	6
0	3
114	10
0	10
89	60
3	53
7	43
0	7
0	1
1	8
3	8
0	7
11	6
4	1
3	10
0	5
338	22
1	123
5	124
140	89
0	89
3	77
0	60
0	12
124	21
18	22
8	21
14	159
2	15
2	13
0	2
0	3
0	0
1	0
0	0
356	383
343	269
91	374
2866	359
317	6
0	3
1	2
0	5
2	6
38	9
2	20
0	20
350	27
2	24
0	23
4	1
145	56
25	30
0	5
5	0
0	38
0	0
0	0
0	57
0	76
9	9
0	29
14	2
0	20
1	3
0	2
3	3
0	0
0	17
9	16
6	16
116	0
30	5
0	0
0	0
2	0
0	0
0	0
0	0
0	0
2	0
5	5
107	28
2	2
5	0
0	0
9	23
0	17
10	63
1	3
0	3
0	3
0	158
122	171
0	13
0	3
1	1
8	0
0	116
7	0
0	0
0	0
0	45
0	2
0	161
0	2
0	0
11	3
7	161
58	3
2	83
15	58
2	96
0	15
0	3
2	1
141	357
0	5
0	30
0	23
0	357
4	45
0	45
3	8
0	58
12	47
66	7
36	50
0	0
4	0
4	0
0	1
20	14
0	79
0	79
0	6
0	0
5	6
0	6
20	22
0	18
0	5
29	13
0	103
0	1
0	65
0	26
0	26
0	27
0	27
0	27
0	25
0	24
0	27
0	42
0	42
1	3
12	20
17	5
51	11
0	7
11	12
0	9
0	6
11	5
0	4
4	40
0	61
0	61
20	41
0	18
3	17
13	18
0	87
27	0
38	661
10	669
4	3
0	0
0	0
0	0
31	62
36	0
0	8
0	0
0	2
6	0
0	54
205	51
0	51
1	2
0	30
0	30
0	2
0	2
0	5
1	3
7	0
446	31
0	27
0	1
61	4
0	1
0	1
8	4
0	0
0	0
0	0
0	0
2	0
11	1
0	1
13	0
7	2
1	2
0	2
0	2
70	0
0	0
0	27
0	2
1	4
1	4
0	0
0	1
19	0
0	319
0	2
1	11
0	20
29	332
5	89
0	0
0	89
25	78
2	29
0	2
35	0
0	1
0	0
0	1
0	0
2	0
242	19
0	19
1	3
1	2
24	1
0	20
0	3
0	3
0	0
0	22
0	22
46	46
5	46
0	14
0	1
0	0
1	0
32	1
378	30
7	1
2	0
3	0
0	3
11	2
14	4
0	16
0	4
0	2
6	1
0	2
0	30
0	45
0	1
4	11
0	5
1	1
0	50
0	1
7	21
62	105
25	80
0	4
7	0
1545	968
13	917
7	949
0	29
0	776
0	949
0	235
0	67
0	75
0	66
0	65
0	67
37	76
6	5
0	2
0	1
961	67
17	141
26	52
1	92
373	450
0	450
0	138
0	104
0	119
0	41
0	109
0	60
0	11
36	13
15	1
21	74
2	184
9	213
38	37
14	99
0	98
0	82
0	59
0	60
0	52
0	21
0	15
1	1
0	10
5	0
7	9
0	6
0	0
0	13
0	9
52	117
1853	146
0	41
15	0
0	45
3	16
27	0
2	10
15	19
16	82
0	87
0	18
0	18
336	0
16	45
0	62
0	62
0	28
0	28
1	3
0	0
0	0
4	25
7	17
6	3
1	1
4	36
4	28
0	13
0	1
1	1
7	0
0	0
0	0
1	11
0	0
328	120
0	60
17	26
0	1
0	3
37	0
0	0
81	16
0	9
0	7
15	0
152	29
31	26
168	334
22	68
0	93
1	11
40	11
0	95
0	231
0	24
6	15
11	9
0	171
0	1
0	10
11	9
0	70
0	59
82	1
0	1
0	1
6	59
11	66
0	65
25	59
9	93
0	58
0	84
0	44
15	80
3	36
0	59
0	42
2	56
0	1
0	7
32	32
1	0
24	80
0	79
1	23
0	18
0	18
0	0
14	14
1	6
67	2
0	0
22	19
0	19
2	9
2	0
1	30
86	47
0	36
10	13
6	13
7	0
0	6
62	40
0	1
1	35
8	0
1	0
20	172
61	51
0	51
79	65
0	2
55	452
0	453
0	402
0	2
0	8
2	1
212	93
83	458
0	71
134	47
0	47
1	0
0	0
0	20
0	6
0	6
423	100
0	99
93	86
0	57
0	45
0	61
0	22
36	178
0	184
11	14
0	14
0	14
0	58
0	7
0	76
0	76
11	76
0	76
0	59
0	69
0	0
0	8
3	2
0	29
0	61
25	24
0	63
3	16
7	16
0	22
67	0
0	3
134	123
27	119
0	22
0	19
4	19
0	11
174	387
11	79
0	387
22	50
0	1
56	0
18	2
7	11
26	41
2	10
0	425
0	426
0	21
0	20
0	416
0	426
59	420
0	14
0	17
0	15
0	11
4	13
1	1
1	0
0	0
0	426
29	36
8	71
3	3
0	3
0	0
101	0
6	0
5	1
0	0
0	39
1	22
0	33
0	0
2	1
0	8
4	0
178	0
1	7
0	7
0	4
5	7
0	245
209	245
78	10
7	5
31	2
452	2
172	34
0	12
0	17
0	34
3	14
1	14
0	15
0	22
7	22
0	15
276	0
0	38
1	322
0	1
0	10
0	289
118	15
11	15
14	0
1	0
3	0
6	3
0	0
0	0
106	71
0	57
0	48
85	103
0	103
0	63
0	65
3	1
13	3
81	3
0	83
0	83
10	83
68	0
0	0
179	27
0	14
0	0
3	0
2	0
0	14
0	17
0	5
0	17
0	3
0	5
0	12
10	18
0	7
4	0
0	14
0	7
0	5
0	7
0	3
0	3
1	316
0	316
0	0
0	63
0	56
44	44
2	19
0	44
15	19
0	8
0	3
0	4
0	3
0	5
0	4
0	3
0	3
0	6
2	6
0	14
0	18
0	3
0	62
0	61
0	10
0	4
0	3
6	0
38	13
0	13
0	0
97	110
0	95
0	87
7	101
0	48
45	21
2	27
0	145
0	145
0	50
8	13
0	13
0	1
1	10
0	10
1	1
0	1
6	1
0	4
0	4
0	102
0	11
0	2
0	102
2	20
27	23
0	2
1	15
29	0
5	79
0	16
16	16
0	2
8	12
0	14
0	1
5	42
2	65
21	26
10	32
0	44
0	5
0	13
0	0
0	3
0	65
450	0
0	25
0	26
0	26
2	12
0	5
19	229
0	58
0	37
66	33
0	37
1	7
0	2
11	13
22	195
12	22
0	22
7	17
0	17
0	0
1	165
0	165
0	147
0	22
8	0
14	5
0	4
2	52
0	56
0	56
0	52
2	48
5	31
3	59
41	11
22	4
0	14
0	17
16	15
26	14
61	1
10	6
0	4
5	8
0	0
348	15
20	17
16	15
3	3
0	42
0	42
0	42
0	2
0	40
40	40
1	284
4	35
1	0
0	4
21	50
0	285
0	285
6	8
0	9
0	3
0	0
0	2
0	3
17	35
0	33
0	40
0	40
0	11
2	64
0	55
63	64
19	36
64	54
0	181
0	185
76	39
0	0
2	13
13	4
33	4
0	185
0	1
1	0
1	8
0	8
0	8
0	6
0	8
0	2
0	4
0	4
0	3
107	43
9	34
0	38
0	9
0	9
0	0
0	0
0	1
5	1
449	86
1	86
0	4
0	0
0	81
0	45
0	78
0	81
0	78
0	42
0	78
0	42
0	6
314	106
4	53
9	51
99	30
809	167
679	0
6	167
0	57
0	83
9	108
0	94
0	92
0	0
0	5
0	2
0	106
0	0
0	43
0	0
0	92
46	95
0	81
0	9
0	9
0	20
0	20
54	24
1	24
0	22
131	32
0	16
0	21
4	12
0	17
0	1
13	32
0	19
0	30
2	28
0	4
0	1948
0	1947
0	1396
54	0
0	6
417	6
0	5
0	5
0	5
0	1936
1	1935
67	5
87	328
0	1947
10	1964
0	16
0	16
5	14
3	2
5	5
1	14
41	14
0	23
4	3
0	7
0	0
0	23
30	19
0	14
7	2
4	2
0	0
20	2
30	21
144	20
0	1
8	170
65	170
0	104
0	28
0	20
0	17
0	19
0	23
0	19
0	17
0	17
0	0
0	11
8	11
32	1
0	0
27	17
0	17
268	38
4	13
0	23
0	19
2	0
0	0
2	0
15	5
18	7
0	13
0	88
0	88
0	1
171	286
3	178
176	134
0	90
0	74
0	2
21	48
5	19
176	8
1	8
6	18
0	18
2	9
99	155
0	88
0	150
12	2
149	844
0	150
0	60
0	734
0	16
0	16
0	2
12	9
0	9
5	3
2	1
1	1
43	0
46	3
3	2
1	14
1	2
0	13
0	0
30	15
0	3
3	21
0	21
0	3
0	3
0	3
0	0
0	4
1	20
0	2
5	4
0	48
0	48
0	13
0	46
0	16
0	43
0	15
30	16
0	11
0	33
0	46
0	3
0	67
0	64
0	1
0	0
0	0
0	3
0	12
0	0
77	1
67	13
0	1
0	0
2	0
0	42
0	4
0	6
4	6
85	6
0	6
80	114
0	113
0	6
0	1
0	46
4	48
0	48
14	46
0	0
3	0
0	8
0	1
33	20
0	0
0	8
0	0
0	0
0	11
0	1
0	0
19	14
35	3
0	0
1	0
3	75
0	74
0	75
0	75
67	1
0	1
0	2
0	2
191	0
27	25
0	10
0	4
0	1
1	5
0	78
4	83
0	11
0	2
0	0
1	0
0	3
1	5
0	2
0	1
0	19
2	0
0	1
1	1
0	17
1	1
13	13
0	12
50	124
0	124
5	40
0	44
0	59
0	5
1	0
5	102
21	98
0	14
0	17
26	3
4	2
46	9
0	9
0	1
2	6
0	4
0	2
0	11
3	23
0	18
0	13
0	2
0	5
0	5
8	67
0	14
8	0
0	53
18	0
4	43
0	43
0	2
0	240
0	240
0	122
0	90
22	91
0	2
5	30
9	35
39	35
1	28
0	35
0	5
0	11
0	11
0	5
18	6
1	1
0	0
16	6
2	4
34	19
0	18
0	2
0	7
0	7
0	7
8	0
36	140
74	152
0	18
2	0
0	2
1	0
10	26
0	26
24	26
2	1
10	1
0	437
0	436
0	434
0	433
0	5
59	129
954	112
0	129
0	111
637	94
56	97
0	1
0	1
0	5
0	94
130	20
179	89
0	7
9	0
1	0
15	258
0	258
37	4
25	1
1	4
0	2
1	0
3	27
0	26
0	6
0	16
0	16
6	13
0	13
0	13
0	15
1	3
0	3
3	65
0	27
38	61
0	9
18	29
39	25
0	3
57	46
14	46
11	2
2	2
39	69
5	84
0	84
1	52
0	54
0	22
5	0
0	0
0	4
1	6
114	542
11	23
0	1
0	22
0	4
0	1
0	5
4	0
317	535
48	878
10	878
0	73
0	73
0	105
0	105
0	115
34	115
0	115
0	44
18	47
0	0
3	42
0	10
0	0
5	14
0	10
0	42
1	0
0	73
0	60
0	6
0	64
35	59
0	1
0	4
2	32
8	26
4	8
0	3
0	22
0	10
14	8
2	11
0	5
0	39
0	40
0	41
0	41
28	40
0	40
17	0
5	0
17	2
0	0
7	0
889	85
0	29
14	60
5	72
95	70
276	321
5	48
0	268
17	263
10	145
11	1
0	134
0	17
19	0
29	0
0	2
0	106
0	2
14	2
0	81
0	9
170	16
0	4
3	0
41	20
0	44
24	52
54	54
11	59
0	54
3	5
1	1
4	0
9	0
0	0
1	0
8	0
0	0
1	0
0	0
0	0
0	11
0	4
0	11
2	12
5	1
0	5
0	11
0	10
1	5
0	4
0	5
0	3
0	0
0	1
36	0
66	3
2	0
50	103
0	84
0	77
0	4
0	2
0	2
0	3
51	22
10	105
0	74
3	93
10	42
20	14
0	16
0	14
0	4
0	2
0	14
3	1
0	1
0	1
19	12
0	12
0	33
0	30
0	31
0	32
0	126
0	16
0	10
0	9
0	99
0	6
4	71
0	5
1	5
0	4
0	0
0	2
0	4
14	34
0	4
15	67
36	64
0	13
0	13
0	9
0	4
3	0
0	0
0	13
0	13
131	54
18	42
0	5
12	2
639	0
0	38
0	12
0	1
0	38
1	12
0	12
192	0
0	62
0	112
136	29
0	11
0	1
0	0
3	2
61	17
25	67
3	1
15	22
2	21
12	10
1	1
2	6
0	6
347	3
0	3
28	0
3	125
0	133
14	56
0	39
0	48
0	24
2	47
0	43
0	31
878	146
34	146
0	56
12	70
0	56
0	20
12	6
0	5
3	3
0	1
0	2
0	1
2	13
2	0
2	1
4	1
12	3
35	11
0	10
282	795
0	23
0	268
16	0
0	129
14	9
0	1
0	1
0	8
1	85
31	85
0	38
0	7
1	0
0	19
0	25
0	12
3	1
0	28
0	28
0	14
0	3
5	2
24	10
0	3
3	0
0	0
339	7
0	1
12	0
0	1
20	12
0	5
0	5
20	1
0	12
134	11
1	0
1	0
2	11
99	111
0	55
0	97
181	44
0	44
69	22
0	12
0	45
15	112
34	94
32	95
0	29
0	33
35	69
1	15
1	5
4	0
0	12
28	12
0	5
2	6
0	0
0	11
249	1413
4	246
22	89
2	28
0	11
211	63
0	63
0	0
209	13
0	479
0	479
0	440
0	92
492	167
0	107
7	0
0	42
0	0
192	1
0	73
0	0
0	0
0	0
0	0
0	73
2	8
0	77
0	77
0	67
0	77
0	59
0	2
0	0
6	2
0	1
90	132
0	143
2	135
0	0
3	1
3	0
1	262
49	262
6	2
0	12
27	14
0	8
0	30
0	30
0	30
17	5
16	13
80	7
0	6
5	0
1	0
14	0
0	1
102	28
1	24
0	8
0	60
1	1
0	62
5	2
18	12
0	2
2	0
71	1
8	31
0	2
31	2
1	2
56	13
0	3
0	3
64	24
6	3
6	21
18	7
503	81
0	25
0	81
29	23
0	23
0	0
5	0
11	0
47	6
12	11
0	19
0	0
1	49
1	20
17	19
0	18
0	18
0	18
9	1
7	19
0	19
763	525
0	523
0	14
546	401
0	106
0	126
17	32
22	34
0	165
40	177
19	148
0	28
0	0
18	5
2	4
0	140
0	8
8	309
0	4
0	8
0	6
1	110
0	106
0	4
12	1
0	0
21	0
127	37
0	34
5	23
0	27
0	16
42	1
1	1
39	62
0	71
0	33
468	31
0	211
0	339
0	181
0	197
0	169
42	2
0	16
0	93
0	194
0	194
15	91
0	0
1	52
5	122
49	24
0	23
0	19
0	20
11	20
0	0
1	1
0	1
20	1
1	1
0	1
0	1
1	1
0	26
0	9
0	24
0	3
12	18
0	32
0	2
0	6
0	1
0	0
2	27
0	4
48	251
0	2
0	249
0	0
21	152
8	152
0	18
0	21
6	499
758	369
0	23
0	0
0	2
0	29
0	9
0	8
0	8
0	168
1	98
0	98
0	4
24	3
11	3
0	0
0	1
0	0
0	26
21	70
0	0
0	0
13	29
0	29
0	14
0	15
0	1
2	4
0	80
0	99
0	61
3	77
0	76
0	76
0	19
167	1
1	1
0	323
39	283
0	110
195	395
35	141
0	259
0	302
0	78
0	70
0	355
0	4
85	42
1	5
0	5
0	5
521	16
19	10
61	3
1	7
0	20
0	12
0	5
9	4
19	8
0	9
0	4
7	4
199	311
0	311
0	3
0	104
0	104
0	12
0	31
1	8
8	5
7	48
0	20
0	18
16	6
0	2
0	4
0	4
9	0
29	0
88	5
1	5
0	2
5	0
1	0
25	7
0	5
0	5
0	65
2	6
0	65
2	18
20	12
0	11
252	10
0	10
17	5
0	5
0	3
0	2
6	72
1	0
10	4
0	4
263	42
435	14
6	23
11	14
0	14
34	29
0	27
23	0
8	20
13	0
43	7
0	3
115	3
0	1
1	1
5	557
0	563
0	4
0	563
0	38
57	44
55	41
3	34
1	36
0	23
0	2
46	0
0	18
0	18
1	10
43	18
83	18
10	70
0	70
12	63
0	19
0	45
2	1
3	1
79	7
12	7
12	0
0	128
0	131
0	131
0	4
72	8
0	4
0	5
0	5
0	1
5	5
1019	0
103	168
13	23
72	55
0	4
169	145
6	0
147	2
0	14
2	4
29	4
0	9
0	9
0	2
0	14
0	16
5	19
0	19
155	0
67	0
118	47
0	2
32	147
0	156
0	91
0	128
0	128
44	128
24	110
0	0
8	21
3	18
0	1
1	1
4	242
0	329
3	1
0	0
0	1
16	0
7	1
5	3
14	300
22	488
179	7
0	0
20	0
0	15
0	20
0	12
0	12
0	12
0	7
0	2
1	0
0	2
24	2
8	7
0	0
0	4
0	4
0	10
0	2
0	2
0	10
0	2
0	2
0	2
0	2
0	2
0	1
0	12
2	13
0	13
0	10
9	116
0	0
0	1
0	103
36	2
3	2
3	0
3	1
0	0
0	82
0	102
3	52
0	76
0	57
0	78
0	69
0	86
2	28
72	23
0	15
1	0
13	1
0	0
0	2
8	7
6	0
99	13
51	53
0	39
0	16
1	17
0	19
4	12
2	1
3	2
0	2
215	252
1	2
5	234
0	8
0	29
0	15
11	14
0	1
0	3
1	29
13	0
18	73
220	68
0	1
3	5
3	283
0	295
0	289
21	297
86	1
0	15
0	2
0	8
0	0
1	8
0	0
0	0
212	1
106	4
36	4
0	4
9	34
528	397
127	26
266	26
0	365
186	116
1	52
0	33
1	1
224	24
0	27
0	27
91	5
4	5
0	0
0	0
329	102
3	102
9	56
1	12
0	11
0	3
4	0
0	12
22	21
81	56
0	3
0	8
9	3
28	48
0	0
0	0
6	4
0	2
1	2
0	0
29	55
0	0
0	10
1	0
26	15
0	9
24	0
0	0
0	0
0	0
0	2
0	2
0	0
105	61
0	30
6	44
0	41
0	1
0	29
0	1
1	1
0	3
0	3
0	3
0	5
13	12
0	12
2	0
0	1
16	3
0	5
31	150
0	132
0	132
0	142
0	142
0	784
9	116
25	112
16	771
6	770
71	0
196	53
7	8
0	2
0	45
1	0
0	16
0	16
0	16
154	1
0	0
0	0
193	496
141	496
0	116
0	136
0	116
41	115
0	45
67	115
0	21
25	2
0	13
0	72
0	75
0	39
0	12
9	41
0	5
5	36
61	17
0	17
10	12
38	95
0	74
0	2
15	186
0	205
14	0
1	0
51	2
173	41
0	40
4	7
2	3
2	0
0	1
0	0
0	0
0	3
0	0
0	3
0	1
11	0
34	90
0	90
0	3
5	12
29	35
0	3
512	22
1376	22
11	0
76	56
0	25
0	34
0	1
46	19
24	1
0	19
52	19
21	19
17	111
0	16
10	101
27	15
73	9
7	4
0	4
36	595
15	561
0	364
0	8
0	8
12	4
0	36
0	36
10	0
70	260
0	41
0	232
0	215
49	19
1	19
80	53
14	9
44	4
1	4
31	164
0	164
25	33
0	33
20	219
95	5
0	0
61	62
144	0
0	0
0	0
15	74
14	12
5	12
0	38
0	10
9	0
0	0
3	0
0	28
0	27
0	19
47	19
34	19
0	3
0	7
2	2
34	59
0	32
20	54
47	48
66	48
0	59
15	28
6	375
3	1
4	0
124	141
0	74
61	8
0	6
28	0
8	0
0	45
0	12
2	12
0	34
0	32
7	32
0	12
0	2
44	0
0	6
0	6
0	16
1	17
0	13
0	8
5	1
0	9
4	16
0	27
0	6
2	20
0	27
0	32
0	33
55	33
0	5
0	6
0	18
1	0
0	1
33	65
22	134
0	132
0	134
0	45
0	103
6	79
0	60
0	54
1	61
0	52
0	42
0	7
0	7
2	0
0	3
0	0
0	6
0	5
3	1
1	1
3	104
9	0
165	0
36	12
0	6
5	5
1	1
0	1
1	0
25	2
4	3
24	6
0	6
0	6
0	3
0	3
0	0
159	28
14	0
2	38
1	34
0	26
0	23
0	11
0	17
0	21
0	0
0	17
10	0
0	0
0	17
0	3
0	2
2	2
65	2
10	1
4	1
5	0
0	179
0	58
11	42
2	160
0	119
0	29
0	9
0	29
4	0
0	294
0	294
16	0
206	0
0	69
0	69
0	369
0	369
61	227
0	227
0	1
0	0
0	1
0	0
0	0
31	1
0	0
0	1
164	28
0	1
7	27
0	42
0	1
2	43
41	21
0	21
72	22
1	0
199	145
23	177
0	44
6	21
16	5
1	1
0	4
0	4
0	4
6	21
0	26
0	26
2	0
0	1
1	0
0	24
0	14
0	0
1	0
0	0
0	46
8	6
0	40
2	28
4	28
56	17
0	13
0	21
38	40
0	17
12	25
0	3
54	1
0	1
20	0
0	0
1	2
1	1
196	738
4	731
1	0
0	7
101	86
6	4
0	86
0	1
13	3
66	51
0	51
382	90
71	39
42	1
0	11
0	21
6	67
0	9
3	55
0	1
13	54
5	210
0	0
0	2
116	321
0	111
144	161
169	306
0	124
251	233
7	0
0	3
0	3
0	55
0	60
0	147
0	113
0	100
27	101
74	65
0	87
7	90
15	0
67	194
258	194
9	9
0	128
2	36
0	36
0	10
0	63
11	187
0	5
5	326
12	315
0	313
6	137
0	152
95	539
0	539
0	0
5	7
1	1
0	20
0	26
0	26
5	13
0	2
0	1
7	3
0	3
0	6
0	6
0	1
12	20
1	23
0	3
0	23
34	32
9	0
0	1
0	74
0	74
0	4
48	12
0	12
1	0
0	7
0	6
0	0
42	482
3	0
0	0
5	0
0	0
3	43
0	43
1	0
132	101
0	101
17	1
1	0
30	67
13	1
22	127
0	1
7	7
60	63
3	67
17	71
17	0
0	0
4	42
0	6
0	3
0	3
349	0
26	5
30	0
0	0
1	0
0	0
0	2
0	2
11	8
0	2
0	2
0	0
0	6
4	30
7	22
0	0
266	1
0	47
11	47
0	24
1	44
6	28
3	10
0	18
0	864
0	5
0	4
0	3
1	8
181	12
0	12
1	12
0	9
0	1
0	0
0	864
2	0
2	24
0	23
21	32
0	32
15	6
0	2
2	25
4	2
1	26
0	25
0	10
0	10
13	10
0	13
1	0
0	0
10	0
11	29
0	8
0	8
9	15
0	2
0	15
90	0
288	37
0	37
0	20
0	8
0	26
0	26
34	14
12	14
0	24
0	32
0	32
0	6
2	51
89	32
0	20
0	20
2	7
7	18
15	15
10	0
173	90
0	89
11	6
232	136
23	181
78	128
0	118
0	3
36	0
0	44
0	59
18	107
1	0
185	50
160	55
0	19
0	5
0	1
181	1
0	11
6	10
1	10
20	15
3	3
2	1
0	8
0	37
0	37
0	35
21	41
6	26
2	47
0	93
0	4
3	1
0	2
4	1
6	1
0	0
1	1
9	8
4	13
0	7
1	0
0	2
1	100
2	7
0	7
46	141
0	141
0	92
0	37
18	10
61	12
60	12
1	1
1	1
0	2
0	2
253	228
0	230
12	7
0	0
0	15
2	15
51	15
0	7
3	4
0	0
0	2
0	0
22	0
0	4
16	126
0	88
0	78
25	3
0	0
0	9
45	4
12	4
1	1
0	1
74	44
402	44
76	56
0	49
185	76
0	25
2	8
15	5
65	65
1	1
0	10
0	0
186	4
0	9
0	9
14	98
3	19
67	81
0	0
0	5
1	0
0	26
0	0
0	0
37	145
16	94
0	2
2	1
14	3
28	1
0	0
1	2
0	1
0	0
0	1
2	1
0	1
0	13
0	13
0	89
25	179
0	10
0	8
0	89
0	179
14	0
0	291
47	297
0	9
0	0
7	0
0	0
26	4
1	93
0	93
0	0
0	9
3	18
0	18
2	1
1	0
0	1
0	1
84	38
176	41
23	16
8	13
21	3
2	3
1	54
0	2
0	2
0	2
0	2
0	2
0	2
0	2
1	0
0	2
0	2
0	0
0	1
0	1
0	1
0	1
0	1
0	1
0	1
0	1
0	1
0	1
5	1
0	2
0	2
0	2
0	2
0	2
2	39
3	18
0	0
1	0
2	0
0	0
0	3
0	3
0	6
0	0
0	3
0	39
8	0
10	0
0	89
0	89
0	6
0	2
8	12
0	1
0	1
0	6
0	6
0	11
0	11
0	11
0	6
28	0
54	13
12	60
0	0
0	1
0	1
1	49
3	47
14	11
9	1
0	1
0	0
0	0
0	0
0	0
3	0
0	48
97	0
0	49
0	292
53	374
43	312
0	184
0	62
0	23
35	26
0	17
0	0
0	0
4	0
3	7
0	7
97	0
29	12
0	12
0	10
0	10
3	24
0	9
0	8
0	18
8	44
0	6
0	8
10	16
0	23
0	55
0	19
48	16
0	51
0	18
0	0
0	51
0	8
0	8
1	3
0	1
0	0
0	1
0	1
0	2
1	26
0	83
27	74
0	2
0	2
0	0
20	158
473	29
0	50
55	104
11	104
22	100
7	112
0	112
37	66
11	0
58	10
5	10
6	38
0	178
0	178
0	1052
0	950
1863	152
0	37
45	912
0	950
0	0
0	9
0	9
0	52
0	25
51	67
80	586
2	1
23	28
25	62
4	26
132	59
0	2
23	66
0	106
23	22
0	26
23	16
0	3
9	17
0	118
154	79
3	76
0	87
25	23
0	1
0	4
33	0
34	0
0	0
0	11
0	0
37	15
0	59
1	69
0	0
7	1
0	9
2	0
16	21
18	7
0	7
369	11
151	0
115	11
88	0
0	63
0	49
13	62
4	50
0	62
0	69
0	78
272	71
0	71
7	0
0	71
0	17
3	17
33	8
0	7
1	23
1	17
0	22
0	17
0	17
11	9
0	9
5	0
72	0
0	0
4	2
5	0
0	9
0	11
0	4
597	18
0	0
0	0
0	0
101	0
6	24
0	1
1	0
13	23
0	0
1	0
2	2
4	12
0	233
67	233
6	2
15	1
18	139
0	4
0	1
3	0
7	0
206	0
12	32
0	32
0	1
68	7
0	7
0	5
0	1
15	1
1	0
0	1
132	10
41	10
66	534
17	1
3	1
2	0
6	5
0	3
5	3
0	0
44	0
0	0
0	0
0	0
0	3
0	1
0	10
119	65
7	5
0	7
0	24
55	1
0	1
2	56
0	10
316	35
0	35
0	1
2	11
4	0
0	0
59	20
13	17
4	17
0	0
0	15
10	153
62	27
0	160
5	6
2	6
83	135
16	139
0	1
0	3
24	40
0	40
14	0
8	36
0	36
1	36
0	0
0	0
0	57
0	37
0	10
156	57
0	1
0	3
0	61
10	0
4	8
145	2
20	1
1	3
0	1
0	3
24	0
2	1
40	81
0	80
1	0
61	511
0	386
79	503
0	38
32	0
310	62
0	0
0	0
12	30
2	0
0	62
0	57
1	57
0	48
37	73
2	44
12	29
93	28
0	61
0	19
0	16
17	39
18	2
0	3
0	4
0	61
0	61
8	151
0	12
0	161
0	138
0	16
1	6
1	8
1	11
0	90
12	59
0	31
0	0
7	0
0	51
18	12
0	49
4	51
0	2
1	41
17	30
7	30
5	29
0	27
0	25
79	17
0	17
2	17
2	17
0	63
0	63
1	2
2	1
0	1
0	1
16	148
0	100
0	100
0	123
45	49
0	15
35	3
0	3
0	183
0	183
0	10
0	9
44	8
11	0
38	6
0	6
8	44
14	34
20	34
0	2
0	2
109	148
26	17
2	3
5	3
35	3
0	0
0	9
1	20
0	9
214	35
0	13
37	19
0	17
0	1
0	2
59	17
1	17
4	0
0	0
0	0
0	3
0	2
0	0
0	3
0	2
1	6
4	4
113	11
0	11
0	71
0	84
38	32
2	30
91	0
1	2
0	48
0	37
16	3
13	113
49	113
0	15
0	7
0	9
1	0
0	15
292	31
1	31
16	23
1	5
3	5
0	1
93	4
0	2
0	1
0	1
0	1
0	0
0	0
1	0
1	2
0	0
5	2
0	11
0	13
1	4
0	4
1	4
0	1
9	5
0	12
53	15
0	15
7	2
5	0
0	15
15	56
0	1
9	2
0	15
0	10
0	10
7	2
1	2
2	0
0	46
0	46
8	14
0	122
0	122
278	110
1	22
0	29
0	14
2	12
39	55
50	55
0	4
14	4
14	7
0	3
10	98
9	1
0	64
246	0
0	10
6	10
0	10
0	46
9	4
4	33
0	4
14	62
0	71
81	58
0	46
0	16
0	10
1	25
0	25
0	10
3	3
0	3
0	106
4	106
0	11
5	63
0	63
27	10
0	46
1	0
0	73
0	130
44	131
0	10
0	36
0	36
9	32
1	5
0	5
0	7
0	1
1	7
0	8
2	192
139	192
6	151
0	0
44	0
0	0
12	116
0	137
25	29
0	28
266	31
0	23
8	3
0	3
0	25
11	25
143	38
0	6
0	39
0	34
0	1
1685	156
0	156
2	0
0	85
0	85
0	2
73	38
1	0
0	5
0	38
0	2
0	9
0	9
7	2
1	0
34	24
1	24
133	16
1	8
0	0
0	0
0	8
1	2
0	2
1	0
8	2
0	13
0	13
29	8
41	13
118	20
15	15
1	19
0	5
0	5
346	65
49	73
11	79
0	47
6	35
125	17
0	2
0	17
0	1
0	12
3	1
0	12
0	4
31	113
0	89
2	52
0	76
0	31
0	14
10	2
0	3
18	5
223	118
0	118
0	65
19	21
13	5
13	162
386	335
0	333
0	297
937	195
0	16
26	0
0	58
0	58
0	58
0	10
10	104
0	104
0	62
0	60
0	10
0	4
168	59
0	59
2	42
0	198
0	209
30	155
0	69
19	17
0	17
2	3
0	0
0	198
444	152
0	39
5	0
8	1
0	1
147	39
1	4
0	4
0	134
0	134
0	23
2	81
0	5
0	5
4	5
0	4
223	148
519	148
0	3
0	72
0	72
0	13
0	53
0	12
57	30
0	24
0	1
0	5
0	12
0	41
111	92
0	48
0	23
0	51
0	20
0	79
0	19
0	5
0	60
8	31
0	2
0	57
0	8
0	8
1	7
0	1
6	22
0	21
9	220
0	45
0	27
0	27
40	278
15	254
37	66
0	66
0	15
1	2
0	50
0	1
0	2
2	1
55	0
2	5
0	9
11	21
3	1
0	1
0	1
62	21
89	64
0	32
2	60
17	69
0	93
20	107
2	107
11	85
6	11
35	8
0	1
1	1
0	1
0	2
456	511
0	539
0	546
4	54
0	54
17	13
0	13
6	0
9	52
0	1
0	11
0	50
0	0
13	13
0	13
17	8
0	8
0	20
0	94
0	89
0	56
0	131
0	89
26	0
0	5
19	165
0	158
433	44
0	11
0	10
0	26
0	39
0	26
297	39
0	0
0	0
151	0
0	5
0	5
0	1496
7	1496
0	36
0	8
0	8
0	4
0	3
32	33
2	26
0	0
20	47
0	8
257	17
0	3
0	3
0	12
2	94
0	1
0	3
8	93
49	23
194	19
5	0
0	21
0	21
0	21
12	12
291	12
0	3
42	7
420	0
88	0
6	117
7	0
314	457
0	94
0	13
4	442
0	438
0	0
1	12
42	56
6	40
0	31
3	90
16	52
1	31
0	0
9	12
0	7
2	13
0	4
1	4
0	2
1	0
9	19
0	19
0	49
0	49
0	41
0	25
77	62
13	62
0	55
0	0
13	75
0	32
38	75
0	27
0	0
0	0
0	4
3	13
24	16
0	4
0	2
1	6
4	12
5	13
54	5
0	5
3	2
0	4
0	5
3	2
0	0
17	3
540	0
34	28
57	136
72	36
1	6
105	224
0	107
5	37
1	22
0	5
0	6
0	0
1	0
0	0
11	181
11	154
0	187
327	115
24	0
2	0
24	3
0	2
0	36
0	2
8	1
9	1
10	5
0	1
6	5
0	9
6	118
478	86
203	51
0	117
0	0
0	6
5	4
0	4
8	8
0	2
69	30
0	68
0	66
0	691
0	689
0	30
0	30
0	1
1	10
0	1
0	37
0	64
10	30
37	35
0	35
3	1
0	0
0	1
0	26
0	25
0	5
0	1
1	14
0	9
10	11
5	1
0	1
0	39
140	155
14	155
15	1
7	173
0	157
0	157
0	157
0	17
0	173
0	1
25	1
74	176
272	176
0	9
0	9
0	10
0	178
0	113
0	142
0	236
203	134
0	135
0	199
0	24
497	7
0	46
42	35
11	102
0	199
0	139
0	193
6	251
58	251
53	61
53	3
0	3
0	1
9	0
401	209
0	38
611	146
2	11
0	10
0	71
0	24
20	52
132	84
168	0
0	6
0	15
0	8
0	7
0	7
0	15
0	15
0	6
0	9
0	15
0	1
0	0
0	2
0	2
2	1
0	9
0	9
0	0
0	0
16	12
0	9
0	0
0	0
0	3
0	10
0	28
8	27
0	5
6	18
0	2
9	12
1	1
71	36
38	26
66	235
51	235
1	193
0	26
10	26
20	26
2	26
20	11
0	11
586	72
0	2
0	3
0	16
1	66
2	1
66	118
372	118
0	0
1	0
0	2
63	475
0	10
1	18
13	4
0	62
0	2
9	12
11	0
0	0
14	470
127	190
0	120
0	129
0	82
18	1
123	3
347	28
0	2
0	2
167	26
0	15
0	2
87	25
68	35
0	35
2	1
168	399
0	399
9	2
30	54
142	54
61	4
0	50
32	47
6	1
33	0
1	4
0	4
1	4
4	2
0	2
87	20
0	25
0	7
1	1
0	2
0	1
4	6
17	0
46	171
15	168
0	181
0	181
180	168
0	1
2	8
0	0
2	1
5	6
0	136
0	136
20	24
2	2
1	3
0	3
0	3
0	20
12	20
6	75
0	19
25	192
0	63
0	50
2	6
1	0
1	1
0	6
38	6
29	15
0	10
3	1
10	0
3	0
0	150
0	15
0	94
0	150
7	0
1037	2
0	2
0	1
9	1
1	1
1	0
1	46
0	46
0	46
0	38
0	21
8	4
14	31
0	31
6	3
0	1
0	23
13	89
90	55
13	0
4	0
0	7
34	0
0	12
0	12
3	0
0	26
0	29
0	4
0	3
0	1
10	0
0	0
0	29
0	2
0	2
0	4
26	2
7	10
4	3
18	1
0	1
20	1
0	0
7	0
3	0
375	11
0	13
2	5
26	289
0	77
0	53
37	6
0	35
0	1
23	2
0	1
1	0
0	18
0	7
0	1
29	209
143	14
83	15
0	0
0	1
374	531
0	40
39	58
2	493
0	184
63	184
66	103
20	57
0	80
0	3
416	6
358	915
5	946
0	99
11	114
0	59
43	249
0	6
4	0
15	34
14	3
0	3
456	76
4	2
0	5
2	2
2	2
1	1
0	18
0	2
3	1
36	18
0	18
23	2
0	298
48	326
5	295
0	1
1	0
0	0
10	0
54	317
0	262
0	11
1	5
0	7
202	199
0	0
0	18
10	8
4	12
0	64
0	79
39	1
0	12
1	51
0	79
1	0
7	31
0	30
0	7
0	1
5	2
0	2
28	72
34	25
1	5
0	5
4	8
0	7
0	16
0	11
115	15
0	11
0	2
6	2
19	2
14	0
34	2
0	0
0	2
237	42
0	43
49	23
222	1
84	3
3	3
0	26
0	25
0	26
0	20
31	3
0	1
0	3
3	9
0	0
19	117
0	1
5	43
42	185
49	0
17	1
0	0
0	5
227	125
466	71
42	66
1	7
0	7
181	117
0	1
0	72
64	2
1	6
114	9
0	152
0	51
70	83
0	63
0	147
2	142
5	63
0	83
0	167
36	2
7	167
3	113
0	23
11	0
18	421
14	396
0	389
0	384
0	382
4	158
1	35
98	3
1	2
0	2
123	1
47	19
6	38
0	32
0	38
0	37
21	27
0	25
1	15
0	8
0	1
0	0
0	0
0	4
5	1
25	0
0	3
11	1
178	0
11	4
0	4
8	5
4	6
2	2
0	76
0	76
0	25
0	13
0	8
127	12
0	5
38	12
32	2
0	217
0	206
122	120
0	120
712	110
5	0
0	50
0	40
0	57
34	20
0	9
0	34
1	16
1	3
2	4
0	24
0	37
240	947
0	9
5	4
38	101
0	94
0	118
0	113
1	47
0	47
0	47
0	15
7	10
0	10
16	6
0	6
0	1
2	6
2	2
10	3
28	2
0	2
600	19
29	7
0	12
3	49
22	49
0	38
0	14
6	42
0	0
0	29
0	67
0	49
2	0
32	43
0	47
5	29
0	15
4	0
0	25
0	15
0	15
0	89
298	174
0	168
0	114
36	3
367	202
3	0
0	10
0	202
0	88
65	41
13	57
0	25
0	0
581	0
72	44
0	34
0	20
0	20
1	5
0	74
4	0
0	0
0	0
12	43
1	20
0	7
0	30
0	34
0	27
1	43
4	43
0	11
0	5
22	206
0	206
0	176
102	175
0	174
26	5
1	2
0	1
8	150
0	108
11	65
0	47
13	57
0	57
0	14
1	1
2	1
40	1
0	1
0	83
12	4
4	4
0	4
2	61
0	16
0	16
0	16
0	8
162	80
19	76
8	76
0	75
52	63
0	143
0	71
158	41
0	15
0	31
0	16
15	24
4	0
10	15
0	15
0	2
0	1
0	2
0	0
0	6
2	16
0	6
0	1
1	0
4	1
27	18
0	8
113	0
62	8
0	4
2	4
0	4
31	8
0	2
11	4
28	38
0	13
4	38
3	1
10	2
43	7
0	6
29	16
0	16
8	18
60	35
3	0
3	34
0	20
4	21
0	6
0	21
23	25
0	25
50	239
15	230
13	2
8	0
1	2
0	2
0	35
1	5
0	0
2	0
0	3
0	3
0	15
0	18
5	27
4	38
0	38
20	204
0	204
0	43
2	0
23	2
0	24
22	23
2	11
1	2
25	14
0	14
0	3
0	3
0	87
0	38
0	38
1	2
0	0
0	7
18	10
0	9
0	9
2	10
0	10
0	10
0	1
0	0
0	0
0	1
1	0
0	1
2	0
0	1
2	9
0	0
0	8
5	8
0	3
0	0
0	0
24	0
837	15
0	17
0	18
0	17
1	10
2	38
0	38
5	20
0	21
0	20
0	11
0	10
1	2
0	2
0	27
0	27
8	14
0	1
14	141
52	149
0	114
0	5
33	12
0	12
13	8
0	0
0	0
0	8
0	0
0	0
0	0
0	1
0	3
347	0
0	3
0	3
0	3
0	3
1	2
0	2
0	2
6	7
6	188
0	113
7	201
9	22
0	4
0	111
0	10
367	140
14	100
32	0
35	9
0	8
0	5
2	214
7	14
0	214
0	52
15	59
3	50
45	30
1	22
0	8
0	2
0	0
11	30
0	30
0	5
0	0
38	5
0	3
0	9
23	34
0	40
0	18
39	2
0	2
1	2
0	2
0	3
0	6
1	0
1	157
125	158
0	0
2	0
2	0
4	0
0	6
287	69
9	31
0	1
0	1
0	37
96	12
42	54
7	81
0	78
11	4
0	3
0	70
39	3
5	67
1	1
0	0
0	3
197	0
8	0
23	12
0	0
1	1
0	1
0	185
0	1
0	1
0	185
2	2
8	21
0	14
0	5
3	2
0	0
3	16
53	78
2	8
1	8
0	16
0	28
0	16
0	57
0	21
0	4
0	30
23	3
0	13
0	13
0	3
0	8
906	189
0	189
69	91
0	86
2	2
0	1
656	0
0	0
0	26
79	108
3	0
3	6
2	0
0	1
48	10
0	10
65	77
0	77
4	87
1	60
49	61
0	26
2	2
0	4
0	4
0	13
119	0
1	10
29	10
220	178
0	51
0	54
0	44
0	44
0	43
0	49
0	48
8	42
0	50
0	47
0	125
0	5
1	5
0	9
4	0
13	3
0	3
4	0
1	0
8	0
16	1
0	1
260	8
264	126
0	128
0	43
0	7
11	3
0	3
13	0
3	0
29	14
522	14
0	10
0	10
124	63
10	0
191	36
0	40
0	13
0	15
10	19
56	12
0	1
0	1
93	58
2	58
4	74
6	22
28	74
5	16
0	66
0	64
0	66
75	13
2	4
0	13
0	4
0	11
0	0
0	9
2	1
0	0
2	0
0	1
0	0
0	9
6	111
23	0
3	50
23	38
30	38
182	95
45	111
206	5
13	5
0	5
0	4
0	4
55	1
147	93
0	12
50	89
3	1
45	13
102	26
16	13
31	2
0	1
0	2
31	49
0	8
0	1
28	55
1	0
0	2
2	15
38	64
6	17
11	0
0	18
11	14
65	28
215	6
43	28
28	56
0	56
0	39
32	43
12	48
0	36
2	7
1	0
22	6
0	6
0	188
0	188
10	33
0	16
0	3
0	0
10	1
9	120
17	78
0	61
0	67
1	53
0	53
49	41
46	182
788	31
0	31
32	2
0	36
0	182
0	156
175	8
2	14
0	14
3	17
0	17
0	17
0	16
0	16
6	17
0	17
0	1
4	1
14	25
21	0
1	0
0	0
0	25
0	25
1	7
1068	7
0	7
5	104
0	0
12	104
15	125
27	318
309	320
11	11
0	3
0	51
0	14
12	12
7	3
5	0
0	4
40	149
14	9
0	9
0	2
0	0
78	33
1	16
0	2
0	19
14	17
11	11
5	11
1	1
0	303
482	386
0	5
0	0
1	0
4	0
0	0
0	128
0	0
0	128
41	0
0	80
16	73
0	7
0	6
1	11
0	39
0	5
2	26
2	40
239	139
0	139
145	8
0	69
5	69
8	71
0	57
2	54
5	37
6	4
0	1
13	116
134	116
103	35
0	0
5	0
0	20
184	16
44	15
1	13
0	10
270	14
10	15
997	1522
0	1
0	9
8	28
19	14
0	7
0	46
43	46
0	14
0	13
0	13
0	13
0	4
0	7
11	4
2	3
0	2
421	0
4	1
0	28
213	669
0	10
0	669
7	9
29	9
0	0
0	1
0	1
0	1
0	1
0	6
46	3
0	1
9	7
0	4
0	222
0	214
27	214
13	5
5	0
9	12
0	12
21	24
0	13
0	11
0	13
0	68
0	68
0	24
15	41
4	4
0	15
0	34
33	15
15	36
1	42
0	226
0	226
0	226
0	226
0	226
116	0
228	0
29	149
0	149
3	141
0	141
13	66
0	21
1	0
0	0
0	2
0	0
0	0
1	1
27	44
0	25
2	0
221	3
0	0
0	63
0	25
105	25
0	21
0	0
0	5
6	3
55	1
0	19
0	13
0	15
0	41
0	26
0	5
0	0
0	0
0	38
0	66
134	0
16	4
200	0
0	18
0	18
0	6
7	4
0	2
6	37
0	19
7	33
0	31
1	4
0	4
2	3
0	0
1	0
0	1
0	63
5	65
49	31
2	1
1	1
0	1
0	1
33	0
853	49
0	33
8	29
2	0
0	10
13	1
0	4
0	5
0	5
0	5
1	0
0	0
3	0
0	15
0	15
0	15
10	15
0	8
0	7
0	7
0	38
0	7
158	6
18	33
0	15
0	48
0	39
0	39
0	2
33	0
0	160
571	156
0	160
212	1
16	1
1	0
30	9
0	2
0	2
2	1
0	7
37	85
0	0
0	85
1	0
107	30
0	30
22	5
0	5
1	3
0	5
141	57
0	16
166	45
0	19
0	7
0	11
14	736
0	741
0	385
0	384
0	79
63	0
0	0
17	3
12	2
0	37
79	47
0	2
0	3
0	45
0	38
0	377
0	381
0	381
0	381
0	121
0	364
0	364
0	364
0	364
0	3
0	3
0	1
55	1
1	4
28	309
103	302
0	38
0	390
3	190
1	2
0	0
0	2
0	8
0	6
244	349
0	243
72	305
1	258
8	0
3	1
0	1
5	20
8	17
0	21
0	12
0	7
0	6
0	7
156	20
2	0
0	6
0	2
173	30
0	0
0	2
8	16
0	21
33	34
23	31
0	133
0	46
0	182
0	182
0	41
0	41
0	44
0	17
0	339
11	258
0	79
45	77
0	19
0	24
0	17
0	27
0	9
0	16
0	2
0	6
0	1
0	0
7	2
0	2
2	0
11	42
0	42
50	31
1	28
0	22
0	24
0	23
0	13
0	12
0	2
0	0
0	0
44	28
67	55
0	26
0	1
6	0
0	0
0	2
0	0
0	0
0	8
3	0
2	0
10	7
0	1
3	1
2	158
12	186
0	149
0	85
19	163
0	137
0	123
0	128
0	107
0	112
0	132
0	7
63	89
0	139
24	113
22	53
0	4
0	37
5	7
0	3
1	5
0	5
0	4
0	33
0	3
20	30
0	14
0	4
0	2
0	8
0	4
28	12
0	12
1	1
0	2
0	2
0	0
0	0
2	1
3	1
0	1
24	310
0	281
0	241
3	194
31	346
86	550
0	159
0	550
30	18
5	18
0	12
241	150
16	150
0	4
24	4
66	87
11	71
0	83
0	42
0	0
0	0
0	2
111	0
33	6
0	2
4	0
0	1
0	5
0	5
0	0
0	0
0	1
0	4
0	5
29	219
171	227
0	2
0	5
0	3
0	3
11	2
0	2
16	0
4	620
0	620
0	362
0	366
0	0
16	27
31	393
0	313
0	9
0	9
15	40
24	7
99	33
35	2
0	18
0	3
7	0
0	83
25	6
0	26
0	80
7	77
74	3
2	3
2	0
4	12
0	14
4	83
455	109
0	87
0	71
1632	496
0	26
0	7
4	14
0	435
0	17
0	21
417	25
10	25
25	120
0	98
0	100
3	73
0	0
3	18
0	18
2	2
0	0
0	69
0	69
0	69
0	68
16	5
40	0
27	160
33	160
0	197
29	197
1	45
4	1
3	1
0	6
0	2
0	6
0	5
3	7
347	4
7	26
0	28
0	3
0	125
0	128
0	110
2	94
24	81
115	160
0	53
0	33
4	1
0	2
0	2
0	2
0	0
0	1
0	0
45	155
0	155
1	155
17	0
0	3
0	18
0	18
0	16
1	13
14	114
17	41
0	14
5	85
12	49
1	0
214	118
0	1
28	4
5	115
66	45
0	17
0	2
0	0
1	6
85	53
0	52
0	71
3	17
0	0
10	65
1	60
34	67
0	105
43	93
0	93
2	43
1253	10
2	10
2	0
15	15
0	0
0	0
0	13
0	0
0	2
78	3
0	3
2	3
40	15
117	232
0	225
0	197
0	1
3	121
0	3
39	318
89	1
0	1
41	208
0	138
0	1
4	59
0	1
0	0
0	60
4	14
6	49
136	100
5	58
0	9
5	5
7	42
0	110
0	110
0	109
0	109
0	38
0	83
0	464
0	464
0	464
271	858
0	10
0	26
1	26
0	26
0	40
0	33
2	1
40	392
0	391
136	0
4	0
0	0
136	41
0	36
0	38
47	11
0	36
0	36
0	18
0	7
0	3
0	3
1	14
0	7
8	805
1	819
0	173
2	177
0	36
0	1
0	7
0	0
13	92
0	0
21	0
1	22
148	53
7	18
4	5
5	35
102	7
0	2
0	5
13	5
0	5
60	60
807	60
6	0
4	12
12	38
7	9
2	22
0	2
9	1
0	4
0	8
0	8
0	3
0	4
0	4
0	3
0	3
1	7
0	7
2	9
5	6
0	17
0	4
0	0
1	1
0	0
2	83
0	47
0	47
0	47
0	47
16	40
0	33
4	0
169	94
0	87
53	0
11	93
19	0
20	86
0	139
1	139
0	139
0	139
0	139
1	4
5	0
272	60
1	601
0	631
11	159
0	32
0	25
1	0
0	0
0	0
0	0
15	8
0	77
0	48
24	60
0	15
5	31
4	11
0	17
25	147
7	2
0	0
41	183
0	16
0	40
0	54
16	55
29	78
0	75
2	0
12	34
0	34
0	30
65	183
0	103
26	104
0	95
2	154
0	151
0	151
0	5
0	3
0	0
0	2
0	2
0	2
44	51
11	2
0	0
0	7
0	7
0	2
21	8
0	1
0	1
64	3
60	9
19	4
0	2
0	1
0	2
102	4
0	1
2	0
0	108
1	108
0	87
1	108
112	9
1	1
2	6
3	2
0	2
22	29
3	0
0	56
72	36
0	36
0	6
0	2
8	0
14	165
0	0
0	38
47	59
0	17
1	17
0	11
0	521
0	25
0	36
0	17
2	13
0	28
0	28
0	513
5	257
26	33
0	8
0	8
0	10
184	10
0	1
0	0
7	0
0	10
61	55
0	3
63	182
3	3
3	50
77	42
0	31
0	0
0	0
0	23
1	74
0	191
1	216
0	17
8	249
0	251
271	253
663	300
0	256
4	121
0	94
0	26
0	43
62	2
0	3
20	1
1	8
0	24
70	0
17	60
0	20
0	20
4	135
0	46
20	49
0	78
0	78
0	114
0	52
0	1
36	28
20	0
0	9
0	6
0	2
6	12
1	9
1	0
0	0
0	6
0	4
0	17
6	2
0	17
0	17
1	15
0	34
0	34
0	25
0	19
3	0
0	2
0	2
0	2
0	0
0	2
0	2
0	0
0	3
0	0
0	0
0	20
0	34
0	35
0	56
0	88
0	96
0	96
17	15
4	14
96	186
0	193
2	0
7	0
14	9
21	116
0	46
0	124
0	7
0	2
0	20
15	2
61	0
0	1
0	15
3	19
0	18
0	18
0	18
0	7
0	7
15	3
13	124
0	121
0	109
0	151
0	16
0	6
0	8
0	204
0	203
1	5
0	5
0	3
6	17
5	16
19	4
0	4
0	100
0	105
0	95
0	25
0	90
4	1
37	53
5	4
2	1
0	0
0	35
0	2
2	0
18	22
0	6
0	2
51	40
8	40
0	25
0	7
0	3
1	1
0	0
13	1009
2	12
18	8
0	27
9	997
0	39
0	39
0	39
3	19
45	39
67	20
11	22
0	1
17	2
11	3
0	1
138	19
0	18
81	1
6	43
17	11
0	35
0	3
12	13
2	12
0	51
2	29
0	21
0	61
19	45
2	1
93	11
11	8
40	0
4	1
159	2
52	15
0	6
0	7
2	74
0	74
0	8
317	15
96	5
0	5
17	0
4	0
7	10
0	0
0	4
0	6
0	68
4	32
0	36
0	68
8	2
0	1
10	1
13	22
1	2
0	6
130	5
0	3
0	2
0	2
24	22
3	37
0	37
0	30
0	22
4	22
1	22
45	22
1	24
0	24
1	22
2	2
0	2
0	0
0	6
0	6
0	2
0	2
24	76
0	56
67	76
0	32
22	73
0	35
0	4
3	38
14	1
0	2
0	2
0	2
0	2
0	2
0	0
0	12
0	12
0	2
0	10
0	0
0	2
0	2
0	2
0	2
53	4
5	0
29	22
0	21
6	1
11	28
19	64
0	2
0	60
22	60
9	0
17	2
0	2
0	0
26	2
0	3
0	10
5	150
0	144
40	4
0	5
0	33
51	31
112	7
4	3
0	3
0	5
0	62
0	62
0	62
0	19
0	6
83	14
0	12
0	15
14	31
0	1
0	52
0	52
5	3
0	3
9	5
2	22
2	29
0	14
0	4
0	12
0	18
0	9
4	0
18	66
0	8
0	69
0	101
0	101
0	3
0	29
0	0
0	0
1	1
0	142
0	142
0	142
0	142
0	142
0	142
0	142
0	142
66	0
6	0
2	0
17	7
2	10
1	11
0	6
0	12
9	0
7	3
2	1
4	1
14	24
11	24
6	6
0	24
0	8
0	1
0	0
3	3
500	38
0	36
78	59
1	48
0	20
0	1
0	0
0	3
3	0
36	0
28	37
0	36
15	14
0	11
25	14
0	1
487	19
0	22
0	7
1	4
135	59
0	7
60	54
0	54
0	28
5	10
104	6
0	4
7	4
29	0
107	22
0	18
0	18
1	2
3	2
10	0
68	9
0	9
202	32
7	32
1	32
1	0
121	1
0	54
0	54
0	44
2	2
1	1
9	0
0	2
0	35
1	2
3	1
0	3
3	0
30	139
1	118
11	53
0	56
7	13
0	16
9	16
1	3
0	3
1	12
2	141
46	47
0	37
2	36
1	0
0	36
0	0
21	4
0	1
147	52
35	47
0	39
0	6
28	5
10	4
0	3
0	70
0	70
0	70
0	70
7	26
0	26
39	2
0	43
1	57
0	44
0	20
1754	18
27	8
0	8
139	5
9	0
13	73
7	73
0	13
1	1
0	1
0	1
0	0
1	0
94	8
8	0
2	0
0	6
4	6
0	90
0	90
288	34
1	66
87	3
2	3
84	46
0	5
0	34
0	4
0	0
51	30
0	12
0	0
6	30
1	0
3	30
5	39
21	0
1253	7
15	51
0	10
68	30
4	30
6	12
0	0
1034	750
1254	125
6	469
0	95
21	9
5	9
0	9
28	31
0	0
26	138
0	80
1	108
9	0
0	40
0	40
0	24
41	1018
49	1025
0	100
35	7
0	21
1	55
0	55
23	8
0	0
0	7
0	1
5	13
0	28
0	34
22	0
15	21
0	23
0	2
2	23
0	1
0	1
0	3
0	0
0	2
0	3
0	3
36	24
0	24
9	3
0	3
0	1
0	1
0	41
0	42
0	594
335	595
0	160
3	44
8	238
0	44
0	39
19	55
0	17
0	28
0	1
0	212
0	25
21	11
0	10
22	2
0	2
0	4
24	5
0	1
0	0
3	27
11	28
0	23
105	10
0	4
89	53
20	30
6	7
23	7
0	38
74	37
52	8
0	8
0	26
0	26
0	26
0	26
0	26
2	0
7	21
0	12
49	1
11	19
62	94
0	88
0	46
0	17
7	7
47	32
17	13
0	781
18	828
4	167
0	130
64	691
0	494
0	494
15	61
61	392
26	616
20	198
0	198
0	22
0	2
0	48
251	998
0	998
0	147
226	122
0	123
0	35
0	11
0	3
2	0
11	3
0	3
4	5
16	52
1257	4
108	4
26	9
0	9
133	11
0	11
4	1
0	0
4	0
1	0
0	3
0	3
2	0
0	3
0	4
0	4
35	6
0	0
0	2
0	4
41	17
11	1
0	5
0	5
0	4
0	2
0	4
0	4
5	8
0	209
0	19
0	209
4	0
0	0
17	0
41	374
0	251
8	60
71	60
19	1
1	6
18	6
0	6
4	0
0	153
0	153
0	153
0	152
40	8
2	12
0	152
0	8
0	153
0	153
0	145
0	0
0	153
13	26
0	14
1	7
1	14
36	100
6	162
0	7
1	150
0	16
41	39
0	8
6	16
227	494
0	494
428	273
0	1
0	7
39	46
0	45
0	34
0	0
4	0
0	1
2	1
0	0
0	252
6	254
0	272
18	277
0	170
0	30
4	8
16	0
49	37
0	37
0	10
0	12
42	5
0	8
2	0
3	15
0	5
0	0
1	5
0	7
51	0
11	0
15	0
5	112
0	2
0	2
21	1
2	2
0	2
1	13
21	13
1	3
16	33
5	16
0	32
4	11
0	2
0	19
0	0
3	10
6	7
16	7
0	2
0	2
3	2
0	2
0	45
0	102
9	226
54	177
20	230
0	3
0	3
5	204
13	219
2	61
0	2
0	2
0	1
3	0
2	4
87	94
0	33
3	5
1	0
0	68
2	69
3	15
52	16
3	9
5	9
3	1
4	6
31	55
0	55
2	5
8	67
0	67
0	67
58	14
0	14
0	84
4	8
161	125
0	0
1	0
10	11
0	15
0	11
0	17
0	20
23	15
0	4
7	5
0	4
0	2
0	8
2	6
0	2
0	0
50	21
47	29
0	8
7	8
5	11
0	0
206	254
0	3
0	85
0	124
0	151
0	253
0	6
8	2
0	2
0	11
11	8
168	43
0	160
145	12
0	826
0	965
0	281
0	45
0	11
0	11
0	11
0	11
0	19
0	0
0	0
0	0
0	4
0	0
0	2
0	15
0	1
51	113
15	4
18	40
0	40
11	20
0	894
0	905
0	0
31	51
0	51
81	213
2	35
1	0
14	160
0	168
2	160
2	0
2	137
5	28
1	8
0	23
0	1
2	0
2	18
0	2
0	23
13	67
0	67
0	27
25	0
14	21
0	0
9	11
9	2
0	5
15	3
2	49
0	49
122	8
0	8
1	7
0	8
1	7
0	9
51	6
0	7
60	40
1	40
6	16
0	0
0	192
69	204
0	145
0	133
0	403
1	130
0	403
0	112
13	2
0	111
0	430
0	124
0	1
0	1
0	2
0	125
2	12
0	47
404	428
0	94
0	17
0	14
53	2
12	43
20	40
35	31
44	128
2	83
0	148
0	59
17	1465
11	1467
3	244
0	60
23	3
139	48
6	48
8	0
0	23
0	23
3	1
4	1
24	160
42	147
0	102
15	95
0	55
52	28
83	56
2	62
46	112
0	62
0	2
18	0
10	0
1	1
71	22
104	121
0	85
85	100
7	0
5	0
1	0
0	4
0	12
0	4
0	1
0	1
0	8
51	25
0	3
0	3
8	5
75	47
0	46
34	182
12	2
206	21
190	61
2	13
15	1
188	1
6	0
0	32
0	29
1	20
27	11
16	15
27	29
39	12
10	38
0	38
2	0
0	23
0	1
11	1
0	2
0	37
173	35
0	80
7	17
52	18
1	17
16	16
6	15
8	0
67	147
0	144
0	144
23	10
0	10
3	0
16	2
0	1
2	1
0	1
0	1
22	24
0	10
106	15
0	4
0	14
2	10
0	2
0	0
0	43
104	73
0	1
0	30
59	9
10	0
7	79
5	43
0	45
22	97
1	57
0	52
0	1
4	42
0	2
6	2
0	2
1	50
0	2
0	42
28	2
0	7
1	5
0	0
204	0
39	57
0	20
3	51
13	193
0	22
0	14
0	11
0	0
1	2
122	63
44	111
0	16
3	15
0	21
2	111
0	127
0	1
0	3
0	2
3	3
0	14
42	10
46	14
222	128
37	81
0	70
0	58
0	83
1	26
0	17
0	7
0	8
28	17
0	17
33	286
0	324
7	219
2	11
239	95
12	25
155	16
0	95
60	0
41	265
0	268
11	191
0	164
15	135
0	20
0	135
5	14
1	0
1	3
1	0
0	0
0	3
5	72
13	20
0	19
2	17
24	7
1	2
0	3
0	0
1	1
0	134
13	8
0	7
0	80
0	80
17	9
0	2
0	2
10	60
0	60
0	52
0	1
11	1
1	0
5	3
0	8
93	0
2	5
7	5
0	5
0	70
10	97
0	12
0	12
0	14
0	15
0	18
0	2
21	17
0	1
0	7
0	4
0	9
0	3
0	4
0	1
0	5
0	3
0	6
138	10
0	19
0	13
0	0
0	0
0	19
17	5
5	6
0	1
78	10
0	4
0	4
0	6
0	3
1	90
0	19
19	19
0	3
0	19
0	95
368	95
182	66
11	32
4	35
11	2
0	0
1	0
1	70
4	58
0	20
0	14
15	48
0	152
9	13
0	12
0	163
4	4
25	173
0	35
57	159
1	37
0	43
0	43
0	28
0	15
0	1
0	1
6	0
15	59
0	78
5	50
2	0
0	1
0	59
0	54
2	47
0	35
0	27
30	105
0	15
0	4
0	12
3	3
8	23
19	204
0	1
0	1
3	11
2	1
2	0
0	0
0	0
0	28
0	30
0	27
0	24
0	22
0	24
0	29
131	22
0	22
0	5
0	2
0	1
0	1
0	5
18	2
0	2
0	20
0	12
0	8
4	8
0	0
14	0
677	228
0	42
0	55
3	0
2	2
0	171
16	113
0	112
0	2
4	17
0	1
336	20
1	156
0	156
0	109
5	10
1	0
1	148
0	26
12	35
0	23
14	23
0	13
2	9
0	1
12	1
0	3
98	2
0	2
65	2
0	1
58	10
0	5
31	6
0	0
0	0
0	0
0	0
3	0
0	1
8	0
0	31
0	31
1	31
0	0
5	167
0	121
160	112
221	68
17	0
3	6
3	6
7	1
0	1
0	1
0	1
0	0
0	6
0	6
0	7
0	1
0	7
0	6
3	126
0	123
26	94
0	126
0	53
0	0
0	8
0	8
0	1
0	22
0	37
0	37
1	0
1	0
0	37
89	229
0	167
0	2
0	226
0	3
4	56
24	18
0	0
0	12
20	4
0	149
49	149
126	20
0	20
0	59
3	0
0	1
0	1
0	0
0	0
0	18
77	50
0	62
1	24
0	15
0	16
0	9
2	24
127	64
0	40
0	40
0	40
0	0
0	35
0	35
0	42
0	2
6	34
2	2
0	4
0	3
0	6
0	23
0	0
0	2
0	23
1	6
190	16
32	39
41	9
0	21
0	1
4	277
2	78
76	278
142	118
0	74
0	100
0	100
0	100
0	35
12	61
2	325
0	274
0	66
0	45
21	42
0	65
12	15
31	8
28	7
1	7
4	5
78	5
2	3
46	3
2	0
7	64
36	9
7	61
1	2
0	1
0	54
0	24
0	24
16	0
7	197
0	18
79	173
2	70
0	18
0	1
3	1
0	1
10	1
0	17
0	10
0	1
1	17
10	17
19	102
0	22
0	102
0	4
0	3
6	1
0	23
62	0
1	14
0	9
0	8
0	8
0	4
0	14
0	21
0	21
3	37
0	37
0	11
4	0
8	21
33	18
0	21
0	21
10	5
12	19
0	17
7	18
0	19
3	5
6	0
9	4
0	0
20	30
0	0
17	0
0	0
0	11
0	11
0	0
10	0
0	185
12	185
0	30
0	9
0	10
7	14
8	7
0	5
0	12
30	0
3	0
36	0
73	81
0	25
0	17
0	0
0	65
3	0
0	0
0	25
1	25
0	4
0	7
0	0
0	0
0	0
1	0
10	0
19	181
1	182
21	190
43	9
46	180
4	0
2	8
0	17
0	42
0	43
7	4
0	8
0	29
16	28
53	21
2	17
0	1
0	5
0	37
0	33
0	21
0	15
2	14
0	29
0	4
1	15
0	65
0	69
0	50
6	17
3	15
20	17
1	9
1	3
1	3
3	0
265	7
0	2
0	1
35	18
0	26
0	15
2	21
0	13
6	12
0	13
0	0
0	0
1	1
3	1
41	8
0	17
0	11
10	11
0	8
0	8
0	8
0	14
0	14
14	19
5	0
20	39
32	41
0	25
0	3
0	23
0	92
0	92
0	2
33	0
0	1
16	20
0	20
1	32
0	2
0	9
15	66
130	461
0	2
128	335
1	351
0	92
0	31
0	16
0	16
0	6
2	4
0	2
0	16
88	32
82	2
0	2
1	2
0	0
94	0
18	43
20	55
2	27
0	25
3	4
1	0
13	5
0	4
0	1
1	3
66	0
86	3
0	3
95	79
0	5
22	6
0	77
0	63
0	61
6	1
88	40
0	32
0	12
8	10
12	34
0	22
0	31
1	3
31	3
0	13
800	0
65	153
0	107
108	23
108	60
0	1
0	2
338	113
0	118
0	44
0	44
0	36
5	30
0	5
17	3
1	45
0	77
17	76
0	17
38	0
0	12
19	71
76	256
8	54
21	15
3	10
45	7
2	2
0	1
0	4
0	3
0	3
0	3
0	217
3	29
14	8
383	0
11	0
24	24
245	33
7	33
0	16
5	5
6	4
0	6
0	0
0	1
0	1
231	94
0	30
0	1
7	1
0	1
0	0
10	2
0	89
0	7
0	26
3	6
0	20
1	19
0	26
1	3
0	2
3	24
0	264
75	348
7	73
1	1
0	0
0	1
0	0
0	0
0	1
0	1
16	275
24	6
4	3
27	6
2	6
1	11
3	1
0	1
13	13
11	0
15	19
0	1
0	1
19	30
0	3
3	15
0	15
0	13
0	3
1	1
0	0
112	117
0	115
1	4
4	0
0	3
2	0
3	0
0	0
0	134
0	162
887	114
3	15
0	283
144	284
10	69
1	43
0	11
0	41
0	121
0	39
0	2
0	2
10	87
3	1
3	1
3	0
0	1
21	66
0	116
0	140
0	104
0	100
0	144
0	6
40	125
20	116
0	115
1	99
12	19
0	0
148	75
0	75
137	9
3	0
0	6
8	0
1	2
0	1
7	0
0	0
0	0
1	0
0	0
24	14
5	0
0	0
2	0
198	33
36	24
1	24
0	7
0	1
0	3
0	0
3	0
0	24
32	71
12	49
1	3
0	71
0	3
1	55
3	22
33	22
0	99
0	41
44	413
2	291
0	400
11	118
0	3
0	1
0	4
0	2
5	0
0	0
1	14
0	1
0	126
133	44
0	26
104	20
0	11
0	59
5	0
12	49
8	95
0	95
2	12
0	64
0	0
2	1
1	0
12	7
0	6
6	54
0	54
18	36
3	36
0	0
0	0
0	0
122	174
32	20
62	171
11	478
0	360
114	468
1	1
24	358
8	8
0	14
0	9
0	15
757	214
9	55
0	199
0	27
22	32
0	96
0	10
0	0
34	2
6	5
5	0
34	5
12	127
18	30
0	107
13	1
0	159
0	63
0	27
0	1
48	59
2	15
0	1
12	5
0	1
5	2
22	259
0	259
0	23
29	34
259	166
28	179
80	118
8	54
5	0
0	0
17	94
0	52
0	30
1	13
133	365
4	9
0	69
0	94
0	94
162	39
0	39
0	20
0	5
0	4
0	2
0	2
0	1
0	36
0	36
34	21
0	57
0	4
0	18
0	4
5	3
0	3
0	3
0	2
2870	0
542	110
1	6
9	8
0	5
0	105
46	75
0	1
1	2
0	11
12	72
9	2
1	115
0	43
9	2
1	1
0	2
1	0
0	1
0	1
0	0
20	0
1	4
176	42
37	0
0	42
4	0
5	0
0	0
0	0
16	8
1	7
0	5
2	0
0	5
242	3
0	3
0	90
1	2
5	3
2	3
0	1
0	90
156	0
2	0
0	1
0	17
0	11
6	29
0	26
0	4
0	8
11	6
0	6
38	21
0	17
128	44
0	127
0	127
137	50
0	4
0	21
0	50
0	11
0	49
85	6
0	3
0	13
3	6
1	15
0	3
0	15
0	6
58	5
8	11
0	8
0	0
0	1
2	2
5	48
35	48
56	17
10	8
0	8
0	4
0	2
12	3
8	6
55	92
0	94
12	23
9	28
2	2
135	1
0	45
0	49
1	49
0	14
280	153
6	4
0	17
0	5
1	1
178	132
15	1
0	22
0	19
0	19
0	19
1	0
16	40
22	6
0	19
0	16
72	16
0	3
0	3
0	3
7	11
20	61
16	37
57	83
0	87
0	43
10	84
0	21
13	40
0	5
0	0
11	11
2	11
0	7
0	9
0	1
72	28
10	34
0	2
9	1
2	0
0	3
0	95
37	95
117	9
4	25
30	9
1	7
14	9
0	9
15	0
1	0
1	0
15	9
102	12
21	10
0	4
0	10
0	4
2	4
283	0
55	170
0	166
0	39
1	4
0	165
106	31
648	37
191	31
17	8
0	21
0	1
0	30
0	30
68	12
51	12
0	10
153	530
0	72
0	6
11	2
19	1
11	1
0	406
23	459
37	459
36	14
19	0
0	0
0	22
0	1
28	64
0	49
1	16
0	0
37	13
11	51
9	49
0	23
1	32
0	13
1	52
229	119
0	118
9	9
0	6
5	2
94	0
0	0
19	30
0	40
0	6
29	19
0	20
3	1
0	11
0	10
3	0
25	0
1	10
1	11
0	19
0	10
0	10
2	19
0	15
0	9
0	0
0	0
2	0
0	0
1	14
0	10
1	0
7	13
0	7
5	4
1	5
0	4
0	30
8	30
0	18
0	17
2	0
0	2
0	5
0	3
198	305
38	28
21	28
102	1
0	1
4	0
0	31
0	26
0	0
0	28
0	28
0	31
13	1
0	2
0	91
18	1
0	90
0	1
2	1
2	1
18	22
0	10
20	301
30	296
0	1
288	6
0	3
0	1
7	2
44	43
0	11
23	4
0	7
0	52
0	7
0	27
0	43
0	43
0	4
0	11
0	45
0	4
1	4
0	9
0	33
0	8
0	8
0	39
0	25
0	24
0	0
10	23
0	24
0	23
5	39
158	39
0	28
0	1
0	3
20	17
0	12
0	3
0	2
5	10
8	1
0	1
3	0
0	55
0	21
24	16
4	26
0	53
86	266
0	160
13	49
0	135
15	3
1	3
0	8
0	11
11	3
9	123
67	128
3	108
0	111
0	63
0	24
0	4
0	4
0	0
16	4
0	4
1	7
0	7
0	7
3	9
1	3
0	3
1	1
0	46
80	77
0	8
0	38
0	17
0	1
1	2
1	3
3	1
0	17
126	0
2	156
14	162
3	120
21	115
0	0
1	0
0	87
40	0
12	0
0	0
3	6
0	6
0	6
19	54
5	54
1	0
0	2
0	6
0	1
0	1
26	0
127	73
4	2
0	71
0	3
0	38
18	16
0	2
0	5
1	3
0	8
12	1
0	8
0	5
0	71
0	79
7	2
2	10
0	1
7	9
49	17
0	1607
0	1614
9	0
27	7
100	4
0	20
0	13
11	13
8	13
0	775
0	54
325	1055
0	854
0	101
0	0
32	720
0	775
71	7
2	2
16	6
4	1
0	31
0	31
0	32
0	17
0	0
0	0
23	16
0	6
0	0
0	10
0	0
1119	417
0	156
40	417
450	22
249	22
0	20
0	10
0	1
0	1
0	1
6	25
0	25
227	0
62	67
7	48
5	7
4	12
24	26
0	7
0	6
0	7
45	4
0	6
0	9
1	0
158	15
7	14
0	5
0	37
0	92
67	144
0	92
0	26
0	17
0	38
0	38
0	14
0	95
11	60
1	38
0	6
292	2
2	0
7	1
0	1
4	2
2	0
30	25
0	25
12	125
0	0
0	97
39	107
0	93
0	7
17	33
13	38
10	38
51	0
0	137
0	126
0	137
12	29
0	6
0	49
4	49
0	0
0	0
4	0
17	0
5	5
0	3
0	4
0	2
0	30
0	30
1	30
0	24
67	24
0	2
1	0
0	1
0	1
11	123
0	9
0	7
3	2
0	0
13	9
0	3
0	2
92	0
0	54
0	50
0	16
1	16
0	54
0	106
0	112
0	3
6	46
0	16
24	17
0	7
14	45
0	12
1	44
231	13
11	31
0	30
0	51
0	73
47	22
0	36
0	0
0	1
0	41
219	26
1	175
1	0
285	77
0	65
0	1
0	4
2	4
0	0
0	45
0	36
5	45
1	35
0	7
0	15
0	1
1	2
0	1
0	1
0	7
0	178
0	37
0	0
6	0
0	30
0	2
0	1
0	1
0	47
0	2
0	178
0	118
0	0
14	10
0	7
0	3
0	1
0	8
0	2
0	39
0	7
0	7
5	7
0	4
5	1
0	1
0	0
98	32
0	7
0	16
0	21
0	7
66	99
0	7
0	7
0	3
0	2
0	0
3	6
17	20
2	0
54	0
1	0
0	0
2	0
0	5
0	4
0	9
0	5
0	4
2	0
5	24
0	24
0	0
2	0
0	0
6	7
0	7
8	4
0	4
1	4
0	4
46	15
1	1
9	0
6	7
0	9
0	6
0	2
0	6
0	4
100	9
12	2
1	5
32	63
0	61
204	61
0	0
0	0
0	0
626	0
0	0
2	0
96	12
0	11
0	7
0	38
1	38
0	10
1	24
0	26
0	32
0	92
38	104
37	161
1	175
0	175
0	0
7	0
0	6
0	5
38	0
27	34
0	34
0	33
1	1
1	0
1	4
0	29
1	29
0	25
159	32
1	32
4	176
0	94
0	139
9	143
2	143
0	1
0	43
0	43
2	0
207	876
3	4
0	2
0	3
0	3
1	0
2	0
10	1
3	2
0	6
0	6
0	0
0	0
0	0
0	2
0	23
0	12
0	23
0	1
0	1
7	1
0	1
93	0
0	0
0	0
176	73
15	73
0	0
0	5
33	0
15	36
3	36
75	348
42	384
0	114
0	98
8	72
0	16
0	1
0	1
0	1
2	0
0	2
3	1
90	2
1	30
13	30
0	86
0	86
0	86
3	3
0	10
1	0
0	0
1	0
0	0
10	0
48	83
52	7
0	12
0	12
0	6
0	1
0	1
1	2
1	2
1	8
0	0
0	2
22	4
0	1
4	0
1	8
0	8
0	2
0	2
0	2
9	75
25	29
0	45
66	29
0	44
0	26
0	48
0	3
0	19
32	5
0	4
0	2
0	3
0	2
0	2
0	6
0	3
3	2
0	14
17	45
41	0
0	70
104	213
0	20
0	21
0	1
0	1
2	0
0	6
0	0
109	26
36	58
0	58
0	343
1	343
0	6
0	29
11	7
6	11
96	1
0	13
74	53
0	2
458	18
0	3
0	7
0	3
0	2
0	0
0	0
17	60
0	7
1	6
2	0
0	6
23	12
0	12
1	112
4	13
1	0
0	82
52	12
0	166
0	27
0	151
0	227
0	227
0	228
0	0
0	0
0	0
0	33
74	74
0	74
0	54
0	34
0	12
15	2
0	75
8	27
10	43
1	25
6	34
0	15
36	25
0	25
54	2
30	17
0	17
0	14
14	12
0	12
105	0
4	600
634	600
0	47
0	41
0	1
0	1
0	22
0	47
0	15
0	30
0	0
0	44
13	34
0	7
4	2
9	17
0	17
6	6
0	11
12	4
91	81
2	78
2	1
9	5
0	4
166	89
33	4
18	87
5	0
0	12
1	12
0	4
36	1
68	14
0	7
1	0
1	0
0	4
17	0
101	11
3	0
0	3
2	3
0	103
0	103
0	87
1	87
1	70
0	39
0	35
0	36
6	14
0	4
1	13
2	1
11	13
0	84
73	85
3	1
0	81
0	81
0	79
0	35
0	35
0	6
0	6
0	24
61	0
19	73
12	0
0	22
0	1
1	0
5	2
0	12
0	5
2	3
0	2
0	5
0	10
48	51
0	51
18	114
1	114
27	35
13	52
13	38
190	50
5	1
1	1
4	0
3	0
0	39
0	39
0	39
24	0
98	66
4	1
33	65
280	31
0	31
0	1
2	3
0	2
51	16
0	16
2	2
19	12
9	0
1	180
0	176
10	151
2	38
0	7
23	3
0	4
0	0
0	47
1	0
34	25
0	46
5	21
0	20
9	19
24	36
16	47
0	28
2	39
19	87
0	26
0	40
0	39
0	12
0	9
61	7
7	0
0	2
0	2
1	2
1	1
0	0
0	0
32	0
0	0
4	0
1	0
0	37
0	13
0	13
0	11
91	51
0	11
1	2
1	39
53	2
0	20
0	2
0	51
148	12
2	12
146	0
19	0
0	0
56	11
1	2
0	0
0	9
12	2
17	9
0	0
2	0
2	0
3	0
27	25
2	9
0	2
8	2
0	0
0	9
0	68
0	68
0	6
2	6
0	7
0	2
3	0
10	4
0	4
8	6
0	6
0	2
6	34
157	38
0	5
0	9
17	6
4	4
0	4
8	4
0	4
6	0
1	0
0	29
0	30
0	5
5	13
6	0
13	6
0	4
0	0
1	9
0	9
0	8
0	8
0	9
3	63
429	424
0	424
0	59
0	5
0	5
1	58
97	1723
7	1670
16	1653
54	1
39	15
1	8
34	4
6	0
58	76
101	54
0	42
0	5
0	43
1	4
131	6
1	34
0	1
180	60
0	16
0	9
9	6
2	3
8	42
99	1
1	0
29	0
5	0
2	0
0	37
10	44
0	44
0	11
0	11
0	4
8	25
0	4
8	4
39	76
0	3
0	9
0	0
21	0
1	0
0	21
183	5
17	0
0	5
0	5
0	5
0	3
0	114
1	0
0	1
27	12
0	114
177	20
27	8
0	6
0	6
152	6
87	33
1	26
0	2
0	30
0	1
0	2
0	3
0	2
1	3
1	324
0	324
0	0
0	0
2	0
0	26
0	26
3	20
0	1
0	2
2	3
549	2
0	0
15	0
2	16
329	16
1	0
0	6
38	4
0	5
0	3
0	3
48	87
73	87
5	18
1	18
283	75
0	75
0	7
0	4
52	29
1	18
20	274
0	235
0	235
8	11
0	17
2	20
36	12
0	0
0	0
0	0
0	0
9	0
2	143
0	31
0	4
0	5
12	3
0	1
7	122
0	110
0	2
32	96
0	111
0	5
63	13
0	0
0	143
128	46
0	105
11	102
17	14
6	15
0	3
45	53
0	0
2	5
0	43
11	1
5	5
28	179
1	0
45	179
103	85
56	85
436	84
30	20
33	160
0	21
1	19
0	15
0	21
0	7
44	122
0	8
0	68
0	70
0	20
84	28
73	26
11	2
0	2
5	1
0	1
5	14
0	0
0	5
78	7
0	8
48	13
22	4
2	6
84	4
2	3
8	0
0	14
0	9
0	2
1	7
0	3
0	4
0	3
5	9
0	303
0	309
32	266
102	273
0	227
0	132
0	8
0	309
0	135
7	0
8	277
0	248
11	277
0	237
0	33
0	59
0	18
3	41
20	43
0	0
26	48
380	3
173	3
0	3
3	0
0	14
24	7
0	26
289	21
0	1
0	26
779	459
86	464
3	396
0	379
21	4
26	2
1	2
0	2
0	1
31	55
0	55
5	73
0	30
1	0
13	3
0	3
2	15
17	15
7	37
0	20
0	4
0	1
0	4
0	15
0	5
0	33
21	2
10	8
23	1942
0	81
6	0
0	4
6	0
0	1941
76	1946
0	71
0	17
66	17
0	0
0	0
0	74
0	74
0	44
0	17
0	31
0	31
0	1
18	0
28	16
263	4
0	2
0	2
12	2
0	2
0	0
0	0
0	0
0	0
0	50
9	17
0	16
0	0
0	0
18	47
6	1
0	94
88	91
0	1
1	4
729	100
0	100
14	81
0	7
30	1
0	57
0	57
0	57
0	31
8	6
5	6
0	6
0	3
0	1
3	21
0	61
0	75
15	86
0	37
0	84
0	15
0	15
0	69
0	69
0	35
0	67
0	62
0	27
20	62
12	79
50	116
9	82
18	46
0	25
0	27
4	1
0	19
14	0
274	35
0	35
11	542
0	23
0	27
5	18
0	24
4	17
0	18
0	19
0	0
0	7
0	7
0	37
5	475
0	510
0	510
0	491
5	1
2	38
1	1
125	2
2	3
249	494
11	17
0	11
2	17
0	4
8	2
0	2
1901	53
51	53
28	31
0	74
5	1
4	1
0	67
39	76
222	74
39	2
8	2
0	9
41	9
0	24
205	58
0	12
0	10
20	2
6	51
0	54
0	54
0	2
2	5
0	1
0	7
1	10
0	6
47	96
16	0
98	96
0	73
1	2
76	77
110	28
0	6
0	6
0	28
0	36
3	2
0	6
100	0
21	28
0	20
0	8
0	8
1	17
0	17
0	20
0	22
3	6
0	3
0	3
5	0
0	5
0	2
0	3
0	0
0	2
5	5
7	8
1	8
22	24
0	10
1	23
0	6
0	18
0	18
0	14
0	19
0	13
30	1
15	1
5	3
10	0
162	2
1	7
4	10
1	1
18	1
4	1
1	0
40	317
1	303
0	287
0	311
32	267
0	43
1	8
0	2
1	1
39	32
37	0
51	27
5	27
8	2
3	17
1	2
0	17
0	2
0	2
0	3
0	14
57	13
12	2
0	2
0	58
0	42
34	49
2	8
6	1
3	8
3	2
854	485
3	114
0	83
0	71
0	90
78	25
0	0
38	18
0	18
19	15
5	10
90	2
3	4
1	4
14	5
28	3
13	2
20	4
7	0
17	19
6	34
0	15
0	14
1	14
1	0
0	11
0	11
0	2
0	2
1	26
1	25
0	10
0	7
0	0
0	1
32	0
6	15
0	12
0	3
0	3
9	3
0	0
0	1
0	75
24	152
13	16
0	1
3	106
0	99
0	2
19	8
11	1
0	2
123	4
15	0
21	0
101	0
2	39
3	23
0	39
0	9
0	3
0	11
2	3
0	1
0	9
13	79
0	49
0	46
0	46
0	46
0	6
0	5
0	1
40	23
26	23
92	27
256	102
0	67
2	64
15	38
0	1
0	34
0	102
28	61
0	15
0	7
0	40
62	59
1	23
4	3
0	20
0	19
0	2
2	2
485	414
25	421
0	4
0	25
1	26
0	2
1	0
0	2
10	1
0	2
0	1
0	0
7	6
6	2
0	2
7	4
0	12
0	12
20	10
0	2
185	10
0	2
0	3
24	2
23	76
0	5
8	6
0	30
0	32
4	10
0	10
0	0
0	17
0	1
10	13
0	13
3	3
0	19
5	47
0	70
2	43
23	38
0	15
0	37
0	3
1	23
16	0
2	0
15	0
0	1
0	1
1	0
104	9
0	0
0	0
0	9
0	0
0	0
58	9
1	14
0	19
0	19
41	9
0	4
0	9
0	2
0	2
0	0
35	0
0	4
4	0
7	0
0	5
0	5
0	4
17	17
0	5
31	80
1	0
0	0
1	0
238	79
134	10
0	38
8	38
0	27
3	4
0	4
0	26
0	12
0	5
0	3
7	470
0	268
0	352
12	350
0	475
0	2
30	0
0	25
0	0
338	458
0	87
0	133
17	9
98	21
0	9
92	28
1	2
0	262
1	22
0	72
0	2
0	9
0	0
1	0
0	0
0	13
0	30
0	8
0	8
0	2
29	1
13	2
0	0
0	1
0	1
5	0
0	1
1	0
0	1
0	1
0	1
0	1
0	2
0	1
2	32
0	29
0	32
9	0
0	0
35	1
1	12
5	0
0	12
0	12
0	11
8	11
10	58
27	58
3	15
2	0
0	0
0	0
7	219
3	216
6	96
74	131
0	131
0	117
0	111
0	11
12	33
24	0
0	59
0	94
0	70
0	7
24	82
0	7
0	57
0	20
285	0
20	0
24	0
573	178
0	141
0	66
230	0
0	48
30	48
1	3
1	6
156	36
0	25
0	23
1	25
183	0
432	4419
0	5167
0	868
0	11
0	11
0	0
0	0
6	0
0	0
1	0
2	0
214	0
7	7
0	1
0	1
0	0
0	1
29	28
131	99
1	22
0	21
3	1
12	824
0	18
24	17
19	9
306	7076
123	278
0	278
17	12
0	25
15	30
0	7
0	10
23	42
22	39
0	63
49	62
26	9
77	116
0	0
5	5
7	0
14	18
17	721
7	11
0	11
16	6
9	4
4	7
0	3
30	3
1	3
0	1
0	1
1	16
0	16
0	9
32	4
0	16
68	19
0	18
0	12
0	19
0	1
4	1
30	0
0	0
4	0
0	7
0	6
0	6
11	18
1	3
0	18
0	6
8	6
45	354
0	381
0	380
140	380
2	120
0	149
0	35
0	51
14	51
0	0
1	1
0	35
2	1
0	0
1	4
2	0
0	0
0	0
0	0
0	0
0	0
0	10
0	35
7	47
0	0
140	69
1	69
8	9
41	273
115	160
264	23
0	23
1	21
0	9
0	9
0	1
0	99
0	0
1447	97
0	13
437	13
0	3
0	32
0	30
45	46
0	2
0	7
0	8
3	1
5	113
13	11
0	2
0	0
24	102
0	1
34	128
0	78
0	9
0	3
0	19
0	22
0	3
196	14
2	4
7	10
13	10
8	4
6	7
0	7
1	31
0	31
15	12
0	10
125	56
0	56
105	33
11	37
0	37
0	12
0	9
0	10
0	10
0	3
75	42
0	28
432	45
17	31
1420	7972
213	169
0	63
38	15
0	41
103	41
5	42
0	11
0	3
0	0
3	0
0	1
0	24
0	17
0	17
7	10
0	17
0	3
1	2
0	11
88	19
1	0
164	19
137	12
0	3
30	14
12	14
27	508
14	547
0	15
0	13
1	7
50	13
0	0
4	4
0	7
0	69
281	38
4	11
21	27
0	31
0	31
6	97
0	4
0	76
0	70
0	26
1172	296
103	296
165	12
7	12
7	3
200	292
8	0
66	255
0	230
4	34
12	34
49	69
0	62
0	11
10	106
0	97
0	81
70	58
9	108
0	138
542	137
0	92
0	81
0	216
1	6
0	6
14	0
2	0
17	5
1	5
26	42
0	33
0	42
0	11
0	19
0	1
6	0
0	32
0	27
0	50
1	50
1	2
14	77
0	102
0	13
1	0
6	47
0	3
0	6
0	8
1	8
5	0
1	16
41	14
63	14
0	10
1	35
12	21
0	40
6	0
0	2
704	10
0	10
1	0
1	0
15	59
0	59
76	23
5	20
0	20
0	19
1	10
0	31
5	40
0	5
0	6
0	9
3	2
0	2
0	9
2	29
0	20
0	1
1	1
0	19
2	1
23	0
4	11
0	11
17	4
0	4
0	111
0	113
12	113
0	113
0	5
11	435
525	443
0	55
0	55
12	0
35	10
0	9
609	50
0	18
9	50
29	34
9	19
0	32
1	0
0	0
27	0
0	1
0	1
2	3
0	0
0	67
0	67
105	157
0	131
0	157
0	13
0	13
26	28
3	27
27	4
0	3
0	1
0	21
0	8
57	8
0	6
6	4
0	0
0	2
50	2
0	2
7	2
12	1
0	0
0	6
1	12
0	21
10	21
0	21
0	21
0	20
0	21
0	20
0	20
0	21
0	21
0	21
0	21
0	21
0	21
0	21
0	20
0	21
0	21
0	28
748	546
43	0
0	9
15	10
0	10
0	79
0	77
0	79
0	2
0	55
0	56
0	56
211	60
0	53
7	13
0	152
0	3
0	10
0	9
0	2
0	0
16	40
48	10
2	183
0	39
0	40
0	20
0	20
82	66
13	1
0	16
1	0
0	20
0	0
0	0
3	2
22	365
0	365
1	18
3	1
0	0
0	3
0	60
2	53
200	109
0	70
0	11
0	2
0	2
8	2
143	56
9	2
5	55
8	1
0	54
5	9
0	108
0	78
0	99
0	60
0	87
0	11
0	89
0	2
0	106
19	46
1	46
8	3
0	7
381	0
264	10
0	191
0	9
0	33
633	12
66	9
27	0
1	0
38	36
50	23
32	36
0	0
0	59
0	59
29	0
0	1
0	1
1	121
0	79
0	100
0	38
0	143
0	157
0	157
23	160
362	143
4	48
2	27
5	1
20	1
0	3
4	2
17	1
582	146
0	146
1	80
0	96
0	96
0	143
0	143
603	0
0	81
0	50
0	84
0	0
0	1
0	2
4	0
0	3
27	15
0	84
0	0
0	4
58	233
0	213
0	179
1	17
18	17
0	13
3	15
0	14
0	0
441	58
13	62
16	2
0	71
0	71
0	71
0	71
0	68
11	41
5	106
11	0
3	4
2	0
13	5
0	2
0	96
0	30
9	6
0	17
22	111
0	111
2	7
13	4
2	0
0	0
0	4
0	0
46	183
0	87
68	183
0	72
24	52
85	1
29	38
22	103
0	103
0	40
0	12
0	8
0	8
0	8
0	8
0	8
0	0
1	9
0	2
7	8
3	0
0	38
0	1
0	347
0	347
0	109
0	109
2	20
36	28
0	3
0	1
2	54
92	31
0	31
0	7
19	9
44	49
130	397
229	0
0	0
348	28
21	28
0	0
3	0
0	0
0	0
10	5
0	5
0	1
2	162
15	51
0	47
0	41
0	3
0	2
3	12
262	21
0	21
0	140
0	140
2	25
5	11
0	26
4	8
13	9
643	154
0	63
0	14
0	0
0	15
76	42
19	67
56	42
11	39
0	26
0	1
3	0
33	176
40	191
0	184
93	191
1	191
581	0
45	24
0	9
0	3
0	7
166	203
0	15
17	186
0	19
0	19
0	6
40	67
0	67
0	0
0	3
30	10
0	10
0	13
171	4
96	30
4	5
0	6
28	1
14	1
14	4
0	20
30	0
14	38
9	6
0	5
4	2
0	1
0	30
3	0
1	10
3	0
6	13
39	69
0	41
0	1
40	25
39	86
0	12
0	12
27	309
0	34
0	8
0	4
0	5
0	5
0	2
0	3
0	33
0	14
0	2
0	5
0	2
0	32
0	2
0	39
0	2
0	15
0	8
0	7
0	7
0	7
0	2
0	44
0	18
34	5
0	27
0	281
0	281
0	281
20	29
0	23
0	18
0	16
1	1
9	2
0	2
0	8
0	0
0	6
0	0
0	2
2	0
40	38
0	17
7	266
22	15
2	233
0	2
0	2
0	0
0	272
213	0
0	0
84	993
18	991
0	159
102	58
23	17
3	58
0	3
2	11
43	0
3	5
32	5
1	9
0	13
1	7
0	8
0	3
1	0
10	0
5	32
0	32
57	0
12	605
0	615
0	390
28	322
0	379
16	292
13	299
0	301
21	288
0	216
0	216
0	197
0	56
1	27
163	47
0	38
38	3
0	0
0	1
0	1
0	15
0	2
0	2
0	7
19	0
0	7
35	1
106	28
0	28
1	1
22	2
4	8
0	2
62	11
0	3
103	283
4	52
0	393
0	36
0	168
0	14
2	0
0	0
0	2
0	0
0	224
0	218
0	1
0	75
4	227
27	234
0	358
49	787
0	656
17	51
0	21
0	13
0	1
3	2
0	1
0	1
0	2
6	1
0	1
15	1
211	128
2	54
0	112
7	0
14	6
1	6
0	6
78	44
27	41
0	34
0	34
44	42
0	34
0	34
0	50
0	22
0	9
9	35
0	34
1	0
43	210
18	206
13	0
168	27
11	83
529	0
3	11
0	11
0	2
57	124
9	110
0	106
3	101
40	81
13	80
21	81
0	81
30	1
0	14
108	3
0	38
1	5
24	5
120	1
0	1
0	18
24	7
8	5
3	2
3	13
0	13
5	33
12	13
0	2
0	5
66	39
0	3
0	34
3	0
28	60
0	46
0	11
0	42
20	18
0	3
42	60
101	60
3	52
0	76
18	49
20	6
1	10
5	0
60	41
0	40
32	224
0	3
10	278
4	57
237	278
4	2
0	9
9	0
22	0
0	44
0	50
22	11
0	11
0	32
1	0
0	0
0	0
1	0
8	0
0	1
0	3
0	0
0	9
28	6
0	50
0	6
0	3
0	6
18	4
1	3
308	129
0	88
2	0
2	0
4	105
0	3
6	2
0	3
9	2
2	31
0	130
136	301
0	33
55	60
0	290
27	3
4	4
0	27
32	12
0	84
5	17
181	0
495	59
0	57
200	57
0	36
84	119
0	78
0	0
0	108
0	69
0	1
0	1
0	0
0	1
0	0
11	0
0	9
67	9
115	161
14	96
15	20
10	75
0	10
5	1
2	1
86	920
19	920
3	920
0	262
0	262
0	271
220	262
0	61
0	42
0	0
25	111
5	6
1	61
994	69
0	59
0	48
295	11
0	38
0	0
241	30
2	11
0	0
0	19
0	2
0	2
0	17
0	8
0	11
0	33
0	8
0	21
0	10
4	56
0	13
0	9
0	28
63	93
0	2
0	3
0	51
0	85
0	0
42	1
76	49
480	85
226	43
0	2
0	3
9	4
4	3
0	49
0	242
0	3
0	229
0	6
0	261
0	63
125	58
30	6
2	1
0	0
0	0
0	0
0	0
10	0
83	8
3	16
0	174
1	1
0	172
0	159
201	0
5	4
67	63
0	63
0	61
2	6
0	3
0	16
0	0
1	2
0	1
0	1
1	1
0	1
3	11
0	0
0	34
38	87
161	144
0	144
61	47
0	15
0	87
73	120
0	25
0	94
0	75
0	121
100	5
0	21
0	55
4	14
14	15
32	10
4	10
3	0
0	3
0	1
1	43
0	34
10	20
0	20
157	66
1	1
2	1
8	66
14	319
0	30
0	0
0	348
0	199
0	224
0	6
0	226
0	3
0	201
12	213
17	65
9	65
0	53
0	17
0	21
17	27
39	16
0	10
0	2
0	5
6	27
7	27
0	43
0	43
0	1
34	22
0	12
1	4
0	2
3	5
0	28
174	157
0	0
47	129
27	32
0	11
0	5
0	0
1	1
3	1
0	9
0	5
3	1
0	21
0	21
152	397
0	31
4	114
0	8
38	252
23	3
10	3
0	252
5	1
0	1
1	18
0	18
0	13
0	97
0	29
35	56
0	9
310	21
5	4
3	12
0	7
0	10
0	9
8132	3729
0	7
166	13
627	25
0	2
0	6
0	30
18	29
33	0
0	4
0	0
0	1
0	3
9	3
11	0
0	1
2	0
0	88
0	9
0	84
1	80
14	84
25	5
2	5
15	1
77	0
10	3
0	3
3	0
0	611
37	582
0	513
56	613
0	6
4	6
6	6
10	456
129	436
0	460
0	204
0	109
0	14
0	0
2	5
0	5
7	22
0	22
0	4
30	5
1	2
0	7
0	5
0	0
1	5
0	7
0	19
0	2
0	12
0	1
47	115
15	115
0	48
1	32
0	18
10	35
4	3
0	3
0	3
0	1
0	3
10	8
0	8
61	35
0	35
0	35
0	30
0	11
0	4
0	2
0	0
223	353
0	34
7	34
213	55
48	24
0	16
0	23
7	0
2	1
5	19
24	4
0	3
0	38
0	2
0	379
0	379
0	2
0	2
0	6
1	3
0	1
0	2
18	1
279	1
3	0
0	1
220	3
0	110
66	393
0	53
0	111
0	357
13	36
13	62
0	1
0	1
1	4
774	0
0	0
35	239
2	239
28	86
256	70
1	59
7	29
185	15
0	38
0	13
4	7
0	24
0	26
171	82
4	41
0	45
1	1
7	0
0	2
0	2
0	15
10	0
0	11
33	11
0	9
0	48
0	48
0	3
8	0
0	8
0	8
0	2
0	60
0	76
11	76
0	60
0	0
0	13
0	13
26	46
1	52
0	6
13	13
0	6
0	11
12	1
0	1
36	25
0	32
78	32
0	1
0	2
1	0
13	0
0	98
6	0
1	0
169	56
14	78
10	70
18	69
7	62
7	0
0	2
402	1784
0	1784
27	1
9	149
0	48
0	43
0	14
0	0
0	0
10	0
0	11
1	10
0	10
2	111
258	109
0	70
3	33
0	0
119	87
0	40
91	37
5	0
0	37
1	1
0	0
55	0
7	2
12	18
17	18
1	18
0	36
0	40
0	40
0	40
0	1
14	4
0	2
2061	112
0	112
0	268
4	268
77	56
0	7
0	18
0	0
0	6
0	18
0	1
10	20
0	12
301	16
15	16
5	15
0	15
0	7
1	2
118	11
94	5
14	11
0	0
10	0
333	62
0	41
63	27
0	11
0	12
0	27
0	27
618	23
0	23
0	12
88	279
0	279
1	0
0	0
0	9
4	15
2	0
1	34
1	35
1	8
0	360
0	0
0	359
89	34
0	3
0	0
0	1
2	0
1	1
30	9
0	0
5	105
0	26
14	105
20	26
0	109
0	3
4	98
13	14
172	0
168	95
5	0
25	7
0	4
0	4
0	32
0	35
0	35
7	2
0	4
0	35
57	23
8	14
0	0
5	9
1	2
0	1
6	2
62	0
120	31
0	18
0	20
0	1
0	6
12	0
56	119
95	117
35	69
0	5
24	102
8	102
0	87
1	86
0	0
11	15
0	15
0	590
0	591
0	119
0	283
29	234
0	238
0	0
5	0
3	44
1	42
8	16
11	177
0	1
0	177
12	27
0	30
0	15
162	88
0	10
423	78
1	113
173	137
9	1
0	22
5	22
0	3
0	9
0	9
0	9
0	9
0	9
0	9
139	49
29	54
2	37
52	9
0	7
2	1
0	0
3	0
0	0
0	0
0	8
24	51
134	30
10	30
0	27
4	4
0	3
0	3
0	3
7	8
0	0
0	33
32	33
0	3
11	3
0	2
0	4
121	10
1	5
41	10
0	4
6	2
0	1
499	1
24	6
0	6
0	1
0	29
0	27
0	23
0	20
4	54
0	31
0	52
0	46
129	25
2	20
163	22
0	3
0	2
0	2
32	2
54	2
15	2
15	2
91	1
0	0
15	1
0	1
0	0
358	149
0	4
3	149
2073	345
52	501
1	219
0	223
0	506
1	151
0	167
0	212
0	80
0	85
0	15
7	0
3	132
0	3
0	78
0	110
8	110
2	11
26	11
1	5
0	22
0	22
0	13
0	3
0	0
5	0
0	0
0	0
3	0
0	13
0	13
1464	22
0	20
19	0
30	27
0	27
64	1
0	7
0	0
0	0
0	7
0	32
0	32
0	32
22	13
14	21
0	21
10	20
0	20
0	10
43	12
0	7
330	1003
13	773
43	961
0	771
56	2
0	225
28	1003
27	50
145	48
14	48
11	7
3	1
0	6
0	2
35	0
0	0
75	14
1	15
0	34
2	34
0	30
32	1
11	0
72	0
0	13
0	13
0	5
161	725
0	10
35	61
58	22
346	18
44	126
0	114
2	21
0	34
2	0
1	0
7	0
58	13
0	13
0	0
0	318
0	19
0	19
0	332
15	314
13	5
18	25
0	332
5	51
0	51
0	52
0	45
82	54
0	21
0	14
2	1
35	53
0	53
0	29
3	40
25	28
0	29
0	35
319	21
4	2
0	2
2	0
0	6
17	81
3	76
41	20
15	66
15	599
0	62
1	1
163	89
145	105
0	45
0	41
772	14
11	27
0	12
0	28
51	13
2	4
7	4
0	4
0	4
3	2
19	15
0	13
1	15
0	13
6	0
53	0
12	0
69	6
0	7
0	7
0	7
3	24
17	24
0	9
0	9
0	3
0	6
0	8
0	24
0	5
0	9
7	9
0	4
1	3
3	3
0	9
0	290
0	67
468	0
430	55
1	55
2	42
0	4
0	1
0	2
0	3
0	0
0	0
0	3
0	0
0	0
0	0
0	42
2	3
53	24
0	21
4	24
0	24
9	17
0	14
0	14
5	43
329	255
31	212
7	185
24	2
0	4
57	0
0	278
129	69
7	14
0	4
2	2
0	21
0	17
0	20
3	118
74	13
0	56
83	138
0	44
0	51
3	21
0	52
38	13
0	13
0	11
5	0
171	1
15	9
0	8
252	31
1	4
10	0
0	0
12	0
3	2
4	2
0	0
0	2
151	0
0	120
65	316
1	55
15	41
0	10
0	13
0	8
0	8
0	8
0	10
0	10
0	10
0	10
0	3
0	101
6	38
0	8
0	36
0	37
0	37
0	37
4	1
0	1
2	0
1	28
0	10
10	28
0	9
0	9
0	12
0	8
0	8
0	37
0	34
0	35
0	1
4	0
89	7
0	7
5	0
1	1
18	1
0	50
7	25
0	17
0	226
49	1
152	250
119	79
29	12
0	2
42	21
9	5
0	5
4	112
0	4
0	114
12	139
0	81
5	10
2	24
0	6
1	112
41	53
0	139
2	21
9	49
0	97
13	72
14	93
0	35
21	27
0	27
0	26
0	3
0	53
0	2
1	77
0	52
0	2
21	35
181	100
0	83
0	32
0	15
0	43
26	19
0	1
2	5
0	66
127	0
0	1
274	11
0	11
2	9
0	14
5	8
0	10
0	24
0	24
0	25
0	25
0	45
0	45
0	46
0	46
0	23
0	23
0	24
0	24
0	13
29	91
0	62
0	90
0	8
13	7
0	7
5	25
29	39
0	6
0	33
26	100
0	115
0	6
16	32
0	24
25	17
26	34
40	34
0	12
3	5
27	3
2	3
0	45
266	62
582	35
9	21
20	23
24	0
16	2
180	2
66	3
0	2
0	6
1	20
0	21
0	16
1282	0
327	37
0	37
5	178
0	38
0	21
0	24
0	21
0	24
0	21
0	21
0	207
445	84
32	1
0	7
0	131
4	52
107	175
1	7
188	147
0	77
0	112
0	2
0	1
0	43
0	39
14	1
0	36
0	0
2	0
0	0
1	0
1	8
0	0
106	2
11	10
14	62
0	62
0	62
0	62
0	62
0	0
4	1
105	66
5	32
0	0
74	7
66	7
0	1
15	0
8	0
10	10
4	16
0	0
0	6
46	318
24	315
26	178
0	3
137	5
20	42
42	59
0	43
0	34
0	30
0	81
144	577
34	255
235	0
490	0
0	19
32	114
0	9
109	192
1	51
0	5
0	158
0	14
0	59
33	105
0	5
0	5
4	174
0	3
0	2
0	27
52	53
20	69
210	0
485	509
63	441
0	283
30	121
0	26
0	26
0	1
0	1
26	46
44	98
9	38
0	26
63	41
0	6
14	8
0	46
62	0
15	20
0	20
0	69
3	69
0	13
49	61
3	58
0	76
2	43
0	54
0	33
24	4
0	4
14	3
0	3
0	2
0	4
0	28
4	28
0	3
9	0
0	9
8	6
0	6
0	85
61	85
293	51
62	3
6	3
0	112
13	112
0	93
352	183
0	37
0	112
0	18
0	105
0	5
0	4
32	3
151	0
38	40
21	38
0	27
1	3
6	6
0	6
0	0
0	2
0	9
3	9
0	9
0	11
3	7
23	2
33	55
0	49
0	29
37	2
0	2
0	2
16	0
11	0
3	19
2	9
5	2
0	2
33	156
0	116
0	2
0	110
0	48
0	23
1	9
8	171
37	120
2	144
0	13
0	8
0	23
0	18
0	13
0	7
7	48
21	48
30	59
0	14
47	90
50	23
6	63
0	21
0	21
5	1
456	435
0	158
197	440
0	444
0	3
0	1
10	4
1	1
0	1
0	57
17	0
0	210
57	200
0	26
0	10
0	36
2	0
10	0
14	156
214	188
23	30
0	25
0	26
2	0
1	2
1	11
0	25
14	4
1	0
122	4
0	82
0	82
11	63
0	67
0	0
98	40
32	749
0	31
360	46
72	865
0	845
0	26
0	115
0	46
0	126
0	13
21	206
3	226
0	84
14	16
166	29
235	25
0	25
16	68
0	68
6	0
2	85
18	67
3	0
8	0
0	85
12	242
0	390
357	343
0	99
249	556
0	26
0	26
0	24
229	718
0	691
0	141
0	135
0	30
0	33
0	33
10	0
4	18
0	23
0	20
0	27
0	22
0	27
1	12
0	3
46	14
0	15
2	14
56	69
0	13
0	23
51	26
0	22
0	40
0	40
0	4
0	40
0	32
0	25
22	17
0	1
0	1
5	0
48	9
0	9
86	0
0	12
0	12
0	5
23	0
16	4
0	4
107	0
0	83
0	42
0	83
9	75
0	79
259	194
0	107
0	107
0	1
7	2
14	111
0	111
24	0
0	6
0	6
0	47
2	0
17	313
0	47
0	0
24	313
0	105
0	105
9	2
0	2
0	11
10	27
0	10
0	1
0	1
0	7
1	11
430	45
1	30
17	30
0	3
0	32
0	95
0	95
0	89
1	3
0	1
6	27
2	0
0	0
0	34
1	0
0	46
0	37
0	8
1	8
0	5
1	1
112	2
72	63
20	0
60	30
0	3
1	30
3	0
0	87
0	87
2	2
0	2
0	8
3	8
0	8
0	1
9	6
0	0
2	0
0	0
0	5
0	0
0	8
0	5
0	0
0	8
0	0
35	68
0	19
39	125
0	50
42	31
10	3
4	21
30	136
170	114
0	14
0	14
0	10
19	0
83	43
0	43
0	42
0	0
52	45
0	16
6	30
0	1
7	0
0	1
9	14
0	0
0	0
0	0
0	0
0	5
0	1
0	3
1	0
3	0
0	39
15	3
266	60
0	1
0	0
0	2
0	0
0	13
0	0
0	23
14	24
0	23
0	18
0	5
0	13
41	19
1	0
7	19
25	8
26	7
0	7
8	0
0	45
0	46
0	35
147	2
0	0
0	164
2	5
0	5
6	47
0	55
0	55
45	1
1	1
7	1
0	268
2	269
0	3
0	3
0	3
0	3
0	1
0	3
57	127
2	120
0	72
0	0
0	9
0	0
0	13
0	8
2	0
21	7
0	7
1	0
312	32
1	30
0	2
0	15
0	0
0	0
0	0
0	2
0	30
13	10
164	10
0	2
10	0
65	5
0	5
0	2
0	148
0	148
0	148
0	7
0	10
4	10
0	0
0	3
2	0
2	0
2229	197
2	73
0	4
0	124
31	3
0	3
0	2
0	2
2	2
225	0
7	7
0	6
0	4
0	28
0	3
20	0
0	0
0	0
2	0
31	28
27	1
57	1
9	1
0	1
0	0
0	45
931	80
2	11
43	81
0	48
0	4
0	11
0	48
24	5
0	5
0	0
13	4
2	2
0	2
576	1
0	1
0	1
0	1
3	0
2	0
0	0
0	0
10	0
2	0
24	8
0	8
4	1
0	84
0	64
0	2
8	58
0	4
16	57
0	57
9	49
0	74
78	63
42	5
0	671
0	671
0	8
19	399
0	45
0	72
0	30
222	47
24	47
11	0
18	10
0	10
0	1
1	0
26	0
12	208
0	208
1	2
2	5
3	2
0	1
15	0
0	46
0	27
8	21
0	41
0	32
7	39
8	0
162	0
87	7
1	6
3	1
17	11
0	4
458	3
1	2
19	18
0	25
0	10
8	0
129	29
3	31
0	31
59	70
4	82
16	95
0	0
0	14
284	1
0	3
1	3
0	129
13	91
0	22
6	0
5	55
0	24
0	44
30	60
0	46
6	14
8	10
2	7
2	1
0	1
0	0
0	0
0	0
0	0
0	0
5	382
0	279
505	23
0	18
9	18
38	14
0	2
2	22
0	12
4	19
7	139
1309	122
0	18
62	32
61	82
2	200
0	50
0	16
0	3
0	16
2	215
18	215
0	215
90	135
41	177
66	145
0	11
0	19
0	28
0	11
0	46
0	50
22	87
0	54
0	63
0	11
0	19
0	0
40	321
28	321
14	23
0	1
0	1
0	23
0	24
5	49
0	51
0	101
81	52
0	5
3	4
0	3
0	51
38	735
0	3
20	735
0	732
0	74
5	5
0	685
0	137
1	0
383	0
139	259
692	0
61	0
2	43
27	57
0	0
0	53
4	3
40	3
43	33
9	33
33	31
12	0
4	1031
333	1031
0	280
1	0
0	0
0	7
108	15
0	12
34	14
0	14
2	2
0	2
17	117
4	130
0	198
10	182
1	136
7	34
0	81
2	3
18	7
0	20
1	67
11	43
0	14
8	29
8	66
0	72
0	24
69	30
0	6
0	2
2	0
0	0
59	34
0	5
32	134
0	3
18	25
0	4
0	92
9	127
0	24
0	17
0	17
0	17
0	1
0	3
0	3
0	0
12	2
12	1
6	7
0	11
2	11
47	3
0	2
0	33
0	5
0	31
24	76
0	10
931	0
24	255
0	31
4	24
16	28
0	18
0	6
0	2
47	218
0	56
9	84
44	1226
1	604
12	547
0	0
1	0
0	1
0	622
0	3
0	3
0	1
4	3
34	0
0	2
22	0
20	0
0	20
0	35
11	35
190	20
0	19
0	18
0	15
0	6
1	6
0	14
1	15
0	1
2	1
0	2
0	1
3	1
6	12
0	20
1	0
4	0
398	0
0	0
150	134
0	120
29	84
0	35
1	8
0	5
0	0
0	39
205	39
0	301
0	301
14	98
127	98
3	144
1	60
12	75
0	56
2	0
63	75
0	10
0	8
0	2
0	2
50	32
13	45
0	43
7	0
6	0
54	6
0	122
34	2
0	3
0	1
53	1
0	0
120	0
0	11
0	11
0	0
118	14
0	6
32	1
4	15
12	110
0	205
0	205
0	21
43	0
17	0
31	105
0	61
760	45
0	7
23	26
20	0
9	36
44	67
113	52
81	54
101	38
25	50
0	27
31	39
0	24
0	5
16	25
0	27
0	34
0	9
19	2
24	101
43	0
183	89
47	0
761	232
0	31
0	58
59	208
0	8
0	43
0	1
0	0
0	1
0	25
0	1
0	43
29	23
0	128
0	128
0	6
0	2
15	108
1	1
0	106
0	0
0	0
3	1
80	101
63	76
0	46
0	0
8	78
2	2
54	4
0	4
0	4
50	4
0	4
0	4
12	4
57	1
0	3
6	2
27	0
64	34
63	36
12	5
35	2
0	6
0	4
2	16
0	1
17	44
0	44
3	0
0	0
0	0
0	385
0	385
0	319
0	333
0	18
0	10
1	15
8	27
0	30
0	25
1	0
272	396
0	396
18	0
3	0
504	168
2	168
6	99
0	6
0	3
20	21
2	3
3	0
0	3
492	0
0	34
102	17
4	17
4	17
113	1
6	2
0	9
0	9
0	139
0	68
3	32
0	32
3	1
0	45
0	45
0	24
8	33
3	21
0	2
0	0
0	32
0	4
0	4
0	4
17	32
0	32
12	11
0	0
1	9
0	0
0	0
0	4
0	0
0	2
0	2
1	3
3	2
0	48
0	48
0	2
32	5
0	1
22	207
0	207
29	21
58	139
0	26
0	9
0	12
7	25
0	13
0	16
0	0
0	0
3	0
21	64
0	61
0	41
9	22
0	22
2	22
0	0
41	18
0	7
6	79
380	39
0	12
0	1
0	1
1	1
27	27
2	0
33	238
0	238
0	237
39	0
2	179
19	36
0	217
0	5
2	8
27	186
1	11
103	145
0	36
0	37
0	16
1	16
0	2
6	2
0	6
0	30
0	102
24	113
474	27
136	57
11	32
0	81
0	81
2110	132
8	131
0	92
0	46
271	80
2	1
29	15
0	13
1	0
282	198
0	198
34	48
0	3
0	7
1	26
0	1
0	2
0	41
0	120
0	39
36	488
0	493
0	509
38	417
0	212
20	140
0	77
1	7
0	7
538	2
43	100
0	100
0	0
709	42
0	42
12	0
1	37
52	60
0	1
0	32
1	310
0	56
0	149
9	38
0	38
0	38
2	4
0	1
1330	230
0	106
0	15
0	121
0	15
0	46
7	22
0	41
0	11
0	11
0	50
20	50
0	23
0	24
0	23
0	23
0	23
4	0
29	9
0	2
0	3
46	27
0	24
87	122
0	13
0	8
1	3
3	88
0	21
0	160
0	109
108	134
0	129
370	0
1	0
19	0
0	266
5	85
0	259
0	103
0	39
72	60
0	63
9	29
0	61
1	0
0	266
0	0
0	0
0	99
0	99
1	99
0	29
0	29
0	12
2	29
5	80
2	0
0	0
1	0
0	2
1	17
41	14
0	10
2	11
0	17
5	6
0	6
15	0
382	1
111	0
0	0
7	4
1	4
6	2
0	2
1	2
0	6
3	261
0	221
0	17
0	19
0	49
0	50
0	100
28	256
7	5
0	5
0	5
4	13
174	3
1	3
0	1
38	0
3	0
3	91
0	88
0	82
0	50
0	45
0	4
3	54
196	382
0	151
1	5
0	88
0	0
0	7
2	12
0	6
0	63
0	62
0	5
2	51
0	46
6	2
23	20
0	42
2	42
0	8
0	47
49	7
0	16
0	6
0	6
391	10
0	10
0	23
28	35
0	35
1	12
0	9
0	23
20	37
0	10
1	1
0	10
0	28
0	13
3	33
71	33
0	28
0	28
1	13
0	1
0	2
0	26
0	25
0	4
14	16
2	3
7	2
0	2
1	0
10	1
0	2
0	2
3	9
58	0
0	8
2	33
0	33
4	0
11	107
35	107
1	18
2	18
1	44
2	49
0	2
1	42
7	1
0	0
31	22
3	6
91	1
0	15
12	36
0	13
278	10
0	6
0	6
0	0
0	0
0	0
7	0
7	0
0	6
0	5
3	0
0	0
0	0
0	5
35	67
0	51
72	100
0	3
0	3
0	14
3	0
6	14
0	1708
0	14
0	426
0	4
0	747
274	1702
0	6
0	4
0	4
0	1
59	62
0	27
0	4
0	1
0	6
0	6
0	6
0	3
0	1
0	919
0	2
0	5
0	5
0	1
0	62
0	2
0	2
0	4
5	5
0	3
4	3
0	0
7	1365
0	1295
9	0
0	1366
0	1363
0	1366
134	0
0	5
0	10
0	10
0	4
2	1
12	0
0	152
0	2
6	0
94	2
0	2
0	7
27	573
0	573
0	42
5	0
1	1
30	26
0	8
4	1
0	0
0	0
24	12
14	31
0	46
16	78
0	70
0	27
233	0
2	109
8	109
0	5
43	5
11	0
6	45
0	138
24	343
2	0
2	1
1	2
0	343
20	68
0	68
0	2
29	15
16	1
0	1
1	1
0	18
0	18
0	9
601	101
0	25
5	44
42	146
215	169
5	147
4	6
0	7
0	39
0	66
0	6
69	13
1	12
11	0
2	0
0	58
0	58
0	58
0	58
0	9
0	12
0	13
1	11
23	86
61	126
0	0
3	23
0	23
0	1
1	2
0	2
0	1
66	76
1	76
0	5
6	0
6	0
0	5
11	3
0	1
0	0
0	2
0	2
31	2
6	1
8	1
6	29
0	27
4	27
0	29
0	10
0	50
188	59
0	59
7	26
1	6
0	26
0	88
0	0
82	10
0	1
0	2
0	0
2	0
0	7
0	2
492	7
0	1
4	3
0	3
95	3
4	2
0	1
5	0
0	1
21	2
0	2
39	7
0	0
3	0
5	0
8	7
0	2
214	2
0	1
0	1
2	0
2	1
7	30
277	242
0	7
0	71
0	76
2	7
4	0
0	0
0	5
0	5
0	2
7	16
0	1
0	96
1	66
0	17
8	50
0	1
0	31
11	0
0	2
0	7
6	2
0	6
0	3
0	6
0	3
1	0
0	5
1	1
0	4
0	2
0	3
0	2
0	1
10	1
0	0
15	15
0	14
0	11
11	1
0	2
0	31
0	31
0	10
0	16
2	19
0	16
16	3
0	3
378	23
138	185
7	19
0	0
1	166
11	16
0	20
0	4
8	22
0	24
0	14
0	4
50	117
0	88
5	8
18	33
0	5
65	0
33	0
32	21
0	13
25	72
2	0
0	72
1	78
74	27
1	26
14	3
0	76
0	3
1	17
0	49
0	209
311	196
2	0
11	0
0	12
5	7
0	7
8	7
0	7
0	5
0	5
0	0
1	0
59	0
11	126
0	59
31	50
0	69
0	0
0	126
0	54
0	54
1	0
0	1
0	4
0	2
29	46
0	7
0	37
20	12
0	4
39	4
8	0
58	33
12	133
0	125
20	0
3	65
43	59
1	191
48	17
0	375
406	568
0	2
0	17
7	15
2	0
26	7
0	60
0	60
0	30
0	11
0	60
0	0
0	6
0	4
0	60
37	79
52	68
0	26
0	12
0	6
0	6
4	0
1	0
5	0
11	0
0	252
0	63
0	231
26	88
0	45
0	20
0	26
0	42
0	10
0	26
0	5
0	26
0	8
0	5
0	45
0	15
0	15
0	15
44	162
6	163
2	7
0	6
2	1
0	1
0	2
0	9
0	5
13	9
0	8
35	0
0	24
0	24
0	1
0	4
0	8
0	0
0	8
3	319
0	52
16	0
90	126
1	126
0	0
0	54
0	47
0	54
50	25
0	59
0	52
0	59
82	146
0	146
42	115
0	35
0	7
0	2
0	2
0	65
0	79
58	57
3	0
0	31
0	58
82	1650
0	1650
81	10
0	5
44	40
1	38
950	6
0	2
0	1
0	1
0	4
9	16
0	3
190	87
0	52
0	1
1	1
0	93
0	126
20	126
0	17
10	2
0	81
0	81
0	2
0	27
0	27
0	27
0	15
1	7
10	8
6	1
3	0
0	7
0	2
1	2
0	3
31	4
46	102
0	45
0	50
1	60
0	54
0	45
0	63
0	11
0	44
31	43
9	43
0	13
6	0
0	0
1	5
0	5
0	6
0	5
0	2
4	2
32	5
3	84
0	6
0	25
2	50
43	97
3	97
0	2
0	2
6	11
0	6
34	15
7	22
0	22
36	22
0	8
2	11
0	11
0	1
14	0
7	50
1	0
0	3
0	3
9	1
0	98
1	98
1	72
0	0
5	5
2	5
0	16
0	7
0	10
3	1
0	16
2	9
0	8
0	9
2	9
0	27
1	1
0	27
120	25
0	21
0	4
0	1
13	1
0	4
0	20
711	17
0	28
2	28
0	2
10	1
0	14
0	14
1	39
1	7
16	52
414	73
0	17
0	15
0	1
196	2
6	6
0	4
3	2
1	11
0	11
0	42
0	38
0	38
2	29
0	30
23	13
0	2
0	0
0	0
1	0
0	2
0	1
0	0
3	0
0	30
0	30
1096	176
9	51
5	0
0	168
53	0
0	14
33	25
6	13
0	0
0	0
0	6
3	6
2	0
6	0
144	24
0	0
0	0
0	0
0	19
0	296
0	206
346	2661
51	2663
46	2601
61	2578
0	8
46	75
366	74
23	96
0	56
0	65
16	9
0	0
0	1
7	0
0	5
0	28
0	4
5	1
12	81
0	19
0	2
1	0
0	1
55	60
0	4
0	22
19	22
13	1
2	0
142	115
0	115
0	1
0	0
798	64
2	3
4	0
0	55
0	1
27	0
0	3
0	3
0	1
0	2
0	6
1	1
0	1
0	55
0	55
0	55
96	21
91	21
0	101
0	101
0	110
24	21
12	1
3	4
18	89
68	394
0	282
45	5
0	0
33	13
0	389
0	101
543	100
0	110
19	3
9	0
2	3
2	1
3	0
68	394
0	389
0	24
10	15
0	1
31	0
16	10
1035	0
4	0
3	0
0	0
14	5
0	5
0	102
0	108
1	120
0	91
0	91
11	90
0	1
0	65
0	3
0	4
0	6
0	6
0	2
4	2
0	4
0	4
0	115
0	122
0	122
0	6
0	22
0	12
0	417
0	343
0	230
0	61
58	183
3	44
19	602
0	547
0	2
80	47
27	47
1	0
4	5
40	41
0	33
0	11
0	2
1	0
0	2
0	6
38	36
0	2
781	12
341	425
0	411
0	18
16	1
0	4
0	1
0	65
254	90
0	90
1	0
0	32
0	0
27	1
2	1
573	3
0	7
24	15
3	12
0	11
0	9
0	9
1	1
0	0
303	473
0	473
13	15
0	13
0	8
0	28
0	27
0	28
3	14
0	15
1	9
0	1
1	0
0	1
7	173
1	173
0	0
0	127
297	41
0	40
237	23
0	19
0	16
0	0
0	0
0	63
0	58
61	59
0	49
0	49
20	8
0	15
6	0
12	0
14	7
0	78
0	15
0	78
91	29
0	29
69	26
0	2
632	479
82	479
0	11
62	18
0	18
32	130
0	130
2	4
0	113
3	96
4	2
0	236
36	240
12	31
0	5
0	7
373	47
1	26
0	27
0	4
0	1
12	1
3	0
5	0
1	42
0	42
0	13
464	25
0	42
9	2
0	3
0	19
2	1
87	18
132	0
3	83
0	115
71	66
17	105
20	3
33	25
0	12
0	13
12	37
0	1
1	36
1	36
0	25
51	246
0	96
0	240
1	250
0	96
0	45
5	169
0	167
0	19
0	85
0	75
0	72
0	82
0	28
15	87
0	82
1	27
31	19
0	17
0	1
30	1
2	1
14	0
1	0
0	18
23	18
6	18
0	17
0	15
1	2
29	42
20	3
0	1
12	16
4	1
0	1
20	40
38	1
0	0
3	1
1	0
13	0
0	8
0	0
0	422
1	406
0	210
2	8
4	0
0	0
2	8
0	8
145	15
0	17
0	17
0	15
0	1
0	1
2	9
0	3
0	1
35	314
17	168
0	76
12	5
0	109
9	95
6	4
18	49
53	52
0	13
44	34
0	16
388	47
47	58
6	30
2	20
0	20
12	12
0	12
11	17
4	4
0	17
9	1
39	4
0	1
120	0
42	33
31	166
4	176
2	152
3	1
2	1
0	10
0	5
0	5
1	1
0	4
0	4
6	18
0	13
1	19
0	11
0	11
0	11
0	11
0	0
0	0
0	13
1	0
0	0
75	27
51	26
0	3
13	2
0	25
3	124
256	26
0	34
0	14
0	62
17	1
60	293
133	194
0	124
149	123
0	44
0	106
0	154
73	58
0	52
0	84
0	72
144	23
0	23
0	22
0	29
0	39
11	21
35	0
0	78
7	71
0	65
49	48
1	3
1	0
0	1
0	2
0	2
0	2
0	0
28	2
11	2
52	15
9	5
0	11
0	169
0	10
8	8
0	5
0	157
1	2
40	158
41	204
0	7
0	0
81	197
13	26
1	1
0	0
1	0
0	38
0	38
0	0
0	9
389	0
0	3
0	3
0	16
0	74
0	16
64	84
29	1
28	131
0	130
8	0
31	26
0	0
39	27
2	27
0	104
0	55
0	8
0	8
0	2
4	2
1	1
0	1
0	2
0	0
1	1
0	1
6	2
0	313
0	313
0	62
0	29
0	29
0	56
0	29
8	49
0	16
0	52
10	19
0	15
0	9
0	37
0	33
0	4
24	4
0	2
0	12
39	12
0	54
113	2
4	2
0	2
0	1
0	1
5	1
9	34
17	22
0	16
0	6
28	23
2	3
0	21
9	0
0	4
78	197
3	18
0	26
16	207
0	14
240	3
45	3
0	75
0	75
1	6
0	17
0	10
12	17
11	18
32	5
1	5
0	4
0	3
16	36
0	36
0	61
91	167
0	156
32	72
22	98
0	95
27	0
63	8
62	47
0	52
0	30
0	10
0	1
6	13
29	0
0	0
117	41
20	129
14	113
0	37
69	164
0	65
0	90
12	51
56	88
15	0
10	0
5	38
0	38
0	7
0	924
17	880
17	434
29	187
0	219
0	525
41	478
0	0
0	0
0	24
292	24
0	2
0	3
22	6
5	2
0	2
0	101
5	222
0	27
7	28
0	2
0	13
0	222
6	81
0	93
3	14
19	11
0	0
0	0
1	1
0	0
0	15
18	1
0	14
0	14
0	14
0	0
26	14
0	3
1	3
1	14
2	22
0	22
0	24
0	4
8	3
0	2
0	3
0	5
0	3
0	4
0	4
5	0
2	4
13	21
0	17
13	23
0	36
0	35
0	35
18	3
53	0
1	1
5	0
114	30
12	28
8	4
16	12
5	12
337	385
0	396
0	319
0	248
0	256
0	256
0	249
1	256
0	88
0	19
0	19
0	524
0	528
0	268
48	27
0	156
0	155
0	0
0	0
0	2
0	5
0	210
0	199
0	71
10	101
78	63
23	51
6	106
170	74
82	95
17	38
1	57
244	0
9	0
0	0
19	0
162	47
2	2
0	47
6	0
3	3
9	6
0	13
0	12
0	13
0	12
0	5
149	36
0	37
0	17
0	32
34	45
0	52
2	7
0	7
1	8
0	15
0	15
0	53
0	53
0	53
0	2
0	2
0	31
0	29
0	29
213	36
3	35
3	63
17	1
46	233
0	233
0	61
0	57
0	1
6	1
0	0
12	0
0	1
0	30
1	30
0	2
0	2
49	2
1	0
15	1
0	1
0	8
0	8
7	7
0	1
110	0
122	26
1	8
2	17
0	2
2	2
1	1
0	9
14	70
25	57
0	46
0	2
5	1
16	2
0	19
1	19
0	17
2	13
1	4
144	43
0	43
8	36
123	89
1537	21
2584	1272
12	1
0	19
0	124
0	139
3	23
1	19
3	19
30	43
0	14
6	20
18	20
26	52
3	5
0	14
3	3
8	39
0	624
1698	624
1	9
29	393
25	13
0	73
0	73
0	73
0	73
0	73
0	73
0	71
0	14
0	75
0	6
0	16
0	26
6	87
30	21
2	32
0	20
0	4
0	21
0	67
0	27
202	16
10	16
5	38
0	38
280	17
0	80
26	78
0	37
0	43
0	59
0	21
9	34
0	40
0	12
0	23
0	23
0	25
0	23
0	30
0	32
0	11
8	4
19	14
0	10
16	21
0	21
0	0
0	2
4	63
16	50
0	62
340	160
4	1
0	13
0	2
0	47
0	6
0	6
0	6
0	6
0	2
18	15
0	6
8	1
3	1
0	0
15	35
0	12
0	8
0	15
1	15
0	2
0	1
0	0
1	7
0	8
8	0
0	6
1	0
0	6
0	5
0	6
2	3
3	2
42	0
90	0
8	0
9	29
0	23
5	1
2	16
4	1
0	14
4	0
0	0
2	0
0	22
0	4
0	16
2	0
0	1
0	3
0	1
0	1
0	0
0	11
0	5
2	8
0	2
0	22
0	28
5	54
2	41
0	27
0	40
0	4
0	48
1	56
14	33
0	17
0	13
0	15
0	10
0	13
0	4
9	0
0	0
17	0
47	11
0	11
39	16
0	16
3	13
0	0
0	0
3	0
0	41
0	14
0	0
0	41
5	23
56	174
0	30
0	25
60	109
0	107
4	57
15	144
21	100
8	111
0	45
0	1
35	33
10	11
11	56
1	35
303	12
54	21
0	4
5	0
2	7
0	14
0	0
14	11
1	8
10	3
0	3
124	193
3	29
0	23
1	21
0	21
0	11
19	0
195	0
3	10
0	143
0	115
0	3
9	0
0	29
0	25
11	25
82	99
0	150
29	150
2	0
23	66
0	38
3	38
20	29
0	33
0	29
3	0
4	40
0	0
0	0
0	1
0	3
2	3
5	4
38	111
0	39
24	22
0	140
39	135
588	135
52	63
32	81
0	81
2	19
81	0
36	30
0	30
3	42
0	29
0	29
1	0
9	0
0	0
0	3
0	0
1	7
0	33
0	32
0	16
0	0
0	26
0	1
0	3
13	1
20	74
0	52
0	54
7	40
0	0
0	0
0	24
2	0
0	74
3	0
0	0
3	3
13	3
116	243
0	90
0	12
5	196
0	18
0	16
0	9
0	6
0	4
0	7
6	4
5	5
0	5
0	10
0	10
0	2
0	16
0	16
0	16
1	9
0	3
0	3
0	1
0	3
0	3
0	9
1512	0
74	56
0	56
14	91
0	62
0	6
0	6
9	3
0	2
0	2
2	1
1	0
4	1
0	1
1	1
0	187
4	187
0	187
0	337
0	155
0	4
153	434
0	106
0	434
19	6
1	6
0	32
4	33
0	33
0	8
18	8
631	34
62	34
0	116
152	0
11	1
0	5
0	120
28	0
3	0
14	20
15	27
0	1
0	13
0	8
1	3
0	4
18	11
0	11
0	467
50	540
0	40
0	108
0	8
0	171
25	178
0	20
9	38
3	19
1	5
11	14
39	0
20	3
42	49
23	47
0	7
0	7
0	4
167	4
38	231
90	231
1	0
18	4
0	82
0	60
0	38
0	38
4	2
0	29
46	36
11	78
0	0
6	0
70	35
4	9
0	0
0	11
5	11
0	111
0	111
49	3
0	1
11	2
29	0
1	1
0	30
12	30
19	21
0	10
2	0
0	55
0	55
0	57
0	49
3	6
124	22
0	34
179	50
7	47
21	28
91	31
0	1
20	33
0	14
0	14
0	138
0	129
0	97
0	97
4	30
7	52
0	123
0	97
0	2
6	4
0	2
5	2
0	5
208	152
0	144
6	62
0	6
0	2
0	4
0	2
0	80
0	86
0	72
0	78
0	68
0	68
0	62
0	62
0	25
10	11
0	20
8	20
42	19
0	19
0	0
14	0
28	184
0	20
3	161
0	5
188	0
0	49
0	39
697	0
60	52
1	49
37	13
0	3
114	0
52	31
0	31
0	14
0	26
11	25
0	37
1	1
1	0
0	1
2	1
0	0
38	34
0	0
0	1
0	698
0	722
27	593
0	418
1	95
32	0
18	9
9	6
30	17
0	17
50	31
16	29
9	1
0	1
9	3
0	2
0	16
0	29
123	416
13	0
0	2
0	9
0	9
0	6
6	3
0	8
0	1
0	2
162	16
3	14
286	11
3	25
0	0
1	2
612	144
0	112
0	113
0	8
0	455
2	455
0	45
11	69
3	51
4	80
0	66
0	41
152	10
0	10
0	3
0	0
36	531
0	515
17	509
3	509
9	509
6	509
3	477
0	15
0	531
0	24
0	5
0	24
0	76
30	110
25	66
0	40
0	49
0	18
35	181
0	172
0	8
13	39
108	8
3	43
0	8
0	8
0	7
0	1
38	1
1357	1259
0	176
11	188
1175	138
27	0
0	1
45	0
0	11
0	13
0	15
14	16
0	8
0	0
0	3
0	3
45	20
59	2
0	30
0	4
0	32
0	32
1	5
0	2
0	3
503	46
15	1
0	1
0	17
1	17
37	0
80	69
0	57
12	54
0	0
0	0
0	1
0	1
1	1
2	1
7	0
1	5
0	36
0	6
50	46
47	139
0	3
0	3
2	0
0	61
46	75
3	45
16	45
2	158
0	156
0	142
0	61
0	66
0	66
0	66
0	66
0	4
1	0
0	51
2	0
2	2
1	2
0	44
0	49
52	1
9	2
0	43
12	5
0	4
12	0
0	80
0	90
0	2
20	0
0	158
0	158
52	5
1	3
6	2
314	313
38	307
8	49
2	7
0	7
0	7
2	221
26	219
15	72
3	38
12	46
0	26
0	0
0	1
0	1
10	1
3	1
13	4
3	3
8	2
0	16
1	16
4	0
73	20
0	16
0	3
0	2
0	3
32	2
56	57
29	4
0	2
0	3
5	3
24	0
0	37
29	39
0	39
15	15
130	15
52	32
49	0
1	32
4	0
0	52
4	89
0	1
0	4
10	95
0	65
0	65
0	10
67	0
11	15
0	14
0	13
2	0
0	1
0	1
0	2
2	2
0	2
1	2
73	315
33	14
0	3
56	0
15	1
100	17
97	291
13	17
0	17
274	22
9	13
12	5
0	5
21	0
3	0
4	0
0	58
0	58
0	20
1	49
0	49
0	4
0	3
0	6
4	26
1	5
0	7
0	3
0	29
3	12
0	117
0	21
3	106
0	1
488	12
8	12
19	12
4	22
0	22
5	27
0	17
1190	29
6	48
0	88
0	48
0	83
0	52
103	38
0	7
11	21
5	0
8	31
2	4
41	52
0	52
3	2
0	0
20	2
0	2
0	37
0	26
0	37
0	7
0	3
0	3
0	7
533	1862
7	56
2	13
1	0
0	56
0	22
0	22
298	4
11	2
2	4
0	2
2	4
1	2
5	7
18	14
0	4
0	68
0	66
0	10
1	3
8	3
0	0
0	3
0	0
0	0
0	3
0	3
0	3
0	0
2	1
0	2
352	10
5	1
0	6
7	5
1	11
7	5
17	51
0	23
2	223
4	26
0	223
8	1
22	0
2	3
0	3
61	27
379	26
0	3
0	1
0	2
0	0
0	0
0	0
2	0
0	1
15	3
0	0
0	0
0	3
1	0
0	312
0	194
0	15
0	368
271	21
19	0
0	13
0	5
27	0
515	107
27	104
0	104
0	11
12	0
0	259
0	258
2	0
0	0
0	145
1	145
0	145
0	17
45	66
0	13
0	17
5	6
0	37
0	44
0	40
0	36
0	36
0	108
0	36
18	111
0	28
0	2
185	69
1	68
2	3
0	3
0	46
5	99
98	118
0	116
0	208
329	208
2	3
0	3
5	2
0	60
0	168
0	10
0	10
9	47
3	31
11	23
0	38
4	0
0	38
2294	0
7	177
0	170
0	0
0	14
35	0
3	0
1	0
10	4
0	2
0	4
4	0
0	20
0	29
3	1
0	1
0	2
0	0
1	1
0	1
1	0
0	10
3	0
12	0
0	0
0	30
4	504
9	1
0	143
2	3
153	168
0	563
0	13
253	12
384	235
0	5
0	34
26	3
9	25
0	85
0	67
107	2
8	0
1	2
27	9
356	0
7	0
0	4
1	5
9	17
0	12
0	28
44	1
0	1
1	1
0	28
26	20
58	3
5	7
1	10
62	8
2	3
14	2
2	0
31	30
7	30
0	74
0	25
0	33
0	67
0	72
0	46
0	23
0	14
0	6
6	113
0	8
0	112
0	3
0	24
0	27
0	5
8	0
0	0
0	0
0	1
0	1
31	109
0	112
0	66
56	308
0	343
0	306
0	54
0	42
12	15
0	15
2	29
0	27
0	11
304	75
21	303
0	10
1	0
0	0
0	0
25	0
15	11
376	253
0	66
25	19
0	139
3	48
3	7
0	39
0	39
15	7
3	0
20	32
0	26
12	26
2	0
0	1
0	0
0	22
6	22
2	4
0	3
6	1
0	0
8	0
0	0
17	2
103	3
16	3
2	1
2	1
1	1069
0	1051
0	81
0	23
0	24
13	23
0	11
6	50
10	124
0	113
36	79
19	118
0	65
0	73
0	65
22	46
0	54
0	0
1	0
0	12
5	0
13	29
0	0
1	2
0	1
2	1
194	0
138	0
0	456
0	455
0	455
0	455
0	454
0	454
0	453
0	453
146	263
0	4
0	2
0	3
187	258
14	62
10	56
0	6
0	37
0	22
0	17
0	21
3	36
6	3
0	13
0	12
0	17
10	0
138	22
0	0
19	103
0	71
0	2
2	0
0	92
11	83
1	65
28	80
0	48
0	4
0	4
13	13
0	13
0	9
15	0
0	6
6	13
125	0
2	7
0	7
0	3
90	1
78	36
0	18
41	5
11	2
0	6
0	6
44	450
0	423
0	450
42	22
0	22
31	0
2	30
2	30
5	30
12	30
36	10
19	0
33	56
0	55
0	0
0	0
142	8
206	8
462	378
0	258
0	9
0	4
1	4
0	0
0	2
0	1
62	36
0	36
35	1
521	1
0	22
0	69
0	39
0	39
0	89
0	34
0	8
0	8
0	2
22	78
0	6
0	14
0	29
4	5
11	16
0	16
0	54
46	41
38	35
0	35
3	5
20	10
12	4
1	4
150	60
0	60
23	22
0	6
0	15
266	87
4	38
6	3
0	1
8	13
0	51
10	668
1	379
0	41
7	21
5	288
56	130
0	77
8	14
0	2
337	33
7	34
6	4
25	42
0	5
0	4
0	38
0	4
195	34
2	34
1	32
275	32
0	4
0	2
0	0
106	167
0	0
0	2
1	2
15	158
64	11
25	11
12	11
0	368
1	12
0	12
0	12
5	59
0	13
15	72
0	13
0	13
1	13
0	13
19	17
7	0
0	61
4	70
0	69
6	126
45	124
0	5
7	24
39	160
0	4
28	125
0	5
107	39
22	50
5	26
0	44
0	18
0	33
3	31
19	5
0	5
0	33
0	33
0	14
10	13
0	6
0	5
10	16
29	68
90	14
0	4
0	3
0	3
10	21
0	38
0	5
51	17
0	1
205	120
0	3
0	3
0	0
0	0
0	17
0	38
3	0
0	36
0	0
4	0
0	39
0	58
13	73
31	17
6	10
4	18
1	31
0	20
0	24
0	29
0	10
0	7
0	10
26	8
0	8
3	5
0	5
206	63
2	7
7	26
0	3
0	2
0	0
0	0
0	1
0	8
0	1
0	18
0	18
1	18
0	53
0	18
12	56
11	56
70	26
0	26
0	41
0	35
4	47
0	40
6	101
0	6
0	6
0	44
0	5
0	114
22	16
0	11
79	164
27	157
0	7
24	581
0	570
159	8
2	24
0	21
0	4
1	4
40	0
0	202
0	202
0	518
0	363
5	0
0	0
1466	633
0	85
11	12
6	27
8	27
333	0
14	93
0	135
0	148
0	57
3	11
0	86
0	15
0	43
0	0
0	9
0	3
0	0
0	37
0	37
0	36
0	7
26	19
20	17
11	15
3	10
10	10
36	0
11	242
33	78
0	94
10	56
2	18
0	665
0	630
0	65
0	39
22	82
70	141
0	57
0	82
63	57
0	57
0	39
26	26
15	18
0	0
1	6
2	7
0	32
0	32
0	7
26	9
0	9
329	22
25	14
0	14
0	10
7	3
1	5
15	8
1258	84
7	2
0	8
0	8
20	15
0	4
48	2
468	0
0	0
0	0
0	2
0	0
406	771
25	7
1	3
0	4
43	70
0	65
0	65
102	165
0	1
0	22
6	133
0	92
0	135
8	91
0	135
27	14
0	14
0	14
2607	60
16	2
0	0
28	176
0	249
0	19
0	15
0	23
0	79
21	17
0	54
24	7
0	11
39	10
0	43
5	0
0	84
1	0
23	9
5	25
0	25
0	4
0	4
12	4
0	4
0	3
0	3
0	35
55	35
67	0
2	3
1333	46
8	51
0	14
38	5
34	213
0	98
0	181
0	16
0	106
0	16
19	131
28	131
0	193
2	10
17	10
112	17
0	9
0	19
0	52
0	52
0	52
0	52
0	25
15	6
2	25
1	0
0	0
0	54
0	0
120	69
43	15
3	43
0	34
2	2
7	2
0	0
0	7
23	59
2	3
0	36
1	7
0	54
0	34
0	34
18	252
0	12
1	12
0	241
0	1
4	0
0	162
26	55
0	88
0	53
0	66
28	105
0	53
0	53
0	25
0	3
0	19
0	14
0	57
0	29
0	9
0	14
0	77
0	14
29	23
5	23
0	9
0	0
0	0
417	22
0	17
0	31
0	4
0	24
1	0
0	24
9	23
5	6
25	6
30	45
78	45
196	135
42	135
0	26
14	7
0	1
0	1
0	7
0	7
0	7
0	4
0	4
1	5
23	7
131	58
65	51
6	4
21	0
0	0
31	155
6	157
27	146
45	58
0	1
0	0
0	0
0	0
0	0
0	1
3	2
21	97
0	100
0	90
0	2
0	14
0	157
30	89
0	10
16	8
6	29
0	29
35	29
3	0
2	11
0	7
99	75
0	0
1	0
0	2
0	23
13	23
0	1
0	8
34	77
0	1
0	22
0	22
2	23
0	4
0	0
0	0
0	1
153	88
22	14
6	2
23	13
0	29
0	10
10	0
0	13
95	9
0	8
6	1
2	0
0	0
6	1029
0	118
0	1029
2	38
85	31
0	31
1	1
1	2
20	457
0	360
7	469
0	33
2	71
339	148
15	14
325	14
17	20
100	140
0	16
0	105
0	8
416	93
20	22
0	77
0	91
0	231
20	141
2	22
0	22
0	3
2	1
0	0
0	0
0	2
2	0
25	1261
31	1260
0	686
0	15
30	621
0	1
0	4
0	1
0	14
5	2
1	11
384	648
30	651
2	0
0	7
0	7
849	0
264	2
7	1
0	0
0	1
5	1
21	5
0	4
128	5
33	33
0	3
0	3
0	0
15	7
0	5
0	9
0	38
4	38
0	12
3	0
0	0
10	24
0	0
0	2
0	2
5	1
0	3
1	5
114	5
2	1
32	4
0	7
0	3
0	23
132	23
0	23
19	9
0	1
0	8
18	35
0	35
0	40
0	40
3	11
0	0
240	62
1	61
0	46
0	35
0	35
0	6
0	1
0	1
0	1
1	15
375	0
3	0
0	256
0	256
22	131
0	261
10	261
0	117
0	105
44	28
0	0
212	0
7	0
23	72
24	12
0	70
1	0
0	2
7	0
0	1
0	54
0	35
1	7
7	81
0	0
0	3
1	71
0	8
0	0
0	25
19	40
2	2
0	3
115	54
0	41
5	15
0	36
0	5
0	47
0	31
0	31
12	26
0	0
2	0
6	0
101	29
5	29
0	2
20	85
2	15
0	22
0	18
1	11
0	14
0	21
2	16
59	33
0	31
23	1
0	6
0	1
0	1
2	0
1	0
73	48
624	48
8	8
5	4
23	8
2	0
32	0
0	36
0	15
25	26
0	25
0	0
0	12
0	76
15	133
0	130
0	56
13	1
2	4
0	145
67	46
0	1
0	2
61	47
0	41
0	21
0	21
0	12
7	13
0	1
0	3
0	1
0	2
0	0
0	1
5	0
15	0
4	0
12	5
2	9
0	9
2	0
1	141
4	7
0	7
1685	159
9	152
0	59
129	11
0	42
0	28
0	0
4	15
0	15
0	15
0	9
0	57
0	50
20	4
16	4
0	30
0	30
155	30
8	93
12	1
23	1
0	7
0	7
0	0
5	0
0	0
31	25
2	25
31	1
3	0
1	68
30	68
0	16
1	98
100	104
0	103
0	92
0	17
0	3
0	1
14	1
1	0
0	36
0	36
472	11
37	0
0	0
2	10
1	1
0	150
48	293
10	37
0	40
1149	259
19	11
1	3
73	39
369	220
0	79
0	220
0	9
0	9
0	9
0	59
0	59
0	6
6	4
0	36
0	1
0	1
0	1
5	36
0	36
0	1
0	1
0	36
51	19
31	30
21	30
0	8
0	3
0	45
0	45
27	18
28	18
4	23
0	23
4	3
0	0
22	192
12	13
26	18
0	9
0	3
9	0
7	16
27	210
0	294
0	293
0	154
16	196
107	34
0	33
0	0
53	2
1	179
0	150
0	78
0	67
4	31
6	31
0	19
0	2
90	28
0	29
0	19
0	3
0	2
0	2
0	1
0	8
0	9
2	0
0	5
0	3
0	2
22	3
0	3
0	9
35	9
32	14
0	2
1	2
16	12
4	11
0	241
9	0
34	0
14	85
12	236
2	0
0	45
0	34
0	180
0	180
0	179
0	54
34	15
7	15
13	4
0	0
0	5
1	5
5	4
0	5
0	45
33	58
1	14
0	9
0	9
5	8
35	12
4	8
0	4
0	42
14	43
0	43
0	18
0	70
0	29
17	8
0	0
50	0
32	2
0	70
4	113
175	244
0	59
0	244
0	113
0	66
0	73
43	47
0	53
23	10
907	20
0	0
8	98
42	1
0	73
15	87
0	78
0	78
14	95
4	68
3	96
20	96
0	7
0	41
0	31
0	0
0	29
2	29
0	6
2	141
1	3
17	13
6	13
38	49
163	20
1	20
17	20
0	5
3	0
1	1
0	2
0	2
1	2
2	31
3	2
0	20
11	2
0	0
0	0
0	2
234	200
0	110
484	37
0	41
1	5
11	6
9	4
1	1
0	31
0	34
8	32
40	46
0	44
0	44
0	44
0	0
0	43
0	0
33	21
0	1
0	4
0	7
3	7
0	7
0	7
0	5
0	17
5	38
0	28
1	16
0	8
0	188
0	188
58	170
0	158
2	38
15	34
13	32
0	7
1349	44
27	19
18	38
68	1
0	15
15	45
29	100
27	100
1	100
9	35
0	56
0	0
0	33
0	1
12	38
20	26
0	1
0	35
0	35
0	34
0	35
0	30
0	30
0	29
0	30
138	41
0	54
213	45
0	33
0	1
21	13
1	0
25	0
0	2
0	6
0	54
0	58
28	191
60	189
5	193
163	7
0	0
15	86
12	66
111	232
0	272
0	79
0	9
0	7
0	14
0	7
74	9
0	272
0	30
0	33
0	30
0	380
0	52
0	28
0	15
0	365
0	2
10	2
0	7
1	6
8	4
9	5
0	4
0	4
0	3
0	4
0	4
0	7
0	7
1	4
1	1
21	43
0	12
0	30
1494	2
1	2
0	163
0	25
494	165
41	34
0	0
0	0
0	0
2	0
0	0
0	0
9	605
0	86
118	826
53	17
0	56
339	164
0	8
0	123
0	125
15	24
11	150
0	149
0	39
0	15
0	2
0	2
0	5
0	5
0	4
0	4
1	10
0	10
3	13
24	24
2	65
20	12
0	252
0	28
0	37
0	123
777	128
0	89
0	139
0	139
0	51
0	51
26	41
1	20
50	36
0	29
1	1
37	11
0	1
0	1
0	1
1	5
2	3
63	18
452	33
7	7
0	24
27	66
68	8
0	0
114	0
4	18
0	15
0	8
0	11
0	11
0	8
0	1
0	8
0	0
53	28
0	12
0	4
0	20
0	1
0	12
0	13
6	149
16	29
0	21
241	16
0	13
2	227
19	264
0	179
320	117
12	76
0	4
4	0
0	6
7	40
0	3
19	41
0	11
0	18
0	12
0	28
6	17
0	40
2	36
44	36
13	36
2	38
0	1
0	2
50	16
0	1
0	0
0	3
0	0
1	0
0	4
0	5
0	2
0	12
0	3
0	1
2	4
0	8
0	3
0	6
0	8
0	3
136	224
32	0
340	0
34	55
0	50
108	107
0	3
63	3
1	3
97	85
2	85
0	1
0	95
2	83
10	81
6	94
8	220
0	226
0	22
0	21
0	86
0	210
15	2
0	18
0	40
50	220
0	16
0	19
1	20
0	248
32	249
0	5
0	5
0	5
0	5
0	5
0	3
0	1
0	2
1	2
0	2
53	6
3	141
0	81
20	154
98	608
32	16
0	4
0	327
0	77
440	611
657	560
0	0
0	166
0	10
10	4
0	3
0	1
28	6
0	5
0	1
8	0
0	0
17	7
0	0
0	1
0	65
0	284
7	106
13	115
0	18
0	18
4	1
7	0
5	0
0	295
0	48
64	48
12	0
0	0
2	1
3	6
146	0
29	114
4	95
0	20
1355	399
0	399
0	54
0	0
0	0
0	8
12	8
0	5
0	3
0	4
9	2
0	2
32	20
0	32
4	30
0	0
200	36
16	0
26	127
0	35
0	2
53	2
0	2
1	0
32	0
2	10
0	78
0	43
0	24
0	1
0	9
184	14
0	78
2	4
0	45
127	48
3	4
0	4
8	3
98	93
3	81
0	21
14	14
0	4
1	10
2	7
0	4
0	8
3	11
0	111
0	111
0	75
66	524
0	37
2	2
3	1
24	0
3	0
16	122
4	31
12	31
6	79
400	43
62	41
72	31
0	21
25	80
0	89
0	14
0	14
0	12
0	1
10	0
3	0
2	1
0	27
15	3
0	3
4	1
0	1
3	0
7	46
0	46
211	70
0	71
0	12
0	12
10	0
0	1
8	4
5	53
1	0
30	30
0	70
0	68
0	18
0	13
0	1
9	0
376	113
18	113
0	17
0	52
0	4
0	202
0	509
0	509
0	104
0	104
0	460
0	460
0	501
0	0
0	0
0	15
0	15
0	1
0	1
1	4
0	0
0	12
0	0
0	6
0	20
2	12
0	6
28	20
0	145
0	103
564	154
0	24
3	155
52	92
0	132
9	0
0	0
231	90
1	88
17	3
0	1
0	7
0	37
0	402
1	402
0	348
686	146
0	115
0	1
66	19
0	59
3	64
0	26
1640	0
58	63
0	60
0	15
0	7
0	11
0	11
6	6
2	0
1	30
21	82
2	82
0	36
0	10
88	0
49	147
0	24
11	0
2	135
159	92
25	92
0	5
0	0
1	15
0	15
0	45
1	138
0	119
0	83
72	143
0	44
0	19
0	11
0	20
0	22
10	52
8	22
0	61
2	101
2	2
202	33
21	3
0	6
0	3
6	1
966	201
26	186
0	12
32	245
0	245
0	189
0	176
0	168
0	110
1	2
143	0
88	13
0	6
0	5
0	2
101	120
2	0
0	0
0	0
0	0
0	0
0	0
0	6
13	0
0	0
157	114
0	22
13	9
0	20
0	333
0	140
0	149
0	11
0	18
0	11
0	10
273	27
11	333
0	267
0	291
15	267
16	479
367	478
0	18
0	1
0	1
0	1
0	1
0	1
0	1
0	0
0	229
0	229
66	11
0	11
6	0
1	6
101	37
0	34
0	3
0	4
0	325
1	296
0	339
11	34
0	21
19	29
5	30
8	0
250	5
13	17
41	32
0	8
9	14
40	3
0	4
11	1
0	12
2	11
4	2
0	2
269	27
11	10
0	2
0	2
5	0
1	151
0	97
0	8
66	219
0	120
0	117
0	4
1	126
0	7
0	37
0	37
20	36
0	33
0	24
0	23
0	0
0	0
107	5
0	0
5	16
0	16
0	40
0	68
0	99
7	1
0	96
0	16
0	5
0	16
0	14
1	14
0	11
0	8
0	8
0	4
0	2
2	0
36	70
1	7
1	0
0	5
0	0
0	14
0	14
0	9
0	11
0	14
0	17
1	17
3	19
30	13
0	0
11	0
16	0
15	3
0	17
0	22
0	4
0	0
0	4
14	21
0	0
12	0
13	0
0	18
0	47
0	0
155	62
0	55
0	41
0	1
0	6
1	6
0	39
0	1
1	1
3	0
79	198
0	175
2	138
9	76
0	53
39	36
1	0
0	3
5	2
4	0
4	0
136	250
2	250
0	0
0	0
19	0
0	61
62	172
0	85
0	19
509	19
3	43
0	0
0	10
261	1
0	11
35	7
18	71
27	0
1123	63
15	59
0	13
0	3
4	1
3	1
3	1
34	13
0	2
10	5
0	1
0	22
0	3
0	19
0	31
0	1420
0	1420
0	224
0	11
2	9
0	10
53	26
2	1
9	0
5	0
11	39
0	0
0	0
5	0
0	106
0	106
8	8
2	1
10	7
0	1
0	1
0	8
0	7
0	144
0	144
0	0
7	3
67	2
238	46
19	31
0	51
4	0
3	23
0	1
0	10
0	31
155	139
0	137
87	146
1	98
13	2
0	424
0	424
16	0
30	19
3	25
15	1
1	1
0	1
0	1
66	131
0	101
0	123
0	33
0	11
0	6
0	6
0	0
5	0
68	0
0	0
1	20
0	20
0	20
0	20
1	0
5	2
0	4
0	8
3	8
82	92
0	91
24	83
0	5
12	1
6	0
0	8
218	4
0	6
34	3
0	19
11	5
378	211
15	171
0	3
0	44
3	6
1	6
0	7
0	7
57	126
0	3
0	29
1	2
0	112
0	22
70	37
285	124
0	44
0	44
0	22
0	26
0	25
1	29
0	5
4	0
0	10
0	8
0	15
0	13
0	8
0	220
0	2
11	4
28	163
33	218
21	0
123	206
0	206
2	34
0	73
32	0
9	1
3	1
0	285
50	93
52	27
4	1
8	5
0	285
23	4
594	28
1783	0
157	39
167	39
178	51
76	12
0	7
42	5
0	2
2	9
0	9
0	6
0	23
2	25
0	4
0	30
0	1
0	0
1	1
0	3
0	3
9	1
0	24
0	23
71	20
0	4
308	871
0	871
0	82
1	27
0	19
10	10
0	10
0	10
77	15
1	15
1	12
0	12
0	20
0	20
79	90
2	88
0	47
0	38
11	0
6	66
361	28
90	126
0	16
77	4
0	13
10	6
0	3
1	6
0	102
37	47
355	164
1	49
713	0
1127	0
8	0
17	105
0	5
0	8
0	10
0	2
0	19
15	21
1	0
0	13
0	40
1	40
0	4
4	0
21	0
58	84
0	153
0	83
0	39
53	83
21	0
4	154
0	3
0	153
0	6
0	0
0	0
60	60
0	60
6	0
122	68
0	68
7	22
0	18
0	54
1	9
9	32
25	8
0	8
278	19
0	6
0	5
2	13
67	15
0	2
0	15
85	8
0	8
0	22
0	66
0	66
0	14
0	36
0	26
0	0
9	54
0	2
0	8
0	19
0	8
0	22
0	0
40	25
10	0
0	22
0	39
0	1
190	340
3	340
30	26
1	6
0	2
34	1
57	84
0	20
1	0
3	5
0	10
0	8
0	9
0	9
0	1
2	36
0	7
0	26
0	2
0	0
193	25
38	3
0	36
9	4
0	4
1	11
0	11
0	11
25	1
0	0
257	27
1	27
0	13
2	19
1	1
3	0
0	24
39	6
28	18
0	11
0	19
5	20
0	17
26	0
1	30
0	30
0	30
0	7
31	71
7	71
0	29
0	3
0	13
0	81
0	24
0	12
0	2
40	25
0	0
47	81
0	3
15	52
0	73
3	77
56	3
3	0
23	24
0	1
0	23
0	0
0	23
344	513
13	513
17	16
25	247
0	16
0	27
0	27
0	24
0	23
0	7
0	7
149	150
21	64
1	121
1	28
0	37
15	4
0	18
0	13
80	204
110	202
0	16
0	296
244	3
0	296
0	93
53	452
0	46
0	21
0	21
0	360
19	106
0	124
0	58
0	46
0	1
0	13
0	100
28	74
0	58
0	58
0	75
0	45
0	30
0	9
0	157
0	323
0	323
119	323
0	315
0	16
0	96
0	133
0	4
3	2
0	0
3	0
0	32
39	32
0	6
5	0
10	0
114	18
0	18
0	6
0	5
16	50
21	5
0	44
0	5
0	17
6	28
9	56
0	38
13	13
26	5
108	52
1	0
0	46
339	52
24	75
36	87
89	153
17	153
4	98
0	58
0	58
0	0
0	4
0	2
7	45
0	58
4288	126
0	87
0	79
0	3
0	8
0	11
0	5
5	21
45	16
2	9
0	10
0	26
0	1
0	0
0	19
0	96
211	464
1	436
0	85
0	86
28	118
0	78
0	110
4	60
15	116
0	117
0	7
13	82
19	65
5	63
10	1
145	129
0	1
18	128
2	3
90	5
0	5
0	5
400	105
26	85
1	7
1	3
0	3
45	103
86	119
0	119
5	79
6	1
1	5
0	2
253	845
0	766
0	30
0	514
0	141
5	202
2	411
19	0
1	2
793	0
5	2
19	10
9	150
20	17
0	311
0	438
0	14
0	14
0	41
2	37
0	134
0	292
724	522
0	41
0	41
0	1
3	1
2	1
0	1
0	1
1	1
2	0
0	17
0	0
0	0
23	1
0	31
162	1524
0	14
3	0
0	18
1	565
30	22
62	101
0	77
4	139
0	64
19	54
0	140
45	123
0	21
0	8
0	5
0	6
0	16
0	2
6	40
0	0
0	38
0	78
0	0
0	75
0	40
22	4
0	25
2	4
0	3
9	93
119	0
67	0
3	0
122	139
0	139
0	78
0	55
1	1
4	0
0	1
1	0
57	70
0	26
0	12
0	6
0	4
0	5
0	2
0	1
0	2
13	0
7	14
0	23
0	0
9	23
0	559
2	559
0	145
1	111
349	179
10	2
0	2
480	0
11	10
80	19
0	14
0	14
19	1
0	1
0	4
2	57
0	155
0	155
0	38
0	16
40	80
0	6
0	5
0	6
0	5
0	3
4	1
17	5
5	21
0	3
0	5
0	3
13	1
0	1
102	0
0	0
0	0
0	8
32	54
0	47
0	9
0	5
448	0
0	4
0	8
0	12
1	18
101	15
0	2
1	10
1	2
2	0
0	16
0	3
3	3
0	2
0	4
0	18
133	76
0	2
1	1
4	0
190	73
116	3
0	3
0	3
0	8
0	3
0	8
0	1
0	1
1	1
143	203
18	4
122	159
0	0
0	0
1	156
94	196
0	99
0	92
12	11
0	10
0	1
0	36
0	36
0	26
0	26
0	13
15	0
111	242
2	10
0	10
2	0
0	10
0	14
0	65
0	65
2	2
0	3
0	2
11	8
24	13
0	5
0	8
241	400
0	5
0	95
0	7
17	11
0	11
1084	157
0	31
0	12
0	13
16	89
0	58
0	63
0	63
0	50
8	171
161	130
0	124
0	43
42	13
0	13
3	0
55	155
43	51
0	89
7	89
82	73
0	1
0	94
17	41
192	30
0	79
6	0
4	0
41	5
0	3
0	4
12	9
14	20
7	156
138	156
0	3
0	3
11	8
92	122
0	20
0	17
1	0
7	102
0	0
0	102
468	69
0	12
0	12
0	1
96	26
0	28
0	1
5	24
0	6
0	26
0	0
0	25
0	25
22	0
0	0
20	13
0	11
2	9
0	12
0	13
10	1
0	0
12	10
0	9
9	0
0	2
144	98
2	23
49	46
0	13
0	13
0	0
0	1
10	45
1	0
70	19
8	17
0	3
0	5
0	4
7	0
0	3
2	2
0	0
30	60
2	3
0	11
29	11
0	44
0	30
24	9
0	9
14	2
0	2
19	5
83	65
1	219
0	38
0	2
22	180
20	10
56	31
32	20
2	17
10	17
60	34
0	34
2	0
27	4
406	58
0	56
0	30
0	38
0	47
0	26
3	24
58	0
9	60
0	1
0	2
0	5
0	3
0	22
4	4
0	0
1	3
43	113
0	22
71	84
0	51
3	59
3	232
165	53
0	50
5	50
0	10
0	2
0	0
6	9
0	2
69	20
0	1
0	6
2	2
0	2
0	6
0	5
0	6
5	6
0	6
0	9
0	9
0	1
0	4
0	1
0	4
13	8
35	164
0	16
0	1
85	162
12	53
5	0
0	14
106	19
9	23
0	23
0	0
0	20
1	0
31	13
23	13
0	11
0	3
41	29
0	11
0	3
0	18
0	2
9	65
103	49
0	64
0	48
129	16
5	0
1	16
9	16
0	4
11	23
140	36
37	241
0	735
0	786
122	493
0	104
0	383
1	9
0	90
0	28
0	54
0	42
5	0
4	12
184	213
0	3
29	9
0	7
5	36
0	1406
0	1384
0	1388
0	0
12	3
3	2
34	442
1	10
23	19
0	19
0	17
38	3
1	0
1	0
0	29
29	29
0	23
0	0
0	23
43	23
147	78
20	237
8	52
0	56
57	41
40	48
1674	97
144	44
0	45
10	3
13	10
46	84
0	28
54	50
9	6
24	0
26	0
0	31
0	33
0	8
0	101
33	89
0	24
0	2
1	1
14	55
0	0
0	26
0	26
0	26
9	49
13	66
1	24
35	0
1	16
0	17
13	1
7	0
2	0
0	1
21	0
0	109
0	111
0	112
0	95
0	4
71	38
2	7
3	2
0	31
0	0
0	0
0	0
37	3
0	3
0	6
19	6
17	10
0	9
1	68
33	68
0	22
242	1
7	0
17	114
0	14
0	6
0	114
0	3
0	10
1	0
0	3
0	3
27	19
0	6
0	6
0	0
0	4
701	39
8	511
0	511
9	68
18	20
4	2
3	68
3	1
1	1
0	19
2	0
209	0
26	11
1	144
0	137
0	20
0	18
0	16
0	16
3	0
5	34
0	11
0	34
0	10
0	7
5	5
0	3
12	3
0	1
539	1
0	0
0	1
13	22
16	22
1	1
23	10
0	10
8	1
6	1
0	1
0	37
1	55
0	7
0	3
0	31
3	34
15	43
7	1
14	37
0	45
2492	2086
0	1559
0	158
0	0
0	0
21	2
59	262
0	185
0	8
0	201
9	12
50	12
0	233
0	239
0	24
0	3
10	0
4	0
0	23
0	0
46	2
1	3
0	7
0	7
0	1
0	1
335	7
41	6
1	2
0	0
6	0
0	0
1	0
716	35
0	8
0	0
0	1
0	2
3	1
0	1
54	0
83	90
128	80
31	78
1	61
0	61
0	26
0	0
3	0
1	3
7	7
3	7
1	1
2	1
0	0
20	0
49	297
0	29
0	298
0	49
0	33
0	35
0	27
7	1
0	5
1	5
9	7
0	4
77	3
0	8
32	142
0	19
0	2
0	2
0	0
26	0
0	14
0	14
0	2
0	0
3	0
3	16
0	4
0	132
0	132
37	2
1	23
0	23
10	29
0	29
0	5
124	150
65	19
0	34
0	14
0	36
1	0
1	7
0	2
9	114
0	21
0	34
148	32
0	5
0	27
0	9
0	9
329	604
0	466
0	274
7	272
0	251
0	201
2	1
14	62
0	59
0	43
0	4
0	4
0	3
0	3
0	0
0	1
0	0
0	37
0	27
3	13
15	15
7	0
0	297
0	14
0	41
0	107
0	40
0	3
0	71
0	79
0	245
21	107
34	13
0	12
89	120
0	117
0	6
198	103
8	6
1	3
5	97
65	0
3	0
0	122
94	124
14	122
49	6
0	983
209	1187
0	158
0	311
0	105
0	260
122	97
33	2
0	1
0	1
97	6
26	2
48	0
1	0
6	0
12	13
0	13
0	13
271	0
31	650
0	399
900	588
5	11
50	30
0	355
0	0
0	373
23	485
0	448
134	252
0	367
23	0
9	49
211	49
0	16
2	14
2	2
0	1
3	2
1	1
0	484
0	361
2	4
11	5
0	19
37	8
0	2
293	121
117	71
0	6
0	109
21	4
0	120
5	19
0	19
0	19
62	23
0	11
0	18
12	27
0	27
0	10
4	13
249	38
0	39
0	39
0	37
0	7
0	8
0	257
19	176
9	249
18	47
9	16
0	8
1	4
0	0
4	37
3	29
0	7
0	10
0	5
172	1
0	1
83	22
15	1
4	21
0	39
0	27
7	43
0	29
2	7
29	2
0	6
0	3
0	4
1	2
2	3
2	32
0	6
1	8
2	4
1	3
100	19
0	10
0	16
8	618
0	1
10	0
0	522
23	1
0	0
0	0
36	2
0	2
137	8
11	213
0	0
0	0
31	1
4	0
0	212
4	10
0	10
23	7
0	27
5	10
7	51
0	31
0	46
55	0
0	130
0	52
2	128
0	55
9	6
0	5
2	5
12	3
0	3
6	77
2	77
3	47
0	17
0	4
0	14
0	14
0	0
0	0
5	362
0	39
0	39
0	39
0	39
0	18
72	42
0	29
32	199
6	18
122	16
86	0
461	499
0	3
0	158
0	1
0	506
69	506
0	226
36	71
27	9
2	3
0	1
3	0
0	0
25	98
7	0
5	21
7	54
0	54
2	23
212	96
0	2
128	143
38	33
0	56
0	0
0	110
0	57
1	58
1	1
0	2
0	44
9	44
0	29
15	2
12	1
49	197
0	9
20	198
20	36
34	4
10	308
0	211
8	2
0	2
0	37
15	37
0	13
0	0
5	295
31	9
16	6
0	7
0	0
5	0
0	4
0	2
11	55
122	114
0	83
0	56
32	45
0	40
0	40
0	40
0	2
0	2
8	7
1	0
30	2
2	1
0	1
4	1
34	41
0	19
7	23
0	7
68	14
61	70
0	78
3	74
0	0
0	4
0	5
8	18
0	0
3	0
8	4
0	2
10	1
0	1
0	1
33	4
7	1
1	0
0	3
44	773
0	161
0	133
0	705
0	136
0	782
0	15
30	0
1	174
0	169
0	56
0	141
0	65
0	32
0	122
0	32
54	104
3	97
16	104
0	13
0	1
0	7
0	0
4	3
82	47
41	47
1	6
0	5
0	1
60	27
1	13
4	12
2	1
96	14
0	14
2	2
0	1
39	114
40	116
1	11
0	116
0	116
15	42
14	0
549	65
31	62
0	89
0	89
0	2
170	79
21	78
46	39
0	19
0	19
0	3
2	0
0	13
0	13
0	2
3	23
6	23
0	23
0	14
0	1
0	1
0	0
154	0
39	3
0	3
0	1
24	1
40	62
0	42
8	25
0	15
1	15
1	49
1	2
1	47
1	47
6	0
0	34
0	34
1	34
0	9
23	4
2	4
0	46
1	0
74	39
114	38
88	55
0	54
0	32
769	3
0	52
0	48
1	21
0	47
2	44
119	47
17	55
1	0
0	0
24	356
0	85
5	0
210	101
0	183
8	349
0	12
48	283
0	43
0	4
0	184
0	9
0	257
3	4
2	20
0	25
9	0
51	197
28	195
0	2
132	2
0	1
9	2
111	52
1	23
0	7
0	9
3	1
6	2
0	33
23	2
0	0
10	7
0	32
1	5
4	6
0	30
3	25
0	0
0	25
112	47
0	77
0	4
0	20
87	51
419	1102
1	2
0	20
0	6
128	0
0	37
31	2
0	49
0	6
222	517
7	506
0	433
11	449
0	163
0	155
7	155
0	92
0	0
0	3
0	1
0	10
2	2
0	7
202	27
0	21
0	4
12	1
17	6
11	0
224	342
0	92
30	286
91	120
4	10
6	89
6	124
10	118
24	39
0	44
0	56
0	44
0	68
0	17
0	5
0	17
29	29
16	0
5	2
0	5
0	2
34	17
1	0
0	35
0	35
0	10
2	14
0	14
0	13
42	1
100	21
0	1
1	0
0	3
38	3
0	3
0	14
0	14
0	2
1	1
12	5
0	2
0	40
0	40
9	83
61	85
6	60
20	0
0	2
6	2
26	0
29	3
144	432
0	364
4	430
4	0
4	34
5	34
14	0
9	1
8	0
6	0
0	0
0	12
0	12
0	2
0	2
0	2
0	2
10	2
0	2
0	0
0	2
0	2
0	3
0	3
0	2
0	5
0	3
5	5
0	4
0	2
0	0
162	33
0	33
0	85
4	98
13	1
0	1
622	0
12	49
1	21
7	249
3	61
0	52
0	40
9	7
0	7
162	0
14	0
58	39
0	156
5	156
28	20
352	19
0	155
3	166
84	99
34	1
64	24
75	132
5	0
29	6
0	51
0	51
1	0
46	0
4	0
0	0
19	4
0	4
1	1
0	1
2	1
31	0
0	22
0	21
3	21
0	9
0	8
0	38
57	54
24	54
11	52
0	52
0	45
1	1
1	0
0	4299
0	4294
4	4299
18	36
0	10
9	6
1	6
19	0
16	77
84	77
3	34
3	1
28	502
278	504
0	17
970	7
188	166
30	314
0	74
0	1
94	0
1	1
0	23
0	3
0	273
0	4
29	96
0	96
30	0
0	0
0	0
0	135
15	152
11	135
11	106
214	11
24	0
101	4
38	102
0	17
13	0
0	107
40	51
40	10
11	0
27	5
0	5
0	7
0	0
0	4
19	125
123	125
111	38
0	38
0	6
0	1
0	1
3	1
45	269
22	294
0	264
0	30
0	21
0	1
15	1
80	31
0	18
0	38
0	7
34	59
8	74
0	11
9	8
0	20
0	20
45	5
32	56
0	109
1	58
0	0
432	713
0	657
0	657
6	512
8	2
33	605
62	694
91	694
0	2
0	4
0	7
0	4
0	4
0	9
0	4
0	9
3	0
0	7
0	8
0	9
0	1
7	0
41	66
79	39
34	39
0	0
125	878
12	871
8	33
2	30
0	10
2	1
203	477
0	305
112	35
0	254
8	113
20	113
1	113
0	32
0	4
0	7
6	5
216	7
0	3
519	3
1	2
0	2
6	0
3	4
0	3
15	2
5	7
94	434
1	417
1	17
0	152
0	1
0	17
0	2
7	41
1	56
0	12
9	32
41	36
0	0
26	38
0	1
5	1
0	14
11	36
1	18
0	0
0	36
0	22
0	4
0	19
40	3
1	6
0	6
29	5
0	5
0	15
0	22
4	25
0	85
288	90
0	17
16	6
0	9
0	8
1	0
2	1
13	32
0	32
0	9
36	7
0	1078
24	1078
0	1129
49	1052
0	35
5	0
70	9
0	9
0	23
5	146
5	146
21	26
8	21
0	5
11	31
0	27
5	4
0	1
2	1
0	1
57	68
0	38
0	10
0	31
0	53
0	64
0	75
164	68
0	0
0	1
0	1
3	1
0	13
0	13
0	1
0	1
223	103
0	2
95	0
229	41
0	1
2	40
107	170
0	127
0	31
1	43
1	0
0	45
5	0
0	54
0	43
0	42
0	20
0	1
0	4
20	19
0	54
4	1
55	12
45	11
1	7
0	87
12	36
0	35
0	87
2	10
1	0
0	3
0	20
98	207
0	6
10	3
1	198
6	3
0	3
0	3
0	3
274	21
0	0
4	21
0	2
39	388
4	332
0	298
11	381
57	9
194	4
31	4
3	0
21	27
0	10
0	27
3	3
0	0
7	0
0	0
213	94
14	83
20	67
0	55
0	66
0	55
0	0
7	1
1	2
11	181
0	194
0	50
130	0
1	1
37	25
25	5
0	0
37	0
0	0
0	4
0	1
0	28
0	27
0	28
28	9
0	8
3	0
46	17
0	4
2	8
3	42
0	38
0	10
0	38
0	392
0	392
0	388
0	1
11	1
0	0
0	1
1	0
0	18
0	19
25	19
0	6
18	57
0	36
0	36
0	43
4	0
0	1
8	0
0	1
43	500
39	500
0	1
1	1
12	496
115	0
0	30
0	20
3	15
3	15
0	3
20	3
0	3
3	3
227	124
0	2
0	122
38	94
0	52
3	94
1	10
0	64
0	8
0	7
6	68
54	1
0	1
26	0
83	14
23	0
0	14
1	38
0	0
0	1
0	1
0	1
18	6
0	8
0	38
0	2
0	2
83	115
29	193
0	138
45	76
0	0
2	2
75	2
6	3
22	4
0	4
0	4
0	0
0	8
0	4
0	7
0	7
114	64
30	64
0	0
9	10
0	23
0	38
0	34
5	44
41	206
3	40
0	198
1	0
0	0
28	164
38	157
86	30
0	8
1	30
43	0
802	115
10	80
3	26
0	4
1	18
0	22
1	0
216	23
1	5
0	4
0	23
2	19
0	23
1	0
3	1
0	1
7	13
13	0
0	0
0	2
0	13
1	0
46	15
17	3
10	3
2	0
7	0
0	0
0	15
0	7
9	3
0	11
0	1
45	12
10	11
1	84
0	44
0	2
4	0
15	8
10	27
0	20
0	0
0	0
0	63
95	4
0	17
157	14
249	115
0	107
14	78
2	77
0	8
37	46
83	47
0	40
11	13
0	13
31	13
0	55
0	45
0	2
0	9
0	5
0	0
4	1
0	360
3	1
26	3
0	17
9	0
0	1
12	3
5	0
2	4
8	0
21	254
3	13
16	0
0	360
445	3
0	1
0	2
28	22
0	10
0	9
0	12
0	11
0	7
0	6
0	9
0	8
0	12
0	10
0	9
0	7
0	6
115	3
0	2
0	11
0	14
0	0
16	4
0	0
0	11
0	15
12	0
1	3
3	3
0	3
0	0
17	0
0	535
0	521
9	145
0	92
0	30
38	280
14	280
604	478
0	477
1	248
106	7
0	59
0	8
43	33
0	33
0	13
0	1
12	0
80	221
0	14
0	0
0	18
50	200
7	1
0	1
0	19
1	0
0	19
0	13
1	6
0	6
0	3
0	4
1	3
1	2
1	7
78	23
10	21
0	0
94	3
1	4
0	4
0	4
0	3
0	16
56	17
0	15
286	18
0	3
0	0
118	36
49	36
0	60
0	42
0	18
131	42
8	7
0	31
0	150
68	154
12	0
85	367
0	40
1	3
0	25
0	11
2	0
35	22
72	2
0	348
1	0
3	49
0	38
0	47
1	4
7	90
0	68
5	25
12	24
0	23
3	20
0	20
0	0
4	0
22	20
0	68
92	72
1	4
2	0
48	0
0	23
0	23
90	67
48	121
0	97
0	16
0	48
0	48
0	48
0	12
3	0
0	7
0	6
0	7
0	8
0	3
0	0
497	37
5	24
4	6
23	2
22	9
8	180
79	302
216	255
32	122
0	109
325	47
0	10
0	10
0	10
0	10
9	0
118	33
9	19
0	6
63	22
15	22
0	0
0	0
1	0
99	343
0	343
0	2
1	6
7	6
0	2
0	1
2	0
0	0
1	265
15	302
73	306
28	3
0	51
0	3
0	49
4	1
21	1
0	23
0	0
0	23
48	14
31	17
28	7
13	0
0	0
0	0
0	3
0	2557
0	2544
65	2544
0	2419
40	59
0	55
0	40
0	99
0	99
0	82
74	16
0	81
0	7
0	3
12	6
0	0
0	1
1	3
48	72
6	39
0	99
0	34
0	34
0	4
10	0
73	77
0	15
0	15
2	3
0	1
37	0
16	12
6	62
0	18
2	0
1	63
0	46
0	122
7	84
0	15
0	80
36	17
97	107
10	107
3	75
0	0
9	0
118	11
0	13
0	13
0	13
0	13
0	3
0	0
0	3
1	13
0	7
2	0
0	1
0	1
0	3
0	1
1	1
0	12
0	12
16	51
1	2
58	33
0	14
0	22
0	14
0	7
9	27
9	0
1	27
0	26
0	27
8	2
0	2
718	151
10	18
0	2
0	5
0	27
0	22
0	22
107	5
0	0
1	0
0	0
0	4
43	22
64	2
115	21
348	84
0	87
0	49
0	5
10	8
128	1227
0	1433
0	1113
0	1077
0	1077
0	637
0	236
207	19
5	14
0	0
0	253
43	0
0	116
0	70
0	6
2	60
0	0
26	50
0	7
0	1
6	1
0	1
1	16
17	4
0	1
4	0
0	12
0	4
2	13
0	11
0	8
0	3
0	3
0	2
8	6
0	6
24	9
1	6
0	3
151	4
0	3
0	4
29	0
0	36
0	36
3	17
6	26
14	1
8	66
0	0
0	4
0	7
0	7
0	13
0	50
1	50
0	9
9	39
1	38
0	22
0	16
0	1
0	1
0	13
0	4
0	10
0	5
1	8
0	8
0	39
0	0
43	39
6	39
1	0
3	2
13	22
0	22
23	44
104	1
17	4
0	0
0	38
8	34
0	18
11	20
0	4
1023	0
0	5
13	76
321	111
0	10
0	43
31	5
0	35
0	8
1	3
0	10
3	4
44	11
12	55
8	2
0	2
0	14
0	14
0	10
0	10
20	18
0	14
31	9
0	9
3	0
0	107
0	107
3	0
4	56
15	139
0	94
0	8
75	10
330	10
0	0
4	0
0	0
6	3
0	3
27	109
13	109
0	47
0	26
0	6
0	6
0	4
4	12
0	24
0	23
2	3
0	15
20	26
0	22
150	0
16	0
18	1
27	25
0	12
0	1
0	1
19	1
11	0
28	45
1	45
2	0
1	7
0	7
8	37
0	36
0	0
16	6
631	323
0	323
1	136
9	63
40	42
0	43
2	13
51	20
6	0
0	52
0	65
0	12
5	0
2	10
0	11
0	65
0	65
0	1
0	11
6	55
0	22
0	28
223	28
0	0
0	1
0	9
11	9
0	7
3	896
0	896
0	896
0	952
0	362
30	10
0	1
45	7
0	7
8	0
5	3
0	3
5	43
0	23
85	71
0	22
2	8
0	63
0	5
0	57
0	6
149	20
5	7
0	7
10	15
39	19
0	5
272	0
6	0
74	202
0	51
0	194
25	39
0	28
28	13
12	2
0	2
1	12
113	43
0	43
39	15
2	15
6	33
0	30
0	117
0	104
0	1
0	0
4	100
0	3
5	2
0	1
0	4
0	33
49	49
0	117
6	0
5	5
3	5
0	5
4	0
1	5
276	544
1132	2010
0	984
1	9
18	22
0	0
4	3
0	3
16	3
282	3
5	3
0	0
10	3
0	0
0	3
0	3
46	0
0	110
86	110
4	70
2	1
0	6
6	6
0	3
12	1
96	1
0	1
7	1
24	19
0	28
0	0
0	1
0	1
468	112
0	151
0	151
0	50
0	52
4	52
1	2
3	1
2	194
0	44
0	3
58	0
1	0
0	3
558	0
16	1
1	20
0	19
0	1
0	5
608	3198
0	11
1	59
80	59
1	2
0	0
7	0
6	2
0	46
0	46
132	28
3	19
0	28
7	22
21	14
0	22
0	30
1	30
0	29
0	20
0	20
0	1
47	56
1	13
8	23
0	11
0	0
0	2
0	12
0	6
9	7
0	0
3	13
0	5
0	11
1	11
36	24
0	23
129	0
0	5
0	5
172	5
5	4
3	1
2	0
0	30
0	3
9	3
1	3
0	1
0	109
0	108
11	24
2	56
33	48
0	8
3	0
5	6
0	6
76	44
13	0
14	12
0	1
8	0
150	1
0	1
6	1
0	1
0	0
1	0
0	0
24	13
0	2
0	100
0	1
0	0
1	0
0	0
0	2
0	0
0	0
157	0
268	96
0	9
0	2
13	0
0	64
0	65
0	64
0	65
0	64
72	144
0	142
9	0
0	0
52	16
0	3
142	13
0	9
0	9
0	5
60	218
8	178
0	115
41	63
0	42
0	28
0	28
52	68
0	1
0	0
52	9
0	9
0	0
0	3
73	47
2	34
0	38
0	15
0	13
1	13
203	468
8	609
0	31
0	2
3	1
219	1876
0	1870
23	13
0	13
75	26
1	25
13	48
0	48
7	21
0	0
6	31
0	0
0	1
0	20
0	71
0	71
0	71
9	37
0	20
85	24
3	2
0	2
0	3
1	15
1	6
0	16
31	0
41	191
9	192
7	164
4	51
0	19
0	1
0	58
0	214
1	52
42	7
0	45
0	202
0	0
0	132
9	9
0	28
0	28
0	8
0	71
0	5
0	3
0	3
60	1
0	71
18	52
0	33
0	17
59	0
0	52
0	8
0	8
12	49
0	49
0	49
0	12
0	12
0	26
0	26
0	22
0	4
0	4
68	709
0	682
1	39
1	4
24	9
15	29
3	24
0	0
363	9
27	2
0	0
0	65
8	74
0	72
0	65
0	72
0	65
4	136
0	142
0	103
20	50
0	1
0	1
75	47
0	6
3	7
0	3
0	7
0	5
16	3
5	0
7	32
0	20
4	10
1	20
0	5
0	14
0	32
0	68
0	163
2	5
0	64
0	65
12	12
0	11
14	9
0	160
0	160
38	163
18	0
273	283
11	371
1	15
1	313
0	79
0	4
0	267
16	0
5	75
10	146
0	55
0	119
0	159
11	0
18	97
6	28
17	6
0	11
0	1
1	1
0	166
438	544
257	217
0	63
0	63
3	2
9	173
27	18
0	18
187	123
2	43
0	68
0	187
4	187
0	1
0	187
0	58
18	53
98	53
14	14
5	0
37	30
30	30
0	30
0	25
45	44
137	21
1	0
7	0
0	4
17	0
9	17
0	0
0	0
29	0
4	0
18	4
0	1
13	3
176	0
64	0
0	2
0	2
0	41
0	41
0	8
138	6
4	6
3	43
3	46
0	13
0	6
0	5
59	0
0	13
0	14
10	14
13	5
0	5
0	5
0	0
0	2
0	15
0	118
2	117
0	15
10	1
64	45
17	3
0	1
629	54
1	49
142	44
0	30
1	0
0	0
0	339
47	339
1	96
15	56
0	0
32	148
0	137
0	6
0	0
55	90
0	110
0	48
32	2
0	21
1	59
3	5
12	21
0	3
28	18
18	0
91	139
4	139
0	0
0	0
0	0
430	2
7	2
2	62
0	117
42	38
0	31
6	5
0	3
0	12
40	0
8	10
0	10
0	2
41	3
0	2
0	0
0	2
1	1
5	0
18	139
0	181
0	44
19	0
84	1
0	1
0	0
0	1
2	1
0	23
0	0
27	24
0	1
469	135
20	15
0	4
8	8
0	10
0	0
0	0
0	192
0	192
28	12
2	2
6	10
180	100
4	25
1	25
0	75
0	4
0	3
0	2
0	1
0	18
0	63
51	665
0	669
795	690
22	229
0	229
1	230
2	15
11	29
0	18
0	22
9	61
0	44
0	6
0	46
0	40
0	1
1	16
1	1
143	161
0	150
0	191
4	3
108	192
0	2
0	3
0	0
34	44
74	74
0	0
15	209
0	172
8	133
0	181
1	70
0	87
0	5
0	5
3	45
0	18
0	49
0	12
0	1
0	2
0	0
6	0
5	0
0	0
3	1
3	2
0	7
7	7
21	56
0	29
460	36
16	25
0	0
0	2
6	8
0	3
1	0
5	0
0	0
0	53
543	246
1	246
0	4
8	2
324	126
141	87
0	79
108	92
5	281
4	282
1	158
114	36
0	8
3	0
0	0
6	0
36	25
3	0
0	13
28	62
0	25
140	14
0	27
6	56
0	9
0	15
0	0
5	46
3	44
31	109
0	137
52	146
0	107
0	49
0	22
0	15
6	68
0	0
9	0
120	0
0	8
0	8
0	2
0	6
1	5
0	5
0	3
5	3
0	3
0	196
0	312
27	310
0	4
22	4
7	9
0	9
0	6
150	12
0	6
1	3
0	3
0	2
1	0
0	0
0	1
0	1
105	109
0	1
13	0
0	0
2	108
0	15
0	18
32	18
0	15
1	0
6	151
0	82
39	4
0	146
0	0
0	67
51	146
6	2
9	16
13	0
6	34
2	0
0	299
0	20
19	124
0	61
0	37
21	47
0	61
0	55
0	0
2	24
154	142
6	1
2	0
35	278
0	169
9	1
0	3
19	12
59	12
0	21
50	104
5	14
0	315
6	11
0	314
1	11
1	13
1	1
9	0
0	314
98	91
21	0
45	39
0	47
0	22
0	1
0	854
3	853
0	75
2	20
25	7
0	0
1	0
1	0
176	40
44	40
0	12
8	14
4	6
5	2
15	2
0	2
0	2
1	28
74	312
0	24
0	0
3	1
0	147
21	148
5	22
35	184
226	77
0	12
0	90
5	20
2	130
1	20
12	20
178	113
40	14
0	12
0	13
0	48
0	19
1	0
0	11
0	11
0	9
240	125
0	20
0	123
1	6
81	42
1	2
0	2
482	22
6	22
0	0
5	290
57	11
10	10
0	293
0	299
0	299
0	298
0	294
1	135
7	135
0	19
0	13
8	14
26	2
0	21
0	2
161	10
74	0
29	2
0	2
1	2
1	1
2	0
623	0
0	16
0	14
1	6
0	4
0	11
0	16
257	86
0	86
136	128
68	2
0	2
5	0
0	11
0	10
0	33
0	128
44	48
0	8
22	7
5	7
51	28
0	28
11	0
11	8
0	2
0	9
0	24
0	24
2	2
22	39
0	3
84	0
0	0
21	20
0	0
0	0
1	7
0	9
0	7
1	9
0	9
0	9
2	9
3	0
1	7
12	7
0	20
5	227
0	173
2	0
0	26
16	234
34	212
155	537
811	537
10	4
10	385
8	0
4	2
0	2
16	0
146	18
0	22
0	2
0	34
22	4
0	2
4	1
0	7
2	17
0	26
25	89
0	89
204	51
0	51
0	0
0	14
16	15
8	9
12	9
0	5
2	8
690	107
0	96
0	11
0	0
0	13
0	31
0	11
0	6
0	0
0	0
0	1
2	0
0	1
1	1
0	1
16	16
0	2
2	0
1	0
3	0
109	119
6	40
0	119
32	53
5	53
52	48
0	7
4	21
12	0
0	0
0	0
403	0
14	0
0	3
0	3
0	1
0	57
2	57
0	0
1	0
14	0
1	0
0	9
6	0
0	9
0	65
32	166
34	2
28	9
0	166
32	190
0	167
0	182
0	24
0	1
1	2
0	21
0	14
0	14
0	15
122	60
0	1
6	2
18	96
9	69
0	70
45	0
0	7
0	6
0	0
0	2
0	1
12	0
0	0
11	0
6	0
1	55
33	26
118	0
16	11
0	46
0	46
6	0
5	153
0	44
13	42
0	0
0	5
1	5
10	1
0	4
2	3
13	15
25	15
0	3
0	12
0	12
7	1
3	0
804	47
0	37
4	32
0	15
3	0
28	84
0	0
4	3
19	9
0	9
196	0
6	0
1	3
0	307
0	36
0	304
100	51
4	51
0	35
0	3
0	23
583	2
1	1
0	1
10	24
0	2
1	24
1	56
0	21
1	6
82	1029
1	3
0	3
0	6
4	2
24	0
0	118
0	118
0	4
0	14
76	226
0	29
0	145
0	4
5	0
0	212
0	106
37	0
0	16
0	16
0	10
24	10
0	10
0	6
2	6
952	0
409	0
294	28
1	97
0	97
0	37
0	15
0	28
3	0
138	281
0	356
0	356
8	35
0	5
1	5
114	0
7	0
328	10
1	5
0	36
0	36
38	0
287	525
0	499
0	32
56	65
5	0
0	0
0	38
0	38
16	20
146	9
2	10
88	16
2	0
9	8
0	8
1	3
1	1
104	1
3	0
0	0
0	0
6	13
12	0
8	120
0	71
0	71
9	0
190	2
31	4
47	6
1	0
62	42
0	95
0	17
0	17
1	0
0	7
0	13
0	9
25	454
0	18
0	17
0	32
0	32
195	449
0	8
0	6
0	0
0	0
1	0
1	0
13	0
0	2
3	2
0	37
86	8
0	1
0	0
1	0
6	0
0	7
9	7
0	0
2	0
44	73
1	12
0	6
0	12
0	8
17	69
51	1
0	1
46	41
0	0
0	41
0	11
0	75
0	51
0	33
22	7
1	7
0	6
170	175
152	193
0	20
0	1
0	7
302	43
0	4
0	40
38	1
0	0
8	2
0	80
76	0
0	34
83	80
567	0
0	1
4	1
1	17
88	0
0	17
25	21
12	16
0	9
5	9
3	9
0	11
35	11
4	6
706	23
0	1
28	31
0	48
0	10
227	40
0	0
0	2
0	2
0	27
10	0
0	4
8	4
45	348
0	232
0	271
0	206
25	37
3	7
39	7
0	1
0	3
87	30
0	30
0	30
45	0
382	199
0	38
0	86
0	6
13	155
0	0
0	0
13	16
86	33
0	18
3	3
665	509
0	485
0	511
0	41
0	515
665	405
0	407
0	407
1	99
16	78
0	0
0	4
0	3
0	19
74	2
35	7
8	0
54	16
30	1
76	110
0	110
0	75
3	0
0	5
0	5
0	5
0	0
0	1
0	1
56	43
0	43
3	35
1	19
26	17
52	36
2	24
4	11
0	3
1	3
0	2
7	1
2	1
0	4
3	7
14	61
11	54
10	33
0	2
0	2
1	0
32	111
0	110
0	64
9	13
0	4
4	20
1	0
1	40
0	0
0	50
0	4
3	62
0	33
0	18
0	208
0	208
6	19
2	0
0	7
0	7
0	1
17	58
0	48
0	13
14	6
1	2
0	0
0	11
0	64
0	64
0	64
33	52
738	18
0	8
0	7
0	2
0	0
83	11
18	3
3	7
15	2
0	2
746	0
0	50
116	70
25	4
0	70
0	3
29	3
0	2
1	3
0	13
3	13
21	8
40	34
102	19
0	26
0	16
0	628
0	43
157	638
13	0
0	21
0	21
1816	0
406	155
0	155
0	80
0	69
20	2
24	0
0	2
0	155
0	21
1	21
342	132
0	132
56	0
0	4
0	4
4	4
1	9
2	9
35	9
702	448
0	448
10	0
0	4
18	29
54	24
0	17
1	0
149	1063
0	3
0	556
0	557
4	53
124	256
34	53
0	62
62	58
1	14
0	0
0	21
23	6
1	116
0	116
18	60
55	56
44	327
0	329
92	84
67	62
105	8
14	2
0	2
0	148
29	24
1	147
26	23
128	84
0	111
0	5
0	2
66	73
157	42
131	11
0	0
0	0
0	2
0	2
0	73
0	0
5	0
0	103
0	281
0	281
11	137
0	0
46	131
0	131
82	0
0	132
0	132
0	131
0	144
31	13
0	13
65	407
1	407
41	2
0	88
0	2
523	2
15	46
61	167
0	153
0	153
24	42
0	107
42	116
0	61
8	0
0	0
0	1
2	33
60	33
0	5
25	0
41	84
26	79
0	59
4	7
17	6
8	5
56	5
0	5
21	3
28	14
21	118
47	64
16	118
44	1
1	11
37	11
5	24
0	26
0	16
0	16
16	1
8	10
2	0
0	1
0	4
18	0
112	1
1	1
15	0
711	1128
18	334
5	794
0	0
522	18
6	18
304	74
0	56
51	2
1	2
4	2
0	0
1	0
238	16
0	7
0	13
0	13
0	2
9	0
2	0
0	0
1	0
0	4
0	1
1	1
0	0
4	5
0	5
0	152
0	116
0	100
0	14
0	12
0	6
146	63
2	7
0	3
3	3
0	176
31	4
0	3
0	9
0	9
0	1
0	19
0	0
0	18
131	38
0	38
3	3
2	7
0	7
0	5
0	19
4	19
0	3
1	0
0	0
0	0
5	3
0	0
7	0
2	0
0	3
62	0
2	4
0	26
0	6
0	2
0	7
0	13
0	4
0	1
0	26
0	5
0	3
0	1
0	1
17	4
18	13
0	4
0	0
0	4
0	3
188	21
0	4
0	18
1	0
0	0
2	17
0	4
0	4
24	4
0	28
0	14
171	29
2	0
0	0
0	2
1	2
51	28
0	26
23	23
30	23
195	43
3	13
51	0
1	26
19	0
43	2
0	2
44	16
4	27
0	1
35	0
15	0
55	0
0	0
10	21
25	21
3	0
0	360
6	126
77	410
0	181
279	23
11	23
5	6
1142	91
0	99
0	8
0	6
0	1
0	1016
0	1016
30	828
15	24
0	25
0	25
0	25
0	986
0	986
0	1
0	2
0	963
36	4
0	965
136	1459
0	1459
0	775
39	2
9	332
64	57
0	1
41	14
0	17
0	2
0	2
0	1
16	3
0	98
0	98
0	98
0	105
0	1
0	11
2	0
0	15
3	8
0	0
4	3
2	25
104	132
0	1
0	75
8	15
3	131
3	1
0	1
35	0
331	19
25	18
0	3
36	12
1	1
7	1
45	14
0	14
28	88
0	46
152	94
1	15
0	15
0	3
0	65
0	65
0	15
8	201
0	176
0	1
0	1
0	80
38	177
0	10
0	201
113	14
0	7
66	19
163	213
0	166
0	172
20	52
0	35
21	44
0	174
0	212
18	217
1	0
0	0
0	5
0	0
0	164
0	164
0	167
0	167
0	161
0	164
0	12
0	0
57	56
51	48
0	0
0	0
38	72
24	29
2281	36
0	4
0	4
0	65
19	4
0	65
0	3
0	3
0	2
0	4
0	3
26	1
67	61
0	61
0	45
0	1
0	1
0	0
5	0
0	5
1	5
25	0
59	72
123	199
0	221
0	220
0	103
19	99
0	1
0	7
0	6
0	1
0	1
1	1
35	0
79	105
145	446
20	137
0	26
0	362
0	364
2	4
0	4
0	2
0	2
8	7
1	50
0	50
0	50
0	4
0	31
0	1
4	5
21	0
288	18
0	18
0	6
37	4
0	12
0	18
1	17
1	17
0	15
2	1
20	1
0	170
33	170
0	28
113	74
0	63
0	15
0	9
0	6
0	6
1	2
2	1
48	402
4	31
0	303
0	402
1	1
9	363
0	6
4	2
25	344
204	19
93	25
9	0
0	0
2	0
2	0
0	11
2	11
0	2
0	13
0	13
14	0
10	1
0	1
44	1
0	25
10	25
21	2
155	36
0	36
78	303
0	116
0	4
0	97
0	9
0	9
0	13
0	13
0	11
7	0
1	0
14	1
15	1
60	0
68	187
0	133
0	69
5	39
0	25
74	18
0	3
3	21
25	0
0	6
4	0
54	1
1	2
314	129
4	36
0	8
0	127
70	0
0	0
0	0
0	24
0	24
0	12
38	20
80	13
0	13
5	0
0	0
34	0
8	23
0	23
26	156
0	156
34	12
4	1
1	0
0	31
0	31
0	9
12	0
5	245
0	78
0	277
42	379
11	252
0	74
64	30
0	0
0	261
1	12
327	12
1	0
0	38
0	3
0	38
445	114
24	25
0	25
0	25
1	23
0	55
9	2
4	3
0	3
95	2
10	0
26	6
0	87
9	87
0	57
1	57
0	141
0	141
0	141
0	141
0	200
11	39
7	0
33	0
8	1
4	0
0	42
92	200
0	17
0	7
0	17
0	17
0	17
6	0
707	130
131	124
0	16
14	58
274	36
0	14
0	111
0	29
0	14
0	5
1	5
0	4
23	26
0	1
3	26
244	570
1	555
2	2
1	0
5	4
1	9
141	174
0	5
3	2
33	116
0	2
0	20
2	3
2	20
2	13
232	12
12	0
7	41
0	19
71	1688
1019	1473
0	4
18	45
2	53
0	1138
6	7
1	53
5	12
5	10
0	6
0	0
0	28
0	2
0	30
13	94
81	94
11	0
62	75
0	78
0	38
10	2
0	2
116	188
44	310
0	161
0	24
0	10
0	13
0	1
1	1
58	100
1	4
0	2
0	2
1	96
1	95
0	58
0	4
6	0
23	11
26	11
0	297
0	297
16	47
0	47
6	47
7	0
4	0
527	10
0	0
0	1
0	10
0	9
36	30
8	29
15	30
0	2
0	0
6	0
138	46
0	17
0	1
0	17
0	1
0	34
0	0
1	2
0	4
0	3
0	0
0	7
0	0
0	0
20	10
0	17
0	22
0	22
0	8
667	8
0	0
35	0
1	2
0	6
0	6
124	5
1	12
480	12
1	1
0	67
3	67
0	0
10	2
0	2
206	102
13	0
0	11
10	0
0	4
0	0
10	91
2	133
0	118
6	16
20	22
1	22
0	121
126	313
12	310
7	312
5	299
30	89
0	32
0	1
53	17
0	17
0	5
0	10
0	141
0	141
0	10
0	112
0	37
0	9
19	1
12	18
0	0
0	19
0	6
1	8
0	0
136	1
0	1
51	5
7	0
0	33
0	1304
0	19
0	16
145	1271
0	6
6	8
0	8
0	8
0	3
2	2
2	1
2	3
0	3
1	0
1	2
0	1
0	1
2	0
5	1
0	11
2	5
0	5
2	3
1	5
88	15
0	3
25	74
1	68
42	1
2	1
0	62
0	1
1	0
1	0
0	6
0	113
11	116
0	94
0	60
1	25
0	19
0	2
0	2
12	2
0	2
0	0
0	0
0	0
49	1
46	93
0	93
0	92
0	60
0	26
0	19
0	0
0	0
4	3
0	19
0	17
0	17
0	1
0	15
3	20
0	19
55	123
0	122
3	58
0	56
0	2
1	7
1	11
2	31
16	13
37	11
37	6
251	3
1	3
0	1
24	0
158	42
0	0
0	8
0	1
0	1
6	5
0	35
4	34
0	29
0	0
5	0
15	33
0	16
85	11
0	1
0	7
134	0
344	38
0	38
0	12
10	2
9	7
0	38
1	5
114	89
0	89
0	18
102	39
0	39
0	16
0	42
36	20
0	10
7	6
0	0
78	6
121	5
2	5
114	0
173	6
0	0
3	0
0	0
2	93
0	60
0	93
0	32
9	44
59	44
0	101
0	0
0	185
37	210
0	70
0	4
2	115
138	29
0	29
15	2
17	33
1	6
12	1
2	1
0	17
0	19
0	8
0	14
143	178
68	14
41	203
0	42
0	8
0	50
103	247
0	51
0	63
951	519
0	577
0	481
0	11
57	32
3	146
7	4
79	62
0	3
7	3
28	37
0	26
4	1
0	1
1	8
1	8
0	8
46	19
48	46
0	5
1	11
0	11
5	200
149	471
0	165
0	313
0	0
0	16
0	16
26	0
126	61
0	87
7	87
16	1
1	0
0	3
0	1
161	0
1	33
3	8
2	8
0	8
59	20
1	4
10	1
105	0
0	124
0	122
0	124
0	123
0	123
0	122
0	124
0	123
0	123
0	35
0	78
0	78
0	78
0	5
8	2
19	147
155	133
4	12
0	12
0	12
1	0
0	12
0	6
0	10
0	3
5	54
7	2
2	2
0	30
18	48
131	50
30	32
0	34
0	38
0	12
0	12
5	38
1	4
204	664
2	688
0	441
5	0
20	61
21	36
0	21
10	19
0	46
19	8
0	17
0	19
41	33
9	3
0	0
34	24
0	0
0	3
0	50
310	9
0	9
0	2
95	43
128	88
52	6
0	5
10	0
0	0
3	4
2	0
24	2
0	2
0	3
0	1
26	2
6	15
1	15
0	15
0	2
0	0
2	0
0	10
0	8
0	10
0	112
6	112
0	12
0	140
63	38
0	36
20	74
40	36
0	31
0	25
0	38
0	38
0	0
6	0
270	55
0	39
0	0
0	0
42	194
1	208
52	163
51	0
3	0
0	246
0	207
1	0
0	5
0	246
53	67
0	67
0	4
10	69
0	69
0	69
1	3
0	1
15	1
0	4
31	17
33	0
1	0
0	69
0	69
124	43
3	25
0	21
0	37
0	16
0	21
0	16
63	36
0	17
4	3
0	1
0	3
0	107
0	116
0	105
0	96
0	2
57	33
36	133
4	128
0	128
0	127
0	127
138	0
10	5
77	380
0	3
0	0
0	372
12	10
12	11
0	10
0	11
0	10
0	1
0	1
0	1
3	2
0	2
0	1
0	1
0	1
0	1
0	24
0	24
0	27
0	13
0	65
0	28
10	47
16	47
0	15
0	15
0	24
29	0
0	19
0	7
4	17
7	20
672	2
354	117
7	113
0	87
0	75
0	1
0	12
0	16
0	8
40	16
0	205
0	54
0	5
0	5
0	5
0	86
0	231
0	5
3	5
0	4
30	230
3	5
3	4
0	2
20	3
0	7
0	3
0	2
0	1
5	49
0	16
0	25
1	19
0	19
0	1
0	1
0	1
48	448
0	370
0	0
0	0
0	1
63	92
16	77
0	80
1	79
0	38
70	39
0	11
96	0
161	14
0	9
0	2
0	2
1	10
35	34
69	68
115	67
4	6
2	31
0	4
0	90
0	93
0	16
0	3
0	6
0	3
0	3
0	3
0	1
5	2
0	1
1	4
0	4
0	90
0	90
0	93
0	103
21	92
5	98
0	65
3	10
0	4
23	92
0	85
0	12
522	2
11	4
0	4
0	61
71	87
0	4
2	0
0	129
0	135
0	128
0	38
4	77
0	77
0	13
0	17
0	16
132	14
252	28
16	144
21	134
0	11
7	4
0	28
4	37
0	29
15	44
0	44
3	2
0	1
5	1
6	0
0	0
7	0
3	35
23	0
5	33
0	35
1	22
0	19
0	4
0	18
0	3
4	7
0	2
0	0
9	6
0	4
0	4
0	1
0	65
0	60
3	0
16	6
20	11
0	11
3	8
0	6
0	6
0	3
2	1
24	99
0	107
0	107
0	1
3	8
1	8
0	23
0	23
0	95
0	105
12	94
90	80
6	80
0	0
6	0
0	0
0	15
0	15
0	7
3	67
20	76
0	3
0	44
4	73
0	44
9	2
3	116
0	116
101	3
2	7
2	3
2	6
1	0
27	26
0	10
32	106
0	115
1	68
0	58
1	1
3	0
0	1
0	9
33	9
0	9
0	12
2	12
0	6
2147	8
1190	9
25	9
2	2
20	2
0	0
11	4
0	3
6	1
7	1
10	0
0	16
0	16
320	16
44	136
0	28
17	28
0	122
0	10
0	10
0	0
7	0
141	22
5	0
4	0
0	22
0	96
57	66
1	96
22	16
4	73
14	77
3	4
14	17
0	4
0	16
48	33
0	33
0	169
0	151
0	37
243	285
0	7
0	66
8	42
0	4
0	17
1940	326
5	269
8	91
36	58
18	0
0	1
2	0
0	90
4	34
0	19
0	8
0	90
35	23
0	15
107	5
0	5
6	176
0	150
1	30
0	30
0	19
2	2
5	41
0	41
0	5
0	19
0	9
10	12
15	1
0	0
1	0
1	11
1	0
1	0
13	0
0	0
0	3
0	24
0	24
0	11
277	0
0	17
0	18
0	17
1	19
0	18
0	12
0	312
0	312
0	151
0	175
3	175
0	3
0	4
0	38
2	4
40	0
1	0
40	0
0	704
0	204
3	704
0	2
0	2
0	1
0	1
0	1
0	0
0	0
576	536
43	54
0	54
0	1
11	104
0	39
0	46
0	54
83	18
2	0
1	5
0	68
52	20
7	8
0	4
2	0
1	20
0	56
0	56
0	56
0	2
21	7
0	1
0	7
25	169
0	79
0	129
10	3
24	125
155	15
6	1
0	15
2	21
0	21
7	52
0	20
36	21
0	87
0	120
0	33
0	30
0	63
0	13
0	9
14	7
0	9
0	2
0	7
4	5
1	5
0	6
21	3
0	6
0	0
527	6
3	6
3	9
11	9
0	4
12	10
0	2
0	2
0	0
7	8
0	0
0	0
21	2
695	95
10	78
0	0
43	0
31	42
19	95
0	18
0	10
5	27
0	17
1	10
0	6
0	10
94	5
85	22
1	1
11	21
66	56
97	56
0	1
65	0
3	50
0	116
0	68
0	62
0	91
0	44
0	4
0	8
0	62
0	65
319	225
0	205
64	10
12	10
0	10
18	8
11	0
20	0
0	0
76	0
0	0
0	10
0	28
2	3
0	0
0	3
0	0
0	1
0	5
18	5
1	9
1	3
0	5
0	4
0	6
0	6
0	3
43	0
297	6
0	4
0	6
85	90
18	88
0	0
0	1
0	57
195	67
0	67
0	639
3	35
3	122
0	63
0	944
0	427
135	6
6	1
1	1
3	16
0	15
0	16
138	49
10	12
11	31
4	24
0	21
0	414
294	820
0	532
0	84
0	85
0	84
0	85
2	26
0	32
0	84
0	85
0	84
0	275
451	160
0	160
0	65
0	64
0	58
0	58
0	19
31	2
2	28
0	27
0	31
0	7
0	4
171	13
0	0
0	334
0	17
0	52
0	7
0	11
0	7
0	12
0	251
0	39
7	40
0	324
0	28
4	38
0	12
0	4
9	4
0	4
0	0
0	0
11	0
0	0
15	0
536	94
0	94
25	88
8	11
7	0
0	70
14	3
0	3
38	23
20	0
0	53
0	30
0	37
0	2
0	55
14	54
0	55
0	2
0	13
0	1
0	66
21	276
217	66
1	178
0	62
0	64
0	29
20	85
15	27
0	11
4	52
9	33
1	24
2	1
4	0
1	16
0	3
7	3
0	16
0	3
0	3
21	119
0	96
8	80
0	97
1	46
2	46
0	15
4	46
5	0
25	48
6	13
170	0
4	0
48	19
0	18
0	18
0	13
0	13
0	12
0	12
10	2
9	20
0	1
0	1
0	27
3	0
0	27
280	39
0	210
27	0
425	199
9	5
0	226
0	125
0	21
0	111
0	96
407	10
0	144
17	0
0	0
0	57
0	53
5	51
0	8
6	2
22	1
0	0
10	0
0	110
0	31
0	59
0	0
19	4
9	4
0	4
1	0
0	23
0	27
11	0
3	1
0	0
33	4
0	27
0	14
12	3
0	110
712	206
30	54
0	152
0	31
284	34
0	15
103	10
0	0
7	3
130	7
17	9
10	5
3	4
2	1
10	2
59	51
0	87
0	78
0	23
8	160
0	84
113	77
43	82
2	78
16	0
0	62
0	19
0	3
0	2
3	4
0	0
0	0
0	0
0	0
19	4
0	0
0	0
0	4
0	0
0	0
0	0
3	0
6	7
0	0
0	0
2	0
462	13
0	22
27	23
0	4
19	7
0	7
3	0
80	168
0	168
3	64
0	148
0	17
7	0
0	9
1	0
0	101
0	36
19	0
31	36
0	2
105	107
0	115
4	13
0	2
0	2
6143	0
323	63
0	247
0	38
2	269
6	61
47	27
3	25
0	1
1	1
189	262
0	104
45	245
0	233
0	237
0	134
5	0
10	0
1	15
374	105
0	15
0	1
4	7
0	0
116	95
0	105
12	7
0	7
1	5
26	0
157	1
5	0
15	36
10	36
156	39
0	29
0	13
0	8
4	15
17	101
1	0
9	0
112	64
108	58
1	6
8	49
5	55
0	1
38	15
0	14
4	14
0	7
0	1
0	0
196	194
2	194
0	21
4	1
0	20
0	102
0	102
0	94
3	44
5	11
1	8
0	1
0	0
5	31
1	54
0	102
0	107
4	118
26	90
0	66
0	20
10	0
27	105
0	0
1	78
16	21
1	8
64	27
26	27
0	27
0	3
665	289
0	95
16	202
624	204
0	181
0	2
0	0
0	5
1	1
11	8
0	7
155	26
0	103
46	26
0	9
15	88
1	0
17	0
37	75
28	10
1	75
0	14
21	13
0	14
4	0
0	12
4	16
0	7
0	3
35	3
0	5
8	4
0	3
0	3
0	3
0	3
0	3
5	3
1	4
1	2
115	48
123	48
0	108
0	86
23	145
13	154
0	24
0	11
0	9
0	11
10	1
33	1
15	1
15	31
0	79
0	78
3	2
11	0
100	80
36	80
0	68
8	156
0	3
0	3
2	1
0	1
0	291
14	268
0	9
0	31
10	2
22	2
0	10
1	0
4	114
1	129
0	128
0	65
0	73
0	56
1	38
0	9
0	142
6	19
0	19
0	19
0	19
0	17
0	17
0	15
0	2
19	16
2	2
59	25
0	15
83	23
0	23
0	2
7	1
3	0
0	2
11	1
6	1
0	13
5	16
0	14
0	27
0	27
0	19
0	19
0	19
0	19
3	1
8	2
12	21
754	219
0	209
2	73
0	64
1	0
15	1
1	10
0	3
0	3
0	2
0	476
0	361
0	0
1	95
0	480
37	16
0	13
0	7
0	11
59	11
55	81
0	82
76	59
50	38
3	6
16	7
115	6
0	19
13	2
0	1
8	18
0	2
3	20
7	28
0	7
0	12
0	13
0	16
0	9
0	0
11	11
0	15
0	17
0	17
29	16
0	14
0	15
0	9
0	5
0	10
0	12
196	11
682	11
4	77
1	80
15	80
113	70
8	6
0	5
0	0
0	3
12	96
30	0
0	5
0	146
0	171
0	29
0	74
0	74
0	93
0	5
0	9
0	9
13	7
0	8
110	10
3	5
0	5
0	5
0	5
0	6
116	5
0	0
0	0
1	1
0	171
36	8
0	8
20	0
156	0
57	42
0	42
8	0
8	9
31	3
0	20
0	18
1	3
2	3
0	0
0	3
0	10
0	4
0	10
0	10
7	0
0	5
0	5
7	47
1	1
0	47
24	27
0	36
0	5
16	21
3	0
1	5
153	6
1	6
87	25
0	19
3	10
0	16
0	16
14	24
4	25
22	23
35	18
29	0
36	212
7	62
0	60
0	3
0	0
0	201
3	0
0	262
0	70
0	80
0	71
6	80
4	8
349	365
0	24
0	365
1	0
22	1
2	0
46	17
225	204
0	17
0	28
11	9
4	15
24	24
2	6
9	31
0	6
0	7
1	2
12	19
0	21
6	16
2	1186
0	155
4	2
1	269
460	269
8	11
22	11
0	3
0	1
16	18
27	38
0	8
0	6
1	12
128	145
159	105
1	92
0	19
2	32
186	24
55	20
0	1
4	1
3	0
0	5
2	2
8	6
0	6
0	2
0	5
0	5
2	6
11	127
0	5
0	2
1	20
16	7
0	2
0	19
0	17
0	4
0	1
0	1
1	4
0	1
122	0
0	9
0	9
133	22
11	27
0	35
0	1
6	0
0	10
49	89
0	5
0	11
0	83
0	101
17	100
1	9
0	3
3	3
38	129
5	119
0	48
0	29
0	15
0	17
0	14
2	10
0	1
14	15
4	1
31	14
124	47
0	1
6	0
0	0
0	0
0	0
0	0
1	0
1	0
0	13
1	13
32	53
2	53
0	20
4	36
0	32
31	70
0	23
60	21
135	192
0	34
9	2
31	53
0	51
0	39
0	36
36	25
9	42
1	2
0	68
0	59
29	0
0	1179
0	28
0	109
0	109
7	10
0	32
2	32
0	10
4	7
0	14
0	52
14	51
235	47
0	14
2	8
1	7
20	81
4	94
7	19
0	29
0	29
0	41
0	16
0	1
0	4
0	3
0	3
0	2
0	24
2	1
0	1
0	15
0	15
0	38
0	0
0	14
0	14
2	14
0	21
2	14
6	0
0	15
0	15
301	38
216	38
0	26
0	52
0	52
0	21
2	104
56	30
0	398
0	1
0	62
0	0
0	5
4	5
0	5
0	15
18	378
3	0
2	2
14	134
0	55
0	57
76	80
0	28
0	22
0	8
1	2
0	1
0	30
11	11
0	77
0	5
40	18
0	3
0	18
0	11
1	0
0	6
0	8
0	2
0	0
12	0
112	2
3	9
0	7
5	0
0	24
0	24
2	11
22	11
0	5
12	11
0	2
1	0
12	0
0	9
5	11
19	7
5	6
0	5
3	1
0	12
15	46
42	26
338	22
0	9
17	10
0	10
0	8
2	9
0	0
0	9
33	27
116	39
0	16
19	25
0	25
0	24
1	0
0	0
0	1
20	0
19	0
1	9
5	58
114	62
72	9
0	87
441	135
0	3
0	81
0	1
115	53
23	53
18	42
0	43
0	6
0	6
0	11
0	15
0	15
0	10
2	5
1	5
11	94
0	35
0	33
0	45
0	13
0	9
276	1043
12	670
0	11
3	14
0	605
72	26
0	26
11	5
2	5
1	3
4	2
61	183
29	6
0	3
0	3
1	0
0	0
1	0
0	0
0	120
0	120
7	14
0	111
138	1
50	38
21	7
0	7
6	98
5	5
2	32
0	1
0	0
0	6
0	5
0	65
23	64
8	163
0	2
0	24
6	0
5	1
7	19
5	1
4	11
0	81
0	142
0	0
40	103
0	103
0	6
92	2
1	0
9	0
32	36
0	7
0	3
2	57
0	15
0	26
0	26
2	0
26	27
0	17
193	23
220	21
0	10
0	7
0	9
7	4
0	0
4	57
0	57
0	29
5	1
0	77
1	89
122	110
10	37
0	37
0	1
11	23
114	21
0	20
0	38
1	329
444	0
240	58
1	1
0	3
0	4
0	7
0	58
11	0
25	3
5	3
95	103
87	558
0	585
0	15
0	35
131	112
22	47
8	14
1	67
0	67
0	4
0	66
41	63
0	63
12	1
3	0
31	27
24	25
0	31
1	7
44	30
0	63
125	6
0	134
0	134
0	1
82	2
20	8
1	14
0	4
12	4
51	13
5	10
0	7
0	4
0	4
17	4
0	4
3	2
63	2
68	2
0	53
8	51
5	9
0	80
4	80
0	80
0	66
0	53
2	53
0	11
61	10
0	9
0	1
7	1
0	1
0	1
0	80
0	80
0	53
2	3
4	13
3	13
0	4
1	10
5	64
3	0
2	1
4	1
62	1
0	1
24	7
0	7
0	21
0	21
4	92
24	92
87	32
1	16
5	0
51	0
1	0
7	0
237	27
36	27
2	3
3	2
4	0
15	0
0	8
0	8
0	3
14	7
5	1
1	1
0	0
1	2
0	2
0	1
127	97
25	67
0	39
15	67
0	7
0	157
131	18
1	18
13	22
0	22
0	26
0	17
0	27
680	291
0	142
0	282
18	0
0	4
0	0
382	42
23	36
282	4
0	4
10	0
15	23
0	23
0	18
117	53
0	51
0	51
25	51
3	2
1	0
0	0
3	0
29	79
0	92
0	79
0	227
0	173
0	160
2	0
0	9
0	22
662	0
75	1
14	1
26	3
0	2
1	0
0	2
13	32
0	18
0	19
0	2752
78	2756
0	51
8	7
0	24
0	17
1	17
0	17
8	7
0	17
0	17
0	0
0	0
371	168
0	24
7	62
0	166
642	1
27	48
11	0
0	1
3	6
31	54
27	0
0	93
175	93
0	26
21	16
0	1
0	16
0	10
0	0
11	26
0	1558
1	1513
0	1461
2	400
3	8
0	9
0	8
0	9
1	2
64	4
0	2
0	2
16	0
9	14
2	13
0	1
0	1
0	1
0	2
1	0
48	41
99	50
9	23
5	8
12	6
6	28
0	61
0	62
167	10
0	241
0	241
4	263
0	16
14	22
0	18
0	6
0	6
97	9
1	9
0	1
5	8
22	0
5	9
0	9
0	6
22	0
24	72
0	67
0	72
0	59
3	39
11	5
4	2
2	2
612	51
0	131
29	60
0	124
25	127
31	45
271	0
10	1043
0	1043
28	100
20	26
18	5
13	380
0	269
0	268
0	268
0	1
14	0
0	380
1664	28
25	0
0	28
7	70
8	19
57	4
0	38
0	19
0	0
0	38
3	1
0	1
138	18
1	4
8	4
0	15
0	14
0	10
0	14
0	48
11	14
4	14
23	5
24	9
131	39
0	0
0	1
0	1
12	2
0	0
0	1
0	0
0	2
10	0
68	41
0	41
22	0
108	8
13	2
0	2
2	74
7	230
0	230
0	23
0	22
27	63
0	63
61	57
10	57
1	0
0	0
4	0
0	1
573	29
0	28
19	1
0	13
350	285
0	0
0	57
0	0
577	493
0	5
0	249
0	202
87	66
3	11
0	20
2	0
0	0
0	0
0	7
0	1
0	4
0	4
1	3
7	36
33	3
0	534
0	534
0	146
38	8
2	8
0	529
11	0
1	0
0	13
31	13
0	14
0	16
0	15
0	8
15	0
0	60
138	60
1	3
4	0
3	52
0	52
22	20
0	20
7	0
0	4
9	0
1041	442
0	485
6	485
0	43
0	137
5	14
0	21
63	240
0	86
0	209
0	23
0	157
258	188
0	11
24	26
0	37
0	7
1	7
0	17
0	4
0	10
0	8
43	260
100	279
17	1
1	2
0	15
373	77
0	0
0	0
0	6
0	3
0	6
1263	0
0	12
4	12
64	21
0	16
0	16
0	5
0	5
0	5
0	5
0	2
0	5
0	5
0	0
5	0
4	13
0	38
15	7
0	0
22	23
1	2
0	1
2	28
2	9
0	28
0	1
11	2
5	5
0	3
4	2
217	2
0	2
4	0
0	4
0	4
241	339
0	339
0	13
0	13
5	161
0	159
0	119
0	119
0	39
0	75
0	39
13	0
0	1
13	14
54	27
60	35
42	15
12	35
8	16
0	9
0	41
0	2
1	2
4	16
0	16
0	65
50	65
0	9
0	41
0	36
31	0
0	26
0	64
0	95
42	63
135	61
0	73
0	42
0	31
21	0
32	4
214	28
2	47
0	0
5	0
0	8
0	10
0	2
0	75
0	53
0	91
0	117
39	74
72	20
0	74
0	12
0	12
0	9
7	54
54	11
0	6
7	4
1	5
1	43
38	39
0	3
0	5
0	5
0	2
0	2
7	5
0	0
0	3
0	3
0	2
0	5
30	0
0	87
0	87
0	12
0	6
0	6
2	4
10	4
3	35
167	35
4	25
36	32
0	10
0	1
0	1
0	0
0	17
1	42
0	12
0	11
15	41
241	0
7	8
0	2
8	162
0	10
234	135
0	0
2	121
1	0
19	58
0	58
10	0
68	5
0	1
32	6
0	1
22	137
0	103
0	4
0	2
0	2
0	3
0	23
0	82
0	115
0	2
47	110
7	0
17	51
0	7
0	51
0	39
7	0
596	299
0	299
0	217
24	40
1	0
0	215
0	1
0	1
0	1
1	63
0	54
0	53
3	0
0	9
0	0
0	0
3	3
0	33
0	7
1	6
0	34
607	0
5	0
0	237
6	260
5	43
1	8
0	17
1	0
0	400
0	400
3	0
7	0
0	6
8	0
4	143
0	2
0	1
0	209
0	209
0	185
0	165
0	2
6	1
0	9
0	4
0	2
0	4
0	2
0	11
0	4
0	2
0	4
0	9
0	9
0	9
0	2
0	3
6	2
14	373
25	361
0	373
244	5527
0	23
17	104
28	1198
0	4
54	5473
1	64
0	64
0	23
101	20
0	0
11	0
2	3
1370	1
0	23
0	68
0	34
0	34
0	34
0	34
0	34
0	34
0	34
0	33
0	32
0	33
0	41
0	79
0	43
0	66
0	74
0	38
1	38
0	40
0	79
0	33
0	37
0	45
23	45
0	4
0	9
0	9
0	67
0	36
0	41
7	2
0	30
1	1
7	2
0	55
27	41
0	10
0	57
1	30
20	28
4	28
4	54
0	12
4	35
150	0
0	3
0	4
0	19
0	5
8	403
0	1113
310	1172
0	233
170	117
0	12
34	117
0	126
5	6
1	13
0	13
0	127
31	130
0	364
251	385
5	314
9	279
0	19
0	76
0	78
0	66
0	65
0	54
0	63
294	2
0	1
84	26
0	26
4	0
1	0
0	3
0	1
0	0
0	4
0	0
2	10
0	42
0	30
0	7
0	6
2	1
0	1
0	14
0	29
5	2
0	1
1	14
74	4
0	1
1	3
8	27
177	27
20	27
0	0
59	419
0	110
0	1
5	12
42	130
32	350
1	1
8	1
0	16
38	189
6	189
0	5
0	1
1	1
0	1
1	4
98	189
0	189
61	24
0	19
40	1
6	6
1	0
4	23
4	17
0	6
6	14
0	14
0	18
0	9
18	21
1	27
0	27
0	5
0	7
1	9
534	34
2	9
2	1
0	7
0	7
0	7
0	3
21	0
23	94
6	94
3	6
0	23
5	23
1	1
1	0
2	0
13	3
0	28
0	269
0	433
0	424
0	3
6	389
11	2
1	10
0	2
0	10
0	7
0	6
3	41
0	128
0	43
0	128
10	12
5	2
0	1
0	24
0	11
0	4
24	23
0	23
0	14
0	27
24	30
23	23
1	20
0	30
3	0
0	0
0	25
0	25
0	12
0	45
115	45
3	9
2	11
2	2
1	6
0	1
0	87
14	1
0	3
10	5
0	0
0	2
0	98
18	29
20	44
17	42
1	28
0	2
11	17
0	4
0	0
0	1
0	50
0	50
6	50
0	19
30	4
8	3
1	6
0	44
4	46
5	50
11	50
32	21
1	12
0	21
34	28
0	13
0	28
0	14
24	4
23	31
0	30
0	29
0	4
0	3
2	2
0	0
1	0
0	0
8	55
0	4
0	55
0	0
0	1
0	84
0	84
0	14
0	2
2	13
0	77
0	25
0	4
2	7
0	0
7	78
4	0
27	11
0	10
559	0
231	0
13	122
0	108
0	21
14	12
0	27
6	2
0	476
0	476
0	2
0	2
0	0
0	0
32	29
0	29
0	5
147	5
8	17
0	19
82	27
0	18
0	3
0	3
19	14
0	10
0	1
0	0
0	13
0	9
156	311
0	273
0	135
0	15
0	2
2	0
18	82
6	24
10	0
0	51
0	4
46	79
0	27
0	10
0	3
12	18
0	15
13	0
0	2776
258	2729
0	2736
117	224
0	194
21	84
781	106
0	86
0	52
0	37
0	32
8	1
1	6
22	47
0	47
42	44
0	67
11	23
2	46
9	26
51	26
0	27
7	0
8	0
0	56
0	56
79	125
35	11
0	0
0	1
34	82
24	0
41	137
0	103
0	94
18	3
0	72
0	71
192	5
5	3
1	2
0	5
0	16
0	5
0	5
0	5
0	16
0	5
0	5
14	0
321	32
0	2
1	3
0	3
0	15
1	25
0	24
3	0
5	0
0	34
60	39
0	20
0	19
0	0
0	24
39	40
0	13
1	40
0	12
0	0
0	0
0	0
6	0
1	0
6	7
3	7
0	2
0	4
12	1
28	17
0	2
3	0
26	56
0	53
0	24
0	71
156	70
0	12
6	79
0	4
0	4
0	65
92	0
12	0
18	42
0	6
198	0
13	27
0	6
0	22
21	27
0	22
0	22
0	1
0	1
0	13
0	5
0	13
4	1
0	22
11	0
0	244
0	243
0	235
24	245
0	344
0	96
0	0
0	0
0	6
0	6
0	9
3	344
0	61
0	64
0	57
0	48
0	3
0	6
0	6
0	5
0	6
14	78
61	78
3	16
47	6
1	0
1	0
0	12
0	6
136	0
23	138
0	41
0	41
0	31
0	31
0	31
0	9
1	9
0	9
6	8
364	11
0	5
0	3
0	9
0	1
0	0
298	21
28	39
0	6
11	28
0	4
1	1
1	0
178	0
0	146
12	107
5	101
3	18
3	0
49	0
75	7
18	154
0	10
0	10
3	10
0	10
11	3
15	31
1	32
3	1
1000	0
3	28
0	31
11	21
1	21
0	1079
0	1079
0	68
0	3
178	6
82	0
253	212
0	211
1	7
1	9
0	9
0	6
0	0
3	2
0	2
145	0
28	25
0	14
0	19
86	314
25	314
81	60
0	45
19	24
8	2
1	4
1	4
8	2
7	24
0	23
8	24
0	7
1	0
8	161
50	64
10	37
0	56
69	83
0	10
6	16
2	2
0	8
0	8
5	758
6	310
0	299
0	216
0	130
2	0
0	824
61	34
0	34
25	124
0	114
0	42
0	41
0	20
7	7
0	44
0	45
24	67
0	65
0	0
0	31
77	22
2	22
9	31
1	46
4	25
0	46
21	26
66	46
0	1
0	46
16	1
0	44
0	4
0	2
0	0
0	0
0	57
2	12
7	1
0	270
7	42
0	14
0	12
0	39
0	35
130	327
39	2
1	3
0	1
192	138
2	134
8	42
0	4
0	4
1	1
86	157
0	52
0	20
0	1
22	35
1	0
10	3
24	41
2	24
0	10
0	3
1	0
0	8
1	14
51	3
25	3
0	1
67	14
0	14
87	100
0	27
0	24
1	0
0	77
15	114
3	76
7	3
0	3
79	73
0	2
0	159
12	13
0	14
132	14
2	2
23	1
0	1
0	65
0	61
0	0
1	3
3	3
0	47
0	61
0	3
0	159
25	5
0	13
47	172
2	173
0	116
0	70
1	27
3	0
129	31
11	43
0	41
0	3
6	32
0	0
0	30
10	88
0	56
0	6
25	48
0	19
0	22
0	32
5	32
1	0
0	0
32	48
0	49
3	38
11	60
0	0
1	0
0	3
0	52
0	9
1	29
5	29
3	2
0	0
21	29
0	19
0	29
15	0
0	12
161	2
0	100
38	101
0	91
22	10
19	16
54	9
0	5
26	0
0	1
0	1
311	65
5	46
0	0
0	0
0	19
101	194
0	115
13	19
0	11
26	18
13	6
0	10
0	16
2	0
0	2
1	1
0	1
0	0
0	8
2	0
1	8
11	0
14	0
4	9
0	9
43	208
0	193
0	64
124	50
21	17
0	6
2	5
0	2
0	1
0	7
0	2
28	4
131	16
0	11
17	149
13	41
8	15
5	122
1	151
0	151
0	146
0	146
0	20
0	9
0	16
11	1
6	1
0	0
0	2
14	27
5	134
114	27
0	23
0	23
1	11
0	1
1	1
0	0
130	40
2	11
53	53
0	11
0	10
0	52
0	4
15	5
0	5
21	10
0	41
44	41
2	4
0	1
0	4
0	0
63	106
0	46
3	2
0	2
75	50
1090	624
13	573
0	560
8	453
687	279
2	266
0	55
16	1
5	5
126	1
131	16
0	9
8	9
0	2
7	8
1	0
2	0
1	8
9	6
0	6
0	39
0	64
32	33
9	32
0	11
0	0
0	15
56	71
9	78
0	4
0	1
0	1
336	151
0	31
6	30
390	31
194	203
4	8
0	150
234	3
1	3
0	142
23	8
0	17
3	17
1	5
0	26
0	26
0	5
7	14
4	14
1088	0
0	215
1	4
0	211
5	0
46	112
26	27
373	281
20	34
5	7
2	8
0	1
0	2
0	2
0	14
58	5
0	5
0	5
0	4
0	0
2	14
0	5
0	5
0	14
5	111
0	93
181	635
181	612
32	0
0	415
1	23
0	23
9	2
0	2
21	16
63	44
0	44
46	11
21	1
0	3
0	1
331	0
0	103
0	98
0	5
3	7
34	7
8	174
0	172
105	30
1	185
0	185
0	184
0	5
0	83
0	61
235	19
0	18
0	18
0	14
0	15
0	6
0	6
8	43
0	1
6	0
12	51
0	51
5	42
15	42
20	0
5	14
0	9
0	2
0	3
45	0
0	68
0	68
0	3
0	42
27	11
0	11
8	0
3	0
0	0
223	264
0	17
7	13
0	53
0	0
0	0
0	0
0	0
13	8
0	8
1077	80
101	77
0	20
0	61
33	42
4	0
0	3
2	3
1	23
51	65
0	85
0	85
9	27
0	13
0	85
0	88
1	88
0	14
0	2
0	32
1	3
0	21
2	21
1	287
8	306
13	306
5	1
273	111
5	241
30	91
8	9
0	172
0	267
7	0
0	11
0	11
0	10
0	5
0	1
0	5
8	27
3	24
4	11
60	223
8	4
0	13
0	3
0	5
10	4
0	1
149	137
0	137
49	59
228	59
3	16
0	6
4	9
0	23
1	0
0	0
2	1
2	1
0	1
4	13
2	28
979	316
2	12
14	19
0	19
0	20
0	19
3	2
36	22
0	10
8	33
0	33
0	9
70	31
59	49
1	48
27	50
12	6
19	0
0	1
0	1
0	0
78	264
1521	273
47	2
0	2
78	535
0	5
817	530
0	38
0	38
9	20
2	0
0	0
0	20
206	64
13	198
0	14
0	212
30	120
5	155
1	107
76	90
1	90
6	59
0	9
0	6
8	56
0	4
10	0
0	50
0	50
0	19
123	29
16	16
45	18
0	22
0	0
0	13
0	10
3	111
0	107
1952	43
0	47
39	68
0	275
19	0
0	1
5	13
0	366
7	34
1	4
0	34
0	4
0	30
5	34
1	0
32	35
0	8
2	8
19	57
0	17
0	17
0	17
0	2
7	24
0	11
8	16
0	2
2	3
12	692
0	683
0	682
0	682
16	0
0	5
95	673
139	49
0	17
0	41
7	1
1	0
0	0
356	141
6	1
134	140
555	171
2	19
0	3
0	19
0	19
29	22
2	3
2	23
8	2
0	2
0	23
506	66
6	42
0	66
0	11
8	0
0	26
13	83
3	0
22	150
0	10
4	4
2	4
4	111
0	92
0	6
0	18
0	24
0	10
1	2
9	0
4	20
0	20
66	0
0	370
0	216
34	0
0	53
0	45
0	50
9	1
0	4
4	32
52	35
11	22
0	6
0	11
0	11
0	6
8	40
3	4
0	0
5	2
9	17
0	0
89	0
0	40
16	442
2	25
0	101
0	19
4	1
0	0
31	32
5	31
0	413
392	156
0	118
26	0
0	0
0	307
14	307
4	319
0	347
0	23
0	23
0	54
0	18
0	27
0	23
0	6
3	3
5	0
0	92
0	92
101	46
0	46
0	88
279	308
0	84
0	253
0	85
0	15
0	72
0	72
0	71
0	72
0	71
0	71
0	17
0	20
0	46
13	26
0	8
0	13
0	9
0	46
0	45
3	209
75	110
1	110
3	2
0	5
0	0
3	6
8	4
0	5
0	4
0	1
192	0
31	8
0	3
0	3
0	6
6	67
19	57
0	59
0	59
0	46
2	0
4	0
43	22
99	184
89	355
133	245
0	229
0	31
0	78
76	198
1	31
6	5
6	2
0	18
28	74
1	188
0	6
0	0
1	0
0	2
3	6
0	6
0	8
678	46
0	1
0	1
0	7
9	7
0	47
0	21
0	24
0	27
88	52
0	6
0	9
1	7
1	32
0	19
0	151
12	151
0	104
0	21
1	20
26	19
0	1
0	1
285	80
15	31
0	17
0	39
0	39
46	43
0	1
6	0
0	7
0	1
0	5
8	7
0	2
3	1
16	0
0	0
0	3
1	1
3	1
20	2
0	1
0	4
20	48
0	31
3	0
0	23
0	3
0	2
1	2
78	54
0	4
1	0
363	55
0	4
1	4
1639	0
102	0
181	59
0	55
64	148
0	63
0	28
0	26
0	1
16	0
43	110
0	94
0	9
19	68
0	14
0	15
0	6
1	1
6	11
0	47
0	20
0	21
0	20
0	1
0	0
0	1
2	0
0	0
0	19
0	47
39	31
16	23
41	30
5	2
0	2
30	0
17	75
0	30
0	164
0	167
6	0
17	0
0	44
0	2
0	77
0	18
0	16
0	77
4	36
0	18
5	41
0	18
0	18
0	33
0	8
0	2
0	0
0	0
0	77
0	95
0	248
0	56
0	382
0	85
0	260
15	28
0	6
0	2
1	2
0	385
0	385
0	291
0	363
3	7
7	26
9	1
18	25
35	16
0	14
80	11
45	13
1	1
0	14
8	28
21	51
18	17
23	46
0	26
16	120
2	142
28	0
252	64
0	28
0	62
0	28
0	28
28	66
26	35
0	49
558	936
1	842
1	161
17	60
20	109
146	0
23	87
8	77
91	87
3	6
0	20
0	14
3	10
3	15
1	13
0	13
3	5
54	47
1	47
0	42
0	3
0	0
0	5
0	4
0	21
0	21
0	22
4	12
0	9
0	9
0	10
181	60
5	9
0	3
0	3
0	3
0	0
0	59
1	61
0	31
0	6
0	11
0	44
0	0
13	0
0	10
0	1
107	232
0	5
0	0
0	3
14	230
0	16
0	41
0	0
0	1
0	1
0	1
36	6
3	41
232	178
46	20
3	7
1	0
2	170
8	7
15	101
0	101
2	56
3	1
10	2
30	1
10	77
0	75
0	1
0	0
0	2
1	15
6	3
0	76
0	19
0	19
6	21
8	3
0	2
0	2
0	2
0	1
29	35
29	38
0	32
0	0
6	0
11	155
11	63
0	78
0	78
0	78
0	58
50	0
54	307
141	363
0	257
13	17
0	1123
0	53
4	3
9	1114
53	216
2384	1287
0	125
5	10
0	3
0	10
14	114
0	114
0	102
0	31
0	44
271	326
0	291
0	181
0	28
0	14
24	11
9	0
0	11
0	10
0	2384
892	2975
0	1618
0	1868
0	26
101	212
0	25
1582	177
86	0
35	0
34	169
0	105
0	105
190	90
0	90
13	58
14	58
0	7
36	7
5	1
0	69
0	1
0	13
69	0
0	61
0	61
24	54
230	61
15	0
76	219
0	5
0	5
0	6
4	0
1	80
6	0
16	210
0	22
3	7
1	0
0	2
0	2
0	13
0	13
0	35
0	17
0	17
0	60
45	8
43	70
0	0
48	0
352	50
5	50
17	0
0	115
0	115
0	6
0	7
0	39
2	33
0	46
0	46
0	48
0	50
0	46
0	48
0	14
16	22
0	0
0	1
0	25
147	18
1	2
53	2
12	1
185	15
1	1
0	1
0	0
0	0
0	28
0	13
0	13
40	13
0	4
7	0
14	32
17	70
0	27
0	54
0	30
0	3
0	2
8	3
1	3
0	3
1	2
65	27
273	27
1	16
3	9
0	14
5	0
0	0
0	3
1	4
0	3
1	1
41	0
0	2
0	2
0	3
314	776
0	15
20	14
0	7
0	5
0	2
0	1
0	15
0	16
4	0
0	2
4	11
0	11
156	94
17	93
6	94
55	6
246	2
28	38
5	38
0	24
0	2
5	15
0	0
3	2
3	11
0	11
22	5
0	5
0	0
22	1
14	29
0	3
0	0
441	251
51	251
0	79
0	78
0	54
0	74
0	78
0	35
0	43
0	50
0	21
0	20
0	42
0	26
17	18
12	13
0	31
0	3
0	2
8	0
0	8
0	12
0	9
0	53
0	53
11	63
0	20
223	51
0	51
1	18
136	6
33	285
0	305
0	232
0	112
0	37
0	15
0	15
3	31
0	0
34	0
7	1
19	0
12	0
5	2
20	1
0	2
7	0
0	5
0	0
2	5
0	5
0	213
4	0
0	0
0	34
190	213
15	37
0	13
0	37
0	33
0	34
29	38
0	9
3	13
0	1
119	22
45	21
0	88
6	87
3	88
1	0
1	0
29	36
0	33
2	110
335	16
100	20
280	51
1	2
10	3
6	2
0	1
16	19
0	19
0	40
0	40
0	40
0	3
3	468
0	516
0	335
0	233
21	76
459	4
1	1
0	1
0	28
0	14
31	10
0	10
0	10
6	8
0	6
276	112
0	104
7	115
0	112
0	20
0	7
254	21
0	10
14	31
0	31
0	0
9	0
4	4
16	0
0	19
9	19
1	1
0	148
1	148
4	26
0	69
2	72
36	1
18	499
0	502
22	402
0	240
1	51
11	3
20	11
0	1
0	3
0	3
0	5
0	5
0	3
25	1
6	2
0	7
8	8
40	8
0	8
5	8
0	0
3	2
297	59
0	0
0	0
0	69
0	143
0	42
0	185
5	2
0	13
0	13
0	6
6	11
2	11
1	12
0	11
0	391
28	23
34	0
13	13
0	391
0	3
0	52
0	52
0	3
0	1
23	59
1	12
10	6
0	8
0	8
0	6
11	14
1	8
1847	189
55	184
0	126
0	119
0	9
1	0
19	188
19	23
0	170
0	1
0	1
2	189
0	412
0	479
7	492
0	430
0	1
0	10
1	2
11	3
0	50
0	2
166	11
0	101
0	64
8	311
8	280
0	243
0	34
104	90
0	25
0	1
0	5
7	0
0	276
0	16
0	14
0	9
2	0
0	2
1	4
16	4
4	4
49	4
0	0
0	2
0	2
0	57
128	233
0	81
3	212
33	1
206	40
0	43
0	40
77	85
0	3
9	1
0	5
17	5
2	2
4	180
0	16
0	16
2	24
1	24
0	11
3	0
16	3
0	639
5	459
8	205
1	71
0	72
0	3
0	1
1	639
0	77
7	0
0	30
47	121
0	16
0	110
0	51
0	8
1	0
0	5
20	59
0	5
1	5
10	5
221	94
507	74
15	39
2	34
0	14
13	5
0	5
0	30
1	33
37	30
0	26
0	9
8	4
0	4
18	1
0	0
0	0
0	4
44	53
284	53
43	35
0	13
0	11
0	6
7	8
0	7
522	0
0	3
0	4
17	5
19	0
19	38
0	22
0	31
0	9
0	44
0	53
51	59
47	59
229	12
0	1
12	49
0	49
4	1
14	15
0	0
0	6
3	14
210	169
20	153
42	86
22	29
0	0
95	21
0	20
2	1
0	0
140	52
5	35
9	40
0	16
47	11
0	5
27	4
171	101
0	101
0	101
0	1
15	7
49	4
0	4
0	94
0	96
0	57
0	96
0	10
11	4
0	13
7	8
0	7
4	53
0	31
0	23
59	1
0	1
0	1
2	0
0	20
0	5
0	20
167	1
10	62
0	40
0	61
0	81
52	3
0	5
0	6
0	5
0	9
0	149
1	6
16	72
290	122
0	15
0	15
0	15
0	10
0	10
2	27
111	27
0	2
73	4
0	50
0	50
0	39
0	44
82	39
0	8
0	4
0	8
75	0
3	6
1	192
21	192
153	70
27	59
0	16
0	16
0	16
8	59
11	5
0	5
5	6
14	9
0	8
13	1
363	0
65	1419
0	498
0	10
0	25
119	1401
24	7
124	45
0	37
48	34
0	29
10	16
0	0
0	1
0	1
2	4
11	14
0	1
2	43
0	43
0	34
36	7
0	38
6	36
5	21
0	35
0	35
0	33
0	33
53	0
0	3
0	32
12	49
0	3
1	200
0	1
0	3
2	12
0	5
0	0
0	6
0	0
1	7
0	1
20	5
2	8
0	3
55	16
3	67
79	95
0	0
0	4
3	40
6	0
3	0
12	0
37	125
21	98
0	89
0	27
1	12
0	0
195	0
5	2
0	2
166	204
110	17
0	14
0	9
0	3
0	108
0	1
0	32
17	156
31	15
4	157
16	33
0	33
57	2
6	0
1	0
2	2
486	159
44	65
0	148
0	3
97	18
1	13
40	53
26	53
31	16
0	313
0	313
0	307
0	36
27	242
0	242
0	1
0	87
9	77
0	59
0	77
0	4
25	0
2	0
16	25
0	2
21	21
1	221
279	216
608	0
94	49
0	48
0	49
0	1
0	3
0	5
12	2
0	4
39	11
123	49
0	19
66	124
0	2
7	21
2	2
888	360
0	95
5	3
2	8
9	3
0	7
34	296
2	38
0	360
0	8
0	8
112	3
7	3
0	3
0	6
0	6
610	80
0	80
42	5
7	21
0	21
0	30
0	30
0	30
0	26
0	0
8	2
0	0
123	69
16	68
10	44
160	0
0	0
0	35
3	42
0	41
0	8
66	186
0	0
0	1
37	162
0	186
20	89
0	78
0	64
11	37
0	33
0	44
0	44
0	18
0	29
0	18
0	29
0	29
0	1
0	7
6	0
3	0
0	0
0	80
81	88
0	4
11	1
88	20
0	15
4	10
0	70
0	70
0	39
31	9
0	57
0	5
0	5
1	6
0	1
2	28
20	28
0	23
2	69
7	78
0	0
4	20
0	67
11	7
0	7
11	7
0	2
0	3
0	4
3	0
6	25
0	7
26	4
0	1
27	20
122	44
0	18
0	17
6	47
95	38
1	38
0	4
115	24
0	6
33	6
1	0
2	6
10	14
0	13
5	0
0	1
1	1
0	5
0	5
0	11
70	16
12	36
131	4
0	2
0	7
0	4
0	5
36	2
2	2
0	1
0	33
1	32
0	0
2	1
13	12
0	24
0	188
0	6
0	0
0	125
1	6
0	14
0	13
0	15
61	232
5	25
1	22
0	3
4	1
17	298
34	298
243	1
0	35
0	16
17	4
0	16
0	16
119	23
112	23
0	1
1	0
0	0
0	0
0	0
1	3
6	7
0	5
6	2
11	3
2	2
0	23
499	3
192	106
0	3
11	76
0	67
4	6
2	3
5	3
0	6
0	5
0	3
0	4
0	41
3	22
1	28
0	41
0	42
0	45
0	41
35	95
0	2
0	25
0	56
16	0
0	41
5	16
10	7
0	8
0	10
10	8
0	14
23	79
0	80
29	63
3	25
0	12
3	2
1	6
18	5
0	1
0	79
6	9
0	4
1	10
0	15
0	17
0	2
0	10
0	1
0	0
19	94
2	17
0	6
0	2
0	2
1	84
0	1
0	2
0	2
9	40
0	0
0	1
1	0
12	39
0	1
0	4
0	1
0	1
0	1
0	0
0	0
0	4
0	99
0	99
24	46
261	560
15	560
32	474
0	2
2	3
0	2
4	2
113	1
0	0
0	434
192	0
0	230
270	230
17	14
0	0
17	22
5	21
0	9
0	9
2	0
1	0
0	26
0	13
6	26
0	9
0	74
64	74
45	10
168	1122
13	1108
0	1120
0	1063
0	112
0	98
1	117
0	6
0	14
19	19
0	8
0	0
14	17
1	5
31	10
0	10
0	1
1	0
7	29
0	5
15	55
1	0
0	1600
1	28
0	1600
0	42
0	97
136	23
0	5
0	1
55	97
174	123
0	28
0	31
0	4
12	10
495	0
247	11
1	6
7	2
8	0
1	0
21	3
0	0
8	1
0	0
0	3
0	3
0	0
0	0
0	0
1	137
33	138
1	2
1	1
1	0
11	33
0	34
15	2
0	5
537	101
0	21
0	23
0	22
0	24
0	5
0	31
0	25
0	31
0	11
236	0
70	26
0	2
0	1
18	0
0	9
0	9
7	3
0	8
1	3
0	11
0	6
3	4
956	6
38	7
18	1
1	55
1	56
0	55
0	56
0	4
2	52
0	6
22	47
0	1
1238	86
0	18
0	85
0	4
47	1
8	41
0	41
0	41
0	10
0	24
0	24
0	17
11	152
47	155
0	8
0	0
8	0
0	1
7	5
0	53
1	51
0	53
10	51
0	1
0	5
0	2
0	29
0	2
1	2
0	2
22	1
535	0
858	0
44	0
2	11
215	84
0	1
0	84
24	10
0	1
0	39
10	44
0	7
19	76
0	14
0	29
0	29
4	0
11	4
0	2
1	2
38	28
0	28
0	6
0	22
0	20
0	5
2	0
0	0
4	2
0	2
16	5
1	5
8	13
0	14
263	18
7	18
0	20
0	9
0	10
0	8
0	20
25	2
5	2
0	5
9	10
0	9
0	6
0	4
7	5
0	85
8	17
0	19
0	8
0	0
0	105
0	106
0	12
0	14
1	46
5	47
0	4
46	1288
0	1226
1	62
105	67
0	1278
1	1288
2102	1606
0	1169
0	1
14	0
289	2
0	812
0	1226
0	818
12	1432
141	0
0	10
0	10
1	9
0	9
1	0
0	5
0	3
0	0
71	549
332	543
0	2
16	564
0	453
0	6
49	88
13	67
0	0
1	1
0	4
35	6
0	11
0	19
17	86
0	24
91	117
0	104
6	24
2	12
13	11
0	11
0	26
1	1
1	1
1	2
0	2
48	9
61	30
20	30
0	10
0	50
0	50
0	50
0	50
25	5
0	5
0	59
0	59
2	14
6	7
8	7
2	5
126	168
0	168
0	5
1	4
0	10
3	0
7	112
260	32
0	23
1	1
0	103
118	106
120	429
22	419
0	10
0	3
0	2
0	2
1	7
4	5
1	7
0	0
0	0
0	0
0	5
16	13
0	3
14	1
0	13
0	13
0	9
0	13
21	36
0	36
79	31
0	1
23	16
55	1
0	1
6	4
0	19
0	0
5	39
4	26
11	23
11	94
1	17
1	10
0	3
0	1
0	67
0	0
10	9
0	9
4	5
0	5
0	3
1	3
0	34
0	34
1	34
0	22
0	83
0	100
2	11
0	2
0	9
43	6
0	6
0	0
17	2
0	2
211	243
0	12
2	98
0	143
0	6
0	15
99	82
2	0
19	80
105	22
0	11
489	0
1	0
0	0
0	0
32	0
25	2
2	59
0	59
17	21
0	21
0	4
0	8
0	1
1	40
1	29
38	0
0	1
0	5
0	39
0	0
0	0
13	12
118	19
30	7
0	13
1	6
0	2
0	3
0	3
53	9
16	6
0	2
0	0
2	3
0	0
31	159
0	146
0	9
0	1
0	2
48	3
0	2
5	123
1	111
0	90
4	67
6	4
0	1
123	36
0	37
0	0
0	0
1	0
2	11
6	14
0	33
0	32
8	7
0	3
6	0
0	7
0	1
0	32
0	33
0	42
0	44
0	0
8	0
36	53
11	53
0	10
17	25
0	25
400	0
114	104
0	103
0	31
8	7
0	31
0	7
0	8
0	50
0	59
1	11
2	0
19	47
19	1
0	3
0	3
0	3
2	2
0	0
6	0
0	51
0	15
11	15
5	6
0	0
6	3
0	86
0	84
0	18
0	14
0	12
0	23
0	19
0	21
0	17
0	15
4	18
0	281
0	283
0	11
12	13
9	2
0	0
4	18
0	52
0	1
73	440
56	334
0	30
0	26
0	2
0	21
5	18
0	21
55	162
0	54
1	26
7	73
1	18
19	1
6	0
28	2
7	161
1	0
1	0
1	9
0	6
0	9
23	14
9	34
11	12
0	7
0	21
0	8
0	10
0	2
0	9
9	289
0	267
0	108
0	78
0	42
0	6
0	396
0	381
0	156
0	123
0	84
0	43
0	80
0	396
0	0
20	18
17	43
28	26
0	74
0	15
24	35
39	0
41	0
0	2
4	262
0	264
10	103
0	264
0	267
5	102
0	237
8	0
3	0
29	64
108	0
0	9
0	9
31	21
2	0
0	21
9	18
0	18
7	6
0	221
138	248
0	135
0	204
244	89
0	232
0	86
9	38
0	27
0	10
37	10
0	2
166	2
0	34
3	0
0	28
0	28
1	28
0	22
4	7
173	5
0	13
6	4
0	13
6	2
4	71
0	4
0	1
0	3
0	0
0	71
1	71
0	71
127	82
0	2
0	0
0	6
1	6
5	0
0	50
0	38
0	31
5	43
0	23
45	5
0	5
2	2
13	17
0	10
96	19
0	0
0	15
0	24
4	26
8	26
2	1
0	22
0	21
0	24
0	24
0	23
0	28
97	28
0	10
0	20
2	8
0	3
0	20
1	1
0	13
13	2
1	1
1	18
0	9
0	11
9	0
0	15
0	15
0	8
18	6
0	2
14	735
0	109
45	718
310	501
10	252
29	183
0	176
5	172
35	3
0	5
54	2
12	15
27	7
19	0
0	28
0	193
3	7
0	202
10	38
0	1
236	0
19	0
13	4
0	158
0	15
4	229
0	13
0	216
0	128
0	73
0	43
0	37
20	21
6	37
0	5
142	0
0	10
3	305
0	210
704	140
8	103
0	102
6	94
0	12
0	12
0	2
13	35
8	0
6	20
0	20
0	17
0	6
0	3
5	2
3	2
1	3
6	33
1	27
276	26
0	22
0	21
6	0
0	2
1	5
356	3
4	3
34	4
0	3
0	4
0	2
0	2
8	24
0	3
0	37
0	18
0	37
0	15
0	15
273	0
1	157
0	156
56	39
0	3
0	33
0	24
0	33
0	22
0	0
18	63
196	28
0	38
0	0
0	3
50	135
1	0
7	23
18	32
8	24
10	0
3	1
16	196
0	197
15	202
11	116
0	46
0	5
9	34
15	15
0	3
123	3
13	3
25	40
0	3
2	2
0	14
0	14
0	13
0	11
0	2
0	7
0	7
0	7
27	9
0	9
11	9
40	60
0	60
3	2
0	7
7	3
123	9
0	5
25	6
0	4
0	116
0	161
0	15
0	15
0	5
6	4
2	2
0	2
0	2
4	7
0	5
18	4
25	84
58	85
11	4
44	29
0	29
139	22
2	3
18	81
0	13
0	73
0	4
10	3
6	0
11	3
16	244
0	62
7	18
0	111
0	99
25	89
286	4
0	220
20	0
75	29
0	11
178	11
0	5
66	6
0	1
0	3
14	6
1	0
23	71
1	77
0	74
29	67
0	74
0	26
40	44
0	2
0	0
1	44
4	5
0	39
5	4
0	24
0	62
31	62
0	60
1	0
3	40
3	2
39	1
0	24
0	349
5	349
4	234
335	566
39	933
6	7
6	0
0	81
4	0
0	0
0	1
19	1
10	2
1	6
1	1
0	6
53	2
15	8
32	17
0	3
9	31
19	35
0	22
0	22
0	0
0	0
9	7
0	15
2	7
0	7
0	8
0	17
0	25
0	15
12	27
0	17
0	6
32	18
0	18
0	2
9	3
0	8
0	0
1	2
0	0
0	0
0	1
0	0
0	0
0	2
0	2
0	0
29	205
0	2
0	0
0	2
23	39
0	0
0	8
1	3
0	40
118	11
3	20
7	21
41	0
206	45
61	47
0	4
0	2
4	2
2	0
6	14
6	180
0	73
52	71
0	57
0	27
0	55
0	16
14	10
0	178
1	10
0	0
0	5
0	26
2	47
0	205
27	6
0	18
1	0
7	42
59	3
323	0
11	124
0	146
3	111
27	102
437	109
16	73
0	43
10	0
0	0
15	0
19	1
18	0
0	0
0	16
0	21
0	17
0	16
0	21
5	34
0	35
0	23
18	96
0	14
0	2
0	0
0	1
0	2
2	0
0	2
7	98
71	360
1	28
0	12
3	0
13	20
42	4
0	3
0	0
49	26
56	16
9	1
1	0
28	0
14	0
26	3
29	12
0	25
0	0
2	3
17	43
2	3
9	1
0	1
0	20
0	12
0	10
94	86
1	86
0	0
16	7
52	132
0	117
103	50
8	49
1	1
2	238
36	22
14	158
38	222
2	10
71	14
0	12
0	2
0	2
0	13
4	8
0	7
14	13
27	8
444	8
1	133
2	133
110	75
0	0
1	3
25	16
0	16
0	8
0	8
300	201
2	190
0	45
0	13
1	1
0	2
0	8
0	4
0	2
0	11
80	118
11	91
12	0
0	82
0	27
1	77
0	77
0	8
0	34
0	34
0	13
65	52
0	52
17	41
0	11
0	9
2	9
0	0
209	89
27	0
9	1
0	88
51	60
0	59
0	0
21	0
7	1
4	30
0	30
0	10
0	32
0	32
0	8
0	2
0	2
0	1
1	174
0	174
0	31
152	7
17	3
0	10
0	3
0	3
2	3
0	159
0	159
0	142
0	126
0	35
0	15
0	1
2	120
0	35
9	0
0	72
0	81
0	160
2	160
0	71
13	1
0	0
6	28
14	28
1	11
0	0
9	6
11	6
0	0
0	1
205	131
0	131
2	14
1	14
27	0
1	7
39	7
178	69
42	0
66	684
0	385
0	384
206	247
0	1
17	5
0	138
0	679
0	346
14	104
0	117
0	346
2	17
0	1
0	1
0	1
0	1
7	0
0	4
0	4
0	6
1	0
20	6
17	0
2	3
0	144
0	96
328	42
2	0
13	95
1455	95
28	80
147	80
0	6
0	20
0	6
0	16
0	2
0	7
0	16
2	1
0	17
0	16
4	1
0	4
0	5
0	0
0	9
0	2
0	3
1	2
1	1
0	0
0	1
0	1
0	1
0	95
84	95
0	0
8	0
62	10
53	10
44	4
33	1
117	231
2	2
0	40
17	40
0	25
100	1
0	1
0	1
66	1
54	3
0	3
0	39
0	75
0	6
0	85
1	6
0	6
1	0
6	28
0	72
4	15
0	4
0	10
7	13
3	72
0	17
20	0
0	17
60	13
0	13
2	1
0	6
0	253
0	157
18	4
0	5
0	5
0	248
30	10
4	3
0	3
11	68
0	34
0	34
1	6
8	6
1	4
5	1
20	64
2	75
0	0
0	34
14	28
0	50
0	95
0	14
0	95
12	12
0	28
3	4
5	17
0	26
18	83
0	13
0	11
222	0
39	111
0	57
1	1
0	3
0	25
0	3
0	2
7	3
0	28
5	17
0	2
8	22
0	22
10	9
0	0
0	7
1	9
122	113
0	108
81	89
26	65
19	5
4	8
2	4
0	4
0	0
1	10
0	28
0	141
0	9
0	9
0	9
0	18
99	9
0	0
0	113
80	0
14	7
48	113
36	5
1	27
5	32
0	27
0	1
0	16
11	16
0	13
0	7
1	7
10	4
0	4
44	182
10	187
373	153
0	76
0	60
0	26
0	15
1	3
0	1
0	0
0	5
59	19
1	3
24	67
0	1
0	42
376	24
0	60
181	357
56	359
0	341
0	115
0	29
39	13
9	3
0	3
718	0
120	635
324	657
0	60
9	3
5	3
24	301
0	301
40	238
0	0
0	13
0	13
0	0
0	0
4	3
0	2
2	4
0	0
0	0
0	0
0	4
0	5
38	4
0	4
3	1
0	0
0	2
9	4
42	3
0	3
0	2
0	2
15	0
0	46
0	51
0	46
10	7
0	7
0	823
328	629
0	248
0	4
0	2
0	0
5	823
0	99
0	99
32	81
23	13
0	2
0	13
0	17
0	6
1	183
0	22
0	17
0	7
0	0
0	1
1	1
9	42
5	2
0	13
6	14
0	136
9	56
72	130
33	56
1	12
0	4
26	40
3	116
0	116
120	0
17	4
2	1
0	3
8	54
0	54
0	7
2	0
53	94
3	127
2	7
0	54
0	48
0	14
0	4
45	83
36	218
0	13
0	12
0	9
0	4
0	4
0	3
0	172
0	14
0	20
0	172
0	30
0	3
0	3
0	14
0	5
0	32
0	36
0	39
0	13
0	13
13	104
0	0
0	10
0	20
0	82
0	19
0	25
0	5
0	5
0	19
0	89
0	6
0	15
0	10
0	27
0	14
0	0
0	4
0	15
0	2
0	19
0	7
0	7
0	25
0	37
0	11
0	4
2	0
0	12
0	7
0	0
0	8
4	65
0	12
2	522
0	509
1	7
0	23
25	0
9	4
3	37
176	0
23	280
0	0
777	415
84	0
0	327
0	327
0	13
0	7
2	1
2	20
0	8
0	5
0	5
0	22
0	12
0	1
0	1
0	2
0	111
0	110
0	2
0	21
8	0
2	14
0	11
0	4
4	0
0	43
12	0
0	20
0	13
0	86
0	2
1	0
2	0
90	91
0	5
0	2
0	2
18	27
0	20
0	138
0	123
3	9
1	2
1	0
5	0
0	1
0	0
14	1
13	1
0	1
0	0
1	0
1	0
3	87
1	0
0	0
0	0
0	0
0	0
0	0
2	0
0	0
0	0
1	0
0	0
0	0
2	0
0	0
7	0
0	0
1	0
2	0
2	0
0	10
5	69
4	0
11	0
5	5
86	10
16	0
4	0
57	0
3	0
1	0
1	0
1	0
4	0
5	0
1	0
10	0
2	0
4	0
22	0
0	0
0	7
0	0
0	6
3	0
0	219
9	0
3	0
3	0
0	0
7	0
2	0
1	2
0	0
16	0
2	0
0	0
4	0
1	0
22	31
1	0
1	1
0	0
8	0
2	0
11	0
0	0
6	1
4	0
4	0
1	0
4	0
2	0
2	0
103	21
1	0
1	1
0	1
50	75
12	0
1	0
0	0
0	1
1	1
2	0
122	24
4	0
1	0
19	187
1	0
0	0
1	0
2	0
0	0
14	1
39	88
0	0
10	0
7	0
1	0
1	0
2	0
2	0
2	11
0	0
3	0
0	0
0	0
42	0
0	7
2	0
1	2
2	1
4	9
1	0
0	40
2	13
29	10
5	0
0	3
1	65
0	0
3	4
1	0
0	0
14	0
0	0
0	0
2	0
0	1
4	0
1	0
2	0
1	0
0	0
3	0
2	0
8	0
1	0
2	0
6	0
2	0
0	0
3	0
0	0
0	1
0	0
0	0
0	0
0	0
1	0
0	0
0	0
0	0
1	4
0	0
0	0
0	0
1	0
3	0
1	0
4	0
2	0
2	5
2	0
2	9
0	0
0	0
1	0
0	0
0	0
0	9
0	0
3	0
0	0
0	0
0	0
2	0
1	3
0	3
0	3
0	3
0	3
1	18
0	3
33	0
0	0
1	6
0	6
71	11
0	11
0	18
2	18
0	18
0	21
0	17
309	0
1	0
2	29
0	29
0	14
0	14
2	13
49	6
21	61
20	72
0	51
0	14
0	16
98	18
4	2
21	25
1	12
5	6
0	5
86	4
1	4
50	23
0	23
354	55
2	55
0	16
0	16
5	2
2	2
0	1
2	2
0	5
0	0
0	5
0	5
0	5
0	5
0	2
2	61
8	27
0	25
0	10
36	11
7	3
0	4
0	4
0	0
19	0
16	0
58	0
154	63
0	24
117	609
0	68
208	119
20	100
116	9
1	2
342	0
0	9
6	2
0	219
0	29
26	15
99	62
0	1
1	0
0	28
0	0
0	74
39	3
0	12
0	18
165	71
728	2737
0	6
10	18
635	0
0	63
511	134
168	4
0	0
320	21
0	0
0	118
30	1
124	78
0	47
6	0
6	16
9	0
39	0
1	5
3	0
1	13
0	0
4	0
0	11
16	20
0	0
0	0
40	4
54	60
0	2
69	5
1	0
0	0
28	0
1	0
74	1
0	91
0	8
19	44
431	0
0	71
222	2961
121	48
1	0
350	318
75	65
2	0
10	13
31	0
0	127
2	4
3	10
0	0
1	102
25	121
0	0
0	0
6	0
141	1448
30	86
2	11
0	0
16	17
14	23
0	14
4	106
39	98
0	5
1	50
13	128
0	160
0	11
0	13
0	18
1	288
55	33
6	0
27	27
480	271
48	0
0	18
21	6
2	0
9	14
0	7
8	0
0	0
159	8
140	1490
374	3034
17	44
1	0
0	1
77	836
4	122
87	47
17	0
22	1
53	224
0	0
30	33
54	106
0	159
2	0
30	130
177	92
0	30
0	0
9	13
0	13
0	16
2	16
441	389
0	11
0	29
0	27
3	3
0	21
0	21
0	21
23	5
2	2
0	0
0	0
6	19
0	17
5	3
0	1
0	2
0	2
0	0
0	0
74	11
151	116
120	178
0	2
3	156
0	149
0	2
44	35
5	35
32	0
0	0
1	114
1	0
57	36
0	2
256	0
6	0
0	22
0	22
32	8
0	5
3	0
0	0
0	8
0	8
20	83
0	6
0	0
0	0
54	137
0	2
0	5
0	2
5	4
0	1
0	4
0	4
0	4
0	0
0	0
8	11
0	21
0	17
1	4
1	5
0	6
0	159
0	318
1	161
0	197
0	114
0	126
0	14
0	65
0	82
0	150
2649	232
0	123
12	14
2	57
1845	132
7	24
0	24
30	10
0	1
0	1
0	9
1	9
0	19
0	19
0	183
0	290
0	115
0	97
0	148
0	196
3	196
1	5
1	1
2	1
0	207
0	303
0	33
0	118
0	42
0	100
0	24
0	76
0	28
1	171
0	9
11	11
8	15
4	14
0	2
33	0
0	0
0	36
22	9
6	2
0	2
0	0
98	28
0	28
2	8
0	8
0	7
0	72
8	4
0	0
1	3
9	158
8	130
4	25
1	30
0	2
0	2
669	192
0	0
19	0
7	4
0	4
4	35
0	35
0	18
3	34
0	44
13	28
0	9
23	0
2	254
6	125
188	95
31	7
0	3
4	14
0	9
2	179
0	194
0	15
0	122
0	62
0	114
0	152
1	9
0	10
0	95
0	14
0	196
0	188
0	98
0	42
0	132
4	4
1	8
5	9
0	201
0	102
0	5
0	34
0	34
1	173
0	43
0	281
0	180
0	133
0	39
0	73
0	40
0	12
0	20
0	139
14	10
5	1
1	10
0	278
0	59
0	41
0	3
0	139
0	4
4	21
1	80
0	17
0	18
0	299
0	77
0	222
0	42
0	22
0	101
8	55
0	122
0	22
0	99
0	147
0	18
126	2
0	2
1	4
0	0
0	0
1	20
16	28
1	1
2	155
0	122
0	45
0	73
0	21
0	110
0	54
0	3
13	11
0	0
16	27
0	27
6	0
1	0
0	25
0	21
27	77
0	51
33	16
0	16
0	4
0	27
1	0
0	1
23	12
0	12
4	10
1	23
28	34
1	34
0	24
0	37
0	28
0	15
0	16
1	0
15	0
3	0
4	58
0	58
1	0
2	32
0	41
0	9
11	75
0	75
0	12
0	10
13	6
1	12
2	1
441	320
0	57
1	12
0	5
0	5
1	0
0	0
0	0
4	13
0	12
60	1
0	9
0	17
1	4
0	0
3	179
1	131
1	16
1	6
4	12
1	194
0	137
2	27
1	11
207	603
0	446
22	10
0	7
6	5
0	8
1	11
78	6
0	16
0	17
7	1
0	8
0	16
0	1
1	15
1	17
0	7
0	13
0	7
0	1
3	14
0	14
0	6
0	15
0	6
194	19
0	18
0	14
0	13
3	1
0	6
34	242
3	242
15	1399
61	1364
3	707
49	292
3	3
56	17
0	17
0	13
33	7
5	4
0	4
47	70
0	4
1	1
14	1
26	13
0	8
15	5
0	1
11	10
0	0
2	4
1	4
23	5
1	2
16	255
215	280
6	3
0	3
0	2
10	1
3	2
0	2
113	9
3	0
0	10
0	3
10	15
18	18
0	5
17	15
4	0
9	43
0	43
13	1
0	1
0	1
1	1
2	13
0	3
0	57
0	45
3	29
2	22
0	1
3	18
4	0
2	0
168	4
20	4
0	28
12	15
0	15
12	7
0	22
0	16
0	16
0	20
0	8
0	8
0	2
0	30
5	17
28	0
0	0
1	0
3	0
6	12
0	4
3	12
0	12
0	14
22	9
0	2
0	2
0	2
0	10
0	10
3	6
8	5
0	2
0	2
2	28
0	26
1066	668
0	30
0	0
107	107
1	0
6	1
1	1
0	1
26	18
0	11
30	71
4	29
0	11
0	10
0	156
0	156
0	9
10	0
0	10
8	10
0	10
0	353
38	45
0	352
0	7
27	365
0	65
0	291
5	26
8	22
17	99
11	99
0	41
1	7
11	2
0	2
0	18
3	29
0	29
1	11
19	0
0	7
0	7
0	3
8	3
0	3
14	32
0	22
1	0
7	0
1	11
0	11
0	4
1	4
11	0
17	4
0	4
0	1
2	0
70	0
4	6
14	25
3	1
1	1
5	1
0	1
0	0
7	3
0	1
0	1
0	0
0	0
10	0
6	22
0	22
5	18
0	18
1	0
1	0
25	532
0	477
328	512
8	13
0	10
2	19
0	0
0	9
15	0
0	0
3	1
0	1
1	8
0	9
41	127
0	22
16	4
3	5
0	5
71	25
13	19
0	1
0	1
9	4
0	0
0	31
0	32
0	11
6	1
0	1
2	0
3	15
0	21
0	17
22	2
0	6
0	6
0	1
2	16
0	14
71	124
0	17
51	11
0	9
0	4
0	95
0	96
12	34
0	26
0	8
53	7
0	7
128	17
0	2
3	14
2	8
0	4
1	0
1	1
0	1
0	396
0	233
51	33
0	26
0	113
2	72
0	174
0	191
1	106
0	33
0	8
0	8
0	82
0	142
0	4
0	54
0	5
0	21
95	38
0	27
93	289
214	17
3	23
0	23
28	0
8	0
25	3
0	3
1	21
4	21
12	4
0	4
3	341
0	198
60	166
0	114
12	6
69	6
0	0
0	0
0	9
0	0
0	0
1	1
0	0
22	0
787	53
1	80
0	4
0	4
125	2
0	2
0	0
0	90
0	17
7	12
228	45
0	11
350	448
10	321
0	0
0	0
3	0
5	9
0	6
0	1
11	5
9	3
5	0
2	2
8	19
0	16
3	8
0	8
0	9
0	2
0	10
2	10
0	8
2	52
0	17
21	21
1	18
0	1
7	17
0	37
1	17
44	18
1	24
29	40
43	77
27	40
0	0
1	1
0	0
17	722
0	0
0	0
0	487
1	7
0	703
44	526
0	25
18	95
8	34
496	155
0	85
3	85
0	13
0	29
0	126
0	4
0	11
0	5
0	1
0	125
0	121
2	123
11	69
0	255
281	255
0	56
0	123
7	18
5	9
0	74
0	100
0	43
0	81
0	121
0	52
0	108
7	212
50	78
0	110
0	13
13	55
53	169
0	61
0	65
10	65
8	72
1	25
4	115
2	6
0	8
19	2
0	8
1	10
0	2
0	0
12	117
0	17
0	0
0	0
0	0
0	0
0	0
0	0
0	0
0	0
0	0
1	0
0	0
75	16
19	0
2	0
4	4
2	0
6	0
1	0
0	1
9	0
3	5
1	0
1	0
1	0
6	0
0	0
8	0
4	57
0	0
0	0
14	0
4	0
1	0
3	0
2	3
1	0
1	4
0	1
7	0
0	0
4	6
3	0
0	2
30	0
1	1
1	0
0	2
1	14
0	0
4	0
1	0
9	8
3	0
0	0
11	10
3	1
5	0
14	0
6	8
3	0
5	0
11	0
0	0
4	0
2	0
23	0
1	0
4	1
12	1
29	8
2	0
0	8
13	0
0	0
0	0
2	0
8	11
13	3
9	12
3	0
0	3
0	4
0	0
0	9
1	0
0	22
0	0
2	0
0	0
1	7
3	6
19	10
1	27
9	0
2	0
9	42
0	0
0	0
0	0
0	0
0	6
1	0
8	0
9	0
12	0
1	0
0	17
5	0
0	0
0	0
1	1
3	5
0	1
1	0
290	264
27	0
4	0
2	3
14	6
15	0
16	0
4	0
1	0
6	0
12	0
7	0
6	0
3	0
3	3
6	0
3	4
6	0
0	0
0	0
2	0
12	0
0	0
6	0
1	0
37	49
5	0
0	0
6	36
1	3
1	0
4	0
5	0
1	1
3	0
12	1
4	3
14	19
0	0
2	0
1	65
1	0
3	0
0	0
6	0
7	0
14	2
4	0
0	0
9	3
0	45
1	1
1	0
8	1
5	1
12	0
0	0
5	0
0	0
4	8
1	0
1	6
0	0
9	3
0	0
0	17
0	0
0	0
1	0
3	0
3	0
7	0
5	0
2	8
2	1
0	0
0	4
4	5
3	0
18	0
0	1
0	1
3	0
12	0
2	0
6	0
0	0
1	0
29	15
2	4
4	0
2	0
2	19
1	0
10	0
0	4
2	0
3	48
0	0
2	0
6	6
3	0
0	5
3	0
2	0
8	2
0	5
17	0
3	12
2	0
0	0
5	0
6	3
0	0
8	2
0	6
3	1
0	0
0	0
15	0
9	1
0	0
14	0
3	13
2	1
0	0
4	0
3	3
5	0
0	0
27	74
9	0
4	6
2	0
1	0
5	6
0	0
2	0
0	6
6	5
20	3
6	0
1	6
2	21
0	0
7	7
4	0
1	0
3	1
8	0
8	0
8	1
0	59
1	0
0	0
3	66
5	0
3	1
3	0
4	0
4	0
2	0
0	0
4	47
2	0
3	0
24	1
1	28
8	1
7	0
0	1
3	0
11	0
0	0
1	0
3	1
4	0
5	21
29	0
1	0
1	20
4	116
1	0
3	0
2	25
1	8
11	19
2	0
7	0
4	0
8	6
0	6
2	0
6	6
8	2
2	2
0	3
0	91
1	0
9	5
4	0
19	0
96	8
5	0
7	0
8	0
0	0
31	0
1	0
0	0
5	0
3	1
0	1
1	0
6	1
3	0
3	39
9	0
6	9
1	0
2	0
1	0
0	0
1	4
1	0
1	61
2	5
0	5
1	0
11	0
123	11
3	0
5	0
1	0
0	0
2	50
11	1
0	0
0	0
1	0
0	0
3	0
0	0
10	3
3	6
2	0
2	3
7	12
2	15
2	0
1	0
1	0
3	3
1	1
6	0
4	0
1	1
3	63
2	0
11	0
0	0
6	62
0	8
0	0
16	0
2	0
1	18
0	0
2	0
3	0
10	0
0	1
11	0
1	0
4	0
4	1
5	12
2	1
4	14
10	6
0	0
4	0
8	7
0	0
0	13
10	0
2	0
0	34
0	24
0	16
4	0
2	0
0	71
1	0
1	1
22	0
0	0
0	3
2	0
2	0
1	0
3	0
2	0
3	1
44	10
5	14
1	0
2	0
8	5
5	0
9	1
0	0
6	22
0	1
2	8
2	8
9	0
0	0
8	0
3	0
7	0
1	0
0	0
2	9
9	0
6	0
6	0
0	0
0	0
5	0
0	0
6	0
0	0
3	0
1	0
1	0
7	0
1	5
4	0
0	0
0	0
4	0
1	139
8	0
9	0
0	0
4	0
4	0
25	18
2	0
0	0
2	0
8	0
0	0
1	0
4	0
1	0
3	262
10	1
0	22
3	0
7	3
3	0
0	5
28	0
0	3
0	0
0	0
2	0
3	0
5	0
3	0
4	0
1	0
4	0
0	5
9	0
2	0
1	0
6	0
3	0
2	2
0	1
0	0
0	87
14	2
2	1
12	6
0	0
1	0
1	0
3	0
1	1
3	0
3	1
3	2
13	43
0	0
12	0
0	0
6	0
0	0
6	8
4	3
1	0
51	5
3	0
8	0
3	0
1	0
0	0
6	2
0	8
0	0
1	0
6	0
4	0
4	0
1	0
3	0
3	32
2	0
7	0
0	0
0	0
1	0
0	17
5	0
1	0
16	0
0	0
2	0
2	0
2	13
3	0
1	0
1	0
14	7
8	0
8	0
0	0
9	0
0	6
0	0
0	0
5	0
37	0
10	4
2	0
0	1
0	10
998	17
1	11
0	0
0	3
0	0
7	0
4	0
0	0
0	0
8	16
1	0
7	0
0	2
1	0
3	0
6	31
1	0
6	0
5	5
0	155
2	0
3	13
1	0
12	0
0	0
0	0
0	4
11	0
0	0
8	4
1	0
0	21
0	21
17	0
1	0
5	1
7	0
1	0
7	5
10	0
1	52
0	0
2	0
0	0
358	3
4	0
0	2
5	0
2	0
2	0
6	0
0	0
0	0
1	5
1	0
10	0
3	0
5	12
2	0
1	0
1	0
11	1
0	3
2	0
1	20
4	0
8	0
9	1
0	20
1	0
3	2
5	23
6	0
9	0
0	0
9	0
0	0
1	0
0	9
3	0
0	0
4	0
1	0
3	0
3	1
4	0
1	6
4	0
2	0
2	0
43	0
1	0
5	6
10	0
7	0
1	0
4	14
31	0
8	0
4	0
2	0
5	2
0	0
1	0
3	0
0	14
18	2
0	0
15	14
0	0
8	0
2	2
2	0
4	0
4	3
0	0
1	0
9	0
1	0
0	0
6	0
1	17
0	0
7	0
2	5
0	0
0	0
1	1
3	0
7	0
4	0
1	0
5	0
1	2
8	1
20	0
0	0
2	1
15	0
3	0
0	147
2	8
4	0
20	0
2	0
1	0
2	7
0	0
1	0
2	0
7	0
8	2
8	0
24	0
8	0
7	0
3	0
1	0
5	5
0	0
1	0
1	0
10	0
3	0
0	1
0	2
0	22
21	0
0	0
3	0
1	4
3	0
3	0
2	6
9	6
2	1
1	0
1	0
1	0
1	0
2	0
7	0
4	0
0	0
2	0
0	0
2	2
3	0
6	0
9	0
10	1
4	0
4	66
0	3
3	0
0	0
6	0
13	3
2	0
6	0
2	0
7	0
1	5
6	3
0	0
0	0
1	0
2	0
20	1
1	0
10	0
3	0
2	0
10	0
0	22
5	15
14	1
32	19
0	14
5	1
0	45
0	4
14	2
0	0
3	0
0	0
0	0
2	0
6	0
3	0
0	5
4	0
1	0
2	0
16	8
2	1
1	1
64	149
0	0
7	0
9	0
0	1
8	0
13	61
6	15
0	41
6	1
2	0
2	0
0	0
4	0
14	2
0	2
4	0
12	0
13	6
1	0
3	0
6	14
0	15
5	0
5	0
0	0
0	1
0	0
0	0
0	26
11	0
9	31
2	0
30	5
4	0
4	0
1	0
0	0
5	2
1	6
0	3
4	0
1	1
0	0
2	0
0	0
0	0
0	7
2	0
4	3
4	0
2	2
0	4
2	11
2	0
0	0
14	0
12	13
1	17
1	2
79	1
0	21
8	0
3	0
5	3
5	3
0	12
25	0
0	0
7	0
1	0
8	11
5	1
11	0
4	2
22	0
7	1
1	0
2	3
8	0
0	0
4	4
40	2
13	0
0	0
2	0
1	0
1	1
0	2
1	0
3	1
7	1
3	2
0	0
1	0
4	6
1	0
12	0
10	0
0	73
0	0
0	0
1	0
12	1
6	0
19	0
5	10
2	35
0	0
0	37
4	0
2	0
11	3
1	0
4	18
3	0
8	1
1	0
7	5
4	1
0	9
1	0
5	0
0	0
14	0
1	0
7	0
10	2
1	0
3	18
2	12
2	0
0	2
11	0
7	0
3	0
2	0
1	2
0	0
8	10
1	0
1	27
1	0
6	41
7	0
10	0
6	0
5	3
2	15
2	0
14	3
3	0
0	0
7	0
2	3
0	0
0	0
194	21
1	39
3	11
7	0
2	0
0	8
5	0
1	0
2	3
12	0
0	0
0	0
1	0
1	0
3	0
1	0
1	0
20	0
0	0
1	0
0	0
5	1
1	0
8	0
0	0
4	0
1	0
1	44
7	0
0	4
1	0
0	0
3	0
19	12
2	0
0	9
1	0
1	0
2	0
6	0
1	0
0	0
0	123
0	121
1	121
12	20
6	41
0	0
1	119
11	0
0	119
2	12
0	122
6	18
34	27
1	0
0	4
4	0
20	0
2	0
6	0
2	1
0	0
1	0
9	6
4	1
1	0
0	17
1	0
1	0
0	0
5	13
1	0
0	7
1	0
3	0
2	0
9	4
4	0
22	0
1	0
10	0
5	1
4	0
0	3
4	2
13	0
2	7
1	0
0	354
1	0
0	0
0	50
1	0
5	0
2	0
0	77
7	14
72	8
1	0
1	0
1	3
0	21
11	1
2	0
2	0
1	1
7	4
18	0
0	0
0	3
3	0
2	0
0	2
1	0
13	3
2	0
0	3
5	7
2	9
2	7
1	0
1	0
0	0
6	0
0	5
3	5
0	0
0	0
0	110
0	0
1	1
1	0
5	0
0	0
0	0
0	0
1	21
4	2
21	13
94	1
2	0
5	1
4	0
3	0
0	0
0	0
27	0
36	0
1	0
1	2
0	8
0	0
0	1
0	2
2	0
0	50
2	0
21	0
11	17
1	0
2	0
0	0
4	0
0	0
2	9
0	9
0	0
3	1
2	3
13	0
0	0
16	0
1	6
0	2
2	0
0	12
4	0
2	0
2	0
0	2
0	0
4	54
7	2
301	5029
0	5
1	5
1	0
11	0
0	48
2	28
2	35
0	2
0	0
2	0
2	2
5	0
0	0
6	28
4	0
2	0
3	0
14	0
4	352
1	0
1	10
1	0
0	0
0	11
4	0
4	18
7	0
0	0
18	0
0	1
9	38
0	0
0	0
0	1
11	1
1	2
0	0
0	0
0	11
0	0
2	0
3	0
0	0
1	11
0	0
0	2
5	0
0	0
12	0
1	0
2	1
7	100
0	0
1	0
3	0
13	0
9	0
2	61
15	1
0	0
0	1
3	17
7	11
0	4
1	5
8	1
0	0
7	1
12	56
5	221
7	1
2	0
84	50
0	5
3	9
21	2
3	8
1	12
0	0
0	1
0	34
1	0
21	7
2	0
1	0
4	0
3	0
2	3
0	0
3	0
1	4
2	0
0	0
22	6
0	1
15	0
5	1
2	0
8	0
0	16
0	1
3	0
0	0
0	0
5	0
11	0
8	1
7	3
2	6
2	1
2	10
3	0
1	7
6	0
2	0
2	1
4	0
3	0
10	9
3	0
22	0
11	2
0	5
2	0
0	0
1	0
5	0
6	16
3	0
0	77
2	0
3	22
0	2
0	16
0	0
6	3
4	0
0	2865
2	6
7	0
1	0
1	0
0	0
4	31
2	0
0	0
1	0
34	0
1	0
12	40
6	0
19	0
1	19
3	0
19	0
16	34
0	0
3	0
5	0
1	0
5	0
7	0
7	0
2	19
0	7
6	54
0	17
6	0
1	3
14	0
1	0
2	0
30	0
1	0
5	0
19	1
34	0
37	2
0	30
3	0
1	1
2	6
6	0
2	29
3	24
12	0
7	0
5	117
1	0
4	0
1	0
2	9
6	0
1	0
4	0
9	2
12	4
4	0
12	0
4	0
2	28
2	18
1	0
1	6
7	4
7	0
3	0
0	77
3	0
0	0
3	2
17	15
0	10
11	0
0	0
0	1
0	0
3	0
4	1
1	13
0	0
6	0
0	1
3	0
3	3
12	125
12	79
0	0
4	0
16	0
0	10
0	57
0	4
1	0
7	0
8	6
4	33
0	0
1	0
19	17
31	0
15	0
0	0
17	0
8	0
1	0
0	2
0	0
9	0
13	25
8	0
0	0
2	0
1	1
7	0
5	0
0	59
8	0
0	0
6	0
1	0
0	36
0	0
5	4
0	37
3	56
3	3
9	0
2	22
5	0
8	9
1	13
0	15
0	19
0	31
0	9
0	2
1	0
15	0
0	29
0	0
1	0
76	215
0	0
0	46
2	5
5	0
2	1
5	0
6	0
5	32
0	0
1	29
0	0
2	0
0	0
13	0
11	0
0	39
4	0
4	0
1	46
1	0
2	5
0	7
2	1
27	7
0	1
18	0
0	9
4	0
1	0
7	0
15	0
3	0
24	0
48	9
23	1
0	17
3	1
11	1
3	0
0	28
12	0
0	15
0	0
1	0
0	8
1	5
9	0
10	3
0	15
0	2
0	4
0	80
2	0
13	205
35	0
3	1
2	0
2	0
5	0
0	5
5	0
1	0
24	8
0	1
8	0
8	24
0	0
7	20
5	4
1	0
11	0
3	0
7	0
18	0
10	1
2	0
0	10
1	39
0	29
3	2
8	22
4	12
1	0
5	0
2	1
0	71
3	4
1	10
0	0
1	3
2	0
2	0
2	0
0	10
19	18
0	0
14	1
0	1
2	0
0	0
2	1
43	1
5	8
0	1
9	1
0	0
8	0
2	0
147	24
1	14
1	0
81	0
0	45
3	0
0	30
5	0
0	8
2	0
6	0
0	13
1	4
1	1
0	5
2	0
3	0
0	0
1	1
1	0
1	0
1	34
1	2
18	5
0	0
2	82
0	0
1	10
0	0
5	0
3	0
9	91
6	9
0	5
0	63
3	1
2	0
0	0
4	0
0	3
8	0
9	6
6	0
0	6
6	0
7	0
3	0
15	3
3	0
15	0
0	0
0	0
1	0
0	19
0	52
2	0
6	0
0	3
0	9
0	2
0	3
0	1
24	119
7	0
6	5
4	0
7	0
3	0
0	33
10	188
105	13
4	60
23	0
0	0
22	0
14	0
2	4
5	6
3	1
5	2
3	0
13	31
6	2
4	0
4	9
0	2
3	8
18	0
2	1
14	0
7	0
7	1
0	0
3	0
9	0
8	9
15	0
6	5
6	0
7	39
4	0
3	15
0	0
0	137
0	4
9	1
0	0
1	0
1	0
3	0
14	3
24	1
8	0
0	5
3	0
1	4
4	0
1	1
10	0
0	0
12	0
3	0
4	0
7	0
3	3
13	6
0	0
5	0
11	0
1	0
2	151
0	0
1	0
1	0
5	0
0	13
9	3
1	0
2	0
4	0
1	4
24	0
52	116
6	1
16	0
7	0
11	0
245	0
1	0
12	0
6	0
3	0
3	3
1	0
3	0
7	0
3	0
0	14
3	0
7	0
0	0
10	8
3	33
13	0
0	0
0	0
10	3
0	4
7	0
0	0
6	0
2	0
0	0
0	0
10	2
3	0
4	6
11	0
15	95
0	0
4	0
0	0
3	0
10	0
0	7
9	0
0	0
0	0
1	3
0	6
0	78
0	0
1	3
2	0
2	1
12	0
1	0
14	1
0	16
32	0
1	0
13	0
0	0
8	0
2	0
3	3
8	0
1	0
98	126
4	0
2	16
5	0
4	0
2	0
6	5
3	0
10	0
0	4
3	11
0	0
5	54
9	2
3	0
4	12
7	2
7	0
4	0
4	0
5	0
4	0
0	0
7	13
11	0
14	26
22	3
11	0
1	0
2	2
9	0
0	13
2	0
1	0
5	0
1	0
17	1
3	2
4	4
2	6
25	0
5	0
2	0
1	6
1	1
13	0
10	0
0	90
15	0
3	0
0	4
0	0
24	0
14	0
23	19
1	15
7	2
0	0
18	13
3	0
11	2
3	0
10	2
14	0
4	0
5	0
6	0
17	0
1	0
4	0
8	21
2	0
4	0
8	2
0	0
5	0
1	0
8	0
25	71
0	3
18	0
1	9
0	0
21	13
2	0
4	29
14	0
2	0
1	0
12	2
0	0
32	13
1	14
2	0
1	0
3	19
1	40
14	1
0	4
3	8
1	0
0	17
1	1
3	4
1	0
0	0
21	0
49	0
13	1
7	0
1	0
0	0
3	16
15	0
2	4
4	0
2	0
0	0
0	0
0	12
0	0
1	12
3	0
6	5
4	13
2	3
2	1
2	1
1	1
0	5
0	9
7	0
4	1
4	0
9	0
0	0
18	0
1	0
1	0
4	0
10	1
13	0
0	16
6	1
0	7
15	0
1	0
5	0
38	2
2	5
20	11
2	0
2	0
59	0
1	2
6	0
1	0
2	0
5	6
5	0
0	0
0	34
1	0
2	0
25	20
2	0
7	17
7	1
4	0
3	0
1	0
14	0
7	0
2	0
4	0
10	0
8	0
2	4
4	0
1	15
13	24
4	4
11	0
7	0
12	0
23	0
16	3
2	2
3	0
7	0
0	9
4	29
0	65
1	0
9	0
14	0
0	1
8	0
3	4
1	0
3	0
5	0
4	0
4	7
29	3
0	3
0	9
0	0
18	0
36	0
0	0
12	80
6	0
14	0
2	8
8	0
0	0
13	8
0	5
7	3
5	0
4	2
1	5
2	0
10	11
9	1
0	0
19	0
0	1
3	0
3	0
5	0
9	6
15	6
17	2
86	50
17	0
0	0
3	0
8	7
0	0
2	6
408	2380
3	1
23	14
25	0
0	0
5	0
0	0
4	1
7	2
1	11
7	0
0	4
4	0
26	2
0	2
6	7
0	5
2	9
0	0
0	0
3	0
14	0
1	2
5	1
0	0
4	2
8	0
3	4
1	0
0	5
7	12
0	2
0	28
1	0
0	48
1	0
0	28
0	10
0	0
3	0
2	0
9	0
6	2
0	2
6	0
5	0
2	0
9	6
4	1
3	0
4	1
2	50
0	1
0	6
0	0
0	0
8	2
3	0
1	0
0	0
11	14
2	1
0	0
2	11
2	2
8	0
0	0
3	3
4	17
63	72
8	0
6	0
2	0
0	1
4	0
8	0
39	0
24	0
6	0
7	0
26	0
9	7
3	1
13	9
9	0
6	9
2	0
9	0
0	3
4	0
0	0
4	37
6	70
0	0
4	0
6	1
0	0
380	255
0	0
0	1
4	1
31	0
0	0
2	0
2	29
0	39
10	0
54	0
19	0
2	2
2	0
0	57
0	0
16	4
4	0
27	0
5	57
6	5
38	8
4	15
3	1
18	0
1	0
11	0
3	0
6	0
13	0
28	0
1	0
3	0
3	0
0	0
0	1
0	92
4	2
9	0
2	0
7	0
4	0
2	0
0	0
1	4
3	0
5	0
3	2
1	0
12	3
11	0
3	0
32	0
0	0
1	0
17	4
1	0
9	0
0	0
5	0
3	0
0	0
4	33
7	4
5	6
0	6
0	7
40	0
18	4
0	0
9	2
1	0
13	1
0	0
1	0
6	0
2	0
20	0
13	0
24	0
6	0
11	0
21	35
3	5
4	0
1	0
1	0
9	0
0	13
1	0
4	0
4	15
3	58
13	0
6	1
3	56
9	0
2	7
0	0
0	0
2	3
2	0
1	0
129	0
2	0
7	0
2	3
24	5
8	0
1	0
0	0
4	4
10	4
1	0
10	0
8	0
1	0
10	0
12	0
3	0
6	0
1	29
1	0
0	0
9	0
1	1
9	0
0	0
6	26
1	5
12	1
14	11
1	0
0	0
48	31
14	0
0	6
1	0
1	0
156	0
0	23
15	0
4	0
1	0
3	0
6	3
1	0
1	0
1	33
0	34
4	0
11	16
9	0
0	50
7	0
1	0
0	0
3	0
0	0
7	0
3	0
0	0
0	1
3	0
4	0
8	0
1	0
0	0
68	24
7	0
1	6
5	9
12	0
0	3
3	0
9	1
0	12
10	1
0	0
1	0
0	6
4	0
1	6
9	12
8	0
5	0
1	1
6	0
22	15
7	0
0	0
16	0
4	0
0	0
1	0
6	0
0	7
1	0
268	141
3	57
4	0
0	57
14	0
3	3
6	0
5	60
0	4
1	3
0	0
5	1
0	7
4	0
4	0
12	12
0	1
0	0
3	0
5	4
0	80
0	55
9	0
2	0
1	0
1	0
1	1
26	1
2	5
7	0
0	7
5	0
3	0
11	59
19	0
1	0
2	0
1	0
3	0
4	0
1	8
0	0
4	0
7	0
6	7
1	0
11	1
1	236
0	0
1	0
5	0
0	2
0	4
3	0
0	2
9	0
2	0
1	0
1	0
0	10
1	0
4	0
6	0
4	0
2	0
23	0
2	6
0	0
16	0
3	0
8	0
3	0
0	0
1	0
7	0
17	5
1	0
7	0
0	0
16	0
6	0
9	0
0	33
8	9
0	13
10	0
4	0
1	0
0	0
2	0
5	0
4	12
35	0
2	0
13	83
4	0
13	0
5	0
3	0
7	0
23	1
20	17
1	0
3	0
0	12
0	0
2	2
1	0
0	10
1	0
11	0
1	0
0	0
1	14
1	0
13	53
0	0
0	0
1	0
0	0
10	3
0	0
9	0
22	0
5	0
0	0
0	5
11	0
2	0
0	0
19	0
1	0
6	28
0	0
0	1
0	0
0	24
0	0
0	1
0	0
6	2
1	0
0	0
5	1
0	126
12	85
8	9
2	0
12	1
0	0
0	6
18	0
22	4
1	0
0	5
0	0
0	0
1	1
0	0
12	0
1	0
7	52
14	0
11	0
0	0
11	6
3	0
7	0
96	30
1	0
4	25
7	8
7	0
0	38
102	0
0	7
0	0
1	0
0	0
8	0
0	10
4	4
5	43
0	0
10	0
4	0
3	2
20	0
0	110
4	13
0	79
0	0
0	6
10	0
8	24
3	0
6	0
0	8
1	0
11	0
7	0
20	5
2	0
92	8
3	0
2	39
14	0
40	8
0	0
4	0
1	63
0	0
1	0
6	0
4	0
5	0
27	1
2	3
0	0
0	8
13	0
0	33
10	0
2	0
4	0
1	0
4	22
14	0
3	11
0	0
0	11
2	0
7	3
13	0
13	0
7	19
8	0
2	4
10	0
35	10
24	0
3	0
6	0
0	1
0	5
2	0
10	0
11	0
0	0
1	0
1	0
0	1
1	0
0	1
6	4
2	0
0	0
1	21
1	1
1	0
0	0
21	0
2	0
0	0
0	5
0	0
0	0
0	0
1	0
0	2
0	31
0	8
4	0
17	0
20	0
0	61
0	87
0	0
0	0
1	0
2	0
6	0
1	9
0	0
23	0
4	0
2	0
10	20
11	1
10	6
10	18
9	0
2	0
0	0
2	0
7	0
0	0
1	43
1	0
10	0
8	38
13	0
11	1
29	3
1	7
11	9
0	13
4	0
1	0
5	0
0	1
6	5
6	0
6	0
0	1
163	39
9	0
0	0
0	0
32	0
0	0
4	0
2	0
2	0
2	1
0	0
17	0
0	2
12	0
3	1
2	0
9	0
0	1
10	0
2	0
1	0
6	2
3	0
33	0
10	5
0	0
0	0
12	0
15	0
3	73
17	0
0	0
1	0
1	9
4	4
0	0
2	1
17	0
12	0
1	2
0	2
3	0
0	12
1	62
0	0
10	4
11	1
0	0
11	0
3	3
0	0
0	0
4	0
0	3
6	0
1	0
16	0
1	0
1	0
1	0
14	0
6	0
0	19
5	0
4	0
2	0
4	0
30	2
16	61
0	0
8	0
4	19
8	0
1	0
2	2
20	21
5	0
0	0
0	0
1	34
2	0
3	0
0	0
13	0
0	0
11	2
709	0
15	0
1	29
0	0
83	7
38	1
3	0
0	0
0	0
2	0
0	54
1	0
7	1
15	26
4	4
1	0
12	10
5	6
0	0
2	7
1	4
19	0
1	28
11	17
2	0
0	263
6	0
2	0
1	0
2	0
20	0
4	0
25	7
3	0
6	21
13	1
8	0
4	15
14	5
20	10
1	1
1	0
19	0
0	0
0	77
0	8
3	0
6	0
1	1
3	0
15	5
7	1
0	4
7	0
15	7
0	0
0	0
1	7
5	0
66	22
23	2
9	1
5	0
0	2
0	2
0	3
1	0
2	0
1	0
0	0
0	2
134	113
1	8
1	18
5	0
333	175
1	0
17	0
1	0
3	0
1	2
5	0
0	194
3	0
5	18
1	2
0	17
23	0
14	0
0	1
0	9
2	1
0	38
9	0
16	274
4	0
25	27
6	0
26	0
2	3
2	0
0	0
0	1
6	0
1	0
1	62
6	0
2	0
4	0
7	0
0	11
3	0
4	0
1	0
2	0
12	32
4	0
17	1
0	65
11	5
1	0
28	0
3	0
3	0
5	0
0	0
0	0
2	0
0	0
5	0
0	29
1	18
0	0
2	0
4	0
13	0
53	1
1	0
1	0
10	1
9	0
0	2
0	9
0	0
6	0
6	44
3	1
8	0
2	24
0	51
7	35
0	0
10	0
3	0
1	0
0	0
0	1
4	18
0	0
1	0
0	4
3	0
0	4
7	18
3	2
0	0
0	52
1	0
1	0
6	0
0	10
2	0
7	0
19	0
100	35
0	3
0	0
0	0
0	3
3	0
1	0
6	0
9	0
6	0
0	2
1	0
0	0
15	5
3	0
0	2
2	0
0	0
3	1
9	7
3	0
0	0
25	40
1	0
6	0
17	4
1	0
3	0
12	0
26	0
12	0
0	38
17	0
7	0
0	0
3	0
0	5
1	12
9	2
1	4
0	16
0	0
23	0
0	45
0	6
34	0
12	0
0	5
0	39
19	4
0	3
4	67
0	3
11	0
4	0
3	0
19	0
6	0
1	0
0	0
1	0
11	0
0	1
3	10
68	69
3	0
0	0
5	0
2	0
11	0
31	61
0	0
10	0
1	0
4	0
18	0
0	0
20	2
0	0
10	1
14	14
1	0
0	1
1	0
1	0
0	4
0	0
2	0
7	0
4	25
9	0
1	0
0	0
0	0
11	0
3	0
12	0
6	0
10	0
0	0
0	0
1	3
0	0
2	0
8	0
10	38
5	0
0	3
11	0
6	8
0	0
19	23
0	0
1	7
3	0
3	0
3	1
13	5
0	0
0	53
7	0
0	0
23	0
0	70
3	0
9	15
1	4
3	2
4	0
6	1
0	7
2	0
33	0
0	1
0	1
1	124
0	0
8	1
12	0
4	0
0	0
24	0
3	0
4	0
11	2
2	263
1	0
3	0
0	0
1	0
0	0
4	0
16	0
0	0
9	5
6	1
17	0
3	0
1	1
1	247
9	0
59	252
4	0
14	17
2	0
5	0
11	0
1	5
0	0
2	0
0	0
36	81
8	36
1	5
3	0
2	0
0	0
3	23
2	15
5	1
13	2
0	0
1	0
0	9
0	0
66	10
5	0
10	0
22	29
2	0
3	116
0	9
3	116
8	0
20	1165
9	10
2	4
7	0
207	109
2	2
46	12
7	3
2	2
39	107
0	74
1	0
3	0
0	57
13	40
5	0
12	1
5	0
8	0
5	3
0	0
6	66
3	4
4	7
3	0
2	3
1	0
4	0
19	0
3	0
20	0
23	0
8	0
7	0
71	76
0	0
1204	2723
0	0
0	0
5	0
4	0
5	0
0	0
6	3
3	0
1	0
5	6
0	0
11	1
4	0
0	5
0	125
0	0
3	8
4	15
0	0
5	0
1	0
1	0
7	2
15	0
0	0
1	0
3	0
12	0
2	0
0	0
0	10
0	5
3	0
1	0
2	0
0	0
5	57
7	0
2	0
2	10
0	2
0	0
9	0
19	0
24	0
1	0
1	0
13	0
4	26
1	0
2	3
1	0
0	0
1	3
2	0
2	2
11	0
35	0
3	0
6	7
2	23
3	0
10	0
6	0
35	13
7	2
4	0
2	1
47	38
23	0
278	175
251	211
25	0
0	0
7	0
0	2
0	0
3	5
71	0
9	14
6	0
0	50
7	0
0	47
0	0
2	1
1	0
3	0
0	0
9	0
6	0
1	0
0	0
1	0
0	32
7	0
16	0
5	2
7	6
0	0
15	0
33	1165
30	32
0	0
0	0
1	0
0	0
8	3
2	2
12	0
3	3
4	0
0	125
15	0
2	0
2	0
8	0
7	0
1	0
0	0
0	45
1	1
0	0
0	0
9	14
3	0
0	0
0	0
0	125
3	2
17	125
13	0
5	0
0	5
10	0
0	5
12	0
12	1
0	4
0	4
11	7
15	1
7	0
2	0
0	5
3	0
14	0
14	0
13	3
5	0
9	8
0	0
12	0
1	41
9	0
23	29
3	0
1	0
12	4
0	0
0	0
0	0
7	0
7	6
5	5
1	0
11	3
3	11
3	0
20	0
2	0
9	0
0	0
2	1
0	0
3	0
0	0
2	0
1	0
2	0
12	0
0	2
0	71
4	0
6	0
0	0
1	0
0	0
0	72
0	1
7	0
12	0
0	0
4	0
18	0
9	1
0	0
5	0
5	15
2	66
0	0
0	7
0	0
15	18
9	7
6	56
3	0
19	2
0	4
0	0
1	0
7	22
6	0
2	0
9	0
7	0
0	0
6	4
1	0
3	3
0	0
1	3
406	81
4	27
4	0
12	0
0	74
0	2
0	88
5	0
2	0
2	0
0	0
10	3
7	10
1	16
0	3
17	0
4	0
15	0
1	0
3	0
0	6
3	0
2	0
14	0
1	120
5	15
5	2
0	1
19	4
9	0
17	0
10	0
5	28
3	0
27	9
5	1
1	0
0	61
0	2
8	0
29	0
8	0
1	0
7	7
9	4
24	5
1	0
3	0
1	0
13	0
2	3
2	0
17	3
25	25
11	15
3	0
7	4
6	0
1	66
0	5
13	0
1	0
0	0
0	0
0	0
4	0
2	0
3	0
4	0
1	0
12	0
4	0
5	0
1	0
1	0
0	0
247	351
4	1
3	0
7	0
1	0
1	0
9	0
3	0
0	86
0	41
0	2
0	4
0	3
8	0
0	0
3	1
25	0
0	10
12	0
0	0
6	0
2	12
11	118
0	62
0	0
2	0
12	0
3	0
23	1
0	120
125	43
0	0
3	0
4	1
2	0
8	0
3	22
3	0
0	0
10	1
1	0
0	0
1	20
21	0
9	0
2	0
4	0
0	2
156	22
14	0
0	0
0	0
4	0
0	0
1	0
29	0
2	0
12	0
143	0
4	0
3	0
12	6
8	0
1	0
0	0
2	2
18	0
0	1
5	0
0	0
20	0
3	0
1	0
4	1
0	0
1	1
5	0
0	0
26	0
1	0
0	71
38	2
8	7
4	0
6	2
0	0
4	0
3	0
5	8
13	0
1	0
23	39
0	0
5	0
1	0
1	0
13	1
16	0
1	10
6	3
4	6
0	17
1	4
11	14
0	0
3	0
12	0
2	0
0	0
1	0
3	1
2	19
10	0
10	0
0	0
6	1
1	5
0	4
0	2
8	1
1	0
2	0
2	0
0	0
2	7
8	3
0	0
0	0
13	6
8	0
3	0
18	0
5	26
1	0
0	0
0	4
11	0
0	0
0	6
8	0
10	22
0	13
1	32
0	0
2	0
0	0
2	1
10	0
2	7
5	5
0	0
8	0
0	0
0	0
3	0
5	0
15	0
0	6
0	2
0	0
0	0
2	0
0	6
2	0
8	0
6	5
12	0
26	0
5	0
2	0
0	0
0	18
23	0
17	12
17	0
11	0
4	33
5	0
10	0
0	0
0	0
22	0
11	0
6	0
2	0
5	0
1	0
7	0
1	54
0	0
0	0
4	0
0	0
7	0
2	0
7	0
4	0
5	0
2	0
8	1
0	0
8	0
20	6
0	0
0	0
6	5
3	0
4	0
6	0
40	1
5	0
10	0
2	23
4	6
2	18
6	0
0	0
0	0
0	337
15	0
2	0
23	0
4	0
5	0
2	0
0	86
6	0
0	0
6	29
3	0
0	0
3	0
0	27
0	0
1	27
1	1
0	0
0	17
16	1
1	3
0	39
0	0
6	0
11	0
2	4
5	13
6	0
1	0
2	0
3	13
2	0
3	47
10	0
2	0
2	9
4	6
1	0
0	0
12	0
1	0
0	50
2	0
5	0
5	0
7	7
5	0
8	0
1	0
0	13
0	2
1	1
1	0
1	0
1	0
1	35
7	2
6	0
12	0
1	2
0	34
4	9
0	0
8	0
0	34
10	0
0	0
0	17
1	0
1	0
9	0
3	39
3	0
16	0
0	0
5	0
3	0
10	34
0	1
7	0
3	0
4	0
2	0
30	0
0	9
8	7
0	0
2	0
0	0
0	1
1	175
0	0
0	0
6	8
6	16
0	3
6	0
0	15
2	78
3	0
15	7
3	0
2	4
2	13
5	13
0	0
31	4
5	0
0	140
11	0
0	0
11	0
22	0
8	0
2	3
0	0
29	0
0	0
7	0
0	0
6	0
7	0
11	19
4	0
6	6
24	0
2	0
7	6
0	0
3	0
1	0
2	0
3	0
1	0
2	0
16	7
7	0
3	0
10	1
20	0
52	6
2	0
2	0
16	0
8	0
3	0
8	10
6	0
3	1
3	0
0	0
0	0
3	0
5	0
0	0
4	0
2	8
1	0
4	59
3	0
6	0
0	0
0	0
12	0
4	65
3	0
7	0
7	5
12	0
0	9
28	88
3	0
8	160
0	0
5	0
0	0
12	1
5	0
6	0
6	0
9	0
1	0
1	0
0	0
6	0
0	5
20	0
3	0
3	1
12	16
2	2
1	14
0	0
1	0
0	0
0	0
0	0
2	0
0	0
6	0
25	0
7	1
7	44
0	0
49	0
10	8
0	0
17	0
2	0
3	0
12	25
0	0
10	0
4	0
0	0
14	0
6	0
1	10
2	0
11	0
2	0
3	0
778	0
0	11
5	1
0	8
0	0
6	0
0	0
1	0
46	0
0	3
12	22
2	2
3	0
7	0
1	38
5	5
12	0
10	0
3	3
1	0
0	0
2	2
2	0
2	0
6	0
0	1
0	66
1	3
14	0
0	0
0	6
1	170
1	6
7	7
22	0
0	5
1	0
1	0
3	1
11	0
8	0
1	0
6	0
164	169
64	115
0	10
4	38
0	277
3	0
176	46
0	0
7	2
1	0
0	1
0	0
0	202
3	1
2	1
0	12
0	12
6	1
4	0
0	4
14	0
7	0
1	1
2	0
1	0
5	3
0	4
0	2
6	0
1	0
4	2
9	0
1	3
5	22
10	0
1	11
11	0
0	16
0	0
0	15
10	0
5	0
7	0
2	0
4	0
4	4
4	0
18	1
0	0
0	0
0	0
4	14
10	0
6	0
0	0
14	0
3	11
28	0
9	0
0	0
19	0
0	0
2	0
0	16
0	77
18	0
1	0
18	0
2	8
6	4
1	0
25	30
0	0
0	0
9	7
4	11
5	11
0	14
1	0
0	0
2	0
6	0
3	4
0	0
0	5
5	2
36	15
9	1
0	0
6	0
16	0
1	0
25	0
4	0
13	0
12	115
3	0
1	0
0	0
5	4
32	17
0	0
3	0
5	40
2	0
5	10
0	0
18	12
0	4
12	0
1	0
0	17
1	0
5	3
2	8
28	0
9	0
7	4
12	101
1	0
10	0
10	0
0	0
5	0
1	0
0	0
2	0
1	0
8	0
2	6
3	1
0	0
15	0
0	0
20	4
1	4
0	4
2	4
0	0
0	0
2	0
0	0
0	2
2	0
0	0
4	0
0	5
5	0
13	0
2	1
0	0
5	0
9	0
1	2
0	0
5	8
38	0
3	0
1	0
1	0
8	1
1	0
4	1
0	276
1	4
3	0
7	0
3	25
6	0
26	3
2	0
0	0
1	1
1	4
6	0
5	0
4	0
0	0
0	7
8	0
4	0
0	0
1	0
3	0
5	7
3	1
5	0
1	7
3	0
0	0
3	0
13	0
10	0
12	1
1	10
3	0
10	0
3	0
2	0
87	0
2	0
6	0
3	0
2	0
0	7
5	0
0	0
0	0
0	1
2	0
1	2
5	0
25	2
0	0
4	12
0	0
11	0
0	0
3	0
9	6
24	0
0	4
1	12
5	8
11	2
0	0
10	40
8	0
11	0
2	1
2	0
9	0
0	0
0	34
4	0
4	4
9	0
3	0
1	0
1	19
1	2
10	15
9	7
4	52
16	1
0	0
7	0
3	0
19	0
14	0
1	2
0	0
5	6
0	25
0	22
9	8
0	0
0	0
0	28
3	0
7	0
2	0
22	49
13	0
2	0
4	0
6	0
6	0
6	4
9	15
3	0
30	3
2	0
0	2
5	0
5	0
2	0
1	0
2	0
1	0
3	0
1	0
7	13
0	0
0	84
1	43
1	0
12	0
0	64
26	5
2	24
19	0
8	1
1	0
0	27
1	49
1	0
0	2
7	7
10	0
0	5
1	0
21	0
0	30
11	5
2	0
0	0
0	0
5	2
0	23
0	0
0	8
3	5
0	113
4	0
1	0
0	0
1	0
4	0
0	48
0	32
0	12
13	0
2	15
5	0
3	0
1	0
1	0
11	0
7	0
3	0
6	5
2	25
5	1
0	6
2	0
7	3
1	0
4	0
18	0
0	30
1	0
0	0
2	0
8	1
5	0
2	2
1	0
2	0
10	0
0	0
0	0
71	53
10	0
4	19
1	2
0	0
2	1
0	27
0	0
0	0
2	0
7	24
0	0
1	0
2	0
8	5
0	0
3	0
0	0
1	29
2	0
0	0
7	2
0	0
4	0
28	0
67	0
22	0
0	34
10	102
10	0
4	11
0	0
2	1
0	0
0	0
7	0
2	0
1	246
0	0
1	50
1	12
1	1
1	0
1	0
2	29
5	0
2	6
13	2
2	0
0	44
1	0
0	25
1	0
0	4
5	22
14	0
0	23
0	23
22	0
1	21
7	1
4	0
0	0
0	27
16	23
1	0
13	2
0	8
11	2
12	0
0	0
0	1
0	0
0	2
0	0
28	0
91	0
1	13
1	0
10	0
0	8
7	18
13	0
6	0
1	9
2	0
6	0
5	0
2	0
7	0
0	0
1	4
3	2
10	0
14	10
11	0
0	0
5	0
15	0
2	0
0	0
16	35
7	0
1	39
0	0
0	25
0	0
8	0
0	0
0	0
1	0
0	4
7	0
0	67
9	0
0	0
3	0
1	6
0	0
0	0
0	14
0	2
0	0
0	0
4	2
9	0
2	0
0	17
0	2
1	0
1	0
28	0
11	0
0	59
0	0
7	0
0	0
0	0
0	6
0	0
1	1
3	1
2	0
2	0
6	1
4	0
1	4
20	0
3	0
3	0
15	0
10	0
6	0
2	0
15	1
2	0
0	0
0	47
4	21
5	6
6	0
1	0
0	0
0	0
9	1
19	5
0	1
1	0
8	0
0	4
0	0
2	0
4	0
13	0
7	0
3	1
0	0
7	0
12	0
2	0
2	0
22	0
1	0
12	1
31	0
3	0
5	0
1	0
1	0
12	34
0	22
1	0
12	9
6	0
0	0
13	16
0	0
6	37
2	10
0	0
1	1
24	0
0	0
5	6
1	0
2	0
11	0
1	0
10	2
2	0
20	2
2	0
0	6
0	0
0	0
2	48
1	0
4	0
1	2
0	0
0	0
0	33
2	1
5	0
0	0
5	4
0	2
13	6
6	0
3	66
12	1
3	0
0	0
0	0
2	0
0	0
0	0
2	0
4	7
3	0
3	0
15	0
1	8
1	0
15	0
2	0
2	5
0	2
0	0
13	9
0	2
0	26
12	0
0	13
0	0
7	35
1	1
1	0
0	0
2	0
1	2
29	14
8	0
0	0
2	13
1	0
5	0
0	0
28	0
10	0
2	0
0	0
0	0
2	0
1	0
0	7
2	0
0	2
4	14
6	0
2	0
2	0
106	0
15	3
0	2
27	0
12	4
3	5
6	0
1	0
22	0
4	2
0	0
0	0
4	0
0	0
0	0
0	0
4	0
5	0
0	1
3	0
3	41
10	28
1	0
0	11
0	19
6	34
3	0
0	0
0	0
6	2
2	0
0	0
2	0
9	0
5	0
34	20
6	0
0	0
6	2
630	721
8	2
2	1
3	0
2	22
5	0
0	0
7	0
3	0
4	0
1	0
1	0
0	0
13	0
3	0
1	0
2	0
11	0
0	0
27	0
16	0
2	0
1	4
14	5
4	2
1	0
0	5
1	0
9	0
1	0
11	1
10	53
12	0
17	8
1	0
12	1
23	0
0	6
0	0
0	0
6	0
2	1
0	0
1	10
0	0
10	0
4	11
0	0
6	0
0	0
2	0
1	0
3	1
16	0
2	0
5	19
0	8
14	0
2	0
15	3
4	0
11	0
0	0
0	0
13	11
0	4
0	0
10	4
6	0
1	15
6	19
2	0
1	0
1	0
0	0
1	2
0	0
3	1
13	0
0	12
15	0
3	2
16	0
6	0
3	124
0	0
17	2
13	4
4	0
13	0
4	0
6	85
7	0
21	9
0	53
10	0
0	0
2	13
2	0
7	0
3	0
10	0
10	0
3	2
8	0
29	0
3	15
1	0
1	10
0	0
2	0
0	0
0	0
10	0
1	0
3	4
12	0
10	0
6	0
0	2
0	4
3	0
4	0
46	0
0	0
17	0
1	0
3	0
0	0
1	1
29	0
6	0
4	0
9	0
17	0
2	0
0	2
0	0
3	7
2	201
0	0
8	0
1	0
4	13
0	0
317	0
0	0
0	0
0	26
47	0
5	0
4	0
6	0
0	28
6	0
1	0
0	0
2	9
0	0
395	550
3	0
0	2
0	110
0	15
1	0
2	0
2	0
6	0
0	0
0	81
6	3
2	0
1	0
5	2
0	14
8	0
1	5
3	0
3	0
18	0
0	0
0	0
3	1
2	0
0	0
6	0
2	0
14	0
7	2
5	0
0	0
7	22
13	3
6	0
2	4
0	0
0	0
7	21
12	0
0	30
1	0
4	1
3	2
0	0
7	9
4	0
2	3
3	1
0	2
1	1
0	0
0	0
1	0
4	0
2	19
5	0
0	0
12	0
266	192
8	1
12	0
5	8
1	7
7	0
0	13
8	0
8	0
0	0
0	0
0	0
14	0
0	0
4	0
4	0
1	0
1	0
6	10
237	152
1	2
0	20
0	0
0	2
2	5
194	246
1	1
28	3
13	0
10	9
2	0
24	0
10	0
0	0
15	6
0	0
2	0
1	0
19	8
1	0
0	0
1	0
9	0
0	21
11	0
0	0
1	0
1	9
2	13
5	0
2	0
10	0
5	4
3	4
1	0
2	0
12	0
2	0
0	0
6	0
8	0
0	0
5	0
45	107
8	0
1	0
5	0
1	0
0	0
3	1
13	16
0	0
19	16
3	0
13	0
1	4
8	0
5	0
0	1
19	8
7	10
1	0
6	56
2	9
0	2
4	2
3	0
3	0
55	0
13	0
52	0
6	5
25	2
0	0
2	0
27	0
2	2
1	56
21	0
13	0
0	21
6	0
1	0
26	0
3	0
1	0
2	1
7	4
0	0
37	0
0	0
1	0
39	0
21	4
19	0
10	33
18	7
16	0
23	1
2	0
3	1
0	2
2	0
9	0
18	0
4	0
3	0
1	0
0	0
4	0
0	205
4	0
4	0
14	0
10	0
1	32
18	3
1	0
9	0
0	45
1	0
88	0
11	0
1	0
5	0
16	13
0	0
15	0
0	0
1	0
2	2
6	0
32	0
2	0
13	0
5	0
1	1
24	102
24	0
2	5
51	3
6	0
32	0
15	0
6	0
3	15
2	0
3	0
3	0
5	1
4	51
16	1
11	1
3	27
0	19
6	0
0	0
0	22
0	0
0	0
4	0
0	0
0	0
5	0
1	0
0	0
5	0
0	1
0	1
10	18
39	59
4	41
2	10
2	14
4	0
22	1
7	31
9	0
7	4
9	0
17	0
0	0
0	0
46	0
1	3
5	0
0	18
2	0
3	0
2	0
4	76
8	0
279	361
18	0
0	1
1	0
1	0
0	82
0	0
0	0
0	0
13	0
95	2
15	9
0	10
0	4
2	5
0	6
13	0
30	0
0	0
11	0
1	0
64	35
4	0
5	0
3	44
14	0
14	20
2	13
7	0
1	0
4	5
0	63
0	9
9	0
1	1
17	782
4	0
0	0
16	0
0	17
16	2
4	0
13	0
1	0
19	6
4	0
3	18
2	0
7	0
9	72
5	36
1	25
9	0
1	0
0	0
1	0
6	0
6	0
8	11
1	0
2	6
1	1
13	0
11	5
0	0
8	0
1	0
0	0
3	0
0	0
3	1
0	10
0	0
1	0
0	0
9	0
28	0
0	0
10	0
2	0
4	0
12	4
5	8
3	0
18	1
0	0
45	0
11	96
4	29
4	0
22	0
1	8
3	26
3	17
0	0
2	0
0	0
12	21
1	0
0	26
0	11
5	0
8	1
11	0
0	1
8	4
1	0
6	2
2	0
1	1
7	0
1	3
1	0
36	1
1	13
0	2
24	3
4	0
8	4
0	4
8	0
4	0
0	7
4	0
3	0
0	1
0	0
3	0
0	0
0	4
6	5
4	28
1	0
0	0
8	0
0	183
2	0
3	0
0	33
26	0
1	0
1	74
6	0
1	0
57	2
5	0
0	0
0	9
8	0
0	63
3	8
13	38
2	0
0	71
2	0
5	0
66	473
12	0
0	71
1	0
0	0
5	9
9	0
1	0
2	3
4	2
6	1
13	0
242	348
5	0
1	0
1	36
2	0
20	0
15	68
0	0
5	0
4	0
1	0
1	0
10	0
1	0
7	10
13	0
3	0
23	13
0	4
0	0
1	0
0	0
1	0
3	0
2	0
11	2
0	3
2	0
6	2
1	0
5	1
0	0
4	6
11	0
13	0
6	0
6	0
1	36
16	11
1	5
1	15
10	126
3	3
1	0
4	307
4	26
18	0
5	0
1	0
0	0
16	3
7	0
0	8
3	0
1	0
5	0
5	0
2	0
0	1
1	0
1	0
0	0
8	0
9	3
1	4
2	0
3	0
1	0
2	0
0	0
1	5
3	0
10	0
1	0
1	0
9	0
0	0
6	0
10	9
0	0
3	1
4	0
3	0
0	0
1	0
158	0
2	5
1	7
0	2
0	0
1	0
0	21
10	2
5	8
0	0
8	26
11	0
11	0
5	5
2	0
3	0
4	0
0	0
1	3
8	5
5	5
12	2
0	0
4	0
1	6
2	0
0	0
0	3
9	0
0	0
31	0
0	0
0	0
3	1
0	0
0	0
1	50
4	0
6	19
0	0
0	2
0	0
1	0
3	0
6	0
7	7
2	0
0	1
6	3
0	1
22	1
5	0
0	12
10	7
19	0
5	0
11	61
0	0
1	0
0	0
8	4
0	0
2	0
3	1
4	0
2	0
0	0
0	2
9	0
14	0
26	0
0	0
1	0
28	0
1	2
7	0
6	0
1	0
20	0
14	0
14	37
2	0
0	5
4	1
0	3
5	13
1	4
4	0
5	11
0	0
0	0
7	0
4	3
4	0
7	0
0	0
3	2
12	0
2	8
1	10
1	2
1	6
4	2
3	0
1	1
1	0
10	0
2	0
9	6
2	0
13	0
1	24
0	4
12	5
1	0
0	13
3	10
74	8
1	0
8	3
12	0
4	0
0	0
11	1
5	9
7	0
14	0
0	0
7	4
0	0
0	0
10	3
11	2
6	0
6	0
3	0
0	98
0	0
8	0
0	15
7	0
0	0
37	0
6	0
0	0
7	4
4	2
6	1
0	1
3	0
4	0
6	0
0	0
0	2
2	0
14	0
3	0
2	15
1	0
1	0
2	0
8	0
7	10
7	1
1	0
1	0
7	0
4	0
10	0
0	1
34	0
1	0
0	0
4	0
2	0
1	0
3	0
8	3
1	11
0	1
0	0
5	13
4	0
0	0
0	9
2	15
25	13
8	0
12	0
0	0
3	0
0	0
7	0
0	0
8	0
7	0
4	0
3	0
2	0
0	1
3	10
1	0
20	0
0	36
0	13
3	0
18	0
5	0
22	16
0	5
2	0
3	0
0	0
12	36
0	0
4	0
4	3
2	5
0	15
1	32
1	0
7	2
2	0
3	0
11	5
0	0
48	0
8	6
0	0
11	0
0	0
0	50
4	0
3	0
1	0
4	0
0	0
2	0
7	31
0	0
1	49
0	0
0	0
7	10
1	0
2	34
3	9
6	13
0	0
2	0
10	30
1	0
0	7
23	0
0	0
14	0
16	0
2	5
27	87
0	4
4	4
0	0
1	0
1	0
1	0
0	0
1	0
36	0
13	13
5	6
2	0
3	0
0	0
12	3
5	0
0	0
0	0
1	0
5	1
1	0
1	0
0	0
9	1
0	0
0	0
0	0
1	0
6	0
15	9
3	2
5	0
2	0
0	0
0	153
0	5
10	21
9	1
0	153
9	0
2	0
15	33
4	46
0	0
2	0
1	3
7	5
4	0
5	8
1	0
0	0
41	1
0	3
11	0
0	0
0	0
0	0
2	0
1	0
6	1
0	15
0	0
2	0
5	18
1	0
9	0
0	0
3	11
4	5
0	0
5	0
2	0
14	0
1	0
10	0
48	13
0	14
22	3
3	92
4	1
0	2
18	7
0	0
11	35
19	0
20	0
12	7
3	1
5	2
8	0
0	0
1	0
0	0
1	0
1	13
4	10
20	0
1	63
9	0
0	0
2	783
8	66
3	0
0	0
28	0
2	20
1	0
20	11
0	0
1	1
8	2
1	1
2	0
2	7
4	0
9	0
5	6
3	24
0	1
2	0
13	0
8	0
118	0
106	15
8	0
3	1
3	0
10	48
2	1
0	0
7	0
1	1
0	0
1	38
1	0
0	0
0	0
2	0
9	3
18	1
2	6
22	19
2	18
1	0
0	3
0	0
1	0
0	249
1	0
1	0
1	7
5	0
13	6
2	43
0	1
3	0
12	2
5	4
0	10
4	0
4	0
1	13
11	0
1	0
8	0
3	0
1	0
2	0
1	0
4	0
1	0
5	0
60	0
0	0
3	0
0	0
6	0
3	16
0	0
0	0
119	0
6	2
3	0
1	0
2	12
7	4
5	0
18	1
7	0
3	0
3	0
0	1
0	2
12	0
1	5
11	0
4	27
11	13
2	0
0	0
0	0
0	0
15	2
3	9
0	0
10	20
0	34
4	5
1	0
29	0
4	0
0	2
4	8
18	0
0	10
4	0
14	2
0	0
0	0
5	0
0	0
0	0
0	0
0	0
5	3
2	0
0	2
38	0
0	0
6	0
16	1
1	1
2	1
7	0
14	4
2	11
0	0
2	0
14	0
5	1
2	0
12	0
10	0
3	0
1	0
0	19
3	13
3	75
24	0
0	29
1	0
2	0
0	5
0	6
3	3
2	10
3	3
0	0
5	0
0	0
11	2
0	0
16	0
70	0
11	0
34	0
0	6
11	17
1	0
12	4
0	1
3	0
1	13
5	1
5	37
0	0
3	0
54	56
0	3
3	5
0	30
12	9
1	0
20	0
0	3
9	15
0	0
0	1
0	8
9	1
2	0
2	0
1	4
4	0
3	1
2	0
5	0
0	4
2	3
3	9
1	0
1	11
3	63
0	0
4	6
5	24
3	3
1	11
15	18
10	20
11	0
3	0
3	3
0	0
3	14
0	33
1	0
1	41
25	1
1	0
1	0
2	0
1	0
6	0
9	3
10	0
0	18
9	1
76	54
179	530
0	43
0	2
28	93
0	23
0	16
1	6
0	0
9	0
8	0
0	112
1	0
10	0
0	13
0	0
7	0
5	1
3	15
7	2
0	3
5	0
4	0
13	0
1	23
4	0
0	0
0	3
3	12
2	2
5	45
0	0
3	2
2	1
3	1
29	10
0	7
7	31
0	1
3	0
1	0
0	6
4	15
5	45
0	0
6	9
31	0
0	5
1	0
2	0
2	7
12	1
12	0
137	0
0	47
0	52
6	1
3	0
0	0
1	25
0	0
10	0
8	0
2	0
4	0
11	0
0	0
1	0
6	5
1	0
1	0
15	0
0	69
1	0
10	22
15	5
4	0
4	0
2	9
4	6
5	1
0	0
66	32
13	3
3	0
10	0
0	6
21	0
0	0
4	0
0	0
0	5
3	0
0	53
2	0
11	0
0	26
15	1
0	1
0	8
7	0
0	0
3	0
2	0
4	0
0	3
1	0
1	0
10	17
0	0
6	0
1	7
0	0
20	0
1	0
8	0
3	28
6	13
15	0
22	21
1	0
0	0
0	0
7	28
0	0
0	11
2	0
0	0
0	0
0	22
3	0
3	0
2	0
8	3
7	0
5	0
5	5
4	0
1	0
0	0
2	1
0	0
9	7
0	0
35	0
5	0
27	2
0	1
10	2
5	12
0	0
7	0
0	0
4	0
8	0
0	1
9	12
6	0
2	0
4	3
0	0
14	0
0	1
0	0
17	1
22	0
2	0
0	1
1	0
1	0
35	96
9	0
7	0
2	0
1	0
2	0
22	23
9	2
1	0
0	0
15	0
3	0
16	2
13	0
1	0
4	0
18	0
46	0
26	0
2	1
7	7
8	0
4	0
0	8
4	7
12	0
4	1
3	0
7	8
1	2
19	0
5	2
0	7
4	0
2	2
11	0
1	13
22	78
19	25
3	0
5	0
3	0
0	0
0	0
2	0
3	0
2	0
0	3
1	0
3	0
2	0
3	0
3	13
2	0
6	13
6	0
2	4
6	0
8	0
1	0
1	0
0	0
10	6
4	8
4	8
10	0
25	0
21	0
0	2
2	0
3	6
2	1
1	0
2	0
17	0
4	0
379	372
9	0
83	0
6	0
0	4
14	0
0	5
19	0
1	0
18	0
4	0
2	1
192	0
6	0
8	0
7	0
12	3
0	3
8	1
5	0
6	26
8	1
7	0
5	0
1	1
29	1
4	0
11	0
11	0
0	0
15	0
0	2
6	23
26	0
0	1
19	0
4	0
2	0
29	181
0	125
0	22
18	0
9	15
36	0
4	0
0	0
0	0
0	0
12	0
14	8
0	0
1	1
4	6
0	0
1	0
4	0
10	0
18	0
4	1
0	0
15	152
0	7
10	0
6	8
2	0
0	2
1	0
3	0
13	0
0	0
1	0
12	0
0	0
9	0
1	0
1	0
0	0
1	2
17	0
0	4
2	0
2	6
2	0
26	19
4	0
1	0
8	0
27	0
1	0
8	0
1	0
22	0
26	0
1	4
1	3
23	0
2	0
0	404
8	27
1	9
0	0
9	0
0	0
19	7
0	5
0	64
0	251
3	2
2	8
0	35
10	0
7	0
2	0
7	10
4	0
4	0
9	0
104	0
3	10
2	0
5	5
2	0
2	11
1	3
7	0
1	0
2	0
0	0
3	0
0	0
10	0
2	0
0	0
32	3
4	0
7	0
9	9
5	0
1	0
1	0
72	10
11	0
50	19
45	0
0	0
2	9
0	0
5	0
9	0
24	0
1	5
3	0
0	5
6	0
4	6
0	1
1	3
1	8
0	8
2	0
0	2
12	0
3	0
1	0
1	0
12	0
7	0
0	22
0	6
0	0
1	0
11	1
0	0
2	0
0	13
2	0
0	0
1	0
4	0
10	0
5	0
0	15
7	0
0	1
11	0
2	3
10	2
5	0
3	0
0	0
5	0
1	0
2	0
0	0
0	4
27	0
24	0
0	0
2	0
1	0
5	0
0	7
2	0
4	4
1	0
3	0
2	0
6	0
0	9
9	9
4	0
0	8
2	5
14	0
0	2
4	1
8	0
20	0
2	0
17	0
0	5
1	0
4	0
268	2
2	11
22	4
7	0
1	0
6	0
0	0
4	0
5	9
1	0
0	0
1	0
0	0
0	0
2	148
2	0
5	0
0	0
0	0
9	0
226	0
2	23
2	0
2	0
1	1
0	5
1	0
18	0
2	0
2	0
1	0
3	1
0	6
1	0
5	7
14	15
0	0
1	0
1	0
1	0
19	4
13	0
52	85
12	0
13	0
16	0
14	0
4	14
13	0
2	0
5	0
0	0
10	0
79	28
0	1
1	0
1	0
7	0
3	0
9	0
6	0
0	2
7	78
8	0
1	0
8	3
10	84
3	0
1	3
0	1
7	0
1	0
0	0
2	1
0	0
1	0
8	0
3	0
0	39
7	9
0	0
18	0
10	3
0	0
0	17
5	0
4	1
0	0
0	0
1	4
9	0
8	2
2	0
3	2
0	0
1	0
1	9
2	0
2	2
2	0
12	0
2	3
1	0
4	1
2	0
0	14
9	0
0	2
2	0
3	0
0	1
2	0
2	0
0	1
0	0
5	0
4	0
3	0
0	0
2	0
2	8
7	0
0	0
12	0
2	0
0	0
5	0
0	0
1	0
5	8
4	0
3	0
0	0
11	3
1	19
23	0
4	3
0	0
0	0
2	0
8	3
14	2
11	1
8	0
0	0
3	0
0	0
7	0
3	4
1	0
22	0
5	0
4	0
0	0
0	1
10	0
2	45
3	0
37	0
83	20
7	0
11	0
8	0
5	0
5	16
1	3
0	1
1	14
0	3
22	5
5	0
2	0
8	1
6	0
0	4
1	0
2	0
13	2
2	3
0	99
11	0
4	3
2	0
27	0
16	0
0	8
15	7
5	7
1	2
1	31
0	45
0	0
0	31
5	20
1	2
0	0
0	0
1	0
3	0
3	0
1	0
0	18
1	0
7	0
3	0
0	0
10	0
0	1
1	0
1	0
97	4
0	0
176	0
0	0
4	0
47	0
14	12
1	0
1	3
3	0
2	0
0	9
0	0
13	9
4	3
9	0
7	1
17	0
0	8
27	3
0	1
1	4
1	3
0	14
11	0
0	208
4	8
13	0
27	0
12	32
11	0
7	0
3	0
0	0
4	0
0	8
8	0
0	8
0	0
2	0
2	35
1	1
0	0
0	10
2	0
4	0
1	0
4	0
4	7
6	0
0	21
25	0
29	6
1	0
0	0
3	0
1	7
3	1
15	10
5	3
10	2
23	0
12	0
0	4
1	0
2	7
1	0
0	0
15	9
1	0
1	0
1	0
6	1
15	0
3	0
1	7
0	11
2	0
3	13
4	0
0	2
0	0
1	0
5	0
0	10
25	37
3	0
1	0
21	0
0	0
0	0
1	0
3	0
1	12
2	9
0	0
0	6
39	0
21	0
5	0
8	4
1	0
0	0
1	28
16	0
15	0
41	0
8	0
5	0
11	2
1	0
0	8
1	16
4	1
0	34
1	0
29	13
0	0
2	19
2	0
0	13
1	0
5	23
18	0
0	0
0	25
2	21
1	8
4	2
7	5
1	0
0	0
8	9
6	0
40	0
0	1
5	13
31	12
0	11
0	1
5	0
1	0
0	3
3	6
11	1
5	26
0	10
2	9
27	0
10	0
4	0
8	0
1	0
0	0
10	0
10	0
0	2
8	0
2	0
2	13
0	0
2	0
7	0
5	8
1	0
6	0
13	0
20	0
2	0
1	0
2	0
0	0
1	2
11	0
2	2
3	0
16	0
2	1
9	21
1	50
1	0
8	0
0	12
6	5
1	8
0	0
4	20
2	1
4	0
14	0
0	0
0	0
3	4
7	17
4	7
0	0
2	9
0	0
1	0
3	0
2	35
3	0
0	0
4	0
3	6
2	0
4	0
3	0
4	3
2	0
2	12
0	0
1	0
1	4
0	21
0	0
7	1
0	0
0	0
1	0
5	12
2	0
1	0
12	3
1	4
1	9
1	0
10	0
0	2
3	0
0	0
3	0
1	0
4	45
4	8
1	0
4	6
1	0
2	23
34	1
3	0
0	0
1	0
1	0
0	1
4	9
1	33
9	5
10	0
1	0
8	0
0	6
0	0
1	0
4	2
6	0
0	8
5	0
6	0
18	0
0	0
5	47
1	1
8	0
0	2
3	0
5	0
4	13
8	0
5	0
0	0
2	0
4	0
1	1
0	0
12	2
1	42
7	0
0	0
0	3
2	0
1	0
68	0
491	0
3	4
4	0
14	0
2	0
5	0
1	0
1	0
7	0
4	6
9	2
3	0
0	0
8	0
9	0
0	0
2	1
9	1
0	0
4	0
1	0
3	0
3	9
5	0
8	46
3	0
2	1
6	0
0	4
0	0
0	0
3	0
1	7
2	0
4	0
7	0
0	12
2	0
1	0
0	12
0	8
3	0
4	8
0	0
0	0
2	0
1	0
0	26
0	1
1	0
6	9
0	0
3	1
6	0
13	0
31	94
22	0
0	32
5	0
4	9
7	0
1	0
1	0
3	0
5	0
9	8
12	14
2	5
8	0
12	12
4	0
2	38
3	0
0	3
3	0
7	0
5	0
3	0
1	0
0	0
0	0
2	2
11	0
6	1
0	31
6	0
8	0
4	0
0	11
0	0
0	0
4	0
6	0
6	0
2	0
5	0
3	47
2	0
14	0
4	0
2	1
1	0
2	4
2	0
42	0
10	0
1	0
3	0
3	0
5	105
6	0
8	7
4	0
4	0
3	0
2	0
2	0
0	6
0	0
15	0
12	1
2	0
1	0
16	0
4	0
1	0
9	1
5	8
1	0
5	0
3	0
4	0
1	3
6	0
0	0
15	36
5	2
2	1
2	0
96	161
2	0
0	2
2	0
3	0
15	0
1	12
1	0
4	0
4	0
22	0
3	3
5	0
1	0
1	0
3	2
0	1
1	1
20	0
3	0
2	0
0	0
0	22
0	0
7	0
9	4
1	0
0	0
9	0
2	0
0	0
3	2
2	14
10	5
0	6
19	0
4	0
0	11
21	0
8	0
5	12
3	0
2	9
0	0
0	57
0	0
4	0
5	0
21	0
1	0
1	9
9	0
16	1
1	0
0	11
1	2
0	19
1	0
0	5
0	1
5	0
0	1
0	0
2	7
8	0
0	0
0	0
0	0
30	0
0	0
8	0
1	4
0	0
9	0
1	0
2	0
1	0
1	0
1	0
15	0
16	1
5	0
2	0
4	0
1	0
3	0
15	0
1	11
0	26
3	1
5	61
5	1
74	28
0	0
6	0
3	0
11	0
4	8
11	37
0	0
3	0
125	0
1	10
8	0
6	1
6	0
0	15
1	0
24	2
10	0
6	0
4	0
15	0
2	0
26	0
4	0
9	51
6	0
1	5
0	0
0	5
37	3
1	0
2	0
5	0
12	0
8	0
1	0
13	0
4	1
1	5
5	0
0	0
0	0
4	0
0	0
2	13
1	0
0	0
3	0
5	0
0	0
1	0
0	0
0	1
0	19
3	0
1	0
8	1
11	0
1	0
3	0
0	0
1	0
2	0
1	0
2	6
9	0
15	0
0	0
13	0
0	0
1	0
1	0
0	2
13	0
1	0
0	3
3	2
0	4
0	0
4	0
2	1
10	0
8	88
0	4
16	8
12	3
0	0
4	0
0	0
16	10
1	8
0	4
1	12
5	5
0	6
0	48
0	32
0	13
2	7
2	0
20	2
6	10
0	3
0	0
2	0
7	0
4	0
2	0
5	0
3	0
2	0
0	0
0	0
3	0
1	0
1	0
6	0
13	0
0	0
1	58
41	17
11	0
1	5
4	0
7	0
3	0
4	0
113	0
0	0
1	17
1	0
8	0
0	0
4	10
20	26
0	0
11	0
0	0
0	29
0	0
15	0
1	0
10	1
7	50
0	0
18	0
31	9
13	0
23	0
15	0
4	2
13	0
10	0
3	0
0	3
0	3
3	0
0	0
1	0
1	0
4	12
3	0
3	1
2	0
19	5
2	0
3	1
0	0
0	0
10	0
1	13
7	0
1	0
3	0
6	9
6	0
3	22
4	0
3	0
1	2
3	0
0	0
12	2
3	0
4	48
12	0
0	0
0	0
0	4
9	0
1	1
1	0
0	1
1	0
4	0
14	1
0	0
6	0
0	0
12	0
2	0
0	5
3	0
3	0
4	18
1	0
3	1
24	0
3	0
1	0
2	0
0	0
1	0
1	0
2	0
0	47
0	8
6	1
0	14
1	0
0	0
11	0
1	69
0	0
1	0
2	0
6	2
1	0
4	0
1	0
1	0
6	0
0	0
1	0
6	0
3	12
11	18
3	80
3	0
1	0
2	3
1	0
12	1
0	0
8	0
2	4
1	0
10	0
10	5
0	0
0	8
6	29
10	1
0	0
1	0
5	8
1	0
8	0
0	13
9	33
6	0
3	0
5	2
1	0
10	0
0	0
13	0
4	0
4	5
2	0
2	0
14	0
1	0
3	0
0	0
0	0
0	0
10	0
0	0
12	38
2	0
0	0
2	2
2	0
0	0
6	9
0	70
0	2
1	0
1	0
8	0
7	7
1	0
5	0
3	0
5	22
4	0
10	1
2	0
21	1
8	2
5	0
0	0
9	3
0	5
2	0
0	0
6	2
0	0
18	0
8	1
4	0
158	49
0	0
5	2
2	0
4	0
1	5
3	0
4	15
0	1
3	0
6	0
1	41
0	1
5	0
2	27
0	7
3	0
1	0
10	0
3	0
1	0
5	0
0	8
127	63
7	0
1	29
0	15
0	7
0	1
2	0
9	7
10	0
31	0
7	0
5	0
2	0
4	0
3	0
9	4
1	3
7	0
2	0
2	0
2	0
5	0
0	46
7	56
0	2
96	6
7	0
1	1
17	0
3	0
10	0
10	0
4	0
14	3
4	7
2	38
6	0
10	0
1	1
18	1
9	0
0	77
4	40
2	0
0	0
0	232
0	0
0	0
7	0
1	0
4	17
6	0
4	0
17	2
2	6
15	23
1	41
0	79
2	2
0	213
6	10
1	0
18	2
1	0
0	0
3	0
5	18
0	0
0	22
0	0
9	16
2	0
0	0
56	8
3	13
0	0
4	15
0	0
7	0
0	1
5	0
1	0
5	19
0	26
0	0
0	33
2	3
6	0
10	5
2	0
11	5
0	0
1	0
0	0
0	5
2	0
0	46
0	7
0	6
0	6
126	66
259	506
19	6
0	9
3	10
1	0
0	0
3	0
1	0
7	59
5	2
7	0
0	0
1	0
1	0
0	0
24	0
4	0
4	0
4	0
0	28
0	0
23	72
2	0
18	23
1	0
95	27
0	25
2	0
6	0
3	0
5	11
0	0
2	27
1	0
18	0
1	0
1	0
2	0
30	0
2	0
3	0
6	1
7	0
0	9
14	23
1	3
3	0
2	0
3	0
4	0
0	0
7	16
31	1
1	0
6	0
7	0
3	82
1	0
42	1
13	0
1	2
11	0
2	0
1	0
8	0
15	1
2	57
26	0
9	0
6	1
18	0
2	0
5	0
6	95
4	18
1	0
3	3
15	2
0	0
18	0
0	0
2	15
0	0
4	1
0	0
5	0
7	0
1	1
0	0
2	1
1	0
0	0
2	0
4	4
195	27
15	4
4	0
34	25
11	0
0	7
1	0
2	0
390	0
2	0
0	1
6	0
0	0
1	0
3	31
4	0
7	0
4	0
2	0
3	0
9	0
10	0
1	0
1	1
8	0
8	0
6	0
1	0
1	0
1	0
0	3
4	56
1	0
0	0
0	6
0	42
4	0
0	0
1	0
0	0
3	4
3	8
8	35
2	0
1	6
5	175
3	1
2	11
3	0
0	0
1	11
20	63
0	20
10	8
0	4
0	63
120	13
0	11
0	0
5	0
3	0
2	0
20	0
13	186
59	0
15	19
6	10
0	0
5	0
4	0
0	0
2	0
0	0
10	6
0	23
15	11
0	0
22	0
6	0
0	0
0	0
16	0
20	3
0	0
2	0
0	0
0	0
6	1
0	0
1	0
9	0
0	2
12	0
0	0
13	0
0	0
4	0
33	0
29	0
2	3
9	2
7	0
9	0
3	0
0	27
2	0
2	0
22	0
0	102
2	3
0	0
0	0
7	0
4	2
3	1
3	0
1	3
4	9
3	0
0	44
6	0
2	53
0	2
0	0
10	0
8	25
0	13
2	1
16	1
24	7
3	0
0	6
0	2
1	0
1	11
12	1
1	0
0	0
0	0
0	0
6	0
1	1
31	0
40	23
1	25
8	3
1	8
169	0
1	0
0	6
3	3
16	0
6	0
8	1
5	0
46	123
9	8
0	62
399	637
4	0
45	0
1	0
2	4
1	0
17	0
2	0
1	3
4	0
0	0
5	0
10	0
0	4
2	0
1	36
0	22
0	21
1	0
1	2
0	0
7	0
1	8
35	1
3	9
1	1
5	3
6	4
1	0
5	1
1	0
1	0
1	0
14	0
7	2
7	0
4	0
16	0
2	0
0	0
2	0
2	0
22	0
4	0
7	0
13	2
4	0
14	0
7	0
0	0
2	0
5	0
0	0
75	0
0	1
1	0
3	0
2	0
0	32
4	0
4	0
0	0
9	1
0	4
1	1
0	0
0	0
9	0
12	27
2	0
3	0
0	0
2	0
5	0
1	0
5	11
12	0
27	14
0	0
1	0
2	0
1	0
1	78
5	0
8	1
4	0
0	0
2	0
1	0
0	0
2	1
11	0
2	0
4	11
1	3
0	0
2	0
5	0
4	0
0	0
0	0
13	0
1	0
0	8
0	0
7	1
11	7
5	0
1	3
4	44
43	47
4	9
18	2
5	1
4	0
0	18
4	24
0	13
9	2
10	0
8	0
1	0
6	0
16	0
4	13
13	0
7	0
7	0
61	0
9	1
1	3
10	0
6	0
4	17
24	0
4	15
8	0
0	0
7	0
8	3
0	39
19	1
0	0
0	0
0	4
1	0
2	0
0	0
4	0
16	78
0	55
0	10
1	39
0	0
1	0
234	317
13	10
0	5
0	69
1	0
4	0
22	34
8	63
5	0
1	0
24	0
0	46
78	543
0	0
0	0
98	120
0	0
4	1
1	0
11	11
0	10
5	0
3	0
46	0
8	0
5	9
15	35
12	7
43	0
5	2
0	0
0	4
9	0
7	1
0	11
0	0
6	8
0	28
0	0
9	1
0	18
3	0
8	0
9	5
1	2
1	0
0	14
0	0
3	14
15	0
8	0
4	88
14	10
6	1
5	33
14	0
10	4
0	0
4	2
1	0
19	10
0	1
0	23
0	0
11	0
0	3
8	1
7	57
1	0
6	0
4	0
2	0
0	0
3	14
1	0
8	0
2	0
3	0
12	0
0	0
27	3562
10	6
1	0
13	0
0	14
9	0
24	8
19	35
3	0
0	2
7	9
7	0
106	0
1	0
3	0
2	1
5	0
11	21
8	0
13	1
10	0
6	5
7	207
5	1
46	0
3	0
0	48
0	13
14	11
0	79
1	0
1	4
8	0
0	1
15	93
167	79
0	18
18	3
15	0
4	31
1	0
4	0
2	1
1	0
0	28
0	8
3	0
0	3
3	0
5	59
0	0
1	1
15	161
13	0
0	38
2	70
0	7
4	0
0	4
4	1
7	38
8	0
1	0
2	0
8	2
0	48
6	3
8	0
0	0
1	1
6	0
0	2
1	0
0	23
13	21
16	8
517	1885
8	6
1	22
0	80
3	0
1	10
3	1
0	0
0	27
0	53
2	0
2	0
0	0
8	0
8	0
1	0
1	3
5	16
358	10
1	0
2	0
7	0
36	0
50	1
6	9
4	0
10	0
8	0
0	1
0	0
0	4
3	1
0	51
4	0
1	0
0	0
1	1
0	3
15	0
5	2
4	1
0	0
0	0
0	0
11	0
1	1
0	0
8	12
3	0
1	1
3	0
7	0
5	5
4	0
1	0
9	0
1	0
4	4
1	0
7	27
16	0
1	12
2	2
18	0
19	0
1	5
15	1
6	0
3	0
1	0
5	0
0	0
4	0
12	4
3	0
8	35
5	0
1	0
2	0
2	0
0	0
11	0
0	8
0	0
28	23
1	0
1	1
7	0
4	1
9	7
5	100
0	0
11	0
1	0
1	0
157	0
3	0
10	0
6	0
2	0
1	0
223	0
0	0
7	0
0	0
2	0
10	0
13	0
7	0
3	0
12	0
35	0
0	0
0	79
6	0
0	2
11	12
3	1
14	0
3	0
1	0
0	0
9	0
20	0
0	0
2	0
4	41
0	0
3	1
3	0
0	0
4	4
3	35
1	0
1	0
1	0
3	0
1	0
2	3
5	2
2	0
5	0
0	0
4	0
4	5
0	3
4	1
0	110
2	0
0	0
0	0
0	0
0	0
9	0
2	0
6	0
2	1
1	0
0	5
4	13
5	0
10	13
22	38
2	7
2	8
1	0
0	0
3	0
2	17
1	2
6	1
0	1
0	12
23	3
0	5
0	9
3	12
1	0
2	0
7	0
8	1
5	0
9	12
10	0
5	0
4	0
7	0
9	0
40	0
10	0
1	0
4	11
4	0
4	0
0	0
4	1
1	0
10	0
4	29
7	4
0	72
12	0
3	0
0	0
8	4
4	0
1	0
5	8
3	1
16	0
0	0
0	0
6	0
4	0
6	0
12	2
4	0
0	0
2	0
0	0
20	0
2	1
7	1
5	0
5	0
4	0
1	0
2	0
0	0
22	0
66	18
8	0
3	0
1	33
5	0
0	4
28	0
118	38
5	2
5	0
1	0
4	0
0	0
6	0
1	5
2	6
1	0
1	2
5	0
4	0
9	0
9	30
4	1
17	2
8	4
0	0
0	2
2	2
4	50
0	34
299	420
3	30
12	0
1	0
22	45
0	2
3	0
1	15
0	0
0	0
0	2
0	10
26	0
0	26
7	43
2	3
5	3
0	0
0	0
1	0
2	0
3	19
5	0
6	0
0	6
3	0
1	0
3	0
1	0
15	7
0	0
2	10
0	1
2	2
1	0
12	0
0	0
4	16
1	0
0	10
5	2
0	17
2	0
11	1
2	14
0	16
5	175
0	0
3	0
0	0
1	4
0	0
4	0
0	0
7	0
5	37
2	0
2	17
0	0
6	1
1	0
0	0
0	9
2	0
9	0
15	0
2	0
0	11
8	4
2	0
18	0
6	0
1	0
0	17
9	0
10	2
1	0
2	0
5	1
3	1
4	1
13	10
0	0
22	0
2	7
9	0
0	0
0	16
3	0
0	0
45	3
0	0
1	0
3	21
0	18
1	0
11	0
6	0
0	4
2	0
1	0
0	21
3	0
2	0
5	2
25	0
16	0
22	0
5	3
6	0
17	7
10	0
0	0
3	0
11	0
129	12
8	1
0	0
11	0
14	0
0	51
16	0
0	9
7	15
0	1
1	0
0	0
0	0
4	0
2	0
0	10
9	0
4	0
0	0
0	0
0	0
1	0
2	0
12	0
7	0
10	31
9	0
0	0
8	0
1	37
4	0
2	0
14	0
0	0
0	0
3	0
4	25
3	0
1	254
21	3
1	0
4	0
10	1
1	4
1	2
18	6
3	8
0	0
3	0
2	0
2	19
6	0
0	22
0	84
0	47
0	1
1	0
2	0
10	7
10	1
1	0
0	5
0	0
3	0
10	0
13	1
1	6
3	11
1	2
0	0
12	1
5	0
4	0
2	8
2	70
5	1
0	10
0	1
3	0
2	0
0	0
0	1
4	23
0	25
6	35
0	0
0	25
1	5
4	5
0	0
2	1
3	0
4	0
0	6
3	0
45	22
12	13
1	0
1	3
1	5
0	7
2	0
10	21
2	0
0	7
5	0
2	0
0	0
19	8
4	1
1	19
1	14
5	0
0	10
0	0
0	0
8	0
13	0
2	0
3	0
50	0
1	0
9	10
2	0
2	0
8	0
2	6
0	1
1	73
0	0
1	0
5	4
10	6
4	0
1	4
15	0
6	0
7	0
0	9
0	1
32	3
1	0
0	13
17	28
0	5
6	0
6	0
1	3
2	0
0	10
6	0
6	0
40	0
20	1
1	10
2	0
2	0
0	0
1	0
7	0
10	0
2	21
12	26
1	0
35	6
0	16
0	0
2	0
0	5
8	0
11	0
0	0
2	17
15	0
0	2
25	0
3	7
2	0
0	0
3	15
2	1
0	2
0	0
2	0
1	2
15	1
6	8
2	0
7	0
0	0
5	2
5	13
0	0
8	1
0	0
3	0
2	8
0	10
6	91
26	0
5	0
49	0
0	0
33	33
15	7
1	0
8	14
2	14
0	9
2	0
4	0
1	2
4	0
2	0
10	12
1	0
10	37
52	0
14	0
1	4
0	0
1	0
11	0
3	8
7	0
1	0
3	12
7	12
3	0
1	0
3	2
8	19
0	1
5	1
0	1
6	6
7	0
10	0
2	0
0	6
8	0
3	7
1	0
9	0
5	0
2	0
9	0
9	1
1	0
0	0
3	10
32	0
0	6
8	0
26	4
4	86
3	1
17	1
12	0
113	169
0	0
0	0
1	0
4	0
7	7
4	0
8	11
39	0
4	0
2	0
1	53
4	0
2	0
5	91
0	0
1	0
2	0
1	9
1	10
0	0
0	0
2	1
1	0
5	0
6	0
0	0
13	0
0	3
173	0
8	15
5	0
1	0
4	3
1	0
1	16
1	0
0	18
10	7
0	0
4	13
2	0
1	32
0	1
3	0
2	3
8	0
7	0
1	0
1	6
2	23
13	0
3	0
5	21
2	0
0	0
0	0
3	0
7	3
1	0
0	0
9	0
0	0
5	0
3	0
9	1
6	0
2	1
1	2
0	16
0	1
17	0
2	0
1	6
0	0
12	18
9	0
227	8
0	0
7	13
9	1
7	0
3	0
1	0
4	12
1	0
11	3
8	0
9	1
0	0
11	13
0	15
0	0
0	0
4	0
1	0
2	0
2	0
90	21
12	0
7	1
6	0
0	27
0	0
0	7
11	0
8	0
10	3
6	0
1	0
2	0
3	0
9	0
4	0
2	4
2	0
0	4
2	0
15	0
0	0
3	0
0	1
3	34
7	0
16	0
9	0
0	0
4	0
0	127
15	14
0	0
5	0
3	0
0	0
8	0
2	0
1	3
0	0
7	1
2	0
6	10
2	0
328	0
0	21
46	6902
1	6
0	0
6	0
2	0
7	0
4	0
0	13
3	0
2	0
0	0
0	32
8	0
1	2
1	0
1	1
4	11
9	0
6	0
0	0
1	0
4	0
1	0
2	11
10	0
1	2
1	0
1	0
2	0
12	0
2	0
1	0
12	1
0	7
1	0
5	0
0	0
4	0
4	3
4	0
0	1
0	0
6	0
4	0
62	0
1	0
0	259
2	1
0	0
18	5
0	1
2	0
0	58
0	0
0	4
0	0
16	5
49	59
11	0
7	0
8	0
244	105
4	1
2	0
2	0
5	0
8	7
5	0
11	0
7	0
1	0
0	0
1	0
0	0
0	17
334	185
0	46
5	0
0	0
8	0
0	69
0	0
10	3
5	0
2	0
5	0
51	0
7	0
2	0
2	0
3	0
0	0
22	1
16	18
1	6
7	0
8	0
3	0
10	58
26	4
3	0
24	543
1	59
4	0
3	0
31	4
293	0
7	3
2	0
1	47
9	0
9	8
200	192
3	0
11	0
2	0
0	0
1	2
7	4
17	0
1	0
3	0
0	0
12	43
2	3
1	0
1	0
33	0
6	0
1	0
7	0
0	0
11	0
22	0
5	0
0	0
2	0
3	84
0	0
0	0
11	0
3	0
1	0
3	0
0	4
9	0
7	0
3	0
0	0
1	8
9	11
0	0
10	0
0	0
4	0
1	0
2	0
4	0
12	3
1	2
8	0
10	0
0	0
0	0
2	48
1	0
7	0
0	0
2	0
0	0
0	1
3	0
2	0
1	0
0	0
1	0
1	0
19	0
0	0
3	0
0	0
1	0
4	0
0	0
4	0
1	0
27	7
0	2
0	37
15	0
4	0
1	130
1	5
4	0
4	0
1	0
4	25
12	5
0	0
2	0
0	5
0	1
22	0
3	3
19	4
0	0
0	0
0	1
0	0
17	0
0	0
0	0
13	0
0	0
5	0
13	0
22	0
16	4
0	0
8	0
2	1
2	0
11	0
15	0
0	1
19	0
15	1
4	0
1	0
2	0
1	3
8	2
0	29
2	0
3	0
3	0
1	5
4	4
1	0
0	0
8	0
0	0
6	0
15	0
2	0
15	11
0	0
16	0
0	0
0	4
14	0
5	0
8	7
5	0
0	10
0	0
1	0
0	0
4	4
0	2
6	0
0	0
2	0
132	0
0	0
0	0
12	0
9	0
10	0
0	5
4	8
10	0
0	0
0	2
3	78
6	4
39	2
0	11
0	0
8	2
3	0
4	0
0	0
7	0
6	1
7	1
4	3
5	0
0	0
36	8
13	1
3	0
0	0
0	4
25	0
3	17
1	0
3	1
2	0
3	1
4	0
3	0
6	15
3	0
6	4
40	13
1	4
4	0
1	0
1	0
0	4
6	2
0	4
6	0
1	0
1	1
5	12
2	0
0	0
0	0
9	13
14	0
3	0
0	1
0	0
1	0
2	11
1	0
2	0
32	0
0	0
6	2
0	0
2	6
0	0
1	0
0	0
0	7
3	0
22	1
21	0
71	129
11	0
1	0
6	0
11	0
23	0
5	0
0	0
6	8
0	25
23	20
129	47
0	0
2	4
3	0
1	0
0	0
1	2
10	4
41	5
1	0
4	0
1	19
5	0
0	4
11	25
31	4952
11	0
0	9
13	8
3	0
1	0
0	3
8	0
13	3
1	13
2	2
0	1
5	18
0	1
2	117
1	0
0	11
8	0
0	0
2	0
1	0
3	0
22	5
4	145
8	0
0	12
81	0
7	0
9	0
0	57
6	0
1	0
5	0
6	0
52	0
1	0
15	1
6	21
2	0
2	0
2	0
15	31
0	2
11	8
2	0
2	1
16	13
26	9
0	0
1	15
0	0
0	7
10	28
0	14
2	0
7	0
19	0
0	3
0	9
17	22
0	1
10	2
1	3
22	0
7	0
1	19
0	0
1	0
31	0
0	0
12	75
0	0
11	75
15	0
6	6
1	0
0	0
203	215
10	0
2	0
158	251
111	37
26	6
14	1
4	0
35	109
1	0
10	0
2	0
4	0
1	0
5	0
1	0
1	0
0	0
18	1
5	0
0	0
1	0
2	8
10	0
7	0
0	0
2	0
14	0
6	0
29	36
3	0
0	3
7	1
15	2
4	2
5	0
0	0
9	0
3	0
3	2
9	0
1	0
1	11
3	12
7	10
10	3
10	1
189	0
19	0
0	0
2	0
0	1
22	0
6	0
0	0
2	0
8	0
79	28
6	0
0	0
1	0
0	0
3	0
7	0
20	0
11	0
6	19
2	2
1	15
2	0
3	7
2	0
2	0
0	66
0	3
1	0
2	9
0	0
3	16
0	2
14	3
2	0
2	0
11	0
4	0
0	0
12	0
0	0
0	1
3	3
0	1
3	0
4	0
3	0
8	67
3	0
1	0
2	0
1	0
3	0
74	223
2	1
1	31
3	2
0	15
15	7517
7	2
2	0
0	33
1	3
6	45
0	0
0	3
16	0
2	0
3	0
9	0
13	45
2	0
5	0
5	0
12	194
2	0
20	5
1	0
9	3
1	0
0	5
8	4
5	13
0	3
2	3
5	10
11	7
2	8
5	0
35	0
0	4
4	0
1	0
0	29
1	22
1	28
1	4
13	0
28	5
11	0
57	1
0	0
1	0
4	11
1	0
1	0
0	47
9	1
8	0
0	0
5	0
3	0
0	4
0	7
7	1
14	0
59	4
0	258
12	0
8	4
2	0
9	22
2	0
11	0
2	0
27	50
10	0
2	0
11	21
6	0
27	0
3	0
4	1
68	0
8	5
1	0
0	1
4	0
13	0
181	0
4	3
4	14
0	9
7	15
9	0
57	45
3	2
0	16
9	0
0	4
0	1
5	0
26	6
0	1
38	8
7	2
0	0
12	0
22	0
0	0
0	0
6	22
40	1
0	0
1	0
24	13
8	0
1	0
0	0
1	0
21	0
8	0
1	0
87	0
5	0
0	0
2	40
0	0
0	12
0	0
9	4
5	8
10	13
13	0
4	0
0	0
3	1
3	0
1	1
8	1
0	0
3	0
2	0
3	12
0	1
0	0
7	0
1	0
1	0
4	0
14	0
16	11
2	0
2	0
13	7
2	2
2	0
23	5
0	0
13	2
0	0
240	7
11	0
3	0
11	0
5	0
8	2
2	0
8	0
5	0
0	0
6	3
9	0
1	0
4	16
2	0
0	1
4	0
0	0
13	0
0	1
5	0
0	2
2	1
13	0
7	0
14	0
6	0
0	0
3	0
7	0
0	0
9	33
2	0
0	0
12	0
31	2
9	3
5	0
6	6
0	0
8	0
2	0
10	75
1	0
11	4
2	0
0	0
0	7
1	2
1	0
1	0
4	0
13	0
5	0
0	0
2	4
9	0
21	0
15	1
4	0
0	0
1	0
2	0
10	2
4	0
13	4
0	5
3	36
3	5
0	2
2	0
5	2
5	7
0	1
0	38
12	0
20	3
1	0
0	56
15	12
4	7
3	0
0	17
0	7
3	4
5	0
164	0
17	320
1	0
14	18
12	0
0	64
1	0
4	0
12	0
0	50
4	0
15	0
0	2
0	1
7	0
5	4
1	2
0	0
7	0
3	0
6	1
0	16
0	3
3	0
0	2
13	50
2	0
0	7
7	0
1	0
12	0
9	0
79	0
3	0
0	0
11	0
0	0
0	0
1	19
7	35
7	2
7	0
6	0
16	0
2	0
1	4
5	0
2	7
0	0
3	0
2	5
12	0
0	1
2	0
10	0
1	0
12	1
4	0
5	0
3	0
2	0
31	0
5	0
1	0
1	0
1	3
3	6
1	0
8	1
3	0
4	0
4	0
9	0
10	0
0	39
2	0
11	0
2	0
4	0
0	0
11	0
3	0
0	0
5	0
1	0
6	0
15	60
4	0
1	0
0	18
42	2
4	0
11	1
0	2
0	0
0	5
2	35
1	0
0	1
2	0
3	7
1	0
8	0
0	3
8	1
7	8
0	0
1	0
0	0
47	0
1	0
4	16
17	17
1	0
6	8
6	6
13	0
5	0
0	0
0	3
0	0
13	0
15	16
0	5
1	7
9	0
3	0
10	22
19	0
0	0
1	24
0	18
1	1
0	0
1	0
7	0
3	0
0	0
3	0
1	0
12	2
18	3
1	0
7	0
33	9
21	0
0	6
1	0
10	0
10	0
14	0
1	0
1	0
0	0
16	0
0	0
0	0
6	0
9	10
2	1
17	0
0	0
0	0
3	0
17	0
4	0
1	1
2	0
1	0
1	2
3	0
0	0
0	0
15	0
2	0
0	4
9	0
11	1
3	0
2	0
3	0
6	2
0	1
4	0
9	0
5	0
4	0
1	0
5	0
0	12
6	0
4	0
1	0
0	0
9	0
0	1
10	0
0	2
4	0
1	38
2	0
11	0
0	0
0	0
1	0
0	0
0	13
4	17
0	2
10	0
3	1
5	1
14	0
15	6
8	7
10	0
13	6
0	7
56	0
0	0
6	12
17	24
3	0
10	0
0	55
4	8
23	0
4	3
0	0
40	15
8	0
3	0
0	0
4	2
3	0
1	0
0	0
7	0
6	0
0	0
4	0
5	0
5	23
100	0
22	11
4	2
9	6
48	0
2	0
6	0
18	11
3	5
1	22
1	0
2	0
8	0
3	0
5	6
21	0
8	0
3	5
7	0
4	0
112	14
2	0
0	7
6	16
3	14
9	2
16	42
1	1
2	0
0	0
5	4
0	1
104	3
0	25
87	52
1	0
15	0
0	2
6	0
6	0
3	0
11	3
2	0
2	1
2	1
2	0
7	0
1	0
6	27
0	6
3	0
3	0
8	1
4	17
2	0
1	0
244	69
54	0
1	0
4	0
13	0
1	0
10	2
0	0
15	0
1	59
2	11
3	0
1	0
0	0
14	29
4	0
2	0
2	12
1	0
16	0
4	0
3	0
13	0
15	0
0	0
10	0
1	0
3	0
3	120
2	0
10	2
2	0
0	0
12	0
0	0
1	0
7	4
13	1
0	0
0	0
0	19
0	0
0	1
0	4
0	5
0	4
0	0
3	0
0	0
2	0
10	0
0	0
8	0
6	0
0	0
0	0
4	0
61	0
7	0
0	0
2	0
1	0
32	0
18	0
77	0
19	0
2	0
1	0
10	0
6	0
0	0
92	0
3	0
0	0
1	0
2	0
0	0
3	0
9	0
10	0
5	0
4	0
1	0
3	0
1	0
54	0
0	0
7	0
4	0
25	0
0	0
34	0
0	3
41	12
0	11
0	12
0	11
5	0
3	1
0	1
0	0
7	0
0	3
3	3
1	0
0	24
0	23
1	0
563	0
1	2
2	2
1086	187
0	17
22	20
0	0
4	0
83	114
0	114
3	1
0	1
20	113
0	21
4	166
0	122
4	0
0	0
1	1
0	0
2	0
21	3
0	3
0	1
0	5
0	5
0	5
0	5
0	5
0	5
0	5
0	3
1	1
0	1
114	36
589	36
2	0
3	0
2	35
32	3
3	174
1	17
0	10
5	17
0	1
0	1
1	0
2	0
38	14
0	13
404	100
0	95
71	0
54	183
0	142
9	159
0	16
2530	54
0	8
4	36
29	0
2	0
744	6
0	6
3	0
9	0
6	6
0	6
5	22
0	13
17	83
0	4
6	13
61	2438
0	2444
32	100
0	20
5	0
1	0
0	0
6	1
1	1
2	3
2	3
0	7
30	29
1	0
0	2
0	27
0	27
60	27
19	6
0	6
8	36
16	0
217	41
0	32
5	18
0	5
4	1
1	2
0	2
142	10
2	30
0	30
0	12
0	12
9	1
12	3
0	3
1	181
0	273
0	106
0	113
0	0
9	7
0	7
3	6
0	88
0	12
11	1
17	3
25	0
11	1
3	1
1	28
1	28
0	0
0	19
1	0
0	0
0	0
10	27
0	26
252	122
0	17
0	137
1	2
0	2
0	0
20	0
10	1
0	1
0	4
1	4
419	32
0	32
13	11
0	11
5	0
7	9
0	3
0	15
1	15
0	2
9	3
1	3
4	11
0	2
2	3
0	9
18	9
14	1
1	1
0	1
3	5
0	5
3	172
2	0
0	4
0	4
2	2
0	2
0	34
0	25
0	34
2	0
74	0
5	8
0	8
25	0
18	1
0	1
0	3
0	3
0	19
4	18
3	58
0	50
5	0
4	16
1	1
4	1
10	8
0	8
0	40
14	14
0	14
4	119
11	119
0	19
10	94
0	47
9	0
0	0
0	3
0	2
0	3
0	40
0	18
0	26
10	37
0	34
11	4
0	4
0	3
0	3
2	1
2	0
10	6
0	6
0	1
120	55
454	70
0	5
0	19
0	2
2	2
0	76
19	10
1	6
0	5
2313	17
3	5
0	4
76	14
0	1
0	1
0	1
9	0
133	6
0	1
4	0
0	3
0	0
0	3
33	2
2	3
9	5
0	5
4	1
0	3
3	2
1	4
0	4
2	9
0	9
10	0
6	4
0	4
11	0
0	0
1	0
2	7
0	6
0	19
3	6
3	6
0	4
0	4
0	34
1	0
38	10
0	7
0	10
1	4
7	10
132	81
27	134
0	47
0	38
0	0
0	43
3	0
3	1
4	9
0	1
3	6
4	1
343	1
0	32
2	1
18	4
23	1
1	1
0	197
0	80
0	11
0	22
7	18
0	2
1	4
0	4
0	21
0	6
25	5
1	0
20	160
0	22
27	14
0	14
3	63
0	63
0	8
0	3
0	0
0	0
3	7
0	24
7	11
0	11
19	0
0	10
0	4
0	2
12	2
1	12
11	13
50	2
50	1
1	31
0	31
8	0
8	21
0	21
16	0
4	26
0	27
8	12
0	0
44	2
0	2
18	6
0	6
0	1
0	17
0	1
8	0
5	10
0	9
1	5
0	3
27	0
0	0
0	0
0	0
1	11
0	11
1	37
0	37
1	0
3	0
0	11
0	11
0	0
14	77
0	76
0	75
111	27
3	25
3	0
0	0
4	6
0	6
34	13
0	0
7	2
0	2
0	26
0	19
8	0
0	0
26	1
2	31
0	31
25	3
0	3
60	221
0	80
1	0
34	0
0	1
3	1
9	8
15	12
0	6
12	16
0	16
25	3
0	3
9	0
9	5
0	1
1	2
4	3
0	33
0	3
10	10
0	10
0	2
6	2
201	43
0	1
7	0
0	0
4	84
0	49
7	7
9	10
30	6
1	5
6	4
20	187
0	73
0	2
0	129
7	42
13	0
7	60
0	25
0	42
1	1
1	10
0	10
0	22
0	22
78	0
16	5
13	13
0	11
18	2
0	1
29	113
0	10
102	174
122	71
1	71
0	0
25	110
0	6
1	17
0	20
8	1
0	1
0	33
0	6
0	5
2	1
440	104
6	44
55	44
17	0
30	0
3	2
0	2
114	3
7	0
49	3
0	1
9	1
0	0
2	1
8	4
0	4
0	0
6	2
2	6
0	0
1	0
1	2
0	142
4	8
11	3
6	0
0	0
21	33
0	12
2	17
0	7
45	21
0	7
268	759
66	759
22	62
11	40
415	72
1	13
1	0
0	46
1	76
0	117
0	0
17	0
17	18
0	18
3	3
1	3
0	1
4	1
0	3
0	3
0	3
4	1
1	38
0	28
3	20
4	16
10	10
0	2
42	3
0	1
0	0
6	0
0	8
0	22
25	22
4	0
0	0
230	2
0	2
1	4
0	4
0	2
0	1
0	1
46	75
7	75
0	32
3	0
28	1
2	33
40	16
0	14
2	3
7	3
0	1
6	1
0	0
3	10
1	0
5	1
0	1
12	2
12	2
3	3
2	14
45	12
0	2
0	13
0	14
168	823
0	1
23	17
15	2
2	1
0	0
0	0
12	0
0	115
0	121
81	20
0	7
6	0
1	2
4	2
0	0
5	43
4	0
1	142
0	141
10	18
0	18
20	9
12	0
75	0
0	0
7	0
6	0
2	0
2	0
4	0
4	6
6	0
2	0
7	0
6	0
0	0
4	0
1	0
4	0
7	0
5	0
0	0
1	0
5	0
1	0
0	0
4	0
8	0
8	7
0	0
2	0
2	0
0	0
0	1
0	0
1	0
13	0
2	0
0	0
1	0
2	0
3	0
9	0
0	0
0	0
1	0
16	0
1	4
1	0
3	0
0	0
0	0
0	0
3	0
2	0
2	3
3	0
0	0
4	0
0	32
8	0
5	0
6	3
3	0
25	0
7	0
12	0
21	1
0	0
0	0
1	0
0	0
34	0
3	0
0	0
1	3
0	3
3	2
2	0
0	0
0	0
328	0
11	0
1	0
0	0
8	1
3	0
0	0
3	6
0	0
0	0
2	0
0	0
0	2
0	0
0	0
9	0
1	0
0	0
0	0
0	0
2	0
1	0
0	0
0	0
0	0
0	3
5	0
1	0
4	0
0	0
3	0
1	0
1	0
1	0
9	0
7	0
3	1
6	3
1	0
2	3
2	0
0	0
6	0
10	0
3	0
15	0
2	0
0	0
6	0
3	0
3	0
6	0
3	0
157	1
1	0
22	0
0	0
16	0
3	0
4	0
29	0
1	0
1	0
1	2
5	0
0	2
1	0
1	1
1	1
0	0
1	0
0	0
11	0
2	0
4	0
21	0
0	0
6	0
1	4
1	0
0	0
5	0
4	3
5	5
4	0
13	0
11	0
4	9
17	0
3	0
0	5
3	2
25	0
9	0
8	2
13	0
14	0
0	0
14	26
2	0
5	8
0	0
3	0
5	0
5	0
0	0
12	1
0	0
4	0
14	0
21	2
6	0
21	0
0	2
0	0
5	26
5	61
2	0
1	0
1	42
0	10
0	7
0	7
0	8
0	16
0	7
0	9
2	26
1	54
0	8
1	4
3	35
0	54
0	25
2	7
5	69
9	26
7	17
2	79
0	8
6	46
0	457
0	0
5	47
0	20
41	66
18	17
1	5
5	0
0	0
0	0
2	1
2	0
0	0
0	0
0	0
5	2
4	0
0	141
0	30
0	265
0	134
2	0
0	126
0	21
0	133
0	13
0	207
0	144
5	0
0	0
8	1
1	101
1	0
0	298
0	1
1	22
1	0
0	144
4	0
0	104
12	40
13	0
1	0
0	3
9	5
0	2
1	2
1	89
3	0
4	2
1	4
11	0
0	257
0	29
1	3
1	0
0	0
0	17
0	104
0	185
0	274
0	1
0	215
0	19
2	0
1	7
0	1
1	0
0	11
2	141
0	27
0	132
0	125
9	101
0	227
2	6
5	0
1	7
1	0
0	1
2	0
1	254
2	0
0	3
3	6
0	105
0	0
0	2
0	151
0	0
0	279
2	109
0	225
0	2
0	285
10	0
2	68
1	0
2	1
1	4
7	2
1	23
2	102
0	2
3	86
0	36
4	0
0	241
0	0
5	0
0	0
0	117
0	109
5	37
2	0
9	1
0	21
4	8
0	1
1	0
0	153
0	23
0	146
1	8
0	0
0	287
0	6
0	0
0	1
0	69
0	0
1	16
1	1
0	0
0	0
1	6
0	275
0	6
2	0
2	38
2	1
11	76
1	1
4	32
0	14
2	0
0	0
0	44
0	316
3	40
0	6
0	4
0	19
1	0
0	5
1	0
2	6
0	10
0	9
0	134
0	279
0	0
0	0
0	233
0	161
0	0
3	1
0	144
12	0
0	0
0	1
3	101
0	214
0	161
1	759
0	0
0	135
4	4
0	135
0	172
1	170
0	138
0	177
10	0
4	4
0	4
0	235
0	8
0	21
1	0
0	23
0	1
0	1
0	3
3	4
0	6
0	70
5	8
2	0
0	50
0	46
0	16
0	3
0	0
0	0
0	1
2	0
3	0
0	0
0	0
2	0
0	262
0	276
0	220
1	3
0	4
0	157
2	0
19	0
1	3
2	0
18	0
0	0
9	0
0	261
0	125
0	110
1	57
0	5
1	50
0	0
9	0
0	2
0	187
0	187
2	0
0	0
0	7
10	0
0	187
0	157
2	13
2	35
5	1
2	0
0	0
15	30
1	35
0	6
6	23
1	0
13	11
0	2
9	6
16	8
1	7
0	156
1	0
0	0
4	0
0	41
2	11
1	0
0	30
0	265
0	99
8	24
2	0
0	95
0	62
3	147
0	52
1	218
0	133
0	23
0	318
0	126
2	28
1	36
0	235
2	59
0	70
0	2
5	137
0	120
2	107
0	133
21	31
8	0
3	29
0	0
0	0
1	0
0	0
0	183
0	284
0	39
1	49
0	107
1	20
8	31
0	25
0	53
1	0
0	207
0	298
0	57
7	0
0	31
1	54
0	91
1	43
4	10
1	27
1	92
0	2
0	9
4	30
0	236
0	62
8	20
2	0
1	13
2	16
0	3
0	0
4	0
0	132
8	0
0	60
33	84
5	0
0	1
6	0
13	0
0	16
0	0
21	1
5	0
6	0
0	0
11	6
4	0
0	142
0	23
0	21
0	5
2	131
17	4
0	211
2	0
8	0
9	1
0	133
13	29
2	0
0	7
0	227
6	118
0	0
3	0
1	7
0	137
2	44
1	86
0	107
31	5
7	20
3	13
18	0
0	7
6	46
5	22
4	52
0	220
0	48
0	115
0	160
0	218
4	0
0	133
6	2
0	233
0	226
0	139
0	137
0	0
2	6
0	66
0	122
0	46
3	2
0	318
0	141
0	5
0	112
1	0
14	0
0	96
7	1
3	0
0	233
0	0
0	53
0	0
0	21
5	0
2	0
1	1
2	5
7	4
0	0
0	6
67	56788
0	105
1	141
0	76
11	6056
22	30125
3	19
0	261
10	0
1	89
0	66
0	305
3	141
11	0
0	5
0	2
0	2
0	2
0	121
1	1
2	0
19	30
1	24
0	5
0	33
0	129
0	8
0	141
0	299
0	0
0	10
0	15
3	113
1	19
1	27
1	29
5	23
0	23
3	22
1	0
0	51
7	81
16	2
13	28
0	190
1	244
2	22
0	157
4	0
0	5
1	3
0	94
1	4
0	66
0	3
0	118
8	8
0	137
2	0
0	5
0	1
0	198
26	38
0	150
34	9
0	200
4	0
1	5
10	4
6	9
11	0
10	60
4	0
3	1
5	68
2	0
6	44
2	9
3	30
22	44
2	55
12	79
9	0
2	8
1	42
0	103
1	23
0	58
0	32
29	103
0	0
0	137
0	252
2	3
1	8
0	2
3	17
0	73
0	6
4	0
0	27
0	133
0	210
0	151
0	96
0	0
0	73
0	119
1	0
0	148
3	2
1	231
7	15
1	137
0	65
1	2
0	84
1	1
0	124
0	66
0	22
0	0
0	0
0	0
0	150
0	32
0	0
0	29
0	127
0	299
0	242
0	6
3	0
0	89
0	169
0	232
0	127
5	6
2	17
2	86
0	45
48	7
0	217
0	244
12	14
20	1
0	112
0	490
3	21
14	10
15	1
0	3
0	1
0	2
4	16
0	154
0	215
3	0
0	41
0	0
0	17
4	2
0	35
12	35
1	29
23	47
27	29
67	16
0	34
0	62
18	67
0	0
3	2
1	7
0	35
1	40
0	27
0	0
0	229
0	103
6	0
0	8
18	0
6	0
0	150
0	0
4	0
0	9
0	262
0	0
0	5
6	10
1	10
0	18
0	7
0	0
2	0
0	4
0	0
0	266
1	2
4	11
11	0
0	4
2	128
0	4
1	1
0	1
3	13
0	1
0	1
4	20
0	3
0	1
0	3
0	1
0	1
0	1
0	0
9	0
0	238
0	143
6	0
2	0
2	1
0	4
0	1
2	0
2	72
5	54
3	9
3	144
2	0
0	23
3	0
7	51
1	95
0	0
0	242
22	0
12	0
15	16
0	97
0	1
0	269
0	11
0	10
0	1
0	21
0	95
0	9
0	5
0	25
0	156
4	1
1	1
24	0
2	11
0	7
5	0
1	131
3	2
6	78
2	1
13	0
3	0
1	81
0	18
1	13
0	26
3	20
2	61
0	135
2	116
0	16
0	262
0	228
0	184
0	97
0	10
28	6
0	20
1	7
1	0
1	13
0	26
0	17
0	297
0	7
3	0
8	0
2	0
4	0
1	121
3	2
0	0
0	2
0	27
0	142
3	0
1	0
0	128
0	257
0	186
0	1
0	0
0	0
0	0
1	0
0	127
0	0
0	0
0	182
11	0
5	0
18	32
9	7
16	18
11	9
18	36
0	12
1	96
3	2
31	8
0	2
1	0
0	2
0	0
0	0
0	0
6	0
0	1
1	0
0	0
0	1
0	137
0	1
0	0
0	0
0	0
0	0
0	0
0	90
0	150
0	15
0	7
2	8
0	19
0	11
0	50
0	281
2	3
0	58
0	12
2	0
0	16
6	5
0	0
3	0
4	2
0	2
0	45
12	0
0	10
0	37
0	0
9	14
15	6
1	0
6	10
0	148
0	84
0	83
0	75
0	1
1	10
6	2
4	1
0	47
4	4
1	5
1	3
1	0
0	5
2	0
0	2
0	139
0	116
0	118
3	71
0	91
1	4
8	2
4	15
0	89
0	73
1	200
9	68
0	50
1	208
0	157
0	130
0	58
0	128
3	257
0	0
0	17
1	76
0	17
0	280
0	228
1	7
0	16
1	18
0	3
0	11
3	11
1	2
4	3
8	0
3	1
8	6
2	1
9	11
1	1
1	12
1	0
0	0
0	99
0	0
7	0
4	0
2	0
4	189
10	202
0	152431
0	52660
0	49401
0	84
0	50
2	28
0	5
0	167853
3	0
1	0
0	140
2	0
0	0
0	127823
9	13
1	1
0	179
0	256
10	0
13	0
6	0
0	4
0	135
0	267
0	187
0	113
0	144308
5	0
2	0
0	96239
5	0
7	1
0	0
0	134
1	71
9	0
0	6
0	1
2	5
31	32
1	2
0	207
4	0
3	0
0	293
2	184
0	275
4	0
0	101
0	7
4	0
34	0
0	0
0	120
3	0
0	0
2	0
0	226
0	231
0	211
0	89
0	1
0	136
0	4
1	181
18	12
0	274
0	167
1	0
0	142
0	154
0	113
4	0
0	21
5	0
0	0
0	17
9	2
0	16
3	0
6	0
11	5
1	2
7	2
2	0
18	0
2	0
2	2
0	6
1	7
0	4
9	0
1	0
3	0
4	0
0	8
85	134
1	0
0	0
1	2
154	0
0	2
0	4
0	181
0	0
5	3
2	3
0	275
0	105
0	144
17	0
13	1
0	3
0	6
0	6
0	3
1	0
10	0
10	31
0	1
0	292
15	0
0	181
4	4
1	0
1	0
12	0
0	5
2	8
3	2
1	0
1	2
0	6
0	2
2	2
1	6
0	0
4	0
1	0
11	13
19	100
9	0
11	0
0	0
0	3
21	3
4	4
11	1
16	10
0	4
0	3
2	0
1	1
2	0
0	0
61	161
0	0
14	11
1	0
17	10
0	0
1	1
10	0
2	0
0	0
1	2
0	34
22	227
1	4
2	15
16	6
0	0
3	0
14	0
0	2
1	0
1	0
1	307
3	5
2	0
48	185
122	11
317	45
0	9
0	8
17	0
1	1
0	25
0	18
5	0
5	0
3	0
2	0
1	0
11	9
4	0
0	0
2	0
7	1
0	6
27	41
0	0
0	13
16	33
0	21
1	6
0	1
19	0
3	4
0	0
6	8
0	15
1	0
12	3
0	0
0	0
47	79
36	14
2	3
0	10
4	0
0	93
0	2
0	8
0	18
8	0
0	0
0	6
0	0
8	0
0	0
3	1
7	0
0	11
1	1
1	0
2	0
0	0
3	0
2	0
0	0
2	0
1	0
0	0
0	7
0	8
5	9
0	6
0	28
7	4
0	16
5	34
0	0
0	0
6	0
4	0
6	4
0	18
0	2
15	0
1	10
0	1
9	0
0	27
2	3
0	0
1	0
0	0
4	0
0	1
0	14
0	0
0	3
7	1
3	26
0	20
0	0
0	9
4	31
1	1
1	12
8	5
0	3
3	0
9	5
2	29
4	1
3	0
2	25
1	25
0	0
9	0
7	13
3	16
0	0
2	7
0	25
1	30
5	0
2	20
3	0
0	23
2	0
17	2
0	5
0	3
0	12
0	13
0	0
4	2
0	12
0	11
8	4
0	12
0	11
0	7
0	2
0	0
3	8
1	4
10	2
0	12
0	0
3	9
0	0
2	0
0	0
8	0
7	9
1	3
0	0
17	0
0	0
1	0
1	0
7	14
0	0
0	24
3	0
8	0
0	0
9	0
1	0
0	5
0	116
4	0
2	0
0	1
2	0
0	4
0	276
0	0
0	99
14	0
0	208
0	194
1	1
0	0
4	16
0	19
8	0
7	0
3	1
6	2
0	0
0	0
0	140
0	0
0	0
2	2
2	14
0	0
0	0
0	80
0	4
0	9
8	39
1	3
0	1
6	5
3	0
4	28
1	9
3	0
2	0
20	0
7	0
3	0
1	0
11	0
24	0
10	0
0	16
0	110
3	0
0	0
0	0
0	0
8	0
2	3
4	0
4	1
0	0
0	216
0	0
0	0
0	0
4	0
16	0
5	0
0	111
0	185
0	0
0	312
1	0
0	251
2	1
1	0
0	155
7	69
3	3
0	1
0	132
15	0
0	4
0	0
2	0
100	0
1	0
2	9
3	3
1	0
6	4
0	10
5	0
0	1
0	4
0	3
1	0
0	2
4	11
20	0
7	0
1	5
1	0
3	0
0	36
6	9
0	0
3	0
1	0
1	29
2	5
5	0
11	0
14	0
0	3
4	1
0	29
9	0
0	0
7	0
108	0
4	0
2	5
3	5
29	0
139	129
2	10
1	0
0	4
0	3
4	21
0	0
0	0
2	1
3	1
0	0
0	3
2	3
1	9
7	0
0	4
9	10
17	0
41	36
15	1
0	0
4	0
0	0
2	0
24	2
0	3
7	0
5	0
3	0
0	3
0	1
4	0
3	1
0	1
0	0
0	6
0	2
4	0
2	7
0	0
9	7
0	0
0	1
0	3
0	7
6	1
0	0
6	0
0	1
0	0
0	0
45	262
0	20
12	0
11	0
1	0
0	0
0	0
3	0
7	1
0	0
0	0
2	16
5	6
0	0
2	0
25	0
8	0
7	0
3	0
2	0
4	0
0	0
2	5
5	0
4	1
18	0
6	2
5	0
8	1
0	0
0	4
2	4
3	2
3	14
5	9
0	0
0	0
9	0
1	28
1	23
12	0
0	1
1	0
0	6
0	0
0	0
4	0
11	0
0	0
0	0
3	0
4	0
1	0
0	0
0	0
4	2
1	0
15	6
5	0
0	0
0	0
4	2
8	4
10	4
18	0
4	1
0	4
0	0
1	0
0	0
1	0
1	0
7	1
4	0
4	0
10	14
4	0
1	3
7	0
0	0
0	0
6	0
11	4
5	2
0	0
0	0
0	0
0	0
129	0
0	11
0	0
0	89
4	0
0	73
0	7
11	0
3	0
20	1
7	0
5	0
1	0
0	0
0	0
2	0
4	0
0	0
2	0
3	0
0	3
2	39
0	0
8	69
1	21
3	0
3	0
6	0
5	0
0	0
4	1
2	0
1	0
0	0
1	2
0	0
0	0
7	0
0	0
19	4
3	0
10	24
2	0
7	0
13	0
7	1
0	0
13	0
0	0
4	1
3	0
2	0
0	0
2	0
0	0
6	1
7	8
1	0
0	0
3	3
2	0
2	0
1	0
10	0
7	0
3	0
1	3
5	0
7	5
5	2
10	3
1	1
5	0
1	5
1	5
0	0
1	1
0	0
2	8
28	20
7	2
12	0
20	1
0	3
7	0
10	0
4	0
0	1
0	2
0	1
10	0
1	56
3	4
0	80
3	0
3	0
11	8
0	0
0	0
0	2
0	1
0	0
1	0
0	0
5	3
6	0
5	0
3	0
4	0
3	16
0	3
0	0
8	0
0	0
2	0
5	0
1	0
0	37
0	0
4	0
21	586
36	601
2	0
72	0
3	0
0	0
716	154
18	7
0	1
0	0
0	0
8	0
0	0
3	0
7	7
4	88
0	28
9	0
196	0
1	0
0	36
0	0
22	88
7	3
0	2
1	0
0	100
3	0
0	119
11	1
16	2
0	16
4	47
2	47
0	47
1	0
0	142
5	0
4	0
5	2
1	0
0	13
0	0
0	15
0	5
1	0
0	0
0	0
0	0
0	0
0	0
0	0
0	0
0	0
9	0
1	0
1	0
1	0
3	2
5	15
1	0
5	0
0	198
10	69
0	10
25	31
0	0
0	0
0	0
2	0
0	0
10	8
0	36
0	0
2	0
0	0
12	0
1	65
1	0
0	23
0	16
3	1
0	23
0	0
2	0
0	96
0	1
0	0
0	0
0	0
0	0
0	0
3	0
0	0
0	0
1	0
1	56
0	93
0	27
8	69
0	0
21	0
18	99
7	0
0	94
0	0
29	0
0	116
0	128
0	200
3	90
0	192
11	0
50	292
23	1
0	0
2	0
0	94
6	0
0	21
0	1
3	0
0	1
8	0
5	0
1	0
21	0
11	0
13	16
2	0
24	0
21	0
2	9
2	0
29	5
0	0
3	1
5	0
15	6
6	0
2	0
0	123
3	0
0	0
0	0
0	0
1	0
0	0
0	36
0	241
1	0
0	298
17	6
1	16
2	1
2	0
1	1
10	1
5	0
0	0
0	0
5	0
3	0
3	0
15	23
0	124
0	120
0	0
0	1
2	0
0	109
1	0
3	0
0	0
0	0
1	27
2	0
0	7
0	18
0	134
0	0
0	0
0	245
0	135
0	228
4	0
0	72
9	10
0	155
18	38
0	0
5	0
10	0
5	2
0	104
0	77
48	53
0	157
8	0
2	0
6	0
0	0
8	0
0	258
0	3
19	1
1	21
1	18
0	7
0	0
8	0
0	1
0	2
4	0
0	6
2	7
5	33
1	1
2	0
0	1
6	0
0	51
86	194
0	5
0	2
0	6
4	8
3	11
6	19
0	12
5	0
1	0
2	0
0	16
1	5
10	0
1	204
12	0
6	89
0	97
0	34
0	4
1	2
5	0
19	1
10	1
18	17
1	65
0	174
0	279
0	234
0	0
2	0
0	145
0	5
0	64
6	79
0	8
1	26
0	0
0	106
8	0
9	21
0	0
5	4
0	42
0	6
12	39
1	0
0	9
0	0
0	0
0	2
1	0
0	4
0	0
3	30
1	147
12	0
1	5
9	2
0	0
0	2
0	5
10	2
0	0
2	0
17	6
1	16
5	28
0	2
6	3
0	240
0	23
0	2
0	227
2	0
1	102
0	3
0	2
1	3
0	150
0	11
4	0
0	8
0	0
8	0
0	63
2	0
0	2
2	0
4	0
0	1
0	107
0	1
0	81
0	75
0	35
0	7
0	12
1	67
0	27
1	0
0	15
12	0
3	0
4	110
784	2237
83	0
8	4
0	219
0	0
0	170
2	0
1	2
1	0
0	19
1	161
0	0
930	1891
0	107
0	0
0	0
0	81
2	0
0	0
0	3
0	0
0	7
0	0
0	0
12	0
0	19
26	0
55	8
0	0
0	0
0	0
0	0
0	0
0	0
1	2
4	143
3	0
11	0
1	13
0	0
4	0
0	2
0	7
0	0
0	0
0	87
0	21
0	139
0	90
0	1
0	0
13	0
0	19
18	4
0	129
1	8
0	0
2	33
11	0
0	227
0	4
0	0
0	2
0	238
0	0
48	0
1	153
1	0
2	2
0	0
8	0
3	1
1	66
0	27
3	0
0	0
36	7
1	4
0	25
1	0
9	0
0	8
2	0
1	0
1	0
0	5
1	2
1	0
0	4
7	0
1	125
1	0
1	128
0	0
3	0
0	313
0	0
0	0
1	2
5	52
0	99
4	4
2	91
0	1
0	9
0	0
11	0
1	2
0	121
18	5
1	0
4	114
0	121
0	0
19	0
26	0
32	20
2	9
0	0
0	44
0	0
6	0
6	62
0	9
0	3
0	2
26	0
0	7
0	139
2	0
0	5
25	4
0	0
23	3
3	0
2	1
2	0
1	21
0	0
0	0
0	0
250	0
2	0
3	4
0	0
3	0
5	140
4	2
0	128
2	153
0	146
4	8
8	7
3	10
7	0
0	129
0	208
36	0
7	191
0	1
0	2
0	3
4	0
0	0
2	0
0	125
1	5
4	53
0	260
0	114
0	211
1	152
0	15
9	0
1	63
3	11
0	132
7	94
0	109
3	53
0	9
3	66
0	58
6	61
176	4399
1	1
955	259
0	11
0	1
0	1
4	1
1	0
0	0
0	189
1	6
7	32
11	0
0	0
1	0
4	109
2	2
5	6
1	0
0	298
0	125
1	0
0	0
1	0
1	1
0	32
1	94
3	10
0	6
1	1
0	1
0	145
0	0
0	2
2	148
0	27
0	73
0	6
0	27
1	69
1	61
0	127
0	65
0	66
0	4
0	20
8	0
0	11
0	224
6	4
1	105
1	0
0	137
0	118
0	0
0	3
7	0
0	0
1	0
0	0
82	0
4	0
0	6
0	0
0	22
0	0
5	0
0	100
0	2
0	1
0	0
0	2
8	0
0	0
1	0
0	16
1	38
3	18
45	5
4	0
6	8
4	4
3	0
1	0
3	0
2	0
14	0
2	0
0	80
0	6
5	0
6	1
0	3
0	125
17	0
0	2
2	0
1	0
3	1
0	116
11	1
1	0
0	0
0	213
0	20
0	299
0	7
3	141
0	25
0	0
1	0
2	1
15	0
11	0
0	101
0	22
